Producto;Ingrediente;Categoria
ACEITE AJONJOLI LEE KUM KEE 207 ML;ACEITE DE AJONJOLI;ABARROTES
ACEITE AJONJOLI OLIVOS DEL SUR 200 ML;ACEITE DE AJONJOLI;ABARROTES
ACEITE AJONJOLI OLIVOS DEL SUR 200 ML PET;ACEITE DE AJONJOLI;ABARROTES
ACEITE AJONJOLI OLIVOS DEL SUR 220 ML PET;ACEITE DE AJONJOLI;ABARROTES
ACEITE DE AJONJOLI;ACEITE DE AJONJOLI;ABARROTES
ACEITE DE OLIVA;ACEITE DE OLIVA;ABARROTES
ACEITE DE OLIVA LOMAS DE OLIVAR 1 LT;ACEITE DE OLIVA;ABARROTES
ACEITE DE OLIVA VIRGEN KUSASA 1 LT;ACEITE DE OLIVA;ABARROTES
ACEITE DE OLIVA VIRGEN KUSASA 4 LT;ACEITE DE OLIVA;ABARROTES
ACEITE DE OLIVA VIRGEN OLIVEZA 1 LT;ACEITE DE OLIVA;ABARROTES
ACEITE DE OLIVA VIRGEN OLIVEZA 4 LT;ACEITE DE OLIVA;ABARROTES
ACEITE VEGETAL;ACEITE VEGETAL;ABARROTES
ACEITE VEGETAL CIELO 18 LT;ACEITE VEGETAL;ABARROTES
ACEITE VEGETAL CIELO 5 LT;ACEITE VEGETAL;ABARROTES
ACEITE VEGETAL CIL 5 LT;ACEITE VEGETAL;ABARROTES
ACEITE VEGETAL COCINERO 5 LT;ACEITE VEGETAL;ABARROTES
ACEITE VEGETAL DELEITTE 5 LT;ACEITE VEGETAL;ABARROTES
ACEITE VEGETAL PRIMOR 5 LT;ACEITE VEGETAL;ABARROTES
ACEITUNA NEGRA EN RODAJA;ACEITUNA NEGRA EN RODAJA;REFRIGERADOS
ACEITUNA NEGRA RODAJA;ACEITUNA NEGRA EN RODAJA;REFRIGERADOS
ACEITUNA NEGRA SIN PEPA;ACEITUNA NEGRA EN RODAJA;REFRIGERADOS
ACEITUNA VERDE;ACEITUNA VERDE;REFRIGERADOS
ACEITUNA VERDE EN RODAJA;ACEITUNA VERDE EN RODAJA;REFRIGERADOS
ACEITUNA VERDE RODAJA;ACEITUNA VERDE EN RODAJA;REFRIGERADOS
ACEITUNA VERDE SIN PEPA;ACEITUNA VERDE;REFRIGERADOS
ACELGA;ACELGA;FFVV
ACELGA REFRIGERADO;ACELGA;FFVV
ACHOCOLATADO MILO NESTLE 380 GR;FORTIFICANTE MILO KG.;ABARROTES
ACHOCOLATADO MILO NESTLE 400 GR;FORTIFICANTE MILO KG.;ABARROTES
ACHOCOLATADO NESQUICK NESTLE 380 GR;FORTIFICANTE NESQUICK KG.;ABARROTES
ACHOCOLATADO NESQUICK NESTLE 400 GR;FORTIFICANTE NESQUICK KG.;ABARROTES
ACIDO MLD ECO SPARTAN 1 LITRO;ACIDO MLD ECO SPARTAN - DESINCRUSTANTE;LIMPIEZA
ACIDO MLD ECO SPARTAN 19 LITROS;ACIDO MLD ECO SPARTAN - DESINCRUSTANTE;LIMPIEZA
ACIDO MLD ECO SPARTAN 3.875 LITROS;ACIDO MLD ECO SPARTAN - DESINCRUSTANTE;LIMPIEZA
ACIDO MLD ECO SPARTAN 5 LITROS;ACIDO MLD ECO SPARTAN - DESINCRUSTANTE;LIMPIEZA
AGUA CIELO SIN GAS 625 ML (E);AGUA SAN LUIS SIN GAS 750 ML;BEBIDAS
AGUA SAN LUIS BIDON 20 LT;AGUA SAN LUIS SIN GAS 20 LT;BEBIDAS
AGUA SAN LUIS CON GAS 625 ML;AGUA SAN LUIS SIN GAS 750 ML;BEBIDAS
AGUA SAN LUIS DESCARTABLE BIB 20 LT;AGUA SAN LUIS SIN GAS 20 LT;BEBIDAS
AGUA SAN LUIS SIN GAS 2.5 LT;AGUA SAN LUIS SIN GAS 2.5 LT;BEBIDAS
AGUA SAN LUIS SIN GAS 625 ML;AGUA SAN LUIS SIN GAS 750 ML;BEBIDAS
AGUA SAN LUIS SIN GAS 750 ML;AGUA SAN LUIS SIN GAS 750 ML;BEBIDAS
AGUA SAN MATEO SIN GAS 600 ML;AGUA SAN LUIS SIN GAS 750 ML;BEBIDAS
AGUA SOCOSANI CON GAS 500 ML;AGUA SAN LUIS SIN GAS 750 ML;BEBIDAS
AGUA VIDA DESCARTABLE BIB 20 LT;AGUA VIDA DESCARTABLE BIB 20 LT;BEBIDAS
AGUA VIDA SIN GAS 625 ML;AGUA SAN LUIS SIN GAS 750 ML;BEBIDAS
AIRLIFT SPARTAN 1 LITRO;AIRLIFT SPARTAN - DESODORANTE AMBIENTADOR;LIMPIEZA
AIRLIFT SPARTAN 19 LITROS;AIRLIFT SPARTAN - DESODORANTE AMBIENTADOR;LIMPIEZA
AIRLIFT SPARTAN 3.875 LITROS;AIRLIFT SPARTAN - DESODORANTE AMBIENTADOR;LIMPIEZA
AIRLIFT SPARTAN 5 LITROS;AIRLIFT SPARTAN - DESODORANTE AMBIENTADOR;LIMPIEZA
AJI AMARILLO REFRIGERADO;AJI AMARILLO;FFVV
AJI AMARILLO X KG;AJI AMARILLO;FFVV
AJI AMARILLO X KG (L);AJI AMARILLO;FFVV
AJI CHARAPITA;AJI CHARAPITA;FFVV
AJI CRIOLLO (PICADILLO) EMIC 1 KG;AJI CRIOLLO (PICADILLO);REFRIGERADOS
AJI DE LA ABUELA EMIC 1 KG;AJI DE LA ABUELA;REFRIGERADOS
AJI DE POLLERIA (CRIOLLO) EMIC;AJI DE POLLERIA;REFRIGERADOS
AJI DE POLLERIA (CRIOLLO) EMIC 1 KG;AJI DE POLLERIA;REFRIGERADOS
AJI LIMEÑO EMIC 1 KG;AJI LIMEÑO;REFRIGERADOS
AJI LIMO;AJI LIMO;FFVV
AJI LIMO (L);AJI LIMO;FFVV
AJI LIMO REFRIGERADO;AJI LIMO;FFVV
AJI MIRASOL 4 ESTACIONES 1KG;AJI MIRASOL SECO;ABARROTES
AJI PANCA SECO 4 ESTACIONES 1 KG;AJI PANCA SECO;ABARROTES
AJINOMOTO;AJINOMOTO;ABARROTES
AJINOMOTO 1 KG;AJINOMOTO;ABARROTES
AJO ENTERO;AJO CABEZA;FFVV
AJONJOLI;AJONJOLI;ABARROTES
AJONJOLI 4 ESTACIONES 1 KG;AJONJOLI;ABARROTES
AJONJOLI BELEN 1 KG;AJONJOLI;ABARROTES
AJONJOLI TOÑA 1 KG;AJONJOLI;ABARROTES
ALAS DE POLLO CONGELADO;ALAS CONGELADO;CONGELADOS
ALBAHACA;ALBAHACA;FFVV
ALBAHACA (L);ALBAHACA;FFVV
ALBAHACA MOLIDA X KG;ALBAHACA MOLIDA ENVASADA;REFRIGERADOS
ALBAHACA REFRIGERADO;ALBAHACA;FFVV
ALBONDIGA DE POLLO CONGELADO 40 GR - KGM;ALBONDIGA DE POLLO CONGELADO 40 GR - KGM;CONGELADOS
ALBONDIGA DE RES CONGELADO 40 GR - KGM;ALBONDIGA DE RES CONGELADO 40 GR - KGM;CONGELADOS
ALBONDIGA DE RES Y CERDO CONGELADO;ALBONDIGA DE RES CONGELADO 40 GR - KGM;CONGELADOS
ALCA DETER X 4L [B2-4L];ALCA DETER X 4 L (B2-4 L);LIMPIEZA
ALCOHOL EN GEL BLEND X 400 ML;ALCOHOL EN GEL BLEND X 400 ML;LIMPIEZA
ALCOHOL EN GEL NEX X 380 ML;ALCOHOL EN GEL NEX X 380 ML;LIMPIEZA
ALCOHOL GEL 70° SPARTAN 4 LITROS FARMACEUTICO NEUTRO;ALCOHOL GEL SPARTAN COSMETICO NEUTRO - PARA MANOS;LIMPIEZA
ALCOHOL GEL 70° SPARTAN 6X4 LITROS FARMACEUTICO NEUTRO;ALCOHOL GEL SPARTAN COSMETICO NEUTRO - PARA MANOS;LIMPIEZA
ALCOHOL GEL IDOGEL X 1000ML;ALCOHOL GEL IDOGEL X 1000 ML;LIMPIEZA
ALCOHOL GEL SPARTAN 4 LITROS COSMETICO NEUTRO;ALCOHOL GEL SPARTAN COSMETICO NEUTRO - PARA MANOS;LIMPIEZA
ALCOHOL GEL SPARTAN 6X4 LITROS COSMETICO NEUTRO;ALCOHOL GEL SPARTAN COSMETICO NEUTRO - PARA MANOS;LIMPIEZA
ALCOHOL GEL SPARTAN COSMETICO NEUTRO - PARA MANOS;ALCOHOL GEL SPARTAN COSMETICO NEUTRO - PARA MANOS;LIMPIEZA
ALCOHOL GEL X 1000 ML TAPA PUMP NEX;ALCOHOL GEL SPARTAN COSMETICO NEUTRO - PARA MANOS;LIMPIEZA
ALCOHOL GEL X 1100 ML TAPA PUMP-NEX;ALCOHOL GEL SPARTAN COSMETICO NEUTRO - PARA MANOS;LIMPIEZA
ALCOHOL ISOPROPILICO AL 53 %  DARYZA 1 LT;ALCOCHOL ISOPROPILICO DARYZA 1 LT;LIMPIEZA
ALMENDRAS 4 ESTACIONES 1 KG;ALMENDRAS;ABARROTES
ALPACA CONGELADO;ALPACA CONGELADO;CONGELADOS
ALPACA ENTERA TROZADA CONGELADA;ALPACA CONGELADO;CONGELADOS
ALPACA ENTERA TROZADA CONGELADA (LA GRANJA);ALPACA ENTERA TROZADA CONGELADA;CONGELADOS
ANCHOVETA ACEITE OLIVA A-1 125 GR;ANCHOVETA ACEITE DE OLIVA LATA;ABARROTES
ANCHOVETA ACEITE OLIVA AYLLU 125 GR;ANCHOVETA ACEITE VEGETAL LATA;ABARROTES
ANCHOVETA ACEITE VEGETAL AYLLU 120 GR;ANCHOVETA ACEITE VEGETAL LATA;ABARROTES
ANCHOVETA FILETE EN ACEITE VEGETAL AYLLU 170 GR;ANCHOVETA ACEITE VEGETAL LATA;ABARROTES
ANCHOVETA SALSA DE TOMATE AYLLU 120 GR;ANCHOVETA SALSA DE TOMATE LATA;ABARROTES
ANCHOVETA SALSA DE TOMATE ESCABECHADA AYLLU 120 GR;ANCHOVETA SALSA DE TOMATE ESCABECHADA;ABARROTES
ANIS SECO;ANIS SECO;ABARROTES
ANIS SECO 4 ESTACIONES 1 KG;ANIS SECO;ABARROTES
ANIS SOBRECITO;ANIS SOBRECITO;ABARROTES
ANTIMOHO LEVAPAN 1 KG;ANTIMOHO LEVAPAN 1 KG;ABARROTES
APIO;APIO;FFVV
APIO (L);APIO;FFVV
APIO REFRIGERADO;APIO;FFVV
ARMAZON TRAPEADOR M255 91 CM RUBBERMAID;ARMAZON DE METAL P/ATRAPA POLVO 91.4 X 12.7 CM FGM;LIMPIEZA
ARROZ BLANCO COCIDO 3 KG RAM;ARROZ BLANCO RAM;ABARROTES
ARROZ CAMPERO EXTRA SACO 50 KG;ARROZ EXTRA 50 KG;ABARROTES
ARROZ CORRIENTE PARA SOPA;ARROZ GRANO QUEBRADO PARA SOPA;ABARROTES
ARROZ CORRIENTE PARA SOPA  GALLITO DE ORO SACO 50 KG (L);ARROZ GRANO QUEBRADO PARA SOPA;ABARROTES
ARROZ CORRIENTE PARA SOPA SACO 50 KG;ARROZ GRANO QUEBRADO PARA SOPA;ABARROTES
ARROZ COSTEÑO EXTRA HOJA REDONDA AÑEJO 50 KG;ARROZ EXTRA 50 KG;ABARROTES
ARROZ COSTEÑO EXTRA NIR SACO 50 KG;ARROZ EXTRA 50 KG;ABARROTES
ARROZ EXTRA 50 KG;ARROZ EXTRA 50 KG;ABARROTES
ARROZ EXTRA D'AMANTE;ARROZ EXTRA;ABARROTES
ARROZ EXTRA D'AMANTE SACO 50 KG;ARROZ EXTRA 50 KG;ABARROTES
ARROZ EXTRA ESTRELLITA DEL NORTE 50 KG;ARROZ EXTRA 50 KG;ABARROTES
ARROZ EXTRA MOLINO ROJO;ARROZ EXTRA;ABARROTES
ARROZ EXTRA NIR DEL NORTE;ARROZ EXTRA;ABARROTES
ARROZ EXTRA PARBOILED;ARROZ EXTRA;ABARROTES
ARROZ EXTRA PARBOILED SACO 50 KG;ARROZ EXTRA 50 KG;ABARROTES
ARROZ EXTRA PUITA D'MANTE;ARROZ EXTRA;ABARROTES
ARROZ EXTRA VERDI;ARROZ EXTRA;ABARROTES
ARROZ GRANO QUEBRADO PARA SOPA;ARROZ GRANO QUEBRADO PARA SOPA;ABARROTES
ARROZ PAISANA 5 KG;ARROZ EXTRA 5 KG;ABARROTES
ARROZ PAL COMBO TURQUEZA (EXTRA) SACO 49 KG;ARROZ EXTRA 50 KG;ABARROTES
ARVEJA FRESCA EN VAINA;ARVEJA PELADA CONGELADO;FFVV
ARVEJA GRANO PELADA CONGELADO;ARVEJA PELADA CONGELADO;CONGELADOS
ARVEJA PELADA;ARVEJA PELADA CONGELADO;FFVV
ARVEJA PELADA CONGELADO;ARVEJA PELADA CONGELADO;CONGELADOS
ARVEJA VERDE 1 KG;ARVEJA PELADA CONGELADO;FFVV
ARVEJA VERDE PARTIDA;ARVEJA VERDE PARTIDA;ABARROTES
ARVEJA VERDE PARTIDA BELEN 5 KG;ARVEJA VERDE PARTIDA;ABARROTES
ARVEJA VERDE PARTIDA CANTA CLARO 5 KG;ARVEJA VERDE PARTIDA;ABARROTES
ARVEJA VERDE PARTIDA CANTA CLARO BOLSA 500 GR;ARVEJA VERDE PARTIDA;ABARROTES
ARVEJA VERDE PARTIDA COSTEÑO 500 GR;ARVEJA VERDE PARTIDA;ABARROTES
ARVEJA VERDE PARTIDA KOMILON 5 KG;ARVEJA VERDE PARTIDA;ABARROTES
ARVEJA VERDE PARTIDA KOMILON 500 GR;ARVEJA VERDE PARTIDA;ABARROTES
ARVEJA VERDE PARTIDA LA SERRANITA 5 KG;ARVEJA VERDE PARTIDA;ABARROTES
ARVEJA VERDE PARTIDA LA SIEMBRA 5 KG;ARVEJA VERDE PARTIDA;ABARROTES
"ATRAPA POLVO REPUESTO ALGODON/AZUL DM-25536BDA 36"" (91 CM) ABCO";"ATRAPAPOLVO REPUESTO ALGODON/AZUL DM-2553BDA 36""";LIMPIEZA
ATUN EN ACEITE LATA;ATUN EN ACEITE LATA;ABARROTES
ATUN FILETE COMPASS 170 GR;ATUN EN ACEITE LATA;ABARROTES
ATUN FILETE FLORIDA 170 GR;ATUN EN ACEITE LATA;ABARROTES
ATUN SOLIDO FANNY 170 GR;ATUN EN ACEITE LATA;ABARROTES
ATUN SOLIDO FLORIDA 140 GR;ATUN EN ACEITE LATA;ABARROTES
ATUN SOLIDO GLORIA 170 GRM;ATUN EN ACEITE LATA;ABARROTES
ATUN TROZOS COMPASS 140 GR;ATUN EN ACEITE LATA;ABARROTES
ATUN TROZOS COMPASS 170 GR;ATUN EN ACEITE LATA;ABARROTES
ATUN TROZOS FLORIDA 140 GR;ATUN EN ACEITE LATA;ABARROTES
ATUN TROZOS GLORIA 140 GR;ATUN EN ACEITE LATA;ABARROTES
ATUN TROZOS GLORIA 170 GR;ATUN EN ACEITE LATA;ABARROTES
ATUN TROZOS MARINERO 170 GR;ATUN EN ACEITE LATA;ABARROTES
AVENA;AVENA;ABARROTES
AVENA 3 OSITOS 10 KG;AVENA;ABARROTES
AVENA 3 OSITOS 100 GR;AVENA;ABARROTES
AVENA 3 OSITOS 110 GR;AVENA;ABARROTES
AVENA 3 OSITOS 120 GR;AVENA;ABARROTES
AVENA 3 OSITOS 135 GR;AVENA;ABARROTES
AVENA 3 OSITOS 150 GR;AVENA;ABARROTES
AVENA CEREALES ANDINOS 3 OSITOS 170 GR;AVENA;ABARROTES
AVENA SANTA CATALINA SACO 10 KG;AVENA;ABARROTES
AVENA SANTA CATALINA SACO 5 KG;AVENA;ABARROTES
AZUCAR  X 50 KG;AZUCAR RUBIA;ABARROTES
AZUCAR BLANCA;AZUCAR RUBIA;ABARROTES
AZUCAR BLANCA COSTEÑO 1 KG;AZUCAR RUBIA;ABARROTES
AZUCAR BLANCA PERSONAL SODEXO PAQ (5 GR)1 MILLAR;AZUCAR SACHET SODEXO;ABARROTES
AZUCAR BLANCA PERSONAL TRES ESPADAS 500 UNIDS;AZUCAR SACHET SODEXO;ABARROTES
AZUCAR BLANCA SACO 50 KG;AZUCAR RUBIA;ABARROTES
AZUCAR BLANCA SODEXO SACHET;AZUCAR SACHET SODEXO;ABARROTES
AZUCAR IMPALPABLE;AZUCAR IMPALPABLE;ABARROTES
AZUCAR IMPALPABLE FLEISHMANN 200 GR;AZUCAR IMPALPABLE;ABARROTES
AZUCAR IMPALPABLE HONORA (LEVAPAN) 5 KG;AZUCAR IMPALPABLE;ABARROTES
AZUCAR IMPALPABLE LA NEGRITA 5 KG;AZUCAR IMPALPABLE;ABARROTES
AZUCAR IMPALPABLE NEGRITA 1 KG;AZUCAR IMPALPABLE;ABARROTES
AZUCAR IMPALPABLE NEGUSA 1 KG;AZUCAR IMPALPABLE;ABARROTES
AZUCAR IMPALPABLE NEGUSA 1 KG - UNIDAD;AZUCAR IMPALPABLE;ABARROTES
AZUCAR RUBIA;AZUCAR RUBIA;ABARROTES
AZUCAR RUBIA CARTAVIO  5 KG;AZUCAR RUBIA;ABARROTES
AZUCAR RUBIA CARTAVIO 5 KG;AZUCAR RUBIA;CONGELADOS
AZUCAR RUBIA PERSONAL ONZA PAQ 1 MILLAR;AZUCAR SACHET SODEXO;ABARROTES
AZUCAR RUBIA PERSONAL SODEXO PAQ (5 GR) 1 MILLAR;AZUCAR SACHET SODEXO;ABARROTES
AZUCAR RUBIA PERSONAL TRES ESPADAS 5 GRM (BOLSA 2.5 MILLAR);AZUCAR SACHET SODEXO;ABARROTES
AZUCAR RUBIA PERSONAL TRES ESPADAS 500 UNIDS;AZUCAR SACHET SODEXO;ABARROTES
AZUCAR RUBIA POMALCA 1 KG;AZUCAR RUBIA;ABARROTES
AZUCAR RUBIA SACO 50 KG;AZUCAR RUBIA;ABARROTES
AZUCAR RUBIA SODEXO SACHET;AZUCAR SACHET SODEXO;ABARROTES
BANDEJA ALUMINIO RECTANGULAR LARGA 7200ML X 100 UND;BANDEJA ALUMINIO RECTANGULAR LARGA 7200 ML;DESCARTABLES
BARRA DE QUINUA 25 G;BARRA DE QUINUA 25 G;ABARROTES
BARRA DE QUINUA GRANOLIN 25 GR;BARRA DE QUINUA 25 G;ABARROTES
BARRA DE QUINUA PRODUCTOS ANDINOS 40 GR;BARRA DE QUINUA 40 GR;ABARROTES
BARRA ENERGETICA 7 DRAGONES AGUAYMANTO MAIZ MORADO 25 GR;BARRA ENERGETICA 7 DRAGONES AGUAYMANTO MAIZ  25 GR;ABARROTES
BARRA ENERGETICA 7 DRAGONES CASTAÑA MOCA 25 GR;BARRA ENERGETICA 7 DRAGONES CASTAÑA MOCA 25 GR;ABARROTES
BARRA ENERGETICA 7 DRAGONES CHIA COCO 25 GR;BARRA ENERGETICA 7 DRAGONES CHIA COCO 25 GR;ABARROTES
BARRA ENERGETICA 7 DRAGONES COCO PIÑA 25 GR;BARRA ENERGETICA 7 DRAGONES COCO PIÑA 25 GR;ABARROTES
BARRA ENERGETICA 7 DRAGONES NIBS CACAO CAÑIHUA 25 GR;BARRA ENERGETICA NIBS CACAO CAÑIHUA 25 GR;ABARROTES
BASTON DE FIJACION P/TRAPEADOR DE FIBRA VIDRIO - ALUMINIO FGM146000000 RUBBERMAID;BASTON DE FIJACION P/TRAPEADOR DE FIBRA VIDRIO-ALU;ABARROTES
BEBIDA ACTI AVENA GLORIA 200 MLT;BEBIDA ACTI AVENA GLORIA 200 ML;BEBIDAS
BEBIDA ACTI AVENA GLORIA 250 MLT;BEBIDA ACTI AVENA 240 ML;BEBIDAS
BEBIDA BIO ALOE PET 520 ML;BEBIDA BIO ALOE 520 ML;BEBIDAS
BEBIDA FREE TEA FRUTOS ROJOS 500 ML (PET);BEBIDA FREE TEA FRUTOS ROJOS 500 ML (PET);BEBIDAS
BEBIDA FREE TEA LIGHT 450 ML;BEBIDA FREE TEA 450 ML;BEBIDAS
BEBIDA FREE TEA LIMON 500 ML (PET);BEBIDA FREE TEA LIMON 500 ML (PET);BEBIDAS
BEBIDA FREE TEA NEGRO LIMON 500 ML (PET);BEBIDA FREE TEA 500 ML;BEBIDAS
BEBIDA REHIDRATANTE APPLE ICE GATORADE 500 ML;GATORADE APPLE ICE 500 ML;BEBIDAS
BEBIDA REHIDRATANTE APPLE ICE GATORADE 750 ML;GATORADE APPLE ICE 750 ML;BEBIDAS
BEBIDA REHIDRATANTE FRUTAS POWERADE PET 600 ML;POWERADE REHIDRATANTE FRUTAS POWERADE PET 600 ML;BEBIDAS
BEBIDA REHIDRATANTE FRUTILLA POWERADE 473 ML;BEBIDA REHIDRATANTE FRUTILLA POWERADE 473 ML;BEBIDAS
BEBIDA REHIDRATANTE FRUTILLA POWERADE 476ML;POWERADE FRUTILLA 500 ML;BEBIDAS
BEBIDA REHIDRATANTE FRUTILLA POWERADE 500 ML;POWERADE FRUTILLA 500 ML;BEBIDAS
BEBIDA REHIDRATANTE LIMON POWERADE PET 600 ML;POWERADE REHIDRATANTE LIMON POWERADE PET 600 ML;BEBIDAS
BEBIDA REHIDRATANTE MANDARINA GATORADE 500 ML;GATORADE MANDARINA 500 ML;BEBIDAS
BEBIDA REHIDRATANTE MANDARINA GATORADE 750 ML;GATORADE MANDARINA 750 ML;BEBIDAS
BEBIDA REHIDRATANTE MANDARINA POWERADE 473ML;POWERADE MANDARINA 500 ML;BEBIDAS
BEBIDA REHIDRATANTE MANDARINA POWERADE 500ML;POWERADE MANDARINA 500 ML;BEBIDAS
BEBIDA REHIDRATANTE MANDARINA SPORADE DE 500ML;BEBIDA REHIDRATANTE MANDARINA SPORADE 500 ML;BEBIDAS
BEBIDA REHIDRATANTE MARACUYA POWERADE PET 600 ML;BEBIDA REHIDRATANTE MARACUYA POWERADE PET 600 ML;BEBIDAS
BEBIDA REHIDRATANTE MORA AZUL POWERADE 473 ML;BEBIDA REHIDRATANTE MORA POWERADE 473 ML;BEBIDAS
BEBIDA REHIDRATANTE MORA AZUL POWERADE 500 ML;BEBIDA REHIDRATANTE MORA AZUL POWERADE 500 ML;BEBIDAS
BEBIDA REHIDRATANTE MORA POWERADE PET 600 ML;POWERADE REHIDRATANTE MORA POWERADE PET 600 ML;BEBIDAS
BEBIDA REHIDRATANTE POWERADE 500 ML;POWERADE REHIDRATANTE FRUTAS POWERADE PET 600 ML;BEBIDAS
BEBIDA REHIDRATANTE TROPICAL GATORADE 500 ML;GATORADE TROPICAL 500 ML;BEBIDAS
BEBIDA REHIDRATANTE TROPICAL GATORADE 750 ML;GATORADE TROPICAL 750 ML;BEBIDAS
BEBIDA REHIDRATANTE TROPICAL SPORADE DE 500ML;BEBIDA  REHIDRATANTE TROPICAL SPORADE 500 ML;BEBIDAS
BELCO CHIPS BITTER X5 KG B GRAINS;CHISPAS DE CHOCOLATE BITTER;REFRIGERADOS
BERENJENA;BERENJENA;FFVV
BETERRAGA EN CUBOS CONGELADO;BETERRAGA CUBOS CONGELADO;CONGELADOS
BETERRAGA ENTERA REFRIGERADO;BETERRAGA ENTERA;FFVV
BETERRAGA FRESCA;BETERRAGA ENTERA;FFVV
BETERRAGA FRESCA (L);BETERRAGA ENTERA;FFVV
BETUN MARRON KIWI 88 GR;BETUN MARRON GRANDE 88 ML;KIOSKO
BETUN MARRON SAPOLIO 22 ML;BETUN MARRON CHICO SAPOLIO 22 ML;KIOSKO
BETUN NEGRO KIWI 42 ML;BETUN NEGRO CHICO 42 GR;KIOSKO
BETUN NEGRO KIWI 88 GR;BETUN NEGRO GRANDE 88 ML;KIOSKO
BETUN NEGRO SANTIAGO 90GR;BETUN NEGRO SANTIAGO 88 GR;KIOSKO
BETUN NEGRO SAPOLIO 88 ML;BETUN NEGRO GRANDE SAPOLIO 88 ML;KIOSKO
BICARBONATO DE SODIO;BICARBONATO DE SODIO;ABARROTES
BICARBONATO DE SODIO 227 GR;BICARBONATO DE SODIO;ABARROTES
BICARBONATO DE SODIO 4 ESTACIONES 250 GR;BICARBONATO DE SODIO;ABARROTES
BICARBONATO DE SODIO ELYMAR 250 GR;BICARBONATO DE SODIO;ABARROTES
BIFE ANCHO CONGELADO IMPORTADO;BIFE ANCHO CONGELADO IMPORTADO;CONGELADOS
BIFE ANCHO CONGELADO NACIONAL;RES BIFE ANCHO CONGELADO NACIONAL;ABARROTES
BISCOCHO CHOCMAN COSTA 28 GR;BISCOCHO CHOCMAN COSTA 28 GR;ABARROTES
BISCOCHO CHOCMAN COSTA 30 GR;CHOCMAN;ABARROTES
BISCOCHO CHOCMAN COSTA 33.5 GR;BISCOCHO CHOCMAN COSTA 33.5 GR;ABARROTES
BLOQUEADOR SOLAR SACHET EXTREMO DERMASOL F-50 10 GR;BLOQUEADOR SOLAR SACHET EXTREMO DERMASOL F-50 10 G;KIOSKO
BLOQUEADOR SOLAR SACHET VISAGE DERMOSOL F-100  10GR;BLOQUEADOR SOLAR SACHET VISAGE DEMOSOL F-100 10 GR;KIOSKO
BLOQUEADOR SOLAR SACHET VISAGE DERMOSOL F-100 10GR;BLOQUEADOR SOLAR SACHET VISAGE DERMOSOL F-100 10GR;KIOSKO
BOLI YUCAS CON QUESO 20 GR CONGELADO;BOLIYUCAS CON QUESO 20 G CONGELADO;CONGELADOS
BOLITAS DE MANI Y CHOCOLATE 2 CERRITOS 12/10GR;BOLITAS DE MANI Y CHOCOLATE 2 CERRITOS 12 GR;ABARROTES
BOLSA BLANCA PLANA 20 X 30 ALFA X 100 UND;BOLSA BLANCA PLANA 20 X 30 ALFA;DESCARTABLES
BOLSA BLANCA T-SHIRT 16 X 19 100 UNID;BOLSAS T-SHIRT 16 X 19;DESCARTABLES
BOLSA BLANCA T-SHIRT 16 X 19 ASITA X 100 UND;BOLSA BLANCA T-SHIRT 16X19 C/ASA;DESCARTABLES
BOLSA BLANCA T-SHIRT 16 X 19 EL SOL X 100 UND;BOLSAS T-SHIRT 16 X 19;DESCARTABLES
BOLSA BLANCA T-SHIRT 19 X 20 100 UND;BOLSAS T-SHIRT 19 X 21;DESCARTABLES
BOLSA BLANCA T-SHIRT 19 X 20 PB X 100 UND;BOLSAS T-SHIRT 19 X 20 PB;DESCARTABLES
BOLSA BLANCA T-SHIRT 20 X 30 100 UND;BOLSAS T-SHIRT 20 X 30;DESCARTABLES
BOLSA BLANCA T-SHIRT 21 X 24 100 UND;BOLSA BLANCA T-SHIRT 21 X 24 C/ASA;DESCARTABLES
BOLSA BLANCA T-SHIRT 21 X 24 ASITA X 100 UND;BOLSA BLANCA T-SHIRT 21 X 24 C/ASA;DESCARTABLES
BOLSA BLANCA T-SHIRT BIODEG.PARAISO 16 X 19 PAQ 1000 UND;BOLSA BLANCA T-SHIRT BIODEGRADABLE 16X19 MILLAR;DESCARTABLES
BOLSA BLANCA T-SHIRT BIODEG.PARAISO 21 X 24 500 UND;BOLSA BLANCA T-SHIRT BIODEG.PARAISO 21X24 500 UND;DESCARTABLES
BOLSA BLANCA T-SHIRT CHICA PARAISO 16 X 19 X 2 (PQT 1000 UND);BOLSA BLANCA T-SHIRT CHICA PARAISO 16X19X2 PQT MIL;DESCARTABLES
BOLSA BLANCA T-SHIRT CHICA PARAISO 16X19X2 PQT MIL;BOLSA BLANCA T-SHIRT CHICA PARAISO 16X19X2 PQT MIL;DESCARTABLES
BOLSA BLANCA T-SHIRT COMPOSTABLE 16 X 19 NEWIE X 100 UND;BOLSAS T-SHIRT COMPOSTABLE 16 X 19 NEWIE;DESCARTABLES
BOLSA BLANCA T-SHIRT COMPOSTABLE 21 X 24 NEWIE X 100 UND;BOLSAS T-SHIRT COMPOSTABLE 21 X 24 NEWIE;DESCARTABLES
BOLSA BLANCA T-SHIRT GRANDE PARAISO 21 X 24 X 2 (PQT 500 UND);BOLSA BLANCA T-SHIRT GRANDE PARAISO 21X24X2PQT 500;DESCARTABLES
BOLSA BLANCA T-SHIRT PARAISO 16 X 19 PAQ - 1000 UND;BOLSA BLANCA T-SHIRT BIODEG.PARAISO 16X19 PAQ MILL;DESCARTABLES
BOLSA BLANCA T-SHIRT PARAISO 21 X 24  - 500 UND;BOLSA BLANCA T-SHIRT BIODEG.PARAISO 21X24 500 UND;DESCARTABLES
BOLSA CHEQUERA ROJO 21X24 100 UND;BOLSA CHEQUERA ROJO 21X24;DESCARTABLES
BOLSA DE PAPEL KRAFT #4  MILLAR;BOLSA DE PAPEL KRAFT #4  MILLAR;DESCARTABLES
BOLSA DE PAPEL KRAFT #4 500 UND;BOLSA DE PAPEL KRAFT 50 GR #4 (12.5X24.2X7.5);DESCARTABLES
BOLSA DE PAPEL KRAFT #4 C/LOGO SODEXO 500 UND;BOLSA DE PAPEL KRAFT 50 GR #4 (12.5X24.2X7.5);DESCARTABLES
BOLSA DE PAPEL KRAFT #6 MILLAR;BOLSA DE PAPEL KRAFT #6 MILLAR;DESCARTABLES
BOLSA DE PAPEL KRAFT 50 GR #4 (12.5X24.2X7.5);BOLSA DE PAPEL KRAFT 50 GR #4 (12.5X24.2X7.5);DESCARTABLES
BOLSA DE PAPEL KRAFT 50GR #4 (12.5X24.2X7.5) 500 UND;BOLSA DE PAPEL KRAFT 50 GR #4 (12.5X24.2X7.5);DESCARTABLES
BOLSA DE PAPEL KRAFT 50GR #4 (12.5X24.2X7.5) C/LOGO SODEXO 500 UND;BOLSA DE PAPEL KRAFT 50 GR #4 (12.5X24.2X7.5);DESCARTABLES
BOLSA DE PAPEL KRAFT 50GR #6 (14.8X28X8.5) 500 UND;BOLSA DE PAPEL KRAFT 50 GR #4 (12.5X24.2X7.5);DESCARTABLES
BOLSA DE PAPEL KRAFT 50GR #6 (14.8X28X8.5) C/LOGO SODEXO 500 UND;BOLSA DE PAPEL KRAFT 50 GR #4 (12.5X24.2X7.5);DESCARTABLES
BOLSA DE PAPEL KRAFT 70GR #12 (18.8X34.5X10) 500 UND;BOLSA DE PAPEL KRAFT 70GR #12 (18.8X34.5X10) 500 UND;DESCARTABLES
BOLSA DE PAPEL KRAFT 70GR #20 (20.4X30.2X13) 500 UND;BOLSA DE PAPEL KRAFT 50 GR #4 (12.5X24.2X7.5);DESCARTABLES
BOLSA DE POLIETILENO CRISTAL 26 X40 X 1MC X MILLAR;BOLSA DE POLIETILENO CRISTAL 26 X40 X 1MC X MILLAR;DESCARTABLES
BOLSA DE POLIETILENO CRISTAL 26X40X1MC X MILLAR;BOLSA DE POLIETILENO CRISTAL 26 X40 X 1MC X MILLAR;DESCARTABLES
BOLSA PAPEL KRAFT #6  500 UND;BOLSA DE PAPEL KRAFT #6 SIN LOGO;DESCARTABLES
BOLSA PARA BASURA  BLANCA 140LT / 250LT;BOLSA PARA BASURA  BLANCA 140LT / 250LT;LIMPIEZA
BOLSA PARA BASURA AMARILLA  140 / 250;BOLSA PARA BASURA AMARILLA  140 / 250;LIMPIEZA
BOLSA PARA BASURA AZUL 140LT / 250LT;BOLSA PARA BASURA AZUL 140LT / 250LT;LIMPIEZA
BOLSA PARA BASURA MARRON 140LT / 250LT;BOLSA PARA BASURA MARRON 140LT / 250LT;LIMPIEZA
BOLSA PARA BASURA NEGRA 140LT / 250LT;BOLSA PARA BASURA NEGRA 140LT / 250LT;LIMPIEZA
BOLSA PARA BASURA NEGRA 220 LT UND 1.6 MICRAS;BOLSA PARA BASURA NEGRA 140LT / 250LT;LIMPIEZA
BOLSA PARA BASURA NEGRA 25 LT 100 UND;BOLSA PARA BASURA NEGRA 25 LT;LIMPIEZA
BOLSA PARA BASURA NEGRA 35  LT;BOLSA PARA BASURA NEGRA 35  LT;LIMPIEZA
BOLSA PARA BASURA NEGRA C/F 140 LT UND 1.6 MC;BOLSA PARA BASURA NEGRA 140LT / 250LT;LIMPIEZA
BOLSA PARA BASURA PLASTICA AMARILLA 250 LT 100 UND;BOLSA PARA BASURA NEGRA 140LT / 250LT;LIMPIEZA
"BOLSA PARA BASURA PLASTICA AMARILLA 75 LT 2 MC 28"" X 72"" 100 UND";"BOLSA PARA BASURA AMARILLA  75 LT 2 MC 28""X72""";LIMPIEZA
BOLSA PARA BASURA PLASTICA AMARILLO C/F 140 LT 1.4 MC 41´´X 35´´ 100 UND;BOLSA PARA BASURA AMARILLA  140 / 250 ;LIMPIEZA
BOLSA PARA BASURA PLASTICA AZUL 250 LT 100 UND;BOLSA PARA BASURA AZUL 140LT / 250LT;LIMPIEZA
BOLSA PARA BASURA PLASTICA AZUL C/F 140 LT 1.4 MC 41´´X 35´´ 100 UND;BOLSA PARA BASURA AZUL 140LT / 250LT;LIMPIEZA
BOLSA PARA BASURA PLASTICA BLANCA 250 LT 100 UND;BOLSA PARA BASURA  BLANCA 140LT / 250LT;DESCARTABLES
BOLSA PARA BASURA PLASTICA BLANCA C/F 140 LT 1.4 MC 41´´X 35´´ 100 UND;BOLSA PARA BASURA  BLANCA 140LT / 250LT;LIMPIEZA
BOLSA PARA BASURA PLASTICA MARRON 1.8 MC 250 LT 100 UND;BOLSA PARA BASURA MARRON 140LT / 250LT;LIMPIEZA
BOLSA PARA BASURA PLASTICA MARRON C/F 140 LT 1.4 MC 41´´X 35´´ 100 UND;BOLSA PARA BASURA MARRON 140LT / 250LT;LIMPIEZA
"BOLSA PARA BASURA PLASTICA MARRON C/F 75 LT 1.4 MC 35""X 28"" 100 UND";"BOLSA P/BASUR PLAST MARRON C/F 75 LT 1.4MC 35""X28""";LIMPIEZA
BOLSA PARA BASURA PLASTICA NEGRA C/F 140 LT 1.4 MC 41´´X 35´´ 100 UND;BOLSA PARA BASURA NEGRA 140LT / 250LT;LIMPIEZA
"BOLSA PARA BASURA PLASTICA NEGRA C/F 35 LT 30"" X 20"" 100 UND 1.2 MC";BOLSA PARA BASURA NEGRA 35  LT;LIMPIEZA
BOLSA PARA BASURA PLASTICA NEGRO 75 LT 100 UND;BOLSA PARA BASURA NEGRA 75 LT;LIMPIEZA
"BOLSA PARA BASURA PLASTICA ROJA  250 LT 1.8 MC 52"" X 40"" 100 UND";BOLSA PARA BASURA ROJA 140LT / 250LT;LIMPIEZA
"BOLSA PARA BASURA PLASTICA ROJA  C/F 35 LT 30"" X 20"" 100 UND 1.2 MC";"BOLSA PARA BASURA PLASTICA ROJA 35 LT 30""X20""";LIMPIEZA
"BOLSA PARA BASURA PLASTICA ROJA 250 LT 1.8 MC 52"" X 40"" 100 UND";BOLSA PARA BASURA ROJA 140LT / 250LT;LIMPIEZA
BOLSA PARA BASURA PLASTICA ROJA C/F 140 LT 1.4 MC 41´´X 35´´ 100 UND;"BOLSA P/BASUR PLAST ROJA C/F 140 LT 1.4 MC 41""X35";LIMPIEZA
"BOLSA PARA BASURA PLASTICA ROJA C/F 35 LT 30"" X 20"" 100 UND 1.2 MC";BOLSA PARA BASURA ROJA 250 LT;LIMPIEZA
BOLSA PARA BASURA PLASTICA VERDE  250 LT 100 UND;BOLSA PARA BASURA VERDE 250 LT;LIMPIEZA
BOLSA PARA BASURA PLASTICA VERDE 250 LT 100 UND;BOLSA PARA BASURA VERDE 250 LT;ABARROTES
BOLSA PARA BASURA ROJA 140LT / 250LT;BOLSA PARA BASURA ROJA 140LT / 250LT;LIMPIEZA
BOLSA PARA BASURA VERDE 250 LT;BOLSA PARA BASURA VERDE 250 LT;LIMPIEZA
BOLSA PARA CUBIERTO 4 X 10 (8.5 CM X 24.10 CM);BOLSA PARA CUBIERTO 4 X 10 (8.5 CM X 24.10 CM);DESCARTABLES
BOLSA PARA CUBIERTO 4 X 10 PQTE 200 UND;BOLSA PARA CUBIERTO 4 X 10 (8.5 CM X 24.10 CM);DESCARTABLES
BOLSA PARA CUBIERTO 4 X 10 PQTE 50 UND;BOLSA PARA CUBIERTO 4 X 10 (8.5 CM X 24.10 CM);DESCARTABLES
BOLSA PARA CUBIERTO 4X10 (8.5CM X 24.10CM) ALFA X 100 UND;BOLSA PARA CUBIERTO 4 X 10 (8.5 CM X 24.10 CM);DESCARTABLES
BOLSA PARA CUBIERTO 4X8 ALFA X 100 UND;BOLSA PARA CUBIERTO 4 X 10 (8.5 CM X 24.10 CM);DESCARTABLES
BOLSA PARA CUBIERTO 8 X 3   100 UND;BOLSA PARA CUBIERTO 4 X 10 (8.5 CM X 24.10 CM);DESCARTABLES
BOLSA PARA CUBIERTO 8 X 3 200 UND;BOLSA PARA CUBIERTO 4 X 10 (8.5 CM X 24.10 CM);DESCARTABLES
BOLSA PARA CUBIERTO FLAT KRAFT 50GR 28X8CM C/LOGO;BOLSA PARA CUBIERTO FLAT KRAFT 50GR 28X8CM C/LOGO;DESCARTABLES
BOLSA PARA CUBIERTO FLAT KRAFT 50GR 28X8CM C/LOGO MILLAR;BOLSA PARA CUBIERTO FLAT KRAFT 50GR 28X8CM C/LOGO;DESCARTABLES
BOLSA PARA CUBIERTO FLAT KRAFT 50GR 28X8CM MILLAR;BOLSA PARA CUBIERTO FLAT KRAFT 50GR 28X8CM;DESCARTABLES
BOLSA PARA LAVANDERIA BIODEG.PARAISO 16.5 X 23 MILLAR;BOLSA PARA LAVANDERIA BIODEGR. PARAISO 16.5 X 23;DESCARTABLES
BOLSA PARA LAVANDERIA BIODEG.PARAISO 16.5 X 23 PAQ 1000 UND;BOLSA PARA LAVANDERIA BIODEGR. PARAISO 16.5 X 23;DESCARTABLES
BOLSA PARA SANDWICH 6 X 6 PAQUETE 1 MILLAR;BOLSA PARA SANDWICH 6 X 6;DESCARTABLES
BOLSA PARA SANDWICH 6X6 MILLAR;BOLSA PARA SANDWICH 6 X 6;DESCARTABLES
BOLSA PLANA LAVANDERIA PARAISO 16.5 X 23 X 2 PQT (1000 UND);BOLSA PLANA LAVANDERIA PARAISO 16.5X 23 X 2PQT MIL;DESCARTABLES
BOLSA PLASTICA RESELLABLE;BOLSA PLASTICA RESELLABLE;DESCARTABLES
BOLSA PLASTICA RESELLABLE 50 UNID.;BOLSA PLASTICA RESELLABLE;DESCARTABLES
"BOLSA POLIETILENO CRISTAL 26""X40""X1MC X MILLAR";BOLSA DE POLIETILENO CRISTAL 26 X40 X 1MC X MILLAR;DESCARTABLES
BOLSA POLIETILENO CRISTAL 90X135 CM 30 IM;BOLSA POLIETILENO CRISTAL 90X135 CM 30 IM;DESCARTABLES
BOLSA POLIETILENO CRISTAL 90X135CM 30ÌM X 100 UND;BOLSA POLIETILENO CRISTAL 90X135 CM 30 IM;DESCARTABLES
BOLSA TRANSPARENTE ROLLOMATIC 5 X 10;BOLSA TRANSPARENTE ROLLOMATIC 5 X 10;DESCARTABLES
BOLSA TRANSPARENTE ROLLOMATIC 8 X 12;BOLSA TRANSPARENTE ROLLOMATIC 5 X 10;DESCARTABLES
BOLSA TRANSPARENTE ROLLOSITO 7 X 10;BOLSA TRANSPARENTE ROLLOMATIC 5 X 10;DESCARTABLES
BOLSAS EMPACADO AL VACIO 32 X 42CM X MLL;BOLSAS EMPACADO AL VACIO 32 X 42 CM X MLL;DESCARTABLES
BOLSAS PAPEL POLIGRASA 50 X 70;PAPEL POLIGRASA 50 X 70;DESCARTABLES
BONDIOLA DE CERDO CONGELADO;CERDO BONDIOLA CONGELADO;CONGELADOS
BONITO FILETE CON PIEL CONGELADO;BONITO FILETE CON PIEL CONGELADO;CONGELADOS
BONITO FILETE CON PIEL CONGELADO - KGM;BONITO FILETE CON PIEL CONGELADO;CONGELADOS
BOTELLA DESCARTABLE CON TAPA 500ML X PAQUETE POR 100 UND;BOTELLA DESCARTABLE PET 500 ML;DESCARTABLES
BOTELLA DESCARTABLE CON TAPA DE 400 ML  X 100 UND;BOTELLA DESCARTABLE PET 500 ML;DESCARTABLES
BOTELLA DESCARTABLE PET HOT FILLING (80°) CON TAPA DE 500 ML X 100 UND;BOTELLA DESCARTABLE PET 500 ML;DESCARTABLES
BOTONES DE POTA CONGELADO;BOTONES DE POTA CONGELADO;CONGELADOS
BOWL DE SOPA BIO DEGRADABLE 16 OZ X 500UND;BOWL DE SOPA BIO DEGRADABLE 16 OZ;DESCARTABLES
BOWL DE SOPA BIO DEGRADABLE 16 OZ X MLL;BOWL DE SOPA BIO DEGRADABLE 16 OZ;DESCARTABLES
BRASS POLISH SPARTAN 1 LITRO;BRASS POLISH SPARTAN - LIMPIADOR Y PULIDOR DE META;LIMPIEZA
BRAZUELO DE CERDO SIN PIEL Y SIN HUESO CONGELADO;CERDO BRAZUELO SIN PIEL Y SIN HUESO CONGELADO;CONGELADOS
BRAZUELO DE CERDO SIN PIEL Y SIN HUESO CONGELADO (IMPORTACION);CERDO BRAZUELO SIN PIEL Y SIN HUESO CONGELADO;CONGELADOS
BRAZUELO DE CERDO SIN PIEL Y SIN HUESO CONGELADO REDONDOS;CERDO BRAZUELO SIN PIEL Y SIN HUESO CONGELADO;CONGELADOS
BROCOLI 20-40 CONGELADO;BROCOLI 20-40 CONGELADO;CONGELADOS
BROCOLI PRE COCIDO 20/40 CONGELADO;BROCOLI PRE COCIDO 20/40 CONGELADO - E;CONGELADOS
BROCOLI PRE COCIDO 30/60 CONGELADO;BROCOLI 20-40 CONGELADO;CONGELADOS
CABALLA FILETE CON PIEL CONGELADO;CABALLA FILETE CON PIEL CONGELADO;CONGELADOS
CABEZA ESCOBA DE PLASTICO SUPER DALIA VIRUTEX;CABEZA ESCOBA DE PLASTICO SUPER DALIA VIRUTEX;LIMPIEZA
CABEZA ESCOBA DE PLASTICO SUPER DALIA VIRUTEX 12 UND;CABEZA ESCOBA DE PLASTICO SUPER DALIA VIRUTEX;LIMPIEZA
CABRITO DESHUESADO CONGELADO - KGM;CABRITO DESHUESADO CONGELADO;CONGELADOS
CABRITO ENTERO TROZADO 200-2500 GRMS CONGELADO;CABRITO ENTERO TROZADO CONGELADO;CONGELADOS
CAFE EN GRANO NESCAFE NESTLE 1 KGM;CAFE EN GRANO NESCAFE KG;ABARROTES
CAFE GRANO ZANESCO 1 KG;CAFE GRANO ZANESCO KG;ABARROTES
CAFE INSTANTANEO ALTOMAYO 190 GR;CAFE MOLIDO INSTANTANEO KG;ABARROTES
CAFE INSTANTANEO KIRMA NESTLE 180 GR;CAFE MOLIDO INSTANTANEO KG;ABARROTES
CAFE INSTANTANEO KIRMA NESTLE 190 GR;CAFE MOLIDO INSTANTANEO KG;ABARROTES
CAFE INSTANTANEO NESCAFE CLASICO STICK 2 GR;CAFE INSTANTANEO NESCAFE TRADICION STICK 2 GR;ABARROTES
CAFE INSTANTANEO NESCAFE DESCAFEINADO 225 GR;CAFE MOLIDO INSTANTANEO DESCAFEINADO;ABARROTES
CAFE INSTANTANEO NESCAFE TRADICION 170 GRM;CAFE MOLIDO INSTANTANEO KG;ABARROTES
CAFE INSTANTANEO NESCAFE TRADICION 500 GR;CAFE MOLIDO INSTANTANEO KG;ABARROTES
CAFE INSTANTANEO NESCAFE TRADICION STICK 2 GR;CAFE INSTANTANEO NESCAFE TRADICION STICK 2 GR;ABARROTES
CAFE MOLIDO CAPPUCCINO NESTLE 1 KG;CAFE MOLIDO INSTANTANEO CAPUCCINO;ABARROTES
CAFE MOLIDO CAPPUCCINO VAINILLA NESTLE 1 KG;CAFE MOLIDO CAPUCCINO VAINILLA NESTLE 1 KG;ABARROTES
CAFE MOLIDO INSTANTANEO KG;CAFE MOLIDO INSTANTANEO KG;ABARROTES
CAFE MOLIDO MOKACCINO NESTLE 1 KG;CAFE MOLIDO MOKACCINO NESTLE 1 KG;ABARROTES
CAFE MOLIDO NESCAFE TRADICION NESTLE 500 GR;CAFE MOLIDO INSTANTANEO KG;ABARROTES
CAFE MOLIDO PARA PASAR CAFETAL 454 GR;CAFE MOLIDO PARA PASAR KG;ABARROTES
CAFE MOLIDO PARA PASAR KG;CAFE MOLIDO PARA PASAR KG;ABARROTES
CAFE MOLIDO SELLO ROJO 425 GR;CAFE MOLIDO PARA PASAR KG;ABARROTES
CAFE MOLIDO SELLO ROJO 850 GR;CAFE MOLIDO PARA PASAR KG;ABARROTES
CAFE MOLIDO STANDAR RISSO GRANEL  500 GR;CAFE MOLIDO PARA PASAR KG;ABARROTES
CAFE MOLIDO STANDAR RISSO GRANEL 500 GR;CAFE MOLIDO PARA PASAR KG;ABARROTES
CAFE MOLIDO STANDAR RISSO GRANEL ETIQUETA VERDE 500 GR;CAFE MOLIDO PARA PASAR KG;ABARROTES
CAFE MOLIDO STANDAR RISSO GRANEL ETIQUETA VERDE KG;CAFE MOLIDO STANDAR RISSO GRANEL ETIQUETA VERDE KG;ABARROTES
CAFE MOLIDO STANDAR RISSO GRANEL KG;CAFE MOLIDO PARA PASAR KG;ABARROTES
CAFE TIPO EXTRA SUPERIOR VALENZUELA 1 KG;CAFE MOLIDO GRANEL;ABARROTES
CAIGUA REFRIGERADO;CAIGUA;FFVV
CAIHUA * KG;CAIGUA;FFVV
CAJA CHICA - ACEITE AJONJOLI 270 ML;ACEITE AJONJOLI 270 ML;ABARROTES
CAJA CHICA - ACEITE AJONJOLI LEE KUM KEE 443.6 ML;ACEITE AJONJOLI LEE KUM KEE 443.6 ML;ABARROTES
CAJA CHICA - ACEITE DE AJI X 280 ML;ACEITE DE AJI X 280 ML;ABARROTES
CAJA CHICA - ACEITE DE AJI X 280 ML - FRASCO;ACEITE DE AJI X 280 ML - FRASCO;ABARROTES
CAJA CHICA - ACEITE DE AJONJOLI LT;ACEITE DE AJONJOLI LT;ABARROTES
CAJA CHICA - ACEITE DE OLIVA LT;ACEITE DE OLIVA LT;REFRIGERADOS
CAJA CHICA - ACEITE DE OLIVA X 1LT OLIVOS DEL SUR;ACEITE DE OLIVA X 1LT OLIVOS DEL SUR;REFRIGERADOS
CAJA CHICA - ACEITE UNO PRESENTACION POR 900 ML;ACEITE UNO PRESENTACION POR 900 ML;REFRIGERADOS
CAJA CHICA - ACEITE VEGETAL CIELO X 20 LT;ACEITE VEGETAL CIELO X 20 LT;ABARROTES
CAJA CHICA - ACEITE VEGETAL CIL X 5 LT;ACEITE VEGETAL;ABARROTES
CAJA CHICA - ACEITE VEGETAL CRISOL 5 LT;ACEITE VEGETAL;ABARROTES
CAJA CHICA - ACEITE VEGETAL DELEITE;ACEITE VEGETAL;ABARROTES
CAJA CHICA - ACEITE VEGETAL LT;ACEITE VEGETAL LT;ABARROTES
CAJA CHICA - ACEITUNA;ACEITUNA NEGRA EN RODAJA;REFRIGERADOS
CAJA CHICA - ACEITUNA CON PIMIENTO;ACEITUNA NEGRA EN RODAJA;REFRIGERADOS
CAJA CHICA - ACEITUNA NEGRA;ACEITUNA NEGRA EN RODAJA;REFRIGERADOS
CAJA CHICA - ACEITUNA POTE 250 GR;ACEITUNA POTE 250 GR;REFRIGERADOS
CAJA CHICA - ACEITUNA VERDE;ACEITUNA VERDE EN RODAJA;REFRIGERADOS
CAJA CHICA - ACIDO MURIATICO 1 LT;ACIDO MURIATICO 1 LT;ABARROTES
CAJA CHICA - ADEREZO MILS ISLAS X 443 GR;ADEREZO MILS ISLAS X 443 GR;ABARROTES
CAJA CHICA - ADEREZO RANCHERO X 443 GR;ADEREZO RANCHERO X 443 GR;ABARROTES
CAJA CHICA - AGUA SAN LUIS 20 LT;AGUA SAN LUIS 20 LT;BEBIDAS
CAJA CHICA - AGUA SAN LUIS S/GAS X 625 ML;AGUA SAN LUIS SIN GAS 750 ML;BEBIDAS
CAJA CHICA - AGUA SAN MATEO 600 ML;AGUA SAN LUIS SIN GAS 750 ML;BEBIDAS
CAJA CHICA - AGUA SAN MATEO SIN GAS X 300 ML;AGUA SAN LUIS SIN GAS 750 ML;BEBIDAS
CAJA CHICA - AGUA SOCOSANI X 500 ML;AGUA SAN LUIS SIN GAS 750 ML;BEBIDAS
CAJA CHICA - AGUA TRATADA X 2.5 LT;AGUA TRATADA X 2.5 LT;BEBIDAS
CAJA CHICA - AGUA VIDA X 20 LT;AGUA VIDA X 20 LT;BEBIDAS
CAJA CHICA - AGUAYMANTO;AGUAYMANTO;ABARROTES
CAJA CHICA - AJI AMARILLO ENTERO CONGELADO KG;AJI AMARILLO ENTERO CONGELADO KG;CONGELADOS
CAJA CHICA - AJI CHARAPITA;AJI CHARAPITA;FFVV
CAJA CHICA - AJI CHINO SECO;AJI CHINO SECO;ABARROTES
CAJA CHICA - AJI CON HUACATAY;AJI CON HUACATAY;ABARROTES
CAJA CHICA - AJI EN POLVO X 100 GR - BOLSA;AJI EN POLVO X 100 GR - BOLSA;ABARROTES
CAJA CHICA - AJI HUAJIO GRANO FURONG 100GR;AJI HUAJIO GRANO FURONG 100GR;ABARROTES
CAJA CHICA - AJI LIMO;AJI LIMO;FFVV
CAJA CHICA - AJI MIRASOL MOLIDO ENVASADO KG;AJI MIRASOL MOLIDO ENVASADO KG;ABARROTES
CAJA CHICA - AJI MIRASOL SECO;AJI MIRASOL SECO;ABARROTES
CAJA CHICA - AJI PANCA SECO;AJI PANCA SECO;ABARROTES
CAJA CHICA - AJINOMIX X 25 GR; AJINOMIX X 25 GR;ABARROTES
CAJA CHICA - AJINOMOTO;AJINOMOTO;ABARROTES
CAJA CHICA - AJINOMOTO X 1/2 KG;AJINOMOTO X 1/2 KG;ABARROTES
CAJA CHICA - AJINOMOTO X KG;AJINOMOTO X KG;ABARROTES
CAJA CHICA - AJO CABEZA REFRIGERADO;AJO CABEZA;FFVV
CAJA CHICA - AJO FRESCO;AJO FRESCO;ABARROTES
CAJA CHICA - AJO MOLIDO X KG;AJO MOLIDO X KG;FFVV
CAJA CHICA - AJONJOLI;AJONJOLI;ABARROTES
CAJA CHICA - AJONJOLI NEGRO KG;AJONJOLI NEGRO KG;ABARROTES
CAJA CHICA - ALCACHOFAS FOND VALLE FERTIL 950;ALCACHOFAS FOND VALLE FERTIL 950;ABARROTES
CAJA CHICA - ALCAPARRAZ VITALY 900 GR;ALCAPARRAZ VITALY 900 GR;ABARROTES
CAJA CHICA - ALCOHOL DOMESTICO LT;ALCOHOL DOMESTICO LT;LIMPIEZA
CAJA CHICA - ALCOHOL GEL SACHET 800 ML;ALCOHOL GEL SACHET 800 ML;LIMPIEZA
CAJA CHICA - ALCOHOL INDUSTRIAL 70º 4 LT;ALCOHOL INDUSTRIAL 70º 4 LT;LIMPIEZA
CAJA CHICA - ALCOHOL INDUSTRIAL 96ª LT;ALCOHOL INDUSTRIAL 96ª LT;LIMPIEZA
CAJA CHICA - ALCOHOL INDUSTRIAL 96º 3.8 LT;ALCOHOL INDUSTRIAL 96º 3.8 LT;LIMPIEZA
CAJA CHICA - ALCOHOL INDUSTRIAL DARYZA 1 LT;ALCOHOL INDUSTRIAL DARYZA 1 LT;LIMPIEZA
CAJA CHICA - ALGA NORI SEASONED SEAWEED 28GR;ALGA NORI SEASONED SEAWEED 28GR;ABARROTES
CAJA CHICA - ALGA WAKAME 128GR;ALGA WAKAME 128GR;ABARROTES
CAJA CHICA - ALGARROBINA DULK 480 GR;ALGARROBINA DULK 480 GR;ABARROTES
CAJA CHICA - ALGARROBINA HELADO X 24 UND;ALGARROBINA HELADO X 24 UND;ABARROTES
CAJA CHICA - ALMENDRA  X 80 GR;ALMENDRA  X 80 GR;ABARROTES
CAJA CHICA - ALMENDRA NATURAL X 180 GR;ALMENDRA NATURAL X 180 GR;ABARROTES
CAJA CHICA - ALMENDRA X 500 GR;ALMENDRA X 500 GR;ABARROTES
CAJA CHICA - ALMENDRA X 80 GR;ALMENDRA X 80;ABARROTES
CAJA CHICA - ALMENDRAS VALLE ALTO 90 GR;ALMENDRAS VALLE ALTO 90 GR;ABARROTES
CAJA CHICA - AMARGO DE ANGUSTURA;AMARGO DE ANGUSTURA;ABARROTES
CAJA CHICA - AMBIENTADOR CON FRAGANCIA;AMBIENTADOR CON FRAGANCIA;ABARROTES
CAJA CHICA - AMBIENTADOR LAVANDA DARYZA 3.8 LT;AMBIENTADOR LAVANDA DARYZA 3.8 LT;LIMPIEZA
CAJA CHICA - AMBIENTADOR SPRAY IMPORTADO 360 ML;AMBIENTADOR SPRAY IMPORTADO 360 ML;ABARROTES
CAJA CHICA - AMBIENTADOR SPRAY SAPOLIO 414 ML;AMBIENTADOR SPRAY SAPOLIO 414 ML;ABARROTES
CAJA CHICA - ANCHOVETA ENTERA EN SALSA DE TOMATE X 400 GR;ANCHOVETA EN SALSA DE TOMATE X 400 GR;ABARROTES
CAJA CHICA - ANIS ESTRELLA X 250 GR;ANIS ESTRELLA X 250 GR;ABARROTES
CAJA CHICA - ANIS GRANO;ANIS GRANO;ABARROTES
CAJA CHICA - ANTICUCHOS X KG;ANTICUCHOS X KG;ABARROTES
CAJA CHICA - APIO;APIO;FFVV
CAJA CHICA - APIO PICADO LIBER CONGELADO 1 CM;APIO PICADO LIBER CONGELADO 1 CM;CONGELADOS
CAJA CHICA - ARANDANO KG;ARANDANO KG;ABARROTES
CAJA CHICA - ARAZA;ARAZA;ABARROTES
CAJA CHICA - ARROZ ARBORIO;ARROZ EXTRA;ABARROTES
CAJA CHICA - ARROZ EXTRA;ARROZ EXTRA;ABARROTES
CAJA CHICA - ARROZ EXTRA PARBOLEID;ARROZ EXTRA;ABARROTES
CAJA CHICA - ARROZ SUPERIOR ARO 5 KG;ARROZ EXTRA;ABARROTES
CAJA CHICA - ARROZ SUPERIOR P/UNO 5 KG;ARROZ SUPERIOR P/UNO 5 KG;ABARROTES
CAJA CHICA - ARTICULOS DE REPOSTERIA;ARTICULOS DE REPOSTERIA;ABARROTES
CAJA CHICA - ARVEJA PARTIDA AMERICANA X KG;ARVEJA VERDE PARTIDA;ABARROTES
CAJA CHICA - ARVEJA PELADA;ARVEJA VERDE PARTIDA;FFVV
CAJA CHICA - ARVEJA VERDE PARTIDA;ARVEJA VERDE PARTIDA;ABARROTES
CAJA CHICA - ARVEJA VERDE PARTIDA 5 KG;ARVEJA VERDE PARTIDA;ABARROTES
CAJA CHICA - ASADO CUADRADO CONG IMPORTADO;ASADO CUADRADO CONG IMPORTADO;ABARROTES
CAJA CHICA - ASADO DE TIRA C/HUESO CONG IMPORTADO;ASADO DE TIRA C/HUESO CONG IMPORTADO;ABARROTES
CAJA CHICA - ATUN TROZOS STARKITS 170 GR;ATUN EN ACEITE LATA;ABARROTES
CAJA CHICA - AVENA 3 OSITOS X 10 KG;AVENA 3 OSITOS X 10 KG;ABARROTES
CAJA CHICA - AVENA QUAKER X 160 GR;AVENA QUAKER X 160 GR;ABARROTES
CAJA CHICA - AVENA SANTA CATALINA 10 KG;AVENA SANTA CATALINA 10 KG;ABARROTES
CAJA CHICA - AYUDIN LAVAVAJILLAS LIQUIDO X 300 ML;AYUDIN LAVAVAJILLAS LIQUIDO X 300 ML;ABARROTES
CAJA CHICA - AYUDIN LAVAVAJILLAS LIQUIDO X 900 ML;AYUDIN LAVAVAJILLAS LIQUIDO X 900 ML;ABARROTES
CAJA CHICA - AZUCAR BLANCA PARAMONGA;AZUCAR BLANCA GRANEL;ABARROTES
CAJA CHICA - AZUCAR BLANCA SOL DE LAREDO;AZUCAR BLANCA GRANEL;ABARROTES
CAJA CHICA - AZUCAR BLANCA X KG;AZUCAR BLANCA GRANEL;ABARROTES
CAJA CHICA - AZUCAR FINA;AZUCAR RUBIA;ABARROTES
CAJA CHICA - AZUCAR IMPALPABLE LEVAPAN KG;AZUCAR RUBIA;ABARROTES
CAJA CHICA - AZUCAR RUBIA PARAMONGA;AZUCAR RUBIA;ABARROTES
CAJA CHICA - AZUCAR RUBIA TOTTUS 5 KG;AZUCAR RUBIA 5 KG;ABARROTES
CAJA CHICA - AZUCAR SACHET DE 5 GR;AZUCAR RUBIA PERSONAL;ABARROTES
CAJA CHICA - BALSAMINA UND;BALSAMINA UND;ABARROTES
CAJA CHICA - BANDEJA RECTANGULAR 5000 LASAGÑA;BANDEJA RECTANGULAR 5000 LASAGÑA;ABARROTES
CAJA CHICA - BANDEJA RECTANGULAR 6500 LASAGÑA;BANDEJA RECTANGULAR 6500 LASAGÑA;ABARROTES
CAJA CHICA - BARRA DE CHOCOLATE Y GRANOLA;BARRA DE CHOCOLATE Y GRANOLA;ABARROTES
CAJA CHICA - BARRILETE X 50 UND;BARRILETE X 50 UND;ABARROTES
CAJA CHICA - BASE DE TORTA DIAMETRO 30 CM;BASE DE TORTA DIAMETRO 30 CM;ABARROTES
CAJA CHICA - BASE PARA HELADOS SABOR CHOCOLATE 946 ML GLORIA;BASE PARA HELADOS SABOR CHOCOLATE 946 ML GLORIA;ABARROTES
CAJA CHICA - BASE PARA HELADOS SABOR VAINILLA 946 ML GLORIA;BASE PARA HELADOS SABOR VAINILLA 946 ML GLORIA;ABARROTES
CAJA CHICA - BATIMIX X 125 ML;BATIMIX X 125 ML;ABARROTES
CAJA CHICA - BEBIDA ICE TEA VIDA 625 ML;BEBIDA ICE TEA VIDA 625 ML;ABARROTES
CAJA CHICA - BEBIDA REHIDRATANTE APPLE ICE GATORADE 473 ML;BEBIDA REHIDRATANTE APPLE ICE GATORADE 473 ML;ABARROTES
CAJA CHICA - BEBIDA REHIDRATANTE APPLE ICE GATORADE 591 ML;BEBIDA REHIDRATANTE APPLE ICE GATORADE 591 ML;ABARROTES
CAJA CHICA - BEBIDA REHIDRATANTE APPLE ICE POWERADE 500 ML;BEBIDA REHIDRATANTE APPLE ICE POWERADE 500 ML;ABARROTES
CAJA CHICA - BEBIDA REHIDRATANTE AZUL POWERADE 473 ML;BEBIDA REHIDRATANTE AZUL POWERADE 473 ML;BEBIDAS
CAJA CHICA - BEBIDA REHIDRATANTE FRUTILLA POWERADE 473 ML;BEBIDA REHIDRATANTE FRUTILLA POWERADE 473 ML;BEBIDAS
CAJA CHICA - BEBIDA REHIDRATANTE GATORADE APPLE ICE 750 ML;BEBIDA REHIDRATANTE GATORADE APPLE ICE 750 ML;ABARROTES
CAJA CHICA - BEBIDA REHIDRATANTE LIMA LIMON 473 ML;BEBIDA REHIDRATANTE LIMA LIMON 473 ML;ABARROTES
CAJA CHICA - BEBIDA REHIDRATANTE LIMA LIMON POWERADE 5OO ML;BEBIDA REHIDRATANTE LIMA LIMON POWERADE 5OO ML;ABARROTES
CAJA CHICA - BEBIDA REHIDRATANTE MANDARINA POWERADE 473 ML;BEBIDA REHIDRATANTE MANDARINA POWERADE 473 ML;ABARROTES
CAJA CHICA - BENCINA;BENCINA;ABARROTES
CAJA CHICA - BESO DE MOZA X 9 UND;BESO DE MOZA X 9 UND;ABARROTES
CAJA CHICA - BETERRAGA FRESCA;BETERRAGA FRESCA;FFVV
CAJA CHICA - BETUN MARRON KIWI 22 ML;BETUN MARRON KIWI 22 ML;ABARROTES
CAJA CHICA - BETUN MARRON KIWI 42 ML;BETUN MARRON KIWI 42 ML;ABARROTES
CAJA CHICA - BETUN MARRON KIWI 88 ML;BETUN MARRON KIWI 88 ML;ABARROTES
CAJA CHICA - BETUN NEGRO CHICO 22GR;BETUN NEGRO CHICO 22GR;ABARROTES
CAJA CHICA - BETUN NEGRO CHICO 42GR;BETUN NEGRO CHICO 42GR;ABARROTES
CAJA CHICA - BETUN NEGRO GRNADE 88 ML;BETUN NEGRO GRNADE 88 ML;ABARROTES
CAJA CHICA - BIAGI COFFE X 100 UND;BIAGI COFFE X 100 UND;ABARROTES
CAJA CHICA - BICARBONATO A GRANEL;BICARBONATO A GRANEL;ABARROTES
CAJA CHICA - BICARBONATO RIKOS X 20 GR;BICARBONATO RIKOS X 20 GR;ABARROTES
CAJA CHICA - BIFE ANCHO AMERICANO REFRIGERADO X KG;BIFE ANCHO AMERICANO REFRIGERADO X KG;REFRIGERADOS
CAJA CHICA - BIFE ANGOSTO AMERICANO REFRIGERADO X KG;BIFE ANGOSTO AMERICANO REFRIGERADO X KG;REFRIGERADOS
CAJA CHICA - BIFE PARRILLERO ANGUS;BIFE PARRILLERO ANGUS;ABARROTES
CAJA CHICA - BIMBOLETE BIMBO X 248 GR;BIMBOLETE BIMBO X 248 GR;ABARROTES
CAJA CHICA - BISCOCHUELO FLEISHMAN X 5 KG;BISCOCHUELO FLEISHMAN X 5 KG;ABARROTES
CAJA CHICA - BISCOTELA;BISCOTELA;ABARROTES
CAJA CHICA - BIZCOCHO BOLSA;BIZCOCHO BOLSA;ABARROTES
CAJA CHICA - BIZCOCHUELLO FLEISHMAN X 5 KG;BIZCOCHUELLO FLEISHMAN X 5 KG;ABARROTES
CAJA CHICA - BOCADITO FUYU X 240 GR;BOCADITO FUYU X 240 GR;ABARROTES
CAJA CHICA - BOCADITO FUYU X 240 GR - FRASCO;BOCADITO FUYU X 240 GR - FRASCO;ABARROTES
CAJA CHICA - BOLOGNA POLLO X 90 GR;BOLOGNA POLLO X 90 GR;CONGELADOS
CAJA CHICA - BOLSA BIODEGRADABLE 21X24;BOLSA BIODEGRADABLE 21X24;ABARROTES
CAJA CHICA - BOLSA BLANCA MEDIANA;BOLSA BLANCA MEDIANA;ABARROTES
CAJA CHICA - BOLSA BLANCA T-SHIRT 16 X 19 100 UND;BOLSA BLANCA T-SHIRT 16 X 19 100 UND;ABARROTES
CAJA CHICA - BOLSA DE PAPEL KRAF N° 2 X 100 UND;BOLSA DE PAPEL KRAF N° 2 X 100 UND;ABARROTES
CAJA CHICA - BOLSA DE POLIPROPILENO 6 X 10;BOLSA DE POLIPROPILENO 6 X 10;ABARROTES
CAJA CHICA - BOLSA LUSTRE 3 X 10 X 2 X 100 UND;BOLSA LUSTRE 3 X 10 X 2 X 100 UND;ABARROTES
CAJA CHICA - BOLSA MANDALITA CON AZA;BOLSA MANDALITA CON AZA;ABARROTES
CAJA CHICA - BOLSA NEGRA X 220 LT PAQ X 10 UND;BOLSA NEGRA X 220 LT PAQ X 10 UND;LIMPIEZA
CAJA CHICA - BOLSA PARA BASURA NEGRA 140 LT;BOLSA PARA BASURA NEGRA 140LT / 250LT;LIMPIEZA
CAJA CHICA - BOLSA PARA CUBIERTO 3 X 10 100 UND;BOLSA PARA CUBIERTO 3 X 10 100 UND;ABARROTES
CAJA CHICA - BOLSA PARA HAMBURGUESA 6X 6 100 UND; BOLSA PARA HAMBURGUESA 6X 6 100 UND;ABARROTES
CAJA CHICA - BOLSA PARA TACHO SODEXO;BOLSA PARA TACHO SODEXO;ABARROTES
CAJA CHICA - BOLSA PLASTICA BLANCA 14 X 20 - PAQ X 100UND; BOLSA PLASTICA BLANCA 14 X 20 - PAQ X 100UND;ABARROTES
CAJA CHICA - BOLSA PLASTICA RESELLABLE ZIPLOC X 50 UND;BOLSA PLASTICA RESELLABLE ZIPLOC X 50 UND;DESCARTABLES
CAJA CHICA - BOLSA PLASTICO BLANCA 21 X 24 PQTE 100 UND.;BOLSA PLASTICO BLANCA 21 X 24 PQTE 100 UND.;ABARROTES
CAJA CHICA - BOLSA PLASTICO ROJA 20 X 30 UND;BOLSA PLASTICO ROJA 20 X 30 UND;ABARROTES
CAJA CHICA - BOLSA POLIGRASA 500 UND;BOLSA POLIGRASA 500 UND;ABARROTES
CAJA CHICA - BOLSA SANDWICH 6X6 100 UND;BOLSA SANDWICH 6X6 100 UND;ABARROTES
CAJA CHICA - BOLSAS BLANCAS 15 LT X 100 UND;BOLSAS BLANCAS 15 LT X 100 UND;ABARROTES
CAJA CHICA - BOLSAS C/LOGO SDX X 100 UND;BOLSAS C/LOGO SDX X 100 UND;ABARROTES
CAJA CHICA - BOLSAS HERMETICAS X CAJA;BOLSAS HERMETICAS X CAJA;ABARROTES
CAJA CHICA - BOLSAS NEGRAS 15 LT X 100 UND;BOLSAS NEGRAS 15 LT X 100 UND;LIMPIEZA
CAJA CHICA - BOLSAS NEGRAS 15 LT X 50 UND;BOLSAS NEGRAS 15 LT X 50 UND;LIMPIEZA
CAJA CHICA - BOLSAS PLÁSTICAS 0.40 X 0.90 MT X 100 UND;BOLSAS PLÁSTICAS 0.40 X 0.90 MT X 100 UND;ABARROTES
CAJA CHICA - BOLSAS PLASTICAS 0.50 X 1.20 MT X 100 UND;BOLSAS PLASTICAS 0.50 X 1.20 MT X 100 UND;ABARROTES
CAJA CHICA - BOLSAS PLASTICAS 17.5 X 35 P/ REFR X 100 UND;BOLSAS PLASTICAS 17.5 X 35 P/ REFR X 100 UND;REFRIGERADOS
CAJA CHICA - BOLSAS PLASTICAS RESELLABLES X 100 UND; BOLSAS PLASTICAS RESELLABLES X 100 UND;ABARROTES
CAJA CHICA - BOLSAS PLÁSTICAS X 5 KG GRUESA 100 UND;BOLSAS PLÁSTICAS X 5 KG GRUESA 100 UND;ABARROTES
CAJA CHICA - BOLSAS PLASTICO BLANCA 36 LT;BOLSAS PLASTICO BLANCA 36 LT;ABARROTES
CAJA CHICA - BOLSAS PLASTICO BLANCA BIODEGRADABLE 16.5 X 23;BOLSAS PLASTICO BLANCA BIODEGRADABLE 16.5 X 23;ABARROTES
CAJA CHICA - BOLSAS SANGUCHERAS X 100 UND;BOLSAS SANGUCHERAS X 100 UND;ABARROTES
CAJA CHICA - BOLSAS T-SHIRT 20 X 19;BOLSAS T-SHIRT 20 X 19;ABARROTES
CAJA CHICA - BROCHETA # 12;BROCHETA # 12;ABARROTES
CAJA CHICA - BROCOLI CONGELADO;BROCOLI CONGELADO;CONGELADOS
CAJA CHICA - BUTTE TOFFE MINI X 100 UND;BUTTE TOFFE MINI X 100 UND;ABARROTES
CAJA CHICA - CABANOSSI 600 GR;CABANOSSI 600 GR;ABARROTES
CAJA CHICA - CACAO Y LUCUMA NIBS;CACAO Y LUCUMA NIBS;ABARROTES
CAJA CHICA - CAFE GRANO ILLY 3 KG;CAFE GRANO ILLY 3 KG;ABARROTES
CAJA CHICA - CAFÉ INSTANTANEO NESCAFÉ TRADICION 200 GR;CAFÉ INSTANTANEO NESCAFÉ TRADICION 200 GR;ABARROTES
CAJA CHICA - CAFE INSTANTANEO NESCAFE TRADICION STICK 1.8GR; CAFE INSTANTANEO NESCAFE TRADICION STICK 1.8GR;ABARROTES
CAJA CHICA - CAFE INSTANTANEO NESCAFE TRADICION X 200 GR;CAFE INSTANTANEO NESCAFE TRADICION X 200 GR;ABARROTES
CAJA CHICA - CAFE MOLIDO DESCAFEINADO 100 GR;CAFE MOLIDO DESCAFEINADO 100 GR;ABARROTES
CAJA CHICA - CAFÉ MOLIDO KIRMA X 200 GR;CAFÉ MOLIDO KIRMA X 200 GR;ABARROTES
CAJA CHICA - CAFE MOLIDO NESCAFE TRADICION 400 GR;CAFE MOLIDO NESCAFE TRADICION 400 GR;ABARROTES
CAJA CHICA - CAFÉ MOLIDO PREMIUM JUAN VALDEZ  0.250 KG;CAFÉ MOLIDO PREMIUM JUAN VALDEZ  0.250 KG;ABARROTES
CAJA CHICA - CAFE PARA PASAR ALTOMAYO 200 GR;CAFE PARA PASAR ALTOMAYO 200 GR;ABARROTES
CAJA CHICA - CAFE PARA PASAR CUMBRE 0.5 KG;CAFE PARA PASAR CUMBRE 0.5 KG;ABARROTES
CAJA CHICA - CAFE PARA PASAR MOLIDO CAFETAL X 220GR;CAFE PARA PASAR MOLIDO CAFETAL X 220GR;ABARROTES
CAJA CHICA - CAFÉ PARA PASAR MOLIDO PREMIER RISSO 500 GR;CAFÉ PARA PASAR MOLIDO PREMIER RISSO 500 GR;ABARROTES
CAJA CHICA - CAFÉ TOSTADO GRANO;CAFÉ TOSTADO GRANO;ABARROTES
CAJA CHICA - CAJA COMBO DULCE;CAJA COMBO DULCE;ABARROTES
CAJA CHICA - CAJA COMBO SALADO;CAJA COMBO SALADO;ABARROTES
CAJA CHICA - CAKE NARANJA WONG;CAKE NARANJA WONG;ABARROTES
CAJA CHICA - CALDO DE CARNE X 1.5;CALDO DE CARNE X 1.5;ABARROTES
CAJA CHICA - CALDO DE GALLINA DOÑA GUSTA X 500 GR;CALDO DE GALLINA DOÑA GUSTA X 500 GR;ABARROTES
CAJA CHICA - CALDO DE GALLINA X 1 KG;CALDO DE GALLINA X 1 KG;ABARROTES
CAJA CHICA - CALDO DE POLLO CHUBANG LATA 270 GR;CALDO DE POLLO CHUBANG LATA 270 GR;CONGELADOS
CAJA CHICA - CAMOTE 37 GR;CAMOTE 37 GR;ABARROTES
CAJA CHICA - CAMOTE X KG;CAMOTE X KG;FFVV
CAJA CHICA - CANCHA CHULPI RASIL X 500 GR;CANCHA CHULPI RASIL X 500 GR;ABARROTES
CAJA CHICA - CANCHITA SALADA X 12 GR;CANCHITA SALADA X 12 GR;ABARROTES
CAJA CHICA - CANDADOS PARA LOCKERS;CANDADOS PARA LOCKERS;ABARROTES
CAJA CHICA - CANELA CHINA X 113 GR;CANELA CHINA X 113 GR;ABARROTES
CAJA CHICA - CANELA CHINA X 500 GR;CANELA CHINA X 500 GR;ABARROTES
CAJA CHICA - CANELA ENTERA TOÑA 500 GR;CANELA ENTERA TOÑA 500 GR;ABARROTES
CAJA CHICA - CAPSULA CAFE AMERICANO;CAPSULA CAFE AMERICANO;ABARROTES
CAJA CHICA - CAPSULA CAFE BARISTA;CAPSULA CAFE BARISTA;ABARROTES
CAJA CHICA - CAPSULA CAFE CAPPUCCINO;CAPSULA CAFE CAPPUCCINO;ABARROTES
CAJA CHICA - CAPSULA CAFE CON LECHE;CAPSULA CAFE CON LECHE;ABARROTES
CAJA CHICA - CAPSULA CAFE EXPRESSO;CAPSULA CAFE EXPRESSO;ABARROTES
CAJA CHICA - CAPSULA CAFFE MOCHA;CAPSULA CAFFE MOCHA;ABARROTES
CAJA CHICA - CARAMBOLA;CARAMBOLA;FFVV
CAJA CHICA - CARAMELO BIG BEN SURTIDO X 100 UND;CARAMELO BIG BEN SURTIDO X 100 UND;ABARROTES
CAJA CHICA - CARAMELO BON AMI X 100 UND;CARAMELO BON AMI X 100 UND;ABARROTES
CAJA CHICA - CARAMELO CHICHA MORADA AMBROSOLI 100 UND;CARAMELO CHICHA MORADA AMBROSOLI 100 UND;ABARROTES
CAJA CHICA - CARAMELO CHICHA MORADA AMBROSOLI X 100 UND;CARAMELO CHICHA MORADA AMBROSOLI X 100 UND;ABARROTES
CAJA CHICA - CARAMELO CHICHA MORADA SAYON X 110 UND;CARAMELO CHICHA MORADA SAYON X 110 UND;ABARROTES
CAJA CHICA - CARAMELO DE LECHE X 100 UND;CARAMELO DE LECHE X 100 UND;ABARROTES
CAJA CHICA - CARAMELO DE LICOR;CARAMELO DE LICOR;ABARROTES
CAJA CHICA - CARAMELO DE LIMON;CARAMELO DE LIMON;ABARROTES
CAJA CHICA - CARAMELO GAJO SURTIDO X 100 UND;CARAMELO GAJO SURTIDO X 100 UND;ABARROTES
CAJA CHICA - CARAMELO GAJOS SURTIDOS X 100 UND;CARAMELO GAJOS SURTIDOS X 100 UND;ABARROTES
CAJA CHICA - CARAMELO HALLS CREAMY FRESA 100 UND.;CARAMELO HALLS CREAMY FRESA 100 UND.;ABARROTES
CAJA CHICA - CARAMELO HALLS CREAMY FRESA 2 UND;CARAMELO HALLS CREAMY FRESA 2 UND;ABARROTES
CAJA CHICA - CARAMELO HALLS MENTA 28 GR;CARAMELO HALLS MENTA 28 GR;ABARROTES
CAJA CHICA - CARAMELO HALLS ROJO 100 UND;CARAMELO HALLS ROJO 100 UND;ABARROTES
CAJA CHICA - CARAMELO LIMON ARCOR X 100 UND;CARAMELO LIMON ARCOR X 100 UND;ABARROTES
CAJA CHICA - CARAMELO MASTICABLE X 100 UND;CARAMELO MASTICABLE X 100 UND;ABARROTES
CAJA CHICA - CARAMELO MAX FRUTAS X 100 UND;CARAMELO MAX FRUTAS X 100 UND;ABARROTES
CAJA CHICA - CARAMELO MENTA CHOCOLATE 365 GR;CARAMELO MENTA CHOCOLATE 365 GR;ABARROTES
CAJA CHICA - CARAMELO MENTA CHOCOLATE X 73 UND;CARAMELO MENTA CHOCOLATE X 73 UND;ABARROTES
CAJA CHICA - CARAMELO MENTITAS MASTICRUNCH AMBROSOLI;CARAMELO MENTITAS MASTICRUNCH AMBROSOLI;ABARROTES
CAJA CHICA - CARAMELO PERITA X 100 UND;CARAMELO PERITA X 100 UND;ABARROTES
CAJA CHICA - CARAMELO SAYON LIMON X 100 UND;CARAMELO SAYON LIMON X 100 UND;ABARROTES
CAJA CHICA - CARAMELO SAYON LIMON X 120 UND;CARAMELO SAYON LIMON X 120 UND;ABARROTES
CAJA CHICA - CARAMELO SAYON PERITA X 100 UND;CARAMELO SAYON PERITA X 100 UND;ABARROTES
CAJA CHICA - CARAMELO SAYON YOGURT X 100 UND;CARAMELO SAYON YOGURT X 100 UND;ABARROTES
CAJA CHICA - CARAMELO SURTIDO AMBROSOLI;CARAMELO SURTIDO AMBROSOLI;ABARROTES
CAJA CHICA - CARAMELO TAMARINDO X 100 UND;CARAMELO TAMARINDO X 100 UND;ABARROTES
CAJA CHICA - CARAMELO TURRONELO SAYON UND;CARAMELO TURRONELO SAYON UND;ABARROTES
CAJA CHICA - CARBON VEGETAL NATURAL;CARBON VEGETAL NATURAL;KIOSKO
CAJA CHICA - CASHU KG;CASHU KG;ABARROTES
CAJA CHICA - CASTAÑA X 500 GR;CASTAÑA X 500 GR;ABARROTES
CAJA CHICA - CASTAÑAS 250 GR;CASTAÑAS 250 GR;ABARROTES
CAJA CHICA - CEBADA TOSTADA 2.5 KG;CEBADA TOSTADA 2.5 KG;ABARROTES
CAJA CHICA - CEBADA TOSTADA PLEBEYO;CEBADA TOSTADA PLEBEYO;ABARROTES
CAJA CHICA - CEBOLLA CHINA;CEBOLLA CHINA;FFVV
CAJA CHICA - CEBOLLA CHOCLITO;CEBOLLA CHOCLITO;ABARROTES
CAJA CHICA - CEBOLLA PERLA;CEBOLLA PERLA;ABARROTES
CAJA CHICA - CEBOLLA ROJA;CEBOLLA ROJA;FFVV
CAJA CHICA - CEBOLLA ROJA COCKTAIL REFRIGERADO;CEBOLLA ROJA COCKTAIL;FFVV
CAJA CHICA - CECINA DE CERDO;CECINA DE CERDO;CONGELADOS
CAJA CHICA - CEPILLO COLGATE PREMIER;CEPILLO COLGATE PREMIER;ABARROTES
CAJA CHICA - CERA ACRILICA 3.8 LT;CERA ACRILICA 3.8 LT;LIMPIEZA
CAJA CHICA - CERA AL AGUA 3.8 LT;CERA AL AGUA 3.8 LT;LIMPIEZA
CAJA CHICA - CERA AUTOBRILLANTE NEUTRAL TEKNOWA;CERA AUTOBRILLANTE NEUTRAL TEKNOWA;LIMPIEZA
CAJA CHICA - CERA EN PASTA AMARILLA LT;CERA EN PASTA AMARILLA LT;LIMPIEZA
CAJA CHICA - CERA EN PASTA BLANCA GLN;CERA EN PASTA BLANCA GLN;LIMPIEZA
CAJA CHICA - CERA EN PASTA NEGRA X 4 LT;CERA EN PASTA NEGRA X 4 LT;LIMPIEZA
CAJA CHICA - CERA EN PASTA ROJA X 4 LT;CERA EN PASTA ROJA X 4 LT;LIMPIEZA
CAJA CHICA - CERA LIQUIDA ROJA 4 LT;CERA LIQUIDA ROJA 4 LT;LIMPIEZA
CAJA CHICA - CERA MADERA SPRAY PRIDE 414 ML;CERA MADERA SPRAY PRIDE 414 ML;ABARROTES
CAJA CHICA - CERA PARA MADERA PREMIO 400 ML;CERA PARA MADERA PREMIO 400 ML;ABARROTES
CAJA CHICA - CERA PASTA AMARILLA 3.8 LT;CERA PASTA AMARILLA 3.8 LT;LIMPIEZA
CAJA CHICA - CERDO BONDIOLA CONGELADO KG;CERDO BONDIOLA CONGELADO KG;CONGELADOS
CAJA CHICA - CERDO PATA;CERDO PATA;CONGELADOS
CAJA CHICA - CEREAL ANGEL COPIX 170 GR;CEREAL ANGEL COPIX 170 GR;ABARROTES
CAJA CHICA - CEREAL ANGEL SHAPE 300 GR;CEREAL ANGEL SHAPE 300 GR;ABARROTES
CAJA CHICA - CEREAL CORN FLAKES KELLOGS 500 GR;CEREAL CORN FLAKES KELLOGS 500 GR;ABARROTES
CAJA CHICA - CEREAL FITNESS NESTLE 260 GR;CEREAL FITNESS NESTLE 260 GR;ABARROTES
CAJA CHICA - CEREAL GOLD MIEL 300 GR;CEREAL GOLD MIEL 300 GR;ABARROTES
CAJA CHICA - CEREAL GOLDEN BAR 21 GR;CEREAL GOLDEN BAR 21 GR;ABARROTES
CAJA CHICA - CEREAL GRANOLA X 200GR;CEREAL GRANOLA X 200GR;ABARROTES
CAJA CHICA - CEREAL MIEL ANGEL 420 GR;CEREAL MIEL ANGEL 420 GR;ABARROTES
CAJA CHICA - CEREAL MUSLI MANZANA X 300 GR; CEREAL MUSLI MANZANA X 300 GR;ABARROTES
CAJA CHICA - CEREAL NUTRICROKC TRIGO PUNCH 260 GR;CEREAL NUTRICROKC TRIGO PUNCH 260 GR;ABARROTES
CAJA CHICA - CEREAL ZUCARITAS KELLOGS 275 GR;CEREAL ZUCARITAS KELLOGS 275 GR;ABARROTES
CAJA CHICA - CEREZA MARRASQUINO 200 GR;CEREZA MARRASQUINO 200 GR;ABARROTES
CAJA CHICA - CEREZA MARRASQUINO KG;CEREZA MARRASQUINO KG;ABARROTES
CAJA CHICA - CEREZA MARRASQUINO PRINCESS 4.2 KG;CEREZA MARRASQUINO PRINCESS 4.2 KG;BEBIDAS
CAJA CHICA - CEREZAS MARRASQUINO X 1.5 KG;CEREZAS MARRASQUINO X 1.5 KG;ABARROTES
CAJA CHICA - CERVEZA BRAHMA X 600 ML;CERVEZA BRAHMA X 600 ML;ABARROTES
CAJA CHICA - CERVEZA CORONASIN ALCOHOL 355 ML; CERVEZA CORONASIN ALCOHOL 355 ML;BEBIDAS
CAJA CHICA - CERVEZA CUSQUEÑA MALTA X 625 ML;CERVEZA CUSQUEÑA MALTA X 625 ML;ABARROTES
CAJA CHICA - CERVEZA CUZQUEÑA DORADA BOT 330 ML X SIX PA;CERVEZA CUZQUEÑA DORADA BOT 330 ML X SIX PA;ABARROTES
CAJA CHICA - CERVEZA CUZQUEÑA NEGRA BOT 330 ML X SIX PACK;CERVEZA CUZQUEÑA NEGRA BOT 330 ML X SIX PACK;ABARROTES
CAJA CHICA - CERVEZA PILSEN 330 ML;CERVEZA PILSEN 330 ML;ABARROTES
CAJA CHICA - CERVEZA PILSEN BOTELLA X 310 ML X SIX PACK;CERVEZA PILSEN BOTELLA X 310 ML X SIX PACK;ABARROTES
CAJA CHICA - CERVEZA PILSEN X 625 ML;CERVEZA PILSEN X 625 ML;ABARROTES
CAJA CHICA - CHAMPAGNE ESPUMA 600 ML;CHAMPAGNE ESPUMA 600 ML;ABARROTES
CAJA CHICA - CHAMPAGNE PREMIER (750 ML);CHAMPAGNE PREMIER (750 ML);ABARROTES
CAJA CHICA - CHAMPAGNE TACAMA BRUT 750 ML;CHAMPAGNE TACAMA BRUT 750 ML;ABARROTES
CAJA CHICA - CHAMPIGÑONES CONGELADOS SORAYA;CHAMPIGÑONES CONGELADOS SORAYA;CONGELADOS
CAJA CHICA - CHAMPIGÑONES ENTEROS PACCU BANDEJA X 200 GR;CHAMPIGÑONES ENTEROS PACCU BANDEJA X 200 GR;ABARROTES
CAJA CHICA - CHAMPIGÑONES LA FLORENCIA X PQT DE 6;CHAMPIGÑONES LA FLORENCIA X PQT DE 6;ABARROTES
CAJA CHICA - CHAMPIGÑONES MUSHROOMS 450 GR;CHAMPIGÑONES MUSHROOMS 450 GR;ABARROTES
CAJA CHICA - CHAMPIÑONES FRESCO;CHAMPIÑONES FRESCO;ABARROTES
CAJA CHICA - CHANCACA PAMELA X 500 GR;CHANCACA PAMELA X 500 GR;ABARROTES
CAJA CHICA - CHANTILLY EN POLVO X 50 GR;CHANTILLY EN POLVO X 50 GR;REFRIGERADOS
CAJA CHICA - CHANTILLY LEVAPAN;CHANTILLY LEVAPAN;REFRIGERADOS
CAJA CHICA - CHANTYPACK PRESTO X 1.5 LT;CHANTYPACK PRESTO X 1.5 LT;REFRIGERADOS
CAJA CHICA - CHEESE TRIS 16 GR;CHEESE TRIS 16 GR;ABARROTES
CAJA CHICA - CHEESECAKE HELADO DE FRESA;CHEESECAKE HELADO DE FRESA;ABARROTES
CAJA CHICA - CHETOS PICANTE 16 GR;CHETOS PICANTE 16 GR;ABARROTES
CAJA CHICA - CHETOS SABOR QUESO 16 GR;CHETOS SABOR QUESO 16 GR;ABARROTES
CAJA CHICA - CHIA;CHIA;ABARROTES
CAJA CHICA - CHICHA DE JORA;CHICHA DE JORA;ABARROTES
CAJA CHICA - CHICHA MORADA GLORIA 400 ML;CHICHA MORADA GLORIA 400 ML;BEBIDAS
CAJA CHICA - CHICHARRON CHIPS FRITO LAY 43 GR;CHICHARRON CHIPS FRITO LAY 43 GR;ABARROTES
CAJA CHICA - CHICHARRON DE PRENSA REFRIGERADO KG;CHICHARRON DE PRENSA REFRIGERADO KG;REFRIGERADOS
CAJA CHICA - CHICKEN POWER X 1 KG;CHICKEN POWER X 1 KG;ABARROTES
CAJA CHICA - CHICLET BUBBALOO BANANA;CHICLET BUBBALOO BANANA;ABARROTES
CAJA CHICA - CHICLET BUBBALOO FRESA;CHICLET BUBBALOO FRESA;ABARROTES
CAJA CHICA - CHICLET BUBBALOO MENTA;CHICLET BUBBALOO MENTA;ABARROTES
CAJA CHICA - CHICLETS ADAMS 17.4 GR (X12);CHICLETS ADAMS 17.4 GR (X12);ABARROTES
CAJA CHICA - CHICLETS ADAMS 2.9 GR (X 2);CHICLETS ADAMS 2.9 GR (X 2);ABARROTES
CAJA CHICA - CHICLETS CLORETS CHICO;CHICLETS CLORETS CHICO;ABARROTES
CAJA CHICA - CHICLETS TRIDENT X 8.5 GR;CHICLETS TRIDENT X 8.5 GR;ABARROTES
CAJA CHICA - CHIFLE KARINTO X 45 GR;CHIFLE KARINTO X 45 GR;ABARROTES
CAJA CHICA - CHIFLES 21 GR;CHIFLES 21 GR;ABARROTES
CAJA CHICA - CHIFLES KARINTO 35 GR;CHIFLES KARINTO 35 GR;ABARROTES
CAJA CHICA - CHINCHO FRESCO;CHINCHO FRESCO;ABARROTES
CAJA CHICA - CHINGOLO DE RES CONGELADO IMPORTADO;CHINGOLO DE RES CONGELADO IMPORTADO;CONGELADOS
CAJA CHICA - CHIRIMOYA;CHIRIMOYA;ABARROTES
CAJA CHICA - CHIVES;CHIVES;ABARROTES
CAJA CHICA - CHIZITO CHIPY X 23 GR;CHIZITO CHIPY X 23 GR;ABARROTES
CAJA CHICA - CHIZITO X 200 GR;CHIZITO X 200 GR;ABARROTES
CAJA CHICA - CHOCLO BB;CHOCLO BB;ABARROTES
CAJA CHICA - CHOCLO ENTERO REFRIGERADO;CHOCLO ENTERO;FFVV
CAJA CHICA - CHOCMAN;CHOCMAN;ABARROTES
CAJA CHICA - CHOCO DONUTS X 28 GR X 6 UND;CHOCO DONUTS X 28 GR X 6 UND;ABARROTES
CAJA CHICA - CHOCOLATE CHIPS PARA KEKE X KG; CHOCOLATE CHIPS PARA KEKE X KG;ABARROTES
CAJA CHICA - CHOCOLATE COSTANUSS 10 GR;CHOCOLATE COSTANUSS 10 GR;ABARROTES
CAJA CHICA - CHOCOLATE DE TAZA 150 GR;CHOCOLATE PARA TAZA;ABARROTES
CAJA CHICA - CHOCOLATE DE TAZA 90 GR;CHOCOLATE PARA TAZA;ABARROTES
CAJA CHICA - CHOCOLATE HERSHEYS SYRUP;CHOCOLATE HERSHEYS SYRUP;ABARROTES
CAJA CHICA - CHOCOLATE MILKY IBERICA;CHOCOLATE MILKY IBERICA;KIOSKO
CAJA CHICA - CHOCOLATE MONEDA CARIBU X 100 UND;CHOCOLATE MONEDA CARIBU X 100 UND;ABARROTES
CAJA CHICA - CHOCOLATE NEGRO SUBLIME 32 GR;CHOCOLATE NEGRO SUBLIME GR;KIOSKO
CAJA CHICA - CHOCOLATE NEGRO SUBLIME 8 GR;CHOCOLATE NEGRO SUBLIME GR;ABARROTES
CAJA CHICA - CHOCOLATE PRINCESA;CHOCOLATE PRINCESA;ABARROTES
CAJA CHICA - CHOCOLATE PRIVILEGIO 5 SABORES X 100 UND;CHOCOLATE PRIVILEGIO 5 SABORES X 100 UND;ABARROTES
CAJA CHICA - CHOCOLATE RELLENO VIZZIO COSTA 24 GR;CHOCOLATE RELLENO VIZZIO COSTA 24 GR;KIOSKO
CAJA CHICA - CHOCOLATE SUBLIME NEGRO 8 GR;CHOCOLATE SUBLIME NEGRO 8 GR;ABARROTES
CAJA CHICA - CHOCOLATE TOBLERONES DE 74GR;CHOCOLATE TOBLERONES DE 74GR;ABARROTES
CAJA CHICA - CHOCOLATES MILKY 20 UND;CHOCOLATES MILKY 20 UND;ABARROTES
CAJA CHICA - CHOCOLENTEJAS 32 GR;CHOCOLENTEJAS 32 GR;ABARROTES
CAJA CHICA - CHOCOLISTO X 320 GR;CHOCOLISTO X 320 GR;ABARROTES
CAJA CHICA - CHOCOMONEDAS CARIBU X 100 UND;CHOCOMONEDAS CARIBU X 100 UND;ABARROTES
CAJA CHICA - CHORI FINA HIE C;CHORI FINA HIE C;ABARROTES
CAJA CHICA - CHORI TALIA SEGO;CHORI TALIA SEGO;ABARROTES
CAJA CHICA - CHORIZO ARGENTINO KG;CHORIZO ARGENTINO KG;CONGELADOS
CAJA CHICA - CHORIZO PARRILLERO CONGELADO;CHORIZO PARRILLERO CONGELADO;CONGELADOS
CAJA CHICA - CHORIZO PARRILLERO REFRIGERADO KG;CHORIZO PARRILLERO REFRIGERADO KG;REFRIGERADOS
CAJA CHICA - CHORIZO PRECOCIDO X 1 UND;CHORIZO PRECOCIDO X 1 UND;CONGELADOS
CAJA CHICA - CHOTA DESHILADA;CHOTA DESHILADA;ABARROTES
CAJA CHICA - CHUÑO TOÑA X KG;CHUÑO TOÑA X KG;ABARROTES
CAJA CHICA - CHUPETIN 12 GR;CHUPETIN 12 GR;ABARROTES
CAJA CHICA - CHUPETIN BON BON BUN X 24 UND;CHUPETIN BON BON BUN X 24 UND;ABARROTES
CAJA CHICA - CHUPETIN DIVERTILOLY X 50 UND;CHUPETIN DIVERTILOLY X 50 UND;ABARROTES
CAJA CHICA - CHUPETIN GLOBO POP SURTIDO X 24 UND;CHUPETIN GLOBO POP SURTIDO X 24 UND;ABARROTES
CAJA CHICA - CHUPETIN TIPITIN X 50 UND;CHUPETIN TIPITIN X 50 UND;ABARROTES
CAJA CHICA - CIFRUT FRUIT 500 ML;CIFRUT FRUIT 500 ML;ABARROTES
CAJA CHICA - CIFRUT FRUIT X 3 LT;CIFRUT FRUIT X 3 LT;ABARROTES
CAJA CHICA - CIGARRO HAMILTON LIGTH X 20 UND;CIGARRO HAMILTON LIGTH X 20 UND;ABARROTES
CAJA CHICA - CIGARROS LUCKY STRIKE AZUL X 10 UND;CIGARROS LUCKY STRIKE AZUL X 10 UND;ABARROTES
CAJA CHICA - CIGARROS LUCKY STRIKE AZUL X 20 UND;CIGARROS LUCKY STRIKE AZUL X 20 UND;ABARROTES
CAJA CHICA - CIGARROS LUCKY STRIKE MENTA X 10 UND; CIGARROS LUCKY STRIKE MENTA X 10 UND;ABARROTES
CAJA CHICA - CIGARROS LUCKY STRIKE MENTA X 20 UND; CIGARROS LUCKY STRIKE MENTA X 20 UND;ABARROTES
CAJA CHICA - CIGARROS LUCKY STRIKE ROJO 10 UND;CIGARROS LUCKY STRIKE ROJO 10 UND;ABARROTES
CAJA CHICA - CIGARROS WINSTON BLUE 10 UND;CIGARROS WINSTON BLUE 10 UND;ABARROTES
CAJA CHICA - CIGARROS WINSTON ROJO 10 UND;CIGARROS WINSTON ROJO 10 UND;ABARROTES
CAJA CHICA - CINTA PARA MARCAR ROPA;CINTA PARA MARCAR ROPA;LIMPIEZA
CAJA CHICA - CINTAS TRANSPARENTES;CINTAS TRANSPARENTES;ABARROTES
CAJA CHICA - CIRUELA SECA 250 GR;CIRUELA SECA 250 GR;ABARROTES
CAJA CHICA - CLAVO DE OLOR TOÑA X KG;CLAVO DE OLOR TOÑA X KG;ABARROTES
CAJA CHICA - CLAX SUAVE 20 LT;CLAX SUAVE 20 LT;ABARROTES
CAJA CHICA - COBERTURA BITTER NEGRO;COBERTURA BITTER NEGRO;ABARROTES
CAJA CHICA - COBERTURA DE LECHE;COBERTURA DE LECHE;ABARROTES
CAJA CHICA - COCA COLA X 3 LT;COCA COLA X 3 LT;ABARROTES
CAJA CHICA - COCA COLA ZERO 500 ML;COCA COLA ZERO 500 ML;ABARROTES
CAJA CHICA - COCA COLA ZERO X 500ML; COCA COLA ZERO X 500ML;ABARROTES
CAJA CHICA - COCKTAIL DE NUECES VALLEALTO 180 GR;COCKTAIL DE NUECES;ABARROTES
CAJA CHICA - COCKTAIL FRUTAS 822 GR;COCKTAIL FRUTAS 822 GR;ABARROTES
CAJA CHICA - COCKTAIL NUECES VALLE ALTO X 100 GR;COCKTAIL NUECES VALLE ALTO X 100 GR;ABARROTES
CAJA CHICA - COCO RALLADO X 500 GR;COCO RALLADO X 500 GR;ABARROTES
CAJA CHICA - COCOA GRANEL;COCOA A GRANEL;ABARROTES
CAJA CHICA - COCOA LA ABUELITA X 160 GR;COCOA A GRANEL;ABARROTES
CAJA CHICA - COCOA WINTER X 160 GR;COCOA A GRANEL;ABARROTES
CAJA CHICA - COCOA WINTER X 45 GR;COCOA A GRANEL;ABARROTES
CAJA CHICA - COCONA;COCONA;FFVV
CAJA CHICA - COL CHINA;COL CHINA;FFVV
CAJA CHICA - COL CORAZON;COL CORAZON;ABARROTES
CAJA CHICA - COLA DE CABALLO;COLA DE CABALLO;REFRIGERADOS
CAJA CHICA - COLAPIZ EN LAMINA 5 GR;COLAPIZ EN LAMINA 5 GR;ABARROTES
CAJA CHICA - COLAPIZ EN LAMINA GELITA 1 KG;COLAPIZ EN LAMINA GELITA 1 KG;ABARROTES
CAJA CHICA - COLAPIZ X 20 GR;COLAPIZ X 20 GR;ABARROTES
CAJA CHICA - COLIFLOR CONGELADO;COLIFLOR CONGELADO;CONGELADOS
CAJA CHICA - COLITA DE CUADRIL DE RES ANGUS;COLITA DE CUADRIL DE RES ANGUS;ABARROTES
CAJA CHICA - COLOR AMARILLO LIMON ELYASAN 30CC;COLOR AMARILLO LIMON ELYASAN 30CC;ABARROTES
CAJA CHICA - COLOR AZUL ELYASAN 30CC;COLOR AZUL ELYASAN 30CC;ABARROTES
CAJA CHICA - COLOR CARAMELO LEVAPAN 500 ML;COLOR CARAMELO LEVAPAN 500 ML;ABARROTES
CAJA CHICA - COLOR ROJO INTENSO ELYASAN 30CC;COLOR ROJO INTENSO ELYASAN 30CC;ABARROTES
CAJA CHICA - COLOR VERDE HOJA ELYASAN 30CC;COLOR VERDE HOJA ELYASAN 30CC;ABARROTES
CAJA CHICA - COLORANTE A LA GRASA FRATELLO X 5 GR;COLORANTE A LA GRASA FRATELLO X 5 GR;ABARROTES
CAJA CHICA - COLORANTE ALIMENTO GEL AZUL;COLORANTE ALIMENTO GEL AZUL;ABARROTES
CAJA CHICA - COLORANTE ALIMENTO GEL LILA;COLORANTE ALIMENTO GEL LILA;ABARROTES
CAJA CHICA - COLORANTE ELYASAN 30 ML;COLORANTE ELYASAN 30 ML;DESCARTABLES
CAJA CHICA - COLORANTE LIQUIDO FRATELLO X 30 ML;COLORANTE LIQUIDO FRATELLO X 30 ML;ABARROTES
CAJA CHICA - COLORANTE PASTELERO;COLORANTE PASTELERO;ABARROTES
CAJA CHICA - COLORANTE PASTICOL;COLORANTE PASTICOL;ABARROTES
CAJA CHICA - COMINO MOLIDO TOÑA;COMINO MOLIDO;ABARROTES
CAJA CHICA - CONCENTRADO DE MAIZ MORADO;CONCENTRADO DE MAIZ MORADO;BEBIDAS
CAJA CHICA - CONCENTRADO DE MANZANA;CONCENTRADO DE MANZANA;BEBIDAS
CAJA CHICA - CONCENTRADO DE MARACUYA;CONCENTRADO DE MARACUYA;BEBIDAS
CAJA CHICA - CONO BARQUILLO;CONO BARQUILLO;ABARROTES
CAJA CHICA - CONO BARQUILLO AMARILLO X 1250 UND;CONO BARQUILLO AMARILLO X 1250 UND;CONGELADOS
CAJA CHICA - CONO CANCHERO X 10 UND;CONO CANCHERO X 10 UND;ABARROTES
CAJA CHICA - CONSERVA FLORIDA CORAZON DE ALCACHOFA;CONSERVA FLORIDA CORAZON DE ALCACHOFA;ABARROTES
CAJA CHICA - CONSERVA PALMITO ENTERO;CONSERVA PALMITO ENTERO;ABARROTES
CAJA CHICA - CONSERVA VALLE FERTIL FONDO DE ALCACHOFA;CONSERVA VALLE FERTIL FONDO DE ALCACHOFA;ABARROTES
CAJA CHICA - CONTENEDOR TERMICO CT1 X 50 UND;CONTENEDOR TERMICO CT1 X 50 UND;ABARROTES
CAJA CHICA - CONTENEDOR TERMICO D4051XX  CT3 200 UND;CONTENEDOR TERMICO D4051XX  CT3 200 UND;DESCARTABLES
CAJA CHICA - COPA FLORENTINA ACRILICA X UND;COPA FLORENTINA ACRILICA X UND;ABARROTES
CAJA CHICA - COPA FLORENTINA TRANSPARENTE C/10;COPA FLORENTINA TRANSPARENTE C/10;ABARROTES
CAJA CHICA - COPON OVALADO D14X;COPON OVALADO D14X;ABARROTES
CAJA CHICA - CORAZON DE ALCACHOFA EN AGUA;CORAZON DE ALCACHOFA EN AGUA;ABARROTES
CAJA CHICA - CORAZON DE ALCACHOFA VALLE FERTIL 410 GR;CORAZON DE ALCACHOFA VALLE FERTIL 410 GR;ABARROTES
CAJA CHICA - CORTA UÑA;CORTA UÑA;ABARROTES
CAJA CHICA - CORTAUÑA DELFIN GRANDE;CORTAUÑA DELFIN GRANDE;ABARROTES
CAJA CHICA - CREMA CHANTILLY PURATOS;CREMA CHANTILLY PURATOS;REFRIGERADOS
CAJA CHICA - CREMA DE CHAMPIÑONES X 1 KG;CREMA DE CHAMPIÑONES X 1 KG;ABARROTES
CAJA CHICA - CREMA DE COCO;CREMA DE COCO;ABARROTES
CAJA CHICA - CREMA DE COCO SELVA 270 ML;CREMA DE COCO SELVA 270 ML;ABARROTES
CAJA CHICA - CREMA DE COCO WISLAN;CREMA DE COCO WISLAN;ABARROTES
CAJA CHICA - CREMA DE ESPARRAGOS X 1 GR;CREMA DE ESPARRAGOS X 1 GR;ABARROTES
CAJA CHICA - CREMA DE LECHE NESTLE 300;CREMA DE LECHE NESTLE 300;ABARROTES
CAJA CHICA - CREMA DE LECHE X 1 LT;CREMA DE LECHE X 1 LT;ABARROTES
CAJA CHICA - CREMA NIVEA 30 ML;CREMA NIVEA 30 ML;ABARROTES
CAJA CHICA - CREMA SABOR A COCO ARO 800 ML;CREMA SABOR A COCO ARO 800 ML;ABARROTES
CAJA CHICA - CREMOR TARTARO BADIA X 907.2;CREMOR TARTARO BADIA X 907.2;ABARROTES
CAJA CHICA - CRISINOS SALADOS DE YUCA;CRISINOS SALADOS DE YUCA;ABARROTES
CAJA CHICA - CRISMELOS X 100 UND;CRISMELOS X 100 UND;ABARROTES
CAJA CHICA - CRUSH PIÑA X 3 LT;CRUSH PIÑA X 3 LT;ABARROTES
CAJA CHICA - CUATES NATURAL KARINTO 26/23 GR;CUATES NATURAL KARINTO 26/23 GR;ABARROTES
CAJA CHICA - CUATES NORML 40 GR;CUATES NORML 40 GR;ABARROTES
CAJA CHICA - CUATES PICANTE 40 GR;CUATES PICANTE 40 GR;ABARROTES
CAJA CHICA - CUATES PICANTE 43 GR;CUATES PICANTE 43 GR;ABARROTES
CAJA CHICA - CUCHARA PARA SOPA X 50 UND;CUCHARA PARA SOPA X 50 UND;DESCARTABLES
CAJA CHICA - CUCHARAS ACRILICAS X 50 UND;CUCHARAS ACRILICAS X 50 UND;ABARROTES
CAJA CHICA - CUCHILLO DESCARTABLE 100 UND;CUCHILLO DESCARTABLE 100 UND;DESCARTABLES
CAJA CHICA - CUCHILLO PARA SEGUNDO DESCARTABLE 50 UND;CUCHILLO PARA SEGUNDO DESCARTABLE 50 UND;DESCARTABLES
CAJA CHICA - CUCHILLOS BLANCOS X 100 UND;CUCHILLOS BLANCOS X 100 UND;ABARROTES
CAJA CHICA - CULANTRO;CULANTRO;FFVV
CAJA CHICA - CULANTRO CRESPO;CULANTRO;LIMPIEZA
CAJA CHICA - CURRY;CURRY;ABARROTES
CAJA CHICA - D TODITO SNACK 50 GR;D TODITO SNACK 50 GR;ABARROTES
CAJA CHICA - DECORACIONES PARA BEBIDAS (SOMBRILLA) – 100 UNI;DECORACIONES PARA BEBIDAS (SOMBRILLA) – 100 UNI;ABARROTES
CAJA CHICA - DELFIN DE CHOCOLATE CHICO;DELFIN DE CHOCOLATE CHICO;ABARROTES
CAJA CHICA - DENTRIFICO DENTO MENTA NATURAL 75 ML;DENTRIFICO DENTO MENTA NATURAL 75 ML;ABARROTES
CAJA CHICA - DESATORADOR PARA BAÑO 980 ML SAPOLIO;DESATORADOR PARA BAÑO 980 ML SAPOLIO;ABARROTES
CAJA CHICA - DESINFECTANTE LIMPIA TODO 900 ML;DESINFECTANTE LIMPIA TODO 900 ML;ABARROTES
CAJA CHICA - DESINFECTANTE OASIS PRO;DESINFECTANTE OASIS PRO;LIMPIEZA
CAJA CHICA - DESINFECTANTE PINO SAPOLIO 3.8 LT;DESINFECTANTE PINO SAPOLIO 3.8 LT;BEBIDAS
CAJA CHICA - DESINFECTANTE WATERMATIC;DESINFECTANTE WATERMATIC;ABARROTES
CAJA CHICA - DESODORANTE REXONA HOMBRE SACHET 10GR;DESODORANTE REXONA HOMBRE SACHET 10GR;ABARROTES
CAJA CHICA - DESODORANTE SPRAY AXE 160 ML;DESODORANTE SPRAY AXE 160 ML;ABARROTES
CAJA CHICA - DETERGENTE ACE;DETERGENTE ACE;LIMPIEZA
CAJA CHICA - DETERGENTE BLANCA NIEVE 25 KG;DETERGENTE BLANCA NIEVE 25 KG;LIMPIEZA
CAJA CHICA - DETERGENTE GRANEL 15 KG;DETERGENTE GRANEL 15 KG;LIMPIEZA
CAJA CHICA - DETERGENTE MARSELLA 2.3 KG;DETERGENTE MARSELLA 2.3 KG;LIMPIEZA
CAJA CHICA - DETERGENTE SAPOLIO SACO X 15 KG;DETERGENTE SAPOLIO SACO X 15 KG;LIMPIEZA
CAJA CHICA - DONITO HELADO VAINILLA /LUCUMA X 40 UND;DONITO HELADO VAINILLA /LUCUMA X 40 UND;CONGELADOS
CAJA CHICA - DORITOS FUEGO 43 GR;DORITOS FUEGO 43 GR;ABARROTES
CAJA CHICA - DURAZNO;DURAZNO;FFVV
CAJA CHICA - DURAZNO ACONCAGUA 4 ONZ; DURAZNO ACONCAGUA 4 ONZ;ABARROTES
CAJA CHICA - DURAZNO EN ALMIBAR ACONCAGUA 822 GR;DURAZNO EN ALMIBAR ACONCAGUA 822 GR;ABARROTES
CAJA CHICA - ECOLAB ALCOHOL GEL SANIGIZER 800 ML;ECOLAB ALCOHOL GEL SANIGIZER 800 ML;LIMPIEZA
CAJA CHICA - ECOLAB AMBIENTADOR MORNING BREEZE 2 LT;ECOLAB AMBIENTADOR MORNING BREEZE 2 LT;ABARROTES
CAJA CHICA - ECOLAB AMBIENTADOR OASIS PRO MORNIN;ECOLAB AMBIENTADOR OASIS PRO MORNIN;BEBIDAS
CAJA CHICA - ECOLAB DESINCRUSTANTE LIME AWAY 3.78;ECOLAB DESINCRUSTANTE LIME AWAY 3.78;BEBIDAS
CAJA CHICA - ECOLAB DETERGENTE ANTIBACTERIAL OASIS 2 LT;ECOLAB DETERGENTE ANTIBACTERIAL OASIS 2 LT;LIMPIEZA
CAJA CHICA - ECOLAB ECO STAR BUILDER C 15 GL;ECOLAB ECO STAR BUILDER C 15 GL;ABARROTES
CAJA CHICA - ECOLAB GREASESTRIP PLUS;ECOLAB GREASESTRIP PLUS;LIMPIEZA
CAJA CHICA - ECOLAB JABON PARA MANOS CLEAN & SMOTH;ECOLAB JABON PARA MANOS CLEAN & SMOTH;LIMPIEZA
CAJA CHICA - ECOLAB PANTASTICK 5 GLN;ECOLAB PANTASTICK 5 GLN;ABARROTES
CAJA CHICA - ECOLAB QUICK FILL 310 2.5 GL;ECOLAB QUICK FILL 310 2.5 GL;LIMPIEZA
CAJA CHICA - ECOLAB SANITIZANTE MIKRO KLENE 3.785;ECOLAB SANITIZANTE MIKRO KLENE 3.785;BEBIDAS
CAJA CHICA - ECOLAB TRI STAR OXY BRITE 5 GL;ECOLAB TRI STAR OXY BRITE 5 GL;ABARROTES
CAJA CHICA - ECOLAB VICTORY DESINFECTANTE 5802;ECOLAB VICTORY DESINFECTANTE 5802;LIMPIEZA
CAJA CHICA - EDULCORANTE 62 GR;EDULCORANTE 62 GR;ABARROTES
CAJA CHICA - EDULCORANTE EQUAL X 200 UND;EDULCORANTE EQUAL X 200 UND;ABARROTES
CAJA CHICA - EDULCORANTE SPLENDA X 100 SOBRE;EDULCORANTE SPLENDA X 100 SOBRE;ABARROTES
CAJA CHICA - EDULCORANTE SUGAFOR 200 UND;EDULCORANTE SUGAFOR 200 UND;ABARROTES
CAJA CHICA - EDULCORANTE SUGAFOR POLVO 200 X 1GR;EDULCORANTE SUGAFOR POLVO 200 X 1GR;ABARROTES
CAJA CHICA - EDULCORANTE WONG TABLETA X 100;EDULCORANTE WONG TABLETA X 100;ABARROTES
CAJA CHICA - EDULCORANTE X 50 UND;EDULCORANTE X 50 UND;ABARROTES
CAJA CHICA - EMBACE PARA CUP CAKE N°9 (5 OZ) X100 UND;EMBACE PARA CUP CAKE N°9 (5 OZ) X100 UND;ABARROTES
CAJA CHICA - EMPANADA CLASICA;EMPANADA CLASICA;ABARROTES
CAJA CHICA - EMPANADA DE CARNE X 90 GR;EMPANADA DE CARNE X 90 GR;ABARROTES
CAJA CHICA - EMPANADA DE POLLO X 90 GR;EMPANADA DE POLLO X 90 GR;CONGELADOS
CAJA CHICA - EMPANADA MIXTA X 90 GR;EMPANADA MIXTA X 90 GR;ABARROTES
CAJA CHICA - EMULSIFICANTE LEVAPAN X 1 KG;EMULSIFICANTE LEVAPAN X 1 KG;ABARROTES
CAJA CHICA - ENCENDEDOR;ENCENDEDOR;ABARROTES
CAJA CHICA - ENCURTIDO DE AJI X KG;ENCURTIDO DE AJI X KG;ABARROTES
CAJA CHICA - ENDULZANTE GLUCOSA FRATEL FRASCO X 1 KG;ENDULZANTE GLUCOSA FRATEL FRASCO X 1 KG;ABARROTES
CAJA CHICA - ENERGIZANTE MILO X 400 GR;ENERGIZANTE MILO X 400 GR;ABARROTES
CAJA CHICA - ENERGIZANTE VOLT 300ML;ENERGIZANTE VOLT 300ML;ABARROTES
CAJA CHICA - ENJUAGUE DENTAL DENTO 250 ML;ENJUAGUE DENTAL DENTO 250 ML;ABARROTES
CAJA CHICA - ENRGIZANTE RED BULL ENERGYDRINK 250ML;ENRGIZANTE RED BULL ENERGYDRINK 250ML;ABARROTES
CAJA CHICA - ENRGIZANTE RED BULL SUGARFREE 250ML;ENRGIZANTE RED BULL SUGARFREE 250ML;ABARROTES
CAJA CHICA - ENRGIZANTE RED BULL TROPICAL 250ML;ENRGIZANTE RED BULL TROPICAL 250ML;ABARROTES
CAJA CHICA - ENSALADA DE RUSA CONGELADO KG;ENSALADA DE RUSA CONGELADO KG;CONGELADOS
CAJA CHICA - ENVASE DE 1 LT SUPER FAST PAK X 50 UND;ENVASE DE 1 LT SUPER FAST PAK X 50 UND;DESCARTABLES
CAJA CHICA - ENVASE DELI 1 LT SUPER FAST TR + TAPATR;ENVASE DELI 1 LT SUPER FAST TR + TAPATR;DESCARTABLES
CAJA CHICA - ENVASE DELI 1/2 LT SUPER FAST TR + TAPATR;ENVASE DELI 1/2 LT SUPER FAST TR + TAPATR;DESCARTABLES
CAJA CHICA - ENVASE DESCARTABLE 8 OZX100UND;ENVASE DESCARTABLE 8 OZX100UND;DESCARTABLES
CAJA CHICA - ENVASE DESCARTABLE RECTANGULAR C/TAPA 32 OZ 100;ENVASE DESCARTABLE RECTANGULAR C/TAPA 32 OZ 100;DESCARTABLES
CAJA CHICA - ENVASE PLASTICO REDONDO C/TAPA 1 LT;ENVASE PLASTICO REDONDO C/TAPA 1 LT;DESCARTABLES
CAJA CHICA - ENVASE PLASTICO REDONDO C/TAPA 250 CC;ENVASE PLASTICO REDONDO C/TAPA 250 CC;DESCARTABLES
CAJA CHICA - ENVASE PLASTICO REDONDO C/TAPA 500 ML (16 OZ);ENVASE PLASTICO REDONDO C/TAPA 500 ML (16 OZ);DESCARTABLES
CAJA CHICA - ENVASES DESCARTABLES C/ TAPA 25 UND;ENVASES DESCARTABLES C/ TAPA 25 UND;DESCARTABLES
CAJA CHICA - ENVASES TERMICOS CT5 500 GR;ENVASES TERMICOS CT5 500 GR;DESCARTABLES
CAJA CHICA - ENVSE DELI 1 LT SUPER FAST TR + TAPATR;ENVSE DELI 1 LT SUPER FAST TR + TAPATR;ABARROTES
CAJA CHICA - ESCARCHA COMESTIBLE X 5 GR; ESCARCHA COMESTIBLE X 5 GR;ABARROTES
CAJA CHICA - ESCOBA BAJA POLICIA;ESCOBA BAJA POLICIA;ABARROTES
CAJA CHICA - ESCOBA PLÁSTICO DALIA TASK;ESCOBA PLÁSTICO DALIA TASK;ABARROTES
CAJA CHICA - ESCOBA SUPER DALIA X UNIDAD; ESCOBA SUPER DALIA X UNIDAD;ABARROTES
CAJA CHICA - ESCOBILLA DE PLASTICO PARA SANITARIO S/BASE;ESCOBILLA DE PLASTICO PARA SANITARIO S/BASE;ABARROTES
CAJA CHICA - ESCOBILLA PARA ROPA;ESCOBILLA PARA ROPA;DESCARTABLES
CAJA CHICA - ESCOBILLA PARA UÑAS;ESCOBILLA PARA UÑAS;ABARROTES
CAJA CHICA - ESENCIA DE ANIS X GALON 0.8 KG;ESENCIA DE ANIS X GALON 0.8 KG;ABARROTES
CAJA CHICA - ESENCIA DE NARANJA X GALON 3 KG;ESENCIA DE NARANJA X GALON 3 KG;ABARROTES
CAJA CHICA - ESENCIA DE VAINILLA X LT;ESENCIA DE VAINILLA X LT;ABARROTES
CAJA CHICA - ESPARRAGO FRESCO;ESPARRAGO FRESCO;ABARROTES
CAJA CHICA - ESPARRAGO FRESCO X KG;ESPARRAGO FRESCO X KG;ABARROTES
CAJA CHICA - ESPARRAGOS LARGES FLORIDA 360 GR;ESPARRAGOS LARGES FLORIDA 360 GR;ABARROTES
CAJA CHICA - ESPINACA;ESPINACA;FFVV
CAJA CHICA - ESPONJA DE METAL;ESPONJA DE METAL;LIMPIEZA
CAJA CHICA - ESPONJA NEGRA PARA PARRILLA;ESPONJA NEGRA PARA PARRILLA;LIMPIEZA
CAJA CHICA - ESPONJA VERDE SAPOLIO;ESPONJA VERDE SAPOLIO;LIMPIEZA
CAJA CHICA - ESPUMANTE ESPECIAL TABERNERO;ESPUMANTE ESPECIAL TABERNERO;ABARROTES
CAJA CHICA - ESTRAGON FRESCO;ESTRAGON FRESCO;ABARROTES
CAJA CHICA - FAJA PARA CAJA DE AGUA 19X27X39 20 LT;FAJA PARA CAJA DE AGUA 19X27X39 20 LT;ABARROTES
CAJA CHICA - FANSI TIANTAN 500GR;FANSI TIANTAN 500GR;ABARROTES
CAJA CHICA - FANTA KOLA INGLESA X 1.75 LT;FANTA KOLA INGLESA X 1.75 LT;ABARROTES
CAJA CHICA - FANTA NARANJA X 1.75 LT; FANTA NARANJA X 1.75 LT;ABARROTES
CAJA CHICA - FIDEO 250 GR;FIDEO 250 GR;ABARROTES
CAJA CHICA - FIDEO CANUTO NICOLINI X 250 GR;FIDEO CANUTO;ABARROTES
CAJA CHICA - FIDEO CARACOL CHICO DON VITTORIO 250 GR;FIDEO CARACOL CHICO DON VITTORIO 250 GR;ABARROTES
CAJA CHICA - FIDEO CARACOL X 250 GR;FIDEO CARACOL X 250 GR;ABARROTES
CAJA CHICA - FIDEO CODITO CHICO NICOLINI 250 GR;FIDEO CODITO CHICO NICOLINI 250 GR;ABARROTES
CAJA CHICA - FIDEO CORBATA NICOLINI 250 GR;FIDEO CORBATA NICOLINI 250 GR;ABARROTES
CAJA CHICA - FIDEO FUSSILI 250 GR;FIDEO FUSSILI 250 GR;ABARROTES
CAJA CHICA - FIDEO KUISHUPAI ANCHO 250 GR;FIDEO KUISHUPAI ANCHO 250 GR;ABARROTES
CAJA CHICA - FIDEO KUISHUPAI ANCHO 250GR;FIDEO KUISHUPAI ANCHO 250GR;ABARROTES
CAJA CHICA - FIDEO MUNICION 250 GR;FIDEO MUNICION 250 GR;ABARROTES
CAJA CHICA - FIDEO PARA SOPA X 250 GR;FIDEO PARA SOPA X 250 GR;ABARROTES
CAJA CHICA - FIDEO RIGATONI NICOLINI 250 GR;FIDEO RIGATONI NICOLINI 250 GR;ABARROTES
CAJA CHICA - FIDEO SA HO FAN X 1 KG;FIDEO SA HO FAN X 1 KG;ABARROTES
CAJA CHICA - FIDEO SPAGHETI NICOLINI X 10 KG;FIDEO SPAGHETI NICOLINI X 10 KG;ABARROTES
CAJA CHICA - FIDEO SPAGUETTY ALIANZA X KG;FIDEO SPAGUETTY ALIANZA X KG;ABARROTES
CAJA CHICA - FIDEO TORNILLO CHICO NICOLINI X 250 GR;FIDEO TORNILLO CHICO NICOLINI X 250 GR;ABARROTES
CAJA CHICA - FIDEO TORNILLO DON VITTORIO 250 GR;FIDEO TORNILLO DON VITTORIO 250 GR;ABARROTES
CAJA CHICA - FIDEOS PICANTE SABOR A CARNE 110 GR;FIDEOS PICANTE SABOR A CARNE 110 GR;ABARROTES
CAJA CHICA - FIDEOS SABOR A CARNE 110 GR;FIDEOS SABOR A CARNE 110 GR;ABARROTES
CAJA CHICA - FIDEOS SABOR A CERDO 110 GR;FIDEOS SABOR A CERDO 110 GR;CONGELADOS
CAJA CHICA - FIDEOS SABOR A MARISCOS 110 GR;FIDEOS SABOR A MARISCOS 110 GR;ABARROTES
CAJA CHICA - FIDEOS SABOR AJO / JEMGIBRE CHILES PICANTE 110;FIDEOS SABOR AJO / JEMGIBRE CHILES PICANTE 110;ABARROTES
CAJA CHICA - FILETE DE PECHUGA DE POLLO (90-150 GR) S/PIEL R;FILETE DE PECHUGA DE POLLO (90-150 GR) S/PIEL R;CONGELADOS
CAJA CHICA - FILETE DE SALMON X KG;FILETE DE SALMON X KG;ABARROTES
CAJA CHICA - FILM PLASTICO 18 X 5000;FILM PLASTICO 18 X 5000;DESCARTABLES
CAJA CHICA - FINAS HIERBAS;FINAS HIERBAS;REFRIGERADOS
CAJA CHICA - FLAN DE CHOCOLATE GELANDINA 5 KG;FLAN DE CHOCOLATE GELANDINA 5 KG;ABARROTES
CAJA CHICA - FLAN DE CHOCOLATE INSTANTANEO 5 KG;FLAN DE CHOCOLATE INSTANTANEO 5 KG;ABARROTES
CAJA CHICA - FLAN DE MANJAR BLANCO INSTANTANEO;FLAN DE MANJAR BLANCO INSTANTANEO;ABARROTES
CAJA CHICA - FLAN DE VAINILLA ROYAL 250 GR;FLAN DE VAINILLA ROYAL 250 GR;ABARROTES
CAJA CHICA - FLAN LUCUMA KG;FLAN LUCUMA KG;ABARROTES
CAJA CHICA - FLAN VAINILLA X 80 GR;FLAN VAINILLA X 80 GR;ABARROTES
CAJA CHICA - FLOR DE JAMAICA KG;FLOR DE JAMAICA KG;ABARROTES
CAJA CHICA - FOLLAJE HIERBA 62;FOLLAJE HIERBA 62;ABARROTES
CAJA CHICA - FORTIFICANTE NESQUICK 400 GR;FORTIFICANTE NESQUICK 400 GR;ABARROTES
CAJA CHICA - FOSFORO PUNTA AZUL;FOSFORO PUNTA AZUL;DESCARTABLES
CAJA CHICA - FRANELA 50 X 60;FRANELA 50 X 60;DESCARTABLES
CAJA CHICA - FRANELA AMARILLA 50 X 60 CM;FRANELA AMARILLA 50 X 60 CM;ABARROTES
CAJA CHICA - FRANELA BALLERINA SCOCHT BRITE;FRANELA BALLERINA SCOCHT BRITE;ABARROTES
CAJA CHICA - FREE PAPA ONDULADA X 16 GR;FREE PAPA ONDULADA X 16 GR;ABARROTES
CAJA CHICA - FREE PAPAS KARINTO X 23 GR;FREE PAPAS KARINTO X 23 GR;ABARROTES
CAJA CHICA - FREE PAPAS PICANTE X 23 GR;FREE PAPAS PICANTE X 23 GR;ABARROTES
CAJA CHICA - FREE TEA FRUTOS ROJOS 500ML;FREE TEA FRUTOS ROJOS 500ML;ABARROTES
CAJA CHICA - FREE TEA LIMON 500ML;FREE TEA LIMON 500ML;ABARROTES
CAJA CHICA - FREJOL COSTEÑO ROJO X 500 GR;FREJOL COSTEÑO ROJO X 500 GR;ABARROTES
CAJA CHICA - FREJOLITO CHINO;FREJOLITO CHINO;ABARROTES
CAJA CHICA - FRESA;FRESA;ABARROTES
CAJA CHICA - FRESA ORGANICA;FRESA ORGANICA;ABARROTES
CAJA CHICA - FRIJOL CABALLERO;FRIJOL CABALLERO;ABARROTES
CAJA CHICA - FRIJOL CABALLERO 5 KG;FRIJOL CABALLERO 5 KG;ABARROTES
CAJA CHICA - FRIJOL CANARIO 5 KG;FRIJOL CANARIO 5 KG;ABARROTES
CAJA CHICA - FRIJOL CANARIO A GRANEL;FRIJOL CANARIO A GRANEL;ABARROTES
CAJA CHICA - FRIJOL CANARIO PRE COCIDO;FRIJOL CANARIO PRE COCIDO;ABARROTES
CAJA CHICA - FRIJOL CHINO;FRIJOL CHINO;FFVV
CAJA CHICA - FRIJOL NEGRO 5 KG;FRIJOL NEGRO 5 KG;ABARROTES
CAJA CHICA - FRIJOL PANAMITO 5 KG;FRIJOL PANAMITO 5 KG;ABARROTES
CAJA CHICA - FRIJOLES CON TOCINO 560 GR;FRIJOLES CON TOCINO 560 GR;ABARROTES
CAJA CHICA - FRUGOS 236 ML;FRUGOS 236 ML;ABARROTES
CAJA CHICA - FRUGOS CASERO NARANJA X LT;FRUGOS CASERO NARANJA X LT;BEBIDAS
CAJA CHICA - FRUGOS DE DURAZNO 1 LITRO;FRUGOS DE DURAZNO 1 LITRO;ABARROTES
CAJA CHICA - FRUTOS SECOS BELLO HORIZONTE 75 GR;FRUTOS SECOS BELLO HORIZONTE 75 GR;ABARROTES
CAJA CHICA - FRUTOS SECOS VILLA MIXTURA 150 GR; FRUTOS SECOS VILLA MIXTURA 150 GR;ABARROTES
CAJA CHICA - FRUTOS SECOS VILLA NATURA PREMIUM;FRUTOS SECOS VILLA NATURA PREMIUM;ABARROTES
CAJA CHICA - FUDGE DE CHOCOLATE LA CABAÑA;FUDGE DE CHOCOLATE LA CABAÑA;ABARROTES
CAJA CHICA - G DE SODA FIELD 36 GR;G DE SODA FIELD 36 GR;ABARROTES
CAJA CHICA - G DE SODA SAYON 27 GR;G DE SODA SAYON 27 GR;ABARROTES
CAJA CHICA - G KRAKER BRAN;G KRAKER BRAN;ABARROTES
CAJA CHICA - G WAFER FENIX VAINILLA 26 GR;G WAFER FENIX VAINILLA 26 GR;ABARROTES
CAJA CHICA - G WAFER FRESA DIA 26 GR;G WAFER FRESA DIA 26 GR;ABARROTES
CAJA CHICA - GALLETA AQUA LIGHT;GALLETA AQUA LIGHT;ABARROTES
CAJA CHICA - GALLETA CASINO ALFAJOR X 6 UND;GALLETA CASINO ALFAJOR X 6 UND;ABARROTES
CAJA CHICA - GALLETA CASINO CHOCOLATE X 6 UND;GALLETA CASINO CHOCOLATE X 6 UND;ABARROTES
CAJA CHICA - GALLETA CASINO COCO X 51 GR X 6 UND;GALLETA CASINO COCO X 51 GR X 6 UND;ABARROTES
CAJA CHICA - GALLETA CASINO LUCUMA 51 GR;GALLETA CASINO LUCUMA 51 GR;ABARROTES
CAJA CHICA - GALLETA CHARADA MANI X 6 UND;GALLETA CHARADA MANI X 6 UND;ABARROTES
CAJA CHICA - GALLETA CHIPS AHOY;GALLETA CHIPS AHOY;ABARROTES
CAJA CHICA - GALLETA CHOCO DONUTS 36 GR;GALLETA CHOCO DONUTS 36 GR;ABARROTES
CAJA CHICA - GALLETA CHOCOSODA;GALLETA CHOCOSODA;ABARROTES
CAJA CHICA - GALLETA CHOMP;GALLETA CHOMP;ABARROTES
CAJA CHICA - GALLETA CLUB SOCIAL;GALLETA CLUB SOCIAL;ABARROTES
CAJA CHICA - GALLETA CRACK DIAS X 34 GR X 6 UND;GALLETA CRACK DIAS X 34 GR X 6 UND;ABARROTES
CAJA CHICA - GALLETA CRAKINUA 153 GR;GALLETA CRAKINUA 153 GR;ABARROTES
CAJA CHICA - GALLETA CREAM CRACKER X 316 GR;GALLETA SALADA CREAM CRACKER 316 GR;ABARROTES
CAJA CHICA - GALLETA DE AVENA NARANJA Y ZANAHORIA;GALLETA DE AVENA NARANJA Y ZANAHORIA;ABARROTES
CAJA CHICA - GALLETA DE VAINILLA;GALLETA DE VAINILLA;ABARROTES
CAJA CHICA - GALLETA DIVAS 34 GR;GALLETA DIVAS 34 GR;ABARROTES
CAJA CHICA - GALLETA DULCE CASINO MENTA;GALLETA DULCE CASINO MENTA;ABARROTES
CAJA CHICA - GALLETA DULCE GLACITA CHOCOLATE;GALLETA DULCE GLACITA CHOCOLATE;ABARROTES
CAJA CHICA - GALLETA DULCE VAINILLA FIELD 37 GR;GALLETA DULCE VAINILLA FIELD 37 GR;ABARROTES
CAJA CHICA - GALLETA DULCE VAINILLA MARGARITA X 46.5 GR; GALLETA DULCE VAINILLA MARGARITA X 46.5 GR;ABARROTES
CAJA CHICA - GALLETA FORTUNA X 30 GR;GALLETA FORTUNA X 30 GR;ABARROTES
CAJA CHICA - GALLETA GLACITAS CHOCO NIEVES X 32 GR X6 UND;GALLETA GLACITAS CHOCO NIEVES X 32 GR X6 UND;ABARROTES
CAJA CHICA - GALLETA INTEGRACKERS QUINUA 324 GR;GALLETA INTEGRACKERS QUINUA 324 GR;ABARROTES
CAJA CHICA - GALLETA INTEGRAL C/SALVADO;GALLETA INTEGRAL C/SALVADO;ABARROTES
CAJA CHICA - GALLETA INTEGRAL INTEGRACKERS MIEL;GALLETA INTEGRAL INTEGRACKERS MIEL;ABARROTES
CAJA CHICA - GALLETA INTEGRAL SALVADO DE TRIGO EL CEDRO UND;GALLETA INTEGRAL SALVADO DE TRIGO EL CEDRO UND;ABARROTES
CAJA CHICA - GALLETA MARQUESITA;GALLETA MARQUESITA;ABARROTES
CAJA CHICA - GALLETA MOROCHA;GALLETA MOROCHA;ABARROTES
CAJA CHICA - GALLETA OREO;GALLETA OREO;ABARROTES
CAJA CHICA - GALLETA PICARAS;GALLETA PICARAS;ABARROTES
CAJA CHICA - GALLETA REDONDA DE COCO;GALLETA REDONDA DE COCO;ABARROTES
CAJA CHICA - GALLETA RELLENA COCO X 24 GR X 6 UND;GALLETA RELLENA COCO X 24 GR X 6 UND;ABARROTES
CAJA CHICA - GALLETA RELLENA SURTIDA;GALLETA RELLENA SURTIDA;ABARROTES
CAJA CHICA - GALLETA RITZ X 22.4 GR;GALLETA RITZ X 22.4 GR;ABARROTES
CAJA CHICA - GALLETA SODA FIELD 34 GR;GALLETA SODA FIELD 34 GR;ABARROTES
CAJA CHICA - GALLETA SODA SAN JORGE BOLSA 90 GR;GALLETA SODA SAN JORGE BOLSA 90 GR;ABARROTES
CAJA CHICA - GALLETA SODA SAN JORGE X 32 GR X 6 UND;GALLETA SODA SAN JORGE X 32 GR X 6 UND;ABARROTES
CAJA CHICA - GALLETA SODA V VICTORIA X 34 GR X 6 UND;GALLETA SODA V VICTORIA X 34 GR X 6 UND;ABARROTES
CAJA CHICA - GALLETA TENTACION;GALLETA TENTACION;ABARROTES
CAJA CHICA - GALLETA TENTACION COCO;GALLETA TENTACION COCO;ABARROTES
CAJA CHICA - GALLETA TENTACION NARANJA 318 GR X 6 UND;GALLETA TENTACION NARANJA 318 GR X 6 UND;ABARROTES
CAJA CHICA - GALLETA WAFER FIELD VAINILLA 57.6 GR;GALLETA WAFER FIELD VAINILLA 57.6 GR;ABARROTES
CAJA CHICA - GALLETAS DE AVENA CON HIGO;GALLETAS DE AVENA CON HIGO;ABARROTES
CAJA CHICA - GALLETAS DE AVENA CON MANZANA;GALLETAS DE AVENA CON MANZANA;ABARROTES
CAJA CHICA - GALLETAS DE AVENA CON PLATANO;GALLETAS DE AVENA CON PLATANO;ABARROTES
CAJA CHICA - GALLETAS DE CAFÉ;GALLETAS DE CAFÉ;ABARROTES
CAJA CHICA - GALLETAS PICARAS X 40 GR;GALLETAS PICARAS X 40 GR;ABARROTES
CAJA CHICA - GALLINA ENTERA S/MENUD REFRIGERADA;GALLINA ENTERA S/MENUD REFRIGERADA;CONGELADOS
CAJA CHICA - GARBANZO AL NATURAL 425 GR;GARBANZO AL NATURAL 425 GR;ABARROTES
CAJA CHICA - GARBANZO CON TOCINO 425 GR;GARBANZO CON TOCINO 425 GR;ABARROTES
CAJA CHICA - GARBANZO EL PLEBEYO 5 KG;GARBANZO EL PLEBEYO 5 KG;ABARROTES
CAJA CHICA - GARBANZO PRE COCIDO;GARBANZO PRE COCIDO;ABARROTES
CAJA CHICA - GASEOSA BIMBO 3 LT;GASEOSA BIMBO 3 LT;BEBIDAS
CAJA CHICA - GASEOSA BIMBO 500 ML;GASEOSA PERSONAL;BEBIDAS
CAJA CHICA - GASEOSA COCA 600 ML X BOTELLA;GASEOSA PERSONAL;BEBIDAS
CAJA CHICA - GASEOSA COCA COLA 1.5 LT;GASEOSA COCA COLA 1.5 LT;BEBIDAS
CAJA CHICA - GASEOSA COCA COLA 500 ML;GASEOSA PERSONAL;BEBIDAS
CAJA CHICA - GASEOSA COLA ESCOCESA X 1.5 LT;GASEOSA COLA ESCOCESA X 1.5 LT;BEBIDAS
CAJA CHICA - GASEOSA FANTA KOLA INGLESA 500ML;GASEOSA PERSONAL;BEBIDAS
CAJA CHICA - GASEOSA FANTA X 500 ML;GASEOSA PERSONAL;BEBIDAS
CAJA CHICA - GASEOSA GUARANA 500 ML;GASEOSA PERSONAL;BEBIDAS
CAJA CHICA - GASEOSA INCA KOLA 1.5 LT;GASEOSA INCA KOLA 1.5 LT;BEBIDAS
CAJA CHICA - GASEOSA INCA KOLA 2.25 LT;GASEOSA INCA KOLA 2.25 LT;BEBIDAS
CAJA CHICA - GASEOSA INCA KOLA 500 ML;GASEOSA PERSONAL;BEBIDAS
CAJA CHICA - GASEOSA INCA KOLA 600 ML X BOTELLA;GASEOSA PERSONAL;BEBIDAS
CAJA CHICA - GASEOSA INCA KOLA ZERO X 410 PAQUETE X 12 UND;GASEOSA INCA KOLA ZERO X 410 PAQUETE X 12 UND;BEBIDAS
CAJA CHICA - GASEOSA INKA COLA 3 LT; GASEOSA INKA COLA 3 LT;BEBIDAS
CAJA CHICA - GASEOSA INKA COLA LIGHT 410 ML;GASEOSA PERSONAL;BEBIDAS
CAJA CHICA - GASEOSA KOLA REAL 500 ML;GASEOSA PERSONAL;BEBIDAS
CAJA CHICA - GASEOSA KOLA REAL X 3 LT;GASEOSA KOLA REAL X 3 LT;BEBIDAS
CAJA CHICA - GASEOSA PEPSI X 500 ML;GASEOSA PERSONAL;BEBIDAS
CAJA CHICA - GASEOSA SCHWEPPES X 500 ML;GASEOSA PERSONAL;BEBIDAS
CAJA CHICA - GASEOSA SEVEN UP 500 ML;GASEOSA PERSONAL;BEBIDAS
CAJA CHICA - GASEOSA SPRITE 1.5 LT;GASEOSA SPRITE 1.5 LT;BEBIDAS
CAJA CHICA - GASEOSA SPRITE X 1.75 LT;GASEOSA SPRITE X 1.75 LT;BEBIDAS
CAJA CHICA - GATORADE 6 UND;GATORADE 6 UND;ABARROTES
CAJA CHICA - GATORADE DESHIDRATADA FRUIT PUNCH 521 ML;GATORADE DESHIDRATADA FRUIT PUNCH 521 ML;ABARROTES
CAJA CHICA - GATORADE DESHIDRATADO LEMON 521 ML;GATORADE DESHIDRATADO LEMON 521 ML;ABARROTES
CAJA CHICA - GATORADE DESHIDRATADO ORANGE 521 ML;GATORADE DESHIDRATADO ORANGE 521 ML;ABARROTES
CAJA CHICA - GATORADE MANDARINA 750 ML;GATORADE MANDARINA 750 ML;ABARROTES
CAJA CHICA - GATORADE TROPICAL 750 ML;GATORADE TROPICAL 750 ML;ABARROTES
CAJA CHICA - GELATINA A GRANEL;GELATINA A GRANEL;ABARROTES
CAJA CHICA - GELATINA DE FRESA GELANDINA 5 KG;GELATINA FRESA INSTANTANEO;ABARROTES
CAJA CHICA - GELATINA DE LIMON GELANDINA 5 KG;GELATINA LIMON INSTANTANEO;ABARROTES
CAJA CHICA - GELATINA DE NARANJA GELANDINA 5 KG;GELATINA DE NARANJA GELANDINA 5 KG;ABARROTES
CAJA CHICA - GELATINA DE PIÑA GELANDINA 5 KG;GELATINA DE PIÑA GELANDINA 5 KG;ABARROTES
CAJA CHICA - GELATINA MENTA;GELATINA MENTA;ABARROTES
CAJA CHICA - GELATINA PIÑA INSTANTANEO;GELATINA PIÑA INSTANTANEO;ABARROTES
CAJA CHICA - GERMINADO DE ALFALFA;GERMINADO DE ALFALFA;ABARROTES
CAJA CHICA - GLADE TOQUE;GLADE TOQUE;ABARROTES
CAJA CHICA - GLOBO POP LECHE X 20 UND;GLOBO POP LECHE X 20 UND;ABARROTES
CAJA CHICA - GLUCOSA FRATELLO X KG;GLUCOSA FRATELLO X KG;ABARROTES
CAJA CHICA - GLUCOSA X 500 GR;GLUCOSA X 500 GR;ABARROTES
CAJA CHICA - GOLD FRUITT JALEA DECOR;GOLD FRUITT JALEA DECOR;ABARROTES
CAJA CHICA - GOMA TRAGACANTO X 100 GR;GOMA TRAGACANTO X 100 GR;ABARROTES
CAJA CHICA - GOMITAS GRAGEADAS 100GR;GOMITAS GRAGEADAS 100GR;ABARROTES
CAJA CHICA - GOMITASFRUGELE AMBROSOLI X 100 UND;GOMITASFRUGELE AMBROSOLI X 100 UND;ABARROTES
CAJA CHICA - GORRO CIRCULAR DESCARTABLE 100 UND;GORRO CIRCULAR DESCARTABLE 100 UND;DESCARTABLES
CAJA CHICA - GRAGEA GRANEL X KG;GRAGEA GRANEL X KG;ABARROTES
CAJA CHICA - GRAGEA MINIPULGAR 100 GR;GRAGEA MINIPULGAR 100 GR;ABARROTES
CAJA CHICA - GRAGEA PERLA-ORO-PLATA 50 GR;GRAGEA PERLA-ORO-PLATA 50 GR;ABARROTES
CAJA CHICA - GRAGEAS IMPORTADA 25 GR;GRAGEAS IMPORTADA 25 GR;ABARROTES
CAJA CHICA - GRAJEAS DE PANADERIA;GRAJEAS DE PANADERIA;ABARROTES
CAJA CHICA - GRANADILLA REFRIGERADA;GRANADILLA;FFVV
CAJA CHICA - GRANOLA HUACARIZ KG;GRANOLA HUACARIZ KG;ABARROTES
CAJA CHICA - GRANUTS ARANDANOS 50GR;GRANUTS ARANDANOS 50GR;ABARROTES
CAJA CHICA - GRANUTS MEZCLA DE NUECES 40GR;GRANUTS MEZCLA DE NUECES 40GR;ABARROTES
CAJA CHICA - GRANUTS PARTY MIX 50GR;GRANUTS PARTY MIX 50GR;ABARROTES
CAJA CHICA - GRETEAL MANJAR X 6 UND;GRETEAL MANJAR X 6 UND;ABARROTES
CAJA CHICA - GRETEL CHOCOLATE  X 6 UND;GRETEL CHOCOLATE  X 6 UND;ABARROTES
CAJA CHICA - GRIEGO LAIVE NAT;GRIEGO LAIVE NAT;ABARROTES
CAJA CHICA - GUANTES DE POLIETILENO;GUANTES DE POLIETILENO;DESCARTABLES
CAJA CHICA - GUANTES DE VINILO M R&G X 100 UND;GUANTE DE NITRILO LIBRE DE POLVO AZUL TALLA M;DESCARTABLES
CAJA CHICA - GUINDONES X KG;GUINDONES X KG;ABARROTES
CAJA CHICA - HABA KARINTO;HABA KARINTO;ABARROTES
CAJA CHICA - HALLS AZUL 28 GR;HALLS AZUL 28 GR;ABARROTES
CAJA CHICA - HALLS CHERRY LYPTUS 28 GR;HALLS CHERRY LYPTUS 28 GR;ABARROTES
CAJA CHICA - HALLS CREAMY FRESA 28 GR;HALLS CREAMY FRESA 28 GR;ABARROTES
CAJA CHICA - HALLS EXTRA STRONG 28 GR;HALLS EXTRA STRONG 28 GR;ABARROTES
CAJA CHICA - HALLS MENTA UND;HALLS MENTA UND;ABARROTES
CAJA CHICA - HALLS MORA 28 GR;HALLS MORA 28 GR;ABARROTES
CAJA CHICA - HALLS MORA AZUL 100 UND;HALLS MORA AZUL 100 UND;ABARROTES
CAJA CHICA - HALLS NEGRO 28 GR;HALLS NEGRO 28 GR;ABARROTES
CAJA CHICA - HAMBURGUESA DE RES X KG;HAMBURGUESA DE RES X KG;ABARROTES
CAJA CHICA - HARINA DE CHOCHOCA X 5 KG;HARINA DE CHOCHOCA X 5 KG;ABARROTES
CAJA CHICA - HARINA ESPECIAL LUCIANO GRANEL;HARINA ESPECIAL LUCIANO GRANEL;ABARROTES
CAJA CHICA - HARINA INTEGRAL 10 KG;HARINA INTEGRAL 10 KG;ABARROTES
CAJA CHICA - HEL BOMBON VAINILLA 72MLX18|;HEL BOMBON VAINILLA 72MLX18|;ABARROTES
CAJA CHICA - HEL DOLCETTO LUCUMA 80ML;HEL DOLCETTO LUCUMA 80ML;ABARROTES
CAJA CHICA - HEL JET VAINILLA 74 5MLX30;HEL JET VAINILLA 74 5MLX30;ABARROTES
CAJA CHICA - HEL MEGA ALMENDRA 100ML;HEL MEGA ALMENDRA 100ML;ABARROTES
CAJA CHICA - HELADO CASANOVA;HELADO CASANOVA;ABARROTES
CAJA CHICA - HELADO DONOFRIO FRESA 5 LT;HELADO DONOFRIO FRESA 5 LT;ABARROTES
CAJA CHICA - HELADO DONOFRIO TRICOLOR 5 LT;HELADO DONOFRIO TRICOLOR 5 LT;CONGELADOS
CAJA CHICA - HELADO DONOFRIO VAINILLA 5 LT;HELADO DONOFRIO VAINILLA 5 LT;CONGELADOS
CAJA CHICA - HELADO PALETA DE CREMA;HELADO PALETA DE CREMA;ABARROTES
CAJA CHICA - HELADO PRINCESA 1LT;HELADO PRINCESA 1LT;ABARROTES
CAJA CHICA - HELADO PRINCESA 73 ML DONOFRIO;HELADO PRINCESA 73 ML DONOFRIO;ABARROTES
CAJA CHICA - HELADO SIN PARAR;HELADO SIN PARAR;ABARROTES
CAJA CHICA - HELADO SUBLIME CRUNCHY 24X85ML;HELADO SUBLIME CRUNCHY 24X85ML;ABARROTES
CAJA CHICA - HELADO TURBO 50 CC DONOFRIO;HELADO TURBO 50 CC DONOFRIO;ABARROTES
CAJA CHICA - HELADO VASITO; HELADO VASITO;ABARROTES
CAJA CHICA - HELADOS DONOFRIO X 5 LT;HELADOS DONOFRIO X 5 LT;ABARROTES
CAJA CHICA - HIELO 3 KG;HIELO 3 KG;ABARROTES
CAJA CHICA - HIELO X 4 KG;HIELO X 4 KG;ABARROTES
CAJA CHICA - HIERBA LUISA;HIERBA LUISA;FFVV
CAJA CHICA - HIGADO DE POLLO;HIGADO DE POLLO;CONGELADOS
CAJA CHICA - HIGADO DE RES;HIGADO DE RES;ABARROTES
CAJA CHICA - HISOPO CON BASE;HISOPO CON BASE;LIMPIEZA
CAJA CHICA - HISOPO PARA BAÑO;HISOPO PARA BAÑO;LIMPIEZA
CAJA CHICA - HOJA DE BIJAO X 10 UND;HOJA DE BIJAO X 10 UND;ABARROTES
CAJA CHICA - HOJA DE LLANTEN;HOJA DE LLANTEN;ABARROTES
CAJA CHICA - HUEVO DE CODORNIZ;HUEVO DE CODORNIZ;ABARROTES
CAJA CHICA - HUEVO ROSADO;HUEVO ROSADO;REFRIGERADOS
CAJA CHICA - HURACAN HELADO X 20 UND;HURACAN HELADO X 20 UND;ABARROTES
CAJA CHICA - INCA CHIPS CHIFLE CLASSICA X 90 GR;INCA CHIPS CHIFLE CLASSICA X 90 GR;ABARROTES
CAJA CHICA - INCA CHIPS CHIFLE DULCE X 90 GR;INCA CHIPS CHIFLE DULCE X 90 GR;ABARROTES
CAJA CHICA - INCA CHIPS CHIFLE NATURAL X 90 GR;INCA CHIPS CHIFLE NATURAL X 90 GR;ABARROTES
CAJA CHICA - INCA KOLA 2 X 2 1/4 LT; INCA KOLA 2 X 2 1/4 LT;ABARROTES
CAJA CHICA - INCA KOLA X 3LT;INCA KOLA X 3LT;ABARROTES
CAJA CHICA - INFUSION ANIS HERBI 100 SOBRES;INFUSION ANIS HERBI 100 SOBRES;ABARROTES
CAJA CHICA - INFUSION HIERBA LUISA 100 SOBRES;INFUSION HIERBA LUISA 100 SOBRES;ABARROTES
CAJA CHICA - INFUSION HIERBA LUISA HERBI 100 SOBRES;INFUSION HIERBA LUISA HERBI 100 SOBRES;ABARROTES
CAJA CHICA - INFUSION MANZANILLA HERBI 100 SOBRES;INFUSION MANZANILLA DEL VALLE 100 SOBRES;ABARROTES
CAJA CHICA - INFUSION MANZANILLA X 100 UND;INFUSION MANZANILLA DEL VALLE 100 SOBRES;ABARROTES
CAJA CHICA - INFUSION MATE DE COCA HERBI 100 SOBRES;INFUSION MATE DE COCA HERBI 100 SOBRES;ABARROTES
CAJA CHICA - INFUSION TE BOLDO HERBI 100 SOBRES;INFUSION TE BOLDO HERBI 100 SOBRES;ABARROTES
CAJA CHICA - INFUSION TE BOLDO HERBI 25 SOBRES;INFUSION TE BOLDO HERBI 25 SOBRES;ABARROTES
CAJA CHICA - INFUSION TE CANELA Y CLAVO HERBI 100 SOBRES;INFUSION TE CANELA Y CLAVO HERBI 100 SOBRES;ABARROTES
CAJA CHICA - INFUSION TE ROJO PURO HERBI 100 SOBRES;INFUSION TE ROJO PURO HERBI 100 SOBRES;ABARROTES
CAJA CHICA - INFUSION UÑA DE GATO HERBI 100 SOBRES;INFUSION UÑA DE GATO HERBI 100 SOBRES;ABARROTES
CAJA CHICA - INFUSION UÑA DE GATO HERBI 25 SOBRES;INFUSION UÑA DE GATO HERBI 25 SOBRES;ABARROTES
CAJA CHICA - JABON ANTIBACTERIAL CLEAN SMOOTH 3.7 LT;JABON ANTIBACTERIAL CLEAN SMOOTH 3.7 LT;LIMPIEZA
CAJA CHICA - JABON ANTIBACTERIAL MOUNT CLEAR 160 GR;JABON ANTIBACTERIAL MOUNT CLEAR 160 GR;LIMPIEZA
CAJA CHICA - JABON ANTIBACTERIAL PROTEX 75 GR;JABON ANTIBACTERIAL  PERSONAL 75/ 85 GR;LIMPIEZA
CAJA CHICA - JABON ANTIBACTERIAL SODEXO 62 GR;JABON ANTIBACTERIAL  PERSONAL 75/ 85 GR;LIMPIEZA
CAJA CHICA - JABON DE TOCADOR 90 GR;JABON DE TOCADOR 90 GR;LIMPIEZA
CAJA CHICA - JABON DE TOCADOR LIFEBUOY 75 GR;JABON DE TOCADOR LIFEBUOY 75 GR;LIMPIEZA
CAJA CHICA - JABON LIQUIDO LEONSOL 4 LT;JABON LIQUIDO LEONSOL 4 LT;LIMPIEZA
CAJA CHICA - JABON LIQUIDO SOFTCARE ALCOHOL GEL 1 LT;JABON LIQUIDO SOFTCARE ALCOHOL GEL 1 LT;LIMPIEZA
CAJA CHICA - JABON LIQUIDO SOFTCARE BAC 5 LT;JABON LIQUIDO SOFTCARE BAC 5 LT;LIMPIEZA
CAJA CHICA - JABON LIQUIDO SUAVE 800 ML;JABON LIQUIDO SUAVE 800 ML;LIMPIEZA
CAJA CHICA - JABON PARA ROPA 260 GR;JABON PARA ROPA 260 GR;LIMPIEZA
CAJA CHICA - JALADOR DE AGUA;JALADOR DE AGUA;ABARROTES
CAJA CHICA - JALADOR DE AGUA RUBBERMAID ALUMINIO;JALADOR DE AGUA RUBBERMAID ALUMINIO;ABARROTES
CAJA CHICA - JALADOR DE AGUA X 60 CM;JALADOR DE AGUA X 60 CM;ABARROTES
CAJA CHICA - JALAPEÑOS HOT PEPPER 244 ML;JALAPEÑOS HOT PEPPER 244 ML;ABARROTES
CAJA CHICA - JALAPEÑOS VALLE FERTIL X 290 GR;JALAPEÑOS VALLE FERTIL X 290 GR;ABARROTES
CAJA CHICA - JALEA DURAZNO X 500 GR;JALEA DURAZNO X 500 GR;ABARROTES
CAJA CHICA - JALEA FRESA X 500 GR;JALEA FRESA X 500 GR;ABARROTES
CAJA CHICA - JALEA LEVAPAN X 1 KG;JALEA LEVAPAN X 1 KG;ABARROTES
CAJA CHICA - JAMON AHUMADO X KG;JAMON AHUMADO X KG;ABARROTES
CAJA CHICA - JAMON DEL PAIS REFRIGERADO 500 GR;JAMON DEL PAIS REFRIGERADO 500 GR;REFRIGERADOS
CAJA CHICA - JAMON INGLES REFRIGERADO 200 GR;JAMON INGLES REFRIGERADO 200 GR;REFRIGERADOS
CAJA CHICA - JAMON INGLES X KG;JAMON INGLES X KG;ABARROTES
CAJA CHICA - JAMON PARA CAFETIN REFRIGERADO 500 GR;JAMON PARA CAFETIN REFRIGERADO 500 GR;REFRIGERADOS
CAJA CHICA - JAMON PIZZERO 500 GR;JAMON PIZZERO 500 GR;ABARROTES
CAJA CHICA - JAMONADA PARA CAFETIN 500 GR CONG;JAMONADA PARA CAFETIN 500 GR CONG;ABARROTES
CAJA CHICA - JAMONADA PARA CAFETIN REFRIGERADO 500 GR.;JAMONADA PARA CAFETIN REFRIGERADO 500 GR.;REFRIGERADOS
CAJA CHICA - JARABE CHUNCHO DE GOMA 750 ML;JARABE CHUNCHO DE GOMA 750 ML;ABARROTES
CAJA CHICA - JARABE CHUNCHO DE GRANADILLA 750 ML;JARABE CHUNCHO DE GRANADILLA 750 ML;ABARROTES
CAJA CHICA - JARABE DE GOMA LUVAR 750 ML;JARABE DE GOMA LUVAR 750 ML;ABARROTES
CAJA CHICA - JARABE DE GOMA VILLA ANDINA 750 ML;JARABE DE GOMA VILLA ANDINA 750 ML;ABARROTES
CAJA CHICA - JARABE DE GRANADINA VILLA ANDINA 750 ML;JARABE DE GRANADINA VILLA ANDINA 750 ML;ABARROTES
CAJA CHICA - JARABE GRANADINA CHEVALIER X 750 ML;JARABE GRANADINA CHEVALIER X 750 ML;ABARROTES
CAJA CHICA - JARABE SPITZE ALGARROBINA;JARABE SPITZE ALGARROBINA;ABARROTES
CAJA CHICA - JENGIBRE 500GR;JENGIBRE 500GR;ABARROTES
CAJA CHICA - JET MINI HELADO X 24 UND;JET MINI HELADO X 24 UND;CONGELADOS
CAJA CHICA - JOHNSON DIVERSEY CLAX 100 OB2 AL 15 LT;JOHNSON DIVERSEY CLAX 100 OB2 AL 15 LT;ABARROTES
CAJA CHICA - JOHNSON DIVERSEY DIVOSAN FORTE 20 LT;JOHNSON DIVERSEY DIVOSAN FORTE 20 LT;LIMPIEZA
CAJA CHICA - JOHNSON DIVERSEY GELOL ALCOHOL GEL 100ML;JOHNSON DIVERSEY GELOL ALCOHOL GEL 100ML;LIMPIEZA
CAJA CHICA - JUEGO DE CUBIERTOS DESCARTABLES BELLAMESA;JUEGO DE CUBIERTOS DESCARTABLES BELLAMESA;DESCARTABLES
CAJA CHICA - JUGO CONCENTRADO;JUGO CONCENTRADO;BEBIDAS
CAJA CHICA - JUGO DE DURAZNO GLORIA 1 LT;JUGO DE DURAZNO GLORIA 1 LT;BEBIDAS
CAJA CHICA - JUGO DE MANGO X 200 ML;JUGO DE MANGO X 200 ML;BEBIDAS
CAJA CHICA - JUGO DE MANZANA LAIVE 200 ML;JUGO DE MANZANA LAIVE 200 ML;ABARROTES
CAJA CHICA - JUGO DE NARANJA GLORIA 1 LT;JUGO DE NARANJA GLORIA 1 LT;BEBIDAS
CAJA CHICA - JUGO DE NARANJA GLORIA 200 ML;JUGO DE NARANJA GLORIA 200 ML;BEBIDAS
CAJA CHICA - JUGO DE PIÑA GLORIA 1 LT;JUGO DE PIÑA GLORIA 1 LT;BEBIDAS
CAJA CHICA - JUGO DURAZNO LAIVE 200 ML;JUGO DURAZNO LAIVE 200 ML;ABARROTES
CAJA CHICA - JUGO LAIVE DURAZNO X 1 LT;JUGO LAIVE DURAZNO X 1 LT;ABARROTES
CAJA CHICA - JUGO LAIVE NARANJA X 200 ML;JUGO LAIVE NARANJA X 200 ML;ABARROTES
CAJA CHICA - JUGO NATURAL DE NARANJA BID 3.8 L;JUGO NATURAL DE NARANJA BID 3.8 L;ABARROTES
CAJA CHICA - JUGO PIÑA LAIVE 200 ML;JUGO PIÑA LAIVE 200 ML;ABARROTES
CAJA CHICA - JUGOS NARANJA PASTEURIZADO X 5 LT EC;JUGOS NARANJA PASTEURIZADO X 5 LT EC;BEBIDAS
CAJA CHICA - JUGOS WATSS;JUGOS WATSS;ABARROTES
CAJA CHICA - K -BANA HELADO VAINILLA /LUCUMA X 18 UND;K -BANA HELADO VAINILLA /LUCUMA X 18 UND;ABARROTES
CAJA CHICA - KARINTRIXS QUESO X 12 GR;KARINTRIXS QUESO X 12 GR;ABARROTES
CAJA CHICA - KASABE AJO Y OREGANO;KASABE AJO Y OREGANO;ABARROTES
CAJA CHICA - KASABE NATURAL;KASABE NATURAL;ABARROTES
CAJA CHICA - KEKE BIMBOLETE;KEKE BIMBOLETE;ABARROTES
CAJA CHICA - KEKE MARMOLEADO BIMBO X 400 GR;KEKE MARMOLEADO BIMBO X 400 GR;ABARROTES
CAJA CHICA - KETCHUP BALDE X 4KG;KETCHUP BALDE X 4KG;ABARROTES
CAJA CHICA - KETCHUP INDIVIDUAL X 240 UND;KETCHUP INDIVIDUAL X 240 UND;ABARROTES
CAJA CHICA - KETCHUP X 390;KETCHUP X 390;ABARROTES
CAJA CHICA - KETCHUP X 4 KG ALACENA;KETCHUP X 4 KG ALACENA;ABARROTES
CAJA CHICA - KETCHUP X 500 GR;KETCHUP X 500 GR;ABARROTES
CAJA CHICA - KIWI;KIWI;FFVV
CAJA CHICA - KIWI KG;KIWI KG;ABARROTES
CAJA CHICA - KIWI M;KIWI M;ABARROTES
CAJA CHICA - KRAP DIA PACK 19  X 6 UND;KRAP DIA PACK 19  X 6 UND;ABARROTES
CAJA CHICA - LANGOSTINOS MEDIANO X KG;LANGOSTINOS MEDIANO X KG;ABARROTES
CAJA CHICA - LASAGÑA DE CARNE CONGELADA;LASAGÑA DE CARNE CONGELADA;CONGELADOS
CAJA CHICA - LAYS 185GR + PIQUEO 230;LAYS 185GR + PIQUEO 230;ABARROTES
CAJA CHICA - LECHE CHOCOLATADA 1 LT;LECHE CHOCOLATADA 1 LT;ABARROTES
CAJA CHICA - LECHE CHOCOLATADA X 180 ML;LECHE CHOCOLATADA X 180 ML;ABARROTES
CAJA CHICA - LECHE CONDENSADA LATA 397 ML;LECHE CONDENSADA LATA;ABARROTES
CAJA CHICA - LECHE DESCREMADA SBELT 1 LT;LECHE DESCREMADA SBELT 1 LT;ABARROTES
CAJA CHICA - LECHE EN POLVO;LECHE EN POLVO;ABARROTES
CAJA CHICA - LECHE EN POLVO GLORIA;LECHE EN POLVO GLORIA;ABARROTES
CAJA CHICA - LECHE EN TARRO LIGHT GLORIA 400 GR;LECHE EN TARRO LIGHT GLORIA 400 GR;ABARROTES
CAJA CHICA - LECHE EN TARRO PURA VIDA 400 GR;LECHE EN TARRO PURA VIDA 400 GR;ABARROTES
CAJA CHICA - LECHE EVAPORADA BOLSITARRO X 400 GR;LECHE EVAPORADA BOLSITARRO X 400 GR;ABARROTES
CAJA CHICA - LECHE EVAPORADA LAIVE FAMILIA 500 ML;LECHE EVAPORADA LAIVE FAMILIA 500 ML;ABARROTES
CAJA CHICA - LECHE EVAPORADA TETRA LT;LECHE EVAPORADA TETRA LT;ABARROTES
CAJA CHICA - LECHE GLORIA X 410 ML;LECHE GLORIA X 410 ML;ABARROTES
CAJA CHICA - LECHE IDEAL AMANECER SIX PACK;LECHE IDEAL AMANECER SIX PACK;ABARROTES
CAJA CHICA - LECHE LAIVE BOLSITARRO X 470 GR;LECHE LAIVE BOLSITARRO X 470 GR;ABARROTES
CAJA CHICA - LECHE SBELT 1 LT;LECHE SBELT 1 LT;ABARROTES
CAJA CHICA - LECHE SIN LACTOSA LAIVE 480 G;LECHE SIN LACTOSA LAIVE 480 G;ABARROTES
CAJA CHICA - LECHE SIN LACTOSA LAIVE 480 G;LECHE SIN LACTOSA LAIVE 480 G;ABARROTES
CAJA CHICA - LECHE SIX PACK;LECHE SIX PACK;ABARROTES
CAJA CHICA - LECHE UHT LIGHT GLORIA LT;LECHE UHT LIGHT GLORIA LT;ABARROTES
CAJA CHICA - LECHE UHT SIN LACTOSA GLORIA LT;LECHE UHT SIN LACTOSA GLORIA LT;ABARROTES
CAJA CHICA - LECHON ENTERO X KG;LECHON ENTERO X KG;ABARROTES
CAJA CHICA - LECHUGA AMERICANA;LECHUGA AMERICANA;FFVV
CAJA CHICA - LECHUGA MORADA;LECHUGA MORADA;FFVV
CAJA CHICA - LECHUGA ORGANICA;LECHUGA ORGANICA;FFVV
CAJA CHICA - LECHUGA ROJA;LECHUGA ROJA;ABARROTES
CAJA CHICA - LEGENDARIA SAL ROSADA;LEGENDARIA SAL ROSADA;ABARROTES
CAJA CHICA - LEJIA CLOROX 639 ML;LEJIA CLOROX 639 ML;LIMPIEZA
CAJA CHICA - LEJIA CLOROX TRADICIONAL X 4 LT;LEJIA CLOROX TRADICIONAL X 4 LT;LIMPIEZA
CAJA CHICA - LEJIA CLOROX X 20 LT; LEJIA CLOROX X 20 LT;LIMPIEZA
CAJA CHICA - LEJIA CLOROX X 639 ML;LEJIA CLOROX X 639 ML;LIMPIEZA
CAJA CHICA - LEJIA SAPOLIO 1LT;LEJIA SAPOLIO 1LT;LIMPIEZA
CAJA CHICA - LEJIA SAPOLIO X 2 KG;LEJIA SAPOLIO X 2 KG;LIMPIEZA
CAJA CHICA - LEJIA SAPOLIO X 4 KG;LEJIA SAPOLIO X 4 KG;LIMPIEZA
CAJA CHICA - LENGUADO ENTERO;LENGUADO ENTERO;ABARROTES
CAJA CHICA - LENTEJA;LENTEJA;ABARROTES
CAJA CHICA - LENTEJA CON TOCINO GAMBRINOS LATA;LENTEJA CON TOCINO GAMBRINOS LATA;ABARROTES
CAJA CHICA - LENTEJA EL PLEBEYO 5 KG;LENTEJA EL PLEBEYO 5 KG;ABARROTES
CAJA CHICA - LEVADURA INSTANTÁNEA 500 GR;LEVADURA INSTANTÁNEA 500 GR;ABARROTES
CAJA CHICA - LEVERLINE BAC 800 ML;LEVERLINE BAC 800 ML;ABARROTES
CAJA CHICA - LICOR DE CAFE KALHUA 700 ML;LICOR DE CAFE KALHUA 700 ML;ABARROTES
CAJA CHICA - LICOR DE MENTA;LICOR DE MENTA;ABARROTES
CAJA CHICA - LIMON VERDE;LIMON VERDE;FFVV
CAJA CHICA - LIMON VERDE EXTRA;LIMON VERDE EXTRA;FFVV
CAJA CHICA - LIMPIA VIDRIO INDUSTRIAL 4LT;LIMPIA VIDRIO INDUSTRIAL 4LT;LIMPIEZA
CAJA CHICA - LIMPIADOR ACERO INOX 3M;LIMPIADOR ACERO INOX 3M;ABARROTES
CAJA CHICA - LIMPIADOR DE FRAGUA DARYZA 4 LT;LIMPIADOR DE FRAGUA DARYZA 4 LT;LIMPIEZA
CAJA CHICA - LINAZA;LINAZA;ABARROTES
CAJA CHICA - LINAZA NATURANDES;LINAZA NATURANDES;ABARROTES
CAJA CHICA - LIPE FIBRA 300 GR;LIPE FIBRA 300 GR;ABARROTES
CAJA CHICA - LOMITO AHUMADO X KG;LOMITO AHUMADO X KG;ABARROTES
CAJA CHICA - LUCUMA FRESCA;LUCUMA FRESCA;ABARROTES
CAJA CHICA - M HOJARASCAS;M HOJARASCAS;ABARROTES
CAJA CHICA - MACA AVENA SANTA CATALINA X 170 GR;MACA AVENA SANTA CATALINA X 170 GR;ABARROTES
CAJA CHICA - MAICENA GRANEL KG;MAICENA GRANEL KG;ABARROTES
CAJA CHICA - MAICENA NEGRITA X 180 GR;MAICENA NEGRITA X 180 GR;ABARROTES
CAJA CHICA - MAIZ CANCHA X5 KG;MAIZ CANCHA;ABARROTES
CAJA CHICA - MAIZ MOTE EL PLEBEYO X 5 KG;MAIZ MOTE EL PLEBEYO X 5 KG;ABARROTES
CAJA CHICA - MAIZ MOTE X KG;MAIZ MOTE X KG;ABARROTES
CAJA CHICA - MANDARINA CON PEPA;MANDARINA CON PEPA;REFRIGERADOS
CAJA CHICA - MANGO EDWAR;MANGO EDWAR;ABARROTES
CAJA CHICA - MANI CON PASAS VALLE ALTO X 100 GR;MANI CON PASAS VALLE ALTO X 100 GR;ABARROTES
CAJA CHICA - MANI CON PASAS VALLEALTO 180 GR;MANI CON PASAS VALLEALTO 180 GR;ABARROTES
CAJA CHICA - MANI PICANTE X 30 GR;MANI PICANTE X 30 GR;ABARROTES
CAJA CHICA - MANI TOSTADO TOÑA KG;MANI TOSTADO TOÑA KG;ABARROTES
CAJA CHICA - MANJAR BLANCO BAZO VELARDE 900 GR;MANJAR BLANCO BAZO VELARDE 900 GR;REFRIGERADOS
CAJA CHICA - MANJAR BLANCO HUACARIZ 500 GR;MANJAR BLANCO HUACARIZ 500 GR;ABARROTES
CAJA CHICA - MANJAR BLANCO LEVAPAN X 19 LT;MANJAR BLANCO LEVAPAN X 19 LT;ABARROTES
CAJA CHICA - MANJAR BLANCO TAMBO 450 GR;MANJAR BLANCO TAMBO 450 GR;ABARROTES
CAJA CHICA - MANJAR DE MESA 250 GR;MANJAR DE MESA 250 GR;REFRIGERADOS
CAJA CHICA - MANJAR NESTLE 1 KG;MANJAR NESTLE 1 KG;ABARROTES
CAJA CHICA - MANTECA GORDITO X 10KG;MANTECA GORDITO X 10KG;REFRIGERADOS
CAJA CHICA - MANTECA VEGETAL;MANTECA VEGETAL;REFRIGERADOS
CAJA CHICA - MANTEQUILLA CON SAL GLORIA 10 GR;MANTEQUILLA CON SAL GLORIA 10 GR;REFRIGERADOS
CAJA CHICA - MANTEQUILLA DE MANI PETER PAN 462 GR;MANTEQUILLA DE MANI PETER PAN 462 GR;REFRIGERADOS
CAJA CHICA - MANTEQUILLA GLORIA 100 GR;MANTEQUILLA GLORIA 100 GR;REFRIGERADOS
CAJA CHICA - MANTEQUILLA HUACARIZ 200 GR;MANTEQUILLA HUACARIZ 200 GR;REFRIGERADOS
CAJA CHICA - MANTEQUILLA TAMBO 450 GR;MANTEQUILLA TAMBO 450 GR;REFRIGERADOS
CAJA CHICA - MANTEQUILLA X 100 GR;MANTEQUILLA X 100 GR;REFRIGERADOS
CAJA CHICA - MANZANA DELICIA;MANZANA ROJA;FFVV
CAJA CHICA - MANZANA ROJA CHILENA;MANZANA ROJA;ABARROTES
CAJA CHICA - MANZANA ROJA IMPORTADA KG;MANZANA ROJA;ABARROTES
CAJA CHICA - MANZANA ROYAL;MANZANA ROJA;FFVV
CAJA CHICA - MANZANA VERDE IMPORTADA KG;MANZANA VERDE IMPORTADA KG;ABARROTES
CAJA CHICA - MANZANA VERDE PARA JUGO;MANZANA VERDE PARA JUGO;FFVV
CAJA CHICA - MANZANILLA;MANZANILLA;ABARROTES
CAJA CHICA - MARACUYA;MARACUYA;FFVV
CAJA CHICA - MARACUYA ENTERA;MARACUYA ENTERA;ABARROTES
CAJA CHICA - MARGARINA PURATOS REFRIGERADO;MARGARINA PURATOS REFRIGERADO;REFRIGERADOS
CAJA CHICA - MARGARINA SELLO DE ORO BARRA X 225 GR;MARGARINA CON SAL REFRIGERADO GRANEL;ABARROTES
CAJA CHICA - MARGARINA SELLO DE ORO C/SAL 2 KG;MARGARINA SELLO DE ORO C/SAL 2 KG;ABARROTES
CAJA CHICA - MARGARINA SIN SAL REFRIGERADO;MARGARINA SIN SAL REFRIGERADO;REFRIGERADOS
CAJA CHICA - MASA HOJALDRE X KG;MASA HOJALDRE X KG;ABARROTES
CAJA CHICA - MASTICABLE HELLO KITTY X 100 UND;MASTICABLE HELLO KITTY X 100 UND;ABARROTES
CAJA CHICA - MASTIFRUT DOBLE X 100 UND;MASTIFRUT DOBLE X 100 UND;ABARROTES
CAJA CHICA - MATE DE COCA SUNKA X 100 SOBRES;MATE DE COCA SUNKA X 100 SOBRES;ABARROTES
CAJA CHICA - MAYONESA ALACENA 500 GR;MAYONESA ALACENA 500 GR;ABARROTES
CAJA CHICA - MAYONESA ALACENA X 1000 CC;MAYONESA ALACENA X 1000 CC;ABARROTES
CAJA CHICA - MAYONESA INDIVIDUAL X 240 GR;MAYONESA INDIVIDUAL X 240 GR;ABARROTES
CAJA CHICA - MAYONESA SACHET 10 GR;MAYONESA SACHET 10 GR;ABARROTES
CAJA CHICA - MAYONESA X 500GR;MAYONESA X 500GR;ABARROTES
CAJA CHICA - MAZAMORRA MORADA INSTANTANEA KG;MAZAMORRA MORADA INSTANTANEA KG;ABARROTES
CAJA CHICA - MEJORADOR DE MASA;MEJORADOR DE MASA;ABARROTES
CAJA CHICA - MEJORADOR DE MASA X 5KG;MEJORADOR DE MASA X 5KG;ABARROTES
CAJA CHICA - MELOCOTON KG;MELOCOTON KG;ABARROTES
CAJA CHICA - MELON  X KG;MELON  X KG;ABARROTES
CAJA CHICA - MENTA;MENTA;FFVV
CAJA CHICA - MERMELADA DE FRESA A GRANEL;MERMELADA DE FRESA A GRANEL;ABARROTES
CAJA CHICA - MERMELADA DE NARANJA COMPASS 1 KG;MERMELADA DE NARANJA COMPASS 1 KG;ABARROTES
CAJA CHICA - MERMELADA FRESA A-1 1 KG;MERMELADA FRESA A-1 1 KG;ABARROTES
CAJA CHICA - MERMELADA FRESA A-1 350 GR;MERMELADA FRESA A-1 350 GR;ABARROTES
CAJA CHICA - MERMELADA FRESA COMPASS 1 KG;MERMELADA FRESA COMPASS 1 KG;ABARROTES
CAJA CHICA - MERMELADA FRESA FLORIDA 1 KG;MERMELADA FRESA FLORIDA 1 KG;ABARROTES
CAJA CHICA - MERMELADA MERFRUT GOORMET FRESA 5 KG;MERMELADA MERFRUT GOORMET FRESA 5 KG;ABARROTES
CAJA CHICA - MERMELADA MERFRUT GOORMET NARANJA 5 KG;MERMELADA MERFRUT GOORMET NARANJA 5 KG;ABARROTES
CAJA CHICA - MERMELADA MERFRUT GOORMET PIÑA 5 KG;MERMELADA MERFRUT GOORMET PIÑA 5 KG;ABARROTES
CAJA CHICA - MERMELADA PIÑA COMPASS 1KG; MERMELADA PIÑA COMPASS 1KG;ABARROTES
CAJA CHICA - MERMELADA SAUCO X 400 GR;MERMELADA SAUCO X 400 GR;ABARROTES
CAJA CHICA - MERMELADA X BARRIL;MERMELADA X BARRIL;ABARROTES
CAJA CHICA - MEZC P/PANQ BUTTER;MEZC P/PANQ BUTTER;ABARROTES
CAJA CHICA - MEZCLA DE ALMENDRA NUEZ VALLEALTO 90GR;MEZCLA DE ALMENDRA NUEZ VALLEALTO 90GR;ABARROTES
CAJA CHICA - MIEL;MIEL;ABARROTES
CAJA CHICA - MIEL DE ABEJA FLORIDA 600 ML;MIEL DE ABEJA FLORIDA 600 ML;ABARROTES
CAJA CHICA - MIEL DE ABEJA X 300;MIEL DE ABEJA X 300;ABARROTES
CAJA CHICA - MIEL DE MAPLE 470 GR;MIEL DE MAPLE 470 GR;ABARROTES
CAJA CHICA - MIEL DE MAPLE LA CABAÑA 350ML;MIEL DE MAPLE LA CABAÑA 350ML;ABARROTES
CAJA CHICA - MIEL DE MAPLE X 470 GR;MIEL DE MAPLE X 470 GR;ABARROTES
CAJA CHICA - MILO;MILO;ABARROTES
CAJA CHICA - MINI ALFAJORES X 15 GR;MINI ALFAJORES X 15 GR;ABARROTES
CAJA CHICA - MINI ALFAJORES X 18 UND;MINI ALFAJORES X 18 UND;ABARROTES
CAJA CHICA - MINI BROWNIE DE CHOCOLATE;MINI BROWNIE DE CHOCOLATE;ABARROTES
CAJA CHICA - MINI CARROT CAKE;MINI CARROT CAKE;ABARROTES
CAJA CHICA - MINI CHIN CHIN X 32 UND;MINI CHIN CHIN X 32 UND;ABARROTES
CAJA CHICA - MINI CIABATTA;MINI CIABATTA;ABARROTES
CAJA CHICA - MINI EMPANADA CARNE;MINI EMPANADA CARNE;ABARROTES
CAJA CHICA - MINI EMPANADITA DE CARNE X 25 GR;MINI EMPANADITA DE CARNE X 25 GR;ABARROTES
CAJA CHICA - MINI NICK X 20 UND;MINI NICK X 20 UND;ABARROTES
CAJA CHICA - MINI PIE LIMON;MINI PIE LIMON;ABARROTES
CAJA CHICA - MINI PIONONO DE MANJAR;MINI PIONONO DE MANJAR;ABARROTES
CAJA CHICA - MINI RELLENITA X 50 UND;MINI RELLENITA X 50 UND;ABARROTES
CAJA CHICA - MINI SAPITO X 50 UND;MINI SAPITO X 50 UND;ABARROTES
CAJA CHICA - MINI TARTALETA DE FRUTAS;MINI TARTALETA DE FRUTAS;ABARROTES
CAJA CHICA - MIX DE NUECES VALLEALTO 180 GR;MIX DE NUECES VALLEALTO 180 GR;ABARROTES
CAJA CHICA - MIX MANI CON PASAS X 200GR;MIX MANI CON PASAS X 200GR;ABARROTES
CAJA CHICA - MIXO EMULSIFICANTE X GR;MIXO EMULSIFICANTE X GR;ABARROTES
CAJA CHICA - MIXTURA DE SOPA CONGELADO;MIXTURA DE SOPA CONGELADO;CONGELADOS
CAJA CHICA - MIXTURA ENSALADA CONGELADA;MIXTURA ENSALADA CONGELADA;CONGELADOS
CAJA CHICA - MIXTURA ITALIANA CONGELADA;MIXTURA ITALIANA CONGELADA;CONGELADOS
CAJA CHICA - MIXTURA LISTA CONGELADA;MIXTURA LISTA CONGELADA;CONGELADOS
CAJA CHICA - MIXTURA MEXICANA CONGELADA;MIXTURA MEXICANA CONGELADA;CONGELADOS
CAJA CHICA - MIXTURA PRIMAVERA CONGELADA;MIXTURA PRIMAVERA CONGELADA;CONGELADOS
CAJA CHICA - MOLDES DE PLASTICOS;MOLDES DE PLASTICOS;ABARROTES
CAJA CHICA - MONDADIENTES 200 UND;MONDADIENTES 200 UND;DESCARTABLES
CAJA CHICA - MONDONGO CAU CAU X KG;MONDONGO CONGELADO;ABARROTES
CAJA CHICA - MONDONGO CORTE ITALIANO X KG;MONDONGO CONGELADO;ABARROTES
CAJA CHICA - MOPA PARA TRAPEAR;MOPA PARA TRAPEAR;ABARROTES
CAJA CHICA - MOPAS CON HOJAL;MOPAS CON HOJAL;ABARROTES
CAJA CHICA - MORA;MORA;ABARROTES
CAJA CHICA - MORASX200GREMPORIO;MORASX200GREMPORIO;ABARROTES
CAJA CHICA - MORCILLA CONGELADA 500 GR;MORCILLA CONGELADA 500 GR;CONGELADOS
CAJA CHICA - MORON AMERICANO EL PLEBEYO X 5 KG;MORON AMERICANO EL PLEBEYO X 5 KG;ABARROTES
CAJA CHICA - MORON X 500 GR;MORON X 500 GR;ABARROTES
CAJA CHICA - MORTADELA PARA CAFETIN REFRIGERADO 500 GR;MORTADELA PARA CAFETIN REFRIGERADO 500 GR;REFRIGERADOS
CAJA CHICA - MOSTAZA 230 GR;CHOCOLATE PARA TAZA;ABARROTES
CAJA CHICA - MOSTAZA BALDE X 4KG;CHOCOLATE PARA TAZA;ABARROTES
CAJA CHICA - MOSTAZA INDIVIDUAL X 240 UND;CHOCOLATE PARA TAZA;ABARROTES
CAJA CHICA - MUÑA FRESCA;MUÑA FRESCA;ABARROTES
CAJA CHICA - NABO X KG;NABO X KG;ABARROTES
CAJA CHICA - NARANJA DE JUGO X KG;NARANJA DE JUGO X KG;ABARROTES
CAJA CHICA - NARANJA PARA MESA;NARANJA PARA MESA;FFVV
CAJA CHICA - NARANJA TANGELO;NARANJA TANGELO;ABARROTES
CAJA CHICA - NESCAFE DOLCE GUSTO LUNGO;NESCAFE DOLCE GUSTO LUNGO;ABARROTES
CAJA CHICA - NESCAFE FINA SELECCION X 200 GR;NESCAFE FINA SELECCION X 200 GR;ABARROTES
CAJA CHICA - NESCAFE TRADICION X 50 GR;NESCAFE TRADICION X 50 GR;ABARROTES
CAJA CHICA - NESTLE CORN FK 180 GR;NESTLE CORN FK 180 GR;ABARROTES
CAJA CHICA - NUECES PELADA X 80 GR; NUECES PELADA X 80 GR;ABARROTES
CAJA CHICA - NUEVO CON FORMATO COMPRA;NUEVO CON FORMATO COMPRA;ABARROTES
CAJA CHICA - NUEZ MOSCADA MOLIDA BADIA 2 OZ;NUEZ MOSCADA MOLIDA BADIA 2 OZ;ABARROTES
CAJA CHICA - NUSITA X 18 UND;NUSITA X 18 UND;ABARROTES
CAJA CHICA - NUTRI BODY CHOCOLATE;NUTRI BODY CHOCOLATE;ABARROTES
CAJA CHICA - NUTRI BODY MANI;NUTRI BODY MANI;ABARROTES
CAJA CHICA - OLD ENGLAND TOFFE X 80 UND;OLD ENGLAND TOFFE X 80 UND;ABARROTES
CAJA CHICA - OLE OLE X 50 UND;OLE OLE X 50 UND;ABARROTES
CAJA CHICA - OLLUCO ENTERO REFRIGERADO;OLLUCO ENTERO;FFVV
CAJA CHICA - OLLUCO X KG;OLLUCO X KG;FFVV
CAJA CHICA - OREGANO ENTERO A GRANEL;OREGANO ENTERO A GRANEL;ABARROTES
CAJA CHICA - OREGANO MOLIDO TOÑA X 1 KG;OREGANO MOLIDO TOÑA X 1 KG;ABARROTES
CAJA CHICA - OREGANO SAZÓN X 66 UND;OREGANO SAZÓN X 66 UND;ABARROTES
CAJA CHICA - PABILO;PABILO;ABARROTES
CAJA CHICA - PACCHOY BB KG;PACCHOY BB KG;ABARROTES
CAJA CHICA - PALILLO MOLIDO TOÑA 1 KG;PALILLO MOLIDO;ABARROTES
CAJA CHICA - PALILLO SAZÓN X 66 UND;PALILLO MOLIDO;ABARROTES
CAJA CHICA - PALILLO X 34.2 GR;PALILLO MOLIDO;ABARROTES
CAJA CHICA - PALITO DE CHUPETE;PALITO DE CHUPETE;ABARROTES
CAJA CHICA - PALITOS DE ANTICUCHO X 70 UND;PALITOS DE ANTICUCHO X 70 UND;ABARROTES
CAJA CHICA - PALLAR CON TOCINO GAMBRINOS LATA;PALLAR;ABARROTES
CAJA CHICA - PALMITOS ENTEROS 430 GR;PALMITOS ENTEROS 430 GR;ABARROTES
CAJA CHICA - PALMITOS TROZOS COSECHA DE OROR;PALMITOS TROZOS COSECHA DE OROR;ABARROTES
CAJA CHICA - PALO DE ALUMINIO RUBBERMAID 6355;PALO DE ALUMINIO RUBBERMAID 6355;ABARROTES
CAJA CHICA - PALO MOPERA FIBRA DE VIDRIO;PALO MOPERA FIBRA DE VIDRIO;ABARROTES
CAJA CHICA - PALO MOPERO;PALO MOPERO;ABARROTES
CAJA CHICA - PALO MOPERO METAL H225;PALO MOPERO METAL H225;ABARROTES
CAJA CHICA - PALO MOPERO RUBBERMAID H146;PALO MOPERO RUBBERMAID H146;ABARROTES
CAJA CHICA - PALTA;PALTA;FFVV
CAJA CHICA - PAN A GRANEL ESPECIAL X KG;PAN A GRANEL ESPECIAL X KG;ABARROTES
CAJA CHICA - PAN A GRANEL X KG;PAN A GRANEL X KG;ABARROTES
CAJA CHICA - PAN BAGUETTE;PAN BAGUETTE;ABARROTES
CAJA CHICA - PAN BIMBO BLANCO X 650 GR;PAN BIMBO BLANCO X 650 GR;ABARROTES
CAJA CHICA - PAN BIMBO INTEGRAL 100% PREB-MED X 480 GR;PAN BIMBO INTEGRAL 100% PREB-MED X 480 GR;ABARROTES
CAJA CHICA - PAN BLANCO GRANDE X 650 GR;PAN BLANCO GRANDE X 650 GR;ABARROTES
CAJA CHICA - PAN BLANCO MEDIANO X 480 GR;PAN BLANCO MEDIANO X 480 GR;ABARROTES
CAJA CHICA - PAN CIABATTA;PAN CIABATTA;ABARROTES
CAJA CHICA - PAN CROISANT;PAN CROISANT;ABARROTES
CAJA CHICA - PAN DE HAMBURGUESA;PAN DE HAMBURGUESA;ABARROTES
CAJA CHICA - PAN DE MAIZ KG;PAN DE MAIZ KG;ABARROTES
CAJA CHICA - PAN DE PISO;PAN DE PISO;ABARROTES
CAJA CHICA - PAN FRANCES;PAN FRANCES;ABARROTES
CAJA CHICA - PAN HOT DOG;PAN HOT DOG;ABARROTES
CAJA CHICA - PAN INTEGRAL 400 GR;PAN INTEGRAL 400 GR;ABARROTES
CAJA CHICA - PAN INTEGRAL X 600 GR;PAN INTEGRAL X 600 GR;ABARROTES
CAJA CHICA - PAN MINI CROISANT;PAN MINI CROISANT;ABARROTES
CAJA CHICA - PAN MINI FRANCES;PAN MINI FRANCES;ABARROTES
CAJA CHICA - PAN PYC;PAN PYC;ABARROTES
CAJA CHICA - PANAMITO X KG;PANAMITO X KG;ABARROTES
CAJA CHICA - PANELA GRANULADA X 500 GR;PANELA GRANULADA X 500 GR;ABARROTES
CAJA CHICA - PANES INTEGRALES BIMBO;PANES INTEGRALES BIMBO;ABARROTES
CAJA CHICA - PANES VARIOS;PANES VARIOS;ABARROTES
CAJA CHICA - PANETON DONOFRIO;PANETON DONOFRIO;ABARROTES
CAJA CHICA - PANETON DONOFRIO X 900 GR;PANETON DONOFRIO X 900 GR;ABARROTES
CAJA CHICA - PANETON ECONOMICO 900 GR;PANETON ECONOMICO 900 GR;ABARROTES
CAJA CHICA - PANETON GLORIA 900 GR BOLSA;PANETON GLORIA 900 GR BOLSA;ABARROTES
CAJA CHICA - PANETON SANTA CLARA 90 GR;PANETON SANTA CLARA 90 GR;ABARROTES
CAJA CHICA - PANETON SODEXO 1 KG;PANETON SODEXO 1 KG;ABARROTES
CAJA CHICA - PANETON SODEXO X 100 GR;PANETON SODEXO X 100 GR;ABARROTES
CAJA CHICA - PANKO YUMART 230 GR;PANKO YUMART 230 GR;ABARROTES
CAJA CHICA - PAÑO ABSORBENTE MULTIUSO;PAÑO ABSORBENTE MULTIUSO;ABARROTES
CAJA CHICA - PAÑUELOS KLEENEX;PAÑUELOS KLEENEX;ABARROTES
CAJA CHICA - PAPA AMARILLA;PAPA AMARILLA;FFVV
CAJA CHICA - PAPA BEBE;PAPA BEBE;ABARROTES
CAJA CHICA - PAPA BLANCA X KG;PAPA BLANCA ;FFVV
CAJA CHICA - PAPA CANCHAN;PAPA CANCHAN;FFVV
CAJA CHICA - PAPA COCKTAIL X KG;PAPA COCKTAIL X KG;ABARROTES
CAJA CHICA - PAPA FRITA X PORCION;PAPA FRITA X PORCION;ABARROTES
CAJA CHICA - PAPA HUAYRO;PAPA HUAYRO;FFVV
CAJA CHICA - PAPA LAYS CLASSICA X 16 GR;PAPA LAYS CLASSICA X 16 GR;ABARROTES
CAJA CHICA - PAPA LAYS MAYONESSA X 16 GR;PAPA LAYS MAYONESSA X 16 GR;ABARROTES
CAJA CHICA - PAPA LAYS POLLO A LA BRASA X 16 GR;PAPA LAYS POLLO A LA BRASA X 16 GR;CONGELADOS
CAJA CHICA - PAPA LOMO NEGRO;PAPA LOMO NEGRO;ABARROTES
CAJA CHICA - PAPA PRE FRITA CONGELADA 11 X 11 KG;PAPA PRE FRITA CONGELADA 11 X 11 KG;CONGELADOS
CAJA CHICA - PAPA SECA EL PLEBEYO 5 KG;PAPA SECA;ABARROTES
CAJA CHICA - PAPA YUNGAY;PAPA YUNGAY;ABARROTES
CAJA CHICA - PAPAS AL HILO  X 500 GR;PAPAS AL HILO  X 500 GR;ABARROTES
CAJA CHICA - PAPAS AL HILO BELLS 150 GR;PAPAS AL HILO BELLS 150 GR;ABARROTES
CAJA CHICA - PAPAS AL HILO TOTTUS X 150 GR;PAPAS AL HILO TOTTUS X 150 GR;ABARROTES
CAJA CHICA - PAPAS ARTESANALES CRUJIENTES CEBOLLA CARAMELIZA;PAPAS ARTESANALES CRUJIENTES CEBOLLA CARAMELIZA;ABARROTES
CAJA CHICA - PAPAS ARTESANALES CRUJIENTES JALAPEÑOS INCA CHI;PAPAS ARTESANALES CRUJIENTES JALAPEÑOS INCA CHI;ABARROTES
CAJA CHICA - PAPAS ARTESANALES CRUJIENTES NATURALES INCA CHI;PAPAS ARTESANALES CRUJIENTES NATURALES INCA CHI;ABARROTES
CAJA CHICA - PAPAS ARTESANALES CRUJIENTES QUESO PARMESANO IN;QUESO PARMESANO REFRIGERADO;ABARROTES
CAJA CHICA - PAPAS CRUJIENTES BBQ & CEBOLLA INKA CHIPS 33 GR;PAPAS CRUJIENTES BBQ & CEBOLLA INKA CHIPS 33 GR;ABARROTES
CAJA CHICA - PAPAS CRUJIENTES JALAPEÑO INCA CHIPS 33 GR;PAPAS CRUJIENTES JALAPEÑO INCA CHIPS 33 GR;ABARROTES
CAJA CHICA - PAPAS CRUJIENTES SAL DE MAR INCA CHIPS 33 GR; PAPAS CRUJIENTES SAL DE MAR INCA CHIPS 33 GR;ABARROTES
CAJA CHICA - PAPAS FRITAS BEMBOS INCA CHIP 30 GR;PAPAS FRITAS BEMBOS INCA CHIP 30 GR;ABARROTES
CAJA CHICA - PAPAS LAYS 16 GR;PAPAS LAYS 16 GR;ABARROTES
CAJA CHICA - PAPAS NATIVAS GO TOTO 50 GR;PAPAS NATIVAS GO TOTO 50 GR;ABARROTES
CAJA CHICA - PAPAYA;PAPAYA ENTERO;FFVV
CAJA CHICA - PAPAYA REGIONAL;PAPAYA ENTERO;ABARROTES
CAJA CHICA - PAPEL ALUMINIO ALUNASA 12 X 1000;PAPEL ALUMINIO ALUNASA 12 X 1000;ABARROTES
CAJA CHICA - PAPEL ALUMINIO ALUNASA 18 X 1000;PAPEL ALUMINIO ALUNASA 18 X 1000;ABARROTES
CAJA CHICA - PAPEL DE ALUMINIUM HY TOP 18X37.5;PAPEL DE ALUMINIUM HY TOP 18X37.5;LIMPIEZA
CAJA CHICA - PAPEL HIGENICO YUMBO KIMBERLY CLARK; PAPEL HIGENICO YUMBO KIMBERLY CLARK;ABARROTES
CAJA CHICA - PAPEL HIGIENICO JUMBO BLANCO SUAVE 550 MT;PAPEL HIGIENICO JUMBO BLANCO SUAVE 550 MT;ABARROTES
CAJA CHICA - PAPEL HIGIENICO SCOTT;PAPEL HIGIENICO SCOTT;DESCARTABLES
CAJA CHICA - PAPEL MANTECA RESMA 450 UND;PAPEL MANTECA RESMA 450 UND;DESCARTABLES
CAJA CHICA - PAPEL TERMICO MONOGLUCIDO UND;PAPEL TERMICO MONOGLUCIDO UND;DESCARTABLES
CAJA CHICA - PAPEL TOALLA AIRFLEX SCOTT 2P 24 X 150UND;PAPEL TOALLA AIRFLEX SCOTT 2P 24 X 150UND;DESCARTABLES
CAJA CHICA - PAPEL TOALLA INTERFOLIADO BLANCO;PAPEL TOALLA INTERFOLIADO BLANCO;ABARROTES
CAJA CHICA - PAPEL TOALLA INTERFOLIADO ECOLOGICO MARRON;PAPEL TOALLA INTERFOLIADO ECOLOGICO MARRON;ABARROTES
CAJA CHICA - PAPEL TOALLA JUMBO KIMBERLY CLARK;PAPEL TOALLA JUMBO KIMBERLY CLARK;ABARROTES
CAJA CHICA - PAPEL TOALLA NATURAL JUMBO SCOTT 200 MT;PAPEL TOALLA NATURAL JUMBO SCOTT 200 MT;DESCARTABLES
CAJA CHICA - PAPEL TOALLA PRE CORTADO SCOTT COCINA 3 ROLLO;PAPEL TOALLA PRE CORTADO SCOTT COCINA 3 ROLLO;DESCARTABLES
CAJA CHICA - PAPITAS LAYS FRITO LAY 170 GR;PAPITAS LAYS FRITO LAY 170 GR;ABARROTES
CAJA CHICA - PAPITAS LAYS FRITO LAY 18 GR;PAPITAS LAYS FRITO LAY 18 GR;ABARROTES
CAJA CHICA - PAPITAS LAYS FRITO LAY 40 GR;PAPITAS LAYS FRITO LAY 40 GR;ABARROTES
CAJA CHICA - PASA RUBIA 180 GR;PASA RUBIA 180 GR;ABARROTES
CAJA CHICA - PASAS MORENAS VALLEALTO 100 GR;PASAS MORENAS VALLEALTO 100 GR;ABARROTES
CAJA CHICA - PASAS RUBIAS;PASAS RUBIAS;ABARROTES
CAJA CHICA - PASAS SECAS TOÑA;PASAS SECAS TOÑA;ABARROTES
CAJA CHICA - PAST PLUMRAY MOLITALIA;PAST PLUMRAY MOLITALIA;ABARROTES
CAJA CHICA - PASTA DE AJONJOLI 405GR;PASTA DE AJONJOLI 405GR;ABARROTES
CAJA CHICA - PASTA DE TOMATE 245 GR;PASTA DE TOMATE 245 GR;ABARROTES
CAJA CHICA - PASTA DE TOMATE 750 GR.;PASTA DE TOMATE 750 GR.;ABARROTES
CAJA CHICA - PASTA DE TOMATE MOLITALIA 750 GR;PASTA DE TOMATE MOLITALIA 750 GR;ABARROTES
CAJA CHICA - PASTA DE TOMATE X 160 GR;PASTA DE TOMATE X 160 GR;ABARROTES
CAJA CHICA - PASTA WANTAN KG;PASTA WANTAN KG;ABARROTES
CAJA CHICA - PASTILLAS DESODORANTE PARA BAÑO BLANCO LEONOSOL;PASTILLAS DESODORANTE PARA BAÑO BLANCO LEONOSOL;ABARROTES
CAJA CHICA - PASTILLAS DESODORANTE PARA BAÑO DE COLOR LEONOS;PASTILLAS DESODORANTE PARA BAÑO DE COLOR LEONOS;ABARROTES
CAJA CHICA - PATO ENTERO;PATO ENTERO;CONGELADOS
CAJA CHICA - PATO TANQUE SAPOLIO;PATO TANQUE SAPOLIO;LIMPIEZA
CAJA CHICA - PAVO CON HUESO CONGELADO KG;PAVO CON HUESO CONGELADO KG;CONGELADOS
CAJA CHICA - PAVO PECHUGA GUISO TROZADA 150 GR.;PAVO PECHUGA GUISO TROZADA 150 GR.;CONGELADOS
CAJA CHICA - PECANA PELADA X 80 GR; PECANA PELADA X 80 GR;ABARROTES
CAJA CHICA - PECANA PELADA X 85 GR;PECANA PELADA X 85 GR;ABARROTES
CAJA CHICA - PECANAS 250 GR;PECANAS 250 GR;ABARROTES
CAJA CHICA - PECANAS A GRANEL;PECANAS A GRANEL;ABARROTES
CAJA CHICA - PECANAS PELADAS X 135 GR;PECANAS PELADAS X 135 GR;ABARROTES
CAJA CHICA - PECANAS X 500 GR;PECANAS X 500 GR;ABARROTES
CAJA CHICA - PECHUGA DE PAVO SAN FERNANDO X KG;PECHUGA DE PAVO SAN FERNANDO X KG;CONGELADOS
CAJA CHICA - PEN RIG INT AGNESI;PEN RIG INT AGNESI;ABARROTES
CAJA CHICA - PEONIA 48 CMS PV18;PEONIA 48 CMS PV18;ABARROTES
CAJA CHICA - PEPINILLO;PEPINILLO;FFVV
CAJA CHICA - PEPINILLO BB ENCURTIDO X KG;PEPINILLO BB ENCURTIDO X KG;FFVV
CAJA CHICA - PEPINILLOS A LA POLACA FRASCO X 670 GR;PEPINILLOS A LA POLACA FRASCO X 670 GR;FFVV
CAJA CHICA - PEPINILLOS ENCURTIDOS X KG;PEPINILLOS ENCURTIDOS X KG;FFVV
CAJA CHICA - PEPINO MELON REFRIGERADO;PEPINO MELON;FFVV
CAJA CHICA - PEPINO REGIONAL;PEPINO REGIONAL;FFVV
CAJA CHICA - PERA PACKHAM'S;PERA PACKHAM'S;FFVV
CAJA CHICA - PERLAS DE AZÚCAR COLOR LILA;PERLAS DE AZÚCAR COLOR LILA;ABARROTES
CAJA CHICA - PESCADO DORADO EVISCERADO;PESCADO DORADO EVISCERADO;CONGELADOS
CAJA CHICA - PEZ BASAVINA;PEZ BASAVINA;CONGELADOS
CAJA CHICA - PEZ CHIARELA FILETE C/PIEL;PEZ CHIARELA FILETE C/PIEL;CONGELADOS
CAJA CHICA - PEZ CONGRIO ENTERO EVISCERADO CONG;PEZ CONGRIO ENTERO EVISCERADO CONG;CONGELADOS
CAJA CHICA - PEZ CONGRIO ROJO FILETE S/PIEL CONG;PEZ CONGRIO ROJO FILETE S/PIEL CONG;CONGELADOS
CAJA CHICA - PEZ ESPADA SIN PIEL CONGELADO;PEZ ESPADA SIN PIEL CONGELADO;CONGELADOS
CAJA CHICA - PEZ PERICO FILETE S/PIEL CONGELADO;PEZ PERICO FILETE S/PIEL CONGELADO;CONGELADOS
CAJA CHICA - PEZ TRUCHA CONGELADA;PEZ TRUCHA CONGELADA;CONGELADOS
CAJA CHICA - PEZ TRUCHA REFRIGERADA;PEZ TRUCHA REFRIGERADA;REFRIGERADOS
CAJA CHICA - PEZ TRUCHA S/PIEL CONG;PEZ TRUCHA S/PIEL CONG;CONGELADOS
CAJA CHICA - PICAÑA DE RES ANGUS;PICAÑA DE RES ANGUS;ABARROTES
CAJA CHICA - PIEDRAS PECO MEDIA;PIEDRAS PECO MEDIA;ABARROTES
CAJA CHICA - PIERNA DE CERDO SIN HUESO;PIERNA DE CERDO SIN HUESO;CONGELADOS
CAJA CHICA - PILAS ALKALINA AA 2 UND DURACELL;PILAS ALKALINA AA 2 UND DURACELL;ABARROTES
CAJA CHICA - PILAS DURACELL AAA 2 UND;PILAS DURACELL AAA 2 UND;KIOSKO
CAJA CHICA - PILAS DURACELL AAA 4 UND;PILAS DURACELL AAA 4 UND;ABARROTES
CAJA CHICA - PIMENTON ROJO;PIMENTON ROJO;FFVV
CAJA CHICA - PIMIENTA MIXTAX 35 GR;PIMIENTA MIXTAX 35 GR;ABARROTES
CAJA CHICA - PIMIENTA NEGRA ENTERA KG;PIMIENTA NEGRA ENTERA KG;ABARROTES
CAJA CHICA - PIMIENTA SACHET SODEXO 10 GR;PIMIENTA SACHET SODEXO 10 GR;ABARROTES
CAJA CHICA - PIMIENTA SAZÓN X 66 UND;PIMIENTA SAZÓN X 66 UND;ABARROTES
CAJA CHICA - PINZA GRANDE BEIFA C/ENTERO;PINZA GRANDE BEIFA C/ENTERO;ABARROTES
CAJA CHICA - PINZA GRANDE ZINGER C/ENTERO;PINZA GRANDE ZINGER C/ENTERO;ABARROTES
CAJA CHICA - PIÑA EN RODAJAS X 567 GR;PIÑA EN RODAJAS X 567 GR;ABARROTES
CAJA CHICA - PIÑA GOLDEN;PIÑA GOLDEN;ABARROTES
CAJA CHICA - PIÑA HAWAINA KG;PIÑA HAWAINA KG;ABARROTES
CAJA CHICA - PIÑA SELVA;PIÑA SELVA;FFVV
CAJA CHICA - PIQUEO SNACK 53 GR FRITO LAY;PIQUEO SNACK 53 GR FRITO LAY;ABARROTES
CAJA CHICA - PIROTIN BLANCO # 1 X 1000 UND;PIROTIN BLANCO # 1 X 1000 UND;DESCARTABLES
CAJA CHICA - PISCO BUENA COSECHA QUEBRANTA (1 LT);PISCO BUENA COSECHA QUEBRANTA (1 LT);ABARROTES
CAJA CHICA - PISCO MORO;PISCO MORO;ABARROTES
CAJA CHICA - PISCO TABERNERO QUEBRANTA EDICION LTDA X 500 ML;PISCO TABERNERO QUEBRANTA EDICION LTDA X 500 ML;ABARROTES
CAJA CHICA - PISCO VARGAS X 750 CC;PISCO VARGAS X 750 CC;ABARROTES
CAJA CHICA - PISO P/TORTA CHICA TECNOPOR;PISO P/TORTA CHICA TECNOPOR;ABARROTES
CAJA CHICA - PISO P/TORTA GRANDE TECNOPOR;PISO P/TORTA GRANDE TECNOPOR;ABARROTES
CAJA CHICA - PISO PARA TORTA TECNOPOR REDONDO 32;PISO PARA TORTA TECNOPOR REDONDO 32;ABARROTES
CAJA CHICA - PISTACHO SAL X 80 GR;PISTACHO SAL X 80 GR;ABARROTES
CAJA CHICA - PISTACHOS SALADOS 250 GR;PISTACHOS SALADOS 250 GR;ABARROTES
CAJA CHICA - PLANCHA DE SERVILLETAS;PLANCHA DE SERVILLETAS;DESCARTABLES
CAJA CHICA - PLASTI FILM;FILM PLASTICO 18 x 1400;DESCARTABLES
CAJA CHICA - PLATANO BELLACO;PLATANO BELLACO;FFVV
CAJA CHICA - PLATANO DE ISLA;PLATANO DE ISLA;FFVV
CAJA CHICA - PLATANO REGIONAL;PLATANO REGIONAL;FFVV
CAJA CHICA - PLATO ENTRADA PLASTICO 15 CM;PLATO ENTRADA PLASTICO 15 CM;DESCARTABLES
CAJA CHICA - PLATO HONDO DESCARTABLE 20 CM;PLATO HONDO DESCARTABLE 20 CM;DESCARTABLES
CAJA CHICA - PLATO P-Q TECNOPOR X 100 UND;PLATO P-Q TECNOPOR X 100 UND;ABARROTES
CAJA CHICA - PLATO TENDIDO TECNOPOR 22CM UND;PLATO TENDIDO TECNOPOR 22CM UND;ABARROTES
CAJA CHICA - PLATOS DESCARTABLES N° 22 X 100 UND;PLATOS DESCARTABLES N° 22 X 100 UND;DESCARTABLES
CAJA CHICA - PLATOS ENTRADA PLASTICO 15 CM;PLATOS ENTRADA PLASTICO 15 CM;ABARROTES
CAJA CHICA - POLLO ALITAS BRUCHECK;POLLO ALITAS BRUCHECK;CONGELADOS
CAJA CHICA - POLLO ENTERO S/ MENUD CONG 1.2 KG;POLLO ENTERO S/ MENUD CONG 1.2 KG;CONGELADOS
CAJA CHICA - POLLO ENTERO S/M CONGELADO 1.65-1.70 KG;POLLO ENTERO S/M CONGELADO 1.65-1.70 KG;CONGELADOS
CAJA CHICA - POLLO PECHUGA FILETE ECONOMICO GONGELADO;POLLO PECHUGA FILETE ECONOMICO GONGELADO;CONGELADOS
CAJA CHICA - POLLO PIERNA FILETE S/PIEL CONGELADO;POLLO PIERNA FILETE S/PIEL CONGELADO;CONGELADOS
CAJA CHICA - POLLO ROSTIZADO X UND;POLLO ROSTIZADO X UND;CONGELADOS
CAJA CHICA - POLLO SIN MENUDENCIA CONGELADO RANGO 1.6 KG;POLLO SIN MENUDENCIA CONGELADO;CONGELADOS
CAJA CHICA - POLLO SIN MENUDENCIA X KG;POLLO SIN MENUDENCIA CONGELADO;CONGELADOS
CAJA CHICA - POLVO DE HORNEAR ARO X I KG;POLVO DE HORNEAR ARO X I KG;ABARROTES
CAJA CHICA - POLVO DE HORNEAR FLEISCHMAN 20 GR;POLVO DE HORNEAR FLEISCHMAN 20 GR;ABARROTES
CAJA CHICA - POLVO DE HORNEAR LEVAPAN 4 KG;POLVO DE HORNEAR LEVAPAN 4 KG;ABARROTES
CAJA CHICA - POP CORN A GRANEL - MAIZ PERLITA;POP CORN A GRANEL - MAIZ PERLITA;ABARROTES
CAJA CHICA - POP CORN CARAMELO MICROONDAS;POP CORN CARAMELO MICROONDAS;ABARROTES
CAJA CHICA - POP CORN MANTEQUILLA MICROONDAS;POP CORN MANTEQUILLA MICROONDAS;REFRIGERADOS
CAJA CHICA - POP CORN NATURAL MICROONDAS;POP CORN NATURAL MICROONDAS;ABARROTES
CAJA CHICA - PORO;PORO;FFVV
CAJA CHICA - PORO FITZ;PORO FITZ;FFVV
CAJA CHICA - PORTA FOTOCHECK;PORTA FOTOCHECK;ABARROTES
CAJA CHICA - PORTAVIANDA DESCARTABLE TECNOPOR LT;PORTAVIANDA DESCARTABLE TECNOPOR LT;DESCARTABLES
CAJA CHICA - PORTOBELLO;PORTOBELLO;ABARROTES
CAJA CHICA - PRACTIGAS;PRACTIGAS;ABARROTES
CAJA CHICA - PRE ELABORADO CONCENTRADO CARAMBOLA 1 LT;PRE ELABORADO CONCENTRADO CARAMBOLA 1 LT;BEBIDAS
CAJA CHICA - PRE MEZCLA KKE NARANJA X 1KG;PRE MEZCLA KKE NARANJA X 1KG;ABARROTES
CAJA CHICA - PRE MEZCLA P/ KEKE DE NARANJA X 1 KG;PRE MEZCLA P/ KEKE DE NARANJA X 1 KG;ABARROTES
CAJA CHICA - PRE PIZZA FAMILIAR PAN IND 5X26;PRE PIZZA FAMILIAR PAN IND 5X26;ABARROTES
CAJA CHICA - PRENSAPAPAS BASA;PRENSAPAPAS BASA;ABARROTES
CAJA CHICA - PRINCESA HELADO MINI X 24 UND;PRINCESA HELADO MINI X 24 UND;ABARROTES
CAJA CHICA - PROSCIUTO X 500 GR;PROSCIUTO X 500 GR;ABARROTES
CAJA CHICA - PULPA CONCENTRADA GUANABANA;PULPA CONCENTRADA GUANABANA;ABARROTES
CAJA CHICA - PULPA DE CANGREJO PQTE;PULPA DE CANGREJO PQTE;ABARROTES
CAJA CHICA - PULPA DE FRESA CONGELADO;PULPA DE FRESA CONGELADO;CONGELADOS
CAJA CHICA - PULPA DE LUCUMA CONGELADO;PULPA DE LUCUMA CONGELADO;CONGELADOS
CAJA CHICA - PULPA DE MANGO CONGELADO;PULPA DE MANGO CONGELADO;CONGELADOS
CAJA CHICA - PULPA DE MARACUYA CONGELADO;PULPA DE MARACUYA CONGELADO;CONGELADOS
CAJA CHICA - PULPA DE MELON CONGELADO;PULPA DE MELON CONGELADO;CONGELADOS
CAJA CHICA - PULPA DE PAPAYA CONGELADO;PULPA DE PAPAYA CONGELADO;CONGELADOS
CAJA CHICA - PULPA DE RES;PULPA DE RES;ABARROTES
CAJA CHICA - PULPA ORGANICA DE CAMU CAMU;PULPA ORGANICA DE CAMU CAMU;ABARROTES
CAJA CHICA - PULVERIZADOR PLASTICO 750 ML;PULVERIZADOR PLASTICO 750 ML;LIMPIEZA
CAJA CHICA - PURE DE MANZANA DESHIDRATADA;PURE DE PAPA DESHIDRATADA;ABARROTES
CAJA CHICA - PURE DE PAPAS - MINA X 1KG;PURE DE PAPA DESHIDRATADA;ABARROTES
CAJA CHICA - PW HF FRUTOS 50ML;PW HF FRUTOS 50ML;ABARROTES
CAJA CHICA - PZKID M X 6;PZKID M X 6;ABARROTES
CAJA CHICA - QUESO AHUMADO;QUESO AHUMADO;REFRIGERADOS
CAJA CHICA - QUESO AHUMADO HUACARIZ KG;QUESO AHUMADO HUACARIZ KG;REFRIGERADOS
CAJA CHICA - QUESO BABY ZUIZZ LAMINADO KG;QUESO BABY ZUIZZ LAMINADO KG;REFRIGERADOS
CAJA CHICA - QUESO CAMPESINO TAMBO KG;QUESO CAMPESINO TAMBO KG;REFRIGERADOS
CAJA CHICA - QUESO CON OREGANO KG;QUESO CON OREGANO KG;REFRIGERADOS
CAJA CHICA - QUESO CON ROCOTO KG;QUESO CON ROCOTO KG;REFRIGERADOS
CAJA CHICA - QUESO CREAM CHEESE DELICE CAJA 227 GR;QUESO CREAM CHEESE DELICE CAJA 227 GR;REFRIGERADOS
CAJA CHICA - QUESO DANBO HUACARIZ KG;QUESO DANBO HUACARIZ KG;REFRIGERADOS
CAJA CHICA - QUESO EDAM HUACARIZ KG;QUESO EDAM HUACARIZ KG;REFRIGERADOS
CAJA CHICA - QUESO EDAM REFRIGERADO;QUESO EDAM REFRIGERADO;REFRIGERADOS
CAJA CHICA - QUESO FINAS HIERBAS HUACARIZ KG;QUESO FINAS HIERBAS HUACARIZ KG;REFRIGERADOS
CAJA CHICA - QUESO FINAS HIERBAS TAMBO KG;QUESO FINAS HIERBAS TAMBO KG;REFRIGERADOS
CAJA CHICA - QUESO FRESCO;QUESO FRESCO REFRIGERADO;REFRIGERADOS
CAJA CHICA - QUESO FRESCO HUACARIZ KG;QUESO FRESCO REFRIGERADO;REFRIGERADOS
CAJA CHICA - QUESO FRESCO LA FLORIDA X KG;QUESO FRESCO REFRIGERADO;REFRIGERADOS
CAJA CHICA - QUESO FRESCO SBEL X KG;QUESO FRESCO REFRIGERADO;REFRIGERADOS
CAJA CHICA - QUESO GLORIA BONLE MOZZARELLA;QUESO GLORIA BONLE MOZZARELLA;REFRIGERADOS
CAJA CHICA - QUESO GOUDA BONLE X KG;QUESO GOUDA BONLE X KG;REFRIGERADOS
CAJA CHICA - QUESO GOUDA HUACARIZ KG;QUESO GOUDA HUACARIZ KG;REFRIGERADOS
CAJA CHICA - QUESO GRUYERE KG;QUESO GRUYERE KG;REFRIGERADOS
CAJA CHICA - QUESO MANTECOSO C / FINAS HIERBAS;QUESO MANTECOSO C / FINAS HIERBAS;REFRIGERADOS
CAJA CHICA - QUESO PARIA BONLE X KG;QUESO PARIA BONLE X KG;REFRIGERADOS
CAJA CHICA - QUESO PARIA HUACARIZ KG;QUESO PARIA HUACARIZ KG;REFRIGERADOS
CAJA CHICA - QUESO PARMESANO LAIVE X KG;QUESO PARMESANO REFRIGERADO;REFRIGERADOS
CAJA CHICA - QUESO PHILADELPHIA ORIGIBAL;QUESO PHILADELPHIA ORIGIBAL;REFRIGERADOS
CAJA CHICA - QUESO SUIZO HUACARIZ KG; QUESO SUIZO HUACARIZ KG;ABARROTES
CAJA CHICA - QUINUA X 5KG;QUINUA X 5KG;ABARROTES
CAJA CHICA - QUITA SARRO 500 ML;QUITA SARRO 500 ML;REFRIGERADOS
CAJA CHICA - RABANITO X KG;RABANITO X KG;FFVV
CAJA CHICA - RAFIA EN OBILLO;RAFIA EN OBILLO;ABARROTES
CAJA CHICA - RAVIOLES DE CARNE X 500GR;RAVIOLES DE CARNE X 500GR;ABARROTES
CAJA CHICA - RECOGEDOR DE METAL;RECOGEDOR DE METAL;ABARROTES
CAJA CHICA - RED BULL ENERGIZANT ENERGY DRINK;RED BULL ENERGIZANT ENERGY DRINK;BEBIDAS
CAJA CHICA - REFRESCO INSTANTANEO;REFRESCO INSTANTANEO;REFRIGERADOS
CAJA CHICA - REMOVEDOR DE SARRO DARIZA 4 LT;REMOVEDOR DE SARRO DARIZA 4 LT;LIMPIEZA
CAJA CHICA - REPUESTO DE PULVERIZADOR (GATILLO);REPUESTO DE PULVERIZADOR (GATILLO);LIMPIEZA
CAJA CHICA - RES - GUISO 30 GR ( SOPAS CORTE PICADO);RES - GUISO CONGELADO;CONGELADOS
CAJA CHICA - RES AGUJA CONGELADO IMPORTADO;RES AGUJA CONGELADO IMPORTADO;CONGELADOS
CAJA CHICA - RES AGUJA CONGELADO NACIONAL;RES AGUJA CONGELADO NACIONAL;CONGELADOS
CAJA CHICA - RES ASADO CUADRADO CONGELADO NACIONAL;RES ASADO CUADRADO CONGELADO NACIONAL;CONGELADOS
CAJA CHICA - RES ASADO DE TIRA C/HUESO NACIONAL;RES ASADO DE TIRA C/HUESO NACIONAL;CONGELADOS
CAJA CHICA - RES ASADO DE TIRA CONGELADO NACIONAL;RES ASADO DE TIRA CONGELADO NACIONAL;CONGELADOS
CAJA CHICA - RES ASADO PEJERREY CONGELADO;RES ASADO PEJERREY CONGELADO;CONGELADOS
CAJA CHICA - RES ASADO RUSO CONGELADO NACIONAL;RES ASADO RUSO CONGELADO NACIONAL;CONGELADOS
CAJA CHICA - RES BIFE ANGOSTO CONGELADO AMERICANO;RES BIFE ANGOSTO CONGELADO AMERICANO;CONGELADOS
CAJA CHICA - RES BIFE ANGOSTO CONGELADO NACIONAL;RES BIFE ANGOSTO CONGELADO NACIONAL;CONGELADOS
CAJA CHICA - RES BISTECK 120 GR CONGELADO;RES BISTECK 120 GR CONGELADO;CONGELADOS
CAJA CHICA - RES BOLA DE LOMO CONGELADO AMERICANO;RES BOLA DE LOMO CONGELADO AMERICANO;CONGELADOS
CAJA CHICA - RES BOLA DE LOMO CONGELADO IMPORTADO;RES BOLA DE LOMO CONGELADO IMPORTADO;CONGELADOS
CAJA CHICA - RES BOLA DE LOMO CONGELADO NACIONAL;RES BOLA DE LOMO CONGELADO NACIONAL;CONGELADOS
CAJA CHICA - RES CARNAZA CUADRADA CONGELADO;RES CARNAZA CUADRADA CONGELADO;CONGELADOS
CAJA CHICA - RES CHINGOLO CONGELADO NACIONAL;RES CHINGOLO CONGELADO NACIONAL;CONGELADOS
CAJA CHICA - RES COLITA DE CUADRIL CONG IMPORTADO;RES COLITA DE CUADRIL CONG IMPORTADO;CONGELADOS
CAJA CHICA - RES GARRON CONELADO NACIONAL;RES GARRON CONELADO NACIONAL;CONGELADOS
CAJA CHICA - RES GARRON IMPORTADO;RES GARRON IMPORTADO;CONGELADOS
CAJA CHICA - RES GUISO ECONOMICO CONGELADO;RES GUISO ECONOMICO CONGELADO;CONGELADOS
CAJA CHICA - RES GUISO TIERNO CONGELADO NACIONAL;RES GUISO TIERNO CONGELADO NACIONAL;CONGELADOS
CAJA CHICA - RES LOMO FINO CONGELADO NACIONAL;RES LOMO FINO CONGELADO NACIONAL;CONGELADOS
CAJA CHICA - RES MALAYA AREQ;RES MALAYA AREQ;CONGELADOS
CAJA CHICA - RES NALGA DE ADENTRO CONGELADO NACIONAL;RES NALGA DE ADENTRO CONGELADO NACIONAL;CONGELADOS
CAJA CHICA - RES PALETA CONGELADO NACIONAL;RES PALETA CONGELADO NACIONAL;CONGELADOS
CAJA CHICA - RES PECHO MANTA CONGELADO;RES PECHO MANTA CONGELADO;CONGELADOS
CAJA CHICA - RES PULMON CONGELADO;RES PULMON CONGELADO;CONGELADOS
CAJA CHICA - RES TAPA DE CUADRIL CONGELADO;RES TAPA DE CUADRIL CONGELADO;CONGELADOS
CAJA CHICA - ROCOTO;ROCOTO NORMAL;FFVV
CAJA CHICA - ROCOTO PARA RELLENO;ROCOTO PARA RELLENO;ABARROTES
CAJA CHICA - ROMERO 230 GR;ROMERO 230 GR;ABARROTES
CAJA CHICA - ROMERO FRESCO;ROMERO FRESCO;ABARROTES
CAJA CHICA - RON POMALCA 750 ML;RON POMALCA 750 ML;ABARROTES
CAJA CHICA - ROSCA CON OREGANO;ROSCA CON OREGANO;ABARROTES
CAJA CHICA - ROSCA DULCE KG;ROSCA DULCE KG;ABARROTES
CAJA CHICA - ROSCA MANTEQUILLA CAJAMARQUEZA KG;ROSCA MANTEQUILLA CAJAMARQUEZA KG;REFRIGERADOS
CAJA CHICA - ROSCA SALADA KG;ROSCA SALADA KG;ABARROTES
CAJA CHICA - SACAGRASA DARYZA X 4 LT;SACAGRASA DARYZA X 4 LT;LIMPIEZA
CAJA CHICA - SACASARRO SAPOLIO 500 ML;SACASARRO SAPOLIO 500 ML;ABARROTES
CAJA CHICA - SACHA CULANTRO;SACHA CULANTRO;ABARROTES
CAJA CHICA - SAILLAO OSCURO 5LT;SAILLAO OSCURO 5LT;ABARROTES
CAJA CHICA - SAL ARTESANAL;SAL ARTESANAL;ABARROTES
CAJA CHICA - SAL DE COCINA X 1 KG;SAL DE COCINA;ABARROTES
CAJA CHICA - SAL PARRILLERA 1 KG;SAL PARRILLERA 1 KG;ABARROTES
CAJA CHICA - SAL SACHET SODEXO 10 GR;SAL SACHET SODEXO 10 GR;ABARROTES
CAJA CHICA - SAL YODADA 25 X KILOGRAMOS;SAL YODADA 25 X KILOGRAMOS;ABARROTES
CAJA CHICA - SALAME X 500 GR;SALAME X 500 GR;ABARROTES
CAJA CHICA - SALCHICHA FRANFURT KG;SALCHICHA FRANFURT KG;ABARROTES
CAJA CHICA - SALCHICHA HOT DOG REFRIGERADO KG;SALCHICHA HOT DOG REFRIGERADO KG;REFRIGERADOS
CAJA CHICA - SALMON AHUMADO X KG;SALMON AHUMADO X KG;ABARROTES
CAJA CHICA - SALSA BARBECUE (BBQ);SALSA BARBECUE (BBQ);ABARROTES
CAJA CHICA - SALSA BBQ 612 GR;SALSA BBQ 612 GR;ABARROTES
CAJA CHICA - SALSA BBQ AHUM;SALSA BBQ AHUM;ABARROTES
CAJA CHICA - SALSA CHIHOU CHUBANG 220GR;SALSA CHIHOU CHUBANG 220GR;ABARROTES
CAJA CHICA - SALSA COINTREAU;SALSA COINTREAU;ABARROTES
CAJA CHICA - SALSA DE AJI 8 GR SACHET;SALSA DE AJI 8 GR SACHET;ABARROTES
CAJA CHICA - SALSA DE AJI C/AJO 6.5KG;SALSA DE AJI C/AJO 6.5KG;ABARROTES
CAJA CHICA - SALSA DE AJI SHINGKEE 375G GR CAJA DE 24 UND; SALSA DE AJI SHINGKEE 375G GR CAJA DE 24 UND;ABARROTES
CAJA CHICA - SALSA DE AJONJOLI (SANFENG) 280 GR X 24 UND; SALSA DE AJONJOLI (SANFENG) 280 GR X 24 UND;ABARROTES
CAJA CHICA - SALSA DE PESCADO 750 ML;SALSA DE PESCADO 750 ML;ABARROTES
CAJA CHICA - SALSA DE PESCADO PICANTE;SALSA DE PESCADO PICANTE;ABARROTES
CAJA CHICA - SALSA DE PESCADO PICANTE - FRASCO;SALSA DE PESCADO PICANTE - FRASCO;ABARROTES
CAJA CHICA - SALSA DE ROCOTO ALACENA 8 CC;SALSA DE ROCOTO ALACENA 8 CC;ABARROTES
CAJA CHICA - SALSA DE TAMARINDO 760GR CAJA 12 BOT SHINGLEE;SALSA DE TAMARINDO 760GR CAJA 12 BOT SHINGLEE;ABARROTES
CAJA CHICA - SALSA HOISIN LT;SALSA HOISIN LT;ABARROTES
CAJA CHICA - SALSA ITALIANA 237ML;SALSA ITALIANA 237ML;ABARROTES
CAJA CHICA - SALSA MENSI KIKKO X 350 ML;SALSA MENSI KIKKO X 350 ML;ABARROTES
CAJA CHICA - SALSA OSTION 2.27KG YUESHTFU;SALSA OSTION 2.27KG YUESHTFU;ABARROTES
CAJA CHICA - SALSA OSTION 510 ML;SALSA OSTION 510 ML;ABARROTES
CAJA CHICA - SALSA OSTION SOFIT 730 ML;SALSA OSTION SOFIT 730 ML;ABARROTES
CAJA CHICA - SALSA PICNIC HEINZ X 375 ML;SALSA PICNIC HEINZ X 375 ML;ABARROTES
CAJA CHICA - SALSA SHUR FINE;SALSA SHUR FINE;ABARROTES
CAJA CHICA - SALSA SILLAO CLARO X 750 ML;SALSA SILLAO CLARO X 750 ML;ABARROTES
CAJA CHICA - SALSA SILLAO CLARO X 750 ML - FRASCO; SALSA SILLAO CLARO X 750 ML - FRASCO;ABARROTES
CAJA CHICA - SALSA SILLAO FLORIDA 500 ML;SALSA SILLAO FLORIDA 500 ML;ABARROTES
CAJA CHICA - SALSA SILLAO TRESA 4 LT;SALSA SILLAO TRESA 4 LT;ABARROTES
CAJA CHICA - SALSA SILLAO X LT;SALSA SILLAO X LT;ABARROTES
CAJA CHICA - SALSA SILLAU AJINOSILLAU X 5 LT.;SALSA SILLAU AJINOSILLAU X 5 LT.;ABARROTES
CAJA CHICA - SALSA SILLAU KIKKO X 5 LT;SALSA SILLAU KIKKO X 5 LT;ABARROTES
CAJA CHICA - SALSA TABASCO 150 ML;SALSA TABASCO 150 ML;ABARROTES
CAJA CHICA - SALSA TABASCO MC ILHENNY 60 ML;SALSA TABASCO MC ILHENNY 60 ML;ABARROTES
CAJA CHICA - SALSA TAMARINDO ORIENTAL 390 ML;SALSA TAMARINDO ORIENTAL 390 ML;ABARROTES
CAJA CHICA - SALSA TAUSI (AJOS Y FRIJOLES) 368 GR;SALSA TAUSI (AJOS Y FRIJOLES) 368 GR;ABARROTES
CAJA CHICA - SALSA TAUSI PARA CHULETA CHUBANG 220GR;SALSA TAUSI PARA CHULETA CHUBANG 220GR;ABARROTES
CAJA CHICA - SALSA TAUSI PICANTE C/CHANCHO 280GR; SALSA TAUSI PICANTE C/CHANCHO 280GR;ABARROTES
CAJA CHICA - SALVADO DE TRIGO X KG;SALVADO DE TRIGO X KG;ABARROTES
CAJA CHICA - SANCOCHADO DE RES;SANCOCHADO DE RES;ABARROTES
CAJA CHICA - SANDALIAS VEGAS SURF;SANDALIAS VEGAS SURF;ABARROTES
CAJA CHICA - SANDIA;SANDIA;FFVV
CAJA CHICA - SAVILA;SAVILA;ABARROTES
CAJA CHICA - SAZON COMPLETA BADIA;SAZON COMPLETA BADIA;ABARROTES
CAJA CHICA - SECADOR DE TELA;SECADOR DE TELA;LIMPIEZA
CAJA CHICA - SEMOLA (EN LAS VALIDACIONES VIENEN EN 25 KG Y S;SEMOLA (EN LAS VALIDACIONES VIENEN EN 25 KG Y S;ABARROTES
CAJA CHICA - SEMOLA SAYON KG;SEMOLA SAYON KG;ABARROTES
CAJA CHICA - SEN CUA UND;SEN CUA UND;ABARROTES
CAJA CHICA - SERVILLETA 12 X12 DOBLADAS SODEXO 150 UND;SERVILLETA 12 X12 DOBLADAS SODEXO 150 UND;DESCARTABLES
CAJA CHICA - SERVILLETA COCKTAIL OLEGO AMARILLO;SERVILLETA COCKTAIL OLEGO AMARILLO;DESCARTABLES
CAJA CHICA - SERVILLETA COCKTAIL OLEGO ROJO;SERVILLETA COCKTAIL OLEGO ROJO;DESCARTABLES
CAJA CHICA - SERVILLETA COCKTAIL OLEGO VERDE;SERVILLETA COCKTAIL OLEGO VERDE;DESCARTABLES
CAJA CHICA - SERVILLETA FINA X 200 UND;SERVILLETA FINA X 200 UND;DESCARTABLES
CAJA CHICA - SERVILLETAS DOBLADAS X 50 UND;SERVILLETAS DOBLADAS X 50 UND;DESCARTABLES
CAJA CHICA - SERVILLETAS ELITE 200 UNID;SERVILLETAS ELITE 200 UNID;DESCARTABLES
CAJA CHICA - SERVILLETAS NOBLE X 200 UND;SERVILLETAS NOBLE X 200 UND;DESCARTABLES
CAJA CHICA - SHAMPOO H&S SACHET;SHAMPOO H&S SACHET;ABARROTES
CAJA CHICA - SHAMPOO PANTENE CUIDADO CLASICO SACHET;SHAMPOO PANTENE CUIDADO CLASICO SACHET;ABARROTES
CAJA CHICA - SHAMPOO PANTENE SACHET;SHAMPOO PANTENE SACHET;ABARROTES
CAJA CHICA - SHAMPOO PERT PLUS 10 ML;SHAMPOO PERT PLUS 10 ML;ABARROTES
CAJA CHICA - SHAMPOO SEDAL SACHET;SHAMPOO SEDAL SACHET;ABARROTES
CAJA CHICA - SHANNANUTS POWER MIX;SHANNANUTS POWER MIX;ABARROTES
CAJA CHICA - SHIRO MISO POTE 500GR;SHIRO MISO POTE 500GR;ABARROTES
CAJA CHICA - SIBARITA VERDECITO X 60 GR;SIBARITA VERDECITO X 60 GR;ABARROTES
CAJA CHICA - SILICONA CRISTAL 3.8 LT;SILICONA CRISTAL 3.8 LT;LIMPIEZA
CAJA CHICA - SILLAUO OSCURO 5 LB CAJA X 12 GOLDEN;SILLAUO OSCURO 5 LB CAJA X 12 GOLDEN;ABARROTES
CAJA CHICA - SIU MAI DE CERDO BOLSA X 24 UND;SIU MAI DE CERDO BOLSA X 24 UND;CONGELADOS
CAJA CHICA - SIX PACK SODA FIEL;SIX PACK SODA FIEL;ABARROTES
CAJA CHICA - SNACK CAMOTE CHIPS;SNACK CAMOTE CHIPS;ABARROTES
CAJA CHICA - SNACK CHICHARRON;SNACK CHICHARRON;ABARROTES
CAJA CHICA - SNACK DE FRUTS TOTTUS X 30 GR;SNACK DE FRUTS TOTTUS X 30 GR;ABARROTES
CAJA CHICA - SNACK MANI CONFITADO;SNACK MANI CONFITADO;ABARROTES
CAJA CHICA - SNACK MUNCHOS REJILLAS X 16 GR;SNACK MUNCHOS REJILLAS X 16 GR;ABARROTES
CAJA CHICA - SNACK TORTEES;SNACK TORTEES;ABARROTES
CAJA CHICA - SNIKERS DE CHOCOLATE UND;SNIKERS DE CHOCOLATE UND;ABARROTES
CAJA CHICA - SODA LIGHT SIX PACK;SODA LIGHT SIX PACK;ABARROTES
CAJA CHICA - SODA SAN JORGE 34GR X 6 UND;SODA SAN JORGE 34GR X 6 UND;ABARROTES
CAJA CHICA - SODA V SIX PACK;SODA V SIX PACK;ABARROTES
CAJA CHICA - SOLIDO DE ATUN A-1 X 170 GR;ATUN EN ACEITE LATA;ABARROTES
CAJA CHICA - SOPA INSTANTANEA CAMARON 8 OZ;SOPA INSTANTANEA CAMARON 8 OZ;ABARROTES
CAJA CHICA - SOPA INSTANTANEA PICANTE 8 OZ;SOPA INSTANTANEA PICANTE 8 OZ;ABARROTES
CAJA CHICA - SORBETES;SORBETES;ABARROTES
CAJA CHICA - SORBETES NEGROS;SORBETES NEGROS;ABARROTES
CAJA CHICA - SOUR CREAM 8 ONZ;SOUR CREAM 8 ONZ;ABARROTES
CAJA CHICA - SOYA AVENA SANTA CATALINA;SOYA AVENA SANTA CATALINA;ABARROTES
CAJA CHICA - SPLENDA X 300 TAB;SPLENDA X 300 TAB;ABARROTES
CAJA CHICA - SPRAY PARA COMPUTADORA 360 GR;SPRAY PARA COMPUTADORA 360 GR;ABARROTES
CAJA CHICA - SPRINGLES NAV PERLADOS 50 GR;SPRINGLES NAV PERLADOS 50 GR;ABARROTES
CAJA CHICA - SPRINGLES TEMATICOS 50 GR;SPRINGLES TEMATICOS 50 GR;ABARROTES
CAJA CHICA - SPRITE 500 ML;SPRITE 500 ML;ABARROTES
CAJA CHICA - SPRITE X 3 LT;SPRITE X 3 LT;ABARROTES
CAJA CHICA - SRIRACHA X 435 ML - BOT;SRIRACHA X 435 ML - BOT;ABARROTES
CAJA CHICA - SUAVIZANTE DE ROPA PERFUMADO SUAVIS;SUAVIZANTE DE ROPA PERFUMADO SUAVIS;ABARROTES
CAJA CHICA - SUAVIZANTE LAUNDRY SOFT;SUAVIZANTE LAUNDRY SOFT;ABARROTES
CAJA CHICA - SUBLIME MINI HELADO CHOCOLATE X 24 UND;SUBLIME MINI HELADO CHOCOLATE X 24 UND;ABARROTES
CAJA CHICA - SUMA D44 X 5 LT;SUMA D44 X 5 LT;LIMPIEZA
CAJA CHICA - SUMA J512 X 5 LT;SUMA J512 X 5 LT;LIMPIEZA
CAJA CHICA - SUMA PLAQ D9 X 5 LT;SUMA PLAQ D9 X 5 LT;LIMPIEZA
CAJA CHICA - TAMAL DE POLLO;TAMAL DE POLLO;CONGELADOS
CAJA CHICA - TAMAL DE POLLO X 10 UND;TAMAL DE POLLO X 10 UND;CONGELADOS
CAJA CHICA - TAMPICO 500 ML;TAMPICO 500 ML;ABARROTES
CAJA CHICA - TAPA DE 1 LT SUPER FAST PAK X 50 UND;TAPA DE 1 LT SUPER FAST PAK X 50 UND;ABARROTES
CAJA CHICA - TARTALETAS DE FRUTAS;TARTALETAS DE FRUTAS;ABARROTES
CAJA CHICA - TAUSI C/KION EN POTE 500 GR;TAUSI C/KION EN POTE 500 GR;ABARROTES
CAJA CHICA - TE JASMIN COPON 2GR 100 SOBR.; TE JASMIN COPON 2GR 100 SOBR.;ABARROTES
CAJA CHICA - TENEDOR PLASTICO X 100;TENEDOR PLASTICO X 100;DESCARTABLES
CAJA CHICA - TENEDORES BLANCOS X 50 UND; TENEDORES BLANCOS X 50 UND;ABARROTES
CAJA CHICA - TINTE ROJO PARA PANADERIA 30 ML;TINTE ROJO PARA PANADERIA 30 ML;ABARROTES
CAJA CHICA - TOALLA HIGIENICA KOTEX 10 UND;TOALLA HIGIENICA KOTEX 10 UND;ABARROTES
CAJA CHICA - TOALLA HIGIENICA KOTEX NOCHE;TOALLA HIGIENICA KOTEX NOCHE;ABARROTES
CAJA CHICA - TOALLA HIGIENICA KOTEX NORMAL;TOALLA HIGIENICA KOTEX NORMAL;ABARROTES
CAJA CHICA - TOCINO AHUMADO CONG 500 GR;TOCINO AHUMADO CONG 500 GR;ABARROTES
CAJA CHICA - TOCINO AHUMADO REFRIGERADO KG;TOCINO AHUMADO REFRIGERADO KG;REFRIGERADOS
CAJA CHICA - TOCINO COCIDO NATURAL 500 GR;TOCINO COCIDO NATURAL 500 GR;ABARROTES
CAJA CHICA - TOFFE CAFÉ GOURMET X 100 UND;TOFFE CAFÉ GOURMET X 100 UND;ABARROTES
CAJA CHICA - TOFFE DE LECHE X 110 UND;TOFFE DE LECHE X 110 UND;ABARROTES
CAJA CHICA - TOFFE GOLDEN WINTER X 100 UND;TOFFE GOLDEN WINTER X 100 UND;ABARROTES
CAJA CHICA - TOFFE MAXI WINTER X 50UND;TOFFE MAXI WINTER X 50UND;ABARROTES
CAJA CHICA - TOFFE OLD ENGLAND X 80 UND;TOFFE OLD ENGLAND X 80 UND;ABARROTES
CAJA CHICA - TOFU BLUE FIRM MORI-UN 349GR;TOFU BLUE FIRM MORI-UN 349GR;ABARROTES
CAJA CHICA - TOFU FERMENTADO X 260 GR;TOFU FERMENTADO X 260 GR;ABARROTES
CAJA CHICA - TOFU YELLOW EXTRA FIRM (SOYA);TOFU YELLOW EXTRA FIRM (SOYA);ABARROTES
CAJA CHICA - TOMATE;TOMATE;FFVV
CAJA CHICA - TOMATE CHERRY;TOMATE CHERRY;FFVV
CAJA CHICA - TOMILLO FRESCO;TOMILLO FRESCO;ABARROTES
CAJA CHICA - TORONJA REGIONAL;TORONJA REGIONAL;ABARROTES
CAJA CHICA - TORTA CHOCOLATE;TORTA CHOCOLATE;ABARROTES
CAJA CHICA - TORTA DELICIA FRESA;TORTA DELICIA FRESA;ABARROTES
CAJA CHICA - TORTA HELADA DURAZNO;TORTA HELADA DURAZNO;ABARROTES
CAJA CHICA - TORTA HELADA FRESA;TORTA HELADA FRESA;ABARROTES
CAJA CHICA - TORTA MOUSSE DE LUCUMA;TORTA MOUSSE DE LUCUMA;ABARROTES
CAJA CHICA - TORTEES PICANTE 30 GR;TORTEES PICANTE 30 GR;ABARROTES
CAJA CHICA - TORTILLA BIMBO 12 UND.;TORTILLA BIMBO 12 UND.;ABARROTES
CAJA CHICA - TORTILLAS DE MAIZ EL TACO X 500 GR;TORTILLAS DE MAIZ EL TACO X 500 GR;ABARROTES
CAJA CHICA - TORTILLAS DE MAIZ TOTOPO 50 GR;TORTILLAS DE MAIZ TOTOPO 50 GR;ABARROTES
CAJA CHICA - TOSTADA;TOSTADA;ABARROTES
CAJA CHICA - TRAPEADOR C/BASE PLASTICO DARITZ;TRAPEADOR C/BASE PLASTICO DARITZ;LIMPIEZA
CAJA CHICA - TRAPEADOR CON OJAL PIEZA;TRAPEADOR CON OJAL PIEZA;ABARROTES
CAJA CHICA - TRAPEADOR FELPA;TRAPEADOR FELPA;ABARROTES
CAJA CHICA - TRAPO INDUSTRIAL BLANCO;TRAPO INDUSTRIAL BLANCO;ABARROTES
CAJA CHICA - TRIFRUNA AMBROSOLI X 70 UND;TRIFRUNA AMBROSOLI X 70 UND;ABARROTES
CAJA CHICA - TRIFRUNA DE AMBROSOLI X 70 UN;TRIFRUNA DE AMBROSOLI X 70 UN;ABARROTES
CAJA CHICA - TRIGO LLUNCA;TRIGO LLUNCA;ABARROTES
CAJA CHICA - TRIGO PELADO X KG;TRIGO PELADO X KG;ABARROTES
CAJA CHICA - TRIKA HELADO TRICOLOR X 24 UND;TRIKA HELADO TRICOLOR X 24 UND;ABARROTES
CAJA CHICA - TUNA ROJA REFRIGERADO;TUNA ROJA;FFVV
CAJA CHICA - TUNA VERDE REFRIGERADO;TUNA VERDE;FFVV
CAJA CHICA - TURBO HELADO NARANJA /FRESA X 40 UND;TURBO HELADO NARANJA /FRESA X 40 UND;CONGELADOS
CAJA CHICA - TURRONES CROSOY AJONJOLI 6 UND;TURRONES CROSOY AJONJOLI 6 UND;ABARROTES
CAJA CHICA - TURRONES CROSOY KIWICHA 6 UND;TURRONES CROSOY KIWICHA 6 UND;ABARROTES
CAJA CHICA - TURRONES CROSOY LINAZA 6 UND; TURRONES CROSOY LINAZA 6 UND;ABARROTES
CAJA CHICA - TURRONES CROSOY MACA 6 UND; TURRONES CROSOY MACA 6 UND;ABARROTES
CAJA CHICA - TURRONES CROSOY MANÍ 6 UND;TURRONES CROSOY MANÍ 6 UND;ABARROTES
CAJA CHICA - UDM V COTCANDX2LB;UDM V COTCANDX2LB;ABARROTES
CAJA CHICA - UÑA DE GATO;UÑA DE GATO;ABARROTES
CAJA CHICA - UVA ITALIA BLANCA;UVA ITALIA BLANCA;ABARROTES
CAJA CHICA - UVA RED GLOBE X KG;UVA RED GLOBE X KG;ABARROTES
CAJA CHICA - VAINITA FRESCA;VAINITA  REFRIGERADO / CONGELADO;FFVV
CAJA CHICA - VASO BIODEGRADABLE 8 OZ MILLAR;VASO BIODEGRADABLE 8 OZ MILLAR;DESCARTABLES
CAJA CHICA - VASO DESCARTABLE LISTADO PP 10 OZ;VASO DESCARTABLE LISTADO PP 10 OZ;DESCARTABLES
CAJA CHICA - VASO DESCARTABLES X 5 ONZ;VASO DESCARTABLES X 5 ONZ;DESCARTABLES
CAJA CHICA - VASO TECNOPOR 12 OZ;VASO TECNOPOR 12 OZ;DESCARTABLES
CAJA CHICA - VASO TECNOPOR 4 ONZAS;VASO TECNOPOR 4 ONZAS;DESCARTABLES
CAJA CHICA - VASO TERMICO 2 ONZAS;VASO TERMICO 2 ONZAS;DESCARTABLES
CAJA CHICA - VASOS ACRILICOS DE 7 ONZ X 25 UND;VASOS ACRILICOS DE 7 ONZ X 25 UND;DESCARTABLES
CAJA CHICA - VASOS DESCARTABLES PLASTICOS 6.5 OZ X 50 UND;VASOS DESCARTABLES PLASTICOS 6.5 OZ X 50 UND;DESCARTABLES
CAJA CHICA - VENTA DE HELADOS DONOFRIO;VENTA DE HELADOS DONOFRIO;ABARROTES
CAJA CHICA - VERDE ROSCA 510 KG;VERDE ROSCA 510 KG;ABARROTES
CAJA CHICA - VINAGRE BALSAMICO CARBONELL 250 ML;VINAGRE BALSAMICO CARBONELL 250 ML;ABARROTES
CAJA CHICA - VINAGRE BALSÁMICO LT.;VINAGRE BALSÁMICO LT.;ABARROTES
CAJA CHICA - VINAGRE BLANCO MI SAZON 500 ML;VINAGRE BLANCO MI SAZON 500 ML;ABARROTES
CAJA CHICA - VINAGRE BLANCO X 3.8 LT;VINAGRE BLANCO X 3.8 LT;ABARROTES
CAJA CHICA - VINAGRE DE ARROZ X 500 ML - BOT;VINAGRE DE ARROZ X 500 ML - BOT;ABARROTES
CAJA CHICA - VINAGRE TINTO LT;VINAGRE TINTO LT;ABARROTES
CAJA CHICA - VINAGRE TINTO MI SAZON 500 ML;VINAGRE TINTO MI SAZON 500 ML;ABARROTES
CAJA CHICA - VINO BLANCO COUSIÑO;VINO BLANCO COUSIÑO;ABARROTES
CAJA CHICA - VINO CHARDONNAY CHINEN;VINO CHARDONNAY CHINEN;ABARROTES
CAJA CHICA - VINO NAVARRO CORREAS CABERNET SAUVIGNON X 750 M;VINO NAVARRO CORREAS CABERNET SAUVIGNON X 750 M;ABARROTES
CAJA CHICA - VINO QUEIROLO BORGOÑA X 750 ML;VINO QUEIROLO BORGOÑA X 750 ML;ABARROTES
CAJA CHICA - VINO TABERNERO BORGOÑA (750ML);VINO TABERNERO BORGOÑA (750ML);ABARROTES
CAJA CHICA - VINO TACAMA TINTO (750ML);VINO TACAMA TINTO (750ML);ABARROTES
CAJA CHICA - WAFER WAZZU X 32 GR X 6 UND;WAFER WAZZU X 32 GR X 6 UND;ABARROTES
CAJA CHICA - WARAP BARRA;WARAP BARRA;ABARROTES
CAJA CHICA - WARAP BARRAS;WARAP BARRAS;ABARROTES
CAJA CHICA - YEMA DE ALFALFA;YEMA DE ALFALFA;ABARROTES
CAJA CHICA - YOGURT;YOGURT;REFRIGERADOS
CAJA CHICA - YOGURT DURAZNO SBELT 946 ML;YOGURT DURAZNO SBELT 946 ML;REFRIGERADOS
CAJA CHICA - YOGURT FRESA NORMAL 200 ML LAIVE;YOGURT FRESA NORMAL 200 ML LAIVE;REFRIGERADOS
CAJA CHICA - YOGURT FRESA SBELT 946 ML;YOGURT FRESA SBELT 946 ML;REFRIGERADOS
CAJA CHICA - YOGURT GLORIA  X 500 ML;YOGURT X 500 ML;REFRIGERADOS
CAJA CHICA - YOGURT GLORIA X 500 ML;YOGURT X 500 ML;REFRIGERADOS
CAJA CHICA - YOGURT LAIVE SBELT FRESA X 940 ML;YOGURT LAIVE SBELT FRESA X 940 ML;REFRIGERADOS
CAJA CHICA - YOGURT LAIVE SBELT LUCUMA X 940 ML;YOGURT LAIVE SBELT LUCUMA X 940 ML;REFRIGERADOS
CAJA CHICA - YOGURT NATURAL HUACARIZ LT;YOGURT NATURAL HUACARIZ LT;REFRIGERADOS
CAJA CHICA - YOGURT SABOR DURAZNO 180ML GLORIA;YOGURT SABOR DURAZNO 180ML GLORIA;REFRIGERADOS
CAJA CHICA - YOGURT SABOR FRESA 180ML GLORIA;YOGURT SABOR FRESA 180ML GLORIA;REFRIGERADOS
CAJA CHICA - YOGURT SABOR LUCUMA 180ML GLORIA;YOGURT SABOR LUCUMA 180ML GLORIA;REFRIGERADOS
CAJA CHICA - YOGURT SBELT VAINILLA;YOGURT SBELT VAINILLA;REFRIGERADOS
CAJA CHICA - YOGURT SBELT X 1 LT;YOGURT SBELT X 1 LT;REFRIGERADOS
CAJA CHICA - YOGURT VAINILLA LIGHT 946 ML LAIVE;YOGURT VAINILLA LIGHT 946 ML LAIVE;REFRIGERADOS
CAJA CHICA - YOGURT X 1 LT;YOGURT X 1 LT;REFRIGERADOS
CAJA CHICA - YUCA REGIONAL;YUCA REGIONAL;FFVV
CAJA CHICA - ZANAHORIA BB;ZANAHORIA BB;FFVV
CAJA CHICA - ZAPALLITO ITALIANO;ZAPALLITO ITALIANO;FFVV
CAJA CHICA - ZAPALLO LOCHE;ZAPALLO MACRE;FFVV
CAJA CHICA - ZAPALLO MACRE;ZAPALLO MACRE;FFVV
CAJA CHICA - ZAPALLO REGIONAL;ZAPALLO MACRE;FFVV
CAJA CHICA- CERDO PANCETA X KG;CERDO PANCETA X KG;CONGELADOS
CAJA CHICA- GALLETA CORONITA 228 GR X 6 UND;GALLETA CORONITA 228 GR X 6 UND;ABARROTES
CAJA CHICA- PAN MOLIDO X KG;PAN MOLIDO X KG;ABARROTES
CAJA CHICA -PLATANO DE SEDA;PLATANO DE SEDA;FFVV
CAJA CHICA -POLVO DE HORNEAR 25 GR;POLVO DE HORNEAR 25 GR;ABARROTES
CAJA PARA PIZZA 30 X 30 CM 100 UND;CAJA PARA PIZZA 30X30 CM;DESCARTABLES
CALABAZA;CALABAZA;FFVV
CALDO CONCENTRADO CARNE MACRO FOOD 1 KG;CALDO DE CARNE;ABARROTES
CALDO CONCENTRADO GALLINA MACRO FOOD 1 KG;CALDO DE GALLINA;ABARROTES
CALDO DE CARNE;CALDO DE CARNE;ABARROTES
CALDO DE CARNE KNORR SACHET 650 GR;CALDO DE CARNE;ABARROTES
CALDO DE CARNE MAGGI 24 UND;CALDO DE CARNE;ABARROTES
CALDO DE GALLINA;CALDO DE GALLINA;ABARROTES
CALDO DE GALLINA KNORR SACHET 1.5 KG;CALDO DE GALLINA;ABARROTES
CALDO DE GALLINA MAGGI 24 UND;CALDO DE GALLINA;ABARROTES
CALDO SAZONADOR CON SABOR A CARNE QUIMTIA 1 KG;CALDO DE CARNE;ABARROTES
CALDO SAZONADOR DE CARNE FANNY 1 KG;CALDO DE CARNE;ABARROTES
CALDO SAZONADOR DE GALLINA FANNY 1 KG;CALDO DE GALLINA;ABARROTES
CALDO SAZONADOR DE POLLO QUIMTIA 1 KG;CALDO DE POLLO;CONGELADOS
CALDO SAZONADOR MAGGI DE GALLINA 940 GR;CALDO DE GALLINA;ABARROTES
CAMOTE AMARILLO;CAMOTE AMARILLO;FFVV
CAMOTE AMARILLO (L);CAMOTE AMARILLO;FFVV
CAMOTE AMARILLO REFRIGERADO;CAMOTE AMARILLO;FFVV
CAMOTE NATUCHIPS 90 GR;CAMOTE NATUCHIPS 90 GR;ABARROTES
CANCHA CHULPI VILLA NATURA 80 GR;CANCHA SALADA SANTIS 100 GR;ABARROTES
CANCHA FRITA 4 ESTACIONES 1 KG;CANCHA FRITA X KG;ABARROTES
CANCHA FRITA TOÑA 1 KG;CANCHA FRITA X KG;ABARROTES
CANCHA FRITA TOÑA 100 GR;CANCHA FRITA 100 GR;ABARROTES
CANCHA SALADA PIKADITOS 100 GR;CANCHA SALADA GREFRACARS 100 GR;ABARROTES
CANCHA SALADA SANTIS 100 GR;CANCHA SALADA SANTIS 100 GR;ABARROTES
CANELA CHINA 4 ESTACIONES 1 KG;CANELA CHINA;ABARROTES
CANELA EN POLVO BADIA 1.81 KGR;CANELA MOLIDA;ABARROTES
CANELA EN POLVO BADIA 453.60 GRM;CANELA MOLIDA;ABARROTES
CANELA ENTERA;CANELA ENTERA;ABARROTES
CANELA ENTERA 4 ESTACIONES 1 KG;CANELA ENTERA;ABARROTES
CANELA ENTERA 4 ESTACIONES 500 GR;CANELA ENTERA;ABARROTES
CANELA MOLIDA;CANELA MOLIDA;ABARROTES
CANELA MOLIDA 4 ESTACIONES 1 KG;CANELA MOLIDA;ABARROTES
CAPUCHA DESCARTABLE 1/ 2 CAMPANA STANDAR 100 UND;CAPUCHA DESCARTABLE 1/2 CAMPANA STANDAR X100 UND R;DESCARTABLES
CAPUCHA DESCARTABLE 1/ 2 CAMPANA STANDAR 12 G/M2 R&G CAJA X 100 UND;CAPUCHA DESCARTABLE 1/2 CAMPANA STANDAR X100 UND R;DESCARTABLES
CAPUCHA DESCARTABLE 1/2 CAMPANA STANDAR X100 UND R;CAPUCHA DESCARTABLE 1/2 CAMPANA STANDAR X100 UND R;DESCARTABLES
CARAMELO AMBROSOLI ANIS 60 UND;CARAMELO ANIS AMBROSOLI;ABARROTES
CARAMELO AMBROSOLI CALIPTUS 100 UND;CARAMELO CALIPTUS AMBROSOLI;ABARROTES
CARAMELO AMBROSOLI GAJOS DE LIMON 100 UND;CARAMELO AMBROSOLI GAJOS DE LIMON;ABARROTES
CARAMELO AMBROSOLI ICE MINT 100 UND;CARAMELO ICEBMINT;ABARROTES
CARAMELO BUTTER CREAM DE LECHE 100 UND;CARAMELO BUTTER CREMA DE LECHE;ABARROTES
CARAMELO CHICHA MORADA ARCOR 100 UND;CARAMELO CHICHA MORADA ARCOR UND;ABARROTES
CARAMELO CHUPETIN PICOLIN 50 UND;CHUPETE PICOLINES;ABARROTES
CARAMELO CON LOGO SODEXO 100 UNID;CARAMELOS LOGO SODEXO;ABARROTES
CARAMELO DE LIMON SAYON 100 UNID.;CARAMELO LIMON;ABARROTES
CARAMELO HALLS BARRA;HALLS MENTA BARRA;ABARROTES
CARAMELO HALLS CHERRY LYPTUS 100 UND;CARAMELO HALLS CHERRY LYPTUS;ABARROTES
CARAMELO HALLS CHERRY LYPTUS 28 GR;CARAMELO HALLS CHERRY LYPTUS 28 GR;ABARROTES
CARAMELO HALLS CREAMY DURAZNO 28 GR;CARAMELO HALLS CREAMY DURAZNO 28 GR;ABARROTES
CARAMELO HALLS MENTA 28 GR;CARAMELO HALLS MENTA 28 GR;ABARROTES
CARAMELO LIMON AMBROSOLI 100 UND;CARAMELO LIMON;ABARROTES
CARBON VEGETAL GRANEL;CARBON VEGETAL;KIOSKO
CARNE MOLIDA  CONGELADA;CARNE MOLIDA  CONGELADA;CONGELADOS
CARNE MOLIDA CONGELADA;CARNE MOLIDA  CONGELADA;CONGELADOS
CARNE MOLIDA CONGELADA ( DON GOYO);CARNE MOLIDA  CONGELADA;CONGELADOS
CARNE MOLIDA CONGELADA (MAFROX);CARNE MOLIDA  CONGELADA;CONGELADOS
CARNE VEGETAL DE POLLO * 500 GR HOJA VERDE EN TROZOS;CARNE VEGETAL DE POLLO;CONGELADOS
CARNE VEGETAL DE RES * 500 GR HOJA VERDE EN TROZOS;CARNE VEGETAL DE RES;ABARROTES
CARTON PROTECTOR PARA VASO ( JACQUET)  CON LOGO A;CARTON PROTECTOR PARA VASO (JACQUET) CON LOGO A1;DESCARTABLES
CASTAÑAS 4 ESTACIONES 1 KG;CASTAÑA;ABARROTES
CEBADA TOSTADA  INSTANTANEA NESTLE ECCO 170 GR;CAFE INSTANTANEO NESTLE ECO;ABARROTES
CEBADA TOSTADA  INSTANTANEA NESTLE ECO 195 GR;CAFE INSTANTANEO NESTLE ECO;ABARROTES
CEBADA TOSTADA 4 ESTACIONES 2 KG;CEBADA TOSTADA;ABARROTES
CEBADA TOSTADA CANTA CLARO 5 KG;CEBADA TOSTADA;ABARROTES
CEBADA TOSTADA EL PLEBEYO 250 GR;CEBADA TOSTADA;ABARROTES
CEBADA TOSTADA KOMILON 5 KG;CEBADA TOSTADA;ABARROTES
CEBADA TOSTADA VALLESOL 5 KG;CEBADA TOSTADA;ABARROTES
CEBOLLA BLANCA;CEBOLLA ROJA;FFVV
CEBOLLA CHINA;CEBOLLA CHINA;FFVV
CEBOLLA CHINA (L);CEBOLLA CHINA;FFVV
CEBOLLA CHINA REFRIGERADO;CEBOLLA CHINA;FFVV
CEBOLLA ROJA;CEBOLLA ROJA;FFVV
CEBOLLA ROJA (L);CEBOLLA ROJA;FFVV
CEBOLLA ROJA REFRIGERADO;CEBOLLA ROJA;FFVV
CECINA REFRIGERADA KG;CECINA;REFRIGERADOS
CEDRON;CEDRON;FFVV
CEPILLO DENTAL COLGATE ADULTO;CEPILLO DENTAL UNIDAD COLGATE;KIOSKO
CEPILLO DENTAL DENTO;CEPILLO DENTAL UNIDAD DENTO;KIOSKO
CERA AL AGUA GERMICIDA 3.8 LT;CERA AL AGUA GERMICIDA;LIMPIEZA
CERA AL AGUA SAPOLIO 3.785 LT;CERA AL AGUA SAPOLIO;LIMPIEZA
CERA LIQUIDA ROJA DARYZA 3.8 LT;CERA LIQUIDA ROJA DARYZA 3.8 LT;LIMPIEZA
CERA PARA MADERA PRIDE JOHNSON 400 ML 12 UND;CERA PARA MADERA PRIDE JOHNSON 400 ML 12 UND;ABARROTES
CERA PASTA ROJA SAPOLIO 3.785 LT;CERA PASTA ROJA LT;LIMPIEZA
CERA PASTA ROJA TEKNOBRILL 3.8 LT;CERA PASTA ROJA TEKNOBRILL BALDE 3.8 LT;LIMPIEZA
CERDO - GUISO CORTE EN CUBOS (ADOBO) 100 GR;CERDO GUISO CORTE EN CUBOS (ADOBO) 100 GR;CONGELADOS
CERDO PATA CONGELADO;CERDO PATA CONGELADO;CONGELADOS
CERDO PIERNA SIN PIEL Y SIN HUESO CONGELADO;PIERNA DE CERDO SIN HUESO;CONGELADOS
CEREAL ANGEL FLAKES MAIZ 500 GR;CEREAL ANGEL FLAKES DE MAIZ;ABARROTES
CEREAL ANGEL FLAKES NATURAL 10 KG;CEREAL BAR COSTA 18 GR;ABARROTES
CEREAL ANGEL MELI 20 GR;CEREAL BAR COSTA 18 GR;ABARROTES
CEREAL BAR ARANDANOS COSTA 18 GR;CEREAL BAR COSTA 18 GR;ABARROTES
CEREAL BAR CHIP COSTA 18/21 GR;CEREAL BAR COSTA 18 GR;ABARROTES
CEREAL BAR CHOCOCEREAL COSTA 18/21 GR;CEREAL BAR COSTA 18 GR;ABARROTES
CEREAL BAR COSTA 18 GR;CEREAL BAR COSTA 18 GR;ABARROTES
CEREAL BAR DURAZNO COSTA 18 GR;CEREAL BAR COSTA 18 GR;ABARROTES
CEREAL BAR GOLDEN COSTA 21/18 GR;CEREAL BAR COSTA 18 GR;ABARROTES
CEREAL BAR MANZANA CANELA COSTA 18 GR;CEREAL BAR COSTA 18 GR;ABARROTES
CEREAL CORN FLAKES NESTLE 510 GR;CEREAL CORN FLAKES NESTLE KG.;ABARROTES
CEREZA MARRASQUINO ROJO SANTIS 283 GR;CEREZAS MARRASQUINO;ABARROTES
CEREZA MARRASQUINO SANTIS 3.10 KG;CEREZAS MARRASQUINO;ABARROTES
CEREZAS MARRASQUINO;CEREZAS MARRASQUINO;ABARROTES
CERVEZA BITBURGER SIN ALCOHOL 330 ML (VIDRIO);CERVEZA BITBURGER SIN ALCOHOL 330 ML;BEBIDAS
CERVEZA BITBURGER SIN ALCOHOL 330 ML LATA;CERVEZA BITBURGER SIN ALCOHOL 330 ML;BEBIDAS
CERVEZA ERDINGER SIN ALCOHOL 330 ML;CERVEZA ERDINGER SIN ALCOHOL 330 ML;BEBIDAS
CHALONA;CHALONA;FFVV
CHAMPIGÑONES KAM LAM 425 GR;CHAMPIGÑONES LATA;ABARROTES
CHAMPIGÑONES KING MAX 425 GR;CHAMPIGÑONES LATA;ABARROTES
CHAMPIGÑONES LATA;CHAMPIGÑONES LATA;ABARROTES
CHAMPIGÑONES LATA NIRCISSUS 425 GR;CHAMPIGÑONES LATA;ABARROTES
CHAMPIGÑONES SANTIS 425 GR;CHAMPIGÑONES LATA;ABARROTES
CHAMPIGÑONES WOKI 425 GR;CHAMPIGÑONES LATA;ABARROTES
CHANFAINITA CONGELADO;CHANFAINITA CONGELADA;CONGELADOS
CHEESE TRIS QUESO FRITO LAY UND 42 GR;CHEESE TRIS QUESO FRITO LAY 42 GR;ABARROTES
CHEESE TRIS QUESO UND 107 GR;CHEESE TRIS QUESO FRITO LAY 107 GR;ABARROTES
CHEETOS BOLIQUESO UND 160 GR;CHEETOS BOLIQUESO 160 GR;ABARROTES
CHEETOS CANCHITA CARAMELO 47 GR;CHEETOS CANCHITA CARAMELO 47 G;ABARROTES
CHICHA MORADA GLORIA 400 ML;CHICHA MORADA GLORIA 500 ML;BEBIDAS
CHICHARRON DE PRENSA CONGELADO;CHICHARRON DE PRENSA CONGELADO;CONGELADOS
CHICHARRON DE PRENSA CONGELADO 500 GR;CHICHARRON DE PRENSA CONGELADO;CONGELADOS
CHICHARRON DE PRENSA CONGELADO KG;CHICHARRON DE PRENSA CONGELADO;CONGELADOS
CHICHARRON DE PRENSA SUIZA MOLDE 180G REFRIGERADO KG;CHICHARRON DE PRENSA REFRIGERADO;REFRIGERADOS
CHICHARRON FRITO LAY 21 GR;CHICHARRON CHIPS FRITO LAY 21 GR;ABARROTES
CHICLE FRUTILLA TRIDENT 8.5 GR;CHICLE FRUTILLA TRIDENT 8.5 GR;ABARROTES
CHICLE MENTA ADAMS CHICO 100 UND;CHICLE MENTA ADAMS CHICO;ABARROTES
CHICLE MENTA TRIDENT 8.5 GR;CHICLE MENTA TRIDENT BARRA 8.5 GR;ABARROTES
CHICLE MENTA TRIDENT BARRA 10.2 GR;CHICLE MENTA TRIDENT BARRA 10.2 G;ABARROTES
CHIFLES 4 ESTACIONES 500 GR;CHIFLES BOLSA X 1 KG;ABARROTES
CHIFLES KARINTO 42 GR;CHIFLES KARINTO 42 GR;ABARROTES
CHIFLES SALADO KARINTO 28 GR;CHIFLES SALADO KARINTO 34 GR;ABARROTES
CHIFLES SALADO KARINTO 34 GR;CHIFLES SALADO KARINTO 34 GR;ABARROTES
CHIFLES SALADO KARINTO 38 GR;CHIFLES KARINTO 38 GR;ABARROTES
CHINCHO;CHINCHO;FFVV
CHINCHO REFRIGERADO;CHINCHO;FFVV
CHIZITO FRITO LAY 16 GR;CHIZITO FRITO LAY 16 GR;ABARROTES
CHIZITO QUESO FRITO LAY 190 GR;CHIZITO FRITO LAY 200 GR;ABARROTES
CHLORINE BLEACH SPARTAN 19 LITROS;CHLORINE BLEACH SPARTAN - BLANQUEADOR;LIMPIEZA
CHOCLO AMARILLO DESGRANADO CONGELADO;CHOCLO AMARILLO DESGRANADO CONGELADO;CONGELADOS
CHOCLO AMARILLO ENTERO REFRIGERADO;CHOCLO AMARILLO ENTERO;FFVV
CHOCLO BLANCO;CHOCLO AMARILLO ENTERO;FFVV
CHOCLO DESGRANADO CONGELADO;CHOCLO AMARILLO DESGRANADO CONGELADO;CONGELADOS
CHOCLO DESGRANADO LIBER CONGELADO (G);CHOCLO AMARILLO DESGRANADO CONGELADO;CONGELADOS
CHOCOCHINO NESTLE 750 GRM;CHOCOCHINO NESTLE;ABARROTES
CHOCOLATE BITTER SUBLIME 38GR (EMER);CHOCOLATE NEGRO SUBLIME GR;ABARROTES
CHOCOLATE BLANCO COBERTURA NEGUSA;CHOCOLATE BLANCO COBERTURA NEGUSA;ABARROTES
CHOCOLATE BLANCO COBERTURA NEGUSA 600 GR;CHOCOLATE BLANCO COBERTURA NEGUSA;ABARROTES
CHOCOLATE CANCUN COSTA 25 GR;CHOCOLATE CANCUN COSTA 25 GR;ABARROTES
CHOCOLATE CANCUN COSTA 27 GR;CHOCOLATE CANCUN COSTA 27 GR;ABARROTES
CHOCOLATE DONOFRIO (MAQUINA) 1 KG;CHOCOLATE DONOFRIO (MAQUINA) 1KG;ABARROTES
CHOCOLATE DOÑA PEPA LACTA 23 GR;DOÑA PEPA 23 GR;ABARROTES
CHOCOLATE FOCHIS MANI 16 GR;FOCHIS MANI 16 GR;ABARROTES
CHOCOLATE LENTEJA NESTLE 30 GR;CHOCOLATE NEGRO SUBLIME GR;ABARROTES
CHOCOLATE NEGRO SUBLIME 26 GR;CHOCOLATE NEGRO SUBLIME GR;ABARROTES
CHOCOLATE NEGRO SUBLIME 28 GR;CHOCOLATE NEGRO SUBLIME GR;ABARROTES
CHOCOLATE NEGRO SUBLIME 30 GR;CHOCOLATE NEGRO SUBLIME GR;ABARROTES
CHOCOLATE PARA MAQUINA (ZANESCO) 1 KG;CHOCOLATE PARA MAQUINA ZANESCO KG;ABARROTES
CHOCOLATE PARA TAZA;CHOCOLATE PARA TAZA;ABARROTES
CHOCOLATE PARA TAZA CANELA Y CLAVO WINTERS 80 GR;CHOCOLATE PARA TAZA;ABARROTES
CHOCOLATE PARA TAZA CUSCO ANDINO 80 GR;CHOCOLATE PARA TAZA;ABARROTES
CHOCOLATE PARA TAZA CUZCO REAL 90/80 GR;CHOCOLATE PARA TAZA;ABARROTES
CHOCOLATE PARA TAZA REAL WINTERS 90 GR;CHOCOLATE PARA TAZA;ABARROTES
CHOCOLATE PARA TAZA SAYON CANELA Y CLAVO 90 GR;CHOCOLATE PARA TAZA;ABARROTES
CHOCOLATE PARA TAZA SOL DEL CUSCO 90 GR;CHOCOLATE PARA TAZA;ABARROTES
CHOCOLATE PARA TAZA SOL DEL CUSCO 90 GR (EMER);CHOCOLATE PARA TAZA;ABARROTES
CHOCOLATE PARA TAZA SOL DEL CUZCO 300 GR (E);CHOCOLATE PARA TAZA;ABARROTES
CHOCOLATE PARA TAZA TRADICIONAL WINTERS 80 GR;CHOCOLATE PARA TAZA;ABARROTES
CHOCOLATE PARA TAZA WINTERS TRADICIONAL 80 GR (EMER);CHOCOLATE PARA TAZA;ABARROTES
CHOCOLATE RELLENO BON O BON;BON O BON LECHE 16 GR;ABARROTES
CHOCOLATE RELLENO CAÑONAZO COSTA 19 GR;CHOCOLATE RELLENO CAÑONAZO COSTA 19 GR;ABARROTES
CHOCOLATE RELLENO CAÑONAZO COSTA 22 GR;CHOCOLATE RELLENO CAÑONAZO COSTA 22 G;ABARROTES
CHOCOLATE RELLENO CAÑONAZO COSTA 25 GR;CHOCOLATE RELLENO CAÑONAZO COSTA 25 GR;ABARROTES
CHOCOLATE RELLENO MECANO COSTA 19 GR;MECANO 19 GR;ABARROTES
CHOCOLATE RELLENO PRINCESA 30 GR;CHOCOLATE RELLENO PRINCESA 30 GR;ABARROTES
CHOCOLATE RELLENO PRINCESA BARRA 30 GR;CHOCOLATE RELLENO PRINCESA 30 GR;ABARROTES
CHOCOLATE RELLENO VIZZIO COSTA 19.2 GR;CHOCOLATE RELLENO VIZZIO COSTA 19.2 GR;ABARROTES
CHOCOLATE RELLENO VIZZIO COSTA 21 GR;CHOCOLATE RELLENO VIZZIO COSTA 21 GR;ABARROTES
CHOCOLATE RELLENO VIZZIO COSTA 24 GR;VIZZIO 24 GR;ABARROTES
CHOCOLATE STICK SUBLIME 14 GR;SUBLIME STICK 16 GR;ABARROTES
CHOCOLATE SUBLIME SONRISA NESTLE 38 GR;CHOCOLATE SUBLIME SONRISA 38 GR;ABARROTES
CHOCOLATE SUBLIME SONRISA NESTLE 40 GR;CHOCOLAE SUBLIME SONRISA 42 G;ABARROTES
CHOCOLATE TRIANGULO NESTLE 30 GR;CHOCOLATE TRIANGULO NESTLE 30 GR;ABARROTES
CHOCOLATE TRIPACK SODEXO;CHOCOLATE TRIPACK SODEXO;ABARROTES
CHOCOLATE WAFER CUA CUA LACTA 18 GR;CUA CUA 18 GR;ABARROTES
CHOCOLATE WAFER TUYO COSTA 22 GR;CHOCOLATE WAFER TUYO COSTA 22 G;ABARROTES
CHOCOLISTO SACHET 20 GR;CHOCOLISTO SACHET 20 GR;ABARROTES
CHOCOLISTO X 300 GR;CHOCOLISTO;ABARROTES
CHOKO MANI INKA SUR 15 GR;CHOKO MANI INKA SUR 15 G;ABARROTES
CHORIZO PARRILLERO CONGELADO;CHORIZO PARRILLERO CONGELADO;CONGELADOS
CHORIZO PARRILLERO CONGELADO KG;CHORIZO PARRILLERO CONGELADO;CONGELADOS
CHORIZO PARRILLERO CONGELADO KG - BRAEDT;CHORIZO PARRILLERO CONGELADO;CONGELADOS
CHORIZO PARRILLERO CONGELADO KG (C);CHORIZO PARRILLERO CONGELADO;CONGELADOS
CHORIZO PARRILLERO SEGOVIANA CONGELADO KG;CHORIZO PARRILLERO CONGELADO;CONGELADOS
CHORIZO SAN FERNANDO PRECOCIDO REFRIGERADO 500 GR;CHORIZO PARRILLERO REFRIGERADO;REFRIGERADOS
CHOROS CONGELADO SIN VALVA;CHOROS CONGELADO SIN VALVA;CONGELADOS
CHULETA DE CERDO TROZADO 120 GR CONGELADO;CHULETA DE CERDO TROZADO 120 GR CONGELADO;CONGELADOS
CHULETA DE CERDO TROZADO 120 GR CONGELADO - REDONDOS;CHULETA DE CERDO TROZADO 120 GR CONGELADO;CONGELADOS
CHULETA DE CERDO TROZADO 120 GR CONGELADO (I);CHULETA DE CERDO TROZADO 120 GR CONGELADO;CONGELADOS
CHULETA DE CERDO TROZADO 150 GR CONGELADO;CHULETA DE CERDO TROZADO 150 GR CONGELADO;CONGELADOS
CHULETA DE CERDO TROZADO 150 GR CONGELADO - REDONDOS;CHULETA DE CERDO TROZADO 150 GR CONGELADO;CONGELADOS
CHULETA DE CERDO TROZADO 150 GR CONGELADO (I);CHULETA DE CERDO TROZADO 150 GR CONGELADO;CONGELADOS
CHULETA DE CERDO TROZADO 155-165 GR CONGELADO;CHULETA DE CERDO TROZADO 155 - 165 GR CONGELADO;CONGELADOS
CHULETA DE CERDO TROZADO 200 G CONGELADO;CHULETA DE CERDO TROZADO 200 G CONGELADO;CONGELADOS
CHULETA DE CERDO TROZADO 200 GR CONGELADO;CHULETA DE CERDO TROZADO 200 G CONGELADO;CONGELADOS
CHULETA DE CERDO TROZADO 200 GR CONGELADO - REDONDOS;CHULETA DE CERDO TROZADO 200 G CONGELADO;CONGELADOS
CHUÑO;CHUÑO;ABARROTES
CHUÑO (INGLES) POLVO SAN JUAN MASIAS 5 KG;CHUÑO;ABARROTES
CHUÑO 4 ESTACIONES 500 GR;CHUÑO;ABARROTES
CHUÑO ENTERO;CHUÑO ENTERO;ABARROTES
CHUÑO ENTERO BLANCO 4 ESTACIONES 1 KG;CHUÑO ENTERO;ABARROTES
CHUÑO ENTERO BLANCO TOÑA 1 KG;CHUÑO ENTERO;ABARROTES
CHUÑO ENTERO NEGRO 4 ESTACIONES 1 KG;CHUÑO NEGRO REFRIGERADO;ABARROTES
CHUÑO ENTERO SAN JUAN MASIAS (EX BELEN) 5 KG;CHUÑO ENTERO;ABARROTES
CHUÑO NEGRO MOLIDO;CHUÑO NEGRO MOLIDO;ABARROTES
CHUÑO NEGRO MOLIDO SAN JUAN MASIAS (EX BELEN) 5 KG;CHUÑO NEGRO MOLIDO;ABARROTES
CHUÑO NEGRO REFRIGERADO;CHUÑO NEGRO REFRIGERADO;ABARROTES
CHUÑO NEGRO SAN JUAN MASIAS (EX BELEN)5 KG;CHUÑO NEGRO MOLIDO;ABARROTES
CHUÑO POLVO 4 ESTACIONES 1 KG;CHUÑO;ABARROTES
CHUÑO POLVO TOÑA 1 KG;CHUÑO;ABARROTES
CHUÑO TOÑA 1 KG;CHUÑO TOÑA 1;ABARROTES
CHUPETE CHUPETIN COLORADO (TUTTI FRUTI) AMBROSOLI (24 UNID);CHUPETE COLORADO AMBROSOLI UND;ABARROTES
CHUPETE CHUPETIN COLORADO (TUTTI FRUTI) AMBROSOLI (25 UNID);FRUTI) AMBROSOLI (25;ABARROTES
CHUPETE COLORADO AMBROSOLI UND;CHUPETE COLORADO AMBROSOLI UND;ABARROTES
CHUPETIN GLOBO POP CON CHICLE 24 UNID.;CHUPETIN GLOBO POP CON CHICLE 24 UNID;ABARROTES
CHUPETIN GLOBO POP CON TOFFE 23 UNID.;CHUPETIN GLOBO POP CON TOFFE 23 UNID;ABARROTES
CHURRO MINI SIN RELLENO C/ HUECO 6 CM CONGELADO;CHURRO MINI SIN RELLENO C/ HUECO 6 CM CONGELADO;CONGELADOS
CHURRO RELLENO MANJAR BLANCO 12 CM CONGELADO;CHURRO RELLENO MANJAR BLANCO 12 CM CONGELADO;CONGELADOS
CHURRO RELLENO MANJAR CHOCOLATE 12 CM CONGELADO;CHURRO RELLENO MANJAR CHOCOLATE 12 CM CONGELADO;CONGELADOS
CIGARRILLO HAMILTON CHICO;CIGARROS HAMILTON LIGHT CAJETILLA X 10;KIOSKO
CIGARRILLO HAMILTON GRANDE;CIGARROS HAMILTON LIGHT CAJETILLA X 20;KIOSKO
CIGARRILLO LUCKY STRIKE CONVERTIBLE GRANDE;CIGARRILLO LUCKY STRIKE CONVERTIBLE GRANDE;KIOSKO
CIGARRILLO LUCKY STRIKE ORIGINAL BLUE CHICO;CIGARRILLO LUCKY STRIKE ORIGINAL BLUE CHICO;KIOSKO
CIGARRILLO LUCKY STRIKE ORIGINAL BLUE GRANDE;CIGARRILLO LUCKY STRIKE ORIGINAL BLUE GRANDE;KIOSKO
CIGARRILLO LUCKY STRIKE ORIGINAL NEGRO CHICO;CIGARRILLO LUCKY STRIKE NEGRO CHICO;KIOSKO
CIGARRILLO LUCKY STRIKE ORIGINAL NEGRO GRANDE;CIGARRILLO LUCKY STRIKE NEGRO GRANDE;KIOSKO
CIGARRILLO LUCKY STRIKE ORIGINAL RED CHICO;CIGARROS LUCKY STRIKE ROJO X 10;KIOSKO
CIGARRILLO LUCKY STRIKE ORIGINAL RED GRANDE;CIGARROS LUCKY STRIKE ROJO X 20;KIOSKO
CIGARRILLO MARLBORO GOLD BLANCO CHICO X10;CIGARROS MARLBORO LIGHT CAJETILLA X 10;KIOSKO
CIGARRILLO MARLBORO GOLD BLANCO GRANDE X20;CIGARROS MARLBORO LIGHT CAJETILLA X 20;KIOSKO
CIGARRILLO MARLBORO ROJO CHICO;CIGARROS MARLBORO ROJO CAJETILLA X 10;KIOSKO
CIGARRILLO MARLBORO ROJO GRANDE;CIGARROS MARLBORO ROJO CAJETILLA X 20;KIOSKO
CIGARRILLO WINSTON BLUE GRANDE;CIGARROS WINSTON BLUE CAJETILLA X 20;KIOSKO
CIGARRILLO WINSTON CLASSIC CHICO;CIGARROS WINSTON LIGHT CAJETILLA X 10;KIOSKO
CIGARRILLO WINSTON CLASSIC GRANDE;CIGARROS WINSTON LIGHT CAJETILLA X 20;KIOSKO
CINTA PARA MARCAR ROPA;CINTAS PARA MARCAR ROPA ROLLO;LIMPIEZA
CINTA PARA MARCAR ROPA 30 UND;CINTA PARA MARCAR ROPA 30 UND;LIMPIEZA
CINTAS PARA MARCAR ROPA ROLLO;CINTAS PARA MARCAR ROPA ROLLO;LIMPIEZA
CIRUELA CHILENA;CIRUELA;FFVV
CIRUELA SECA 4 ESTACIONES 1 KG;CIRUELA SECA;REFRIGERADOS
CLAVO DE OLOR ENTERO;CLAVO DE OLOR ENTERO;ABARROTES
CLAVO DE OLOR ENTERO 4 ESTACIONES 1 KG;CLAVO DE OLOR ENTERO;ABARROTES
CLEAN BY 4D SPARTAN 19 LITROS;CLEAN BY 4D SPARTAN - DESINFECTANTE CLINICA;ABARROTES
CLEAN BY 4D SPARTAN 3.875 LITROS;CLEAN BY 4D SPARTAN - DESINFECTANTE CLINICA;LIMPIEZA
CLEAN BY 4D SPARTAN 5 LITROS;CLEAN BY 4D SPARTAN - DESINFECTANTE CLINICA;ABARROTES
CLEAN BY PEROXY SPARTAN 1 LITRO;CLEAN BY PEROXY SPARTAN - LIMPIADOR DESINFECTANTE;LIMPIEZA
CLEAN BY PEROXY SPARTAN 19 LITROS;CLEAN BY PEROXY SPARTAN - LIMPIADOR DESINFECTANTE;LIMPIEZA
CLEAN BY PEROXY SPARTAN 3.875 LITROS;CLEAN BY PEROXY SPARTAN - LIMPIADOR DESINFECTANTE;LIMPIEZA
CLEAN BY PEROXY SPARTAN 5 LITROS;CLEAN BY PEROXY SPARTAN - LIMPIADOR DESINFECTANTE;LIMPIEZA
CLEANER MERRYCHEF 750ML;CLEANER MERRYCHEF 750 ML;LIMPIEZA
CLORIN 7.5 - ( 5 LITROS) SPARTAN;CLORIN FP SPARTAN - DESINFECTANTE CLORADO Y BLANQU;LIMPIEZA
CLORIN FP SPARTAN - DESINFECTANTE CLORADO Y BLANQU;CLORIN FP SPARTAN - DESINFECTANTE CLORADO Y BLANQU;LIMPIEZA
CLORIN FP SPARTAN 19 LITROS;CLORIN FP SPARTAN - DESINFECTANTE CLORADO Y BLANQU;LIMPIEZA
CLORIN FP SPARTAN 5 LITROS;CLORIN FP SPARTAN - DESINFECTANTE CLORADO Y BLANQU;LIMPIEZA
COBERTURA BITTER NEGRO;COBERTURA BITTER NEGRO;ABARROTES
COBERTURA BITTER NEGUSA 1 KG;COBERTURA BITTER NEGRO;ABARROTES
COBERTURA BITTER OBLEAS NEGUSA 1 KG;COBERTURA BITTER NEGRO;ABARROTES
COBERTURA BITTER PURATOS 10 KG;COBERTURA BITTER NEGRO;REFRIGERADOS
COBERTURA BLANCA 500 GR;COBERTURA BITTER BLANCO;ABARROTES
COBERTURA CHOCOLATE BLANCO 600 GR;CHOCOLATE BLANCO COBERTURA NEGUSA;ABARROTES
COBERTURA GOTAS BITTER NEGUSA 1 KG;COBERTURA BITTER NEGRO;ABARROTES
COCA COLA 0.5 LT;COCA COLA 0.5 LT;BEBIDAS
COCA COLA LT;COCA COLA LT;BEBIDAS
COCKTAIL CON NUECES VILLA NATURA 80 GR (E);COCKTAIL DE NUECES;ABARROTES
COCKTAIL DE FRUTA LATA;COCKTAIL DE FRUTA LATA;ABARROTES
COCKTAIL DE FRUTAS ACONCAGUA 820/822 GR;COCKTAIL DE FRUTA LATA;ABARROTES
COCKTAIL DE FRUTAS ACONCAGUA 822 GR;COCKTAIL DE FRUTA LATA;ABARROTES
COCKTAIL DE FRUTAS COMPASS 820 GR;COCKTAIL DE FRUTA LATA;ABARROTES
COCKTAIL DE FRUTAS COMPASS 822 GR;COCKTAIL DE FRUTA LATA;ABARROTES
COCKTAIL DE FRUTAS FANNY 820 GR;COCKTAIL DE FRUTA LATA;ABARROTES
COCKTAIL DE NUECES;COCKTAIL DE NUECES;ABARROTES
COCKTAIL DE NUECES VALLEALTO X  90 GR;COCKTAIL DE NUECES;ABARROTES
COCKTAIL DE NUECES VALLEALTO X  90 GR;COCKTAIL DE NUECES;ABARROTES
COCO RALLADO;COCO RALLADO;ABARROTES
COCO RALLADO 4 ESTACIONES 1 KG;COCO RALLADO;ABARROTES
COCO RALLADO 4 ESTACIONES 500 GR;COCO RALLADO;ABARROTES
COCO RALLADO COCOS Y NUTS 1 KG;COCO RALLADO;ABARROTES
COCO RALLADO LARGO 4 ESTACIONES 250 GR;COCO RALLADO LARGO;ABARROTES
COCOA A GRANEL;COCOA A GRANEL;ABARROTES
COCOA LA ABUELITA 150 GR;COCOA A GRANEL;ABARROTES
COCOA LA ABUELITA 160 GR;COCOA A GRANEL;ABARROTES
COCOA LA ABUELITA WINTERS 150 GR;COCOA A GRANEL;ABARROTES
COCONA;COCONA;FFVV
COL;COL CRIOLLA;FFVV
COL (L);COL CRIOLLA;FFVV
COL CHINA;COL CHINA;FFVV
COL CHINA REFRIGERADO;COL CHINA;FFVV
COL CRIOLLA REFRIGERADO;COL CRIOLLA;FFVV
COLA DE CABALLO;COLA DE CABALLO;FFVV
COLANTAO;COLANTAO;FFVV
COLANTAO (L);COLANTAO;FFVV
COLANTAO REFRIGERADO;COLANTAO;FFVV
COLAPIZ EN POLVO;COLAPIZ EN POLVO;ABARROTES
COLAPIZ EN POLVO 4 ESTACIONES 1 KG;COLAPIZ EN POLVO;ABARROTES
COLAPIZ EN POLVO 4 ESTACIONES 250 GR;COLAPIZ EN POLVO;ABARROTES
COLAPIZ EN POLVO 4 ESTACIONES 500 GR;COLAPIZ EN POLVO;ABARROTES
COLAPIZ EN POLVO TOÑA 1 KG;COLAPIZ EN POLVO;ABARROTES
COLIFLOR 20-60 CONGELADO;COLIFLOR 20-60 CONGELADO;CONGELADOS
COLIFLOR PRE COCIDO CONGELADO;COLIFLOR 20-60 CONGELADO;CONGELADOS
COLORANTE AMARILLO (HUEVO) LEVAPAN 250 ML;COLORANTE AMARILLO LEVAPAN;ABARROTES
COLORANTE AMARILLO LIMON LEVAPAN 250 ML;COLORANTE AMARILLO LIMON LEVAPAN;ABARROTES
COLORANTE FRATELLO CAJA 4 FCO;COLORANTE FRATELLO CAJA 4 FCO;ABARROTES
COLORANTE FRATELLO LIQUIDO AMARILLO HUEVO;COLORANTE FRATELLO LIQUIDO AMARILLO HUEVO;ABARROTES
COLORANTE FRATELLO LIQUIDO AMARILLO HUEVO 250 ML;COLORANTE FRATELLO LIQUIDO AMARILLO HUEVO;ABARROTES
COLORANTE FRATELLO LIQUIDO AMARILLO LIMON 250 ML;COLORANTE FRATELLO LIQUIDO AMARILLO LIMON;ABARROTES
COLORANTE FRATELLO LIQUIDO ROJA BANDERA;COLORANTE FRATELLO LIQUIDO ROJA BANDERA;ABARROTES
COLORANTE FRATELLO LIQUIDO ROJA BANDERA 250 ML;COLORANTE FRATELLO LIQUIDO ROJA BANDERA;ABARROTES
COLORANTE FRATELLO LIQUIDO VERDE HOJA;COLORANTE FRATELLO LIQUIDO VERDE HOJA;ABARROTES
COLORANTE FRATELLO LIQUIDO VERDE HOJA 250 ML;COLORANTE FRATELLO LIQUIDO VERDE HOJA;ABARROTES
COMINO MOLIDO;COMINO MOLIDO;ABARROTES
COMINO MOLIDO 4 ESTACIONES 1 KG;COMINO MOLIDO;ABARROTES
CONCENTRADO DE CARAMBOLA;CONCENTRADO DE CARAMBOLA;BEBIDAS
CONCENTRADO DE EMOLIENTE 2 LT;CONCENTRADO DE EMOLIENTE 2 LT;BEBIDAS
CONCENTRADO DE MAIZ MORADO;CONCENTRADO DE MAIZ MORADO;BEBIDAS
CONCENTRADO DE MANZANA;CONCENTRADO DE MANZANA;BEBIDAS
CONCENTRADO DE MARACUYA;CONCENTRADO DE MARACUYA;BEBIDAS
CONCRETE SURFACE FINISH SPARTAN 19 LITROS;CONCRETE SURFACE FINISH SPARTAN - CERA PARA PISOS;ABARROTES
CONCRETE SURFACE FINISH SPARTAN 3.875 LITROS;CONCRETE SURFACE FINISH SPARTAN - CERA PARA PISOS;ABARROTES
CONCRETE SURFACE FINISH SPARTAN 5 LITROS;CONCRETE SURFACE FINISH SPARTAN - CERA PARA PISOS;ABARROTES
CONO BARQUILLO AMARILLO CONO COPA 700 UNID;CONO BARQUILLO AMARILLO CORONITA;ABARROTES
CONTENEDOR BIODEGRADABLE FIBRA  # 5 200 UND;CONTENEDOR BIODEGRADABLE FIBRA #5;DESCARTABLES
CONTENEDOR DE BAGAZO #3 8 X 8 X 200 UND;CONTENEDOR DE BAGAZO #3 8X8;DESCARTABLES
CONTENEDOR DE BAGAZO #5 6 X 9 X 250 UND;CONTENEDOR DE BAGAZO #5 6X9;DESCARTABLES
CONTENEDOR DE BAGAZO J1 #5 X 200 UND;CONTENEDOR DE BAGAZO J1 #5;DESCARTABLES
CONTENEDOR DE BAGAZO J1 #5 X 250 UND;CONTENEDOR DE BAGAZO J1 #5 X 250 UND;DESCARTABLES
CONTENEDOR DE BAGAZO P1 #3 X 200 UND;CONTENEDOR DE BAGAZO P1 #3 X 200 UND;DESCARTABLES
CONTENEDOR DE FIBRA # 4 KS BAGAZO CANA X  MILL;CONTENEDOR DE FRIBRA #4 KS BAGAZO CANA;ABARROTES
CONTENEDOR DE FRIBRA # 4 KS BAGAZO CANA X 200UND;CONTENEDOR DE FRIBRA #4 KS BAGAZO CANA;ABARROTES
CONTENEDOR PORTA SANDWICH SENCILLO X 200 UND;CONTENEDOR PORTA SANDWICH SENCILLO;DESCARTABLES
CONTENEDOR TERMICO D4031XX  CT5  200 UND;CONTENEDOR TERMICO CT5;DESCARTABLES
CONTENEDOR TERMICO D4031XX CT5 100 UND;ENVASES TERMICOS CT5 500 GR;DESCARTABLES
CONTENEDOR TERMICO D4051XX  CT3 200 UND;CONTENEDOR TERMICO CT3;DESCARTABLES
CONTENEDOR TRIANGULAR PARA TORTA 11CMX5CM X 200 UND;CONTENEDOR TRIANGULAR PARA TORTA 11CMX5CM;DESCARTABLES
CORAZON CORTE ANTICUCHO CONGELADO;CORAZON CORTE ANTICUCHO CONGELADO;CONGELADOS
CORAZON CORTE SALTADO CONGELADO;CORAZON CORTE SALTADO CONGELADO;CONGELADOS
CORAZON DE RES CONGELADO;CORAZON CONGELADO;CONGELADOS
CORAZON DE RES CONGELADO ZEDINA;CORAZON CONGELADO;CONGELADOS
CORDERO DESHUESADO CONGELADO - KGM;CORDERO S/HUESO  CONGELADO;CONGELADOS
CORDERO ENTERO TROZADO 200-250 GRMS CONGELADO;CORDERO ENTERO TROZADO;CONGELADOS
CORDERO ENTERO TROZADO CONGELADO;CORDERO ENTERO CONGELADO;CONGELADOS
CORDERO S/HUESO  CONGELADO;CORDERO S/HUESO  CONGELADO;CONGELADOS
CORTA UÑAS 3 ESPADAS LINEA AMERICANA GRANDE;CORTA UÑAS 3 ESPADAS GRANDE;KIOSKO
CORTA UÑAS CALIDAD MEDIA;CORTA UÑAS CALIDAD MEDIA;KIOSKO
COSTILLA DE CERDO (PANCETA) CONGELADO;CERDO COSTILLAR CONGELADO;CONGELADOS
CR2+ PRESENTACION 1 GALON;CR2+ PRESENTACION 1 GALON;LIMPIEZA
CREMA CHANTILLY;CREMA CHANTILLY;REFRIGERADOS
CREMA CHANTILLY MONA LISA BRICKS 1LT;CREMA CHNTILLY;ABARROTES
CREMA CHANTILLY PRIMAVERA 1 LT;CREMA CHANTILLY;ABARROTES
CREMA CHANTIPACK PURATOS 1LT;CHANTYPACK;REFRIGERADOS
CREMA DE CHAMPIGÑONES DESHIDRATADA;CREMA DE CHAMPIGÑONES DESHIDRATADA;ABARROTES
CREMA DE CHAMPIGÑONES KNORR 800 GR;CREMA DE CHAMPIGÑONES DESHIDRATADA;ABARROTES
CREMA DE CHAMPIÑONES MACROFOODS 1 KG;CREMA DE CHAMPIGÑONES DESHIDRATADA;ABARROTES
CREMA DE CHOCLO KNORR 800 GR;CREMA DE CHOCLO DESHIDRATADA;ABARROTES
CREMA DE ESPARRAGOS KNORR 1 KG;CREMA DE ESPARRAGOS DESHIDRATADA;ABARROTES
CREMA DE ESPARRAGOS KNORR 800 GR;CREMA DE ESPARRAGOS DESHIDRATADA;ABARROTES
CREMA DE LECHE CUSIPAK UHT 1 LT;CREMA DE LECHE;REFRIGERADOS
CREMA DE LECHE GLORIA 946 CC;CREMA DE LECHE;ABARROTES
CREMA DE LECHE LAIVE 946 ML;CREMA DE LECHE;ABARROTES
CREMA DE POLLO KNORR 800 GR;CREMA DE POLLO DESHIDRATADA;CONGELADOS
CREMA DE VERDURAS MACROFOODS 1 KG;CREMA DE VERDURAS DESHIDRATADA;ABARROTES
CREMA DENTAL COLGATE 90 GR;CREMA DENTAL COLGATE 90 ML;KIOSKO
CREMA DENTAL DENTO 75 ML;DENTAL DENTO 75;ABARROTES
CREMA DENTAL DENTO 75/80 ML;DENTRIFICO 75 ML DENTO MENTA NATURAL;KIOSKO
CREMA DENTAL KOLYNOS 60 ML;DENTRIFICO 75 ML KOLYNOS;KIOSKO
CREMA PONDS CELESTE POTE 100 GR;CREMA PONDS CELESTE POTE 100 GR;KIOSKO
CREMA TIPO CHANTILLY SNEL 1LT;CREMA CHANTILLY;REFRIGERADOS
CREMF.CLASSIC BAUNILHA X 4.5;BASE PARA CREMA PASTELERA;REFRIGERADOS
CREMF.CLASSIC COCO 5 KG;BASE CREMA PASTELERA SABOR COCO;REFRIGERADOS
CREMF.CLASSIC COCO X 4.5;BASE CREMA PASTELERA SABOR COCO;REFRIGERADOS
CROISSANT DE MANJAR 90 GRM;CROISANT DE MANJAR 90 G;CONGELADOS
CROISSANT MEDIA LUNA CON MANJAR 70 GR;CROISSANT MEDIA LUNA CON MANJAR 70 GR;CONGELADOS
CROISSANT(BOM BOM)  CHOCOLATE 90 GRM;CROISSANT DE CHOCOLATE 90 G;CONGELADOS
CUADERNO ESCOLAR SURCO CUADRICULADO 80 HOJAS;CUADERNO ESCOLAR SURCO CUADRICULADO 80 HOJAS;ABARROTES
CUARTO COMPENSADO DE RES CONGELADO;RES CUARTO COMPENSADO CONGELADO;ABARROTES
CUCHARA ACRILICO DESCARTABLE;CUCHARA ACRILICO DESCARTABLE;DESCARTABLES
CUCHARA ACRILICO DESCARTABLE 100 UND;CUCHARA ACRILICO DESCARTABLE;DESCARTABLES
CUCHARA BIO PLA 16CM X 100 UND;CUCHARA BIO PLA 16 CM;DESCARTABLES
CUCHARA PARA CAFE BLANCA DE PLASTICO DESCARTABLE 100 UNID;CUCHARA PARA CAFE BLANCA DESCARTABLE;DESCARTABLES
CUCHARA PARA CAFE BLANCA DE PLASTICO DESCARTABLE GOLAZO 100 UNID;CUCHARA PARA CAFE BLANCA DESCARTABLE;DESCARTABLES
CUCHARA PARA CAFE BLANCA DESCARTABLE;CUCHARA PARA CAFE BLANCA DESCARTABLE;DESCARTABLES
CUCHARA PARA SOPA BLANCA DE PLASTICO DESCARTABLE D841100XX 100 UND;CUCHARA PARA SOPA BLANCA DESCARTABLE;DESCARTABLES
CUCHARA PARA SOPA BLANCA DE PLASTICO DESCARTABLE LA EUROPEA 50 UND;CUCHARA PARA SOPA BLANCA DESCARTABLE;DESCARTABLES
CUCHARA PARA SOPA BLANCA DESCARTABLE;CUCHARA PARA SOPA BLANCA DESCARTABLE;DESCARTABLES
CUCHARA SOPERA DESCARTABLE EN BOLSA X 100UND;CUCHARA SOPERA DESCARTABLE;DESCARTABLES
CUCHARA SOPERA DESCARTABLE EN BOLSA X 50UND;CUCHARA SOPERA DESCARTABLE;DESCARTABLES
CUCHILLO ACRILICO DESCARTABLE 100 UND;CUCHILLO PARA SEGUNDO BLANCO DESCARTABLE;DESCARTABLES
CUCHILLO ACRILICO DESCARTABLE 50 UND;CUCHILLO PARA SEGUNDO BLANCO DESCARTABLE;DESCARTABLES
CUCHILLO BIO PLA 16CM X 100 UND;CUCHILLO BIO PLA 16 CM;DESCARTABLES
CUCHILLO DESCARTABLE LA EUROPEA MILLAR;CUCHILLO DESCARTABLE LA EUROPEA;DESCARTABLES
CUCHILLO PARA SEGUNDO BLANCO DE PLASTICO DESCARTABLE 100 UNID;CUCHILLO PARA SEGUNDO BLANCO DESCARTABLE;DESCARTABLES
CUCHILLO PARA SEGUNDO BLANCO DE PLASTICO DESCARTABLE LA EUROPEA 50 UND;CUCHILLO PARA SEGUNDO BLANCO DESCARTABLE;DESCARTABLES
CUCHILLO PARA SEGUNDO BLANCO DESCARTABLE;CUCHILLO PARA SEGUNDO BLANCO DESCARTABLE;DESCARTABLES
CULANTRO;CULANTRO;FFVV
CULANTRO (L);CULANTRO;FFVV
CULANTRO MOLIDO TRESA X  KILO;CULANTRO MOLIDO ENVASADO;REFRIGERADOS
CULANTRO REFRIGERADO;CULANTRO;FFVV
CUY ENTERO CONGELADO;CUY ENTERO EVISCERADO CONGELADO;CONGELADOS
CUY ENTERO CONGELADO 700 - 800 GR;CUY ENTERO EVISCERADO CONGELADO;CONGELADOS
CUY ENTERO CONGELADO ANTAMINA;CUY ENTERO EVISCERADO CONGELADO;CONGELADOS
CUY ENTERO EVISCERADO CONGELADO;CUY ENTERO EVISCERADO CONGELADO;CONGELADOS
CUY SIN PATAS Y SIN CABEZA  CONGELADO;CUY ENTERO EVISCERADO CONGELADO;CONGELADOS
CUY SIN PATAS Y SIN CABEZA CONGELADO;CUY ENTERO EVISCERADO CONGELADO;CONGELADOS
DAMP MOP SPARTAN 1 LITRO;DAMP MOP SPARTAN - LIMPIADOR DE PISO;ABARROTES
DAMP MOP SPARTAN 19 LITROS;DAMP MOP SPARTAN - LIMPIADOR DE PISO;ABARROTES
DAMP MOP SPARTAN 3.875 LITROS;DAMP MOP SPARTAN - LIMPIADOR DE PISO;ABARROTES
DAMP MOP SPARTAN 5 LITROS;DAMP MOP SPARTAN - LIMPIADOR DE PISO;ABARROTES
DESINFECTANTE LIMPIADOR PINO DARYZA 3.8 LT;DESINFECTANTE PINO DARIZA 4 LT;LIMPIEZA
DESINFECTANTE LIMPIADOR SAPOLIO 900 ML;DESINFECTANTE LIMPIADOR SAPOLIO 900;LIMPIEZA
DESINFECTANTE PINO SAPOLIO 3.785 ML;DESINFECTANTE PINO SAPOLIO LT;LIMPIEZA
DESODORANTE AMBIENTADOR ANTITABACO SAPOLIO 360 ML;DESODORANTE AMBIENTADOR ANTITABACO SAPOLIO 360 ML;LIMPIEZA
DESODORANTE AMBIENTADOR BEBE SAPOLIO 360 ML;DESODORANTE AMBIENTADOR BEBE SAPOLIO 360 ML;LIMPIEZA
DESODORANTE AMBIENTADOR BRISA MARINA SAPOLIO 360 ML;DESODORANTE AMBIENTADOR BRISA MARINA SAPOLIO 360ML;LIMPIEZA
DESODORANTE AMBIENTADOR LAVANDA SAPOLIO 360 ML;DESODORANTE AMBIENTADOR LAVANDA SAPOLIO 360 ML;LIMPIEZA
DESODORANTE AMBIENTADOR POTPURRI SAPOLIO 360 ML;DESODORANTE AMBIENTADOR POTPURRI SAPOLIO 360 ML;LIMPIEZA
DESODORANTE HOMBRE REXONA 10 GR;DESODORANTE HOMBRE REXONA 10 GR;KIOSKO
DESODORANTE REXONA SPRAY  175 ML;DESODORANTE REXONA SPRAY 175 ML;KIOSKO
DETERGENTE BOLIVAR 4.2 KG 4 UND;DETERGENTE BOLIVAR 4.5 KG;LIMPIEZA
DETERGENTE SAPOLIO 15 KG;DETERGENTE SAPOLIO 15 KG;LIMPIEZA
DETERGENTE SAPOLIO DE 13.5 KG;DETERGENTE SAPOLIO 15 KG;LIMPIEZA
DETODITO MIX FRITO LAY  UND 50 GR;DETODITO MIX FRITO LAY 50 GR;ABARROTES
DETODITO MIX FRITO LAY 50 GR;DETODITO MIX FRITO LAY 50 GR;ABARROTES
DETODITO MIX FRITO LAY UND 165 GR;DETODITO MIX FRITO LAY 165 GR;ABARROTES
DETODITO NATURAL FRITO LAY UND 165 GR;DETODITO NATURAL FRITO LAY 165 GR;ABARROTES
DETODITO NATURAL FRITO LAY UND 50 GR;DETODITO NATURAL FRITO LAY 50 GR;ABARROTES
DIVERSEY GOOD SENSE FRESH PHASE 1.5 LT;DIVERSEY GOOD SENSE FRESH PHASE;ABARROTES
DM 500 H PLUS FP SPARTAN 1 LITRO;DM 500 H PLUS FP SPARTAN - DETERGENTE P/ALIMENTACI;ABARROTES
DM 500 H PLUS FP SPARTAN 19 LITROS;DM 500 H PLUS FP SPARTAN - DETERGENTE P/ALIMENTACI;LIMPIEZA
DM 500 H PLUS FP SPARTAN 19 LITROS - V3;DM 500 H PLUS FP SPARTAN - DETERGENTE P/ALIMENTACI;LIMPIEZA
DM 500 H PLUS FP SPARTAN 3.875 LITROS;DM 500 H PLUS FP SPARTAN - DETERGENTE P/ALIMENTACI;LIMPIEZA
DM 500 H PLUS FP SPARTAN 3.875 LITROS - V3;DM 500 H PLUS FP SPARTAN - DETERGENTE P/ALIMENTACI;LIMPIEZA
DM 500 H PLUS FP SPARTAN 5 LITROS;DM 500 H PLUS FP SPARTAN - DETERGENTE P/ALIMENTACI;LIMPIEZA
DM 500 H PLUS FP SPARTAN 5 LITROS - V3;DM 500 H PLUS FP SPARTAN - DETERGENTE P/ALIMENTACI;LIMPIEZA
DMQ  SPARTAN 1 LITRO;DMQ SPARTAN - DESINFECTANTE CLINICA;LIMPIEZA
DMQ  SPARTAN 19 LITROS;DMQ SPARTAN - DESINFECTANTE CLINICA;LIMPIEZA
DMQ  SPARTAN 3.875 LITROS;DMQ SPARTAN - DESINFECTANTE CLINICA;LIMPIEZA
DMQ  SPARTAN 5 LITROS;DMQ SPARTAN - DESINFECTANTE CLINICA;LIMPIEZA
DONUT BERLINA DE CHOCOLATE 90 GRM;DONUT BERLINA DE CHOCOLATE 90 G;CONGELADOS
DONUT BERLINA DE CREMA 90 GRM;DONUT BERLINA DE CREMA 90 G;CONGELADOS
DONUT DOTS ROLO CARAMELO 73 GRM;DONUT DOTS ROLO CARAMELO 73 G;CONGELADOS
DONUT DOTS ROLO GLAZE 52 GRM;DONUT DOTS ROLO GLAZE 52 G;CONGELADOS
DONUT DOTS ROLO TUTTI 75 GRM;DONUT DOTS ROLO TUTTI 75 G;CONGELADOS
DORITOS FRITO QUESO ATREVIDO LAY 190 GR;DORITOS FRITO QUESO ATREVIDO LAY 190 GR;ABARROTES
DORITOS FRITO QUESO ATREVIDO LAY 210 GR;DORITOS FRITO QUESO ATREVIDO LAY 200 GR;ABARROTES
DORITOS FRITO QUESO ATREVIDO LAY 43 GR;DORITOS FRITO QUESO ATREVIDO LAY 43 GR;ABARROTES
DORITOS FRITO QUESO ATREVIDO LAY 45 GR;DORITOS FRITO QUESO ATREVIDO LAY 45 GR;ABARROTES
DORITOS FRITO QUESO FUEGO LAY 43/40 GR;DORITOS FRITO QUESO FUEGO LAY 43 GR;ABARROTES
DORITOS FRITO QUESO FUEGO LAY 45 GR;DORITOS FRITO QUESO FUEGO LAY 45 GR;ABARROTES
DORITOS MEGA QUESO UND 43 GR;DORITOS MEGA QUESO 43 GR;ABARROTES
DULCERIO TRES LECHES X 1 LT;PREMEZCLA TRES LECHES;REFRIGERADOS
DURAZNO;DURAZNO;FFVV
DURAZNO EN ALMIBAR;DURAZNO EN ALMIBAR;ABARROTES
DURAZNO EN ALMIBAR COMPASS 820 GR;DURAZNO EN ALMIBAR;ABARROTES
DURAZNO EN ALMIBAR COMPASS 822 GR;DURAZNO EN ALMIBAR;ABARROTES
DURAZNO EN ALMIBAR DEL CIELO 820 GR;DURAZNO EN ALMIBAR;ABARROTES
DURAZNO EN ALMIBAR FANNY 820 GR;DURAZNO EN ALMIBAR;ABARROTES
DURAZNO EN ALMIBAR VALLE NORTE 820 GR;DURAZNO EN ALMIBAR;ABARROTES
DURAZNO EN ALMIBAR VALLENORTE 820 GR;DURAZNO EN ALMIBAR;ABARROTES
DUST MOP SPARTAN 19 LITROS;DUST MOP SPARTAN - LIMPIADOR DE PISO;ABARROTES
DUST MOP SPARTAN 3.875 LITROS;DUST MOP SPARTAN - LIMPIADOR DE PISO;ABARROTES
DUST MOP SPARTAN 5 LITROS;DUST MOP SPARTAN - LIMPIADOR DE PISO;ABARROTES
E - CREMA CHANTILLY FLEICHMANN 1 LT;CREMA CHANTILLY;ABARROTES
E - HELADO DONOFRIO TRICOLOR 5 LT;HELADO BANDEJA TRICOLOR LT;ABARROTES
E - KETCHUP ALACENA SACHET 8 CC;KETCHUP SACHET 8 GR;ABARROTES
E - MAYONESA ALACENA PERSONAL 10 GR;MAYONESA PERSONAL;ABARROTES
E - MOSTAZA TRESA PERSONAL 5 GR;MOSTAZA SACHET 5 GR;ABARROTES
E - SALSA DE AJI CASERO TRESA 5 GR;AJI CASERO;ABARROTES
ECCO SACHET 12 GR;ECCO SACHET 10 GR;ABARROTES
ECCO SACHET 7 GR;ECCO SACHET 7 GR;ABARROTES
ECODESENGRASANTE FP SPARTAN 1 LITRO;ECODESENGRASANTE FP SPARTAN -DESENGRASANTE DE PISO;ABARROTES
ECODESENGRASANTE FP SPARTAN 19 LITROS;ECODESENGRASANTE FP SPARTAN -DESENGRASANTE DE PISO;LIMPIEZA
ECODESENGRASANTE FP SPARTAN 3.875 LITROS;ECODESENGRASANTE FP SPARTAN -DESENGRASANTE DE PISO;ABARROTES
ECODESENGRASANTE FP SPARTAN 5 LITROS;ECODESENGRASANTE FP SPARTAN -DESENGRASANTE DE PISO;LIMPIEZA
EDULCORANTE PERSONAL SODEXO 1 GR X MILLAR;EDULCORANTE SACHET;ABARROTES
EDULCORANTE STEVIA PERSONAL SODEXO  1 GR X MILLAR;EDULCORANTE STEVIA PERSONAL SODEXO;ABARROTES
EDULCORANTE STEVIA PERSONAL SODEXO 1 GR X MILLAR;GR X;ABARROTES
EMPANADA DE AJI DE POLLO 100 GR MENU;EMPANADA DE AJI DE POLLO MENU;CONGELADOS
EMPANADA DE AJI DE POLLO 145 GR RETAIL;EMPANADA DE AJI DE POLLO RETAIL;CONGELADOS
EMPANADA DE CARNE 100 GR MENU;EMPANADA DE CARNE MENU UND;PANADERIA Y PASTELERIA
EMPANADA DE CARNE 90 GR;EMPANADA DE CARNE 90 GR;CONGELADOS
EMPANADA DE CARNE RETAIL 140 GRM;EMPANADA DE CARNE RETAIL;ABARROTES
EMPANADA DE POLLO 90 GR;EMPANADA DE POLLO 90 GR;CONGELADOS
EMPANADA MIXTA 90 GR;EMPANADA MIXTA 90 GR;CONGELADOS
EMPANADA MIXTA RETAIL 140 GRM;EMPANADA MIXTA RETAIL;ABARROTES
ENCENDEDOR DESCARTABLE;ENCENDEDORES DE BOLSILLO;DESCARTABLES
ENROLLADO (WRAP) DE CHANCHO ORIENTAL 190 GR;ENROLLADO (WRAP) DE CHANCHO ORIENTAL 190 GR;ABARROTES
ENROLLADO (WRAP) DE JAMON Y QUESO 190 GR;ENROLLADO (WRAP) DE JAMON Y QUESO 190 GR;ABARROTES
ENROLLADO (WRAP) DE POLLO AL HORNO  190 GR;ENROLLADO (WRAP) DE POLLO AL HORNO 190 GR;CONGELADOS
ENROLLADO DE CHANCHO A LA CAJA CHINA (CILINDRO);ENROLLADO DE CHANCHO A LA CAJA CHINA;ABARROTES
ENROLLADO PRIMAVERA 22 GR CONGELADO;ENROLLADO PRIMAVERA 22 G CONGELADO;CONGELADOS
ENVASE AJICERO PP 4 OZ TRANSPARENTE MILLAR;ENVASE AJICERO PP 4 OZ TRANSPARENTE;DESCARTABLES
ENVASE ALUMINIO DE 1 KG CON TAPA KRISTAL X MLL;ENVASE ALUMINIO 1 KG CON TAPA KRISTAL X MLL;DESCARTABLES
ENVASE ALUMINIO DE 1/2 KG CON TAPA KRISTAL X MLL;ENVASE ALUMINIO 1/2 KG CON TAPA KRISTAL X MLL;DESCARTABLES
ENVASE DE ALUMINIO 1000 CC 125 UND SIN TAPA;ENVASE DE ALUMINIO 1000 CC SIN TAPA;DESCARTABLES
ENVASE DE ALUMINIO CON TAPA 1000 CC 500 UND;ENVASES ALUMINIO CON TAPA 1 KG;DESCARTABLES
ENVASE DE ALUMINIO CON TAPA 500 CC 200 UND;ENVASE DE ALUMINIO CON TAPA 500 CC;DESCARTABLES
ENVASE DE ALUMINIO CON TAPA 500 CC 500 UND;ENVASES ALUMINIO CON TAPA 500 GR;DESCARTABLES
ENVASE DE ALUMINIO CON TAPA 750 CC 500 UND;ENVASE DE ALUMINIO CON TAPA 750 CC;DESCARTABLES
ENVASE DESCARTABLE CIRCULAR  CON TAPA 0.75 OZ  100 UND;ENVASE DESCARTABLE CIRCULAR C/TAPA 0.75 OZ 100 UND;DESCARTABLES
ENVASE DESCARTABLE CIRCULAR PP TRANS S/TAPA 0.5 LT;ENVASE DESCARTABLE CIRCULAR PP TRANS S/TAPA 0.5 LT;DESCARTABLES
ENVASE DESCARTABLE CIRCULAR PP TRANS S/TAPA 8 OZ;ENVASE DESCARTABLE CIRCULAR PP TRANS S/TAPA 8 OZ;DESCARTABLES
ENVASE DESCARTABLE CIRCULAR PP TRANSPARENTE SIN TAPA  0.5 LT ALFA X 200 UND;ENVASE DESCARTABLE CIRCULAR PP TRANS S/TAPA 0.5 LT;DESCARTABLES
ENVASE DESCARTABLE CIRCULAR PP TRANSPARENTE SIN TAPA 0.5 LT ALFA X 200 UND;ENVASE DESCARTABLE CIRCULAR PP TRANS S/TAPA 0.5 LT;DESCARTABLES
ENVASE DESCARTABLE CIRCULAR PP TRANSPARENTE SIN TAPA 1  LT ALFA X 200 UND;ENVASE DESCARTABLE CIRCULAR PP TRANS S/TAPA 1 LT;DESCARTABLES
ENVASE DESCARTABLE CIRCULAR PP TRANSPARENTE SIN TAPA 1 LT ALFA X 200 UND;ENVASE DESCARTABLE CIRCULAR PP TRANS S/TAPA 1 LT;DESCARTABLES
ENVASE DESCARTABLE CIRCULAR PP TRANSPARENTE SIN TAPA 8 OZ X 400 UND;ENVASE DESCARTABLE CIRCULAR PP TRANS S/TAPA 8 OZ;DESCARTABLES
ENVASE DESCARTABLE CIRCULAR PS BLANCO S/TAPA 0.5LT;ENVASE DESCARTABLE CIRCULAR PS BLANCO S/TAPA 0.5LT;DESCARTABLES
ENVASE DESCARTABLE CIRCULAR PS BLANCO S/TAPA 1LT;ENVASE DESCARTABLE CIRCULAR PS BLANCO S/TAPA 1LT;DESCARTABLES
ENVASE DESCARTABLE CIRCULAR PS BLANCO SIN TAPA 0.5 LT ALFA X 200 UND;ENVASE DESCARTABLE CIRCULAR PS BLANCO S/TAPA 0.5LT;DESCARTABLES
ENVASE DESCARTABLE CIRCULAR PS BLANCO SIN TAPA 1 LT ALFA X 200 UND;ENVASE DESCARTABLE CIRCULAR PS BLANCO S/TAPA 1LT;DESCARTABLES
ENVASE DESCARTABLE CON TAPA F5 16 OZ 250 UND  TRANSPARENTE / NEGRO;ENVASE DESCARTABLE F5 16 OZ;DESCARTABLES
ENVASE DESCARTABLE CON TAPA F5 32 OZ 200 UND TRANSPARENTE/NEGRO;ENVASE DESCARTABLE F5 32 OZ;DESCARTABLES
ENVASE DESCARTABLE CON TAPA REDONDO 1000 CC MILLAR;ENVASE DESCARTABLE REDONDO CON TAPA 1000 CC;DESCARTABLES
ENVASE DESCARTABLE CON TAPA REDONDO 500 CC (1/2 LITRO) MILLAR;ENVASE DESCARTABLE CON TAPA 500 CC;DESCARTABLES
ENVASE DESCARTABLE CON TAPA REDONDO 8 OZ 500 UND;ENVASE DESCARTABLE CON TAPA 8 OZ;DESCARTABLES
ENVASE DESCARTABLE RECTAN TRANSPA PP S/TAPA 0.5LT;ENVASE DESCARTABLE RECTAN TRANSPA PP S/TAPA 0.5LT;DESCARTABLES
ENVASE DESCARTABLE RECTAN TRANSPA PP S/TAPA 1LT;ENVASE DESCARTABLE RECTAN TRANSPA PP S/TAPA 1LT;DESCARTABLES
ENVASE DESCARTABLE RECTANGULAR TRANSPARENTE PP SIN TAPA 0.5 LT ALFA X 200 UND;ENVASE DESCARTABLE RECTAN TRANSPA PP S/TAPA 0.5LT;DESCARTABLES
ENVASE DESCARTABLE RECTANGULAR TRANSPARENTE PP SIN TAPA 1 LT ALFA X 200 UND;ENVASE DESCARTABLE RECTAN TRANSPA PP S/TAPA 1LT;DESCARTABLES
ENVASE DESCARTABLE S/TAPA REDONDO 500 CC;ENVASE DESCARTABLE S/TAPA REDONDO 500 CC;DESCARTABLES
ENVASE DESCARTABLE S/TAPA REDONDO 8 OZ;ENVASE DESCARTABLE S/TAPA REDONDO 8 OZ;DESCARTABLES
ENVASE DESCARTABLE SIN TAPA F5 16 OZ 250 UND TRANSPARENTE/ NEGRO;ENVASE DESCARTABLE S/TAPA F5 16 OZ TRANSPARENTE/NE;DESCARTABLES
ENVASE DESCARTABLE SIN TAPA F5 32 OZ 200 UND TRANSPARENTE/NEGRO;ENVASE DESCARTABLE S/TAPA F5 32 OZ TRANSPARENTE/NE;DESCARTABLES
ENVASE DESCARTABLE SIN TAPA REDONDO 1000 CC  200 UND;ENVASE DESCARTABLE SIN TAPA REDONDO 1000 CC;DESCARTABLES
ENVASE DESCARTABLE SIN TAPA REDONDO 500 CC 200UND;ENVASE DESCARTABLE S/TAPA REDONDO 500 CC;DESCARTABLES
ENVASE DESCARTABLE SIN TAPA REDONDO 8 OZ 500 UND;ENVASE DESCARTABLE S/TAPA REDONDO 8 OZ;DESCARTABLES
ENVASE DESCARTABLE TRIANGULAR PARA SANDWICH 200 UND;ENVASE DESCARTABLE TRIANGULAR PARA SANDWICH;DESCARTABLES
ENVASE DUPLO 16 OZ PS NEGRO ALTO X 700 UND;ENVASE DUPLO 16 OZ PS NEGRO ALTO;DESCARTABLES
ENVASE DUPLO 24 OZ PS NEGRO ALTO X 500 UND;ENVASE DUPLO 24 OZ PS NEGRO ALTO;DESCARTABLES
ENVASE DUPLO 48 OZ PS NEGRO ALTO X 400 UND;ENVASE DUPLO 48 OZ PS NEGRO ALTO;DESCARTABLES
ENVASE PARA ENSALADA DE FRUTA CON TAPA MILLAR 16 OZ;ENVASE PARA ENSALADA DE FRUTA CON TAPA 16 OZ;DESCARTABLES
ENVASE PARA ENSALADA DE FRUTA CON TAPA MILLAR 8 OZ;ENVASE PARA ENSALADA DE FRUTA CON TAPA 8 OZ;DESCARTABLES
ENVASE SALAD BOWL DE BAMBU 1000 ML SIN TAPA X 600 UND;ENVASE SALAD BOWL DE BAMBU 1000 ML SIN TAPA;DESCARTABLES
ENVASE SALAD BOWL DE BAMBU 1300 ML SIN TAPA X 300 UND;ENVASE SALAD BOWL DE BAMBU 1300 ML SIN TAPA;DESCARTABLES
ENVASE SALSERO PP 2 OZ NEGRO X 2500 UND;ENVASE SALSERO PP 2 OZ NEGRO;DESCARTABLES
ENVASE SALSERO PP 2 OZ TRANSPARENTE X 2500 UND;ENVASE SALSERO PP 2 OZ TRANSPARENTE;DESCARTABLES
ENVASE SOPERO DE BAMBU 16 OZ SIN TAPA X 500 UND;ENVASE SOPERO DE BAMBU 16 OZ SIN TAPA;DESCARTABLES
ENVASE SOPERO DE BAMBU 32 OZ SIN TAPA X 500 UND;ENVASE SOPERO DE BAMBU 32 OZ SIN TAPA;DESCARTABLES
ENVASE SOPERO DE TECNOPOR 12 OZ 100 UND;ENVASE SOPERO DE TECNOPOR 12 OZ;DESCARTABLES
ESCENCIA DE LUCUMA ELEZAN 90 ML;ESCENCIA DE LUCUMA;ABARROTES
ESCENCIA DE NARANJA;ESCENCIA DE NARANJA;ABARROTES
ESCENCIA DE NARANJA SOLUBLE FRATELLO 250 ML PET;ESCENCIA DE NARANJA;ABARROTES
ESCENCIA DE PANETON;ESCENCIA DE PANETON;ABARROTES
ESCENCIA DE PANETON LEVAPAN 500 CC;ESCENCIA DE PANETON;ABARROTES
ESCENCIA DE PLATANO ELEZAN 90 ML;ESCENCIA DE PLATANO;ABARROTES
ESCENCIA DE VAINILLA;ESCENCIA DE VAINILLA;ABARROTES
ESCENCIA DE VAINILLA NEGRITA 1 LT PET;ESCENCIA DE VAINILLA;ABARROTES
ESCENCIA DE VAINILLA UMSHA 1 LT PET;ESCENCIA DE VAINILLA;ABARROTES
ESCOBA DE MADERA PAJA BAJA POLICIA;ESCOBAS BAJA POLICIA;ABARROTES
ESCOBA DE PLASTICO SUPER DALIA VIRUTEX;ESCOBA DE PLASTICO SUPER DALIA VIRUTEX;LIMPIEZA
ESCOBILLA DE MADERA PARA ZAPATOS;ESCOBILLA DE ZAPATOS UNIDAD;LIMPIEZA
ESCOBILLA DE PLASTICO PARA LAVAR ROPA;ESCOBILLA DE PLASTICO PARA ROPA;LIMPIEZA
ESCOBILLA DE PLASTICO PARA LIMPIAR UÑAS;ESCOBILLAS UÑAS UNIDAD;LIMPIEZA
ESCOBILLA PLASTICO PARA LAVAR ROPA CON ASA PROLIMSO;ESCOBILLA LAVAR ROPA PLASTICO C/ASA/PROLIMSO;LIMPIEZA
ESENCIA DE PANETON FRATELLO 500 CC;ESCENCIA DE PANETON;ABARROTES
ESPARRAGOS VERDE FLORIDA 360 GR;ESPARRAGOS VERDE LATA;ABARROTES
ESPARRAGOS VERDES VALLE FERTIL 360 GR;ESPARRAGOS VERDE LATA;ABARROTES
ESPINACA CONGELADA;ESPINACA CONGELADO;CONGELADOS
ESPINACA CONGELADO;ESPINACA CONGELADO;CONGELADOS
ESPINACA FRESCA;ESPINACA;FFVV
ESPINACA FRESCA (L);ESPINACA;FFVV
ESPINACA REFRIGERADO;ESPINACA;FFVV
ESPINAZO DE POLLO CONGELAD0;POLLO ESPINAZO CONGELADO;CONGELADOS
ESPONJA NARANJA 746 P/GRIDDLE CLEANER S/B  / 70071593647 3M;ESPONJA NARANJA 746 P/GRIDDLE CLEANER S/B / 70071593647 3M;LIMPIEZA
ESPONJA NARANJA 746 P/GRIDDLE CLEANER S/B / 70071593647 3M;ESPONJA NARANJA 746 P/GRIDDLE CLEANER S/B / 70071593647 3M;LIMPIEZA
ESPONJA SCOTH BRITE N.746 TRABAJO PESADO PLANCHA CALIENTE PQT X 15 UND;ESPONJA SCOTH BRITE N.746 TRAB PESADO PLANCHA CALI;LIMPIEZA
ESPONJA TRABAJO PESADO N.88 SCOTCH BRITE;ESPONJA TRABAJO PESADO N.88 SCOTCH BRITE;LIMPIEZA
ESPONJA TRABAJO PESADO N° 88 SCOTCH BRITE;ESPONJA TRABAJO PESADO N.88 SCOTCH BRITE;LIMPIEZA
ESPONJA VERDE SCOTCH BRITE;ESPONJA VERDE UNIDAD;LIMPIEZA
ESPONJA VERDE SCOTCH BRITE 180 UND;ESPONJA VERDE SCOTCH BRITE 180 UND;LIMPIEZA
ESPONJA VERDE SCOTCH BRITE ORIGINAL PRECORTADO 1 X 2 UND;ESPONJA VERDE SCOTCH BRITE ORIGINAL PCORTADO 1 X2;LIMPIEZA
ESPUMA CLORADA FP SPARTAN 19 LITROS;ESPUMA CLORADA FP SPARTAN - LIMPIADOR DESINFEC CLO;ABARROTES
ESPUMA CLORADA FP SPARTAN 3.875 LITROS;ESPUMA CLORADA FP SPARTAN - LIMPIADOR DESINFEC CLO;ABARROTES
ESTRAGON;ESTRAGON;ABARROTES
ESTRAGON BADIA 3.5 OZ;ESTRAGON;ABARROTES
ESTRAGON SECO 4 ESTACIONES 250 GR;ESTRAGON;ABARROTES
ESTRAGON SECO TOÑA 250 GR;ESTRAGON;ABARROTES
ETIQUETAS C&C  (ALMUERZO) 8 X 6 CM  ADHESIVO DE SEGURIDAD;ETIQUETAS CC (ALMUERZO) 8X6 CM ADHESIVO SEGURIDAD;ABARROTES
ETIQUETAS C&C  (CENA) 8 X 6 CM  ADHESIVO DE SEGURIDAD;ETIQUETAS CC (CENA) 8X6 CM ADHESIVO SEGURIDAD;ABARROTES
EUCALIPTO (HOJAS) 4 ESTACIONES 250 GRM;EUCALIPTO SECO;ABARROTES
EUCALIPTO SECO;EUCALIPTO SECO;ABARROTES
EVAPORADA LAIVE FAMILIA VITAMINIZADA EN CAJA 500 ML;LECHE EVAPORADA TETRA;ABARROTES
FABRIC SOFTENER SPARTAN 19 LITROS;FABRIC SOFTENER SPARTAN - SUAVIZANTE;LIMPIEZA
FABRIC SOFTENER SPARTAN 3.875 LITROS;FABRIC SOFTENER SPARTAN - SUAVIZANTE;LIMPIEZA
FABRIC SOFTENER SPARTAN 5 LITROS;FABRIC SOFTENER SPARTAN - SUAVIZANTE;LIMPIEZA
FIBRA EXTRA DURA 250X120X25 NEGRO;FIBRA EXTRA DURA 250X120X25 NEGRO;LIMPIEZA
FIBRA EXTRA DURA 250X120X25 NEGRO CORTADA EN 2 UND;FIBRA EXTRA DURA 250X120X25 NEGRO;LIMPIEZA
FIDEO ARITO DON VITTORIO 250 GR;FIDEO ARITO;ABARROTES
FIDEO CABELLO DE ANGEL;FIDEO CABELLO DE ANGEL;ABARROTES
FIDEO CABELLO DE ANGEL BENOTI 250 GR;FIDEO CABELLO DE ANGEL;ABARROTES
FIDEO CABELLO DE ANGEL LAVAGGI 250 GR;FIDEO CABELLO DE ANGEL;ABARROTES
FIDEO CABELLO DE ANGEL MOLITALIA 250 GR;FIDEO CABELLO DE ANGEL;ABARROTES
FIDEO CABELLO DE ANGEL SAN JORGE 250 GR;FIDEO CABELLO DE ANGEL;ABARROTES
FIDEO CANUTIN BENOTI 250 GR;FIDEO CANUTO;ABARROTES
FIDEO CANUTO;FIDEO CANUTO;ABARROTES
FIDEO CANUTO (PLUMA)  MOLITALIA 250 GR;FIDEO CANUTO;ABARROTES
FIDEO CANUTO (PLUMA) MOLITALIA 250 GR;FIDEO CANUTO;ABARROTES
FIDEO CANUTO BENOTI 250 GR;FIDEO CANUTO;ABARROTES
FIDEO CANUTO CHICO DON VITTORIO 250/235 GR;FIDEO CANUTO;ABARROTES
FIDEO CANUTO CHICO NICOLINI 250 GR;FIDEO CANUTO;ABARROTES
FIDEO CANUTO GRANDE DEL CIELO 250 GR;FIDEO CANUTO;ABARROTES
FIDEO CANUTO MOLITALIA 235 GR;FIDEO CANUTO;ABARROTES
FIDEO CANUTO MOLITALIA 250 GR;FIDEO CANUTO;ABARROTES
FIDEO CANUTO RAYADO DON VITTORIO 250 GR;FIDEO CANUTO;ABARROTES
FIDEO CANUTO SAN JORGE 250 GR;FIDEO CANUTO;ABARROTES
FIDEO CARACOL;FIDEO CARACOL;ABARROTES
FIDEO CARACOL CHICO BENOTI 250 GR;FIDEO CARACOL;ABARROTES
FIDEO CARACOL CHICO DON VITTORIO 250 GR;FIDEO CARACOL;ABARROTES
FIDEO CARACOL CHICO MOLITALIA 235 GR;FIDEO CARACOL;ABARROTES
FIDEO CARACOL CHICO MOLITALIA 250 GR;FIDEO CARACOL;ABARROTES
FIDEO CARACOL DEL CIELO 250 GR;FIDEO CARACOL;ABARROTES
FIDEO CARACOL LAVAGGI 250 GR;FIDEO CARACOL;ABARROTES
FIDEO CARACOL RAYADO BENOTI 250 GR;FIDEO CARACOL;ABARROTES
FIDEO CHINO;FIDEO CHINO;ABARROTES
FIDEO CODITO CHICO DON VITTORIO 250 GR;FIDEO CODITO;ABARROTES
FIDEO CODO MEDIANO MOLITALIA 250 GR;FIDEO CODITO;ABARROTES
FIDEO CODO MEDIANO RAYADO MOLITALIA 235 GR;FIDEO CODO RAYADO;ABARROTES
FIDEO CODO MEDIANO RAYADO MOLITALIA 250 GR;FIDEO CODO RAYADO;ABARROTES
FIDEO CODO MEDIANO RAYADO MOLITALIA 250/235 GR;FIDEO CODO RAYADO;ABARROTES
FIDEO CODO MEDIANO RAYADO MOLITALIA 250GR;FIDEO CODO RAYADO;ABARROTES
FIDEO CODO RAYADO;FIDEO CODO RAYADO;ABARROTES
FIDEO CODO RAYADO BENOTI 250 GR;FIDEO CODO RAYADO;ABARROTES
FIDEO CODO RAYADO DEL CIELO 250 GR;FIDEO CODO RAYADO;ABARROTES
FIDEO CODO RAYADO DON VITTORIO 250/225 GR;FIDEO CODO RAYADO;ABARROTES
FIDEO CODO RAYADO MOLITALIA 250 GR;FIDEO CODO RAYADO;ABARROTES
FIDEO CODO RAYADO NICOLLINI 250 GR;FIDEO CODO RAYADO;ABARROTES
FIDEO CORBATA CHICO DON VITTORIO 250 GR;FIDEO CORBATA;ABARROTES
FIDEO CORBATA GRANDE NICOLINI 250 GR ( 15320 );FIDEO CORBATA;ABARROTES
FIDEO CORBATA MOLITALIA 250 GR;FIDEO CORBATA;ABARROTES
FIDEO FETUCCINI C/HUEVO NICOLINI 500 GR;FIDEO FETUCCINI AL HUEVO;ABARROTES
FIDEO MACARRON;FIDEO MACARRON;ABARROTES
FIDEO MACARRON MOLITALIA 235 GR;FIDEO MACARRON;ABARROTES
FIDEO MACARRON MOLITALIA 250 GR;FIDEO MACARRON;ABARROTES
FIDEO PASTINA MOLITALIA 235 GR;FIDEO PASTINA;ABARROTES
FIDEO RIGATONI BENOTI 250 GR;FIDEO RIGATONI;ABARROTES
FIDEO RIGATONI MOLITALIA 250 GR;FIDEO RIGATONI;ABARROTES
FIDEO SPAGUETTI;FIDEO SPAGUETTI;ABARROTES
FIDEO SPAGUETTI BENOTI 10 KG;FIDEO SPAGUETTI;ABARROTES
FIDEO SPAGUETTI BENOTI 500 GR;FIDEO SPAGUETTI;ABARROTES
FIDEO SPAGUETTI DEL CIELO 500 GR;FIDEO SPAGUETTI;ABARROTES
FIDEO SPAGUETTI DON VITTORIO 10 KG;FIDEO SPAGUETTI;ABARROTES
FIDEO SPAGUETTI DON VITTORIO 500 GR;FIDEO SPAGUETTI;ABARROTES
FIDEO SPAGUETTI LAVAGGI 10 KG (E);FIDEO SPAGUETTI;ABARROTES
FIDEO SPAGUETTI MOLITALIA 450 GR;FIDEO SPAGUETTI;ABARROTES
FIDEO SPAGUETTI MOLITALIA 500 GR;FIDEO SPAGUETTI;ABARROTES
FIDEO SPAGUETTI MOLITALIA 500GR;FIDEO SPAGUETTI;ABARROTES
FIDEO SPAGUETTI MOLITALIA 950 GR;FIDEO SPAGUETTI;ABARROTES
FIDEO SPAGUETTI NICOLINI 500/450 GR;FIDEO SPAGUETTI;ABARROTES
FIDEO SPAGUETTI SAN JORGE 10 KG;FIDEO SPAGUETTI;ABARROTES
FIDEO SPAGUETTI SAN JORGE 500 GR;FIDEO SPAGUETTI;ABARROTES
FIDEO TORNILLO;FIDEO TORNILLO;ABARROTES
FIDEO TORNILLO BENOTI 250 GR;FIDEO TORNILLO;ABARROTES
FIDEO TORNILLO DEL CIELO 250 GR;FIDEO TORNILLO;ABARROTES
FIDEO TORNILLO DON VITTORIO 250/225 GR;FIDEO TORNILLO;ABARROTES
FIDEO TORNILLO DON VITTORIO 400 GR;FIDEO TORNILLO;ABARROTES
FIDEO TORNILLO MOLITALIA 235 GR;FIDEO TORNILLO;ABARROTES
FIDEO TORNILLO MOLITALIA 250 GR;FIDEO TORNILLO;ABARROTES
FIDEO TORNILLO MOLITALIA 250/235 GR;FIDEO TORNILLO;ABARROTES
FIDEO TORNILLO MOLITALIA 250GR;FIDEO TORNILLO;ABARROTES
FIDEO TORNILLO NICOLINI 250 GR;FIDEO TORNILLO;ABARROTES
FIDEO TORNILLO SAN JORGE 250 GR;FIDEO TORNILLO;ABARROTES
FIDEO TORNILLO SAN JORGE 5 KG;FIDEO TORNILLO;ABARROTES
FIESTRA EMPANADA DE CARNE 90 GR;EMPANADA DE CARNE 90 GR;CONGELADOS
FIESTRA EMPANADA MIXTA 90 GR;EMPANADA MIXTA 90 GR;CONGELADOS
FILETE DE ATUN GLORIA 170 GR;ATUN EN ACEITE LATA;ABARROTES
FILETE DE ATUN MARINERO 170 GR;ATUN EN ACEITE LATA;ABARROTES
FILETE DE LISA SIN PIEL CONGELADA;PEZ LIZA FILETE SIN PIEL CONGELADO;CONGELADOS
FILETE DE PIERNA DE POLLO C/ PIEL CONGELADO 130-230 GR;POLLO PIERNA FILETE CON PIEL CONGELADO;CONGELADOS
FILETE DE PIERNA DE POLLO C/PIEL CONGELADO 100-110 GRS;POLLO PIERNA FILETE CON PIEL CONGELADO;CONGELADOS
FILETE DE PIERNA DE POLLO S/H S/P CONGELADO (IMPORTACION);POLLO PIERNA FILETE CON PIEL CONGELADO;CONGELADOS
FILM PLASTICO 18 x 1400;FILM PLASTICO 18 x 1400;DESCARTABLES
FINGER DE YUCA CON QUESO 20 GR CONGELADO;FINGER DE YUCA CON QUESO 20 G CONGELADO;CONGELADOS
FLAN DE CHOCOLATE CEYLAN 5 KG;FLAN DE CHOCOLATE INSTANTANEO;ABARROTES
FLAN DE CHOCOLATE INSTANTANEO;FLAN DE CHOCOLATE INSTANTANEO;ABARROTES
FLAN DE VAINILLA CEYLAN 5 KG;FLAN DE VAINILLA INSTANTANEO;ABARROTES
FLAN DE VAINILLA INSTANTANEO;FLAN DE VAINILLA INSTANTANEO;ABARROTES
FLAN DE VAINILLA LEAL 5 KG;FLAN DE VAINILLA INSTANTANEO;ABARROTES
FLAN DE VAINILLA MELOSITA 5 KG;FLAN DE VAINILLA INSTANTANEO;ABARROTES
FLAN DE VAINILLA UNIVERSAL 150 GR;FLAN DE VAINILLA INSTANTANEO;ABARROTES
FOAMING ACID CLEANER FP SPARTAN - DETERGENTE ACIDO;FOAMING ACID CLEANER FP SPARTAN - DETERGENTE ACIDO;LIMPIEZA
FOAMING ACID CLEANER FP SPARTAN 19 LITROS;FOAMING ACID CLEANER FP SPARTAN - DETERGENTE ACIDO;LIMPIEZA
FOAMING ACID CLEANER FP SPARTAN 3.875 LITROS;FOAMING ACID CLEANER FP SPARTAN - DETERGENTE ACIDO;LIMPIEZA
FOAMING ACID CLEANER FP SPARTAN 5 LITROS;FOAMING ACID CLEANER FP SPARTAN - DETERGENTE ACIDO;LIMPIEZA
FONDO LIQUIDO DE PESCADO CHEFF NESTLE 1 LT;CALDO DE PESCADO;ABARROTES
FONDO LIQUIDO DE VEGETALES CHEFF NESTLE 1 LT;CALDO DE VEGETALES;ABARROTES
FOSFORO DE MADERA INTI;FOSFORO DE MADERA;KIOSKO
FRANELA BALLERINA VIRUTEX;FRANELA BALLERINA VIRUTEX;LIMPIEZA
FRANELA RIBETEADA ROJA 50 X 60 CM;FRANELA 50 X 60;LIMPIEZA
FRANELA ROJA X METRO;FRANELA ROJA X METRO;LIMPIEZA
FRESA PULPA CONGELADO;FRESA PULPA CONGELADO;CONGELADOS
FRIJOL CABALLERO BELEN 5 KG;FRIJOL CABALLERO;ABARROTES
FRIJOL CABALLERO LA SIEMBRA 5 KG;FRIJOL CABALLERO;ABARROTES
FRIJOL CANARIO BELEN 5 KG;FRIJOL CANARIO;ABARROTES
FRIJOL CANARIO CANTA CLARO 5 KG;FRIJOL CANARIO;ABARROTES
FRIJOL CANARIO CANTA CLARO 500 GR;FRIJOL CANARIO;ABARROTES
FRIJOL CANARIO KOMILON 5 KG;FRIJOL CANARIO;ABARROTES
FRIJOL CANARIO KOMILON 500 GR;FRIJOL CANARIO;ABARROTES
FRIJOL CANARIO LA SERRANITA 5 KG;FRIJOL CANARIO;ABARROTES
FRIJOL CANARIO LA SIEMBRA 5 KG;FRIJOL CANARIO;ABARROTES
FRIJOL CHINO;FRIJOL CHINO;FFVV
FRIJOL CHINO REFRIGERADO;FRIJOL CHINO;FFVV
FRIJOL CON TOCINO SELECTA 420 GR;FRIJOLES CON TOCINO LATA;ABARROTES
FRIJOL CON TOCINO SELECTA 560 GR;FRIJOLES CON TOCINO LATA;ABARROTES
FRIJOL PANAMITO BELEN 5 KG;FRIJOL PANAMITO;ABARROTES
FRIJOL PANAMITO CANTA CLARO 5 KG;FRIJOL PANAMITO;ABARROTES
FRIJOL PANAMITO KOMILON 5 KG;FRIJOL PANAMITO;ABARROTES
FRIJOL PANAMITO LA SIEMBRA 5 KG;FRIJOL PANAMITO;ABARROTES
FRUTA CONFITADA 4 ESTACIONES 1 KG;FRUTA CONFITADA;REFRIGERADOS
FUDGE DE CHOCOLATE BAZO VELARDE 550 GR;FUDGE DE CHOCOLATE LT;ABARROTES
FUDGE DE CHOCOLATE LT;FUDGE DE CHOCOLATE LT;ABARROTES
GALLETA CHOCOCHIPS CHIPS AHOY 37 GR;GALLETA CHOCOCHIPS CHIPS AHOY 37 GR;ABARROTES
GALLETA CHOCOCHIPS CHIPS AHOY 45 GR;GALLETA CHOCOCHIPS CHIPS AHOY 45 GR;ABARROTES
GALLETA CHOCOSODA NABISCO 36 GR;G CHOCOSODA;ABARROTES
GALLETA CHOCOSODA NABISCO 39 GR;G CHOCOSODA;ABARROTES
GALLETA CLASICA OREO 36 GR;GALLETA CLASICA OREO 36 GR;ABARROTES
GALLETA COSTA COCO 32 GR;GALLETA COSTA COCO 32 GR;ABARROTES
GALLETA CRACKELET SNACK JAMON 47 GR;GALLETA CRACKELET SNACK JAMON 47 GR;ABARROTES
GALLETA CRACKELET SNACK ORIGINAL 47 GR;GALLETA CRACKELET SNACK ORIGINAL 47 GR;ABARROTES
GALLETA CRACKELET SNACK QUESO 47 GR;GALLETA CRACKELET SNACK QUESO 47 GR;ABARROTES
GALLETA CREAM CRAKER NABISCO 73.5 GR;GALLETA SALADA CREAM CRAKER NABISCO 73.5 GR;ABARROTES
GALLETA DE AGUA COSTA LIGHT (LINE) 42 GR;GALLETA DE AGUA COSTA LIGHT (LINE) 42 GR;ABARROTES
GALLETA DE AGUA COSTA LIGHT (LINE) 44 GR;GALLETA DE AGUA COSTA LIGHT 44 GR;ABARROTES
GALLETA DE ANIMALITOS TARZAN SAYON 55 GR;GALLETA DE ANIMALITOS TARZAN SAYON 40 GR;ABARROTES
GALLETA DE ANIMALITOS TREN SAN JORGE 150 GR;G SAN JORGE ANIMALITOS TREN 150 GR;ABARROTES
GALLETA DE ANIMALITOS TREN SAN JORGE 60 GR;GALLETA DE ANIMALITOS TREN SAN JORGE 60 GR;ABARROTES
GALLETA DE SODA FIELD RECETA ORIGINAL NABISCO 34 GR;GALLETA SALADA SODA FIELD RECETA ORIGINAL 32 GR;ABARROTES
GALLETA DULCE CHIN CHIN CHOCOFORMAS 21 GRM;GALLETA DULCE CHIN CHIN CHOCOFORMAS 21 G;ABARROTES
GALLETA DULCE CHOCODONUTS COSTA 36 GR;GALLETA DULCE CHOCODONUTS COSTA 36 G;ABARROTES
GALLETA DULCE CHOCOLATE BAÑADAS PICARAS 38 GR;GALLETA DULCE CHOCOLATE BAÑADAS PICARAS 38 GR;ABARROTES
GALLETA DULCE CHOCOLATE CHOMP 42/38 GR;G CHOMP CHOCOLATE;ABARROTES
GALLETA DULCE CHOCOLATE GLACITAS 32 GR ( 23434);GALLETA DULCE CHOCOLATE GLACITAS 32 GR;ABARROTES
GALLETA DULCE CHOCOLATE MOROCHA 30 GR;GALLETA DULCE CHOCOLATE MOROCHA 30 GR;ABARROTES
GALLETA DULCE CHOCOLATE TENTACION 45/43 GR;G TENTACION CHOCOLATE;ABARROTES
GALLETA DULCE CHOCONIEVE GLACITAS 32 GR (23444);GALLETA DULCE CHOCONIEVE GLACITAS 32 GR;ABARROTES
GALLETA DULCE COCO MARQUESITAS;G MARQUESITAS COCO;ABARROTES
GALLETA DULCE COCO TENTACION 45/43 GR;G TENTACION COCO;ABARROTES
GALLETA DULCE FRESA GLACITAS 32 GR;GALLETA DULCE FRESA GLACITAS 32 GR;ABARROTES
GALLETA DULCE MORA GLACITAS 32 GR;GALLETA DULCE MORA GLACITA 36 GR.;ABARROTES
GALLETA DULCE NARANJA CHOMP 38 GR;G CHOMP NARANJA;ABARROTES
GALLETA DULCE NARANJA MARQUESITAS;G MARQUESITAS NARANJA;ABARROTES
GALLETA DULCE NARANJA TENTACION 45/43 GR;G TENTACION NARANJA;ABARROTES
GALLETA DULCE TOFFE GLACITAS 32 GR;G GLACITAS TOFEE;ABARROTES
GALLETA DULCE VAINILLA DIA 250 GR;GALLETA VAINILLA KG;ABARROTES
GALLETA DULCE VAINILLA MARGARITA;GALLETA DULCE VAINILLA MARGARITA;ABARROTES
GALLETA DULCE VAINILLA NABISCO (FIELD) 37 GR;GALLETA DULCE VAINILLA NABISCO 37 GR;ABARROTES
GALLETA DULCE VAINILLA NABISCO 37 GR;GALLETA DULCE VAINILLA NABISCO 37 GR;ABARROTES
GALLETA DULCE VAINILLA TENTACION 45 GR;GALLETA DULCE VAINILLA NABISCO 37 GR;ABARROTES
GALLETA DULCE VAINILLA TENTACION 45/43 GR;GALLETA DULCE VAINILLA NABISCO 37 GR;ABARROTES
GALLETA GRAN CEREAL CLASICA COSTA 36 GR;GALLETA GRAN CEREAL CLASICA COSTA 36 GR;ABARROTES
GALLETA GRAN CEREAL FIBRA CACAO COSTA 36 GR;GALLETA GRAN CEREAL FIBRA CACAO COSTA 36 GR;ABARROTES
GALLETA GRAN CEREAL FIBRA CACAO COSTA 40 GR;GALLETA GRAN CEREAL FIBRA CACAO COSTA 40 GR;ABARROTES
GALLETA INTEGRAKERS SALVADO DE TRIGO;GALLETA INTEGRAKERS SALVADO DE TRIGO;ABARROTES
GALLETA INTEGRAL CLUB SOCIAL NABISCO 26 GR;G CLUB SOCIAL INTEGRAL;ABARROTES
GALLETA INTEGRALES INTEGRAKERS SALVADO DE TRIGO 30 GR;GALLETA INTEGRAKERS SALVADO DE TRIGO;ABARROTES
GALLETA RELLENA ALFAJOR CASINO  51 GR;G CASINO ALFAJOR;ABARROTES
GALLETA RELLENA CANCUN 44 GR;GALLETA RELLENA CANCUN 44 GR;ABARROTES
GALLETA RELLENA CHOCOLATE CASINO 51/43 GR;GALLETA CASINO CHOCOLATE;ABARROTES
GALLETA RELLENA CHOCOLATE CHARADA NABISCO 37.8 GR;GALLETA RELLENA CHOCOLATE CHARADA NABISCO 37.8 GR;ABARROTES
GALLETA RELLENA CHOCOLATE CHARADA NABISCO 37.8 GR (E);GALLETA RELLENA CHOCOLATE CHARADA NABISCO 37.8 GR;ABARROTES
GALLETA RELLENA CHOCOLATE CORONITA NABISCO 30 GR;G CORONITA CHOCOLATE 30 GR;ABARROTES
GALLETA RELLENA CHOCOLATE FRAC  41 GR;GALLETA RELLENA CHOCOLATE FRAC 41 GR;ABARROTES
GALLETA RELLENA CHOCOLATE FRAC  45.5 GR;GALLETA RELLENA CHOCOLATE FRAC 45.5 GR;ABARROTES
GALLETA RELLENA CHOCOLATE GRETEL 34 GR;GALLETA RELLENA CHOCOLATE GRETEL 34 GR;ABARROTES
GALLETA RELLENA CHOCOLATE OREO 36 GR;G OREO;ABARROTES
GALLETA RELLENA CLASICA FRAC 45.5/41 GR;GALLETA RELLENA CLASICA FRAC 44 GR;ABARROTES
GALLETA RELLENA COCO CASINO 51/43 GR;G CASINO COCO;ABARROTES
GALLETA RELLENA FRESA CASINO 51/43 GR;G CASINO FRESA;ABARROTES
GALLETA RELLENA LUCUMA CASINO 51/43 GR;G CASINO LUCUMA;ABARROTES
GALLETA RELLENA MANJAR GRETEL 32 GR;GALLETA RELLENA MANJAR GRETEL 32 GR;ABARROTES
GALLETA RELLENA MANJAR GRETEL 34/32 GR;GALLETA RELLENA MANJAR GRETEL 34 GR;ABARROTES
GALLETA RELLENA MENTA CASINO 43 GR;GALLETA RELLENA MENTA CASINO 43 GR;ABARROTES
GALLETA RELLENA MENTA CASINO 51 GR;G CASINO MENTA;ABARROTES
GALLETA RELLENA MENTA FRAC 41  GR;GALLETA RELLENA MENTA FRAC 41 GR;ABARROTES
GALLETA RELLENA VAINILLA CASINO 51/43 GR;G CASINO VAINILLA;ABARROTES
GALLETA RELLENA VAINILLA FRAC 41 GR;GALLETA RELLENA VAINILLA FRAC 41 GR;ABARROTES
GALLETA RELLENA VAINILLA FRAC 45.5  GR;GALLETA RELLENA VAINILLA FRAC 44 GR;ABARROTES
GALLETA SALADA CLUB SOCIAL NABISCO 26 GR;G CLUB SOCIAL;ABARROTES
GALLETA SALADA CREAM CRACKER 316 GR;GALLETA SALADA CREAM CRACKER 316 GR;ABARROTES
GALLETA SALADA CREAM CRACKER NABISCO 258 GR;GALLETA SALADA CREAM CRACKER NABISCO 258 GR;ABARROTES
GALLETA SALADA CREAM CRAKER 73.5 GR (EMER);GALLETA SALADA CREAM CRAKER NABISCO 73.5 GR;ABARROTES
GALLETA SALADA CREAM CRAKER NABISCO 295 GRM;GALLETA SALADA CREAM CRAKER NABISCO 295 G;ABARROTES
GALLETA SALADA CREAM CRAKER NABISCO 73.5 GR;GALLETA SALADA CREAM CRAKER NABISCO 73.5 GR;ABARROTES
GALLETA SALADA CREAM CRAKER NABISCO 73.5 GR (E);GALLETA SALADA CREAM CRAKER NABISCO 73.5 GR;ABARROTES
GALLETA SALADA CREAM CRAKER NABISCO 75 GR;GALLETA SALADA CREAM CRAKER NABISCO 73.5 GR;ABARROTES
GALLETA SALADA DE SODA DIA 250 GR;GALLETA SALADA DE SODA DIA;ABARROTES
GALLETA SALADA DE SODA FIELD RECETA ORIGINAL NABISCO 32 GR;GALLETA SALADA SODA FIELD RECETA ORIGINAL 32 GR;ABARROTES
GALLETA SALADA DE SODA FIELD RECETA ORIGINAL NABISCO 32 GR (E);GALLETA SALADA SODA FIELD RECETA ORIGINAL 32 GR;ABARROTES
GALLETA SALADA DE SODA FIELD RECETA ORIGINAL NABISCO 32 GR (EMER);GALLETA SALADA SODA FIELD RECETA ORIGINAL 32 GR;ABARROTES
GALLETA SALADA DE SODA FIELD RECETA ORIGINAL NABISCO 34 GR;GALLETA SALADA SODA FIELD RECETA ORIGINAL 32 GR;ABARROTES
GALLETA SALADA DE SODA SAYON 250 GR;GALLETA SALADA DE SODA SAYON;ABARROTES
GALLETA SALADA FORTUNA 28 GR;GALLETA SALADA FORTUNA 30 GR;ABARROTES
GALLETA SALADA RITZ 22.4 GR;GALLETA SALADA RITZ 22.4 GR;ABARROTES
GALLETA SALADA SODA FIELD RECETA ORIGINAL 32 GR;GALLETA SALADA SODA FIELD RECETA ORIGINAL 32 GR;ABARROTES
GALLETA SALADA SODA LINE COSTA 40 GR;GALLETA SALADA SODA LINE COSTA 40 GR;ABARROTES
GALLETA SALADA SODA LINE COSTA 42 GR;GALLETA SALADA SODA LINE COSTA 40 GR;ABARROTES
GALLETA SALADA SODA SAN JORGE 40 G;GALLETA SALADA SODA SAN JORGE 40 G;ABARROTES
GALLETA SALADA SODA SAN JORGE 40 GR;GALLETA SALADA SODA SAN JORGE 40 G;ABARROTES
GALLETA SODA GOURMET SAN JORGE 250 GR;GALLETA DE SODA KG;ABARROTES
GALLINA ENTERA CON MENUDENCIA CONGELADO;GALLINA ENTERA SIN MENUDENCIA CONGELADO;CONGELADOS
GALLINA ENTERA CON MENUDENCIA CONGELADO IMPORT;GALLINA ENTERA SIN MENUDENCIA CONGELADO;CONGELADOS
GALLINA ENTERA SIN MENUDENCIA CONGELADO;GALLINA ENTERA SIN MENUDENCIA CONGELADO;CONGELADOS
GALLINA ENTERA SIN MENUDENCIA CONGELADO - GRANEL;GALLINA ENTERA SIN MENUDENCIA CONGELADO;CONGELADOS
GALLINA ENTERA SIN MENUDENCIA CONGELADO - IMPORTADO;GALLINA ENTERA SIN MENUDENCIA CONGELADO;CONGELADOS
GARBANZO BELEN 5 KG;GARBANZO;ABARROTES
GARBANZO CANTA CLARO 5 KG;GARBANZO;ABARROTES
GARBANZO KOMILON 5 KG;GARBANZO;ABARROTES
GARBANZO LA SIEMBRA 5 KG;GARBANZO;ABARROTES
GASEOSA 500 ML;INCA KOLA 0.5 LT;BEBIDAS
GASEOSA COCA COLA 2.25 LT;COCA COLA LT;BEBIDAS
GASEOSA COCA COLA 2.5 LT;COCA COLA 2.5 LT;BEBIDAS
GASEOSA COCA COLA 3 LT;COCA COLA LT;BEBIDAS
GASEOSA COCA COLA 300 ML (SAMPLING);GASEOSA PERSONAL;BEBIDAS
GASEOSA COCA COLA 450 ML;GASEOSA PERSONAL;BEBIDAS
GASEOSA COCA COLA 500 ML;COCA COLA 0.5 LT;BEBIDAS
GASEOSA COCA COLA PET 2.25 LT;GASEOSA COCA COLA PET 2.25 LT;BEBIDAS
GASEOSA COCA COLA SIN AZUCAR 1.5 LT;GASEOSA COCA COLA ZERO 1.5 LT;BEBIDAS
GASEOSA COCA COLA SIN AZUCAR 300 ML (SAMPLING);COCA COLA SIN AZUCAR 300 ML (SAMPLING);BEBIDAS
GASEOSA COCA COLA SIN AZUCAR 500 ML;COCA COLA ZERO 0.5 LT;BEBIDAS
GASEOSA CONCORDIA FRESA 500 ML;CONCORDIA FRESA 500 ML;BEBIDAS
GASEOSA CONCORDIA NARANJA 500 ML;CONCORDIA NARANJA 500 ML;BEBIDAS
GASEOSA CONCORDIA PIÑA 500 ML;CONCORDIA PIÑA 500 ML;BEBIDAS
GASEOSA FANTA 3 LT;FANTA LT;BEBIDAS
GASEOSA FANTA 500 ML;FANTA 0.5 LT;BEBIDAS
GASEOSA FANTA KOLA INGLESA 500 ML;GASEOSA PERSONAL;BEBIDAS
GASEOSA FANTA SIN AZUCAR 400 ML;GASEOSA PERSONAL;BEBIDAS
GASEOSA FANTA SIN AZUCAR 500 ML;GASEOSA PERSONAL;BEBIDAS
GASEOSA FANTA ZERO 400 ML;GASEOSA PERSONAL;BEBIDAS
GASEOSA INCA KOLA 1.5 LT;INCA KOLA LT;BEBIDAS
GASEOSA INCA KOLA 3 LT;INCA KOLA LT;BEBIDAS
GASEOSA INCA KOLA 450 ML;GASEOSA PERSONAL;BEBIDAS
GASEOSA INCA KOLA 500 ML;INCA KOLA 0.5 LT;BEBIDAS
GASEOSA INCA KOLA SIN AZUCAR 1.5 LT;INCA KOLA LIGHT LT;BEBIDAS
GASEOSA INCA KOLA SIN AZUCAR 500 ML;GASEOSA PERSONAL;BEBIDAS
GASEOSA PEPSI 500 ML;PEPSI COLA 500 ML;BEBIDAS
GASEOSA PEPSI 600 ML;GASEOSA PERSONAL;BEBIDAS
GASEOSA PERSONAL COCA COLA 500 ML;COCA COLA 0.5 LT;BEBIDAS
GASEOSA PERSONAL COCA COLA 600 ML;COCA COLA 0.5 LT;BEBIDAS
GASEOSA PERSONAL INCA KOLA 500 ML;INCA KOLA 0.5 LT;BEBIDAS
GASEOSA PERSONAL INCA KOLA 600 ML;INCA KOLA 0.5 LT;BEBIDAS
GASEOSA SEVEN UP 500 ML;GASEOSA PERSONAL;BEBIDAS
GASEOSA SPRITE 3 LT;SPRITE LT;BEBIDAS
GASEOSA SPRITE 400 ML;GASEOSA PERSONAL;BEBIDAS
GASEOSA SPRITE 500 ML;SPRITE 0.5 LT;BEBIDAS
GASEOSA SPRITE SIN AZUCAR 3 LT;GASEOSA SPRITE SIN AZUCAR 3 LT;BEBIDAS
GASEOSA SPRITE SIN AZUCAR 400 ML;GASEOSA PERSONAL;BEBIDAS
GEL ANTIBACTERIAL GG 1 LT;GEL ANTIBACTERIAL GG 1 LT;LIMPIEZA
GEL ANTIBACTERIAL IDOGEL 1 LT;GEL ANTIBACTERIAL IDIOGEL 1 LT;LIMPIEZA
GELATINA DE FRESA GELANDINA 5 KG;GELATINA FRESA INSTANTANEO;ABARROTES
GELATINA DE FRESA LEAL 5 KG;GELATINA FRESA INSTANTANEO;ABARROTES
GELATINA DE FRESA UNIVERSAL 150 GR/130 GR;GELATINA FRESA INSTANTANEO;ABARROTES
GELATINA DE FRESA UNIVERSAL 5 KG;GELATINA FRESA INSTANTANEO;ABARROTES
GELATINA DE LIMON MAS VENTAS DULCIMAS 5 KG;GELATINA LIMON INSTANTANEO;ABARROTES
GELATINA DE LIMON MELOSITA 5 KG;GELATINA LIMON INSTANTANEO;ABARROTES
GELATINA DE LIMON UNIVERSAL 5 KG;GELATINA LIMON INSTANTANEO;ABARROTES
GELATINA DE NARANJA  GELANDINA 5 KG;GELATINA NARANJA INSTANTANEO;ABARROTES
GELATINA DE NARANJA LEAL 5 KG;GELATINA NARANJA INSTANTANEO;ABARROTES
GELATINA DE NARANJA UNIVERSAL 150 GR/130 GR;GELATINA NARANJA INSTANTANEO;ABARROTES
GELATINA DE NARANJA UNIVERSAL 5 KG;GELATINA NARANJA INSTANTANEO;ABARROTES
GELATINA DE PIÑA GELANDINA 5 KG;GELATINA PIÑA INSTANTANEO;ABARROTES
GELATINA DE PIÑA UNIVERSAL 150 GR/130 GR;GELATINA PIÑA INSTANTANEO;ABARROTES
GELATINA DE PIÑA UNIVERSAL 5 KG;GELATINA PIÑA INSTANTANEO;ABARROTES
GELATINA FRESA QUIMTIA;GELATINA FRESA INSTANTANEO;ABARROTES
GELATINA NARANJA QUIMTIA;GELATINA NARANJA QUIMTIA;ABARROTES
GELATINA PIÑA QUIMTIA;GELATINA PIÑA QUIMTIA;ABARROTES
GELATINA SABOR FRAMBUESA IFF 1KG;GELATINA FRAMBUESA INSTANTANEO;ABARROTES
GELATINA SABOR FRESA IFF 1KG;GELATINA FRESA INSTANTANEO;ABARROTES
GELATINA SABOR FRESA MACROFOOD 1KG;GELATINA FRESA INSTANTANEO;ABARROTES
GELATINA SABOR FRESA QUIMTIA 1KG;GELATINA FRESA INSTANTANEO;ABARROTES
GELATINA SABOR LIMON IFF 1KG;GELATINA LIMON INSTANTANEO;ABARROTES
GELATINA SABOR LIMON MACROFOOD 1KG;GELATINA SABOR;ABARROTES
GELATINA SABOR NARANJA IFF 1KG;GELATINA NARANJA INSTANTANEO;ABARROTES
GELATINA SABOR NARANJA MACROFOOD 1KG;GELATINA NARANJA INSTANTANEO;ABARROTES
GELATINA SABOR NARANJA QUIMTIA 1KG;GELATINA NARANJA QUIMTIA;ABARROTES
GELATINA SABOR PIÑA IFF 1KG;GELATINA PIÑA INSTANTANEO;ABARROTES
GELATINA SABOR PIÑA MACROFOOD 1KG;GELATINA PIÑA INSTANTANEO;ABARROTES
GELATINA SABOR PIÑA QUIMTIA 1KG;GELATINA PIÑA INSTANTANEO;ABARROTES
GELATINA SABOR UVA IFF 1KG;GELATINA UVA INSTANTANEA;ABARROTES
GLUTEN LEVAPAN 1 KG;GLUTEN;ABARROTES
GOMITAS AMBROSITO AMBROSOLI 25 GR;GOMITAS AMBROSITO AMBROSOLI 25 GR;ABARROTES
GOMITAS AMBROSITO AMBROSOLI 27 GR;GOMITAS AMBROSITOS;ABARROTES
GOMITAS OSITOS 30 GR;GOMITAS OSITOS 30 GR.;ABARROTES
GRAJEA DE PANADERIA 4 ESTACIONES 1 KG;GRAJEAS;ABARROTES
GRAJEA DE PANADERIA TOÑA 1 KG;GRAJEAS;ABARROTES
GRAJEAS;GRAJEAS;ABARROTES
GRANADILLA;GRANADILLA;FFVV
GRANADILLA (L);GRANADILLA;FFVV
GRANADILLA REFRIGERADO;GRANADILLA;FFVV
GUANTE DE NITRILO AZUL 4GR ISUD TALLA L X100UND;GUANTE DE NITRILO LIBRE DE POLVO AZUL TALLA L;DESCARTABLES
GUANTE DE NITRILO AZUL 4GR ISUD TALLA M X100UND;GUANTE DE NITRILO LIBRE DE POLVO AZUL TALLA M;DESCARTABLES
GUANTE DE NITRILO CELESTE 3.5GR MAKETTO TALLA L X100UND;GUANTE DE NITRILO LIBRE DE POLVO AZUL TALLA L;DESCARTABLES
GUANTE DE NITRILO CELESTE MAKETTO ISUDAMERICA CAJA X 100 UND T L;GUANTE DE NITRILO LIBRE DE POLVO AZUL TALLA M;DESCARTABLES
GUANTE DE NITRILO CELESTE MAKETTO ISUDAMERICA CAJA X 100 UND T M;GUANTE DE NITRILO LIBRE DE POLVO AZUL TALLA M;DESCARTABLES
GUANTE DE NITRILO FLUMINSA 4.2 CELESTES T L CJ 100 UN;GUANTE DE NITRILO LIBRE DE POLVO AZUL TALLA M;DESCARTABLES
GUANTE DE NITRILO GOLD GUARD AZUL 4500 CJ 100 UN T M;GUANTE DE NITRILO LIBRE DE POLVO AZUL TALLA M;DESCARTABLES
GUANTE DE NITRILO GOLD GUARD AZUL 4500 CJ 100 UN T S;GUANTE DE NITRILO LIBRE DE POLVO AZUL TALLA S;DESCARTABLES
GUANTE DE NITRILO LIBRE DE POLVO 100 UND TALLA L;GUANTE DE NITRILO LIBRE DE POLVO AZUL TALLA L;DESCARTABLES
GUANTE DE NITRILO LIBRE DE POLVO 100 UND TALLA M;GUANTE DE NITRILO LIBRE DE POLVO AZUL TALLA M;DESCARTABLES
GUANTE DE NITRILO LIBRE DE POLVO 100 UND TALLA S;GUANTE DE NITRILO LIBRE DE POLVO AZUL TALLA S;DESCARTABLES
GUANTE DE NITRILO LIBRE DE POLVO AZUL R&G CAJA X 100 PARES T L;GUANTE DE NITRILO LIBRE DE POLVO AZUL TALLA L;DESCARTABLES
GUANTE DE NITRILO LIBRE DE POLVO AZUL R&G CAJA X 100 PARES T M;GUANTE DE NITRILO LIBRE DE POLVO AZUL TALLA M;DESCARTABLES
GUANTE DE NITRILO LIBRE DE POLVO AZUL R&G CAJA X 100 PARES T S;GUANTE DE NITRILO LIBRE DE POLVO AZUL TALLA S;DESCARTABLES
GUANTE DE NITRILO LIBRE DE POLVO CELESTE FAMILY DOCTOR CAJA X 100 UND TALLA L;GUANTE DE NITRILO LIBRE DE POLVO AZUL TALLA L;DESCARTABLES
GUANTE DE NITRILO LIBRE DE POLVO CELESTE FAMILY DOCTOR CAJA X 100 UND TALLA M;GUANTE DE NITRILO LIBRE DE POLVO AZUL TALLA M;DESCARTABLES
GUANTE DE NITRILO LIBRE DE POLVO CELESTE FAMILY DOCTOR CAJA X 100 UND TALLA S;GUANTE DE NITRILO LIBRE DE POLVO AZUL TALLA S;DESCARTABLES
GUANTE DE NITRILO LIBRE DE POLVO CELESTE FAMILY DOCTOR CAJA X 75 UND TALLA L;GUANTE DE NITRILO LIBRE DE POLVO AZUL TALLA L;DESCARTABLES
GUANTE DE NITRILO LIBRE DE POLVO CELESTE FAMILY DOCTOR CAJA X 75 UND TALLA M;GUANTE DE NITRILO LIBRE DE POLVO AZUL TALLA M;DESCARTABLES
GUANTE DE NITRILO LIBRE DE POLVO CELESTE FAMILY DOCTOR CAJA X 75 UND TALLA S;GUANTE DE NITRILO LIBRE DE POLVO AZUL TALLA S;DESCARTABLES
GUANTE DE NITRILO LIBRE DE POLVO CELESTE R&G CAJ X 100 UND TALLA S;GUANTE DE NITRILO LIBRE DE POLVO AZUL TALLA S;DESCARTABLES
GUANTE DE NITRILO LIBRE DE POLVO CELESTE R&G CAJA X 100 UND TALLA L;GUANTE DE NITRILO LIBRE DE POLVO AZUL TALLA L;DESCARTABLES
GUANTE DE NITRILO LIBRE DE POLVO CELESTE R&G CAJA X 100 UND TALLA M;GUANTE DE NITRILO LIBRE DE POLVO AZUL TALLA M;DESCARTABLES
GUANTE DE NITRILO LIBRE DE POLVO CELESTE R&G CAJA X 100 UND TALLA S;GUANTE DE NITRILO LIBRE DE POLVO AZUL TALLA S;DESCARTABLES
GUANTE DE NITRILO LIBRE DE POLVO NACOSA 100 UND TALLA L;GUANTE DE NITRILO LIBRE DE POLVO AZUL TALLA L;DESCARTABLES
GUANTE DE NITRILO LIBRE DE POLVO NACOSA 100 UND TALLA S;GUANTE DE NITRILO LIBRE DE POLVO AZUL TALLA S;DESCARTABLES
GUANTE DE NITRILO LIBRE DE POLVO ULTRASOFT 100 UND TALLA L;GUANTE DE NITRILO LIBRE DE POLVO AZUL TALLA L;DESCARTABLES
GUANTE DE NITRILO LIBRE DE POLVO ULTRASOFT 100 UND TALLA M;GUANTE DE NITRILO LIBRE DE POLVO AZUL TALLA M;DESCARTABLES
GUANTE DE NITRILO LIBRE DE POLVO ULTRASOFT 100 UND TALLA S;GUANTE DE NITRILO LIBRE DE POLVO AZUL TALLA S;DESCARTABLES
GUANTE DE NITRILO LIBRE DE POLVO VERDE R&G CAJA X 100 UND TALLA M;GUANTE DE NITRILO LIBRE DE POLVO AZUL TALLA M;DESCARTABLES
GUANTE DE NITRILO LIBRE DE POLVO VERDE R&G CAJA X 100 UND TALLA S;GUANTE DE NITRILO LIBRE DE POLVO AZUL TALLA S;DESCARTABLES
GUANTE DE NITRILO NINJA EXPLORER CJ 100 UN T L;GUANTE DE NITRILO LIBRE DE POLVO AZUL TALLA L;DESCARTABLES
GUANTE DE NITRILO NINJA EXPLORER CJ 100 UN T M;GUANTE DE NITRILO LIBRE DE POLVO AZUL TALLA M;DESCARTABLES
GUANTE DE NITRILO TALLA L;GUANTE DE NITRILO LIBRE DE POLVO AZUL TALLA L;DESCARTABLES
GUANTE DE NITRILO TALLA M;GUANTE DE NITRILO LIBRE DE POLVO AZUL TALLA M;DESCARTABLES
GUANTE DE NITRILO TALLA S;GUANTE DE NITRILO LIBRE DE POLVO AZUL TALLA L;DESCARTABLES
GUANTE DE VINILO AZUL 100 UND TALLA L;GUANTE DE NITRILO LIBRE DE POLVO AZUL TALLA L;DESCARTABLES
GUANTE DE VINILO AZUL 100 UND TALLA M;GUANTE DE NITRILO LIBRE DE POLVO AZUL TALLA M;DESCARTABLES
GUANTE DE VINILO AZUL 100 UND TALLA S;GUANTE DE NITRILO LIBRE DE POLVO AZUL TALLA S;DESCARTABLES
GUANTE DE VINILO L 100 UND;GUANTE DE NITRILO LIBRE DE POLVO AZUL TALLA L;DESCARTABLES
GUANTE DE VINILO M 100 UND;GUANTE DE NITRILO LIBRE DE POLVO AZUL TALLA M;DESCARTABLES
GUANTE DE VINILO S 100 UND;GUANTE DE NITRILO LIBRE DE POLVO AZUL TALLA S;DESCARTABLES
GUANTES DE NITRILO HONEYWELL CJ 100 UN T L;GUANTE DE NITRILO LIBRE DE POLVO AZUL TALLA L;DESCARTABLES
GUANTES DE NITRILO HONEYWELL CJ 100 UN T M;GUANTE DE NITRILO LIBRE DE POLVO AZUL TALLA M;DESCARTABLES
GUANTES DE POLIETILENO;GUANTES DE POLIETILENO;DESCARTABLES
GUANTES DE POLIETILENO DESC R&G CAJA X 100 UNIDADES T L;GUANTES DE POLIETILENO;DESCARTABLES
GUANTES DE POLIETILENO DESC R&G CAJA X 100 UNIDADES T M;GUANTES DE POLIETILENO;DESCARTABLES
GUINDONES SIN PEPA;GUINDONES SIN PEPA;REFRIGERADOS
GUINDONES SIN PEPA 4 ESTACIONES 250 GR;GUINDONES SIN PEPA;REFRIGERADOS
GUINDONES SIN PEPA TOÑA 250 GR;GUINDONES SIN PEPA;REFRIGERADOS
HABA VERDE;HABA VERDE EN VAINA;FFVV
HABA VERDE (L);HABA VERDE EN VAINA;FFVV
HABA VERDE EN VAINA REFRIGERADO;HABA VERDE EN VAINA;FFVV
HABA VERDE PELADO CONGELADO;HABA VERDE PELADO CONGELADO;CONGELADOS
HABAS SALADAS CARTER (P) 18 GR;HABAS SALADAS CARTER 18 GR;ABARROTES
HABAS SALADAS KARINTO 18 GR;HABAS SALADAS KARINTO 18 GR;ABARROTES
HABAS SALADAS KARINTO 30 GR;HABAS SALADAS KARINTO 30 GR;ABARROTES
HABAS SALADAS KARINTO 35 GR;HABAS SALADAS KARINTO 35 GR;ABARROTES
HABAS SALADAS KARINTO 38 GR;HABAS SALADAS KARINTO 38 GR;ABARROTES
HABAS SALADAS KARINTO 70 GR;HABAS SALADAS KARINTO 70 GR;ABARROTES
HABAS SALADAS PICADITOS 20 GR;HABAS SALADAS PICADITOS 20 GR;ABARROTES
HABAS VERDES PELADAS  CONGELADA;HABA VERDE PELADO CONGELADO;CONGELADOS
HABAS VERDES PELADAS CONGELADA;HABA VERDE PELADO CONGELADO;CONGELADOS
HAMBURGUESA DE POLLO CONGELADO;POLLO HAMBURGUESA CONGELADO;CONGELADOS
HAMBURGUESA DE POLLO CONGELADO PQT X 14 UNI;POLLO HAMBURGUESA CONGELADO;CONGELADOS
HAMBURGUESA DE RES CONGELADO;RES HAMBURGUESA CONGELADO;CONGELADOS
HARINA 7 SEMILLAS MOLINOS DEL SOL 5 KG;HARINA DE 7 SEMILLAS;ABARROTES
HARINA DE 7 SEMILLAS;HARINA DE 7 SEMILLAS;ABARROTES
HARINA DE 7 SEMILLAS LA NUESTRA 820 GR;HARINA DE 7 SEMILLAS;ABARROTES
HARINA DE ARVEJA KUMARA 5 KG;HARINA DE ARVERJA;ABARROTES
HARINA DE ARVERJA;HARINA DE ARVERJA;ABARROTES
HARINA DE AVENA KUMARA 5 KG;HARINA DE AVENA;ABARROTES
HARINA DE CHOCHOCA;HARINA DE CHOCHOCA;ABARROTES
HARINA DE CHOCHOCA KUMARA 5 KG;HARINA DE CHOCHOCA;ABARROTES
HARINA DE HABAS;HARINA DE HABAS;ABARROTES
HARINA DE HABAS 5 KG;HARINA DE HABAS;ABARROTES
HARINA DE HABAS KUMARA 5 KG;HARINA DE HABAS;ABARROTES
HARINA DE HABAS MOLINOS DEL SOL 5 KG;HARINA DE HABAS;ABARROTES
HARINA DE KIWICHA;HARINA DE KIWICHA;ABARROTES
HARINA DE KIWICHA 5 KG;HARINA DE KIWICHA;ABARROTES
HARINA DE KIWICHA 5 KG - UNIDAD;HARINA DE KIWICHA;ABARROTES
HARINA DE KIWICHA KUMARA 5 KG;HARINA DE KIWICHA;ABARROTES
HARINA DE KIWICHA MOLINOS DEL SOL 5 KG;HARINA DE KIWICHA;ABARROTES
HARINA DE KIWICHA SAN JUAN MASIAS (EX BELEN) 5 KG;HARINA DE KIWICHA;ABARROTES
HARINA DE MACA;HARINA DE MACA;ABARROTES
HARINA DE MACA MOLINOS DEL SOL 5 KG;HARINA DE MACA;ABARROTES
HARINA DE MACA SAN JUAN MASIAS (EX BELEN) 5 KG;HARINA DE MACA;ABARROTES
HARINA DE MAIZ;HARINA DE MAIZ;ABARROTES
HARINA DE MAIZ BLANCO KUMARA 5 KG;HARINA DE MAIZ;ABARROTES
HARINA DE MAIZ INGREDION 25 KG;HARINA DE MAIZ;ABARROTES
HARINA DE SOYA;HARINA DE SOYA;ABARROTES
HARINA DE SOYA MOLINOS DEL SOL 5 KG;HARINA DE SOYA;ABARROTES
HARINA DE SOYA SAN JUAN MASIAS 5 KG;HARINA DE SOYA;ABARROTES
HARINA DE TRIGO ESPECIAL;HARINA DE TRIGO ESPECIAL;ABARROTES
HARINA ESPECIAL ANGELICA GRANEL SACO 50 KG;HARINA DE TRIGO ESPECIAL;ABARROTES
HARINA ESPECIAL DEL CIELO GRANEL SACO 50 KG;HARINA DE TRIGO ESPECIAL;ABARROTES
HARINA ESPECIAL DON ANGELO GRANEL;HARINA DE TRIGO ESPECIAL;ABARROTES
HARINA ESPECIAL DON ANGELO GRANEL  50 KG;HARINA DE TRIGO ESPECIAL;ABARROTES
HARINA ESPECIAL EL MOLINO GRANEL;HARINA DE TRIGO ESPECIAL;ABARROTES
HARINA ESPECIAL EL MOLINO GRANEL SACO 50 KG;HARINA DE TRIGO ESPECIAL;ABARROTES
HARINA ESPECIAL MOLITALIA KG;HARINA DE TRIGO ESPECIAL;ABARROTES
HARINA ESPECIAL NICOLINI;HARINA DE TRIGO ESPECIAL;ABARROTES
HARINA ESPECIAL NICOLINI SACO 50 KG;HARINA DE TRIGO ESPECIAL;ABARROTES
HARINA ESPECIAL NICOLINI SACO 50 KG (E);HARINA DE TRIGO ESPECIAL;ABARROTES
HARINA ESPECIAL NICOLINI SUR SACO 50 KG;HARINA DE TRIGO ESPECIAL;ABARROTES
HELADO BASE CHOCOLATE GLORIA 946 ML;BASE DE HELADO CHOCOLATE;REFRIGERADOS
HELADO BASE VAINILLA GLORIA 946 ML;BASE DE HELADO VAINILLA;REFRIGERADOS
HELADO BOMBON TRENDY 48 CC;HELADO PALETA ;CONGELADOS
HELADO CHOCO MANI CREMA CHOCOLATE YAMBOLY 65 ML (47 GR);HELADO PALETA ;ABARROTES
HELADO CHOCO MANI CREMA CHOCOLATE YAMBOLY 78 ML (60 GR);HELADO PALETA ;CONGELADOS
HELADO CHOCOVAI CREMA VAINILLA YAMBOLY 65 ML (44 GR);HELADO PALETA ;CONGELADOS
HELADO CREMA CHOCOMANI YAMBOLY 5 L (2.54 KG);HELADO BANDEJA CREMA CHOCOMANI LT;CONGELADOS
HELADO CREMA FRESA MERMELADA YAMBOLY 5 L (2.54 KG);HELADO BANDEJA CREMA FRESA MERMELADA LT;CONGELADOS
HELADO CREMA FRESA YAMBOLY 5 L (2.54 KG);HELADO CREMA FRESA YAMBOLY 5 L (2.67KG);CONGELADOS
HELADO CREMA TRISABOR YAMBOLY  5 L (2.54 KG);HELADO BANDEJA TRICOLOR LT;CONGELADOS
HELADO CREMA VAINILLA CHIPS YAMBOLY 5 L (2.56 KG);HELADO PALETA ;CONGELADOS
HELADO CREMA VAINILLA PALETA YAMBOLY 50 GR;HELADO PALETA ;CONGELADOS
HELADO DONOFRIO ALASKA FRESA 75 / 70 ML;HELADO PALETA ;CONGELADOS
HELADO DONOFRIO ALASKA MANGO 75 / 70 ML;HELADO PALETA ;CONGELADOS
HELADO DONOFRIO BB CHICHA MORADA 70 MM;HELADO PALETA ;CONGELADOS
HELADO DONOFRIO DON SANDWICH-ITO 49 CC;HELADO PALETA SANDWICH;CONGELADOS
HELADO DONOFRIO LUCUMA 5 LT;HELADO BANDEJA LUCUMA LT;CONGELADOS
HELADO DONOFRIO MINI SUBLIME 52/50 ML;HELADO PALETA ;CONGELADOS
HELADO DONOFRIO PIBE CAFE 70 ML;HELADO PALETA ;CONGELADOS
HELADO DONOFRIO SIN PARAR LUCUMA 180 CC;HELADO PALETA ;CONGELADOS
HELADO DONOFRIO SUBLIME 80 ML;HELADO PALETA ;CONGELADOS
HELADO DONOFRIO TRICOLOR 5 LT;HELADO BANDEJA TRICOLOR LT;CONGELADOS
HELADO DONOFRIO TRIKA 70 ML;HELADO PALETA ;CONGELADOS
HELADO DONOFRIO VAINILLA 5 LT;HELADO BANDEJA VAINILLA LT;CONGELADOS
HELADO GOLD CREMA VAINILLA LUCUMA YAMBOLY 65 ML (51 GR);HELADO PALETA ;CONGELADOS
HELADO PALETA ARMAPOP TRENDY 70 CC;HELADO PALETA ;CONGELADOS
HELADO PALETA CAMPEON TRENDY;HELADO PALETA ;CONGELADOS
HELADO PALETA CHAVO TRENDY 70 CC;HELADO PALETA ;CONGELADOS
HELADO PALETA CHOCOCRIM TRENDY 65 CC;HELADO PALETA ;CONGELADOS
HELADO PALETA CONTUTY TRENDY 70 CC;HELADO PALETA ;CONGELADOS
HELADO PALETA DRACULA TRENDY 70 CC;HELADO PALETA ;CONGELADOS
HELADO PALETA ENTRETE TRENDY 70 CC;HELADO PALETA ;CONGELADOS
HELADO PALETA ESPRESSAME CHOCOLATE TRENDY 70 CC;HELADO PALETA ;CONGELADOS
HELADO PALETA ESPRESSAME DUO VAIN LUCUM TRENDY 70 CC;HELADO PALETA ;CONGELADOS
HELADO PALETA HELLO KITTY FRESA/PIÑA TRENDY 70 CC;HELADO PALETA ;CONGELADOS
HELADO PALETA PALAZO CHOCOLATE TRENDY 68 CC;HELADO PALETA ;CONGELADOS
HELADO PALETA PALAZO LUCUMA TRENDY 68 CC;HELADO PALETA ;CONGELADOS
HELADO PALETA PALAZZO FRESA 68 CC;HELADO PALETA ;CONGELADOS
HELADO PALETA PRAIA ICE AGUA CHICHA MORADA YAMBOLY 68 ML (70 GR);HELADO PALETA ;CONGELADOS
HELADO PALETA PRAIA ICE AGUA CHICHA MORADA YAMBOLY 70 ML (72 GR);HELADO PALETA ;CONGELADOS
HELADO PALETA PRAIA ICE AGUA FRESA YAMBOLY 68 ML (70 GR);HELADO PALETA ;CONGELADOS
HELADO PALETA PRAIA ICE AGUA FRESA YAMBOLY 70 ML (72 GR);HELADO PALETA ;CONGELADOS
HELADO PALETA PRAIA ICE AGUA LIMON YAMBOLY 68 ML (70 GR);HELADO PALETA ;CONGELADOS
HELADO PALETA PRAIA ICE AGUA LIMON YAMBOLY 70 ML (72 GR);HELADO PALETA ;CONGELADOS
HELADO PALETA PRAIA ICE MARACUYA YAMBOLY 74 ML (78 GR);HELADO SANDWICH ;CONGELADOS
HELADO PALETA TERMINATOR CHICHA MORADA TRENDY 70 CC;HELADO PALETA ;CONGELADOS
HELADO PALETA TERMINATOR FRESA TRENDY 70 CC;HELADO PALETA ;CONGELADOS
HELADO PALETA TERMINATOR LIMON TRENDY 70 CC;HELADO PALETA ;CONGELADOS
HELADO SANDWICH CREMA VAINILLA LUCUMA YAMBOLY 67 ML (40 GR);HELADO PALETA SANDWICH;CONGELADOS
HELADO SANDWICH CREMA VAINILLA YAMBOLY 67 ML (40 GR);HELADO PALETA SANDWICH;CONGELADOS
HELADO SANDWICHITO COOKIES CREAM TRENDY 110 CC;HELADO PALETA SANDWICH;CONGELADOS
HELADO SANDWICHITO VAINILLA TRENDY 110 CC;HELADO PALETA SANDWICH;CONGELADOS
HELADO YAMBITO CREMA CHOCOLATE YAMBOLY 54 ML (40 GR);HELADO PALETA ;CONGELADOS
HELADO YAMBITO CREMA FRESA YAMBOLY 63 /54ML (40 GR);HELADO PALETA ;CONGELADOS
HELADO YAMBITO CREMA VAINILLA CHOCOLATE YAMBOLY 63 ML (40 GR);HELADO PALETA ;CONGELADOS
HELADO YAMBITO CREMA VAINILLA LUCUMA YAMBOLY 63 ML (40 GR);HELADO PALETA ;CONGELADOS
HIERBA BUENA;HIERBA BUENA;FFVV
HIERBA BUENA (L);HIERBA BUENA;FFVV
HIERBA BUENA REFRIGERADO;HIERBA BUENA;FFVV
HIERBA LUISA SOBRECITO;HIERBA LUISA SOBRECITO;ABARROTES
HIGADO DE RES CONGELADO;RES HIGADO CONGELADO;CONGELADOS
HIGH ACID CLEANER FP SPARTAN 19 LITROS;HIGH ACID CLEANER FP SPARTAN - DESINCRUSTANTE ROPA;LIMPIEZA
HIGH ACID CLEANER FP SPARTAN 3.875 LITROS;HIGH ACID CLEANER FP SPARTAN - DESINCRUSTANTE ROPA;LIMPIEZA
HIGH ACID CLEANER FP SPARTAN 5 LITROS;HIGH ACID CLEANER FP SPARTAN - DESINCRUSTANTE ROPA;LIMPIEZA
HIGO SECO;HIGO SECO;REFRIGERADOS
HIGO SECO 4 ESTACIONES 1 KG;HIGO SECO;REFRIGERADOS
HIGO SECO PREMIUM 4 ESTACIONES 1 KG;HIGO SECO PREMIUM 4 ESTACIONES 1 KG;ABARROTES
HIGO SECO SELECTO SANTIS 1 KG;HIGO SECO;REFRIGERADOS
HINOJO;HINOJO;FFVV
HISOPO PARA SANITARIO CON BASE HUDE;ESCOBILLAS SANITARIOS PLASTICOS CON BASE UNIDAD;LIMPIEZA
HONGO SECO;HONGO SECO;ABARROTES
HONGO SECO 4 ESTACIONES 1 KG;HONGO SECO;ABARROTES
HONGO SECO 4 ESTACIONES 500 GR;HONGO SECO;ABARROTES
HONGOS SECOS MAX & MIX 10 GR;HONGO SECO;ABARROTES
HOT DOG CONGELADO KG;SALCHICHA HOT DOG CONGELADO;CONGELADOS
HOT DOG CONGELADO KG - BRAEDT;SALCHICHA HOT DOG CONGELADO;CONGELADOS
HOT DOG REFRIGERADO KG;SALCHICHA HOT DOG REFRIGERADO;REFRIGERADOS
HUACATAY;HUACATAY;FFVV
HUACATAY (L);HUACATAY;FFVV
HUACATAY MOLIDO  X KG;HUACATAY MOLIDO ENVASADO;REFRIGERADOS
HUACATAY MOLIDO X KG;HUACATAY MOLIDO ENVASADO;REFRIGERADOS
HUACATAY REFRIGERADO;HUACATAY;FFVV
HUEVO DE CODORNIZ;HUEVO DE;REFRIGERADOS
HUEVO LIQUIDO CONGELADO;HUEVO LIQUIDO CONGELADO;CONGELADOS
HUEVO LIQUIDO CONGELADO 2 KG;HUEVO LIQUIDO CONGELADO;CONGELADOS
HUEVO ROJO (CAJA 11.5 KG);HUEVO ROJO;REFRIGERADOS
HUEVO ROSADO;HUEVO ROSADO REFRIGERADO;REFRIGERADOS
HUEVO ROSADO (CAJA 25.7KG);HUEVO ROSADO REFRIGERADO CAJA;REFRIGERADOS
HUEVO ROSADO (LOCAL);HUEVO ROSADO REFRIGERADO LOCAL;REFRIGERADOS
HUEVO ROSADO BANDEJA 12 PQTS X 15 UNIDS;HUEVO ROSADO EN BANDEJA;REFRIGERADOS
HUEVO ROSADO BANDEJA X 15 UNID;HUEVO ROSADO EN BANDEJA;REFRIGERADOS
HUEVO ROSADO EN BANDEJA X UND;HUEVO ROSADO EN BANDEJA;REFRIGERADOS
HUEVO ROSADO LA CALERA (AMARRADO) KG;HUEVO ROSADO REFRIGERADO CAJA;REFRIGERADOS
HUEVO ROSADO REFRIGERADO CAJA;HUEVO ROSADO REFRIGERADO CAJA;REFRIGERADOS
INCA KOLA 0.5 LT;INCA KOLA 0.5 LT;BEBIDAS
INCA KOLA LT;INCA KOLA LT;BEBIDAS
INFUSION ANIS 4 ESTACIONES 50 GRM;INFUSION ANIS 50 GRM;ABARROTES
INFUSION ANIS 50 GRM;INFUSION ANIS 50 GRM;ABARROTES
INFUSION ANIS DEL VALLE 100 SOBRES;ANIS SOBRECITO;ABARROTES
INFUSION BOLDO 4 ESTACIONES 50 GRM;INFUSION BOLDO 50 GRM;ABARROTES
INFUSION CEDRON 4 ESTACIONES 50 GRM;INFUSION CEDRON 50 GRM;ABARROTES
INFUSION CEDRON 50 GRM;INFUSION CEDRON 50 GRM;ABARROTES
INFUSION HIERBA LUISA 4 ESTACIONES 50 GRM;INFUSION HIERBA LUISA 50 GRM;ABARROTES
INFUSION HIERBA LUISA 50 GRM;INFUSION HIERBA LUISA 50 GRM;ABARROTES
INFUSION HIERBA LUISA DEL VALLE 100 SOBRES;HIERBA LUISA SOBRECITO;ABARROTES
INFUSION HIERBA LUISA HERBI 100 SOBRES;HIERBA LUISA SOBRECITO;ABARROTES
INFUSION MANZANILLA 4 ESTACIONES 50 GRM;INFUSION MANZANILLA 50 GRM;ABARROTES
INFUSION MANZANILLA 50 GRM;INFUSION MANZANILLA 50 GRM;ABARROTES
INFUSION MANZANILLA DEL VALLE 100 SOBRES;MANZANILLA SOBRECITO;ABARROTES
INFUSION MANZANILLA HERBI 25 SOBRES;MANZANILLA SOBRECITO;ABARROTES
INFUSION MANZANILLA MC COLLINS 100 SOBRES;MANZANILLA SOBRECITO;ABARROTES
INFUSION MATE DE COCA DEL VALLE 100 SOBRES;MATE DE COCA SOBRECITO;ABARROTES
INFUSION MUÑA 4 ESTACIONES 50 GRM;INFUSION MUÑA 50 GRM;ABARROTES
INFUSION TE BOLDO DEL VALLE 100 SOBRES;TE BOLDO SOBRECITO;ABARROTES
INFUSION TE CANELA Y CLAVO DEL VALLE 100 SOBRES;TE CANELA Y CLAVO SOBRECITO;ABARROTES
INFUSION TE CANELA Y CLAVO HERBI 100  SOBRES;TE CANELA Y CLAVO SOBRECITO;ABARROTES
INFUSION TE CANELA Y CLAVO HERBI 100 SOBRES;TE BOLDO SOBRECITO;ABARROTES
INFUSION TE CANELA Y CLAVO HERBI 25 SOBRES;TE CANELA Y CLAVO SOBRECITO;ABARROTES
INFUSION TE NEGRO 4 ESTACIONES 50 GRM;INFUSION TE NEGRO 50 GRM;ABARROTES
INFUSION TE NEGRO 50 GRM;INFUSION TE NEGRO 50 GRM;ABARROTES
INFUSION TE PURO DEL VALLE 100 SOBRES;TE ROJO SOBRECITO;ABARROTES
INFUSION UÑA DE GATO DEL VALLE 100 SOBRES;UÑA DE GATO SOBRECITO;ABARROTES
JABA PLASTICA COSECHERA AZUL;JABA PLASTICA COSECHERA AZUL;COCINA
JABÓN  ANTIBACTERIAL P/MANOS SPARTAN 4 LITROS NEUTRO;JABON ANTIBACTERIAL PARA MANOS SPARTAN;LIMPIEZA
JABÓN  ANTIBACTERIAL P/MANOS SPARTAN 6X4 LITROS NEUTRO;JABON ANTIBACTERIAL PARA MANOS SPARTAN;LIMPIEZA
JABON ANTIBACTERIAL ETIQUET 75 GR;JABON ANTIBACTERIAL  PERSONAL 75/ 85 GR;LIMPIEZA
JABON ANTIBACTERIAL NEKO 75 GR;JABON ANTIBACTERIAL  PERSONAL 75/ 85 GR;LIMPIEZA
JABON ANTIBACTERIAL NEKO 75 GR (X72 UND);JABON ANTIBACTERIAL NEKO 75 GR (X72 UND);LIMPIEZA
JABÓN ANTIBACTERIAL P/MANOS SPARTAN 4 LITROS NEUTRO;JABÓN ANTIBACTERIAL P/MANOS SPARTAN 4 LITROS NEUTRO;LIMPIEZA
JABÓN ANTIBACTERIAL P/MANOS SPARTAN 6X4 LITROS NEUTRO;JABÓN ANTIBACTERIAL P/MANOS SPARTAN 6X4 LITROS NEUTRO;LIMPIEZA
JABON ANTIBACTERIAL PARA MANOS SPARTAN;JABON ANTIBACTERIAL PARA MANOS SPARTAN;LIMPIEZA
JABON ANTIBACTERIAL PROTEX 75 GR;JABON ANTIBACTERIAL  PERSONAL 75/ 85 GR;LIMPIEZA
JABON ANTIBACTERIAL PROTEX 75 GR-LIMPIEZA PROFUNDA;JABON ANTIBACTERIAL;LIMPIEZA
JABON ANTIBACTERIAL PROTEX 75GR (LCL);JABON ANTIBACTERIAL  PERSONAL 75/ 85 GR;LIMPIEZA
JABON ANTIBACTERIAL REXONA 84 GR;JABON ANTIBACTERIAL  PERSONAL 75/ 85 GR;LIMPIEZA
JABON DOVE ORIGINAL 90 GR;JABON DOVE ORIGINAL 90 GR;LIMPIEZA
JABÓN ESPUMA ANTIBACTERIAL WEST MICROSAFE CLEAS SIN AROMA SPARTAN  X1000ML;JABON ESPUMA ANTIBACTERIAL WEST MICROSAFE S/AROMA;ABARROTES
JABÓN ESPUMA ANTIBACTERIAL WEST MICROSAFE CLEAS SIN AROMA SPARTAN 6X1000ML (6 UND X 1L);JABON ESPUMA ANTIBACTERIAL WEST MICROSAFE S/AROMA;ABARROTES
JABON LIQUIDO AVAL 5 LT;JABON LIQUIDO ANTIBACTERIAL AVAL 5 LT;LIMPIEZA
JABÓN LIQUIDO P/MANOS SPARTAN 4 LITROS NEUTRO;JABON LIQUIDO PARA MANOS SPARTAN NEUTRO;ABARROTES
JABÓN LIQUIDO P/MANOS SPARTAN 6X4 LITROS NEUTRO;JABON LIQUIDO PARA MANOS SPARTAN NEUTRO;ABARROTES
JABON TOCADOR CAMAY 85 GR;JABON TOCADOR CAMAY 85 GR;LIMPIEZA
JABON TOCADOR CEST IT BON 80 GR;JABON TOCADOR CEST IT BON 80 GR;LIMPIEZA
JABON TOCADOR CEST IT BON HOTELERO SPA 10 GR;JABON TOCADOR CEST IT BON HOTELERO SPA 10 GR;LIMPIEZA
JABON TOCADOR LUX 85 GR;JABON TOCADOR LUX 85 GR;LIMPIEZA
JABON TOCADOR NIVEA 75 GR;JABON TOCADOR NIVEA 75 GR;LIMPIEZA
JABON TOCADOR REXONA 85 GR;JABON TOCADOR REXONA 85 GR;LIMPIEZA
JACKET DE CARTON MICROCORRUGADO PARA VASO 12/16OZ CON LOGO MILLAR;JACKET CARTON MICROCORRUGADO P/VASO 12/16 OZ C/LOG;DESCARTABLES
JACKET DE CARTON MICROCORRUGADO PARA VASO 12/16OZ MILLAR;JACKET CARTON MICROCORRUGADO P/VASO 12/16 OZ;DESCARTABLES
JACKET DE CARTON MICROCORRUGADO PARA VASO 8OZ CON LOGO MILLAR;JACKET CARTON MICROCORRUGADO P/VASO 8 OZ C/LOGO;DESCARTABLES
JACKET DE CARTON MICROCORRUGADO PARA VASO 8OZ MILLAR;JACKET CARTON MICROCORRUGADO P/VASO 8 OZ;DESCARTABLES
JACKET LINNER COLOR PARA VASO LOGO 1  9 OZ MILLAR;JACKET LINNER PARA VASO LOGO 1 COLOR 8 OZ;DESCARTABLES
JACKET LINNER NATURAL PARA VASO 9 OZ MILLAR;JACKET LINNER PARA VASO SIN LOGO 9 OZ;DESCARTABLES
JALADOR DE AGUA CON CERDAS 45 CM 9C42 NEGRO RUBBERMAID;JALADOR DE AGUA CON CERDAS 45 CM NEGRO RUBBERMAID;LIMPIEZA
JAMON AHUMADO CONGELADO 500 GR;JAMON AHUMADO CONGELADO;CONGELADOS
JAMON AHUMADO REFRIGERADO 500 GR;JAMON AHUMADO REFRIGERADO;REFRIGERADOS
JAMON AHUMADO REFRIGERADO 500 GR (A);JAMON AHUMADO REFRIGERADO;REFRIGERADOS
JAMON AMERICANO SUIZA 500 GR REFRIGERADO;JAMON PARA CAFETIN REFRIGERADO;REFRIGERADOS
JAMON DE PAVO REFRIGERADO 100 GR;JAMON DE PAVO REFRIGERADO;REFRIGERADOS
JAMON DE PAVO REFRIGERADO 500 GR;JAMON DE PAVO REFRIGERADO;REFRIGERADOS
JAMON DEL PAIS CONGELADO 500 GR;JAMON DEL PAIS CONGELADO;CONGELADOS
JAMON DEL PAIS CONGELADO KG;JAMON DEL PAIS CONGELADO;CONGELADOS
JAMON DEL PAIS REFRIGERADO BRAEDT 500 GR;JAMON DEL PAIS REFRIGERADO;REFRIGERADOS
JAMON DEL PAIS REFRIGERADO KG;JAMON DEL PAIS REFRIGERADO;REFRIGERADOS
JAMON INGLES CONGELADO KG;JAMON INGLES CONGELADO;CONGELADOS
JAMON INGLES REFRIGERADO 500 GR;JAMON INGLES REFRIGERADO;REFRIGERADOS
JAMON PARA CAFETIN CONGELADO;JAMON PARA CAFETIN CONGELADO;CONGELADOS
JAMON PARA CAFETIN CONGELADO 500 GR;JAMON PARA CAFETIN CONGELADO;CONGELADOS
JAMON PARA CAFETIN CONGELADO KG;JAMON PARA CAFETIN CONGELADO;CONGELADOS
JAMON YORK REFRIGERADO KG;JAMON YORK REFRIGERADO;REFRIGERADOS
JAMONADA DE POLLO CONGELADO;JAMONADA DE POLLO CONGELADO;CONGELADOS
JAMONADA DE POLLO CONGELADO KG;JAMONADA DE POLLO CONGELADO;CONGELADOS
JAMONADA PARA CAFETIN CONGELADO 500 GR;JAMONADA PARA CAFETIN CONGELADO;CONGELADOS
JAMONADA PARA CAFETIN CONGELADO KG;JAMONADA PARA CAFETIN CONGELADO;CONGELADOS
JAMONADA PASTEL DE VERDURAS CONGELADO KG;JAMONADA PASTEL DE VERDURAS CONGELADO;CONGELADOS
JOHNSON DIVERSEY  SOFTCARE FREE PLUS  GLN X 5 LT;JOHNSON DIVERSEY SOFTCARE FREE PLUS;LIMPIEZA
JOHNSON DIVERSEY ALPHA HP 1.5 LT;JOHNSON DIVERSEY ALPHA HP 1.5 LT;LIMPIEZA
JOHNSON DIVERSEY CLAX ALFA  20 LT;JOHNSON DIVERSEY CLAX ALFA 20 LT;LIMPIEZA
JOHNSON DIVERSEY CLAX ALFA 20 LT;CLAX ALFA 20;LIMPIEZA
JOHNSON DIVERSEY CLAX BETA 20 LT;JOHNSON DIVERSEY CLAX BETA LT;LIMPIEZA
JOHNSON DIVERSEY CLAX HYPO 4 AL 1 20 LT;CLAX HYPO 4 AL 1 LT;LIMPIEZA
JOHNSON DIVERSEY CLAX SUAVE 20 LT;JOHNSON DIVERSEY CLAX SUAVE LT;LIMPIEZA
JOHNSON DIVERSEY DRAX ULTRA;JOHNSON DIVERSEY DRAX ULTRA;LIMPIEZA
JOHNSON DIVERSEY DRAX ULTRA 5 LT;JOHNSON DIVERSEY DRAX ULTRA;LIMPIEZA
JOHNSON DIVERSEY FLASH BAÑO 5 LT;JOHNSON DIVERSEY FLASH BAÑO;ABARROTES
JOHNSON DIVERSEY FORWARD 5 LT;JOHNSON DIVERSEY FORWARD X LT;LIMPIEZA
JOHNSON DIVERSEY SOFTCARE ALCOHOL GEL 1000 ML;JOHNSON DIVERSEY SOFTCARE ALCOHOL GEL 1000 ML;LIMPIEZA
JOHNSON DIVERSEY SOFTCARE ALCOHOL GEL 800 ML;JOHNSON DIVERSEY SOFTCARE ALCOHOL LT;LIMPIEZA
JOHNSON DIVERSEY SOFTCARE ALCOHOL GEL GLN X 5 LT;JOHNSON DIVERSEY SOFTCARE ALCOHOL GEL;LIMPIEZA
JOHNSON DIVERSEY SOFTCARE BAC 5 LT;JABON LIQUIDO SOFTCARE BAC LT;LIMPIEZA
JOHNSON DIVERSEY SOFTCARE ENHACE 5 LT;JABON LIQUIDO SOFTCARE ENHACE LT;LIMPIEZA
JOHNSON DIVERSEY SOFTCARE FREE PLUS;JOHNSON DIVERSEY SOFTCARE FREE PLUS;LIMPIEZA
JOHNSON DIVERSEY SOFTCARE FREE PLUS GLN X 5 LT;JOHNSON DIVERSEY SOFTCARE FREE PLUS GLN;LIMPIEZA
JOHNSON DIVERSEY SUMA BAC D10 5 LT;JOHNSON DIVERSEY SUMA BAC D10 5 LT;LIMPIEZA
JOHNSON DIVERSEY SUMA CALC 5 LT R03300;JOHNSON DIVERSEY SUMA CALC LT;LIMPIEZA
JOHNSON DIVERSEY SUMA COMBI+ 5LT;JOHNSON DIVERSEY SUMA COMBI + 5 LT;LIMPIEZA
JOHNSON DIVERSEY SUMA CRYSTAL 20 LT;JOHNSON DIVERSEY SUMA CRYSTAL LT;LIMPIEZA
JOHNSON DIVERSEY SUMA CRYSTAL LT;JOHNSON DIVERSEY SUMA CRYSTAL LT;LIMPIEZA
JOHNSON DIVERSEY SUMA D44 5 LT;JOHNSON DIVERSEY SUMA D44 5 LT;LIMPIEZA
JOHNSON DIVERSEY SUMA F4 5 LT;JOHNSON DIVERSEY SUMA F4;LIMPIEZA
JOHNSON DIVERSEY SUMA J512 5 LT;JOHNSON DIVERSEY SUMA J512 LT;LIMPIEZA
JOHNSON DIVERSEY SUMA NOVA 20 LT;JOHNSON DIVERSEY SUMA NOVA LT;LIMPIEZA
JOHNSON DIVERSEY SUMA NOVA LT;JOHNSON DIVERSEY SUMA NOVA LT;LIMPIEZA
JOHNSON DIVERSEY SUMA PLAQ 5 LT;JOHNSON DIVERSEY SUMA PLAQ LT;LIMPIEZA
JOHNSON DIVERSEY TASKI R5 LT;JOHNSON DIVERSEY TASKI R5 LT;LIMPIEZA
JUGO CIFRUT FRUIT PUNCH 350 ML;JUGO CIFRUT FRUIT PUNCH 350 ML;BEBIDAS
JUGO CIFRUT GRANADILLA-MARACUYA 400 ML;JUGO CIFRUT GRANADILLA - MARACUYA 400 ML;BEBIDAS
JUGO CIFRUT GRANADILLA-MARACUYA 500 ML;JUGO CIFRUT GRANADILLA MARACUYA 500 ML;BEBIDAS
JUGO CIFRUT ISLAND PUNCH PET 350 ML;JUGO CIFRUT ISLAND PUNCH PET 350 ML;BEBIDAS
JUGO CIFRUT ISLAND PUNCH PET 400 ML;JUGO CIFRUT ISLAND 400 ML;BEBIDAS
JUGO CIFRUT ISLAND PUNCH PET 500 ML;JUGO CIFRUT ISLAND PUNCH PET 500 ML;BEBIDAS
JUGO CIFRUT NARANJA 400 ML;JUGO CIFRUT NARANJA 400 ML;BEBIDAS
JUGO CIFRUT NARANJA 500 ML;JUGO CIFRUT NARANJA 500 ML;BEBIDAS
JUGO CIFRUT NARANJA-MANDARINA-LIMON 350 ML;JUGO CIFRUT NARANJA-MANDARINA-LIMON 350 ML;BEBIDAS
JUGO DE DURAZNO FRUGOS 1 LT;JUGOS DURAZNO 1 LT FRUGOS;BEBIDAS
JUGO DE DURAZNO FRUGOS 235 ML;JUGOS DURAZNO FRUGOS 235 ML;BEBIDAS
JUGO DE DURAZNO FRUGOS 235 ML (E);JUGOS DURAZNO FRUGOS 235 ML;BEBIDAS
JUGO DE DURAZNO FRUGOS 970 ML;JUGO DE DURAZNO FRUGOS 970 ML;BEBIDAS
JUGO DE DURAZNO GLORIA 200 ML;JUGOS DURAZNO GLORIA 200 ML;BEBIDAS
JUGO DE DURAZNO WATTS 1 LT;JUGOS DURAZNO 1 LT WATTS;BEBIDAS
JUGO DE DURAZNO WATTS 200/180 ML;JUGO DE DURAZNO WATTS 200 ML;BEBIDAS
JUGO DE DURAZNO WATTS 350 ML;JUGO DE DURAZNO WATTS 350 ML;BEBIDAS
JUGO DE DURAZNO WATTS 946 ML;JUGO DE DURAZNO WATTS 946 ML;BEBIDAS
JUGO DE FRESA NARANJA PASTEURIZADO ECOFRESH 400 ML;JUGO DE FRESA NARANJA PASTEURIZADO ECOFRESH 400 ML;REFRIGERADOS
JUGO DE MANGO FRUGOS 235 ML;JUGOS MANGO FRUGOS 235 LT;BEBIDAS
JUGO DE MANGO WATTS 1 LT;JUGO DE MANGO LT;BEBIDAS
JUGO DE MANGO WATTS 200 ML;JUGOS MANGO 0.20 LT WATTS;BEBIDAS
JUGO DE MANGO WATTS 946 ML;JUGO DE MANGO WATTS 946 ML;BEBIDAS
JUGO DE MANZANA AQUARIUS 500/600 ML;JUGO AQUARIUS MANZANA 500 ML;BEBIDAS
JUGO DE MANZANA FRUGOS 1 LT;JUGOS MANZANA 1 LT FRUGOS;BEBIDAS
JUGO DE MANZANA FRUGOS 970 ML;JUGO DE MANZANA FRUGOS 970 ML;BEBIDAS
JUGO DE MANZANA FRUGOS DEL VALLE FRESH 500 ML;JUGO DE MANZANA FRUGOS DEL VALLE FRESH 500 ML;BEBIDAS
JUGO DE MANZANA WATTS 1 LT;JUGOS MANZANA 1 LT WATTS;BEBIDAS
JUGO DE MANZANA WATTS 200/180 ML;JUGOS MANZANA 0.20 LT WATTS;BEBIDAS
JUGO DE NARANJA AQUARIUS 500/600 ML;JUGO DE NARANJA AQUARIUS 500 ML;BEBIDAS
JUGO DE NARANJA FRUGOS 1 LT;JUGOS NARANJA  FRUGOS 1 LT;BEBIDAS
JUGO DE NARANJA FRUGOS 235 ML;JUGO DE NARANJA FRUGOS 235 ML;BEBIDAS
JUGO DE NARANJA FRUGOS 970 ML;JUGO DE NARANJA FRUGOS 970 ML;BEBIDAS
JUGO DE NARANJA FRUGOS DEL VALLE FRESH 500 ML;JUGO DE NARANJA FRUGOS DEL VALLE FRESH 500 ML;BEBIDAS
JUGO DE NARANJA GLORIA 200 ML;JUGO DE NARANJA GLORIA 200 ML;BEBIDAS
JUGO DE NARANJA GLORIA 250 ML;JUGO DE NARANJA GLORIA 200 ML;BEBIDAS
JUGO DE NARANJA PASTEURIZADO;JUGO DE NARANJA PASTEURIZADO;REFRIGERADOS
JUGO DE NARANJA PASTEURIZADO ECOFRESH X 400 ML;JUGO DE NARANJA PASTEURIZADO ECOFRESH 400 ML;REFRIGERADOS
JUGO DE NARANJA PASTEURIZADO X 250 ML - BOT;JUGO DE NARANJA PASTEURIZADO X 250 ML;REFRIGERADOS
JUGO DE NARANJA PASTEURIZADO X 3.8 LT;JUGO DE NARANJA PASTEURIZADO;REFRIGERADOS
JUGO DE NARANJA WATTS 1 LT;JUGOS NARANJA 1 LT WATTS;BEBIDAS
JUGO DE NARANJA WATTS 946 ML;JUGO DE NARANJA WATTS 946 ML;BEBIDAS
JUGO DE PERA AQUARIUS 500/600 ML;JUGO AQUARIUS PERA 500 ML;BEBIDAS
JUGO DE PERA LAIVE 200 ML;JUGO DE PERA LAIVE 200 ML;BEBIDAS
JUGO DE PIÑA GLORIA 250 ML;JUGO DE PIÑA GLORIA 250 ML;BEBIDAS
JUGO DE PIÑA PASTEURIZADO ECOFRESH X 400 ML;JUGO DE PIÑA PASTEURIZADO ECOFRESH 400 ML;REFRIGERADOS
JUGO DE PIÑA PASTEURIZADO X 250 ML - BOT;JUGO DE PIÑA PASTEURIZADO X 250 ML;REFRIGERADOS
JUGO DE PIÑA PASTEURIZADO X 3.8 LT;JUGO DE PIÑA PASTEURIZADO;REFRIGERADOS
JUGO DE PIÑA WATTS 1 LT;JUGOS PIÑA 1 LT WATTS;BEBIDAS
JUGO FRUIT PUNCH FRUGOS DEL VALLE FRESH 500 ML;JUGO FRUIT PUNCH FRUGOS DEL VALLE FRESH 500 ML;BEBIDAS
JUGO KIWIFRESH 510 ML;JUGO KIWIFRESH 510 ML;ABARROTES
JUGO TAMPICO NARANJA 3.8 LT;JUGO DE NARANJA LT;BEBIDAS
JUGO TROPICAL PASTEURIZADO ECOFRESH X 400 ML;JUGO TROPICAL PASTEURIZADO ECOFRESH 400 ML;REFRIGERADOS
JUGO TROPICAL PASTEURIZADO X 250 ML - BOT;JUGO TROPICAL PASTEURIZADO 250 ML;REFRIGERADOS
JUGOS DURAZNO FRUGOS 235 ML;JUGOS DURAZNO FRUGOS 235 ML;BEBIDAS
JUREL FILETE CON PIEL CONGELADO;JUREL FILETE CON PIEL CONGELADO;CONGELADOS
KEKE BIMBOLETE MARMOLEADO 02 UND 70 GR;KEKE BIMBOLETE;ABARROTES
KEKE BIMBOLETE MARMOLEADO 55 GR;KEKE BIMBOLETE MARMOLEADO 55 GR X 2 UND;ABARROTES
KEKE BIMBOLETES VAINILLA 55 GR;KEKE BIMBOLETTES 55 GR;ABARROTES
KETCHUP;KETCHUP;ABARROTES
KETCHUP B&D 4 LT;KETCHUP 4 KG;ABARROTES
KETCHUP COMPASS  400 GR CHISGUETE;KETCHUP;ABARROTES
KETCHUP DERBY 4 LT;KETCHUP 4 KG;ABARROTES
KETCHUP HELLMANNS 390/400 GR;KETCHUP PERSONAL SACHET 10 GR;ABARROTES
KETCHUP SACHET 10 GR;KETCHUP PERSONAL SACHET 10 GR;ABARROTES
KETCHUP TRESA 4 LT;KETCHUP 4 KG;ABARROTES
KETCHUP TRESA PERSONAL 10 GR;KETCHUP PERSONAL SACHET 10 GR;ABARROTES
KION;KION;FFVV
KION MOLIDO ENVASADO;KION MOLIDO ENVASADO;REFRIGERADOS
KION MOLIDO SECO;KION MOLIDO SECO;ABARROTES
KION MOLIDO SECO 4 ESTACIONES 250 GR;KION MOLIDO SECO;ABARROTES
KION MOLIDO X KG;KION MOLIDO ENVASADO;REFRIGERADOS
KION REFRIGERADO;KION;FFVV
KIT DE PECHO PARA SMARTPHONE GIRO 360;KIT DE PECHO PARA SMARTPHONE GIRO 360;PROTECCION Y SEGURIDAD             
KIWICHA AVENA 3 OSITOS 170 GR;AVENA CON KIWICHA;ABARROTES
LAPICERO FABER CASTELL 031- NEGRO;LAPICERO FABER CASTELL 031 - NEGRO;KIOSKO
LAPICERO FABER CASTELL 031-F AZUL;LAPICERO FABER CASTELL 031 - F AZUL;KIOSKO
LASAGNA MOLITALIA 350 GR;PASTA LASAGÑA;ABARROTES
LASAÑA DE CARNE CONGELADO X 1KG;LASAÑA DE CARNE CONGELADO;ABARROTES
LAUNDRY DEGREASER SPARTAN 19 LITROS;LAUNDRY DEGREASER SPARTAN - DESENGRASANTE ROPA;LIMPIEZA
LAUNDRY DEGREASER SPARTAN 3.875 LITROS;LAUNDRY DEGREASER SPARTAN - DESENGRASANTE ROPA;LIMPIEZA
LAUNDRY DEGREASER SPARTAN 5 LITROS;LAUNDRY DEGREASER SPARTAN - DESENGRASANTE ROPA;LIMPIEZA
LAUNDRY SPOTTING SOLUTION SPARTAN 19 LITROS;LAUNDRY SPOTTING SOLUTION SPARTAN - LIMPIADOR Y RE;LIMPIEZA
LAUNDRY SPOTTING SOLUTION SPARTAN 3.875 LITROS;LAUNDRY SPOTTING SOLUTION SPARTAN - LIMPIADOR REMO;LIMPIEZA
LAUNDRY SPOTTING SOLUTION SPARTAN 5 LITROS;LAUNDRY SPOTTING SOLUTION SPARTAN - LIMPIADOR REMO;LIMPIEZA
LAUREL;LAUREL;ABARROTES
LAUREL 4 ESTACIONES 1 KG;LAUREL;ABARROTES
LAUREL 4 ESTACIONES 500 GR;LAUREL;ABARROTES
LAVAVAJILLA GEL DARYZA LT;LAVAVAJILLA GEL DARYZA LT;LIMPIEZA
LAVAVAJILLA SAPOLIO  360 GR;LAVAVAJILLA SAPOLIO KG;LIMPIEZA
LAVAVAJILLA SAPOLIO 900 GR;LAVAVAJILLA SAPOLIO KG;LIMPIEZA
LAVAVAJILLA X 1000 GR. SAPOLIO 8305162;LAVAVAJILLA SAPOLIO KG;LIMPIEZA
LECHE CHOCOLATADA GLORIA 1 LT;LECHE CHOCOLATADA;REFRIGERADOS
LECHE CHOCOLATADA LAIVE 1 LT;LECHE CHOCOLATADA;REFRIGERADOS
LECHE CHOCOLATADA LAIVE 180 ML;LECHE CHOCOLATADA LAIVE 180 ML;ABARROTES
LECHE CONDENSADA GLORIA 393 GR;LECHE CONDENSADA LATA;ABARROTES
LECHE CONDENSADA LATA;LECHE CONDENSADA LATA;ABARROTES
LECHE CONDENSADA NESTLE 100 GR;LECHE CONDENSADA LATA;ABARROTES
LECHE CONDENSADA NESTLE 393 GR;LECHE CONDENSADA LATA;ABARROTES
LECHE CONDENSADA NESTLE 4.5 KG;LECHE CONDENSADA;ABARROTES
LECHE DE SOYA SOY VIDA 946 ML;LECHE DE SOYA;ABARROTES
LECHE EN BRICK DESCREMADA LAIVE 946 ML;LECHE EN BRICK DESCREMADA;REFRIGERADOS
LECHE EN BRICK LAIVE 946 ML;LECHE FRESCA UHT LIGHT;REFRIGERADOS
LECHE EN BRICK LIGHT GLORIA 1 LT;LECHE FRESCA UHT LIGHT;REFRIGERADOS
LECHE EN BRICK LIGHT GLORIA 1 LT (E);LECHE FRESCA UHT LIGHT;REFRIGERADOS
LECHE EN BRICK LIGHT GLORIA 946 ML;LECHE FRESCA UHT LIGHT;REFRIGERADOS
LECHE EN BRICK SIN LACTOSA  LAIVE  1 LT;LECHE FRESCA UHT LIGHT;REFRIGERADOS
LECHE EN BRICK SIN LACTOSA GLORIA 1 LT;LECHE FRESCA UHT LIGHT;REFRIGERADOS
LECHE EN BRICK SIN LACTOSA LAIVE 946 ML;LECHE FRESCA UHT LIGHT;REFRIGERADOS
LECHE EN TARRO GLORIA 400 ML;LECHE CLASICA EVAPORADA LATA;ABARROTES
LECHE EVAPORADA;LECHE EVAPORADA;ABARROTES
LECHE EVAPORADA (CONCENTRADA) LAIVE BOLSITARRO 400 ML;LECHE EVAPORADA;ABARROTES
LECHE EVAPORADA (CONCENTRADA) LAIVE BOLSITARRO 800 ML;LECHE EVAPORADA;ABARROTES
LECHE EVAPORADA LIGHT LAIVE CAJA 400 ML;LECHE EVAPORADA LIGHT TETRA;ABARROTES
LECHE FRESCA UHT LIGHT;LECHE FRESCA UHT LIGHT;REFRIGERADOS
LECHE SIN LACTOSA  GLORIA 1 LT;LECHE FRESCA UHT SIN LACTOSA;REFRIGERADOS
LECHE SIN LACTOSA SABOR CHOCOLATE LAIVE 170 ML;LECHE SIN LACTOSA SABOR CHOCOLATE LAIVE 170 ML;ABARROTES
LECHE SIN LACTOSA SABOR CHOCOLATE LAIVE 180 ML;LECHE SIN LACTOSA SABOR CHOCOLATE LAIVE 180 ML;ABARROTES
LECHON ENTERO CONGELADO (PESO DE 7 A 9 KG.);LECHON ENTERO CONGELADO;CONGELADOS
LECHON ENTERO CONGELADO (PESO DE 8 A 10 KG.);LECHON ENTERO CONGELADO;CONGELADOS
LECHON ENTERO CONGELADO (PESO DE 9 A 12 KG.);LECHON ENTERO CONGELADO;CONGELADOS
LECHUGA AMERICANA;LECHUGA AMERICANA;FFVV
LECHUGA MORADA;LECHUGA ORGANICA;FFVV
LECHUGA MORADA (L);LECHUGA ORGANICA;FFVV
LECHUGA ORGANICA;LECHUGA ORGANICA;FFVV
LECHUGA ORGANICA (L);LECHUGA ORGANICA;FFVV
LECHUGA ORGANICA REFRIGERADO;LECHUGA ORGANICA;FFVV
LEJIA CONCENTRADA DARYZA 4 LT (GL);LEJIA DARYZA LT;LIMPIEZA
LEJIA SAPOLIO  2 LT;LEJIA CONCENTRADA 5.25%;LIMPIEZA
LEJIA SAPOLIO 1LT;LEJIA SAPOLIO 1;LIMPIEZA
LEJIA SAPOLIO 3.785 ML;LEJIA SAPOLIO LT;LIMPIEZA
LEJIA SAPOLIO 5 LT X 4UND;LEJIA SAPOLIO LT;LIMPIEZA
LEJIA SAPOLIO LT;LEJIA SAPOLIO LT;LIMPIEZA
LENTEJA;LENTEJA;ABARROTES
LENTEJA CANTA CLARO 5 KG;LENTEJA;ABARROTES
LENTEJA CANTA CLARO 500 GR;LENTEJA;ABARROTES
LENTEJA COSTEÑO 500 GR;LENTEJA;ABARROTES
LENTEJA CRIMSON CANTA CLARO 5 KG;LENTEJA;ABARROTES
LENTEJA KOMILON 5 KG;LENTEJA;ABARROTES
LENTEJA KOMILON 500 GR;LENTEJA;ABARROTES
LEVADURA INSTANTANEA;LEVADURA INSTANTANEA;ABARROTES
LEVADURA INSTANTANEA FLEISCHMANN 500 GR (E);LEVADURA INSTANTANEA;ABARROTES
LEVADURA INSTANTANEA LEVAPAN 500 GR;LEVADURA INSTANTANEA;ABARROTES
LEVADURA INSTANTANEA MAURIPAN 500 GR;LEVADURA INSTANTANEA;ABARROTES
LEVADURA INSTANTANEA MAURIPAN 500 GR (E);LEVADURA INSTANTANEA;ABARROTES
LEVADURA INSTANTANEA MAURIPAN 500 GR (EMER);LEVADURA INSTANTANEA;ABARROTES
LEVADURA INSTANTANEA NICOLLINI 500 GR (EMER);LEVADURA INSTANTANEA;ABARROTES
LEVADURA INSTANTANEA OKEDO INSTANT 500 GR;LEVADURA INSTANTANEA;ABARROTES
LEVADURA INSTANTANEA SAF INSTANT DORADA 500 GR;LEVADURA INSTANTANEA;ABARROTES
LIMON VERDE EXTRA;LIMON VERDE;FFVV
LIMON VERDE EXTRA (L);LIMON VERDE;FFVV
LIMON VERDE REFRIGERADO;LIMON VERDE;FFVV
LIMPIA VIDRIO SAPOLIO 650 ML;LIMPIA VIDRIO DOMESTICO LT;LIMPIEZA
LIMPIAVIDRIO CON GATILLO DARYZA 1 LT;LIMPIA VIDRIO DARIZA;LIMPIEZA
LIMPIAVIDRIO DARYZA 1 LT;LIMPIAVIDRIO DARYZA 1 LT;LIMPIEZA
LIMPIAVIDRIO DARYZA 3.8 LT;LIMPIA VIDRIO DARIZA;LIMPIEZA
LIPSTICK PORTUGAL UND;LIPSTICK PORTUGAL UND;KIOSKO
LIQUID ALKALI  SPARTAN 19 LITROS;LIQUID ALKALI SPARTAN - POTENCIADOR DE DETERGENTE;ABARROTES
LIQUID ALKALI  SPARTAN 3.875 LITROS;LIQUID ALKALI SPARTAN - POTENCIADOR DE DETERGENTE;ABARROTES
LIQUID ALKALI  SPARTAN 5 LITROS;LIQUID ALKALI SPARTAN - POTENCIADOR DE DETERGENTE;ABARROTES
LLAVERO METALICO 4.6 X 2.8 CM C/LOGO SERIGRAFIADO SODEXO (LLM097);LLAVERO METALICO 4.6X2.8 CM C/LOGO SERIG SDX;ATENCION AL PERSONAL               
LM-19 LAPICERO METALICO COLOR GUN;LM-19 LAPICERO METALICO COLOR GUN;ATENCION AL PERSONAL               
LOE STRIPPER  SPARTAN 19 LITROS;LOE STRIPPER SPARTAN - REMOVEDOR DE CERA;LIMPIEZA
LOMO FINO SIN CORDON CONGELADO;LOMO FINO SIN CORDON CONGELADO NACIONAL (P);CONGELADOS
LOMO FINO SIN CORDON CONGELADO BRASILERO;RES LOMO FINO CONGELADO IMPORTADO;CONGELADOS
LOMO FINO SIN CORDON CONGELADO NACIONAL;RES LOMO FINO CONGELADO NACIONAL;CONGELADOS
MACA AVENA;MACA AVENA;ABARROTES
MACA AVENA 3 OSITOS 150 GR;MACA AVENA;ABARROTES
MACA AVENA 3 OSITOS 170 GR;MACA AVENA;ABARROTES
MACA AVENA 3 OSITOS 270 GR;MACA AVENA;ABARROTES
MACA AVENA SANTA CATALINA 300 GR;MACA AVENA;ABARROTES
MAICENA;MAICENA;ABARROTES
MAICENA DURYEA 1 KG;MAICENA;ABARROTES
MAICENA DURYEA 500 GR;MAICENA;ABARROTES
MAICENA INGREDION 25 KG;MAICENA;ABARROTES
MAIZ CANCHA;MAIZ CANCHA;CAJA CHICA                         
MAIZ CANCHA CANTA CLARO 5 KG;MAIZ CANCHA;ABARROTES
MAIZ CANCHA EL PLEBEYO 5 KG;MAIZ CANCHA;ABARROTES
MAIZ CANCHA LLANPU 5 KG (L);MAIZ CANCHA;ABARROTES
MAIZ CANCHA VALLESOL 5 KG;MAIZ CANCHA;ABARROTES
MAIZ MOTE;MAIZ MOTE;ABARROTES
MAIZ MOTE BELEN 5 KG;MAIZ MOTE;ABARROTES
MAIZ MOTE CANTA CLARO 5 KG;MAIZ MOTE;ABARROTES
MAIZ MOTE EL PLEBEYO 5 KG;MAIZ MOTE;ABARROTES
MAIZ MOTE LLANPU 5 KG (L);MAIZ MOTE;ABARROTES
MAIZ MOTE MOLINOS DEL SOL 5 KG;MAIZ MOTE;ABARROTES
MAIZ MOTE VALLESOL 5 KG;MAIZ MOTE;ABARROTES
MAIZ POP CORN  CANTA CLARO 5 KG;MAIZ POP CORN;ABARROTES
MAIZ POP CORN ARO 5 KG;MAIZ POP CORN;ABARROTES
MAIZ POP CORN EL PLEBEYO 500 GR;MAIZ POP CORN;ABARROTES
MAIZ POP CORN KOMILON 5 KG;MAIZ POP CORN;ABARROTES
MAIZ POP CORN LA SERRANITA 5 KG;MAIZ POP CORN;ABARROTES
MAIZ POP CORN SANTIS 1 KG;MAIZ POP CORN;ABARROTES
MAIZ POP CORN VALLESOL 5 KG;MAIZ POP CORN;ABARROTES
MANDARINA;MANDARINA CON PEPA;FFVV
MANDARINA (L);MANDARINA SIN PEPA;FFVV
MANDARINA CON PEPA REFRIGERADO;MANDARINA CON PEPA;FFVV
MANGA DE PUÑO DE PUNTO C/PASE P/DEDOS VENICUT5M;MANGA DE PUÑO DE PUNTO C/PASE P/DEDOS VENICUT 5M;DESCARTABLES
MANGA JACKSON SAFETY G60 KEVLAR;MANGA JACKSON SAFETY G60 KEVLAR;PROTECCION Y SEGURIDAD             
MANI CON PASAS CARTER 100 GR;MANI CON PASAS CARTER 100 GR;ABARROTES
MANI CON PASAS CARTER 37 GR;MANI CON PASAS CARTER 37 GR;ABARROTES
MANI CON PASAS GRANUTS 50 GRM;MANI CON PASAS GRANUTS 50 G;ABARROTES
MANI CON PASAS KARINTO 39 GR;MANI CON PASAS KARINTO 38 GR;ABARROTES
MANI CON PASAS SANTIS 100 GR;MANI CON PASAS SANTIS 100 G;ABARROTES
MANI CON PASAS VALLE ALTO 100 GR;MANI CON PASAS VALLE ALTO 100 GR;ABARROTES
MANI CON PASAS VALLE ALTO 90 GR;MANI CON PASAS VALLE ALTO 90 GR;ABARROTES
MANI CONFITADO CARTER 18 GR;MANI CONFITADO CARTER 18 GR;ABARROTES
MANI NATURAL KARINTO 38 GR;MANI NATURAL KARINTO 38 GR;ABARROTES
MANI ORIENTAL PICANTE CARTER 37 GR;MANI ORIENTAL PICANTE CARTER 37 G;ABARROTES
MANI ORIENTAL SALADO CARTER 37 GR;MANI ORIENTAL SALADO 20 GR CARTER;ABARROTES
MANI SALADO CARTER 37 GR;MANI SALADO CARTER 36 GR;ABARROTES
MANI SALADO ENGALLETADO KARINTO 100 GR;MANI SALADO KARINTO 100 GR;ABARROTES
MANI SALADO ENGALLETADO KARINTO 35 GR;MANI SALADO KARINTO 39 GR;ABARROTES
MANI SALADO KARINTO 20 GR;MANI SALADO 20 GR KARINTO;ABARROTES
MANI SALADO KARINTO 42 GR;MANI SALADO KARINTO 42 GR;ABARROTES
MANI SALADO QUILLABAMBA 50 GR;MANI SALADO QUILLABAMBA 50 GR;ABARROTES
MANI TOSTADO PELADO;MANI TOSTADO PELADO;ABARROTES
MANI TOSTADO PELADO 4 ESTACIONES 1 KG;MANI TOSTADO PELADO;ABARROTES
MANI TOSTADO PELADO TOÑA 1 KG;MANI TOSTADO PELADO;ABARROTES
MANI TUBULAR CONFITADO KARINTO 38 GR;MANI TUBULAR CONFITADO KARINTO 39 GR;ABARROTES
MANI TUBULAR NATURAL SALADO KARINTO 38/35 GR;MANI TUBULAR NATURAL KARINTO 39 GR;ABARROTES
MANI TUBULAR PICANTE KARINTO 42 GR;MANI TUBULAR PICANTE KARINTO 42 GR;ABARROTES
MANITAS DE CERDO (IMPORTACION);CERDO PATA CONGELADO;CONGELADOS
MANJAR AREQUIPEÑO LAIVE 900 GR;MANJAR BLANCO KG;REFRIGERADOS
MANJAR BLANCO BAZO VELARDE 900 GR;MANJAR BLANCO KG;REFRIGERADOS
MANJAR BLANCO KG;MANJAR BLANCO KG;REFRIGERADOS
MANJAR BLANCO NESTLE 1 KG;MANJAR BLANCO KG;REFRIGERADOS
MANJAR BLANQUITO BAZO VELARDE LAIVE 900 GR;MANJAR BLANQUITO;REFRIGERADOS
MANJAR BLANQUITO LAIVE 900 GR;MANJAR BLANQUITO;REFRIGERADOS
MANTECA GRANEL KG;MANTECA GRANEL KG;REFRIGERADOS
MANTECA VEGETAL DE PALMA 10 KG;MANTECA GRANEL KG;REFRIGERADOS
MANTECA VEGETAL DE PALMA LA FAMOSA 10 KG (E);MANTECA GRANEL KG;REFRIGERADOS
MANTECA VEGETAL DEL CAMPO 10 KG;MANTECA GRANEL KG;REFRIGERADOS
MANTECA VEGETAL DORO 10 KG;MANTECA GRANEL KG;REFRIGERADOS
MANTECA VEGETAL GUSTO SELECTO 10 KG;MANTECA GRANEL KG;REFRIGERADOS
MANTECA VEGETAL SELECTO DE ORO 10 KG;MANTECA GRANEL KG;REFRIGERADOS
MANTECA VEGETAL TROPICAL 10 KG;MANTECA GRANEL KG;REFRIGERADOS
MANTEQUILLA GLORIA PERSONAL 10 GR;MANTEQUILLA LAIVE PERSONAL 8 GR;REFRIGERADOS
MANTEQUILLA LAIVE 180 GR;MANTEQUILLA SIN SAL REFRIGERACION GRANEL KG;REFRIGERADOS
MANTEQUILLA LAIVE 200 GR;MANTEQUILLA SIN SAL REFRIGERACION GRANEL KG;REFRIGERADOS
MANTEQUILLA LAIVE 200 GR POTE;MANTEQUILLA SIN SAL REFRIGERACION GRANEL KG;REFRIGERADOS
MANTEQUILLA LAIVE CON SAL KG;MANTEQUILLA SIN SAL REFRIGERACION GRANEL KG;REFRIGERADOS
MANTEQUILLA LAIVE PERSONAL 8 GR;MANTEQUILLA LAIVE PERSONAL 8 GR;REFRIGERADOS
MANTEQUILLA LAIVE PERSONAL LIGHT 8 GR;MANTEQUILLA LAIVE PERSONAL 8 GR;REFRIGERADOS
MANTEQUILLA LIGHT LAIVE  200 GR POTE;MANTEQUILLA LIGHT;REFRIGERADOS
MANTEQUILLA LIGHT LAIVE 180 GR POTE;MANTEQUILLA LIGHT;REFRIGERADOS
MANTEQUILLA SANCOR PERSONAL 10 GRM;MANTEQUILLA LAIVE PERSONAL 8 GR;REFRIGERADOS
MANTEQUILLA SIGMA SIN SAL KG;MANTEQUILLA SIN SAL REFRIGERACION GRANEL KG;REFRIGERADOS
MANZANA DE AGUA REFRIGERADO;MANZANA DE AGUA;FFVV
MANZANA DELICIA;MANZANA ROJA;FFVV
MANZANA DELICIA (L);MANZANA ROJA;FFVV
MANZANA PINK LADY;MANZANA ROJA;FFVV
MANZANA ROJA CHILENA (P);MANZANA ROJA;FFVV
MANZANA ROJA IMPORTADA;MANZANA ROJA;FFVV
MANZANA ROJA REFRIGERADO;MANZANA ROJA;FFVV
MANZANA ROYAL GALA;MANZANA ROYAL;FFVV
MANZANA VERDE IMPORTADA;MANZANA VERDE;FFVV
MANZANA VERDE PARA JUGO;MANZANA DE AGUA;FFVV
MANZANA VERDE PARA JUGO (L);MANZANA DE AGUA;FFVV
MANZANILLA SOBRECITO;MANZANILLA SOBRECITO;ABARROTES
MAQUINA DE AFEITAR GILLETE PRESTOBARBA;PRESTOBARBA DESCARTABLE DOBLE;KIOSKO
MAQUINA DE AFEITAR SHICK;MAQUINA DE AFEITAR UNIDAD;KIOSKO
MAQUINA DE AFEITAR SHICK 24 UND;MAQUINA DE AFEITAR SHICK;KIOSKO
MARACUYA;MARACUYA ENTERA;FFVV
MARACUYA (L);MARACUYA ENTERA;FFVV
MARGARINA ARGENTA BARRA 2 KG;MARGARINA CON SAL REFRIGERADO GRANEL;REFRIGERADOS
MARGARINA CON SAL REFRIGERADO GRANEL;QUESO FRESCO REFRIGERADO;REFRIGERADOS
MARGARINA CON SAL REFRIGERADO GRANEL KG;MARGARINA CON SAL REFRIGERADO GRANEL;REFRIGERADOS
MARGARINA LA DANESA 2 KG;MARGARINA CON SAL REFRIGERADO GRANEL KG;REFRIGERADOS
MARGARINA LA DANESA 220 GR;MARGARINA CON SAL REFRIGERADO GRANEL KG;REFRIGERADOS
MARGARINA LA DANESA 500 GR;MARGARINA CON SAL REFRIGERADO GRANEL KG;REFRIGERADOS
MARGARINA LA DANESA 90 GR;MARGARINA CON SAL REFRIGERADO GRANEL;REFRIGERADOS
MARGARINA LA PREFERIDA 10 KG;MARGARINA CON SAL REFRIGERADO GRANEL KG;REFRIGERADOS
MARGARINA MIMETIC BARRA 2 KG;MARGARINA CON SAL REFRIGERADO GRANEL;REFRIGERADOS
MARGARINA MULTIUSO ROMEA 2.5 KG;MARGARINA CON SAL REFRIGERADO GRANEL;REFRIGERADOS
MARGARINA MULTIUSO ROMEA CAKE 2.5 KG;MARGARINA CON SAL REFRIGERADO GRANEL KG;REFRIGERADOS
MARGARINA PRIMAVERA HOJALDRE 2 KG;MARGARINA HOJALDRE;REFRIGERADOS
MARGARINA SELLO DE ORO 2 KG;MARGARINA CON SAL REFRIGERADO GRANEL;REFRIGERADOS
MARGARINA SELLO DE ORO POTE 190 GR (EMER);MARGARINA CON SAL REFRIGERADO GRANEL KG;REFRIGERADOS
MARGARINA SWISS LAIVE POTE 450 GR;MARGARINA CON SAL REFRIGERADO GRANEL KG;REFRIGERADOS
MARGARINA SWISS LAIVE POTE 450 GR (E);MARGARINA CON SAL REFRIGERADO GRANEL KG;REFRIGERADOS
MARINADO PARA POLLO A LA BRASA EMIC 1 KG;MARINADO PARA POLLO A LA BRASA;ABARROTES
MARISCO MIXTURA CONGELADO;MARISCO MIXTURA CONGELADO;CONGELADOS
MARSHMELLOWS AMBROSOLI SURTIDO 230 GR;MARSHEMELLOWS AMBROSOLI SURTIDO 230 GR;ABARROTES
MASCARILLA 3 PLIEGUES CAJA X 50 UND;MASCARILLA 3 PLIEGUES CAJA X 50 UND;DESCARTABLES
MASCARILLA 3 PLIEGUES DEYSA CARE CJ 50 UN;MASCARILLA 3 PLIEGUES CAJA X 50 UND;DESCARTABLES
MASCARILLA 3 PLIEGUES FACE MASK CJ X 50 UND;MASCARILLA 3 PLIEGUES CAJA X 50 UND;DESCARTABLES
MASCARILLA 3 PLIEGUES FAMILY DOCTOR  CJ X 50 UND;MASCARILLA 3 PLIEGUES CAJA X 50 UND;DESCARTABLES
MASCARILLA 3 PLIEGUES FAMILY DOCTOR CJ X 50 UND;MASCARILLA 3 PLIEGUES CAJA X 50 UND;DESCARTABLES
MASCARILLA 3 PLIEGUES GP CJ X 50 UND;MASCARILLA 3 PLIEGUES CAJA X 50 UND;DESCARTABLES
MASCARILLA 3 PLIEGUES LINK TEK CJ 50 UN;MASCARILLA 3 PLIEGUES CAJA X 50 UND;DESCARTABLES
MASCARILLA 3 PLIEGUES PREMIUM VALMASK CJ 50 UN;MASCARILLA 3 PLIEGUES CAJA X 50 UND;DESCARTABLES
MASCARILLA 3 PLIEGUES VIC CAJA X50UND;MASCARILLA 3 PLIEGUES CAJA X 50 UND;DESCARTABLES
MASCARILLA ASEPTICA 50 UND;MASCARILLA 3 PLIEGUES CAJA X 50 UND;DESCARTABLES
MASCARILLA DESCARTABLE AZUL/BLANCO PK 50 UN;MASCARILLA 3 PLIEGUES CAJA X 50 UND;DESCARTABLES
MASCARILLA DESCARTABLE CAJ X 50 UND;MASCARILLA 3 PLIEGUES CAJA X 50 UND;DESCARTABLES
MASCARILLA KN95 GP CAJA X 10 UND;MASCARILLA KN95;DESCARTABLES
MASCARILLA KN95 SHYLAR CJ 100 UN;MASCARILLA KN95;DESCARTABLES
MASCARILLA N95 TIPO C R&G CAJA X 50 UND;MASCARILLA KN95;DESCARTABLES
MAYONESA;MAYONESA;ABARROTES
MAYONESA ALACENA 4 LT;MAYONESA SCALA EMIC 3.8 KG;ABARROTES
MAYONESA ALACENA 475 GR;MAYONESA;ABARROTES
MAYONESA ALACENA 950/850 GR;MAYONESA;ABARROTES
MAYONESA ALACENA PERSONAL 10 GR (8CC);MAYONESA PERSONAL;ABARROTES
MAYONESA BASE EMIC 3.8 KG;MAYONESA SCALA EMIC 3.8 KG;ABARROTES
MAYONESA BASE MACBEL 4 LT  (E);MAYONESA SCALA EMIC 3.8 KG;ABARROTES
MAYONESA HELLMANS PERSONAL 7.6 GR;MAYONESA PERSONAL;ABARROTES
MAYONESA HELLMANS SUAVE 2900 CC;MAYONESA HELLMANS SUAVE;ABARROTES
MAYONESA SACHET 10 GR;MAYONESA PERSONAL;ABARROTES
MAYONESA SCALA EMIC 3.8 KG;MAYONESA HELLMANS SUAVE;ABARROTES
MAYONESA TRESA PERSONAL 10 GR;MAYONESA PERSONAL;ABARROTES
MAZAMORRA MORADA CEILAN 5 KG;MAZAMORRA MORADA INSTANTANEO;ABARROTES
MAZAMORRA MORADA UNIVERSAL 200/150 GR;MAZAMORRA MORADA INSTANTANEO;ABARROTES
MEDIAS BLANCAS;MEDIAS BLANCAS PAR;KIOSKO
MEJORADOR DE MASA;MEJORADOR DE MASA;ABARROTES
MEJORADOR DE MASA  IBIS KG;MEJORADOR DE MASA;ABARROTES
MEJORADOR DE MASA FLEISCHMAN 5 KG (EMER);MEJORADOR DE MASA;ABARROTES
MEJORADOR DE MASA FLEISCHMANN 5 KGM;MEJORADOR DE MASA;ABARROTES
MEJORADOR DE MASA MAGIMIX AMARILLO LESAFRE 5 KG;MEJORADOR DE MASA;ABARROTES
MEJORADOR MASA STARPAN LEVAPAN 1 KG;MEJORADOR DE MASA;ABARROTES
MEJORADOR MASA STARPAN LEVAPAN 5 KG;MEJORADOR DE MASA;ABARROTES
MEJORADOR MASA SUPERPAN LEVAPAN 5 KG;MEJORADOR DE MASA;ABARROTES
MELON;MELON ROSADO;FFVV
MELON (L);MELON ROSADO;FFVV
MELON EN CUBOS PARA JUGO SORAYA CONGELADO;MELON ROSADO CUBOS CONGELADO;CONGELADOS
MELON ROSADO REFRIGERADO;MELON ROSADO;FFVV
MEMBRILLO;MEMBRILLO;FFVV
MEMBRILLO (L);MEMBRILLO;FFVV
MEMBRILLO REFRIGERADO;MEMBRILLO;FFVV
MERENGUE EN POLVO X 5KG;PREMEZCLA MERENGUE;ABARROTES
MERMELADA DE DURAZNO 500G;MERMELADA DURAZNO;ABARROTES
MERMELADA DE MEMBRILLO 500 GR;MERMELADA DE MEMBRILLO;ABARROTES
MERMELADA FRESA 14 GR;MERMELADA FRESA TRES ESPADAS 14 GR;ABARROTES
MERMELADA FRESA A-1 850 GR;MERMELADA FRESA GRANEL;ABARROTES
MERMELADA FRESA A-1 DOY PACK;MERMELADA FRESA GRANEL;ABARROTES
MERMELADA FRESA COMPASS 350 GR;MERMELADA FRESA GRANEL;ABARROTES
MERMELADA FRESA FANNY 800 GR;MERMELADA FRESA GRANEL;ABARROTES
MERMELADA FRESA GLORIA  DOYPACK X 900 GR;MERMELADA FRESA GRANEL;ABARROTES
MERMELADA FRESA GLORIA DOYPACK 700 GR;MERMELADA FRESA GRANEL;ABARROTES
MERMELADA FRESA GLORIA DOYPACK 800 GR;MERMELADA FRESA GRANEL;ABARROTES
MERMELADA FRESA GRANEL;MERMELADA FRESA GRANEL;ABARROTES
MERMELADA FRESA TRES ESPADAS 14 GR;MERMELADA FRESA TRES ESPADAS 14 GR;ABARROTES
MERMELADA FRESA TRES ESPADAS 16 GR;MERMELADA FRESA TRES ESPADAS 14 GR;ABARROTES
MERMELADA NARANJA 14 GR;MERMELADA FRESA TRES ESPADAS 14 GR;ABARROTES
MERMELADA NARANJA TRES ESPADAS 14 GR;MERMELADA FRESA TRES ESPADAS 14 GR;ABARROTES
MERMELADA NARANJA TRES ESPADAS 16 GR;MERMELADA FRESA TRES ESPADAS 14 GR;ABARROTES
MERMELADA PIÑA QUEEN 1 KG  BOLSA;MERMELADA PIÑA GRANEL;ABARROTES
MERMELADA SAUCO DULCE COSECHA 5 KG;MERMELADA FRESA TRES ESPADAS 14 GR;ABARROTES
MERMELADA SAUCO TRES ESPADAS 14 GR;MERMELADA FRESA TRES ESPADAS 14 GR;ABARROTES
MERMELADA SAUCO TRES ESPADAS 16 GR;MERMELADA FRESA TRES ESPADAS 14 GR;ABARROTES
MEZCLA LACTEA;MEZCLA LACTEA;ABARROTES
MEZCLA LACTEA IDEAL AMANECER 390 GR;MEZCLA LACTEA;ABARROTES
MEZCLA LACTEA LAIVE CREMOSA EN CAJA 480 GR;LECHE EVAPORADA TETRA;ABARROTES
MEZCLA LACTEA LAIVE NUTRILAC BOTELLA 390G;MEZCLA LACTEA;ABARROTES
MEZCLA LACTEA VITAMINIZADA LAIVE 160 GR;MEZCLA LACTEA;ABARROTES
MIEL DE ABEJA KUMARA FOOD 5 KG;MIEL DE ABEJA;ABARROTES
MIEL DE ABEJA KUSASA 600 GR;MIEL DE ABEJA;ABARROTES
MIEL DE ABEJA PERSONAL TRES ESPADAS 14 GR;MIEL DE ABEJA PERSONAL 14 GR;ABARROTES
MILO SACHET 17 GR;ACHOCOLATADO MILO 17 GR;ABARROTES
MILO SACHET 18 GR;ACHOCOLATADO MILO 18 G;ABARROTES
MIX DE SOPA COMPLETO CONGELADO - KGM;MIX DE SOPA COMPLETO CONGELADO;CONGELADOS
MIX DE SOPA COMPLETO CONGELADO NACIONAL - KGM;MIX DE SOPA COMPLETO CONGELADO;CONGELADOS
MIX SALADITO SANTIS 100 GR;MIX SALADITO SANTIS 100 G;ABARROTES
MIXTURA DE MARISCOS CONGELADO;MARISCO MIXTURA CONGELADO;CONGELADOS
MIXTURA DE MARISCOS ECONOMICA;MIXTURA DE MARISCOS ECONOMICA;CONGELADOS
MIXTURA DE NUECES SANTIS 100 GR;MIXTURA DE NUECES X 100 G;ABARROTES
MIXTURA DE NUECES VALLE ALTO 90 GR;MIXTURA DE NUECES VALLE ALTO 90 GR;ABARROTES
ML 300 CIP SPARTAN 19 LITROS;ML 300 CIP SPARTAN - SACAGRASA;ABARROTES
ML 300 CIP SPARTAN 3.875 LITROS;ML 300 CIP SPARTAN - SACAGRASA;ABARROTES
ML 300 CIP SPARTAN 5 LITROS;ML 300 CIP SPARTAN - SACAGRASA;LIMPIEZA
ML 300 FP SPARTAN 19 LITROS;ML 300 FP SPARTAN - REMOVEDOR DE GRASA;ABARROTES
ML 300 FP SPARTAN 3.875 LITROS;ML 300 FP SPARTAN - REMOVEDOR DE GRASA;ABARROTES
MOLDE DE ALUMINIO 16 OZ X 500 UND;MOLDE DE ALUMINIO 16 OZ;DESCARTABLES
MOLDE DE ALUMINIO 28 OZ X 250 UND;MOLDE DE ALUMINIO 28 OZ;DESCARTABLES
MOLDE DE ALUMINIO 8 OZ X 500 UND;MOLDE DE ALUMINIO 8 OZ;DESCARTABLES
MOLLEJA DE POLLO CONGELADO;POLLO MOLLEJA CONGELADO;CONGELADOS
MONDADIENTES;MONDADIENTES;DESCARTABLES
MONDADIENTES BAMBÚ DOBLE PUNTA BOLSA X 250 UND;MONDADIENTES BAMBU DOBLE PUNTA;DESCARTABLES
MONDADIENTES CANDY 200 UND;MONDADIENTES MADERA 200 UND;DESCARTABLES
MONDADIENTES CON ENVOLTURA X MILLAR;MONDADIENTES CON ENVOLTURA;DESCARTABLES
MONDADIENTES PQT X 2500 UND;MONDADIENTES PQT X 2500 UND;DESCARTABLES
MONDONGO CONGELADO;MONDONGO CONGELADO;CONGELADOS
MOPA RUBBERMAID F131;MOPAS RUBBERMAIDE F131;LIMPIEZA
MOPP COMPLETO PARA LUNAS;MOPP COMPLETO PARA LUNAS;ABARROTES
MORCILLA CONGELADO KG;MORCILLA CONGELADO;CONGELADOS
MORON;MORON;ABARROTES
MORON AMERICANO CANTA CLARO 5 KG;MORON;ABARROTES
MORON AMERICANO CANTA CLARO 500 GR;MORON;ABARROTES
MORON AMERICANO COSTEÑO 500 GR;MORON;ABARROTES
MORON AMERICANO KOMILON 5 KG;MORON;ABARROTES
MORON AMERICANO KOMILON 500 GR;MORON;ABARROTES
MORON AMERICANO LA SERRANITA 5 KG;MORON;ABARROTES
MORON AMERICANO VALLESOL 5 KG;MORON;ABARROTES
MORTADELA PARA CAFETIN CONGELADO;MORTADELA PARA CAFETIN CONGELADO;CONGELADOS
MORTADELA PARA CAFETIN CONGELADO 500 GR;MORTADELA PARA CAFETIN CONGELADO;CONGELADOS
MORTADELA PARA CAFETIN CONGELADO KG;MORTADELA PARA CAFETIN CONGELADO;CONGELADOS
MOSTAZA;MOSTAZA;ABARROTES
MOSTAZA ALACENA 220 GR;MOSTAZA;ABARROTES
MOSTAZA B&D 4 KG;MOSTAZA 4 KG;ABARROTES
MOSTAZA DERBY 4 KG;MOSTAZA 4 KG;ABARROTES
MOSTAZA EN CHISGUETTE COMPASS 200 GR;MOSTAZA;ABARROTES
MOSTAZA SACHET 10 GR;MOSTAZA PERSONAÑ SACHET 10 GR;ABARROTES
MOSTAZA TRESA 4 KG;MOSTAZA 4 KG;ABARROTES
MOSTAZA TRESA PERSONAL 10 GR;MOSTAZA PERSONAÑ SACHET 10 GR;ABARROTES
MUFFIN DE CHOCOLATE 100 GR REFRIGERADO;MUFFIN DE CHOCOLATE 100 GR;PANADERIA Y PASTELERIA
MUFFIN TULIPA DE YOGURT Y ARANDANO 110 GRM;MUFFIN TULIPA DE YOGURT Y ARANDANO 110 G;CONGELADOS
MUFFIN TULIPA TRIPLE CHOCOLATE (BOM BOM) 110 GRM;MUFFIN TULIPA CHOCOCHIP 110 G;CONGELADOS
MUÑA;MUÑA;FFVV
MUÑA (L);MUÑA;FFVV
NABO;NABO;FFVV
NABO (L);NABO;FFVV
NABO REFRIGERADO;NABO;FFVV
NARANJA DE JUGO REFRIGERADO;NARANJA DE JUGO;FFVV
NARANJA DE MESA REFRIGERADO;NARANJA DE MESA;FFVV
NARANJA PARA JUGO;NARANJA DE JUGO;FFVV
NARANJA PARA MESA;NARANJA DE MESA;FFVV
NARANJA PARA MESA (L);NARANJA DE MESA;FFVV
NATUCHIPS CAMOTE 90 GR;NATUCHIPS CAMOTE 90 GR;ABARROTES
NECTAR DE PIÑA ECOFRESH 3.8 LT;NECTAR DE PIÑA ECOFRESH 3.8 LT;REFRIGERADOS
NUEZ ENTERA PELADA 4 ESTACIONES 1 KG;NUEZ ENTERA;ABARROTES
NUEZ MOSCADA 4 ESTACIONES 1 KG;NUEZ MOSCADA MOLIDA;ABARROTES
NUEZ MOSCADA MOLIDA;NUEZ MOSCADA MOLIDA;ABARROTES
NUEZ MOSCADA MOLIDA 4 ESTACIONES 50 GR;NUEZ MOSCADA MOLIDA;ABARROTES
OLLUCO ENTERO REFRIGERADO;OLLUCO ENTERO;FFVV
OLLUCO PICADO CONGELADO;OLLUCO PICADO CONGELADO;CONGELADOS
OLLUQUITO FRESCO;OLLUCO ENTERO;FFVV
OLLUQUITO PICADO CONGELADO;OLLUCO PICADO CONGELADO;CONGELADOS
OREGANO ENTERO;OREGANO ENTERO;ABARROTES
OREGANO ENTERO 4 ESTACIONES 1 KG;OREGANO ENTERO;ABARROTES
OREGANO ENTERO SAN JUAN MASIAS 1 KG;OREGANO ENTERO;ABARROTES
PAICO;PAICO;FFVV
PALILLO MOLIDO;PALILLO MOLIDO;ABARROTES
PALILLO MOLIDO 4 ESTACIONES 1 KG;PALILLO MOLIDO;ABARROTES
PALILLO MOLIDO 4 ESTACIONES 500 GR;PALILLO MOLIDO;ABARROTES
PALILLO MOLIDO BADIA 453 GR;PALILLO MOLIDO;ABARROTES
PALITOS DE BROCHETA 20 CM;PALITOS DE BROCHETA 20 CM;DESCARTABLES
PALITOS DE BROCHETA 20 CM  100 UND;PALITOS DE BROCHETA 20 CM;DESCARTABLES
PALITOS DE BROCHETA 20 CM 100 UND;PALITOS DE BROCHETA 20 CM;DESCARTABLES
PALITOS DE BROCHETA 24 CM;PALITOS DE BROCHETA 20 CM;DESCARTABLES
PALITOS DE BROCHETA 24 CM  100 UND;PALITOS DE BROCHETA 20 CM;DESCARTABLES
PALITOS DE BROCHETA 24 CM 100 UND;PALITOS DE BROCHETA 20 CM;DESCARTABLES
PALITOS DE BROCHETA 24 CM MILLAR;PALITOS DE BROCHETA 20 CM;DESCARTABLES
PALLAR;PALLAR;ABARROTES
PALLAR BELEN 5 KG;PALLAR;ABARROTES
PALLAR CANTA CLARO 5 KG;PALLAR;ABARROTES
PALLAR CON TOCINO GAMBRINUS 560 GR;PALLAR;ABARROTES
PALLAR COSECHA ANDINA 5 KG;PALLAR;ABARROTES
PALLAR COSTEÑO 500 GR;PALLAR;ABARROTES
PALLAR KOMILON 5 KG;PALLAR;ABARROTES
PALLAR LA SERRANITA 3 KG;PALLAR;ABARROTES
PALLAR LA SIEMBRA 5 KG;PALLAR;ABARROTES
PALO DE ALUMINIO MOERMAN 140 CM;PALO DE ALUMINIO MOERMAN 140 CM;LIMPIEZA
PALO ESCOBA DE PLASTICO SUPER DALIA VIRUTEX;PALO ESCOBA DE PLASTICO SUPER DALIA VIRUTEX;LIMPIEZA
PALO ESCOBA DE PLASTICO SUPER DALIA VIRUTEX 12 UND;PALO ESCOBA DE PLASTICO SUPER DALIA VIRUTEX;LIMPIEZA
PALO MOPERO METAL H 125 UNIDAD;PALO MOPERO METAL H 125 UNIDAD;LIMPIEZA
PALO MOPERO RUBBERMAID H125;PALO MOPERO METAL H 125 UNIDAD;LIMPIEZA
PALTA;PALTA;FFVV
PAN BLANCO FAMILIAR BIMBO 750 GR;PAN MOLDE BLANCO KG.;ABARROTES
PAN BLANCO XL EXTRA GRANDE BIMBO 770 GR;PAN BLANCO XL EXTRA GRANDE BIMBO 770 GR;ABARROTES
PAN MOLIDO  TAKIS 5 KG;PAN MOLIDO KG.;ABARROTES
PAN MOLIDO BIMBO 250 GR;PAN MOLIDO KG.;ABARROTES
PAN MOLIDO KG.;PAN MOLIDO KG.;ABARROTES
PAN MOLIDO TAKIS 5 KG;PAN MOLIDO KG.;ABARROTES
PAN PRECOCIDO CIABATTA CONGELADO (40 GR);PAN PRECOCIDO CIABATTA CONGELADO 40 GR;CONGELADOS
PAN PRECOCIDO FRANCES CONGELADO (40 GR);PAN PRECOCIDO FRANCES CONGELADO 40 GR;PANADERIA Y PASTELERIA             
PANCA DE CHOCLO;PANCA DE CHOCLO;FFVV
PANCETA CON HUESO Y CON PIEL TIRAS CONGELADO;PANCETA CON HUESO Y CON PIEL TIRAS CONGELADO;CONGELADOS
PANCETA CON HUESO Y CON PIEL TIRAS CONGELADO - REDONDOS;PANCETA CON HUESO Y CON PIEL TIRAS CONGELADO;CONGELADOS
PANCETA CON HUESO Y CON PIEL TIRAS CONGELADO (N);PANCETA CON HUESO Y CON PIEL TIRAS CONGELADO;CONGELADOS
PANCETA CON HUESO Y SIN PIEL TIRAS CONGELADO;PANCETA CON HUESO Y SIN PIEL TIRAS CONGELADO;CONGELADOS
PANCETA CON HUESO Y SIN PIEL TIRAS CONGELADO - REDONDOS;PANCETA CON HUESO Y SIN PIEL TIRAS CONGELADO;CONGELADOS
PANCETA CON HUESO Y SIN PIEL TIRAS CONGELADO (N);PANCETA CON HUESO Y SIN PIEL TIRAS CONGELADO;CONGELADOS
PANELA GRANULADA;PANELA GRANULADA;ABARROTES
PANELA GRANULADA 1KG;PANELA GRANULADA;ABARROTES
PANELA GRANULADA ONZA 1 KG;PANELA GRANULADA;ABARROTES
PANETON (PANETONCITO) DONOFRIO BOLSA 80 GR;PANETON (PANETONCITO) DONOFRIO 90 GR;ABARROTES
PANETON (PANETONCITO) DONOFRIO CAJA 80-90 GR;PANETON (PANETONCITO) DONOFRIO CAJA 90 GR;ABARROTES
PANETON BARLETTA CAJA 900 GR;PANETON BARLETTA CAJA 900 G;ABARROTES
PANETON DONOFRIO CAJA 880 GR;PANETON DONOFRIO CAJA 900 GR;ABARROTES
PANETON EN BOLSA 800 GR COSTA;PANETON EN BOLSA COSTA 900 GR;ABARROTES
PANETON EN CAJA 80 GR COSTA MINIONS;PANETON EN CAJA 80 GR COSTA;ABARROTES
PANETON EN CAJA 90 GR BARLETTA CHOCOCHISPAS;PANETON EN CAJA 90 G BARLETTA CHOCOCHISPAS;ABARROTES
PANETON EN CAJA 900 GR COSTA;PANETON EN CAJA COSTA 900 GR;ABARROTES
PANETON GLORIA BOLSA 900 GR;PANETON GLORIA 900 GR;ABARROTES
PANETON GLORIA CAJA  X 900 GR;PANETON GLORIA CAJA 900 GR;ABARROTES
PANETON GLORIA CAJA X 900 GR;PANETON GLORIA CAJA 900 GR;ABARROTES
PANETON MINI GLORIA BOLSA 80 GR;PANETON MINI GLORIA 80 GR;ABARROTES
PANETON PACK CAJA TODINNO 900 GR + TODINNITO 85 GR;PANETON PACK CAJA TODINNO 900 GR + TODINNITO 85 GR;ABARROTES
PANETON PASQUALINO BOLSA 900 GR;PANETON A GRANEL;ABARROTES
PANETON SODEXO CAJA 90 GR;PANETON SODEXO CAJA 90 GR;ABARROTES
PANETON SODEXO CAJA 900 GR;PANETON SODEXO CAJA;ABARROTES
PANETON WINTERS CAJA 900 GR;PANETON WINTERS CAJA 900 GR;ABARROTES
PAÑITOS HUMEDOS PERFUMADO MILLAR;PAÑITOS HUMEDOS;LIMPIEZA
PAÑO MICROFIBRA AMARILLO DARYZA 38 X 40 CM;PAÑO MICROFIBRA;LIMPIEZA
PAÑO MICROFIBRA AZUL  40 X 40 CM - DARYZA;PAÑO MICROFIBRA;LIMPIEZA
PAÑO MICROFIBRA AZUL CM 40 X 38 - DARYZA;PAÑO MICROFIBRA;LIMPIEZA
PAÑO MICROFIBRA AZUL DARYZA 38 X 40 CM;PAÑO MICROFIBRA;LIMPIEZA
PAÑO MICROFIBRA CASTOR AMARILLA 40 X 40 CM;PAÑO MICROFIBRA;LIMPIEZA
PAÑO MICROFIBRA PARA USO GENERAL ROJO RUBBERMAID;PAÑO MICROFIBRA;LIMPIEZA
PAÑO MICROFIBRA PARA USO GENERAL VERDE RUBBERMAID;PAÑO MICROFIBRA;LIMPIEZA
PAÑO MICROFIBRA VERDE 40 X 40 CM - DARYZA;PAÑO MICROFIBRA;LIMPIEZA
PAÑO MICROFIBRA VERDE DARYZA 38 X 40 CM;PAÑO MICROFIBRA;LIMPIEZA
PAPA AMARILLA;PAPA AMARILLA;FFVV
PAPA AMARILLA (L);PAPA AMARILLA;FFVV
PAPA AMARILLA REFRIGERADO;PAPA AMARILLA;FFVV
PAPA BLANCA;PAPA BLANCA;FFVV
PAPA BLANCA (L);PAPA BLANCA ;FFVV
PAPA BLANCA REFRIGERADO;PAPA BLANCA;FFVV
PAPA CANCHAN;PAPA CANCHAN;FFVV
PAPA COCKTAIL;PAPA COCKTAIL;FFVV
PAPA HUAYRO;PAPA HUAYRO;FFVV
PAPA PRE FRITA CONGELADA;PAPA PRE FRITA CONGELADA;CONGELADOS
PAPA RELLENA CON CARNE 100 G CONGELADO;PAPA RELLENA CON CARNE 100 G CONGELADO;CONGELADOS
PAPA RELLENA CON CARNE 100 GR CONGELADO;PAPA RELLENA CON CARNE 100 G CONGELADO;CONGELADOS
PAPA SECA;PAPA SECA;ABARROTES
PAPA SECA CANTA CLARO 5 KG;PAPA SECA;ABARROTES
PAPA SECA CANTA CLARO 500 GR;PAPA SECA;ABARROTES
PAPA SECA COSTEÑO 500 GR;PAPA SECA;ABARROTES
PAPA SECA EL PLEBEYO 5 KG;PAPA SECA;ABARROTES
PAPA SECA KOMILON 5 KG;PAPA SECA;ABARROTES
PAPA SECA KOMILON 500 GR;PAPA SECA;ABARROTES
PAPA SECA LA SERRANITA 3 KG;PAPA SECA;ABARROTES
PAPA SECA LA SIEMBRA 5 KG;PAPA SECA;ABARROTES
PAPA SECA VALLE NORTE 500 GR;PAPA SECA;ABARROTES
PAPA SECA VALLESOL 5 KG;PAPA SECA;ABARROTES
PAPAS AL HILO 4 ESTACIONES 500 GR;PAPAS AL HILO;ABARROTES
PAPAS LAYS 240 GR;PAPAS LAYS 280 GR;ABARROTES
PAPAS LAYS 32 GR;PAPAS LAYS 32 G;ABARROTES
PAPAS LAYS 36 GR;PAPAS LAYS 36 G;ABARROTES
PAPAS LAYS 38 GR;PAPAS LAYS 38 GR;ABARROTES
PAPAS LAYS 40/32 GR;PAPAS LAYS 40 GR;ABARROTES
PAPAS LAYS NATURAL 34 GR;PAPAS LAYS NATURAL 34 GR;ABARROTES
PAPAS LAYS NATURAL UND 34 GR;PAPAS LAYS NATURAL 34 GR;ABARROTES
PAPAS ONDAS LAYS 130 GR;PAPAS ONDAS;ABARROTES
PAPAS ONDAS LAYS 140 GR;PAPAS ONDAS LAYS 140 GR;ABARROTES
PAPAS ONDAS LAYS 150 GR;PAPAS LAYS 185 GR;ABARROTES
PAPAS ONDAS MAYONESA LAYS 105 GR;PAPAS ONDAS MAYONESA LAYS 105 GR;ABARROTES
PAPAS ONDAS MAYONESA LAYS 34 GR;PAPAS ONDAS MAYONESA LAYS 34 GR;ABARROTES
PAPAS ONDAS MAYONESA LAYS 35 GR;PAPAS ONDAS MAYONESA LAYS 35 GR;ABARROTES
PAPAS ONDAS PICANTE LAYS 105 GR;PAPAS ONDAS PICANTE LAYS 105 GR;ABARROTES
PAPAS ONDAS PICANTE LAYS 140 GR;PAPAS ONDAS PICANTE LAYS 150 GR;ABARROTES
PAPAS ONDAS PICANTE LAYS 35 GR;PAPAS ONDAS PICANTE LAYS 35 GR;ABARROTES
PAPAS PICANTES CARTER 36 GRM;PAPAS PICANTE CARTER 36 G;ABARROTES
PAPAYA;PAPAYA ENTERO;FFVV
PAPAYA (L);PAPAYA ENTERO;FFVV
PAPAYA ENTERO REFRIGERADO;PAPAYA ENTERO;FFVV
PAPAYA PULPA CONGELADO;PAPAYA PULPA CONGELADO;CONGELADOS
PAPEL ANTIGRASA 25X35CM CON DISEÑO 1 COLOR X MILLAR;PAPEL ANTIGRASA 25X35 CM CON DISEÑO 1 COLOR;DESCARTABLES
PAPEL DE ALUMINIO UTIL 12 X 300 MT;PAPEL ALUMINIO 12 x 304 MT;DESCARTABLES
PAPEL DE ALUMINIUM HY TOP 18 X 37.5;PAPEL ALUMINIO 18 X 37.5 CM;ABARROTES
PAPEL GRASA CHECO;PAPEL GRASA;DESCARTABLES
PAPEL HIGIENICO DOBLE HOJA SUAVE RESISTEMAX 15 MT;PAPEL HIGIENICO DOBLE HOJA SUAVE RESISTEMAX 15 MT;LIMPIEZA
PAPEL HIGIENICO DOBLE HOJA SUAVE RESISTEMAX 15 MT (30242657);PAPEL HIGIENICO DOBLE HOJA SUAVE RESISTEMAX 15 MT;LIMPIEZA
PAPEL HIGIENICO GOFRADO SCOTT 15 MT ( 30206615);PAPEL HIGIENICO GOFRADO SCOTT 15 MT;LIMPIEZA
PAPEL HIGIENICO JUMBO BLANCO SCOTT 550 MT;PAPEL HIGIENICO BLANCO JUMBO 550 MT;LIMPIEZA
PAPEL HIGIENICO JUMBO BLANCO SCOTT 550 MT (30228044);PAPEL HIGIENICO JUMBO BLANCO SCOTT 550 MT(30228044;LIMPIEZA
PAPEL HIGIENICO JUMBO BLANCO SCOTT 550 MT(30228044;PAPEL HIGIENICO JUMBO BLANCO SCOTT 550 MT(30228044;LIMPIEZA
PAPEL HIGIENICO JUMBO BLANCO SUAVE 550 MT (30219852);PAPEL HIGIENICO JUMBO BLANCO SUAVE 550 MT(30219852;LIMPIEZA
PAPEL HIGIENICO JUMBO BLANCO SUAVE 550 MT (30223592);PAPEL HIGIENICO JUMBO BLANCO SUAVE 550 MT(30219852;LIMPIEZA
PAPEL HIGIENICO SUAVE 15.96 MTS (30241893);PAPEL HIGIENICO SUAVE 15.96 MTS;LIMPIEZA
PAPEL HIGIÉNICO SUAVE 16MTS (30229579);PAPEL HIGIENICO SUAVE 16 MTS;LIMPIEZA
PAPEL HIGIENICO SUAVE DOBLE HOJA;PAPEL HIGIENICO SUAVE DOBLE HOJA;LIMPIEZA
PAPEL HIGIENICO SUAVE DOBLE HOJA (LCL);PAPEL HGIENICO SUAVE DOBLE HOJA (QUELLAVECO);LIMPIEZA
PAPEL HIGIENICO VERDE 16 MT X 20 ROLLOS;PAPEL HIGIENICO VERDE 16 MT X 20 ROLLOS;DESCARTABLES
PAPEL MANTECA;PAPEL MANTECA;DESCARTABLES
PAPEL MANTECA RESMA  PAQ 450 HOJAS;PAPEL MANTECA;DESCARTABLES
PAPEL MANTECA RESMA PAQ 450 HOJAS;PAPEL MANTECA;DESCARTABLES
PAPEL MANTECA ROLLO;PAPEL MANTECA;DESCARTABLES
PAPEL PARAFINADO 24 X 25 35 GR (1 COLOR) MILLAR;PAPEL PARAFINADO 24 X 25 35 GR (1 COLOR);DESCARTABLES
PAPEL PARAFINADO 29 X 33 30 GR (1 COLOR) MILLAR;PAPEL PARAFINADO 29 X 33 GR (1 COLOR);DESCARTABLES
PAPEL POLIGRASA 50 X 70;PAPEL POLIGRASA 50 X 70;DESCARTABLES
PAPEL TOALLA AIRFLEX BLANCO BASIC SCOTT 200 MT (30;PAPEL TOALLA AIRFLEX BLANCO BASIC SCOTT 200 MT (30;LIMPIEZA
PAPEL TOALLA AIRFLEX BLANCO BASIC SCOTT 200 MT (30242645 - 30228197);PAPEL TOALLA AIRFLEX BLANCO BASIC SCOTT 200 MT (30;LIMPIEZA
PAPEL TOALLA AIRFLEX BLANCO SCOTT 200 MT (30224771);PAPEL TOALLA AIRFLEX BLANCO SCOTT 200 MT (30224771;LIMPIEZA
PAPEL TOALLA INTERFOLIADO AIRFLEX BLANCO SCOTT ESSENT 150 HOJAS 28 GR (30228392);PAPEL T. INTERF AIRFLEX BLANCO SCOTT 150 HOJ 28 GR;DESCARTABLES
PAPEL TOALLA INTERFOLIADO BLANCO ELITE 200 HOJAS;PAPEL TOALLA INTERFOLIADO BLANCO ELITE 200 HOJAS;LIMPIEZA
PAPEL TOALLA INTERFOLIADO BLANCO SCOTT 175 HOJAS;PAPEL TOALLA INTERFOLIADO BLANCO SCOTT 175 HOJAS;LIMPIEZA
PAPEL TOALLA KCP SCOTT RLL 2P 6X2 X100H (30240559);PAPEL TOALLA KCP SCOTT RLL 2P 6X2X100H;LIMPIEZA
PAPEL TOALLA KCP WIPERS SCOTT 60 HOJAS 3 ROLL (30228620);PAPEL TOALLA KCP WIPERS SCOTT 60 HOJAS 3 ROLL;LIMPIEZA
PAPEL TOALLA NATURAL JUMBO SCOTT 200 MT (30203351);PAPEL TOALLA NATURAL JUMBO SCOTT 200 MT (30203351);LIMPIEZA
PAPEL TOALLA SCOTT ABSORB X 4 UND;PAPEL TOALLA SCOTT ABSORB X 4 UND;LIMPIEZA
PAPRIKA;PAPRIKA;ABARROTES
PAPRIKA 1 KG (E);PAPRIKA;ABARROTES
PAPRIKA 4 ESTACIONES 1 KG;PAPRIKA;ABARROTES
PAPRIKA 4 ESTACIONES 500 GR;PAPRIKA;ABARROTES
PAPRIKA BADIA 453.6 GRM ( 16 OZ);PAPRIKA;ABARROTES
PAPRIKA BELEN 1 KG;PAPRIKA;ABARROTES
PAPRIKA BELEN 500GR;PAPRIKA;ABARROTES
PAPRIKA TOÑA 1 KG;PAPRIKA;ABARROTES
PAPRIKA TOÑA 500 GR;PAPRIKA;ABARROTES
PARIHUELA DE MADERA EAN 1.00 X 1.20 MT;PARIHUELA DE MADERA EAN 1.00 X 1.20 MT;ABARROTES
PASAS NEGRAS SECAS;PASAS NEGRAS SECAS;ABARROTES
PASAS SECAS NEGRAS 4 ESTACIONES 1 KG;PASAS NEGRAS SECAS;ABARROTES
PASAS SECAS NEGRAS GARDEN 4 ESTACIONES 1 KG;PASAS NEGRAS SECAS;REFRIGERADOS
PASAS SECAS NEGRAS SAN JUAN MASIAS 1 KG;PASAS NEGRAS SECAS;ABARROTES
PASAS SECAS RUBIAS 4 ESTACIONES 1 KG;PASAS RUBIAS SECAS;ABARROTES
PASTA DE AJI AMARILLO;PASTA DE AJI AMARILLO;ABARROTES
PASTA DE AJI AMARILLO EMIC 1 KG;PASTA DE AJI AMARILLO;ABARROTES
PASTA DE AJI AMARILLO RAM 1 KG;PASTA DE AJI AMARILLO RAM;ABARROTES
PASTA DE AJI PANCA;PASTA DE AJI PANCA;ABARROTES
PASTA DE AJI PANCA EMIC 1 KG;PASTA DE AJI PANCA;ABARROTES
PASTA DE AJI PANCA RAM 1 KG;PASTA DE AJI PANCA RAM KG;ABARROTES
PASTA DE AJO;PASTA DE AJO;ABARROTES
PASTA DE AJO CONCENTRADA EMIC 1 KG;PASTA DE AJO;ABARROTES
PASTA DE AJO EMIC  1 KG;PASTA DE AJO;ABARROTES
PASTA DE AJO EMIC 1 KG;PASTA DE AJO;ABARROTES
PASTA DE AJO RAM 1 KG;PASTA DE AJO RAM;ABARROTES
PASTA DE ROCOTO EMIC 1 KG;PASTA DE ROCOTO RAM;ABARROTES
PASTA DE TOMATE;PASTA DE TOMATE;ABARROTES
PASTA DE TOMATE B&D 3.20 KG;PASTA DE TOMATE;ABARROTES
PASTA DE TOMATE EMIC 1 KG;PASTA DE TOMATE;ABARROTES
PASTA DE TOMATE MAGGI 1 KG;PASTA DE TOMATE;ABARROTES
PASTA WANTAN CONGELADA;PASTA WANTAN CONGELADO;CONGELADOS
PASTA WANTAN CONGELADO;PASTA WANTAN CONGELADO;CONGELADOS
PASTILLA DE LAVADO RATIONAL MODELO N°56.00.21;PASTILLA DE LAVADO RATIONAL MODELO N°56.00.21;LIMPIEZA
PASTILLAS DE LAVADO RATIONAL MODELO NO. 56.00.210;PASTILLA DE LAVADO RATIONAL MODELO N°56.00.21;LIMPIEZA
PASTILLAS DESCALCIFICADORAS RATIONAL MODELO NO. 56.00.562;PASTILLAS DESCALSIFICADORAS RATIONAL MODELO N°56.;LIMPIEZA
PASTILLAS DESCALSIFICADORAS RATIONAL MODELO N°56.;PASTILLAS DESCALSIFICADORAS RATIONAL MODELO N°56.;LIMPIEZA
PATA DE RES CONGELADO;RES PATA CONGELADO;CONGELADOS
PATAS DE CERDO (IMPORTACION);CERDO PATA CONGELADO;CONGELADOS
PATITA DE CERDO CONGELADO;CERDO PATA CONGELADO;CONGELADOS
PATO ENTERO EVIS S/PATAS Y S/CABEZA CONG;PATO ENTERO EVIS S/PATAS Y S/CABEZA CONG;CONGELADOS
PATO ENTERO SIN EXTREMIDADES CONGELADO;PATO ENTERO EVIS S/PATAS Y S/CABEZA CONG;CONGELADOS
PAVO ENTERO CON MENUDENCIA CONGELADO;PAVO ENTERO CON MENUDENCIA CONGELADO;CONGELADOS
PAVO ENTERO CON MENUDENCIA CONGELADO (N);PAVO ENTERO CON MENUDENCIA CONGELADO;CONGELADOS
PEANA PELADA VALLE ALTO X 90 GR;PEANA PELADA VALLE ALTO X 90 GR;ABARROTES
PECANA 4 ESTACIONES 1 KG;PECANAS PELADAS;ABARROTES
PECANA PARTIDA TOÑA 1 KG;PECANAS PELADAS;ABARROTES
PECANA PELADA RIKOSFOODS 80 GR;PECANAS PELADAS;ABARROTES
PECANA PELADA SANTIS 80 GR;PECANAS PELADAS;ABARROTES
PECANA PELADA SANTIS 90 GR;PECANAS PELADAS;ABARROTES
PECANA PELADA VALLEALTO X  90 GR;PECANAS PELADAS;ABARROTES
PECANA PELADA VALLEALTO X 90 GR;PECANAS PELADAS;ABARROTES
PECANA TOÑA 1 KG;PECANAS PELADAS;ABARROTES
PECANAS PELADAS;PECANAS PELADAS;ABARROTES
PECHUGA DE PAVO CON HUESO CONGELADO;PAVO PECHUGA CON HUESO CONGELADO;CONGELADOS
PECHUGA DE PAVO CON HUESO Y CON PIEL CONGELADO;PAV - PAVO PECHUGA C/HUESO Y C/PIEL CONGELADO;CONGELADOS
PECHUGA DE PAVO DESHUESADA;PECHUGA DE PAVO SIN HUESO CONGELADO;CONGELADOS
PECHUGA DE PAVO DESHUESADA (BL);PECHUGA DE PAVO SIN HUESO CONGELADO;CONGELADOS
PECHUGA DE PAVO DESHUESADA (BLOQUE * 10);PECHUGA DE PAVO SIN HUESO CONGELADO;CONGELADOS
PECHUGA DE PAVO DESHUESADA (N);PECHUGA DE PAVO SIN HUESO CONGELADO;CONGELADOS
PECHUGA DE PAVO SAN FERNANDO;PECHUGA DE PAVO SIN HUESO CONGELADO;CONGELADOS
PECHUGA DE PAVO SIN HUESO CON PIEL CONGELADO;PECHUGA DE PAVO SIN HUESO Y CON PIEL CONGELADO;CONGELADOS
PECHUGA DE PAVO SIN HUESO CONGELADO;PECHUGA DE PAVO SIN HUESO CONGELADO;CONGELADOS
PECHUGA DE POLLO C/HUESO Y PIEL CONGELADO;PECHUGA DE POLLO S/HUESO Y PIEL CONGELADO;CONGELADOS
PECHUGA DE POLLO EN TROZOS S/H S/P - IMPORTACION;PECHUGA DE POLLO S/HUESO Y PIEL CONGELADO;CONGELADOS
PECHUGA DE POLLO S/HUESO S/PIEL;PECHUGA DE POLLO S/HUESO Y PIEL CONGELADO;CONGELADOS
PECHUGA DE POLLO S/HUESO S/PIEL 100 -120 GR CONGELADO - KGM;PECHUGA DE POLLO S/HUESO Y PIEL CONGELADO;CONGELADOS
PECHUGA DE POLLO S/HUESO S/PIEL 120-140 GR CONGELADO - KGM;PECHUGA DE POLLO S/HUESO Y PIEL CONGELADO;CONGELADOS
PECHUGA DE POLLO S/HUESO S/PIEL CONGELADO - IMPORTACION;PECHUGA DE POLLO S/HUESO Y PIEL CONGELADO;CONGELADOS
PECHUGA DE POLLO S/HUESO S/PIEL CONGELADO - KGM;PECHUGA DE POLLO S/HUESO Y PIEL CONGELADO;CONGELADOS
PECHUGA DE POLLO S/HUESO Y PIEL CONGELADO;PECHUGA DE POLLO S/HUESO Y PIEL CONGELADO;CONGELADOS
PECHUGA ECONOMICA DE PAVO CON HUESO CONGELADO;PAVO PECHUGA ECONOMICA CON HUESO CONGELADO;CONGELADOS
PEINE DE BOLSILLO;PEINE DE BOLSILLO UNIDAD;KIOSKO
PEJERREY CORTE MARIPOSA S/CABEZA Y C/COLA CONGELADO;PEJERREY CORTE MARIPOSA S/CABEZA Y C/COLA CONGELAD;ABARROTES
PEPINILLO;PEPINILLO;FFVV
PEPINILLO (L);PEPINILLO;FFVV
PEPINILLO REFRIGERADO;PEPINILLO;FFVV
PERA PACKHAMS IMPORTADA;PERA PACKHAMS;FFVV
PERA PACKHAMS REFRIGERADO;PERA PACKHAMS;FFVV
PEREJIL;PEREJIL;FFVV
PEREJIL (L);PEREJIL;FFVV
PEREJIL LIZO REFRIGERADO;PEREJIL;FFVV
PERICO FILETE CON PIEL CONGELADO;PEZ PERICO FILETE CON PIEL CONGELADO;CONGELADOS
PERICO FILETE SIN PIEL CONGELADO- KGM;PEZ PERICO FILETE SIN PIEL CONGELADO;CONGELADOS
PEZ PERICO FILETE SIN PIEL CONGELADO;PEZ PERICO FILETE SIN PIEL CONGELADO;CONGELADOS
PICADILLO PARA CHAUFA CONGELADO;PICADILLO PARA CHAUFA CONGELADO;CONGELADOS
PIERNA DE CERDO CON  PIEL Y SIN HUESO CONGELADO;PIERNA DE CERDO SIN HUESO;CONGELADOS
PIERNA DE CERDO SIN PIEL Y SIN HUESO CONGELADO;PIERNA DE CERDO SIN HUESO;CONGELADOS
PIERNA DE CERDO SIN PIEL Y SIN HUESO CONGELADO - FOOD MARKETS;PIERNA DE CERDO SIN HUESO;CONGELADOS
PIERNA DE CERDO SIN PIEL Y SIN HUESO CONGELADO - REDONDOS;PIERNA DE CERDO SIN HUESO;CONGELADOS
PIERNA DE CERDO SIN PIEL Y SIN HUESO CONGELADO (IMPORTACION);PIERNA DE CERDO SIN HUESO;CONGELADOS
PIERNA DE CERDO SIN PIEL Y SIN HUESO CONGELADO (N);PIERNA DE CERDO SIN HUESO;CONGELADOS
PIERNA DE CORDERO CONGELADO;CORDERO PIERNA CONGELADO;CONGELADOS
PIERNA DE PAVO DESHUESADA SIN PIEL CONGELADA;PIERNA DE PAVO DEHUESADO SIN PIEL CONGELADO;ABARROTES
PIERNA DE POLLO CON ENCUENTRO CONGELADO;POLLO PIERNA CON ENCUENTRO CONGELADO;CONGELADOS
PIERNA DE POLLO CON ENCUENTRO CONGELADO (BLOQUE * 10);POLLO PIERNA CON ENCUENTRO CONGELADO;CONGELADOS
PIERNA DE POLLO CON ENCUENTRO CONGELADO (BLOQUE 18 KG) IMPORT;POLLO PIERNA CON ENCUENTRO CONGELADO;CONGELADOS
PIERNA DE POLLO CON ENCUENTRO CONGELADO (BLOQUE);POLLO PIERNA CON ENCUENTRO CONGELADO;CONGELADOS
PIERNA DE POLLO CON ENCUENTRO CONGELADO (BLOQUE) IMPORT;POLLO PIERNA CON ENCUENTRO CONGELADO;CONGELADOS
PIERNA DE POLLO CON ENCUENTRO CONGELADO (BOLSA);POLLO PIERNA CON ENCUENTRO CONGELADO;CONGELADOS
PIERNA DE POLLO CON ENCUENTRO CONGELADO (BOLSA) IMPORT;POLLO PIERNA CON ENCUENTRO CONGELADO;CONGELADOS
PIERNA DE POLLO CON ENCUENTRO CONGELADO (IMPORTACION BOLSA 3X5);POLLO PIERNA CON ENCUENTRO CONGELADO;CONGELADOS
PIERNA DE POLLO CONGELADO - BOTELLITAS (BLOQUE);POLLO PIERNA CON ENCUENTRO CONGELADO;CONGELADOS
PILAS ALKALINA AA 2 UNIDADES;PILAS ALKALINA AA 2 UNIDADES;KIOSKO
PILAS ALKALINA AAA 2 UNIDADES;PILAS ALKALINA AAA 2 UNIDADES;KIOSKO
PILAS DURACELL AA 2 UND;PILAS ALKALINA AA 2 UNIDADES;KIOSKO
PILAS DURACELL AAA 2 UND;PILAS ALKALINA AAA 2 UNIDADES;KIOSKO
PIMIENTA NEGRA ENTERA 4 ESTACIONES 1 KG;PIMIENTA NEGRA ENTERA;ABARROTES
PIMIENTA NEGRA MOLIDA;PIMIENTA NEGRA MOLIDA;ABARROTES
PIMIENTA NEGRA MOLIDA 4 ESTACIONES 1 KG;PIMIENTA NEGRA MOLIDA;ABARROTES
PIMIENTA PERSONAL SODEXO PAQUETE (0.5 GR) 1 MILLAR;PIMIENTA PERSONAL SODEXO (0.5 GR);ABARROTES
PIMIENTO ROJO;PIMIENTO ROJO;FFVV
PIMIENTO ROJO REFRIGERADO;PIMIENTO ROJO;FFVV
PIÑA;PIÑA SELVA;FFVV
PIÑA (L);PIÑA SELVA;FFVV
PIÑA EN RODAJAS  COMPASS 560 GR;PIÑA EN RODAJAS LATA;ABARROTES
PIÑA EN RODAJAS COMPASS 560 GR;RODAJAS COMPASS 560;ABARROTES
PIÑA EN RODAJAS FANNY 567 GR;PIÑA EN RODAJAS LATA;ABARROTES
PIÑA EN RODAJAS LATA;PIÑA EN RODAJAS LATA;ABARROTES
PIÑA SELVA REFRIGERADO;PIÑA SELVA;FFVV
PIQUEO SNACK FRITO LAY   45 GR;PIQUEO SNACK FRITO LAY 49 GR;ABARROTES
PIQUEO SNACK FRITO LAY 190 GR;SNACK FRITO LAY;KIOSKO
PIQUEO SNACK FRITO LAY 200 GR;PIQUEO SNACK FRITO LAY 225 G;ABARROTES
PIQUEO SNACK FRITO LAY 280 GR;PIQUEO SNACK FRITO LAY 340 GR;ABARROTES
PIQUEO SNACK FRITO LAY 48 GR;PIQUEO SNACK 48 GR FRITO LAY;ABARROTES
PIQUEO SNACK FRITO LAY 52 GR;PIQUEO SNACK FRITO LAY 52 GR;ABARROTES
PIQUEO SNACK FRITO LAY 55 GR;PIQUEO SNACK FRITO LAY 55 GR;ABARROTES
PIROTINES PARA POSTRE #8 X MILLAR;PIROTIN BLANCO # 1 X 1000 UND;DESCARTABLES
PIZZA AMERICANA PERSONAL RETAIL 110 GRM;PIZZA AMERICANA PERSONAL RETAIL;ABARROTES
PIZZA SALAME (PEPPERONI) PERSONAL RETAIL 110 GRM;PIZZA SALAME PEPPERONI PERSONAL RETAIL;ABARROTES
PIZZA TROPICAL (HAWAIANA) PERSONAL RETAIL 110 GRM;PIZZA TROPICAL HAWAIANA PERSONAL RETAIL;ABARROTES
PLATANO BELLACO REFRIGERADO;PLATANO BELLACO;FFVV
PLATANO DE FREIR (BELLACO);PLATANO BELLACO;FFVV
PLATANO DE ISLA;PLATANO DE LA ISLA;FFVV
PLATANO DE SEDA;PLATANO SEDA REFRIGERADO;FFVV
PLATANO SEDA REFRIGERADO;PLATANO SEDA;FFVV
PLATO SOPERO DE BAGAZO #12 X MILLAR;PLATO SOPERO DE BAGAZO #12;DESCARTABLES
PLATO TENDIDO DE BAGAZO #15 X MILLAR;PLATO TENDIDO DE BAGAZO #15;DESCARTABLES
PLATO TENDIDO DE BAGAZO #18 X MILLAR;PLATO TENDIDO DE BAGAZO #18;DESCARTABLES
PLATO TENDIDO DE BAGAZO #22 X MILLAR;PLATO TENDIDO DE BAGAZO #22;DESCARTABLES
PLATO TENDIDO NEGRO DESCARTABLE MILLAR 15.5 CM;PLATO TENDIDO NEGRO DESCARTABLE 15.5 CM;DESCARTABLES
PLATO TENDIDO NEGRO DESCARTABLE MILLAR 23 CM;PLATO TENDIDO NEGRO DESCARTABLE 23 CM;DESCARTABLES
PLATO TENDIDO PARA ENTRADA DESCARTABLE 25 UND;PLATO TENDIDO PARA ENTRADA DESCARTABLE;DESCARTABLES
PLATO TENDIDO PARA POSTRE DESCARTABLE 25 UND;PLATO TENDIDO PARA POSTRE DESCARTABLE;DESCARTABLES
PLATO TENDIDO PARA SEGUNDO DESCARTABLE # 20;PLATO TENDIDO PARA SEGUNDO DESCARTABLE # 20;DESCARTABLES
PLATO TENDIDO PARA SEGUNDO DESCARTABLE # 20  MILLAR;PLATO TENDIDO PARA SEGUNDO DESCARTABLE # 20;DESCARTABLES
PLATO TENDIDO PARA SEGUNDO DESCARTABLE # 20 MILLAR;PLATO TENDIDO DE BAGAZO #15;DESCARTABLES
PLATO TENDIDO PARA SEGUNDO NEGRO DESCARTABLE 23 CM 500 UND;PLATO TENDIDO PARA SEGUNDO NEGRO DESC 23 CM 450 UN;DESCARTABLES
PLATO TENDIDO PARA SEGUNDO TECNOPOR # 22  200 UND;PLATO TENDIDO PARA SEGUNDO TECNOPOR #22 200 UND;DESCARTABLES
PLATO TENDIDO PARA SEGUNDO TECNOPOR # 22  MILLAR;PLATO TENDIDO PARA SEGUNDO TECNOPOR # 22;DESCARTABLES
PLATO TENDIDO PP 15 ALFA X MILLAR;PLATO TENDIDO PP 15;DESCARTABLES
PLATO TENDIDO PP 22 ALFA X MILLAR;PLATO TENDIDO PP 22;DESCARTABLES
POLENTA INSTANTÁNEA AGNESI 500 GR;POLENTA;ABARROTES
POLENTA LA CABAÑA 500 GR;POLENTA;ABARROTES
POLLO ALAS CONGELADO;POLLO ALAS CONGELADO;CONGELADOS
POLLO MARINADO PARA BRASA  RANGO 1.2KG  CONGELADO;POLLO MARINADO PARA BRASA 1.2 KG CONGELADO;CONGELADOS
POLLO MARINADO PARA BRASA 1.2 KG CONGELADO;POLLO MARINADO PARA BRASA 1.2 KG CONGELADO;CONGELADOS
POLLO MARINADO PARA BRASA RANGO 1.2KG CONGELADO;POLLO MARINADO PARA BRASA 1.2 KG CONGELADO;CONGELADOS
POLLO PIERNA CON ENCUENTRO CONGELADO;POLLO PIERNA CON ENCUENTRO CONGELADO;CONGELADOS
POLLO SIN MENUDENCIA 1.76 REFRIGERADO - KGM;POLLO SIN MENUDENCIA CONGELADO;CONGELADOS
POLLO SIN MENUDENCIA CONGELADO;POLLO SIN MENUDENCIA CONGELADO;CONGELADOS
POLLO SIN MENUDENCIA CONGELADO 1.1 - 1.4 KG - PERDIX;POLLO SIN MENUDENCIA CONGELADO 1.2 KG;CONGELADOS
POLLO SIN MENUDENCIA CONGELADO 1.1 - 1.4 KG - TRES ARROYOS;POLLO SIN MENUDENCIA CONGELADO 1.2 KG;CONGELADOS
POLLO SIN MENUDENCIA CONGELADO RANGO 1.1 -1.4 KGS;POLLO SIN MENUDENCIA CONGELADO 1.2 KG;CONGELADOS
POLLO SIN MENUDENCIA CONGELADO RANGO 1.2 A 1.4 KG;POLLO SIN MENUDENCIA CONGELADO 1.2 KG;CONGELADOS
POLLO SIN MENUDENCIA CONGELADO RANGO 1.25 -1.35 KGS;POLLO SIN MENUDENCIA CONGELADO 1.2 KG;CONGELADOS
POLLO SIN MENUDENCIA CONGELADO RANGO 1.25 KG;POLLO SIN MENUDENCIA CONGELADO 1.2 KG;CONGELADOS
POLLO SIN MENUDENCIA CONGELADO RANGO 1.38KG;POLLO SIN MENUDENCIA CONGELADO 1.2 KG;CONGELADOS
POLLO SIN MENUDENCIA CONGELADO RANGO 1.428 - 1.611 KG (SAN FERNANDO);POLLO SIN MENUDENCIA CONGELADO 1.2 KG;CONGELADOS
POLLO SIN MENUDENCIA CONGELADO RANGO 1.4KG;POLLO SIN MENUDENCIA CONGELADO 1.2 KG;CONGELADOS
POLLO SIN MENUDENCIA CONGELADO RANGO 1.52 KG;POLLO SIN MENUDENCIA CONGELADO;CONGELADOS
POLLO SIN MENUDENCIA CONGELADO RANGO 1.55 A 1.65 KG;POLLO SIN MENUDENCIA CONGELADO;CONGELADOS
POLLO SIN MENUDENCIA CONGELADO RANGO 1.6 A 1.8 KG;POLLO SIN MENUDENCIA CONGELADO;CONGELADOS
POLLO SIN MENUDENCIA CONGELADO RANGO 1.68 KG;POLLO SIN MENUDENCIA CONGELADO;CONGELADOS
POLLO SIN MENUDENCIA CONGELADO RANGO 1.7 A 1.9 KG;POLLO SIN MENUDENCIA CONGELADO;CONGELADOS
POLLO SIN MENUDENCIA CONGELADO RANGO 1.7 A 1.9KG - LAS CAMELIAS;POLLO SIN MENUDENCIA CONGELADO;CONGELADOS
POLLO SIN MENUDENCIA CONGELADO RANGO 1.75  A 1.85;POLLO SIN MENUDENCIA CONGELADO;CONGELADOS
POLLO SIN MENUDENCIA CONGELADO RANGO 1.75  A 1.85 KG;POLLO SIN MENUDENCIA CONGELADO;CONGELADOS
POLLO SIN MENUDENCIA CONGELADO RANGO 1.75 A 1.85 KG;POLLO SIN MENUDENCIA CONGELADO;CONGELADOS
POLLO SIN MENUDENCIA CONGELADO RANGO 1.8 KG;POLLO SIN MENUDENCIA CONGELADO;CONGELADOS
POLLO SIN MENUDENCIA CONGELADO RANGO 1.8 KG - 2 KG;POLLO SIN MENUDENCIA CONGELADO;CONGELADOS
POLLO SIN MENUDENCIA CONGELADO RANGO 1.8 KG - REDONDOS;POLLO SIN MENUDENCIA CONGELADO;CONGELADOS
POLLO SIN MENUDENCIA CONGELADO RANGO 2 KG;POLLO SIN MENUDENCIA CONGELADO;CONGELADOS
POLLO SIN MENUDENCIA TROZADO EN 8 CONGELADO RANGO 1.5 KG;POLLO SIN MENUDENCIA CONGELADO;CONGELADOS
POLLO SIN MENUDENCIA TROZADO EN 8 CONGELADO RANGO 1.6 KG;POLLO SIN MENUDENCIA CONGELADO;CONGELADOS
POLLO SIN MENUDENCIA TROZADO EN 9 CONGELADO RANGO 1.5 KG;POLLO SIN MENUDENCIA CONGELADO;CONGELADOS
POLLO SIN MENUDENCIA TROZADO EN 9 CONGELADO RANGO 1.8 KG;POLLO SIN MENUDENCIA CONGELADO;CONGELADOS
POLVO DE HORNEAR;POLVO DE HORNEAR;ABARROTES
POLVO DE HORNEAR 4 ESTACIONES 250 GR;POLVO DE HORNEAR;ABARROTES
POLVO DE HORNEAR FLEICHMANN 1 KG;POLVO DE HORNEAR;ABARROTES
POLVO DE HORNEAR FLEISCHMAN 5 KG (EMER);POLVO DE HORNEAR;ABARROTES
POLVO DE HORNEAR LESAFFRE INVENTIS 5 KG;POLVO DE HORNEAR;ABARROTES
POLVO DE HORNEAR LEVAPAN 4 KG;POLVO DE HORNEAR;ABARROTES
POLVO DE HORNEAR TOÑA 250 GR;POLVO DE HORNEAR;ABARROTES
POP CORN ACT II BUTTER 3.2 OZ;POP CORN ACT II BUTTER 3.2 OZ;ABARROTES
POP CORN ACT II BUTTER 80 GR;POP CORN ACT II BUTTER 80 GR;ABARROTES
POP CORN ACT II NATURAL 3.2 OZ;POP CORN ACT II NATURAL 3.2 OZ;ABARROTES
POP CORN ACT II NATURAL 80 GR;POP CORN ACT II NATURAL 80 GR;ABARROTES
PORO;PORO;FFVV
PORO (L);PORO;FFVV
PORO REFRIGERADO;PORO;FFVV
PORTA VASOS CARTON CON LOGO PARA 2 UND X MILLAR (TIPO BANDEJA);PORTA VASOS CARTON C/LOGO PARA 2 UND (TIPO BANDEJA;DESCARTABLES
PORTAVASO CARTON (1 COLOR) MILLAR;PORTAVASO CARTON (1 COLOR);DESCARTABLES
POT & PAN - GARRAFA 5 LITROS -SPARTAN;POT & PAN - GARRAFA 5 LITROS -SPARTAN;LIMPIEZA
POWERADE REHIDRATANTE FRUTAS POWERADE PET 600 ML;POWERADE REHIDRATANTE FRUTAS POWERADE PET 600 ML;BEBIDAS
POWERADE REHIDRATANTE MORA POWERADE PET 600 ML;POWERADE REHIDRATANTE MORA POWERADE PET 600 ML;BEBIDAS
PRE ELABORADO CENTRAL DE ALIMENTO CARAMBOLA 2 LT;CONCENTRADO DE CARAMBOLA;BEBIDAS
PRE ELABORADO CENTRAL DE ALIMENTO CHICHA MORADA 2 LT;CONCENTRADO DE MAIZ MORADO;BEBIDAS
PRE ELABORADO CENTRAL DE ALIMENTO MARACUYA 2 LT;CONCENTRADO DE MARACUYA;BEBIDAS
PRE ELABORADO CENTRAL DE ALIMENTOS MANZANA 1 LT;CONCENTRADO DE MANZANA;BEBIDAS
PRE ELABORADO CENTRAL DE ALIMENTOS MARACUYA 1 LT;CONCENTRADO DE MARACUYA;BEBIDAS
PRE ELABORADO CONSERVA FRIJOL CANARIO 1 KG OLIVEZA;PRE ELABORADO FRIJOL CANARIO SIN ADEREZO;ABARROTES
PRE ELABORADO CONSERVA FRIJOL CANARIO 1 KG OLIVEZA BOLSA;PRE ELABORADO FRIJOL CANARIO SIN ADEREZO;ABARROTES
PRE ELABORADO CONSERVA FRIJOL PANAMITO 1 KG OLIVEZA;PRE ELABORADO RAM FRIJOL PANAMITO SIN ADEREZO 1 KG;ABARROTES
PRE ELABORADO CONSERVA GARBANZO 1 KG OLIVEZA;PRE ELABORADO RAM GARBANZO SIN ADEREZO;ABARROTES
PRE ELABORADO CONSERVA GARBANZO 1 KG OLIVEZA BOLSA;PRE ELABORADO RAM GARBANZO SIN ADEREZO;ABARROTES
PRE ELABORADO CONSERVA LENTEJA 1 KG OLIVEZA;PRE ELABORADO RAM LENTEJA SIN ADEREZO 1 KG;ABARROTES
PRE ELABORADO CONSERVA LENTEJA 1 KG OLIVEZA BOLSA;PRE ELABORADO RAM LENTEJA SIN ADEREZO 1 KG;ABARROTES
PRE ELABORADO EMIC BASE AMARILLA 1 KG;PRE ELABORADO BASE AMARILLA;ABARROTES
PRE ELABORADO EMIC BASE AMARILLA S/G 1 KG;PRE ELABORADO BASE AMARILLA;ABARROTES
PRE ELABORADO EMIC BASE CRIOLLA 1 KG;PRE ELABORADO BASE CRIOLLA;ABARROTES
PRE ELABORADO EMIC BASE CRIOLLA S/G 1 KG;PRE ELABORADO BASE CRIOLLA;ABARROTES
PRE ELABORADO EMIC BASE NEUTRAL 1 KG;PRE ELABORADO BASE NEUTRA;ABARROTES
PRE ELABORADO EMIC BASE NORTEÑA 1 KG;PRE ELABORADO BASE NORTEÑA;ABARROTES
PRE ELABORADO EMIC BASE ORIENTAL 1 KG;PRE ELABORADO BASE ORIENTAL;ABARROTES
PRE ELABORADO EMIC BASE ROJA (TOMATE) 1 KG;PRE ELABORADO BASE DE TOMATE;ABARROTES
PRE ELABORADO EMIC BASE ROJA (TOMATE) S/G 1 KG;PRE ELABORADO BASE DE TOMATE;ABARROTES
PRE ELABORADO EMIC BASE VERDE 1 KG;PRE ELABORADO BASE VERDE;ABARROTES
PRE ELABORADO EMIC BASE VERDE S/G 1 KG;PRE ELABORADO BASE VERDE;ABARROTES
PRE ELABORADO NATURALE CONCENTRADO CARAMBOLA 2 LT;CONCENTRADO DE CARAMBOLA;ABARROTES
PRE ELABORADO NATURALE CONCENTRADO CHICHA MORADA 2 LT;CONCENTRADO DE MAIZ MORADO;BEBIDAS
PRE ELABORADO NATURALE CONCENTRADO EMOLIENTE 2 LT;CONCENTRADO DE EMOLIENTE 2 LT;BEBIDAS
PRE ELABORADO NATURALE CONCENTRADO MANZANA 2 LT;CONCENTRADO DE MANZANA;BEBIDAS
PRE ELABORADO NATURALE CONCENTRADO MARACUYA 2 LT;CONCENTRADO DE MARACUYA;ABARROTES
PRE ELABORADO NATURALE CONCENTRADO PIÑA GOLDEN 2 LT;CONCENTRADO DE PIÑA GOLDEN;BEBIDAS
PRE ELABORADO RAM (CONSERVA) FRIJOL CANARIO SIN ADEREZO 1 KG;PRE ELABORADO FRIJOL CANARIO SIN ADEREZO;ABARROTES
PRE ELABORADO RAM (CONSERVA) FRIJOL NEGRO SIN ADEREZO 1 KG;PRE ELABORADO RAM FRIJOL NEGRO SIN ADEREZO;ABARROTES
PRE ELABORADO RAM (CONSERVA) LENTEJA SIN ADEREZO 1 KG;PRE ELABORADO RAM LENTEJA SIN ADEREZO 1 KG;ABARROTES
PRE ELABORADO RAM (CONSERVA) PALLAR SIN ADEREZO 1 KG;PRE ELABORADO RAM PALLAR SIN ADEREZO;ABARROTES
PRE ELABORADO RAM (CONSERVA)FRIJOL PANAMITO SIN ADEREZO 1 KG;PRE ELABORADO RAM FRIJOL PANAMITO SIN ADEREZO 1 KG;ABARROTES
PRE ELABORADO RAM (CONSERVA)GARBANZO SIN ADEREZO 1 KG;PRE ELABORADO RAM GARBANZO SIN ADEREZO;ABARROTES
PRE ELABORADO RAM BASE AMARILLA 1 KG;PRE ELABORADO BASE AMARILLA;ABARROTES
PRE ELABORADO RAM BASE CRIOLLA 1 KG;PRE ELABORADO BASE CRIOLLA;ABARROTES
PRE ELABORADO RAM BASE NEUTRAL 1 KG;PRE ELABORADO BASE NEUTRA;ABARROTES
PRE ELABORADO RAM BASE NORTEÑA 1KG;PRE ELABORADO BASE NORTEÑA;ABARROTES
PRE ELABORADO RAM BASE ORIENTAL 1 KG;PRE ELABORADO BASE ORIENTAL;ABARROTES
PRE ELABORADO RAM BASE TOMATE 1 KG;PRE ELABORADO BASE DE TOMATE;ABARROTES
PRE ELABORADO RAM BASE VERDE 1KG;PRE ELABORADO BASE VERDE;ABARROTES
PRE ELABORADO RAM FRIJOL CANARIO 1 KG;PRE ELABORADO FRIJOL CANARIO SIN ADEREZO;ABARROTES
PRE ELABORADO RAM FRIJOL CANARIO SIN ADEREZO;PRE ELABORADO FRIJOL CANARIO SIN ADEREZO;ABARROTES
PRE ELABORADO RAM FRIJOL NEGRO 1 KG;FRIJOL NEGRO PRECOCIDO;ABARROTES
PRE ELABORADO RAM FRIJOL PANAMITO 1 KG;PRE ELABORADO RAM FRIJOL PANAMITO SIN ADEREZO 1 KG;ABARROTES
PRE ELABORADO RAM FRIJOL PANAMITO SIN ADEREZO 1 KG;PRE ELABORADO RAM FRIJOL PANAMITO SIN ADEREZO 1 KG;ABARROTES
PRE ELABORADO RAM GARBANZO 1 KG;PRE ELABORADO RAM GARBANZO SIN ADEREZO;ABARROTES
PRE ELABORADO RAM GARBANZO SIN ADEREZO;PRE ELABORADO RAM GARBANZO SIN ADEREZO;ABARROTES
PRE ELABORADO RAM LENTEJA 1 KG;PRE ELABORADO RAM LENTEJA SIN ADEREZO 1 KG;ABARROTES
PRE ELABORADO RAM LENTEJA SIN ADEREZO 1 KG;PRE ELABORADO RAM LENTEJA SIN ADEREZO 1 KG;ABARROTES
PRE ELABORADO RAM PALLAR EN CONSERVA 1 KG;PRE ELABORADO RAM PALLAR SIN ADEREZO;ABARROTES
PREMEZCLA INVENTIS BIZCOCHUELO TRES LECHES;PREMEZCLA INVENTIS BIZCOCHUELO TRES LECHES;ABARROTES
PREMEZCLA INVENTIS BIZCOCHUELO TRES LECHES 5 KG;PREMEZCLA INVENTIS BIZCOCHUELO TRES LECHES;ABARROTES
PREMEZCLA INVENTIS CHIFFON;PREMEZCLA INVENTIS CHIFFON;ABARROTES
PREMEZCLA INVENTIS CHIFFON 5 KG;PREMEZCLA INVENTIS CHIFFON;ABARROTES
PREMEZCLA INVENTIS PAN CIABATTA;PREMEZCLA INVENTIS PAN CIABATTA;ABARROTES
PREMEZCLA INVENTIS PAN CIABATTA 10 KG;PREMEZCLA INVENTIS PAN CIABATTA;ABARROTES
PREMEZCLA INVENTIS PAN DE YEMA 25 KG;PREMEZCLA INVENTIS PAN DE YEMA;ABARROTES
PREMEZCLA INVENTIS QUEQUE SUAVE 5 KG;PREMEZCLA INVENTIS QUEQUE SUAVE;ABARROTES
PREMEZCLA INVENTIS TORTA DE CHOCOLATE INTENSO;PREMEZCLA INVENTIS TORTA DE CHOCOLATE INTENSO;ABARROTES
PREMEZCLA INVENTIS TORTA DE CHOCOLATE INTENSO  10 KG;PREMEZCLA INVENTIS TORTA DE CHOCOLATE INTENSO;ABARROTES
PREMEZCLA INVENTIS TORTA DE CHOCOLATE INTENSO 10 KG;PREMEZCLA INVENTIS BIZCOCHUELO TRES LECHES;ABARROTES
PROTECTOR FACIAL WORK 0.4MM;PROTECTOR FACIAL WORK;PROTECCION Y SEGURIDAD             
PROTECTOR MERRYCHEF 750ML;PROTECTOR MERRYCHEF 750 ML;LIMPIEZA
PUDIN CHOCOLATE INSTANTANEO;PUDIN CHOCOLATE INSTANTANEO;ABARROTES
PUDIN DE CHOCOLATE ROYAL 110 GR;PUDIN CHOCOLATE INSTANTANEO;ABARROTES
PUDIN DE CHOCOLATE ROYAL 110 GR (E);PUDIN CHOCOLATE INSTANTANEO;ABARROTES
PUDIN DE CHOCOLATE UNIVERSAL  100 GR;PUDIN CHOCOLATE INSTANTANEO;ABARROTES
PUDIN DE CHOCOLATE UNIVERSAL 100 GR;PUDIN CHOCOLATE INSTANTANEO;ABARROTES
PUDIN DE VAINILLA MAS VENTAS 5 KG;PUDIN VAINILLA INSTANTANEO;ABARROTES
PUDIN DE VAINILLA UNIVERSAL 100 GR;PUDIN VAINILLA INSTANTANEO;ABARROTES
PUFF DE QUINUA 7 DRAGONES BBQ PICANTE 40 GR;PUFF DE;ABARROTES
PULIDOR SAPOLIO 450 GR;PULIDORES PARA PISOS 450 GR;LIMPIEZA
PULPA DE ARANDANO CONGELADO;PULPA DE ARANDANOS CONGELADO;CONGELADOS
PULPA DE ARANDANOS CONGELADO;PULPA DE ARANDANOS CONGELADO;CONGELADOS
PULPA DE FRESA  CONGELADO;FRESA PULPA CONGELADO;CONGELADOS
PULPA DE FRESA - FIFU;FRESA PULPA CONGELADO;CONGELADOS
PULPA DE FRESA CONGELADO;FRESA PULPA CONGELADO;CONGELADOS
PULPA DE LUCUMA CONGELADO;LUCUMA PULPA CONGELADO;CONGELADOS
PULPA DE MANGO CONGELADO;MANGO PULPA CONGELADO;CONGELADOS
PULPA DE MARACUYA CONGELADO;MARACUYA PULPA CONGELADO;CONGELADOS
PULPA DE MELON CONGELADO;PULPA DE MELON;CONGELADOS
PULPA DE PALTA CONGELADA;PULPA DE PALTA CONGELADA;CONGELADOS
PULPA DE PALTA CONGELADO;PULPA DE PALTA CONGELADA;CONGELADOS
PULPA DE PAPAYA - FIFU;PAPAYA PULPA CONGELADO;CONGELADOS
PULPA DE PAPAYA CONGELADO;PAPAYA PULPA CONGELADO;CONGELADOS
PULPA DE PIÑA CONGELADO;PIÑA PULPA CONGELADO;CONGELADOS
PULPO TROZADO CONGELADO;PULPO TROZADO CONGELADO;CONGELADOS
PULVERIZADOR PLASTICO 1 LT;PULVERIZADORES PLASTICOS 1 LT;LIMPIEZA
PULVERIZADOR PLASTICO 750 ML;PULVERIZADOR PLASTICO 750 ML;LIMPIEZA
PURATOS EASY CIABATTA 10 KG;PURATOS EASY CIABATA 10 KG;ABARROTES
PURATOS EASY PAN DE FIBRA;PURATOS EASY PAN DE FIBRA;ABARROTES
PURATOS EASY PAN FIBRA 10 KG;PURATOS EASY PAN DE FIBRA 10 KG;ABARROTES
PURATOS EASY PAN FIBRA 5 KG;PURATOS EASY PAN DE FIBRA;ABARROTES
PURATOS EASY PAN SUAVE 10 KG;PURATOS EASY PAN DE FIBRA;ABARROTES
PURATOS EASY PAN SUAVE 5 KG;PURATOS EASY PAN SUAVE;ABARROTES
PURATOS T. TORTA DE CHOCOLATE EXTREMO X 10 KG;PURATOS T. TORTA DE CHOCOLATE EXTREMO;ABARROTES
PURATOS T. TORTA DE CHOCOLATE X 10 KG;PREMEZCLA TORTA DE CHOCOLATE;ABARROTES
PURATOS TEGRAL BIZCOCHUELO TRES LECHES 10 KG;PREMEZCLA BIZCOCHUELO TRES LECHES;ABARROTES
PURATOS TEGRAL CHIFFON 10 KG;PREMEZCLA CHIFON;ABARROTES
PURATOS TEGRAL KEKE VAINILLA 10 KG;PREMEZCLA TEGRAL KEKE VAINILLA;ABARROTES
PURÉ DE CAMOTE EMIC 1 KG;PURE DE CAMOTE;REFRIGERADOS
PURÉ DE CAMOTE RAM 1 KG;PURE DE CAMOTE;ABARROTES
PURÉ DE CAMOTE RAM 5 KG;PURE DE CAMOTE;ABARROTES
PURÉ DE MANZANA EMIC 1 KG;PURE DE MANZANA;REFRIGERADOS
PURÉ DE MANZANA RAM 1 KG;PURE DE MANZANA;ABARROTES
PURÉ DE MANZANA RAM 5 KG;PURE DE MANZANA;ABARROTES
PURE DE PAPA AMARILLA MACROFOOD 1 KG;PURE DE PAPA DESHIDRATADA;ABARROTES
PURE DE PAPA DESHIDRATADA;PURE DE PAPA DESHIDRATADA;ABARROTES
PURE DE PAPA MENU 1 KG;PURE DE PAPA DESHIDRATADA;ABARROTES
PURE DE PAPAS KNORR 1 KG;PURE DE PAPA DESHIDRATADA;ABARROTES
PURE DE PAPAS KNORR 2 KG;PURE DE PAPA DESHIDRATADA;ABARROTES
PURE DE PAPAS KNORR 2 KG- UNIDAD;PURE DE PAPA DESHIDRATADA;ABARROTES
PURE DE PAPAS TRADICIONAL AMARILLO MACROFOOD 1 KG;PURE DE PAPA DESHIDRATADA;ABARROTES
QUESO CREAM CHEESE DELICE BARRA 1 KG;QUESO CREAM CHEESE REFRIGERADO;REFRIGERADOS
QUESO CREAM CHEESE DELICE POTE 1 KG;QUESO CREAM CHEESE REFRIGERADO;REFRIGERADOS
QUESO EDAM CONGELADO;QUESO EDAM CONGELADO;REFRIGERADOS
QUESO EDAM EN MOLDE REFRIGERADO;QUESO EDAM REFRIGERADO;REFRIGERADOS
QUESO EDAM EN TAJADAS 20 GR MILKUNZ (500 GR);QUESO EDAM ;REFRIGERADOS
QUESO EDAM EN TAJADAS LA PAULINA X 500 GR REFRIGERADO;QUESO EDAM ;REFRIGERADOS
QUESO EDAM EN TAJADAS LAIVE X 500 GR REFRIGERADO;QUESO EDAM ;REFRIGERADOS
QUESO EDAM EN TAJADAS SANCOR 500 GR REFRIGERADO;QUESO EDAM ;CONGELADOS
QUESO EDAM EN TAJADAS SIGMA 500 GR CONGELADO (EMER);QUESO EDAM ;REFRIGERADOS
QUESO EDAM EN TAJADAS X 500 GR CASA EUROPA REFRIGERADO;QUESO EDAM ;REFRIGERADOS
QUESO EDAM EN TAJADAS X 500 GR CONGELADO;QUESO EDAM ;CONGELADOS
QUESO EDAM EN TAJADAS X 500 GR REFRIGERADO;QUESO EDAM ;REFRIGERADOS
QUESO EDAM LAIVE 440 GR REFRIGERADO;QUESO EDAM;REFRIGERADOS
QUESO EDAM LAMINADO LAIVE 500 GR REFRIGERADO;QUESO EDAM ;REFRIGERADOS
QUESO FRESCO BONLE MOLDE REFRIGERADO KG;QUESO FRESCO REFRIGERADO;REFRIGERADOS
QUESO FRESCO DELICE KG;QUESO FRESCO REFRIGERADO;REFRIGERADOS
QUESO FRESCO GLORIA MOLDE REFRIGERADO KG;QUESO FRESCO REFRIGERADO;REFRIGERADOS
QUESO FRESCO LAIT'S REFRIGERADO KG;QUESO FRESCO REFRIGERADO;REFRIGERADOS
QUESO FRESCO LAIVE MOLDE REFRIGERADO KG;QUESO FRESCO REFRIGERADO;REFRIGERADOS
QUESO FRESCO PASTEURIZADO KALAS KG;QUESO FRESCO REFRIGERADO;REFRIGERADOS
QUESO FRESCO REFRIGERADO;QUESO FRESCO REFRIGERADO;REFRIGERADOS
QUESO FRESCO REFRIGERADO LOCAL;QUESO FRESCO REFRIGERADO;REFRIGERADOS
QUESO MOZARELLA CONGELADO;QUESO MOZARELLA;CONGELADOS
QUESO MOZARELLA CONGELADO PREMIUM;QUESO MOZARELLA;CONGELADOS
QUESO MOZARELLA LAIVE REFRIGERADO KG;QUESO MOZARELLA;REFRIGERADOS
QUESO MOZARELLA MILKUNZ REFRIGERADO;QUESO MOZARELLA;CONGELADOS
QUESO MOZARELLA RALLADO CONGELADO  KG;QUESO MOZARELLA;CONGELADOS
QUESO MOZARELLA RALLADO LA PAULINA REFRIGERADO 3 KG;QUESO MOZARELLA;REFRIGERADOS
QUESO MOZARELLA REFRIGERADO;QUESO MOZARELLA;REFRIGERADOS
QUESO PARIA BONLE KG;QUESO PARIA REFRIGERADO;REFRIGERADOS
QUESO PARMESANO LAIVE 35 GR;QUESO PARMESANO REFRIGERADO;REFRIGERADOS
QUESO PARMESANO RALLADO LA PAULINA (LACTAFOOD)REFRIGERADO 500 GR;QUESO PARMESANO REFRIGERADO;REFRIGERADOS
QUESO PARMESANO RALLADO LA PAULINA REFRIGERADO 1 KG;QUESO PARMESANO REFRIGERADO;REFRIGERADOS
QUESO PARMESANO REFRIGERADO;QUESO PARMESANO REFRIGERADO;REFRIGERADOS
QUINUA;QUINUA;ABARROTES
QUINUA AVENA 3 OSITOS 170 GR;QUINUA CON AVENA;ABARROTES
QUINUA CANTA CLARO 5 KG;QUINUA;ABARROTES
QUINUA COSTEÑO 500 GR;QUINUA;ABARROTES
QUINUA KOMILON 5 KG;QUINUA;ABARROTES
QUINUA KOMILON 500 GR;QUINUA;ABARROTES
QUINUA LA SERRANITA 5 KG;QUINUA;ABARROTES
QUINUA VALLESOL 5 KG;QUINUA;ABARROTES
RABANITO;RABANITO;FFVV
RABANITO (L);RABANITO;FFVV
RABANITO REFRIGERADO;RABANITO;FFVV
RAFIA ROLLO CONO;RAFIA EN CONO;DESCARTABLES
RAVIOLES DE CARNE CONG.;RAVIOLES DE CARNE CONGELADO;CONGELADOS
RAVIOLES DE RICOTTA Y ESPINACA CONG.;RAVIOLES DE RICOTTA Y ESPINACA CONGELAD;CONGELADOS
RECOGEDOR DE PLASTICO CHICO/PROLIMSO;RECOGEDOR DE PLASTICO CHICO/PROLIMSO;LIMPIEZA
RECOGEDOR PLASTICO;RECOGEDORES PLASTICO HUDE;LIMPIEZA
REMOVEDOR DE MADERA FORRADO 140 MM X 500 UND;REMOVEDOR DE MADERA FORRADO 140 MM;DESCARTABLES
REMOVEDOR DE MADERA FORRADO 178 MM X 500 UND;REMOVEDOR DE MADERA FORRADO 178 MM;DESCARTABLES
REMOVEDOR MADERA GRANDE PARA CAFE MILLAR;REMOVEDOR MADERA PARA CAFE;DESCARTABLES
REPUESTO BASTON DE ALUMINIO CON CABEZAL AMARILLO;REPUESTO BASTON DE ALUMINIO CON CABEZAL AMARILLO;LIMPIEZA
REPUESTO PALO ALUMINIO JALADOR DE AGUA 1.40 MT GRIS 91018;BASTON JALADOR ALUMINIO C/AGUJERO NEGRO NOERMAN;LIMPIEZA
REPUESTO TRAPEADOR DE MEZCLA SUPER STITCH MEDIANO AZUL FGD21206 RUBBERMAID;REPUESTO TRAPEADOR MEZCLA SUPER STITCH MED AZUL;LIMPIEZA
REPUESTO TRAPEADOR DE MEZCLA SUPER STITCH MEDIANO BLANCO FGD21206 RUBBERMAID;REPUESTO TRAPEADOR MEZCLA SUPER STITCH MED BLANCO;LIMPIEZA
REPUESTO TRAPEADOR DE MEZCLA SUPER STITCH MEDIANO ROJO FGD21206 RUBBERMAID;REPUESTO TRAPEADOR MEZCLA SUPER STITCH MED ROJO;LIMPIEZA
REPUESTO TRAPEADOR DE MEZCLA SUPER STITCH MEDIANO VERDE FGD21206 RUBBERMAID;REPUESTO TRAPEADOR MEZCLA SUPER STITCH MED VERDE;LIMPIEZA
REPUESTO TRAPEADOR HUMEDO DE ALGODON CON PRETINA AZUL 16 OZ;REPUESTO TRAPEADOR HUMEDO ALGODON CON PRETINA AZUL;LIMPIEZA
REPUESTO TRAPEADOR HUMEDO DE ALGODON CON PRETINA BLANCO 16 OZ;REPUESTO TRAPEADOR HUMEDO ALGODON PRET BLANCO 16OZ;LIMPIEZA
REPUESTO TRAPEADOR HUMEDO DE ALGODON CON PRETINA ROJO 16 OZ;REPUESTO TRAPEADOR HUMEDO ALGODON PRETINA ROJO 16;LIMPIEZA
REPUESTO TRAPEADOR HUMEDO DE ALGODON CON PRETINA VERDE 16 OZ;REPUESTO TRAPEADOR HUMEDO ALGODON PRETI VERDE 16OZ;LIMPIEZA
RES - ASADO;RES - ASADO CONGELADO;CONGELADOS
RES - ASADO (DON GOYO);RES - ASADO CONGELADO;CONGELADOS
RES - ASADO A;RES - ASADO A;CONGELADOS
RES - ASADO PL CONGELADO - KGM;RES - ASADO PL CONGELADO;CONGELADOS
RES - BIFE;RES - BIFE CONGELADO;CONGELADOS
RES - BIFE PL CONGELADO - KGM;RES - BIFE PL CONGELADO;CONGELADOS
RES - BISTECK;RES - BISTECK CONGELADO;CONGELADOS
RES - BISTECK (DON GOYO);RES - BISTECK CONGELADO;CONGELADOS
RES - BISTECK (OXAPAMPA);RES - BISTECK;CONGELADOS
RES - BISTECK CONGELADO;RES - BISTECK CONGELADO;CONGELADOS
RES - BISTECK PL CONGELADO - KGM;RES - BISTECK CONGELADO;CONGELADOS
RES - GUISO CONGELADO;RES - GUISO CONGELADO;CONGELADOS
RES - GUISO CONGELADO (DON GOYO);RES - GUISO CONGELADO;CONGELADOS
RES - GUISO EN CUBOS;RES - GUISO CONGELADO;CONGELADOS
RES - GUISO EN CUBOS PL CONGELADO - KGM;RES - GUISO CONGELADO;CONGELADOS
RES - GUISO PICANTES PL CONGELADO - KGM;RES - GUISO CONGELADO;CONGELADOS
RES - GUISOS PICANTES;RES - GUISO CONGELADO;CONGELADOS
RES - GUISOS PICANTES DON GOYO;RES - GUISO CONGELADO;CONGELADOS
RES - LOMO FINO SIN CORDON PL CONGELADO - KGM;RES - LOMO FINO SIN CORDON PL CONGELADO;CONGELADOS
RES - MALAYA;RES - MALAYA CONGELADO;CONGELADOS
RES - MALAYA (DON GOYO);RES - MALAYA CONGELADO;CONGELADOS
RES - MALAYA CONGELADO;RES - MALAYA CONGELADO;CONGELADOS
RES - MALAYA PL CONGELADO - KGM;RES - MALAYA PL CONGELADO;CONGELADOS
RES - SALTADOS;RES - PARA SALTADO CONGELADO;CONGELADOS
RES - SALTADOS PL CONGELADO - KGM;RES - SALTADOS PL CONGELADO;CONGELADOS
RES - SOPAS A;RES - SOPAS S/HUESO CONGELADO;CONGELADOS
RES - SOPAS C/HUESO;RES - SOPAS C/HUESO CONGELADO;CONGELADOS
RES - SOPAS C/HUESO PL CONGELADO - KGM;RES - SOPAS C/HUESO PL CONGELADO;CONGELADOS
RES - SOPAS S/HUESO;RES - SOPAS S/HUESO CONGELADO;CONGELADOS
RES - SOPAS S/HUESO (DON GOYO);RES - SOPAS S/HUESO CONGELADO;CONGELADOS
RES - SOPAS S/HUESO (OXAPAMPA);RES - SOPAS C/HUESO PL CONGELADO;CONGELADOS
RES - SOPAS S/HUESO CONGELADO;RES - SOPAS S/HUESO CONGELADO;CONGELADOS
RES - SOPAS S/HUESO PL CONGELADO - KGM;RES - SOPAS S/HUESO CONGELADO;CONGELADOS
RES CARNE MOLIDA CONGELADO;CARNE MOLIDA  CONGELADA;CONGELADOS
RES CORAZON CONGELADO;CORAZON CONGELADO;CONGELADOS
RES HIGADO CONGELADO;RES HIGADO CONGELADO;CONGELADOS
RES MONDONGO ENTERO CONGELADO;MONDONGO CONGELADO;CONGELADOS
RES PULMON CORTE CHANFAINITA CONGELADA;CHANFAINITA CONGELADA;CONGELADOS
REYNETA FILETE SIN PIEL CONGELADO;PEZ REYNETA FILETE SIN PIEL CONGELADO;CONGELADOS
ROCOTO;ROCOTO NORMAL;FFVV
ROCOTO (L);ROCOTO NORMAL;FFVV
ROCOTO NORMAL REFRIGERADO;ROCOTO NORMAL;FFVV
ROCOTO P/ RELLENO;ROCOTO PARA RELLENO;FFVV
ROCOTO PARA RELLENO REFRIGERADO;ROCOTO PARA RELLENO;FFVV
ROMERO;ROMERO;ABARROTES
ROMERO SECO BADIA 8 OZ;ROMERO;ABARROTES
ROMERO TIPO PIZZA 4 ESTACIONES 250 GR;ROMERO;ABARROTES
RUBBERMAID KIT ATRAPA POLVO 91CM(ARMZM255-TRAPDRFGK155 -PALOM146);RUBBERMAID KIT ATRAPA POLVO 91 CM(ARMZM255-TRAPDRJ;ABARROTES
RUBBERMAID KIT JALADOR DE AGUA 76 CM (JALADOR9C29-PALO91018);RUBBERMAID KIT JALADOR DE AGUA 76 CM (JALADOR9C29-;LIMPIEZA
RUBBERMAID REPUESTO ARMAZON TRAPEADOR M255 91 CM;RUBBERMAID REPUESTO ARMAZON TRAPEADOR M255 91 CM;LIMPIEZA
RUBBERMAID REPUESTO JALADOR DE AGUA 76 CM 9C29;JALADOR DE AGUA 9C29 RUBBERMAID 76.2 CM;LIMPIEZA
RUBBERMAID REPUESTO PALO FIJACION FIBRA DE VIDRIO M146;RUBBERMAID REPUESTO PALO FIJACION FIBRA VIDRIOM146;ABARROTES
RUBBERMAID REPUESTO TRAPEADOR DE POLVO 91 CM FGK155;RUBBERMAID REPUESTO TRAPEADOR DE POLVO 91 CM J255;ABARROTES
RUDA;RUDA;FFVV
SAL DE COCINA;SAL DE COCINA;ABARROTES
SAL DE COCINA JJDMAR 1 KG;COCINA JJDMAR 1;ABARROTES
SAL DE COCINA JJD'MAR 1 KG;SAL DE COCINA;ABARROTES
SAL DE COCINA SALINA 1 KG;SAL DE COCINA;ABARROTES
SAL DE MESA (MARINA) EMSAL 1 KG;SAL DE COCINA;ABARROTES
SAL DE MESA JJD´MAR 1 KG;SAL DE COCINA;ABARROTES
SAL DE MESA MARINA 1 KG;SAL DE COCINA;ABARROTES
SAL FINA LOBOS 1 KG;SAL DE COCINA;ABARROTES
SAL LOPESA 1 KG;SAL DE COCINA;ABARROTES
SAL PERSONAL 5 GR TRES ESPADAS 1 MILLAR;SAL PERSONAL GENERICO;ABARROTES
SAL PERSONAL SODEXO (0.5GR) 1 MILLAR;SAL PERSONAL SODEXO (0.5 GR);ABARROTES
SAL SACHET SODEXO 10 GR;SAL SACHET SODEXO 10 GR;CAJA CHICA                         
SALCHICHA DE HUACHO CONGELADO;SALCHICHA DE HUACHO CONGELADO;CONGELADOS
SALCHICHA HOT DOG CONGELADO;SALCHICHA HOT DOG CONGELADO;CONGELADOS
SALCHICHA HUACHO CONGELADO 600 GR;SALCHICHA DE HUACHO CONGELADO;CONGELADOS
SALCHICHA HUACHO CONGELADO KG;SALCHICHA DE HUACHO CONGELADO;CONGELADOS
SALSA AJI PARRILLERO EMIC 1 KG;SALSA AJI PARRILLERO EMIC 1 KG;ABARROTES
SALSA AJI TARI 10/8 GR SACHET;SALSA DE AJI TARI 10 GR;ABARROTES
SALSA AJI TARI 10/8GR;SALSA DE AJI TARI 10 GR;ABARROTES
SALSA BARBECUE BBQ ORIGINAL HUNT 510 ML;SALSA BBQ;ABARROTES
SALSA BBQ LUREN 510 GRM;SALSA BBQ;ABARROTES
SALSA BLANCA;SALSA BLANCA;REFRIGERADOS
SALSA BLANCA EMIC 1 KG;SALSA BLANCA;REFRIGERADOS
SALSA BOLOGNESA EMIC 1 KG;SALSA BOLOGNESA EMIC;REFRIGERADOS
SALSA DE AJI CASERO 10 GR;SALSA DE AJI CASERO 10 GR;ABARROTES
SALSA DE AJI CASERO TRESA 10 GR;SALSA DE AJI CASERO 10 GR;ABARROTES
SALSA DE AJI CASERO TRESA 5 GR;SALSA DE AJI CASERO 10 GR;ABARROTES
SALSA DE AJI CASERO TRESA 8/10 GR;SALSA DE AJI CASERO 10 GR;ABARROTES
SALSA DE AJI POLLERO RAM 1 KG;SALSA DE AJI POLLERO KG;ABARROTES
SALSA DE AJI ROCOTO EMIC 1 KG;SALSA DE AJI ROCOTO KG;REFRIGERADOS
SALSA DE AJI ROCOTO RAM 1 KG;SALSA DE AJI ROCOTO KG;ABARROTES
SALSA DE AJI SODEXO 5 GR;SALSA DE AJI SACHET;ABARROTES
SALSA DE AJI TARI 10/8 GR;SALSA DE AJI TARI 10 GR;ABARROTES
SALSA DE AJI TARI 85 GR;SALSA DE AJI;ABARROTES
SALSA DE ROCOTO SODEXO 5 GR;SALSA DE ROCOTO SACHET;ABARROTES
SALSA INGLESA;SALSA INGLESA;ABARROTES
SALSA INGLESA LEA PEARRINS 290 ML;SALSA INGLESA;ABARROTES
SALSA INGLESA LUREN 295 ML;SALSA INGLESA;ABARROTES
SALSA INGLESA LUREN 295 ML PET;SALSA INGLESA;ABARROTES
SALSA MAYONESA ACEVICHADA EMIC 1 KG;SALSA MAYONESA ACEVICHADA;REFRIGERADOS
SALSA MENSI;SALSA MENSI;ABARROTES
SALSA MENSI KIKKO 350 ML PET;SALSA MENSI;ABARROTES
SALSA OSTION;SALSA OSTION;ABARROTES
SALSA OSTION  HADAY X 250 ML;SALSA OSTION;ABARROTES
SALSA OSTION  HADAY X 260 ML;SALSA OSTION;ABARROTES
SALSA OSTION  HADAY X 260 ML - UNIDAD;SALSA OSTION;ABARROTES
SALSA OSTION HADAY 700 ML (VIDRIO);SALSA OSTION;ABARROTES
SALSA OSTION HADAY X 260 ML;SALSA OSTION;ABARROTES
SALSA OSTION JADE BRIDGE 250 ML;SALSA OSTION;ABARROTES
SALSA OSTION LEE KUN KEE 510/480 GR;SALSA OSTION;ABARROTES
SALSA OSTION LEE KUN KEE 907 GRM;SALSA OSTION;ABARROTES
SALSA PESTO (VERDE)  EMIC 1 KG;SALSA PESTO EMIC;REFRIGERADOS
SALSA PESTO (VERDE) EMIC 1 KG;SALSA PESTO EMIC;REFRIGERADOS
SALSA PESTO EMIC;SALSA PESTO EMIC;REFRIGERADOS
SALSA POMODORO EMIC 1 KG;SALSA POMODORO;REFRIGERADOS
SALSA ROCOTO ALACENA 85 GR;SALSA DE ROCOTO;ABARROTES
SALSA SILLAO;SALSA SILLAO;ABARROTES
SALSA SILLAO LOPESA 5 LT;SALSA SILLAO;ABARROTES
SALSA SILLAU AJINOSILLAU  500 ML;SALSA SILLAO;ABARROTES
SALSA SILLAU KIKKO  500 ML;SALSA SILLAO;ABARROTES
SALSA SILLAU TRESA 3.8 LT;SALSA SILLAO;ABARROTES
SALSA SILLAU TRESA 4 LT;SALSA SILLAO;ABARROTES
SALSA TABASCO MC ILHENNY 150 ML;SALSA DE TABASCO ROJO LT.;ABARROTES
SALSA TAMARINDO KIKKO 350 ML;SALSA DE TAMARINDO;ABARROTES
SALSA TAUSI CHUBANG 220 GR;SALSA TAUSI (AJOS Y FREJOLES NEGROS);ABARROTES
SALSA TAUSI LEE KUN KEE 368 GR;SALSA TAUSI (AJOS Y FREJOLES NEGROS);ABARROTES
SALSERO DE 2 OZ NEGRO X MILLAR;SALSERO DE 2 OZ NEGRO MILLAR;ABARROTES
SALTY MIX  VALLEALTO X 40 GR;SALTY MIX VALLE ALTO X 40 GR;ABARROTES
SALTY MIX VALLEALTO 40 GR;SALTY MIX VALLE ALTO X 40 GR;ABARROTES
SALVADO DE TRIGO;SALVADO DE TRIGO;ABARROTES
SALVADO DE TRIGO KUMARA 5 KG;SALVADO DE TRIGO;ABARROTES
SANDALIAS COCODRILO;SANDALIAS DE PLASTICO PAR;KIOSKO
SANDIA;SANDIA;FFVV
SANDIA (L);SANDIA;FFVV
SANDIA REFRIGERADO;SANDIA;FFVV
SANI DRY SPARTAN 1 LITRO;SANI DRY SPARTAN - DESINFECTANTE;ABARROTES
SANI DRY SPARTAN 19 LITROS;SANI DRY SPARTAN - DESINFECTANTE;ABARROTES
SANI DRY SPARTAN 3.875 LITROS;SANI DRY SPARTAN - DESINFECTANTE;ABARROTES
SANI DRY SPARTAN 5 LITROS;SANI DRY SPARTAN - DESINFECTANTE;ABARROTES
SANI T 10 FRESH SPARTAN 19 LITROS;SANI T 10 FRESH SPARTAN - LIMPIADOR MULTIPROPOSITO;ABARROTES
SANI T 10 FRESH SPARTAN 3.875 LITROS;SANI T 10 FRESH SPARTAN - LIMPIADOR MULTIPROPOSITO;ABARROTES
SANI T 10 FRESH SPARTAN 5 LITROS;SANI T 10 FRESH SPARTAN - LIMPIADOR MULTIPROPOSITO;LIMPIEZA
SANIT - OX FP SPARTAN - DESINFECTANTE ALIME Y SUPE;SANIT - OX FP SPARTAN - DESINFECTANTE ALIME Y SUPE;LIMPIEZA
SANIT 10 GARRAFA- 5 LITROS SPARTAN;SANIT 10 GARRAFA;LIMPIEZA
SANI-T-10 SPARTAN 19 LITROS;SANI-T-10 SPARTAN - DESINFECTANTE;ABARROTES
SANI-T-10 SPARTAN 3.875 LITROS;SANI-T-10 SPARTAN - DESINFECTANTE;ABARROTES
SANI-T-10 SPARTAN 5 LITROS - SPARTAN;SANI-T-10 SPARTAN - DESINFECTANTE;ABARROTES
SANIT-OX FP SPARTAN 19 LITROS;SANIT - OX FP SPARTAN - DESINFECTANTE ALIME Y SUPE;LIMPIEZA
SANIT-OX FP SPARTAN 5 LITROS;SANIT - OX FP SPARTAN - DESINFECTANTE ALIME Y SUPE;LIMPIEZA
SECADOR DE TELA;SECADOR DE TELA;LIMPIEZA
SEMOLA;SEMOLA;ABARROTES
SEMOLA BENOTI 25 KG;SEMOLA;ABARROTES
SEMOLA MOLITALIA 200 GR;SEMOLA;ABARROTES
SEMOLA MOLITALIA 25 KG;SEMOLA;ABARROTES
SEMOLA NICOLINI 10 KG;SEMOLA;ABARROTES
SERVILLETA AIRFLEX 200 HOJAS (30209703);SERVILLETA AIRFLEX 200 HOJAS;LIMPIEZA
SERVILLETA ELITE ECOLOGICA 33 X 22.5 100 UND;SERVILLETA ELITE ECOLOGICA 33 X 22.5 100 UNID;LIMPIEZA
SERVILLETA POP UP AIRFLEX SCOTT;SERVILLETA POP UP AIRFLEX SCOTT;LIMPIEZA
SERVILLETA POP UP AIRFLEX SCOTT  120 UND ( 30209601 );SERVILLETA POP UP AIRFLEX SCOTT;LIMPIEZA
SERVILLETA POP UP AIRFLEX SCOTT 120 UND ( 30209601 );SERVILLETA POP UP AIRFLEX SCOTT;LIMPIEZA
SERVILLETA TESS 6 UND DE 400 HOJAS;SERVILLETA TESS 6 UND DE 400 HOJAS;ABARROTES
SHAMPOO H&S 180 ML;SHAMPOO 200 ML H&S;KIOSKO
SHAMPOO H&S 375 ML;SHAMPOO HS 375 ML;KIOSKO
SHAMPOO H&S 400 ML;SHAMPOO 400 ML H&S;KIOSKO
SHAMPOO PANTENE 12 ML;SHAMPOO SACHET PANTENE;ABARROTES
SHAMPOO PANTENE 18 ML;SHAMPOO PANTENE 18 ML;KIOSKO
SHAMPOO PANTENE 200 ML;SHAMPOO 200 ML PANTENE;KIOSKO
SHAMPOO PANTENE 400 ML;SHAMPOO 400 ML PANTENE BRILLO;KIOSKO
SHAMPOO PERT PLUS 400 ML;SHAMPOO 400 ML PERT PLUS;KIOSKO
SILICONA PARA AUTO SAPOLIO 360 CC;SILICONA LIQUIDA LT;LIMPIEZA
SILICONA SAPOLIO SPRAY 360 ML;SILICONA SAPOLIO EN SPRAY;LIMPIEZA
SILICONA SHINE PLUS SPARTAN 1 LITRO;SILICONA SHINE PLUS SPARTAN - CERA MUEBLE/PULIDOR;LIMPIEZA
SILICONA SHINE PLUS SPARTAN 19 LITROS;SILICONA SHINE PLUS SPARTAN - CERA MUEBLE/PULIDOR;LIMPIEZA
SILICONA SHINE PLUS SPARTAN 3.875 LITROS;SILICONA SHINE PLUS SPARTAN - CERA MUEBLE/PULIDOR;LIMPIEZA
SILICONA SHINE PLUS SPARTAN 5 LITROS;SILICONA SHINE PLUS SPARTAN - CERA MUEBLE/PULIDOR;LIMPIEZA
SIROPE DE MAPLE LAIVE 355 ML;SIROPE DE MAPLE LAIVE 355 ML;ABARROTES
SIROPE MAPLE 480 GR;SIROPE MAPLE 480 GR;ABARROTES
SIU MAI DE CERDO 20 GR CONGELADO;SIU MAI DE CERDO 25 G CONGELADO;CONGELADOS
SNB 130 CIP SPARTAN 1 LITRO;SNB 130 CIP SPARTAN - DESENGRASANTE;ABARROTES
SNB 130 CIP SPARTAN 19 LITROS;SNB 130 CIP SPARTAN - DESENGRASANTE;ABARROTES
SNB 130 CIP SPARTAN 3.875 LITROS;SNB 130 CIP SPARTAN - DESENGRASANTE;ABARROTES
SOBRE ANTIGRASA PARA SANWICH 15 X 15 CON LOGO MILLAR;SOBRE ANTIGRASA PARA SANDWICH 15X15 CON LOGO;DESCARTABLES
SOPA INSTANTANEA MARUCHAN CARNE;SOPA INSTANTANEA DE CARNE VASO 8 OZ;ABARROTES
SOPA INSTANTANEA MARUCHAN POLLO;SOPA INSTANTANEA DE POLLO VASO 8 OZ;CONGELADOS
SORBETE BIODEGRADABLE PLA 23 X 6MM X 100 UND;SORBETE BIODEGRADABLE PLA 23 X 6MM;DESCARTABLES
SOYA AVENA SANTA CATALINA 300 GR;AVENA;ABARROTES
SPARCLEAN CHLORINATED DETERGENT SPARTAN 19 LITROS;SPARCLEAN CHLORINATED DETERGENT SPARTAN - LAVAVAJI;LIMPIEZA
SPARCLEAN CHLORINATED DETERGENT SPARTAN 3.875 LITROS;SPARCLEAN CHLORINATED DETERGENT SPARTAN - LAVAVAJI;LIMPIEZA
SPARCLEAN CHLORINATED DETERGENT SPARTAN 5 LITROS;SPARCLEAN CHLORINATED DETERGENT SPARTAN - LAVAVAJI;LIMPIEZA
SPARCLEAN RINSE AID II SPARTAN 19 LITROS;SPARCLEAN RINSE AID II SPARTAN - SECANTE DE VAJILL;LIMPIEZA
SPARCLEAN RINSE AID II SPARTAN 3.875 LITROS;SPARCLEAN RINSE AID II SPARTAN - SECANTE DE VAJILL;LIMPIEZA
SPARCLEAN RINSE AID II SPARTAN 5 LITROS;SPARCLEAN RINSE AID II SPARTAN 5 LT;LIMPIEZA
SPARCLEAN RINSE AID II SPARTAN 5 LT;SPARCLEAN RINSE AID II SPARTAN 5 LT;LIMPIEZA
"STRECH FILM  DE GRADO ALIMENTARIO ROLLO 18"" X 1400 MT";FILM PLASTICO 18 x 1400;DESCARTABLES
"STRECH FILM DE GRADO ALIMENTARIO ROLLO 18"" X 1400 MT";FILM PLASTICO 18 x 1400;DESCARTABLES
"STRECH FILM DE GRADO ALIMENTARIO ROLLO 18"" X 1400MT X 9U";FILM PLASTICO 18 x 1400;DESCARTABLES
"STRECH FILM NO ALIMENTARIO PARA EMBALAJE TRANSPARENTE ANTALIS ROLLO 20"" 1.5KG";"STRECH FILM TRANSPARENTE ANTALIS ROLL 20""300MT (NA";DESCARTABLES
"STRECH FILM NO ALIMENTARIO PARA EMBALAJE TRANSPARENTE ROLLO 20"" 1.5 KG";"STRECH FILM TRANSPARENTE ANTALIS ROLL 20""300MT (NA";DESCARTABLES
"STRECH FILM TRANSPARENTE ANTALIS ROLL 20""300MT (NA";"STRECH FILM TRANSPARENTE ANTALIS ROLL 20""300MT (NA";DESCARTABLES
SUJETADOR PARA MASCARILLAS;SUJETADOR PARA MASCARILLAS;PROTECCION Y SEGURIDAD             
SUPERCLEAN FP GARRAFA - 5 LITROS - SPARTAN;SUPERCLEAN FP SPARTAN - DESENGRASANTE;LIMPIEZA
SURE STEP FP SPARTAN 19 LITROS;SURE STEP FP SPARTAN - DETERGENTE DESENGRSANTE;LIMPIEZA
SURE STEP FP SPARTAN 3.875 LITROS;SURE STEP FP SPARTAN - DETERGENTE DESENGRSANTE;LIMPIEZA
SURE STEP FP SPARTAN 5 LITROS;SURE STEP FP SPARTAN - DETERGENTE DESENGRSANTE;LIMPIEZA
TALCO PARA PIES REXONA 200 GR;TALCO PARA PIES REXONA 200 ML;KIOSKO
TAMAL CRIOLLO 180 G RAM;TAMAL DE POLLO;ABARROTES
TAMAL DE MAIZ 150 GR;TAMAL DE POLLO;ABARROTES
TAMAL DE MAIZ 230 GR;TAMAL DE POLLO;ABARROTES
TAPA CRISTAL PARA MOLDE DE ALUMINIO 16 OZ 14X11.5 X 500 UND;TAPA CRISTAL P/MOLDE DE ALUMINIO 16 OZ 14 X 11.5;DESCARTABLES
TAPA CRISTAL PARA MOLDE DE ALUMINIO 28 OZ 15X21.5 X 500 UND;TAPA CRISTAL P/MOLDE DE ALUMINIO 28 OZ 15 X 21.5;DESCARTABLES
TAPA CRISTAL PARA MOLDE DE ALUMINIO 8 OZ 12.3X9.8 X 500 UND;TAPA CRISTAL P/MOLDE DE ALUMINIO 8 OZ 12.3 X 9.8;DESCARTABLES
TAPA ENVASE DE ALUMINIO 1000 CC 500 UND;TAPA ENVASE DE ALUMINIO 1000 CC;DESCARTABLES
TAPA ENVASE DESCARTABLE F5 16 OZ 250 UND TRANSPARENTE/ NEGRO;TAPA ENVASE DESCARTABLE F5 16 OZ TRANSPARENTE/NE;DESCARTABLES
TAPA ENVASE DESCARTABLE F5 32 OZ 200 UND TRANSPARENTE/NEGRO;TAPA ENVASE DESCARTABLE F5 32 OZ TRANSPARENTE/NE;DESCARTABLES
TAPA ENVASE DESCARTABLE REDONDO 1000 CC / 500CC 200 UND;TAPA ENVASE DESCARTABLE REDONDO 1000 CC/500 CC;DESCARTABLES
TAPA ENVASE DESCARTABLE REDONDO 1000 CC / 500CC 500 UND;TAPA ENVASE DESCARTABLE REDONDO 1000 CC/500 CC;DESCARTABLES
TAPA ENVASE DESCARTABLE REDONDO 8 OZ;TAPA ENVASE DESCARTABLE REDONDO 8 OZ;DESCARTABLES
TAPA ENVASE DESCARTABLE REDONDO 8 OZ 500 UND;TAPA ENVASE DESCARTABLE REDONDO 8 OZ;DESCARTABLES
TAPA P/ENVASE DESCARTABLE CIRCULAR PP BLAN 0.5-1LT;TAPA P/ENVASE DESCARTABLE CIRCULAR PP BLAN 0.5-1LT;DESCARTABLES
TAPA P/ENVASE DESCARTABLE CIRCULAR PP TRAN 0.5-1LT;TAPA P/ENVASE DESCARTABLE CIRCULAR PP TRAN 0.5-1LT;DESCARTABLES
TAPA P/ENVASE DESCARTABLE CIRCULAR PP TRAN 8 OZ;TAPA P/ENVASE DESCARTABLE CIRCULAR PP TRAN 8 OZ;DESCARTABLES
TAPA P/ENVASE DESCARTABLE RECTANG TRANSP PP 0.5 LT;TAPA P/ENVASE DESCARTABLE RECTANG TRANSP PP 0.5 LT;DESCARTABLES
TAPA P/ENVASE DESCARTABLE RECTANG TRANSP PP 1 LT;TAPA P/ENVASE DESCARTABLE RECTANG TRANSP PP 1 LT;DESCARTABLES
TAPA PARA ENVASE AJICERO PP 4 OZ TRANSPARENTE MILLAR;TAPA PARA ENVASE AJICERO PP 4 OZ TRANSPARENTE;DESCARTABLES
TAPA PARA ENVASE DESCARTABLE CIRCULAR PP TRANSPARENTE  0.5-1 LT ALFA X 200 UND;TAPA P/ENVASE DESCARTABLE CIRCULAR PP TRAN 0.5-1LT;DESCARTABLES
TAPA PARA ENVASE DESCARTABLE CIRCULAR PP TRANSPARENTE 0.5-1 LT ALFA X 200 UND;TAPA PARA ENVASE DESCARTABLE CIRCULAR PP TRANSPARENTE 0.5-1 LT ALFA X 200 UND;DESCARTABLES
TAPA PARA ENVASE DESCARTABLE CIRCULAR PP TRANSPARENTE 8 OZ X 400 UND;TAPA P/ENVASE DESCARTABLE CIRCULAR PP TRAN 8 OZ;DESCARTABLES
TAPA PARA ENVASE DESCARTABLE CIRCULAR PS BLANCO 0.5 - 1 LT ALFA X 200 UND;TAPA P/ENVASE DESCARTABLE CIRCULAR PP BLAN 0.5-1LT;DESCARTABLES
TAPA PARA ENVASE DESCARTABLE RECTANGULAR TRANSPARENTE PP 0.5 LT ALFA X 200 UND;TAPA P/ENVASE DESCARTABLE RECTANG TRANSP PP 0.5 LT;DESCARTABLES
TAPA PARA ENVASE DESCARTABLE RECTANGULAR TRANSPARENTE PP 1 LT ALFA X 200 UND;TAPA P/ENVASE DESCARTABLE RECTANG TRANSP PP 1 LT;DESCARTABLES
TAPA PARA ENVASE SOPERO DE BAMBU 16 OZ X 500 UND;TAPA PARA ENVASE SOPERO DE BAMBU 16 OZ;DESCARTABLES
TAPA PARA ENVASE SOPERO DE BAMBU 32 OZ X 500 UND;TAPA PARA ENVASE SOPERO DE BAMBU 32 OZ;DESCARTABLES
TAPA PARA VASO DESCARTABLE POLIPAPEL 8 OZ 1000 UND;TAPA PARA VASO DESCARTABLE POLIPAPEL 8 OZ;DESCARTABLES
TAPA PARA VASO POLIPAPEL 12 OZ MILLAR;TAPA PARA VASO DESCARTABLE POLIPAPEL 12 OZ;DESCARTABLES
TAPA PARA VASO POLIPAPEL 8 OZ C/DISEÑO BEBIDAS CALIENTES X MILLAR;TAPA VASO POLIPAPEL 8 OZ DISEÑO BEBIDAS CALIENTES;ABARROTES
TAPA PARA VASO POLIPAPEL 8 OZ MILLAR;TAPA PARA VASO DESCARTABLE POLIPAPEL 8 OZ;DESCARTABLES
TAPA PET PARA ENVASE SALAD BOWL DE BAMBU 1000 ML X 600 UND;TAPA PET PARA ENVASE SALAD BOWL DE BAMBU 1000 ML;DESCARTABLES
TAPA PET PARA ENVASE SALAD BOWL DE BAMBU 1300 ML X 300 UND;TAPA PET PARA ENVASE SALAD BOWL DE BAMBU 1300 ML;DESCARTABLES
TAPA PET PARA ENVASE SALSERO PP 2 OZ NEGRO X 2500 UND;TAPA PET PARA ENVASE SALSERO PP 2 OZ NEGRO;DESCARTABLES
TAPA PET PARA ENVASE SALSERO PP 2 OZ TRANSPARENTE X 2500 UND;TAPA PET PARA ENVASE SALSERO PP 2 OZ TRANSPARENTE;DESCARTABLES
TAPA TRANSPARENTE PET PARA ENVASE DUPLO 16 OZ ALTO X 700 UND;TAPA TRANSPARENTE PET PARA ENVASE DUPLO 16 OZ ALTO;DESCARTABLES
TAPA TRANSPARENTE PET PARA ENVASE DUPLO 24 OZ ALTO X 500 UND;TAPA TRANSPARENTE PET PARA ENVASE DUPLO 24 OZ ALTO;DESCARTABLES
TAPA TRANSPARENTE PET PARA ENVASE DUPLO 48 OZ ALTO X 400 UND;TAPA TRANSPARENTE PET PARA ENVASE DUPLO 48 OZ ALTO;DESCARTABLES
TAPA VASO DESCARTABLE POLIPAPEL BLANCO/NEGRO 8 OZ MILLAR;TAPA VASO DESCARTABLE POLIPAPEL BLANCO 8 OZ;DESCARTABLES
TAPA VASO POLIPAPEL 8 OZ DISEÑO BEBIDAS CALIENTES;TAPA VASO POLIPAPEL 8 OZ DISEÑO BEBIDAS CALIENTES;ABARROTES
TAPETE PARA URINARIO ANTI SALPICADURA DARYZA FRESA;TAPETE PARA URINARIO ANTI SALPICADURA DARYZA FRESA;LIMPIEZA
TAPETE PARA URINARIO ANTI SALPICADURA DARYZA LAVANDA;TAPETE P/ URINARIO ANTI SALPICADURA DARYZA LAVANDA;LIMPIEZA
TAPETE PARA URINARIO ANTI SALPICADURA DARYZA MANGO;TAPETE PARA URINARIO ANTI SALPICADURA DARYZA MANGO;LIMPIEZA
TAPETE PARA URINARIO ANTI SALPICADURA DARYZA MENTA;TAPETE PARA URINARIO ANTI SALPICADURA DARYZA MENTA;LIMPIEZA
TAPETE PVC PARA URINARIO ROJO DARYZA;TAPETE PVC PARA URINARIO ROJO DARYZA;LIMPIEZA
TAZA PARA CAFE EXPRESSO CON LOGO  (1 COLOR) MILLAR 4 OZ;TAZA PARA CAFE EXPRESSO CON LOGO (1 COLOR) 4 OZ;DESCARTABLES
TAZA PARA CAFE EXPRESSO MILANO MILLAR 3 OZ;TAZA PARA CAFE EXPRESSO MILANO 3 OZ;DESCARTABLES
TB CIDE QUAT SPARTAN 19 LITROS;TB CIDE QUAT SPARTAN - INACTIVADOR DE FLUIDOS;ABARROTES
TB CIDE QUAT SPARTAN 3.875 LITROS;TB CIDE QUAT SPARTAN - INACTIVADOR DE FLUIDOS;ABARROTES
TB CIDE QUAT SPARTAN 5 LITROS;TB CIDE QUAT SPARTAN - INACTIVADOR DE FLUIDOS;ABARROTES
TE BOLDO SOBRECITO;TE BOLDO SOBRECITO;ABARROTES
TE CANELA Y CLAVO SOBRECITO;TE CANELA Y CLAVO SOBRECITO;ABARROTES
TE ROJO SOBRECITO;TE ROJO SOBRECITO;ABARROTES
TENEDOR ACRILICO DESCARTABLE 100 UND;TENEDORES PARA SEGUNDO;DESCARTABLES
TENEDOR ACRILICO DESCARTABLE 50  UND;TENEDOR PARA SEGUNDO BLANCO DE PLASTICO DESCARTABL;DESCARTABLES
TENEDOR BIO PLA 16CM X 100 UND;TENEDOR BIO PLA 16 CM;DESCARTABLES
TENEDOR BLANCO DE PLASTICO DESCARTABLE D81110001 50 UND;TENEDOR PARA SEGUNDO BLANCO DE PLASTICO DESCARTABL;DESCARTABLES
TENEDOR DE MADERA BIODEGRADABLES 16 CM 100 UND;TENEDOR DE MADERA BIODEGRADABLES 16 CM;DESCARTABLES
TENEDOR DESCARTABLE 50 UND;TENEDOR PARA SEGUNDO BLANCO DE PLASTICO DESCARTABL;DESCARTABLES
TENEDOR DESCARTABLE LA EUROPEA MILLAR;TENEDOR DESCARTABLE LA EUROPEA;DESCARTABLES
TENEDOR PARA SEGUNDO BLANCO DE PLASTICO DESCARTABL;TENEDOR PARA SEGUNDO BLANCO DE PLASTICO DESCARTABL;DESCARTABLES
TENEDOR PARA SEGUNDO BLANCO DE PLASTICO DESCARTABLE LA EUROPEA 50 UND;TENEDOR PARA SEGUNDO BLANCO DE PLASTICO DESCARTABL;DESCARTABLES
TENEDORES PARA SEGUNDO;TENEDORES PARA SEGUNDO;DESCARTABLES
TEQUEÑOS DE LOMITO 20 G CONGELADO;TEQUEÑOS DE LOMITO 20 G CONGELADO;CONGELADOS
TEQUEÑOS DE LOMITO 20 GR CONGELADO;TEQUEÑOS DE LOMITO 20 G CONGELADO;CONGELADOS
"TIJERA GRANDE ARTESCO 8""";"TIJERA GRANDE ARTESCO 8""";KIOSKO
TILAPIA FILETE SIN PIEL 5/7 RANGO 140 - 200 GR CONGELADO;PEZ TILAPIA SIN PIEL CONGELADO RANGO 250 GR;CONGELADOS
TILAPIA FILETE SIN PIEL 5/7 RANGO 140 - 200 GR GRANEL CONGELADO;PEZ TILAPIA SIN PIEL CONGELADO RANGO 250 GR;CONGELADOS
TOALLA HIGIENICA ALWAYS X 24 UND;TOALLA HIGIENICA ALWAYS X 24 UND;KIOSKO
TOALLA HIGIENICA ALWAYS X 8 UND;TOALLA HIGIENICA ALWAYS  X 8 UND;KIOSKO
TOCA SOFT BLANCA ISUD 12 GR DOS LIGAS X100UND;TOCA TIPO TIRA (CAJA X 100 UND);DESCARTABLES
TOCA TIPO MEDIA CAMPANA 12 GR ISUD X100UND;TOCA TIPO MEDIA CAMPANA X 100UND;DESCARTABLES
TOCA TIPO TIRA (CAJA X 100 UND);TOCA TIPO TIRA (CAJA X 100 UND);DESCARTABLES
TOCA TIPO TIRA DESCARTABLE BLANCA R&G CAJA X 100 UND;TOCA TIPO TIRA (CAJA X 100 UND);DESCARTABLES
TOCINO AHUMADO CONGELADO;TOCINO AHUMADO CONGELADO;CONGELADOS
TOCINO AHUMADO CONGELADO KG;TOCINO AHUMADO CONGELADO;CONGELADOS
TOMATE;TOMATE CRIOLLO;FFVV
TOMATE CRIOLLO REFRIGERADO;TOMATE CRIOLLO;FFVV
TOMILLO;TOMILLO;ABARROTES
TOMILLO TIPO PIZZA 4 ESTACIONES 250 GR;TOMILLO;ABARROTES
TORONJIL HIERBA;TORONJIL;FFVV
TORTEES PICANTE FRITO LAY 34 GR;TORTEES PICANTE FRITO LAY 34 GR;ABARROTES
TORTILLA PARA TACOS BIMBO X 12 UNIDS MEDIANO (RAPIDITAS);TORTILLAS DE TACO X 12 UND MEDIANO;ABARROTES
TOSTITOS REDONDOS 150 GR;TOSTITOS REDONDOS 150 GR;ABARROTES
TRAPEADOR DE PISO CON OJAL;TRAPEADOR CON OJAL PIEZA;LIMPIEZA
TRAPEADOR DE POLVO COD K155 AZUL DE 91CM RUBBERMAID;ATRAPA POLVO DE ALGODON/AZUL 91 CM FGK 15500BL00 R;ABARROTES
TRENDSETTER  SPARTAN 19 LITROS;TRENDSETTER SPARTAN  - CERA PARA PISOS;LIMPIEZA
TRENDSETTER  SPARTAN 3.875 LITROS;TRENDSETTER SPARTAN  - CERA PARA PISOS;LIMPIEZA
TRENDSETTER  SPARTAN 5 LITROS;TRENDSETTER SPARTAN  - CERA PARA PISOS;LIMPIEZA
TRIGO MOTE;TRIGO PELADO;ABARROTES
TRIGO MOTE CANTA CLARO 5 KG;TRIGO PELADO;ABARROTES
TRIGO MOTE KOMILON 5 KG;TRIGO PELADO;ABARROTES
TRIGO MOTE LA SERRANITA 5 KG;TRIGO PELADO;ABARROTES
TRIGO MOTE LA SIEMBRA 5 KG;TRIGO PELADO;ABARROTES
TRIGO MOTE VALLESOL 5 KG;TRIGO PELADO;ABARROTES
TRIGO PELADO;TRIGO PELADO;ABARROTES
TRIGO PELADO CANTA CLARO 5 KG;TRIGO PELADO;ABARROTES
TRIGO PELADO CANTA CLARO 5 KG - UNIDAD;TRIGO PELADO;ABARROTES
TRIGO PELADO EL PLEBEYO 5 KG;TRIGO PELADO;ABARROTES
TRIGO PELADO LA SIEMBRA 5 KG;TRIGO PELADO;ABARROTES
TRIGO PELADO VALLESOL 5 KG;TRIGO PELADO;ABARROTES
TROZOS DE MERLUZA EMPANIZADOS (FISH FINGERS);MERLUZA EMPANIZADO (FISH FINGERS);CONGELADOS
TROZOS DE PERICO SIN PIEL 30 - 90 GR CONGELADO;PEZ PERICO FILETE SIN PIEL CONGELADO;CONGELADOS
TRUCHA ENTERA EVISCERADA CONGELADA 100 - 400 GR;TRUCHA ENTERA EVISCERADA CONGELADA 100 - 400 GR;CONGELADOS
TRUCHA ENTERA EVISCERADA CONGELADO GRANEL 100 - 400 GR;PEZ TRUCHA EVISCERADA CONGELADO;CONGELADOS
TRUCHA ENTERA EVISCERADA REFRIGERADO 200 A 250 GR (L);PEZ TRUCHA ENTERA REFRIGERADA;REFRIGERADOS
TRUCHA SIN CABEZA EVISCERADA CONGELADA 100 - 500 GR;TRUCHA ENTERA EVISCERADA CONGELADA 100 - 170 GR;CONGELADOS
TUNA ROJA REFRIGERADO;TUNA ROJA;FFVV
TUNAS;TUNA ROJA;FFVV
UÑA DE GATO SOBRECITO;UÑA DE GATO SOBRECITO;ABARROTES
UVA NEGRA;UVA NEGRA;FFVV
UVA NEGRA REFRIGERADO;UVA NEGRA;FFVV
UVA RED GLOBE;UVA RED GLOBE;FFVV
UVA VERDE;UVA ITALIA;FFVV
VAINITA EN TROZOS CONGELADA;VAINITA  REFRIGERADO / CONGELADO;CONGELADOS
VAINITA ENTERO REFRIGERADO;VAINITA  REFRIGERADO / CONGELADO;FFVV
VAINITA FRESCA;VAINITA  REFRIGERADO / CONGELADO;FFVV
VAINITA TROZOS CONGELADO;VAINITA  REFRIGERADO / CONGELADO;CONGELADOS
VASELINA NO PERFUMADA POTE 15 GR;VASELINA NO PERFUMADA POTE 15 GR;KIOSKO
VASELINA NO PERFUMADA POTE 18 GR;VASELINA NO PERFUMADA 18 GR;KIOSKO
VASELINA NO PERFUMADA POTE 25 GR;VASELINA NO PERFUMADA POTE 25 GR;KIOSKO
VASO DESC POLIPAPEL BLANCO PANAMERICANO 8 ONZAS;VASO DESCARTABLE POLIPAPEL;DESCARTABLES
VASO DESCARTABLE LISTADO PP 10 OZ MILLAR;VASO DESCARTABLE POLIPAPEL;DESCARTABLES
VASO DESCARTABLE PLASTICO 5 OZ MILLAR;VASO DESCARTABLE POLIPAPEL;DESCARTABLES
VASO DESCARTABLE PLASTICO 7 OZ MILLAR;VASO DESCARTABLE POLIPAPEL;DESCARTABLES
VASO DESCARTABLE POLIPAPEL BLANCO 8 OZ MILLAR;VASO DESCARTABLE POLIPAPEL;DESCARTABLES
VASO DESCARTABLE POLIPAPEL BLANCO 9 OZ MILLAR;VASO DESCARTABLE POLIPAPEL;DESCARTABLES
VASO DESCARTABLE POLIPAPEL BLANCO CON TAPA 8 OZ MILLAR;VASO DESCARTABLE POLIPAPEL;DESCARTABLES
VASO DESCARTABLE POLIPAPEL BLANCO PANAMERICANOS 8 OZ MILLAR;VASO DESCARTABLE POLIPAPEL;DESCARTABLES
VASO DESCARTABLE POLIPAPEL BLANCO SIN TAPA 8 OZ MILLAR;VASO DESCARTABLE POLIPAPEL;DESCARTABLES
VASO DESCARTABLE PP N 10 ALFA X MILLAR;VASO DESCARTABLE PP N 10;DESCARTABLES
VASO DESCARTABLE PP N 5 ALFA X MILLAR;VASO DESCARTABLE PP N 5;DESCARTABLES
VASO DESCARTABLE PP N 7 ALFA X MILLAR;VASO DESCARTABLE PP N 7;DESCARTABLES
VASO DESCARTABLE TECNOPOR 10 OZ MILLAR;VASO DESCARTABLE TECNOPOR 10 OZ;DESCARTABLES
VASO PARA CREMOLADA MILLAR 8 OZ;VASO PARA CREMOLADA 8 OZ;DESCARTABLES
VASO POLIPAPEL 8 OZ C/DISEÑO BEBIDAS CALIENTES X MILLAR;VASO POLIPAPEL 8 OZ DISEÑO BEBIDAS CALIENTES;ABARROTES
VASO POLIPAPEL BLANCO 12 OZ MILLAR;VASO DESCARTABLE POLIPAPEL;DESCARTABLES
VASO POLIPAPEL BLANCO 4 OZ MILLAR;VASO DESCARTABLE POLIPAPEL;DESCARTABLES
VASO POLIPAPEL BLANCO 8 OZ MILLAR;VASO DESCARTABLE POLIPAPEL;DESCARTABLES
VASO POLIPAPEL DISEÑO BEBIDAS CALIENTES 8 OZ MILLAR;VASO DESCARTABLE POLIPAPEL;DESCARTABLES
VICK VAPORUP LATA PERSONAL;VICK VAPORUP LATA PERSONAL;KIOSKO
VINAGRE BALSAMICO LUREN 5 LT PET;VINAGRE BALSAMICO;ABARROTES
VINAGRE BLANCO;VINAGRE BLANCO;ABARROTES
VINAGRE BLANCO A-1 1 LT;VINAGRE BLANCO;ABARROTES
VINAGRE BLANCO FANNY 500 ML;VINAGRE BLANCO FANNY;ABARROTES
VINAGRE BLANCO TRESA 3.8 LT;VINAGRE BLANCO;ABARROTES
VINAGRE BLANCO TRESA 4 LT;VINAGRE BLANCO;ABARROTES
VINAGRE DE MANZANA;VINAGRE DE MANZANA;ABARROTES
VINAGRE DE MANZANA OLIVOS DEL SUR 4 LT PET;VINAGRE DE MANZANA;ABARROTES
VINAGRE TINTO;VINAGRE TINTO;ABARROTES
VINAGRE TINTO A-1 1 LT;VINAGRE TINTO;ABARROTES
VINAGRE TINTO A-1 4 LT;VINAGRE TINTO;ABARROTES
VINAGRE TINTO FANNY 500 ML;VINAGRE TINTO;ABARROTES
VINAGRE TINTO FLORIDA 625  ML;VINAGRE TINTO;ABARROTES
VINAGRE TINTO TRESA 3.8 LT;VINAGRE TINTO;ABARROTES
VINAGRE TINTO TRESA 4 LT;VINAGRE TINTO;ABARROTES
WAFER CHOCOLATE COSTA NIK 27 GR;WAFER CHOCOLATE COSTA NIK 27 GR;ABARROTES
WAFER CHOCOLATE COSTA NIK 29 GR;WAFER CHOCOLATE COSTA NICK 29 GR;ABARROTES
WAFER CHOCOLATE TUYO COSTA 22 GR;CHOCOLATE WAFER TUYO COSTA 22 G;ABARROTES
WAFER FRESA FENIX;G WAFER FENIX FRESA 26 GR;ABARROTES
WAFER MOROCHAS BARRA VAINILLA 22 GR;WAFER MOROCHAS BARRA VAINILLA 22 GR;ABARROTES
WANTAN ARMADO CON RELLENO SIU MAI CERDO 17 GR CONGELADO;WANTAN CON RELLENO SIU MAI CERDO 17 G CONGELADO;CONGELADOS
WHITE CLEAN PLUS FP SPARTAN - DETERGENTE NEUTRO;WHITE CLEAN PLUS FP SPARTAN - DETERGENTE NEUTRO;LIMPIEZA
WHITE CLEAN PLUS FP SPARTAN 19 LITROS;WHITE CLEAN PLUS FP SPARTAN - DETERGENTE NEUTRO;ABARROTES
WHITE CLEAN PLUS FP SPARTAN 3.875 LITROS;WHITE CLEAN PLUS FP SPARTAN - DETERGENTE NEUTRO;ABARROTES
WHITE CLEAN PLUS FP SPARTAN 5 LITROS;WHITE CLEAN PLUS FP SPARTAN - DETERGENTE NEUTRO;LIMPIEZA
XTREME CLEAN SPARTAN - REMOVEDOR DE GRASA;XTREME CLEAN SPARTAN - REMOVEDOR DE GRASA;LIMPIEZA
XTREME CLEAN SPARTAN 19 LITROS;XTREME CLEAN SPARTAN - REMOVEDOR DE GRASA;LIMPIEZA
XTREME CLEAN SPARTAN 3.875 LITROS;XTREME CLEAN SPARTAN - REMOVEDOR DE GRASA;LIMPIEZA
XTREME CLEAN SPARTAN 5 LITROS;XTREME CLEAN SPARTAN - REMOVEDOR DE GRASA;LIMPIEZA
XTREME OXIGEN BLEACH SPARTAN 19 LITROS;XTREME OXIGEN BLEACH SPARTAN - BLANQUEADOR;LIMPIEZA
YELLOW PINE SPARTAN 1 LITRO;YELLOW PINE SPARTAN - LIMPIADOR DE PISO;ABARROTES
YELLOW PINE SPARTAN 19 LITROS;YELLOW PINE SPARTAN - LIMPIADOR DE PISO;LIMPIEZA
YELLOW PINE SPARTAN 3.875 LITROS;YELLOW PINE SPARTAN - LIMPIADOR DE PISO;ABARROTES
YELLOW PINE SPARTAN 5 LITROS;YELLOW PINE SPARTAN - LIMPIADOR DE PISO;ABARROTES
YOGURT ACTIBIO FRESA GLORIA 1 KG;YOGURT ACTIBIO FRESA LT;REFRIGERADOS
YOGURT DE DURAZNO GLORIA  1 LT;YOGURT DE DURAZNO LT;REFRIGERADOS
YOGURT DE DURAZNO GLORIA 500 ML;YOGURT X 500 ML;REFRIGERADOS
YOGURT DE DURAZNO GLORIA SLIM 1 LT;YOGURT DURAZNO LIGHT LT;REFRIGERADOS
YOGURT DE FRESA GLORIA  SLIM 1 LT;YOGURT FRESA LIGHT LT;REFRIGERADOS
YOGURT DE FRESA GLORIA 1 LT;YOGURT FRESA NORMAL LT;REFRIGERADOS
YOGURT DE FRESA GLORIA 180 ML (EMER);YOGURT 180 Ml;REFRIGERADOS
YOGURT DE FRESA GLORIA 500 ML;YOGURT X 500 ML;REFRIGERADOS
YOGURT DE GLORIA 500 ML;YOGURT X 500 ML;REFRIGERADOS
YOGURT DE GUANABANA GLORIA 1 LT;YOGURT GUANABANA NORMAL LT;REFRIGERADOS
YOGURT DE LUCUMA GLORIA 2 KG;YOGURT LUCUMA NORMAL LT;REFRIGERADOS
YOGURT DE TUTTI FRUTTI GLORIA 1 LT;YOGURT TUTTI FRUTTI NORMAL LT;ABARROTES
YOGURT DE VAINILLA FRANCESA   GLORIA 500 ML;YOGURT X 500 ML;REFRIGERADOS
YOGURT DE VAINILLA FRANCESA  GLORIA 500 ML;YOGURT X 500 ML;REFRIGERADOS
YOGURT DE VAINILLA FRANCESA GLORIA 1 LT;YOGURT VAINILLA FRANCESA NORMAL LT;REFRIGERADOS
YOGURT DE VAINILLA FRANCESA GLORIA 2 LT;YOGURT VAINILLA FRANCESA NORMAL LT;REFRIGERADOS
YOGURT DE VAINILLA FRANCESA GLORIA 500 ML;YOGURT X 500 ML;REFRIGERADOS
YOGURT DE VAINILLA GLORIA SLIM 1 LT;YOGURT VAINILLA LIGHT LT;REFRIGERADOS
YOGURT DE VAINILLA LIGHT GLORIA 500ML;YOGURT X 500 ML;REFRIGERADOS
YOGURT DURAZNO BIO LAIVE  1.7 LT;YOGURT DE DURAZNO LT;REFRIGERADOS
YOGURT DURAZNO BIO LAIVE  1.8 LT;YOGURT DURAZNO NORMAL LT;REFRIGERADOS
YOGURT DURAZNO GLORIA 1.7 LT;YOGURT DE DURAZNO LT;REFRIGERADOS
YOGURT DURAZNO LAIVE 946 GR;YOGURT DURAZNO NORMAL LT;REFRIGERADOS
YOGURT DURAZNO SBELT 946 GR;YOGURT DURAZNO LIGHT LT;REFRIGERADOS
YOGURT FRESA BIO LAIVE  1.7 LT;YOGURT FRESA NORMAL LT;REFRIGERADOS
YOGURT FRESA BIO LAIVE  1.8 LT;YOGURT FRESA NORMAL LT;REFRIGERADOS
YOGURT FRESA LAIVE 946 GR;YOGURT FRESA NORMAL LT;REFRIGERADOS
YOGURT FRESA SBELT 946 GR;YOGURT FRESA LIGHT LT;REFRIGERADOS
YOGURT LUCUMA BIO LAIVE  1.7 LT;YOGURT LUCUMA LT;REFRIGERADOS
YOGURT LUCUMA BIO LAIVE  1.8 LT;YOGURT LUCUMA NORMAL LT;REFRIGERADOS
YOGURT LUCUMA LAIVE 946 GR;YOGURT LUCUMA NORMAL LT;REFRIGERADOS
YOGURT LUCUMA SBELT 946 GR;YOGURT LUCUMA LIGHT LT;REFRIGERADOS
YOGURT VAINILLA FRANCESA  LAIVE 946 GR;YOGURT VAINILLA FRANCESA NORMAL LT;REFRIGERADOS
YOGURT VAINILLA FRANCESA BIO LAIVE  1.7 LT;YOGURT VAINILLA NORMAL LT;REFRIGERADOS
YOGURT VAINILLA FRANCESA BIO LAIVE  1.8 LT;YOGURT VAINILLA NORMAL LT;REFRIGERADOS
YOGURT VAINILLA FRANCESA SBELT 946 GR;YOGURT VAINILLA LIGHT LT;REFRIGERADOS
YOGURT X 500 ML;YOGURT X 500 ML;REFRIGERADOS
YUCA;YUCA AMARILLA;FFVV
YUCA  CONGELADA;YUCA AMARILLA CONGELADO;CONGELADOS
YUCA AMARILLA CONGELADO;YUCA AMARILLA CONGELADO;CONGELADOS
YUCA CONGELADA;YUCA AMARILLA CONGELADO;CONGELADOS
YUCA PARA GUARNICION LIBER CONGELADOS;YUCA TROZADA CONGELADA;CONGELADOS
ZANAHORIA;ZANAHORIA;FFVV
ZANAHORIA (L);ZANAHORIA;FFVV
ZANAHORIA EN CUBOS CONGELADO;ZANAHORIA CUBOS CONGELADO;CONGELADOS
ZANAHORIA EN RODAJAS SORAYA CONGELADO;ZANAHORIA RODAJAS CONGELADO;CONGELADOS
ZANAHORIA EN TIRAS SORAYA CONGELADO;ZANAHORIA TIRAS CONGELADO;CONGELADOS
ZANAHORIA REFRIGERADO;ZANAHORIA;FFVV
ZAPALLITO ITALIANO;ZAPALLO ITALIANO;FFVV
ZAPALLO ITALIANO REFRIGERADO;ZAPALLO ITALIANO;FFVV
ZAPALLO MACRE;ZAPALLO MACRE;FFVV
ZAPALLO MACRE EN CUBO LIBER 1.5 X 1.5 CM CONGELADO;ZAPALLO MACRE CONGELADO;CONGELADOS
ZAPALLO MACRE REFRIGERADO;ZAPALLO MACRE;FFVV
ZUMO DE LIMON CONGELADO;ZUMO DE LIMON CONGELADO;CONGELADOS
CHURRO MINI SIN RELLENO C/ HUECO 6 CM CONGELADO;CHURRO MINI SIN RELLENO C/ HUECO 6 CM CONGELADO;CONGELADOS
CHURRO RELLENO MANJAR BLANCO 12 CM CONGELADO;CHURRO RELLENO MANJAR BLANCO 12 CM CONGELADO;CONGELADOS
PIROTINES PARA POSTRE #8 X MILLAR;PIROTINES PARA POSTRE #8 X MILLAR;DESCARTABLES
FRUTA CONFITADA 4 ESTACIONES 1 KG - CAJA;FRUTA CONFITADA;REFRIGERADOS
