producto_codigo;producto_descripcion;unidad_base;categoria;variante_codigo;marca;descripcion_comercial;tipo_envase;contenido_por_envase;empaque_codigo;empaque_descripcion;envases_por_empaque;minimo;multiplo
ING00001;ACEITE AJONJOLI 270 ML;UND;ABARROTES;PRD02869;;CAJA CHICA - ACEITE AJONJOLI 270 ML;BOTELLA;1;BOTELLA;BOTELLA x 1 UND;1;1;1
ING00002;ACEITE AJONJOLI LEE KUM KEE 443.6 ML;UND;ABARROTES;PRD03451;;CAJA CHICA - ACEITE AJONJOLI LEE KUM KEE 443.6 ML;FRASCO;1;FRASCO;FRASCO x 1 UND;1;1;1
ING00003;ACEITE DE AJI X 280 ML;UND;ABARROTES;PRD04067;;CAJA CHICA - ACEITE DE AJI X 280 ML;FRASCO;1;FRASCO;FRASCO x 1 UND;1;1;1
ING00004;ACEITE DE AJI X 280 ML - FRASCO;UND;ABARROTES;PRD04061;;CAJA CHICA - ACEITE DE AJI X 280 ML - FRASCO;FRASCO;1;FRASCO;FRASCO x 1 UND;1;1;1
ING00005;ACEITE DE AJONJOLI;L;ABARROTES;PRD00011;;ACEITE AJONJOLI OLIVOS DEL SUR 220 ML PET;BOTELLA;0.22;BOTELLA;BOTELLA x 0.22 L;1;1;1
ING00005;ACEITE DE AJONJOLI;L;ABARROTES;PRD00015;;ACEITE AJONJOLI OLIVOS DEL SUR 200 ML;FRASCO;0.2;FRASCO;FRASCO x 0.2 L;1;1;1
ING00005;ACEITE DE AJONJOLI;L;ABARROTES;PRD00019;;ACEITE AJONJOLI OLIVOS DEL SUR 200 ML PET;BOTELLA;0.2;BOTELLA;BOTELLA x 0.2 L;1;1;1
ING00005;ACEITE DE AJONJOLI;L;ABARROTES;PRD00078;;ACEITE AJONJOLI LEE KUM KEE 207 ML;FRASCO;0.207;FRASCO;FRASCO x 0.207 L;1;1;1
ING00006;ACEITE DE AJONJOLI LT;L;ABARROTES;PRD03502;;CAJA CHICA - ACEITE DE AJONJOLI LT;LITRO;1;LITRO;LITRO x 1 L;1;1;1
ING00007;ACEITE DE OLIVA;L;ABARROTES;PRD00013;;ACEITE DE OLIVA VIRGEN KUSASA 4 LT;GALON;4;GALON;GALON x 4 L;1;1;1
ING00007;ACEITE DE OLIVA;L;ABARROTES;PRD00014;;ACEITE DE OLIVA LOMAS DE OLIVAR 1 LT;FRASCO;1;FRASCO;FRASCO x 1 L;1;1;1
ING00007;ACEITE DE OLIVA;L;ABARROTES;PRD00016;;ACEITE DE OLIVA VIRGEN OLIVEZA 4 LT;GALON;4;GALON;GALON x 4 L;1;1;1
ING00007;ACEITE DE OLIVA;L;ABARROTES;PRD00017;;ACEITE DE OLIVA VIRGEN OLIVEZA 1 LT;BOTELLA;1;BOTELLA;BOTELLA x 1 L;1;1;1
ING00008;ACEITE DE OLIVA LT;L;REFRIGERADOS;PRD02827;;CAJA CHICA - ACEITE DE OLIVA LT;LITRO;1;LITRO;LITRO x 1 L;1;1;1
ING00009;ACEITE DE OLIVA X 1LT OLIVOS DEL SUR;L;REFRIGERADOS;PRD04077;;CAJA CHICA - ACEITE DE OLIVA X 1LT OLIVOS DEL SUR;FRASCO;1;FRASCO;FRASCO x 1 L;1;1;1
ING00010;ACEITE UNO PRESENTACION POR 900 ML;UND;REFRIGERADOS;PRD04057;;CAJA CHICA - ACEITE UNO PRESENTACION POR 900 ML;BOTELLA;1;BOTELLA;BOTELLA x 1 UND;1;1;1
ING00011;ACEITE VEGETAL;L;ABARROTES;PRD00010;;ACEITE VEGETAL CIELO 5 LT;BIDON;5;BIDON;BIDON x 5 L;1;1;1
ING00011;ACEITE VEGETAL;L;ABARROTES;PRD00012;;ACEITE VEGETAL CIELO 18 LT;BALDE;18;BALDE;BALDE x 18 L;1;1;1
ING00011;ACEITE VEGETAL;L;ABARROTES;PRD00075;;ACEITE VEGETAL DELEITTE 5 LT;BIDON;5;BIDON;BIDON x 5 L;1;1;1
ING00011;ACEITE VEGETAL;L;ABARROTES;PRD00076;;ACEITE VEGETAL PRIMOR 5 LT;BIDON;5;BIDON;BIDON x 5 L;1;1;1
ING00011;ACEITE VEGETAL;L;ABARROTES;PRD00077;;ACEITE VEGETAL COCINERO 5 LT;BIDON;5;BIDON;BIDON x 5 L;1;1;1
ING00011;ACEITE VEGETAL;L;ABARROTES;PRD00079;;ACEITE VEGETAL CIL 5 LT;BIDON;5;BIDON;BIDON x 5 L;1;1;1
ING00012;ACEITE VEGETAL (UND);UND;ABARROTES;PRD01635;;CAJA CHICA - ACEITE VEGETAL DELEITE;GALON;1;GALON;GALON x 1 UND;1;1;1
ING00012;ACEITE VEGETAL (UND);UND;ABARROTES;PRD02702;;CAJA CHICA - ACEITE VEGETAL CIL X 5 LT;BOTELLA;1;BOTELLA;BOTELLA x 1 UND;1;1;1
ING00012;ACEITE VEGETAL (UND);UND;ABARROTES;PRD02910;;CAJA CHICA - ACEITE VEGETAL CRISOL 5 LT;BOTELLA;1;BOTELLA;BOTELLA x 1 UND;1;1;1
ING00013;ACEITE VEGETAL CIELO X 20 LT;L;ABARROTES;PRD01638;;CAJA CHICA - ACEITE VEGETAL CIELO X 20 LT;LITRO;1;LITRO;LITRO x 1 L;1;1;1
ING00014;ACEITE VEGETAL LT;L;ABARROTES;PRD03588;;CAJA CHICA - ACEITE VEGETAL LT;LITRO;1;LITRO;LITRO x 1 L;1;1;1
ING00015;ACEITUNA NEGRA EN RODAJA;KG;REFRIGERADOS;PRD00678;;ACEITUNA NEGRA SIN PEPA;KILOGRAMO;1;KILOGRAMO;KILOGRAMO x 1 KG;1;1;1
ING00015;ACEITUNA NEGRA EN RODAJA;KG;REFRIGERADOS;PRD02189;;ACEITUNA NEGRA RODAJA;KILOGRAMO;1;KILOGRAMO;KILOGRAMO x 1 KG;1;1;1
ING00015;ACEITUNA NEGRA EN RODAJA;KG;REFRIGERADOS;PRD02740;;CAJA CHICA - ACEITUNA CON PIMIENTO;KILOGRAMO;1;KILOGRAMO;KILOGRAMO x 1 KG;1;1;1
ING00015;ACEITUNA NEGRA EN RODAJA;KG;REFRIGERADOS;PRD03111;;CAJA CHICA - ACEITUNA NEGRA;KILOGRAMO;1;KILOGRAMO;KILOGRAMO x 1 KG;1;1;1
ING00015;ACEITUNA NEGRA EN RODAJA;KG;REFRIGERADOS;PRD03631;;CAJA CHICA - ACEITUNA;KILOGRAMO;1;KILOGRAMO;KILOGRAMO x 1 KG;1;1;1
ING00016;ACEITUNA POTE 250 GR;UND;REFRIGERADOS;PRD03240;;CAJA CHICA - ACEITUNA POTE 250 GR;UNIDAD;1;UNIDAD;UNIDAD x 1 UND;1;1;1
ING00017;ACEITUNA VERDE;KG;REFRIGERADOS;PRD00670;;ACEITUNA VERDE;KILOGRAMO;1;KILOGRAMO;KILOGRAMO x 1 KG;1;1;1
ING00017;ACEITUNA VERDE;KG;REFRIGERADOS;PRD00679;;ACEITUNA VERDE SIN PEPA;KILOGRAMO;1;KILOGRAMO;KILOGRAMO x 1 KG;1;1;1
ING00018;ACEITUNA VERDE EN RODAJA;KG;REFRIGERADOS;PRD02190;;ACEITUNA VERDE RODAJA;KILOGRAMO;1;KILOGRAMO;KILOGRAMO x 1 KG;1;1;1
ING00018;ACEITUNA VERDE EN RODAJA;KG;REFRIGERADOS;PRD03112;;CAJA CHICA - ACEITUNA VERDE;KILOGRAMO;1;KILOGRAMO;KILOGRAMO x 1 KG;1;1;1
ING00019;ACELGA;KG;FFVV;PRD02430;;ACELGA;KILOGRAMO;1;KILOGRAMO;KILOGRAMO x 1 KG;1;1;1
ING00020;ACHOCOLATADO MILO 17 GR;UND;ABARROTES;PRD00469;;MILO SACHET 17 GR;SACHET;1;SACHET;SACHET x 1 UND;1;1;1
ING00021;ACHOCOLATADO MILO 18 G;UND;ABARROTES;PRD00547;;MILO SACHET 18 GR;UNIDAD;1;UNIDAD;UNIDAD x 1 UND;1;1;1
ING00022;ACHOCOLATADO NESQUICK NESTLE 380 GR (EMER);KG;;PRD00089;;ACHOCOLATADO NESQUICK NESTLE 380 GR (EMER);LATA;0.38;LATA;LATA x 0.38 KG;1;1;1
ING00023;ACIDO MLD ECO SPARTAN - DESINCRUSTANTE;L;LIMPIEZA;PRD02436;;ACIDO MLD ECO SPARTAN 1 LITRO;LITRO;1;LITRO;LITRO x 1 L;1;1;1
ING00023;ACIDO MLD ECO SPARTAN - DESINCRUSTANTE;L;LIMPIEZA;PRD02448;;ACIDO MLD ECO SPARTAN 3.875 LITROS;GALON;3.875;GALON;GALON x 3.875 L;1;1;1
ING00023;ACIDO MLD ECO SPARTAN - DESINCRUSTANTE;L;LIMPIEZA;PRD02461;;ACIDO MLD ECO SPARTAN 5 LITROS;UNIDAD;5;UNIDAD;UNIDAD x 5 L;1;1;1
ING00023;ACIDO MLD ECO SPARTAN - DESINCRUSTANTE;L;LIMPIEZA;PRD02474;;ACIDO MLD ECO SPARTAN 19 LITROS;BIDON;19;BIDON;BIDON x 19 L;1;1;1
ING00024;ACIDO MURIATICO 1 LT;L;ABARROTES;PRD03316;;CAJA CHICA - ACIDO MURIATICO 1 LT;BOTELLA;1;BOTELLA;BOTELLA x 1 L;1;1;1
ING00025;ADEREZO MILS ISLAS X 443 GR;UND;ABARROTES;PRD03897;;CAJA CHICA - ADEREZO MILS ISLAS X 443 GR;FRASCO;1;FRASCO;FRASCO x 1 UND;1;1;1
ING00026;ADEREZO RANCHERO X 443 GR;UND;ABARROTES;PRD03898;;CAJA CHICA - ADEREZO RANCHERO X 443 GR;FRASCO;1;FRASCO;FRASCO x 1 UND;1;1;1
ING00027;AGUA SAN LUIS SIN GAS 2.5 LT;UND;BEBIDAS;PRD01306;;AGUA SAN LUIS SIN GAS 2.5 LT;BOTELLA;1;BOTELLA;BOTELLA x 1 UND;1;1;1
ING00028;AGUA SAN LUIS SIN GAS 20 LT;L;BEBIDAS;PRD01304;;AGUA SAN LUIS BIDON 20 LT;BIDON;20;BIDON;BIDON x 20 L;1;1;1
ING00028;AGUA SAN LUIS SIN GAS 20 LT;L;BEBIDAS;PRD01305;;AGUA SAN LUIS DESCARTABLE BIB 20 LT;CAJA;20;CAJA;CAJA x 20 L;1;1;1
ING00029;AGUA SAN LUIS SIN GAS 3 LT;UND;;PRD01488;;AGUA SAN LUIS SIN GAS 3 LT;BOTELLA;1;BOTELLA;BOTELLA x 1 UND;1;1;1
ING00030;AGUA SAN LUIS SIN GAS 3 LT (EMER);UND;;PRD01489;;AGUA SAN LUIS SIN GAS 3 LT (EMER);BOTELLA;1;BOTELLA;BOTELLA x 1 UND;1;1;1
ING00031;AGUA SAN LUIS SIN GAS 750 ML;UND;BEBIDAS;PRD01307;;AGUA VIDA SIN GAS 625 ML;BOTELLA;1;BOTELLA;BOTELLA x 1 UND;1;1;1
ING00031;AGUA SAN LUIS SIN GAS 750 ML;UND;BEBIDAS;PRD01313;;AGUA SAN LUIS CON GAS 625 ML;BOTELLA;1;BOTELLA;BOTELLA x 1 UND;1;1;1
ING00031;AGUA SAN LUIS SIN GAS 750 ML;UND;BEBIDAS;PRD01314;;AGUA SAN LUIS SIN GAS 625 ML;BOTELLA;1;BOTELLA;BOTELLA x 1 UND;1;1;1
ING00031;AGUA SAN LUIS SIN GAS 750 ML;UND;BEBIDAS;PRD01486;;AGUA SAN LUIS SIN GAS 750 ML;BOTELLA;1;BOTELLA;BOTELLA x 1 UND;1;1;1
ING00031;AGUA SAN LUIS SIN GAS 750 ML;UND;BEBIDAS;PRD01487;;AGUA CIELO SIN GAS 625 ML (E);BOTELLA;1;BOTELLA;BOTELLA x 1 UND;1;1;1
ING00031;AGUA SAN LUIS SIN GAS 750 ML;UND;BEBIDAS;PRD01491;;AGUA SOCOSANI CON GAS 500 ML;BOTELLA;1;BOTELLA;BOTELLA x 1 UND;1;1;1
ING00031;AGUA SAN LUIS SIN GAS 750 ML;UND;BEBIDAS;PRD03425;;CAJA CHICA - AGUA SAN MATEO 600 ML;BOTELLA;1;BOTELLA;BOTELLA x 1 UND;1;1;1
ING00031;AGUA SAN LUIS SIN GAS 750 ML;UND;BEBIDAS;PRD03914;;CAJA CHICA - AGUA SAN MATEO SIN GAS X 300 ML;BOTELLA;1;BOTELLA;BOTELLA x 1 UND;1;1;1
ING00031;AGUA SAN LUIS SIN GAS 750 ML;UND;BEBIDAS;PRD03931;;CAJA CHICA - AGUA SAN LUIS S/GAS X 625 ML;UNIDAD;1;UNIDAD;UNIDAD x 1 UND;1;1;1
ING00031;AGUA SAN LUIS SIN GAS 750 ML;UND;BEBIDAS;PRD03954;;CAJA CHICA - AGUA SOCOSANI X 500 ML;BOTELLA;1;BOTELLA;BOTELLA x 1 UND;1;1;1
ING00032;AGUA TRATADA X 2.5 LT;UND;BEBIDAS;PRD03784;;CAJA CHICA - AGUA TRATADA X 2.5 LT;BOTELLA;1;BOTELLA;BOTELLA x 1 UND;1;1;1
ING00033;AGUA VIDA DESCARTABLE BIB 20 LT;L;BEBIDAS;PRD01490;;AGUA VIDA DESCARTABLE BIB 20 LT;CAJA;20;CAJA;CAJA x 20 L;1;1;1
ING00034;AGUA VIDA X 20 LT;UND;BEBIDAS;PRD03030;;CAJA CHICA - AGUA VIDA X 20 LT;CAJA;1;CAJA;CAJA x 1 UND;1;1;1
ING00035;AGUAYMANTO;KG;ABARROTES;PRD03140;;CAJA CHICA - AGUAYMANTO;KILOGRAMO;1;KILOGRAMO;KILOGRAMO x 1 KG;1;1;1
ING00036;AIRLIFT SPARTAN - DESODORANTE AMBIENTADOR;L;LIMPIEZA;PRD02437;;AIRLIFT SPARTAN 1 LITRO;LITRO;1;LITRO;LITRO x 1 L;1;1;1
ING00036;AIRLIFT SPARTAN - DESODORANTE AMBIENTADOR;L;LIMPIEZA;PRD02449;;AIRLIFT SPARTAN 3.875 LITROS;GALON;3.875;GALON;GALON x 3.875 L;1;1;1
ING00036;AIRLIFT SPARTAN - DESODORANTE AMBIENTADOR;L;LIMPIEZA;PRD02462;;AIRLIFT SPARTAN 5 LITROS;UNIDAD;5;UNIDAD;UNIDAD x 5 L;1;1;1
ING00036;AIRLIFT SPARTAN - DESODORANTE AMBIENTADOR;L;LIMPIEZA;PRD02475;;AIRLIFT SPARTAN 19 LITROS;BIDON;19;BIDON;BIDON x 19 L;1;1;1
ING00037;AJI AMARILLO;KG;FFVV;PRD00442;;AJI AMARILLO X KG;KILOGRAMO;1;KILOGRAMO;KILOGRAMO x 1 KG;1;1;1
ING00038;AJI AMARILLO ENTERO CONGELADO KG;KG;CONGELADOS;PRD02833;;CAJA CHICA - AJI AMARILLO ENTERO CONGELADO KG;KILOGRAMO;1;KILOGRAMO;KILOGRAMO x 1 KG;1;1;1
ING00039;AJI CASERO;UND;ABARROTES;PRD01068;;E - SALSA DE AJI CASERO TRESA 5 GR;SACHET;1;SACHET;SACHET x 1 UND;1;1;1
ING00040;AJI CHARAPITA;KG;FFVV;PRD02065;;AJI CHARAPITA;KILOGRAMO;1;KILOGRAMO;KILOGRAMO x 1 KG;1;1;1
ING00040;AJI CHARAPITA;KG;FFVV;PRD03271;;CAJA CHICA - AJI CHARAPITA;KILOGRAMO;1;KILOGRAMO;KILOGRAMO x 1 KG;1;1;1
ING00041;AJI CHINO SECO;UND;ABARROTES;PRD04141;;CAJA CHICA - AJI CHINO SECO;BOLSA;1;BOLSA;BOLSA x 1 UND;1;1;1
ING00042;AJI CON HUACATAY;KG;ABARROTES;PRD03546;;CAJA CHICA - AJI CON HUACATAY;KILOGRAMO;1;KILOGRAMO;KILOGRAMO x 1 KG;1;1;1
ING00043;AJI CRIOLLO (PICADILLO);KG;;PRD01096;;AJI CRIOLLO (PICADILLO) EMIC 1 KG;BOLSA;1;BOLSA;BOLSA x 1 KG;1;1;1
ING00044;AJI DE LA ABUELA;KG;REFRIGERADOS;PRD01094;;AJI DE LA ABUELA EMIC 1 KG;BOLSA;1;BOLSA;BOLSA x 1 KG;1;1;1
ING00045;AJI DE POLLERIA;KG;REFRIGERADOS;PRD02225;;AJI DE POLLERIA (CRIOLLO) EMIC 1 KG;BOLSA;1;BOLSA;BOLSA x 1 KG;1;1;1
ING00046;AJI EN POLVO X 100 GR - BOLSA;UND;ABARROTES;PRD04053;;CAJA CHICA - AJI EN POLVO X 100 GR - BOLSA;BOLSA;1;BOLSA;BOLSA x 1 UND;1;1;1
ING00047;AJI HUAJIO GRANO FURONG 100GR;UND;ABARROTES;PRD04122;;CAJA CHICA - AJI HUAJIO GRANO FURONG 100GR;GRAMO;1;GRAMO;GRAMO x 1 UND;1;1;1
ING00048;AJI LIMEÑO;KG;REFRIGERADOS;PRD01095;;AJI LIMEÑO EMIC 1 KG;BOLSA;1;BOLSA;BOLSA x 1 KG;1;1;1
ING00049;AJI LIMO;KG;FFVV;PRD00417;;AJI LIMO;KILOGRAMO;1;KILOGRAMO;KILOGRAMO x 1 KG;1;1;1
ING00049;AJI LIMO;KG;FFVV;PRD03569;;CAJA CHICA - AJI LIMO;KILOGRAMO;1;KILOGRAMO;KILOGRAMO x 1 KG;1;1;1
ING00050;AJI MIRASOL MOLIDO ENVASADO KG;KG;ABARROTES;PRD02829;;CAJA CHICA - AJI MIRASOL MOLIDO ENVASADO KG;KILOGRAMO;1;KILOGRAMO;KILOGRAMO x 1 KG;1;1;1
ING00051;AJI MIRASOL SECO;KG;ABARROTES;PRD00859;;AJI MIRASOL 4 ESTACIONES 1KG;BOLSA;1;BOLSA;BOLSA x 1 KG;1;1;1
ING00051;AJI MIRASOL SECO;KG;ABARROTES;PRD03182;;CAJA CHICA - AJI MIRASOL SECO;KILOGRAMO;1;KILOGRAMO;KILOGRAMO x 1 KG;1;1;1
ING00052;AJI PANCA SECO;KG;ABARROTES;PRD00860;;AJI PANCA SECO 4 ESTACIONES 1 KG;BOLSA;1;BOLSA;BOLSA x 1 KG;1;1;1
ING00052;AJI PANCA SECO;KG;ABARROTES;PRD03183;;CAJA CHICA - AJI PANCA SECO;KILOGRAMO;1;KILOGRAMO;KILOGRAMO x 1 KG;1;1;1
ING00053;AJINOMIX X 25 GR;UND;ABARROTES;PRD03986;;CAJA CHICA - AJINOMIX X 25 GR;GRAMO;1;GRAMO;GRAMO x 1 UND;1;1;1
ING00054;AJINOMOTO;KG;ABARROTES;PRD00125;;AJINOMOTO 1 KG;BOLSA;1;BOLSA;BOLSA x 1 KG;1;1;1
ING00054;AJINOMOTO;KG;ABARROTES;PRD03253;;CAJA CHICA - AJINOMOTO;KILOGRAMO;1;KILOGRAMO;KILOGRAMO x 1 KG;1;1;1
ING00055;AJINOMOTO X 1/2 KG;KG;ABARROTES;PRD03725;;CAJA CHICA - AJINOMOTO X 1/2 KG;BOLSA;0.5;BOLSA;BOLSA x 0.5 KG;1;1;1
ING00056;AJINOMOTO X KG;KG;ABARROTES;PRD03724;;CAJA CHICA - AJINOMOTO X KG;KILOGRAMO;1;KILOGRAMO;KILOGRAMO x 1 KG;1;1;1
ING00057;AJO CABEZA;KG;FFVV;PRD02072;;AJO ENTERO;KILOGRAMO;1;KILOGRAMO;KILOGRAMO x 1 KG;1;1;1
ING00057;AJO CABEZA;KG;FFVV;PRD02835;;CAJA CHICA - AJO CABEZA REFRIGERADO;KILOGRAMO;1;KILOGRAMO;KILOGRAMO x 1 KG;1;1;1
ING00058;AJO FRESCO;KG;ABARROTES;PRD03178;;CAJA CHICA - AJO FRESCO;KILOGRAMO;1;KILOGRAMO;KILOGRAMO x 1 KG;1;1;1
ING00059;AJO MOLIDO X KG;KG;FFVV;PRD03987;;CAJA CHICA - AJO MOLIDO X KG;KILOGRAMO;1;KILOGRAMO;KILOGRAMO x 1 KG;1;1;1
ING00060;AJONJOLI;KG;ABARROTES;PRD00416;;AJONJOLI BELEN 1 KG;BOLSA;1;BOLSA;BOLSA x 1 KG;1;1;1
ING00060;AJONJOLI;KG;ABARROTES;PRD00861;;AJONJOLI 4 ESTACIONES 1 KG;BOLSA;1;BOLSA;BOLSA x 1 KG;1;1;1
ING00060;AJONJOLI;KG;ABARROTES;PRD04083;;CAJA CHICA - AJONJOLI;KILOGRAMO;1;KILOGRAMO;KILOGRAMO x 1 KG;1;1;1
ING00061;AJONJOLI NEGRO KG;KG;ABARROTES;PRD04050;;CAJA CHICA - AJONJOLI NEGRO KG;KILOGRAMO;1;KILOGRAMO;KILOGRAMO x 1 KG;1;1;1
ING00062;AJUAR DE BEBE 5 PIEZAS CON LOGOS SODEXO;UND;;PRD03866;;AJUAR DE BEBE 5 PIEZAS CON LOGOS SODEXO;UNIDAD;1;UNIDAD;UNIDAD x 1 UND;1;1;1
ING00063;ALAS CONGELADO;KG;CONGELADOS;PRD02431;;ALAS DE POLLO CONGELADO;KILOGRAMO;1;KILOGRAMO;KILOGRAMO x 1 KG;1;1;1
ING00064;ALAS DE POLLO CONGELADO X KG;KG;;PRD01767;;ALAS DE POLLO CONGELADO X KG;KILOGRAMO;1;KILOGRAMO;KILOGRAMO x 1 KG;1;1;1
ING00065;ALBAHACA;KG;FFVV;PRD00418;;ALBAHACA;KILOGRAMO;1;KILOGRAMO;KILOGRAMO x 1 KG;1;1;1
ING00066;ALBAHACA MOLIDA ENVASADA;KG;REFRIGERADOS;PRD00837;;ALBAHACA MOLIDA X KG;KILOGRAMO;1;KILOGRAMO;KILOGRAMO x 1 KG;1;1;1
ING00067;ALBONDIGA DE POLLO CONGELADO 40 GR - KGM;KG;CONGELADOS;PRD01782;;ALBONDIGA DE POLLO CONGELADO 40 GR - KGM;KILOGRAMO;1;KILOGRAMO;KILOGRAMO x 1 KG;1;1;1
ING00068;ALBONDIGA DE RES CONGELADO 40 GR - KGM;KG;CONGELADOS;PRD01794;;ALBONDIGA DE RES Y CERDO CONGELADO;KILOGRAMO;1;KILOGRAMO;KILOGRAMO x 1 KG;1;1;1
ING00068;ALBONDIGA DE RES CONGELADO 40 GR - KGM;KG;CONGELADOS;PRD01830;;ALBONDIGA DE RES CONGELADO 40 GR - KGM;KILOGRAMO;1;KILOGRAMO;KILOGRAMO x 1 KG;1;1;1
ING00069;ALCA DETER X 4 L (B2-4 L);L;;PRD01440;;ALCA DETER X 4L [B2-4L];LITRO;4;LITRO;LITRO x 4 L;1;1;1
ING00070;ALCACHOFAS FOND VALLE FERTIL 950;UND;ABARROTES;PRD02741;;CAJA CHICA - ALCACHOFAS FOND VALLE FERTIL 950;FRASCO;1;FRASCO;FRASCO x 1 UND;1;1;1
ING00071;ALCAPARRAZ VITALY 900 GR;UND;ABARROTES;PRD02870;;CAJA CHICA - ALCAPARRAZ VITALY 900 GR;FRASCO;1;FRASCO;FRASCO x 1 UND;1;1;1
ING00072;ALCOCHOL ISOPROPILICO DARYZA 1 LT;L;LIMPIEZA;PRD01420;;ALCOHOL ISOPROPILICO AL 53 % DARYZA 1 LT;FRASCO;1;FRASCO;FRASCO x 1 L;1;1;1
ING00073;ALCOHOL DOMESTICO LT;UND;LIMPIEZA;PRD03452;;CAJA CHICA - ALCOHOL DOMESTICO LT;BOTELLA;1;BOTELLA;BOTELLA x 1 UND;1;1;1
ING00074;ALCOHOL EN GEL BLEND X 400 ML;UND;LIMPIEZA;PRD01349;;ALCOHOL EN GEL BLEND X 400 ML;UNIDAD;1;UNIDAD;UNIDAD x 1 UND;1;1;1
ING00075;ALCOHOL EN GEL NEX X 380 ML;UND;LIMPIEZA;PRD01355;;ALCOHOL EN GEL NEX X 380 ML;UNIDAD;1;UNIDAD;UNIDAD x 1 UND;1;1;1
ING00076;ALCOHOL GEL IDOGEL X 1000 ML;L;LIMPIEZA;PRD01356;;ALCOHOL GEL IDOGEL X 1000ML;LITRO;1;LITRO;LITRO x 1 L;1;1;1
ING00077;ALCOHOL GEL SACHET 800 ML;UND;LIMPIEZA;PRD03531;;CAJA CHICA - ALCOHOL GEL SACHET 800 ML;UNIDAD;1;UNIDAD;UNIDAD x 1 UND;1;1;1
ING00078;ALCOHOL GEL SPARTAN COSMETICO NEUTRO - PARA MANOS;L;LIMPIEZA;PRD01352;;ALCOHOL GEL X 1100 ML TAPA PUMP-NEX;LITRO;1.1;LITRO;LITRO x 1.1 L;1;1;1
ING00078;ALCOHOL GEL SPARTAN COSMETICO NEUTRO - PARA MANOS;L;LIMPIEZA;PRD01354;;ALCOHOL GEL X 1000 ML TAPA PUMP NEX;LITRO;1;LITRO;LITRO x 1 L;1;1;1
ING00078;ALCOHOL GEL SPARTAN COSMETICO NEUTRO - PARA MANOS;L;LIMPIEZA;PRD02545;;ALCOHOL GEL 70° SPARTAN 4 LITROS FARMACEUTICO NEUTRO;GALON;4;GALON;GALON x 4 L;1;1;1
ING00078;ALCOHOL GEL SPARTAN COSMETICO NEUTRO - PARA MANOS;L;LIMPIEZA;PRD02546;;ALCOHOL GEL SPARTAN 4 LITROS COSMETICO NEUTRO;GALON;4;GALON;GALON x 4 L;1;1;1
ING00078;ALCOHOL GEL SPARTAN COSMETICO NEUTRO - PARA MANOS;L;LIMPIEZA;PRD02550;;ALCOHOL GEL 70° SPARTAN 6X4 LITROS FARMACEUTICO NEUTRO;CAJA;24;CAJA;CAJA x 24 L;1;1;1
ING00078;ALCOHOL GEL SPARTAN COSMETICO NEUTRO - PARA MANOS;L;LIMPIEZA;PRD02551;;ALCOHOL GEL SPARTAN 6X4 LITROS COSMETICO NEUTRO;CAJA;24;CAJA;CAJA x 24 L;1;1;1
ING00079;ALCOHOL INDUSTRIAL 70º 4 LT;UND;LIMPIEZA;PRD03324;;CAJA CHICA - ALCOHOL INDUSTRIAL 70º 4 LT;GALON;1;GALON;GALON x 1 UND;1;1;1
ING00080;ALCOHOL INDUSTRIAL 96ª LT;UND;LIMPIEZA;PRD03409;;CAJA CHICA - ALCOHOL INDUSTRIAL 96ª LT;BOTELLA;1;BOTELLA;BOTELLA x 1 UND;1;1;1
ING00081;ALCOHOL INDUSTRIAL 96º 3.8 LT;UND;LIMPIEZA;PRD02838;;CAJA CHICA - ALCOHOL INDUSTRIAL 96º 3.8 LT;BOTELLA;1;BOTELLA;BOTELLA x 1 UND;1;1;1
ING00082;ALCOHOL INDUSTRIAL DARYZA 1 LT;L;LIMPIEZA;PRD02939;;CAJA CHICA - ALCOHOL INDUSTRIAL DARYZA 1 LT;BOTELLA;1;BOTELLA;BOTELLA x 1 L;1;1;1
ING00083;ALGA NORI SEASONED SEAWEED 28GR;UND;ABARROTES;PRD04130;;CAJA CHICA - ALGA NORI SEASONED SEAWEED 28GR;GRAMO;1;GRAMO;GRAMO x 1 UND;1;1;1
ING00084;ALGA WAKAME 128GR;UND;ABARROTES;PRD04131;;CAJA CHICA - ALGA WAKAME 128GR;GRAMO;1;GRAMO;GRAMO x 1 UND;1;1;1
ING00085;ALGARROBINA DULK 480 GR;UND;ABARROTES;PRD03236;;CAJA CHICA - ALGARROBINA DULK 480 GR;UNIDAD;1;UNIDAD;UNIDAD x 1 UND;1;1;1
ING00086;ALGARROBINA HELADO X 24 UND;UND;ABARROTES;PRD03165;;CAJA CHICA - ALGARROBINA HELADO X 24 UND;CAJA;1;CAJA;CAJA x 1 UND;1;1;1
ING00087;ALMENDRA NATURAL X 180 GR;UND;ABARROTES;PRD03936;;CAJA CHICA - ALMENDRA NATURAL X 180 GR;BOLSA;1;BOLSA;BOLSA x 1 UND;1;1;1
ING00088;ALMENDRA X 500 GR;UND;ABARROTES;PRD03988;;CAJA CHICA - ALMENDRA X 500 GR;GRAMO;1;GRAMO;GRAMO x 1 UND;1;1;1
ING00089;ALMENDRA X 80 GR;UND;ABARROTES;PRD04146;;CAJA CHICA - ALMENDRA X 80 GR;GRAMO;1;GRAMO;GRAMO x 1 UND;1;1;1
ING00090;ALMENDRAS;KG;ABARROTES;PRD00862;;ALMENDRAS 4 ESTACIONES 1 KG;BOLSA;1;BOLSA;BOLSA x 1 KG;1;1;1
ING00091;ALMENDRAS VALLE ALTO 90 GR;UND;ABARROTES;PRD03228;;CAJA CHICA - ALMENDRAS VALLE ALTO 90 GR;UNIDAD;1;UNIDAD;UNIDAD x 1 UND;1;1;1
ING00092;ALPACA CONGELADO;KG;CONGELADOS;PRD01239;;ALPACA ENTERA TROZADA CONGELADA;KILOGRAMO;1;KILOGRAMO;KILOGRAMO x 1 KG;1;1;1
ING00093;ALPACA ENTERA TROZADA CONGELADA;KG;CONGELADOS;PRD01691;;ALPACA ENTERA TROZADA CONGELADA (LA GRANJA);KILOGRAMO;1;KILOGRAMO;KILOGRAMO x 1 KG;1;1;1
ING00094;AMARGO DE ANGUSTURA;UND;ABARROTES;PRD01682;;CAJA CHICA - AMARGO DE ANGUSTURA;BOTELLA;1;BOTELLA;BOTELLA x 1 UND;1;1;1
ING00095;AMBIENTADOR CON FRAGANCIA;L;ABARROTES;PRD03369;;CAJA CHICA - AMBIENTADOR CON FRAGANCIA;LITRO;1;LITRO;LITRO x 1 L;1;1;1
ING00096;AMBIENTADOR LAVANDA DARYZA 3.8 LT;UND;LIMPIEZA;PRD03704;;CAJA CHICA - AMBIENTADOR LAVANDA DARYZA 3.8 LT;GALON;1;GALON;GALON x 1 UND;1;1;1
ING00097;AMBIENTADOR SPRAY IMPORTADO 360 ML;UND;ABARROTES;PRD03453;;CAJA CHICA - AMBIENTADOR SPRAY IMPORTADO 360 ML;BOTELLA;1;BOTELLA;BOTELLA x 1 UND;1;1;1
ING00098;AMBIENTADOR SPRAY SAPOLIO 414 ML;UND;ABARROTES;PRD03705;;CAJA CHICA - AMBIENTADOR SPRAY SAPOLIO 414 ML;FRASCO;1;FRASCO;FRASCO x 1 UND;1;1;1
ING00099;ANCHOVETA ACEITE DE OLIVA LATA;KG;ABARROTES;PRD00826;;ANCHOVETA ACEITE OLIVA A-1 125 GR;LATA;0.125;LATA;LATA x 0.125 KG;1;1;1
ING00100;ANCHOVETA ACEITE VEGETAL LATA;KG;ABARROTES;PRD00820;;ANCHOVETA ACEITE VEGETAL AYLLU 120 GR;LATA;0.12;LATA;LATA x 0.12 KG;1;1;1
ING00100;ANCHOVETA ACEITE VEGETAL LATA;KG;ABARROTES;PRD00821;;ANCHOVETA ACEITE OLIVA AYLLU 125 GR;LATA;0.125;LATA;LATA x 0.125 KG;1;1;1
ING00100;ANCHOVETA ACEITE VEGETAL LATA;KG;ABARROTES;PRD00824;;ANCHOVETA FILETE EN ACEITE VEGETAL AYLLU 170 GR;LATA;0.17;LATA;LATA x 0.17 KG;1;1;1
ING00101;ANCHOVETA EN SALSA DE TOMATE X 400 GR;UND;ABARROTES;PRD03942;;CAJA CHICA - ANCHOVETA ENTERA EN SALSA DE TOMATE X 400 GR;UNIDAD;1;UNIDAD;UNIDAD x 1 UND;1;1;1
ING00102;ANCHOVETA SALSA DE TOMATE ESCABECHADA;KG;ABARROTES;PRD00823;;ANCHOVETA SALSA DE TOMATE ESCABECHADA AYLLU 120 GR;LATA;0.12;LATA;LATA x 0.12 KG;1;1;1
ING00103;ANCHOVETA SALSA DE TOMATE LATA;UND;ABARROTES;PRD00822;;ANCHOVETA SALSA DE TOMATE AYLLU 120 GR;LATA;1;LATA;LATA x 1 UND;1;1;1
ING00104;ANIS GRANO;KG;ABARROTES;PRD03274;;CAJA CHICA - ANIS GRANO;KILOGRAMO;1;KILOGRAMO;KILOGRAMO x 1 KG;1;1;1
ING00105;ANIS SECO;KG;ABARROTES;PRD00863;;ANIS SECO 4 ESTACIONES 1 KG;BOLSA;1;BOLSA;BOLSA x 1 KG;1;1;1
ING00106;ANIS SOBRECITO;UND;ABARROTES;PRD00508;;INFUSION ANIS DEL VALLE 100 SOBRES;CAJA;100;CAJA;CAJA x 100 UND;1;1;1
ING00107;ANTICUCHOS X KG;KG;ABARROTES;PRD03989;;CAJA CHICA - ANTICUCHOS X KG;KILOGRAMO;1;KILOGRAMO;KILOGRAMO x 1 KG;1;1;1
ING00108;ANTIMOHO LEVAPAN 1 KG;KG;ABARROTES;PRD00214;;ANTIMOHO LEVAPAN 1 KG;BOLSA;1;BOLSA;BOLSA x 1 KG;1;1;1
ING00109;APIO;KG;FFVV;PRD00419;;APIO;KILOGRAMO;1;KILOGRAMO;KILOGRAMO x 1 KG;1;1;1
ING00109;APIO;KG;FFVV;PRD02708;;CAJA CHICA - APIO;KILOGRAMO;1;KILOGRAMO;KILOGRAMO x 1 KG;1;1;1
ING00110;APIO PICADO LIBER CONGELADO 1 CM;KG;CONGELADOS;PRD02846;;CAJA CHICA - APIO PICADO LIBER CONGELADO 1 CM;KILOGRAMO;1;KILOGRAMO;KILOGRAMO x 1 KG;1;1;1
ING00111;ARANDANO KG;KG;ABARROTES;PRD04056;;CAJA CHICA - ARANDANO KG;KILOGRAMO;1;KILOGRAMO;KILOGRAMO x 1 KG;1;1;1
ING00112;ARAZA;KG;ABARROTES;PRD03275;;CAJA CHICA - ARAZA;KILOGRAMO;1;KILOGRAMO;KILOGRAMO x 1 KG;1;1;1
ING00113;ARMAZON DE METAL P/ATRAPA POLVO 91.4 X 12.7 CM FGM;UND;LIMPIEZA;PRD01410;;ARMAZON TRAPEADOR M255 91 CM RUBBERMAID;UNIDAD;1;UNIDAD;UNIDAD x 1 UND;1;1;1
ING00114;ARROZ BLANCO RAM;UND;ABARROTES;PRD00662;;ARROZ BLANCO COCIDO 3 KG RAM;SACHET;1;SACHET;SACHET x 1 UND;1;1;1
ING00115;ARROZ EXTRA;KG;ABARROTES;PRD00061;;ARROZ EXTRA NIR DEL NORTE;KILOGRAMO;1;KILOGRAMO;KILOGRAMO x 1 KG;1;1;1
ING00115;ARROZ EXTRA;KG;ABARROTES;PRD00062;;ARROZ EXTRA PARBOILED;KILOGRAMO;1;KILOGRAMO;KILOGRAMO x 1 KG;1;1;1
ING00115;ARROZ EXTRA;KG;ABARROTES;PRD00064;;ARROZ EXTRA MOLINO ROJO;KILOGRAMO;1;KILOGRAMO;KILOGRAMO x 1 KG;1;1;1
ING00115;ARROZ EXTRA;KG;ABARROTES;PRD00065;;ARROZ EXTRA VERDI;KILOGRAMO;1;KILOGRAMO;KILOGRAMO x 1 KG;1;1;1
ING00115;ARROZ EXTRA;KG;ABARROTES;PRD00066;;ARROZ EXTRA D'AMANTE;KILOGRAMO;1;KILOGRAMO;KILOGRAMO x 1 KG;1;1;1
ING00115;ARROZ EXTRA;KG;ABARROTES;PRD00067;;ARROZ EXTRA PUITA D'MANTE;KILOGRAMO;1;KILOGRAMO;KILOGRAMO x 1 KG;1;1;1
ING00115;ARROZ EXTRA;KG;ABARROTES;PRD02871;;CAJA CHICA - ARROZ EXTRA;KILOGRAMO;1;KILOGRAMO;KILOGRAMO x 1 KG;1;1;1
ING00115;ARROZ EXTRA;KG;ABARROTES;PRD03113;;CAJA CHICA - ARROZ ARBORIO;KILOGRAMO;1;KILOGRAMO;KILOGRAMO x 1 KG;1;1;1
ING00115;ARROZ EXTRA;KG;ABARROTES;PRD03368;;CAJA CHICA - ARROZ EXTRA PARBOLEID;KILOGRAMO;1;KILOGRAMO;KILOGRAMO x 1 KG;1;1;1
ING00115;ARROZ EXTRA;KG;ABARROTES;PRD04043;;CAJA CHICA - ARROZ SUPERIOR ARO 5 KG;KILOGRAMO;1;KILOGRAMO;KILOGRAMO x 1 KG;1;1;1
ING00116;ARROZ EXTRA 5 KG;KG;ABARROTES;PRD00026;;ARROZ PAISANA 5 KG;BOLSA;5;BOLSA;BOLSA x 5 KG;1;1;1
ING00117;ARROZ EXTRA 50 KG;KG;ABARROTES;PRD00047;;ARROZ PAL COMBO TURQUEZA (EXTRA) SACO 49 KG;SACO;49;SACO;SACO x 49 KG;1;1;1
ING00117;ARROZ EXTRA 50 KG;KG;ABARROTES;PRD00056;;ARROZ COSTEÑO EXTRA HOJA REDONDA AÑEJO 50 KG;SACO;50;SACO;SACO x 50 KG;1;1;1
ING00117;ARROZ EXTRA 50 KG;KG;ABARROTES;PRD00068;;ARROZ EXTRA D'AMANTE SACO 50 KG;SACO;50;SACO;SACO x 50 KG;1;1;1
ING00117;ARROZ EXTRA 50 KG;KG;ABARROTES;PRD00069;;ARROZ COSTEÑO EXTRA NIR SACO 50 KG;SACO;50;SACO;SACO x 50 KG;1;1;1
ING00117;ARROZ EXTRA 50 KG;KG;ABARROTES;PRD00070;;ARROZ EXTRA PARBOILED SACO 50 KG;SACO;50;SACO;SACO x 50 KG;1;1;1
ING00117;ARROZ EXTRA 50 KG;KG;ABARROTES;PRD00071;;ARROZ CAMPERO EXTRA SACO 50 KG;SACO;50;SACO;SACO x 50 KG;1;1;1
ING00117;ARROZ EXTRA 50 KG;KG;ABARROTES;PRD00073;;ARROZ EXTRA ESTRELLITA DEL NORTE 50 KG;SACO;50;SACO;SACO x 50 KG;1;1;1
ING00118;ARROZ GRANO QUEBRADO PARA SOPA;KG;ABARROTES;PRD00063;;ARROZ CORRIENTE PARA SOPA;KILOGRAMO;1;KILOGRAMO;KILOGRAMO x 1 KG;1;1;1
ING00118;ARROZ GRANO QUEBRADO PARA SOPA;KG;ABARROTES;PRD00072;;ARROZ CORRIENTE PARA SOPA SACO 50 KG;SACO;50;SACO;SACO x 50 KG;1;1;1
ING00119;ARROZ SUPERIOR P/UNO 5 KG;UND;ABARROTES;PRD04058;;CAJA CHICA - ARROZ SUPERIOR P/UNO 5 KG;BOLSA;1;BOLSA;BOLSA x 1 UND;1;1;1
ING00120;ARTICULOS DE REPOSTERIA;UND;ABARROTES;PRD04103;;CAJA CHICA - ARTICULOS DE REPOSTERIA;UNIDAD;1;UNIDAD;UNIDAD x 1 UND;1;1;1
ING00121;ARVEJA PELADA CONGELADO;KG;FFVV;PRD00351;;ARVEJA VERDE 1 KG;KILOGRAMO;1;KILOGRAMO;KILOGRAMO x 1 KG;1;1;1
ING00121;ARVEJA PELADA CONGELADO;KG;FFVV;PRD01194;;ARVEJA GRANO PELADA CONGELADO;KILOGRAMO;1;KILOGRAMO;KILOGRAMO x 1 KG;1;1;1
ING00121;ARVEJA PELADA CONGELADO;KG;FFVV;PRD02073;;ARVEJA FRESCA EN VAINA;KILOGRAMO;1;KILOGRAMO;KILOGRAMO x 1 KG;1;1;1
ING00122;ARVEJA VERDE PARTIDA;KG;ABARROTES;PRD00021;;ARVEJA VERDE PARTIDA CANTA CLARO BOLSA 500 GR;BOLSA;0.5;BOLSA;BOLSA x 0.5 KG;1;1;1
ING00122;ARVEJA VERDE PARTIDA;KG;ABARROTES;PRD00048;;ARVEJA VERDE PARTIDA BELEN 5 KG;BOLSA;5;BOLSA;BOLSA x 5 KG;1;1;1
ING00122;ARVEJA VERDE PARTIDA;KG;ABARROTES;PRD00058;;ARVEJA VERDE PARTIDA COSTEÑO 500 GR;BOLSA;0.5;BOLSA;BOLSA x 0.5 KG;1;1;1
ING00122;ARVEJA VERDE PARTIDA;KG;ABARROTES;PRD00343;;ARVEJA VERDE PARTIDA LA SIEMBRA 5 KG;BOLSA;5;BOLSA;BOLSA x 5 KG;1;1;1
ING00122;ARVEJA VERDE PARTIDA;KG;ABARROTES;PRD00357;;ARVEJA VERDE PARTIDA KOMILON 5 KG;BOLSA;5;BOLSA;BOLSA x 5 KG;1;1;1
ING00122;ARVEJA VERDE PARTIDA;KG;ABARROTES;PRD00363;;ARVEJA VERDE PARTIDA KOMILON 500 GR;BOLSA;0.5;BOLSA;BOLSA x 0.5 KG;1;1;1
ING00122;ARVEJA VERDE PARTIDA;KG;ABARROTES;PRD00371;;ARVEJA VERDE PARTIDA CANTA CLARO 5 KG;BOLSA;5;BOLSA;BOLSA x 5 KG;1;1;1
ING00122;ARVEJA VERDE PARTIDA;KG;ABARROTES;PRD02730;;CAJA CHICA - ARVEJA VERDE PARTIDA;KILOGRAMO;1;KILOGRAMO;KILOGRAMO x 1 KG;1;1;1
ING00122;ARVEJA VERDE PARTIDA;KG;ABARROTES;PRD03235;;CAJA CHICA - ARVEJA PARTIDA AMERICANA X KG;KILOGRAMO;1;KILOGRAMO;KILOGRAMO x 1 KG;1;1;1
ING00122;ARVEJA VERDE PARTIDA;KG;ABARROTES;PRD03623;;CAJA CHICA - ARVEJA PELADA;KILOGRAMO;1;KILOGRAMO;KILOGRAMO x 1 KG;1;1;1
ING00123;ARVEJA VERDE PARTIDA (UND);UND;ABARROTES;PRD03564;;CAJA CHICA - ARVEJA VERDE PARTIDA 5 KG;BOLSA;1;BOLSA;BOLSA x 1 UND;1;1;1
ING00124;ASADO CUADRADO CONG IMPORTADO;KG;ABARROTES;PRD03483;;CAJA CHICA - ASADO CUADRADO CONG IMPORTADO;KILOGRAMO;1;KILOGRAMO;KILOGRAMO x 1 KG;1;1;1
ING00125;ASADO DE TIRA C/HUESO CONG IMPORTADO;KG;ABARROTES;PRD03481;;CAJA CHICA - ASADO DE TIRA C/HUESO CONG IMPORTADO;KILOGRAMO;1;KILOGRAMO;KILOGRAMO x 1 KG;1;1;1
ING00126;ATRAPA POLVO DE ALGODON/AZUL 91 CM FGK 15500BL00 R;UND;ABARROTES;PRD01392;;TRAPEADOR DE POLVO COD K155 AZUL DE 91CM RUBBERMAID;UNIDAD;1;UNIDAD;UNIDAD x 1 UND;1;1;1
ING00127;"ATRAPAPOLVO REPUESTO ALGODON/AZUL DM-2553BDA 36""";UND;LIMPIEZA;PRD01391;;"ATRAPA POLVO REPUESTO ALGODON/AZUL DM-25536BDA 36"" (91 CM) ABCO";UNIDAD;1;UNIDAD;UNIDAD x 1 UND;1;1;1
ING00128;ATUN EN ACEITE LATA;KG;ABARROTES;PRD00002;;ATUN TROZOS GLORIA 170 GR;LATA;0.17;LATA;LATA x 0.17 KG;1;1;1
ING00128;ATUN EN ACEITE LATA;KG;ABARROTES;PRD00005;;ATUN TROZOS FLORIDA 140 GR;LATA;0.14;LATA;LATA x 0.14 KG;1;1;1
ING00128;ATUN EN ACEITE LATA;KG;ABARROTES;PRD00009;;ATUN TROZOS COMPASS 170 GR;LATA;0.17;LATA;LATA x 0.17 KG;1;1;1
ING00128;ATUN EN ACEITE LATA;KG;ABARROTES;PRD00806;;ATUN SOLIDO FANNY 170 GR;LATA;0.17;LATA;LATA x 0.17 KG;1;1;1
ING00128;ATUN EN ACEITE LATA;KG;ABARROTES;PRD00808;;ATUN SOLIDO FLORIDA 140 GR;LATA;0.14;LATA;LATA x 0.14 KG;1;1;1
ING00128;ATUN EN ACEITE LATA;KG;ABARROTES;PRD00810;;ATUN TROZOS GLORIA 140 GR;LATA;0.14;LATA;LATA x 0.14 KG;1;1;1
ING00128;ATUN EN ACEITE LATA;KG;ABARROTES;PRD00812;;ATUN TROZOS COMPASS 140 GR;LATA;0.14;LATA;LATA x 0.14 KG;1;1;1
ING00128;ATUN EN ACEITE LATA;KG;ABARROTES;PRD00825;;FILETE DE ATUN GLORIA 170 GR;LATA;0.17;LATA;LATA x 0.17 KG;1;1;1
ING00128;ATUN EN ACEITE LATA;KG;ABARROTES;PRD00830;;ATUN TROZOS MARINERO 170 GR;LATA;0.17;LATA;LATA x 0.17 KG;1;1;1
ING00128;ATUN EN ACEITE LATA;KG;ABARROTES;PRD00831;;ATUN FILETE COMPASS 170 GR;LATA;0.17;LATA;LATA x 0.17 KG;1;1;1
ING00128;ATUN EN ACEITE LATA;KG;ABARROTES;PRD00834;;ATUN FILETE FLORIDA 170 GR;LATA;0.17;LATA;LATA x 0.17 KG;1;1;1
ING00129;ATUN EN ACEITE LATA (UND);UND;ABARROTES;PRD00803;;FILETE DE ATUN MARINERO 170 GR;LATA;1;LATA;LATA x 1 UND;1;1;1
ING00129;ATUN EN ACEITE LATA (UND);UND;ABARROTES;PRD02872;;CAJA CHICA - ATUN TROZOS STARKITS 170 GR;LATA;1;LATA;LATA x 1 UND;1;1;1
ING00129;ATUN EN ACEITE LATA (UND);UND;ABARROTES;PRD03729;;CAJA CHICA - SOLIDO DE ATUN A-1 X 170 GR;LATA;1;LATA;LATA x 1 UND;1;1;1
ING00130;ATUN TROZOS COMPASS 140 GR (EMER);KG;;PRD00814;;ATUN TROZOS COMPASS 140 GR (EMER);LATA;0.14;LATA;LATA x 0.14 KG;1;1;1
ING00131;AVENA;KG;ABARROTES;PRD00080;;AVENA SANTA CATALINA SACO 5 KG;BOLSA;5;BOLSA;BOLSA x 5 KG;1;1;1
ING00131;AVENA;KG;ABARROTES;PRD00082;;AVENA 3 OSITOS 100 GR;BOLSA;0.1;BOLSA;BOLSA x 0.1 KG;1;1;1
ING00131;AVENA;KG;ABARROTES;PRD00083;;AVENA 3 OSITOS 110 GR;BOLSA;0.11;BOLSA;BOLSA x 0.11 KG;1;1;1
ING00131;AVENA;KG;ABARROTES;PRD00086;;AVENA 3 OSITOS 135 GR;BOLSA;0.135;BOLSA;BOLSA x 0.135 KG;1;1;1
ING00131;AVENA;KG;ABARROTES;PRD00087;;AVENA 3 OSITOS 120 GR;BOLSA;0.12;BOLSA;BOLSA x 0.12 KG;1;1;1
ING00131;AVENA;KG;ABARROTES;PRD00090;;AVENA 3 OSITOS 10 KG;BOLSA;10;BOLSA;BOLSA x 10 KG;1;1;1
ING00131;AVENA;KG;ABARROTES;PRD00104;;AVENA SANTA CATALINA SACO 10 KG;BOLSA;10;BOLSA;BOLSA x 10 KG;1;1;1
ING00132;AVENA 3 OSITOS X 10 KG;UND;ABARROTES;PRD03367;;CAJA CHICA - AVENA 3 OSITOS X 10 KG;BOLSA;1;BOLSA;BOLSA x 1 UND;1;1;1
ING00133;AVENA CON KIWICHA;KG;ABARROTES;PRD00074;;KIWICHA AVENA 3 OSITOS 170 GR;BOLSA;0.17;BOLSA;BOLSA x 0.17 KG;1;1;1
ING00134;AVENA QUAKER X 160 GR;UND;ABARROTES;PRD03938;;CAJA CHICA - AVENA QUAKER X 160 GR;UNIDAD;1;UNIDAD;UNIDAD x 1 UND;1;1;1
ING00135;AVENA SANTA CATALINA 10 KG;UND;ABARROTES;PRD03565;;CAJA CHICA - AVENA SANTA CATALINA 10 KG;BOLSA;1;BOLSA;BOLSA x 1 UND;1;1;1
ING00136;AYUDIN LAVAVAJILLAS LIQUIDO X 300 ML;UND;ABARROTES;PRD03967;;CAJA CHICA - AYUDIN LAVAVAJILLAS LIQUIDO X 300 ML;UNIDAD;1;UNIDAD;UNIDAD x 1 UND;1;1;1
ING00137;AYUDIN LAVAVAJILLAS LIQUIDO X 900 ML;UND;ABARROTES;PRD03968;;CAJA CHICA - AYUDIN LAVAVAJILLAS LIQUIDO X 900 ML;UNIDAD;1;UNIDAD;UNIDAD x 1 UND;1;1;1
ING00138;AZUCAR BLANCA GRANEL;KG;ABARROTES;PRD02701;;CAJA CHICA - AZUCAR BLANCA X KG;KILOGRAMO;1;KILOGRAMO;KILOGRAMO x 1 KG;1;1;1
ING00138;AZUCAR BLANCA GRANEL;KG;ABARROTES;PRD02783;;CAJA CHICA - AZUCAR BLANCA SOL DE LAREDO;KILOGRAMO;1;KILOGRAMO;KILOGRAMO x 1 KG;1;1;1
ING00138;AZUCAR BLANCA GRANEL;KG;ABARROTES;PRD02940;;CAJA CHICA - AZUCAR BLANCA PARAMONGA;KILOGRAMO;1;KILOGRAMO;KILOGRAMO x 1 KG;1;1;1
ING00139;AZUCAR IMPALPABLE;KG;ABARROTES;PRD00213;;AZUCAR IMPALPABLE HONORA (LEVAPAN) 5 KG;BOLSA;5;BOLSA;BOLSA x 5 KG;1;1;1
ING00139;AZUCAR IMPALPABLE;KG;ABARROTES;PRD00965;;AZUCAR IMPALPABLE NEGUSA 1 KG;BOLSA;1;BOLSA;BOLSA x 1 KG;1;1;1
ING00139;AZUCAR IMPALPABLE;KG;ABARROTES;PRD00973;;AZUCAR IMPALPABLE NEGUSA 1 KG - UNIDAD;BOLSA;1;BOLSA;BOLSA x 1 KG;1;1;1
ING00140;AZUCAR IMPALPABLE (UND);UND;ABARROTES;PRD01019;;AZUCAR IMPALPABLE LA NEGRITA 5 KG;BOLSA;1;BOLSA;BOLSA x 1 UND;1;1;1
ING00141;AZUCAR RUBIA;KG;ABARROTES;PRD00115;;AZUCAR BLANCA;KILOGRAMO;1;KILOGRAMO;KILOGRAMO x 1 KG;1;1;1
ING00141;AZUCAR RUBIA;KG;ABARROTES;PRD00116;;AZUCAR RUBIA;KILOGRAMO;1;KILOGRAMO;KILOGRAMO x 1 KG;1;1;1
ING00141;AZUCAR RUBIA;KG;ABARROTES;PRD00117;;AZUCAR RUBIA POMALCA 1 KG;KILOGRAMO;1;KILOGRAMO;KILOGRAMO x 1 KG;1;1;1
ING00141;AZUCAR RUBIA;KG;ABARROTES;PRD00121;;AZUCAR BLANCA COSTEÑO 1 KG;BOLSA;1;BOLSA;BOLSA x 1 KG;1;1;1
ING00141;AZUCAR RUBIA;KG;ABARROTES;PRD00122;;AZUCAR RUBIA CARTAVIO 5 KG;BOLSA;5;BOLSA;BOLSA x 5 KG;1;1;1
ING00141;AZUCAR RUBIA;KG;ABARROTES;PRD00123;;AZUCAR BLANCA SACO 50 KG;SACO;50;SACO;SACO x 50 KG;1;1;1
ING00141;AZUCAR RUBIA;KG;ABARROTES;PRD00124;;AZUCAR RUBIA SACO 50 KG;SACO;50;SACO;SACO x 50 KG;1;1;1
ING00141;AZUCAR RUBIA;KG;ABARROTES;PRD02784;;CAJA CHICA - AZUCAR RUBIA PARAMONGA;KILOGRAMO;1;KILOGRAMO;KILOGRAMO x 1 KG;1;1;1
ING00141;AZUCAR RUBIA;KG;ABARROTES;PRD03031;;CAJA CHICA - AZUCAR IMPALPABLE LEVAPAN KG;KILOGRAMO;1;KILOGRAMO;KILOGRAMO x 1 KG;1;1;1
ING00141;AZUCAR RUBIA;KG;ABARROTES;PRD03632;;CAJA CHICA - AZUCAR FINA;KILOGRAMO;1;KILOGRAMO;KILOGRAMO x 1 KG;1;1;1
ING00142;AZUCAR RUBIA 5 KG;UND;ABARROTES;PRD04059;;CAJA CHICA - AZUCAR RUBIA TOTTUS 5 KG;BOLSA;1;BOLSA;BOLSA x 1 UND;1;1;1
ING00143;AZUCAR RUBIA PERSONAL;UND;ABARROTES;PRD04040;;CAJA CHICA - AZUCAR SACHET DE 5 GR;UNIDAD;1;UNIDAD;UNIDAD x 1 UND;1;1;1
ING00144;AZUCAR SACHET SODEXO;UND;ABARROTES;PRD00096;;AZUCAR RUBIA PERSONAL TRES ESPADAS 500 UNIDS;BOLSA;500;BOLSA;BOLSA x 500 UND;1;1;1
ING00144;AZUCAR SACHET SODEXO;UND;ABARROTES;PRD00097;;AZUCAR RUBIA PERSONAL TRES ESPADAS 5 GRM (BOLSA 2.5 MILLAR);BOLSA;2500;BOLSA;BOLSA x 2500 UND;1;1;1
ING00144;AZUCAR SACHET SODEXO;UND;ABARROTES;PRD00098;;AZUCAR BLANCA PERSONAL TRES ESPADAS 500 UNIDS;BOLSA;500;BOLSA;BOLSA x 500 UND;1;1;1
ING00144;AZUCAR SACHET SODEXO;UND;ABARROTES;PRD00099;;AZUCAR RUBIA PERSONAL ONZA PAQ 1 MILLAR;SACHET;1000;SACHET;SACHET x 1000 UND;1;1;1
ING00144;AZUCAR SACHET SODEXO;UND;ABARROTES;PRD00112;;AZUCAR RUBIA PERSONAL SODEXO PAQ (5 GR) 1 MILLAR;CAJA;1000;CAJA;CAJA x 1000 UND;1;1;1
ING00144;AZUCAR SACHET SODEXO;UND;ABARROTES;PRD00118;;AZUCAR BLANCA PERSONAL SODEXO PAQ (5 GR)1 MILLAR;BOLSA;1000;BOLSA;BOLSA x 1000 UND;1;1;1
ING00145;BALSAMINA UND;UND;ABARROTES;PRD04046;;CAJA CHICA - BALSAMINA UND;UNIDAD;1;UNIDAD;UNIDAD x 1 UND;1;1;1
ING00146;BANDEJA ALUMINIO RECTANGULAR LARGA 7200 ML;UND;DESCARTABLES;PRD02557;;BANDEJA ALUMINIO RECTANGULAR LARGA 7200ML X 100 UND;PAQUETE;100;PAQUETE;PAQUETE x 100 UND;1;1;1
ING00147;BANDEJA RECTANGULAR 5000 LASAGÑA;UND;ABARROTES;PRD01630;;CAJA CHICA - BANDEJA RECTANGULAR 5000 LASAGÑA;UNIDAD;1;UNIDAD;UNIDAD x 1 UND;1;1;1
ING00148;BANDEJA RECTANGULAR 6500 LASAGÑA;UND;ABARROTES;PRD01631;;CAJA CHICA - BANDEJA RECTANGULAR 6500 LASAGÑA;UNIDAD;1;UNIDAD;UNIDAD x 1 UND;1;1;1
ING00149;BARRA DE CHOCOLATE Y GRANOLA;UND;ABARROTES;PRD03656;;CAJA CHICA - BARRA DE CHOCOLATE Y GRANOLA;UNIDAD;1;UNIDAD;UNIDAD x 1 UND;1;1;1
ING00150;BARRA DE QUINUA 25 G;UND;ABARROTES;PRD00546;;BARRA DE QUINUA GRANOLIN 25 GR;UNIDAD;1;UNIDAD;UNIDAD x 1 UND;1;1;1
ING00151;BARRA DE QUINUA 40 GR;UND;ABARROTES;PRD00542;;BARRA DE QUINUA PRODUCTOS ANDINOS 40 GR;UNIDAD;1;UNIDAD;UNIDAD x 1 UND;1;1;1
ING00152;BARRA ENERGETICA 7 DRAGONES AGUAYMANTO MAIZ 25 GR;UND;ABARROTES;PRD00488;;BARRA ENERGETICA 7 DRAGONES AGUAYMANTO MAIZ MORADO 25 GR;GRANO;1;GRANO;GRANO x 1 UND;1;1;1
ING00153;BARRA ENERGETICA 7 DRAGONES CASTAÑA MOCA 25 GR;UND;ABARROTES;PRD00486;;BARRA ENERGETICA 7 DRAGONES CASTAÑA MOCA 25 GR;GRANO;1;GRANO;GRANO x 1 UND;1;1;1
ING00154;BARRA ENERGETICA 7 DRAGONES CHIA COCO 25 GR;UND;ABARROTES;PRD00487;;BARRA ENERGETICA 7 DRAGONES CHIA COCO 25 GR;GRANO;1;GRANO;GRANO x 1 UND;1;1;1
ING00155;BARRA ENERGETICA 7 DRAGONES COCO PIÑA 25 GR;UND;ABARROTES;PRD00485;;BARRA ENERGETICA 7 DRAGONES COCO PIÑA 25 GR;GRANO;1;GRANO;GRANO x 1 UND;1;1;1
ING00156;BARRA ENERGETICA NIBS CACAO CAÑIHUA 25 GR;UND;ABARROTES;PRD00484;;BARRA ENERGETICA 7 DRAGONES NIBS CACAO CAÑIHUA 25 GR;GRANO;1;GRANO;GRANO x 1 UND;1;1;1
ING00157;BARRILETE X 50 UND;UND;ABARROTES;PRD03785;;CAJA CHICA - BARRILETE X 50 UND;BOLSA;1;BOLSA;BOLSA x 1 UND;1;1;1
ING00158;BASE CREMA PASTELERA SABOR COCO;KG;REFRIGERADOS;PRD01016;;CREMF.CLASSIC COCO X 4.5;BALDE;4.5;BALDE;BALDE x 4.5 KG;1;1;1
ING00158;BASE CREMA PASTELERA SABOR COCO;KG;REFRIGERADOS;PRD02210;;CREMF.CLASSIC COCO 5 KG;BALDE;5;BALDE;BALDE x 5 KG;1;1;1
ING00159;BASE DE HELADO CHOCOLATE;L;REFRIGERADOS;PRD00945;;HELADO BASE CHOCOLATE GLORIA 946 ML;BOLSA;0.946;BOLSA;BOLSA x 0.946 L;1;1;1
ING00160;BASE DE HELADO VAINILLA;L;REFRIGERADOS;PRD00944;;HELADO BASE VAINILLA GLORIA 946 ML;BOLSA;0.946;BOLSA;BOLSA x 0.946 L;1;1;1
ING00161;BASE DE TORTA DIAMETRO 30 CM;UND;ABARROTES;PRD03990;;CAJA CHICA - BASE DE TORTA DIAMETRO 30 CM;PAQUETE;1;PAQUETE;PAQUETE x 1 UND;1;1;1
ING00162;BASE PARA CREMA PASTELERA;KG;REFRIGERADOS;PRD01015;;CREMF.CLASSIC BAUNILHA X 4.5;BALDE;4.5;BALDE;BALDE x 4.5 KG;1;1;1
ING00163;BASE PARA HELADOS SABOR CHOCOLATE 946 ML GLORIA;UND;ABARROTES;PRD02009;;CAJA CHICA - BASE PARA HELADOS SABOR CHOCOLATE 946 ML GLORIA;UNIDAD;1;UNIDAD;UNIDAD x 1 UND;1;1;1
ING00164;BASE PARA HELADOS SABOR VAINILLA 946 ML GLORIA;UND;ABARROTES;PRD02010;;CAJA CHICA - BASE PARA HELADOS SABOR VAINILLA 946 ML GLORIA;UNIDAD;1;UNIDAD;UNIDAD x 1 UND;1;1;1
ING00165;BASTON DE FIJACION P/TRAPEADOR DE FIBRA VIDRIO-ALU;UND;ABARROTES;PRD01411;;BASTON DE FIJACION P/TRAPEADOR DE FIBRA VIDRIO - ALUMINIO FGM146000000 RUBBERMAID;UNIDAD;1;UNIDAD;UNIDAD x 1 UND;1;1;1
ING00166;BASTON JALADOR ALUMINIO C/AGUJERO NEGRO NOERMAN;UND;LIMPIEZA;PRD01409;;REPUESTO PALO ALUMINIO JALADOR DE AGUA 1.40 MT GRIS 91018;UNIDAD;1;UNIDAD;UNIDAD x 1 UND;1;1;1
ING00167;BATIMIX X 125 ML;UND;ABARROTES;PRD03932;;CAJA CHICA - BATIMIX X 125 ML;UNIDAD;1;UNIDAD;UNIDAD x 1 UND;1;1;1
ING00168;BEBIDA ACTI AVENA 240 ML;UND;BEBIDAS;PRD01575;;BEBIDA ACTI AVENA GLORIA 250 MLT;VASO;1;VASO;VASO x 1 UND;1;1;1
ING00169;BEBIDA ACTI AVENA GLORIA 200 ML;UND;BEBIDAS;PRD01577;;BEBIDA ACTI AVENA GLORIA 200 MLT;CAJA;1;CAJA;CAJA x 1 UND;1;1;1
ING00170;BEBIDA BIO ALOE 520 ML;UND;BEBIDAS;PRD01531;;BEBIDA BIO ALOE PET 520 ML;BOTELLA;1;BOTELLA;BOTELLA x 1 UND;1;1;1
ING00171;BEBIDA FREE TEA 450 ML;UND;BEBIDAS;PRD01551;;BEBIDA FREE TEA LIGHT 450 ML;BOTELLA;1;BOTELLA;BOTELLA x 1 UND;1;1;1
ING00172;BEBIDA FREE TEA 500 ML;UND;BEBIDAS;PRD01563;;BEBIDA FREE TEA NEGRO LIMON 500 ML (PET);BOTELLA;1;BOTELLA;BOTELLA x 1 UND;1;1;1
ING00173;BEBIDA FREE TEA LIMON 500 ML (PET);UND;;PRD01536;;BEBIDA FREE TEA LIMON 500 ML (PET);BOTELLA;1;BOTELLA;BOTELLA x 1 UND;1;1;1
ING00174;BEBIDA ICE TEA VIDA 625 ML;UND;ABARROTES;PRD03294;;CAJA CHICA - BEBIDA ICE TEA VIDA 625 ML;UNIDAD;1;UNIDAD;UNIDAD x 1 UND;1;1;1
ING00175;BEBIDA REHIDRATANTE APPLE ICE GATORADE 473 ML;UND;ABARROTES;PRD03432;;CAJA CHICA - BEBIDA REHIDRATANTE APPLE ICE GATORADE 473 ML;BOTELLA;1;BOTELLA;BOTELLA x 1 UND;1;1;1
ING00176;BEBIDA REHIDRATANTE APPLE ICE GATORADE 591 ML;UND;ABARROTES;PRD03485;;CAJA CHICA - BEBIDA REHIDRATANTE APPLE ICE GATORADE 591 ML;BOTELLA;1;BOTELLA;BOTELLA x 1 UND;1;1;1
ING00177;BEBIDA REHIDRATANTE APPLE ICE POWERADE 500 ML;UND;ABARROTES;PRD03415;;CAJA CHICA - BEBIDA REHIDRATANTE APPLE ICE POWERADE 500 ML;BOTELLA;1;BOTELLA;BOTELLA x 1 UND;1;1;1
ING00178;BEBIDA REHIDRATANTE AZUL POWERADE 473 ML;UND;BEBIDAS;PRD03299;;CAJA CHICA - BEBIDA REHIDRATANTE AZUL POWERADE 473 ML;BOTELLA;1;BOTELLA;BOTELLA x 1 UND;1;1;1
ING00179;BEBIDA REHIDRATANTE FRUTILLA POWERADE 473 ML;UND;BEBIDAS;PRD00139;;BEBIDA REHIDRATANTE FRUTILLA POWERADE 473 ML;BOTELLA;1;BOTELLA;BOTELLA x 1 UND;1;1;1
ING00179;BEBIDA REHIDRATANTE FRUTILLA POWERADE 473 ML;UND;BEBIDAS;PRD03300;;CAJA CHICA - BEBIDA REHIDRATANTE FRUTILLA POWERADE 473 ML;BOTELLA;1;BOTELLA;BOTELLA x 1 UND;1;1;1
ING00180;BEBIDA REHIDRATANTE GATORADE APPLE ICE 750 ML;UND;ABARROTES;PRD03388;;CAJA CHICA - BEBIDA REHIDRATANTE GATORADE APPLE ICE 750 ML;BOTELLA;1;BOTELLA;BOTELLA x 1 UND;1;1;1
ING00181;BEBIDA REHIDRATANTE LIMA LIMON 473 ML;UND;ABARROTES;PRD03321;;CAJA CHICA - BEBIDA REHIDRATANTE LIMA LIMON 473 ML;BOTELLA;1;BOTELLA;BOTELLA x 1 UND;1;1;1
ING00182;BEBIDA REHIDRATANTE LIMA LIMON POWERADE 5OO ML;UND;ABARROTES;PRD03772;;CAJA CHICA - BEBIDA REHIDRATANTE LIMA LIMON POWERADE 5OO ML;BOTELLA;1;BOTELLA;BOTELLA x 1 UND;1;1;1
ING00183;BEBIDA REHIDRATANTE MANDARINA POWERADE 473 ML;UND;ABARROTES;PRD03301;;CAJA CHICA - BEBIDA REHIDRATANTE MANDARINA POWERADE 473 ML;BOTELLA;1;BOTELLA;BOTELLA x 1 UND;1;1;1
ING00184;BEBIDA REHIDRATANTE MANDARINA SPORADE 500 ML;UND;BEBIDAS;PRD01592;;BEBIDA REHIDRATANTE MANDARINA SPORADE DE 500ML;BOTELLA;1;BOTELLA;BOTELLA x 1 UND;1;1;1
ING00185;BEBIDA REHIDRATANTE MARACUYA GATORADE 500 ML;UND;;PRD01580;;BEBIDA REHIDRATANTE MARACUYA GATORADE 500 ML;BOTELLA;1;BOTELLA;BOTELLA x 1 UND;1;1;1
ING00186;BEBIDA REHIDRATANTE MARACUYA POWERADE PET 600 ML;UND;BEBIDAS;PRD01590;;BEBIDA REHIDRATANTE MARACUYA POWERADE PET 600 ML;BOTELLA;1;BOTELLA;BOTELLA x 1 UND;1;1;1
ING00187;BEBIDA REHIDRATANTE MORA AZUL POWERADE 500 ML;UND;BEBIDAS;PRD01287;;BEBIDA REHIDRATANTE MORA AZUL POWERADE 500 ML;BOTELLA;1;BOTELLA;BOTELLA x 1 UND;1;1;1
ING00188;BEBIDA REHIDRATANTE MORA POWERADE 473 ML;UND;BEBIDAS;PRD01586;;BEBIDA REHIDRATANTE MORA AZUL POWERADE 473 ML;BOTELLA;1;BOTELLA;BOTELLA x 1 UND;1;1;1
ING00189;BEBIDA REHIDRATANTE TROPICAL SPORADE 500 ML;UND;BEBIDAS;PRD01591;;BEBIDA REHIDRATANTE TROPICAL SPORADE DE 500ML;BOTELLA;1;BOTELLA;BOTELLA x 1 UND;1;1;1
ING00190;BENCINA;UND;ABARROTES;PRD03582;;CAJA CHICA - BENCINA;BOTELLA;1;BOTELLA;BOTELLA x 1 UND;1;1;1
ING00191;BERENJENA;KG;FFVV;PRD00440;;BERENJENA;KILOGRAMO;1;KILOGRAMO;KILOGRAMO x 1 KG;1;1;1
ING00192;BESO DE MOZA X 9 UND;UND;ABARROTES;PRD03245;;CAJA CHICA - BESO DE MOZA X 9 UND;CAJA;1;CAJA;CAJA x 1 UND;1;1;1
ING00193;BETERRAGA CUBOS CONGELADO;KG;CONGELADOS;PRD01195;;BETERRAGA EN CUBOS CONGELADO;KILOGRAMO;1;KILOGRAMO;KILOGRAMO x 1 KG;1;1;1
ING00194;BETERRAGA ENTERA;KG;FFVV;PRD00447;;BETERRAGA FRESCA;KILOGRAMO;1;KILOGRAMO;KILOGRAMO x 1 KG;1;1;1
ING00195;BETERRAGA FRESCA;KG;FFVV;PRD02724;;CAJA CHICA - BETERRAGA FRESCA;KILOGRAMO;1;KILOGRAMO;KILOGRAMO x 1 KG;1;1;1
ING00196;BETUN MARRON CHICO SAPOLIO 22 ML;UND;KIOSKO;PRD01264;;BETUN MARRON SAPOLIO 22 ML;LATA;1;LATA;LATA x 1 UND;1;1;1
ING00197;BETUN MARRON GRANDE 88 ML;UND;KIOSKO;PRD01265;;BETUN MARRON KIWI 88 GR;LATA;1;LATA;LATA x 1 UND;1;1;1
ING00198;BETUN MARRON KIWI 22 ML;UND;ABARROTES;PRD02911;;CAJA CHICA - BETUN MARRON KIWI 22 ML;UNIDAD;1;UNIDAD;UNIDAD x 1 UND;1;1;1
ING00199;BETUN MARRON KIWI 42 ML;UND;ABARROTES;PRD02912;;CAJA CHICA - BETUN MARRON KIWI 42 ML;UNIDAD;1;UNIDAD;UNIDAD x 1 UND;1;1;1
ING00200;BETUN MARRON KIWI 88 ML;UND;ABARROTES;PRD02913;;CAJA CHICA - BETUN MARRON KIWI 88 ML;UNIDAD;1;UNIDAD;UNIDAD x 1 UND;1;1;1
ING00201;BETUN NEGRO CHICO 22GR;UND;ABARROTES;PRD02906;;CAJA CHICA - BETUN NEGRO CHICO 22GR;UNIDAD;1;UNIDAD;UNIDAD x 1 UND;1;1;1
ING00202;BETUN NEGRO CHICO 42 GR;UND;KIOSKO;PRD02078;;BETUN NEGRO KIWI 42 ML;LATA;1;LATA;LATA x 1 UND;1;1;1
ING00203;BETUN NEGRO CHICO 42GR;UND;ABARROTES;PRD02905;;CAJA CHICA - BETUN NEGRO CHICO 42GR;UNIDAD;1;UNIDAD;UNIDAD x 1 UND;1;1;1
ING00204;BETUN NEGRO GRANDE 88 ML;UND;KIOSKO;PRD01266;;BETUN NEGRO KIWI 88 GR;LATA;1;LATA;LATA x 1 UND;1;1;1
ING00205;BETUN NEGRO GRANDE SAPOLIO 88 ML;UND;KIOSKO;PRD01270;;BETUN NEGRO SAPOLIO 88 ML;LATA;1;LATA;LATA x 1 UND;1;1;1
ING00206;BETUN NEGRO GRNADE 88 ML;UND;ABARROTES;PRD03433;;CAJA CHICA - BETUN NEGRO GRNADE 88 ML;UNIDAD;1;UNIDAD;UNIDAD x 1 UND;1;1;1
ING00207;BETUN NEGRO SANTIAGO 88 GR;UND;KIOSKO;PRD02679;;BETUN NEGRO SANTIAGO 90GR;LATA;1;LATA;LATA x 1 UND;1;1;1
ING00208;BIAGI COFFE X 100 UND;UND;ABARROTES;PRD03786;;CAJA CHICA - BIAGI COFFE X 100 UND;BOLSA;1;BOLSA;BOLSA x 1 UND;1;1;1
ING00209;BICARBONATO A GRANEL;KG;ABARROTES;PRD03868;;CAJA CHICA - BICARBONATO A GRANEL;KILOGRAMO;1;KILOGRAMO;KILOGRAMO x 1 KG;1;1;1
ING00210;BICARBONATO DE SODIO;KG;ABARROTES;PRD00193;;BICARBONATO DE SODIO 227 GR;CAJA;0.227;CAJA;CAJA x 0.227 KG;1;1;1
ING00210;BICARBONATO DE SODIO;KG;ABARROTES;PRD00972;;BICARBONATO DE SODIO ELYMAR 250 GR;BOLSA;0.25;BOLSA;BOLSA x 0.25 KG;1;1;1
ING00210;BICARBONATO DE SODIO;KG;ABARROTES;PRD01028;;BICARBONATO DE SODIO 4 ESTACIONES 250 GR;BOLSA;0.25;BOLSA;BOLSA x 0.25 KG;1;1;1
ING00211;BICARBONATO RIKOS X 20 GR;UND;ABARROTES;PRD03871;;CAJA CHICA - BICARBONATO RIKOS X 20 GR;BOLSA;1;BOLSA;BOLSA x 1 UND;1;1;1
ING00212;BIFE ANCHO AMERICANO REFRIGERADO X KG;KG;REFRIGERADOS;PRD03889;;CAJA CHICA - BIFE ANCHO AMERICANO REFRIGERADO X KG;KILOGRAMO;1;KILOGRAMO;KILOGRAMO x 1 KG;1;1;1
ING00213;BIFE ANCHO CONGELADO IMPORTADO;KG;CONGELADOS;PRD01804;;BIFE ANCHO CONGELADO IMPORTADO;KILOGRAMO;1;KILOGRAMO;KILOGRAMO x 1 KG;1;1;1
ING00214;BIFE ANGOSTO AMERICANO REFRIGERADO X KG;KG;REFRIGERADOS;PRD03888;;CAJA CHICA - BIFE ANGOSTO AMERICANO REFRIGERADO X KG;KILOGRAMO;1;KILOGRAMO;KILOGRAMO x 1 KG;1;1;1
ING00215;BIFE PARRILLERO ANGUS;KG;ABARROTES;PRD03762;;CAJA CHICA - BIFE PARRILLERO ANGUS;KILOGRAMO;1;KILOGRAMO;KILOGRAMO x 1 KG;1;1;1
ING00216;BIMBOLETE BIMBO X 248 GR;UND;ABARROTES;PRD03731;;CAJA CHICA - BIMBOLETE BIMBO X 248 GR;UNIDAD;1;UNIDAD;UNIDAD x 1 UND;1;1;1
ING00217;BISCOCHO CHOCMAN COSTA 28 GR;UND;ABARROTES;PRD00693;;BISCOCHO CHOCMAN COSTA 28 GR;PAQUETE;1;PAQUETE;PAQUETE x 1 UND;1;1;1
ING00218;BISCOCHO CHOCMAN COSTA 33.5 GR;UND;ABARROTES;PRD00710;;BISCOCHO CHOCMAN COSTA 33.5 GR;PAQUETE;1;PAQUETE;PAQUETE x 1 UND;1;1;1
ING00219;BISCOCHUELO FLEISHMAN X 5 KG;UND;ABARROTES;PRD03874;;CAJA CHICA - BISCOCHUELO FLEISHMAN X 5 KG;BOLSA;1;BOLSA;BOLSA x 1 UND;1;1;1
ING00220;BISCOTELA;UND;ABARROTES;PRD03121;;CAJA CHICA - BISCOTELA;PAQUETE;1;PAQUETE;PAQUETE x 1 UND;1;1;1
ING00221;BIZCOCHO BOLSA;UND;ABARROTES;PRD03615;;CAJA CHICA - BIZCOCHO BOLSA;BOLSA;1;BOLSA;BOLSA x 1 UND;1;1;1
ING00222;BIZCOCHUELLO FLEISHMAN X 5 KG;UND;ABARROTES;PRD03787;;CAJA CHICA - BIZCOCHUELLO FLEISHMAN X 5 KG;BOLSA;1;BOLSA;BOLSA x 1 UND;1;1;1
ING00223;BLOQUEADOR SOLAR SACHET EXTREMO DERMASOL F-50 10 G;UND;KIOSKO;PRD02684;;BLOQUEADOR SOLAR SACHET EXTREMO DERMASOL F-50 10 GR;UNIDAD;1;UNIDAD;UNIDAD x 1 UND;1;1;1
ING00224;BLOQUEADOR SOLAR SACHET VISAGE DEMOSOL F-100 10 GR;UND;KIOSKO;PRD02680;;BLOQUEADOR SOLAR SACHET VISAGE DERMOSOL F-100 10GR;UNIDAD;1;UNIDAD;UNIDAD x 1 UND;1;1;1
ING00225;BOCADITO FUYU X 240 GR;UND;ABARROTES;PRD04069;;CAJA CHICA - BOCADITO FUYU X 240 GR;FRASCO;1;FRASCO;FRASCO x 1 UND;1;1;1
ING00226;BOCADITO FUYU X 240 GR - FRASCO;UND;ABARROTES;PRD04063;;CAJA CHICA - BOCADITO FUYU X 240 GR - FRASCO;FRASCO;1;FRASCO;FRASCO x 1 UND;1;1;1
ING00227;BOLITAS DE MANI Y CHOCOLATE 2 CERRITOS 17 GR;UND;;PRD00787;;BOLITAS DE MANI Y CHOCOLATE 2 CERRITOS 17 GR;UNIDAD;1;UNIDAD;UNIDAD x 1 UND;1;1;1
ING00228;BOLIYUCAS CON QUESO 20 G CONGELADO;UND;CONGELADOS;PRD01968;;BOLI YUCAS CON QUESO 20 GR CONGELADO;UNIDAD;1;UNIDAD;UNIDAD x 1 UND;1;1;1
ING00229;BOLOGNA POLLO X 90 GR;UND;CONGELADOS;PRD03172;;CAJA CHICA - BOLOGNA POLLO X 90 GR;SACHET;1;SACHET;SACHET x 1 UND;1;1;1
ING00230;BOLSA BIODEGRADABLE 21X24;UND;ABARROTES;PRD01629;;CAJA CHICA - BOLSA BIODEGRADABLE 21X24;PAQUETE;1;PAQUETE;PAQUETE x 1 UND;1;1;1
ING00231;BOLSA BLANCA MEDIANA;UND;ABARROTES;PRD04142;;CAJA CHICA - BOLSA BLANCA MEDIANA;UNIDAD;1;UNIDAD;UNIDAD x 1 UND;1;1;1
ING00232;BOLSA BLANCA PLANA 20 X 30 ALFA;UND;DESCARTABLES;PRD02558;;BOLSA BLANCA PLANA 20 X 30 ALFA X 100 UND;PAQUETE;100;PAQUETE;PAQUETE x 100 UND;1;1;1
ING00233;BOLSA BLANCA T-SHIRT 16 X 19 100 UND;UND;ABARROTES;PRD03312;;CAJA CHICA - BOLSA BLANCA T-SHIRT 16 X 19 100 UND;PAQUETE;1;PAQUETE;PAQUETE x 1 UND;1;1;1
ING00234;BOLSA BLANCA T-SHIRT 16X19 C/ASA;UND;DESCARTABLES;PRD02559;;BOLSA BLANCA T-SHIRT 16 X 19 ASITA X 100 UND;PAQUETE;100;PAQUETE;PAQUETE x 100 UND;1;1;1
ING00235;BOLSA BLANCA T-SHIRT 21 X 24 C/ASA;UND;DESCARTABLES;PRD01475;;BOLSA BLANCA T-SHIRT 21 X 24 100 UND;PAQUETE;100;PAQUETE;PAQUETE x 100 UND;1;1;1
ING00235;BOLSA BLANCA T-SHIRT 21 X 24 C/ASA;UND;DESCARTABLES;PRD02561;;BOLSA BLANCA T-SHIRT 21 X 24 ASITA X 100 UND;PAQUETE;100;PAQUETE;PAQUETE x 100 UND;1;1;1
ING00236;BOLSA BLANCA T-SHIRT BIODEG.PARAISO 16X19 PAQ MILL;UND;DESCARTABLES;PRD02258;;BOLSA BLANCA T-SHIRT PARAISO 16 X 19 PAQ - 1000 UND;PAQUETE;1000;PAQUETE;PAQUETE x 1000 UND;1;1;1
ING00237;BOLSA BLANCA T-SHIRT BIODEG.PARAISO 21X24 500 UND;UND;DESCARTABLES;PRD02251;;BOLSA BLANCA T-SHIRT BIODEG.PARAISO 21 X 24 500 UND;PAQUETE;500;PAQUETE;PAQUETE x 500 UND;1;1;1
ING00237;BOLSA BLANCA T-SHIRT BIODEG.PARAISO 21X24 500 UND;UND;DESCARTABLES;PRD02259;;BOLSA BLANCA T-SHIRT PARAISO 21 X 24 - 500 UND;PAQUETE;500;PAQUETE;PAQUETE x 500 UND;1;1;1
ING00238;BOLSA BLANCA T-SHIRT BIODEGRADABLE 16X19 MILLAR;UND;DESCARTABLES;PRD02250;;BOLSA BLANCA T-SHIRT BIODEG.PARAISO 16 X 19 PAQ 1000 UND;PAQUETE;1000;PAQUETE;PAQUETE x 1000 UND;1;1;1
ING00239;BOLSA BLANCA T-SHIRT CHICA PARAISO 16X19X2 PQT MIL;UND;DESCARTABLES;PRD02277;;BOLSA BLANCA T-SHIRT CHICA PARAISO 16 X 19 X 2 (PQT 1000 UND);PAQUETE;1000;PAQUETE;PAQUETE x 1000 UND;1;1;1
ING00240;BOLSA BLANCA T-SHIRT GRANDE PARAISO 21X24X2PQT 500;UND;DESCARTABLES;PRD02278;;BOLSA BLANCA T-SHIRT GRANDE PARAISO 21 X 24 X 2 (PQT 500 UND);PAQUETE;1000;PAQUETE;PAQUETE x 1000 UND;1;1;1
ING00241;BOLSA CHEQUERA ROJO 21X24;UND;DESCARTABLES;PRD02267;;BOLSA CHEQUERA ROJO 21X24 100 UND;PAQUETE;100;PAQUETE;PAQUETE x 100 UND;1;1;1
ING00242;BOLSA DE PAPEL KRAF N° 2 X 100 UND;UND;ABARROTES;PRD03187;;CAJA CHICA - BOLSA DE PAPEL KRAF N° 2 X 100 UND;PAQUETE;1;PAQUETE;PAQUETE x 1 UND;1;1;1
ING00243;BOLSA DE PAPEL KRAFT #4 MILLAR;UND;DESCARTABLES;PRD02254;;BOLSA DE PAPEL KRAFT #4 MILLAR;PAQUETE;1000;PAQUETE;PAQUETE x 1000 UND;1;1;1
ING00244;BOLSA DE PAPEL KRAFT #6 MILLAR;UND;DESCARTABLES;PRD02255;;BOLSA DE PAPEL KRAFT #6 MILLAR;PAQUETE;1000;PAQUETE;PAQUETE x 1000 UND;1;1;1
ING00245;BOLSA DE PAPEL KRAFT #6 SIN LOGO;UND;DESCARTABLES;PRD02276;;BOLSA PAPEL KRAFT #6 500 UND;PAQUETE;500;PAQUETE;PAQUETE x 500 UND;1;1;1
ING00246;BOLSA DE PAPEL KRAFT 50 GR #4 (12.5X24.2X7.5);UND;;PRD02274;;BOLSA DE PAPEL KRAFT #4 C/LOGO SODEXO 500 UND;PAQUETE;500;PAQUETE;PAQUETE x 500 UND;1;1;1
ING00246;BOLSA DE PAPEL KRAFT 50 GR #4 (12.5X24.2X7.5);UND;;PRD02275;;BOLSA DE PAPEL KRAFT #4 500 UND;PAQUETE;500;PAQUETE;PAQUETE x 500 UND;1;1;1
ING00246;BOLSA DE PAPEL KRAFT 50 GR #4 (12.5X24.2X7.5);UND;;PRD02564;;BOLSA DE PAPEL KRAFT 50GR #4 (12.5X24.2X7.5) 500 UND;PAQUETE;500;PAQUETE;PAQUETE x 500 UND;1;1;1
ING00246;BOLSA DE PAPEL KRAFT 50 GR #4 (12.5X24.2X7.5);UND;;PRD02565;;BOLSA DE PAPEL KRAFT 50GR #4 (12.5X24.2X7.5) C/LOGO SODEXO 500 UND;PAQUETE;500;PAQUETE;PAQUETE x 500 UND;1;1;1
ING00246;BOLSA DE PAPEL KRAFT 50 GR #4 (12.5X24.2X7.5);UND;;PRD02566;;BOLSA DE PAPEL KRAFT 50GR #6 (14.8X28X8.5) 500 UND;PAQUETE;500;PAQUETE;PAQUETE x 500 UND;1;1;1
ING00246;BOLSA DE PAPEL KRAFT 50 GR #4 (12.5X24.2X7.5);UND;;PRD02567;;BOLSA DE PAPEL KRAFT 50GR #6 (14.8X28X8.5) C/LOGO SODEXO 500 UND;PAQUETE;1;PAQUETE;PAQUETE x 1 UND;1;1;1
ING00246;BOLSA DE PAPEL KRAFT 50 GR #4 (12.5X24.2X7.5);UND;;PRD02569;;BOLSA DE PAPEL KRAFT 70GR #20 (20.4X30.2X13) 500 UND;PAQUETE;500;PAQUETE;PAQUETE x 500 UND;1;1;1
ING00247;BOLSA DE PAPEL KRAFT 70GR #12 (18.8X34.5X10) 500 UND;UND;;PRD02568;;BOLSA DE PAPEL KRAFT 70GR #12 (18.8X34.5X10) 500 UND;PAQUETE;500;PAQUETE;PAQUETE x 500 UND;1;1;1
ING00248;BOLSA DE POLIETILENO CRISTAL 26 X40 X 1MC X MILLAR;UND;DESCARTABLES;PRD02241;;"BOLSA POLIETILENO CRISTAL 26""X40""X1MC X MILLAR";PAQUETE;1000;PAQUETE;PAQUETE x 1000 UND;1;1;1
ING00248;BOLSA DE POLIETILENO CRISTAL 26 X40 X 1MC X MILLAR;UND;DESCARTABLES;PRD02264;;BOLSA DE POLIETILENO CRISTAL 26X40X1MC X MILLAR;PAQUETE;1000;PAQUETE;PAQUETE x 1000 UND;1;1;1
ING00249;BOLSA DE POLIPROPILENO 6 X 10;UND;ABARROTES;PRD03315;;CAJA CHICA - BOLSA DE POLIPROPILENO 6 X 10;UNIDAD;1;UNIDAD;UNIDAD x 1 UND;1;1;1
ING00250;BOLSA LUSTRE 3 X 10 X 2 X 100 UND;UND;ABARROTES;PRD03185;;CAJA CHICA - BOLSA LUSTRE 3 X 10 X 2 X 100 UND;PAQUETE;1;PAQUETE;PAQUETE x 1 UND;1;1;1
ING00251;BOLSA MANDALITA CON AZA;UND;ABARROTES;PRD01654;;CAJA CHICA - BOLSA MANDALITA CON AZA;UNIDAD;1;UNIDAD;UNIDAD x 1 UND;1;1;1
ING00252;BOLSA NEGRA X 220 LT PAQ X 10 UND;UND;LIMPIEZA;PRD03032;;CAJA CHICA - BOLSA NEGRA X 220 LT PAQ X 10 UND;PAQUETE;1;PAQUETE;PAQUETE x 1 UND;1;1;1
ING00253;"BOLSA P/BASUR PLAST ROJA C/F 140 LT 1.4 MC 41""X35";UND;LIMPIEZA;PRD02273;;BOLSA PARA BASURA PLASTICA ROJA C/F 140 LT 1.4 MC 41´´X 35´´ 100 UND;PAQUETE;100;PAQUETE;PAQUETE x 100 UND;1;1;1
ING00254;BOLSA PARA BASURA AMARILLA 140 / 250;UND;LIMPIEZA;PRD02268;;BOLSA PARA BASURA PLASTICA AMARILLO C/F 140 LT 1.4 MC 41´´X 35´´ 100 UND;PAQUETE;100;PAQUETE;PAQUETE x 100 UND;1;1;1
ING00255;"BOLSA PARA BASURA AMARILLA 75 LT 2 MC 28""X72""";UND;LIMPIEZA;PRD02256;;"BOLSA PARA BASURA PLASTICA AMARILLA 75 LT 2 MC 28"" X 72"" 100 UND";PAQUETE;100;PAQUETE;PAQUETE x 100 UND;1;1;1
ING00256;BOLSA PARA BASURA AZUL 140LT / 250LT;UND;LIMPIEZA;PRD02246;;BOLSA PARA BASURA PLASTICA AZUL 250 LT 100 UND;PAQUETE;100;PAQUETE;PAQUETE x 100 UND;1;1;1
ING00256;BOLSA PARA BASURA AZUL 140LT / 250LT;UND;LIMPIEZA;PRD02269;;BOLSA PARA BASURA PLASTICA AZUL C/F 140 LT 1.4 MC 41´´X 35´´ 100 UND;PAQUETE;100;PAQUETE;PAQUETE x 100 UND;1;1;1
ING00257;BOLSA PARA BASURA BLANCA 140LT / 250LT;UND;LIMPIEZA;PRD02252;;BOLSA PARA BASURA PLASTICA BLANCA 250 LT 100 UND;PAQUETE;100;PAQUETE;PAQUETE x 100 UND;1;1;1
ING00257;BOLSA PARA BASURA BLANCA 140LT / 250LT;UND;LIMPIEZA;PRD02270;;BOLSA PARA BASURA PLASTICA BLANCA C/F 140 LT 1.4 MC 41´´X 35´´ 100 UND;PAQUETE;100;PAQUETE;PAQUETE x 100 UND;1;1;1
ING00258;BOLSA PARA BASURA MARRON 140LT / 250LT;UND;LIMPIEZA;PRD02248;;BOLSA PARA BASURA PLASTICA MARRON 1.8 MC 250 LT 100 UND;PAQUETE;100;PAQUETE;PAQUETE x 100 UND;1;1;1
ING00258;BOLSA PARA BASURA MARRON 140LT / 250LT;UND;LIMPIEZA;PRD02271;;BOLSA PARA BASURA PLASTICA MARRON C/F 140 LT 1.4 MC 41´´X 35´´ 100 UND;PAQUETE;100;PAQUETE;PAQUETE x 100 UND;1;1;1
ING00259;BOLSA PARA BASURA NEGRA 140LT / 250LT;UND;LIMPIEZA;PRD01684;;BOLSA PARA BASURA NEGRA C/F 140 LT UND 1.6 MC;UNIDAD;1;UNIDAD;UNIDAD x 1 UND;1;1;1
ING00259;BOLSA PARA BASURA NEGRA 140LT / 250LT;UND;LIMPIEZA;PRD01685;;BOLSA PARA BASURA NEGRA 220 LT UND 1.6 MICRAS;UNIDAD;1;UNIDAD;UNIDAD x 1 UND;1;1;1
ING00259;BOLSA PARA BASURA NEGRA 140LT / 250LT;UND;LIMPIEZA;PRD02249;;BOLSA PARA BASURA PLASTICA AMARILLA 250 LT 100 UND;PAQUETE;100;PAQUETE;PAQUETE x 100 UND;1;1;1
ING00259;BOLSA PARA BASURA NEGRA 140LT / 250LT;UND;LIMPIEZA;PRD02272;;BOLSA PARA BASURA PLASTICA NEGRA C/F 140 LT 1.4 MC 41´´X 35´´ 100 UND;PAQUETE;100;PAQUETE;PAQUETE x 100 UND;1;1;1
ING00259;BOLSA PARA BASURA NEGRA 140LT / 250LT;UND;LIMPIEZA;PRD02723;;CAJA CHICA - BOLSA PARA BASURA NEGRA 140 LT;UNIDAD;1;UNIDAD;UNIDAD x 1 UND;1;1;1
ING00260;BOLSA PARA BASURA NEGRA 25 LT;UND;LIMPIEZA;PRD02237;;BOLSA PARA BASURA NEGRA 25 LT 100 UND;PAQUETE;100;PAQUETE;PAQUETE x 100 UND;1;1;1
ING00261;BOLSA PARA BASURA NEGRA 35 LT;UND;LIMPIEZA;PRD02265;;"BOLSA PARA BASURA PLASTICA NEGRA C/F 35 LT 30"" X 20"" 100 UND 1.2 MC";PAQUETE;100;PAQUETE;PAQUETE x 100 UND;1;1;1
ING00262;BOLSA PARA BASURA NEGRA 75 LT;UND;LIMPIEZA;PRD02253;;BOLSA PARA BASURA PLASTICA NEGRO 75 LT 100 UND;PAQUETE;100;PAQUETE;PAQUETE x 100 UND;1;1;1
ING00263;BOLSA PARA BASURA PLASTICA MARRON C/F 140 LT 3 MC 41´´X 35´´ 100 UND;UND;;PRD02239;;BOLSA PARA BASURA PLASTICA MARRON C/F 140 LT 3 MC 41´´X 35´´ 100 UND;PAQUETE;100;PAQUETE;PAQUETE x 100 UND;1;1;1
ING00264;"BOLSA PARA BASURA PLASTICA ROJA 35 LT 30""X20""";UND;LIMPIEZA;PRD02266;;"BOLSA PARA BASURA PLASTICA ROJA C/F 35 LT 30"" X 20"" 100 UND 1.2 MC";PAQUETE;100;PAQUETE;PAQUETE x 100 UND;1;1;1
ING00265;BOLSA PARA BASURA ROJA 140LT / 250LT;UND;LIMPIEZA;PRD02245;;"BOLSA PARA BASURA PLASTICA ROJA 250 LT 1.8 MC 52"" X 40"" 100 UND";PAQUETE;100;PAQUETE;PAQUETE x 100 UND;1;1;1
ING00266;BOLSA PARA BASURA VERDE 250 LT;UND;LIMPIEZA;PRD02247;;BOLSA PARA BASURA PLASTICA VERDE 250 LT 100 UND;PAQUETE;100;PAQUETE;PAQUETE x 100 UND;1;1;1
ING00267;BOLSA PARA CUBIERTO 3 X 10 100 UND;UND;ABARROTES;PRD03325;;CAJA CHICA - BOLSA PARA CUBIERTO 3 X 10 100 UND;PAQUETE;1;PAQUETE;PAQUETE x 1 UND;1;1;1
ING00268;BOLSA PARA CUBIERTO 4 X 10 (8.5 CM X 24.10 CM);UND;;PRD02238;;BOLSA PARA CUBIERTO 8 X 3 100 UND;PAQUETE;100;PAQUETE;PAQUETE x 100 UND;1;1;1
ING00268;BOLSA PARA CUBIERTO 4 X 10 (8.5 CM X 24.10 CM);UND;;PRD02240;;BOLSA PARA CUBIERTO 8 X 3 200 UND;PAQUETE;200;PAQUETE;PAQUETE x 200 UND;1;1;1
ING00268;BOLSA PARA CUBIERTO 4 X 10 (8.5 CM X 24.10 CM);UND;;PRD02244;;BOLSA PARA CUBIERTO 4 X 10 PQTE 200 UND;PAQUETE;200;PAQUETE;PAQUETE x 200 UND;1;1;1
ING00268;BOLSA PARA CUBIERTO 4 X 10 (8.5 CM X 24.10 CM);UND;;PRD02263;;BOLSA PARA CUBIERTO 4 X 10 PQTE 50 UND;PAQUETE;50;PAQUETE;PAQUETE x 50 UND;1;1;1
ING00268;BOLSA PARA CUBIERTO 4 X 10 (8.5 CM X 24.10 CM);UND;;PRD02570;;BOLSA PARA CUBIERTO 4X8 ALFA X 100 UND;PAQUETE;100;PAQUETE;PAQUETE x 100 UND;1;1;1
ING00268;BOLSA PARA CUBIERTO 4 X 10 (8.5 CM X 24.10 CM);UND;;PRD02653;;BOLSA PARA CUBIERTO 4X10 (8.5CM X 24.10CM) ALFA X 100 UND;PAQUETE;100;PAQUETE;PAQUETE x 100 UND;1;1;1
ING00269;BOLSA PARA CUBIERTO FLAT KRAFT 50GR 28X8CM;UND;DESCARTABLES;PRD02572;;BOLSA PARA CUBIERTO FLAT KRAFT 50GR 28X8CM MILLAR;PAQUETE;1000;PAQUETE;PAQUETE x 1000 UND;1;1;1
ING00270;BOLSA PARA CUBIERTO FLAT KRAFT 50GR 28X8CM C/LOGO;UND;DESCARTABLES;PRD02571;;BOLSA PARA CUBIERTO FLAT KRAFT 50GR 28X8CM C/LOGO MILLAR;PAQUETE;1000;PAQUETE;PAQUETE x 1000 UND;1;1;1
ING00271;BOLSA PARA HAMBURGUESA 6X 6 100 UND;UND;ABARROTES;PRD03957;;CAJA CHICA - BOLSA PARA HAMBURGUESA 6X 6 100 UND;PAQUETE;1;PAQUETE;PAQUETE x 1 UND;1;1;1
ING00272;BOLSA PARA LAVANDERIA BIODEGR. PARAISO 16.5 X 23;UND;DESCARTABLES;PRD01472;;BOLSA PARA LAVANDERIA BIODEG.PARAISO 16.5 X 23 MILLAR;PAQUETE;1000;PAQUETE;PAQUETE x 1000 UND;1;1;1
ING00272;BOLSA PARA LAVANDERIA BIODEGR. PARAISO 16.5 X 23;UND;DESCARTABLES;PRD02260;;BOLSA PARA LAVANDERIA BIODEG.PARAISO 16.5 X 23 PAQ 1000 UND;PAQUETE;1000;PAQUETE;PAQUETE x 1000 UND;1;1;1
ING00273;BOLSA PARA SANDWICH 6 X 6;UND;DESCARTABLES;PRD01468;;BOLSA PARA SANDWICH 6 X 6 PAQUETE 1 MILLAR;PAQUETE;1000;PAQUETE;PAQUETE x 1000 UND;1;1;1
ING00273;BOLSA PARA SANDWICH 6 X 6;UND;DESCARTABLES;PRD02573;;BOLSA PARA SANDWICH 6X6 MILLAR;PAQUETE;1000;PAQUETE;PAQUETE x 1000 UND;1;1;1
ING00274;BOLSA PARA TACHO SODEXO;UND;ABARROTES;PRD03536;;CAJA CHICA - BOLSA PARA TACHO SODEXO;PAQUETE;1;PAQUETE;PAQUETE x 1 UND;1;1;1
ING00275;BOLSA PLANA LAVANDERIA PARAISO 16.5X 23 X 2PQT MIL;UND;DESCARTABLES;PRD02279;;BOLSA PLANA LAVANDERIA PARAISO 16.5 X 23 X 2 PQT (1000 UND);PAQUETE;1000;PAQUETE;PAQUETE x 1000 UND;1;1;1
ING00276;BOLSA PLASTICA BLANCA 14 X 20 - PAQ X 100UND;UND;ABARROTES;PRD04048;;CAJA CHICA - BOLSA PLASTICA BLANCA 14 X 20 - PAQ X 100UND;PAQUETE;1;PAQUETE;PAQUETE x 1 UND;1;1;1
ING00277;BOLSA PLASTICA RESELLABLE;UND;DESCARTABLES;PRD02243;;BOLSA PLASTICA RESELLABLE 50 UNID.;PAQUETE;50;PAQUETE;PAQUETE x 50 UND;1;1;1
ING00278;BOLSA PLASTICA RESELLABLE ZIPLOC X 50 UND;UND;DESCARTABLES;PRD03033;;CAJA CHICA - BOLSA PLASTICA RESELLABLE ZIPLOC X 50 UND;PAQUETE;1;PAQUETE;PAQUETE x 1 UND;1;1;1
ING00279;BOLSA PLASTICO BLANCA 21 X 24 PQTE 100 UND.;UND;ABARROTES;PRD02837;;CAJA CHICA - BOLSA PLASTICO BLANCA 21 X 24 PQTE 100 UND.;PAQUETE;1;PAQUETE;PAQUETE x 1 UND;1;1;1
ING00280;BOLSA PLASTICO ROJA 20 X 30 UND;UND;ABARROTES;PRD03559;;CAJA CHICA - BOLSA PLASTICO ROJA 20 X 30 UND;UNIDAD;1;UNIDAD;UNIDAD x 1 UND;1;1;1
ING00281;BOLSA POLIETILENO CRISTAL 90X135 CM 30 IM;UND;DESCARTABLES;PRD02242;;BOLSA POLIETILENO CRISTAL 90X135CM 30ÌM X 100 UND;PAQUETE;100;PAQUETE;PAQUETE x 100 UND;1;1;1
ING00282;BOLSA POLIGRASA 500 UND;UND;ABARROTES;PRD03408;;CAJA CHICA - BOLSA POLIGRASA 500 UND;PAQUETE;1;PAQUETE;PAQUETE x 1 UND;1;1;1
ING00283;BOLSA SANDWICH 6X6 100 UND;UND;ABARROTES;PRD04106;;CAJA CHICA - BOLSA SANDWICH 6X6 100 UND;MILLAR;1;MILLAR;MILLAR x 1 UND;1;1;1
ING00284;BOLSA TRANSPARENTE ROLLOMATIC 5 X 10;UND;DESCARTABLES;PRD01470;;BOLSA TRANSPARENTE ROLLOMATIC 8 X 12;ROLLO;1;ROLLO;ROLLO x 1 UND;1;1;1
ING00284;BOLSA TRANSPARENTE ROLLOMATIC 5 X 10;UND;DESCARTABLES;PRD01471;;BOLSA TRANSPARENTE ROLLOMATIC 5 X 10;ROLLO;1;ROLLO;ROLLO x 1 UND;1;1;1
ING00284;BOLSA TRANSPARENTE ROLLOMATIC 5 X 10;UND;DESCARTABLES;PRD02574;;BOLSA TRANSPARENTE ROLLOSITO 7 X 10;ROLLO;1;ROLLO;ROLLO x 1 UND;1;1;1
ING00285;BOLSAS BLANCAS 15 LT X 100 UND;UND;ABARROTES;PRD02947;;CAJA CHICA - BOLSAS BLANCAS 15 LT X 100 UND;PAQUETE;1;PAQUETE;PAQUETE x 1 UND;1;1;1
ING00286;BOLSAS C/LOGO SDX X 100 UND;UND;ABARROTES;PRD02948;;CAJA CHICA - BOLSAS C/LOGO SDX X 100 UND;PAQUETE;1;PAQUETE;PAQUETE x 1 UND;1;1;1
ING00287;BOLSAS EMPACADO AL VACIO 32 X 42 CM X MLL;UND;DESCARTABLES;PRD02257;;BOLSAS EMPACADO AL VACIO 32 X 42CM X MLL;MILLAR;1000;MILLAR;MILLAR x 1000 UND;1;1;1
ING00288;BOLSAS HERMETICAS X CAJA;UND;ABARROTES;PRD03552;;CAJA CHICA - BOLSAS HERMETICAS X CAJA;CAJA;1;CAJA;CAJA x 1 UND;1;1;1
ING00289;BOLSAS NEGRAS 15 LT X 100 UND;UND;LIMPIEZA;PRD02949;;CAJA CHICA - BOLSAS NEGRAS 15 LT X 100 UND;PAQUETE;1;PAQUETE;PAQUETE x 1 UND;1;1;1
ING00290;BOLSAS NEGRAS 15 LT X 50 UND;UND;LIMPIEZA;PRD02950;;CAJA CHICA - BOLSAS NEGRAS 15 LT X 50 UND;PAQUETE;1;PAQUETE;PAQUETE x 1 UND;1;1;1
ING00291;BOLSAS PLASTICAS 0.50 X 1.20 MT X 100 UND;UND;ABARROTES;PRD02944;;CAJA CHICA - BOLSAS PLASTICAS 0.50 X 1.20 MT X 100 UND;PAQUETE;1;PAQUETE;PAQUETE x 1 UND;1;1;1
ING00292;BOLSAS PLASTICAS 17.5 X 35 P/ REFR X 100 UND;UND;REFRIGERADOS;PRD02945;;CAJA CHICA - BOLSAS PLASTICAS 17.5 X 35 P/ REFR X 100 UND;PAQUETE;1;PAQUETE;PAQUETE x 1 UND;1;1;1
ING00293;BOLSAS PLASTICAS RESELLABLES X 100 UND;UND;ABARROTES;PRD02946;;CAJA CHICA - BOLSAS PLASTICAS RESELLABLES X 100 UND;PAQUETE;1;PAQUETE;PAQUETE x 1 UND;1;1;1
ING00294;BOLSAS PLASTICO BLANCA 36 LT;UND;ABARROTES;PRD03530;;CAJA CHICA - BOLSAS PLASTICO BLANCA 36 LT;UNIDAD;1;UNIDAD;UNIDAD x 1 UND;1;1;1
ING00295;BOLSAS PLASTICO BLANCA BIODEGRADABLE 16.5 X 23;UND;ABARROTES;PRD03420;;CAJA CHICA - BOLSAS PLASTICO BLANCA BIODEGRADABLE 16.5 X 23;UNIDAD;1;UNIDAD;UNIDAD x 1 UND;1;1;1
ING00296;BOLSAS PLÁSTICAS 0.40 X 0.90 MT X 100 UND;UND;ABARROTES;PRD02943;;CAJA CHICA - BOLSAS PLÁSTICAS 0.40 X 0.90 MT X 100 UND;PAQUETE;1;PAQUETE;PAQUETE x 1 UND;1;1;1
ING00297;BOLSAS PLÁSTICAS X 5 KG GRUESA 100 UND;UND;ABARROTES;PRD02942;;CAJA CHICA - BOLSAS PLÁSTICAS X 5 KG GRUESA 100 UND;PAQUETE;1;PAQUETE;PAQUETE x 1 UND;1;1;1
ING00298;BOLSAS SANGUCHERAS X 100 UND;UND;ABARROTES;PRD02738;;CAJA CHICA - BOLSAS SANGUCHERAS X 100 UND;CAJA;1;CAJA;CAJA x 1 UND;1;1;1
ING00299;BOLSAS T-SHIRT 16 X 19;UND;DESCARTABLES;PRD01469;;BOLSA BLANCA T-SHIRT 16 X 19 100 UNID;PAQUETE;100;PAQUETE;PAQUETE x 100 UND;1;1;1
ING00299;BOLSAS T-SHIRT 16 X 19;UND;DESCARTABLES;PRD02654;;BOLSA BLANCA T-SHIRT 16 X 19 EL SOL X 100 UND;PAQUETE;100;PAQUETE;PAQUETE x 100 UND;1;1;1
ING00300;BOLSAS T-SHIRT 19 X 20 PB;UND;DESCARTABLES;PRD02560;;BOLSA BLANCA T-SHIRT 19 X 20 PB X 100 UND;PAQUETE;100;PAQUETE;PAQUETE x 100 UND;1;1;1
ING00301;BOLSAS T-SHIRT 19 X 21;UND;DESCARTABLES;PRD01474;;BOLSA BLANCA T-SHIRT 19 X 20 100 UND;PAQUETE;100;PAQUETE;PAQUETE x 100 UND;1;1;1
ING00302;BOLSAS T-SHIRT 20 X 19;UND;ABARROTES;PRD03454;;CAJA CHICA - BOLSAS T-SHIRT 20 X 19;UNIDAD;1;UNIDAD;UNIDAD x 1 UND;1;1;1
ING00303;BOLSAS T-SHIRT 20 X 30;UND;DESCARTABLES;PRD00404;;BOLSA BLANCA T-SHIRT 20 X 30 100 UND;PAQUETE;1;PAQUETE;PAQUETE x 1 UND;1;1;1
ING00304;BOLSAS T-SHIRT COMPOSTABLE 16 X 19 NEWIE;UND;DESCARTABLES;PRD02562;;BOLSA BLANCA T-SHIRT COMPOSTABLE 16 X 19 NEWIE X 100 UND;PAQUETE;100;PAQUETE;PAQUETE x 100 UND;1;1;1
ING00305;BOLSAS T-SHIRT COMPOSTABLE 21 X 24 NEWIE;UND;DESCARTABLES;PRD02563;;BOLSA BLANCA T-SHIRT COMPOSTABLE 21 X 24 NEWIE X 100 UND;PAQUETE;100;PAQUETE;PAQUETE x 100 UND;1;1;1
ING00306;BON O BON LECHE 16 GR;UND;ABARROTES;PRD00282;;CHOCOLATE RELLENO BON O BON;UNIDAD;1;UNIDAD;UNIDAD x 1 UND;1;1;1
ING00307;BONITO FILETE CON PIEL CONGELADO;KG;CONGELADOS;PRD01246;;BONITO FILETE CON PIEL CONGELADO - KGM;KILOGRAMO;1;KILOGRAMO;KILOGRAMO x 1 KG;1;1;1
ING00307;BONITO FILETE CON PIEL CONGELADO;KG;CONGELADOS;PRD01739;;BONITO FILETE CON PIEL CONGELADO;KILOGRAMO;1;KILOGRAMO;KILOGRAMO x 1 KG;1;1;1
ING00308;BOTELLA DESCARTABLE PET 500 ML;UND;DESCARTABLES;PRD02291;;BOTELLA DESCARTABLE CON TAPA DE 400 ML X 100 UND;PAQUETE;100;PAQUETE;PAQUETE x 100 UND;1;1;1
ING00308;BOTELLA DESCARTABLE PET 500 ML;UND;DESCARTABLES;PRD02293;;BOTELLA DESCARTABLE PET HOT FILLING (80°) CON TAPA DE 500 ML X 100 UND;PAQUETE;100;PAQUETE;PAQUETE x 100 UND;1;1;1
ING00309;BOTONES DE POTA CONGELADO;KG;CONGELADOS;PRD01748;;BOTONES DE POTA CONGELADO;KILOGRAMO;1;KILOGRAMO;KILOGRAMO x 1 KG;1;1;1
ING00310;BOWL DE SOPA BIO DEGRADABLE 16 OZ;UND;DESCARTABLES;PRD02425;;BOWL DE SOPA BIO DEGRADABLE 16 OZ X MLL;PAQUETE;1000;PAQUETE;PAQUETE x 1000 UND;1;1;1
ING00310;BOWL DE SOPA BIO DEGRADABLE 16 OZ;UND;DESCARTABLES;PRD02427;;BOWL DE SOPA BIO DEGRADABLE 16 OZ X 500UND;PAQUETE;500;PAQUETE;PAQUETE x 500 UND;1;1;1
ING00311;BRASS POLISH SPARTAN - LIMPIADOR Y PULIDOR DE META;L;LIMPIEZA;PRD02443;;BRASS POLISH SPARTAN 1 LITRO;LITRO;1;LITRO;LITRO x 1 L;1;1;1
ING00312;BROCHETA # 12;UND;ABARROTES;PRD03923;;CAJA CHICA - BROCHETA # 12;PAQUETE;1;PAQUETE;PAQUETE x 1 UND;1;1;1
ING00313;BROCOLI 20-40 CONGELADO;KG;CONGELADOS;PRD01196;;BROCOLI PRE COCIDO 30/60 CONGELADO;KILOGRAMO;1;KILOGRAMO;KILOGRAMO x 1 KG;1;1;1
ING00314;BROCOLI CONGELADO;KG;CONGELADOS;PRD03034;;CAJA CHICA - BROCOLI CONGELADO;KILOGRAMO;1;KILOGRAMO;KILOGRAMO x 1 KG;1;1;1
ING00315;BROCOLI PRE COCIDO 20/40 CONGELADO - E;KG;CONGELADOS;PRD01865;;BROCOLI PRE COCIDO 20/40 CONGELADO;KILOGRAMO;1;KILOGRAMO;KILOGRAMO x 1 KG;1;1;1
ING00316;BROWNIE DE CHOCOLATE CON COBERTURA GYM (CONGELADO);UND;;PRD00931;;BROWNIE DE CHOCOLATE CON COBERTURA GYM (CONGELADO);BOLSA;1;BOLSA;BOLSA x 1 UND;1;1;1
ING00317;BUTTE TOFFE MINI X 100 UND;UND;ABARROTES;PRD03788;;CAJA CHICA - BUTTE TOFFE MINI X 100 UND;BOLSA;1;BOLSA;BOLSA x 1 UND;1;1;1
ING00318;CABALLA FILETE CON PIEL CONGELADO;KG;CONGELADOS;PRD01740;;CABALLA FILETE CON PIEL CONGELADO;KILOGRAMO;1;KILOGRAMO;KILOGRAMO x 1 KG;1;1;1
ING00319;CABANOSSI 600 GR;UND;ABARROTES;PRD02873;;CAJA CHICA - CABANOSSI 600 GR;UNIDAD;1;UNIDAD;UNIDAD x 1 UND;1;1;1
ING00320;CABEZA ESCOBA DE PLASTICO SUPER DALIA VIRUTEX;UND;LIMPIEZA;PRD01376;;CABEZA ESCOBA DE PLASTICO SUPER DALIA VIRUTEX 12 UND;PAQUETE;1;PAQUETE;PAQUETE x 1 UND;1;1;1
ING00321;CABRITO DESHUESADO CONGELADO;KG;CONGELADOS;PRD01695;;CABRITO DESHUESADO CONGELADO - KGM;KILOGRAMO;1;KILOGRAMO;KILOGRAMO x 1 KG;1;1;1
ING00322;CABRITO ENTERO TROZADO CONGELADO;KG;CONGELADOS;PRD01690;;CABRITO ENTERO TROZADO 200-2500 GRMS CONGELADO;KILOGRAMO;1;KILOGRAMO;KILOGRAMO x 1 KG;1;1;1
ING00323;CACAO Y LUCUMA NIBS;UND;ABARROTES;PRD03667;;CAJA CHICA - CACAO Y LUCUMA NIBS;UNIDAD;1;UNIDAD;UNIDAD x 1 UND;1;1;1
ING00324;CAFE EN GRANO NESCAFE KG;KG;ABARROTES;PRD00533;;CAFE EN GRANO NESCAFE NESTLE 1 KGM;BOLSA;1;BOLSA;BOLSA x 1 KG;1;1;1
ING00325;CAFE GRANO ILLY 3 KG;UND;ABARROTES;PRD03011;;CAJA CHICA - CAFE GRANO ILLY 3 KG;LATA;1;LATA;LATA x 1 UND;1;1;1
ING00326;CAFE GRANO ZANESCO KG;KG;ABARROTES;PRD00534;;CAFE GRANO ZANESCO 1 KG;BOLSA;1;BOLSA;BOLSA x 1 KG;1;1;1
ING00327;CAFE INSTANTANEO NESCAFE TRADICION STICK 1.8GR;UND;ABARROTES;PRD02997;;CAJA CHICA - CAFE INSTANTANEO NESCAFE TRADICION STICK 1.8GR;UNIDAD;1;UNIDAD;UNIDAD x 1 UND;1;1;1
ING00328;CAFE INSTANTANEO NESCAFE TRADICION STICK 2 GR;UND;ABARROTES;PRD00476;;CAFE INSTANTANEO NESCAFE TRADICION STICK 2 GR;UNIDAD;1;UNIDAD;UNIDAD x 1 UND;1;1;1
ING00328;CAFE INSTANTANEO NESCAFE TRADICION STICK 2 GR;UND;ABARROTES;PRD00511;;CAFE INSTANTANEO NESCAFE CLASICO STICK 2 GR;UNIDAD;1;UNIDAD;UNIDAD x 1 UND;1;1;1
ING00329;CAFE INSTANTANEO NESCAFE TRADICION X 200 GR;UND;ABARROTES;PRD03035;;CAJA CHICA - CAFE INSTANTANEO NESCAFE TRADICION X 200 GR;UNIDAD;1;UNIDAD;UNIDAD x 1 UND;1;1;1
ING00330;CAFE INSTANTANEO NESTLE ECO;KG;ABARROTES;PRD00102;;CEBADA TOSTADA INSTANTANEA NESTLE ECO 195 GR;LATA;0.195;LATA;LATA x 0.195 KG;1;1;1
ING00330;CAFE INSTANTANEO NESTLE ECO;KG;ABARROTES;PRD00468;;CEBADA TOSTADA INSTANTANEA NESTLE ECCO 170 GR;LATA;0.17;LATA;LATA x 0.17 KG;1;1;1
ING00331;CAFE MOLIDO CAPUCCINO VAINILLA NESTLE 1 KG;KG;ABARROTES;PRD00501;;CAFE MOLIDO CAPPUCCINO VAINILLA NESTLE 1 KG;BOLSA;1;BOLSA;BOLSA x 1 KG;1;1;1
ING00332;CAFE MOLIDO DESCAFEINADO 100 GR;UND;ABARROTES;PRD03414;;CAJA CHICA - CAFE MOLIDO DESCAFEINADO 100 GR;FRASCO;1;FRASCO;FRASCO x 1 UND;1;1;1
ING00333;CAFE MOLIDO GRANEL;KG;ABARROTES;PRD00514;;CAFE TIPO EXTRA SUPERIOR VALENZUELA 1 KG;KILOGRAMO;1;KILOGRAMO;KILOGRAMO x 1 KG;1;1;1
ING00334;CAFE MOLIDO INSTANTANEO CAPUCCINO;KG;ABARROTES;PRD00100;;CAFE MOLIDO CAPPUCCINO NESTLE 1 KG;BOLSA;1;BOLSA;BOLSA x 1 KG;1;1;1
ING00335;CAFE MOLIDO INSTANTANEO DESCAFEINADO;KG;ABARROTES;PRD00543;;CAFE INSTANTANEO NESCAFE DESCAFEINADO 225 GR;FRASCO;0.225;FRASCO;FRASCO x 0.225 KG;1;1;1
ING00336;CAFE MOLIDO INSTANTANEO KG;KG;ABARROTES;PRD00107;;CAFE MOLIDO NESCAFE TRADICION NESTLE 500 GR;BOLSA;0.5;BOLSA;BOLSA x 0.5 KG;1;1;1
ING00336;CAFE MOLIDO INSTANTANEO KG;KG;ABARROTES;PRD00493;;CAFE INSTANTANEO KIRMA NESTLE 180 GR;UNIDAD;0.18;UNIDAD;UNIDAD x 0.18 KG;1;1;1
ING00336;CAFE MOLIDO INSTANTANEO KG;KG;ABARROTES;PRD00512;;CAFE INSTANTANEO NESCAFE TRADICION 500 GR;LATA;0.5;LATA;LATA x 0.5 KG;1;1;1
ING00336;CAFE MOLIDO INSTANTANEO KG;KG;ABARROTES;PRD00519;;CAFE INSTANTANEO KIRMA NESTLE 190 GR;UNIDAD;0.19;UNIDAD;UNIDAD x 0.19 KG;1;1;1
ING00337;CAFE MOLIDO MOKACCINO NESTLE 1 KG;KG;ABARROTES;PRD00101;;CAFE MOLIDO MOKACCINO NESTLE 1 KG;BOLSA;1;BOLSA;BOLSA x 1 KG;1;1;1
ING00338;CAFE MOLIDO NESCAFE TRADICION 400 GR;UND;ABARROTES;PRD03417;;CAJA CHICA - CAFE MOLIDO NESCAFE TRADICION 400 GR;LATA;1;LATA;LATA x 1 UND;1;1;1
ING00339;CAFE MOLIDO PARA PASAR KG;KG;ABARROTES;PRD00091;;CAFE MOLIDO STANDAR RISSO GRANEL KG;KILOGRAMO;1;KILOGRAMO;KILOGRAMO x 1 KG;1;1;1
ING00339;CAFE MOLIDO PARA PASAR KG;KG;ABARROTES;PRD00491;;CAFE MOLIDO SELLO ROJO 425 GR;BOLSA;0.425;BOLSA;BOLSA x 0.425 KG;1;1;1
ING00339;CAFE MOLIDO PARA PASAR KG;KG;ABARROTES;PRD00492;;CAFE MOLIDO SELLO ROJO 850 GR;BOLSA;0.85;BOLSA;BOLSA x 0.85 KG;1;1;1
ING00339;CAFE MOLIDO PARA PASAR KG;KG;ABARROTES;PRD00517;;CAFE MOLIDO STANDAR RISSO GRANEL 500 GR;BOLSA;0.5;BOLSA;BOLSA x 0.5 KG;1;1;1
ING00339;CAFE MOLIDO PARA PASAR KG;KG;ABARROTES;PRD00551;;CAFE MOLIDO PARA PASAR CAFETAL 454 GR;BOLSA;0.454;BOLSA;BOLSA x 0.454 KG;1;1;1
ING00340;CAFE PARA PASAR ALTOMAYO 200 GR;UND;ABARROTES;PRD03318;;CAJA CHICA - CAFE PARA PASAR ALTOMAYO 200 GR;LATA;1;LATA;LATA x 1 UND;1;1;1
ING00341;CAFE PARA PASAR CUMBRE 0.5 KG;UND;ABARROTES;PRD03934;;CAJA CHICA - CAFE PARA PASAR CUMBRE 0.5 KG;BOLSA;1;BOLSA;BOLSA x 1 UND;1;1;1
ING00342;CAFE PARA PASAR MOLIDO CAFETAL X 220GR;UND;ABARROTES;PRD03000;;CAJA CHICA - CAFE PARA PASAR MOLIDO CAFETAL X 220GR;BOLSA;1;BOLSA;BOLSA x 1 UND;1;1;1
ING00343;CAFÉ INSTANTANEO NESCAFÉ TRADICION 200 GR;UND;ABARROTES;PRD02914;;CAJA CHICA - CAFÉ INSTANTANEO NESCAFÉ TRADICION 200 GR;LATA;1;LATA;LATA x 1 UND;1;1;1
ING00344;CAFÉ MOLIDO KIRMA X 200 GR;UND;ABARROTES;PRD02830;;CAJA CHICA - CAFÉ MOLIDO KIRMA X 200 GR;LATA;1;LATA;LATA x 1 UND;1;1;1
ING00345;CAFÉ MOLIDO PREMIUM JUAN VALDEZ 0.250 KG;UND;ABARROTES;PRD01999;;CAJA CHICA - CAFÉ MOLIDO PREMIUM JUAN VALDEZ 0.250 KG;BOLSA;1;BOLSA;BOLSA x 1 UND;1;1;1
ING00346;CAFÉ PARA PASAR MOLIDO PREMIER RISSO 500 GR;UND;ABARROTES;PRD02915;;CAJA CHICA - CAFÉ PARA PASAR MOLIDO PREMIER RISSO 500 GR;LATA;1;LATA;LATA x 1 UND;1;1;1
ING00347;CAFÉ TOSTADO GRANO;UND;ABARROTES;PRD04079;;CAJA CHICA - CAFÉ TOSTADO GRANO;BOLSA;1;BOLSA;BOLSA x 1 UND;1;1;1
ING00348;CAIGUA;KG;FFVV;PRD00454;;CAIHUA * KG;KILOGRAMO;1;KILOGRAMO;KILOGRAMO x 1 KG;1;1;1
ING00349;CAJA CHICA - AGUA PARA RECETA - CH;L;CAJA CHICA;PRD04039;;CAJA CHICA - AGUA PARA RECETA - CH;LITRO;1;LITRO;LITRO x 1 L;1;1;1
ING00350;CAJA CHICA - AGUA SAN LUIS 20 LT (BIDON X 1 UND);UND;CAJA CHICA;PRD03535;;CAJA CHICA - AGUA SAN LUIS 20 LT (BIDON x 1 UND);BIDON;1;BIDON;BIDON x 1 UND;1;1;1
ING00351;CAJA CHICA - AGUA SAN LUIS 20 LT (CAJA X 1 UND);UND;CAJA CHICA;PRD03771;;CAJA CHICA - AGUA SAN LUIS 20 LT (CAJA x 1 UND);CAJA;1;CAJA;CAJA x 1 UND;1;1;1
ING00352;CAJA CHICA - AGUA SAN LUIS 750 ML;UND;CAJA CHICA;PRD02034;;CAJA CHICA - AGUA SAN LUIS 750 ML;BOTELLA;1;BOTELLA;BOTELLA x 1 UND;1;1;1
ING00353;CAJA CHICA - AGUA SAN LUIS CON LA UNIDAD DE MEDIDA 750 ML;UND;CAJA CHICA;PRD02033;;CAJA CHICA - AGUA SAN LUIS CON LA UNIDAD DE MEDIDA 750 ML;BOTELLA;1;BOTELLA;BOTELLA x 1 UND;1;1;1
ING00354;CAJA CHICA - AJI AMARILLO;KG;CAJA CHICA;PRD02038;;CAJA CHICA - AJI AMARILLO;KILOGRAMO;1;KILOGRAMO;KILOGRAMO x 1 KG;1;1;1
ING00355;CAJA CHICA - ANIS ESTRELLA X 250 GR (GRAMO X 0.25 KG);KG;CAJA CHICA;PRD04051;;CAJA CHICA - ANIS ESTRELLA X 250 GR (GRAMO x 0.25 KG);GRAMO;0.25;GRAMO;GRAMO x 0.25 KG;1;1;1
ING00356;CAJA CHICA - ANIS ESTRELLA X 250 GR (GRAMO X 1 UND);UND;CAJA CHICA;PRD04052;;CAJA CHICA - ANIS ESTRELLA X 250 GR (GRAMO x 1 UND);GRAMO;1;GRAMO;GRAMO x 1 UND;1;1;1
ING00357;CAJA CHICA - BEBIDA REHIDRATANTE 500ML SPORADE;UND;CAJA CHICA;PRD02021;;CAJA CHICA - BEBIDA REHIDRATANTE 500ML SPORADE;UNIDAD;1;UNIDAD;UNIDAD x 1 UND;1;1;1
ING00358;CAJA CHICA - BOLSA PANETON GLORIA;UND;CAJA CHICA;PRD02026;;CAJA CHICA - BOLSA PANETON GLORIA;UNIDAD;1;UNIDAD;UNIDAD x 1 UND;1;1;1
ING00359;CAJA CHICA - CAFE KIRMA CON LA UNIDAD DE MEDIDA 180 GR;UND;CAJA CHICA;PRD02031;;CAJA CHICA - CAFE KIRMA CON LA UNIDAD DE MEDIDA 180 GR;GRAMO;1;GRAMO;GRAMO x 1 UND;1;1;1
ING00360;CAJA CHICA - CANCHITA SALADA X 12 GR (BOLSA X 1 UND);UND;CAJA CHICA;PRD03790;;CAJA CHICA - CANCHITA SALADA X 12 GR (BOLSA x 1 UND);BOLSA;1;BOLSA;BOLSA x 1 UND;1;1;1
ING00361;CAJA CHICA - CANCHITA SALADA X 12 GR (UNIDAD X 1 UND);UND;CAJA CHICA;PRD03789;;CAJA CHICA - CANCHITA SALADA X 12 GR (UNIDAD x 1 UND);UNIDAD;1;UNIDAD;UNIDAD x 1 UND;1;1;1
ING00362;CAJA CHICA - CHEETOS NARUTAL CHICO 26 GR;UND;CAJA CHICA;PRD02016;;CAJA CHICA - CHEETOS NARUTAL CHICO 26 GR;BOLSA;1;BOLSA;BOLSA x 1 UND;1;1;1
ING00363;CAJA CHICA - CHEETOS NATURAL GRANDE 34GR;UND;CAJA CHICA;PRD02015;;CAJA CHICA - CHEETOS NATURAL GRANDE 34GR;BOLSA;1;BOLSA;BOLSA x 1 UND;1;1;1
ING00364;CAJA CHICA - CHIZITOS GRANDE NATURAL 35 GR;UND;CAJA CHICA;PRD02013;;CAJA CHICA - CHIZITOS GRANDE NATURAL 35 GR;BOLSA;1;BOLSA;BOLSA x 1 UND;1;1;1
ING00365;CAJA CHICA - CHOCLO BLANCO;UND;CAJA CHICA;PRD02019;;CAJA CHICA - CHOCLO BLANCO;UNIDAD;1;UNIDAD;UNIDAD x 1 UND;1;1;1
ING00366;CAJA CHICA - CHOCOLATE SOL DEL CUZCO - BARRAS DE 80 GR;UND;CAJA CHICA;PRD02022;;CAJA CHICA - CHOCOLATE SOL DEL CUZCO - BARRAS DE 80 GR;UNIDAD;1;UNIDAD;UNIDAD x 1 UND;1;1;1
ING00367;CAJA CHICA - COCA 180 GR;UND;CAJA CHICA;PRD02023;;CAJA CHICA - COCA 180 GR;UNIDAD;1;UNIDAD;UNIDAD x 1 UND;1;1;1
ING00368;CAJA CHICA - COCOA 180 GR;UND;CAJA CHICA;PRD02024;;CAJA CHICA - COCOA 180 GR;UNIDAD;1;UNIDAD;UNIDAD x 1 UND;1;1;1
ING00369;CAJA CHICA - COPA FLORENTINA TRANSPARENTE C/10 (PAQUETE X 1 UND);UND;CAJA CHICA;PRD04095;;CAJA CHICA - COPA FLORENTINA TRANSPARENTE C/10 (PAQUETE x 1 UND);PAQUETE;1;PAQUETE;PAQUETE x 1 UND;1;1;1
ING00370;CAJA CHICA - COPA FLORENTINA TRANSPARENTE C/10 (UNIDAD X 1 UND);UND;CAJA CHICA;PRD04100;;CAJA CHICA - COPA FLORENTINA TRANSPARENTE C/10 (UNIDAD x 1 UND);UNIDAD;1;UNIDAD;UNIDAD x 1 UND;1;1;1
ING00371;CAJA CHICA - CREMA VAINILLA CON LA UNIDAD DE MEDIDA 600 GR;UND;CAJA CHICA;PRD02032;;CAJA CHICA - CREMA VAINILLA CON LA UNIDAD DE MEDIDA 600 GR;GRAMO;1;GRAMO;GRAMO x 1 UND;1;1;1
ING00372;CAJA CHICA - ENVASE DELI 1/2 LT SUPER FAST TR + TAPATR (LITRO X 1 L);L;CAJA CHICA;PRD04091;;CAJA CHICA - ENVASE DELI 1/2 LT SUPER FAST TR + TAPATR (LITRO x 1 L);LITRO;1;LITRO;LITRO x 1 L;1;1;1
ING00373;CAJA CHICA - ENVASE DELI 1/2 LT SUPER FAST TR + TAPATR (MILLAR X 1 L);L;CAJA CHICA;PRD04099;;CAJA CHICA - ENVASE DELI 1/2 LT SUPER FAST TR + TAPATR (MILLAR x 1 L);MILLAR;1;MILLAR;MILLAR x 1 L;1;1;1
ING00374;CAJA CHICA - FIDEO TORNILLO MOLITALIA 250 GR;UND;CAJA CHICA;PRD04156;;CAJA CHICA - FIDEO TORNILLO MOLITALIA 250 GR;PAQUETE;1;PAQUETE;PAQUETE x 1 UND;1;1;1
ING00375;CAJA CHICA - GALLETAS CARITAS X 6 UNIDADES.;UND;CAJA CHICA;PRD02035;;CAJA CHICA - GALLETAS CARITAS X 6 UNIDADES.;PAQUETE;1;PAQUETE;PAQUETE x 1 UND;1;1;1
ING00376;CAJA CHICA - LECHE LAIVE BOLSITARRO 390 GR;UND;CAJA CHICA;PRD02025;;CAJA CHICA - LECHE LAIVE BOLSITARRO 390 GR;UNIDAD;1;UNIDAD;UNIDAD x 1 UND;1;1;1
ING00377;CAJA CHICA - LIMA;KG;CAJA CHICA;PRD02037;;CAJA CHICA - LIMA;KILOGRAMO;1;KILOGRAMO;KILOGRAMO x 1 KG;1;1;1
ING00378;CAJA CHICA - MANDARINA;KG;CAJA CHICA;PRD02036;;CAJA CHICA - MANDARINA;KILOGRAMO;1;KILOGRAMO;KILOGRAMO x 1 KG;1;1;1
ING00379;CAJA CHICA - NECTAR DURAZNO PULP 250 ML;UND;CAJA CHICA;PRD02018;;CAJA CHICA - NECTAR DURAZNO PULP 250 ML;UNIDAD;1;UNIDAD;UNIDAD x 1 UND;1;1;1
ING00380;CAJA CHICA - NUEVO SIN FORMATO COMPRA;UND;CAJA CHICA;PRD02699;;CAJA CHICA - NUEVO SIN FORMATO COMPRA;UNIDAD;1;UNIDAD;UNIDAD x 1 UND;1;1;1
ING00381;CAJA CHICA - PIROTINES N° 8 PARA CUP CAKE X100 UND;UND;CAJA CHICA;PRD01934;;CAJA CHICA - PIROTINES N° 8 PARA CUP CAKE X100 UND;PAQUETE;1;PAQUETE;PAQUETE x 1 UND;1;1;1
ING00382;CAJA CHICA - PLATANO BELLACO (KILOGRAMO X 1 KG);KG;CAJA CHICA;PRD03654;;CAJA CHICA - PLATANO BELLACO (KILOGRAMO x 1 KG);KILOGRAMO;1;KILOGRAMO;KILOGRAMO x 1 KG;1;1;1
ING00383;CAJA CHICA - PLATANO BELLACO (UNIDAD X 1 UND);UND;CAJA CHICA;PRD01670;;CAJA CHICA - PLATANO BELLACO (UNIDAD x 1 UND);UNIDAD;1;UNIDAD;UNIDAD x 1 UND;1;1;1
ING00384;CAJA CHICA - QUESO MOZARELLA SANCOR X KG;KG;CAJA CHICA;PRD03742;;CAJA CHICA - QUESO MOZARELLA SANCOR X KG;KILOGRAMO;1;KILOGRAMO;KILOGRAMO x 1 KG;1;1;1
ING00385;CAJA CHICA - SANDWICH HELADO MINI;UND;CAJA CHICA;PRD02020;;CAJA CHICA - SANDWICH HELADO MINI;UNIDAD;1;UNIDAD;UNIDAD x 1 UND;1;1;1
ING00386;CAJA CHICA - SIROPE MAPLE 480 GR;UND;CAJA CHICA;PRD03227;;CAJA CHICA - SIROPE MAPLE 480 GR;UNIDAD;1;UNIDAD;UNIDAD x 1 UND;1;1;1
ING00387;CAJA CHICA - SPORADE 500ML;UND;CAJA CHICA;PRD02017;;CAJA CHICA - SPORADE 500ML;UNIDAD;1;UNIDAD;UNIDAD x 1 UND;1;1;1
ING00388;CAJA CHICA - TOMATE CHERRY (KILOGRAMO X 1 KG);KG;CAJA CHICA;PRD03759;;CAJA CHICA - TOMATE CHERRY (KILOGRAMO x 1 KG);KILOGRAMO;1;KILOGRAMO;KILOGRAMO x 1 KG;1;1;1
ING00389;CAJA CHICA - TOMATE CHERRY (PAQUETE X 1 UND);UND;CAJA CHICA;PRD03257;;CAJA CHICA - TOMATE CHERRY (PAQUETE x 1 UND);PAQUETE;1;PAQUETE;PAQUETE x 1 UND;1;1;1
ING00390;CAJA CHICA - TORTEES NATURAL GRANDE FRITO LAY 70 GR;UND;CAJA CHICA;PRD02014;;CAJA CHICA - TORTEES NATURAL GRANDE FRITO LAY 70 GR;BOLSA;1;BOLSA;BOLSA x 1 UND;1;1;1
ING00391;CAJA CHICA- PAPA SECA CON LA UNIDAD DE MEDIDA 1 KG;KG;CAJA CHICA;PRD02027;;CAJA CHICA- PAPA SECA CON LA UNIDAD DE MEDIDA 1 KG;KILOGRAMO;1;KILOGRAMO;KILOGRAMO x 1 KG;1;1;1
ING00392;CAJA CHICA- PAPA SECA CON LA UNIDAD DE MEDIDA 250 GR;KG;CAJA CHICA;PRD02030;;CAJA CHICA- PAPA SECA CON LA UNIDAD DE MEDIDA 250 GR;GRAMO;0.25;GRAMO;GRAMO x 0.25 KG;1;1;1
ING00393;CAJA CHICA- PAPA SECA CON LA UNIDAD DE MEDIDA 500 GR;KG;CAJA CHICA;PRD02029;;CAJA CHICA- PAPA SECA CON LA UNIDAD DE MEDIDA 500 GR;GRAMO;0.5;GRAMO;GRAMO x 0.5 KG;1;1;1
ING00394;CAJA COMBO DULCE;UND;ABARROTES;PRD03862;;CAJA CHICA - CAJA COMBO DULCE;UNIDAD;1;UNIDAD;UNIDAD x 1 UND;1;1;1
ING00395;CAJA COMBO SALADO;UND;ABARROTES;PRD03863;;CAJA CHICA - CAJA COMBO SALADO;UNIDAD;1;UNIDAD;UNIDAD x 1 UND;1;1;1
ING00396;CAJA PARA PIZZA 20 X 20 CM 100 UND;UND;;PRD02423;;CAJA PARA PIZZA 20 X 20 CM 100 UND;PAQUETE;100;PAQUETE;PAQUETE x 100 UND;1;1;1
ING00397;CAJA PARA PIZZA 30X30 CM;UND;DESCARTABLES;PRD02575;;CAJA PARA PIZZA 30 X 30 CM 100 UND;PAQUETE;100;PAQUETE;PAQUETE x 100 UND;1;1;1
ING00398;CAKE NARANJA WONG;UND;ABARROTES;PRD03910;;CAJA CHICA - CAKE NARANJA WONG;UNIDAD;1;UNIDAD;UNIDAD x 1 UND;1;1;1
ING00399;CALABAZA;KG;FFVV;PRD00456;;CALABAZA;KILOGRAMO;1;KILOGRAMO;KILOGRAMO x 1 KG;1;1;1
ING00400;CALDO DE CARNE;KG;ABARROTES;PRD00623;;CALDO DE CARNE KNORR SACHET 650 GR;BOLSA;0.65;BOLSA;BOLSA x 0.65 KG;1;1;1
ING00400;CALDO DE CARNE;KG;ABARROTES;PRD00625;;CALDO SAZONADOR CON SABOR A CARNE QUIMTIA 1 KG;BOLSA;1;BOLSA;BOLSA x 1 KG;1;1;1
ING00400;CALDO DE CARNE;KG;ABARROTES;PRD00633;;CALDO SAZONADOR DE CARNE FANNY 1 KG;BOLSA;1;BOLSA;BOLSA x 1 KG;1;1;1
ING00400;CALDO DE CARNE;KG;ABARROTES;PRD00660;;CALDO CONCENTRADO CARNE MACRO FOOD 1 KG;BOLSA;1;BOLSA;BOLSA x 1 KG;1;1;1
ING00401;CALDO DE CARNE X 1.5;UND;ABARROTES;PRD03538;;CAJA CHICA - CALDO DE CARNE X 1.5;UNIDAD;1;UNIDAD;UNIDAD x 1 UND;1;1;1
ING00402;CALDO DE GALLINA;KG;ABARROTES;PRD00264;;CALDO DE GALLINA KNORR SACHET 1.5 KG;BOLSA;1.5;BOLSA;BOLSA x 1.5 KG;1;1;1
ING00402;CALDO DE GALLINA;KG;ABARROTES;PRD00627;;CALDO SAZONADOR MAGGI DE GALLINA 940 GR;BOLSA;0.94;BOLSA;BOLSA x 0.94 KG;1;1;1
ING00402;CALDO DE GALLINA;KG;ABARROTES;PRD00632;;CALDO SAZONADOR DE GALLINA FANNY 1 KG;BOLSA;1;BOLSA;BOLSA x 1 KG;1;1;1
ING00402;CALDO DE GALLINA;KG;ABARROTES;PRD00661;;CALDO CONCENTRADO GALLINA MACRO FOOD 1 KG;BOLSA;1;BOLSA;BOLSA x 1 KG;1;1;1
ING00403;CALDO DE GALLINA DOÑA GUSTA X 500 GR;UND;ABARROTES;PRD03905;;CAJA CHICA - CALDO DE GALLINA DOÑA GUSTA X 500 GR;UNIDAD;1;UNIDAD;UNIDAD x 1 UND;1;1;1
ING00404;CALDO DE GALLINA X 1 KG;KG;ABARROTES;PRD03939;;CAJA CHICA - CALDO DE GALLINA X 1 KG;KILOGRAMO;1;KILOGRAMO;KILOGRAMO x 1 KG;1;1;1
ING00405;CALDO DE PESCADO;L;ABARROTES;PRD00630;;FONDO LIQUIDO DE PESCADO CHEFF NESTLE 1 LT;BOLSA;1;BOLSA;BOLSA x 1 L;1;1;1
ING00406;CALDO DE POLLO;KG;CONGELADOS;PRD00624;;CALDO SAZONADOR DE POLLO QUIMTIA 1 KG;BOLSA;1;BOLSA;BOLSA x 1 KG;1;1;1
ING00407;CALDO DE POLLO CHUBANG LATA 270 GR;UND;CONGELADOS;PRD01633;;CAJA CHICA - CALDO DE POLLO CHUBANG LATA 270 GR;FRASCO;1;FRASCO;FRASCO x 1 UND;1;1;1
ING00408;CALDO DE VEGETALES;L;ABARROTES;PRD00629;;FONDO LIQUIDO DE VEGETALES CHEFF NESTLE 1 LT;BOLSA;1;BOLSA;BOLSA x 1 L;1;1;1
ING00409;CALDO SABOR PESCADO DOÑA GUSTA 500 GR;KG;;PRD00605;;CALDO SABOR PESCADO DOÑA GUSTA 500 GR;BOLSA;0.5;BOLSA;BOLSA x 0.5 KG;1;1;1
ING00410;CAMOTE 37 GR;UND;ABARROTES;PRD03692;;CAJA CHICA - CAMOTE 37 GR;UNIDAD;1;UNIDAD;UNIDAD x 1 UND;1;1;1
ING00411;CAMOTE AMARILLO;KG;FFVV;PRD00420;;CAMOTE AMARILLO;KILOGRAMO;1;KILOGRAMO;KILOGRAMO x 1 KG;1;1;1
ING00412;CAMOTE NATUCHIPS 90 GR;UND;ABARROTES;PRD01160;;CAMOTE NATUCHIPS 90 GR;BOLSA;1;BOLSA;BOLSA x 1 UND;1;1;1
ING00413;CAMOTE X KG;KG;FFVV;PRD03991;;CAJA CHICA - CAMOTE X KG;KILOGRAMO;1;KILOGRAMO;KILOGRAMO x 1 KG;1;1;1
ING00414;CANCHA CHULPI RASIL X 500 GR;UND;ABARROTES;PRD03726;;CAJA CHICA - CANCHA CHULPI RASIL X 500 GR;BOLSA;1;BOLSA;BOLSA x 1 UND;1;1;1
ING00415;CANCHA FRITA 100 GR;UND;ABARROTES;PRD00287;;CANCHA FRITA TOÑA 100 GR;BOLSA;1;BOLSA;BOLSA x 1 UND;1;1;1
ING00416;CANCHA FRITA X KG;KG;ABARROTES;PRD00310;;CANCHA FRITA TOÑA 1 KG;BOLSA;1;BOLSA;BOLSA x 1 KG;1;1;1
ING00416;CANCHA FRITA X KG;KG;ABARROTES;PRD01155;;CANCHA FRITA 4 ESTACIONES 1 KG;BOLSA;1;BOLSA;BOLSA x 1 KG;1;1;1
ING00417;CANCHA SALADA GREFRACARS 100 GR;UND;ABARROTES;PRD01139;;CANCHA SALADA PIKADITOS 100 GR;BOLSA;1;BOLSA;BOLSA x 1 UND;1;1;1
ING00418;CANCHA SALADA SANTIS 100 GR;UND;ABARROTES;PRD01114;;CANCHA CHULPI VILLA NATURA 80 GR;BOLSA;1;BOLSA;BOLSA x 1 UND;1;1;1
ING00418;CANCHA SALADA SANTIS 100 GR;UND;ABARROTES;PRD01157;;CANCHA SALADA SANTIS 100 GR;BOLSA;1;BOLSA;BOLSA x 1 UND;1;1;1
ING00419;CANDADOS PARA LOCKERS;UND;ABARROTES;PRD03382;;CAJA CHICA - CANDADOS PARA LOCKERS;UNIDAD;1;UNIDAD;UNIDAD x 1 UND;1;1;1
ING00420;CANELA CHINA;KG;ABARROTES;PRD00864;;CANELA CHINA 4 ESTACIONES 1 KG;BOLSA;1;BOLSA;BOLSA x 1 KG;1;1;1
ING00421;CANELA CHINA X 113 GR;UND;ABARROTES;PRD03777;;CAJA CHICA - CANELA CHINA X 113 GR;BOLSA;1;BOLSA;BOLSA x 1 UND;1;1;1
ING00422;CANELA CHINA X 500 GR;UND;ABARROTES;PRD03992;;CAJA CHICA - CANELA CHINA X 500 GR;GRAMO;1;GRAMO;GRAMO x 1 UND;1;1;1
ING00423;CANELA ENTERA;KG;ABARROTES;PRD00865;;CANELA ENTERA 4 ESTACIONES 1 KG;BOLSA;1;BOLSA;BOLSA x 1 KG;1;1;1
ING00423;CANELA ENTERA;KG;ABARROTES;PRD00866;;CANELA ENTERA 4 ESTACIONES 500 GR;BOLSA;0.5;BOLSA;BOLSA x 0.5 KG;1;1;1
ING00424;CANELA ENTERA TOÑA 500 GR;UND;ABARROTES;PRD03366;;CAJA CHICA - CANELA ENTERA TOÑA 500 GR;BOLSA;1;BOLSA;BOLSA x 1 UND;1;1;1
ING00425;CANELA MOLIDA;KG;ABARROTES;PRD00867;;CANELA MOLIDA 4 ESTACIONES 1 KG;BOLSA;1;BOLSA;BOLSA x 1 KG;1;1;1
ING00425;CANELA MOLIDA;KG;ABARROTES;PRD00897;;CANELA EN POLVO BADIA 453.60 GRM;BOLSA;0.4536;BOLSA;BOLSA x 0.4536 KG;1;1;1
ING00425;CANELA MOLIDA;KG;ABARROTES;PRD00898;;CANELA EN POLVO BADIA 1.81 KGR;BOLSA;1.81;BOLSA;BOLSA x 1.81 KG;1;1;1
ING00426;CAPSULA CAFE AMERICANO;UND;ABARROTES;PRD03963;;CAJA CHICA - CAPSULA CAFE AMERICANO;UNIDAD;1;UNIDAD;UNIDAD x 1 UND;1;1;1
ING00427;CAPSULA CAFE BARISTA;UND;ABARROTES;PRD03961;;CAJA CHICA - CAPSULA CAFE BARISTA;UNIDAD;1;UNIDAD;UNIDAD x 1 UND;1;1;1
ING00428;CAPSULA CAFE CAPPUCCINO;UND;ABARROTES;PRD03964;;CAJA CHICA - CAPSULA CAFE CAPPUCCINO;UNIDAD;1;UNIDAD;UNIDAD x 1 UND;1;1;1
ING00429;CAPSULA CAFE CON LECHE;UND;ABARROTES;PRD03962;;CAJA CHICA - CAPSULA CAFE CON LECHE;UNIDAD;1;UNIDAD;UNIDAD x 1 UND;1;1;1
ING00430;CAPSULA CAFE EXPRESSO;UND;ABARROTES;PRD03960;;CAJA CHICA - CAPSULA CAFE EXPRESSO;UNIDAD;1;UNIDAD;UNIDAD x 1 UND;1;1;1
ING00431;CAPSULA CAFFE MOCHA;UND;ABARROTES;PRD03916;;CAJA CHICA - CAPSULA CAFFE MOCHA;UNIDAD;1;UNIDAD;UNIDAD x 1 UND;1;1;1
ING00432;CAPUCHA DESCARTABLE 1/2 CAMPANA STANDAR X100 UND R;UND;DESCARTABLES;PRD02342;;CAPUCHA DESCARTABLE 1/ 2 CAMPANA STANDAR 12 G/M2 R&G CAJA X 100 UND;BOLSA;100;BOLSA;BOLSA x 100 UND;1;1;1
ING00432;CAPUCHA DESCARTABLE 1/2 CAMPANA STANDAR X100 UND R;UND;DESCARTABLES;PRD02345;;CAPUCHA DESCARTABLE 1/ 2 CAMPANA STANDAR 100 UND;BOLSA;100;BOLSA;BOLSA x 100 UND;1;1;1
ING00433;CARAMBOLA;KG;FFVV;PRD02709;;CAJA CHICA - CARAMBOLA;KILOGRAMO;1;KILOGRAMO;KILOGRAMO x 1 KG;1;1;1
ING00434;CARAMELO AMBROSOLI GAJOS DE LIMON;UND;ABARROTES;PRD00323;;CARAMELO AMBROSOLI GAJOS DE LIMON 100 UND;BOLSA;100;BOLSA;BOLSA x 100 UND;1;1;1
ING00435;CARAMELO ANIS AMBROSOLI;UND;ABARROTES;PRD00743;;CARAMELO AMBROSOLI ANIS 60 UND;BOLSA;1;BOLSA;BOLSA x 1 UND;1;1;1
ING00436;CARAMELO BIG BEN SURTIDO X 100 UND;UND;ABARROTES;PRD03801;;CAJA CHICA - CARAMELO BIG BEN SURTIDO X 100 UND;BOLSA;1;BOLSA;BOLSA x 1 UND;1;1;1
ING00437;CARAMELO BON AMI X 100 UND;UND;ABARROTES;PRD03791;;CAJA CHICA - CARAMELO BON AMI X 100 UND;BOLSA;1;BOLSA;BOLSA x 1 UND;1;1;1
ING00438;CARAMELO BUTTER CREMA DE LECHE;UND;ABARROTES;PRD00339;;CARAMELO BUTTER CREAM DE LECHE 100 UND;BOLSA;100;BOLSA;BOLSA x 100 UND;1;1;1
ING00439;CARAMELO CALIPTUS AMBROSOLI;UND;ABARROTES;PRD00338;;CARAMELO AMBROSOLI CALIPTUS 100 UND;BOLSA;100;BOLSA;BOLSA x 100 UND;1;1;1
ING00440;CARAMELO CHICHA MORADA AMBROSOLI 100 UND;UND;ABARROTES;PRD02951;;CAJA CHICA - CARAMELO CHICHA MORADA AMBROSOLI 100 UND;BOLSA;1;BOLSA;BOLSA x 1 UND;1;1;1
ING00441;CARAMELO CHICHA MORADA AMBROSOLI X 100 UND;UND;ABARROTES;PRD03792;;CAJA CHICA - CARAMELO CHICHA MORADA AMBROSOLI X 100 UND;BOLSA;1;BOLSA;BOLSA x 1 UND;1;1;1
ING00442;CARAMELO CHICHA MORADA ARCOR UND;UND;ABARROTES;PRD00325;;CARAMELO CHICHA MORADA ARCOR 100 UND;BOLSA;100;BOLSA;BOLSA x 100 UND;1;1;1
ING00443;CARAMELO CHICHA MORADA SAYON X 110 UND;UND;ABARROTES;PRD03793;;CAJA CHICA - CARAMELO CHICHA MORADA SAYON X 110 UND;BOLSA;1;BOLSA;BOLSA x 1 UND;1;1;1
ING00444;CARAMELO DE LECHE X 100 UND;UND;ABARROTES;PRD03882;;CAJA CHICA - CARAMELO DE LECHE X 100 UND;BOLSA;1;BOLSA;BOLSA x 1 UND;1;1;1
ING00445;CARAMELO DE LICOR;UND;ABARROTES;PRD03527;;CAJA CHICA - CARAMELO DE LICOR;UNIDAD;1;UNIDAD;UNIDAD x 1 UND;1;1;1
ING00446;CARAMELO DE LIMON;UND;ABARROTES;PRD03496;;CAJA CHICA - CARAMELO DE LIMON;UNIDAD;1;UNIDAD;UNIDAD x 1 UND;1;1;1
ING00447;CARAMELO GAJO SURTIDO X 100 UND;UND;ABARROTES;PRD03802;;CAJA CHICA - CARAMELO GAJO SURTIDO X 100 UND;BOLSA;1;BOLSA;BOLSA x 1 UND;1;1;1
ING00448;CARAMELO GAJOS SURTIDOS X 100 UND;UND;ABARROTES;PRD03794;;CAJA CHICA - CARAMELO GAJOS SURTIDOS X 100 UND;BOLSA;1;BOLSA;BOLSA x 1 UND;1;1;1
ING00449;CARAMELO HALLS CHERRY LYPTUS;UND;ABARROTES;PRD01462;;CARAMELO HALLS CHERRY LYPTUS 100 UND;BOLSA;100;BOLSA;BOLSA x 100 UND;1;1;1
ING00450;CARAMELO HALLS CHERRY LYPTUS 28 GR;UND;ABARROTES;PRD00705;;CARAMELO HALLS CHERRY LYPTUS 28 GR;GRANO;1;GRANO;GRANO x 1 UND;1;1;1
ING00451;CARAMELO HALLS CREAMY DURAZNO 28 GR;UND;ABARROTES;PRD00704;;CARAMELO HALLS CREAMY DURAZNO 28 GR;GRANO;1;GRANO;GRANO x 1 UND;1;1;1
ING00452;CARAMELO HALLS CREAMY FRESA 100 UND.;UND;ABARROTES;PRD02823;;CAJA CHICA - CARAMELO HALLS CREAMY FRESA 100 UND.;BOLSA;1;BOLSA;BOLSA x 1 UND;1;1;1
ING00453;CARAMELO HALLS CREAMY FRESA 2 UND;UND;ABARROTES;PRD03577;;CAJA CHICA - CARAMELO HALLS CREAMY FRESA 2 UND;UNIDAD;1;UNIDAD;UNIDAD x 1 UND;1;1;1
ING00454;CARAMELO HALLS MENTA 28 GR;UND;ABARROTES;PRD00706;;CARAMELO HALLS MENTA 28 GR;GRANO;1;GRANO;GRANO x 1 UND;1;1;1
ING00454;CARAMELO HALLS MENTA 28 GR;UND;ABARROTES;PRD03036;;CAJA CHICA - CARAMELO HALLS MENTA 28 GR;GRANO;1;GRANO;GRANO x 1 UND;1;1;1
ING00455;CARAMELO HALLS ROJO 100 UND;UND;ABARROTES;PRD02916;;CAJA CHICA - CARAMELO HALLS ROJO 100 UND;BOLSA;1;BOLSA;BOLSA x 1 UND;1;1;1
ING00456;CARAMELO ICEBMINT;UND;ABARROTES;PRD00340;;CARAMELO AMBROSOLI ICE MINT 100 UND;BOLSA;100;BOLSA;BOLSA x 100 UND;1;1;1
ING00457;CARAMELO LIMON;UND;ABARROTES;PRD00748;;CARAMELO LIMON AMBROSOLI 100 UND;PAQUETE;1;PAQUETE;PAQUETE x 1 UND;1;1;1
ING00457;CARAMELO LIMON;UND;ABARROTES;PRD00749;;CARAMELO DE LIMON SAYON 100 UNID.;BOLSA;1;BOLSA;BOLSA x 1 UND;1;1;1
ING00458;CARAMELO LIMON ARCOR X 100 UND;UND;ABARROTES;PRD03803;;CAJA CHICA - CARAMELO LIMON ARCOR X 100 UND;BOLSA;1;BOLSA;BOLSA x 1 UND;1;1;1
ING00459;CARAMELO MASTICABLE X 100 UND;UND;ABARROTES;PRD03795;;CAJA CHICA - CARAMELO MASTICABLE X 100 UND;BOLSA;1;BOLSA;BOLSA x 1 UND;1;1;1
ING00460;CARAMELO MAX FRUTAS X 100 UND;UND;ABARROTES;PRD03796;;CAJA CHICA - CARAMELO MAX FRUTAS X 100 UND;BOLSA;1;BOLSA;BOLSA x 1 UND;1;1;1
ING00461;CARAMELO MENTA CHOCOLATE 365 GR;UND;ABARROTES;PRD04028;;CAJA CHICA - CARAMELO MENTA CHOCOLATE 365 GR;GRAMO;1;GRAMO;GRAMO x 1 UND;1;1;1
ING00462;CARAMELO MENTA CHOCOLATE X 73 UND;UND;ABARROTES;PRD03797;;CAJA CHICA - CARAMELO MENTA CHOCOLATE X 73 UND;BOLSA;1;BOLSA;BOLSA x 1 UND;1;1;1
ING00463;CARAMELO MENTITAS MASTICRUNCH AMBROSOLI;UND;ABARROTES;PRD03323;;CAJA CHICA - CARAMELO MENTITAS MASTICRUNCH AMBROSOLI;UNIDAD;1;UNIDAD;UNIDAD x 1 UND;1;1;1
ING00464;CARAMELO PERITA X 100 UND;UND;ABARROTES;PRD02008;;CAJA CHICA - CARAMELO PERITA X 100 UND;UNIDAD;1;UNIDAD;UNIDAD x 1 UND;1;1;1
ING00465;CARAMELO SAYON LIMON X 100 UND;UND;ABARROTES;PRD03798;;CAJA CHICA - CARAMELO SAYON LIMON X 100 UND;BOLSA;1;BOLSA;BOLSA x 1 UND;1;1;1
ING00466;CARAMELO SAYON LIMON X 120 UND;UND;ABARROTES;PRD03805;;CAJA CHICA - CARAMELO SAYON LIMON X 120 UND;BOLSA;1;BOLSA;BOLSA x 1 UND;1;1;1
ING00467;CARAMELO SAYON PERITA X 100 UND;UND;ABARROTES;PRD03799;;CAJA CHICA - CARAMELO SAYON PERITA X 100 UND;BOLSA;1;BOLSA;BOLSA x 1 UND;1;1;1
ING00468;CARAMELO SAYON YOGURT X 100 UND;UND;ABARROTES;PRD03804;;CAJA CHICA - CARAMELO SAYON YOGURT X 100 UND;BOLSA;1;BOLSA;BOLSA x 1 UND;1;1;1
ING00469;CARAMELO SURTIDO AMBROSOLI;UND;ABARROTES;PRD03455;;CAJA CHICA - CARAMELO SURTIDO AMBROSOLI;UNIDAD;1;UNIDAD;UNIDAD x 1 UND;1;1;1
ING00470;CARAMELO TAMARINDO X 100 UND;UND;ABARROTES;PRD03800;;CAJA CHICA - CARAMELO TAMARINDO X 100 UND;BOLSA;1;BOLSA;BOLSA x 1 UND;1;1;1
ING00471;CARAMELO TURRONELO SAYON UND;UND;ABARROTES;PRD03370;;CAJA CHICA - CARAMELO TURRONELO SAYON UND;UNIDAD;1;UNIDAD;UNIDAD x 1 UND;1;1;1
ING00472;CARAMELOS LOGO SODEXO;UND;ABARROTES;PRD00290;;CARAMELO CON LOGO SODEXO 100 UNID;BOLSA;100;BOLSA;BOLSA x 100 UND;1;1;1
ING00473;CARBON VEGETAL;KG;KIOSKO;PRD01604;;CARBON VEGETAL GRANEL;KILOGRAMO;1;KILOGRAMO;KILOGRAMO x 1 KG;1;1;1
ING00474;CARBON VEGETAL NATURAL;KG;KIOSKO;PRD03037;;CAJA CHICA - CARBON VEGETAL NATURAL;KILOGRAMO;1;KILOGRAMO;KILOGRAMO x 1 KG;1;1;1
ING00475;CARNE MOLIDA CONGELADA;KG;CONGELADOS;PRD01208;;CARNE MOLIDA CONGELADA;KILOGRAMO;1;KILOGRAMO;KILOGRAMO x 1 KG;1;1;1
ING00475;CARNE MOLIDA CONGELADA;KG;CONGELADOS;PRD01793;;CARNE MOLIDA CONGELADA (MAFROX);KILOGRAMO;1;KILOGRAMO;KILOGRAMO x 1 KG;1;1;1
ING00475;CARNE MOLIDA CONGELADA;KG;CONGELADOS;PRD01833;;CARNE MOLIDA CONGELADA ( DON GOYO);KILOGRAMO;1;KILOGRAMO;KILOGRAMO x 1 KG;1;1;1
ING00476;CARNE VEGETAL DE POLLO;KG;CONGELADOS;PRD00621;;CARNE VEGETAL DE POLLO * 500 GR HOJA VERDE EN TROZOS;BOLSA;0.5;BOLSA;BOLSA x 0.5 KG;1;1;1
ING00477;CARNE VEGETAL DE RES;KG;ABARROTES;PRD00620;;CARNE VEGETAL DE RES * 500 GR HOJA VERDE EN TROZOS;BOLSA;0.5;BOLSA;BOLSA x 0.5 KG;1;1;1
ING00478;CARTON PROTECTOR PARA VASO (JACQUET) CON LOGO A1;UND;;PRD02412;;CARTON PROTECTOR PARA VASO ( JACQUET) CON LOGO A;PAQUETE;1000;PAQUETE;PAQUETE x 1000 UND;1;1;1
ING00479;CASHU KG;KG;ABARROTES;PRD04049;;CAJA CHICA - CASHU KG;KILOGRAMO;1;KILOGRAMO;KILOGRAMO x 1 KG;1;1;1
ING00480;CASTAÑA;KG;ABARROTES;PRD00868;;CASTAÑAS 4 ESTACIONES 1 KG;BOLSA;1;BOLSA;BOLSA x 1 KG;1;1;1
ING00481;CASTAÑA X 500 GR;UND;ABARROTES;PRD03993;;CAJA CHICA - CASTAÑA X 500 GR;GRAMO;1;GRAMO;GRAMO x 1 UND;1;1;1
ING00482;CASTAÑAS 250 GR;UND;ABARROTES;PRD01648;;CAJA CHICA - CASTAÑAS 250 GR;GRAMO;1;GRAMO;GRAMO x 1 UND;1;1;1
ING00483;CEBADA TOSTADA;KG;ABARROTES;PRD00376;;CEBADA TOSTADA CANTA CLARO 5 KG;BOLSA;5;BOLSA;BOLSA x 5 KG;1;1;1
ING00483;CEBADA TOSTADA;KG;ABARROTES;PRD00856;;CEBADA TOSTADA KOMILON 5 KG;BOLSA;5;BOLSA;BOLSA x 5 KG;1;1;1
ING00483;CEBADA TOSTADA;KG;ABARROTES;PRD00857;;CEBADA TOSTADA EL PLEBEYO 250 GR;BOLSA;0.25;BOLSA;BOLSA x 0.25 KG;1;1;1
ING00483;CEBADA TOSTADA;KG;ABARROTES;PRD00869;;CEBADA TOSTADA 4 ESTACIONES 2 KG;BOLSA;2;BOLSA;BOLSA x 2 KG;1;1;1
ING00483;CEBADA TOSTADA;KG;ABARROTES;PRD00893;;CEBADA TOSTADA VALLESOL 5 KG;BOLSA;5;BOLSA;BOLSA x 5 KG;1;1;1
ING00484;CEBADA TOSTADA 2.5 KG;UND;ABARROTES;PRD02788;;CAJA CHICA - CEBADA TOSTADA 2.5 KG;BOLSA;1;BOLSA;BOLSA x 1 UND;1;1;1
ING00485;CEBADA TOSTADA COSECHA ANDINA 5 KG;KG;;PRD00306;;CEBADA TOSTADA COSECHA ANDINA 5 KG;BOLSA;5;BOLSA;BOLSA x 5 KG;1;1;1
ING00486;CEBADA TOSTADA INSTANTANEA NESTLE ECCO 175 GR;KG;;PRD00495;;CEBADA TOSTADA INSTANTANEA NESTLE ECCO 175 GR;LATA;0.175;LATA;LATA x 0.175 KG;1;1;1
ING00487;CEBADA TOSTADA PLEBEYO;KG;ABARROTES;PRD03038;;CAJA CHICA - CEBADA TOSTADA PLEBEYO;KILOGRAMO;1;KILOGRAMO;KILOGRAMO x 1 KG;1;1;1
ING00488;CEBOLLA CHINA;KG;FFVV;PRD00422;;CEBOLLA CHINA;KILOGRAMO;1;KILOGRAMO;KILOGRAMO x 1 KG;1;1;1
ING00488;CEBOLLA CHINA;KG;FFVV;PRD03648;;CAJA CHICA - CEBOLLA CHINA;KILOGRAMO;1;KILOGRAMO;KILOGRAMO x 1 KG;1;1;1
ING00489;CEBOLLA CHOCLITO;KG;ABARROTES;PRD03142;;CAJA CHICA - CEBOLLA CHOCLITO;KILOGRAMO;1;KILOGRAMO;KILOGRAMO x 1 KG;1;1;1
ING00490;CEBOLLA PERLA;KG;ABARROTES;PRD02742;;CAJA CHICA - CEBOLLA PERLA;KILOGRAMO;1;KILOGRAMO;KILOGRAMO x 1 KG;1;1;1
ING00491;CEBOLLA ROJA;KG;FFVV;PRD00421;;CEBOLLA ROJA;KILOGRAMO;1;KILOGRAMO;KILOGRAMO x 1 KG;1;1;1
ING00491;CEBOLLA ROJA;KG;FFVV;PRD00459;;CEBOLLA BLANCA;KILOGRAMO;1;KILOGRAMO;KILOGRAMO x 1 KG;1;1;1
ING00491;CEBOLLA ROJA;KG;FFVV;PRD03626;;CAJA CHICA - CEBOLLA ROJA;KILOGRAMO;1;KILOGRAMO;KILOGRAMO x 1 KG;1;1;1
ING00492;CEBOLLA ROJA COCKTAIL;KG;FFVV;PRD03445;;CAJA CHICA - CEBOLLA ROJA COCKTAIL REFRIGERADO;KILOGRAMO;1;KILOGRAMO;KILOGRAMO x 1 KG;1;1;1
ING00493;CECINA;KG;REFRIGERADOS;PRD02046;;CECINA REFRIGERADA KG;KILOGRAMO;1;KILOGRAMO;KILOGRAMO x 1 KG;1;1;1
ING00494;CECINA DE CERDO;KG;CONGELADOS;PRD03268;;CAJA CHICA - CECINA DE CERDO;KILOGRAMO;1;KILOGRAMO;KILOGRAMO x 1 KG;1;1;1
ING00495;CECINA TAVANCHO REFRIGERADA KG;KG;;PRD02045;;CECINA TAVANCHO REFRIGERADA KG;KILOGRAMO;1;KILOGRAMO;KILOGRAMO x 1 KG;1;1;1
ING00496;CEDRON;KG;FFVV;PRD00092;;CEDRON;KILOGRAMO;1;KILOGRAMO;KILOGRAMO x 1 KG;1;1;1
ING00497;CEPILLO COLGATE PREMIER;UND;ABARROTES;PRD04110;;CAJA CHICA - CEPILLO COLGATE PREMIER;UNIDAD;1;UNIDAD;UNIDAD x 1 UND;1;1;1
ING00498;CEPILLO DENTAL UNIDAD COLGATE;UND;KIOSKO;PRD02077;;CEPILLO DENTAL COLGATE ADULTO;UNIDAD;1;UNIDAD;UNIDAD x 1 UND;1;1;1
ING00499;CEPILLO DENTAL UNIDAD DENTO;UND;KIOSKO;PRD01293;;CEPILLO DENTAL DENTO;UNIDAD;1;UNIDAD;UNIDAD x 1 UND;1;1;1
ING00500;CERA ACRILICA 3.8 LT;UND;LIMPIEZA;PRD03320;;CAJA CHICA - CERA ACRILICA 3.8 LT;GALON;1;GALON;GALON x 1 UND;1;1;1
ING00501;CERA AL AGUA 3.8 LT;UND;LIMPIEZA;PRD03596;;CAJA CHICA - CERA AL AGUA 3.8 LT;GALON;1;GALON;GALON x 1 UND;1;1;1
ING00502;CERA AL AGUA GERMICIDA;L;LIMPIEZA;PRD01434;;CERA AL AGUA GERMICIDA 3.8 LT;GALON;3.8;GALON;GALON x 3.8 L;1;1;1
ING00503;CERA AL AGUA SAPOLIO;L;LIMPIEZA;PRD01572;;CERA AL AGUA SAPOLIO 3.785 LT;GALON;3.785;GALON;GALON x 3.785 L;1;1;1
ING00504;CERA AUTOBRILLANTE NEUTRAL TEKNOWA;UND;LIMPIEZA;PRD03554;;CAJA CHICA - CERA AUTOBRILLANTE NEUTRAL TEKNOWA;GALON;1;GALON;GALON x 1 UND;1;1;1
ING00505;CERA EN PASTA AMARILLA LT;UND;LIMPIEZA;PRD03574;;CAJA CHICA - CERA EN PASTA AMARILLA LT;BOTELLA;1;BOTELLA;BOTELLA x 1 UND;1;1;1
ING00506;CERA EN PASTA BLANCA GLN;UND;LIMPIEZA;PRD03575;;CAJA CHICA - CERA EN PASTA BLANCA GLN;GALON;1;GALON;GALON x 1 UND;1;1;1
ING00507;CERA EN PASTA NEGRA X 4 LT;UND;LIMPIEZA;PRD03706;;CAJA CHICA - CERA EN PASTA NEGRA X 4 LT;GALON;1;GALON;GALON x 1 UND;1;1;1
ING00508;CERA EN PASTA ROJA X 4 LT;UND;LIMPIEZA;PRD03707;;CAJA CHICA - CERA EN PASTA ROJA X 4 LT;GALON;1;GALON;GALON x 1 UND;1;1;1
ING00509;CERA LIQUIDA ROJA 4 LT;UND;LIMPIEZA;PRD03558;;CAJA CHICA - CERA LIQUIDA ROJA 4 LT;GALON;1;GALON;GALON x 1 UND;1;1;1
ING00510;CERA LIQUIDA ROJA DARYZA 3.8 LT;UND;LIMPIEZA;PRD01433;;CERA LIQUIDA ROJA DARYZA 3.8 LT;GALON;1;GALON;GALON x 1 UND;1;1;1
ING00511;CERA MADERA SPRAY PRIDE 414 ML;UND;ABARROTES;PRD03708;;CAJA CHICA - CERA MADERA SPRAY PRIDE 414 ML;FRASCO;1;FRASCO;FRASCO x 1 UND;1;1;1
ING00512;CERA PARA MADERA PREMIO 400 ML;UND;ABARROTES;PRD02847;;CAJA CHICA - CERA PARA MADERA PREMIO 400 ML;UNIDAD;1;UNIDAD;UNIDAD x 1 UND;1;1;1
ING00513;CERA PARA MADERA PRIDE JOHNSON 400 ML 12 UND;UND;ABARROTES;PRD01431;;CERA PARA MADERA PRIDE JOHNSON 400 ML 12 UND;PAQUETE;12;PAQUETE;PAQUETE x 12 UND;1;1;1
ING00514;CERA PASTA AMARILLA 3.8 LT;UND;LIMPIEZA;PRD03555;;CAJA CHICA - CERA PASTA AMARILLA 3.8 LT;GALON;1;GALON;GALON x 1 UND;1;1;1
ING00515;CERA PASTA ROJA LT;L;LIMPIEZA;PRD01578;;CERA PASTA ROJA SAPOLIO 3.785 LT;BALDE;3.785;BALDE;BALDE x 3.785 L;1;1;1
ING00516;CERA PASTA ROJA TEKNOBRILL BALDE 3.8 LT;UND;LIMPIEZA;PRD01432;;CERA PASTA ROJA TEKNOBRILL 3.8 LT;GALON;1;GALON;GALON x 1 UND;1;1;1
ING00517;CERDO BONDIOLA CONGELADO;KG;CONGELADOS;PRD01227;;BONDIOLA DE CERDO CONGELADO;KILOGRAMO;1;KILOGRAMO;KILOGRAMO x 1 KG;1;1;1
ING00518;CERDO BONDIOLA CONGELADO KG;KG;CONGELADOS;PRD02828;;CAJA CHICA - CERDO BONDIOLA CONGELADO KG;KILOGRAMO;1;KILOGRAMO;KILOGRAMO x 1 KG;1;1;1
ING00519;CERDO BRAZUELO SIN PIEL Y SIN HUESO CONGELADO;KG;CONGELADOS;PRD01234;;BRAZUELO DE CERDO SIN PIEL Y SIN HUESO CONGELADO;KILOGRAMO;1;KILOGRAMO;KILOGRAMO x 1 KG;1;1;1
ING00520;CERDO COSTILLAR CONGELADO;KG;CONGELADOS;PRD01211;;COSTILLA DE CERDO (PANCETA) CONGELADO;KILOGRAMO;1;KILOGRAMO;KILOGRAMO x 1 KG;1;1;1
ING00521;CERDO GUISO CORTE EN CUBOS (ADOBO) 100 GR;KG;;PRD01711;;CERDO - GUISO CORTE EN CUBOS (ADOBO) 100 GR;KILOGRAMO;1;KILOGRAMO;KILOGRAMO x 1 KG;1;1;1
ING00522;CERDO PANCETA X KG;KG;CONGELADOS;PRD04037;;CAJA CHICA- CERDO PANCETA X KG;KILOGRAMO;1;KILOGRAMO;KILOGRAMO x 1 KG;1;1;1
ING00523;CERDO PATA;KG;CONGELADOS;PRD03438;;CAJA CHICA - CERDO PATA;KILOGRAMO;1;KILOGRAMO;KILOGRAMO x 1 KG;1;1;1
ING00524;CERDO PATA CONGELADO;KG;CONGELADOS;PRD01222;;PATITA DE CERDO CONGELADO;KILOGRAMO;1;KILOGRAMO;KILOGRAMO x 1 KG;1;1;1
ING00524;CERDO PATA CONGELADO;KG;CONGELADOS;PRD01704;;PATAS DE CERDO (IMPORTACION);KILOGRAMO;1;KILOGRAMO;KILOGRAMO x 1 KG;1;1;1
ING00524;CERDO PATA CONGELADO;KG;CONGELADOS;PRD01707;;MANITAS DE CERDO (IMPORTACION);KILOGRAMO;1;KILOGRAMO;KILOGRAMO x 1 KG;1;1;1
ING00525;CEREAL ANGEL COPIX 170 GR;UND;ABARROTES;PRD03284;;CAJA CHICA - CEREAL ANGEL COPIX 170 GR;CAJA;1;CAJA;CAJA x 1 UND;1;1;1
ING00526;CEREAL ANGEL FLAKES DE MAIZ;KG;ABARROTES;PRD00502;;CEREAL ANGEL FLAKES MAIZ 500 GR;BOLSA;0.5;BOLSA;BOLSA x 0.5 KG;1;1;1
ING00527;CEREAL ANGEL SHAPE 300 GR;UND;ABARROTES;PRD03426;;CAJA CHICA - CEREAL ANGEL SHAPE 300 GR;CAJA;1;CAJA;CAJA x 1 UND;1;1;1
ING00528;CEREAL BAR COSTA 18 GR;UND;ABARROTES;PRD00516;;CEREAL ANGEL MELI 20 GR;BOLSA;1;BOLSA;BOLSA x 1 UND;1;1;1
ING00528;CEREAL BAR COSTA 18 GR;UND;ABARROTES;PRD00536;;CEREAL BAR CHOCOCEREAL COSTA 18/21 GR;GRANO;1;GRANO;GRANO x 1 UND;1;1;1
ING00528;CEREAL BAR COSTA 18 GR;UND;ABARROTES;PRD00537;;CEREAL BAR CHIP COSTA 18/21 GR;GRANO;1;GRANO;GRANO x 1 UND;1;1;1
ING00528;CEREAL BAR COSTA 18 GR;UND;ABARROTES;PRD00538;;CEREAL BAR GOLDEN COSTA 21/18 GR;GRANO;1;GRANO;GRANO x 1 UND;1;1;1
ING00528;CEREAL BAR COSTA 18 GR;UND;ABARROTES;PRD00539;;CEREAL BAR DURAZNO COSTA 18 GR;GRANO;1;GRANO;GRANO x 1 UND;1;1;1
ING00528;CEREAL BAR COSTA 18 GR;UND;ABARROTES;PRD00540;;CEREAL BAR MANZANA CANELA COSTA 18 GR;GRANO;1;GRANO;GRANO x 1 UND;1;1;1
ING00528;CEREAL BAR COSTA 18 GR;UND;ABARROTES;PRD00545;;CEREAL BAR ARANDANOS COSTA 18 GR;GRANO;1;GRANO;GRANO x 1 UND;1;1;1
ING00529;CEREAL BAR COSTA 18 GR (KG);KG;ABARROTES;PRD00498;;CEREAL ANGEL FLAKES NATURAL 10 KG;CAJA;10;CAJA;CAJA x 10 KG;1;1;1
ING00530;CEREAL CORN FLAKES KELLOGS 500 GR;UND;ABARROTES;PRD02848;;CAJA CHICA - CEREAL CORN FLAKES KELLOGS 500 GR;UNIDAD;1;UNIDAD;UNIDAD x 1 UND;1;1;1
ING00531;CEREAL CORN FLAKES NESTLE KG.;KG;ABARROTES;PRD00520;;CEREAL CORN FLAKES NESTLE 510 GR;CAJA;0.51;CAJA;CAJA x 0.51 KG;1;1;1
ING00532;CEREAL FITNESS NESTLE 260 GR;UND;ABARROTES;PRD03439;;CAJA CHICA - CEREAL FITNESS NESTLE 260 GR;CAJA;1;CAJA;CAJA x 1 UND;1;1;1
ING00533;CEREAL GOLD MIEL 300 GR;UND;ABARROTES;PRD03014;;CAJA CHICA - CEREAL GOLD MIEL 300 GR;CAJA;1;CAJA;CAJA x 1 UND;1;1;1
ING00534;CEREAL GOLDEN BAR 21 GR;UND;ABARROTES;PRD03482;;CAJA CHICA - CEREAL GOLDEN BAR 21 GR;UNIDAD;1;UNIDAD;UNIDAD x 1 UND;1;1;1
ING00535;CEREAL GRANOLA X 200GR;UND;ABARROTES;PRD03779;;CAJA CHICA - CEREAL GRANOLA X 200GR;CAJA;1;CAJA;CAJA x 1 UND;1;1;1
ING00536;CEREAL MIEL ANGEL 420 GR;UND;ABARROTES;PRD03363;;CAJA CHICA - CEREAL MIEL ANGEL 420 GR;CAJA;1;CAJA;CAJA x 1 UND;1;1;1
ING00537;CEREAL MUSLI MANZANA X 300 GR;UND;ABARROTES;PRD03018;;CAJA CHICA - CEREAL MUSLI MANZANA X 300 GR;CAJA;1;CAJA;CAJA x 1 UND;1;1;1
ING00538;CEREAL NUTRICROKC TRIGO PUNCH 260 GR;UND;ABARROTES;PRD03383;;CAJA CHICA - CEREAL NUTRICROKC TRIGO PUNCH 260 GR;CAJA;1;CAJA;CAJA x 1 UND;1;1;1
ING00539;CEREAL ZUCARITAS KELLOGS 275 GR;UND;ABARROTES;PRD02929;;CAJA CHICA - CEREAL ZUCARITAS KELLOGS 275 GR;CAJA;1;CAJA;CAJA x 1 UND;1;1;1
ING00540;CEREZA MARRASQUINO 200 GR;UND;ABARROTES;PRD02938;;CAJA CHICA - CEREZA MARRASQUINO 200 GR;FRASCO;1;FRASCO;FRASCO x 1 UND;1;1;1
ING00541;CEREZA MARRASQUINO KG;KG;ABARROTES;PRD03362;;CAJA CHICA - CEREZA MARRASQUINO KG;KILOGRAMO;1;KILOGRAMO;KILOGRAMO x 1 KG;1;1;1
ING00542;CEREZA MARRASQUINO PRINCESS 4.2 KG;UND;BEBIDAS;PRD03539;;CAJA CHICA - CEREZA MARRASQUINO PRINCESS 4.2 KG;BIDON;1;BIDON;BIDON x 1 UND;1;1;1
ING00543;CEREZAS MARRASQUINO;KG;ABARROTES;PRD00828;;CEREZA MARRASQUINO ROJO SANTIS 283 GR;FRASCO;0.283;FRASCO;FRASCO x 0.283 KG;1;1;1
ING00544;CEREZAS MARRASQUINO X 1.5 KG;UND;ABARROTES;PRD03135;;CAJA CHICA - CEREZAS MARRASQUINO X 1.5 KG;UNIDAD;1;UNIDAD;UNIDAD x 1 UND;1;1;1
ING00545;CERVEZA BITBURGER SIN ALCOHOL 330 ML;UND;BEBIDAS;PRD01477;;CERVEZA BITBURGER SIN ALCOHOL 330 ML (VIDRIO);BOTELLA;1;BOTELLA;BOTELLA x 1 UND;1;1;1
ING00546;CERVEZA BITBURGER SIN ALCOHOL 500 ML LATA;UND;;PRD01478;;CERVEZA BITBURGER SIN ALCOHOL 500 ML LATA;LATA;1;LATA;LATA x 1 UND;1;1;1
ING00547;CERVEZA BRAHMA X 600 ML;UND;ABARROTES;PRD03191;;CAJA CHICA - CERVEZA BRAHMA X 600 ML;BOTELLA;1;BOTELLA;BOTELLA x 1 UND;1;1;1
ING00548;CERVEZA CORONASIN ALCOHOL 355 ML;UND;BEBIDAS;PRD02012;;CAJA CHICA - CERVEZA CORONASIN ALCOHOL 355 ML;MILLAR;1;MILLAR;MILLAR x 1 UND;1;1;1
ING00549;CERVEZA CUSQUEÑA MALTA X 625 ML;UND;ABARROTES;PRD03192;;CAJA CHICA - CERVEZA CUSQUEÑA MALTA X 625 ML;BOTELLA;1;BOTELLA;BOTELLA x 1 UND;1;1;1
ING00550;CERVEZA CUZQUEÑA DORADA BOT 330 ML X SIX PA;UND;ABARROTES;PRD03603;;CAJA CHICA - CERVEZA CUZQUEÑA DORADA BOT 330 ML X SIX PA;SIXPACK;1;SIXPACK;SIXPACK x 1 UND;1;1;1
ING00551;CERVEZA CUZQUEÑA NEGRA BOT 330 ML X SIX PACK;UND;ABARROTES;PRD03604;;CAJA CHICA - CERVEZA CUZQUEÑA NEGRA BOT 330 ML X SIX PACK;SIXPACK;1;SIXPACK;SIXPACK x 1 UND;1;1;1
ING00552;CERVEZA ERDINGER SIN ALCOHOL 330 ML;UND;BEBIDAS;PRD01476;;CERVEZA ERDINGER SIN ALCOHOL 330 ML;BOTELLA;1;BOTELLA;BOTELLA x 1 UND;1;1;1
ING00553;CERVEZA PILSEN 330 ML;UND;ABARROTES;PRD03406;;CAJA CHICA - CERVEZA PILSEN 330 ML;BOTELLA;1;BOTELLA;BOTELLA x 1 UND;1;1;1
ING00554;CERVEZA PILSEN BOTELLA X 310 ML X SIX PACK;UND;ABARROTES;PRD03602;;CAJA CHICA - CERVEZA PILSEN BOTELLA X 310 ML X SIX PACK;SIXPACK;1;SIXPACK;SIXPACK x 1 UND;1;1;1
ING00555;CERVEZA PILSEN X 625 ML;UND;ABARROTES;PRD03190;;CAJA CHICA - CERVEZA PILSEN X 625 ML;BOLSA;1;BOLSA;BOLSA x 1 UND;1;1;1
ING00556;CHALONA;KG;FFVV;PRD00938;;CHALONA;KILOGRAMO;1;KILOGRAMO;KILOGRAMO x 1 KG;1;1;1
ING00557;CHAMPAGNE ESPUMA 600 ML;UND;ABARROTES;PRD03230;;CAJA CHICA - CHAMPAGNE ESPUMA 600 ML;UNIDAD;1;UNIDAD;UNIDAD x 1 UND;1;1;1
ING00558;CHAMPAGNE PREMIER (750 ML);UND;;PRD03895;;CAJA CHICA - CHAMPAGNE PREMIER (750 ML);BOTELLA;1;BOTELLA;BOTELLA x 1 UND;1;1;1
ING00559;CHAMPAGNE TACAMA BRUT 750 ML;UND;ABARROTES;PRD03478;;CAJA CHICA - CHAMPAGNE TACAMA BRUT 750 ML;BOTELLA;1;BOTELLA;BOTELLA x 1 UND;1;1;1
ING00560;CHAMPIGÑONES CONGELADOS SORAYA;KG;CONGELADOS;PRD03016;;CAJA CHICA - CHAMPIGÑONES CONGELADOS SORAYA;KILOGRAMO;1;KILOGRAMO;KILOGRAMO x 1 KG;1;1;1
ING00561;CHAMPIGÑONES ENTEROS PACCU BANDEJA X 200 GR;UND;ABARROTES;PRD03775;;CAJA CHICA - CHAMPIGÑONES ENTEROS PACCU BANDEJA X 200 GR;UNIDAD;1;UNIDAD;UNIDAD x 1 UND;1;1;1
ING00562;CHAMPIGÑONES LA FLORENCIA X PQT DE 6;UND;ABARROTES;PRD03750;;CAJA CHICA - CHAMPIGÑONES LA FLORENCIA X PQT DE 6;UNIDAD;1;UNIDAD;UNIDAD x 1 UND;1;1;1
ING00563;CHAMPIGÑONES LATA;KG;ABARROTES;PRD00804;;CHAMPIGÑONES SANTIS 425 GR;LATA;0.425;LATA;LATA x 0.425 KG;1;1;1
ING00563;CHAMPIGÑONES LATA;KG;ABARROTES;PRD00809;;CHAMPIGÑONES WOKI 425 GR;LATA;0.425;LATA;LATA x 0.425 KG;1;1;1
ING00563;CHAMPIGÑONES LATA;KG;ABARROTES;PRD00811;;CHAMPIGÑONES LATA NIRCISSUS 425 GR;LATA;0.425;LATA;LATA x 0.425 KG;1;1;1
ING00563;CHAMPIGÑONES LATA;KG;ABARROTES;PRD00833;;CHAMPIGÑONES KAM LAM 425 GR;LATA;0.425;LATA;LATA x 0.425 KG;1;1;1
ING00564;CHAMPIGÑONES MUSHROOMS 450 GR;UND;ABARROTES;PRD02952;;CAJA CHICA - CHAMPIGÑONES MUSHROOMS 450 GR;FRASCO;1;FRASCO;FRASCO x 1 UND;1;1;1
ING00565;CHAMPIGÑONES SANTIS 4200 GR (EMER);KG;;PRD00815;;CHAMPIGÑONES SANTIS 4200 GR (EMER);LATA;4.2;LATA;LATA x 4.2 KG;1;1;1
ING00566;CHAMPIÑONES FRESCO;KG;ABARROTES;PRD03258;;CAJA CHICA - CHAMPIÑONES FRESCO;KILOGRAMO;1;KILOGRAMO;KILOGRAMO x 1 KG;1;1;1
ING00567;CHANCACA PAMELA X 500 GR;UND;ABARROTES;PRD03039;;CAJA CHICA - CHANCACA PAMELA X 500 GR;UNIDAD;1;UNIDAD;UNIDAD x 1 UND;1;1;1
ING00568;CHANFAINITA CONGELADA;KG;CONGELADOS;PRD01807;;CHANFAINITA CONGELADO;KILOGRAMO;1;KILOGRAMO;KILOGRAMO x 1 KG;1;1;1
ING00569;CHANTILLY EN POLVO X 50 GR;UND;REFRIGERADOS;PRD03904;;CAJA CHICA - CHANTILLY EN POLVO X 50 GR;UNIDAD;1;UNIDAD;UNIDAD x 1 UND;1;1;1
ING00570;CHANTILLY LEVAPAN;KG;REFRIGERADOS;PRD03858;;CAJA CHICA - CHANTILLY LEVAPAN;KILOGRAMO;1;KILOGRAMO;KILOGRAMO x 1 KG;1;1;1
ING00571;CHANTYPACK;L;REFRIGERADOS;PRD01000;;CREMA CHANTIPACK PURATOS 1LT;CAJA;1;CAJA;CAJA x 1 L;1;1;1
ING00572;CHANTYPACK PRESTO X 1.5 LT;UND;REFRIGERADOS;PRD03040;;CAJA CHICA - CHANTYPACK PRESTO X 1.5 LT;UNIDAD;1;UNIDAD;UNIDAD x 1 UND;1;1;1
ING00573;CHEESE TRIS 16 GR;UND;ABARROTES;PRD03697;;CAJA CHICA - CHEESE TRIS 16 GR;UNIDAD;1;UNIDAD;UNIDAD x 1 UND;1;1;1
ING00574;CHEESE TRIS QUESO FRITO LAY 107 GR;UND;ABARROTES;PRD01124;;CHEESE TRIS QUESO UND 107 GR;BOLSA;1;BOLSA;BOLSA x 1 UND;1;1;1
ING00575;CHEESE TRIS QUESO FRITO LAY 42 GR;UND;ABARROTES;PRD01129;;CHEESE TRIS QUESO FRITO LAY UND 42 GR;BOLSA;1;BOLSA;BOLSA x 1 UND;1;1;1
ING00576;CHEESECAKE HELADO DE FRESA;UND;ABARROTES;PRD03756;;CAJA CHICA - CHEESECAKE HELADO DE FRESA;UNIDAD;1;UNIDAD;UNIDAD x 1 UND;1;1;1
ING00577;CHEETOS BOLIQUESO 160 GR;UND;ABARROTES;PRD01123;;CHEETOS BOLIQUESO UND 160 GR;BOLSA;1;BOLSA;BOLSA x 1 UND;1;1;1
ING00578;CHEETOS CANCHITA CARAMELO 47 G;UND;ABARROTES;PRD01176;;CHEETOS CANCHITA CARAMELO 47 GR;BOLSA;1;BOLSA;BOLSA x 1 UND;1;1;1
ING00579;CHETOS PICANTE 16 GR;UND;ABARROTES;PRD03806;;CAJA CHICA - CHETOS PICANTE 16 GR;UNIDAD;1;UNIDAD;UNIDAD x 1 UND;1;1;1
ING00580;CHETOS SABOR QUESO 16 GR;UND;ABARROTES;PRD03807;;CAJA CHICA - CHETOS SABOR QUESO 16 GR;UNIDAD;1;UNIDAD;UNIDAD x 1 UND;1;1;1
ING00581;CHIA;KG;ABARROTES;PRD01986;;CAJA CHICA - CHIA;KILOGRAMO;1;KILOGRAMO;KILOGRAMO x 1 KG;1;1;1
ING00582;CHICHA DE JORA;L;ABARROTES;PRD03134;;CAJA CHICA - CHICHA DE JORA;LITRO;1;LITRO;LITRO x 1 L;1;1;1
ING00583;CHICHA MORADA GLORIA 400 ML;UND;BEBIDAS;PRD03977;;CAJA CHICA - CHICHA MORADA GLORIA 400 ML;BOTELLA;1;BOTELLA;BOTELLA x 1 UND;1;1;1
ING00584;CHICHA MORADA GLORIA 500 ML;UND;BEBIDAS;PRD01520;;CHICHA MORADA GLORIA 400 ML;BOTELLA;1;BOTELLA;BOTELLA x 1 UND;1;1;1
ING00585;CHICHARRON CHIPS FRITO LAY 21 GR;UND;ABARROTES;PRD00278;;CHICHARRON FRITO LAY 21 GR;BOLSA;1;BOLSA;BOLSA x 1 UND;1;1;1
ING00586;CHICHARRON CHIPS FRITO LAY 43 GR;UND;ABARROTES;PRD03486;;CAJA CHICA - CHICHARRON CHIPS FRITO LAY 43 GR;UNIDAD;1;UNIDAD;UNIDAD x 1 UND;1;1;1
ING00587;CHICHARRON DE PRENSA CONGELADO;KG;CONGELADOS;PRD00796;;CHICHARRON DE PRENSA CONGELADO KG;KILOGRAMO;1;KILOGRAMO;KILOGRAMO x 1 KG;1;1;1
ING00587;CHICHARRON DE PRENSA CONGELADO;KG;CONGELADOS;PRD01842;;CHICHARRON DE PRENSA CONGELADO 500 GR;PAQUETE;0.5;PAQUETE;PAQUETE x 0.5 KG;1;1;1
ING00588;CHICHARRON DE PRENSA REFRIGERADO;KG;REFRIGERADOS;PRD01840;;CHICHARRON DE PRENSA SUIZA MOLDE 180G REFRIGERADO KG;PAQUETE;0.18;PAQUETE;PAQUETE x 0.18 KG;1;1;1
ING00589;CHICHARRON DE PRENSA REFRIGERADO KG;KG;REFRIGERADOS;PRD02814;;CAJA CHICA - CHICHARRON DE PRENSA REFRIGERADO KG;KILOGRAMO;1;KILOGRAMO;KILOGRAMO x 1 KG;1;1;1
ING00590;CHICKEN POWER X 1 KG;KG;ABARROTES;PRD04065;;CAJA CHICA - CHICKEN POWER X 1 KG;BOLSA;1;BOLSA;BOLSA x 1 KG;1;1;1
ING00591;CHICLE FRUTILLA TRIDENT 8.5 GR;UND;ABARROTES;PRD00761;;CHICLE FRUTILLA TRIDENT 8.5 GR;SACHET;1;SACHET;SACHET x 1 UND;1;1;1
ING00592;CHICLE MENTA ADAMS CHICO;UND;ABARROTES;PRD00333;;CHICLE MENTA ADAMS CHICO 100 UND;CAJA;100;CAJA;CAJA x 100 UND;1;1;1
ING00593;CHICLE MENTA TRIDENT BARRA 10.2 G;UND;ABARROTES;PRD00320;;CHICLE MENTA TRIDENT BARRA 10.2 GR;UNIDAD;1;UNIDAD;UNIDAD x 1 UND;1;1;1
ING00594;CHICLE MENTA TRIDENT BARRA 8.5 GR;UND;ABARROTES;PRD00680;;CHICLE MENTA TRIDENT 8.5 GR;SACHET;1;SACHET;SACHET x 1 UND;1;1;1
ING00595;CHICLET BUBBALOO BANANA;UND;ABARROTES;PRD03371;;CAJA CHICA - CHICLET BUBBALOO BANANA;UNIDAD;1;UNIDAD;UNIDAD x 1 UND;1;1;1
ING00596;CHICLET BUBBALOO FRESA;UND;ABARROTES;PRD03372;;CAJA CHICA - CHICLET BUBBALOO FRESA;UNIDAD;1;UNIDAD;UNIDAD x 1 UND;1;1;1
ING00597;CHICLET BUBBALOO MENTA;UND;ABARROTES;PRD03373;;CAJA CHICA - CHICLET BUBBALOO MENTA;UNIDAD;1;UNIDAD;UNIDAD x 1 UND;1;1;1
ING00598;CHICLETS ADAMS 17.4 GR (X12);UND;;PRD03374;;CAJA CHICA - CHICLETS ADAMS 17.4 GR (X12);UNIDAD;1;UNIDAD;UNIDAD x 1 UND;1;1;1
ING00599;CHICLETS ADAMS 2.9 GR (X 2);UND;;PRD03375;;CAJA CHICA - CHICLETS ADAMS 2.9 GR (X 2);UNIDAD;1;UNIDAD;UNIDAD x 1 UND;1;1;1
ING00600;CHICLETS CLORETS CHICO;UND;ABARROTES;PRD03041;;CAJA CHICA - CHICLETS CLORETS CHICO;UNIDAD;1;UNIDAD;UNIDAD x 1 UND;1;1;1
ING00601;CHICLETS TRIDENT X 8.5 GR;UND;ABARROTES;PRD03042;;CAJA CHICA - CHICLETS TRIDENT X 8.5 GR;UNIDAD;1;UNIDAD;UNIDAD x 1 UND;1;1;1
ING00602;CHIFLE DULCE CROCANTITO 150 GR;UND;;PRD00721;;CHIFLE DULCE CROCANTITO 150 GR;PAQUETE;1;PAQUETE;PAQUETE x 1 UND;1;1;1
ING00603;CHIFLE DULCE CROCANTITO 80 GR;UND;;PRD00720;;CHIFLE DULCE CROCANTITO 80 GR;PAQUETE;1;PAQUETE;PAQUETE x 1 UND;1;1;1
ING00604;CHIFLE KARINTO X 45 GR;UND;ABARROTES;PRD03808;;CAJA CHICA - CHIFLE KARINTO X 45 GR;UNIDAD;1;UNIDAD;UNIDAD x 1 UND;1;1;1
ING00605;CHIFLE PICANTE CROCANTITO 150 GR;UND;;PRD00719;;CHIFLE PICANTE CROCANTITO 150 GR;PAQUETE;1;PAQUETE;PAQUETE x 1 UND;1;1;1
ING00606;CHIFLE PICANTE CROCANTITO 70 GR;UND;;PRD00718;;CHIFLE PICANTE CROCANTITO 70 GR;PAQUETE;1;PAQUETE;PAQUETE x 1 UND;1;1;1
ING00607;CHIFLE SABOR BRASA CROCANTITO 150 GR;UND;;PRD00729;;CHIFLE SABOR BRASA CROCANTITO 150 GR;PAQUETE;1;PAQUETE;PAQUETE x 1 UND;1;1;1
ING00608;CHIFLE SABOR BRASA CROCANTITO 70 GR;UND;;PRD00728;;CHIFLE SABOR BRASA CROCANTITO 70 GR;PAQUETE;1;PAQUETE;PAQUETE x 1 UND;1;1;1
ING00609;CHIFLE SABOR CECINA CROCANTITO 150 GR;UND;;PRD00731;;CHIFLE SABOR CECINA CROCANTITO 150 GR;PAQUETE;1;PAQUETE;PAQUETE x 1 UND;1;1;1
ING00610;CHIFLE SABOR CECINA CROCANTITO 70 GR;UND;;PRD00730;;CHIFLE SABOR CECINA CROCANTITO 70 GR;PAQUETE;1;PAQUETE;PAQUETE x 1 UND;1;1;1
ING00611;CHIFLE SABOR CEVICHE CROCANTITO 70 GR;UND;;PRD00723;;CHIFLE SABOR CEVICHE CROCANTITO 70 GR;PAQUETE;1;PAQUETE;PAQUETE x 1 UND;1;1;1
ING00612;CHIFLE SABOR CHORIZO CROCANTITO 150 GR;UND;;PRD00722;;CHIFLE SABOR CHORIZO CROCANTITO 150 GR;PAQUETE;1;PAQUETE;PAQUETE x 1 UND;1;1;1
ING00613;CHIFLE SALADO CROCANTITO 150 GR;UND;;PRD00717;;CHIFLE SALADO CROCANTITO 150 GR;PAQUETE;1;PAQUETE;PAQUETE x 1 UND;1;1;1
ING00614;CHIFLE SALADO CROCANTITO 80 GR;UND;;PRD00716;;CHIFLE SALADO CROCANTITO 80 GR;PAQUETE;1;PAQUETE;PAQUETE x 1 UND;1;1;1
ING00615;CHIFLES 21 GR;UND;ABARROTES;PRD03698;;CAJA CHICA - CHIFLES 21 GR;UNIDAD;1;UNIDAD;UNIDAD x 1 UND;1;1;1
ING00616;CHIFLES BOLSA X 1 KG;KG;ABARROTES;PRD00769;;CHIFLES 4 ESTACIONES 500 GR;PAQUETE;0.5;PAQUETE;PAQUETE x 0.5 KG;1;1;1
ING00617;CHIFLES KARINTO 35 GR;UND;ABARROTES;PRD01988;;CAJA CHICA - CHIFLES KARINTO 35 GR;GRAMO;1;GRAMO;GRAMO x 1 UND;1;1;1
ING00618;CHIFLES KARINTO 38 GR;UND;ABARROTES;PRD01184;;CHIFLES SALADO KARINTO 38 GR;UNIDAD;1;UNIDAD;UNIDAD x 1 UND;1;1;1
ING00619;CHIFLES KARINTO 42 GR;UND;ABARROTES;PRD01159;;CHIFLES KARINTO 42 GR;UNIDAD;1;UNIDAD;UNIDAD x 1 UND;1;1;1
ING00620;CHIFLES SALADO KARINTO 34 GR;UND;ABARROTES;PRD01108;;CHIFLES SALADO KARINTO 34 GR;UNIDAD;1;UNIDAD;UNIDAD x 1 UND;1;1;1
ING00620;CHIFLES SALADO KARINTO 34 GR;UND;ABARROTES;PRD01144;;CHIFLES SALADO KARINTO 28 GR;UNIDAD;1;UNIDAD;UNIDAD x 1 UND;1;1;1
ING00621;CHINCHO;KG;FFVV;PRD00457;;CHINCHO;KILOGRAMO;1;KILOGRAMO;KILOGRAMO x 1 KG;1;1;1
ING00622;CHINCHO FRESCO;KG;ABARROTES;PRD03269;;CAJA CHICA - CHINCHO FRESCO;KILOGRAMO;1;KILOGRAMO;KILOGRAMO x 1 KG;1;1;1
ING00623;CHINGOLO DE RES CONGELADO IMPORTADO;KG;CONGELADOS;PRD03444;;CAJA CHICA - CHINGOLO DE RES CONGELADO IMPORTADO;KILOGRAMO;1;KILOGRAMO;KILOGRAMO x 1 KG;1;1;1
ING00624;CHIRIMOYA;KG;ABARROTES;PRD03260;;CAJA CHICA - CHIRIMOYA;KILOGRAMO;1;KILOGRAMO;KILOGRAMO x 1 KG;1;1;1
ING00625;CHISPAS DE CHOCOLATE BITTER;KG;REFRIGERADOS;PRD01017;;BELCO CHIPS BITTER X5 KG B GRAINS;BOLSA;5;BOLSA;BOLSA x 5 KG;1;1;1
ING00626;CHIVES;KG;ABARROTES;PRD02743;;CAJA CHICA - CHIVES;KILOGRAMO;1;KILOGRAMO;KILOGRAMO x 1 KG;1;1;1
ING00627;CHIZITO CHIPY X 23 GR;UND;ABARROTES;PRD03691;;CAJA CHICA - CHIZITO CHIPY X 23 GR;UNIDAD;1;UNIDAD;UNIDAD x 1 UND;1;1;1
ING00628;CHIZITO FRITO LAY 16 GR;UND;ABARROTES;PRD01148;;CHIZITO FRITO LAY 16 GR;BOLSA;1;BOLSA;BOLSA x 1 UND;1;1;1
ING00629;CHIZITO FRITO LAY 200 GR;UND;ABARROTES;PRD01167;;CHIZITO QUESO FRITO LAY 190 GR;BOLSA;1;BOLSA;BOLSA x 1 UND;1;1;1
ING00630;CHIZITO X 200 GR;UND;ABARROTES;PRD03246;;CAJA CHICA - CHIZITO X 200 GR;UNIDAD;1;UNIDAD;UNIDAD x 1 UND;1;1;1
ING00631;CHLORINE BLEACH SPARTAN - BLANQUEADOR;L;LIMPIEZA;PRD02540;;CHLORINE BLEACH SPARTAN 19 LITROS;BIDON;19;BIDON;BIDON x 19 L;1;1;1
ING00632;CHOCLO AMARILLO DESGRANADO CONGELADO;KG;CONGELADOS;PRD01197;;CHOCLO DESGRANADO CONGELADO;KILOGRAMO;1;KILOGRAMO;KILOGRAMO x 1 KG;1;1;1
ING00632;CHOCLO AMARILLO DESGRANADO CONGELADO;KG;CONGELADOS;PRD01867;;CHOCLO DESGRANADO LIBER CONGELADO (G);KILOGRAMO;1;KILOGRAMO;KILOGRAMO x 1 KG;1;1;1
ING00633;CHOCLO AMARILLO ENTERO;KG;FFVV;PRD00423;;CHOCLO BLANCO;KILOGRAMO;1;KILOGRAMO;KILOGRAMO x 1 KG;1;1;1
ING00634;CHOCLO BB;KG;ABARROTES;PRD03137;;CAJA CHICA - CHOCLO BB;KILOGRAMO;1;KILOGRAMO;KILOGRAMO x 1 KG;1;1;1
ING00635;CHOCLO ENTERO;KG;FFVV;PRD02917;;CAJA CHICA - CHOCLO ENTERO REFRIGERADO;KILOGRAMO;1;KILOGRAMO;KILOGRAMO x 1 KG;1;1;1
ING00636;CHOCMAN;UND;ABARROTES;PRD00286;;BISCOCHO CHOCMAN COSTA 30 GR;UNIDAD;1;UNIDAD;UNIDAD x 1 UND;1;1;1
ING00636;CHOCMAN;UND;ABARROTES;PRD03540;;CAJA CHICA - CHOCMAN;UNIDAD;1;UNIDAD;UNIDAD x 1 UND;1;1;1
ING00637;CHOCO DONUTS X 28 GR X 6 UND;UND;ABARROTES;PRD03809;;CAJA CHICA - CHOCO DONUTS X 28 GR X 6 UND;PAQUETE;1;PAQUETE;PAQUETE x 1 UND;1;1;1
ING00638;CHOCOCHINO NESTLE;KG;ABARROTES;PRD00532;;CHOCOCHINO NESTLE 750 GRM;BOLSA;0.75;BOLSA;BOLSA x 0.75 KG;1;1;1
ING00639;CHOCOLAE SUBLIME SONRISA 42 G;UND;ABARROTES;PRD00765;;CHOCOLATE SUBLIME SONRISA NESTLE 40 GR;UNIDAD;1;UNIDAD;UNIDAD x 1 UND;1;1;1
ING00640;CHOCOLATE BLANCO COBERTURA NEGUSA;KG;ABARROTES;PRD00929;;COBERTURA CHOCOLATE BLANCO 600 GR;GRANO;0.6;GRANO;GRANO x 0.6 KG;1;1;1
ING00640;CHOCOLATE BLANCO COBERTURA NEGUSA;KG;ABARROTES;PRD00953;;CHOCOLATE BLANCO COBERTURA NEGUSA 600 GR;CAJA;0.6;CAJA;CAJA x 0.6 KG;1;1;1
ING00641;CHOCOLATE CANCUN COSTA 25 GR;UND;ABARROTES;PRD00699;;CHOCOLATE CANCUN COSTA 25 GR;UNIDAD;1;UNIDAD;UNIDAD x 1 UND;1;1;1
ING00642;CHOCOLATE CANCUN COSTA 27 GR;UND;ABARROTES;PRD00767;;CHOCOLATE CANCUN COSTA 27 GR;UNIDAD;1;UNIDAD;UNIDAD x 1 UND;1;1;1
ING00643;CHOCOLATE CHIPS PARA KEKE X KG;KG;ABARROTES;PRD03929;;CAJA CHICA - CHOCOLATE CHIPS PARA KEKE X KG;KILOGRAMO;1;KILOGRAMO;KILOGRAMO x 1 KG;1;1;1
ING00644;CHOCOLATE COSTANUSS 10 GR;UND;ABARROTES;PRD03528;;CAJA CHICA - CHOCOLATE COSTANUSS 10 GR;UNIDAD;1;UNIDAD;UNIDAD x 1 UND;1;1;1
ING00645;CHOCOLATE DONOFRIO (MAQUINA) 1KG;KG;;PRD00553;;CHOCOLATE DONOFRIO (MAQUINA) 1 KG;BOLSA;1;BOLSA;BOLSA x 1 KG;1;1;1
ING00646;CHOCOLATE FOCHIS PASAS 16/12 GR;UND;;PRD00779;;CHOCOLATE FOCHIS PASAS 16/12 GR;UNIDAD;1;UNIDAD;UNIDAD x 1 UND;1;1;1
ING00647;CHOCOLATE HERSHEYS SYRUP;UND;ABARROTES;PRD02744;;CAJA CHICA - CHOCOLATE HERSHEYS SYRUP;FRASCO;1;FRASCO;FRASCO x 1 UND;1;1;1
ING00648;CHOCOLATE LENTEJA NESTLE 30 GR (EMER);UND;;PRD00734;;CHOCOLATE LENTEJA NESTLE 30 GR (EMER);UNIDAD;1;UNIDAD;UNIDAD x 1 UND;1;1;1
ING00649;CHOCOLATE MILKY IBERICA;UND;KIOSKO;PRD02734;;CAJA CHICA - CHOCOLATE MILKY IBERICA;UNIDAD;1;UNIDAD;UNIDAD x 1 UND;1;1;1
ING00650;CHOCOLATE MONEDA CARIBU X 100 UND;UND;ABARROTES;PRD03810;;CAJA CHICA - CHOCOLATE MONEDA CARIBU X 100 UND;BOLSA;1;BOLSA;BOLSA x 1 UND;1;1;1
ING00651;CHOCOLATE NEGRO SUBLIME GR;UND;KIOSKO;PRD00687;;CHOCOLATE NEGRO SUBLIME 28 GR;UNIDAD;1;UNIDAD;UNIDAD x 1 UND;1;1;1
ING00651;CHOCOLATE NEGRO SUBLIME GR;UND;KIOSKO;PRD00709;;CHOCOLATE NEGRO SUBLIME 26 GR;UNIDAD;1;UNIDAD;UNIDAD x 1 UND;1;1;1
ING00651;CHOCOLATE NEGRO SUBLIME GR;UND;KIOSKO;PRD00732;;CHOCOLATE BITTER SUBLIME 38GR (EMER);UNIDAD;1;UNIDAD;UNIDAD x 1 UND;1;1;1
ING00651;CHOCOLATE NEGRO SUBLIME GR;UND;KIOSKO;PRD00758;;CHOCOLATE NEGRO SUBLIME 30 GR;UNIDAD;1;UNIDAD;UNIDAD x 1 UND;1;1;1
ING00651;CHOCOLATE NEGRO SUBLIME GR;UND;KIOSKO;PRD00760;;CHOCOLATE LENTEJA NESTLE 30 GR;UNIDAD;1;UNIDAD;UNIDAD x 1 UND;1;1;1
ING00651;CHOCOLATE NEGRO SUBLIME GR;UND;KIOSKO;PRD02936;;CAJA CHICA - CHOCOLATE NEGRO SUBLIME 8 GR;UNIDAD;1;UNIDAD;UNIDAD x 1 UND;1;1;1
ING00651;CHOCOLATE NEGRO SUBLIME GR;UND;KIOSKO;PRD03044;;CAJA CHICA - CHOCOLATE NEGRO SUBLIME 32 GR;UNIDAD;1;UNIDAD;UNIDAD x 1 UND;1;1;1
ING00652;CHOCOLATE PARA MAQUINA ZANESCO KG;KG;ABARROTES;PRD00535;;CHOCOLATE PARA MAQUINA (ZANESCO) 1 KG;BOLSA;1;BOLSA;BOLSA x 1 KG;1;1;1
ING00653;CHOCOLATE PARA TAZA;KG;ABARROTES;PRD00108;;CHOCOLATE PARA TAZA SOL DEL CUSCO 90 GR;UNIDAD;0.09;UNIDAD;UNIDAD x 0.09 KG;1;1;1
ING00653;CHOCOLATE PARA TAZA;KG;ABARROTES;PRD00475;;CHOCOLATE PARA TAZA REAL WINTERS 90 GR;UNIDAD;0.09;UNIDAD;UNIDAD x 0.09 KG;1;1;1
ING00653;CHOCOLATE PARA TAZA;KG;ABARROTES;PRD00477;;CHOCOLATE PARA TAZA SOL DEL CUSCO 90 GR (EMER);UNIDAD;0.09;UNIDAD;UNIDAD x 0.09 KG;1;1;1
ING00653;CHOCOLATE PARA TAZA;KG;ABARROTES;PRD00478;;CHOCOLATE PARA TAZA SOL DEL CUZCO 300 GR (E);UNIDAD;0.3;UNIDAD;UNIDAD x 0.3 KG;1;1;1
ING00653;CHOCOLATE PARA TAZA;KG;ABARROTES;PRD00483;;CHOCOLATE PARA TAZA CANELA Y CLAVO WINTERS 80 GR;UNIDAD;0.08;UNIDAD;UNIDAD x 0.08 KG;1;1;1
ING00653;CHOCOLATE PARA TAZA;KG;ABARROTES;PRD00494;;CHOCOLATE PARA TAZA WINTERS TRADICIONAL 80 GR (EMER);UNIDAD;0.08;UNIDAD;UNIDAD x 0.08 KG;1;1;1
ING00653;CHOCOLATE PARA TAZA;KG;ABARROTES;PRD00513;;CHOCOLATE PARA TAZA CUZCO REAL 90/80 GR;UNIDAD;0.08;UNIDAD;UNIDAD x 0.08 KG;1;1;1
ING00653;CHOCOLATE PARA TAZA;KG;ABARROTES;PRD00525;;CHOCOLATE PARA TAZA CUSCO ANDINO 80 GR;UNIDAD;0.08;UNIDAD;UNIDAD x 0.08 KG;1;1;1
ING00653;CHOCOLATE PARA TAZA;KG;ABARROTES;PRD00552;;CHOCOLATE PARA TAZA TRADICIONAL WINTERS 80 GR;UNIDAD;0.08;UNIDAD;UNIDAD x 0.08 KG;1;1;1
ING00654;CHOCOLATE PARA TAZA (UND);UND;ABARROTES;PRD02874;;CAJA CHICA - CHOCOLATE DE TAZA 90 GR;UNIDAD;1;UNIDAD;UNIDAD x 1 UND;1;1;1
ING00654;CHOCOLATE PARA TAZA (UND);UND;ABARROTES;PRD03176;;CAJA CHICA - MOSTAZA INDIVIDUAL X 240 UND;CAJA;1;CAJA;CAJA x 1 UND;1;1;1
ING00654;CHOCOLATE PARA TAZA (UND);UND;ABARROTES;PRD03298;;CAJA CHICA - CHOCOLATE DE TAZA 150 GR;GRANO;1;GRANO;GRANO x 1 UND;1;1;1
ING00654;CHOCOLATE PARA TAZA (UND);UND;ABARROTES;PRD03450;;CAJA CHICA - MOSTAZA 230 GR;UNIDAD;1;UNIDAD;UNIDAD x 1 UND;1;1;1
ING00654;CHOCOLATE PARA TAZA (UND);UND;ABARROTES;PRD04108;;CAJA CHICA - MOSTAZA BALDE X 4KG;UNIDAD;1;UNIDAD;UNIDAD x 1 UND;1;1;1
ING00655;CHOCOLATE PRINCESA;UND;ABARROTES;PRD03043;;CAJA CHICA - CHOCOLATE PRINCESA;UNIDAD;1;UNIDAD;UNIDAD x 1 UND;1;1;1
ING00656;CHOCOLATE PRIVILEGIO 5 SABORES X 100 UND;UND;ABARROTES;PRD03811;;CAJA CHICA - CHOCOLATE PRIVILEGIO 5 SABORES X 100 UND;BOLSA;1;BOLSA;BOLSA x 1 UND;1;1;1
ING00657;CHOCOLATE RELLENO CAÑONAZO COSTA 19 GR;UND;ABARROTES;PRD00698;;CHOCOLATE RELLENO CAÑONAZO COSTA 19 GR;UNIDAD;1;UNIDAD;UNIDAD x 1 UND;1;1;1
ING00658;CHOCOLATE RELLENO CAÑONAZO COSTA 22 G;UND;ABARROTES;PRD00775;;CHOCOLATE RELLENO CAÑONAZO COSTA 22 GR;UNIDAD;1;UNIDAD;UNIDAD x 1 UND;1;1;1
ING00659;CHOCOLATE RELLENO CAÑONAZO COSTA 25 GR;UND;ABARROTES;PRD00754;;CHOCOLATE RELLENO CAÑONAZO COSTA 25 GR;UNIDAD;1;UNIDAD;UNIDAD x 1 UND;1;1;1
ING00660;CHOCOLATE RELLENO MANI VIZZIO COSTA 21 GR;UND;;PRD00298;;CHOCOLATE RELLENO MANI VIZZIO COSTA 21 GR;UNIDAD;1;UNIDAD;UNIDAD x 1 UND;1;1;1
ING00661;CHOCOLATE RELLENO PRINCESA 30 GR;UND;ABARROTES;PRD00713;;CHOCOLATE RELLENO PRINCESA BARRA 30 GR;UNIDAD;1;UNIDAD;UNIDAD x 1 UND;1;1;1
ING00661;CHOCOLATE RELLENO PRINCESA 30 GR;UND;ABARROTES;PRD00770;;CHOCOLATE RELLENO PRINCESA 30 GR;UNIDAD;1;UNIDAD;UNIDAD x 1 UND;1;1;1
ING00662;CHOCOLATE RELLENO PRINCESA BARRA 28 GR;UND;;PRD00715;;CHOCOLATE RELLENO PRINCESA BARRA 28 GR;UNIDAD;1;UNIDAD;UNIDAD x 1 UND;1;1;1
ING00663;CHOCOLATE RELLENO VIZZIO COSTA 19.2 GR;UND;ABARROTES;PRD00712;;CHOCOLATE RELLENO VIZZIO COSTA 19.2 GR;UNIDAD;1;UNIDAD;UNIDAD x 1 UND;1;1;1
ING00664;CHOCOLATE RELLENO VIZZIO COSTA 21 GR;UND;ABARROTES;PRD00757;;CHOCOLATE RELLENO VIZZIO COSTA 21 GR;UNIDAD;1;UNIDAD;UNIDAD x 1 UND;1;1;1
ING00665;CHOCOLATE RELLENO VIZZIO COSTA 24 GR;UND;KIOSKO;PRD03045;;CAJA CHICA - CHOCOLATE RELLENO VIZZIO COSTA 24 GR;UNIDAD;1;UNIDAD;UNIDAD x 1 UND;1;1;1
ING00666;CHOCOLATE SUBLIME NEGRO 8 GR;UND;ABARROTES;PRD02994;;CAJA CHICA - CHOCOLATE SUBLIME NEGRO 8 GR;UNIDAD;1;UNIDAD;UNIDAD x 1 UND;1;1;1
ING00667;CHOCOLATE SUBLIME SONRISA NESTLE 38 / 37 GR;UND;;PRD00689;;CHOCOLATE SUBLIME SONRISA NESTLE 38 / 37 GR;UNIDAD;1;UNIDAD;UNIDAD x 1 UND;1;1;1
ING00668;CHOCOLATE TOBLERONES DE 74GR;UND;ABARROTES;PRD04088;;CAJA CHICA - CHOCOLATE TOBLERONES DE 74GR;BOLSA;1;BOLSA;BOLSA x 1 UND;1;1;1
ING00669;CHOCOLATE TRIANGULO NESTLE 29 GR;UND;;PRD00714;;CHOCOLATE TRIANGULO NESTLE 29 GR;UNIDAD;1;UNIDAD;UNIDAD x 1 UND;1;1;1
ING00670;CHOCOLATE TRIANGULO NESTLE 30 GR;UND;ABARROTES;PRD00736;;CHOCOLATE TRIANGULO NESTLE 30 GR;UNIDAD;1;UNIDAD;UNIDAD x 1 UND;1;1;1
ING00671;CHOCOLATE TRIPACK SODEXO;UND;ABARROTES;PRD00291;;CHOCOLATE TRIPACK SODEXO;UNIDAD;1;UNIDAD;UNIDAD x 1 UND;1;1;1
ING00672;CHOCOLATE WAFER TUYO COSTA 22 G;UND;ABARROTES;PRD00708;;WAFER CHOCOLATE TUYO COSTA 22 GR;UNIDAD;1;UNIDAD;UNIDAD x 1 UND;1;1;1
ING00672;CHOCOLATE WAFER TUYO COSTA 22 G;UND;ABARROTES;PRD00777;;CHOCOLATE WAFER TUYO COSTA 22 GR;UNIDAD;1;UNIDAD;UNIDAD x 1 UND;1;1;1
ING00673;CHOCOLATES MILKY 20 UND;UND;ABARROTES;PRD01621;;CAJA CHICA - CHOCOLATES MILKY 20 UND;CAJA;1;CAJA;CAJA x 1 UND;1;1;1
ING00674;CHOCOLENTEJAS 32 GR;UND;ABARROTES;PRD03376;;CAJA CHICA - CHOCOLENTEJAS 32 GR;UNIDAD;1;UNIDAD;UNIDAD x 1 UND;1;1;1
ING00675;CHOCOLISTO;KG;ABARROTES;PRD00521;;CHOCOLISTO X 300 GR;POTE;0.3;POTE;POTE x 0.3 KG;1;1;1
ING00676;CHOCOLISTO POTE 280 GR;KG;;PRD00489;;CHOCOLISTO POTE 280 GR;POTE;0.28;POTE;POTE x 0.28 KG;1;1;1
ING00677;CHOCOLISTO SACHET 20 GR;UND;ABARROTES;PRD00549;;CHOCOLISTO SACHET 20 GR;UNIDAD;1;UNIDAD;UNIDAD x 1 UND;1;1;1
ING00678;CHOCOLISTO X 320 GR;UND;ABARROTES;PRD03955;;CAJA CHICA - CHOCOLISTO X 320 GR;UNIDAD;1;UNIDAD;UNIDAD x 1 UND;1;1;1
ING00679;CHOCOMONEDAS CARIBU X 100 UND;UND;ABARROTES;PRD03812;;CAJA CHICA - CHOCOMONEDAS CARIBU X 100 UND;BOLSA;1;BOLSA;BOLSA x 1 UND;1;1;1
ING00680;CHOKO MANI INKA SUR 15 G;UND;ABARROTES;PRD00778;;CHOKO MANI INKA SUR 15 GR;UNIDAD;1;UNIDAD;UNIDAD x 1 UND;1;1;1
ING00681;CHORI FINA HIE C;UND;ABARROTES;PRD03672;;CAJA CHICA - CHORI FINA HIE C;UNIDAD;1;UNIDAD;UNIDAD x 1 UND;1;1;1
ING00682;CHORI TALIA SEGO;UND;ABARROTES;PRD03673;;CAJA CHICA - CHORI TALIA SEGO;UNIDAD;1;UNIDAD;UNIDAD x 1 UND;1;1;1
ING00683;CHORIZO ARGENTINO KG;KG;CONGELADOS;PRD03901;;CAJA CHICA - CHORIZO ARGENTINO KG;KILOGRAMO;1;KILOGRAMO;KILOGRAMO x 1 KG;1;1;1
ING00684;CHORIZO PARRILLERO CONGELADO;KG;CONGELADOS;PRD01838;;CHORIZO PARRILLERO CONGELADO KG (C);KILOGRAMO;1;KILOGRAMO;KILOGRAMO x 1 KG;1;1;1
ING00684;CHORIZO PARRILLERO CONGELADO;KG;CONGELADOS;PRD01841;;CHORIZO PARRILLERO SEGOVIANA CONGELADO KG;KILOGRAMO;1;KILOGRAMO;KILOGRAMO x 1 KG;1;1;1
ING00684;CHORIZO PARRILLERO CONGELADO;KG;CONGELADOS;PRD01852;;CHORIZO PARRILLERO CONGELADO KG - BRAEDT;KILOGRAMO;1;KILOGRAMO;KILOGRAMO x 1 KG;1;1;1
ING00684;CHORIZO PARRILLERO CONGELADO;KG;CONGELADOS;PRD03361;;CAJA CHICA - CHORIZO PARRILLERO CONGELADO;KILOGRAMO;1;KILOGRAMO;KILOGRAMO x 1 KG;1;1;1
ING00685;CHORIZO PARRILLERO REFRIGERADO;UND;REFRIGERADOS;PRD02048;;CHORIZO SAN FERNANDO PRECOCIDO REFRIGERADO 500 GR;PAQUETE;1;PAQUETE;PAQUETE x 1 UND;1;1;1
ING00686;CHORIZO PARRILLERO REFRIGERADO KG;KG;REFRIGERADOS;PRD02815;;CAJA CHICA - CHORIZO PARRILLERO REFRIGERADO KG;KILOGRAMO;1;KILOGRAMO;KILOGRAMO x 1 KG;1;1;1
ING00687;CHORIZO PRECOCIDO X 1 UND;UND;CONGELADOS;PRD03162;;CAJA CHICA - CHORIZO PRECOCIDO X 1 UND;PAQUETE;1;PAQUETE;PAQUETE x 1 UND;1;1;1
ING00688;CHOROS CONGELADO SIN VALVA;KG;CONGELADOS;PRD01727;;CHOROS CONGELADO SIN VALVA;KILOGRAMO;1;KILOGRAMO;KILOGRAMO x 1 KG;1;1;1
ING00689;CHOTA DESHILADA;UND;ABARROTES;PRD03266;;CAJA CHICA - CHOTA DESHILADA;PAQUETE;1;PAQUETE;PAQUETE x 1 UND;1;1;1
ING00690;CHULETA DE CERDO TROZADO 120 GR CONGELADO;KG;CONGELADOS;PRD01240;;CHULETA DE CERDO TROZADO 120 GR CONGELADO;KILOGRAMO;1;KILOGRAMO;KILOGRAMO x 1 KG;1;1;1
ING00690;CHULETA DE CERDO TROZADO 120 GR CONGELADO;KG;CONGELADOS;PRD01698;;CHULETA DE CERDO TROZADO 120 GR CONGELADO - REDONDOS;KILOGRAMO;1;KILOGRAMO;KILOGRAMO x 1 KG;1;1;1
ING00690;CHULETA DE CERDO TROZADO 120 GR CONGELADO;KG;CONGELADOS;PRD01705;;CHULETA DE CERDO TROZADO 120 GR CONGELADO (I);KILOGRAMO;1;KILOGRAMO;KILOGRAMO x 1 KG;1;1;1
ING00691;CHULETA DE CERDO TROZADO 150 GR CONGELADO;KG;CONGELADOS;PRD01209;;CHULETA DE CERDO TROZADO 150 GR CONGELADO;KILOGRAMO;1;KILOGRAMO;KILOGRAMO x 1 KG;1;1;1
ING00691;CHULETA DE CERDO TROZADO 150 GR CONGELADO;KG;CONGELADOS;PRD01699;;CHULETA DE CERDO TROZADO 150 GR CONGELADO - REDONDOS;KILOGRAMO;1;KILOGRAMO;KILOGRAMO x 1 KG;1;1;1
ING00691;CHULETA DE CERDO TROZADO 150 GR CONGELADO;KG;CONGELADOS;PRD01706;;CHULETA DE CERDO TROZADO 150 GR CONGELADO (I);KILOGRAMO;1;KILOGRAMO;KILOGRAMO x 1 KG;1;1;1
ING00692;CHULETA DE CERDO TROZADO 155 - 165 GR CONGELADO;KG;CONGELADOS;PRD01714;;CHULETA DE CERDO TROZADO 155-165 GR CONGELADO;KILOGRAMO;1;KILOGRAMO;KILOGRAMO x 1 KG;1;1;1
ING00693;CHULETA DE CERDO TROZADO 180 GR GRANEL CONGELADO;KG;;PRD01709;;CHULETA DE CERDO TROZADO 180 GR GRANEL CONGELADO;KILOGRAMO;1;KILOGRAMO;KILOGRAMO x 1 KG;1;1;1
ING00694;CHULETA DE CERDO TROZADO 200 G CONGELADO;KG;CONGELADOS;PRD01700;;CHULETA DE CERDO TROZADO 200 GR CONGELADO - REDONDOS;KILOGRAMO;1;KILOGRAMO;KILOGRAMO x 1 KG;1;1;1
ING00694;CHULETA DE CERDO TROZADO 200 G CONGELADO;KG;CONGELADOS;PRD01718;;CHULETA DE CERDO TROZADO 200 GR CONGELADO;KILOGRAMO;1;KILOGRAMO;KILOGRAMO x 1 KG;1;1;1
ING00695;CHULETA DE CERDO TROZADO 250 GR CONGELADO;KG;;PRD01708;;CHULETA DE CERDO TROZADO 250 GR CONGELADO;KILOGRAMO;1;KILOGRAMO;KILOGRAMO x 1 KG;1;1;1
ING00696;CHUPETE COLORADO AMBROSOLI UND;UND;ABARROTES;PRD00322;;CHUPETE CHUPETIN COLORADO (TUTTI FRUTI) AMBROSOLI (24 UNID);BOLSA;25;BOLSA;BOLSA x 25 UND;1;1;1
ING00697;CHUPETE PICOLINES;UND;ABARROTES;PRD00744;;CARAMELO CHUPETIN PICOLIN 50 UND;PAQUETE;50;PAQUETE;PAQUETE x 50 UND;1;1;1
ING00698;CHUPETIN 12 GR;UND;ABARROTES;PRD03377;;CAJA CHICA - CHUPETIN 12 GR;UNIDAD;1;UNIDAD;UNIDAD x 1 UND;1;1;1
ING00699;CHUPETIN BON BON BUN X 24 UND;UND;ABARROTES;PRD03813;;CAJA CHICA - CHUPETIN BON BON BUN X 24 UND;BOLSA;1;BOLSA;BOLSA x 1 UND;1;1;1
ING00700;CHUPETIN DIVERTILOLY X 50 UND;UND;ABARROTES;PRD03814;;CAJA CHICA - CHUPETIN DIVERTILOLY X 50 UND;BOLSA;1;BOLSA;BOLSA x 1 UND;1;1;1
ING00701;CHUPETIN GLOBO POP CON CHICLE 24 UNID;UND;ABARROTES;PRD00746;;CHUPETIN GLOBO POP CON CHICLE 24 UNID.;BOLSA;1;BOLSA;BOLSA x 1 UND;1;1;1
ING00702;CHUPETIN GLOBO POP CON TOFFE 23 UNID;UND;ABARROTES;PRD00745;;CHUPETIN GLOBO POP CON TOFFE 23 UNID.;BOLSA;1;BOLSA;BOLSA x 1 UND;1;1;1
ING00703;CHUPETIN GLOBO POP SURTIDO X 24 UND;UND;ABARROTES;PRD03815;;CAJA CHICA - CHUPETIN GLOBO POP SURTIDO X 24 UND;BOLSA;1;BOLSA;BOLSA x 1 UND;1;1;1
ING00704;CHUPETIN TIPITIN X 50 UND;UND;ABARROTES;PRD03816;;CAJA CHICA - CHUPETIN TIPITIN X 50 UND;BOLSA;1;BOLSA;BOLSA x 1 UND;1;1;1
ING00705;CHURRO MINI SIN RELLENO C/ HUECO 6 CM CONGELADO;UND;CONGELADOS;PRD01953;;CHURRO MINI SIN RELLENO C/ HUECO 6 CM CONGELADO;UNIDAD;1;UNIDAD;UNIDAD x 1 UND;1;1;1
ING00706;CHURRO MINI TRADICIONAL 6 CM CONGELADO;UND;;PRD01955;;CHURRO MINI TRADICIONAL 6 CM CONGELADO;UNIDAD;1;UNIDAD;UNIDAD x 1 UND;1;1;1
ING00707;CHURRO MINI TRADICIONAL 8 CM CONGELADO;UND;;PRD01956;;CHURRO MINI TRADICIONAL 8 CM CONGELADO;UNIDAD;1;UNIDAD;UNIDAD x 1 UND;1;1;1
ING00708;CHURRO RELLENO MANJAR BLANCO 12 CM CONGELADO;UND;CONGELADOS;PRD01951;;CHURRO RELLENO MANJAR BLANCO 12 CM CONGELADO;UNIDAD;1;UNIDAD;UNIDAD x 1 UND;1;1;1
ING00709;CHURRO RELLENO MANJAR CHOCOLATE 12 CM CONGELADO;UND;CONGELADOS;PRD01952;;CHURRO RELLENO MANJAR CHOCOLATE 12 CM CONGELADO;UNIDAD;1;UNIDAD;UNIDAD x 1 UND;1;1;1
ING00710;CHURRO TRADICIONAL 17 CM CONGELADO;UND;;PRD01954;;CHURRO TRADICIONAL 17 CM CONGELADO;UNIDAD;1;UNIDAD;UNIDAD x 1 UND;1;1;1
ING00711;CHUÑO;KG;ABARROTES;PRD00229;;CHUÑO POLVO TOÑA 1 KG;BOLSA;1;BOLSA;BOLSA x 1 KG;1;1;1
ING00711;CHUÑO;KG;ABARROTES;PRD00232;;CHUÑO (INGLES) POLVO SAN JUAN MASIAS 5 KG;BOLSA;5;BOLSA;BOLSA x 5 KG;1;1;1
ING00711;CHUÑO;KG;ABARROTES;PRD00250;;CHUÑO POLVO 4 ESTACIONES 1 KG;BOLSA;1;BOLSA;BOLSA x 1 KG;1;1;1
ING00712;CHUÑO ENTERO;KG;ABARROTES;PRD00233;;CHUÑO ENTERO SAN JUAN MASIAS (EX BELEN) 5 KG;BOLSA;5;BOLSA;BOLSA x 5 KG;1;1;1
ING00712;CHUÑO ENTERO;KG;ABARROTES;PRD00248;;CHUÑO ENTERO BLANCO TOÑA 1 KG;BOLSA;1;BOLSA;BOLSA x 1 KG;1;1;1
ING00712;CHUÑO ENTERO;KG;ABARROTES;PRD00251;;CHUÑO ENTERO BLANCO 4 ESTACIONES 1 KG;BOLSA;1;BOLSA;BOLSA x 1 KG;1;1;1
ING00713;CHUÑO NEGRO MOLIDO;KG;ABARROTES;PRD00022;;CHUÑO NEGRO SAN JUAN MASIAS (EX BELEN)5 KG;BOLSA;5;BOLSA;BOLSA x 5 KG;1;1;1
ING00713;CHUÑO NEGRO MOLIDO;KG;ABARROTES;PRD00230;;CHUÑO NEGRO MOLIDO SAN JUAN MASIAS (EX BELEN) 5 KG;BOLSA;5;BOLSA;BOLSA x 5 KG;1;1;1
ING00714;CHUÑO NEGRO REFRIGERADO;KG;ABARROTES;PRD00258;;CHUÑO ENTERO NEGRO 4 ESTACIONES 1 KG;BOLSA;1;BOLSA;BOLSA x 1 KG;1;1;1
ING00715;CHUÑO TOÑA X KG;KG;ABARROTES;PRD03046;;CAJA CHICA - CHUÑO TOÑA X KG;KILOGRAMO;1;KILOGRAMO;KILOGRAMO x 1 KG;1;1;1
ING00716;CIFRUT FRUIT 500 ML;UND;ABARROTES;PRD03978;;CAJA CHICA - CIFRUT FRUIT 500 ML;BOTELLA;1;BOTELLA;BOTELLA x 1 UND;1;1;1
ING00717;CIFRUT FRUIT X 3 LT;UND;ABARROTES;PRD03739;;CAJA CHICA - CIFRUT FRUIT X 3 LT;BOTELLA;1;BOTELLA;BOTELLA x 1 UND;1;1;1
ING00718;CIGARRILLO LUCKY STRIKE CONVERTIBLE GRANDE;UND;KIOSKO;PRD02681;;CIGARRILLO LUCKY STRIKE CONVERTIBLE GRANDE;CAJETILLA;1;CAJETILLA;CAJETILLA x 1 UND;1;1;1
ING00719;CIGARRILLO LUCKY STRIKE NEGRO CHICO;UND;KIOSKO;PRD02687;;CIGARRILLO LUCKY STRIKE ORIGINAL NEGRO CHICO;CAJETILLA;1;CAJETILLA;CAJETILLA x 1 UND;1;1;1
ING00720;CIGARRILLO LUCKY STRIKE NEGRO GRANDE;UND;KIOSKO;PRD02688;;CIGARRILLO LUCKY STRIKE ORIGINAL NEGRO GRANDE;CAJETILLA;1;CAJETILLA;CAJETILLA x 1 UND;1;1;1
ING00721;CIGARRILLO LUCKY STRIKE ORIGINAL BLUE CHICO;UND;KIOSKO;PRD01289;;CIGARRILLO LUCKY STRIKE ORIGINAL BLUE CHICO;CAJETILLA;1;CAJETILLA;CAJETILLA x 1 UND;1;1;1
ING00722;CIGARRILLO LUCKY STRIKE ORIGINAL BLUE GRANDE;UND;KIOSKO;PRD01288;;CIGARRILLO LUCKY STRIKE ORIGINAL BLUE GRANDE;CAJETILLA;1;CAJETILLA;CAJETILLA x 1 UND;1;1;1
ING00723;CIGARRO HAMILTON LIGTH X 20 UND;UND;ABARROTES;PRD03876;;CAJA CHICA - CIGARRO HAMILTON LIGTH X 20 UND;CAJA;1;CAJA;CAJA x 1 UND;1;1;1
ING00724;CIGARROS HAMILTON LIGHT CAJETILLA X 10;UND;KIOSKO;PRD02043;;CIGARRILLO HAMILTON CHICO;CAJETILLA;1;CAJETILLA;CAJETILLA x 1 UND;1;1;1
ING00725;CIGARROS HAMILTON LIGHT CAJETILLA X 20;UND;KIOSKO;PRD01479;;CIGARRILLO HAMILTON GRANDE;CAJETILLA;1;CAJETILLA;CAJETILLA x 1 UND;1;1;1
ING00726;CIGARROS LUCKY STRIKE AZUL X 10 UND;UND;ABARROTES;PRD03701;;CAJA CHICA - CIGARROS LUCKY STRIKE AZUL X 10 UND;UNIDAD;1;UNIDAD;UNIDAD x 1 UND;1;1;1
ING00727;CIGARROS LUCKY STRIKE AZUL X 20 UND;UND;ABARROTES;PRD03702;;CAJA CHICA - CIGARROS LUCKY STRIKE AZUL X 20 UND;UNIDAD;1;UNIDAD;UNIDAD x 1 UND;1;1;1
ING00728;CIGARROS LUCKY STRIKE MENTA X 10 UND;UND;ABARROTES;PRD03699;;CAJA CHICA - CIGARROS LUCKY STRIKE MENTA X 10 UND;UNIDAD;1;UNIDAD;UNIDAD x 1 UND;1;1;1
ING00729;CIGARROS LUCKY STRIKE MENTA X 20 UND;UND;ABARROTES;PRD03700;;CAJA CHICA - CIGARROS LUCKY STRIKE MENTA X 20 UND;UNIDAD;1;UNIDAD;UNIDAD x 1 UND;1;1;1
ING00730;CIGARROS LUCKY STRIKE ROJO 10 UND;UND;ABARROTES;PRD03498;;CAJA CHICA - CIGARROS LUCKY STRIKE ROJO 10 UND;CAJA;1;CAJA;CAJA x 1 UND;1;1;1
ING00731;CIGARROS LUCKY STRIKE ROJO X 10;UND;KIOSKO;PRD02041;;CIGARRILLO LUCKY STRIKE ORIGINAL RED CHICO;CAJETILLA;1;CAJETILLA;CAJETILLA x 1 UND;1;1;1
ING00732;CIGARROS LUCKY STRIKE ROJO X 20;UND;KIOSKO;PRD02040;;CIGARRILLO LUCKY STRIKE ORIGINAL RED GRANDE;CAJETILLA;1;CAJETILLA;CAJETILLA x 1 UND;1;1;1
ING00733;CIGARROS MARLBORO LIGHT CAJETILLA X 10;UND;KIOSKO;PRD01481;;CIGARRILLO MARLBORO GOLD BLANCO CHICO X10;CAJETILLA;1;CAJETILLA;CAJETILLA x 1 UND;1;1;1
ING00734;CIGARROS MARLBORO LIGHT CAJETILLA X 20;UND;KIOSKO;PRD01480;;CIGARRILLO MARLBORO GOLD BLANCO GRANDE X20;CAJETILLA;1;CAJETILLA;CAJETILLA x 1 UND;1;1;1
ING00735;CIGARROS MARLBORO ROJO CAJETILLA X 10;UND;KIOSKO;PRD01483;;CIGARRILLO MARLBORO ROJO CHICO;CAJETILLA;1;CAJETILLA;CAJETILLA x 1 UND;1;1;1
ING00736;CIGARROS MARLBORO ROJO CAJETILLA X 20;UND;KIOSKO;PRD01482;;CIGARRILLO MARLBORO ROJO GRANDE;CAJETILLA;1;CAJETILLA;CAJETILLA x 1 UND;1;1;1
ING00737;CIGARROS WINSTON BLUE 10 UND;UND;ABARROTES;PRD03499;;CAJA CHICA - CIGARROS WINSTON BLUE 10 UND;CAJA;1;CAJA;CAJA x 1 UND;1;1;1
ING00738;CIGARROS WINSTON BLUE CAJETILLA X 20;UND;KIOSKO;PRD01484;;CIGARRILLO WINSTON BLUE GRANDE;CAJETILLA;1;CAJETILLA;CAJETILLA x 1 UND;1;1;1
ING00739;CIGARROS WINSTON LIGHT CAJETILLA X 10;UND;KIOSKO;PRD02042;;CIGARRILLO WINSTON CLASSIC CHICO;CAJETILLA;1;CAJETILLA;CAJETILLA x 1 UND;1;1;1
ING00740;CIGARROS WINSTON LIGHT CAJETILLA X 20;UND;KIOSKO;PRD01485;;CIGARRILLO WINSTON CLASSIC GRANDE;CAJETILLA;1;CAJETILLA;CAJETILLA x 1 UND;1;1;1
ING00741;CIGARROS WINSTON ROJO 10 UND;UND;ABARROTES;PRD03500;;CAJA CHICA - CIGARROS WINSTON ROJO 10 UND;CAJA;1;CAJA;CAJA x 1 UND;1;1;1
ING00742;CINTA PARA MARCAR ROPA;UND;LIMPIEZA;PRD03435;;CAJA CHICA - CINTA PARA MARCAR ROPA;UNIDAD;1;UNIDAD;UNIDAD x 1 UND;1;1;1
ING00743;CINTA PARA MARCAR ROPA 30 UND;UND;LIMPIEZA;PRD01419;;CINTA PARA MARCAR ROPA 30 UND;PAQUETE;30;PAQUETE;PAQUETE x 30 UND;1;1;1
ING00744;CINTAS PARA MARCAR ROPA ROLLO;UND;LIMPIEZA;PRD01686;;CINTA PARA MARCAR ROPA;ROLLO;1;ROLLO;ROLLO x 1 UND;1;1;1
ING00745;CINTAS TRANSPARENTES;UND;ABARROTES;PRD02836;;CAJA CHICA - CINTAS TRANSPARENTES;UNIDAD;1;UNIDAD;UNIDAD x 1 UND;1;1;1
ING00746;CIRUELA;KG;FFVV;PRD00574;;CIRUELA CHILENA;KILOGRAMO;1;KILOGRAMO;KILOGRAMO x 1 KG;1;1;1
ING00747;CIRUELA SECA;KG;REFRIGERADOS;PRD02211;;CIRUELA SECA 4 ESTACIONES 1 KG;BOLSA;1;BOLSA;BOLSA x 1 KG;1;1;1
ING00748;CIRUELA SECA 250 GR;UND;ABARROTES;PRD02875;;CAJA CHICA - CIRUELA SECA 250 GR;BOLSA;1;BOLSA;BOLSA x 1 UND;1;1;1
ING00749;CLAVO DE OLOR ENTERO;KG;ABARROTES;PRD00870;;CLAVO DE OLOR ENTERO 4 ESTACIONES 1 KG;BOLSA;1;BOLSA;BOLSA x 1 KG;1;1;1
ING00750;CLAVO DE OLOR TOÑA X KG;KG;ABARROTES;PRD03047;;CAJA CHICA - CLAVO DE OLOR TOÑA X KG;KILOGRAMO;1;KILOGRAMO;KILOGRAMO x 1 KG;1;1;1
ING00751;CLAX HYPO 4 AL 1 LT;L;LIMPIEZA;PRD01545;;JOHNSON DIVERSEY CLAX HYPO 4 AL 1 20 LT;BIDON;20;BIDON;BIDON x 20 L;1;1;1
ING00752;CLAX SUAVE 20 LT;UND;ABARROTES;PRD03360;;CAJA CHICA - CLAX SUAVE 20 LT;BALDE;1;BALDE;BALDE x 1 UND;1;1;1
ING00753;CLEAN BY 4D SPARTAN - DESINFECTANTE CLINICA;L;ABARROTES;PRD02444;;CLEAN BY 4D SPARTAN 3.875 LITROS;GALON;3.875;GALON;GALON x 3.875 L;1;1;1
ING00753;CLEAN BY 4D SPARTAN - DESINFECTANTE CLINICA;L;ABARROTES;PRD02457;;CLEAN BY 4D SPARTAN 5 LITROS;UNIDAD;5;UNIDAD;UNIDAD x 5 L;1;1;1
ING00753;CLEAN BY 4D SPARTAN - DESINFECTANTE CLINICA;L;ABARROTES;PRD02470;;CLEAN BY 4D SPARTAN 19 LITROS;BIDON;19;BIDON;BIDON x 19 L;1;1;1
ING00754;CLEAN BY PEROXY SPARTAN - LIMPIADOR DESINFECTANTE;L;LIMPIEZA;PRD02435;;CLEAN BY PEROXY SPARTAN 1 LITRO;LITRO;1;LITRO;LITRO x 1 L;1;1;1
ING00754;CLEAN BY PEROXY SPARTAN - LIMPIADOR DESINFECTANTE;L;LIMPIEZA;PRD02447;;CLEAN BY PEROXY SPARTAN 3.875 LITROS;GALON;3.875;GALON;GALON x 3.875 L;1;1;1
ING00754;CLEAN BY PEROXY SPARTAN - LIMPIADOR DESINFECTANTE;L;LIMPIEZA;PRD02460;;CLEAN BY PEROXY SPARTAN 5 LITROS;UNIDAD;5;UNIDAD;UNIDAD x 5 L;1;1;1
ING00754;CLEAN BY PEROXY SPARTAN - LIMPIADOR DESINFECTANTE;L;LIMPIEZA;PRD02473;;CLEAN BY PEROXY SPARTAN 19 LITROS;BIDON;19;BIDON;BIDON x 19 L;1;1;1
ING00755;CLEANER MERRYCHEF 750 ML;UND;LIMPIEZA;PRD01286;;CLEANER MERRYCHEF 750ML;UNIDAD;1;UNIDAD;UNIDAD x 1 UND;1;1;1
ING00756;CLORIN FP SPARTAN - DESINFECTANTE CLORADO Y BLANQU;L;LIMPIEZA;PRD01444;;CLORIN 7.5 - ( 5 LITROS) SPARTAN;UNIDAD;5;UNIDAD;UNIDAD x 5 L;1;1;1
ING00756;CLORIN FP SPARTAN - DESINFECTANTE CLORADO Y BLANQU;L;LIMPIEZA;PRD02500;;CLORIN FP SPARTAN 5 LITROS;UNIDAD;5;UNIDAD;UNIDAD x 5 L;1;1;1
ING00756;CLORIN FP SPARTAN - DESINFECTANTE CLORADO Y BLANQU;L;LIMPIEZA;PRD02512;;CLORIN FP SPARTAN 19 LITROS;BIDON;19;BIDON;BIDON x 19 L;1;1;1
ING00757;COBERTURA BITTER BLANCO;KG;ABARROTES;PRD00192;;COBERTURA BLANCA 500 GR;CAJA;0.5;CAJA;CAJA x 0.5 KG;1;1;1
ING00758;COBERTURA BITTER NEGRO;KG;ABARROTES;PRD00952;;COBERTURA BITTER PURATOS 10 KG;CAJA;10;CAJA;CAJA x 10 KG;1;1;1
ING00758;COBERTURA BITTER NEGRO;KG;ABARROTES;PRD00964;;COBERTURA GOTAS BITTER NEGUSA 1 KG;BOLSA;1;BOLSA;BOLSA x 1 KG;1;1;1
ING00758;COBERTURA BITTER NEGRO;KG;ABARROTES;PRD00971;;COBERTURA BITTER OBLEAS NEGUSA 1 KG;BOLSA;1;BOLSA;BOLSA x 1 KG;1;1;1
ING00759;COBERTURA BITTER NEGRO (UND);UND;ABARROTES;PRD03359;;CAJA CHICA - COBERTURA BITTER NEGRO;CAJA;1;CAJA;CAJA x 1 UND;1;1;1
ING00760;COBERTURA DE LECHE;KG;ABARROTES;PRD03136;;CAJA CHICA - COBERTURA DE LECHE;KILOGRAMO;1;KILOGRAMO;KILOGRAMO x 1 KG;1;1;1
ING00761;COCA COLA 0.5 LT;UND;BEBIDAS;PRD01252;;GASEOSA COCA COLA 500 ML;BOTELLA;1;BOTELLA;BOTELLA x 1 UND;1;1;1
ING00761;COCA COLA 0.5 LT;UND;BEBIDAS;PRD01537;;GASEOSA PERSONAL COCA COLA 500 ML;BOTELLA;1;BOTELLA;BOTELLA x 1 UND;1;1;1
ING00761;COCA COLA 0.5 LT;UND;BEBIDAS;PRD01541;;GASEOSA PERSONAL COCA COLA 600 ML;BOTELLA;1;BOTELLA;BOTELLA x 1 UND;1;1;1
ING00762;COCA COLA 2.5 LT;L;BEBIDAS;PRD01535;;GASEOSA COCA COLA 2.5 LT;BOTELLA;2.5;BOTELLA;BOTELLA x 2.5 L;1;1;1
ING00763;COCA COLA LT;L;BEBIDAS;PRD01262;;GASEOSA COCA COLA 3 LT;BOTELLA;3;BOTELLA;BOTELLA x 3 L;1;1;1
ING00763;COCA COLA LT;L;BEBIDAS;PRD01279;;GASEOSA COCA COLA 2.25 LT;BOTELLA;2.25;BOTELLA;BOTELLA x 2.25 L;1;1;1
ING00764;COCA COLA SIN AZUCAR 300 ML (SAMPLING);UND;;PRD01559;;GASEOSA COCA COLA SIN AZUCAR 300 ML (SAMPLING);BOTELLA;1;BOTELLA;BOTELLA x 1 UND;1;1;1
ING00765;COCA COLA X 3 LT;UND;ABARROTES;PRD03918;;CAJA CHICA - COCA COLA X 3 LT;UNIDAD;1;UNIDAD;UNIDAD x 1 UND;1;1;1
ING00766;COCA COLA ZERO 0.5 LT;UND;BEBIDAS;PRD01277;;GASEOSA COCA COLA SIN AZUCAR 500 ML;BOTELLA;1;BOTELLA;BOTELLA x 1 UND;1;1;1
ING00767;COCA COLA ZERO 500 ML;UND;ABARROTES;PRD03358;;CAJA CHICA - COCA COLA ZERO 500 ML;UNIDAD;1;UNIDAD;UNIDAD x 1 UND;1;1;1
ING00768;COCA COLA ZERO X 500ML;UND;ABARROTES;PRD02736;;CAJA CHICA - COCA COLA ZERO X 500ML;BOTELLA;1;BOTELLA;BOTELLA x 1 UND;1;1;1
ING00769;COCKTAIL DE FRUTA LATA;KG;ABARROTES;PRD00006;;COCKTAIL DE FRUTAS COMPASS 820 GR;LATA;0.82;LATA;LATA x 0.82 KG;1;1;1
ING00769;COCKTAIL DE FRUTA LATA;KG;ABARROTES;PRD00008;;COCKTAIL DE FRUTAS FANNY 820 GR;LATA;0.82;LATA;LATA x 0.82 KG;1;1;1
ING00769;COCKTAIL DE FRUTA LATA;KG;ABARROTES;PRD00801;;COCKTAIL DE FRUTAS ACONCAGUA 820/822 GR;LATA;0.822;LATA;LATA x 0.822 KG;1;1;1
ING00769;COCKTAIL DE FRUTA LATA;KG;ABARROTES;PRD00819;;COCKTAIL DE FRUTAS COMPASS 822 GR;LATA;0.822;LATA;LATA x 0.822 KG;1;1;1
ING00770;COCKTAIL DE NUECES;UND;ABARROTES;PRD00844;;COCKTAIL DE NUECES VALLEALTO X 90 GR;BOLSA;1;BOLSA;BOLSA x 1 UND;1;1;1
ING00770;COCKTAIL DE NUECES;UND;ABARROTES;PRD00848;;COCKTAIL CON NUECES VILLA NATURA 80 GR (E);BOLSA;1;BOLSA;BOLSA x 1 UND;1;1;1
ING00770;COCKTAIL DE NUECES;UND;ABARROTES;PRD03143;;CAJA CHICA - COCKTAIL DE NUECES VALLEALTO 180 GR;UNIDAD;1;UNIDAD;UNIDAD x 1 UND;1;1;1
ING00771;COCKTAIL FRUTAS 822 GR;UND;ABARROTES;PRD03357;;CAJA CHICA - COCKTAIL FRUTAS 822 GR;LATA;1;LATA;LATA x 1 UND;1;1;1
ING00772;COCKTAIL NUECES VALLE ALTO X 100 GR;UND;ABARROTES;PRD03277;;CAJA CHICA - COCKTAIL NUECES VALLE ALTO X 100 GR;UNIDAD;1;UNIDAD;UNIDAD x 1 UND;1;1;1
ING00773;COCO RALLADO;KG;ABARROTES;PRD00872;;COCO RALLADO 4 ESTACIONES 1 KG;BOLSA;1;BOLSA;BOLSA x 1 KG;1;1;1
ING00773;COCO RALLADO;KG;ABARROTES;PRD00889;;COCO RALLADO COCOS Y NUTS 1 KG;BOLSA;1;BOLSA;BOLSA x 1 KG;1;1;1
ING00774;COCO RALLADO LARGO;KG;ABARROTES;PRD00871;;COCO RALLADO LARGO 4 ESTACIONES 250 GR;BOLSA;0.25;BOLSA;BOLSA x 0.25 KG;1;1;1
ING00775;COCO RALLADO X 500 GR;UND;ABARROTES;PRD03994;;CAJA CHICA - COCO RALLADO X 500 GR;GRAMO;1;GRAMO;GRAMO x 1 UND;1;1;1
ING00776;COCOA A GRANEL;KG;ABARROTES;PRD00227;;COCOA LA ABUELITA 160 GR;BOLSA;0.16;BOLSA;BOLSA x 0.16 KG;1;1;1
ING00776;COCOA A GRANEL;KG;ABARROTES;PRD00480;;COCOA LA ABUELITA 150 GR;BOLSA;0.15;BOLSA;BOLSA x 0.15 KG;1;1;1
ING00776;COCOA A GRANEL;KG;ABARROTES;PRD00482;;COCOA LA ABUELITA WINTERS 150 GR;BOLSA;0.15;BOLSA;BOLSA x 0.15 KG;1;1;1
ING00776;COCOA A GRANEL;KG;ABARROTES;PRD03446;;CAJA CHICA - COCOA GRANEL;KILOGRAMO;1;KILOGRAMO;KILOGRAMO x 1 KG;1;1;1
ING00777;COCOA A GRANEL (UND);UND;ABARROTES;PRD03048;;CAJA CHICA - COCOA LA ABUELITA X 160 GR;UNIDAD;1;UNIDAD;UNIDAD x 1 UND;1;1;1
ING00777;COCOA A GRANEL (UND);UND;ABARROTES;PRD03817;;CAJA CHICA - COCOA WINTER X 160 GR;BOLSA;1;BOLSA;BOLSA x 1 UND;1;1;1
ING00777;COCOA A GRANEL (UND);UND;ABARROTES;PRD03818;;CAJA CHICA - COCOA WINTER X 45 GR;BOLSA;1;BOLSA;BOLSA x 1 UND;1;1;1
ING00778;COCONA;KG;FFVV;PRD00572;;COCONA;KILOGRAMO;1;KILOGRAMO;KILOGRAMO x 1 KG;1;1;1
ING00778;COCONA;KG;FFVV;PRD01669;;CAJA CHICA - COCONA;KILOGRAMO;1;KILOGRAMO;KILOGRAMO x 1 KG;1;1;1
ING00779;COL CHINA;KG;FFVV;PRD00443;;COL CHINA;KILOGRAMO;1;KILOGRAMO;KILOGRAMO x 1 KG;1;1;1
ING00779;COL CHINA;KG;FFVV;PRD03638;;CAJA CHICA - COL CHINA;KILOGRAMO;1;KILOGRAMO;KILOGRAMO x 1 KG;1;1;1
ING00780;COL CORAZON;KG;ABARROTES;PRD03642;;CAJA CHICA - COL CORAZON;KILOGRAMO;1;KILOGRAMO;KILOGRAMO x 1 KG;1;1;1
ING00781;COL CRIOLLA;KG;FFVV;PRD00424;;COL;KILOGRAMO;1;KILOGRAMO;KILOGRAMO x 1 KG;1;1;1
ING00782;COLA DE CABALLO;KG;REFRIGERADOS;PRD00462;;COLA DE CABALLO;KILOGRAMO;1;KILOGRAMO;KILOGRAMO x 1 KG;1;1;1
ING00782;COLA DE CABALLO;KG;REFRIGERADOS;PRD01980;;CAJA CHICA - COLA DE CABALLO;KILOGRAMO;1;KILOGRAMO;KILOGRAMO x 1 KG;1;1;1
ING00783;COLANTAO;KG;FFVV;PRD00441;;COLANTAO;KILOGRAMO;1;KILOGRAMO;KILOGRAMO x 1 KG;1;1;1
ING00784;COLAPIZ EN LAMINA 5 GR;UND;ABARROTES;PRD02843;;CAJA CHICA - COLAPIZ EN LAMINA 5 GR;SOBRE;1;SOBRE;SOBRE x 1 UND;1;1;1
ING00785;COLAPIZ EN LAMINA GELITA 1 KG;KG;ABARROTES;PRD02850;;CAJA CHICA - COLAPIZ EN LAMINA GELITA 1 KG;KILOGRAMO;1;KILOGRAMO;KILOGRAMO x 1 KG;1;1;1
ING00786;COLAPIZ EN POLVO;KG;ABARROTES;PRD01004;;COLAPIZ EN POLVO TOÑA 1 KG;BOLSA;1;BOLSA;BOLSA x 1 KG;1;1;1
ING00786;COLAPIZ EN POLVO;KG;ABARROTES;PRD01029;;COLAPIZ EN POLVO 4 ESTACIONES 1 KG;BOLSA;1;BOLSA;BOLSA x 1 KG;1;1;1
ING00786;COLAPIZ EN POLVO;KG;ABARROTES;PRD01030;;COLAPIZ EN POLVO 4 ESTACIONES 250 GR;BOLSA;0.25;BOLSA;BOLSA x 0.25 KG;1;1;1
ING00786;COLAPIZ EN POLVO;KG;ABARROTES;PRD01031;;COLAPIZ EN POLVO 4 ESTACIONES 500 GR;BOLSA;0.5;BOLSA;BOLSA x 0.5 KG;1;1;1
ING00787;COLAPIZ X 20 GR;UND;ABARROTES;PRD03651;;CAJA CHICA - COLAPIZ X 20 GR;SOBRE;1;SOBRE;SOBRE x 1 UND;1;1;1
ING00788;COLIFLOR 20-60 CONGELADO;KG;CONGELADOS;PRD01860;;COLIFLOR PRE COCIDO CONGELADO;KILOGRAMO;1;KILOGRAMO;KILOGRAMO x 1 KG;1;1;1
ING00789;COLIFLOR CONGELADO;KG;CONGELADOS;PRD03017;;CAJA CHICA - COLIFLOR CONGELADO;KILOGRAMO;1;KILOGRAMO;KILOGRAMO x 1 KG;1;1;1
ING00790;COLITA DE CUADRIL DE RES ANGUS;KG;ABARROTES;PRD03761;;CAJA CHICA - COLITA DE CUADRIL DE RES ANGUS;KILOGRAMO;1;KILOGRAMO;KILOGRAMO x 1 KG;1;1;1
ING00791;COLOR AMARILLO LIMON ELYASAN 30CC;UND;ABARROTES;PRD01625;;CAJA CHICA - COLOR AMARILLO LIMON ELYASAN 30CC;UNIDAD;1;UNIDAD;UNIDAD x 1 UND;1;1;1
ING00792;COLOR AZUL ELYASAN 30CC;UND;ABARROTES;PRD01627;;CAJA CHICA - COLOR AZUL ELYASAN 30CC;UNIDAD;1;UNIDAD;UNIDAD x 1 UND;1;1;1
ING00793;COLOR CARAMELO LEVAPAN 500 ML;UND;ABARROTES;PRD03013;;CAJA CHICA - COLOR CARAMELO LEVAPAN 500 ML;BOTELLA;1;BOTELLA;BOTELLA x 1 UND;1;1;1
ING00794;COLOR ROJO INTENSO ELYASAN 30CC;UND;ABARROTES;PRD01628;;CAJA CHICA - COLOR ROJO INTENSO ELYASAN 30CC;UNIDAD;1;UNIDAD;UNIDAD x 1 UND;1;1;1
ING00795;COLOR VERDE HOJA ELYASAN 30CC;UND;ABARROTES;PRD01626;;CAJA CHICA - COLOR VERDE HOJA ELYASAN 30CC;UNIDAD;1;UNIDAD;UNIDAD x 1 UND;1;1;1
ING00796;COLORANTE A LA GRASA FRATELLO X 5 GR;UND;ABARROTES;PRD04070;;CAJA CHICA - COLORANTE A LA GRASA FRATELLO X 5 GR;FRASCO;1;FRASCO;FRASCO x 1 UND;1;1;1
ING00797;COLORANTE ALIMENTO GEL AZUL;UND;ABARROTES;PRD01855;;CAJA CHICA - COLORANTE ALIMENTO GEL AZUL;UNIDAD;1;UNIDAD;UNIDAD x 1 UND;1;1;1
ING00798;COLORANTE ALIMENTO GEL LILA;UND;ABARROTES;PRD01932;;CAJA CHICA - COLORANTE ALIMENTO GEL LILA;UNIDAD;1;UNIDAD;UNIDAD x 1 UND;1;1;1
ING00799;COLORANTE AMARILLO LEVAPAN;L;ABARROTES;PRD00212;;COLORANTE AMARILLO (HUEVO) LEVAPAN 250 ML;FRASCO;0.25;FRASCO;FRASCO x 0.25 L;1;1;1
ING00800;COLORANTE AMARILLO LIMON LEVAPAN;L;ABARROTES;PRD00941;;COLORANTE AMARILLO LIMON LEVAPAN 250 ML;FRASCO;0.25;FRASCO;FRASCO x 0.25 L;1;1;1
ING00801;COLORANTE ELYASAN 30 ML;UND;DESCARTABLES;PRD01644;;CAJA CHICA - COLORANTE ELYASAN 30 ML;MILLAR;1;MILLAR;MILLAR x 1 UND;1;1;1
ING00802;COLORANTE FRATELLO CAJA 4 FCO;UND;ABARROTES;PRD00226;;COLORANTE FRATELLO CAJA 4 FCO;UNIDAD;1;UNIDAD;UNIDAD x 1 UND;1;1;1
ING00803;COLORANTE FRATELLO LIQUIDO AMARILLO HUEVO;L;ABARROTES;PRD00968;;COLORANTE FRATELLO LIQUIDO AMARILLO HUEVO 250 ML;FRASCO;0.25;FRASCO;FRASCO x 0.25 L;1;1;1
ING00804;COLORANTE FRATELLO LIQUIDO AMARILLO HUEVO 250 ML (EMER);L;;PRD00997;;COLORANTE FRATELLO LIQUIDO AMARILLO HUEVO 250 ML (EMER);FRASCO;0.25;FRASCO;FRASCO x 0.25 L;1;1;1
ING00805;COLORANTE FRATELLO LIQUIDO AMARILLO LIMON;L;ABARROTES;PRD01038;;COLORANTE FRATELLO LIQUIDO AMARILLO LIMON 250 ML;FRASCO;0.25;FRASCO;FRASCO x 0.25 L;1;1;1
ING00806;COLORANTE FRATELLO LIQUIDO ROJA BANDERA;L;ABARROTES;PRD01039;;COLORANTE FRATELLO LIQUIDO ROJA BANDERA 250 ML;FRASCO;0.25;FRASCO;FRASCO x 0.25 L;1;1;1
ING00807;COLORANTE FRATELLO LIQUIDO ROJA BANDERA 250 ML (EMER);L;;PRD00998;;COLORANTE FRATELLO LIQUIDO ROJA BANDERA 250 ML (EMER);FRASCO;0.25;FRASCO;FRASCO x 0.25 L;1;1;1
ING00808;COLORANTE FRATELLO LIQUIDO VERDE HOJA;L;ABARROTES;PRD01037;;COLORANTE FRATELLO LIQUIDO VERDE HOJA 250 ML;FRASCO;0.25;FRASCO;FRASCO x 0.25 L;1;1;1
ING00809;COLORANTE LIQUIDO FRATELLO X 30 ML;UND;ABARROTES;PRD04071;;CAJA CHICA - COLORANTE LIQUIDO FRATELLO X 30 ML;FRASCO;1;FRASCO;FRASCO x 1 UND;1;1;1
ING00810;COLORANTE PASTELERO;UND;ABARROTES;PRD01678;;CAJA CHICA - COLORANTE PASTELERO;UNIDAD;1;UNIDAD;UNIDAD x 1 UND;1;1;1
ING00811;COLORANTE PASTICOL;UND;ABARROTES;PRD03925;;CAJA CHICA - COLORANTE PASTICOL;FRASCO;1;FRASCO;FRASCO x 1 UND;1;1;1
ING00812;COMINO MOLIDO;KG;ABARROTES;PRD00873;;COMINO MOLIDO 4 ESTACIONES 1 KG;BOLSA;1;BOLSA;BOLSA x 1 KG;1;1;1
ING00812;COMINO MOLIDO;KG;ABARROTES;PRD03049;;CAJA CHICA - COMINO MOLIDO TOÑA;KILOGRAMO;1;KILOGRAMO;KILOGRAMO x 1 KG;1;1;1
ING00813;CONCENTRADO DE CARAMBOLA;L;BEBIDAS;PRD01353;;PRE ELABORADO NATURALE CONCENTRADO CARAMBOLA 2 LT;BOLSA;2;BOLSA;BOLSA x 2 L;1;1;1
ING00813;CONCENTRADO DE CARAMBOLA;L;BEBIDAS;PRD01521;;PRE ELABORADO CENTRAL DE ALIMENTO CARAMBOLA 2 LT;BOLSA;2;BOLSA;BOLSA x 2 L;1;1;1
ING00814;CONCENTRADO DE EMOLIENTE 2 LT;L;BEBIDAS;PRD01519;;PRE ELABORADO NATURALE CONCENTRADO EMOLIENTE 2 LT;BOLSA;2;BOLSA;BOLSA x 2 L;1;1;1
ING00815;CONCENTRADO DE MAIZ MORADO;L;BEBIDAS;PRD01348;;PRE ELABORADO NATURALE CONCENTRADO CHICHA MORADA 2 LT;BOLSA;2;BOLSA;BOLSA x 2 L;1;1;1
ING00815;CONCENTRADO DE MAIZ MORADO;L;BEBIDAS;PRD01522;;PRE ELABORADO CENTRAL DE ALIMENTO CHICHA MORADA 2 LT;BOLSA;2;BOLSA;BOLSA x 2 L;1;1;1
ING00815;CONCENTRADO DE MAIZ MORADO;L;BEBIDAS;PRD03529;;CAJA CHICA - CONCENTRADO DE MAIZ MORADO;LITRO;1;LITRO;LITRO x 1 L;1;1;1
ING00816;CONCENTRADO DE MANZANA;L;BEBIDAS;PRD01358;;PRE ELABORADO NATURALE CONCENTRADO MANZANA 2 LT;BOLSA;2;BOLSA;BOLSA x 2 L;1;1;1
ING00816;CONCENTRADO DE MANZANA;L;BEBIDAS;PRD01517;;PRE ELABORADO CENTRAL DE ALIMENTOS MANZANA 1 LT;BOLSA;1;BOLSA;BOLSA x 1 L;1;1;1
ING00816;CONCENTRADO DE MANZANA;L;BEBIDAS;PRD03512;;CAJA CHICA - CONCENTRADO DE MANZANA;LITRO;1;LITRO;LITRO x 1 L;1;1;1
ING00817;CONCENTRADO DE MARACUYA;L;BEBIDAS;PRD01350;;PRE ELABORADO NATURALE CONCENTRADO MARACUYA 2 LT;BOLSA;2;BOLSA;BOLSA x 2 L;1;1;1
ING00817;CONCENTRADO DE MARACUYA;L;BEBIDAS;PRD01518;;PRE ELABORADO CENTRAL DE ALIMENTOS MARACUYA 1 LT;BOLSA;1;BOLSA;BOLSA x 1 L;1;1;1
ING00817;CONCENTRADO DE MARACUYA;L;BEBIDAS;PRD01523;;PRE ELABORADO CENTRAL DE ALIMENTO MARACUYA 2 LT;BOLSA;2;BOLSA;BOLSA x 2 L;1;1;1
ING00817;CONCENTRADO DE MARACUYA;L;BEBIDAS;PRD03503;;CAJA CHICA - CONCENTRADO DE MARACUYA;LITRO;1;LITRO;LITRO x 1 L;1;1;1
ING00818;CONCENTRADO DE PIÑA GOLDEN;L;BEBIDAS;PRD01576;;PRE ELABORADO NATURALE CONCENTRADO PIÑA GOLDEN 2 LT;BOLSA;2;BOLSA;BOLSA x 2 L;1;1;1
ING00819;CONCORDIA FRESA 500 ML;UND;BEBIDAS;PRD01260;;GASEOSA CONCORDIA FRESA 500 ML;BOTELLA;1;BOTELLA;BOTELLA x 1 UND;1;1;1
ING00820;CONCORDIA NARANJA 500 ML;UND;BEBIDAS;PRD01271;;GASEOSA CONCORDIA NARANJA 500 ML;BOTELLA;1;BOTELLA;BOTELLA x 1 UND;1;1;1
ING00821;CONCORDIA PIÑA 500 ML;UND;BEBIDAS;PRD01261;;GASEOSA CONCORDIA PIÑA 500 ML;BOTELLA;1;BOTELLA;BOTELLA x 1 UND;1;1;1
ING00822;CONCRETE SURFACE FINISH SPARTAN - CERA PARA PISOS;L;ABARROTES;PRD02484;;CONCRETE SURFACE FINISH SPARTAN 3.875 LITROS;GALON;3.875;GALON;GALON x 3.875 L;1;1;1
ING00822;CONCRETE SURFACE FINISH SPARTAN - CERA PARA PISOS;L;ABARROTES;PRD02493;;CONCRETE SURFACE FINISH SPARTAN 5 LITROS;UNIDAD;5;UNIDAD;UNIDAD x 5 L;1;1;1
ING00822;CONCRETE SURFACE FINISH SPARTAN - CERA PARA PISOS;L;ABARROTES;PRD02501;;CONCRETE SURFACE FINISH SPARTAN 19 LITROS;BIDON;19;BIDON;BIDON x 19 L;1;1;1
ING00823;CONO BARQUILLO;UND;ABARROTES;PRD02011;;CAJA CHICA - CONO BARQUILLO;CAJA;1;CAJA;CAJA x 1 UND;1;1;1
ING00824;CONO BARQUILLO AMARILLO CORONITA;UND;ABARROTES;PRD00768;;CONO BARQUILLO AMARILLO CONO COPA 700 UNID;CAJA;325;CAJA;CAJA x 325 UND;1;1;1
ING00825;CONO BARQUILLO AMARILLO X 1250 UND;UND;CONGELADOS;PRD02739;;CAJA CHICA - CONO BARQUILLO AMARILLO X 1250 UND;CAJA;1;CAJA;CAJA x 1 UND;1;1;1
ING00826;CONO CANCHERO X 10 UND;UND;ABARROTES;PRD02007;;CAJA CHICA - CONO CANCHERO X 10 UND;UNIDAD;1;UNIDAD;UNIDAD x 1 UND;1;1;1
ING00827;CONSERVA FLORIDA CORAZON DE ALCACHOFA;UND;ABARROTES;PRD02745;;CAJA CHICA - CONSERVA FLORIDA CORAZON DE ALCACHOFA;LATA;1;LATA;LATA x 1 UND;1;1;1
ING00828;CONSERVA PALMITO ENTERO;UND;ABARROTES;PRD02746;;CAJA CHICA - CONSERVA PALMITO ENTERO;LATA;1;LATA;LATA x 1 UND;1;1;1
ING00829;CONSERVA VALLE FERTIL FONDO DE ALCACHOFA;UND;ABARROTES;PRD02747;;CAJA CHICA - CONSERVA VALLE FERTIL FONDO DE ALCACHOFA;LATA;1;LATA;LATA x 1 UND;1;1;1
ING00830;CONTENEDOR BIODEGRADABLE FIBRA #5;UND;DESCARTABLES;PRD02424;;CONTENEDOR BIODEGRADABLE FIBRA # 5 200 UND;PAQUETE;200;PAQUETE;PAQUETE x 200 UND;1;1;1
ING00831;CONTENEDOR DE BAGAZO #3 8X8;UND;DESCARTABLES;PRD02576;;CONTENEDOR DE BAGAZO #3 8 X 8 X 200 UND;PAQUETE;200;PAQUETE;PAQUETE x 200 UND;1;1;1
ING00832;CONTENEDOR DE BAGAZO #5 6X9;UND;DESCARTABLES;PRD02577;;CONTENEDOR DE BAGAZO #5 6 X 9 X 250 UND;PAQUETE;250;PAQUETE;PAQUETE x 250 UND;1;1;1
ING00833;CONTENEDOR DE BAGAZO J1 #5;UND;DESCARTABLES;PRD02418;;CONTENEDOR DE BAGAZO J1 #5 X 200 UND;PAQUETE;200;PAQUETE;PAQUETE x 200 UND;1;1;1
ING00834;CONTENEDOR DE BAGAZO J1 #5 X 250 UND;UND;DESCARTABLES;PRD02416;;CONTENEDOR DE BAGAZO J1 #5 X 250 UND;PAQUETE;250;PAQUETE;PAQUETE x 250 UND;1;1;1
ING00835;CONTENEDOR DE BAGAZO P1 #3 X 200 UND;UND;DESCARTABLES;PRD02417;;CONTENEDOR DE BAGAZO P1 #3 X 200 UND;PAQUETE;200;PAQUETE;PAQUETE x 200 UND;1;1;1
ING00836;CONTENEDOR DE FRIBRA #4 KS BAGAZO CANA;UND;ABARROTES;PRD02426;;CONTENEDOR DE FIBRA # 4 KS BAGAZO CANA X MILL;PAQUETE;1000;PAQUETE;PAQUETE x 1000 UND;1;1;1
ING00836;CONTENEDOR DE FRIBRA #4 KS BAGAZO CANA;UND;ABARROTES;PRD02428;;CONTENEDOR DE FRIBRA # 4 KS BAGAZO CANA X 200UND;PAQUETE;200;PAQUETE;PAQUETE x 200 UND;1;1;1
ING00837;CONTENEDOR PORTA SANDWICH SENCILLO;UND;DESCARTABLES;PRD02578;;CONTENEDOR PORTA SANDWICH SENCILLO X 200 UND;PAQUETE;200;PAQUETE;PAQUETE x 200 UND;1;1;1
ING00838;CONTENEDOR TERMICO CT1 X 50 UND;UND;ABARROTES;PRD03573;;CAJA CHICA - CONTENEDOR TERMICO CT1 X 50 UND;PAQUETE;1;PAQUETE;PAQUETE x 1 UND;1;1;1
ING00839;CONTENEDOR TERMICO CT3;UND;DESCARTABLES;PRD02398;;CONTENEDOR TERMICO D4051XX CT3 200 UND;PAQUETE;200;PAQUETE;PAQUETE x 200 UND;1;1;1
ING00840;CONTENEDOR TERMICO CT5;UND;DESCARTABLES;PRD02399;;CONTENEDOR TERMICO D4031XX CT5 200 UND;PAQUETE;200;PAQUETE;PAQUETE x 200 UND;1;1;1
ING00841;CONTENEDOR TERMICO D4051XX CT3 200 UND;UND;DESCARTABLES;PRD04080;;CAJA CHICA - CONTENEDOR TERMICO D4051XX CT3 200 UND;PAQUETE;1;PAQUETE;PAQUETE x 1 UND;1;1;1
ING00842;CONTENEDOR TRIANGULAR PARA TORTA 11CMX5CM;UND;DESCARTABLES;PRD02579;;CONTENEDOR TRIANGULAR PARA TORTA 11CMX5CM X 200 UND;PAQUETE;200;PAQUETE;PAQUETE x 200 UND;1;1;1
ING00843;COPA FLORENTINA ACRILICA X UND;UND;ABARROTES;PRD04087;;CAJA CHICA - COPA FLORENTINA ACRILICA X UND;UNIDAD;1;UNIDAD;UNIDAD x 1 UND;1;1;1
ING00844;COPON OVALADO D14X;KG;ABARROTES;PRD03683;;CAJA CHICA - COPON OVALADO D14X;KILOGRAMO;1;KILOGRAMO;KILOGRAMO x 1 KG;1;1;1
ING00845;CORAZON CONGELADO;KG;CONGELADOS;PRD01210;;CORAZON DE RES CONGELADO;KILOGRAMO;1;KILOGRAMO;KILOGRAMO x 1 KG;1;1;1
ING00845;CORAZON CONGELADO;KG;CONGELADOS;PRD01835;;CORAZON DE RES CONGELADO ZEDINA;KILOGRAMO;1;KILOGRAMO;KILOGRAMO x 1 KG;1;1;1
ING00846;CORAZON CORTE ANTICUCHO CONGELADO;KG;CONGELADOS;PRD01801;;CORAZON CORTE ANTICUCHO CONGELADO;KILOGRAMO;1;KILOGRAMO;KILOGRAMO x 1 KG;1;1;1
ING00847;CORAZON CORTE SALTADO CONGELADO;KG;CONGELADOS;PRD01802;;CORAZON CORTE SALTADO CONGELADO;KILOGRAMO;1;KILOGRAMO;KILOGRAMO x 1 KG;1;1;1
ING00848;CORAZON DE ALCACHOFA EN AGUA;UND;ABARROTES;PRD02918;;CAJA CHICA - CORAZON DE ALCACHOFA EN AGUA;FRASCO;1;FRASCO;FRASCO x 1 UND;1;1;1
ING00849;CORAZON DE ALCACHOFA VALLE FERTIL 410 GR;UND;ABARROTES;PRD03006;;CAJA CHICA - CORAZON DE ALCACHOFA VALLE FERTIL 410 GR;FRASCO;1;FRASCO;FRASCO x 1 UND;1;1;1
ING00850;CORDERO ENTERO CONGELADO;KG;CONGELADOS;PRD01226;;CORDERO ENTERO TROZADO CONGELADO;KILOGRAMO;1;KILOGRAMO;KILOGRAMO x 1 KG;1;1;1
ING00851;CORDERO ENTERO TROZADO;KG;CONGELADOS;PRD01689;;CORDERO ENTERO TROZADO 200-250 GRMS CONGELADO;KILOGRAMO;1;KILOGRAMO;KILOGRAMO x 1 KG;1;1;1
ING00852;CORDERO PIERNA CONGELADO;KG;CONGELADOS;PRD01219;;PIERNA DE CORDERO CONGELADO;KILOGRAMO;1;KILOGRAMO;KILOGRAMO x 1 KG;1;1;1
ING00853;CORDERO S/HUESO CONGELADO;KG;CONGELADOS;PRD01694;;CORDERO DESHUESADO CONGELADO - KGM;KILOGRAMO;1;KILOGRAMO;KILOGRAMO x 1 KG;1;1;1
ING00854;CORTA UÑA;UND;ABARROTES;PRD02876;;CAJA CHICA - CORTA UÑA;UNIDAD;1;UNIDAD;UNIDAD x 1 UND;1;1;1
ING00855;CORTA UÑAS 3 ESPADAS GRANDE;UND;KIOSKO;PRD02686;;CORTA UÑAS 3 ESPADAS LINEA AMERICANA GRANDE;UNIDAD;1;UNIDAD;UNIDAD x 1 UND;1;1;1
ING00856;CORTA UÑAS CALIDAD MEDIA;UND;KIOSKO;PRD02682;;CORTA UÑAS CALIDAD MEDIA;UNIDAD;1;UNIDAD;UNIDAD x 1 UND;1;1;1
ING00857;CORTAUÑA DELFIN GRANDE;UND;ABARROTES;PRD04143;;CAJA CHICA - CORTAUÑA DELFIN GRANDE;UNIDAD;1;UNIDAD;UNIDAD x 1 UND;1;1;1
ING00858;CR2+ PRESENTACION 1 GALON;L;LIMPIEZA;PRD01438;;CR2+ PRESENTACION 1 GALON;UNIDAD;4;UNIDAD;UNIDAD x 4 L;1;1;1
ING00859;CREMA CHANTILLY;L;REFRIGERADOS;PRD00999;;CREMA CHANTILLY PRIMAVERA 1 LT;CAJA;1;CAJA;CAJA x 1 L;1;1;1
ING00859;CREMA CHANTILLY;L;REFRIGERADOS;PRD01009;;E - CREMA CHANTILLY FLEICHMANN 1 LT;CAJA;1;CAJA;CAJA x 1 L;1;1;1
ING00859;CREMA CHANTILLY;L;REFRIGERADOS;PRD02208;;CREMA TIPO CHANTILLY SNEL 1LT;CAJA;1;CAJA;CAJA x 1 L;1;1;1
ING00860;CREMA CHANTILLY PURATOS;L;REFRIGERADOS;PRD02748;;CAJA CHICA - CREMA CHANTILLY PURATOS;LITRO;1;LITRO;LITRO x 1 L;1;1;1
ING00861;CREMA CHNTILLY;L;ABARROTES;PRD02209;;CREMA CHANTILLY MONA LISA BRICKS 1LT;CAJA;1;CAJA;CAJA x 1 L;1;1;1
ING00862;CREMA DE CHAMPIGÑONES DESHIDRATADA;KG;ABARROTES;PRD00586;;CREMA DE CHAMPIÑONES MACROFOODS 1 KG;BOLSA;1;BOLSA;BOLSA x 1 KG;1;1;1
ING00862;CREMA DE CHAMPIGÑONES DESHIDRATADA;KG;ABARROTES;PRD00618;;CREMA DE CHAMPIGÑONES KNORR 800 GR;BOLSA;0.8;BOLSA;BOLSA x 0.8 KG;1;1;1
ING00863;CREMA DE CHAMPIÑONES X 1 KG;KG;ABARROTES;PRD02930;;CAJA CHICA - CREMA DE CHAMPIÑONES X 1 KG;KILOGRAMO;1;KILOGRAMO;KILOGRAMO x 1 KG;1;1;1
ING00864;CREMA DE CHOCLO DESHIDRATADA;KG;ABARROTES;PRD00617;;CREMA DE CHOCLO KNORR 800 GR;BOLSA;0.8;BOLSA;BOLSA x 0.8 KG;1;1;1
ING00865;CREMA DE CHOCLO MACROFOODS 1 KG;KG;;PRD00593;;CREMA DE CHOCLO MACROFOODS 1 KG;BOLSA;1;BOLSA;BOLSA x 1 KG;1;1;1
ING00866;CREMA DE COCO;UND;ABARROTES;PRD01936;;CAJA CHICA - CREMA DE COCO;POTE;1;POTE;POTE x 1 UND;1;1;1
ING00867;CREMA DE COCO SELVA 270 ML;UND;ABARROTES;PRD02749;;CAJA CHICA - CREMA DE COCO SELVA 270 ML;FRASCO;1;FRASCO;FRASCO x 1 UND;1;1;1
ING00868;CREMA DE COCO WISLAN;UND;ABARROTES;PRD04104;;CAJA CHICA - CREMA DE COCO WISLAN;FRASCO;1;FRASCO;FRASCO x 1 UND;1;1;1
ING00869;CREMA DE ESPARRAGOS DESHIDRATADA;KG;ABARROTES;PRD00260;;CREMA DE ESPARRAGOS KNORR 1 KG;BOLSA;1;BOLSA;BOLSA x 1 KG;1;1;1
ING00869;CREMA DE ESPARRAGOS DESHIDRATADA;KG;ABARROTES;PRD00616;;CREMA DE ESPARRAGOS KNORR 800 GR;BOLSA;0.8;BOLSA;BOLSA x 0.8 KG;1;1;1
ING00870;CREMA DE ESPARRAGOS X 1 GR;UND;ABARROTES;PRD03174;;CAJA CHICA - CREMA DE ESPARRAGOS X 1 GR;SOBRE;1;SOBRE;SOBRE x 1 UND;1;1;1
ING00871;CREMA DE LECHE;L;REFRIGERADOS;PRD00935;;CREMA DE LECHE GLORIA 946 CC;BOLSA;0.946;BOLSA;BOLSA x 0.946 L;1;1;1
ING00871;CREMA DE LECHE;L;REFRIGERADOS;PRD00936;;CREMA DE LECHE LAIVE 946 ML;BOLSA;0.946;BOLSA;BOLSA x 0.946 L;1;1;1
ING00871;CREMA DE LECHE;L;REFRIGERADOS;PRD02093;;CREMA DE LECHE CUSIPAK UHT 1 LT;UNIDAD;1;UNIDAD;UNIDAD x 1 L;1;1;1
ING00872;CREMA DE LECHE NESTLE 300;UND;ABARROTES;PRD02750;;CAJA CHICA - CREMA DE LECHE NESTLE 300;LATA;1;LATA;LATA x 1 UND;1;1;1
ING00873;CREMA DE LECHE X 1 LT;L;ABARROTES;PRD03146;;CAJA CHICA - CREMA DE LECHE X 1 LT;CAJA;1;CAJA;CAJA x 1 L;1;1;1
ING00874;CREMA DE POLLO DESHIDRATADA;KG;CONGELADOS;PRD00619;;CREMA DE POLLO KNORR 800 GR;BOLSA;0.8;BOLSA;BOLSA x 0.8 KG;1;1;1
ING00875;CREMA DE POLLO MACROFOODS 1 KG;KG;;PRD00594;;CREMA DE POLLO MACROFOODS 1 KG;BOLSA;1;BOLSA;BOLSA x 1 KG;1;1;1
ING00876;CREMA DE VERDURAS DESHIDRATADA;KG;ABARROTES;PRD00587;;CREMA DE VERDURAS MACROFOODS 1 KG;BOLSA;1;BOLSA;BOLSA x 1 KG;1;1;1
ING00877;CREMA DENTAL COLGATE 90 ML;UND;KIOSKO;PRD01359;;CREMA DENTAL COLGATE 90 GR;TUBO;1;TUBO;TUBO x 1 UND;1;1;1
ING00878;CREMA NIVEA 30 ML;UND;ABARROTES;PRD03311;;CAJA CHICA - CREMA NIVEA 30 ML;UNIDAD;1;UNIDAD;UNIDAD x 1 UND;1;1;1
ING00879;CREMA PONDS CELESTE POTE 100 GR;UND;KIOSKO;PRD01374;;CREMA PONDS CELESTE POTE 100 GR;UNIDAD;1;UNIDAD;UNIDAD x 1 UND;1;1;1
ING00880;CREMA SABOR A COCO ARO 800 ML;UND;ABARROTES;PRD02751;;CAJA CHICA - CREMA SABOR A COCO ARO 800 ML;BOTELLA;1;BOTELLA;BOTELLA x 1 UND;1;1;1
ING00881;CREMOR TARTARO BADIA X 907.2;UND;ABARROTES;PRD03005;;CAJA CHICA - CREMOR TARTARO BADIA X 907.2;FRASCO;1;FRASCO;FRASCO x 1 UND;1;1;1
ING00882;CRISINOS SALADOS DE YUCA;UND;ABARROTES;PRD03657;;CAJA CHICA - CRISINOS SALADOS DE YUCA;UNIDAD;1;UNIDAD;UNIDAD x 1 UND;1;1;1
ING00883;CRISMELOS X 100 UND;UND;ABARROTES;PRD03247;;CAJA CHICA - CRISMELOS X 100 UND;BOLSA;1;BOLSA;BOLSA x 1 UND;1;1;1
ING00884;CROISANT DE MANJAR 90 G;UND;CONGELADOS;PRD01965;;CROISSANT DE MANJAR 90 GRM;UNIDAD;1;UNIDAD;UNIDAD x 1 UND;1;1;1
ING00885;CROISSANT DE CHOCOLATE 90 G;UND;CONGELADOS;PRD01966;;CROISSANT(BOM BOM) CHOCOLATE 90 GRM;UNIDAD;1;UNIDAD;UNIDAD x 1 UND;1;1;1
ING00886;CROISSANT MEDIA LUNA CON MANJAR CONGELADO 70 GR;UND;;PRD01948;;CROISSANT MEDIA LUNA CON MANJAR CONGELADO 70 GR;UNIDAD;1;UNIDAD;UNIDAD x 1 UND;1;1;1
ING00887;CRUSH PIÑA X 3 LT;UND;ABARROTES;PRD03953;;CAJA CHICA - CRUSH PIÑA X 3 LT;UNIDAD;1;UNIDAD;UNIDAD x 1 UND;1;1;1
ING00888;CUA CUA 18 GR;UND;ABARROTES;PRD01465;;CHOCOLATE WAFER CUA CUA LACTA 18 GR;UNIDAD;1;UNIDAD;UNIDAD x 1 UND;1;1;1
ING00889;CUADERNO ESCOLAR SURCO CUADRICULADO 80 HOJAS;UND;ABARROTES;PRD02690;;CUADERNO ESCOLAR SURCO CUADRICULADO 80 HOJAS;UNIDAD;1;UNIDAD;UNIDAD x 1 UND;1;1;1
ING00890;CUATES NATURAL KARINTO 26/23 GR;UND;ABARROTES;PRD01989;;CAJA CHICA - CUATES NATURAL KARINTO 26/23 GR;GRAMO;1;GRAMO;GRAMO x 1 UND;1;1;1
ING00891;CUATES NORML 40 GR;UND;ABARROTES;PRD03695;;CAJA CHICA - CUATES NORML 40 GR;UNIDAD;1;UNIDAD;UNIDAD x 1 UND;1;1;1
ING00892;CUATES PICANTE 40 GR;UND;ABARROTES;PRD03694;;CAJA CHICA - CUATES PICANTE 40 GR;UNIDAD;1;UNIDAD;UNIDAD x 1 UND;1;1;1
ING00893;CUATES PICANTE 43 GR;UND;ABARROTES;PRD03310;;CAJA CHICA - CUATES PICANTE 43 GR;UNIDAD;1;UNIDAD;UNIDAD x 1 UND;1;1;1
ING00894;CUCHARA ACRILICO DESCARTABLE;UND;DESCARTABLES;PRD00405;;CUCHARA ACRILICO DESCARTABLE 100 UND;PAQUETE;100;PAQUETE;PAQUETE x 100 UND;1;1;1
ING00895;CUCHARA ACRILICO DESCARTABLE 50 UND;UND;;PRD02284;;CUCHARA ACRILICO DESCARTABLE 50 UND;PAQUETE;50;PAQUETE;PAQUETE x 50 UND;1;1;1
ING00896;CUCHARA BIO PLA 16 CM;UND;DESCARTABLES;PRD02580;;CUCHARA BIO PLA 16CM X 100 UND;PAQUETE;100;PAQUETE;PAQUETE x 100 UND;1;1;1
ING00897;CUCHARA PARA CAFE BLANCA DESCARTABLE;UND;DESCARTABLES;PRD00407;;CUCHARA PARA CAFE BLANCA DE PLASTICO DESCARTABLE 100 UNID;PAQUETE;100;PAQUETE;PAQUETE x 100 UND;1;1;1
ING00897;CUCHARA PARA CAFE BLANCA DESCARTABLE;UND;DESCARTABLES;PRD02581;;CUCHARA PARA CAFE BLANCA DE PLASTICO DESCARTABLE GOLAZO 100 UNID;PAQUETE;100;PAQUETE;PAQUETE x 100 UND;1;1;1
ING00898;CUCHARA PARA SOPA BLANCA DESCARTABLE;UND;DESCARTABLES;PRD00408;;CUCHARA PARA SOPA BLANCA DE PLASTICO DESCARTABLE D841100XX 100 UND;PAQUETE;100;PAQUETE;PAQUETE x 100 UND;1;1;1
ING00898;CUCHARA PARA SOPA BLANCA DESCARTABLE;UND;DESCARTABLES;PRD02582;;CUCHARA PARA SOPA BLANCA DE PLASTICO DESCARTABLE LA EUROPEA 50 UND;PAQUETE;50;PAQUETE;PAQUETE x 50 UND;1;1;1
ING00899;CUCHARA PARA SOPA X 50 UND;UND;DESCARTABLES;PRD02953;;CAJA CHICA - CUCHARA PARA SOPA X 50 UND;BOLSA;1;BOLSA;BOLSA x 1 UND;1;1;1
ING00900;CUCHARA SOPERA DESCARTABLE;UND;DESCARTABLES;PRD02282;;CUCHARA SOPERA DESCARTABLE EN BOLSA X 100UND;PAQUETE;100;PAQUETE;PAQUETE x 100 UND;1;1;1
ING00900;CUCHARA SOPERA DESCARTABLE;UND;DESCARTABLES;PRD02283;;CUCHARA SOPERA DESCARTABLE EN BOLSA X 50UND;PAQUETE;500;PAQUETE;PAQUETE x 500 UND;1;1;1
ING00901;CUCHARAS ACRILICAS X 50 UND;UND;ABARROTES;PRD03865;;CAJA CHICA - CUCHARAS ACRILICAS X 50 UND;PAQUETE;1;PAQUETE;PAQUETE x 1 UND;1;1;1
ING00902;CUCHILLO BIO PLA 16 CM;UND;DESCARTABLES;PRD02583;;CUCHILLO BIO PLA 16CM X 100 UND;PAQUETE;100;PAQUETE;PAQUETE x 100 UND;1;1;1
ING00903;CUCHILLO DESCARTABLE 100 UND;UND;DESCARTABLES;PRD02937;;CAJA CHICA - CUCHILLO DESCARTABLE 100 UND;PAQUETE;1;PAQUETE;PAQUETE x 1 UND;1;1;1
ING00904;CUCHILLO DESCARTABLE LA EUROPEA;UND;DESCARTABLES;PRD02289;;CUCHILLO DESCARTABLE LA EUROPEA MILLAR;PAQUETE;1000;PAQUETE;PAQUETE x 1000 UND;1;1;1
ING00905;CUCHILLO PARA SEGUNDO BLANCO DESCARTABLE;UND;DESCARTABLES;PRD00409;;CUCHILLO PARA SEGUNDO BLANCO DE PLASTICO DESCARTABLE 100 UNID;PAQUETE;100;PAQUETE;PAQUETE x 100 UND;1;1;1
ING00905;CUCHILLO PARA SEGUNDO BLANCO DESCARTABLE;UND;DESCARTABLES;PRD00410;;CUCHILLO ACRILICO DESCARTABLE 100 UND;PAQUETE;100;PAQUETE;PAQUETE x 100 UND;1;1;1
ING00905;CUCHILLO PARA SEGUNDO BLANCO DESCARTABLE;UND;DESCARTABLES;PRD02285;;CUCHILLO ACRILICO DESCARTABLE 50 UND;PAQUETE;50;PAQUETE;PAQUETE x 50 UND;1;1;1
ING00905;CUCHILLO PARA SEGUNDO BLANCO DESCARTABLE;UND;DESCARTABLES;PRD02584;;CUCHILLO PARA SEGUNDO BLANCO DE PLASTICO DESCARTABLE LA EUROPEA 50 UND;PAQUETE;50;PAQUETE;PAQUETE x 50 UND;1;1;1
ING00906;CUCHILLO PARA SEGUNDO DESCARTABLE 50 UND;UND;DESCARTABLES;PRD03302;;CAJA CHICA - CUCHILLO PARA SEGUNDO DESCARTABLE 50 UND;PAQUETE;1;PAQUETE;PAQUETE x 1 UND;1;1;1
ING00907;CUCHILLOS BLANCOS X 100 UND;UND;ABARROTES;PRD03186;;CAJA CHICA - CUCHILLOS BLANCOS X 100 UND;PAQUETE;1;PAQUETE;PAQUETE x 1 UND;1;1;1
ING00908;CULANTRO;KG;FFVV;PRD00425;;CULANTRO;KILOGRAMO;1;KILOGRAMO;KILOGRAMO x 1 KG;1;1;1
ING00908;CULANTRO;KG;FFVV;PRD02710;;CAJA CHICA - CULANTRO;KILOGRAMO;1;KILOGRAMO;KILOGRAMO x 1 KG;1;1;1
ING00908;CULANTRO;KG;FFVV;PRD03264;;CAJA CHICA - CULANTRO CRESPO;KILOGRAMO;1;KILOGRAMO;KILOGRAMO x 1 KG;1;1;1
ING00909;CULANTRO MOLIDO ENVASADO;KG;REFRIGERADOS;PRD00126;;CULANTRO MOLIDO TRESA X KILO;KILOGRAMO;1;KILOGRAMO;KILOGRAMO x 1 KG;1;1;1
ING00910;CURRY;KG;ABARROTES;PRD03355;;CAJA CHICA - CURRY;KILOGRAMO;1;KILOGRAMO;KILOGRAMO x 1 KG;1;1;1
ING00911;CUY ENTERO EVISCERADO CONGELADO;KG;CONGELADOS;PRD01231;;CUY SIN PATAS Y SIN CABEZA CONGELADO;KILOGRAMO;1;KILOGRAMO;KILOGRAMO x 1 KG;1;1;1
ING00911;CUY ENTERO EVISCERADO CONGELADO;KG;CONGELADOS;PRD01693;;CUY ENTERO CONGELADO ANTAMINA;KILOGRAMO;1;KILOGRAMO;KILOGRAMO x 1 KG;1;1;1
ING00911;CUY ENTERO EVISCERADO CONGELADO;KG;CONGELADOS;PRD02429;;CUY ENTERO CONGELADO;KILOGRAMO;1;KILOGRAMO;KILOGRAMO x 1 KG;1;1;1
ING00912;CUY SIN PATAS Y SIN CABEZA CONGELADO ANTAMINA;KG;;PRD01692;;CUY SIN PATAS Y SIN CABEZA CONGELADO ANTAMINA;KILOGRAMO;1;KILOGRAMO;KILOGRAMO x 1 KG;1;1;1
ING00913;D TODITO SNACK 50 GR;UND;ABARROTES;PRD01990;;CAJA CHICA - D TODITO SNACK 50 GR;GRAMO;1;GRAMO;GRAMO x 1 UND;1;1;1
ING00914;DAM MOP GALÓN 3.8 LITROS SPARTAN;L;;PRD01436;;DAM MOP GALÓN 3.8 LITROS SPARTAN;UNIDAD;3.8;UNIDAD;UNIDAD x 3.8 L;1;1;1
ING00915;DAMP MOP SPARTAN - LIMPIADOR DE PISO;L;ABARROTES;PRD02438;;DAMP MOP SPARTAN 1 LITRO;LITRO;1;LITRO;LITRO x 1 L;1;1;1
ING00915;DAMP MOP SPARTAN - LIMPIADOR DE PISO;L;ABARROTES;PRD02450;;DAMP MOP SPARTAN 3.875 LITROS;GALON;3.875;GALON;GALON x 3.875 L;1;1;1
ING00915;DAMP MOP SPARTAN - LIMPIADOR DE PISO;L;ABARROTES;PRD02463;;DAMP MOP SPARTAN 5 LITROS;UNIDAD;5;UNIDAD;UNIDAD x 5 L;1;1;1
ING00915;DAMP MOP SPARTAN - LIMPIADOR DE PISO;L;ABARROTES;PRD02476;;DAMP MOP SPARTAN 19 LITROS;BIDON;19;BIDON;BIDON x 19 L;1;1;1
ING00916;DECORACIONES PARA BEBIDAS (SOMBRILLA) – 100 UNI;UND;;PRD01939;;CAJA CHICA - DECORACIONES PARA BEBIDAS (SOMBRILLA) – 100 UNI;PAQUETE;1;PAQUETE;PAQUETE x 1 UND;1;1;1
ING00917;DELFIN DE CHOCOLATE CHICO;UND;ABARROTES;PRD03894;;CAJA CHICA - DELFIN DE CHOCOLATE CHICO;UNIDAD;1;UNIDAD;UNIDAD x 1 UND;1;1;1
ING00918;DENTRIFICO 75 ML DENTO MENTA NATURAL;UND;KIOSKO;PRD02075;;CREMA DENTAL DENTO 75/80 ML;TUBO;1;TUBO;TUBO x 1 UND;1;1;1
ING00919;DENTRIFICO 75 ML KOLYNOS;UND;KIOSKO;PRD02064;;CREMA DENTAL KOLYNOS 60 ML;TUBO;1;TUBO;TUBO x 1 UND;1;1;1
ING00920;DENTRIFICO DENTO MENTA NATURAL 75 ML;UND;ABARROTES;PRD03404;;CAJA CHICA - DENTRIFICO DENTO MENTA NATURAL 75 ML;UNIDAD;1;UNIDAD;UNIDAD x 1 UND;1;1;1
ING00921;DESATORADOR PARA BAÑO 980 ML SAPOLIO;L;ABARROTES;PRD02839;;CAJA CHICA - DESATORADOR PARA BAÑO 980 ML SAPOLIO;UNIDAD;1;UNIDAD;UNIDAD x 1 L;1;1;1
ING00922;DESINFECTANTE LIMPIA TODO 900 ML;UND;ABARROTES;PRD03551;;CAJA CHICA - DESINFECTANTE LIMPIA TODO 900 ML;BOTELLA;1;BOTELLA;BOTELLA x 1 UND;1;1;1
ING00923;DESINFECTANTE LIMPIADOR SAPOLIO 900;L;LIMPIEZA;PRD01493;;DESINFECTANTE LIMPIADOR SAPOLIO 900 ML;BOTELLA;0.9;BOTELLA;BOTELLA x 0.9 L;1;1;1
ING00924;DESINFECTANTE OASIS PRO;UND;LIMPIEZA;PRD03403;;CAJA CHICA - DESINFECTANTE OASIS PRO;GALON;1;GALON;GALON x 1 UND;1;1;1
ING00925;DESINFECTANTE PINO DARIZA 4 LT;UND;LIMPIEZA;PRD01267;;DESINFECTANTE LIMPIADOR PINO DARYZA 3.8 LT;GALON;1;GALON;GALON x 1 UND;1;1;1
ING00926;DESINFECTANTE PINO SAPOLIO 3.8 LT;UND;BEBIDAS;PRD03327;;CAJA CHICA - DESINFECTANTE PINO SAPOLIO 3.8 LT;BIDON;1;BIDON;BIDON x 1 UND;1;1;1
ING00927;DESINFECTANTE PINO SAPOLIO LT;L;LIMPIEZA;PRD01610;;DESINFECTANTE PINO SAPOLIO 3.785 ML;GALON;3.785;GALON;GALON x 3.785 L;1;1;1
ING00928;DESINFECTANTE WATERMATIC;UND;ABARROTES;PRD03709;;CAJA CHICA - DESINFECTANTE WATERMATIC;FRASCO;1;FRASCO;FRASCO x 1 UND;1;1;1
ING00929;DESODORANTE AMBIENTADOR ANTITABACO SAPOLIO 360 ML;UND;LIMPIEZA;PRD01426;;DESODORANTE AMBIENTADOR ANTITABACO SAPOLIO 360 ML;FRASCO;1;FRASCO;FRASCO x 1 UND;1;1;1
ING00930;DESODORANTE AMBIENTADOR BEBE SAPOLIO 360 ML;UND;LIMPIEZA;PRD01427;;DESODORANTE AMBIENTADOR BEBE SAPOLIO 360 ML;FRASCO;1;FRASCO;FRASCO x 1 UND;1;1;1
ING00931;DESODORANTE AMBIENTADOR BRISA MARINA SAPOLIO 360ML;UND;LIMPIEZA;PRD01428;;DESODORANTE AMBIENTADOR BRISA MARINA SAPOLIO 360 ML;FRASCO;1;FRASCO;FRASCO x 1 UND;1;1;1
ING00932;DESODORANTE AMBIENTADOR JARDIN DE ROSAS SAPOLIO 360 ML;UND;;PRD01425;;DESODORANTE AMBIENTADOR JARDIN DE ROSAS SAPOLIO 360 ML;FRASCO;1;FRASCO;FRASCO x 1 UND;1;1;1
ING00933;DESODORANTE AMBIENTADOR LAVANDA SAPOLIO 360 ML;UND;LIMPIEZA;PRD01429;;DESODORANTE AMBIENTADOR LAVANDA SAPOLIO 360 ML;FRASCO;1;FRASCO;FRASCO x 1 UND;1;1;1
ING00934;DESODORANTE AMBIENTADOR POTPURRI SAPOLIO 360 ML;UND;LIMPIEZA;PRD01430;;DESODORANTE AMBIENTADOR POTPURRI SAPOLIO 360 ML;FRASCO;1;FRASCO;FRASCO x 1 UND;1;1;1
ING00935;DESODORANTE HOMBRE REXONA 10 GR;KG;KIOSKO;PRD02079;;DESODORANTE HOMBRE REXONA 10 GR;SACHET;0.01;SACHET;SACHET x 0.01 KG;1;1;1
ING00936;DESODORANTE REXONA HOMBRE SACHET 10GR;UND;ABARROTES;PRD02907;;CAJA CHICA - DESODORANTE REXONA HOMBRE SACHET 10GR;UNIDAD;1;UNIDAD;UNIDAD x 1 UND;1;1;1
ING00937;DESODORANTE REXONA SPRAY 175 ML;UND;KIOSKO;PRD01360;;DESODORANTE REXONA SPRAY 175 ML;FRASCO;1;FRASCO;FRASCO x 1 UND;1;1;1
ING00938;DESODORANTE SPRAY AXE 160 ML;UND;ABARROTES;PRD02954;;CAJA CHICA - DESODORANTE SPRAY AXE 160 ML;BOTELLA;1;BOTELLA;BOTELLA x 1 UND;1;1;1
ING00939;DETERGENTE ACE;UND;LIMPIEZA;PRD02704;;CAJA CHICA - DETERGENTE ACE;BOLSA;1;BOLSA;BOLSA x 1 UND;1;1;1
ING00940;DETERGENTE BLANCA NIEVE 25 KG;UND;LIMPIEZA;PRD02955;;CAJA CHICA - DETERGENTE BLANCA NIEVE 25 KG;SACO;1;SACO;SACO x 1 UND;1;1;1
ING00941;DETERGENTE BOLIVAR 4.5 KG;UND;LIMPIEZA;PRD01439;;DETERGENTE BOLIVAR 4.2 KG 4 UND;PAQUETE;4;PAQUETE;PAQUETE x 4 UND;1;1;1
ING00942;DETERGENTE GRANEL 15 KG;UND;LIMPIEZA;PRD02877;;CAJA CHICA - DETERGENTE GRANEL 15 KG;SACO;1;SACO;SACO x 1 UND;1;1;1
ING00943;DETERGENTE MARSELLA 2.3 KG;UND;LIMPIEZA;PRD02721;;CAJA CHICA - DETERGENTE MARSELLA 2.3 KG;BOLSA;1;BOLSA;BOLSA x 1 UND;1;1;1
ING00944;DETERGENTE SAPOLIO 15 KG;KG;LIMPIEZA;PRD01571;;DETERGENTE SAPOLIO DE 13.5 KG;SACO;13.5;SACO;SACO x 13.5 KG;1;1;1
ING00945;DETERGENTE SAPOLIO SACO X 15 KG;UND;LIMPIEZA;PRD04101;;CAJA CHICA - DETERGENTE SAPOLIO SACO X 15 KG;SACO;1;SACO;SACO x 1 UND;1;1;1
ING00946;DETODITO MIX FRITO LAY 165 GR;UND;ABARROTES;PRD01126;;DETODITO MIX FRITO LAY UND 165 GR;BOLSA;1;BOLSA;BOLSA x 1 UND;1;1;1
ING00947;DETODITO MIX FRITO LAY 50 GR;UND;ABARROTES;PRD01116;;DETODITO MIX FRITO LAY 50 GR;BOLSA;1;BOLSA;BOLSA x 1 UND;1;1;1
ING00947;DETODITO MIX FRITO LAY 50 GR;UND;ABARROTES;PRD01125;;DETODITO MIX FRITO LAY UND 50 GR;BOLSA;1;BOLSA;BOLSA x 1 UND;1;1;1
ING00948;DETODITO NATURAL FRITO LAY 165 GR;UND;ABARROTES;PRD01128;;DETODITO NATURAL FRITO LAY UND 165 GR;BOLSA;1;BOLSA;BOLSA x 1 UND;1;1;1
ING00949;DETODITO NATURAL FRITO LAY 50 GR;UND;ABARROTES;PRD01127;;DETODITO NATURAL FRITO LAY UND 50 GR;BOLSA;1;BOLSA;BOLSA x 1 UND;1;1;1
ING00950;DIVERSEY GOOD SENSE FRESH PHASE;L;ABARROTES;PRD01280;;DIVERSEY GOOD SENSE FRESH PHASE 1.5 LT;UNIDAD;1.5;UNIDAD;UNIDAD x 1.5 L;1;1;1
ING00951;DM 500 H PLUS FP SPARTAN - DETERGENTE P/ALIMENTACI;L;ABARROTES;PRD01451;;DM 500 H PLUS FP SPARTAN 19 LITROS - V3;BIDON;19;BIDON;BIDON x 19 L;1;1;1
ING00951;DM 500 H PLUS FP SPARTAN - DETERGENTE P/ALIMENTACI;L;ABARROTES;PRD01452;;DM 500 H PLUS FP SPARTAN 3.875 LITROS - V3;GALON;3.875;GALON;GALON x 3.875 L;1;1;1
ING00951;DM 500 H PLUS FP SPARTAN - DETERGENTE P/ALIMENTACI;L;ABARROTES;PRD01453;;DM 500 H PLUS FP SPARTAN 5 LITROS - V3;UNIDAD;5;UNIDAD;UNIDAD x 5 L;1;1;1
ING00951;DM 500 H PLUS FP SPARTAN - DETERGENTE P/ALIMENTACI;L;ABARROTES;PRD02513;;DM 500 H PLUS FP SPARTAN 1 LITRO;LITRO;1;LITRO;LITRO x 1 L;1;1;1
ING00951;DM 500 H PLUS FP SPARTAN - DETERGENTE P/ALIMENTACI;L;ABARROTES;PRD02514;;DM 500 H PLUS FP SPARTAN 3.875 LITROS;GALON;3.875;GALON;GALON x 3.875 L;1;1;1
ING00951;DM 500 H PLUS FP SPARTAN - DETERGENTE P/ALIMENTACI;L;ABARROTES;PRD02523;;DM 500 H PLUS FP SPARTAN 5 LITROS;UNIDAD;5;UNIDAD;UNIDAD x 5 L;1;1;1
ING00951;DM 500 H PLUS FP SPARTAN - DETERGENTE P/ALIMENTACI;L;ABARROTES;PRD02532;;DM 500 H PLUS FP SPARTAN 19 LITROS;BIDON;19;BIDON;BIDON x 19 L;1;1;1
ING00952;DMQ SPARTAN - DESINFECTANTE CLINICA;L;LIMPIEZA;PRD02434;;DMQ SPARTAN 1 LITRO;LITRO;1;LITRO;LITRO x 1 L;1;1;1
ING00952;DMQ SPARTAN - DESINFECTANTE CLINICA;L;LIMPIEZA;PRD02446;;DMQ SPARTAN 3.875 LITROS;GALON;3.875;GALON;GALON x 3.875 L;1;1;1
ING00952;DMQ SPARTAN - DESINFECTANTE CLINICA;L;LIMPIEZA;PRD02459;;DMQ SPARTAN 5 LITROS;UNIDAD;5;UNIDAD;UNIDAD x 5 L;1;1;1
ING00952;DMQ SPARTAN - DESINFECTANTE CLINICA;L;LIMPIEZA;PRD02472;;DMQ SPARTAN 19 LITROS;BIDON;19;BIDON;BIDON x 19 L;1;1;1
ING00953;DONITO HELADO VAINILLA /LUCUMA X 40 UND;UND;CONGELADOS;PRD03156;;CAJA CHICA - DONITO HELADO VAINILLA /LUCUMA X 40 UND;CAJA;1;CAJA;CAJA x 1 UND;1;1;1
ING00954;DONUT BERLINA DE CHOCOLATE 90 G;UND;CONGELADOS;PRD01961;;DONUT BERLINA DE CHOCOLATE 90 GRM;UNIDAD;1;UNIDAD;UNIDAD x 1 UND;1;1;1
ING00955;DONUT BERLINA DE CREMA 90 G;UND;CONGELADOS;PRD01960;;DONUT BERLINA DE CREMA 90 GRM;UNIDAD;1;UNIDAD;UNIDAD x 1 UND;1;1;1
ING00956;DONUT DOTS ROLO CARAMELO 73 G;UND;CONGELADOS;PRD01963;;DONUT DOTS ROLO CARAMELO 73 GRM;UNIDAD;1;UNIDAD;UNIDAD x 1 UND;1;1;1
ING00957;DONUT DOTS ROLO GLAZE 52 G;UND;CONGELADOS;PRD01964;;DONUT DOTS ROLO GLAZE 52 GRM;UNIDAD;1;UNIDAD;UNIDAD x 1 UND;1;1;1
ING00958;DONUT DOTS ROLO TUTTI 75 G;UND;CONGELADOS;PRD01962;;DONUT DOTS ROLO TUTTI 75 GRM;UNIDAD;1;UNIDAD;UNIDAD x 1 UND;1;1;1
ING00959;DORITOS FRITO QUESO ATREVIDO LAY 190 GR;KG;ABARROTES;PRD01112;;DORITOS FRITO QUESO ATREVIDO LAY 190 GR;BOLSA;0.19;BOLSA;BOLSA x 0.19 KG;1;1;1
ING00960;DORITOS FRITO QUESO ATREVIDO LAY 200 GR;UND;ABARROTES;PRD01168;;DORITOS FRITO QUESO ATREVIDO LAY 210 GR;BOLSA;1;BOLSA;BOLSA x 1 UND;1;1;1
ING00961;DORITOS FRITO QUESO ATREVIDO LAY 43 GR;UND;ABARROTES;PRD01161;;DORITOS FRITO QUESO ATREVIDO LAY 43 GR;BOLSA;1;BOLSA;BOLSA x 1 UND;1;1;1
ING00962;DORITOS FRITO QUESO ATREVIDO LAY 45 GR;UND;ABARROTES;PRD01109;;DORITOS FRITO QUESO ATREVIDO LAY 45 GR;BOLSA;1;BOLSA;BOLSA x 1 UND;1;1;1
ING00963;DORITOS FRITO QUESO FUEGO LAY 43 GR;UND;ABARROTES;PRD01162;;DORITOS FRITO QUESO FUEGO LAY 43/40 GR;BOLSA;1;BOLSA;BOLSA x 1 UND;1;1;1
ING00964;DORITOS FRITO QUESO FUEGO LAY 45 GR;UND;ABARROTES;PRD01107;;DORITOS FRITO QUESO FUEGO LAY 45 GR;BOLSA;1;BOLSA;BOLSA x 1 UND;1;1;1
ING00965;DORITOS FUEGO 43 GR;UND;ABARROTES;PRD01991;;CAJA CHICA - DORITOS FUEGO 43 GR;GRAMO;1;GRAMO;GRAMO x 1 UND;1;1;1
ING00966;DORITOS MEGA QUESO 43 GR;UND;ABARROTES;PRD01122;;DORITOS MEGA QUESO UND 43 GR;BOLSA;1;BOLSA;BOLSA x 1 UND;1;1;1
ING00967;DOÑA PEPA 23 GR;UND;ABARROTES;PRD01466;;CHOCOLATE DOÑA PEPA LACTA 23 GR;UNIDAD;1;UNIDAD;UNIDAD x 1 UND;1;1;1
ING00968;DURAZNO;KG;FFVV;PRD00576;;DURAZNO;KILOGRAMO;1;KILOGRAMO;KILOGRAMO x 1 KG;1;1;1
ING00968;DURAZNO;KG;FFVV;PRD03581;;CAJA CHICA - DURAZNO;KILOGRAMO;1;KILOGRAMO;KILOGRAMO x 1 KG;1;1;1
ING00969;DURAZNO ACONCAGUA 4 ONZ;UND;ABARROTES;PRD03600;;CAJA CHICA - DURAZNO ACONCAGUA 4 ONZ;POTE;1;POTE;POTE x 1 UND;1;1;1
ING00970;DURAZNO EN ALMIBAR;KG;ABARROTES;PRD00805;;DURAZNO EN ALMIBAR COMPASS 822 GR;LATA;0.822;LATA;LATA x 0.822 KG;1;1;1
ING00970;DURAZNO EN ALMIBAR;KG;ABARROTES;PRD00807;;DURAZNO EN ALMIBAR DEL CIELO 820 GR;LATA;0.82;LATA;LATA x 0.82 KG;1;1;1
ING00970;DURAZNO EN ALMIBAR;KG;ABARROTES;PRD00813;;DURAZNO EN ALMIBAR VALLE NORTE 820 GR;LATA;0.82;LATA;LATA x 0.82 KG;1;1;1
ING00970;DURAZNO EN ALMIBAR;KG;ABARROTES;PRD00827;;DURAZNO EN ALMIBAR COMPASS 820 GR;LATA;0.82;LATA;LATA x 0.82 KG;1;1;1
ING00970;DURAZNO EN ALMIBAR;KG;ABARROTES;PRD00829;;DURAZNO EN ALMIBAR FANNY 820 GR;LATA;0.82;LATA;LATA x 0.82 KG;1;1;1
ING00970;DURAZNO EN ALMIBAR;KG;ABARROTES;PRD00835;;DURAZNO EN ALMIBAR VALLENORTE 820 GR;LATA;0.82;LATA;LATA x 0.82 KG;1;1;1
ING00971;DURAZNO EN ALMIBAR ACONCAGUA 822 GR;UND;ABARROTES;PRD02849;;CAJA CHICA - DURAZNO EN ALMIBAR ACONCAGUA 822 GR;UNIDAD;1;UNIDAD;UNIDAD x 1 UND;1;1;1
ING00972;DUST MOP SPARTAN - LIMPIADOR DE PISO;L;ABARROTES;PRD02453;;DUST MOP SPARTAN 3.875 LITROS;GALON;3.875;GALON;GALON x 3.875 L;1;1;1
ING00972;DUST MOP SPARTAN - LIMPIADOR DE PISO;L;ABARROTES;PRD02466;;DUST MOP SPARTAN 5 LITROS;UNIDAD;5;UNIDAD;UNIDAD x 5 L;1;1;1
ING00972;DUST MOP SPARTAN - LIMPIADOR DE PISO;L;ABARROTES;PRD02479;;DUST MOP SPARTAN 19 LITROS;BIDON;19;BIDON;BIDON x 19 L;1;1;1
ING00973;ECCO SACHET 10 GR;UND;ABARROTES;PRD00497;;ECCO SACHET 10 GR;UNIDAD;1;UNIDAD;UNIDAD x 1 UND;1;1;1
ING00973;ECCO SACHET 10 GR;UND;ABARROTES;PRD00548;;ECCO SACHET 12 GR;UNIDAD;1;UNIDAD;UNIDAD x 1 UND;1;1;1
ING00974;ECCO SACHET 7 GR;UND;ABARROTES;PRD00557;;ECCO SACHET 7 GR;UNIDAD;1;UNIDAD;UNIDAD x 1 UND;1;1;1
ING00975;ECODESENGRASANTE FP SPARTAN -DESENGRASANTE DE PISO;L;ABARROTES;PRD02441;;ECODESENGRASANTE FP SPARTAN 1 LITRO;LITRO;1;LITRO;LITRO x 1 L;1;1;1
ING00975;ECODESENGRASANTE FP SPARTAN -DESENGRASANTE DE PISO;L;ABARROTES;PRD02454;;ECODESENGRASANTE FP SPARTAN 3.875 LITROS;GALON;3.875;GALON;GALON x 3.875 L;1;1;1
ING00975;ECODESENGRASANTE FP SPARTAN -DESENGRASANTE DE PISO;L;ABARROTES;PRD02467;;ECODESENGRASANTE FP SPARTAN 5 LITROS;UNIDAD;5;UNIDAD;UNIDAD x 5 L;1;1;1
ING00975;ECODESENGRASANTE FP SPARTAN -DESENGRASANTE DE PISO;L;ABARROTES;PRD02480;;ECODESENGRASANTE FP SPARTAN 19 LITROS;BIDON;19;BIDON;BIDON x 19 L;1;1;1
ING00976;ECOLAB ALCOHOL GEL SANIGIZER 800 ML;UND;LIMPIEZA;PRD03304;;CAJA CHICA - ECOLAB ALCOHOL GEL SANIGIZER 800 ML;UNIDAD;1;UNIDAD;UNIDAD x 1 UND;1;1;1
ING00977;ECOLAB AMBIENTADOR MORNING BREEZE 2 LT;UND;ABARROTES;PRD02878;;CAJA CHICA - ECOLAB AMBIENTADOR MORNING BREEZE 2 LT;BOTELLA;1;BOTELLA;BOTELLA x 1 UND;1;1;1
ING00978;ECOLAB AMBIENTADOR OASIS PRO MORNIN;UND;BEBIDAS;PRD03493;;CAJA CHICA - ECOLAB AMBIENTADOR OASIS PRO MORNIN;BIDON;1;BIDON;BIDON x 1 UND;1;1;1
ING00979;ECOLAB DESINCRUSTANTE LIME AWAY 3.78;UND;BEBIDAS;PRD03402;;CAJA CHICA - ECOLAB DESINCRUSTANTE LIME AWAY 3.78;BIDON;1;BIDON;BIDON x 1 UND;1;1;1
ING00980;ECOLAB DETERGENTE ANTIBACTERIAL OASIS 2 LT;UND;LIMPIEZA;PRD03473;;CAJA CHICA - ECOLAB DETERGENTE ANTIBACTERIAL OASIS 2 LT;BOTELLA;1;BOTELLA;BOTELLA x 1 UND;1;1;1
ING00981;ECOLAB ECO STAR BUILDER C 15 GL;UND;ABARROTES;PRD03515;;CAJA CHICA - ECOLAB ECO STAR BUILDER C 15 GL;BALDE;1;BALDE;BALDE x 1 UND;1;1;1
ING00982;ECOLAB GREASESTRIP PLUS;UND;LIMPIEZA;PRD03305;;CAJA CHICA - ECOLAB GREASESTRIP PLUS;GALON;1;GALON;GALON x 1 UND;1;1;1
ING00983;ECOLAB JABON PARA MANOS CLEAN & SMOTH;UND;LIMPIEZA;PRD02879;;CAJA CHICA - ECOLAB JABON PARA MANOS CLEAN & SMOTH;BOTELLA;1;BOTELLA;BOTELLA x 1 UND;1;1;1
ING00984;ECOLAB PANTASTICK 5 GLN;UND;ABARROTES;PRD03306;;CAJA CHICA - ECOLAB PANTASTICK 5 GLN;BALDE;1;BALDE;BALDE x 1 UND;1;1;1
ING00985;ECOLAB QUICK FILL 310 2.5 GL;UND;LIMPIEZA;PRD03494;;CAJA CHICA - ECOLAB QUICK FILL 310 2.5 GL;GALON;1;GALON;GALON x 1 UND;1;1;1
ING00986;ECOLAB SANITIZANTE MIKRO KLENE 3.785;UND;BEBIDAS;PRD03475;;CAJA CHICA - ECOLAB SANITIZANTE MIKRO KLENE 3.785;BIDON;1;BIDON;BIDON x 1 UND;1;1;1
ING00987;ECOLAB TRI STAR OXY BRITE 5 GL;UND;ABARROTES;PRD03516;;CAJA CHICA - ECOLAB TRI STAR OXY BRITE 5 GL;BALDE;1;BALDE;BALDE x 1 UND;1;1;1
ING00988;ECOLAB VICTORY DESINFECTANTE 5802;UND;LIMPIEZA;PRD03470;;CAJA CHICA - ECOLAB VICTORY DESINFECTANTE 5802;GALON;1;GALON;GALON x 1 UND;1;1;1
ING00989;EDULCORANTE 62 GR;UND;ABARROTES;PRD02956;;CAJA CHICA - EDULCORANTE 62 GR;UNIDAD;1;UNIDAD;UNIDAD x 1 UND;1;1;1
ING00990;EDULCORANTE EQUAL X 200 UND;UND;ABARROTES;PRD03610;;CAJA CHICA - EDULCORANTE EQUAL X 200 UND;CAJA;1;CAJA;CAJA x 1 UND;1;1;1
ING00991;EDULCORANTE SACHET;UND;ABARROTES;PRD00119;;EDULCORANTE PERSONAL SODEXO 1 GR X MILLAR;PAQUETE;1000;PAQUETE;PAQUETE x 1000 UND;1;1;1
ING00992;EDULCORANTE SPLENDA X 100 SOBRE;UND;ABARROTES;PRD03913;;CAJA CHICA - EDULCORANTE SPLENDA X 100 SOBRE;CAJA;1;CAJA;CAJA x 1 UND;1;1;1
ING00993;EDULCORANTE STEVIA PERSONAL SODEXO;UND;ABARROTES;PRD00120;;EDULCORANTE STEVIA PERSONAL SODEXO 1 GR X MILLAR;SACHET;1000;SACHET;SACHET x 1000 UND;1;1;1
ING00994;EDULCORANTE SUGAFOR 200 UND;UND;ABARROTES;PRD02735;;CAJA CHICA - EDULCORANTE SUGAFOR 200 UND;CAJA;1;CAJA;CAJA x 1 UND;1;1;1
ING00995;EDULCORANTE SUGAFOR POLVO 200 X 1GR;UND;ABARROTES;PRD02752;;CAJA CHICA - EDULCORANTE SUGAFOR POLVO 200 X 1GR;CAJA;1;CAJA;CAJA x 1 UND;1;1;1
ING00996;EDULCORANTE WONG TABLETA X 100;UND;ABARROTES;PRD03912;;CAJA CHICA - EDULCORANTE WONG TABLETA X 100;PAQUETE;1;PAQUETE;PAQUETE x 1 UND;1;1;1
ING00997;EDULCORANTE X 50 UND;UND;ABARROTES;PRD03589;;CAJA CHICA - EDULCORANTE X 50 UND;CAJA;1;CAJA;CAJA x 1 UND;1;1;1
ING00998;EMBACE PARA CUP CAKE N°9 (5 OZ) X100 UND;UND;;PRD01935;;CAJA CHICA - EMBACE PARA CUP CAKE N°9 (5 OZ) X100 UND;PAQUETE;1;PAQUETE;PAQUETE x 1 UND;1;1;1
ING00999;EMPANADA CLASICA;UND;ABARROTES;PRD03969;;CAJA CHICA - EMPANADA CLASICA;UNIDAD;1;UNIDAD;UNIDAD x 1 UND;1;1;1
ING01000;EMPANADA DE AJI DE POLLO MENU;UND;CONGELADOS;PRD02671;;EMPANADA DE AJI DE POLLO 100 GR MENU;UNIDAD;1;UNIDAD;UNIDAD x 1 UND;1;1;1
ING01001;EMPANADA DE AJI DE POLLO RETAIL;UND;CONGELADOS;PRD02672;;EMPANADA DE AJI DE POLLO 145 GR RETAIL;UNIDAD;1;UNIDAD;UNIDAD x 1 UND;1;1;1
ING01002;EMPANADA DE CARNE 90 GR;UND;CONGELADOS;PRD01945;;EMPANADA DE CARNE 90 GR;UNIDAD;1;UNIDAD;UNIDAD x 1 UND;1;1;1
ING01002;EMPANADA DE CARNE 90 GR;UND;CONGELADOS;PRD02673;;FIESTRA EMPANADA DE CARNE 90 GR;UNIDAD;1;UNIDAD;UNIDAD x 1 UND;1;1;1
ING01003;EMPANADA DE CARNE MENU UND;UND;PANADERIA Y PASTELERIA;PRD02664;;EMPANADA DE CARNE 100 GR MENU;UNIDAD;1;UNIDAD;UNIDAD x 1 UND;1;1;1
ING01004;EMPANADA DE CARNE RETAIL;UND;ABARROTES;PRD02668;;EMPANADA DE CARNE RETAIL 140 GRM;UNIDAD;1;UNIDAD;UNIDAD x 1 UND;1;1;1
ING01005;EMPANADA DE CARNE X 90 GR;UND;ABARROTES;PRD03995;;CAJA CHICA - EMPANADA DE CARNE X 90 GR;GRAMO;1;GRAMO;GRAMO x 1 UND;1;1;1
ING01006;EMPANADA DE POLLO 90 GR;UND;CONGELADOS;PRD01947;;EMPANADA DE POLLO 90 GR;UNIDAD;1;UNIDAD;UNIDAD x 1 UND;1;1;1
ING01007;EMPANADA DE POLLO X 90 GR;UND;CONGELADOS;PRD03996;;CAJA CHICA - EMPANADA DE POLLO X 90 GR;GRAMO;1;GRAMO;GRAMO x 1 UND;1;1;1
ING01008;EMPANADA MIXTA 90 GR;UND;CONGELADOS;PRD01946;;EMPANADA MIXTA 90 GR;UNIDAD;1;UNIDAD;UNIDAD x 1 UND;1;1;1
ING01008;EMPANADA MIXTA 90 GR;UND;CONGELADOS;PRD02674;;FIESTRA EMPANADA MIXTA 90 GR;UNIDAD;1;UNIDAD;UNIDAD x 1 UND;1;1;1
ING01009;EMPANADA MIXTA RETAIL;UND;ABARROTES;PRD02669;;EMPANADA MIXTA RETAIL 140 GRM;UNIDAD;1;UNIDAD;UNIDAD x 1 UND;1;1;1
ING01010;EMPANADA MIXTA X 90 GR;UND;ABARROTES;PRD03997;;CAJA CHICA - EMPANADA MIXTA X 90 GR;GRAMO;1;GRAMO;GRAMO x 1 UND;1;1;1
ING01011;EMULSIFICANTE LEVAPAN X 1 KG;KG;ABARROTES;PRD03819;;CAJA CHICA - EMULSIFICANTE LEVAPAN X 1 KG;PAQUETE;1;PAQUETE;PAQUETE x 1 KG;1;1;1
ING01012;ENCENDEDOR;UND;ABARROTES;PRD03050;;CAJA CHICA - ENCENDEDOR;UNIDAD;1;UNIDAD;UNIDAD x 1 UND;1;1;1
ING01013;ENCENDEDORES DE BOLSILLO;UND;DESCARTABLES;PRD01605;;ENCENDEDOR DESCARTABLE;UNIDAD;1;UNIDAD;UNIDAD x 1 UND;1;1;1
ING01014;ENCURTIDO DE AJI X KG;UND;ABARROTES;PRD04075;;CAJA CHICA - ENCURTIDO DE AJI X KG;FRASCO;1;FRASCO;FRASCO x 1 UND;1;1;1
ING01015;ENDULZANTE GLUCOSA FRATEL FRASCO X 1 KG;KG;ABARROTES;PRD01679;;CAJA CHICA - ENDULZANTE GLUCOSA FRATEL FRASCO X 1 KG;KILOGRAMO;1;KILOGRAMO;KILOGRAMO x 1 KG;1;1;1
ING01016;ENERGIZANTE MILO X 400 GR;UND;ABARROTES;PRD03051;;CAJA CHICA - ENERGIZANTE MILO X 400 GR;UNIDAD;1;UNIDAD;UNIDAD x 1 UND;1;1;1
ING01017;ENERGIZANTE VOLT 300ML;UND;ABARROTES;PRD01655;;CAJA CHICA - ENERGIZANTE VOLT 300ML;UNIDAD;1;UNIDAD;UNIDAD x 1 UND;1;1;1
ING01018;ENJUAGUE DENTAL DENTO 250 ML;UND;ABARROTES;PRD03407;;CAJA CHICA - ENJUAGUE DENTAL DENTO 250 ML;UNIDAD;1;UNIDAD;UNIDAD x 1 UND;1;1;1
ING01019;ENRGIZANTE RED BULL ENERGYDRINK 250ML;UND;ABARROTES;PRD01656;;CAJA CHICA - ENRGIZANTE RED BULL ENERGYDRINK 250ML;UNIDAD;1;UNIDAD;UNIDAD x 1 UND;1;1;1
ING01020;ENRGIZANTE RED BULL SUGARFREE 250ML;UND;ABARROTES;PRD01657;;CAJA CHICA - ENRGIZANTE RED BULL SUGARFREE 250ML;UNIDAD;1;UNIDAD;UNIDAD x 1 UND;1;1;1
ING01021;ENRGIZANTE RED BULL TROPICAL 250ML;UND;ABARROTES;PRD01658;;CAJA CHICA - ENRGIZANTE RED BULL TROPICAL 250ML;UNIDAD;1;UNIDAD;UNIDAD x 1 UND;1;1;1
ING01022;ENROLLADO (WRAP) DE CHANCHO ORIENTAL 190 GR;UND;;PRD01944;;ENROLLADO (WRAP) DE CHANCHO ORIENTAL 190 GR;UNIDAD;1;UNIDAD;UNIDAD x 1 UND;1;1;1
ING01023;ENROLLADO (WRAP) DE JAMON Y QUESO 190 GR;UND;;PRD01975;;ENROLLADO (WRAP) DE JAMON Y QUESO 190 GR;UNIDAD;1;UNIDAD;UNIDAD x 1 UND;1;1;1
ING01024;ENROLLADO (WRAP) DE POLLO AL HORNO 190 GR;UND;;PRD01943;;ENROLLADO (WRAP) DE POLLO AL HORNO 190 GR;UNIDAD;1;UNIDAD;UNIDAD x 1 UND;1;1;1
ING01025;ENROLLADO DE CHANCHO A LA CAJA CHINA;UND;ABARROTES;PRD00924;;ENROLLADO DE CHANCHO A LA CAJA CHINA (CILINDRO);UNIDAD;1;UNIDAD;UNIDAD x 1 UND;1;1;1
ING01026;ENROLLADO PRIMAVERA 22 G CONGELADO;UND;CONGELADOS;PRD01974;;ENROLLADO PRIMAVERA 22 GR CONGELADO;UNIDAD;1;UNIDAD;UNIDAD x 1 UND;1;1;1
ING01027;ENSALADA DE RUSA CONGELADO KG;KG;CONGELADOS;PRD02834;;CAJA CHICA - ENSALADA DE RUSA CONGELADO KG;KILOGRAMO;1;KILOGRAMO;KILOGRAMO x 1 KG;1;1;1
ING01028;ENVASE AJICERO PP 4 OZ TRANSPARENTE;UND;DESCARTABLES;PRD02585;;ENVASE AJICERO PP 4 OZ TRANSPARENTE MILLAR;PAQUETE;1000;PAQUETE;PAQUETE x 1000 UND;1;1;1
ING01029;ENVASE ALUMINIO 1 KG CON TAPA KRISTAL X MLL;UND;DESCARTABLES;PRD02232;;ENVASE ALUMINIO DE 1 KG CON TAPA KRISTAL X MLL;PAQUETE;1000;PAQUETE;PAQUETE x 1000 UND;1;1;1
ING01030;ENVASE ALUMINIO 1/2 KG CON TAPA KRISTAL X MLL;UND;DESCARTABLES;PRD02231;;ENVASE ALUMINIO DE 1/2 KG CON TAPA KRISTAL X MLL;PAQUETE;1000;PAQUETE;PAQUETE x 1000 UND;1;1;1
ING01031;ENVASE DE 1 LT SUPER FAST PAK X 50 UND;L;DESCARTABLES;PRD01681;;CAJA CHICA - ENVASE DE 1 LT SUPER FAST PAK X 50 UND;PAQUETE;1;PAQUETE;PAQUETE x 1 L;1;1;1
ING01032;ENVASE DE ALUMINIO 1000 CC SIN TAPA;UND;DESCARTABLES;PRD02235;;ENVASE DE ALUMINIO 1000 CC 125 UND SIN TAPA;PAQUETE;500;PAQUETE;PAQUETE x 500 UND;1;1;1
ING01033;ENVASE DE ALUMINIO CON TAPA 500 CC;UND;DESCARTABLES;PRD02234;;ENVASE DE ALUMINIO CON TAPA 500 CC 200 UND;PAQUETE;200;PAQUETE;PAQUETE x 200 UND;1;1;1
ING01034;ENVASE DE ALUMINIO CON TAPA 750 CC;UND;DESCARTABLES;PRD02233;;ENVASE DE ALUMINIO CON TAPA 750 CC 500 UND;PAQUETE;500;PAQUETE;PAQUETE x 500 UND;1;1;1
ING01035;ENVASE DELI 1 LT SUPER FAST TR + TAPATR;L;DESCARTABLES;PRD04098;;CAJA CHICA - ENVASE DELI 1 LT SUPER FAST TR + TAPATR;MILLAR;1;MILLAR;MILLAR x 1 L;1;1;1
ING01036;ENVASE DESCARTABLE 8 OZX100UND;UND;DESCARTABLES;PRD04089;;CAJA CHICA - ENVASE DESCARTABLE 8 OZX100UND;PAQUETE;1;PAQUETE;PAQUETE x 1 UND;1;1;1
ING01037;ENVASE DESCARTABLE CIRCULAR C/TAPA 0.75 OZ 100 UND;UND;DESCARTABLES;PRD02296;;ENVASE DESCARTABLE CIRCULAR CON TAPA 0.75 OZ 100 UND;PAQUETE;100;PAQUETE;PAQUETE x 100 UND;1;1;1
ING01038;ENVASE DESCARTABLE CIRCULAR PP TRANS S/TAPA 0.5 LT;UND;DESCARTABLES;PRD02586;;ENVASE DESCARTABLE CIRCULAR PP TRANSPARENTE SIN TAPA 0.5 LT ALFA X 200 UND;PAQUETE;200;PAQUETE;PAQUETE x 200 UND;1;1;1
ING01039;ENVASE DESCARTABLE CIRCULAR PP TRANS S/TAPA 1 LT;UND;DESCARTABLES;PRD02587;;ENVASE DESCARTABLE CIRCULAR PP TRANSPARENTE SIN TAPA 1 LT ALFA X 200 UND;PAQUETE;200;PAQUETE;PAQUETE x 200 UND;1;1;1
ING01040;ENVASE DESCARTABLE CIRCULAR PP TRANS S/TAPA 8 OZ;UND;DESCARTABLES;PRD02588;;ENVASE DESCARTABLE CIRCULAR PP TRANSPARENTE SIN TAPA 8 OZ X 400 UND;PAQUETE;400;PAQUETE;PAQUETE x 400 UND;1;1;1
ING01041;ENVASE DESCARTABLE CIRCULAR PS BLANCO S/TAPA 0.5LT;UND;DESCARTABLES;PRD02589;;ENVASE DESCARTABLE CIRCULAR PS BLANCO SIN TAPA 0.5 LT ALFA X 200 UND;PAQUETE;200;PAQUETE;PAQUETE x 200 UND;1;1;1
ING01042;ENVASE DESCARTABLE CIRCULAR PS BLANCO S/TAPA 1LT;UND;DESCARTABLES;PRD02590;;ENVASE DESCARTABLE CIRCULAR PS BLANCO SIN TAPA 1 LT ALFA X 200 UND;PAQUETE;200;PAQUETE;PAQUETE x 200 UND;1;1;1
ING01043;ENVASE DESCARTABLE CON TAPA 500 CC;UND;DESCARTABLES;PRD02297;;ENVASE DESCARTABLE CON TAPA REDONDO 500 CC (1/2 LITRO) MILLAR;PAQUETE;1000;PAQUETE;PAQUETE x 1000 UND;1;1;1
ING01044;ENVASE DESCARTABLE CON TAPA 8 OZ;UND;DESCARTABLES;PRD02298;;ENVASE DESCARTABLE CON TAPA REDONDO 8 OZ 500 UND;PAQUETE;500;PAQUETE;PAQUETE x 500 UND;1;1;1
ING01045;ENVASE DESCARTABLE F5 16 OZ;UND;DESCARTABLES;PRD02295;;ENVASE DESCARTABLE CON TAPA F5 16 OZ 250 UND TRANSPARENTE / NEGRO;PAQUETE;250;PAQUETE;PAQUETE x 250 UND;1;1;1
ING01046;ENVASE DESCARTABLE F5 32 OZ;UND;DESCARTABLES;PRD02294;;ENVASE DESCARTABLE CON TAPA F5 32 OZ 200 UND TRANSPARENTE/NEGRO;PAQUETE;200;PAQUETE;PAQUETE x 200 UND;1;1;1
ING01047;ENVASE DESCARTABLE RECTAN TRANSPA PP S/TAPA 0.5LT;UND;DESCARTABLES;PRD02591;;ENVASE DESCARTABLE RECTANGULAR TRANSPARENTE PP SIN TAPA 0.5 LT ALFA X 200 UND;PAQUETE;200;PAQUETE;PAQUETE x 200 UND;1;1;1
ING01048;ENVASE DESCARTABLE RECTAN TRANSPA PP S/TAPA 1LT;UND;DESCARTABLES;PRD02592;;ENVASE DESCARTABLE RECTANGULAR TRANSPARENTE PP SIN TAPA 1 LT ALFA X 200 UND;PAQUETE;200;PAQUETE;PAQUETE x 200 UND;1;1;1
ING01049;ENVASE DESCARTABLE RECTANGULAR C/TAPA 32 OZ 100;UND;DESCARTABLES;PRD02789;;CAJA CHICA - ENVASE DESCARTABLE RECTANGULAR C/TAPA 32 OZ 100;PAQUETE;1;PAQUETE;PAQUETE x 1 UND;1;1;1
ING01050;ENVASE DESCARTABLE REDONDO CON TAPA 1000 CC;UND;DESCARTABLES;PRD02299;;ENVASE DESCARTABLE CON TAPA REDONDO 1000 CC MILLAR;PAQUETE;1000;PAQUETE;PAQUETE x 1000 UND;1;1;1
ING01051;ENVASE DESCARTABLE S/TAPA F5 16 OZ TRANSPARENTE/NE;UND;DESCARTABLES;PRD02304;;ENVASE DESCARTABLE SIN TAPA F5 16 OZ 250 UND TRANSPARENTE/ NEGRO;PAQUETE;250;PAQUETE;PAQUETE x 250 UND;1;1;1
ING01052;ENVASE DESCARTABLE S/TAPA F5 32 OZ TRANSPARENTE/NE;UND;DESCARTABLES;PRD02306;;ENVASE DESCARTABLE SIN TAPA F5 32 OZ 200 UND TRANSPARENTE/NEGRO;PAQUETE;200;PAQUETE;PAQUETE x 200 UND;1;1;1
ING01053;ENVASE DESCARTABLE S/TAPA REDONDO 500 CC;UND;DESCARTABLES;PRD02310;;ENVASE DESCARTABLE SIN TAPA REDONDO 500 CC 200UND;PAQUETE;500;PAQUETE;PAQUETE x 500 UND;1;1;1
ING01054;ENVASE DESCARTABLE S/TAPA REDONDO 8 OZ;UND;DESCARTABLES;PRD02311;;ENVASE DESCARTABLE SIN TAPA REDONDO 8 OZ 500 UND;PAQUETE;500;PAQUETE;PAQUETE x 500 UND;1;1;1
ING01055;ENVASE DESCARTABLE SIN TAPA REDONDO 1000 CC;UND;DESCARTABLES;PRD02308;;ENVASE DESCARTABLE SIN TAPA REDONDO 1000 CC 200 UND;PAQUETE;1000;PAQUETE;PAQUETE x 1000 UND;1;1;1
ING01056;ENVASE DESCARTABLE TRIANGULAR PARA SANDWICH;UND;DESCARTABLES;PRD02300;;ENVASE DESCARTABLE TRIANGULAR PARA SANDWICH 200 UND;PAQUETE;200;PAQUETE;PAQUETE x 200 UND;1;1;1
ING01057;ENVASE DUPLO 16 OZ PS NEGRO ALTO;UND;DESCARTABLES;PRD02593;;ENVASE DUPLO 16 OZ PS NEGRO ALTO X 700 UND;PAQUETE;700;PAQUETE;PAQUETE x 700 UND;1;1;1
ING01058;ENVASE DUPLO 24 OZ PS NEGRO ALTO;UND;DESCARTABLES;PRD02594;;ENVASE DUPLO 24 OZ PS NEGRO ALTO X 500 UND;PAQUETE;500;PAQUETE;PAQUETE x 500 UND;1;1;1
ING01059;ENVASE DUPLO 48 OZ PS NEGRO ALTO;UND;DESCARTABLES;PRD02595;;ENVASE DUPLO 48 OZ PS NEGRO ALTO X 400 UND;PAQUETE;400;PAQUETE;PAQUETE x 400 UND;1;1;1
ING01060;ENVASE PARA ENSALADA DE FRUTA CON TAPA 16 OZ;UND;DESCARTABLES;PRD02302;;ENVASE PARA ENSALADA DE FRUTA CON TAPA MILLAR 16 OZ;PAQUETE;1000;PAQUETE;PAQUETE x 1000 UND;1;1;1
ING01061;ENVASE PARA ENSALADA DE FRUTA CON TAPA 8 OZ;UND;DESCARTABLES;PRD02301;;ENVASE PARA ENSALADA DE FRUTA CON TAPA MILLAR 8 OZ;PAQUETE;1000;PAQUETE;PAQUETE x 1000 UND;1;1;1
ING01062;ENVASE PLASTICO REDONDO C/TAPA 1 LT;L;DESCARTABLES;PRD03456;;CAJA CHICA - ENVASE PLASTICO REDONDO C/TAPA 1 LT;UNIDAD;1;UNIDAD;UNIDAD x 1 L;1;1;1
ING01063;ENVASE PLASTICO REDONDO C/TAPA 250 CC;UND;DESCARTABLES;PRD03289;;CAJA CHICA - ENVASE PLASTICO REDONDO C/TAPA 250 CC;UNIDAD;1;UNIDAD;UNIDAD x 1 UND;1;1;1
ING01064;ENVASE PLASTICO REDONDO C/TAPA 500 ML (16 OZ);UND;;PRD02790;;CAJA CHICA - ENVASE PLASTICO REDONDO C/TAPA 500 ML (16 OZ);UNIDAD;1;UNIDAD;UNIDAD x 1 UND;1;1;1
ING01065;ENVASE SALAD BOWL DE BAMBU 1000 ML SIN TAPA;UND;DESCARTABLES;PRD02596;;ENVASE SALAD BOWL DE BAMBU 1000 ML SIN TAPA X 600 UND;PAQUETE;600;PAQUETE;PAQUETE x 600 UND;1;1;1
ING01066;ENVASE SALAD BOWL DE BAMBU 1000 ML SIN TAPA X 300 UND;UND;;PRD02419;;ENVASE SALAD BOWL DE BAMBU 1000 ML SIN TAPA X 300 UND;PAQUETE;300;PAQUETE;PAQUETE x 300 UND;1;1;1
ING01067;ENVASE SALAD BOWL DE BAMBU 1300 ML SIN TAPA;UND;DESCARTABLES;PRD02597;;ENVASE SALAD BOWL DE BAMBU 1300 ML SIN TAPA X 300 UND;PAQUETE;300;PAQUETE;PAQUETE x 300 UND;1;1;1
ING01068;ENVASE SALSERO PP 2 OZ NEGRO;UND;DESCARTABLES;PRD02598;;ENVASE SALSERO PP 2 OZ NEGRO X 2500 UND;PAQUETE;2500;PAQUETE;PAQUETE x 2500 UND;1;1;1
ING01069;ENVASE SALSERO PP 2 OZ TRANSPARENTE;UND;DESCARTABLES;PRD02651;;ENVASE SALSERO PP 2 OZ TRANSPARENTE X 2500 UND;PAQUETE;2500;PAQUETE;PAQUETE x 2500 UND;1;1;1
ING01070;ENVASE SOPERO DE BAMBU 16 OZ SIN TAPA;UND;DESCARTABLES;PRD02599;;ENVASE SOPERO DE BAMBU 16 OZ SIN TAPA X 500 UND;PAQUETE;500;PAQUETE;PAQUETE x 500 UND;1;1;1
ING01071;ENVASE SOPERO DE BAMBU 32 OZ SIN TAPA;UND;DESCARTABLES;PRD02600;;ENVASE SOPERO DE BAMBU 32 OZ SIN TAPA X 500 UND;PAQUETE;500;PAQUETE;PAQUETE x 500 UND;1;1;1
ING01072;ENVASE SOPERO DE BAMBU 8 OZ SIN TAPA X 500 UND;UND;;PRD02420;;ENVASE SOPERO DE BAMBU 8 OZ SIN TAPA X 500 UND;PAQUETE;500;PAQUETE;PAQUETE x 500 UND;1;1;1
ING01073;ENVASE SOPERO DE TECNOPOR 12 OZ;UND;DESCARTABLES;PRD02400;;ENVASE SOPERO DE TECNOPOR 12 OZ 100 UND;PAQUETE;100;PAQUETE;PAQUETE x 100 UND;1;1;1
ING01074;ENVASES ALUMINIO CON TAPA 1 KG;UND;DESCARTABLES;PRD02229;;ENVASE DE ALUMINIO CON TAPA 1000 CC 500 UND;PAQUETE;500;PAQUETE;PAQUETE x 500 UND;1;1;1
ING01075;ENVASES ALUMINIO CON TAPA 500 GR;UND;DESCARTABLES;PRD02230;;ENVASE DE ALUMINIO CON TAPA 500 CC 500 UND;PAQUETE;500;PAQUETE;PAQUETE x 500 UND;1;1;1
ING01076;ENVASES DESCARTABLES C/ TAPA 25 UND;UND;DESCARTABLES;PRD02957;;CAJA CHICA - ENVASES DESCARTABLES C/ TAPA 25 UND;PAQUETE;1;PAQUETE;PAQUETE x 1 UND;1;1;1
ING01077;ENVASES TERMICOS CT5 500 GR;UND;DESCARTABLES;PRD00406;;CONTENEDOR TERMICO D4031XX CT5 100 UND;PAQUETE;100;PAQUETE;PAQUETE x 100 UND;1;1;1
ING01077;ENVASES TERMICOS CT5 500 GR;UND;DESCARTABLES;PRD03385;;CAJA CHICA - ENVASES TERMICOS CT5 500 GR;UNIDAD;1;UNIDAD;UNIDAD x 1 UND;1;1;1
ING01078;ENVSE DELI 1 LT SUPER FAST TR + TAPATR;L;ABARROTES;PRD04090;;CAJA CHICA - ENVSE DELI 1 LT SUPER FAST TR + TAPATR;LITRO;1;LITRO;LITRO x 1 L;1;1;1
ING01079;ESCARCHA COMESTIBLE X 5 GR;UND;ABARROTES;PRD04074;;CAJA CHICA - ESCARCHA COMESTIBLE X 5 GR;FRASCO;1;FRASCO;FRASCO x 1 UND;1;1;1
ING01080;ESCENCIA DE LUCUMA;L;ABARROTES;PRD00950;;ESCENCIA DE LUCUMA ELEZAN 90 ML;FRASCO;0.09;FRASCO;FRASCO x 0.09 L;1;1;1
ING01081;ESCENCIA DE NARANJA;L;ABARROTES;PRD01042;;ESCENCIA DE NARANJA SOLUBLE FRATELLO 250 ML PET;BOTELLA;0.25;BOTELLA;BOTELLA x 0.25 L;1;1;1
ING01082;ESCENCIA DE PANETON;L;ABARROTES;PRD00199;;ESCENCIA DE PANETON LEVAPAN 500 CC;FRASCO;0.5;FRASCO;FRASCO x 0.5 L;1;1;1
ING01082;ESCENCIA DE PANETON;L;ABARROTES;PRD00982;;ESENCIA DE PANETON FRATELLO 500 CC;FRASCO;0.5;FRASCO;FRASCO x 0.5 L;1;1;1
ING01083;ESCENCIA DE PLATANO;L;ABARROTES;PRD00943;;ESCENCIA DE PLATANO ELEZAN 90 ML;FRASCO;0.09;FRASCO;FRASCO x 0.09 L;1;1;1
ING01084;ESCENCIA DE VAINILLA;L;ABARROTES;PRD00228;;ESCENCIA DE VAINILLA NEGRITA 1 LT PET;BOTELLA;1;BOTELLA;BOTELLA x 1 L;1;1;1
ING01084;ESCENCIA DE VAINILLA;L;ABARROTES;PRD00963;;ESCENCIA DE VAINILLA UMSHA 1 LT PET;BOTELLA;1;BOTELLA;BOTELLA x 1 L;1;1;1
ING01085;ESCOBA BAJA POLICIA;UND;ABARROTES;PRD03597;;CAJA CHICA - ESCOBA BAJA POLICIA;UNIDAD;1;UNIDAD;UNIDAD x 1 UND;1;1;1
ING01086;ESCOBA DE PLASTICO SUPER DALIA VIRUTEX;UND;LIMPIEZA;PRD01375;;ESCOBA DE PLASTICO SUPER DALIA VIRUTEX;UNIDAD;1;UNIDAD;UNIDAD x 1 UND;1;1;1
ING01087;ESCOBA PLÁSTICO DALIA TASK;UND;ABARROTES;PRD02958;;CAJA CHICA - ESCOBA PLÁSTICO DALIA TASK;UNIDAD;1;UNIDAD;UNIDAD x 1 UND;1;1;1
ING01088;ESCOBA SUPER DALIA X UNIDAD;UND;ABARROTES;PRD04135;;CAJA CHICA - ESCOBA SUPER DALIA X UNIDAD;UNIDAD;1;UNIDAD;UNIDAD x 1 UND;1;1;1
ING01089;ESCOBAS BAJA POLICIA;UND;ABARROTES;PRD01856;;ESCOBA DE MADERA PAJA BAJA POLICIA;UNIDAD;1;UNIDAD;UNIDAD x 1 UND;1;1;1
ING01090;ESCOBILLA DE PLASTICO PARA ROPA;UND;LIMPIEZA;PRD01857;;ESCOBILLA DE PLASTICO PARA LAVAR ROPA;UNIDAD;1;UNIDAD;UNIDAD x 1 UND;1;1;1
ING01091;ESCOBILLA DE PLASTICO PARA SANITARIO S/BASE;UND;ABARROTES;PRD02880;;CAJA CHICA - ESCOBILLA DE PLASTICO PARA SANITARIO S/BASE;UNIDAD;1;UNIDAD;UNIDAD x 1 UND;1;1;1
ING01092;ESCOBILLA DE ZAPATOS UNIDAD;UND;LIMPIEZA;PRD01607;;ESCOBILLA DE MADERA PARA ZAPATOS;UNIDAD;1;UNIDAD;UNIDAD x 1 UND;1;1;1
ING01093;ESCOBILLA PARA ROPA;UND;DESCARTABLES;PRD03052;;CAJA CHICA - ESCOBILLA PARA ROPA;UNIDAD;1;UNIDAD;UNIDAD x 1 UND;1;1;1
ING01094;ESCOBILLA PARA UÑAS;UND;ABARROTES;PRD03053;;CAJA CHICA - ESCOBILLA PARA UÑAS;UNIDAD;1;UNIDAD;UNIDAD x 1 UND;1;1;1
ING01095;ESCOBILLAS UÑAS UNIDAD;UND;LIMPIEZA;PRD02074;;ESCOBILLA DE PLASTICO PARA LIMPIAR UÑAS;UNIDAD;1;UNIDAD;UNIDAD x 1 UND;1;1;1
ING01096;ESENCIA DE ANIS X GALON 0.8 KG;UND;ABARROTES;PRD03908;;CAJA CHICA - ESENCIA DE ANIS X GALON 0.8 KG;UNIDAD;1;UNIDAD;UNIDAD x 1 UND;1;1;1
ING01097;ESENCIA DE NARANJA X GALON 3 KG;UND;ABARROTES;PRD03909;;CAJA CHICA - ESENCIA DE NARANJA X GALON 3 KG;UNIDAD;1;UNIDAD;UNIDAD x 1 UND;1;1;1
ING01098;ESENCIA DE VAINILLA X LT;UND;ABARROTES;PRD03054;;CAJA CHICA - ESENCIA DE VAINILLA X LT;BOTELLA;1;BOTELLA;BOTELLA x 1 UND;1;1;1
ING01099;ESPARRAGO FRESCO;KG;ABARROTES;PRD03256;;CAJA CHICA - ESPARRAGO FRESCO;KILOGRAMO;1;KILOGRAMO;KILOGRAMO x 1 KG;1;1;1
ING01100;ESPARRAGO FRESCO X KG;KG;ABARROTES;PRD03108;;CAJA CHICA - ESPARRAGO FRESCO X KG;KILOGRAMO;1;KILOGRAMO;KILOGRAMO x 1 KG;1;1;1
ING01101;ESPARRAGOS LARGES FLORIDA 360 GR;UND;ABARROTES;PRD03007;;CAJA CHICA - ESPARRAGOS LARGES FLORIDA 360 GR;FRASCO;1;FRASCO;FRASCO x 1 UND;1;1;1
ING01102;ESPARRAGOS VERDE LATA;KG;ABARROTES;PRD00004;;ESPARRAGOS VERDE FLORIDA 360 GR;FRASCO;0.36;FRASCO;FRASCO x 0.36 KG;1;1;1
ING01102;ESPARRAGOS VERDE LATA;KG;ABARROTES;PRD00832;;ESPARRAGOS VERDES VALLE FERTIL 360 GR;FRASCO;0.36;FRASCO;FRASCO x 0.36 KG;1;1;1
ING01103;ESPINACA;KG;FFVV;PRD00449;;ESPINACA FRESCA;KILOGRAMO;1;KILOGRAMO;KILOGRAMO x 1 KG;1;1;1
ING01103;ESPINACA;KG;FFVV;PRD04085;;CAJA CHICA - ESPINACA;KILOGRAMO;1;KILOGRAMO;KILOGRAMO x 1 KG;1;1;1
ING01104;ESPINACA CONGELADO;KG;CONGELADOS;PRD01198;;ESPINACA CONGELADA;KILOGRAMO;1;KILOGRAMO;KILOGRAMO x 1 KG;1;1;1
ING01105;ESPONJA CERO RAYAS INSTITUCIONAL BLANCO 3M SCOTH BRITE UND;UND;;PRD01384;;ESPONJA CERO RAYAS INSTITUCIONAL BLANCO 3M SCOTH BRITE UND;UNIDAD;1;UNIDAD;UNIDAD x 1 UND;1;1;1
ING01106;ESPONJA DE METAL;UND;LIMPIEZA;PRD02881;;CAJA CHICA - ESPONJA DE METAL;UNIDAD;1;UNIDAD;UNIDAD x 1 UND;1;1;1
ING01107;ESPONJA NARANJA 746 P/GRIDDLE CLEANER S/B / 70071593647 3M;UND;LIMPIEZA;PRD01382;;ESPONJA NARANJA 746 P/GRIDDLE CLEANER S/B / 70071593647 3M;UNIDAD;1;UNIDAD;UNIDAD x 1 UND;1;1;1
ING01108;ESPONJA NEGRA PARA PARRILLA;UND;LIMPIEZA;PRD01977;;CAJA CHICA - ESPONJA NEGRA PARA PARRILLA;UNIDAD;1;UNIDAD;UNIDAD x 1 UND;1;1;1
ING01109;ESPONJA POWER PAD PODEROSA ACERO INOXIDABLE 2000 S/B / 70070724235 /3M;UND;;PRD01383;;ESPONJA POWER PAD PODEROSA ACERO INOXIDABLE 2000 S/B / 70070724235 /3M;UNIDAD;1;UNIDAD;UNIDAD x 1 UND;1;1;1
ING01110;ESPONJA SCOTH BRITE N.746 TRAB PESADO PLANCHA CALI;UND;LIMPIEZA;PRD01378;;ESPONJA SCOTH BRITE N.746 TRABAJO PESADO PLANCHA CALIENTE PQT X 15 UND;PAQUETE;15;PAQUETE;PAQUETE x 15 UND;1;1;1
ING01111;ESPONJA TRABAJO PESADO N.88 SCOTCH BRITE;UND;LIMPIEZA;PRD01385;;ESPONJA TRABAJO PESADO N° 88 SCOTCH BRITE;UNIDAD;1;UNIDAD;UNIDAD x 1 UND;1;1;1
ING01111;ESPONJA TRABAJO PESADO N.88 SCOTCH BRITE;UND;LIMPIEZA;PRD01387;;ESPONJA TRABAJO PESADO N.88 SCOTCH BRITE;UNIDAD;1;UNIDAD;UNIDAD x 1 UND;1;1;1
ING01112;ESPONJA VERDE SAPOLIO;UND;LIMPIEZA;PRD03291;;CAJA CHICA - ESPONJA VERDE SAPOLIO;UNIDAD;1;UNIDAD;UNIDAD x 1 UND;1;1;1
ING01113;ESPONJA VERDE SCOTCH BRITE 180 UND;UND;LIMPIEZA;PRD01388;;ESPONJA VERDE SCOTCH BRITE 180 UND;CAJA;180;CAJA;CAJA x 180 UND;1;1;1
ING01114;ESPONJA VERDE SCOTCH BRITE 96 S/B / BA010000020 3M;UND;;PRD01381;;ESPONJA VERDE SCOTCH BRITE 96 S/B / BA010000020 3M;UNIDAD;1;UNIDAD;UNIDAD x 1 UND;1;1;1
ING01115;ESPONJA VERDE SCOTCH BRITE ORIGINAL PCORTADO 1 X2;UND;LIMPIEZA;PRD01386;;ESPONJA VERDE SCOTCH BRITE ORIGINAL PRECORTADO 1 X 2 UND;PAR;1;PAR;PAR x 1 UND;1;1;1
ING01116;ESPONJA VERDE UNIDAD;UND;LIMPIEZA;PRD01600;;ESPONJA VERDE SCOTCH BRITE;UNIDAD;1;UNIDAD;UNIDAD x 1 UND;1;1;1
ING01117;ESPUMA CLORADA FP SPARTAN - LIMPIADOR DESINFEC CLO;L;ABARROTES;PRD02486;;ESPUMA CLORADA FP SPARTAN 3.875 LITROS;GALON;3.875;GALON;GALON x 3.875 L;1;1;1
ING01117;ESPUMA CLORADA FP SPARTAN - LIMPIADOR DESINFEC CLO;L;ABARROTES;PRD02504;;ESPUMA CLORADA FP SPARTAN 19 LITROS;BIDON;19;BIDON;BIDON x 19 L;1;1;1
ING01118;ESPUMANTE ESPECIAL TABERNERO;UND;ABARROTES;PRD03926;;CAJA CHICA - ESPUMANTE ESPECIAL TABERNERO;UNIDAD;1;UNIDAD;UNIDAD x 1 UND;1;1;1
ING01119;ESTRAGON;KG;ABARROTES;PRD00853;;ESTRAGON BADIA 3.5 OZ;FRASCO;0.992;FRASCO;FRASCO x 0.992 KG;1;1;1
ING01119;ESTRAGON;KG;ABARROTES;PRD00855;;ESTRAGON SECO TOÑA 250 GR;BOLSA;0.25;BOLSA;BOLSA x 0.25 KG;1;1;1
ING01119;ESTRAGON;KG;ABARROTES;PRD00874;;ESTRAGON SECO 4 ESTACIONES 250 GR;BOLSA;0.25;BOLSA;BOLSA x 0.25 KG;1;1;1
ING01120;ESTRAGON FRESCO;KG;ABARROTES;PRD03255;;CAJA CHICA - ESTRAGON FRESCO;KILOGRAMO;1;KILOGRAMO;KILOGRAMO x 1 KG;1;1;1
ING01121;ETIQUETAS CC (ALMUERZO) 8X6 CM ADHESIVO SEGURIDAD;UND;;PRD02261;;ETIQUETAS C&C (ALMUERZO) 8 X 6 CM ADHESIVO DE SEGURIDAD;MILLAR;1;MILLAR;MILLAR x 1 UND;1;1;1
ING01122;ETIQUETAS CC (CENA) 8X6 CM ADHESIVO SEGURIDAD;UND;;PRD02262;;ETIQUETAS C&C (CENA) 8 X 6 CM ADHESIVO DE SEGURIDAD;MILLAR;1;MILLAR;MILLAR x 1 UND;1;1;1
ING01123;EUCALIPTO SECO;KG;ABARROTES;PRD00899;;EUCALIPTO (HOJAS) 4 ESTACIONES 250 GRM;BOLSA;0.25;BOLSA;BOLSA x 0.25 KG;1;1;1
ING01124;FABRIC SOFTENER SPARTAN - SUAVIZANTE;L;LIMPIEZA;PRD02520;;FABRIC SOFTENER SPARTAN 3.875 LITROS;GALON;3.875;GALON;GALON x 3.875 L;1;1;1
ING01124;FABRIC SOFTENER SPARTAN - SUAVIZANTE;L;LIMPIEZA;PRD02529;;FABRIC SOFTENER SPARTAN 5 LITROS;UNIDAD;5;UNIDAD;UNIDAD x 5 L;1;1;1
ING01124;FABRIC SOFTENER SPARTAN - SUAVIZANTE;L;LIMPIEZA;PRD02539;;FABRIC SOFTENER SPARTAN 19 LITROS;BIDON;19;BIDON;BIDON x 19 L;1;1;1
ING01125;FAJA PARA CAJA DE AGUA 19X27X39 20 LT;UND;ABARROTES;PRD02935;;CAJA CHICA - FAJA PARA CAJA DE AGUA 19X27X39 20 LT;UNIDAD;1;UNIDAD;UNIDAD x 1 UND;1;1;1
ING01126;FANSI TIANTAN 500GR;UND;ABARROTES;PRD04132;;CAJA CHICA - FANSI TIANTAN 500GR;GRAMO;1;GRAMO;GRAMO x 1 UND;1;1;1
ING01127;FANTA 0.5 LT;UND;BEBIDAS;PRD01253;;GASEOSA FANTA 500 ML;BOTELLA;1;BOTELLA;BOTELLA x 1 UND;1;1;1
ING01128;FANTA KOLA INGLESA X 1.75 LT;UND;ABARROTES;PRD03911;;CAJA CHICA - FANTA KOLA INGLESA X 1.75 LT;BOTELLA;1;BOTELLA;BOTELLA x 1 UND;1;1;1
ING01129;FANTA LT;L;BEBIDAS;PRD01257;;GASEOSA FANTA 3 LT;BOTELLA;3;BOTELLA;BOTELLA x 3 L;1;1;1
ING01130;FANTA NARANJA X 1.75 LT;UND;ABARROTES;PRD03947;;CAJA CHICA - FANTA NARANJA X 1.75 LT;BOTELLA;1;BOTELLA;BOTELLA x 1 UND;1;1;1
ING01131;FIBRA EXTRA DURA 250X120X25 NEGRO;UND;LIMPIEZA;PRD01379;;FIBRA EXTRA DURA 250X120X25 NEGRO;UNIDAD;1;UNIDAD;UNIDAD x 1 UND;1;1;1
ING01131;FIBRA EXTRA DURA 250X120X25 NEGRO;UND;LIMPIEZA;PRD01380;;FIBRA EXTRA DURA 250X120X25 NEGRO CORTADA EN 2 UND;UNIDAD;1;UNIDAD;UNIDAD x 1 UND;1;1;1
ING01132;FIDEO 250 GR;UND;ABARROTES;PRD03637;;CAJA CHICA - FIDEO 250 GR;PAQUETE;1;PAQUETE;PAQUETE x 1 UND;1;1;1
ING01133;FIDEO ARITO;KG;ABARROTES;PRD00038;;FIDEO ARITO DON VITTORIO 250 GR;PAQUETE;0.25;PAQUETE;PAQUETE x 0.25 KG;1;1;1
ING01134;FIDEO CABELLO DE ANGEL;KG;ABARROTES;PRD00032;;FIDEO CABELLO DE ANGEL LAVAGGI 250 GR;PAQUETE;0.25;PAQUETE;PAQUETE x 0.25 KG;1;1;1
ING01134;FIDEO CABELLO DE ANGEL;KG;ABARROTES;PRD00043;;FIDEO CABELLO DE ANGEL MOLITALIA 250 GR;PAQUETE;0.25;PAQUETE;PAQUETE x 0.25 KG;1;1;1
ING01134;FIDEO CABELLO DE ANGEL;KG;ABARROTES;PRD00183;;FIDEO CABELLO DE ANGEL BENOTI 250 GR;PAQUETE;0.25;PAQUETE;PAQUETE x 0.25 KG;1;1;1
ING01135;FIDEO CANUTO;KG;ABARROTES;PRD00033;;FIDEO CANUTO CHICO NICOLINI 250 GR;PAQUETE;0.25;PAQUETE;PAQUETE x 0.25 KG;1;1;1
ING01135;FIDEO CANUTO;KG;ABARROTES;PRD00039;;FIDEO CANUTO RAYADO DON VITTORIO 250 GR;PAQUETE;0.25;PAQUETE;PAQUETE x 0.25 KG;1;1;1
ING01135;FIDEO CANUTO;KG;ABARROTES;PRD00040;;FIDEO CANUTO CHICO DON VITTORIO 250/235 GR;PAQUETE;0.235;PAQUETE;PAQUETE x 0.235 KG;1;1;1
ING01135;FIDEO CANUTO;KG;ABARROTES;PRD00131;;FIDEO CANUTO GRANDE DEL CIELO 250 GR;PAQUETE;0.25;PAQUETE;PAQUETE x 0.25 KG;1;1;1
ING01135;FIDEO CANUTO;KG;ABARROTES;PRD00133;;FIDEO CANUTO MOLITALIA 235 GR;PAQUETE;0.235;PAQUETE;PAQUETE x 0.235 KG;1;1;1
ING01135;FIDEO CANUTO;KG;ABARROTES;PRD00141;;FIDEO CANUTO MOLITALIA 250 GR;PAQUETE;0.25;PAQUETE;PAQUETE x 0.25 KG;1;1;1
ING01135;FIDEO CANUTO;KG;ABARROTES;PRD00172;;FIDEO CANUTO (PLUMA) MOLITALIA 250 GR;PAQUETE;0.25;PAQUETE;PAQUETE x 0.25 KG;1;1;1
ING01135;FIDEO CANUTO;KG;ABARROTES;PRD00177;;FIDEO CANUTIN BENOTI 250 GR;PAQUETE;0.25;PAQUETE;PAQUETE x 0.25 KG;1;1;1
ING01135;FIDEO CANUTO;KG;ABARROTES;PRD00182;;FIDEO CANUTO BENOTI 250 GR;PAQUETE;0.25;PAQUETE;PAQUETE x 0.25 KG;1;1;1
ING01136;FIDEO CANUTO (UND);UND;ABARROTES;PRD03055;;CAJA CHICA - FIDEO CANUTO NICOLINI X 250 GR;UNIDAD;1;UNIDAD;UNIDAD x 1 UND;1;1;1
ING01137;FIDEO CARACOL;KG;ABARROTES;PRD00041;;FIDEO CARACOL LAVAGGI 250 GR;PAQUETE;0.25;PAQUETE;PAQUETE x 0.25 KG;1;1;1
ING01137;FIDEO CARACOL;KG;ABARROTES;PRD00053;;FIDEO CARACOL CHICO DON VITTORIO 250 GR;PAQUETE;0.25;PAQUETE;PAQUETE x 0.25 KG;1;1;1
ING01137;FIDEO CARACOL;KG;ABARROTES;PRD00130;;FIDEO CARACOL DEL CIELO 250 GR;PAQUETE;0.25;PAQUETE;PAQUETE x 0.25 KG;1;1;1
ING01137;FIDEO CARACOL;KG;ABARROTES;PRD00132;;FIDEO CARACOL CHICO MOLITALIA 235 GR;PAQUETE;0.235;PAQUETE;PAQUETE x 0.235 KG;1;1;1
ING01137;FIDEO CARACOL;KG;ABARROTES;PRD00173;;FIDEO CARACOL CHICO MOLITALIA 250 GR;PAQUETE;0.25;PAQUETE;PAQUETE x 0.25 KG;1;1;1
ING01137;FIDEO CARACOL;KG;ABARROTES;PRD00178;;FIDEO CARACOL CHICO BENOTI 250 GR;PAQUETE;0.25;PAQUETE;PAQUETE x 0.25 KG;1;1;1
ING01137;FIDEO CARACOL;KG;ABARROTES;PRD00180;;FIDEO CARACOL RAYADO BENOTI 250 GR;PAQUETE;0.25;PAQUETE;PAQUETE x 0.25 KG;1;1;1
ING01138;FIDEO CARACOL CHICO DON VITTORIO 250 GR;UND;ABARROTES;PRD04158;;CAJA CHICA - FIDEO CARACOL CHICO DON VITTORIO 250 GR;PAQUETE;1;PAQUETE;PAQUETE x 1 UND;1;1;1
ING01139;FIDEO CARACOL CHICO MOLITALIA 250GR;KG;;PRD00140;;FIDEO CARACOL CHICO MOLITALIA 250GR;PAQUETE;0.25;PAQUETE;PAQUETE x 0.25 KG;1;1;1
ING01140;FIDEO CARACOL X 250 GR;UND;ABARROTES;PRD03541;;CAJA CHICA - FIDEO CARACOL X 250 GR;PAQUETE;1;PAQUETE;PAQUETE x 1 UND;1;1;1
ING01141;FIDEO CHINO;KG;ABARROTES;PRD00444;;FIDEO CHINO;KILOGRAMO;1;KILOGRAMO;KILOGRAMO x 1 KG;1;1;1
ING01142;FIDEO CODITO;KG;ABARROTES;PRD00030;;FIDEO CODITO CHICO DON VITTORIO 250 GR;PAQUETE;0.25;PAQUETE;PAQUETE x 0.25 KG;1;1;1
ING01142;FIDEO CODITO;KG;ABARROTES;PRD00189;;FIDEO CODO MEDIANO MOLITALIA 250 GR;PAQUETE;0.25;PAQUETE;PAQUETE x 0.25 KG;1;1;1
ING01143;FIDEO CODITO CHICO NICOLINI 250 GR;UND;ABARROTES;PRD03056;;CAJA CHICA - FIDEO CODITO CHICO NICOLINI 250 GR;UNIDAD;1;UNIDAD;UNIDAD x 1 UND;1;1;1
ING01144;FIDEO CODO RAYADO;KG;ABARROTES;PRD00037;;FIDEO CODO RAYADO DON VITTORIO 250/225 GR;PAQUETE;0.225;PAQUETE;PAQUETE x 0.225 KG;1;1;1
ING01144;FIDEO CODO RAYADO;KG;ABARROTES;PRD00045;;FIDEO CODO MEDIANO RAYADO MOLITALIA 250 GR;PAQUETE;0.25;PAQUETE;PAQUETE x 0.25 KG;1;1;1
ING01144;FIDEO CODO RAYADO;KG;ABARROTES;PRD00136;;FIDEO CODO MEDIANO RAYADO MOLITALIA 235 GR;PAQUETE;0.235;PAQUETE;PAQUETE x 0.235 KG;1;1;1
ING01144;FIDEO CODO RAYADO;KG;ABARROTES;PRD00144;;FIDEO CODO MEDIANO RAYADO MOLITALIA 250GR;PAQUETE;0.25;PAQUETE;PAQUETE x 0.25 KG;1;1;1
ING01144;FIDEO CODO RAYADO;KG;ABARROTES;PRD00175;;FIDEO CODO RAYADO MOLITALIA 250 GR;PAQUETE;0.25;PAQUETE;PAQUETE x 0.25 KG;1;1;1
ING01144;FIDEO CODO RAYADO;KG;ABARROTES;PRD00176;;FIDEO CODO RAYADO NICOLLINI 250 GR;PAQUETE;0.25;PAQUETE;PAQUETE x 0.25 KG;1;1;1
ING01144;FIDEO CODO RAYADO;KG;ABARROTES;PRD00179;;FIDEO CODO RAYADO BENOTI 250 GR;PAQUETE;0.25;PAQUETE;PAQUETE x 0.25 KG;1;1;1
ING01145;FIDEO CORBATA;KG;ABARROTES;PRD00029;;FIDEO CORBATA CHICO DON VITTORIO 250 GR;PAQUETE;0.25;PAQUETE;PAQUETE x 0.25 KG;1;1;1
ING01145;FIDEO CORBATA;KG;ABARROTES;PRD00036;;FIDEO CORBATA GRANDE NICOLINI 250 GR ( 15320 );PAQUETE;0.25;PAQUETE;PAQUETE x 0.25 KG;1;1;1
ING01145;FIDEO CORBATA;KG;ABARROTES;PRD00174;;FIDEO CORBATA MOLITALIA 250 GR;PAQUETE;0.25;PAQUETE;PAQUETE x 0.25 KG;1;1;1
ING01146;FIDEO CORBATA NICOLINI 250 GR;UND;ABARROTES;PRD03057;;CAJA CHICA - FIDEO CORBATA NICOLINI 250 GR;UNIDAD;1;UNIDAD;UNIDAD x 1 UND;1;1;1
ING01147;FIDEO FETUCCINI AL HUEVO;KG;ABARROTES;PRD00187;;FIDEO FETUCCINI C/HUEVO NICOLINI 500 GR;PAQUETE;0.5;PAQUETE;PAQUETE x 0.5 KG;1;1;1
ING01148;FIDEO FUSSILI 250 GR;UND;ABARROTES;PRD02919;;CAJA CHICA - FIDEO FUSSILI 250 GR;PAQUETE;1;PAQUETE;PAQUETE x 1 UND;1;1;1
ING01149;FIDEO KUISHUPAI ANCHO 250 GR;UND;ABARROTES;PRD01676;;CAJA CHICA - FIDEO KUISHUPAI ANCHO 250 GR;PAQUETE;1;PAQUETE;PAQUETE x 1 UND;1;1;1
ING01150;FIDEO KUISHUPAI ANCHO 250GR;UND;ABARROTES;PRD04117;;CAJA CHICA - FIDEO KUISHUPAI ANCHO 250GR;GRAMO;1;GRAMO;GRAMO x 1 UND;1;1;1
ING01151;FIDEO MACARRON;KG;ABARROTES;PRD00135;;FIDEO MACARRON MOLITALIA 235 GR;PAQUETE;0.235;PAQUETE;PAQUETE x 0.235 KG;1;1;1
ING01151;FIDEO MACARRON;KG;ABARROTES;PRD00188;;FIDEO MACARRON MOLITALIA 250 GR;PAQUETE;0.25;PAQUETE;PAQUETE x 0.25 KG;1;1;1
ING01152;FIDEO MACARRON MOLITALIA 250GR;KG;;PRD00143;;FIDEO MACARRON MOLITALIA 250GR;PAQUETE;0.25;PAQUETE;PAQUETE x 0.25 KG;1;1;1
ING01153;FIDEO MUNICION 250 GR;UND;ABARROTES;PRD03590;;CAJA CHICA - FIDEO MUNICION 250 GR;PAQUETE;1;PAQUETE;PAQUETE x 1 UND;1;1;1
ING01154;FIDEO PARA SOPA X 250 GR;UND;ABARROTES;PRD03542;;CAJA CHICA - FIDEO PARA SOPA X 250 GR;PAQUETE;1;PAQUETE;PAQUETE x 1 UND;1;1;1
ING01155;FIDEO RIGATONI;KG;ABARROTES;PRD00046;;FIDEO RIGATONI MOLITALIA 250 GR;PAQUETE;0.25;PAQUETE;PAQUETE x 0.25 KG;1;1;1
ING01155;FIDEO RIGATONI;KG;ABARROTES;PRD00181;;FIDEO RIGATONI BENOTI 250 GR;PAQUETE;0.25;PAQUETE;PAQUETE x 0.25 KG;1;1;1
ING01156;FIDEO RIGATONI NICOLINI 250 GR;UND;ABARROTES;PRD03058;;CAJA CHICA - FIDEO RIGATONI NICOLINI 250 GR;UNIDAD;1;UNIDAD;UNIDAD x 1 UND;1;1;1
ING01157;FIDEO SA HO FAN X 1 KG;KG;ABARROTES;PRD04064;;CAJA CHICA - FIDEO SA HO FAN X 1 KG;BOLSA;1;BOLSA;BOLSA x 1 KG;1;1;1
ING01158;FIDEO SPAGHETI NICOLINI X 10 KG;UND;ABARROTES;PRD03059;;CAJA CHICA - FIDEO SPAGHETI NICOLINI X 10 KG;UNIDAD;1;UNIDAD;UNIDAD x 1 UND;1;1;1
ING01159;FIDEO SPAGUETTI;KG;ABARROTES;PRD00031;;FIDEO SPAGUETTI DON VITTORIO 500 GR;PAQUETE;0.5;PAQUETE;PAQUETE x 0.5 KG;1;1;1
ING01159;FIDEO SPAGUETTI;KG;ABARROTES;PRD00034;;FIDEO SPAGUETTI NICOLINI 500/450 GR;PAQUETE;0.45;PAQUETE;PAQUETE x 0.45 KG;1;1;1
ING01159;FIDEO SPAGUETTI;KG;ABARROTES;PRD00042;;FIDEO SPAGUETTI MOLITALIA 500 GR;PAQUETE;0.5;PAQUETE;PAQUETE x 0.5 KG;1;1;1
ING01159;FIDEO SPAGUETTI;KG;ABARROTES;PRD00128;;FIDEO SPAGUETTI MOLITALIA 450 GR;PAQUETE;0.45;PAQUETE;PAQUETE x 0.45 KG;1;1;1
ING01159;FIDEO SPAGUETTI;KG;ABARROTES;PRD00129;;FIDEO SPAGUETTI DEL CIELO 500 GR;PAQUETE;0.5;PAQUETE;PAQUETE x 0.5 KG;1;1;1
ING01159;FIDEO SPAGUETTI;KG;ABARROTES;PRD00137;;FIDEO SPAGUETTI MOLITALIA 950 GR;PAQUETE;0.95;PAQUETE;PAQUETE x 0.95 KG;1;1;1
ING01159;FIDEO SPAGUETTI;KG;ABARROTES;PRD00145;;FIDEO SPAGUETTI MOLITALIA 500GR;PAQUETE;0.5;PAQUETE;PAQUETE x 0.5 KG;1;1;1
ING01159;FIDEO SPAGUETTI;KG;ABARROTES;PRD00168;;FIDEO SPAGUETTI DON VITTORIO 10 KG;PAQUETE;10;PAQUETE;PAQUETE x 10 KG;1;1;1
ING01159;FIDEO SPAGUETTI;KG;ABARROTES;PRD00170;;FIDEO SPAGUETTI SAN JORGE 500 GR;PAQUETE;0.5;PAQUETE;PAQUETE x 0.5 KG;1;1;1
ING01159;FIDEO SPAGUETTI;KG;ABARROTES;PRD00171;;FIDEO SPAGUETTI LAVAGGI 10 KG (E);PAQUETE;10;PAQUETE;PAQUETE x 10 KG;1;1;1
ING01159;FIDEO SPAGUETTI;KG;ABARROTES;PRD00185;;FIDEO SPAGUETTI BENOTI 500 GR;PAQUETE;0.5;PAQUETE;PAQUETE x 0.5 KG;1;1;1
ING01159;FIDEO SPAGUETTI;KG;ABARROTES;PRD00186;;FIDEO SPAGUETTI BENOTI 10 KG;BOLSA;10;BOLSA;BOLSA x 10 KG;1;1;1
ING01160;FIDEO SPAGUETTI MOLITALIA 950 GR (CXEMER);KG;;PRD00146;;FIDEO SPAGUETTI MOLITALIA 950 GR (CXEMER);PAQUETE;0.95;PAQUETE;PAQUETE x 0.95 KG;1;1;1
ING01161;FIDEO SPAGUETTY ALIANZA X KG;KG;ABARROTES;PRD02703;;CAJA CHICA - FIDEO SPAGUETTY ALIANZA X KG;KILOGRAMO;1;KILOGRAMO;KILOGRAMO x 1 KG;1;1;1
ING01162;FIDEO TORNILLO;KG;ABARROTES;PRD00028;;FIDEO TORNILLO DON VITTORIO 250/225 GR;PAQUETE;0.225;PAQUETE;PAQUETE x 0.225 KG;1;1;1
ING01162;FIDEO TORNILLO;KG;ABARROTES;PRD00035;;FIDEO TORNILLO NICOLINI 250 GR;PAQUETE;0.25;PAQUETE;PAQUETE x 0.25 KG;1;1;1
ING01162;FIDEO TORNILLO;KG;ABARROTES;PRD00044;;FIDEO TORNILLO MOLITALIA 250 GR;PAQUETE;0.25;PAQUETE;PAQUETE x 0.25 KG;1;1;1
ING01162;FIDEO TORNILLO;KG;ABARROTES;PRD00134;;FIDEO TORNILLO MOLITALIA 235 GR;PAQUETE;0.235;PAQUETE;PAQUETE x 0.235 KG;1;1;1
ING01162;FIDEO TORNILLO;KG;ABARROTES;PRD00142;;FIDEO TORNILLO MOLITALIA 250GR;PAQUETE;0.25;PAQUETE;PAQUETE x 0.25 KG;1;1;1
ING01162;FIDEO TORNILLO;KG;ABARROTES;PRD00169;;FIDEO TORNILLO DON VITTORIO 400 GR;PAQUETE;0.4;PAQUETE;PAQUETE x 0.4 KG;1;1;1
ING01162;FIDEO TORNILLO;KG;ABARROTES;PRD00184;;FIDEO TORNILLO BENOTI 250 GR;PAQUETE;0.25;PAQUETE;PAQUETE x 0.25 KG;1;1;1
ING01163;FIDEO TORNILLO CHICO NICOLINI X 250 GR;UND;ABARROTES;PRD03060;;CAJA CHICA - FIDEO TORNILLO CHICO NICOLINI X 250 GR;UNIDAD;1;UNIDAD;UNIDAD x 1 UND;1;1;1
ING01164;FIDEO TORNILLO DON VITTORIO 250 GR;UND;ABARROTES;PRD04157;;CAJA CHICA - FIDEO TORNILLO DON VITTORIO 250 GR;PAQUETE;1;PAQUETE;PAQUETE x 1 UND;1;1;1
ING01165;FIDEOS PICANTE SABOR A CARNE 110 GR;UND;ABARROTES;PRD01672;;CAJA CHICA - FIDEOS PICANTE SABOR A CARNE 110 GR;PAQUETE;1;PAQUETE;PAQUETE x 1 UND;1;1;1
ING01166;FIDEOS SABOR A CARNE 110 GR;UND;ABARROTES;PRD01671;;CAJA CHICA - FIDEOS SABOR A CARNE 110 GR;PAQUETE;1;PAQUETE;PAQUETE x 1 UND;1;1;1
ING01167;FIDEOS SABOR A CERDO 110 GR;UND;CONGELADOS;PRD01674;;CAJA CHICA - FIDEOS SABOR A CERDO 110 GR;PAQUETE;1;PAQUETE;PAQUETE x 1 UND;1;1;1
ING01168;FIDEOS SABOR A MARISCOS 110 GR;UND;ABARROTES;PRD01673;;CAJA CHICA - FIDEOS SABOR A MARISCOS 110 GR;PAQUETE;1;PAQUETE;PAQUETE x 1 UND;1;1;1
ING01169;FIDEOS SABOR AJO / JEMGIBRE CHILES PICANTE 110;UND;ABARROTES;PRD01675;;CAJA CHICA - FIDEOS SABOR AJO / JEMGIBRE CHILES PICANTE 110;PAQUETE;1;PAQUETE;PAQUETE x 1 UND;1;1;1
ING01170;FILETE DE PECHUGA DE POLLO (90-150 GR) S/PIEL R;KG;;PRD02795;;CAJA CHICA - FILETE DE PECHUGA DE POLLO (90-150 GR) S/PIEL R;KILOGRAMO;1;KILOGRAMO;KILOGRAMO x 1 KG;1;1;1
ING01171;FILETE DE SALMON X KG;KG;ABARROTES;PRD03861;;CAJA CHICA - FILETE DE SALMON X KG;KILOGRAMO;1;KILOGRAMO;KILOGRAMO x 1 KG;1;1;1
ING01172;FILM PLASTICO 18 X 1400;UND;DESCARTABLES;PRD02313;;"STRECH FILM DE GRADO ALIMENTARIO ROLLO 18"" X 1400 MT";UNIDAD;1;UNIDAD;UNIDAD x 1 UND;1;1;1
ING01172;FILM PLASTICO 18 X 1400;UND;DESCARTABLES;PRD02556;;"STRECH FILM DE GRADO ALIMENTARIO ROLLO 18"" X 1400MT X 9U";UNIDAD;1;UNIDAD;UNIDAD x 1 UND;1;1;1
ING01172;FILM PLASTICO 18 X 1400;UND;DESCARTABLES;PRD03091;;CAJA CHICA - PLASTI FILM;UNIDAD;1;UNIDAD;UNIDAD x 1 UND;1;1;1
ING01173;FILM PLASTICO 18 X 5000;UND;DESCARTABLES;PRD03286;;CAJA CHICA - FILM PLASTICO 18 X 5000;ROLLO;1;ROLLO;ROLLO x 1 UND;1;1;1
ING01174;FINAS HIERBAS;UND;REFRIGERADOS;PRD03457;;CAJA CHICA - FINAS HIERBAS;UNIDAD;1;UNIDAD;UNIDAD x 1 UND;1;1;1
ING01175;FINGER DE YUCA CON QUESO 20 G CONGELADO;UND;CONGELADOS;PRD01969;;FINGER DE YUCA CON QUESO 20 GR CONGELADO;UNIDAD;1;UNIDAD;UNIDAD x 1 UND;1;1;1
ING01176;FLAN DE CHOCOLATE GELANDINA 5 KG;UND;ABARROTES;PRD03568;;CAJA CHICA - FLAN DE CHOCOLATE GELANDINA 5 KG;BOLSA;1;BOLSA;BOLSA x 1 UND;1;1;1
ING01177;FLAN DE CHOCOLATE INSTANTANEO;KG;ABARROTES;PRD01008;;FLAN DE CHOCOLATE CEYLAN 5 KG;BOLSA;5;BOLSA;BOLSA x 5 KG;1;1;1
ING01178;FLAN DE CHOCOLATE INSTANTANEO 5 KG;UND;ABARROTES;PRD03411;;CAJA CHICA - FLAN DE CHOCOLATE INSTANTANEO 5 KG;BOLSA;1;BOLSA;BOLSA x 1 UND;1;1;1
ING01179;FLAN DE MANJAR BLANCO INSTANTANEO;KG;ABARROTES;PRD03386;;CAJA CHICA - FLAN DE MANJAR BLANCO INSTANTANEO;KILOGRAMO;1;KILOGRAMO;KILOGRAMO x 1 KG;1;1;1
ING01180;FLAN DE VAINILLA INSTANTANEO;KG;ABARROTES;PRD00949;;FLAN DE VAINILLA UNIVERSAL 150 GR;BOLSA;0.15;BOLSA;BOLSA x 0.15 KG;1;1;1
ING01180;FLAN DE VAINILLA INSTANTANEO;KG;ABARROTES;PRD00951;;FLAN DE VAINILLA MELOSITA 5 KG;BOLSA;5;BOLSA;BOLSA x 5 KG;1;1;1
ING01180;FLAN DE VAINILLA INSTANTANEO;KG;ABARROTES;PRD01027;;FLAN DE VAINILLA CEYLAN 5 KG;BOLSA;5;BOLSA;BOLSA x 5 KG;1;1;1
ING01180;FLAN DE VAINILLA INSTANTANEO;KG;ABARROTES;PRD01034;;FLAN DE VAINILLA LEAL 5 KG;BOLSA;5;BOLSA;BOLSA x 5 KG;1;1;1
ING01181;FLAN DE VAINILLA ROYAL 250 GR;UND;ABARROTES;PRD03061;;CAJA CHICA - FLAN DE VAINILLA ROYAL 250 GR;UNIDAD;1;UNIDAD;UNIDAD x 1 UND;1;1;1
ING01182;FLAN LUCUMA KG;KG;ABARROTES;PRD02959;;CAJA CHICA - FLAN LUCUMA KG;KILOGRAMO;1;KILOGRAMO;KILOGRAMO x 1 KG;1;1;1
ING01183;FLAN VAINILLA X 80 GR;UND;ABARROTES;PRD03168;;CAJA CHICA - FLAN VAINILLA X 80 GR;SOBRE;1;SOBRE;SOBRE x 1 UND;1;1;1
ING01184;FLOR DE JAMAICA KG;KG;ABARROTES;PRD01637;;CAJA CHICA - FLOR DE JAMAICA KG;KILOGRAMO;1;KILOGRAMO;KILOGRAMO x 1 KG;1;1;1
ING01185;FOAMING ACID CLEANER FP SPARTAN - DETERGENTE ACIDO;L;LIMPIEZA;PRD02516;;FOAMING ACID CLEANER FP SPARTAN 3.875 LITROS;GALON;3.875;GALON;GALON x 3.875 L;1;1;1
ING01185;FOAMING ACID CLEANER FP SPARTAN - DETERGENTE ACIDO;L;LIMPIEZA;PRD02525;;FOAMING ACID CLEANER FP SPARTAN 5 LITROS;UNIDAD;5;UNIDAD;UNIDAD x 5 L;1;1;1
ING01185;FOAMING ACID CLEANER FP SPARTAN - DETERGENTE ACIDO;L;LIMPIEZA;PRD02534;;FOAMING ACID CLEANER FP SPARTAN 19 LITROS;BIDON;19;BIDON;BIDON x 19 L;1;1;1
ING01186;FOCHIS MANI 16 GR;UND;ABARROTES;PRD01100;;CHOCOLATE FOCHIS MANI 16 GR;UNIDAD;1;UNIDAD;UNIDAD x 1 UND;1;1;1
ING01187;FOLLAJE HIERBA 62;UND;ABARROTES;PRD03682;;CAJA CHICA - FOLLAJE HIERBA 62;UNIDAD;1;UNIDAD;UNIDAD x 1 UND;1;1;1
ING01188;FORTIFICANTE MILO KG.;KG;ABARROTES;PRD00088;;ACHOCOLATADO MILO NESTLE 400 GR;LATA;0.4;LATA;LATA x 0.4 KG;1;1;1
ING01188;FORTIFICANTE MILO KG.;KG;ABARROTES;PRD00473;;ACHOCOLATADO MILO NESTLE 380 GR;LATA;0.38;LATA;LATA x 0.38 KG;1;1;1
ING01189;FORTIFICANTE NESQUICK 400 GR;UND;ABARROTES;PRD03418;;CAJA CHICA - FORTIFICANTE NESQUICK 400 GR;LATA;1;LATA;LATA x 1 UND;1;1;1
ING01190;FORTIFICANTE NESQUICK KG.;KG;ABARROTES;PRD00474;;ACHOCOLATADO NESQUICK NESTLE 380 GR;LATA;0.38;LATA;LATA x 0.38 KG;1;1;1
ING01191;FOSFORO DE MADERA;UND;KIOSKO;PRD02044;;FOSFORO DE MADERA INTI;UNIDAD;1;UNIDAD;UNIDAD x 1 UND;1;1;1
ING01192;FOSFORO PUNTA AZUL;UND;DESCARTABLES;PRD02920;;CAJA CHICA - FOSFORO PUNTA AZUL;CAJA;1;CAJA;CAJA x 1 UND;1;1;1
ING01193;FRANELA 50 X 60;UND;DESCARTABLES;PRD01595;;FRANELA RIBETEADA ROJA 50 X 60 CM;UNIDAD;1;UNIDAD;UNIDAD x 1 UND;1;1;1
ING01193;FRANELA 50 X 60;UND;DESCARTABLES;PRD03421;;CAJA CHICA - FRANELA 50 X 60;UNIDAD;1;UNIDAD;UNIDAD x 1 UND;1;1;1
ING01194;FRANELA AMARILLA 50 X 60 CM;UND;ABARROTES;PRD03710;;CAJA CHICA - FRANELA AMARILLA 50 X 60 CM;UNIDAD;1;UNIDAD;UNIDAD x 1 UND;1;1;1
ING01195;FRANELA BALLERINA SCOCHT BRITE;UND;ABARROTES;PRD03062;;CAJA CHICA - FRANELA BALLERINA SCOCHT BRITE;UNIDAD;1;UNIDAD;UNIDAD x 1 UND;1;1;1
ING01196;FRANELA BALLERINA VIRUTEX;UND;LIMPIEZA;PRD01402;;FRANELA BALLERINA VIRUTEX;UNIDAD;1;UNIDAD;UNIDAD x 1 UND;1;1;1
ING01197;FRANELA ROJA X METRO;UND;LIMPIEZA;PRD01408;;FRANELA ROJA X METRO;UNIDAD;1;UNIDAD;UNIDAD x 1 UND;1;1;1
ING01198;FREE PAPA ONDULADA X 16 GR;UND;ABARROTES;PRD03820;;CAJA CHICA - FREE PAPA ONDULADA X 16 GR;UNIDAD;1;UNIDAD;UNIDAD x 1 UND;1;1;1
ING01199;FREE PAPAS KARINTO X 23 GR;UND;ABARROTES;PRD03821;;CAJA CHICA - FREE PAPAS KARINTO X 23 GR;UNIDAD;1;UNIDAD;UNIDAD x 1 UND;1;1;1
ING01200;FREE PAPAS PICANTE X 23 GR;UND;ABARROTES;PRD03822;;CAJA CHICA - FREE PAPAS PICANTE X 23 GR;UNIDAD;1;UNIDAD;UNIDAD x 1 UND;1;1;1
ING01201;FREE TEA FRUTOS ROJOS 500ML;UND;ABARROTES;PRD01659;;CAJA CHICA - FREE TEA FRUTOS ROJOS 500ML;UNIDAD;1;UNIDAD;UNIDAD x 1 UND;1;1;1
ING01202;FREE TEA LIMON 500ML;UND;ABARROTES;PRD01660;;CAJA CHICA - FREE TEA LIMON 500ML;UNIDAD;1;UNIDAD;UNIDAD x 1 UND;1;1;1
ING01203;FREJOL COSTEÑO ROJO X 500 GR;UND;ABARROTES;PRD03749;;CAJA CHICA - FREJOL COSTEÑO ROJO X 500 GR;BOLSA;1;BOLSA;BOLSA x 1 UND;1;1;1
ING01204;FREJOLITO CHINO;KG;ABARROTES;PRD03109;;CAJA CHICA - FREJOLITO CHINO;KILOGRAMO;1;KILOGRAMO;KILOGRAMO x 1 KG;1;1;1
ING01205;FRESA;KG;ABARROTES;PRD03139;;CAJA CHICA - FRESA;KILOGRAMO;1;KILOGRAMO;KILOGRAMO x 1 KG;1;1;1
ING01206;FRESA ORGANICA;KG;ABARROTES;PRD03116;;CAJA CHICA - FRESA ORGANICA;KILOGRAMO;1;KILOGRAMO;KILOGRAMO x 1 KG;1;1;1
ING01207;FRESA PULPA CONGELADO;KG;CONGELADOS;PRD00579;;PULPA DE FRESA CONGELADO;KILOGRAMO;1;KILOGRAMO;KILOGRAMO x 1 KG;1;1;1
ING01207;FRESA PULPA CONGELADO;KG;CONGELADOS;PRD01869;;PULPA DE FRESA - FIFU;KILOGRAMO;1;KILOGRAMO;KILOGRAMO x 1 KG;1;1;1
ING01208;FRIJOL CABALLERO;KG;ABARROTES;PRD00049;;FRIJOL CABALLERO BELEN 5 KG;BOLSA;5;BOLSA;BOLSA x 5 KG;1;1;1
ING01208;FRIJOL CABALLERO;KG;ABARROTES;PRD00344;;FRIJOL CABALLERO LA SIEMBRA 5 KG;BOLSA;5;BOLSA;BOLSA x 5 KG;1;1;1
ING01208;FRIJOL CABALLERO;KG;ABARROTES;PRD02731;;CAJA CHICA - FRIJOL CABALLERO;KILOGRAMO;1;KILOGRAMO;KILOGRAMO x 1 KG;1;1;1
ING01209;FRIJOL CABALLERO 5 KG;UND;ABARROTES;PRD03560;;CAJA CHICA - FRIJOL CABALLERO 5 KG;BOLSA;1;BOLSA;BOLSA x 1 UND;1;1;1
ING01210;FRIJOL CANARIO;KG;ABARROTES;PRD00050;;FRIJOL CANARIO BELEN 5 KG;BOLSA;5;BOLSA;BOLSA x 5 KG;1;1;1
ING01210;FRIJOL CANARIO;KG;ABARROTES;PRD00345;;FRIJOL CANARIO LA SIEMBRA 5 KG;BOLSA;5;BOLSA;BOLSA x 5 KG;1;1;1
ING01210;FRIJOL CANARIO;KG;ABARROTES;PRD00358;;FRIJOL CANARIO KOMILON 5 KG;BOLSA;5;BOLSA;BOLSA x 5 KG;1;1;1
ING01210;FRIJOL CANARIO;KG;ABARROTES;PRD00364;;FRIJOL CANARIO KOMILON 500 GR;BOLSA;0.5;BOLSA;BOLSA x 0.5 KG;1;1;1
ING01210;FRIJOL CANARIO;KG;ABARROTES;PRD00373;;FRIJOL CANARIO CANTA CLARO 5 KG;BOLSA;5;BOLSA;BOLSA x 5 KG;1;1;1
ING01210;FRIJOL CANARIO;KG;ABARROTES;PRD00400;;FRIJOL CANARIO CANTA CLARO 500 GR;BOLSA;0.5;BOLSA;BOLSA x 0.5 KG;1;1;1
ING01211;FRIJOL CANARIO 5 KG;UND;ABARROTES;PRD03561;;CAJA CHICA - FRIJOL CANARIO 5 KG;BOLSA;1;BOLSA;BOLSA x 1 UND;1;1;1
ING01212;FRIJOL CANARIO A GRANEL;KG;ABARROTES;PRD03166;;CAJA CHICA - FRIJOL CANARIO A GRANEL;KILOGRAMO;1;KILOGRAMO;KILOGRAMO x 1 KG;1;1;1
ING01213;FRIJOL CANARIO PRE COCIDO;KG;ABARROTES;PRD03387;;CAJA CHICA - FRIJOL CANARIO PRE COCIDO;KILOGRAMO;1;KILOGRAMO;KILOGRAMO x 1 KG;1;1;1
ING01214;FRIJOL CHINO;KG;FFVV;PRD00450;;FRIJOL CHINO;KILOGRAMO;1;KILOGRAMO;KILOGRAMO x 1 KG;1;1;1
ING01215;FRIJOL CHINO (UND);UND;FFVV;PRD04084;;CAJA CHICA - FRIJOL CHINO;UNIDAD;1;UNIDAD;UNIDAD x 1 UND;1;1;1
ING01216;FRIJOL NEGRO 5 KG;UND;ABARROTES;PRD03563;;CAJA CHICA - FRIJOL NEGRO 5 KG;BOLSA;1;BOLSA;BOLSA x 1 UND;1;1;1
ING01217;FRIJOL NEGRO PRECOCIDO;KG;ABARROTES;PRD00634;;PRE ELABORADO RAM FRIJOL NEGRO 1 KG;BOLSA;1;BOLSA;BOLSA x 1 KG;1;1;1
ING01218;FRIJOL PANAMITO;KG;ABARROTES;PRD00341;;FRIJOL PANAMITO BELEN 5 KG;BOLSA;5;BOLSA;BOLSA x 5 KG;1;1;1
ING01218;FRIJOL PANAMITO;KG;ABARROTES;PRD00346;;FRIJOL PANAMITO LA SIEMBRA 5 KG;BOLSA;5;BOLSA;BOLSA x 5 KG;1;1;1
ING01219;FRIJOL PANAMITO 5 KG;UND;ABARROTES;PRD03562;;CAJA CHICA - FRIJOL PANAMITO 5 KG;BOLSA;1;BOLSA;BOLSA x 1 UND;1;1;1
ING01220;FRIJOL PINTO CANADIENSE LON 5 KG;KG;;PRD00303;;FRIJOL PINTO CANADIENSE LON 5 KG;BOLSA;5;BOLSA;BOLSA x 5 KG;1;1;1
ING01221;FRIJOL PINTO CANADIENSE LON 500 GR;KG;;PRD00304;;FRIJOL PINTO CANADIENSE LON 500 GR;BOLSA;0.5;BOLSA;BOLSA x 0.5 KG;1;1;1
ING01222;FRIJOLES CON TOCINO 560 GR;UND;ABARROTES;PRD03572;;CAJA CHICA - FRIJOLES CON TOCINO 560 GR;LATA;1;LATA;LATA x 1 UND;1;1;1
ING01223;FRIJOLES CON TOCINO LATA;UND;ABARROTES;PRD00816;;FRIJOL CON TOCINO SELECTA 560 GR;LATA;1;LATA;LATA x 1 UND;1;1;1
ING01224;FRIJOLES CON TOCINO LATA (KG);KG;ABARROTES;PRD00817;;FRIJOL CON TOCINO SELECTA 420 GR;LATA;0.42;LATA;LATA x 0.42 KG;1;1;1
ING01225;FRUGOS 236 ML;UND;ABARROTES;PRD03979;;CAJA CHICA - FRUGOS 236 ML;BOTELLA;1;BOTELLA;BOTELLA x 1 UND;1;1;1
ING01226;FRUGOS CASERO NARANJA X LT;UND;BEBIDAS;PRD03746;;CAJA CHICA - FRUGOS CASERO NARANJA X LT;BOTELLA;1;BOTELLA;BOTELLA x 1 UND;1;1;1
ING01227;FRUGOS DE DURAZNO 1 LITRO;L;ABARROTES;PRD01941;;CAJA CHICA - FRUGOS DE DURAZNO 1 LITRO;LITRO;1;LITRO;LITRO x 1 L;1;1;1
ING01228;FRUTA CONFITADA;KG;REFRIGERADOS;PRD02215;;FRUTA CONFITADA 4 ESTACIONES 1 KG - CAJA;BOLSA;1;BOLSA;BOLSA x 1 KG;1;1;1
ING01228;FRUTA CONFITADA;KG;REFRIGERADOS;PRD02218;;FRUTA CONFITADA 4 ESTACIONES 1 KG;BOLSA;1;BOLSA;BOLSA x 1 KG;1;1;1
ING01229;FRUTOS SECOS BELLO HORIZONTE 75 GR;UND;ABARROTES;PRD02732;;CAJA CHICA - FRUTOS SECOS BELLO HORIZONTE 75 GR;BOLSA;1;BOLSA;BOLSA x 1 UND;1;1;1
ING01230;FRUTOS SECOS VILLA MIXTURA 150 GR;UND;ABARROTES;PRD01615;;CAJA CHICA - FRUTOS SECOS VILLA MIXTURA 150 GR;BOLSA;1;BOLSA;BOLSA x 1 UND;1;1;1
ING01231;FRUTOS SECOS VILLA NATURA PREMIUM;UND;ABARROTES;PRD01614;;CAJA CHICA - FRUTOS SECOS VILLA NATURA PREMIUM;BOLSA;1;BOLSA;BOLSA x 1 UND;1;1;1
ING01232;FUDGE DE CHOCOLATE LA CABAÑA;UND;ABARROTES;PRD03063;;CAJA CHICA - FUDGE DE CHOCOLATE LA CABAÑA;UNIDAD;1;UNIDAD;UNIDAD x 1 UND;1;1;1
ING01233;FUDGE DE CHOCOLATE LT (KG);KG;ABARROTES;PRD00940;;FUDGE DE CHOCOLATE BAZO VELARDE 550 GR;BOTELLA;0.55;BOTELLA;BOTELLA x 0.55 KG;1;1;1
ING01234;G CASINO ALFAJOR;UND;ABARROTES;PRD00314;;GALLETA RELLENA ALFAJOR CASINO 51 GR;PAQUETE;1;PAQUETE;PAQUETE x 1 UND;1;1;1
ING01235;G CASINO COCO;UND;ABARROTES;PRD00332;;GALLETA RELLENA COCO CASINO 51/43 GR;PAQUETE;1;PAQUETE;PAQUETE x 1 UND;1;1;1
ING01236;G CASINO FRESA;UND;ABARROTES;PRD00294;;GALLETA RELLENA FRESA CASINO 51/43 GR;PAQUETE;1;PAQUETE;PAQUETE x 1 UND;1;1;1
ING01237;G CASINO LUCUMA;UND;ABARROTES;PRD00295;;GALLETA RELLENA LUCUMA CASINO 51/43 GR;PAQUETE;1;PAQUETE;PAQUETE x 1 UND;1;1;1
ING01238;G CASINO MENTA;UND;ABARROTES;PRD00296;;GALLETA RELLENA MENTA CASINO 51 GR;PAQUETE;1;PAQUETE;PAQUETE x 1 UND;1;1;1
ING01239;G CASINO VAINILLA;UND;ABARROTES;PRD00297;;GALLETA RELLENA VAINILLA CASINO 51/43 GR;PAQUETE;1;PAQUETE;PAQUETE x 1 UND;1;1;1
ING01240;G CHOCOSODA;UND;ABARROTES;PRD00281;;GALLETA CHOCOSODA NABISCO 39 GR;PAQUETE;1;PAQUETE;PAQUETE x 1 UND;1;1;1
ING01240;G CHOCOSODA;UND;ABARROTES;PRD00764;;GALLETA CHOCOSODA NABISCO 36 GR;PAQUETE;1;PAQUETE;PAQUETE x 1 UND;1;1;1
ING01241;G CHOMP CHOCOLATE;UND;ABARROTES;PRD00156;;GALLETA DULCE CHOCOLATE CHOMP 42/38 GR;PAQUETE;1;PAQUETE;PAQUETE x 1 UND;1;1;1
ING01242;G CHOMP NARANJA;UND;ABARROTES;PRD00292;;GALLETA DULCE NARANJA CHOMP 38 GR;PAQUETE;1;PAQUETE;PAQUETE x 1 UND;1;1;1
ING01243;G CLUB SOCIAL;UND;ABARROTES;PRD00280;;GALLETA SALADA CLUB SOCIAL NABISCO 26 GR;PAQUETE;1;PAQUETE;PAQUETE x 1 UND;1;1;1
ING01244;G CLUB SOCIAL INTEGRAL;UND;ABARROTES;PRD00321;;GALLETA INTEGRAL CLUB SOCIAL NABISCO 26 GR;PAQUETE;1;PAQUETE;PAQUETE x 1 UND;1;1;1
ING01245;G CORONITA CHOCOLATE 30 GR;UND;ABARROTES;PRD00313;;GALLETA RELLENA CHOCOLATE CORONITA NABISCO 30 GR;PAQUETE;1;PAQUETE;PAQUETE x 1 UND;1;1;1
ING01246;G DE SODA FIELD 36 GR;UND;ABARROTES;PRD02960;;CAJA CHICA - G DE SODA FIELD 36 GR;UNIDAD;1;UNIDAD;UNIDAD x 1 UND;1;1;1
ING01247;G DE SODA SAYON 27 GR;UND;ABARROTES;PRD02961;;CAJA CHICA - G DE SODA SAYON 27 GR;UNIDAD;1;UNIDAD;UNIDAD x 1 UND;1;1;1
ING01248;G GLACITAS TOFEE;UND;ABARROTES;PRD00315;;GALLETA DULCE TOFFE GLACITAS 32 GR;PAQUETE;1;PAQUETE;PAQUETE x 1 UND;1;1;1
ING01249;G KRAKER BRAN;UND;ABARROTES;PRD03458;;CAJA CHICA - G KRAKER BRAN;PAQUETE;1;PAQUETE;PAQUETE x 1 UND;1;1;1
ING01250;G MARQUESITAS NARANJA;UND;ABARROTES;PRD00336;;GALLETA DULCE NARANJA MARQUESITAS;PAQUETE;1;PAQUETE;PAQUETE x 1 UND;1;1;1
ING01251;G SAN JORGE ANIMALITOS TREN 150 GR;UND;ABARROTES;PRD00309;;GALLETA DE ANIMALITOS TREN SAN JORGE 150 GR;PAQUETE;1;PAQUETE;PAQUETE x 1 UND;1;1;1
ING01252;G TENTACION CHOCOLATE;UND;ABARROTES;PRD00284;;GALLETA DULCE CHOCOLATE TENTACION 45/43 GR;PAQUETE;1;PAQUETE;PAQUETE x 1 UND;1;1;1
ING01253;G TENTACION COCO;UND;ABARROTES;PRD00330;;GALLETA DULCE COCO TENTACION 45/43 GR;PAQUETE;1;PAQUETE;PAQUETE x 1 UND;1;1;1
ING01254;G TENTACION NARANJA;UND;ABARROTES;PRD00308;;GALLETA DULCE NARANJA TENTACION 45/43 GR;PAQUETE;1;PAQUETE;PAQUETE x 1 UND;1;1;1
ING01255;G WAFER FENIX FRESA 26 GR;UND;ABARROTES;PRD00337;;WAFER FRESA FENIX;PAQUETE;1;PAQUETE;PAQUETE x 1 UND;1;1;1
ING01256;G WAFER FENIX VAINILLA 26 GR;UND;ABARROTES;PRD02962;;CAJA CHICA - G WAFER FENIX VAINILLA 26 GR;UNIDAD;1;UNIDAD;UNIDAD x 1 UND;1;1;1
ING01257;G WAFER FRESA DIA 26 GR;UND;ABARROTES;PRD02963;;CAJA CHICA - G WAFER FRESA DIA 26 GR;UNIDAD;1;UNIDAD;UNIDAD x 1 UND;1;1;1
ING01258;GALLETA AQUA LIGHT;UND;ABARROTES;PRD02782;;CAJA CHICA - GALLETA AQUA LIGHT;UNIDAD;1;UNIDAD;UNIDAD x 1 UND;1;1;1
ING01259;GALLETA CASINO ALFAJOR X 6 UND;UND;ABARROTES;PRD03878;;CAJA CHICA - GALLETA CASINO ALFAJOR X 6 UND;PAQUETE;1;PAQUETE;PAQUETE x 1 UND;1;1;1
ING01260;GALLETA CASINO CHOCOLATE;UND;ABARROTES;PRD01464;;GALLETA RELLENA CHOCOLATE CASINO 51/43 GR;PAQUETE;1;PAQUETE;PAQUETE x 1 UND;1;1;1
ING01261;GALLETA CASINO CHOCOLATE X 6 UND;UND;ABARROTES;PRD03877;;CAJA CHICA - GALLETA CASINO CHOCOLATE X 6 UND;PAQUETE;1;PAQUETE;PAQUETE x 1 UND;1;1;1
ING01262;GALLETA CASINO COCO X 51 GR X 6 UND;UND;ABARROTES;PRD03823;;CAJA CHICA - GALLETA CASINO COCO X 51 GR X 6 UND;PAQUETE;1;PAQUETE;PAQUETE x 1 UND;1;1;1
ING01263;GALLETA CASINO LUCUMA 51 GR;UND;ABARROTES;PRD03328;;CAJA CHICA - GALLETA CASINO LUCUMA 51 GR;UNIDAD;1;UNIDAD;UNIDAD x 1 UND;1;1;1
ING01264;GALLETA CHARADA MANI X 6 UND;UND;ABARROTES;PRD03880;;CAJA CHICA - GALLETA CHARADA MANI X 6 UND;PAQUETE;1;PAQUETE;PAQUETE x 1 UND;1;1;1
ING01265;GALLETA CHIPS AHOY;UND;ABARROTES;PRD03064;;CAJA CHICA - GALLETA CHIPS AHOY;UNIDAD;1;UNIDAD;UNIDAD x 1 UND;1;1;1
ING01266;GALLETA CHOCO DONUTS 36 GR;UND;ABARROTES;PRD04033;;CAJA CHICA - GALLETA CHOCO DONUTS 36 GR;PAQUETE;1;PAQUETE;PAQUETE x 1 UND;1;1;1
ING01267;GALLETA CHOCOCHIPS CHIPS AHOY 37 GR;UND;ABARROTES;PRD00700;;GALLETA CHOCOCHIPS CHIPS AHOY 37 GR;PAQUETE;1;PAQUETE;PAQUETE x 1 UND;1;1;1
ING01268;GALLETA CHOCOCHIPS CHIPS AHOY 45 GR;UND;ABARROTES;PRD01467;;GALLETA CHOCOCHIPS CHIPS AHOY 45 GR;PAQUETE;1;PAQUETE;PAQUETE x 1 UND;1;1;1
ING01269;GALLETA CHOCOSODA;UND;ABARROTES;PRD04112;;CAJA CHICA - GALLETA CHOCOSODA;PAQUETE;1;PAQUETE;PAQUETE x 1 UND;1;1;1
ING01270;GALLETA CHOMP;UND;ABARROTES;PRD03065;;CAJA CHICA - GALLETA CHOMP;UNIDAD;1;UNIDAD;UNIDAD x 1 UND;1;1;1
ING01271;GALLETA CLASICA OREO 36 GR;UND;ABARROTES;PRD00114;;GALLETA CLASICA OREO 36 GR;PAQUETE;1;PAQUETE;PAQUETE x 1 UND;1;1;1
ING01272;GALLETA CLUB SOCIAL;UND;ABARROTES;PRD03066;;CAJA CHICA - GALLETA CLUB SOCIAL;UNIDAD;1;UNIDAD;UNIDAD x 1 UND;1;1;1
ING01273;GALLETA CORONITA 228 GR X 6 UND;UND;ABARROTES;PRD04036;;CAJA CHICA- GALLETA CORONITA 228 GR X 6 UND;GRAMO;1;GRAMO;GRAMO x 1 UND;1;1;1
ING01274;GALLETA COSTA COCO 32 GR;UND;ABARROTES;PRD00784;;GALLETA COSTA COCO 32 GR;UNIDAD;1;UNIDAD;UNIDAD x 1 UND;1;1;1
ING01275;GALLETA CRACK DIAS X 34 GR X 6 UND;UND;ABARROTES;PRD03824;;CAJA CHICA - GALLETA CRACK DIAS X 34 GR X 6 UND;PAQUETE;1;PAQUETE;PAQUETE x 1 UND;1;1;1
ING01276;GALLETA CRACKELET SNACK JAMON 47 GR;UND;ABARROTES;PRD00711;;GALLETA CRACKELET SNACK JAMON 47 GR;PAQUETE;1;PAQUETE;PAQUETE x 1 UND;1;1;1
ING01277;GALLETA CRACKELET SNACK ORIGINAL 47 GR;UND;ABARROTES;PRD00785;;GALLETA CRACKELET SNACK ORIGINAL 47 GR;PAQUETE;1;PAQUETE;PAQUETE x 1 UND;1;1;1
ING01278;GALLETA CRACKELET SNACK QUESO 47 GR;UND;ABARROTES;PRD00786;;GALLETA CRACKELET SNACK QUESO 47 GR;PAQUETE;1;PAQUETE;PAQUETE x 1 UND;1;1;1
ING01279;GALLETA CRAKINUA 153 GR;UND;ABARROTES;PRD03999;;CAJA CHICA - GALLETA CRAKINUA 153 GR;GRAMO;1;GRAMO;GRAMO x 1 UND;1;1;1
ING01280;GALLETA DE AGUA COSTA LIGHT (LINE) 42 GR;UND;;PRD00685;;GALLETA DE AGUA COSTA LIGHT (LINE) 42 GR;PAQUETE;1;PAQUETE;PAQUETE x 1 UND;1;1;1
ING01281;GALLETA DE AGUA COSTA LIGHT 44 GR;UND;ABARROTES;PRD00318;;GALLETA DE AGUA COSTA LIGHT (LINE) 44 GR;PAQUETE;1;PAQUETE;PAQUETE x 1 UND;1;1;1
ING01282;GALLETA DE ANIMALITOS TARZAN SAYON 40 GR;UND;ABARROTES;PRD00772;;GALLETA DE ANIMALITOS TARZAN SAYON 55 GR;PAQUETE;1;PAQUETE;PAQUETE x 1 UND;1;1;1
ING01283;GALLETA DE ANIMALITOS TREN SAN JORGE 60 GR;UND;ABARROTES;PRD00766;;GALLETA DE ANIMALITOS TREN SAN JORGE 60 GR;PAQUETE;1;PAQUETE;PAQUETE x 1 UND;1;1;1
ING01284;GALLETA DE AVENA NARANJA Y ZANAHORIA;UND;ABARROTES;PRD03662;;CAJA CHICA - GALLETA DE AVENA NARANJA Y ZANAHORIA;UNIDAD;1;UNIDAD;UNIDAD x 1 UND;1;1;1
ING01285;GALLETA DE SODA KG;KG;ABARROTES;PRD00703;;GALLETA SODA GOURMET SAN JORGE 250 GR;PAQUETE;0.25;PAQUETE;PAQUETE x 0.25 KG;1;1;1
ING01286;GALLETA DE VAINILLA;UND;ABARROTES;PRD02776;;CAJA CHICA - GALLETA DE VAINILLA;UNIDAD;1;UNIDAD;UNIDAD x 1 UND;1;1;1
ING01287;GALLETA DIVAS 34 GR;UND;ABARROTES;PRD04035;;CAJA CHICA - GALLETA DIVAS 34 GR;PAQUETE;1;PAQUETE;PAQUETE x 1 UND;1;1;1
ING01288;GALLETA DULCE CASINO MENTA;UND;ABARROTES;PRD04113;;CAJA CHICA - GALLETA DULCE CASINO MENTA;PAQUETE;1;PAQUETE;PAQUETE x 1 UND;1;1;1
ING01289;GALLETA DULCE CHIN CHIN CHOCOFORMAS 21 G;UND;ABARROTES;PRD00780;;GALLETA DULCE CHIN CHIN CHOCOFORMAS 21 GRM;PAQUETE;1;PAQUETE;PAQUETE x 1 UND;1;1;1
ING01290;GALLETA DULCE CHOCODONUTS COSTA 36 G;UND;ABARROTES;PRD00776;;GALLETA DULCE CHOCODONUTS COSTA 36 GR;UNIDAD;1;UNIDAD;UNIDAD x 1 UND;1;1;1
ING01291;GALLETA DULCE CHOCOLATE GLACITAS 32 GR;UND;ABARROTES;PRD00285;;GALLETA DULCE CHOCOLATE GLACITAS 32 GR ( 23434);PAQUETE;1;PAQUETE;PAQUETE x 1 UND;1;1;1
ING01292;GALLETA DULCE CHOCOLATE MOROCHA 30 GR;UND;ABARROTES;PRD00762;;GALLETA DULCE CHOCOLATE MOROCHA 30 GR;PAQUETE;1;PAQUETE;PAQUETE x 1 UND;1;1;1
ING01293;GALLETA DULCE CHOCONIEVE GLACITAS 32 GR;UND;ABARROTES;PRD00316;;GALLETA DULCE CHOCONIEVE GLACITAS 32 GR (23444);PAQUETE;1;PAQUETE;PAQUETE x 1 UND;1;1;1
ING01294;GALLETA DULCE FRESA GLACITAS 32 GR;UND;ABARROTES;PRD00312;;GALLETA DULCE FRESA GLACITAS 32 GR;PAQUETE;1;PAQUETE;PAQUETE x 1 UND;1;1;1
ING01295;GALLETA DULCE GLACITA CHOCOLATE;UND;ABARROTES;PRD04114;;CAJA CHICA - GALLETA DULCE GLACITA CHOCOLATE;PAQUETE;1;PAQUETE;PAQUETE x 1 UND;1;1;1
ING01296;GALLETA DULCE MORA GLACITA 36 GR.;UND;ABARROTES;PRD00741;;GALLETA DULCE MORA GLACITAS 32 GR;PAQUETE;1;PAQUETE;PAQUETE x 1 UND;1;1;1
ING01297;GALLETA DULCE MOROCHA CHOCOLATE 30 GR;UND;;PRD00735;;GALLETA DULCE MOROCHA CHOCOLATE 30 GR;PAQUETE;1;PAQUETE;PAQUETE x 1 UND;1;1;1
ING01298;GALLETA DULCE VAINILLA FIELD 37 GR;UND;ABARROTES;PRD02794;;CAJA CHICA - GALLETA DULCE VAINILLA FIELD 37 GR;UNIDAD;1;UNIDAD;UNIDAD x 1 UND;1;1;1
ING01299;GALLETA DULCE VAINILLA MARGARITA;UND;ABARROTES;PRD00293;;GALLETA DULCE VAINILLA MARGARITA;PAQUETE;1;PAQUETE;PAQUETE x 1 UND;1;1;1
ING01300;GALLETA DULCE VAINILLA MARGARITA X 46.5 GR;UND;ABARROTES;PRD04001;;CAJA CHICA - GALLETA DULCE VAINILLA MARGARITA X 46.5 GR;GRAMO;1;GRAMO;GRAMO x 1 UND;1;1;1
ING01301;GALLETA DULCE VAINILLA NABISCO 37 GR;UND;ABARROTES;PRD00279;;GALLETA DULCE VAINILLA NABISCO (FIELD) 37 GR;UNIDAD;1;UNIDAD;UNIDAD x 1 UND;1;1;1
ING01301;GALLETA DULCE VAINILLA NABISCO 37 GR;UND;ABARROTES;PRD00283;;GALLETA DULCE VAINILLA TENTACION 45/43 GR;PAQUETE;1;PAQUETE;PAQUETE x 1 UND;1;1;1
ING01301;GALLETA DULCE VAINILLA NABISCO 37 GR;UND;ABARROTES;PRD00684;;GALLETA DULCE VAINILLA TENTACION 45 GR;PAQUETE;1;PAQUETE;PAQUETE x 1 UND;1;1;1
ING01302;GALLETA FORTUNA X 30 GR;UND;ABARROTES;PRD03998;;CAJA CHICA - GALLETA FORTUNA X 30 GR;GRAMO;1;GRAMO;GRAMO x 1 UND;1;1;1
ING01303;GALLETA GLACITAS CHOCO NIEVES X 32 GR X6 UND;UND;ABARROTES;PRD03825;;CAJA CHICA - GALLETA GLACITAS CHOCO NIEVES X 32 GR X6 UND;PAQUETE;1;PAQUETE;PAQUETE x 1 UND;1;1;1
ING01304;GALLETA GRAN CEREAL CLASICA COSTA 36 GR;UND;ABARROTES;PRD00690;;GALLETA GRAN CEREAL CLASICA COSTA 36 GR;PAQUETE;1;PAQUETE;PAQUETE x 1 UND;1;1;1
ING01305;GALLETA GRAN CEREAL FIBRA CACAO COSTA 36 GR;UND;ABARROTES;PRD00691;;GALLETA GRAN CEREAL FIBRA CACAO COSTA 36 GR;PAQUETE;1;PAQUETE;PAQUETE x 1 UND;1;1;1
ING01306;GALLETA GRAN CEREAL FIBRA CACAO COSTA 40 GR;UND;ABARROTES;PRD00773;;GALLETA GRAN CEREAL FIBRA CACAO COSTA 40 GR;PAQUETE;1;PAQUETE;PAQUETE x 1 UND;1;1;1
ING01307;GALLETA INTEGRACKERS QUINUA 324 GR;UND;ABARROTES;PRD04000;;CAJA CHICA - GALLETA INTEGRACKERS QUINUA 324 GR;GRAMO;1;GRAMO;GRAMO x 1 UND;1;1;1
ING01308;GALLETA INTEGRAKERS SALVADO DE TRIGO;UND;ABARROTES;PRD00753;;GALLETA INTEGRALES INTEGRAKERS SALVADO DE TRIGO 30 GR;PAQUETE;1;PAQUETE;PAQUETE x 1 UND;1;1;1
ING01309;GALLETA INTEGRAL C/SALVADO;UND;ABARROTES;PRD03378;;CAJA CHICA - GALLETA INTEGRAL C/SALVADO;UNIDAD;1;UNIDAD;UNIDAD x 1 UND;1;1;1
ING01310;GALLETA INTEGRAL INTEGRACKERS MIEL;UND;ABARROTES;PRD03326;;CAJA CHICA - GALLETA INTEGRAL INTEGRACKERS MIEL;UNIDAD;1;UNIDAD;UNIDAD x 1 UND;1;1;1
ING01311;GALLETA INTEGRAL SALVADO DE TRIGO EL CEDRO UND;UND;ABARROTES;PRD02931;;CAJA CHICA - GALLETA INTEGRAL SALVADO DE TRIGO EL CEDRO UND;PAQUETE;1;PAQUETE;PAQUETE x 1 UND;1;1;1
ING01312;GALLETA MARQUESITA;UND;ABARROTES;PRD03067;;CAJA CHICA - GALLETA MARQUESITA;UNIDAD;1;UNIDAD;UNIDAD x 1 UND;1;1;1
ING01313;GALLETA MOROCHA;UND;ABARROTES;PRD03068;;CAJA CHICA - GALLETA MOROCHA;UNIDAD;1;UNIDAD;UNIDAD x 1 UND;1;1;1
ING01314;GALLETA OREO;UND;ABARROTES;PRD03069;;CAJA CHICA - GALLETA OREO;UNIDAD;1;UNIDAD;UNIDAD x 1 UND;1;1;1
ING01315;GALLETA PICARAS;UND;ABARROTES;PRD04109;;CAJA CHICA - GALLETA PICARAS;PAQUETE;1;PAQUETE;PAQUETE x 1 UND;1;1;1
ING01316;GALLETA REDONDA DE COCO;UND;ABARROTES;PRD03663;;CAJA CHICA - GALLETA REDONDA DE COCO;UNIDAD;1;UNIDAD;UNIDAD x 1 UND;1;1;1
ING01317;GALLETA RELLENA CANCUN 44 GR;UND;ABARROTES;PRD00752;;GALLETA RELLENA CANCUN 44 GR;PAQUETE;1;PAQUETE;PAQUETE x 1 UND;1;1;1
ING01318;GALLETA RELLENA CHOCOLATE FRAC 41 GR;UND;ABARROTES;PRD00694;;GALLETA RELLENA CHOCOLATE FRAC 41 GR;PAQUETE;1;PAQUETE;PAQUETE x 1 UND;1;1;1
ING01319;GALLETA RELLENA CHOCOLATE FRAC 45.5 GR;UND;ABARROTES;PRD00737;;GALLETA RELLENA CHOCOLATE FRAC 45.5 GR;PAQUETE;1;PAQUETE;PAQUETE x 1 UND;1;1;1
ING01320;GALLETA RELLENA CHOCOLATE GRETEL 34 GR;UND;ABARROTES;PRD00738;;GALLETA RELLENA CHOCOLATE GRETEL 34 GR;PAQUETE;1;PAQUETE;PAQUETE x 1 UND;1;1;1
ING01321;GALLETA RELLENA CLASICA FRAC 44 GR;UND;ABARROTES;PRD00781;;GALLETA RELLENA CLASICA FRAC 45.5/41 GR;PAQUETE;1;PAQUETE;PAQUETE x 1 UND;1;1;1
ING01322;GALLETA RELLENA COCO X 24 GR X 6 UND;UND;ABARROTES;PRD03826;;CAJA CHICA - GALLETA RELLENA COCO X 24 GR X 6 UND;PAQUETE;1;PAQUETE;PAQUETE x 1 UND;1;1;1
ING01323;GALLETA RELLENA MANJAR GRETEL 32 GR;UND;ABARROTES;PRD00692;;GALLETA RELLENA MANJAR GRETEL 32 GR;PAQUETE;1;PAQUETE;PAQUETE x 1 UND;1;1;1
ING01324;GALLETA RELLENA MANJAR GRETEL 34 GR;UND;ABARROTES;PRD00756;;GALLETA RELLENA MANJAR GRETEL 34/32 GR;PAQUETE;1;PAQUETE;PAQUETE x 1 UND;1;1;1
ING01325;GALLETA RELLENA MENTA CASINO 43 GR;UND;ABARROTES;PRD00683;;GALLETA RELLENA MENTA CASINO 43 GR;PAQUETE;1;PAQUETE;PAQUETE x 1 UND;1;1;1
ING01326;GALLETA RELLENA SURTIDA;UND;ABARROTES;PRD04111;;CAJA CHICA - GALLETA RELLENA SURTIDA;PAQUETE;1;PAQUETE;PAQUETE x 1 UND;1;1;1
ING01327;GALLETA RELLENA VAINILLA FRAC 41 GR;UND;ABARROTES;PRD00695;;GALLETA RELLENA VAINILLA FRAC 41 GR;PAQUETE;1;PAQUETE;PAQUETE x 1 UND;1;1;1
ING01328;GALLETA RELLENA VAINILLA FRAC 44 GR;UND;ABARROTES;PRD00740;;GALLETA RELLENA VAINILLA FRAC 45.5 GR;PAQUETE;1;PAQUETE;PAQUETE x 1 UND;1;1;1
ING01329;GALLETA RITZ X 22.4 GR;UND;ABARROTES;PRD04032;;CAJA CHICA - GALLETA RITZ X 22.4 GR;PAQUETE;1;PAQUETE;PAQUETE x 1 UND;1;1;1
ING01330;GALLETA SALADA CREAM CRACKER 316 GR;UND;ABARROTES;PRD00742;;GALLETA SALADA CREAM CRACKER 316 GR;PAQUETE;1;PAQUETE;PAQUETE x 1 UND;1;1;1
ING01330;GALLETA SALADA CREAM CRACKER 316 GR;UND;ABARROTES;PRD03745;;CAJA CHICA - GALLETA CREAM CRACKER X 316 GR;UNIDAD;1;UNIDAD;UNIDAD x 1 UND;1;1;1
ING01331;GALLETA SALADA CREAM CRACKER NABISCO 258 GR;UND;ABARROTES;PRD00702;;GALLETA SALADA CREAM CRACKER NABISCO 258 GR;PAQUETE;1;PAQUETE;PAQUETE x 1 UND;1;1;1
ING01332;GALLETA SALADA CREAM CRAKER NABISCO 295 G;UND;ABARROTES;PRD00774;;GALLETA SALADA CREAM CRAKER NABISCO 295 GRM;PAQUETE;1;PAQUETE;PAQUETE x 1 UND;1;1;1
ING01333;GALLETA SALADA CREAM CRAKER NABISCO 73.5 GR;UND;ABARROTES;PRD00327;;GALLETA SALADA CREAM CRAKER NABISCO 75 GR;PAQUETE;1;PAQUETE;PAQUETE x 1 UND;1;1;1
ING01333;GALLETA SALADA CREAM CRAKER NABISCO 73.5 GR;UND;ABARROTES;PRD00696;;GALLETA SALADA CREAM CRAKER 73.5 GR (EMER);PAQUETE;1;PAQUETE;PAQUETE x 1 UND;1;1;1
ING01333;GALLETA SALADA CREAM CRAKER NABISCO 73.5 GR;UND;ABARROTES;PRD00707;;GALLETA SALADA CREAM CRAKER NABISCO 73.5 GR (E);PAQUETE;1;PAQUETE;PAQUETE x 1 UND;1;1;1
ING01333;GALLETA SALADA CREAM CRAKER NABISCO 73.5 GR;UND;ABARROTES;PRD00763;;GALLETA SALADA CREAM CRAKER NABISCO 73.5 GR;PAQUETE;1;PAQUETE;PAQUETE x 1 UND;1;1;1
ING01334;GALLETA SALADA DE SODA DIA;UND;ABARROTES;PRD00334;;GALLETA SALADA DE SODA DIA 250 GR;PAQUETE;1;PAQUETE;PAQUETE x 1 UND;1;1;1
ING01335;GALLETA SALADA DE SODA SAYON;KG;ABARROTES;PRD00751;;GALLETA SALADA DE SODA SAYON 250 GR;PAQUETE;0.25;PAQUETE;PAQUETE x 0.25 KG;1;1;1
ING01336;GALLETA SALADA RITZ 22.4 GR;UND;ABARROTES;PRD00289;;GALLETA SALADA RITZ 22.4 GR;PAQUETE;1;PAQUETE;PAQUETE x 1 UND;1;1;1
ING01337;GALLETA SALADA SODA FIELD RECETA ORIGINAL 32 GR;UND;ABARROTES;PRD00688;;GALLETA SALADA DE SODA FIELD RECETA ORIGINAL NABISCO 32 GR;UNIDAD;1;UNIDAD;UNIDAD x 1 UND;1;1;1
ING01337;GALLETA SALADA SODA FIELD RECETA ORIGINAL 32 GR;UND;ABARROTES;PRD00697;;GALLETA SALADA DE SODA FIELD RECETA ORIGINAL NABISCO 32 GR (EMER);UNIDAD;1;UNIDAD;UNIDAD x 1 UND;1;1;1
ING01337;GALLETA SALADA SODA FIELD RECETA ORIGINAL 32 GR;UND;ABARROTES;PRD00701;;GALLETA SALADA DE SODA FIELD RECETA ORIGINAL NABISCO 34 GR;PAQUETE;1;PAQUETE;PAQUETE x 1 UND;1;1;1
ING01338;GALLETA SALADA SODA LINE COSTA 40 GR;UND;ABARROTES;PRD00686;;GALLETA SALADA SODA LINE COSTA 40 GR;PAQUETE;1;PAQUETE;PAQUETE x 1 UND;1;1;1
ING01338;GALLETA SALADA SODA LINE COSTA 40 GR;UND;ABARROTES;PRD00783;;GALLETA SALADA SODA LINE COSTA 42 GR;PAQUETE;1;PAQUETE;PAQUETE x 1 UND;1;1;1
ING01339;GALLETA SALADA SODA SAN JORGE 40 G;UND;ABARROTES;PRD00771;;GALLETA SALADA SODA SAN JORGE 40 GR;PAQUETE;1;PAQUETE;PAQUETE x 1 UND;1;1;1
ING01340;GALLETA SODA FIELD 34 GR;UND;ABARROTES;PRD02882;;CAJA CHICA - GALLETA SODA FIELD 34 GR;UNIDAD;1;UNIDAD;UNIDAD x 1 UND;1;1;1
ING01341;GALLETA SODA SAN JORGE BOLSA 90 GR;UND;ABARROTES;PRD04002;;CAJA CHICA - GALLETA SODA SAN JORGE BOLSA 90 GR;GRAMO;1;GRAMO;GRAMO x 1 UND;1;1;1
ING01342;GALLETA SODA SAN JORGE X 32 GR X 6 UND;UND;ABARROTES;PRD03827;;CAJA CHICA - GALLETA SODA SAN JORGE X 32 GR X 6 UND;PAQUETE;1;PAQUETE;PAQUETE x 1 UND;1;1;1
ING01343;GALLETA SODA V VICTORIA X 34 GR X 6 UND;UND;ABARROTES;PRD03828;;CAJA CHICA - GALLETA SODA V VICTORIA X 34 GR X 6 UND;PAQUETE;1;PAQUETE;PAQUETE x 1 UND;1;1;1
ING01344;GALLETA TENTACION;UND;ABARROTES;PRD03070;;CAJA CHICA - GALLETA TENTACION;UNIDAD;1;UNIDAD;UNIDAD x 1 UND;1;1;1
ING01345;GALLETA TENTACION COCO;UND;ABARROTES;PRD03347;;CAJA CHICA - GALLETA TENTACION COCO;UNIDAD;1;UNIDAD;UNIDAD x 1 UND;1;1;1
ING01346;GALLETA TENTACION NARANJA 318 GR X 6 UND;UND;ABARROTES;PRD04034;;CAJA CHICA - GALLETA TENTACION NARANJA 318 GR X 6 UND;PAQUETE;1;PAQUETE;PAQUETE x 1 UND;1;1;1
ING01347;GALLETA VAINILLA KG;KG;ABARROTES;PRD00335;;GALLETA DULCE VAINILLA DIA 250 GR;PAQUETE;0.25;PAQUETE;PAQUETE x 0.25 KG;1;1;1
ING01348;GALLETA WAFER FIELD VAINILLA 57.6 GR;UND;ABARROTES;PRD03379;;CAJA CHICA - GALLETA WAFER FIELD VAINILLA 57.6 GR;UNIDAD;1;UNIDAD;UNIDAD x 1 UND;1;1;1
ING01349;GALLETAS DE AVENA CON HIGO;UND;ABARROTES;PRD03659;;CAJA CHICA - GALLETAS DE AVENA CON HIGO;UNIDAD;1;UNIDAD;UNIDAD x 1 UND;1;1;1
ING01350;GALLETAS DE AVENA CON MANZANA;UND;ABARROTES;PRD03661;;CAJA CHICA - GALLETAS DE AVENA CON MANZANA;UNIDAD;1;UNIDAD;UNIDAD x 1 UND;1;1;1
ING01351;GALLETAS DE AVENA CON PLATANO;UND;ABARROTES;PRD03660;;CAJA CHICA - GALLETAS DE AVENA CON PLATANO;UNIDAD;1;UNIDAD;UNIDAD x 1 UND;1;1;1
ING01352;GALLETAS DE CAFÉ;UND;ABARROTES;PRD03658;;CAJA CHICA - GALLETAS DE CAFÉ;UNIDAD;1;UNIDAD;UNIDAD x 1 UND;1;1;1
ING01353;GALLETAS PICARAS X 40 GR;UND;ABARROTES;PRD04029;;CAJA CHICA - GALLETAS PICARAS X 40 GR;PAQUETE;1;PAQUETE;PAQUETE x 1 UND;1;1;1
ING01354;GALLINA ENTERA S/MENUD REFRIGERADA;KG;CONGELADOS;PRD03532;;CAJA CHICA - GALLINA ENTERA S/MENUD REFRIGERADA;KILOGRAMO;1;KILOGRAMO;KILOGRAMO x 1 KG;1;1;1
ING01355;GALLINA ENTERA SIN MENUDENCIA CONGELADO;KG;CONGELADOS;PRD01212;;GALLINA ENTERA SIN MENUDENCIA CONGELADO - IMPORTADO;KILOGRAMO;1;KILOGRAMO;KILOGRAMO x 1 KG;1;1;1
ING01355;GALLINA ENTERA SIN MENUDENCIA CONGELADO;KG;CONGELADOS;PRD01225;;GALLINA ENTERA CON MENUDENCIA CONGELADO;KILOGRAMO;1;KILOGRAMO;KILOGRAMO x 1 KG;1;1;1
ING01355;GALLINA ENTERA SIN MENUDENCIA CONGELADO;KG;CONGELADOS;PRD01721;;GALLINA ENTERA CON MENUDENCIA CONGELADO IMPORT;KILOGRAMO;1;KILOGRAMO;KILOGRAMO x 1 KG;1;1;1
ING01355;GALLINA ENTERA SIN MENUDENCIA CONGELADO;KG;CONGELADOS;PRD01722;;GALLINA ENTERA SIN MENUDENCIA CONGELADO - GRANEL;KILOGRAMO;1;KILOGRAMO;KILOGRAMO x 1 KG;1;1;1
ING01355;GALLINA ENTERA SIN MENUDENCIA CONGELADO;KG;CONGELADOS;PRD01723;;GALLINA ENTERA SIN MENUDENCIA CONGELADO;KILOGRAMO;1;KILOGRAMO;KILOGRAMO x 1 KG;1;1;1
ING01356;GARBANZO;KG;ABARROTES;PRD00051;;GARBANZO BELEN 5 KG;BOLSA;5;BOLSA;BOLSA x 5 KG;1;1;1
ING01356;GARBANZO;KG;ABARROTES;PRD00347;;GARBANZO LA SIEMBRA 5 KG;BOLSA;5;BOLSA;BOLSA x 5 KG;1;1;1
ING01356;GARBANZO;KG;ABARROTES;PRD00361;;GARBANZO KOMILON 5 KG;BOLSA;5;BOLSA;BOLSA x 5 KG;1;1;1
ING01356;GARBANZO;KG;ABARROTES;PRD00374;;GARBANZO CANTA CLARO 5 KG;BOLSA;5;BOLSA;BOLSA x 5 KG;1;1;1
ING01357;GARBANZO AL NATURAL 425 GR;UND;ABARROTES;PRD03292;;CAJA CHICA - GARBANZO AL NATURAL 425 GR;LATA;1;LATA;LATA x 1 UND;1;1;1
ING01358;GARBANZO CON TOCINO 425 GR;UND;ABARROTES;PRD03309;;CAJA CHICA - GARBANZO CON TOCINO 425 GR;LATA;1;LATA;LATA x 1 UND;1;1;1
ING01359;GARBANZO EL PLEBEYO 5 KG;UND;ABARROTES;PRD03583;;CAJA CHICA - GARBANZO EL PLEBEYO 5 KG;BOLSA;1;BOLSA;BOLSA x 1 UND;1;1;1
ING01360;GARBANZO PRE COCIDO;UND;ABARROTES;PRD03354;;CAJA CHICA - GARBANZO PRE COCIDO;BOLSA;1;BOLSA;BOLSA x 1 UND;1;1;1
ING01361;GASEOSA BIMBO 3 LT;UND;BEBIDAS;PRD03024;;CAJA CHICA - GASEOSA BIMBO 3 LT;BOTELLA;1;BOTELLA;BOTELLA x 1 UND;1;1;1
ING01362;GASEOSA COCA COLA 1.5 LT;UND;BEBIDAS;PRD02964;;CAJA CHICA - GASEOSA COCA COLA 1.5 LT;BOTELLA;1;BOTELLA;BOTELLA x 1 UND;1;1;1
ING01363;GASEOSA COCA COLA PET 2.25 LT;UND;BEBIDAS;PRD01539;;GASEOSA COCA COLA PET 2.25 LT;BOTELLA;1;BOTELLA;BOTELLA x 1 UND;1;1;1
ING01364;GASEOSA COCA COLA SIN AZUCAR 600 ML;UND;;PRD01544;;GASEOSA COCA COLA SIN AZUCAR 600 ML;BOTELLA;1;BOTELLA;BOTELLA x 1 UND;1;1;1
ING01365;GASEOSA COCA COLA ZERO 1.5 LT;L;BEBIDAS;PRD01278;;GASEOSA COCA COLA SIN AZUCAR 1.5 LT;BOTELLA;1.5;BOTELLA;BOTELLA x 1.5 L;1;1;1
ING01366;GASEOSA COLA ESCOCESA X 1.5 LT;UND;BEBIDAS;PRD01976;;CAJA CHICA - GASEOSA COLA ESCOCESA X 1.5 LT;BOTELLA;1;BOTELLA;BOTELLA x 1 UND;1;1;1
ING01367;GASEOSA INCA KOLA 1.5 LT;UND;BEBIDAS;PRD02965;;CAJA CHICA - GASEOSA INCA KOLA 1.5 LT;BOTELLA;1;BOTELLA;BOTELLA x 1 UND;1;1;1
ING01368;GASEOSA INCA KOLA 2.25 LT;UND;BEBIDAS;PRD02884;;CAJA CHICA - GASEOSA INCA KOLA 2.25 LT;BOTELLA;1;BOTELLA;BOTELLA x 1 UND;1;1;1
ING01369;GASEOSA INCA KOLA SIN AZUCAR 600 ML;UND;;PRD01543;;GASEOSA INCA KOLA SIN AZUCAR 600 ML;BOTELLA;1;BOTELLA;BOTELLA x 1 UND;1;1;1
ING01370;GASEOSA INCA KOLA ZERO X 410 PAQUETE X 12 UND;UND;BEBIDAS;PRD03613;;CAJA CHICA - GASEOSA INCA KOLA ZERO X 410 PAQUETE X 12 UND;PAQUETE;1;PAQUETE;PAQUETE x 1 UND;1;1;1
ING01371;GASEOSA INKA COLA 3 LT;UND;BEBIDAS;PRD03655;;CAJA CHICA - GASEOSA INKA COLA 3 LT;BOTELLA;1;BOTELLA;BOTELLA x 1 UND;1;1;1
ING01372;GASEOSA KOLA REAL X 3 LT;UND;BEBIDAS;PRD03251;;CAJA CHICA - GASEOSA KOLA REAL X 3 LT;BOTELLA;1;BOTELLA;BOTELLA x 1 UND;1;1;1
ING01373;GASEOSA PERSONAL;UND;BEBIDAS;PRD01258;;GASEOSA SEVEN UP 500 ML;BOTELLA;1;BOTELLA;BOTELLA x 1 UND;1;1;1
ING01373;GASEOSA PERSONAL;UND;BEBIDAS;PRD01540;;GASEOSA PEPSI 600 ML;BOTELLA;1;BOTELLA;BOTELLA x 1 UND;1;1;1
ING01373;GASEOSA PERSONAL;UND;BEBIDAS;PRD01546;;GASEOSA FANTA KOLA INGLESA 500 ML;BOTELLA;1;BOTELLA;BOTELLA x 1 UND;1;1;1
ING01373;GASEOSA PERSONAL;UND;BEBIDAS;PRD01550;;GASEOSA INCA KOLA SIN AZUCAR 500 ML;BOTELLA;1;BOTELLA;BOTELLA x 1 UND;1;1;1
ING01373;GASEOSA PERSONAL;UND;BEBIDAS;PRD01552;;GASEOSA INCA KOLA 450 ML;BOTELLA;1;BOTELLA;BOTELLA x 1 UND;1;1;1
ING01373;GASEOSA PERSONAL;UND;BEBIDAS;PRD01554;;GASEOSA COCA COLA 450 ML;BOTELLA;1;BOTELLA;BOTELLA x 1 UND;1;1;1
ING01373;GASEOSA PERSONAL;UND;BEBIDAS;PRD01555;;GASEOSA FANTA SIN AZUCAR 400 ML;BOTELLA;1;BOTELLA;BOTELLA x 1 UND;1;1;1
ING01373;GASEOSA PERSONAL;UND;BEBIDAS;PRD01556;;GASEOSA SPRITE 400 ML;BOTELLA;1;BOTELLA;BOTELLA x 1 UND;1;1;1
ING01373;GASEOSA PERSONAL;UND;BEBIDAS;PRD01557;;GASEOSA SPRITE SIN AZUCAR 400 ML;BOTELLA;1;BOTELLA;BOTELLA x 1 UND;1;1;1
ING01373;GASEOSA PERSONAL;UND;BEBIDAS;PRD01558;;GASEOSA FANTA ZERO 400 ML;BOTELLA;1;BOTELLA;BOTELLA x 1 UND;1;1;1
ING01373;GASEOSA PERSONAL;UND;BEBIDAS;PRD01560;;GASEOSA COCA COLA 300 ML (SAMPLING);BOTELLA;1;BOTELLA;BOTELLA x 1 UND;1;1;1
ING01373;GASEOSA PERSONAL;UND;BEBIDAS;PRD01564;;GASEOSA FANTA SIN AZUCAR 500 ML;BOTELLA;1;BOTELLA;BOTELLA x 1 UND;1;1;1
ING01373;GASEOSA PERSONAL;UND;BEBIDAS;PRD02852;;CAJA CHICA - GASEOSA FANTA KOLA INGLESA 500ML;UNIDAD;1;UNIDAD;UNIDAD x 1 UND;1;1;1
ING01373;GASEOSA PERSONAL;UND;BEBIDAS;PRD02883;;CAJA CHICA - GASEOSA COCA COLA 500 ML;BOTELLA;1;BOTELLA;BOTELLA x 1 UND;1;1;1
ING01373;GASEOSA PERSONAL;UND;BEBIDAS;PRD02885;;CAJA CHICA - GASEOSA INCA KOLA 500 ML;BOTELLA;1;BOTELLA;BOTELLA x 1 UND;1;1;1
ING01373;GASEOSA PERSONAL;UND;BEBIDAS;PRD03023;;CAJA CHICA - GASEOSA BIMBO 500 ML;BOTELLA;1;BOTELLA;BOTELLA x 1 UND;1;1;1
ING01373;GASEOSA PERSONAL;UND;BEBIDAS;PRD03025;;CAJA CHICA - GASEOSA GUARANA 500 ML;BOTELLA;1;BOTELLA;BOTELLA x 1 UND;1;1;1
ING01373;GASEOSA PERSONAL;UND;BEBIDAS;PRD03329;;CAJA CHICA - GASEOSA INKA COLA LIGHT 410 ML;BOTELLA;1;BOTELLA;BOTELLA x 1 UND;1;1;1
ING01373;GASEOSA PERSONAL;UND;BEBIDAS;PRD03767;;CAJA CHICA - GASEOSA SEVEN UP 500 ML;BOTELLA;1;BOTELLA;BOTELLA x 1 UND;1;1;1
ING01373;GASEOSA PERSONAL;UND;BEBIDAS;PRD03780;;CAJA CHICA - GASEOSA PEPSI X 500 ML;BOTELLA;1;BOTELLA;BOTELLA x 1 UND;1;1;1
ING01373;GASEOSA PERSONAL;UND;BEBIDAS;PRD03781;;CAJA CHICA - GASEOSA FANTA X 500 ML;BOTELLA;1;BOTELLA;BOTELLA x 1 UND;1;1;1
ING01373;GASEOSA PERSONAL;UND;BEBIDAS;PRD03887;;CAJA CHICA - GASEOSA SCHWEPPES X 500 ML;BOTELLA;1;BOTELLA;BOTELLA x 1 UND;1;1;1
ING01373;GASEOSA PERSONAL;UND;BEBIDAS;PRD03981;;CAJA CHICA - GASEOSA KOLA REAL 500 ML;BOTELLA;1;BOTELLA;BOTELLA x 1 UND;1;1;1
ING01373;GASEOSA PERSONAL;UND;BEBIDAS;PRD04136;;CAJA CHICA - GASEOSA INCA KOLA 600 ML X BOTELLA;BOTELLA;1;BOTELLA;BOTELLA x 1 UND;1;1;1
ING01373;GASEOSA PERSONAL;UND;BEBIDAS;PRD04137;;CAJA CHICA - GASEOSA COCA 600 ML X BOTELLA;BOTELLA;1;BOTELLA;BOTELLA x 1 UND;1;1;1
ING01374;GASEOSA SPRITE 1.5 LT;UND;BEBIDAS;PRD03272;;CAJA CHICA - GASEOSA SPRITE 1.5 LT;BOTELLA;1;BOTELLA;BOTELLA x 1 UND;1;1;1
ING01375;GASEOSA SPRITE SIN AZUCAR 3 LT;UND;BEBIDAS;PRD01561;;GASEOSA SPRITE SIN AZUCAR 3 LT;BOTELLA;1;BOTELLA;BOTELLA x 1 UND;1;1;1
ING01376;GASEOSA SPRITE X 1.75 LT;UND;BEBIDAS;PRD03920;;CAJA CHICA - GASEOSA SPRITE X 1.75 LT;UNIDAD;1;UNIDAD;UNIDAD x 1 UND;1;1;1
ING01377;GATORADE 6 UND;UND;ABARROTES;PRD01623;;CAJA CHICA - GATORADE 6 UND;PAQUETE;1;PAQUETE;PAQUETE x 1 UND;1;1;1
ING01378;GATORADE APPLE ICE 500 ML;UND;BEBIDAS;PRD01582;;BEBIDA REHIDRATANTE APPLE ICE GATORADE 500 ML;BOTELLA;1;BOTELLA;BOTELLA x 1 UND;1;1;1
ING01379;GATORADE APPLE ICE 750 ML;UND;BEBIDAS;PRD01585;;BEBIDA REHIDRATANTE APPLE ICE GATORADE 750 ML;BOTELLA;1;BOTELLA;BOTELLA x 1 UND;1;1;1
ING01380;GATORADE DESHIDRATADA FRUIT PUNCH 521 ML;UND;ABARROTES;PRD03768;;CAJA CHICA - GATORADE DESHIDRATADA FRUIT PUNCH 521 ML;UNIDAD;1;UNIDAD;UNIDAD x 1 UND;1;1;1
ING01381;GATORADE DESHIDRATADO LEMON 521 ML;UND;ABARROTES;PRD03770;;CAJA CHICA - GATORADE DESHIDRATADO LEMON 521 ML;UNIDAD;1;UNIDAD;UNIDAD x 1 UND;1;1;1
ING01382;GATORADE DESHIDRATADO ORANGE 521 ML;UND;ABARROTES;PRD03769;;CAJA CHICA - GATORADE DESHIDRATADO ORANGE 521 ML;UNIDAD;1;UNIDAD;UNIDAD x 1 UND;1;1;1
ING01383;GATORADE MANDARINA 500 ML;UND;BEBIDAS;PRD01581;;BEBIDA REHIDRATANTE MANDARINA GATORADE 500 ML;BOTELLA;1;BOTELLA;BOTELLA x 1 UND;1;1;1
ING01384;GATORADE MANDARINA 750 ML;UND;BEBIDAS;PRD01583;;BEBIDA REHIDRATANTE MANDARINA GATORADE 750 ML;BOTELLA;1;BOTELLA;BOTELLA x 1 UND;1;1;1
ING01384;GATORADE MANDARINA 750 ML;UND;BEBIDAS;PRD03593;;CAJA CHICA - GATORADE MANDARINA 750 ML;BOTELLA;1;BOTELLA;BOTELLA x 1 UND;1;1;1
ING01385;GATORADE TROPICAL 500 ML;UND;BEBIDAS;PRD01579;;BEBIDA REHIDRATANTE TROPICAL GATORADE 500 ML;BOTELLA;1;BOTELLA;BOTELLA x 1 UND;1;1;1
ING01386;GATORADE TROPICAL 750 ML;UND;BEBIDAS;PRD01584;;BEBIDA REHIDRATANTE TROPICAL GATORADE 750 ML;BOTELLA;1;BOTELLA;BOTELLA x 1 UND;1;1;1
ING01386;GATORADE TROPICAL 750 ML;UND;BEBIDAS;PRD03594;;CAJA CHICA - GATORADE TROPICAL 750 ML;BOTELLA;1;BOTELLA;BOTELLA x 1 UND;1;1;1
ING01387;GEL ANTIBACTERIAL GG 1 LT;L;LIMPIEZA;PRD01351;;GEL ANTIBACTERIAL GG 1 LT;BOTELLA;1;BOTELLA;BOTELLA x 1 L;1;1;1
ING01388;GEL ANTIBACTERIAL IDIOGEL 1 LT;L;LIMPIEZA;PRD01347;;GEL ANTIBACTERIAL IDOGEL 1 LT;BOTELLA;1;BOTELLA;BOTELLA x 1 L;1;1;1
ING01389;GELATINA A GRANEL;UND;ABARROTES;PRD03071;;CAJA CHICA - GELATINA A GRANEL;UNIDAD;1;UNIDAD;UNIDAD x 1 UND;1;1;1
ING01390;GELATINA DE NARANJA GELANDINA 5 KG;UND;ABARROTES;PRD03566;;CAJA CHICA - GELATINA DE NARANJA GELANDINA 5 KG;BOLSA;1;BOLSA;BOLSA x 1 UND;1;1;1
ING01391;GELATINA DE PIÑA GELANDINA 5 KG;UND;ABARROTES;PRD03567;;CAJA CHICA - GELATINA DE PIÑA GELANDINA 5 KG;BOLSA;1;BOLSA;BOLSA x 1 UND;1;1;1
ING01392;GELATINA FRAMBUESA INSTANTANEO;KG;ABARROTES;PRD00960;;GELATINA SABOR FRAMBUESA IFF 1KG;BOLSA;1;BOLSA;BOLSA x 1 KG;1;1;1
ING01393;GELATINA FRESA INSTANTANEO;KG;ABARROTES;PRD00215;;GELATINA DE FRESA UNIVERSAL 5 KG;BOLSA;5;BOLSA;BOLSA x 5 KG;1;1;1
ING01393;GELATINA FRESA INSTANTANEO;KG;ABARROTES;PRD00217;;GELATINA DE FRESA GELANDINA 5 KG;BOLSA;5;BOLSA;BOLSA x 5 KG;1;1;1
ING01393;GELATINA FRESA INSTANTANEO;KG;ABARROTES;PRD00957;;GELATINA SABOR FRESA IFF 1KG;BOLSA;1;BOLSA;BOLSA x 1 KG;1;1;1
ING01393;GELATINA FRESA INSTANTANEO;KG;ABARROTES;PRD00988;;GELATINA SABOR FRESA MACROFOOD 1KG;BOLSA;1;BOLSA;BOLSA x 1 KG;1;1;1
ING01393;GELATINA FRESA INSTANTANEO;KG;ABARROTES;PRD01012;;GELATINA SABOR FRESA QUIMTIA 1KG;BOLSA;1;BOLSA;BOLSA x 1 KG;1;1;1
ING01393;GELATINA FRESA INSTANTANEO;KG;ABARROTES;PRD01020;;GELATINA DE FRESA UNIVERSAL 150 GR/130 GR;BOLSA;0.13;BOLSA;BOLSA x 0.13 KG;1;1;1
ING01393;GELATINA FRESA INSTANTANEO;KG;ABARROTES;PRD01023;;GELATINA DE FRESA LEAL 5 KG;BOLSA;5;BOLSA;BOLSA x 5 KG;1;1;1
ING01394;GELATINA FRESA INSTANTANEO (UND);UND;ABARROTES;PRD03586;;CAJA CHICA - GELATINA DE FRESA GELANDINA 5 KG;BOLSA;1;BOLSA;BOLSA x 1 UND;1;1;1
ING01395;GELATINA LIMON INSTANTANEO;KG;ABARROTES;PRD00210;;GELATINA DE LIMON UNIVERSAL 5 KG;BOLSA;5;BOLSA;BOLSA x 5 KG;1;1;1
ING01395;GELATINA LIMON INSTANTANEO;KG;ABARROTES;PRD00961;;GELATINA SABOR LIMON IFF 1KG;BOLSA;1;BOLSA;BOLSA x 1 KG;1;1;1
ING01395;GELATINA LIMON INSTANTANEO;KG;ABARROTES;PRD01006;;GELATINA DE LIMON MAS VENTAS DULCIMAS 5 KG;BOLSA;5;BOLSA;BOLSA x 5 KG;1;1;1
ING01396;GELATINA LIMON INSTANTANEO (UND);UND;ABARROTES;PRD03401;;CAJA CHICA - GELATINA DE LIMON GELANDINA 5 KG;BOLSA;1;BOLSA;BOLSA x 1 UND;1;1;1
ING01397;GELATINA MENTA;KG;ABARROTES;PRD03252;;CAJA CHICA - GELATINA MENTA;KILOGRAMO;1;KILOGRAMO;KILOGRAMO x 1 KG;1;1;1
ING01398;GELATINA NARANJA INSTANTANEO;KG;ABARROTES;PRD00219;;GELATINA DE NARANJA GELANDINA 5 KG;BOLSA;5;BOLSA;BOLSA x 5 KG;1;1;1
ING01398;GELATINA NARANJA INSTANTANEO;KG;ABARROTES;PRD00224;;GELATINA DE NARANJA UNIVERSAL 5 KG;BOLSA;5;BOLSA;BOLSA x 5 KG;1;1;1
ING01398;GELATINA NARANJA INSTANTANEO;KG;ABARROTES;PRD00948;;GELATINA DE NARANJA UNIVERSAL 150 GR/130 GR;BOLSA;0.13;BOLSA;BOLSA x 0.13 KG;1;1;1
ING01398;GELATINA NARANJA INSTANTANEO;KG;ABARROTES;PRD00958;;GELATINA SABOR NARANJA IFF 1KG;BOLSA;1;BOLSA;BOLSA x 1 KG;1;1;1
ING01398;GELATINA NARANJA INSTANTANEO;KG;ABARROTES;PRD00989;;GELATINA SABOR NARANJA MACROFOOD 1KG;BOLSA;1;BOLSA;BOLSA x 1 KG;1;1;1
ING01398;GELATINA NARANJA INSTANTANEO;KG;ABARROTES;PRD01024;;GELATINA DE NARANJA LEAL 5 KG;BOLSA;5;BOLSA;BOLSA x 5 KG;1;1;1
ING01399;GELATINA NARANJA QUIMTIA;KG;ABARROTES;PRD01010;;GELATINA SABOR NARANJA QUIMTIA 1KG;BOLSA;1;BOLSA;BOLSA x 1 KG;1;1;1
ING01400;GELATINA PIÑA INSTANTANEO;KG;ABARROTES;PRD00218;;GELATINA DE PIÑA GELANDINA 5 KG;BOLSA;5;BOLSA;BOLSA x 5 KG;1;1;1
ING01400;GELATINA PIÑA INSTANTANEO;KG;ABARROTES;PRD00225;;GELATINA DE PIÑA UNIVERSAL 5 KG;BOLSA;5;BOLSA;BOLSA x 5 KG;1;1;1
ING01400;GELATINA PIÑA INSTANTANEO;KG;ABARROTES;PRD00959;;GELATINA SABOR PIÑA IFF 1KG;BOLSA;1;BOLSA;BOLSA x 1 KG;1;1;1
ING01400;GELATINA PIÑA INSTANTANEO;KG;ABARROTES;PRD00990;;GELATINA SABOR PIÑA MACROFOOD 1KG;BOLSA;1;BOLSA;BOLSA x 1 KG;1;1;1
ING01400;GELATINA PIÑA INSTANTANEO;KG;ABARROTES;PRD01011;;GELATINA SABOR PIÑA QUIMTIA 1KG;BOLSA;1;BOLSA;BOLSA x 1 KG;1;1;1
ING01400;GELATINA PIÑA INSTANTANEO;KG;ABARROTES;PRD01035;;GELATINA DE PIÑA UNIVERSAL 150 GR/130 GR;BOLSA;0.13;BOLSA;BOLSA x 0.13 KG;1;1;1
ING01400;GELATINA PIÑA INSTANTANEO;KG;ABARROTES;PRD03419;;CAJA CHICA - GELATINA PIÑA INSTANTANEO;KILOGRAMO;1;KILOGRAMO;KILOGRAMO x 1 KG;1;1;1
ING01401;GELATINA SABOR;KG;ABARROTES;PRD00987;;GELATINA SABOR LIMON MACROFOOD 1KG;BOLSA;1;BOLSA;BOLSA x 1 KG;1;1;1
ING01402;GELATINA SABOR FRESA BAJO EN CALORIAS MACROFOOD 1KG;KG;;PRD00993;;GELATINA SABOR FRESA BAJO EN CALORIAS MACROFOOD 1KG;BOLSA;1;BOLSA;BOLSA x 1 KG;1;1;1
ING01403;GELATINA SABOR NARANJA BAJA EN CALORIAS MACROFOOD 1KG;KG;;PRD00991;;GELATINA SABOR NARANJA BAJA EN CALORIAS MACROFOOD 1KG;BOLSA;1;BOLSA;BOLSA x 1 KG;1;1;1
ING01404;GELATINA SABOR PIÑA BAJA EN CALORIAS MACROFOOD 1KG;KG;;PRD00992;;GELATINA SABOR PIÑA BAJA EN CALORIAS MACROFOOD 1KG;BOLSA;1;BOLSA;BOLSA x 1 KG;1;1;1
ING01405;GELATINA UVA INSTANTANEA;KG;ABARROTES;PRD00962;;GELATINA SABOR UVA IFF 1KG;BOLSA;1;BOLSA;BOLSA x 1 KG;1;1;1
ING01406;GERMINADO DE ALFALFA;KG;ABARROTES;PRD03115;;CAJA CHICA - GERMINADO DE ALFALFA;KILOGRAMO;1;KILOGRAMO;KILOGRAMO x 1 KG;1;1;1
ING01407;GLADE TOQUE;UND;ABARROTES;PRD03711;;CAJA CHICA - GLADE TOQUE;UNIDAD;1;UNIDAD;UNIDAD x 1 UND;1;1;1
ING01408;GLOBO POP LECHE X 20 UND;UND;ABARROTES;PRD03829;;CAJA CHICA - GLOBO POP LECHE X 20 UND;BOLSA;1;BOLSA;BOLSA x 1 UND;1;1;1
ING01409;GLUCOSA FRATELLO X KG;UND;ABARROTES;PRD04072;;CAJA CHICA - GLUCOSA FRATELLO X KG;FRASCO;1;FRASCO;FRASCO x 1 UND;1;1;1
ING01410;GLUCOSA X 500 GR;UND;ABARROTES;PRD03924;;CAJA CHICA - GLUCOSA X 500 GR;FRASCO;1;FRASCO;FRASCO x 1 UND;1;1;1
ING01411;GLUTEN;KG;ABARROTES;PRD00939;;GLUTEN LEVAPAN 1 KG;BOLSA;1;BOLSA;BOLSA x 1 KG;1;1;1
ING01412;GOLD FRUITT JALEA DECOR;UND;ABARROTES;PRD03730;;CAJA CHICA - GOLD FRUITT JALEA DECOR;UNIDAD;1;UNIDAD;UNIDAD x 1 UND;1;1;1
ING01413;GOMA TRAGACANTO X 100 GR;UND;ABARROTES;PRD04073;;CAJA CHICA - GOMA TRAGACANTO X 100 GR;BOLSA;1;BOLSA;BOLSA x 1 UND;1;1;1
ING01414;GOMITAS AMBROSITO AMBROSOLI 25 GR;UND;ABARROTES;PRD00755;;GOMITAS AMBROSITO AMBROSOLI 25 GR;BOLSA;1;BOLSA;BOLSA x 1 UND;1;1;1
ING01415;GOMITAS AMBROSITOS;UND;ABARROTES;PRD00324;;GOMITAS AMBROSITO AMBROSOLI 27 GR;BOLSA;1;BOLSA;BOLSA x 1 UND;1;1;1
ING01416;GOMITAS GRAGEADAS 100GR;UND;ABARROTES;PRD01624;;CAJA CHICA - GOMITAS GRAGEADAS 100GR;GRAMO;1;GRAMO;GRAMO x 1 UND;1;1;1
ING01417;GOMITAS OSITOS 30 GR.;UND;ABARROTES;PRD00750;;GOMITAS OSITOS 30 GR;UNIDAD;1;UNIDAD;UNIDAD x 1 UND;1;1;1
ING01418;GOMITASFRUGELE AMBROSOLI X 100 UND;UND;ABARROTES;PRD03830;;CAJA CHICA - GOMITASFRUGELE AMBROSOLI X 100 UND;BOLSA;1;BOLSA;BOLSA x 1 UND;1;1;1
ING01419;GORRO CIRCULAR DESCARTABLE 100 UND;UND;DESCARTABLES;PRD03353;;CAJA CHICA - GORRO CIRCULAR DESCARTABLE 100 UND;CAJA;1;CAJA;CAJA x 1 UND;1;1;1
ING01420;GRAGEA GRANEL X KG;KG;ABARROTES;PRD03831;;CAJA CHICA - GRAGEA GRANEL X KG;KILOGRAMO;1;KILOGRAMO;KILOGRAMO x 1 KG;1;1;1
ING01421;GRAGEA MINIPULGAR 100 GR;UND;ABARROTES;PRD01640;;CAJA CHICA - GRAGEA MINIPULGAR 100 GR;GRAMO;1;GRAMO;GRAMO x 1 UND;1;1;1
ING01422;GRAGEA PERLA-ORO-PLATA 50 GR;UND;ABARROTES;PRD01645;;CAJA CHICA - GRAGEA PERLA-ORO-PLATA 50 GR;GRAMO;1;GRAMO;GRAMO x 1 UND;1;1;1
ING01423;GRAGEAS IMPORTADA 25 GR;UND;ABARROTES;PRD01642;;CAJA CHICA - GRAGEAS IMPORTADA 25 GR;GRAMO;1;GRAMO;GRAMO x 1 UND;1;1;1
ING01424;GRAJEAS;KG;ABARROTES;PRD00222;;GRAJEA DE PANADERIA TOÑA 1 KG;BOLSA;1;BOLSA;BOLSA x 1 KG;1;1;1
ING01424;GRAJEAS;KG;ABARROTES;PRD01032;;GRAJEA DE PANADERIA 4 ESTACIONES 1 KG;BOLSA;1;BOLSA;BOLSA x 1 KG;1;1;1
ING01425;GRAJEAS DE PANADERIA;KG;ABARROTES;PRD03459;;CAJA CHICA - GRAJEAS DE PANADERIA;KILOGRAMO;1;KILOGRAMO;KILOGRAMO x 1 KG;1;1;1
ING01426;GRANADILLA;KG;FFVV;PRD00575;;GRANADILLA;KILOGRAMO;1;KILOGRAMO;KILOGRAMO x 1 KG;1;1;1
ING01426;GRANADILLA;KG;FFVV;PRD02052;;GRANADILLA (L);KILOGRAMO;1;KILOGRAMO;KILOGRAMO x 1 KG;1;1;1
ING01426;GRANADILLA;KG;FFVV;PRD03447;;CAJA CHICA - GRANADILLA REFRIGERADA;KILOGRAMO;1;KILOGRAMO;KILOGRAMO x 1 KG;1;1;1
ING01427;GRANOLA HUACARIZ KG;KG;ABARROTES;PRD03226;;CAJA CHICA - GRANOLA HUACARIZ KG;KILOGRAMO;1;KILOGRAMO;KILOGRAMO x 1 KG;1;1;1
ING01428;GRANUTS ARANDANOS 50GR;UND;ABARROTES;PRD01661;;CAJA CHICA - GRANUTS ARANDANOS 50GR;UNIDAD;1;UNIDAD;UNIDAD x 1 UND;1;1;1
ING01429;GRANUTS MEZCLA DE NUECES 40GR;UND;ABARROTES;PRD01662;;CAJA CHICA - GRANUTS MEZCLA DE NUECES 40GR;UNIDAD;1;UNIDAD;UNIDAD x 1 UND;1;1;1
ING01430;GRANUTS PARTY MIX 50GR;UND;ABARROTES;PRD01668;;CAJA CHICA - GRANUTS PARTY MIX 50GR;UNIDAD;1;UNIDAD;UNIDAD x 1 UND;1;1;1
ING01431;GRETEAL MANJAR X 6 UND;UND;ABARROTES;PRD03832;;CAJA CHICA - GRETEAL MANJAR X 6 UND;PAQUETE;1;PAQUETE;PAQUETE x 1 UND;1;1;1
ING01432;GRETEL CHOCOLATE X 6 UND;UND;ABARROTES;PRD03879;;CAJA CHICA - GRETEL CHOCOLATE X 6 UND;PAQUETE;1;PAQUETE;PAQUETE x 1 UND;1;1;1
ING01433;GRIEGO LAIVE NAT;UND;ABARROTES;PRD03674;;CAJA CHICA - GRIEGO LAIVE NAT;UNIDAD;1;UNIDAD;UNIDAD x 1 UND;1;1;1
ING01434;GUANTE DE NITRILO AZUL 4GR ISUD TALLA S X100UND;UND;;PRD02660;;GUANTE DE NITRILO AZUL 4GR ISUD TALLA S X100UND;PAQUETE;100;PAQUETE;PAQUETE x 100 UND;1;1;1
ING01435;GUANTE DE NITRILO LIBRE DE POLVO AZUL TALLA L;UND;DESCARTABLES;PRD02346;;GUANTE DE NITRILO LIBRE DE POLVO NACOSA 100 UND TALLA L;CAJA;100;CAJA;CAJA x 100 UND;1;1;1
ING01435;GUANTE DE NITRILO LIBRE DE POLVO AZUL TALLA L;UND;DESCARTABLES;PRD02350;;GUANTE DE NITRILO LIBRE DE POLVO ULTRASOFT 100 UND TALLA L;CAJA;100;CAJA;CAJA x 100 UND;1;1;1
ING01435;GUANTE DE NITRILO LIBRE DE POLVO AZUL TALLA L;UND;DESCARTABLES;PRD02354;;GUANTE DE NITRILO LIBRE DE POLVO CELESTE FAMILY DOCTOR CAJA X 100 UND TALLA L;CAJA;100;CAJA;CAJA x 100 UND;1;1;1
ING01435;GUANTE DE NITRILO LIBRE DE POLVO AZUL TALLA L;UND;DESCARTABLES;PRD02359;;GUANTE DE NITRILO LIBRE DE POLVO CELESTE FAMILY DOCTOR CAJA X 75 UND TALLA L;CAJA;75;CAJA;CAJA x 75 UND;1;1;1
ING01435;GUANTE DE NITRILO LIBRE DE POLVO AZUL TALLA L;UND;DESCARTABLES;PRD02362;;GUANTE DE NITRILO CELESTE 3.5GR MAKETTO TALLA L X100UND;PAQUETE;100;PAQUETE;PAQUETE x 100 UND;1;1;1
ING01435;GUANTE DE NITRILO LIBRE DE POLVO AZUL TALLA L;UND;DESCARTABLES;PRD02365;;GUANTE DE VINILO L 100 UND;CAJA;100;CAJA;CAJA x 100 UND;1;1;1
ING01435;GUANTE DE NITRILO LIBRE DE POLVO AZUL TALLA L;UND;DESCARTABLES;PRD02366;;GUANTE DE NITRILO LIBRE DE POLVO 100 UND TALLA L;CAJA;100;CAJA;CAJA x 100 UND;1;1;1
ING01435;GUANTE DE NITRILO LIBRE DE POLVO AZUL TALLA L;UND;DESCARTABLES;PRD02371;;GUANTE DE VINILO AZUL 100 UND TALLA L;CAJA;100;CAJA;CAJA x 100 UND;1;1;1
ING01435;GUANTE DE NITRILO LIBRE DE POLVO AZUL TALLA L;UND;DESCARTABLES;PRD02375;;GUANTE DE NITRILO LIBRE DE POLVO CELESTE R&G CAJA X 100 UND TALLA L;CAJA;100;CAJA;CAJA x 100 UND;1;1;1
ING01435;GUANTE DE NITRILO LIBRE DE POLVO AZUL TALLA L;UND;DESCARTABLES;PRD02379;;GUANTE DE NITRILO NINJA EXPLORER CJ 100 UN T L;CAJA;100;CAJA;CAJA x 100 UND;1;1;1
ING01435;GUANTE DE NITRILO LIBRE DE POLVO AZUL TALLA L;UND;DESCARTABLES;PRD02382;;GUANTES DE NITRILO HONEYWELL CJ 100 UN T L;CAJA;100;CAJA;CAJA x 100 UND;1;1;1
ING01435;GUANTE DE NITRILO LIBRE DE POLVO AZUL TALLA L;UND;DESCARTABLES;PRD02650;;GUANTE DE NITRILO LIBRE DE POLVO AZUL R&G CAJA X 100 PARES T L;CAJA;100;CAJA;CAJA x 100 UND;1;1;1
ING01435;GUANTE DE NITRILO LIBRE DE POLVO AZUL TALLA L;UND;DESCARTABLES;PRD02658;;GUANTE DE NITRILO AZUL 4GR ISUD TALLA L X100UND;PAQUETE;100;PAQUETE;PAQUETE x 100 UND;1;1;1
ING01436;GUANTE DE NITRILO LIBRE DE POLVO AZUL TALLA M;UND;DESCARTABLES;PRD02349;;GUANTE DE NITRILO LIBRE DE POLVO ULTRASOFT 100 UND TALLA M;CAJA;100;CAJA;CAJA x 100 UND;1;1;1
ING01436;GUANTE DE NITRILO LIBRE DE POLVO AZUL TALLA M;UND;DESCARTABLES;PRD02355;;GUANTE DE NITRILO LIBRE DE POLVO CELESTE FAMILY DOCTOR CAJA X 100 UND TALLA M;CAJA;100;CAJA;CAJA x 100 UND;1;1;1
ING01436;GUANTE DE NITRILO LIBRE DE POLVO AZUL TALLA M;UND;DESCARTABLES;PRD02358;;GUANTE DE NITRILO LIBRE DE POLVO CELESTE FAMILY DOCTOR CAJA X 75 UND TALLA M;CAJA;75;CAJA;CAJA x 75 UND;1;1;1
ING01436;GUANTE DE NITRILO LIBRE DE POLVO AZUL TALLA M;UND;DESCARTABLES;PRD02360;;GUANTE DE NITRILO CELESTE MAKETTO ISUDAMERICA CAJA X 100 UND T M;CAJA;100;CAJA;CAJA x 100 UND;1;1;1
ING01436;GUANTE DE NITRILO LIBRE DE POLVO AZUL TALLA M;UND;DESCARTABLES;PRD02361;;GUANTE DE NITRILO CELESTE MAKETTO ISUDAMERICA CAJA X 100 UND T L;CAJA;100;CAJA;CAJA x 100 UND;1;1;1
ING01436;GUANTE DE NITRILO LIBRE DE POLVO AZUL TALLA M;UND;DESCARTABLES;PRD02363;;GUANTE DE VINILO M 100 UND;CAJA;100;CAJA;CAJA x 100 UND;1;1;1
ING01436;GUANTE DE NITRILO LIBRE DE POLVO AZUL TALLA M;UND;DESCARTABLES;PRD02367;;GUANTE DE NITRILO LIBRE DE POLVO 100 UND TALLA M;CAJA;100;CAJA;CAJA x 100 UND;1;1;1
ING01436;GUANTE DE NITRILO LIBRE DE POLVO AZUL TALLA M;UND;DESCARTABLES;PRD02370;;GUANTE DE VINILO AZUL 100 UND TALLA M;CAJA;100;CAJA;CAJA x 100 UND;1;1;1
ING01436;GUANTE DE NITRILO LIBRE DE POLVO AZUL TALLA M;UND;DESCARTABLES;PRD02374;;GUANTE DE NITRILO LIBRE DE POLVO CELESTE R&G CAJA X 100 UND TALLA M;CAJA;100;CAJA;CAJA x 100 UND;1;1;1
ING01436;GUANTE DE NITRILO LIBRE DE POLVO AZUL TALLA M;UND;DESCARTABLES;PRD02376;;GUANTE DE NITRILO LIBRE DE POLVO VERDE R&G CAJA X 100 UND TALLA M;CAJA;100;CAJA;CAJA x 100 UND;1;1;1
ING01436;GUANTE DE NITRILO LIBRE DE POLVO AZUL TALLA M;UND;DESCARTABLES;PRD02377;;GUANTE DE NITRILO GOLD GUARD AZUL 4500 CJ 100 UN T M;CAJA;100;CAJA;CAJA x 100 UND;1;1;1
ING01436;GUANTE DE NITRILO LIBRE DE POLVO AZUL TALLA M;UND;DESCARTABLES;PRD02380;;GUANTE DE NITRILO NINJA EXPLORER CJ 100 UN T M;CAJA;100;CAJA;CAJA x 100 UND;1;1;1
ING01436;GUANTE DE NITRILO LIBRE DE POLVO AZUL TALLA M;UND;DESCARTABLES;PRD02381;;GUANTES DE NITRILO HONEYWELL CJ 100 UN T M;CAJA;100;CAJA;CAJA x 100 UND;1;1;1
ING01436;GUANTE DE NITRILO LIBRE DE POLVO AZUL TALLA M;UND;DESCARTABLES;PRD02383;;GUANTE DE NITRILO FLUMINSA 4.2 CELESTES T L CJ 100 UN;CAJA;100;CAJA;CAJA x 100 UND;1;1;1
ING01436;GUANTE DE NITRILO LIBRE DE POLVO AZUL TALLA M;UND;DESCARTABLES;PRD02649;;GUANTE DE NITRILO LIBRE DE POLVO AZUL R&G CAJA X 100 PARES T M;CAJA;100;CAJA;CAJA x 100 UND;1;1;1
ING01436;GUANTE DE NITRILO LIBRE DE POLVO AZUL TALLA M;UND;DESCARTABLES;PRD02659;;GUANTE DE NITRILO AZUL 4GR ISUD TALLA M X100UND;PAQUETE;100;PAQUETE;PAQUETE x 100 UND;1;1;1
ING01436;GUANTE DE NITRILO LIBRE DE POLVO AZUL TALLA M;UND;DESCARTABLES;PRD03314;;CAJA CHICA - GUANTES DE VINILO M R&G X 100 UND;CAJA;1;CAJA;CAJA x 1 UND;1;1;1
ING01437;GUANTE DE NITRILO LIBRE DE POLVO AZUL TALLA S;UND;DESCARTABLES;PRD02347;;GUANTE DE NITRILO LIBRE DE POLVO NACOSA 100 UND TALLA S;CAJA;100;CAJA;CAJA x 100 UND;1;1;1
ING01437;GUANTE DE NITRILO LIBRE DE POLVO AZUL TALLA S;UND;DESCARTABLES;PRD02348;;GUANTE DE NITRILO LIBRE DE POLVO ULTRASOFT 100 UND TALLA S;CAJA;100;CAJA;CAJA x 100 UND;1;1;1
ING01437;GUANTE DE NITRILO LIBRE DE POLVO AZUL TALLA S;UND;DESCARTABLES;PRD02351;;GUANTE DE NITRILO LIBRE DE POLVO CELESTE R&G CAJA X 100 UND TALLA S;CAJA;100;CAJA;CAJA x 100 UND;1;1;1
ING01437;GUANTE DE NITRILO LIBRE DE POLVO AZUL TALLA S;UND;DESCARTABLES;PRD02356;;GUANTE DE NITRILO LIBRE DE POLVO CELESTE FAMILY DOCTOR CAJA X 100 UND TALLA S;CAJA;100;CAJA;CAJA x 100 UND;1;1;1
ING01437;GUANTE DE NITRILO LIBRE DE POLVO AZUL TALLA S;UND;DESCARTABLES;PRD02357;;GUANTE DE NITRILO LIBRE DE POLVO CELESTE FAMILY DOCTOR CAJA X 75 UND TALLA S;CAJA;75;CAJA;CAJA x 75 UND;1;1;1
ING01437;GUANTE DE NITRILO LIBRE DE POLVO AZUL TALLA S;UND;DESCARTABLES;PRD02364;;GUANTE DE VINILO S 100 UND;CAJA;100;CAJA;CAJA x 100 UND;1;1;1
ING01437;GUANTE DE NITRILO LIBRE DE POLVO AZUL TALLA S;UND;DESCARTABLES;PRD02368;;GUANTE DE NITRILO LIBRE DE POLVO 100 UND TALLA S;CAJA;100;CAJA;CAJA x 100 UND;1;1;1
ING01437;GUANTE DE NITRILO LIBRE DE POLVO AZUL TALLA S;UND;DESCARTABLES;PRD02369;;GUANTE DE VINILO AZUL 100 UND TALLA S;CAJA;100;CAJA;CAJA x 100 UND;1;1;1
ING01437;GUANTE DE NITRILO LIBRE DE POLVO AZUL TALLA S;UND;DESCARTABLES;PRD02372;;GUANTE DE NITRILO LIBRE DE POLVO CELESTE R&G CAJ X 100 UND TALLA S;CAJA;1;CAJA;CAJA x 1 UND;1;1;1
ING01437;GUANTE DE NITRILO LIBRE DE POLVO AZUL TALLA S;UND;DESCARTABLES;PRD02373;;GUANTE DE NITRILO LIBRE DE POLVO VERDE R&G CAJA X 100 UND TALLA S;CAJA;100;CAJA;CAJA x 100 UND;1;1;1
ING01437;GUANTE DE NITRILO LIBRE DE POLVO AZUL TALLA S;UND;DESCARTABLES;PRD02378;;GUANTE DE NITRILO GOLD GUARD AZUL 4500 CJ 100 UN T S;CAJA;100;CAJA;CAJA x 100 UND;1;1;1
ING01437;GUANTE DE NITRILO LIBRE DE POLVO AZUL TALLA S;UND;DESCARTABLES;PRD02648;;GUANTE DE NITRILO LIBRE DE POLVO AZUL R&G CAJA X 100 PARES T S;CAJA;100;CAJA;CAJA x 100 UND;1;1;1
ING01438;GUANTES DE POLIETILENO;UND;DESCARTABLES;PRD02352;;GUANTES DE POLIETILENO DESC R&G CAJA X 100 UNIDADES T M;CAJA;100;CAJA;CAJA x 100 UND;1;1;1
ING01438;GUANTES DE POLIETILENO;UND;DESCARTABLES;PRD02353;;GUANTES DE POLIETILENO DESC R&G CAJA X 100 UNIDADES T L;CAJA;100;CAJA;CAJA x 100 UND;1;1;1
ING01438;GUANTES DE POLIETILENO;UND;DESCARTABLES;PRD02966;;CAJA CHICA - GUANTES DE POLIETILENO;PAR;1;PAR;PAR x 1 UND;1;1;1
ING01439;GUINDONES SIN PEPA;KG;REFRIGERADOS;PRD01007;;GUINDONES SIN PEPA TOÑA 250 GR;BOLSA;0.25;BOLSA;BOLSA x 0.25 KG;1;1;1
ING01439;GUINDONES SIN PEPA;KG;REFRIGERADOS;PRD02219;;GUINDONES SIN PEPA 4 ESTACIONES 250 GR;BOLSA;0.25;BOLSA;BOLSA x 0.25 KG;1;1;1
ING01440;GUINDONES X KG;KG;ABARROTES;PRD02773;;CAJA CHICA - GUINDONES X KG;KILOGRAMO;1;KILOGRAMO;KILOGRAMO x 1 KG;1;1;1
ING01441;HABA KARINTO;UND;ABARROTES;PRD03972;;CAJA CHICA - HABA KARINTO;UNIDAD;1;UNIDAD;UNIDAD x 1 UND;1;1;1
ING01442;HABA VERDE EN VAINA;KG;FFVV;PRD00446;;HABA VERDE;KILOGRAMO;1;KILOGRAMO;KILOGRAMO x 1 KG;1;1;1
ING01443;HABA VERDE PELADO CONGELADO;KG;CONGELADOS;PRD01204;;HABAS VERDES PELADAS CONGELADA;KILOGRAMO;1;KILOGRAMO;KILOGRAMO x 1 KG;1;1;1
ING01444;HABAS SALADAS CARTER 18 GR;UND;ABARROTES;PRD01146;;HABAS SALADAS CARTER (P) 18 GR;UNIDAD;1;UNIDAD;UNIDAD x 1 UND;1;1;1
ING01445;HABAS SALADAS KARINTO 18 GR;UND;ABARROTES;PRD01104;;HABAS SALADAS KARINTO 18 GR;BOLSA;1;BOLSA;BOLSA x 1 UND;1;1;1
ING01446;HABAS SALADAS KARINTO 30 GR;UND;ABARROTES;PRD01106;;HABAS SALADAS KARINTO 30 GR;BOLSA;1;BOLSA;BOLSA x 1 UND;1;1;1
ING01447;HABAS SALADAS KARINTO 35 GR;UND;ABARROTES;PRD01171;;HABAS SALADAS KARINTO 35 GR;BOLSA;1;BOLSA;BOLSA x 1 UND;1;1;1
ING01448;HABAS SALADAS KARINTO 38 GR;UND;ABARROTES;PRD01145;;HABAS SALADAS KARINTO 38 GR;BOLSA;1;BOLSA;BOLSA x 1 UND;1;1;1
ING01449;HABAS SALADAS KARINTO 70 GR;UND;ABARROTES;PRD01187;;HABAS SALADAS KARINTO 70 GR;BOLSA;1;BOLSA;BOLSA x 1 UND;1;1;1
ING01450;HABAS SALADAS PICADITOS 20 GR;UND;ABARROTES;PRD01180;;HABAS SALADAS PICADITOS 20 GR;UNIDAD;1;UNIDAD;UNIDAD x 1 UND;1;1;1
ING01451;HALLS AZUL 28 GR;UND;ABARROTES;PRD03460;;CAJA CHICA - HALLS AZUL 28 GR;GRANO;1;GRANO;GRANO x 1 UND;1;1;1
ING01452;HALLS CHERRY LYPTUS 28 GR;UND;ABARROTES;PRD03504;;CAJA CHICA - HALLS CHERRY LYPTUS 28 GR;GRANO;1;GRANO;GRANO x 1 UND;1;1;1
ING01453;HALLS CREAMY FRESA 28 GR;UND;ABARROTES;PRD03365;;CAJA CHICA - HALLS CREAMY FRESA 28 GR;UNIDAD;1;UNIDAD;UNIDAD x 1 UND;1;1;1
ING01454;HALLS EXTRA STRONG 28 GR;UND;ABARROTES;PRD03523;;CAJA CHICA - HALLS EXTRA STRONG 28 GR;GRANO;1;GRANO;GRANO x 1 UND;1;1;1
ING01455;HALLS MENTA BARRA;UND;ABARROTES;PRD00747;;CARAMELO HALLS BARRA;BOLSA;1;BOLSA;BOLSA x 1 UND;1;1;1
ING01456;HALLS MENTA UND;UND;ABARROTES;PRD03380;;CAJA CHICA - HALLS MENTA UND;UNIDAD;1;UNIDAD;UNIDAD x 1 UND;1;1;1
ING01457;HALLS MORA 28 GR;UND;ABARROTES;PRD03461;;CAJA CHICA - HALLS MORA 28 GR;GRANO;1;GRANO;GRANO x 1 UND;1;1;1
ING01458;HALLS MORA AZUL 100 UND;UND;ABARROTES;PRD03364;;CAJA CHICA - HALLS MORA AZUL 100 UND;BOLSA;1;BOLSA;BOLSA x 1 UND;1;1;1
ING01459;HALLS NEGRO 28 GR;UND;ABARROTES;PRD03497;;CAJA CHICA - HALLS NEGRO 28 GR;GRANO;1;GRANO;GRANO x 1 UND;1;1;1
ING01460;HAMBURGUESA DE RES X KG;KG;ABARROTES;PRD03900;;CAJA CHICA - HAMBURGUESA DE RES X KG;KILOGRAMO;1;KILOGRAMO;KILOGRAMO x 1 KG;1;1;1
ING01461;HARINA DE 7 SEMILLAS;KG;ABARROTES;PRD00205;;HARINA 7 SEMILLAS MOLINOS DEL SOL 5 KG;BOLSA;5;BOLSA;BOLSA x 5 KG;1;1;1
ING01461;HARINA DE 7 SEMILLAS;KG;ABARROTES;PRD00256;;HARINA DE 7 SEMILLAS LA NUESTRA 820 GR;BOLSA;0.82;BOLSA;BOLSA x 0.82 KG;1;1;1
ING01462;HARINA DE ARROZ MOLINOS DEL SOL 5 KG;KG;;PRD00206;;HARINA DE ARROZ MOLINOS DEL SOL 5 KG;BOLSA;5;BOLSA;BOLSA x 5 KG;1;1;1
ING01463;HARINA DE ARVERJA;KG;ABARROTES;PRD00243;;HARINA DE ARVEJA KUMARA 5 KG;BOLSA;5;BOLSA;BOLSA x 5 KG;1;1;1
ING01464;HARINA DE AVENA;KG;ABARROTES;PRD00242;;HARINA DE AVENA KUMARA 5 KG;BOLSA;5;BOLSA;BOLSA x 5 KG;1;1;1
ING01465;HARINA DE CHOCHOCA;KG;ABARROTES;PRD00244;;HARINA DE CHOCHOCA KUMARA 5 KG;BOLSA;5;BOLSA;BOLSA x 5 KG;1;1;1
ING01466;HARINA DE CHOCHOCA X 5 KG;UND;ABARROTES;PRD03591;;CAJA CHICA - HARINA DE CHOCHOCA X 5 KG;BOLSA;1;BOLSA;BOLSA x 1 UND;1;1;1
ING01467;HARINA DE HABAS;KG;ABARROTES;PRD00201;;HARINA DE HABAS MOLINOS DEL SOL 5 KG;BOLSA;5;BOLSA;BOLSA x 5 KG;1;1;1
ING01467;HARINA DE HABAS;KG;ABARROTES;PRD00241;;HARINA DE HABAS 5 KG;BOLSA;5;BOLSA;BOLSA x 5 KG;1;1;1
ING01468;HARINA DE KIWICHA;KG;ABARROTES;PRD00198;;HARINA DE KIWICHA 5 KG - UNIDAD;BOLSA;5;BOLSA;BOLSA x 5 KG;1;1;1
ING01468;HARINA DE KIWICHA;KG;ABARROTES;PRD00202;;HARINA DE KIWICHA MOLINOS DEL SOL 5 KG;BOLSA;5;BOLSA;BOLSA x 5 KG;1;1;1
ING01468;HARINA DE KIWICHA;KG;ABARROTES;PRD00231;;HARINA DE KIWICHA SAN JUAN MASIAS (EX BELEN) 5 KG;BOLSA;5;BOLSA;BOLSA x 5 KG;1;1;1
ING01468;HARINA DE KIWICHA;KG;ABARROTES;PRD00234;;HARINA DE KIWICHA 5 KG;BOLSA;5;BOLSA;BOLSA x 5 KG;1;1;1
ING01469;HARINA DE MACA;KG;ABARROTES;PRD00203;;HARINA DE MACA MOLINOS DEL SOL 5 KG;BOLSA;5;BOLSA;BOLSA x 5 KG;1;1;1
ING01469;HARINA DE MACA;KG;ABARROTES;PRD00240;;HARINA DE MACA SAN JUAN MASIAS (EX BELEN) 5 KG;BOLSA;5;BOLSA;BOLSA x 5 KG;1;1;1
ING01470;HARINA DE MAIZ;KG;ABARROTES;PRD00238;;HARINA DE MAIZ INGREDION 25 KG;BOLSA;25;BOLSA;BOLSA x 25 KG;1;1;1
ING01471;HARINA DE QUINUA MOLINOS DEL SOL 5 KG;KG;;PRD00207;;HARINA DE QUINUA MOLINOS DEL SOL 5 KG;BOLSA;5;BOLSA;BOLSA x 5 KG;1;1;1
ING01472;HARINA DE SOYA;KG;ABARROTES;PRD00204;;HARINA DE SOYA MOLINOS DEL SOL 5 KG;BOLSA;5;BOLSA;BOLSA x 5 KG;1;1;1
ING01472;HARINA DE SOYA;KG;ABARROTES;PRD00239;;HARINA DE SOYA SAN JUAN MASIAS 5 KG;BOLSA;5;BOLSA;BOLSA x 5 KG;1;1;1
ING01473;HARINA DE TRIGO ESPECIAL;KG;ABARROTES;PRD00195;;HARINA ESPECIAL DEL CIELO GRANEL SACO 50 KG;SACO;50;SACO;SACO x 50 KG;1;1;1
ING01473;HARINA DE TRIGO ESPECIAL;KG;ABARROTES;PRD00235;;HARINA ESPECIAL MOLITALIA KG;KILOGRAMO;1;KILOGRAMO;KILOGRAMO x 1 KG;1;1;1
ING01473;HARINA DE TRIGO ESPECIAL;KG;ABARROTES;PRD00249;;HARINA ESPECIAL EL MOLINO GRANEL;KILOGRAMO;1;KILOGRAMO;KILOGRAMO x 1 KG;1;1;1
ING01473;HARINA DE TRIGO ESPECIAL;KG;ABARROTES;PRD00252;;HARINA ESPECIAL EL MOLINO GRANEL SACO 50 KG;SACO;50;SACO;SACO x 50 KG;1;1;1
ING01473;HARINA DE TRIGO ESPECIAL;KG;ABARROTES;PRD00253;;HARINA ESPECIAL ANGELICA GRANEL SACO 50 KG;SACO;50;SACO;SACO x 50 KG;1;1;1
ING01473;HARINA DE TRIGO ESPECIAL;KG;ABARROTES;PRD00254;;HARINA ESPECIAL NICOLINI SUR SACO 50 KG;SACO;50;SACO;SACO x 50 KG;1;1;1
ING01473;HARINA DE TRIGO ESPECIAL;KG;ABARROTES;PRD00255;;HARINA ESPECIAL NICOLINI SACO 50 KG;SACO;50;SACO;SACO x 50 KG;1;1;1
ING01473;HARINA DE TRIGO ESPECIAL;KG;ABARROTES;PRD00257;;HARINA ESPECIAL DON ANGELO GRANEL 50 KG;SACO;50;SACO;SACO x 50 KG;1;1;1
ING01474;HARINA ESPECIAL LUCIANO GRANEL;KG;ABARROTES;PRD02824;;CAJA CHICA - HARINA ESPECIAL LUCIANO GRANEL;KILOGRAMO;1;KILOGRAMO;KILOGRAMO x 1 KG;1;1;1
ING01475;HARINA INTEGRAL 10 KG;UND;ABARROTES;PRD02886;;CAJA CHICA - HARINA INTEGRAL 10 KG;BOLSA;1;BOLSA;BOLSA x 1 UND;1;1;1
ING01476;HARINA PARA TAMAL MOLINOS DEL SOL 5 KG;KG;;PRD00208;;HARINA PARA TAMAL MOLINOS DEL SOL 5 KG;BOLSA;5;BOLSA;BOLSA x 5 KG;1;1;1
ING01477;HEL BOMBON VAINILLA 72MLX18|;UND;ABARROTES;PRD03687;;CAJA CHICA - HEL BOMBON VAINILLA 72MLX18|;UNIDAD;1;UNIDAD;UNIDAD x 1 UND;1;1;1
ING01478;HEL DOLCETTO LUCUMA 80ML;UND;ABARROTES;PRD03689;;CAJA CHICA - HEL DOLCETTO LUCUMA 80ML;UNIDAD;1;UNIDAD;UNIDAD x 1 UND;1;1;1
ING01479;HEL JET VAINILLA 74 5MLX30;UND;ABARROTES;PRD03686;;CAJA CHICA - HEL JET VAINILLA 74 5MLX30;UNIDAD;1;UNIDAD;UNIDAD x 1 UND;1;1;1
ING01480;HEL MEGA ALMENDRA 100ML;UND;ABARROTES;PRD03688;;CAJA CHICA - HEL MEGA ALMENDRA 100ML;UNIDAD;1;UNIDAD;UNIDAD x 1 UND;1;1;1
ING01481;HELADO BANDEJA CREMA CHOCOMANI LT;L;CONGELADOS;PRD01879;;HELADO CREMA CHOCOMANI YAMBOLY 5 L (2.54 KG);GRANO;5;GRANO;GRANO x 5 L;1;1;1
ING01482;HELADO BANDEJA CREMA FRESA MERMELADA LT;L;CONGELADOS;PRD01877;;HELADO CREMA FRESA MERMELADA YAMBOLY 5 L (2.54 KG);GRANO;5;GRANO;GRANO x 5 L;1;1;1
ING01483;HELADO BANDEJA LUCUMA LT;L;CONGELADOS;PRD01871;;HELADO DONOFRIO LUCUMA 5 LT;GRANO;5;GRANO;GRANO x 5 L;1;1;1
ING01484;HELADO BANDEJA TRICOLOR LT;L;ABARROTES;PRD01873;;HELADO DONOFRIO TRICOLOR 5 LT;GRANO;5;GRANO;GRANO x 5 L;1;1;1
ING01484;HELADO BANDEJA TRICOLOR LT;L;ABARROTES;PRD01875;;E - HELADO DONOFRIO TRICOLOR 5 LT;GRANO;5;GRANO;GRANO x 5 L;1;1;1
ING01484;HELADO BANDEJA TRICOLOR LT;L;ABARROTES;PRD01876;;HELADO CREMA TRISABOR YAMBOLY 5 L (2.54 KG);GRANO;5;GRANO;GRANO x 5 L;1;1;1
ING01485;HELADO BANDEJA VAINILLA LT;L;CONGELADOS;PRD01872;;HELADO DONOFRIO VAINILLA 5 LT;GRANO;5;GRANO;GRANO x 5 L;1;1;1
ING01486;HELADO CASANOVA;UND;ABARROTES;PRD03208;;CAJA CHICA - HELADO CASANOVA;UNIDAD;1;UNIDAD;UNIDAD x 1 UND;1;1;1
ING01487;HELADO CHOCO MANI CREMA CHOCOLATE YAMBOLY 73 ML;UND;;PRD01890;;HELADO CHOCO MANI CREMA CHOCOLATE YAMBOLY 73 ML;UNIDAD;1;UNIDAD;UNIDAD x 1 UND;1;1;1
ING01488;HELADO CREMA FRESA YAMBOLY 5 L (2.67KG);L;;PRD01880;;HELADO CREMA FRESA YAMBOLY 5 L (2.54 KG);GRANO;5;GRANO;GRANO x 5 L;1;1;1
ING01489;HELADO DONOFRIO DON SANDWICH-ITO 63 ML;UND;;PRD01889;;HELADO DONOFRIO DON SANDWICH-ITO 63 ML;UNIDAD;1;UNIDAD;UNIDAD x 1 UND;1;1;1
ING01490;HELADO DONOFRIO FRESA 5 LT;UND;ABARROTES;PRD03330;;CAJA CHICA - HELADO DONOFRIO FRESA 5 LT;GRANO;1;GRANO;GRANO x 1 UND;1;1;1
ING01491;HELADO DONOFRIO SUBLIME CLASICO 80 ML;UND;;PRD01888;;HELADO DONOFRIO SUBLIME CLASICO 80 ML;UNIDAD;1;UNIDAD;UNIDAD x 1 UND;1;1;1
ING01492;HELADO DONOFRIO TRICOLOR 5 LT;UND;CONGELADOS;PRD03331;;CAJA CHICA - HELADO DONOFRIO TRICOLOR 5 LT;GRANO;1;GRANO;GRANO x 1 UND;1;1;1
ING01493;HELADO DONOFRIO VAINILLA 5 LT;UND;CONGELADOS;PRD03332;;CAJA CHICA - HELADO DONOFRIO VAINILLA 5 LT;GRANO;1;GRANO;GRANO x 1 UND;1;1;1
ING01494;HELADO PALETA;UND;CONGELADOS;PRD01248;;HELADO DONOFRIO ALASKA MANGO 75 / 70 ML;UNIDAD;1;UNIDAD;UNIDAD x 1 UND;1;1;1
ING01494;HELADO PALETA;UND;CONGELADOS;PRD01874;;HELADO DONOFRIO BB CHICHA MORADA 70 MM;UNIDAD;1;UNIDAD;UNIDAD x 1 UND;1;1;1
ING01494;HELADO PALETA;UND;CONGELADOS;PRD01881;;HELADO DONOFRIO TRIKA 70 ML;UNIDAD;1;UNIDAD;UNIDAD x 1 UND;1;1;1
ING01494;HELADO PALETA;UND;CONGELADOS;PRD01882;;HELADO DONOFRIO MINI SUBLIME 52/50 ML;UNIDAD;1;UNIDAD;UNIDAD x 1 UND;1;1;1
ING01494;HELADO PALETA;UND;CONGELADOS;PRD01883;;HELADO PALETA PRAIA ICE AGUA FRESA YAMBOLY 68 ML (70 GR);UNIDAD;1;UNIDAD;UNIDAD x 1 UND;1;1;1
ING01494;HELADO PALETA;UND;CONGELADOS;PRD01884;;HELADO PALETA PRAIA ICE AGUA CHICHA MORADA YAMBOLY 68 ML (70 GR);UNIDAD;1;UNIDAD;UNIDAD x 1 UND;1;1;1
ING01494;HELADO PALETA;UND;CONGELADOS;PRD01885;;HELADO PALETA PRAIA ICE AGUA LIMON YAMBOLY 68 ML (70 GR);UNIDAD;1;UNIDAD;UNIDAD x 1 UND;1;1;1
ING01494;HELADO PALETA;UND;CONGELADOS;PRD01886;;HELADO CHOCO MANI CREMA CHOCOLATE YAMBOLY 78 ML (60 GR);UNIDAD;1;UNIDAD;UNIDAD x 1 UND;1;1;1
ING01494;HELADO PALETA;UND;CONGELADOS;PRD01887;;HELADO DONOFRIO SUBLIME 80 ML;UNIDAD;1;UNIDAD;UNIDAD x 1 UND;1;1;1
ING01494;HELADO PALETA;UND;CONGELADOS;PRD01891;;HELADO DONOFRIO SIN PARAR LUCUMA 180 CC;UNIDAD;1;UNIDAD;UNIDAD x 1 UND;1;1;1
ING01494;HELADO PALETA;UND;CONGELADOS;PRD01892;;HELADO DONOFRIO PIBE CAFE 70 ML;UNIDAD;1;UNIDAD;UNIDAD x 1 UND;1;1;1
ING01494;HELADO PALETA;UND;CONGELADOS;PRD01893;;HELADO PALETA TERMINATOR CHICHA MORADA TRENDY 70 CC;UNIDAD;1;UNIDAD;UNIDAD x 1 UND;1;1;1
ING01494;HELADO PALETA;UND;CONGELADOS;PRD01894;;HELADO PALETA TERMINATOR FRESA TRENDY 70 CC;UNIDAD;1;UNIDAD;UNIDAD x 1 UND;1;1;1
ING01494;HELADO PALETA;UND;CONGELADOS;PRD01895;;HELADO PALETA PALAZO CHOCOLATE TRENDY 68 CC;UNIDAD;1;UNIDAD;UNIDAD x 1 UND;1;1;1
ING01494;HELADO PALETA;UND;CONGELADOS;PRD01896;;HELADO PALETA PALAZO LUCUMA TRENDY 68 CC;UNIDAD;1;UNIDAD;UNIDAD x 1 UND;1;1;1
ING01494;HELADO PALETA;UND;CONGELADOS;PRD01897;;HELADO PALETA ESPRESSAME CHOCOLATE TRENDY 70 CC;UNIDAD;1;UNIDAD;UNIDAD x 1 UND;1;1;1
ING01494;HELADO PALETA;UND;CONGELADOS;PRD01898;;HELADO PALETA ESPRESSAME DUO VAIN LUCUM TRENDY 70 CC;UNIDAD;1;UNIDAD;UNIDAD x 1 UND;1;1;1
ING01494;HELADO PALETA;UND;CONGELADOS;PRD01899;;HELADO PALETA CHOCOCRIM TRENDY 65 CC;UNIDAD;1;UNIDAD;UNIDAD x 1 UND;1;1;1
ING01494;HELADO PALETA;UND;CONGELADOS;PRD01900;;HELADO PALETA TERMINATOR LIMON TRENDY 70 CC;UNIDAD;1;UNIDAD;UNIDAD x 1 UND;1;1;1
ING01494;HELADO PALETA;UND;CONGELADOS;PRD01901;;HELADO DONOFRIO ALASKA FRESA 75 / 70 ML;UNIDAD;1;UNIDAD;UNIDAD x 1 UND;1;1;1
ING01494;HELADO PALETA;UND;CONGELADOS;PRD01902;;HELADO BOMBON TRENDY 48 CC;UNIDAD;1;UNIDAD;UNIDAD x 1 UND;1;1;1
ING01494;HELADO PALETA;UND;CONGELADOS;PRD01905;;HELADO PALETA CHAVO TRENDY 70 CC;UNIDAD;1;UNIDAD;UNIDAD x 1 UND;1;1;1
ING01494;HELADO PALETA;UND;CONGELADOS;PRD01906;;HELADO PALETA HELLO KITTY FRESA/PIÑA TRENDY 70 CC;UNIDAD;1;UNIDAD;UNIDAD x 1 UND;1;1;1
ING01494;HELADO PALETA;UND;CONGELADOS;PRD01907;;HELADO PALETA CAMPEON TRENDY;UNIDAD;1;UNIDAD;UNIDAD x 1 UND;1;1;1
ING01494;HELADO PALETA;UND;CONGELADOS;PRD01908;;HELADO PALETA DRACULA TRENDY 70 CC;UNIDAD;1;UNIDAD;UNIDAD x 1 UND;1;1;1
ING01494;HELADO PALETA;UND;CONGELADOS;PRD01909;;HELADO PALETA ARMAPOP TRENDY 70 CC;UNIDAD;1;UNIDAD;UNIDAD x 1 UND;1;1;1
ING01494;HELADO PALETA;UND;CONGELADOS;PRD01910;;HELADO PALETA PALAZZO FRESA 68 CC;UNIDAD;1;UNIDAD;UNIDAD x 1 UND;1;1;1
ING01494;HELADO PALETA;UND;CONGELADOS;PRD01911;;HELADO PALETA ENTRETE TRENDY 70 CC;UNIDAD;1;UNIDAD;UNIDAD x 1 UND;1;1;1
ING01494;HELADO PALETA;UND;CONGELADOS;PRD01912;;HELADO PALETA CONTUTY TRENDY 70 CC;UNIDAD;1;UNIDAD;UNIDAD x 1 UND;1;1;1
ING01494;HELADO PALETA;UND;CONGELADOS;PRD01913;;HELADO PALETA PRAIA ICE AGUA CHICHA MORADA YAMBOLY 70 ML (72 GR);UNIDAD;1;UNIDAD;UNIDAD x 1 UND;1;1;1
ING01494;HELADO PALETA;UND;CONGELADOS;PRD01914;;HELADO PALETA PRAIA ICE AGUA FRESA YAMBOLY 70 ML (72 GR);UNIDAD;1;UNIDAD;UNIDAD x 1 UND;1;1;1
ING01494;HELADO PALETA;UND;CONGELADOS;PRD01915;;HELADO GOLD CREMA VAINILLA LUCUMA YAMBOLY 65 ML (51 GR);UNIDAD;1;UNIDAD;UNIDAD x 1 UND;1;1;1
ING01494;HELADO PALETA;UND;CONGELADOS;PRD01916;;HELADO CHOCOVAI CREMA VAINILLA YAMBOLY 65 ML (44 GR);UNIDAD;1;UNIDAD;UNIDAD x 1 UND;1;1;1
ING01494;HELADO PALETA;UND;CONGELADOS;PRD01917;;HELADO CHOCO MANI CREMA CHOCOLATE YAMBOLY 65 ML (47 GR);UNIDAD;1;UNIDAD;UNIDAD x 1 UND;1;1;1
ING01494;HELADO PALETA;UND;CONGELADOS;PRD01919;;HELADO PALETA PRAIA ICE AGUA LIMON YAMBOLY 70 ML (72 GR);UNIDAD;1;UNIDAD;UNIDAD x 1 UND;1;1;1
ING01494;HELADO PALETA;UND;CONGELADOS;PRD01920;;HELADO YAMBITO CREMA VAINILLA CHOCOLATE YAMBOLY 63 ML (40 GR);UNIDAD;1;UNIDAD;UNIDAD x 1 UND;1;1;1
ING01494;HELADO PALETA;UND;CONGELADOS;PRD01921;;HELADO YAMBITO CREMA VAINILLA LUCUMA YAMBOLY 63 ML (40 GR);UNIDAD;1;UNIDAD;UNIDAD x 1 UND;1;1;1
ING01494;HELADO PALETA;UND;CONGELADOS;PRD01923;;HELADO CREMA VAINILLA PALETA YAMBOLY 50 GR;UNIDAD;1;UNIDAD;UNIDAD x 1 UND;1;1;1
ING01494;HELADO PALETA;UND;CONGELADOS;PRD01925;;HELADO YAMBITO CREMA CHOCOLATE YAMBOLY 54 ML (40 GR);UNIDAD;1;UNIDAD;UNIDAD x 1 UND;1;1;1
ING01494;HELADO PALETA;UND;CONGELADOS;PRD01926;;HELADO YAMBITO CREMA FRESA YAMBOLY 63 /54ML (40 GR);UNIDAD;1;UNIDAD;UNIDAD x 1 UND;1;1;1
ING01495;HELADO PALETA (L);L;CONGELADOS;PRD01878;;HELADO CREMA VAINILLA CHIPS YAMBOLY 5 L (2.56 KG);GRANO;5;GRANO;GRANO x 5 L;1;1;1
ING01496;HELADO PALETA DE CREMA;UND;ABARROTES;PRD03209;;CAJA CHICA - HELADO PALETA DE CREMA;UNIDAD;1;UNIDAD;UNIDAD x 1 UND;1;1;1
ING01497;HELADO PALETA SANDWICH;UND;CONGELADOS;PRD01249;;HELADO DONOFRIO DON SANDWICH-ITO 49 CC;UNIDAD;1;UNIDAD;UNIDAD x 1 UND;1;1;1
ING01497;HELADO PALETA SANDWICH;UND;CONGELADOS;PRD01903;;HELADO SANDWICHITO VAINILLA TRENDY 110 CC;UNIDAD;1;UNIDAD;UNIDAD x 1 UND;1;1;1
ING01497;HELADO PALETA SANDWICH;UND;CONGELADOS;PRD01904;;HELADO SANDWICHITO COOKIES CREAM TRENDY 110 CC;UNIDAD;1;UNIDAD;UNIDAD x 1 UND;1;1;1
ING01497;HELADO PALETA SANDWICH;UND;CONGELADOS;PRD01918;;HELADO SANDWICH CREMA VAINILLA YAMBOLY 67 ML (40 GR);UNIDAD;1;UNIDAD;UNIDAD x 1 UND;1;1;1
ING01497;HELADO PALETA SANDWICH;UND;CONGELADOS;PRD01922;;HELADO SANDWICH CREMA VAINILLA LUCUMA YAMBOLY 67 ML (40 GR);UNIDAD;1;UNIDAD;UNIDAD x 1 UND;1;1;1
ING01498;HELADO PRINCESA 1LT;L;ABARROTES;PRD03974;;CAJA CHICA - HELADO PRINCESA 1LT;UNIDAD;1;UNIDAD;UNIDAD x 1 L;1;1;1
ING01499;HELADO PRINCESA 73 ML DONOFRIO;UND;ABARROTES;PRD03517;;CAJA CHICA - HELADO PRINCESA 73 ML DONOFRIO;UNIDAD;1;UNIDAD;UNIDAD x 1 UND;1;1;1
ING01500;HELADO SANDWICH;UND;CONGELADOS;PRD01924;;HELADO PALETA PRAIA ICE MARACUYA YAMBOLY 74 ML (78 GR);UNIDAD;1;UNIDAD;UNIDAD x 1 UND;1;1;1
ING01501;HELADO SIN PARAR;UND;ABARROTES;PRD03973;;CAJA CHICA - HELADO SIN PARAR;UNIDAD;1;UNIDAD;UNIDAD x 1 UND;1;1;1
ING01502;HELADO SUBLIME CRUNCHY 24X85ML;UND;ABARROTES;PRD03690;;CAJA CHICA - HELADO SUBLIME CRUNCHY 24X85ML;UNIDAD;1;UNIDAD;UNIDAD x 1 UND;1;1;1
ING01503;HELADO TURBO 50 CC DONOFRIO;UND;ABARROTES;PRD03518;;CAJA CHICA - HELADO TURBO 50 CC DONOFRIO;UNIDAD;1;UNIDAD;UNIDAD x 1 UND;1;1;1
ING01504;HELADO VASITO;UND;ABARROTES;PRD03210;;CAJA CHICA - HELADO VASITO;UNIDAD;1;UNIDAD;UNIDAD x 1 UND;1;1;1
ING01505;HELADOS DONOFRIO X 5 LT;UND;ABARROTES;PRD03072;;CAJA CHICA - HELADOS DONOFRIO X 5 LT;UNIDAD;1;UNIDAD;UNIDAD x 1 UND;1;1;1
ING01506;HIELO 3 KG;UND;ABARROTES;PRD03021;;CAJA CHICA - HIELO 3 KG;BOLSA;1;BOLSA;BOLSA x 1 UND;1;1;1
ING01507;HIELO X 4 KG;UND;ABARROTES;PRD03907;;CAJA CHICA - HIELO X 4 KG;BOLSA;1;BOLSA;BOLSA x 1 UND;1;1;1
ING01508;HIERBA BUENA;KG;FFVV;PRD00020;;HIERBA BUENA;KILOGRAMO;1;KILOGRAMO;KILOGRAMO x 1 KG;1;1;1
ING01509;HIERBA LUISA;KG;FFVV;PRD01982;;CAJA CHICA - HIERBA LUISA;KILOGRAMO;1;KILOGRAMO;KILOGRAMO x 1 KG;1;1;1
ING01510;HIERBA LUISA SOBRECITO;UND;ABARROTES;PRD00105;;INFUSION HIERBA LUISA HERBI 100 SOBRES;CAJA;100;CAJA;CAJA x 100 UND;1;1;1
ING01510;HIERBA LUISA SOBRECITO;UND;ABARROTES;PRD00509;;INFUSION HIERBA LUISA DEL VALLE 100 SOBRES;CAJA;100;CAJA;CAJA x 100 UND;1;1;1
ING01511;HIGADO DE POLLO;KG;CONGELADOS;PRD03261;;CAJA CHICA - HIGADO DE POLLO;KILOGRAMO;1;KILOGRAMO;KILOGRAMO x 1 KG;1;1;1
ING01512;HIGADO DE RES;KG;ABARROTES;PRD03262;;CAJA CHICA - HIGADO DE RES;KILOGRAMO;1;KILOGRAMO;KILOGRAMO x 1 KG;1;1;1
ING01513;HIGH ACID CLEANER FP SPARTAN - DESINCRUSTANTE ROPA;L;LIMPIEZA;PRD02522;;HIGH ACID CLEANER FP SPARTAN 3.875 LITROS;GALON;3.875;GALON;GALON x 3.875 L;1;1;1
ING01513;HIGH ACID CLEANER FP SPARTAN - DESINCRUSTANTE ROPA;L;LIMPIEZA;PRD02531;;HIGH ACID CLEANER FP SPARTAN 5 LITROS;UNIDAD;5;UNIDAD;UNIDAD x 5 L;1;1;1
ING01513;HIGH ACID CLEANER FP SPARTAN - DESINCRUSTANTE ROPA;L;LIMPIEZA;PRD02542;;HIGH ACID CLEANER FP SPARTAN 19 LITROS;BIDON;19;BIDON;BIDON x 19 L;1;1;1
ING01514;HIGO SECO;KG;REFRIGERADOS;PRD00875;;HIGO SECO 4 ESTACIONES 1 KG;BOLSA;1;BOLSA;BOLSA x 1 KG;1;1;1
ING01514;HIGO SECO;KG;REFRIGERADOS;PRD02222;;HIGO SECO SELECTO SANTIS 1 KG;BOLSA;1;BOLSA;BOLSA x 1 KG;1;1;1
ING01515;HIGO SECO PREMIUM 4 ESTACIONES 1 KG;KG;ABARROTES;PRD02212;;HIGO SECO PREMIUM 4 ESTACIONES 1 KG;BOLSA;1;BOLSA;BOLSA x 1 KG;1;1;1
ING01516;HIGO SECO PREMIUM 4 ESTACIONES 1 KG - CAJA;KG;;PRD02216;;HIGO SECO PREMIUM 4 ESTACIONES 1 KG - CAJA;BOLSA;1;BOLSA;BOLSA x 1 KG;1;1;1
ING01517;HINOJO;KG;FFVV;PRD00461;;HINOJO;KILOGRAMO;1;KILOGRAMO;KILOGRAMO x 1 KG;1;1;1
ING01518;HISOPO CON BASE;UND;LIMPIEZA;PRD03712;;CAJA CHICA - HISOPO CON BASE;UNIDAD;1;UNIDAD;UNIDAD x 1 UND;1;1;1
ING01519;HISOPO PARA BAÑO;UND;LIMPIEZA;PRD02863;;CAJA CHICA - HISOPO PARA BAÑO;UNIDAD;1;UNIDAD;UNIDAD x 1 UND;1;1;1
ING01520;HISOPO PARA SANITARIO CON BASE HUDE - BLANCO - 7750160418513;UND;;PRD01597;;HISOPO PARA SANITARIO CON BASE HUDE - BLANCO - 7750160418513;UNIDAD;1;UNIDAD;UNIDAD x 1 UND;1;1;1
ING01521;HOJA DE BIJAO X 10 UND;UND;ABARROTES;PRD03105;;CAJA CHICA - HOJA DE BIJAO X 10 UND;ROLLO;1;ROLLO;ROLLO x 1 UND;1;1;1
ING01522;HOJA DE LLANTEN;KG;ABARROTES;PRD01983;;CAJA CHICA - HOJA DE LLANTEN;KILOGRAMO;1;KILOGRAMO;KILOGRAMO x 1 KG;1;1;1
ING01523;HONGO SECO;KG;ABARROTES;PRD01191;;HONGO SECO 4 ESTACIONES 500 GR;BOLSA;0.5;BOLSA;BOLSA x 0.5 KG;1;1;1
ING01523;HONGO SECO;KG;ABARROTES;PRD02220;;HONGO SECO 4 ESTACIONES 1 KG;BOLSA;1;BOLSA;BOLSA x 1 KG;1;1;1
ING01524;HUACATAY;KG;FFVV;PRD00439;;HUACATAY;KILOGRAMO;1;KILOGRAMO;KILOGRAMO x 1 KG;1;1;1
ING01525;HUACATAY MOLIDO ENVASADO;KG;REFRIGERADOS;PRD00836;;HUACATAY MOLIDO X KG;KILOGRAMO;1;KILOGRAMO;KILOGRAMO x 1 KG;1;1;1
ING01526;HUEVO DE CODORNIZ;UND;ABARROTES;PRD03117;;CAJA CHICA - HUEVO DE CODORNIZ;PAQUETE;1;PAQUETE;PAQUETE x 1 UND;1;1;1
ING01527;HUEVO LIQUIDO CONGELADO;KG;CONGELADOS;PRD02090;;HUEVO LIQUIDO CONGELADO 2 KG;PAQUETE;2;PAQUETE;PAQUETE x 2 KG;1;1;1
ING01528;HUEVO ROJO;KG;REFRIGERADOS;PRD02086;;HUEVO ROJO (CAJA 11.5 KG);CAJA;11.5;CAJA;CAJA x 11.5 KG;1;1;1
ING01529;HUEVO ROJO (CAJA 11.5 KG) (EMER);KG;REFRIGERADOS;PRD02087;;HUEVO ROJO (CAJA 11.5 KG) (EMER);CAJA;11.5;CAJA;CAJA x 11.5 KG;1;1;1
ING01530;HUEVO ROSADO;KG;REFRIGERADOS;PRD03104;;CAJA CHICA - HUEVO ROSADO;KILOGRAMO;1;KILOGRAMO;KILOGRAMO x 1 KG;1;1;1
ING01531;HUEVO ROSADO EN BANDEJA;UND;REFRIGERADOS;PRD02085;;HUEVO ROSADO EN BANDEJA X UND;UNIDAD;0.066667;UNIDAD;UNIDAD x 0.066667 UND;1;1;1
ING01531;HUEVO ROSADO EN BANDEJA;UND;REFRIGERADOS;PRD02089;;HUEVO ROSADO BANDEJA X 15 UNID;UNIDAD;0.066667;UNIDAD;UNIDAD x 0.066667 UND;1;1;1
ING01531;HUEVO ROSADO EN BANDEJA;UND;REFRIGERADOS;PRD02092;;HUEVO ROSADO BANDEJA 12 PQTS X 15 UNIDS;CAJA;15;CAJA;CAJA x 15 UND;1;1;1
ING01532;HUEVO ROSADO LA CALERA (EMER);KG;;PRD00665;;HUEVO ROSADO LA CALERA (EMER);KILOGRAMO;1;KILOGRAMO;KILOGRAMO x 1 KG;1;1;1
ING01533;HUEVO ROSADO REFRIGERADO CAJA;KG;REFRIGERADOS;PRD02091;;HUEVO ROSADO (CAJA 25.7KG);CAJA;25.7;CAJA;CAJA x 25.7 KG;1;1;1
ING01534;HUEVO ROSADO REFRIGERADO LOCAL;KG;REFRIGERADOS;PRD02088;;HUEVO ROSADO (LOCAL);KILOGRAMO;1;KILOGRAMO;KILOGRAMO x 1 KG;1;1;1
ING01535;HURACAN HELADO X 20 UND;UND;ABARROTES;PRD03158;;CAJA CHICA - HURACAN HELADO X 20 UND;CAJA;1;CAJA;CAJA x 1 UND;1;1;1
ING01536;INCA CHIPS CHIFLE CLASSICA X 90 GR;UND;ABARROTES;PRD03833;;CAJA CHICA - INCA CHIPS CHIFLE CLASSICA X 90 GR;UNIDAD;1;UNIDAD;UNIDAD x 1 UND;1;1;1
ING01537;INCA CHIPS CHIFLE DULCE X 90 GR;UND;ABARROTES;PRD03834;;CAJA CHICA - INCA CHIPS CHIFLE DULCE X 90 GR;UNIDAD;1;UNIDAD;UNIDAD x 1 UND;1;1;1
ING01538;INCA CHIPS CHIFLE NATURAL X 90 GR;UND;ABARROTES;PRD03835;;CAJA CHICA - INCA CHIPS CHIFLE NATURAL X 90 GR;UNIDAD;1;UNIDAD;UNIDAD x 1 UND;1;1;1
ING01539;INCA KOLA 0.5 LT;UND;BEBIDAS;PRD01254;;GASEOSA INCA KOLA 500 ML;BOTELLA;1;BOTELLA;BOTELLA x 1 UND;1;1;1
ING01539;INCA KOLA 0.5 LT;UND;BEBIDAS;PRD01538;;GASEOSA PERSONAL INCA KOLA 500 ML;BOTELLA;1;BOTELLA;BOTELLA x 1 UND;1;1;1
ING01539;INCA KOLA 0.5 LT;UND;BEBIDAS;PRD01542;;GASEOSA PERSONAL INCA KOLA 600 ML;BOTELLA;1;BOTELLA;BOTELLA x 1 UND;1;1;1
ING01540;INCA KOLA 2 X 2 1/4 LT;L;ABARROTES;PRD03919;;CAJA CHICA - INCA KOLA 2 X 2 1/4 LT;UNIDAD;1;UNIDAD;UNIDAD x 1 L;1;1;1
ING01541;INCA KOLA LIGHT LT;L;BEBIDAS;PRD01276;;GASEOSA INCA KOLA SIN AZUCAR 1.5 LT;BOTELLA;1.5;BOTELLA;BOTELLA x 1.5 L;1;1;1
ING01542;INCA KOLA LT;L;BEBIDAS;PRD01256;;GASEOSA INCA KOLA 3 LT;BOTELLA;3;BOTELLA;BOTELLA x 3 L;1;1;1
ING01542;INCA KOLA LT;L;BEBIDAS;PRD01259;;GASEOSA INCA KOLA 1.5 LT;BOTELLA;1.5;BOTELLA;BOTELLA x 1.5 L;1;1;1
ING01543;INCA KOLA X 3LT;UND;ABARROTES;PRD04081;;CAJA CHICA - INCA KOLA X 3LT;BOTELLA;1;BOTELLA;BOTELLA x 1 UND;1;1;1
ING01544;INFUSION ANIS 50 GRM;KG;ABARROTES;PRD00528;;INFUSION ANIS 4 ESTACIONES 50 GRM;BOLSA;0.05;BOLSA;BOLSA x 0.05 KG;1;1;1
ING01545;INFUSION ANIS HERBI 100 SOBRES;UND;ABARROTES;PRD02796;;CAJA CHICA - INFUSION ANIS HERBI 100 SOBRES;CAJA;1;CAJA;CAJA x 1 UND;1;1;1
ING01546;INFUSION BOLDO 50 GRM;KG;ABARROTES;PRD00470;;INFUSION BOLDO 4 ESTACIONES 50 GRM;BOLSA;0.05;BOLSA;BOLSA x 0.05 KG;1;1;1
ING01547;INFUSION CEDRON 50 GRM;KG;ABARROTES;PRD00471;;INFUSION CEDRON 4 ESTACIONES 50 GRM;BOLSA;0.05;BOLSA;BOLSA x 0.05 KG;1;1;1
ING01548;INFUSION HIERBA LUISA 100 SOBRES;UND;ABARROTES;PRD02825;;CAJA CHICA - INFUSION HIERBA LUISA 100 SOBRES;CAJA;1;CAJA;CAJA x 1 UND;1;1;1
ING01549;INFUSION HIERBA LUISA 50 GRM;KG;ABARROTES;PRD00531;;INFUSION HIERBA LUISA 4 ESTACIONES 50 GRM;BOLSA;0.05;BOLSA;BOLSA x 0.05 KG;1;1;1
ING01550;INFUSION HIERBA LUISA HERBI 100 SOBRES;UND;ABARROTES;PRD02797;;CAJA CHICA - INFUSION HIERBA LUISA HERBI 100 SOBRES;CAJA;1;CAJA;CAJA x 1 UND;1;1;1
ING01551;INFUSION MANZANILLA 50 GRM;KG;ABARROTES;PRD00530;;INFUSION MANZANILLA 4 ESTACIONES 50 GRM;BOLSA;0.05;BOLSA;BOLSA x 0.05 KG;1;1;1
ING01552;INFUSION MANZANILLA DEL VALLE 100 SOBRES;UND;ABARROTES;PRD02798;;CAJA CHICA - INFUSION MANZANILLA HERBI 100 SOBRES;CAJA;1;CAJA;CAJA x 1 UND;1;1;1
ING01552;INFUSION MANZANILLA DEL VALLE 100 SOBRES;UND;ABARROTES;PRD03170;;CAJA CHICA - INFUSION MANZANILLA X 100 UND;CAJA;1;CAJA;CAJA x 1 UND;1;1;1
ING01553;INFUSION MATE DE COCA HERBI 100 SOBRES;UND;ABARROTES;PRD02799;;CAJA CHICA - INFUSION MATE DE COCA HERBI 100 SOBRES;CAJA;100;CAJA;CAJA x 100 UND;1;1;1
ING01554;INFUSION MUÑA 50 GRM;KG;ABARROTES;PRD00472;;INFUSION MUÑA 4 ESTACIONES 50 GRM;BOLSA;0.05;BOLSA;BOLSA x 0.05 KG;1;1;1
ING01555;INFUSION TE BOLDO HERBI 100 SOBRES;UND;ABARROTES;PRD02800;;CAJA CHICA - INFUSION TE BOLDO HERBI 100 SOBRES;CAJA;1;CAJA;CAJA x 1 UND;1;1;1
ING01556;INFUSION TE BOLDO HERBI 25 SOBRES;UND;ABARROTES;PRD02811;;CAJA CHICA - INFUSION TE BOLDO HERBI 25 SOBRES;CAJA;1;CAJA;CAJA x 1 UND;1;1;1
ING01557;INFUSION TE CANELA Y CLAVO CAJA HORNIMANS (EMER);UND;;PRD00496;;INFUSION TE CANELA Y CLAVO CAJA HORNIMANS (EMER);CAJA;1;CAJA;CAJA x 1 UND;1;1;1
ING01558;INFUSION TE CANELA Y CLAVO HERBI 100 SOBRES;UND;ABARROTES;PRD02801;;CAJA CHICA - INFUSION TE CANELA Y CLAVO HERBI 100 SOBRES;CAJA;1;CAJA;CAJA x 1 UND;1;1;1
ING01559;INFUSION TE NEGRO 50 GRM;KG;ABARROTES;PRD00529;;INFUSION TE NEGRO 4 ESTACIONES 50 GRM;BOLSA;0.05;BOLSA;BOLSA x 0.05 KG;1;1;1
ING01560;INFUSION TE ROJO PURO HERBI 100 SOBRES;UND;ABARROTES;PRD02802;;CAJA CHICA - INFUSION TE ROJO PURO HERBI 100 SOBRES;CAJA;1;CAJA;CAJA x 1 UND;1;1;1
ING01561;INFUSION UÑA DE GATO HERBI 100 SOBRES;UND;ABARROTES;PRD02803;;CAJA CHICA - INFUSION UÑA DE GATO HERBI 100 SOBRES;CAJA;1;CAJA;CAJA x 1 UND;1;1;1
ING01562;INFUSION UÑA DE GATO HERBI 25 SOBRES;UND;ABARROTES;PRD03012;;CAJA CHICA - INFUSION UÑA DE GATO HERBI 25 SOBRES;CAJA;1;CAJA;CAJA x 1 UND;1;1;1
ING01563;JABA PLASTICA COSECHERA AZUL;UND;COCINA;PRD02697;;JABA PLASTICA COSECHERA AZUL;UNIDAD;1;UNIDAD;UNIDAD x 1 UND;1;1;1
ING01564;JABON ANTIBACTERIAL;UND;LIMPIEZA;PRD01570;;JABON ANTIBACTERIAL PROTEX 75 GR-LIMPIEZA PROFUNDA;GRANO;1;GRANO;GRANO x 1 UND;1;1;1
ING01565;JABON ANTIBACTERIAL CLEAN SMOOTH 3.7 LT;UND;LIMPIEZA;PRD03288;;CAJA CHICA - JABON ANTIBACTERIAL CLEAN SMOOTH 3.7 LT;GALON;1;GALON;GALON x 1 UND;1;1;1
ING01566;JABON ANTIBACTERIAL MOUNT CLEAR 160 GR;UND;LIMPIEZA;PRD03282;;CAJA CHICA - JABON ANTIBACTERIAL MOUNT CLEAR 160 GR;UNIDAD;1;UNIDAD;UNIDAD x 1 UND;1;1;1
ING01567;JABON ANTIBACTERIAL PARA MANOS SPARTAN;L;LIMPIEZA;PRD02543;;JABÓN ANTIBACTERIAL P/MANOS SPARTAN 4 LITROS NEUTRO;GALON;4;GALON;GALON x 4 L;1;1;1
ING01567;JABON ANTIBACTERIAL PARA MANOS SPARTAN;L;LIMPIEZA;PRD02548;;JABÓN ANTIBACTERIAL P/MANOS SPARTAN 6X4 LITROS NEUTRO;CAJA;24;CAJA;CAJA x 24 L;1;1;1
ING01568;JABON ANTIBACTERIAL PERSONAL 75/ 85 GR;UND;LIMPIEZA;PRD01364;;JABON ANTIBACTERIAL REXONA 84 GR;GRANO;1;GRANO;GRANO x 1 UND;1;1;1
ING01568;JABON ANTIBACTERIAL PERSONAL 75/ 85 GR;UND;LIMPIEZA;PRD01369;;JABON ANTIBACTERIAL ETIQUET 75 GR;GRANO;1;GRANO;GRANO x 1 UND;1;1;1
ING01568;JABON ANTIBACTERIAL PERSONAL 75/ 85 GR;UND;LIMPIEZA;PRD01371;;JABON ANTIBACTERIAL NEKO 75 GR;GRANO;1;GRANO;GRANO x 1 UND;1;1;1
ING01568;JABON ANTIBACTERIAL PERSONAL 75/ 85 GR;UND;LIMPIEZA;PRD01373;;JABON ANTIBACTERIAL PROTEX 75GR (LCL);UNIDAD;1;UNIDAD;UNIDAD x 1 UND;1;1;1
ING01568;JABON ANTIBACTERIAL PERSONAL 75/ 85 GR;UND;LIMPIEZA;PRD03587;;CAJA CHICA - JABON ANTIBACTERIAL SODEXO 62 GR;UNIDAD;1;UNIDAD;UNIDAD x 1 UND;1;1;1
ING01568;JABON ANTIBACTERIAL PERSONAL 75/ 85 GR;UND;LIMPIEZA;PRD03915;;CAJA CHICA - JABON ANTIBACTERIAL PROTEX 75 GR;UNIDAD;1;UNIDAD;UNIDAD x 1 UND;1;1;1
ING01569;JABON DE TOCADOR 90 GR;UND;LIMPIEZA;PRD03479;;CAJA CHICA - JABON DE TOCADOR 90 GR;GRANO;1;GRANO;GRANO x 1 UND;1;1;1
ING01570;JABON DE TOCADOR LIFEBUOY 75 GR;UND;LIMPIEZA;PRD03410;;CAJA CHICA - JABON DE TOCADOR LIFEBUOY 75 GR;UNIDAD;1;UNIDAD;UNIDAD x 1 UND;1;1;1
ING01571;JABON DOVE ORIGINAL 90 GR;UND;LIMPIEZA;PRD01372;;JABON DOVE ORIGINAL 90 GR;GRANO;1;GRANO;GRANO x 1 UND;1;1;1
ING01572;JABON ESPUMA ANTIBACTERIAL WEST MICROSAFE S/AROMA;L;ABARROTES;PRD02547;;JABÓN ESPUMA ANTIBACTERIAL WEST MICROSAFE CLEAS SIN AROMA SPARTAN X1000ML;LITRO;1;LITRO;LITRO x 1 L;1;1;1
ING01572;JABON ESPUMA ANTIBACTERIAL WEST MICROSAFE S/AROMA;L;ABARROTES;PRD02552;;JABÓN ESPUMA ANTIBACTERIAL WEST MICROSAFE CLEAS SIN AROMA SPARTAN 6X1000ML (6 UND X 1L);CAJA;6;CAJA;CAJA x 6 L;1;1;1
ING01573;JABON LIQUIDO ANTIBACTERIAL AVAL 5 LT;UND;LIMPIEZA;PRD01362;;JABON LIQUIDO AVAL 5 LT;GALON;1;GALON;GALON x 1 UND;1;1;1
ING01574;JABON LIQUIDO LEONSOL 4 LT;UND;LIMPIEZA;PRD03317;;CAJA CHICA - JABON LIQUIDO LEONSOL 4 LT;BOTELLA;1;BOTELLA;BOTELLA x 1 UND;1;1;1
ING01575;JABON LIQUIDO PARA MANOS SPARTAN NEUTRO;L;ABARROTES;PRD02544;;JABÓN LIQUIDO P/MANOS SPARTAN 4 LITROS NEUTRO;GALON;4;GALON;GALON x 4 L;1;1;1
ING01575;JABON LIQUIDO PARA MANOS SPARTAN NEUTRO;L;ABARROTES;PRD02549;;JABÓN LIQUIDO P/MANOS SPARTAN 6X4 LITROS NEUTRO;CAJA;24;CAJA;CAJA x 24 L;1;1;1
ING01576;JABON LIQUIDO SOFTCARE ALCOHOL GEL 1 LT;L;LIMPIEZA;PRD03598;;CAJA CHICA - JABON LIQUIDO SOFTCARE ALCOHOL GEL 1 LT;UNIDAD;1;UNIDAD;UNIDAD x 1 L;1;1;1
ING01577;JABON LIQUIDO SOFTCARE BAC 5 LT;UND;LIMPIEZA;PRD03505;;CAJA CHICA - JABON LIQUIDO SOFTCARE BAC 5 LT;GALON;1;GALON;GALON x 1 UND;1;1;1
ING01578;JABON LIQUIDO SOFTCARE BAC LT;L;LIMPIEZA;PRD01569;;JOHNSON DIVERSEY SOFTCARE BAC 5 LT;GALON;5;GALON;GALON x 5 L;1;1;1
ING01579;JABON LIQUIDO SOFTCARE ENHACE LT;L;LIMPIEZA;PRD01565;;JOHNSON DIVERSEY SOFTCARE ENHACE 5 LT;GALON;5;GALON;GALON x 5 L;1;1;1
ING01580;JABON LIQUIDO SUAVE 800 ML;UND;LIMPIEZA;PRD03576;;CAJA CHICA - JABON LIQUIDO SUAVE 800 ML;UNIDAD;1;UNIDAD;UNIDAD x 1 UND;1;1;1
ING01581;JABON PARA ROPA 260 GR;UND;LIMPIEZA;PRD03484;;CAJA CHICA - JABON PARA ROPA 260 GR;GRANO;1;GRANO;GRANO x 1 UND;1;1;1
ING01582;JABON TOCADOR CAMAY 85 GR;UND;LIMPIEZA;PRD01365;;JABON TOCADOR CAMAY 85 GR;GRANO;1;GRANO;GRANO x 1 UND;1;1;1
ING01583;JABON TOCADOR CEST IT BON 80 GR;UND;LIMPIEZA;PRD01363;;JABON TOCADOR CEST IT BON 80 GR;GRANO;1;GRANO;GRANO x 1 UND;1;1;1
ING01584;JABON TOCADOR CEST IT BON HOTELERO SPA 10 GR;UND;LIMPIEZA;PRD01367;;JABON TOCADOR CEST IT BON HOTELERO SPA 10 GR;GRANO;1;GRANO;GRANO x 1 UND;1;1;1
ING01585;JABON TOCADOR LUX 85 GR;UND;LIMPIEZA;PRD01366;;JABON TOCADOR LUX 85 GR;GRANO;1;GRANO;GRANO x 1 UND;1;1;1
ING01586;JABON TOCADOR NIVEA 75 GR;UND;LIMPIEZA;PRD01368;;JABON TOCADOR NIVEA 75 GR;GRANO;1;GRANO;GRANO x 1 UND;1;1;1
ING01587;JABON TOCADOR REXONA 85 GR;UND;LIMPIEZA;PRD01370;;JABON TOCADOR REXONA 85 GR;GRANO;1;GRANO;GRANO x 1 UND;1;1;1
ING01588;JACKET CARTON MICROCORRUGADO P/VASO 12/16 OZ;UND;DESCARTABLES;PRD02602;;JACKET DE CARTON MICROCORRUGADO PARA VASO 12/16OZ MILLAR;PAQUETE;1000;PAQUETE;PAQUETE x 1000 UND;1;1;1
ING01589;JACKET CARTON MICROCORRUGADO P/VASO 12/16 OZ C/LOG;UND;DESCARTABLES;PRD02601;;JACKET DE CARTON MICROCORRUGADO PARA VASO 12/16OZ CON LOGO MILLAR;PAQUETE;1000;PAQUETE;PAQUETE x 1000 UND;1;1;1
ING01590;JACKET CARTON MICROCORRUGADO P/VASO 8 OZ;UND;DESCARTABLES;PRD02604;;JACKET DE CARTON MICROCORRUGADO PARA VASO 8OZ MILLAR;PAQUETE;1000;PAQUETE;PAQUETE x 1000 UND;1;1;1
ING01591;JACKET CARTON MICROCORRUGADO P/VASO 8 OZ C/LOGO;UND;DESCARTABLES;PRD02603;;JACKET DE CARTON MICROCORRUGADO PARA VASO 8OZ CON LOGO MILLAR;PAQUETE;1000;PAQUETE;PAQUETE x 1000 UND;1;1;1
ING01592;JACKET LINNER PARA VASO LOGO 1 COLOR 8 OZ;UND;DESCARTABLES;PRD02336;;JACKET LINNER COLOR PARA VASO LOGO 1 9 OZ MILLAR;PAQUETE;1000;PAQUETE;PAQUETE x 1000 UND;1;1;1
ING01593;JACKET LINNER PARA VASO SIN LOGO 9 OZ;UND;DESCARTABLES;PRD02338;;JACKET LINNER NATURAL PARA VASO 9 OZ MILLAR;PAQUETE;1000;PAQUETE;PAQUETE x 1000 UND;1;1;1
ING01594;JALADOR DE AGUA;UND;ABARROTES;PRD03462;;CAJA CHICA - JALADOR DE AGUA;UNIDAD;1;UNIDAD;UNIDAD x 1 UND;1;1;1
ING01595;JALADOR DE AGUA 9C29 RUBBERMAID 76.2 CM;UND;LIMPIEZA;PRD01298;;RUBBERMAID REPUESTO JALADOR DE AGUA 76 CM 9C29;UNIDAD;1;UNIDAD;UNIDAD x 1 UND;1;1;1
ING01596;JALADOR DE AGUA CON CERDAS 45 CM NEGRO RUBBERMAID;UND;LIMPIEZA;PRD01297;;JALADOR DE AGUA CON CERDAS 45 CM 9C42 NEGRO RUBBERMAID;PAR;1;PAR;PAR x 1 UND;1;1;1
ING01597;JALADOR DE AGUA RUBBERMAID ALUMINIO;UND;ABARROTES;PRD02853;;CAJA CHICA - JALADOR DE AGUA RUBBERMAID ALUMINIO;UNIDAD;1;UNIDAD;UNIDAD x 1 UND;1;1;1
ING01598;JALADOR DE AGUA X 60 CM;UND;ABARROTES;PRD03713;;CAJA CHICA - JALADOR DE AGUA X 60 CM;UNIDAD;1;UNIDAD;UNIDAD x 1 UND;1;1;1
ING01599;JALAPEÑOS HOT PEPPER 244 ML;UND;ABARROTES;PRD03027;;CAJA CHICA - JALAPEÑOS HOT PEPPER 244 ML;FRASCO;1;FRASCO;FRASCO x 1 UND;1;1;1
ING01600;JALAPEÑOS VALLE FERTIL X 290 GR;UND;ABARROTES;PRD03752;;CAJA CHICA - JALAPEÑOS VALLE FERTIL X 290 GR;FRASCO;1;FRASCO;FRASCO x 1 UND;1;1;1
ING01601;JALEA DURAZNO X 500 GR;UND;ABARROTES;PRD04003;;CAJA CHICA - JALEA DURAZNO X 500 GR;GRAMO;1;GRAMO;GRAMO x 1 UND;1;1;1
ING01602;JALEA FRESA X 500 GR;UND;ABARROTES;PRD04004;;CAJA CHICA - JALEA FRESA X 500 GR;GRAMO;1;GRAMO;GRAMO x 1 UND;1;1;1
ING01603;JALEA LEVAPAN X 1 KG;KG;ABARROTES;PRD03836;;CAJA CHICA - JALEA LEVAPAN X 1 KG;POTE;1;POTE;POTE x 1 KG;1;1;1
ING01604;JAMON AHUMADO CONGELADO;KG;CONGELADOS;PRD01846;;JAMON AHUMADO CONGELADO 500 GR;PAQUETE;0.5;PAQUETE;PAQUETE x 0.5 KG;1;1;1
ING01605;JAMON AHUMADO REFRIGERADO;KG;REFRIGERADOS;PRD01851;;JAMON AHUMADO REFRIGERADO 500 GR;PAQUETE;0.5;PAQUETE;PAQUETE x 0.5 KG;1;1;1
ING01605;JAMON AHUMADO REFRIGERADO;KG;REFRIGERADOS;PRD02050;;JAMON AHUMADO REFRIGERADO 500 GR (A);UNIDAD;0.5;UNIDAD;UNIDAD x 0.5 KG;1;1;1
ING01606;JAMON AHUMADO REFRIGERADO 500 GR (EMER);UND;;PRD02047;;JAMON AHUMADO REFRIGERADO 500 GR (EMER);PAQUETE;1;PAQUETE;PAQUETE x 1 UND;1;1;1
ING01607;JAMON AHUMADO X KG;KG;ABARROTES;PRD03280;;CAJA CHICA - JAMON AHUMADO X KG;KILOGRAMO;1;KILOGRAMO;KILOGRAMO x 1 KG;1;1;1
ING01608;JAMON DEL PAIS CONGELADO;KG;CONGELADOS;PRD00798;;JAMON DEL PAIS CONGELADO KG;KILOGRAMO;1;KILOGRAMO;KILOGRAMO x 1 KG;1;1;1
ING01608;JAMON DEL PAIS CONGELADO;KG;CONGELADOS;PRD02236;;JAMON DEL PAIS CONGELADO 500 GR;PAQUETE;0.5;PAQUETE;PAQUETE x 0.5 KG;1;1;1
ING01609;JAMON DEL PAIS REFRIGERADO;KG;REFRIGERADOS;PRD00788;;JAMON DEL PAIS REFRIGERADO KG;KILOGRAMO;1;KILOGRAMO;KILOGRAMO x 1 KG;1;1;1
ING01609;JAMON DEL PAIS REFRIGERADO;KG;REFRIGERADOS;PRD02051;;JAMON DEL PAIS REFRIGERADO BRAEDT 500 GR;PAQUETE;0.5;PAQUETE;PAQUETE x 0.5 KG;1;1;1
ING01610;JAMON DEL PAIS REFRIGERADO 500 GR;UND;REFRIGERADOS;PRD02816;;CAJA CHICA - JAMON DEL PAIS REFRIGERADO 500 GR;PAQUETE;1;PAQUETE;PAQUETE x 1 UND;1;1;1
ING01611;JAMON INGLES CONGELADO;KG;CONGELADOS;PRD00790;;JAMON INGLES CONGELADO KG;KILOGRAMO;1;KILOGRAMO;KILOGRAMO x 1 KG;1;1;1
ING01612;JAMON INGLES REFRIGERADO;KG;REFRIGERADOS;PRD01843;;JAMON INGLES REFRIGERADO 500 GR;PAQUETE;0.5;PAQUETE;PAQUETE x 0.5 KG;1;1;1
ING01613;JAMON INGLES REFRIGERADO 200 GR;UND;REFRIGERADOS;PRD02804;;CAJA CHICA - JAMON INGLES REFRIGERADO 200 GR;PAQUETE;1;PAQUETE;PAQUETE x 1 UND;1;1;1
ING01614;JAMON INGLES X KG;KG;ABARROTES;PRD03732;;CAJA CHICA - JAMON INGLES X KG;KILOGRAMO;1;KILOGRAMO;KILOGRAMO x 1 KG;1;1;1
ING01615;JAMON PARA CAFETIN CONGELADO;KG;CONGELADOS;PRD00791;;JAMON PARA CAFETIN CONGELADO 500 GR;PAQUETE;0.5;PAQUETE;PAQUETE x 0.5 KG;1;1;1
ING01615;JAMON PARA CAFETIN CONGELADO;KG;CONGELADOS;PRD01844;;JAMON PARA CAFETIN CONGELADO KG;KILOGRAMO;1;KILOGRAMO;KILOGRAMO x 1 KG;1;1;1
ING01616;JAMON PARA CAFETIN REFRIGERADO;KG;REFRIGERADOS;PRD01839;;JAMON AMERICANO SUIZA 500 GR REFRIGERADO;PAQUETE;0.5;PAQUETE;PAQUETE x 0.5 KG;1;1;1
ING01617;JAMON PARA CAFETIN REFRIGERADO 500 GR;UND;REFRIGERADOS;PRD02805;;CAJA CHICA - JAMON PARA CAFETIN REFRIGERADO 500 GR;PAQUETE;1;PAQUETE;PAQUETE x 1 UND;1;1;1
ING01618;JAMON PIZZERO 500 GR;UND;ABARROTES;PRD03015;;CAJA CHICA - JAMON PIZZERO 500 GR;PAQUETE;1;PAQUETE;PAQUETE x 1 UND;1;1;1
ING01619;JAMON YORK REFRIGERADO;KG;REFRIGERADOS;PRD00800;;JAMON YORK REFRIGERADO KG;KILOGRAMO;1;KILOGRAMO;KILOGRAMO x 1 KG;1;1;1
ING01620;JAMONADA DE POLLO CONGELADO;KG;CONGELADOS;PRD00792;;JAMONADA DE POLLO CONGELADO KG;KILOGRAMO;1;KILOGRAMO;KILOGRAMO x 1 KG;1;1;1
ING01621;JAMONADA PARA CAFETIN 500 GR CONG;UND;ABARROTES;PRD03333;;CAJA CHICA - JAMONADA PARA CAFETIN 500 GR CONG;PAQUETE;1;PAQUETE;PAQUETE x 1 UND;1;1;1
ING01622;JAMONADA PARA CAFETIN CONGELADO;KG;CONGELADOS;PRD00793;;JAMONADA PARA CAFETIN CONGELADO 500 GR;PAQUETE;0.5;PAQUETE;PAQUETE x 0.5 KG;1;1;1
ING01622;JAMONADA PARA CAFETIN CONGELADO;KG;CONGELADOS;PRD01845;;JAMONADA PARA CAFETIN CONGELADO KG;KILOGRAMO;1;KILOGRAMO;KILOGRAMO x 1 KG;1;1;1
ING01623;JAMONADA PARA CAFETIN REFRIGERADO 500 GR.;UND;REFRIGERADOS;PRD02817;;CAJA CHICA - JAMONADA PARA CAFETIN REFRIGERADO 500 GR.;PAQUETE;1;PAQUETE;PAQUETE x 1 UND;1;1;1
ING01624;JAMONADA PASTEL DE VERDURAS CONGELADO;KG;CONGELADOS;PRD02049;;JAMONADA PASTEL DE VERDURAS CONGELADO KG;KILOGRAMO;1;KILOGRAMO;KILOGRAMO x 1 KG;1;1;1
ING01625;JARABE CHUNCHO DE GOMA 750 ML;UND;ABARROTES;PRD02753;;CAJA CHICA - JARABE CHUNCHO DE GOMA 750 ML;BOTELLA;1;BOTELLA;BOTELLA x 1 UND;1;1;1
ING01626;JARABE CHUNCHO DE GRANADILLA 750 ML;UND;ABARROTES;PRD02754;;CAJA CHICA - JARABE CHUNCHO DE GRANADILLA 750 ML;BOTELLA;1;BOTELLA;BOTELLA x 1 UND;1;1;1
ING01627;JARABE DE GOMA LUVAR 750 ML;UND;ABARROTES;PRD02932;;CAJA CHICA - JARABE DE GOMA LUVAR 750 ML;BOTELLA;1;BOTELLA;BOTELLA x 1 UND;1;1;1
ING01628;JARABE DE GOMA VILLA ANDINA 750 ML;UND;ABARROTES;PRD02755;;CAJA CHICA - JARABE DE GOMA VILLA ANDINA 750 ML;BOTELLA;1;BOTELLA;BOTELLA x 1 UND;1;1;1
ING01629;JARABE DE GRANADINA VILLA ANDINA 750 ML;UND;ABARROTES;PRD02756;;CAJA CHICA - JARABE DE GRANADINA VILLA ANDINA 750 ML;BOTELLA;1;BOTELLA;BOTELLA x 1 UND;1;1;1
ING01630;JARABE FRUTTIGEL BRILLO NEUTRO 1 KG;KG;;PRD00983;;JARABE FRUTTIGEL BRILLO NEUTRO 1 KG;BOLSA;1;BOLSA;BOLSA x 1 KG;1;1;1
ING01631;JARABE FRUTTIGEL CHOCOLATE 1 KG;KG;;PRD00976;;JARABE FRUTTIGEL CHOCOLATE 1 KG;BOLSA;1;BOLSA;BOLSA x 1 KG;1;1;1
ING01632;JARABE FRUTTIGEL DURAZNO 1 KG;KG;;PRD00978;;JARABE FRUTTIGEL DURAZNO 1 KG;BOLSA;1;BOLSA;BOLSA x 1 KG;1;1;1
ING01633;JARABE FRUTTIGEL FRESA 1 KG;KG;;PRD00977;;JARABE FRUTTIGEL FRESA 1 KG;BOLSA;1;BOLSA;BOLSA x 1 KG;1;1;1
ING01634;JARABE FRUTTIGEL GUANABANA 1 KG;KG;;PRD00979;;JARABE FRUTTIGEL GUANABANA 1 KG;BOLSA;1;BOLSA;BOLSA x 1 KG;1;1;1
ING01635;JARABE GRANADINA CHEVALIER X 750 ML;UND;ABARROTES;PRD04105;;CAJA CHICA - JARABE GRANADINA CHEVALIER X 750 ML;BOTELLA;1;BOTELLA;BOTELLA x 1 UND;1;1;1
ING01636;JARABE SPITZE ALGARROBINA;UND;ABARROTES;PRD02757;;CAJA CHICA - JARABE SPITZE ALGARROBINA;BOTELLA;1;BOTELLA;BOTELLA x 1 UND;1;1;1
ING01637;JENGIBRE 500GR;UND;ABARROTES;PRD01649;;CAJA CHICA - JENGIBRE 500GR;GRAMO;1;GRAMO;GRAMO x 1 UND;1;1;1
ING01638;JET MINI HELADO X 24 UND;UND;CONGELADOS;PRD03154;;CAJA CHICA - JET MINI HELADO X 24 UND;CAJA;1;CAJA;CAJA x 1 UND;1;1;1
ING01639;JOHNSON DIVERSEY ALPHA HP 1.5 LT;UND;LIMPIEZA;PRD01284;;JOHNSON DIVERSEY ALPHA HP 1.5 LT;FRASCO;1;FRASCO;FRASCO x 1 UND;1;1;1
ING01640;JOHNSON DIVERSEY CLAX 100 OB2 AL 15 LT;UND;ABARROTES;PRD02998;;CAJA CHICA - JOHNSON DIVERSEY CLAX 100 OB2 AL 15 LT;UNIDAD;1;UNIDAD;UNIDAD x 1 UND;1;1;1
ING01641;JOHNSON DIVERSEY CLAX ALFA 20 LT;UND;LIMPIEZA;PRD01291;;JOHNSON DIVERSEY CLAX ALFA 20 LT;BIDON;1;BIDON;BIDON x 1 UND;1;1;1
ING01642;JOHNSON DIVERSEY CLAX BETA LT;L;LIMPIEZA;PRD01549;;JOHNSON DIVERSEY CLAX BETA 20 LT;BIDON;20;BIDON;BIDON x 20 L;1;1;1
ING01643;JOHNSON DIVERSEY CLAX SUAVE LT;L;LIMPIEZA;PRD01553;;JOHNSON DIVERSEY CLAX SUAVE 20 LT;BIDON;20;BIDON;BIDON x 20 L;1;1;1
ING01644;JOHNSON DIVERSEY DIVOSAN FORTE 20 LT;UND;LIMPIEZA;PRD02921;;CAJA CHICA - JOHNSON DIVERSEY DIVOSAN FORTE 20 LT;BIDON;1;BIDON;BIDON x 1 UND;1;1;1
ING01645;JOHNSON DIVERSEY DRAX ULTRA;L;LIMPIEZA;PRD01282;;JOHNSON DIVERSEY DRAX ULTRA 5 LT;GALON;5;GALON;GALON x 5 L;1;1;1
ING01646;JOHNSON DIVERSEY FLASH BAÑO;L;ABARROTES;PRD01281;;JOHNSON DIVERSEY FLASH BAÑO 5 LT;GALON;5;GALON;GALON x 5 L;1;1;1
ING01647;JOHNSON DIVERSEY FORWARD X LT;L;LIMPIEZA;PRD01534;;JOHNSON DIVERSEY FORWARD 5 LT;GALON;5;GALON;GALON x 5 L;1;1;1
ING01648;JOHNSON DIVERSEY GELOL ALCOHOL GEL 100ML;UND;LIMPIEZA;PRD02996;;CAJA CHICA - JOHNSON DIVERSEY GELOL ALCOHOL GEL 100ML;UNIDAD;1;UNIDAD;UNIDAD x 1 UND;1;1;1
ING01649;JOHNSON DIVERSEY SOFTCARE ALCOHOL GEL;L;LIMPIEZA;PRD01357;;JOHNSON DIVERSEY SOFTCARE ALCOHOL GEL GLN X 5 LT;GALON;5;GALON;GALON x 5 L;1;1;1
ING01650;JOHNSON DIVERSEY SOFTCARE ALCOHOL GEL 1000 ML;L;LIMPIEZA;PRD01346;;JOHNSON DIVERSEY SOFTCARE ALCOHOL GEL 1000 ML;SACHET;1;SACHET;SACHET x 1 L;1;1;1
ING01651;JOHNSON DIVERSEY SOFTCARE ALCOHOL LT;L;LIMPIEZA;PRD01567;;JOHNSON DIVERSEY SOFTCARE ALCOHOL GEL 800 ML;SACHET;0.8;SACHET;SACHET x 0.8 L;1;1;1
ING01652;JOHNSON DIVERSEY SOFTCARE DES-E GLN X 5 LT;L;;PRD01340;;JOHNSON DIVERSEY SOFTCARE DES-E GLN X 5 LT;GALON;5;GALON;GALON x 5 L;1;1;1
ING01653;JOHNSON DIVERSEY SOFTCARE FREE PLUS;L;LIMPIEZA;PRD01273;;JOHNSON DIVERSEY SOFTCARE FREE PLUS GLN X 5 LT;GALON;5;GALON;GALON x 5 L;1;1;1
ING01654;JOHNSON DIVERSEY SUMA BAC D10 5 LT;UND;LIMPIEZA;PRD01283;;JOHNSON DIVERSEY SUMA BAC D10 5 LT;GALON;1;GALON;GALON x 1 UND;1;1;1
ING01655;JOHNSON DIVERSEY SUMA CALC LT;L;LIMPIEZA;PRD01562;;JOHNSON DIVERSEY SUMA CALC 5 LT R03300;GALON;5;GALON;GALON x 5 L;1;1;1
ING01656;JOHNSON DIVERSEY SUMA COMBI + 5 LT;L;LIMPIEZA;PRD01274;;JOHNSON DIVERSEY SUMA COMBI+ 5LT;UNIDAD;5;UNIDAD;UNIDAD x 5 L;1;1;1
ING01657;JOHNSON DIVERSEY SUMA CRYSTAL LT;L;LIMPIEZA;PRD01547;;JOHNSON DIVERSEY SUMA CRYSTAL 20 LT;BIDON;20;BIDON;BIDON x 20 L;1;1;1
ING01658;JOHNSON DIVERSEY SUMA D44 5 LT;L;LIMPIEZA;PRD01303;;JOHNSON DIVERSEY SUMA D44 5 LT;GALON;5;GALON;GALON x 5 L;1;1;1
ING01659;JOHNSON DIVERSEY SUMA F4;L;LIMPIEZA;PRD01275;;JOHNSON DIVERSEY SUMA F4 5 LT;GALON;5;GALON;GALON x 5 L;1;1;1
ING01660;JOHNSON DIVERSEY SUMA J512 LT;L;LIMPIEZA;PRD01574;;JOHNSON DIVERSEY SUMA J512 5 LT;GALON;5;GALON;GALON x 5 L;1;1;1
ING01661;JOHNSON DIVERSEY SUMA NOVA LT;L;LIMPIEZA;PRD01548;;JOHNSON DIVERSEY SUMA NOVA 20 LT;BIDON;20;BIDON;BIDON x 20 L;1;1;1
ING01662;JOHNSON DIVERSEY SUMA PLAQ LT;L;LIMPIEZA;PRD01566;;JOHNSON DIVERSEY SUMA PLAQ 5 LT;GALON;5;GALON;GALON x 5 L;1;1;1
ING01663;JOHNSON DIVERSEY TASKI R5 LT;UND;LIMPIEZA;PRD01285;;JOHNSON DIVERSEY TASKI R5 LT;FRASCO;1;FRASCO;FRASCO x 1 UND;1;1;1
ING01664;JUEGO DE CUBIERTOS DESCARTABLES BELLAMESA;UND;DESCARTABLES;PRD03736;;CAJA CHICA - JUEGO DE CUBIERTOS DESCARTABLES BELLAMESA;PAQUETE;1;PAQUETE;PAQUETE x 1 UND;1;1;1
ING01665;JUGO AQUARIUS MANZANA 500 ML;UND;BEBIDAS;PRD01496;;JUGO DE MANZANA AQUARIUS 500/600 ML;BOTELLA;1;BOTELLA;BOTELLA x 1 UND;1;1;1
ING01666;JUGO AQUARIUS PERA 500 ML;UND;BEBIDAS;PRD01497;;JUGO DE PERA AQUARIUS 500/600 ML;BOTELLA;1;BOTELLA;BOTELLA x 1 UND;1;1;1
ING01667;JUGO CIFRUT FRUIT PUNCH 350 ML;UND;BEBIDAS;PRD01507;;JUGO CIFRUT FRUIT PUNCH 350 ML;BOTELLA;1;BOTELLA;BOTELLA x 1 UND;1;1;1
ING01668;JUGO CIFRUT GRANADILLA - MARACUYA 400 ML;UND;BEBIDAS;PRD01529;;JUGO CIFRUT GRANADILLA-MARACUYA 400 ML;BOTELLA;1;BOTELLA;BOTELLA x 1 UND;1;1;1
ING01669;JUGO CIFRUT GRANADILLA MARACUYA 500 ML;UND;BEBIDAS;PRD01338;;JUGO CIFRUT GRANADILLA-MARACUYA 500 ML;BOTELLA;1;BOTELLA;BOTELLA x 1 UND;1;1;1
ING01670;JUGO CIFRUT ISLAND 400 ML;UND;BEBIDAS;PRD01505;;JUGO CIFRUT ISLAND PUNCH PET 400 ML;BOTELLA;1;BOTELLA;BOTELLA x 1 UND;1;1;1
ING01671;JUGO CIFRUT ISLAND PUNCH PET 350 ML;UND;BEBIDAS;PRD01508;;JUGO CIFRUT ISLAND PUNCH PET 350 ML;BOTELLA;1;BOTELLA;BOTELLA x 1 UND;1;1;1
ING01672;JUGO CIFRUT ISLAND PUNCH PET 500 ML;UND;BEBIDAS;PRD01501;;JUGO CIFRUT ISLAND PUNCH PET 500 ML;BOTELLA;1;BOTELLA;BOTELLA x 1 UND;1;1;1
ING01673;JUGO CIFRUT NARANJA 400 ML;UND;BEBIDAS;PRD01530;;JUGO CIFRUT NARANJA 400 ML;BOTELLA;1;BOTELLA;BOTELLA x 1 UND;1;1;1
ING01674;JUGO CIFRUT NARANJA 500 ML;UND;BEBIDAS;PRD01532;;JUGO CIFRUT NARANJA 500 ML;BOTELLA;1;BOTELLA;BOTELLA x 1 UND;1;1;1
ING01675;JUGO CIFRUT NARANJA-MANDARINA-LIMON 350 ML;UND;BEBIDAS;PRD01506;;JUGO CIFRUT NARANJA-MANDARINA-LIMON 350 ML;BOTELLA;1;BOTELLA;BOTELLA x 1 UND;1;1;1
ING01676;JUGO CONCENTRADO;UND;BEBIDAS;PRD03630;;CAJA CHICA - JUGO CONCENTRADO;BOTELLA;1;BOTELLA;BOTELLA x 1 UND;1;1;1
ING01677;JUGO DE DURAZNO FRUGOS 970 ML;UND;BEBIDAS;PRD01510;;JUGO DE DURAZNO FRUGOS 970 ML;CAJA;1;CAJA;CAJA x 1 UND;1;1;1
ING01678;JUGO DE DURAZNO GLORIA 1 LT;L;BEBIDAS;PRD03506;;CAJA CHICA - JUGO DE DURAZNO GLORIA 1 LT;CAJA;1;CAJA;CAJA x 1 L;1;1;1
ING01679;JUGO DE DURAZNO PULP 315 ML;UND;;PRD01524;;JUGO DE DURAZNO PULP 315 ML;CAJA;1;CAJA;CAJA x 1 UND;1;1;1
ING01680;JUGO DE DURAZNO WATTS 200 ML;UND;BEBIDAS;PRD01342;;JUGO DE DURAZNO WATTS 200/180 ML;CAJA;1;CAJA;CAJA x 1 UND;1;1;1
ING01681;JUGO DE DURAZNO WATTS 350 ML;UND;BEBIDAS;PRD01527;;JUGO DE DURAZNO WATTS 350 ML;BOTELLA;1;BOTELLA;BOTELLA x 1 UND;1;1;1
ING01682;JUGO DE DURAZNO WATTS 946 ML;UND;BEBIDAS;PRD01515;;JUGO DE DURAZNO WATTS 946 ML;CAJA;1;CAJA;CAJA x 1 UND;1;1;1
ING01683;JUGO DE FRESA NARANJA PASTEURIZADO ECOFRESH 400 ML;UND;REFRIGERADOS;PRD02195;;JUGO DE FRESA NARANJA PASTEURIZADO ECOFRESH 400 ML;BOTELLA;1;BOTELLA;BOTELLA x 1 UND;1;1;1
ING01684;JUGO DE MANDARINA PASTEURIZADO ECOFRESH 400 ML;UND;;PRD02196;;JUGO DE MANDARINA PASTEURIZADO ECOFRESH 400 ML;BOTELLA;1;BOTELLA;BOTELLA x 1 UND;1;1;1
ING01685;JUGO DE MANGO LT;L;BEBIDAS;PRD01343;;JUGO DE MANGO WATTS 1 LT;CAJA;1;CAJA;CAJA x 1 L;1;1;1
ING01686;JUGO DE MANGO WATTS 946 ML;UND;BEBIDAS;PRD01514;;JUGO DE MANGO WATTS 946 ML;CAJA;1;CAJA;CAJA x 1 UND;1;1;1
ING01687;JUGO DE MANGO X 200 ML;UND;BEBIDAS;PRD03550;;CAJA CHICA - JUGO DE MANGO X 200 ML;UNIDAD;1;UNIDAD;UNIDAD x 1 UND;1;1;1
ING01688;JUGO DE MANZANA FRUGOS 970 ML;UND;BEBIDAS;PRD01511;;JUGO DE MANZANA FRUGOS 970 ML;CAJA;1;CAJA;CAJA x 1 UND;1;1;1
ING01689;JUGO DE MANZANA FRUGOS DEL VALLE FRESH 500 ML;UND;BEBIDAS;PRD01503;;JUGO DE MANZANA FRUGOS DEL VALLE FRESH 500 ML;BOTELLA;1;BOTELLA;BOTELLA x 1 UND;1;1;1
ING01690;JUGO DE MANZANA LAIVE 200 ML;UND;ABARROTES;PRD02791;;CAJA CHICA - JUGO DE MANZANA LAIVE 200 ML;CAJA;1;CAJA;CAJA x 1 UND;1;1;1
ING01691;JUGO DE NARANJA AQUARIUS 500 ML;UND;BEBIDAS;PRD01499;;JUGO DE NARANJA AQUARIUS 500/600 ML;BOTELLA;1;BOTELLA;BOTELLA x 1 UND;1;1;1
ING01692;JUGO DE NARANJA FRUGOS 970 ML;UND;BEBIDAS;PRD01512;;JUGO DE NARANJA FRUGOS 970 ML;CAJA;1;CAJA;CAJA x 1 UND;1;1;1
ING01693;JUGO DE NARANJA FRUGOS DEL VALLE FRESH 500 ML;UND;BEBIDAS;PRD01502;;JUGO DE NARANJA FRUGOS DEL VALLE FRESH 500 ML;BOTELLA;1;BOTELLA;BOTELLA x 1 UND;1;1;1
ING01694;JUGO DE NARANJA GLORIA 1 LT;L;BEBIDAS;PRD03507;;CAJA CHICA - JUGO DE NARANJA GLORIA 1 LT;CAJA;1;CAJA;CAJA x 1 L;1;1;1
ING01695;JUGO DE NARANJA GLORIA 200 ML;UND;BEBIDAS;PRD01339;;JUGO DE NARANJA GLORIA 250 ML;CAJA;1;CAJA;CAJA x 1 UND;1;1;1
ING01695;JUGO DE NARANJA GLORIA 200 ML;UND;BEBIDAS;PRD01509;;JUGO DE NARANJA GLORIA 200 ML;CAJA;1;CAJA;CAJA x 1 UND;1;1;1
ING01695;JUGO DE NARANJA GLORIA 200 ML;UND;BEBIDAS;PRD03495;;CAJA CHICA - JUGO DE NARANJA GLORIA 200 ML;UNIDAD;1;UNIDAD;UNIDAD x 1 UND;1;1;1
ING01696;JUGO DE NARANJA LT;L;BEBIDAS;PRD01526;;JUGO TAMPICO NARANJA 3.8 LT;BOTELLA;3.8;BOTELLA;BOTELLA x 3.8 L;1;1;1
ING01697;JUGO DE NARANJA PASTEURIZADO;L;REFRIGERADOS;PRD00675;;JUGO DE NARANJA PASTEURIZADO X 3.8 LT;BOTELLA;3.8;BOTELLA;BOTELLA x 3.8 L;1;1;1
ING01698;JUGO DE NARANJA PASTEURIZADO ECOFRESH 400 ML;UND;REFRIGERADOS;PRD02191;;JUGO DE NARANJA PASTEURIZADO ECOFRESH X 400 ML;BOTELLA;1;BOTELLA;BOTELLA x 1 UND;1;1;1
ING01699;JUGO DE NARANJA PASTEURIZADO X 250 ML;UND;REFRIGERADOS;PRD02199;;JUGO DE NARANJA PASTEURIZADO X 250 ML - BOT;BOTELLA;1;BOTELLA;BOTELLA x 1 UND;1;1;1
ING01700;JUGO DE NARANJA WATTS 946 ML;UND;BEBIDAS;PRD01516;;JUGO DE NARANJA WATTS 946 ML;CAJA;1;CAJA;CAJA x 1 UND;1;1;1
ING01701;JUGO DE NARANJA ZANAHORIA PASTEURIZADO ECOFRESH 400 ML;UND;;PRD02198;;JUGO DE NARANJA ZANAHORIA PASTEURIZADO ECOFRESH 400 ML;BOTELLA;1;BOTELLA;BOTELLA x 1 UND;1;1;1
ING01702;JUGO DE PERA LAIVE 200 ML;UND;BEBIDAS;PRD01495;;JUGO DE PERA LAIVE 200 ML;CAJA;1;CAJA;CAJA x 1 UND;1;1;1
ING01703;JUGO DE PIÑA GLORIA 1 LT;L;BEBIDAS;PRD03477;;CAJA CHICA - JUGO DE PIÑA GLORIA 1 LT;CAJA;1;CAJA;CAJA x 1 L;1;1;1
ING01704;JUGO DE PIÑA GLORIA 250 ML;UND;BEBIDAS;PRD01525;;JUGO DE PIÑA GLORIA 250 ML;CAJA;1;CAJA;CAJA x 1 UND;1;1;1
ING01705;JUGO DE PIÑA PASTEURIZADO;L;REFRIGERADOS;PRD02202;;JUGO DE PIÑA PASTEURIZADO X 3.8 LT;GALON;3.8;GALON;GALON x 3.8 L;1;1;1
ING01706;JUGO DE PIÑA PASTEURIZADO ECOFRESH 400 ML;UND;REFRIGERADOS;PRD02192;;JUGO DE PIÑA PASTEURIZADO ECOFRESH X 400 ML;BOTELLA;1;BOTELLA;BOTELLA x 1 UND;1;1;1
ING01707;JUGO DE PIÑA PASTEURIZADO X 250 ML;UND;REFRIGERADOS;PRD02201;;JUGO DE PIÑA PASTEURIZADO X 250 ML - BOT;BOTELLA;1;BOTELLA;BOTELLA x 1 UND;1;1;1
ING01708;JUGO DE TUNA PIÑA PASTEURIZADO ECOFRESH 400 ML;UND;;PRD02197;;JUGO DE TUNA PIÑA PASTEURIZADO ECOFRESH 400 ML;BOTELLA;1;BOTELLA;BOTELLA x 1 UND;1;1;1
ING01709;JUGO DURAZNO LAIVE 200 ML;UND;ABARROTES;PRD03334;;CAJA CHICA - JUGO DURAZNO LAIVE 200 ML;UNIDAD;1;UNIDAD;UNIDAD x 1 UND;1;1;1
ING01710;JUGO FRUIT PUNCH FRUGOS DEL VALLE FRESH 500 ML;UND;BEBIDAS;PRD01504;;JUGO FRUIT PUNCH FRUGOS DEL VALLE FRESH 500 ML;BOTELLA;1;BOTELLA;BOTELLA x 1 UND;1;1;1
ING01711;JUGO KIWIFRESH 510 ML;UND;ABARROTES;PRD01500;;JUGO KIWIFRESH 510 ML;BOTELLA;1;BOTELLA;BOTELLA x 1 UND;1;1;1
ING01712;JUGO LAIVE DURAZNO X 1 LT;L;ABARROTES;PRD03073;;CAJA CHICA - JUGO LAIVE DURAZNO X 1 LT;UNIDAD;1;UNIDAD;UNIDAD x 1 L;1;1;1
ING01713;JUGO LAIVE NARANJA X 200 ML;UND;ABARROTES;PRD03074;;CAJA CHICA - JUGO LAIVE NARANJA X 200 ML;UNIDAD;1;UNIDAD;UNIDAD x 1 UND;1;1;1
ING01714;JUGO NATURAL DE NARANJA BID 3.8 L;UND;ABARROTES;PRD03443;;CAJA CHICA - JUGO NATURAL DE NARANJA BID 3.8 L;BOTELLA;1;BOTELLA;BOTELLA x 1 UND;1;1;1
ING01715;JUGO PIÑA LAIVE 200 ML;UND;ABARROTES;PRD03335;;CAJA CHICA - JUGO PIÑA LAIVE 200 ML;UNIDAD;1;UNIDAD;UNIDAD x 1 UND;1;1;1
ING01716;JUGO TROPICAL PASTEURIZADO 250 ML;UND;REFRIGERADOS;PRD02200;;JUGO TROPICAL PASTEURIZADO X 250 ML - BOT;BOTELLA;1;BOTELLA;BOTELLA x 1 UND;1;1;1
ING01717;JUGO TROPICAL PASTEURIZADO ECOFRESH 400 ML;UND;REFRIGERADOS;PRD02193;;JUGO TROPICAL PASTEURIZADO ECOFRESH X 400 ML;BOTELLA;1;BOTELLA;BOTELLA x 1 UND;1;1;1
ING01718;JUGOS DURAZNO 1 LT FRUGOS;L;BEBIDAS;PRD01335;;JUGO DE DURAZNO FRUGOS 1 LT;CAJA;1;CAJA;CAJA x 1 L;1;1;1
ING01719;JUGOS DURAZNO 1 LT WATTS;L;BEBIDAS;PRD01341;;JUGO DE DURAZNO WATTS 1 LT;CAJA;1;CAJA;CAJA x 1 L;1;1;1
ING01720;JUGOS DURAZNO FRUGOS 235 ML;UND;BEBIDAS;PRD01854;;JUGO DE DURAZNO FRUGOS 235 ML;CAJA;1;CAJA;CAJA x 1 UND;1;1;1
ING01721;JUGOS DURAZNO GLORIA 200 ML;UND;BEBIDAS;PRD01513;;JUGO DE DURAZNO GLORIA 200 ML;CAJA;1;CAJA;CAJA x 1 UND;1;1;1
ING01722;JUGOS MANGO 0.20 LT WATTS;UND;BEBIDAS;PRD01336;;JUGO DE MANGO WATTS 200 ML;CAJA;1;CAJA;CAJA x 1 UND;1;1;1
ING01723;JUGOS MANGO FRUGOS 235 LT;UND;BEBIDAS;PRD01498;;JUGO DE MANGO FRUGOS 235 ML;CAJA;1;CAJA;CAJA x 1 UND;1;1;1
ING01724;JUGOS MANZANA 0.20 LT WATTS;UND;BEBIDAS;PRD00194;;JUGO DE MANZANA WATTS 200/180 ML;CAJA;1;CAJA;CAJA x 1 UND;1;1;1
ING01725;JUGOS MANZANA 1 LT FRUGOS;L;BEBIDAS;PRD01494;;JUGO DE MANZANA FRUGOS 1 LT;CAJA;1;CAJA;CAJA x 1 L;1;1;1
ING01726;JUGOS MANZANA 1 LT WATTS;L;BEBIDAS;PRD00220;;JUGO DE MANZANA WATTS 1 LT;CAJA;1;CAJA;CAJA x 1 L;1;1;1
ING01727;JUGOS NARANJA 1 LT WATTS;L;BEBIDAS;PRD01344;;JUGO DE NARANJA WATTS 1 LT;CAJA;1;CAJA;CAJA x 1 L;1;1;1
ING01728;JUGOS NARANJA FRUGOS 1 LT;L;BEBIDAS;PRD01337;;JUGO DE NARANJA FRUGOS 1 LT;CAJA;1;CAJA;CAJA x 1 L;1;1;1
ING01729;JUGOS NARANJA PASTEURIZADO X 5 LT EC;UND;BEBIDAS;PRD03524;;CAJA CHICA - JUGOS NARANJA PASTEURIZADO X 5 LT EC;BIDON;1;BIDON;BIDON x 1 UND;1;1;1
ING01730;JUGOS PIÑA 1 LT WATTS;L;BEBIDAS;PRD01345;;JUGO DE PIÑA WATTS 1 LT;CAJA;1;CAJA;CAJA x 1 L;1;1;1
ING01731;JUGOS WATSS;UND;ABARROTES;PRD03976;;CAJA CHICA - JUGOS WATSS;BOTELLA;1;BOTELLA;BOTELLA x 1 UND;1;1;1
ING01732;JUREL FILETE CON PIEL CONGELADO;KG;CONGELADOS;PRD01747;;JUREL FILETE CON PIEL CONGELADO;KILOGRAMO;1;KILOGRAMO;KILOGRAMO x 1 KG;1;1;1
ING01733;K -BANA HELADO VAINILLA /LUCUMA X 18 UND;UND;ABARROTES;PRD03159;;CAJA CHICA - K -BANA HELADO VAINILLA /LUCUMA X 18 UND;CAJA;1;CAJA;CAJA x 1 UND;1;1;1
ING01734;KARINTRIXS QUESO X 12 GR;UND;ABARROTES;PRD03837;;CAJA CHICA - KARINTRIXS QUESO X 12 GR;UNIDAD;1;UNIDAD;UNIDAD x 1 UND;1;1;1
ING01735;KASABE AJO Y OREGANO;UND;ABARROTES;PRD03668;;CAJA CHICA - KASABE AJO Y OREGANO;UNIDAD;1;UNIDAD;UNIDAD x 1 UND;1;1;1
ING01736;KASABE NATURAL;UND;ABARROTES;PRD03669;;CAJA CHICA - KASABE NATURAL;UNIDAD;1;UNIDAD;UNIDAD x 1 UND;1;1;1
ING01737;KEKE BIMBOLETE;UND;ABARROTES;PRD00932;;KEKE BIMBOLETE MARMOLEADO 02 UND 70 GR;UNIDAD;1;UNIDAD;UNIDAD x 1 UND;1;1;1
ING01737;KEKE BIMBOLETE;UND;ABARROTES;PRD03933;;CAJA CHICA - KEKE BIMBOLETE;UNIDAD;1;UNIDAD;UNIDAD x 1 UND;1;1;1
ING01738;KEKE BIMBOLETE MARMOLEADO 55 GR X 2 UND;UND;ABARROTES;PRD00934;;KEKE BIMBOLETE MARMOLEADO 55 GR;UNIDAD;1;UNIDAD;UNIDAD x 1 UND;1;1;1
ING01739;KEKE BIMBOLETE VAINILA 02 UND 70 GR;UND;;PRD00933;;KEKE BIMBOLETE VAINILA 02 UND 70 GR;UNIDAD;1;UNIDAD;UNIDAD x 1 UND;1;1;1
ING01740;KEKE BIMBOLETTES 55 GR;UND;ABARROTES;PRD00196;;KEKE BIMBOLETES VAINILLA 55 GR;UNIDAD;1;UNIDAD;UNIDAD x 1 UND;1;1;1
ING01741;KEKE MARMOLEADO BIMBO X 400 GR;UND;ABARROTES;PRD03738;;CAJA CHICA - KEKE MARMOLEADO BIMBO X 400 GR;UNIDAD;1;UNIDAD;UNIDAD x 1 UND;1;1;1
ING01742;KETCHUP;KG;ABARROTES;PRD01073;;KETCHUP COMPASS 400 GR CHISGUETE;SACHET;0.4;SACHET;SACHET x 0.4 KG;1;1;1
ING01743;KETCHUP 4 KG;L;ABARROTES;PRD00149;;KETCHUP TRESA 4 LT;BALDE;4;BALDE;BALDE x 4 L;1;1;1
ING01743;KETCHUP 4 KG;L;ABARROTES;PRD00162;;KETCHUP B&D 4 LT;BALDE;4;BALDE;BALDE x 4 L;1;1;1
ING01743;KETCHUP 4 KG;L;ABARROTES;PRD01088;;KETCHUP DERBY 4 LT;BALDE;4;BALDE;BALDE x 4 L;1;1;1
ING01744;KETCHUP BALDE X 4KG;UND;ABARROTES;PRD04107;;CAJA CHICA - KETCHUP BALDE X 4KG;UNIDAD;1;UNIDAD;UNIDAD x 1 UND;1;1;1
ING01745;KETCHUP INDIVIDUAL X 240 UND;UND;ABARROTES;PRD03175;;CAJA CHICA - KETCHUP INDIVIDUAL X 240 UND;CAJA;1;CAJA;CAJA x 1 UND;1;1;1
ING01746;KETCHUP PERSONAL SACHET 10 GR;UND;ABARROTES;PRD01077;;KETCHUP TRESA PERSONAL 10 GR;SACHET;1;SACHET;SACHET x 1 UND;1;1;1
ING01747;KETCHUP SACHET 8 GR;UND;ABARROTES;PRD01071;;E - KETCHUP ALACENA SACHET 8 CC;UNIDAD;1;UNIDAD;UNIDAD x 1 UND;1;1;1
ING01748;KETCHUP X 390;UND;ABARROTES;PRD03075;;CAJA CHICA - KETCHUP X 390;UNIDAD;1;UNIDAD;UNIDAD x 1 UND;1;1;1
ING01749;KETCHUP X 4 KG ALACENA;UND;ABARROTES;PRD03076;;CAJA CHICA - KETCHUP X 4 KG ALACENA;UNIDAD;1;UNIDAD;UNIDAD x 1 UND;1;1;1
ING01750;KETCHUP X 500 GR;UND;ABARROTES;PRD04005;;CAJA CHICA - KETCHUP X 500 GR;GRAMO;1;GRAMO;GRAMO x 1 UND;1;1;1
ING01751;KION;KG;FFVV;PRD00426;;KION;KILOGRAMO;1;KILOGRAMO;KILOGRAMO x 1 KG;1;1;1
ING01752;KION MOLIDO ENVASADO;KG;REFRIGERADOS;PRD00838;;KION MOLIDO X KG;KILOGRAMO;1;KILOGRAMO;KILOGRAMO x 1 KG;1;1;1
ING01753;KION MOLIDO SECO;KG;ABARROTES;PRD00888;;KION MOLIDO SECO 4 ESTACIONES 250 GR;BOLSA;0.25;BOLSA;BOLSA x 0.25 KG;1;1;1
ING01754;KIT DE PECHO PARA SMARTPHONE GIRO 360;UND;PROTECCION Y SEGURIDAD;PRD02676;;KIT DE PECHO PARA SMARTPHONE GIRO 360;KIT;1;KIT;KIT x 1 UND;1;1;1
ING01755;KIWI;KG;FFVV;PRD03903;;CAJA CHICA - KIWI;KILOGRAMO;1;KILOGRAMO;KILOGRAMO x 1 KG;1;1;1
ING01756;KIWI KG;KG;ABARROTES;PRD03233;;CAJA CHICA - KIWI KG;KILOGRAMO;1;KILOGRAMO;KILOGRAMO x 1 KG;1;1;1
ING01757;KIWI M;UND;ABARROTES;PRD03676;;CAJA CHICA - KIWI M;UNIDAD;1;UNIDAD;UNIDAD x 1 UND;1;1;1
ING01758;KRAP DIA PACK 19 X 6 UND;UND;ABARROTES;PRD03881;;CAJA CHICA - KRAP DIA PACK 19 X 6 UND;PAQUETE;1;PAQUETE;PAQUETE x 1 UND;1;1;1
ING01759;LANGOSTINOS MEDIANO X KG;KG;ABARROTES;PRD03859;;CAJA CHICA - LANGOSTINOS MEDIANO X KG;KILOGRAMO;1;KILOGRAMO;KILOGRAMO x 1 KG;1;1;1
ING01760;LAPICERO FABER CASTELL 031 - F AZUL;UND;KIOSKO;PRD02691;;LAPICERO FABER CASTELL 031-F AZUL;UNIDAD;1;UNIDAD;UNIDAD x 1 UND;1;1;1
ING01761;LAPICERO FABER CASTELL 031 - NEGRO;UND;KIOSKO;PRD02692;;LAPICERO FABER CASTELL 031- NEGRO;UNIDAD;1;UNIDAD;UNIDAD x 1 UND;1;1;1
ING01762;LASAGÑA DE CARNE CONGELADA;KG;CONGELADOS;PRD03519;;CAJA CHICA - LASAGÑA DE CARNE CONGELADA;KILOGRAMO;1;KILOGRAMO;KILOGRAMO x 1 KG;1;1;1
ING01763;LASAÑA DE CARNE CONGELADO;KG;ABARROTES;PRD01942;;LASAÑA DE CARNE CONGELADO X 1KG;KILOGRAMO;1;KILOGRAMO;KILOGRAMO x 1 KG;1;1;1
ING01764;LAUNDRY DEGREASER SPARTAN - DESENGRASANTE ROPA;L;LIMPIEZA;PRD02521;;LAUNDRY DEGREASER SPARTAN 3.875 LITROS;GALON;3.875;GALON;GALON x 3.875 L;1;1;1
ING01764;LAUNDRY DEGREASER SPARTAN - DESENGRASANTE ROPA;L;LIMPIEZA;PRD02530;;LAUNDRY DEGREASER SPARTAN 5 LITROS;UNIDAD;5;UNIDAD;UNIDAD x 5 L;1;1;1
ING01764;LAUNDRY DEGREASER SPARTAN - DESENGRASANTE ROPA;L;LIMPIEZA;PRD02541;;LAUNDRY DEGREASER SPARTAN 19 LITROS;BIDON;19;BIDON;BIDON x 19 L;1;1;1
ING01765;LAUNDRY SPOTTING SOLUTION SPARTAN - LIMPIADOR REMO;L;LIMPIEZA;PRD02518;;LAUNDRY SPOTTING SOLUTION SPARTAN 3.875 LITROS;GALON;3.875;GALON;GALON x 3.875 L;1;1;1
ING01765;LAUNDRY SPOTTING SOLUTION SPARTAN - LIMPIADOR REMO;L;LIMPIEZA;PRD02527;;LAUNDRY SPOTTING SOLUTION SPARTAN 5 LITROS;UNIDAD;5;UNIDAD;UNIDAD x 5 L;1;1;1
ING01766;LAUNDRY SPOTTING SOLUTION SPARTAN - LIMPIADOR Y RE;L;LIMPIEZA;PRD02536;;LAUNDRY SPOTTING SOLUTION SPARTAN 19 LITROS;BIDON;19;BIDON;BIDON x 19 L;1;1;1
ING01767;LAUREL;KG;ABARROTES;PRD00876;;LAUREL 4 ESTACIONES 1 KG;BOLSA;1;BOLSA;BOLSA x 1 KG;1;1;1
ING01768;LAVAVAJILLA GEL DARYZA LT;UND;LIMPIEZA;PRD01443;;LAVAVAJILLA GEL DARYZA LT;FRASCO;1;FRASCO;FRASCO x 1 UND;1;1;1
ING01769;LAVAVAJILLA SAPOLIO KG;KG;LIMPIEZA;PRD01441;;LAVAVAJILLA X 1000 GR. SAPOLIO 8305162;POTE;1;POTE;POTE x 1 KG;1;1;1
ING01769;LAVAVAJILLA SAPOLIO KG;KG;LIMPIEZA;PRD01442;;LAVAVAJILLA SAPOLIO 900 GR;POTE;0.9;POTE;POTE x 0.9 KG;1;1;1
ING01769;LAVAVAJILLA SAPOLIO KG;KG;LIMPIEZA;PRD01533;;LAVAVAJILLA SAPOLIO 360 GR;POTE;0.36;POTE;POTE x 0.36 KG;1;1;1
ING01770;LAYS 185GR + PIQUEO 230;UND;ABARROTES;PRD03952;;CAJA CHICA - LAYS 185GR + PIQUEO 230;PAQUETE;1;PAQUETE;PAQUETE x 1 UND;1;1;1
ING01771;LECHE CHOCOLATADA;L;REFRIGERADOS;PRD02094;;LECHE CHOCOLATADA GLORIA 1 LT;CAJA;1;CAJA;CAJA x 1 L;1;1;1
ING01771;LECHE CHOCOLATADA;L;REFRIGERADOS;PRD02099;;LECHE CHOCOLATADA LAIVE 1 LT;CAJA;1;CAJA;CAJA x 1 L;1;1;1
ING01772;LECHE CHOCOLATADA 1 LT;L;ABARROTES;PRD03427;;CAJA CHICA - LECHE CHOCOLATADA 1 LT;CAJA;1;CAJA;CAJA x 1 L;1;1;1
ING01773;LECHE CHOCOLATADA LAIVE 180 ML;UND;ABARROTES;PRD02102;;LECHE CHOCOLATADA LAIVE 180 ML;CAJA;1;CAJA;CAJA x 1 UND;1;1;1
ING01774;LECHE CHOCOLATADA X 180 ML;UND;ABARROTES;PRD03922;;CAJA CHICA - LECHE CHOCOLATADA X 180 ML;CAJA;1;CAJA;CAJA x 1 UND;1;1;1
ING01775;LECHE CONDENSADA LATA (KG);KG;ABARROTES;PRD00001;;LECHE CONDENSADA NESTLE 100 GR;LATA;0.1;LATA;LATA x 0.1 KG;1;1;1
ING01775;LECHE CONDENSADA LATA (KG);KG;ABARROTES;PRD00003;;LECHE CONDENSADA GLORIA 393 GR;LATA;0.393;LATA;LATA x 0.393 KG;1;1;1
ING01775;LECHE CONDENSADA LATA (KG);KG;ABARROTES;PRD01026;;LECHE CONDENSADA NESTLE 393 GR;LATA;0.393;LATA;LATA x 0.393 KG;1;1;1
ING01776;LECHE CONDENSADA LATA (UND);UND;ABARROTES;PRD03440;;CAJA CHICA - LECHE CONDENSADA LATA 397 ML;LATA;1;LATA;LATA x 1 UND;1;1;1
ING01777;LECHE DE SOYA;L;ABARROTES;PRD02103;;LECHE DE SOYA SOY VIDA 946 ML;CAJA;0.946;CAJA;CAJA x 0.946 L;1;1;1
ING01778;LECHE DESCREMADA SBELT 1 LT;L;ABARROTES;PRD02967;;CAJA CHICA - LECHE DESCREMADA SBELT 1 LT;CAJA;1;CAJA;CAJA x 1 L;1;1;1
ING01779;LECHE EN BRICK DESCREMADA;UND;REFRIGERADOS;PRD02100;;LECHE EN BRICK DESCREMADA LAIVE 946 ML;CAJA;1;CAJA;CAJA x 1 UND;1;1;1
ING01780;LECHE EN POLVO;KG;ABARROTES;PRD01937;;CAJA CHICA - LECHE EN POLVO;KILOGRAMO;1;KILOGRAMO;KILOGRAMO x 1 KG;1;1;1
ING01781;LECHE EN POLVO GLORIA;UND;ABARROTES;PRD04078;;CAJA CHICA - LECHE EN POLVO GLORIA;BOLSA;1;BOLSA;BOLSA x 1 UND;1;1;1
ING01782;LECHE EN TARRO LIGHT GLORIA 400 GR;UND;ABARROTES;PRD02706;;CAJA CHICA - LECHE EN TARRO LIGHT GLORIA 400 GR;LATA;1;LATA;LATA x 1 UND;1;1;1
ING01783;LECHE EN TARRO PURA VIDA 400 GR;UND;ABARROTES;PRD02844;;CAJA CHICA - LECHE EN TARRO PURA VIDA 400 GR;LATA;1;LATA;LATA x 1 UND;1;1;1
ING01784;LECHE EVAPORADA;L;ABARROTES;PRD00270;;LECHE EVAPORADA (CONCENTRADA) LAIVE BOLSITARRO 800 ML;BOLSA;0.8;BOLSA;BOLSA x 0.8 L;1;1;1
ING01784;LECHE EVAPORADA;L;ABARROTES;PRD00276;;LECHE EVAPORADA (CONCENTRADA) LAIVE BOLSITARRO 400 ML;BOLSA;0.4;BOLSA;BOLSA x 0.4 L;1;1;1
ING01785;LECHE EVAPORADA BOLSITARRO X 400 GR;UND;ABARROTES;PRD04030;;CAJA CHICA - LECHE EVAPORADA BOLSITARRO X 400 GR;PAQUETE;1;PAQUETE;PAQUETE x 1 UND;1;1;1
ING01786;LECHE EVAPORADA LAIVE FAMILIA 500 ML;UND;ABARROTES;PRD03077;;CAJA CHICA - LECHE EVAPORADA LAIVE FAMILIA 500 ML;UNIDAD;1;UNIDAD;UNIDAD x 1 UND;1;1;1
ING01787;LECHE EVAPORADA LIGHT TETRA;L;ABARROTES;PRD00274;;LECHE EVAPORADA LIGHT LAIVE CAJA 400 ML;CAJA;0.4;CAJA;CAJA x 0.4 L;1;1;1
ING01788;LECHE EVAPORADA TETRA;L;ABARROTES;PRD00275;;EVAPORADA LAIVE FAMILIA VITAMINIZADA EN CAJA 500 ML;CAJA;0.5;CAJA;CAJA x 0.5 L;1;1;1
ING01789;LECHE EVAPORADA TETRA (KG);KG;ABARROTES;PRD00268;;MEZCLA LACTEA LAIVE CREMOSA EN CAJA 480 GR;CAJA;0.48;CAJA;CAJA x 0.48 KG;1;1;1
ING01790;LECHE EVAPORADA TETRA LT;L;ABARROTES;PRD02995;;CAJA CHICA - LECHE EVAPORADA TETRA LT;LITRO;1;LITRO;LITRO x 1 L;1;1;1
ING01791;LECHE FRESCA UHT LIGHT;UND;REFRIGERADOS;PRD02097;;LECHE EN BRICK LAIVE 946 ML;CAJA;1;CAJA;CAJA x 1 UND;1;1;1
ING01791;LECHE FRESCA UHT LIGHT;UND;REFRIGERADOS;PRD02101;;LECHE EN BRICK SIN LACTOSA LAIVE 946 ML;CAJA;1;CAJA;CAJA x 1 UND;1;1;1
ING01792;LECHE FRESCA UHT LIGHT (L);L;REFRIGERADOS;PRD02095;;LECHE EN BRICK LIGHT GLORIA 1 LT;CAJA;1;CAJA;CAJA x 1 L;1;1;1
ING01792;LECHE FRESCA UHT LIGHT (L);L;REFRIGERADOS;PRD02098;;LECHE EN BRICK LIGHT GLORIA 946 ML;CAJA;0.946;CAJA;CAJA x 0.946 L;1;1;1
ING01792;LECHE FRESCA UHT LIGHT (L);L;REFRIGERADOS;PRD02104;;LECHE EN BRICK SIN LACTOSA GLORIA 1 LT;CAJA;1;CAJA;CAJA x 1 L;1;1;1
ING01793;LECHE FRESCA UHT SIN LACTOSA;L;REFRIGERADOS;PRD02096;;LECHE SIN LACTOSA GLORIA 1 LT;CAJA;1;CAJA;CAJA x 1 L;1;1;1
ING01794;LECHE GLORIA X 410 ML;UND;ABARROTES;PRD03621;;CAJA CHICA - LECHE GLORIA X 410 ML;LATA;1;LATA;LATA x 1 UND;1;1;1
ING01795;LECHE IDEAL AMANECER SIX PACK;L;ABARROTES;PRD04044;;CAJA CHICA - LECHE IDEAL AMANECER SIX PACK;LITRO;1;LITRO;LITRO x 1 L;1;1;1
ING01796;LECHE LAIVE BOLSITARRO X 470 GR;UND;ABARROTES;PRD04152;;CAJA CHICA - LECHE LAIVE BOLSITARRO X 470 GR;UNIDAD;1;UNIDAD;UNIDAD x 1 UND;1;1;1
ING01797;LECHE SBELT 1 LT;L;ABARROTES;PRD02968;;CAJA CHICA - LECHE SBELT 1 LT;CAJA;1;CAJA;CAJA x 1 L;1;1;1
ING01798;LECHE SIN LACTOSA LAIVE 480 G;UND;ABARROTES;PRD02000;;CAJA CHICA - LECHE SIN LACTOSA LAIVE 480 G;CAJA;1;CAJA;CAJA x 1 UND;1;1;1
ING01799;LECHE SIN LACTOSA SABOR CHOCOLATE LAIVE 170 ML;UND;ABARROTES;PRD00273;;LECHE SIN LACTOSA SABOR CHOCOLATE LAIVE 170 ML;CAJA;1;CAJA;CAJA x 1 UND;1;1;1
ING01800;LECHE SIN LACTOSA SABOR CHOCOLATE LAIVE 180 ML;UND;ABARROTES;PRD00269;;LECHE SIN LACTOSA SABOR CHOCOLATE LAIVE 180 ML;CAJA;1;CAJA;CAJA x 1 UND;1;1;1
ING01801;LECHE SIX PACK;UND;ABARROTES;PRD04042;;CAJA CHICA - LECHE SIX PACK;SIXPACK;1;SIXPACK;SIXPACK x 1 UND;1;1;1
ING01802;LECHE UHT LIGHT GLORIA LT;UND;ABARROTES;PRD03237;;CAJA CHICA - LECHE UHT LIGHT GLORIA LT;UNIDAD;1;UNIDAD;UNIDAD x 1 UND;1;1;1
ING01803;LECHE UHT SIN LACTOSA GLORIA LT;UND;ABARROTES;PRD03238;;CAJA CHICA - LECHE UHT SIN LACTOSA GLORIA LT;UNIDAD;1;UNIDAD;UNIDAD x 1 UND;1;1;1
ING01804;LECHON ENTERO CONGELADO;KG;CONGELADOS;PRD01235;;LECHON ENTERO CONGELADO (PESO DE 8 A 10 KG.);KILOGRAMO;1;KILOGRAMO;KILOGRAMO x 1 KG;1;1;1
ING01804;LECHON ENTERO CONGELADO;KG;CONGELADOS;PRD01716;;LECHON ENTERO CONGELADO (PESO DE 7 A 9 KG.);KILOGRAMO;1;KILOGRAMO;KILOGRAMO x 1 KG;1;1;1
ING01805;LECHON ENTERO CONGELADO (PESO DE 9 A 10 KG.);KG;CONGELADOS;PRD01710;;LECHON ENTERO CONGELADO (PESO DE 9 A 10 KG.);KILOGRAMO;1;KILOGRAMO;KILOGRAMO x 1 KG;1;1;1
ING01806;LECHON ENTERO X KG;KG;ABARROTES;PRD02771;;CAJA CHICA - LECHON ENTERO X KG;KILOGRAMO;1;KILOGRAMO;KILOGRAMO x 1 KG;1;1;1
ING01807;LECHUGA AMERICANA;KG;FFVV;PRD02432;;LECHUGA AMERICANA;KILOGRAMO;1;KILOGRAMO;KILOGRAMO x 1 KG;1;1;1
ING01807;LECHUGA AMERICANA;KG;FFVV;PRD02725;;CAJA CHICA - LECHUGA AMERICANA;KILOGRAMO;1;KILOGRAMO;KILOGRAMO x 1 KG;1;1;1
ING01808;LECHUGA MORADA;KG;FFVV;PRD03760;;CAJA CHICA - LECHUGA MORADA;KILOGRAMO;1;KILOGRAMO;KILOGRAMO x 1 KG;1;1;1
ING01809;LECHUGA ORGANICA;KG;FFVV;PRD00427;;LECHUGA ORGANICA;KILOGRAMO;1;KILOGRAMO;KILOGRAMO x 1 KG;1;1;1
ING01809;LECHUGA ORGANICA;KG;FFVV;PRD03751;;CAJA CHICA - LECHUGA ORGANICA;KILOGRAMO;1;KILOGRAMO;KILOGRAMO x 1 KG;1;1;1
ING01810;LECHUGA ROJA;KG;ABARROTES;PRD03259;;CAJA CHICA - LECHUGA ROJA;KILOGRAMO;1;KILOGRAMO;KILOGRAMO x 1 KG;1;1;1
ING01811;LEGENDARIA SAL ROSADA;UND;ABARROTES;PRD03122;;CAJA CHICA - LEGENDARIA SAL ROSADA;GRAMO;1;GRAMO;GRAMO x 1 UND;1;1;1
ING01812;LEJIA CLOROX 639 ML;UND;LIMPIEZA;PRD02722;;CAJA CHICA - LEJIA CLOROX 639 ML;BOTELLA;1;BOTELLA;BOTELLA x 1 UND;1;1;1
ING01813;LEJIA CLOROX TRADICIONAL X 4 LT;UND;LIMPIEZA;PRD03890;;CAJA CHICA - LEJIA CLOROX TRADICIONAL X 4 LT;GALON;1;GALON;GALON x 1 UND;1;1;1
ING01814;LEJIA CLOROX X 20 LT;UND;LIMPIEZA;PRD03783;;CAJA CHICA - LEJIA CLOROX X 20 LT;GALON;1;GALON;GALON x 1 UND;1;1;1
ING01815;LEJIA CLOROX X 639 ML;UND;LIMPIEZA;PRD03958;;CAJA CHICA - LEJIA CLOROX X 639 ML;BOTELLA;1;BOTELLA;BOTELLA x 1 UND;1;1;1
ING01816;LEJIA CONCENTRADA 5.25%;L;LIMPIEZA;PRD01573;;LEJIA SAPOLIO 2 LT;BOTELLA;2;BOTELLA;BOTELLA x 2 L;1;1;1
ING01817;LEJIA DARYZA LT;L;LIMPIEZA;PRD01446;;LEJIA CONCENTRADA DARYZA 4 LT (GL);GALON;4;GALON;GALON x 4 L;1;1;1
ING01818;LEJIA SAPOLIO 1LT;L;LIMPIEZA;PRD04150;;CAJA CHICA - LEJIA SAPOLIO 1LT;BOTELLA;1;BOTELLA;BOTELLA x 1 L;1;1;1
ING01819;LEJIA SAPOLIO LT;L;LIMPIEZA;PRD01445;;LEJIA SAPOLIO 3.785 ML;BOTELLA;3.785;BOTELLA;BOTELLA x 3.785 L;1;1;1
ING01819;LEJIA SAPOLIO LT;L;LIMPIEZA;PRD01447;;LEJIA SAPOLIO 5 LT X 4UND;CAJA;5;CAJA;CAJA x 5 L;1;1;1
ING01820;LEJIA SAPOLIO X 2 KG;KG;LIMPIEZA;PRD03727;;CAJA CHICA - LEJIA SAPOLIO X 2 KG;KILOGRAMO;1;KILOGRAMO;KILOGRAMO x 1 KG;1;1;1
ING01821;LEJIA SAPOLIO X 4 KG;KG;LIMPIEZA;PRD03728;;CAJA CHICA - LEJIA SAPOLIO X 4 KG;KILOGRAMO;1;KILOGRAMO;KILOGRAMO x 1 KG;1;1;1
ING01822;LENGUADO ENTERO;KG;ABARROTES;PRD02780;;CAJA CHICA - LENGUADO ENTERO;KILOGRAMO;1;KILOGRAMO;KILOGRAMO x 1 KG;1;1;1
ING01823;LENTEJA;KG;ABARROTES;PRD00054;;LENTEJA COSTEÑO 500 GR;BOLSA;0.5;BOLSA;BOLSA x 0.5 KG;1;1;1
ING01823;LENTEJA;KG;ABARROTES;PRD00300;;LENTEJA CRIMSON CANTA CLARO 5 KG;BOLSA;5;BOLSA;BOLSA x 5 KG;1;1;1
ING01823;LENTEJA;KG;ABARROTES;PRD00359;;LENTEJA KOMILON 5 KG;BOLSA;5;BOLSA;BOLSA x 5 KG;1;1;1
ING01823;LENTEJA;KG;ABARROTES;PRD00365;;LENTEJA KOMILON 500 GR;BOLSA;0.5;BOLSA;BOLSA x 0.5 KG;1;1;1
ING01823;LENTEJA;KG;ABARROTES;PRD00368;;LENTEJA CANTA CLARO 5 KG;BOLSA;5;BOLSA;BOLSA x 5 KG;1;1;1
ING01823;LENTEJA;KG;ABARROTES;PRD00375;;LENTEJA CANTA CLARO 500 GR;BOLSA;0.5;BOLSA;BOLSA x 0.5 KG;1;1;1
ING01823;LENTEJA;KG;ABARROTES;PRD02729;;CAJA CHICA - LENTEJA;KILOGRAMO;1;KILOGRAMO;KILOGRAMO x 1 KG;1;1;1
ING01824;LENTEJA CON TOCINO GAMBRINOS LATA;UND;ABARROTES;PRD03078;;CAJA CHICA - LENTEJA CON TOCINO GAMBRINOS LATA;UNIDAD;1;UNIDAD;UNIDAD x 1 UND;1;1;1
ING01825;LENTEJA EL PLEBEYO 5 KG;UND;ABARROTES;PRD03584;;CAJA CHICA - LENTEJA EL PLEBEYO 5 KG;BOLSA;1;BOLSA;BOLSA x 1 UND;1;1;1
ING01826;LEVADURA INSTANTANEA;KG;ABARROTES;PRD00190;;LEVADURA INSTANTANEA LEVAPAN 500 GR;BOLSA;0.5;BOLSA;BOLSA x 0.5 KG;1;1;1
ING01826;LEVADURA INSTANTANEA;KG;ABARROTES;PRD00966;;LEVADURA INSTANTANEA SAF INSTANT DORADA 500 GR;BOLSA;0.5;BOLSA;BOLSA x 0.5 KG;1;1;1
ING01826;LEVADURA INSTANTANEA;KG;ABARROTES;PRD00970;;LEVADURA INSTANTANEA MAURIPAN 500 GR (EMER);BOLSA;0.5;BOLSA;BOLSA x 0.5 KG;1;1;1
ING01826;LEVADURA INSTANTANEA;KG;ABARROTES;PRD00980;;LEVADURA INSTANTANEA OKEDO INSTANT 500 GR;BOLSA;0.5;BOLSA;BOLSA x 0.5 KG;1;1;1
ING01826;LEVADURA INSTANTANEA;KG;ABARROTES;PRD00981;;LEVADURA INSTANTANEA NICOLLINI 500 GR (EMER);BOLSA;0.5;BOLSA;BOLSA x 0.5 KG;1;1;1
ING01826;LEVADURA INSTANTANEA;KG;ABARROTES;PRD01022;;LEVADURA INSTANTANEA MAURIPAN 500 GR;BOLSA;0.5;BOLSA;BOLSA x 0.5 KG;1;1;1
ING01827;LEVADURA INSTANTANEA FLEISCHMANN 500 GR (EMER);KG;;PRD00974;;LEVADURA INSTANTANEA FLEISCHMANN 500 GR (EMER);BOLSA;0.5;BOLSA;BOLSA x 0.5 KG;1;1;1
ING01828;LEVADURA INSTANTÁNEA 500 GR;UND;ABARROTES;PRD03985;;CAJA CHICA - LEVADURA INSTANTÁNEA 500 GR;PAQUETE;1;PAQUETE;PAQUETE x 1 UND;1;1;1
ING01829;LEVERLINE BAC 800 ML;UND;ABARROTES;PRD03537;;CAJA CHICA - LEVERLINE BAC 800 ML;SACHET;1;SACHET;SACHET x 1 UND;1;1;1
ING01830;LICOR DE CAFE KALHUA 700 ML;UND;ABARROTES;PRD03356;;CAJA CHICA - LICOR DE CAFE KALHUA 700 ML;BOTELLA;1;BOTELLA;BOTELLA x 1 UND;1;1;1
ING01831;LICOR DE MENTA;UND;ABARROTES;PRD03273;;CAJA CHICA - LICOR DE MENTA;BOTELLA;1;BOTELLA;BOTELLA x 1 UND;1;1;1
ING01832;LIMON VERDE;KG;FFVV;PRD00558;;LIMON VERDE EXTRA;KILOGRAMO;1;KILOGRAMO;KILOGRAMO x 1 KG;1;1;1
ING01832;LIMON VERDE;KG;FFVV;PRD03423;;CAJA CHICA - LIMON VERDE;KILOGRAMO;1;KILOGRAMO;KILOGRAMO x 1 KG;1;1;1
ING01833;LIMON VERDE EXTRA;KG;FFVV;PRD02711;;CAJA CHICA - LIMON VERDE EXTRA;KILOGRAMO;1;KILOGRAMO;KILOGRAMO x 1 KG;1;1;1
ING01834;LIMPIA VIDRIO DARIZA;L;LIMPIEZA;PRD01448;;LIMPIAVIDRIO CON GATILLO DARYZA 1 LT;FRASCO;1;FRASCO;FRASCO x 1 L;1;1;1
ING01835;LIMPIA VIDRIO DARIZA (UND);UND;LIMPIEZA;PRD01449;;LIMPIAVIDRIO DARYZA 3.8 LT;GALON;1;GALON;GALON x 1 UND;1;1;1
ING01836;LIMPIA VIDRIO DOMESTICO LT;L;LIMPIEZA;PRD01492;;LIMPIA VIDRIO SAPOLIO 650 ML;BOTELLA;0.65;BOTELLA;BOTELLA x 0.65 L;1;1;1
ING01837;LIMPIA VIDRIO INDUSTRIAL 4LT;UND;LIMPIEZA;PRD02851;;CAJA CHICA - LIMPIA VIDRIO INDUSTRIAL 4LT;UNIDAD;1;UNIDAD;UNIDAD x 1 UND;1;1;1
ING01838;LIMPIADOR ACERO INOX 3M;UND;ABARROTES;PRD03714;;CAJA CHICA - LIMPIADOR ACERO INOX 3M;UNIDAD;1;UNIDAD;UNIDAD x 1 UND;1;1;1
ING01839;LIMPIADOR DE FRAGUA DARYZA 4 LT;UND;LIMPIEZA;PRD03715;;CAJA CHICA - LIMPIADOR DE FRAGUA DARYZA 4 LT;GALON;1;GALON;GALON x 1 UND;1;1;1
ING01840;LIMPIAVIDRIO DARYZA 1 LT;L;LIMPIEZA;PRD01450;;LIMPIAVIDRIO DARYZA 1 LT;FRASCO;1;FRASCO;FRASCO x 1 L;1;1;1
ING01841;LINAZA;KG;ABARROTES;PRD01985;;CAJA CHICA - LINAZA;KILOGRAMO;1;KILOGRAMO;KILOGRAMO x 1 KG;1;1;1
ING01842;LINAZA NATURANDES;KG;ABARROTES;PRD03133;;CAJA CHICA - LINAZA NATURANDES;KILOGRAMO;1;KILOGRAMO;KILOGRAMO x 1 KG;1;1;1
ING01843;LIPE FIBRA 300 GR;UND;ABARROTES;PRD03232;;CAJA CHICA - LIPE FIBRA 300 GR;UNIDAD;1;UNIDAD;UNIDAD x 1 UND;1;1;1
ING01844;LIPSTICK PORTUGAL UND;UND;KIOSKO;PRD01290;;LIPSTICK PORTUGAL UND;UNIDAD;1;UNIDAD;UNIDAD x 1 UND;1;1;1
ING01845;LIQUID ALKALI BIDON 19 LITROS SPARTAN;L;;PRD01437;;LIQUID ALKALI BIDON 19 LITROS SPARTAN;UNIDAD;19;UNIDAD;UNIDAD x 19 L;1;1;1
ING01846;LIQUID ALKALI SPARTAN - POTENCIADOR DE DETERGENTE;L;ABARROTES;PRD02519;;LIQUID ALKALI SPARTAN 3.875 LITROS;GALON;3.875;GALON;GALON x 3.875 L;1;1;1
ING01846;LIQUID ALKALI SPARTAN - POTENCIADOR DE DETERGENTE;L;ABARROTES;PRD02528;;LIQUID ALKALI SPARTAN 5 LITROS;UNIDAD;5;UNIDAD;UNIDAD x 5 L;1;1;1
ING01846;LIQUID ALKALI SPARTAN - POTENCIADOR DE DETERGENTE;L;ABARROTES;PRD02537;;LIQUID ALKALI SPARTAN 19 LITROS;BIDON;19;BIDON;BIDON x 19 L;1;1;1
ING01847;LLAVERO METALICO 4.6X2.8 CM C/LOGO SERIG SDX;UND;ATENCION AL PERSONAL;PRD03867;;LLAVERO METALICO 4.6 X 2.8 CM C/LOGO SERIGRAFIADO SODEXO (LLM097);UNIDAD;1;UNIDAD;UNIDAD x 1 UND;1;1;1
ING01848;LM-19 LAPICERO METALICO COLOR GUN;UND;ATENCION AL PERSONAL;PRD02696;;LM-19 LAPICERO METALICO COLOR GUN;UNIDAD;1;UNIDAD;UNIDAD x 1 UND;1;1;1
ING01849;LOE STRIPPER SPARTAN - REMOVEDOR DE CERA;L;LIMPIEZA;PRD02503;;LOE STRIPPER SPARTAN 19 LITROS;BIDON;19;BIDON;BIDON x 19 L;1;1;1
ING01850;LOMITO AHUMADO X KG;KG;ABARROTES;PRD03279;;CAJA CHICA - LOMITO AHUMADO X KG;KILOGRAMO;1;KILOGRAMO;KILOGRAMO x 1 KG;1;1;1
ING01851;LOMO FINO SIN CORDON CONGELADO NACIONAL (P);KG;;PRD01831;;LOMO FINO SIN CORDON CONGELADO;KILOGRAMO;1;KILOGRAMO;KILOGRAMO x 1 KG;1;1;1
ING01852;LUCUMA FRESCA;KG;ABARROTES;PRD03263;;CAJA CHICA - LUCUMA FRESCA;KILOGRAMO;1;KILOGRAMO;KILOGRAMO x 1 KG;1;1;1
ING01853;LUCUMA PULPA CONGELADO;KG;CONGELADOS;PRD01206;;PULPA DE LUCUMA CONGELADO;KILOGRAMO;1;KILOGRAMO;KILOGRAMO x 1 KG;1;1;1
ING01854;M HOJARASCAS;UND;ABARROTES;PRD02758;;CAJA CHICA - M HOJARASCAS;UNIDAD;1;UNIDAD;UNIDAD x 1 UND;1;1;1
ING01855;MACA AVENA;KG;ABARROTES;PRD00081;;MACA AVENA 3 OSITOS 150 GR;BOLSA;0.15;BOLSA;BOLSA x 0.15 KG;1;1;1
ING01855;MACA AVENA;KG;ABARROTES;PRD00085;;MACA AVENA 3 OSITOS 170 GR;BOLSA;0.17;BOLSA;BOLSA x 0.17 KG;1;1;1
ING01856;MACA AVENA SANTA CATALINA X 170 GR;UND;ABARROTES;PRD03079;;CAJA CHICA - MACA AVENA SANTA CATALINA X 170 GR;UNIDAD;1;UNIDAD;UNIDAD x 1 UND;1;1;1
ING01857;MAICENA;KG;ABARROTES;PRD00197;;MAICENA DURYEA 500 GR;CAJA;0.5;CAJA;CAJA x 0.5 KG;1;1;1
ING01857;MAICENA;KG;ABARROTES;PRD00237;;MAICENA INGREDION 25 KG;BOLSA;25;BOLSA;BOLSA x 25 KG;1;1;1
ING01857;MAICENA;KG;ABARROTES;PRD00247;;MAICENA DURYEA 1 KG;CAJA;1;CAJA;CAJA x 1 KG;1;1;1
ING01858;MAICENA GRANEL KG;KG;ABARROTES;PRD02887;;CAJA CHICA - MAICENA GRANEL KG;KILOGRAMO;1;KILOGRAMO;KILOGRAMO x 1 KG;1;1;1
ING01859;MAICENA NEGRITA X 180 GR;UND;ABARROTES;PRD03943;;CAJA CHICA - MAICENA NEGRITA X 180 GR;UNIDAD;1;UNIDAD;UNIDAD x 1 UND;1;1;1
ING01860;MAIZ CANCHA;KG;ABARROTES;PRD00024;;MAIZ CANCHA EL PLEBEYO 5 KG;BOLSA;5;BOLSA;BOLSA x 5 KG;1;1;1
ING01860;MAIZ CANCHA;KG;ABARROTES;PRD00378;;MAIZ CANCHA CANTA CLARO 5 KG;BOLSA;5;BOLSA;BOLSA x 5 KG;1;1;1
ING01860;MAIZ CANCHA;KG;ABARROTES;PRD00389;;MAIZ CANCHA VALLESOL 5 KG;BOLSA;5;BOLSA;BOLSA x 5 KG;1;1;1
ING01860;MAIZ CANCHA;KG;ABARROTES;PRD03971;;CAJA CHICA - MAIZ CANCHA X5 KG;BOLSA;5;BOLSA;BOLSA x 5 KG;1;1;1
ING01861;MAIZ MOTE;KG;ABARROTES;PRD00023;;MAIZ MOTE EL PLEBEYO 5 KG;BOLSA;5;BOLSA;BOLSA x 5 KG;1;1;1
ING01861;MAIZ MOTE;KG;ABARROTES;PRD00052;;MAIZ MOTE BELEN 5 KG;BOLSA;5;BOLSA;BOLSA x 5 KG;1;1;1
ING01861;MAIZ MOTE;KG;ABARROTES;PRD00305;;MAIZ MOTE MOLINOS DEL SOL 5 KG;BOLSA;5;BOLSA;BOLSA x 5 KG;1;1;1
ING01861;MAIZ MOTE;KG;ABARROTES;PRD00380;;MAIZ MOTE CANTA CLARO 5 KG;BOLSA;5;BOLSA;BOLSA x 5 KG;1;1;1
ING01861;MAIZ MOTE;KG;ABARROTES;PRD00396;;MAIZ MOTE VALLESOL 5 KG;BOLSA;5;BOLSA;BOLSA x 5 KG;1;1;1
ING01862;MAIZ MOTE EL PLEBEYO X 5 KG;UND;ABARROTES;PRD03080;;CAJA CHICA - MAIZ MOTE EL PLEBEYO X 5 KG;UNIDAD;1;UNIDAD;UNIDAD x 1 UND;1;1;1
ING01863;MAIZ MOTE X KG;KG;ABARROTES;PRD04006;;CAJA CHICA - MAIZ MOTE X KG;KILOGRAMO;1;KILOGRAMO;KILOGRAMO x 1 KG;1;1;1
ING01864;MAIZ POP CORN;KG;ABARROTES;PRD00342;;MAIZ POP CORN EL PLEBEYO 500 GR;BOLSA;0.5;BOLSA;BOLSA x 0.5 KG;1;1;1
ING01864;MAIZ POP CORN;KG;ABARROTES;PRD00360;;MAIZ POP CORN KOMILON 5 KG;BOLSA;5;BOLSA;BOLSA x 5 KG;1;1;1
ING01864;MAIZ POP CORN;KG;ABARROTES;PRD00382;;MAIZ POP CORN SANTIS 1 KG;BOLSA;1;BOLSA;BOLSA x 1 KG;1;1;1
ING01864;MAIZ POP CORN;KG;ABARROTES;PRD00383;;MAIZ POP CORN ARO 5 KG;BOLSA;5;BOLSA;BOLSA x 5 KG;1;1;1
ING01864;MAIZ POP CORN;KG;ABARROTES;PRD00384;;MAIZ POP CORN LA SERRANITA 5 KG;BOLSA;5;BOLSA;BOLSA x 5 KG;1;1;1
ING01864;MAIZ POP CORN;KG;ABARROTES;PRD00390;;MAIZ POP CORN VALLESOL 5 KG;BOLSA;5;BOLSA;BOLSA x 5 KG;1;1;1
ING01864;MAIZ POP CORN;KG;ABARROTES;PRD00399;;MAIZ POP CORN CANTA CLARO 5 KG;BOLSA;5;BOLSA;BOLSA x 5 KG;1;1;1
ING01865;MALLA VEGETAL ESPINACA 110 GR CONGELADA;UND;;PRD01950;;MALLA VEGETAL ESPINACA 110 GR CONGELADA;UNIDAD;1;UNIDAD;UNIDAD x 1 UND;1;1;1
ING01866;MANDARINA CON PEPA;KG;REFRIGERADOS;PRD02061;;MANDARINA;KILOGRAMO;1;KILOGRAMO;KILOGRAMO x 1 KG;1;1;1
ING01866;MANDARINA CON PEPA;KG;REFRIGERADOS;PRD03428;;CAJA CHICA - MANDARINA CON PEPA;KILOGRAMO;1;KILOGRAMO;KILOGRAMO x 1 KG;1;1;1
ING01867;MANDARINA SIN PEPA;KG;FFVV;PRD02053;;MANDARINA (L);KILOGRAMO;1;KILOGRAMO;KILOGRAMO x 1 KG;1;1;1
ING01868;MANGA DE PUÑO DE PUNTO C/PASE P/DEDOS VENICUT 5M;UND;DESCARTABLES;PRD02677;;MANGA DE PUÑO DE PUNTO C/PASE P/DEDOS VENICUT5M;UNIDAD;1;UNIDAD;UNIDAD x 1 UND;1;1;1
ING01869;MANGA JACKSON SAFETY G60 KEVLAR;UND;PROTECCION Y SEGURIDAD;PRD02330;;MANGA JACKSON SAFETY G60 KEVLAR;PAR;1;PAR;PAR x 1 UND;1;1;1
ING01870;MANGO EDWAR;KG;ABARROTES;PRD02842;;CAJA CHICA - MANGO EDWAR;KILOGRAMO;1;KILOGRAMO;KILOGRAMO x 1 KG;1;1;1
ING01871;MANGO PULPA CONGELADO;KG;CONGELADOS;PRD00580;;PULPA DE MANGO CONGELADO;KILOGRAMO;1;KILOGRAMO;KILOGRAMO x 1 KG;1;1;1
ING01872;MANI CON PASAS CARTER 100 GR;UND;ABARROTES;PRD01165;;MANI CON PASAS CARTER 100 GR;UNIDAD;1;UNIDAD;UNIDAD x 1 UND;1;1;1
ING01873;MANI CON PASAS CARTER 37 GR;UND;ABARROTES;PRD01154;;MANI CON PASAS CARTER 37 GR;UNIDAD;1;UNIDAD;UNIDAD x 1 UND;1;1;1
ING01874;MANI CON PASAS GRANUTS 40/50 GRM;UND;;PRD01177;;MANI CON PASAS GRANUTS 40/50 GRM;UNIDAD;1;UNIDAD;UNIDAD x 1 UND;1;1;1
ING01875;MANI CON PASAS KARINTO 38 GR;UND;ABARROTES;PRD01152;;MANI CON PASAS KARINTO 39 GR;UNIDAD;1;UNIDAD;UNIDAD x 1 UND;1;1;1
ING01876;MANI CON PASAS SANTIS 100 G;UND;ABARROTES;PRD01175;;MANI CON PASAS SANTIS 100 GR;BOLSA;1;BOLSA;BOLSA x 1 UND;1;1;1
ING01877;MANI CON PASAS VALLE ALTO 100 GR;UND;ABARROTES;PRD01118;;MANI CON PASAS VALLE ALTO 100 GR;BOLSA;1;BOLSA;BOLSA x 1 UND;1;1;1
ING01878;MANI CON PASAS VALLE ALTO 90 GR;UND;ABARROTES;PRD01132;;MANI CON PASAS VALLE ALTO 90 GR;BOLSA;1;BOLSA;BOLSA x 1 UND;1;1;1
ING01879;MANI CON PASAS VALLE ALTO BOLSA 90 GR;UND;;PRD01143;;MANI CON PASAS VALLE ALTO BOLSA 90 GR;BOLSA;1;BOLSA;BOLSA x 1 UND;1;1;1
ING01880;MANI CON PASAS VALLE ALTO X 100 GR;UND;ABARROTES;PRD03276;;CAJA CHICA - MANI CON PASAS VALLE ALTO X 100 GR;UNIDAD;1;UNIDAD;UNIDAD x 1 UND;1;1;1
ING01881;MANI CON PASAS VALLEALTO 180 GR;UND;ABARROTES;PRD02904;;CAJA CHICA - MANI CON PASAS VALLEALTO 180 GR;UNIDAD;1;UNIDAD;UNIDAD x 1 UND;1;1;1
ING01882;MANI CONFITADO CARTER 18 GR;UND;ABARROTES;PRD01147;;MANI CONFITADO CARTER 18 GR;UNIDAD;1;UNIDAD;UNIDAD x 1 UND;1;1;1
ING01883;MANI NATURAL KARINTO 38 GR;UND;ABARROTES;PRD01153;;MANI NATURAL KARINTO 38 GR;BOLSA;1;BOLSA;BOLSA x 1 UND;1;1;1
ING01884;MANI ORIENTAL PICANTE CARTER 37 G;UND;ABARROTES;PRD01172;;MANI ORIENTAL PICANTE CARTER 37 GR;BOLSA;1;BOLSA;BOLSA x 1 UND;1;1;1
ING01885;MANI ORIENTAL SALADO 20 GR CARTER;UND;ABARROTES;PRD00326;;MANI ORIENTAL SALADO CARTER 37 GR;BOLSA;1;BOLSA;BOLSA x 1 UND;1;1;1
ING01886;MANI PICANTE X 30 GR;UND;ABARROTES;PRD03838;;CAJA CHICA - MANI PICANTE X 30 GR;UNIDAD;1;UNIDAD;UNIDAD x 1 UND;1;1;1
ING01887;MANI SALADO 20 GR KARINTO;UND;ABARROTES;PRD00329;;MANI SALADO KARINTO 20 GR;BOLSA;1;BOLSA;BOLSA x 1 UND;1;1;1
ING01888;MANI SALADO CARTER 36 GR;UND;ABARROTES;PRD01156;;MANI SALADO CARTER 37 GR;UNIDAD;1;UNIDAD;UNIDAD x 1 UND;1;1;1
ING01889;MANI SALADO KARINTO 100 GR;UND;ABARROTES;PRD01103;;MANI SALADO ENGALLETADO KARINTO 100 GR;BOLSA;1;BOLSA;BOLSA x 1 UND;1;1;1
ING01890;MANI SALADO KARINTO 39 GR;UND;ABARROTES;PRD01164;;MANI SALADO ENGALLETADO KARINTO 35 GR;BOLSA;1;BOLSA;BOLSA x 1 UND;1;1;1
ING01891;MANI SALADO KARINTO 42 GR;UND;ABARROTES;PRD01150;;MANI SALADO KARINTO 42 GR;BOLSA;1;BOLSA;BOLSA x 1 UND;1;1;1
ING01892;MANI SALADO QUILLABAMBA 50 GR;UND;ABARROTES;PRD00328;;MANI SALADO QUILLABAMBA 50 GR;BOLSA;1;BOLSA;BOLSA x 1 UND;1;1;1
ING01893;MANI TOSTADO PELADO;KG;ABARROTES;PRD00160;;MANI TOSTADO PELADO TOÑA 1 KG;BOLSA;1;BOLSA;BOLSA x 1 KG;1;1;1
ING01893;MANI TOSTADO PELADO;KG;ABARROTES;PRD00877;;MANI TOSTADO PELADO 4 ESTACIONES 1 KG;BOLSA;1;BOLSA;BOLSA x 1 KG;1;1;1
ING01894;MANI TOSTADO TOÑA KG;KG;ABARROTES;PRD03081;;CAJA CHICA - MANI TOSTADO TOÑA KG;KILOGRAMO;1;KILOGRAMO;KILOGRAMO x 1 KG;1;1;1
ING01895;MANI TUBULAR CONFITADO KARINTO 39 GR;UND;ABARROTES;PRD01166;;MANI TUBULAR CONFITADO KARINTO 38 GR;BOLSA;1;BOLSA;BOLSA x 1 UND;1;1;1
ING01896;MANI TUBULAR NATURAL KARINTO 39 GR;UND;ABARROTES;PRD01163;;MANI TUBULAR NATURAL SALADO KARINTO 38/35 GR;BOLSA;1;BOLSA;BOLSA x 1 UND;1;1;1
ING01897;MANI TUBULAR PICANTE KARINTO 42 GR;UND;ABARROTES;PRD01102;;MANI TUBULAR PICANTE KARINTO 42 GR;BOLSA;1;BOLSA;BOLSA x 1 UND;1;1;1
ING01898;MANJAR BLANCO BAZO VELARDE 900 GR;UND;REFRIGERADOS;PRD02969;;CAJA CHICA - MANJAR BLANCO BAZO VELARDE 900 GR;BOLSA;1;BOLSA;BOLSA x 1 UND;1;1;1
ING01899;MANJAR BLANCO HUACARIZ 500 GR;UND;ABARROTES;PRD03212;;CAJA CHICA - MANJAR BLANCO HUACARIZ 500 GR;UNIDAD;1;UNIDAD;UNIDAD x 1 UND;1;1;1
ING01900;MANJAR BLANCO KG;KG;REFRIGERADOS;PRD00677;;MANJAR BLANCO BAZO VELARDE 900 GR;BOLSA;0.9;BOLSA;BOLSA x 0.9 KG;1;1;1
ING01900;MANJAR BLANCO KG;KG;REFRIGERADOS;PRD02105;;MANJAR AREQUIPEÑO LAIVE 900 GR;BOLSA;0.9;BOLSA;BOLSA x 0.9 KG;1;1;1
ING01900;MANJAR BLANCO KG;KG;REFRIGERADOS;PRD02108;;MANJAR BLANCO NESTLE 1 KG;BOLSA;1;BOLSA;BOLSA x 1 KG;1;1;1
ING01901;MANJAR BLANCO LEVAPAN X 19 LT;UND;ABARROTES;PRD03870;;CAJA CHICA - MANJAR BLANCO LEVAPAN X 19 LT;BALDE;1;BALDE;BALDE x 1 UND;1;1;1
ING01902;MANJAR BLANCO TAMBO 450 GR;UND;ABARROTES;PRD03124;;CAJA CHICA - MANJAR BLANCO TAMBO 450 GR;UNIDAD;1;UNIDAD;UNIDAD x 1 UND;1;1;1
ING01903;MANJAR BLANQUITO;KG;REFRIGERADOS;PRD02106;;MANJAR BLANQUITO BAZO VELARDE LAIVE 900 GR;BOLSA;0.9;BOLSA;BOLSA x 0.9 KG;1;1;1
ING01903;MANJAR BLANQUITO;KG;REFRIGERADOS;PRD02107;;MANJAR BLANQUITO LAIVE 900 GR;BOLSA;0.9;BOLSA;BOLSA x 0.9 KG;1;1;1
ING01904;MANJAR DE MESA 250 GR;UND;REFRIGERADOS;PRD03241;;CAJA CHICA - MANJAR DE MESA 250 GR;UNIDAD;1;UNIDAD;UNIDAD x 1 UND;1;1;1
ING01905;MANJAR NESTLE 1 KG;KG;ABARROTES;PRD03869;;CAJA CHICA - MANJAR NESTLE 1 KG;BOLSA;1;BOLSA;BOLSA x 1 KG;1;1;1
ING01906;MANTECA GORDITO X 10KG;UND;REFRIGERADOS;PRD04115;;CAJA CHICA - MANTECA GORDITO X 10KG;CAJA;1;CAJA;CAJA x 1 UND;1;1;1
ING01907;MANTECA GRANEL KG;KG;REFRIGERADOS;PRD00018;;MANTECA VEGETAL DEL CAMPO 10 KG;CAJA;10;CAJA;CAJA x 10 KG;1;1;1
ING01907;MANTECA GRANEL KG;KG;REFRIGERADOS;PRD01190;;MANTECA VEGETAL SELECTO DE ORO 10 KG;CAJA;10;CAJA;CAJA x 10 KG;1;1;1
ING01907;MANTECA GRANEL KG;KG;REFRIGERADOS;PRD02226;;MANTECA VEGETAL DORO 10 KG;CAJA;10;CAJA;CAJA x 10 KG;1;1;1
ING01907;MANTECA GRANEL KG;KG;REFRIGERADOS;PRD02227;;MANTECA VEGETAL DE PALMA 10 KG;CAJA;10;CAJA;CAJA x 10 KG;1;1;1
ING01907;MANTECA GRANEL KG;KG;REFRIGERADOS;PRD02228;;MANTECA VEGETAL GUSTO SELECTO 10 KG;CAJA;10;CAJA;CAJA x 10 KG;1;1;1
ING01908;MANTECA VEGETAL;KG;REFRIGERADOS;PRD03533;;CAJA CHICA - MANTECA VEGETAL;KILOGRAMO;1;KILOGRAMO;KILOGRAMO x 1 KG;1;1;1
ING01909;MANTECA VEGETAL DE PALMA LA FAMOSA 10 KG (EMER);KG;;PRD00942;;MANTECA VEGETAL DE PALMA LA FAMOSA 10 KG (EMER);UNIDAD;10;UNIDAD;UNIDAD x 10 KG;1;1;1
ING01910;MANTEQUILLA CON SAL GLORIA 10 GR;UND;REFRIGERADOS;PRD03721;;CAJA CHICA - MANTEQUILLA CON SAL GLORIA 10 GR;UNIDAD;1;UNIDAD;UNIDAD x 1 UND;1;1;1
ING01911;MANTEQUILLA DE MANI PETER PAN 462 GR;UND;REFRIGERADOS;PRD02854;;CAJA CHICA - MANTEQUILLA DE MANI PETER PAN 462 GR;UNIDAD;1;UNIDAD;UNIDAD x 1 UND;1;1;1
ING01912;MANTEQUILLA GLORIA 100 GR;UND;REFRIGERADOS;PRD03980;;CAJA CHICA - MANTEQUILLA GLORIA 100 GR;GRANO;1;GRANO;GRANO x 1 UND;1;1;1
ING01913;MANTEQUILLA HUACARIZ 200 GR;UND;REFRIGERADOS;PRD03216;;CAJA CHICA - MANTEQUILLA HUACARIZ 200 GR;UNIDAD;1;UNIDAD;UNIDAD x 1 UND;1;1;1
ING01914;MANTEQUILLA LAIVE PERSONAL 8 GR;UND;REFRIGERADOS;PRD02109;;MANTEQUILLA GLORIA PERSONAL 10 GR;UNIDAD;1;UNIDAD;UNIDAD x 1 UND;1;1;1
ING01914;MANTEQUILLA LAIVE PERSONAL 8 GR;UND;REFRIGERADOS;PRD02113;;MANTEQUILLA LAIVE PERSONAL LIGHT 8 GR;UNIDAD;1;UNIDAD;UNIDAD x 1 UND;1;1;1
ING01914;MANTEQUILLA LAIVE PERSONAL 8 GR;UND;REFRIGERADOS;PRD02114;;MANTEQUILLA LAIVE PERSONAL 8 GR;UNIDAD;1;UNIDAD;UNIDAD x 1 UND;1;1;1
ING01914;MANTEQUILLA LAIVE PERSONAL 8 GR;UND;REFRIGERADOS;PRD02117;;MANTEQUILLA SANCOR PERSONAL 10 GRM;UNIDAD;1;UNIDAD;UNIDAD x 1 UND;1;1;1
ING01915;MANTEQUILLA LIGHT;KG;REFRIGERADOS;PRD02112;;MANTEQUILLA LIGHT LAIVE 180 GR POTE;POTE;0.18;POTE;POTE x 0.18 KG;1;1;1
ING01915;MANTEQUILLA LIGHT;KG;REFRIGERADOS;PRD02119;;MANTEQUILLA LIGHT LAIVE 200 GR POTE;POTE;0.2;POTE;POTE x 0.2 KG;1;1;1
ING01916;MANTEQUILLA SIN SAL REFRIGERACION GRANEL KG;KG;REFRIGERADOS;PRD02110;;MANTEQUILLA LAIVE 200 GR;PAQUETE;0.2;PAQUETE;PAQUETE x 0.2 KG;1;1;1
ING01916;MANTEQUILLA SIN SAL REFRIGERACION GRANEL KG;KG;REFRIGERADOS;PRD02111;;MANTEQUILLA LAIVE 180 GR;PAQUETE;0.18;PAQUETE;PAQUETE x 0.18 KG;1;1;1
ING01916;MANTEQUILLA SIN SAL REFRIGERACION GRANEL KG;KG;REFRIGERADOS;PRD02115;;MANTEQUILLA LAIVE CON SAL KG;KILOGRAMO;1;KILOGRAMO;KILOGRAMO x 1 KG;1;1;1
ING01916;MANTEQUILLA SIN SAL REFRIGERACION GRANEL KG;KG;REFRIGERADOS;PRD02116;;MANTEQUILLA SIGMA SIN SAL KG;KILOGRAMO;1;KILOGRAMO;KILOGRAMO x 1 KG;1;1;1
ING01916;MANTEQUILLA SIN SAL REFRIGERACION GRANEL KG;KG;REFRIGERADOS;PRD02118;;MANTEQUILLA LAIVE 200 GR POTE;POTE;0.2;POTE;POTE x 0.2 KG;1;1;1
ING01917;MANTEQUILLA TAMBO 450 GR;UND;REFRIGERADOS;PRD03125;;CAJA CHICA - MANTEQUILLA TAMBO 450 GR;UNIDAD;1;UNIDAD;UNIDAD x 1 UND;1;1;1
ING01918;MANTEQUILLA X 100 GR;UND;REFRIGERADOS;PRD03153;;CAJA CHICA - MANTEQUILLA X 100 GR;GRANO;1;GRANO;GRANO x 1 UND;1;1;1
ING01919;MANZANA DE AGUA;KG;FFVV;PRD00578;;MANZANA VERDE PARA JUGO;KILOGRAMO;1;KILOGRAMO;KILOGRAMO x 1 KG;1;1;1
ING01920;MANZANA ROJA;KG;FFVV;PRD00559;;MANZANA DELICIA;KILOGRAMO;1;KILOGRAMO;KILOGRAMO x 1 KG;1;1;1
ING01920;MANZANA ROJA;KG;FFVV;PRD00560;;MANZANA ROJA IMPORTADA;KILOGRAMO;1;KILOGRAMO;KILOGRAMO x 1 KG;1;1;1
ING01920;MANZANA ROJA;KG;FFVV;PRD02055;;MANZANA DELICIA (L);KILOGRAMO;1;KILOGRAMO;KILOGRAMO x 1 KG;1;1;1
ING01920;MANZANA ROJA;KG;FFVV;PRD02712;;CAJA CHICA - MANZANA ROJA CHILENA;KILOGRAMO;1;KILOGRAMO;KILOGRAMO x 1 KG;1;1;1
ING01920;MANZANA ROJA;KG;FFVV;PRD02888;;CAJA CHICA - MANZANA ROYAL;KILOGRAMO;1;KILOGRAMO;KILOGRAMO x 1 KG;1;1;1
ING01920;MANZANA ROJA;KG;FFVV;PRD03242;;CAJA CHICA - MANZANA ROJA IMPORTADA KG;KILOGRAMO;1;KILOGRAMO;KILOGRAMO x 1 KG;1;1;1
ING01920;MANZANA ROJA;KG;FFVV;PRD03520;;CAJA CHICA - MANZANA DELICIA;KILOGRAMO;1;KILOGRAMO;KILOGRAMO x 1 KG;1;1;1
ING01921;MANZANA ROYAL;KG;FFVV;PRD02059;;MANZANA ROYAL GALA;KILOGRAMO;1;KILOGRAMO;KILOGRAMO x 1 KG;1;1;1
ING01922;MANZANA VERDE;KG;FFVV;PRD00561;;MANZANA VERDE IMPORTADA;KILOGRAMO;1;KILOGRAMO;KILOGRAMO x 1 KG;1;1;1
ING01923;MANZANA VERDE IMPORTADA KG;KG;ABARROTES;PRD03243;;CAJA CHICA - MANZANA VERDE IMPORTADA KG;KILOGRAMO;1;KILOGRAMO;KILOGRAMO x 1 KG;1;1;1
ING01924;MANZANA VERDE PARA JUGO;KG;FFVV;PRD02728;;CAJA CHICA - MANZANA VERDE PARA JUGO;KILOGRAMO;1;KILOGRAMO;KILOGRAMO x 1 KG;1;1;1
ING01925;MANZANILLA;KG;ABARROTES;PRD01979;;CAJA CHICA - MANZANILLA;KILOGRAMO;1;KILOGRAMO;KILOGRAMO x 1 KG;1;1;1
ING01926;MANZANILLA SOBRECITO;UND;ABARROTES;PRD00111;;INFUSION MANZANILLA MC COLLINS 100 SOBRES;CAJA;100;CAJA;CAJA x 100 UND;1;1;1
ING01926;MANZANILLA SOBRECITO;UND;ABARROTES;PRD00505;;INFUSION MANZANILLA DEL VALLE 100 SOBRES;CAJA;100;CAJA;CAJA x 100 UND;1;1;1
ING01927;MAQUINA DE AFEITAR SHICK;UND;KIOSKO;PRD02678;;MAQUINA DE AFEITAR SHICK 24 UND;PAQUETE;24;PAQUETE;PAQUETE x 24 UND;1;1;1
ING01928;MAQUINA DE AFEITAR UNIDAD;UND;KIOSKO;PRD02080;;MAQUINA DE AFEITAR SHICK;UNIDAD;1;UNIDAD;UNIDAD x 1 UND;1;1;1
ING01929;MARACUYA;KG;FFVV;PRD02713;;CAJA CHICA - MARACUYA;KILOGRAMO;1;KILOGRAMO;KILOGRAMO x 1 KG;1;1;1
ING01930;MARACUYA ENTERA;KG;ABARROTES;PRD00562;;MARACUYA;KILOGRAMO;1;KILOGRAMO;KILOGRAMO x 1 KG;1;1;1
ING01930;MARACUYA ENTERA;KG;ABARROTES;PRD03270;;CAJA CHICA - MARACUYA ENTERA;KILOGRAMO;1;KILOGRAMO;KILOGRAMO x 1 KG;1;1;1
ING01931;MARACUYA PULPA CONGELADO;KG;CONGELADOS;PRD00582;;PULPA DE MARACUYA CONGELADO;KILOGRAMO;1;KILOGRAMO;KILOGRAMO x 1 KG;1;1;1
ING01932;MARGARINA CON SAL REFRIGERADO GRANEL;KG;ABARROTES;PRD02126;;MARGARINA MULTIUSO ROMEA 2.5 KG;GRANO;2.5;GRANO;GRANO x 2.5 KG;1;1;1
ING01932;MARGARINA CON SAL REFRIGERADO GRANEL;KG;ABARROTES;PRD02131;;MARGARINA LA DANESA 90 GR;GRANO;0.09;GRANO;GRANO x 0.09 KG;1;1;1
ING01933;MARGARINA CON SAL REFRIGERADO GRANEL (UND);UND;ABARROTES;PRD03774;;CAJA CHICA - MARGARINA SELLO DE ORO BARRA X 225 GR;UNIDAD;1;UNIDAD;UNIDAD x 1 UND;1;1;1
ING01934;MARGARINA CON SAL REFRIGERADO GRANEL KG;KG;REFRIGERADOS;PRD02120;;MARGARINA LA DANESA 220 GR;POTE;0.22;POTE;POTE x 0.22 KG;1;1;1
ING01934;MARGARINA CON SAL REFRIGERADO GRANEL KG;KG;REFRIGERADOS;PRD02121;;MARGARINA SWISS LAIVE POTE 450 GR;POTE;0.45;POTE;POTE x 0.45 KG;1;1;1
ING01934;MARGARINA CON SAL REFRIGERADO GRANEL KG;KG;REFRIGERADOS;PRD02124;;MARGARINA MULTIUSO ROMEA CAKE 2.5 KG;GRANO;2.5;GRANO;GRANO x 2.5 KG;1;1;1
ING01934;MARGARINA CON SAL REFRIGERADO GRANEL KG;KG;REFRIGERADOS;PRD02128;;MARGARINA LA DANESA 2 KG;GRANO;2;GRANO;GRANO x 2 KG;1;1;1
ING01934;MARGARINA CON SAL REFRIGERADO GRANEL KG;KG;REFRIGERADOS;PRD02129;;MARGARINA SELLO DE ORO POTE 190 GR (EMER);POTE;0.19;POTE;POTE x 0.19 KG;1;1;1
ING01934;MARGARINA CON SAL REFRIGERADO GRANEL KG;KG;REFRIGERADOS;PRD02130;;MARGARINA LA PREFERIDA 10 KG;GRANO;10;GRANO;GRANO x 10 KG;1;1;1
ING01934;MARGARINA CON SAL REFRIGERADO GRANEL KG;KG;REFRIGERADOS;PRD02132;;MARGARINA LA DANESA 500 GR;GRANO;0.5;GRANO;GRANO x 0.5 KG;1;1;1
ING01935;MARGARINA CON SAL REFRIGERADO GRANEL KG (UND);UND;REFRIGERADOS;PRD02122;;MARGARINA SWISS LAIVE POTE 450 GR (E);POTE;1;POTE;POTE x 1 UND;1;1;1
ING01936;MARGARINA HOJALDRE;KG;REFRIGERADOS;PRD02127;;MARGARINA PRIMAVERA HOJALDRE 2 KG;GRANO;2;GRANO;GRANO x 2 KG;1;1;1
ING01937;MARGARINA HOJALDRE LAMINADO MASTER EXPORT 2 KG;KG;;PRD02123;;MARGARINA HOJALDRE LAMINADO MASTER EXPORT 2 KG;GRANO;2;GRANO;GRANO x 2 KG;1;1;1
ING01938;MARGARINA HOJALDRE ROMEA PLUS 2 KG;KG;;PRD02125;;MARGARINA HOJALDRE ROMEA PLUS 2 KG;GRANO;2;GRANO;GRANO x 2 KG;1;1;1
ING01939;MARGARINA PURATOS REFRIGERADO;KG;REFRIGERADOS;PRD03534;;CAJA CHICA - MARGARINA PURATOS REFRIGERADO;KILOGRAMO;1;KILOGRAMO;KILOGRAMO x 1 KG;1;1;1
ING01940;MARGARINA SELLO DE ORO C/SAL 2 KG;UND;ABARROTES;PRD02970;;CAJA CHICA - MARGARINA SELLO DE ORO C/SAL 2 KG;GRANO;1;GRANO;GRANO x 1 UND;1;1;1
ING01941;MARGARINA SIN SAL REFRIGERADO;KG;REFRIGERADOS;PRD03508;;CAJA CHICA - MARGARINA SIN SAL REFRIGERADO;KILOGRAMO;1;KILOGRAMO;KILOGRAMO x 1 KG;1;1;1
ING01942;MARINADO PARA POLLO A LA BRASA;KG;ABARROTES;PRD00592;;MARINADO PARA POLLO A LA BRASA EMIC 1 KG;BOLSA;1;BOLSA;BOLSA x 1 KG;1;1;1
ING01943;MARISCO MIXTURA CONGELADO;KG;CONGELADOS;PRD01241;;MIXTURA DE MARISCOS CONGELADO;KILOGRAMO;1;KILOGRAMO;KILOGRAMO x 1 KG;1;1;1
ING01944;MARSHEMELLOWS AMBROSOLI SURTIDO 230 GR;UND;ABARROTES;PRD00739;;MARSHMELLOWS AMBROSOLI SURTIDO 230 GR;PAQUETE;1;PAQUETE;PAQUETE x 1 UND;1;1;1
ING01945;MASA HOJALDRE X KG;KG;ABARROTES;PRD04007;;CAJA CHICA - MASA HOJALDRE X KG;KILOGRAMO;1;KILOGRAMO;KILOGRAMO x 1 KG;1;1;1
ING01946;MASCARILLA 3 PLIEGUES CAJA X 50 UND;UND;DESCARTABLES;PRD02384;;MASCARILLA 3 PLIEGUES PREMIUM VALMASK CJ 50 UN;PAQUETE;50;PAQUETE;PAQUETE x 50 UND;1;1;1
ING01946;MASCARILLA 3 PLIEGUES CAJA X 50 UND;UND;DESCARTABLES;PRD02385;;MASCARILLA 3 PLIEGUES FAMILY DOCTOR CJ X 50 UND;PAQUETE;50;PAQUETE;PAQUETE x 50 UND;1;1;1
ING01946;MASCARILLA 3 PLIEGUES CAJA X 50 UND;UND;DESCARTABLES;PRD02387;;MASCARILLA ASEPTICA 50 UND;CAJA;50;CAJA;CAJA x 50 UND;1;1;1
ING01946;MASCARILLA 3 PLIEGUES CAJA X 50 UND;UND;DESCARTABLES;PRD02388;;MASCARILLA DESCARTABLE AZUL/BLANCO PK 50 UN;CAJA;50;CAJA;CAJA x 50 UND;1;1;1
ING01946;MASCARILLA 3 PLIEGUES CAJA X 50 UND;UND;DESCARTABLES;PRD02390;;MASCARILLA DESCARTABLE CAJ X 50 UND;CAJA;50;CAJA;CAJA x 50 UND;1;1;1
ING01946;MASCARILLA 3 PLIEGUES CAJA X 50 UND;UND;DESCARTABLES;PRD02391;;MASCARILLA 3 PLIEGUES VIC CAJA X50UND;CAJA;50;CAJA;CAJA x 50 UND;1;1;1
ING01946;MASCARILLA 3 PLIEGUES CAJA X 50 UND;UND;DESCARTABLES;PRD02394;;MASCARILLA 3 PLIEGUES GP CJ X 50 UND;PAQUETE;50;PAQUETE;PAQUETE x 50 UND;1;1;1
ING01946;MASCARILLA 3 PLIEGUES CAJA X 50 UND;UND;DESCARTABLES;PRD02395;;MASCARILLA 3 PLIEGUES FACE MASK CJ X 50 UND;PAQUETE;50;PAQUETE;PAQUETE x 50 UND;1;1;1
ING01946;MASCARILLA 3 PLIEGUES CAJA X 50 UND;UND;DESCARTABLES;PRD02396;;MASCARILLA 3 PLIEGUES LINK TEK CJ 50 UN;PAQUETE;50;PAQUETE;PAQUETE x 50 UND;1;1;1
ING01946;MASCARILLA 3 PLIEGUES CAJA X 50 UND;UND;DESCARTABLES;PRD02397;;MASCARILLA 3 PLIEGUES DEYSA CARE CJ 50 UN;PAQUETE;50;PAQUETE;PAQUETE x 50 UND;1;1;1
ING01947;MASCARILLA KN95;UND;DESCARTABLES;PRD02386;;MASCARILLA KN95 SHYLAR CJ 100 UN;CAJA;100;CAJA;CAJA x 100 UND;1;1;1
ING01947;MASCARILLA KN95;UND;DESCARTABLES;PRD02389;;MASCARILLA N95 TIPO C R&G CAJA X 50 UND;CAJA;50;CAJA;CAJA x 50 UND;1;1;1
ING01947;MASCARILLA KN95;UND;DESCARTABLES;PRD02393;;MASCARILLA KN95 GP CAJA X 10 UND;CAJA;10;CAJA;CAJA x 10 UND;1;1;1
ING01948;MASCARILLA KN95 BLANCA MAKETTO CAJA X10 PCS;UND;;PRD02655;;MASCARILLA KN95 BLANCA MAKETTO CAJA X10 PCS;PAQUETE;10;PAQUETE;PAQUETE x 10 UND;1;1;1
ING01949;MASTICABLE HELLO KITTY X 100 UND;UND;ABARROTES;PRD03839;;CAJA CHICA - MASTICABLE HELLO KITTY X 100 UND;BOLSA;1;BOLSA;BOLSA x 1 UND;1;1;1
ING01950;MASTIFRUT DOBLE X 100 UND;UND;ABARROTES;PRD03840;;CAJA CHICA - MASTIFRUT DOBLE X 100 UND;BOLSA;1;BOLSA;BOLSA x 1 UND;1;1;1
ING01951;MATE DE COCA SOBRECITO;UND;ABARROTES;PRD00510;;INFUSION MATE DE COCA DEL VALLE 100 SOBRES;CAJA;100;CAJA;CAJA x 100 UND;1;1;1
ING01952;MATE DE COCA SUNKA X 100 SOBRES;UND;ABARROTES;PRD03234;;CAJA CHICA - MATE DE COCA SUNKA X 100 SOBRES;CAJA;1;CAJA;CAJA x 1 UND;1;1;1
ING01953;MAYONESA ALACENA 500 GR;UND;ABARROTES;PRD02707;;CAJA CHICA - MAYONESA ALACENA 500 GR;SACHET;1;SACHET;SACHET x 1 UND;1;1;1
ING01954;MAYONESA ALACENA X 1000 CC;L;ABARROTES;PRD03082;;CAJA CHICA - MAYONESA ALACENA X 1000 CC;UNIDAD;1;UNIDAD;UNIDAD x 1 L;1;1;1
ING01955;MAYONESA HELLMANS SUAVE;L;ABARROTES;PRD01072;;MAYONESA HELLMANS SUAVE 2900 CC;BOLSA;2.9;BOLSA;BOLSA x 2.9 L;1;1;1
ING01956;MAYONESA HELLMANS SUAVE (KG);KG;ABARROTES;PRD01189;;MAYONESA SCALA EMIC 3.8 KG;BOLSA;3.8;BOLSA;BOLSA x 3.8 KG;1;1;1
ING01957;MAYONESA INDIVIDUAL X 240 GR;UND;ABARROTES;PRD03177;;CAJA CHICA - MAYONESA INDIVIDUAL X 240 GR;CAJA;1;CAJA;CAJA x 1 UND;1;1;1
ING01958;MAYONESA PERSONAL;UND;ABARROTES;PRD00159;;MAYONESA ALACENA PERSONAL 10 GR (8CC);SACHET;1;SACHET;SACHET x 1 UND;1;1;1
ING01958;MAYONESA PERSONAL;UND;ABARROTES;PRD00161;;MAYONESA HELLMANS PERSONAL 7.6 GR;SACHET;1;SACHET;SACHET x 1 UND;1;1;1
ING01958;MAYONESA PERSONAL;UND;ABARROTES;PRD01070;;E - MAYONESA ALACENA PERSONAL 10 GR;SACHET;1;SACHET;SACHET x 1 UND;1;1;1
ING01958;MAYONESA PERSONAL;UND;ABARROTES;PRD01075;;MAYONESA TRESA PERSONAL 10 GR;SACHET;1;SACHET;SACHET x 1 UND;1;1;1
ING01959;MAYONESA SACHET 10 GR;UND;ABARROTES;PRD03287;;CAJA CHICA - MAYONESA SACHET 10 GR;SACHET;1;SACHET;SACHET x 1 UND;1;1;1
ING01960;MAYONESA SCALA EMIC 3.8 KG;L;ABARROTES;PRD00147;;MAYONESA ALACENA 4 LT;BALDE;4;BALDE;BALDE x 4 L;1;1;1
ING01960;MAYONESA SCALA EMIC 3.8 KG;L;ABARROTES;PRD01050;;MAYONESA BASE MACBEL 4 LT (E);CAJA;4;CAJA;CAJA x 4 L;1;1;1
ING01961;MAYONESA SCALA EMIC 3.8 KG (KG);KG;ABARROTES;PRD01193;;MAYONESA BASE EMIC 3.8 KG;BOLSA;3.8;BOLSA;BOLSA x 3.8 KG;1;1;1
ING01962;MAYONESA X 500GR;UND;ABARROTES;PRD03944;;CAJA CHICA - MAYONESA X 500GR;UNIDAD;1;UNIDAD;UNIDAD x 1 UND;1;1;1
ING01963;MAZAMORRA MORADA INSTANTANEA KG;KG;ABARROTES;PRD03389;;CAJA CHICA - MAZAMORRA MORADA INSTANTANEA KG;KILOGRAMO;1;KILOGRAMO;KILOGRAMO x 1 KG;1;1;1
ING01964;MAZAMORRA MORADA INSTANTANEO;KG;ABARROTES;PRD00216;;MAZAMORRA MORADA UNIVERSAL 200/150 GR;UNIDAD;0.15;UNIDAD;UNIDAD x 0.15 KG;1;1;1
ING01964;MAZAMORRA MORADA INSTANTANEO;KG;ABARROTES;PRD00221;;MAZAMORRA MORADA CEILAN 5 KG;BOLSA;5;BOLSA;BOLSA x 5 KG;1;1;1
ING01965;MECANO 19 GR;UND;ABARROTES;PRD01463;;CHOCOLATE RELLENO MECANO COSTA 19 GR;UNIDAD;1;UNIDAD;UNIDAD x 1 UND;1;1;1
ING01966;MEDIAS BLANCAS PAR;UND;KIOSKO;PRD01608;;MEDIAS BLANCAS;PAR;1;PAR;PAR x 1 UND;1;1;1
ING01967;MEJORADOR DE MASA;KG;ABARROTES;PRD00191;;MEJORADOR MASA SUPERPAN LEVAPAN 5 KG;BOLSA;5;BOLSA;BOLSA x 5 KG;1;1;1
ING01967;MEJORADOR DE MASA;KG;ABARROTES;PRD00984;;MEJORADOR DE MASA FLEISCHMAN 5 KG (EMER);BOLSA;5;BOLSA;BOLSA x 5 KG;1;1;1
ING01967;MEJORADOR DE MASA;KG;ABARROTES;PRD01021;;MEJORADOR DE MASA MAGIMIX AMARILLO LESAFRE 5 KG;BOLSA;5;BOLSA;BOLSA x 5 KG;1;1;1
ING01967;MEJORADOR DE MASA;KG;ABARROTES;PRD01036;;MEJORADOR DE MASA FLEISCHMANN 5 KGM;BOLSA;5;BOLSA;BOLSA x 5 KG;1;1;1
ING01967;MEJORADOR DE MASA;KG;ABARROTES;PRD01040;;MEJORADOR MASA STARPAN LEVAPAN 5 KG;BOLSA;5;BOLSA;BOLSA x 5 KG;1;1;1
ING01967;MEJORADOR DE MASA;KG;ABARROTES;PRD01041;;MEJORADOR MASA STARPAN LEVAPAN 1 KG;BOLSA;1;BOLSA;BOLSA x 1 KG;1;1;1
ING01967;MEJORADOR DE MASA;KG;ABARROTES;PRD03441;;CAJA CHICA - MEJORADOR DE MASA;KILOGRAMO;1;KILOGRAMO;KILOGRAMO x 1 KG;1;1;1
ING01968;MEJORADOR DE MASA (UND);UND;ABARROTES;PRD01033;;MEJORADOR DE MASA IBIS KG;BOLSA;1;BOLSA;BOLSA x 1 UND;1;1;1
ING01969;MEJORADOR DE MASA X 5KG;UND;ABARROTES;PRD04116;;CAJA CHICA - MEJORADOR DE MASA X 5KG;BOLSA;1;BOLSA;BOLSA x 1 UND;1;1;1
ING01970;MELOCOTON KG;KG;ABARROTES;PRD03244;;CAJA CHICA - MELOCOTON KG;KILOGRAMO;1;KILOGRAMO;KILOGRAMO x 1 KG;1;1;1
ING01971;MELON ROSADO;KG;FFVV;PRD00466;;MELON;KILOGRAMO;1;KILOGRAMO;KILOGRAMO x 1 KG;1;1;1
ING01972;MELON ROSADO CUBOS CONGELADO;KG;CONGELADOS;PRD00583;;MELON EN CUBOS PARA JUGO SORAYA CONGELADO;KILOGRAMO;1;KILOGRAMO;KILOGRAMO x 1 KG;1;1;1
ING01973;MELON X KG;KG;ABARROTES;PRD04008;;CAJA CHICA - MELON X KG;KILOGRAMO;1;KILOGRAMO;KILOGRAMO x 1 KG;1;1;1
ING01974;MEMBRILLO;KG;FFVV;PRD00571;;MEMBRILLO;KILOGRAMO;1;KILOGRAMO;KILOGRAMO x 1 KG;1;1;1
ING01974;MEMBRILLO;KG;FFVV;PRD02058;;MEMBRILLO (L);KILOGRAMO;1;KILOGRAMO;KILOGRAMO x 1 KG;1;1;1
ING01975;MENTA;KG;FFVV;PRD02759;;CAJA CHICA - MENTA;KILOGRAMO;1;KILOGRAMO;KILOGRAMO x 1 KG;1;1;1
ING01976;MERLUZA EMPANIZADO (FISH FINGERS);KG;;PRD01744;;TROZOS DE MERLUZA EMPANIZADOS (FISH FINGERS);KILOGRAMO;1;KILOGRAMO;KILOGRAMO x 1 KG;1;1;1
ING01977;MERMELADA DE FRESA A GRANEL;KG;ABARROTES;PRD03476;;CAJA CHICA - MERMELADA DE FRESA A GRANEL;KILOGRAMO;1;KILOGRAMO;KILOGRAMO x 1 KG;1;1;1
ING01978;MERMELADA DE MEMBRILLO;KG;ABARROTES;PRD00527;;MERMELADA DE MEMBRILLO 500 GR;BOLSA;0.5;BOLSA;BOLSA x 0.5 KG;1;1;1
ING01979;MERMELADA DE NARANJA COMPASS 1 KG;KG;ABARROTES;PRD02973;;CAJA CHICA - MERMELADA DE NARANJA COMPASS 1 KG;FRASCO;1;FRASCO;FRASCO x 1 KG;1;1;1
ING01980;MERMELADA DURAZNO;KG;ABARROTES;PRD00541;;MERMELADA DE DURAZNO 500G;BOLSA;0.5;BOLSA;BOLSA x 0.5 KG;1;1;1
ING01981;MERMELADA FRESA A-1 1 KG;KG;ABARROTES;PRD02971;;CAJA CHICA - MERMELADA FRESA A-1 1 KG;FRASCO;1;FRASCO;FRASCO x 1 KG;1;1;1
ING01982;MERMELADA FRESA A-1 350 GR;UND;ABARROTES;PRD02972;;CAJA CHICA - MERMELADA FRESA A-1 350 GR;POTE;1;POTE;POTE x 1 UND;1;1;1
ING01983;MERMELADA FRESA COMPASS 1 KG;KG;ABARROTES;PRD03336;;CAJA CHICA - MERMELADA FRESA COMPASS 1 KG;BOLSA;1;BOLSA;BOLSA x 1 KG;1;1;1
ING01984;MERMELADA FRESA FLORIDA 1 KG;KG;ABARROTES;PRD02806;;CAJA CHICA - MERMELADA FRESA FLORIDA 1 KG;UNIDAD;1;UNIDAD;UNIDAD x 1 KG;1;1;1
ING01985;MERMELADA FRESA GRANEL;KG;ABARROTES;PRD00109;;MERMELADA FRESA COMPASS 350 GR;POTE;0.35;POTE;POTE x 0.35 KG;1;1;1
ING01985;MERMELADA FRESA GRANEL;KG;ABARROTES;PRD00479;;MERMELADA FRESA GLORIA DOYPACK 700 GR;SACHET;0.7;SACHET;SACHET x 0.7 KG;1;1;1
ING01985;MERMELADA FRESA GRANEL;KG;ABARROTES;PRD00515;;MERMELADA FRESA GLORIA DOYPACK X 900 GR;SACHET;0.9;SACHET;SACHET x 0.9 KG;1;1;1
ING01985;MERMELADA FRESA GRANEL;KG;ABARROTES;PRD00518;;MERMELADA FRESA FANNY 800 GR;FRASCO;0.8;FRASCO;FRASCO x 0.8 KG;1;1;1
ING01985;MERMELADA FRESA GRANEL;KG;ABARROTES;PRD00550;;MERMELADA FRESA GLORIA DOYPACK 800 GR;SACHET;0.8;SACHET;SACHET x 0.8 KG;1;1;1
ING01986;MERMELADA FRESA GRANEL (UND);UND;ABARROTES;PRD00110;;MERMELADA FRESA A-1 850 GR;SACHET;1;SACHET;SACHET x 1 UND;1;1;1
ING01986;MERMELADA FRESA GRANEL (UND);UND;ABARROTES;PRD00467;;MERMELADA FRESA A-1 DOY PACK;SACHET;1;SACHET;SACHET x 1 UND;1;1;1
ING01987;MERMELADA FRESA TRES ESPADAS 14 GR;UND;ABARROTES;PRD00522;;MERMELADA FRESA TRES ESPADAS 16 GR;GRAMO;1;GRAMO;GRAMO x 1 UND;1;1;1
ING01987;MERMELADA FRESA TRES ESPADAS 14 GR;UND;ABARROTES;PRD00523;;MERMELADA NARANJA TRES ESPADAS 16 GR;GRAMO;1;GRAMO;GRAMO x 1 UND;1;1;1
ING01987;MERMELADA FRESA TRES ESPADAS 14 GR;UND;ABARROTES;PRD00524;;MERMELADA SAUCO TRES ESPADAS 16 GR;GRAMO;1;GRAMO;GRAMO x 1 UND;1;1;1
ING01987;MERMELADA FRESA TRES ESPADAS 14 GR;UND;ABARROTES;PRD00554;;MERMELADA FRESA TRES ESPADAS 14 GR;GRAMO;1;GRAMO;GRAMO x 1 UND;1;1;1
ING01987;MERMELADA FRESA TRES ESPADAS 14 GR;UND;ABARROTES;PRD00555;;MERMELADA NARANJA TRES ESPADAS 14 GR;GRAMO;1;GRAMO;GRAMO x 1 UND;1;1;1
ING01987;MERMELADA FRESA TRES ESPADAS 14 GR;UND;ABARROTES;PRD00556;;MERMELADA SAUCO TRES ESPADAS 14 GR;GRAMO;1;GRAMO;GRAMO x 1 UND;1;1;1
ING01988;MERMELADA FRESA TRES ESPADAS 14 GR (KG);KG;ABARROTES;PRD00106;;MERMELADA SAUCO DULCE COSECHA 5 KG;BOLSA;5;BOLSA;BOLSA x 5 KG;1;1;1
ING01989;MERMELADA MERFRUT GOORMET FRESA 5 KG;UND;ABARROTES;PRD02922;;CAJA CHICA - MERMELADA MERFRUT GOORMET FRESA 5 KG;BOLSA;1;BOLSA;BOLSA x 1 UND;1;1;1
ING01990;MERMELADA MERFRUT GOORMET NARANJA 5 KG;UND;ABARROTES;PRD02923;;CAJA CHICA - MERMELADA MERFRUT GOORMET NARANJA 5 KG;BOLSA;1;BOLSA;BOLSA x 1 UND;1;1;1
ING01991;MERMELADA MERFRUT GOORMET PIÑA 5 KG;UND;ABARROTES;PRD02924;;CAJA CHICA - MERMELADA MERFRUT GOORMET PIÑA 5 KG;BOLSA;1;BOLSA;BOLSA x 1 UND;1;1;1
ING01992;MERMELADA PIÑA COMPASS 1KG;KG;ABARROTES;PRD02999;;CAJA CHICA - MERMELADA PIÑA COMPASS 1KG;FRASCO;1;FRASCO;FRASCO x 1 KG;1;1;1
ING01993;MERMELADA PIÑA GRANEL;KG;ABARROTES;PRD00544;;MERMELADA PIÑA QUEEN 1 KG BOLSA;BOLSA;1;BOLSA;BOLSA x 1 KG;1;1;1
ING01994;MERMELADA SAUCO X 400 GR;UND;ABARROTES;PRD03753;;CAJA CHICA - MERMELADA SAUCO X 400 GR;FRASCO;1;FRASCO;FRASCO x 1 UND;1;1;1
ING01995;MERMELADA X BARRIL;UND;ABARROTES;PRD03622;;CAJA CHICA - MERMELADA X BARRIL;CAJA;1;CAJA;CAJA x 1 UND;1;1;1
ING01996;MEZC P/PANQ BUTTER;KG;ABARROTES;PRD03675;;CAJA CHICA - MEZC P/PANQ BUTTER;KILOGRAMO;1;KILOGRAMO;KILOGRAMO x 1 KG;1;1;1
ING01997;MEZCLA DE ALMENDRA NUEZ VALLEALTO 90GR;UND;ABARROTES;PRD01663;;CAJA CHICA - MEZCLA DE ALMENDRA NUEZ VALLEALTO 90GR;UNIDAD;1;UNIDAD;UNIDAD x 1 UND;1;1;1
ING01998;MEZCLA LACTEA (KG);KG;ABARROTES;PRD00271;;MEZCLA LACTEA LAIVE NUTRILAC BOTELLA 390G;BOTELLA;0.39;BOTELLA;BOTELLA x 0.39 KG;1;1;1
ING01998;MEZCLA LACTEA (KG);KG;ABARROTES;PRD00272;;MEZCLA LACTEA IDEAL AMANECER 390 GR;LATA;0.39;LATA;LATA x 0.39 KG;1;1;1
ING01998;MEZCLA LACTEA (KG);KG;ABARROTES;PRD00277;;MEZCLA LACTEA VITAMINIZADA LAIVE 160 GR;CAJA;0.16;CAJA;CAJA x 0.16 KG;1;1;1
ING01999;MIEL;KG;ABARROTES;PRD01987;;CAJA CHICA - MIEL;KILOGRAMO;1;KILOGRAMO;KILOGRAMO x 1 KG;1;1;1
ING02000;MIEL DE ABEJA;KG;ABARROTES;PRD00499;;MIEL DE ABEJA KUMARA FOOD 5 KG;BIDON;5;BIDON;BIDON x 5 KG;1;1;1
ING02000;MIEL DE ABEJA;KG;ABARROTES;PRD00500;;MIEL DE ABEJA KUSASA 600 GR;FRASCO;0.6;FRASCO;FRASCO x 0.6 KG;1;1;1
ING02001;MIEL DE ABEJA FLORIDA 600 ML;UND;ABARROTES;PRD03337;;CAJA CHICA - MIEL DE ABEJA FLORIDA 600 ML;FRASCO;1;FRASCO;FRASCO x 1 UND;1;1;1
ING02002;MIEL DE ABEJA PERSONAL 14 GR;UND;ABARROTES;PRD00526;;MIEL DE ABEJA PERSONAL TRES ESPADAS 14 GR;UNIDAD;1;UNIDAD;UNIDAD x 1 UND;1;1;1
ING02003;MIEL DE ABEJA X 300;UND;ABARROTES;PRD03640;;CAJA CHICA - MIEL DE ABEJA X 300;FRASCO;1;FRASCO;FRASCO x 1 UND;1;1;1
ING02004;MIEL DE MAPLE 470 GR;UND;ABARROTES;PRD02925;;CAJA CHICA - MIEL DE MAPLE 470 GR;FRASCO;1;FRASCO;FRASCO x 1 UND;1;1;1
ING02005;MIEL DE MAPLE LA CABAÑA 350ML;UND;ABARROTES;PRD02855;;CAJA CHICA - MIEL DE MAPLE LA CABAÑA 350ML;UNIDAD;1;UNIDAD;UNIDAD x 1 UND;1;1;1
ING02006;MIEL DE MAPLE X 470 GR;UND;ABARROTES;PRD03019;;CAJA CHICA - MIEL DE MAPLE X 470 GR;FRASCO;1;FRASCO;FRASCO x 1 UND;1;1;1
ING02007;MILO;UND;ABARROTES;PRD03627;;CAJA CHICA - MILO;UNIDAD;1;UNIDAD;UNIDAD x 1 UND;1;1;1
ING02008;MILO ACTIV-GO 16 GR;UND;;PRD00490;;MILO ACTIV-GO 16 GR;SACHET;1;SACHET;SACHET x 1 UND;1;1;1
ING02009;MINI ALFAJORES X 15 GR;UND;ABARROTES;PRD03152;;CAJA CHICA - MINI ALFAJORES X 15 GR;UNIDAD;1;UNIDAD;UNIDAD x 1 UND;1;1;1
ING02010;MINI ALFAJORES X 18 UND;UND;ABARROTES;PRD03150;;CAJA CHICA - MINI ALFAJORES X 18 UND;CAJA;1;CAJA;CAJA x 1 UND;1;1;1
ING02011;MINI BROWNIE DE CHOCOLATE;UND;ABARROTES;PRD03203;;CAJA CHICA - MINI BROWNIE DE CHOCOLATE;UNIDAD;1;UNIDAD;UNIDAD x 1 UND;1;1;1
ING02012;MINI CARROT CAKE;UND;ABARROTES;PRD04153;;CAJA CHICA - MINI CARROT CAKE;UNIDAD;1;UNIDAD;UNIDAD x 1 UND;1;1;1
ING02013;MINI CHIN CHIN X 32 UND;UND;ABARROTES;PRD03841;;CAJA CHICA - MINI CHIN CHIN X 32 UND;BOLSA;1;BOLSA;BOLSA x 1 UND;1;1;1
ING02014;MINI CIABATTA;UND;ABARROTES;PRD03195;;CAJA CHICA - MINI CIABATTA;UNIDAD;1;UNIDAD;UNIDAD x 1 UND;1;1;1
ING02015;MINI EMPANADA CARNE;UND;ABARROTES;PRD04155;;CAJA CHICA - MINI EMPANADA CARNE;UNIDAD;1;UNIDAD;UNIDAD x 1 UND;1;1;1
ING02016;MINI EMPANADITA DE CARNE X 25 GR;UND;ABARROTES;PRD03149;;CAJA CHICA - MINI EMPANADITA DE CARNE X 25 GR;UNIDAD;1;UNIDAD;UNIDAD x 1 UND;1;1;1
ING02017;MINI NICK X 20 UND;UND;ABARROTES;PRD02003;;CAJA CHICA - MINI NICK X 20 UND;UNIDAD;1;UNIDAD;UNIDAD x 1 UND;1;1;1
ING02018;MINI PIE LIMON;UND;ABARROTES;PRD04154;;CAJA CHICA - MINI PIE LIMON;UNIDAD;1;UNIDAD;UNIDAD x 1 UND;1;1;1
ING02019;MINI PIONONO DE MANJAR;UND;ABARROTES;PRD03204;;CAJA CHICA - MINI PIONONO DE MANJAR;UNIDAD;1;UNIDAD;UNIDAD x 1 UND;1;1;1
ING02020;MINI RELLENITA X 50 UND;UND;ABARROTES;PRD02006;;CAJA CHICA - MINI RELLENITA X 50 UND;UNIDAD;1;UNIDAD;UNIDAD x 1 UND;1;1;1
ING02021;MINI SAPITO X 50 UND;UND;ABARROTES;PRD02005;;CAJA CHICA - MINI SAPITO X 50 UND;UNIDAD;1;UNIDAD;UNIDAD x 1 UND;1;1;1
ING02022;MINI TARTALETA DE FRUTAS;UND;ABARROTES;PRD03201;;CAJA CHICA - MINI TARTALETA DE FRUTAS;UNIDAD;1;UNIDAD;UNIDAD x 1 UND;1;1;1
ING02023;MIX DE NUECES VALLEALTO 180 GR;UND;ABARROTES;PRD03029;;CAJA CHICA - MIX DE NUECES VALLEALTO 180 GR;UNIDAD;1;UNIDAD;UNIDAD x 1 UND;1;1;1
ING02024;MIX DE SOPA COMPLETO CONGELADO;KG;CONGELADOS;PRD01864;;MIX DE SOPA COMPLETO CONGELADO - KGM;KILOGRAMO;1;KILOGRAMO;KILOGRAMO x 1 KG;1;1;1
ING02024;MIX DE SOPA COMPLETO CONGELADO;KG;CONGELADOS;PRD01866;;MIX DE SOPA COMPLETO CONGELADO NACIONAL - KGM;KILOGRAMO;1;KILOGRAMO;KILOGRAMO x 1 KG;1;1;1
ING02025;MIX MANI CON PASAS X 200GR;UND;ABARROTES;PRD01664;;CAJA CHICA - MIX MANI CON PASAS X 200GR;UNIDAD;1;UNIDAD;UNIDAD x 1 UND;1;1;1
ING02026;MIX SALADITO SANTIS 100 G;UND;ABARROTES;PRD00894;;MIX SALADITO SANTIS 100 GR;BOLSA;1;BOLSA;BOLSA x 1 UND;1;1;1
ING02027;MIXO EMULSIFICANTE X GR;UND;ABARROTES;PRD04009;;CAJA CHICA - MIXO EMULSIFICANTE X GR;GRAMO;1;GRAMO;GRAMO x 1 UND;1;1;1
ING02028;MIXTURA DE MARISCOS ECONOMICA;KG;CONGELADOS;PRD01725;;MIXTURA DE MARISCOS ECONOMICA;KILOGRAMO;1;KILOGRAMO;KILOGRAMO x 1 KG;1;1;1
ING02029;MIXTURA DE MARISCOS PNM;KG;;PRD01726;;MIXTURA DE MARISCOS PNM;KILOGRAMO;1;KILOGRAMO;KILOGRAMO x 1 KG;1;1;1
ING02030;MIXTURA DE NUECES VALLE ALTO 90 GR;UND;ABARROTES;PRD00850;;MIXTURA DE NUECES VALLE ALTO 90 GR;BOLSA;1;BOLSA;BOLSA x 1 UND;1;1;1
ING02031;MIXTURA DE NUECES X 100 G;UND;ABARROTES;PRD00896;;MIXTURA DE NUECES SANTIS 100 GR;BOLSA;1;BOLSA;BOLSA x 1 UND;1;1;1
ING02032;MIXTURA DE SOPA CONGELADO;KG;CONGELADOS;PRD02826;;CAJA CHICA - MIXTURA DE SOPA CONGELADO;KILOGRAMO;1;KILOGRAMO;KILOGRAMO x 1 KG;1;1;1
ING02033;MIXTURA ENSALADA CONGELADA;KG;CONGELADOS;PRD02864;;CAJA CHICA - MIXTURA ENSALADA CONGELADA;KILOGRAMO;1;KILOGRAMO;KILOGRAMO x 1 KG;1;1;1
ING02034;MIXTURA ITALIANA CONGELADA;KG;CONGELADOS;PRD02865;;CAJA CHICA - MIXTURA ITALIANA CONGELADA;KILOGRAMO;1;KILOGRAMO;KILOGRAMO x 1 KG;1;1;1
ING02035;MIXTURA LISTA CONGELADA;KG;CONGELADOS;PRD02889;;CAJA CHICA - MIXTURA LISTA CONGELADA;KILOGRAMO;1;KILOGRAMO;KILOGRAMO x 1 KG;1;1;1
ING02036;MIXTURA MEXICANA CONGELADA;KG;CONGELADOS;PRD02866;;CAJA CHICA - MIXTURA MEXICANA CONGELADA;KILOGRAMO;1;KILOGRAMO;KILOGRAMO x 1 KG;1;1;1
ING02037;MIXTURA PRIMAVERA CONGELADA;KG;CONGELADOS;PRD02867;;CAJA CHICA - MIXTURA PRIMAVERA CONGELADA;KILOGRAMO;1;KILOGRAMO;KILOGRAMO x 1 KG;1;1;1
ING02038;ML 300 CIP SPARTAN - SACAGRASA;L;ABARROTES;PRD02553;;ML 300 CIP SPARTAN 3.875 LITROS;GALON;3.875;GALON;GALON x 3.875 L;1;1;1
ING02038;ML 300 CIP SPARTAN - SACAGRASA;L;ABARROTES;PRD02554;;ML 300 CIP SPARTAN 5 LITROS;UNIDAD;5;UNIDAD;UNIDAD x 5 L;1;1;1
ING02038;ML 300 CIP SPARTAN - SACAGRASA;L;ABARROTES;PRD02555;;ML 300 CIP SPARTAN 19 LITROS;BIDON;19;BIDON;BIDON x 19 L;1;1;1
ING02039;ML 300 FP SPARTAN - REMOVEDOR DE GRASA;L;ABARROTES;PRD02491;;ML 300 FP SPARTAN 3.875 LITROS;GALON;3.875;GALON;GALON x 3.875 L;1;1;1
ING02039;ML 300 FP SPARTAN - REMOVEDOR DE GRASA;L;ABARROTES;PRD02510;;ML 300 FP SPARTAN 19 LITROS;BIDON;19;BIDON;BIDON x 19 L;1;1;1
ING02040;MOLDE DE ALUMINIO 16 OZ;UND;DESCARTABLES;PRD02605;;MOLDE DE ALUMINIO 16 OZ X 500 UND;PAQUETE;500;PAQUETE;PAQUETE x 500 UND;1;1;1
ING02041;MOLDE DE ALUMINIO 28 OZ;UND;DESCARTABLES;PRD02606;;MOLDE DE ALUMINIO 28 OZ X 250 UND;PAQUETE;250;PAQUETE;PAQUETE x 250 UND;1;1;1
ING02042;MOLDE DE ALUMINIO 8 OZ;UND;DESCARTABLES;PRD02607;;MOLDE DE ALUMINIO 8 OZ X 500 UND;PAQUETE;500;PAQUETE;PAQUETE x 500 UND;1;1;1
ING02043;MOLDES DE PLASTICOS;UND;ABARROTES;PRD01643;;CAJA CHICA - MOLDES DE PLASTICOS;UNIDAD;1;UNIDAD;UNIDAD x 1 UND;1;1;1
ING02044;MOLLEJA DE POLLO CONGELADO ZEDINA;KG;;PRD01834;;MOLLEJA DE POLLO CONGELADO ZEDINA;KILOGRAMO;1;KILOGRAMO;KILOGRAMO x 1 KG;1;1;1
ING02045;MONDADIENTES 200 UND;UND;DESCARTABLES;PRD03492;;CAJA CHICA - MONDADIENTES 200 UND;CAJA;1;CAJA;CAJA x 1 UND;1;1;1
ING02046;MONDADIENTES BAMBU DOBLE PUNTA;UND;DESCARTABLES;PRD02407;;MONDADIENTES BAMBÚ DOBLE PUNTA BOLSA X 250 UND;CAJA;250;CAJA;CAJA x 250 UND;1;1;1
ING02047;MONDADIENTES CON ENVOLTURA;UND;DESCARTABLES;PRD02414;;MONDADIENTES CON ENVOLTURA X MILLAR;PAQUETE;1000;PAQUETE;PAQUETE x 1000 UND;1;1;1
ING02048;MONDADIENTES MADERA 200 UND;UND;DESCARTABLES;PRD02409;;MONDADIENTES CANDY 200 UND;CAJA;200;CAJA;CAJA x 200 UND;1;1;1
ING02049;MONDADIENTES PQT X 2500 UND;UND;DESCARTABLES;PRD02406;;MONDADIENTES PQT X 2500 UND;PAQUETE;2500;PAQUETE;PAQUETE x 2500 UND;1;1;1
ING02050;MONDONGO CONGELADO;KG;ABARROTES;PRD01216;;MONDONGO CONGELADO;KILOGRAMO;1;KILOGRAMO;KILOGRAMO x 1 KG;1;1;1
ING02050;MONDONGO CONGELADO;KG;ABARROTES;PRD04010;;CAJA CHICA - MONDONGO CAU CAU X KG;KILOGRAMO;1;KILOGRAMO;KILOGRAMO x 1 KG;1;1;1
ING02050;MONDONGO CONGELADO;KG;ABARROTES;PRD04011;;CAJA CHICA - MONDONGO CORTE ITALIANO X KG;KILOGRAMO;1;KILOGRAMO;KILOGRAMO x 1 KG;1;1;1
ING02051;MONDONGO CONGELADO ZEDINA;KG;;PRD01836;;MONDONGO CONGELADO ZEDINA;KILOGRAMO;1;KILOGRAMO;KILOGRAMO x 1 KG;1;1;1
ING02052;MOPA PARA TRAPEAR;UND;ABARROTES;PRD03083;;CAJA CHICA - MOPA PARA TRAPEAR;UNIDAD;1;UNIDAD;UNIDAD x 1 UND;1;1;1
ING02053;MOPAS CON HOJAL;UND;ABARROTES;PRD02974;;CAJA CHICA - MOPAS CON HOJAL;UNIDAD;1;UNIDAD;UNIDAD x 1 UND;1;1;1
ING02054;MOPAS RUBBERMAIDE F131;UND;LIMPIEZA;PRD01602;;MOPA RUBBERMAID F131;UNIDAD;1;UNIDAD;UNIDAD x 1 UND;1;1;1
ING02055;MOPP COMPLETO PARA LUNAS;UND;ABARROTES;PRD01390;;MOPP COMPLETO PARA LUNAS;UNIDAD;1;UNIDAD;UNIDAD x 1 UND;1;1;1
ING02056;MORA;KG;ABARROTES;PRD03684;;CAJA CHICA - MORA;KILOGRAMO;1;KILOGRAMO;KILOGRAMO x 1 KG;1;1;1
ING02057;MORASX200GREMPORIO;UND;ABARROTES;PRD03677;;CAJA CHICA - MORASX200GREMPORIO;UNIDAD;1;UNIDAD;UNIDAD x 1 UND;1;1;1
ING02058;MORCILLA CONGELADA 500 GR;UND;CONGELADOS;PRD02890;;CAJA CHICA - MORCILLA CONGELADA 500 GR;PAQUETE;1;PAQUETE;PAQUETE x 1 UND;1;1;1
ING02059;MORCILLA CONGELADO;KG;CONGELADOS;PRD01847;;MORCILLA CONGELADO KG;KILOGRAMO;1;KILOGRAMO;KILOGRAMO x 1 KG;1;1;1
ING02060;MORON;KG;ABARROTES;PRD00055;;MORON AMERICANO COSTEÑO 500 GR;BOLSA;0.5;BOLSA;BOLSA x 0.5 KG;1;1;1
ING02060;MORON;KG;ABARROTES;PRD00353;;MORON AMERICANO KOMILON 5 KG;BOLSA;5;BOLSA;BOLSA x 5 KG;1;1;1
ING02060;MORON;KG;ABARROTES;PRD00370;;MORON AMERICANO CANTA CLARO 5 KG;BOLSA;5;BOLSA;BOLSA x 5 KG;1;1;1
ING02060;MORON;KG;ABARROTES;PRD00388;;MORON AMERICANO LA SERRANITA 5 KG;BOLSA;5;BOLSA;BOLSA x 5 KG;1;1;1
ING02060;MORON;KG;ABARROTES;PRD00391;;MORON AMERICANO VALLESOL 5 KG;BOLSA;5;BOLSA;BOLSA x 5 KG;1;1;1
ING02060;MORON;KG;ABARROTES;PRD00398;;MORON AMERICANO KOMILON 500 GR;BOLSA;0.5;BOLSA;BOLSA x 0.5 KG;1;1;1
ING02060;MORON;KG;ABARROTES;PRD00401;;MORON AMERICANO CANTA CLARO 500 GR;BOLSA;0.5;BOLSA;BOLSA x 0.5 KG;1;1;1
ING02061;MORON AMERICANO EL PLEBEYO X 5 KG;UND;ABARROTES;PRD03084;;CAJA CHICA - MORON AMERICANO EL PLEBEYO X 5 KG;UNIDAD;1;UNIDAD;UNIDAD x 1 UND;1;1;1
ING02062;MORON X 500 GR;UND;ABARROTES;PRD03983;;CAJA CHICA - MORON X 500 GR;UNIDAD;1;UNIDAD;UNIDAD x 1 UND;1;1;1
ING02063;MORTADELA PARA CAFETIN CONGELADO;KG;CONGELADOS;PRD00794;;MORTADELA PARA CAFETIN CONGELADO 500 GR;PAQUETE;0.5;PAQUETE;PAQUETE x 0.5 KG;1;1;1
ING02063;MORTADELA PARA CAFETIN CONGELADO;KG;CONGELADOS;PRD01848;;MORTADELA PARA CAFETIN CONGELADO KG;KILOGRAMO;1;KILOGRAMO;KILOGRAMO x 1 KG;1;1;1
ING02064;MORTADELA PARA CAFETIN REFRIGERADO 500 GR;UND;REFRIGERADOS;PRD02818;;CAJA CHICA - MORTADELA PARA CAFETIN REFRIGERADO 500 GR;PAQUETE;1;PAQUETE;PAQUETE x 1 UND;1;1;1
ING02065;MOSTAZA;KG;ABARROTES;PRD01087;;MOSTAZA ALACENA 220 GR;SACHET;0.22;SACHET;SACHET x 0.22 KG;1;1;1
ING02066;MOSTAZA 4 KG;KG;ABARROTES;PRD00150;;MOSTAZA TRESA 4 KG;BALDE;4;BALDE;BALDE x 4 KG;1;1;1
ING02066;MOSTAZA 4 KG;KG;ABARROTES;PRD00163;;MOSTAZA B&D 4 KG;BALDE;4;BALDE;BALDE x 4 KG;1;1;1
ING02066;MOSTAZA 4 KG;KG;ABARROTES;PRD01089;;MOSTAZA DERBY 4 KG;BALDE;4;BALDE;BALDE x 4 KG;1;1;1
ING02067;MOSTAZA PERSONAÑ SACHET 10 GR;UND;ABARROTES;PRD01076;;MOSTAZA TRESA PERSONAL 10 GR;SACHET;1;SACHET;SACHET x 1 UND;1;1;1
ING02068;MOSTAZA SACHET 5 GR;UND;ABARROTES;PRD01069;;E - MOSTAZA TRESA PERSONAL 5 GR;SACHET;1;SACHET;SACHET x 1 UND;1;1;1
ING02069;MUFFIN DE CHOCOLATE 100 GR;UND;PANADERIA Y PASTELERIA;PRD02662;;MUFFIN DE CHOCOLATE 100 GR REFRIGERADO;UNIDAD;1;UNIDAD;UNIDAD x 1 UND;1;1;1
ING02070;MUFFIN DE PLATANO GYM (CONGELADO);UND;;PRD00930;;MUFFIN DE PLATANO GYM (CONGELADO);UNIDAD;1;UNIDAD;UNIDAD x 1 UND;1;1;1
ING02071;MUFFIN TULIPA CHOCOCHIP 110 G;UND;CONGELADOS;PRD02663;;MUFFIN TULIPA TRIPLE CHOCOLATE (BOM BOM) 110 GRM;UNIDAD;1;UNIDAD;UNIDAD x 1 UND;1;1;1
ING02072;MUFFIN TULIPA DE YOGURT Y ARANDANO 110 G;UND;CONGELADOS;PRD01967;;MUFFIN TULIPA DE YOGURT Y ARANDANO 110 GRM;UNIDAD;1;UNIDAD;UNIDAD x 1 UND;1;1;1
ING02073;MUÑA;KG;FFVV;PRD00458;;MUÑA;KILOGRAMO;1;KILOGRAMO;KILOGRAMO x 1 KG;1;1;1
ING02074;MUÑA FRESCA;KG;ABARROTES;PRD01636;;CAJA CHICA - MUÑA FRESCA;KILOGRAMO;1;KILOGRAMO;KILOGRAMO x 1 KG;1;1;1
ING02075;NABO;KG;FFVV;PRD00428;;NABO;KILOGRAMO;1;KILOGRAMO;KILOGRAMO x 1 KG;1;1;1
ING02076;NABO X KG;KG;ABARROTES;PRD04012;;CAJA CHICA - NABO X KG;KILOGRAMO;1;KILOGRAMO;KILOGRAMO x 1 KG;1;1;1
ING02077;NARANJA DE JUGO;KG;FFVV;PRD00564;;NARANJA PARA JUGO;KILOGRAMO;1;KILOGRAMO;KILOGRAMO x 1 KG;1;1;1
ING02078;NARANJA DE JUGO X KG;KG;ABARROTES;PRD04013;;CAJA CHICA - NARANJA DE JUGO X KG;KILOGRAMO;1;KILOGRAMO;KILOGRAMO x 1 KG;1;1;1
ING02079;NARANJA DE MESA;KG;FFVV;PRD00563;;NARANJA PARA MESA;KILOGRAMO;1;KILOGRAMO;KILOGRAMO x 1 KG;1;1;1
ING02079;NARANJA DE MESA;KG;FFVV;PRD02054;;NARANJA PARA MESA (L);KILOGRAMO;1;KILOGRAMO;KILOGRAMO x 1 KG;1;1;1
ING02080;NARANJA PARA MESA;KG;FFVV;PRD02909;;CAJA CHICA - NARANJA PARA MESA;KILOGRAMO;1;KILOGRAMO;KILOGRAMO x 1 KG;1;1;1
ING02081;NARANJA TANGELO;KG;ABARROTES;PRD03429;;CAJA CHICA - NARANJA TANGELO;KILOGRAMO;1;KILOGRAMO;KILOGRAMO x 1 KG;1;1;1
ING02082;NATUCHIPS CAMOTE 90 GR;UND;ABARROTES;PRD00319;;NATUCHIPS CAMOTE 90 GR;BOLSA;1;BOLSA;BOLSA x 1 UND;1;1;1
ING02083;NECTAR DE PIÑA ECOFRESH 3.8 LT;L;REFRIGERADOS;PRD02194;;NECTAR DE PIÑA ECOFRESH 3.8 LT;GALON;3.8;GALON;GALON x 3.8 L;1;1;1
ING02084;NEKO EXTRA PROTECCION ANTIBACTERIAL 75GR;UND;;PRD01361;;NEKO EXTRA PROTECCION ANTIBACTERIAL 75GR;GRANO;1;GRANO;GRANO x 1 UND;1;1;1
ING02085;NESCAFE DOLCE GUSTO LUNGO;UND;ABARROTES;PRD02733;;CAJA CHICA - NESCAFE DOLCE GUSTO LUNGO;CAJA;1;CAJA;CAJA x 1 UND;1;1;1
ING02086;NESCAFE FINA SELECCION X 200 GR;UND;ABARROTES;PRD03747;;CAJA CHICA - NESCAFE FINA SELECCION X 200 GR;UNIDAD;1;UNIDAD;UNIDAD x 1 UND;1;1;1
ING02087;NESCAFE TRADICION X 50 GR;UND;ABARROTES;PRD03173;;CAJA CHICA - NESCAFE TRADICION X 50 GR;FRASCO;1;FRASCO;FRASCO x 1 UND;1;1;1
ING02088;NESTLE CORN FK 180 GR;UND;ABARROTES;PRD03231;;CAJA CHICA - NESTLE CORN FK 180 GR;UNIDAD;1;UNIDAD;UNIDAD x 1 UND;1;1;1
ING02089;NUECES PELADA X 80 GR;UND;ABARROTES;PRD04147;;CAJA CHICA - NUECES PELADA X 80 GR;GRAMO;1;GRAMO;GRAMO x 1 UND;1;1;1
ING02090;NUEVO CON FORMATO COMPRA;KG;ABARROTES;PRD02700;;CAJA CHICA - NUEVO CON FORMATO COMPRA;KILOGRAMO;1;KILOGRAMO;KILOGRAMO x 1 KG;1;1;1
ING02091;NUEZ ENTERA;KG;ABARROTES;PRD00892;;NUEZ ENTERA PELADA 4 ESTACIONES 1 KG;BOLSA;1;BOLSA;BOLSA x 1 KG;1;1;1
ING02092;NUEZ MOSCADA MOLIDA;KG;ABARROTES;PRD00878;;NUEZ MOSCADA MOLIDA 4 ESTACIONES 50 GR;BOLSA;0.05;BOLSA;BOLSA x 0.05 KG;1;1;1
ING02093;NUEZ MOSCADA MOLIDA BADIA 2 OZ;UND;ABARROTES;PRD02975;;CAJA CHICA - NUEZ MOSCADA MOLIDA BADIA 2 OZ;FRASCO;1;FRASCO;FRASCO x 1 UND;1;1;1
ING02094;NUSITA X 18 UND;UND;ABARROTES;PRD02004;;CAJA CHICA - NUSITA X 18 UND;UNIDAD;1;UNIDAD;UNIDAD x 1 UND;1;1;1
ING02095;NUTRI BODY CHOCOLATE;UND;ABARROTES;PRD03666;;CAJA CHICA - NUTRI BODY CHOCOLATE;UNIDAD;1;UNIDAD;UNIDAD x 1 UND;1;1;1
ING02096;NUTRI BODY MANI;UND;ABARROTES;PRD03665;;CAJA CHICA - NUTRI BODY MANI;UNIDAD;1;UNIDAD;UNIDAD x 1 UND;1;1;1
ING02097;OLD ENGLAND TOFFE X 80 UND;UND;ABARROTES;PRD03842;;CAJA CHICA - OLD ENGLAND TOFFE X 80 UND;BOLSA;1;BOLSA;BOLSA x 1 UND;1;1;1
ING02098;OLE OLE X 50 UND;UND;ABARROTES;PRD02002;;CAJA CHICA - OLE OLE X 50 UND;UNIDAD;1;UNIDAD;UNIDAD x 1 UND;1;1;1
ING02099;OLLUCO ENTERO;KG;FFVV;PRD00452;;OLLUQUITO FRESCO;KILOGRAMO;1;KILOGRAMO;KILOGRAMO x 1 KG;1;1;1
ING02099;OLLUCO ENTERO;KG;FFVV;PRD03521;;CAJA CHICA - OLLUCO ENTERO REFRIGERADO;KILOGRAMO;1;KILOGRAMO;KILOGRAMO x 1 KG;1;1;1
ING02100;OLLUCO PICADO CONGELADO;KG;CONGELADOS;PRD01203;;OLLUQUITO PICADO CONGELADO;KILOGRAMO;1;KILOGRAMO;KILOGRAMO x 1 KG;1;1;1
ING02101;OLLUCO X KG;KG;FFVV;PRD04014;;CAJA CHICA - OLLUCO X KG;KILOGRAMO;1;KILOGRAMO;KILOGRAMO x 1 KG;1;1;1
ING02102;OREGANO ENTERO;KG;ABARROTES;PRD00415;;OREGANO ENTERO SAN JUAN MASIAS 1 KG;BOLSA;1;BOLSA;BOLSA x 1 KG;1;1;1
ING02102;OREGANO ENTERO;KG;ABARROTES;PRD00879;;OREGANO ENTERO 4 ESTACIONES 1 KG;BOLSA;1;BOLSA;BOLSA x 1 KG;1;1;1
ING02103;OREGANO ENTERO A GRANEL;KG;ABARROTES;PRD03164;;CAJA CHICA - OREGANO ENTERO A GRANEL;KILOGRAMO;1;KILOGRAMO;KILOGRAMO x 1 KG;1;1;1
ING02104;OREGANO MOLIDO TOÑA X 1 KG;KG;ABARROTES;PRD03085;;CAJA CHICA - OREGANO MOLIDO TOÑA X 1 KG;UNIDAD;1;UNIDAD;UNIDAD x 1 KG;1;1;1
ING02105;OREGANO SAZÓN X 66 UND;UND;ABARROTES;PRD03619;;CAJA CHICA - OREGANO SAZÓN X 66 UND;CAJA;1;CAJA;CAJA x 1 UND;1;1;1
ING02106;PABILO;UND;ABARROTES;PRD02976;;CAJA CHICA - PABILO;UNIDAD;1;UNIDAD;UNIDAD x 1 UND;1;1;1
ING02107;PACCHOY BB KG;KG;ABARROTES;PRD04045;;CAJA CHICA - PACCHOY BB KG;KILOGRAMO;1;KILOGRAMO;KILOGRAMO x 1 KG;1;1;1
ING02108;PALILLO MOLIDO;KG;ABARROTES;PRD00880;;PALILLO MOLIDO 4 ESTACIONES 1 KG;BOLSA;1;BOLSA;BOLSA x 1 KG;1;1;1
ING02108;PALILLO MOLIDO;KG;ABARROTES;PRD00890;;PALILLO MOLIDO BADIA 453 GR;BOLSA;0.453;BOLSA;BOLSA x 0.453 KG;1;1;1
ING02108;PALILLO MOLIDO;KG;ABARROTES;PRD03338;;CAJA CHICA - PALILLO MOLIDO TOÑA 1 KG;BOLSA;1;BOLSA;BOLSA x 1 KG;1;1;1
ING02109;PALILLO MOLIDO (UND);UND;ABARROTES;PRD02778;;CAJA CHICA - PALILLO X 34.2 GR;UNIDAD;1;UNIDAD;UNIDAD x 1 UND;1;1;1
ING02109;PALILLO MOLIDO (UND);UND;ABARROTES;PRD03618;;CAJA CHICA - PALILLO SAZÓN X 66 UND;CAJA;1;CAJA;CAJA x 1 UND;1;1;1
ING02110;PALITO DE CHUPETE;UND;ABARROTES;PRD01677;;CAJA CHICA - PALITO DE CHUPETE;UNIDAD;1;UNIDAD;UNIDAD x 1 UND;1;1;1
ING02111;PALITOS DE ANTICUCHO X 70 UND;UND;ABARROTES;PRD03163;;CAJA CHICA - PALITOS DE ANTICUCHO X 70 UND;PAQUETE;1;PAQUETE;PAQUETE x 1 UND;1;1;1
ING02112;PALITOS DE BROCHETA 20 CM;UND;DESCARTABLES;PRD01687;;PALITOS DE BROCHETA 24 CM 100 UND;PAQUETE;100;PAQUETE;PAQUETE x 100 UND;1;1;1
ING02112;PALITOS DE BROCHETA 20 CM;UND;DESCARTABLES;PRD02413;;PALITOS DE BROCHETA 20 CM 100 UND;PAQUETE;100;PAQUETE;PAQUETE x 100 UND;1;1;1
ING02112;PALITOS DE BROCHETA 20 CM;UND;DESCARTABLES;PRD02415;;PALITOS DE BROCHETA 24 CM MILLAR;PAQUETE;1000;PAQUETE;PAQUETE x 1000 UND;1;1;1
ING02113;PALLAR;KG;ABARROTES;PRD00059;;PALLAR COSTEÑO 500 GR;BOLSA;0.5;BOLSA;BOLSA x 0.5 KG;1;1;1
ING02113;PALLAR;KG;ABARROTES;PRD00060;;PALLAR BELEN 5 KG;BOLSA;5;BOLSA;BOLSA x 5 KG;1;1;1
ING02113;PALLAR;KG;ABARROTES;PRD00302;;PALLAR COSECHA ANDINA 5 KG;BOLSA;5;BOLSA;BOLSA x 5 KG;1;1;1
ING02113;PALLAR;KG;ABARROTES;PRD00348;;PALLAR LA SIEMBRA 5 KG;BOLSA;5;BOLSA;BOLSA x 5 KG;1;1;1
ING02113;PALLAR;KG;ABARROTES;PRD00362;;PALLAR KOMILON 5 KG;BOLSA;5;BOLSA;BOLSA x 5 KG;1;1;1
ING02113;PALLAR;KG;ABARROTES;PRD00372;;PALLAR CANTA CLARO 5 KG;BOLSA;5;BOLSA;BOLSA x 5 KG;1;1;1
ING02114;PALLAR (UND);UND;ABARROTES;PRD00007;;PALLAR CON TOCINO GAMBRINUS 560 GR;LATA;1;LATA;LATA x 1 UND;1;1;1
ING02114;PALLAR (UND);UND;ABARROTES;PRD03086;;CAJA CHICA - PALLAR CON TOCINO GAMBRINOS LATA;UNIDAD;1;UNIDAD;UNIDAD x 1 UND;1;1;1
ING02115;PALMITOS ENTEROS 430 GR;UND;ABARROTES;PRD02868;;CAJA CHICA - PALMITOS ENTEROS 430 GR;LATA;1;LATA;LATA x 1 UND;1;1;1
ING02116;PALMITOS TROZOS COSECHA DE OROR;UND;ABARROTES;PRD02760;;CAJA CHICA - PALMITOS TROZOS COSECHA DE OROR;FRASCO;1;FRASCO;FRASCO x 1 UND;1;1;1
ING02117;PALO DE ALUMINIO MOERMAN 140 CM;UND;LIMPIEZA;PRD01414;;PALO DE ALUMINIO MOERMAN 140 CM;UNIDAD;1;UNIDAD;UNIDAD x 1 UND;1;1;1
ING02118;PALO DE ALUMINIO RUBBERMAID 6355;UND;ABARROTES;PRD03509;;CAJA CHICA - PALO DE ALUMINIO RUBBERMAID 6355;UNIDAD;1;UNIDAD;UNIDAD x 1 UND;1;1;1
ING02119;PALO ESCOBA DE PLASTICO SUPER DALIA VIRUTEX;UND;LIMPIEZA;PRD01377;;PALO ESCOBA DE PLASTICO SUPER DALIA VIRUTEX 12 UND;PAQUETE;1;PAQUETE;PAQUETE x 1 UND;1;1;1
ING02120;PALO MOPERA FIBRA DE VIDRIO;UND;ABARROTES;PRD03436;;CAJA CHICA - PALO MOPERA FIBRA DE VIDRIO;UNIDAD;1;UNIDAD;UNIDAD x 1 UND;1;1;1
ING02121;PALO MOPERO;UND;ABARROTES;PRD02933;;CAJA CHICA - PALO MOPERO;UNIDAD;1;UNIDAD;UNIDAD x 1 UND;1;1;1
ING02122;PALO MOPERO METAL H 125 UNIDAD;UND;LIMPIEZA;PRD01603;;PALO MOPERO RUBBERMAID H125;UNIDAD;1;UNIDAD;UNIDAD x 1 UND;1;1;1
ING02123;PALO MOPERO METAL H225;UND;ABARROTES;PRD03390;;CAJA CHICA - PALO MOPERO METAL H225;UNIDAD;1;UNIDAD;UNIDAD x 1 UND;1;1;1
ING02124;PALO MOPERO RUBBERMAID H146;UND;ABARROTES;PRD03352;;CAJA CHICA - PALO MOPERO RUBBERMAID H146;UNIDAD;1;UNIDAD;UNIDAD x 1 UND;1;1;1
ING02125;PALTA;KG;FFVV;PRD00465;;PALTA;KILOGRAMO;1;KILOGRAMO;KILOGRAMO x 1 KG;1;1;1
ING02125;PALTA;KG;FFVV;PRD02039;;CAJA CHICA - PALTA;KILOGRAMO;1;KILOGRAMO;KILOGRAMO x 1 KG;1;1;1
ING02126;PAN A GRANEL ESPECIAL X KG;KG;ABARROTES;PRD03744;;CAJA CHICA - PAN A GRANEL ESPECIAL X KG;KILOGRAMO;1;KILOGRAMO;KILOGRAMO x 1 KG;1;1;1
ING02127;PAN A GRANEL X KG;KG;ABARROTES;PRD03743;;CAJA CHICA - PAN A GRANEL X KG;KILOGRAMO;1;KILOGRAMO;KILOGRAMO x 1 KG;1;1;1
ING02128;PAN BAGUETTE;UND;ABARROTES;PRD03202;;CAJA CHICA - PAN BAGUETTE;UNIDAD;1;UNIDAD;UNIDAD x 1 UND;1;1;1
ING02129;PAN BIMBO BLANCO X 650 GR;UND;ABARROTES;PRD03611;;CAJA CHICA - PAN BIMBO BLANCO X 650 GR;UNIDAD;1;UNIDAD;UNIDAD x 1 UND;1;1;1
ING02130;PAN BIMBO INTEGRAL 100% PREB-MED X 480 GR;UND;ABARROTES;PRD03612;;CAJA CHICA - PAN BIMBO INTEGRAL 100% PREB-MED X 480 GR;UNIDAD;1;UNIDAD;UNIDAD x 1 UND;1;1;1
ING02131;PAN BLANCO GRANDE X 650 GR;UND;ABARROTES;PRD03171;;CAJA CHICA - PAN BLANCO GRANDE X 650 GR;POTE;1;POTE;POTE x 1 UND;1;1;1
ING02132;PAN BLANCO MEDIANO X 480 GR;UND;ABARROTES;PRD03180;;CAJA CHICA - PAN BLANCO MEDIANO X 480 GR;PAQUETE;1;PAQUETE;PAQUETE x 1 UND;1;1;1
ING02133;PAN BLANCO XL EXTRA GRANDE BIMBO 770 GR;KG;ABARROTES;PRD00915;;PAN BLANCO XL EXTRA GRANDE BIMBO 770 GR;BOLSA;0.77;BOLSA;BOLSA x 0.77 KG;1;1;1
ING02134;PAN CIABATTA;UND;ABARROTES;PRD03194;;CAJA CHICA - PAN CIABATTA;UNIDAD;1;UNIDAD;UNIDAD x 1 UND;1;1;1
ING02135;PAN CROISANT;UND;ABARROTES;PRD03196;;CAJA CHICA - PAN CROISANT;UNIDAD;1;UNIDAD;UNIDAD x 1 UND;1;1;1
ING02136;PAN DE HAMBURGUESA;UND;ABARROTES;PRD03151;;CAJA CHICA - PAN DE HAMBURGUESA;UNIDAD;1;UNIDAD;UNIDAD x 1 UND;1;1;1
ING02137;PAN DE MAIZ KG;KG;ABARROTES;PRD03129;;CAJA CHICA - PAN DE MAIZ KG;KILOGRAMO;1;KILOGRAMO;KILOGRAMO x 1 KG;1;1;1
ING02138;PAN DE PISO;UND;ABARROTES;PRD03148;;CAJA CHICA - PAN DE PISO;UNIDAD;1;UNIDAD;UNIDAD x 1 UND;1;1;1
ING02139;PAN FRANCES;UND;ABARROTES;PRD03198;;CAJA CHICA - PAN FRANCES;UNIDAD;1;UNIDAD;UNIDAD x 1 UND;1;1;1
ING02140;PAN HOT DOG;UND;ABARROTES;PRD03899;;CAJA CHICA - PAN HOT DOG;UNIDAD;1;UNIDAD;UNIDAD x 1 UND;1;1;1
ING02141;PAN INTEGRAL 400 GR;UND;ABARROTES;PRD03351;;CAJA CHICA - PAN INTEGRAL 400 GR;BOLSA;1;BOLSA;BOLSA x 1 UND;1;1;1
ING02142;PAN INTEGRAL X 600 GR;UND;ABARROTES;PRD03652;;CAJA CHICA - PAN INTEGRAL X 600 GR;UNIDAD;1;UNIDAD;UNIDAD x 1 UND;1;1;1
ING02143;PAN MINI CROISANT;UND;ABARROTES;PRD03197;;CAJA CHICA - PAN MINI CROISANT;UNIDAD;1;UNIDAD;UNIDAD x 1 UND;1;1;1
ING02144;PAN MINI FRANCES;UND;ABARROTES;PRD03199;;CAJA CHICA - PAN MINI FRANCES;UNIDAD;1;UNIDAD;UNIDAD x 1 UND;1;1;1
ING02145;PAN MOLDE BLANCO KG.;KG;ABARROTES;PRD00900;;PAN BLANCO FAMILIAR BIMBO 750 GR;BOLSA;0.75;BOLSA;BOLSA x 0.75 KG;1;1;1
ING02146;PAN MOLIDO KG.;KG;ABARROTES;PRD00113;;PAN MOLIDO TAKIS 5 KG;BOLSA;5;BOLSA;BOLSA x 5 KG;1;1;1
ING02146;PAN MOLIDO KG.;KG;ABARROTES;PRD00901;;PAN MOLIDO BIMBO 250 GR;BOLSA;0.25;BOLSA;BOLSA x 0.25 KG;1;1;1
ING02147;PAN MOLIDO X KG;KG;ABARROTES;PRD04038;;CAJA CHICA- PAN MOLIDO X KG;KILOGRAMO;1;KILOGRAMO;KILOGRAMO x 1 KG;1;1;1
ING02148;PAN PRECOCIDO CIABATTA CONGELADO 40 GR;UND;CONGELADOS;PRD01958;;PAN PRECOCIDO CIABATTA CONGELADO (40 GR);UNIDAD;1;UNIDAD;UNIDAD x 1 UND;1;1;1
ING02149;PAN PRECOCIDO FRANCES CONGELADO 40 GR;UND;PANADERIA Y PASTELERIA;PRD01959;;PAN PRECOCIDO FRANCES CONGELADO (40 GR);UNIDAD;1;UNIDAD;UNIDAD x 1 UND;1;1;1
ING02150;PAN PYC;UND;ABARROTES;PRD03633;;CAJA CHICA - PAN PYC;UNIDAD;1;UNIDAD;UNIDAD x 1 UND;1;1;1
ING02151;PANAMITO X KG;KG;ABARROTES;PRD04015;;CAJA CHICA - PANAMITO X KG;KILOGRAMO;1;KILOGRAMO;KILOGRAMO x 1 KG;1;1;1
ING02152;PANCA DE CHOCLO;KG;FFVV;PRD00464;;PANCA DE CHOCLO;KILOGRAMO;1;KILOGRAMO;KILOGRAMO x 1 KG;1;1;1
ING02153;PANCETA CON HUESO Y CON PIEL TIRAS CONGELADO;KG;CONGELADOS;PRD01697;;PANCETA CON HUESO Y CON PIEL TIRAS CONGELADO (N);KILOGRAMO;1;KILOGRAMO;KILOGRAMO x 1 KG;1;1;1
ING02153;PANCETA CON HUESO Y CON PIEL TIRAS CONGELADO;KG;CONGELADOS;PRD01701;;PANCETA CON HUESO Y CON PIEL TIRAS CONGELADO - REDONDOS;KILOGRAMO;1;KILOGRAMO;KILOGRAMO x 1 KG;1;1;1
ING02153;PANCETA CON HUESO Y CON PIEL TIRAS CONGELADO;KG;CONGELADOS;PRD01717;;PANCETA CON HUESO Y CON PIEL TIRAS CONGELADO;KILOGRAMO;1;KILOGRAMO;KILOGRAMO x 1 KG;1;1;1
ING02154;PANCETA CON HUESO Y SIN PIEL TIRAS CONGELADO;KG;CONGELADOS;PRD01702;;PANCETA CON HUESO Y SIN PIEL TIRAS CONGELADO - REDONDOS;KILOGRAMO;1;KILOGRAMO;KILOGRAMO x 1 KG;1;1;1
ING02154;PANCETA CON HUESO Y SIN PIEL TIRAS CONGELADO;KG;CONGELADOS;PRD01713;;PANCETA CON HUESO Y SIN PIEL TIRAS CONGELADO;KILOGRAMO;1;KILOGRAMO;KILOGRAMO x 1 KG;1;1;1
ING02154;PANCETA CON HUESO Y SIN PIEL TIRAS CONGELADO;KG;CONGELADOS;PRD01720;;PANCETA CON HUESO Y SIN PIEL TIRAS CONGELADO (N);KILOGRAMO;1;KILOGRAMO;KILOGRAMO x 1 KG;1;1;1
ING02155;PANELA GRANULADA;KG;ABARROTES;PRD00922;;PANELA GRANULADA 1KG;KILOGRAMO;1;KILOGRAMO;KILOGRAMO x 1 KG;1;1;1
ING02155;PANELA GRANULADA;KG;ABARROTES;PRD00925;;PANELA GRANULADA ONZA 1 KG;KILOGRAMO;1;KILOGRAMO;KILOGRAMO x 1 KG;1;1;1
ING02156;PANELA GRANULADA X 500 GR;UND;ABARROTES;PRD04031;;CAJA CHICA - PANELA GRANULADA X 500 GR;PAQUETE;1;PAQUETE;PAQUETE x 1 UND;1;1;1
ING02157;PANES INTEGRALES BIMBO;UND;ABARROTES;PRD03624;;CAJA CHICA - PANES INTEGRALES BIMBO;UNIDAD;1;UNIDAD;UNIDAD x 1 UND;1;1;1
ING02158;PANES VARIOS;KG;ABARROTES;PRD03647;;CAJA CHICA - PANES VARIOS;KILOGRAMO;1;KILOGRAMO;KILOGRAMO x 1 KG;1;1;1
ING02159;PANETON (PANETONCITO) DONOFRIO 90 GR;UND;;PRD00914;;PANETON (PANETONCITO) DONOFRIO BOLSA 80 GR;UNIDAD;1;UNIDAD;UNIDAD x 1 UND;1;1;1
ING02160;PANETON (PANETONCITO) DONOFRIO CAJA 90 GR;UND;;PRD00905;;PANETON (PANETONCITO) DONOFRIO CAJA 80-90 GR;UNIDAD;1;UNIDAD;UNIDAD x 1 UND;1;1;1
ING02161;PANETON A GRANEL;KG;ABARROTES;PRD00908;;PANETON PASQUALINO BOLSA 900 GR;BOLSA;0.9;BOLSA;BOLSA x 0.9 KG;1;1;1
ING02162;PANETON BARLETTA CAJA 900 G;UND;ABARROTES;PRD00926;;PANETON BARLETTA CAJA 900 GR;CAJA;1;CAJA;CAJA x 1 UND;1;1;1
ING02163;PANETON DONOFRIO;UND;ABARROTES;PRD03927;;CAJA CHICA - PANETON DONOFRIO;CAJA;1;CAJA;CAJA x 1 UND;1;1;1
ING02164;PANETON DONOFRIO CAJA 900 GR;UND;ABARROTES;PRD00095;;PANETON DONOFRIO CAJA 880 GR;UNIDAD;1;UNIDAD;UNIDAD x 1 UND;1;1;1
ING02165;PANETON DONOFRIO X 900 GR;UND;ABARROTES;PRD03278;;CAJA CHICA - PANETON DONOFRIO X 900 GR;UNIDAD;1;UNIDAD;UNIDAD x 1 UND;1;1;1
ING02166;PANETON ECONOMICO 900 GR;UND;ABARROTES;PRD03391;;CAJA CHICA - PANETON ECONOMICO 900 GR;BOLSA;1;BOLSA;BOLSA x 1 UND;1;1;1
ING02167;PANETON EN BOLSA COSTA 900 GR;UND;ABARROTES;PRD00920;;PANETON EN BOLSA 800 GR COSTA;BOLSA;1;BOLSA;BOLSA x 1 UND;1;1;1
ING02168;PANETON EN BOLSA DOYPACK WINTERS 850 GR;KG;;PRD00917;;PANETON EN BOLSA DOYPACK WINTERS 850 GR;BOLSA;0.85;BOLSA;BOLSA x 0.85 KG;1;1;1
ING02169;PANETON EN CAJA 80 GR COSTA;UND;ABARROTES;PRD00909;;PANETON EN CAJA 80 GR COSTA MINIONS;CAJA;1;CAJA;CAJA x 1 UND;1;1;1
ING02170;PANETON EN CAJA 90 G BARLETTA CHOCOCHISPAS;UND;ABARROTES;PRD00927;;PANETON EN CAJA 90 GR BARLETTA CHOCOCHISPAS;CAJA;1;CAJA;CAJA x 1 UND;1;1;1
ING02171;PANETON EN CAJA COSTA 900 GR;UND;ABARROTES;PRD00921;;PANETON EN CAJA 900 GR COSTA;CAJA;1;CAJA;CAJA x 1 UND;1;1;1
ING02172;PANETON GLORIA 900 GR;KG;ABARROTES;PRD00928;;PANETON GLORIA BOLSA 900 GR;BOLSA;0.9;BOLSA;BOLSA x 0.9 KG;1;1;1
ING02173;PANETON GLORIA 900 GR BOLSA;UND;ABARROTES;PRD02779;;CAJA CHICA - PANETON GLORIA 900 GR BOLSA;UNIDAD;1;UNIDAD;UNIDAD x 1 UND;1;1;1
ING02174;PANETON GLORIA CAJA 900 GR;UND;ABARROTES;PRD00912;;PANETON GLORIA CAJA X 900 GR;UNIDAD;1;UNIDAD;UNIDAD x 1 UND;1;1;1
ING02175;PANETON MINI CHOCO GLORIA BOLSA 90 GR;UND;;PRD00913;;PANETON MINI CHOCO GLORIA BOLSA 90 GR;BOLSA;1;BOLSA;BOLSA x 1 UND;1;1;1
ING02176;PANETON MINI GLORIA 80 GR;UND;ABARROTES;PRD00910;;PANETON MINI GLORIA BOLSA 80 GR;BOLSA;1;BOLSA;BOLSA x 1 UND;1;1;1
ING02177;PANETON PACK CAJA TODINNO 900 GR + TODINNITO 85 GR;UND;ABARROTES;PRD00911;;PANETON PACK CAJA TODINNO 900 GR + TODINNITO 85 GR;CAJA;1;CAJA;CAJA x 1 UND;1;1;1
ING02178;PANETON SANTA CLARA 90 GR;UND;ABARROTES;PRD03416;;CAJA CHICA - PANETON SANTA CLARA 90 GR;BOLSA;1;BOLSA;BOLSA x 1 UND;1;1;1
ING02179;PANETON SODEXO 1 KG;KG;ABARROTES;PRD03313;;CAJA CHICA - PANETON SODEXO 1 KG;CAJA;1;CAJA;CAJA x 1 KG;1;1;1
ING02180;PANETON SODEXO CAJA;KG;ABARROTES;PRD00093;;PANETON SODEXO CAJA 900 GR;UNIDAD;0.9;UNIDAD;UNIDAD x 0.9 KG;1;1;1
ING02181;PANETON SODEXO CAJA 90 GR;UND;ABARROTES;PRD00094;;PANETON SODEXO CAJA 90 GR;CAJA;1;CAJA;CAJA x 1 UND;1;1;1
ING02182;PANETON SODEXO X 100 GR;UND;ABARROTES;PRD03283;;CAJA CHICA - PANETON SODEXO X 100 GR;BOLSA;1;BOLSA;BOLSA x 1 UND;1;1;1
ING02183;PANETON WINTERS CAJA 900 GR;KG;ABARROTES;PRD00903;;PANETON WINTERS CAJA 900 GR;UNIDAD;0.9;UNIDAD;UNIDAD x 0.9 KG;1;1;1
ING02184;PANKO YUMART 230 GR;UND;ABARROTES;PRD02761;;CAJA CHICA - PANKO YUMART 230 GR;BOLSA;1;BOLSA;BOLSA x 1 UND;1;1;1
ING02185;PAPA AMARILLA;KG;FFVV;PRD00445;;PAPA AMARILLA;KILOGRAMO;1;KILOGRAMO;KILOGRAMO x 1 KG;1;1;1
ING02185;PAPA AMARILLA;KG;FFVV;PRD03625;;CAJA CHICA - PAPA AMARILLA;KILOGRAMO;1;KILOGRAMO;KILOGRAMO x 1 KG;1;1;1
ING02186;PAPA BEBE;KG;ABARROTES;PRD03107;;CAJA CHICA - PAPA BEBE;KILOGRAMO;1;KILOGRAMO;KILOGRAMO x 1 KG;1;1;1
ING02187;PAPA BLANCA;KG;FFVV;PRD00429;;PAPA BLANCA;KILOGRAMO;1;KILOGRAMO;KILOGRAMO x 1 KG;1;1;1
ING02187;PAPA BLANCA;KG;FFVV;PRD04016;;CAJA CHICA - PAPA BLANCA X KG;KILOGRAMO;1;KILOGRAMO;KILOGRAMO x 1 KG;1;1;1
ING02188;PAPA CANCHAN;KG;FFVV;PRD03193;;CAJA CHICA - PAPA CANCHAN;KILOGRAMO;1;KILOGRAMO;KILOGRAMO x 1 KG;1;1;1
ING02189;PAPA COCKTAIL;KG;FFVV;PRD02066;;PAPA COCKTAIL;KILOGRAMO;1;KILOGRAMO;KILOGRAMO x 1 KG;1;1;1
ING02190;PAPA COCKTAIL X KG;KG;ABARROTES;PRD03776;;CAJA CHICA - PAPA COCKTAIL X KG;KILOGRAMO;1;KILOGRAMO;KILOGRAMO x 1 KG;1;1;1
ING02191;PAPA FRITA X PORCION;UND;ABARROTES;PRD03945;;CAJA CHICA - PAPA FRITA X PORCION;UNIDAD;1;UNIDAD;UNIDAD x 1 UND;1;1;1
ING02192;PAPA HUAYRO;KG;FFVV;PRD03179;;CAJA CHICA - PAPA HUAYRO;KILOGRAMO;1;KILOGRAMO;KILOGRAMO x 1 KG;1;1;1
ING02193;PAPA LAYS CLASSICA X 16 GR;UND;ABARROTES;PRD03843;;CAJA CHICA - PAPA LAYS CLASSICA X 16 GR;UNIDAD;1;UNIDAD;UNIDAD x 1 UND;1;1;1
ING02194;PAPA LAYS MAYONESSA X 16 GR;UND;ABARROTES;PRD03844;;CAJA CHICA - PAPA LAYS MAYONESSA X 16 GR;UNIDAD;1;UNIDAD;UNIDAD x 1 UND;1;1;1
ING02195;PAPA LAYS POLLO A LA BRASA X 16 GR;UND;CONGELADOS;PRD03845;;CAJA CHICA - PAPA LAYS POLLO A LA BRASA X 16 GR;BOLSA;1;BOLSA;BOLSA x 1 UND;1;1;1
ING02196;PAPA LOMO NEGRO;KG;ABARROTES;PRD02001;;CAJA CHICA - PAPA LOMO NEGRO;KILOGRAMO;1;KILOGRAMO;KILOGRAMO x 1 KG;1;1;1
ING02197;PAPA PRE FRITA CONGELADA;KG;CONGELADOS;PRD01863;;PAPA PRE FRITA CONGELADA;KILOGRAMO;1;KILOGRAMO;KILOGRAMO x 1 KG;1;1;1
ING02198;PAPA PRE FRITA CONGELADA 11 X 11 KG;UND;CONGELADOS;PRD03510;;CAJA CHICA - PAPA PRE FRITA CONGELADA 11 X 11 KG;BOLSA;1;BOLSA;BOLSA x 1 UND;1;1;1
ING02199;PAPA RELLENA CON CARNE 100 G CONGELADO;UND;CONGELADOS;PRD01970;;PAPA RELLENA CON CARNE 100 GR CONGELADO;UNIDAD;1;UNIDAD;UNIDAD x 1 UND;1;1;1
ING02200;PAPA SECA;KG;ABARROTES;PRD00057;;PAPA SECA COSTEÑO 500 GR;BOLSA;0.5;BOLSA;BOLSA x 0.5 KG;1;1;1
ING02200;PAPA SECA;KG;ABARROTES;PRD00299;;PAPA SECA VALLE NORTE 500 GR;BOLSA;0.5;BOLSA;BOLSA x 0.5 KG;1;1;1
ING02200;PAPA SECA;KG;ABARROTES;PRD00352;;PAPA SECA LA SIEMBRA 5 KG;BOLSA;5;BOLSA;BOLSA x 5 KG;1;1;1
ING02200;PAPA SECA;KG;ABARROTES;PRD00354;;PAPA SECA KOMILON 5 KG;BOLSA;5;BOLSA;BOLSA x 5 KG;1;1;1
ING02200;PAPA SECA;KG;ABARROTES;PRD00377;;PAPA SECA CANTA CLARO 500 GR;BOLSA;0.5;BOLSA;BOLSA x 0.5 KG;1;1;1
ING02200;PAPA SECA;KG;ABARROTES;PRD00379;;PAPA SECA CANTA CLARO 5 KG;BOLSA;5;BOLSA;BOLSA x 5 KG;1;1;1
ING02200;PAPA SECA;KG;ABARROTES;PRD00385;;PAPA SECA LA SERRANITA 3 KG;BOLSA;3;BOLSA;BOLSA x 3 KG;1;1;1
ING02200;PAPA SECA;KG;ABARROTES;PRD00392;;PAPA SECA VALLESOL 5 KG;BOLSA;5;BOLSA;BOLSA x 5 KG;1;1;1
ING02200;PAPA SECA;KG;ABARROTES;PRD00397;;PAPA SECA KOMILON 500 GR;BOLSA;0.5;BOLSA;BOLSA x 0.5 KG;1;1;1
ING02201;PAPA SECA (UND);UND;ABARROTES;PRD03585;;CAJA CHICA - PAPA SECA EL PLEBEYO 5 KG;BOLSA;1;BOLSA;BOLSA x 1 UND;1;1;1
ING02202;PAPA YUNGAY;KG;ABARROTES;PRD03514;;CAJA CHICA - PAPA YUNGAY;KILOGRAMO;1;KILOGRAMO;KILOGRAMO x 1 KG;1;1;1
ING02203;PAPAS AL HILO;KG;ABARROTES;PRD01158;;PAPAS AL HILO 4 ESTACIONES 500 GR;BOLSA;0.5;BOLSA;BOLSA x 0.5 KG;1;1;1
ING02204;PAPAS AL HILO BELLS 150 GR;UND;ABARROTES;PRD03764;;CAJA CHICA - PAPAS AL HILO BELLS 150 GR;BOLSA;1;BOLSA;BOLSA x 1 UND;1;1;1
ING02205;PAPAS AL HILO TOTTUS X 150 GR;UND;ABARROTES;PRD03754;;CAJA CHICA - PAPAS AL HILO TOTTUS X 150 GR;UNIDAD;1;UNIDAD;UNIDAD x 1 UND;1;1;1
ING02206;PAPAS AL HILO X 500 GR;UND;ABARROTES;PRD04017;;CAJA CHICA - PAPAS AL HILO X 500 GR;GRAMO;1;GRAMO;GRAMO x 1 UND;1;1;1
ING02207;PAPAS ARTESANALES CRUJIENTES CEBOLLA CARAMELIZA;UND;ABARROTES;PRD01650;;CAJA CHICA - PAPAS ARTESANALES CRUJIENTES CEBOLLA CARAMELIZA;BOLSA;1;BOLSA;BOLSA x 1 UND;1;1;1
ING02208;PAPAS ARTESANALES CRUJIENTES JALAPEÑOS INCA CHI;UND;ABARROTES;PRD01652;;CAJA CHICA - PAPAS ARTESANALES CRUJIENTES JALAPEÑOS INCA CHI;BOLSA;1;BOLSA;BOLSA x 1 UND;1;1;1
ING02209;PAPAS ARTESANALES CRUJIENTES NATURALES INCA CHI;UND;ABARROTES;PRD01651;;CAJA CHICA - PAPAS ARTESANALES CRUJIENTES NATURALES INCA CHI;BOLSA;1;BOLSA;BOLSA x 1 UND;1;1;1
ING02210;PAPAS CRUJIENTES BBQ & CEBOLLA INKA CHIPS 33 GR;UND;ABARROTES;PRD01992;;CAJA CHICA - PAPAS CRUJIENTES BBQ & CEBOLLA INKA CHIPS 33 GR;GRAMO;1;GRAMO;GRAMO x 1 UND;1;1;1
ING02211;PAPAS CRUJIENTES JALAPEÑO INCA CHIPS 33 GR;UND;ABARROTES;PRD01993;;CAJA CHICA - PAPAS CRUJIENTES JALAPEÑO INCA CHIPS 33 GR;GRAMO;1;GRAMO;GRAMO x 1 UND;1;1;1
ING02212;PAPAS CRUJIENTES SAL DE MAR INCA CHIPS 33 GR;UND;ABARROTES;PRD01994;;CAJA CHICA - PAPAS CRUJIENTES SAL DE MAR INCA CHIPS 33 GR;GRAMO;1;GRAMO;GRAMO x 1 UND;1;1;1
ING02213;PAPAS FRITAS BEMBOS INCA CHIP 30 GR;UND;ABARROTES;PRD01995;;CAJA CHICA - PAPAS FRITAS BEMBOS INCA CHIP 30 GR;GRAMO;1;GRAMO;GRAMO x 1 UND;1;1;1
ING02214;PAPAS LAYS 16 GR;UND;ABARROTES;PRD03696;;CAJA CHICA - PAPAS LAYS 16 GR;UNIDAD;1;UNIDAD;UNIDAD x 1 UND;1;1;1
ING02215;PAPAS LAYS 185 GR;UND;ABARROTES;PRD00288;;PAPAS ONDAS LAYS 150 GR;BOLSA;1;BOLSA;BOLSA x 1 UND;1;1;1
ING02216;PAPAS LAYS 280 GR;UND;ABARROTES;PRD00317;;PAPAS LAYS 240 GR;BOLSA;1;BOLSA;BOLSA x 1 UND;1;1;1
ING02217;PAPAS LAYS 32 G;UND;ABARROTES;PRD01149;;PAPAS LAYS 32 GR;BOLSA;1;BOLSA;BOLSA x 1 UND;1;1;1
ING02218;PAPAS LAYS 36 G;UND;ABARROTES;PRD01178;;PAPAS LAYS 36 GR;BOLSA;1;BOLSA;BOLSA x 1 UND;1;1;1
ING02219;PAPAS LAYS 38 GR;UND;ABARROTES;PRD01110;;PAPAS LAYS 38 GR;BOLSA;1;BOLSA;BOLSA x 1 UND;1;1;1
ING02220;PAPAS LAYS 40 GR;UND;ABARROTES;PRD01185;;PAPAS LAYS 40/32 GR;BOLSA;1;BOLSA;BOLSA x 1 UND;1;1;1
ING02221;PAPAS LAYS NATURAL 34 GR;UND;ABARROTES;PRD01115;;PAPAS LAYS NATURAL 34 GR;BOLSA;1;BOLSA;BOLSA x 1 UND;1;1;1
ING02221;PAPAS LAYS NATURAL 34 GR;UND;ABARROTES;PRD01121;;PAPAS LAYS NATURAL UND 34 GR;BOLSA;1;BOLSA;BOLSA x 1 UND;1;1;1
ING02222;PAPAS NATIVAS GO TOTO 50 GR;UND;ABARROTES;PRD01996;;CAJA CHICA - PAPAS NATIVAS GO TOTO 50 GR;GRAMO;1;GRAMO;GRAMO x 1 UND;1;1;1
ING02223;PAPAS ONDAS;UND;ABARROTES;PRD01141;;PAPAS ONDAS LAYS 130 GR;BOLSA;1;BOLSA;BOLSA x 1 UND;1;1;1
ING02224;PAPAS ONDAS LAYS 140 GR;UND;ABARROTES;PRD01113;;PAPAS ONDAS LAYS 140 GR;BOLSA;1;BOLSA;BOLSA x 1 UND;1;1;1
ING02225;PAPAS ONDAS LAYS 37 GR;UND;;PRD01142;;PAPAS ONDAS LAYS 37 GR;BOLSA;1;BOLSA;BOLSA x 1 UND;1;1;1
ING02226;PAPAS ONDAS MAYONESA LAYS 105 GR;UND;ABARROTES;PRD01131;;PAPAS ONDAS MAYONESA LAYS 105 GR;BOLSA;1;BOLSA;BOLSA x 1 UND;1;1;1
ING02227;PAPAS ONDAS MAYONESA LAYS 34 GR;UND;ABARROTES;PRD01133;;PAPAS ONDAS MAYONESA LAYS 34 GR;BOLSA;1;BOLSA;BOLSA x 1 UND;1;1;1
ING02228;PAPAS ONDAS MAYONESA LAYS 35 GR;UND;ABARROTES;PRD01130;;PAPAS ONDAS MAYONESA LAYS 35 GR;BOLSA;1;BOLSA;BOLSA x 1 UND;1;1;1
ING02229;PAPAS ONDAS PICANTE LAYS 105 GR;UND;ABARROTES;PRD01119;;PAPAS ONDAS PICANTE LAYS 105 GR;BOLSA;1;BOLSA;BOLSA x 1 UND;1;1;1
ING02230;PAPAS ONDAS PICANTE LAYS 150 GR;UND;ABARROTES;PRD01186;;PAPAS ONDAS PICANTE LAYS 140 GR;BOLSA;1;BOLSA;BOLSA x 1 UND;1;1;1
ING02231;PAPAS ONDAS PICANTE LAYS 35 GR;UND;ABARROTES;PRD01120;;PAPAS ONDAS PICANTE LAYS 35 GR;BOLSA;1;BOLSA;BOLSA x 1 UND;1;1;1
ING02232;PAPAS PICANTE CARTER 36 G;UND;ABARROTES;PRD01173;;PAPAS PICANTES CARTER 36 GRM;BOLSA;1;BOLSA;BOLSA x 1 UND;1;1;1
ING02233;PAPAYA ENTERO;KG;FFVV;PRD00565;;PAPAYA;KILOGRAMO;1;KILOGRAMO;KILOGRAMO x 1 KG;1;1;1
ING02233;PAPAYA ENTERO;KG;FFVV;PRD02057;;PAPAYA (L);KILOGRAMO;1;KILOGRAMO;KILOGRAMO x 1 KG;1;1;1
ING02233;PAPAYA ENTERO;KG;FFVV;PRD02714;;CAJA CHICA - PAPAYA;KILOGRAMO;1;KILOGRAMO;KILOGRAMO x 1 KG;1;1;1
ING02233;PAPAYA ENTERO;KG;FFVV;PRD02977;;CAJA CHICA - PAPAYA REGIONAL;KILOGRAMO;1;KILOGRAMO;KILOGRAMO x 1 KG;1;1;1
ING02234;PAPAYA PULPA CONGELADO;KG;CONGELADOS;PRD00584;;PULPA DE PAPAYA CONGELADO;KILOGRAMO;1;KILOGRAMO;KILOGRAMO x 1 KG;1;1;1
ING02234;PAPAYA PULPA CONGELADO;KG;CONGELADOS;PRD01870;;PULPA DE PAPAYA - FIFU;KILOGRAMO;1;KILOGRAMO;KILOGRAMO x 1 KG;1;1;1
ING02235;PAPEL ALUMINIO 12 X 304 MT;UND;DESCARTABLES;PRD01302;;PAPEL DE ALUMINIO UTIL 12 X 300 MT;CAJA;1;CAJA;CAJA x 1 UND;1;1;1
ING02236;PAPEL ALUMINIO 18 X 37.5 CM;UND;ABARROTES;PRD00403;;PAPEL DE ALUMINIUM HY TOP 18 X 37.5;CAJA;1;CAJA;CAJA x 1 UND;1;1;1
ING02237;PAPEL ALUMINIO ALUNASA 12 X 1000;UND;ABARROTES;PRD02978;;CAJA CHICA - PAPEL ALUMINIO ALUNASA 12 X 1000;ROLLO;1;ROLLO;ROLLO x 1 UND;1;1;1
ING02238;PAPEL ALUMINIO ALUNASA 18 X 1000;UND;ABARROTES;PRD02979;;CAJA CHICA - PAPEL ALUMINIO ALUNASA 18 X 1000;ROLLO;1;ROLLO;ROLLO x 1 UND;1;1;1
ING02239;PAPEL ANTIGRASA 25X35 CM CON DISEÑO 1 COLOR;UND;DESCARTABLES;PRD02608;;PAPEL ANTIGRASA 25X35CM CON DISEÑO 1 COLOR X MILLAR;PAQUETE;1000;PAQUETE;PAQUETE x 1000 UND;1;1;1
ING02240;PAPEL DE ALUMINIUM HY TOP 18X37.5;UND;LIMPIEZA;PRD02661;;CAJA CHICA - PAPEL DE ALUMINIUM HY TOP 18X37.5;CAJA;1;CAJA;CAJA x 1 UND;1;1;1
ING02241;PAPEL GRASA;UND;DESCARTABLES;PRD01688;;PAPEL GRASA CHECO;PAQUETE;1;PAQUETE;PAQUETE x 1 UND;1;1;1
ING02242;PAPEL HGIENICO SUAVE DOBLE HOJA (QUELLAVECO);UND;;PRD01320;;PAPEL HIGIENICO SUAVE DOBLE HOJA (LCL);UNIDAD;1;UNIDAD;UNIDAD x 1 UND;1;1;1
ING02243;PAPEL HIGENICO YUMBO KIMBERLY CLARK;UND;ABARROTES;PRD03087;;CAJA CHICA - PAPEL HIGENICO YUMBO KIMBERLY CLARK;UNIDAD;1;UNIDAD;UNIDAD x 1 UND;1;1;1
ING02244;PAPEL HIGIENICO BLANCO JUMBO 550 MT;UND;LIMPIEZA;PRD01299;;PAPEL HIGIENICO JUMBO BLANCO SCOTT 550 MT;ROLLO;1;ROLLO;ROLLO x 1 UND;1;1;1
ING02245;PAPEL HIGIENICO DOBLE HOJA SUAVE RESISTEMAX 15 MT;UND;LIMPIEZA;PRD01310;;PAPEL HIGIENICO DOBLE HOJA SUAVE RESISTEMAX 15 MT (30242657);ROLLO;1;ROLLO;ROLLO x 1 UND;1;1;1
ING02246;PAPEL HIGIENICO GOFRADO SCOTT 15 MT;UND;LIMPIEZA;PRD01473;;PAPEL HIGIENICO GOFRADO SCOTT 15 MT ( 30206615);ROLLO;1;ROLLO;ROLLO x 1 UND;1;1;1
ING02247;PAPEL HIGIENICO JUMBO BLANCO SCOTT 550 MT(30228044;UND;LIMPIEZA;PRD01317;;PAPEL HIGIENICO JUMBO BLANCO SCOTT 550 MT (30228044);ROLLO;1;ROLLO;ROLLO x 1 UND;1;1;1
ING02248;PAPEL HIGIENICO JUMBO BLANCO SUAVE 550 MT;UND;ABARROTES;PRD03307;;CAJA CHICA - PAPEL HIGIENICO JUMBO BLANCO SUAVE 550 MT;ROLLO;1;ROLLO;ROLLO x 1 UND;1;1;1
ING02249;PAPEL HIGIENICO JUMBO BLANCO SUAVE 550 MT(30219852;UND;LIMPIEZA;PRD01315;;PAPEL HIGIENICO JUMBO BLANCO SUAVE 550 MT (30219852);ROLLO;1;ROLLO;ROLLO x 1 UND;1;1;1
ING02249;PAPEL HIGIENICO JUMBO BLANCO SUAVE 550 MT(30219852;UND;LIMPIEZA;PRD01316;;PAPEL HIGIENICO JUMBO BLANCO SUAVE 550 MT (30223592);ROLLO;1;ROLLO;ROLLO x 1 UND;1;1;1
ING02250;PAPEL HIGIENICO SCOTT;UND;DESCARTABLES;PRD03088;;CAJA CHICA - PAPEL HIGIENICO SCOTT;UNIDAD;1;UNIDAD;UNIDAD x 1 UND;1;1;1
ING02251;PAPEL HIGIENICO SUAVE 15.96 MTS;UND;LIMPIEZA;PRD01308;;PAPEL HIGIENICO SUAVE 15.96 MTS (30241893);ROLLO;1;ROLLO;ROLLO x 1 UND;1;1;1
ING02252;PAPEL HIGIENICO SUAVE 16 MTS;UND;LIMPIEZA;PRD01318;;PAPEL HIGIÉNICO SUAVE 16MTS (30229579);ROLLO;1;ROLLO;ROLLO x 1 UND;1;1;1
ING02253;PAPEL HIGIENICO SUAVE DOBLE HOJA;UND;LIMPIEZA;PRD01319;;PAPEL HIGIENICO SUAVE DOBLE HOJA;UNIDAD;1;UNIDAD;UNIDAD x 1 UND;1;1;1
ING02254;PAPEL HIGIENICO VERDE 16 MT X 20 ROLLOS;UND;DESCARTABLES;PRD01309;;PAPEL HIGIENICO VERDE 16 MT X 20 ROLLOS;PAQUETE;1;PAQUETE;PAQUETE x 1 UND;1;1;1
ING02255;PAPEL MANTECA;UND;DESCARTABLES;PRD01300;;PAPEL MANTECA RESMA PAQ 450 HOJAS;PAQUETE;450;PAQUETE;PAQUETE x 450 UND;1;1;1
ING02255;PAPEL MANTECA;UND;DESCARTABLES;PRD01301;;PAPEL MANTECA ROLLO;ROLLO;1;ROLLO;ROLLO x 1 UND;1;1;1
ING02256;PAPEL MANTECA RESMA 450 UND;UND;DESCARTABLES;PRD03340;;CAJA CHICA - PAPEL MANTECA RESMA 450 UND;PAQUETE;1;PAQUETE;PAQUETE x 1 UND;1;1;1
ING02257;PAPEL PARAFINADO 24 X 25 35 GR (1 COLOR);UND;;PRD01333;;PAPEL PARAFINADO 24 X 25 35 GR (1 COLOR) MILLAR;PAQUETE;1000;PAQUETE;PAQUETE x 1000 UND;1;1;1
ING02258;PAPEL PARAFINADO 29 X 33 GR (1 COLOR);UND;;PRD01334;;PAPEL PARAFINADO 29 X 33 30 GR (1 COLOR) MILLAR;PAQUETE;1000;PAQUETE;PAQUETE x 1000 UND;1;1;1
ING02259;PAPEL POLIGRASA 50 X 70;UND;DESCARTABLES;PRD00402;;BOLSAS PAPEL POLIGRASA 50 X 70;PAQUETE;1;PAQUETE;PAQUETE x 1 UND;1;1;1
ING02260;PAPEL T. INTERF AIRFLEX BLANCO SCOTT 150 HOJ 28 GR;UND;DESCARTABLES;PRD01327;;PAPEL TOALLA INTERFOLIADO AIRFLEX BLANCO SCOTT ESSENT 150 HOJAS 28 GR (30228392);UNIDAD;150;UNIDAD;UNIDAD x 150 UND;1;1;1
ING02261;PAPEL TERMICO MONOGLUCIDO UND;UND;DESCARTABLES;PRD02809;;CAJA CHICA - PAPEL TERMICO MONOGLUCIDO UND;UNIDAD;1;UNIDAD;UNIDAD x 1 UND;1;1;1
ING02262;PAPEL TEST QUAT 1 X 1;UND;;PRD01457;;PAPEL TEST QUAT 1 X 1;UNIDAD;1;UNIDAD;UNIDAD x 1 UND;1;1;1
ING02263;PAPEL TOALLA AIRFLEX BLANCO BASIC SCOTT 200 MT (30;UND;;PRD01325;;PAPEL TOALLA AIRFLEX BLANCO BASIC SCOTT 200 MT (30242645 - 30228197);UNIDAD;1;UNIDAD;UNIDAD x 1 UND;1;1;1
ING02264;PAPEL TOALLA AIRFLEX BLANCO SCOTT 200 MT (30224771;UND;;PRD01324;;PAPEL TOALLA AIRFLEX BLANCO SCOTT 200 MT (30224771);UNIDAD;1;UNIDAD;UNIDAD x 1 UND;1;1;1
ING02265;PAPEL TOALLA AIRFLEX SCOTT 2P 24 X 150UND;UND;DESCARTABLES;PRD02862;;CAJA CHICA - PAPEL TOALLA AIRFLEX SCOTT 2P 24 X 150UND;UNIDAD;1;UNIDAD;UNIDAD x 1 UND;1;1;1
ING02266;PAPEL TOALLA INTERFOLIADO BLANCO;UND;ABARROTES;PRD04096;;CAJA CHICA - PAPEL TOALLA INTERFOLIADO BLANCO;PAQUETE;1;PAQUETE;PAQUETE x 1 UND;1;1;1
ING02267;PAPEL TOALLA INTERFOLIADO BLANCO ELITE 200 HOJAS;UND;LIMPIEZA;PRD01322;;PAPEL TOALLA INTERFOLIADO BLANCO ELITE 200 HOJAS;PAQUETE;1;PAQUETE;PAQUETE x 1 UND;1;1;1
ING02268;PAPEL TOALLA INTERFOLIADO BLANCO SCOTT 175 HOJAS;UND;LIMPIEZA;PRD00412;;PAPEL TOALLA INTERFOLIADO BLANCO SCOTT 175 HOJAS;UNIDAD;1;UNIDAD;UNIDAD x 1 UND;1;1;1
ING02269;PAPEL TOALLA INTERFOLIADO ECOLOGICO MARRON;UND;ABARROTES;PRD04097;;CAJA CHICA - PAPEL TOALLA INTERFOLIADO ECOLOGICO MARRON;PAQUETE;1;PAQUETE;PAQUETE x 1 UND;1;1;1
ING02270;PAPEL TOALLA JUMBO KIMBERLY CLARK;UND;ABARROTES;PRD03089;;CAJA CHICA - PAPEL TOALLA JUMBO KIMBERLY CLARK;UNIDAD;1;UNIDAD;UNIDAD x 1 UND;1;1;1
ING02271;PAPEL TOALLA KCP SCOTT RLL 2P 6X2X100H;UND;LIMPIEZA;PRD01328;;PAPEL TOALLA KCP SCOTT RLL 2P 6X2 X100H (30240559);PAQUETE;1;PAQUETE;PAQUETE x 1 UND;1;1;1
ING02272;PAPEL TOALLA KCP WIPERS SCOTT 60 HOJAS 3 ROLL;UND;LIMPIEZA;PRD01326;;PAPEL TOALLA KCP WIPERS SCOTT 60 HOJAS 3 ROLL (30228620);PAQUETE;1;PAQUETE;PAQUETE x 1 UND;1;1;1
ING02273;PAPEL TOALLA NATURAL JUMBO SCOTT 200 MT;UND;DESCARTABLES;PRD03480;;CAJA CHICA - PAPEL TOALLA NATURAL JUMBO SCOTT 200 MT;ROLLO;1;ROLLO;ROLLO x 1 UND;1;1;1
ING02274;PAPEL TOALLA NATURAL JUMBO SCOTT 200 MT (30203351);UND;DESCARTABLES;PRD01323;;PAPEL TOALLA NATURAL JUMBO SCOTT 200 MT (30203351);UNIDAD;1;UNIDAD;UNIDAD x 1 UND;1;1;1
ING02275;PAPEL TOALLA PRE CORTADO SCOTT COCINA 3 ROLLO;UND;DESCARTABLES;PRD02856;;CAJA CHICA - PAPEL TOALLA PRE CORTADO SCOTT COCINA 3 ROLLO;UNIDAD;1;UNIDAD;UNIDAD x 1 UND;1;1;1
ING02276;PAPEL TOALLA SCOTT ABSORB X 4 UND;UND;LIMPIEZA;PRD01321;;PAPEL TOALLA SCOTT ABSORB X 4 UND;PAQUETE;4;PAQUETE;PAQUETE x 4 UND;1;1;1
ING02277;PAPITAS LAYS FRITO LAY 170 GR;UND;ABARROTES;PRD03525;;CAJA CHICA - PAPITAS LAYS FRITO LAY 170 GR;UNIDAD;1;UNIDAD;UNIDAD x 1 UND;1;1;1
ING02278;PAPITAS LAYS FRITO LAY 18 GR;UND;ABARROTES;PRD03322;;CAJA CHICA - PAPITAS LAYS FRITO LAY 18 GR;UNIDAD;1;UNIDAD;UNIDAD x 1 UND;1;1;1
ING02279;PAPITAS LAYS FRITO LAY 40 GR;UND;ABARROTES;PRD03339;;CAJA CHICA - PAPITAS LAYS FRITO LAY 40 GR;UNIDAD;1;UNIDAD;UNIDAD x 1 UND;1;1;1
ING02280;PAPRIKA;KG;ABARROTES;PRD00413;;PAPRIKA BELEN 1 KG;BOLSA;1;BOLSA;BOLSA x 1 KG;1;1;1
ING02280;PAPRIKA;KG;ABARROTES;PRD00840;;PAPRIKA TOÑA 500 GR;BOLSA;0.5;BOLSA;BOLSA x 0.5 KG;1;1;1
ING02280;PAPRIKA;KG;ABARROTES;PRD00858;;PAPRIKA BELEN 500GR;BOLSA;0.5;BOLSA;BOLSA x 0.5 KG;1;1;1
ING02280;PAPRIKA;KG;ABARROTES;PRD00881;;PAPRIKA 4 ESTACIONES 1 KG;BOLSA;1;BOLSA;BOLSA x 1 KG;1;1;1
ING02280;PAPRIKA;KG;ABARROTES;PRD00882;;PAPRIKA 4 ESTACIONES 500 GR;BOLSA;0.5;BOLSA;BOLSA x 0.5 KG;1;1;1
ING02280;PAPRIKA;KG;ABARROTES;PRD00895;;PAPRIKA BADIA 453.6 GRM ( 16 OZ);FRASCO;0.4536;FRASCO;FRASCO x 0.4536 KG;1;1;1
ING02281;PARIHUELA DE MADERA EAN 1.00 X 1.20 MT;UND;ABARROTES;PRD02028;;PARIHUELA DE MADERA EAN 1.00 X 1.20 MT;UNIDAD;1;UNIDAD;UNIDAD x 1 UND;1;1;1
ING02282;PARIHUELA DE MADERA EAN 1.00 X 1.20MT - PREMIUM;UND;;PRD02698;;PARIHUELA DE MADERA EAN 1.00 X 1.20MT - PREMIUM;UNIDAD;1;UNIDAD;UNIDAD x 1 UND;1;1;1
ING02283;PASA RUBIA 180 GR;UND;ABARROTES;PRD03229;;CAJA CHICA - PASA RUBIA 180 GR;UNIDAD;1;UNIDAD;UNIDAD x 1 UND;1;1;1
ING02284;PASAS MORENAS VALLE ALTO 100 / 90 GR;KG;;PRD01117;;PASAS MORENAS VALLE ALTO 100 / 90 GR;BOLSA;0.09;BOLSA;BOLSA x 0.09 KG;1;1;1
ING02285;PASAS MORENAS VALLEALTO 100 GR;UND;ABARROTES;PRD03145;;CAJA CHICA - PASAS MORENAS VALLEALTO 100 GR;UNIDAD;1;UNIDAD;UNIDAD x 1 UND;1;1;1
ING02286;PASAS NEGRAS SECAS;KG;ABARROTES;PRD00414;;PASAS SECAS NEGRAS SAN JUAN MASIAS 1 KG;BOLSA;1;BOLSA;BOLSA x 1 KG;1;1;1
ING02286;PASAS NEGRAS SECAS;KG;ABARROTES;PRD02213;;PASAS SECAS NEGRAS GARDEN 4 ESTACIONES 1 KG;BOLSA;1;BOLSA;BOLSA x 1 KG;1;1;1
ING02286;PASAS NEGRAS SECAS;KG;ABARROTES;PRD02221;;PASAS SECAS NEGRAS 4 ESTACIONES 1 KG;BOLSA;1;BOLSA;BOLSA x 1 KG;1;1;1
ING02287;PASAS RUBIAS;KG;ABARROTES;PRD03114;;CAJA CHICA - PASAS RUBIAS;KILOGRAMO;1;KILOGRAMO;KILOGRAMO x 1 KG;1;1;1
ING02288;PASAS RUBIAS SECAS;KG;ABARROTES;PRD01192;;PASAS SECAS RUBIAS 4 ESTACIONES 1 KG;BOLSA;1;BOLSA;BOLSA x 1 KG;1;1;1
ING02289;PASAS SECAS NEGRAS GARDEN 4 ESTACIONES 1 KG - CAJA;KG;;PRD02214;;PASAS SECAS NEGRAS GARDEN 4 ESTACIONES 1 KG - CAJA;BOLSA;1;BOLSA;BOLSA x 1 KG;1;1;1
ING02290;PASAS SECAS RUBIAS 4 ESTACIONES 1 KG - CAJA;KG;;PRD02217;;PASAS SECAS RUBIAS 4 ESTACIONES 1 KG - CAJA;BOLSA;1;BOLSA;BOLSA x 1 KG;1;1;1
ING02291;PASAS SECAS TOÑA;KG;ABARROTES;PRD03090;;CAJA CHICA - PASAS SECAS TOÑA;KILOGRAMO;1;KILOGRAMO;KILOGRAMO x 1 KG;1;1;1
ING02292;PAST PLUMRAY MOLITALIA;UND;ABARROTES;PRD03641;;CAJA CHICA - PAST PLUMRAY MOLITALIA;UNIDAD;1;UNIDAD;UNIDAD x 1 UND;1;1;1
ING02293;PASTA DE AJI AMARILLO;KG;ABARROTES;PRD00642;;PASTA DE AJI AMARILLO EMIC 1 KG;BOLSA;1;BOLSA;BOLSA x 1 KG;1;1;1
ING02294;PASTA DE AJI AMARILLO RAM;KG;ABARROTES;PRD02670;;PASTA DE AJI AMARILLO RAM 1 KG;BOLSA;1;BOLSA;BOLSA x 1 KG;1;1;1
ING02295;PASTA DE AJI PANCA;KG;ABARROTES;PRD00643;;PASTA DE AJI PANCA EMIC 1 KG;BOLSA;1;BOLSA;BOLSA x 1 KG;1;1;1
ING02296;PASTA DE AJI PANCA RAM KG;KG;ABARROTES;PRD01080;;PASTA DE AJI PANCA RAM 1 KG;BOLSA;1;BOLSA;BOLSA x 1 KG;1;1;1
ING02297;PASTA DE AJO;KG;ABARROTES;PRD00591;;PASTA DE AJO CONCENTRADA EMIC 1 KG;BOLSA;1;BOLSA;BOLSA x 1 KG;1;1;1
ING02297;PASTA DE AJO;KG;ABARROTES;PRD00644;;PASTA DE AJO EMIC 1 KG;BOLSA;1;BOLSA;BOLSA x 1 KG;1;1;1
ING02298;PASTA DE AJO RAM;KG;ABARROTES;PRD01081;;PASTA DE AJO RAM 1 KG;BOLSA;1;BOLSA;BOLSA x 1 KG;1;1;1
ING02299;PASTA DE AJONJOLI 405GR;UND;ABARROTES;PRD04126;;CAJA CHICA - PASTA DE AJONJOLI 405GR;GRAMO;1;GRAMO;GRAMO x 1 UND;1;1;1
ING02300;PASTA DE ROCOTO RAM;KG;ABARROTES;PRD00645;;PASTA DE ROCOTO EMIC 1 KG;BOLSA;1;BOLSA;BOLSA x 1 KG;1;1;1
ING02301;PASTA DE TOMATE;KG;ABARROTES;PRD01049;;PASTA DE TOMATE B&D 3.20 KG;LATA;3.2;LATA;LATA x 3.2 KG;1;1;1
ING02301;PASTA DE TOMATE;KG;ABARROTES;PRD01054;;PASTA DE TOMATE EMIC 1 KG;BOLSA;1;BOLSA;BOLSA x 1 KG;1;1;1
ING02301;PASTA DE TOMATE;KG;ABARROTES;PRD01067;;PASTA DE TOMATE MAGGI 1 KG;SACHET;1;SACHET;SACHET x 1 KG;1;1;1
ING02302;PASTA DE TOMATE 245 GR;UND;ABARROTES;PRD02980;;CAJA CHICA - PASTA DE TOMATE 245 GR;SACHET;1;SACHET;SACHET x 1 UND;1;1;1
ING02303;PASTA DE TOMATE 750 GR.;UND;ABARROTES;PRD02831;;CAJA CHICA - PASTA DE TOMATE 750 GR.;UNIDAD;1;UNIDAD;UNIDAD x 1 UND;1;1;1
ING02304;PASTA DE TOMATE MOLITALIA 750 GR;UND;ABARROTES;PRD02821;;CAJA CHICA - PASTA DE TOMATE MOLITALIA 750 GR;UNIDAD;1;UNIDAD;UNIDAD x 1 UND;1;1;1
ING02305;PASTA DE TOMATE X 160 GR;UND;ABARROTES;PRD03147;;CAJA CHICA - PASTA DE TOMATE X 160 GR;SACHET;1;SACHET;SACHET x 1 UND;1;1;1
ING02306;PASTA LASAGÑA;KG;ABARROTES;PRD00027;;LASAGNA MOLITALIA 350 GR;CAJA;0.35;CAJA;CAJA x 0.35 KG;1;1;1
ING02307;PASTA WANTAN CONGELADO;KG;CONGELADOS;PRD01683;;PASTA WANTAN CONGELADA;KILOGRAMO;1;KILOGRAMO;KILOGRAMO x 1 KG;1;1;1
ING02308;PASTA WANTAN KG;KG;ABARROTES;PRD03935;;CAJA CHICA - PASTA WANTAN KG;KILOGRAMO;1;KILOGRAMO;KILOGRAMO x 1 KG;1;1;1
ING02309;PASTILLA DE LAVADO RATIONAL MODELO N°56.00.21;UND;LIMPIEZA;PRD01461;;PASTILLAS DE LAVADO RATIONAL MODELO NO. 56.00.210;BALDE;1;BALDE;BALDE x 1 UND;1;1;1
ING02310;PASTILLAS DESCALSIFICADORAS RATIONAL MODELO N°56.;UND;LIMPIEZA;PRD01459;;PASTILLAS DESCALCIFICADORAS RATIONAL MODELO NO. 56.00.562;BALDE;1;BALDE;BALDE x 1 UND;1;1;1
ING02311;PASTILLAS DESODORANTE PARA BAÑO BLANCO LEONOSOL;UND;ABARROTES;PRD02857;;CAJA CHICA - PASTILLAS DESODORANTE PARA BAÑO BLANCO LEONOSOL;UNIDAD;1;UNIDAD;UNIDAD x 1 UND;1;1;1
ING02312;PASTILLAS DESODORANTE PARA BAÑO DE COLOR LEONOS;UND;ABARROTES;PRD02858;;CAJA CHICA - PASTILLAS DESODORANTE PARA BAÑO DE COLOR LEONOS;UNIDAD;1;UNIDAD;UNIDAD x 1 UND;1;1;1
ING02313;PATO ENTERO;KG;CONGELADOS;PRD02737;;CAJA CHICA - PATO ENTERO;KILOGRAMO;1;KILOGRAMO;KILOGRAMO x 1 KG;1;1;1
ING02314;PATO ENTERO EVIS S/PATAS Y S/CABEZA CONG;KG;CONGELADOS;PRD01228;;PATO ENTERO SIN EXTREMIDADES CONGELADO;KILOGRAMO;1;KILOGRAMO;KILOGRAMO x 1 KG;1;1;1
ING02315;PATO TANQUE SAPOLIO;UND;LIMPIEZA;PRD03737;;CAJA CHICA - PATO TANQUE SAPOLIO;UNIDAD;1;UNIDAD;UNIDAD x 1 UND;1;1;1
ING02316;PAV - PAVO PECHUGA C/HUESO Y C/PIEL CONGELADO;KG;CONGELADOS;PRD01736;;PECHUGA DE PAVO CON HUESO Y CON PIEL CONGELADO;KILOGRAMO;1;KILOGRAMO;KILOGRAMO x 1 KG;1;1;1
ING02317;PAVO CON HUESO CONGELADO KG;KG;CONGELADOS;PRD02845;;CAJA CHICA - PAVO CON HUESO CONGELADO KG;KILOGRAMO;1;KILOGRAMO;KILOGRAMO x 1 KG;1;1;1
ING02318;PAVO ENTERO CON MENUDENCIA CONGELADO;KG;CONGELADOS;PRD01224;;PAVO ENTERO CON MENUDENCIA CONGELADO;KILOGRAMO;1;KILOGRAMO;KILOGRAMO x 1 KG;1;1;1
ING02319;PAVO ENTERO CON MENUDENCIA CONGELADO 10 KG (N);KG;;PRD01734;;PAVO ENTERO CON MENUDENCIA CONGELADO 10 KG (N);KILOGRAMO;1;KILOGRAMO;KILOGRAMO x 1 KG;1;1;1
ING02320;PAVO PECHUGA CON HUESO CONGELADO;KG;CONGELADOS;PRD01217;;PECHUGA DE PAVO CON HUESO CONGELADO;KILOGRAMO;1;KILOGRAMO;KILOGRAMO x 1 KG;1;1;1
ING02321;PAVO PECHUGA ECONOMICA CON HUESO CONGELADO;KG;CONGELADOS;PRD01731;;PECHUGA ECONOMICA DE PAVO CON HUESO CONGELADO;KILOGRAMO;1;KILOGRAMO;KILOGRAMO x 1 KG;1;1;1
ING02322;PAVO PECHUGA GUISO TROZADA 150 GR.;KG;CONGELADOS;PRD02813;;CAJA CHICA - PAVO PECHUGA GUISO TROZADA 150 GR.;KILOGRAMO;1;KILOGRAMO;KILOGRAMO x 1 KG;1;1;1
ING02323;PAÑITOS HUMEDOS;UND;LIMPIEZA;PRD02083;;PAÑITOS HUMEDOS PERFUMADO MILLAR;CAJA;1000;CAJA;CAJA x 1000 UND;1;1;1
ING02324;PAÑO ABSORBENTE MULTIUSO;UND;ABARROTES;PRD04151;;CAJA CHICA - PAÑO ABSORBENTE MULTIUSO;UNIDAD;1;UNIDAD;UNIDAD x 1 UND;1;1;1
ING02325;PAÑO MICROFIBRA;UND;LIMPIEZA;PRD01401;;PAÑO MICROFIBRA AZUL 40 X 40 CM - DARYZA;UNIDAD;1;UNIDAD;UNIDAD x 1 UND;1;1;1
ING02325;PAÑO MICROFIBRA;UND;LIMPIEZA;PRD01403;;PAÑO MICROFIBRA PARA USO GENERAL ROJO RUBBERMAID;UNIDAD;1;UNIDAD;UNIDAD x 1 UND;1;1;1
ING02325;PAÑO MICROFIBRA;UND;LIMPIEZA;PRD01404;;PAÑO MICROFIBRA PARA USO GENERAL VERDE RUBBERMAID;UNIDAD;1;UNIDAD;UNIDAD x 1 UND;1;1;1
ING02325;PAÑO MICROFIBRA;UND;LIMPIEZA;PRD01406;;PAÑO MICROFIBRA AZUL CM 40 X 38 - DARYZA;UNIDAD;1;UNIDAD;UNIDAD x 1 UND;1;1;1
ING02325;PAÑO MICROFIBRA;UND;LIMPIEZA;PRD01407;;PAÑO MICROFIBRA CASTOR AMARILLA 40 X 40 CM;UNIDAD;1;UNIDAD;UNIDAD x 1 UND;1;1;1
ING02326;PAÑO MICROFIBRA AMARILLO CM 40 X 38 - DARYZA;UND;;PRD01405;;PAÑO MICROFIBRA AMARILLO CM 40 X 38 - DARYZA;UNIDAD;1;UNIDAD;UNIDAD x 1 UND;1;1;1
ING02327;PAÑUELOS KLEENEX;UND;ABARROTES;PRD02786;;CAJA CHICA - PAÑUELOS KLEENEX;UNIDAD;1;UNIDAD;UNIDAD x 1 UND;1;1;1
ING02328;PECANA PELADA X 80 GR;UND;ABARROTES;PRD04148;;CAJA CHICA - PECANA PELADA X 80 GR;GRAMO;1;GRAMO;GRAMO x 1 UND;1;1;1
ING02329;PECANA PELADA X 85 GR;UND;ABARROTES;PRD03846;;CAJA CHICA - PECANA PELADA X 85 GR;BOLSA;1;BOLSA;BOLSA x 1 UND;1;1;1
ING02330;PECANAS 250 GR;UND;ABARROTES;PRD01647;;CAJA CHICA - PECANAS 250 GR;GRAMO;1;GRAMO;GRAMO x 1 UND;1;1;1
ING02331;PECANAS A GRANEL;KG;ABARROTES;PRD03181;;CAJA CHICA - PECANAS A GRANEL;KILOGRAMO;1;KILOGRAMO;KILOGRAMO x 1 KG;1;1;1
ING02332;PECANAS PELADAS;KG;ABARROTES;PRD00223;;PECANA TOÑA 1 KG;BOLSA;1;BOLSA;BOLSA x 1 KG;1;1;1
ING02332;PECANAS PELADAS;KG;ABARROTES;PRD00849;;PECANA PARTIDA TOÑA 1 KG;BOLSA;1;BOLSA;BOLSA x 1 KG;1;1;1
ING02332;PECANAS PELADAS;KG;ABARROTES;PRD00883;;PECANA 4 ESTACIONES 1 KG;BOLSA;1;BOLSA;BOLSA x 1 KG;1;1;1
ING02332;PECANAS PELADAS;KG;ABARROTES;PRD01179;;PECANA PELADA RIKOSFOODS 80 GR;BOLSA;0.08;BOLSA;BOLSA x 0.08 KG;1;1;1
ING02333;PECANAS PELADAS (UND);UND;ABARROTES;PRD00846;;PECANA PELADA VALLEALTO X 90 GR;BOLSA;1;BOLSA;BOLSA x 1 UND;1;1;1
ING02333;PECANAS PELADAS (UND);UND;ABARROTES;PRD01151;;PECANA PELADA SANTIS 80 GR;BOLSA;1;BOLSA;BOLSA x 1 UND;1;1;1
ING02333;PECANAS PELADAS (UND);UND;ABARROTES;PRD01183;;PECANA PELADA SANTIS 90 GR;BOLSA;1;BOLSA;BOLSA x 1 UND;1;1;1
ING02334;PECANAS PELADAS X 135 GR;UND;ABARROTES;PRD03782;;CAJA CHICA - PECANAS PELADAS X 135 GR;BOLSA;1;BOLSA;BOLSA x 1 UND;1;1;1
ING02335;PECANAS X 500 GR;UND;ABARROTES;PRD04018;;CAJA CHICA - PECANAS X 500 GR;GRAMO;1;GRAMO;GRAMO x 1 UND;1;1;1
ING02336;PECHUGA DE PAVO SAN FERNANDO X KG;KG;CONGELADOS;PRD03248;;CAJA CHICA - PECHUGA DE PAVO SAN FERNANDO X KG;KILOGRAMO;1;KILOGRAMO;KILOGRAMO x 1 KG;1;1;1
ING02337;PECHUGA DE PAVO SIN HUESO CONGELADO;KG;CONGELADOS;PRD01729;;PECHUGA DE PAVO SAN FERNANDO;KILOGRAMO;1;KILOGRAMO;KILOGRAMO x 1 KG;1;1;1
ING02337;PECHUGA DE PAVO SIN HUESO CONGELADO;KG;CONGELADOS;PRD01730;;PECHUGA DE PAVO DESHUESADA (N);KILOGRAMO;1;KILOGRAMO;KILOGRAMO x 1 KG;1;1;1
ING02337;PECHUGA DE PAVO SIN HUESO CONGELADO;KG;CONGELADOS;PRD01732;;PECHUGA DE PAVO DESHUESADA;KILOGRAMO;1;KILOGRAMO;KILOGRAMO x 1 KG;1;1;1
ING02337;PECHUGA DE PAVO SIN HUESO CONGELADO;KG;CONGELADOS;PRD01733;;PECHUGA DE PAVO DESHUESADA (BL);KILOGRAMO;1;KILOGRAMO;KILOGRAMO x 1 KG;1;1;1
ING02337;PECHUGA DE PAVO SIN HUESO CONGELADO;KG;CONGELADOS;PRD01735;;PECHUGA DE PAVO DESHUESADA (BLOQUE * 10);KILOGRAMO;1;KILOGRAMO;KILOGRAMO x 1 KG;1;1;1
ING02338;PECHUGA DE PAVO SIN HUESO Y CON PIEL CONGELADO;KG;CONGELADOS;PRD01737;;PECHUGA DE PAVO SIN HUESO CON PIEL CONGELADO;KILOGRAMO;1;KILOGRAMO;KILOGRAMO x 1 KG;1;1;1
ING02339;PECHUGA DE POLLO S/HUESO Y PIEL CONGELADO;KG;CONGELADOS;PRD01223;;PECHUGA DE POLLO C/HUESO Y PIEL CONGELADO;KILOGRAMO;1;KILOGRAMO;KILOGRAMO x 1 KG;1;1;1
ING02339;PECHUGA DE POLLO S/HUESO Y PIEL CONGELADO;KG;CONGELADOS;PRD01755;;PECHUGA DE POLLO S/HUESO S/PIEL CONGELADO - IMPORTACION;KILOGRAMO;1;KILOGRAMO;KILOGRAMO x 1 KG;1;1;1
ING02339;PECHUGA DE POLLO S/HUESO Y PIEL CONGELADO;KG;CONGELADOS;PRD01758;;PECHUGA DE POLLO S/HUESO S/PIEL 100 -120 GR CONGELADO - KGM;KILOGRAMO;1;KILOGRAMO;KILOGRAMO x 1 KG;1;1;1
ING02339;PECHUGA DE POLLO S/HUESO Y PIEL CONGELADO;KG;CONGELADOS;PRD01759;;PECHUGA DE POLLO S/HUESO S/PIEL 120-140 GR CONGELADO - KGM;KILOGRAMO;1;KILOGRAMO;KILOGRAMO x 1 KG;1;1;1
ING02339;PECHUGA DE POLLO S/HUESO Y PIEL CONGELADO;KG;CONGELADOS;PRD01764;;PECHUGA DE POLLO EN TROZOS S/H S/P - IMPORTACION;KILOGRAMO;1;KILOGRAMO;KILOGRAMO x 1 KG;1;1;1
ING02339;PECHUGA DE POLLO S/HUESO Y PIEL CONGELADO;KG;CONGELADOS;PRD01774;;PECHUGA DE POLLO S/HUESO S/PIEL CONGELADO - KGM;KILOGRAMO;1;KILOGRAMO;KILOGRAMO x 1 KG;1;1;1
ING02339;PECHUGA DE POLLO S/HUESO Y PIEL CONGELADO;KG;CONGELADOS;PRD01778;;PECHUGA DE POLLO S/HUESO S/PIEL;KILOGRAMO;1;KILOGRAMO;KILOGRAMO x 1 KG;1;1;1
ING02340;PEINE DE BOLSILLO UNIDAD;UND;KIOSKO;PRD01606;;PEINE DE BOLSILLO;UNIDAD;1;UNIDAD;UNIDAD x 1 UND;1;1;1
ING02341;PEJERREY CORTE MARIPOSA S/CABEZA Y C/COLA CONGELAD;KG;ABARROTES;PRD01242;;PEJERREY CORTE MARIPOSA S/CABEZA Y C/COLA CONGELADO;KILOGRAMO;1;KILOGRAMO;KILOGRAMO x 1 KG;1;1;1
ING02342;PEN RIG INT AGNESI;UND;ABARROTES;PRD03645;;CAJA CHICA - PEN RIG INT AGNESI;UNIDAD;1;UNIDAD;UNIDAD x 1 UND;1;1;1
ING02343;PEONIA 48 CMS PV18;UND;ABARROTES;PRD03681;;CAJA CHICA - PEONIA 48 CMS PV18;UNIDAD;1;UNIDAD;UNIDAD x 1 UND;1;1;1
ING02344;PEPINILLO;KG;FFVV;PRD00430;;PEPINILLO;KILOGRAMO;1;KILOGRAMO;KILOGRAMO x 1 KG;1;1;1
ING02344;PEPINILLO;KG;FFVV;PRD02726;;CAJA CHICA - PEPINILLO;KILOGRAMO;1;KILOGRAMO;KILOGRAMO x 1 KG;1;1;1
ING02345;PEPINILLO BB ENCURTIDO X KG;UND;FFVV;PRD03886;;CAJA CHICA - PEPINILLO BB ENCURTIDO X KG;BOLSA;1;BOLSA;BOLSA x 1 UND;1;1;1
ING02346;PEPINILLOS A LA POLACA FRASCO X 670 GR;UND;FFVV;PRD03773;;CAJA CHICA - PEPINILLOS A LA POLACA FRASCO X 670 GR;UNIDAD;1;UNIDAD;UNIDAD x 1 UND;1;1;1
ING02347;PEPINILLOS ENCURTIDOS X KG;UND;FFVV;PRD03885;;CAJA CHICA - PEPINILLOS ENCURTIDOS X KG;BOLSA;1;BOLSA;BOLSA x 1 UND;1;1;1
ING02348;PEPINO MELON;KG;FFVV;PRD02891;;CAJA CHICA - PEPINO MELON REFRIGERADO;KILOGRAMO;1;KILOGRAMO;KILOGRAMO x 1 KG;1;1;1
ING02349;PEPINO REGIONAL;KG;FFVV;PRD02892;;CAJA CHICA - PEPINO REGIONAL;KILOGRAMO;1;KILOGRAMO;KILOGRAMO x 1 KG;1;1;1
ING02350;PEPSI COLA 500 ML;UND;BEBIDAS;PRD01269;;GASEOSA PEPSI 500 ML;BOTELLA;1;BOTELLA;BOTELLA x 1 UND;1;1;1
ING02351;PERA PACKHAM'S;KG;FFVV;PRD04102;;CAJA CHICA - PERA PACKHAM'S;KILOGRAMO;1;KILOGRAMO;KILOGRAMO x 1 KG;1;1;1
ING02352;PERA PACKHAMS;KG;FFVV;PRD00566;;PERA PACKHAMS IMPORTADA;KILOGRAMO;1;KILOGRAMO;KILOGRAMO x 1 KG;1;1;1
ING02353;PEREJIL;KG;FFVV;PRD00431;;PEREJIL;KILOGRAMO;1;KILOGRAMO;KILOGRAMO x 1 KG;1;1;1
ING02354;PERLAS DE AZÚCAR COLOR LILA;KG;ABARROTES;PRD01933;;CAJA CHICA - PERLAS DE AZÚCAR COLOR LILA;KILOGRAMO;1;KILOGRAMO;KILOGRAMO x 1 KG;1;1;1
ING02355;PESCADO DORADO EVISCERADO;KG;CONGELADOS;PRD03601;;CAJA CHICA - PESCADO DORADO EVISCERADO;KILOGRAMO;1;KILOGRAMO;KILOGRAMO x 1 KG;1;1;1
ING02356;PEZ BASAVINA;KG;CONGELADOS;PRD02934;;CAJA CHICA - PEZ BASAVINA;KILOGRAMO;1;KILOGRAMO;KILOGRAMO x 1 KG;1;1;1
ING02357;PEZ CHIARELA FILETE C/PIEL;KG;CONGELADOS;PRD03580;;CAJA CHICA - PEZ CHIARELA FILETE C/PIEL;KILOGRAMO;1;KILOGRAMO;KILOGRAMO x 1 KG;1;1;1
ING02358;PEZ CONGRIO ENTERO EVISCERADO CONG;KG;CONGELADOS;PRD03578;;CAJA CHICA - PEZ CONGRIO ENTERO EVISCERADO CONG;KILOGRAMO;1;KILOGRAMO;KILOGRAMO x 1 KG;1;1;1
ING02359;PEZ CONGRIO ROJO FILETE S/PIEL CONG;KG;CONGELADOS;PRD03579;;CAJA CHICA - PEZ CONGRIO ROJO FILETE S/PIEL CONG;KILOGRAMO;1;KILOGRAMO;KILOGRAMO x 1 KG;1;1;1
ING02360;PEZ ESPADA SIN PIEL CONGELADO;KG;CONGELADOS;PRD03106;;CAJA CHICA - PEZ ESPADA SIN PIEL CONGELADO;KILOGRAMO;1;KILOGRAMO;KILOGRAMO x 1 KG;1;1;1
ING02361;PEZ LIZA FILETE SIN PIEL CONGELADO;KG;CONGELADOS;PRD01743;;FILETE DE LISA SIN PIEL CONGELADA;KILOGRAMO;1;KILOGRAMO;KILOGRAMO x 1 KG;1;1;1
ING02362;PEZ PERICO FILETE CON PIEL CONGELADO;KG;CONGELADOS;PRD01244;;PERICO FILETE CON PIEL CONGELADO;KILOGRAMO;1;KILOGRAMO;KILOGRAMO x 1 KG;1;1;1
ING02363;PEZ PERICO FILETE S/PIEL CONGELADO;KG;CONGELADOS;PRD02893;;CAJA CHICA - PEZ PERICO FILETE S/PIEL CONGELADO;KILOGRAMO;1;KILOGRAMO;KILOGRAMO x 1 KG;1;1;1
ING02364;PEZ PERICO FILETE SIN PIEL CONGELADO;KG;CONGELADOS;PRD01245;;PERICO FILETE SIN PIEL CONGELADO- KGM;KILOGRAMO;1;KILOGRAMO;KILOGRAMO x 1 KG;1;1;1
ING02364;PEZ PERICO FILETE SIN PIEL CONGELADO;KG;CONGELADOS;PRD01738;;TROZOS DE PERICO SIN PIEL 30 - 90 GR CONGELADO;KILOGRAMO;1;KILOGRAMO;KILOGRAMO x 1 KG;1;1;1
ING02365;PEZ REYNETA FILETE SIN PIEL CONGELADO;KG;CONGELADOS;PRD01247;;REYNETA FILETE SIN PIEL CONGELADO;KILOGRAMO;1;KILOGRAMO;KILOGRAMO x 1 KG;1;1;1
ING02366;PEZ TILAPIA SIN PIEL CONGELADO RANGO 250 GR;KG;CONGELADOS;PRD01741;;TILAPIA FILETE SIN PIEL 5/7 RANGO 140 - 200 GR CONGELADO;KILOGRAMO;1;KILOGRAMO;KILOGRAMO x 1 KG;1;1;1
ING02366;PEZ TILAPIA SIN PIEL CONGELADO RANGO 250 GR;KG;CONGELADOS;PRD01745;;TILAPIA FILETE SIN PIEL 5/7 RANGO 140 - 200 GR GRANEL CONGELADO;KILOGRAMO;1;KILOGRAMO;KILOGRAMO x 1 KG;1;1;1
ING02367;PEZ TRUCHA CONGELADA;KG;CONGELADOS;PRD03297;;CAJA CHICA - PEZ TRUCHA CONGELADA;KILOGRAMO;1;KILOGRAMO;KILOGRAMO x 1 KG;1;1;1
ING02368;PEZ TRUCHA EVISCERADA CONGELADO;KG;CONGELADOS;PRD01243;;TRUCHA ENTERA EVISCERADA CONGELADO GRANEL 100 - 400 GR;KILOGRAMO;1;KILOGRAMO;KILOGRAMO x 1 KG;1;1;1
ING02369;PEZ TRUCHA REFRIGERADA;KG;REFRIGERADOS;PRD03424;;CAJA CHICA - PEZ TRUCHA REFRIGERADA;KILOGRAMO;1;KILOGRAMO;KILOGRAMO x 1 KG;1;1;1
ING02370;PEZ TRUCHA S/PIEL CONG;KG;CONGELADOS;PRD03350;;CAJA CHICA - PEZ TRUCHA S/PIEL CONG;KILOGRAMO;1;KILOGRAMO;KILOGRAMO x 1 KG;1;1;1
ING02371;PICADILLO PARA CHAUFA CONGELADO;KG;CONGELADOS;PRD01837;;PICADILLO PARA CHAUFA CONGELADO;KILOGRAMO;1;KILOGRAMO;KILOGRAMO x 1 KG;1;1;1
ING02372;PICAÑA DE RES ANGUS;KG;ABARROTES;PRD03763;;CAJA CHICA - PICAÑA DE RES ANGUS;KILOGRAMO;1;KILOGRAMO;KILOGRAMO x 1 KG;1;1;1
ING02373;PIEDRAS PECO MEDIA;UND;ABARROTES;PRD03679;;CAJA CHICA - PIEDRAS PECO MEDIA;UNIDAD;1;UNIDAD;UNIDAD x 1 UND;1;1;1
ING02374;PIERNA DE CERDO SIN HUESO;KG;CONGELADOS;PRD01218;;PIERNA DE CERDO SIN PIEL Y SIN HUESO CONGELADO;KILOGRAMO;1;KILOGRAMO;KILOGRAMO x 1 KG;1;1;1
ING02374;PIERNA DE CERDO SIN HUESO;KG;CONGELADOS;PRD01696;;PIERNA DE CERDO SIN PIEL Y SIN HUESO CONGELADO (IMPORTACION);KILOGRAMO;1;KILOGRAMO;KILOGRAMO x 1 KG;1;1;1
ING02374;PIERNA DE CERDO SIN HUESO;KG;CONGELADOS;PRD01703;;PIERNA DE CERDO SIN PIEL Y SIN HUESO CONGELADO - REDONDOS;KILOGRAMO;1;KILOGRAMO;KILOGRAMO x 1 KG;1;1;1
ING02374;PIERNA DE CERDO SIN HUESO;KG;CONGELADOS;PRD01712;;PIERNA DE CERDO CON PIEL Y SIN HUESO CONGELADO;KILOGRAMO;1;KILOGRAMO;KILOGRAMO x 1 KG;1;1;1
ING02374;PIERNA DE CERDO SIN HUESO;KG;CONGELADOS;PRD01715;;PIERNA DE CERDO SIN PIEL Y SIN HUESO CONGELADO - FOOD MARKETS;KILOGRAMO;1;KILOGRAMO;KILOGRAMO x 1 KG;1;1;1
ING02374;PIERNA DE CERDO SIN HUESO;KG;CONGELADOS;PRD01719;;PIERNA DE CERDO SIN PIEL Y SIN HUESO CONGELADO (N);KILOGRAMO;1;KILOGRAMO;KILOGRAMO x 1 KG;1;1;1
ING02374;PIERNA DE CERDO SIN HUESO;KG;CONGELADOS;PRD03547;;CAJA CHICA - PIERNA DE CERDO SIN HUESO;KILOGRAMO;1;KILOGRAMO;KILOGRAMO x 1 KG;1;1;1
ING02375;PIERNA DE PAVO DEHUESADO SIN PIEL CONGELADO;KG;ABARROTES;PRD01728;;PIERNA DE PAVO DESHUESADA SIN PIEL CONGELADA;KILOGRAMO;1;KILOGRAMO;KILOGRAMO x 1 KG;1;1;1
ING02376;PILAS ALKALINA AA 2 UND DURACELL;UND;ABARROTES;PRD03468;;CAJA CHICA - PILAS ALKALINA AA 2 UND DURACELL;PAQUETE;1;PAQUETE;PAQUETE x 1 UND;1;1;1
ING02377;PILAS ALKALINA AA 2 UNIDADES;UND;KIOSKO;PRD02069;;PILAS DURACELL AA 2 UND;GRAMO;1;GRAMO;GRAMO x 1 UND;1;1;1
ING02378;PILAS ALKALINA AAA 2 UNIDADES;UND;KIOSKO;PRD02068;;PILAS DURACELL AAA 2 UND;GRAMO;1;GRAMO;GRAMO x 1 UND;1;1;1
ING02379;PILAS DURACELL AAA 2 UND;UND;KIOSKO;PRD03941;;CAJA CHICA - PILAS DURACELL AAA 2 UND;PAR;1;PAR;PAR x 1 UND;1;1;1
ING02380;PILAS DURACELL AAA 4 UND;UND;ABARROTES;PRD02981;;CAJA CHICA - PILAS DURACELL AAA 4 UND;UNIDAD;1;UNIDAD;UNIDAD x 1 UND;1;1;1
ING02381;PIMENTON ROJO;KG;FFVV;PRD03720;;CAJA CHICA - PIMENTON ROJO;KILOGRAMO;1;KILOGRAMO;KILOGRAMO x 1 KG;1;1;1
ING02382;PIMIENTA MIXTAX 35 GR;UND;ABARROTES;PRD03119;;CAJA CHICA - PIMIENTA MIXTAX 35 GR;UNIDAD;1;UNIDAD;UNIDAD x 1 UND;1;1;1
ING02383;PIMIENTA NEGRA ENTERA;KG;ABARROTES;PRD00884;;PIMIENTA NEGRA ENTERA 4 ESTACIONES 1 KG;BOLSA;1;BOLSA;BOLSA x 1 KG;1;1;1
ING02384;PIMIENTA NEGRA ENTERA KG;KG;ABARROTES;PRD03765;;CAJA CHICA - PIMIENTA NEGRA ENTERA KG;KILOGRAMO;1;KILOGRAMO;KILOGRAMO x 1 KG;1;1;1
ING02385;PIMIENTA NEGRA MOLIDA;KG;ABARROTES;PRD00885;;PIMIENTA NEGRA MOLIDA 4 ESTACIONES 1 KG;BOLSA;1;BOLSA;BOLSA x 1 KG;1;1;1
ING02386;PIMIENTA PERSONAL SODEXO (0.5 GR);UND;;PRD00164;;PIMIENTA PERSONAL SODEXO PAQUETE (0.5 GR) 1 MILLAR;PAQUETE;1000;PAQUETE;PAQUETE x 1000 UND;1;1;1
ING02387;PIMIENTA SACHET SODEXO 10 GR;UND;ABARROTES;PRD03592;;CAJA CHICA - PIMIENTA SACHET SODEXO 10 GR;UNIDAD;1;UNIDAD;UNIDAD x 1 UND;1;1;1
ING02388;PIMIENTA SAZÓN X 66 UND;UND;ABARROTES;PRD03617;;CAJA CHICA - PIMIENTA SAZÓN X 66 UND;CAJA;1;CAJA;CAJA x 1 UND;1;1;1
ING02389;PIMIENTO ROJO;KG;FFVV;PRD00432;;PIMIENTO ROJO;KILOGRAMO;1;KILOGRAMO;KILOGRAMO x 1 KG;1;1;1
ING02390;PINZA GRANDE BEIFA C/ENTERO;UND;ABARROTES;PRD04145;;CAJA CHICA - PINZA GRANDE BEIFA C/ENTERO;UNIDAD;1;UNIDAD;UNIDAD x 1 UND;1;1;1
ING02391;PINZA GRANDE ZINGER C/ENTERO;UND;ABARROTES;PRD04144;;CAJA CHICA - PINZA GRANDE ZINGER C/ENTERO;UNIDAD;1;UNIDAD;UNIDAD x 1 UND;1;1;1
ING02392;PIQUEO SNACK 48 GR FRITO LAY;UND;ABARROTES;PRD00331;;PIQUEO SNACK FRITO LAY 48 GR;BOLSA;1;BOLSA;BOLSA x 1 UND;1;1;1
ING02393;PIQUEO SNACK 53 GR FRITO LAY;UND;ABARROTES;PRD03381;;CAJA CHICA - PIQUEO SNACK 53 GR FRITO LAY;UNIDAD;1;UNIDAD;UNIDAD x 1 UND;1;1;1
ING02394;PIQUEO SNACK FRITO LAY 225 G;UND;ABARROTES;PRD01174;;PIQUEO SNACK FRITO LAY 200 GR;BOLSA;1;BOLSA;BOLSA x 1 UND;1;1;1
ING02395;PIQUEO SNACK FRITO LAY 340 GR;UND;ABARROTES;PRD01169;;PIQUEO SNACK FRITO LAY 280 GR;BOLSA;1;BOLSA;BOLSA x 1 UND;1;1;1
ING02396;PIQUEO SNACK FRITO LAY 49 GR;UND;ABARROTES;PRD01170;;PIQUEO SNACK FRITO LAY 45 GR;BOLSA;1;BOLSA;BOLSA x 1 UND;1;1;1
ING02397;PIQUEO SNACK FRITO LAY 52 GR;UND;ABARROTES;PRD01105;;PIQUEO SNACK FRITO LAY 52 GR;BOLSA;1;BOLSA;BOLSA x 1 UND;1;1;1
ING02398;PIQUEO SNACK FRITO LAY 55 GR;UND;ABARROTES;PRD01188;;PIQUEO SNACK FRITO LAY 55 GR;BOLSA;1;BOLSA;BOLSA x 1 UND;1;1;1
ING02399;PIROTIN BLANCO # 1 X 1000 UND;UND;DESCARTABLES;PRD02408;;PIROTINES PARA POSTRE #8 X MILLAR;PAQUETE;1000;PAQUETE;PAQUETE x 1000 UND;1;1;1
ING02399;PIROTIN BLANCO # 1 X 1000 UND;UND;DESCARTABLES;PRD03883;;CAJA CHICA - PIROTIN BLANCO # 1 X 1000 UND;PAQUETE;1;PAQUETE;PAQUETE x 1 UND;1;1;1
ING02400;PISCO BUENA COSECHA QUEBRANTA (1 LT);L;;PRD03893;;CAJA CHICA - PISCO BUENA COSECHA QUEBRANTA (1 LT);BOTELLA;1;BOTELLA;BOTELLA x 1 L;1;1;1
ING02401;PISCO MORO;UND;ABARROTES;PRD03422;;CAJA CHICA - PISCO MORO;BOTELLA;1;BOTELLA;BOTELLA x 1 UND;1;1;1
ING02402;PISCO TABERNERO QUEBRANTA EDICION LTDA X 500 ML;UND;ABARROTES;PRD03607;;CAJA CHICA - PISCO TABERNERO QUEBRANTA EDICION LTDA X 500 ML;UNIDAD;1;UNIDAD;UNIDAD x 1 UND;1;1;1
ING02403;PISCO VARGAS X 750 CC;UND;ABARROTES;PRD03614;;CAJA CHICA - PISCO VARGAS X 750 CC;PAQUETE;1;PAQUETE;PAQUETE x 1 UND;1;1;1
ING02404;PISO P/TORTA CHICA TECNOPOR;UND;ABARROTES;PRD03873;;CAJA CHICA - PISO P/TORTA CHICA TECNOPOR;UNIDAD;1;UNIDAD;UNIDAD x 1 UND;1;1;1
ING02405;PISO P/TORTA GRANDE TECNOPOR;UND;ABARROTES;PRD03872;;CAJA CHICA - PISO P/TORTA GRANDE TECNOPOR;UNIDAD;1;UNIDAD;UNIDAD x 1 UND;1;1;1
ING02406;PISO PARA TORTA TECNOPOR REDONDO 32;UND;ABARROTES;PRD02785;;CAJA CHICA - PISO PARA TORTA TECNOPOR REDONDO 32;UNIDAD;1;UNIDAD;UNIDAD x 1 UND;1;1;1
ING02407;PISTACHO SAL X 80 GR;UND;ABARROTES;PRD04149;;CAJA CHICA - PISTACHO SAL X 80 GR;GRAMO;1;GRAMO;GRAMO x 1 UND;1;1;1
ING02408;PISTACHOS SALADOS 250 GR;UND;ABARROTES;PRD01646;;CAJA CHICA - PISTACHOS SALADOS 250 GR;GRAMO;1;GRAMO;GRAMO x 1 UND;1;1;1
ING02409;PIZZA AMERICANA PERSONAL RETAIL;UND;ABARROTES;PRD02665;;PIZZA AMERICANA PERSONAL RETAIL 110 GRM;UNIDAD;1;UNIDAD;UNIDAD x 1 UND;1;1;1
ING02410;PIZZA ENVOLTINI NAPOLI 135 GR CONGELADA;UND;;PRD01949;;PIZZA ENVOLTINI NAPOLI 135 GR CONGELADA;UNIDAD;1;UNIDAD;UNIDAD x 1 UND;1;1;1
ING02411;PIZZA SALAME PEPPERONI PERSONAL RETAIL;UND;ABARROTES;PRD02667;;PIZZA SALAME (PEPPERONI) PERSONAL RETAIL 110 GRM;UNIDAD;1;UNIDAD;UNIDAD x 1 UND;1;1;1
ING02412;PIZZA TROPICAL HAWAIANA PERSONAL RETAIL;UND;ABARROTES;PRD02666;;PIZZA TROPICAL (HAWAIANA) PERSONAL RETAIL 110 GRM;UNIDAD;1;UNIDAD;UNIDAD x 1 UND;1;1;1
ING02413;PIÑA EN RODAJAS LATA;KG;ABARROTES;PRD00802;;PIÑA EN RODAJAS FANNY 567 GR;LATA;0.567;LATA;LATA x 0.567 KG;1;1;1
ING02413;PIÑA EN RODAJAS LATA;KG;ABARROTES;PRD00818;;PIÑA EN RODAJAS COMPASS 560 GR;LATA;0.56;LATA;LATA x 0.56 KG;1;1;1
ING02414;PIÑA EN RODAJAS X 567 GR;UND;ABARROTES;PRD03167;;CAJA CHICA - PIÑA EN RODAJAS X 567 GR;LATA;1;LATA;LATA x 1 UND;1;1;1
ING02415;PIÑA GOLDEN;KG;ABARROTES;PRD03636;;CAJA CHICA - PIÑA GOLDEN;KILOGRAMO;1;KILOGRAMO;KILOGRAMO x 1 KG;1;1;1
ING02416;PIÑA HAWAINA KG;KG;ABARROTES;PRD02762;;CAJA CHICA - PIÑA HAWAINA KG;KILOGRAMO;1;KILOGRAMO;KILOGRAMO x 1 KG;1;1;1
ING02417;PIÑA PULPA CONGELADO;KG;CONGELADOS;PRD00581;;PULPA DE PIÑA CONGELADO;KILOGRAMO;1;KILOGRAMO;KILOGRAMO x 1 KG;1;1;1
ING02418;PIÑA SELVA;KG;FFVV;PRD00567;;PIÑA;KILOGRAMO;1;KILOGRAMO;KILOGRAMO x 1 KG;1;1;1
ING02418;PIÑA SELVA;KG;FFVV;PRD02056;;PIÑA (L);KILOGRAMO;1;KILOGRAMO;KILOGRAMO x 1 KG;1;1;1
ING02418;PIÑA SELVA;KG;FFVV;PRD02715;;CAJA CHICA - PIÑA SELVA;KILOGRAMO;1;KILOGRAMO;KILOGRAMO x 1 KG;1;1;1
ING02419;PLANCHA DE SERVILLETAS;UND;DESCARTABLES;PRD03937;;CAJA CHICA - PLANCHA DE SERVILLETAS;UNIDAD;1;UNIDAD;UNIDAD x 1 UND;1;1;1
ING02420;PLATANO BELLACO;KG;FFVV;PRD00573;;PLATANO DE FREIR (BELLACO);KILOGRAMO;1;KILOGRAMO;KILOGRAMO x 1 KG;1;1;1
ING02421;PLATANO DE ISLA;UND;FFVV;PRD03629;;CAJA CHICA - PLATANO DE ISLA;UNIDAD;1;UNIDAD;UNIDAD x 1 UND;1;1;1
ING02422;PLATANO DE LA ISLA;KG;FFVV;PRD00460;;PLATANO DE ISLA;KILOGRAMO;1;KILOGRAMO;KILOGRAMO x 1 KG;1;1;1
ING02423;PLATANO DE SEDA;KG;FFVV;PRD03653;;CAJA CHICA -PLATANO DE SEDA;KILOGRAMO;1;KILOGRAMO;KILOGRAMO x 1 KG;1;1;1
ING02424;PLATANO REGIONAL;KG;FFVV;PRD02982;;CAJA CHICA - PLATANO REGIONAL;KILOGRAMO;1;KILOGRAMO;KILOGRAMO x 1 KG;1;1;1
ING02425;PLATANO SEDA REFRIGERADO;KG;FFVV;PRD00568;;PLATANO DE SEDA;KILOGRAMO;1;KILOGRAMO;KILOGRAMO x 1 KG;1;1;1
ING02426;PLATO ENTRADA PLASTICO 15 CM;UND;DESCARTABLES;PRD03511;;CAJA CHICA - PLATO ENTRADA PLASTICO 15 CM;UNIDAD;1;UNIDAD;UNIDAD x 1 UND;1;1;1
ING02427;PLATO HONDO DESCARTABLE 20 CM;UND;DESCARTABLES;PRD02859;;CAJA CHICA - PLATO HONDO DESCARTABLE 20 CM;UNIDAD;1;UNIDAD;UNIDAD x 1 UND;1;1;1
ING02428;PLATO P-Q TECNOPOR X 100 UND;UND;ABARROTES;PRD02983;;CAJA CHICA - PLATO P-Q TECNOPOR X 100 UND;PAQUETE;1;PAQUETE;PAQUETE x 1 UND;1;1;1
ING02429;PLATO SOPERO DE BAGAZO #12;UND;DESCARTABLES;PRD02609;;PLATO SOPERO DE BAGAZO #12 X MILLAR;PAQUETE;1000;PAQUETE;PAQUETE x 1000 UND;1;1;1
ING02430;PLATO TENDIDO DE BAGAZO #15;UND;DESCARTABLES;PRD02610;;PLATO TENDIDO DE BAGAZO #15 X MILLAR;PAQUETE;1000;PAQUETE;PAQUETE x 1000 UND;1;1;1
ING02431;PLATO TENDIDO DE BAGAZO #18;UND;DESCARTABLES;PRD02611;;PLATO TENDIDO DE BAGAZO #18 X MILLAR;PAQUETE;1000;PAQUETE;PAQUETE x 1000 UND;1;1;1
ING02432;PLATO TENDIDO DE BAGAZO #18 X MILLAR (EMER);UND;;PRD02422;;PLATO TENDIDO DE BAGAZO #18 X MILLAR (EMER);PAQUETE;1000;PAQUETE;PAQUETE x 1000 UND;1;1;1
ING02433;PLATO TENDIDO DE BAGAZO #22;UND;DESCARTABLES;PRD02612;;PLATO TENDIDO DE BAGAZO #22 X MILLAR;PAQUETE;1000;PAQUETE;PAQUETE x 1000 UND;1;1;1
ING02434;PLATO TENDIDO NEGRO DESCARTABLE 15.5 CM;UND;DESCARTABLES;PRD02321;;PLATO TENDIDO NEGRO DESCARTABLE MILLAR 15.5 CM;PAQUETE;1000;PAQUETE;PAQUETE x 1000 UND;1;1;1
ING02435;PLATO TENDIDO NEGRO DESCARTABLE 23 CM;UND;DESCARTABLES;PRD02320;;PLATO TENDIDO NEGRO DESCARTABLE MILLAR 23 CM;PAQUETE;1000;PAQUETE;PAQUETE x 1000 UND;1;1;1
ING02436;PLATO TENDIDO PARA ENTRADA DESCARTABLE;UND;DESCARTABLES;PRD02318;;PLATO TENDIDO PARA ENTRADA DESCARTABLE 25 UND;PAQUETE;25;PAQUETE;PAQUETE x 25 UND;1;1;1
ING02437;PLATO TENDIDO PARA POSTRE DESCARTABLE;UND;DESCARTABLES;PRD02316;;PLATO TENDIDO PARA POSTRE DESCARTABLE 25 UND;PAQUETE;25;PAQUETE;PAQUETE x 25 UND;1;1;1
ING02438;PLATO TENDIDO PARA SEGUNDO DESCARTABLE # 20;UND;DESCARTABLES;PRD02319;;PLATO TENDIDO PARA SEGUNDO DESCARTABLE # 20 MILLAR;PAQUETE;1000;PAQUETE;PAQUETE x 1000 UND;1;1;1
ING02439;PLATO TENDIDO PARA SEGUNDO NEGRO DESC 23 CM 450 UN;UND;DESCARTABLES;PRD02317;;PLATO TENDIDO PARA SEGUNDO NEGRO DESCARTABLE 23 CM 500 UND;PAQUETE;450;PAQUETE;PAQUETE x 450 UND;1;1;1
ING02440;PLATO TENDIDO PARA SEGUNDO TECNOPOR # 22;UND;DESCARTABLES;PRD02402;;PLATO TENDIDO PARA SEGUNDO TECNOPOR # 22 MILLAR;PAQUETE;1000;PAQUETE;PAQUETE x 1000 UND;1;1;1
ING02441;PLATO TENDIDO PARA SEGUNDO TECNOPOR #22 200 UND;UND;DESCARTABLES;PRD02401;;PLATO TENDIDO PARA SEGUNDO TECNOPOR # 22 200 UND;PAQUETE;200;PAQUETE;PAQUETE x 200 UND;1;1;1
ING02442;PLATO TENDIDO PP 15;UND;DESCARTABLES;PRD02613;;PLATO TENDIDO PP 15 ALFA X MILLAR;PAQUETE;1000;PAQUETE;PAQUETE x 1000 UND;1;1;1
ING02443;PLATO TENDIDO PP 22;UND;DESCARTABLES;PRD02614;;PLATO TENDIDO PP 22 ALFA X MILLAR;PAQUETE;1000;PAQUETE;PAQUETE x 1000 UND;1;1;1
ING02444;PLATO TENDIDO TECNOPOR 22CM UND;UND;ABARROTES;PRD03022;;CAJA CHICA - PLATO TENDIDO TECNOPOR 22CM UND;UNIDAD;1;UNIDAD;UNIDAD x 1 UND;1;1;1
ING02445;PLATOS DESCARTABLES N° 22 X 100 UND;UND;DESCARTABLES;PRD03188;;CAJA CHICA - PLATOS DESCARTABLES N° 22 X 100 UND;PAQUETE;1;PAQUETE;PAQUETE x 1 UND;1;1;1
ING02446;PLATOS ENTRADA PLASTICO 15 CM;UND;ABARROTES;PRD03467;;CAJA CHICA - PLATOS ENTRADA PLASTICO 15 CM;UNIDAD;1;UNIDAD;UNIDAD x 1 UND;1;1;1
ING02447;POLENTA;KG;ABARROTES;PRD00236;;POLENTA LA CABAÑA 500 GR;BOLSA;0.5;BOLSA;BOLSA x 0.5 KG;1;1;1
ING02447;POLENTA;KG;ABARROTES;PRD00259;;POLENTA INSTANTÁNEA AGNESI 500 GR;BOLSA;0.5;BOLSA;BOLSA x 0.5 KG;1;1;1
ING02448;POLLO ALITAS BRUCHECK;KG;CONGELADOS;PRD02763;;CAJA CHICA - POLLO ALITAS BRUCHECK;KILOGRAMO;1;KILOGRAMO;KILOGRAMO x 1 KG;1;1;1
ING02449;POLLO ENTERO S/ MENUD CONG 1.2 KG;KG;CONGELADOS;PRD03349;;CAJA CHICA - POLLO ENTERO S/ MENUD CONG 1.2 KG;KILOGRAMO;1;KILOGRAMO;KILOGRAMO x 1 KG;1;1;1
ING02450;POLLO ENTERO S/M CONGELADO 1.65-1.70 KG;KG;CONGELADOS;PRD02832;;CAJA CHICA - POLLO ENTERO S/M CONGELADO 1.65-1.70 KG;KILOGRAMO;1;KILOGRAMO;KILOGRAMO x 1 KG;1;1;1
ING02451;POLLO ESPINAZO CONGELADO;KG;CONGELADOS;PRD00937;;ESPINAZO DE POLLO CONGELAD0;KILOGRAMO;1;KILOGRAMO;KILOGRAMO x 1 KG;1;1;1
ING02452;POLLO HAMBURGUESA CONGELADO;KG;CONGELADOS;PRD01213;;HAMBURGUESA DE POLLO CONGELADO;KILOGRAMO;1;KILOGRAMO;KILOGRAMO x 1 KG;1;1;1
ING02452;POLLO HAMBURGUESA CONGELADO;KG;CONGELADOS;PRD01784;;HAMBURGUESA DE POLLO CONGELADO PQT X 14 UNI;BOLSA;0.84;BOLSA;BOLSA x 0.84 KG;1;1;1
ING02453;POLLO MARINADO PARA BRASA 1.2 KG CONGELADO;KG;CONGELADOS;PRD01781;;POLLO MARINADO PARA BRASA RANGO 1.2KG CONGELADO;KILOGRAMO;1;KILOGRAMO;KILOGRAMO x 1 KG;1;1;1
ING02454;POLLO MOLLEJA CONGELADO;KG;CONGELADOS;PRD02433;;MOLLEJA DE POLLO CONGELADO;KILOGRAMO;1;KILOGRAMO;KILOGRAMO x 1 KG;1;1;1
ING02455;POLLO PECHUGA FILETE ECONOMICO GONGELADO;KG;CONGELADOS;PRD03448;;CAJA CHICA - POLLO PECHUGA FILETE ECONOMICO GONGELADO;KILOGRAMO;1;KILOGRAMO;KILOGRAMO x 1 KG;1;1;1
ING02456;POLLO PIERNA CON ENCUENTRO CONGELADO;KG;CONGELADOS;PRD01220;;PIERNA DE POLLO CON ENCUENTRO CONGELADO;KILOGRAMO;1;KILOGRAMO;KILOGRAMO x 1 KG;1;1;1
ING02456;POLLO PIERNA CON ENCUENTRO CONGELADO;KG;CONGELADOS;PRD01753;;PIERNA DE POLLO CONGELADO - BOTELLITAS (BLOQUE);KILOGRAMO;1;KILOGRAMO;KILOGRAMO x 1 KG;1;1;1
ING02456;POLLO PIERNA CON ENCUENTRO CONGELADO;KG;CONGELADOS;PRD01754;;PIERNA DE POLLO CON ENCUENTRO CONGELADO (IMPORTACION BOLSA 3X5);KILOGRAMO;1;KILOGRAMO;KILOGRAMO x 1 KG;1;1;1
ING02456;POLLO PIERNA CON ENCUENTRO CONGELADO;KG;CONGELADOS;PRD01756;;PIERNA DE POLLO CON ENCUENTRO CONGELADO (BLOQUE) IMPORT;KILOGRAMO;1;KILOGRAMO;KILOGRAMO x 1 KG;1;1;1
ING02456;POLLO PIERNA CON ENCUENTRO CONGELADO;KG;CONGELADOS;PRD01757;;PIERNA DE POLLO CON ENCUENTRO CONGELADO (BLOQUE 18 KG) IMPORT;KILOGRAMO;1;KILOGRAMO;KILOGRAMO x 1 KG;1;1;1
ING02456;POLLO PIERNA CON ENCUENTRO CONGELADO;KG;CONGELADOS;PRD01766;;PIERNA DE POLLO CON ENCUENTRO CONGELADO (BOLSA) IMPORT;KILOGRAMO;1;KILOGRAMO;KILOGRAMO x 1 KG;1;1;1
ING02456;POLLO PIERNA CON ENCUENTRO CONGELADO;KG;CONGELADOS;PRD01785;;PIERNA DE POLLO CON ENCUENTRO CONGELADO (BLOQUE);KILOGRAMO;1;KILOGRAMO;KILOGRAMO x 1 KG;1;1;1
ING02456;POLLO PIERNA CON ENCUENTRO CONGELADO;KG;CONGELADOS;PRD01786;;PIERNA DE POLLO CON ENCUENTRO CONGELADO (BOLSA);KILOGRAMO;1;KILOGRAMO;KILOGRAMO x 1 KG;1;1;1
ING02456;POLLO PIERNA CON ENCUENTRO CONGELADO;KG;CONGELADOS;PRD01787;;PIERNA DE POLLO CON ENCUENTRO CONGELADO (BLOQUE * 10);KILOGRAMO;1;KILOGRAMO;KILOGRAMO x 1 KG;1;1;1
ING02457;POLLO PIERNA FILETE CON PIEL CONGELADO;KG;CONGELADOS;PRD01237;;FILETE DE PIERNA DE POLLO C/ PIEL CONGELADO 130-230 GR;KILOGRAMO;1;KILOGRAMO;KILOGRAMO x 1 KG;1;1;1
ING02457;POLLO PIERNA FILETE CON PIEL CONGELADO;KG;CONGELADOS;PRD01749;;FILETE DE PIERNA DE POLLO C/PIEL CONGELADO 100-110 GRS;KILOGRAMO;1;KILOGRAMO;KILOGRAMO x 1 KG;1;1;1
ING02457;POLLO PIERNA FILETE CON PIEL CONGELADO;KG;CONGELADOS;PRD01763;;FILETE DE PIERNA DE POLLO S/H S/P CONGELADO (IMPORTACION);KILOGRAMO;1;KILOGRAMO;KILOGRAMO x 1 KG;1;1;1
ING02458;POLLO PIERNA FILETE S/PIEL CONGELADO;KG;CONGELADOS;PRD03449;;CAJA CHICA - POLLO PIERNA FILETE S/PIEL CONGELADO;KILOGRAMO;1;KILOGRAMO;KILOGRAMO x 1 KG;1;1;1
ING02459;POLLO ROSTIZADO X UND;UND;CONGELADOS;PRD03946;;CAJA CHICA - POLLO ROSTIZADO X UND;UNIDAD;1;UNIDAD;UNIDAD x 1 UND;1;1;1
ING02460;POLLO SIN MENUDENCIA CONGELADO;KG;CONGELADOS;PRD01230;;POLLO SIN MENUDENCIA CONGELADO RANGO 1.75 A 1.85 KG;KILOGRAMO;1;KILOGRAMO;KILOGRAMO x 1 KG;1;1;1
ING02460;POLLO SIN MENUDENCIA CONGELADO;KG;CONGELADOS;PRD01233;;POLLO SIN MENUDENCIA CONGELADO RANGO 2 KG;KILOGRAMO;1;KILOGRAMO;KILOGRAMO x 1 KG;1;1;1
ING02460;POLLO SIN MENUDENCIA CONGELADO;KG;CONGELADOS;PRD01238;;POLLO SIN MENUDENCIA CONGELADO RANGO 1.6 A 1.8 KG;KILOGRAMO;1;KILOGRAMO;KILOGRAMO x 1 KG;1;1;1
ING02460;POLLO SIN MENUDENCIA CONGELADO;KG;CONGELADOS;PRD01750;;POLLO SIN MENUDENCIA TROZADO EN 8 CONGELADO RANGO 1.6 KG;KILOGRAMO;1;KILOGRAMO;KILOGRAMO x 1 KG;1;1;1
ING02460;POLLO SIN MENUDENCIA CONGELADO;KG;CONGELADOS;PRD01761;;POLLO SIN MENUDENCIA CONGELADO RANGO 1.7 A 1.9KG - LAS CAMELIAS;KILOGRAMO;1;KILOGRAMO;KILOGRAMO x 1 KG;1;1;1
ING02460;POLLO SIN MENUDENCIA CONGELADO;KG;CONGELADOS;PRD01768;;POLLO SIN MENUDENCIA CONGELADO RANGO 1.8 KG;KILOGRAMO;1;KILOGRAMO;KILOGRAMO x 1 KG;1;1;1
ING02460;POLLO SIN MENUDENCIA CONGELADO;KG;CONGELADOS;PRD01769;;POLLO SIN MENUDENCIA TROZADO EN 9 CONGELADO RANGO 1.5 KG;KILOGRAMO;1;KILOGRAMO;KILOGRAMO x 1 KG;1;1;1
ING02460;POLLO SIN MENUDENCIA CONGELADO;KG;CONGELADOS;PRD01770;;POLLO SIN MENUDENCIA TROZADO EN 9 CONGELADO RANGO 1.8 KG;KILOGRAMO;1;KILOGRAMO;KILOGRAMO x 1 KG;1;1;1
ING02460;POLLO SIN MENUDENCIA CONGELADO;KG;CONGELADOS;PRD01771;;POLLO SIN MENUDENCIA CONGELADO RANGO 1.8 KG - 2 KG;KILOGRAMO;1;KILOGRAMO;KILOGRAMO x 1 KG;1;1;1
ING02460;POLLO SIN MENUDENCIA CONGELADO;KG;CONGELADOS;PRD01772;;POLLO SIN MENUDENCIA CONGELADO RANGO 1.7 A 1.9 KG;KILOGRAMO;1;KILOGRAMO;KILOGRAMO x 1 KG;1;1;1
ING02460;POLLO SIN MENUDENCIA CONGELADO;KG;CONGELADOS;PRD01775;;POLLO SIN MENUDENCIA CONGELADO RANGO 1.52 KG;KILOGRAMO;1;KILOGRAMO;KILOGRAMO x 1 KG;1;1;1
ING02460;POLLO SIN MENUDENCIA CONGELADO;KG;CONGELADOS;PRD01777;;POLLO SIN MENUDENCIA CONGELADO RANGO 1.68 KG;KILOGRAMO;1;KILOGRAMO;KILOGRAMO x 1 KG;1;1;1
ING02460;POLLO SIN MENUDENCIA CONGELADO;KG;CONGELADOS;PRD01780;;POLLO SIN MENUDENCIA TROZADO EN 8 CONGELADO RANGO 1.5 KG;KILOGRAMO;1;KILOGRAMO;KILOGRAMO x 1 KG;1;1;1
ING02460;POLLO SIN MENUDENCIA CONGELADO;KG;CONGELADOS;PRD01783;;POLLO SIN MENUDENCIA CONGELADO RANGO 1.8 KG - REDONDOS;KILOGRAMO;1;KILOGRAMO;KILOGRAMO x 1 KG;1;1;1
ING02460;POLLO SIN MENUDENCIA CONGELADO;KG;CONGELADOS;PRD02777;;CAJA CHICA - POLLO SIN MENUDENCIA CONGELADO RANGO 1.6 KG;KILOGRAMO;1;KILOGRAMO;KILOGRAMO x 1 KG;1;1;1
ING02460;POLLO SIN MENUDENCIA CONGELADO;KG;CONGELADOS;PRD03906;;CAJA CHICA - POLLO SIN MENUDENCIA X KG;KILOGRAMO;1;KILOGRAMO;KILOGRAMO x 1 KG;1;1;1
ING02461;POLLO SIN MENUDENCIA CONGELADO 1.2 KG;KG;CONGELADOS;PRD01221;;POLLO SIN MENUDENCIA CONGELADO RANGO 1.428 - 1.611 KG (SAN FERNANDO);KILOGRAMO;1;KILOGRAMO;KILOGRAMO x 1 KG;1;1;1
ING02461;POLLO SIN MENUDENCIA CONGELADO 1.2 KG;KG;CONGELADOS;PRD01751;;POLLO SIN MENUDENCIA CONGELADO RANGO 1.2 A 1.4 KG;KILOGRAMO;1;KILOGRAMO;KILOGRAMO x 1 KG;1;1;1
ING02461;POLLO SIN MENUDENCIA CONGELADO 1.2 KG;KG;CONGELADOS;PRD01752;;POLLO SIN MENUDENCIA CONGELADO RANGO 1.1 -1.4 KGS;KILOGRAMO;1;KILOGRAMO;KILOGRAMO x 1 KG;1;1;1
ING02461;POLLO SIN MENUDENCIA CONGELADO 1.2 KG;KG;CONGELADOS;PRD01760;;POLLO SIN MENUDENCIA CONGELADO 1.1 - 1.4 KG - TRES ARROYOS;KILOGRAMO;1;KILOGRAMO;KILOGRAMO x 1 KG;1;1;1
ING02461;POLLO SIN MENUDENCIA CONGELADO 1.2 KG;KG;CONGELADOS;PRD01762;;POLLO SIN MENUDENCIA CONGELADO 1.1 - 1.4 KG - PERDIX;KILOGRAMO;1;KILOGRAMO;KILOGRAMO x 1 KG;1;1;1
ING02461;POLLO SIN MENUDENCIA CONGELADO 1.2 KG;KG;CONGELADOS;PRD01773;;POLLO SIN MENUDENCIA CONGELADO RANGO 1.4KG;KILOGRAMO;1;KILOGRAMO;KILOGRAMO x 1 KG;1;1;1
ING02461;POLLO SIN MENUDENCIA CONGELADO 1.2 KG;KG;CONGELADOS;PRD01776;;POLLO SIN MENUDENCIA CONGELADO RANGO 1.25 KG;KILOGRAMO;1;KILOGRAMO;KILOGRAMO x 1 KG;1;1;1
ING02461;POLLO SIN MENUDENCIA CONGELADO 1.2 KG;KG;CONGELADOS;PRD01779;;POLLO SIN MENUDENCIA CONGELADO RANGO 1.38KG;KILOGRAMO;1;KILOGRAMO;KILOGRAMO x 1 KG;1;1;1
ING02462;POLLO SIN MENUDENCIA CONGELADO RANGO 2.06 A 2.600 KG;KG;;PRD01765;;POLLO SIN MENUDENCIA CONGELADO RANGO 2.06 A 2.600 KG;KILOGRAMO;1;KILOGRAMO;KILOGRAMO x 1 KG;1;1;1
ING02463;POLVO DE HORNEAR;KG;ABARROTES;PRD00200;;POLVO DE HORNEAR LEVAPAN 4 KG;BOLSA;4;BOLSA;BOLSA x 4 KG;1;1;1
ING02463;POLVO DE HORNEAR;KG;ABARROTES;PRD00967;;POLVO DE HORNEAR LESAFFRE INVENTIS 5 KG;BOLSA;5;BOLSA;BOLSA x 5 KG;1;1;1
ING02463;POLVO DE HORNEAR;KG;ABARROTES;PRD00985;;POLVO DE HORNEAR FLEISCHMAN 5 KG (EMER);SOBRE;5;SOBRE;SOBRE x 5 KG;1;1;1
ING02463;POLVO DE HORNEAR;KG;ABARROTES;PRD01025;;POLVO DE HORNEAR FLEICHMANN 1 KG;SOBRE;1;SOBRE;SOBRE x 1 KG;1;1;1
ING02464;POLVO DE HORNEAR 25 GR;UND;ABARROTES;PRD03984;;CAJA CHICA -POLVO DE HORNEAR 25 GR;PAQUETE;1;PAQUETE;PAQUETE x 1 UND;1;1;1
ING02465;POLVO DE HORNEAR ARO X I KG;UND;ABARROTES;PRD03884;;CAJA CHICA - POLVO DE HORNEAR ARO X I KG;BOLSA;1;BOLSA;BOLSA x 1 UND;1;1;1
ING02466;POLVO DE HORNEAR FLEISCHMAN 20 GR;UND;ABARROTES;PRD02984;;CAJA CHICA - POLVO DE HORNEAR FLEISCHMAN 20 GR;SOBRE;1;SOBRE;SOBRE x 1 UND;1;1;1
ING02467;POLVO DE HORNEAR LEVAPAN 4 KG;UND;ABARROTES;PRD03341;;CAJA CHICA - POLVO DE HORNEAR LEVAPAN 4 KG;BOLSA;1;BOLSA;BOLSA x 1 UND;1;1;1
ING02468;POP CORN A GRANEL - MAIZ PERLITA;KG;ABARROTES;PRD03189;;CAJA CHICA - POP CORN A GRANEL - MAIZ PERLITA;KILOGRAMO;1;KILOGRAMO;KILOGRAMO x 1 KG;1;1;1
ING02469;POP CORN ACT II BUTTER 3.2 OZ;UND;ABARROTES;PRD00267;;POP CORN ACT II BUTTER 3.2 OZ;SOBRE;1;SOBRE;SOBRE x 1 UND;1;1;1
ING02470;POP CORN ACT II BUTTER 80 GR;UND;ABARROTES;PRD01181;;POP CORN ACT II BUTTER 80 GR;SOBRE;1;SOBRE;SOBRE x 1 UND;1;1;1
ING02471;POP CORN ACT II NATURAL 3.2 OZ;UND;ABARROTES;PRD00266;;POP CORN ACT II NATURAL 3.2 OZ;SOBRE;1;SOBRE;SOBRE x 1 UND;1;1;1
ING02472;POP CORN ACT II NATURAL 80 GR;UND;ABARROTES;PRD01182;;POP CORN ACT II NATURAL 80 GR;SOBRE;1;SOBRE;SOBRE x 1 UND;1;1;1
ING02473;POP CORN CARAMELO MICROONDAS;UND;ABARROTES;PRD02894;;CAJA CHICA - POP CORN CARAMELO MICROONDAS;UNIDAD;1;UNIDAD;UNIDAD x 1 UND;1;1;1
ING02474;POP CORN MANTEQUILLA MICROONDAS;UND;REFRIGERADOS;PRD02926;;CAJA CHICA - POP CORN MANTEQUILLA MICROONDAS;UNIDAD;1;UNIDAD;UNIDAD x 1 UND;1;1;1
ING02475;POP CORN NATURAL MICROONDAS;UND;ABARROTES;PRD02927;;CAJA CHICA - POP CORN NATURAL MICROONDAS;UNIDAD;1;UNIDAD;UNIDAD x 1 UND;1;1;1
ING02476;PORO;KG;FFVV;PRD00433;;PORO;KILOGRAMO;1;KILOGRAMO;KILOGRAMO x 1 KG;1;1;1
ING02476;PORO;KG;FFVV;PRD02716;;CAJA CHICA - PORO;KILOGRAMO;1;KILOGRAMO;KILOGRAMO x 1 KG;1;1;1
ING02477;PORO FITZ;KG;FFVV;PRD03639;;CAJA CHICA - PORO FITZ;KILOGRAMO;1;KILOGRAMO;KILOGRAMO x 1 KG;1;1;1
ING02478;PORTA FOTOCHECK;UND;ABARROTES;PRD02928;;CAJA CHICA - PORTA FOTOCHECK;UNIDAD;1;UNIDAD;UNIDAD x 1 UND;1;1;1
ING02479;PORTA VASOS CARTON C/LOGO PARA 2 UND (TIPO BANDEJA;UND;;PRD02615;;PORTA VASOS CARTON CON LOGO PARA 2 UND X MILLAR (TIPO BANDEJA);PAQUETE;1000;PAQUETE;PAQUETE x 1000 UND;1;1;1
ING02480;PORTAVASO CARTON (1 COLOR);UND;;PRD02411;;PORTAVASO CARTON (1 COLOR) MILLAR;PAQUETE;1000;PAQUETE;PAQUETE x 1000 UND;1;1;1
ING02481;PORTAVIANDA DESCARTABLE TECNOPOR LT;UND;DESCARTABLES;PRD03543;;CAJA CHICA - PORTAVIANDA DESCARTABLE TECNOPOR LT;UNIDAD;1;UNIDAD;UNIDAD x 1 UND;1;1;1
ING02482;PORTOBELLO;KG;ABARROTES;PRD03254;;CAJA CHICA - PORTOBELLO;KILOGRAMO;1;KILOGRAMO;KILOGRAMO x 1 KG;1;1;1
ING02483;POT & PAN - GARRAFA 5 LITROS -SPARTAN;L;LIMPIEZA;PRD01456;;POT & PAN - GARRAFA 5 LITROS -SPARTAN;UNIDAD;5;UNIDAD;UNIDAD x 5 L;1;1;1
ING02484;POWERADE FRUTILLA 500 ML;UND;BEBIDAS;PRD01311;;BEBIDA REHIDRATANTE FRUTILLA POWERADE 500 ML;BOTELLA;1;BOTELLA;BOTELLA x 1 UND;1;1;1
ING02484;POWERADE FRUTILLA 500 ML;UND;BEBIDAS;PRD01594;;BEBIDA REHIDRATANTE FRUTILLA POWERADE 476ML;BOTELLA;1;BOTELLA;BOTELLA x 1 UND;1;1;1
ING02485;POWERADE MANDARINA 500 ML;UND;BEBIDAS;PRD01312;;BEBIDA REHIDRATANTE MANDARINA POWERADE 500ML;BOTELLA;1;BOTELLA;BOTELLA x 1 UND;1;1;1
ING02485;POWERADE MANDARINA 500 ML;UND;BEBIDAS;PRD01593;;BEBIDA REHIDRATANTE MANDARINA POWERADE 473ML;BOTELLA;1;BOTELLA;BOTELLA x 1 UND;1;1;1
ING02486;POWERADE REHIDRATANTE FRUTAS POWERADE PET 600 ML;UND;BEBIDAS;PRD01587;;BEBIDA REHIDRATANTE FRUTAS POWERADE PET 600 ML;BOTELLA;1;BOTELLA;BOTELLA x 1 UND;1;1;1
ING02487;POWERADE REHIDRATANTE LIMON POWERADE PET 600 ML;UND;BEBIDAS;PRD01588;;BEBIDA REHIDRATANTE LIMON POWERADE PET 600 ML;BOTELLA;1;BOTELLA;BOTELLA x 1 UND;1;1;1
ING02488;POWERADE REHIDRATANTE MORA POWERADE PET 600 ML;UND;BEBIDAS;PRD01589;;BEBIDA REHIDRATANTE MORA POWERADE PET 600 ML;BOTELLA;1;BOTELLA;BOTELLA x 1 UND;1;1;1
ING02489;PRACTIGAS;UND;ABARROTES;PRD03557;;CAJA CHICA - PRACTIGAS;UNIDAD;1;UNIDAD;UNIDAD x 1 UND;1;1;1
ING02490;PRE ELABORADO BASE AMARILLA;KG;ABARROTES;PRD00606;;PRE ELABORADO RAM BASE AMARILLA 1 KG;BOLSA;1;BOLSA;BOLSA x 1 KG;1;1;1
ING02490;PRE ELABORADO BASE AMARILLA;KG;ABARROTES;PRD00635;;PRE ELABORADO EMIC BASE AMARILLA 1 KG;BOLSA;1;BOLSA;BOLSA x 1 KG;1;1;1
ING02490;PRE ELABORADO BASE AMARILLA;KG;ABARROTES;PRD00649;;PRE ELABORADO EMIC BASE AMARILLA S/G 1 KG;BOLSA;1;BOLSA;BOLSA x 1 KG;1;1;1
ING02491;PRE ELABORADO BASE CRIOLLA;KG;ABARROTES;PRD00607;;PRE ELABORADO RAM BASE CRIOLLA 1 KG;BOLSA;1;BOLSA;BOLSA x 1 KG;1;1;1
ING02491;PRE ELABORADO BASE CRIOLLA;KG;ABARROTES;PRD00636;;PRE ELABORADO EMIC BASE CRIOLLA 1 KG;BOLSA;1;BOLSA;BOLSA x 1 KG;1;1;1
ING02491;PRE ELABORADO BASE CRIOLLA;KG;ABARROTES;PRD00650;;PRE ELABORADO EMIC BASE CRIOLLA S/G 1 KG;BOLSA;1;BOLSA;BOLSA x 1 KG;1;1;1
ING02492;PRE ELABORADO BASE DE TOMATE;KG;ABARROTES;PRD00609;;PRE ELABORADO RAM BASE TOMATE 1 KG;BOLSA;1;BOLSA;BOLSA x 1 KG;1;1;1
ING02492;PRE ELABORADO BASE DE TOMATE;KG;ABARROTES;PRD00640;;PRE ELABORADO EMIC BASE ROJA (TOMATE) 1 KG;BOLSA;1;BOLSA;BOLSA x 1 KG;1;1;1
ING02492;PRE ELABORADO BASE DE TOMATE;KG;ABARROTES;PRD00651;;PRE ELABORADO EMIC BASE ROJA (TOMATE) S/G 1 KG;BOLSA;1;BOLSA;BOLSA x 1 KG;1;1;1
ING02493;PRE ELABORADO BASE NEUTRA;KG;ABARROTES;PRD00611;;PRE ELABORADO RAM BASE NEUTRAL 1 KG;BOLSA;1;BOLSA;BOLSA x 1 KG;1;1;1
ING02493;PRE ELABORADO BASE NEUTRA;KG;ABARROTES;PRD00637;;PRE ELABORADO EMIC BASE NEUTRAL 1 KG;BOLSA;1;BOLSA;BOLSA x 1 KG;1;1;1
ING02494;PRE ELABORADO BASE NORTEÑA;KG;ABARROTES;PRD00608;;PRE ELABORADO RAM BASE NORTEÑA 1KG;BOLSA;1;BOLSA;BOLSA x 1 KG;1;1;1
ING02494;PRE ELABORADO BASE NORTEÑA;KG;ABARROTES;PRD00638;;PRE ELABORADO EMIC BASE NORTEÑA 1 KG;BOLSA;1;BOLSA;BOLSA x 1 KG;1;1;1
ING02495;PRE ELABORADO BASE ORIENTAL;KG;ABARROTES;PRD00639;;PRE ELABORADO EMIC BASE ORIENTAL 1 KG;BOLSA;1;BOLSA;BOLSA x 1 KG;1;1;1
ING02495;PRE ELABORADO BASE ORIENTAL;KG;ABARROTES;PRD01082;;PRE ELABORADO RAM BASE ORIENTAL 1 KG;BOLSA;1;BOLSA;BOLSA x 1 KG;1;1;1
ING02496;PRE ELABORADO BASE VERDE;KG;ABARROTES;PRD00610;;PRE ELABORADO RAM BASE VERDE 1KG;BOLSA;1;BOLSA;BOLSA x 1 KG;1;1;1
ING02496;PRE ELABORADO BASE VERDE;KG;ABARROTES;PRD00641;;PRE ELABORADO EMIC BASE VERDE 1 KG;BOLSA;1;BOLSA;BOLSA x 1 KG;1;1;1
ING02496;PRE ELABORADO BASE VERDE;KG;ABARROTES;PRD00652;;PRE ELABORADO EMIC BASE VERDE S/G 1 KG;BOLSA;1;BOLSA;BOLSA x 1 KG;1;1;1
ING02497;PRE ELABORADO CONCENTRADO CARAMBOLA 1 LT;L;BEBIDAS;PRD03544;;CAJA CHICA - PRE ELABORADO CONCENTRADO CARAMBOLA 1 LT;BOLSA;1;BOLSA;BOLSA x 1 L;1;1;1
ING02498;PRE ELABORADO CONSERVA FRIJOL PANAMITO 1 KG OLIVEZA BOLSA;KG;;PRD00602;;PRE ELABORADO CONSERVA FRIJOL PANAMITO 1 KG OLIVEZA BOLSA;BOLSA;1;BOLSA;BOLSA x 1 KG;1;1;1
ING02499;PRE ELABORADO FRIJOL CANARIO SIN ADEREZO;KG;ABARROTES;PRD00595;;PRE ELABORADO CONSERVA FRIJOL CANARIO 1 KG OLIVEZA;BOLSA;1;BOLSA;BOLSA x 1 KG;1;1;1
ING02499;PRE ELABORADO FRIJOL CANARIO SIN ADEREZO;KG;ABARROTES;PRD00601;;PRE ELABORADO CONSERVA FRIJOL CANARIO 1 KG OLIVEZA BOLSA;BOLSA;1;BOLSA;BOLSA x 1 KG;1;1;1
ING02499;PRE ELABORADO FRIJOL CANARIO SIN ADEREZO;KG;ABARROTES;PRD00612;;PRE ELABORADO RAM FRIJOL CANARIO 1 KG;BOLSA;1;BOLSA;BOLSA x 1 KG;1;1;1
ING02499;PRE ELABORADO FRIJOL CANARIO SIN ADEREZO;KG;ABARROTES;PRD00654;;PRE ELABORADO RAM (CONSERVA) FRIJOL CANARIO SIN ADEREZO 1 KG;BOLSA;1;BOLSA;BOLSA x 1 KG;1;1;1
ING02500;PRE ELABORADO RAM FRIJOL NEGRO SIN ADEREZO;KG;ABARROTES;PRD00655;;PRE ELABORADO RAM (CONSERVA) FRIJOL NEGRO SIN ADEREZO 1 KG;BOLSA;1;BOLSA;BOLSA x 1 KG;1;1;1
ING02501;PRE ELABORADO RAM FRIJOL PANAMITO SIN ADEREZO 1 KG;KG;ABARROTES;PRD00597;;PRE ELABORADO CONSERVA FRIJOL PANAMITO 1 KG OLIVEZA;BOLSA;1;BOLSA;BOLSA x 1 KG;1;1;1
ING02501;PRE ELABORADO RAM FRIJOL PANAMITO SIN ADEREZO 1 KG;KG;ABARROTES;PRD00613;;PRE ELABORADO RAM FRIJOL PANAMITO 1 KG;BOLSA;1;BOLSA;BOLSA x 1 KG;1;1;1
ING02501;PRE ELABORADO RAM FRIJOL PANAMITO SIN ADEREZO 1 KG;KG;ABARROTES;PRD00656;;PRE ELABORADO RAM (CONSERVA)FRIJOL PANAMITO SIN ADEREZO 1 KG;BOLSA;1;BOLSA;BOLSA x 1 KG;1;1;1
ING02502;PRE ELABORADO RAM GARBANZO SIN ADEREZO;KG;ABARROTES;PRD00598;;PRE ELABORADO CONSERVA GARBANZO 1 KG OLIVEZA;BOLSA;1;BOLSA;BOLSA x 1 KG;1;1;1
ING02502;PRE ELABORADO RAM GARBANZO SIN ADEREZO;KG;ABARROTES;PRD00603;;PRE ELABORADO CONSERVA GARBANZO 1 KG OLIVEZA BOLSA;BOLSA;1;BOLSA;BOLSA x 1 KG;1;1;1
ING02502;PRE ELABORADO RAM GARBANZO SIN ADEREZO;KG;ABARROTES;PRD00615;;PRE ELABORADO RAM GARBANZO 1 KG;BOLSA;1;BOLSA;BOLSA x 1 KG;1;1;1
ING02502;PRE ELABORADO RAM GARBANZO SIN ADEREZO;KG;ABARROTES;PRD00657;;PRE ELABORADO RAM (CONSERVA)GARBANZO SIN ADEREZO 1 KG;BOLSA;1;BOLSA;BOLSA x 1 KG;1;1;1
ING02503;PRE ELABORADO RAM LENTEJA SIN ADEREZO 1 KG;KG;ABARROTES;PRD00596;;PRE ELABORADO CONSERVA LENTEJA 1 KG OLIVEZA;BOLSA;1;BOLSA;BOLSA x 1 KG;1;1;1
ING02503;PRE ELABORADO RAM LENTEJA SIN ADEREZO 1 KG;KG;ABARROTES;PRD00604;;PRE ELABORADO CONSERVA LENTEJA 1 KG OLIVEZA BOLSA;BOLSA;1;BOLSA;BOLSA x 1 KG;1;1;1
ING02503;PRE ELABORADO RAM LENTEJA SIN ADEREZO 1 KG;KG;ABARROTES;PRD00614;;PRE ELABORADO RAM LENTEJA 1 KG;BOLSA;1;BOLSA;BOLSA x 1 KG;1;1;1
ING02503;PRE ELABORADO RAM LENTEJA SIN ADEREZO 1 KG;KG;ABARROTES;PRD00658;;PRE ELABORADO RAM (CONSERVA) LENTEJA SIN ADEREZO 1 KG;BOLSA;1;BOLSA;BOLSA x 1 KG;1;1;1
ING02504;PRE ELABORADO RAM PALLAR SIN ADEREZO;KG;ABARROTES;PRD00631;;PRE ELABORADO RAM PALLAR EN CONSERVA 1 KG;BOLSA;1;BOLSA;BOLSA x 1 KG;1;1;1
ING02504;PRE ELABORADO RAM PALLAR SIN ADEREZO;KG;ABARROTES;PRD00659;;PRE ELABORADO RAM (CONSERVA) PALLAR SIN ADEREZO 1 KG;BOLSA;1;BOLSA;BOLSA x 1 KG;1;1;1
ING02505;PRE MEZCLA KKE NARANJA X 1KG;KG;ABARROTES;PRD03875;;CAJA CHICA - PRE MEZCLA KKE NARANJA X 1KG;BOLSA;1;BOLSA;BOLSA x 1 KG;1;1;1
ING02506;PRE MEZCLA P/ KEKE DE NARANJA X 1 KG;KG;ABARROTES;PRD03847;;CAJA CHICA - PRE MEZCLA P/ KEKE DE NARANJA X 1 KG;BOLSA;1;BOLSA;BOLSA x 1 KG;1;1;1
ING02507;PRE PIZZA FAMILIAR PAN IND 5X26;UND;ABARROTES;PRD04041;;CAJA CHICA - PRE PIZZA FAMILIAR PAN IND 5X26;UNIDAD;1;UNIDAD;UNIDAD x 1 UND;1;1;1
ING02508;PREMEZCLA BIZCOCHUELO TRES LECHES;KG;ABARROTES;PRD01002;;PURATOS TEGRAL BIZCOCHUELO TRES LECHES 10 KG;BOLSA;10;BOLSA;BOLSA x 10 KG;1;1;1
ING02509;PREMEZCLA CHIFON;KG;ABARROTES;PRD01001;;PURATOS TEGRAL CHIFFON 10 KG;BOLSA;10;BOLSA;BOLSA x 10 KG;1;1;1
ING02510;PREMEZCLA INVENTIS BIZCOCHUELO TRES LECHES;KG;ABARROTES;PRD00954;;PREMEZCLA INVENTIS BIZCOCHUELO TRES LECHES 5 KG;BOLSA;5;BOLSA;BOLSA x 5 KG;1;1;1
ING02511;PREMEZCLA INVENTIS CHIFFON;KG;ABARROTES;PRD00955;;PREMEZCLA INVENTIS CHIFFON 5 KG;BOLSA;5;BOLSA;BOLSA x 5 KG;1;1;1
ING02512;PREMEZCLA INVENTIS GOLD CAKE 5 KG;KG;;PRD00975;;PREMEZCLA INVENTIS GOLD CAKE 5 KG;BOLSA;5;BOLSA;BOLSA x 5 KG;1;1;1
ING02513;PREMEZCLA INVENTIS PAN CIABATTA;KG;ABARROTES;PRD00907;;PREMEZCLA INVENTIS PAN CIABATTA 10 KG;BOLSA;10;BOLSA;BOLSA x 10 KG;1;1;1
ING02514;PREMEZCLA INVENTIS PAN DE YEMA;KG;ABARROTES;PRD00906;;PREMEZCLA INVENTIS PAN DE YEMA 25 KG;BOLSA;25;BOLSA;BOLSA x 25 KG;1;1;1
ING02515;PREMEZCLA INVENTIS TORTA DE CHOCOLATE INTENSO;KG;ABARROTES;PRD00956;;PREMEZCLA INVENTIS TORTA DE CHOCOLATE INTENSO 10 KG;SACO;10;SACO;SACO x 10 KG;1;1;1
ING02516;PREMEZCLA MERENGUE;KG;ABARROTES;PRD01018;;MERENGUE EN POLVO X 5KG;SACO;5;SACO;SACO x 5 KG;1;1;1
ING02517;PREMEZCLA TEGRAL KEKE VAINILLA;KG;ABARROTES;PRD01003;;PURATOS TEGRAL KEKE VAINILLA 10 KG;BOLSA;10;BOLSA;BOLSA x 10 KG;1;1;1
ING02518;PREMEZCLA TORTA DE CHOCOLATE;KG;ABARROTES;PRD01014;;PURATOS T. TORTA DE CHOCOLATE X 10 KG;SACO;10;SACO;SACO x 10 KG;1;1;1
ING02519;PREMEZCLA TRES LECHES;L;REFRIGERADOS;PRD01013;;DULCERIO TRES LECHES X 1 LT;CAJA;1;CAJA;CAJA x 1 L;1;1;1
ING02520;PRENSAPAPAS BASA;UND;ABARROTES;PRD03680;;CAJA CHICA - PRENSAPAPAS BASA;UNIDAD;1;UNIDAD;UNIDAD x 1 UND;1;1;1
ING02521;PRESTOBARBA DESCARTABLE DOBLE;UND;KIOSKO;PRD02084;;MAQUINA DE AFEITAR GILLETE PRESTOBARBA;UNIDAD;1;UNIDAD;UNIDAD x 1 UND;1;1;1
ING02522;PRINCESA HELADO MINI X 24 UND;UND;ABARROTES;PRD03160;;CAJA CHICA - PRINCESA HELADO MINI X 24 UND;CAJA;1;CAJA;CAJA x 1 UND;1;1;1
ING02523;PROSCIUTO X 500 GR;UND;ABARROTES;PRD04019;;CAJA CHICA - PROSCIUTO X 500 GR;GRAMO;1;GRAMO;GRAMO x 1 UND;1;1;1
ING02524;PROTECTOR FACIAL WORK;UND;PROTECCION Y SEGURIDAD;PRD02392;;PROTECTOR FACIAL WORK 0.4MM;UNIDAD;1;UNIDAD;UNIDAD x 1 UND;1;1;1
ING02525;PROTECTOR MERRYCHEF 750 ML;UND;LIMPIEZA;PRD01272;;PROTECTOR MERRYCHEF 750ML;UNIDAD;1;UNIDAD;UNIDAD x 1 UND;1;1;1
ING02526;PUDIN CHOCOLATE INSTANTANEO;KG;ABARROTES;PRD00947;;PUDIN DE CHOCOLATE UNIVERSAL 100 GR;BOLSA;0.1;BOLSA;BOLSA x 0.1 KG;1;1;1
ING02526;PUDIN CHOCOLATE INSTANTANEO;KG;ABARROTES;PRD00969;;PUDIN DE CHOCOLATE ROYAL 110 GR;BOLSA;0.11;BOLSA;BOLSA x 0.11 KG;1;1;1
ING02527;PUDIN DE CHOCOLATE MACROFOOD 1KG;KG;;PRD00994;;PUDIN DE CHOCOLATE MACROFOOD 1KG;BOLSA;1;BOLSA;BOLSA x 1 KG;1;1;1
ING02528;PUDIN DE COCO MACROFOOD 1KG;KG;;PRD00996;;PUDIN DE COCO MACROFOOD 1KG;BOLSA;1;BOLSA;BOLSA x 1 KG;1;1;1
ING02529;PUDIN DE VAINILLA MACROFOOD 1KG;KG;;PRD00995;;PUDIN DE VAINILLA MACROFOOD 1KG;BOLSA;1;BOLSA;BOLSA x 1 KG;1;1;1
ING02530;PUDIN VAINILLA INSTANTANEO;KG;ABARROTES;PRD00946;;PUDIN DE VAINILLA UNIVERSAL 100 GR;BOLSA;0.1;BOLSA;BOLSA x 0.1 KG;1;1;1
ING02530;PUDIN VAINILLA INSTANTANEO;KG;ABARROTES;PRD01005;;PUDIN DE VAINILLA MAS VENTAS 5 KG;BOLSA;5;BOLSA;BOLSA x 5 KG;1;1;1
ING02531;PUFF DE;UND;ABARROTES;PRD01136;;PUFF DE QUINUA 7 DRAGONES BBQ PICANTE 40 GR;BOLSA;1;BOLSA;BOLSA x 1 UND;1;1;1
ING02532;PUFF DE QUINUA 7 DRAGONES LEMON PEPPER 40 GR;UND;;PRD01138;;PUFF DE QUINUA 7 DRAGONES LEMON PEPPER 40 GR;BOLSA;1;BOLSA;BOLSA x 1 UND;1;1;1
ING02533;PUFF DE QUINUA 7 DRAGONES POLLO BRASA LEÑA 40 GR;UND;;PRD01134;;PUFF DE QUINUA 7 DRAGONES POLLO BRASA LEÑA 40 GR;BOLSA;1;BOLSA;BOLSA x 1 UND;1;1;1
ING02534;PUFF DE QUINUA 7 DRAGONES QUESO GRILLADO 40 GR;UND;;PRD01137;;PUFF DE QUINUA 7 DRAGONES QUESO GRILLADO 40 GR;BOLSA;1;BOLSA;BOLSA x 1 UND;1;1;1
ING02535;PUFF DE QUINUA 7 DRAGONES QUESO NAPOLITANO 40 GR;UND;;PRD01135;;PUFF DE QUINUA 7 DRAGONES QUESO NAPOLITANO 40 GR;BOLSA;1;BOLSA;BOLSA x 1 UND;1;1;1
ING02536;PULIDORES PARA PISOS 450 GR;UND;LIMPIEZA;PRD01528;;PULIDOR SAPOLIO 450 GR;SACHET;1;SACHET;SACHET x 1 UND;1;1;1
ING02537;PULPA CONCENTRADA GUANABANA;KG;ABARROTES;PRD03595;;CAJA CHICA - PULPA CONCENTRADA GUANABANA;KILOGRAMO;1;KILOGRAMO;KILOGRAMO x 1 KG;1;1;1
ING02538;PULPA DE ARANDANOS CONGELADO;KG;CONGELADOS;PRD01868;;PULPA DE ARANDANO CONGELADO;KILOGRAMO;1;KILOGRAMO;KILOGRAMO x 1 KG;1;1;1
ING02539;PULPA DE CANGREJO PQTE;UND;ABARROTES;PRD02772;;CAJA CHICA - PULPA DE CANGREJO PQTE;PAQUETE;1;PAQUETE;PAQUETE x 1 UND;1;1;1
ING02540;PULPA DE FRESA CONGELADO;KG;CONGELADOS;PRD03396;;CAJA CHICA - PULPA DE FRESA CONGELADO;KILOGRAMO;1;KILOGRAMO;KILOGRAMO x 1 KG;1;1;1
ING02541;PULPA DE LUCUMA CONGELADO;KG;CONGELADOS;PRD03397;;CAJA CHICA - PULPA DE LUCUMA CONGELADO;KILOGRAMO;1;KILOGRAMO;KILOGRAMO x 1 KG;1;1;1
ING02542;PULPA DE MANGO CONGELADO;KG;CONGELADOS;PRD03399;;CAJA CHICA - PULPA DE MANGO CONGELADO;KILOGRAMO;1;KILOGRAMO;KILOGRAMO x 1 KG;1;1;1
ING02543;PULPA DE MARACUYA CONGELADO;UND;CONGELADOS;PRD03290;;CAJA CHICA - PULPA DE MARACUYA CONGELADO;CAJA;1;CAJA;CAJA x 1 UND;1;1;1
ING02544;PULPA DE MELON;KG;CONGELADOS;PRD01207;;PULPA DE MELON CONGELADO;KILOGRAMO;1;KILOGRAMO;KILOGRAMO x 1 KG;1;1;1
ING02545;PULPA DE MELON CONGELADO;KG;CONGELADOS;PRD03398;;CAJA CHICA - PULPA DE MELON CONGELADO;KILOGRAMO;1;KILOGRAMO;KILOGRAMO x 1 KG;1;1;1
ING02546;PULPA DE PALTA CONGELADA;KG;CONGELADOS;PRD01859;;PULPA DE PALTA CONGELADO;KILOGRAMO;1;KILOGRAMO;KILOGRAMO x 1 KG;1;1;1
ING02547;PULPA DE PAPAYA CONGELADO;KG;CONGELADOS;PRD03400;;CAJA CHICA - PULPA DE PAPAYA CONGELADO;KILOGRAMO;1;KILOGRAMO;KILOGRAMO x 1 KG;1;1;1
ING02548;PULPA DE RES;KG;ABARROTES;PRD03205;;CAJA CHICA - PULPA DE RES;KILOGRAMO;1;KILOGRAMO;KILOGRAMO x 1 KG;1;1;1
ING02549;PULPA ORGANICA DE CAMU CAMU;KG;ABARROTES;PRD02764;;CAJA CHICA - PULPA ORGANICA DE CAMU CAMU;KILOGRAMO;1;KILOGRAMO;KILOGRAMO x 1 KG;1;1;1
ING02550;PULPO TROZADO CONGELADO;KG;CONGELADOS;PRD01724;;PULPO TROZADO CONGELADO;KILOGRAMO;1;KILOGRAMO;KILOGRAMO x 1 KG;1;1;1
ING02551;PULVERIZADOR PLASTICO 750 ML;UND;LIMPIEZA;PRD01296;;PULVERIZADOR PLASTICO 750 ML;UNIDAD;1;UNIDAD;UNIDAD x 1 UND;1;1;1
ING02551;PULVERIZADOR PLASTICO 750 ML;UND;LIMPIEZA;PRD02985;;CAJA CHICA - PULVERIZADOR PLASTICO 750 ML;UNIDAD;1;UNIDAD;UNIDAD x 1 UND;1;1;1
ING02552;PULVERIZADORES PLASTICOS 1 LT;L;LIMPIEZA;PRD01598;;PULVERIZADOR PLASTICO 1 LT;UNIDAD;1;UNIDAD;UNIDAD x 1 L;1;1;1
ING02553;PURATOS EASY CIABATA 10 KG;KG;ABARROTES;PRD00918;;PURATOS EASY CIABATTA 10 KG;BOLSA;10;BOLSA;BOLSA x 10 KG;1;1;1
ING02554;PURATOS EASY PAN DE FIBRA;KG;ABARROTES;PRD00902;;PURATOS EASY PAN FIBRA 5 KG;BOLSA;5;BOLSA;BOLSA x 5 KG;1;1;1
ING02554;PURATOS EASY PAN DE FIBRA;KG;ABARROTES;PRD00923;;PURATOS EASY PAN SUAVE 10 KG;BOLSA;10;BOLSA;BOLSA x 10 KG;1;1;1
ING02555;PURATOS EASY PAN DE FIBRA 10 KG;KG;ABARROTES;PRD00919;;PURATOS EASY PAN FIBRA 10 KG;BOLSA;10;BOLSA;BOLSA x 10 KG;1;1;1
ING02556;PURATOS EASY PAN SUAVE;KG;ABARROTES;PRD00904;;PURATOS EASY PAN SUAVE 5 KG;BOLSA;5;BOLSA;BOLSA x 5 KG;1;1;1
ING02557;PURATOS T. TORTA DE CHOCOLATE EXTREMO;KG;ABARROTES;PRD01043;;PURATOS T. TORTA DE CHOCOLATE EXTREMO X 10 KG;SACO;10;SACO;SACO x 10 KG;1;1;1
ING02558;PURE DE CAMOTE;KG;REFRIGERADOS;PRD00588;;PURÉ DE CAMOTE RAM 1 KG;BOLSA;1;BOLSA;BOLSA x 1 KG;1;1;1
ING02558;PURE DE CAMOTE;KG;REFRIGERADOS;PRD00664;;PURÉ DE CAMOTE RAM 5 KG;BOLSA;5;BOLSA;BOLSA x 5 KG;1;1;1
ING02559;PURE DE CAMOTE EMIC 1 KG;KG;;PRD02223;;PURE DE CAMOTE EMIC 1 KG;BOLSA;1;BOLSA;BOLSA x 1 KG;1;1;1
ING02560;PURE DE MANZANA;KG;REFRIGERADOS;PRD00589;;PURÉ DE MANZANA RAM 1 KG;BOLSA;1;BOLSA;BOLSA x 1 KG;1;1;1
ING02560;PURE DE MANZANA;KG;REFRIGERADOS;PRD00653;;PURÉ DE MANZANA RAM 5 KG;BOLSA;5;BOLSA;BOLSA x 5 KG;1;1;1
ING02561;PURE DE MANZANA EMIC 1 KG;KG;;PRD02224;;PURE DE MANZANA EMIC 1 KG;BOLSA;1;BOLSA;BOLSA x 1 KG;1;1;1
ING02562;PURE DE PAPA DESHIDRATADA;KG;ABARROTES;PRD00261;;PURE DE PAPAS KNORR 2 KG;BOLSA;2;BOLSA;BOLSA x 2 KG;1;1;1
ING02562;PURE DE PAPA DESHIDRATADA;KG;ABARROTES;PRD00265;;PURE DE PAPA MENU 1 KG;BOLSA;1;BOLSA;BOLSA x 1 KG;1;1;1
ING02562;PURE DE PAPA DESHIDRATADA;KG;ABARROTES;PRD00590;;PURE DE PAPAS KNORR 2 KG- UNIDAD;BOLSA;2;BOLSA;BOLSA x 2 KG;1;1;1
ING02562;PURE DE PAPA DESHIDRATADA;KG;ABARROTES;PRD00599;;PURE DE PAPA AMARILLA MACROFOOD 1 KG;BOLSA;1;BOLSA;BOLSA x 1 KG;1;1;1
ING02562;PURE DE PAPA DESHIDRATADA;KG;ABARROTES;PRD00622;;PURE DE PAPAS KNORR 1 KG;BOLSA;1;BOLSA;BOLSA x 1 KG;1;1;1
ING02562;PURE DE PAPA DESHIDRATADA;KG;ABARROTES;PRD00663;;PURE DE PAPAS TRADICIONAL AMARILLO MACROFOOD 1 KG;BOLSA;1;BOLSA;BOLSA x 1 KG;1;1;1
ING02562;PURE DE PAPA DESHIDRATADA;KG;ABARROTES;PRD03093;;CAJA CHICA - PURE DE PAPAS - MINA X 1KG;SACHET;1;SACHET;SACHET x 1 KG;1;1;1
ING02563;PURE DE PAPA DESHIDRATADA (UND);UND;ABARROTES;PRD03092;;CAJA CHICA - PURE DE MANZANA DESHIDRATADA;FRASCO;1;FRASCO;FRASCO x 1 UND;1;1;1
ING02564;PW HF FRUTOS 50ML;UND;ABARROTES;PRD03671;;CAJA CHICA - PW HF FRUTOS 50ML;UNIDAD;1;UNIDAD;UNIDAD x 1 UND;1;1;1
ING02565;PZKID M X 6;UND;ABARROTES;PRD03643;;CAJA CHICA - PZKID M X 6;UNIDAD;1;UNIDAD;UNIDAD x 1 UND;1;1;1
ING02566;QUESO AHUMADO;KG;REFRIGERADOS;PRD01978;;CAJA CHICA - QUESO AHUMADO;KILOGRAMO;1;KILOGRAMO;KILOGRAMO x 1 KG;1;1;1
ING02567;QUESO AHUMADO HUACARIZ KG;KG;REFRIGERADOS;PRD03224;;CAJA CHICA - QUESO AHUMADO HUACARIZ KG;KILOGRAMO;1;KILOGRAMO;KILOGRAMO x 1 KG;1;1;1
ING02568;QUESO BABY ZUIZZ LAMINADO KG;KG;REFRIGERADOS;PRD03219;;CAJA CHICA - QUESO BABY ZUIZZ LAMINADO KG;KILOGRAMO;1;KILOGRAMO;KILOGRAMO x 1 KG;1;1;1
ING02569;QUESO CAMPESINO TAMBO KG;KG;REFRIGERADOS;PRD03218;;CAJA CHICA - QUESO CAMPESINO TAMBO KG;KILOGRAMO;1;KILOGRAMO;KILOGRAMO x 1 KG;1;1;1
ING02570;QUESO CON OREGANO KG;KG;REFRIGERADOS;PRD03131;;CAJA CHICA - QUESO CON OREGANO KG;KILOGRAMO;1;KILOGRAMO;KILOGRAMO x 1 KG;1;1;1
ING02571;QUESO CON ROCOTO KG;KG;REFRIGERADOS;PRD03132;;CAJA CHICA - QUESO CON ROCOTO KG;KILOGRAMO;1;KILOGRAMO;KILOGRAMO x 1 KG;1;1;1
ING02572;QUESO CREAM CHEESE DELICE CAJA 227 GR;UND;REFRIGERADOS;PRD04020;;CAJA CHICA - QUESO CREAM CHEESE DELICE CAJA 227 GR;GRAMO;1;GRAMO;GRAMO x 1 UND;1;1;1
ING02573;QUESO CREAM CHEESE REFRIGERADO;KG;REFRIGERADOS;PRD02144;;QUESO CREAM CHEESE DELICE BARRA 1 KG;BALDE;1;BALDE;BALDE x 1 KG;1;1;1
ING02573;QUESO CREAM CHEESE REFRIGERADO;KG;REFRIGERADOS;PRD02145;;QUESO CREAM CHEESE DELICE POTE 1 KG;POTE;1;POTE;POTE x 1 KG;1;1;1
ING02574;QUESO DANBO HUACARIZ KG;KG;REFRIGERADOS;PRD03222;;CAJA CHICA - QUESO DANBO HUACARIZ KG;KILOGRAMO;1;KILOGRAMO;KILOGRAMO x 1 KG;1;1;1
ING02575;QUESO EDAM;KG;REFRIGERADOS;PRD00668;;QUESO EDAM EN TAJADAS X 500 GR REFRIGERADO;PAQUETE;0.5;PAQUETE;PAQUETE x 0.5 KG;1;1;1
ING02575;QUESO EDAM;KG;REFRIGERADOS;PRD00669;;QUESO EDAM EN TAJADAS X 500 GR CONGELADO;PAQUETE;0.5;PAQUETE;PAQUETE x 0.5 KG;1;1;1
ING02575;QUESO EDAM;KG;REFRIGERADOS;PRD01927;;QUESO EDAM EN TAJADAS SANCOR 500 GR REFRIGERADO;PAQUETE;0.5;PAQUETE;PAQUETE x 0.5 KG;1;1;1
ING02575;QUESO EDAM;KG;REFRIGERADOS;PRD01929;;QUESO EDAM LAIVE 440 GR REFRIGERADO;PAQUETE;0.44;PAQUETE;PAQUETE x 0.44 KG;1;1;1
ING02575;QUESO EDAM;KG;REFRIGERADOS;PRD01930;;QUESO EDAM EN TAJADAS SIGMA 500 GR CONGELADO (EMER);PAQUETE;0.5;PAQUETE;PAQUETE x 0.5 KG;1;1;1
ING02575;QUESO EDAM;KG;REFRIGERADOS;PRD01931;;QUESO EDAM EN TAJADAS 20 GR MILKUNZ (500 GR);PAQUETE;0.5;PAQUETE;PAQUETE x 0.5 KG;1;1;1
ING02575;QUESO EDAM;KG;REFRIGERADOS;PRD02152;;QUESO EDAM EN TAJADAS LA PAULINA X 500 GR REFRIGERADO;PAQUETE;0.5;PAQUETE;PAQUETE x 0.5 KG;1;1;1
ING02575;QUESO EDAM;KG;REFRIGERADOS;PRD02153;;QUESO EDAM EN TAJADAS LAIVE X 500 GR REFRIGERADO;PAQUETE;0.5;PAQUETE;PAQUETE x 0.5 KG;1;1;1
ING02575;QUESO EDAM;KG;REFRIGERADOS;PRD02154;;QUESO EDAM EN TAJADAS X 500 GR CASA EUROPA REFRIGERADO;PAQUETE;0.5;PAQUETE;PAQUETE x 0.5 KG;1;1;1
ING02576;QUESO EDAM (UND);UND;REFRIGERADOS;PRD02138;;QUESO EDAM LAMINADO LAIVE 500 GR REFRIGERADO;PAQUETE;1;PAQUETE;PAQUETE x 1 UND;1;1;1
ING02577;QUESO EDAM HUACARIZ KG;KG;REFRIGERADOS;PRD03215;;CAJA CHICA - QUESO EDAM HUACARIZ KG;KILOGRAMO;1;KILOGRAMO;KILOGRAMO x 1 KG;1;1;1
ING02578;QUESO EDAM LAMINADO DELICE 1 KG REFRIGERADO;KG;;PRD02137;;QUESO EDAM LAMINADO DELICE 1 KG REFRIGERADO;PAQUETE;1;PAQUETE;PAQUETE x 1 KG;1;1;1
ING02579;QUESO EDAM REFRIGERADO;KG;REFRIGERADOS;PRD00666;;QUESO EDAM EN MOLDE REFRIGERADO;KILOGRAMO;1;KILOGRAMO;KILOGRAMO x 1 KG;1;1;1
ING02579;QUESO EDAM REFRIGERADO;KG;REFRIGERADOS;PRD03474;;CAJA CHICA - QUESO EDAM REFRIGERADO;KILOGRAMO;1;KILOGRAMO;KILOGRAMO x 1 KG;1;1;1
ING02580;QUESO FINAS HIERBAS HUACARIZ KG;KG;REFRIGERADOS;PRD03220;;CAJA CHICA - QUESO FINAS HIERBAS HUACARIZ KG;KILOGRAMO;1;KILOGRAMO;KILOGRAMO x 1 KG;1;1;1
ING02581;QUESO FINAS HIERBAS TAMBO KG;KG;REFRIGERADOS;PRD03217;;CAJA CHICA - QUESO FINAS HIERBAS TAMBO KG;KILOGRAMO;1;KILOGRAMO;KILOGRAMO x 1 KG;1;1;1
ING02582;QUESO FRESCO REFRIGERADO;KG;REFRIGERADOS;PRD02133;;QUESO FRESCO BONLE MOLDE REFRIGERADO KG;KILOGRAMO;1;KILOGRAMO;KILOGRAMO x 1 KG;1;1;1
ING02582;QUESO FRESCO REFRIGERADO;KG;REFRIGERADOS;PRD02141;;QUESO FRESCO LAIVE MOLDE REFRIGERADO KG;KILOGRAMO;1;KILOGRAMO;KILOGRAMO x 1 KG;1;1;1
ING02582;QUESO FRESCO REFRIGERADO;KG;REFRIGERADOS;PRD02142;;QUESO FRESCO DELICE KG;KILOGRAMO;1;KILOGRAMO;KILOGRAMO x 1 KG;1;1;1
ING02582;QUESO FRESCO REFRIGERADO;KG;REFRIGERADOS;PRD02148;;QUESO FRESCO PASTEURIZADO KALAS KG;KILOGRAMO;1;KILOGRAMO;KILOGRAMO x 1 KG;1;1;1
ING02582;QUESO FRESCO REFRIGERADO;KG;REFRIGERADOS;PRD02151;;QUESO FRESCO GLORIA MOLDE REFRIGERADO KG;KILOGRAMO;1;KILOGRAMO;KILOGRAMO x 1 KG;1;1;1
ING02582;QUESO FRESCO REFRIGERADO;KG;REFRIGERADOS;PRD02155;;QUESO FRESCO LAIT'S REFRIGERADO KG;KILOGRAMO;1;KILOGRAMO;KILOGRAMO x 1 KG;1;1;1
ING02582;QUESO FRESCO REFRIGERADO;KG;REFRIGERADOS;PRD03213;;CAJA CHICA - QUESO FRESCO HUACARIZ KG;KILOGRAMO;1;KILOGRAMO;KILOGRAMO x 1 KG;1;1;1
ING02582;QUESO FRESCO REFRIGERADO;KG;REFRIGERADOS;PRD03635;;CAJA CHICA - QUESO FRESCO;KILOGRAMO;1;KILOGRAMO;KILOGRAMO x 1 KG;1;1;1
ING02582;QUESO FRESCO REFRIGERADO;KG;REFRIGERADOS;PRD03733;;CAJA CHICA - QUESO FRESCO LA FLORIDA X KG;KILOGRAMO;1;KILOGRAMO;KILOGRAMO x 1 KG;1;1;1
ING02582;QUESO FRESCO REFRIGERADO;KG;REFRIGERADOS;PRD03734;;CAJA CHICA - QUESO FRESCO SBEL X KG;KILOGRAMO;1;KILOGRAMO;KILOGRAMO x 1 KG;1;1;1
ING02583;QUESO GLORIA BONLE MOZZARELLA;KG;REFRIGERADOS;PRD02765;;CAJA CHICA - QUESO GLORIA BONLE MOZZARELLA;KILOGRAMO;1;KILOGRAMO;KILOGRAMO x 1 KG;1;1;1
ING02584;QUESO GOUDA BONLE X KG;KG;REFRIGERADOS;PRD03740;;CAJA CHICA - QUESO GOUDA BONLE X KG;KILOGRAMO;1;KILOGRAMO;KILOGRAMO x 1 KG;1;1;1
ING02585;QUESO GOUDA HUACARIZ KG;KG;REFRIGERADOS;PRD03221;;CAJA CHICA - QUESO GOUDA HUACARIZ KG;KILOGRAMO;1;KILOGRAMO;KILOGRAMO x 1 KG;1;1;1
ING02586;QUESO GOUDA LAMINADO CONGELADO 500 GR;KG;;PRD02136;;QUESO GOUDA LAMINADO CONGELADO 500 GR;PAQUETE;0.5;PAQUETE;PAQUETE x 0.5 KG;1;1;1
ING02587;QUESO GOUDA LAMINADO DELICE REFRIGERADO 1 KG;KG;;PRD02139;;QUESO GOUDA LAMINADO DELICE REFRIGERADO 1 KG;PAQUETE;1;PAQUETE;PAQUETE x 1 KG;1;1;1
ING02588;QUESO GRUYERE KG;KG;REFRIGERADOS;PRD03130;;CAJA CHICA - QUESO GRUYERE KG;KILOGRAMO;1;KILOGRAMO;KILOGRAMO x 1 KG;1;1;1
ING02589;QUESO MANTECOSO C / FINAS HIERBAS;UND;REFRIGERADOS;PRD03118;;CAJA CHICA - QUESO MANTECOSO C / FINAS HIERBAS;PAQUETE;1;PAQUETE;PAQUETE x 1 UND;1;1;1
ING02590;QUESO MOZARELLA;KG;CONGELADOS;PRD00667;;QUESO MOZARELLA REFRIGERADO;KILOGRAMO;1;KILOGRAMO;KILOGRAMO x 1 KG;1;1;1
ING02590;QUESO MOZARELLA;KG;CONGELADOS;PRD00795;;QUESO MOZARELLA CONGELADO;KILOGRAMO;1;KILOGRAMO;KILOGRAMO x 1 KG;1;1;1
ING02590;QUESO MOZARELLA;KG;CONGELADOS;PRD01928;;QUESO MOZARELLA CONGELADO PREMIUM;KILOGRAMO;1;KILOGRAMO;KILOGRAMO x 1 KG;1;1;1
ING02590;QUESO MOZARELLA;KG;CONGELADOS;PRD02140;;QUESO MOZARELLA MILKUNZ REFRIGERADO;KILOGRAMO;1;KILOGRAMO;KILOGRAMO x 1 KG;1;1;1
ING02590;QUESO MOZARELLA;KG;CONGELADOS;PRD02143;;QUESO MOZARELLA LAIVE REFRIGERADO KG;KILOGRAMO;1;KILOGRAMO;KILOGRAMO x 1 KG;1;1;1
ING02590;QUESO MOZARELLA;KG;CONGELADOS;PRD02146;;QUESO MOZARELLA RALLADO LA PAULINA REFRIGERADO 3 KG;PAQUETE;3;PAQUETE;PAQUETE x 3 KG;1;1;1
ING02590;QUESO MOZARELLA;KG;CONGELADOS;PRD02150;;QUESO MOZARELLA RALLADO CONGELADO KG;KILOGRAMO;1;KILOGRAMO;KILOGRAMO x 1 KG;1;1;1
ING02591;QUESO PARIA BONLE X KG;KG;REFRIGERADOS;PRD03741;;CAJA CHICA - QUESO PARIA BONLE X KG;KILOGRAMO;1;KILOGRAMO;KILOGRAMO x 1 KG;1;1;1
ING02592;QUESO PARIA GLORIA KG;KG;;PRD02134;;QUESO PARIA GLORIA KG;KILOGRAMO;1;KILOGRAMO;KILOGRAMO x 1 KG;1;1;1
ING02593;QUESO PARIA HUACARIZ KG;KG;REFRIGERADOS;PRD03223;;CAJA CHICA - QUESO PARIA HUACARIZ KG;KILOGRAMO;1;KILOGRAMO;KILOGRAMO x 1 KG;1;1;1
ING02594;QUESO PARMESANO REFRIGERADO;KG;ABARROTES;PRD02135;;QUESO PARMESANO LAIVE 35 GR;SACHET;0.035;SACHET;SACHET x 0.035 KG;1;1;1
ING02594;QUESO PARMESANO REFRIGERADO;KG;ABARROTES;PRD02147;;QUESO PARMESANO RALLADO LA PAULINA REFRIGERADO 1 KG;BOLSA;1;BOLSA;BOLSA x 1 KG;1;1;1
ING02594;QUESO PARMESANO REFRIGERADO;KG;ABARROTES;PRD02149;;QUESO PARMESANO RALLADO LA PAULINA (LACTAFOOD)REFRIGERADO 500 GR;BOLSA;0.5;BOLSA;BOLSA x 0.5 KG;1;1;1
ING02594;QUESO PARMESANO REFRIGERADO;KG;ABARROTES;PRD03748;;CAJA CHICA - QUESO PARMESANO LAIVE X KG;KILOGRAMO;1;KILOGRAMO;KILOGRAMO x 1 KG;1;1;1
ING02595;QUESO PARMESANO REFRIGERADO (UND);UND;ABARROTES;PRD01653;;CAJA CHICA - PAPAS ARTESANALES CRUJIENTES QUESO PARMESANO IN;BOLSA;1;BOLSA;BOLSA x 1 UND;1;1;1
ING02596;QUESO PHILADELPHIA ORIGIBAL;UND;REFRIGERADOS;PRD02766;;CAJA CHICA - QUESO PHILADELPHIA ORIGIBAL;PAQUETE;1;PAQUETE;PAQUETE x 1 UND;1;1;1
ING02597;QUESO SUIZO HUACARIZ KG;KG;ABARROTES;PRD03214;;CAJA CHICA - QUESO SUIZO HUACARIZ KG;KILOGRAMO;1;KILOGRAMO;KILOGRAMO x 1 KG;1;1;1
ING02598;QUINUA;KG;ABARROTES;PRD00355;;QUINUA KOMILON 5 KG;BOLSA;5;BOLSA;BOLSA x 5 KG;1;1;1
ING02598;QUINUA;KG;ABARROTES;PRD00366;;QUINUA KOMILON 500 GR;BOLSA;0.5;BOLSA;BOLSA x 0.5 KG;1;1;1
ING02598;QUINUA;KG;ABARROTES;PRD00367;;QUINUA CANTA CLARO 5 KG;BOLSA;5;BOLSA;BOLSA x 5 KG;1;1;1
ING02598;QUINUA;KG;ABARROTES;PRD00387;;QUINUA LA SERRANITA 5 KG;BOLSA;5;BOLSA;BOLSA x 5 KG;1;1;1
ING02598;QUINUA;KG;ABARROTES;PRD00393;;QUINUA VALLESOL 5 KG;BOLSA;5;BOLSA;BOLSA x 5 KG;1;1;1
ING02599;QUINUA CON AVENA;KG;ABARROTES;PRD00084;;QUINUA AVENA 3 OSITOS 170 GR;BOLSA;0.17;BOLSA;BOLSA x 0.17 KG;1;1;1
ING02600;QUINUA X 5KG;UND;ABARROTES;PRD03094;;CAJA CHICA - QUINUA X 5KG;BOLSA;1;BOLSA;BOLSA x 1 UND;1;1;1
ING02601;QUITA SARRO 500 ML;UND;REFRIGERADOS;PRD03293;;CAJA CHICA - QUITA SARRO 500 ML;UNIDAD;1;UNIDAD;UNIDAD x 1 UND;1;1;1
ING02602;RABANITO;KG;FFVV;PRD00434;;RABANITO;KILOGRAMO;1;KILOGRAMO;KILOGRAMO x 1 KG;1;1;1
ING02603;RABANITO X KG;KG;FFVV;PRD04021;;CAJA CHICA - RABANITO X KG;KILOGRAMO;1;KILOGRAMO;KILOGRAMO x 1 KG;1;1;1
ING02604;RAFIA EN CONO;UND;DESCARTABLES;PRD01858;;RAFIA ROLLO CONO;UNIDAD;1;UNIDAD;UNIDAD x 1 UND;1;1;1
ING02605;RAFIA EN OBILLO;UND;ABARROTES;PRD02895;;CAJA CHICA - RAFIA EN OBILLO;UNIDAD;1;UNIDAD;UNIDAD x 1 UND;1;1;1
ING02606;RAVIOLES DE CARNE CONGELADO;KG;CONGELADOS;PRD01250;;RAVIOLES DE CARNE CONG.;KILOGRAMO;1;KILOGRAMO;KILOGRAMO x 1 KG;1;1;1
ING02607;RAVIOLES DE CARNE X 500GR;UND;ABARROTES;PRD03956;;CAJA CHICA - RAVIOLES DE CARNE X 500GR;BOLSA;1;BOLSA;BOLSA x 1 UND;1;1;1
ING02608;RAVIOLES DE RICOTTA Y ESPINACA CONGELAD;KG;CONGELADOS;PRD01251;;RAVIOLES DE RICOTTA Y ESPINACA CONG.;KILOGRAMO;1;KILOGRAMO;KILOGRAMO x 1 KG;1;1;1
ING02609;RECOGEDOR DE METAL;UND;ABARROTES;PRD02986;;CAJA CHICA - RECOGEDOR DE METAL;UNIDAD;1;UNIDAD;UNIDAD x 1 UND;1;1;1
ING02610;RECOGEDORES PLASTICO HUDE;UND;LIMPIEZA;PRD01596;;RECOGEDOR PLASTICO;UNIDAD;1;UNIDAD;UNIDAD x 1 UND;1;1;1
ING02611;RED BULL ENERGIZANT ENERGY DRINK;UND;BEBIDAS;PRD03940;;CAJA CHICA - RED BULL ENERGIZANT ENERGY DRINK;LATA;1;LATA;LATA x 1 UND;1;1;1
ING02612;REFRESCO INSTANTANEO;KG;REFRIGERADOS;PRD03487;;CAJA CHICA - REFRESCO INSTANTANEO;KILOGRAMO;1;KILOGRAMO;KILOGRAMO x 1 KG;1;1;1
ING02613;REMOVEDOR DE MADERA FORRADO 140 MM;UND;DESCARTABLES;PRD02616;;REMOVEDOR DE MADERA FORRADO 140 MM X 500 UND;PAQUETE;500;PAQUETE;PAQUETE x 500 UND;1;1;1
ING02614;REMOVEDOR DE MADERA FORRADO 178 MM;UND;DESCARTABLES;PRD02617;;REMOVEDOR DE MADERA FORRADO 178 MM X 500 UND;PAQUETE;500;PAQUETE;PAQUETE x 500 UND;1;1;1
ING02615;REMOVEDOR DE SARRO DARIZA 4 LT;UND;LIMPIEZA;PRD03716;;CAJA CHICA - REMOVEDOR DE SARRO DARIZA 4 LT;GALON;1;GALON;GALON x 1 UND;1;1;1
ING02616;REMOVEDOR MADERA PARA CAFE;UND;DESCARTABLES;PRD02410;;REMOVEDOR MADERA GRANDE PARA CAFE MILLAR;PAQUETE;1000;PAQUETE;PAQUETE x 1000 UND;1;1;1
ING02617;REPUESTO BASTON DE ALUMINIO CON CABEZAL AMARILLO - 30232;UND;;PRD01413;;REPUESTO BASTON DE ALUMINIO CON CABEZAL AMARILLO - 30232;UNIDAD;1;UNIDAD;UNIDAD x 1 UND;1;1;1
ING02618;REPUESTO DE PULVERIZADOR (GATILLO);UND;;PRD02896;;CAJA CHICA - REPUESTO DE PULVERIZADOR (GATILLO);UNIDAD;1;UNIDAD;UNIDAD x 1 UND;1;1;1
ING02619;REPUESTO MOOP ATRAPA POLVO DE ALGODON AZUL X 91 CM / DMTL-16536BCDA DARYZA;UND;;PRD01389;;REPUESTO MOOP ATRAPA POLVO DE ALGODON AZUL X 91 CM / DMTL-16536BCDA DARYZA;UNIDAD;1;UNIDAD;UNIDAD x 1 UND;1;1;1
ING02620;REPUESTO TRAPEADOR HUMEDO ALGODON CON PRETINA AZUL;UND;LIMPIEZA;PRD01417;;REPUESTO TRAPEADOR HUMEDO DE ALGODON CON PRETINA AZUL 16 OZ;UNIDAD;1;UNIDAD;UNIDAD x 1 UND;1;1;1
ING02621;REPUESTO TRAPEADOR HUMEDO ALGODON PRET BLANCO 16OZ;UND;LIMPIEZA;PRD01415;;REPUESTO TRAPEADOR HUMEDO DE ALGODON CON PRETINA BLANCO 16 OZ;UNIDAD;1;UNIDAD;UNIDAD x 1 UND;1;1;1
ING02622;REPUESTO TRAPEADOR HUMEDO ALGODON PRETI VERDE 16OZ;UND;LIMPIEZA;PRD01416;;REPUESTO TRAPEADOR HUMEDO DE ALGODON CON PRETINA VERDE 16 OZ;UNIDAD;1;UNIDAD;UNIDAD x 1 UND;1;1;1
ING02623;REPUESTO TRAPEADOR HUMEDO ALGODON PRETINA ROJO 16;UND;LIMPIEZA;PRD01418;;REPUESTO TRAPEADOR HUMEDO DE ALGODON CON PRETINA ROJO 16 OZ;UNIDAD;1;UNIDAD;UNIDAD x 1 UND;1;1;1
ING02624;REPUESTO TRAPEADOR MEZCLA SUPER STITCH MED AZUL;UND;LIMPIEZA;PRD01397;;REPUESTO TRAPEADOR DE MEZCLA SUPER STITCH MEDIANO AZUL FGD21206 RUBBERMAID;UNIDAD;1;UNIDAD;UNIDAD x 1 UND;1;1;1
ING02625;REPUESTO TRAPEADOR MEZCLA SUPER STITCH MED BLANCO;UND;LIMPIEZA;PRD01400;;REPUESTO TRAPEADOR DE MEZCLA SUPER STITCH MEDIANO BLANCO FGD21206 RUBBERMAID;UNIDAD;1;UNIDAD;UNIDAD x 1 UND;1;1;1
ING02626;REPUESTO TRAPEADOR MEZCLA SUPER STITCH MED ROJO;UND;LIMPIEZA;PRD01398;;REPUESTO TRAPEADOR DE MEZCLA SUPER STITCH MEDIANO ROJO FGD21206 RUBBERMAID;UNIDAD;1;UNIDAD;UNIDAD x 1 UND;1;1;1
ING02627;REPUESTO TRAPEADOR MEZCLA SUPER STITCH MED VERDE;UND;LIMPIEZA;PRD01399;;REPUESTO TRAPEADOR DE MEZCLA SUPER STITCH MEDIANO VERDE FGD21206 RUBBERMAID;UNIDAD;1;UNIDAD;UNIDAD x 1 UND;1;1;1
ING02628;RES - ASADO (OXAPAMPA);KG;;PRD01795;;RES - ASADO (OXAPAMPA);KILOGRAMO;1;KILOGRAMO;KILOGRAMO x 1 KG;1;1;1
ING02629;RES - ASADO A;KG;CONGELADOS;PRD01805;;RES - ASADO A;KILOGRAMO;1;KILOGRAMO;KILOGRAMO x 1 KG;1;1;1
ING02630;RES - ASADO CONGELADO;KG;CONGELADOS;PRD01810;;RES - ASADO;KILOGRAMO;1;KILOGRAMO;KILOGRAMO x 1 KG;1;1;1
ING02630;RES - ASADO CONGELADO;KG;CONGELADOS;PRD01817;;RES - ASADO (DON GOYO);KILOGRAMO;1;KILOGRAMO;KILOGRAMO x 1 KG;1;1;1
ING02631;RES - ASADO PL CONGELADO;KG;CONGELADOS;PRD01824;;RES - ASADO PL CONGELADO - KGM;KILOGRAMO;1;KILOGRAMO;KILOGRAMO x 1 KG;1;1;1
ING02632;RES - BIFE (OXAPAMPA);KG;;PRD01800;;RES - BIFE (OXAPAMPA);KILOGRAMO;1;KILOGRAMO;KILOGRAMO x 1 KG;1;1;1
ING02633;RES - BIFE CONGELADO;KG;CONGELADOS;PRD01816;;RES - BIFE;KILOGRAMO;1;KILOGRAMO;KILOGRAMO x 1 KG;1;1;1
ING02634;RES - BIFE PL CONGELADO;KG;CONGELADOS;PRD01829;;RES - BIFE PL CONGELADO - KGM;KILOGRAMO;1;KILOGRAMO;KILOGRAMO x 1 KG;1;1;1
ING02635;RES - BISTECK;KG;CONGELADOS;PRD01796;;RES - BISTECK (OXAPAMPA);KILOGRAMO;1;KILOGRAMO;KILOGRAMO x 1 KG;1;1;1
ING02636;RES - BISTECK CONGELADO;KG;CONGELADOS;PRD01790;;RES - BISTECK (DON GOYO);KILOGRAMO;1;KILOGRAMO;KILOGRAMO x 1 KG;1;1;1
ING02636;RES - BISTECK CONGELADO;KG;CONGELADOS;PRD01808;;RES - BISTECK;KILOGRAMO;1;KILOGRAMO;KILOGRAMO x 1 KG;1;1;1
ING02636;RES - BISTECK CONGELADO;KG;CONGELADOS;PRD01822;;RES - BISTECK PL CONGELADO - KGM;KILOGRAMO;1;KILOGRAMO;KILOGRAMO x 1 KG;1;1;1
ING02637;RES - GUISO CONGELADO;KG;CONGELADOS;PRD01791;;RES - GUISO CONGELADO (DON GOYO);KILOGRAMO;1;KILOGRAMO;KILOGRAMO x 1 KG;1;1;1
ING02637;RES - GUISO CONGELADO;KG;CONGELADOS;PRD01811;;RES - GUISO EN CUBOS;KILOGRAMO;1;KILOGRAMO;KILOGRAMO x 1 KG;1;1;1
ING02637;RES - GUISO CONGELADO;KG;CONGELADOS;PRD01812;;RES - GUISOS PICANTES;KILOGRAMO;1;KILOGRAMO;KILOGRAMO x 1 KG;1;1;1
ING02637;RES - GUISO CONGELADO;KG;CONGELADOS;PRD01819;;RES - GUISOS PICANTES DON GOYO;KILOGRAMO;1;KILOGRAMO;KILOGRAMO x 1 KG;1;1;1
ING02637;RES - GUISO CONGELADO;KG;CONGELADOS;PRD01820;;RES - GUISO EN CUBOS PL CONGELADO - KGM;KILOGRAMO;1;KILOGRAMO;KILOGRAMO x 1 KG;1;1;1
ING02637;RES - GUISO CONGELADO;KG;CONGELADOS;PRD01825;;RES - GUISO PICANTES PL CONGELADO - KGM;KILOGRAMO;1;KILOGRAMO;KILOGRAMO x 1 KG;1;1;1
ING02637;RES - GUISO CONGELADO;KG;CONGELADOS;PRD01832;;RES - GUISO CONGELADO;KILOGRAMO;1;KILOGRAMO;KILOGRAMO x 1 KG;1;1;1
ING02637;RES - GUISO CONGELADO;KG;CONGELADOS;PRD02860;;CAJA CHICA - RES - GUISO 30 GR ( SOPAS CORTE PICADO);KILOGRAMO;1;KILOGRAMO;KILOGRAMO x 1 KG;1;1;1
ING02638;RES - GUISO CONGELADO (OXAPAMPA);KG;CONGELADOS;PRD01797;;RES - GUISO CONGELADO (OXAPAMPA);KILOGRAMO;1;KILOGRAMO;KILOGRAMO x 1 KG;1;1;1
ING02639;RES - LOMO FINO SIN CORDON PL CONGELADO;KG;CONGELADOS;PRD01828;;RES - LOMO FINO SIN CORDON PL CONGELADO - KGM;KILOGRAMO;1;KILOGRAMO;KILOGRAMO x 1 KG;1;1;1
ING02640;RES - MALAYA (OXAPAMPA);KG;;PRD01798;;RES - MALAYA (OXAPAMPA);KILOGRAMO;1;KILOGRAMO;KILOGRAMO x 1 KG;1;1;1
ING02641;RES - MALAYA CONGELADO;KG;CONGELADOS;PRD01813;;RES - MALAYA;KILOGRAMO;1;KILOGRAMO;KILOGRAMO x 1 KG;1;1;1
ING02641;RES - MALAYA CONGELADO;KG;CONGELADOS;PRD01818;;RES - MALAYA (DON GOYO);KILOGRAMO;1;KILOGRAMO;KILOGRAMO x 1 KG;1;1;1
ING02642;RES - MALAYA PL CONGELADO;KG;CONGELADOS;PRD01826;;RES - MALAYA PL CONGELADO - KGM;KILOGRAMO;1;KILOGRAMO;KILOGRAMO x 1 KG;1;1;1
ING02643;RES - PARA SALTADO CONGELADO;KG;CONGELADOS;PRD01809;;RES - SALTADOS;KILOGRAMO;1;KILOGRAMO;KILOGRAMO x 1 KG;1;1;1
ING02644;RES - SALTADOS PL CONGELADO;KG;CONGELADOS;PRD01827;;RES - SALTADOS PL CONGELADO - KGM;KILOGRAMO;1;KILOGRAMO;KILOGRAMO x 1 KG;1;1;1
ING02645;RES - SOPAS C/HUESO CONGELADO;KG;CONGELADOS;PRD01815;;RES - SOPAS C/HUESO;KILOGRAMO;1;KILOGRAMO;KILOGRAMO x 1 KG;1;1;1
ING02646;RES - SOPAS C/HUESO PL CONGELADO;KG;CONGELADOS;PRD01799;;RES - SOPAS S/HUESO (OXAPAMPA);KILOGRAMO;1;KILOGRAMO;KILOGRAMO x 1 KG;1;1;1
ING02646;RES - SOPAS C/HUESO PL CONGELADO;KG;CONGELADOS;PRD01823;;RES - SOPAS C/HUESO PL CONGELADO - KGM;KILOGRAMO;1;KILOGRAMO;KILOGRAMO x 1 KG;1;1;1
ING02647;RES - SOPAS S/HUESO CONGELADO;KG;CONGELADOS;PRD01792;;RES - SOPAS S/HUESO (DON GOYO);KILOGRAMO;1;KILOGRAMO;KILOGRAMO x 1 KG;1;1;1
ING02647;RES - SOPAS S/HUESO CONGELADO;KG;CONGELADOS;PRD01806;;RES - SOPAS A;KILOGRAMO;1;KILOGRAMO;KILOGRAMO x 1 KG;1;1;1
ING02647;RES - SOPAS S/HUESO CONGELADO;KG;CONGELADOS;PRD01814;;RES - SOPAS S/HUESO;KILOGRAMO;1;KILOGRAMO;KILOGRAMO x 1 KG;1;1;1
ING02647;RES - SOPAS S/HUESO CONGELADO;KG;CONGELADOS;PRD01821;;RES - SOPAS S/HUESO PL CONGELADO - KGM;KILOGRAMO;1;KILOGRAMO;KILOGRAMO x 1 KG;1;1;1
ING02648;RES AGUJA CONGELADO IMPORTADO;KG;CONGELADOS;PRD03556;;CAJA CHICA - RES AGUJA CONGELADO IMPORTADO;KILOGRAMO;1;KILOGRAMO;KILOGRAMO x 1 KG;1;1;1
ING02649;RES AGUJA CONGELADO NACIONAL;KG;CONGELADOS;PRD03471;;CAJA CHICA - RES AGUJA CONGELADO NACIONAL;KILOGRAMO;1;KILOGRAMO;KILOGRAMO x 1 KG;1;1;1
ING02650;RES ASADO CUADRADO CONGELADO NACIONAL;KG;CONGELADOS;PRD03472;;CAJA CHICA - RES ASADO CUADRADO CONGELADO NACIONAL;KILOGRAMO;1;KILOGRAMO;KILOGRAMO x 1 KG;1;1;1
ING02651;RES ASADO DE TIRA C/HUESO NACIONAL;KG;CONGELADOS;PRD03437;;CAJA CHICA - RES ASADO DE TIRA C/HUESO NACIONAL;KILOGRAMO;1;KILOGRAMO;KILOGRAMO x 1 KG;1;1;1
ING02652;RES ASADO DE TIRA CONGELADO NACIONAL;KG;CONGELADOS;PRD03526;;CAJA CHICA - RES ASADO DE TIRA CONGELADO NACIONAL;KILOGRAMO;1;KILOGRAMO;KILOGRAMO x 1 KG;1;1;1
ING02653;RES ASADO PEJERREY CONGELADO;KG;CONGELADOS;PRD02840;;CAJA CHICA - RES ASADO PEJERREY CONGELADO;KILOGRAMO;1;KILOGRAMO;KILOGRAMO x 1 KG;1;1;1
ING02654;RES ASADO RUSO CONGELADO NACIONAL;KG;CONGELADOS;PRD03430;;CAJA CHICA - RES ASADO RUSO CONGELADO NACIONAL;KILOGRAMO;1;KILOGRAMO;KILOGRAMO x 1 KG;1;1;1
ING02655;RES BIFE ANCHO CONGELADO NACIONAL;KG;ABARROTES;PRD01236;;BIFE ANCHO CONGELADO NACIONAL;KILOGRAMO;1;KILOGRAMO;KILOGRAMO x 1 KG;1;1;1
ING02656;RES BIFE ANGOSTO CONGELADO AMERICANO;KG;CONGELADOS;PRD03001;;CAJA CHICA - RES BIFE ANGOSTO CONGELADO AMERICANO;KILOGRAMO;1;KILOGRAMO;KILOGRAMO x 1 KG;1;1;1
ING02657;RES BIFE ANGOSTO CONGELADO NACIONAL;KG;CONGELADOS;PRD03412;;CAJA CHICA - RES BIFE ANGOSTO CONGELADO NACIONAL;KILOGRAMO;1;KILOGRAMO;KILOGRAMO x 1 KG;1;1;1
ING02658;RES BISTECK 120 GR CONGELADO;KG;CONGELADOS;PRD03392;;CAJA CHICA - RES BISTECK 120 GR CONGELADO;KILOGRAMO;1;KILOGRAMO;KILOGRAMO x 1 KG;1;1;1
ING02659;RES BOLA DE LOMO CONGELADO AMERICANO;KG;CONGELADOS;PRD02941;;CAJA CHICA - RES BOLA DE LOMO CONGELADO AMERICANO;KILOGRAMO;1;KILOGRAMO;KILOGRAMO x 1 KG;1;1;1
ING02660;RES BOLA DE LOMO CONGELADO IMPORTADO;KG;CONGELADOS;PRD02841;;CAJA CHICA - RES BOLA DE LOMO CONGELADO IMPORTADO;KILOGRAMO;1;KILOGRAMO;KILOGRAMO x 1 KG;1;1;1
ING02661;RES BOLA DE LOMO CONGELADO NACIONAL;KG;CONGELADOS;PRD02787;;CAJA CHICA - RES BOLA DE LOMO CONGELADO NACIONAL;KILOGRAMO;1;KILOGRAMO;KILOGRAMO x 1 KG;1;1;1
ING02662;RES CARNAZA CUADRADA CONGELADO;KG;CONGELADOS;PRD02908;;CAJA CHICA - RES CARNAZA CUADRADA CONGELADO;KILOGRAMO;1;KILOGRAMO;KILOGRAMO x 1 KG;1;1;1
ING02663;RES CHINGOLO CONGELADO NACIONAL;KG;CONGELADOS;PRD03488;;CAJA CHICA - RES CHINGOLO CONGELADO NACIONAL;KILOGRAMO;1;KILOGRAMO;KILOGRAMO x 1 KG;1;1;1
ING02664;RES COLITA DE CUADRIL CONG IMPORTADO;KG;CONGELADOS;PRD03442;;CAJA CHICA - RES COLITA DE CUADRIL CONG IMPORTADO;KILOGRAMO;1;KILOGRAMO;KILOGRAMO x 1 KG;1;1;1
ING02665;RES CUARTO COMPENSADO CONGELADO;KG;ABARROTES;PRD01232;;CUARTO COMPENSADO DE RES CONGELADO;KILOGRAMO;1;KILOGRAMO;KILOGRAMO x 1 KG;1;1;1
ING02666;RES GARRON CONELADO NACIONAL;KG;CONGELADOS;PRD03489;;CAJA CHICA - RES GARRON CONELADO NACIONAL;KILOGRAMO;1;KILOGRAMO;KILOGRAMO x 1 KG;1;1;1
ING02667;RES GARRON IMPORTADO;KG;CONGELADOS;PRD03431;;CAJA CHICA - RES GARRON IMPORTADO;KILOGRAMO;1;KILOGRAMO;KILOGRAMO x 1 KG;1;1;1
ING02668;RES GUISO ECONOMICO CONGELADO;KG;CONGELADOS;PRD03548;;CAJA CHICA - RES GUISO ECONOMICO CONGELADO;KILOGRAMO;1;KILOGRAMO;KILOGRAMO x 1 KG;1;1;1
ING02669;RES GUISO TIERNO CONGELADO NACIONAL;KG;CONGELADOS;PRD03490;;CAJA CHICA - RES GUISO TIERNO CONGELADO NACIONAL;KILOGRAMO;1;KILOGRAMO;KILOGRAMO x 1 KG;1;1;1
ING02670;RES HAMBURGUESA CONGELADO;KG;CONGELADOS;PRD01214;;HAMBURGUESA DE RES CONGELADO;KILOGRAMO;1;KILOGRAMO;KILOGRAMO x 1 KG;1;1;1
ING02671;RES HIGADO CONGELADO;KG;CONGELADOS;PRD01215;;HIGADO DE RES CONGELADO;KILOGRAMO;1;KILOGRAMO;KILOGRAMO x 1 KG;1;1;1
ING02672;RES LOMO FINO CONGELADO IMPORTADO;KG;CONGELADOS;PRD01803;;LOMO FINO SIN CORDON CONGELADO BRASILERO;KILOGRAMO;1;KILOGRAMO;KILOGRAMO x 1 KG;1;1;1
ING02673;RES LOMO FINO CONGELADO NACIONAL;KG;CONGELADOS;PRD01788;;LOMO FINO SIN CORDON CONGELADO NACIONAL;KILOGRAMO;1;KILOGRAMO;KILOGRAMO x 1 KG;1;1;1
ING02673;RES LOMO FINO CONGELADO NACIONAL;KG;CONGELADOS;PRD02812;;CAJA CHICA - RES LOMO FINO CONGELADO NACIONAL;KILOGRAMO;1;KILOGRAMO;KILOGRAMO x 1 KG;1;1;1
ING02674;RES MALAYA AREQ;KG;CONGELADOS;PRD03413;;CAJA CHICA - RES MALAYA AREQ;KILOGRAMO;1;KILOGRAMO;KILOGRAMO x 1 KG;1;1;1
ING02675;RES NALGA DE ADENTRO CONGELADO NACIONAL;KG;CONGELADOS;PRD03491;;CAJA CHICA - RES NALGA DE ADENTRO CONGELADO NACIONAL;KILOGRAMO;1;KILOGRAMO;KILOGRAMO x 1 KG;1;1;1
ING02676;RES PALETA CONGELADO NACIONAL;KG;CONGELADOS;PRD03207;;CAJA CHICA - RES PALETA CONGELADO NACIONAL;KILOGRAMO;1;KILOGRAMO;KILOGRAMO x 1 KG;1;1;1
ING02677;RES PATA CONGELADO;KG;CONGELADOS;PRD01229;;PATA DE RES CONGELADO;KILOGRAMO;1;KILOGRAMO;KILOGRAMO x 1 KG;1;1;1
ING02678;RES PECHO MANTA CONGELADO;KG;CONGELADOS;PRD03549;;CAJA CHICA - RES PECHO MANTA CONGELADO;KILOGRAMO;1;KILOGRAMO;KILOGRAMO x 1 KG;1;1;1
ING02679;RES PULMON CONGELADO;KG;CONGELADOS;PRD03308;;CAJA CHICA - RES PULMON CONGELADO;KILOGRAMO;1;KILOGRAMO;KILOGRAMO x 1 KG;1;1;1
ING02680;RES TAPA DE CUADRIL CONGELADO;KG;CONGELADOS;PRD03513;;CAJA CHICA - RES TAPA DE CUADRIL CONGELADO;KILOGRAMO;1;KILOGRAMO;KILOGRAMO x 1 KG;1;1;1
ING02681;ROCOTO NORMAL;KG;FFVV;PRD00438;;ROCOTO;KILOGRAMO;1;KILOGRAMO;KILOGRAMO x 1 KG;1;1;1
ING02681;ROCOTO NORMAL;KG;FFVV;PRD02067;;ROCOTO (L);KILOGRAMO;1;KILOGRAMO;KILOGRAMO x 1 KG;1;1;1
ING02681;ROCOTO NORMAL;KG;FFVV;PRD02717;;CAJA CHICA - ROCOTO;KILOGRAMO;1;KILOGRAMO;KILOGRAMO x 1 KG;1;1;1
ING02682;ROCOTO PARA RELLENO;UND;ABARROTES;PRD00463;;ROCOTO P/ RELLENO;UNIDAD;1;UNIDAD;UNIDAD x 1 UND;1;1;1
ING02683;ROCOTO PARA RELLENO (KG);KG;ABARROTES;PRD03758;;CAJA CHICA - ROCOTO PARA RELLENO;KILOGRAMO;1;KILOGRAMO;KILOGRAMO x 1 KG;1;1;1
ING02684;ROMERO;KG;ABARROTES;PRD00854;;ROMERO SECO BADIA 8 OZ;FRASCO;0.2268;FRASCO;FRASCO x 0.2268 KG;1;1;1
ING02684;ROMERO;KG;ABARROTES;PRD00886;;ROMERO TIPO PIZZA 4 ESTACIONES 250 GR;BOLSA;0.25;BOLSA;BOLSA x 0.25 KG;1;1;1
ING02685;ROMERO 230 GR;UND;ABARROTES;PRD03571;;CAJA CHICA - ROMERO 230 GR;FRASCO;1;FRASCO;FRASCO x 1 UND;1;1;1
ING02686;ROMERO FRESCO;KG;ABARROTES;PRD03138;;CAJA CHICA - ROMERO FRESCO;KILOGRAMO;1;KILOGRAMO;KILOGRAMO x 1 KG;1;1;1
ING02687;RON POMALCA 750 ML;UND;ABARROTES;PRD03250;;CAJA CHICA - RON POMALCA 750 ML;BOTELLA;1;BOTELLA;BOTELLA x 1 UND;1;1;1
ING02688;ROSCA CON OREGANO;UND;ABARROTES;PRD03128;;CAJA CHICA - ROSCA CON OREGANO;UNIDAD;1;UNIDAD;UNIDAD x 1 UND;1;1;1
ING02689;ROSCA DULCE KG;KG;ABARROTES;PRD03126;;CAJA CHICA - ROSCA DULCE KG;KILOGRAMO;1;KILOGRAMO;KILOGRAMO x 1 KG;1;1;1
ING02690;ROSCA MANTEQUILLA CAJAMARQUEZA KG;KG;REFRIGERADOS;PRD03144;;CAJA CHICA - ROSCA MANTEQUILLA CAJAMARQUEZA KG;KILOGRAMO;1;KILOGRAMO;KILOGRAMO x 1 KG;1;1;1
ING02691;ROSCA SALADA KG;KG;ABARROTES;PRD03127;;CAJA CHICA - ROSCA SALADA KG;KILOGRAMO;1;KILOGRAMO;KILOGRAMO x 1 KG;1;1;1
ING02692;RUBBERMAID KIT ATRAPA POLVO 91 CM(ARMZM255-TRAPDRJ;UND;ABARROTES;PRD01396;;RUBBERMAID KIT ATRAPA POLVO 91CM(ARMZM255-TRAPDRFGK155 -PALOM146);UNIDAD;1;UNIDAD;UNIDAD x 1 UND;1;1;1
ING02693;RUBBERMAID KIT JALADOR DE AGUA 76 CM (JALADOR9C29-;UND;;PRD01412;;RUBBERMAID KIT JALADOR DE AGUA 76 CM (JALADOR9C29-PALO91018);UNIDAD;1;UNIDAD;UNIDAD x 1 UND;1;1;1
ING02694;RUBBERMAID REPUESTO ARMAZON TRAPEADOR M255 91 CM;UND;LIMPIEZA;PRD01393;;RUBBERMAID REPUESTO ARMAZON TRAPEADOR M255 91 CM;UNIDAD;1;UNIDAD;UNIDAD x 1 UND;1;1;1
ING02695;RUBBERMAID REPUESTO PALO FIJACION FIBRA VIDRIOM146;UND;ABARROTES;PRD01395;;RUBBERMAID REPUESTO PALO FIJACION FIBRA DE VIDRIO M146;UNIDAD;1;UNIDAD;UNIDAD x 1 UND;1;1;1
ING02696;RUBBERMAID REPUESTO TRAPEADOR DE POLVO 91 CM J255;UND;ABARROTES;PRD01394;;RUBBERMAID REPUESTO TRAPEADOR DE POLVO 91 CM FGK155;UNIDAD;1;UNIDAD;UNIDAD x 1 UND;1;1;1
ING02697;SACAGRASA DARYZA X 4 LT;UND;LIMPIEZA;PRD01613;;CAJA CHICA - SACAGRASA DARYZA X 4 LT;GALON;1;GALON;GALON x 1 UND;1;1;1
ING02698;SACASARRO SAPOLIO 500 ML;UND;ABARROTES;PRD02903;;CAJA CHICA - SACASARRO SAPOLIO 500 ML;BOTELLA;1;BOTELLA;BOTELLA x 1 UND;1;1;1
ING02699;SACHA CULANTRO;KG;ABARROTES;PRD03265;;CAJA CHICA - SACHA CULANTRO;KILOGRAMO;1;KILOGRAMO;KILOGRAMO x 1 KG;1;1;1
ING02700;SAILLAO OSCURO 5LT;L;ABARROTES;PRD04119;;CAJA CHICA - SAILLAO OSCURO 5LT;LITRO;1;LITRO;LITRO x 1 L;1;1;1
ING02701;SAL ARTESANAL;UND;ABARROTES;PRD03123;;CAJA CHICA - SAL ARTESANAL;GRAMO;1;GRAMO;GRAMO x 1 UND;1;1;1
ING02702;SAL DE COCINA;KG;ABARROTES;PRD00153;;SAL DE MESA (MARINA) EMSAL 1 KG;BOLSA;1;BOLSA;BOLSA x 1 KG;1;1;1
ING02702;SAL DE COCINA;KG;ABARROTES;PRD00839;;SAL DE MESA MARINA 1 KG;BOLSA;1;BOLSA;BOLSA x 1 KG;1;1;1
ING02702;SAL DE COCINA;KG;ABARROTES;PRD00842;;SAL DE COCINA SALINA 1 KG;BOLSA;1;BOLSA;BOLSA x 1 KG;1;1;1
ING02702;SAL DE COCINA;KG;ABARROTES;PRD00843;;SAL DE MESA JJD´MAR 1 KG;BOLSA;1;BOLSA;BOLSA x 1 KG;1;1;1
ING02702;SAL DE COCINA;KG;ABARROTES;PRD00847;;SAL DE COCINA JJD'MAR 1 KG;BOLSA;1;BOLSA;BOLSA x 1 KG;1;1;1
ING02702;SAL DE COCINA;KG;ABARROTES;PRD00852;;SAL LOPESA 1 KG;BOLSA;1;BOLSA;BOLSA x 1 KG;1;1;1
ING02702;SAL DE COCINA;KG;ABARROTES;PRD00891;;SAL FINA LOBOS 1 KG;BOLSA;1;BOLSA;BOLSA x 1 KG;1;1;1
ING02702;SAL DE COCINA;KG;ABARROTES;PRD03002;;CAJA CHICA - SAL DE COCINA X 1 KG;UNIDAD;1;UNIDAD;UNIDAD x 1 KG;1;1;1
ING02703;SAL PARRILLERA 1 KG;KG;ABARROTES;PRD03766;;CAJA CHICA - SAL PARRILLERA 1 KG;KILOGRAMO;1;KILOGRAMO;KILOGRAMO x 1 KG;1;1;1
ING02704;SAL PERSONAL GENERICO;UND;ABARROTES;PRD00841;;SAL PERSONAL 5 GR TRES ESPADAS 1 MILLAR;PAQUETE;1000;PAQUETE;PAQUETE x 1000 UND;1;1;1
ING02705;SAL PERSONAL SODEXO (0.5 GR);UND;;PRD00165;;SAL PERSONAL SODEXO (0.5GR) 1 MILLAR;PAQUETE;1000;PAQUETE;PAQUETE x 1000 UND;1;1;1
ING02706;SAL SACHET SODEXO 10 GR;UND;ABARROTES;PRD03003;;CAJA CHICA - SAL SACHET SODEXO 10 GR;UNIDAD;1;UNIDAD;UNIDAD x 1 UND;1;1;1
ING02707;SAL YODADA 25 X KILOGRAMOS;KG;ABARROTES;PRD04134;;CAJA CHICA - SAL YODADA 25 X KILOGRAMOS;KILOGRAMO;1;KILOGRAMO;KILOGRAMO x 1 KG;1;1;1
ING02708;SALAME X 500 GR;UND;ABARROTES;PRD04022;;CAJA CHICA - SALAME X 500 GR;GRAMO;1;GRAMO;GRAMO x 1 UND;1;1;1
ING02709;SALCHICHA DE HUACHO CONGELADO;KG;CONGELADOS;PRD00799;;SALCHICHA HUACHO CONGELADO KG;KILOGRAMO;1;KILOGRAMO;KILOGRAMO x 1 KG;1;1;1
ING02709;SALCHICHA DE HUACHO CONGELADO;KG;CONGELADOS;PRD01850;;SALCHICHA HUACHO CONGELADO 600 GR;PAQUETE;0.6;PAQUETE;PAQUETE x 0.6 KG;1;1;1
ING02710;SALCHICHA FRANFURT KG;KG;ABARROTES;PRD03902;;CAJA CHICA - SALCHICHA FRANFURT KG;KILOGRAMO;1;KILOGRAMO;KILOGRAMO x 1 KG;1;1;1
ING02711;SALCHICHA HOT DOG CONGELADO;KG;CONGELADOS;PRD01849;;HOT DOG CONGELADO KG;KILOGRAMO;1;KILOGRAMO;KILOGRAMO x 1 KG;1;1;1
ING02711;SALCHICHA HOT DOG CONGELADO;KG;CONGELADOS;PRD01853;;HOT DOG CONGELADO KG - BRAEDT;KILOGRAMO;1;KILOGRAMO;KILOGRAMO x 1 KG;1;1;1
ING02712;SALCHICHA HOT DOG REFRIGERADO;KG;REFRIGERADOS;PRD00789;;HOT DOG REFRIGERADO KG;KILOGRAMO;1;KILOGRAMO;KILOGRAMO x 1 KG;1;1;1
ING02713;SALCHICHA HOT DOG REFRIGERADO KG;KG;REFRIGERADOS;PRD02807;;CAJA CHICA - SALCHICHA HOT DOG REFRIGERADO KG;KILOGRAMO;1;KILOGRAMO;KILOGRAMO x 1 KG;1;1;1
ING02714;SALMON AHUMADO X KG;KG;ABARROTES;PRD03860;;CAJA CHICA - SALMON AHUMADO X KG;KILOGRAMO;1;KILOGRAMO;KILOGRAMO x 1 KG;1;1;1
ING02715;SALSA AJI PARRILLERO EMIC 1 KG;KG;ABARROTES;PRD02204;;SALSA AJI PARRILLERO EMIC 1 KG;BOLSA;1;BOLSA;BOLSA x 1 KG;1;1;1
ING02716;SALSA BARBECUE (BBQ);KG;;PRD03522;;CAJA CHICA - SALSA BARBECUE (BBQ);KILOGRAMO;1;KILOGRAMO;KILOGRAMO x 1 KG;1;1;1
ING02717;SALSA BBQ;L;ABARROTES;PRD00158;;SALSA BARBECUE BBQ ORIGINAL HUNT 510 ML;FRASCO;0.51;FRASCO;FRASCO x 0.51 L;1;1;1
ING02718;SALSA BBQ (KG);KG;ABARROTES;PRD01097;;SALSA BBQ LUREN 510 GRM;FRASCO;0.51;FRASCO;FRASCO x 0.51 KG;1;1;1
ING02719;SALSA BBQ 612 GR;UND;ABARROTES;PRD02987;;CAJA CHICA - SALSA BBQ 612 GR;FRASCO;1;FRASCO;FRASCO x 1 UND;1;1;1
ING02720;SALSA BBQ AHUM;UND;ABARROTES;PRD02767;;CAJA CHICA - SALSA BBQ AHUM;FRASCO;1;FRASCO;FRASCO x 1 UND;1;1;1
ING02721;SALSA BBQ EMIC 1 KG;KG;;PRD02206;;SALSA BBQ EMIC 1 KG;BOLSA;1;BOLSA;BOLSA x 1 KG;1;1;1
ING02722;SALSA BLANCA;KG;REFRIGERADOS;PRD00648;;SALSA BLANCA EMIC 1 KG;BOLSA;1;BOLSA;BOLSA x 1 KG;1;1;1
ING02723;SALSA BOLOGNESA EMIC;KG;REFRIGERADOS;PRD00646;;SALSA BOLOGNESA EMIC 1 KG;BOLSA;1;BOLSA;BOLSA x 1 KG;1;1;1
ING02724;SALSA CHIHOU CHUBANG 220GR;UND;ABARROTES;PRD04124;;CAJA CHICA - SALSA CHIHOU CHUBANG 220GR;GRAMO;1;GRAMO;GRAMO x 1 UND;1;1;1
ING02725;SALSA CHIMICHURRI EMIC 1 KG;KG;;PRD02203;;SALSA CHIMICHURRI EMIC 1 KG;BOLSA;1;BOLSA;BOLSA x 1 KG;1;1;1
ING02726;SALSA COINTREAU;UND;ABARROTES;PRD03384;;CAJA CHICA - SALSA COINTREAU;BOTELLA;1;BOTELLA;BOTELLA x 1 UND;1;1;1
ING02727;SALSA DE AJI;KG;ABARROTES;PRD01086;;SALSA DE AJI TARI 85 GR;SACHET;0.085;SACHET;SACHET x 0.085 KG;1;1;1
ING02728;SALSA DE AJI 8 GR SACHET;UND;ABARROTES;PRD03285;;CAJA CHICA - SALSA DE AJI 8 GR SACHET;UNIDAD;1;UNIDAD;UNIDAD x 1 UND;1;1;1
ING02729;SALSA DE AJI C/AJO 6.5KG;KG;ABARROTES;PRD04129;;CAJA CHICA - SALSA DE AJI C/AJO 6.5KG;KILOGRAMO;1;KILOGRAMO;KILOGRAMO x 1 KG;1;1;1
ING02730;SALSA DE AJI CASERO 10 GR;UND;ABARROTES;PRD00127;;SALSA DE AJI CASERO TRESA 5 GR;SACHET;1;SACHET;SACHET x 1 UND;1;1;1
ING02730;SALSA DE AJI CASERO 10 GR;UND;ABARROTES;PRD01055;;SALSA DE AJI CASERO TRESA 8/10 GR;SACHET;1;SACHET;SACHET x 1 UND;1;1;1
ING02731;SALSA DE AJI POLLERO KG;KG;ABARROTES;PRD01084;;SALSA DE AJI POLLERO RAM 1 KG;BOLSA;1;BOLSA;BOLSA x 1 KG;1;1;1
ING02732;SALSA DE AJI ROCOTO KG;KG;REFRIGERADOS;PRD01085;;SALSA DE AJI ROCOTO RAM 1 KG;BOLSA;1;BOLSA;BOLSA x 1 KG;1;1;1
ING02732;SALSA DE AJI ROCOTO KG;KG;REFRIGERADOS;PRD01093;;SALSA DE AJI ROCOTO EMIC 1 KG;BOLSA;1;BOLSA;BOLSA x 1 KG;1;1;1
ING02733;SALSA DE AJI SACHET;UND;ABARROTES;PRD01078;;SALSA DE AJI SODEXO 5 GR;SACHET;1;SACHET;SACHET x 1 UND;1;1;1
ING02734;SALSA DE AJI SHINGKEE 375G GR CAJA DE 24 UND;UND;ABARROTES;PRD04139;;CAJA CHICA - SALSA DE AJI SHINGKEE 375G GR CAJA DE 24 UND;CAJA;1;CAJA;CAJA x 1 UND;1;1;1
ING02735;SALSA DE AJI TARI 10 GR;UND;ABARROTES;PRD01057;;SALSA AJI TARI 10/8GR;SACHET;1;SACHET;SACHET x 1 UND;1;1;1
ING02735;SALSA DE AJI TARI 10 GR;UND;ABARROTES;PRD01058;;SALSA AJI TARI 10/8 GR SACHET;SACHET;1;SACHET;SACHET x 1 UND;1;1;1
ING02735;SALSA DE AJI TARI 10 GR;UND;ABARROTES;PRD01074;;SALSA DE AJI TARI 10/8 GR;SACHET;1;SACHET;SACHET x 1 UND;1;1;1
ING02736;SALSA DE AJONJOLI (SANFENG) 280 GR X 24 UND;UND;;PRD04140;;CAJA CHICA - SALSA DE AJONJOLI (SANFENG) 280 GR X 24 UND;UNIDAD;1;UNIDAD;UNIDAD x 1 UND;1;1;1
ING02737;SALSA DE PESCADO 750 ML;UND;ABARROTES;PRD04118;;CAJA CHICA - SALSA DE PESCADO 750 ML;MILLAR;1;MILLAR;MILLAR x 1 UND;1;1;1
ING02738;SALSA DE PESCADO PICANTE;UND;ABARROTES;PRD04068;;CAJA CHICA - SALSA DE PESCADO PICANTE;FRASCO;1;FRASCO;FRASCO x 1 UND;1;1;1
ING02739;SALSA DE PESCADO PICANTE - FRASCO;UND;ABARROTES;PRD04062;;CAJA CHICA - SALSA DE PESCADO PICANTE - FRASCO;FRASCO;1;FRASCO;FRASCO x 1 UND;1;1;1
ING02740;SALSA DE ROCOTO;KG;ABARROTES;PRD01083;;SALSA ROCOTO ALACENA 85 GR;SACHET;0.085;SACHET;SACHET x 0.085 KG;1;1;1
ING02741;SALSA DE ROCOTO ALACENA 8 CC;UND;ABARROTES;PRD03501;;CAJA CHICA - SALSA DE ROCOTO ALACENA 8 CC;SACHET;1;SACHET;SACHET x 1 UND;1;1;1
ING02742;SALSA DE ROCOTO SACHET;UND;ABARROTES;PRD01079;;SALSA DE ROCOTO SODEXO 5 GR;SACHET;1;SACHET;SACHET x 1 UND;1;1;1
ING02743;SALSA DE TABASCO ROJO LT.;L;ABARROTES;PRD00148;;SALSA TABASCO MC ILHENNY 150 ML;FRASCO;0.15;FRASCO;FRASCO x 0.15 L;1;1;1
ING02744;SALSA DE TAMARINDO;L;ABARROTES;PRD00167;;SALSA TAMARINDO KIKKO 350 ML;BOTELLA;0.35;BOTELLA;BOTELLA x 0.35 L;1;1;1
ING02745;SALSA DE TAMARINDO 760GR CAJA 12 BOT SHINGLEE;UND;ABARROTES;PRD01634;;CAJA CHICA - SALSA DE TAMARINDO 760GR CAJA 12 BOT SHINGLEE;CAJA;1;CAJA;CAJA x 1 UND;1;1;1
ING02746;SALSA ESPAÑOLA MACROFOOD 1 KG;KG;;PRD00600;;SALSA ESPAÑOLA MACROFOOD 1 KG;BOLSA;1;BOLSA;BOLSA x 1 KG;1;1;1
ING02747;SALSA HOISIN LT;UND;ABARROTES;PRD03469;;CAJA CHICA - SALSA HOISIN LT;BOTELLA;1;BOTELLA;BOTELLA x 1 UND;1;1;1
ING02748;SALSA INGLESA (L);L;ABARROTES;PRD00154;;SALSA INGLESA LEA PEARRINS 290 ML;FRASCO;0.29;FRASCO;FRASCO x 0.29 L;1;1;1
ING02748;SALSA INGLESA (L);L;ABARROTES;PRD01098;;SALSA INGLESA LUREN 295 ML;FRASCO;0.295;FRASCO;FRASCO x 0.295 L;1;1;1
ING02748;SALSA INGLESA (L);L;ABARROTES;PRD01099;;SALSA INGLESA LUREN 295 ML PET;BOTELLA;0.295;BOTELLA;BOTELLA x 0.295 L;1;1;1
ING02749;SALSA ITALIANA 237ML;UND;ABARROTES;PRD02861;;CAJA CHICA - SALSA ITALIANA 237ML;UNIDAD;1;UNIDAD;UNIDAD x 1 UND;1;1;1
ING02750;SALSA MAYONESA ACEVICHADA;KG;REFRIGERADOS;PRD02205;;SALSA MAYONESA ACEVICHADA EMIC 1 KG;BOLSA;1;BOLSA;BOLSA x 1 KG;1;1;1
ING02751;SALSA MENSI (L);L;ABARROTES;PRD00166;;SALSA MENSI KIKKO 350 ML PET;BOTELLA;0.35;BOTELLA;BOTELLA x 0.35 L;1;1;1
ING02752;SALSA MENSI KIKKO X 350 ML;L;ABARROTES;PRD04023;;CAJA CHICA - SALSA MENSI KIKKO X 350 ML;LITRO;1;LITRO;LITRO x 1 L;1;1;1
ING02753;SALSA OSTION;L;ABARROTES;PRD01056;;SALSA OSTION HADAY 700 ML (VIDRIO);FRASCO;0.7;FRASCO;FRASCO x 0.7 L;1;1;1
ING02753;SALSA OSTION;L;ABARROTES;PRD01059;;SALSA OSTION HADAY X 260 ML;FRASCO;0.26;FRASCO;FRASCO x 0.26 L;1;1;1
ING02753;SALSA OSTION;L;ABARROTES;PRD01060;;SALSA OSTION HADAY X 260 ML - UNIDAD;FRASCO;0.26;FRASCO;FRASCO x 0.26 L;1;1;1
ING02753;SALSA OSTION;L;ABARROTES;PRD01061;;SALSA OSTION HADAY X 250 ML;FRASCO;0.25;FRASCO;FRASCO x 0.25 L;1;1;1
ING02753;SALSA OSTION;L;ABARROTES;PRD01062;;SALSA OSTION JADE BRIDGE 250 ML;FRASCO;0.25;FRASCO;FRASCO x 0.25 L;1;1;1
ING02754;SALSA OSTION (KG);KG;ABARROTES;PRD00157;;SALSA OSTION LEE KUN KEE 510/480 GR;FRASCO;0.48;FRASCO;FRASCO x 0.48 KG;1;1;1
ING02755;SALSA OSTION 2.27KG YUESHTFU;KG;ABARROTES;PRD04128;;CAJA CHICA - SALSA OSTION 2.27KG YUESHTFU;KILOGRAMO;1;KILOGRAMO;KILOGRAMO x 1 KG;1;1;1
ING02756;SALSA OSTION 510 ML;UND;ABARROTES;PRD03570;;CAJA CHICA - SALSA OSTION 510 ML;BOTELLA;1;BOTELLA;BOTELLA x 1 UND;1;1;1
ING02757;SALSA OSTION NAKAMITO 270 ML (EMER);L;;PRD01065;;SALSA OSTION NAKAMITO 270 ML (EMER);FRASCO;0.27;FRASCO;FRASCO x 0.27 L;1;1;1
ING02758;SALSA OSTION SOFIT 730 ML;UND;ABARROTES;PRD03342;;CAJA CHICA - SALSA OSTION SOFIT 730 ML;FRASCO;1;FRASCO;FRASCO x 1 UND;1;1;1
ING02759;SALSA PESTO EMIC;KG;REFRIGERADOS;PRD00647;;SALSA PESTO (VERDE) EMIC 1 KG;BOLSA;1;BOLSA;BOLSA x 1 KG;1;1;1
ING02760;SALSA PICNIC HEINZ X 375 ML;UND;ABARROTES;PRD03896;;CAJA CHICA - SALSA PICNIC HEINZ X 375 ML;FRASCO;1;FRASCO;FRASCO x 1 UND;1;1;1
ING02761;SALSA POMODORO;KG;REFRIGERADOS;PRD01092;;SALSA POMODORO EMIC 1 KG;BOLSA;1;BOLSA;BOLSA x 1 KG;1;1;1
ING02762;SALSA SHUR FINE;UND;ABARROTES;PRD02768;;CAJA CHICA - SALSA SHUR FINE;FRASCO;1;FRASCO;FRASCO x 1 UND;1;1;1
ING02763;SALSA SILLAO;L;ABARROTES;PRD00138;;SALSA SILLAU TRESA 4 LT;GALON;4;GALON;GALON x 4 L;1;1;1
ING02763;SALSA SILLAO;L;ABARROTES;PRD01051;;SALSA SILLAU TRESA 3.8 LT;GALON;3.8;GALON;GALON x 3.8 L;1;1;1
ING02763;SALSA SILLAO;L;ABARROTES;PRD01063;;SALSA SILLAO LOPESA 5 LT;GALON;5;GALON;GALON x 5 L;1;1;1
ING02764;SALSA SILLAO CLARO X 750 ML;UND;ABARROTES;PRD04066;;CAJA CHICA - SALSA SILLAO CLARO X 750 ML;FRASCO;1;FRASCO;FRASCO x 1 UND;1;1;1
ING02765;SALSA SILLAO CLARO X 750 ML - FRASCO;UND;ABARROTES;PRD04060;;CAJA CHICA - SALSA SILLAO CLARO X 750 ML - FRASCO;FRASCO;1;FRASCO;FRASCO x 1 UND;1;1;1
ING02766;SALSA SILLAO FLORIDA 500 ML;UND;ABARROTES;PRD03553;;CAJA CHICA - SALSA SILLAO FLORIDA 500 ML;BOTELLA;1;BOTELLA;BOTELLA x 1 UND;1;1;1
ING02767;SALSA SILLAO TRESA 4 LT;UND;ABARROTES;PRD03343;;CAJA CHICA - SALSA SILLAO TRESA 4 LT;BIDON;1;BIDON;BIDON x 1 UND;1;1;1
ING02768;SALSA SILLAO X LT;UND;ABARROTES;PRD03616;;CAJA CHICA - SALSA SILLAO X LT;BOTELLA;1;BOTELLA;BOTELLA x 1 UND;1;1;1
ING02769;SALSA SILLAU AJINOSILLAU X 5 LT.;L;ABARROTES;PRD03723;;CAJA CHICA - SALSA SILLAU AJINOSILLAU X 5 LT.;BIDON;5;BIDON;BIDON x 5 L;1;1;1
ING02770;SALSA SILLAU KIKKO X 5 LT;L;ABARROTES;PRD03722;;CAJA CHICA - SALSA SILLAU KIKKO X 5 LT;BIDON;5;BIDON;BIDON x 5 L;1;1;1
ING02771;SALSA TABASCO 150 ML;UND;ABARROTES;PRD02781;;CAJA CHICA - SALSA TABASCO 150 ML;UNIDAD;1;UNIDAD;UNIDAD x 1 UND;1;1;1
ING02772;SALSA TABASCO MC ILHENNY 60 ML;UND;ABARROTES;PRD02897;;CAJA CHICA - SALSA TABASCO MC ILHENNY 60 ML;BOTELLA;1;BOTELLA;BOTELLA x 1 UND;1;1;1
ING02773;SALSA TAMARINDO ORIENTAL 390 ML;UND;ABARROTES;PRD03295;;CAJA CHICA - SALSA TAMARINDO ORIENTAL 390 ML;FRASCO;1;FRASCO;FRASCO x 1 UND;1;1;1
ING02774;SALSA TAUSI (AJOS Y FREJOLES NEGROS);KG;;PRD00155;;SALSA TAUSI LEE KUN KEE 368 GR;FRASCO;0.368;FRASCO;FRASCO x 0.368 KG;1;1;1
ING02775;SALSA TAUSI (AJOS Y FRIJOLES) 368 GR;UND;;PRD02988;;CAJA CHICA - SALSA TAUSI (AJOS Y FRIJOLES) 368 GR;LATA;1;LATA;LATA x 1 UND;1;1;1
ING02776;SALSA TAUSI PARA CHULETA CHUBANG 220GR;UND;ABARROTES;PRD04125;;CAJA CHICA - SALSA TAUSI PARA CHULETA CHUBANG 220GR;GRAMO;1;GRAMO;GRAMO x 1 UND;1;1;1
ING02777;SALSA TAUSI PICANTE C/CHANCHO 280GR;UND;ABARROTES;PRD04127;;CAJA CHICA - SALSA TAUSI PICANTE C/CHANCHO 280GR;GRAMO;1;GRAMO;GRAMO x 1 UND;1;1;1
ING02778;SALSERO DE 2 OZ NEGRO MILLAR;UND;ABARROTES;PRD02303;;SALSERO DE 2 OZ NEGRO X MILLAR;PAQUETE;1000;PAQUETE;PAQUETE x 1000 UND;1;1;1
ING02779;SALTY MIX VALLE ALTO X 40 GR;UND;ABARROTES;PRD00845;;SALTY MIX VALLEALTO X 40 GR;BOLSA;1;BOLSA;BOLSA x 1 UND;1;1;1
ING02779;SALTY MIX VALLE ALTO X 40 GR;UND;ABARROTES;PRD00851;;SALTY MIX VALLEALTO 40 GR;BOLSA;1;BOLSA;BOLSA x 1 UND;1;1;1
ING02780;SALVADO DE TRIGO;KG;ABARROTES;PRD00245;;SALVADO DE TRIGO KUMARA 5 KG;BOLSA;5;BOLSA;BOLSA x 5 KG;1;1;1
ING02781;SALVADO DE TRIGO X KG;KG;ABARROTES;PRD03703;;CAJA CHICA - SALVADO DE TRIGO X KG;KILOGRAMO;1;KILOGRAMO;KILOGRAMO x 1 KG;1;1;1
ING02782;SANCOCHADO DE RES;KG;ABARROTES;PRD03206;;CAJA CHICA - SANCOCHADO DE RES;KILOGRAMO;1;KILOGRAMO;KILOGRAMO x 1 KG;1;1;1
ING02783;SANDALIAS DE PLASTICO PAR;UND;KIOSKO;PRD01609;;SANDALIAS COCODRILO;PAR;1;PAR;PAR x 1 UND;1;1;1
ING02784;SANDALIAS VEGAS SURF;UND;ABARROTES;PRD02898;;CAJA CHICA - SANDALIAS VEGAS SURF;PAR;1;PAR;PAR x 1 UND;1;1;1
ING02785;SANDIA;KG;FFVV;PRD00569;;SANDIA;KILOGRAMO;1;KILOGRAMO;KILOGRAMO x 1 KG;1;1;1
ING02785;SANDIA;KG;FFVV;PRD02718;;CAJA CHICA - SANDIA;KILOGRAMO;1;KILOGRAMO;KILOGRAMO x 1 KG;1;1;1
ING02786;SANI DRY SPARTAN - DESINFECTANTE;L;ABARROTES;PRD02442;;SANI DRY SPARTAN 1 LITRO;LITRO;1;LITRO;LITRO x 1 L;1;1;1
ING02786;SANI DRY SPARTAN - DESINFECTANTE;L;ABARROTES;PRD02456;;SANI DRY SPARTAN 3.875 LITROS;GALON;3.875;GALON;GALON x 3.875 L;1;1;1
ING02786;SANI DRY SPARTAN - DESINFECTANTE;L;ABARROTES;PRD02469;;SANI DRY SPARTAN 5 LITROS;UNIDAD;5;UNIDAD;UNIDAD x 5 L;1;1;1
ING02786;SANI DRY SPARTAN - DESINFECTANTE;L;ABARROTES;PRD02482;;SANI DRY SPARTAN 19 LITROS;BIDON;19;BIDON;BIDON x 19 L;1;1;1
ING02787;SANI T 10 FRESH SPARTAN - LIMPIADOR MULTIPROPOSITO;L;ABARROTES;PRD02455;;SANI T 10 FRESH SPARTAN 3.875 LITROS;GALON;3.875;GALON;GALON x 3.875 L;1;1;1
ING02787;SANI T 10 FRESH SPARTAN - LIMPIADOR MULTIPROPOSITO;L;ABARROTES;PRD02468;;SANI T 10 FRESH SPARTAN 5 LITROS;UNIDAD;5;UNIDAD;UNIDAD x 5 L;1;1;1
ING02787;SANI T 10 FRESH SPARTAN - LIMPIADOR MULTIPROPOSITO;L;ABARROTES;PRD02481;;SANI T 10 FRESH SPARTAN 19 LITROS;BIDON;19;BIDON;BIDON x 19 L;1;1;1
ING02788;SANI-T-10 SPARTAN - DESINFECTANTE;L;ABARROTES;PRD02517;;SANI-T-10 SPARTAN 3.875 LITROS;GALON;3.875;GALON;GALON x 3.875 L;1;1;1
ING02788;SANI-T-10 SPARTAN - DESINFECTANTE;L;ABARROTES;PRD02526;;SANI-T-10 SPARTAN 5 LITROS - SPARTAN;UNIDAD;5;UNIDAD;UNIDAD x 5 L;1;1;1
ING02788;SANI-T-10 SPARTAN - DESINFECTANTE;L;ABARROTES;PRD02535;;SANI-T-10 SPARTAN 19 LITROS;BIDON;19;BIDON;BIDON x 19 L;1;1;1
ING02789;SANIT - OX FP SPARTAN - DESINFECTANTE ALIME Y SUPE;L;LIMPIEZA;PRD02498;;SANIT-OX FP SPARTAN 5 LITROS;UNIDAD;5;UNIDAD;UNIDAD x 5 L;1;1;1
ING02789;SANIT - OX FP SPARTAN - DESINFECTANTE ALIME Y SUPE;L;LIMPIEZA;PRD02509;;SANIT-OX FP SPARTAN 19 LITROS;BIDON;19;BIDON;BIDON x 19 L;1;1;1
ING02790;SANIT 10 GARRAFA;L;LIMPIEZA;PRD01435;;SANIT 10 GARRAFA- 5 LITROS SPARTAN;UNIDAD;5;UNIDAD;UNIDAD x 5 L;1;1;1
ING02791;SAVILA;KG;ABARROTES;PRD01984;;CAJA CHICA - SAVILA;KILOGRAMO;1;KILOGRAMO;KILOGRAMO x 1 KG;1;1;1
ING02792;SAZON COMPLETA BADIA;UND;ABARROTES;PRD02769;;CAJA CHICA - SAZON COMPLETA BADIA;FRASCO;1;FRASCO;FRASCO x 1 UND;1;1;1
ING02793;SECADOR DE TELA;UND;LIMPIEZA;PRD01599;;SECADOR DE TELA;UNIDAD;1;UNIDAD;UNIDAD x 1 UND;1;1;1
ING02793;SECADOR DE TELA;UND;LIMPIEZA;PRD02822;;CAJA CHICA - SECADOR DE TELA;UNIDAD;1;UNIDAD;UNIDAD x 1 UND;1;1;1
ING02794;SEMOLA;KG;ABARROTES;PRD00209;;SEMOLA BENOTI 25 KG;BOLSA;25;BOLSA;BOLSA x 25 KG;1;1;1
ING02794;SEMOLA;KG;ABARROTES;PRD00211;;SEMOLA NICOLINI 10 KG;BOLSA;10;BOLSA;BOLSA x 10 KG;1;1;1
ING02794;SEMOLA;KG;ABARROTES;PRD00246;;SEMOLA MOLITALIA 25 KG;BOLSA;25;BOLSA;BOLSA x 25 KG;1;1;1
ING02795;SEMOLA (EN LAS VALIDACIONES VIENEN EN 25 KG Y S;KG;ABARROTES;PRD04024;;CAJA CHICA - SEMOLA (EN LAS VALIDACIONES VIENEN EN 25 KG Y S;KILOGRAMO;1;KILOGRAMO;KILOGRAMO x 1 KG;1;1;1
ING02796;SEMOLA SAYON KG;KG;ABARROTES;PRD03095;;CAJA CHICA - SEMOLA SAYON KG;KILOGRAMO;1;KILOGRAMO;KILOGRAMO x 1 KG;1;1;1
ING02797;SEN CUA UND;UND;ABARROTES;PRD04047;;CAJA CHICA - SEN CUA UND;UNIDAD;1;UNIDAD;UNIDAD x 1 UND;1;1;1
ING02798;SERVILLETA 12 X12 DOBLADAS SODEXO 150 UND;UND;DESCARTABLES;PRD02819;;CAJA CHICA - SERVILLETA 12 X12 DOBLADAS SODEXO 150 UND;PAQUETE;1;PAQUETE;PAQUETE x 1 UND;1;1;1
ING02799;SERVILLETA AIRFLEX 200 HOJAS;UND;LIMPIEZA;PRD01331;;SERVILLETA AIRFLEX 200 HOJAS (30209703);UNIDAD;200;UNIDAD;UNIDAD x 200 UND;1;1;1
ING02800;SERVILLETA COCKTAIL OLEGO AMARILLO;UND;DESCARTABLES;PRD04094;;CAJA CHICA - SERVILLETA COCKTAIL OLEGO AMARILLO;PAQUETE;1;PAQUETE;PAQUETE x 1 UND;1;1;1
ING02801;SERVILLETA COCKTAIL OLEGO ROJO;UND;DESCARTABLES;PRD04092;;CAJA CHICA - SERVILLETA COCKTAIL OLEGO ROJO;PAQUETE;1;PAQUETE;PAQUETE x 1 UND;1;1;1
ING02802;SERVILLETA COCKTAIL OLEGO VERDE;UND;DESCARTABLES;PRD04093;;CAJA CHICA - SERVILLETA COCKTAIL OLEGO VERDE;PAQUETE;1;PAQUETE;PAQUETE x 1 UND;1;1;1
ING02803;SERVILLETA ELITE ECOLOGICA 33 X 22.5 100 UNID;UND;LIMPIEZA;PRD01332;;SERVILLETA ELITE ECOLOGICA 33 X 22.5 100 UND;PAQUETE;100;PAQUETE;PAQUETE x 100 UND;1;1;1
ING02804;SERVILLETA FINA X 200 UND;UND;DESCARTABLES;PRD03966;;CAJA CHICA - SERVILLETA FINA X 200 UND;PAQUETE;1;PAQUETE;PAQUETE x 1 UND;1;1;1
ING02805;SERVILLETA POP UP AIRFLEX SCOTT;UND;LIMPIEZA;PRD01330;;SERVILLETA POP UP AIRFLEX SCOTT 120 UND ( 30209601 );UNIDAD;120;UNIDAD;UNIDAD x 120 UND;1;1;1
ING02806;SERVILLETA TESS 6 UND DE 400 HOJAS;UND;ABARROTES;PRD01329;;SERVILLETA TESS 6 UND DE 400 HOJAS;PAQUETE;1;PAQUETE;PAQUETE x 1 UND;1;1;1
ING02807;SERVILLETAS DOBLADAS X 50 UND;UND;DESCARTABLES;PRD03735;;CAJA CHICA - SERVILLETAS DOBLADAS X 50 UND;PAQUETE;1;PAQUETE;PAQUETE x 1 UND;1;1;1
ING02808;SERVILLETAS ELITE 200 UNID;UND;DESCARTABLES;PRD03959;;CAJA CHICA - SERVILLETAS ELITE 200 UNID;UNIDAD;1;UNIDAD;UNIDAD x 1 UND;1;1;1
ING02809;SERVILLETAS NOBLE X 200 UND;UND;DESCARTABLES;PRD03965;;CAJA CHICA - SERVILLETAS NOBLE X 200 UND;PAQUETE;1;PAQUETE;PAQUETE x 1 UND;1;1;1
ING02810;SHAMPOO 200 ML H&S;UND;KIOSKO;PRD02070;;SHAMPOO H&S 180 ML;FRASCO;1;FRASCO;FRASCO x 1 UND;1;1;1
ING02811;SHAMPOO 200 ML PANTENE;UND;KIOSKO;PRD02063;;SHAMPOO PANTENE 200 ML;FRASCO;1;FRASCO;FRASCO x 1 UND;1;1;1
ING02812;SHAMPOO 400 ML H&S;UND;KIOSKO;PRD02062;;SHAMPOO H&S 400 ML;FRASCO;1;FRASCO;FRASCO x 1 UND;1;1;1
ING02813;SHAMPOO 400 ML PANTENE BRILLO;UND;KIOSKO;PRD02076;;SHAMPOO PANTENE 400 ML;FRASCO;1;FRASCO;FRASCO x 1 UND;1;1;1
ING02814;SHAMPOO 400 ML PERT PLUS;UND;KIOSKO;PRD02082;;SHAMPOO PERT PLUS 400 ML;FRASCO;1;FRASCO;FRASCO x 1 UND;1;1;1
ING02815;SHAMPOO H&S SACHET;UND;ABARROTES;PRD02993;;CAJA CHICA - SHAMPOO H&S SACHET;UNIDAD;1;UNIDAD;UNIDAD x 1 UND;1;1;1
ING02816;SHAMPOO HS 375 ML;UND;KIOSKO;PRD02689;;SHAMPOO H&S 375 ML;FRASCO;1;FRASCO;FRASCO x 1 UND;1;1;1
ING02817;SHAMPOO PANTENE 18 ML;UND;KIOSKO;PRD02685;;SHAMPOO PANTENE 18 ML;SACHET;1;SACHET;SACHET x 1 UND;1;1;1
ING02818;SHAMPOO PANTENE CUIDADO CLASICO SACHET;UND;ABARROTES;PRD03394;;CAJA CHICA - SHAMPOO PANTENE CUIDADO CLASICO SACHET;UNIDAD;1;UNIDAD;UNIDAD x 1 UND;1;1;1
ING02819;SHAMPOO PANTENE SACHET;UND;ABARROTES;PRD03393;;CAJA CHICA - SHAMPOO PANTENE SACHET;UNIDAD;1;UNIDAD;UNIDAD x 1 UND;1;1;1
ING02820;SHAMPOO PERT PLUS 10 ML;UND;ABARROTES;PRD02989;;CAJA CHICA - SHAMPOO PERT PLUS 10 ML;SACHET;1;SACHET;SACHET x 1 UND;1;1;1
ING02821;SHAMPOO SACHET PANTENE;UND;ABARROTES;PRD01292;;SHAMPOO PANTENE 12 ML;SACHET;1;SACHET;SACHET x 1 UND;1;1;1
ING02822;SHAMPOO SEDAL SACHET;UND;ABARROTES;PRD03395;;CAJA CHICA - SHAMPOO SEDAL SACHET;UNIDAD;1;UNIDAD;UNIDAD x 1 UND;1;1;1
ING02823;SHANNANUTS POWER MIX;UND;ABARROTES;PRD03670;;CAJA CHICA - SHANNANUTS POWER MIX;UNIDAD;1;UNIDAD;UNIDAD x 1 UND;1;1;1
ING02824;SHIRO MISO POTE 500GR;UND;ABARROTES;PRD04120;;CAJA CHICA - SHIRO MISO POTE 500GR;GRAMO;1;GRAMO;GRAMO x 1 UND;1;1;1
ING02825;SIBARITA VERDECITO X 60 GR;UND;ABARROTES;PRD03778;;CAJA CHICA - SIBARITA VERDECITO X 60 GR;BOLSA;1;BOLSA;BOLSA x 1 UND;1;1;1
ING02826;SILICONA CRISTAL 3.8 LT;UND;LIMPIEZA;PRD03717;;CAJA CHICA - SILICONA CRISTAL 3.8 LT;GALON;1;GALON;GALON x 1 UND;1;1;1
ING02827;SILICONA LIQUIDA LT;L;LIMPIEZA;PRD01568;;SILICONA PARA AUTO SAPOLIO 360 CC;LATA;0.36;LATA;LATA x 0.36 L;1;1;1
ING02828;SILICONA SAPOLIO EN SPRAY;L;LIMPIEZA;PRD01268;;SILICONA SAPOLIO SPRAY 360 ML;UNIDAD;0.36;UNIDAD;UNIDAD x 0.36 L;1;1;1
ING02829;SILICONA SHINE PLUS SPARTAN - CERA MUEBLE/PULIDOR;L;LIMPIEZA;PRD02440;;SILICONA SHINE PLUS SPARTAN 1 LITRO;LITRO;1;LITRO;LITRO x 1 L;1;1;1
ING02829;SILICONA SHINE PLUS SPARTAN - CERA MUEBLE/PULIDOR;L;LIMPIEZA;PRD02452;;SILICONA SHINE PLUS SPARTAN 3.875 LITROS;GALON;3.875;GALON;GALON x 3.875 L;1;1;1
ING02829;SILICONA SHINE PLUS SPARTAN - CERA MUEBLE/PULIDOR;L;LIMPIEZA;PRD02465;;SILICONA SHINE PLUS SPARTAN 5 LITROS;UNIDAD;5;UNIDAD;UNIDAD x 5 L;1;1;1
ING02829;SILICONA SHINE PLUS SPARTAN - CERA MUEBLE/PULIDOR;L;LIMPIEZA;PRD02478;;SILICONA SHINE PLUS SPARTAN 19 LITROS;BIDON;19;BIDON;BIDON x 19 L;1;1;1
ING02830;SILLAUO OSCURO 5 LB CAJA X 12 GOLDEN;UND;ABARROTES;PRD04138;;CAJA CHICA - SILLAUO OSCURO 5 LB CAJA X 12 GOLDEN;CAJA;1;CAJA;CAJA x 1 UND;1;1;1
ING02831;SIROPE DE MAPLE LAIVE 355 ML;L;ABARROTES;PRD00481;;SIROPE DE MAPLE LAIVE 355 ML;FRASCO;0.355;FRASCO;FRASCO x 0.355 L;1;1;1
ING02832;SIU MAI DE CERDO 25 G CONGELADO;UND;CONGELADOS;PRD01971;;SIU MAI DE CERDO 20 GR CONGELADO;UNIDAD;1;UNIDAD;UNIDAD x 1 UND;1;1;1
ING02833;SIU MAI DE CERDO BOLSA X 24 UND;UND;CONGELADOS;PRD04025;;CAJA CHICA - SIU MAI DE CERDO BOLSA X 24 UND;UNIDAD;1;UNIDAD;UNIDAD x 1 UND;1;1;1
ING02834;SIX PACK SODA FIEL;UND;ABARROTES;PRD03949;;CAJA CHICA - SIX PACK SODA FIEL;PAQUETE;1;PAQUETE;PAQUETE x 1 UND;1;1;1
ING02835;SNACK CAMOTE CHIPS;UND;ABARROTES;PRD03096;;CAJA CHICA - SNACK CAMOTE CHIPS;UNIDAD;1;UNIDAD;UNIDAD x 1 UND;1;1;1
ING02836;SNACK CHICHARRON;UND;ABARROTES;PRD03097;;CAJA CHICA - SNACK CHICHARRON;UNIDAD;1;UNIDAD;UNIDAD x 1 UND;1;1;1
ING02837;SNACK DE FRUTS TOTTUS X 30 GR;UND;ABARROTES;PRD03755;;CAJA CHICA - SNACK DE FRUTS TOTTUS X 30 GR;UNIDAD;1;UNIDAD;UNIDAD x 1 UND;1;1;1
ING02838;SNACK FRITO LAY;UND;KIOSKO;PRD01140;;PIQUEO SNACK FRITO LAY 190 GR;BOLSA;1;BOLSA;BOLSA x 1 UND;1;1;1
ING02839;SNACK MANI CONFITADO;UND;ABARROTES;PRD03098;;CAJA CHICA - SNACK MANI CONFITADO;UNIDAD;1;UNIDAD;UNIDAD x 1 UND;1;1;1
ING02840;SNACK MUNCHOS REJILLAS X 16 GR;UND;ABARROTES;PRD03848;;CAJA CHICA - SNACK MUNCHOS REJILLAS X 16 GR;UNIDAD;1;UNIDAD;UNIDAD x 1 UND;1;1;1
ING02841;SNACK PACK PUDDIN DE CHOCOLATE X 4PK;UND;;PRD01044;;SNACK PACK PUDDIN DE CHOCOLATE X 4PK;BOLSA;1;BOLSA;BOLSA x 1 UND;1;1;1
ING02842;SNACK PACK PUDDIN DEVAINILLA X 4PK;UND;;PRD00986;;SNACK PACK PUDDIN DEVAINILLA X 4PK;BOLSA;1;BOLSA;BOLSA x 1 UND;1;1;1
ING02843;SNACK TORTEES;UND;ABARROTES;PRD03099;;CAJA CHICA - SNACK TORTEES;UNIDAD;1;UNIDAD;UNIDAD x 1 UND;1;1;1
ING02844;SNB 130 CIP SPARTAN - DESENGRASANTE;L;ABARROTES;PRD02483;;SNB 130 CIP SPARTAN 1 LITRO;LITRO;1;LITRO;LITRO x 1 L;1;1;1
ING02844;SNB 130 CIP SPARTAN - DESENGRASANTE;L;ABARROTES;PRD02487;;SNB 130 CIP SPARTAN 3.875 LITROS;GALON;3.875;GALON;GALON x 3.875 L;1;1;1
ING02844;SNB 130 CIP SPARTAN - DESENGRASANTE;L;ABARROTES;PRD02505;;SNB 130 CIP SPARTAN 19 LITROS;BIDON;19;BIDON;BIDON x 19 L;1;1;1
ING02845;SNIKERS DE CHOCOLATE UND;UND;ABARROTES;PRD01622;;CAJA CHICA - SNIKERS DE CHOCOLATE UND;UNIDAD;1;UNIDAD;UNIDAD x 1 UND;1;1;1
ING02846;SOBRE ANTIGRASA PARA SANDWICH 15X15 CON LOGO;UND;DESCARTABLES;PRD02618;;SOBRE ANTIGRASA PARA SANWICH 15 X 15 CON LOGO MILLAR;PAQUETE;1000;PAQUETE;PAQUETE x 1000 UND;1;1;1
ING02847;SODA LIGHT SIX PACK;UND;ABARROTES;PRD03917;;CAJA CHICA - SODA LIGHT SIX PACK;PAQUETE;1;PAQUETE;PAQUETE x 1 UND;1;1;1
ING02848;SODA SAN JORGE 34GR X 6 UND;UND;ABARROTES;PRD03849;;CAJA CHICA - SODA SAN JORGE 34GR X 6 UND;PAQUETE;1;PAQUETE;PAQUETE x 1 UND;1;1;1
ING02849;SODA V SIX PACK;UND;ABARROTES;PRD03950;;CAJA CHICA - SODA V SIX PACK;PAQUETE;1;PAQUETE;PAQUETE x 1 UND;1;1;1
ING02850;SOPA INSTANTANEA CAMARON 8 OZ;UND;ABARROTES;PRD03344;;CAJA CHICA - SOPA INSTANTANEA CAMARON 8 OZ;VASO;1;VASO;VASO x 1 UND;1;1;1
ING02851;SOPA INSTANTANEA MARUCHAN CARNE 64 GR;UND;;PRD00262;;SOPA INSTANTANEA MARUCHAN CARNE 64 GR;VASO;1;VASO;VASO x 1 UND;1;1;1
ING02852;SOPA INSTANTANEA MARUCHAN POLLO 64 GR;UND;;PRD00263;;SOPA INSTANTANEA MARUCHAN POLLO 64 GR;VASO;1;VASO;VASO x 1 UND;1;1;1
ING02853;SOPA INSTANTANEA PICANTE 8 OZ;UND;ABARROTES;PRD03348;;CAJA CHICA - SOPA INSTANTANEA PICANTE 8 OZ;VASO;1;VASO;VASO x 1 UND;1;1;1
ING02854;SORBETE BIODEGRADABLE PLA 23 X 6MM;UND;DESCARTABLES;PRD02619;;SORBETE BIODEGRADABLE PLA 23 X 6MM X 100 UND;PAQUETE;100;PAQUETE;PAQUETE x 100 UND;1;1;1
ING02855;SORBETES;UND;ABARROTES;PRD02774;;CAJA CHICA - SORBETES;PAQUETE;1;PAQUETE;PAQUETE x 1 UND;1;1;1
ING02856;SORBETES NEGROS;UND;ABARROTES;PRD01940;;CAJA CHICA - SORBETES NEGROS;PAQUETE;1;PAQUETE;PAQUETE x 1 UND;1;1;1
ING02857;SOUR CREAM 8 ONZ;UND;ABARROTES;PRD03026;;CAJA CHICA - SOUR CREAM 8 ONZ;FRASCO;1;FRASCO;FRASCO x 1 UND;1;1;1
ING02858;SOYA AVENA SANTA CATALINA;UND;ABARROTES;PRD03100;;CAJA CHICA - SOYA AVENA SANTA CATALINA;UNIDAD;1;UNIDAD;UNIDAD x 1 UND;1;1;1
ING02859;SPARCLEAN CHLORINATED DETERGENT SPARTAN - LAVAVAJI;L;LIMPIEZA;PRD02490;;SPARCLEAN CHLORINATED DETERGENT SPARTAN 3.875 LITROS;GALON;3.875;GALON;GALON x 3.875 L;1;1;1
ING02859;SPARCLEAN CHLORINATED DETERGENT SPARTAN - LAVAVAJI;L;LIMPIEZA;PRD02497;;SPARCLEAN CHLORINATED DETERGENT SPARTAN 5 LITROS;UNIDAD;5;UNIDAD;UNIDAD x 5 L;1;1;1
ING02859;SPARCLEAN CHLORINATED DETERGENT SPARTAN - LAVAVAJI;L;LIMPIEZA;PRD02508;;SPARCLEAN CHLORINATED DETERGENT SPARTAN 19 LITROS;BIDON;19;BIDON;BIDON x 19 L;1;1;1
ING02860;SPARCLEAN RINSE AID II SPARTAN - SECANTE DE VAJILL;L;LIMPIEZA;PRD02489;;SPARCLEAN RINSE AID II SPARTAN 3.875 LITROS;GALON;3.875;GALON;GALON x 3.875 L;1;1;1
ING02860;SPARCLEAN RINSE AID II SPARTAN - SECANTE DE VAJILL;L;LIMPIEZA;PRD02507;;SPARCLEAN RINSE AID II SPARTAN 19 LITROS;BIDON;19;BIDON;BIDON x 19 L;1;1;1
ING02861;SPARCLEAN RINSE AID II SPARTAN 5 LT;UND;LIMPIEZA;PRD01455;;SPARCLEAN RINSE AID II SPARTAN 5 LT;UNIDAD;1;UNIDAD;UNIDAD x 1 UND;1;1;1
ING02862;SPARCLEAN RINSE AID II SPARTAN 5 LT (L);L;LIMPIEZA;PRD02496;;SPARCLEAN RINSE AID II SPARTAN 5 LITROS;UNIDAD;5;UNIDAD;UNIDAD x 5 L;1;1;1
ING02863;SPLENDA X 300 TAB;UND;ABARROTES;PRD03864;;CAJA CHICA - SPLENDA X 300 TAB;UNIDAD;1;UNIDAD;UNIDAD x 1 UND;1;1;1
ING02864;SPRAY PARA COMPUTADORA 360 GR;UND;ABARROTES;PRD03463;;CAJA CHICA - SPRAY PARA COMPUTADORA 360 GR;UNIDAD;1;UNIDAD;UNIDAD x 1 UND;1;1;1
ING02865;SPRINGLES NAV PERLADOS 50 GR;UND;ABARROTES;PRD01639;;CAJA CHICA - SPRINGLES NAV PERLADOS 50 GR;GRAMO;1;GRAMO;GRAMO x 1 UND;1;1;1
ING02866;SPRINGLES TEMATICOS 50 GR;UND;ABARROTES;PRD01641;;CAJA CHICA - SPRINGLES TEMATICOS 50 GR;GRAMO;1;GRAMO;GRAMO x 1 UND;1;1;1
ING02867;SPRITE 0.5 LT;UND;BEBIDAS;PRD01255;;GASEOSA SPRITE 500 ML;BOTELLA;1;BOTELLA;BOTELLA x 1 UND;1;1;1
ING02868;SPRITE 500 ML;UND;ABARROTES;PRD03434;;CAJA CHICA - SPRITE 500 ML;BOTELLA;1;BOTELLA;BOTELLA x 1 UND;1;1;1
ING02869;SPRITE LT;L;BEBIDAS;PRD01263;;GASEOSA SPRITE 3 LT;BOTELLA;3;BOTELLA;BOTELLA x 3 L;1;1;1
ING02870;SPRITE X 3 LT;UND;ABARROTES;PRD03649;;CAJA CHICA - SPRITE X 3 LT;BOTELLA;1;BOTELLA;BOTELLA x 1 UND;1;1;1
ING02871;SRIRACHA X 435 ML - BOT;UND;ABARROTES;PRD04055;;CAJA CHICA - SRIRACHA X 435 ML - BOT;BOTELLA;1;BOTELLA;BOTELLA x 1 UND;1;1;1
ING02872;"STRECH FILM TRANSPARENTE ANTALIS ROLL 20""300MT (NA";UND;;PRD02314;;"STRECH FILM NO ALIMENTARIO PARA EMBALAJE TRANSPARENTE ROLLO 20"" 1.5 KG";ROLLO;1;ROLLO;ROLLO x 1 UND;1;1;1
ING02872;"STRECH FILM TRANSPARENTE ANTALIS ROLL 20""300MT (NA";UND;;PRD02315;;"STRECH FILM NO ALIMENTARIO PARA EMBALAJE TRANSPARENTE ANTALIS ROLLO 20"" 1.5KG";ROLLO;1;ROLLO;ROLLO x 1 UND;1;1;1
ING02873;SUAVIZANTE DE ROPA PERFUMADO SUAVIS;UND;ABARROTES;PRD03004;;CAJA CHICA - SUAVIZANTE DE ROPA PERFUMADO SUAVIS;BOLSA;1;BOLSA;BOLSA x 1 UND;1;1;1
ING02874;SUAVIZANTE LAUNDRY SOFT;UND;ABARROTES;PRD03303;;CAJA CHICA - SUAVIZANTE LAUNDRY SOFT;CAJA;1;CAJA;CAJA x 1 UND;1;1;1
ING02875;SUBLIME MINI HELADO CHOCOLATE X 24 UND;UND;ABARROTES;PRD03155;;CAJA CHICA - SUBLIME MINI HELADO CHOCOLATE X 24 UND;CAJA;1;CAJA;CAJA x 1 UND;1;1;1
ING02876;SUBLIME STICK 16 GR;UND;ABARROTES;PRD00311;;CHOCOLATE STICK SUBLIME 14 GR;UNIDAD;1;UNIDAD;UNIDAD x 1 UND;1;1;1
ING02877;SUJETADOR PARA MASCARILLAS;UND;PROTECCION Y SEGURIDAD;PRD02675;;SUJETADOR PARA MASCARILLAS;UNIDAD;1;UNIDAD;UNIDAD x 1 UND;1;1;1
ING02878;SUMA D44 X 5 LT;UND;LIMPIEZA;PRD03464;;CAJA CHICA - SUMA D44 X 5 LT;GALON;1;GALON;GALON x 1 UND;1;1;1
ING02879;SUMA J512 X 5 LT;UND;LIMPIEZA;PRD03465;;CAJA CHICA - SUMA J512 X 5 LT;GALON;1;GALON;GALON x 1 UND;1;1;1
ING02880;SUMA PLAQ D9 X 5 LT;UND;LIMPIEZA;PRD03466;;CAJA CHICA - SUMA PLAQ D9 X 5 LT;GALON;1;GALON;GALON x 1 UND;1;1;1
ING02881;SUPERCLEAN FP SPARTAN - DESENGRASANTE;L;LIMPIEZA;PRD01454;;SUPERCLEAN FP GARRAFA - 5 LITROS - SPARTAN;UNIDAD;5;UNIDAD;UNIDAD x 5 L;1;1;1
ING02882;SURE STEP FP SPARTAN - DETERGENTE DESENGRSANTE;L;LIMPIEZA;PRD02492;;SURE STEP FP SPARTAN 3.875 LITROS;GALON;3.875;GALON;GALON x 3.875 L;1;1;1
ING02882;SURE STEP FP SPARTAN - DETERGENTE DESENGRSANTE;L;LIMPIEZA;PRD02499;;SURE STEP FP SPARTAN 5 LITROS;UNIDAD;5;UNIDAD;UNIDAD x 5 L;1;1;1
ING02882;SURE STEP FP SPARTAN - DETERGENTE DESENGRSANTE;L;LIMPIEZA;PRD02511;;SURE STEP FP SPARTAN 19 LITROS;BIDON;19;BIDON;BIDON x 19 L;1;1;1
ING02883;TALCO PARA PIES REXONA 200 ML;UND;KIOSKO;PRD00759;;TALCO PARA PIES REXONA 200 GR;FRASCO;1;FRASCO;FRASCO x 1 UND;1;1;1
ING02884;TAMAL DE POLLO;UND;CONGELADOS;PRD00626;;TAMAL CRIOLLO 180 G RAM;SACHET;1;SACHET;SACHET x 1 UND;1;1;1
ING02884;TAMAL DE POLLO;UND;CONGELADOS;PRD00628;;TAMAL DE MAIZ 150 GR;PAQUETE;1;PAQUETE;PAQUETE x 1 UND;1;1;1
ING02884;TAMAL DE POLLO;UND;CONGELADOS;PRD02207;;TAMAL DE MAIZ 230 GR;LATA;1;LATA;LATA x 1 UND;1;1;1
ING02884;TAMAL DE POLLO;UND;CONGELADOS;PRD03281;;CAJA CHICA - TAMAL DE POLLO;UNIDAD;1;UNIDAD;UNIDAD x 1 UND;1;1;1
ING02885;TAMAL DE POLLO X 10 UND;UND;CONGELADOS;PRD03345;;CAJA CHICA - TAMAL DE POLLO X 10 UND;CAJA;1;CAJA;CAJA x 1 UND;1;1;1
ING02886;TAMPICO 500 ML;UND;ABARROTES;PRD03982;;CAJA CHICA - TAMPICO 500 ML;BOTELLA;1;BOTELLA;BOTELLA x 1 UND;1;1;1
ING02887;TAPA CRISTAL P/MOLDE DE ALUMINIO 16 OZ 14 X 11.5;UND;DESCARTABLES;PRD02620;;TAPA CRISTAL PARA MOLDE DE ALUMINIO 16 OZ 14X11.5 X 500 UND;PAQUETE;500;PAQUETE;PAQUETE x 500 UND;1;1;1
ING02888;TAPA CRISTAL P/MOLDE DE ALUMINIO 28 OZ 15 X 21.5;UND;DESCARTABLES;PRD02621;;TAPA CRISTAL PARA MOLDE DE ALUMINIO 28 OZ 15X21.5 X 500 UND;PAQUETE;500;PAQUETE;PAQUETE x 500 UND;1;1;1
ING02889;TAPA CRISTAL P/MOLDE DE ALUMINIO 8 OZ 12.3 X 9.8;UND;DESCARTABLES;PRD02622;;TAPA CRISTAL PARA MOLDE DE ALUMINIO 8 OZ 12.3X9.8 X 500 UND;PAQUETE;500;PAQUETE;PAQUETE x 500 UND;1;1;1
ING02890;TAPA DE 1 LT SUPER FAST PAK X 50 UND;L;ABARROTES;PRD01680;;CAJA CHICA - TAPA DE 1 LT SUPER FAST PAK X 50 UND;PAQUETE;1;PAQUETE;PAQUETE x 1 L;1;1;1
ING02891;TAPA DE CUADRIL (PICANHA) CONGELADO IMPORTADO;KG;;PRD01789;;TAPA DE CUADRIL (PICANHA) CONGELADO IMPORTADO;KILOGRAMO;1;KILOGRAMO;KILOGRAMO x 1 KG;1;1;1
ING02892;TAPA ENVASE DE ALUMINIO 1000 CC;UND;DESCARTABLES;PRD02331;;TAPA ENVASE DE ALUMINIO 1000 CC 500 UND;PAQUETE;500;PAQUETE;PAQUETE x 500 UND;1;1;1
ING02893;TAPA ENVASE DESCARTABLE F5 16 OZ TRANSPARENTE/NE;UND;DESCARTABLES;PRD02305;;TAPA ENVASE DESCARTABLE F5 16 OZ 250 UND TRANSPARENTE/ NEGRO;PAQUETE;250;PAQUETE;PAQUETE x 250 UND;1;1;1
ING02894;TAPA ENVASE DESCARTABLE F5 32 OZ TRANSPARENTE/NE;UND;DESCARTABLES;PRD02307;;TAPA ENVASE DESCARTABLE F5 32 OZ 200 UND TRANSPARENTE/NEGRO;PAQUETE;200;PAQUETE;PAQUETE x 200 UND;1;1;1
ING02895;TAPA ENVASE DESCARTABLE REDONDO 1000 CC/500 CC;UND;DESCARTABLES;PRD02290;;TAPA ENVASE DESCARTABLE REDONDO 1000 CC / 500CC 200 UND;PAQUETE;200;PAQUETE;PAQUETE x 200 UND;1;1;1
ING02895;TAPA ENVASE DESCARTABLE REDONDO 1000 CC/500 CC;UND;DESCARTABLES;PRD02309;;TAPA ENVASE DESCARTABLE REDONDO 1000 CC / 500CC 500 UND;PAQUETE;1000;PAQUETE;PAQUETE x 1000 UND;1;1;1
ING02896;TAPA ENVASE DESCARTABLE REDONDO 8 OZ;UND;DESCARTABLES;PRD02312;;TAPA ENVASE DESCARTABLE REDONDO 8 OZ 500 UND;PAQUETE;500;PAQUETE;PAQUETE x 500 UND;1;1;1
ING02897;TAPA P/ENVASE BOWL DE 16-26-32 OZ BIO KRAFT CALIENTE X 300UND;UND;;PRD02323;;TAPA P/ENVASE BOWL DE 16-26-32 OZ BIO KRAFT CALIENTE X 300UND;PAQUETE;300;PAQUETE;PAQUETE x 300 UND;1;1;1
ING02898;TAPA P/ENVASE DESCARTABLE CIRCULAR PP BLAN 0.5-1LT;UND;DESCARTABLES;PRD02626;;TAPA PARA ENVASE DESCARTABLE CIRCULAR PS BLANCO 0.5 - 1 LT ALFA X 200 UND;PAQUETE;200;PAQUETE;PAQUETE x 200 UND;1;1;1
ING02899;TAPA P/ENVASE DESCARTABLE CIRCULAR PP TRAN 0.5-1LT;UND;DESCARTABLES;PRD02624;;TAPA PARA ENVASE DESCARTABLE CIRCULAR PP TRANSPARENTE 0.5-1 LT ALFA X 200 UND;PAQUETE;200;PAQUETE;PAQUETE x 200 UND;1;1;1
ING02900;TAPA P/ENVASE DESCARTABLE CIRCULAR PP TRAN 8 OZ;UND;DESCARTABLES;PRD02625;;TAPA PARA ENVASE DESCARTABLE CIRCULAR PP TRANSPARENTE 8 OZ X 400 UND;PAQUETE;400;PAQUETE;PAQUETE x 400 UND;1;1;1
ING02901;TAPA P/ENVASE DESCARTABLE RECTANG TRANSP PP 0.5 LT;UND;DESCARTABLES;PRD02627;;TAPA PARA ENVASE DESCARTABLE RECTANGULAR TRANSPARENTE PP 0.5 LT ALFA X 200 UND;PAQUETE;200;PAQUETE;PAQUETE x 200 UND;1;1;1
ING02902;TAPA P/ENVASE DESCARTABLE RECTANG TRANSP PP 1 LT;UND;DESCARTABLES;PRD02628;;TAPA PARA ENVASE DESCARTABLE RECTANGULAR TRANSPARENTE PP 1 LT ALFA X 200 UND;PAQUETE;200;PAQUETE;PAQUETE x 200 UND;1;1;1
ING02903;TAPA PARA ENVASE AJICERO PP 4 OZ TRANSPARENTE;UND;DESCARTABLES;PRD02623;;TAPA PARA ENVASE AJICERO PP 4 OZ TRANSPARENTE MILLAR;PAQUETE;1000;PAQUETE;PAQUETE x 1000 UND;1;1;1
ING02904;TAPA PARA ENVASE SOPERO DE BAMBU 16 OZ;UND;DESCARTABLES;PRD02629;;TAPA PARA ENVASE SOPERO DE BAMBU 16 OZ X 500 UND;PAQUETE;500;PAQUETE;PAQUETE x 500 UND;1;1;1
ING02905;TAPA PARA ENVASE SOPERO DE BAMBU 32 OZ;UND;DESCARTABLES;PRD02630;;TAPA PARA ENVASE SOPERO DE BAMBU 32 OZ X 500 UND;PAQUETE;500;PAQUETE;PAQUETE x 500 UND;1;1;1
ING02906;TAPA PARA ENVASE SOPERO DE BAMBU 8 OZ X 500 UND;UND;;PRD02421;;TAPA PARA ENVASE SOPERO DE BAMBU 8 OZ X 500 UND;PAQUETE;500;PAQUETE;PAQUETE x 500 UND;1;1;1
ING02907;TAPA PARA VASO DESCARTABLE POLIPAPEL 12 OZ;UND;DESCARTABLES;PRD02631;;TAPA PARA VASO POLIPAPEL 12 OZ MILLAR;PAQUETE;1000;PAQUETE;PAQUETE x 1000 UND;1;1;1
ING02908;TAPA PARA VASO DESCARTABLE POLIPAPEL 8 OZ;UND;DESCARTABLES;PRD02329;;TAPA PARA VASO DESCARTABLE POLIPAPEL 8 OZ 1000 UND;PAQUETE;1000;PAQUETE;PAQUETE x 1000 UND;1;1;1
ING02908;TAPA PARA VASO DESCARTABLE POLIPAPEL 8 OZ;UND;DESCARTABLES;PRD02632;;TAPA PARA VASO POLIPAPEL 8 OZ MILLAR;PAQUETE;1000;PAQUETE;PAQUETE x 1000 UND;1;1;1
ING02909;TAPA PARA VASO POLIPAPEL 10 OZ MILLAR;UND;;PRD02325;;TAPA PARA VASO POLIPAPEL 10 OZ MILLAR;PAQUETE;1000;PAQUETE;PAQUETE x 1000 UND;1;1;1
ING02910;TAPA PET PARA ENVASE SALAD BOWL DE BAMBU 1000 ML;UND;DESCARTABLES;PRD02633;;TAPA PET PARA ENVASE SALAD BOWL DE BAMBU 1000 ML X 600 UND;PAQUETE;600;PAQUETE;PAQUETE x 600 UND;1;1;1
ING02911;TAPA PET PARA ENVASE SALAD BOWL DE BAMBU 1000 ML X 300 UND;UND;;PRD02292;;TAPA PET PARA ENVASE SALAD BOWL DE BAMBU 1000 ML X 300 UND;PAQUETE;300;PAQUETE;PAQUETE x 300 UND;1;1;1
ING02912;TAPA PET PARA ENVASE SALAD BOWL DE BAMBU 1300 ML;UND;DESCARTABLES;PRD02634;;TAPA PET PARA ENVASE SALAD BOWL DE BAMBU 1300 ML X 300 UND;PAQUETE;300;PAQUETE;PAQUETE x 300 UND;1;1;1
ING02913;TAPA PET PARA ENVASE SALSERO PP 2 OZ NEGRO;UND;DESCARTABLES;PRD02635;;TAPA PET PARA ENVASE SALSERO PP 2 OZ NEGRO X 2500 UND;PAQUETE;2500;PAQUETE;PAQUETE x 2500 UND;1;1;1
ING02914;TAPA PET PARA ENVASE SALSERO PP 2 OZ TRANSPARENTE;UND;DESCARTABLES;PRD02652;;TAPA PET PARA ENVASE SALSERO PP 2 OZ TRANSPARENTE X 2500 UND;PAQUETE;2500;PAQUETE;PAQUETE x 2500 UND;1;1;1
ING02915;TAPA TRANSPARENTE PET PARA ENVASE DUPLO 16 OZ ALTO;UND;DESCARTABLES;PRD02636;;TAPA TRANSPARENTE PET PARA ENVASE DUPLO 16 OZ ALTO X 700 UND;PAQUETE;700;PAQUETE;PAQUETE x 700 UND;1;1;1
ING02916;TAPA TRANSPARENTE PET PARA ENVASE DUPLO 24 OZ ALTO;UND;DESCARTABLES;PRD02637;;TAPA TRANSPARENTE PET PARA ENVASE DUPLO 24 OZ ALTO X 500 UND;PAQUETE;500;PAQUETE;PAQUETE x 500 UND;1;1;1
ING02917;TAPA TRANSPARENTE PET PARA ENVASE DUPLO 48 OZ ALTO;UND;DESCARTABLES;PRD02638;;TAPA TRANSPARENTE PET PARA ENVASE DUPLO 48 OZ ALTO X 400 UND;PAQUETE;400;PAQUETE;PAQUETE x 400 UND;1;1;1
ING02918;TAPA VASO DESCARTABLE POLIPAPEL BLANCO 8 OZ;UND;DESCARTABLES;PRD02341;;TAPA VASO DESCARTABLE POLIPAPEL BLANCO/NEGRO 8 OZ MILLAR;PAQUETE;1000;PAQUETE;PAQUETE x 1000 UND;1;1;1
ING02919;TAPA VASO POLIPAPEL 8 OZ DISEÑO BEBIDAS CALIENTES;UND;ABARROTES;PRD02404;;TAPA PARA VASO POLIPAPEL 8 OZ C/DISEÑO BEBIDAS CALIENTES X MILLAR;PAQUETE;1000;PAQUETE;PAQUETE x 1000 UND;1;1;1
ING02920;TAPETE P/ URINARIO ANTI SALPICADURA DARYZA LAVANDA;UND;LIMPIEZA;PRD01424;;TAPETE PARA URINARIO ANTI SALPICADURA DARYZA LAVANDA;UNIDAD;1;UNIDAD;UNIDAD x 1 UND;1;1;1
ING02921;TAPETE PARA URINARIO ANTI SALPICADURA DARYZA FRESA;UND;LIMPIEZA;PRD01422;;TAPETE PARA URINARIO ANTI SALPICADURA DARYZA FRESA;UNIDAD;1;UNIDAD;UNIDAD x 1 UND;1;1;1
ING02922;TAPETE PARA URINARIO ANTI SALPICADURA DARYZA MANGO;UND;LIMPIEZA;PRD01421;;TAPETE PARA URINARIO ANTI SALPICADURA DARYZA MANGO;UNIDAD;1;UNIDAD;UNIDAD x 1 UND;1;1;1
ING02923;TAPETE PARA URINARIO ANTI SALPICADURA DARYZA MENTA;UND;LIMPIEZA;PRD01423;;TAPETE PARA URINARIO ANTI SALPICADURA DARYZA MENTA;UNIDAD;1;UNIDAD;UNIDAD x 1 UND;1;1;1
ING02924;TAPETE PVC PARA URINARIO ROJO DARYZA;UND;LIMPIEZA;PRD01460;;TAPETE PVC PARA URINARIO ROJO DARYZA;UNIDAD;1;UNIDAD;UNIDAD x 1 UND;1;1;1
ING02925;TARTALETAS DE FRUTAS;UND;ABARROTES;PRD03200;;CAJA CHICA - TARTALETAS DE FRUTAS;UNIDAD;1;UNIDAD;UNIDAD x 1 UND;1;1;1
ING02926;TAUSI C/KION EN POTE 500 GR;UND;ABARROTES;PRD04121;;CAJA CHICA - TAUSI C/KION EN POTE 500 GR;GRAMO;1;GRAMO;GRAMO x 1 UND;1;1;1
ING02927;TAZA PARA CAFE EXPRESSO CON LOGO (1 COLOR) 4 OZ;UND;;PRD02334;;TAZA PARA CAFE EXPRESSO CON LOGO (1 COLOR) MILLAR 4 OZ;PAQUETE;1000;PAQUETE;PAQUETE x 1000 UND;1;1;1
ING02928;TAZA PARA CAFE EXPRESSO MILANO 3 OZ;UND;DESCARTABLES;PRD02335;;TAZA PARA CAFE EXPRESSO MILANO MILLAR 3 OZ;PAQUETE;1000;PAQUETE;PAQUETE x 1000 UND;1;1;1
ING02929;TB CIDE QUAT SPARTAN - INACTIVADOR DE FLUIDOS;L;ABARROTES;PRD02445;;TB CIDE QUAT SPARTAN 3.875 LITROS;GALON;3.875;GALON;GALON x 3.875 L;1;1;1
ING02929;TB CIDE QUAT SPARTAN - INACTIVADOR DE FLUIDOS;L;ABARROTES;PRD02458;;TB CIDE QUAT SPARTAN 5 LITROS;UNIDAD;5;UNIDAD;UNIDAD x 5 L;1;1;1
ING02929;TB CIDE QUAT SPARTAN - INACTIVADOR DE FLUIDOS;L;ABARROTES;PRD02471;;TB CIDE QUAT SPARTAN 19 LITROS;BIDON;19;BIDON;BIDON x 19 L;1;1;1
ING02930;TE BOLDO SOBRECITO;UND;ABARROTES;PRD00506;;INFUSION TE BOLDO DEL VALLE 100 SOBRES;CAJA;100;CAJA;CAJA x 100 UND;1;1;1
ING02931;TE CANELA Y CLAVO SOBRECITO;UND;ABARROTES;PRD00103;;INFUSION TE CANELA Y CLAVO HERBI 100 SOBRES;CAJA;100;CAJA;CAJA x 100 UND;1;1;1
ING02931;TE CANELA Y CLAVO SOBRECITO;UND;ABARROTES;PRD00503;;INFUSION TE CANELA Y CLAVO DEL VALLE 100 SOBRES;CAJA;100;CAJA;CAJA x 100 UND;1;1;1
ING02932;TE JASMIN COPON 2GR 100 SOBR.;UND;ABARROTES;PRD01632;;CAJA CHICA - TE JASMIN COPON 2GR 100 SOBR.;CAJA;1;CAJA;CAJA x 1 UND;1;1;1
ING02933;TE ROJO SOBRECITO;UND;ABARROTES;PRD00504;;INFUSION TE PURO DEL VALLE 100 SOBRES;CAJA;100;CAJA;CAJA x 100 UND;1;1;1
ING02934;TENEDOR BIO PLA 16 CM;UND;DESCARTABLES;PRD02639;;TENEDOR BIO PLA 16CM X 100 UND;PAQUETE;100;PAQUETE;PAQUETE x 100 UND;1;1;1
ING02935;TENEDOR DE MADERA BIODEGRADABLES 16 CM;UND;DESCARTABLES;PRD02287;;TENEDOR DE MADERA BIODEGRADABLES 16 CM 100 UND;PAQUETE;100;PAQUETE;PAQUETE x 100 UND;1;1;1
ING02936;TENEDOR DESCARTABLE LA EUROPEA;UND;DESCARTABLES;PRD02288;;TENEDOR DESCARTABLE LA EUROPEA MILLAR;PAQUETE;1000;PAQUETE;PAQUETE x 1000 UND;1;1;1
ING02937;TENEDOR PARA SEGUNDO BLANCO DE PLASTICO DESCARTABL;UND;DESCARTABLES;PRD02280;;TENEDOR BLANCO DE PLASTICO DESCARTABLE D81110001 50 UND;PAQUETE;100;PAQUETE;PAQUETE x 100 UND;1;1;1
ING02937;TENEDOR PARA SEGUNDO BLANCO DE PLASTICO DESCARTABL;UND;DESCARTABLES;PRD02281;;TENEDOR DESCARTABLE 50 UND;PAQUETE;50;PAQUETE;PAQUETE x 50 UND;1;1;1
ING02937;TENEDOR PARA SEGUNDO BLANCO DE PLASTICO DESCARTABL;UND;DESCARTABLES;PRD02286;;TENEDOR ACRILICO DESCARTABLE 50 UND;PAQUETE;50;PAQUETE;PAQUETE x 50 UND;1;1;1
ING02937;TENEDOR PARA SEGUNDO BLANCO DE PLASTICO DESCARTABL;UND;DESCARTABLES;PRD02640;;TENEDOR PARA SEGUNDO BLANCO DE PLASTICO DESCARTABLE LA EUROPEA 50 UND;PAQUETE;50;PAQUETE;PAQUETE x 50 UND;1;1;1
ING02938;TENEDOR PLASTICO X 100;UND;DESCARTABLES;PRD03020;;CAJA CHICA - TENEDOR PLASTICO X 100;PAQUETE;1;PAQUETE;PAQUETE x 1 UND;1;1;1
ING02939;TENEDORES BLANCOS X 50 UND;UND;ABARROTES;PRD03184;;CAJA CHICA - TENEDORES BLANCOS X 50 UND;PAQUETE;1;PAQUETE;PAQUETE x 1 UND;1;1;1
ING02940;TENEDORES PARA SEGUNDO;UND;DESCARTABLES;PRD00411;;TENEDOR ACRILICO DESCARTABLE 100 UND;PAQUETE;100;PAQUETE;PAQUETE x 100 UND;1;1;1
ING02941;TEQUEÑOS DE LOMITO 20 G CONGELADO;UND;CONGELADOS;PRD01972;;TEQUEÑOS DE LOMITO 20 GR CONGELADO;UNIDAD;1;UNIDAD;UNIDAD x 1 UND;1;1;1
ING02942;TEQUEÑOS DE QUESO 20 GR CONGELADO (EMER);UND;;PRD01957;;TEQUEÑOS DE QUESO 20 GR CONGELADO (EMER);UNIDAD;1;UNIDAD;UNIDAD x 1 UND;1;1;1
ING02943;"TIJERA GRANDE ARTESCO 8""";UND;KIOSKO;PRD02693;;"TIJERA GRANDE ARTESCO 8""";UNIDAD;1;UNIDAD;UNIDAD x 1 UND;1;1;1
ING02944;TINTE ROJO PARA PANADERIA 30 ML;UND;ABARROTES;PRD03975;;CAJA CHICA - TINTE ROJO PARA PANADERIA 30 ML;FRASCO;1;FRASCO;FRASCO x 1 UND;1;1;1
ING02945;TIRAS REACTIVAS DE PEROXIDO X 100U - 100/400PPM;UND;;PRD01295;;TIRAS REACTIVAS DE PEROXIDO X 100U - 100/400PPM;UNIDAD;100;UNIDAD;UNIDAD x 100 UND;1;1;1
ING02946;TOALLA HIGIENICA ALWAYS X 10UND;UND;;PRD02081;;TOALLA HIGIENICA ALWAYS X 10UND;PAQUETE;1;PAQUETE;PAQUETE x 1 UND;1;1;1
ING02947;TOALLA HIGIENICA ALWAYS X 24 UND;UND;KIOSKO;PRD01294;;TOALLA HIGIENICA ALWAYS X 24 UND;PAQUETE;1;PAQUETE;PAQUETE x 1 UND;1;1;1
ING02948;TOALLA HIGIENICA KOTEX 10 UND;UND;ABARROTES;PRD03405;;CAJA CHICA - TOALLA HIGIENICA KOTEX 10 UND;PAQUETE;1;PAQUETE;PAQUETE x 1 UND;1;1;1
ING02949;TOALLA HIGIENICA KOTEX NOCHE;UND;ABARROTES;PRD01612;;CAJA CHICA - TOALLA HIGIENICA KOTEX NOCHE;UNIDAD;1;UNIDAD;UNIDAD x 1 UND;1;1;1
ING02950;TOALLA HIGIENICA KOTEX NORMAL;UND;ABARROTES;PRD01611;;CAJA CHICA - TOALLA HIGIENICA KOTEX NORMAL;UNIDAD;1;UNIDAD;UNIDAD x 1 UND;1;1;1
ING02951;TOCA TIPO MEDIA CAMPANA X 100UND;UND;DESCARTABLES;PRD02656;;TOCA TIPO MEDIA CAMPANA 12 GR ISUD X100UND;PAQUETE;100;PAQUETE;PAQUETE x 100 UND;1;1;1
ING02952;TOCA TIPO TIRA (CAJA X 100 UND);UND;;PRD02343;;TOCA TIPO TIRA (CAJA X 100 UND);CAJA;100;CAJA;CAJA x 100 UND;1;1;1
ING02952;TOCA TIPO TIRA (CAJA X 100 UND);UND;;PRD02344;;TOCA TIPO TIRA DESCARTABLE BLANCA R&G CAJA X 100 UND;CAJA;100;CAJA;CAJA x 100 UND;1;1;1
ING02952;TOCA TIPO TIRA (CAJA X 100 UND);UND;;PRD02657;;TOCA SOFT BLANCA ISUD 12 GR DOS LIGAS X100UND;PAQUETE;100;PAQUETE;PAQUETE x 100 UND;1;1;1
ING02953;TOCINO AHUMADO CONG 500 GR;UND;ABARROTES;PRD03346;;CAJA CHICA - TOCINO AHUMADO CONG 500 GR;PAQUETE;1;PAQUETE;PAQUETE x 1 UND;1;1;1
ING02954;TOCINO AHUMADO CONGELADO;KG;CONGELADOS;PRD00797;;TOCINO AHUMADO CONGELADO KG;KILOGRAMO;1;KILOGRAMO;KILOGRAMO x 1 KG;1;1;1
ING02955;TOCINO AHUMADO REFRIGERADO KG;KG;REFRIGERADOS;PRD02808;;CAJA CHICA - TOCINO AHUMADO REFRIGERADO KG;KILOGRAMO;1;KILOGRAMO;KILOGRAMO x 1 KG;1;1;1
ING02956;TOCINO COCIDO NATURAL 500 GR;UND;ABARROTES;PRD02899;;CAJA CHICA - TOCINO COCIDO NATURAL 500 GR;PAQUETE;1;PAQUETE;PAQUETE x 1 UND;1;1;1
ING02957;TOFFE CAFÉ GOURMET X 100 UND;UND;ABARROTES;PRD03850;;CAJA CHICA - TOFFE CAFÉ GOURMET X 100 UND;BOLSA;1;BOLSA;BOLSA x 1 UND;1;1;1
ING02958;TOFFE DE LECHE X 110 UND;UND;ABARROTES;PRD03851;;CAJA CHICA - TOFFE DE LECHE X 110 UND;BOLSA;1;BOLSA;BOLSA x 1 UND;1;1;1
ING02959;TOFFE GOLDEN WINTER X 100 UND;UND;ABARROTES;PRD03852;;CAJA CHICA - TOFFE GOLDEN WINTER X 100 UND;BOLSA;1;BOLSA;BOLSA x 1 UND;1;1;1
ING02960;TOFFE MAXI WINTER X 50UND;UND;ABARROTES;PRD03853;;CAJA CHICA - TOFFE MAXI WINTER X 50UND;BOLSA;1;BOLSA;BOLSA x 1 UND;1;1;1
ING02961;TOFFE OLD ENGLAND X 80 UND;UND;ABARROTES;PRD03854;;CAJA CHICA - TOFFE OLD ENGLAND X 80 UND;BOLSA;1;BOLSA;BOLSA x 1 UND;1;1;1
ING02962;TOFU BLUE FIRM MORI-UN 349GR;UND;ABARROTES;PRD04123;;CAJA CHICA - TOFU BLUE FIRM MORI-UN 349GR;GRAMO;1;GRAMO;GRAMO x 1 UND;1;1;1
ING02963;TOFU FERMENTADO X 260 GR;UND;ABARROTES;PRD04076;;CAJA CHICA - TOFU FERMENTADO X 260 GR;FRASCO;1;FRASCO;FRASCO x 1 UND;1;1;1
ING02964;TOFU YELLOW EXTRA FIRM (SOYA);UND;;PRD04133;;CAJA CHICA - TOFU YELLOW EXTRA FIRM (SOYA);GRAMO;1;GRAMO;GRAMO x 1 UND;1;1;1
ING02965;TOMATE;KG;FFVV;PRD03634;;CAJA CHICA - TOMATE;KILOGRAMO;1;KILOGRAMO;KILOGRAMO x 1 KG;1;1;1
ING02966;TOMATE CRIOLLO;KG;FFVV;PRD00435;;TOMATE;KILOGRAMO;1;KILOGRAMO;KILOGRAMO x 1 KG;1;1;1
ING02967;TOMILLO;KG;ABARROTES;PRD00887;;TOMILLO TIPO PIZZA 4 ESTACIONES 250 GR;BOLSA;0.25;BOLSA;BOLSA x 0.25 KG;1;1;1
ING02968;TOMILLO FRESCO;KG;ABARROTES;PRD02770;;CAJA CHICA - TOMILLO FRESCO;KILOGRAMO;1;KILOGRAMO;KILOGRAMO x 1 KG;1;1;1
ING02969;TORONJA REGIONAL;KG;ABARROTES;PRD02900;;CAJA CHICA - TORONJA REGIONAL;KILOGRAMO;1;KILOGRAMO;KILOGRAMO x 1 KG;1;1;1
ING02970;TORONJIL;KG;FFVV;PRD00455;;TORONJIL HIERBA;KILOGRAMO;1;KILOGRAMO;KILOGRAMO x 1 KG;1;1;1
ING02971;TORTA CHOCOLATE;UND;ABARROTES;PRD03249;;CAJA CHICA - TORTA CHOCOLATE;UNIDAD;1;UNIDAD;UNIDAD x 1 UND;1;1;1
ING02972;TORTA DELICIA FRESA;UND;ABARROTES;PRD03948;;CAJA CHICA - TORTA DELICIA FRESA;UNIDAD;1;UNIDAD;UNIDAD x 1 UND;1;1;1
ING02973;TORTA HELADA DURAZNO;UND;ABARROTES;PRD03921;;CAJA CHICA - TORTA HELADA DURAZNO;UNIDAD;1;UNIDAD;UNIDAD x 1 UND;1;1;1
ING02974;TORTA HELADA FRESA;UND;ABARROTES;PRD03951;;CAJA CHICA - TORTA HELADA FRESA;UNIDAD;1;UNIDAD;UNIDAD x 1 UND;1;1;1
ING02975;TORTA MOUSSE DE LUCUMA;UND;ABARROTES;PRD03650;;CAJA CHICA - TORTA MOUSSE DE LUCUMA;UNIDAD;1;UNIDAD;UNIDAD x 1 UND;1;1;1
ING02976;TORTEES PICANTE 30 GR;UND;ABARROTES;PRD03693;;CAJA CHICA - TORTEES PICANTE 30 GR;UNIDAD;1;UNIDAD;UNIDAD x 1 UND;1;1;1
ING02977;TORTEES PICANTE FRITO LAY 34 GR;KG;ABARROTES;PRD01101;;TORTEES PICANTE FRITO LAY 34 GR;BOLSA;0.034;BOLSA;BOLSA x 0.034 KG;1;1;1
ING02978;TORTILLA BIMBO 12 UND.;UND;ABARROTES;PRD03028;;CAJA CHICA - TORTILLA BIMBO 12 UND.;BOLSA;1;BOLSA;BOLSA x 1 UND;1;1;1
ING02979;TORTILLA CLASICA BIMBO X 12 UNIDS (EMER);UND;;PRD00916;;TORTILLA CLASICA BIMBO X 12 UNIDS (EMER);BOLSA;12;BOLSA;BOLSA x 12 UND;1;1;1
ING02980;TORTILLAS DE MAIZ EL TACO X 500 GR;UND;ABARROTES;PRD03757;;CAJA CHICA - TORTILLAS DE MAIZ EL TACO X 500 GR;UNIDAD;1;UNIDAD;UNIDAD x 1 UND;1;1;1
ING02981;TORTILLAS DE MAIZ TOTOPO 50 GR;UND;ABARROTES;PRD01997;;CAJA CHICA - TORTILLAS DE MAIZ TOTOPO 50 GR;GRAMO;1;GRAMO;GRAMO x 1 UND;1;1;1
ING02982;TORTILLAS DE TACO X 12 UND MEDIANO;UND;ABARROTES;PRD00674;;TORTILLA PARA TACOS BIMBO X 12 UNIDS MEDIANO (RAPIDITAS);BOLSA;12;BOLSA;BOLSA x 12 UND;1;1;1
ING02983;TOSTADA;UND;ABARROTES;PRD03120;;CAJA CHICA - TOSTADA;PAQUETE;1;PAQUETE;PAQUETE x 1 UND;1;1;1
ING02984;TOSTITOS REDONDOS 150 GR;UND;ABARROTES;PRD01111;;TOSTITOS REDONDOS 150 GR;UNIDAD;1;UNIDAD;UNIDAD x 1 UND;1;1;1
ING02985;TRAPEADOR C/BASE PLASTICO DARITZ;UND;LIMPIEZA;PRD02990;;CAJA CHICA - TRAPEADOR C/BASE PLASTICO DARITZ;UNIDAD;1;UNIDAD;UNIDAD x 1 UND;1;1;1
ING02986;TRAPEADOR CON OJAL PIEZA;UND;ABARROTES;PRD01601;;TRAPEADOR DE PISO CON OJAL;UNIDAD;1;UNIDAD;UNIDAD x 1 UND;1;1;1
ING02986;TRAPEADOR CON OJAL PIEZA;UND;ABARROTES;PRD03599;;CAJA CHICA - TRAPEADOR CON OJAL PIEZA;UNIDAD;1;UNIDAD;UNIDAD x 1 UND;1;1;1
ING02987;TRAPEADOR FELPA;UND;ABARROTES;PRD03718;;CAJA CHICA - TRAPEADOR FELPA;UNIDAD;1;UNIDAD;UNIDAD x 1 UND;1;1;1
ING02988;TRAPO INDUSTRIAL BLANCO;UND;ABARROTES;PRD03719;;CAJA CHICA - TRAPO INDUSTRIAL BLANCO;UNIDAD;1;UNIDAD;UNIDAD x 1 UND;1;1;1
ING02989;TRENDSETTER SPARTAN - CERA PARA PISOS;L;LIMPIEZA;PRD02485;;TRENDSETTER SPARTAN 3.875 LITROS;GALON;3.875;GALON;GALON x 3.875 L;1;1;1
ING02989;TRENDSETTER SPARTAN - CERA PARA PISOS;L;LIMPIEZA;PRD02494;;TRENDSETTER SPARTAN 5 LITROS;UNIDAD;5;UNIDAD;UNIDAD x 5 L;1;1;1
ING02989;TRENDSETTER SPARTAN - CERA PARA PISOS;L;LIMPIEZA;PRD02502;;TRENDSETTER SPARTAN 19 LITROS;BIDON;19;BIDON;BIDON x 19 L;1;1;1
ING02990;TRIFRUNA AMBROSOLI X 70 UND;UND;ABARROTES;PRD03855;;CAJA CHICA - TRIFRUNA AMBROSOLI X 70 UND;BOLSA;1;BOLSA;BOLSA x 1 UND;1;1;1
ING02991;TRIFRUNA DE AMBROSOLI X 70 UN;UND;ABARROTES;PRD03856;;CAJA CHICA - TRIFRUNA DE AMBROSOLI X 70 UN;BOLSA;1;BOLSA;BOLSA x 1 UND;1;1;1
ING02992;TRIGO LLUNCA;KG;ABARROTES;PRD03101;;CAJA CHICA - TRIGO LLUNCA;KILOGRAMO;1;KILOGRAMO;KILOGRAMO x 1 KG;1;1;1
ING02993;TRIGO PELADO;KG;ABARROTES;PRD00025;;TRIGO PELADO EL PLEBEYO 5 KG;BOLSA;5;BOLSA;BOLSA x 5 KG;1;1;1
ING02993;TRIGO PELADO;KG;ABARROTES;PRD00301;;TRIGO PELADO CANTA CLARO 5 KG - UNIDAD;BOLSA;5;BOLSA;BOLSA x 5 KG;1;1;1
ING02993;TRIGO PELADO;KG;ABARROTES;PRD00349;;TRIGO MOTE LA SIEMBRA 5 KG;BOLSA;5;BOLSA;BOLSA x 5 KG;1;1;1
ING02993;TRIGO PELADO;KG;ABARROTES;PRD00350;;TRIGO PELADO LA SIEMBRA 5 KG;BOLSA;5;BOLSA;BOLSA x 5 KG;1;1;1
ING02993;TRIGO PELADO;KG;ABARROTES;PRD00356;;TRIGO MOTE KOMILON 5 KG;BOLSA;5;BOLSA;BOLSA x 5 KG;1;1;1
ING02993;TRIGO PELADO;KG;ABARROTES;PRD00369;;TRIGO MOTE CANTA CLARO 5 KG;BOLSA;5;BOLSA;BOLSA x 5 KG;1;1;1
ING02993;TRIGO PELADO;KG;ABARROTES;PRD00381;;TRIGO PELADO CANTA CLARO 5 KG;BOLSA;5;BOLSA;BOLSA x 5 KG;1;1;1
ING02993;TRIGO PELADO;KG;ABARROTES;PRD00386;;TRIGO MOTE LA SERRANITA 5 KG;BOLSA;5;BOLSA;BOLSA x 5 KG;1;1;1
ING02993;TRIGO PELADO;KG;ABARROTES;PRD00394;;TRIGO MOTE VALLESOL 5 KG;BOLSA;5;BOLSA;BOLSA x 5 KG;1;1;1
ING02993;TRIGO PELADO;KG;ABARROTES;PRD00395;;TRIGO PELADO VALLESOL 5 KG;BOLSA;5;BOLSA;BOLSA x 5 KG;1;1;1
ING02994;TRIGO PELADO X KG;KG;ABARROTES;PRD04026;;CAJA CHICA - TRIGO PELADO X KG;KILOGRAMO;1;KILOGRAMO;KILOGRAMO x 1 KG;1;1;1
ING02995;TRIKA HELADO TRICOLOR X 24 UND;UND;ABARROTES;PRD03161;;CAJA CHICA - TRIKA HELADO TRICOLOR X 24 UND;CAJA;1;CAJA;CAJA x 1 UND;1;1;1
ING02996;TRUCHA ENTERA EVISCERADA CONGELADA 100 - 170 GR;KG;CONGELADOS;PRD01742;;TRUCHA SIN CABEZA EVISCERADA CONGELADA 100 - 500 GR;KILOGRAMO;1;KILOGRAMO;KILOGRAMO x 1 KG;1;1;1
ING02997;TRUCHA ENTERA EVISCERADA CONGELADA 100 - 400 GR;KG;CONGELADOS;PRD01746;;TRUCHA ENTERA EVISCERADA CONGELADA 100 - 400 GR;KILOGRAMO;1;KILOGRAMO;KILOGRAMO x 1 KG;1;1;1
ING02998;TUNA ROJA;KG;FFVV;PRD00585;;TUNAS;KILOGRAMO;1;KILOGRAMO;KILOGRAMO x 1 KG;1;1;1
ING02998;TUNA ROJA;KG;FFVV;PRD02901;;CAJA CHICA - TUNA ROJA REFRIGERADO;KILOGRAMO;1;KILOGRAMO;KILOGRAMO x 1 KG;1;1;1
ING02999;TUNA VERDE;KG;FFVV;PRD02902;;CAJA CHICA - TUNA VERDE REFRIGERADO;KILOGRAMO;1;KILOGRAMO;KILOGRAMO x 1 KG;1;1;1
ING03000;TURBO HELADO NARANJA /FRESA X 40 UND;UND;CONGELADOS;PRD03157;;CAJA CHICA - TURBO HELADO NARANJA /FRESA X 40 UND;CAJA;1;CAJA;CAJA x 1 UND;1;1;1
ING03001;TURRONES CROSOY AJONJOLI 6 UND;UND;ABARROTES;PRD01617;;CAJA CHICA - TURRONES CROSOY AJONJOLI 6 UND;PAQUETE;1;PAQUETE;PAQUETE x 1 UND;1;1;1
ING03002;TURRONES CROSOY KIWICHA 6 UND;UND;ABARROTES;PRD01616;;CAJA CHICA - TURRONES CROSOY KIWICHA 6 UND;PAQUETE;1;PAQUETE;PAQUETE x 1 UND;1;1;1
ING03003;TURRONES CROSOY LINAZA 6 UND;UND;ABARROTES;PRD01619;;CAJA CHICA - TURRONES CROSOY LINAZA 6 UND;PAQUETE;1;PAQUETE;PAQUETE x 1 UND;1;1;1
ING03004;TURRONES CROSOY MACA 6 UND;UND;ABARROTES;PRD01620;;CAJA CHICA - TURRONES CROSOY MACA 6 UND;PAQUETE;1;PAQUETE;PAQUETE x 1 UND;1;1;1
ING03005;TURRONES CROSOY MANÍ 6 UND;UND;ABARROTES;PRD01618;;CAJA CHICA - TURRONES CROSOY MANÍ 6 UND;PAQUETE;1;PAQUETE;PAQUETE x 1 UND;1;1;1
ING03006;UDM V COTCANDX2LB;UND;ABARROTES;PRD03678;;CAJA CHICA - UDM V COTCANDX2LB;UNIDAD;1;UNIDAD;UNIDAD x 1 UND;1;1;1
ING03007;UVA ITALIA;KG;FFVV;PRD02060;;UVA VERDE;KILOGRAMO;1;KILOGRAMO;KILOGRAMO x 1 KG;1;1;1
ING03008;UVA ITALIA BLANCA;KG;ABARROTES;PRD03110;;CAJA CHICA - UVA ITALIA BLANCA;KILOGRAMO;1;KILOGRAMO;KILOGRAMO x 1 KG;1;1;1
ING03009;UVA NEGRA;KG;FFVV;PRD00570;;UVA NEGRA;KILOGRAMO;1;KILOGRAMO;KILOGRAMO x 1 KG;1;1;1
ING03010;UVA RED GLOBE;KG;FFVV;PRD00577;;UVA RED GLOBE;KILOGRAMO;1;KILOGRAMO;KILOGRAMO x 1 KG;1;1;1
ING03011;UVA RED GLOBE X KG;KG;ABARROTES;PRD04027;;CAJA CHICA - UVA RED GLOBE X KG;KILOGRAMO;1;KILOGRAMO;KILOGRAMO x 1 KG;1;1;1
ING03012;UÑA DE GATO;KG;ABARROTES;PRD01981;;CAJA CHICA - UÑA DE GATO;KILOGRAMO;1;KILOGRAMO;KILOGRAMO x 1 KG;1;1;1
ING03013;UÑA DE GATO SOBRECITO;UND;ABARROTES;PRD00507;;INFUSION UÑA DE GATO DEL VALLE 100 SOBRES;CAJA;100;CAJA;CAJA x 100 UND;1;1;1
ING03014;VAINITA REFRIGERADO / CONGELADO;KG;FFVV;PRD00448;;VAINITA FRESCA;KILOGRAMO;1;KILOGRAMO;KILOGRAMO x 1 KG;1;1;1
ING03014;VAINITA REFRIGERADO / CONGELADO;KG;FFVV;PRD01199;;VAINITA EN TROZOS CONGELADA;KILOGRAMO;1;KILOGRAMO;KILOGRAMO x 1 KG;1;1;1
ING03014;VAINITA REFRIGERADO / CONGELADO;KG;FFVV;PRD04086;;CAJA CHICA - VAINITA FRESCA;KILOGRAMO;1;KILOGRAMO;KILOGRAMO x 1 KG;1;1;1
ING03015;VASELINA NO PERFUMADA 18 GR;UND;KIOSKO;PRD01458;;VASELINA NO PERFUMADA POTE 18 GR;UNIDAD;1;UNIDAD;UNIDAD x 1 UND;1;1;1
ING03016;VASELINA NO PERFUMADA POTE 15 GR;UND;KIOSKO;PRD02695;;VASELINA NO PERFUMADA POTE 15 GR;UNIDAD;1;UNIDAD;UNIDAD x 1 UND;1;1;1
ING03017;VASELINA NO PERFUMADA POTE 25 GR;UND;KIOSKO;PRD02694;;VASELINA NO PERFUMADA POTE 25 GR;UNIDAD;1;UNIDAD;UNIDAD x 1 UND;1;1;1
ING03018;VASO BIODEGRADABLE 8 OZ MILLAR;UND;DESCARTABLES;PRD02820;;CAJA CHICA - VASO BIODEGRADABLE 8 OZ MILLAR;PAQUETE;1;PAQUETE;PAQUETE x 1 UND;1;1;1
ING03019;VASO DESCARTABLE LISTADO PP 10 OZ;UND;DESCARTABLES;PRD03545;;CAJA CHICA - VASO DESCARTABLE LISTADO PP 10 OZ;UNIDAD;1;UNIDAD;UNIDAD x 1 UND;1;1;1
ING03020;VASO DESCARTABLE POLIPAPEL;UND;DESCARTABLES;PRD02322;;VASO DESCARTABLE LISTADO PP 10 OZ MILLAR;PAQUETE;1000;PAQUETE;PAQUETE x 1000 UND;1;1;1
ING03020;VASO DESCARTABLE POLIPAPEL;UND;DESCARTABLES;PRD02326;;VASO DESCARTABLE PLASTICO 5 OZ MILLAR;PAQUETE;1000;PAQUETE;PAQUETE x 1000 UND;1;1;1
ING03020;VASO DESCARTABLE POLIPAPEL;UND;DESCARTABLES;PRD02327;;VASO DESCARTABLE PLASTICO 7 OZ MILLAR;PAQUETE;1000;PAQUETE;PAQUETE x 1000 UND;1;1;1
ING03020;VASO DESCARTABLE POLIPAPEL;UND;DESCARTABLES;PRD02332;;VASO DESCARTABLE POLIPAPEL BLANCO CON TAPA 8 OZ MILLAR;PAQUETE;1000;PAQUETE;PAQUETE x 1000 UND;1;1;1
ING03020;VASO DESCARTABLE POLIPAPEL;UND;DESCARTABLES;PRD02333;;VASO DESCARTABLE POLIPAPEL BLANCO 8 OZ MILLAR;PAQUETE;1000;PAQUETE;PAQUETE x 1000 UND;1;1;1
ING03020;VASO DESCARTABLE POLIPAPEL;UND;DESCARTABLES;PRD02337;;VASO DESCARTABLE POLIPAPEL BLANCO 9 OZ MILLAR;PAQUETE;1000;PAQUETE;PAQUETE x 1000 UND;1;1;1
ING03020;VASO DESCARTABLE POLIPAPEL;UND;DESCARTABLES;PRD02339;;VASO DESCARTABLE POLIPAPEL BLANCO PANAMERICANOS 8 OZ MILLAR;PAQUETE;1000;PAQUETE;PAQUETE x 1000 UND;1;1;1
ING03020;VASO DESCARTABLE POLIPAPEL;UND;DESCARTABLES;PRD02340;;VASO DESCARTABLE POLIPAPEL BLANCO SIN TAPA 8 OZ MILLAR;PAQUETE;1000;PAQUETE;PAQUETE x 1000 UND;1;1;1
ING03020;VASO DESCARTABLE POLIPAPEL;UND;DESCARTABLES;PRD02644;;VASO POLIPAPEL BLANCO 12 OZ MILLAR;PAQUETE;1000;PAQUETE;PAQUETE x 1000 UND;1;1;1
ING03020;VASO DESCARTABLE POLIPAPEL;UND;DESCARTABLES;PRD02645;;VASO POLIPAPEL BLANCO 4 OZ MILLAR;PAQUETE;1000;PAQUETE;PAQUETE x 1000 UND;1;1;1
ING03020;VASO DESCARTABLE POLIPAPEL;UND;DESCARTABLES;PRD02646;;VASO POLIPAPEL BLANCO 8 OZ MILLAR;PAQUETE;1000;PAQUETE;PAQUETE x 1000 UND;1;1;1
ING03020;VASO DESCARTABLE POLIPAPEL;UND;DESCARTABLES;PRD02647;;VASO POLIPAPEL DISEÑO BEBIDAS CALIENTES 8 OZ MILLAR;PAQUETE;1000;PAQUETE;PAQUETE x 1000 UND;1;1;1
ING03021;VASO DESCARTABLE PP N 10;UND;DESCARTABLES;PRD02641;;VASO DESCARTABLE PP N 10 ALFA X MILLAR;PAQUETE;1000;PAQUETE;PAQUETE x 1000 UND;1;1;1
ING03022;VASO DESCARTABLE PP N 5;UND;DESCARTABLES;PRD02642;;VASO DESCARTABLE PP N 5 ALFA X MILLAR;PAQUETE;1000;PAQUETE;PAQUETE x 1000 UND;1;1;1
ING03023;VASO DESCARTABLE PP N 7;UND;DESCARTABLES;PRD02643;;VASO DESCARTABLE PP N 7 ALFA X MILLAR;PAQUETE;1000;PAQUETE;PAQUETE x 1000 UND;1;1;1
ING03024;VASO DESCARTABLE TECNOPOR 10 OZ;UND;DESCARTABLES;PRD02405;;VASO DESCARTABLE TECNOPOR 10 OZ MILLAR;PAQUETE;1000;PAQUETE;PAQUETE x 1000 UND;1;1;1
ING03025;VASO DESCARTABLES X 5 ONZ;UND;DESCARTABLES;PRD03102;;CAJA CHICA - VASO DESCARTABLES X 5 ONZ;UNIDAD;1;UNIDAD;UNIDAD x 1 UND;1;1;1
ING03026;VASO PARA CREMOLADA 8 OZ;UND;DESCARTABLES;PRD02328;;VASO PARA CREMOLADA MILLAR 8 OZ;PAQUETE;1000;PAQUETE;PAQUETE x 1000 UND;1;1;1
ING03027;VASO POLIPAPEL 8 OZ DISEÑO BEBIDAS CALIENTES;UND;ABARROTES;PRD02403;;VASO POLIPAPEL 8 OZ C/DISEÑO BEBIDAS CALIENTES X MILLAR;PAQUETE;1000;PAQUETE;PAQUETE x 1000 UND;1;1;1
ING03028;VASO POLIPAPEL BLANCO 10 OZ MILLAR;UND;;PRD02324;;VASO POLIPAPEL BLANCO 10 OZ MILLAR;PAQUETE;1000;PAQUETE;PAQUETE x 1000 UND;1;1;1
ING03029;VASO TECNOPOR 12 OZ;UND;DESCARTABLES;PRD03319;;CAJA CHICA - VASO TECNOPOR 12 OZ;UNIDAD;1;UNIDAD;UNIDAD x 1 UND;1;1;1
ING03030;VASO TECNOPOR 4 ONZAS;UND;DESCARTABLES;PRD03930;;CAJA CHICA - VASO TECNOPOR 4 ONZAS;UNIDAD;1;UNIDAD;UNIDAD x 1 UND;1;1;1
ING03031;VASO TERMICO 2 ONZAS;UND;DESCARTABLES;PRD03928;;CAJA CHICA - VASO TERMICO 2 ONZAS;UNIDAD;1;UNIDAD;UNIDAD x 1 UND;1;1;1
ING03032;VASOS ACRILICOS DE 7 ONZ X 25 UND;UND;DESCARTABLES;PRD01938;;CAJA CHICA - VASOS ACRILICOS DE 7 ONZ X 25 UND;PAQUETE;1;PAQUETE;PAQUETE x 1 UND;1;1;1
ING03033;VASOS DESCARTABLES PLASTICOS 6.5 OZ X 50 UND;UND;DESCARTABLES;PRD03296;;CAJA CHICA - VASOS DESCARTABLES PLASTICOS 6.5 OZ X 50 UND;PAQUETE;1;PAQUETE;PAQUETE x 1 UND;1;1;1
ING03034;VENTA DE HELADOS DONOFRIO;UND;ABARROTES;PRD03685;;CAJA CHICA - VENTA DE HELADOS DONOFRIO;UNIDAD;1;UNIDAD;UNIDAD x 1 UND;1;1;1
ING03035;VERDE ROSCA 510 KG;UND;ABARROTES;PRD03239;;CAJA CHICA - VERDE ROSCA 510 KG;UNIDAD;1;UNIDAD;UNIDAD x 1 UND;1;1;1
ING03036;VICK VAPORUP LATA PERSONAL;UND;KIOSKO;PRD02683;;VICK VAPORUP LATA PERSONAL;UNIDAD;1;UNIDAD;UNIDAD x 1 UND;1;1;1
ING03037;VINAGRE BALSAMICO;L;ABARROTES;PRD01090;;VINAGRE BALSAMICO LUREN 5 LT PET;BIDON;5;BIDON;BIDON x 5 L;1;1;1
ING03038;VINAGRE BALSAMICO CARBONELL 250 ML;UND;ABARROTES;PRD03008;;CAJA CHICA - VINAGRE BALSAMICO CARBONELL 250 ML;BOTELLA;1;BOTELLA;BOTELLA x 1 UND;1;1;1
ING03039;VINAGRE BALSAMICO LUREN 5 LT PET (EMER);L;;PRD01064;;VINAGRE BALSAMICO LUREN 5 LT PET (EMER);BIDON;5;BIDON;BIDON x 5 L;1;1;1
ING03040;VINAGRE BALSÁMICO LT.;L;ABARROTES;PRD02810;;CAJA CHICA - VINAGRE BALSÁMICO LT.;LITRO;1;LITRO;LITRO x 1 L;1;1;1
ING03041;VINAGRE BLANCO;L;ABARROTES;PRD00151;;VINAGRE BLANCO TRESA 4 LT;GALON;4;GALON;GALON x 4 L;1;1;1
ING03041;VINAGRE BLANCO;L;ABARROTES;PRD01045;;VINAGRE BLANCO A-1 1 LT;GALON;1;GALON;GALON x 1 L;1;1;1
ING03041;VINAGRE BLANCO;L;ABARROTES;PRD01052;;VINAGRE BLANCO TRESA 3.8 LT;GALON;3.8;GALON;GALON x 3.8 L;1;1;1
ING03042;VINAGRE BLANCO FANNY;L;ABARROTES;PRD01047;;VINAGRE BLANCO FANNY 500 ML;BOTELLA;0.5;BOTELLA;BOTELLA x 0.5 L;1;1;1
ING03043;VINAGRE BLANCO MI SAZON 500 ML;UND;ABARROTES;PRD03010;;CAJA CHICA - VINAGRE BLANCO MI SAZON 500 ML;BOTELLA;1;BOTELLA;BOTELLA x 1 UND;1;1;1
ING03044;VINAGRE BLANCO X 3.8 LT;UND;ABARROTES;PRD03103;;CAJA CHICA - VINAGRE BLANCO X 3.8 LT;BIDON;1;BIDON;BIDON x 1 UND;1;1;1
ING03045;VINAGRE DE ARROZ X 500 ML - BOT;UND;ABARROTES;PRD04054;;CAJA CHICA - VINAGRE DE ARROZ X 500 ML - BOT;BOTELLA;1;BOTELLA;BOTELLA x 1 UND;1;1;1
ING03046;VINAGRE DE MANZANA;L;ABARROTES;PRD01091;;VINAGRE DE MANZANA OLIVOS DEL SUR 4 LT PET;BOTELLA;4;BOTELLA;BOTELLA x 4 L;1;1;1
ING03047;VINAGRE TINTO;L;ABARROTES;PRD00152;;VINAGRE TINTO TRESA 4 LT;GALON;4;GALON;GALON x 4 L;1;1;1
ING03047;VINAGRE TINTO;L;ABARROTES;PRD01046;;VINAGRE TINTO FANNY 500 ML;BOTELLA;0.5;BOTELLA;BOTELLA x 0.5 L;1;1;1
ING03047;VINAGRE TINTO;L;ABARROTES;PRD01048;;VINAGRE TINTO A-1 4 LT;GALON;4;GALON;GALON x 4 L;1;1;1
ING03047;VINAGRE TINTO;L;ABARROTES;PRD01053;;VINAGRE TINTO TRESA 3.8 LT;GALON;3.8;GALON;GALON x 3.8 L;1;1;1
ING03047;VINAGRE TINTO;L;ABARROTES;PRD01066;;VINAGRE TINTO A-1 1 LT;GALON;1;GALON;GALON x 1 L;1;1;1
ING03048;VINAGRE TINTO LT;UND;ABARROTES;PRD03620;;CAJA CHICA - VINAGRE TINTO LT;BOTELLA;1;BOTELLA;BOTELLA x 1 UND;1;1;1
ING03049;VINAGRE TINTO MI SAZON 500 ML;UND;ABARROTES;PRD03009;;CAJA CHICA - VINAGRE TINTO MI SAZON 500 ML;BOTELLA;1;BOTELLA;BOTELLA x 1 UND;1;1;1
ING03050;VINO BLANCO COUSIÑO;L;ABARROTES;PRD02705;;CAJA CHICA - VINO BLANCO COUSIÑO;LITRO;1;LITRO;LITRO x 1 L;1;1;1
ING03051;VINO CHARDONNAY CHINEN;UND;ABARROTES;PRD02775;;CAJA CHICA - VINO CHARDONNAY CHINEN;UNIDAD;1;UNIDAD;UNIDAD x 1 UND;1;1;1
ING03052;VINO NAVARRO CORREAS CABERNET SAUVIGNON X 750 M;UND;ABARROTES;PRD03606;;CAJA CHICA - VINO NAVARRO CORREAS CABERNET SAUVIGNON X 750 M;UNIDAD;1;UNIDAD;UNIDAD x 1 UND;1;1;1
ING03053;VINO QUEIROLO BORGOÑA X 750 ML;UND;ABARROTES;PRD03605;;CAJA CHICA - VINO QUEIROLO BORGOÑA X 750 ML;UNIDAD;1;UNIDAD;UNIDAD x 1 UND;1;1;1
ING03054;VINO TABERNERO BORGOÑA (750ML);UND;;PRD03891;;CAJA CHICA - VINO TABERNERO BORGOÑA (750ML);BOTELLA;1;BOTELLA;BOTELLA x 1 UND;1;1;1
ING03055;VINO TACAMA TINTO (750ML);UND;;PRD03892;;CAJA CHICA - VINO TACAMA TINTO (750ML);BOTELLA;1;BOTELLA;BOTELLA x 1 UND;1;1;1
ING03056;WAFER CHOCOLATE COSTA NICK 29 GR;UND;ABARROTES;PRD00307;;WAFER CHOCOLATE COSTA NIK 29 GR;PAQUETE;1;PAQUETE;PAQUETE x 1 UND;1;1;1
ING03057;WAFER CHOCOLATE COSTA NIK 27 GR;UND;ABARROTES;PRD00681;;WAFER CHOCOLATE COSTA NIK 27 GR;PAQUETE;1;PAQUETE;PAQUETE x 1 UND;1;1;1
ING03058;WAFER CHOCOLATE COSTA NIK 27 GR (CXEMER);UND;ABARROTES;PRD00733;;WAFER CHOCOLATE COSTA NIK 27 GR (CXEMER);PAQUETE;1;PAQUETE;PAQUETE x 1 UND;1;1;1
ING03059;WAFER CHOCOLATE COSTA NIK 72 GR;UND;;PRD00682;;WAFER CHOCOLATE COSTA NIK 72 GR;PAQUETE;1;PAQUETE;PAQUETE x 1 UND;1;1;1
ING03060;WAFER MOROCHAS BARRA VAINILLA 22 GR;UND;ABARROTES;PRD00782;;WAFER MOROCHAS BARRA VAINILLA 22 GR;PAQUETE;1;PAQUETE;PAQUETE x 1 UND;1;1;1
ING03061;WAFER WAZZU X 32 GR X 6 UND;UND;ABARROTES;PRD03857;;CAJA CHICA - WAFER WAZZU X 32 GR X 6 UND;PAQUETE;1;PAQUETE;PAQUETE x 1 UND;1;1;1
ING03062;WANTAN CON RELLENO SIU MAI CERDO 17 G CONGELADO;UND;CONGELADOS;PRD01973;;WANTAN ARMADO CON RELLENO SIU MAI CERDO 17 GR CONGELADO;UNIDAD;1;UNIDAD;UNIDAD x 1 UND;1;1;1
ING03063;WARAP BARRA;UND;ABARROTES;PRD01998;;CAJA CHICA - WARAP BARRA;GRAMO;1;GRAMO;GRAMO x 1 UND;1;1;1
ING03064;WARAP BARRAS;UND;ABARROTES;PRD03664;;CAJA CHICA - WARAP BARRAS;UNIDAD;1;UNIDAD;UNIDAD x 1 UND;1;1;1
ING03065;WHITE CLEAN PLUS FP SPARTAN - DETERGENTE NEUTRO;L;LIMPIEZA;PRD02515;;WHITE CLEAN PLUS FP SPARTAN 3.875 LITROS;GALON;3.875;GALON;GALON x 3.875 L;1;1;1
ING03065;WHITE CLEAN PLUS FP SPARTAN - DETERGENTE NEUTRO;L;LIMPIEZA;PRD02524;;WHITE CLEAN PLUS FP SPARTAN 5 LITROS;UNIDAD;5;UNIDAD;UNIDAD x 5 L;1;1;1
ING03065;WHITE CLEAN PLUS FP SPARTAN - DETERGENTE NEUTRO;L;LIMPIEZA;PRD02533;;WHITE CLEAN PLUS FP SPARTAN 19 LITROS;BIDON;19;BIDON;BIDON x 19 L;1;1;1
ING03066;XTREME CLEAN SPARTAN - REMOVEDOR DE GRASA;L;LIMPIEZA;PRD02488;;XTREME CLEAN SPARTAN 3.875 LITROS;GALON;3.875;GALON;GALON x 3.875 L;1;1;1
ING03066;XTREME CLEAN SPARTAN - REMOVEDOR DE GRASA;L;LIMPIEZA;PRD02495;;XTREME CLEAN SPARTAN 5 LITROS;UNIDAD;5;UNIDAD;UNIDAD x 5 L;1;1;1
ING03066;XTREME CLEAN SPARTAN - REMOVEDOR DE GRASA;L;LIMPIEZA;PRD02506;;XTREME CLEAN SPARTAN 19 LITROS;BIDON;19;BIDON;BIDON x 19 L;1;1;1
ING03067;XTREME OXIGEN BLEACH SPARTAN - BLANQUEADOR;L;LIMPIEZA;PRD02538;;XTREME OXIGEN BLEACH SPARTAN 19 LITROS;BIDON;19;BIDON;BIDON x 19 L;1;1;1
ING03068;YELLOW PINE SPARTAN - LIMPIADOR DE PISO;L;ABARROTES;PRD02439;;YELLOW PINE SPARTAN 1 LITRO;LITRO;1;LITRO;LITRO x 1 L;1;1;1
ING03068;YELLOW PINE SPARTAN - LIMPIADOR DE PISO;L;ABARROTES;PRD02451;;YELLOW PINE SPARTAN 3.875 LITROS;GALON;3.875;GALON;GALON x 3.875 L;1;1;1
ING03068;YELLOW PINE SPARTAN - LIMPIADOR DE PISO;L;ABARROTES;PRD02464;;YELLOW PINE SPARTAN 5 LITROS;UNIDAD;5;UNIDAD;UNIDAD x 5 L;1;1;1
ING03068;YELLOW PINE SPARTAN - LIMPIADOR DE PISO;L;ABARROTES;PRD02477;;YELLOW PINE SPARTAN 19 LITROS;BIDON;19;BIDON;BIDON x 19 L;1;1;1
ING03069;YEMA DE ALFALFA;KG;ABARROTES;PRD03141;;CAJA CHICA - YEMA DE ALFALFA;KILOGRAMO;1;KILOGRAMO;KILOGRAMO x 1 KG;1;1;1
ING03070;YOGURT;UND;REFRIGERADOS;PRD03628;;CAJA CHICA - YOGURT;BOTELLA;1;BOTELLA;BOTELLA x 1 UND;1;1;1
ING03071;YOGURT 180 ML;UND;REFRIGERADOS;PRD02173;;YOGURT DE FRESA GLORIA 180 ML (EMER);BOTELLA;1;BOTELLA;BOTELLA x 1 UND;1;1;1
ING03072;YOGURT ACTIBIO FRESA LT;KG;REFRIGERADOS;PRD02163;;YOGURT ACTIBIO FRESA GLORIA 1 KG;BOTELLA;1;BOTELLA;BOTELLA x 1 KG;1;1;1
ING03073;YOGURT DE DURAZNO GLORIA 1 LT / 946 GR;L;;PRD02185;;YOGURT DE DURAZNO GLORIA 1 LT / 946 GR;BOTELLA;1;BOTELLA;BOTELLA x 1 L;1;1;1
ING03074;YOGURT DE DURAZNO LT;L;REFRIGERADOS;PRD02169;;YOGURT DURAZNO BIO LAIVE 1.7 LT;BOTELLA;1.7;BOTELLA;BOTELLA x 1.7 L;1;1;1
ING03075;YOGURT DE FRESA GLORIA 1 LT / 946 GR;L;;PRD02156;;YOGURT DE FRESA GLORIA 1 LT / 946 GR;BOTELLA;1;BOTELLA;BOTELLA x 1 L;1;1;1
ING03076;YOGURT DE GUANABANA GLORIA 1 LT / 946 GR;L;;PRD02160;;YOGURT DE GUANABANA GLORIA 1 LT / 946 GR;BOTELLA;1;BOTELLA;BOTELLA x 1 L;1;1;1
ING03077;YOGURT DE VAINILLA FRANCESA GLORIA 1 LT / 946 GR;L;;PRD02157;;YOGURT DE VAINILLA FRANCESA GLORIA 1 LT / 946 GR;BOTELLA;1;BOTELLA;BOTELLA x 1 L;1;1;1
ING03078;YOGURT DURAZNO LIGHT LT;KG;REFRIGERADOS;PRD00672;;YOGURT DURAZNO SBELT 946 GR;BOTELLA;0.946;BOTELLA;BOTELLA x 0.946 KG;1;1;1
ING03079;YOGURT DURAZNO LIGHT LT (L);L;REFRIGERADOS;PRD02187;;YOGURT DE DURAZNO GLORIA SLIM 1 LT;BOTELLA;1;BOTELLA;BOTELLA x 1 L;1;1;1
ING03080;YOGURT DURAZNO NORMAL LT;KG;REFRIGERADOS;PRD02167;;YOGURT DURAZNO LAIVE 946 GR;BOTELLA;0.946;BOTELLA;BOTELLA x 0.946 KG;1;1;1
ING03081;YOGURT DURAZNO NORMAL LT (L);L;REFRIGERADOS;PRD02181;;YOGURT DURAZNO BIO LAIVE 1.8 LT;BOTELLA;1.8;BOTELLA;BOTELLA x 1.8 L;1;1;1
ING03082;YOGURT DURAZNO PROBIOTICO LAIVE 930 GR;KG;;PRD02174;;YOGURT DURAZNO PROBIOTICO LAIVE 930 GR;BOTELLA;0.93;BOTELLA;BOTELLA x 0.93 KG;1;1;1
ING03083;YOGURT DURAZNO SBELT 946 ML;UND;REFRIGERADOS;PRD02719;;CAJA CHICA - YOGURT DURAZNO SBELT 946 ML;BOTELLA;1;BOTELLA;BOTELLA x 1 UND;1;1;1
ING03084;YOGURT FRESA LIGHT LT;KG;REFRIGERADOS;PRD00671;;YOGURT FRESA SBELT 946 GR;BOTELLA;0.946;BOTELLA;BOTELLA x 0.946 KG;1;1;1
ING03085;YOGURT FRESA LIGHT LT (L);L;REFRIGERADOS;PRD02186;;YOGURT DE FRESA GLORIA SLIM 1 LT;BOTELLA;1;BOTELLA;BOTELLA x 1 L;1;1;1
ING03086;YOGURT FRESA NORMAL 200 ML LAIVE;UND;REFRIGERADOS;PRD02792;;CAJA CHICA - YOGURT FRESA NORMAL 200 ML LAIVE;UNIDAD;1;UNIDAD;UNIDAD x 1 UND;1;1;1
ING03087;YOGURT FRESA NORMAL LT;L;REFRIGERADOS;PRD02170;;YOGURT FRESA BIO LAIVE 1.7 LT;BOTELLA;1.7;BOTELLA;BOTELLA x 1.7 L;1;1;1
ING03087;YOGURT FRESA NORMAL LT;L;REFRIGERADOS;PRD02179;;YOGURT FRESA BIO LAIVE 1.8 LT;BOTELLA;1.8;BOTELLA;BOTELLA x 1.8 L;1;1;1
ING03088;YOGURT FRESA NORMAL LT (KG);KG;REFRIGERADOS;PRD02166;;YOGURT FRESA LAIVE 946 GR;BOTELLA;0.946;BOTELLA;BOTELLA x 0.946 KG;1;1;1
ING03089;YOGURT FRESA PROBIOTICO LAIVE 930 GR;KG;;PRD02175;;YOGURT FRESA PROBIOTICO LAIVE 930 GR;BOTELLA;0.93;BOTELLA;BOTELLA x 0.93 KG;1;1;1
ING03090;YOGURT FRESA SBELT 946 ML;UND;REFRIGERADOS;PRD02720;;CAJA CHICA - YOGURT FRESA SBELT 946 ML;BOTELLA;1;BOTELLA;BOTELLA x 1 UND;1;1;1
ING03091;YOGURT LAIVE SBELT FRESA X 940 ML;UND;REFRIGERADOS;PRD03609;;CAJA CHICA - YOGURT LAIVE SBELT FRESA X 940 ML;UNIDAD;1;UNIDAD;UNIDAD x 1 UND;1;1;1
ING03092;YOGURT LAIVE SBELT LUCUMA X 940 ML;UND;REFRIGERADOS;PRD03608;;CAJA CHICA - YOGURT LAIVE SBELT LUCUMA X 940 ML;UNIDAD;1;UNIDAD;UNIDAD x 1 UND;1;1;1
ING03093;YOGURT LUCUMA LIGHT LT;KG;REFRIGERADOS;PRD00673;;YOGURT LUCUMA SBELT 946 GR;BOTELLA;0.946;BOTELLA;BOTELLA x 0.946 KG;1;1;1
ING03094;YOGURT LUCUMA LT;L;REFRIGERADOS;PRD02171;;YOGURT LUCUMA BIO LAIVE 1.7 LT;BOTELLA;1.7;BOTELLA;BOTELLA x 1.7 L;1;1;1
ING03095;YOGURT LUCUMA NORMAL LT;KG;REFRIGERADOS;PRD02158;;YOGURT DE LUCUMA GLORIA 2 KG;BOTELLA;2;BOTELLA;BOTELLA x 2 KG;1;1;1
ING03095;YOGURT LUCUMA NORMAL LT;KG;REFRIGERADOS;PRD02168;;YOGURT LUCUMA LAIVE 946 GR;BOTELLA;0.946;BOTELLA;BOTELLA x 0.946 KG;1;1;1
ING03096;YOGURT LUCUMA NORMAL LT (L);L;REFRIGERADOS;PRD02182;;YOGURT LUCUMA BIO LAIVE 1.8 LT;BOTELLA;1.8;BOTELLA;BOTELLA x 1.8 L;1;1;1
ING03097;YOGURT LUCUMA PROBIOTICO LAIVE 930 GR;KG;;PRD02178;;YOGURT LUCUMA PROBIOTICO LAIVE 930 GR;BOTELLA;0.93;BOTELLA;BOTELLA x 0.93 KG;1;1;1
ING03098;YOGURT MORA PROBIOTICO LAIVE 930 GR;KG;;PRD02177;;YOGURT MORA PROBIOTICO LAIVE 930 GR;BOTELLA;0.93;BOTELLA;BOTELLA x 0.93 KG;1;1;1
ING03099;YOGURT NATURAL HUACARIZ LT;L;REFRIGERADOS;PRD03225;;CAJA CHICA - YOGURT NATURAL HUACARIZ LT;LITRO;1;LITRO;LITRO x 1 L;1;1;1
ING03100;YOGURT SABOR DURAZNO 180ML GLORIA;UND;REFRIGERADOS;PRD01665;;CAJA CHICA - YOGURT SABOR DURAZNO 180ML GLORIA;UNIDAD;1;UNIDAD;UNIDAD x 1 UND;1;1;1
ING03101;YOGURT SABOR FRESA 180ML GLORIA;UND;REFRIGERADOS;PRD01666;;CAJA CHICA - YOGURT SABOR FRESA 180ML GLORIA;UNIDAD;1;UNIDAD;UNIDAD x 1 UND;1;1;1
ING03102;YOGURT SABOR LUCUMA 180ML GLORIA;UND;REFRIGERADOS;PRD01667;;CAJA CHICA - YOGURT SABOR LUCUMA 180ML GLORIA;UNIDAD;1;UNIDAD;UNIDAD x 1 UND;1;1;1
ING03103;YOGURT SBELT VAINILLA;UND;REFRIGERADOS;PRD03646;;CAJA CHICA - YOGURT SBELT VAINILLA;BOTELLA;1;BOTELLA;BOTELLA x 1 UND;1;1;1
ING03104;YOGURT SBELT X 1 LT;L;REFRIGERADOS;PRD03644;;CAJA CHICA - YOGURT SBELT X 1 LT;BOTELLA;1;BOTELLA;BOTELLA x 1 L;1;1;1
ING03105;YOGURT TUTTI FRUTTI NORMAL LT;L;ABARROTES;PRD02165;;YOGURT DE TUTTI FRUTTI GLORIA 1 LT;BOTELLA;1;BOTELLA;BOTELLA x 1 L;1;1;1
ING03106;YOGURT VAINILLA FRANCESA NORMAL LT;L;REFRIGERADOS;PRD02159;;YOGURT DE VAINILLA FRANCESA GLORIA 2 LT;BOTELLA;2;BOTELLA;BOTELLA x 2 L;1;1;1
ING03107;YOGURT VAINILLA FRANCESA NORMAL LT (KG);KG;REFRIGERADOS;PRD02180;;YOGURT VAINILLA FRANCESA LAIVE 946 GR;BOTELLA;0.946;BOTELLA;BOTELLA x 0.946 KG;1;1;1
ING03108;YOGURT VAINILLA LIGHT 946 ML LAIVE;UND;REFRIGERADOS;PRD02793;;CAJA CHICA - YOGURT VAINILLA LIGHT 946 ML LAIVE;UNIDAD;1;UNIDAD;UNIDAD x 1 UND;1;1;1
ING03109;YOGURT VAINILLA LIGHT LT;KG;REFRIGERADOS;PRD00676;;YOGURT VAINILLA FRANCESA SBELT 946 GR;BOTELLA;0.946;BOTELLA;BOTELLA x 0.946 KG;1;1;1
ING03110;YOGURT VAINILLA LIGHT LT (L);L;REFRIGERADOS;PRD02188;;YOGURT DE VAINILLA GLORIA SLIM 1 LT;BOTELLA;1;BOTELLA;BOTELLA x 1 L;1;1;1
ING03111;YOGURT VAINILLA NORMAL LT;L;REFRIGERADOS;PRD02172;;YOGURT VAINILLA FRANCESA BIO LAIVE 1.7 LT;BOTELLA;1.7;BOTELLA;BOTELLA x 1.7 L;1;1;1
ING03111;YOGURT VAINILLA NORMAL LT;L;REFRIGERADOS;PRD02183;;YOGURT VAINILLA FRANCESA BIO LAIVE 1.8 LT;BOTELLA;1.8;BOTELLA;BOTELLA x 1.8 L;1;1;1
ING03112;YOGURT VAINILLA PROBIOTICO LAIVE 930 GR;KG;;PRD02176;;YOGURT VAINILLA PROBIOTICO LAIVE 930 GR;BOTELLA;0.93;BOTELLA;BOTELLA x 0.93 KG;1;1;1
ING03113;YOGURT X 1 LT;L;REFRIGERADOS;PRD03169;;CAJA CHICA - YOGURT X 1 LT;BOTELLA;1;BOTELLA;BOTELLA x 1 L;1;1;1
ING03114;YOGURT X 500 ML;UND;REFRIGERADOS;PRD02161;;YOGURT DE FRESA GLORIA 500 ML;BOTELLA;1;BOTELLA;BOTELLA x 1 UND;1;1;1
ING03114;YOGURT X 500 ML;UND;REFRIGERADOS;PRD02162;;YOGURT DE DURAZNO GLORIA 500 ML;BOTELLA;1;BOTELLA;BOTELLA x 1 UND;1;1;1
ING03114;YOGURT X 500 ML;UND;REFRIGERADOS;PRD02184;;YOGURT DE VAINILLA FRANCESA GLORIA 500 ML;BOTELLA;1;BOTELLA;BOTELLA x 1 UND;1;1;1
ING03114;YOGURT X 500 ML;UND;REFRIGERADOS;PRD03970;;CAJA CHICA - YOGURT GLORIA X 500 ML;UNIDAD;1;UNIDAD;UNIDAD x 1 UND;1;1;1
ING03115;YOGURT X 500 ML (L);L;REFRIGERADOS;PRD02164;;YOGURT DE VAINILLA LIGHT GLORIA 500ML;UNIDAD;0.5;UNIDAD;UNIDAD x 0.5 L;1;1;1
ING03116;YUCA AMARILLA;KG;FFVV;PRD00451;;YUCA;KILOGRAMO;1;KILOGRAMO;KILOGRAMO x 1 KG;1;1;1
ING03117;YUCA AMARILLA CONGELADO;KG;CONGELADOS;PRD01200;;YUCA CONGELADA;KILOGRAMO;1;KILOGRAMO;KILOGRAMO x 1 KG;1;1;1
ING03118;YUCA PICANTE CROCANTITO 150 GR;UND;;PRD00727;;YUCA PICANTE CROCANTITO 150 GR;PAQUETE;1;PAQUETE;PAQUETE x 1 UND;1;1;1
ING03119;YUCA PICANTE CROCANTITO 70 GR;UND;;PRD00726;;YUCA PICANTE CROCANTITO 70 GR;PAQUETE;1;PAQUETE;PAQUETE x 1 UND;1;1;1
ING03120;YUCA REGIONAL;KG;FFVV;PRD02991;;CAJA CHICA - YUCA REGIONAL;KILOGRAMO;1;KILOGRAMO;KILOGRAMO x 1 KG;1;1;1
ING03121;YUCA SALADA CROCANTITO 150 GR;UND;;PRD00725;;YUCA SALADA CROCANTITO 150 GR;PAQUETE;1;PAQUETE;PAQUETE x 1 UND;1;1;1
ING03122;YUCA SALADA CROCANTITO 70 GR;UND;;PRD00724;;YUCA SALADA CROCANTITO 70 GR;PAQUETE;1;PAQUETE;PAQUETE x 1 UND;1;1;1
ING03123;YUCA TROZADA CONGELADA;KG;CONGELADOS;PRD01861;;YUCA PARA GUARNICION LIBER CONGELADOS;KILOGRAMO;1;KILOGRAMO;KILOGRAMO x 1 KG;1;1;1
ING03124;ZANAHORIA;KG;FFVV;PRD00436;;ZANAHORIA;KILOGRAMO;1;KILOGRAMO;KILOGRAMO x 1 KG;1;1;1
ING03125;ZANAHORIA BB;KG;FFVV;PRD03211;;CAJA CHICA - ZANAHORIA BB;KILOGRAMO;1;KILOGRAMO;KILOGRAMO x 1 KG;1;1;1
ING03126;ZANAHORIA CUBOS CONGELADO;KG;CONGELADOS;PRD01205;;ZANAHORIA EN CUBOS CONGELADO;KILOGRAMO;1;KILOGRAMO;KILOGRAMO x 1 KG;1;1;1
ING03127;ZANAHORIA EN TIRAS CONGELADO;KG;;PRD01202;;ZANAHORIA EN TIRAS CONGELADO;KILOGRAMO;1;KILOGRAMO;KILOGRAMO x 1 KG;1;1;1
ING03128;ZANAHORIA RODAJAS CONGELADO;KG;CONGELADOS;PRD01201;;ZANAHORIA EN RODAJAS SORAYA CONGELADO;KILOGRAMO;1;KILOGRAMO;KILOGRAMO x 1 KG;1;1;1
ING03129;ZAPALLITO ITALIANO;UND;FFVV;PRD04082;;CAJA CHICA - ZAPALLITO ITALIANO;UNIDAD;1;UNIDAD;UNIDAD x 1 UND;1;1;1
ING03130;ZAPALLO ITALIANO;KG;FFVV;PRD00437;;ZAPALLITO ITALIANO;KILOGRAMO;1;KILOGRAMO;KILOGRAMO x 1 KG;1;1;1
ING03131;ZAPALLO MACRE;KG;FFVV;PRD00453;;ZAPALLO MACRE;KILOGRAMO;1;KILOGRAMO;KILOGRAMO x 1 KG;1;1;1
ING03131;ZAPALLO MACRE;KG;FFVV;PRD02727;;CAJA CHICA - ZAPALLO MACRE;KILOGRAMO;1;KILOGRAMO;KILOGRAMO x 1 KG;1;1;1
ING03131;ZAPALLO MACRE;KG;FFVV;PRD02992;;CAJA CHICA - ZAPALLO REGIONAL;KILOGRAMO;1;KILOGRAMO;KILOGRAMO x 1 KG;1;1;1
ING03131;ZAPALLO MACRE;KG;FFVV;PRD03267;;CAJA CHICA - ZAPALLO LOCHE;KILOGRAMO;1;KILOGRAMO;KILOGRAMO x 1 KG;1;1;1
ING03132;ZAPALLO MACRE CONGELADO;KG;CONGELADOS;PRD02071;;ZAPALLO MACRE EN CUBO LIBER 1.5 X 1.5 CM CONGELADO;KILOGRAMO;1;KILOGRAMO;KILOGRAMO x 1 KG;1;1;1
ING03133;ZUMO DE LIMON CONGELADO;KG;CONGELADOS;PRD01862;;ZUMO DE LIMON CONGELADO;KILOGRAMO;1;KILOGRAMO;KILOGRAMO x 1 KG;1;1;1
