variante_codigo;descripcion_comercial;familia;subfamilia;grupo
SGP00015;ACEITE AJONJOLI OLIVOS DEL SUR 200 ML;ABARROTES;ABARROTES 1ERA NECESIDAD;ACEITE
SGP00019;ACEITE AJONJOLI OLIVOS DEL SUR 200 ML PET;ABARROTES;ABARROTES 1ERA NECESIDAD;ACEITE
SGP00011;ACEITE AJONJOLI OLIVOS DEL SUR 220 ML PET;ABARROTES;ABARROTES 1ERA NECESIDAD;ACEITE
SGP00013;ACEITE DE OLIVA VIRGEN KUSASA 4 LT;ABARROTES;ABARROTES 1ERA NECESIDAD;ACEITE
SGP00016;ACEITE DE OLIVA VIRGEN OLIVEZA 4 LT;ABARROTES;ABARROTES 1ERA NECESIDAD;ACEITE
SGP00012;ACEITE VEGETAL CIELO 18 LT;ABARROTES;ABARROTES 1ERA NECESIDAD;ACEITE
SGP00010;ACEITE VEGETAL CIELO 5 LT;ABARROTES;ABARROTES 1ERA NECESIDAD;ACEITE
SGP00079;ACEITE VEGETAL CIL 5 LT;ABARROTES;ABARROTES 1ERA NECESIDAD;ACEITE
SGP00077;ACEITE VEGETAL COCINERO 5 LT;ABARROTES;ABARROTES 1ERA NECESIDAD;ACEITE
SGP00075;ACEITE VEGETAL DELEITTE 5 LT;ABARROTES;ABARROTES 1ERA NECESIDAD;ACEITE
SGP00071;ARROZ CAMPERO EXTRA SACO 50 KG;ABARROTES;ABARROTES 1ERA NECESIDAD;ARROZ
SGP00063;ARROZ CORRIENTE PARA SOPA;ABARROTES;ABARROTES 1ERA NECESIDAD;ARROZ
SGP00072;ARROZ CORRIENTE PARA SOPA SACO 50 KG;ABARROTES;ABARROTES 1ERA NECESIDAD;ARROZ
SGP00056;ARROZ COSTEÑO EXTRA HOJA REDONDA AÑEJO 50 KG;ABARROTES;ABARROTES 1ERA NECESIDAD;ARROZ
SGP00069;ARROZ COSTEÑO EXTRA NIR SACO 50 KG;ABARROTES;ABARROTES 1ERA NECESIDAD;ARROZ
SGP00066;ARROZ EXTRA D'AMANTE;ABARROTES;ABARROTES 1ERA NECESIDAD;ARROZ
SGP00068;ARROZ EXTRA D'AMANTE SACO 50 KG;ABARROTES;ABARROTES 1ERA NECESIDAD;ARROZ
SGP00073;ARROZ EXTRA ESTRELLITA DEL NORTE 50 KG;ABARROTES;ABARROTES 1ERA NECESIDAD;ARROZ
SGP00064;ARROZ EXTRA MOLINO ROJO;ABARROTES;ABARROTES 1ERA NECESIDAD;ARROZ
SGP00061;ARROZ EXTRA NIR DEL NORTE;ABARROTES;ABARROTES 1ERA NECESIDAD;ARROZ
SGP00062;ARROZ EXTRA PARBOILED;ABARROTES;ABARROTES 1ERA NECESIDAD;ARROZ
SGP00070;ARROZ EXTRA PARBOILED SACO 50 KG;ABARROTES;ABARROTES 1ERA NECESIDAD;ARROZ
SGP00065;ARROZ EXTRA VERDI;ABARROTES;ABARROTES 1ERA NECESIDAD;ARROZ
SGP00047;ARROZ PAL COMBO TURQUEZA (EXTRA) SACO 49 KG;ABARROTES;ABARROTES 1ERA NECESIDAD;ARROZ
SGP00090;AVENA 3 OSITOS 10 KG;ABARROTES;ABARROTES 1ERA NECESIDAD;AVENA
SGP00082;AVENA 3 OSITOS 100 GR;ABARROTES;ABARROTES 1ERA NECESIDAD;AVENA
SGP00083;AVENA 3 OSITOS 110 GR;ABARROTES;ABARROTES 1ERA NECESIDAD;AVENA
SGP00087;AVENA 3 OSITOS 120 GR;ABARROTES;ABARROTES 1ERA NECESIDAD;AVENA
SGP00086;AVENA 3 OSITOS 135 GR;ABARROTES;ABARROTES 1ERA NECESIDAD;AVENA
SGP00104;AVENA SANTA CATALINA SACO 10 KG;ABARROTES;ABARROTES 1ERA NECESIDAD;AVENA
SGP00074;KIWICHA AVENA 3 OSITOS 170 GR;ABARROTES;ABARROTES 1ERA NECESIDAD;AVENA
SGP00081;MACA AVENA 3 OSITOS 150 GR;ABARROTES;ABARROTES 1ERA NECESIDAD;AVENA
SGP00085;MACA AVENA 3 OSITOS 170 GR;ABARROTES;ABARROTES 1ERA NECESIDAD;AVENA
SGP00084;QUINUA AVENA 3 OSITOS 170 GR;ABARROTES;ABARROTES 1ERA NECESIDAD;AVENA
SGP00115;AZUCAR BLANCA;ABARROTES;ABARROTES 1ERA NECESIDAD;AZUCAR
SGP00118;AZUCAR BLANCA PERSONAL SODEXO PAQ (5 GR)1 MILLAR;ABARROTES;ABARROTES 1ERA NECESIDAD;AZUCAR
SGP00098;AZUCAR BLANCA PERSONAL TRES ESPADAS 500 UNIDS;ABARROTES;ABARROTES 1ERA NECESIDAD;AZUCAR
SGP00123;AZUCAR BLANCA SACO 50 KG;ABARROTES;ABARROTES 1ERA NECESIDAD;AZUCAR
SGP00116;AZUCAR RUBIA;ABARROTES;ABARROTES 1ERA NECESIDAD;AZUCAR
SGP00122;AZUCAR RUBIA CARTAVIO 5 KG;ABARROTES;ABARROTES 1ERA NECESIDAD;AZUCAR
SGP00099;AZUCAR RUBIA PERSONAL ONZA PAQ 1 MILLAR;ABARROTES;ABARROTES 1ERA NECESIDAD;AZUCAR
SGP00112;AZUCAR RUBIA PERSONAL SODEXO PAQ (5 GR) 1 MILLAR;ABARROTES;ABARROTES 1ERA NECESIDAD;AZUCAR
SGP00097;AZUCAR RUBIA PERSONAL TRES ESPADAS 5 GRM (BOLSA 2.5 MILLAR);ABARROTES;ABARROTES 1ERA NECESIDAD;AZUCAR
SGP00096;AZUCAR RUBIA PERSONAL TRES ESPADAS 500 UNIDS;ABARROTES;ABARROTES 1ERA NECESIDAD;AZUCAR
SGP00124;AZUCAR RUBIA SACO 50 KG;ABARROTES;ABARROTES 1ERA NECESIDAD;AZUCAR
SGP00119;EDULCORANTE PERSONAL SODEXO 1 GR X MILLAR;ABARROTES;ABARROTES 1ERA NECESIDAD;AZUCAR
SGP00120;EDULCORANTE STEVIA PERSONAL SODEXO 1 GR X MILLAR;ABARROTES;ABARROTES 1ERA NECESIDAD;AZUCAR
SGP00043;FIDEO CABELLO DE ANGEL MOLITALIA 250 GR;ABARROTES;ABARROTES 1ERA NECESIDAD;FIDEOS
SGP00177;FIDEO CANUTIN BENOTI 250 GR;ABARROTES;ABARROTES 1ERA NECESIDAD;FIDEOS
SGP00172;FIDEO CANUTO (PLUMA) MOLITALIA 250 GR;ABARROTES;ABARROTES 1ERA NECESIDAD;FIDEOS
SGP00182;FIDEO CANUTO BENOTI 250 GR;ABARROTES;ABARROTES 1ERA NECESIDAD;FIDEOS
SGP00040;FIDEO CANUTO CHICO DON VITTORIO 250/235 GR;ABARROTES;ABARROTES 1ERA NECESIDAD;FIDEOS
SGP00033;FIDEO CANUTO CHICO NICOLINI 250 GR;ABARROTES;ABARROTES 1ERA NECESIDAD;FIDEOS
SGP00131;FIDEO CANUTO GRANDE DEL CIELO 250 GR;ABARROTES;ABARROTES 1ERA NECESIDAD;FIDEOS
SGP00133;FIDEO CANUTO MOLITALIA 235 GR;ABARROTES;ABARROTES 1ERA NECESIDAD;FIDEOS
SGP00141;FIDEO CANUTO MOLITALIA 250 GR;ABARROTES;ABARROTES 1ERA NECESIDAD;FIDEOS
SGP00039;FIDEO CANUTO RAYADO DON VITTORIO 250 GR;ABARROTES;ABARROTES 1ERA NECESIDAD;FIDEOS
SGP00178;FIDEO CARACOL CHICO BENOTI 250 GR;ABARROTES;ABARROTES 1ERA NECESIDAD;FIDEOS
SGP00053;FIDEO CARACOL CHICO DON VITTORIO 250 GR;ABARROTES;ABARROTES 1ERA NECESIDAD;FIDEOS
SGP00132;FIDEO CARACOL CHICO MOLITALIA 235 GR;ABARROTES;ABARROTES 1ERA NECESIDAD;FIDEOS
SGP00173;FIDEO CARACOL CHICO MOLITALIA 250 GR;ABARROTES;ABARROTES 1ERA NECESIDAD;FIDEOS
SGP00130;FIDEO CARACOL DEL CIELO 250 GR;ABARROTES;ABARROTES 1ERA NECESIDAD;FIDEOS
SGP00180;FIDEO CARACOL RAYADO BENOTI 250 GR;ABARROTES;ABARROTES 1ERA NECESIDAD;FIDEOS
SGP00136;FIDEO CODO MEDIANO RAYADO MOLITALIA 235 GR;ABARROTES;ABARROTES 1ERA NECESIDAD;FIDEOS
SGP00045;FIDEO CODO MEDIANO RAYADO MOLITALIA 250 GR;ABARROTES;ABARROTES 1ERA NECESIDAD;FIDEOS
SGP00144;FIDEO CODO MEDIANO RAYADO MOLITALIA 250GR;ABARROTES;ABARROTES 1ERA NECESIDAD;FIDEOS
SGP00179;FIDEO CODO RAYADO BENOTI 250 GR;ABARROTES;ABARROTES 1ERA NECESIDAD;FIDEOS
SGP00037;FIDEO CODO RAYADO DON VITTORIO 250/225 GR;ABARROTES;ABARROTES 1ERA NECESIDAD;FIDEOS
SGP00175;FIDEO CODO RAYADO MOLITALIA 250 GR;ABARROTES;ABARROTES 1ERA NECESIDAD;FIDEOS
SGP00176;FIDEO CODO RAYADO NICOLLINI 250 GR;ABARROTES;ABARROTES 1ERA NECESIDAD;FIDEOS
SGP00029;FIDEO CORBATA CHICO DON VITTORIO 250 GR;ABARROTES;ABARROTES 1ERA NECESIDAD;FIDEOS
SGP00036;FIDEO CORBATA GRANDE NICOLINI 250 GR ( 15320 );ABARROTES;ABARROTES 1ERA NECESIDAD;FIDEOS
SGP00174;FIDEO CORBATA MOLITALIA 250 GR;ABARROTES;ABARROTES 1ERA NECESIDAD;FIDEOS
SGP00187;FIDEO FETUCCINI C/HUEVO NICOLINI 500 GR;ABARROTES;ABARROTES 1ERA NECESIDAD;FIDEOS
SGP00135;FIDEO MACARRON MOLITALIA 235 GR;ABARROTES;ABARROTES 1ERA NECESIDAD;FIDEOS
SGP00188;FIDEO MACARRON MOLITALIA 250 GR;ABARROTES;ABARROTES 1ERA NECESIDAD;FIDEOS
SGP00186;FIDEO SPAGUETTI BENOTI 10 KG;ABARROTES;ABARROTES 1ERA NECESIDAD;FIDEOS
SGP00185;FIDEO SPAGUETTI BENOTI 500 GR;ABARROTES;ABARROTES 1ERA NECESIDAD;FIDEOS
SGP00129;FIDEO SPAGUETTI DEL CIELO 500 GR;ABARROTES;ABARROTES 1ERA NECESIDAD;FIDEOS
SGP00031;FIDEO SPAGUETTI DON VITTORIO 500 GR;ABARROTES;ABARROTES 1ERA NECESIDAD;FIDEOS
SGP00128;FIDEO SPAGUETTI MOLITALIA 450 GR;ABARROTES;ABARROTES 1ERA NECESIDAD;FIDEOS
SGP00042;FIDEO SPAGUETTI MOLITALIA 500 GR;ABARROTES;ABARROTES 1ERA NECESIDAD;FIDEOS
SGP00145;FIDEO SPAGUETTI MOLITALIA 500GR;ABARROTES;ABARROTES 1ERA NECESIDAD;FIDEOS
SGP00137;FIDEO SPAGUETTI MOLITALIA 950 GR;ABARROTES;ABARROTES 1ERA NECESIDAD;FIDEOS
SGP00034;FIDEO SPAGUETTI NICOLINI 500/450 GR;ABARROTES;ABARROTES 1ERA NECESIDAD;FIDEOS
SGP00184;FIDEO TORNILLO BENOTI 250 GR;ABARROTES;ABARROTES 1ERA NECESIDAD;FIDEOS
SGP00028;FIDEO TORNILLO DON VITTORIO 250/225 GR;ABARROTES;ABARROTES 1ERA NECESIDAD;FIDEOS
SGP00134;FIDEO TORNILLO MOLITALIA 235 GR;ABARROTES;ABARROTES 1ERA NECESIDAD;FIDEOS
SGP00044;FIDEO TORNILLO MOLITALIA 250 GR;ABARROTES;ABARROTES 1ERA NECESIDAD;FIDEOS
SGP00142;FIDEO TORNILLO MOLITALIA 250GR;ABARROTES;ABARROTES 1ERA NECESIDAD;FIDEOS
SGP00035;FIDEO TORNILLO NICOLINI 250 GR;ABARROTES;ABARROTES 1ERA NECESIDAD;FIDEOS
SGP00232;CHUÑO (INGLES) POLVO SAN JUAN MASIAS 5 KG;ABARROTES;ABARROTES 1ERA NECESIDAD;HARINAS
SGP00251;CHUÑO ENTERO BLANCO 4 ESTACIONES 1 KG;ABARROTES;ABARROTES 1ERA NECESIDAD;HARINAS
SGP00248;CHUÑO ENTERO BLANCO TOÑA 1 KG;ABARROTES;ABARROTES 1ERA NECESIDAD;HARINAS
SGP00258;CHUÑO ENTERO NEGRO 4 ESTACIONES 1 KG;ABARROTES;ABARROTES 1ERA NECESIDAD;HARINAS
SGP00230;CHUÑO NEGRO MOLIDO SAN JUAN MASIAS (EX BELEN) 5 KG;ABARROTES;ABARROTES 1ERA NECESIDAD;HARINAS
SGP00022;CHUÑO NEGRO SAN JUAN MASIAS (EX BELEN)5 KG;ABARROTES;ABARROTES 1ERA NECESIDAD;HARINAS
SGP00250;CHUÑO POLVO 4 ESTACIONES 1 KG;ABARROTES;ABARROTES 1ERA NECESIDAD;HARINAS
SGP00229;CHUÑO POLVO TOÑA 1 KG;ABARROTES;ABARROTES 1ERA NECESIDAD;HARINAS
SGP00256;HARINA DE 7 SEMILLAS LA NUESTRA 820 GR;ABARROTES;ABARROTES 1ERA NECESIDAD;HARINAS
SGP00243;HARINA DE ARVEJA KUMARA 5 KG;ABARROTES;ABARROTES 1ERA NECESIDAD;HARINAS
SGP00242;HARINA DE AVENA KUMARA 5 KG;ABARROTES;ABARROTES 1ERA NECESIDAD;HARINAS
SGP00244;HARINA DE CHOCHOCA KUMARA 5 KG;ABARROTES;ABARROTES 1ERA NECESIDAD;HARINAS
SGP00241;HARINA DE HABAS 5 KG;ABARROTES;ABARROTES 1ERA NECESIDAD;HARINAS
SGP00234;HARINA DE KIWICHA 5 KG;ABARROTES;ABARROTES 1ERA NECESIDAD;HARINAS
SGP00198;HARINA DE KIWICHA 5 KG - UNIDAD;ABARROTES;ABARROTES 1ERA NECESIDAD;HARINAS
SGP00240;HARINA DE MACA SAN JUAN MASIAS (EX BELEN) 5 KG;ABARROTES;ABARROTES 1ERA NECESIDAD;HARINAS
SGP00238;HARINA DE MAIZ INGREDION 25 KG;ABARROTES;ABARROTES 1ERA NECESIDAD;HARINAS
SGP00239;HARINA DE SOYA SAN JUAN MASIAS 5 KG;ABARROTES;ABARROTES 1ERA NECESIDAD;HARINAS
SGP00253;HARINA ESPECIAL ANGELICA GRANEL SACO 50 KG;ABARROTES;ABARROTES 1ERA NECESIDAD;HARINAS
SGP00195;HARINA ESPECIAL DEL CIELO GRANEL SACO 50 KG;ABARROTES;ABARROTES 1ERA NECESIDAD;HARINAS
SGP00257;HARINA ESPECIAL DON ANGELO GRANEL 50 KG;ABARROTES;ABARROTES 1ERA NECESIDAD;HARINAS
SGP00249;HARINA ESPECIAL EL MOLINO GRANEL;ABARROTES;ABARROTES 1ERA NECESIDAD;HARINAS
SGP00252;HARINA ESPECIAL EL MOLINO GRANEL SACO 50 KG;ABARROTES;ABARROTES 1ERA NECESIDAD;HARINAS
SGP00255;HARINA ESPECIAL NICOLINI SACO 50 KG;ABARROTES;ABARROTES 1ERA NECESIDAD;HARINAS
SGP00254;HARINA ESPECIAL NICOLINI SUR SACO 50 KG;ABARROTES;ABARROTES 1ERA NECESIDAD;HARINAS
SGP00237;MAICENA INGREDION 25 KG;ABARROTES;ABARROTES 1ERA NECESIDAD;HARINAS
SGP00245;SALVADO DE TRIGO KUMARA 5 KG;ABARROTES;ABARROTES 1ERA NECESIDAD;HARINAS
SGP00209;SEMOLA BENOTI 25 KG;ABARROTES;ABARROTES 1ERA NECESIDAD;HARINAS
SGP00246;SEMOLA MOLITALIA 25 KG;ABARROTES;ABARROTES 1ERA NECESIDAD;HARINAS
SGP00211;SEMOLA NICOLINI 10 KG;ABARROTES;ABARROTES 1ERA NECESIDAD;HARINAS
SGP00935;CREMA DE LECHE GLORIA 946 CC;ABARROTES;ABARROTES 1ERA NECESIDAD;LECHES
SGP00275;EVAPORADA LAIVE FAMILIA VITAMINIZADA EN CAJA 500 ML;ABARROTES;ABARROTES 1ERA NECESIDAD;LECHES
SGP00276;LECHE EVAPORADA (CONCENTRADA) LAIVE BOLSITARRO 400 ML;ABARROTES;ABARROTES 1ERA NECESIDAD;LECHES
SGP00270;LECHE EVAPORADA (CONCENTRADA) LAIVE BOLSITARRO 800 ML;ABARROTES;ABARROTES 1ERA NECESIDAD;LECHES
SGP00272;MEZCLA LACTEA IDEAL AMANECER 390 GR;ABARROTES;ABARROTES 1ERA NECESIDAD;LECHES
SGP00268;MEZCLA LACTEA LAIVE CREMOSA EN CAJA 480 GR;ABARROTES;ABARROTES 1ERA NECESIDAD;LECHES
SGP00271;MEZCLA LACTEA LAIVE NUTRILAC BOTELLA 390G;ABARROTES;ABARROTES 1ERA NECESIDAD;LECHES
SGP00277;MEZCLA LACTEA VITAMINIZADA LAIVE 160 GR;ABARROTES;ABARROTES 1ERA NECESIDAD;LECHES
SGP00371;ARVEJA VERDE PARTIDA CANTA CLARO 5 KG;ABARROTES;ABARROTES 1ERA NECESIDAD;MENESTRAS
SGP00021;ARVEJA VERDE PARTIDA CANTA CLARO BOLSA 500 GR;ABARROTES;ABARROTES 1ERA NECESIDAD;MENESTRAS
SGP00058;ARVEJA VERDE PARTIDA COSTEÑO 500 GR;ABARROTES;ABARROTES 1ERA NECESIDAD;MENESTRAS
SGP00357;ARVEJA VERDE PARTIDA KOMILON 5 KG;ABARROTES;ABARROTES 1ERA NECESIDAD;MENESTRAS
SGP00363;ARVEJA VERDE PARTIDA KOMILON 500 GR;ABARROTES;ABARROTES 1ERA NECESIDAD;MENESTRAS
SGP00373;FRIJOL CANARIO CANTA CLARO 5 KG;ABARROTES;ABARROTES 1ERA NECESIDAD;MENESTRAS
SGP00368;LENTEJA CANTA CLARO 5 KG;ABARROTES;ABARROTES 1ERA NECESIDAD;MENESTRAS
SGP00300;LENTEJA CRIMSON CANTA CLARO 5 KG;ABARROTES;ABARROTES 1ERA NECESIDAD;MENESTRAS
SGP00378;MAIZ CANCHA CANTA CLARO 5 KG;ABARROTES;ABARROTES 1ERA NECESIDAD;MENESTRAS
SGP00389;MAIZ CANCHA VALLESOL 5 KG;ABARROTES;ABARROTES 1ERA NECESIDAD;MENESTRAS
SGP00380;MAIZ MOTE CANTA CLARO 5 KG;ABARROTES;ABARROTES 1ERA NECESIDAD;MENESTRAS
SGP00305;MAIZ MOTE MOLINOS DEL SOL 5 KG;ABARROTES;ABARROTES 1ERA NECESIDAD;MENESTRAS
SGP00396;MAIZ MOTE VALLESOL 5 KG;ABARROTES;ABARROTES 1ERA NECESIDAD;MENESTRAS
SGP00360;MAIZ POP CORN KOMILON 5 KG;ABARROTES;ABARROTES 1ERA NECESIDAD;MENESTRAS
SGP00384;MAIZ POP CORN LA SERRANITA 5 KG;ABARROTES;ABARROTES 1ERA NECESIDAD;MENESTRAS
SGP00370;MORON AMERICANO CANTA CLARO 5 KG;ABARROTES;ABARROTES 1ERA NECESIDAD;MENESTRAS
SGP00401;MORON AMERICANO CANTA CLARO 500 GR;ABARROTES;ABARROTES 1ERA NECESIDAD;MENESTRAS
SGP00055;MORON AMERICANO COSTEÑO 500 GR;ABARROTES;ABARROTES 1ERA NECESIDAD;MENESTRAS
SGP00353;MORON AMERICANO KOMILON 5 KG;ABARROTES;ABARROTES 1ERA NECESIDAD;MENESTRAS
SGP00388;MORON AMERICANO LA SERRANITA 5 KG;ABARROTES;ABARROTES 1ERA NECESIDAD;MENESTRAS
SGP00391;MORON AMERICANO VALLESOL 5 KG;ABARROTES;ABARROTES 1ERA NECESIDAD;MENESTRAS
SGP00302;PALLAR COSECHA ANDINA 5 KG;ABARROTES;ABARROTES 1ERA NECESIDAD;MENESTRAS
SGP00379;PAPA SECA CANTA CLARO 5 KG;ABARROTES;ABARROTES 1ERA NECESIDAD;MENESTRAS
SGP00057;PAPA SECA COSTEÑO 500 GR;ABARROTES;ABARROTES 1ERA NECESIDAD;MENESTRAS
SGP00354;PAPA SECA KOMILON 5 KG;ABARROTES;ABARROTES 1ERA NECESIDAD;MENESTRAS
SGP00385;PAPA SECA LA SERRANITA 3 KG;ABARROTES;ABARROTES 1ERA NECESIDAD;MENESTRAS
SGP00299;PAPA SECA VALLE NORTE 500 GR;ABARROTES;ABARROTES 1ERA NECESIDAD;MENESTRAS
SGP00392;PAPA SECA VALLESOL 5 KG;ABARROTES;ABARROTES 1ERA NECESIDAD;MENESTRAS
SGP00367;QUINUA CANTA CLARO 5 KG;ABARROTES;ABARROTES 1ERA NECESIDAD;MENESTRAS
SGP00355;QUINUA KOMILON 5 KG;ABARROTES;ABARROTES 1ERA NECESIDAD;MENESTRAS
SGP00366;QUINUA KOMILON 500 GR;ABARROTES;ABARROTES 1ERA NECESIDAD;MENESTRAS
SGP00387;QUINUA LA SERRANITA 5 KG;ABARROTES;ABARROTES 1ERA NECESIDAD;MENESTRAS
SGP00393;QUINUA VALLESOL 5 KG;ABARROTES;ABARROTES 1ERA NECESIDAD;MENESTRAS
SGP00369;TRIGO MOTE CANTA CLARO 5 KG;ABARROTES;ABARROTES 1ERA NECESIDAD;MENESTRAS
SGP00356;TRIGO MOTE KOMILON 5 KG;ABARROTES;ABARROTES 1ERA NECESIDAD;MENESTRAS
SGP00386;TRIGO MOTE LA SERRANITA 5 KG;ABARROTES;ABARROTES 1ERA NECESIDAD;MENESTRAS
SGP00394;TRIGO MOTE VALLESOL 5 KG;ABARROTES;ABARROTES 1ERA NECESIDAD;MENESTRAS
SGP00381;TRIGO PELADO CANTA CLARO 5 KG;ABARROTES;ABARROTES 1ERA NECESIDAD;MENESTRAS
SGP00301;TRIGO PELADO CANTA CLARO 5 KG - UNIDAD;ABARROTES;ABARROTES 1ERA NECESIDAD;MENESTRAS
SGP00025;TRIGO PELADO EL PLEBEYO 5 KG;ABARROTES;ABARROTES 1ERA NECESIDAD;MENESTRAS
SGP00395;TRIGO PELADO VALLESOL 5 KG;ABARROTES;ABARROTES 1ERA NECESIDAD;MENESTRAS
SGP00831;ATUN FILETE COMPASS 170 GR;ABARROTES;ABARROTES 2DA NECESIDAD;CONSERVAS
SGP00834;ATUN FILETE FLORIDA 170 GR;ABARROTES;ABARROTES 2DA NECESIDAD;CONSERVAS
SGP00806;ATUN SOLIDO FANNY 170 GR;ABARROTES;ABARROTES 2DA NECESIDAD;CONSERVAS
SGP00808;ATUN SOLIDO FLORIDA 140 GR;ABARROTES;ABARROTES 2DA NECESIDAD;CONSERVAS
SGP00812;ATUN TROZOS COMPASS 140 GR;ABARROTES;ABARROTES 2DA NECESIDAD;CONSERVAS
SGP00009;ATUN TROZOS COMPASS 170 GR;ABARROTES;ABARROTES 2DA NECESIDAD;CONSERVAS
SGP00005;ATUN TROZOS FLORIDA 140 GR;ABARROTES;ABARROTES 2DA NECESIDAD;CONSERVAS
SGP00810;ATUN TROZOS GLORIA 140 GR;ABARROTES;ABARROTES 2DA NECESIDAD;CONSERVAS
SGP00002;ATUN TROZOS GLORIA 170 GR;ABARROTES;ABARROTES 2DA NECESIDAD;CONSERVAS
SGP00830;ATUN TROZOS MARINERO 170 GR;ABARROTES;ABARROTES 2DA NECESIDAD;CONSERVAS
SGP00828;CEREZA MARRASQUINO ROJO SANTIS 283 GR;ABARROTES;ABARROTES 2DA NECESIDAD;CONSERVAS
SGP00833;CHAMPIGÑONES KAM LAM 425 GR;ABARROTES;ABARROTES 2DA NECESIDAD;CONSERVAS
SGP00811;CHAMPIGÑONES LATA NIRCISSUS 425 GR;ABARROTES;ABARROTES 2DA NECESIDAD;CONSERVAS
SGP00804;CHAMPIGÑONES SANTIS 425 GR;ABARROTES;ABARROTES 2DA NECESIDAD;CONSERVAS
SGP00809;CHAMPIGÑONES WOKI 425 GR;ABARROTES;ABARROTES 2DA NECESIDAD;CONSERVAS
SGP00801;COCKTAIL DE FRUTAS ACONCAGUA 820/822 GR;ABARROTES;ABARROTES 2DA NECESIDAD;CONSERVAS
SGP00819;COCKTAIL DE FRUTAS COMPASS 822 GR;ABARROTES;ABARROTES 2DA NECESIDAD;CONSERVAS
SGP00008;COCKTAIL DE FRUTAS FANNY 820 GR;ABARROTES;ABARROTES 2DA NECESIDAD;CONSERVAS
SGP00827;DURAZNO EN ALMIBAR COMPASS 820 GR;ABARROTES;ABARROTES 2DA NECESIDAD;CONSERVAS
SGP00805;DURAZNO EN ALMIBAR COMPASS 822 GR;ABARROTES;ABARROTES 2DA NECESIDAD;CONSERVAS
SGP00807;DURAZNO EN ALMIBAR DEL CIELO 820 GR;ABARROTES;ABARROTES 2DA NECESIDAD;CONSERVAS
SGP00829;DURAZNO EN ALMIBAR FANNY 820 GR;ABARROTES;ABARROTES 2DA NECESIDAD;CONSERVAS
SGP00813;DURAZNO EN ALMIBAR VALLE NORTE 820 GR;ABARROTES;ABARROTES 2DA NECESIDAD;CONSERVAS
SGP00835;DURAZNO EN ALMIBAR VALLENORTE 820 GR;ABARROTES;ABARROTES 2DA NECESIDAD;CONSERVAS
SGP00818;PIÑA EN RODAJAS COMPASS 560 GR;ABARROTES;ABARROTES 2DA NECESIDAD;CONSERVAS
SGP00802;PIÑA EN RODAJAS FANNY 567 GR;ABARROTES;ABARROTES 2DA NECESIDAD;CONSERVAS
SGP00088;ACHOCOLATADO MILO NESTLE 400 GR;ABARROTES;ABARROTES 2DA NECESIDAD;DESAYUNOS
SGP00546;BARRA DE QUINUA GRANOLIN 25 GR;ABARROTES;ABARROTES 2DA NECESIDAD;DESAYUNOS
SGP00542;BARRA DE QUINUA PRODUCTOS ANDINOS 40 GR;ABARROTES;ABARROTES 2DA NECESIDAD;DESAYUNOS
SGP00493;CAFE INSTANTANEO KIRMA NESTLE 180 GR;ABARROTES;ABARROTES 2DA NECESIDAD;DESAYUNOS
SGP00519;CAFE INSTANTANEO KIRMA NESTLE 190 GR;ABARROTES;ABARROTES 2DA NECESIDAD;DESAYUNOS
SGP00511;CAFE INSTANTANEO NESCAFE CLASICO STICK 2 GR;ABARROTES;ABARROTES 2DA NECESIDAD;DESAYUNOS
SGP00476;CAFE INSTANTANEO NESCAFE TRADICION STICK 2 GR;ABARROTES;ABARROTES 2DA NECESIDAD;DESAYUNOS
SGP00101;CAFE MOLIDO MOKACCINO NESTLE 1 KG;ABARROTES;ABARROTES 2DA NECESIDAD;DESAYUNOS
SGP00107;CAFE MOLIDO NESCAFE TRADICION NESTLE 500 GR;ABARROTES;ABARROTES 2DA NECESIDAD;DESAYUNOS
SGP00491;CAFE MOLIDO SELLO ROJO 425 GR;ABARROTES;ABARROTES 2DA NECESIDAD;DESAYUNOS
SGP00492;CAFE MOLIDO SELLO ROJO 850 GR;ABARROTES;ABARROTES 2DA NECESIDAD;DESAYUNOS
SGP00517;CAFE MOLIDO STANDAR RISSO GRANEL 500 GR;ABARROTES;ABARROTES 2DA NECESIDAD;DESAYUNOS
SGP00091;CAFE MOLIDO STANDAR RISSO GRANEL KG;ABARROTES;ABARROTES 2DA NECESIDAD;DESAYUNOS
SGP00514;CAFE TIPO EXTRA SUPERIOR VALENZUELA 1 KG;ABARROTES;ABARROTES 2DA NECESIDAD;DESAYUNOS
SGP00545;CEREAL BAR ARANDANOS COSTA 18 GR;ABARROTES;ABARROTES 2DA NECESIDAD;DESAYUNOS
SGP00537;CEREAL BAR CHIP COSTA 18/21 GR;ABARROTES;ABARROTES 2DA NECESIDAD;DESAYUNOS
SGP00536;CEREAL BAR CHOCOCEREAL COSTA 18/21 GR;ABARROTES;ABARROTES 2DA NECESIDAD;DESAYUNOS
SGP00539;CEREAL BAR DURAZNO COSTA 18 GR;ABARROTES;ABARROTES 2DA NECESIDAD;DESAYUNOS
SGP00538;CEREAL BAR GOLDEN COSTA 21/18 GR;ABARROTES;ABARROTES 2DA NECESIDAD;DESAYUNOS
SGP00540;CEREAL BAR MANZANA CANELA COSTA 18 GR;ABARROTES;ABARROTES 2DA NECESIDAD;DESAYUNOS
SGP00483;CHOCOLATE PARA TAZA CANELA Y CLAVO WINTERS 80 GR;ABARROTES;ABARROTES 2DA NECESIDAD;DESAYUNOS
SGP00513;CHOCOLATE PARA TAZA CUZCO REAL 90/80 GR;ABARROTES;ABARROTES 2DA NECESIDAD;DESAYUNOS
SGP00475;CHOCOLATE PARA TAZA REAL WINTERS 90 GR;ABARROTES;ABARROTES 2DA NECESIDAD;DESAYUNOS
SGP00108;CHOCOLATE PARA TAZA SOL DEL CUSCO 90 GR;ABARROTES;ABARROTES 2DA NECESIDAD;DESAYUNOS
SGP00477;CHOCOLATE PARA TAZA SOL DEL CUSCO 90 GR (EMER);ABARROTES;ABARROTES 2DA NECESIDAD;DESAYUNOS
SGP00478;CHOCOLATE PARA TAZA SOL DEL CUZCO 300 GR (E);ABARROTES;ABARROTES 2DA NECESIDAD;DESAYUNOS
SGP00552;CHOCOLATE PARA TAZA TRADICIONAL WINTERS 80 GR;ABARROTES;ABARROTES 2DA NECESIDAD;DESAYUNOS
SGP00480;COCOA LA ABUELITA 150 GR;ABARROTES;ABARROTES 2DA NECESIDAD;DESAYUNOS
SGP00227;COCOA LA ABUELITA 160 GR;ABARROTES;ABARROTES 2DA NECESIDAD;DESAYUNOS
SGP00482;COCOA LA ABUELITA WINTERS 150 GR;ABARROTES;ABARROTES 2DA NECESIDAD;DESAYUNOS
SGP00528;INFUSION ANIS 4 ESTACIONES 50 GRM;ABARROTES;ABARROTES 2DA NECESIDAD;DESAYUNOS
SGP00508;INFUSION ANIS DEL VALLE 100 SOBRES;ABARROTES;ABARROTES 2DA NECESIDAD;DESAYUNOS
SGP00471;INFUSION CEDRON 4 ESTACIONES 50 GRM;ABARROTES;ABARROTES 2DA NECESIDAD;DESAYUNOS
SGP00531;INFUSION HIERBA LUISA 4 ESTACIONES 50 GRM;ABARROTES;ABARROTES 2DA NECESIDAD;DESAYUNOS
SGP00509;INFUSION HIERBA LUISA DEL VALLE 100 SOBRES;ABARROTES;ABARROTES 2DA NECESIDAD;DESAYUNOS
SGP00530;INFUSION MANZANILLA 4 ESTACIONES 50 GRM;ABARROTES;ABARROTES 2DA NECESIDAD;DESAYUNOS
SGP00505;INFUSION MANZANILLA DEL VALLE 100 SOBRES;ABARROTES;ABARROTES 2DA NECESIDAD;DESAYUNOS
SGP00111;INFUSION MANZANILLA MC COLLINS 100 SOBRES;ABARROTES;ABARROTES 2DA NECESIDAD;DESAYUNOS
SGP00510;INFUSION MATE DE COCA DEL VALLE 100 SOBRES;ABARROTES;ABARROTES 2DA NECESIDAD;DESAYUNOS
SGP00506;INFUSION TE BOLDO DEL VALLE 100 SOBRES;ABARROTES;ABARROTES 2DA NECESIDAD;DESAYUNOS
SGP00503;INFUSION TE CANELA Y CLAVO DEL VALLE 100 SOBRES;ABARROTES;ABARROTES 2DA NECESIDAD;DESAYUNOS
SGP00529;INFUSION TE NEGRO 4 ESTACIONES 50 GRM;ABARROTES;ABARROTES 2DA NECESIDAD;DESAYUNOS
SGP00504;INFUSION TE PURO DEL VALLE 100 SOBRES;ABARROTES;ABARROTES 2DA NECESIDAD;DESAYUNOS
SGP00507;INFUSION UÑA DE GATO DEL VALLE 100 SOBRES;ABARROTES;ABARROTES 2DA NECESIDAD;DESAYUNOS
SGP00479;MERMELADA FRESA GLORIA DOYPACK 700 GR;ABARROTES;ABARROTES 2DA NECESIDAD;DESAYUNOS
SGP00550;MERMELADA FRESA GLORIA DOYPACK 800 GR;ABARROTES;ABARROTES 2DA NECESIDAD;DESAYUNOS
SGP00515;MERMELADA FRESA GLORIA DOYPACK X 900 GR;ABARROTES;ABARROTES 2DA NECESIDAD;DESAYUNOS
SGP00554;MERMELADA FRESA TRES ESPADAS 14 GR;ABARROTES;ABARROTES 2DA NECESIDAD;DESAYUNOS
SGP00522;MERMELADA FRESA TRES ESPADAS 16 GR;ABARROTES;ABARROTES 2DA NECESIDAD;DESAYUNOS
SGP00555;MERMELADA NARANJA TRES ESPADAS 14 GR;ABARROTES;ABARROTES 2DA NECESIDAD;DESAYUNOS
SGP00523;MERMELADA NARANJA TRES ESPADAS 16 GR;ABARROTES;ABARROTES 2DA NECESIDAD;DESAYUNOS
SGP00556;MERMELADA SAUCO TRES ESPADAS 14 GR;ABARROTES;ABARROTES 2DA NECESIDAD;DESAYUNOS
SGP00524;MERMELADA SAUCO TRES ESPADAS 16 GR;ABARROTES;ABARROTES 2DA NECESIDAD;DESAYUNOS
SGP00499;MIEL DE ABEJA KUMARA FOOD 5 KG;ABARROTES;ABARROTES 2DA NECESIDAD;DESAYUNOS
SGP00481;SIROPE DE MAPLE LAIVE 355 ML;ABARROTES;ABARROTES 2DA NECESIDAD;DESAYUNOS
SGP00860;AJI PANCA SECO 4 ESTACIONES 1 KG;ABARROTES;ABARROTES 2DA NECESIDAD;ESPECERIAS Y FRUTOS
SGP00125;AJINOMOTO 1 KG;ABARROTES;ABARROTES 2DA NECESIDAD;ESPECERIAS Y FRUTOS
SGP00861;AJONJOLI 4 ESTACIONES 1 KG;ABARROTES;ABARROTES 2DA NECESIDAD;ESPECERIAS Y FRUTOS
SGP00862;ALMENDRAS 4 ESTACIONES 1 KG;ABARROTES;ABARROTES 2DA NECESIDAD;ESPECERIAS Y FRUTOS
SGP00863;ANIS SECO 4 ESTACIONES 1 KG;ABARROTES;ABARROTES 2DA NECESIDAD;ESPECERIAS Y FRUTOS
SGP00864;CANELA CHINA 4 ESTACIONES 1 KG;ABARROTES;ABARROTES 2DA NECESIDAD;ESPECERIAS Y FRUTOS
SGP00898;CANELA EN POLVO BADIA 1.81 KGR;ABARROTES;ABARROTES 2DA NECESIDAD;ESPECERIAS Y FRUTOS
SGP00897;CANELA EN POLVO BADIA 453.60 GRM;ABARROTES;ABARROTES 2DA NECESIDAD;ESPECERIAS Y FRUTOS
SGP00865;CANELA ENTERA 4 ESTACIONES 1 KG;ABARROTES;ABARROTES 2DA NECESIDAD;ESPECERIAS Y FRUTOS
SGP00866;CANELA ENTERA 4 ESTACIONES 500 GR;ABARROTES;ABARROTES 2DA NECESIDAD;ESPECERIAS Y FRUTOS
SGP00867;CANELA MOLIDA 4 ESTACIONES 1 KG;ABARROTES;ABARROTES 2DA NECESIDAD;ESPECERIAS Y FRUTOS
SGP00868;CASTAÑAS 4 ESTACIONES 1 KG;ABARROTES;ABARROTES 2DA NECESIDAD;ESPECERIAS Y FRUTOS
SGP00870;CLAVO DE OLOR ENTERO 4 ESTACIONES 1 KG;ABARROTES;ABARROTES 2DA NECESIDAD;ESPECERIAS Y FRUTOS
SGP00848;COCKTAIL CON NUECES VILLA NATURA 80 GR (E);ABARROTES;ABARROTES 2DA NECESIDAD;ESPECERIAS Y FRUTOS
SGP00872;COCO RALLADO 4 ESTACIONES 1 KG;ABARROTES;ABARROTES 2DA NECESIDAD;ESPECERIAS Y FRUTOS
SGP00873;COMINO MOLIDO 4 ESTACIONES 1 KG;ABARROTES;ABARROTES 2DA NECESIDAD;ESPECERIAS Y FRUTOS
SGP00874;ESTRAGON SECO 4 ESTACIONES 250 GR;ABARROTES;ABARROTES 2DA NECESIDAD;ESPECERIAS Y FRUTOS
SGP00899;EUCALIPTO (HOJAS) 4 ESTACIONES 250 GRM;ABARROTES;ABARROTES 2DA NECESIDAD;ESPECERIAS Y FRUTOS
SGP02220;HONGO SECO 4 ESTACIONES 1 KG;ABARROTES;ABARROTES 2DA NECESIDAD;ESPECERIAS Y FRUTOS
SGP00888;KION MOLIDO SECO 4 ESTACIONES 250 GR;ABARROTES;ABARROTES 2DA NECESIDAD;ESPECERIAS Y FRUTOS
SGP00876;LAUREL 4 ESTACIONES 1 KG;ABARROTES;ABARROTES 2DA NECESIDAD;ESPECERIAS Y FRUTOS
SGP00877;MANI TOSTADO PELADO 4 ESTACIONES 1 KG;ABARROTES;ABARROTES 2DA NECESIDAD;ESPECERIAS Y FRUTOS
SGP00160;MANI TOSTADO PELADO TOÑA 1 KG;ABARROTES;ABARROTES 2DA NECESIDAD;ESPECERIAS Y FRUTOS
SGP00894;MIX SALADITO SANTIS 100 GR;ABARROTES;ABARROTES 2DA NECESIDAD;ESPECERIAS Y FRUTOS
SGP00896;MIXTURA DE NUECES SANTIS 100 GR;ABARROTES;ABARROTES 2DA NECESIDAD;ESPECERIAS Y FRUTOS
SGP00892;NUEZ ENTERA PELADA 4 ESTACIONES 1 KG;ABARROTES;ABARROTES 2DA NECESIDAD;ESPECERIAS Y FRUTOS
SGP00878;NUEZ MOSCADA MOLIDA 4 ESTACIONES 50 GR;ABARROTES;ABARROTES 2DA NECESIDAD;ESPECERIAS Y FRUTOS
SGP00879;OREGANO ENTERO 4 ESTACIONES 1 KG;ABARROTES;ABARROTES 2DA NECESIDAD;ESPECERIAS Y FRUTOS
SGP00880;PALILLO MOLIDO 4 ESTACIONES 1 KG;ABARROTES;ABARROTES 2DA NECESIDAD;ESPECERIAS Y FRUTOS
SGP00882;PAPRIKA 4 ESTACIONES 500 GR;ABARROTES;ABARROTES 2DA NECESIDAD;ESPECERIAS Y FRUTOS
SGP00895;PAPRIKA BADIA 453.6 GRM ( 16 OZ);ABARROTES;ABARROTES 2DA NECESIDAD;ESPECERIAS Y FRUTOS
SGP00840;PAPRIKA TOÑA 500 GR;ABARROTES;ABARROTES 2DA NECESIDAD;ESPECERIAS Y FRUTOS
SGP00883;PECANA 4 ESTACIONES 1 KG;ABARROTES;ABARROTES 2DA NECESIDAD;ESPECERIAS Y FRUTOS
SGP00849;PECANA PARTIDA TOÑA 1 KG;ABARROTES;ABARROTES 2DA NECESIDAD;ESPECERIAS Y FRUTOS
SGP00223;PECANA TOÑA 1 KG;ABARROTES;ABARROTES 2DA NECESIDAD;ESPECERIAS Y FRUTOS
SGP00884;PIMIENTA NEGRA ENTERA 4 ESTACIONES 1 KG;ABARROTES;ABARROTES 2DA NECESIDAD;ESPECERIAS Y FRUTOS
SGP00885;PIMIENTA NEGRA MOLIDA 4 ESTACIONES 1 KG;ABARROTES;ABARROTES 2DA NECESIDAD;ESPECERIAS Y FRUTOS
SGP00886;ROMERO TIPO PIZZA 4 ESTACIONES 250 GR;ABARROTES;ABARROTES 2DA NECESIDAD;ESPECERIAS Y FRUTOS
SGP00847;SAL DE COCINA JJD'MAR 1 KG;ABARROTES;ABARROTES 2DA NECESIDAD;ESPECERIAS Y FRUTOS
SGP00842;SAL DE COCINA SALINA 1 KG;ABARROTES;ABARROTES 2DA NECESIDAD;ESPECERIAS Y FRUTOS
SGP00153;SAL DE MESA (MARINA) EMSAL 1 KG;ABARROTES;ABARROTES 2DA NECESIDAD;ESPECERIAS Y FRUTOS
SGP00843;SAL DE MESA JJD´MAR 1 KG;ABARROTES;ABARROTES 2DA NECESIDAD;ESPECERIAS Y FRUTOS
SGP00839;SAL DE MESA MARINA 1 KG;ABARROTES;ABARROTES 2DA NECESIDAD;ESPECERIAS Y FRUTOS
SGP00891;SAL FINA LOBOS 1 KG;ABARROTES;ABARROTES 2DA NECESIDAD;ESPECERIAS Y FRUTOS
SGP00852;SAL LOPESA 1 KG;ABARROTES;ABARROTES 2DA NECESIDAD;ESPECERIAS Y FRUTOS
SGP00165;SAL PERSONAL SODEXO (0.5GR) 1 MILLAR;ABARROTES;ABARROTES 2DA NECESIDAD;ESPECERIAS Y FRUTOS
SGP00887;TOMILLO TIPO PIZZA 4 ESTACIONES 250 GR;ABARROTES;ABARROTES 2DA NECESIDAD;ESPECERIAS Y FRUTOS
SGP00710;BISCOCHO CHOCMAN COSTA 33.5 GR;ABARROTES;ABARROTES 2DA NECESIDAD;GOLOSINAS
SGP00323;CARAMELO AMBROSOLI GAJOS DE LIMON 100 UND;ABARROTES;ABARROTES 2DA NECESIDAD;GOLOSINAS
SGP00325;CARAMELO CHICHA MORADA ARCOR 100 UND;ABARROTES;ABARROTES 2DA NECESIDAD;GOLOSINAS
SGP00290;CARAMELO CON LOGO SODEXO 100 UNID;ABARROTES;ABARROTES 2DA NECESIDAD;GOLOSINAS
SGP00748;CARAMELO LIMON AMBROSOLI 100 UND;ABARROTES;ABARROTES 2DA NECESIDAD;GOLOSINAS
SGP00732;CHOCOLATE BITTER SUBLIME 38GR (EMER);ABARROTES;ABARROTES 2DA NECESIDAD;GOLOSINAS
SGP00767;CHOCOLATE CANCUN COSTA 27 GR;ABARROTES;ABARROTES 2DA NECESIDAD;GOLOSINAS
SGP01466;CHOCOLATE DOÑA PEPA LACTA 23 GR;ABARROTES;ABARROTES 2DA NECESIDAD;GOLOSINAS
SGP00709;CHOCOLATE NEGRO SUBLIME 26 GR;ABARROTES;ABARROTES 2DA NECESIDAD;GOLOSINAS
SGP00687;CHOCOLATE NEGRO SUBLIME 28 GR;ABARROTES;ABARROTES 2DA NECESIDAD;GOLOSINAS
SGP00758;CHOCOLATE NEGRO SUBLIME 30 GR;ABARROTES;ABARROTES 2DA NECESIDAD;GOLOSINAS
SGP00282;CHOCOLATE RELLENO BON O BON;ABARROTES;ABARROTES 2DA NECESIDAD;GOLOSINAS
SGP00775;CHOCOLATE RELLENO CAÑONAZO COSTA 22 GR;ABARROTES;ABARROTES 2DA NECESIDAD;GOLOSINAS
SGP01463;CHOCOLATE RELLENO MECANO COSTA 19 GR;ABARROTES;ABARROTES 2DA NECESIDAD;GOLOSINAS
SGP00311;CHOCOLATE STICK SUBLIME 14 GR;ABARROTES;ABARROTES 2DA NECESIDAD;GOLOSINAS
SGP00736;CHOCOLATE TRIANGULO NESTLE 30 GR;ABARROTES;ABARROTES 2DA NECESIDAD;GOLOSINAS
SGP01465;CHOCOLATE WAFER CUA CUA LACTA 18 GR;ABARROTES;ABARROTES 2DA NECESIDAD;GOLOSINAS
SGP00322;CHUPETE CHUPETIN COLORADO (TUTTI FRUTI) AMBROSOLI (24 UNID);ABARROTES;ABARROTES 2DA NECESIDAD;GOLOSINAS
SGP00700;GALLETA CHOCOCHIPS CHIPS AHOY 37 GR;ABARROTES;ABARROTES 2DA NECESIDAD;GOLOSINAS
SGP00114;GALLETA CLASICA OREO 36 GR;ABARROTES;ABARROTES 2DA NECESIDAD;GOLOSINAS
SGP00685;GALLETA DE AGUA COSTA LIGHT (LINE) 42 GR;ABARROTES;ABARROTES 2DA NECESIDAD;GOLOSINAS
SGP00318;GALLETA DE AGUA COSTA LIGHT (LINE) 44 GR;ABARROTES;ABARROTES 2DA NECESIDAD;GOLOSINAS
SGP00780;GALLETA DULCE CHIN CHIN CHOCOFORMAS 21 GRM;ABARROTES;ABARROTES 2DA NECESIDAD;GOLOSINAS
SGP00156;GALLETA DULCE CHOCOLATE CHOMP 42/38 GR;ABARROTES;ABARROTES 2DA NECESIDAD;GOLOSINAS
SGP00285;GALLETA DULCE CHOCOLATE GLACITAS 32 GR ( 23434);ABARROTES;ABARROTES 2DA NECESIDAD;GOLOSINAS
SGP00762;GALLETA DULCE CHOCOLATE MOROCHA 30 GR;ABARROTES;ABARROTES 2DA NECESIDAD;GOLOSINAS
SGP00284;GALLETA DULCE CHOCOLATE TENTACION 45/43 GR;ABARROTES;ABARROTES 2DA NECESIDAD;GOLOSINAS
SGP00316;GALLETA DULCE CHOCONIEVE GLACITAS 32 GR (23444);ABARROTES;ABARROTES 2DA NECESIDAD;GOLOSINAS
SGP00312;GALLETA DULCE FRESA GLACITAS 32 GR;ABARROTES;ABARROTES 2DA NECESIDAD;GOLOSINAS
SGP00292;GALLETA DULCE NARANJA CHOMP 38 GR;ABARROTES;ABARROTES 2DA NECESIDAD;GOLOSINAS
SGP00308;GALLETA DULCE NARANJA TENTACION 45/43 GR;ABARROTES;ABARROTES 2DA NECESIDAD;GOLOSINAS
SGP00315;GALLETA DULCE TOFFE GLACITAS 32 GR;ABARROTES;ABARROTES 2DA NECESIDAD;GOLOSINAS
SGP00335;GALLETA DULCE VAINILLA DIA 250 GR;ABARROTES;ABARROTES 2DA NECESIDAD;GOLOSINAS
SGP00293;GALLETA DULCE VAINILLA MARGARITA;ABARROTES;ABARROTES 2DA NECESIDAD;GOLOSINAS
SGP00279;GALLETA DULCE VAINILLA NABISCO (FIELD) 37 GR;ABARROTES;ABARROTES 2DA NECESIDAD;GOLOSINAS
SGP00684;GALLETA DULCE VAINILLA TENTACION 45 GR;ABARROTES;ABARROTES 2DA NECESIDAD;GOLOSINAS
SGP00283;GALLETA DULCE VAINILLA TENTACION 45/43 GR;ABARROTES;ABARROTES 2DA NECESIDAD;GOLOSINAS
SGP00691;GALLETA GRAN CEREAL FIBRA CACAO COSTA 36 GR;ABARROTES;ABARROTES 2DA NECESIDAD;GOLOSINAS
SGP00321;GALLETA INTEGRAL CLUB SOCIAL NABISCO 26 GR;ABARROTES;ABARROTES 2DA NECESIDAD;GOLOSINAS
SGP00753;GALLETA INTEGRALES INTEGRAKERS SALVADO DE TRIGO 30 GR;ABARROTES;ABARROTES 2DA NECESIDAD;GOLOSINAS
SGP00314;GALLETA RELLENA ALFAJOR CASINO 51 GR;ABARROTES;ABARROTES 2DA NECESIDAD;GOLOSINAS
SGP01464;GALLETA RELLENA CHOCOLATE CASINO 51/43 GR;ABARROTES;ABARROTES 2DA NECESIDAD;GOLOSINAS
SGP00332;GALLETA RELLENA COCO CASINO 51/43 GR;ABARROTES;ABARROTES 2DA NECESIDAD;GOLOSINAS
SGP00294;GALLETA RELLENA FRESA CASINO 51/43 GR;ABARROTES;ABARROTES 2DA NECESIDAD;GOLOSINAS
SGP00295;GALLETA RELLENA LUCUMA CASINO 51/43 GR;ABARROTES;ABARROTES 2DA NECESIDAD;GOLOSINAS
SGP00297;GALLETA RELLENA VAINILLA CASINO 51/43 GR;ABARROTES;ABARROTES 2DA NECESIDAD;GOLOSINAS
SGP00280;GALLETA SALADA CLUB SOCIAL NABISCO 26 GR;ABARROTES;ABARROTES 2DA NECESIDAD;GOLOSINAS
SGP00696;GALLETA SALADA CREAM CRAKER 73.5 GR (EMER);ABARROTES;ABARROTES 2DA NECESIDAD;GOLOSINAS
SGP00763;GALLETA SALADA CREAM CRAKER NABISCO 73.5 GR;ABARROTES;ABARROTES 2DA NECESIDAD;GOLOSINAS
SGP00707;GALLETA SALADA CREAM CRAKER NABISCO 73.5 GR (E);ABARROTES;ABARROTES 2DA NECESIDAD;GOLOSINAS
SGP00334;GALLETA SALADA DE SODA DIA 250 GR;ABARROTES;ABARROTES 2DA NECESIDAD;GOLOSINAS
SGP00688;GALLETA SALADA DE SODA FIELD RECETA ORIGINAL NABISCO 32 GR;ABARROTES;ABARROTES 2DA NECESIDAD;GOLOSINAS
SGP00697;GALLETA SALADA DE SODA FIELD RECETA ORIGINAL NABISCO 32 GR (EMER);ABARROTES;ABARROTES 2DA NECESIDAD;GOLOSINAS
SGP00701;GALLETA SALADA DE SODA FIELD RECETA ORIGINAL NABISCO 34 GR;ABARROTES;ABARROTES 2DA NECESIDAD;GOLOSINAS
SGP00751;GALLETA SALADA DE SODA SAYON 250 GR;ABARROTES;ABARROTES 2DA NECESIDAD;GOLOSINAS
SGP00783;GALLETA SALADA SODA LINE COSTA 42 GR;ABARROTES;ABARROTES 2DA NECESIDAD;GOLOSINAS
SGP00771;GALLETA SALADA SODA SAN JORGE 40 GR;ABARROTES;ABARROTES 2DA NECESIDAD;GOLOSINAS
SGP00739;MARSHMELLOWS AMBROSOLI SURTIDO 230 GR;ABARROTES;ABARROTES 2DA NECESIDAD;GOLOSINAS
SGP00681;WAFER CHOCOLATE COSTA NIK 27 GR;ABARROTES;ABARROTES 2DA NECESIDAD;GOLOSINAS
SGP01193;MAYONESA BASE EMIC 3.8 KG;ABARROTES;ABARROTES 2DA NECESIDAD;OTROS
SGP01050;MAYONESA BASE MACBEL 4 LT (E);ABARROTES;ABARROTES 2DA NECESIDAD;OTROS
SGP01189;MAYONESA SCALA EMIC 3.8 KG;ABARROTES;ABARROTES 2DA NECESIDAD;OTROS
SGP00900;PAN BLANCO FAMILIAR BIMBO 750 GR;ABARROTES;ABARROTES 2DA NECESIDAD;PANADERIA
SGP00915;PAN BLANCO XL EXTRA GRANDE BIMBO 770 GR;ABARROTES;ABARROTES 2DA NECESIDAD;PANADERIA
SGP00113;PAN MOLIDO TAKIS 5 KG;ABARROTES;ABARROTES 2DA NECESIDAD;PANADERIA
SGP00922;PANELA GRANULADA 1KG;ABARROTES;ABARROTES 2DA NECESIDAD;PANADERIA
SGP00925;PANELA GRANULADA ONZA 1 KG;ABARROTES;ABARROTES 2DA NECESIDAD;PANADERIA
SGP00914;PANETON (PANETONCITO) DONOFRIO BOLSA 80 GR;ABARROTES;ABARROTES 2DA NECESIDAD;PANADERIA
SGP00926;PANETON BARLETTA CAJA 900 GR;ABARROTES;ABARROTES 2DA NECESIDAD;PANADERIA
SGP00095;PANETON DONOFRIO CAJA 880 GR;ABARROTES;ABARROTES 2DA NECESIDAD;PANADERIA
SGP00920;PANETON EN BOLSA 800 GR COSTA;ABARROTES;ABARROTES 2DA NECESIDAD;PANADERIA
SGP00928;PANETON GLORIA BOLSA 900 GR;ABARROTES;ABARROTES 2DA NECESIDAD;PANADERIA
SGP00912;PANETON GLORIA CAJA X 900 GR;ABARROTES;ABARROTES 2DA NECESIDAD;PANADERIA
SGP00910;PANETON MINI GLORIA BOLSA 80 GR;ABARROTES;ABARROTES 2DA NECESIDAD;PANADERIA
SGP00911;PANETON PACK CAJA TODINNO 900 GR + TODINNITO 85 GR;ABARROTES;ABARROTES 2DA NECESIDAD;PANADERIA
SGP00094;PANETON SODEXO CAJA 90 GR;ABARROTES;ABARROTES 2DA NECESIDAD;PANADERIA
SGP00093;PANETON SODEXO CAJA 900 GR;ABARROTES;ABARROTES 2DA NECESIDAD;PANADERIA
SGP00907;PREMEZCLA INVENTIS PAN CIABATTA 10 KG;ABARROTES;ABARROTES 2DA NECESIDAD;PANADERIA
SGP00918;PURATOS EASY CIABATTA 10 KG;ABARROTES;ABARROTES 2DA NECESIDAD;PANADERIA
SGP00902;PURATOS EASY PAN FIBRA 5 KG;ABARROTES;ABARROTES 2DA NECESIDAD;PANADERIA
SGP00923;PURATOS EASY PAN SUAVE 10 KG;ABARROTES;ABARROTES 2DA NECESIDAD;PANADERIA
SGP00674;TORTILLA PARA TACOS BIMBO X 12 UNIDS MEDIANO (RAPIDITAS);ABARROTES;ABARROTES 2DA NECESIDAD;PANADERIA
SGP00286;BISCOCHO CHOCMAN COSTA 30 GR;ABARROTES;ABARROTES 2DA NECESIDAD;PASTELERIA
SGP00932;KEKE BIMBOLETE MARMOLEADO 02 UND 70 GR;ABARROTES;ABARROTES 2DA NECESIDAD;PASTELERIA
SGP00934;KEKE BIMBOLETE MARMOLEADO 55 GR;ABARROTES;ABARROTES 2DA NECESIDAD;PASTELERIA
SGP00196;KEKE BIMBOLETES VAINILLA 55 GR;ABARROTES;ABARROTES 2DA NECESIDAD;PASTELERIA
SGP00662;ARROZ BLANCO COCIDO 3 KG RAM;ABARROTES;ABARROTES 2DA NECESIDAD;PREPARADOS
SGP00660;CALDO CONCENTRADO CARNE MACRO FOOD 1 KG;ABARROTES;ABARROTES 2DA NECESIDAD;PREPARADOS
SGP00661;CALDO CONCENTRADO GALLINA MACRO FOOD 1 KG;ABARROTES;ABARROTES 2DA NECESIDAD;PREPARADOS
SGP00623;CALDO DE CARNE KNORR SACHET 650 GR;ABARROTES;ABARROTES 2DA NECESIDAD;PREPARADOS
SGP00625;CALDO SAZONADOR CON SABOR A CARNE QUIMTIA 1 KG;ABARROTES;ABARROTES 2DA NECESIDAD;PREPARADOS
SGP00633;CALDO SAZONADOR DE CARNE FANNY 1 KG;ABARROTES;ABARROTES 2DA NECESIDAD;PREPARADOS
SGP00632;CALDO SAZONADOR DE GALLINA FANNY 1 KG;ABARROTES;ABARROTES 2DA NECESIDAD;PREPARADOS
SGP00624;CALDO SAZONADOR DE POLLO QUIMTIA 1 KG;ABARROTES;ABARROTES 2DA NECESIDAD;PREPARADOS
SGP00627;CALDO SAZONADOR MAGGI DE GALLINA 940 GR;ABARROTES;ABARROTES 2DA NECESIDAD;PREPARADOS
SGP00618;CREMA DE CHAMPIGÑONES KNORR 800 GR;ABARROTES;ABARROTES 2DA NECESIDAD;PREPARADOS
SGP00586;CREMA DE CHAMPIÑONES MACROFOODS 1 KG;ABARROTES;ABARROTES 2DA NECESIDAD;PREPARADOS
SGP00617;CREMA DE CHOCLO KNORR 800 GR;ABARROTES;ABARROTES 2DA NECESIDAD;PREPARADOS
SGP00616;CREMA DE ESPARRAGOS KNORR 800 GR;ABARROTES;ABARROTES 2DA NECESIDAD;PREPARADOS
SGP00619;CREMA DE POLLO KNORR 800 GR;ABARROTES;ABARROTES 2DA NECESIDAD;PREPARADOS
SGP00592;MARINADO PARA POLLO A LA BRASA EMIC 1 KG;ABARROTES;ABARROTES 2DA NECESIDAD;PREPARADOS
SGP00642;PASTA DE AJI AMARILLO EMIC 1 KG;ABARROTES;ABARROTES 2DA NECESIDAD;PREPARADOS
SGP02670;PASTA DE AJI AMARILLO RAM 1 KG;ABARROTES;ABARROTES 2DA NECESIDAD;PREPARADOS
SGP00643;PASTA DE AJI PANCA EMIC 1 KG;ABARROTES;ABARROTES 2DA NECESIDAD;PREPARADOS
SGP01080;PASTA DE AJI PANCA RAM 1 KG;ABARROTES;ABARROTES 2DA NECESIDAD;PREPARADOS
SGP00591;PASTA DE AJO CONCENTRADA EMIC 1 KG;ABARROTES;ABARROTES 2DA NECESIDAD;PREPARADOS
SGP00644;PASTA DE AJO EMIC 1 KG;ABARROTES;ABARROTES 2DA NECESIDAD;PREPARADOS
SGP01081;PASTA DE AJO RAM 1 KG;ABARROTES;ABARROTES 2DA NECESIDAD;PREPARADOS
SGP00645;PASTA DE ROCOTO EMIC 1 KG;ABARROTES;ABARROTES 2DA NECESIDAD;PREPARADOS
SGP00595;PRE ELABORADO CONSERVA FRIJOL CANARIO 1 KG OLIVEZA;ABARROTES;ABARROTES 2DA NECESIDAD;PREPARADOS
SGP00601;PRE ELABORADO CONSERVA FRIJOL CANARIO 1 KG OLIVEZA BOLSA;ABARROTES;ABARROTES 2DA NECESIDAD;PREPARADOS
SGP00597;PRE ELABORADO CONSERVA FRIJOL PANAMITO 1 KG OLIVEZA;ABARROTES;ABARROTES 2DA NECESIDAD;PREPARADOS
SGP00598;PRE ELABORADO CONSERVA GARBANZO 1 KG OLIVEZA;ABARROTES;ABARROTES 2DA NECESIDAD;PREPARADOS
SGP00603;PRE ELABORADO CONSERVA GARBANZO 1 KG OLIVEZA BOLSA;ABARROTES;ABARROTES 2DA NECESIDAD;PREPARADOS
SGP00635;PRE ELABORADO EMIC BASE AMARILLA 1 KG;ABARROTES;ABARROTES 2DA NECESIDAD;PREPARADOS
SGP00649;PRE ELABORADO EMIC BASE AMARILLA S/G 1 KG;ABARROTES;ABARROTES 2DA NECESIDAD;PREPARADOS
SGP00636;PRE ELABORADO EMIC BASE CRIOLLA 1 KG;ABARROTES;ABARROTES 2DA NECESIDAD;PREPARADOS
SGP00650;PRE ELABORADO EMIC BASE CRIOLLA S/G 1 KG;ABARROTES;ABARROTES 2DA NECESIDAD;PREPARADOS
SGP00637;PRE ELABORADO EMIC BASE NEUTRAL 1 KG;ABARROTES;ABARROTES 2DA NECESIDAD;PREPARADOS
SGP00638;PRE ELABORADO EMIC BASE NORTEÑA 1 KG;ABARROTES;ABARROTES 2DA NECESIDAD;PREPARADOS
SGP00639;PRE ELABORADO EMIC BASE ORIENTAL 1 KG;ABARROTES;ABARROTES 2DA NECESIDAD;PREPARADOS
SGP00640;PRE ELABORADO EMIC BASE ROJA (TOMATE) 1 KG;ABARROTES;ABARROTES 2DA NECESIDAD;PREPARADOS
SGP00651;PRE ELABORADO EMIC BASE ROJA (TOMATE) S/G 1 KG;ABARROTES;ABARROTES 2DA NECESIDAD;PREPARADOS
SGP00641;PRE ELABORADO EMIC BASE VERDE 1 KG;ABARROTES;ABARROTES 2DA NECESIDAD;PREPARADOS
SGP00652;PRE ELABORADO EMIC BASE VERDE S/G 1 KG;ABARROTES;ABARROTES 2DA NECESIDAD;PREPARADOS
SGP01353;PRE ELABORADO NATURALE CONCENTRADO CARAMBOLA 2 LT;ABARROTES;ABARROTES 2DA NECESIDAD;PREPARADOS
SGP01348;PRE ELABORADO NATURALE CONCENTRADO CHICHA MORADA 2 LT;ABARROTES;ABARROTES 2DA NECESIDAD;PREPARADOS
SGP01519;PRE ELABORADO NATURALE CONCENTRADO EMOLIENTE 2 LT;ABARROTES;ABARROTES 2DA NECESIDAD;PREPARADOS
SGP01358;PRE ELABORADO NATURALE CONCENTRADO MANZANA 2 LT;ABARROTES;ABARROTES 2DA NECESIDAD;PREPARADOS
SGP01350;PRE ELABORADO NATURALE CONCENTRADO MARACUYA 2 LT;ABARROTES;ABARROTES 2DA NECESIDAD;PREPARADOS
SGP01576;PRE ELABORADO NATURALE CONCENTRADO PIÑA GOLDEN 2 LT;ABARROTES;ABARROTES 2DA NECESIDAD;PREPARADOS
SGP00654;PRE ELABORADO RAM (CONSERVA) FRIJOL CANARIO SIN ADEREZO 1 KG;ABARROTES;ABARROTES 2DA NECESIDAD;PREPARADOS
SGP00658;PRE ELABORADO RAM (CONSERVA) LENTEJA SIN ADEREZO 1 KG;ABARROTES;ABARROTES 2DA NECESIDAD;PREPARADOS
SGP00656;PRE ELABORADO RAM (CONSERVA)FRIJOL PANAMITO SIN ADEREZO 1 KG;ABARROTES;ABARROTES 2DA NECESIDAD;PREPARADOS
SGP00657;PRE ELABORADO RAM (CONSERVA)GARBANZO SIN ADEREZO 1 KG;ABARROTES;ABARROTES 2DA NECESIDAD;PREPARADOS
SGP00606;PRE ELABORADO RAM BASE AMARILLA 1 KG;ABARROTES;ABARROTES 2DA NECESIDAD;PREPARADOS
SGP00607;PRE ELABORADO RAM BASE CRIOLLA 1 KG;ABARROTES;ABARROTES 2DA NECESIDAD;PREPARADOS
SGP00611;PRE ELABORADO RAM BASE NEUTRAL 1 KG;ABARROTES;ABARROTES 2DA NECESIDAD;PREPARADOS
SGP00608;PRE ELABORADO RAM BASE NORTEÑA 1KG;ABARROTES;ABARROTES 2DA NECESIDAD;PREPARADOS
SGP01082;PRE ELABORADO RAM BASE ORIENTAL 1 KG;ABARROTES;ABARROTES 2DA NECESIDAD;PREPARADOS
SGP00609;PRE ELABORADO RAM BASE TOMATE 1 KG;ABARROTES;ABARROTES 2DA NECESIDAD;PREPARADOS
SGP00610;PRE ELABORADO RAM BASE VERDE 1KG;ABARROTES;ABARROTES 2DA NECESIDAD;PREPARADOS
SGP00612;PRE ELABORADO RAM FRIJOL CANARIO 1 KG;ABARROTES;ABARROTES 2DA NECESIDAD;PREPARADOS
SGP00613;PRE ELABORADO RAM FRIJOL PANAMITO 1 KG;ABARROTES;ABARROTES 2DA NECESIDAD;PREPARADOS
SGP00615;PRE ELABORADO RAM GARBANZO 1 KG;ABARROTES;ABARROTES 2DA NECESIDAD;PREPARADOS
SGP00614;PRE ELABORADO RAM LENTEJA 1 KG;ABARROTES;ABARROTES 2DA NECESIDAD;PREPARADOS
SGP00599;PURE DE PAPA AMARILLA MACROFOOD 1 KG;ABARROTES;ABARROTES 2DA NECESIDAD;PREPARADOS
SGP00261;PURE DE PAPAS KNORR 2 KG;ABARROTES;ABARROTES 2DA NECESIDAD;PREPARADOS
SGP00590;PURE DE PAPAS KNORR 2 KG- UNIDAD;ABARROTES;ABARROTES 2DA NECESIDAD;PREPARADOS
SGP00588;PURÉ DE CAMOTE RAM 1 KG;ABARROTES;ABARROTES 2DA NECESIDAD;PREPARADOS
SGP00653;PURÉ DE MANZANA RAM 5 KG;ABARROTES;ABARROTES 2DA NECESIDAD;PREPARADOS
SGP00626;TAMAL CRIOLLO 180 G RAM;ABARROTES;ABARROTES 2DA NECESIDAD;PREPARADOS
SGP00628;TAMAL DE MAIZ 150 GR;ABARROTES;ABARROTES 2DA NECESIDAD;PREPARADOS
SGP02207;TAMAL DE MAIZ 230 GR;ABARROTES;ABARROTES 2DA NECESIDAD;PREPARADOS
SGP00213;AZUCAR IMPALPABLE HONORA (LEVAPAN) 5 KG;ABARROTES;ABARROTES 2DA NECESIDAD;REPOSTERIA
SGP01019;AZUCAR IMPALPABLE LA NEGRITA 5 KG;ABARROTES;ABARROTES 2DA NECESIDAD;REPOSTERIA
SGP00965;AZUCAR IMPALPABLE NEGUSA 1 KG;ABARROTES;ABARROTES 2DA NECESIDAD;REPOSTERIA
SGP00973;AZUCAR IMPALPABLE NEGUSA 1 KG - UNIDAD;ABARROTES;ABARROTES 2DA NECESIDAD;REPOSTERIA
SGP01028;BICARBONATO DE SODIO 4 ESTACIONES 250 GR;ABARROTES;ABARROTES 2DA NECESIDAD;REPOSTERIA
SGP00972;BICARBONATO DE SODIO ELYMAR 250 GR;ABARROTES;ABARROTES 2DA NECESIDAD;REPOSTERIA
SGP00953;CHOCOLATE BLANCO COBERTURA NEGUSA 600 GR;ABARROTES;ABARROTES 2DA NECESIDAD;REPOSTERIA
SGP00971;COBERTURA BITTER OBLEAS NEGUSA 1 KG;ABARROTES;ABARROTES 2DA NECESIDAD;REPOSTERIA
SGP00192;COBERTURA BLANCA 500 GR;ABARROTES;ABARROTES 2DA NECESIDAD;REPOSTERIA
SGP00964;COBERTURA GOTAS BITTER NEGUSA 1 KG;ABARROTES;ABARROTES 2DA NECESIDAD;REPOSTERIA
SGP01029;COLAPIZ EN POLVO 4 ESTACIONES 1 KG;ABARROTES;ABARROTES 2DA NECESIDAD;REPOSTERIA
SGP01030;COLAPIZ EN POLVO 4 ESTACIONES 250 GR;ABARROTES;ABARROTES 2DA NECESIDAD;REPOSTERIA
SGP01031;COLAPIZ EN POLVO 4 ESTACIONES 500 GR;ABARROTES;ABARROTES 2DA NECESIDAD;REPOSTERIA
SGP01004;COLAPIZ EN POLVO TOÑA 1 KG;ABARROTES;ABARROTES 2DA NECESIDAD;REPOSTERIA
SGP00212;COLORANTE AMARILLO (HUEVO) LEVAPAN 250 ML;ABARROTES;ABARROTES 2DA NECESIDAD;REPOSTERIA
SGP00226;COLORANTE FRATELLO CAJA 4 FCO;ABARROTES;ABARROTES 2DA NECESIDAD;REPOSTERIA
SGP00968;COLORANTE FRATELLO LIQUIDO AMARILLO HUEVO 250 ML;ABARROTES;ABARROTES 2DA NECESIDAD;REPOSTERIA
SGP01038;COLORANTE FRATELLO LIQUIDO AMARILLO LIMON 250 ML;ABARROTES;ABARROTES 2DA NECESIDAD;REPOSTERIA
SGP01039;COLORANTE FRATELLO LIQUIDO ROJA BANDERA 250 ML;ABARROTES;ABARROTES 2DA NECESIDAD;REPOSTERIA
SGP01037;COLORANTE FRATELLO LIQUIDO VERDE HOJA 250 ML;ABARROTES;ABARROTES 2DA NECESIDAD;REPOSTERIA
SGP01042;ESCENCIA DE NARANJA SOLUBLE FRATELLO 250 ML PET;ABARROTES;ABARROTES 2DA NECESIDAD;REPOSTERIA
SGP00228;ESCENCIA DE VAINILLA NEGRITA 1 LT PET;ABARROTES;ABARROTES 2DA NECESIDAD;REPOSTERIA
SGP00963;ESCENCIA DE VAINILLA UMSHA 1 LT PET;ABARROTES;ABARROTES 2DA NECESIDAD;REPOSTERIA
SGP00982;ESENCIA DE PANETON FRATELLO 500 CC;ABARROTES;ABARROTES 2DA NECESIDAD;REPOSTERIA
SGP01008;FLAN DE CHOCOLATE CEYLAN 5 KG;ABARROTES;ABARROTES 2DA NECESIDAD;REPOSTERIA
SGP01027;FLAN DE VAINILLA CEYLAN 5 KG;ABARROTES;ABARROTES 2DA NECESIDAD;REPOSTERIA
SGP01034;FLAN DE VAINILLA LEAL 5 KG;ABARROTES;ABARROTES 2DA NECESIDAD;REPOSTERIA
SGP00951;FLAN DE VAINILLA MELOSITA 5 KG;ABARROTES;ABARROTES 2DA NECESIDAD;REPOSTERIA
SGP00949;FLAN DE VAINILLA UNIVERSAL 150 GR;ABARROTES;ABARROTES 2DA NECESIDAD;REPOSTERIA
SGP00940;FUDGE DE CHOCOLATE BAZO VELARDE 550 GR;ABARROTES;ABARROTES 2DA NECESIDAD;REPOSTERIA
SGP01023;GELATINA DE FRESA LEAL 5 KG;ABARROTES;ABARROTES 2DA NECESIDAD;REPOSTERIA
SGP01020;GELATINA DE FRESA UNIVERSAL 150 GR/130 GR;ABARROTES;ABARROTES 2DA NECESIDAD;REPOSTERIA
SGP00215;GELATINA DE FRESA UNIVERSAL 5 KG;ABARROTES;ABARROTES 2DA NECESIDAD;REPOSTERIA
SGP00210;GELATINA DE LIMON UNIVERSAL 5 KG;ABARROTES;ABARROTES 2DA NECESIDAD;REPOSTERIA
SGP01024;GELATINA DE NARANJA LEAL 5 KG;ABARROTES;ABARROTES 2DA NECESIDAD;REPOSTERIA
SGP00948;GELATINA DE NARANJA UNIVERSAL 150 GR/130 GR;ABARROTES;ABARROTES 2DA NECESIDAD;REPOSTERIA
SGP00224;GELATINA DE NARANJA UNIVERSAL 5 KG;ABARROTES;ABARROTES 2DA NECESIDAD;REPOSTERIA
SGP01035;GELATINA DE PIÑA UNIVERSAL 150 GR/130 GR;ABARROTES;ABARROTES 2DA NECESIDAD;REPOSTERIA
SGP00957;GELATINA SABOR FRESA IFF 1KG;ABARROTES;ABARROTES 2DA NECESIDAD;REPOSTERIA
SGP00988;GELATINA SABOR FRESA MACROFOOD 1KG;ABARROTES;ABARROTES 2DA NECESIDAD;REPOSTERIA
SGP01012;GELATINA SABOR FRESA QUIMTIA 1KG;ABARROTES;ABARROTES 2DA NECESIDAD;REPOSTERIA
SGP00987;GELATINA SABOR LIMON MACROFOOD 1KG;ABARROTES;ABARROTES 2DA NECESIDAD;REPOSTERIA
SGP00958;GELATINA SABOR NARANJA IFF 1KG;ABARROTES;ABARROTES 2DA NECESIDAD;REPOSTERIA
SGP00989;GELATINA SABOR NARANJA MACROFOOD 1KG;ABARROTES;ABARROTES 2DA NECESIDAD;REPOSTERIA
SGP01010;GELATINA SABOR NARANJA QUIMTIA 1KG;ABARROTES;ABARROTES 2DA NECESIDAD;REPOSTERIA
SGP00959;GELATINA SABOR PIÑA IFF 1KG;ABARROTES;ABARROTES 2DA NECESIDAD;REPOSTERIA
SGP00990;GELATINA SABOR PIÑA MACROFOOD 1KG;ABARROTES;ABARROTES 2DA NECESIDAD;REPOSTERIA
SGP01011;GELATINA SABOR PIÑA QUIMTIA 1KG;ABARROTES;ABARROTES 2DA NECESIDAD;REPOSTERIA
SGP01032;GRAJEA DE PANADERIA 4 ESTACIONES 1 KG;ABARROTES;ABARROTES 2DA NECESIDAD;REPOSTERIA
SGP00222;GRAJEA DE PANADERIA TOÑA 1 KG;ABARROTES;ABARROTES 2DA NECESIDAD;REPOSTERIA
SGP00003;LECHE CONDENSADA GLORIA 393 GR;ABARROTES;ABARROTES 2DA NECESIDAD;REPOSTERIA
SGP00001;LECHE CONDENSADA NESTLE 100 GR;ABARROTES;ABARROTES 2DA NECESIDAD;REPOSTERIA
SGP01026;LECHE CONDENSADA NESTLE 393 GR;ABARROTES;ABARROTES 2DA NECESIDAD;REPOSTERIA
SGP00190;LEVADURA INSTANTANEA LEVAPAN 500 GR;ABARROTES;ABARROTES 2DA NECESIDAD;REPOSTERIA
SGP01022;LEVADURA INSTANTANEA MAURIPAN 500 GR;ABARROTES;ABARROTES 2DA NECESIDAD;REPOSTERIA
SGP00970;LEVADURA INSTANTANEA MAURIPAN 500 GR (EMER);ABARROTES;ABARROTES 2DA NECESIDAD;REPOSTERIA
SGP00980;LEVADURA INSTANTANEA OKEDO INSTANT 500 GR;ABARROTES;ABARROTES 2DA NECESIDAD;REPOSTERIA
SGP00966;LEVADURA INSTANTANEA SAF INSTANT DORADA 500 GR;ABARROTES;ABARROTES 2DA NECESIDAD;REPOSTERIA
SGP00984;MEJORADOR DE MASA FLEISCHMAN 5 KG (EMER);ABARROTES;ABARROTES 2DA NECESIDAD;REPOSTERIA
SGP01036;MEJORADOR DE MASA FLEISCHMANN 5 KGM;ABARROTES;ABARROTES 2DA NECESIDAD;REPOSTERIA
SGP01021;MEJORADOR DE MASA MAGIMIX AMARILLO LESAFRE 5 KG;ABARROTES;ABARROTES 2DA NECESIDAD;REPOSTERIA
SGP01040;MEJORADOR MASA STARPAN LEVAPAN 5 KG;ABARROTES;ABARROTES 2DA NECESIDAD;REPOSTERIA
SGP00191;MEJORADOR MASA SUPERPAN LEVAPAN 5 KG;ABARROTES;ABARROTES 2DA NECESIDAD;REPOSTERIA
SGP01018;MERENGUE EN POLVO X 5KG;ABARROTES;ABARROTES 2DA NECESIDAD;REPOSTERIA
SGP01025;POLVO DE HORNEAR FLEICHMANN 1 KG;ABARROTES;ABARROTES 2DA NECESIDAD;REPOSTERIA
SGP00985;POLVO DE HORNEAR FLEISCHMAN 5 KG (EMER);ABARROTES;ABARROTES 2DA NECESIDAD;REPOSTERIA
SGP00967;POLVO DE HORNEAR LESAFFRE INVENTIS 5 KG;ABARROTES;ABARROTES 2DA NECESIDAD;REPOSTERIA
SGP00200;POLVO DE HORNEAR LEVAPAN 4 KG;ABARROTES;ABARROTES 2DA NECESIDAD;REPOSTERIA
SGP00954;PREMEZCLA INVENTIS BIZCOCHUELO TRES LECHES 5 KG;ABARROTES;ABARROTES 2DA NECESIDAD;REPOSTERIA
SGP00955;PREMEZCLA INVENTIS CHIFFON 5 KG;ABARROTES;ABARROTES 2DA NECESIDAD;REPOSTERIA
SGP00956;PREMEZCLA INVENTIS TORTA DE CHOCOLATE INTENSO 10 KG;ABARROTES;ABARROTES 2DA NECESIDAD;REPOSTERIA
SGP00969;PUDIN DE CHOCOLATE ROYAL 110 GR;ABARROTES;ABARROTES 2DA NECESIDAD;REPOSTERIA
SGP00947;PUDIN DE CHOCOLATE UNIVERSAL 100 GR;ABARROTES;ABARROTES 2DA NECESIDAD;REPOSTERIA
SGP01043;PURATOS T. TORTA DE CHOCOLATE EXTREMO X 10 KG;ABARROTES;ABARROTES 2DA NECESIDAD;REPOSTERIA
SGP01014;PURATOS T. TORTA DE CHOCOLATE X 10 KG;ABARROTES;ABARROTES 2DA NECESIDAD;REPOSTERIA
SGP01001;PURATOS TEGRAL CHIFFON 10 KG;ABARROTES;ABARROTES 2DA NECESIDAD;REPOSTERIA
SGP00162;KETCHUP B&D 4 LT;ABARROTES;ABARROTES 2DA NECESIDAD;SALSAS
SGP01088;KETCHUP DERBY 4 LT;ABARROTES;ABARROTES 2DA NECESIDAD;SALSAS
SGP00149;KETCHUP TRESA 4 LT;ABARROTES;ABARROTES 2DA NECESIDAD;SALSAS
SGP01077;KETCHUP TRESA PERSONAL 10 GR;ABARROTES;ABARROTES 2DA NECESIDAD;SALSAS
SGP00159;MAYONESA ALACENA PERSONAL 10 GR (8CC);ABARROTES;ABARROTES 2DA NECESIDAD;SALSAS
SGP00161;MAYONESA HELLMANS PERSONAL 7.6 GR;ABARROTES;ABARROTES 2DA NECESIDAD;SALSAS
SGP01072;MAYONESA HELLMANS SUAVE 2900 CC;ABARROTES;ABARROTES 2DA NECESIDAD;SALSAS
SGP01075;MAYONESA TRESA PERSONAL 10 GR;ABARROTES;ABARROTES 2DA NECESIDAD;SALSAS
SGP00163;MOSTAZA B&D 4 KG;ABARROTES;ABARROTES 2DA NECESIDAD;SALSAS
SGP01089;MOSTAZA DERBY 4 KG;ABARROTES;ABARROTES 2DA NECESIDAD;SALSAS
SGP00150;MOSTAZA TRESA 4 KG;ABARROTES;ABARROTES 2DA NECESIDAD;SALSAS
SGP01076;MOSTAZA TRESA PERSONAL 10 GR;ABARROTES;ABARROTES 2DA NECESIDAD;SALSAS
SGP01049;PASTA DE TOMATE B&D 3.20 KG;ABARROTES;ABARROTES 2DA NECESIDAD;SALSAS
SGP01054;PASTA DE TOMATE EMIC 1 KG;ABARROTES;ABARROTES 2DA NECESIDAD;SALSAS
SGP01067;PASTA DE TOMATE MAGGI 1 KG;ABARROTES;ABARROTES 2DA NECESIDAD;SALSAS
SGP00158;SALSA BARBECUE BBQ ORIGINAL HUNT 510 ML;ABARROTES;ABARROTES 2DA NECESIDAD;SALSAS
SGP01097;SALSA BBQ LUREN 510 GRM;ABARROTES;ABARROTES 2DA NECESIDAD;SALSAS
SGP00127;SALSA DE AJI CASERO TRESA 5 GR;ABARROTES;ABARROTES 2DA NECESIDAD;SALSAS
SGP01055;SALSA DE AJI CASERO TRESA 8/10 GR;ABARROTES;ABARROTES 2DA NECESIDAD;SALSAS
SGP01078;SALSA DE AJI SODEXO 5 GR;ABARROTES;ABARROTES 2DA NECESIDAD;SALSAS
SGP01074;SALSA DE AJI TARI 10/8 GR;ABARROTES;ABARROTES 2DA NECESIDAD;SALSAS
SGP01079;SALSA DE ROCOTO SODEXO 5 GR;ABARROTES;ABARROTES 2DA NECESIDAD;SALSAS
SGP00154;SALSA INGLESA LEA PEARRINS 290 ML;ABARROTES;ABARROTES 2DA NECESIDAD;SALSAS
SGP01098;SALSA INGLESA LUREN 295 ML;ABARROTES;ABARROTES 2DA NECESIDAD;SALSAS
SGP01099;SALSA INGLESA LUREN 295 ML PET;ABARROTES;ABARROTES 2DA NECESIDAD;SALSAS
SGP00166;SALSA MENSI KIKKO 350 ML PET;ABARROTES;ABARROTES 2DA NECESIDAD;SALSAS
SGP01059;SALSA OSTION HADAY X 260 ML;ABARROTES;ABARROTES 2DA NECESIDAD;SALSAS
SGP01060;SALSA OSTION HADAY X 260 ML - UNIDAD;ABARROTES;ABARROTES 2DA NECESIDAD;SALSAS
SGP01062;SALSA OSTION JADE BRIDGE 250 ML;ABARROTES;ABARROTES 2DA NECESIDAD;SALSAS
SGP00157;SALSA OSTION LEE KUN KEE 510/480 GR;ABARROTES;ABARROTES 2DA NECESIDAD;SALSAS
SGP01063;SALSA SILLAO LOPESA 5 LT;ABARROTES;ABARROTES 2DA NECESIDAD;SALSAS
SGP01051;SALSA SILLAU TRESA 3.8 LT;ABARROTES;ABARROTES 2DA NECESIDAD;SALSAS
SGP00138;SALSA SILLAU TRESA 4 LT;ABARROTES;ABARROTES 2DA NECESIDAD;SALSAS
SGP00155;SALSA TAUSI LEE KUN KEE 368 GR;ABARROTES;ABARROTES 2DA NECESIDAD;SALSAS
SGP01090;VINAGRE BALSAMICO LUREN 5 LT PET;ABARROTES;ABARROTES 2DA NECESIDAD;SALSAS
SGP01047;VINAGRE BLANCO FANNY 500 ML;ABARROTES;ABARROTES 2DA NECESIDAD;SALSAS
SGP01052;VINAGRE BLANCO TRESA 3.8 LT;ABARROTES;ABARROTES 2DA NECESIDAD;SALSAS
SGP00151;VINAGRE BLANCO TRESA 4 LT;ABARROTES;ABARROTES 2DA NECESIDAD;SALSAS
SGP01091;VINAGRE DE MANZANA OLIVOS DEL SUR 4 LT PET;ABARROTES;ABARROTES 2DA NECESIDAD;SALSAS
SGP01046;VINAGRE TINTO FANNY 500 ML;ABARROTES;ABARROTES 2DA NECESIDAD;SALSAS
SGP01053;VINAGRE TINTO TRESA 3.8 LT;ABARROTES;ABARROTES 2DA NECESIDAD;SALSAS
SGP00152;VINAGRE TINTO TRESA 4 LT;ABARROTES;ABARROTES 2DA NECESIDAD;SALSAS
SGP01114;CANCHA CHULPI VILLA NATURA 80 GR;ABARROTES;ABARROTES 2DA NECESIDAD;SNACKS
SGP00310;CANCHA FRITA TOÑA 1 KG;ABARROTES;ABARROTES 2DA NECESIDAD;SNACKS
SGP01139;CANCHA SALADA PIKADITOS 100 GR;ABARROTES;ABARROTES 2DA NECESIDAD;SNACKS
SGP01157;CANCHA SALADA SANTIS 100 GR;ABARROTES;ABARROTES 2DA NECESIDAD;SNACKS
SGP01144;CHIFLES SALADO KARINTO 28 GR;ABARROTES;ABARROTES 2DA NECESIDAD;SNACKS
SGP01108;CHIFLES SALADO KARINTO 34 GR;ABARROTES;ABARROTES 2DA NECESIDAD;SNACKS
SGP00844;COCKTAIL DE NUECES VALLEALTO X 90 GR;ABARROTES;ABARROTES 2DA NECESIDAD;SNACKS
SGP01162;DORITOS FRITO QUESO FUEGO LAY 43/40 GR;ABARROTES;ABARROTES 2DA NECESIDAD;SNACKS
SGP01104;HABAS SALADAS KARINTO 18 GR;ABARROTES;ABARROTES 2DA NECESIDAD;SNACKS
SGP01165;MANI CON PASAS CARTER 100 GR;ABARROTES;ABARROTES 2DA NECESIDAD;SNACKS
SGP01154;MANI CON PASAS CARTER 37 GR;ABARROTES;ABARROTES 2DA NECESIDAD;SNACKS
SGP01156;MANI SALADO CARTER 37 GR;ABARROTES;ABARROTES 2DA NECESIDAD;SNACKS
SGP01103;MANI SALADO ENGALLETADO KARINTO 100 GR;ABARROTES;ABARROTES 2DA NECESIDAD;SNACKS
SGP00329;MANI SALADO KARINTO 20 GR;ABARROTES;ABARROTES 2DA NECESIDAD;SNACKS
SGP01150;MANI SALADO KARINTO 42 GR;ABARROTES;ABARROTES 2DA NECESIDAD;SNACKS
SGP01158;PAPAS AL HILO 4 ESTACIONES 500 GR;ABARROTES;ABARROTES 2DA NECESIDAD;SNACKS
SGP01178;PAPAS LAYS 36 GR;ABARROTES;ABARROTES 2DA NECESIDAD;SNACKS
SGP01141;PAPAS ONDAS LAYS 130 GR;ABARROTES;ABARROTES 2DA NECESIDAD;SNACKS
SGP01113;PAPAS ONDAS LAYS 140 GR;ABARROTES;ABARROTES 2DA NECESIDAD;SNACKS
SGP00846;PECANA PELADA VALLEALTO X 90 GR;ABARROTES;ABARROTES 2DA NECESIDAD;SNACKS
SGP01140;PIQUEO SNACK FRITO LAY 190 GR;ABARROTES;ABARROTES 2DA NECESIDAD;SNACKS
SGP01188;PIQUEO SNACK FRITO LAY 55 GR;ABARROTES;ABARROTES 2DA NECESIDAD;SNACKS
SGP03866;AJUAR DE BEBE 5 PIEZAS CON LOGOS SODEXO;ATENCION AL PERSONAL;;
SGP02696;LM-19 LAPICERO METALICO COLOR GUN;ATENCION AL PERSONAL;;
SGP01305;AGUA SAN LUIS DESCARTABLE BIB 20 LT;BEBIDAS;SIN ALCOHOL;AGUA
SGP01306;AGUA SAN LUIS SIN GAS 2.5 LT;BEBIDAS;SIN ALCOHOL;AGUA
SGP01314;AGUA SAN LUIS SIN GAS 625 ML;BEBIDAS;SIN ALCOHOL;AGUA
SGP01486;AGUA SAN LUIS SIN GAS 750 ML;BEBIDAS;SIN ALCOHOL;AGUA
SGP01490;AGUA VIDA DESCARTABLE BIB 20 LT;BEBIDAS;SIN ALCOHOL;AGUA
SGP01307;AGUA VIDA SIN GAS 625 ML;BEBIDAS;SIN ALCOHOL;AGUA
SGP01279;GASEOSA COCA COLA 2.25 LT;BEBIDAS;SIN ALCOHOL;GASEOSA
SGP01262;GASEOSA COCA COLA 3 LT;BEBIDAS;SIN ALCOHOL;GASEOSA
SGP01560;GASEOSA COCA COLA 300 ML (SAMPLING);BEBIDAS;SIN ALCOHOL;GASEOSA
SGP01554;GASEOSA COCA COLA 450 ML;BEBIDAS;SIN ALCOHOL;GASEOSA
SGP01252;GASEOSA COCA COLA 500 ML;BEBIDAS;SIN ALCOHOL;GASEOSA
SGP01539;GASEOSA COCA COLA PET 2.25 LT;BEBIDAS;SIN ALCOHOL;GASEOSA
SGP01277;GASEOSA COCA COLA SIN AZUCAR 500 ML;BEBIDAS;SIN ALCOHOL;GASEOSA
SGP01257;GASEOSA FANTA 3 LT;BEBIDAS;SIN ALCOHOL;GASEOSA
SGP01555;GASEOSA FANTA SIN AZUCAR 400 ML;BEBIDAS;SIN ALCOHOL;GASEOSA
SGP01256;GASEOSA INCA KOLA 3 LT;BEBIDAS;SIN ALCOHOL;GASEOSA
SGP01254;GASEOSA INCA KOLA 500 ML;BEBIDAS;SIN ALCOHOL;GASEOSA
SGP01550;GASEOSA INCA KOLA SIN AZUCAR 500 ML;BEBIDAS;SIN ALCOHOL;GASEOSA
SGP01540;GASEOSA PEPSI 600 ML;BEBIDAS;SIN ALCOHOL;GASEOSA
SGP01537;GASEOSA PERSONAL COCA COLA 500 ML;BEBIDAS;SIN ALCOHOL;GASEOSA
SGP01541;GASEOSA PERSONAL COCA COLA 600 ML;BEBIDAS;SIN ALCOHOL;GASEOSA
SGP01538;GASEOSA PERSONAL INCA KOLA 500 ML;BEBIDAS;SIN ALCOHOL;GASEOSA
SGP01520;CHICHA MORADA GLORIA 400 ML;BEBIDAS;SIN ALCOHOL;JUGOS
SGP01854;JUGO DE DURAZNO FRUGOS 235 ML;BEBIDAS;SIN ALCOHOL;JUGOS
SGP01498;JUGO DE MANGO FRUGOS 235 ML;BEBIDAS;SIN ALCOHOL;JUGOS
SGP01496;JUGO DE MANZANA AQUARIUS 500/600 ML;BEBIDAS;SIN ALCOHOL;JUGOS
SGP00194;JUGO DE MANZANA WATTS 200/180 ML;BEBIDAS;SIN ALCOHOL;JUGOS
SGP01499;JUGO DE NARANJA AQUARIUS 500/600 ML;BEBIDAS;SIN ALCOHOL;JUGOS
SGP01339;JUGO DE NARANJA GLORIA 250 ML;BEBIDAS;SIN ALCOHOL;JUGOS
SGP01497;JUGO DE PERA AQUARIUS 500/600 ML;BEBIDAS;SIN ALCOHOL;JUGOS
SGP01525;JUGO DE PIÑA GLORIA 250 ML;BEBIDAS;SIN ALCOHOL;JUGOS
SGP01575;BEBIDA ACTI AVENA GLORIA 250 MLT;BEBIDAS;SIN ALCOHOL;OTROS
SGP01477;CERVEZA BITBURGER SIN ALCOHOL 330 ML (VIDRIO);BEBIDAS;SIN ALCOHOL;OTROS
SGP01478;CERVEZA BITBURGER SIN ALCOHOL 500 ML LATA;BEBIDAS;SIN ALCOHOL;OTROS
SGP01587;BEBIDA REHIDRATANTE FRUTAS POWERADE PET 600 ML;BEBIDAS;SIN ALCOHOL;REHIDRATANTES
SGP00139;BEBIDA REHIDRATANTE FRUTILLA POWERADE 473 ML;BEBIDAS;SIN ALCOHOL;REHIDRATANTES
SGP01594;BEBIDA REHIDRATANTE FRUTILLA POWERADE 476ML;BEBIDAS;SIN ALCOHOL;REHIDRATANTES
SGP01311;BEBIDA REHIDRATANTE FRUTILLA POWERADE 500 ML;BEBIDAS;SIN ALCOHOL;REHIDRATANTES
SGP01588;BEBIDA REHIDRATANTE LIMON POWERADE PET 600 ML;BEBIDAS;SIN ALCOHOL;REHIDRATANTES
SGP01312;BEBIDA REHIDRATANTE MANDARINA POWERADE 500ML;BEBIDAS;SIN ALCOHOL;REHIDRATANTES
SGP01586;BEBIDA REHIDRATANTE MORA AZUL POWERADE 473 ML;BEBIDAS;SIN ALCOHOL;REHIDRATANTES
SGP01287;BEBIDA REHIDRATANTE MORA AZUL POWERADE 500 ML;BEBIDAS;SIN ALCOHOL;REHIDRATANTES
SGP01589;BEBIDA REHIDRATANTE MORA POWERADE PET 600 ML;BEBIDAS;SIN ALCOHOL;REHIDRATANTES
SGP02702;CAJA CHICA - ACEITE VEGETAL CIL X 5 LT;CAJA CHICA;;
SGP03588;CAJA CHICA - ACEITE VEGETAL LT;CAJA CHICA;;
SGP03631;CAJA CHICA - ACEITUNA;CAJA CHICA;;
SGP03111;CAJA CHICA - ACEITUNA NEGRA;CAJA CHICA;;
SGP03240;CAJA CHICA - ACEITUNA POTE 250 GR;CAJA CHICA;;
SGP03931;CAJA CHICA - AGUA SAN LUIS S/GAS X 625 ML;CAJA CHICA;;
SGP03425;CAJA CHICA - AGUA SAN MATEO 600 ML;CAJA CHICA;;
SGP03030;CAJA CHICA - AGUA VIDA X 20 LT;CAJA CHICA;;
SGP02833;CAJA CHICA - AJI AMARILLO ENTERO CONGELADO KG;CAJA CHICA;;
SGP03546;CAJA CHICA - AJI CON HUACATAY;CAJA CHICA;;
SGP03178;CAJA CHICA - AJO FRESCO;CAJA CHICA;;
SGP03531;CAJA CHICA - ALCOHOL GEL SACHET 800 ML;CAJA CHICA;;
SGP03324;CAJA CHICA - ALCOHOL INDUSTRIAL 70º 4 LT;CAJA CHICA;;
SGP03936;CAJA CHICA - ALMENDRA NATURAL X 180 GR;CAJA CHICA;;
SGP04146;CAJA CHICA - ALMENDRA X 80 GR;CAJA CHICA;;
SGP02708;CAJA CHICA - APIO;CAJA CHICA;;
SGP02871;CAJA CHICA - ARROZ EXTRA;CAJA CHICA;;
SGP03623;CAJA CHICA - ARVEJA PELADA;CAJA CHICA;;
SGP02872;CAJA CHICA - ATUN TROZOS STARKITS 170 GR;CAJA CHICA;;
SGP02701;CAJA CHICA - AZUCAR BLANCA X KG;CAJA CHICA;;
SGP03632;CAJA CHICA - AZUCAR FINA;CAJA CHICA;;
SGP03031;CAJA CHICA - AZUCAR IMPALPABLE LEVAPAN KG;CAJA CHICA;;
SGP04040;CAJA CHICA - AZUCAR SACHET DE 5 GR;CAJA CHICA;;
SGP03656;CAJA CHICA - BARRA DE CHOCOLATE Y GRANOLA;CAJA CHICA;;
SGP03299;CAJA CHICA - BEBIDA REHIDRATANTE AZUL POWERADE 473 ML;CAJA CHICA;;
SGP03300;CAJA CHICA - BEBIDA REHIDRATANTE FRUTILLA POWERADE 473 ML;CAJA CHICA;;
SGP02724;CAJA CHICA - BETERRAGA FRESCA;CAJA CHICA;;
SGP03325;CAJA CHICA - BOLSA PARA CUBIERTO 3 X 10 100 UND;CAJA CHICA;;
SGP03033;CAJA CHICA - BOLSA PLASTICA RESELLABLE ZIPLOC X 50 UND;CAJA CHICA;;
SGP02949;CAJA CHICA - BOLSAS NEGRAS 15 LT X 100 UND;CAJA CHICA;;
SGP03667;CAJA CHICA - CACAO Y LUCUMA NIBS;CAJA CHICA;;
SGP03035;CAJA CHICA - CAFE INSTANTANEO NESCAFE TRADICION X 200 GR;CAJA CHICA;;
SGP02914;CAJA CHICA - CAFÉ INSTANTANEO NESCAFÉ TRADICION 200 GR;CAJA CHICA;;
SGP03905;CAJA CHICA - CALDO DE GALLINA DOÑA GUSTA X 500 GR;CAJA CHICA;;
SGP03991;CAJA CHICA - CAMOTE X KG;CAJA CHICA;;
SGP03037;CAJA CHICA - CARBON VEGETAL NATURAL;CAJA CHICA;;
SGP03993;CAJA CHICA - CASTAÑA X 500 GR;CAJA CHICA;;
SGP01648;CAJA CHICA - CASTAÑAS 250 GR;CAJA CHICA;;
SGP03648;CAJA CHICA - CEBOLLA CHINA;CAJA CHICA;;
SGP03626;CAJA CHICA - CEBOLLA ROJA;CAJA CHICA;;
SGP03596;CAJA CHICA - CERA AL AGUA 3.8 LT;CAJA CHICA;;
SGP03574;CAJA CHICA - CERA EN PASTA AMARILLA LT;CAJA CHICA;;
SGP03558;CAJA CHICA - CERA LIQUIDA ROJA 4 LT;CAJA CHICA;;
SGP03284;CAJA CHICA - CEREAL ANGEL COPIX 170 GR;CAJA CHICA;;
SGP03482;CAJA CHICA - CEREAL GOLDEN BAR 21 GR;CAJA CHICA;;
SGP03779;CAJA CHICA - CEREAL GRANOLA X 200GR;CAJA CHICA;;
SGP02874;CAJA CHICA - CHOCOLATE DE TAZA 90 GR;CAJA CHICA;;
SGP02734;CAJA CHICA - CHOCOLATE MILKY IBERICA;CAJA CHICA;;
SGP03044;CAJA CHICA - CHOCOLATE NEGRO SUBLIME 32 GR;CAJA CHICA;;
SGP03045;CAJA CHICA - CHOCOLATE RELLENO VIZZIO COSTA 24 GR;CAJA CHICA;;
SGP03813;CAJA CHICA - CHUPETIN BON BON BUN X 24 UND;CAJA CHICA;;
SGP03815;CAJA CHICA - CHUPETIN GLOBO POP SURTIDO X 24 UND;CAJA CHICA;;
SGP03046;CAJA CHICA - CHUÑO TOÑA X KG;CAJA CHICA;;
SGP03359;CAJA CHICA - COBERTURA BITTER NEGRO;CAJA CHICA;;
SGP03136;CAJA CHICA - COBERTURA DE LECHE;CAJA CHICA;;
SGP01628;CAJA CHICA - COLOR ROJO INTENSO ELYASAN 30CC;CAJA CHICA;;
SGP04070;CAJA CHICA - COLORANTE A LA GRASA FRATELLO X 5 GR;CAJA CHICA;;
SGP01644;CAJA CHICA - COLORANTE ELYASAN 30 ML;CAJA CHICA;;
SGP01678;CAJA CHICA - COLORANTE PASTELERO;CAJA CHICA;;
SGP03049;CAJA CHICA - COMINO MOLIDO TOÑA;CAJA CHICA;;
SGP02748;CAJA CHICA - CREMA CHANTILLY PURATOS;CAJA CHICA;;
SGP03146;CAJA CHICA - CREMA DE LECHE X 1 LT;CAJA CHICA;;
SGP03005;CAJA CHICA - CREMOR TARTARO BADIA X 907.2;CAJA CHICA;;
SGP02953;CAJA CHICA - CUCHARA PARA SOPA X 50 UND;CAJA CHICA;;
SGP02710;CAJA CHICA - CULANTRO;CAJA CHICA;;
SGP03264;CAJA CHICA - CULANTRO CRESPO;CAJA CHICA;;
SGP02849;CAJA CHICA - DURAZNO EN ALMIBAR ACONCAGUA 822 GR;CAJA CHICA;;
SGP03589;CAJA CHICA - EDULCORANTE X 50 UND;CAJA CHICA;;
SGP02789;CAJA CHICA - ENVASE DESCARTABLE RECTANGULAR C/TAPA 32 OZ 100;CAJA CHICA;;
SGP03289;CAJA CHICA - ENVASE PLASTICO REDONDO C/TAPA 250 CC;CAJA CHICA;;
SGP02957;CAJA CHICA - ENVASES DESCARTABLES C/ TAPA 25 UND;CAJA CHICA;;
SGP03052;CAJA CHICA - ESCOBILLA PARA ROPA;CAJA CHICA;;
SGP04085;CAJA CHICA - ESPINACA;CAJA CHICA;;
SGP02881;CAJA CHICA - ESPONJA DE METAL;CAJA CHICA;;
SGP03055;CAJA CHICA - FIDEO CANUTO NICOLINI X 250 GR;CAJA CHICA;;
SGP03542;CAJA CHICA - FIDEO PARA SOPA X 250 GR;CAJA CHICA;;
SGP03058;CAJA CHICA - FIDEO RIGATONI NICOLINI 250 GR;CAJA CHICA;;
SGP03059;CAJA CHICA - FIDEO SPAGHETI NICOLINI X 10 KG;CAJA CHICA;;
SGP02703;CAJA CHICA - FIDEO SPAGUETTY ALIANZA X KG;CAJA CHICA;;
SGP03286;CAJA CHICA - FILM PLASTICO 18 X 5000;CAJA CHICA;;
SGP03457;CAJA CHICA - FINAS HIERBAS;CAJA CHICA;;
SGP03421;CAJA CHICA - FRANELA 50 X 60;CAJA CHICA;;
SGP03139;CAJA CHICA - FRESA;CAJA CHICA;;
SGP03746;CAJA CHICA - FRUGOS CASERO NARANJA X LT;CAJA CHICA;;
SGP04112;CAJA CHICA - GALLETA CHOCOSODA;CAJA CHICA;;
SGP02776;CAJA CHICA - GALLETA DE VAINILLA;CAJA CHICA;;
SGP02794;CAJA CHICA - GALLETA DULCE VAINILLA FIELD 37 GR;CAJA CHICA;;
SGP03378;CAJA CHICA - GALLETA INTEGRAL C/SALVADO;CAJA CHICA;;
SGP03326;CAJA CHICA - GALLETA INTEGRAL INTEGRACKERS MIEL;CAJA CHICA;;
SGP03826;CAJA CHICA - GALLETA RELLENA COCO X 24 GR X 6 UND;CAJA CHICA;;
SGP03828;CAJA CHICA - GALLETA SODA V VICTORIA X 34 GR X 6 UND;CAJA CHICA;;
SGP03070;CAJA CHICA - GALLETA TENTACION;CAJA CHICA;;
SGP02883;CAJA CHICA - GASEOSA COCA COLA 500 ML;CAJA CHICA;;
SGP03781;CAJA CHICA - GASEOSA FANTA X 500 ML;CAJA CHICA;;
SGP02885;CAJA CHICA - GASEOSA INCA KOLA 500 ML;CAJA CHICA;;
SGP03071;CAJA CHICA - GELATINA A GRANEL;CAJA CHICA;;
SGP02824;CAJA CHICA - HARINA ESPECIAL LUCIANO GRANEL;CAJA CHICA;;
SGP01982;CAJA CHICA - HIERBA LUISA;CAJA CHICA;;
SGP03712;CAJA CHICA - HISOPO CON BASE;CAJA CHICA;;
SGP02863;CAJA CHICA - HISOPO PARA BAÑO;CAJA CHICA;;
SGP03117;CAJA CHICA - HUEVO DE CODORNIZ;CAJA CHICA;;
SGP03104;CAJA CHICA - HUEVO ROSADO;CAJA CHICA;;
SGP02796;CAJA CHICA - INFUSION ANIS HERBI 100 SOBRES;CAJA CHICA;;
SGP03170;CAJA CHICA - INFUSION MANZANILLA X 100 UND;CAJA CHICA;;
SGP03915;CAJA CHICA - JABON ANTIBACTERIAL PROTEX 75 GR;CAJA CHICA;;
SGP03479;CAJA CHICA - JABON DE TOCADOR 90 GR;CAJA CHICA;;
SGP03484;CAJA CHICA - JABON PARA ROPA 260 GR;CAJA CHICA;;
SGP02753;CAJA CHICA - JARABE CHUNCHO DE GOMA 750 ML;CAJA CHICA;;
SGP03736;CAJA CHICA - JUEGO DE CUBIERTOS DESCARTABLES BELLAMESA;CAJA CHICA;;
SGP03506;CAJA CHICA - JUGO DE DURAZNO GLORIA 1 LT;CAJA CHICA;;
SGP03550;CAJA CHICA - JUGO DE MANGO X 200 ML;CAJA CHICA;;
SGP03507;CAJA CHICA - JUGO DE NARANJA GLORIA 1 LT;CAJA CHICA;;
SGP03477;CAJA CHICA - JUGO DE PIÑA GLORIA 1 LT;CAJA CHICA;;
SGP03933;CAJA CHICA - KEKE BIMBOLETE;CAJA CHICA;;
SGP03738;CAJA CHICA - KEKE MARMOLEADO BIMBO X 400 GR;CAJA CHICA;;
SGP03440;CAJA CHICA - LECHE CONDENSADA LATA 397 ML;CAJA CHICA;;
SGP01937;CAJA CHICA - LECHE EN POLVO;CAJA CHICA;;
SGP02706;CAJA CHICA - LECHE EN TARRO LIGHT GLORIA 400 GR;CAJA CHICA;;
SGP03077;CAJA CHICA - LECHE EVAPORADA LAIVE FAMILIA 500 ML;CAJA CHICA;;
SGP03621;CAJA CHICA - LECHE GLORIA X 410 ML;CAJA CHICA;;
SGP04044;CAJA CHICA - LECHE IDEAL AMANECER SIX PACK;CAJA CHICA;;
SGP02000;CAJA CHICA - LECHE SIN LACTOSA LAIVE 480 G;CAJA CHICA;;
SGP03237;CAJA CHICA - LECHE UHT LIGHT GLORIA LT;CAJA CHICA;;
SGP02725;CAJA CHICA - LECHUGA AMERICANA;CAJA CHICA;;
SGP03751;CAJA CHICA - LECHUGA ORGANICA;CAJA CHICA;;
SGP04150;CAJA CHICA - LEJIA SAPOLIO 1LT;CAJA CHICA;;
SGP03727;CAJA CHICA - LEJIA SAPOLIO X 2 KG;CAJA CHICA;;
SGP02729;CAJA CHICA - LENTEJA;CAJA CHICA;;
SGP03423;CAJA CHICA - LIMON VERDE;CAJA CHICA;;
SGP02711;CAJA CHICA - LIMON VERDE EXTRA;CAJA CHICA;;
SGP02851;CAJA CHICA - LIMPIA VIDRIO INDUSTRIAL 4LT;CAJA CHICA;;
SGP02887;CAJA CHICA - MAICENA GRANEL KG;CAJA CHICA;;
SGP03428;CAJA CHICA - MANDARINA CON PEPA;CAJA CHICA;;
SGP03241;CAJA CHICA - MANJAR DE MESA 250 GR;CAJA CHICA;;
SGP03721;CAJA CHICA - MANTEQUILLA CON SAL GLORIA 10 GR;CAJA CHICA;;
SGP03520;CAJA CHICA - MANZANA DELICIA;CAJA CHICA;;
SGP02888;CAJA CHICA - MANZANA ROYAL;CAJA CHICA;;
SGP04007;CAJA CHICA - MASA HOJALDRE X KG;CAJA CHICA;;
SGP03082;CAJA CHICA - MAYONESA ALACENA X 1000 CC;CAJA CHICA;;
SGP03841;CAJA CHICA - MINI CHIN CHIN X 32 UND;CAJA CHICA;;
SGP03492;CAJA CHICA - MONDADIENTES 200 UND;CAJA CHICA;;
SGP02975;CAJA CHICA - NUEZ MOSCADA MOLIDA BADIA 2 OZ;CAJA CHICA;;
SGP03521;CAJA CHICA - OLLUCO ENTERO REFRIGERADO;CAJA CHICA;;
SGP04014;CAJA CHICA - OLLUCO X KG;CAJA CHICA;;
SGP02039;CAJA CHICA - PALTA;CAJA CHICA;;
SGP03743;CAJA CHICA - PAN A GRANEL X KG;CAJA CHICA;;
SGP03611;CAJA CHICA - PAN BIMBO BLANCO X 650 GR;CAJA CHICA;;
SGP03612;CAJA CHICA - PAN BIMBO INTEGRAL 100% PREB-MED X 480 GR;CAJA CHICA;;
SGP03171;CAJA CHICA - PAN BLANCO GRANDE X 650 GR;CAJA CHICA;;
SGP03180;CAJA CHICA - PAN BLANCO MEDIANO X 480 GR;CAJA CHICA;;
SGP03647;CAJA CHICA - PANES VARIOS;CAJA CHICA;;
SGP04016;CAJA CHICA - PAPA BLANCA X KG;CAJA CHICA;;
SGP03193;CAJA CHICA - PAPA CANCHAN;CAJA CHICA;;
SGP03845;CAJA CHICA - PAPA LAYS POLLO A LA BRASA X 16 GR;CAJA CHICA;;
SGP02714;CAJA CHICA - PAPAYA;CAJA CHICA;;
SGP03088;CAJA CHICA - PAPEL HIGIENICO SCOTT;CAJA CHICA;;
SGP03340;CAJA CHICA - PAPEL MANTECA RESMA 450 UND;CAJA CHICA;;
SGP02809;CAJA CHICA - PAPEL TERMICO MONOGLUCIDO UND;CAJA CHICA;;
SGP02862;CAJA CHICA - PAPEL TOALLA AIRFLEX SCOTT 2P 24 X 150UND;CAJA CHICA;;
SGP03480;CAJA CHICA - PAPEL TOALLA NATURAL JUMBO SCOTT 200 MT;CAJA CHICA;;
SGP02856;CAJA CHICA - PAPEL TOALLA PRE CORTADO SCOTT COCINA 3 ROLLO;CAJA CHICA;;
SGP02858;CAJA CHICA - PASTILLAS DESODORANTE PARA BAÑO DE COLOR LEONOS;CAJA CHICA;;
SGP03737;CAJA CHICA - PATO TANQUE SAPOLIO;CAJA CHICA;;
SGP02726;CAJA CHICA - PEPINILLO;CAJA CHICA;;
SGP03720;CAJA CHICA - PIMENTON ROJO;CAJA CHICA;;
SGP03592;CAJA CHICA - PIMIENTA SACHET SODEXO 10 GR;CAJA CHICA;;
SGP03381;CAJA CHICA - PIQUEO SNACK 53 GR FRITO LAY;CAJA CHICA;;
SGP01934;CAJA CHICA - PIROTINES N° 8 PARA CUP CAKE X100 UND;CAJA CHICA;;
SGP02715;CAJA CHICA - PIÑA SELVA;CAJA CHICA;;
SGP03091;CAJA CHICA - PLASTI FILM;CAJA CHICA;;
SGP02984;CAJA CHICA - POLVO DE HORNEAR FLEISCHMAN 20 GR;CAJA CHICA;;
SGP03189;CAJA CHICA - POP CORN A GRANEL - MAIZ PERLITA;CAJA CHICA;;
SGP02927;CAJA CHICA - POP CORN NATURAL MICROONDAS;CAJA CHICA;;
SGP02716;CAJA CHICA - PORO;CAJA CHICA;;
SGP03639;CAJA CHICA - PORO FITZ;CAJA CHICA;;
SGP02985;CAJA CHICA - PULVERIZADOR PLASTICO 750 ML;CAJA CHICA;;
SGP04020;CAJA CHICA - QUESO CREAM CHEESE DELICE CAJA 227 GR;CAJA CHICA;;
SGP03215;CAJA CHICA - QUESO EDAM HUACARIZ KG;CAJA CHICA;;
SGP03474;CAJA CHICA - QUESO EDAM REFRIGERADO;CAJA CHICA;;
SGP03635;CAJA CHICA - QUESO FRESCO;CAJA CHICA;;
SGP03741;CAJA CHICA - QUESO PARIA BONLE X KG;CAJA CHICA;;
SGP03748;CAJA CHICA - QUESO PARMESANO LAIVE X KG;CAJA CHICA;;
SGP03094;CAJA CHICA - QUINUA X 5KG;CAJA CHICA;;
SGP04021;CAJA CHICA - RABANITO X KG;CAJA CHICA;;
SGP02896;CAJA CHICA - REPUESTO DE PULVERIZADOR (GATILLO);CAJA CHICA;;
SGP02717;CAJA CHICA - ROCOTO;CAJA CHICA;;
SGP03128;CAJA CHICA - ROSCA CON OREGANO;CAJA CHICA;;
SGP03095;CAJA CHICA - SEMOLA SAYON KG;CAJA CHICA;;
SGP03735;CAJA CHICA - SERVILLETAS DOBLADAS X 50 UND;CAJA CHICA;;
SGP03717;CAJA CHICA - SILICONA CRISTAL 3.8 LT;CAJA CHICA;;
SGP03634;CAJA CHICA - TOMATE;CAJA CHICA;;
SGP02990;CAJA CHICA - TRAPEADOR C/BASE PLASTICO DARITZ;CAJA CHICA;;
SGP04086;CAJA CHICA - VAINITA FRESCA;CAJA CHICA;;
SGP03970;CAJA CHICA - YOGURT GLORIA X 500 ML;CAJA CHICA;;
SGP03211;CAJA CHICA - ZANAHORIA BB;CAJA CHICA;;
SGP02727;CAJA CHICA - ZAPALLO MACRE;CAJA CHICA;;
SGP03653;CAJA CHICA -PLATANO DE SEDA;CAJA CHICA;;
SGP02697;JABA PLASTICA COSECHERA AZUL;COCINA;JABAS;
SGP01239;ALPACA ENTERA TROZADA CONGELADA;CONGELADOS;CARNES;ANIMALES MENORES
SGP01691;ALPACA ENTERA TROZADA CONGELADA (LA GRANJA);CONGELADOS;CARNES;ANIMALES MENORES
SGP01695;CABRITO DESHUESADO CONGELADO - KGM;CONGELADOS;CARNES;ANIMALES MENORES
SGP01694;CORDERO DESHUESADO CONGELADO - KGM;CONGELADOS;CARNES;ANIMALES MENORES
SGP01689;CORDERO ENTERO TROZADO 200-250 GRMS CONGELADO;CONGELADOS;CARNES;ANIMALES MENORES
SGP01226;CORDERO ENTERO TROZADO CONGELADO;CONGELADOS;CARNES;ANIMALES MENORES
SGP02429;CUY ENTERO CONGELADO;CONGELADOS;CARNES;ANIMALES MENORES
SGP01231;CUY SIN PATAS Y SIN CABEZA CONGELADO;CONGELADOS;CARNES;ANIMALES MENORES
SGP01228;PATO ENTERO SIN EXTREMIDADES CONGELADO;CONGELADOS;CARNES;ANIMALES MENORES
SGP01219;PIERNA DE CORDERO CONGELADO;CONGELADOS;CARNES;ANIMALES MENORES
SGP01227;BONDIOLA DE CERDO CONGELADO;CONGELADOS;CARNES;CERDO
SGP01234;BRAZUELO DE CERDO SIN PIEL Y SIN HUESO CONGELADO;CONGELADOS;CARNES;CERDO
SGP01240;CHULETA DE CERDO TROZADO 120 GR CONGELADO;CONGELADOS;CARNES;CERDO
SGP01705;CHULETA DE CERDO TROZADO 120 GR CONGELADO (I);CONGELADOS;CARNES;CERDO
SGP01698;CHULETA DE CERDO TROZADO 120 GR CONGELADO - REDONDOS;CONGELADOS;CARNES;CERDO
SGP01209;CHULETA DE CERDO TROZADO 150 GR CONGELADO;CONGELADOS;CARNES;CERDO
SGP01706;CHULETA DE CERDO TROZADO 150 GR CONGELADO (I);CONGELADOS;CARNES;CERDO
SGP01699;CHULETA DE CERDO TROZADO 150 GR CONGELADO - REDONDOS;CONGELADOS;CARNES;CERDO
SGP01714;CHULETA DE CERDO TROZADO 155-165 GR CONGELADO;CONGELADOS;CARNES;CERDO
SGP01718;CHULETA DE CERDO TROZADO 200 GR CONGELADO;CONGELADOS;CARNES;CERDO
SGP01700;CHULETA DE CERDO TROZADO 200 GR CONGELADO - REDONDOS;CONGELADOS;CARNES;CERDO
SGP01716;LECHON ENTERO CONGELADO (PESO DE 7 A 9 KG.);CONGELADOS;CARNES;CERDO
SGP01707;MANITAS DE CERDO (IMPORTACION);CONGELADOS;CARNES;CERDO
SGP01717;PANCETA CON HUESO Y CON PIEL TIRAS CONGELADO;CONGELADOS;CARNES;CERDO
SGP01697;PANCETA CON HUESO Y CON PIEL TIRAS CONGELADO (N);CONGELADOS;CARNES;CERDO
SGP01713;PANCETA CON HUESO Y SIN PIEL TIRAS CONGELADO;CONGELADOS;CARNES;CERDO
SGP01720;PANCETA CON HUESO Y SIN PIEL TIRAS CONGELADO (N);CONGELADOS;CARNES;CERDO
SGP01704;PATAS DE CERDO (IMPORTACION);CONGELADOS;CARNES;CERDO
SGP01222;PATITA DE CERDO CONGELADO;CONGELADOS;CARNES;CERDO
SGP01218;PIERNA DE CERDO SIN PIEL Y SIN HUESO CONGELADO;CONGELADOS;CARNES;CERDO
SGP01696;PIERNA DE CERDO SIN PIEL Y SIN HUESO CONGELADO (IMPORTACION);CONGELADOS;CARNES;CERDO
SGP01719;PIERNA DE CERDO SIN PIEL Y SIN HUESO CONGELADO (N);CONGELADOS;CARNES;CERDO
SGP01715;PIERNA DE CERDO SIN PIEL Y SIN HUESO CONGELADO - FOOD MARKETS;CONGELADOS;CARNES;CERDO
SGP01225;GALLINA ENTERA CON MENUDENCIA CONGELADO;CONGELADOS;CARNES;GALLINA
SGP01721;GALLINA ENTERA CON MENUDENCIA CONGELADO IMPORT;CONGELADOS;CARNES;GALLINA
SGP01723;GALLINA ENTERA SIN MENUDENCIA CONGELADO;CONGELADOS;CARNES;GALLINA
SGP01722;GALLINA ENTERA SIN MENUDENCIA CONGELADO - GRANEL;CONGELADOS;CARNES;GALLINA
SGP01212;GALLINA ENTERA SIN MENUDENCIA CONGELADO - IMPORTADO;CONGELADOS;CARNES;GALLINA
SGP02090;HUEVO LIQUIDO CONGELADO 2 KG;CONGELADOS;CARNES;GALLINA
SGP01241;MIXTURA DE MARISCOS CONGELADO;CONGELADOS;CARNES;MARISCOS
SGP01725;MIXTURA DE MARISCOS ECONOMICA;CONGELADOS;CARNES;MARISCOS
SGP01807;CHANFAINITA CONGELADO;CONGELADOS;CARNES;MENUDENCIAS
SGP01210;CORAZON DE RES CONGELADO;CONGELADOS;CARNES;MENUDENCIAS
SGP01835;CORAZON DE RES CONGELADO ZEDINA;CONGELADOS;CARNES;MENUDENCIAS
SGP01215;HIGADO DE RES CONGELADO;CONGELADOS;CARNES;MENUDENCIAS
SGP02433;MOLLEJA DE POLLO CONGELADO;CONGELADOS;CARNES;MENUDENCIAS
SGP01216;MONDONGO CONGELADO;CONGELADOS;CARNES;MENUDENCIAS
SGP01229;PATA DE RES CONGELADO;CONGELADOS;CARNES;MENUDENCIAS
SGP01224;PAVO ENTERO CON MENUDENCIA CONGELADO;CONGELADOS;CARNES;PAVO
SGP01734;PAVO ENTERO CON MENUDENCIA CONGELADO 10 KG (N);CONGELADOS;CARNES;PAVO
SGP01217;PECHUGA DE PAVO CON HUESO CONGELADO;CONGELADOS;CARNES;PAVO
SGP01736;PECHUGA DE PAVO CON HUESO Y CON PIEL CONGELADO;CONGELADOS;CARNES;PAVO
SGP01732;PECHUGA DE PAVO DESHUESADA;CONGELADOS;CARNES;PAVO
SGP01733;PECHUGA DE PAVO DESHUESADA (BL);CONGELADOS;CARNES;PAVO
SGP01735;PECHUGA DE PAVO DESHUESADA (BLOQUE * 10);CONGELADOS;CARNES;PAVO
SGP01729;PECHUGA DE PAVO SAN FERNANDO;CONGELADOS;CARNES;PAVO
SGP01737;PECHUGA DE PAVO SIN HUESO CON PIEL CONGELADO;CONGELADOS;CARNES;PAVO
SGP01728;PIERNA DE PAVO DESHUESADA SIN PIEL CONGELADA;CONGELADOS;CARNES;PAVO
SGP01246;BONITO FILETE CON PIEL CONGELADO - KGM;CONGELADOS;CARNES;PESCADOS
SGP01748;BOTONES DE POTA CONGELADO;CONGELADOS;CARNES;PESCADOS
SGP01740;CABALLA FILETE CON PIEL CONGELADO;CONGELADOS;CARNES;PESCADOS
SGP01747;JUREL FILETE CON PIEL CONGELADO;CONGELADOS;CARNES;PESCADOS
SGP01244;PERICO FILETE CON PIEL CONGELADO;CONGELADOS;CARNES;PESCADOS
SGP01245;PERICO FILETE SIN PIEL CONGELADO- KGM;CONGELADOS;CARNES;PESCADOS
SGP01247;REYNETA FILETE SIN PIEL CONGELADO;CONGELADOS;CARNES;PESCADOS
SGP01741;TILAPIA FILETE SIN PIEL 5/7 RANGO 140 - 200 GR CONGELADO;CONGELADOS;CARNES;PESCADOS
SGP01745;TILAPIA FILETE SIN PIEL 5/7 RANGO 140 - 200 GR GRANEL CONGELADO;CONGELADOS;CARNES;PESCADOS
SGP01744;TROZOS DE MERLUZA EMPANIZADOS (FISH FINGERS);CONGELADOS;CARNES;PESCADOS
SGP01738;TROZOS DE PERICO SIN PIEL 30 - 90 GR CONGELADO;CONGELADOS;CARNES;PESCADOS
SGP01746;TRUCHA ENTERA EVISCERADA CONGELADA 100 - 400 GR;CONGELADOS;CARNES;PESCADOS
SGP01243;TRUCHA ENTERA EVISCERADA CONGELADO GRANEL 100 - 400 GR;CONGELADOS;CARNES;PESCADOS
SGP01742;TRUCHA SIN CABEZA EVISCERADA CONGELADA 100 - 500 GR;CONGELADOS;CARNES;PESCADOS
SGP02431;ALAS DE POLLO CONGELADO;CONGELADOS;CARNES;POLLO
SGP01237;FILETE DE PIERNA DE POLLO C/ PIEL CONGELADO 130-230 GR;CONGELADOS;CARNES;POLLO
SGP01763;FILETE DE PIERNA DE POLLO S/H S/P CONGELADO (IMPORTACION);CONGELADOS;CARNES;POLLO
SGP01223;PECHUGA DE POLLO C/HUESO Y PIEL CONGELADO;CONGELADOS;CARNES;POLLO
SGP01764;PECHUGA DE POLLO EN TROZOS S/H S/P - IMPORTACION;CONGELADOS;CARNES;POLLO
SGP01778;PECHUGA DE POLLO S/HUESO S/PIEL;CONGELADOS;CARNES;POLLO
SGP01758;PECHUGA DE POLLO S/HUESO S/PIEL 100 -120 GR CONGELADO - KGM;CONGELADOS;CARNES;POLLO
SGP01759;PECHUGA DE POLLO S/HUESO S/PIEL 120-140 GR CONGELADO - KGM;CONGELADOS;CARNES;POLLO
SGP01755;PECHUGA DE POLLO S/HUESO S/PIEL CONGELADO - IMPORTACION;CONGELADOS;CARNES;POLLO
SGP01774;PECHUGA DE POLLO S/HUESO S/PIEL CONGELADO - KGM;CONGELADOS;CARNES;POLLO
SGP01220;PIERNA DE POLLO CON ENCUENTRO CONGELADO;CONGELADOS;CARNES;POLLO
SGP01787;PIERNA DE POLLO CON ENCUENTRO CONGELADO (BLOQUE * 10);CONGELADOS;CARNES;POLLO
SGP01757;PIERNA DE POLLO CON ENCUENTRO CONGELADO (BLOQUE 18 KG) IMPORT;CONGELADOS;CARNES;POLLO
SGP01785;PIERNA DE POLLO CON ENCUENTRO CONGELADO (BLOQUE);CONGELADOS;CARNES;POLLO
SGP01756;PIERNA DE POLLO CON ENCUENTRO CONGELADO (BLOQUE) IMPORT;CONGELADOS;CARNES;POLLO
SGP01786;PIERNA DE POLLO CON ENCUENTRO CONGELADO (BOLSA);CONGELADOS;CARNES;POLLO
SGP01766;PIERNA DE POLLO CON ENCUENTRO CONGELADO (BOLSA) IMPORT;CONGELADOS;CARNES;POLLO
SGP01754;PIERNA DE POLLO CON ENCUENTRO CONGELADO (IMPORTACION BOLSA 3X5);CONGELADOS;CARNES;POLLO
SGP01753;PIERNA DE POLLO CONGELADO - BOTELLITAS (BLOQUE);CONGELADOS;CARNES;POLLO
SGP01781;POLLO MARINADO PARA BRASA RANGO 1.2KG CONGELADO;CONGELADOS;CARNES;POLLO
SGP01762;POLLO SIN MENUDENCIA CONGELADO 1.1 - 1.4 KG - PERDIX;CONGELADOS;CARNES;POLLO
SGP01760;POLLO SIN MENUDENCIA CONGELADO 1.1 - 1.4 KG - TRES ARROYOS;CONGELADOS;CARNES;POLLO
SGP01752;POLLO SIN MENUDENCIA CONGELADO RANGO 1.1 -1.4 KGS;CONGELADOS;CARNES;POLLO
SGP01776;POLLO SIN MENUDENCIA CONGELADO RANGO 1.25 KG;CONGELADOS;CARNES;POLLO
SGP01779;POLLO SIN MENUDENCIA CONGELADO RANGO 1.38KG;CONGELADOS;CARNES;POLLO
SGP01221;POLLO SIN MENUDENCIA CONGELADO RANGO 1.428 - 1.611 KG (SAN FERNANDO);CONGELADOS;CARNES;POLLO
SGP01773;POLLO SIN MENUDENCIA CONGELADO RANGO 1.4KG;CONGELADOS;CARNES;POLLO
SGP01775;POLLO SIN MENUDENCIA CONGELADO RANGO 1.52 KG;CONGELADOS;CARNES;POLLO
SGP01777;POLLO SIN MENUDENCIA CONGELADO RANGO 1.68 KG;CONGELADOS;CARNES;POLLO
SGP01772;POLLO SIN MENUDENCIA CONGELADO RANGO 1.7 A 1.9 KG;CONGELADOS;CARNES;POLLO
SGP01761;POLLO SIN MENUDENCIA CONGELADO RANGO 1.7 A 1.9KG - LAS CAMELIAS;CONGELADOS;CARNES;POLLO
SGP01230;POLLO SIN MENUDENCIA CONGELADO RANGO 1.75 A 1.85 KG;CONGELADOS;CARNES;POLLO
SGP01768;POLLO SIN MENUDENCIA CONGELADO RANGO 1.8 KG;CONGELADOS;CARNES;POLLO
SGP01771;POLLO SIN MENUDENCIA CONGELADO RANGO 1.8 KG - 2 KG;CONGELADOS;CARNES;POLLO
SGP01233;POLLO SIN MENUDENCIA CONGELADO RANGO 2 KG;CONGELADOS;CARNES;POLLO
SGP01750;POLLO SIN MENUDENCIA TROZADO EN 8 CONGELADO RANGO 1.6 KG;CONGELADOS;CARNES;POLLO
SGP01208;CARNE MOLIDA CONGELADA;CONGELADOS;CARNES;RES
SGP01833;CARNE MOLIDA CONGELADA ( DON GOYO);CONGELADOS;CARNES;RES
SGP01793;CARNE MOLIDA CONGELADA (MAFROX);CONGELADOS;CARNES;RES
SGP01214;HAMBURGUESA DE RES CONGELADO;CONGELADOS;CARNES;RES
SGP01831;LOMO FINO SIN CORDON CONGELADO;CONGELADOS;CARNES;RES
SGP01803;LOMO FINO SIN CORDON CONGELADO BRASILERO;CONGELADOS;CARNES;RES
SGP01810;RES - ASADO;CONGELADOS;CARNES;RES
SGP01795;RES - ASADO (OXAPAMPA);CONGELADOS;CARNES;RES
SGP01824;RES - ASADO PL CONGELADO - KGM;CONGELADOS;CARNES;RES
SGP01808;RES - BISTECK;CONGELADOS;CARNES;RES
SGP01790;RES - BISTECK (DON GOYO);CONGELADOS;CARNES;RES
SGP01796;RES - BISTECK (OXAPAMPA);CONGELADOS;CARNES;RES
SGP01822;RES - BISTECK PL CONGELADO - KGM;CONGELADOS;CARNES;RES
SGP01832;RES - GUISO CONGELADO;CONGELADOS;CARNES;RES
SGP01791;RES - GUISO CONGELADO (DON GOYO);CONGELADOS;CARNES;RES
SGP01811;RES - GUISO EN CUBOS;CONGELADOS;CARNES;RES
SGP01820;RES - GUISO EN CUBOS PL CONGELADO - KGM;CONGELADOS;CARNES;RES
SGP01812;RES - GUISOS PICANTES;CONGELADOS;CARNES;RES
SGP01813;RES - MALAYA;CONGELADOS;CARNES;RES
SGP01818;RES - MALAYA (DON GOYO);CONGELADOS;CARNES;RES
SGP01815;RES - SOPAS C/HUESO;CONGELADOS;CARNES;RES
SGP01814;RES - SOPAS S/HUESO;CONGELADOS;CARNES;RES
SGP01792;RES - SOPAS S/HUESO (DON GOYO);CONGELADOS;CARNES;RES
SGP01799;RES - SOPAS S/HUESO (OXAPAMPA);CONGELADOS;CARNES;RES
SGP01821;RES - SOPAS S/HUESO PL CONGELADO - KGM;CONGELADOS;CARNES;RES
SGP01842;CHICHARRON DE PRENSA CONGELADO 500 GR;CONGELADOS;EMBUTIDOS;CERDO
SGP00796;CHICHARRON DE PRENSA CONGELADO KG;CONGELADOS;EMBUTIDOS;CERDO
SGP01838;CHORIZO PARRILLERO CONGELADO KG (C);CONGELADOS;EMBUTIDOS;CERDO
SGP01852;CHORIZO PARRILLERO CONGELADO KG - BRAEDT;CONGELADOS;EMBUTIDOS;CERDO
SGP01841;CHORIZO PARRILLERO SEGOVIANA CONGELADO KG;CONGELADOS;EMBUTIDOS;CERDO
SGP01849;HOT DOG CONGELADO KG;CONGELADOS;EMBUTIDOS;CERDO
SGP01853;HOT DOG CONGELADO KG - BRAEDT;CONGELADOS;EMBUTIDOS;CERDO
SGP02236;JAMON DEL PAIS CONGELADO 500 GR;CONGELADOS;EMBUTIDOS;CERDO
SGP00798;JAMON DEL PAIS CONGELADO KG;CONGELADOS;EMBUTIDOS;CERDO
SGP00790;JAMON INGLES CONGELADO KG;CONGELADOS;EMBUTIDOS;CERDO
SGP01844;JAMON PARA CAFETIN CONGELADO KG;CONGELADOS;EMBUTIDOS;CERDO
SGP00793;JAMONADA PARA CAFETIN CONGELADO 500 GR;CONGELADOS;EMBUTIDOS;CERDO
SGP01845;JAMONADA PARA CAFETIN CONGELADO KG;CONGELADOS;EMBUTIDOS;CERDO
SGP02049;JAMONADA PASTEL DE VERDURAS CONGELADO KG;CONGELADOS;EMBUTIDOS;CERDO
SGP00794;MORTADELA PARA CAFETIN CONGELADO 500 GR;CONGELADOS;EMBUTIDOS;CERDO
SGP01848;MORTADELA PARA CAFETIN CONGELADO KG;CONGELADOS;EMBUTIDOS;CERDO
SGP00799;SALCHICHA HUACHO CONGELADO KG;CONGELADOS;EMBUTIDOS;CERDO
SGP00797;TOCINO AHUMADO CONGELADO KG;CONGELADOS;EMBUTIDOS;CERDO
SGP00792;JAMONADA DE POLLO CONGELADO KG;CONGELADOS;EMBUTIDOS;POLLO
SGP01868;PULPA DE ARANDANO CONGELADO;CONGELADOS;FRUTAS Y VERDURAS;PULPAS
SGP01869;PULPA DE FRESA - FIFU;CONGELADOS;FRUTAS Y VERDURAS;PULPAS
SGP00579;PULPA DE FRESA CONGELADO;CONGELADOS;FRUTAS Y VERDURAS;PULPAS
SGP00580;PULPA DE MANGO CONGELADO;CONGELADOS;FRUTAS Y VERDURAS;PULPAS
SGP00582;PULPA DE MARACUYA CONGELADO;CONGELADOS;FRUTAS Y VERDURAS;PULPAS
SGP01207;PULPA DE MELON CONGELADO;CONGELADOS;FRUTAS Y VERDURAS;PULPAS
SGP01859;PULPA DE PALTA CONGELADO;CONGELADOS;FRUTAS Y VERDURAS;PULPAS
SGP01870;PULPA DE PAPAYA - FIFU;CONGELADOS;FRUTAS Y VERDURAS;PULPAS
SGP00584;PULPA DE PAPAYA CONGELADO;CONGELADOS;FRUTAS Y VERDURAS;PULPAS
SGP00581;PULPA DE PIÑA CONGELADO;CONGELADOS;FRUTAS Y VERDURAS;PULPAS
SGP01194;ARVEJA GRANO PELADA CONGELADO;CONGELADOS;FRUTAS Y VERDURAS;VERDURAS PRE ELABORADAS
SGP01195;BETERRAGA EN CUBOS CONGELADO;CONGELADOS;FRUTAS Y VERDURAS;VERDURAS PRE ELABORADAS
SGP01865;BROCOLI PRE COCIDO 20/40 CONGELADO;CONGELADOS;FRUTAS Y VERDURAS;VERDURAS PRE ELABORADAS
SGP01196;BROCOLI PRE COCIDO 30/60 CONGELADO;CONGELADOS;FRUTAS Y VERDURAS;VERDURAS PRE ELABORADAS
SGP01197;CHOCLO DESGRANADO CONGELADO;CONGELADOS;FRUTAS Y VERDURAS;VERDURAS PRE ELABORADAS
SGP01867;CHOCLO DESGRANADO LIBER CONGELADO (G);CONGELADOS;FRUTAS Y VERDURAS;VERDURAS PRE ELABORADAS
SGP01860;COLIFLOR PRE COCIDO CONGELADO;CONGELADOS;FRUTAS Y VERDURAS;VERDURAS PRE ELABORADAS
SGP01198;ESPINACA CONGELADA;CONGELADOS;FRUTAS Y VERDURAS;VERDURAS PRE ELABORADAS
SGP01204;HABAS VERDES PELADAS CONGELADA;CONGELADOS;FRUTAS Y VERDURAS;VERDURAS PRE ELABORADAS
SGP01864;MIX DE SOPA COMPLETO CONGELADO - KGM;CONGELADOS;FRUTAS Y VERDURAS;VERDURAS PRE ELABORADAS
SGP01866;MIX DE SOPA COMPLETO CONGELADO NACIONAL - KGM;CONGELADOS;FRUTAS Y VERDURAS;VERDURAS PRE ELABORADAS
SGP01203;OLLUQUITO PICADO CONGELADO;CONGELADOS;FRUTAS Y VERDURAS;VERDURAS PRE ELABORADAS
SGP01863;PAPA PRE FRITA CONGELADA;CONGELADOS;FRUTAS Y VERDURAS;VERDURAS PRE ELABORADAS
SGP01199;VAINITA EN TROZOS CONGELADA;CONGELADOS;FRUTAS Y VERDURAS;VERDURAS PRE ELABORADAS
SGP01200;YUCA CONGELADA;CONGELADOS;FRUTAS Y VERDURAS;VERDURAS PRE ELABORADAS
SGP01861;YUCA PARA GUARNICION LIBER CONGELADOS;CONGELADOS;FRUTAS Y VERDURAS;VERDURAS PRE ELABORADAS
SGP02071;ZAPALLO MACRE EN CUBO LIBER 1.5 X 1.5 CM CONGELADO;CONGELADOS;FRUTAS Y VERDURAS;VERDURAS PRE ELABORADAS
SGP01862;ZUMO DE LIMON CONGELADO;CONGELADOS;FRUTAS Y VERDURAS;VERDURAS PRE ELABORADAS
SGP01878;HELADO CREMA VAINILLA CHIPS YAMBOLY 5 L (2.56 KG);CONGELADOS;HELADOS;BANDEJAS
SGP01916;HELADO CHOCOVAI CREMA VAINILLA YAMBOLY 65 ML (44 GR);CONGELADOS;HELADOS;INDIVIDUALES
SGP01895;HELADO PALETA PALAZO CHOCOLATE TRENDY 68 CC;CONGELADOS;HELADOS;INDIVIDUALES
SGP01910;HELADO PALETA PALAZZO FRESA 68 CC;CONGELADOS;HELADOS;INDIVIDUALES
SGP01924;HELADO PALETA PRAIA ICE MARACUYA YAMBOLY 74 ML (78 GR);CONGELADOS;HELADOS;INDIVIDUALES
SGP01894;HELADO PALETA TERMINATOR FRESA TRENDY 70 CC;CONGELADOS;HELADOS;INDIVIDUALES
SGP01922;HELADO SANDWICH CREMA VAINILLA LUCUMA YAMBOLY 67 ML (40 GR);CONGELADOS;HELADOS;INDIVIDUALES
SGP01918;HELADO SANDWICH CREMA VAINILLA YAMBOLY 67 ML (40 GR);CONGELADOS;HELADOS;INDIVIDUALES
SGP01925;HELADO YAMBITO CREMA CHOCOLATE YAMBOLY 54 ML (40 GR);CONGELADOS;HELADOS;INDIVIDUALES
SGP00669;QUESO EDAM EN TAJADAS X 500 GR CONGELADO;CONGELADOS;LACTEOS;QUESOS
SGP00795;QUESO MOZARELLA CONGELADO;CONGELADOS;LACTEOS;QUESOS
SGP01928;QUESO MOZARELLA CONGELADO PREMIUM;CONGELADOS;LACTEOS;QUESOS
SGP01968;BOLI YUCAS CON QUESO 20 GR CONGELADO;CONGELADOS;OTROS;
SGP01953;CHURRO MINI SIN RELLENO C/ HUECO 6 CM CONGELADO;CONGELADOS;OTROS;
SGP01951;CHURRO RELLENO MANJAR BLANCO 12 CM CONGELADO;CONGELADOS;OTROS;
SGP01952;CHURRO RELLENO MANJAR CHOCOLATE 12 CM CONGELADO;CONGELADOS;OTROS;
SGP01961;DONUT BERLINA DE CHOCOLATE 90 GRM;CONGELADOS;OTROS;
SGP01946;EMPANADA MIXTA 90 GR;CONGELADOS;OTROS;
SGP01974;ENROLLADO PRIMAVERA 22 GR CONGELADO;CONGELADOS;OTROS;
SGP02673;FIESTRA EMPANADA DE CARNE 90 GR;CONGELADOS;OTROS;
SGP02674;FIESTRA EMPANADA MIXTA 90 GR;CONGELADOS;OTROS;
SGP01969;FINGER DE YUCA CON QUESO 20 GR CONGELADO;CONGELADOS;OTROS;
SGP01958;PAN PRECOCIDO CIABATTA CONGELADO (40 GR);CONGELADOS;OTROS;
SGP01970;PAPA RELLENA CON CARNE 100 GR CONGELADO;CONGELADOS;OTROS;
SGP01971;SIU MAI DE CERDO 20 GR CONGELADO;CONGELADOS;OTROS;
SGP01972;TEQUEÑOS DE LOMITO 20 GR CONGELADO;CONGELADOS;OTROS;
SGP01973;WANTAN ARMADO CON RELLENO SIU MAI CERDO 17 GR CONGELADO;CONGELADOS;OTROS;
SGP01683;PASTA WANTAN CONGELADA;CONGELADOS;OTROS;PASTAS FRESCAS
SGP02564;BOLSA DE PAPEL KRAFT 50GR #4 (12.5X24.2X7.5) 500 UND;DESCARTABLES;BIODEGRADABLES;BOLSAS
SGP02566;BOLSA DE PAPEL KRAFT 50GR #6 (14.8X28X8.5) 500 UND;DESCARTABLES;BIODEGRADABLES;BOLSAS
SGP02569;BOLSA DE PAPEL KRAFT 70GR #20 (20.4X30.2X13) 500 UND;DESCARTABLES;BIODEGRADABLES;BOLSAS
SGP02571;BOLSA PARA CUBIERTO FLAT KRAFT 50GR 28X8CM C/LOGO MILLAR;DESCARTABLES;BIODEGRADABLES;BOLSAS
SGP02596;ENVASE SALAD BOWL DE BAMBU 1000 ML SIN TAPA X 600 UND;DESCARTABLES;BIODEGRADABLES;ENVASES
SGP02407;MONDADIENTES BAMBÚ DOBLE PUNTA BOLSA X 250 UND;DESCARTABLES;OTROS;
SGP02409;MONDADIENTES CANDY 200 UND;DESCARTABLES;OTROS;
SGP02414;MONDADIENTES CON ENVOLTURA X MILLAR;DESCARTABLES;OTROS;
SGP02406;MONDADIENTES PQT X 2500 UND;DESCARTABLES;OTROS;
SGP02413;PALITOS DE BROCHETA 20 CM 100 UND;DESCARTABLES;OTROS;
SGP01687;PALITOS DE BROCHETA 24 CM 100 UND;DESCARTABLES;OTROS;
SGP02415;PALITOS DE BROCHETA 24 CM MILLAR;DESCARTABLES;OTROS;
SGP02408;PIROTINES PARA POSTRE #8 X MILLAR;DESCARTABLES;OTROS;
SGP02615;PORTA VASOS CARTON CON LOGO PARA 2 UND X MILLAR (TIPO BANDEJA);DESCARTABLES;OTROS;
SGP01858;RAFIA ROLLO CONO;DESCARTABLES;OTROS;
SGP01469;BOLSA BLANCA T-SHIRT 16 X 19 100 UNID;DESCARTABLES;PLASTICOS;BOLSAS
SGP02654;BOLSA BLANCA T-SHIRT 16 X 19 EL SOL X 100 UND;DESCARTABLES;PLASTICOS;BOLSAS
SGP02250;BOLSA BLANCA T-SHIRT BIODEG.PARAISO 16 X 19 PAQ 1000 UND;DESCARTABLES;PLASTICOS;BOLSAS
SGP02277;BOLSA BLANCA T-SHIRT CHICA PARAISO 16 X 19 X 2 (PQT 1000 UND);DESCARTABLES;PLASTICOS;BOLSAS
SGP02258;BOLSA BLANCA T-SHIRT PARAISO 16 X 19 PAQ - 1000 UND;DESCARTABLES;PLASTICOS;BOLSAS
SGP02259;BOLSA BLANCA T-SHIRT PARAISO 21 X 24 - 500 UND;DESCARTABLES;PLASTICOS;BOLSAS
SGP02275;BOLSA DE PAPEL KRAFT #4 500 UND;DESCARTABLES;PLASTICOS;BOLSAS
SGP02274;BOLSA DE PAPEL KRAFT #4 C/LOGO SODEXO 500 UND;DESCARTABLES;PLASTICOS;BOLSAS
SGP02254;BOLSA DE PAPEL KRAFT #4 MILLAR;DESCARTABLES;PLASTICOS;BOLSAS
SGP02255;BOLSA DE PAPEL KRAFT #6 MILLAR;DESCARTABLES;PLASTICOS;BOLSAS
SGP02264;BOLSA DE POLIETILENO CRISTAL 26X40X1MC X MILLAR;DESCARTABLES;PLASTICOS;BOLSAS
SGP01685;BOLSA PARA BASURA NEGRA 220 LT UND 1.6 MICRAS;DESCARTABLES;PLASTICOS;BOLSAS
SGP01684;BOLSA PARA BASURA NEGRA C/F 140 LT UND 1.6 MC;DESCARTABLES;PLASTICOS;BOLSAS
SGP02249;BOLSA PARA BASURA PLASTICA AMARILLA 250 LT 100 UND;DESCARTABLES;PLASTICOS;BOLSAS
SGP02256;"BOLSA PARA BASURA PLASTICA AMARILLA 75 LT 2 MC 28"" X 72"" 100 UND";DESCARTABLES;PLASTICOS;BOLSAS
SGP02268;BOLSA PARA BASURA PLASTICA AMARILLO C/F 140 LT 1.4 MC 41´´X 35´´ 100 UND;DESCARTABLES;PLASTICOS;BOLSAS
SGP02246;BOLSA PARA BASURA PLASTICA AZUL 250 LT 100 UND;DESCARTABLES;PLASTICOS;BOLSAS
SGP02269;BOLSA PARA BASURA PLASTICA AZUL C/F 140 LT 1.4 MC 41´´X 35´´ 100 UND;DESCARTABLES;PLASTICOS;BOLSAS
SGP02252;BOLSA PARA BASURA PLASTICA BLANCA 250 LT 100 UND;DESCARTABLES;PLASTICOS;BOLSAS
SGP02270;BOLSA PARA BASURA PLASTICA BLANCA C/F 140 LT 1.4 MC 41´´X 35´´ 100 UND;DESCARTABLES;PLASTICOS;BOLSAS
SGP02248;BOLSA PARA BASURA PLASTICA MARRON 1.8 MC 250 LT 100 UND;DESCARTABLES;PLASTICOS;BOLSAS
SGP02271;BOLSA PARA BASURA PLASTICA MARRON C/F 140 LT 1.4 MC 41´´X 35´´ 100 UND;DESCARTABLES;PLASTICOS;BOLSAS
SGP02272;BOLSA PARA BASURA PLASTICA NEGRA C/F 140 LT 1.4 MC 41´´X 35´´ 100 UND;DESCARTABLES;PLASTICOS;BOLSAS
SGP02265;"BOLSA PARA BASURA PLASTICA NEGRA C/F 35 LT 30"" X 20"" 100 UND 1.2 MC";DESCARTABLES;PLASTICOS;BOLSAS
SGP02245;"BOLSA PARA BASURA PLASTICA ROJA 250 LT 1.8 MC 52"" X 40"" 100 UND";DESCARTABLES;PLASTICOS;BOLSAS
SGP02273;BOLSA PARA BASURA PLASTICA ROJA C/F 140 LT 1.4 MC 41´´X 35´´ 100 UND;DESCARTABLES;PLASTICOS;BOLSAS
SGP02266;"BOLSA PARA BASURA PLASTICA ROJA C/F 35 LT 30"" X 20"" 100 UND 1.2 MC";DESCARTABLES;PLASTICOS;BOLSAS
SGP02247;BOLSA PARA BASURA PLASTICA VERDE 250 LT 100 UND;DESCARTABLES;PLASTICOS;BOLSAS
SGP02244;BOLSA PARA CUBIERTO 4 X 10 PQTE 200 UND;DESCARTABLES;PLASTICOS;BOLSAS
SGP02263;BOLSA PARA CUBIERTO 4 X 10 PQTE 50 UND;DESCARTABLES;PLASTICOS;BOLSAS
SGP02653;BOLSA PARA CUBIERTO 4X10 (8.5CM X 24.10CM) ALFA X 100 UND;DESCARTABLES;PLASTICOS;BOLSAS
SGP02240;BOLSA PARA CUBIERTO 8 X 3 200 UND;DESCARTABLES;PLASTICOS;BOLSAS
SGP01472;BOLSA PARA LAVANDERIA BIODEG.PARAISO 16.5 X 23 MILLAR;DESCARTABLES;PLASTICOS;BOLSAS
SGP02260;BOLSA PARA LAVANDERIA BIODEG.PARAISO 16.5 X 23 PAQ 1000 UND;DESCARTABLES;PLASTICOS;BOLSAS
SGP02279;BOLSA PLANA LAVANDERIA PARAISO 16.5 X 23 X 2 PQT (1000 UND);DESCARTABLES;PLASTICOS;BOLSAS
SGP02243;BOLSA PLASTICA RESELLABLE 50 UNID.;DESCARTABLES;PLASTICOS;BOLSAS
SGP02241;"BOLSA POLIETILENO CRISTAL 26""X40""X1MC X MILLAR";DESCARTABLES;PLASTICOS;BOLSAS
SGP02242;BOLSA POLIETILENO CRISTAL 90X135CM 30ÌM X 100 UND;DESCARTABLES;PLASTICOS;BOLSAS
SGP01471;BOLSA TRANSPARENTE ROLLOMATIC 5 X 10;DESCARTABLES;PLASTICOS;BOLSAS
SGP01470;BOLSA TRANSPARENTE ROLLOMATIC 8 X 12;DESCARTABLES;PLASTICOS;BOLSAS
SGP00402;BOLSAS PAPEL POLIGRASA 50 X 70;DESCARTABLES;PLASTICOS;BOLSAS
SGP01302;PAPEL DE ALUMINIO UTIL 12 X 300 MT;DESCARTABLES;PLASTICOS;BOLSAS
SGP01300;PAPEL MANTECA RESMA PAQ 450 HOJAS;DESCARTABLES;PLASTICOS;BOLSAS
SGP00405;CUCHARA ACRILICO DESCARTABLE 100 UND;DESCARTABLES;PLASTICOS;CUBIERTOS
SGP00407;CUCHARA PARA CAFE BLANCA DE PLASTICO DESCARTABLE 100 UNID;DESCARTABLES;PLASTICOS;CUBIERTOS
SGP02581;CUCHARA PARA CAFE BLANCA DE PLASTICO DESCARTABLE GOLAZO 100 UNID;DESCARTABLES;PLASTICOS;CUBIERTOS
SGP00408;CUCHARA PARA SOPA BLANCA DE PLASTICO DESCARTABLE D841100XX 100 UND;DESCARTABLES;PLASTICOS;CUBIERTOS
SGP02582;CUCHARA PARA SOPA BLANCA DE PLASTICO DESCARTABLE LA EUROPEA 50 UND;DESCARTABLES;PLASTICOS;CUBIERTOS
SGP02283;CUCHARA SOPERA DESCARTABLE EN BOLSA X 50UND;DESCARTABLES;PLASTICOS;CUBIERTOS
SGP00410;CUCHILLO ACRILICO DESCARTABLE 100 UND;DESCARTABLES;PLASTICOS;CUBIERTOS
SGP02285;CUCHILLO ACRILICO DESCARTABLE 50 UND;DESCARTABLES;PLASTICOS;CUBIERTOS
SGP00409;CUCHILLO PARA SEGUNDO BLANCO DE PLASTICO DESCARTABLE 100 UNID;DESCARTABLES;PLASTICOS;CUBIERTOS
SGP00411;TENEDOR ACRILICO DESCARTABLE 100 UND;DESCARTABLES;PLASTICOS;CUBIERTOS
SGP02286;TENEDOR ACRILICO DESCARTABLE 50 UND;DESCARTABLES;PLASTICOS;CUBIERTOS
SGP02280;TENEDOR BLANCO DE PLASTICO DESCARTABLE D81110001 50 UND;DESCARTABLES;PLASTICOS;CUBIERTOS
SGP02293;BOTELLA DESCARTABLE PET HOT FILLING (80°) CON TAPA DE 500 ML X 100 UND;DESCARTABLES;PLASTICOS;ENVASES
SGP02586;ENVASE DESCARTABLE CIRCULAR PP TRANSPARENTE SIN TAPA 0.5 LT ALFA X 200 UND;DESCARTABLES;PLASTICOS;ENVASES
SGP02587;ENVASE DESCARTABLE CIRCULAR PP TRANSPARENTE SIN TAPA 1 LT ALFA X 200 UND;DESCARTABLES;PLASTICOS;ENVASES
SGP02588;ENVASE DESCARTABLE CIRCULAR PP TRANSPARENTE SIN TAPA 8 OZ X 400 UND;DESCARTABLES;PLASTICOS;ENVASES
SGP02589;ENVASE DESCARTABLE CIRCULAR PS BLANCO SIN TAPA 0.5 LT ALFA X 200 UND;DESCARTABLES;PLASTICOS;ENVASES
SGP02590;ENVASE DESCARTABLE CIRCULAR PS BLANCO SIN TAPA 1 LT ALFA X 200 UND;DESCARTABLES;PLASTICOS;ENVASES
SGP02295;ENVASE DESCARTABLE CON TAPA F5 16 OZ 250 UND TRANSPARENTE / NEGRO;DESCARTABLES;PLASTICOS;ENVASES
SGP02294;ENVASE DESCARTABLE CON TAPA F5 32 OZ 200 UND TRANSPARENTE/NEGRO;DESCARTABLES;PLASTICOS;ENVASES
SGP02299;ENVASE DESCARTABLE CON TAPA REDONDO 1000 CC MILLAR;DESCARTABLES;PLASTICOS;ENVASES
SGP02297;ENVASE DESCARTABLE CON TAPA REDONDO 500 CC (1/2 LITRO) MILLAR;DESCARTABLES;PLASTICOS;ENVASES
SGP02298;ENVASE DESCARTABLE CON TAPA REDONDO 8 OZ 500 UND;DESCARTABLES;PLASTICOS;ENVASES
SGP02591;ENVASE DESCARTABLE RECTANGULAR TRANSPARENTE PP SIN TAPA 0.5 LT ALFA X 200 UND;DESCARTABLES;PLASTICOS;ENVASES
SGP02592;ENVASE DESCARTABLE RECTANGULAR TRANSPARENTE PP SIN TAPA 1 LT ALFA X 200 UND;DESCARTABLES;PLASTICOS;ENVASES
SGP02304;ENVASE DESCARTABLE SIN TAPA F5 16 OZ 250 UND TRANSPARENTE/ NEGRO;DESCARTABLES;PLASTICOS;ENVASES
SGP02306;ENVASE DESCARTABLE SIN TAPA F5 32 OZ 200 UND TRANSPARENTE/NEGRO;DESCARTABLES;PLASTICOS;ENVASES
SGP02310;ENVASE DESCARTABLE SIN TAPA REDONDO 500 CC 200UND;DESCARTABLES;PLASTICOS;ENVASES
SGP02311;ENVASE DESCARTABLE SIN TAPA REDONDO 8 OZ 500 UND;DESCARTABLES;PLASTICOS;ENVASES
SGP02305;TAPA ENVASE DESCARTABLE F5 16 OZ 250 UND TRANSPARENTE/ NEGRO;DESCARTABLES;PLASTICOS;ENVASES
SGP02307;TAPA ENVASE DESCARTABLE F5 32 OZ 200 UND TRANSPARENTE/NEGRO;DESCARTABLES;PLASTICOS;ENVASES
SGP02309;TAPA ENVASE DESCARTABLE REDONDO 1000 CC / 500CC 500 UND;DESCARTABLES;PLASTICOS;ENVASES
SGP02312;TAPA ENVASE DESCARTABLE REDONDO 8 OZ 500 UND;DESCARTABLES;PLASTICOS;ENVASES
SGP02624;TAPA PARA ENVASE DESCARTABLE CIRCULAR PP TRANSPARENTE 0.5-1 LT ALFA X 200 UND;DESCARTABLES;PLASTICOS;ENVASES
SGP02625;TAPA PARA ENVASE DESCARTABLE CIRCULAR PP TRANSPARENTE 8 OZ X 400 UND;DESCARTABLES;PLASTICOS;ENVASES
SGP02626;TAPA PARA ENVASE DESCARTABLE CIRCULAR PS BLANCO 0.5 - 1 LT ALFA X 200 UND;DESCARTABLES;PLASTICOS;ENVASES
SGP02627;TAPA PARA ENVASE DESCARTABLE RECTANGULAR TRANSPARENTE PP 0.5 LT ALFA X 200 UND;DESCARTABLES;PLASTICOS;ENVASES
SGP02628;TAPA PARA ENVASE DESCARTABLE RECTANGULAR TRANSPARENTE PP 1 LT ALFA X 200 UND;DESCARTABLES;PLASTICOS;ENVASES
SGP02633;TAPA PET PARA ENVASE SALAD BOWL DE BAMBU 1000 ML X 600 UND;DESCARTABLES;PLASTICOS;ENVASES
SGP02313;"STRECH FILM DE GRADO ALIMENTARIO ROLLO 18"" X 1400 MT";DESCARTABLES;PLASTICOS;OTROS
SGP02556;"STRECH FILM DE GRADO ALIMENTARIO ROLLO 18"" X 1400MT X 9U";DESCARTABLES;PLASTICOS;OTROS
SGP02315;"STRECH FILM NO ALIMENTARIO PARA EMBALAJE TRANSPARENTE ANTALIS ROLLO 20"" 1.5KG";DESCARTABLES;PLASTICOS;OTROS
SGP02314;"STRECH FILM NO ALIMENTARIO PARA EMBALAJE TRANSPARENTE ROLLO 20"" 1.5 KG";DESCARTABLES;PLASTICOS;OTROS
SGP02318;PLATO TENDIDO PARA ENTRADA DESCARTABLE 25 UND;DESCARTABLES;PLASTICOS;PLATOS
SGP02316;PLATO TENDIDO PARA POSTRE DESCARTABLE 25 UND;DESCARTABLES;PLASTICOS;PLATOS
SGP02319;PLATO TENDIDO PARA SEGUNDO DESCARTABLE # 20 MILLAR;DESCARTABLES;PLASTICOS;PLATOS
SGP02326;VASO DESCARTABLE PLASTICO 5 OZ MILLAR;DESCARTABLES;PLASTICOS;VASOS
SGP02327;VASO DESCARTABLE PLASTICO 7 OZ MILLAR;DESCARTABLES;PLASTICOS;VASOS
SGP02333;VASO DESCARTABLE POLIPAPEL BLANCO 8 OZ MILLAR;DESCARTABLES;POLIPAPEL;VASOS
SGP02646;VASO POLIPAPEL BLANCO 8 OZ MILLAR;DESCARTABLES;POLIPAPEL;VASOS
SGP02647;VASO POLIPAPEL DISEÑO BEBIDAS CALIENTES 8 OZ MILLAR;DESCARTABLES;POLIPAPEL;VASOS
SGP02345;CAPUCHA DESCARTABLE 1/ 2 CAMPANA STANDAR 100 UND;DESCARTABLES;SEGURIDAD;GORROS
SGP02342;CAPUCHA DESCARTABLE 1/ 2 CAMPANA STANDAR 12 G/M2 R&G CAJA X 100 UND;DESCARTABLES;SEGURIDAD;GORROS
SGP02657;TOCA SOFT BLANCA ISUD 12 GR DOS LIGAS X100UND;DESCARTABLES;SEGURIDAD;GORROS
SGP02656;TOCA TIPO MEDIA CAMPANA 12 GR ISUD X100UND;DESCARTABLES;SEGURIDAD;GORROS
SGP02343;TOCA TIPO TIRA (CAJA X 100 UND);DESCARTABLES;SEGURIDAD;GORROS
SGP02344;TOCA TIPO TIRA DESCARTABLE BLANCA R&G CAJA X 100 UND;DESCARTABLES;SEGURIDAD;GORROS
SGP02658;GUANTE DE NITRILO AZUL 4GR ISUD TALLA L X100UND;DESCARTABLES;SEGURIDAD;GUANTES
SGP02659;GUANTE DE NITRILO AZUL 4GR ISUD TALLA M X100UND;DESCARTABLES;SEGURIDAD;GUANTES
SGP02362;GUANTE DE NITRILO CELESTE 3.5GR MAKETTO TALLA L X100UND;DESCARTABLES;SEGURIDAD;GUANTES
SGP02361;GUANTE DE NITRILO CELESTE MAKETTO ISUDAMERICA CAJA X 100 UND T L;DESCARTABLES;SEGURIDAD;GUANTES
SGP02360;GUANTE DE NITRILO CELESTE MAKETTO ISUDAMERICA CAJA X 100 UND T M;DESCARTABLES;SEGURIDAD;GUANTES
SGP02377;GUANTE DE NITRILO GOLD GUARD AZUL 4500 CJ 100 UN T M;DESCARTABLES;SEGURIDAD;GUANTES
SGP02366;GUANTE DE NITRILO LIBRE DE POLVO 100 UND TALLA L;DESCARTABLES;SEGURIDAD;GUANTES
SGP02367;GUANTE DE NITRILO LIBRE DE POLVO 100 UND TALLA M;DESCARTABLES;SEGURIDAD;GUANTES
SGP02368;GUANTE DE NITRILO LIBRE DE POLVO 100 UND TALLA S;DESCARTABLES;SEGURIDAD;GUANTES
SGP02650;GUANTE DE NITRILO LIBRE DE POLVO AZUL R&G CAJA X 100 PARES T L;DESCARTABLES;SEGURIDAD;GUANTES
SGP02649;GUANTE DE NITRILO LIBRE DE POLVO AZUL R&G CAJA X 100 PARES T M;DESCARTABLES;SEGURIDAD;GUANTES
SGP02648;GUANTE DE NITRILO LIBRE DE POLVO AZUL R&G CAJA X 100 PARES T S;DESCARTABLES;SEGURIDAD;GUANTES
SGP02354;GUANTE DE NITRILO LIBRE DE POLVO CELESTE FAMILY DOCTOR CAJA X 100 UND TALLA L;DESCARTABLES;SEGURIDAD;GUANTES
SGP02355;GUANTE DE NITRILO LIBRE DE POLVO CELESTE FAMILY DOCTOR CAJA X 100 UND TALLA M;DESCARTABLES;SEGURIDAD;GUANTES
SGP02356;GUANTE DE NITRILO LIBRE DE POLVO CELESTE FAMILY DOCTOR CAJA X 100 UND TALLA S;DESCARTABLES;SEGURIDAD;GUANTES
SGP02359;GUANTE DE NITRILO LIBRE DE POLVO CELESTE FAMILY DOCTOR CAJA X 75 UND TALLA L;DESCARTABLES;SEGURIDAD;GUANTES
SGP02358;GUANTE DE NITRILO LIBRE DE POLVO CELESTE FAMILY DOCTOR CAJA X 75 UND TALLA M;DESCARTABLES;SEGURIDAD;GUANTES
SGP02357;GUANTE DE NITRILO LIBRE DE POLVO CELESTE FAMILY DOCTOR CAJA X 75 UND TALLA S;DESCARTABLES;SEGURIDAD;GUANTES
SGP02372;GUANTE DE NITRILO LIBRE DE POLVO CELESTE R&G CAJ X 100 UND TALLA S;DESCARTABLES;SEGURIDAD;GUANTES
SGP02375;GUANTE DE NITRILO LIBRE DE POLVO CELESTE R&G CAJA X 100 UND TALLA L;DESCARTABLES;SEGURIDAD;GUANTES
SGP02374;GUANTE DE NITRILO LIBRE DE POLVO CELESTE R&G CAJA X 100 UND TALLA M;DESCARTABLES;SEGURIDAD;GUANTES
SGP02351;GUANTE DE NITRILO LIBRE DE POLVO CELESTE R&G CAJA X 100 UND TALLA S;DESCARTABLES;SEGURIDAD;GUANTES
SGP02346;GUANTE DE NITRILO LIBRE DE POLVO NACOSA 100 UND TALLA L;DESCARTABLES;SEGURIDAD;GUANTES
SGP02347;GUANTE DE NITRILO LIBRE DE POLVO NACOSA 100 UND TALLA S;DESCARTABLES;SEGURIDAD;GUANTES
SGP02350;GUANTE DE NITRILO LIBRE DE POLVO ULTRASOFT 100 UND TALLA L;DESCARTABLES;SEGURIDAD;GUANTES
SGP02349;GUANTE DE NITRILO LIBRE DE POLVO ULTRASOFT 100 UND TALLA M;DESCARTABLES;SEGURIDAD;GUANTES
SGP02348;GUANTE DE NITRILO LIBRE DE POLVO ULTRASOFT 100 UND TALLA S;DESCARTABLES;SEGURIDAD;GUANTES
SGP02376;GUANTE DE NITRILO LIBRE DE POLVO VERDE R&G CAJA X 100 UND TALLA M;DESCARTABLES;SEGURIDAD;GUANTES
SGP02373;GUANTE DE NITRILO LIBRE DE POLVO VERDE R&G CAJA X 100 UND TALLA S;DESCARTABLES;SEGURIDAD;GUANTES
SGP02379;GUANTE DE NITRILO NINJA EXPLORER CJ 100 UN T L;DESCARTABLES;SEGURIDAD;GUANTES
SGP02380;GUANTE DE NITRILO NINJA EXPLORER CJ 100 UN T M;DESCARTABLES;SEGURIDAD;GUANTES
SGP02363;GUANTE DE VINILO M 100 UND;DESCARTABLES;SEGURIDAD;GUANTES
SGP02382;GUANTES DE NITRILO HONEYWELL CJ 100 UN T L;DESCARTABLES;SEGURIDAD;GUANTES
SGP02381;GUANTES DE NITRILO HONEYWELL CJ 100 UN T M;DESCARTABLES;SEGURIDAD;GUANTES
SGP02353;GUANTES DE POLIETILENO DESC R&G CAJA X 100 UNIDADES T L;DESCARTABLES;SEGURIDAD;GUANTES
SGP02352;GUANTES DE POLIETILENO DESC R&G CAJA X 100 UNIDADES T M;DESCARTABLES;SEGURIDAD;GUANTES
SGP02397;MASCARILLA 3 PLIEGUES DEYSA CARE CJ 50 UN;DESCARTABLES;SEGURIDAD;MASCARILLAS
SGP02395;MASCARILLA 3 PLIEGUES FACE MASK CJ X 50 UND;DESCARTABLES;SEGURIDAD;MASCARILLAS
SGP02385;MASCARILLA 3 PLIEGUES FAMILY DOCTOR CJ X 50 UND;DESCARTABLES;SEGURIDAD;MASCARILLAS
SGP02394;MASCARILLA 3 PLIEGUES GP CJ X 50 UND;DESCARTABLES;SEGURIDAD;MASCARILLAS
SGP02396;MASCARILLA 3 PLIEGUES LINK TEK CJ 50 UN;DESCARTABLES;SEGURIDAD;MASCARILLAS
SGP02384;MASCARILLA 3 PLIEGUES PREMIUM VALMASK CJ 50 UN;DESCARTABLES;SEGURIDAD;MASCARILLAS
SGP02391;MASCARILLA 3 PLIEGUES VIC CAJA X50UND;DESCARTABLES;SEGURIDAD;MASCARILLAS
SGP02387;MASCARILLA ASEPTICA 50 UND;DESCARTABLES;SEGURIDAD;MASCARILLAS
SGP02393;MASCARILLA KN95 GP CAJA X 10 UND;DESCARTABLES;SEGURIDAD;MASCARILLAS
SGP02386;MASCARILLA KN95 SHYLAR CJ 100 UN;DESCARTABLES;SEGURIDAD;MASCARILLAS
SGP02389;MASCARILLA N95 TIPO C R&G CAJA X 50 UND;DESCARTABLES;SEGURIDAD;MASCARILLAS
SGP02399;CONTENEDOR TERMICO D4031XX CT5 200 UND;DESCARTABLES;TECNOPOR;ENVASES
SGP02404;TAPA PARA VASO POLIPAPEL 8 OZ C/DISEÑO BEBIDAS CALIENTES X MILLAR;DESCARTABLES;TECNOPOR;VASOS
SGP02403;VASO POLIPAPEL 8 OZ C/DISEÑO BEBIDAS CALIENTES X MILLAR;DESCARTABLES;TECNOPOR;VASOS
SGP01266;BETUN NEGRO KIWI 88 GR;KIOSKO;KIOSKO;KIOSKO
SGP01270;BETUN NEGRO SAPOLIO 88 ML;KIOSKO;KIOSKO;KIOSKO
SGP02684;BLOQUEADOR SOLAR SACHET EXTREMO DERMASOL F-50 10 GR;KIOSKO;KIOSKO;KIOSKO
SGP02680;BLOQUEADOR SOLAR SACHET VISAGE DERMOSOL F-100 10GR;KIOSKO;KIOSKO;KIOSKO
SGP01293;CEPILLO DENTAL DENTO;KIOSKO;KIOSKO;KIOSKO
SGP02075;CREMA DENTAL DENTO 75/80 ML;KIOSKO;KIOSKO;KIOSKO
SGP02690;CUADERNO ESCOLAR SURCO CUADRICULADO 80 HOJAS;KIOSKO;KIOSKO;KIOSKO
SGP02044;FOSFORO DE MADERA INTI;KIOSKO;KIOSKO;KIOSKO
SGP02692;LAPICERO FABER CASTELL 031- NEGRO;KIOSKO;KIOSKO;KIOSKO
SGP02691;LAPICERO FABER CASTELL 031-F AZUL;KIOSKO;KIOSKO;KIOSKO
SGP02080;MAQUINA DE AFEITAR SHICK;KIOSKO;KIOSKO;KIOSKO
SGP02678;MAQUINA DE AFEITAR SHICK 24 UND;KIOSKO;KIOSKO;KIOSKO
SGP01606;PEINE DE BOLSILLO;KIOSKO;KIOSKO;KIOSKO
SGP02069;PILAS DURACELL AA 2 UND;KIOSKO;KIOSKO;KIOSKO
SGP02068;PILAS DURACELL AAA 2 UND;KIOSKO;KIOSKO;KIOSKO
SGP02070;SHAMPOO H&S 180 ML;KIOSKO;KIOSKO;KIOSKO
SGP02685;SHAMPOO PANTENE 18 ML;KIOSKO;KIOSKO;KIOSKO
SGP00759;TALCO PARA PIES REXONA 200 GR;KIOSKO;KIOSKO;KIOSKO
SGP02693;"TIJERA GRANDE ARTESCO 8""";KIOSKO;KIOSKO;KIOSKO
SGP01376;CABEZA ESCOBA DE PLASTICO SUPER DALIA VIRUTEX 12 UND;LIMPIEZA;ARTICULOS PARA LIMPIEZA;ESCOBAS
SGP01375;ESCOBA DE PLASTICO SUPER DALIA VIRUTEX;LIMPIEZA;ARTICULOS PARA LIMPIEZA;ESCOBAS
SGP01377;PALO ESCOBA DE PLASTICO SUPER DALIA VIRUTEX 12 UND;LIMPIEZA;ARTICULOS PARA LIMPIEZA;ESCOBAS
SGP01857;ESCOBILLA DE PLASTICO PARA LAVAR ROPA;LIMPIEZA;ARTICULOS PARA LIMPIEZA;ESCOBILLAS
SGP02074;ESCOBILLA DE PLASTICO PARA LIMPIAR UÑAS;LIMPIEZA;ARTICULOS PARA LIMPIEZA;ESCOBILLAS
SGP01597;HISOPO PARA SANITARIO CON BASE HUDE - BLANCO - 7750160418513;LIMPIEZA;ARTICULOS PARA LIMPIEZA;ESCOBILLAS
SGP01384;ESPONJA CERO RAYAS INSTITUCIONAL BLANCO 3M SCOTH BRITE UND;LIMPIEZA;ARTICULOS PARA LIMPIEZA;ESPONJAS
SGP01382;ESPONJA NARANJA 746 P/GRIDDLE CLEANER S/B / 70071593647 3M;LIMPIEZA;ARTICULOS PARA LIMPIEZA;ESPONJAS
SGP01378;ESPONJA SCOTH BRITE N.746 TRABAJO PESADO PLANCHA CALIENTE PQT X 15 UND;LIMPIEZA;ARTICULOS PARA LIMPIEZA;ESPONJAS
SGP01387;ESPONJA TRABAJO PESADO N.88 SCOTCH BRITE;LIMPIEZA;ARTICULOS PARA LIMPIEZA;ESPONJAS
SGP01385;ESPONJA TRABAJO PESADO N° 88 SCOTCH BRITE;LIMPIEZA;ARTICULOS PARA LIMPIEZA;ESPONJAS
SGP01600;ESPONJA VERDE SCOTCH BRITE;LIMPIEZA;ARTICULOS PARA LIMPIEZA;ESPONJAS
SGP01388;ESPONJA VERDE SCOTCH BRITE 180 UND;LIMPIEZA;ARTICULOS PARA LIMPIEZA;ESPONJAS
SGP01386;ESPONJA VERDE SCOTCH BRITE ORIGINAL PRECORTADO 1 X 2 UND;LIMPIEZA;ARTICULOS PARA LIMPIEZA;ESPONJAS
SGP01379;FIBRA EXTRA DURA 250X120X25 NEGRO;LIMPIEZA;ARTICULOS PARA LIMPIEZA;ESPONJAS
SGP01380;FIBRA EXTRA DURA 250X120X25 NEGRO CORTADA EN 2 UND;LIMPIEZA;ARTICULOS PARA LIMPIEZA;ESPONJAS
SGP01402;FRANELA BALLERINA VIRUTEX;LIMPIEZA;ARTICULOS PARA LIMPIEZA;FRANELAS Y PAÑOS
SGP01595;FRANELA RIBETEADA ROJA 50 X 60 CM;LIMPIEZA;ARTICULOS PARA LIMPIEZA;FRANELAS Y PAÑOS
SGP01406;PAÑO MICROFIBRA AZUL CM 40 X 38 - DARYZA;LIMPIEZA;ARTICULOS PARA LIMPIEZA;FRANELAS Y PAÑOS
SGP01407;PAÑO MICROFIBRA CASTOR AMARILLA 40 X 40 CM;LIMPIEZA;ARTICULOS PARA LIMPIEZA;FRANELAS Y PAÑOS
SGP01297;JALADOR DE AGUA CON CERDAS 45 CM 9C42 NEGRO RUBBERMAID;LIMPIEZA;ARTICULOS PARA LIMPIEZA;JALADOR
SGP01391;"ATRAPA POLVO REPUESTO ALGODON/AZUL DM-25536BDA 36"" (91 CM) ABCO";LIMPIEZA;ARTICULOS PARA LIMPIEZA;MOPAS
SGP01602;MOPA RUBBERMAID F131;LIMPIEZA;ARTICULOS PARA LIMPIEZA;MOPAS
SGP01686;CINTA PARA MARCAR ROPA;LIMPIEZA;ARTICULOS PARA LIMPIEZA;OTROS
SGP01296;PULVERIZADOR PLASTICO 750 ML;LIMPIEZA;ARTICULOS PARA LIMPIEZA;OTROS
SGP01603;PALO MOPERO RUBBERMAID H125;LIMPIEZA;ARTICULOS PARA LIMPIEZA;PALOS
SGP01596;RECOGEDOR PLASTICO;LIMPIEZA;ARTICULOS PARA LIMPIEZA;RECOGEDORES
SGP01599;SECADOR DE TELA;LIMPIEZA;ARTICULOS PARA LIMPIEZA;TRAPOS
SGP01349;ALCOHOL EN GEL BLEND X 400 ML;LIMPIEZA;HIGIENE;ALCOHOL GEL
SGP01356;ALCOHOL GEL IDOGEL X 1000ML;LIMPIEZA;HIGIENE;ALCOHOL GEL
SGP02546;ALCOHOL GEL SPARTAN 4 LITROS COSMETICO NEUTRO;LIMPIEZA;HIGIENE;ALCOHOL GEL
SGP02551;ALCOHOL GEL SPARTAN 6X4 LITROS COSMETICO NEUTRO;LIMPIEZA;HIGIENE;ALCOHOL GEL
SGP01354;ALCOHOL GEL X 1000 ML TAPA PUMP NEX;LIMPIEZA;HIGIENE;ALCOHOL GEL
SGP01351;GEL ANTIBACTERIAL GG 1 LT;LIMPIEZA;HIGIENE;ALCOHOL GEL
SGP01347;GEL ANTIBACTERIAL IDOGEL 1 LT;LIMPIEZA;HIGIENE;ALCOHOL GEL
SGP01567;JOHNSON DIVERSEY SOFTCARE ALCOHOL GEL 800 ML;LIMPIEZA;HIGIENE;ALCOHOL GEL
SGP01357;JOHNSON DIVERSEY SOFTCARE ALCOHOL GEL GLN X 5 LT;LIMPIEZA;HIGIENE;ALCOHOL GEL
SGP01371;JABON ANTIBACTERIAL NEKO 75 GR;LIMPIEZA;HIGIENE;JABONES
SGP01570;JABON ANTIBACTERIAL PROTEX 75 GR-LIMPIEZA PROFUNDA;LIMPIEZA;HIGIENE;JABONES
SGP01364;JABON ANTIBACTERIAL REXONA 84 GR;LIMPIEZA;HIGIENE;JABONES
SGP01372;JABON DOVE ORIGINAL 90 GR;LIMPIEZA;HIGIENE;JABONES
SGP01367;JABON TOCADOR CEST IT BON HOTELERO SPA 10 GR;LIMPIEZA;HIGIENE;JABONES
SGP01366;JABON TOCADOR LUX 85 GR;LIMPIEZA;HIGIENE;JABONES
SGP01368;JABON TOCADOR NIVEA 75 GR;LIMPIEZA;HIGIENE;JABONES
SGP02543;JABÓN ANTIBACTERIAL P/MANOS SPARTAN 4 LITROS NEUTRO;LIMPIEZA;HIGIENE;JABONES
SGP02544;JABÓN LIQUIDO P/MANOS SPARTAN 4 LITROS NEUTRO;LIMPIEZA;HIGIENE;JABONES
SGP01426;DESODORANTE AMBIENTADOR ANTITABACO SAPOLIO 360 ML;LIMPIEZA;INSUMOS PARA LIMPIEZA;AROMATIZADOR
SGP01428;DESODORANTE AMBIENTADOR BRISA MARINA SAPOLIO 360 ML;LIMPIEZA;INSUMOS PARA LIMPIEZA;AROMATIZADOR
SGP01430;DESODORANTE AMBIENTADOR POTPURRI SAPOLIO 360 ML;LIMPIEZA;INSUMOS PARA LIMPIEZA;AROMATIZADOR
SGP01434;CERA AL AGUA GERMICIDA 3.8 LT;LIMPIEZA;INSUMOS PARA LIMPIEZA;CERA
SGP01572;CERA AL AGUA SAPOLIO 3.785 LT;LIMPIEZA;INSUMOS PARA LIMPIEZA;CERA
SGP01433;CERA LIQUIDA ROJA DARYZA 3.8 LT;LIMPIEZA;INSUMOS PARA LIMPIEZA;CERA
SGP01578;CERA PASTA ROJA SAPOLIO 3.785 LT;LIMPIEZA;INSUMOS PARA LIMPIEZA;CERA
SGP01432;CERA PASTA ROJA TEKNOBRILL 3.8 LT;LIMPIEZA;INSUMOS PARA LIMPIEZA;CERA
SGP02460;CLEAN BY PEROXY SPARTAN 5 LITROS;LIMPIEZA;INSUMOS PARA LIMPIEZA;DESINFECTANTE
SGP02512;CLORIN FP SPARTAN 19 LITROS;LIMPIEZA;INSUMOS PARA LIMPIEZA;DESINFECTANTE
SGP02500;CLORIN FP SPARTAN 5 LITROS;LIMPIEZA;INSUMOS PARA LIMPIEZA;DESINFECTANTE
SGP01438;CR2+ PRESENTACION 1 GALON;LIMPIEZA;INSUMOS PARA LIMPIEZA;DESINFECTANTE
SGP01435;SANIT 10 GARRAFA- 5 LITROS SPARTAN;LIMPIEZA;INSUMOS PARA LIMPIEZA;DESINFECTANTE
SGP02498;SANIT-OX FP SPARTAN 5 LITROS;LIMPIEZA;INSUMOS PARA LIMPIEZA;DESINFECTANTE
SGP01440;ALCA DETER X 4L [B2-4L];LIMPIEZA;INSUMOS PARA LIMPIEZA;DETERGENTES
SGP01571;DETERGENTE SAPOLIO DE 13.5 KG;LIMPIEZA;INSUMOS PARA LIMPIEZA;DETERGENTES
SGP02525;FOAMING ACID CLEANER FP SPARTAN 5 LITROS;LIMPIEZA;INSUMOS PARA LIMPIEZA;DETERGENTES
SGP02524;WHITE CLEAN PLUS FP SPARTAN 5 LITROS;LIMPIEZA;INSUMOS PARA LIMPIEZA;DETERGENTES
SGP01442;LAVAVAJILLA SAPOLIO 900 GR;LIMPIEZA;INSUMOS PARA LIMPIEZA;LAVAVAJILLAS
SGP01441;LAVAVAJILLA X 1000 GR. SAPOLIO 8305162;LIMPIEZA;INSUMOS PARA LIMPIEZA;LAVAVAJILLAS
SGP02508;SPARCLEAN CHLORINATED DETERGENT SPARTAN 19 LITROS;LIMPIEZA;INSUMOS PARA LIMPIEZA;LAVAVAJILLAS
SGP02497;SPARCLEAN CHLORINATED DETERGENT SPARTAN 5 LITROS;LIMPIEZA;INSUMOS PARA LIMPIEZA;LAVAVAJILLAS
SGP02507;SPARCLEAN RINSE AID II SPARTAN 19 LITROS;LIMPIEZA;INSUMOS PARA LIMPIEZA;LAVAVAJILLAS
SGP02496;SPARCLEAN RINSE AID II SPARTAN 5 LITROS;LIMPIEZA;INSUMOS PARA LIMPIEZA;LAVAVAJILLAS
SGP01444;CLORIN 7.5 - ( 5 LITROS) SPARTAN;LIMPIEZA;INSUMOS PARA LIMPIEZA;LEJIAS
SGP01446;LEJIA CONCENTRADA DARYZA 4 LT (GL);LIMPIEZA;INSUMOS PARA LIMPIEZA;LEJIAS
SGP01573;LEJIA SAPOLIO 2 LT;LIMPIEZA;INSUMOS PARA LIMPIEZA;LEJIAS
SGP01445;LEJIA SAPOLIO 3.785 ML;LIMPIEZA;INSUMOS PARA LIMPIEZA;LEJIAS
SGP01447;LEJIA SAPOLIO 5 LT X 4UND;LIMPIEZA;INSUMOS PARA LIMPIEZA;LEJIAS
SGP02536;LAUNDRY SPOTTING SOLUTION SPARTAN 19 LITROS;LIMPIEZA;INSUMOS PARA LIMPIEZA;LIMPIADORES
SGP01448;LIMPIAVIDRIO CON GATILLO DARYZA 1 LT;LIMPIEZA;INSUMOS PARA LIMPIEZA;LIMPIADORES
SGP01450;LIMPIAVIDRIO DARYZA 1 LT;LIMPIEZA;INSUMOS PARA LIMPIEZA;LIMPIADORES
SGP01449;LIMPIAVIDRIO DARYZA 3.8 LT;LIMPIEZA;INSUMOS PARA LIMPIEZA;LIMPIADORES
SGP02540;CHLORINE BLEACH SPARTAN 19 LITROS;LIMPIEZA;INSUMOS PARA LIMPIEZA;OTROS
SGP02539;FABRIC SOFTENER SPARTAN 19 LITROS;LIMPIEZA;INSUMOS PARA LIMPIEZA;OTROS
SGP01456;POT & PAN - GARRAFA 5 LITROS -SPARTAN;LIMPIEZA;INSUMOS PARA LIMPIEZA;OTROS
SGP01455;SPARCLEAN RINSE AID II SPARTAN 5 LT;LIMPIEZA;INSUMOS PARA LIMPIEZA;OTROS
SGP01461;PASTILLAS DE LAVADO RATIONAL MODELO NO. 56.00.210;LIMPIEZA;INSUMOS PARA LIMPIEZA;PASTILLAS LIMPIADORAS
SGP01459;PASTILLAS DESCALCIFICADORAS RATIONAL MODELO NO. 56.00.562;LIMPIEZA;INSUMOS PARA LIMPIEZA;PASTILLAS LIMPIADORAS
SGP01451;DM 500 H PLUS FP SPARTAN 19 LITROS - V3;LIMPIEZA;INSUMOS PARA LIMPIEZA;SACAGRASA
SGP02523;DM 500 H PLUS FP SPARTAN 5 LITROS;LIMPIEZA;INSUMOS PARA LIMPIEZA;SACAGRASA
SGP01454;SUPERCLEAN FP GARRAFA - 5 LITROS - SPARTAN;LIMPIEZA;INSUMOS PARA LIMPIEZA;SACAGRASA
SGP02506;XTREME CLEAN SPARTAN 19 LITROS;LIMPIEZA;INSUMOS PARA LIMPIEZA;SACAGRASA
SGP02488;XTREME CLEAN SPARTAN 3.875 LITROS;LIMPIEZA;INSUMOS PARA LIMPIEZA;SACAGRASA
SGP02495;XTREME CLEAN SPARTAN 5 LITROS;LIMPIEZA;INSUMOS PARA LIMPIEZA;SACAGRASA
SGP01310;PAPEL HIGIENICO DOBLE HOJA SUAVE RESISTEMAX 15 MT (30242657);LIMPIEZA;PAPELERIA;PAPEL HIGIENICO
SGP01473;PAPEL HIGIENICO GOFRADO SCOTT 15 MT ( 30206615);LIMPIEZA;PAPELERIA;PAPEL HIGIENICO
SGP01299;PAPEL HIGIENICO JUMBO BLANCO SCOTT 550 MT;LIMPIEZA;PAPELERIA;PAPEL HIGIENICO
SGP01317;PAPEL HIGIENICO JUMBO BLANCO SCOTT 550 MT (30228044);LIMPIEZA;PAPELERIA;PAPEL HIGIENICO
SGP01316;PAPEL HIGIENICO JUMBO BLANCO SUAVE 550 MT (30223592);LIMPIEZA;PAPELERIA;PAPEL HIGIENICO
SGP01308;PAPEL HIGIENICO SUAVE 15.96 MTS (30241893);LIMPIEZA;PAPELERIA;PAPEL HIGIENICO
SGP01309;PAPEL HIGIENICO VERDE 16 MT X 20 ROLLOS;LIMPIEZA;PAPELERIA;PAPEL HIGIENICO
SGP01318;PAPEL HIGIÉNICO SUAVE 16MTS (30229579);LIMPIEZA;PAPELERIA;PAPEL HIGIENICO
SGP01325;PAPEL TOALLA AIRFLEX BLANCO BASIC SCOTT 200 MT (30242645 - 30228197);LIMPIEZA;PAPELERIA;PAPEL TOALLA
SGP01324;PAPEL TOALLA AIRFLEX BLANCO SCOTT 200 MT (30224771);LIMPIEZA;PAPELERIA;PAPEL TOALLA
SGP01323;PAPEL TOALLA NATURAL JUMBO SCOTT 200 MT (30203351);LIMPIEZA;PAPELERIA;PAPEL TOALLA
SGP01331;SERVILLETA AIRFLEX 200 HOJAS (30209703);LIMPIEZA;PAPELERIA;SERVILLETAS
SGP01332;SERVILLETA ELITE ECOLOGICA 33 X 22.5 100 UND;LIMPIEZA;PAPELERIA;SERVILLETAS
SGP01330;SERVILLETA POP UP AIRFLEX SCOTT 120 UND ( 30209601 );LIMPIEZA;PAPELERIA;SERVILLETAS
SGP01329;SERVILLETA TESS 6 UND DE 400 HOJAS;LIMPIEZA;PAPELERIA;SERVILLETAS
SGP01569;JOHNSON DIVERSEY SOFTCARE BAC 5 LT;LIMPIEZA;QUIMICOS;CATERING
SGP01273;JOHNSON DIVERSEY SOFTCARE FREE PLUS GLN X 5 LT;LIMPIEZA;QUIMICOS;CATERING
SGP01562;JOHNSON DIVERSEY SUMA CALC 5 LT R03300;LIMPIEZA;QUIMICOS;CATERING
SGP01274;JOHNSON DIVERSEY SUMA COMBI+ 5LT;LIMPIEZA;QUIMICOS;CATERING
SGP01547;JOHNSON DIVERSEY SUMA CRYSTAL 20 LT;LIMPIEZA;QUIMICOS;CATERING
SGP01303;JOHNSON DIVERSEY SUMA D44 5 LT;LIMPIEZA;QUIMICOS;CATERING
SGP01574;JOHNSON DIVERSEY SUMA J512 5 LT;LIMPIEZA;QUIMICOS;CATERING
SGP01548;JOHNSON DIVERSEY SUMA NOVA 20 LT;LIMPIEZA;QUIMICOS;CATERING
SGP01566;JOHNSON DIVERSEY SUMA PLAQ 5 LT;LIMPIEZA;QUIMICOS;CATERING
SGP01284;JOHNSON DIVERSEY ALPHA HP 1.5 LT;LIMPIEZA;QUIMICOS;HOTELERIA
SGP01282;JOHNSON DIVERSEY DRAX ULTRA 5 LT;LIMPIEZA;QUIMICOS;HOTELERIA
SGP01534;JOHNSON DIVERSEY FORWARD 5 LT;LIMPIEZA;QUIMICOS;HOTELERIA
SGP01565;JOHNSON DIVERSEY SOFTCARE ENHACE 5 LT;LIMPIEZA;QUIMICOS;HOTELERIA
SGP01283;JOHNSON DIVERSEY SUMA BAC D10 5 LT;LIMPIEZA;QUIMICOS;HOTELERIA
SGP01285;JOHNSON DIVERSEY TASKI R5 LT;LIMPIEZA;QUIMICOS;HOTELERIA
SGP01291;JOHNSON DIVERSEY CLAX ALFA 20 LT;LIMPIEZA;QUIMICOS;LAVANDERIA
SGP01545;JOHNSON DIVERSEY CLAX HYPO 4 AL 1 20 LT;LIMPIEZA;QUIMICOS;LAVANDERIA
SGP01553;JOHNSON DIVERSEY CLAX SUAVE 20 LT;LIMPIEZA;QUIMICOS;LAVANDERIA
SGP02671;EMPANADA DE AJI DE POLLO 100 GR MENU;PANADERIA Y PASTELERIA;DULCES;
SGP02672;EMPANADA DE AJI DE POLLO 145 GR RETAIL;PANADERIA Y PASTELERIA;DULCES;
SGP01959;PAN PRECOCIDO FRANCES CONGELADO (40 GR);PANADERIA Y PASTELERIA;PANADERIA CONGELADO;
SGP02664;EMPANADA DE CARNE 100 GR MENU;PANADERIA Y PASTELERIA;PASTELERIA;PASTELERIA - FIESTRA
SGP02676;KIT DE PECHO PARA SMARTPHONE GIRO 360;PROTECCION Y SEGURIDAD;;
SGP02330;MANGA JACKSON SAFETY G60 KEVLAR;PROTECCION Y SEGURIDAD;EPP;
SGP02392;PROTECTOR FACIAL WORK 0.4MM;PROTECCION Y SEGURIDAD;EPP;
SGP02675;SUJETADOR PARA MASCARILLAS;PROTECCION Y SEGURIDAD;EPP;
SGP01840;CHICHARRON DE PRENSA SUIZA MOLDE 180G REFRIGERADO KG;REFRIGERADOS;EMBUTIDOS;CERDO
SGP01851;JAMON AHUMADO REFRIGERADO 500 GR;REFRIGERADOS;EMBUTIDOS;CERDO
SGP01839;JAMON AMERICANO SUIZA 500 GR REFRIGERADO;REFRIGERADOS;EMBUTIDOS;CERDO
SGP00574;CIRUELA CHILENA;REFRIGERADOS;FRUTAS Y VERDURAS;FRUTAS
SGP00572;COCONA;REFRIGERADOS;FRUTAS Y VERDURAS;FRUTAS
SGP00576;DURAZNO;REFRIGERADOS;FRUTAS Y VERDURAS;FRUTAS
SGP00575;GRANADILLA;REFRIGERADOS;FRUTAS Y VERDURAS;FRUTAS
SGP02061;MANDARINA;REFRIGERADOS;FRUTAS Y VERDURAS;FRUTAS
SGP00559;MANZANA DELICIA;REFRIGERADOS;FRUTAS Y VERDURAS;FRUTAS
SGP00560;MANZANA ROJA IMPORTADA;REFRIGERADOS;FRUTAS Y VERDURAS;FRUTAS
SGP02059;MANZANA ROYAL GALA;REFRIGERADOS;FRUTAS Y VERDURAS;FRUTAS
SGP00561;MANZANA VERDE IMPORTADA;REFRIGERADOS;FRUTAS Y VERDURAS;FRUTAS
SGP00578;MANZANA VERDE PARA JUGO;REFRIGERADOS;FRUTAS Y VERDURAS;FRUTAS
SGP00562;MARACUYA;REFRIGERADOS;FRUTAS Y VERDURAS;FRUTAS
SGP00466;MELON;REFRIGERADOS;FRUTAS Y VERDURAS;FRUTAS
SGP00571;MEMBRILLO;REFRIGERADOS;FRUTAS Y VERDURAS;FRUTAS
SGP00564;NARANJA PARA JUGO;REFRIGERADOS;FRUTAS Y VERDURAS;FRUTAS
SGP00563;NARANJA PARA MESA;REFRIGERADOS;FRUTAS Y VERDURAS;FRUTAS
SGP00565;PAPAYA;REFRIGERADOS;FRUTAS Y VERDURAS;FRUTAS
SGP00566;PERA PACKHAMS IMPORTADA;REFRIGERADOS;FRUTAS Y VERDURAS;FRUTAS
SGP00567;PIÑA;REFRIGERADOS;FRUTAS Y VERDURAS;FRUTAS
SGP02056;PIÑA (L);REFRIGERADOS;FRUTAS Y VERDURAS;FRUTAS
SGP00573;PLATANO DE FREIR (BELLACO);REFRIGERADOS;FRUTAS Y VERDURAS;FRUTAS
SGP00460;PLATANO DE ISLA;REFRIGERADOS;FRUTAS Y VERDURAS;FRUTAS
SGP00568;PLATANO DE SEDA;REFRIGERADOS;FRUTAS Y VERDURAS;FRUTAS
SGP00569;SANDIA;REFRIGERADOS;FRUTAS Y VERDURAS;FRUTAS
SGP00585;TUNAS;REFRIGERADOS;FRUTAS Y VERDURAS;FRUTAS
SGP00570;UVA NEGRA;REFRIGERADOS;FRUTAS Y VERDURAS;FRUTAS
SGP00577;UVA RED GLOBE;REFRIGERADOS;FRUTAS Y VERDURAS;FRUTAS
SGP02060;UVA VERDE;REFRIGERADOS;FRUTAS Y VERDURAS;FRUTAS
SGP02430;ACELGA;REFRIGERADOS;FRUTAS Y VERDURAS;VERDURAS
SGP00442;AJI AMARILLO X KG;REFRIGERADOS;FRUTAS Y VERDURAS;VERDURAS
SGP00417;AJI LIMO;REFRIGERADOS;FRUTAS Y VERDURAS;VERDURAS
SGP00418;ALBAHACA;REFRIGERADOS;FRUTAS Y VERDURAS;VERDURAS
SGP00419;APIO;REFRIGERADOS;FRUTAS Y VERDURAS;VERDURAS
SGP02073;ARVEJA FRESCA EN VAINA;REFRIGERADOS;FRUTAS Y VERDURAS;VERDURAS
SGP00351;ARVEJA VERDE 1 KG;REFRIGERADOS;FRUTAS Y VERDURAS;VERDURAS
SGP00440;BERENJENA;REFRIGERADOS;FRUTAS Y VERDURAS;VERDURAS
SGP00447;BETERRAGA FRESCA;REFRIGERADOS;FRUTAS Y VERDURAS;VERDURAS
SGP00454;CAIHUA * KG;REFRIGERADOS;FRUTAS Y VERDURAS;VERDURAS
SGP00456;CALABAZA;REFRIGERADOS;FRUTAS Y VERDURAS;VERDURAS
SGP00420;CAMOTE AMARILLO;REFRIGERADOS;FRUTAS Y VERDURAS;VERDURAS
SGP00459;CEBOLLA BLANCA;REFRIGERADOS;FRUTAS Y VERDURAS;VERDURAS
SGP00422;CEBOLLA CHINA;REFRIGERADOS;FRUTAS Y VERDURAS;VERDURAS
SGP00421;CEBOLLA ROJA;REFRIGERADOS;FRUTAS Y VERDURAS;VERDURAS
SGP00457;CHINCHO;REFRIGERADOS;FRUTAS Y VERDURAS;VERDURAS
SGP00423;CHOCLO BLANCO;REFRIGERADOS;FRUTAS Y VERDURAS;VERDURAS
SGP00424;COL;REFRIGERADOS;FRUTAS Y VERDURAS;VERDURAS
SGP00443;COL CHINA;REFRIGERADOS;FRUTAS Y VERDURAS;VERDURAS
SGP00425;CULANTRO;REFRIGERADOS;FRUTAS Y VERDURAS;VERDURAS
SGP00449;ESPINACA FRESCA;REFRIGERADOS;FRUTAS Y VERDURAS;VERDURAS
SGP00444;FIDEO CHINO;REFRIGERADOS;FRUTAS Y VERDURAS;VERDURAS
SGP00450;FRIJOL CHINO;REFRIGERADOS;FRUTAS Y VERDURAS;VERDURAS
SGP00446;HABA VERDE;REFRIGERADOS;FRUTAS Y VERDURAS;VERDURAS
SGP00020;HIERBA BUENA;REFRIGERADOS;FRUTAS Y VERDURAS;VERDURAS
SGP00439;HUACATAY;REFRIGERADOS;FRUTAS Y VERDURAS;VERDURAS
SGP00426;KION;REFRIGERADOS;FRUTAS Y VERDURAS;VERDURAS
SGP02432;LECHUGA AMERICANA;REFRIGERADOS;FRUTAS Y VERDURAS;VERDURAS
SGP00427;LECHUGA ORGANICA;REFRIGERADOS;FRUTAS Y VERDURAS;VERDURAS
SGP00558;LIMON VERDE EXTRA;REFRIGERADOS;FRUTAS Y VERDURAS;VERDURAS
SGP00428;NABO;REFRIGERADOS;FRUTAS Y VERDURAS;VERDURAS
SGP00452;OLLUQUITO FRESCO;REFRIGERADOS;FRUTAS Y VERDURAS;VERDURAS
SGP00465;PALTA;REFRIGERADOS;FRUTAS Y VERDURAS;VERDURAS
SGP00464;PANCA DE CHOCLO;REFRIGERADOS;FRUTAS Y VERDURAS;VERDURAS
SGP00445;PAPA AMARILLA;REFRIGERADOS;FRUTAS Y VERDURAS;VERDURAS
SGP00429;PAPA BLANCA;REFRIGERADOS;FRUTAS Y VERDURAS;VERDURAS
SGP02066;PAPA COCKTAIL;REFRIGERADOS;FRUTAS Y VERDURAS;VERDURAS
SGP00430;PEPINILLO;REFRIGERADOS;FRUTAS Y VERDURAS;VERDURAS
SGP00431;PEREJIL;REFRIGERADOS;FRUTAS Y VERDURAS;VERDURAS
SGP00432;PIMIENTO ROJO;REFRIGERADOS;FRUTAS Y VERDURAS;VERDURAS
SGP00433;PORO;REFRIGERADOS;FRUTAS Y VERDURAS;VERDURAS
SGP00434;RABANITO;REFRIGERADOS;FRUTAS Y VERDURAS;VERDURAS
SGP00438;ROCOTO;REFRIGERADOS;FRUTAS Y VERDURAS;VERDURAS
SGP00463;ROCOTO P/ RELLENO;REFRIGERADOS;FRUTAS Y VERDURAS;VERDURAS
SGP00435;TOMATE;REFRIGERADOS;FRUTAS Y VERDURAS;VERDURAS
SGP00448;VAINITA FRESCA;REFRIGERADOS;FRUTAS Y VERDURAS;VERDURAS
SGP00451;YUCA;REFRIGERADOS;FRUTAS Y VERDURAS;VERDURAS
SGP00436;ZANAHORIA;REFRIGERADOS;FRUTAS Y VERDURAS;VERDURAS
SGP00437;ZAPALLITO ITALIANO;REFRIGERADOS;FRUTAS Y VERDURAS;VERDURAS
SGP00453;ZAPALLO MACRE;REFRIGERADOS;FRUTAS Y VERDURAS;VERDURAS
SGP02086;HUEVO ROJO (CAJA 11.5 KG);REFRIGERADOS;HUEVO;GALLINA
SGP02091;HUEVO ROSADO (CAJA 25.7KG);REFRIGERADOS;HUEVO;GALLINA
SGP02092;HUEVO ROSADO BANDEJA 12 PQTS X 15 UNIDS;REFRIGERADOS;HUEVO;GALLINA
SGP00665;HUEVO ROSADO LA CALERA (EMER);REFRIGERADOS;HUEVO;GALLINA
SGP02093;CREMA DE LECHE CUSIPAK UHT 1 LT;REFRIGERADOS;LACTEOS;CREMA DE LECHE
SGP02095;LECHE EN BRICK LIGHT GLORIA 1 LT;REFRIGERADOS;LACTEOS;LECHE FRESCA
SGP02098;LECHE EN BRICK LIGHT GLORIA 946 ML;REFRIGERADOS;LACTEOS;LECHE FRESCA
SGP02105;MANJAR AREQUIPEÑO LAIVE 900 GR;REFRIGERADOS;LACTEOS;MANJAR BLANCO
SGP02108;MANJAR BLANCO NESTLE 1 KG;REFRIGERADOS;LACTEOS;MANJAR BLANCO
SGP02106;MANJAR BLANQUITO BAZO VELARDE LAIVE 900 GR;REFRIGERADOS;LACTEOS;MANJAR BLANCO
SGP02107;MANJAR BLANQUITO LAIVE 900 GR;REFRIGERADOS;LACTEOS;MANJAR BLANCO
SGP02109;MANTEQUILLA GLORIA PERSONAL 10 GR;REFRIGERADOS;LACTEOS;MANTEQUILLA
SGP02114;MANTEQUILLA LAIVE PERSONAL 8 GR;REFRIGERADOS;LACTEOS;MANTEQUILLA
SGP02117;MANTEQUILLA SANCOR PERSONAL 10 GRM;REFRIGERADOS;LACTEOS;MANTEQUILLA
SGP02128;MARGARINA LA DANESA 2 KG;REFRIGERADOS;LACTEOS;MARGARINA
SGP02120;MARGARINA LA DANESA 220 GR;REFRIGERADOS;LACTEOS;MARGARINA
SGP02132;MARGARINA LA DANESA 500 GR;REFRIGERADOS;LACTEOS;MARGARINA
SGP02131;MARGARINA LA DANESA 90 GR;REFRIGERADOS;LACTEOS;MARGARINA
SGP02130;MARGARINA LA PREFERIDA 10 KG;REFRIGERADOS;LACTEOS;MARGARINA
SGP02126;MARGARINA MULTIUSO ROMEA 2.5 KG;REFRIGERADOS;LACTEOS;MARGARINA
SGP02124;MARGARINA MULTIUSO ROMEA CAKE 2.5 KG;REFRIGERADOS;LACTEOS;MARGARINA
SGP02127;MARGARINA PRIMAVERA HOJALDRE 2 KG;REFRIGERADOS;LACTEOS;MARGARINA
SGP02129;MARGARINA SELLO DE ORO POTE 190 GR (EMER);REFRIGERADOS;LACTEOS;MARGARINA
SGP02121;MARGARINA SWISS LAIVE POTE 450 GR;REFRIGERADOS;LACTEOS;MARGARINA
SGP02153;QUESO EDAM EN TAJADAS LAIVE X 500 GR REFRIGERADO;REFRIGERADOS;LACTEOS;QUESOS
SGP00668;QUESO EDAM EN TAJADAS X 500 GR REFRIGERADO;REFRIGERADOS;LACTEOS;QUESOS
SGP01929;QUESO EDAM LAIVE 440 GR REFRIGERADO;REFRIGERADOS;LACTEOS;QUESOS
SGP02138;QUESO EDAM LAMINADO LAIVE 500 GR REFRIGERADO;REFRIGERADOS;LACTEOS;QUESOS
SGP02133;QUESO FRESCO BONLE MOLDE REFRIGERADO KG;REFRIGERADOS;LACTEOS;QUESOS
SGP02142;QUESO FRESCO DELICE KG;REFRIGERADOS;LACTEOS;QUESOS
SGP02151;QUESO FRESCO GLORIA MOLDE REFRIGERADO KG;REFRIGERADOS;LACTEOS;QUESOS
SGP02155;QUESO FRESCO LAIT'S REFRIGERADO KG;REFRIGERADOS;LACTEOS;QUESOS
SGP02141;QUESO FRESCO LAIVE MOLDE REFRIGERADO KG;REFRIGERADOS;LACTEOS;QUESOS
SGP02143;QUESO MOZARELLA LAIVE REFRIGERADO KG;REFRIGERADOS;LACTEOS;QUESOS
SGP02140;QUESO MOZARELLA MILKUNZ REFRIGERADO;REFRIGERADOS;LACTEOS;QUESOS
SGP02146;QUESO MOZARELLA RALLADO LA PAULINA REFRIGERADO 3 KG;REFRIGERADOS;LACTEOS;QUESOS
SGP00667;QUESO MOZARELLA REFRIGERADO;REFRIGERADOS;LACTEOS;QUESOS
SGP02135;QUESO PARMESANO LAIVE 35 GR;REFRIGERADOS;LACTEOS;QUESOS
SGP02149;QUESO PARMESANO RALLADO LA PAULINA (LACTAFOOD)REFRIGERADO 500 GR;REFRIGERADOS;LACTEOS;QUESOS
SGP02162;YOGURT DE DURAZNO GLORIA 500 ML;REFRIGERADOS;LACTEOS;YOGURT
SGP02173;YOGURT DE FRESA GLORIA 180 ML (EMER);REFRIGERADOS;LACTEOS;YOGURT
SGP02161;YOGURT DE FRESA GLORIA 500 ML;REFRIGERADOS;LACTEOS;YOGURT
SGP02184;YOGURT DE VAINILLA FRANCESA GLORIA 500 ML;REFRIGERADOS;LACTEOS;YOGURT
SGP02227;MANTECA VEGETAL DE PALMA 10 KG;REFRIGERADOS;MANTECA;
SGP00942;MANTECA VEGETAL DE PALMA LA FAMOSA 10 KG (EMER);REFRIGERADOS;MANTECA;
SGP00018;MANTECA VEGETAL DEL CAMPO 10 KG;REFRIGERADOS;MANTECA;
SGP02226;MANTECA VEGETAL DORO 10 KG;REFRIGERADOS;MANTECA;
SGP02228;MANTECA VEGETAL GUSTO SELECTO 10 KG;REFRIGERADOS;MANTECA;
SGP01190;MANTECA VEGETAL SELECTO DE ORO 10 KG;REFRIGERADOS;MANTECA;
SGP02225;AJI DE POLLERIA (CRIOLLO) EMIC 1 KG;REFRIGERADOS;OTROS;
SGP02223;PURE DE CAMOTE EMIC 1 KG;REFRIGERADOS;OTROS;
SGP02204;SALSA AJI PARRILLERO EMIC 1 KG;REFRIGERADOS;OTROS;
SGP00648;SALSA BLANCA EMIC 1 KG;REFRIGERADOS;OTROS;
SGP02205;SALSA MAYONESA ACEVICHADA EMIC 1 KG;REFRIGERADOS;OTROS;
SGP00647;SALSA PESTO (VERDE) EMIC 1 KG;REFRIGERADOS;OTROS;
SGP01092;SALSA POMODORO EMIC 1 KG;REFRIGERADOS;OTROS;
SGP02189;ACEITUNA NEGRA RODAJA;REFRIGERADOS;OTROS;ACEITUNA
SGP00678;ACEITUNA NEGRA SIN PEPA;REFRIGERADOS;OTROS;ACEITUNA
SGP02190;ACEITUNA VERDE RODAJA;REFRIGERADOS;OTROS;ACEITUNA
SGP00836;HUACATAY MOLIDO X KG;REFRIGERADOS;OTROS;ESPECERIA
SGP00838;KION MOLIDO X KG;REFRIGERADOS;OTROS;ESPECERIA
SGP02211;CIRUELA SECA 4 ESTACIONES 1 KG;REFRIGERADOS;OTROS;FRUTO SECO
SGP02218;FRUTA CONFITADA 4 ESTACIONES 1 KG;REFRIGERADOS;OTROS;FRUTO SECO
SGP02219;GUINDONES SIN PEPA 4 ESTACIONES 250 GR;REFRIGERADOS;OTROS;FRUTO SECO
SGP01007;GUINDONES SIN PEPA TOÑA 250 GR;REFRIGERADOS;OTROS;FRUTO SECO
SGP00875;HIGO SECO 4 ESTACIONES 1 KG;REFRIGERADOS;OTROS;FRUTO SECO
SGP02212;HIGO SECO PREMIUM 4 ESTACIONES 1 KG;REFRIGERADOS;OTROS;FRUTO SECO
SGP02221;PASAS SECAS NEGRAS 4 ESTACIONES 1 KG;REFRIGERADOS;OTROS;FRUTO SECO
SGP02213;PASAS SECAS NEGRAS GARDEN 4 ESTACIONES 1 KG;REFRIGERADOS;OTROS;FRUTO SECO
SGP01192;PASAS SECAS RUBIAS 4 ESTACIONES 1 KG;REFRIGERADOS;OTROS;FRUTO SECO
SGP00675;JUGO DE NARANJA PASTEURIZADO X 3.8 LT;REFRIGERADOS;OTROS;JUGOS FRESCOS
SGP02202;JUGO DE PIÑA PASTEURIZADO X 3.8 LT;REFRIGERADOS;OTROS;JUGOS FRESCOS
SGP00952;COBERTURA BITTER PURATOS 10 KG;REFRIGERADOS;OTROS;REPOSTERIA
SGP02209;CREMA CHANTILLY MONA LISA BRICKS 1LT;REFRIGERADOS;OTROS;REPOSTERIA
SGP01000;CREMA CHANTIPACK PURATOS 1LT;REFRIGERADOS;OTROS;REPOSTERIA
SGP02208;CREMA TIPO CHANTILLY SNEL 1LT;REFRIGERADOS;OTROS;REPOSTERIA
SGP01013;DULCERIO TRES LECHES X 1 LT;REFRIGERADOS;OTROS;REPOSTERIA
