variante_codigo;descripcion_comercial;producto_codigo;producto_descripcion;unidad_base;contenido_por_envase;empaque_codigo;precio_envase;fecha_precio;fuente
PRD00011;ACEITE AJONJOLI OLIVOS DEL SUR 220 ML PET;ING00005;ACEITE DE AJONJOLI;L;0.22;BOTELLA;14.109000;2026-10-01;inventario
PRD00015;ACEITE AJONJOLI OLIVOS DEL SUR 200 ML;ING00005;ACEITE DE AJONJOLI;L;0.2;FRASCO;12.502000;2019-04-06;ultimo precio SGP
PRD00019;ACEITE AJONJOLI OLIVOS DEL SUR 200 ML PET;ING00005;ACEITE DE AJONJOLI;L;0.2;BOTELLA;14.109000;2025-02-24;ultimo precio SGP
PRD00013;ACEITE DE OLIVA VIRGEN KUSASA 4 LT;ING00007;ACEITE DE OLIVA;L;4;GALON;61.820000;2019-07-03;ultimo precio SGP
PRD00016;ACEITE DE OLIVA VIRGEN OLIVEZA 4 LT;ING00007;ACEITE DE OLIVA;L;4;GALON;196.000000;2025-11-23;ultimo precio SGP
PRD00010;ACEITE VEGETAL CIELO 5 LT;ING00011;ACEITE VEGETAL;L;5;BIDON;34.120000;2026-10-01;inventario
PRD00012;ACEITE VEGETAL CIELO 18 LT;ING00011;ACEITE VEGETAL;L;18;BALDE;119.707683;2026-03-05;ultimo precio SGP
PRD00075;ACEITE VEGETAL DELEITTE 5 LT;ING00011;ACEITE VEGETAL;L;5;BIDON;47.397000;2022-01-08;ultimo precio SGP
PRD00077;ACEITE VEGETAL COCINERO 5 LT;ING00011;ACEITE VEGETAL;L;5;BIDON;31.200000;2018-12-07;ultimo precio SGP
PRD00079;ACEITE VEGETAL CIL 5 LT;ING00011;ACEITE VEGETAL;L;5;BIDON;32.770000;2020-10-07;ultimo precio SGP
PRD02702;CAJA CHICA - ACEITE VEGETAL CIL X 5 LT;ING00012;ACEITE VEGETAL (UND);UND;1;BOTELLA;24.195000;2018-07-16;ultimo precio SGP
PRD03588;CAJA CHICA - ACEITE VEGETAL LT;ING00014;ACEITE VEGETAL LT;L;1;LITRO;5.554000;2020-07-19;ultimo precio SGP
PRD00678;ACEITUNA NEGRA SIN PEPA;ING00015;ACEITUNA NEGRA EN RODAJA;KG;1;KILOGRAMO;12.000000;2019-06-12;ultimo precio SGP
PRD02189;ACEITUNA NEGRA RODAJA;ING00015;ACEITUNA NEGRA EN RODAJA;KG;1;KILOGRAMO;27.000000;2026-10-01;inventario
PRD03111;CAJA CHICA - ACEITUNA NEGRA;ING00015;ACEITUNA NEGRA EN RODAJA;KG;1;KILOGRAMO;10.169000;2019-02-06;ultimo precio SGP
PRD03631;CAJA CHICA - ACEITUNA;ING00015;ACEITUNA NEGRA EN RODAJA;KG;1;KILOGRAMO;10.230000;2024-11-27;ultimo precio SGP
PRD03240;CAJA CHICA - ACEITUNA POTE 250 GR;ING00016;ACEITUNA POTE 250 GR;UND;1;UNIDAD;6.300000;2024-11-27;ultimo precio SGP
PRD02190;ACEITUNA VERDE RODAJA;ING00018;ACEITUNA VERDE EN RODAJA;KG;1;KILOGRAMO;22.000000;2026-08-24;ultimo precio SGP
PRD02430;ACELGA;ING00019;ACELGA;KG;1;KILOGRAMO;4.280000;2026-09-13;ultimo precio SGP
PRD01306;AGUA SAN LUIS SIN GAS 2.5 LT;ING00027;AGUA SAN LUIS SIN GAS 2.5 LT;UND;1;BOTELLA;1.940000;2023-03-10;ultimo precio SGP
PRD01305;AGUA SAN LUIS DESCARTABLE BIB 20 LT;ING00028;AGUA SAN LUIS SIN GAS 20 LT;L;20;CAJA;14.711417;2018-10-29;ultimo precio SGP
PRD01307;AGUA VIDA SIN GAS 625 ML;ING00031;AGUA SAN LUIS SIN GAS 750 ML;UND;1;BOTELLA;0.546000;2019-08-26;ultimo precio SGP
PRD01314;AGUA SAN LUIS SIN GAS 625 ML;ING00031;AGUA SAN LUIS SIN GAS 750 ML;UND;1;BOTELLA;0.800000;2022-07-16;ultimo precio SGP
PRD01486;AGUA SAN LUIS SIN GAS 750 ML;ING00031;AGUA SAN LUIS SIN GAS 750 ML;UND;1;BOTELLA;0.950000;2026-10-01;inventario
PRD03425;CAJA CHICA - AGUA SAN MATEO 600 ML;ING00031;AGUA SAN LUIS SIN GAS 750 ML;UND;1;BOTELLA;1.413000;2022-05-17;ultimo precio SGP
PRD03931;CAJA CHICA - AGUA SAN LUIS S/GAS X 625 ML;ING00031;AGUA SAN LUIS SIN GAS 750 ML;UND;1;UNIDAD;1.243000;2023-07-02;ultimo precio SGP
PRD01490;AGUA VIDA DESCARTABLE BIB 20 LT;ING00033;AGUA VIDA DESCARTABLE BIB 20 LT;L;20;CAJA;15.400000;2021-06-10;ultimo precio SGP
PRD03030;CAJA CHICA - AGUA VIDA X 20 LT;ING00034;AGUA VIDA X 20 LT;UND;1;CAJA;18.000000;2019-11-12;ultimo precio SGP
PRD00442;AJI AMARILLO X KG;ING00037;AJI AMARILLO;KG;1;KILOGRAMO;5.500000;2026-10-01;inventario
PRD02833;CAJA CHICA - AJI AMARILLO ENTERO CONGELADO KG;ING00038;AJI AMARILLO ENTERO CONGELADO KG;KG;1;KILOGRAMO;12.000000;2023-02-26;ultimo precio SGP
PRD03546;CAJA CHICA - AJI CON HUACATAY;ING00042;AJI CON HUACATAY;KG;1;KILOGRAMO;5.000000;2026-08-11;ultimo precio SGP
PRD02225;AJI DE POLLERIA (CRIOLLO) EMIC 1 KG;ING00045;AJI DE POLLERIA;KG;1;BOLSA;11.900000;2026-10-01;inventario
PRD00417;AJI LIMO;ING00049;AJI LIMO;KG;1;KILOGRAMO;7.500000;2026-09-04;ultimo precio SGP
PRD00860;AJI PANCA SECO 4 ESTACIONES 1 KG;ING00052;AJI PANCA SECO;KG;1;BOLSA;21.210000;2019-04-06;ultimo precio SGP
PRD00125;AJINOMOTO 1 KG;ING00054;AJINOMOTO;KG;1;BOLSA;13.380000;2024-09-29;ultimo precio SGP
PRD03178;CAJA CHICA - AJO FRESCO;ING00058;AJO FRESCO;KG;1;KILOGRAMO;13.000000;2026-02-04;ultimo precio SGP
PRD00861;AJONJOLI 4 ESTACIONES 1 KG;ING00060;AJONJOLI;KG;1;BOLSA;17.700000;2026-07-12;ultimo precio SGP
PRD03866;AJUAR DE BEBE 5 PIEZAS CON LOGOS SODEXO;ING00062;AJUAR DE BEBE 5 PIEZAS CON LOGOS SODEXO;UND;1;UNIDAD;62.000000;2021-05-29;ultimo precio SGP
PRD02431;ALAS DE POLLO CONGELADO;ING00063;ALAS CONGELADO;KG;1;KILOGRAMO;11.731381;2026-10-01;inventario
PRD00418;ALBAHACA;ING00065;ALBAHACA;KG;1;KILOGRAMO;5.530000;2026-10-01;inventario
PRD01440;ALCA DETER X 4L [B2-4L];ING00069;ALCA DETER X 4 L (B2-4 L);L;4;LITRO;20.900000;2026-10-01;inventario
PRD01349;ALCOHOL EN GEL BLEND X 400 ML;ING00074;ALCOHOL EN GEL BLEND X 400 ML;UND;1;UNIDAD;11.017000;2020-07-08;ultimo precio SGP
PRD01356;ALCOHOL GEL IDOGEL X 1000ML;ING00076;ALCOHOL GEL IDOGEL X 1000 ML;L;1;LITRO;19.000000;2021-10-29;ultimo precio SGP
PRD03531;CAJA CHICA - ALCOHOL GEL SACHET 800 ML;ING00077;ALCOHOL GEL SACHET 800 ML;UND;1;UNIDAD;11.017000;2020-07-10;ultimo precio SGP
PRD01354;ALCOHOL GEL X 1000 ML TAPA PUMP NEX;ING00078;ALCOHOL GEL SPARTAN COSMETICO NEUTRO - PARA MANOS;L;1;LITRO;19.000000;2025-01-08;ultimo precio SGP
PRD02546;ALCOHOL GEL SPARTAN 4 LITROS COSMETICO NEUTRO;ING00078;ALCOHOL GEL SPARTAN COSMETICO NEUTRO - PARA MANOS;L;4;GALON;72.650000;2026-10-01;inventario
PRD02551;ALCOHOL GEL SPARTAN 6X4 LITROS COSMETICO NEUTRO;ING00078;ALCOHOL GEL SPARTAN COSMETICO NEUTRO - PARA MANOS;L;24;CAJA;435.880000;2024-07-26;ultimo precio SGP
PRD03324;CAJA CHICA - ALCOHOL INDUSTRIAL 70º 4 LT;ING00079;ALCOHOL INDUSTRIAL 70º 4 LT;UND;1;GALON;16.712000;2020-07-08;ultimo precio SGP
PRD03936;CAJA CHICA - ALMENDRA NATURAL X 180 GR;ING00087;ALMENDRA NATURAL X 180 GR;UND;1;BOLSA;4.920000;2022-10-31;ultimo precio SGP
PRD04146;CAJA CHICA - ALMENDRA X 80 GR;ING00089;ALMENDRA X 80 GR;UND;1;GRAMO;4.915000;2024-08-18;ultimo precio SGP
PRD00862;ALMENDRAS 4 ESTACIONES 1 KG;ING00090;ALMENDRAS;KG;1;BOLSA;48.420000;2026-10-01;inventario
PRD01239;ALPACA ENTERA TROZADA CONGELADA;ING00092;ALPACA CONGELADO;KG;1;KILOGRAMO;28.675766;2025-08-10;ultimo precio SGP
PRD01691;ALPACA ENTERA TROZADA CONGELADA (LA GRANJA);ING00093;ALPACA ENTERA TROZADA CONGELADA;KG;1;KILOGRAMO;30.280000;2026-10-01;inventario
PRD00863;ANIS SECO 4 ESTACIONES 1 KG;ING00105;ANIS SECO;KG;1;BOLSA;30.000000;2026-10-01;inventario
PRD00508;INFUSION ANIS DEL VALLE 100 SOBRES;ING00106;ANIS SOBRECITO;UND;100;CAJA;4.360000;2026-10-01;inventario
PRD00419;APIO;ING00109;APIO;KG;1;KILOGRAMO;3.800000;2026-10-01;inventario
PRD02708;CAJA CHICA - APIO;ING00109;APIO;KG;1;KILOGRAMO;7.000000;2025-10-01;ultimo precio SGP
PRD00662;ARROZ BLANCO COCIDO 3 KG RAM;ING00114;ARROZ BLANCO RAM;UND;1;SACHET;19.000000;2020-08-12;ultimo precio SGP
PRD00061;ARROZ EXTRA NIR DEL NORTE;ING00115;ARROZ EXTRA;KG;1;KILOGRAMO;2.990000;2019-12-29;ultimo precio SGP
PRD00062;ARROZ EXTRA PARBOILED;ING00115;ARROZ EXTRA;KG;1;KILOGRAMO;2.750000;2018-08-29;ultimo precio SGP
PRD00064;ARROZ EXTRA MOLINO ROJO;ING00115;ARROZ EXTRA;KG;1;KILOGRAMO;3.343681;2019-03-18;ultimo precio SGP
PRD00065;ARROZ EXTRA VERDI;ING00115;ARROZ EXTRA;KG;1;KILOGRAMO;3.000000;2019-02-27;ultimo precio SGP
PRD00066;ARROZ EXTRA D'AMANTE;ING00115;ARROZ EXTRA;KG;1;KILOGRAMO;2.960093;2020-06-10;ultimo precio SGP
PRD02871;CAJA CHICA - ARROZ EXTRA;ING00115;ARROZ EXTRA;KG;1;KILOGRAMO;3.500000;2022-05-17;ultimo precio SGP
PRD00047;ARROZ PAL COMBO TURQUEZA (EXTRA) SACO 49 KG;ING00117;ARROZ EXTRA 50 KG;KG;49;SACO;217.924308;2024-12-01;ultimo precio SGP
PRD00056;ARROZ COSTEÑO EXTRA HOJA REDONDA AÑEJO 50 KG;ING00117;ARROZ EXTRA 50 KG;KG;50;SACO;209.347528;2026-10-01;inventario
PRD00068;ARROZ EXTRA D'AMANTE SACO 50 KG;ING00117;ARROZ EXTRA 50 KG;KG;50;SACO;156.880000;2020-09-06;ultimo precio SGP
PRD00069;ARROZ COSTEÑO EXTRA NIR SACO 50 KG;ING00117;ARROZ EXTRA 50 KG;KG;50;SACO;211.536066;2024-09-19;ultimo precio SGP
PRD00070;ARROZ EXTRA PARBOILED SACO 50 KG;ING00117;ARROZ EXTRA 50 KG;KG;50;SACO;208.500000;2023-07-05;ultimo precio SGP
PRD00071;ARROZ CAMPERO EXTRA SACO 50 KG;ING00117;ARROZ EXTRA 50 KG;KG;50;SACO;232.011000;2023-05-27;ultimo precio SGP
PRD00073;ARROZ EXTRA ESTRELLITA DEL NORTE 50 KG;ING00117;ARROZ EXTRA 50 KG;KG;50;SACO;175.000000;2021-06-06;ultimo precio SGP
PRD00063;ARROZ CORRIENTE PARA SOPA;ING00118;ARROZ GRANO QUEBRADO PARA SOPA;KG;1;KILOGRAMO;2.600000;2018-12-20;ultimo precio SGP
PRD00072;ARROZ CORRIENTE PARA SOPA SACO 50 KG;ING00118;ARROZ GRANO QUEBRADO PARA SOPA;KG;50;SACO;201.607000;2026-08-07;ultimo precio SGP
PRD00351;ARVEJA VERDE 1 KG;ING00121;ARVEJA PELADA CONGELADO;KG;1;KILOGRAMO;4.070000;2018-10-29;ultimo precio SGP
PRD01194;ARVEJA GRANO PELADA CONGELADO;ING00121;ARVEJA PELADA CONGELADO;KG;1;KILOGRAMO;7.298580;2026-10-01;inventario
PRD02073;ARVEJA FRESCA EN VAINA;ING00121;ARVEJA PELADA CONGELADO;KG;1;KILOGRAMO;5.500000;2022-10-06;ultimo precio SGP
PRD00021;ARVEJA VERDE PARTIDA CANTA CLARO BOLSA 500 GR;ING00122;ARVEJA VERDE PARTIDA;KG;0.5;BOLSA;3.300000;2026-10-01;inventario
PRD00058;ARVEJA VERDE PARTIDA COSTEÑO 500 GR;ING00122;ARVEJA VERDE PARTIDA;KG;0.5;BOLSA;1.905000;2020-05-06;ultimo precio SGP
PRD00357;ARVEJA VERDE PARTIDA KOMILON 5 KG;ING00122;ARVEJA VERDE PARTIDA;KG;5;BOLSA;27.776000;2022-12-08;ultimo precio SGP
PRD00363;ARVEJA VERDE PARTIDA KOMILON 500 GR;ING00122;ARVEJA VERDE PARTIDA;KG;0.5;BOLSA;3.450000;2025-11-02;ultimo precio SGP
PRD00371;ARVEJA VERDE PARTIDA CANTA CLARO 5 KG;ING00122;ARVEJA VERDE PARTIDA;KG;5;BOLSA;28.000000;2025-01-23;ultimo precio SGP
PRD03623;CAJA CHICA - ARVEJA PELADA;ING00122;ARVEJA VERDE PARTIDA;KG;1;KILOGRAMO;2.000000;2024-05-15;ultimo precio SGP
PRD01391;"ATRAPA POLVO REPUESTO ALGODON/AZUL DM-25536BDA 36"" (91 CM) ABCO";ING00127;"ATRAPAPOLVO REPUESTO ALGODON/AZUL DM-2553BDA 36""";UND;1;UNIDAD;19.080000;2019-08-26;ultimo precio SGP
PRD00002;ATUN TROZOS GLORIA 170 GR;ING00128;ATUN EN ACEITE LATA;KG;0.17;LATA;4.301000;2023-11-09;ultimo precio SGP
PRD00005;ATUN TROZOS FLORIDA 140 GR;ING00128;ATUN EN ACEITE LATA;KG;0.14;LATA;3.900000;2024-06-06;ultimo precio SGP
PRD00009;ATUN TROZOS COMPASS 170 GR;ING00128;ATUN EN ACEITE LATA;KG;0.17;LATA;3.780000;2023-11-09;ultimo precio SGP
PRD00806;ATUN SOLIDO FANNY 170 GR;ING00128;ATUN EN ACEITE LATA;KG;0.17;LATA;3.840000;2022-11-13;ultimo precio SGP
PRD00808;ATUN SOLIDO FLORIDA 140 GR;ING00128;ATUN EN ACEITE LATA;KG;0.14;LATA;5.500000;2024-03-03;ultimo precio SGP
PRD00810;ATUN TROZOS GLORIA 140 GR;ING00128;ATUN EN ACEITE LATA;KG;0.14;LATA;4.300000;2024-10-21;ultimo precio SGP
PRD00812;ATUN TROZOS COMPASS 140 GR;ING00128;ATUN EN ACEITE LATA;KG;0.14;LATA;3.860000;2026-10-01;inventario
PRD00830;ATUN TROZOS MARINERO 170 GR;ING00128;ATUN EN ACEITE LATA;KG;0.17;LATA;3.780000;2024-01-24;ultimo precio SGP
PRD00831;ATUN FILETE COMPASS 170 GR;ING00128;ATUN EN ACEITE LATA;KG;0.17;LATA;3.820000;2021-11-11;ultimo precio SGP
PRD00834;ATUN FILETE FLORIDA 170 GR;ING00128;ATUN EN ACEITE LATA;KG;0.17;LATA;4.293000;2022-07-30;ultimo precio SGP
PRD02872;CAJA CHICA - ATUN TROZOS STARKITS 170 GR;ING00129;ATUN EN ACEITE LATA (UND);UND;1;LATA;3.051000;2022-05-17;ultimo precio SGP
PRD00082;AVENA 3 OSITOS 100 GR;ING00131;AVENA;KG;0.1;BOLSA;0.830000;2024-10-21;ultimo precio SGP
PRD00083;AVENA 3 OSITOS 110 GR;ING00131;AVENA;KG;0.11;BOLSA;0.830000;2025-09-03;ultimo precio SGP
PRD00086;AVENA 3 OSITOS 135 GR;ING00131;AVENA;KG;0.135;BOLSA;0.658000;2020-06-23;ultimo precio SGP
PRD00087;AVENA 3 OSITOS 120 GR;ING00131;AVENA;KG;0.12;BOLSA;0.814992;2023-06-08;ultimo precio SGP
PRD00090;AVENA 3 OSITOS 10 KG;ING00131;AVENA;KG;10;BOLSA;39.076000;2026-10-01;inventario
PRD00104;AVENA SANTA CATALINA SACO 10 KG;ING00131;AVENA;KG;10;BOLSA;34.420000;2020-02-18;ultimo precio SGP
PRD00074;KIWICHA AVENA 3 OSITOS 170 GR;ING00133;AVENA CON KIWICHA;KG;0.17;BOLSA;1.317000;2022-11-27;ultimo precio SGP
PRD02701;CAJA CHICA - AZUCAR BLANCA X KG;ING00138;AZUCAR BLANCA GRANEL;KG;1;KILOGRAMO;4.203000;2022-05-07;ultimo precio SGP
PRD00213;AZUCAR IMPALPABLE HONORA (LEVAPAN) 5 KG;ING00139;AZUCAR IMPALPABLE;KG;5;BOLSA;22.270000;2021-12-02;ultimo precio SGP
PRD00965;AZUCAR IMPALPABLE NEGUSA 1 KG;ING00139;AZUCAR IMPALPABLE;KG;1;BOLSA;9.549999;2026-10-01;inventario
PRD00973;AZUCAR IMPALPABLE NEGUSA 1 KG - UNIDAD;ING00139;AZUCAR IMPALPABLE;KG;1;BOLSA;9.550000;2025-12-23;ultimo precio SGP
PRD01019;AZUCAR IMPALPABLE LA NEGRITA 5 KG;ING00140;AZUCAR IMPALPABLE (UND);UND;1;BOLSA;36.000000;2022-06-22;ultimo precio SGP
PRD00115;AZUCAR BLANCA;ING00141;AZUCAR RUBIA;KG;1;KILOGRAMO;2.655000;2018-12-20;ultimo precio SGP
PRD00116;AZUCAR RUBIA;ING00141;AZUCAR RUBIA;KG;1;KILOGRAMO;1.818225;2020-03-24;ultimo precio SGP
PRD00122;AZUCAR RUBIA CARTAVIO 5 KG;ING00141;AZUCAR RUBIA;KG;5;BOLSA;23.799641;2024-07-06;ultimo precio SGP
PRD00123;AZUCAR BLANCA SACO 50 KG;ING00141;AZUCAR RUBIA;KG;50;SACO;177.630000;2025-06-17;ultimo precio SGP
PRD00124;AZUCAR RUBIA SACO 50 KG;ING00141;AZUCAR RUBIA;KG;50;SACO;135.816741;2026-10-01;inventario
PRD03031;CAJA CHICA - AZUCAR IMPALPABLE LEVAPAN KG;ING00141;AZUCAR RUBIA;KG;1;KILOGRAMO;12.712000;2021-02-07;ultimo precio SGP
PRD03632;CAJA CHICA - AZUCAR FINA;ING00141;AZUCAR RUBIA;KG;1;KILOGRAMO;4.203000;2022-05-17;ultimo precio SGP
PRD04040;CAJA CHICA - AZUCAR SACHET DE 5 GR;ING00143;AZUCAR RUBIA PERSONAL;UND;1;UNIDAD;35.237000;2021-10-05;ultimo precio SGP
PRD00096;AZUCAR RUBIA PERSONAL TRES ESPADAS 500 UNIDS;ING00144;AZUCAR SACHET SODEXO;UND;500;BOLSA;28.500000;2021-10-27;ultimo precio SGP
PRD00097;AZUCAR RUBIA PERSONAL TRES ESPADAS 5 GRM (BOLSA 2.5 MILLAR);ING00144;AZUCAR SACHET SODEXO;UND;2500;BOLSA;88.462273;2022-06-17;ultimo precio SGP
PRD00098;AZUCAR BLANCA PERSONAL TRES ESPADAS 500 UNIDS;ING00144;AZUCAR SACHET SODEXO;UND;500;BOLSA;28.500000;2021-10-27;ultimo precio SGP
PRD00099;AZUCAR RUBIA PERSONAL ONZA PAQ 1 MILLAR;ING00144;AZUCAR SACHET SODEXO;UND;1000;SACHET;42.500000;2021-10-08;ultimo precio SGP
PRD00112;AZUCAR RUBIA PERSONAL SODEXO PAQ (5 GR) 1 MILLAR;ING00144;AZUCAR SACHET SODEXO;UND;1000;CAJA;29.000000;2026-08-03;ultimo precio SGP
PRD00118;AZUCAR BLANCA PERSONAL SODEXO PAQ (5 GR)1 MILLAR;ING00144;AZUCAR SACHET SODEXO;UND;1000;BOLSA;29.000000;2026-10-01;inventario
PRD03656;CAJA CHICA - BARRA DE CHOCOLATE Y GRANOLA;ING00149;BARRA DE CHOCOLATE Y GRANOLA;UND;1;UNIDAD;10.000000;2025-11-13;ultimo precio SGP
PRD00546;BARRA DE QUINUA GRANOLIN 25 GR;ING00150;BARRA DE QUINUA 25 G;UND;1;UNIDAD;0.840000;2026-10-01;inventario
PRD00542;BARRA DE QUINUA PRODUCTOS ANDINOS 40 GR;ING00151;BARRA DE QUINUA 40 GR;UND;1;UNIDAD;0.910000;2023-11-05;ultimo precio SGP
PRD01575;BEBIDA ACTI AVENA GLORIA 250 MLT;ING00168;BEBIDA ACTI AVENA 240 ML;UND;1;VASO;1.095000;2020-08-19;ultimo precio SGP
PRD03299;CAJA CHICA - BEBIDA REHIDRATANTE AZUL POWERADE 473 ML;ING00178;BEBIDA REHIDRATANTE AZUL POWERADE 473 ML;UND;1;BOTELLA;2.119000;2019-03-05;ultimo precio SGP
PRD00139;BEBIDA REHIDRATANTE FRUTILLA POWERADE 473 ML;ING00179;BEBIDA REHIDRATANTE FRUTILLA POWERADE 473 ML;UND;1;BOTELLA;1.200000;2023-09-06;ultimo precio SGP
PRD03300;CAJA CHICA - BEBIDA REHIDRATANTE FRUTILLA POWERADE 473 ML;ING00179;BEBIDA REHIDRATANTE FRUTILLA POWERADE 473 ML;UND;1;BOTELLA;1.864000;2021-08-23;ultimo precio SGP
PRD01287;BEBIDA REHIDRATANTE MORA AZUL POWERADE 500 ML;ING00187;BEBIDA REHIDRATANTE MORA AZUL POWERADE 500 ML;UND;1;BOTELLA;1.198500;2020-10-07;ultimo precio SGP
PRD01586;BEBIDA REHIDRATANTE MORA AZUL POWERADE 473 ML;ING00188;BEBIDA REHIDRATANTE MORA POWERADE 473 ML;UND;1;BOTELLA;1.200000;2023-08-04;ultimo precio SGP
PRD00440;BERENJENA;ING00191;BERENJENA;KG;1;KILOGRAMO;4.500000;2024-12-15;ultimo precio SGP
PRD01195;BETERRAGA EN CUBOS CONGELADO;ING00193;BETERRAGA CUBOS CONGELADO;KG;1;KILOGRAMO;4.496000;2018-08-19;ultimo precio SGP
PRD00447;BETERRAGA FRESCA;ING00194;BETERRAGA ENTERA;KG;1;KILOGRAMO;1.930000;2026-10-01;inventario
PRD02724;CAJA CHICA - BETERRAGA FRESCA;ING00195;BETERRAGA FRESCA;KG;1;KILOGRAMO;3.080000;2026-04-14;ultimo precio SGP
PRD01266;BETUN NEGRO KIWI 88 GR;ING00204;BETUN NEGRO GRANDE 88 ML;UND;1;LATA;2.480000;2020-07-01;ultimo precio SGP
PRD01270;BETUN NEGRO SAPOLIO 88 ML;ING00205;BETUN NEGRO GRANDE SAPOLIO 88 ML;UND;1;LATA;3.040000;2020-07-23;ultimo precio SGP
PRD00972;BICARBONATO DE SODIO ELYMAR 250 GR;ING00210;BICARBONATO DE SODIO;KG;0.25;BOLSA;2.510000;2026-10-01;inventario
PRD01028;BICARBONATO DE SODIO 4 ESTACIONES 250 GR;ING00210;BICARBONATO DE SODIO;KG;0.25;BOLSA;1.997000;2022-07-16;ultimo precio SGP
PRD00710;BISCOCHO CHOCMAN COSTA 33.5 GR;ING00218;BISCOCHO CHOCMAN COSTA 33.5 GR;UND;1;PAQUETE;0.549000;2025-12-24;ultimo precio SGP
PRD02684;BLOQUEADOR SOLAR SACHET EXTREMO DERMASOL F-50 10 GR;ING00223;BLOQUEADOR SOLAR SACHET EXTREMO DERMASOL F-50 10 G;UND;1;UNIDAD;3.250000;2025-07-20;ultimo precio SGP
PRD02680;BLOQUEADOR SOLAR SACHET VISAGE DERMOSOL F-100 10GR;ING00224;BLOQUEADOR SOLAR SACHET VISAGE DEMOSOL F-100 10 GR;UND;1;UNIDAD;2.940000;2026-10-01;inventario
PRD01968;BOLI YUCAS CON QUESO 20 GR CONGELADO;ING00228;BOLIYUCAS CON QUESO 20 G CONGELADO;UND;1;UNIDAD;0.275000;2022-10-21;ultimo precio SGP
PRD02258;BOLSA BLANCA T-SHIRT PARAISO 16 X 19 PAQ - 1000 UND;ING00236;BOLSA BLANCA T-SHIRT BIODEG.PARAISO 16X19 PAQ MILL;UND;1000;PAQUETE;219.510552;2021-08-13;ultimo precio SGP
PRD02259;BOLSA BLANCA T-SHIRT PARAISO 21 X 24 - 500 UND;ING00237;BOLSA BLANCA T-SHIRT BIODEG.PARAISO 21X24 500 UND;UND;500;PAQUETE;155.494000;2022-08-05;ultimo precio SGP
PRD02250;BOLSA BLANCA T-SHIRT BIODEG.PARAISO 16 X 19 PAQ 1000 UND;ING00238;BOLSA BLANCA T-SHIRT BIODEGRADABLE 16X19 MILLAR;UND;1000;PAQUETE;181.693000;2020-06-30;ultimo precio SGP
PRD02277;BOLSA BLANCA T-SHIRT CHICA PARAISO 16 X 19 X 2 (PQT 1000 UND);ING00239;BOLSA BLANCA T-SHIRT CHICA PARAISO 16X19X2 PQT MIL;UND;1000;PAQUETE;205.399773;2026-10-01;inventario
PRD02254;BOLSA DE PAPEL KRAFT #4 MILLAR;ING00243;BOLSA DE PAPEL KRAFT #4 MILLAR;UND;1000;PAQUETE;70.066770;2021-07-15;ultimo precio SGP
PRD02255;BOLSA DE PAPEL KRAFT #6 MILLAR;ING00244;BOLSA DE PAPEL KRAFT #6 MILLAR;UND;1000;PAQUETE;78.500000;2020-10-07;ultimo precio SGP
PRD02274;BOLSA DE PAPEL KRAFT #4 C/LOGO SODEXO 500 UND;ING00246;BOLSA DE PAPEL KRAFT 50 GR #4 (12.5X24.2X7.5);UND;500;PAQUETE;37.500000;2021-09-15;ultimo precio SGP
PRD02275;BOLSA DE PAPEL KRAFT #4 500 UND;ING00246;BOLSA DE PAPEL KRAFT 50 GR #4 (12.5X24.2X7.5);UND;500;PAQUETE;66.732670;2024-10-30;ultimo precio SGP
PRD02564;BOLSA DE PAPEL KRAFT 50GR #4 (12.5X24.2X7.5) 500 UND;ING00246;BOLSA DE PAPEL KRAFT 50 GR #4 (12.5X24.2X7.5);UND;500;PAQUETE;46.667000;2026-10-01;inventario
PRD02566;BOLSA DE PAPEL KRAFT 50GR #6 (14.8X28X8.5) 500 UND;ING00246;BOLSA DE PAPEL KRAFT 50 GR #4 (12.5X24.2X7.5);UND;500;PAQUETE;59.322000;2025-08-10;ultimo precio SGP
PRD02569;BOLSA DE PAPEL KRAFT 70GR #20 (20.4X30.2X13) 500 UND;ING00246;BOLSA DE PAPEL KRAFT 50 GR #4 (12.5X24.2X7.5);UND;500;PAQUETE;160.565000;2025-11-07;ultimo precio SGP
PRD02241;"BOLSA POLIETILENO CRISTAL 26""X40""X1MC X MILLAR";ING00248;BOLSA DE POLIETILENO CRISTAL 26 X40 X 1MC X MILLAR;UND;1000;PAQUETE;437.760000;2024-07-28;ultimo precio SGP
PRD02264;BOLSA DE POLIETILENO CRISTAL 26X40X1MC X MILLAR;ING00248;BOLSA DE POLIETILENO CRISTAL 26 X40 X 1MC X MILLAR;UND;1000;PAQUETE;444.915000;2023-08-04;ultimo precio SGP
PRD02273;BOLSA PARA BASURA PLASTICA ROJA C/F 140 LT 1.4 MC 41´´X 35´´ 100 UND;ING00253;"BOLSA P/BASUR PLAST ROJA C/F 140 LT 1.4 MC 41""X35";UND;100;PAQUETE;52.859000;2026-10-01;inventario
PRD02268;BOLSA PARA BASURA PLASTICA AMARILLO C/F 140 LT 1.4 MC 41´´X 35´´ 100 UND;ING00254;BOLSA PARA BASURA AMARILLA 140 / 250;UND;100;PAQUETE;52.859000;2026-10-01;inventario
PRD02256;"BOLSA PARA BASURA PLASTICA AMARILLA 75 LT 2 MC 28"" X 72"" 100 UND";ING00255;"BOLSA PARA BASURA AMARILLA 75 LT 2 MC 28""X72""";UND;100;PAQUETE;42.690000;2023-06-08;ultimo precio SGP
PRD02246;BOLSA PARA BASURA PLASTICA AZUL 250 LT 100 UND;ING00256;BOLSA PARA BASURA AZUL 140LT / 250LT;UND;100;PAQUETE;88.187000;2025-03-07;ultimo precio SGP
PRD02269;BOLSA PARA BASURA PLASTICA AZUL C/F 140 LT 1.4 MC 41´´X 35´´ 100 UND;ING00256;BOLSA PARA BASURA AZUL 140LT / 250LT;UND;100;PAQUETE;52.859000;2026-10-01;inventario
PRD02252;BOLSA PARA BASURA PLASTICA BLANCA 250 LT 100 UND;ING00257;BOLSA PARA BASURA BLANCA 140LT / 250LT;UND;100;PAQUETE;88.187000;2026-02-27;ultimo precio SGP
PRD02270;BOLSA PARA BASURA PLASTICA BLANCA C/F 140 LT 1.4 MC 41´´X 35´´ 100 UND;ING00257;BOLSA PARA BASURA BLANCA 140LT / 250LT;UND;100;PAQUETE;52.859000;2026-10-01;inventario
PRD02248;BOLSA PARA BASURA PLASTICA MARRON 1.8 MC 250 LT 100 UND;ING00258;BOLSA PARA BASURA MARRON 140LT / 250LT;UND;100;PAQUETE;88.187000;2024-10-11;ultimo precio SGP
PRD02271;BOLSA PARA BASURA PLASTICA MARRON C/F 140 LT 1.4 MC 41´´X 35´´ 100 UND;ING00258;BOLSA PARA BASURA MARRON 140LT / 250LT;UND;100;PAQUETE;52.859000;2026-10-01;inventario
PRD01684;BOLSA PARA BASURA NEGRA C/F 140 LT UND 1.6 MC;ING00259;BOLSA PARA BASURA NEGRA 140LT / 250LT;UND;1;UNIDAD;0.551000;2026-03-20;ultimo precio SGP
PRD01685;BOLSA PARA BASURA NEGRA 220 LT UND 1.6 MICRAS;ING00259;BOLSA PARA BASURA NEGRA 140LT / 250LT;UND;1;UNIDAD;0.773000;2024-10-11;ultimo precio SGP
PRD02249;BOLSA PARA BASURA PLASTICA AMARILLA 250 LT 100 UND;ING00259;BOLSA PARA BASURA NEGRA 140LT / 250LT;UND;100;PAQUETE;88.187000;2025-02-24;ultimo precio SGP
PRD02272;BOLSA PARA BASURA PLASTICA NEGRA C/F 140 LT 1.4 MC 41´´X 35´´ 100 UND;ING00259;BOLSA PARA BASURA NEGRA 140LT / 250LT;UND;100;PAQUETE;36.281000;2026-10-01;inventario
PRD02265;"BOLSA PARA BASURA PLASTICA NEGRA C/F 35 LT 30"" X 20"" 100 UND 1.2 MC";ING00261;BOLSA PARA BASURA NEGRA 35 LT;UND;100;PAQUETE;12.920000;2025-03-07;ultimo precio SGP
PRD02266;"BOLSA PARA BASURA PLASTICA ROJA C/F 35 LT 30"" X 20"" 100 UND 1.2 MC";ING00264;"BOLSA PARA BASURA PLASTICA ROJA 35 LT 30""X20""";UND;100;PAQUETE;13.500000;2025-11-05;ultimo precio SGP
PRD02245;"BOLSA PARA BASURA PLASTICA ROJA 250 LT 1.8 MC 52"" X 40"" 100 UND";ING00265;BOLSA PARA BASURA ROJA 140LT / 250LT;UND;100;PAQUETE;88.254500;2025-02-02;ultimo precio SGP
PRD02247;BOLSA PARA BASURA PLASTICA VERDE 250 LT 100 UND;ING00266;BOLSA PARA BASURA VERDE 250 LT;UND;100;PAQUETE;87.821297;2025-10-25;ultimo precio SGP
PRD03325;CAJA CHICA - BOLSA PARA CUBIERTO 3 X 10 100 UND;ING00267;BOLSA PARA CUBIERTO 3 X 10 100 UND;UND;1;PAQUETE;2.500000;2025-01-23;ultimo precio SGP
PRD02240;BOLSA PARA CUBIERTO 8 X 3 200 UND;ING00268;BOLSA PARA CUBIERTO 4 X 10 (8.5 CM X 24.10 CM);UND;200;PAQUETE;1.658000;2024-10-21;ultimo precio SGP
PRD02244;BOLSA PARA CUBIERTO 4 X 10 PQTE 200 UND;ING00268;BOLSA PARA CUBIERTO 4 X 10 (8.5 CM X 24.10 CM);UND;200;PAQUETE;4.131000;2024-10-11;ultimo precio SGP
PRD02263;BOLSA PARA CUBIERTO 4 X 10 PQTE 50 UND;ING00268;BOLSA PARA CUBIERTO 4 X 10 (8.5 CM X 24.10 CM);UND;50;PAQUETE;0.593000;2021-05-23;ultimo precio SGP
PRD02653;BOLSA PARA CUBIERTO 4X10 (8.5CM X 24.10CM) ALFA X 100 UND;ING00268;BOLSA PARA CUBIERTO 4 X 10 (8.5 CM X 24.10 CM);UND;100;PAQUETE;2.373000;2026-10-01;inventario
PRD02571;BOLSA PARA CUBIERTO FLAT KRAFT 50GR 28X8CM C/LOGO MILLAR;ING00270;BOLSA PARA CUBIERTO FLAT KRAFT 50GR 28X8CM C/LOGO;UND;1000;PAQUETE;48.533000;2026-10-01;inventario
PRD01472;BOLSA PARA LAVANDERIA BIODEG.PARAISO 16.5 X 23 MILLAR;ING00272;BOLSA PARA LAVANDERIA BIODEGR. PARAISO 16.5 X 23;UND;1000;PAQUETE;144.846615;2019-10-28;ultimo precio SGP
PRD02260;BOLSA PARA LAVANDERIA BIODEG.PARAISO 16.5 X 23 PAQ 1000 UND;ING00272;BOLSA PARA LAVANDERIA BIODEGR. PARAISO 16.5 X 23;UND;1000;PAQUETE;248.003000;2021-04-07;ultimo precio SGP
PRD02279;BOLSA PLANA LAVANDERIA PARAISO 16.5 X 23 X 2 PQT (1000 UND);ING00275;BOLSA PLANA LAVANDERIA PARAISO 16.5X 23 X 2PQT MIL;UND;1000;PAQUETE;337.968000;2022-04-19;ultimo precio SGP
PRD02243;BOLSA PLASTICA RESELLABLE 50 UNID.;ING00277;BOLSA PLASTICA RESELLABLE;UND;50;PAQUETE;11.343996;2026-10-01;inventario
PRD03033;CAJA CHICA - BOLSA PLASTICA RESELLABLE ZIPLOC X 50 UND;ING00278;BOLSA PLASTICA RESELLABLE ZIPLOC X 50 UND;UND;1;PAQUETE;6.686000;2018-12-01;ultimo precio SGP
PRD02242;BOLSA POLIETILENO CRISTAL 90X135CM 30ÌM X 100 UND;ING00281;BOLSA POLIETILENO CRISTAL 90X135 CM 30 IM;UND;100;PAQUETE;102.752000;2026-10-01;inventario
PRD01470;BOLSA TRANSPARENTE ROLLOMATIC 8 X 12;ING00284;BOLSA TRANSPARENTE ROLLOMATIC 5 X 10;UND;1;ROLLO;11.270000;2020-04-29;ultimo precio SGP
PRD01471;BOLSA TRANSPARENTE ROLLOMATIC 5 X 10;ING00284;BOLSA TRANSPARENTE ROLLOMATIC 5 X 10;UND;1;ROLLO;13.242000;2026-10-01;inventario
PRD02949;CAJA CHICA - BOLSAS NEGRAS 15 LT X 100 UND;ING00289;BOLSAS NEGRAS 15 LT X 100 UND;UND;1;PAQUETE;8.475000;2020-07-15;ultimo precio SGP
PRD01469;BOLSA BLANCA T-SHIRT 16 X 19 100 UNID;ING00299;BOLSAS T-SHIRT 16 X 19;UND;100;PAQUETE;5.243750;2022-02-18;ultimo precio SGP
PRD02654;BOLSA BLANCA T-SHIRT 16 X 19 EL SOL X 100 UND;ING00299;BOLSAS T-SHIRT 16 X 19;UND;100;PAQUETE;5.000000;2025-01-05;ultimo precio SGP
PRD00282;CHOCOLATE RELLENO BON O BON;ING00306;BON O BON LECHE 16 GR;UND;1;UNIDAD;0.730000;2026-09-13;ultimo precio SGP
PRD01246;BONITO FILETE CON PIEL CONGELADO - KGM;ING00307;BONITO FILETE CON PIEL CONGELADO;KG;1;KILOGRAMO;14.469356;2026-10-01;inventario
PRD02293;BOTELLA DESCARTABLE PET HOT FILLING (80°) CON TAPA DE 500 ML X 100 UND;ING00308;BOTELLA DESCARTABLE PET 500 ML;UND;100;PAQUETE;102.983000;2026-10-01;inventario
PRD01748;BOTONES DE POTA CONGELADO;ING00309;BOTONES DE POTA CONGELADO;KG;1;KILOGRAMO;14.120000;2023-12-30;ultimo precio SGP
PRD01196;BROCOLI PRE COCIDO 30/60 CONGELADO;ING00313;BROCOLI 20-40 CONGELADO;KG;1;KILOGRAMO;11.537333;2025-05-14;ultimo precio SGP
PRD01865;BROCOLI PRE COCIDO 20/40 CONGELADO;ING00315;BROCOLI PRE COCIDO 20/40 CONGELADO - E;KG;1;KILOGRAMO;10.464321;2026-10-01;inventario
PRD01740;CABALLA FILETE CON PIEL CONGELADO;ING00318;CABALLA FILETE CON PIEL CONGELADO;KG;1;KILOGRAMO;16.140000;2026-06-12;ultimo precio SGP
PRD01376;CABEZA ESCOBA DE PLASTICO SUPER DALIA VIRUTEX 12 UND;ING00320;CABEZA ESCOBA DE PLASTICO SUPER DALIA VIRUTEX;UND;1;PAQUETE;111.880000;2026-02-16;ultimo precio SGP
PRD01695;CABRITO DESHUESADO CONGELADO - KGM;ING00321;CABRITO DESHUESADO CONGELADO;KG;1;KILOGRAMO;33.000000;2021-10-29;ultimo precio SGP
PRD03667;CAJA CHICA - CACAO Y LUCUMA NIBS;ING00323;CACAO Y LUCUMA NIBS;UND;1;UNIDAD;50.847000;2026-10-01;inventario
PRD00476;CAFE INSTANTANEO NESCAFE TRADICION STICK 2 GR;ING00328;CAFE INSTANTANEO NESCAFE TRADICION STICK 2 GR;UND;1;UNIDAD;0.270000;2026-10-01;inventario
PRD00511;CAFE INSTANTANEO NESCAFE CLASICO STICK 2 GR;ING00328;CAFE INSTANTANEO NESCAFE TRADICION STICK 2 GR;UND;1;UNIDAD;0.157000;2020-08-12;ultimo precio SGP
PRD03035;CAJA CHICA - CAFE INSTANTANEO NESCAFE TRADICION X 200 GR;ING00329;CAFE INSTANTANEO NESCAFE TRADICION X 200 GR;UND;1;UNIDAD;9.737000;2019-07-15;ultimo precio SGP
PRD00514;CAFE TIPO EXTRA SUPERIOR VALENZUELA 1 KG;ING00333;CAFE MOLIDO GRANEL;KG;1;KILOGRAMO;12.130000;2019-07-25;ultimo precio SGP
PRD00107;CAFE MOLIDO NESCAFE TRADICION NESTLE 500 GR;ING00336;CAFE MOLIDO INSTANTANEO KG;KG;0.5;BOLSA;140.355000;2026-10-01;inventario
PRD00493;CAFE INSTANTANEO KIRMA NESTLE 180 GR;ING00336;CAFE MOLIDO INSTANTANEO KG;KG;0.18;UNIDAD;18.369400;2026-10-01;inventario
PRD00519;CAFE INSTANTANEO KIRMA NESTLE 190 GR;ING00336;CAFE MOLIDO INSTANTANEO KG;KG;0.19;UNIDAD;19.811000;2025-10-09;ultimo precio SGP
PRD00101;CAFE MOLIDO MOKACCINO NESTLE 1 KG;ING00337;CAFE MOLIDO MOKACCINO NESTLE 1 KG;KG;1;BOLSA;104.198000;2025-11-07;ultimo precio SGP
PRD00091;CAFE MOLIDO STANDAR RISSO GRANEL KG;ING00339;CAFE MOLIDO PARA PASAR KG;KG;1;KILOGRAMO;48.305000;2026-10-01;inventario
PRD00491;CAFE MOLIDO SELLO ROJO 425 GR;ING00339;CAFE MOLIDO PARA PASAR KG;KG;0.425;BOLSA;16.020000;2025-11-23;ultimo precio SGP
PRD00492;CAFE MOLIDO SELLO ROJO 850 GR;ING00339;CAFE MOLIDO PARA PASAR KG;KG;0.85;BOLSA;30.650000;2025-11-23;ultimo precio SGP
PRD00517;CAFE MOLIDO STANDAR RISSO GRANEL 500 GR;ING00339;CAFE MOLIDO PARA PASAR KG;KG;0.5;BOLSA;24.153000;2025-12-07;ultimo precio SGP
PRD02914;CAJA CHICA - CAFÉ INSTANTANEO NESCAFÉ TRADICION 200 GR;ING00343;CAFÉ INSTANTANEO NESCAFÉ TRADICION 200 GR;UND;1;LATA;6.356000;2018-09-25;ultimo precio SGP
PRD00454;CAIHUA * KG;ING00348;CAIGUA;KG;1;KILOGRAMO;5.000000;2026-09-04;ultimo precio SGP
PRD01934;CAJA CHICA - PIROTINES N° 8 PARA CUP CAKE X100 UND;ING00381;CAJA CHICA - PIROTINES N° 8 PARA CUP CAKE X100 UND;UND;1;PAQUETE;3.900000;2024-11-01;ultimo precio SGP
PRD00456;CALABAZA;ING00399;CALABAZA;KG;1;KILOGRAMO;3.590000;2026-10-01;inventario
PRD00623;CALDO DE CARNE KNORR SACHET 650 GR;ING00400;CALDO DE CARNE;KG;0.65;BOLSA;16.363000;2022-01-21;ultimo precio SGP
PRD00625;CALDO SAZONADOR CON SABOR A CARNE QUIMTIA 1 KG;ING00400;CALDO DE CARNE;KG;1;BOLSA;11.480000;2019-01-27;ultimo precio SGP
PRD00633;CALDO SAZONADOR DE CARNE FANNY 1 KG;ING00400;CALDO DE CARNE;KG;1;BOLSA;13.068000;2020-03-14;ultimo precio SGP
PRD00660;CALDO CONCENTRADO CARNE MACRO FOOD 1 KG;ING00400;CALDO DE CARNE;KG;1;BOLSA;17.560000;2026-10-01;inventario
PRD00627;CALDO SAZONADOR MAGGI DE GALLINA 940 GR;ING00402;CALDO DE GALLINA;KG;0.94;BOLSA;19.400000;2019-06-19;ultimo precio SGP
PRD00632;CALDO SAZONADOR DE GALLINA FANNY 1 KG;ING00402;CALDO DE GALLINA;KG;1;BOLSA;13.068000;2020-03-07;ultimo precio SGP
PRD00661;CALDO CONCENTRADO GALLINA MACRO FOOD 1 KG;ING00402;CALDO DE GALLINA;KG;1;BOLSA;17.560000;2026-10-01;inventario
PRD03905;CAJA CHICA - CALDO DE GALLINA DOÑA GUSTA X 500 GR;ING00403;CALDO DE GALLINA DOÑA GUSTA X 500 GR;UND;1;UNIDAD;0.249000;2020-07-10;ultimo precio SGP
PRD00624;CALDO SAZONADOR DE POLLO QUIMTIA 1 KG;ING00406;CALDO DE POLLO;KG;1;BOLSA;11.480000;2019-01-27;ultimo precio SGP
PRD00420;CAMOTE AMARILLO;ING00411;CAMOTE AMARILLO;KG;1;KILOGRAMO;2.000000;2026-10-01;inventario
PRD03991;CAJA CHICA - CAMOTE X KG;ING00413;CAMOTE X KG;KG;1;KILOGRAMO;2.800000;2021-12-01;ultimo precio SGP
PRD00310;CANCHA FRITA TOÑA 1 KG;ING00416;CANCHA FRITA X KG;KG;1;BOLSA;17.060000;2026-09-17;ultimo precio SGP
PRD01139;CANCHA SALADA PIKADITOS 100 GR;ING00417;CANCHA SALADA GREFRACARS 100 GR;UND;1;BOLSA;3.200000;2026-10-01;inventario
PRD01114;CANCHA CHULPI VILLA NATURA 80 GR;ING00418;CANCHA SALADA SANTIS 100 GR;UND;1;BOLSA;3.010000;2024-03-13;ultimo precio SGP
PRD01157;CANCHA SALADA SANTIS 100 GR;ING00418;CANCHA SALADA SANTIS 100 GR;UND;1;BOLSA;3.279983;2025-06-29;ultimo precio SGP
PRD00864;CANELA CHINA 4 ESTACIONES 1 KG;ING00420;CANELA CHINA;KG;1;BOLSA;32.000000;2025-12-05;ultimo precio SGP
PRD00865;CANELA ENTERA 4 ESTACIONES 1 KG;ING00423;CANELA ENTERA;KG;1;BOLSA;90.000000;2026-10-01;inventario
PRD00866;CANELA ENTERA 4 ESTACIONES 500 GR;ING00423;CANELA ENTERA;KG;0.5;BOLSA;45.500000;2024-07-06;ultimo precio SGP
PRD00867;CANELA MOLIDA 4 ESTACIONES 1 KG;ING00425;CANELA MOLIDA;KG;1;BOLSA;87.390000;2026-10-01;inventario
PRD00897;CANELA EN POLVO BADIA 453.60 GRM;ING00425;CANELA MOLIDA;KG;0.4536;BOLSA;21.620000;2020-03-19;ultimo precio SGP
PRD00898;CANELA EN POLVO BADIA 1.81 KGR;ING00425;CANELA MOLIDA;KG;1.81;BOLSA;63.200000;2020-02-07;ultimo precio SGP
PRD02342;CAPUCHA DESCARTABLE 1/ 2 CAMPANA STANDAR 12 G/M2 R&G CAJA X 100 UND;ING00432;CAPUCHA DESCARTABLE 1/2 CAMPANA STANDAR X100 UND R;UND;100;BOLSA;50.847000;2025-11-07;ultimo precio SGP
PRD02345;CAPUCHA DESCARTABLE 1/ 2 CAMPANA STANDAR 100 UND;ING00432;CAPUCHA DESCARTABLE 1/2 CAMPANA STANDAR X100 UND R;UND;100;BOLSA;52.799737;2025-06-29;ultimo precio SGP
PRD00323;CARAMELO AMBROSOLI GAJOS DE LIMON 100 UND;ING00434;CARAMELO AMBROSOLI GAJOS DE LIMON;UND;100;BOLSA;4.221000;2026-10-01;inventario
PRD00325;CARAMELO CHICHA MORADA ARCOR 100 UND;ING00442;CARAMELO CHICHA MORADA ARCOR UND;UND;100;BOLSA;7.590000;2025-05-14;ultimo precio SGP
PRD00748;CARAMELO LIMON AMBROSOLI 100 UND;ING00457;CARAMELO LIMON;UND;1;PAQUETE;4.000000;2022-01-19;ultimo precio SGP
PRD00290;CARAMELO CON LOGO SODEXO 100 UNID;ING00472;CARAMELOS LOGO SODEXO;UND;100;BOLSA;8.500000;2026-10-01;inventario
PRD03037;CAJA CHICA - CARBON VEGETAL NATURAL;ING00474;CARBON VEGETAL NATURAL;KG;1;KILOGRAMO;24.575000;2024-05-15;ultimo precio SGP
PRD01208;CARNE MOLIDA CONGELADA;ING00475;CARNE MOLIDA CONGELADA;KG;1;KILOGRAMO;13.393000;2026-10-01;inventario
PRD01793;CARNE MOLIDA CONGELADA (MAFROX);ING00475;CARNE MOLIDA CONGELADA;KG;1;KILOGRAMO;13.600000;2024-07-18;ultimo precio SGP
PRD01833;CARNE MOLIDA CONGELADA ( DON GOYO);ING00475;CARNE MOLIDA CONGELADA;KG;1;KILOGRAMO;14.970000;2022-07-28;ultimo precio SGP
PRD00868;CASTAÑAS 4 ESTACIONES 1 KG;ING00480;CASTAÑA;KG;1;BOLSA;57.000000;2026-10-01;inventario
PRD03993;CAJA CHICA - CASTAÑA X 500 GR;ING00481;CASTAÑA X 500 GR;UND;1;GRAMO;5.390000;2022-10-31;ultimo precio SGP
PRD01648;CAJA CHICA - CASTAÑAS 250 GR;ING00482;CASTAÑAS 250 GR;UND;1;GRAMO;4.567000;2024-08-18;ultimo precio SGP
PRD00422;CEBOLLA CHINA;ING00488;CEBOLLA CHINA;KG;1;KILOGRAMO;5.260000;2026-10-01;inventario
PRD03648;CAJA CHICA - CEBOLLA CHINA;ING00488;CEBOLLA CHINA;KG;1;KILOGRAMO;9.000000;2026-08-11;ultimo precio SGP
PRD00421;CEBOLLA ROJA;ING00491;CEBOLLA ROJA;KG;1;KILOGRAMO;3.330000;2026-10-01;inventario
PRD00459;CEBOLLA BLANCA;ING00491;CEBOLLA ROJA;KG;1;KILOGRAMO;2.853050;2025-10-01;ultimo precio SGP
PRD03626;CAJA CHICA - CEBOLLA ROJA;ING00491;CEBOLLA ROJA;KG;1;KILOGRAMO;1.500000;2023-03-08;ultimo precio SGP
PRD01293;CEPILLO DENTAL DENTO;ING00499;CEPILLO DENTAL UNIDAD DENTO;UND;1;UNIDAD;1.940000;2020-07-23;ultimo precio SGP
PRD03596;CAJA CHICA - CERA AL AGUA 3.8 LT;ING00501;CERA AL AGUA 3.8 LT;UND;1;GALON;11.780000;2019-04-01;ultimo precio SGP
PRD01434;CERA AL AGUA GERMICIDA 3.8 LT;ING00502;CERA AL AGUA GERMICIDA;L;3.8;GALON;8.200000;2021-05-27;ultimo precio SGP
PRD01572;CERA AL AGUA SAPOLIO 3.785 LT;ING00503;CERA AL AGUA SAPOLIO;L;3.785;GALON;18.120000;2020-07-31;ultimo precio SGP
PRD03574;CAJA CHICA - CERA EN PASTA AMARILLA LT;ING00505;CERA EN PASTA AMARILLA LT;UND;1;BOTELLA;37.712000;2019-01-08;ultimo precio SGP
PRD03558;CAJA CHICA - CERA LIQUIDA ROJA 4 LT;ING00509;CERA LIQUIDA ROJA 4 LT;UND;1;GALON;32.521250;2018-12-02;ultimo precio SGP
PRD01433;CERA LIQUIDA ROJA DARYZA 3.8 LT;ING00510;CERA LIQUIDA ROJA DARYZA 3.8 LT;UND;1;GALON;12.210000;2021-11-10;ultimo precio SGP
PRD01578;CERA PASTA ROJA SAPOLIO 3.785 LT;ING00515;CERA PASTA ROJA LT;L;3.785;BALDE;47.860000;2022-03-27;ultimo precio SGP
PRD01432;CERA PASTA ROJA TEKNOBRILL 3.8 LT;ING00516;CERA PASTA ROJA TEKNOBRILL BALDE 3.8 LT;UND;1;GALON;46.980000;2026-08-07;ultimo precio SGP
PRD01227;BONDIOLA DE CERDO CONGELADO;ING00517;CERDO BONDIOLA CONGELADO;KG;1;KILOGRAMO;14.820000;2019-05-11;ultimo precio SGP
PRD01234;BRAZUELO DE CERDO SIN PIEL Y SIN HUESO CONGELADO;ING00519;CERDO BRAZUELO SIN PIEL Y SIN HUESO CONGELADO;KG;1;KILOGRAMO;13.190000;2024-11-14;ultimo precio SGP
PRD01222;PATITA DE CERDO CONGELADO;ING00524;CERDO PATA CONGELADO;KG;1;KILOGRAMO;5.170000;2025-06-28;ultimo precio SGP
PRD01704;PATAS DE CERDO (IMPORTACION);ING00524;CERDO PATA CONGELADO;KG;1;KILOGRAMO;4.594000;2026-01-26;ultimo precio SGP
PRD01707;MANITAS DE CERDO (IMPORTACION);ING00524;CERDO PATA CONGELADO;KG;1;KILOGRAMO;7.026433;2026-10-01;inventario
PRD03284;CAJA CHICA - CEREAL ANGEL COPIX 170 GR;ING00525;CEREAL ANGEL COPIX 170 GR;UND;1;CAJA;2.483000;2022-05-07;ultimo precio SGP
PRD00536;CEREAL BAR CHOCOCEREAL COSTA 18/21 GR;ING00528;CEREAL BAR COSTA 18 GR;UND;1;GRANO;0.503000;2022-12-17;ultimo precio SGP
PRD00537;CEREAL BAR CHIP COSTA 18/21 GR;ING00528;CEREAL BAR COSTA 18 GR;UND;1;GRANO;0.503000;2026-10-01;inventario
PRD00538;CEREAL BAR GOLDEN COSTA 21/18 GR;ING00528;CEREAL BAR COSTA 18 GR;UND;1;GRANO;0.477000;2022-07-16;ultimo precio SGP
PRD00539;CEREAL BAR DURAZNO COSTA 18 GR;ING00528;CEREAL BAR COSTA 18 GR;UND;1;GRANO;0.501000;2022-12-17;ultimo precio SGP
PRD00540;CEREAL BAR MANZANA CANELA COSTA 18 GR;ING00528;CEREAL BAR COSTA 18 GR;UND;1;GRANO;0.363000;2019-03-20;ultimo precio SGP
PRD00545;CEREAL BAR ARANDANOS COSTA 18 GR;ING00528;CEREAL BAR COSTA 18 GR;UND;1;GRANO;0.501000;2023-01-07;ultimo precio SGP
PRD03482;CAJA CHICA - CEREAL GOLDEN BAR 21 GR;ING00534;CEREAL GOLDEN BAR 21 GR;UND;1;UNIDAD;0.686000;2022-05-07;ultimo precio SGP
PRD03779;CAJA CHICA - CEREAL GRANOLA X 200GR;ING00535;CEREAL GRANOLA X 200GR;UND;1;CAJA;2.483000;2022-05-17;ultimo precio SGP
PRD00828;CEREZA MARRASQUINO ROJO SANTIS 283 GR;ING00543;CEREZAS MARRASQUINO;KG;0.283;FRASCO;15.420045;2026-10-01;inventario
PRD01477;CERVEZA BITBURGER SIN ALCOHOL 330 ML (VIDRIO);ING00545;CERVEZA BITBURGER SIN ALCOHOL 330 ML;UND;1;BOTELLA;6.520000;2022-12-29;ultimo precio SGP
PRD01478;CERVEZA BITBURGER SIN ALCOHOL 500 ML LATA;ING00546;CERVEZA BITBURGER SIN ALCOHOL 500 ML LATA;UND;1;LATA;6.330000;2022-11-17;ultimo precio SGP
PRD00804;CHAMPIGÑONES SANTIS 425 GR;ING00563;CHAMPIGÑONES LATA;KG;0.425;LATA;4.550079;2023-11-29;ultimo precio SGP
PRD00809;CHAMPIGÑONES WOKI 425 GR;ING00563;CHAMPIGÑONES LATA;KG;0.425;LATA;4.690000;2026-10-01;inventario
PRD00811;CHAMPIGÑONES LATA NIRCISSUS 425 GR;ING00563;CHAMPIGÑONES LATA;KG;0.425;LATA;4.690000;2025-08-22;ultimo precio SGP
PRD00833;CHAMPIGÑONES KAM LAM 425 GR;ING00563;CHAMPIGÑONES LATA;KG;0.425;LATA;3.950000;2020-12-13;ultimo precio SGP
PRD01807;CHANFAINITA CONGELADO;ING00568;CHANFAINITA CONGELADA;KG;1;KILOGRAMO;7.739000;2026-10-01;inventario
PRD01000;CREMA CHANTIPACK PURATOS 1LT;ING00571;CHANTYPACK;L;1;CAJA;12.721491;2022-03-15;ultimo precio SGP
PRD01520;CHICHA MORADA GLORIA 400 ML;ING00584;CHICHA MORADA GLORIA 500 ML;UND;1;BOTELLA;0.800000;2020-09-01;ultimo precio SGP
PRD00796;CHICHARRON DE PRENSA CONGELADO KG;ING00587;CHICHARRON DE PRENSA CONGELADO;KG;1;KILOGRAMO;17.366000;2026-10-01;inventario
PRD01842;CHICHARRON DE PRENSA CONGELADO 500 GR;ING00587;CHICHARRON DE PRENSA CONGELADO;KG;0.5;PAQUETE;8.035000;2019-09-29;ultimo precio SGP
PRD01840;CHICHARRON DE PRENSA SUIZA MOLDE 180G REFRIGERADO KG;ING00588;CHICHARRON DE PRENSA REFRIGERADO;KG;0.18;PAQUETE;4.685000;2024-12-22;ultimo precio SGP
PRD01108;CHIFLES SALADO KARINTO 34 GR;ING00620;CHIFLES SALADO KARINTO 34 GR;UND;1;UNIDAD;1.164000;2026-03-28;ultimo precio SGP
PRD01144;CHIFLES SALADO KARINTO 28 GR;ING00620;CHIFLES SALADO KARINTO 34 GR;UND;1;UNIDAD;1.164000;2026-10-01;inventario
PRD00457;CHINCHO;ING00621;CHINCHO;KG;1;KILOGRAMO;4.800000;2022-10-28;ultimo precio SGP
PRD02540;CHLORINE BLEACH SPARTAN 19 LITROS;ING00631;CHLORINE BLEACH SPARTAN - BLANQUEADOR;L;19;BIDON;269.590000;2024-01-24;ultimo precio SGP
PRD01197;CHOCLO DESGRANADO CONGELADO;ING00632;CHOCLO AMARILLO DESGRANADO CONGELADO;KG;1;KILOGRAMO;11.540309;2026-10-01;inventario
PRD01867;CHOCLO DESGRANADO LIBER CONGELADO (G);ING00632;CHOCLO AMARILLO DESGRANADO CONGELADO;KG;1;KILOGRAMO;13.384000;2024-05-05;ultimo precio SGP
PRD00423;CHOCLO BLANCO;ING00633;CHOCLO AMARILLO ENTERO;KG;1;KILOGRAMO;7.740000;2026-10-01;inventario
PRD00286;BISCOCHO CHOCMAN COSTA 30 GR;ING00636;CHOCMAN;UND;1;UNIDAD;0.424000;2022-05-17;ultimo precio SGP
PRD00953;CHOCOLATE BLANCO COBERTURA NEGUSA 600 GR;ING00640;CHOCOLATE BLANCO COBERTURA NEGUSA;KG;0.6;CAJA;12.190000;2025-11-02;ultimo precio SGP
PRD00767;CHOCOLATE CANCUN COSTA 27 GR;ING00642;CHOCOLATE CANCUN COSTA 27 GR;UND;1;UNIDAD;0.391000;2021-09-15;ultimo precio SGP
PRD02734;CAJA CHICA - CHOCOLATE MILKY IBERICA;ING00649;CHOCOLATE MILKY IBERICA;UND;1;UNIDAD;1.271000;2022-05-17;ultimo precio SGP
PRD00687;CHOCOLATE NEGRO SUBLIME 28 GR;ING00651;CHOCOLATE NEGRO SUBLIME GR;UND;1;UNIDAD;1.120000;2024-04-15;ultimo precio SGP
PRD00709;CHOCOLATE NEGRO SUBLIME 26 GR;ING00651;CHOCOLATE NEGRO SUBLIME GR;UND;1;UNIDAD;1.400000;2026-10-01;inventario
PRD00732;CHOCOLATE BITTER SUBLIME 38GR (EMER);ING00651;CHOCOLATE NEGRO SUBLIME GR;UND;1;UNIDAD;3.470000;2026-06-11;ultimo precio SGP
PRD00758;CHOCOLATE NEGRO SUBLIME 30 GR;ING00651;CHOCOLATE NEGRO SUBLIME GR;UND;1;UNIDAD;1.117502;2022-06-04;ultimo precio SGP
PRD03044;CAJA CHICA - CHOCOLATE NEGRO SUBLIME 32 GR;ING00651;CHOCOLATE NEGRO SUBLIME GR;UND;1;UNIDAD;1.356000;2022-06-09;ultimo precio SGP
PRD00108;CHOCOLATE PARA TAZA SOL DEL CUSCO 90 GR;ING00653;CHOCOLATE PARA TAZA;KG;0.09;UNIDAD;1.250000;2020-10-24;ultimo precio SGP
PRD00475;CHOCOLATE PARA TAZA REAL WINTERS 90 GR;ING00653;CHOCOLATE PARA TAZA;KG;0.09;UNIDAD;2.310000;2024-06-24;ultimo precio SGP
PRD00477;CHOCOLATE PARA TAZA SOL DEL CUSCO 90 GR (EMER);ING00653;CHOCOLATE PARA TAZA;KG;0.09;UNIDAD;2.410000;2026-01-01;ultimo precio SGP
PRD00478;CHOCOLATE PARA TAZA SOL DEL CUZCO 300 GR (E);ING00653;CHOCOLATE PARA TAZA;KG;0.3;UNIDAD;12.500000;2024-07-06;ultimo precio SGP
PRD00483;CHOCOLATE PARA TAZA CANELA Y CLAVO WINTERS 80 GR;ING00653;CHOCOLATE PARA TAZA;KG;0.08;UNIDAD;1.691000;2026-10-01;inventario
PRD00513;CHOCOLATE PARA TAZA CUZCO REAL 90/80 GR;ING00653;CHOCOLATE PARA TAZA;KG;0.08;UNIDAD;0.980000;2018-11-08;ultimo precio SGP
PRD00552;CHOCOLATE PARA TAZA TRADICIONAL WINTERS 80 GR;ING00653;CHOCOLATE PARA TAZA;KG;0.08;UNIDAD;1.224982;2023-08-16;ultimo precio SGP
PRD02874;CAJA CHICA - CHOCOLATE DE TAZA 90 GR;ING00654;CHOCOLATE PARA TAZA (UND);UND;1;UNIDAD;10.000000;2024-12-30;ultimo precio SGP
PRD00775;CHOCOLATE RELLENO CAÑONAZO COSTA 22 GR;ING00658;CHOCOLATE RELLENO CAÑONAZO COSTA 22 G;UND;1;UNIDAD;0.298000;2018-11-29;ultimo precio SGP
PRD03045;CAJA CHICA - CHOCOLATE RELLENO VIZZIO COSTA 24 GR;ING00665;CHOCOLATE RELLENO VIZZIO COSTA 24 GR;UND;1;UNIDAD;1.788000;2022-06-09;ultimo precio SGP
PRD00736;CHOCOLATE TRIANGULO NESTLE 30 GR;ING00670;CHOCOLATE TRIANGULO NESTLE 30 GR;UND;1;UNIDAD;1.040000;2022-10-13;ultimo precio SGP
PRD01838;CHORIZO PARRILLERO CONGELADO KG (C);ING00684;CHORIZO PARRILLERO CONGELADO;KG;1;KILOGRAMO;13.610000;2025-07-30;ultimo precio SGP
PRD01841;CHORIZO PARRILLERO SEGOVIANA CONGELADO KG;ING00684;CHORIZO PARRILLERO CONGELADO;KG;1;KILOGRAMO;16.370000;2026-10-01;inventario
PRD01852;CHORIZO PARRILLERO CONGELADO KG - BRAEDT;ING00684;CHORIZO PARRILLERO CONGELADO;KG;1;KILOGRAMO;14.260000;2021-05-22;ultimo precio SGP
PRD01240;CHULETA DE CERDO TROZADO 120 GR CONGELADO;ING00690;CHULETA DE CERDO TROZADO 120 GR CONGELADO;KG;1;KILOGRAMO;15.350000;2026-10-01;inventario
PRD01698;CHULETA DE CERDO TROZADO 120 GR CONGELADO - REDONDOS;ING00690;CHULETA DE CERDO TROZADO 120 GR CONGELADO;KG;1;KILOGRAMO;15.890000;2026-03-05;ultimo precio SGP
PRD01705;CHULETA DE CERDO TROZADO 120 GR CONGELADO (I);ING00690;CHULETA DE CERDO TROZADO 120 GR CONGELADO;KG;1;KILOGRAMO;14.100000;2026-03-05;ultimo precio SGP
PRD01209;CHULETA DE CERDO TROZADO 150 GR CONGELADO;ING00691;CHULETA DE CERDO TROZADO 150 GR CONGELADO;KG;1;KILOGRAMO;15.350000;2026-10-01;inventario
PRD01699;CHULETA DE CERDO TROZADO 150 GR CONGELADO - REDONDOS;ING00691;CHULETA DE CERDO TROZADO 150 GR CONGELADO;KG;1;KILOGRAMO;15.840000;2025-11-07;ultimo precio SGP
PRD01706;CHULETA DE CERDO TROZADO 150 GR CONGELADO (I);ING00691;CHULETA DE CERDO TROZADO 150 GR CONGELADO;KG;1;KILOGRAMO;14.100000;2026-02-06;ultimo precio SGP
PRD01714;CHULETA DE CERDO TROZADO 155-165 GR CONGELADO;ING00692;CHULETA DE CERDO TROZADO 155 - 165 GR CONGELADO;KG;1;KILOGRAMO;13.479000;2018-12-31;ultimo precio SGP
PRD01700;CHULETA DE CERDO TROZADO 200 GR CONGELADO - REDONDOS;ING00694;CHULETA DE CERDO TROZADO 200 G CONGELADO;KG;1;KILOGRAMO;16.010000;2025-12-04;ultimo precio SGP
PRD01718;CHULETA DE CERDO TROZADO 200 GR CONGELADO;ING00694;CHULETA DE CERDO TROZADO 200 G CONGELADO;KG;1;KILOGRAMO;15.011000;2026-10-01;inventario
PRD00322;CHUPETE CHUPETIN COLORADO (TUTTI FRUTI) AMBROSOLI (24 UNID);ING00696;CHUPETE COLORADO AMBROSOLI UND;UND;25;BOLSA;5.020000;2026-10-01;inventario
PRD03813;CAJA CHICA - CHUPETIN BON BON BUN X 24 UND;ING00699;CHUPETIN BON BON BUN X 24 UND;UND;1;BOLSA;10.169000;2018-12-01;ultimo precio SGP
PRD03815;CAJA CHICA - CHUPETIN GLOBO POP SURTIDO X 24 UND;ING00703;CHUPETIN GLOBO POP SURTIDO X 24 UND;UND;1;BOLSA;6.822000;2022-04-01;ultimo precio SGP
PRD01953;CHURRO MINI SIN RELLENO C/ HUECO 6 CM CONGELADO;ING00705;CHURRO MINI SIN RELLENO C/ HUECO 6 CM CONGELADO;UND;1;UNIDAD;0.480000;2026-02-06;ultimo precio SGP
PRD01951;CHURRO RELLENO MANJAR BLANCO 12 CM CONGELADO;ING00708;CHURRO RELLENO MANJAR BLANCO 12 CM CONGELADO;UND;1;UNIDAD;1.380000;2026-10-01;inventario
PRD01952;CHURRO RELLENO MANJAR CHOCOLATE 12 CM CONGELADO;ING00709;CHURRO RELLENO MANJAR CHOCOLATE 12 CM CONGELADO;UND;1;UNIDAD;1.480000;2026-02-06;ultimo precio SGP
PRD00229;CHUÑO POLVO TOÑA 1 KG;ING00711;CHUÑO;KG;1;BOLSA;8.470000;2026-10-01;inventario
PRD00232;CHUÑO (INGLES) POLVO SAN JUAN MASIAS 5 KG;ING00711;CHUÑO;KG;5;BOLSA;41.840000;2025-10-11;ultimo precio SGP
PRD00250;CHUÑO POLVO 4 ESTACIONES 1 KG;ING00711;CHUÑO;KG;1;BOLSA;7.500000;2024-09-08;ultimo precio SGP
PRD00248;CHUÑO ENTERO BLANCO TOÑA 1 KG;ING00712;CHUÑO ENTERO;KG;1;BOLSA;27.060000;2023-12-08;ultimo precio SGP
PRD00251;CHUÑO ENTERO BLANCO 4 ESTACIONES 1 KG;ING00712;CHUÑO ENTERO;KG;1;BOLSA;21.300000;2026-10-01;inventario
PRD00022;CHUÑO NEGRO SAN JUAN MASIAS (EX BELEN)5 KG;ING00713;CHUÑO NEGRO MOLIDO;KG;5;BOLSA;58.760000;2025-07-20;ultimo precio SGP
PRD00230;CHUÑO NEGRO MOLIDO SAN JUAN MASIAS (EX BELEN) 5 KG;ING00713;CHUÑO NEGRO MOLIDO;KG;5;BOLSA;29.840000;2026-10-01;inventario
PRD00258;CHUÑO ENTERO NEGRO 4 ESTACIONES 1 KG;ING00714;CHUÑO NEGRO REFRIGERADO;KG;1;BOLSA;21.000000;2024-07-26;ultimo precio SGP
PRD03046;CAJA CHICA - CHUÑO TOÑA X KG;ING00715;CHUÑO TOÑA X KG;KG;1;KILOGRAMO;8.475000;2021-02-07;ultimo precio SGP
PRD01686;CINTA PARA MARCAR ROPA;ING00744;CINTAS PARA MARCAR ROPA ROLLO;UND;1;ROLLO;21.950000;2021-01-16;ultimo precio SGP
PRD00574;CIRUELA CHILENA;ING00746;CIRUELA;KG;1;KILOGRAMO;8.330000;2025-03-07;ultimo precio SGP
PRD02211;CIRUELA SECA 4 ESTACIONES 1 KG;ING00747;CIRUELA SECA;KG;1;BOLSA;25.200000;2023-08-27;ultimo precio SGP
PRD00870;CLAVO DE OLOR ENTERO 4 ESTACIONES 1 KG;ING00749;CLAVO DE OLOR ENTERO;KG;1;BOLSA;64.999998;2026-10-01;inventario
PRD01545;JOHNSON DIVERSEY CLAX HYPO 4 AL 1 20 LT;ING00751;CLAX HYPO 4 AL 1 LT;L;20;BIDON;229.740000;2023-09-28;ultimo precio SGP
PRD02460;CLEAN BY PEROXY SPARTAN 5 LITROS;ING00754;CLEAN BY PEROXY SPARTAN - LIMPIADOR DESINFECTANTE;L;5;UNIDAD;89.430000;2024-04-25;ultimo precio SGP
PRD02500;CLORIN FP SPARTAN 5 LITROS;ING00756;CLORIN FP SPARTAN - DESINFECTANTE CLORADO Y BLANQU;L;5;UNIDAD;123.090000;2024-06-06;ultimo precio SGP
PRD02512;CLORIN FP SPARTAN 19 LITROS;ING00756;CLORIN FP SPARTAN - DESINFECTANTE CLORADO Y BLANQU;L;19;BIDON;347.400000;2024-04-25;ultimo precio SGP
PRD00192;COBERTURA BLANCA 500 GR;ING00757;COBERTURA BITTER BLANCO;KG;0.5;CAJA;9.600000;2021-12-30;ultimo precio SGP
PRD00952;COBERTURA BITTER PURATOS 10 KG;ING00758;COBERTURA BITTER NEGRO;KG;10;CAJA;179.733411;2022-03-15;ultimo precio SGP
PRD00964;COBERTURA GOTAS BITTER NEGUSA 1 KG;ING00758;COBERTURA BITTER NEGRO;KG;1;BOLSA;13.800000;2023-06-15;ultimo precio SGP
PRD00971;COBERTURA BITTER OBLEAS NEGUSA 1 KG;ING00758;COBERTURA BITTER NEGRO;KG;1;BOLSA;16.220000;2026-10-01;inventario
PRD03359;CAJA CHICA - COBERTURA BITTER NEGRO;ING00759;COBERTURA BITTER NEGRO (UND);UND;1;CAJA;35.592000;2026-07-20;ultimo precio SGP
PRD03136;CAJA CHICA - COBERTURA DE LECHE;ING00760;COBERTURA DE LECHE;KG;1;KILOGRAMO;13.925000;2025-01-01;ultimo precio SGP
PRD01252;GASEOSA COCA COLA 500 ML;ING00761;COCA COLA 0.5 LT;UND;1;BOTELLA;1.550000;2024-07-18;ultimo precio SGP
PRD01537;GASEOSA PERSONAL COCA COLA 500 ML;ING00761;COCA COLA 0.5 LT;UND;1;BOTELLA;1.550000;2026-10-01;inventario
PRD01541;GASEOSA PERSONAL COCA COLA 600 ML;ING00761;COCA COLA 0.5 LT;UND;1;BOTELLA;1.550000;2026-02-06;ultimo precio SGP
PRD01262;GASEOSA COCA COLA 3 LT;ING00763;COCA COLA LT;L;3;BOTELLA;7.790000;2026-10-01;inventario
PRD01279;GASEOSA COCA COLA 2.25 LT;ING00763;COCA COLA LT;L;2.25;BOTELLA;6.441000;2020-07-10;ultimo precio SGP
PRD01277;GASEOSA COCA COLA SIN AZUCAR 500 ML;ING00766;COCA COLA ZERO 0.5 LT;UND;1;BOTELLA;1.550000;2025-02-02;ultimo precio SGP
PRD00008;COCKTAIL DE FRUTAS FANNY 820 GR;ING00769;COCKTAIL DE FRUTA LATA;KG;0.82;LATA;11.164000;2026-10-01;inventario
PRD00801;COCKTAIL DE FRUTAS ACONCAGUA 820/822 GR;ING00769;COCKTAIL DE FRUTA LATA;KG;0.822;LATA;11.120000;2026-10-01;inventario
PRD00819;COCKTAIL DE FRUTAS COMPASS 822 GR;ING00769;COCKTAIL DE FRUTA LATA;KG;0.822;LATA;7.380000;2021-12-02;ultimo precio SGP
PRD00844;COCKTAIL DE NUECES VALLEALTO X 90 GR;ING00770;COCKTAIL DE NUECES;UND;1;BOLSA;5.100000;2026-10-01;inventario
PRD00848;COCKTAIL CON NUECES VILLA NATURA 80 GR (E);ING00770;COCKTAIL DE NUECES;UND;1;BOLSA;4.350000;2024-06-24;ultimo precio SGP
PRD00872;COCO RALLADO 4 ESTACIONES 1 KG;ING00773;COCO RALLADO;KG;1;BOLSA;20.500000;2026-10-01;inventario
PRD00227;COCOA LA ABUELITA 160 GR;ING00776;COCOA A GRANEL;KG;0.16;BOLSA;3.231429;2024-06-15;ultimo precio SGP
PRD00480;COCOA LA ABUELITA 150 GR;ING00776;COCOA A GRANEL;KG;0.15;BOLSA;3.380000;2024-08-18;ultimo precio SGP
PRD00482;COCOA LA ABUELITA WINTERS 150 GR;ING00776;COCOA A GRANEL;KG;0.15;BOLSA;3.380000;2026-10-01;inventario
PRD00572;COCONA;ING00778;COCONA;KG;1;KILOGRAMO;5.950000;2022-12-09;ultimo precio SGP
PRD00443;COL CHINA;ING00779;COL CHINA;KG;1;KILOGRAMO;4.800000;2026-10-01;inventario
PRD00424;COL;ING00781;COL CRIOLLA;KG;1;KILOGRAMO;2.800000;2026-10-01;inventario
PRD01004;COLAPIZ EN POLVO TOÑA 1 KG;ING00786;COLAPIZ EN POLVO;KG;1;BOLSA;72.940000;2023-10-06;ultimo precio SGP
PRD01029;COLAPIZ EN POLVO 4 ESTACIONES 1 KG;ING00786;COLAPIZ EN POLVO;KG;1;BOLSA;47.200000;2026-10-01;inventario
PRD01030;COLAPIZ EN POLVO 4 ESTACIONES 250 GR;ING00786;COLAPIZ EN POLVO;KG;0.25;BOLSA;11.840000;2025-04-27;ultimo precio SGP
PRD01031;COLAPIZ EN POLVO 4 ESTACIONES 500 GR;ING00786;COLAPIZ EN POLVO;KG;0.5;BOLSA;21.540000;2020-10-24;ultimo precio SGP
PRD01860;COLIFLOR PRE COCIDO CONGELADO;ING00788;COLIFLOR 20-60 CONGELADO;KG;1;KILOGRAMO;7.112000;2026-10-01;inventario
PRD01628;CAJA CHICA - COLOR ROJO INTENSO ELYASAN 30CC;ING00794;COLOR ROJO INTENSO ELYASAN 30CC;UND;1;UNIDAD;1.300000;2025-01-01;ultimo precio SGP
PRD04070;CAJA CHICA - COLORANTE A LA GRASA FRATELLO X 5 GR;ING00796;COLORANTE A LA GRASA FRATELLO X 5 GR;UND;1;FRASCO;3.800000;2025-01-01;ultimo precio SGP
PRD00212;COLORANTE AMARILLO (HUEVO) LEVAPAN 250 ML;ING00799;COLORANTE AMARILLO LEVAPAN;L;0.25;FRASCO;7.210000;2021-02-06;ultimo precio SGP
PRD01644;CAJA CHICA - COLORANTE ELYASAN 30 ML;ING00801;COLORANTE ELYASAN 30 ML;UND;1;MILLAR;1.400000;2024-11-01;ultimo precio SGP
PRD00226;COLORANTE FRATELLO CAJA 4 FCO;ING00802;COLORANTE FRATELLO CAJA 4 FCO;UND;1;UNIDAD;10.830000;2018-09-05;ultimo precio SGP
PRD00968;COLORANTE FRATELLO LIQUIDO AMARILLO HUEVO 250 ML;ING00803;COLORANTE FRATELLO LIQUIDO AMARILLO HUEVO;L;0.25;FRASCO;14.955000;2025-12-07;ultimo precio SGP
PRD01038;COLORANTE FRATELLO LIQUIDO AMARILLO LIMON 250 ML;ING00805;COLORANTE FRATELLO LIQUIDO AMARILLO LIMON;L;0.25;FRASCO;14.955000;2025-12-24;ultimo precio SGP
PRD01039;COLORANTE FRATELLO LIQUIDO ROJA BANDERA 250 ML;ING00806;COLORANTE FRATELLO LIQUIDO ROJA BANDERA;L;0.25;FRASCO;17.351000;2025-12-07;ultimo precio SGP
PRD01037;COLORANTE FRATELLO LIQUIDO VERDE HOJA 250 ML;ING00808;COLORANTE FRATELLO LIQUIDO VERDE HOJA;L;0.25;FRASCO;14.694667;2026-10-01;inventario
PRD01678;CAJA CHICA - COLORANTE PASTELERO;ING00810;COLORANTE PASTELERO;UND;1;UNIDAD;3.000000;2026-01-09;ultimo precio SGP
PRD00873;COMINO MOLIDO 4 ESTACIONES 1 KG;ING00812;COMINO MOLIDO;KG;1;BOLSA;27.500000;2026-10-01;inventario
PRD03049;CAJA CHICA - COMINO MOLIDO TOÑA;ING00812;COMINO MOLIDO;KG;1;KILOGRAMO;16.102000;2018-07-16;ultimo precio SGP
PRD01353;PRE ELABORADO NATURALE CONCENTRADO CARAMBOLA 2 LT;ING00813;CONCENTRADO DE CARAMBOLA;L;2;BOLSA;13.140000;2026-10-01;inventario
PRD01519;PRE ELABORADO NATURALE CONCENTRADO EMOLIENTE 2 LT;ING00814;CONCENTRADO DE EMOLIENTE 2 LT;L;2;BOLSA;12.270000;2026-10-01;inventario
PRD01348;PRE ELABORADO NATURALE CONCENTRADO CHICHA MORADA 2 LT;ING00815;CONCENTRADO DE MAIZ MORADO;L;2;BOLSA;12.269023;2026-10-01;inventario
PRD01358;PRE ELABORADO NATURALE CONCENTRADO MANZANA 2 LT;ING00816;CONCENTRADO DE MANZANA;L;2;BOLSA;12.250917;2026-10-01;inventario
PRD01350;PRE ELABORADO NATURALE CONCENTRADO MARACUYA 2 LT;ING00817;CONCENTRADO DE MARACUYA;L;2;BOLSA;18.119044;2026-10-01;inventario
PRD01576;PRE ELABORADO NATURALE CONCENTRADO PIÑA GOLDEN 2 LT;ING00818;CONCENTRADO DE PIÑA GOLDEN;L;2;BOLSA;12.680000;2026-02-12;ultimo precio SGP
PRD02399;CONTENEDOR TERMICO D4031XX CT5 200 UND;ING00840;CONTENEDOR TERMICO CT5;UND;200;PAQUETE;79.160000;2020-07-23;ultimo precio SGP
PRD01210;CORAZON DE RES CONGELADO;ING00845;CORAZON CONGELADO;KG;1;KILOGRAMO;13.594736;2026-10-01;inventario
PRD01835;CORAZON DE RES CONGELADO ZEDINA;ING00845;CORAZON CONGELADO;KG;1;KILOGRAMO;15.453983;2026-03-20;ultimo precio SGP
PRD01226;CORDERO ENTERO TROZADO CONGELADO;ING00850;CORDERO ENTERO CONGELADO;KG;1;KILOGRAMO;21.023000;2019-01-12;ultimo precio SGP
PRD01689;CORDERO ENTERO TROZADO 200-250 GRMS CONGELADO;ING00851;CORDERO ENTERO TROZADO;KG;1;KILOGRAMO;22.730000;2020-08-22;ultimo precio SGP
PRD01219;PIERNA DE CORDERO CONGELADO;ING00852;CORDERO PIERNA CONGELADO;KG;1;KILOGRAMO;21.591000;2020-04-06;ultimo precio SGP
PRD01694;CORDERO DESHUESADO CONGELADO - KGM;ING00853;CORDERO S/HUESO CONGELADO;KG;1;KILOGRAMO;34.045989;2026-10-01;inventario
PRD01438;CR2+ PRESENTACION 1 GALON;ING00858;CR2+ PRESENTACION 1 GALON;L;4;UNIDAD;71.060000;2026-10-01;inventario
PRD02208;CREMA TIPO CHANTILLY SNEL 1LT;ING00859;CREMA CHANTILLY;L;1;CAJA;10.710000;2026-10-01;inventario
PRD02748;CAJA CHICA - CREMA CHANTILLY PURATOS;ING00860;CREMA CHANTILLY PURATOS;L;1;LITRO;22.000000;2025-08-13;ultimo precio SGP
PRD02209;CREMA CHANTILLY MONA LISA BRICKS 1LT;ING00861;CREMA CHNTILLY;L;1;CAJA;12.590000;2026-08-03;ultimo precio SGP
PRD00586;CREMA DE CHAMPIÑONES MACROFOODS 1 KG;ING00862;CREMA DE CHAMPIGÑONES DESHIDRATADA;KG;1;BOLSA;18.900000;2026-10-01;inventario
PRD00618;CREMA DE CHAMPIGÑONES KNORR 800 GR;ING00862;CREMA DE CHAMPIGÑONES DESHIDRATADA;KG;0.8;BOLSA;15.916000;2022-03-06;ultimo precio SGP
PRD00617;CREMA DE CHOCLO KNORR 800 GR;ING00864;CREMA DE CHOCLO DESHIDRATADA;KG;0.8;BOLSA;14.370000;2019-06-01;ultimo precio SGP
PRD00616;CREMA DE ESPARRAGOS KNORR 800 GR;ING00869;CREMA DE ESPARRAGOS DESHIDRATADA;KG;0.8;BOLSA;14.945000;2021-09-07;ultimo precio SGP
PRD00935;CREMA DE LECHE GLORIA 946 CC;ING00871;CREMA DE LECHE;L;0.946;BOLSA;18.185000;2026-08-03;ultimo precio SGP
PRD02093;CREMA DE LECHE CUSIPAK UHT 1 LT;ING00871;CREMA DE LECHE;L;1;UNIDAD;13.700000;2018-11-15;ultimo precio SGP
PRD03146;CAJA CHICA - CREMA DE LECHE X 1 LT;ING00873;CREMA DE LECHE X 1 LT;L;1;CAJA;3.600000;2024-12-04;ultimo precio SGP
PRD00619;CREMA DE POLLO KNORR 800 GR;ING00874;CREMA DE POLLO DESHIDRATADA;KG;0.8;BOLSA;14.370000;2019-07-15;ultimo precio SGP
PRD03005;CAJA CHICA - CREMOR TARTARO BADIA X 907.2;ING00881;CREMOR TARTARO BADIA X 907.2;UND;1;FRASCO;3.390000;2022-05-07;ultimo precio SGP
PRD01465;CHOCOLATE WAFER CUA CUA LACTA 18 GR;ING00888;CUA CUA 18 GR;UND;1;UNIDAD;0.568000;2025-06-08;ultimo precio SGP
PRD02690;CUADERNO ESCOLAR SURCO CUADRICULADO 80 HOJAS;ING00889;CUADERNO ESCOLAR SURCO CUADRICULADO 80 HOJAS;UND;1;UNIDAD;4.661000;2018-12-02;ultimo precio SGP
PRD00405;CUCHARA ACRILICO DESCARTABLE 100 UND;ING00894;CUCHARA ACRILICO DESCARTABLE;UND;100;PAQUETE;12.728282;2026-10-01;inventario
PRD00407;CUCHARA PARA CAFE BLANCA DE PLASTICO DESCARTABLE 100 UNID;ING00897;CUCHARA PARA CAFE BLANCA DESCARTABLE;UND;100;PAQUETE;1.950000;2024-03-22;ultimo precio SGP
PRD02581;CUCHARA PARA CAFE BLANCA DE PLASTICO DESCARTABLE GOLAZO 100 UNID;ING00897;CUCHARA PARA CAFE BLANCA DESCARTABLE;UND;100;PAQUETE;2.056000;2026-10-01;inventario
PRD00408;CUCHARA PARA SOPA BLANCA DE PLASTICO DESCARTABLE D841100XX 100 UND;ING00898;CUCHARA PARA SOPA BLANCA DESCARTABLE;UND;100;PAQUETE;9.900000;2023-06-20;ultimo precio SGP
PRD02582;CUCHARA PARA SOPA BLANCA DE PLASTICO DESCARTABLE LA EUROPEA 50 UND;ING00898;CUCHARA PARA SOPA BLANCA DESCARTABLE;UND;50;PAQUETE;3.718000;2026-10-01;inventario
PRD02953;CAJA CHICA - CUCHARA PARA SOPA X 50 UND;ING00899;CUCHARA PARA SOPA X 50 UND;UND;1;BOLSA;2.119000;2024-11-14;ultimo precio SGP
PRD02283;CUCHARA SOPERA DESCARTABLE EN BOLSA X 50UND;ING00900;CUCHARA SOPERA DESCARTABLE;UND;500;PAQUETE;2.135000;2024-08-24;ultimo precio SGP
PRD00409;CUCHILLO PARA SEGUNDO BLANCO DE PLASTICO DESCARTABLE 100 UNID;ING00905;CUCHILLO PARA SEGUNDO BLANCO DESCARTABLE;UND;100;PAQUETE;6.673000;2024-09-08;ultimo precio SGP
PRD00410;CUCHILLO ACRILICO DESCARTABLE 100 UND;ING00905;CUCHILLO PARA SEGUNDO BLANCO DESCARTABLE;UND;100;PAQUETE;11.449844;2026-02-12;ultimo precio SGP
PRD02285;CUCHILLO ACRILICO DESCARTABLE 50 UND;ING00905;CUCHILLO PARA SEGUNDO BLANCO DESCARTABLE;UND;50;PAQUETE;4.880000;2026-10-01;inventario
PRD00425;CULANTRO;ING00908;CULANTRO;KG;1;KILOGRAMO;5.530000;2026-10-01;inventario
PRD02710;CAJA CHICA - CULANTRO;ING00908;CULANTRO;KG;1;KILOGRAMO;17.000000;2025-10-01;ultimo precio SGP
PRD03264;CAJA CHICA - CULANTRO CRESPO;ING00908;CULANTRO;KG;1;KILOGRAMO;5.800000;2026-08-11;ultimo precio SGP
PRD01231;CUY SIN PATAS Y SIN CABEZA CONGELADO;ING00911;CUY ENTERO EVISCERADO CONGELADO;KG;1;KILOGRAMO;60.060000;2025-06-29;ultimo precio SGP
PRD02429;CUY ENTERO CONGELADO;ING00911;CUY ENTERO EVISCERADO CONGELADO;KG;1;KILOGRAMO;47.483624;2026-10-01;inventario
PRD02075;CREMA DENTAL DENTO 75/80 ML;ING00918;DENTRIFICO 75 ML DENTO MENTA NATURAL;UND;1;TUBO;2.130000;2020-07-23;ultimo precio SGP
PRD01426;DESODORANTE AMBIENTADOR ANTITABACO SAPOLIO 360 ML;ING00929;DESODORANTE AMBIENTADOR ANTITABACO SAPOLIO 360 ML;UND;1;FRASCO;4.760000;2021-04-24;ultimo precio SGP
PRD01428;DESODORANTE AMBIENTADOR BRISA MARINA SAPOLIO 360 ML;ING00931;DESODORANTE AMBIENTADOR BRISA MARINA SAPOLIO 360ML;UND;1;FRASCO;4.760000;2020-09-06;ultimo precio SGP
PRD01430;DESODORANTE AMBIENTADOR POTPURRI SAPOLIO 360 ML;ING00934;DESODORANTE AMBIENTADOR POTPURRI SAPOLIO 360 ML;UND;1;FRASCO;5.810000;2023-10-19;ultimo precio SGP
PRD01571;DETERGENTE SAPOLIO DE 13.5 KG;ING00944;DETERGENTE SAPOLIO 15 KG;KG;13.5;SACO;104.235000;2026-08-13;ultimo precio SGP
PRD01451;DM 500 H PLUS FP SPARTAN 19 LITROS - V3;ING00951;DM 500 H PLUS FP SPARTAN - DETERGENTE P/ALIMENTACI;L;19;BIDON;356.730000;2024-07-15;ultimo precio SGP
PRD02523;DM 500 H PLUS FP SPARTAN 5 LITROS;ING00951;DM 500 H PLUS FP SPARTAN - DETERGENTE P/ALIMENTACI;L;5;UNIDAD;91.298595;2024-02-17;ultimo precio SGP
PRD01961;DONUT BERLINA DE CHOCOLATE 90 GRM;ING00954;DONUT BERLINA DE CHOCOLATE 90 G;UND;1;UNIDAD;2.480000;2026-10-01;inventario
PRD01162;DORITOS FRITO QUESO FUEGO LAY 43/40 GR;ING00963;DORITOS FRITO QUESO FUEGO LAY 43 GR;UND;1;BOLSA;0.920000;2018-09-24;ultimo precio SGP
PRD01466;CHOCOLATE DOÑA PEPA LACTA 23 GR;ING00967;DOÑA PEPA 23 GR;UND;1;UNIDAD;0.795000;2025-10-25;ultimo precio SGP
PRD00576;DURAZNO;ING00968;DURAZNO;KG;1;KILOGRAMO;8.000000;2021-04-24;ultimo precio SGP
PRD00805;DURAZNO EN ALMIBAR COMPASS 822 GR;ING00970;DURAZNO EN ALMIBAR;KG;0.822;LATA;8.890000;2022-06-17;ultimo precio SGP
PRD00807;DURAZNO EN ALMIBAR DEL CIELO 820 GR;ING00970;DURAZNO EN ALMIBAR;KG;0.82;LATA;6.813844;2025-01-13;ultimo precio SGP
PRD00813;DURAZNO EN ALMIBAR VALLE NORTE 820 GR;ING00970;DURAZNO EN ALMIBAR;KG;0.82;LATA;6.670000;2026-10-01;inventario
PRD00827;DURAZNO EN ALMIBAR COMPASS 820 GR;ING00970;DURAZNO EN ALMIBAR;KG;0.82;LATA;8.814602;2022-10-01;ultimo precio SGP
PRD00829;DURAZNO EN ALMIBAR FANNY 820 GR;ING00970;DURAZNO EN ALMIBAR;KG;0.82;LATA;7.420000;2018-07-13;ultimo precio SGP
PRD00835;DURAZNO EN ALMIBAR VALLENORTE 820 GR;ING00970;DURAZNO EN ALMIBAR;KG;0.82;LATA;6.698572;2023-09-23;ultimo precio SGP
PRD02849;CAJA CHICA - DURAZNO EN ALMIBAR ACONCAGUA 822 GR;ING00971;DURAZNO EN ALMIBAR ACONCAGUA 822 GR;UND;1;UNIDAD;8.475000;2022-05-07;ultimo precio SGP
PRD00119;EDULCORANTE PERSONAL SODEXO 1 GR X MILLAR;ING00991;EDULCORANTE SACHET;UND;1000;PAQUETE;72.500000;2026-10-01;inventario
PRD00120;EDULCORANTE STEVIA PERSONAL SODEXO 1 GR X MILLAR;ING00993;EDULCORANTE STEVIA PERSONAL SODEXO;UND;1000;SACHET;87.500000;2022-10-21;ultimo precio SGP
PRD03589;CAJA CHICA - EDULCORANTE X 50 UND;ING00997;EDULCORANTE X 50 UND;UND;1;CAJA;11.864000;2019-01-08;ultimo precio SGP
PRD02671;EMPANADA DE AJI DE POLLO 100 GR MENU;ING01000;EMPANADA DE AJI DE POLLO MENU;UND;1;UNIDAD;2.940793;2026-10-01;inventario
PRD02672;EMPANADA DE AJI DE POLLO 145 GR RETAIL;ING01001;EMPANADA DE AJI DE POLLO RETAIL;UND;1;UNIDAD;4.600000;2026-05-10;ultimo precio SGP
PRD02673;FIESTRA EMPANADA DE CARNE 90 GR;ING01002;EMPANADA DE CARNE 90 GR;UND;1;UNIDAD;1.390000;2018-07-08;ultimo precio SGP
PRD02664;EMPANADA DE CARNE 100 GR MENU;ING01003;EMPANADA DE CARNE MENU UND;UND;1;UNIDAD;3.080000;2026-10-01;inventario
PRD01946;EMPANADA MIXTA 90 GR;ING01008;EMPANADA MIXTA 90 GR;UND;1;UNIDAD;2.220000;2023-07-23;ultimo precio SGP
PRD02674;FIESTRA EMPANADA MIXTA 90 GR;ING01008;EMPANADA MIXTA 90 GR;UND;1;UNIDAD;1.660000;2021-10-23;ultimo precio SGP
PRD01974;ENROLLADO PRIMAVERA 22 GR CONGELADO;ING01026;ENROLLADO PRIMAVERA 22 G CONGELADO;UND;1;UNIDAD;0.330000;2022-11-27;ultimo precio SGP
PRD02586;ENVASE DESCARTABLE CIRCULAR PP TRANSPARENTE SIN TAPA 0.5 LT ALFA X 200 UND;ING01038;ENVASE DESCARTABLE CIRCULAR PP TRANS S/TAPA 0.5 LT;UND;200;PAQUETE;42.206000;2026-10-01;inventario
PRD02587;ENVASE DESCARTABLE CIRCULAR PP TRANSPARENTE SIN TAPA 1 LT ALFA X 200 UND;ING01039;ENVASE DESCARTABLE CIRCULAR PP TRANS S/TAPA 1 LT;UND;200;PAQUETE;61.736000;2026-10-01;inventario
PRD02588;ENVASE DESCARTABLE CIRCULAR PP TRANSPARENTE SIN TAPA 8 OZ X 400 UND;ING01040;ENVASE DESCARTABLE CIRCULAR PP TRANS S/TAPA 8 OZ;UND;400;PAQUETE;68.061000;2026-10-01;inventario
PRD02589;ENVASE DESCARTABLE CIRCULAR PS BLANCO SIN TAPA 0.5 LT ALFA X 200 UND;ING01041;ENVASE DESCARTABLE CIRCULAR PS BLANCO S/TAPA 0.5LT;UND;200;PAQUETE;42.206000;2026-10-01;inventario
PRD02590;ENVASE DESCARTABLE CIRCULAR PS BLANCO SIN TAPA 1 LT ALFA X 200 UND;ING01042;ENVASE DESCARTABLE CIRCULAR PS BLANCO S/TAPA 1LT;UND;200;PAQUETE;61.736000;2026-08-07;ultimo precio SGP
PRD02297;ENVASE DESCARTABLE CON TAPA REDONDO 500 CC (1/2 LITRO) MILLAR;ING01043;ENVASE DESCARTABLE CON TAPA 500 CC;UND;1000;PAQUETE;359.000000;2021-07-12;ultimo precio SGP
PRD02298;ENVASE DESCARTABLE CON TAPA REDONDO 8 OZ 500 UND;ING01044;ENVASE DESCARTABLE CON TAPA 8 OZ;UND;500;PAQUETE;112.500000;2021-06-23;ultimo precio SGP
PRD02295;ENVASE DESCARTABLE CON TAPA F5 16 OZ 250 UND TRANSPARENTE / NEGRO;ING01045;ENVASE DESCARTABLE F5 16 OZ;UND;250;PAQUETE;155.130000;2021-07-12;ultimo precio SGP
PRD02294;ENVASE DESCARTABLE CON TAPA F5 32 OZ 200 UND TRANSPARENTE/NEGRO;ING01046;ENVASE DESCARTABLE F5 32 OZ;UND;200;PAQUETE;180.000000;2021-07-12;ultimo precio SGP
PRD02591;ENVASE DESCARTABLE RECTANGULAR TRANSPARENTE PP SIN TAPA 0.5 LT ALFA X 200 UND;ING01047;ENVASE DESCARTABLE RECTAN TRANSPA PP S/TAPA 0.5LT;UND;200;PAQUETE;45.218000;2026-10-01;inventario
PRD02592;ENVASE DESCARTABLE RECTANGULAR TRANSPARENTE PP SIN TAPA 1 LT ALFA X 200 UND;ING01048;ENVASE DESCARTABLE RECTAN TRANSPA PP S/TAPA 1LT;UND;200;PAQUETE;56.493000;2026-10-01;inventario
PRD02789;CAJA CHICA - ENVASE DESCARTABLE RECTANGULAR C/TAPA 32 OZ 100;ING01049;ENVASE DESCARTABLE RECTANGULAR C/TAPA 32 OZ 100;UND;1;PAQUETE;63.730000;2021-12-01;ultimo precio SGP
PRD02299;ENVASE DESCARTABLE CON TAPA REDONDO 1000 CC MILLAR;ING01050;ENVASE DESCARTABLE REDONDO CON TAPA 1000 CC;UND;1000;PAQUETE;425.000000;2020-07-31;ultimo precio SGP
PRD02304;ENVASE DESCARTABLE SIN TAPA F5 16 OZ 250 UND TRANSPARENTE/ NEGRO;ING01051;ENVASE DESCARTABLE S/TAPA F5 16 OZ TRANSPARENTE/NE;UND;250;PAQUETE;94.251000;2024-10-21;ultimo precio SGP
PRD02306;ENVASE DESCARTABLE SIN TAPA F5 32 OZ 200 UND TRANSPARENTE/NEGRO;ING01052;ENVASE DESCARTABLE S/TAPA F5 32 OZ TRANSPARENTE/NE;UND;200;PAQUETE;107.826000;2024-10-30;ultimo precio SGP
PRD02310;ENVASE DESCARTABLE SIN TAPA REDONDO 500 CC 200UND;ING01053;ENVASE DESCARTABLE S/TAPA REDONDO 500 CC;UND;500;PAQUETE;69.737517;2025-01-25;ultimo precio SGP
PRD02311;ENVASE DESCARTABLE SIN TAPA REDONDO 8 OZ 500 UND;ING01054;ENVASE DESCARTABLE S/TAPA REDONDO 8 OZ;UND;500;PAQUETE;96.560000;2024-09-29;ultimo precio SGP
PRD03289;CAJA CHICA - ENVASE PLASTICO REDONDO C/TAPA 250 CC;ING01063;ENVASE PLASTICO REDONDO C/TAPA 250 CC;UND;1;UNIDAD;0.156000;2020-06-01;ultimo precio SGP
PRD02596;ENVASE SALAD BOWL DE BAMBU 1000 ML SIN TAPA X 600 UND;ING01065;ENVASE SALAD BOWL DE BAMBU 1000 ML SIN TAPA;UND;600;PAQUETE;381.356000;2026-10-01;inventario
PRD02957;CAJA CHICA - ENVASES DESCARTABLES C/ TAPA 25 UND;ING01076;ENVASES DESCARTABLES C/ TAPA 25 UND;UND;1;PAQUETE;31.864000;2021-11-25;ultimo precio SGP
PRD01042;ESCENCIA DE NARANJA SOLUBLE FRATELLO 250 ML PET;ING01081;ESCENCIA DE NARANJA;L;0.25;BOTELLA;15.580000;2026-10-01;inventario
PRD00982;ESENCIA DE PANETON FRATELLO 500 CC;ING01082;ESCENCIA DE PANETON;L;0.5;FRASCO;27.420000;2025-02-07;ultimo precio SGP
PRD00228;ESCENCIA DE VAINILLA NEGRITA 1 LT PET;ING01084;ESCENCIA DE VAINILLA;L;1;BOTELLA;8.461362;2021-12-21;ultimo precio SGP
PRD00963;ESCENCIA DE VAINILLA UMSHA 1 LT PET;ING01084;ESCENCIA DE VAINILLA;L;1;BOTELLA;10.386947;2026-10-01;inventario
PRD01375;ESCOBA DE PLASTICO SUPER DALIA VIRUTEX;ING01086;ESCOBA DE PLASTICO SUPER DALIA VIRUTEX;UND;1;UNIDAD;11.500000;2020-09-06;ultimo precio SGP
PRD01857;ESCOBILLA DE PLASTICO PARA LAVAR ROPA;ING01090;ESCOBILLA DE PLASTICO PARA ROPA;UND;1;UNIDAD;4.660000;2026-09-13;ultimo precio SGP
PRD03052;CAJA CHICA - ESCOBILLA PARA ROPA;ING01093;ESCOBILLA PARA ROPA;UND;1;UNIDAD;2.119000;2018-12-02;ultimo precio SGP
PRD02074;ESCOBILLA DE PLASTICO PARA LIMPIAR UÑAS;ING01095;ESCOBILLAS UÑAS UNIDAD;UND;1;UNIDAD;1.452000;2018-07-01;ultimo precio SGP
PRD00449;ESPINACA FRESCA;ING01103;ESPINACA;KG;1;KILOGRAMO;5.330000;2026-10-01;inventario
PRD04085;CAJA CHICA - ESPINACA;ING01103;ESPINACA;KG;1;KILOGRAMO;10.000000;2026-08-11;ultimo precio SGP
PRD01198;ESPINACA CONGELADA;ING01104;ESPINACA CONGELADO;KG;1;KILOGRAMO;5.840000;2026-10-01;inventario
PRD01384;ESPONJA CERO RAYAS INSTITUCIONAL BLANCO 3M SCOTH BRITE UND;ING01105;ESPONJA CERO RAYAS INSTITUCIONAL BLANCO 3M SCOTH BRITE UND;UND;1;UNIDAD;3.674000;2026-10-01;inventario
PRD02881;CAJA CHICA - ESPONJA DE METAL;ING01106;ESPONJA DE METAL;UND;1;UNIDAD;1.356000;2019-02-24;ultimo precio SGP
PRD01382;ESPONJA NARANJA 746 P/GRIDDLE CLEANER S/B / 70071593647 3M;ING01107;ESPONJA NARANJA 746 P/GRIDDLE CLEANER S/B / 70071593647 3M;UND;1;UNIDAD;4.480000;2026-10-01;inventario
PRD01378;ESPONJA SCOTH BRITE N.746 TRABAJO PESADO PLANCHA CALIENTE PQT X 15 UND;ING01110;ESPONJA SCOTH BRITE N.746 TRAB PESADO PLANCHA CALI;UND;15;PAQUETE;91.170000;2021-09-15;ultimo precio SGP
PRD01385;ESPONJA TRABAJO PESADO N° 88 SCOTCH BRITE;ING01111;ESPONJA TRABAJO PESADO N.88 SCOTCH BRITE;UND;1;UNIDAD;8.550000;2021-01-16;ultimo precio SGP
PRD01387;ESPONJA TRABAJO PESADO N.88 SCOTCH BRITE;ING01111;ESPONJA TRABAJO PESADO N.88 SCOTCH BRITE;UND;1;UNIDAD;8.550000;2026-10-01;inventario
PRD01388;ESPONJA VERDE SCOTCH BRITE 180 UND;ING01113;ESPONJA VERDE SCOTCH BRITE 180 UND;UND;180;CAJA;322.200000;2023-12-14;ultimo precio SGP
PRD01386;ESPONJA VERDE SCOTCH BRITE ORIGINAL PRECORTADO 1 X 2 UND;ING01115;ESPONJA VERDE SCOTCH BRITE ORIGINAL PCORTADO 1 X2;UND;1;PAR;3.275000;2023-11-20;ultimo precio SGP
PRD01600;ESPONJA VERDE SCOTCH BRITE;ING01116;ESPONJA VERDE UNIDAD;UND;1;UNIDAD;1.790000;2021-06-04;ultimo precio SGP
PRD00874;ESTRAGON SECO 4 ESTACIONES 250 GR;ING01119;ESTRAGON;KG;0.25;BOLSA;61.640000;2025-05-30;ultimo precio SGP
PRD00899;EUCALIPTO (HOJAS) 4 ESTACIONES 250 GRM;ING01123;EUCALIPTO SECO;KG;0.25;BOLSA;12.500000;2026-10-01;inventario
PRD02539;FABRIC SOFTENER SPARTAN 19 LITROS;ING01124;FABRIC SOFTENER SPARTAN - SUAVIZANTE;L;19;BIDON;281.920000;2024-01-24;ultimo precio SGP
PRD01257;GASEOSA FANTA 3 LT;ING01129;FANTA LT;L;3;BOTELLA;5.920000;2026-02-06;ultimo precio SGP
PRD01379;FIBRA EXTRA DURA 250X120X25 NEGRO;ING01131;FIBRA EXTRA DURA 250X120X25 NEGRO;UND;1;UNIDAD;14.450000;2024-01-05;ultimo precio SGP
PRD01380;FIBRA EXTRA DURA 250X120X25 NEGRO CORTADA EN 2 UND;ING01131;FIBRA EXTRA DURA 250X120X25 NEGRO;UND;1;UNIDAD;14.450000;2024-06-24;ultimo precio SGP
PRD00043;FIDEO CABELLO DE ANGEL MOLITALIA 250 GR;ING01134;FIDEO CABELLO DE ANGEL;KG;0.25;PAQUETE;1.210000;2026-10-01;inventario
PRD00033;FIDEO CANUTO CHICO NICOLINI 250 GR;ING01135;FIDEO CANUTO;KG;0.25;PAQUETE;1.078000;2020-03-31;ultimo precio SGP
PRD00039;FIDEO CANUTO RAYADO DON VITTORIO 250 GR;ING01135;FIDEO CANUTO;KG;0.25;PAQUETE;1.300000;2019-06-11;ultimo precio SGP
PRD00040;FIDEO CANUTO CHICO DON VITTORIO 250/235 GR;ING01135;FIDEO CANUTO;KG;0.235;PAQUETE;1.340000;2019-11-28;ultimo precio SGP
PRD00131;FIDEO CANUTO GRANDE DEL CIELO 250 GR;ING01135;FIDEO CANUTO;KG;0.25;PAQUETE;0.780056;2026-10-01;inventario
PRD00133;FIDEO CANUTO MOLITALIA 235 GR;ING01135;FIDEO CANUTO;KG;0.235;PAQUETE;1.211846;2025-01-01;ultimo precio SGP
PRD00141;FIDEO CANUTO MOLITALIA 250 GR;ING01135;FIDEO CANUTO;KG;0.25;PAQUETE;1.210000;2026-04-09;ultimo precio SGP
PRD00172;FIDEO CANUTO (PLUMA) MOLITALIA 250 GR;ING01135;FIDEO CANUTO;KG;0.25;PAQUETE;1.404000;2023-07-05;ultimo precio SGP
PRD00177;FIDEO CANUTIN BENOTI 250 GR;ING01135;FIDEO CANUTO;KG;0.25;PAQUETE;0.573000;2019-08-16;ultimo precio SGP
PRD00182;FIDEO CANUTO BENOTI 250 GR;ING01135;FIDEO CANUTO;KG;0.25;PAQUETE;0.573000;2019-12-17;ultimo precio SGP
PRD03055;CAJA CHICA - FIDEO CANUTO NICOLINI X 250 GR;ING01136;FIDEO CANUTO (UND);UND;1;UNIDAD;0.932000;2022-05-17;ultimo precio SGP
PRD00053;FIDEO CARACOL CHICO DON VITTORIO 250 GR;ING01137;FIDEO CARACOL;KG;0.25;PAQUETE;1.300000;2019-05-17;ultimo precio SGP
PRD00130;FIDEO CARACOL DEL CIELO 250 GR;ING01137;FIDEO CARACOL;KG;0.25;PAQUETE;0.780000;2026-10-01;inventario
PRD00132;FIDEO CARACOL CHICO MOLITALIA 235 GR;ING01137;FIDEO CARACOL;KG;0.235;PAQUETE;1.405000;2024-08-24;ultimo precio SGP
PRD00173;FIDEO CARACOL CHICO MOLITALIA 250 GR;ING01137;FIDEO CARACOL;KG;0.25;PAQUETE;1.055256;2022-07-30;ultimo precio SGP
PRD00178;FIDEO CARACOL CHICO BENOTI 250 GR;ING01137;FIDEO CARACOL;KG;0.25;PAQUETE;0.645000;2021-06-04;ultimo precio SGP
PRD00180;FIDEO CARACOL RAYADO BENOTI 250 GR;ING01137;FIDEO CARACOL;KG;0.25;PAQUETE;0.590000;2020-09-30;ultimo precio SGP
PRD00444;FIDEO CHINO;ING01141;FIDEO CHINO;KG;1;KILOGRAMO;5.760000;2026-10-01;inventario
PRD00037;FIDEO CODO RAYADO DON VITTORIO 250/225 GR;ING01144;FIDEO CODO RAYADO;KG;0.225;PAQUETE;1.300000;2019-06-11;ultimo precio SGP
PRD00045;FIDEO CODO MEDIANO RAYADO MOLITALIA 250 GR;ING01144;FIDEO CODO RAYADO;KG;0.25;PAQUETE;1.394700;2023-05-04;ultimo precio SGP
PRD00136;FIDEO CODO MEDIANO RAYADO MOLITALIA 235 GR;ING01144;FIDEO CODO RAYADO;KG;0.235;PAQUETE;1.210000;2026-02-16;ultimo precio SGP
PRD00144;FIDEO CODO MEDIANO RAYADO MOLITALIA 250GR;ING01144;FIDEO CODO RAYADO;KG;0.25;PAQUETE;1.210000;2026-08-02;ultimo precio SGP
PRD00175;FIDEO CODO RAYADO MOLITALIA 250 GR;ING01144;FIDEO CODO RAYADO;KG;0.25;PAQUETE;0.852000;2019-12-17;ultimo precio SGP
PRD00176;FIDEO CODO RAYADO NICOLLINI 250 GR;ING01144;FIDEO CODO RAYADO;KG;0.25;PAQUETE;1.080000;2019-04-11;ultimo precio SGP
PRD00179;FIDEO CODO RAYADO BENOTI 250 GR;ING01144;FIDEO CODO RAYADO;KG;0.25;PAQUETE;0.573000;2020-09-24;ultimo precio SGP
PRD00029;FIDEO CORBATA CHICO DON VITTORIO 250 GR;ING01145;FIDEO CORBATA;KG;0.25;PAQUETE;1.300000;2019-06-11;ultimo precio SGP
PRD00036;FIDEO CORBATA GRANDE NICOLINI 250 GR ( 15320 );ING01145;FIDEO CORBATA;KG;0.25;PAQUETE;1.080000;2019-03-20;ultimo precio SGP
PRD00174;FIDEO CORBATA MOLITALIA 250 GR;ING01145;FIDEO CORBATA;KG;0.25;PAQUETE;0.852929;2019-04-11;ultimo precio SGP
PRD00187;FIDEO FETUCCINI C/HUEVO NICOLINI 500 GR;ING01147;FIDEO FETUCCINI AL HUEVO;KG;0.5;PAQUETE;3.444000;2019-11-28;ultimo precio SGP
PRD00135;FIDEO MACARRON MOLITALIA 235 GR;ING01151;FIDEO MACARRON;KG;0.235;PAQUETE;1.210000;2025-04-18;ultimo precio SGP
PRD00188;FIDEO MACARRON MOLITALIA 250 GR;ING01151;FIDEO MACARRON;KG;0.25;PAQUETE;1.047000;2022-03-27;ultimo precio SGP
PRD03542;CAJA CHICA - FIDEO PARA SOPA X 250 GR;ING01154;FIDEO PARA SOPA X 250 GR;UND;1;PAQUETE;0.932000;2022-05-17;ultimo precio SGP
PRD03058;CAJA CHICA - FIDEO RIGATONI NICOLINI 250 GR;ING01156;FIDEO RIGATONI NICOLINI 250 GR;UND;1;UNIDAD;0.932000;2022-05-07;ultimo precio SGP
PRD03059;CAJA CHICA - FIDEO SPAGHETI NICOLINI X 10 KG;ING01158;FIDEO SPAGHETI NICOLINI X 10 KG;UND;1;UNIDAD;42.370000;2025-06-17;ultimo precio SGP
PRD00031;FIDEO SPAGUETTI DON VITTORIO 500 GR;ING01159;FIDEO SPAGUETTI;KG;0.5;PAQUETE;2.750000;2019-03-20;ultimo precio SGP
PRD00034;FIDEO SPAGUETTI NICOLINI 500/450 GR;ING01159;FIDEO SPAGUETTI;KG;0.45;PAQUETE;2.248000;2019-07-15;ultimo precio SGP
PRD00042;FIDEO SPAGUETTI MOLITALIA 500 GR;ING01159;FIDEO SPAGUETTI;KG;0.5;PAQUETE;2.632103;2022-12-17;ultimo precio SGP
PRD00128;FIDEO SPAGUETTI MOLITALIA 450 GR;ING01159;FIDEO SPAGUETTI;KG;0.45;PAQUETE;2.420072;2025-08-10;ultimo precio SGP
PRD00129;FIDEO SPAGUETTI DEL CIELO 500 GR;ING01159;FIDEO SPAGUETTI;KG;0.5;PAQUETE;1.564000;2026-04-20;ultimo precio SGP
PRD00137;FIDEO SPAGUETTI MOLITALIA 950 GR;ING01159;FIDEO SPAGUETTI;KG;0.95;PAQUETE;4.553000;2026-10-01;inventario
PRD00145;FIDEO SPAGUETTI MOLITALIA 500GR;ING01159;FIDEO SPAGUETTI;KG;0.5;PAQUETE;2.396000;2026-05-21;ultimo precio SGP
PRD00185;FIDEO SPAGUETTI BENOTI 500 GR;ING01159;FIDEO SPAGUETTI;KG;0.5;PAQUETE;1.147000;2019-08-16;ultimo precio SGP
PRD00186;FIDEO SPAGUETTI BENOTI 10 KG;ING01159;FIDEO SPAGUETTI;KG;10;BOLSA;23.617000;2020-06-16;ultimo precio SGP
PRD02703;CAJA CHICA - FIDEO SPAGUETTY ALIANZA X KG;ING01161;FIDEO SPAGUETTY ALIANZA X KG;KG;1;KILOGRAMO;1.864000;2022-05-07;ultimo precio SGP
PRD00028;FIDEO TORNILLO DON VITTORIO 250/225 GR;ING01162;FIDEO TORNILLO;KG;0.225;PAQUETE;1.300000;2019-05-17;ultimo precio SGP
PRD00035;FIDEO TORNILLO NICOLINI 250 GR;ING01162;FIDEO TORNILLO;KG;0.25;PAQUETE;1.080000;2019-04-11;ultimo precio SGP
PRD00044;FIDEO TORNILLO MOLITALIA 250 GR;ING01162;FIDEO TORNILLO;KG;0.25;PAQUETE;1.404916;2023-05-15;ultimo precio SGP
PRD00134;FIDEO TORNILLO MOLITALIA 235 GR;ING01162;FIDEO TORNILLO;KG;0.235;PAQUETE;1.210005;2026-02-27;ultimo precio SGP
PRD00142;FIDEO TORNILLO MOLITALIA 250GR;ING01162;FIDEO TORNILLO;KG;0.25;PAQUETE;1.210000;2026-10-01;inventario
PRD00184;FIDEO TORNILLO BENOTI 250 GR;ING01162;FIDEO TORNILLO;KG;0.25;PAQUETE;0.573000;2019-08-16;ultimo precio SGP
PRD02313;"STRECH FILM DE GRADO ALIMENTARIO ROLLO 18"" X 1400 MT";ING01172;FILM PLASTICO 18 X 1400;UND;1;UNIDAD;247.921447;2024-07-26;ultimo precio SGP
PRD02556;"STRECH FILM DE GRADO ALIMENTARIO ROLLO 18"" X 1400MT X 9U";ING01172;FILM PLASTICO 18 X 1400;UND;1;UNIDAD;117.893469;2026-10-01;inventario
PRD03286;CAJA CHICA - FILM PLASTICO 18 X 5000;ING01173;FILM PLASTICO 18 X 5000;UND;1;ROLLO;21.186000;2018-10-17;ultimo precio SGP
PRD03457;CAJA CHICA - FINAS HIERBAS;ING01174;FINAS HIERBAS;UND;1;UNIDAD;5.400000;2026-04-14;ultimo precio SGP
PRD01969;FINGER DE YUCA CON QUESO 20 GR CONGELADO;ING01175;FINGER DE YUCA CON QUESO 20 G CONGELADO;UND;1;UNIDAD;0.297000;2019-04-20;ultimo precio SGP
PRD01008;FLAN DE CHOCOLATE CEYLAN 5 KG;ING01177;FLAN DE CHOCOLATE INSTANTANEO;KG;5;BOLSA;49.530000;2026-10-01;inventario
PRD00949;FLAN DE VAINILLA UNIVERSAL 150 GR;ING01180;FLAN DE VAINILLA INSTANTANEO;KG;0.15;BOLSA;3.473560;2026-10-01;inventario
PRD00951;FLAN DE VAINILLA MELOSITA 5 KG;ING01180;FLAN DE VAINILLA INSTANTANEO;KG;5;BOLSA;42.772000;2024-04-21;ultimo precio SGP
PRD01027;FLAN DE VAINILLA CEYLAN 5 KG;ING01180;FLAN DE VAINILLA INSTANTANEO;KG;5;BOLSA;41.860000;2021-09-15;ultimo precio SGP
PRD01034;FLAN DE VAINILLA LEAL 5 KG;ING01180;FLAN DE VAINILLA INSTANTANEO;KG;5;BOLSA;34.500000;2018-08-19;ultimo precio SGP
PRD02525;FOAMING ACID CLEANER FP SPARTAN 5 LITROS;ING01185;FOAMING ACID CLEANER FP SPARTAN - DETERGENTE ACIDO;L;5;UNIDAD;196.920000;2026-10-01;inventario
PRD00088;ACHOCOLATADO MILO NESTLE 400 GR;ING01188;FORTIFICANTE MILO KG.;KG;0.4;LATA;12.860000;2018-12-07;ultimo precio SGP
PRD02044;FOSFORO DE MADERA INTI;ING01191;FOSFORO DE MADERA;UND;1;UNIDAD;0.200000;2019-08-03;ultimo precio SGP
PRD01595;FRANELA RIBETEADA ROJA 50 X 60 CM;ING01193;FRANELA 50 X 60;UND;1;UNIDAD;4.940000;2019-10-23;ultimo precio SGP
PRD03421;CAJA CHICA - FRANELA 50 X 60;ING01193;FRANELA 50 X 60;UND;1;UNIDAD;5.000000;2018-12-02;ultimo precio SGP
PRD01402;FRANELA BALLERINA VIRUTEX;ING01196;FRANELA BALLERINA VIRUTEX;UND;1;UNIDAD;1.750000;2026-10-01;inventario
PRD03139;CAJA CHICA - FRESA;ING01205;FRESA;KG;1;KILOGRAMO;10.171000;2025-01-01;ultimo precio SGP
PRD00579;PULPA DE FRESA CONGELADO;ING01207;FRESA PULPA CONGELADO;KG;1;KILOGRAMO;8.132450;2026-10-01;inventario
PRD01869;PULPA DE FRESA - FIFU;ING01207;FRESA PULPA CONGELADO;KG;1;KILOGRAMO;7.830000;2025-12-28;ultimo precio SGP
PRD00373;FRIJOL CANARIO CANTA CLARO 5 KG;ING01210;FRIJOL CANARIO;KG;5;BOLSA;54.000000;2026-10-01;inventario
PRD00450;FRIJOL CHINO;ING01214;FRIJOL CHINO;KG;1;KILOGRAMO;5.230000;2026-10-01;inventario
PRD03746;CAJA CHICA - FRUGOS CASERO NARANJA X LT;ING01226;FRUGOS CASERO NARANJA X LT;UND;1;BOTELLA;3.585000;2022-05-17;ultimo precio SGP
PRD02218;FRUTA CONFITADA 4 ESTACIONES 1 KG;ING01228;FRUTA CONFITADA;KG;1;BOLSA;11.800000;2026-10-01;inventario
PRD00940;FUDGE DE CHOCOLATE BAZO VELARDE 550 GR;ING01233;FUDGE DE CHOCOLATE LT (KG);KG;0.55;BOTELLA;17.090000;2026-10-01;inventario
PRD00314;GALLETA RELLENA ALFAJOR CASINO 51 GR;ING01234;G CASINO ALFAJOR;UND;1;PAQUETE;0.560000;2019-02-28;ultimo precio SGP
PRD00332;GALLETA RELLENA COCO CASINO 51/43 GR;ING01235;G CASINO COCO;UND;1;PAQUETE;0.560000;2019-02-28;ultimo precio SGP
PRD00294;GALLETA RELLENA FRESA CASINO 51/43 GR;ING01236;G CASINO FRESA;UND;1;PAQUETE;0.790000;2026-10-01;inventario
PRD00295;GALLETA RELLENA LUCUMA CASINO 51/43 GR;ING01237;G CASINO LUCUMA;UND;1;PAQUETE;0.790000;2026-10-01;inventario
PRD00297;GALLETA RELLENA VAINILLA CASINO 51/43 GR;ING01239;G CASINO VAINILLA;UND;1;PAQUETE;0.790000;2026-05-21;ultimo precio SGP
PRD00156;GALLETA DULCE CHOCOLATE CHOMP 42/38 GR;ING01241;G CHOMP CHOCOLATE;UND;1;PAQUETE;0.791000;2026-10-01;inventario
PRD00292;GALLETA DULCE NARANJA CHOMP 38 GR;ING01242;G CHOMP NARANJA;UND;1;PAQUETE;0.778000;2026-06-12;ultimo precio SGP
PRD00280;GALLETA SALADA CLUB SOCIAL NABISCO 26 GR;ING01243;G CLUB SOCIAL;UND;1;PAQUETE;0.473000;2022-11-30;ultimo precio SGP
PRD00321;GALLETA INTEGRAL CLUB SOCIAL NABISCO 26 GR;ING01244;G CLUB SOCIAL INTEGRAL;UND;1;PAQUETE;0.520000;2021-03-13;ultimo precio SGP
PRD00315;GALLETA DULCE TOFFE GLACITAS 32 GR;ING01248;G GLACITAS TOFEE;UND;1;PAQUETE;0.860000;2026-09-02;ultimo precio SGP
PRD00284;GALLETA DULCE CHOCOLATE TENTACION 45/43 GR;ING01252;G TENTACION CHOCOLATE;UND;1;PAQUETE;0.790000;2026-10-01;inventario
PRD00308;GALLETA DULCE NARANJA TENTACION 45/43 GR;ING01254;G TENTACION NARANJA;UND;1;PAQUETE;0.450000;2018-11-29;ultimo precio SGP
PRD01464;GALLETA RELLENA CHOCOLATE CASINO 51/43 GR;ING01260;GALLETA CASINO CHOCOLATE;UND;1;PAQUETE;0.710000;2026-04-09;ultimo precio SGP
PRD00700;GALLETA CHOCOCHIPS CHIPS AHOY 37 GR;ING01267;GALLETA CHOCOCHIPS CHIPS AHOY 37 GR;UND;1;PAQUETE;1.070000;2026-10-01;inventario
PRD04112;CAJA CHICA - GALLETA CHOCOSODA;ING01269;GALLETA CHOCOSODA;UND;1;PAQUETE;1.949000;2022-04-01;ultimo precio SGP
PRD00114;GALLETA CLASICA OREO 36 GR;ING01271;GALLETA CLASICA OREO 36 GR;UND;1;PAQUETE;0.790000;2026-10-01;inventario
PRD00685;GALLETA DE AGUA COSTA LIGHT (LINE) 42 GR;ING01280;GALLETA DE AGUA COSTA LIGHT (LINE) 42 GR;UND;1;PAQUETE;0.484000;2026-10-01;inventario
PRD00318;GALLETA DE AGUA COSTA LIGHT (LINE) 44 GR;ING01281;GALLETA DE AGUA COSTA LIGHT 44 GR;UND;1;PAQUETE;0.430000;2022-02-05;ultimo precio SGP
PRD02776;CAJA CHICA - GALLETA DE VAINILLA;ING01286;GALLETA DE VAINILLA;UND;1;UNIDAD;2.542000;2022-05-07;ultimo precio SGP
PRD00780;GALLETA DULCE CHIN CHIN CHOCOFORMAS 21 GRM;ING01289;GALLETA DULCE CHIN CHIN CHOCOFORMAS 21 G;UND;1;PAQUETE;11.441000;2022-03-08;ultimo precio SGP
PRD00285;GALLETA DULCE CHOCOLATE GLACITAS 32 GR ( 23434);ING01291;GALLETA DULCE CHOCOLATE GLACITAS 32 GR;UND;1;PAQUETE;0.860000;2026-06-12;ultimo precio SGP
PRD00762;GALLETA DULCE CHOCOLATE MOROCHA 30 GR;ING01292;GALLETA DULCE CHOCOLATE MOROCHA 30 GR;UND;1;PAQUETE;0.852000;2025-07-18;ultimo precio SGP
PRD00316;GALLETA DULCE CHOCONIEVE GLACITAS 32 GR (23444);ING01293;GALLETA DULCE CHOCONIEVE GLACITAS 32 GR;UND;1;PAQUETE;0.550000;2018-12-07;ultimo precio SGP
PRD00312;GALLETA DULCE FRESA GLACITAS 32 GR;ING01294;GALLETA DULCE FRESA GLACITAS 32 GR;UND;1;PAQUETE;0.860000;2026-05-21;ultimo precio SGP
PRD02794;CAJA CHICA - GALLETA DULCE VAINILLA FIELD 37 GR;ING01298;GALLETA DULCE VAINILLA FIELD 37 GR;UND;1;UNIDAD;1.695000;2018-09-23;ultimo precio SGP
PRD00293;GALLETA DULCE VAINILLA MARGARITA;ING01299;GALLETA DULCE VAINILLA MARGARITA;UND;1;PAQUETE;0.460000;2019-01-12;ultimo precio SGP
PRD00279;GALLETA DULCE VAINILLA NABISCO (FIELD) 37 GR;ING01301;GALLETA DULCE VAINILLA NABISCO 37 GR;UND;1;UNIDAD;0.714000;2026-10-01;inventario
PRD00283;GALLETA DULCE VAINILLA TENTACION 45/43 GR;ING01301;GALLETA DULCE VAINILLA NABISCO 37 GR;UND;1;PAQUETE;0.609106;2022-02-01;ultimo precio SGP
PRD00684;GALLETA DULCE VAINILLA TENTACION 45 GR;ING01301;GALLETA DULCE VAINILLA NABISCO 37 GR;UND;1;PAQUETE;0.730000;2023-11-09;ultimo precio SGP
PRD00691;GALLETA GRAN CEREAL FIBRA CACAO COSTA 36 GR;ING01305;GALLETA GRAN CEREAL FIBRA CACAO COSTA 36 GR;UND;1;PAQUETE;0.444000;2025-11-02;ultimo precio SGP
PRD00753;GALLETA INTEGRALES INTEGRAKERS SALVADO DE TRIGO 30 GR;ING01308;GALLETA INTEGRAKERS SALVADO DE TRIGO;UND;1;PAQUETE;0.560000;2026-10-01;inventario
PRD03378;CAJA CHICA - GALLETA INTEGRAL C/SALVADO;ING01309;GALLETA INTEGRAL C/SALVADO;UND;1;UNIDAD;0.339000;2019-04-08;ultimo precio SGP
PRD03326;CAJA CHICA - GALLETA INTEGRAL INTEGRACKERS MIEL;ING01310;GALLETA INTEGRAL INTEGRACKERS MIEL;UND;1;UNIDAD;0.446000;2019-04-08;ultimo precio SGP
PRD03826;CAJA CHICA - GALLETA RELLENA COCO X 24 GR X 6 UND;ING01322;GALLETA RELLENA COCO X 24 GR X 6 UND;UND;1;PAQUETE;2.966000;2022-05-17;ultimo precio SGP
PRD00696;GALLETA SALADA CREAM CRAKER 73.5 GR (EMER);ING01333;GALLETA SALADA CREAM CRAKER NABISCO 73.5 GR;UND;1;PAQUETE;1.440000;2025-03-18;ultimo precio SGP
PRD00707;GALLETA SALADA CREAM CRAKER NABISCO 73.5 GR (E);ING01333;GALLETA SALADA CREAM CRAKER NABISCO 73.5 GR;UND;1;PAQUETE;1.410001;2025-04-27;ultimo precio SGP
PRD00763;GALLETA SALADA CREAM CRAKER NABISCO 73.5 GR;ING01333;GALLETA SALADA CREAM CRAKER NABISCO 73.5 GR;UND;1;PAQUETE;1.245515;2026-10-01;inventario
PRD00334;GALLETA SALADA DE SODA DIA 250 GR;ING01334;GALLETA SALADA DE SODA DIA;UND;1;PAQUETE;1.066000;2020-11-27;ultimo precio SGP
PRD00751;GALLETA SALADA DE SODA SAYON 250 GR;ING01335;GALLETA SALADA DE SODA SAYON;KG;0.25;PAQUETE;1.488706;2022-07-30;ultimo precio SGP
PRD00688;GALLETA SALADA DE SODA FIELD RECETA ORIGINAL NABISCO 32 GR;ING01337;GALLETA SALADA SODA FIELD RECETA ORIGINAL 32 GR;UND;1;UNIDAD;0.540000;2026-10-01;inventario
PRD00697;GALLETA SALADA DE SODA FIELD RECETA ORIGINAL NABISCO 32 GR (EMER);ING01337;GALLETA SALADA SODA FIELD RECETA ORIGINAL 32 GR;UND;1;UNIDAD;0.572000;2025-11-14;ultimo precio SGP
PRD00701;GALLETA SALADA DE SODA FIELD RECETA ORIGINAL NABISCO 34 GR;ING01337;GALLETA SALADA SODA FIELD RECETA ORIGINAL 32 GR;UND;1;PAQUETE;0.442299;2022-08-14;ultimo precio SGP
PRD00783;GALLETA SALADA SODA LINE COSTA 42 GR;ING01338;GALLETA SALADA SODA LINE COSTA 40 GR;UND;1;PAQUETE;0.438000;2022-03-06;ultimo precio SGP
PRD00771;GALLETA SALADA SODA SAN JORGE 40 GR;ING01339;GALLETA SALADA SODA SAN JORGE 40 G;UND;1;PAQUETE;0.564000;2026-08-07;ultimo precio SGP
PRD03828;CAJA CHICA - GALLETA SODA V VICTORIA X 34 GR X 6 UND;ING01343;GALLETA SODA V VICTORIA X 34 GR X 6 UND;UND;1;PAQUETE;2.797000;2022-05-17;ultimo precio SGP
PRD03070;CAJA CHICA - GALLETA TENTACION;ING01344;GALLETA TENTACION;UND;1;UNIDAD;0.483500;2018-12-01;ultimo precio SGP
PRD00335;GALLETA DULCE VAINILLA DIA 250 GR;ING01347;GALLETA VAINILLA KG;KG;0.25;PAQUETE;1.190000;2020-12-17;ultimo precio SGP
PRD01212;GALLINA ENTERA SIN MENUDENCIA CONGELADO - IMPORTADO;ING01355;GALLINA ENTERA SIN MENUDENCIA CONGELADO;KG;1;KILOGRAMO;6.488000;2026-10-01;inventario
PRD01225;GALLINA ENTERA CON MENUDENCIA CONGELADO;ING01355;GALLINA ENTERA SIN MENUDENCIA CONGELADO;KG;1;KILOGRAMO;7.200000;2025-05-14;ultimo precio SGP
PRD01721;GALLINA ENTERA CON MENUDENCIA CONGELADO IMPORT;ING01355;GALLINA ENTERA SIN MENUDENCIA CONGELADO;KG;1;KILOGRAMO;5.495707;2025-01-08;ultimo precio SGP
PRD01722;GALLINA ENTERA SIN MENUDENCIA CONGELADO - GRANEL;ING01355;GALLINA ENTERA SIN MENUDENCIA CONGELADO;KG;1;KILOGRAMO;4.052000;2020-07-31;ultimo precio SGP
PRD01723;GALLINA ENTERA SIN MENUDENCIA CONGELADO;ING01355;GALLINA ENTERA SIN MENUDENCIA CONGELADO;KG;1;KILOGRAMO;10.383000;2026-02-12;ultimo precio SGP
PRD01539;GASEOSA COCA COLA PET 2.25 LT;ING01363;GASEOSA COCA COLA PET 2.25 LT;UND;1;BOTELLA;5.630000;2026-05-31;ultimo precio SGP
PRD01540;GASEOSA PEPSI 600 ML;ING01373;GASEOSA PERSONAL;UND;1;BOTELLA;1.661000;2025-10-11;ultimo precio SGP
PRD01550;GASEOSA INCA KOLA SIN AZUCAR 500 ML;ING01373;GASEOSA PERSONAL;UND;1;BOTELLA;1.224000;2019-05-23;ultimo precio SGP
PRD01554;GASEOSA COCA COLA 450 ML;ING01373;GASEOSA PERSONAL;UND;1;BOTELLA;1.252000;2019-08-23;ultimo precio SGP
PRD01555;GASEOSA FANTA SIN AZUCAR 400 ML;ING01373;GASEOSA PERSONAL;UND;1;BOTELLA;1.370000;2019-10-26;ultimo precio SGP
PRD01560;GASEOSA COCA COLA 300 ML (SAMPLING);ING01373;GASEOSA PERSONAL;UND;1;BOTELLA;1.271000;2018-07-28;ultimo precio SGP
PRD02883;CAJA CHICA - GASEOSA COCA COLA 500 ML;ING01373;GASEOSA PERSONAL;UND;1;BOTELLA;2.472000;2024-07-14;ultimo precio SGP
PRD02885;CAJA CHICA - GASEOSA INCA KOLA 500 ML;ING01373;GASEOSA PERSONAL;UND;1;BOTELLA;2.472000;2024-07-14;ultimo precio SGP
PRD03781;CAJA CHICA - GASEOSA FANTA X 500 ML;ING01373;GASEOSA PERSONAL;UND;1;BOTELLA;2.119000;2021-08-23;ultimo precio SGP
PRD01351;GEL ANTIBACTERIAL GG 1 LT;ING01387;GEL ANTIBACTERIAL GG 1 LT;L;1;BOTELLA;32.000000;2020-07-10;ultimo precio SGP
PRD01347;GEL ANTIBACTERIAL IDOGEL 1 LT;ING01388;GEL ANTIBACTERIAL IDIOGEL 1 LT;L;1;BOTELLA;37.050000;2020-05-06;ultimo precio SGP
PRD03071;CAJA CHICA - GELATINA A GRANEL;ING01389;GELATINA A GRANEL;UND;1;UNIDAD;2.975000;2022-05-17;ultimo precio SGP
PRD00215;GELATINA DE FRESA UNIVERSAL 5 KG;ING01393;GELATINA FRESA INSTANTANEO;KG;5;BOLSA;38.000000;2026-01-04;ultimo precio SGP
PRD00957;GELATINA SABOR FRESA IFF 1KG;ING01393;GELATINA FRESA INSTANTANEO;KG;1;BOLSA;37.660000;2022-04-11;ultimo precio SGP
PRD00988;GELATINA SABOR FRESA MACROFOOD 1KG;ING01393;GELATINA FRESA INSTANTANEO;KG;1;BOLSA;20.780000;2026-10-01;inventario
PRD01012;GELATINA SABOR FRESA QUIMTIA 1KG;ING01393;GELATINA FRESA INSTANTANEO;KG;1;BOLSA;42.000000;2025-12-28;ultimo precio SGP
PRD01020;GELATINA DE FRESA UNIVERSAL 150 GR/130 GR;ING01393;GELATINA FRESA INSTANTANEO;KG;0.13;BOLSA;1.932000;2018-07-16;ultimo precio SGP
PRD01023;GELATINA DE FRESA LEAL 5 KG;ING01393;GELATINA FRESA INSTANTANEO;KG;5;BOLSA;35.470000;2019-06-19;ultimo precio SGP
PRD00210;GELATINA DE LIMON UNIVERSAL 5 KG;ING01395;GELATINA LIMON INSTANTANEO;KG;5;BOLSA;38.000000;2026-02-10;ultimo precio SGP
PRD00224;GELATINA DE NARANJA UNIVERSAL 5 KG;ING01398;GELATINA NARANJA INSTANTANEO;KG;5;BOLSA;49.850000;2019-02-01;ultimo precio SGP
PRD00948;GELATINA DE NARANJA UNIVERSAL 150 GR/130 GR;ING01398;GELATINA NARANJA INSTANTANEO;KG;0.13;BOLSA;2.890000;2018-07-01;ultimo precio SGP
PRD00958;GELATINA SABOR NARANJA IFF 1KG;ING01398;GELATINA NARANJA INSTANTANEO;KG;1;BOLSA;37.660000;2022-04-07;ultimo precio SGP
PRD00989;GELATINA SABOR NARANJA MACROFOOD 1KG;ING01398;GELATINA NARANJA INSTANTANEO;KG;1;BOLSA;20.780000;2026-10-01;inventario
PRD01024;GELATINA DE NARANJA LEAL 5 KG;ING01398;GELATINA NARANJA INSTANTANEO;KG;5;BOLSA;41.190000;2022-02-23;ultimo precio SGP
PRD01010;GELATINA SABOR NARANJA QUIMTIA 1KG;ING01399;GELATINA NARANJA QUIMTIA;KG;1;BOLSA;42.000000;2025-12-28;ultimo precio SGP
PRD00959;GELATINA SABOR PIÑA IFF 1KG;ING01400;GELATINA PIÑA INSTANTANEO;KG;1;BOLSA;37.660000;2022-05-20;ultimo precio SGP
PRD00990;GELATINA SABOR PIÑA MACROFOOD 1KG;ING01400;GELATINA PIÑA INSTANTANEO;KG;1;BOLSA;20.780000;2026-10-01;inventario
PRD01011;GELATINA SABOR PIÑA QUIMTIA 1KG;ING01400;GELATINA PIÑA INSTANTANEO;KG;1;BOLSA;42.000000;2025-12-24;ultimo precio SGP
PRD01035;GELATINA DE PIÑA UNIVERSAL 150 GR/130 GR;ING01400;GELATINA PIÑA INSTANTANEO;KG;0.13;BOLSA;2.890000;2018-12-20;ultimo precio SGP
PRD00987;GELATINA SABOR LIMON MACROFOOD 1KG;ING01401;GELATINA SABOR;KG;1;BOLSA;20.780000;2026-10-01;inventario
PRD00222;GRAJEA DE PANADERIA TOÑA 1 KG;ING01424;GRAJEAS;KG;1;BOLSA;8.820000;2026-10-01;inventario
PRD01032;GRAJEA DE PANADERIA 4 ESTACIONES 1 KG;ING01424;GRAJEAS;KG;1;BOLSA;9.596500;2023-08-04;ultimo precio SGP
PRD00575;GRANADILLA;ING01426;GRANADILLA;KG;1;KILOGRAMO;7.500000;2026-10-01;inventario
PRD02346;GUANTE DE NITRILO LIBRE DE POLVO NACOSA 100 UND TALLA L;ING01435;GUANTE DE NITRILO LIBRE DE POLVO AZUL TALLA L;UND;100;CAJA;69.900000;2022-04-21;ultimo precio SGP
PRD02350;GUANTE DE NITRILO LIBRE DE POLVO ULTRASOFT 100 UND TALLA L;ING01435;GUANTE DE NITRILO LIBRE DE POLVO AZUL TALLA L;UND;100;CAJA;58.750000;2022-06-28;ultimo precio SGP
PRD02366;GUANTE DE NITRILO LIBRE DE POLVO 100 UND TALLA L;ING01435;GUANTE DE NITRILO LIBRE DE POLVO AZUL TALLA L;UND;100;CAJA;67.500000;2021-08-20;ultimo precio SGP
PRD02375;GUANTE DE NITRILO LIBRE DE POLVO CELESTE R&G CAJA X 100 UND TALLA L;ING01435;GUANTE DE NITRILO LIBRE DE POLVO AZUL TALLA L;UND;100;CAJA;25.594000;2022-07-16;ultimo precio SGP
PRD02379;GUANTE DE NITRILO NINJA EXPLORER CJ 100 UN T L;ING01435;GUANTE DE NITRILO LIBRE DE POLVO AZUL TALLA L;UND;100;CAJA;79.700000;2021-06-20;ultimo precio SGP
PRD02382;GUANTES DE NITRILO HONEYWELL CJ 100 UN T L;ING01435;GUANTE DE NITRILO LIBRE DE POLVO AZUL TALLA L;UND;100;CAJA;72.591000;2022-04-17;ultimo precio SGP
PRD02349;GUANTE DE NITRILO LIBRE DE POLVO ULTRASOFT 100 UND TALLA M;ING01436;GUANTE DE NITRILO LIBRE DE POLVO AZUL TALLA M;UND;100;CAJA;58.750000;2023-01-07;ultimo precio SGP
PRD02355;GUANTE DE NITRILO LIBRE DE POLVO CELESTE FAMILY DOCTOR CAJA X 100 UND TALLA M;ING01436;GUANTE DE NITRILO LIBRE DE POLVO AZUL TALLA M;UND;100;CAJA;10.966169;2024-10-21;ultimo precio SGP
PRD02358;GUANTE DE NITRILO LIBRE DE POLVO CELESTE FAMILY DOCTOR CAJA X 75 UND TALLA M;ING01436;GUANTE DE NITRILO LIBRE DE POLVO AZUL TALLA M;UND;75;CAJA;10.620000;2024-12-01;ultimo precio SGP
PRD02360;GUANTE DE NITRILO CELESTE MAKETTO ISUDAMERICA CAJA X 100 UND T M;ING01436;GUANTE DE NITRILO LIBRE DE POLVO AZUL TALLA M;UND;100;CAJA;12.030000;2025-09-12;ultimo precio SGP
PRD02361;GUANTE DE NITRILO CELESTE MAKETTO ISUDAMERICA CAJA X 100 UND T L;ING01436;GUANTE DE NITRILO LIBRE DE POLVO AZUL TALLA M;UND;100;CAJA;12.030000;2025-10-01;ultimo precio SGP
PRD02363;GUANTE DE VINILO M 100 UND;ING01436;GUANTE DE NITRILO LIBRE DE POLVO AZUL TALLA M;UND;100;CAJA;14.850000;2019-11-28;ultimo precio SGP
PRD02374;GUANTE DE NITRILO LIBRE DE POLVO CELESTE R&G CAJA X 100 UND TALLA M;ING01436;GUANTE DE NITRILO LIBRE DE POLVO AZUL TALLA M;UND;100;CAJA;18.179000;2023-05-24;ultimo precio SGP
PRD02649;GUANTE DE NITRILO LIBRE DE POLVO AZUL R&G CAJA X 100 PARES T M;ING01436;GUANTE DE NITRILO LIBRE DE POLVO AZUL TALLA M;UND;100;CAJA;12.030000;2025-04-18;ultimo precio SGP
PRD02659;GUANTE DE NITRILO AZUL 4GR ISUD TALLA M X100UND;ING01436;GUANTE DE NITRILO LIBRE DE POLVO AZUL TALLA M;UND;100;PAQUETE;11.290000;2026-10-01;inventario
PRD02347;GUANTE DE NITRILO LIBRE DE POLVO NACOSA 100 UND TALLA S;ING01437;GUANTE DE NITRILO LIBRE DE POLVO AZUL TALLA S;UND;100;CAJA;69.900000;2021-10-29;ultimo precio SGP
PRD02348;GUANTE DE NITRILO LIBRE DE POLVO ULTRASOFT 100 UND TALLA S;ING01437;GUANTE DE NITRILO LIBRE DE POLVO AZUL TALLA S;UND;100;CAJA;69.900000;2023-01-07;ultimo precio SGP
PRD02351;GUANTE DE NITRILO LIBRE DE POLVO CELESTE R&G CAJA X 100 UND TALLA S;ING01437;GUANTE DE NITRILO LIBRE DE POLVO AZUL TALLA S;UND;100;CAJA;18.257000;2023-05-04;ultimo precio SGP
PRD02368;GUANTE DE NITRILO LIBRE DE POLVO 100 UND TALLA S;ING01437;GUANTE DE NITRILO LIBRE DE POLVO AZUL TALLA S;UND;100;CAJA;67.500000;2021-08-20;ultimo precio SGP
PRD02373;GUANTE DE NITRILO LIBRE DE POLVO VERDE R&G CAJA X 100 UND TALLA S;ING01437;GUANTE DE NITRILO LIBRE DE POLVO AZUL TALLA S;UND;100;CAJA;95.340000;2021-07-08;ultimo precio SGP
PRD02352;GUANTES DE POLIETILENO DESC R&G CAJA X 100 UNIDADES T M;ING01438;GUANTES DE POLIETILENO;UND;100;CAJA;3.600000;2026-10-01;inventario
PRD02353;GUANTES DE POLIETILENO DESC R&G CAJA X 100 UNIDADES T L;ING01438;GUANTES DE POLIETILENO;UND;100;CAJA;3.600000;2026-10-01;inventario
PRD01007;GUINDONES SIN PEPA TOÑA 250 GR;ING01439;GUINDONES SIN PEPA;KG;0.25;BOLSA;8.240000;2026-10-01;inventario
PRD02219;GUINDONES SIN PEPA 4 ESTACIONES 250 GR;ING01439;GUINDONES SIN PEPA;KG;0.25;BOLSA;6.778000;2021-12-21;ultimo precio SGP
PRD00446;HABA VERDE;ING01442;HABA VERDE EN VAINA;KG;1;KILOGRAMO;2.700000;2026-09-26;ultimo precio SGP
PRD01204;HABAS VERDES PELADAS CONGELADA;ING01443;HABA VERDE PELADO CONGELADO;KG;1;KILOGRAMO;23.085876;2026-10-01;inventario
PRD01104;HABAS SALADAS KARINTO 18 GR;ING01445;HABAS SALADAS KARINTO 18 GR;UND;1;BOLSA;0.376000;2020-12-21;ultimo precio SGP
PRD00256;HARINA DE 7 SEMILLAS LA NUESTRA 820 GR;ING01461;HARINA DE 7 SEMILLAS;KG;0.82;BOLSA;10.470000;2026-09-13;ultimo precio SGP
PRD00243;HARINA DE ARVEJA KUMARA 5 KG;ING01463;HARINA DE ARVERJA;KG;5;BOLSA;48.890000;2024-05-05;ultimo precio SGP
PRD00242;HARINA DE AVENA KUMARA 5 KG;ING01464;HARINA DE AVENA;KG;5;BOLSA;52.250000;2021-05-30;ultimo precio SGP
PRD00244;HARINA DE CHOCHOCA KUMARA 5 KG;ING01465;HARINA DE CHOCHOCA;KG;5;BOLSA;67.780000;2026-10-01;inventario
PRD00241;HARINA DE HABAS 5 KG;ING01467;HARINA DE HABAS;KG;5;BOLSA;60.555151;2026-10-01;inventario
PRD00198;HARINA DE KIWICHA 5 KG - UNIDAD;ING01468;HARINA DE KIWICHA;KG;5;BOLSA;83.330000;2025-12-23;ultimo precio SGP
PRD00234;HARINA DE KIWICHA 5 KG;ING01468;HARINA DE KIWICHA;KG;5;BOLSA;83.330000;2026-10-01;inventario
PRD00240;HARINA DE MACA SAN JUAN MASIAS (EX BELEN) 5 KG;ING01469;HARINA DE MACA;KG;5;BOLSA;83.800000;2026-10-01;inventario
PRD00238;HARINA DE MAIZ INGREDION 25 KG;ING01470;HARINA DE MAIZ;KG;25;BOLSA;92.202000;2026-10-01;inventario
PRD00239;HARINA DE SOYA SAN JUAN MASIAS 5 KG;ING01472;HARINA DE SOYA;KG;5;BOLSA;44.890000;2026-10-01;inventario
PRD00195;HARINA ESPECIAL DEL CIELO GRANEL SACO 50 KG;ING01473;HARINA DE TRIGO ESPECIAL;KG;50;SACO;136.780000;2026-10-01;inventario
PRD00249;HARINA ESPECIAL EL MOLINO GRANEL;ING01473;HARINA DE TRIGO ESPECIAL;KG;1;KILOGRAMO;1.688000;2020-04-29;ultimo precio SGP
PRD00252;HARINA ESPECIAL EL MOLINO GRANEL SACO 50 KG;ING01473;HARINA DE TRIGO ESPECIAL;KG;50;SACO;123.190000;2025-11-07;ultimo precio SGP
PRD00253;HARINA ESPECIAL ANGELICA GRANEL SACO 50 KG;ING01473;HARINA DE TRIGO ESPECIAL;KG;50;SACO;140.808403;2022-05-20;ultimo precio SGP
PRD00254;HARINA ESPECIAL NICOLINI SUR SACO 50 KG;ING01473;HARINA DE TRIGO ESPECIAL;KG;50;SACO;125.000000;2020-07-21;ultimo precio SGP
PRD00255;HARINA ESPECIAL NICOLINI SACO 50 KG;ING01473;HARINA DE TRIGO ESPECIAL;KG;50;SACO;190.500000;2023-03-24;ultimo precio SGP
PRD00257;HARINA ESPECIAL DON ANGELO GRANEL 50 KG;ING01473;HARINA DE TRIGO ESPECIAL;KG;50;SACO;141.459000;2022-05-29;ultimo precio SGP
PRD02824;CAJA CHICA - HARINA ESPECIAL LUCIANO GRANEL;ING01474;HARINA ESPECIAL LUCIANO GRANEL;KG;1;KILOGRAMO;1.780000;2020-07-21;ultimo precio SGP
PRD01894;HELADO PALETA TERMINATOR FRESA TRENDY 70 CC;ING01494;HELADO PALETA;UND;1;UNIDAD;0.330000;2019-01-12;ultimo precio SGP
PRD01895;HELADO PALETA PALAZO CHOCOLATE TRENDY 68 CC;ING01494;HELADO PALETA;UND;1;UNIDAD;0.330000;2019-01-27;ultimo precio SGP
PRD01910;HELADO PALETA PALAZZO FRESA 68 CC;ING01494;HELADO PALETA;UND;1;UNIDAD;0.330000;2019-02-13;ultimo precio SGP
PRD01916;HELADO CHOCOVAI CREMA VAINILLA YAMBOLY 65 ML (44 GR);ING01494;HELADO PALETA;UND;1;UNIDAD;0.640000;2026-01-17;ultimo precio SGP
PRD01925;HELADO YAMBITO CREMA CHOCOLATE YAMBOLY 54 ML (40 GR);ING01494;HELADO PALETA;UND;1;UNIDAD;0.570000;2026-10-01;inventario
PRD01878;HELADO CREMA VAINILLA CHIPS YAMBOLY 5 L (2.56 KG);ING01495;HELADO PALETA (L);L;5;GRANO;22.550000;2026-09-24;ultimo precio SGP
PRD01918;HELADO SANDWICH CREMA VAINILLA YAMBOLY 67 ML (40 GR);ING01497;HELADO PALETA SANDWICH;UND;1;UNIDAD;0.960000;2026-05-10;ultimo precio SGP
PRD01922;HELADO SANDWICH CREMA VAINILLA LUCUMA YAMBOLY 67 ML (40 GR);ING01497;HELADO PALETA SANDWICH;UND;1;UNIDAD;0.960000;2026-10-01;inventario
PRD01924;HELADO PALETA PRAIA ICE MARACUYA YAMBOLY 74 ML (78 GR);ING01500;HELADO SANDWICH;UND;1;UNIDAD;0.570000;2026-01-26;ultimo precio SGP
PRD00020;HIERBA BUENA;ING01508;HIERBA BUENA;KG;1;KILOGRAMO;6.910000;2026-10-01;inventario
PRD01982;CAJA CHICA - HIERBA LUISA;ING01509;HIERBA LUISA;KG;1;KILOGRAMO;5.800000;2026-04-14;ultimo precio SGP
PRD00509;INFUSION HIERBA LUISA DEL VALLE 100 SOBRES;ING01510;HIERBA LUISA SOBRECITO;UND;100;CAJA;4.360000;2026-10-01;inventario
PRD00875;HIGO SECO 4 ESTACIONES 1 KG;ING01514;HIGO SECO;KG;1;BOLSA;26.500000;2025-02-24;ultimo precio SGP
PRD02212;HIGO SECO PREMIUM 4 ESTACIONES 1 KG;ING01515;HIGO SECO PREMIUM 4 ESTACIONES 1 KG;KG;1;BOLSA;34.000000;2026-10-01;inventario
PRD03712;CAJA CHICA - HISOPO CON BASE;ING01518;HISOPO CON BASE;UND;1;UNIDAD;6.756520;2020-07-10;ultimo precio SGP
PRD02863;CAJA CHICA - HISOPO PARA BAÑO;ING01519;HISOPO PARA BAÑO;UND;1;UNIDAD;5.924000;2020-07-08;ultimo precio SGP
PRD01597;HISOPO PARA SANITARIO CON BASE HUDE - BLANCO - 7750160418513;ING01520;HISOPO PARA SANITARIO CON BASE HUDE - BLANCO - 7750160418513;UND;1;UNIDAD;6.630000;2021-07-15;ultimo precio SGP
PRD02220;HONGO SECO 4 ESTACIONES 1 KG;ING01523;HONGO SECO;KG;1;BOLSA;61.500000;2026-10-01;inventario
PRD00439;HUACATAY;ING01524;HUACATAY;KG;1;KILOGRAMO;5.000000;2026-10-01;inventario
PRD00836;HUACATAY MOLIDO X KG;ING01525;HUACATAY MOLIDO ENVASADO;KG;1;KILOGRAMO;16.000000;2024-12-22;ultimo precio SGP
PRD03117;CAJA CHICA - HUEVO DE CODORNIZ;ING01526;HUEVO DE CODORNIZ;UND;1;PAQUETE;15.678000;2024-05-17;ultimo precio SGP
PRD02090;HUEVO LIQUIDO CONGELADO 2 KG;ING01527;HUEVO LIQUIDO CONGELADO;KG;2;PAQUETE;25.000000;2026-10-01;inventario
PRD02086;HUEVO ROJO (CAJA 11.5 KG);ING01528;HUEVO ROJO;KG;11.5;CAJA;80.500000;2026-10-01;inventario
PRD03104;CAJA CHICA - HUEVO ROSADO;ING01530;HUEVO ROSADO;KG;1;KILOGRAMO;15.253800;2023-02-21;ultimo precio SGP
PRD02092;HUEVO ROSADO BANDEJA 12 PQTS X 15 UNIDS;ING01531;HUEVO ROSADO EN BANDEJA;UND;15;CAJA;89.407000;2020-07-01;ultimo precio SGP
PRD00665;HUEVO ROSADO LA CALERA (EMER);ING01532;HUEVO ROSADO LA CALERA (EMER);KG;1;KILOGRAMO;5.343000;2022-03-23;ultimo precio SGP
PRD02091;HUEVO ROSADO (CAJA 25.7KG);ING01533;HUEVO ROSADO REFRIGERADO CAJA;KG;25.7;CAJA;216.300000;2026-05-21;ultimo precio SGP
PRD01254;GASEOSA INCA KOLA 500 ML;ING01539;INCA KOLA 0.5 LT;UND;1;BOTELLA;1.550000;2024-07-18;ultimo precio SGP
PRD01538;GASEOSA PERSONAL INCA KOLA 500 ML;ING01539;INCA KOLA 0.5 LT;UND;1;BOTELLA;1.550000;2026-10-01;inventario
PRD01256;GASEOSA INCA KOLA 3 LT;ING01542;INCA KOLA LT;L;3;BOTELLA;7.790000;2026-10-01;inventario
PRD00528;INFUSION ANIS 4 ESTACIONES 50 GRM;ING01544;INFUSION ANIS 50 GRM;KG;0.05;BOLSA;1.850000;2026-09-02;ultimo precio SGP
PRD02796;CAJA CHICA - INFUSION ANIS HERBI 100 SOBRES;ING01545;INFUSION ANIS HERBI 100 SOBRES;UND;1;CAJA;4.144000;2019-07-15;ultimo precio SGP
PRD00471;INFUSION CEDRON 4 ESTACIONES 50 GRM;ING01547;INFUSION CEDRON 50 GRM;KG;0.05;BOLSA;2.800000;2026-03-08;ultimo precio SGP
PRD00531;INFUSION HIERBA LUISA 4 ESTACIONES 50 GRM;ING01549;INFUSION HIERBA LUISA 50 GRM;KG;0.05;BOLSA;1.840000;2026-10-01;inventario
PRD00530;INFUSION MANZANILLA 4 ESTACIONES 50 GRM;ING01551;INFUSION MANZANILLA 50 GRM;KG;0.05;BOLSA;1.770000;2026-09-02;ultimo precio SGP
PRD03170;CAJA CHICA - INFUSION MANZANILLA X 100 UND;ING01552;INFUSION MANZANILLA DEL VALLE 100 SOBRES;UND;1;CAJA;4.661000;2018-07-18;ultimo precio SGP
PRD00529;INFUSION TE NEGRO 4 ESTACIONES 50 GRM;ING01559;INFUSION TE NEGRO 50 GRM;KG;0.05;BOLSA;1.660000;2026-06-12;ultimo precio SGP
PRD02697;JABA PLASTICA COSECHERA AZUL;ING01563;JABA PLASTICA COSECHERA AZUL;UND;1;UNIDAD;25.000000;2024-03-31;ultimo precio SGP
PRD01570;JABON ANTIBACTERIAL PROTEX 75 GR-LIMPIEZA PROFUNDA;ING01564;JABON ANTIBACTERIAL;UND;1;GRANO;2.440000;2026-10-01;inventario
PRD02543;JABÓN ANTIBACTERIAL P/MANOS SPARTAN 4 LITROS NEUTRO;ING01567;JABON ANTIBACTERIAL PARA MANOS SPARTAN;L;4;GALON;46.210000;2026-10-01;inventario
PRD01364;JABON ANTIBACTERIAL REXONA 84 GR;ING01568;JABON ANTIBACTERIAL PERSONAL 75/ 85 GR;UND;1;GRANO;2.827611;2024-03-22;ultimo precio SGP
PRD01371;JABON ANTIBACTERIAL NEKO 75 GR;ING01568;JABON ANTIBACTERIAL PERSONAL 75/ 85 GR;UND;1;GRANO;4.014000;2025-04-03;ultimo precio SGP
PRD03915;CAJA CHICA - JABON ANTIBACTERIAL PROTEX 75 GR;ING01568;JABON ANTIBACTERIAL PERSONAL 75/ 85 GR;UND;1;UNIDAD;1.212000;2020-07-10;ultimo precio SGP
PRD03479;CAJA CHICA - JABON DE TOCADOR 90 GR;ING01569;JABON DE TOCADOR 90 GR;UND;1;GRANO;1.441000;2018-12-16;ultimo precio SGP
PRD01372;JABON DOVE ORIGINAL 90 GR;ING01571;JABON DOVE ORIGINAL 90 GR;UND;1;GRANO;3.927000;2026-10-01;inventario
PRD02544;JABÓN LIQUIDO P/MANOS SPARTAN 4 LITROS NEUTRO;ING01575;JABON LIQUIDO PARA MANOS SPARTAN NEUTRO;L;4;GALON;38.290000;2024-06-06;ultimo precio SGP
PRD01569;JOHNSON DIVERSEY SOFTCARE BAC 5 LT;ING01578;JABON LIQUIDO SOFTCARE BAC LT;L;5;GALON;74.922000;2018-07-01;ultimo precio SGP
PRD01565;JOHNSON DIVERSEY SOFTCARE ENHACE 5 LT;ING01579;JABON LIQUIDO SOFTCARE ENHACE LT;L;5;GALON;64.115041;2022-08-27;ultimo precio SGP
PRD03484;CAJA CHICA - JABON PARA ROPA 260 GR;ING01581;JABON PARA ROPA 260 GR;UND;1;GRANO;1.653000;2019-04-01;ultimo precio SGP
PRD01367;JABON TOCADOR CEST IT BON HOTELERO SPA 10 GR;ING01584;JABON TOCADOR CEST IT BON HOTELERO SPA 10 GR;UND;1;GRANO;0.250000;2018-12-07;ultimo precio SGP
PRD01366;JABON TOCADOR LUX 85 GR;ING01585;JABON TOCADOR LUX 85 GR;UND;1;GRANO;1.400000;2018-11-29;ultimo precio SGP
PRD01368;JABON TOCADOR NIVEA 75 GR;ING01586;JABON TOCADOR NIVEA 75 GR;UND;1;GRANO;3.050000;2025-12-07;ultimo precio SGP
PRD01297;JALADOR DE AGUA CON CERDAS 45 CM 9C42 NEGRO RUBBERMAID;ING01596;JALADOR DE AGUA CON CERDAS 45 CM NEGRO RUBBERMAID;UND;1;PAR;69.820000;2018-10-07;ultimo precio SGP
PRD01851;JAMON AHUMADO REFRIGERADO 500 GR;ING01605;JAMON AHUMADO REFRIGERADO;KG;0.5;PAQUETE;14.290000;2018-11-29;ultimo precio SGP
PRD00798;JAMON DEL PAIS CONGELADO KG;ING01608;JAMON DEL PAIS CONGELADO;KG;1;KILOGRAMO;25.641000;2023-06-08;ultimo precio SGP
PRD02236;JAMON DEL PAIS CONGELADO 500 GR;ING01608;JAMON DEL PAIS CONGELADO;KG;0.5;PAQUETE;15.900000;2020-07-10;ultimo precio SGP
PRD00790;JAMON INGLES CONGELADO KG;ING01611;JAMON INGLES CONGELADO;KG;1;KILOGRAMO;23.210000;2019-10-12;ultimo precio SGP
PRD01844;JAMON PARA CAFETIN CONGELADO KG;ING01615;JAMON PARA CAFETIN CONGELADO;KG;1;KILOGRAMO;12.834000;2026-10-01;inventario
PRD01839;JAMON AMERICANO SUIZA 500 GR REFRIGERADO;ING01616;JAMON PARA CAFETIN REFRIGERADO;KG;0.5;PAQUETE;9.251000;2024-12-28;ultimo precio SGP
PRD00792;JAMONADA DE POLLO CONGELADO KG;ING01620;JAMONADA DE POLLO CONGELADO;KG;1;KILOGRAMO;11.577000;2026-10-01;inventario
PRD00793;JAMONADA PARA CAFETIN CONGELADO 500 GR;ING01622;JAMONADA PARA CAFETIN CONGELADO;KG;0.5;PAQUETE;5.792000;2020-06-30;ultimo precio SGP
PRD01845;JAMONADA PARA CAFETIN CONGELADO KG;ING01622;JAMONADA PARA CAFETIN CONGELADO;KG;1;KILOGRAMO;11.427379;2023-10-06;ultimo precio SGP
PRD02049;JAMONADA PASTEL DE VERDURAS CONGELADO KG;ING01624;JAMONADA PASTEL DE VERDURAS CONGELADO;KG;1;KILOGRAMO;16.550000;2020-10-24;ultimo precio SGP
PRD02753;CAJA CHICA - JARABE CHUNCHO DE GOMA 750 ML;ING01625;JARABE CHUNCHO DE GOMA 750 ML;UND;1;BOTELLA;9.000000;2024-11-16;ultimo precio SGP
PRD01284;JOHNSON DIVERSEY ALPHA HP 1.5 LT;ING01639;JOHNSON DIVERSEY ALPHA HP 1.5 LT;UND;1;FRASCO;80.470000;2020-05-24;ultimo precio SGP
PRD01291;JOHNSON DIVERSEY CLAX ALFA 20 LT;ING01641;JOHNSON DIVERSEY CLAX ALFA 20 LT;UND;1;BIDON;459.580000;2023-09-28;ultimo precio SGP
PRD01553;JOHNSON DIVERSEY CLAX SUAVE 20 LT;ING01643;JOHNSON DIVERSEY CLAX SUAVE LT;L;20;BIDON;204.050000;2024-01-21;ultimo precio SGP
PRD01282;JOHNSON DIVERSEY DRAX ULTRA 5 LT;ING01645;JOHNSON DIVERSEY DRAX ULTRA;L;5;GALON;71.030213;2025-05-14;ultimo precio SGP
PRD01534;JOHNSON DIVERSEY FORWARD 5 LT;ING01647;JOHNSON DIVERSEY FORWARD X LT;L;5;GALON;54.980000;2024-01-21;ultimo precio SGP
PRD01357;JOHNSON DIVERSEY SOFTCARE ALCOHOL GEL GLN X 5 LT;ING01649;JOHNSON DIVERSEY SOFTCARE ALCOHOL GEL;L;5;GALON;141.261429;2025-02-07;ultimo precio SGP
PRD01567;JOHNSON DIVERSEY SOFTCARE ALCOHOL GEL 800 ML;ING01651;JOHNSON DIVERSEY SOFTCARE ALCOHOL LT;L;0.8;SACHET;27.627000;2021-10-31;ultimo precio SGP
PRD01273;JOHNSON DIVERSEY SOFTCARE FREE PLUS GLN X 5 LT;ING01653;JOHNSON DIVERSEY SOFTCARE FREE PLUS;L;5;GALON;93.620000;2025-02-07;ultimo precio SGP
PRD01283;JOHNSON DIVERSEY SUMA BAC D10 5 LT;ING01654;JOHNSON DIVERSEY SUMA BAC D10 5 LT;UND;1;GALON;93.330000;2022-03-21;ultimo precio SGP
PRD01562;JOHNSON DIVERSEY SUMA CALC 5 LT R03300;ING01655;JOHNSON DIVERSEY SUMA CALC LT;L;5;GALON;96.620286;2022-07-30;ultimo precio SGP
PRD01274;JOHNSON DIVERSEY SUMA COMBI+ 5LT;ING01656;JOHNSON DIVERSEY SUMA COMBI + 5 LT;L;5;UNIDAD;165.320000;2024-01-05;ultimo precio SGP
PRD01547;JOHNSON DIVERSEY SUMA CRYSTAL 20 LT;ING01657;JOHNSON DIVERSEY SUMA CRYSTAL LT;L;20;BIDON;521.400000;2026-10-01;inventario
PRD01303;JOHNSON DIVERSEY SUMA D44 5 LT;ING01658;JOHNSON DIVERSEY SUMA D44 5 LT;L;5;GALON;41.819000;2025-02-07;ultimo precio SGP
PRD01574;JOHNSON DIVERSEY SUMA J512 5 LT;ING01660;JOHNSON DIVERSEY SUMA J512 LT;L;5;GALON;102.020000;2024-01-05;ultimo precio SGP
PRD01548;JOHNSON DIVERSEY SUMA NOVA 20 LT;ING01661;JOHNSON DIVERSEY SUMA NOVA LT;L;20;BIDON;497.040000;2026-10-01;inventario
PRD01566;JOHNSON DIVERSEY SUMA PLAQ 5 LT;ING01662;JOHNSON DIVERSEY SUMA PLAQ LT;L;5;GALON;96.546641;2023-11-03;ultimo precio SGP
PRD01285;JOHNSON DIVERSEY TASKI R5 LT;ING01663;JOHNSON DIVERSEY TASKI R5 LT;UND;1;FRASCO;78.330000;2021-11-11;ultimo precio SGP
PRD03736;CAJA CHICA - JUEGO DE CUBIERTOS DESCARTABLES BELLAMESA;ING01664;JUEGO DE CUBIERTOS DESCARTABLES BELLAMESA;UND;1;PAQUETE;3.500000;2025-01-23;ultimo precio SGP
PRD01496;JUGO DE MANZANA AQUARIUS 500/600 ML;ING01665;JUGO AQUARIUS MANZANA 500 ML;UND;1;BOTELLA;1.120000;2021-10-23;ultimo precio SGP
PRD01497;JUGO DE PERA AQUARIUS 500/600 ML;ING01666;JUGO AQUARIUS PERA 500 ML;UND;1;BOTELLA;1.120000;2022-02-18;ultimo precio SGP
PRD03506;CAJA CHICA - JUGO DE DURAZNO GLORIA 1 LT;ING01678;JUGO DE DURAZNO GLORIA 1 LT;L;1;CAJA;3.585000;2022-05-07;ultimo precio SGP
PRD03550;CAJA CHICA - JUGO DE MANGO X 200 ML;ING01687;JUGO DE MANGO X 200 ML;UND;1;UNIDAD;3.585000;2022-05-07;ultimo precio SGP
PRD01499;JUGO DE NARANJA AQUARIUS 500/600 ML;ING01691;JUGO DE NARANJA AQUARIUS 500 ML;UND;1;BOTELLA;1.101000;2020-02-07;ultimo precio SGP
PRD03507;CAJA CHICA - JUGO DE NARANJA GLORIA 1 LT;ING01694;JUGO DE NARANJA GLORIA 1 LT;L;1;CAJA;3.585000;2022-05-07;ultimo precio SGP
PRD01339;JUGO DE NARANJA GLORIA 250 ML;ING01695;JUGO DE NARANJA GLORIA 200 ML;UND;1;CAJA;1.350000;2018-11-29;ultimo precio SGP
PRD00675;JUGO DE NARANJA PASTEURIZADO X 3.8 LT;ING01697;JUGO DE NARANJA PASTEURIZADO;L;3.8;BOTELLA;18.000000;2026-10-01;inventario
PRD03477;CAJA CHICA - JUGO DE PIÑA GLORIA 1 LT;ING01703;JUGO DE PIÑA GLORIA 1 LT;L;1;CAJA;3.585000;2022-05-07;ultimo precio SGP
PRD01525;JUGO DE PIÑA GLORIA 250 ML;ING01704;JUGO DE PIÑA GLORIA 250 ML;UND;1;CAJA;1.350000;2018-12-30;ultimo precio SGP
PRD02202;JUGO DE PIÑA PASTEURIZADO X 3.8 LT;ING01705;JUGO DE PIÑA PASTEURIZADO;L;3.8;GALON;22.900000;2026-10-01;inventario
PRD01854;JUGO DE DURAZNO FRUGOS 235 ML;ING01720;JUGOS DURAZNO FRUGOS 235 ML;UND;1;CAJA;0.880000;2026-10-01;inventario
PRD01498;JUGO DE MANGO FRUGOS 235 ML;ING01723;JUGOS MANGO FRUGOS 235 LT;UND;1;CAJA;0.880000;2026-10-01;inventario
PRD00194;JUGO DE MANZANA WATTS 200/180 ML;ING01724;JUGOS MANZANA 0.20 LT WATTS;UND;1;CAJA;0.846667;2018-12-30;ultimo precio SGP
PRD01747;JUREL FILETE CON PIEL CONGELADO;ING01732;JUREL FILETE CON PIEL CONGELADO;KG;1;KILOGRAMO;16.140079;2026-02-27;ultimo precio SGP
PRD00932;KEKE BIMBOLETE MARMOLEADO 02 UND 70 GR;ING01737;KEKE BIMBOLETE;UND;1;UNIDAD;1.610000;2025-12-07;ultimo precio SGP
PRD03933;CAJA CHICA - KEKE BIMBOLETE;ING01737;KEKE BIMBOLETE;UND;1;UNIDAD;0.839000;2019-02-17;ultimo precio SGP
PRD00934;KEKE BIMBOLETE MARMOLEADO 55 GR;ING01738;KEKE BIMBOLETE MARMOLEADO 55 GR X 2 UND;UND;1;UNIDAD;1.300000;2021-12-12;ultimo precio SGP
PRD00196;KEKE BIMBOLETES VAINILLA 55 GR;ING01740;KEKE BIMBOLETTES 55 GR;UND;1;UNIDAD;1.190000;2022-01-21;ultimo precio SGP
PRD03738;CAJA CHICA - KEKE MARMOLEADO BIMBO X 400 GR;ING01741;KEKE MARMOLEADO BIMBO X 400 GR;UND;1;UNIDAD;0.839000;2019-02-17;ultimo precio SGP
PRD00149;KETCHUP TRESA 4 LT;ING01743;KETCHUP 4 KG;L;4;BALDE;18.000000;2021-02-14;ultimo precio SGP
PRD00162;KETCHUP B&D 4 LT;ING01743;KETCHUP 4 KG;L;4;BALDE;16.510000;2026-10-01;inventario
PRD01088;KETCHUP DERBY 4 LT;ING01743;KETCHUP 4 KG;L;4;BALDE;14.300000;2019-04-11;ultimo precio SGP
PRD01077;KETCHUP TRESA PERSONAL 10 GR;ING01746;KETCHUP PERSONAL SACHET 10 GR;UND;1;SACHET;0.083000;2026-10-01;inventario
PRD00426;KION;ING01751;KION;KG;1;KILOGRAMO;5.530000;2026-10-01;inventario
PRD00838;KION MOLIDO X KG;ING01752;KION MOLIDO ENVASADO;KG;1;KILOGRAMO;6.730000;2026-10-01;inventario
PRD00888;KION MOLIDO SECO 4 ESTACIONES 250 GR;ING01753;KION MOLIDO SECO;KG;0.25;BOLSA;7.230000;2026-10-01;inventario
PRD02676;KIT DE PECHO PARA SMARTPHONE GIRO 360;ING01754;KIT DE PECHO PARA SMARTPHONE GIRO 360;UND;1;KIT;150.000000;2020-12-24;ultimo precio SGP
PRD02691;LAPICERO FABER CASTELL 031-F AZUL;ING01760;LAPICERO FABER CASTELL 031 - F AZUL;UND;1;UNIDAD;0.497000;2026-09-13;ultimo precio SGP
PRD02692;LAPICERO FABER CASTELL 031- NEGRO;ING01761;LAPICERO FABER CASTELL 031 - NEGRO;UND;1;UNIDAD;0.497000;2019-06-23;ultimo precio SGP
PRD02536;LAUNDRY SPOTTING SOLUTION SPARTAN 19 LITROS;ING01766;LAUNDRY SPOTTING SOLUTION SPARTAN - LIMPIADOR Y RE;L;19;BIDON;422.310000;2024-01-24;ultimo precio SGP
PRD00876;LAUREL 4 ESTACIONES 1 KG;ING01767;LAUREL;KG;1;BOLSA;174.711000;2026-10-01;inventario
PRD01441;LAVAVAJILLA X 1000 GR. SAPOLIO 8305162;ING01769;LAVAVAJILLA SAPOLIO KG;KG;1;POTE;6.394000;2022-10-06;ultimo precio SGP
PRD01442;LAVAVAJILLA SAPOLIO 900 GR;ING01769;LAVAVAJILLA SAPOLIO KG;KG;0.9;POTE;6.071000;2021-05-27;ultimo precio SGP
PRD00001;LECHE CONDENSADA NESTLE 100 GR;ING01775;LECHE CONDENSADA LATA (KG);KG;0.1;LATA;1.823000;2018-12-20;ultimo precio SGP
PRD00003;LECHE CONDENSADA GLORIA 393 GR;ING01775;LECHE CONDENSADA LATA (KG);KG;0.393;LATA;4.338000;2026-10-01;inventario
PRD01026;LECHE CONDENSADA NESTLE 393 GR;ING01775;LECHE CONDENSADA LATA (KG);KG;0.393;LATA;3.720000;2020-06-10;ultimo precio SGP
PRD03440;CAJA CHICA - LECHE CONDENSADA LATA 397 ML;ING01776;LECHE CONDENSADA LATA (UND);UND;1;LATA;6.525000;2023-09-09;ultimo precio SGP
PRD01937;CAJA CHICA - LECHE EN POLVO;ING01780;LECHE EN POLVO;KG;1;KILOGRAMO;20.000000;2025-11-13;ultimo precio SGP
PRD02706;CAJA CHICA - LECHE EN TARRO LIGHT GLORIA 400 GR;ING01782;LECHE EN TARRO LIGHT GLORIA 400 GR;UND;1;LATA;6.500000;2024-12-04;ultimo precio SGP
PRD00270;LECHE EVAPORADA (CONCENTRADA) LAIVE BOLSITARRO 800 ML;ING01784;LECHE EVAPORADA;L;0.8;BOLSA;5.690000;2026-10-01;inventario
PRD00276;LECHE EVAPORADA (CONCENTRADA) LAIVE BOLSITARRO 400 ML;ING01784;LECHE EVAPORADA;L;0.4;BOLSA;2.869221;2023-07-26;ultimo precio SGP
PRD03077;CAJA CHICA - LECHE EVAPORADA LAIVE FAMILIA 500 ML;ING01786;LECHE EVAPORADA LAIVE FAMILIA 500 ML;UND;1;UNIDAD;2.083000;2019-11-24;ultimo precio SGP
PRD00275;EVAPORADA LAIVE FAMILIA VITAMINIZADA EN CAJA 500 ML;ING01788;LECHE EVAPORADA TETRA;L;0.5;CAJA;2.287015;2021-06-04;ultimo precio SGP
PRD00268;MEZCLA LACTEA LAIVE CREMOSA EN CAJA 480 GR;ING01789;LECHE EVAPORADA TETRA (KG);KG;0.48;CAJA;3.183000;2023-11-03;ultimo precio SGP
PRD02095;LECHE EN BRICK LIGHT GLORIA 1 LT;ING01792;LECHE FRESCA UHT LIGHT (L);L;1;CAJA;4.480000;2025-08-22;ultimo precio SGP
PRD02098;LECHE EN BRICK LIGHT GLORIA 946 ML;ING01792;LECHE FRESCA UHT LIGHT (L);L;0.946;CAJA;4.480000;2026-10-01;inventario
PRD03621;CAJA CHICA - LECHE GLORIA X 410 ML;ING01794;LECHE GLORIA X 410 ML;UND;1;LATA;4.100000;2024-12-04;ultimo precio SGP
PRD04044;CAJA CHICA - LECHE IDEAL AMANECER SIX PACK;ING01795;LECHE IDEAL AMANECER SIX PACK;L;1;LITRO;3.390000;2022-05-17;ultimo precio SGP
PRD02000;CAJA CHICA - LECHE SIN LACTOSA LAIVE 480 G;ING01798;LECHE SIN LACTOSA LAIVE 480 G;UND;1;CAJA;7.000000;2024-12-04;ultimo precio SGP
PRD03237;CAJA CHICA - LECHE UHT LIGHT GLORIA LT;ING01802;LECHE UHT LIGHT GLORIA LT;UND;1;UNIDAD;6.500000;2024-12-04;ultimo precio SGP
PRD01716;LECHON ENTERO CONGELADO (PESO DE 7 A 9 KG.);ING01804;LECHON ENTERO CONGELADO;KG;1;KILOGRAMO;34.150000;2025-12-04;ultimo precio SGP
PRD02432;LECHUGA AMERICANA;ING01807;LECHUGA AMERICANA;KG;1;KILOGRAMO;5.120000;2026-10-01;inventario
PRD02725;CAJA CHICA - LECHUGA AMERICANA;ING01807;LECHUGA AMERICANA;KG;1;KILOGRAMO;3.000000;2025-09-30;ultimo precio SGP
PRD00427;LECHUGA ORGANICA;ING01809;LECHUGA ORGANICA;KG;1;KILOGRAMO;6.500000;2025-06-19;ultimo precio SGP
PRD03751;CAJA CHICA - LECHUGA ORGANICA;ING01809;LECHUGA ORGANICA;KG;1;KILOGRAMO;3.857000;2025-09-30;ultimo precio SGP
PRD01573;LEJIA SAPOLIO 2 LT;ING01816;LEJIA CONCENTRADA 5.25%;L;2;BOTELLA;8.420000;2019-01-27;ultimo precio SGP
PRD01446;LEJIA CONCENTRADA DARYZA 4 LT (GL);ING01817;LEJIA DARYZA LT;L;4;GALON;8.690000;2023-03-24;ultimo precio SGP
PRD04150;CAJA CHICA - LEJIA SAPOLIO 1LT;ING01818;LEJIA SAPOLIO 1LT;L;1;BOTELLA;2.967000;2024-05-15;ultimo precio SGP
PRD01445;LEJIA SAPOLIO 3.785 ML;ING01819;LEJIA SAPOLIO LT;L;3.785;BOTELLA;10.500000;2021-07-15;ultimo precio SGP
PRD01447;LEJIA SAPOLIO 5 LT X 4UND;ING01819;LEJIA SAPOLIO LT;L;5;CAJA;58.000000;2025-09-03;ultimo precio SGP
PRD03727;CAJA CHICA - LEJIA SAPOLIO X 2 KG;ING01820;LEJIA SAPOLIO X 2 KG;KG;1;KILOGRAMO;5.508000;2018-12-02;ultimo precio SGP
PRD00300;LENTEJA CRIMSON CANTA CLARO 5 KG;ING01823;LENTEJA;KG;5;BOLSA;30.826610;2026-10-01;inventario
PRD00368;LENTEJA CANTA CLARO 5 KG;ING01823;LENTEJA;KG;5;BOLSA;45.000000;2024-06-15;ultimo precio SGP
PRD02729;CAJA CHICA - LENTEJA;ING01823;LENTEJA;KG;1;KILOGRAMO;4.500000;2020-12-31;ultimo precio SGP
PRD00190;LEVADURA INSTANTANEA LEVAPAN 500 GR;ING01826;LEVADURA INSTANTANEA;KG;0.5;BOLSA;7.437000;2022-02-05;ultimo precio SGP
PRD00966;LEVADURA INSTANTANEA SAF INSTANT DORADA 500 GR;ING01826;LEVADURA INSTANTANEA;KG;0.5;BOLSA;7.351444;2026-10-01;inventario
PRD00970;LEVADURA INSTANTANEA MAURIPAN 500 GR (EMER);ING01826;LEVADURA INSTANTANEA;KG;0.5;BOLSA;11.894000;2024-05-26;ultimo precio SGP
PRD00980;LEVADURA INSTANTANEA OKEDO INSTANT 500 GR;ING01826;LEVADURA INSTANTANEA;KG;0.5;BOLSA;7.350000;2025-04-18;ultimo precio SGP
PRD01022;LEVADURA INSTANTANEA MAURIPAN 500 GR;ING01826;LEVADURA INSTANTANEA;KG;0.5;BOLSA;9.980000;2018-07-01;ultimo precio SGP
PRD00558;LIMON VERDE EXTRA;ING01832;LIMON VERDE;KG;1;KILOGRAMO;4.500000;2026-10-01;inventario
PRD03423;CAJA CHICA - LIMON VERDE;ING01832;LIMON VERDE;KG;1;KILOGRAMO;8.000000;2025-09-30;ultimo precio SGP
PRD02711;CAJA CHICA - LIMON VERDE EXTRA;ING01833;LIMON VERDE EXTRA;KG;1;KILOGRAMO;3.600000;2020-10-14;ultimo precio SGP
PRD01448;LIMPIAVIDRIO CON GATILLO DARYZA 1 LT;ING01834;LIMPIA VIDRIO DARIZA;L;1;FRASCO;5.050000;2020-07-31;ultimo precio SGP
PRD01449;LIMPIAVIDRIO DARYZA 3.8 LT;ING01835;LIMPIA VIDRIO DARIZA (UND);UND;1;GALON;4.740000;2020-09-01;ultimo precio SGP
PRD02851;CAJA CHICA - LIMPIA VIDRIO INDUSTRIAL 4LT;ING01837;LIMPIA VIDRIO INDUSTRIAL 4LT;UND;1;UNIDAD;5.508000;2018-12-02;ultimo precio SGP
PRD01450;LIMPIAVIDRIO DARYZA 1 LT;ING01840;LIMPIAVIDRIO DARYZA 1 LT;L;1;FRASCO;3.150000;2024-01-21;ultimo precio SGP
PRD02696;LM-19 LAPICERO METALICO COLOR GUN;ING01848;LM-19 LAPICERO METALICO COLOR GUN;UND;1;UNIDAD;3.350000;2021-06-04;ultimo precio SGP
PRD01831;LOMO FINO SIN CORDON CONGELADO;ING01851;LOMO FINO SIN CORDON CONGELADO NACIONAL (P);KG;1;KILOGRAMO;73.163000;2026-10-01;inventario
PRD00081;MACA AVENA 3 OSITOS 150 GR;ING01855;MACA AVENA;KG;0.15;BOLSA;1.316000;2026-10-01;inventario
PRD00085;MACA AVENA 3 OSITOS 170 GR;ING01855;MACA AVENA;KG;0.17;BOLSA;1.316885;2023-03-12;ultimo precio SGP
PRD00237;MAICENA INGREDION 25 KG;ING01857;MAICENA;KG;25;BOLSA;109.030000;2026-10-01;inventario
PRD02887;CAJA CHICA - MAICENA GRANEL KG;ING01858;MAICENA GRANEL KG;KG;1;KILOGRAMO;5.508000;2020-07-15;ultimo precio SGP
PRD00378;MAIZ CANCHA CANTA CLARO 5 KG;ING01860;MAIZ CANCHA;KG;5;BOLSA;57.620000;2026-10-01;inventario
PRD00389;MAIZ CANCHA VALLESOL 5 KG;ING01860;MAIZ CANCHA;KG;5;BOLSA;44.490000;2018-08-09;ultimo precio SGP
PRD00305;MAIZ MOTE MOLINOS DEL SOL 5 KG;ING01861;MAIZ MOTE;KG;5;BOLSA;68.240000;2026-10-01;inventario
PRD00380;MAIZ MOTE CANTA CLARO 5 KG;ING01861;MAIZ MOTE;KG;5;BOLSA;76.270000;2025-08-07;ultimo precio SGP
PRD00396;MAIZ MOTE VALLESOL 5 KG;ING01861;MAIZ MOTE;KG;5;BOLSA;42.372000;2018-07-18;ultimo precio SGP
PRD00360;MAIZ POP CORN KOMILON 5 KG;ING01864;MAIZ POP CORN;KG;5;BOLSA;30.589000;2024-02-17;ultimo precio SGP
PRD00384;MAIZ POP CORN LA SERRANITA 5 KG;ING01864;MAIZ POP CORN;KG;5;BOLSA;16.610000;2020-05-24;ultimo precio SGP
PRD02061;MANDARINA;ING01866;MANDARINA CON PEPA;KG;1;KILOGRAMO;4.850000;2026-10-01;inventario
PRD03428;CAJA CHICA - MANDARINA CON PEPA;ING01866;MANDARINA CON PEPA;KG;1;KILOGRAMO;4.250000;2024-05-17;ultimo precio SGP
PRD02330;MANGA JACKSON SAFETY G60 KEVLAR;ING01869;MANGA JACKSON SAFETY G60 KEVLAR;UND;1;PAR;32.640000;2021-06-10;ultimo precio SGP
PRD00580;PULPA DE MANGO CONGELADO;ING01871;MANGO PULPA CONGELADO;KG;1;KILOGRAMO;6.500000;2026-10-01;inventario
PRD01165;MANI CON PASAS CARTER 100 GR;ING01872;MANI CON PASAS CARTER 100 GR;UND;1;UNIDAD;2.118000;2019-03-08;ultimo precio SGP
PRD01154;MANI CON PASAS CARTER 37 GR;ING01873;MANI CON PASAS CARTER 37 GR;UND;1;UNIDAD;0.847000;2019-01-27;ultimo precio SGP
PRD00329;MANI SALADO KARINTO 20 GR;ING01887;MANI SALADO 20 GR KARINTO;UND;1;BOLSA;0.380000;2020-05-28;ultimo precio SGP
PRD01156;MANI SALADO CARTER 37 GR;ING01888;MANI SALADO CARTER 36 GR;UND;1;UNIDAD;0.682000;2019-05-10;ultimo precio SGP
PRD01103;MANI SALADO ENGALLETADO KARINTO 100 GR;ING01889;MANI SALADO KARINTO 100 GR;UND;1;BOLSA;2.300000;2019-06-30;ultimo precio SGP
PRD01150;MANI SALADO KARINTO 42 GR;ING01891;MANI SALADO KARINTO 42 GR;UND;1;BOLSA;0.847000;2019-05-18;ultimo precio SGP
PRD00160;MANI TOSTADO PELADO TOÑA 1 KG;ING01893;MANI TOSTADO PELADO;KG;1;BOLSA;17.650000;2026-10-01;inventario
PRD00877;MANI TOSTADO PELADO 4 ESTACIONES 1 KG;ING01893;MANI TOSTADO PELADO;KG;1;BOLSA;19.180120;2023-08-04;ultimo precio SGP
PRD02105;MANJAR AREQUIPEÑO LAIVE 900 GR;ING01900;MANJAR BLANCO KG;KG;0.9;BOLSA;7.320000;2024-01-19;ultimo precio SGP
PRD02108;MANJAR BLANCO NESTLE 1 KG;ING01900;MANJAR BLANCO KG;KG;1;BOLSA;14.320000;2020-05-28;ultimo precio SGP
PRD02106;MANJAR BLANQUITO BAZO VELARDE LAIVE 900 GR;ING01903;MANJAR BLANQUITO;KG;0.9;BOLSA;6.570000;2026-10-01;inventario
PRD02107;MANJAR BLANQUITO LAIVE 900 GR;ING01903;MANJAR BLANQUITO;KG;0.9;BOLSA;6.570000;2026-03-05;ultimo precio SGP
PRD03241;CAJA CHICA - MANJAR DE MESA 250 GR;ING01904;MANJAR DE MESA 250 GR;UND;1;UNIDAD;3.029500;2019-02-24;ultimo precio SGP
PRD00018;MANTECA VEGETAL DEL CAMPO 10 KG;ING01907;MANTECA GRANEL KG;KG;10;CAJA;94.280000;2023-10-19;ultimo precio SGP
PRD01190;MANTECA VEGETAL SELECTO DE ORO 10 KG;ING01907;MANTECA GRANEL KG;KG;10;CAJA;63.000000;2021-05-15;ultimo precio SGP
PRD02226;MANTECA VEGETAL DORO 10 KG;ING01907;MANTECA GRANEL KG;KG;10;CAJA;57.000000;2021-04-17;ultimo precio SGP
PRD02227;MANTECA VEGETAL DE PALMA 10 KG;ING01907;MANTECA GRANEL KG;KG;10;CAJA;86.000000;2026-10-01;inventario
PRD02228;MANTECA VEGETAL GUSTO SELECTO 10 KG;ING01907;MANTECA GRANEL KG;KG;10;CAJA;99.669778;2022-10-06;ultimo precio SGP
PRD00942;MANTECA VEGETAL DE PALMA LA FAMOSA 10 KG (EMER);ING01909;MANTECA VEGETAL DE PALMA LA FAMOSA 10 KG (EMER);KG;10;UNIDAD;61.460000;2019-12-14;ultimo precio SGP
PRD03721;CAJA CHICA - MANTEQUILLA CON SAL GLORIA 10 GR;ING01910;MANTEQUILLA CON SAL GLORIA 10 GR;UND;1;UNIDAD;39.822000;2021-11-27;ultimo precio SGP
PRD02109;MANTEQUILLA GLORIA PERSONAL 10 GR;ING01914;MANTEQUILLA LAIVE PERSONAL 8 GR;UND;1;UNIDAD;0.380000;2026-10-01;inventario
PRD02114;MANTEQUILLA LAIVE PERSONAL 8 GR;ING01914;MANTEQUILLA LAIVE PERSONAL 8 GR;UND;1;UNIDAD;0.450000;2026-10-01;inventario
PRD02117;MANTEQUILLA SANCOR PERSONAL 10 GRM;ING01914;MANTEQUILLA LAIVE PERSONAL 8 GR;UND;1;UNIDAD;0.428000;2018-11-15;ultimo precio SGP
PRD00578;MANZANA VERDE PARA JUGO;ING01919;MANZANA DE AGUA;KG;1;KILOGRAMO;4.170000;2026-10-01;inventario
PRD00559;MANZANA DELICIA;ING01920;MANZANA ROJA;KG;1;KILOGRAMO;7.000000;2024-12-12;ultimo precio SGP
PRD00560;MANZANA ROJA IMPORTADA;ING01920;MANZANA ROJA;KG;1;KILOGRAMO;7.790000;2026-10-01;inventario
PRD02888;CAJA CHICA - MANZANA ROYAL;ING01920;MANZANA ROJA;KG;1;KILOGRAMO;3.814000;2020-07-15;ultimo precio SGP
PRD03520;CAJA CHICA - MANZANA DELICIA;ING01920;MANZANA ROJA;KG;1;KILOGRAMO;3.750000;2024-05-17;ultimo precio SGP
PRD02059;MANZANA ROYAL GALA;ING01921;MANZANA ROYAL;KG;1;KILOGRAMO;8.859760;2023-10-13;ultimo precio SGP
PRD00561;MANZANA VERDE IMPORTADA;ING01922;MANZANA VERDE;KG;1;KILOGRAMO;6.160000;2025-05-09;ultimo precio SGP
PRD00111;INFUSION MANZANILLA MC COLLINS 100 SOBRES;ING01926;MANZANILLA SOBRECITO;UND;100;CAJA;4.440000;2020-11-07;ultimo precio SGP
PRD00505;INFUSION MANZANILLA DEL VALLE 100 SOBRES;ING01926;MANZANILLA SOBRECITO;UND;100;CAJA;4.360000;2026-10-01;inventario
PRD02678;MAQUINA DE AFEITAR SHICK 24 UND;ING01927;MAQUINA DE AFEITAR SHICK;UND;24;PAQUETE;36.600000;2025-08-10;ultimo precio SGP
PRD02080;MAQUINA DE AFEITAR SHICK;ING01928;MAQUINA DE AFEITAR UNIDAD;UND;1;UNIDAD;2.313145;2020-07-23;ultimo precio SGP
PRD00562;MARACUYA;ING01930;MARACUYA ENTERA;KG;1;KILOGRAMO;4.240000;2023-06-15;ultimo precio SGP
PRD00582;PULPA DE MARACUYA CONGELADO;ING01931;MARACUYA PULPA CONGELADO;KG;1;KILOGRAMO;10.302751;2022-11-03;ultimo precio SGP
PRD02126;MARGARINA MULTIUSO ROMEA 2.5 KG;ING01932;MARGARINA CON SAL REFRIGERADO GRANEL;KG;2.5;GRANO;29.650000;2026-10-01;inventario
PRD02131;MARGARINA LA DANESA 90 GR;ING01932;MARGARINA CON SAL REFRIGERADO GRANEL;KG;0.09;GRANO;1.220000;2023-03-02;ultimo precio SGP
PRD02120;MARGARINA LA DANESA 220 GR;ING01934;MARGARINA CON SAL REFRIGERADO GRANEL KG;KG;0.22;POTE;3.590000;2023-04-14;ultimo precio SGP
PRD02121;MARGARINA SWISS LAIVE POTE 450 GR;ING01934;MARGARINA CON SAL REFRIGERADO GRANEL KG;KG;0.45;POTE;8.091000;2025-03-18;ultimo precio SGP
PRD02124;MARGARINA MULTIUSO ROMEA CAKE 2.5 KG;ING01934;MARGARINA CON SAL REFRIGERADO GRANEL KG;KG;2.5;GRANO;29.650000;2026-07-12;ultimo precio SGP
PRD02128;MARGARINA LA DANESA 2 KG;ING01934;MARGARINA CON SAL REFRIGERADO GRANEL KG;KG;2;GRANO;15.818026;2021-05-08;ultimo precio SGP
PRD02130;MARGARINA LA PREFERIDA 10 KG;ING01934;MARGARINA CON SAL REFRIGERADO GRANEL KG;KG;10;GRANO;103.083000;2019-05-01;ultimo precio SGP
PRD02132;MARGARINA LA DANESA 500 GR;ING01934;MARGARINA CON SAL REFRIGERADO GRANEL KG;KG;0.5;GRANO;7.757000;2025-08-22;ultimo precio SGP
PRD02127;MARGARINA PRIMAVERA HOJALDRE 2 KG;ING01936;MARGARINA HOJALDRE;KG;2;GRANO;37.483000;2024-10-21;ultimo precio SGP
PRD00592;MARINADO PARA POLLO A LA BRASA EMIC 1 KG;ING01942;MARINADO PARA POLLO A LA BRASA;KG;1;BOLSA;10.500000;2026-07-12;ultimo precio SGP
PRD01241;MIXTURA DE MARISCOS CONGELADO;ING01943;MARISCO MIXTURA CONGELADO;KG;1;KILOGRAMO;28.848781;2025-09-12;ultimo precio SGP
PRD00739;MARSHMELLOWS AMBROSOLI SURTIDO 230 GR;ING01944;MARSHEMELLOWS AMBROSOLI SURTIDO 230 GR;UND;1;PAQUETE;3.010000;2026-08-03;ultimo precio SGP
PRD04007;CAJA CHICA - MASA HOJALDRE X KG;ING01945;MASA HOJALDRE X KG;KG;1;KILOGRAMO;12.000000;2025-01-01;ultimo precio SGP
PRD02384;MASCARILLA 3 PLIEGUES PREMIUM VALMASK CJ 50 UN;ING01946;MASCARILLA 3 PLIEGUES CAJA X 50 UND;UND;50;PAQUETE;7.380000;2022-01-08;ultimo precio SGP
PRD02385;MASCARILLA 3 PLIEGUES FAMILY DOCTOR CJ X 50 UND;ING01946;MASCARILLA 3 PLIEGUES CAJA X 50 UND;UND;50;PAQUETE;6.800000;2023-03-24;ultimo precio SGP
PRD02387;MASCARILLA ASEPTICA 50 UND;ING01946;MASCARILLA 3 PLIEGUES CAJA X 50 UND;UND;50;CAJA;16.003158;2020-02-27;ultimo precio SGP
PRD02394;MASCARILLA 3 PLIEGUES GP CJ X 50 UND;ING01946;MASCARILLA 3 PLIEGUES CAJA X 50 UND;UND;50;PAQUETE;54.000000;2020-12-15;ultimo precio SGP
PRD02395;MASCARILLA 3 PLIEGUES FACE MASK CJ X 50 UND;ING01946;MASCARILLA 3 PLIEGUES CAJA X 50 UND;UND;50;PAQUETE;5.700000;2026-10-01;inventario
PRD02396;MASCARILLA 3 PLIEGUES LINK TEK CJ 50 UN;ING01946;MASCARILLA 3 PLIEGUES CAJA X 50 UND;UND;50;PAQUETE;18.250000;2021-04-02;ultimo precio SGP
PRD02397;MASCARILLA 3 PLIEGUES DEYSA CARE CJ 50 UN;ING01946;MASCARILLA 3 PLIEGUES CAJA X 50 UND;UND;50;PAQUETE;15.250000;2021-10-01;ultimo precio SGP
PRD02386;MASCARILLA KN95 SHYLAR CJ 100 UN;ING01947;MASCARILLA KN95;UND;100;CAJA;115.000000;2022-02-18;ultimo precio SGP
PRD02389;MASCARILLA N95 TIPO C R&G CAJA X 50 UND;ING01947;MASCARILLA KN95;UND;50;CAJA;152.540000;2020-07-10;ultimo precio SGP
PRD02393;MASCARILLA KN95 GP CAJA X 10 UND;ING01947;MASCARILLA KN95;UND;10;CAJA;10.000000;2026-10-01;inventario
PRD00510;INFUSION MATE DE COCA DEL VALLE 100 SOBRES;ING01951;MATE DE COCA SOBRECITO;UND;100;CAJA;6.140000;2021-05-27;ultimo precio SGP
PRD03082;CAJA CHICA - MAYONESA ALACENA X 1000 CC;ING01954;MAYONESA ALACENA X 1000 CC;L;1;UNIDAD;13.212000;2019-07-25;ultimo precio SGP
PRD01072;MAYONESA HELLMANS SUAVE 2900 CC;ING01955;MAYONESA HELLMANS SUAVE;L;2.9;BOLSA;26.243000;2023-07-16;ultimo precio SGP
PRD01189;MAYONESA SCALA EMIC 3.8 KG;ING01956;MAYONESA HELLMANS SUAVE (KG);KG;3.8;BOLSA;34.580000;2026-10-01;inventario
PRD00159;MAYONESA ALACENA PERSONAL 10 GR (8CC);ING01958;MAYONESA PERSONAL;UND;1;SACHET;0.240000;2018-11-29;ultimo precio SGP
PRD00161;MAYONESA HELLMANS PERSONAL 7.6 GR;ING01958;MAYONESA PERSONAL;UND;1;SACHET;0.202000;2026-02-27;ultimo precio SGP
PRD01075;MAYONESA TRESA PERSONAL 10 GR;ING01958;MAYONESA PERSONAL;UND;1;SACHET;0.127000;2026-10-01;inventario
PRD01050;MAYONESA BASE MACBEL 4 LT (E);ING01960;MAYONESA SCALA EMIC 3.8 KG;L;4;CAJA;36.750000;2019-04-20;ultimo precio SGP
PRD01193;MAYONESA BASE EMIC 3.8 KG;ING01961;MAYONESA SCALA EMIC 3.8 KG (KG);KG;3.8;BOLSA;38.708500;2022-10-06;ultimo precio SGP
PRD01463;CHOCOLATE RELLENO MECANO COSTA 19 GR;ING01965;MECANO 19 GR;UND;1;UNIDAD;0.300000;2018-12-07;ultimo precio SGP
PRD00191;MEJORADOR MASA SUPERPAN LEVAPAN 5 KG;ING01967;MEJORADOR DE MASA;KG;5;BOLSA;23.529000;2020-01-18;ultimo precio SGP
PRD00984;MEJORADOR DE MASA FLEISCHMAN 5 KG (EMER);ING01967;MEJORADOR DE MASA;KG;5;BOLSA;55.140000;2025-03-18;ultimo precio SGP
PRD01021;MEJORADOR DE MASA MAGIMIX AMARILLO LESAFRE 5 KG;ING01967;MEJORADOR DE MASA;KG;5;BOLSA;26.790000;2026-10-01;inventario
PRD01036;MEJORADOR DE MASA FLEISCHMANN 5 KGM;ING01967;MEJORADOR DE MASA;KG;5;BOLSA;41.288167;2018-09-27;ultimo precio SGP
PRD01040;MEJORADOR MASA STARPAN LEVAPAN 5 KG;ING01967;MEJORADOR DE MASA;KG;5;BOLSA;23.529000;2023-01-28;ultimo precio SGP
PRD00466;MELON;ING01971;MELON ROSADO;KG;1;KILOGRAMO;4.500000;2026-09-04;ultimo precio SGP
PRD00571;MEMBRILLO;ING01974;MEMBRILLO;KG;1;KILOGRAMO;6.500000;2026-10-01;inventario
PRD01744;TROZOS DE MERLUZA EMPANIZADOS (FISH FINGERS);ING01976;MERLUZA EMPANIZADO (FISH FINGERS);KG;1;KILOGRAMO;10.000000;2018-07-08;ultimo precio SGP
PRD00479;MERMELADA FRESA GLORIA DOYPACK 700 GR;ING01985;MERMELADA FRESA GRANEL;KG;0.7;SACHET;6.890000;2026-10-01;inventario
PRD00515;MERMELADA FRESA GLORIA DOYPACK X 900 GR;ING01985;MERMELADA FRESA GRANEL;KG;0.9;SACHET;5.672000;2020-07-10;ultimo precio SGP
PRD00550;MERMELADA FRESA GLORIA DOYPACK 800 GR;ING01985;MERMELADA FRESA GRANEL;KG;0.8;SACHET;6.890000;2024-05-26;ultimo precio SGP
PRD00522;MERMELADA FRESA TRES ESPADAS 16 GR;ING01987;MERMELADA FRESA TRES ESPADAS 14 GR;UND;1;GRAMO;0.225000;2021-06-04;ultimo precio SGP
PRD00523;MERMELADA NARANJA TRES ESPADAS 16 GR;ING01987;MERMELADA FRESA TRES ESPADAS 14 GR;UND;1;GRAMO;0.225000;2021-07-08;ultimo precio SGP
PRD00524;MERMELADA SAUCO TRES ESPADAS 16 GR;ING01987;MERMELADA FRESA TRES ESPADAS 14 GR;UND;1;GRAMO;0.248000;2022-02-05;ultimo precio SGP
PRD00554;MERMELADA FRESA TRES ESPADAS 14 GR;ING01987;MERMELADA FRESA TRES ESPADAS 14 GR;UND;1;GRAMO;0.260000;2026-10-01;inventario
PRD00555;MERMELADA NARANJA TRES ESPADAS 14 GR;ING01987;MERMELADA FRESA TRES ESPADAS 14 GR;UND;1;GRAMO;0.270000;2026-06-22;ultimo precio SGP
PRD00556;MERMELADA SAUCO TRES ESPADAS 14 GR;ING01987;MERMELADA FRESA TRES ESPADAS 14 GR;UND;1;GRAMO;0.280000;2024-06-15;ultimo precio SGP
PRD00271;MEZCLA LACTEA LAIVE NUTRILAC BOTELLA 390G;ING01998;MEZCLA LACTEA (KG);KG;0.39;BOTELLA;2.870008;2025-10-09;ultimo precio SGP
PRD00272;MEZCLA LACTEA IDEAL AMANECER 390 GR;ING01998;MEZCLA LACTEA (KG);KG;0.39;LATA;2.733000;2024-06-15;ultimo precio SGP
PRD00277;MEZCLA LACTEA VITAMINIZADA LAIVE 160 GR;ING01998;MEZCLA LACTEA (KG);KG;0.16;CAJA;1.200000;2020-08-25;ultimo precio SGP
PRD00499;MIEL DE ABEJA KUMARA FOOD 5 KG;ING02000;MIEL DE ABEJA;KG;5;BIDON;78.230000;2019-03-08;ultimo precio SGP
PRD03841;CAJA CHICA - MINI CHIN CHIN X 32 UND;ING02013;MINI CHIN CHIN X 32 UND;UND;1;BOLSA;0.856000;2022-04-01;ultimo precio SGP
PRD01864;MIX DE SOPA COMPLETO CONGELADO - KGM;ING02024;MIX DE SOPA COMPLETO CONGELADO;KG;1;KILOGRAMO;5.950415;2026-10-01;inventario
PRD01866;MIX DE SOPA COMPLETO CONGELADO NACIONAL - KGM;ING02024;MIX DE SOPA COMPLETO CONGELADO;KG;1;KILOGRAMO;6.936922;2026-03-28;ultimo precio SGP
PRD00894;MIX SALADITO SANTIS 100 GR;ING02026;MIX SALADITO SANTIS 100 G;UND;1;BOLSA;2.683000;2019-06-01;ultimo precio SGP
PRD01725;MIXTURA DE MARISCOS ECONOMICA;ING02028;MIXTURA DE MARISCOS ECONOMICA;KG;1;KILOGRAMO;18.240000;2026-10-01;inventario
PRD00896;MIXTURA DE NUECES SANTIS 100 GR;ING02031;MIXTURA DE NUECES X 100 G;UND;1;BOLSA;3.611000;2023-07-05;ultimo precio SGP
PRD03492;CAJA CHICA - MONDADIENTES 200 UND;ING02045;MONDADIENTES 200 UND;UND;1;CAJA;0.848000;2023-03-08;ultimo precio SGP
PRD02407;MONDADIENTES BAMBÚ DOBLE PUNTA BOLSA X 250 UND;ING02046;MONDADIENTES BAMBU DOBLE PUNTA;UND;250;CAJA;0.983000;2025-02-24;ultimo precio SGP
PRD02414;MONDADIENTES CON ENVOLTURA X MILLAR;ING02047;MONDADIENTES CON ENVOLTURA;UND;1000;PAQUETE;7.700000;2023-11-29;ultimo precio SGP
PRD02409;MONDADIENTES CANDY 200 UND;ING02048;MONDADIENTES MADERA 200 UND;UND;200;CAJA;0.770000;2025-01-20;ultimo precio SGP
PRD02406;MONDADIENTES PQT X 2500 UND;ING02049;MONDADIENTES PQT X 2500 UND;UND;2500;PAQUETE;8.475000;2026-10-01;inventario
PRD01216;MONDONGO CONGELADO;ING02050;MONDONGO CONGELADO;KG;1;KILOGRAMO;9.199624;2026-10-01;inventario
PRD01602;MOPA RUBBERMAID F131;ING02054;MOPAS RUBBERMAIDE F131;UND;1;UNIDAD;20.638318;2018-07-18;ultimo precio SGP
PRD00055;MORON AMERICANO COSTEÑO 500 GR;ING02060;MORON;KG;0.5;BOLSA;2.908147;2020-08-12;ultimo precio SGP
PRD00353;MORON AMERICANO KOMILON 5 KG;ING02060;MORON;KG;5;BOLSA;30.192447;2025-09-22;ultimo precio SGP
PRD00370;MORON AMERICANO CANTA CLARO 5 KG;ING02060;MORON;KG;5;BOLSA;29.300000;2026-10-01;inventario
PRD00388;MORON AMERICANO LA SERRANITA 5 KG;ING02060;MORON;KG;5;BOLSA;18.272072;2019-12-29;ultimo precio SGP
PRD00391;MORON AMERICANO VALLESOL 5 KG;ING02060;MORON;KG;5;BOLSA;17.900000;2018-10-18;ultimo precio SGP
PRD00401;MORON AMERICANO CANTA CLARO 500 GR;ING02060;MORON;KG;0.5;BOLSA;2.570000;2020-10-16;ultimo precio SGP
PRD00794;MORTADELA PARA CAFETIN CONGELADO 500 GR;ING02063;MORTADELA PARA CAFETIN CONGELADO;KG;0.5;PAQUETE;6.740000;2024-12-22;ultimo precio SGP
PRD01848;MORTADELA PARA CAFETIN CONGELADO KG;ING02063;MORTADELA PARA CAFETIN CONGELADO;KG;1;KILOGRAMO;13.480000;2026-03-05;ultimo precio SGP
PRD00150;MOSTAZA TRESA 4 KG;ING02066;MOSTAZA 4 KG;KG;4;BALDE;16.000000;2021-02-14;ultimo precio SGP
PRD00163;MOSTAZA B&D 4 KG;ING02066;MOSTAZA 4 KG;KG;4;BALDE;15.330001;2026-10-01;inventario
PRD01089;MOSTAZA DERBY 4 KG;ING02066;MOSTAZA 4 KG;KG;4;BALDE;10.900000;2019-05-01;ultimo precio SGP
PRD01076;MOSTAZA TRESA PERSONAL 10 GR;ING02067;MOSTAZA PERSONAÑ SACHET 10 GR;UND;1;SACHET;0.079094;2026-10-01;inventario
PRD00428;NABO;ING02075;NABO;KG;1;KILOGRAMO;3.880000;2026-08-23;ultimo precio SGP
PRD00564;NARANJA PARA JUGO;ING02077;NARANJA DE JUGO;KG;1;KILOGRAMO;2.770000;2026-10-01;inventario
PRD00563;NARANJA PARA MESA;ING02079;NARANJA DE MESA;KG;1;KILOGRAMO;5.360000;2026-09-13;ultimo precio SGP
PRD00892;NUEZ ENTERA PELADA 4 ESTACIONES 1 KG;ING02091;NUEZ ENTERA;KG;1;BOLSA;58.000000;2026-10-01;inventario
PRD00878;NUEZ MOSCADA MOLIDA 4 ESTACIONES 50 GR;ING02092;NUEZ MOSCADA MOLIDA;KG;0.05;BOLSA;4.998433;2024-06-01;ultimo precio SGP
PRD02975;CAJA CHICA - NUEZ MOSCADA MOLIDA BADIA 2 OZ;ING02093;NUEZ MOSCADA MOLIDA BADIA 2 OZ;UND;1;FRASCO;4.271000;2024-08-18;ultimo precio SGP
PRD00452;OLLUQUITO FRESCO;ING02099;OLLUCO ENTERO;KG;1;KILOGRAMO;8.500000;2026-10-01;inventario
PRD03521;CAJA CHICA - OLLUCO ENTERO REFRIGERADO;ING02099;OLLUCO ENTERO;KG;1;KILOGRAMO;3.220000;2019-02-11;ultimo precio SGP
PRD01203;OLLUQUITO PICADO CONGELADO;ING02100;OLLUCO PICADO CONGELADO;KG;1;KILOGRAMO;7.355000;2025-11-07;ultimo precio SGP
PRD04014;CAJA CHICA - OLLUCO X KG;ING02101;OLLUCO X KG;KG;1;KILOGRAMO;3.500000;2021-11-15;ultimo precio SGP
PRD00879;OREGANO ENTERO 4 ESTACIONES 1 KG;ING02102;OREGANO ENTERO;KG;1;BOLSA;24.500000;2026-09-17;ultimo precio SGP
PRD00880;PALILLO MOLIDO 4 ESTACIONES 1 KG;ING02108;PALILLO MOLIDO;KG;1;BOLSA;18.499867;2026-10-01;inventario
PRD01687;PALITOS DE BROCHETA 24 CM 100 UND;ING02112;PALITOS DE BROCHETA 20 CM;UND;100;PAQUETE;3.177753;2019-03-31;ultimo precio SGP
PRD02413;PALITOS DE BROCHETA 20 CM 100 UND;ING02112;PALITOS DE BROCHETA 20 CM;UND;100;PAQUETE;2.390000;2026-10-01;inventario
PRD02415;PALITOS DE BROCHETA 24 CM MILLAR;ING02112;PALITOS DE BROCHETA 20 CM;UND;1000;PAQUETE;33.000000;2026-10-01;inventario
PRD00302;PALLAR COSECHA ANDINA 5 KG;ING02113;PALLAR;KG;5;BOLSA;54.570713;2026-10-01;inventario
PRD01377;PALO ESCOBA DE PLASTICO SUPER DALIA VIRUTEX 12 UND;ING02119;PALO ESCOBA DE PLASTICO SUPER DALIA VIRUTEX;UND;1;PAQUETE;48.300000;2026-02-16;ultimo precio SGP
PRD01603;PALO MOPERO RUBBERMAID H125;ING02122;PALO MOPERO METAL H 125 UNIDAD;UND;1;UNIDAD;56.200000;2026-10-01;inventario
PRD00465;PALTA;ING02125;PALTA;KG;1;KILOGRAMO;10.000000;2026-10-01;inventario
PRD02039;CAJA CHICA - PALTA;ING02125;PALTA;KG;1;KILOGRAMO;5.000000;2024-05-15;ultimo precio SGP
PRD03743;CAJA CHICA - PAN A GRANEL X KG;ING02127;PAN A GRANEL X KG;KG;1;KILOGRAMO;0.198000;2019-09-21;ultimo precio SGP
PRD03611;CAJA CHICA - PAN BIMBO BLANCO X 650 GR;ING02129;PAN BIMBO BLANCO X 650 GR;UND;1;UNIDAD;9.580000;2022-05-20;ultimo precio SGP
PRD03612;CAJA CHICA - PAN BIMBO INTEGRAL 100% PREB-MED X 480 GR;ING02130;PAN BIMBO INTEGRAL 100% PREB-MED X 480 GR;UND;1;UNIDAD;9.240000;2023-03-14;ultimo precio SGP
PRD03171;CAJA CHICA - PAN BLANCO GRANDE X 650 GR;ING02131;PAN BLANCO GRANDE X 650 GR;UND;1;POTE;6.356000;2020-01-07;ultimo precio SGP
PRD03180;CAJA CHICA - PAN BLANCO MEDIANO X 480 GR;ING02132;PAN BLANCO MEDIANO X 480 GR;UND;1;PAQUETE;5.000000;2023-02-26;ultimo precio SGP
PRD00915;PAN BLANCO XL EXTRA GRANDE BIMBO 770 GR;ING02133;PAN BLANCO XL EXTRA GRANDE BIMBO 770 GR;KG;0.77;BOLSA;10.230000;2026-10-01;inventario
PRD00900;PAN BLANCO FAMILIAR BIMBO 750 GR;ING02145;PAN MOLDE BLANCO KG.;KG;0.75;BOLSA;13.640000;2024-12-22;ultimo precio SGP
PRD00113;PAN MOLIDO TAKIS 5 KG;ING02146;PAN MOLIDO KG.;KG;5;BOLSA;23.220000;2026-09-17;ultimo precio SGP
PRD01958;PAN PRECOCIDO CIABATTA CONGELADO (40 GR);ING02148;PAN PRECOCIDO CIABATTA CONGELADO 40 GR;UND;1;UNIDAD;0.183000;2022-01-30;ultimo precio SGP
PRD01959;PAN PRECOCIDO FRANCES CONGELADO (40 GR);ING02149;PAN PRECOCIDO FRANCES CONGELADO 40 GR;UND;1;UNIDAD;0.183000;2022-01-30;ultimo precio SGP
PRD00464;PANCA DE CHOCLO;ING02152;PANCA DE CHOCLO;KG;1;KILOGRAMO;3.400000;2020-02-28;ultimo precio SGP
PRD01697;PANCETA CON HUESO Y CON PIEL TIRAS CONGELADO (N);ING02153;PANCETA CON HUESO Y CON PIEL TIRAS CONGELADO;KG;1;KILOGRAMO;21.440000;2025-12-04;ultimo precio SGP
PRD01717;PANCETA CON HUESO Y CON PIEL TIRAS CONGELADO;ING02153;PANCETA CON HUESO Y CON PIEL TIRAS CONGELADO;KG;1;KILOGRAMO;17.357000;2026-02-06;ultimo precio SGP
PRD01713;PANCETA CON HUESO Y SIN PIEL TIRAS CONGELADO;ING02154;PANCETA CON HUESO Y SIN PIEL TIRAS CONGELADO;KG;1;KILOGRAMO;18.100000;2026-10-01;inventario
PRD01720;PANCETA CON HUESO Y SIN PIEL TIRAS CONGELADO (N);ING02154;PANCETA CON HUESO Y SIN PIEL TIRAS CONGELADO;KG;1;KILOGRAMO;18.550000;2021-12-12;ultimo precio SGP
PRD00922;PANELA GRANULADA 1KG;ING02155;PANELA GRANULADA;KG;1;KILOGRAMO;10.263500;2021-02-14;ultimo precio SGP
PRD00925;PANELA GRANULADA ONZA 1 KG;ING02155;PANELA GRANULADA;KG;1;KILOGRAMO;12.750000;2026-10-01;inventario
PRD03647;CAJA CHICA - PANES VARIOS;ING02158;PANES VARIOS;KG;1;KILOGRAMO;6.356000;2019-06-24;ultimo precio SGP
PRD00914;PANETON (PANETONCITO) DONOFRIO BOLSA 80 GR;ING02159;PANETON (PANETONCITO) DONOFRIO 90 GR;UND;1;UNIDAD;2.635000;2025-12-07;ultimo precio SGP
PRD00926;PANETON BARLETTA CAJA 900 GR;ING02162;PANETON BARLETTA CAJA 900 G;UND;1;CAJA;13.000000;2020-12-21;ultimo precio SGP
PRD00095;PANETON DONOFRIO CAJA 880 GR;ING02164;PANETON DONOFRIO CAJA 900 GR;UND;1;UNIDAD;20.355000;2025-12-07;ultimo precio SGP
PRD00920;PANETON EN BOLSA 800 GR COSTA;ING02167;PANETON EN BOLSA COSTA 900 GR;UND;1;BOLSA;12.753000;2022-11-17;ultimo precio SGP
PRD00928;PANETON GLORIA BOLSA 900 GR;ING02172;PANETON GLORIA 900 GR;KG;0.9;BOLSA;11.160000;2025-12-28;ultimo precio SGP
PRD00912;PANETON GLORIA CAJA X 900 GR;ING02174;PANETON GLORIA CAJA 900 GR;UND;1;UNIDAD;19.840000;2024-12-22;ultimo precio SGP
PRD00910;PANETON MINI GLORIA BOLSA 80 GR;ING02176;PANETON MINI GLORIA 80 GR;UND;1;BOLSA;1.644000;2025-12-07;ultimo precio SGP
PRD00911;PANETON PACK CAJA TODINNO 900 GR + TODINNITO 85 GR;ING02177;PANETON PACK CAJA TODINNO 900 GR + TODINNITO 85 GR;UND;1;CAJA;23.237000;2024-12-07;ultimo precio SGP
PRD00093;PANETON SODEXO CAJA 900 GR;ING02180;PANETON SODEXO CAJA;KG;0.9;UNIDAD;9.460000;2021-12-12;ultimo precio SGP
PRD00094;PANETON SODEXO CAJA 90 GR;ING02181;PANETON SODEXO CAJA 90 GR;UND;1;CAJA;2.200000;2020-12-15;ultimo precio SGP
PRD00445;PAPA AMARILLA;ING02185;PAPA AMARILLA;KG;1;KILOGRAMO;6.500000;2026-10-01;inventario
PRD00429;PAPA BLANCA;ING02187;PAPA BLANCA;KG;1;KILOGRAMO;2.500000;2026-10-01;inventario
PRD04016;CAJA CHICA - PAPA BLANCA X KG;ING02187;PAPA BLANCA;KG;1;KILOGRAMO;2.640000;2023-02-26;ultimo precio SGP
PRD03193;CAJA CHICA - PAPA CANCHAN;ING02188;PAPA CANCHAN;KG;1;KILOGRAMO;1.600000;2024-06-21;ultimo precio SGP
PRD02066;PAPA COCKTAIL;ING02189;PAPA COCKTAIL;KG;1;KILOGRAMO;3.330000;2026-10-01;inventario
PRD03845;CAJA CHICA - PAPA LAYS POLLO A LA BRASA X 16 GR;ING02195;PAPA LAYS POLLO A LA BRASA X 16 GR;UND;1;BOLSA;1.729000;2022-06-09;ultimo precio SGP
PRD01863;PAPA PRE FRITA CONGELADA;ING02197;PAPA PRE FRITA CONGELADA;KG;1;KILOGRAMO;6.020093;2026-10-01;inventario
PRD01970;PAPA RELLENA CON CARNE 100 GR CONGELADO;ING02199;PAPA RELLENA CON CARNE 100 G CONGELADO;UND;1;UNIDAD;1.502000;2026-10-01;inventario
PRD00057;PAPA SECA COSTEÑO 500 GR;ING02200;PAPA SECA;KG;0.5;BOLSA;6.779000;2023-07-05;ultimo precio SGP
PRD00299;PAPA SECA VALLE NORTE 500 GR;ING02200;PAPA SECA;KG;0.5;BOLSA;5.949000;2026-10-01;inventario
PRD00354;PAPA SECA KOMILON 5 KG;ING02200;PAPA SECA;KG;5;BOLSA;28.240647;2023-02-09;ultimo precio SGP
PRD00379;PAPA SECA CANTA CLARO 5 KG;ING02200;PAPA SECA;KG;5;BOLSA;62.710000;2023-12-20;ultimo precio SGP
PRD00385;PAPA SECA LA SERRANITA 3 KG;ING02200;PAPA SECA;KG;3;BOLSA;20.022077;2019-05-01;ultimo precio SGP
PRD00392;PAPA SECA VALLESOL 5 KG;ING02200;PAPA SECA;KG;5;BOLSA;23.590000;2018-09-05;ultimo precio SGP
PRD01158;PAPAS AL HILO 4 ESTACIONES 500 GR;ING02203;PAPAS AL HILO;KG;0.5;BOLSA;13.000000;2025-12-28;ultimo precio SGP
PRD01178;PAPAS LAYS 36 GR;ING02218;PAPAS LAYS 36 G;UND;1;BOLSA;1.559000;2025-10-09;ultimo precio SGP
PRD01141;PAPAS ONDAS LAYS 130 GR;ING02223;PAPAS ONDAS;UND;1;BOLSA;4.180000;2026-06-12;ultimo precio SGP
PRD01113;PAPAS ONDAS LAYS 140 GR;ING02224;PAPAS ONDAS LAYS 140 GR;UND;1;BOLSA;4.179000;2024-12-22;ultimo precio SGP
PRD00565;PAPAYA;ING02233;PAPAYA ENTERO;KG;1;KILOGRAMO;4.500000;2026-10-01;inventario
PRD02714;CAJA CHICA - PAPAYA;ING02233;PAPAYA ENTERO;KG;1;KILOGRAMO;3.094608;2018-12-01;ultimo precio SGP
PRD00584;PULPA DE PAPAYA CONGELADO;ING02234;PAPAYA PULPA CONGELADO;KG;1;KILOGRAMO;8.011187;2026-10-01;inventario
PRD01870;PULPA DE PAPAYA - FIFU;ING02234;PAPAYA PULPA CONGELADO;KG;1;KILOGRAMO;7.590647;2026-08-17;ultimo precio SGP
PRD01302;PAPEL DE ALUMINIO UTIL 12 X 300 MT;ING02235;PAPEL ALUMINIO 12 X 304 MT;UND;1;CAJA;155.853000;2026-10-01;inventario
PRD01299;PAPEL HIGIENICO JUMBO BLANCO SCOTT 550 MT;ING02244;PAPEL HIGIENICO BLANCO JUMBO 550 MT;UND;1;ROLLO;16.870000;2018-07-18;ultimo precio SGP
PRD01310;PAPEL HIGIENICO DOBLE HOJA SUAVE RESISTEMAX 15 MT (30242657);ING02245;PAPEL HIGIENICO DOBLE HOJA SUAVE RESISTEMAX 15 MT;UND;1;ROLLO;0.765340;2026-10-01;inventario
PRD01473;PAPEL HIGIENICO GOFRADO SCOTT 15 MT ( 30206615);ING02246;PAPEL HIGIENICO GOFRADO SCOTT 15 MT;UND;1;ROLLO;0.486000;2020-12-21;ultimo precio SGP
PRD01317;PAPEL HIGIENICO JUMBO BLANCO SCOTT 550 MT (30228044);ING02247;PAPEL HIGIENICO JUMBO BLANCO SCOTT 550 MT(30228044;UND;1;ROLLO;9.150000;2026-10-01;inventario
PRD01316;PAPEL HIGIENICO JUMBO BLANCO SUAVE 550 MT (30223592);ING02249;PAPEL HIGIENICO JUMBO BLANCO SUAVE 550 MT(30219852;UND;1;ROLLO;8.270481;2019-06-01;ultimo precio SGP
PRD03088;CAJA CHICA - PAPEL HIGIENICO SCOTT;ING02250;PAPEL HIGIENICO SCOTT;UND;1;UNIDAD;0.805000;2020-07-19;ultimo precio SGP
PRD01308;PAPEL HIGIENICO SUAVE 15.96 MTS (30241893);ING02251;PAPEL HIGIENICO SUAVE 15.96 MTS;UND;1;ROLLO;0.657153;2022-04-30;ultimo precio SGP
PRD01318;PAPEL HIGIÉNICO SUAVE 16MTS (30229579);ING02252;PAPEL HIGIENICO SUAVE 16 MTS;UND;1;ROLLO;0.517004;2021-10-01;ultimo precio SGP
PRD01309;PAPEL HIGIENICO VERDE 16 MT X 20 ROLLOS;ING02254;PAPEL HIGIENICO VERDE 16 MT X 20 ROLLOS;UND;1;PAQUETE;23.317000;2021-11-27;ultimo precio SGP
PRD01300;PAPEL MANTECA RESMA PAQ 450 HOJAS;ING02255;PAPEL MANTECA;UND;450;PAQUETE;88.140000;2026-10-01;inventario
PRD03340;CAJA CHICA - PAPEL MANTECA RESMA 450 UND;ING02256;PAPEL MANTECA RESMA 450 UND;UND;1;PAQUETE;28.500000;2024-12-15;ultimo precio SGP
PRD00402;BOLSAS PAPEL POLIGRASA 50 X 70;ING02259;PAPEL POLIGRASA 50 X 70;UND;1;PAQUETE;22.000000;2026-10-01;inventario
PRD02809;CAJA CHICA - PAPEL TERMICO MONOGLUCIDO UND;ING02261;PAPEL TERMICO MONOGLUCIDO UND;UND;1;UNIDAD;0.958000;2020-07-10;ultimo precio SGP
PRD01325;PAPEL TOALLA AIRFLEX BLANCO BASIC SCOTT 200 MT (30242645 - 30228197);ING02263;PAPEL TOALLA AIRFLEX BLANCO BASIC SCOTT 200 MT (30;UND;1;UNIDAD;17.420000;2026-10-01;inventario
PRD01324;PAPEL TOALLA AIRFLEX BLANCO SCOTT 200 MT (30224771);ING02264;PAPEL TOALLA AIRFLEX BLANCO SCOTT 200 MT (30224771;UND;1;UNIDAD;13.369174;2019-08-03;ultimo precio SGP
PRD02862;CAJA CHICA - PAPEL TOALLA AIRFLEX SCOTT 2P 24 X 150UND;ING02265;PAPEL TOALLA AIRFLEX SCOTT 2P 24 X 150UND;UND;1;UNIDAD;9.040000;2020-07-21;ultimo precio SGP
PRD03480;CAJA CHICA - PAPEL TOALLA NATURAL JUMBO SCOTT 200 MT;ING02273;PAPEL TOALLA NATURAL JUMBO SCOTT 200 MT;UND;1;ROLLO;4.915000;2018-11-26;ultimo precio SGP
PRD01323;PAPEL TOALLA NATURAL JUMBO SCOTT 200 MT (30203351);ING02274;PAPEL TOALLA NATURAL JUMBO SCOTT 200 MT (30203351);UND;1;UNIDAD;14.580000;2019-05-11;ultimo precio SGP
PRD02856;CAJA CHICA - PAPEL TOALLA PRE CORTADO SCOTT COCINA 3 ROLLO;ING02275;PAPEL TOALLA PRE CORTADO SCOTT COCINA 3 ROLLO;UND;1;UNIDAD;4.661000;2020-07-21;ultimo precio SGP
PRD00840;PAPRIKA TOÑA 500 GR;ING02280;PAPRIKA;KG;0.5;BOLSA;10.590000;2026-10-01;inventario
PRD00882;PAPRIKA 4 ESTACIONES 500 GR;ING02280;PAPRIKA;KG;0.5;BOLSA;10.400000;2023-11-29;ultimo precio SGP
PRD00895;PAPRIKA BADIA 453.6 GRM ( 16 OZ);ING02280;PAPRIKA;KG;0.4536;FRASCO;31.157000;2024-03-23;ultimo precio SGP
PRD02028;PARIHUELA DE MADERA EAN 1.00 X 1.20 MT;ING02281;PARIHUELA DE MADERA EAN 1.00 X 1.20 MT;UND;1;UNIDAD;20.000000;2024-03-31;ultimo precio SGP
PRD02213;PASAS SECAS NEGRAS GARDEN 4 ESTACIONES 1 KG;ING02286;PASAS NEGRAS SECAS;KG;1;BOLSA;15.500000;2026-10-01;inventario
PRD02221;PASAS SECAS NEGRAS 4 ESTACIONES 1 KG;ING02286;PASAS NEGRAS SECAS;KG;1;BOLSA;15.500000;2025-07-18;ultimo precio SGP
PRD01192;PASAS SECAS RUBIAS 4 ESTACIONES 1 KG;ING02288;PASAS RUBIAS SECAS;KG;1;BOLSA;30.000000;2025-12-15;ultimo precio SGP
PRD00642;PASTA DE AJI AMARILLO EMIC 1 KG;ING02293;PASTA DE AJI AMARILLO;KG;1;BOLSA;17.841514;2026-10-01;inventario
PRD02670;PASTA DE AJI AMARILLO RAM 1 KG;ING02294;PASTA DE AJI AMARILLO RAM;KG;1;BOLSA;11.180000;2019-07-15;ultimo precio SGP
PRD00643;PASTA DE AJI PANCA EMIC 1 KG;ING02295;PASTA DE AJI PANCA;KG;1;BOLSA;9.550000;2026-10-01;inventario
PRD01080;PASTA DE AJI PANCA RAM 1 KG;ING02296;PASTA DE AJI PANCA RAM KG;KG;1;BOLSA;10.000000;2019-03-20;ultimo precio SGP
PRD00591;PASTA DE AJO CONCENTRADA EMIC 1 KG;ING02297;PASTA DE AJO;KG;1;BOLSA;10.900000;2025-10-09;ultimo precio SGP
PRD00644;PASTA DE AJO EMIC 1 KG;ING02297;PASTA DE AJO;KG;1;BOLSA;12.200000;2026-10-01;inventario
PRD01081;PASTA DE AJO RAM 1 KG;ING02298;PASTA DE AJO RAM;KG;1;BOLSA;13.240000;2019-07-15;ultimo precio SGP
PRD00645;PASTA DE ROCOTO EMIC 1 KG;ING02300;PASTA DE ROCOTO RAM;KG;1;BOLSA;14.000000;2026-10-01;inventario
PRD01049;PASTA DE TOMATE B&D 3.20 KG;ING02301;PASTA DE TOMATE;KG;3.2;LATA;20.020000;2018-08-20;ultimo precio SGP
PRD01054;PASTA DE TOMATE EMIC 1 KG;ING02301;PASTA DE TOMATE;KG;1;BOLSA;9.800000;2025-12-28;ultimo precio SGP
PRD01067;PASTA DE TOMATE MAGGI 1 KG;ING02301;PASTA DE TOMATE;KG;1;SACHET;11.990000;2022-12-17;ultimo precio SGP
PRD01683;PASTA WANTAN CONGELADA;ING02307;PASTA WANTAN CONGELADO;KG;1;KILOGRAMO;8.150000;2026-10-01;inventario
PRD01461;PASTILLAS DE LAVADO RATIONAL MODELO NO. 56.00.210;ING02309;PASTILLA DE LAVADO RATIONAL MODELO N°56.00.21;UND;1;BALDE;443.230000;2026-10-01;inventario
PRD01459;PASTILLAS DESCALCIFICADORAS RATIONAL MODELO NO. 56.00.562;ING02310;PASTILLAS DESCALSIFICADORAS RATIONAL MODELO N°56.;UND;1;BALDE;479.807335;2026-10-01;inventario
PRD02858;CAJA CHICA - PASTILLAS DESODORANTE PARA BAÑO DE COLOR LEONOS;ING02312;PASTILLAS DESODORANTE PARA BAÑO DE COLOR LEONOS;UND;1;UNIDAD;1.271000;2019-01-08;ultimo precio SGP
PRD01228;PATO ENTERO SIN EXTREMIDADES CONGELADO;ING02314;PATO ENTERO EVIS S/PATAS Y S/CABEZA CONG;KG;1;KILOGRAMO;33.500000;2026-10-01;inventario
PRD03737;CAJA CHICA - PATO TANQUE SAPOLIO;ING02315;PATO TANQUE SAPOLIO;UND;1;UNIDAD;4.068000;2019-01-08;ultimo precio SGP
PRD01736;PECHUGA DE PAVO CON HUESO Y CON PIEL CONGELADO;ING02316;PAV - PAVO PECHUGA C/HUESO Y C/PIEL CONGELADO;KG;1;KILOGRAMO;21.445349;2022-01-19;ultimo precio SGP
PRD01224;PAVO ENTERO CON MENUDENCIA CONGELADO;ING02318;PAVO ENTERO CON MENUDENCIA CONGELADO;KG;1;KILOGRAMO;13.660000;2024-12-12;ultimo precio SGP
PRD01734;PAVO ENTERO CON MENUDENCIA CONGELADO 10 KG (N);ING02319;PAVO ENTERO CON MENUDENCIA CONGELADO 10 KG (N);KG;1;KILOGRAMO;12.950000;2022-12-23;ultimo precio SGP
PRD01217;PECHUGA DE PAVO CON HUESO CONGELADO;ING02320;PAVO PECHUGA CON HUESO CONGELADO;KG;1;KILOGRAMO;21.190000;2023-09-17;ultimo precio SGP
PRD01406;PAÑO MICROFIBRA AZUL CM 40 X 38 - DARYZA;ING02325;PAÑO MICROFIBRA;UND;1;UNIDAD;2.364000;2024-06-16;ultimo precio SGP
PRD01407;PAÑO MICROFIBRA CASTOR AMARILLA 40 X 40 CM;ING02325;PAÑO MICROFIBRA;UND;1;UNIDAD;11.600000;2026-05-21;ultimo precio SGP
PRD00223;PECANA TOÑA 1 KG;ING02332;PECANAS PELADAS;KG;1;BOLSA;85.290000;2024-03-22;ultimo precio SGP
PRD00849;PECANA PARTIDA TOÑA 1 KG;ING02332;PECANAS PELADAS;KG;1;BOLSA;79.566000;2025-11-23;ultimo precio SGP
PRD00883;PECANA 4 ESTACIONES 1 KG;ING02332;PECANAS PELADAS;KG;1;BOLSA;99.000000;2023-09-17;ultimo precio SGP
PRD00846;PECANA PELADA VALLEALTO X 90 GR;ING02333;PECANAS PELADAS (UND);UND;1;BOLSA;11.190000;2026-10-01;inventario
PRD01729;PECHUGA DE PAVO SAN FERNANDO;ING02337;PECHUGA DE PAVO SIN HUESO CONGELADO;KG;1;KILOGRAMO;19.880000;2026-06-12;ultimo precio SGP
PRD01732;PECHUGA DE PAVO DESHUESADA;ING02337;PECHUGA DE PAVO SIN HUESO CONGELADO;KG;1;KILOGRAMO;23.780000;2026-04-09;ultimo precio SGP
PRD01733;PECHUGA DE PAVO DESHUESADA (BL);ING02337;PECHUGA DE PAVO SIN HUESO CONGELADO;KG;1;KILOGRAMO;11.876000;2025-04-07;ultimo precio SGP
PRD01735;PECHUGA DE PAVO DESHUESADA (BLOQUE * 10);ING02337;PECHUGA DE PAVO SIN HUESO CONGELADO;KG;1;KILOGRAMO;12.300000;2020-12-15;ultimo precio SGP
PRD01737;PECHUGA DE PAVO SIN HUESO CON PIEL CONGELADO;ING02338;PECHUGA DE PAVO SIN HUESO Y CON PIEL CONGELADO;KG;1;KILOGRAMO;19.118000;2021-09-23;ultimo precio SGP
PRD01223;PECHUGA DE POLLO C/HUESO Y PIEL CONGELADO;ING02339;PECHUGA DE POLLO S/HUESO Y PIEL CONGELADO;KG;1;KILOGRAMO;14.710000;2022-10-06;ultimo precio SGP
PRD01755;PECHUGA DE POLLO S/HUESO S/PIEL CONGELADO - IMPORTACION;ING02339;PECHUGA DE POLLO S/HUESO Y PIEL CONGELADO;KG;1;KILOGRAMO;9.236004;2026-10-01;inventario
PRD01758;PECHUGA DE POLLO S/HUESO S/PIEL 100 -120 GR CONGELADO - KGM;ING02339;PECHUGA DE POLLO S/HUESO Y PIEL CONGELADO;KG;1;KILOGRAMO;12.000000;2023-08-04;ultimo precio SGP
PRD01759;PECHUGA DE POLLO S/HUESO S/PIEL 120-140 GR CONGELADO - KGM;ING02339;PECHUGA DE POLLO S/HUESO Y PIEL CONGELADO;KG;1;KILOGRAMO;12.000000;2023-08-04;ultimo precio SGP
PRD01764;PECHUGA DE POLLO EN TROZOS S/H S/P - IMPORTACION;ING02339;PECHUGA DE POLLO S/HUESO Y PIEL CONGELADO;KG;1;KILOGRAMO;12.857000;2025-10-11;ultimo precio SGP
PRD01774;PECHUGA DE POLLO S/HUESO S/PIEL CONGELADO - KGM;ING02339;PECHUGA DE POLLO S/HUESO Y PIEL CONGELADO;KG;1;KILOGRAMO;14.640000;2026-02-12;ultimo precio SGP
PRD01778;PECHUGA DE POLLO S/HUESO S/PIEL;ING02339;PECHUGA DE POLLO S/HUESO Y PIEL CONGELADO;KG;1;KILOGRAMO;15.480000;2025-10-23;ultimo precio SGP
PRD01606;PEINE DE BOLSILLO;ING02340;PEINE DE BOLSILLO UNIDAD;UND;1;UNIDAD;0.560000;2026-06-12;ultimo precio SGP
PRD00430;PEPINILLO;ING02344;PEPINILLO;KG;1;KILOGRAMO;3.990000;2026-10-01;inventario
PRD02726;CAJA CHICA - PEPINILLO;ING02344;PEPINILLO;KG;1;KILOGRAMO;3.000000;2022-02-24;ultimo precio SGP
PRD00566;PERA PACKHAMS IMPORTADA;ING02352;PERA PACKHAMS;KG;1;KILOGRAMO;8.500000;2026-10-01;inventario
PRD00431;PEREJIL;ING02353;PEREJIL;KG;1;KILOGRAMO;5.600000;2026-10-01;inventario
PRD01244;PERICO FILETE CON PIEL CONGELADO;ING02362;PEZ PERICO FILETE CON PIEL CONGELADO;KG;1;KILOGRAMO;18.820000;2020-02-27;ultimo precio SGP
PRD01245;PERICO FILETE SIN PIEL CONGELADO- KGM;ING02364;PEZ PERICO FILETE SIN PIEL CONGELADO;KG;1;KILOGRAMO;34.510000;2026-10-01;inventario
PRD01738;TROZOS DE PERICO SIN PIEL 30 - 90 GR CONGELADO;ING02364;PEZ PERICO FILETE SIN PIEL CONGELADO;KG;1;KILOGRAMO;31.500000;2025-07-30;ultimo precio SGP
PRD01247;REYNETA FILETE SIN PIEL CONGELADO;ING02365;PEZ REYNETA FILETE SIN PIEL CONGELADO;KG;1;KILOGRAMO;32.140000;2021-12-02;ultimo precio SGP
PRD01741;TILAPIA FILETE SIN PIEL 5/7 RANGO 140 - 200 GR CONGELADO;ING02366;PEZ TILAPIA SIN PIEL CONGELADO RANGO 250 GR;KG;1;KILOGRAMO;17.676967;2023-05-18;ultimo precio SGP
PRD01745;TILAPIA FILETE SIN PIEL 5/7 RANGO 140 - 200 GR GRANEL CONGELADO;ING02366;PEZ TILAPIA SIN PIEL CONGELADO RANGO 250 GR;KG;1;KILOGRAMO;18.141418;2023-04-26;ultimo precio SGP
PRD01243;TRUCHA ENTERA EVISCERADA CONGELADO GRANEL 100 - 400 GR;ING02368;PEZ TRUCHA EVISCERADA CONGELADO;KG;1;KILOGRAMO;18.230000;2019-03-08;ultimo precio SGP
PRD01218;PIERNA DE CERDO SIN PIEL Y SIN HUESO CONGELADO;ING02374;PIERNA DE CERDO SIN HUESO;KG;1;KILOGRAMO;13.200000;2026-10-01;inventario
PRD01696;PIERNA DE CERDO SIN PIEL Y SIN HUESO CONGELADO (IMPORTACION);ING02374;PIERNA DE CERDO SIN HUESO;KG;1;KILOGRAMO;11.627000;2024-07-16;ultimo precio SGP
PRD01715;PIERNA DE CERDO SIN PIEL Y SIN HUESO CONGELADO - FOOD MARKETS;ING02374;PIERNA DE CERDO SIN HUESO;KG;1;KILOGRAMO;10.957000;2018-12-31;ultimo precio SGP
PRD01719;PIERNA DE CERDO SIN PIEL Y SIN HUESO CONGELADO (N);ING02374;PIERNA DE CERDO SIN HUESO;KG;1;KILOGRAMO;10.030000;2019-12-19;ultimo precio SGP
PRD01728;PIERNA DE PAVO DESHUESADA SIN PIEL CONGELADA;ING02375;PIERNA DE PAVO DEHUESADO SIN PIEL CONGELADO;KG;1;KILOGRAMO;18.644000;2023-03-02;ultimo precio SGP
PRD02069;PILAS DURACELL AA 2 UND;ING02377;PILAS ALKALINA AA 2 UNIDADES;UND;1;GRAMO;6.760000;2026-10-01;inventario
PRD02068;PILAS DURACELL AAA 2 UND;ING02378;PILAS ALKALINA AAA 2 UNIDADES;UND;1;GRAMO;6.760000;2026-10-01;inventario
PRD03720;CAJA CHICA - PIMENTON ROJO;ING02381;PIMENTON ROJO;KG;1;KILOGRAMO;5.932000;2018-11-26;ultimo precio SGP
PRD00884;PIMIENTA NEGRA ENTERA 4 ESTACIONES 1 KG;ING02383;PIMIENTA NEGRA ENTERA;KG;1;BOLSA;50.000000;2023-05-04;ultimo precio SGP
PRD00885;PIMIENTA NEGRA MOLIDA 4 ESTACIONES 1 KG;ING02385;PIMIENTA NEGRA MOLIDA;KG;1;BOLSA;48.500000;2026-09-17;ultimo precio SGP
PRD03592;CAJA CHICA - PIMIENTA SACHET SODEXO 10 GR;ING02387;PIMIENTA SACHET SODEXO 10 GR;UND;1;UNIDAD;2.542000;2025-04-16;ultimo precio SGP
PRD00432;PIMIENTO ROJO;ING02389;PIMIENTO ROJO;KG;1;KILOGRAMO;7.500000;2026-10-01;inventario
PRD03381;CAJA CHICA - PIQUEO SNACK 53 GR FRITO LAY;ING02393;PIQUEO SNACK 53 GR FRITO LAY;UND;1;UNIDAD;1.814000;2022-06-09;ultimo precio SGP
PRD01188;PIQUEO SNACK FRITO LAY 55 GR;ING02398;PIQUEO SNACK FRITO LAY 55 GR;UND;1;BOLSA;1.559000;2025-05-18;ultimo precio SGP
PRD02408;PIROTINES PARA POSTRE #8 X MILLAR;ING02399;PIROTIN BLANCO # 1 X 1000 UND;UND;1000;PAQUETE;45.198000;2026-07-12;ultimo precio SGP
PRD00802;PIÑA EN RODAJAS FANNY 567 GR;ING02413;PIÑA EN RODAJAS LATA;KG;0.567;LATA;6.960000;2026-10-01;inventario
PRD00818;PIÑA EN RODAJAS COMPASS 560 GR;ING02413;PIÑA EN RODAJAS LATA;KG;0.56;LATA;7.200000;2024-08-18;ultimo precio SGP
PRD00581;PULPA DE PIÑA CONGELADO;ING02417;PIÑA PULPA CONGELADO;KG;1;KILOGRAMO;8.050000;2021-01-16;ultimo precio SGP
PRD00567;PIÑA;ING02418;PIÑA SELVA;KG;1;KILOGRAMO;3.330000;2026-10-01;inventario
PRD02056;PIÑA (L);ING02418;PIÑA SELVA;KG;1;KILOGRAMO;4.600000;2026-08-28;ultimo precio SGP
PRD02715;CAJA CHICA - PIÑA SELVA;ING02418;PIÑA SELVA;KG;1;KILOGRAMO;2.876010;2018-12-01;ultimo precio SGP
PRD00573;PLATANO DE FREIR (BELLACO);ING02420;PLATANO BELLACO;KG;1;KILOGRAMO;4.200000;2026-10-01;inventario
PRD00460;PLATANO DE ISLA;ING02422;PLATANO DE LA ISLA;KG;1;KILOGRAMO;4.200000;2026-08-24;ultimo precio SGP
PRD03653;CAJA CHICA -PLATANO DE SEDA;ING02423;PLATANO DE SEDA;KG;1;KILOGRAMO;2.195000;2019-06-21;ultimo precio SGP
PRD00568;PLATANO DE SEDA;ING02425;PLATANO SEDA REFRIGERADO;KG;1;KILOGRAMO;5.000000;2026-10-01;inventario
PRD02318;PLATO TENDIDO PARA ENTRADA DESCARTABLE 25 UND;ING02436;PLATO TENDIDO PARA ENTRADA DESCARTABLE;UND;25;PAQUETE;1.150000;2020-06-16;ultimo precio SGP
PRD02316;PLATO TENDIDO PARA POSTRE DESCARTABLE 25 UND;ING02437;PLATO TENDIDO PARA POSTRE DESCARTABLE;UND;25;PAQUETE;1.445946;2020-06-16;ultimo precio SGP
PRD02319;PLATO TENDIDO PARA SEGUNDO DESCARTABLE # 20 MILLAR;ING02438;PLATO TENDIDO PARA SEGUNDO DESCARTABLE # 20;UND;1000;PAQUETE;76.633813;2026-10-01;inventario
PRD01781;POLLO MARINADO PARA BRASA RANGO 1.2KG CONGELADO;ING02453;POLLO MARINADO PARA BRASA 1.2 KG CONGELADO;KG;1;KILOGRAMO;13.413000;2023-05-24;ultimo precio SGP
PRD02433;MOLLEJA DE POLLO CONGELADO;ING02454;POLLO MOLLEJA CONGELADO;KG;1;KILOGRAMO;7.620000;2020-07-21;ultimo precio SGP
PRD01220;PIERNA DE POLLO CON ENCUENTRO CONGELADO;ING02456;POLLO PIERNA CON ENCUENTRO CONGELADO;KG;1;KILOGRAMO;6.240000;2024-02-17;ultimo precio SGP
PRD01753;PIERNA DE POLLO CONGELADO - BOTELLITAS (BLOQUE);ING02456;POLLO PIERNA CON ENCUENTRO CONGELADO;KG;1;KILOGRAMO;7.880000;2023-09-03;ultimo precio SGP
PRD01754;PIERNA DE POLLO CON ENCUENTRO CONGELADO (IMPORTACION BOLSA 3X5);ING02456;POLLO PIERNA CON ENCUENTRO CONGELADO;KG;1;KILOGRAMO;5.038000;2026-01-17;ultimo precio SGP
PRD01756;PIERNA DE POLLO CON ENCUENTRO CONGELADO (BLOQUE) IMPORT;ING02456;POLLO PIERNA CON ENCUENTRO CONGELADO;KG;1;KILOGRAMO;4.787328;2026-10-01;inventario
PRD01757;PIERNA DE POLLO CON ENCUENTRO CONGELADO (BLOQUE 18 KG) IMPORT;ING02456;POLLO PIERNA CON ENCUENTRO CONGELADO;KG;1;KILOGRAMO;4.888000;2023-06-26;ultimo precio SGP
PRD01766;PIERNA DE POLLO CON ENCUENTRO CONGELADO (BOLSA) IMPORT;ING02456;POLLO PIERNA CON ENCUENTRO CONGELADO;KG;1;KILOGRAMO;4.675000;2026-08-07;ultimo precio SGP
PRD01785;PIERNA DE POLLO CON ENCUENTRO CONGELADO (BLOQUE);ING02456;POLLO PIERNA CON ENCUENTRO CONGELADO;KG;1;KILOGRAMO;8.820000;2025-01-01;ultimo precio SGP
PRD01786;PIERNA DE POLLO CON ENCUENTRO CONGELADO (BOLSA);ING02456;POLLO PIERNA CON ENCUENTRO CONGELADO;KG;1;KILOGRAMO;6.240000;2023-11-09;ultimo precio SGP
PRD01787;PIERNA DE POLLO CON ENCUENTRO CONGELADO (BLOQUE * 10);ING02456;POLLO PIERNA CON ENCUENTRO CONGELADO;KG;1;KILOGRAMO;6.480000;2021-09-10;ultimo precio SGP
PRD01237;FILETE DE PIERNA DE POLLO C/ PIEL CONGELADO 130-230 GR;ING02457;POLLO PIERNA FILETE CON PIEL CONGELADO;KG;1;KILOGRAMO;11.160000;2018-07-01;ultimo precio SGP
PRD01763;FILETE DE PIERNA DE POLLO S/H S/P CONGELADO (IMPORTACION);ING02457;POLLO PIERNA FILETE CON PIEL CONGELADO;KG;1;KILOGRAMO;11.495000;2025-10-01;ultimo precio SGP
PRD01230;POLLO SIN MENUDENCIA CONGELADO RANGO 1.75 A 1.85 KG;ING02460;POLLO SIN MENUDENCIA CONGELADO;KG;1;KILOGRAMO;8.148000;2025-04-07;ultimo precio SGP
PRD01233;POLLO SIN MENUDENCIA CONGELADO RANGO 2 KG;ING02460;POLLO SIN MENUDENCIA CONGELADO;KG;1;KILOGRAMO;12.967987;2023-08-20;ultimo precio SGP
PRD01750;POLLO SIN MENUDENCIA TROZADO EN 8 CONGELADO RANGO 1.6 KG;ING02460;POLLO SIN MENUDENCIA CONGELADO;KG;1;KILOGRAMO;8.318000;2018-08-09;ultimo precio SGP
PRD01761;POLLO SIN MENUDENCIA CONGELADO RANGO 1.7 A 1.9KG - LAS CAMELIAS;ING02460;POLLO SIN MENUDENCIA CONGELADO;KG;1;KILOGRAMO;6.638000;2026-03-20;ultimo precio SGP
PRD01768;POLLO SIN MENUDENCIA CONGELADO RANGO 1.8 KG;ING02460;POLLO SIN MENUDENCIA CONGELADO;KG;1;KILOGRAMO;9.880000;2025-12-28;ultimo precio SGP
PRD01771;POLLO SIN MENUDENCIA CONGELADO RANGO 1.8 KG - 2 KG;ING02460;POLLO SIN MENUDENCIA CONGELADO;KG;1;KILOGRAMO;10.720000;2024-02-11;ultimo precio SGP
PRD01772;POLLO SIN MENUDENCIA CONGELADO RANGO 1.7 A 1.9 KG;ING02460;POLLO SIN MENUDENCIA CONGELADO;KG;1;KILOGRAMO;10.450000;2024-10-21;ultimo precio SGP
PRD01775;POLLO SIN MENUDENCIA CONGELADO RANGO 1.52 KG;ING02460;POLLO SIN MENUDENCIA CONGELADO;KG;1;KILOGRAMO;9.490000;2023-11-20;ultimo precio SGP
PRD01777;POLLO SIN MENUDENCIA CONGELADO RANGO 1.68 KG;ING02460;POLLO SIN MENUDENCIA CONGELADO;KG;1;KILOGRAMO;9.198430;2026-10-01;inventario
PRD01221;POLLO SIN MENUDENCIA CONGELADO RANGO 1.428 - 1.611 KG (SAN FERNANDO);ING02461;POLLO SIN MENUDENCIA CONGELADO 1.2 KG;KG;1;KILOGRAMO;7.817000;2025-06-15;ultimo precio SGP
PRD01752;POLLO SIN MENUDENCIA CONGELADO RANGO 1.1 -1.4 KGS;ING02461;POLLO SIN MENUDENCIA CONGELADO 1.2 KG;KG;1;KILOGRAMO;8.228000;2025-05-18;ultimo precio SGP
PRD01760;POLLO SIN MENUDENCIA CONGELADO 1.1 - 1.4 KG - TRES ARROYOS;ING02461;POLLO SIN MENUDENCIA CONGELADO 1.2 KG;KG;1;KILOGRAMO;8.169000;2025-07-30;ultimo precio SGP
PRD01762;POLLO SIN MENUDENCIA CONGELADO 1.1 - 1.4 KG - PERDIX;ING02461;POLLO SIN MENUDENCIA CONGELADO 1.2 KG;KG;1;KILOGRAMO;7.011935;2026-10-01;inventario
PRD01773;POLLO SIN MENUDENCIA CONGELADO RANGO 1.4KG;ING02461;POLLO SIN MENUDENCIA CONGELADO 1.2 KG;KG;1;KILOGRAMO;8.223321;2025-03-07;ultimo precio SGP
PRD01776;POLLO SIN MENUDENCIA CONGELADO RANGO 1.25 KG;ING02461;POLLO SIN MENUDENCIA CONGELADO 1.2 KG;KG;1;KILOGRAMO;9.280000;2026-07-01;ultimo precio SGP
PRD01779;POLLO SIN MENUDENCIA CONGELADO RANGO 1.38KG;ING02461;POLLO SIN MENUDENCIA CONGELADO 1.2 KG;KG;1;KILOGRAMO;9.280000;2026-05-31;ultimo precio SGP
PRD00200;POLVO DE HORNEAR LEVAPAN 4 KG;ING02463;POLVO DE HORNEAR;KG;4;BOLSA;24.230000;2023-01-28;ultimo precio SGP
PRD00967;POLVO DE HORNEAR LESAFFRE INVENTIS 5 KG;ING02463;POLVO DE HORNEAR;KG;5;BOLSA;36.780000;2026-10-01;inventario
PRD00985;POLVO DE HORNEAR FLEISCHMAN 5 KG (EMER);ING02463;POLVO DE HORNEAR;KG;5;SOBRE;76.420000;2025-03-18;ultimo precio SGP
PRD01025;POLVO DE HORNEAR FLEICHMANN 1 KG;ING02463;POLVO DE HORNEAR;KG;1;SOBRE;9.721000;2018-07-01;ultimo precio SGP
PRD02984;CAJA CHICA - POLVO DE HORNEAR FLEISCHMAN 20 GR;ING02466;POLVO DE HORNEAR FLEISCHMAN 20 GR;UND;1;SOBRE;0.847000;2018-10-01;ultimo precio SGP
PRD03189;CAJA CHICA - POP CORN A GRANEL - MAIZ PERLITA;ING02468;POP CORN A GRANEL - MAIZ PERLITA;KG;1;KILOGRAMO;4.661000;2026-07-20;ultimo precio SGP
PRD02927;CAJA CHICA - POP CORN NATURAL MICROONDAS;ING02475;POP CORN NATURAL MICROONDAS;UND;1;UNIDAD;4.661000;2022-06-13;ultimo precio SGP
PRD00433;PORO;ING02476;PORO;KG;1;KILOGRAMO;5.470000;2026-10-01;inventario
PRD02716;CAJA CHICA - PORO;ING02476;PORO;KG;1;KILOGRAMO;46.000000;2025-10-01;ultimo precio SGP
PRD03639;CAJA CHICA - PORO FITZ;ING02477;PORO FITZ;KG;1;KILOGRAMO;0.900000;2024-01-28;ultimo precio SGP
PRD02615;PORTA VASOS CARTON CON LOGO PARA 2 UND X MILLAR (TIPO BANDEJA);ING02479;PORTA VASOS CARTON C/LOGO PARA 2 UND (TIPO BANDEJA;UND;1000;PAQUETE;1075.706000;2026-10-01;inventario
PRD01456;POT & PAN - GARRAFA 5 LITROS -SPARTAN;ING02483;POT & PAN - GARRAFA 5 LITROS -SPARTAN;L;5;UNIDAD;77.810000;2026-10-01;inventario
PRD01311;BEBIDA REHIDRATANTE FRUTILLA POWERADE 500 ML;ING02484;POWERADE FRUTILLA 500 ML;UND;1;BOTELLA;1.198897;2020-11-22;ultimo precio SGP
PRD01594;BEBIDA REHIDRATANTE FRUTILLA POWERADE 476ML;ING02484;POWERADE FRUTILLA 500 ML;UND;1;BOTELLA;1.780000;2019-05-27;ultimo precio SGP
PRD01312;BEBIDA REHIDRATANTE MANDARINA POWERADE 500ML;ING02485;POWERADE MANDARINA 500 ML;UND;1;BOTELLA;1.200000;2020-11-27;ultimo precio SGP
PRD01587;BEBIDA REHIDRATANTE FRUTAS POWERADE PET 600 ML;ING02486;POWERADE REHIDRATANTE FRUTAS POWERADE PET 600 ML;UND;1;BOTELLA;1.290000;2026-09-13;ultimo precio SGP
PRD01588;BEBIDA REHIDRATANTE LIMON POWERADE PET 600 ML;ING02487;POWERADE REHIDRATANTE LIMON POWERADE PET 600 ML;UND;1;BOTELLA;1.290000;2025-05-09;ultimo precio SGP
PRD01589;BEBIDA REHIDRATANTE MORA POWERADE PET 600 ML;ING02488;POWERADE REHIDRATANTE MORA POWERADE PET 600 ML;UND;1;BOTELLA;1.290000;2026-07-24;ultimo precio SGP
PRD00606;PRE ELABORADO RAM BASE AMARILLA 1 KG;ING02490;PRE ELABORADO BASE AMARILLA;KG;1;BOLSA;14.929000;2018-12-30;ultimo precio SGP
PRD00635;PRE ELABORADO EMIC BASE AMARILLA 1 KG;ING02490;PRE ELABORADO BASE AMARILLA;KG;1;BOLSA;16.679000;2026-09-13;ultimo precio SGP
PRD00649;PRE ELABORADO EMIC BASE AMARILLA S/G 1 KG;ING02490;PRE ELABORADO BASE AMARILLA;KG;1;BOLSA;13.400000;2019-11-28;ultimo precio SGP
PRD00607;PRE ELABORADO RAM BASE CRIOLLA 1 KG;ING02491;PRE ELABORADO BASE CRIOLLA;KG;1;BOLSA;11.753000;2019-03-20;ultimo precio SGP
PRD00636;PRE ELABORADO EMIC BASE CRIOLLA 1 KG;ING02491;PRE ELABORADO BASE CRIOLLA;KG;1;BOLSA;12.000000;2026-10-01;inventario
PRD00650;PRE ELABORADO EMIC BASE CRIOLLA S/G 1 KG;ING02491;PRE ELABORADO BASE CRIOLLA;KG;1;BOLSA;11.200000;2019-09-28;ultimo precio SGP
PRD00609;PRE ELABORADO RAM BASE TOMATE 1 KG;ING02492;PRE ELABORADO BASE DE TOMATE;KG;1;BOLSA;14.576000;2018-12-20;ultimo precio SGP
PRD00640;PRE ELABORADO EMIC BASE ROJA (TOMATE) 1 KG;ING02492;PRE ELABORADO BASE DE TOMATE;KG;1;BOLSA;11.800000;2026-08-07;ultimo precio SGP
PRD00651;PRE ELABORADO EMIC BASE ROJA (TOMATE) S/G 1 KG;ING02492;PRE ELABORADO BASE DE TOMATE;KG;1;BOLSA;11.300000;2020-02-11;ultimo precio SGP
PRD00611;PRE ELABORADO RAM BASE NEUTRAL 1 KG;ING02493;PRE ELABORADO BASE NEUTRA;KG;1;BOLSA;13.753000;2018-12-30;ultimo precio SGP
PRD00637;PRE ELABORADO EMIC BASE NEUTRAL 1 KG;ING02493;PRE ELABORADO BASE NEUTRA;KG;1;BOLSA;12.500000;2026-10-01;inventario
PRD00608;PRE ELABORADO RAM BASE NORTEÑA 1KG;ING02494;PRE ELABORADO BASE NORTEÑA;KG;1;BOLSA;13.224000;2019-01-12;ultimo precio SGP
PRD00638;PRE ELABORADO EMIC BASE NORTEÑA 1 KG;ING02494;PRE ELABORADO BASE NORTEÑA;KG;1;BOLSA;13.400000;2026-10-01;inventario
PRD00639;PRE ELABORADO EMIC BASE ORIENTAL 1 KG;ING02495;PRE ELABORADO BASE ORIENTAL;KG;1;BOLSA;12.800000;2026-10-01;inventario
PRD01082;PRE ELABORADO RAM BASE ORIENTAL 1 KG;ING02495;PRE ELABORADO BASE ORIENTAL;KG;1;BOLSA;16.820000;2018-07-18;ultimo precio SGP
PRD00610;PRE ELABORADO RAM BASE VERDE 1KG;ING02496;PRE ELABORADO BASE VERDE;KG;1;BOLSA;15.518000;2019-04-11;ultimo precio SGP
PRD00641;PRE ELABORADO EMIC BASE VERDE 1 KG;ING02496;PRE ELABORADO BASE VERDE;KG;1;BOLSA;13.300000;2026-09-13;ultimo precio SGP
PRD00652;PRE ELABORADO EMIC BASE VERDE S/G 1 KG;ING02496;PRE ELABORADO BASE VERDE;KG;1;BOLSA;13.000000;2019-11-28;ultimo precio SGP
PRD00595;PRE ELABORADO CONSERVA FRIJOL CANARIO 1 KG OLIVEZA;ING02499;PRE ELABORADO FRIJOL CANARIO SIN ADEREZO;KG;1;BOLSA;9.502036;2025-12-07;ultimo precio SGP
PRD00601;PRE ELABORADO CONSERVA FRIJOL CANARIO 1 KG OLIVEZA BOLSA;ING02499;PRE ELABORADO FRIJOL CANARIO SIN ADEREZO;KG;1;BOLSA;9.500000;2025-12-28;ultimo precio SGP
PRD00612;PRE ELABORADO RAM FRIJOL CANARIO 1 KG;ING02499;PRE ELABORADO FRIJOL CANARIO SIN ADEREZO;KG;1;BOLSA;8.500000;2020-05-06;ultimo precio SGP
PRD00654;PRE ELABORADO RAM (CONSERVA) FRIJOL CANARIO SIN ADEREZO 1 KG;ING02499;PRE ELABORADO FRIJOL CANARIO SIN ADEREZO;KG;1;BOLSA;8.870894;2026-10-01;inventario
PRD00597;PRE ELABORADO CONSERVA FRIJOL PANAMITO 1 KG OLIVEZA;ING02501;PRE ELABORADO RAM FRIJOL PANAMITO SIN ADEREZO 1 KG;KG;1;BOLSA;8.200000;2025-10-09;ultimo precio SGP
PRD00613;PRE ELABORADO RAM FRIJOL PANAMITO 1 KG;ING02501;PRE ELABORADO RAM FRIJOL PANAMITO SIN ADEREZO 1 KG;KG;1;BOLSA;7.600000;2020-07-31;ultimo precio SGP
PRD00656;PRE ELABORADO RAM (CONSERVA)FRIJOL PANAMITO SIN ADEREZO 1 KG;ING02501;PRE ELABORADO RAM FRIJOL PANAMITO SIN ADEREZO 1 KG;KG;1;BOLSA;8.583215;2025-07-10;ultimo precio SGP
PRD00598;PRE ELABORADO CONSERVA GARBANZO 1 KG OLIVEZA;ING02502;PRE ELABORADO RAM GARBANZO SIN ADEREZO;KG;1;BOLSA;8.200000;2025-12-07;ultimo precio SGP
PRD00603;PRE ELABORADO CONSERVA GARBANZO 1 KG OLIVEZA BOLSA;ING02502;PRE ELABORADO RAM GARBANZO SIN ADEREZO;KG;1;BOLSA;8.200000;2025-12-28;ultimo precio SGP
PRD00615;PRE ELABORADO RAM GARBANZO 1 KG;ING02502;PRE ELABORADO RAM GARBANZO SIN ADEREZO;KG;1;BOLSA;8.450000;2020-08-22;ultimo precio SGP
PRD00657;PRE ELABORADO RAM (CONSERVA)GARBANZO SIN ADEREZO 1 KG;ING02502;PRE ELABORADO RAM GARBANZO SIN ADEREZO;KG;1;BOLSA;7.860000;2026-10-01;inventario
PRD00614;PRE ELABORADO RAM LENTEJA 1 KG;ING02503;PRE ELABORADO RAM LENTEJA SIN ADEREZO 1 KG;KG;1;BOLSA;7.590000;2020-08-22;ultimo precio SGP
PRD00658;PRE ELABORADO RAM (CONSERVA) LENTEJA SIN ADEREZO 1 KG;ING02503;PRE ELABORADO RAM LENTEJA SIN ADEREZO 1 KG;KG;1;BOLSA;7.450000;2026-10-01;inventario
PRD01001;PURATOS TEGRAL CHIFFON 10 KG;ING02509;PREMEZCLA CHIFON;KG;10;BOLSA;64.930000;2018-12-20;ultimo precio SGP
PRD00954;PREMEZCLA INVENTIS BIZCOCHUELO TRES LECHES 5 KG;ING02510;PREMEZCLA INVENTIS BIZCOCHUELO TRES LECHES;KG;5;BOLSA;34.110000;2026-10-01;inventario
PRD00955;PREMEZCLA INVENTIS CHIFFON 5 KG;ING02511;PREMEZCLA INVENTIS CHIFFON;KG;5;BOLSA;31.170000;2026-09-02;ultimo precio SGP
PRD00907;PREMEZCLA INVENTIS PAN CIABATTA 10 KG;ING02513;PREMEZCLA INVENTIS PAN CIABATTA;KG;10;BOLSA;87.670000;2026-06-22;ultimo precio SGP
PRD00956;PREMEZCLA INVENTIS TORTA DE CHOCOLATE INTENSO 10 KG;ING02515;PREMEZCLA INVENTIS TORTA DE CHOCOLATE INTENSO;KG;10;SACO;67.700000;2026-10-01;inventario
PRD01018;MERENGUE EN POLVO X 5KG;ING02516;PREMEZCLA MERENGUE;KG;5;SACO;59.070000;2025-11-05;ultimo precio SGP
PRD01014;PURATOS T. TORTA DE CHOCOLATE X 10 KG;ING02518;PREMEZCLA TORTA DE CHOCOLATE;KG;10;SACO;73.910000;2018-12-20;ultimo precio SGP
PRD01013;DULCERIO TRES LECHES X 1 LT;ING02519;PREMEZCLA TRES LECHES;L;1;CAJA;19.340000;2026-03-05;ultimo precio SGP
PRD02392;PROTECTOR FACIAL WORK 0.4MM;ING02524;PROTECTOR FACIAL WORK;UND;1;UNIDAD;7.350028;2021-07-23;ultimo precio SGP
PRD00947;PUDIN DE CHOCOLATE UNIVERSAL 100 GR;ING02526;PUDIN CHOCOLATE INSTANTANEO;KG;0.1;BOLSA;2.140000;2026-10-01;inventario
PRD00969;PUDIN DE CHOCOLATE ROYAL 110 GR;ING02526;PUDIN CHOCOLATE INSTANTANEO;KG;0.11;BOLSA;2.060000;2024-05-05;ultimo precio SGP
PRD01868;PULPA DE ARANDANO CONGELADO;ING02538;PULPA DE ARANDANOS CONGELADO;KG;1;KILOGRAMO;9.301588;2026-10-01;inventario
PRD01207;PULPA DE MELON CONGELADO;ING02544;PULPA DE MELON;KG;1;KILOGRAMO;6.650000;2018-12-31;ultimo precio SGP
PRD01859;PULPA DE PALTA CONGELADO;ING02546;PULPA DE PALTA CONGELADA;KG;1;KILOGRAMO;12.950000;2025-11-14;ultimo precio SGP
PRD01296;PULVERIZADOR PLASTICO 750 ML;ING02551;PULVERIZADOR PLASTICO 750 ML;UND;1;UNIDAD;6.356000;2026-04-23;ultimo precio SGP
PRD02985;CAJA CHICA - PULVERIZADOR PLASTICO 750 ML;ING02551;PULVERIZADOR PLASTICO 750 ML;UND;1;UNIDAD;0.602000;2020-07-08;ultimo precio SGP
PRD00918;PURATOS EASY CIABATTA 10 KG;ING02553;PURATOS EASY CIABATA 10 KG;KG;10;BOLSA;122.210000;2018-12-20;ultimo precio SGP
PRD00902;PURATOS EASY PAN FIBRA 5 KG;ING02554;PURATOS EASY PAN DE FIBRA;KG;5;BOLSA;47.290000;2025-06-15;ultimo precio SGP
PRD00923;PURATOS EASY PAN SUAVE 10 KG;ING02554;PURATOS EASY PAN DE FIBRA;KG;10;BOLSA;48.780000;2018-12-20;ultimo precio SGP
PRD01043;PURATOS T. TORTA DE CHOCOLATE EXTREMO X 10 KG;ING02557;PURATOS T. TORTA DE CHOCOLATE EXTREMO;KG;10;SACO;99.098000;2022-02-05;ultimo precio SGP
PRD00588;PURÉ DE CAMOTE RAM 1 KG;ING02558;PURE DE CAMOTE;KG;1;BOLSA;9.690000;2022-12-29;ultimo precio SGP
PRD02223;PURE DE CAMOTE EMIC 1 KG;ING02559;PURE DE CAMOTE EMIC 1 KG;KG;1;BOLSA;7.020000;2019-12-19;ultimo precio SGP
PRD00653;PURÉ DE MANZANA RAM 5 KG;ING02560;PURE DE MANZANA;KG;5;BOLSA;30.590000;2019-12-08;ultimo precio SGP
PRD00261;PURE DE PAPAS KNORR 2 KG;ING02562;PURE DE PAPA DESHIDRATADA;KG;2;BOLSA;32.384912;2026-07-12;ultimo precio SGP
PRD00590;PURE DE PAPAS KNORR 2 KG- UNIDAD;ING02562;PURE DE PAPA DESHIDRATADA;KG;2;BOLSA;31.260000;2025-12-23;ultimo precio SGP
PRD00599;PURE DE PAPA AMARILLA MACROFOOD 1 KG;ING02562;PURE DE PAPA DESHIDRATADA;KG;1;BOLSA;16.100000;2026-09-02;ultimo precio SGP
PRD04020;CAJA CHICA - QUESO CREAM CHEESE DELICE CAJA 227 GR;ING02572;QUESO CREAM CHEESE DELICE CAJA 227 GR;UND;1;GRAMO;7.630000;2024-03-19;ultimo precio SGP
PRD00668;QUESO EDAM EN TAJADAS X 500 GR REFRIGERADO;ING02575;QUESO EDAM;KG;0.5;PAQUETE;11.840000;2020-07-21;ultimo precio SGP
PRD00669;QUESO EDAM EN TAJADAS X 500 GR CONGELADO;ING02575;QUESO EDAM;KG;0.5;PAQUETE;18.110000;2026-10-01;inventario
PRD01929;QUESO EDAM LAIVE 440 GR REFRIGERADO;ING02575;QUESO EDAM;KG;0.44;PAQUETE;19.120000;2026-06-11;ultimo precio SGP
PRD02153;QUESO EDAM EN TAJADAS LAIVE X 500 GR REFRIGERADO;ING02575;QUESO EDAM;KG;0.5;PAQUETE;15.660000;2020-07-01;ultimo precio SGP
PRD02138;QUESO EDAM LAMINADO LAIVE 500 GR REFRIGERADO;ING02576;QUESO EDAM (UND);UND;1;PAQUETE;19.123000;2025-08-01;ultimo precio SGP
PRD03215;CAJA CHICA - QUESO EDAM HUACARIZ KG;ING02577;QUESO EDAM HUACARIZ KG;KG;1;KILOGRAMO;4.240000;2024-03-19;ultimo precio SGP
PRD03474;CAJA CHICA - QUESO EDAM REFRIGERADO;ING02579;QUESO EDAM REFRIGERADO;KG;1;KILOGRAMO;4.660000;2024-03-19;ultimo precio SGP
PRD02133;QUESO FRESCO BONLE MOLDE REFRIGERADO KG;ING02582;QUESO FRESCO REFRIGERADO;KG;1;KILOGRAMO;22.400000;2026-03-28;ultimo precio SGP
PRD02141;QUESO FRESCO LAIVE MOLDE REFRIGERADO KG;ING02582;QUESO FRESCO REFRIGERADO;KG;1;KILOGRAMO;22.820000;2026-10-01;inventario
PRD02142;QUESO FRESCO DELICE KG;ING02582;QUESO FRESCO REFRIGERADO;KG;1;KILOGRAMO;22.890000;2023-09-17;ultimo precio SGP
PRD02151;QUESO FRESCO GLORIA MOLDE REFRIGERADO KG;ING02582;QUESO FRESCO REFRIGERADO;KG;1;KILOGRAMO;15.480000;2020-02-27;ultimo precio SGP
PRD02155;QUESO FRESCO LAIT'S REFRIGERADO KG;ING02582;QUESO FRESCO REFRIGERADO;KG;1;KILOGRAMO;22.900000;2021-10-16;ultimo precio SGP
PRD03635;CAJA CHICA - QUESO FRESCO;ING02582;QUESO FRESCO REFRIGERADO;KG;1;KILOGRAMO;10.000000;2023-02-26;ultimo precio SGP
PRD00667;QUESO MOZARELLA REFRIGERADO;ING02590;QUESO MOZARELLA;KG;1;KILOGRAMO;26.900000;2025-12-24;ultimo precio SGP
PRD00795;QUESO MOZARELLA CONGELADO;ING02590;QUESO MOZARELLA;KG;1;KILOGRAMO;28.049000;2025-08-10;ultimo precio SGP
PRD01928;QUESO MOZARELLA CONGELADO PREMIUM;ING02590;QUESO MOZARELLA;KG;1;KILOGRAMO;25.065000;2025-02-07;ultimo precio SGP
PRD02140;QUESO MOZARELLA MILKUNZ REFRIGERADO;ING02590;QUESO MOZARELLA;KG;1;KILOGRAMO;26.520000;2026-10-01;inventario
PRD02143;QUESO MOZARELLA LAIVE REFRIGERADO KG;ING02590;QUESO MOZARELLA;KG;1;KILOGRAMO;32.310000;2023-11-09;ultimo precio SGP
PRD02146;QUESO MOZARELLA RALLADO LA PAULINA REFRIGERADO 3 KG;ING02590;QUESO MOZARELLA;KG;3;PAQUETE;88.230000;2026-05-10;ultimo precio SGP
PRD03741;CAJA CHICA - QUESO PARIA BONLE X KG;ING02591;QUESO PARIA BONLE X KG;KG;1;KILOGRAMO;16.737000;2018-07-18;ultimo precio SGP
PRD02135;QUESO PARMESANO LAIVE 35 GR;ING02594;QUESO PARMESANO REFRIGERADO;KG;0.035;SACHET;2.339000;2019-11-06;ultimo precio SGP
PRD02149;QUESO PARMESANO RALLADO LA PAULINA (LACTAFOOD)REFRIGERADO 500 GR;ING02594;QUESO PARMESANO REFRIGERADO;KG;0.5;BOLSA;25.690000;2026-07-12;ultimo precio SGP
PRD00355;QUINUA KOMILON 5 KG;ING02598;QUINUA;KG;5;BOLSA;32.960000;2022-09-10;ultimo precio SGP
PRD00366;QUINUA KOMILON 500 GR;ING02598;QUINUA;KG;0.5;BOLSA;4.400000;2023-06-08;ultimo precio SGP
PRD00367;QUINUA CANTA CLARO 5 KG;ING02598;QUINUA;KG;5;BOLSA;60.984632;2026-10-01;inventario
PRD00387;QUINUA LA SERRANITA 5 KG;ING02598;QUINUA;KG;5;BOLSA;60.510000;2020-04-22;ultimo precio SGP
PRD00393;QUINUA VALLESOL 5 KG;ING02598;QUINUA;KG;5;BOLSA;31.130000;2018-08-19;ultimo precio SGP
PRD00084;QUINUA AVENA 3 OSITOS 170 GR;ING02599;QUINUA CON AVENA;KG;0.17;BOLSA;1.061000;2020-09-30;ultimo precio SGP
PRD03094;CAJA CHICA - QUINUA X 5KG;ING02600;QUINUA X 5KG;UND;1;BOLSA;8.305000;2019-07-16;ultimo precio SGP
PRD00434;RABANITO;ING02602;RABANITO;KG;1;KILOGRAMO;5.710000;2026-10-01;inventario
PRD04021;CAJA CHICA - RABANITO X KG;ING02603;RABANITO X KG;KG;1;KILOGRAMO;0.900000;2024-01-28;ultimo precio SGP
PRD01858;RAFIA ROLLO CONO;ING02604;RAFIA EN CONO;UND;1;UNIDAD;7.096000;2021-02-18;ultimo precio SGP
PRD01596;RECOGEDOR PLASTICO;ING02610;RECOGEDORES PLASTICO HUDE;UND;1;UNIDAD;3.510000;2020-09-06;ultimo precio SGP
PRD02896;CAJA CHICA - REPUESTO DE PULVERIZADOR (GATILLO);ING02618;REPUESTO DE PULVERIZADOR (GATILLO);UND;1;UNIDAD;4.890000;2020-07-08;ultimo precio SGP
PRD01795;RES - ASADO (OXAPAMPA);ING02628;RES - ASADO (OXAPAMPA);KG;1;KILOGRAMO;25.056000;2026-08-24;ultimo precio SGP
PRD01810;RES - ASADO;ING02630;RES - ASADO CONGELADO;KG;1;KILOGRAMO;25.384224;2025-10-10;ultimo precio SGP
PRD01824;RES - ASADO PL CONGELADO - KGM;ING02631;RES - ASADO PL CONGELADO;KG;1;KILOGRAMO;17.480000;2018-07-18;ultimo precio SGP
PRD01796;RES - BISTECK (OXAPAMPA);ING02635;RES - BISTECK;KG;1;KILOGRAMO;27.702826;2026-08-14;ultimo precio SGP
PRD01790;RES - BISTECK (DON GOYO);ING02636;RES - BISTECK CONGELADO;KG;1;KILOGRAMO;31.380000;2026-10-01;inventario
PRD01808;RES - BISTECK;ING02636;RES - BISTECK CONGELADO;KG;1;KILOGRAMO;27.999000;2025-12-07;ultimo precio SGP
PRD01822;RES - BISTECK PL CONGELADO - KGM;ING02636;RES - BISTECK CONGELADO;KG;1;KILOGRAMO;20.000000;2018-08-09;ultimo precio SGP
PRD01791;RES - GUISO CONGELADO (DON GOYO);ING02637;RES - GUISO CONGELADO;KG;1;KILOGRAMO;25.989990;2026-10-01;inventario
PRD01811;RES - GUISO EN CUBOS;ING02637;RES - GUISO CONGELADO;KG;1;KILOGRAMO;18.062026;2019-11-16;ultimo precio SGP
PRD01812;RES - GUISOS PICANTES;ING02637;RES - GUISO CONGELADO;KG;1;KILOGRAMO;16.681000;2019-11-07;ultimo precio SGP
PRD01820;RES - GUISO EN CUBOS PL CONGELADO - KGM;ING02637;RES - GUISO CONGELADO;KG;1;KILOGRAMO;16.820000;2018-10-07;ultimo precio SGP
PRD01832;RES - GUISO CONGELADO;ING02637;RES - GUISO CONGELADO;KG;1;KILOGRAMO;23.430514;2026-02-06;ultimo precio SGP
PRD01813;RES - MALAYA;ING02641;RES - MALAYA CONGELADO;KG;1;KILOGRAMO;22.687181;2026-02-06;ultimo precio SGP
PRD01818;RES - MALAYA (DON GOYO);ING02641;RES - MALAYA CONGELADO;KG;1;KILOGRAMO;24.290532;2026-10-01;inventario
PRD01815;RES - SOPAS C/HUESO;ING02645;RES - SOPAS C/HUESO CONGELADO;KG;1;KILOGRAMO;15.286000;2018-12-31;ultimo precio SGP
PRD01799;RES - SOPAS S/HUESO (OXAPAMPA);ING02646;RES - SOPAS C/HUESO PL CONGELADO;KG;1;KILOGRAMO;20.170000;2026-06-11;ultimo precio SGP
PRD01792;RES - SOPAS S/HUESO (DON GOYO);ING02647;RES - SOPAS S/HUESO CONGELADO;KG;1;KILOGRAMO;23.109871;2026-10-01;inventario
PRD01814;RES - SOPAS S/HUESO;ING02647;RES - SOPAS S/HUESO CONGELADO;KG;1;KILOGRAMO;20.059000;2026-02-06;ultimo precio SGP
PRD01821;RES - SOPAS S/HUESO PL CONGELADO - KGM;ING02647;RES - SOPAS S/HUESO CONGELADO;KG;1;KILOGRAMO;11.650000;2018-10-07;ultimo precio SGP
PRD01214;HAMBURGUESA DE RES CONGELADO;ING02670;RES HAMBURGUESA CONGELADO;KG;1;KILOGRAMO;12.280000;2020-11-27;ultimo precio SGP
PRD01215;HIGADO DE RES CONGELADO;ING02671;RES HIGADO CONGELADO;KG;1;KILOGRAMO;8.645233;2026-10-01;inventario
PRD01803;LOMO FINO SIN CORDON CONGELADO BRASILERO;ING02672;RES LOMO FINO CONGELADO IMPORTADO;KG;1;KILOGRAMO;71.994000;2026-10-01;inventario
PRD01229;PATA DE RES CONGELADO;ING02677;RES PATA CONGELADO;KG;1;KILOGRAMO;19.096000;2021-08-12;ultimo precio SGP
PRD00438;ROCOTO;ING02681;ROCOTO NORMAL;KG;1;KILOGRAMO;6.500000;2026-10-01;inventario
PRD02717;CAJA CHICA - ROCOTO;ING02681;ROCOTO NORMAL;KG;1;KILOGRAMO;10.000000;2026-08-11;ultimo precio SGP
PRD00463;ROCOTO P/ RELLENO;ING02682;ROCOTO PARA RELLENO;UND;1;UNIDAD;1.800000;2026-09-03;ultimo precio SGP
PRD00886;ROMERO TIPO PIZZA 4 ESTACIONES 250 GR;ING02684;ROMERO;KG;0.25;BOLSA;10.000000;2026-10-01;inventario
PRD03128;CAJA CHICA - ROSCA CON OREGANO;ING02688;ROSCA CON OREGANO;UND;1;UNIDAD;0.650000;2025-01-21;ultimo precio SGP
PRD00153;SAL DE MESA (MARINA) EMSAL 1 KG;ING02702;SAL DE COCINA;KG;1;BOLSA;1.350000;2023-03-07;ultimo precio SGP
PRD00839;SAL DE MESA MARINA 1 KG;ING02702;SAL DE COCINA;KG;1;BOLSA;1.280000;2020-09-30;ultimo precio SGP
PRD00842;SAL DE COCINA SALINA 1 KG;ING02702;SAL DE COCINA;KG;1;BOLSA;1.039392;2023-07-05;ultimo precio SGP
PRD00843;SAL DE MESA JJD´MAR 1 KG;ING02702;SAL DE COCINA;KG;1;BOLSA;1.070000;2024-12-01;ultimo precio SGP
PRD00847;SAL DE COCINA JJD'MAR 1 KG;ING02702;SAL DE COCINA;KG;1;BOLSA;1.070000;2025-06-15;ultimo precio SGP
PRD00852;SAL LOPESA 1 KG;ING02702;SAL DE COCINA;KG;1;BOLSA;0.848000;2026-10-01;inventario
PRD00891;SAL FINA LOBOS 1 KG;ING02702;SAL DE COCINA;KG;1;BOLSA;0.930000;2022-02-05;ultimo precio SGP
PRD00165;SAL PERSONAL SODEXO (0.5GR) 1 MILLAR;ING02705;SAL PERSONAL SODEXO (0.5 GR);UND;1000;PAQUETE;17.500000;2026-10-01;inventario
PRD00799;SALCHICHA HUACHO CONGELADO KG;ING02709;SALCHICHA DE HUACHO CONGELADO;KG;1;KILOGRAMO;17.578000;2026-10-01;inventario
PRD01849;HOT DOG CONGELADO KG;ING02711;SALCHICHA HOT DOG CONGELADO;KG;1;KILOGRAMO;10.216000;2026-10-01;inventario
PRD01853;HOT DOG CONGELADO KG - BRAEDT;ING02711;SALCHICHA HOT DOG CONGELADO;KG;1;KILOGRAMO;8.890000;2021-05-22;ultimo precio SGP
PRD02204;SALSA AJI PARRILLERO EMIC 1 KG;ING02715;SALSA AJI PARRILLERO EMIC 1 KG;KG;1;BOLSA;10.000000;2026-10-01;inventario
PRD00158;SALSA BARBECUE BBQ ORIGINAL HUNT 510 ML;ING02717;SALSA BBQ;L;0.51;FRASCO;7.816000;2019-11-07;ultimo precio SGP
PRD01097;SALSA BBQ LUREN 510 GRM;ING02718;SALSA BBQ (KG);KG;0.51;FRASCO;6.900000;2021-01-29;ultimo precio SGP
PRD00648;SALSA BLANCA EMIC 1 KG;ING02722;SALSA BLANCA;KG;1;BOLSA;10.500000;2026-10-01;inventario
PRD00127;SALSA DE AJI CASERO TRESA 5 GR;ING02730;SALSA DE AJI CASERO 10 GR;UND;1;SACHET;0.088000;2022-11-07;ultimo precio SGP
PRD01055;SALSA DE AJI CASERO TRESA 8/10 GR;ING02730;SALSA DE AJI CASERO 10 GR;UND;1;SACHET;0.089000;2026-10-01;inventario
PRD01078;SALSA DE AJI SODEXO 5 GR;ING02733;SALSA DE AJI SACHET;UND;1;SACHET;0.129000;2019-04-06;ultimo precio SGP
PRD01074;SALSA DE AJI TARI 10/8 GR;ING02735;SALSA DE AJI TARI 10 GR;UND;1;SACHET;0.309000;2022-04-07;ultimo precio SGP
PRD01079;SALSA DE ROCOTO SODEXO 5 GR;ING02742;SALSA DE ROCOTO SACHET;UND;1;SACHET;0.129000;2019-03-20;ultimo precio SGP
PRD00154;SALSA INGLESA LEA PEARRINS 290 ML;ING02748;SALSA INGLESA (L);L;0.29;FRASCO;9.680000;2018-08-19;ultimo precio SGP
PRD01098;SALSA INGLESA LUREN 295 ML;ING02748;SALSA INGLESA (L);L;0.295;FRASCO;5.600000;2019-12-19;ultimo precio SGP
PRD01099;SALSA INGLESA LUREN 295 ML PET;ING02748;SALSA INGLESA (L);L;0.295;BOTELLA;5.600000;2025-01-08;ultimo precio SGP
PRD02205;SALSA MAYONESA ACEVICHADA EMIC 1 KG;ING02750;SALSA MAYONESA ACEVICHADA;KG;1;BOLSA;12.800000;2026-10-01;inventario
PRD00166;SALSA MENSI KIKKO 350 ML PET;ING02751;SALSA MENSI (L);L;0.35;BOTELLA;6.591759;2024-03-03;ultimo precio SGP
PRD01059;SALSA OSTION HADAY X 260 ML;ING02753;SALSA OSTION;L;0.26;FRASCO;5.083000;2025-11-28;ultimo precio SGP
PRD01060;SALSA OSTION HADAY X 260 ML - UNIDAD;ING02753;SALSA OSTION;L;0.26;FRASCO;5.083000;2026-10-01;inventario
PRD01062;SALSA OSTION JADE BRIDGE 250 ML;ING02753;SALSA OSTION;L;0.25;FRASCO;6.550000;2024-09-09;ultimo precio SGP
PRD00157;SALSA OSTION LEE KUN KEE 510/480 GR;ING02754;SALSA OSTION (KG);KG;0.48;FRASCO;25.571176;2023-08-16;ultimo precio SGP
PRD00647;SALSA PESTO (VERDE) EMIC 1 KG;ING02759;SALSA PESTO EMIC;KG;1;BOLSA;13.000000;2026-10-01;inventario
PRD01092;SALSA POMODORO EMIC 1 KG;ING02761;SALSA POMODORO;KG;1;BOLSA;10.500000;2019-12-19;ultimo precio SGP
PRD00138;SALSA SILLAU TRESA 4 LT;ING02763;SALSA SILLAO;L;4;GALON;11.000000;2021-10-01;ultimo precio SGP
PRD01051;SALSA SILLAU TRESA 3.8 LT;ING02763;SALSA SILLAO;L;3.8;GALON;10.500000;2025-11-02;ultimo precio SGP
PRD01063;SALSA SILLAO LOPESA 5 LT;ING02763;SALSA SILLAO;L;5;GALON;19.070000;2026-10-01;inventario
PRD00155;SALSA TAUSI LEE KUN KEE 368 GR;ING02774;SALSA TAUSI (AJOS Y FREJOLES NEGROS);KG;0.368;FRASCO;12.160000;2018-09-05;ultimo precio SGP
PRD00245;SALVADO DE TRIGO KUMARA 5 KG;ING02780;SALVADO DE TRIGO;KG;5;BOLSA;40.000000;2026-05-27;ultimo precio SGP
PRD00569;SANDIA;ING02785;SANDIA;KG;1;KILOGRAMO;3.030000;2026-10-01;inventario
PRD02498;SANIT-OX FP SPARTAN 5 LITROS;ING02789;SANIT - OX FP SPARTAN - DESINFECTANTE ALIME Y SUPE;L;5;UNIDAD;167.590000;2026-10-01;inventario
PRD01435;SANIT 10 GARRAFA- 5 LITROS SPARTAN;ING02790;SANIT 10 GARRAFA;L;5;UNIDAD;83.330000;2026-10-01;inventario
PRD01599;SECADOR DE TELA;ING02793;SECADOR DE TELA;UND;1;UNIDAD;4.950000;2020-12-19;ultimo precio SGP
PRD00209;SEMOLA BENOTI 25 KG;ING02794;SEMOLA;KG;25;BOLSA;116.530000;2025-12-24;ultimo precio SGP
PRD00211;SEMOLA NICOLINI 10 KG;ING02794;SEMOLA;KG;10;BOLSA;32.725000;2020-04-08;ultimo precio SGP
PRD00246;SEMOLA MOLITALIA 25 KG;ING02794;SEMOLA;KG;25;BOLSA;108.590000;2026-04-09;ultimo precio SGP
PRD03095;CAJA CHICA - SEMOLA SAYON KG;ING02796;SEMOLA SAYON KG;KG;1;KILOGRAMO;2.797000;2019-05-29;ultimo precio SGP
PRD01331;SERVILLETA AIRFLEX 200 HOJAS (30209703);ING02799;SERVILLETA AIRFLEX 200 HOJAS;UND;200;UNIDAD;4.240000;2019-02-06;ultimo precio SGP
PRD01332;SERVILLETA ELITE ECOLOGICA 33 X 22.5 100 UND;ING02803;SERVILLETA ELITE ECOLOGICA 33 X 22.5 100 UNID;UND;100;PAQUETE;4.223000;2025-04-23;ultimo precio SGP
PRD01330;SERVILLETA POP UP AIRFLEX SCOTT 120 UND ( 30209601 );ING02805;SERVILLETA POP UP AIRFLEX SCOTT;UND;120;UNIDAD;1.060000;2026-10-01;inventario
PRD01329;SERVILLETA TESS 6 UND DE 400 HOJAS;ING02806;SERVILLETA TESS 6 UND DE 400 HOJAS;UND;1;PAQUETE;18.893000;2021-11-27;ultimo precio SGP
PRD03735;CAJA CHICA - SERVILLETAS DOBLADAS X 50 UND;ING02807;SERVILLETAS DOBLADAS X 50 UND;UND;1;PAQUETE;2.627000;2021-02-25;ultimo precio SGP
PRD02070;SHAMPOO H&S 180 ML;ING02810;SHAMPOO 200 ML H&S;UND;1;FRASCO;12.390000;2019-02-13;ultimo precio SGP
PRD02685;SHAMPOO PANTENE 18 ML;ING02817;SHAMPOO PANTENE 18 ML;UND;1;SACHET;1.119511;2023-10-19;ultimo precio SGP
PRD03717;CAJA CHICA - SILICONA CRISTAL 3.8 LT;ING02826;SILICONA CRISTAL 3.8 LT;UND;1;GALON;4.780000;2020-07-10;ultimo precio SGP
PRD00481;SIROPE DE MAPLE LAIVE 355 ML;ING02831;SIROPE DE MAPLE LAIVE 355 ML;L;0.355;FRASCO;5.090000;2026-02-16;ultimo precio SGP
PRD01971;SIU MAI DE CERDO 20 GR CONGELADO;ING02832;SIU MAI DE CERDO 25 G CONGELADO;UND;1;UNIDAD;0.420000;2020-07-21;ultimo precio SGP
PRD01140;PIQUEO SNACK FRITO LAY 190 GR;ING02838;SNACK FRITO LAY;UND;1;BOLSA;5.516000;2025-12-24;ultimo precio SGP
PRD02497;SPARCLEAN CHLORINATED DETERGENT SPARTAN 5 LITROS;ING02859;SPARCLEAN CHLORINATED DETERGENT SPARTAN - LAVAVAJI;L;5;UNIDAD;149.710000;2025-01-13;ultimo precio SGP
PRD02508;SPARCLEAN CHLORINATED DETERGENT SPARTAN 19 LITROS;ING02859;SPARCLEAN CHLORINATED DETERGENT SPARTAN - LAVAVAJI;L;19;BIDON;304.870000;2024-04-25;ultimo precio SGP
PRD02507;SPARCLEAN RINSE AID II SPARTAN 19 LITROS;ING02860;SPARCLEAN RINSE AID II SPARTAN - SECANTE DE VAJILL;L;19;BIDON;316.650000;2024-01-24;ultimo precio SGP
PRD01455;SPARCLEAN RINSE AID II SPARTAN 5 LT;ING02861;SPARCLEAN RINSE AID II SPARTAN 5 LT;UND;1;UNIDAD;104.950000;2024-01-24;ultimo precio SGP
PRD02496;SPARCLEAN RINSE AID II SPARTAN 5 LITROS;ING02862;SPARCLEAN RINSE AID II SPARTAN 5 LT (L);L;5;UNIDAD;148.680000;2025-01-13;ultimo precio SGP
PRD02314;"STRECH FILM NO ALIMENTARIO PARA EMBALAJE TRANSPARENTE ROLLO 20"" 1.5 KG";ING02872;"STRECH FILM TRANSPARENTE ANTALIS ROLL 20""300MT (NA";UND;1;ROLLO;23.490628;2026-10-01;inventario
PRD02315;"STRECH FILM NO ALIMENTARIO PARA EMBALAJE TRANSPARENTE ANTALIS ROLLO 20"" 1.5KG";ING02872;"STRECH FILM TRANSPARENTE ANTALIS ROLL 20""300MT (NA";UND;1;ROLLO;26.500000;2025-10-09;ultimo precio SGP
PRD00311;CHOCOLATE STICK SUBLIME 14 GR;ING02876;SUBLIME STICK 16 GR;UND;1;UNIDAD;0.686000;2019-08-03;ultimo precio SGP
PRD02675;SUJETADOR PARA MASCARILLAS;ING02877;SUJETADOR PARA MASCARILLAS;UND;1;UNIDAD;0.830000;2021-07-23;ultimo precio SGP
PRD01454;SUPERCLEAN FP GARRAFA - 5 LITROS - SPARTAN;ING02881;SUPERCLEAN FP SPARTAN - DESENGRASANTE;L;5;UNIDAD;164.170000;2026-01-17;ultimo precio SGP
PRD00759;TALCO PARA PIES REXONA 200 GR;ING02883;TALCO PARA PIES REXONA 200 ML;UND;1;FRASCO;13.050000;2025-02-02;ultimo precio SGP
PRD00626;TAMAL CRIOLLO 180 G RAM;ING02884;TAMAL DE POLLO;UND;1;SACHET;3.410000;2026-09-17;ultimo precio SGP
PRD00628;TAMAL DE MAIZ 150 GR;ING02884;TAMAL DE POLLO;UND;1;PAQUETE;2.482000;2026-10-01;inventario
PRD02207;TAMAL DE MAIZ 230 GR;ING02884;TAMAL DE POLLO;UND;1;LATA;5.200000;2022-04-11;ultimo precio SGP
PRD02305;TAPA ENVASE DESCARTABLE F5 16 OZ 250 UND TRANSPARENTE/ NEGRO;ING02893;TAPA ENVASE DESCARTABLE F5 16 OZ TRANSPARENTE/NE;UND;250;PAQUETE;60.879000;2024-10-21;ultimo precio SGP
PRD02307;TAPA ENVASE DESCARTABLE F5 32 OZ 200 UND TRANSPARENTE/NEGRO;ING02894;TAPA ENVASE DESCARTABLE F5 32 OZ TRANSPARENTE/NE;UND;200;PAQUETE;72.174000;2024-10-30;ultimo precio SGP
PRD02309;TAPA ENVASE DESCARTABLE REDONDO 1000 CC / 500CC 500 UND;ING02895;TAPA ENVASE DESCARTABLE REDONDO 1000 CC/500 CC;UND;1000;PAQUETE;71.120000;2024-05-23;ultimo precio SGP
PRD02312;TAPA ENVASE DESCARTABLE REDONDO 8 OZ 500 UND;ING02896;TAPA ENVASE DESCARTABLE REDONDO 8 OZ;UND;500;PAQUETE;49.460000;2024-05-23;ultimo precio SGP
PRD02626;TAPA PARA ENVASE DESCARTABLE CIRCULAR PS BLANCO 0.5 - 1 LT ALFA X 200 UND;ING02898;TAPA P/ENVASE DESCARTABLE CIRCULAR PP BLAN 0.5-1LT;UND;200;PAQUETE;24.631000;2026-10-01;inventario
PRD02624;TAPA PARA ENVASE DESCARTABLE CIRCULAR PP TRANSPARENTE 0.5-1 LT ALFA X 200 UND;ING02899;TAPA P/ENVASE DESCARTABLE CIRCULAR PP TRAN 0.5-1LT;UND;200;PAQUETE;24.631000;2026-10-01;inventario
PRD02625;TAPA PARA ENVASE DESCARTABLE CIRCULAR PP TRANSPARENTE 8 OZ X 400 UND;ING02900;TAPA P/ENVASE DESCARTABLE CIRCULAR PP TRAN 8 OZ;UND;400;PAQUETE;40.263000;2026-10-01;inventario
PRD02627;TAPA PARA ENVASE DESCARTABLE RECTANGULAR TRANSPARENTE PP 0.5 LT ALFA X 200 UND;ING02901;TAPA P/ENVASE DESCARTABLE RECTANG TRANSP PP 0.5 LT;UND;200;PAQUETE;35.443000;2026-10-01;inventario
PRD02628;TAPA PARA ENVASE DESCARTABLE RECTANGULAR TRANSPARENTE PP 1 LT ALFA X 200 UND;ING02902;TAPA P/ENVASE DESCARTABLE RECTANG TRANSP PP 1 LT;UND;200;PAQUETE;37.797000;2026-10-01;inventario
PRD02633;TAPA PET PARA ENVASE SALAD BOWL DE BAMBU 1000 ML X 600 UND;ING02910;TAPA PET PARA ENVASE SALAD BOWL DE BAMBU 1000 ML;UND;600;PAQUETE;193.898000;2026-10-01;inventario
PRD02404;TAPA PARA VASO POLIPAPEL 8 OZ C/DISEÑO BEBIDAS CALIENTES X MILLAR;ING02919;TAPA VASO POLIPAPEL 8 OZ DISEÑO BEBIDAS CALIENTES;UND;1000;PAQUETE;118.770000;2024-09-29;ultimo precio SGP
PRD00506;INFUSION TE BOLDO DEL VALLE 100 SOBRES;ING02930;TE BOLDO SOBRECITO;UND;100;CAJA;6.230000;2026-10-01;inventario
PRD00503;INFUSION TE CANELA Y CLAVO DEL VALLE 100 SOBRES;ING02931;TE CANELA Y CLAVO SOBRECITO;UND;100;CAJA;5.150000;2026-10-01;inventario
PRD00504;INFUSION TE PURO DEL VALLE 100 SOBRES;ING02933;TE ROJO SOBRECITO;UND;100;CAJA;5.150000;2026-10-01;inventario
PRD02280;TENEDOR BLANCO DE PLASTICO DESCARTABLE D81110001 50 UND;ING02937;TENEDOR PARA SEGUNDO BLANCO DE PLASTICO DESCARTABL;UND;100;PAQUETE;7.950000;2024-03-22;ultimo precio SGP
PRD02286;TENEDOR ACRILICO DESCARTABLE 50 UND;ING02937;TENEDOR PARA SEGUNDO BLANCO DE PLASTICO DESCARTABL;UND;50;PAQUETE;4.880000;2026-10-01;inventario
PRD00411;TENEDOR ACRILICO DESCARTABLE 100 UND;ING02940;TENEDORES PARA SEGUNDO;UND;100;PAQUETE;11.997000;2026-02-12;ultimo precio SGP
PRD01972;TEQUEÑOS DE LOMITO 20 GR CONGELADO;ING02941;TEQUEÑOS DE LOMITO 20 G CONGELADO;UND;1;UNIDAD;0.393000;2026-10-01;inventario
PRD02693;"TIJERA GRANDE ARTESCO 8""";ING02943;"TIJERA GRANDE ARTESCO 8""";UND;1;UNIDAD;4.041000;2026-06-12;ultimo precio SGP
PRD02656;TOCA TIPO MEDIA CAMPANA 12 GR ISUD X100UND;ING02951;TOCA TIPO MEDIA CAMPANA X 100UND;UND;100;PAQUETE;42.950000;2026-10-01;inventario
PRD02343;TOCA TIPO TIRA (CAJA X 100 UND);ING02952;TOCA TIPO TIRA (CAJA X 100 UND);UND;100;CAJA;15.550000;2020-05-24;ultimo precio SGP
PRD02344;TOCA TIPO TIRA DESCARTABLE BLANCA R&G CAJA X 100 UND;ING02952;TOCA TIPO TIRA (CAJA X 100 UND);UND;100;CAJA;14.830000;2025-12-07;ultimo precio SGP
PRD02657;TOCA SOFT BLANCA ISUD 12 GR DOS LIGAS X100UND;ING02952;TOCA TIPO TIRA (CAJA X 100 UND);UND;100;PAQUETE;6.410000;2026-10-01;inventario
PRD00797;TOCINO AHUMADO CONGELADO KG;ING02954;TOCINO AHUMADO CONGELADO;KG;1;KILOGRAMO;22.310000;2026-10-01;inventario
PRD03634;CAJA CHICA - TOMATE;ING02965;TOMATE;KG;1;KILOGRAMO;3.250000;2022-02-24;ultimo precio SGP
PRD00435;TOMATE;ING02966;TOMATE CRIOLLO;KG;1;KILOGRAMO;4.300000;2026-10-01;inventario
PRD00887;TOMILLO TIPO PIZZA 4 ESTACIONES 250 GR;ING02967;TOMILLO;KG;0.25;BOLSA;12.000000;2026-07-12;ultimo precio SGP
PRD00674;TORTILLA PARA TACOS BIMBO X 12 UNIDS MEDIANO (RAPIDITAS);ING02982;TORTILLAS DE TACO X 12 UND MEDIANO;UND;12;BOLSA;5.760000;2026-02-24;ultimo precio SGP
PRD02990;CAJA CHICA - TRAPEADOR C/BASE PLASTICO DARITZ;ING02985;TRAPEADOR C/BASE PLASTICO DARITZ;UND;1;UNIDAD;7.118500;2020-07-10;ultimo precio SGP
PRD00025;TRIGO PELADO EL PLEBEYO 5 KG;ING02993;TRIGO PELADO;KG;5;BOLSA;17.533000;2018-07-01;ultimo precio SGP
PRD00301;TRIGO PELADO CANTA CLARO 5 KG - UNIDAD;ING02993;TRIGO PELADO;KG;5;BOLSA;27.120000;2025-12-23;ultimo precio SGP
PRD00356;TRIGO MOTE KOMILON 5 KG;ING02993;TRIGO PELADO;KG;5;BOLSA;18.871600;2022-02-18;ultimo precio SGP
PRD00369;TRIGO MOTE CANTA CLARO 5 KG;ING02993;TRIGO PELADO;KG;5;BOLSA;23.730000;2025-04-03;ultimo precio SGP
PRD00381;TRIGO PELADO CANTA CLARO 5 KG;ING02993;TRIGO PELADO;KG;5;BOLSA;29.942685;2026-10-01;inventario
PRD00386;TRIGO MOTE LA SERRANITA 5 KG;ING02993;TRIGO PELADO;KG;5;BOLSA;17.734757;2019-04-20;ultimo precio SGP
PRD00394;TRIGO MOTE VALLESOL 5 KG;ING02993;TRIGO PELADO;KG;5;BOLSA;18.640000;2018-10-18;ultimo precio SGP
PRD00395;TRIGO PELADO VALLESOL 5 KG;ING02993;TRIGO PELADO;KG;5;BOLSA;17.310000;2018-09-24;ultimo precio SGP
PRD01742;TRUCHA SIN CABEZA EVISCERADA CONGELADA 100 - 500 GR;ING02996;TRUCHA ENTERA EVISCERADA CONGELADA 100 - 170 GR;KG;1;KILOGRAMO;19.000000;2021-10-08;ultimo precio SGP
PRD01746;TRUCHA ENTERA EVISCERADA CONGELADA 100 - 400 GR;ING02997;TRUCHA ENTERA EVISCERADA CONGELADA 100 - 400 GR;KG;1;KILOGRAMO;25.400000;2026-10-01;inventario
PRD00585;TUNAS;ING02998;TUNA ROJA;KG;1;KILOGRAMO;5.000000;2026-10-01;inventario
PRD02060;UVA VERDE;ING03007;UVA ITALIA;KG;1;KILOGRAMO;9.800000;2026-01-01;ultimo precio SGP
PRD00570;UVA NEGRA;ING03009;UVA NEGRA;KG;1;KILOGRAMO;7.740000;2026-10-01;inventario
PRD00577;UVA RED GLOBE;ING03010;UVA RED GLOBE;KG;1;KILOGRAMO;5.900000;2019-02-11;ultimo precio SGP
PRD00507;INFUSION UÑA DE GATO DEL VALLE 100 SOBRES;ING03013;UÑA DE GATO SOBRECITO;UND;100;CAJA;6.230000;2026-10-01;inventario
PRD00448;VAINITA FRESCA;ING03014;VAINITA REFRIGERADO / CONGELADO;KG;1;KILOGRAMO;6.220000;2026-02-16;ultimo precio SGP
PRD01199;VAINITA EN TROZOS CONGELADA;ING03014;VAINITA REFRIGERADO / CONGELADO;KG;1;KILOGRAMO;6.355828;2026-10-01;inventario
PRD04086;CAJA CHICA - VAINITA FRESCA;ING03014;VAINITA REFRIGERADO / CONGELADO;KG;1;KILOGRAMO;6.000000;2022-02-24;ultimo precio SGP
PRD02326;VASO DESCARTABLE PLASTICO 5 OZ MILLAR;ING03020;VASO DESCARTABLE POLIPAPEL;UND;1000;PAQUETE;46.400000;2022-10-06;ultimo precio SGP
PRD02333;VASO DESCARTABLE POLIPAPEL BLANCO 8 OZ MILLAR;ING03020;VASO DESCARTABLE POLIPAPEL;UND;1000;PAQUETE;287.650000;2024-09-08;ultimo precio SGP
PRD02646;VASO POLIPAPEL BLANCO 8 OZ MILLAR;ING03020;VASO DESCARTABLE POLIPAPEL;UND;1000;PAQUETE;171.751000;2026-10-01;inventario
PRD02647;VASO POLIPAPEL DISEÑO BEBIDAS CALIENTES 8 OZ MILLAR;ING03020;VASO DESCARTABLE POLIPAPEL;UND;1000;PAQUETE;153.672000;2026-10-01;inventario
PRD02403;VASO POLIPAPEL 8 OZ C/DISEÑO BEBIDAS CALIENTES X MILLAR;ING03027;VASO POLIPAPEL 8 OZ DISEÑO BEBIDAS CALIENTES;UND;1000;PAQUETE;255.597082;2024-08-18;ultimo precio SGP
PRD01090;VINAGRE BALSAMICO LUREN 5 LT PET;ING03037;VINAGRE BALSAMICO;L;5;BIDON;24.956000;2021-09-07;ultimo precio SGP
PRD00151;VINAGRE BLANCO TRESA 4 LT;ING03041;VINAGRE BLANCO;L;4;GALON;7.851701;2021-09-15;ultimo precio SGP
PRD01052;VINAGRE BLANCO TRESA 3.8 LT;ING03041;VINAGRE BLANCO;L;3.8;GALON;8.900000;2026-10-01;inventario
PRD01047;VINAGRE BLANCO FANNY 500 ML;ING03042;VINAGRE BLANCO FANNY;L;0.5;BOTELLA;1.513000;2020-08-13;ultimo precio SGP
PRD01091;VINAGRE DE MANZANA OLIVOS DEL SUR 4 LT PET;ING03046;VINAGRE DE MANZANA;L;4;BOTELLA;38.730000;2024-10-21;ultimo precio SGP
PRD00152;VINAGRE TINTO TRESA 4 LT;ING03047;VINAGRE TINTO;L;4;GALON;7.977379;2021-09-15;ultimo precio SGP
PRD01046;VINAGRE TINTO FANNY 500 ML;ING03047;VINAGRE TINTO;L;0.5;BOTELLA;1.513000;2020-08-13;ultimo precio SGP
PRD01053;VINAGRE TINTO TRESA 3.8 LT;ING03047;VINAGRE TINTO;L;3.8;GALON;8.900000;2026-10-01;inventario
PRD00681;WAFER CHOCOLATE COSTA NIK 27 GR;ING03057;WAFER CHOCOLATE COSTA NIK 27 GR;UND;1;PAQUETE;0.452000;2026-08-03;ultimo precio SGP
PRD01973;WANTAN ARMADO CON RELLENO SIU MAI CERDO 17 GR CONGELADO;ING03062;WANTAN CON RELLENO SIU MAI CERDO 17 G CONGELADO;UND;1;UNIDAD;0.250000;2021-11-05;ultimo precio SGP
PRD02524;WHITE CLEAN PLUS FP SPARTAN 5 LITROS;ING03065;WHITE CLEAN PLUS FP SPARTAN - DETERGENTE NEUTRO;L;5;UNIDAD;152.040000;2026-10-01;inventario
PRD02488;XTREME CLEAN SPARTAN 3.875 LITROS;ING03066;XTREME CLEAN SPARTAN - REMOVEDOR DE GRASA;L;3.875;GALON;89.110000;2024-07-06;ultimo precio SGP
PRD02495;XTREME CLEAN SPARTAN 5 LITROS;ING03066;XTREME CLEAN SPARTAN - REMOVEDOR DE GRASA;L;5;UNIDAD;146.250000;2025-11-07;ultimo precio SGP
PRD02506;XTREME CLEAN SPARTAN 19 LITROS;ING03066;XTREME CLEAN SPARTAN - REMOVEDOR DE GRASA;L;19;BIDON;433.330000;2024-04-25;ultimo precio SGP
PRD02173;YOGURT DE FRESA GLORIA 180 ML (EMER);ING03071;YOGURT 180 ML;UND;1;BOTELLA;1.670000;2026-05-10;ultimo precio SGP
PRD02161;YOGURT DE FRESA GLORIA 500 ML;ING03114;YOGURT X 500 ML;UND;1;BOTELLA;2.733000;2026-10-01;inventario
PRD02162;YOGURT DE DURAZNO GLORIA 500 ML;ING03114;YOGURT X 500 ML;UND;1;BOTELLA;1.818000;2022-02-15;ultimo precio SGP
PRD02184;YOGURT DE VAINILLA FRANCESA GLORIA 500 ML;ING03114;YOGURT X 500 ML;UND;1;BOTELLA;2.733000;2026-10-01;inventario
PRD03970;CAJA CHICA - YOGURT GLORIA X 500 ML;ING03114;YOGURT X 500 ML;UND;1;UNIDAD;3.220000;2023-03-08;ultimo precio SGP
PRD00451;YUCA;ING03116;YUCA AMARILLA;KG;1;KILOGRAMO;2.710000;2018-12-20;ultimo precio SGP
PRD01200;YUCA CONGELADA;ING03117;YUCA AMARILLA CONGELADO;KG;1;KILOGRAMO;7.464496;2026-10-01;inventario
PRD01861;YUCA PARA GUARNICION LIBER CONGELADOS;ING03123;YUCA TROZADA CONGELADA;KG;1;KILOGRAMO;6.100000;2018-11-08;ultimo precio SGP
PRD00436;ZANAHORIA;ING03124;ZANAHORIA;KG;1;KILOGRAMO;2.500000;2026-10-01;inventario
PRD03211;CAJA CHICA - ZANAHORIA BB;ING03125;ZANAHORIA BB;KG;1;KILOGRAMO;3.000000;2026-04-14;ultimo precio SGP
PRD00437;ZAPALLITO ITALIANO;ING03130;ZAPALLO ITALIANO;KG;1;KILOGRAMO;4.840000;2026-10-01;inventario
PRD00453;ZAPALLO MACRE;ING03131;ZAPALLO MACRE;KG;1;KILOGRAMO;2.500000;2026-10-01;inventario
PRD02727;CAJA CHICA - ZAPALLO MACRE;ING03131;ZAPALLO MACRE;KG;1;KILOGRAMO;4.200000;2023-02-26;ultimo precio SGP
PRD02071;ZAPALLO MACRE EN CUBO LIBER 1.5 X 1.5 CM CONGELADO;ING03132;ZAPALLO MACRE CONGELADO;KG;1;KILOGRAMO;7.843269;2026-10-01;inventario
PRD01862;ZUMO DE LIMON CONGELADO;ING03133;ZUMO DE LIMON CONGELADO;KG;1;KILOGRAMO;8.690726;2026-10-01;inventario
