variante_codigo;descripcion_comercial;producto_codigo;producto_descripcion;motivo
PRD00011;ACEITE AJONJOLI OLIVOS DEL SUR 220 ML PET;ING00005;ACEITE DE AJONJOLI;con stock en el inventario inicial
PRD00016;ACEITE DE OLIVA VIRGEN OLIVEZA 4 LT;ING00007;ACEITE DE OLIVA;compra mas reciente en el SGP (2025-11-23)
PRD00010;ACEITE VEGETAL CIELO 5 LT;ING00011;ACEITE VEGETAL;con stock en el inventario inicial
PRD02702;CAJA CHICA - ACEITE VEGETAL CIL X 5 LT;ING00012;ACEITE VEGETAL (UND);compra mas reciente en el SGP (2018-07-16)
PRD03588;CAJA CHICA - ACEITE VEGETAL LT;ING00014;ACEITE VEGETAL LT;compra mas reciente en el SGP (2020-07-19)
PRD02189;ACEITUNA NEGRA RODAJA;ING00015;ACEITUNA NEGRA EN RODAJA;con stock en el inventario inicial
PRD03240;CAJA CHICA - ACEITUNA POTE 250 GR;ING00016;ACEITUNA POTE 250 GR;compra mas reciente en el SGP (2024-11-27)
PRD02190;ACEITUNA VERDE RODAJA;ING00018;ACEITUNA VERDE EN RODAJA;compra mas reciente en el SGP (2026-08-24)
PRD02430;ACELGA;ING00019;ACELGA;compra mas reciente en el SGP (2026-09-13)
PRD01306;AGUA SAN LUIS SIN GAS 2.5 LT;ING00027;AGUA SAN LUIS SIN GAS 2.5 LT;compra mas reciente en el SGP (2023-03-10)
PRD01305;AGUA SAN LUIS DESCARTABLE BIB 20 LT;ING00028;AGUA SAN LUIS SIN GAS 20 LT;compra mas reciente en el SGP (2018-10-29)
PRD01486;AGUA SAN LUIS SIN GAS 750 ML;ING00031;AGUA SAN LUIS SIN GAS 750 ML;con stock en el inventario inicial
PRD01490;AGUA VIDA DESCARTABLE BIB 20 LT;ING00033;AGUA VIDA DESCARTABLE BIB 20 LT;compra mas reciente en el SGP (2021-06-10)
PRD03030;CAJA CHICA - AGUA VIDA X 20 LT;ING00034;AGUA VIDA X 20 LT;compra mas reciente en el SGP (2019-11-12)
PRD00442;AJI AMARILLO X KG;ING00037;AJI AMARILLO;con stock en el inventario inicial
PRD02833;CAJA CHICA - AJI AMARILLO ENTERO CONGELADO KG;ING00038;AJI AMARILLO ENTERO CONGELADO KG;compra mas reciente en el SGP (2023-02-26)
PRD03546;CAJA CHICA - AJI CON HUACATAY;ING00042;AJI CON HUACATAY;compra mas reciente en el SGP (2026-08-11)
PRD02225;AJI DE POLLERIA (CRIOLLO) EMIC 1 KG;ING00045;AJI DE POLLERIA;con stock en el inventario inicial
PRD00417;AJI LIMO;ING00049;AJI LIMO;compra mas reciente en el SGP (2026-09-04)
PRD00860;AJI PANCA SECO 4 ESTACIONES 1 KG;ING00052;AJI PANCA SECO;compra mas reciente en el SGP (2019-04-06)
PRD00125;AJINOMOTO 1 KG;ING00054;AJINOMOTO;compra mas reciente en el SGP (2024-09-29)
PRD03178;CAJA CHICA - AJO FRESCO;ING00058;AJO FRESCO;compra mas reciente en el SGP (2026-02-04)
PRD00861;AJONJOLI 4 ESTACIONES 1 KG;ING00060;AJONJOLI;compra mas reciente en el SGP (2026-07-12)
PRD03866;AJUAR DE BEBE 5 PIEZAS CON LOGOS SODEXO;ING00062;AJUAR DE BEBE 5 PIEZAS CON LOGOS SODEXO;compra mas reciente en el SGP (2021-05-29)
PRD02431;ALAS DE POLLO CONGELADO;ING00063;ALAS CONGELADO;con stock en el inventario inicial
PRD00418;ALBAHACA;ING00065;ALBAHACA;con stock en el inventario inicial
PRD01440;ALCA DETER X 4L [B2-4L];ING00069;ALCA DETER X 4 L (B2-4 L);con stock en el inventario inicial
PRD01349;ALCOHOL EN GEL BLEND X 400 ML;ING00074;ALCOHOL EN GEL BLEND X 400 ML;compra mas reciente en el SGP (2020-07-08)
PRD01356;ALCOHOL GEL IDOGEL X 1000ML;ING00076;ALCOHOL GEL IDOGEL X 1000 ML;compra mas reciente en el SGP (2021-10-29)
PRD03531;CAJA CHICA - ALCOHOL GEL SACHET 800 ML;ING00077;ALCOHOL GEL SACHET 800 ML;compra mas reciente en el SGP (2020-07-10)
PRD02546;ALCOHOL GEL SPARTAN 4 LITROS COSMETICO NEUTRO;ING00078;ALCOHOL GEL SPARTAN COSMETICO NEUTRO - PARA MANOS;con stock en el inventario inicial
PRD03324;CAJA CHICA - ALCOHOL INDUSTRIAL 70º 4 LT;ING00079;ALCOHOL INDUSTRIAL 70º 4 LT;compra mas reciente en el SGP (2020-07-08)
PRD03936;CAJA CHICA - ALMENDRA NATURAL X 180 GR;ING00087;ALMENDRA NATURAL X 180 GR;compra mas reciente en el SGP (2022-10-31)
PRD04146;CAJA CHICA - ALMENDRA X 80 GR;ING00089;ALMENDRA X 80 GR;compra mas reciente en el SGP (2024-08-18)
PRD00862;ALMENDRAS 4 ESTACIONES 1 KG;ING00090;ALMENDRAS;con stock en el inventario inicial
PRD01239;ALPACA ENTERA TROZADA CONGELADA;ING00092;ALPACA CONGELADO;compra mas reciente en el SGP (2025-08-10)
PRD01691;ALPACA ENTERA TROZADA CONGELADA (LA GRANJA);ING00093;ALPACA ENTERA TROZADA CONGELADA;con stock en el inventario inicial
PRD00863;ANIS SECO 4 ESTACIONES 1 KG;ING00105;ANIS SECO;con stock en el inventario inicial
PRD00508;INFUSION ANIS DEL VALLE 100 SOBRES;ING00106;ANIS SOBRECITO;con stock en el inventario inicial
PRD00419;APIO;ING00109;APIO;con stock en el inventario inicial
PRD00662;ARROZ BLANCO COCIDO 3 KG RAM;ING00114;ARROZ BLANCO RAM;compra mas reciente en el SGP (2020-08-12)
PRD02871;CAJA CHICA - ARROZ EXTRA;ING00115;ARROZ EXTRA;compra mas reciente en el SGP (2022-05-17)
PRD00056;ARROZ COSTEÑO EXTRA HOJA REDONDA AÑEJO 50 KG;ING00117;ARROZ EXTRA 50 KG;con stock en el inventario inicial
PRD00072;ARROZ CORRIENTE PARA SOPA SACO 50 KG;ING00118;ARROZ GRANO QUEBRADO PARA SOPA;compra mas reciente en el SGP (2026-08-07)
PRD01194;ARVEJA GRANO PELADA CONGELADO;ING00121;ARVEJA PELADA CONGELADO;con stock en el inventario inicial
PRD00021;ARVEJA VERDE PARTIDA CANTA CLARO BOLSA 500 GR;ING00122;ARVEJA VERDE PARTIDA;con stock en el inventario inicial
PRD01391;"ATRAPA POLVO REPUESTO ALGODON/AZUL DM-25536BDA 36"" (91 CM) ABCO";ING00127;"ATRAPAPOLVO REPUESTO ALGODON/AZUL DM-2553BDA 36""";compra mas reciente en el SGP (2019-08-26)
PRD00812;ATUN TROZOS COMPASS 140 GR;ING00128;ATUN EN ACEITE LATA;con stock en el inventario inicial
PRD02872;CAJA CHICA - ATUN TROZOS STARKITS 170 GR;ING00129;ATUN EN ACEITE LATA (UND);compra mas reciente en el SGP (2022-05-17)
PRD00090;AVENA 3 OSITOS 10 KG;ING00131;AVENA;con stock en el inventario inicial
PRD00074;KIWICHA AVENA 3 OSITOS 170 GR;ING00133;AVENA CON KIWICHA;compra mas reciente en el SGP (2022-11-27)
PRD02701;CAJA CHICA - AZUCAR BLANCA X KG;ING00138;AZUCAR BLANCA GRANEL;compra mas reciente en el SGP (2022-05-07)
PRD00965;AZUCAR IMPALPABLE NEGUSA 1 KG;ING00139;AZUCAR IMPALPABLE;con stock en el inventario inicial
PRD01019;AZUCAR IMPALPABLE LA NEGRITA 5 KG;ING00140;AZUCAR IMPALPABLE (UND);compra mas reciente en el SGP (2022-06-22)
PRD00124;AZUCAR RUBIA SACO 50 KG;ING00141;AZUCAR RUBIA;con stock en el inventario inicial
PRD04040;CAJA CHICA - AZUCAR SACHET DE 5 GR;ING00143;AZUCAR RUBIA PERSONAL;compra mas reciente en el SGP (2021-10-05)
PRD00118;AZUCAR BLANCA PERSONAL SODEXO PAQ (5 GR)1 MILLAR;ING00144;AZUCAR SACHET SODEXO;con stock en el inventario inicial
PRD03656;CAJA CHICA - BARRA DE CHOCOLATE Y GRANOLA;ING00149;BARRA DE CHOCOLATE Y GRANOLA;compra mas reciente en el SGP (2025-11-13)
PRD00546;BARRA DE QUINUA GRANOLIN 25 GR;ING00150;BARRA DE QUINUA 25 G;con stock en el inventario inicial
PRD00542;BARRA DE QUINUA PRODUCTOS ANDINOS 40 GR;ING00151;BARRA DE QUINUA 40 GR;compra mas reciente en el SGP (2023-11-05)
PRD01575;BEBIDA ACTI AVENA GLORIA 250 MLT;ING00168;BEBIDA ACTI AVENA 240 ML;compra mas reciente en el SGP (2020-08-19)
PRD03299;CAJA CHICA - BEBIDA REHIDRATANTE AZUL POWERADE 473 ML;ING00178;BEBIDA REHIDRATANTE AZUL POWERADE 473 ML;compra mas reciente en el SGP (2019-03-05)
PRD00139;BEBIDA REHIDRATANTE FRUTILLA POWERADE 473 ML;ING00179;BEBIDA REHIDRATANTE FRUTILLA POWERADE 473 ML;compra mas reciente en el SGP (2023-09-06)
PRD01287;BEBIDA REHIDRATANTE MORA AZUL POWERADE 500 ML;ING00187;BEBIDA REHIDRATANTE MORA AZUL POWERADE 500 ML;compra mas reciente en el SGP (2020-10-07)
PRD01586;BEBIDA REHIDRATANTE MORA AZUL POWERADE 473 ML;ING00188;BEBIDA REHIDRATANTE MORA POWERADE 473 ML;compra mas reciente en el SGP (2023-08-04)
PRD00440;BERENJENA;ING00191;BERENJENA;compra mas reciente en el SGP (2024-12-15)
PRD01195;BETERRAGA EN CUBOS CONGELADO;ING00193;BETERRAGA CUBOS CONGELADO;compra mas reciente en el SGP (2018-08-19)
PRD00447;BETERRAGA FRESCA;ING00194;BETERRAGA ENTERA;con stock en el inventario inicial
PRD02724;CAJA CHICA - BETERRAGA FRESCA;ING00195;BETERRAGA FRESCA;compra mas reciente en el SGP (2026-04-14)
PRD01266;BETUN NEGRO KIWI 88 GR;ING00204;BETUN NEGRO GRANDE 88 ML;compra mas reciente en el SGP (2020-07-01)
PRD01270;BETUN NEGRO SAPOLIO 88 ML;ING00205;BETUN NEGRO GRANDE SAPOLIO 88 ML;compra mas reciente en el SGP (2020-07-23)
PRD00972;BICARBONATO DE SODIO ELYMAR 250 GR;ING00210;BICARBONATO DE SODIO;con stock en el inventario inicial
PRD00710;BISCOCHO CHOCMAN COSTA 33.5 GR;ING00218;BISCOCHO CHOCMAN COSTA 33.5 GR;compra mas reciente en el SGP (2025-12-24)
PRD02684;BLOQUEADOR SOLAR SACHET EXTREMO DERMASOL F-50 10 GR;ING00223;BLOQUEADOR SOLAR SACHET EXTREMO DERMASOL F-50 10 G;compra mas reciente en el SGP (2025-07-20)
PRD02680;BLOQUEADOR SOLAR SACHET VISAGE DERMOSOL F-100 10GR;ING00224;BLOQUEADOR SOLAR SACHET VISAGE DEMOSOL F-100 10 GR;con stock en el inventario inicial
PRD01968;BOLI YUCAS CON QUESO 20 GR CONGELADO;ING00228;BOLIYUCAS CON QUESO 20 G CONGELADO;compra mas reciente en el SGP (2022-10-21)
PRD02258;BOLSA BLANCA T-SHIRT PARAISO 16 X 19 PAQ - 1000 UND;ING00236;BOLSA BLANCA T-SHIRT BIODEG.PARAISO 16X19 PAQ MILL;compra mas reciente en el SGP (2021-08-13)
PRD02259;BOLSA BLANCA T-SHIRT PARAISO 21 X 24 - 500 UND;ING00237;BOLSA BLANCA T-SHIRT BIODEG.PARAISO 21X24 500 UND;compra mas reciente en el SGP (2022-08-05)
PRD02250;BOLSA BLANCA T-SHIRT BIODEG.PARAISO 16 X 19 PAQ 1000 UND;ING00238;BOLSA BLANCA T-SHIRT BIODEGRADABLE 16X19 MILLAR;compra mas reciente en el SGP (2020-06-30)
PRD02277;BOLSA BLANCA T-SHIRT CHICA PARAISO 16 X 19 X 2 (PQT 1000 UND);ING00239;BOLSA BLANCA T-SHIRT CHICA PARAISO 16X19X2 PQT MIL;con stock en el inventario inicial
PRD02254;BOLSA DE PAPEL KRAFT #4 MILLAR;ING00243;BOLSA DE PAPEL KRAFT #4 MILLAR;compra mas reciente en el SGP (2021-07-15)
PRD02255;BOLSA DE PAPEL KRAFT #6 MILLAR;ING00244;BOLSA DE PAPEL KRAFT #6 MILLAR;compra mas reciente en el SGP (2020-10-07)
PRD02564;BOLSA DE PAPEL KRAFT 50GR #4 (12.5X24.2X7.5) 500 UND;ING00246;BOLSA DE PAPEL KRAFT 50 GR #4 (12.5X24.2X7.5);con stock en el inventario inicial
PRD02241;"BOLSA POLIETILENO CRISTAL 26""X40""X1MC X MILLAR";ING00248;BOLSA DE POLIETILENO CRISTAL 26 X40 X 1MC X MILLAR;compra mas reciente en el SGP (2024-07-28)
PRD02273;BOLSA PARA BASURA PLASTICA ROJA C/F 140 LT 1.4 MC 41´´X 35´´ 100 UND;ING00253;"BOLSA P/BASUR PLAST ROJA C/F 140 LT 1.4 MC 41""X35";con stock en el inventario inicial
PRD02268;BOLSA PARA BASURA PLASTICA AMARILLO C/F 140 LT 1.4 MC 41´´X 35´´ 100 UND;ING00254;BOLSA PARA BASURA AMARILLA 140 / 250;con stock en el inventario inicial
PRD02256;"BOLSA PARA BASURA PLASTICA AMARILLA 75 LT 2 MC 28"" X 72"" 100 UND";ING00255;"BOLSA PARA BASURA AMARILLA 75 LT 2 MC 28""X72""";compra mas reciente en el SGP (2023-06-08)
PRD02269;BOLSA PARA BASURA PLASTICA AZUL C/F 140 LT 1.4 MC 41´´X 35´´ 100 UND;ING00256;BOLSA PARA BASURA AZUL 140LT / 250LT;con stock en el inventario inicial
PRD02270;BOLSA PARA BASURA PLASTICA BLANCA C/F 140 LT 1.4 MC 41´´X 35´´ 100 UND;ING00257;BOLSA PARA BASURA BLANCA 140LT / 250LT;con stock en el inventario inicial
PRD02271;BOLSA PARA BASURA PLASTICA MARRON C/F 140 LT 1.4 MC 41´´X 35´´ 100 UND;ING00258;BOLSA PARA BASURA MARRON 140LT / 250LT;con stock en el inventario inicial
PRD02272;BOLSA PARA BASURA PLASTICA NEGRA C/F 140 LT 1.4 MC 41´´X 35´´ 100 UND;ING00259;BOLSA PARA BASURA NEGRA 140LT / 250LT;con stock en el inventario inicial
PRD02265;"BOLSA PARA BASURA PLASTICA NEGRA C/F 35 LT 30"" X 20"" 100 UND 1.2 MC";ING00261;BOLSA PARA BASURA NEGRA 35 LT;compra mas reciente en el SGP (2025-03-07)
PRD02266;"BOLSA PARA BASURA PLASTICA ROJA C/F 35 LT 30"" X 20"" 100 UND 1.2 MC";ING00264;"BOLSA PARA BASURA PLASTICA ROJA 35 LT 30""X20""";compra mas reciente en el SGP (2025-11-05)
PRD02245;"BOLSA PARA BASURA PLASTICA ROJA 250 LT 1.8 MC 52"" X 40"" 100 UND";ING00265;BOLSA PARA BASURA ROJA 140LT / 250LT;compra mas reciente en el SGP (2025-02-02)
PRD02247;BOLSA PARA BASURA PLASTICA VERDE 250 LT 100 UND;ING00266;BOLSA PARA BASURA VERDE 250 LT;compra mas reciente en el SGP (2025-10-25)
PRD03325;CAJA CHICA - BOLSA PARA CUBIERTO 3 X 10 100 UND;ING00267;BOLSA PARA CUBIERTO 3 X 10 100 UND;compra mas reciente en el SGP (2025-01-23)
PRD02653;BOLSA PARA CUBIERTO 4X10 (8.5CM X 24.10CM) ALFA X 100 UND;ING00268;BOLSA PARA CUBIERTO 4 X 10 (8.5 CM X 24.10 CM);con stock en el inventario inicial
PRD02571;BOLSA PARA CUBIERTO FLAT KRAFT 50GR 28X8CM C/LOGO MILLAR;ING00270;BOLSA PARA CUBIERTO FLAT KRAFT 50GR 28X8CM C/LOGO;con stock en el inventario inicial
PRD02260;BOLSA PARA LAVANDERIA BIODEG.PARAISO 16.5 X 23 PAQ 1000 UND;ING00272;BOLSA PARA LAVANDERIA BIODEGR. PARAISO 16.5 X 23;compra mas reciente en el SGP (2021-04-07)
PRD02279;BOLSA PLANA LAVANDERIA PARAISO 16.5 X 23 X 2 PQT (1000 UND);ING00275;BOLSA PLANA LAVANDERIA PARAISO 16.5X 23 X 2PQT MIL;compra mas reciente en el SGP (2022-04-19)
PRD02243;BOLSA PLASTICA RESELLABLE 50 UNID.;ING00277;BOLSA PLASTICA RESELLABLE;con stock en el inventario inicial
PRD03033;CAJA CHICA - BOLSA PLASTICA RESELLABLE ZIPLOC X 50 UND;ING00278;BOLSA PLASTICA RESELLABLE ZIPLOC X 50 UND;compra mas reciente en el SGP (2018-12-01)
PRD02242;BOLSA POLIETILENO CRISTAL 90X135CM 30ÌM X 100 UND;ING00281;BOLSA POLIETILENO CRISTAL 90X135 CM 30 IM;con stock en el inventario inicial
PRD01471;BOLSA TRANSPARENTE ROLLOMATIC 5 X 10;ING00284;BOLSA TRANSPARENTE ROLLOMATIC 5 X 10;con stock en el inventario inicial
PRD02949;CAJA CHICA - BOLSAS NEGRAS 15 LT X 100 UND;ING00289;BOLSAS NEGRAS 15 LT X 100 UND;compra mas reciente en el SGP (2020-07-15)
PRD02654;BOLSA BLANCA T-SHIRT 16 X 19 EL SOL X 100 UND;ING00299;BOLSAS T-SHIRT 16 X 19;compra mas reciente en el SGP (2025-01-05)
PRD00282;CHOCOLATE RELLENO BON O BON;ING00306;BON O BON LECHE 16 GR;compra mas reciente en el SGP (2026-09-13)
PRD01246;BONITO FILETE CON PIEL CONGELADO - KGM;ING00307;BONITO FILETE CON PIEL CONGELADO;con stock en el inventario inicial
PRD02293;BOTELLA DESCARTABLE PET HOT FILLING (80°) CON TAPA DE 500 ML X 100 UND;ING00308;BOTELLA DESCARTABLE PET 500 ML;con stock en el inventario inicial
PRD01748;BOTONES DE POTA CONGELADO;ING00309;BOTONES DE POTA CONGELADO;compra mas reciente en el SGP (2023-12-30)
PRD01196;BROCOLI PRE COCIDO 30/60 CONGELADO;ING00313;BROCOLI 20-40 CONGELADO;compra mas reciente en el SGP (2025-05-14)
PRD01865;BROCOLI PRE COCIDO 20/40 CONGELADO;ING00315;BROCOLI PRE COCIDO 20/40 CONGELADO - E;con stock en el inventario inicial
PRD01740;CABALLA FILETE CON PIEL CONGELADO;ING00318;CABALLA FILETE CON PIEL CONGELADO;compra mas reciente en el SGP (2026-06-12)
PRD01376;CABEZA ESCOBA DE PLASTICO SUPER DALIA VIRUTEX 12 UND;ING00320;CABEZA ESCOBA DE PLASTICO SUPER DALIA VIRUTEX;compra mas reciente en el SGP (2026-02-16)
PRD01695;CABRITO DESHUESADO CONGELADO - KGM;ING00321;CABRITO DESHUESADO CONGELADO;compra mas reciente en el SGP (2021-10-29)
PRD03667;CAJA CHICA - CACAO Y LUCUMA NIBS;ING00323;CACAO Y LUCUMA NIBS;con stock en el inventario inicial
PRD00476;CAFE INSTANTANEO NESCAFE TRADICION STICK 2 GR;ING00328;CAFE INSTANTANEO NESCAFE TRADICION STICK 2 GR;con stock en el inventario inicial
PRD03035;CAJA CHICA - CAFE INSTANTANEO NESCAFE TRADICION X 200 GR;ING00329;CAFE INSTANTANEO NESCAFE TRADICION X 200 GR;compra mas reciente en el SGP (2019-07-15)
PRD00514;CAFE TIPO EXTRA SUPERIOR VALENZUELA 1 KG;ING00333;CAFE MOLIDO GRANEL;compra mas reciente en el SGP (2019-07-25)
PRD00107;CAFE MOLIDO NESCAFE TRADICION NESTLE 500 GR;ING00336;CAFE MOLIDO INSTANTANEO KG;con stock en el inventario inicial
PRD00101;CAFE MOLIDO MOKACCINO NESTLE 1 KG;ING00337;CAFE MOLIDO MOKACCINO NESTLE 1 KG;compra mas reciente en el SGP (2025-11-07)
PRD00091;CAFE MOLIDO STANDAR RISSO GRANEL KG;ING00339;CAFE MOLIDO PARA PASAR KG;con stock en el inventario inicial
PRD02914;CAJA CHICA - CAFÉ INSTANTANEO NESCAFÉ TRADICION 200 GR;ING00343;CAFÉ INSTANTANEO NESCAFÉ TRADICION 200 GR;compra mas reciente en el SGP (2018-09-25)
PRD00454;CAIHUA * KG;ING00348;CAIGUA;compra mas reciente en el SGP (2026-09-04)
PRD01934;CAJA CHICA - PIROTINES N° 8 PARA CUP CAKE X100 UND;ING00381;CAJA CHICA - PIROTINES N° 8 PARA CUP CAKE X100 UND;compra mas reciente en el SGP (2024-11-01)
PRD00456;CALABAZA;ING00399;CALABAZA;con stock en el inventario inicial
PRD00660;CALDO CONCENTRADO CARNE MACRO FOOD 1 KG;ING00400;CALDO DE CARNE;con stock en el inventario inicial
PRD00661;CALDO CONCENTRADO GALLINA MACRO FOOD 1 KG;ING00402;CALDO DE GALLINA;con stock en el inventario inicial
PRD03905;CAJA CHICA - CALDO DE GALLINA DOÑA GUSTA X 500 GR;ING00403;CALDO DE GALLINA DOÑA GUSTA X 500 GR;compra mas reciente en el SGP (2020-07-10)
PRD00624;CALDO SAZONADOR DE POLLO QUIMTIA 1 KG;ING00406;CALDO DE POLLO;compra mas reciente en el SGP (2019-01-27)
PRD00420;CAMOTE AMARILLO;ING00411;CAMOTE AMARILLO;con stock en el inventario inicial
PRD03991;CAJA CHICA - CAMOTE X KG;ING00413;CAMOTE X KG;compra mas reciente en el SGP (2021-12-01)
PRD00310;CANCHA FRITA TOÑA 1 KG;ING00416;CANCHA FRITA X KG;compra mas reciente en el SGP (2026-09-17)
PRD01139;CANCHA SALADA PIKADITOS 100 GR;ING00417;CANCHA SALADA GREFRACARS 100 GR;con stock en el inventario inicial
PRD01157;CANCHA SALADA SANTIS 100 GR;ING00418;CANCHA SALADA SANTIS 100 GR;compra mas reciente en el SGP (2025-06-29)
PRD00864;CANELA CHINA 4 ESTACIONES 1 KG;ING00420;CANELA CHINA;compra mas reciente en el SGP (2025-12-05)
PRD00865;CANELA ENTERA 4 ESTACIONES 1 KG;ING00423;CANELA ENTERA;con stock en el inventario inicial
PRD00867;CANELA MOLIDA 4 ESTACIONES 1 KG;ING00425;CANELA MOLIDA;con stock en el inventario inicial
PRD02342;CAPUCHA DESCARTABLE 1/ 2 CAMPANA STANDAR 12 G/M2 R&G CAJA X 100 UND;ING00432;CAPUCHA DESCARTABLE 1/2 CAMPANA STANDAR X100 UND R;compra mas reciente en el SGP (2025-11-07)
PRD00323;CARAMELO AMBROSOLI GAJOS DE LIMON 100 UND;ING00434;CARAMELO AMBROSOLI GAJOS DE LIMON;con stock en el inventario inicial
PRD00325;CARAMELO CHICHA MORADA ARCOR 100 UND;ING00442;CARAMELO CHICHA MORADA ARCOR UND;compra mas reciente en el SGP (2025-05-14)
PRD00748;CARAMELO LIMON AMBROSOLI 100 UND;ING00457;CARAMELO LIMON;compra mas reciente en el SGP (2022-01-19)
PRD00290;CARAMELO CON LOGO SODEXO 100 UNID;ING00472;CARAMELOS LOGO SODEXO;con stock en el inventario inicial
PRD03037;CAJA CHICA - CARBON VEGETAL NATURAL;ING00474;CARBON VEGETAL NATURAL;compra mas reciente en el SGP (2024-05-15)
PRD01208;CARNE MOLIDA CONGELADA;ING00475;CARNE MOLIDA CONGELADA;con stock en el inventario inicial
PRD00868;CASTAÑAS 4 ESTACIONES 1 KG;ING00480;CASTAÑA;con stock en el inventario inicial
PRD03993;CAJA CHICA - CASTAÑA X 500 GR;ING00481;CASTAÑA X 500 GR;compra mas reciente en el SGP (2022-10-31)
PRD01648;CAJA CHICA - CASTAÑAS 250 GR;ING00482;CASTAÑAS 250 GR;compra mas reciente en el SGP (2024-08-18)
PRD00422;CEBOLLA CHINA;ING00488;CEBOLLA CHINA;con stock en el inventario inicial
PRD00421;CEBOLLA ROJA;ING00491;CEBOLLA ROJA;con stock en el inventario inicial
PRD01293;CEPILLO DENTAL DENTO;ING00499;CEPILLO DENTAL UNIDAD DENTO;compra mas reciente en el SGP (2020-07-23)
PRD03596;CAJA CHICA - CERA AL AGUA 3.8 LT;ING00501;CERA AL AGUA 3.8 LT;compra mas reciente en el SGP (2019-04-01)
PRD01434;CERA AL AGUA GERMICIDA 3.8 LT;ING00502;CERA AL AGUA GERMICIDA;compra mas reciente en el SGP (2021-05-27)
PRD01572;CERA AL AGUA SAPOLIO 3.785 LT;ING00503;CERA AL AGUA SAPOLIO;compra mas reciente en el SGP (2020-07-31)
PRD03574;CAJA CHICA - CERA EN PASTA AMARILLA LT;ING00505;CERA EN PASTA AMARILLA LT;compra mas reciente en el SGP (2019-01-08)
PRD03558;CAJA CHICA - CERA LIQUIDA ROJA 4 LT;ING00509;CERA LIQUIDA ROJA 4 LT;compra mas reciente en el SGP (2018-12-02)
PRD01433;CERA LIQUIDA ROJA DARYZA 3.8 LT;ING00510;CERA LIQUIDA ROJA DARYZA 3.8 LT;compra mas reciente en el SGP (2021-11-10)
PRD01578;CERA PASTA ROJA SAPOLIO 3.785 LT;ING00515;CERA PASTA ROJA LT;compra mas reciente en el SGP (2022-03-27)
PRD01432;CERA PASTA ROJA TEKNOBRILL 3.8 LT;ING00516;CERA PASTA ROJA TEKNOBRILL BALDE 3.8 LT;compra mas reciente en el SGP (2026-08-07)
PRD01227;BONDIOLA DE CERDO CONGELADO;ING00517;CERDO BONDIOLA CONGELADO;compra mas reciente en el SGP (2019-05-11)
PRD01234;BRAZUELO DE CERDO SIN PIEL Y SIN HUESO CONGELADO;ING00519;CERDO BRAZUELO SIN PIEL Y SIN HUESO CONGELADO;compra mas reciente en el SGP (2024-11-14)
PRD01707;MANITAS DE CERDO (IMPORTACION);ING00524;CERDO PATA CONGELADO;con stock en el inventario inicial
PRD03284;CAJA CHICA - CEREAL ANGEL COPIX 170 GR;ING00525;CEREAL ANGEL COPIX 170 GR;compra mas reciente en el SGP (2022-05-07)
PRD00537;CEREAL BAR CHIP COSTA 18/21 GR;ING00528;CEREAL BAR COSTA 18 GR;con stock en el inventario inicial
PRD03482;CAJA CHICA - CEREAL GOLDEN BAR 21 GR;ING00534;CEREAL GOLDEN BAR 21 GR;compra mas reciente en el SGP (2022-05-07)
PRD03779;CAJA CHICA - CEREAL GRANOLA X 200GR;ING00535;CEREAL GRANOLA X 200GR;compra mas reciente en el SGP (2022-05-17)
PRD00828;CEREZA MARRASQUINO ROJO SANTIS 283 GR;ING00543;CEREZAS MARRASQUINO;con stock en el inventario inicial
PRD01477;CERVEZA BITBURGER SIN ALCOHOL 330 ML (VIDRIO);ING00545;CERVEZA BITBURGER SIN ALCOHOL 330 ML;compra mas reciente en el SGP (2022-12-29)
PRD01478;CERVEZA BITBURGER SIN ALCOHOL 500 ML LATA;ING00546;CERVEZA BITBURGER SIN ALCOHOL 500 ML LATA;compra mas reciente en el SGP (2022-11-17)
PRD00809;CHAMPIGÑONES WOKI 425 GR;ING00563;CHAMPIGÑONES LATA;con stock en el inventario inicial
PRD01807;CHANFAINITA CONGELADO;ING00568;CHANFAINITA CONGELADA;con stock en el inventario inicial
PRD01000;CREMA CHANTIPACK PURATOS 1LT;ING00571;CHANTYPACK;compra mas reciente en el SGP (2022-03-15)
PRD01520;CHICHA MORADA GLORIA 400 ML;ING00584;CHICHA MORADA GLORIA 500 ML;compra mas reciente en el SGP (2020-09-01)
PRD00796;CHICHARRON DE PRENSA CONGELADO KG;ING00587;CHICHARRON DE PRENSA CONGELADO;con stock en el inventario inicial
PRD01840;CHICHARRON DE PRENSA SUIZA MOLDE 180G REFRIGERADO KG;ING00588;CHICHARRON DE PRENSA REFRIGERADO;compra mas reciente en el SGP (2024-12-22)
PRD01144;CHIFLES SALADO KARINTO 28 GR;ING00620;CHIFLES SALADO KARINTO 34 GR;con stock en el inventario inicial
PRD00457;CHINCHO;ING00621;CHINCHO;compra mas reciente en el SGP (2022-10-28)
PRD02540;CHLORINE BLEACH SPARTAN 19 LITROS;ING00631;CHLORINE BLEACH SPARTAN - BLANQUEADOR;compra mas reciente en el SGP (2024-01-24)
PRD01197;CHOCLO DESGRANADO CONGELADO;ING00632;CHOCLO AMARILLO DESGRANADO CONGELADO;con stock en el inventario inicial
PRD00423;CHOCLO BLANCO;ING00633;CHOCLO AMARILLO ENTERO;con stock en el inventario inicial
PRD00286;BISCOCHO CHOCMAN COSTA 30 GR;ING00636;CHOCMAN;compra mas reciente en el SGP (2022-05-17)
PRD00953;CHOCOLATE BLANCO COBERTURA NEGUSA 600 GR;ING00640;CHOCOLATE BLANCO COBERTURA NEGUSA;compra mas reciente en el SGP (2025-11-02)
PRD00767;CHOCOLATE CANCUN COSTA 27 GR;ING00642;CHOCOLATE CANCUN COSTA 27 GR;compra mas reciente en el SGP (2021-09-15)
PRD02734;CAJA CHICA - CHOCOLATE MILKY IBERICA;ING00649;CHOCOLATE MILKY IBERICA;compra mas reciente en el SGP (2022-05-17)
PRD00709;CHOCOLATE NEGRO SUBLIME 26 GR;ING00651;CHOCOLATE NEGRO SUBLIME GR;con stock en el inventario inicial
PRD00483;CHOCOLATE PARA TAZA CANELA Y CLAVO WINTERS 80 GR;ING00653;CHOCOLATE PARA TAZA;con stock en el inventario inicial
PRD02874;CAJA CHICA - CHOCOLATE DE TAZA 90 GR;ING00654;CHOCOLATE PARA TAZA (UND);compra mas reciente en el SGP (2024-12-30)
PRD00775;CHOCOLATE RELLENO CAÑONAZO COSTA 22 GR;ING00658;CHOCOLATE RELLENO CAÑONAZO COSTA 22 G;compra mas reciente en el SGP (2018-11-29)
PRD03045;CAJA CHICA - CHOCOLATE RELLENO VIZZIO COSTA 24 GR;ING00665;CHOCOLATE RELLENO VIZZIO COSTA 24 GR;compra mas reciente en el SGP (2022-06-09)
PRD00736;CHOCOLATE TRIANGULO NESTLE 30 GR;ING00670;CHOCOLATE TRIANGULO NESTLE 30 GR;compra mas reciente en el SGP (2022-10-13)
PRD01841;CHORIZO PARRILLERO SEGOVIANA CONGELADO KG;ING00684;CHORIZO PARRILLERO CONGELADO;con stock en el inventario inicial
PRD01240;CHULETA DE CERDO TROZADO 120 GR CONGELADO;ING00690;CHULETA DE CERDO TROZADO 120 GR CONGELADO;con stock en el inventario inicial
PRD01209;CHULETA DE CERDO TROZADO 150 GR CONGELADO;ING00691;CHULETA DE CERDO TROZADO 150 GR CONGELADO;con stock en el inventario inicial
PRD01714;CHULETA DE CERDO TROZADO 155-165 GR CONGELADO;ING00692;CHULETA DE CERDO TROZADO 155 - 165 GR CONGELADO;compra mas reciente en el SGP (2018-12-31)
PRD01718;CHULETA DE CERDO TROZADO 200 GR CONGELADO;ING00694;CHULETA DE CERDO TROZADO 200 G CONGELADO;con stock en el inventario inicial
PRD00322;CHUPETE CHUPETIN COLORADO (TUTTI FRUTI) AMBROSOLI (24 UNID);ING00696;CHUPETE COLORADO AMBROSOLI UND;con stock en el inventario inicial
PRD03813;CAJA CHICA - CHUPETIN BON BON BUN X 24 UND;ING00699;CHUPETIN BON BON BUN X 24 UND;compra mas reciente en el SGP (2018-12-01)
PRD03815;CAJA CHICA - CHUPETIN GLOBO POP SURTIDO X 24 UND;ING00703;CHUPETIN GLOBO POP SURTIDO X 24 UND;compra mas reciente en el SGP (2022-04-01)
PRD01953;CHURRO MINI SIN RELLENO C/ HUECO 6 CM CONGELADO;ING00705;CHURRO MINI SIN RELLENO C/ HUECO 6 CM CONGELADO;compra mas reciente en el SGP (2026-02-06)
PRD01951;CHURRO RELLENO MANJAR BLANCO 12 CM CONGELADO;ING00708;CHURRO RELLENO MANJAR BLANCO 12 CM CONGELADO;con stock en el inventario inicial
PRD01952;CHURRO RELLENO MANJAR CHOCOLATE 12 CM CONGELADO;ING00709;CHURRO RELLENO MANJAR CHOCOLATE 12 CM CONGELADO;compra mas reciente en el SGP (2026-02-06)
PRD00229;CHUÑO POLVO TOÑA 1 KG;ING00711;CHUÑO;con stock en el inventario inicial
PRD00251;CHUÑO ENTERO BLANCO 4 ESTACIONES 1 KG;ING00712;CHUÑO ENTERO;con stock en el inventario inicial
PRD00230;CHUÑO NEGRO MOLIDO SAN JUAN MASIAS (EX BELEN) 5 KG;ING00713;CHUÑO NEGRO MOLIDO;con stock en el inventario inicial
PRD00258;CHUÑO ENTERO NEGRO 4 ESTACIONES 1 KG;ING00714;CHUÑO NEGRO REFRIGERADO;compra mas reciente en el SGP (2024-07-26)
PRD03046;CAJA CHICA - CHUÑO TOÑA X KG;ING00715;CHUÑO TOÑA X KG;compra mas reciente en el SGP (2021-02-07)
PRD01686;CINTA PARA MARCAR ROPA;ING00744;CINTAS PARA MARCAR ROPA ROLLO;compra mas reciente en el SGP (2021-01-16)
PRD00574;CIRUELA CHILENA;ING00746;CIRUELA;compra mas reciente en el SGP (2025-03-07)
PRD02211;CIRUELA SECA 4 ESTACIONES 1 KG;ING00747;CIRUELA SECA;compra mas reciente en el SGP (2023-08-27)
PRD00870;CLAVO DE OLOR ENTERO 4 ESTACIONES 1 KG;ING00749;CLAVO DE OLOR ENTERO;con stock en el inventario inicial
PRD01545;JOHNSON DIVERSEY CLAX HYPO 4 AL 1 20 LT;ING00751;CLAX HYPO 4 AL 1 LT;compra mas reciente en el SGP (2023-09-28)
PRD02460;CLEAN BY PEROXY SPARTAN 5 LITROS;ING00754;CLEAN BY PEROXY SPARTAN - LIMPIADOR DESINFECTANTE;compra mas reciente en el SGP (2024-04-25)
PRD02500;CLORIN FP SPARTAN 5 LITROS;ING00756;CLORIN FP SPARTAN - DESINFECTANTE CLORADO Y BLANQU;compra mas reciente en el SGP (2024-06-06)
PRD00192;COBERTURA BLANCA 500 GR;ING00757;COBERTURA BITTER BLANCO;compra mas reciente en el SGP (2021-12-30)
PRD00971;COBERTURA BITTER OBLEAS NEGUSA 1 KG;ING00758;COBERTURA BITTER NEGRO;con stock en el inventario inicial
PRD03359;CAJA CHICA - COBERTURA BITTER NEGRO;ING00759;COBERTURA BITTER NEGRO (UND);compra mas reciente en el SGP (2026-07-20)
PRD03136;CAJA CHICA - COBERTURA DE LECHE;ING00760;COBERTURA DE LECHE;compra mas reciente en el SGP (2025-01-01)
PRD01537;GASEOSA PERSONAL COCA COLA 500 ML;ING00761;COCA COLA 0.5 LT;con stock en el inventario inicial
PRD01262;GASEOSA COCA COLA 3 LT;ING00763;COCA COLA LT;con stock en el inventario inicial
PRD01277;GASEOSA COCA COLA SIN AZUCAR 500 ML;ING00766;COCA COLA ZERO 0.5 LT;compra mas reciente en el SGP (2025-02-02)
PRD00008;COCKTAIL DE FRUTAS FANNY 820 GR;ING00769;COCKTAIL DE FRUTA LATA;con stock en el inventario inicial
PRD00844;COCKTAIL DE NUECES VALLEALTO X 90 GR;ING00770;COCKTAIL DE NUECES;con stock en el inventario inicial
PRD00872;COCO RALLADO 4 ESTACIONES 1 KG;ING00773;COCO RALLADO;con stock en el inventario inicial
PRD00482;COCOA LA ABUELITA WINTERS 150 GR;ING00776;COCOA A GRANEL;con stock en el inventario inicial
PRD00572;COCONA;ING00778;COCONA;compra mas reciente en el SGP (2022-12-09)
PRD00443;COL CHINA;ING00779;COL CHINA;con stock en el inventario inicial
PRD00424;COL;ING00781;COL CRIOLLA;con stock en el inventario inicial
PRD01029;COLAPIZ EN POLVO 4 ESTACIONES 1 KG;ING00786;COLAPIZ EN POLVO;con stock en el inventario inicial
PRD01860;COLIFLOR PRE COCIDO CONGELADO;ING00788;COLIFLOR 20-60 CONGELADO;con stock en el inventario inicial
PRD01628;CAJA CHICA - COLOR ROJO INTENSO ELYASAN 30CC;ING00794;COLOR ROJO INTENSO ELYASAN 30CC;compra mas reciente en el SGP (2025-01-01)
PRD04070;CAJA CHICA - COLORANTE A LA GRASA FRATELLO X 5 GR;ING00796;COLORANTE A LA GRASA FRATELLO X 5 GR;compra mas reciente en el SGP (2025-01-01)
PRD00212;COLORANTE AMARILLO (HUEVO) LEVAPAN 250 ML;ING00799;COLORANTE AMARILLO LEVAPAN;compra mas reciente en el SGP (2021-02-06)
PRD01644;CAJA CHICA - COLORANTE ELYASAN 30 ML;ING00801;COLORANTE ELYASAN 30 ML;compra mas reciente en el SGP (2024-11-01)
PRD00226;COLORANTE FRATELLO CAJA 4 FCO;ING00802;COLORANTE FRATELLO CAJA 4 FCO;compra mas reciente en el SGP (2018-09-05)
PRD00968;COLORANTE FRATELLO LIQUIDO AMARILLO HUEVO 250 ML;ING00803;COLORANTE FRATELLO LIQUIDO AMARILLO HUEVO;compra mas reciente en el SGP (2025-12-07)
PRD01038;COLORANTE FRATELLO LIQUIDO AMARILLO LIMON 250 ML;ING00805;COLORANTE FRATELLO LIQUIDO AMARILLO LIMON;compra mas reciente en el SGP (2025-12-24)
PRD01039;COLORANTE FRATELLO LIQUIDO ROJA BANDERA 250 ML;ING00806;COLORANTE FRATELLO LIQUIDO ROJA BANDERA;compra mas reciente en el SGP (2025-12-07)
PRD01037;COLORANTE FRATELLO LIQUIDO VERDE HOJA 250 ML;ING00808;COLORANTE FRATELLO LIQUIDO VERDE HOJA;con stock en el inventario inicial
PRD01678;CAJA CHICA - COLORANTE PASTELERO;ING00810;COLORANTE PASTELERO;compra mas reciente en el SGP (2026-01-09)
PRD00873;COMINO MOLIDO 4 ESTACIONES 1 KG;ING00812;COMINO MOLIDO;con stock en el inventario inicial
PRD01353;PRE ELABORADO NATURALE CONCENTRADO CARAMBOLA 2 LT;ING00813;CONCENTRADO DE CARAMBOLA;con stock en el inventario inicial
PRD01519;PRE ELABORADO NATURALE CONCENTRADO EMOLIENTE 2 LT;ING00814;CONCENTRADO DE EMOLIENTE 2 LT;con stock en el inventario inicial
PRD01348;PRE ELABORADO NATURALE CONCENTRADO CHICHA MORADA 2 LT;ING00815;CONCENTRADO DE MAIZ MORADO;con stock en el inventario inicial
PRD01358;PRE ELABORADO NATURALE CONCENTRADO MANZANA 2 LT;ING00816;CONCENTRADO DE MANZANA;con stock en el inventario inicial
PRD01350;PRE ELABORADO NATURALE CONCENTRADO MARACUYA 2 LT;ING00817;CONCENTRADO DE MARACUYA;con stock en el inventario inicial
PRD01576;PRE ELABORADO NATURALE CONCENTRADO PIÑA GOLDEN 2 LT;ING00818;CONCENTRADO DE PIÑA GOLDEN;compra mas reciente en el SGP (2026-02-12)
PRD02399;CONTENEDOR TERMICO D4031XX CT5 200 UND;ING00840;CONTENEDOR TERMICO CT5;compra mas reciente en el SGP (2020-07-23)
PRD01210;CORAZON DE RES CONGELADO;ING00845;CORAZON CONGELADO;con stock en el inventario inicial
PRD01226;CORDERO ENTERO TROZADO CONGELADO;ING00850;CORDERO ENTERO CONGELADO;compra mas reciente en el SGP (2019-01-12)
PRD01689;CORDERO ENTERO TROZADO 200-250 GRMS CONGELADO;ING00851;CORDERO ENTERO TROZADO;compra mas reciente en el SGP (2020-08-22)
PRD01219;PIERNA DE CORDERO CONGELADO;ING00852;CORDERO PIERNA CONGELADO;compra mas reciente en el SGP (2020-04-06)
PRD01694;CORDERO DESHUESADO CONGELADO - KGM;ING00853;CORDERO S/HUESO CONGELADO;con stock en el inventario inicial
PRD01438;CR2+ PRESENTACION 1 GALON;ING00858;CR2+ PRESENTACION 1 GALON;con stock en el inventario inicial
PRD02208;CREMA TIPO CHANTILLY SNEL 1LT;ING00859;CREMA CHANTILLY;con stock en el inventario inicial
PRD02748;CAJA CHICA - CREMA CHANTILLY PURATOS;ING00860;CREMA CHANTILLY PURATOS;compra mas reciente en el SGP (2025-08-13)
PRD02209;CREMA CHANTILLY MONA LISA BRICKS 1LT;ING00861;CREMA CHNTILLY;compra mas reciente en el SGP (2026-08-03)
PRD00586;CREMA DE CHAMPIÑONES MACROFOODS 1 KG;ING00862;CREMA DE CHAMPIGÑONES DESHIDRATADA;con stock en el inventario inicial
PRD00617;CREMA DE CHOCLO KNORR 800 GR;ING00864;CREMA DE CHOCLO DESHIDRATADA;compra mas reciente en el SGP (2019-06-01)
PRD00616;CREMA DE ESPARRAGOS KNORR 800 GR;ING00869;CREMA DE ESPARRAGOS DESHIDRATADA;compra mas reciente en el SGP (2021-09-07)
PRD00935;CREMA DE LECHE GLORIA 946 CC;ING00871;CREMA DE LECHE;compra mas reciente en el SGP (2026-08-03)
PRD03146;CAJA CHICA - CREMA DE LECHE X 1 LT;ING00873;CREMA DE LECHE X 1 LT;compra mas reciente en el SGP (2024-12-04)
PRD00619;CREMA DE POLLO KNORR 800 GR;ING00874;CREMA DE POLLO DESHIDRATADA;compra mas reciente en el SGP (2019-07-15)
PRD03005;CAJA CHICA - CREMOR TARTARO BADIA X 907.2;ING00881;CREMOR TARTARO BADIA X 907.2;compra mas reciente en el SGP (2022-05-07)
PRD01465;CHOCOLATE WAFER CUA CUA LACTA 18 GR;ING00888;CUA CUA 18 GR;compra mas reciente en el SGP (2025-06-08)
PRD02690;CUADERNO ESCOLAR SURCO CUADRICULADO 80 HOJAS;ING00889;CUADERNO ESCOLAR SURCO CUADRICULADO 80 HOJAS;compra mas reciente en el SGP (2018-12-02)
PRD00405;CUCHARA ACRILICO DESCARTABLE 100 UND;ING00894;CUCHARA ACRILICO DESCARTABLE;con stock en el inventario inicial
PRD02581;CUCHARA PARA CAFE BLANCA DE PLASTICO DESCARTABLE GOLAZO 100 UNID;ING00897;CUCHARA PARA CAFE BLANCA DESCARTABLE;con stock en el inventario inicial
PRD02582;CUCHARA PARA SOPA BLANCA DE PLASTICO DESCARTABLE LA EUROPEA 50 UND;ING00898;CUCHARA PARA SOPA BLANCA DESCARTABLE;con stock en el inventario inicial
PRD02953;CAJA CHICA - CUCHARA PARA SOPA X 50 UND;ING00899;CUCHARA PARA SOPA X 50 UND;compra mas reciente en el SGP (2024-11-14)
PRD02283;CUCHARA SOPERA DESCARTABLE EN BOLSA X 50UND;ING00900;CUCHARA SOPERA DESCARTABLE;compra mas reciente en el SGP (2024-08-24)
PRD02285;CUCHILLO ACRILICO DESCARTABLE 50 UND;ING00905;CUCHILLO PARA SEGUNDO BLANCO DESCARTABLE;con stock en el inventario inicial
PRD00425;CULANTRO;ING00908;CULANTRO;con stock en el inventario inicial
PRD02429;CUY ENTERO CONGELADO;ING00911;CUY ENTERO EVISCERADO CONGELADO;con stock en el inventario inicial
PRD02075;CREMA DENTAL DENTO 75/80 ML;ING00918;DENTRIFICO 75 ML DENTO MENTA NATURAL;compra mas reciente en el SGP (2020-07-23)
PRD01426;DESODORANTE AMBIENTADOR ANTITABACO SAPOLIO 360 ML;ING00929;DESODORANTE AMBIENTADOR ANTITABACO SAPOLIO 360 ML;compra mas reciente en el SGP (2021-04-24)
PRD01428;DESODORANTE AMBIENTADOR BRISA MARINA SAPOLIO 360 ML;ING00931;DESODORANTE AMBIENTADOR BRISA MARINA SAPOLIO 360ML;compra mas reciente en el SGP (2020-09-06)
PRD01430;DESODORANTE AMBIENTADOR POTPURRI SAPOLIO 360 ML;ING00934;DESODORANTE AMBIENTADOR POTPURRI SAPOLIO 360 ML;compra mas reciente en el SGP (2023-10-19)
PRD01571;DETERGENTE SAPOLIO DE 13.5 KG;ING00944;DETERGENTE SAPOLIO 15 KG;compra mas reciente en el SGP (2026-08-13)
PRD01451;DM 500 H PLUS FP SPARTAN 19 LITROS - V3;ING00951;DM 500 H PLUS FP SPARTAN - DETERGENTE P/ALIMENTACI;compra mas reciente en el SGP (2024-07-15)
PRD01961;DONUT BERLINA DE CHOCOLATE 90 GRM;ING00954;DONUT BERLINA DE CHOCOLATE 90 G;con stock en el inventario inicial
PRD01162;DORITOS FRITO QUESO FUEGO LAY 43/40 GR;ING00963;DORITOS FRITO QUESO FUEGO LAY 43 GR;compra mas reciente en el SGP (2018-09-24)
PRD01466;CHOCOLATE DOÑA PEPA LACTA 23 GR;ING00967;DOÑA PEPA 23 GR;compra mas reciente en el SGP (2025-10-25)
PRD00576;DURAZNO;ING00968;DURAZNO;compra mas reciente en el SGP (2021-04-24)
PRD00813;DURAZNO EN ALMIBAR VALLE NORTE 820 GR;ING00970;DURAZNO EN ALMIBAR;con stock en el inventario inicial
PRD02849;CAJA CHICA - DURAZNO EN ALMIBAR ACONCAGUA 822 GR;ING00971;DURAZNO EN ALMIBAR ACONCAGUA 822 GR;compra mas reciente en el SGP (2022-05-07)
PRD00119;EDULCORANTE PERSONAL SODEXO 1 GR X MILLAR;ING00991;EDULCORANTE SACHET;con stock en el inventario inicial
PRD00120;EDULCORANTE STEVIA PERSONAL SODEXO 1 GR X MILLAR;ING00993;EDULCORANTE STEVIA PERSONAL SODEXO;compra mas reciente en el SGP (2022-10-21)
PRD03589;CAJA CHICA - EDULCORANTE X 50 UND;ING00997;EDULCORANTE X 50 UND;compra mas reciente en el SGP (2019-01-08)
PRD02671;EMPANADA DE AJI DE POLLO 100 GR MENU;ING01000;EMPANADA DE AJI DE POLLO MENU;con stock en el inventario inicial
PRD02672;EMPANADA DE AJI DE POLLO 145 GR RETAIL;ING01001;EMPANADA DE AJI DE POLLO RETAIL;compra mas reciente en el SGP (2026-05-10)
PRD02673;FIESTRA EMPANADA DE CARNE 90 GR;ING01002;EMPANADA DE CARNE 90 GR;compra mas reciente en el SGP (2018-07-08)
PRD02664;EMPANADA DE CARNE 100 GR MENU;ING01003;EMPANADA DE CARNE MENU UND;con stock en el inventario inicial
PRD01946;EMPANADA MIXTA 90 GR;ING01008;EMPANADA MIXTA 90 GR;compra mas reciente en el SGP (2023-07-23)
PRD01974;ENROLLADO PRIMAVERA 22 GR CONGELADO;ING01026;ENROLLADO PRIMAVERA 22 G CONGELADO;compra mas reciente en el SGP (2022-11-27)
PRD02586;ENVASE DESCARTABLE CIRCULAR PP TRANSPARENTE SIN TAPA 0.5 LT ALFA X 200 UND;ING01038;ENVASE DESCARTABLE CIRCULAR PP TRANS S/TAPA 0.5 LT;con stock en el inventario inicial
PRD02587;ENVASE DESCARTABLE CIRCULAR PP TRANSPARENTE SIN TAPA 1 LT ALFA X 200 UND;ING01039;ENVASE DESCARTABLE CIRCULAR PP TRANS S/TAPA 1 LT;con stock en el inventario inicial
PRD02588;ENVASE DESCARTABLE CIRCULAR PP TRANSPARENTE SIN TAPA 8 OZ X 400 UND;ING01040;ENVASE DESCARTABLE CIRCULAR PP TRANS S/TAPA 8 OZ;con stock en el inventario inicial
PRD02589;ENVASE DESCARTABLE CIRCULAR PS BLANCO SIN TAPA 0.5 LT ALFA X 200 UND;ING01041;ENVASE DESCARTABLE CIRCULAR PS BLANCO S/TAPA 0.5LT;con stock en el inventario inicial
PRD02590;ENVASE DESCARTABLE CIRCULAR PS BLANCO SIN TAPA 1 LT ALFA X 200 UND;ING01042;ENVASE DESCARTABLE CIRCULAR PS BLANCO S/TAPA 1LT;compra mas reciente en el SGP (2026-08-07)
PRD02297;ENVASE DESCARTABLE CON TAPA REDONDO 500 CC (1/2 LITRO) MILLAR;ING01043;ENVASE DESCARTABLE CON TAPA 500 CC;compra mas reciente en el SGP (2021-07-12)
PRD02298;ENVASE DESCARTABLE CON TAPA REDONDO 8 OZ 500 UND;ING01044;ENVASE DESCARTABLE CON TAPA 8 OZ;compra mas reciente en el SGP (2021-06-23)
PRD02295;ENVASE DESCARTABLE CON TAPA F5 16 OZ 250 UND TRANSPARENTE / NEGRO;ING01045;ENVASE DESCARTABLE F5 16 OZ;compra mas reciente en el SGP (2021-07-12)
PRD02294;ENVASE DESCARTABLE CON TAPA F5 32 OZ 200 UND TRANSPARENTE/NEGRO;ING01046;ENVASE DESCARTABLE F5 32 OZ;compra mas reciente en el SGP (2021-07-12)
PRD02591;ENVASE DESCARTABLE RECTANGULAR TRANSPARENTE PP SIN TAPA 0.5 LT ALFA X 200 UND;ING01047;ENVASE DESCARTABLE RECTAN TRANSPA PP S/TAPA 0.5LT;con stock en el inventario inicial
PRD02592;ENVASE DESCARTABLE RECTANGULAR TRANSPARENTE PP SIN TAPA 1 LT ALFA X 200 UND;ING01048;ENVASE DESCARTABLE RECTAN TRANSPA PP S/TAPA 1LT;con stock en el inventario inicial
PRD02789;CAJA CHICA - ENVASE DESCARTABLE RECTANGULAR C/TAPA 32 OZ 100;ING01049;ENVASE DESCARTABLE RECTANGULAR C/TAPA 32 OZ 100;compra mas reciente en el SGP (2021-12-01)
PRD02299;ENVASE DESCARTABLE CON TAPA REDONDO 1000 CC MILLAR;ING01050;ENVASE DESCARTABLE REDONDO CON TAPA 1000 CC;compra mas reciente en el SGP (2020-07-31)
PRD02304;ENVASE DESCARTABLE SIN TAPA F5 16 OZ 250 UND TRANSPARENTE/ NEGRO;ING01051;ENVASE DESCARTABLE S/TAPA F5 16 OZ TRANSPARENTE/NE;compra mas reciente en el SGP (2024-10-21)
PRD02306;ENVASE DESCARTABLE SIN TAPA F5 32 OZ 200 UND TRANSPARENTE/NEGRO;ING01052;ENVASE DESCARTABLE S/TAPA F5 32 OZ TRANSPARENTE/NE;compra mas reciente en el SGP (2024-10-30)
PRD02310;ENVASE DESCARTABLE SIN TAPA REDONDO 500 CC 200UND;ING01053;ENVASE DESCARTABLE S/TAPA REDONDO 500 CC;compra mas reciente en el SGP (2025-01-25)
PRD02311;ENVASE DESCARTABLE SIN TAPA REDONDO 8 OZ 500 UND;ING01054;ENVASE DESCARTABLE S/TAPA REDONDO 8 OZ;compra mas reciente en el SGP (2024-09-29)
PRD03289;CAJA CHICA - ENVASE PLASTICO REDONDO C/TAPA 250 CC;ING01063;ENVASE PLASTICO REDONDO C/TAPA 250 CC;compra mas reciente en el SGP (2020-06-01)
PRD02596;ENVASE SALAD BOWL DE BAMBU 1000 ML SIN TAPA X 600 UND;ING01065;ENVASE SALAD BOWL DE BAMBU 1000 ML SIN TAPA;con stock en el inventario inicial
PRD02957;CAJA CHICA - ENVASES DESCARTABLES C/ TAPA 25 UND;ING01076;ENVASES DESCARTABLES C/ TAPA 25 UND;compra mas reciente en el SGP (2021-11-25)
PRD01042;ESCENCIA DE NARANJA SOLUBLE FRATELLO 250 ML PET;ING01081;ESCENCIA DE NARANJA;con stock en el inventario inicial
PRD00982;ESENCIA DE PANETON FRATELLO 500 CC;ING01082;ESCENCIA DE PANETON;compra mas reciente en el SGP (2025-02-07)
PRD00963;ESCENCIA DE VAINILLA UMSHA 1 LT PET;ING01084;ESCENCIA DE VAINILLA;con stock en el inventario inicial
PRD01375;ESCOBA DE PLASTICO SUPER DALIA VIRUTEX;ING01086;ESCOBA DE PLASTICO SUPER DALIA VIRUTEX;compra mas reciente en el SGP (2020-09-06)
PRD01857;ESCOBILLA DE PLASTICO PARA LAVAR ROPA;ING01090;ESCOBILLA DE PLASTICO PARA ROPA;compra mas reciente en el SGP (2026-09-13)
PRD03052;CAJA CHICA - ESCOBILLA PARA ROPA;ING01093;ESCOBILLA PARA ROPA;compra mas reciente en el SGP (2018-12-02)
PRD02074;ESCOBILLA DE PLASTICO PARA LIMPIAR UÑAS;ING01095;ESCOBILLAS UÑAS UNIDAD;compra mas reciente en el SGP (2018-07-01)
PRD00449;ESPINACA FRESCA;ING01103;ESPINACA;con stock en el inventario inicial
PRD01198;ESPINACA CONGELADA;ING01104;ESPINACA CONGELADO;con stock en el inventario inicial
PRD01384;ESPONJA CERO RAYAS INSTITUCIONAL BLANCO 3M SCOTH BRITE UND;ING01105;ESPONJA CERO RAYAS INSTITUCIONAL BLANCO 3M SCOTH BRITE UND;con stock en el inventario inicial
PRD02881;CAJA CHICA - ESPONJA DE METAL;ING01106;ESPONJA DE METAL;compra mas reciente en el SGP (2019-02-24)
PRD01382;ESPONJA NARANJA 746 P/GRIDDLE CLEANER S/B / 70071593647 3M;ING01107;ESPONJA NARANJA 746 P/GRIDDLE CLEANER S/B / 70071593647 3M;con stock en el inventario inicial
PRD01378;ESPONJA SCOTH BRITE N.746 TRABAJO PESADO PLANCHA CALIENTE PQT X 15 UND;ING01110;ESPONJA SCOTH BRITE N.746 TRAB PESADO PLANCHA CALI;compra mas reciente en el SGP (2021-09-15)
PRD01387;ESPONJA TRABAJO PESADO N.88 SCOTCH BRITE;ING01111;ESPONJA TRABAJO PESADO N.88 SCOTCH BRITE;con stock en el inventario inicial
PRD01388;ESPONJA VERDE SCOTCH BRITE 180 UND;ING01113;ESPONJA VERDE SCOTCH BRITE 180 UND;compra mas reciente en el SGP (2023-12-14)
PRD01386;ESPONJA VERDE SCOTCH BRITE ORIGINAL PRECORTADO 1 X 2 UND;ING01115;ESPONJA VERDE SCOTCH BRITE ORIGINAL PCORTADO 1 X2;compra mas reciente en el SGP (2023-11-20)
PRD01600;ESPONJA VERDE SCOTCH BRITE;ING01116;ESPONJA VERDE UNIDAD;compra mas reciente en el SGP (2021-06-04)
PRD00874;ESTRAGON SECO 4 ESTACIONES 250 GR;ING01119;ESTRAGON;compra mas reciente en el SGP (2025-05-30)
PRD00899;EUCALIPTO (HOJAS) 4 ESTACIONES 250 GRM;ING01123;EUCALIPTO SECO;con stock en el inventario inicial
PRD02539;FABRIC SOFTENER SPARTAN 19 LITROS;ING01124;FABRIC SOFTENER SPARTAN - SUAVIZANTE;compra mas reciente en el SGP (2024-01-24)
PRD01257;GASEOSA FANTA 3 LT;ING01129;FANTA LT;compra mas reciente en el SGP (2026-02-06)
PRD01380;FIBRA EXTRA DURA 250X120X25 NEGRO CORTADA EN 2 UND;ING01131;FIBRA EXTRA DURA 250X120X25 NEGRO;compra mas reciente en el SGP (2024-06-24)
PRD00043;FIDEO CABELLO DE ANGEL MOLITALIA 250 GR;ING01134;FIDEO CABELLO DE ANGEL;con stock en el inventario inicial
PRD00131;FIDEO CANUTO GRANDE DEL CIELO 250 GR;ING01135;FIDEO CANUTO;con stock en el inventario inicial
PRD03055;CAJA CHICA - FIDEO CANUTO NICOLINI X 250 GR;ING01136;FIDEO CANUTO (UND);compra mas reciente en el SGP (2022-05-17)
PRD00130;FIDEO CARACOL DEL CIELO 250 GR;ING01137;FIDEO CARACOL;con stock en el inventario inicial
PRD00444;FIDEO CHINO;ING01141;FIDEO CHINO;con stock en el inventario inicial
PRD00144;FIDEO CODO MEDIANO RAYADO MOLITALIA 250GR;ING01144;FIDEO CODO RAYADO;compra mas reciente en el SGP (2026-08-02)
PRD00029;FIDEO CORBATA CHICO DON VITTORIO 250 GR;ING01145;FIDEO CORBATA;compra mas reciente en el SGP (2019-06-11)
PRD00187;FIDEO FETUCCINI C/HUEVO NICOLINI 500 GR;ING01147;FIDEO FETUCCINI AL HUEVO;compra mas reciente en el SGP (2019-11-28)
PRD00135;FIDEO MACARRON MOLITALIA 235 GR;ING01151;FIDEO MACARRON;compra mas reciente en el SGP (2025-04-18)
PRD03542;CAJA CHICA - FIDEO PARA SOPA X 250 GR;ING01154;FIDEO PARA SOPA X 250 GR;compra mas reciente en el SGP (2022-05-17)
PRD03058;CAJA CHICA - FIDEO RIGATONI NICOLINI 250 GR;ING01156;FIDEO RIGATONI NICOLINI 250 GR;compra mas reciente en el SGP (2022-05-07)
PRD03059;CAJA CHICA - FIDEO SPAGHETI NICOLINI X 10 KG;ING01158;FIDEO SPAGHETI NICOLINI X 10 KG;compra mas reciente en el SGP (2025-06-17)
PRD00137;FIDEO SPAGUETTI MOLITALIA 950 GR;ING01159;FIDEO SPAGUETTI;con stock en el inventario inicial
PRD02703;CAJA CHICA - FIDEO SPAGUETTY ALIANZA X KG;ING01161;FIDEO SPAGUETTY ALIANZA X KG;compra mas reciente en el SGP (2022-05-07)
PRD00142;FIDEO TORNILLO MOLITALIA 250GR;ING01162;FIDEO TORNILLO;con stock en el inventario inicial
PRD02556;"STRECH FILM DE GRADO ALIMENTARIO ROLLO 18"" X 1400MT X 9U";ING01172;FILM PLASTICO 18 X 1400;con stock en el inventario inicial
PRD03286;CAJA CHICA - FILM PLASTICO 18 X 5000;ING01173;FILM PLASTICO 18 X 5000;compra mas reciente en el SGP (2018-10-17)
PRD03457;CAJA CHICA - FINAS HIERBAS;ING01174;FINAS HIERBAS;compra mas reciente en el SGP (2026-04-14)
PRD01969;FINGER DE YUCA CON QUESO 20 GR CONGELADO;ING01175;FINGER DE YUCA CON QUESO 20 G CONGELADO;compra mas reciente en el SGP (2019-04-20)
PRD01008;FLAN DE CHOCOLATE CEYLAN 5 KG;ING01177;FLAN DE CHOCOLATE INSTANTANEO;con stock en el inventario inicial
PRD00949;FLAN DE VAINILLA UNIVERSAL 150 GR;ING01180;FLAN DE VAINILLA INSTANTANEO;con stock en el inventario inicial
PRD02525;FOAMING ACID CLEANER FP SPARTAN 5 LITROS;ING01185;FOAMING ACID CLEANER FP SPARTAN - DETERGENTE ACIDO;con stock en el inventario inicial
PRD00088;ACHOCOLATADO MILO NESTLE 400 GR;ING01188;FORTIFICANTE MILO KG.;compra mas reciente en el SGP (2018-12-07)
PRD02044;FOSFORO DE MADERA INTI;ING01191;FOSFORO DE MADERA;compra mas reciente en el SGP (2019-08-03)
PRD01595;FRANELA RIBETEADA ROJA 50 X 60 CM;ING01193;FRANELA 50 X 60;compra mas reciente en el SGP (2019-10-23)
PRD01402;FRANELA BALLERINA VIRUTEX;ING01196;FRANELA BALLERINA VIRUTEX;con stock en el inventario inicial
PRD03139;CAJA CHICA - FRESA;ING01205;FRESA;compra mas reciente en el SGP (2025-01-01)
PRD00579;PULPA DE FRESA CONGELADO;ING01207;FRESA PULPA CONGELADO;con stock en el inventario inicial
PRD00373;FRIJOL CANARIO CANTA CLARO 5 KG;ING01210;FRIJOL CANARIO;con stock en el inventario inicial
PRD00450;FRIJOL CHINO;ING01214;FRIJOL CHINO;con stock en el inventario inicial
PRD03746;CAJA CHICA - FRUGOS CASERO NARANJA X LT;ING01226;FRUGOS CASERO NARANJA X LT;compra mas reciente en el SGP (2022-05-17)
PRD02218;FRUTA CONFITADA 4 ESTACIONES 1 KG;ING01228;FRUTA CONFITADA;con stock en el inventario inicial
PRD00940;FUDGE DE CHOCOLATE BAZO VELARDE 550 GR;ING01233;FUDGE DE CHOCOLATE LT (KG);con stock en el inventario inicial
PRD00314;GALLETA RELLENA ALFAJOR CASINO 51 GR;ING01234;G CASINO ALFAJOR;compra mas reciente en el SGP (2019-02-28)
PRD00332;GALLETA RELLENA COCO CASINO 51/43 GR;ING01235;G CASINO COCO;compra mas reciente en el SGP (2019-02-28)
PRD00294;GALLETA RELLENA FRESA CASINO 51/43 GR;ING01236;G CASINO FRESA;con stock en el inventario inicial
PRD00295;GALLETA RELLENA LUCUMA CASINO 51/43 GR;ING01237;G CASINO LUCUMA;con stock en el inventario inicial
PRD00297;GALLETA RELLENA VAINILLA CASINO 51/43 GR;ING01239;G CASINO VAINILLA;compra mas reciente en el SGP (2026-05-21)
PRD00156;GALLETA DULCE CHOCOLATE CHOMP 42/38 GR;ING01241;G CHOMP CHOCOLATE;con stock en el inventario inicial
PRD00292;GALLETA DULCE NARANJA CHOMP 38 GR;ING01242;G CHOMP NARANJA;compra mas reciente en el SGP (2026-06-12)
PRD00280;GALLETA SALADA CLUB SOCIAL NABISCO 26 GR;ING01243;G CLUB SOCIAL;compra mas reciente en el SGP (2022-11-30)
PRD00321;GALLETA INTEGRAL CLUB SOCIAL NABISCO 26 GR;ING01244;G CLUB SOCIAL INTEGRAL;compra mas reciente en el SGP (2021-03-13)
PRD00315;GALLETA DULCE TOFFE GLACITAS 32 GR;ING01248;G GLACITAS TOFEE;compra mas reciente en el SGP (2026-09-02)
PRD00284;GALLETA DULCE CHOCOLATE TENTACION 45/43 GR;ING01252;G TENTACION CHOCOLATE;con stock en el inventario inicial
PRD00308;GALLETA DULCE NARANJA TENTACION 45/43 GR;ING01254;G TENTACION NARANJA;compra mas reciente en el SGP (2018-11-29)
PRD01464;GALLETA RELLENA CHOCOLATE CASINO 51/43 GR;ING01260;GALLETA CASINO CHOCOLATE;compra mas reciente en el SGP (2026-04-09)
PRD00700;GALLETA CHOCOCHIPS CHIPS AHOY 37 GR;ING01267;GALLETA CHOCOCHIPS CHIPS AHOY 37 GR;con stock en el inventario inicial
PRD04112;CAJA CHICA - GALLETA CHOCOSODA;ING01269;GALLETA CHOCOSODA;compra mas reciente en el SGP (2022-04-01)
PRD00114;GALLETA CLASICA OREO 36 GR;ING01271;GALLETA CLASICA OREO 36 GR;con stock en el inventario inicial
PRD00685;GALLETA DE AGUA COSTA LIGHT (LINE) 42 GR;ING01280;GALLETA DE AGUA COSTA LIGHT (LINE) 42 GR;con stock en el inventario inicial
PRD00318;GALLETA DE AGUA COSTA LIGHT (LINE) 44 GR;ING01281;GALLETA DE AGUA COSTA LIGHT 44 GR;compra mas reciente en el SGP (2022-02-05)
PRD02776;CAJA CHICA - GALLETA DE VAINILLA;ING01286;GALLETA DE VAINILLA;compra mas reciente en el SGP (2022-05-07)
PRD00780;GALLETA DULCE CHIN CHIN CHOCOFORMAS 21 GRM;ING01289;GALLETA DULCE CHIN CHIN CHOCOFORMAS 21 G;compra mas reciente en el SGP (2022-03-08)
PRD00285;GALLETA DULCE CHOCOLATE GLACITAS 32 GR ( 23434);ING01291;GALLETA DULCE CHOCOLATE GLACITAS 32 GR;compra mas reciente en el SGP (2026-06-12)
PRD00762;GALLETA DULCE CHOCOLATE MOROCHA 30 GR;ING01292;GALLETA DULCE CHOCOLATE MOROCHA 30 GR;compra mas reciente en el SGP (2025-07-18)
PRD00316;GALLETA DULCE CHOCONIEVE GLACITAS 32 GR (23444);ING01293;GALLETA DULCE CHOCONIEVE GLACITAS 32 GR;compra mas reciente en el SGP (2018-12-07)
PRD00312;GALLETA DULCE FRESA GLACITAS 32 GR;ING01294;GALLETA DULCE FRESA GLACITAS 32 GR;compra mas reciente en el SGP (2026-05-21)
PRD02794;CAJA CHICA - GALLETA DULCE VAINILLA FIELD 37 GR;ING01298;GALLETA DULCE VAINILLA FIELD 37 GR;compra mas reciente en el SGP (2018-09-23)
PRD00293;GALLETA DULCE VAINILLA MARGARITA;ING01299;GALLETA DULCE VAINILLA MARGARITA;compra mas reciente en el SGP (2019-01-12)
PRD00279;GALLETA DULCE VAINILLA NABISCO (FIELD) 37 GR;ING01301;GALLETA DULCE VAINILLA NABISCO 37 GR;con stock en el inventario inicial
PRD00691;GALLETA GRAN CEREAL FIBRA CACAO COSTA 36 GR;ING01305;GALLETA GRAN CEREAL FIBRA CACAO COSTA 36 GR;compra mas reciente en el SGP (2025-11-02)
PRD00753;GALLETA INTEGRALES INTEGRAKERS SALVADO DE TRIGO 30 GR;ING01308;GALLETA INTEGRAKERS SALVADO DE TRIGO;con stock en el inventario inicial
PRD03378;CAJA CHICA - GALLETA INTEGRAL C/SALVADO;ING01309;GALLETA INTEGRAL C/SALVADO;compra mas reciente en el SGP (2019-04-08)
PRD03326;CAJA CHICA - GALLETA INTEGRAL INTEGRACKERS MIEL;ING01310;GALLETA INTEGRAL INTEGRACKERS MIEL;compra mas reciente en el SGP (2019-04-08)
PRD03826;CAJA CHICA - GALLETA RELLENA COCO X 24 GR X 6 UND;ING01322;GALLETA RELLENA COCO X 24 GR X 6 UND;compra mas reciente en el SGP (2022-05-17)
PRD00763;GALLETA SALADA CREAM CRAKER NABISCO 73.5 GR;ING01333;GALLETA SALADA CREAM CRAKER NABISCO 73.5 GR;con stock en el inventario inicial
PRD00334;GALLETA SALADA DE SODA DIA 250 GR;ING01334;GALLETA SALADA DE SODA DIA;compra mas reciente en el SGP (2020-11-27)
PRD00751;GALLETA SALADA DE SODA SAYON 250 GR;ING01335;GALLETA SALADA DE SODA SAYON;compra mas reciente en el SGP (2022-07-30)
PRD00688;GALLETA SALADA DE SODA FIELD RECETA ORIGINAL NABISCO 32 GR;ING01337;GALLETA SALADA SODA FIELD RECETA ORIGINAL 32 GR;con stock en el inventario inicial
PRD00783;GALLETA SALADA SODA LINE COSTA 42 GR;ING01338;GALLETA SALADA SODA LINE COSTA 40 GR;compra mas reciente en el SGP (2022-03-06)
PRD00771;GALLETA SALADA SODA SAN JORGE 40 GR;ING01339;GALLETA SALADA SODA SAN JORGE 40 G;compra mas reciente en el SGP (2026-08-07)
PRD03828;CAJA CHICA - GALLETA SODA V VICTORIA X 34 GR X 6 UND;ING01343;GALLETA SODA V VICTORIA X 34 GR X 6 UND;compra mas reciente en el SGP (2022-05-17)
PRD03070;CAJA CHICA - GALLETA TENTACION;ING01344;GALLETA TENTACION;compra mas reciente en el SGP (2018-12-01)
PRD00335;GALLETA DULCE VAINILLA DIA 250 GR;ING01347;GALLETA VAINILLA KG;compra mas reciente en el SGP (2020-12-17)
PRD01212;GALLINA ENTERA SIN MENUDENCIA CONGELADO - IMPORTADO;ING01355;GALLINA ENTERA SIN MENUDENCIA CONGELADO;con stock en el inventario inicial
PRD01539;GASEOSA COCA COLA PET 2.25 LT;ING01363;GASEOSA COCA COLA PET 2.25 LT;compra mas reciente en el SGP (2026-05-31)
PRD01540;GASEOSA PEPSI 600 ML;ING01373;GASEOSA PERSONAL;compra mas reciente en el SGP (2025-10-11)
PRD01351;GEL ANTIBACTERIAL GG 1 LT;ING01387;GEL ANTIBACTERIAL GG 1 LT;compra mas reciente en el SGP (2020-07-10)
PRD01347;GEL ANTIBACTERIAL IDOGEL 1 LT;ING01388;GEL ANTIBACTERIAL IDIOGEL 1 LT;compra mas reciente en el SGP (2020-05-06)
PRD03071;CAJA CHICA - GELATINA A GRANEL;ING01389;GELATINA A GRANEL;compra mas reciente en el SGP (2022-05-17)
PRD00988;GELATINA SABOR FRESA MACROFOOD 1KG;ING01393;GELATINA FRESA INSTANTANEO;con stock en el inventario inicial
PRD00210;GELATINA DE LIMON UNIVERSAL 5 KG;ING01395;GELATINA LIMON INSTANTANEO;compra mas reciente en el SGP (2026-02-10)
PRD00989;GELATINA SABOR NARANJA MACROFOOD 1KG;ING01398;GELATINA NARANJA INSTANTANEO;con stock en el inventario inicial
PRD01010;GELATINA SABOR NARANJA QUIMTIA 1KG;ING01399;GELATINA NARANJA QUIMTIA;compra mas reciente en el SGP (2025-12-28)
PRD00990;GELATINA SABOR PIÑA MACROFOOD 1KG;ING01400;GELATINA PIÑA INSTANTANEO;con stock en el inventario inicial
PRD00987;GELATINA SABOR LIMON MACROFOOD 1KG;ING01401;GELATINA SABOR;con stock en el inventario inicial
PRD00222;GRAJEA DE PANADERIA TOÑA 1 KG;ING01424;GRAJEAS;con stock en el inventario inicial
PRD00575;GRANADILLA;ING01426;GRANADILLA;con stock en el inventario inicial
PRD02375;GUANTE DE NITRILO LIBRE DE POLVO CELESTE R&G CAJA X 100 UND TALLA L;ING01435;GUANTE DE NITRILO LIBRE DE POLVO AZUL TALLA L;compra mas reciente en el SGP (2022-07-16)
PRD02659;GUANTE DE NITRILO AZUL 4GR ISUD TALLA M X100UND;ING01436;GUANTE DE NITRILO LIBRE DE POLVO AZUL TALLA M;con stock en el inventario inicial
PRD02351;GUANTE DE NITRILO LIBRE DE POLVO CELESTE R&G CAJA X 100 UND TALLA S;ING01437;GUANTE DE NITRILO LIBRE DE POLVO AZUL TALLA S;compra mas reciente en el SGP (2023-05-04)
PRD02352;GUANTES DE POLIETILENO DESC R&G CAJA X 100 UNIDADES T M;ING01438;GUANTES DE POLIETILENO;con stock en el inventario inicial
PRD01007;GUINDONES SIN PEPA TOÑA 250 GR;ING01439;GUINDONES SIN PEPA;con stock en el inventario inicial
PRD00446;HABA VERDE;ING01442;HABA VERDE EN VAINA;compra mas reciente en el SGP (2026-09-26)
PRD01204;HABAS VERDES PELADAS CONGELADA;ING01443;HABA VERDE PELADO CONGELADO;con stock en el inventario inicial
PRD01104;HABAS SALADAS KARINTO 18 GR;ING01445;HABAS SALADAS KARINTO 18 GR;compra mas reciente en el SGP (2020-12-21)
PRD00256;HARINA DE 7 SEMILLAS LA NUESTRA 820 GR;ING01461;HARINA DE 7 SEMILLAS;compra mas reciente en el SGP (2026-09-13)
PRD00243;HARINA DE ARVEJA KUMARA 5 KG;ING01463;HARINA DE ARVERJA;compra mas reciente en el SGP (2024-05-05)
PRD00242;HARINA DE AVENA KUMARA 5 KG;ING01464;HARINA DE AVENA;compra mas reciente en el SGP (2021-05-30)
PRD00244;HARINA DE CHOCHOCA KUMARA 5 KG;ING01465;HARINA DE CHOCHOCA;con stock en el inventario inicial
PRD00241;HARINA DE HABAS 5 KG;ING01467;HARINA DE HABAS;con stock en el inventario inicial
PRD00234;HARINA DE KIWICHA 5 KG;ING01468;HARINA DE KIWICHA;con stock en el inventario inicial
PRD00240;HARINA DE MACA SAN JUAN MASIAS (EX BELEN) 5 KG;ING01469;HARINA DE MACA;con stock en el inventario inicial
PRD00238;HARINA DE MAIZ INGREDION 25 KG;ING01470;HARINA DE MAIZ;con stock en el inventario inicial
PRD00239;HARINA DE SOYA SAN JUAN MASIAS 5 KG;ING01472;HARINA DE SOYA;con stock en el inventario inicial
PRD00195;HARINA ESPECIAL DEL CIELO GRANEL SACO 50 KG;ING01473;HARINA DE TRIGO ESPECIAL;con stock en el inventario inicial
PRD02824;CAJA CHICA - HARINA ESPECIAL LUCIANO GRANEL;ING01474;HARINA ESPECIAL LUCIANO GRANEL;compra mas reciente en el SGP (2020-07-21)
PRD01925;HELADO YAMBITO CREMA CHOCOLATE YAMBOLY 54 ML (40 GR);ING01494;HELADO PALETA;con stock en el inventario inicial
PRD01878;HELADO CREMA VAINILLA CHIPS YAMBOLY 5 L (2.56 KG);ING01495;HELADO PALETA (L);compra mas reciente en el SGP (2026-09-24)
PRD01922;HELADO SANDWICH CREMA VAINILLA LUCUMA YAMBOLY 67 ML (40 GR);ING01497;HELADO PALETA SANDWICH;con stock en el inventario inicial
PRD01924;HELADO PALETA PRAIA ICE MARACUYA YAMBOLY 74 ML (78 GR);ING01500;HELADO SANDWICH;compra mas reciente en el SGP (2026-01-26)
PRD00020;HIERBA BUENA;ING01508;HIERBA BUENA;con stock en el inventario inicial
PRD01982;CAJA CHICA - HIERBA LUISA;ING01509;HIERBA LUISA;compra mas reciente en el SGP (2026-04-14)
PRD00509;INFUSION HIERBA LUISA DEL VALLE 100 SOBRES;ING01510;HIERBA LUISA SOBRECITO;con stock en el inventario inicial
PRD00875;HIGO SECO 4 ESTACIONES 1 KG;ING01514;HIGO SECO;compra mas reciente en el SGP (2025-02-24)
PRD02212;HIGO SECO PREMIUM 4 ESTACIONES 1 KG;ING01515;HIGO SECO PREMIUM 4 ESTACIONES 1 KG;con stock en el inventario inicial
PRD03712;CAJA CHICA - HISOPO CON BASE;ING01518;HISOPO CON BASE;compra mas reciente en el SGP (2020-07-10)
PRD02863;CAJA CHICA - HISOPO PARA BAÑO;ING01519;HISOPO PARA BAÑO;compra mas reciente en el SGP (2020-07-08)
PRD01597;HISOPO PARA SANITARIO CON BASE HUDE - BLANCO - 7750160418513;ING01520;HISOPO PARA SANITARIO CON BASE HUDE - BLANCO - 7750160418513;compra mas reciente en el SGP (2021-07-15)
PRD02220;HONGO SECO 4 ESTACIONES 1 KG;ING01523;HONGO SECO;con stock en el inventario inicial
PRD00439;HUACATAY;ING01524;HUACATAY;con stock en el inventario inicial
PRD00836;HUACATAY MOLIDO X KG;ING01525;HUACATAY MOLIDO ENVASADO;compra mas reciente en el SGP (2024-12-22)
PRD03117;CAJA CHICA - HUEVO DE CODORNIZ;ING01526;HUEVO DE CODORNIZ;compra mas reciente en el SGP (2024-05-17)
PRD02090;HUEVO LIQUIDO CONGELADO 2 KG;ING01527;HUEVO LIQUIDO CONGELADO;con stock en el inventario inicial
PRD02086;HUEVO ROJO (CAJA 11.5 KG);ING01528;HUEVO ROJO;con stock en el inventario inicial
PRD03104;CAJA CHICA - HUEVO ROSADO;ING01530;HUEVO ROSADO;compra mas reciente en el SGP (2023-02-21)
PRD02092;HUEVO ROSADO BANDEJA 12 PQTS X 15 UNIDS;ING01531;HUEVO ROSADO EN BANDEJA;compra mas reciente en el SGP (2020-07-01)
PRD00665;HUEVO ROSADO LA CALERA (EMER);ING01532;HUEVO ROSADO LA CALERA (EMER);compra mas reciente en el SGP (2022-03-23)
PRD02091;HUEVO ROSADO (CAJA 25.7KG);ING01533;HUEVO ROSADO REFRIGERADO CAJA;compra mas reciente en el SGP (2026-05-21)
PRD01538;GASEOSA PERSONAL INCA KOLA 500 ML;ING01539;INCA KOLA 0.5 LT;con stock en el inventario inicial
PRD01256;GASEOSA INCA KOLA 3 LT;ING01542;INCA KOLA LT;con stock en el inventario inicial
PRD00528;INFUSION ANIS 4 ESTACIONES 50 GRM;ING01544;INFUSION ANIS 50 GRM;compra mas reciente en el SGP (2026-09-02)
PRD02796;CAJA CHICA - INFUSION ANIS HERBI 100 SOBRES;ING01545;INFUSION ANIS HERBI 100 SOBRES;compra mas reciente en el SGP (2019-07-15)
PRD00471;INFUSION CEDRON 4 ESTACIONES 50 GRM;ING01547;INFUSION CEDRON 50 GRM;compra mas reciente en el SGP (2026-03-08)
PRD00531;INFUSION HIERBA LUISA 4 ESTACIONES 50 GRM;ING01549;INFUSION HIERBA LUISA 50 GRM;con stock en el inventario inicial
PRD00530;INFUSION MANZANILLA 4 ESTACIONES 50 GRM;ING01551;INFUSION MANZANILLA 50 GRM;compra mas reciente en el SGP (2026-09-02)
PRD03170;CAJA CHICA - INFUSION MANZANILLA X 100 UND;ING01552;INFUSION MANZANILLA DEL VALLE 100 SOBRES;compra mas reciente en el SGP (2018-07-18)
PRD00529;INFUSION TE NEGRO 4 ESTACIONES 50 GRM;ING01559;INFUSION TE NEGRO 50 GRM;compra mas reciente en el SGP (2026-06-12)
PRD02697;JABA PLASTICA COSECHERA AZUL;ING01563;JABA PLASTICA COSECHERA AZUL;compra mas reciente en el SGP (2024-03-31)
PRD01570;JABON ANTIBACTERIAL PROTEX 75 GR-LIMPIEZA PROFUNDA;ING01564;JABON ANTIBACTERIAL;con stock en el inventario inicial
PRD02543;JABÓN ANTIBACTERIAL P/MANOS SPARTAN 4 LITROS NEUTRO;ING01567;JABON ANTIBACTERIAL PARA MANOS SPARTAN;con stock en el inventario inicial
PRD01371;JABON ANTIBACTERIAL NEKO 75 GR;ING01568;JABON ANTIBACTERIAL PERSONAL 75/ 85 GR;compra mas reciente en el SGP (2025-04-03)
PRD03479;CAJA CHICA - JABON DE TOCADOR 90 GR;ING01569;JABON DE TOCADOR 90 GR;compra mas reciente en el SGP (2018-12-16)
PRD01372;JABON DOVE ORIGINAL 90 GR;ING01571;JABON DOVE ORIGINAL 90 GR;con stock en el inventario inicial
PRD02544;JABÓN LIQUIDO P/MANOS SPARTAN 4 LITROS NEUTRO;ING01575;JABON LIQUIDO PARA MANOS SPARTAN NEUTRO;compra mas reciente en el SGP (2024-06-06)
PRD01569;JOHNSON DIVERSEY SOFTCARE BAC 5 LT;ING01578;JABON LIQUIDO SOFTCARE BAC LT;compra mas reciente en el SGP (2018-07-01)
PRD01565;JOHNSON DIVERSEY SOFTCARE ENHACE 5 LT;ING01579;JABON LIQUIDO SOFTCARE ENHACE LT;compra mas reciente en el SGP (2022-08-27)
PRD03484;CAJA CHICA - JABON PARA ROPA 260 GR;ING01581;JABON PARA ROPA 260 GR;compra mas reciente en el SGP (2019-04-01)
PRD01367;JABON TOCADOR CEST IT BON HOTELERO SPA 10 GR;ING01584;JABON TOCADOR CEST IT BON HOTELERO SPA 10 GR;compra mas reciente en el SGP (2018-12-07)
PRD01366;JABON TOCADOR LUX 85 GR;ING01585;JABON TOCADOR LUX 85 GR;compra mas reciente en el SGP (2018-11-29)
PRD01368;JABON TOCADOR NIVEA 75 GR;ING01586;JABON TOCADOR NIVEA 75 GR;compra mas reciente en el SGP (2025-12-07)
PRD01297;JALADOR DE AGUA CON CERDAS 45 CM 9C42 NEGRO RUBBERMAID;ING01596;JALADOR DE AGUA CON CERDAS 45 CM NEGRO RUBBERMAID;compra mas reciente en el SGP (2018-10-07)
PRD01851;JAMON AHUMADO REFRIGERADO 500 GR;ING01605;JAMON AHUMADO REFRIGERADO;compra mas reciente en el SGP (2018-11-29)
PRD00798;JAMON DEL PAIS CONGELADO KG;ING01608;JAMON DEL PAIS CONGELADO;compra mas reciente en el SGP (2023-06-08)
PRD00790;JAMON INGLES CONGELADO KG;ING01611;JAMON INGLES CONGELADO;compra mas reciente en el SGP (2019-10-12)
PRD01844;JAMON PARA CAFETIN CONGELADO KG;ING01615;JAMON PARA CAFETIN CONGELADO;con stock en el inventario inicial
PRD01839;JAMON AMERICANO SUIZA 500 GR REFRIGERADO;ING01616;JAMON PARA CAFETIN REFRIGERADO;compra mas reciente en el SGP (2024-12-28)
PRD00792;JAMONADA DE POLLO CONGELADO KG;ING01620;JAMONADA DE POLLO CONGELADO;con stock en el inventario inicial
PRD01845;JAMONADA PARA CAFETIN CONGELADO KG;ING01622;JAMONADA PARA CAFETIN CONGELADO;compra mas reciente en el SGP (2023-10-06)
PRD02049;JAMONADA PASTEL DE VERDURAS CONGELADO KG;ING01624;JAMONADA PASTEL DE VERDURAS CONGELADO;compra mas reciente en el SGP (2020-10-24)
PRD02753;CAJA CHICA - JARABE CHUNCHO DE GOMA 750 ML;ING01625;JARABE CHUNCHO DE GOMA 750 ML;compra mas reciente en el SGP (2024-11-16)
PRD01284;JOHNSON DIVERSEY ALPHA HP 1.5 LT;ING01639;JOHNSON DIVERSEY ALPHA HP 1.5 LT;compra mas reciente en el SGP (2020-05-24)
PRD01291;JOHNSON DIVERSEY CLAX ALFA 20 LT;ING01641;JOHNSON DIVERSEY CLAX ALFA 20 LT;compra mas reciente en el SGP (2023-09-28)
PRD01553;JOHNSON DIVERSEY CLAX SUAVE 20 LT;ING01643;JOHNSON DIVERSEY CLAX SUAVE LT;compra mas reciente en el SGP (2024-01-21)
PRD01282;JOHNSON DIVERSEY DRAX ULTRA 5 LT;ING01645;JOHNSON DIVERSEY DRAX ULTRA;compra mas reciente en el SGP (2025-05-14)
PRD01534;JOHNSON DIVERSEY FORWARD 5 LT;ING01647;JOHNSON DIVERSEY FORWARD X LT;compra mas reciente en el SGP (2024-01-21)
PRD01357;JOHNSON DIVERSEY SOFTCARE ALCOHOL GEL GLN X 5 LT;ING01649;JOHNSON DIVERSEY SOFTCARE ALCOHOL GEL;compra mas reciente en el SGP (2025-02-07)
PRD01567;JOHNSON DIVERSEY SOFTCARE ALCOHOL GEL 800 ML;ING01651;JOHNSON DIVERSEY SOFTCARE ALCOHOL LT;compra mas reciente en el SGP (2021-10-31)
PRD01273;JOHNSON DIVERSEY SOFTCARE FREE PLUS GLN X 5 LT;ING01653;JOHNSON DIVERSEY SOFTCARE FREE PLUS;compra mas reciente en el SGP (2025-02-07)
PRD01283;JOHNSON DIVERSEY SUMA BAC D10 5 LT;ING01654;JOHNSON DIVERSEY SUMA BAC D10 5 LT;compra mas reciente en el SGP (2022-03-21)
PRD01562;JOHNSON DIVERSEY SUMA CALC 5 LT R03300;ING01655;JOHNSON DIVERSEY SUMA CALC LT;compra mas reciente en el SGP (2022-07-30)
PRD01274;JOHNSON DIVERSEY SUMA COMBI+ 5LT;ING01656;JOHNSON DIVERSEY SUMA COMBI + 5 LT;compra mas reciente en el SGP (2024-01-05)
PRD01547;JOHNSON DIVERSEY SUMA CRYSTAL 20 LT;ING01657;JOHNSON DIVERSEY SUMA CRYSTAL LT;con stock en el inventario inicial
PRD01303;JOHNSON DIVERSEY SUMA D44 5 LT;ING01658;JOHNSON DIVERSEY SUMA D44 5 LT;compra mas reciente en el SGP (2025-02-07)
PRD01574;JOHNSON DIVERSEY SUMA J512 5 LT;ING01660;JOHNSON DIVERSEY SUMA J512 LT;compra mas reciente en el SGP (2024-01-05)
PRD01548;JOHNSON DIVERSEY SUMA NOVA 20 LT;ING01661;JOHNSON DIVERSEY SUMA NOVA LT;con stock en el inventario inicial
PRD01566;JOHNSON DIVERSEY SUMA PLAQ 5 LT;ING01662;JOHNSON DIVERSEY SUMA PLAQ LT;compra mas reciente en el SGP (2023-11-03)
PRD01285;JOHNSON DIVERSEY TASKI R5 LT;ING01663;JOHNSON DIVERSEY TASKI R5 LT;compra mas reciente en el SGP (2021-11-11)
PRD03736;CAJA CHICA - JUEGO DE CUBIERTOS DESCARTABLES BELLAMESA;ING01664;JUEGO DE CUBIERTOS DESCARTABLES BELLAMESA;compra mas reciente en el SGP (2025-01-23)
PRD01496;JUGO DE MANZANA AQUARIUS 500/600 ML;ING01665;JUGO AQUARIUS MANZANA 500 ML;compra mas reciente en el SGP (2021-10-23)
PRD01497;JUGO DE PERA AQUARIUS 500/600 ML;ING01666;JUGO AQUARIUS PERA 500 ML;compra mas reciente en el SGP (2022-02-18)
PRD03506;CAJA CHICA - JUGO DE DURAZNO GLORIA 1 LT;ING01678;JUGO DE DURAZNO GLORIA 1 LT;compra mas reciente en el SGP (2022-05-07)
PRD03550;CAJA CHICA - JUGO DE MANGO X 200 ML;ING01687;JUGO DE MANGO X 200 ML;compra mas reciente en el SGP (2022-05-07)
PRD01499;JUGO DE NARANJA AQUARIUS 500/600 ML;ING01691;JUGO DE NARANJA AQUARIUS 500 ML;compra mas reciente en el SGP (2020-02-07)
PRD03507;CAJA CHICA - JUGO DE NARANJA GLORIA 1 LT;ING01694;JUGO DE NARANJA GLORIA 1 LT;compra mas reciente en el SGP (2022-05-07)
PRD01339;JUGO DE NARANJA GLORIA 250 ML;ING01695;JUGO DE NARANJA GLORIA 200 ML;compra mas reciente en el SGP (2018-11-29)
PRD00675;JUGO DE NARANJA PASTEURIZADO X 3.8 LT;ING01697;JUGO DE NARANJA PASTEURIZADO;con stock en el inventario inicial
PRD03477;CAJA CHICA - JUGO DE PIÑA GLORIA 1 LT;ING01703;JUGO DE PIÑA GLORIA 1 LT;compra mas reciente en el SGP (2022-05-07)
PRD01525;JUGO DE PIÑA GLORIA 250 ML;ING01704;JUGO DE PIÑA GLORIA 250 ML;compra mas reciente en el SGP (2018-12-30)
PRD02202;JUGO DE PIÑA PASTEURIZADO X 3.8 LT;ING01705;JUGO DE PIÑA PASTEURIZADO;con stock en el inventario inicial
PRD01854;JUGO DE DURAZNO FRUGOS 235 ML;ING01720;JUGOS DURAZNO FRUGOS 235 ML;con stock en el inventario inicial
PRD01498;JUGO DE MANGO FRUGOS 235 ML;ING01723;JUGOS MANGO FRUGOS 235 LT;con stock en el inventario inicial
PRD00194;JUGO DE MANZANA WATTS 200/180 ML;ING01724;JUGOS MANZANA 0.20 LT WATTS;compra mas reciente en el SGP (2018-12-30)
PRD01747;JUREL FILETE CON PIEL CONGELADO;ING01732;JUREL FILETE CON PIEL CONGELADO;compra mas reciente en el SGP (2026-02-27)
PRD00932;KEKE BIMBOLETE MARMOLEADO 02 UND 70 GR;ING01737;KEKE BIMBOLETE;compra mas reciente en el SGP (2025-12-07)
PRD00934;KEKE BIMBOLETE MARMOLEADO 55 GR;ING01738;KEKE BIMBOLETE MARMOLEADO 55 GR X 2 UND;compra mas reciente en el SGP (2021-12-12)
PRD00196;KEKE BIMBOLETES VAINILLA 55 GR;ING01740;KEKE BIMBOLETTES 55 GR;compra mas reciente en el SGP (2022-01-21)
PRD03738;CAJA CHICA - KEKE MARMOLEADO BIMBO X 400 GR;ING01741;KEKE MARMOLEADO BIMBO X 400 GR;compra mas reciente en el SGP (2019-02-17)
PRD00162;KETCHUP B&D 4 LT;ING01743;KETCHUP 4 KG;con stock en el inventario inicial
PRD01077;KETCHUP TRESA PERSONAL 10 GR;ING01746;KETCHUP PERSONAL SACHET 10 GR;con stock en el inventario inicial
PRD00426;KION;ING01751;KION;con stock en el inventario inicial
PRD00838;KION MOLIDO X KG;ING01752;KION MOLIDO ENVASADO;con stock en el inventario inicial
PRD00888;KION MOLIDO SECO 4 ESTACIONES 250 GR;ING01753;KION MOLIDO SECO;con stock en el inventario inicial
PRD02676;KIT DE PECHO PARA SMARTPHONE GIRO 360;ING01754;KIT DE PECHO PARA SMARTPHONE GIRO 360;compra mas reciente en el SGP (2020-12-24)
PRD02691;LAPICERO FABER CASTELL 031-F AZUL;ING01760;LAPICERO FABER CASTELL 031 - F AZUL;compra mas reciente en el SGP (2026-09-13)
PRD02692;LAPICERO FABER CASTELL 031- NEGRO;ING01761;LAPICERO FABER CASTELL 031 - NEGRO;compra mas reciente en el SGP (2019-06-23)
PRD02536;LAUNDRY SPOTTING SOLUTION SPARTAN 19 LITROS;ING01766;LAUNDRY SPOTTING SOLUTION SPARTAN - LIMPIADOR Y RE;compra mas reciente en el SGP (2024-01-24)
PRD00876;LAUREL 4 ESTACIONES 1 KG;ING01767;LAUREL;con stock en el inventario inicial
PRD01441;LAVAVAJILLA X 1000 GR. SAPOLIO 8305162;ING01769;LAVAVAJILLA SAPOLIO KG;compra mas reciente en el SGP (2022-10-06)
PRD00003;LECHE CONDENSADA GLORIA 393 GR;ING01775;LECHE CONDENSADA LATA (KG);con stock en el inventario inicial
PRD03440;CAJA CHICA - LECHE CONDENSADA LATA 397 ML;ING01776;LECHE CONDENSADA LATA (UND);compra mas reciente en el SGP (2023-09-09)
PRD01937;CAJA CHICA - LECHE EN POLVO;ING01780;LECHE EN POLVO;compra mas reciente en el SGP (2025-11-13)
PRD02706;CAJA CHICA - LECHE EN TARRO LIGHT GLORIA 400 GR;ING01782;LECHE EN TARRO LIGHT GLORIA 400 GR;compra mas reciente en el SGP (2024-12-04)
PRD00270;LECHE EVAPORADA (CONCENTRADA) LAIVE BOLSITARRO 800 ML;ING01784;LECHE EVAPORADA;con stock en el inventario inicial
PRD03077;CAJA CHICA - LECHE EVAPORADA LAIVE FAMILIA 500 ML;ING01786;LECHE EVAPORADA LAIVE FAMILIA 500 ML;compra mas reciente en el SGP (2019-11-24)
PRD00275;EVAPORADA LAIVE FAMILIA VITAMINIZADA EN CAJA 500 ML;ING01788;LECHE EVAPORADA TETRA;compra mas reciente en el SGP (2021-06-04)
PRD00268;MEZCLA LACTEA LAIVE CREMOSA EN CAJA 480 GR;ING01789;LECHE EVAPORADA TETRA (KG);compra mas reciente en el SGP (2023-11-03)
PRD02098;LECHE EN BRICK LIGHT GLORIA 946 ML;ING01792;LECHE FRESCA UHT LIGHT (L);con stock en el inventario inicial
PRD03621;CAJA CHICA - LECHE GLORIA X 410 ML;ING01794;LECHE GLORIA X 410 ML;compra mas reciente en el SGP (2024-12-04)
PRD04044;CAJA CHICA - LECHE IDEAL AMANECER SIX PACK;ING01795;LECHE IDEAL AMANECER SIX PACK;compra mas reciente en el SGP (2022-05-17)
PRD02000;CAJA CHICA - LECHE SIN LACTOSA LAIVE 480 G;ING01798;LECHE SIN LACTOSA LAIVE 480 G;compra mas reciente en el SGP (2024-12-04)
PRD03237;CAJA CHICA - LECHE UHT LIGHT GLORIA LT;ING01802;LECHE UHT LIGHT GLORIA LT;compra mas reciente en el SGP (2024-12-04)
PRD01716;LECHON ENTERO CONGELADO (PESO DE 7 A 9 KG.);ING01804;LECHON ENTERO CONGELADO;compra mas reciente en el SGP (2025-12-04)
PRD02432;LECHUGA AMERICANA;ING01807;LECHUGA AMERICANA;con stock en el inventario inicial
PRD03751;CAJA CHICA - LECHUGA ORGANICA;ING01809;LECHUGA ORGANICA;compra mas reciente en el SGP (2025-09-30)
PRD01573;LEJIA SAPOLIO 2 LT;ING01816;LEJIA CONCENTRADA 5.25%;compra mas reciente en el SGP (2019-01-27)
PRD01446;LEJIA CONCENTRADA DARYZA 4 LT (GL);ING01817;LEJIA DARYZA LT;compra mas reciente en el SGP (2023-03-24)
PRD04150;CAJA CHICA - LEJIA SAPOLIO 1LT;ING01818;LEJIA SAPOLIO 1LT;compra mas reciente en el SGP (2024-05-15)
PRD01447;LEJIA SAPOLIO 5 LT X 4UND;ING01819;LEJIA SAPOLIO LT;compra mas reciente en el SGP (2025-09-03)
PRD03727;CAJA CHICA - LEJIA SAPOLIO X 2 KG;ING01820;LEJIA SAPOLIO X 2 KG;compra mas reciente en el SGP (2018-12-02)
PRD00300;LENTEJA CRIMSON CANTA CLARO 5 KG;ING01823;LENTEJA;con stock en el inventario inicial
PRD00966;LEVADURA INSTANTANEA SAF INSTANT DORADA 500 GR;ING01826;LEVADURA INSTANTANEA;con stock en el inventario inicial
PRD00558;LIMON VERDE EXTRA;ING01832;LIMON VERDE;con stock en el inventario inicial
PRD02711;CAJA CHICA - LIMON VERDE EXTRA;ING01833;LIMON VERDE EXTRA;compra mas reciente en el SGP (2020-10-14)
PRD01448;LIMPIAVIDRIO CON GATILLO DARYZA 1 LT;ING01834;LIMPIA VIDRIO DARIZA;compra mas reciente en el SGP (2020-07-31)
PRD01449;LIMPIAVIDRIO DARYZA 3.8 LT;ING01835;LIMPIA VIDRIO DARIZA (UND);compra mas reciente en el SGP (2020-09-01)
PRD02851;CAJA CHICA - LIMPIA VIDRIO INDUSTRIAL 4LT;ING01837;LIMPIA VIDRIO INDUSTRIAL 4LT;compra mas reciente en el SGP (2018-12-02)
PRD01450;LIMPIAVIDRIO DARYZA 1 LT;ING01840;LIMPIAVIDRIO DARYZA 1 LT;compra mas reciente en el SGP (2024-01-21)
PRD02696;LM-19 LAPICERO METALICO COLOR GUN;ING01848;LM-19 LAPICERO METALICO COLOR GUN;compra mas reciente en el SGP (2021-06-04)
PRD01831;LOMO FINO SIN CORDON CONGELADO;ING01851;LOMO FINO SIN CORDON CONGELADO NACIONAL (P);con stock en el inventario inicial
PRD00081;MACA AVENA 3 OSITOS 150 GR;ING01855;MACA AVENA;con stock en el inventario inicial
PRD00237;MAICENA INGREDION 25 KG;ING01857;MAICENA;con stock en el inventario inicial
PRD02887;CAJA CHICA - MAICENA GRANEL KG;ING01858;MAICENA GRANEL KG;compra mas reciente en el SGP (2020-07-15)
PRD00378;MAIZ CANCHA CANTA CLARO 5 KG;ING01860;MAIZ CANCHA;con stock en el inventario inicial
PRD00305;MAIZ MOTE MOLINOS DEL SOL 5 KG;ING01861;MAIZ MOTE;con stock en el inventario inicial
PRD00360;MAIZ POP CORN KOMILON 5 KG;ING01864;MAIZ POP CORN;compra mas reciente en el SGP (2024-02-17)
PRD02061;MANDARINA;ING01866;MANDARINA CON PEPA;con stock en el inventario inicial
PRD02330;MANGA JACKSON SAFETY G60 KEVLAR;ING01869;MANGA JACKSON SAFETY G60 KEVLAR;compra mas reciente en el SGP (2021-06-10)
PRD00580;PULPA DE MANGO CONGELADO;ING01871;MANGO PULPA CONGELADO;con stock en el inventario inicial
PRD01165;MANI CON PASAS CARTER 100 GR;ING01872;MANI CON PASAS CARTER 100 GR;compra mas reciente en el SGP (2019-03-08)
PRD01154;MANI CON PASAS CARTER 37 GR;ING01873;MANI CON PASAS CARTER 37 GR;compra mas reciente en el SGP (2019-01-27)
PRD00329;MANI SALADO KARINTO 20 GR;ING01887;MANI SALADO 20 GR KARINTO;compra mas reciente en el SGP (2020-05-28)
PRD01156;MANI SALADO CARTER 37 GR;ING01888;MANI SALADO CARTER 36 GR;compra mas reciente en el SGP (2019-05-10)
PRD01103;MANI SALADO ENGALLETADO KARINTO 100 GR;ING01889;MANI SALADO KARINTO 100 GR;compra mas reciente en el SGP (2019-06-30)
PRD01150;MANI SALADO KARINTO 42 GR;ING01891;MANI SALADO KARINTO 42 GR;compra mas reciente en el SGP (2019-05-18)
PRD00160;MANI TOSTADO PELADO TOÑA 1 KG;ING01893;MANI TOSTADO PELADO;con stock en el inventario inicial
PRD02105;MANJAR AREQUIPEÑO LAIVE 900 GR;ING01900;MANJAR BLANCO KG;compra mas reciente en el SGP (2024-01-19)
PRD02106;MANJAR BLANQUITO BAZO VELARDE LAIVE 900 GR;ING01903;MANJAR BLANQUITO;con stock en el inventario inicial
PRD03241;CAJA CHICA - MANJAR DE MESA 250 GR;ING01904;MANJAR DE MESA 250 GR;compra mas reciente en el SGP (2019-02-24)
PRD02227;MANTECA VEGETAL DE PALMA 10 KG;ING01907;MANTECA GRANEL KG;con stock en el inventario inicial
PRD00942;MANTECA VEGETAL DE PALMA LA FAMOSA 10 KG (EMER);ING01909;MANTECA VEGETAL DE PALMA LA FAMOSA 10 KG (EMER);compra mas reciente en el SGP (2019-12-14)
PRD03721;CAJA CHICA - MANTEQUILLA CON SAL GLORIA 10 GR;ING01910;MANTEQUILLA CON SAL GLORIA 10 GR;compra mas reciente en el SGP (2021-11-27)
PRD02109;MANTEQUILLA GLORIA PERSONAL 10 GR;ING01914;MANTEQUILLA LAIVE PERSONAL 8 GR;con stock en el inventario inicial
PRD00578;MANZANA VERDE PARA JUGO;ING01919;MANZANA DE AGUA;con stock en el inventario inicial
PRD00560;MANZANA ROJA IMPORTADA;ING01920;MANZANA ROJA;con stock en el inventario inicial
PRD02059;MANZANA ROYAL GALA;ING01921;MANZANA ROYAL;compra mas reciente en el SGP (2023-10-13)
PRD00561;MANZANA VERDE IMPORTADA;ING01922;MANZANA VERDE;compra mas reciente en el SGP (2025-05-09)
PRD00505;INFUSION MANZANILLA DEL VALLE 100 SOBRES;ING01926;MANZANILLA SOBRECITO;con stock en el inventario inicial
PRD02678;MAQUINA DE AFEITAR SHICK 24 UND;ING01927;MAQUINA DE AFEITAR SHICK;compra mas reciente en el SGP (2025-08-10)
PRD02080;MAQUINA DE AFEITAR SHICK;ING01928;MAQUINA DE AFEITAR UNIDAD;compra mas reciente en el SGP (2020-07-23)
PRD00562;MARACUYA;ING01930;MARACUYA ENTERA;compra mas reciente en el SGP (2023-06-15)
PRD00582;PULPA DE MARACUYA CONGELADO;ING01931;MARACUYA PULPA CONGELADO;compra mas reciente en el SGP (2022-11-03)
PRD02126;MARGARINA MULTIUSO ROMEA 2.5 KG;ING01932;MARGARINA CON SAL REFRIGERADO GRANEL;con stock en el inventario inicial
PRD02124;MARGARINA MULTIUSO ROMEA CAKE 2.5 KG;ING01934;MARGARINA CON SAL REFRIGERADO GRANEL KG;compra mas reciente en el SGP (2026-07-12)
PRD02127;MARGARINA PRIMAVERA HOJALDRE 2 KG;ING01936;MARGARINA HOJALDRE;compra mas reciente en el SGP (2024-10-21)
PRD00592;MARINADO PARA POLLO A LA BRASA EMIC 1 KG;ING01942;MARINADO PARA POLLO A LA BRASA;compra mas reciente en el SGP (2026-07-12)
PRD01241;MIXTURA DE MARISCOS CONGELADO;ING01943;MARISCO MIXTURA CONGELADO;compra mas reciente en el SGP (2025-09-12)
PRD00739;MARSHMELLOWS AMBROSOLI SURTIDO 230 GR;ING01944;MARSHEMELLOWS AMBROSOLI SURTIDO 230 GR;compra mas reciente en el SGP (2026-08-03)
PRD04007;CAJA CHICA - MASA HOJALDRE X KG;ING01945;MASA HOJALDRE X KG;compra mas reciente en el SGP (2025-01-01)
PRD02395;MASCARILLA 3 PLIEGUES FACE MASK CJ X 50 UND;ING01946;MASCARILLA 3 PLIEGUES CAJA X 50 UND;con stock en el inventario inicial
PRD02393;MASCARILLA KN95 GP CAJA X 10 UND;ING01947;MASCARILLA KN95;con stock en el inventario inicial
PRD00510;INFUSION MATE DE COCA DEL VALLE 100 SOBRES;ING01951;MATE DE COCA SOBRECITO;compra mas reciente en el SGP (2021-05-27)
PRD03082;CAJA CHICA - MAYONESA ALACENA X 1000 CC;ING01954;MAYONESA ALACENA X 1000 CC;compra mas reciente en el SGP (2019-07-25)
PRD01072;MAYONESA HELLMANS SUAVE 2900 CC;ING01955;MAYONESA HELLMANS SUAVE;compra mas reciente en el SGP (2023-07-16)
PRD01189;MAYONESA SCALA EMIC 3.8 KG;ING01956;MAYONESA HELLMANS SUAVE (KG);con stock en el inventario inicial
PRD01075;MAYONESA TRESA PERSONAL 10 GR;ING01958;MAYONESA PERSONAL;con stock en el inventario inicial
PRD01050;MAYONESA BASE MACBEL 4 LT (E);ING01960;MAYONESA SCALA EMIC 3.8 KG;compra mas reciente en el SGP (2019-04-20)
PRD01193;MAYONESA BASE EMIC 3.8 KG;ING01961;MAYONESA SCALA EMIC 3.8 KG (KG);compra mas reciente en el SGP (2022-10-06)
PRD01463;CHOCOLATE RELLENO MECANO COSTA 19 GR;ING01965;MECANO 19 GR;compra mas reciente en el SGP (2018-12-07)
PRD01021;MEJORADOR DE MASA MAGIMIX AMARILLO LESAFRE 5 KG;ING01967;MEJORADOR DE MASA;con stock en el inventario inicial
PRD00466;MELON;ING01971;MELON ROSADO;compra mas reciente en el SGP (2026-09-04)
PRD00571;MEMBRILLO;ING01974;MEMBRILLO;con stock en el inventario inicial
PRD01744;TROZOS DE MERLUZA EMPANIZADOS (FISH FINGERS);ING01976;MERLUZA EMPANIZADO (FISH FINGERS);compra mas reciente en el SGP (2018-07-08)
PRD00479;MERMELADA FRESA GLORIA DOYPACK 700 GR;ING01985;MERMELADA FRESA GRANEL;con stock en el inventario inicial
PRD00554;MERMELADA FRESA TRES ESPADAS 14 GR;ING01987;MERMELADA FRESA TRES ESPADAS 14 GR;con stock en el inventario inicial
PRD00271;MEZCLA LACTEA LAIVE NUTRILAC BOTELLA 390G;ING01998;MEZCLA LACTEA (KG);compra mas reciente en el SGP (2025-10-09)
PRD00499;MIEL DE ABEJA KUMARA FOOD 5 KG;ING02000;MIEL DE ABEJA;compra mas reciente en el SGP (2019-03-08)
PRD03841;CAJA CHICA - MINI CHIN CHIN X 32 UND;ING02013;MINI CHIN CHIN X 32 UND;compra mas reciente en el SGP (2022-04-01)
PRD01864;MIX DE SOPA COMPLETO CONGELADO - KGM;ING02024;MIX DE SOPA COMPLETO CONGELADO;con stock en el inventario inicial
PRD00894;MIX SALADITO SANTIS 100 GR;ING02026;MIX SALADITO SANTIS 100 G;compra mas reciente en el SGP (2019-06-01)
PRD01725;MIXTURA DE MARISCOS ECONOMICA;ING02028;MIXTURA DE MARISCOS ECONOMICA;con stock en el inventario inicial
PRD00896;MIXTURA DE NUECES SANTIS 100 GR;ING02031;MIXTURA DE NUECES X 100 G;compra mas reciente en el SGP (2023-07-05)
PRD03492;CAJA CHICA - MONDADIENTES 200 UND;ING02045;MONDADIENTES 200 UND;compra mas reciente en el SGP (2023-03-08)
PRD02407;MONDADIENTES BAMBÚ DOBLE PUNTA BOLSA X 250 UND;ING02046;MONDADIENTES BAMBU DOBLE PUNTA;compra mas reciente en el SGP (2025-02-24)
PRD02414;MONDADIENTES CON ENVOLTURA X MILLAR;ING02047;MONDADIENTES CON ENVOLTURA;compra mas reciente en el SGP (2023-11-29)
PRD02409;MONDADIENTES CANDY 200 UND;ING02048;MONDADIENTES MADERA 200 UND;compra mas reciente en el SGP (2025-01-20)
PRD02406;MONDADIENTES PQT X 2500 UND;ING02049;MONDADIENTES PQT X 2500 UND;con stock en el inventario inicial
PRD01216;MONDONGO CONGELADO;ING02050;MONDONGO CONGELADO;con stock en el inventario inicial
PRD01602;MOPA RUBBERMAID F131;ING02054;MOPAS RUBBERMAIDE F131;compra mas reciente en el SGP (2018-07-18)
PRD00370;MORON AMERICANO CANTA CLARO 5 KG;ING02060;MORON;con stock en el inventario inicial
PRD01848;MORTADELA PARA CAFETIN CONGELADO KG;ING02063;MORTADELA PARA CAFETIN CONGELADO;compra mas reciente en el SGP (2026-03-05)
PRD00163;MOSTAZA B&D 4 KG;ING02066;MOSTAZA 4 KG;con stock en el inventario inicial
PRD01076;MOSTAZA TRESA PERSONAL 10 GR;ING02067;MOSTAZA PERSONAÑ SACHET 10 GR;con stock en el inventario inicial
PRD00428;NABO;ING02075;NABO;compra mas reciente en el SGP (2026-08-23)
PRD00564;NARANJA PARA JUGO;ING02077;NARANJA DE JUGO;con stock en el inventario inicial
PRD00563;NARANJA PARA MESA;ING02079;NARANJA DE MESA;compra mas reciente en el SGP (2026-09-13)
PRD00892;NUEZ ENTERA PELADA 4 ESTACIONES 1 KG;ING02091;NUEZ ENTERA;con stock en el inventario inicial
PRD00878;NUEZ MOSCADA MOLIDA 4 ESTACIONES 50 GR;ING02092;NUEZ MOSCADA MOLIDA;compra mas reciente en el SGP (2024-06-01)
PRD02975;CAJA CHICA - NUEZ MOSCADA MOLIDA BADIA 2 OZ;ING02093;NUEZ MOSCADA MOLIDA BADIA 2 OZ;compra mas reciente en el SGP (2024-08-18)
PRD00452;OLLUQUITO FRESCO;ING02099;OLLUCO ENTERO;con stock en el inventario inicial
PRD01203;OLLUQUITO PICADO CONGELADO;ING02100;OLLUCO PICADO CONGELADO;compra mas reciente en el SGP (2025-11-07)
PRD04014;CAJA CHICA - OLLUCO X KG;ING02101;OLLUCO X KG;compra mas reciente en el SGP (2021-11-15)
PRD00879;OREGANO ENTERO 4 ESTACIONES 1 KG;ING02102;OREGANO ENTERO;compra mas reciente en el SGP (2026-09-17)
PRD00880;PALILLO MOLIDO 4 ESTACIONES 1 KG;ING02108;PALILLO MOLIDO;con stock en el inventario inicial
PRD02413;PALITOS DE BROCHETA 20 CM 100 UND;ING02112;PALITOS DE BROCHETA 20 CM;con stock en el inventario inicial
PRD00302;PALLAR COSECHA ANDINA 5 KG;ING02113;PALLAR;con stock en el inventario inicial
PRD01377;PALO ESCOBA DE PLASTICO SUPER DALIA VIRUTEX 12 UND;ING02119;PALO ESCOBA DE PLASTICO SUPER DALIA VIRUTEX;compra mas reciente en el SGP (2026-02-16)
PRD01603;PALO MOPERO RUBBERMAID H125;ING02122;PALO MOPERO METAL H 125 UNIDAD;con stock en el inventario inicial
PRD00465;PALTA;ING02125;PALTA;con stock en el inventario inicial
PRD03743;CAJA CHICA - PAN A GRANEL X KG;ING02127;PAN A GRANEL X KG;compra mas reciente en el SGP (2019-09-21)
PRD03611;CAJA CHICA - PAN BIMBO BLANCO X 650 GR;ING02129;PAN BIMBO BLANCO X 650 GR;compra mas reciente en el SGP (2022-05-20)
PRD03612;CAJA CHICA - PAN BIMBO INTEGRAL 100% PREB-MED X 480 GR;ING02130;PAN BIMBO INTEGRAL 100% PREB-MED X 480 GR;compra mas reciente en el SGP (2023-03-14)
PRD03171;CAJA CHICA - PAN BLANCO GRANDE X 650 GR;ING02131;PAN BLANCO GRANDE X 650 GR;compra mas reciente en el SGP (2020-01-07)
PRD03180;CAJA CHICA - PAN BLANCO MEDIANO X 480 GR;ING02132;PAN BLANCO MEDIANO X 480 GR;compra mas reciente en el SGP (2023-02-26)
PRD00915;PAN BLANCO XL EXTRA GRANDE BIMBO 770 GR;ING02133;PAN BLANCO XL EXTRA GRANDE BIMBO 770 GR;con stock en el inventario inicial
PRD00900;PAN BLANCO FAMILIAR BIMBO 750 GR;ING02145;PAN MOLDE BLANCO KG.;compra mas reciente en el SGP (2024-12-22)
PRD00113;PAN MOLIDO TAKIS 5 KG;ING02146;PAN MOLIDO KG.;compra mas reciente en el SGP (2026-09-17)
PRD01958;PAN PRECOCIDO CIABATTA CONGELADO (40 GR);ING02148;PAN PRECOCIDO CIABATTA CONGELADO 40 GR;compra mas reciente en el SGP (2022-01-30)
PRD01959;PAN PRECOCIDO FRANCES CONGELADO (40 GR);ING02149;PAN PRECOCIDO FRANCES CONGELADO 40 GR;compra mas reciente en el SGP (2022-01-30)
PRD00464;PANCA DE CHOCLO;ING02152;PANCA DE CHOCLO;compra mas reciente en el SGP (2020-02-28)
PRD01717;PANCETA CON HUESO Y CON PIEL TIRAS CONGELADO;ING02153;PANCETA CON HUESO Y CON PIEL TIRAS CONGELADO;compra mas reciente en el SGP (2026-02-06)
PRD01713;PANCETA CON HUESO Y SIN PIEL TIRAS CONGELADO;ING02154;PANCETA CON HUESO Y SIN PIEL TIRAS CONGELADO;con stock en el inventario inicial
PRD00925;PANELA GRANULADA ONZA 1 KG;ING02155;PANELA GRANULADA;con stock en el inventario inicial
PRD03647;CAJA CHICA - PANES VARIOS;ING02158;PANES VARIOS;compra mas reciente en el SGP (2019-06-24)
PRD00914;PANETON (PANETONCITO) DONOFRIO BOLSA 80 GR;ING02159;PANETON (PANETONCITO) DONOFRIO 90 GR;compra mas reciente en el SGP (2025-12-07)
PRD00926;PANETON BARLETTA CAJA 900 GR;ING02162;PANETON BARLETTA CAJA 900 G;compra mas reciente en el SGP (2020-12-21)
PRD00095;PANETON DONOFRIO CAJA 880 GR;ING02164;PANETON DONOFRIO CAJA 900 GR;compra mas reciente en el SGP (2025-12-07)
PRD00920;PANETON EN BOLSA 800 GR COSTA;ING02167;PANETON EN BOLSA COSTA 900 GR;compra mas reciente en el SGP (2022-11-17)
PRD00928;PANETON GLORIA BOLSA 900 GR;ING02172;PANETON GLORIA 900 GR;compra mas reciente en el SGP (2025-12-28)
PRD00912;PANETON GLORIA CAJA X 900 GR;ING02174;PANETON GLORIA CAJA 900 GR;compra mas reciente en el SGP (2024-12-22)
PRD00910;PANETON MINI GLORIA BOLSA 80 GR;ING02176;PANETON MINI GLORIA 80 GR;compra mas reciente en el SGP (2025-12-07)
PRD00911;PANETON PACK CAJA TODINNO 900 GR + TODINNITO 85 GR;ING02177;PANETON PACK CAJA TODINNO 900 GR + TODINNITO 85 GR;compra mas reciente en el SGP (2024-12-07)
PRD00093;PANETON SODEXO CAJA 900 GR;ING02180;PANETON SODEXO CAJA;compra mas reciente en el SGP (2021-12-12)
PRD00094;PANETON SODEXO CAJA 90 GR;ING02181;PANETON SODEXO CAJA 90 GR;compra mas reciente en el SGP (2020-12-15)
PRD00445;PAPA AMARILLA;ING02185;PAPA AMARILLA;con stock en el inventario inicial
PRD00429;PAPA BLANCA;ING02187;PAPA BLANCA;con stock en el inventario inicial
PRD03193;CAJA CHICA - PAPA CANCHAN;ING02188;PAPA CANCHAN;compra mas reciente en el SGP (2024-06-21)
PRD02066;PAPA COCKTAIL;ING02189;PAPA COCKTAIL;con stock en el inventario inicial
PRD03845;CAJA CHICA - PAPA LAYS POLLO A LA BRASA X 16 GR;ING02195;PAPA LAYS POLLO A LA BRASA X 16 GR;compra mas reciente en el SGP (2022-06-09)
PRD01863;PAPA PRE FRITA CONGELADA;ING02197;PAPA PRE FRITA CONGELADA;con stock en el inventario inicial
PRD01970;PAPA RELLENA CON CARNE 100 GR CONGELADO;ING02199;PAPA RELLENA CON CARNE 100 G CONGELADO;con stock en el inventario inicial
PRD00299;PAPA SECA VALLE NORTE 500 GR;ING02200;PAPA SECA;con stock en el inventario inicial
PRD01158;PAPAS AL HILO 4 ESTACIONES 500 GR;ING02203;PAPAS AL HILO;compra mas reciente en el SGP (2025-12-28)
PRD01178;PAPAS LAYS 36 GR;ING02218;PAPAS LAYS 36 G;compra mas reciente en el SGP (2025-10-09)
PRD01141;PAPAS ONDAS LAYS 130 GR;ING02223;PAPAS ONDAS;compra mas reciente en el SGP (2026-06-12)
PRD01113;PAPAS ONDAS LAYS 140 GR;ING02224;PAPAS ONDAS LAYS 140 GR;compra mas reciente en el SGP (2024-12-22)
PRD00565;PAPAYA;ING02233;PAPAYA ENTERO;con stock en el inventario inicial
PRD00584;PULPA DE PAPAYA CONGELADO;ING02234;PAPAYA PULPA CONGELADO;con stock en el inventario inicial
PRD01302;PAPEL DE ALUMINIO UTIL 12 X 300 MT;ING02235;PAPEL ALUMINIO 12 X 304 MT;con stock en el inventario inicial
PRD01299;PAPEL HIGIENICO JUMBO BLANCO SCOTT 550 MT;ING02244;PAPEL HIGIENICO BLANCO JUMBO 550 MT;compra mas reciente en el SGP (2018-07-18)
PRD01310;PAPEL HIGIENICO DOBLE HOJA SUAVE RESISTEMAX 15 MT (30242657);ING02245;PAPEL HIGIENICO DOBLE HOJA SUAVE RESISTEMAX 15 MT;con stock en el inventario inicial
PRD01473;PAPEL HIGIENICO GOFRADO SCOTT 15 MT ( 30206615);ING02246;PAPEL HIGIENICO GOFRADO SCOTT 15 MT;compra mas reciente en el SGP (2020-12-21)
PRD01317;PAPEL HIGIENICO JUMBO BLANCO SCOTT 550 MT (30228044);ING02247;PAPEL HIGIENICO JUMBO BLANCO SCOTT 550 MT(30228044;con stock en el inventario inicial
PRD01316;PAPEL HIGIENICO JUMBO BLANCO SUAVE 550 MT (30223592);ING02249;PAPEL HIGIENICO JUMBO BLANCO SUAVE 550 MT(30219852;compra mas reciente en el SGP (2019-06-01)
PRD03088;CAJA CHICA - PAPEL HIGIENICO SCOTT;ING02250;PAPEL HIGIENICO SCOTT;compra mas reciente en el SGP (2020-07-19)
PRD01308;PAPEL HIGIENICO SUAVE 15.96 MTS (30241893);ING02251;PAPEL HIGIENICO SUAVE 15.96 MTS;compra mas reciente en el SGP (2022-04-30)
PRD01318;PAPEL HIGIÉNICO SUAVE 16MTS (30229579);ING02252;PAPEL HIGIENICO SUAVE 16 MTS;compra mas reciente en el SGP (2021-10-01)
PRD01309;PAPEL HIGIENICO VERDE 16 MT X 20 ROLLOS;ING02254;PAPEL HIGIENICO VERDE 16 MT X 20 ROLLOS;compra mas reciente en el SGP (2021-11-27)
PRD01300;PAPEL MANTECA RESMA PAQ 450 HOJAS;ING02255;PAPEL MANTECA;con stock en el inventario inicial
PRD03340;CAJA CHICA - PAPEL MANTECA RESMA 450 UND;ING02256;PAPEL MANTECA RESMA 450 UND;compra mas reciente en el SGP (2024-12-15)
PRD00402;BOLSAS PAPEL POLIGRASA 50 X 70;ING02259;PAPEL POLIGRASA 50 X 70;con stock en el inventario inicial
PRD02809;CAJA CHICA - PAPEL TERMICO MONOGLUCIDO UND;ING02261;PAPEL TERMICO MONOGLUCIDO UND;compra mas reciente en el SGP (2020-07-10)
PRD01325;PAPEL TOALLA AIRFLEX BLANCO BASIC SCOTT 200 MT (30242645 - 30228197);ING02263;PAPEL TOALLA AIRFLEX BLANCO BASIC SCOTT 200 MT (30;con stock en el inventario inicial
PRD01324;PAPEL TOALLA AIRFLEX BLANCO SCOTT 200 MT (30224771);ING02264;PAPEL TOALLA AIRFLEX BLANCO SCOTT 200 MT (30224771;compra mas reciente en el SGP (2019-08-03)
PRD02862;CAJA CHICA - PAPEL TOALLA AIRFLEX SCOTT 2P 24 X 150UND;ING02265;PAPEL TOALLA AIRFLEX SCOTT 2P 24 X 150UND;compra mas reciente en el SGP (2020-07-21)
PRD03480;CAJA CHICA - PAPEL TOALLA NATURAL JUMBO SCOTT 200 MT;ING02273;PAPEL TOALLA NATURAL JUMBO SCOTT 200 MT;compra mas reciente en el SGP (2018-11-26)
PRD01323;PAPEL TOALLA NATURAL JUMBO SCOTT 200 MT (30203351);ING02274;PAPEL TOALLA NATURAL JUMBO SCOTT 200 MT (30203351);compra mas reciente en el SGP (2019-05-11)
PRD02856;CAJA CHICA - PAPEL TOALLA PRE CORTADO SCOTT COCINA 3 ROLLO;ING02275;PAPEL TOALLA PRE CORTADO SCOTT COCINA 3 ROLLO;compra mas reciente en el SGP (2020-07-21)
PRD00840;PAPRIKA TOÑA 500 GR;ING02280;PAPRIKA;con stock en el inventario inicial
PRD02028;PARIHUELA DE MADERA EAN 1.00 X 1.20 MT;ING02281;PARIHUELA DE MADERA EAN 1.00 X 1.20 MT;compra mas reciente en el SGP (2024-03-31)
PRD02213;PASAS SECAS NEGRAS GARDEN 4 ESTACIONES 1 KG;ING02286;PASAS NEGRAS SECAS;con stock en el inventario inicial
PRD01192;PASAS SECAS RUBIAS 4 ESTACIONES 1 KG;ING02288;PASAS RUBIAS SECAS;compra mas reciente en el SGP (2025-12-15)
PRD00642;PASTA DE AJI AMARILLO EMIC 1 KG;ING02293;PASTA DE AJI AMARILLO;con stock en el inventario inicial
PRD02670;PASTA DE AJI AMARILLO RAM 1 KG;ING02294;PASTA DE AJI AMARILLO RAM;compra mas reciente en el SGP (2019-07-15)
PRD00643;PASTA DE AJI PANCA EMIC 1 KG;ING02295;PASTA DE AJI PANCA;con stock en el inventario inicial
PRD01080;PASTA DE AJI PANCA RAM 1 KG;ING02296;PASTA DE AJI PANCA RAM KG;compra mas reciente en el SGP (2019-03-20)
PRD00644;PASTA DE AJO EMIC 1 KG;ING02297;PASTA DE AJO;con stock en el inventario inicial
PRD01081;PASTA DE AJO RAM 1 KG;ING02298;PASTA DE AJO RAM;compra mas reciente en el SGP (2019-07-15)
PRD00645;PASTA DE ROCOTO EMIC 1 KG;ING02300;PASTA DE ROCOTO RAM;con stock en el inventario inicial
PRD01054;PASTA DE TOMATE EMIC 1 KG;ING02301;PASTA DE TOMATE;compra mas reciente en el SGP (2025-12-28)
PRD01683;PASTA WANTAN CONGELADA;ING02307;PASTA WANTAN CONGELADO;con stock en el inventario inicial
PRD01461;PASTILLAS DE LAVADO RATIONAL MODELO NO. 56.00.210;ING02309;PASTILLA DE LAVADO RATIONAL MODELO N°56.00.21;con stock en el inventario inicial
PRD01459;PASTILLAS DESCALCIFICADORAS RATIONAL MODELO NO. 56.00.562;ING02310;PASTILLAS DESCALSIFICADORAS RATIONAL MODELO N°56.;con stock en el inventario inicial
PRD02858;CAJA CHICA - PASTILLAS DESODORANTE PARA BAÑO DE COLOR LEONOS;ING02312;PASTILLAS DESODORANTE PARA BAÑO DE COLOR LEONOS;compra mas reciente en el SGP (2019-01-08)
PRD01228;PATO ENTERO SIN EXTREMIDADES CONGELADO;ING02314;PATO ENTERO EVIS S/PATAS Y S/CABEZA CONG;con stock en el inventario inicial
PRD03737;CAJA CHICA - PATO TANQUE SAPOLIO;ING02315;PATO TANQUE SAPOLIO;compra mas reciente en el SGP (2019-01-08)
PRD01736;PECHUGA DE PAVO CON HUESO Y CON PIEL CONGELADO;ING02316;PAV - PAVO PECHUGA C/HUESO Y C/PIEL CONGELADO;compra mas reciente en el SGP (2022-01-19)
PRD01224;PAVO ENTERO CON MENUDENCIA CONGELADO;ING02318;PAVO ENTERO CON MENUDENCIA CONGELADO;compra mas reciente en el SGP (2024-12-12)
PRD01734;PAVO ENTERO CON MENUDENCIA CONGELADO 10 KG (N);ING02319;PAVO ENTERO CON MENUDENCIA CONGELADO 10 KG (N);compra mas reciente en el SGP (2022-12-23)
PRD01217;PECHUGA DE PAVO CON HUESO CONGELADO;ING02320;PAVO PECHUGA CON HUESO CONGELADO;compra mas reciente en el SGP (2023-09-17)
PRD01407;PAÑO MICROFIBRA CASTOR AMARILLA 40 X 40 CM;ING02325;PAÑO MICROFIBRA;compra mas reciente en el SGP (2026-05-21)
PRD00849;PECANA PARTIDA TOÑA 1 KG;ING02332;PECANAS PELADAS;compra mas reciente en el SGP (2025-11-23)
PRD00846;PECANA PELADA VALLEALTO X 90 GR;ING02333;PECANAS PELADAS (UND);con stock en el inventario inicial
PRD01729;PECHUGA DE PAVO SAN FERNANDO;ING02337;PECHUGA DE PAVO SIN HUESO CONGELADO;compra mas reciente en el SGP (2026-06-12)
PRD01737;PECHUGA DE PAVO SIN HUESO CON PIEL CONGELADO;ING02338;PECHUGA DE PAVO SIN HUESO Y CON PIEL CONGELADO;compra mas reciente en el SGP (2021-09-23)
PRD01755;PECHUGA DE POLLO S/HUESO S/PIEL CONGELADO - IMPORTACION;ING02339;PECHUGA DE POLLO S/HUESO Y PIEL CONGELADO;con stock en el inventario inicial
PRD01606;PEINE DE BOLSILLO;ING02340;PEINE DE BOLSILLO UNIDAD;compra mas reciente en el SGP (2026-06-12)
PRD00430;PEPINILLO;ING02344;PEPINILLO;con stock en el inventario inicial
PRD00566;PERA PACKHAMS IMPORTADA;ING02352;PERA PACKHAMS;con stock en el inventario inicial
PRD00431;PEREJIL;ING02353;PEREJIL;con stock en el inventario inicial
PRD01244;PERICO FILETE CON PIEL CONGELADO;ING02362;PEZ PERICO FILETE CON PIEL CONGELADO;compra mas reciente en el SGP (2020-02-27)
PRD01245;PERICO FILETE SIN PIEL CONGELADO- KGM;ING02364;PEZ PERICO FILETE SIN PIEL CONGELADO;con stock en el inventario inicial
PRD01247;REYNETA FILETE SIN PIEL CONGELADO;ING02365;PEZ REYNETA FILETE SIN PIEL CONGELADO;compra mas reciente en el SGP (2021-12-02)
PRD01741;TILAPIA FILETE SIN PIEL 5/7 RANGO 140 - 200 GR CONGELADO;ING02366;PEZ TILAPIA SIN PIEL CONGELADO RANGO 250 GR;compra mas reciente en el SGP (2023-05-18)
PRD01243;TRUCHA ENTERA EVISCERADA CONGELADO GRANEL 100 - 400 GR;ING02368;PEZ TRUCHA EVISCERADA CONGELADO;compra mas reciente en el SGP (2019-03-08)
PRD01218;PIERNA DE CERDO SIN PIEL Y SIN HUESO CONGELADO;ING02374;PIERNA DE CERDO SIN HUESO;con stock en el inventario inicial
PRD01728;PIERNA DE PAVO DESHUESADA SIN PIEL CONGELADA;ING02375;PIERNA DE PAVO DEHUESADO SIN PIEL CONGELADO;compra mas reciente en el SGP (2023-03-02)
PRD02069;PILAS DURACELL AA 2 UND;ING02377;PILAS ALKALINA AA 2 UNIDADES;con stock en el inventario inicial
PRD02068;PILAS DURACELL AAA 2 UND;ING02378;PILAS ALKALINA AAA 2 UNIDADES;con stock en el inventario inicial
PRD03720;CAJA CHICA - PIMENTON ROJO;ING02381;PIMENTON ROJO;compra mas reciente en el SGP (2018-11-26)
PRD00884;PIMIENTA NEGRA ENTERA 4 ESTACIONES 1 KG;ING02383;PIMIENTA NEGRA ENTERA;compra mas reciente en el SGP (2023-05-04)
PRD00885;PIMIENTA NEGRA MOLIDA 4 ESTACIONES 1 KG;ING02385;PIMIENTA NEGRA MOLIDA;compra mas reciente en el SGP (2026-09-17)
PRD03592;CAJA CHICA - PIMIENTA SACHET SODEXO 10 GR;ING02387;PIMIENTA SACHET SODEXO 10 GR;compra mas reciente en el SGP (2025-04-16)
PRD00432;PIMIENTO ROJO;ING02389;PIMIENTO ROJO;con stock en el inventario inicial
PRD03381;CAJA CHICA - PIQUEO SNACK 53 GR FRITO LAY;ING02393;PIQUEO SNACK 53 GR FRITO LAY;compra mas reciente en el SGP (2022-06-09)
PRD01188;PIQUEO SNACK FRITO LAY 55 GR;ING02398;PIQUEO SNACK FRITO LAY 55 GR;compra mas reciente en el SGP (2025-05-18)
PRD02408;PIROTINES PARA POSTRE #8 X MILLAR;ING02399;PIROTIN BLANCO # 1 X 1000 UND;compra mas reciente en el SGP (2026-07-12)
PRD00802;PIÑA EN RODAJAS FANNY 567 GR;ING02413;PIÑA EN RODAJAS LATA;con stock en el inventario inicial
PRD00581;PULPA DE PIÑA CONGELADO;ING02417;PIÑA PULPA CONGELADO;compra mas reciente en el SGP (2021-01-16)
PRD00567;PIÑA;ING02418;PIÑA SELVA;con stock en el inventario inicial
PRD00573;PLATANO DE FREIR (BELLACO);ING02420;PLATANO BELLACO;con stock en el inventario inicial
PRD00460;PLATANO DE ISLA;ING02422;PLATANO DE LA ISLA;compra mas reciente en el SGP (2026-08-24)
PRD03653;CAJA CHICA -PLATANO DE SEDA;ING02423;PLATANO DE SEDA;compra mas reciente en el SGP (2019-06-21)
PRD00568;PLATANO DE SEDA;ING02425;PLATANO SEDA REFRIGERADO;con stock en el inventario inicial
PRD02318;PLATO TENDIDO PARA ENTRADA DESCARTABLE 25 UND;ING02436;PLATO TENDIDO PARA ENTRADA DESCARTABLE;compra mas reciente en el SGP (2020-06-16)
PRD02316;PLATO TENDIDO PARA POSTRE DESCARTABLE 25 UND;ING02437;PLATO TENDIDO PARA POSTRE DESCARTABLE;compra mas reciente en el SGP (2020-06-16)
PRD02319;PLATO TENDIDO PARA SEGUNDO DESCARTABLE # 20 MILLAR;ING02438;PLATO TENDIDO PARA SEGUNDO DESCARTABLE # 20;con stock en el inventario inicial
PRD01781;POLLO MARINADO PARA BRASA RANGO 1.2KG CONGELADO;ING02453;POLLO MARINADO PARA BRASA 1.2 KG CONGELADO;compra mas reciente en el SGP (2023-05-24)
PRD02433;MOLLEJA DE POLLO CONGELADO;ING02454;POLLO MOLLEJA CONGELADO;compra mas reciente en el SGP (2020-07-21)
PRD01756;PIERNA DE POLLO CON ENCUENTRO CONGELADO (BLOQUE) IMPORT;ING02456;POLLO PIERNA CON ENCUENTRO CONGELADO;con stock en el inventario inicial
PRD01763;FILETE DE PIERNA DE POLLO S/H S/P CONGELADO (IMPORTACION);ING02457;POLLO PIERNA FILETE CON PIEL CONGELADO;compra mas reciente en el SGP (2025-10-01)
PRD01777;POLLO SIN MENUDENCIA CONGELADO RANGO 1.68 KG;ING02460;POLLO SIN MENUDENCIA CONGELADO;con stock en el inventario inicial
PRD01762;POLLO SIN MENUDENCIA CONGELADO 1.1 - 1.4 KG - PERDIX;ING02461;POLLO SIN MENUDENCIA CONGELADO 1.2 KG;con stock en el inventario inicial
PRD00967;POLVO DE HORNEAR LESAFFRE INVENTIS 5 KG;ING02463;POLVO DE HORNEAR;con stock en el inventario inicial
PRD02984;CAJA CHICA - POLVO DE HORNEAR FLEISCHMAN 20 GR;ING02466;POLVO DE HORNEAR FLEISCHMAN 20 GR;compra mas reciente en el SGP (2018-10-01)
PRD03189;CAJA CHICA - POP CORN A GRANEL - MAIZ PERLITA;ING02468;POP CORN A GRANEL - MAIZ PERLITA;compra mas reciente en el SGP (2026-07-20)
PRD02927;CAJA CHICA - POP CORN NATURAL MICROONDAS;ING02475;POP CORN NATURAL MICROONDAS;compra mas reciente en el SGP (2022-06-13)
PRD00433;PORO;ING02476;PORO;con stock en el inventario inicial
PRD03639;CAJA CHICA - PORO FITZ;ING02477;PORO FITZ;compra mas reciente en el SGP (2024-01-28)
PRD02615;PORTA VASOS CARTON CON LOGO PARA 2 UND X MILLAR (TIPO BANDEJA);ING02479;PORTA VASOS CARTON C/LOGO PARA 2 UND (TIPO BANDEJA;con stock en el inventario inicial
PRD01456;POT & PAN - GARRAFA 5 LITROS -SPARTAN;ING02483;POT & PAN - GARRAFA 5 LITROS -SPARTAN;con stock en el inventario inicial
PRD01311;BEBIDA REHIDRATANTE FRUTILLA POWERADE 500 ML;ING02484;POWERADE FRUTILLA 500 ML;compra mas reciente en el SGP (2020-11-22)
PRD01312;BEBIDA REHIDRATANTE MANDARINA POWERADE 500ML;ING02485;POWERADE MANDARINA 500 ML;compra mas reciente en el SGP (2020-11-27)
PRD01587;BEBIDA REHIDRATANTE FRUTAS POWERADE PET 600 ML;ING02486;POWERADE REHIDRATANTE FRUTAS POWERADE PET 600 ML;compra mas reciente en el SGP (2026-09-13)
PRD01588;BEBIDA REHIDRATANTE LIMON POWERADE PET 600 ML;ING02487;POWERADE REHIDRATANTE LIMON POWERADE PET 600 ML;compra mas reciente en el SGP (2025-05-09)
PRD01589;BEBIDA REHIDRATANTE MORA POWERADE PET 600 ML;ING02488;POWERADE REHIDRATANTE MORA POWERADE PET 600 ML;compra mas reciente en el SGP (2026-07-24)
PRD00635;PRE ELABORADO EMIC BASE AMARILLA 1 KG;ING02490;PRE ELABORADO BASE AMARILLA;compra mas reciente en el SGP (2026-09-13)
PRD00636;PRE ELABORADO EMIC BASE CRIOLLA 1 KG;ING02491;PRE ELABORADO BASE CRIOLLA;con stock en el inventario inicial
PRD00640;PRE ELABORADO EMIC BASE ROJA (TOMATE) 1 KG;ING02492;PRE ELABORADO BASE DE TOMATE;compra mas reciente en el SGP (2026-08-07)
PRD00637;PRE ELABORADO EMIC BASE NEUTRAL 1 KG;ING02493;PRE ELABORADO BASE NEUTRA;con stock en el inventario inicial
PRD00638;PRE ELABORADO EMIC BASE NORTEÑA 1 KG;ING02494;PRE ELABORADO BASE NORTEÑA;con stock en el inventario inicial
PRD00639;PRE ELABORADO EMIC BASE ORIENTAL 1 KG;ING02495;PRE ELABORADO BASE ORIENTAL;con stock en el inventario inicial
PRD00641;PRE ELABORADO EMIC BASE VERDE 1 KG;ING02496;PRE ELABORADO BASE VERDE;compra mas reciente en el SGP (2026-09-13)
PRD00654;PRE ELABORADO RAM (CONSERVA) FRIJOL CANARIO SIN ADEREZO 1 KG;ING02499;PRE ELABORADO FRIJOL CANARIO SIN ADEREZO;con stock en el inventario inicial
PRD00597;PRE ELABORADO CONSERVA FRIJOL PANAMITO 1 KG OLIVEZA;ING02501;PRE ELABORADO RAM FRIJOL PANAMITO SIN ADEREZO 1 KG;compra mas reciente en el SGP (2025-10-09)
PRD00657;PRE ELABORADO RAM (CONSERVA)GARBANZO SIN ADEREZO 1 KG;ING02502;PRE ELABORADO RAM GARBANZO SIN ADEREZO;con stock en el inventario inicial
PRD00658;PRE ELABORADO RAM (CONSERVA) LENTEJA SIN ADEREZO 1 KG;ING02503;PRE ELABORADO RAM LENTEJA SIN ADEREZO 1 KG;con stock en el inventario inicial
PRD01001;PURATOS TEGRAL CHIFFON 10 KG;ING02509;PREMEZCLA CHIFON;compra mas reciente en el SGP (2018-12-20)
PRD00954;PREMEZCLA INVENTIS BIZCOCHUELO TRES LECHES 5 KG;ING02510;PREMEZCLA INVENTIS BIZCOCHUELO TRES LECHES;con stock en el inventario inicial
PRD00955;PREMEZCLA INVENTIS CHIFFON 5 KG;ING02511;PREMEZCLA INVENTIS CHIFFON;compra mas reciente en el SGP (2026-09-02)
PRD00907;PREMEZCLA INVENTIS PAN CIABATTA 10 KG;ING02513;PREMEZCLA INVENTIS PAN CIABATTA;compra mas reciente en el SGP (2026-06-22)
PRD00956;PREMEZCLA INVENTIS TORTA DE CHOCOLATE INTENSO 10 KG;ING02515;PREMEZCLA INVENTIS TORTA DE CHOCOLATE INTENSO;con stock en el inventario inicial
PRD01018;MERENGUE EN POLVO X 5KG;ING02516;PREMEZCLA MERENGUE;compra mas reciente en el SGP (2025-11-05)
PRD01014;PURATOS T. TORTA DE CHOCOLATE X 10 KG;ING02518;PREMEZCLA TORTA DE CHOCOLATE;compra mas reciente en el SGP (2018-12-20)
PRD01013;DULCERIO TRES LECHES X 1 LT;ING02519;PREMEZCLA TRES LECHES;compra mas reciente en el SGP (2026-03-05)
PRD02392;PROTECTOR FACIAL WORK 0.4MM;ING02524;PROTECTOR FACIAL WORK;compra mas reciente en el SGP (2021-07-23)
PRD00947;PUDIN DE CHOCOLATE UNIVERSAL 100 GR;ING02526;PUDIN CHOCOLATE INSTANTANEO;con stock en el inventario inicial
PRD01868;PULPA DE ARANDANO CONGELADO;ING02538;PULPA DE ARANDANOS CONGELADO;con stock en el inventario inicial
PRD01207;PULPA DE MELON CONGELADO;ING02544;PULPA DE MELON;compra mas reciente en el SGP (2018-12-31)
PRD01859;PULPA DE PALTA CONGELADO;ING02546;PULPA DE PALTA CONGELADA;compra mas reciente en el SGP (2025-11-14)
PRD01296;PULVERIZADOR PLASTICO 750 ML;ING02551;PULVERIZADOR PLASTICO 750 ML;compra mas reciente en el SGP (2026-04-23)
PRD00918;PURATOS EASY CIABATTA 10 KG;ING02553;PURATOS EASY CIABATA 10 KG;compra mas reciente en el SGP (2018-12-20)
PRD00902;PURATOS EASY PAN FIBRA 5 KG;ING02554;PURATOS EASY PAN DE FIBRA;compra mas reciente en el SGP (2025-06-15)
PRD01043;PURATOS T. TORTA DE CHOCOLATE EXTREMO X 10 KG;ING02557;PURATOS T. TORTA DE CHOCOLATE EXTREMO;compra mas reciente en el SGP (2022-02-05)
PRD00588;PURÉ DE CAMOTE RAM 1 KG;ING02558;PURE DE CAMOTE;compra mas reciente en el SGP (2022-12-29)
PRD02223;PURE DE CAMOTE EMIC 1 KG;ING02559;PURE DE CAMOTE EMIC 1 KG;compra mas reciente en el SGP (2019-12-19)
PRD00653;PURÉ DE MANZANA RAM 5 KG;ING02560;PURE DE MANZANA;compra mas reciente en el SGP (2019-12-08)
PRD00599;PURE DE PAPA AMARILLA MACROFOOD 1 KG;ING02562;PURE DE PAPA DESHIDRATADA;compra mas reciente en el SGP (2026-09-02)
PRD04020;CAJA CHICA - QUESO CREAM CHEESE DELICE CAJA 227 GR;ING02572;QUESO CREAM CHEESE DELICE CAJA 227 GR;compra mas reciente en el SGP (2024-03-19)
PRD00669;QUESO EDAM EN TAJADAS X 500 GR CONGELADO;ING02575;QUESO EDAM;con stock en el inventario inicial
PRD02138;QUESO EDAM LAMINADO LAIVE 500 GR REFRIGERADO;ING02576;QUESO EDAM (UND);compra mas reciente en el SGP (2025-08-01)
PRD03215;CAJA CHICA - QUESO EDAM HUACARIZ KG;ING02577;QUESO EDAM HUACARIZ KG;compra mas reciente en el SGP (2024-03-19)
PRD03474;CAJA CHICA - QUESO EDAM REFRIGERADO;ING02579;QUESO EDAM REFRIGERADO;compra mas reciente en el SGP (2024-03-19)
PRD02141;QUESO FRESCO LAIVE MOLDE REFRIGERADO KG;ING02582;QUESO FRESCO REFRIGERADO;con stock en el inventario inicial
PRD02140;QUESO MOZARELLA MILKUNZ REFRIGERADO;ING02590;QUESO MOZARELLA;con stock en el inventario inicial
PRD03741;CAJA CHICA - QUESO PARIA BONLE X KG;ING02591;QUESO PARIA BONLE X KG;compra mas reciente en el SGP (2018-07-18)
PRD02149;QUESO PARMESANO RALLADO LA PAULINA (LACTAFOOD)REFRIGERADO 500 GR;ING02594;QUESO PARMESANO REFRIGERADO;compra mas reciente en el SGP (2026-07-12)
PRD00367;QUINUA CANTA CLARO 5 KG;ING02598;QUINUA;con stock en el inventario inicial
PRD00084;QUINUA AVENA 3 OSITOS 170 GR;ING02599;QUINUA CON AVENA;compra mas reciente en el SGP (2020-09-30)
PRD03094;CAJA CHICA - QUINUA X 5KG;ING02600;QUINUA X 5KG;compra mas reciente en el SGP (2019-07-16)
PRD00434;RABANITO;ING02602;RABANITO;con stock en el inventario inicial
PRD04021;CAJA CHICA - RABANITO X KG;ING02603;RABANITO X KG;compra mas reciente en el SGP (2024-01-28)
PRD01858;RAFIA ROLLO CONO;ING02604;RAFIA EN CONO;compra mas reciente en el SGP (2021-02-18)
PRD01596;RECOGEDOR PLASTICO;ING02610;RECOGEDORES PLASTICO HUDE;compra mas reciente en el SGP (2020-09-06)
PRD02896;CAJA CHICA - REPUESTO DE PULVERIZADOR (GATILLO);ING02618;REPUESTO DE PULVERIZADOR (GATILLO);compra mas reciente en el SGP (2020-07-08)
PRD01795;RES - ASADO (OXAPAMPA);ING02628;RES - ASADO (OXAPAMPA);compra mas reciente en el SGP (2026-08-24)
PRD01810;RES - ASADO;ING02630;RES - ASADO CONGELADO;compra mas reciente en el SGP (2025-10-10)
PRD01824;RES - ASADO PL CONGELADO - KGM;ING02631;RES - ASADO PL CONGELADO;compra mas reciente en el SGP (2018-07-18)
PRD01796;RES - BISTECK (OXAPAMPA);ING02635;RES - BISTECK;compra mas reciente en el SGP (2026-08-14)
PRD01790;RES - BISTECK (DON GOYO);ING02636;RES - BISTECK CONGELADO;con stock en el inventario inicial
PRD01791;RES - GUISO CONGELADO (DON GOYO);ING02637;RES - GUISO CONGELADO;con stock en el inventario inicial
PRD01818;RES - MALAYA (DON GOYO);ING02641;RES - MALAYA CONGELADO;con stock en el inventario inicial
PRD01815;RES - SOPAS C/HUESO;ING02645;RES - SOPAS C/HUESO CONGELADO;compra mas reciente en el SGP (2018-12-31)
PRD01799;RES - SOPAS S/HUESO (OXAPAMPA);ING02646;RES - SOPAS C/HUESO PL CONGELADO;compra mas reciente en el SGP (2026-06-11)
PRD01792;RES - SOPAS S/HUESO (DON GOYO);ING02647;RES - SOPAS S/HUESO CONGELADO;con stock en el inventario inicial
PRD01214;HAMBURGUESA DE RES CONGELADO;ING02670;RES HAMBURGUESA CONGELADO;compra mas reciente en el SGP (2020-11-27)
PRD01215;HIGADO DE RES CONGELADO;ING02671;RES HIGADO CONGELADO;con stock en el inventario inicial
PRD01803;LOMO FINO SIN CORDON CONGELADO BRASILERO;ING02672;RES LOMO FINO CONGELADO IMPORTADO;con stock en el inventario inicial
PRD01229;PATA DE RES CONGELADO;ING02677;RES PATA CONGELADO;compra mas reciente en el SGP (2021-08-12)
PRD00438;ROCOTO;ING02681;ROCOTO NORMAL;con stock en el inventario inicial
PRD00463;ROCOTO P/ RELLENO;ING02682;ROCOTO PARA RELLENO;compra mas reciente en el SGP (2026-09-03)
PRD00886;ROMERO TIPO PIZZA 4 ESTACIONES 250 GR;ING02684;ROMERO;con stock en el inventario inicial
PRD03128;CAJA CHICA - ROSCA CON OREGANO;ING02688;ROSCA CON OREGANO;compra mas reciente en el SGP (2025-01-21)
PRD00852;SAL LOPESA 1 KG;ING02702;SAL DE COCINA;con stock en el inventario inicial
PRD00165;SAL PERSONAL SODEXO (0.5GR) 1 MILLAR;ING02705;SAL PERSONAL SODEXO (0.5 GR);con stock en el inventario inicial
PRD00799;SALCHICHA HUACHO CONGELADO KG;ING02709;SALCHICHA DE HUACHO CONGELADO;con stock en el inventario inicial
PRD01849;HOT DOG CONGELADO KG;ING02711;SALCHICHA HOT DOG CONGELADO;con stock en el inventario inicial
PRD02204;SALSA AJI PARRILLERO EMIC 1 KG;ING02715;SALSA AJI PARRILLERO EMIC 1 KG;con stock en el inventario inicial
PRD00158;SALSA BARBECUE BBQ ORIGINAL HUNT 510 ML;ING02717;SALSA BBQ;compra mas reciente en el SGP (2019-11-07)
PRD01097;SALSA BBQ LUREN 510 GRM;ING02718;SALSA BBQ (KG);compra mas reciente en el SGP (2021-01-29)
PRD00648;SALSA BLANCA EMIC 1 KG;ING02722;SALSA BLANCA;con stock en el inventario inicial
PRD01055;SALSA DE AJI CASERO TRESA 8/10 GR;ING02730;SALSA DE AJI CASERO 10 GR;con stock en el inventario inicial
PRD01078;SALSA DE AJI SODEXO 5 GR;ING02733;SALSA DE AJI SACHET;compra mas reciente en el SGP (2019-04-06)
PRD01074;SALSA DE AJI TARI 10/8 GR;ING02735;SALSA DE AJI TARI 10 GR;compra mas reciente en el SGP (2022-04-07)
PRD01079;SALSA DE ROCOTO SODEXO 5 GR;ING02742;SALSA DE ROCOTO SACHET;compra mas reciente en el SGP (2019-03-20)
PRD01099;SALSA INGLESA LUREN 295 ML PET;ING02748;SALSA INGLESA (L);compra mas reciente en el SGP (2025-01-08)
PRD02205;SALSA MAYONESA ACEVICHADA EMIC 1 KG;ING02750;SALSA MAYONESA ACEVICHADA;con stock en el inventario inicial
PRD00166;SALSA MENSI KIKKO 350 ML PET;ING02751;SALSA MENSI (L);compra mas reciente en el SGP (2024-03-03)
PRD01060;SALSA OSTION HADAY X 260 ML - UNIDAD;ING02753;SALSA OSTION;con stock en el inventario inicial
PRD00157;SALSA OSTION LEE KUN KEE 510/480 GR;ING02754;SALSA OSTION (KG);compra mas reciente en el SGP (2023-08-16)
PRD00647;SALSA PESTO (VERDE) EMIC 1 KG;ING02759;SALSA PESTO EMIC;con stock en el inventario inicial
PRD01092;SALSA POMODORO EMIC 1 KG;ING02761;SALSA POMODORO;compra mas reciente en el SGP (2019-12-19)
PRD01063;SALSA SILLAO LOPESA 5 LT;ING02763;SALSA SILLAO;con stock en el inventario inicial
PRD00155;SALSA TAUSI LEE KUN KEE 368 GR;ING02774;SALSA TAUSI (AJOS Y FREJOLES NEGROS);compra mas reciente en el SGP (2018-09-05)
PRD00245;SALVADO DE TRIGO KUMARA 5 KG;ING02780;SALVADO DE TRIGO;compra mas reciente en el SGP (2026-05-27)
PRD00569;SANDIA;ING02785;SANDIA;con stock en el inventario inicial
PRD02498;SANIT-OX FP SPARTAN 5 LITROS;ING02789;SANIT - OX FP SPARTAN - DESINFECTANTE ALIME Y SUPE;con stock en el inventario inicial
PRD01435;SANIT 10 GARRAFA- 5 LITROS SPARTAN;ING02790;SANIT 10 GARRAFA;con stock en el inventario inicial
PRD01599;SECADOR DE TELA;ING02793;SECADOR DE TELA;compra mas reciente en el SGP (2020-12-19)
PRD00246;SEMOLA MOLITALIA 25 KG;ING02794;SEMOLA;compra mas reciente en el SGP (2026-04-09)
PRD03095;CAJA CHICA - SEMOLA SAYON KG;ING02796;SEMOLA SAYON KG;compra mas reciente en el SGP (2019-05-29)
PRD01331;SERVILLETA AIRFLEX 200 HOJAS (30209703);ING02799;SERVILLETA AIRFLEX 200 HOJAS;compra mas reciente en el SGP (2019-02-06)
PRD01332;SERVILLETA ELITE ECOLOGICA 33 X 22.5 100 UND;ING02803;SERVILLETA ELITE ECOLOGICA 33 X 22.5 100 UNID;compra mas reciente en el SGP (2025-04-23)
PRD01330;SERVILLETA POP UP AIRFLEX SCOTT 120 UND ( 30209601 );ING02805;SERVILLETA POP UP AIRFLEX SCOTT;con stock en el inventario inicial
PRD01329;SERVILLETA TESS 6 UND DE 400 HOJAS;ING02806;SERVILLETA TESS 6 UND DE 400 HOJAS;compra mas reciente en el SGP (2021-11-27)
PRD03735;CAJA CHICA - SERVILLETAS DOBLADAS X 50 UND;ING02807;SERVILLETAS DOBLADAS X 50 UND;compra mas reciente en el SGP (2021-02-25)
PRD02070;SHAMPOO H&S 180 ML;ING02810;SHAMPOO 200 ML H&S;compra mas reciente en el SGP (2019-02-13)
PRD02685;SHAMPOO PANTENE 18 ML;ING02817;SHAMPOO PANTENE 18 ML;compra mas reciente en el SGP (2023-10-19)
PRD03717;CAJA CHICA - SILICONA CRISTAL 3.8 LT;ING02826;SILICONA CRISTAL 3.8 LT;compra mas reciente en el SGP (2020-07-10)
PRD00481;SIROPE DE MAPLE LAIVE 355 ML;ING02831;SIROPE DE MAPLE LAIVE 355 ML;compra mas reciente en el SGP (2026-02-16)
PRD01971;SIU MAI DE CERDO 20 GR CONGELADO;ING02832;SIU MAI DE CERDO 25 G CONGELADO;compra mas reciente en el SGP (2020-07-21)
PRD01140;PIQUEO SNACK FRITO LAY 190 GR;ING02838;SNACK FRITO LAY;compra mas reciente en el SGP (2025-12-24)
PRD02497;SPARCLEAN CHLORINATED DETERGENT SPARTAN 5 LITROS;ING02859;SPARCLEAN CHLORINATED DETERGENT SPARTAN - LAVAVAJI;compra mas reciente en el SGP (2025-01-13)
PRD02507;SPARCLEAN RINSE AID II SPARTAN 19 LITROS;ING02860;SPARCLEAN RINSE AID II SPARTAN - SECANTE DE VAJILL;compra mas reciente en el SGP (2024-01-24)
PRD01455;SPARCLEAN RINSE AID II SPARTAN 5 LT;ING02861;SPARCLEAN RINSE AID II SPARTAN 5 LT;compra mas reciente en el SGP (2024-01-24)
PRD02496;SPARCLEAN RINSE AID II SPARTAN 5 LITROS;ING02862;SPARCLEAN RINSE AID II SPARTAN 5 LT (L);compra mas reciente en el SGP (2025-01-13)
PRD02314;"STRECH FILM NO ALIMENTARIO PARA EMBALAJE TRANSPARENTE ROLLO 20"" 1.5 KG";ING02872;"STRECH FILM TRANSPARENTE ANTALIS ROLL 20""300MT (NA";con stock en el inventario inicial
PRD00311;CHOCOLATE STICK SUBLIME 14 GR;ING02876;SUBLIME STICK 16 GR;compra mas reciente en el SGP (2019-08-03)
PRD02675;SUJETADOR PARA MASCARILLAS;ING02877;SUJETADOR PARA MASCARILLAS;compra mas reciente en el SGP (2021-07-23)
PRD01454;SUPERCLEAN FP GARRAFA - 5 LITROS - SPARTAN;ING02881;SUPERCLEAN FP SPARTAN - DESENGRASANTE;compra mas reciente en el SGP (2026-01-17)
PRD00759;TALCO PARA PIES REXONA 200 GR;ING02883;TALCO PARA PIES REXONA 200 ML;compra mas reciente en el SGP (2025-02-02)
PRD00628;TAMAL DE MAIZ 150 GR;ING02884;TAMAL DE POLLO;con stock en el inventario inicial
PRD02305;TAPA ENVASE DESCARTABLE F5 16 OZ 250 UND TRANSPARENTE/ NEGRO;ING02893;TAPA ENVASE DESCARTABLE F5 16 OZ TRANSPARENTE/NE;compra mas reciente en el SGP (2024-10-21)
PRD02307;TAPA ENVASE DESCARTABLE F5 32 OZ 200 UND TRANSPARENTE/NEGRO;ING02894;TAPA ENVASE DESCARTABLE F5 32 OZ TRANSPARENTE/NE;compra mas reciente en el SGP (2024-10-30)
PRD02309;TAPA ENVASE DESCARTABLE REDONDO 1000 CC / 500CC 500 UND;ING02895;TAPA ENVASE DESCARTABLE REDONDO 1000 CC/500 CC;compra mas reciente en el SGP (2024-05-23)
PRD02312;TAPA ENVASE DESCARTABLE REDONDO 8 OZ 500 UND;ING02896;TAPA ENVASE DESCARTABLE REDONDO 8 OZ;compra mas reciente en el SGP (2024-05-23)
PRD02626;TAPA PARA ENVASE DESCARTABLE CIRCULAR PS BLANCO 0.5 - 1 LT ALFA X 200 UND;ING02898;TAPA P/ENVASE DESCARTABLE CIRCULAR PP BLAN 0.5-1LT;con stock en el inventario inicial
PRD02624;TAPA PARA ENVASE DESCARTABLE CIRCULAR PP TRANSPARENTE 0.5-1 LT ALFA X 200 UND;ING02899;TAPA P/ENVASE DESCARTABLE CIRCULAR PP TRAN 0.5-1LT;con stock en el inventario inicial
PRD02625;TAPA PARA ENVASE DESCARTABLE CIRCULAR PP TRANSPARENTE 8 OZ X 400 UND;ING02900;TAPA P/ENVASE DESCARTABLE CIRCULAR PP TRAN 8 OZ;con stock en el inventario inicial
PRD02627;TAPA PARA ENVASE DESCARTABLE RECTANGULAR TRANSPARENTE PP 0.5 LT ALFA X 200 UND;ING02901;TAPA P/ENVASE DESCARTABLE RECTANG TRANSP PP 0.5 LT;con stock en el inventario inicial
PRD02628;TAPA PARA ENVASE DESCARTABLE RECTANGULAR TRANSPARENTE PP 1 LT ALFA X 200 UND;ING02902;TAPA P/ENVASE DESCARTABLE RECTANG TRANSP PP 1 LT;con stock en el inventario inicial
PRD02633;TAPA PET PARA ENVASE SALAD BOWL DE BAMBU 1000 ML X 600 UND;ING02910;TAPA PET PARA ENVASE SALAD BOWL DE BAMBU 1000 ML;con stock en el inventario inicial
PRD02404;TAPA PARA VASO POLIPAPEL 8 OZ C/DISEÑO BEBIDAS CALIENTES X MILLAR;ING02919;TAPA VASO POLIPAPEL 8 OZ DISEÑO BEBIDAS CALIENTES;compra mas reciente en el SGP (2024-09-29)
PRD00506;INFUSION TE BOLDO DEL VALLE 100 SOBRES;ING02930;TE BOLDO SOBRECITO;con stock en el inventario inicial
PRD00503;INFUSION TE CANELA Y CLAVO DEL VALLE 100 SOBRES;ING02931;TE CANELA Y CLAVO SOBRECITO;con stock en el inventario inicial
PRD00504;INFUSION TE PURO DEL VALLE 100 SOBRES;ING02933;TE ROJO SOBRECITO;con stock en el inventario inicial
PRD02286;TENEDOR ACRILICO DESCARTABLE 50 UND;ING02937;TENEDOR PARA SEGUNDO BLANCO DE PLASTICO DESCARTABL;con stock en el inventario inicial
PRD00411;TENEDOR ACRILICO DESCARTABLE 100 UND;ING02940;TENEDORES PARA SEGUNDO;compra mas reciente en el SGP (2026-02-12)
PRD01972;TEQUEÑOS DE LOMITO 20 GR CONGELADO;ING02941;TEQUEÑOS DE LOMITO 20 G CONGELADO;con stock en el inventario inicial
PRD02693;"TIJERA GRANDE ARTESCO 8""";ING02943;"TIJERA GRANDE ARTESCO 8""";compra mas reciente en el SGP (2026-06-12)
PRD02656;TOCA TIPO MEDIA CAMPANA 12 GR ISUD X100UND;ING02951;TOCA TIPO MEDIA CAMPANA X 100UND;con stock en el inventario inicial
PRD02657;TOCA SOFT BLANCA ISUD 12 GR DOS LIGAS X100UND;ING02952;TOCA TIPO TIRA (CAJA X 100 UND);con stock en el inventario inicial
PRD00797;TOCINO AHUMADO CONGELADO KG;ING02954;TOCINO AHUMADO CONGELADO;con stock en el inventario inicial
PRD03634;CAJA CHICA - TOMATE;ING02965;TOMATE;compra mas reciente en el SGP (2022-02-24)
PRD00435;TOMATE;ING02966;TOMATE CRIOLLO;con stock en el inventario inicial
PRD00887;TOMILLO TIPO PIZZA 4 ESTACIONES 250 GR;ING02967;TOMILLO;compra mas reciente en el SGP (2026-07-12)
PRD00674;TORTILLA PARA TACOS BIMBO X 12 UNIDS MEDIANO (RAPIDITAS);ING02982;TORTILLAS DE TACO X 12 UND MEDIANO;compra mas reciente en el SGP (2026-02-24)
PRD02990;CAJA CHICA - TRAPEADOR C/BASE PLASTICO DARITZ;ING02985;TRAPEADOR C/BASE PLASTICO DARITZ;compra mas reciente en el SGP (2020-07-10)
PRD00381;TRIGO PELADO CANTA CLARO 5 KG;ING02993;TRIGO PELADO;con stock en el inventario inicial
PRD01742;TRUCHA SIN CABEZA EVISCERADA CONGELADA 100 - 500 GR;ING02996;TRUCHA ENTERA EVISCERADA CONGELADA 100 - 170 GR;compra mas reciente en el SGP (2021-10-08)
PRD01746;TRUCHA ENTERA EVISCERADA CONGELADA 100 - 400 GR;ING02997;TRUCHA ENTERA EVISCERADA CONGELADA 100 - 400 GR;con stock en el inventario inicial
PRD00585;TUNAS;ING02998;TUNA ROJA;con stock en el inventario inicial
PRD02060;UVA VERDE;ING03007;UVA ITALIA;compra mas reciente en el SGP (2026-01-01)
PRD00570;UVA NEGRA;ING03009;UVA NEGRA;con stock en el inventario inicial
PRD00577;UVA RED GLOBE;ING03010;UVA RED GLOBE;compra mas reciente en el SGP (2019-02-11)
PRD00507;INFUSION UÑA DE GATO DEL VALLE 100 SOBRES;ING03013;UÑA DE GATO SOBRECITO;con stock en el inventario inicial
PRD01199;VAINITA EN TROZOS CONGELADA;ING03014;VAINITA REFRIGERADO / CONGELADO;con stock en el inventario inicial
PRD02646;VASO POLIPAPEL BLANCO 8 OZ MILLAR;ING03020;VASO DESCARTABLE POLIPAPEL;con stock en el inventario inicial
PRD02403;VASO POLIPAPEL 8 OZ C/DISEÑO BEBIDAS CALIENTES X MILLAR;ING03027;VASO POLIPAPEL 8 OZ DISEÑO BEBIDAS CALIENTES;compra mas reciente en el SGP (2024-08-18)
PRD01090;VINAGRE BALSAMICO LUREN 5 LT PET;ING03037;VINAGRE BALSAMICO;compra mas reciente en el SGP (2021-09-07)
PRD01052;VINAGRE BLANCO TRESA 3.8 LT;ING03041;VINAGRE BLANCO;con stock en el inventario inicial
PRD01047;VINAGRE BLANCO FANNY 500 ML;ING03042;VINAGRE BLANCO FANNY;compra mas reciente en el SGP (2020-08-13)
PRD01091;VINAGRE DE MANZANA OLIVOS DEL SUR 4 LT PET;ING03046;VINAGRE DE MANZANA;compra mas reciente en el SGP (2024-10-21)
PRD01053;VINAGRE TINTO TRESA 3.8 LT;ING03047;VINAGRE TINTO;con stock en el inventario inicial
PRD00681;WAFER CHOCOLATE COSTA NIK 27 GR;ING03057;WAFER CHOCOLATE COSTA NIK 27 GR;compra mas reciente en el SGP (2026-08-03)
PRD01973;WANTAN ARMADO CON RELLENO SIU MAI CERDO 17 GR CONGELADO;ING03062;WANTAN CON RELLENO SIU MAI CERDO 17 G CONGELADO;compra mas reciente en el SGP (2021-11-05)
PRD02524;WHITE CLEAN PLUS FP SPARTAN 5 LITROS;ING03065;WHITE CLEAN PLUS FP SPARTAN - DETERGENTE NEUTRO;con stock en el inventario inicial
PRD02495;XTREME CLEAN SPARTAN 5 LITROS;ING03066;XTREME CLEAN SPARTAN - REMOVEDOR DE GRASA;compra mas reciente en el SGP (2025-11-07)
PRD02173;YOGURT DE FRESA GLORIA 180 ML (EMER);ING03071;YOGURT 180 ML;compra mas reciente en el SGP (2026-05-10)
PRD02161;YOGURT DE FRESA GLORIA 500 ML;ING03114;YOGURT X 500 ML;con stock en el inventario inicial
PRD00451;YUCA;ING03116;YUCA AMARILLA;compra mas reciente en el SGP (2018-12-20)
PRD01200;YUCA CONGELADA;ING03117;YUCA AMARILLA CONGELADO;con stock en el inventario inicial
PRD01861;YUCA PARA GUARNICION LIBER CONGELADOS;ING03123;YUCA TROZADA CONGELADA;compra mas reciente en el SGP (2018-11-08)
PRD00436;ZANAHORIA;ING03124;ZANAHORIA;con stock en el inventario inicial
PRD03211;CAJA CHICA - ZANAHORIA BB;ING03125;ZANAHORIA BB;compra mas reciente en el SGP (2026-04-14)
PRD00437;ZAPALLITO ITALIANO;ING03130;ZAPALLO ITALIANO;con stock en el inventario inicial
PRD00453;ZAPALLO MACRE;ING03131;ZAPALLO MACRE;con stock en el inventario inicial
PRD02071;ZAPALLO MACRE EN CUBO LIBER 1.5 X 1.5 CM CONGELADO;ING03132;ZAPALLO MACRE CONGELADO;con stock en el inventario inicial
PRD01862;ZUMO DE LIMON CONGELADO;ING03133;ZUMO DE LIMON CONGELADO;con stock en el inventario inicial
