regimen;servicio;fecha;estructura;receta_codigo_sgp;receta;raciones;producto_codigo_sgp;producto;cantidad_bruta_racion;cantidad_bulto;unidad_bulto;cantidad_despacho;unidad_despacho
REGIMEN 1;DESAYUNO NORMAL 1;2026-10-01;PLATO DE FONDO NORMAL 1;276;PUL - CHANFAINITA;350;10101036994;ACEITE VEGETAL CIELO 5 LT;0.002;0.14;BID;0.7;LT
REGIMEN 1;DESAYUNO NORMAL 1;2026-10-01;PLATO DE FONDO NORMAL 1;276;PUL - CHANFAINITA;350;1020222489;PRE ELABORADO RAM BASE CRIOLLA 1 KG;0.008;2.8;BOL;2.8;KG
REGIMEN 1;DESAYUNO NORMAL 1;2026-10-01;PLATO DE FONDO NORMAL 1;276;PUL - CHANFAINITA;350;4010830437;CHANFAINITA CONGELADO;0.09;31.5;KG;31.5;KG
REGIMEN 1;DESAYUNO NORMAL 1;2026-10-01;PLATO DE FONDO NORMAL 1;276;PUL - CHANFAINITA;350;1020530572;COMINO MOLIDO 4 ESTACIONES 1 KG;0;0.007;BOL;0.007;KG
REGIMEN 1;DESAYUNO NORMAL 1;2026-10-01;PLATO DE FONDO NORMAL 1;276;PUL - CHANFAINITA;350;1020530600;PIMIENTA NEGRA MOLIDA 4 ESTACIONES 1 KG;0.0001;0.021;BOL;0.021;KG
REGIMEN 1;DESAYUNO NORMAL 1;2026-10-01;PLATO DE FONDO NORMAL 1;276;PUL - CHANFAINITA;350;10205037563;SAL DE COCINA SALINA 1 KG;0.002;0.7;BOL;0.7;KG
REGIMEN 1;DESAYUNO NORMAL 1;2026-10-01;PLATO DE FONDO NORMAL 1;276;PUL - CHANFAINITA;350;101020025;HIERBA BUENA;0.003;1.05;KG;1.05;KG
REGIMEN 1;DESAYUNO NORMAL 1;2026-10-01;PLATO DE FONDO NORMAL 1;276;PUL - CHANFAINITA;350;102010018;PAPA BLANCA;0.12;42;KG;42;KG
REGIMEN 1;DESAYUNO NORMAL 1;2026-10-01;PLATO DE FONDO NORMAL 1;276;PUL - CHANFAINITA;350;102010021;PEREJIL;0.002;0.7;KG;0.7;KG
REGIMEN 1;DESAYUNO NORMAL 1;2026-10-01;PLATO DE FONDO NORMAL 1;276;PUL - CHANFAINITA;350;33598;CAJA CHICA - AGUA PARA RECETA - CH;0.03;10.5;LT;10.5;LT
REGIMEN 1;DESAYUNO NORMAL 1;2026-10-01;GUARNICION ARROZ;270;ARROZ BLANCO;300;10101036994;ACEITE VEGETAL CIELO 5 LT;0.006;0.36;BID;1.8;LT
REGIMEN 1;DESAYUNO NORMAL 1;2026-10-01;GUARNICION ARROZ;270;ARROZ BLANCO;300;10205037563;SAL DE COCINA SALINA 1 KG;0.003;0.9;BOL;0.9;KG
REGIMEN 1;DESAYUNO NORMAL 1;2026-10-01;GUARNICION ARROZ;270;ARROZ BLANCO;300;10202041457;PASTA DE AJO CONCENTRADA EMIC 1 KG;0.005;1.5;BOL;1.5;KG
REGIMEN 1;DESAYUNO NORMAL 1;2026-10-01;GUARNICION ARROZ;270;ARROZ BLANCO;300;10102041614;ARROZ COSTEÑO EXTRA HOJA REDONDA AÑEJO 50 KG;0.1;0.6;SCO;30;KG
REGIMEN 1;DESAYUNO NORMAL 1;2026-10-01;GUARNICION ARROZ;270;ARROZ BLANCO;300;33598;CAJA CHICA - AGUA PARA RECETA - CH;0.12;36;LT;36;LT
REGIMEN 1;DESAYUNO NORMAL 1;2026-10-01;GUARNICION 1;849;MOTE;200;10205037563;SAL DE COCINA SALINA 1 KG;0.002;0.4;BOL;0.4;KG
REGIMEN 1;DESAYUNO NORMAL 1;2026-10-01;GUARNICION 1;849;MOTE;200;101020149;MAIZ MOTE EL PLEBEYO 5 KG;0.03;1.2;BOL;6;KG
REGIMEN 1;DESAYUNO NORMAL 1;2026-10-01;BEBIDA FRIA 1;1565;JUGO DE PAPAYA CON NARANJA;169;1010425038;AZUCAR RUBIA;0.01;1.69;KG;1.69;KG
REGIMEN 1;DESAYUNO NORMAL 1;2026-10-01;BEBIDA FRIA 1;1565;JUGO DE PAPAYA CON NARANJA;169;102020013;PAPAYA;0.15;25.35;KG;25.35;KG
REGIMEN 1;DESAYUNO NORMAL 1;2026-10-01;BEBIDA FRIA 1;1565;JUGO DE PAPAYA CON NARANJA;169;33598;CAJA CHICA - AGUA PARA RECETA - CH;0.0416;7.03;LT;7.03;LT
REGIMEN 1;DESAYUNO NORMAL 1;2026-10-01;BEBIDA FRIA 1;1565;JUGO DE PAPAYA CON NARANJA;169;102030298;JUGO DE NARANJA PASTEURIZADO X 3.8 LT;0.07;3.113;BOT;11.83;LT
REGIMEN 1;DESAYUNO NORMAL 1;2026-10-01;BEBIDA FRIA 2;186;JUGO DE PIÑA;127;102020016;PIÑA;0.25;31.75;KG;31.75;KG
REGIMEN 1;DESAYUNO NORMAL 1;2026-10-01;BEBIDA FRIA 2;186;JUGO DE PIÑA;127;33598;CAJA CHICA - AGUA PARA RECETA - CH;0.1531;19.444;LT;19.444;LT
REGIMEN 1;DESAYUNO NORMAL 1;2026-10-01;BEBIDA FRIA 2;186;JUGO DE PIÑA;127;1010425038;AZUCAR RUBIA;0.015;1.905;KG;1.905;KG
REGIMEN 1;DESAYUNO NORMAL 1;2026-10-01;BEBIDA CALIENTE 1;5245;PUNQUI (7 SEMILLAS);494;10106043118;HARINA 7 SEMILLAS MOLINOS DEL SOL 5 KG;0.015;1.482;BOL;7.41;KG
REGIMEN 1;DESAYUNO NORMAL 1;2026-10-01;BEBIDA CALIENTE 1;5245;PUNQUI (7 SEMILLAS);494;1010425038;AZUCAR RUBIA;0.015;7.41;KG;7.41;KG
REGIMEN 1;DESAYUNO NORMAL 1;2026-10-01;BEBIDA CALIENTE 1;5245;PUNQUI (7 SEMILLAS);494;1020530557;CANELA ENTERA 4 ESTACIONES 1 KG;0.0001;0.049;BOL;0.049;KG
REGIMEN 1;DESAYUNO NORMAL 1;2026-10-01;BEBIDA CALIENTE 1;5245;PUNQUI (7 SEMILLAS);494;33598;CAJA CHICA - AGUA PARA RECETA - CH;0.25;123.5;LT;123.5;LT
REGIMEN 1;DESAYUNO NORMAL 1;2026-10-01;BEBIDA CALIENTE 1;5245;PUNQUI (7 SEMILLAS);494;1020530564;CLAVO DE OLOR ENTERO 4 ESTACIONES 1 KG;0.0001;0.049;BOL;0.049;KG
REGIMEN 1;DESAYUNO NORMAL 1;2026-10-01;BEBIDA CALIENTE 1;5245;PUNQUI (7 SEMILLAS);494;101060562;ESCENCIA DE VAINILLA NEGRITA 1 LT PET;0.0001;0.049;BOT;0.049;LT
REGIMEN 1;DESAYUNO NORMAL 1;2026-10-01;BEBIDA CALIENTE 2;1054;CAFE PASADO;121;101040103;CAFE MOLIDO STANDAR RISSO GRANEL KG;0.0067;0.814;KG;0.814;KG
REGIMEN 1;DESAYUNO NORMAL 1;2026-10-01;BEBIDA CALIENTE 2;1054;CAFE PASADO;121;33598;CAJA CHICA - AGUA PARA RECETA - CH;0.3;36.3;LT;36.3;LT
REGIMEN 1;DESAYUNO NORMAL 1;2026-10-01;COMPLEMENTO 1;132;QUESO FRESCO;200;505060006;QUESO FRESCO BONLE MOLDE REFRIGERADO KG;0.03;6;KG;6;KG
REGIMEN 1;DESAYUNO NORMAL 1;2026-10-01;COMPLEMENTO 2;445;HUEVO FRITO;200;10205037563;SAL DE COCINA SALINA 1 KG;0.002;0.4;BOL;0.4;KG
REGIMEN 1;DESAYUNO NORMAL 1;2026-10-01;COMPLEMENTO 2;445;HUEVO FRITO;200;50402042247;HUEVO ROJO (CAJA 11.5 KG);0.14;2.435;CAJ;28;KG
REGIMEN 1;DESAYUNO NORMAL 1;2026-10-01;COMPLEMENTO 2;445;HUEVO FRITO;200;10101036994;ACEITE VEGETAL CIELO 5 LT;0.003;0.12;BID;0.6;LT
REGIMEN 1;DESAYUNO NORMAL 1;2026-10-01;COMPLEMENTO 3;1169;MANTEQUILLA CON SAL;240;505040005;MANTEQUILLA GLORIA PERSONAL 10 GR;1;240;UND;240;UND
REGIMEN 1;DESAYUNO NORMAL 1;2026-10-01;COMPLEMENTO 4;1179;MERMELADA;250;1020130542;MERMELADA FRESA TRES ESPADAS 16 GR;0.5;125;BLI;125;UND
REGIMEN 1;DESAYUNO NORMAL 1;2026-10-01;COMPLEMENTO 4;1179;MERMELADA;250;1020131321;MERMELADA NARANJA TRES ESPADAS 16 GR;0.5;125;BLI;125;UND
REGIMEN 1;DESAYUNO NORMAL 1;2026-10-01;COMPLEMENTO 5;125;HUEVOS A LA ORDEN;120;50402042247;HUEVO ROJO (CAJA 11.5 KG);0.12;1.252;CAJ;14.4;KG
REGIMEN 1;DESAYUNO NORMAL 1;2026-10-01;COMPLEMENTO 5;125;HUEVOS A LA ORDEN;120;10205037563;SAL DE COCINA SALINA 1 KG;0.001;0.12;BOL;0.12;KG
REGIMEN 1;DESAYUNO NORMAL 1;2026-10-01;COMPLEMENTO 5;125;HUEVOS A LA ORDEN;120;10101036994;ACEITE VEGETAL CIELO 5 LT;0.003;0.072;BID;0.36;LT
REGIMEN 1;DESAYUNO NORMAL 1;2026-10-01;PAN 1;252;PAN FRANCES;550;10206037587;PREMEZCLA INVENTIS PAN CIABATTA 10 KG;0.0032;0.176;BOL;1.76;KG
REGIMEN 1;DESAYUNO NORMAL 1;2026-10-01;PAN 1;252;PAN FRANCES;550;10106037527;HARINA ESPECIAL DEL CIELO GRANEL SACO 50 KG;0.0161;0.177;SCO;8.855;KG
REGIMEN 1;DESAYUNO NORMAL 1;2026-10-01;PAN 1;252;PAN FRANCES;550;33598;CAJA CHICA - AGUA PARA RECETA - CH;0.0105;5.775;LT;5.775;LT
REGIMEN 1;DESAYUNO NORMAL 1;2026-10-01;PAN 1;252;PAN FRANCES;550;101060031;LEVADURA INSTANTANEA LEVAPAN 500 GR;0.0002;0.22;BOL;0.11;KG
REGIMEN 1;DESAYUNO NORMAL 1;2026-10-01;PAN 2;250;PAN DE YEMA;550;10206037587;PREMEZCLA INVENTIS PAN CIABATTA 10 KG;0.0032;0.176;BOL;1.755;KG
REGIMEN 1;DESAYUNO NORMAL 1;2026-10-01;PAN 2;250;PAN DE YEMA;550;10106037527;HARINA ESPECIAL DEL CIELO GRANEL SACO 50 KG;0.016;0.176;SCO;8.776;KG
REGIMEN 1;DESAYUNO NORMAL 1;2026-10-01;PAN 2;250;PAN DE YEMA;550;33598;CAJA CHICA - AGUA PARA RECETA - CH;0.0082;4.505;LT;4.505;LT
REGIMEN 1;DESAYUNO NORMAL 1;2026-10-01;PAN 2;250;PAN DE YEMA;550;1010425038;AZUCAR RUBIA;0.0019;1.053;KG;1.053;KG
REGIMEN 1;DESAYUNO NORMAL 1;2026-10-01;PAN 2;250;PAN DE YEMA;550;101060031;LEVADURA INSTANTANEA LEVAPAN 500 GR;0.0002;0.175;BOL;0.087;KG
REGIMEN 1;DESAYUNO NORMAL 1;2026-10-02;PLATO DE FONDO NORMAL 1;432;POLL - ESCABECHE DE POLLO;350;10101036994;ACEITE VEGETAL CIELO 5 LT;0.002;0.14;BID;0.7;LT
REGIMEN 1;DESAYUNO NORMAL 1;2026-10-02;PLATO DE FONDO NORMAL 1;432;POLL - ESCABECHE DE POLLO;350;103020026;PIERNA DE POLLO CON ENCUENTRO CONGELADO;0.15;52.5;KG;52.5;KG
REGIMEN 1;DESAYUNO NORMAL 1;2026-10-02;PLATO DE FONDO NORMAL 1;432;POLL - ESCABECHE DE POLLO;350;50402042247;HUEVO ROJO (CAJA 11.5 KG);0.015;0.457;CAJ;5.25;KG
REGIMEN 1;DESAYUNO NORMAL 1;2026-10-02;PLATO DE FONDO NORMAL 1;432;POLL - ESCABECHE DE POLLO;350;1020530581;LAUREL 4 ESTACIONES 1 KG;0.0001;0.042;BOL;0.042;KG
REGIMEN 1;DESAYUNO NORMAL 1;2026-10-02;PLATO DE FONDO NORMAL 1;432;POLL - ESCABECHE DE POLLO;350;1020530572;COMINO MOLIDO 4 ESTACIONES 1 KG;0;0.007;BOL;0.007;KG
REGIMEN 1;DESAYUNO NORMAL 1;2026-10-02;PLATO DE FONDO NORMAL 1;432;POLL - ESCABECHE DE POLLO;350;1020530600;PIMIENTA NEGRA MOLIDA 4 ESTACIONES 1 KG;0.0001;0.021;BOL;0.021;KG
REGIMEN 1;DESAYUNO NORMAL 1;2026-10-02;PLATO DE FONDO NORMAL 1;432;POLL - ESCABECHE DE POLLO;350;10205037563;SAL DE COCINA SALINA 1 KG;0.002;0.7;BOL;0.7;KG
REGIMEN 1;DESAYUNO NORMAL 1;2026-10-02;PLATO DE FONDO NORMAL 1;432;POLL - ESCABECHE DE POLLO;350;101070178;CALDO DE GALLINA KNORR SACHET 1.5 KG;0.0001;0.014;BOL;0.021;KG
REGIMEN 1;DESAYUNO NORMAL 1;2026-10-02;PLATO DE FONDO NORMAL 1;432;POLL - ESCABECHE DE POLLO;350;1020222489;PRE ELABORADO RAM BASE CRIOLLA 1 KG;0.008;2.8;BOL;2.8;KG
REGIMEN 1;DESAYUNO NORMAL 1;2026-10-02;PLATO DE FONDO NORMAL 1;432;POLL - ESCABECHE DE POLLO;350;5060130729;ACEITUNA NEGRA RODAJA;0.007;2.45;KG;2.45;KG
REGIMEN 1;DESAYUNO NORMAL 1;2026-10-02;PLATO DE FONDO NORMAL 1;432;POLL - ESCABECHE DE POLLO;350;102010041;AJI AMARILLO X KG;0.005;1.75;KG;1.75;KG
REGIMEN 1;DESAYUNO NORMAL 1;2026-10-02;PLATO DE FONDO NORMAL 1;432;POLL - ESCABECHE DE POLLO;350;1010425038;AZUCAR RUBIA;0.001;0.35;KG;0.35;KG
REGIMEN 1;DESAYUNO NORMAL 1;2026-10-02;PLATO DE FONDO NORMAL 1;432;POLL - ESCABECHE DE POLLO;350;33598;CAJA CHICA - AGUA PARA RECETA - CH;0.02;7;LT;7;LT
REGIMEN 1;DESAYUNO NORMAL 1;2026-10-02;PLATO DE FONDO NORMAL 1;432;POLL - ESCABECHE DE POLLO;350;10106040287;MAICENA DURYEA 500 GR;0.003;2.1;CAJ;1.05;KG
REGIMEN 1;DESAYUNO NORMAL 1;2026-10-02;PLATO DE FONDO NORMAL 1;432;POLL - ESCABECHE DE POLLO;350;102010006;CEBOLLA ROJA;0.04;14;KG;14;KG
REGIMEN 1;DESAYUNO NORMAL 1;2026-10-02;PLATO DE FONDO NORMAL 1;432;POLL - ESCABECHE DE POLLO;350;102010021;PEREJIL;0.003;1.05;KG;1.05;KG
REGIMEN 1;DESAYUNO NORMAL 1;2026-10-02;GUARNICION ARROZ;270;ARROZ BLANCO;300;10101036994;ACEITE VEGETAL CIELO 5 LT;0.006;0.36;BID;1.8;LT
REGIMEN 1;DESAYUNO NORMAL 1;2026-10-02;GUARNICION ARROZ;270;ARROZ BLANCO;300;10205037563;SAL DE COCINA SALINA 1 KG;0.003;0.9;BOL;0.9;KG
REGIMEN 1;DESAYUNO NORMAL 1;2026-10-02;GUARNICION ARROZ;270;ARROZ BLANCO;300;10202041457;PASTA DE AJO CONCENTRADA EMIC 1 KG;0.005;1.5;BOL;1.5;KG
REGIMEN 1;DESAYUNO NORMAL 1;2026-10-02;GUARNICION ARROZ;270;ARROZ BLANCO;300;10102041614;ARROZ COSTEÑO EXTRA HOJA REDONDA AÑEJO 50 KG;0.1;0.6;SCO;30;KG
REGIMEN 1;DESAYUNO NORMAL 1;2026-10-02;GUARNICION ARROZ;270;ARROZ BLANCO;300;33598;CAJA CHICA - AGUA PARA RECETA - CH;0.12;36;LT;36;LT
REGIMEN 1;DESAYUNO NORMAL 1;2026-10-02;GUARNICION 1;287;CAMOTE AL HORNO;325;102010005;CAMOTE AMARILLO;0.1;32.5;KG;32.5;KG
REGIMEN 1;DESAYUNO NORMAL 1;2026-10-02;BEBIDA FRIA 1;184;JUGO DE PAPAYA;169;102020013;PAPAYA;0.25;42.25;KG;42.25;KG
REGIMEN 1;DESAYUNO NORMAL 1;2026-10-02;BEBIDA FRIA 1;184;JUGO DE PAPAYA;169;33598;CAJA CHICA - AGUA PARA RECETA - CH;0.15;25.35;LT;25.35;LT
REGIMEN 1;DESAYUNO NORMAL 1;2026-10-02;BEBIDA FRIA 1;184;JUGO DE PAPAYA;169;1010425038;AZUCAR RUBIA;0.015;2.535;KG;2.535;KG
REGIMEN 1;DESAYUNO NORMAL 1;2026-10-02;BEBIDA FRIA 1;184;JUGO DE PAPAYA;169;4030227693;ZUMO DE LIMON CONGELADO;0.003;0.507;KG;0.507;KG
REGIMEN 1;DESAYUNO NORMAL 1;2026-10-02;BEBIDA FRIA 2;5481;JUGO DE FRESA Y ARANDANO;200;102020091;PULPA DE FRESA  CONGELADO;0.0625;12.5;KG;12.5;KG
REGIMEN 1;DESAYUNO NORMAL 1;2026-10-02;BEBIDA FRIA 2;5481;JUGO DE FRESA Y ARANDANO;200;40304000001;PULPA DE ARANDANO CONGELADO;0.0625;12.5;KG;12.5;KG
REGIMEN 1;DESAYUNO NORMAL 1;2026-10-02;BEBIDA FRIA 2;5481;JUGO DE FRESA Y ARANDANO;200;33598;CAJA CHICA - AGUA PARA RECETA - CH;0.125;25;LT;25;LT
REGIMEN 1;DESAYUNO NORMAL 1;2026-10-02;BEBIDA FRIA 2;5481;JUGO DE FRESA Y ARANDANO;200;1010424673;AZUCAR BLANCA;0.025;5;KG;5;KG
REGIMEN 1;DESAYUNO NORMAL 1;2026-10-02;BEBIDA CALIENTE 1;211;AVENA CON CHOCOLATE;494;1020530557;CANELA ENTERA 4 ESTACIONES 1 KG;0.0001;0.059;BOL;0.059;KG
REGIMEN 1;DESAYUNO NORMAL 1;2026-10-02;BEBIDA CALIENTE 1;211;AVENA CON CHOCOLATE;494;1020530564;CLAVO DE OLOR ENTERO 4 ESTACIONES 1 KG;0.0001;0.059;BOL;0.059;KG
REGIMEN 1;DESAYUNO NORMAL 1;2026-10-02;BEBIDA CALIENTE 1;211;AVENA CON CHOCOLATE;494;1010425038;AZUCAR RUBIA;0.015;7.41;KG;7.41;KG
REGIMEN 1;DESAYUNO NORMAL 1;2026-10-02;BEBIDA CALIENTE 1;211;AVENA CON CHOCOLATE;494;101060557;COCOA LA ABUELITA 160 GR;0.001;3.088;BOL;0.494;KG
REGIMEN 1;DESAYUNO NORMAL 1;2026-10-02;BEBIDA CALIENTE 1;211;AVENA CON CHOCOLATE;494;101040543;CHOCOLATE PARA TAZA SOL DEL CUSCO 90 GR;0.005;27.444;UND;2.47;KG
REGIMEN 1;DESAYUNO NORMAL 1;2026-10-02;BEBIDA CALIENTE 1;211;AVENA CON CHOCOLATE;494;101030059;AVENA SANTA CATALINA SACO 5 KG;0.02;1.976;BOL;9.88;KG
REGIMEN 1;DESAYUNO NORMAL 1;2026-10-02;BEBIDA CALIENTE 1;211;AVENA CON CHOCOLATE;494;33598;CAJA CHICA - AGUA PARA RECETA - CH;0.3;148.2;LT;148.2;LT
REGIMEN 1;DESAYUNO NORMAL 1;2026-10-02;BEBIDA CALIENTE 2;1054;CAFE PASADO;121;101040103;CAFE MOLIDO STANDAR RISSO GRANEL KG;0.0067;0.814;KG;0.814;KG
REGIMEN 1;DESAYUNO NORMAL 1;2026-10-02;BEBIDA CALIENTE 2;1054;CAFE PASADO;121;33598;CAJA CHICA - AGUA PARA RECETA - CH;0.3;36.3;LT;36.3;LT
REGIMEN 1;DESAYUNO NORMAL 1;2026-10-02;BEBIDA CALIENTE 4;189;LECHE CALIENTE I;75;10107039479;LECHE EVAPORADA (CONCENTRADA) LAIVE BOLSITARRO 800 ML;0.1;9.375;BOL;7.5;LT
REGIMEN 1;DESAYUNO NORMAL 1;2026-10-02;BEBIDA CALIENTE 4;189;LECHE CALIENTE I;75;33598;CAJA CHICA - AGUA PARA RECETA - CH;0.2;15;LT;15;LT
REGIMEN 1;DESAYUNO NORMAL 1;2026-10-02;BEBIDA CALIENTE 4;189;LECHE CALIENTE I;75;1010425038;AZUCAR RUBIA;0.015;1.125;KG;1.125;KG
REGIMEN 1;DESAYUNO NORMAL 1;2026-10-02;COMPLEMENTO 1;131;QUESO EDAM;200;102030081;QUESO EDAM EN TAJADAS X 500 GR CONGELADO;0.03;12;PQT;6;KG
REGIMEN 1;DESAYUNO NORMAL 1;2026-10-02;COMPLEMENTO 2;1182;PALTA;200;4030227693;ZUMO DE LIMON CONGELADO;0.001;0.2;KG;0.2;KG
REGIMEN 1;DESAYUNO NORMAL 1;2026-10-02;COMPLEMENTO 2;1182;PALTA;200;102010172;PALTA;0.1;20;KG;20;KG
REGIMEN 1;DESAYUNO NORMAL 1;2026-10-02;COMPLEMENTO 3;1169;MANTEQUILLA CON SAL;240;505040005;MANTEQUILLA GLORIA PERSONAL 10 GR;1;240;UND;240;UND
REGIMEN 1;DESAYUNO NORMAL 1;2026-10-02;COMPLEMENTO 4;1179;MERMELADA;250;1020130542;MERMELADA FRESA TRES ESPADAS 16 GR;0.5;125;BLI;125;UND
REGIMEN 1;DESAYUNO NORMAL 1;2026-10-02;COMPLEMENTO 4;1179;MERMELADA;250;1020131321;MERMELADA NARANJA TRES ESPADAS 16 GR;0.5;125;BLI;125;UND
REGIMEN 1;DESAYUNO NORMAL 1;2026-10-02;COMPLEMENTO 5;125;HUEVOS A LA ORDEN;150;50402042247;HUEVO ROJO (CAJA 11.5 KG);0.12;1.565;CAJ;18;KG
REGIMEN 1;DESAYUNO NORMAL 1;2026-10-02;COMPLEMENTO 5;125;HUEVOS A LA ORDEN;150;10205037563;SAL DE COCINA SALINA 1 KG;0.001;0.15;BOL;0.15;KG
REGIMEN 1;DESAYUNO NORMAL 1;2026-10-02;COMPLEMENTO 5;125;HUEVOS A LA ORDEN;150;10101036994;ACEITE VEGETAL CIELO 5 LT;0.003;0.09;BID;0.45;LT
REGIMEN 1;DESAYUNO NORMAL 1;2026-10-02;PAN 1;252;PAN FRANCES;550;10206037587;PREMEZCLA INVENTIS PAN CIABATTA 10 KG;0.0032;0.176;BOL;1.76;KG
REGIMEN 1;DESAYUNO NORMAL 1;2026-10-02;PAN 1;252;PAN FRANCES;550;10106037527;HARINA ESPECIAL DEL CIELO GRANEL SACO 50 KG;0.0161;0.177;SCO;8.855;KG
REGIMEN 1;DESAYUNO NORMAL 1;2026-10-02;PAN 1;252;PAN FRANCES;550;33598;CAJA CHICA - AGUA PARA RECETA - CH;0.0105;5.775;LT;5.775;LT
REGIMEN 1;DESAYUNO NORMAL 1;2026-10-02;PAN 1;252;PAN FRANCES;550;101060031;LEVADURA INSTANTANEA LEVAPAN 500 GR;0.0002;0.22;BOL;0.11;KG
REGIMEN 1;DESAYUNO NORMAL 1;2026-10-02;PAN 2;250;PAN DE YEMA;550;10206037587;PREMEZCLA INVENTIS PAN CIABATTA 10 KG;0.0032;0.176;BOL;1.755;KG
REGIMEN 1;DESAYUNO NORMAL 1;2026-10-02;PAN 2;250;PAN DE YEMA;550;10106037527;HARINA ESPECIAL DEL CIELO GRANEL SACO 50 KG;0.016;0.176;SCO;8.776;KG
REGIMEN 1;DESAYUNO NORMAL 1;2026-10-02;PAN 2;250;PAN DE YEMA;550;33598;CAJA CHICA - AGUA PARA RECETA - CH;0.0082;4.505;LT;4.505;LT
REGIMEN 1;DESAYUNO NORMAL 1;2026-10-02;PAN 2;250;PAN DE YEMA;550;1010425038;AZUCAR RUBIA;0.0019;1.053;KG;1.053;KG
REGIMEN 1;DESAYUNO NORMAL 1;2026-10-02;PAN 2;250;PAN DE YEMA;550;101060031;LEVADURA INSTANTANEA LEVAPAN 500 GR;0.0002;0.175;BOL;0.087;KG
REGIMEN 1;DESAYUNO NORMAL 1;2026-10-03;PLATO DE FONDO NORMAL 1;502;CER - PATITA CON MANI;320;10101036994;ACEITE VEGETAL CIELO 5 LT;0.002;0.128;BID;0.64;LT
REGIMEN 1;DESAYUNO NORMAL 1;2026-10-03;PLATO DE FONDO NORMAL 1;502;CER - PATITA CON MANI;320;103020067;PATITA DE CERDO CONGELADO;0.2;64;KG;64;KG
REGIMEN 1;DESAYUNO NORMAL 1;2026-10-03;PLATO DE FONDO NORMAL 1;502;CER - PATITA CON MANI;320;33598;CAJA CHICA - AGUA PARA RECETA - CH;0.03;9.6;LT;9.6;LT
REGIMEN 1;DESAYUNO NORMAL 1;2026-10-03;PLATO DE FONDO NORMAL 1;502;CER - PATITA CON MANI;320;1020222489;PRE ELABORADO RAM BASE CRIOLLA 1 KG;0.008;2.56;BOL;2.56;KG
REGIMEN 1;DESAYUNO NORMAL 1;2026-10-03;PLATO DE FONDO NORMAL 1;502;CER - PATITA CON MANI;320;1020530572;COMINO MOLIDO 4 ESTACIONES 1 KG;0;0.006;BOL;0.006;KG
REGIMEN 1;DESAYUNO NORMAL 1;2026-10-03;PLATO DE FONDO NORMAL 1;502;CER - PATITA CON MANI;320;1020530600;PIMIENTA NEGRA MOLIDA 4 ESTACIONES 1 KG;0.0001;0.019;BOL;0.019;KG
REGIMEN 1;DESAYUNO NORMAL 1;2026-10-03;PLATO DE FONDO NORMAL 1;502;CER - PATITA CON MANI;320;10205037563;SAL DE COCINA SALINA 1 KG;0.002;0.64;BOL;0.64;KG
REGIMEN 1;DESAYUNO NORMAL 1;2026-10-03;PLATO DE FONDO NORMAL 1;502;CER - PATITA CON MANI;320;101020025;HIERBA BUENA;0.001;0.32;KG;0.32;KG
REGIMEN 1;DESAYUNO NORMAL 1;2026-10-03;PLATO DE FONDO NORMAL 1;502;CER - PATITA CON MANI;320;102010018;PAPA BLANCA;0.12;38.4;KG;38.4;KG
REGIMEN 1;DESAYUNO NORMAL 1;2026-10-03;PLATO DE FONDO NORMAL 1;502;CER - PATITA CON MANI;320;102010021;PEREJIL;0.001;0.32;KG;0.32;KG
REGIMEN 1;DESAYUNO NORMAL 1;2026-10-03;PLATO DE FONDO NORMAL 1;502;CER - PATITA CON MANI;320;101050506;MANI TOSTADO PELADO TOÑA 1 KG;0.001;0.32;BOL;0.32;KG
REGIMEN 1;DESAYUNO NORMAL 1;2026-10-03;GUARNICION ARROZ;270;ARROZ BLANCO;301;10101036994;ACEITE VEGETAL CIELO 5 LT;0.006;0.361;BID;1.806;LT
REGIMEN 1;DESAYUNO NORMAL 1;2026-10-03;GUARNICION ARROZ;270;ARROZ BLANCO;301;10205037563;SAL DE COCINA SALINA 1 KG;0.003;0.903;BOL;0.903;KG
REGIMEN 1;DESAYUNO NORMAL 1;2026-10-03;GUARNICION ARROZ;270;ARROZ BLANCO;301;10202041457;PASTA DE AJO CONCENTRADA EMIC 1 KG;0.005;1.505;BOL;1.505;KG
REGIMEN 1;DESAYUNO NORMAL 1;2026-10-03;GUARNICION ARROZ;270;ARROZ BLANCO;301;10102041614;ARROZ COSTEÑO EXTRA HOJA REDONDA AÑEJO 50 KG;0.1;0.602;SCO;30.1;KG
REGIMEN 1;DESAYUNO NORMAL 1;2026-10-03;GUARNICION ARROZ;270;ARROZ BLANCO;301;33598;CAJA CHICA - AGUA PARA RECETA - CH;0.12;36.12;LT;36.12;LT
REGIMEN 1;DESAYUNO NORMAL 1;2026-10-03;BEBIDA FRIA 1;186;JUGO DE PIÑA;178;102020016;PIÑA;0.25;44.5;KG;44.5;KG
REGIMEN 1;DESAYUNO NORMAL 1;2026-10-03;BEBIDA FRIA 1;186;JUGO DE PIÑA;178;33598;CAJA CHICA - AGUA PARA RECETA - CH;0.1531;27.252;LT;27.252;LT
REGIMEN 1;DESAYUNO NORMAL 1;2026-10-03;BEBIDA FRIA 1;186;JUGO DE PIÑA;178;1010425038;AZUCAR RUBIA;0.015;2.67;KG;2.67;KG
REGIMEN 1;DESAYUNO NORMAL 1;2026-10-03;BEBIDA FRIA 2;179;JUGO DE NARANJA;97;102020012;NARANJA PARA JUGO;0.5;48.5;KG;48.5;KG
REGIMEN 1;DESAYUNO NORMAL 1;2026-10-03;BEBIDA FRIA 2;179;JUGO DE NARANJA;97;33598;CAJA CHICA - AGUA PARA RECETA - CH;0.15;14.55;LT;14.55;LT
REGIMEN 1;DESAYUNO NORMAL 1;2026-10-03;BEBIDA CALIENTE 1;1293;MACAAVENA CON LECHE;496;1020530557;CANELA ENTERA 4 ESTACIONES 1 KG;0.0001;0.06;BOL;0.06;KG
REGIMEN 1;DESAYUNO NORMAL 1;2026-10-03;BEBIDA CALIENTE 1;1293;MACAAVENA CON LECHE;496;1020530564;CLAVO DE OLOR ENTERO 4 ESTACIONES 1 KG;0.0001;0.03;BOL;0.03;KG
REGIMEN 1;DESAYUNO NORMAL 1;2026-10-03;BEBIDA CALIENTE 1;1293;MACAAVENA CON LECHE;496;1010425038;AZUCAR RUBIA;0.015;7.44;KG;7.44;KG
REGIMEN 1;DESAYUNO NORMAL 1;2026-10-03;BEBIDA CALIENTE 1;1293;MACAAVENA CON LECHE;496;33598;CAJA CHICA - AGUA PARA RECETA - CH;0.01;4.96;LT;4.96;LT
REGIMEN 1;DESAYUNO NORMAL 1;2026-10-03;BEBIDA CALIENTE 1;1293;MACAAVENA CON LECHE;496;10103039165;MACA AVENA 3 OSITOS 150 GR;0.02;66.133;BOL;9.92;KG
REGIMEN 1;DESAYUNO NORMAL 1;2026-10-03;BEBIDA CALIENTE 1;1293;MACAAVENA CON LECHE;496;10107039479;LECHE EVAPORADA (CONCENTRADA) LAIVE BOLSITARRO 800 ML;0.01;6.2;BOL;4.96;LT
REGIMEN 1;DESAYUNO NORMAL 1;2026-10-03;BEBIDA CALIENTE 2;1054;CAFE PASADO;121;101040103;CAFE MOLIDO STANDAR RISSO GRANEL KG;0.0067;0.814;KG;0.814;KG
REGIMEN 1;DESAYUNO NORMAL 1;2026-10-03;BEBIDA CALIENTE 2;1054;CAFE PASADO;121;33598;CAJA CHICA - AGUA PARA RECETA - CH;0.3;36.3;LT;36.3;LT
REGIMEN 1;DESAYUNO NORMAL 1;2026-10-03;COMPLEMENTO 1;1;ACEITUNA NEGRA;200;5060130729;ACEITUNA NEGRA RODAJA;0.04;8;KG;8;KG
REGIMEN 1;DESAYUNO NORMAL 1;2026-10-03;COMPLEMENTO 2;122;HOT DOG;200;4020131181;HOT DOG CONGELADO KG;0.03;6;KG;6;KG
REGIMEN 1;DESAYUNO NORMAL 1;2026-10-03;COMPLEMENTO 2;122;HOT DOG;200;10101036994;ACEITE VEGETAL CIELO 5 LT;0.002;0.08;BID;0.4;LT
REGIMEN 1;DESAYUNO NORMAL 1;2026-10-03;COMPLEMENTO 3;1169;MANTEQUILLA CON SAL;240;505040005;MANTEQUILLA GLORIA PERSONAL 10 GR;1;240;UND;240;UND
REGIMEN 1;DESAYUNO NORMAL 1;2026-10-03;COMPLEMENTO 4;1179;MERMELADA;200;1020130542;MERMELADA FRESA TRES ESPADAS 16 GR;0.5;100;BLI;100;UND
REGIMEN 1;DESAYUNO NORMAL 1;2026-10-03;COMPLEMENTO 4;1179;MERMELADA;200;1020131321;MERMELADA NARANJA TRES ESPADAS 16 GR;0.5;100;BLI;100;UND
REGIMEN 1;DESAYUNO NORMAL 1;2026-10-03;COMPLEMENTO 5;125;HUEVOS A LA ORDEN;120;50402042247;HUEVO ROJO (CAJA 11.5 KG);0.12;1.252;CAJ;14.4;KG
REGIMEN 1;DESAYUNO NORMAL 1;2026-10-03;COMPLEMENTO 5;125;HUEVOS A LA ORDEN;120;10205037563;SAL DE COCINA SALINA 1 KG;0.001;0.12;BOL;0.12;KG
REGIMEN 1;DESAYUNO NORMAL 1;2026-10-03;COMPLEMENTO 5;125;HUEVOS A LA ORDEN;120;10101036994;ACEITE VEGETAL CIELO 5 LT;0.003;0.072;BID;0.36;LT
REGIMEN 1;DESAYUNO NORMAL 1;2026-10-03;PAN 1;252;PAN FRANCES;220;10206037587;PREMEZCLA INVENTIS PAN CIABATTA 10 KG;0.0032;0.07;BOL;0.704;KG
REGIMEN 1;DESAYUNO NORMAL 1;2026-10-03;PAN 1;252;PAN FRANCES;220;10106037527;HARINA ESPECIAL DEL CIELO GRANEL SACO 50 KG;0.0161;0.071;SCO;3.542;KG
REGIMEN 1;DESAYUNO NORMAL 1;2026-10-03;PAN 1;252;PAN FRANCES;220;33598;CAJA CHICA - AGUA PARA RECETA - CH;0.0105;2.31;LT;2.31;LT
REGIMEN 1;DESAYUNO NORMAL 1;2026-10-03;PAN 1;252;PAN FRANCES;220;101060031;LEVADURA INSTANTANEA LEVAPAN 500 GR;0.0002;0.088;BOL;0.044;KG
REGIMEN 1;DESAYUNO NORMAL 1;2026-10-03;PAN 2;4875;CINNAMON ROLL;220;101060448;AZUCAR IMPALPABLE HONORA (LEVAPAN) 5 KG;0.002;0.088;BOL;0.44;KG
REGIMEN 1;DESAYUNO NORMAL 1;2026-10-03;PAN 2;4875;CINNAMON ROLL;220;1020530559;CANELA MOLIDA 4 ESTACIONES 1 KG;0.001;0.22;BOL;0.22;KG
REGIMEN 1;DESAYUNO NORMAL 1;2026-10-03;PAN 2;4875;CINNAMON ROLL;220;33598;CAJA CHICA - AGUA PARA RECETA - CH;0.05;11;LT;11;LT
REGIMEN 1;DESAYUNO NORMAL 1;2026-10-03;PAN 2;4875;CINNAMON ROLL;220;10107039479;LECHE EVAPORADA (CONCENTRADA) LAIVE BOLSITARRO 800 ML;0.01;2.75;BOL;2.2;LT
REGIMEN 1;DESAYUNO NORMAL 1;2026-10-03;PAN 2;4875;CINNAMON ROLL;220;10106037527;HARINA ESPECIAL DEL CIELO GRANEL SACO 50 KG;0.033;0.145;SCO;7.26;KG
REGIMEN 1;DESAYUNO NORMAL 1;2026-10-03;PAN 2;4875;CINNAMON ROLL;220;1010425038;AZUCAR RUBIA;0.01;2.2;KG;2.2;KG
REGIMEN 1;DESAYUNO NORMAL 1;2026-10-03;PAN 2;4875;CINNAMON ROLL;220;10205037563;SAL DE COCINA SALINA 1 KG;0.0005;0.11;BOL;0.11;KG
REGIMEN 1;DESAYUNO NORMAL 1;2026-10-03;PAN 2;4875;CINNAMON ROLL;220;50402042247;HUEVO ROJO (CAJA 11.5 KG);0.02;0.383;CAJ;4.4;KG
REGIMEN 1;DESAYUNO NORMAL 1;2026-10-03;PAN 2;4875;CINNAMON ROLL;220;50505037205;MARGARINA LA DANESA 220 GR;0.0033;3.3;POT;0.726;KG
REGIMEN 1;DESAYUNO NORMAL 1;2026-10-03;PAN 2;4875;CINNAMON ROLL;220;101060031;LEVADURA INSTANTANEA LEVAPAN 500 GR;0.0005;0.22;BOL;0.11;KG
REGIMEN 1;DESAYUNO NORMAL 1;2026-10-03;PAN 2;4875;CINNAMON ROLL;220;10106040287;MAICENA DURYEA 500 GR;0.005;2.2;CAJ;1.1;KG
REGIMEN 1;DESAYUNO NORMAL 1;2026-10-03;PAN 2;4875;CINNAMON ROLL;220;101060562;ESCENCIA DE VAINILLA NEGRITA 1 LT PET;0.0002;0.044;BOT;0.044;LT
REGIMEN 1;DESAYUNO NORMAL 1;2026-10-03;PAN 3;2448;TOSTADAS INTEGRALES;220;1010133635;MANTECA VEGETAL DEL CAMPO 10 KG;0.0015;0.032;CAJ;0.319;KG
REGIMEN 1;DESAYUNO NORMAL 1;2026-10-03;PAN 3;2448;TOSTADAS INTEGRALES;220;10205037563;SAL DE COCINA SALINA 1 KG;0;0.004;BOL;0.004;KG
REGIMEN 1;DESAYUNO NORMAL 1;2026-10-03;PAN 3;2448;TOSTADAS INTEGRALES;220;1010425038;AZUCAR RUBIA;0.0027;0.601;KG;0.601;KG
REGIMEN 1;DESAYUNO NORMAL 1;2026-10-03;PAN 3;2448;TOSTADAS INTEGRALES;220;10106037527;HARINA ESPECIAL DEL CIELO GRANEL SACO 50 KG;0.016;0.07;SCO;3.52;KG
REGIMEN 1;DESAYUNO NORMAL 1;2026-10-03;PAN 3;2448;TOSTADAS INTEGRALES;220;101060031;LEVADURA INSTANTANEA LEVAPAN 500 GR;0;0.009;BOL;0.004;KG
REGIMEN 1;DESAYUNO NORMAL 1;2026-10-03;PAN 3;2448;TOSTADAS INTEGRALES;220;101060036;MEJORADOR MASA SUPERPAN LEVAPAN 5 KG;0;0.001;BOL;0.004;KG
REGIMEN 1;DESAYUNO NORMAL 1;2026-10-03;PAN 3;2448;TOSTADAS INTEGRALES;220;33598;CAJA CHICA - AGUA PARA RECETA - CH;0.0109;2.4;LT;2.4;LT
REGIMEN 1;DESAYUNO NORMAL 1;2026-10-03;PAN 3;2448;TOSTADAS INTEGRALES;220;1010627004;SALVADO DE TRIGO KUMARA 5 KG;0.004;0.176;BOL;0.88;KG
REGIMEN 1;DESAYUNO NORMAL 1;2026-10-03;PAN 4;5192;PAN - PAN DE MANTECA;220;1010425038;AZUCAR RUBIA;0.004;0.88;KG;0.88;KG
REGIMEN 1;DESAYUNO NORMAL 1;2026-10-03;PAN 4;5192;PAN - PAN DE MANTECA;220;10106037527;HARINA ESPECIAL DEL CIELO GRANEL SACO 50 KG;0.035;0.154;SCO;7.7;KG
REGIMEN 1;DESAYUNO NORMAL 1;2026-10-03;PAN 4;5192;PAN - PAN DE MANTECA;220;101060031;LEVADURA INSTANTANEA LEVAPAN 500 GR;0.002;0.88;BOL;0.44;KG
REGIMEN 1;DESAYUNO NORMAL 1;2026-10-03;PAN 4;5192;PAN - PAN DE MANTECA;220;1010133635;MANTECA VEGETAL DEL CAMPO 10 KG;0.003;0.066;CAJ;0.66;KG
REGIMEN 1;DESAYUNO NORMAL 1;2026-10-03;PAN 4;5192;PAN - PAN DE MANTECA;220;33598;CAJA CHICA - AGUA PARA RECETA - CH;0.017;3.74;LT;3.74;LT
REGIMEN 1;DESAYUNO NORMAL 1;2026-10-03;PAN 4;5192;PAN - PAN DE MANTECA;220;10205037563;SAL DE COCINA SALINA 1 KG;0.0001;0.022;BOL;0.022;KG
REGIMEN 1;DESAYUNO NORMAL 1;2026-10-03;PAN 4;5192;PAN - PAN DE MANTECA;220;101100014;AJONJOLI BELEN 1 KG;0.001;0.22;BOL;0.22;KG
REGIMEN 1;DESAYUNO NORMAL 1;2026-10-03;PAN 5;3309;PAN ARABE;220;10106037527;HARINA ESPECIAL DEL CIELO GRANEL SACO 50 KG;0.0161;0.071;SCO;3.542;KG
REGIMEN 1;DESAYUNO NORMAL 1;2026-10-03;PAN 5;3309;PAN ARABE;220;101060031;LEVADURA INSTANTANEA LEVAPAN 500 GR;0.0002;0.088;BOL;0.044;KG
REGIMEN 1;DESAYUNO NORMAL 1;2026-10-03;PAN 5;3309;PAN ARABE;220;33598;CAJA CHICA - AGUA PARA RECETA - CH;0.0105;2.31;LT;2.31;LT
REGIMEN 1;DESAYUNO NORMAL 1;2026-10-03;PAN 5;3309;PAN ARABE;220;10205037563;SAL DE COCINA SALINA 1 KG;0.0005;0.11;BOL;0.11;KG
REGIMEN 1;DESAYUNO NORMAL 1;2026-10-04;SOPA NORMAL;109;CALDO DE GALLINA;400;103020010;GALLINA ENTERA SIN MENUDENCIA CONGELADO - IMPORTADO;0.13;52;KG;52;KG
REGIMEN 1;DESAYUNO NORMAL 1;2026-10-04;SOPA NORMAL;109;CALDO DE GALLINA;400;50402042247;HUEVO ROJO (CAJA 11.5 KG);0.06;2.087;CAJ;24;KG
REGIMEN 1;DESAYUNO NORMAL 1;2026-10-04;SOPA NORMAL;109;CALDO DE GALLINA;400;101070178;CALDO DE GALLINA KNORR SACHET 1.5 KG;0.002;0.533;BOL;0.8;KG
REGIMEN 1;DESAYUNO NORMAL 1;2026-10-04;SOPA NORMAL;109;CALDO DE GALLINA;400;101100011;OREGANO ENTERO SAN JUAN MASIAS 1 KG;0.0001;0.048;BOL;0.048;KG
REGIMEN 1;DESAYUNO NORMAL 1;2026-10-04;SOPA NORMAL;109;CALDO DE GALLINA;400;10205037563;SAL DE COCINA SALINA 1 KG;0.002;0.8;BOL;0.8;KG
REGIMEN 1;DESAYUNO NORMAL 1;2026-10-04;SOPA NORMAL;109;CALDO DE GALLINA;400;1020530674;KION MOLIDO SECO 4 ESTACIONES 250 GR;0.0005;0.8;BOL;0.2;KG
REGIMEN 1;DESAYUNO NORMAL 1;2026-10-04;SOPA NORMAL;109;CALDO DE GALLINA;400;102010007;CEBOLLA CHINA;0.01;4;KG;4;KG
REGIMEN 1;DESAYUNO NORMAL 1;2026-10-04;SOPA NORMAL;109;CALDO DE GALLINA;400;102010045;PAPA AMARILLA;0.03;12;KG;12;KG
REGIMEN 1;DESAYUNO NORMAL 1;2026-10-04;SOPA NORMAL;109;CALDO DE GALLINA;400;101020264;FIDEO SPAGUETTI DON VITTORIO 500 GR;0.03;24;PQT;12;KG
REGIMEN 1;DESAYUNO NORMAL 1;2026-10-04;SOPA NORMAL;109;CALDO DE GALLINA;400;33598;CAJA CHICA - AGUA PARA RECETA - CH;0.3;120;LT;120;LT
REGIMEN 1;DESAYUNO NORMAL 1;2026-10-04;GUARNICION 1;1123;MAIZ CANCHA;300;101020150;MAIZ CANCHA EL PLEBEYO 5 KG;0.03;1.8;BOL;9;KG
REGIMEN 1;DESAYUNO NORMAL 1;2026-10-04;GUARNICION 1;1123;MAIZ CANCHA;300;10101036994;ACEITE VEGETAL CIELO 5 LT;0.001;0.06;BID;0.3;LT
REGIMEN 1;DESAYUNO NORMAL 1;2026-10-04;GUARNICION 1;1123;MAIZ CANCHA;300;10205037563;SAL DE COCINA SALINA 1 KG;0.001;0.3;BOL;0.3;KG
REGIMEN 1;DESAYUNO NORMAL 1;2026-10-04;BEBIDA FRIA 1;188;JUGO SURTIDO I;177;1010425038;AZUCAR RUBIA;0.015;2.655;KG;2.655;KG
REGIMEN 1;DESAYUNO NORMAL 1;2026-10-04;BEBIDA FRIA 1;188;JUGO SURTIDO I;177;102020099;PULPA DE PAPAYA CONGELADO;0.07;12.39;KG;12.39;KG
REGIMEN 1;DESAYUNO NORMAL 1;2026-10-04;BEBIDA FRIA 1;188;JUGO SURTIDO I;177;102020017;PLATANO DE SEDA;0.06;10.62;KG;10.62;KG
REGIMEN 1;DESAYUNO NORMAL 1;2026-10-04;BEBIDA FRIA 1;188;JUGO SURTIDO I;177;33598;CAJA CHICA - AGUA PARA RECETA - CH;0.1;17.7;LT;17.7;LT
REGIMEN 1;DESAYUNO NORMAL 1;2026-10-04;BEBIDA FRIA 1;188;JUGO SURTIDO I;177;102020016;PIÑA;0.08;14.16;KG;14.16;KG
REGIMEN 1;DESAYUNO NORMAL 1;2026-10-04;BEBIDA FRIA 1;188;JUGO SURTIDO I;177;102020091;PULPA DE FRESA  CONGELADO;0.02;3.54;KG;3.54;KG
REGIMEN 1;DESAYUNO NORMAL 1;2026-10-04;BEBIDA FRIA 2;1059;JUGO DE PIÑA CON MANZANA;150;1010425038;AZUCAR RUBIA;0.015;2.25;KG;2.25;KG
REGIMEN 1;DESAYUNO NORMAL 1;2026-10-04;BEBIDA FRIA 2;1059;JUGO DE PIÑA CON MANZANA;150;102020016;PIÑA;0.15;22.5;KG;22.5;KG
REGIMEN 1;DESAYUNO NORMAL 1;2026-10-04;BEBIDA FRIA 2;1059;JUGO DE PIÑA CON MANZANA;150;102020062;MANZANA VERDE PARA JUGO;0.1;15;KG;15;KG
REGIMEN 1;DESAYUNO NORMAL 1;2026-10-04;BEBIDA FRIA 2;1059;JUGO DE PIÑA CON MANZANA;150;33598;CAJA CHICA - AGUA PARA RECETA - CH;0.15;22.5;LT;22.5;LT
REGIMEN 1;DESAYUNO NORMAL 1;2026-10-04;BEBIDA CALIENTE 1;2526;KIWICHA AVENA CON PIÑA;493;1010425038;AZUCAR RUBIA;0.015;7.395;KG;7.395;KG
REGIMEN 1;DESAYUNO NORMAL 1;2026-10-04;BEBIDA CALIENTE 1;2526;KIWICHA AVENA CON PIÑA;493;1020530564;CLAVO DE OLOR ENTERO 4 ESTACIONES 1 KG;0.0001;0.03;BOL;0.03;KG
REGIMEN 1;DESAYUNO NORMAL 1;2026-10-04;BEBIDA CALIENTE 1;2526;KIWICHA AVENA CON PIÑA;493;1020530557;CANELA ENTERA 4 ESTACIONES 1 KG;0.0001;0.059;BOL;0.059;KG
REGIMEN 1;DESAYUNO NORMAL 1;2026-10-04;BEBIDA CALIENTE 1;2526;KIWICHA AVENA CON PIÑA;493;102020016;PIÑA;0.05;24.65;KG;24.65;KG
REGIMEN 1;DESAYUNO NORMAL 1;2026-10-04;BEBIDA CALIENTE 1;2526;KIWICHA AVENA CON PIÑA;493;33598;CAJA CHICA - AGUA PARA RECETA - CH;0.3;147.9;LT;147.9;LT
REGIMEN 1;DESAYUNO NORMAL 1;2026-10-04;BEBIDA CALIENTE 1;2526;KIWICHA AVENA CON PIÑA;493;10106040644;HARINA DE KIWICHA 5 KG - UNIDAD;0.005;0.493;BOL;2.465;KG
REGIMEN 1;DESAYUNO NORMAL 1;2026-10-04;BEBIDA CALIENTE 1;2526;KIWICHA AVENA CON PIÑA;493;101030059;AVENA SANTA CATALINA SACO 5 KG;0.007;0.69;BOL;3.451;KG
REGIMEN 1;DESAYUNO NORMAL 1;2026-10-04;BEBIDA CALIENTE 2;1054;CAFE PASADO;121;101040103;CAFE MOLIDO STANDAR RISSO GRANEL KG;0.0067;0.814;KG;0.814;KG
REGIMEN 1;DESAYUNO NORMAL 1;2026-10-04;BEBIDA CALIENTE 2;1054;CAFE PASADO;121;33598;CAJA CHICA - AGUA PARA RECETA - CH;0.3;36.3;LT;36.3;LT
REGIMEN 1;DESAYUNO NORMAL 1;2026-10-04;BEBIDA CALIENTE 3;235;INFUSIONES;200;1020125405;INFUSION ANIS DEL VALLE 100 SOBRES;0.1428;0.286;CAJ;28.56;UND
REGIMEN 1;DESAYUNO NORMAL 1;2026-10-04;BEBIDA CALIENTE 3;235;INFUSIONES;200;101040473;INFUSION HIERBA LUISA HERBI 100 SOBRES;0.1429;0.286;CAJ;28.576;UND
REGIMEN 1;DESAYUNO NORMAL 1;2026-10-04;BEBIDA CALIENTE 3;235;INFUSIONES;200;101040568;INFUSION MANZANILLA MC COLLINS 100 SOBRES;0.1428;0.286;CAJ;28.56;UND
REGIMEN 1;DESAYUNO NORMAL 1;2026-10-04;BEBIDA CALIENTE 3;235;INFUSIONES;200;1020125401;INFUSION TE PURO DEL VALLE 100 SOBRES;0.1428;0.286;CAJ;28.56;UND
REGIMEN 1;DESAYUNO NORMAL 1;2026-10-04;BEBIDA CALIENTE 3;235;INFUSIONES;200;1020125403;INFUSION TE BOLDO DEL VALLE 100 SOBRES;0.1428;0.286;CAJ;28.56;UND
REGIMEN 1;DESAYUNO NORMAL 1;2026-10-04;BEBIDA CALIENTE 3;235;INFUSIONES;200;101040457;INFUSION TE CANELA Y CLAVO HERBI 100  SOBRES;0.1428;0.286;CAJ;28.56;UND
REGIMEN 1;DESAYUNO NORMAL 1;2026-10-04;BEBIDA CALIENTE 3;235;INFUSIONES;200;1020125404;INFUSION UÑA DE GATO DEL VALLE 100 SOBRES;0.1428;0.286;CAJ;28.56;UND
REGIMEN 1;DESAYUNO NORMAL 1;2026-10-04;BEBIDA CALIENTE 3;235;INFUSIONES;200;1010425038;AZUCAR RUBIA;0.015;3;KG;3;KG
REGIMEN 1;DESAYUNO NORMAL 1;2026-10-04;COMPLEMENTO 1;1943;SALSA GUACAMOLE;200;1020530600;PIMIENTA NEGRA MOLIDA 4 ESTACIONES 1 KG;0.0001;0.024;BOL;0.024;KG
REGIMEN 1;DESAYUNO NORMAL 1;2026-10-04;COMPLEMENTO 1;1943;SALSA GUACAMOLE;200;10205037563;SAL DE COCINA SALINA 1 KG;0.002;0.4;BOL;0.4;KG
REGIMEN 1;DESAYUNO NORMAL 1;2026-10-04;COMPLEMENTO 1;1943;SALSA GUACAMOLE;200;33598;CAJA CHICA - AGUA PARA RECETA - CH;0.0033;0.66;LT;0.66;LT
REGIMEN 1;DESAYUNO NORMAL 1;2026-10-04;COMPLEMENTO 1;1943;SALSA GUACAMOLE;200;102010001;AJI LIMO;0.001;0.2;KG;0.2;KG
REGIMEN 1;DESAYUNO NORMAL 1;2026-10-04;COMPLEMENTO 1;1943;SALSA GUACAMOLE;200;102010006;CEBOLLA ROJA;0.01;2;KG;2;KG
REGIMEN 1;DESAYUNO NORMAL 1;2026-10-04;COMPLEMENTO 1;1943;SALSA GUACAMOLE;200;102010172;PALTA;0.05;10;KG;10;KG
REGIMEN 1;DESAYUNO NORMAL 1;2026-10-04;COMPLEMENTO 1;1943;SALSA GUACAMOLE;200;102010027;TOMATE;0.01;2;KG;2;KG
REGIMEN 1;DESAYUNO NORMAL 1;2026-10-04;COMPLEMENTO 1;1943;SALSA GUACAMOLE;200;4030227693;ZUMO DE LIMON CONGELADO;0.001;0.2;KG;0.2;KG
REGIMEN 1;DESAYUNO NORMAL 1;2026-10-04;COMPLEMENTO 2;131;QUESO EDAM;200;102030081;QUESO EDAM EN TAJADAS X 500 GR CONGELADO;0.03;12;PQT;6;KG
REGIMEN 1;DESAYUNO NORMAL 1;2026-10-04;COMPLEMENTO 3;1169;MANTEQUILLA CON SAL;240;505040005;MANTEQUILLA GLORIA PERSONAL 10 GR;1;240;UND;240;UND
REGIMEN 1;DESAYUNO NORMAL 1;2026-10-04;COMPLEMENTO 4;1179;MERMELADA;170;1020130542;MERMELADA FRESA TRES ESPADAS 16 GR;0.5;85;BLI;85;UND
REGIMEN 1;DESAYUNO NORMAL 1;2026-10-04;COMPLEMENTO 4;1179;MERMELADA;170;1020131321;MERMELADA NARANJA TRES ESPADAS 16 GR;0.5;85;BLI;85;UND
REGIMEN 1;DESAYUNO NORMAL 1;2026-10-04;COMPLEMENTO 5;125;HUEVOS A LA ORDEN;100;50402042247;HUEVO ROJO (CAJA 11.5 KG);0.12;1.043;CAJ;12;KG
REGIMEN 1;DESAYUNO NORMAL 1;2026-10-04;COMPLEMENTO 5;125;HUEVOS A LA ORDEN;100;10205037563;SAL DE COCINA SALINA 1 KG;0.001;0.1;BOL;0.1;KG
REGIMEN 1;DESAYUNO NORMAL 1;2026-10-04;COMPLEMENTO 5;125;HUEVOS A LA ORDEN;100;10101036994;ACEITE VEGETAL CIELO 5 LT;0.003;0.06;BID;0.3;LT
REGIMEN 1;DESAYUNO NORMAL 1;2026-10-04;PAN 1;252;PAN FRANCES;550;10206037587;PREMEZCLA INVENTIS PAN CIABATTA 10 KG;0.0032;0.176;BOL;1.76;KG
REGIMEN 1;DESAYUNO NORMAL 1;2026-10-04;PAN 1;252;PAN FRANCES;550;10106037527;HARINA ESPECIAL DEL CIELO GRANEL SACO 50 KG;0.0161;0.177;SCO;8.855;KG
REGIMEN 1;DESAYUNO NORMAL 1;2026-10-04;PAN 1;252;PAN FRANCES;550;33598;CAJA CHICA - AGUA PARA RECETA - CH;0.0105;5.775;LT;5.775;LT
REGIMEN 1;DESAYUNO NORMAL 1;2026-10-04;PAN 1;252;PAN FRANCES;550;101060031;LEVADURA INSTANTANEA LEVAPAN 500 GR;0.0002;0.22;BOL;0.11;KG
REGIMEN 1;DESAYUNO NORMAL 1;2026-10-04;PAN 2;250;PAN DE YEMA;550;10206037587;PREMEZCLA INVENTIS PAN CIABATTA 10 KG;0.0032;0.176;BOL;1.755;KG
REGIMEN 1;DESAYUNO NORMAL 1;2026-10-04;PAN 2;250;PAN DE YEMA;550;10106037527;HARINA ESPECIAL DEL CIELO GRANEL SACO 50 KG;0.016;0.176;SCO;8.776;KG
REGIMEN 1;DESAYUNO NORMAL 1;2026-10-04;PAN 2;250;PAN DE YEMA;550;33598;CAJA CHICA - AGUA PARA RECETA - CH;0.0082;4.505;LT;4.505;LT
REGIMEN 1;DESAYUNO NORMAL 1;2026-10-04;PAN 2;250;PAN DE YEMA;550;1010425038;AZUCAR RUBIA;0.0019;1.053;KG;1.053;KG
REGIMEN 1;DESAYUNO NORMAL 1;2026-10-04;PAN 2;250;PAN DE YEMA;550;101060031;LEVADURA INSTANTANEA LEVAPAN 500 GR;0.0002;0.175;BOL;0.087;KG
REGIMEN 1;DESAYUNO NORMAL 1;2026-10-04;ISLA 1;719;LIMON;100;102020001;LIMON VERDE EXTRA;0.015;1.5;KG;1.5;KG
REGIMEN 1;DESAYUNO NORMAL 1;2026-10-04;ISLA 2;4323;AJI - ROCOTO PICADO;73;1020530600;PIMIENTA NEGRA MOLIDA 4 ESTACIONES 1 KG;0.0001;0.007;BOL;0.007;KG
REGIMEN 1;DESAYUNO NORMAL 1;2026-10-04;ISLA 2;4323;AJI - ROCOTO PICADO;73;4030227693;ZUMO DE LIMON CONGELADO;0.002;0.146;KG;0.146;KG
REGIMEN 1;DESAYUNO NORMAL 1;2026-10-04;ISLA 2;4323;AJI - ROCOTO PICADO;73;10205037563;SAL DE COCINA SALINA 1 KG;0.001;0.073;BOL;0.073;KG
REGIMEN 1;DESAYUNO NORMAL 1;2026-10-04;ISLA 2;4323;AJI - ROCOTO PICADO;73;102010034;ROCOTO;0.01;0.73;KG;0.73;KG
REGIMEN 1;DESAYUNO NORMAL 1;2026-10-04;ISLA 2;4323;AJI - ROCOTO PICADO;73;10101036994;ACEITE VEGETAL CIELO 5 LT;0.003;0.044;BID;0.219;LT
REGIMEN 1;DESAYUNO NORMAL 1;2026-10-05;PLATO DE FONDO NORMAL 1;981;POLL - MILANESA DE POLLO;380;10106037527;HARINA ESPECIAL DEL CIELO GRANEL SACO 50 KG;0.005;0.038;SCO;1.9;KG
REGIMEN 1;DESAYUNO NORMAL 1;2026-10-05;PLATO DE FONDO NORMAL 1;981;POLL - MILANESA DE POLLO;380;50402042247;HUEVO ROJO (CAJA 11.5 KG);0.02;0.661;CAJ;7.6;KG
REGIMEN 1;DESAYUNO NORMAL 1;2026-10-05;PLATO DE FONDO NORMAL 1;981;POLL - MILANESA DE POLLO;380;101050455;MOSTAZA TRESA 4 KG;0.001;0.095;BLD;0.38;KG
REGIMEN 1;DESAYUNO NORMAL 1;2026-10-05;PLATO DE FONDO NORMAL 1;981;POLL - MILANESA DE POLLO;380;101100011;OREGANO ENTERO SAN JUAN MASIAS 1 KG;0.0001;0.046;BOL;0.046;KG
REGIMEN 1;DESAYUNO NORMAL 1;2026-10-05;PLATO DE FONDO NORMAL 1;981;POLL - MILANESA DE POLLO;380;101040575;PAN MOLIDO  TAKIS 5 KG;0.015;1.14;BOL;5.7;KG
REGIMEN 1;DESAYUNO NORMAL 1;2026-10-05;PLATO DE FONDO NORMAL 1;981;POLL - MILANESA DE POLLO;380;1020530600;PIMIENTA NEGRA MOLIDA 4 ESTACIONES 1 KG;0.0001;0.046;BOL;0.046;KG
REGIMEN 1;DESAYUNO NORMAL 1;2026-10-05;PLATO DE FONDO NORMAL 1;981;POLL - MILANESA DE POLLO;380;40107038254;PECHUGA DE POLLO S/HUESO S/PIEL CONGELADO - IMPORTACION;0.1;38;KG;38;KG
REGIMEN 1;DESAYUNO NORMAL 1;2026-10-05;PLATO DE FONDO NORMAL 1;981;POLL - MILANESA DE POLLO;380;10205037563;SAL DE COCINA SALINA 1 KG;0.002;0.76;BOL;0.76;KG
REGIMEN 1;DESAYUNO NORMAL 1;2026-10-05;PLATO DE FONDO NORMAL 1;981;POLL - MILANESA DE POLLO;380;10101036994;ACEITE VEGETAL CIELO 5 LT;0.02;1.52;BID;7.6;LT
REGIMEN 1;DESAYUNO NORMAL 1;2026-10-05;GUARNICION ARROZ;270;ARROZ BLANCO;330;10101036994;ACEITE VEGETAL CIELO 5 LT;0.006;0.396;BID;1.98;LT
REGIMEN 1;DESAYUNO NORMAL 1;2026-10-05;GUARNICION ARROZ;270;ARROZ BLANCO;330;10205037563;SAL DE COCINA SALINA 1 KG;0.003;0.99;BOL;0.99;KG
REGIMEN 1;DESAYUNO NORMAL 1;2026-10-05;GUARNICION ARROZ;270;ARROZ BLANCO;330;10202041457;PASTA DE AJO CONCENTRADA EMIC 1 KG;0.005;1.65;BOL;1.65;KG
REGIMEN 1;DESAYUNO NORMAL 1;2026-10-05;GUARNICION ARROZ;270;ARROZ BLANCO;330;10102041614;ARROZ COSTEÑO EXTRA HOJA REDONDA AÑEJO 50 KG;0.1;0.66;SCO;33;KG
REGIMEN 1;DESAYUNO NORMAL 1;2026-10-05;GUARNICION ARROZ;270;ARROZ BLANCO;330;33598;CAJA CHICA - AGUA PARA RECETA - CH;0.12;39.6;LT;39.6;LT
REGIMEN 1;DESAYUNO NORMAL 1;2026-10-05;GUARNICION 1;332;LEGUMBRES SALTEADAS;380;103010001;ARVEJA GRANO PELADA CONGELADO;0.02;7.6;KG;7.6;KG
REGIMEN 1;DESAYUNO NORMAL 1;2026-10-05;GUARNICION 1;332;LEGUMBRES SALTEADAS;380;50505037205;MARGARINA LA DANESA 220 GR;0.003;5.182;POT;1.14;KG
REGIMEN 1;DESAYUNO NORMAL 1;2026-10-05;GUARNICION 1;332;LEGUMBRES SALTEADAS;380;101100011;OREGANO ENTERO SAN JUAN MASIAS 1 KG;0.0001;0.038;BOL;0.038;KG
REGIMEN 1;DESAYUNO NORMAL 1;2026-10-05;GUARNICION 1;332;LEGUMBRES SALTEADAS;380;102010021;PEREJIL;0.003;1.14;KG;1.14;KG
REGIMEN 1;DESAYUNO NORMAL 1;2026-10-05;GUARNICION 1;332;LEGUMBRES SALTEADAS;380;1020530600;PIMIENTA NEGRA MOLIDA 4 ESTACIONES 1 KG;0.0001;0.038;BOL;0.038;KG
REGIMEN 1;DESAYUNO NORMAL 1;2026-10-05;GUARNICION 1;332;LEGUMBRES SALTEADAS;380;102010022;PIMIENTO ROJO;0.01;3.8;KG;3.8;KG
REGIMEN 1;DESAYUNO NORMAL 1;2026-10-05;GUARNICION 1;332;LEGUMBRES SALTEADAS;380;10205037563;SAL DE COCINA SALINA 1 KG;0.003;1.14;BOL;1.14;KG
REGIMEN 1;DESAYUNO NORMAL 1;2026-10-05;GUARNICION 1;332;LEGUMBRES SALTEADAS;380;102010052;VAINITA FRESCA;0.03;11.4;KG;11.4;KG
REGIMEN 1;DESAYUNO NORMAL 1;2026-10-05;GUARNICION 1;332;LEGUMBRES SALTEADAS;380;102010029;ZANAHORIA;0.03;11.4;KG;11.4;KG
REGIMEN 1;DESAYUNO NORMAL 1;2026-10-05;GUARNICION 1;332;LEGUMBRES SALTEADAS;380;10101036994;ACEITE VEGETAL CIELO 5 LT;0.002;0.152;BID;0.76;LT
REGIMEN 1;DESAYUNO NORMAL 1;2026-10-05;GUARNICION 1;332;LEGUMBRES SALTEADAS;380;103010005;CHOCLO DESGRANADO CONGELADO;0.02;7.6;KG;7.6;KG
REGIMEN 1;DESAYUNO NORMAL 1;2026-10-05;BEBIDA FRIA 1;184;JUGO DE PAPAYA;175;102020013;PAPAYA;0.25;43.75;KG;43.75;KG
REGIMEN 1;DESAYUNO NORMAL 1;2026-10-05;BEBIDA FRIA 1;184;JUGO DE PAPAYA;175;33598;CAJA CHICA - AGUA PARA RECETA - CH;0.15;26.25;LT;26.25;LT
REGIMEN 1;DESAYUNO NORMAL 1;2026-10-05;BEBIDA FRIA 1;184;JUGO DE PAPAYA;175;1010425038;AZUCAR RUBIA;0.015;2.625;KG;2.625;KG
REGIMEN 1;DESAYUNO NORMAL 1;2026-10-05;BEBIDA FRIA 1;184;JUGO DE PAPAYA;175;4030227693;ZUMO DE LIMON CONGELADO;0.003;0.525;KG;0.525;KG
REGIMEN 1;DESAYUNO NORMAL 1;2026-10-05;BEBIDA FRIA 2;515;JUGO DE FRESA;170;102020091;PULPA DE FRESA  CONGELADO;0.1225;20.816;KG;20.816;KG
REGIMEN 1;DESAYUNO NORMAL 1;2026-10-05;BEBIDA FRIA 2;515;JUGO DE FRESA;170;33598;CAJA CHICA - AGUA PARA RECETA - CH;0.15;25.5;LT;25.5;LT
REGIMEN 1;DESAYUNO NORMAL 1;2026-10-05;BEBIDA FRIA 2;515;JUGO DE FRESA;170;1010425038;AZUCAR RUBIA;0.015;2.55;KG;2.55;KG
REGIMEN 1;DESAYUNO NORMAL 1;2026-10-05;BEBIDA CALIENTE 1;194;QUINUA CON MANZANA;500;1020530557;CANELA ENTERA 4 ESTACIONES 1 KG;0.0001;0.06;BOL;0.06;KG
REGIMEN 1;DESAYUNO NORMAL 1;2026-10-05;BEBIDA CALIENTE 1;194;QUINUA CON MANZANA;500;1020530564;CLAVO DE OLOR ENTERO 4 ESTACIONES 1 KG;0.0001;0.03;BOL;0.03;KG
REGIMEN 1;DESAYUNO NORMAL 1;2026-10-05;BEBIDA CALIENTE 1;194;QUINUA CON MANZANA;500;1010425038;AZUCAR RUBIA;0.015;7.5;KG;7.5;KG
REGIMEN 1;DESAYUNO NORMAL 1;2026-10-05;BEBIDA CALIENTE 1;194;QUINUA CON MANZANA;500;102020062;MANZANA VERDE PARA JUGO;0.02;10;KG;10;KG
REGIMEN 1;DESAYUNO NORMAL 1;2026-10-05;BEBIDA CALIENTE 1;194;QUINUA CON MANZANA;500;10106040287;MAICENA DURYEA 500 GR;0.003;3;CAJ;1.5;KG
REGIMEN 1;DESAYUNO NORMAL 1;2026-10-05;BEBIDA CALIENTE 1;194;QUINUA CON MANZANA;500;1010827499;QUINUA KOMILON 5 KG;0.015;1.5;BOL;7.5;KG
REGIMEN 1;DESAYUNO NORMAL 1;2026-10-05;BEBIDA CALIENTE 1;194;QUINUA CON MANZANA;500;33598;CAJA CHICA - AGUA PARA RECETA - CH;0.3;150;LT;150;LT
REGIMEN 1;DESAYUNO NORMAL 1;2026-10-05;BEBIDA CALIENTE 2;1054;CAFE PASADO;120;101040103;CAFE MOLIDO STANDAR RISSO GRANEL KG;0.0067;0.808;KG;0.808;KG
REGIMEN 1;DESAYUNO NORMAL 1;2026-10-05;BEBIDA CALIENTE 2;1054;CAFE PASADO;120;33598;CAJA CHICA - AGUA PARA RECETA - CH;0.3;36;LT;36;LT
REGIMEN 1;DESAYUNO NORMAL 1;2026-10-05;BEBIDA CALIENTE 3;235;INFUSIONES;200;1020125405;INFUSION ANIS DEL VALLE 100 SOBRES;0.1428;0.286;CAJ;28.56;UND
REGIMEN 1;DESAYUNO NORMAL 1;2026-10-05;BEBIDA CALIENTE 3;235;INFUSIONES;200;101040473;INFUSION HIERBA LUISA HERBI 100 SOBRES;0.1429;0.286;CAJ;28.576;UND
REGIMEN 1;DESAYUNO NORMAL 1;2026-10-05;BEBIDA CALIENTE 3;235;INFUSIONES;200;101040568;INFUSION MANZANILLA MC COLLINS 100 SOBRES;0.1428;0.286;CAJ;28.56;UND
REGIMEN 1;DESAYUNO NORMAL 1;2026-10-05;BEBIDA CALIENTE 3;235;INFUSIONES;200;1020125401;INFUSION TE PURO DEL VALLE 100 SOBRES;0.1428;0.286;CAJ;28.56;UND
REGIMEN 1;DESAYUNO NORMAL 1;2026-10-05;BEBIDA CALIENTE 3;235;INFUSIONES;200;1020125403;INFUSION TE BOLDO DEL VALLE 100 SOBRES;0.1428;0.286;CAJ;28.56;UND
REGIMEN 1;DESAYUNO NORMAL 1;2026-10-05;BEBIDA CALIENTE 3;235;INFUSIONES;200;101040457;INFUSION TE CANELA Y CLAVO HERBI 100  SOBRES;0.1428;0.286;CAJ;28.56;UND
REGIMEN 1;DESAYUNO NORMAL 1;2026-10-05;BEBIDA CALIENTE 3;235;INFUSIONES;200;1020125404;INFUSION UÑA DE GATO DEL VALLE 100 SOBRES;0.1428;0.286;CAJ;28.56;UND
REGIMEN 1;DESAYUNO NORMAL 1;2026-10-05;BEBIDA CALIENTE 3;235;INFUSIONES;200;1010425038;AZUCAR RUBIA;0.015;3;KG;3;KG
REGIMEN 1;DESAYUNO NORMAL 1;2026-10-05;BEBIDA CALIENTE 4;189;LECHE CALIENTE I;80;10107039479;LECHE EVAPORADA (CONCENTRADA) LAIVE BOLSITARRO 800 ML;0.1;10;BOL;8;LT
REGIMEN 1;DESAYUNO NORMAL 1;2026-10-05;BEBIDA CALIENTE 4;189;LECHE CALIENTE I;80;33598;CAJA CHICA - AGUA PARA RECETA - CH;0.2;16;LT;16;LT
REGIMEN 1;DESAYUNO NORMAL 1;2026-10-05;BEBIDA CALIENTE 4;189;LECHE CALIENTE I;80;1010425038;AZUCAR RUBIA;0.015;1.2;KG;1.2;KG
REGIMEN 1;DESAYUNO NORMAL 1;2026-10-05;COMPLEMENTO 1;1;ACEITUNA NEGRA;200;5060130729;ACEITUNA NEGRA RODAJA;0.04;8;KG;8;KG
REGIMEN 1;DESAYUNO NORMAL 1;2026-10-05;COMPLEMENTO 2;2872;OMELETTE DE PIMIENTO;200;10101036994;ACEITE VEGETAL CIELO 5 LT;0.002;0.08;BID;0.4;LT
REGIMEN 1;DESAYUNO NORMAL 1;2026-10-05;COMPLEMENTO 2;2872;OMELETTE DE PIMIENTO;200;50402042247;HUEVO ROJO (CAJA 11.5 KG);0.06;1.043;CAJ;12;KG
REGIMEN 1;DESAYUNO NORMAL 1;2026-10-05;COMPLEMENTO 2;2872;OMELETTE DE PIMIENTO;200;10205037563;SAL DE COCINA SALINA 1 KG;0.002;0.4;BOL;0.4;KG
REGIMEN 1;DESAYUNO NORMAL 1;2026-10-05;COMPLEMENTO 2;2872;OMELETTE DE PIMIENTO;200;102010006;CEBOLLA ROJA;0.015;3;KG;3;KG
REGIMEN 1;DESAYUNO NORMAL 1;2026-10-05;COMPLEMENTO 2;2872;OMELETTE DE PIMIENTO;200;102010022;PIMIENTO ROJO;0.02;4;KG;4;KG
REGIMEN 1;DESAYUNO NORMAL 1;2026-10-05;COMPLEMENTO 2;2872;OMELETTE DE PIMIENTO;200;102030081;QUESO EDAM EN TAJADAS X 500 GR CONGELADO;0.01;4;PQT;2;KG
REGIMEN 1;DESAYUNO NORMAL 1;2026-10-05;COMPLEMENTO 2;2872;OMELETTE DE PIMIENTO;200;102010021;PEREJIL;0.003;0.6;KG;0.6;KG
REGIMEN 1;DESAYUNO NORMAL 1;2026-10-05;COMPLEMENTO 2;2872;OMELETTE DE PIMIENTO;200;10106037527;HARINA ESPECIAL DEL CIELO GRANEL SACO 50 KG;0.003;0.012;SCO;0.6;KG
REGIMEN 1;DESAYUNO NORMAL 1;2026-10-05;COMPLEMENTO 2;2872;OMELETTE DE PIMIENTO;200;1020530600;PIMIENTA NEGRA MOLIDA 4 ESTACIONES 1 KG;0.0001;0.02;BOL;0.02;KG
REGIMEN 1;DESAYUNO NORMAL 1;2026-10-05;COMPLEMENTO 3;1169;MANTEQUILLA CON SAL;240;505040005;MANTEQUILLA GLORIA PERSONAL 10 GR;1;240;UND;240;UND
REGIMEN 1;DESAYUNO NORMAL 1;2026-10-05;COMPLEMENTO 4;1179;MERMELADA;180;1020130542;MERMELADA FRESA TRES ESPADAS 16 GR;0.5;90;BLI;90;UND
REGIMEN 1;DESAYUNO NORMAL 1;2026-10-05;COMPLEMENTO 4;1179;MERMELADA;180;1020131321;MERMELADA NARANJA TRES ESPADAS 16 GR;0.5;90;BLI;90;UND
REGIMEN 1;DESAYUNO NORMAL 1;2026-10-05;COMPLEMENTO 5;125;HUEVOS A LA ORDEN;120;50402042247;HUEVO ROJO (CAJA 11.5 KG);0.12;1.252;CAJ;14.4;KG
REGIMEN 1;DESAYUNO NORMAL 1;2026-10-05;COMPLEMENTO 5;125;HUEVOS A LA ORDEN;120;10205037563;SAL DE COCINA SALINA 1 KG;0.001;0.12;BOL;0.12;KG
REGIMEN 1;DESAYUNO NORMAL 1;2026-10-05;COMPLEMENTO 5;125;HUEVOS A LA ORDEN;120;10101036994;ACEITE VEGETAL CIELO 5 LT;0.003;0.072;BID;0.36;LT
REGIMEN 1;DESAYUNO NORMAL 1;2026-10-05;PAN 1;252;PAN FRANCES;550;10206037587;PREMEZCLA INVENTIS PAN CIABATTA 10 KG;0.0032;0.176;BOL;1.76;KG
REGIMEN 1;DESAYUNO NORMAL 1;2026-10-05;PAN 1;252;PAN FRANCES;550;10106037527;HARINA ESPECIAL DEL CIELO GRANEL SACO 50 KG;0.0161;0.177;SCO;8.855;KG
REGIMEN 1;DESAYUNO NORMAL 1;2026-10-05;PAN 1;252;PAN FRANCES;550;33598;CAJA CHICA - AGUA PARA RECETA - CH;0.0105;5.775;LT;5.775;LT
REGIMEN 1;DESAYUNO NORMAL 1;2026-10-05;PAN 1;252;PAN FRANCES;550;101060031;LEVADURA INSTANTANEA LEVAPAN 500 GR;0.0002;0.22;BOL;0.11;KG
REGIMEN 1;DESAYUNO NORMAL 1;2026-10-05;PAN 2;250;PAN DE YEMA;550;10206037587;PREMEZCLA INVENTIS PAN CIABATTA 10 KG;0.0032;0.176;BOL;1.755;KG
REGIMEN 1;DESAYUNO NORMAL 1;2026-10-05;PAN 2;250;PAN DE YEMA;550;10106037527;HARINA ESPECIAL DEL CIELO GRANEL SACO 50 KG;0.016;0.176;SCO;8.776;KG
REGIMEN 1;DESAYUNO NORMAL 1;2026-10-05;PAN 2;250;PAN DE YEMA;550;33598;CAJA CHICA - AGUA PARA RECETA - CH;0.0082;4.505;LT;4.505;LT
REGIMEN 1;DESAYUNO NORMAL 1;2026-10-05;PAN 2;250;PAN DE YEMA;550;1010425038;AZUCAR RUBIA;0.0019;1.053;KG;1.053;KG
REGIMEN 1;DESAYUNO NORMAL 1;2026-10-05;PAN 2;250;PAN DE YEMA;550;101060031;LEVADURA INSTANTANEA LEVAPAN 500 GR;0.0002;0.175;BOL;0.087;KG
REGIMEN 1;DESAYUNO NORMAL 1;2026-10-06;PLATO DE FONDO NORMAL 1;445;HUEVO FRITO;318;10205037563;SAL DE COCINA SALINA 1 KG;0.002;0.636;BOL;0.636;KG
REGIMEN 1;DESAYUNO NORMAL 1;2026-10-06;PLATO DE FONDO NORMAL 1;445;HUEVO FRITO;318;50402042247;HUEVO ROJO (CAJA 11.5 KG);0.14;3.871;CAJ;44.52;KG
REGIMEN 1;DESAYUNO NORMAL 1;2026-10-06;PLATO DE FONDO NORMAL 1;445;HUEVO FRITO;318;10101036994;ACEITE VEGETAL CIELO 5 LT;0.003;0.191;BID;0.954;LT
REGIMEN 1;DESAYUNO NORMAL 1;2026-10-06;GUARNICION ARROZ;270;ARROZ BLANCO;312;10101036994;ACEITE VEGETAL CIELO 5 LT;0.006;0.374;BID;1.872;LT
REGIMEN 1;DESAYUNO NORMAL 1;2026-10-06;GUARNICION ARROZ;270;ARROZ BLANCO;312;10205037563;SAL DE COCINA SALINA 1 KG;0.003;0.936;BOL;0.936;KG
REGIMEN 1;DESAYUNO NORMAL 1;2026-10-06;GUARNICION ARROZ;270;ARROZ BLANCO;312;10202041457;PASTA DE AJO CONCENTRADA EMIC 1 KG;0.005;1.56;BOL;1.56;KG
REGIMEN 1;DESAYUNO NORMAL 1;2026-10-06;GUARNICION ARROZ;270;ARROZ BLANCO;312;10102041614;ARROZ COSTEÑO EXTRA HOJA REDONDA AÑEJO 50 KG;0.1;0.624;SCO;31.2;KG
REGIMEN 1;DESAYUNO NORMAL 1;2026-10-06;GUARNICION ARROZ;270;ARROZ BLANCO;312;33598;CAJA CHICA - AGUA PARA RECETA - CH;0.12;37.44;LT;37.44;LT
REGIMEN 1;DESAYUNO NORMAL 1;2026-10-06;GUARNICION 1;6619;ENCEBOLLADO;318;10101036994;ACEITE VEGETAL CIELO 5 LT;0.005;0.318;BID;1.59;LT
REGIMEN 1;DESAYUNO NORMAL 1;2026-10-06;GUARNICION 1;6619;ENCEBOLLADO;318;1020222489;PRE ELABORADO RAM BASE CRIOLLA 1 KG;0.008;2.544;BOL;2.544;KG
REGIMEN 1;DESAYUNO NORMAL 1;2026-10-06;GUARNICION 1;6619;ENCEBOLLADO;318;101100011;OREGANO ENTERO SAN JUAN MASIAS 1 KG;0.0001;0.038;BOL;0.038;KG
REGIMEN 1;DESAYUNO NORMAL 1;2026-10-06;GUARNICION 1;6619;ENCEBOLLADO;318;1020530600;PIMIENTA NEGRA MOLIDA 4 ESTACIONES 1 KG;0.0001;0.019;BOL;0.019;KG
REGIMEN 1;DESAYUNO NORMAL 1;2026-10-06;GUARNICION 1;6619;ENCEBOLLADO;318;10205037563;SAL DE COCINA SALINA 1 KG;0.001;0.318;BOL;0.318;KG
REGIMEN 1;DESAYUNO NORMAL 1;2026-10-06;GUARNICION 1;6619;ENCEBOLLADO;318;102010041;AJI AMARILLO X KG;0.003;0.954;KG;0.954;KG
REGIMEN 1;DESAYUNO NORMAL 1;2026-10-06;GUARNICION 1;6619;ENCEBOLLADO;318;102010006;CEBOLLA ROJA;0.04;12.72;KG;12.72;KG
REGIMEN 1;DESAYUNO NORMAL 1;2026-10-06;GUARNICION 1;6619;ENCEBOLLADO;318;102010027;TOMATE;0.03;9.54;KG;9.54;KG
REGIMEN 1;DESAYUNO NORMAL 1;2026-10-06;GUARNICION 1;6619;ENCEBOLLADO;318;1010425038;AZUCAR RUBIA;0.001;0.318;KG;0.318;KG
REGIMEN 1;DESAYUNO NORMAL 1;2026-10-06;GUARNICION 1;6619;ENCEBOLLADO;318;33598;CAJA CHICA - AGUA PARA RECETA - CH;0.015;4.77;LT;4.77;LT
REGIMEN 1;DESAYUNO NORMAL 1;2026-10-06;GUARNICION 1;6619;ENCEBOLLADO;318;10106040287;MAICENA DURYEA 500 GR;0.003;1.908;CAJ;0.954;KG
REGIMEN 1;DESAYUNO NORMAL 1;2026-10-06;BEBIDA FRIA 1;179;JUGO DE NARANJA;102;102020012;NARANJA PARA JUGO;0.5;51;KG;51;KG
REGIMEN 1;DESAYUNO NORMAL 1;2026-10-06;BEBIDA FRIA 1;179;JUGO DE NARANJA;102;33598;CAJA CHICA - AGUA PARA RECETA - CH;0.15;15.3;LT;15.3;LT
REGIMEN 1;DESAYUNO NORMAL 1;2026-10-06;BEBIDA FRIA 2;1058;JUGO DE PAPAYA CON PIÑA;182;1010424673;AZUCAR BLANCA;0.02;3.64;KG;3.64;KG
REGIMEN 1;DESAYUNO NORMAL 1;2026-10-06;BEBIDA FRIA 2;1058;JUGO DE PAPAYA CON PIÑA;182;102020016;PIÑA;0.15;27.3;KG;27.3;KG
REGIMEN 1;DESAYUNO NORMAL 1;2026-10-06;BEBIDA FRIA 2;1058;JUGO DE PAPAYA CON PIÑA;182;33598;CAJA CHICA - AGUA PARA RECETA - CH;0.125;22.75;LT;22.75;LT
REGIMEN 1;DESAYUNO NORMAL 1;2026-10-06;BEBIDA FRIA 2;1058;JUGO DE PAPAYA CON PIÑA;182;102020099;PULPA DE PAPAYA CONGELADO;0.06;10.92;KG;10.92;KG
REGIMEN 1;DESAYUNO NORMAL 1;2026-10-06;BEBIDA CALIENTE 1;3077;API;514;2030134;PRE ELABORADO NATURALE CONCENTRADO CHICHA MORADA 2 LT;0.025;6.425;BOL;12.85;LT
REGIMEN 1;DESAYUNO NORMAL 1;2026-10-06;BEBIDA CALIENTE 1;3077;API;514;33598;CAJA CHICA - AGUA PARA RECETA - CH;0.2;102.8;LT;102.8;LT
REGIMEN 1;DESAYUNO NORMAL 1;2026-10-06;BEBIDA CALIENTE 1;3077;API;514;1020530557;CANELA ENTERA 4 ESTACIONES 1 KG;0.0001;0.051;BOL;0.051;KG
REGIMEN 1;DESAYUNO NORMAL 1;2026-10-06;BEBIDA CALIENTE 1;3077;API;514;1020530564;CLAVO DE OLOR ENTERO 4 ESTACIONES 1 KG;0.0001;0.051;BOL;0.051;KG
REGIMEN 1;DESAYUNO NORMAL 1;2026-10-06;BEBIDA CALIENTE 1;3077;API;514;4030227693;ZUMO DE LIMON CONGELADO;0.0001;0.051;KG;0.051;KG
REGIMEN 1;DESAYUNO NORMAL 1;2026-10-06;BEBIDA CALIENTE 1;3077;API;514;10106040287;MAICENA DURYEA 500 GR;0.0125;12.85;CAJ;6.425;KG
REGIMEN 1;DESAYUNO NORMAL 1;2026-10-06;BEBIDA CALIENTE 2;1054;CAFE PASADO;126;101040103;CAFE MOLIDO STANDAR RISSO GRANEL KG;0.0067;0.848;KG;0.848;KG
REGIMEN 1;DESAYUNO NORMAL 1;2026-10-06;BEBIDA CALIENTE 2;1054;CAFE PASADO;126;33598;CAJA CHICA - AGUA PARA RECETA - CH;0.3;37.8;LT;37.8;LT
REGIMEN 1;DESAYUNO NORMAL 1;2026-10-06;BEBIDA CALIENTE 3;235;INFUSIONES;103;1020125405;INFUSION ANIS DEL VALLE 100 SOBRES;0.1428;0.147;CAJ;14.708;UND
REGIMEN 1;DESAYUNO NORMAL 1;2026-10-06;BEBIDA CALIENTE 3;235;INFUSIONES;103;101040473;INFUSION HIERBA LUISA HERBI 100 SOBRES;0.1429;0.147;CAJ;14.717;UND
REGIMEN 1;DESAYUNO NORMAL 1;2026-10-06;BEBIDA CALIENTE 3;235;INFUSIONES;103;101040568;INFUSION MANZANILLA MC COLLINS 100 SOBRES;0.1428;0.147;CAJ;14.708;UND
REGIMEN 1;DESAYUNO NORMAL 1;2026-10-06;BEBIDA CALIENTE 3;235;INFUSIONES;103;1020125401;INFUSION TE PURO DEL VALLE 100 SOBRES;0.1428;0.147;CAJ;14.708;UND
REGIMEN 1;DESAYUNO NORMAL 1;2026-10-06;BEBIDA CALIENTE 3;235;INFUSIONES;103;1020125403;INFUSION TE BOLDO DEL VALLE 100 SOBRES;0.1428;0.147;CAJ;14.708;UND
REGIMEN 1;DESAYUNO NORMAL 1;2026-10-06;BEBIDA CALIENTE 3;235;INFUSIONES;103;101040457;INFUSION TE CANELA Y CLAVO HERBI 100  SOBRES;0.1428;0.147;CAJ;14.708;UND
REGIMEN 1;DESAYUNO NORMAL 1;2026-10-06;BEBIDA CALIENTE 3;235;INFUSIONES;103;1020125404;INFUSION UÑA DE GATO DEL VALLE 100 SOBRES;0.1428;0.147;CAJ;14.708;UND
REGIMEN 1;DESAYUNO NORMAL 1;2026-10-06;BEBIDA CALIENTE 3;235;INFUSIONES;103;1010425038;AZUCAR RUBIA;0.015;1.545;KG;1.545;KG
REGIMEN 1;DESAYUNO NORMAL 1;2026-10-06;COMPLEMENTO 1;1182;PALTA;158;4030227693;ZUMO DE LIMON CONGELADO;0.001;0.158;KG;0.158;KG
REGIMEN 1;DESAYUNO NORMAL 1;2026-10-06;COMPLEMENTO 1;1182;PALTA;158;102010172;PALTA;0.1;15.8;KG;15.8;KG
REGIMEN 1;DESAYUNO NORMAL 1;2026-10-06;COMPLEMENTO 2;130;JAMONADA;130;102040050;JAMONADA DE POLLO CONGELADO KG;0.03;3.9;KG;3.9;KG
REGIMEN 1;DESAYUNO NORMAL 1;2026-10-06;COMPLEMENTO 3;1169;MANTEQUILLA CON SAL;250;505040005;MANTEQUILLA GLORIA PERSONAL 10 GR;1;250;UND;250;UND
REGIMEN 1;DESAYUNO NORMAL 1;2026-10-06;COMPLEMENTO 4;1179;MERMELADA;158;1020130542;MERMELADA FRESA TRES ESPADAS 16 GR;0.5;79;BLI;79;UND
REGIMEN 1;DESAYUNO NORMAL 1;2026-10-06;COMPLEMENTO 4;1179;MERMELADA;158;1020131321;MERMELADA NARANJA TRES ESPADAS 16 GR;0.5;79;BLI;79;UND
REGIMEN 1;DESAYUNO NORMAL 1;2026-10-06;COMPLEMENTO 5;125;HUEVOS A LA ORDEN;158;50402042247;HUEVO ROJO (CAJA 11.5 KG);0.12;1.649;CAJ;18.96;KG
REGIMEN 1;DESAYUNO NORMAL 1;2026-10-06;COMPLEMENTO 5;125;HUEVOS A LA ORDEN;158;10205037563;SAL DE COCINA SALINA 1 KG;0.001;0.158;BOL;0.158;KG
REGIMEN 1;DESAYUNO NORMAL 1;2026-10-06;COMPLEMENTO 5;125;HUEVOS A LA ORDEN;158;10101036994;ACEITE VEGETAL CIELO 5 LT;0.003;0.095;BID;0.474;LT
REGIMEN 1;DESAYUNO NORMAL 1;2026-10-06;PAN 1;252;PAN FRANCES;572;10206037587;PREMEZCLA INVENTIS PAN CIABATTA 10 KG;0.0032;0.183;BOL;1.83;KG
REGIMEN 1;DESAYUNO NORMAL 1;2026-10-06;PAN 1;252;PAN FRANCES;572;10106037527;HARINA ESPECIAL DEL CIELO GRANEL SACO 50 KG;0.0161;0.184;SCO;9.209;KG
REGIMEN 1;DESAYUNO NORMAL 1;2026-10-06;PAN 1;252;PAN FRANCES;572;33598;CAJA CHICA - AGUA PARA RECETA - CH;0.0105;6.006;LT;6.006;LT
REGIMEN 1;DESAYUNO NORMAL 1;2026-10-06;PAN 1;252;PAN FRANCES;572;101060031;LEVADURA INSTANTANEA LEVAPAN 500 GR;0.0002;0.229;BOL;0.114;KG
REGIMEN 1;DESAYUNO NORMAL 1;2026-10-06;PAN 2;250;PAN DE YEMA;572;10206037587;PREMEZCLA INVENTIS PAN CIABATTA 10 KG;0.0032;0.183;BOL;1.825;KG
REGIMEN 1;DESAYUNO NORMAL 1;2026-10-06;PAN 2;250;PAN DE YEMA;572;10106037527;HARINA ESPECIAL DEL CIELO GRANEL SACO 50 KG;0.016;0.183;SCO;9.127;KG
REGIMEN 1;DESAYUNO NORMAL 1;2026-10-06;PAN 2;250;PAN DE YEMA;572;33598;CAJA CHICA - AGUA PARA RECETA - CH;0.0082;4.685;LT;4.685;LT
REGIMEN 1;DESAYUNO NORMAL 1;2026-10-06;PAN 2;250;PAN DE YEMA;572;1010425038;AZUCAR RUBIA;0.0019;1.095;KG;1.095;KG
REGIMEN 1;DESAYUNO NORMAL 1;2026-10-06;PAN 2;250;PAN DE YEMA;572;101060031;LEVADURA INSTANTANEA LEVAPAN 500 GR;0.0002;0.182;BOL;0.091;KG
REGIMEN 1;DESAYUNO NORMAL 1;2026-10-07;SOPA NORMAL;109;CALDO DE GALLINA;364;103020010;GALLINA ENTERA SIN MENUDENCIA CONGELADO - IMPORTADO;0.13;47.32;KG;47.32;KG
REGIMEN 1;DESAYUNO NORMAL 1;2026-10-07;SOPA NORMAL;109;CALDO DE GALLINA;364;50402042247;HUEVO ROJO (CAJA 11.5 KG);0.06;1.899;CAJ;21.84;KG
REGIMEN 1;DESAYUNO NORMAL 1;2026-10-07;SOPA NORMAL;109;CALDO DE GALLINA;364;101070178;CALDO DE GALLINA KNORR SACHET 1.5 KG;0.002;0.485;BOL;0.728;KG
REGIMEN 1;DESAYUNO NORMAL 1;2026-10-07;SOPA NORMAL;109;CALDO DE GALLINA;364;101100011;OREGANO ENTERO SAN JUAN MASIAS 1 KG;0.0001;0.044;BOL;0.044;KG
REGIMEN 1;DESAYUNO NORMAL 1;2026-10-07;SOPA NORMAL;109;CALDO DE GALLINA;364;10205037563;SAL DE COCINA SALINA 1 KG;0.002;0.728;BOL;0.728;KG
REGIMEN 1;DESAYUNO NORMAL 1;2026-10-07;SOPA NORMAL;109;CALDO DE GALLINA;364;1020530674;KION MOLIDO SECO 4 ESTACIONES 250 GR;0.0005;0.728;BOL;0.182;KG
REGIMEN 1;DESAYUNO NORMAL 1;2026-10-07;SOPA NORMAL;109;CALDO DE GALLINA;364;102010007;CEBOLLA CHINA;0.01;3.64;KG;3.64;KG
REGIMEN 1;DESAYUNO NORMAL 1;2026-10-07;SOPA NORMAL;109;CALDO DE GALLINA;364;102010045;PAPA AMARILLA;0.03;10.92;KG;10.92;KG
REGIMEN 1;DESAYUNO NORMAL 1;2026-10-07;SOPA NORMAL;109;CALDO DE GALLINA;364;101020264;FIDEO SPAGUETTI DON VITTORIO 500 GR;0.03;21.84;PQT;10.92;KG
REGIMEN 1;DESAYUNO NORMAL 1;2026-10-07;SOPA NORMAL;109;CALDO DE GALLINA;364;33598;CAJA CHICA - AGUA PARA RECETA - CH;0.3;109.2;LT;109.2;LT
REGIMEN 1;DESAYUNO NORMAL 1;2026-10-07;GUARNICION 1;1123;MAIZ CANCHA;364;101020150;MAIZ CANCHA EL PLEBEYO 5 KG;0.03;2.184;BOL;10.92;KG
REGIMEN 1;DESAYUNO NORMAL 1;2026-10-07;GUARNICION 1;1123;MAIZ CANCHA;364;10101036994;ACEITE VEGETAL CIELO 5 LT;0.001;0.073;BID;0.364;LT
REGIMEN 1;DESAYUNO NORMAL 1;2026-10-07;GUARNICION 1;1123;MAIZ CANCHA;364;10205037563;SAL DE COCINA SALINA 1 KG;0.001;0.364;BOL;0.364;KG
REGIMEN 1;DESAYUNO NORMAL 1;2026-10-07;BEBIDA FRIA 1;2463;JUGO MIXTO;182;102020016;PIÑA;0.13;23.66;KG;23.66;KG
REGIMEN 1;DESAYUNO NORMAL 1;2026-10-07;BEBIDA FRIA 1;2463;JUGO MIXTO;182;1010425038;AZUCAR RUBIA;0.015;2.73;KG;2.73;KG
REGIMEN 1;DESAYUNO NORMAL 1;2026-10-07;BEBIDA FRIA 1;2463;JUGO MIXTO;182;33598;CAJA CHICA - AGUA PARA RECETA - CH;0.1;18.2;LT;18.2;LT
REGIMEN 1;DESAYUNO NORMAL 1;2026-10-07;BEBIDA FRIA 1;2463;JUGO MIXTO;182;102020099;PULPA DE PAPAYA CONGELADO;0.07;12.74;KG;12.74;KG
REGIMEN 1;DESAYUNO NORMAL 1;2026-10-07;BEBIDA FRIA 2;186;JUGO DE PIÑA;130;102020016;PIÑA;0.25;32.5;KG;32.5;KG
REGIMEN 1;DESAYUNO NORMAL 1;2026-10-07;BEBIDA FRIA 2;186;JUGO DE PIÑA;130;33598;CAJA CHICA - AGUA PARA RECETA - CH;0.1531;19.903;LT;19.903;LT
REGIMEN 1;DESAYUNO NORMAL 1;2026-10-07;BEBIDA FRIA 2;186;JUGO DE PIÑA;130;1010425038;AZUCAR RUBIA;0.015;1.95;KG;1.95;KG
REGIMEN 1;DESAYUNO NORMAL 1;2026-10-07;BEBIDA CALIENTE 1;3148;MACA;514;1020530557;CANELA ENTERA 4 ESTACIONES 1 KG;0.0001;0.062;BOL;0.062;KG
REGIMEN 1;DESAYUNO NORMAL 1;2026-10-07;BEBIDA CALIENTE 1;3148;MACA;514;1020530564;CLAVO DE OLOR ENTERO 4 ESTACIONES 1 KG;0.0001;0.031;BOL;0.031;KG
REGIMEN 1;DESAYUNO NORMAL 1;2026-10-07;BEBIDA CALIENTE 1;3148;MACA;514;1010425038;AZUCAR RUBIA;0.015;7.71;KG;7.71;KG
REGIMEN 1;DESAYUNO NORMAL 1;2026-10-07;BEBIDA CALIENTE 1;3148;MACA;514;10106043116;HARINA DE MACA MOLINOS DEL SOL 5 KG;0.01;1.028;BOL;5.14;KG
REGIMEN 1;DESAYUNO NORMAL 1;2026-10-07;BEBIDA CALIENTE 1;3148;MACA;514;10106040287;MAICENA DURYEA 500 GR;0.01;10.28;CAJ;5.14;KG
REGIMEN 1;DESAYUNO NORMAL 1;2026-10-07;BEBIDA CALIENTE 1;3148;MACA;514;33598;CAJA CHICA - AGUA PARA RECETA - CH;0.3;154.2;LT;154.2;LT
REGIMEN 1;DESAYUNO NORMAL 1;2026-10-07;BEBIDA CALIENTE 2;1054;CAFE PASADO;126;101040103;CAFE MOLIDO STANDAR RISSO GRANEL KG;0.0067;0.848;KG;0.848;KG
REGIMEN 1;DESAYUNO NORMAL 1;2026-10-07;BEBIDA CALIENTE 2;1054;CAFE PASADO;126;33598;CAJA CHICA - AGUA PARA RECETA - CH;0.3;37.8;LT;37.8;LT
REGIMEN 1;DESAYUNO NORMAL 1;2026-10-07;BEBIDA CALIENTE 3;235;INFUSIONES;103;1020125405;INFUSION ANIS DEL VALLE 100 SOBRES;0.1428;0.147;CAJ;14.708;UND
REGIMEN 1;DESAYUNO NORMAL 1;2026-10-07;BEBIDA CALIENTE 3;235;INFUSIONES;103;101040473;INFUSION HIERBA LUISA HERBI 100 SOBRES;0.1429;0.147;CAJ;14.717;UND
REGIMEN 1;DESAYUNO NORMAL 1;2026-10-07;BEBIDA CALIENTE 3;235;INFUSIONES;103;101040568;INFUSION MANZANILLA MC COLLINS 100 SOBRES;0.1428;0.147;CAJ;14.708;UND
REGIMEN 1;DESAYUNO NORMAL 1;2026-10-07;BEBIDA CALIENTE 3;235;INFUSIONES;103;1020125401;INFUSION TE PURO DEL VALLE 100 SOBRES;0.1428;0.147;CAJ;14.708;UND
REGIMEN 1;DESAYUNO NORMAL 1;2026-10-07;BEBIDA CALIENTE 3;235;INFUSIONES;103;1020125403;INFUSION TE BOLDO DEL VALLE 100 SOBRES;0.1428;0.147;CAJ;14.708;UND
REGIMEN 1;DESAYUNO NORMAL 1;2026-10-07;BEBIDA CALIENTE 3;235;INFUSIONES;103;101040457;INFUSION TE CANELA Y CLAVO HERBI 100  SOBRES;0.1428;0.147;CAJ;14.708;UND
REGIMEN 1;DESAYUNO NORMAL 1;2026-10-07;BEBIDA CALIENTE 3;235;INFUSIONES;103;1020125404;INFUSION UÑA DE GATO DEL VALLE 100 SOBRES;0.1428;0.147;CAJ;14.708;UND
REGIMEN 1;DESAYUNO NORMAL 1;2026-10-07;BEBIDA CALIENTE 3;235;INFUSIONES;103;1010425038;AZUCAR RUBIA;0.015;1.545;KG;1.545;KG
REGIMEN 1;DESAYUNO NORMAL 1;2026-10-07;BEBIDA CALIENTE 4;189;LECHE CALIENTE I;78;10107039479;LECHE EVAPORADA (CONCENTRADA) LAIVE BOLSITARRO 800 ML;0.1;9.75;BOL;7.8;LT
REGIMEN 1;DESAYUNO NORMAL 1;2026-10-07;BEBIDA CALIENTE 4;189;LECHE CALIENTE I;78;33598;CAJA CHICA - AGUA PARA RECETA - CH;0.2;15.6;LT;15.6;LT
REGIMEN 1;DESAYUNO NORMAL 1;2026-10-07;BEBIDA CALIENTE 4;189;LECHE CALIENTE I;78;1010425038;AZUCAR RUBIA;0.015;1.17;KG;1.17;KG
REGIMEN 1;DESAYUNO NORMAL 1;2026-10-07;COMPLEMENTO 1;131;QUESO EDAM;182;102030081;QUESO EDAM EN TAJADAS X 500 GR CONGELADO;0.03;10.92;PQT;5.46;KG
REGIMEN 1;DESAYUNO NORMAL 1;2026-10-07;COMPLEMENTO 2;122;HOT DOG;102;4020131181;HOT DOG CONGELADO KG;0.03;3.06;KG;3.06;KG
REGIMEN 1;DESAYUNO NORMAL 1;2026-10-07;COMPLEMENTO 2;122;HOT DOG;102;10101036994;ACEITE VEGETAL CIELO 5 LT;0.002;0.041;BID;0.204;LT
REGIMEN 1;DESAYUNO NORMAL 1;2026-10-07;COMPLEMENTO 3;1169;MANTEQUILLA CON SAL;250;505040005;MANTEQUILLA GLORIA PERSONAL 10 GR;1;250;UND;250;UND
REGIMEN 1;DESAYUNO NORMAL 1;2026-10-07;COMPLEMENTO 4;1179;MERMELADA;158;1020130542;MERMELADA FRESA TRES ESPADAS 16 GR;0.5;79;BLI;79;UND
REGIMEN 1;DESAYUNO NORMAL 1;2026-10-07;COMPLEMENTO 4;1179;MERMELADA;158;1020131321;MERMELADA NARANJA TRES ESPADAS 16 GR;0.5;79;BLI;79;UND
REGIMEN 1;DESAYUNO NORMAL 1;2026-10-07;COMPLEMENTO 5;125;HUEVOS A LA ORDEN;158;50402042247;HUEVO ROJO (CAJA 11.5 KG);0.12;1.649;CAJ;18.96;KG
REGIMEN 1;DESAYUNO NORMAL 1;2026-10-07;COMPLEMENTO 5;125;HUEVOS A LA ORDEN;158;10205037563;SAL DE COCINA SALINA 1 KG;0.001;0.158;BOL;0.158;KG
REGIMEN 1;DESAYUNO NORMAL 1;2026-10-07;COMPLEMENTO 5;125;HUEVOS A LA ORDEN;158;10101036994;ACEITE VEGETAL CIELO 5 LT;0.003;0.095;BID;0.474;LT
REGIMEN 1;DESAYUNO NORMAL 1;2026-10-07;PAN 1;252;PAN FRANCES;572;10206037587;PREMEZCLA INVENTIS PAN CIABATTA 10 KG;0.0032;0.183;BOL;1.83;KG
REGIMEN 1;DESAYUNO NORMAL 1;2026-10-07;PAN 1;252;PAN FRANCES;572;10106037527;HARINA ESPECIAL DEL CIELO GRANEL SACO 50 KG;0.0161;0.184;SCO;9.209;KG
REGIMEN 1;DESAYUNO NORMAL 1;2026-10-07;PAN 1;252;PAN FRANCES;572;33598;CAJA CHICA - AGUA PARA RECETA - CH;0.0105;6.006;LT;6.006;LT
REGIMEN 1;DESAYUNO NORMAL 1;2026-10-07;PAN 1;252;PAN FRANCES;572;101060031;LEVADURA INSTANTANEA LEVAPAN 500 GR;0.0002;0.229;BOL;0.114;KG
REGIMEN 1;DESAYUNO NORMAL 1;2026-10-07;PAN 2;250;PAN DE YEMA;572;10206037587;PREMEZCLA INVENTIS PAN CIABATTA 10 KG;0.0032;0.183;BOL;1.825;KG
REGIMEN 1;DESAYUNO NORMAL 1;2026-10-07;PAN 2;250;PAN DE YEMA;572;10106037527;HARINA ESPECIAL DEL CIELO GRANEL SACO 50 KG;0.016;0.183;SCO;9.127;KG
REGIMEN 1;DESAYUNO NORMAL 1;2026-10-07;PAN 2;250;PAN DE YEMA;572;33598;CAJA CHICA - AGUA PARA RECETA - CH;0.0082;4.685;LT;4.685;LT
REGIMEN 1;DESAYUNO NORMAL 1;2026-10-07;PAN 2;250;PAN DE YEMA;572;1010425038;AZUCAR RUBIA;0.0019;1.095;KG;1.095;KG
REGIMEN 1;DESAYUNO NORMAL 1;2026-10-07;PAN 2;250;PAN DE YEMA;572;101060031;LEVADURA INSTANTANEA LEVAPAN 500 GR;0.0002;0.182;BOL;0.091;KG
REGIMEN 1;DESAYUNO NORMAL 1;2026-10-07;ISLA 1;719;LIMON;106;102020001;LIMON VERDE EXTRA;0.015;1.59;KG;1.59;KG
REGIMEN 1;DESAYUNO NORMAL 1;2026-10-07;ISLA 2;4323;AJI - ROCOTO PICADO;78;1020530600;PIMIENTA NEGRA MOLIDA 4 ESTACIONES 1 KG;0.0001;0.008;BOL;0.008;KG
REGIMEN 1;DESAYUNO NORMAL 1;2026-10-07;ISLA 2;4323;AJI - ROCOTO PICADO;78;4030227693;ZUMO DE LIMON CONGELADO;0.002;0.156;KG;0.156;KG
REGIMEN 1;DESAYUNO NORMAL 1;2026-10-07;ISLA 2;4323;AJI - ROCOTO PICADO;78;10205037563;SAL DE COCINA SALINA 1 KG;0.001;0.078;BOL;0.078;KG
REGIMEN 1;DESAYUNO NORMAL 1;2026-10-07;ISLA 2;4323;AJI - ROCOTO PICADO;78;102010034;ROCOTO;0.01;0.78;KG;0.78;KG
REGIMEN 1;DESAYUNO NORMAL 1;2026-10-07;ISLA 2;4323;AJI - ROCOTO PICADO;78;10101036994;ACEITE VEGETAL CIELO 5 LT;0.003;0.047;BID;0.234;LT
REGIMEN 2;LONCHERA SIMPLE 1;2026-10-01;BEBIDA FRIA 1;1523;GASEOSA 1;4;2010009;GASEOSA INCA KOLA 500 ML;1;4;BOT;4;UND
REGIMEN 2;LONCHERA SIMPLE 1;2026-10-01;COMPLEMENTO 1;2757;SNACK 2;4;1020132853;CEREAL BAR CHIP COSTA 18/21 GR;1;4;BAR;4;UND
REGIMEN 2;LONCHERA SIMPLE 1;2026-10-01;COMPLEMENTO 2;4742;SNACK 3;4;1020134657;BARRA DE QUINUA GRANOLIN 25 GR;1;4;UND;4;UND
REGIMEN 2;LONCHERA SIMPLE 1;2026-10-01;FRUTA 1;1151;PERA;4;102020015;PERA PACKHAMS IMPORTADA;0.14;0.56;KG;0.56;KG
REGIMEN 2;LONCHERA SIMPLE 1;2026-10-01;FRUTA 2;1150;GRANADILLA;4;102020034;GRANADILLA;0.11;0.44;KG;0.44;KG
REGIMEN 2;LONCHERA SIMPLE 1;2026-10-01;DESCARTABLES;4975;DESCARTABLES 1;4;3010158;BOLSA TRANSPARENTE ROLLOMATIC 5 X 10;0;0;RLL;0;UND
REGIMEN 2;LONCHERA SIMPLE 1;2026-10-01;DESCARTABLES;4975;DESCARTABLES 1;4;6020137210;BOLSA BLANCA T-SHIRT CHICA PARAISO 16 X 19 X 2 (PQT 1000 UND);1;0.004;PQT;4;UND
REGIMEN 2;LONCHERA SIMPLE 1;2026-10-02;BEBIDA FRIA 1;2394;BEBIDA REHIDRATANTE I;4;30206039768;BEBIDA REHIDRATANTE FRUTAS POWERADE PET 600 ML;1;4;BOT;4;UND
REGIMEN 2;LONCHERA SIMPLE 1;2026-10-02;COMPLEMENTO 1;2492;GALLETA SALADA 1;4;10203038304;GALLETA SALADA DE SODA FIELD RECETA ORIGINAL NABISCO 32 GR;1;4;UND;4;UND
REGIMEN 2;LONCHERA SIMPLE 1;2026-10-02;COMPLEMENTO 2;2493;GALLETA SALADA 2;4;10203037848;GALLETA DE AGUA COSTA LIGHT (LINE) 42 GR;1;4;PQT;4;UND
REGIMEN 2;LONCHERA SIMPLE 1;2026-10-02;FRUTA 1;1150;GRANADILLA;4;102020034;GRANADILLA;0.11;0.44;KG;0.44;KG
REGIMEN 2;LONCHERA SIMPLE 1;2026-10-02;FRUTA 2;610;NARANJA DE MESA;4;102020011;NARANJA PARA MESA;0.185;0.74;KG;0.74;KG
REGIMEN 2;LONCHERA SIMPLE 1;2026-10-02;DESCARTABLES;4975;DESCARTABLES 1;4;3010158;BOLSA TRANSPARENTE ROLLOMATIC 5 X 10;0;0;RLL;0;UND
REGIMEN 2;LONCHERA SIMPLE 1;2026-10-02;DESCARTABLES;4975;DESCARTABLES 1;4;6020137210;BOLSA BLANCA T-SHIRT CHICA PARAISO 16 X 19 X 2 (PQT 1000 UND);1;0.004;PQT;4;UND
REGIMEN 2;LONCHERA SIMPLE 1;2026-10-03;BEBIDA FRIA 1;3713;AGUA;4;30201037901;AGUA SAN LUIS SIN GAS 750 ML;1;4;BOT;4;UND
REGIMEN 2;LONCHERA SIMPLE 1;2026-10-03;COMPLEMENTO 1;2495;GALLETA SALADA 3;4;1020325198;GALLETA INTEGRALES INTEGRAKERS SALVADO DE TRIGO 30 GR;1;4;PQT;4;UND
REGIMEN 2;LONCHERA SIMPLE 1;2026-10-03;COMPLEMENTO 2;2398;CHOCOLATE 1;4;10203040854;CHOCOLATE NEGRO SUBLIME 26 GR;1;4;UND;4;UND
REGIMEN 2;LONCHERA SIMPLE 1;2026-10-03;FRUTA 1;611;MANDARINA;4;5030127352;MANDARINA;0.145;0.58;KG;0.58;KG
REGIMEN 2;LONCHERA SIMPLE 1;2026-10-03;FRUTA 2;1151;PERA;4;102020015;PERA PACKHAMS IMPORTADA;0.14;0.56;KG;0.56;KG
REGIMEN 2;LONCHERA SIMPLE 1;2026-10-03;DESCARTABLES;4975;DESCARTABLES 1;4;3010158;BOLSA TRANSPARENTE ROLLOMATIC 5 X 10;0;0;RLL;0;UND
REGIMEN 2;LONCHERA SIMPLE 1;2026-10-03;DESCARTABLES;4975;DESCARTABLES 1;4;6020137210;BOLSA BLANCA T-SHIRT CHICA PARAISO 16 X 19 X 2 (PQT 1000 UND);1;0.004;PQT;4;UND
REGIMEN 2;LONCHERA SIMPLE 1;2026-10-05;BEBIDA FRIA 1;1523;GASEOSA 1;4;2010009;GASEOSA INCA KOLA 500 ML;1;4;BOT;4;UND
REGIMEN 2;LONCHERA SIMPLE 1;2026-10-05;COMPLEMENTO 1;4742;SNACK 3;4;1020134657;BARRA DE QUINUA GRANOLIN 25 GR;1;4;UND;4;UND
REGIMEN 2;LONCHERA SIMPLE 1;2026-10-05;COMPLEMENTO 2;2757;SNACK 2;4;1020132853;CEREAL BAR CHIP COSTA 18/21 GR;1;4;BAR;4;UND
REGIMEN 2;LONCHERA SIMPLE 1;2026-10-05;FRUTA 1;1151;PERA;4;102020015;PERA PACKHAMS IMPORTADA;0.14;0.56;KG;0.56;KG
REGIMEN 2;LONCHERA SIMPLE 1;2026-10-05;FRUTA 2;611;MANDARINA;4;5030127352;MANDARINA;0.145;0.58;KG;0.58;KG
REGIMEN 2;LONCHERA SIMPLE 1;2026-10-05;DESCARTABLES;4975;DESCARTABLES 1;4;3010158;BOLSA TRANSPARENTE ROLLOMATIC 5 X 10;0;0;RLL;0;UND
REGIMEN 2;LONCHERA SIMPLE 1;2026-10-05;DESCARTABLES;4975;DESCARTABLES 1;4;6020137210;BOLSA BLANCA T-SHIRT CHICA PARAISO 16 X 19 X 2 (PQT 1000 UND);1;0.004;PQT;4;UND
REGIMEN 2;LONCHERA SIMPLE 1;2026-10-06;BEBIDA FRIA 1;2539;BEBIDA II;4;2010009;GASEOSA INCA KOLA 500 ML;1;4;BOT;4;UND
REGIMEN 2;LONCHERA SIMPLE 1;2026-10-06;COMPLEMENTO 1;2495;GALLETA SALADA 3;4;1020325198;GALLETA INTEGRALES INTEGRAKERS SALVADO DE TRIGO 30 GR;1;4;PQT;4;UND
REGIMEN 2;LONCHERA SIMPLE 1;2026-10-06;COMPLEMENTO 2;2757;SNACK 2;4;1020132853;CEREAL BAR CHIP COSTA 18/21 GR;1;4;BAR;4;UND
REGIMEN 2;LONCHERA SIMPLE 1;2026-10-06;FRUTA 1;610;NARANJA DE MESA;4;102020011;NARANJA PARA MESA;0.185;0.74;KG;0.74;KG
REGIMEN 2;LONCHERA SIMPLE 1;2026-10-06;FRUTA 2;1150;GRANADILLA;4;102020034;GRANADILLA;0.11;0.44;KG;0.44;KG
REGIMEN 2;LONCHERA SIMPLE 1;2026-10-06;DESCARTABLES;4975;DESCARTABLES 1;4;3010158;BOLSA TRANSPARENTE ROLLOMATIC 5 X 10;0;0;RLL;0;UND
REGIMEN 2;LONCHERA SIMPLE 1;2026-10-06;DESCARTABLES;4975;DESCARTABLES 1;4;6020137210;BOLSA BLANCA T-SHIRT CHICA PARAISO 16 X 19 X 2 (PQT 1000 UND);1;0.004;PQT;4;UND
REGIMEN 2;LONCHERA SIMPLE 1;2026-10-07;BEBIDA FRIA 1;3713;AGUA;4;30201037901;AGUA SAN LUIS SIN GAS 750 ML;1;4;BOT;4;UND
REGIMEN 2;LONCHERA SIMPLE 1;2026-10-07;COMPLEMENTO 1;2492;GALLETA SALADA 1;4;10203038304;GALLETA SALADA DE SODA FIELD RECETA ORIGINAL NABISCO 32 GR;1;4;UND;4;UND
REGIMEN 2;LONCHERA SIMPLE 1;2026-10-07;COMPLEMENTO 2;2398;CHOCOLATE 1;4;10203040854;CHOCOLATE NEGRO SUBLIME 26 GR;1;4;UND;4;UND
REGIMEN 2;LONCHERA SIMPLE 1;2026-10-07;FRUTA 1;611;MANDARINA;4;5030127352;MANDARINA;0.145;0.58;KG;0.58;KG
REGIMEN 2;LONCHERA SIMPLE 1;2026-10-07;FRUTA 2;1151;PERA;4;102020015;PERA PACKHAMS IMPORTADA;0.14;0.56;KG;0.56;KG
REGIMEN 2;LONCHERA SIMPLE 1;2026-10-07;DESCARTABLES;4975;DESCARTABLES 1;4;3010158;BOLSA TRANSPARENTE ROLLOMATIC 5 X 10;0;0;RLL;0;UND
REGIMEN 2;LONCHERA SIMPLE 1;2026-10-07;DESCARTABLES;4975;DESCARTABLES 1;4;6020137210;BOLSA BLANCA T-SHIRT CHICA PARAISO 16 X 19 X 2 (PQT 1000 UND);1;0.004;PQT;4;UND
REGIMEN 2;SERVICIO VENTA DIRECTA 1;2026-10-04;SANDWICH 1;1003;SANDWICH CON POLLO;340;10101036994;ACEITE VEGETAL CIELO 5 LT;0.004;0.272;BID;1.36;LT
REGIMEN 2;SERVICIO VENTA DIRECTA 1;2026-10-04;SANDWICH 1;1003;SANDWICH CON POLLO;340;40107038254;PECHUGA DE POLLO S/HUESO S/PIEL CONGELADO - IMPORTACION;0.07;23.8;KG;23.8;KG
REGIMEN 2;SERVICIO VENTA DIRECTA 1;2026-10-04;SANDWICH 1;1003;SANDWICH CON POLLO;340;1020530600;PIMIENTA NEGRA MOLIDA 4 ESTACIONES 1 KG;0;0.003;BOL;0.003;KG
REGIMEN 2;SERVICIO VENTA DIRECTA 1;2026-10-04;SANDWICH 1;1003;SANDWICH CON POLLO;340;10205037563;SAL DE COCINA SALINA 1 KG;0.0027;0.918;BOL;0.918;KG
REGIMEN 2;SERVICIO VENTA DIRECTA 1;2026-10-04;SANDWICH 1;1003;SANDWICH CON POLLO;340;10206037587;PREMEZCLA INVENTIS PAN CIABATTA 10 KG;0.0032;0.109;BOL;1.088;KG
REGIMEN 2;SERVICIO VENTA DIRECTA 1;2026-10-04;SANDWICH 1;1003;SANDWICH CON POLLO;340;10106037527;HARINA ESPECIAL DEL CIELO GRANEL SACO 50 KG;0.0161;0.109;SCO;5.474;KG
REGIMEN 2;SERVICIO VENTA DIRECTA 1;2026-10-04;SANDWICH 1;1003;SANDWICH CON POLLO;340;33598;CAJA CHICA - AGUA PARA RECETA - CH;0.0116;3.944;LT;3.944;LT
REGIMEN 2;SERVICIO VENTA DIRECTA 1;2026-10-04;SANDWICH 1;1003;SANDWICH CON POLLO;340;101060031;LEVADURA INSTANTANEA LEVAPAN 500 GR;0.0002;0.136;BOL;0.068;KG
REGIMEN 2;SERVICIO VENTA DIRECTA 1;2026-10-04;SANDWICH 2;325;SANDWICH CON HOT DOG;340;10101036994;ACEITE VEGETAL CIELO 5 LT;0.0015;0.102;BID;0.51;LT
REGIMEN 2;SERVICIO VENTA DIRECTA 1;2026-10-04;SANDWICH 2;325;SANDWICH CON HOT DOG;340;4020131181;HOT DOG CONGELADO KG;0.05;17;KG;17;KG
REGIMEN 2;SERVICIO VENTA DIRECTA 1;2026-10-04;SANDWICH 2;325;SANDWICH CON HOT DOG;340;10106037527;HARINA ESPECIAL DEL CIELO GRANEL SACO 50 KG;0.0116;0.079;SCO;3.944;KG
REGIMEN 2;SERVICIO VENTA DIRECTA 1;2026-10-04;SANDWICH 2;325;SANDWICH CON HOT DOG;340;10206037587;PREMEZCLA INVENTIS PAN CIABATTA 10 KG;0.0116;0.394;BOL;3.944;KG
REGIMEN 2;SERVICIO VENTA DIRECTA 1;2026-10-04;SANDWICH 2;325;SANDWICH CON HOT DOG;340;10205037563;SAL DE COCINA SALINA 1 KG;0.0007;0.238;BOL;0.238;KG
REGIMEN 2;SERVICIO VENTA DIRECTA 1;2026-10-04;SANDWICH 2;325;SANDWICH CON HOT DOG;340;101060031;LEVADURA INSTANTANEA LEVAPAN 500 GR;0.0003;0.204;BOL;0.102;KG
REGIMEN 2;SERVICIO VENTA DIRECTA 1;2026-10-04;SANDWICH 2;325;SANDWICH CON HOT DOG;340;101060036;MEJORADOR MASA SUPERPAN LEVAPAN 5 KG;0.0002;0.014;BOL;0.068;KG
REGIMEN 2;SERVICIO VENTA DIRECTA 1;2026-10-04;SANDWICH 2;325;SANDWICH CON HOT DOG;340;33598;CAJA CHICA - AGUA PARA RECETA - CH;0.0116;3.944;LT;3.944;LT
REGIMEN 2;SERVICIO VENTA DIRECTA 1;2026-10-04;COMPLEMENTO 1;2492;GALLETA SALADA 1;37;10203038304;GALLETA SALADA DE SODA FIELD RECETA ORIGINAL NABISCO 32 GR;1;37;UND;37;UND
REGIMEN 2;SERVICIO VENTA DIRECTA 1;2026-10-04;COMPLEMENTO 2;2405;ATUN;37;101010194;ATUN TROZOS GLORIA 170 GR;0.14;30.471;LAT;5.18;KG
REGIMEN 2;SERVICIO VENTA DIRECTA 1;2026-10-04;FRUTA 1;611;MANDARINA;37;5030127352;MANDARINA;0.145;5.365;KG;5.365;KG
REGIMEN 2;SERVICIO VENTA DIRECTA 1;2026-10-04;FRUTA 2;1150;GRANADILLA;37;102020034;GRANADILLA;0.11;4.07;KG;4.07;KG
REGIMEN 2;SERVICIO VENTA DIRECTA 1;2026-10-04;BEBIDA 1;1523;GASEOSA 1;37;2010009;GASEOSA INCA KOLA 500 ML;1;37;BOT;37;UND
REGIMEN 2;SERVICIO VENTA DIRECTA 1;2026-10-04;BEBIDA 2;3713;AGUA;37;30201037901;AGUA SAN LUIS SIN GAS 750 ML;1;37;BOT;37;UND
REGIMEN 2;SERVICIO VENTA DIRECTA 1;2026-10-04;DESCARTABLES;4975;DESCARTABLES 1;37;3010158;BOLSA TRANSPARENTE ROLLOMATIC 5 X 10;0;0;RLL;0;UND
REGIMEN 2;SERVICIO VENTA DIRECTA 1;2026-10-04;DESCARTABLES;4975;DESCARTABLES 1;37;6020137210;BOLSA BLANCA T-SHIRT CHICA PARAISO 16 X 19 X 2 (PQT 1000 UND);1;0.037;PQT;37;UND
REGIMEN 2;SERVICIO VENTA DIRECTA 1;2026-10-04;DESCARTABLES 2;4976;DESCARTABLES 2;340;0MELA41348;BOLSA DE PAPEL KRAFT 50GR #4 (12.5X24.2X7.5) 500 UND;1;0.68;PQT;340;UND
REGIMEN 2;RANCHO 1;2026-10-01;COMPLEMENTO 1;2757;SNACK 2;9;1020132853;CEREAL BAR CHIP COSTA 18/21 GR;1;9;BAR;9;UND
REGIMEN 2;RANCHO 1;2026-10-01;COMPLEMENTO 2;4742;SNACK 3;9;1020134657;BARRA DE QUINUA GRANOLIN 25 GR;1;9;UND;9;UND
REGIMEN 2;RANCHO 1;2026-10-01;FRUTA 1;1150;GRANADILLA;9;102020034;GRANADILLA;0.11;0.99;KG;0.99;KG
REGIMEN 2;RANCHO 1;2026-10-01;FRUTA 2;608;MANZANA ROJA;9;102020005;MANZANA ROJA IMPORTADA;0.16;1.44;KG;1.44;KG
REGIMEN 2;RANCHO 1;2026-10-01;BEBIDA 1;2345;BEBIDA I;9;505070025;YOGURT DE FRESA GLORIA 500 ML;1;9;BOT;9;UND
REGIMEN 2;RANCHO 1;2026-10-01;BEBIDA 2;1523;GASEOSA 1;9;2010009;GASEOSA INCA KOLA 500 ML;1;9;BOT;9;UND
REGIMEN 2;RANCHO 1;2026-10-01;DESCARTABLES;4975;DESCARTABLES 1;9;3010158;BOLSA TRANSPARENTE ROLLOMATIC 5 X 10;0;0;RLL;0;UND
REGIMEN 2;RANCHO 1;2026-10-01;DESCARTABLES;4975;DESCARTABLES 1;9;6020137210;BOLSA BLANCA T-SHIRT CHICA PARAISO 16 X 19 X 2 (PQT 1000 UND);1;0.009;PQT;9;UND
REGIMEN 2;RANCHO 1;2026-10-02;COMPLEMENTO 1;2757;SNACK 2;9;1020132853;CEREAL BAR CHIP COSTA 18/21 GR;1;9;BAR;9;UND
REGIMEN 2;RANCHO 1;2026-10-02;COMPLEMENTO 2;4742;SNACK 3;9;1020134657;BARRA DE QUINUA GRANOLIN 25 GR;1;9;UND;9;UND
REGIMEN 2;RANCHO 1;2026-10-02;COMPLEMENTO 3;2492;GALLETA SALADA 1;9;10203038304;GALLETA SALADA DE SODA FIELD RECETA ORIGINAL NABISCO 32 GR;1;9;UND;9;UND
REGIMEN 2;RANCHO 1;2026-10-02;FRUTA 1;610;NARANJA DE MESA;9;102020011;NARANJA PARA MESA;0.185;1.665;KG;1.665;KG
REGIMEN 2;RANCHO 1;2026-10-02;FRUTA 2;611;MANDARINA;9;5030127352;MANDARINA;0.145;1.305;KG;1.305;KG
REGIMEN 2;RANCHO 1;2026-10-02;BEBIDA 1;1523;GASEOSA 1;9;2010009;GASEOSA INCA KOLA 500 ML;1;9;BOT;9;UND
REGIMEN 2;RANCHO 1;2026-10-02;BEBIDA 2;3713;AGUA;9;30201037901;AGUA SAN LUIS SIN GAS 750 ML;1;9;BOT;9;UND
REGIMEN 2;RANCHO 1;2026-10-02;DESCARTABLES;4975;DESCARTABLES 1;9;3010158;BOLSA TRANSPARENTE ROLLOMATIC 5 X 10;0;0;RLL;0;UND
REGIMEN 2;RANCHO 1;2026-10-02;DESCARTABLES;4975;DESCARTABLES 1;9;6020137210;BOLSA BLANCA T-SHIRT CHICA PARAISO 16 X 19 X 2 (PQT 1000 UND);1;0.009;PQT;9;UND
REGIMEN 2;RANCHO 1;2026-10-03;COMPLEMENTO 1;2757;SNACK 2;9;1020132853;CEREAL BAR CHIP COSTA 18/21 GR;1;9;BAR;9;UND
REGIMEN 2;RANCHO 1;2026-10-03;COMPLEMENTO 2;2496;GALLETA SALADA 4;9;10203038575;GALLETA SALADA CREAM CRAKER 73.5 GR (EMER);1;9;PQT;9;UND
REGIMEN 2;RANCHO 1;2026-10-03;COMPLEMENTO 3;4743;SNACK 4;9;10205039493;COCKTAIL DE NUECES VALLEALTO X  90 GR;1;9;BOL;9;UND
REGIMEN 2;RANCHO 1;2026-10-03;FRUTA 1;1150;GRANADILLA;9;102020034;GRANADILLA;0.11;0.99;KG;0.99;KG
REGIMEN 2;RANCHO 1;2026-10-03;FRUTA 2;608;MANZANA ROJA;9;102020005;MANZANA ROJA IMPORTADA;0.16;1.44;KG;1.44;KG
REGIMEN 2;RANCHO 1;2026-10-03;BEBIDA 1;2539;BEBIDA II;9;2010009;GASEOSA INCA KOLA 500 ML;1;9;BOT;9;UND
REGIMEN 2;RANCHO 1;2026-10-03;DESCARTABLES;4975;DESCARTABLES 1;9;3010158;BOLSA TRANSPARENTE ROLLOMATIC 5 X 10;0;0;RLL;0;UND
REGIMEN 2;RANCHO 1;2026-10-03;DESCARTABLES;4975;DESCARTABLES 1;9;6020137210;BOLSA BLANCA T-SHIRT CHICA PARAISO 16 X 19 X 2 (PQT 1000 UND);1;0.009;PQT;9;UND
REGIMEN 2;RANCHO 1;2026-10-04;COMPLEMENTO 1;2492;GALLETA SALADA 1;336;10203038304;GALLETA SALADA DE SODA FIELD RECETA ORIGINAL NABISCO 32 GR;1;336;UND;336;UND
REGIMEN 2;RANCHO 1;2026-10-04;COMPLEMENTO 3;2405;ATUN;168;101010194;ATUN TROZOS GLORIA 170 GR;0.14;138.353;LAT;23.52;KG
REGIMEN 2;RANCHO 1;2026-10-04;FRUTA 1;1151;PERA;168;102020015;PERA PACKHAMS IMPORTADA;0.14;23.52;KG;23.52;KG
REGIMEN 2;RANCHO 1;2026-10-04;FRUTA 2;608;MANZANA ROJA;168;102020005;MANZANA ROJA IMPORTADA;0.16;26.88;KG;26.88;KG
REGIMEN 2;RANCHO 1;2026-10-04;BEBIDA 1;1523;GASEOSA 1;168;2010009;GASEOSA INCA KOLA 500 ML;1;168;BOT;168;UND
REGIMEN 2;RANCHO 1;2026-10-04;BEBIDA 2;3713;AGUA;168;30201037901;AGUA SAN LUIS SIN GAS 750 ML;1;168;BOT;168;UND
REGIMEN 2;RANCHO 1;2026-10-04;DESCARTABLES;4975;DESCARTABLES 1;168;3010158;BOLSA TRANSPARENTE ROLLOMATIC 5 X 10;0;0;RLL;0;UND
REGIMEN 2;RANCHO 1;2026-10-04;DESCARTABLES;4975;DESCARTABLES 1;168;6020137210;BOLSA BLANCA T-SHIRT CHICA PARAISO 16 X 19 X 2 (PQT 1000 UND);1;0.168;PQT;168;UND
REGIMEN 2;RANCHO 1;2026-10-05;COMPLEMENTO 1;2757;SNACK 2;9;1020132853;CEREAL BAR CHIP COSTA 18/21 GR;1;9;BAR;9;UND
REGIMEN 2;RANCHO 1;2026-10-05;COMPLEMENTO 2;4742;SNACK 3;9;1020134657;BARRA DE QUINUA GRANOLIN 25 GR;1;9;UND;9;UND
REGIMEN 2;RANCHO 1;2026-10-05;COMPLEMENTO 3;4744;SNACK 5;9;10210042357;CANCHA SALADA PIKADITOS 100 GR;1;9;BOL;9;UND
REGIMEN 2;RANCHO 1;2026-10-05;FRUTA 1;610;NARANJA DE MESA;9;102020011;NARANJA PARA MESA;0.185;1.665;KG;1.665;KG
REGIMEN 2;RANCHO 1;2026-10-05;FRUTA 2;1151;PERA;9;102020015;PERA PACKHAMS IMPORTADA;0.14;1.26;KG;1.26;KG
REGIMEN 2;RANCHO 1;2026-10-05;BEBIDA 1;2345;BEBIDA I;9;505070025;YOGURT DE FRESA GLORIA 500 ML;1;9;BOT;9;UND
REGIMEN 2;RANCHO 1;2026-10-05;BEBIDA 2;3713;AGUA;9;30201037901;AGUA SAN LUIS SIN GAS 750 ML;1;9;BOT;9;UND
REGIMEN 2;RANCHO 1;2026-10-05;DESCARTABLES;4975;DESCARTABLES 1;9;3010158;BOLSA TRANSPARENTE ROLLOMATIC 5 X 10;0;0;RLL;0;UND
REGIMEN 2;RANCHO 1;2026-10-05;DESCARTABLES;4975;DESCARTABLES 1;9;6020137210;BOLSA BLANCA T-SHIRT CHICA PARAISO 16 X 19 X 2 (PQT 1000 UND);1;0.009;PQT;9;UND
REGIMEN 2;RANCHO 1;2026-10-06;COMPLEMENTO 1;2493;GALLETA SALADA 2;9;10203037848;GALLETA DE AGUA COSTA LIGHT (LINE) 42 GR;1;9;PQT;9;UND
REGIMEN 2;RANCHO 1;2026-10-06;COMPLEMENTO 2;2492;GALLETA SALADA 1;9;10203038304;GALLETA SALADA DE SODA FIELD RECETA ORIGINAL NABISCO 32 GR;1;9;UND;9;UND
REGIMEN 2;RANCHO 1;2026-10-06;COMPLEMENTO 3;2405;ATUN;9;101010194;ATUN TROZOS GLORIA 170 GR;0.14;7.412;LAT;1.26;KG
REGIMEN 2;RANCHO 1;2026-10-06;FRUTA 1;611;MANDARINA;9;5030127352;MANDARINA;0.145;1.305;KG;1.305;KG
REGIMEN 2;RANCHO 1;2026-10-06;FRUTA 2;1150;GRANADILLA;9;102020034;GRANADILLA;0.11;0.99;KG;0.99;KG
REGIMEN 2;RANCHO 1;2026-10-06;BEBIDA 1;1523;GASEOSA 1;9;2010009;GASEOSA INCA KOLA 500 ML;1;9;BOT;9;UND
REGIMEN 2;RANCHO 1;2026-10-06;BEBIDA 2;3713;AGUA;9;30201037901;AGUA SAN LUIS SIN GAS 750 ML;1;9;BOT;9;UND
REGIMEN 2;RANCHO 1;2026-10-06;DESCARTABLES;4975;DESCARTABLES 1;9;3010158;BOLSA TRANSPARENTE ROLLOMATIC 5 X 10;0;0;RLL;0;UND
REGIMEN 2;RANCHO 1;2026-10-06;DESCARTABLES;4975;DESCARTABLES 1;9;6020137210;BOLSA BLANCA T-SHIRT CHICA PARAISO 16 X 19 X 2 (PQT 1000 UND);1;0.009;PQT;9;UND
REGIMEN 2;RANCHO 1;2026-10-07;COMPLEMENTO 1;4742;SNACK 3;9;1020134657;BARRA DE QUINUA GRANOLIN 25 GR;1;9;UND;9;UND
REGIMEN 2;RANCHO 1;2026-10-07;COMPLEMENTO 2;2492;GALLETA SALADA 1;9;10203038304;GALLETA SALADA DE SODA FIELD RECETA ORIGINAL NABISCO 32 GR;1;9;UND;9;UND
REGIMEN 2;RANCHO 1;2026-10-07;COMPLEMENTO 3;4743;SNACK 4;9;10205039493;COCKTAIL DE NUECES VALLEALTO X  90 GR;1;9;BOL;9;UND
REGIMEN 2;RANCHO 1;2026-10-07;FRUTA 1;611;MANDARINA;9;5030127352;MANDARINA;0.145;1.305;KG;1.305;KG
REGIMEN 2;RANCHO 1;2026-10-07;FRUTA 2;1151;PERA;9;102020015;PERA PACKHAMS IMPORTADA;0.14;1.26;KG;1.26;KG
REGIMEN 2;RANCHO 1;2026-10-07;BEBIDA 2;2394;BEBIDA REHIDRATANTE I;9;30206039768;BEBIDA REHIDRATANTE FRUTAS POWERADE PET 600 ML;1;9;BOT;9;UND
REGIMEN 2;RANCHO 1;2026-10-07;DESCARTABLES;4975;DESCARTABLES 1;9;3010158;BOLSA TRANSPARENTE ROLLOMATIC 5 X 10;0;0;RLL;0;UND
REGIMEN 2;RANCHO 1;2026-10-07;DESCARTABLES;4975;DESCARTABLES 1;9;6020137210;BOLSA BLANCA T-SHIRT CHICA PARAISO 16 X 19 X 2 (PQT 1000 UND);1;0.009;PQT;9;UND
REGIMEN 2;RANCHO 2;2026-10-01;COMPLEMENTO 1;2757;SNACK 2;38;1020132853;CEREAL BAR CHIP COSTA 18/21 GR;1;38;BAR;38;UND
REGIMEN 2;RANCHO 2;2026-10-01;COMPLEMENTO 2;2492;GALLETA SALADA 1;38;10203038304;GALLETA SALADA DE SODA FIELD RECETA ORIGINAL NABISCO 32 GR;1;38;UND;38;UND
REGIMEN 2;RANCHO 2;2026-10-01;COMPLEMENTO 3;4742;SNACK 3;38;1020134657;BARRA DE QUINUA GRANOLIN 25 GR;1;38;UND;38;UND
REGIMEN 2;RANCHO 2;2026-10-01;FRUTA 1;608;MANZANA ROJA;38;102020005;MANZANA ROJA IMPORTADA;0.16;6.08;KG;6.08;KG
REGIMEN 2;RANCHO 2;2026-10-01;BEBIDA 1;2394;BEBIDA REHIDRATANTE I;38;30206039768;BEBIDA REHIDRATANTE FRUTAS POWERADE PET 600 ML;1;38;BOT;38;UND
REGIMEN 2;RANCHO 2;2026-10-01;DESCARTABLES;4975;DESCARTABLES 1;38;3010158;BOLSA TRANSPARENTE ROLLOMATIC 5 X 10;0;0;RLL;0;UND
REGIMEN 2;RANCHO 2;2026-10-01;DESCARTABLES;4975;DESCARTABLES 1;38;6020137210;BOLSA BLANCA T-SHIRT CHICA PARAISO 16 X 19 X 2 (PQT 1000 UND);1;0.038;PQT;38;UND
REGIMEN 2;RANCHO 2;2026-10-02;COMPLEMENTO 1;4742;SNACK 3;38;1020134657;BARRA DE QUINUA GRANOLIN 25 GR;1;38;UND;38;UND
REGIMEN 2;RANCHO 2;2026-10-02;COMPLEMENTO 3;4744;SNACK 5;38;10210042357;CANCHA SALADA PIKADITOS 100 GR;1;38;BOL;38;UND
REGIMEN 2;RANCHO 2;2026-10-02;FRUTA 1;1151;PERA;38;102020015;PERA PACKHAMS IMPORTADA;0.14;5.32;KG;5.32;KG
REGIMEN 2;RANCHO 2;2026-10-02;BEBIDA 1;1523;GASEOSA 1;38;2010009;GASEOSA INCA KOLA 500 ML;1;38;BOT;38;UND
REGIMEN 2;RANCHO 2;2026-10-02;DESCARTABLES;4975;DESCARTABLES 1;38;3010158;BOLSA TRANSPARENTE ROLLOMATIC 5 X 10;0;0;RLL;0;UND
REGIMEN 2;RANCHO 2;2026-10-02;DESCARTABLES;4975;DESCARTABLES 1;38;6020137210;BOLSA BLANCA T-SHIRT CHICA PARAISO 16 X 19 X 2 (PQT 1000 UND);1;0.038;PQT;38;UND
REGIMEN 2;RANCHO 2;2026-10-03;COMPLEMENTO 1;2757;SNACK 2;36;1020132853;CEREAL BAR CHIP COSTA 18/21 GR;1;36;BAR;36;UND
REGIMEN 2;RANCHO 2;2026-10-03;COMPLEMENTO 2;4742;SNACK 3;36;1020134657;BARRA DE QUINUA GRANOLIN 25 GR;1;36;UND;36;UND
REGIMEN 2;RANCHO 2;2026-10-03;COMPLEMENTO 3;4742;SNACK 3;36;1020134657;BARRA DE QUINUA GRANOLIN 25 GR;1;36;UND;36;UND
REGIMEN 2;RANCHO 2;2026-10-03;FRUTA 1;1151;PERA;36;102020015;PERA PACKHAMS IMPORTADA;0.14;5.04;KG;5.04;KG
REGIMEN 2;RANCHO 2;2026-10-03;BEBIDA 1;2394;BEBIDA REHIDRATANTE I;36;30206039768;BEBIDA REHIDRATANTE FRUTAS POWERADE PET 600 ML;1;36;BOT;36;UND
REGIMEN 2;RANCHO 2;2026-10-03;DESCARTABLES;4975;DESCARTABLES 1;36;3010158;BOLSA TRANSPARENTE ROLLOMATIC 5 X 10;0;0;RLL;0;UND
REGIMEN 2;RANCHO 2;2026-10-03;DESCARTABLES;4975;DESCARTABLES 1;36;6020137210;BOLSA BLANCA T-SHIRT CHICA PARAISO 16 X 19 X 2 (PQT 1000 UND);1;0.036;PQT;36;UND
REGIMEN 2;RANCHO 2;2026-10-04;COMPLEMENTO 1;2492;GALLETA SALADA 1;200;10203038304;GALLETA SALADA DE SODA FIELD RECETA ORIGINAL NABISCO 32 GR;1;200;UND;200;UND
REGIMEN 2;RANCHO 2;2026-10-04;COMPLEMENTO 2;2492;GALLETA SALADA 1;200;10203038304;GALLETA SALADA DE SODA FIELD RECETA ORIGINAL NABISCO 32 GR;1;200;UND;200;UND
REGIMEN 2;RANCHO 2;2026-10-04;COMPLEMENTO 3;2405;ATUN;200;101010194;ATUN TROZOS GLORIA 170 GR;0.14;164.706;LAT;28;KG
REGIMEN 2;RANCHO 2;2026-10-04;FRUTA 1;608;MANZANA ROJA;211;102020005;MANZANA ROJA IMPORTADA;0.16;33.76;KG;33.76;KG
REGIMEN 2;RANCHO 2;2026-10-04;BEBIDA 1;3713;AGUA;200;30201037901;AGUA SAN LUIS SIN GAS 750 ML;1;200;BOT;200;UND
REGIMEN 2;RANCHO 2;2026-10-04;DESCARTABLES;4975;DESCARTABLES 1;200;3010158;BOLSA TRANSPARENTE ROLLOMATIC 5 X 10;0;0;RLL;0;UND
REGIMEN 2;RANCHO 2;2026-10-04;DESCARTABLES;4975;DESCARTABLES 1;200;6020137210;BOLSA BLANCA T-SHIRT CHICA PARAISO 16 X 19 X 2 (PQT 1000 UND);1;0.2;PQT;200;UND
REGIMEN 2;RANCHO 2;2026-10-05;COMPLEMENTO 1;2757;SNACK 2;38;1020132853;CEREAL BAR CHIP COSTA 18/21 GR;1;38;BAR;38;UND
REGIMEN 2;RANCHO 2;2026-10-05;COMPLEMENTO 2;4742;SNACK 3;38;1020134657;BARRA DE QUINUA GRANOLIN 25 GR;1;38;UND;38;UND
REGIMEN 2;RANCHO 2;2026-10-05;COMPLEMENTO 3;2492;GALLETA SALADA 1;38;10203038304;GALLETA SALADA DE SODA FIELD RECETA ORIGINAL NABISCO 32 GR;1;38;UND;38;UND
REGIMEN 2;RANCHO 2;2026-10-05;FRUTA 1;1150;GRANADILLA;38;102020034;GRANADILLA;0.11;4.18;KG;4.18;KG
REGIMEN 2;RANCHO 2;2026-10-05;BEBIDA 1;3713;AGUA;38;30201037901;AGUA SAN LUIS SIN GAS 750 ML;1;38;BOT;38;UND
REGIMEN 2;RANCHO 2;2026-10-05;DESCARTABLES;4975;DESCARTABLES 1;38;3010158;BOLSA TRANSPARENTE ROLLOMATIC 5 X 10;0;0;RLL;0;UND
REGIMEN 2;RANCHO 2;2026-10-05;DESCARTABLES;4975;DESCARTABLES 1;38;6020137210;BOLSA BLANCA T-SHIRT CHICA PARAISO 16 X 19 X 2 (PQT 1000 UND);1;0.038;PQT;38;UND
REGIMEN 2;RANCHO 2;2026-10-06;COMPLEMENTO 1;2493;GALLETA SALADA 2;38;10203037848;GALLETA DE AGUA COSTA LIGHT (LINE) 42 GR;1;38;PQT;38;UND
REGIMEN 2;RANCHO 2;2026-10-06;COMPLEMENTO 2;2492;GALLETA SALADA 1;38;10203038304;GALLETA SALADA DE SODA FIELD RECETA ORIGINAL NABISCO 32 GR;1;38;UND;38;UND
REGIMEN 2;RANCHO 2;2026-10-06;COMPLEMENTO 3;2405;ATUN;38;101010194;ATUN TROZOS GLORIA 170 GR;0.14;31.294;LAT;5.32;KG
REGIMEN 2;RANCHO 2;2026-10-06;FRUTA 1;608;MANZANA ROJA;38;102020005;MANZANA ROJA IMPORTADA;0.16;6.08;KG;6.08;KG
REGIMEN 2;RANCHO 2;2026-10-06;BEBIDA 1;3713;AGUA;38;30201037901;AGUA SAN LUIS SIN GAS 750 ML;1;38;BOT;38;UND
REGIMEN 2;RANCHO 2;2026-10-06;DESCARTABLES;4975;DESCARTABLES 1;38;3010158;BOLSA TRANSPARENTE ROLLOMATIC 5 X 10;0;0;RLL;0;UND
REGIMEN 2;RANCHO 2;2026-10-06;DESCARTABLES;4975;DESCARTABLES 1;38;6020137210;BOLSA BLANCA T-SHIRT CHICA PARAISO 16 X 19 X 2 (PQT 1000 UND);1;0.038;PQT;38;UND
REGIMEN 2;RANCHO 2;2026-10-07;COMPLEMENTO 1;2757;SNACK 2;38;1020132853;CEREAL BAR CHIP COSTA 18/21 GR;1;38;BAR;38;UND
REGIMEN 2;RANCHO 2;2026-10-07;COMPLEMENTO 2;4742;SNACK 3;38;1020134657;BARRA DE QUINUA GRANOLIN 25 GR;1;38;UND;38;UND
REGIMEN 2;RANCHO 2;2026-10-07;FRUTA 1;1151;PERA;38;102020015;PERA PACKHAMS IMPORTADA;0.14;5.32;KG;5.32;KG
REGIMEN 2;RANCHO 2;2026-10-07;BEBIDA 1;1523;GASEOSA 1;38;2010009;GASEOSA INCA KOLA 500 ML;1;38;BOT;38;UND
REGIMEN 2;RANCHO 2;2026-10-07;DESCARTABLES;4975;DESCARTABLES 1;38;3010158;BOLSA TRANSPARENTE ROLLOMATIC 5 X 10;0;0;RLL;0;UND
REGIMEN 2;RANCHO 2;2026-10-07;DESCARTABLES;4975;DESCARTABLES 1;38;6020137210;BOLSA BLANCA T-SHIRT CHICA PARAISO 16 X 19 X 2 (PQT 1000 UND);1;0.038;PQT;38;UND
REGIMEN 2;LONCHERA BAJADA;2026-10-02;COMPLEMENTO 1;2492;GALLETA SALADA 1;10;10203038304;GALLETA SALADA DE SODA FIELD RECETA ORIGINAL NABISCO 32 GR;1;10;UND;10;UND
REGIMEN 2;LONCHERA BAJADA;2026-10-02;COMPLEMENTO 2;4745;SNACK 6;10;10210043934;CHIFLES SALADO KARINTO 28 GR;2;20;UND;20;UND
REGIMEN 2;LONCHERA BAJADA;2026-10-02;BEBIDA 1;3713;AGUA;10;30201037901;AGUA SAN LUIS SIN GAS 750 ML;1;10;BOT;10;UND
REGIMEN 2;LONCHERA BAJADA;2026-10-02;FRUTA 1;610;NARANJA DE MESA;10;102020011;NARANJA PARA MESA;0.185;1.85;KG;1.85;KG
REGIMEN 2;LONCHERA BAJADA;2026-10-02;DESCARTABLES;4975;DESCARTABLES 1;10;3010158;BOLSA TRANSPARENTE ROLLOMATIC 5 X 10;0;0;RLL;0;UND
REGIMEN 2;LONCHERA BAJADA;2026-10-02;DESCARTABLES;4975;DESCARTABLES 1;10;6020137210;BOLSA BLANCA T-SHIRT CHICA PARAISO 16 X 19 X 2 (PQT 1000 UND);1;0.01;PQT;10;UND
REGIMEN 3;ALMUERZO NORMAL 1;2026-10-01;ENTRADA FRIA 1;442;ENSALADA RUSA;442;50402042247;HUEVO ROJO (CAJA 11.5 KG);0.015;0.577;CAJ;6.63;KG
REGIMEN 3;ALMUERZO NORMAL 1;2026-10-01;ENTRADA FRIA 1;442;ENSALADA RUSA;442;1020530600;PIMIENTA NEGRA MOLIDA 4 ESTACIONES 1 KG;0.0001;0.053;BOL;0.053;KG
REGIMEN 3;ALMUERZO NORMAL 1;2026-10-01;ENTRADA FRIA 1;442;ENSALADA RUSA;442;10205037563;SAL DE COCINA SALINA 1 KG;0.002;0.884;BOL;0.884;KG
REGIMEN 3;ALMUERZO NORMAL 1;2026-10-01;ENTRADA FRIA 1;442;ENSALADA RUSA;442;101050446;MAYONESA ALACENA 4 LT;0.01;1.105;BLD;4.42;KG
REGIMEN 3;ALMUERZO NORMAL 1;2026-10-01;ENTRADA FRIA 1;442;ENSALADA RUSA;442;33598;CAJA CHICA - AGUA PARA RECETA - CH;0.005;2.21;LT;2.21;LT
REGIMEN 3;ALMUERZO NORMAL 1;2026-10-01;ENTRADA FRIA 1;442;ENSALADA RUSA;442;103010001;ARVEJA GRANO PELADA CONGELADO;0.01;4.42;KG;4.42;KG
REGIMEN 3;ALMUERZO NORMAL 1;2026-10-01;ENTRADA FRIA 1;442;ENSALADA RUSA;442;102010051;BETERRAGA FRESCA;0.025;11.05;KG;11.05;KG
REGIMEN 3;ALMUERZO NORMAL 1;2026-10-01;ENTRADA FRIA 1;442;ENSALADA RUSA;442;102010021;PEREJIL;0.003;1.326;KG;1.326;KG
REGIMEN 3;ALMUERZO NORMAL 1;2026-10-01;ENTRADA FRIA 1;442;ENSALADA RUSA;442;4030227693;ZUMO DE LIMON CONGELADO;0.001;0.442;KG;0.442;KG
REGIMEN 3;ALMUERZO NORMAL 1;2026-10-01;ENTRADA FRIA 1;442;ENSALADA RUSA;442;102010018;PAPA BLANCA;0.03;13.26;KG;13.26;KG
REGIMEN 3;ALMUERZO NORMAL 1;2026-10-01;ENTRADA FRIA 1;442;ENSALADA RUSA;442;101050455;MOSTAZA TRESA 4 KG;0.0001;0.013;BLD;0.053;KG
REGIMEN 3;ALMUERZO NORMAL 1;2026-10-01;ENTRADA FRIA 1;442;ENSALADA RUSA;442;102010029;ZANAHORIA;0.015;6.63;KG;6.63;KG
REGIMEN 3;ALMUERZO NORMAL 1;2026-10-01;ENTRADA FRIA 1;442;ENSALADA RUSA;442;102010052;VAINITA FRESCA;0.03;13.26;KG;13.26;KG
REGIMEN 3;ALMUERZO NORMAL 1;2026-10-01;COMPLEMENTO 1;1495;MAYONESA;343;101050498;MAYONESA ALACENA PERSONAL 10 GR (8CC);1;343;SCH;343;UND
REGIMEN 3;ALMUERZO NORMAL 1;2026-10-01;SOPA NORMAL 1;1892;SOPA DE CHUÑO NEGRO;473;101060591;CHUÑO NEGRO MOLIDO SAN JUAN MASIAS (EX BELEN) 5 KG;0.025;2.365;BOL;11.825;KG
REGIMEN 3;ALMUERZO NORMAL 1;2026-10-01;SOPA NORMAL 1;1892;SOPA DE CHUÑO NEGRO;473;103010025;HABAS VERDES PELADAS  CONGELADA;0.01;4.73;KG;4.73;KG
REGIMEN 3;ALMUERZO NORMAL 1;2026-10-01;SOPA NORMAL 1;1892;SOPA DE CHUÑO NEGRO;473;5030224265;ZAPALLO MACRE EN CUBO LIBER 1.5 X 1.5 CM CONGELADO;0.005;2.365;KG;2.365;KG
REGIMEN 3;ALMUERZO NORMAL 1;2026-10-01;SOPA NORMAL 1;1892;SOPA DE CHUÑO NEGRO;473;102010018;PAPA BLANCA;0.025;11.825;KG;11.825;KG
REGIMEN 3;ALMUERZO NORMAL 1;2026-10-01;SOPA NORMAL 1;1892;SOPA DE CHUÑO NEGRO;473;4030232902;MIX DE SOPA COMPLETO CONGELADO - KGM;0.044;20.812;KG;20.812;KG
REGIMEN 3;ALMUERZO NORMAL 1;2026-10-01;SOPA NORMAL 1;1892;SOPA DE CHUÑO NEGRO;473;10205037563;SAL DE COCINA SALINA 1 KG;0.003;1.419;BOL;1.419;KG
REGIMEN 3;ALMUERZO NORMAL 1;2026-10-01;SOPA NORMAL 1;1892;SOPA DE CHUÑO NEGRO;473;101100011;OREGANO ENTERO SAN JUAN MASIAS 1 KG;0.0001;0.057;BOL;0.057;KG
REGIMEN 3;ALMUERZO NORMAL 1;2026-10-01;SOPA NORMAL 1;1892;SOPA DE CHUÑO NEGRO;473;1020530600;PIMIENTA NEGRA MOLIDA 4 ESTACIONES 1 KG;0.0001;0.057;BOL;0.057;KG
REGIMEN 3;ALMUERZO NORMAL 1;2026-10-01;SOPA NORMAL 1;1892;SOPA DE CHUÑO NEGRO;473;102010010;CULANTRO;0.001;0.473;KG;0.473;KG
REGIMEN 3;ALMUERZO NORMAL 1;2026-10-01;SOPA NORMAL 1;1892;SOPA DE CHUÑO NEGRO;473;1020227865;CALDO DE CARNE KNORR SACHET 650 GR;0.002;1.455;BOL;0.946;KG
REGIMEN 3;ALMUERZO NORMAL 1;2026-10-01;SOPA NORMAL 1;1892;SOPA DE CHUÑO NEGRO;473;5040231670;HUEVO LIQUIDO CONGELADO 2 KG;0.015;3.548;PQT;7.095;KG
REGIMEN 3;ALMUERZO NORMAL 1;2026-10-01;SOPA NORMAL 1;1892;SOPA DE CHUÑO NEGRO;473;505060006;QUESO FRESCO BONLE MOLDE REFRIGERADO KG;0.01;4.73;KG;4.73;KG
REGIMEN 3;ALMUERZO NORMAL 1;2026-10-01;SOPA NORMAL 1;1892;SOPA DE CHUÑO NEGRO;473;33598;CAJA CHICA - AGUA PARA RECETA - CH;0.25;118.25;LT;118.25;LT
REGIMEN 3;ALMUERZO NORMAL 1;2026-10-01;SOPA NORMAL 1;1892;SOPA DE CHUÑO NEGRO;473;40108037516;RES - SOPAS S/HUESO (DON GOYO);0.065;30.745;KG;30.745;KG
REGIMEN 3;ALMUERZO NORMAL 1;2026-10-01;SOPA DIETA;108;CALDILLO DE HUEVO;10;10101036994;ACEITE VEGETAL CIELO 5 LT;0.001;0.002;BID;0.01;LT
REGIMEN 3;ALMUERZO NORMAL 1;2026-10-01;SOPA DIETA;108;CALDILLO DE HUEVO;10;5040231670;HUEVO LIQUIDO CONGELADO 2 KG;0.03;0.15;PQT;0.3;KG
REGIMEN 3;ALMUERZO NORMAL 1;2026-10-01;SOPA DIETA;108;CALDILLO DE HUEVO;10;101070178;CALDO DE GALLINA KNORR SACHET 1.5 KG;0.002;0.013;BOL;0.02;KG
REGIMEN 3;ALMUERZO NORMAL 1;2026-10-01;SOPA DIETA;108;CALDILLO DE HUEVO;10;101100011;OREGANO ENTERO SAN JUAN MASIAS 1 KG;0.0001;0.001;BOL;0.001;KG
REGIMEN 3;ALMUERZO NORMAL 1;2026-10-01;SOPA DIETA;108;CALDILLO DE HUEVO;10;10205037563;SAL DE COCINA SALINA 1 KG;0.002;0.02;BOL;0.02;KG
REGIMEN 3;ALMUERZO NORMAL 1;2026-10-01;SOPA DIETA;108;CALDILLO DE HUEVO;10;10202041457;PASTA DE AJO CONCENTRADA EMIC 1 KG;0.002;0.02;BOL;0.02;KG
REGIMEN 3;ALMUERZO NORMAL 1;2026-10-01;SOPA DIETA;108;CALDILLO DE HUEVO;10;1020530674;KION MOLIDO SECO 4 ESTACIONES 250 GR;0.0005;0.02;BOL;0.005;KG
REGIMEN 3;ALMUERZO NORMAL 1;2026-10-01;SOPA DIETA;108;CALDILLO DE HUEVO;10;102010006;CEBOLLA ROJA;0.01;0.1;KG;0.1;KG
REGIMEN 3;ALMUERZO NORMAL 1;2026-10-01;SOPA DIETA;108;CALDILLO DE HUEVO;10;102010018;PAPA BLANCA;0.03;0.3;KG;0.3;KG
REGIMEN 3;ALMUERZO NORMAL 1;2026-10-01;SOPA DIETA;108;CALDILLO DE HUEVO;10;102010021;PEREJIL;0.001;0.01;KG;0.01;KG
REGIMEN 3;ALMUERZO NORMAL 1;2026-10-01;SOPA DIETA;108;CALDILLO DE HUEVO;10;101020268;FIDEO CABELLO DE ANGEL LAVAGGI 250 GR;0.02;0.8;PQT;0.2;KG
REGIMEN 3;ALMUERZO NORMAL 1;2026-10-01;SOPA DIETA;108;CALDILLO DE HUEVO;10;33598;CAJA CHICA - AGUA PARA RECETA - CH;0.3;3;LT;3;LT
REGIMEN 3;ALMUERZO NORMAL 1;2026-10-01;PLATO DE FONDO NORMAL 1;504;RES - OLLUQUITO CON RES;196;10101036994;ACEITE VEGETAL CIELO 5 LT;0.002;0.078;BID;0.392;LT
REGIMEN 3;ALMUERZO NORMAL 1;2026-10-01;PLATO DE FONDO NORMAL 1;504;RES - OLLUQUITO CON RES;196;40108037515;RES - GUISO CONGELADO (DON GOYO);0.16;31.36;KG;31.36;KG
REGIMEN 3;ALMUERZO NORMAL 1;2026-10-01;PLATO DE FONDO NORMAL 1;504;RES - OLLUQUITO CON RES;196;1020222489;PRE ELABORADO RAM BASE CRIOLLA 1 KG;0.008;1.568;BOL;1.568;KG
REGIMEN 3;ALMUERZO NORMAL 1;2026-10-01;PLATO DE FONDO NORMAL 1;504;RES - OLLUQUITO CON RES;196;1020530572;COMINO MOLIDO 4 ESTACIONES 1 KG;0.0001;0.012;BOL;0.012;KG
REGIMEN 3;ALMUERZO NORMAL 1;2026-10-01;PLATO DE FONDO NORMAL 1;504;RES - OLLUQUITO CON RES;196;1020530600;PIMIENTA NEGRA MOLIDA 4 ESTACIONES 1 KG;0.0001;0.012;BOL;0.012;KG
REGIMEN 3;ALMUERZO NORMAL 1;2026-10-01;PLATO DE FONDO NORMAL 1;504;RES - OLLUQUITO CON RES;196;1020227865;CALDO DE CARNE KNORR SACHET 650 GR;0.0001;0.018;BOL;0.012;KG
REGIMEN 3;ALMUERZO NORMAL 1;2026-10-01;PLATO DE FONDO NORMAL 1;504;RES - OLLUQUITO CON RES;196;10205037563;SAL DE COCINA SALINA 1 KG;0.002;0.392;BOL;0.392;KG
REGIMEN 3;ALMUERZO NORMAL 1;2026-10-01;PLATO DE FONDO NORMAL 1;504;RES - OLLUQUITO CON RES;196;102010021;PEREJIL;0.002;0.392;KG;0.392;KG
REGIMEN 3;ALMUERZO NORMAL 1;2026-10-01;PLATO DE FONDO NORMAL 1;504;RES - OLLUQUITO CON RES;196;102010080;OLLUQUITO FRESCO;0.1;19.6;KG;19.6;KG
REGIMEN 3;ALMUERZO NORMAL 1;2026-10-01;PLATO DE FONDO NORMAL 1;504;RES - OLLUQUITO CON RES;196;102010018;PAPA BLANCA;0.03;5.88;KG;5.88;KG
REGIMEN 3;ALMUERZO NORMAL 1;2026-10-01;PLATO DE FONDO NORMAL 1;504;RES - OLLUQUITO CON RES;196;33598;CAJA CHICA - AGUA PARA RECETA - CH;0.03;5.88;LT;5.88;LT
REGIMEN 3;ALMUERZO NORMAL 1;2026-10-01;PLATO DE FONDO NORMAL 2;3;GALL - AJI DE GALLINA;275;10101036994;ACEITE VEGETAL CIELO 5 LT;0.002;0.11;BID;0.55;LT
REGIMEN 3;ALMUERZO NORMAL 1;2026-10-01;PLATO DE FONDO NORMAL 2;3;GALL - AJI DE GALLINA;275;103020010;GALLINA ENTERA SIN MENUDENCIA CONGELADO - IMPORTADO;0.25;68.75;KG;68.75;KG
REGIMEN 3;ALMUERZO NORMAL 1;2026-10-01;PLATO DE FONDO NORMAL 2;3;GALL - AJI DE GALLINA;275;10107039479;LECHE EVAPORADA (CONCENTRADA) LAIVE BOLSITARRO 800 ML;0.025;8.594;BOL;6.875;LT
REGIMEN 3;ALMUERZO NORMAL 1;2026-10-01;PLATO DE FONDO NORMAL 2;3;GALL - AJI DE GALLINA;275;50402042247;HUEVO ROJO (CAJA 11.5 KG);0.015;0.359;CAJ;4.125;KG
REGIMEN 3;ALMUERZO NORMAL 1;2026-10-01;PLATO DE FONDO NORMAL 2;3;GALL - AJI DE GALLINA;275;1020222487;PRE ELABORADO RAM BASE AMARILLA 1 KG;0.02;5.5;BOL;5.5;KG
REGIMEN 3;ALMUERZO NORMAL 1;2026-10-01;PLATO DE FONDO NORMAL 2;3;GALL - AJI DE GALLINA;275;10205037563;SAL DE COCINA SALINA 1 KG;0.003;0.825;BOL;0.825;KG
REGIMEN 3;ALMUERZO NORMAL 1;2026-10-01;PLATO DE FONDO NORMAL 2;3;GALL - AJI DE GALLINA;275;5060130729;ACEITUNA NEGRA RODAJA;0.007;1.925;KG;1.925;KG
REGIMEN 3;ALMUERZO NORMAL 1;2026-10-01;PLATO DE FONDO NORMAL 2;3;GALL - AJI DE GALLINA;275;102010021;PEREJIL;0.002;0.55;KG;0.55;KG
REGIMEN 3;ALMUERZO NORMAL 1;2026-10-01;PLATO DE FONDO NORMAL 2;3;GALL - AJI DE GALLINA;275;33598;CAJA CHICA - AGUA PARA RECETA - CH;0.03;8.25;LT;8.25;LT
REGIMEN 3;ALMUERZO NORMAL 1;2026-10-01;PLATO DE FONDO NORMAL 2;3;GALL - AJI DE GALLINA;275;102010004;APIO;0.01;2.75;KG;2.75;KG
REGIMEN 3;ALMUERZO NORMAL 1;2026-10-01;PLATO DE FONDO NORMAL 2;3;GALL - AJI DE GALLINA;275;1020530581;LAUREL 4 ESTACIONES 1 KG;0.0001;0.033;BOL;0.033;KG
REGIMEN 3;ALMUERZO NORMAL 1;2026-10-01;PLATO DE FONDO NORMAL 2;3;GALL - AJI DE GALLINA;275;10106037527;HARINA ESPECIAL DEL CIELO GRANEL SACO 50 KG;0.0077;0.042;SCO;2.122;KG
REGIMEN 3;ALMUERZO NORMAL 1;2026-10-01;PLATO DE FONDO NORMAL 2;3;GALL - AJI DE GALLINA;275;1010425038;AZUCAR RUBIA;0.0002;0.063;KG;0.063;KG
REGIMEN 3;ALMUERZO NORMAL 1;2026-10-01;PLATO DE FONDO NORMAL 2;3;GALL - AJI DE GALLINA;275;101060031;LEVADURA INSTANTANEA LEVAPAN 500 GR;0.0001;0.076;BOL;0.038;KG
REGIMEN 3;ALMUERZO NORMAL 1;2026-10-01;PLATO DE FONDO NORMAL 2;3;GALL - AJI DE GALLINA;275;101060036;MEJORADOR MASA SUPERPAN LEVAPAN 5 KG;0.0001;0.004;BOL;0.021;KG
REGIMEN 3;ALMUERZO NORMAL 1;2026-10-01;PLATO DE FONDO NORMAL 2;3;GALL - AJI DE GALLINA;275;1010133635;MANTECA VEGETAL DEL CAMPO 10 KG;0.0003;0.007;CAJ;0.074;KG
REGIMEN 3;ALMUERZO NORMAL 1;2026-10-01;ENSALADA CON CARNICO;2860;ENSALADA GRIEGA FESTIVAL;5;70046;LECHUGA AMERICANA;0.04;0.2;KG;0.2;KG
REGIMEN 3;ALMUERZO NORMAL 1;2026-10-01;ENSALADA CON CARNICO;2860;ENSALADA GRIEGA FESTIVAL;5;102010006;CEBOLLA ROJA;0.027;0.135;KG;0.135;KG
REGIMEN 3;ALMUERZO NORMAL 1;2026-10-01;ENSALADA CON CARNICO;2860;ENSALADA GRIEGA FESTIVAL;5;505060006;QUESO FRESCO BONLE MOLDE REFRIGERADO KG;0.03;0.15;KG;0.15;KG
REGIMEN 3;ALMUERZO NORMAL 1;2026-10-01;ENSALADA CON CARNICO;2860;ENSALADA GRIEGA FESTIVAL;5;102010027;TOMATE;0.04;0.2;KG;0.2;KG
REGIMEN 3;ALMUERZO NORMAL 1;2026-10-01;ENSALADA CON CARNICO;2860;ENSALADA GRIEGA FESTIVAL;5;5060130729;ACEITUNA NEGRA RODAJA;0.007;0.035;KG;0.035;KG
REGIMEN 3;ALMUERZO NORMAL 1;2026-10-01;ENSALADA CON CARNICO;2860;ENSALADA GRIEGA FESTIVAL;5;10205037563;SAL DE COCINA SALINA 1 KG;0.003;0.015;BOL;0.015;KG
REGIMEN 3;ALMUERZO NORMAL 1;2026-10-01;ENSALADA CON CARNICO;2860;ENSALADA GRIEGA FESTIVAL;5;1020530600;PIMIENTA NEGRA MOLIDA 4 ESTACIONES 1 KG;0.0001;0.001;BOL;0.001;KG
REGIMEN 3;ALMUERZO NORMAL 1;2026-10-01;ENSALADA CON CARNICO;2860;ENSALADA GRIEGA FESTIVAL;5;101050456;VINAGRE BLANCO TRESA 4 LT;0.003;0.004;GLN;0.015;LT
REGIMEN 3;ALMUERZO NORMAL 1;2026-10-01;ENSALADA CON CARNICO;2860;ENSALADA GRIEGA FESTIVAL;5;102010003;ALBAHACA;0.003;0.015;KG;0.015;KG
REGIMEN 3;ALMUERZO NORMAL 1;2026-10-01;ENSALADA CON CARNICO;2860;ENSALADA GRIEGA FESTIVAL;5;50402042247;HUEVO ROJO (CAJA 11.5 KG);0.03;0.013;CAJ;0.15;KG
REGIMEN 3;ALMUERZO NORMAL 1;2026-10-01;ENSALADA CON CARNICO;2860;ENSALADA GRIEGA FESTIVAL;5;101100011;OREGANO ENTERO SAN JUAN MASIAS 1 KG;0.0001;0;BOL;0;KG
REGIMEN 3;ALMUERZO NORMAL 1;2026-10-01;ENSALADA CON CARNICO;2860;ENSALADA GRIEGA FESTIVAL;5;102010022;PIMIENTO ROJO;0.03;0.15;KG;0.15;KG
REGIMEN 3;ALMUERZO NORMAL 1;2026-10-01;ENSALADA CON CARNICO;2860;ENSALADA GRIEGA FESTIVAL;5;40107038254;PECHUGA DE POLLO S/HUESO S/PIEL CONGELADO - IMPORTACION;0.16;0.8;KG;0.8;KG
REGIMEN 3;ALMUERZO NORMAL 1;2026-10-01;ENSALADA CON CARNICO;2860;ENSALADA GRIEGA FESTIVAL;5;10101036994;ACEITE VEGETAL CIELO 5 LT;0.002;0.002;BID;0.01;LT
REGIMEN 3;ALMUERZO NORMAL 1;2026-10-01;ENSALADA CON CARNICO;2860;ENSALADA GRIEGA FESTIVAL;5;102010030;ZAPALLITO ITALIANO;0.02;0.1;KG;0.1;KG
REGIMEN 3;ALMUERZO NORMAL 1;2026-10-01;PLATO DE FONDO DIETA;1234;GALL - GALLINA AL HORNO;15;103020010;GALLINA ENTERA SIN MENUDENCIA CONGELADO - IMPORTADO;0.25;3.75;KG;3.75;KG
REGIMEN 3;ALMUERZO NORMAL 1;2026-10-01;PLATO DE FONDO DIETA;1234;GALL - GALLINA AL HORNO;15;101100011;OREGANO ENTERO SAN JUAN MASIAS 1 KG;0.0001;0.002;BOL;0.002;KG
REGIMEN 3;ALMUERZO NORMAL 1;2026-10-01;PLATO DE FONDO DIETA;1234;GALL - GALLINA AL HORNO;15;33598;CAJA CHICA - AGUA PARA RECETA - CH;0.03;0.45;LT;0.45;LT
REGIMEN 3;ALMUERZO NORMAL 1;2026-10-01;PLATO DE FONDO DIETA;1234;GALL - GALLINA AL HORNO;15;10101036994;ACEITE VEGETAL CIELO 5 LT;0.002;0.006;BID;0.03;LT
REGIMEN 3;ALMUERZO NORMAL 1;2026-10-01;PLATO DE FONDO DIETA;1234;GALL - GALLINA AL HORNO;15;102010029;ZANAHORIA;0.005;0.075;KG;0.075;KG
REGIMEN 3;ALMUERZO NORMAL 1;2026-10-01;PLATO DE FONDO DIETA;1234;GALL - GALLINA AL HORNO;15;102010004;APIO;0.005;0.075;KG;0.075;KG
REGIMEN 3;ALMUERZO NORMAL 1;2026-10-01;PLATO DE FONDO DIETA;1234;GALL - GALLINA AL HORNO;15;102010024;PORO;0.005;0.075;KG;0.075;KG
REGIMEN 3;ALMUERZO NORMAL 1;2026-10-01;PLATO DE FONDO DIETA;1234;GALL - GALLINA AL HORNO;15;10205037563;SAL DE COCINA SALINA 1 KG;0.003;0.045;BOL;0.045;KG
REGIMEN 3;ALMUERZO NORMAL 1;2026-10-01;PLATO DE FONDO DIETA;1234;GALL - GALLINA AL HORNO;15;1020530600;PIMIENTA NEGRA MOLIDA 4 ESTACIONES 1 KG;0.0001;0.002;BOL;0.002;KG
REGIMEN 3;ALMUERZO NORMAL 1;2026-10-01;PLATO DE FONDO DIETA;1234;GALL - GALLINA AL HORNO;15;10106040287;MAICENA DURYEA 500 GR;0.003;0.09;CAJ;0.045;KG
REGIMEN 3;ALMUERZO NORMAL 1;2026-10-01;PLATO DE FONDO DIETA;1234;GALL - GALLINA AL HORNO;15;102010021;PEREJIL;0.002;0.03;KG;0.03;KG
REGIMEN 3;ALMUERZO NORMAL 1;2026-10-01;PLATO DE FONDO DIETA;1234;GALL - GALLINA AL HORNO;15;10202041457;PASTA DE AJO CONCENTRADA EMIC 1 KG;0.002;0.03;BOL;0.03;KG
REGIMEN 3;ALMUERZO NORMAL 1;2026-10-01;PLATO DE FONDO DIETA;1234;GALL - GALLINA AL HORNO;15;101050455;MOSTAZA TRESA 4 KG;0.001;0.004;BLD;0.015;KG
REGIMEN 3;ALMUERZO NORMAL 1;2026-10-01;PLATO DE FONDO DIETA;1234;GALL - GALLINA AL HORNO;15;101050423;SALSA SILLAU TRESA 4 LT;0.002;0.008;GLN;0.03;LT
REGIMEN 3;ALMUERZO NORMAL 1;2026-10-01;PLATO DE FONDO DIETA;1234;GALL - GALLINA AL HORNO;15;101050457;VINAGRE TINTO TRESA 4 LT;0.003;0.011;GLN;0.045;LT
REGIMEN 3;ALMUERZO NORMAL 1;2026-10-01;PLATO DE FONDO DIETA;1234;GALL - GALLINA AL HORNO;15;101070178;CALDO DE GALLINA KNORR SACHET 1.5 KG;0.0006;0.006;BOL;0.009;KG
REGIMEN 3;ALMUERZO NORMAL 1;2026-10-01;PLATO DE FONDO DIETA;1234;GALL - GALLINA AL HORNO;15;1020233296;PASTA DE AJI PANCA EMIC 1 KG;0.003;0.045;BOL;0.045;KG
REGIMEN 3;ALMUERZO NORMAL 1;2026-10-01;PLATO DE FONDO DIETA;1234;GALL - GALLINA AL HORNO;15;1020530572;COMINO MOLIDO 4 ESTACIONES 1 KG;0.0006;0.009;BOL;0.009;KG
REGIMEN 3;ALMUERZO NORMAL 1;2026-10-01;GUARNICION ARROZ;280;ARROZ CON ZANAHORIA;480;10101036994;ACEITE VEGETAL CIELO 5 LT;0.005;0.48;BID;2.4;LT
REGIMEN 3;ALMUERZO NORMAL 1;2026-10-01;GUARNICION ARROZ;280;ARROZ CON ZANAHORIA;480;10102041614;ARROZ COSTEÑO EXTRA HOJA REDONDA AÑEJO 50 KG;0.12;1.152;SCO;57.6;KG
REGIMEN 3;ALMUERZO NORMAL 1;2026-10-01;GUARNICION ARROZ;280;ARROZ CON ZANAHORIA;480;33598;CAJA CHICA - AGUA PARA RECETA - CH;0.3;144;LT;144;LT
REGIMEN 3;ALMUERZO NORMAL 1;2026-10-01;GUARNICION ARROZ;280;ARROZ CON ZANAHORIA;480;102010029;ZANAHORIA;0.005;2.4;KG;2.4;KG
REGIMEN 3;ALMUERZO NORMAL 1;2026-10-01;GUARNICION ARROZ;280;ARROZ CON ZANAHORIA;480;4030227693;ZUMO DE LIMON CONGELADO;0.002;0.96;KG;0.96;KG
REGIMEN 3;ALMUERZO NORMAL 1;2026-10-01;GUARNICION ARROZ;280;ARROZ CON ZANAHORIA;480;10205037563;SAL DE COCINA SALINA 1 KG;0.003;1.44;BOL;1.44;KG
REGIMEN 3;ALMUERZO NORMAL 1;2026-10-01;GUARNICION ARROZ;280;ARROZ CON ZANAHORIA;480;10202041457;PASTA DE AJO CONCENTRADA EMIC 1 KG;0.002;0.96;BOL;0.96;KG
REGIMEN 3;ALMUERZO NORMAL 1;2026-10-01;GUARNICION 2;344;PAPA SANCOCHADA;300;10205037563;SAL DE COCINA SALINA 1 KG;0.002;0.6;BOL;0.6;KG
REGIMEN 3;ALMUERZO NORMAL 1;2026-10-01;GUARNICION 2;344;PAPA SANCOCHADA;300;102010018;PAPA BLANCA;0.12;36;KG;36;KG
REGIMEN 3;ALMUERZO NORMAL 1;2026-10-01;GUARNICION DIETA 1;937;VERDURAS COCIDAS;15;10101036994;ACEITE VEGETAL CIELO 5 LT;0.001;0.003;BID;0.015;LT
REGIMEN 3;ALMUERZO NORMAL 1;2026-10-01;GUARNICION DIETA 1;937;VERDURAS COCIDAS;15;50505037205;MARGARINA LA DANESA 220 GR;0.005;0.341;POT;0.075;KG
REGIMEN 3;ALMUERZO NORMAL 1;2026-10-01;GUARNICION DIETA 1;937;VERDURAS COCIDAS;15;1020530600;PIMIENTA NEGRA MOLIDA 4 ESTACIONES 1 KG;0.0001;0.002;BOL;0.002;KG
REGIMEN 3;ALMUERZO NORMAL 1;2026-10-01;GUARNICION DIETA 1;937;VERDURAS COCIDAS;15;10205037563;SAL DE COCINA SALINA 1 KG;0.002;0.03;BOL;0.03;KG
REGIMEN 3;ALMUERZO NORMAL 1;2026-10-01;GUARNICION DIETA 1;937;VERDURAS COCIDAS;15;103010001;ARVEJA GRANO PELADA CONGELADO;0.02;0.3;KG;0.3;KG
REGIMEN 3;ALMUERZO NORMAL 1;2026-10-01;GUARNICION DIETA 1;937;VERDURAS COCIDAS;15;102010052;VAINITA FRESCA;0.02;0.3;KG;0.3;KG
REGIMEN 3;ALMUERZO NORMAL 1;2026-10-01;GUARNICION DIETA 1;937;VERDURAS COCIDAS;15;102010029;ZANAHORIA;0.015;0.225;KG;0.225;KG
REGIMEN 3;ALMUERZO NORMAL 1;2026-10-01;GUARNICION DIETA 1;937;VERDURAS COCIDAS;15;102010018;PAPA BLANCA;0.1;1.5;KG;1.5;KG
REGIMEN 3;ALMUERZO NORMAL 1;2026-10-01;GUARNICION DIETA 1;937;VERDURAS COCIDAS;15;102010021;PEREJIL;0.002;0.03;KG;0.03;KG
REGIMEN 3;ALMUERZO NORMAL 1;2026-10-01;GUARNICION DIETA 1;937;VERDURAS COCIDAS;15;102010030;ZAPALLITO ITALIANO;0.025;0.375;KG;0.375;KG
REGIMEN 3;ALMUERZO NORMAL 1;2026-10-01;COM SALAD BAR 1;1069;SALAD BAR IV;350;103010001;ARVEJA GRANO PELADA CONGELADO;0.02;7;KG;7;KG
REGIMEN 3;ALMUERZO NORMAL 1;2026-10-01;COM SALAD BAR 1;1069;SALAD BAR IV;350;102010027;TOMATE;0.05;17.5;KG;17.5;KG
REGIMEN 3;ALMUERZO NORMAL 1;2026-10-01;COM SALAD BAR 1;1069;SALAD BAR IV;350;403020008;COLIFLOR PRE COCIDO CONGELADO;0.05;17.5;KG;17.5;KG
REGIMEN 3;ALMUERZO NORMAL 1;2026-10-01;ISLA 1;719;LIMON;520;102020001;LIMON VERDE EXTRA;0.015;7.8;KG;7.8;KG
REGIMEN 3;ALMUERZO NORMAL 1;2026-10-01;ISLA 2;4323;AJI - ROCOTO PICADO;197;1020530600;PIMIENTA NEGRA MOLIDA 4 ESTACIONES 1 KG;0.0001;0.02;BOL;0.02;KG
REGIMEN 3;ALMUERZO NORMAL 1;2026-10-01;ISLA 2;4323;AJI - ROCOTO PICADO;197;4030227693;ZUMO DE LIMON CONGELADO;0.002;0.394;KG;0.394;KG
REGIMEN 3;ALMUERZO NORMAL 1;2026-10-01;ISLA 2;4323;AJI - ROCOTO PICADO;197;10205037563;SAL DE COCINA SALINA 1 KG;0.001;0.197;BOL;0.197;KG
REGIMEN 3;ALMUERZO NORMAL 1;2026-10-01;ISLA 2;4323;AJI - ROCOTO PICADO;197;102010034;ROCOTO;0.01;1.97;KG;1.97;KG
REGIMEN 3;ALMUERZO NORMAL 1;2026-10-01;ISLA 2;4323;AJI - ROCOTO PICADO;197;10101036994;ACEITE VEGETAL CIELO 5 LT;0.003;0.118;BID;0.591;LT
REGIMEN 3;ALMUERZO NORMAL 1;2026-10-01;ISLA 4;1096;SALSA VINAGRETA;78;101100011;OREGANO ENTERO SAN JUAN MASIAS 1 KG;0.0001;0.009;BOL;0.009;KG
REGIMEN 3;ALMUERZO NORMAL 1;2026-10-01;ISLA 4;1096;SALSA VINAGRETA;78;1020530600;PIMIENTA NEGRA MOLIDA 4 ESTACIONES 1 KG;0.0001;0.009;BOL;0.009;KG
REGIMEN 3;ALMUERZO NORMAL 1;2026-10-01;ISLA 4;1096;SALSA VINAGRETA;78;10205037563;SAL DE COCINA SALINA 1 KG;0.002;0.156;BOL;0.156;KG
REGIMEN 3;ALMUERZO NORMAL 1;2026-10-01;ISLA 4;1096;SALSA VINAGRETA;78;101050446;MAYONESA ALACENA 4 LT;0.0067;0.131;BLD;0.523;KG
REGIMEN 3;ALMUERZO NORMAL 1;2026-10-01;ISLA 4;1096;SALSA VINAGRETA;78;101050455;MOSTAZA TRESA 4 KG;0.002;0.039;BLD;0.156;KG
REGIMEN 3;ALMUERZO NORMAL 1;2026-10-01;ISLA 4;1096;SALSA VINAGRETA;78;101050456;VINAGRE BLANCO TRESA 4 LT;0.004;0.078;GLN;0.312;LT
REGIMEN 3;ALMUERZO NORMAL 1;2026-10-01;ISLA 4;1096;SALSA VINAGRETA;78;33598;CAJA CHICA - AGUA PARA RECETA - CH;0.0033;0.257;LT;0.257;LT
REGIMEN 3;ALMUERZO NORMAL 1;2026-10-01;FRUTA 1;494;SANDIA;260;102020018;SANDIA;0.3;78;KG;78;KG
REGIMEN 3;ALMUERZO NORMAL 1;2026-10-01;POSTRE NORMAL 1;745;PIE DE MANZANA I;156;50505037205;MARGARINA LA DANESA 220 GR;0.02;14.182;POT;3.12;KG
REGIMEN 3;ALMUERZO NORMAL 1;2026-10-01;POSTRE NORMAL 1;745;PIE DE MANZANA I;156;5040231670;HUEVO LIQUIDO CONGELADO 2 KG;0.0001;0.008;PQT;0.016;KG
REGIMEN 3;ALMUERZO NORMAL 1;2026-10-01;POSTRE NORMAL 1;745;PIE DE MANZANA I;156;1020530557;CANELA ENTERA 4 ESTACIONES 1 KG;0.0001;0.019;BOL;0.019;KG
REGIMEN 3;ALMUERZO NORMAL 1;2026-10-01;POSTRE NORMAL 1;745;PIE DE MANZANA I;156;1020530559;CANELA MOLIDA 4 ESTACIONES 1 KG;0.0001;0.019;BOL;0.019;KG
REGIMEN 3;ALMUERZO NORMAL 1;2026-10-01;POSTRE NORMAL 1;745;PIE DE MANZANA I;156;1020530564;CLAVO DE OLOR ENTERO 4 ESTACIONES 1 KG;0.0001;0.009;BOL;0.009;KG
REGIMEN 3;ALMUERZO NORMAL 1;2026-10-01;POSTRE NORMAL 1;745;PIE DE MANZANA I;156;101060562;ESCENCIA DE VAINILLA NEGRITA 1 LT PET;0.0007;0.105;BOT;0.105;LT
REGIMEN 3;ALMUERZO NORMAL 1;2026-10-01;POSTRE NORMAL 1;745;PIE DE MANZANA I;156;1010425038;AZUCAR RUBIA;0.0267;4.161;KG;4.161;KG
REGIMEN 3;ALMUERZO NORMAL 1;2026-10-01;POSTRE NORMAL 1;745;PIE DE MANZANA I;156;102020005;MANZANA ROJA IMPORTADA;0.06;9.36;KG;9.36;KG
REGIMEN 3;ALMUERZO NORMAL 1;2026-10-01;POSTRE NORMAL 1;745;PIE DE MANZANA I;156;10106037527;HARINA ESPECIAL DEL CIELO GRANEL SACO 50 KG;0.0333;0.104;SCO;5.2;KG
REGIMEN 3;ALMUERZO NORMAL 1;2026-10-01;POSTRE NORMAL 1;745;PIE DE MANZANA I;156;33598;CAJA CHICA - AGUA PARA RECETA - CH;0.0067;1.041;LT;1.041;LT
REGIMEN 3;ALMUERZO NORMAL 1;2026-10-01;POSTRE NORMAL 2;585;GELATINA DE FRESA;104;10208043200;GELATINA SABOR FRESA MACROFOOD 1KG;0.0071;0.738;BOL;0.738;KG
REGIMEN 3;ALMUERZO NORMAL 1;2026-10-01;POSTRE NORMAL 2;585;GELATINA DE FRESA;104;33598;CAJA CHICA - AGUA PARA RECETA - CH;0.1;10.4;LT;10.4;LT
REGIMEN 3;ALMUERZO NORMAL 1;2026-10-01;BEBIDA FRIA 1;4992;REFRESCO EMOLIENTE/MARACUYA;884;2030135;PRE ELABORADO NATURALE CONCENTRADO MARACUYA 2 LT;0.006;2.652;BOL;5.304;LT
REGIMEN 3;ALMUERZO NORMAL 1;2026-10-01;BEBIDA FRIA 1;4992;REFRESCO EMOLIENTE/MARACUYA;884;3020222717;PRE ELABORADO NATURALE CONCENTRADO EMOLIENTE 2 LT;0.02;8.84;BOL;17.68;LT
REGIMEN 3;ALMUERZO NORMAL 1;2026-10-01;BEBIDA FRIA 1;4992;REFRESCO EMOLIENTE/MARACUYA;884;33598;CAJA CHICA - AGUA PARA RECETA - CH;0.21;185.64;LT;185.64;LT
REGIMEN 3;ALMUERZO NORMAL 1;2026-10-01;BEBIDA FRIA 1;4992;REFRESCO EMOLIENTE/MARACUYA;884;1010425038;AZUCAR RUBIA;0.015;13.26;KG;13.26;KG
REGIMEN 3;ALMUERZO NORMAL 1;2026-10-02;ENTRADA FRIA 1;825;HUEVO RELLENO DE VERDURAS;143;50402042247;HUEVO ROJO (CAJA 11.5 KG);0.06;0.746;CAJ;8.58;KG
REGIMEN 3;ALMUERZO NORMAL 1;2026-10-02;ENTRADA FRIA 1;825;HUEVO RELLENO DE VERDURAS;143;1020530600;PIMIENTA NEGRA MOLIDA 4 ESTACIONES 1 KG;0.0001;0.017;BOL;0.017;KG
REGIMEN 3;ALMUERZO NORMAL 1;2026-10-02;ENTRADA FRIA 1;825;HUEVO RELLENO DE VERDURAS;143;10205037563;SAL DE COCINA SALINA 1 KG;0.002;0.286;BOL;0.286;KG
REGIMEN 3;ALMUERZO NORMAL 1;2026-10-02;ENTRADA FRIA 1;825;HUEVO RELLENO DE VERDURAS;143;101050452;KETCHUP TRESA 4 LT;0.001;0.036;BLD;0.143;KG
REGIMEN 3;ALMUERZO NORMAL 1;2026-10-02;ENTRADA FRIA 1;825;HUEVO RELLENO DE VERDURAS;143;101050446;MAYONESA ALACENA 4 LT;0.0101;0.361;BLD;1.444;KG
REGIMEN 3;ALMUERZO NORMAL 1;2026-10-02;ENTRADA FRIA 1;825;HUEVO RELLENO DE VERDURAS;143;103010001;ARVEJA GRANO PELADA CONGELADO;0.01;1.43;KG;1.43;KG
REGIMEN 3;ALMUERZO NORMAL 1;2026-10-02;ENTRADA FRIA 1;825;HUEVO RELLENO DE VERDURAS;143;102010052;VAINITA FRESCA;0.01;1.43;KG;1.43;KG
REGIMEN 3;ALMUERZO NORMAL 1;2026-10-02;ENTRADA FRIA 1;825;HUEVO RELLENO DE VERDURAS;143;70046;LECHUGA AMERICANA;0.012;1.716;KG;1.716;KG
REGIMEN 3;ALMUERZO NORMAL 1;2026-10-02;ENTRADA FRIA 1;825;HUEVO RELLENO DE VERDURAS;143;102010018;PAPA BLANCA;0.03;4.29;KG;4.29;KG
REGIMEN 3;ALMUERZO NORMAL 1;2026-10-02;ENTRADA FRIA 1;825;HUEVO RELLENO DE VERDURAS;143;102010021;PEREJIL;0.003;0.429;KG;0.429;KG
REGIMEN 3;ALMUERZO NORMAL 1;2026-10-02;ENTRADA FRIA 1;825;HUEVO RELLENO DE VERDURAS;143;102010029;ZANAHORIA;0.015;2.145;KG;2.145;KG
REGIMEN 3;ALMUERZO NORMAL 1;2026-10-02;ENTRADA FRIA 1;825;HUEVO RELLENO DE VERDURAS;143;33598;CAJA CHICA - AGUA PARA RECETA - CH;0.005;0.715;LT;0.715;LT
REGIMEN 3;ALMUERZO NORMAL 1;2026-10-02;ENTRADA FRIA 2;975;ENSALADA DE LEGUMBRES;357;10101036994;ACEITE VEGETAL CIELO 5 LT;0.003;0.214;BID;1.071;LT
REGIMEN 3;ALMUERZO NORMAL 1;2026-10-02;ENTRADA FRIA 2;975;ENSALADA DE LEGUMBRES;357;101100011;OREGANO ENTERO SAN JUAN MASIAS 1 KG;0.0001;0.036;BOL;0.036;KG
REGIMEN 3;ALMUERZO NORMAL 1;2026-10-02;ENTRADA FRIA 2;975;ENSALADA DE LEGUMBRES;357;1020530600;PIMIENTA NEGRA MOLIDA 4 ESTACIONES 1 KG;0.0001;0.043;BOL;0.043;KG
REGIMEN 3;ALMUERZO NORMAL 1;2026-10-02;ENTRADA FRIA 2;975;ENSALADA DE LEGUMBRES;357;10205037563;SAL DE COCINA SALINA 1 KG;0.002;0.714;BOL;0.714;KG
REGIMEN 3;ALMUERZO NORMAL 1;2026-10-02;ENTRADA FRIA 2;975;ENSALADA DE LEGUMBRES;357;101050446;MAYONESA ALACENA 4 LT;0.01;0.893;BLD;3.57;KG
REGIMEN 3;ALMUERZO NORMAL 1;2026-10-02;ENTRADA FRIA 2;975;ENSALADA DE LEGUMBRES;357;101050455;MOSTAZA TRESA 4 KG;0.002;0.178;BLD;0.714;KG
REGIMEN 3;ALMUERZO NORMAL 1;2026-10-02;ENTRADA FRIA 2;975;ENSALADA DE LEGUMBRES;357;101050456;VINAGRE BLANCO TRESA 4 LT;0.004;0.357;GLN;1.428;LT
REGIMEN 3;ALMUERZO NORMAL 1;2026-10-02;ENTRADA FRIA 2;975;ENSALADA DE LEGUMBRES;357;103010001;ARVEJA GRANO PELADA CONGELADO;0.01;3.57;KG;3.57;KG
REGIMEN 3;ALMUERZO NORMAL 1;2026-10-02;ENTRADA FRIA 2;975;ENSALADA DE LEGUMBRES;357;102010052;VAINITA FRESCA;0.02;7.14;KG;7.14;KG
REGIMEN 3;ALMUERZO NORMAL 1;2026-10-02;ENTRADA FRIA 2;975;ENSALADA DE LEGUMBRES;357;102010029;ZANAHORIA;0.01;3.57;KG;3.57;KG
REGIMEN 3;ALMUERZO NORMAL 1;2026-10-02;ENTRADA FRIA 2;975;ENSALADA DE LEGUMBRES;357;102010018;PAPA BLANCA;0.03;10.71;KG;10.71;KG
REGIMEN 3;ALMUERZO NORMAL 1;2026-10-02;ENTRADA FRIA 2;975;ENSALADA DE LEGUMBRES;357;102010030;ZAPALLITO ITALIANO;0.025;8.925;KG;8.925;KG
REGIMEN 3;ALMUERZO NORMAL 1;2026-10-02;ENTRADA FRIA 2;975;ENSALADA DE LEGUMBRES;357;33598;CAJA CHICA - AGUA PARA RECETA - CH;0.003;1.071;LT;1.071;LT
REGIMEN 3;ALMUERZO NORMAL 1;2026-10-02;SOPA NORMAL 1;255;SOPA DE MORON CON POLLO;489;10101036994;ACEITE VEGETAL CIELO 5 LT;0.001;0.098;BID;0.489;LT
REGIMEN 3;ALMUERZO NORMAL 1;2026-10-02;SOPA NORMAL 1;255;SOPA DE MORON CON POLLO;489;103020026;PIERNA DE POLLO CON ENCUENTRO CONGELADO;0.075;36.675;KG;36.675;KG
REGIMEN 3;ALMUERZO NORMAL 1;2026-10-02;SOPA NORMAL 1;255;SOPA DE MORON CON POLLO;489;101100011;OREGANO ENTERO SAN JUAN MASIAS 1 KG;0.0001;0.059;BOL;0.059;KG
REGIMEN 3;ALMUERZO NORMAL 1;2026-10-02;SOPA NORMAL 1;255;SOPA DE MORON CON POLLO;489;10205037563;SAL DE COCINA SALINA 1 KG;0.002;0.978;BOL;0.978;KG
REGIMEN 3;ALMUERZO NORMAL 1;2026-10-02;SOPA NORMAL 1;255;SOPA DE MORON CON POLLO;489;4030232902;MIX DE SOPA COMPLETO CONGELADO - KGM;0.044;21.516;KG;21.516;KG
REGIMEN 3;ALMUERZO NORMAL 1;2026-10-02;SOPA NORMAL 1;255;SOPA DE MORON CON POLLO;489;102010010;CULANTRO;0.001;0.489;KG;0.489;KG
REGIMEN 3;ALMUERZO NORMAL 1;2026-10-02;SOPA NORMAL 1;255;SOPA DE MORON CON POLLO;489;101020025;HIERBA BUENA;0.001;0.489;KG;0.489;KG
REGIMEN 3;ALMUERZO NORMAL 1;2026-10-02;SOPA NORMAL 1;255;SOPA DE MORON CON POLLO;489;102010018;PAPA BLANCA;0.03;14.67;KG;14.67;KG
REGIMEN 3;ALMUERZO NORMAL 1;2026-10-02;SOPA NORMAL 1;255;SOPA DE MORON CON POLLO;489;5030224265;ZAPALLO MACRE EN CUBO LIBER 1.5 X 1.5 CM CONGELADO;0.005;2.445;KG;2.445;KG
REGIMEN 3;ALMUERZO NORMAL 1;2026-10-02;SOPA NORMAL 1;255;SOPA DE MORON CON POLLO;489;101020414;MORON AMERICANO COSTEÑO 500 GR;0.02;19.56;BOL;9.78;KG
REGIMEN 3;ALMUERZO NORMAL 1;2026-10-02;SOPA NORMAL 1;255;SOPA DE MORON CON POLLO;489;33598;CAJA CHICA - AGUA PARA RECETA - CH;0.25;122.25;LT;122.25;LT
REGIMEN 3;ALMUERZO NORMAL 1;2026-10-02;SOPA NORMAL 1;255;SOPA DE MORON CON POLLO;489;101070178;CALDO DE GALLINA KNORR SACHET 1.5 KG;0.002;0.652;BOL;0.978;KG
REGIMEN 3;ALMUERZO NORMAL 1;2026-10-02;SOPA NORMAL 1;255;SOPA DE MORON CON POLLO;489;1020222489;PRE ELABORADO RAM BASE CRIOLLA 1 KG;0.002;0.978;BOL;0.978;KG
REGIMEN 3;ALMUERZO NORMAL 1;2026-10-02;SOPA DIETA;260;SOPA DE POLLO CON FIDEOS;10;103020026;PIERNA DE POLLO CON ENCUENTRO CONGELADO;0.075;0.75;KG;0.75;KG
REGIMEN 3;ALMUERZO NORMAL 1;2026-10-02;SOPA DIETA;260;SOPA DE POLLO CON FIDEOS;10;101070178;CALDO DE GALLINA KNORR SACHET 1.5 KG;0.002;0.013;BOL;0.02;KG
REGIMEN 3;ALMUERZO NORMAL 1;2026-10-02;SOPA DIETA;260;SOPA DE POLLO CON FIDEOS;10;101100011;OREGANO ENTERO SAN JUAN MASIAS 1 KG;0.0001;0.001;BOL;0.001;KG
REGIMEN 3;ALMUERZO NORMAL 1;2026-10-02;SOPA DIETA;260;SOPA DE POLLO CON FIDEOS;10;10205037563;SAL DE COCINA SALINA 1 KG;0.002;0.02;BOL;0.02;KG
REGIMEN 3;ALMUERZO NORMAL 1;2026-10-02;SOPA DIETA;260;SOPA DE POLLO CON FIDEOS;10;1020530674;KION MOLIDO SECO 4 ESTACIONES 250 GR;0.0005;0.02;BOL;0.005;KG
REGIMEN 3;ALMUERZO NORMAL 1;2026-10-02;SOPA DIETA;260;SOPA DE POLLO CON FIDEOS;10;4030232902;MIX DE SOPA COMPLETO CONGELADO - KGM;0.044;0.44;KG;0.44;KG
REGIMEN 3;ALMUERZO NORMAL 1;2026-10-02;SOPA DIETA;260;SOPA DE POLLO CON FIDEOS;10;102010015;NABO;0.01;0.1;KG;0.1;KG
REGIMEN 3;ALMUERZO NORMAL 1;2026-10-02;SOPA DIETA;260;SOPA DE POLLO CON FIDEOS;10;102010018;PAPA BLANCA;0.03;0.3;KG;0.3;KG
REGIMEN 3;ALMUERZO NORMAL 1;2026-10-02;SOPA DIETA;260;SOPA DE POLLO CON FIDEOS;10;102010021;PEREJIL;0.001;0.01;KG;0.01;KG
REGIMEN 3;ALMUERZO NORMAL 1;2026-10-02;SOPA DIETA;260;SOPA DE POLLO CON FIDEOS;10;5030224265;ZAPALLO MACRE EN CUBO LIBER 1.5 X 1.5 CM CONGELADO;0.005;0.05;KG;0.05;KG
REGIMEN 3;ALMUERZO NORMAL 1;2026-10-02;SOPA DIETA;260;SOPA DE POLLO CON FIDEOS;10;101020247;FIDEO TORNILLO DON VITTORIO 250/225 GR;0.02;0.8;PQT;0.2;KG
REGIMEN 3;ALMUERZO NORMAL 1;2026-10-02;SOPA DIETA;260;SOPA DE POLLO CON FIDEOS;10;33598;CAJA CHICA - AGUA PARA RECETA - CH;0.3;3;LT;3;LT
REGIMEN 3;ALMUERZO NORMAL 1;2026-10-02;PLATO DE FONDO NORMAL 1;457;POLL - POLLADA;326;10101036994;ACEITE VEGETAL CIELO 5 LT;0.005;0.326;BID;1.63;LT
REGIMEN 3;ALMUERZO NORMAL 1;2026-10-02;PLATO DE FONDO NORMAL 1;457;POLL - POLLADA;326;103020027;POLLO SIN MENUDENCIA CONGELADO RANGO 1.428 - 1.611 KG (SAN FERNANDO);0.066;21.516;KG;21.516;KG
REGIMEN 3;ALMUERZO NORMAL 1;2026-10-02;PLATO DE FONDO NORMAL 1;457;POLL - POLLADA;326;103020026;PIERNA DE POLLO CON ENCUENTRO CONGELADO;0.217;70.742;KG;70.742;KG
REGIMEN 3;ALMUERZO NORMAL 1;2026-10-02;PLATO DE FONDO NORMAL 1;457;POLL - POLLADA;326;1020233296;PASTA DE AJI PANCA EMIC 1 KG;0.003;0.978;BOL;0.978;KG
REGIMEN 3;ALMUERZO NORMAL 1;2026-10-02;PLATO DE FONDO NORMAL 1;457;POLL - POLLADA;326;1020530572;COMINO MOLIDO 4 ESTACIONES 1 KG;0.0001;0.02;BOL;0.02;KG
REGIMEN 3;ALMUERZO NORMAL 1;2026-10-02;PLATO DE FONDO NORMAL 1;457;POLL - POLLADA;326;1020530600;PIMIENTA NEGRA MOLIDA 4 ESTACIONES 1 KG;0.0001;0.039;BOL;0.039;KG
REGIMEN 3;ALMUERZO NORMAL 1;2026-10-02;PLATO DE FONDO NORMAL 1;457;POLL - POLLADA;326;10205037563;SAL DE COCINA SALINA 1 KG;0.003;0.978;BOL;0.978;KG
REGIMEN 3;ALMUERZO NORMAL 1;2026-10-02;PLATO DE FONDO NORMAL 1;457;POLL - POLLADA;326;10202041457;PASTA DE AJO CONCENTRADA EMIC 1 KG;0.002;0.652;BOL;0.652;KG
REGIMEN 3;ALMUERZO NORMAL 1;2026-10-02;PLATO DE FONDO NORMAL 1;457;POLL - POLLADA;326;101050457;VINAGRE TINTO TRESA 4 LT;0.003;0.244;GLN;0.978;LT
REGIMEN 3;ALMUERZO NORMAL 1;2026-10-02;PLATO DE FONDO NORMAL 1;457;POLL - POLLADA;326;101050423;SALSA SILLAU TRESA 4 LT;0.002;0.163;GLN;0.652;LT
REGIMEN 3;ALMUERZO NORMAL 1;2026-10-02;PLATO DE FONDO NORMAL 1;457;POLL - POLLADA;326;101100011;OREGANO ENTERO SAN JUAN MASIAS 1 KG;0.0001;0.039;BOL;0.039;KG
REGIMEN 3;ALMUERZO NORMAL 1;2026-10-02;PLATO DE FONDO NORMAL 2;393;PES - TRUCHA FRITA;184;10101036994;ACEITE VEGETAL CIELO 5 LT;0.005;0.184;BID;0.92;LT
REGIMEN 3;ALMUERZO NORMAL 1;2026-10-02;PLATO DE FONDO NORMAL 2;393;PES - TRUCHA FRITA;184;4010632061;TRUCHA ENTERA EVISCERADA CONGELADA 100 - 400 GR;0.225;41.4;KG;41.4;KG
REGIMEN 3;ALMUERZO NORMAL 1;2026-10-02;PLATO DE FONDO NORMAL 2;393;PES - TRUCHA FRITA;184;1020530600;PIMIENTA NEGRA MOLIDA 4 ESTACIONES 1 KG;0.0001;0.022;BOL;0.022;KG
REGIMEN 3;ALMUERZO NORMAL 1;2026-10-02;PLATO DE FONDO NORMAL 2;393;PES - TRUCHA FRITA;184;10205037563;SAL DE COCINA SALINA 1 KG;0.003;0.552;BOL;0.552;KG
REGIMEN 3;ALMUERZO NORMAL 1;2026-10-02;PLATO DE FONDO NORMAL 2;393;PES - TRUCHA FRITA;184;10202041457;PASTA DE AJO CONCENTRADA EMIC 1 KG;0.002;0.368;BOL;0.368;KG
REGIMEN 3;ALMUERZO NORMAL 1;2026-10-02;PLATO DE FONDO NORMAL 2;393;PES - TRUCHA FRITA;184;10106037527;HARINA ESPECIAL DEL CIELO GRANEL SACO 50 KG;0.01;0.037;SCO;1.84;KG
REGIMEN 3;ALMUERZO NORMAL 1;2026-10-02;PLATO DE FONDO NORMAL 2;393;PES - TRUCHA FRITA;184;1020530572;COMINO MOLIDO 4 ESTACIONES 1 KG;0.0001;0.011;BOL;0.011;KG
REGIMEN 3;ALMUERZO NORMAL 1;2026-10-02;PLATO DE FONDO NORMAL 2;393;PES - TRUCHA FRITA;184;101100011;OREGANO ENTERO SAN JUAN MASIAS 1 KG;0.0001;0.022;BOL;0.022;KG
REGIMEN 3;ALMUERZO NORMAL 1;2026-10-02;ENSALADA CON CARNICO;1509;ENSALADA SODEXO FEST;5;10101036994;ACEITE VEGETAL CIELO 5 LT;0.002;0.002;BID;0.01;LT
REGIMEN 3;ALMUERZO NORMAL 1;2026-10-02;ENSALADA CON CARNICO;1509;ENSALADA SODEXO FEST;5;40107038254;PECHUGA DE POLLO S/HUESO S/PIEL CONGELADO - IMPORTACION;0.16;0.8;KG;0.8;KG
REGIMEN 3;ALMUERZO NORMAL 1;2026-10-02;ENSALADA CON CARNICO;1509;ENSALADA SODEXO FEST;5;10205037563;SAL DE COCINA SALINA 1 KG;0.003;0.015;BOL;0.015;KG
REGIMEN 3;ALMUERZO NORMAL 1;2026-10-02;ENSALADA CON CARNICO;1509;ENSALADA SODEXO FEST;5;101050446;MAYONESA ALACENA 4 LT;0.01;0.012;BLD;0.05;KG
REGIMEN 3;ALMUERZO NORMAL 1;2026-10-02;ENSALADA CON CARNICO;1509;ENSALADA SODEXO FEST;5;101050456;VINAGRE BLANCO TRESA 4 LT;0.003;0.004;GLN;0.015;LT
REGIMEN 3;ALMUERZO NORMAL 1;2026-10-02;ENSALADA CON CARNICO;1509;ENSALADA SODEXO FEST;5;102040203;CHAMPIGÑONES SANTIS 425 GR;0.03;0.353;LAT;0.15;KG
REGIMEN 3;ALMUERZO NORMAL 1;2026-10-02;ENSALADA CON CARNICO;1509;ENSALADA SODEXO FEST;5;70046;LECHUGA AMERICANA;0.06;0.3;KG;0.3;KG
REGIMEN 3;ALMUERZO NORMAL 1;2026-10-02;ENSALADA CON CARNICO;1509;ENSALADA SODEXO FEST;5;102010172;PALTA;0.05;0.25;KG;0.25;KG
REGIMEN 3;ALMUERZO NORMAL 1;2026-10-02;ENSALADA CON CARNICO;1509;ENSALADA SODEXO FEST;5;102010027;TOMATE;0.04;0.2;KG;0.2;KG
REGIMEN 3;ALMUERZO NORMAL 1;2026-10-02;ENSALADA CON CARNICO;1509;ENSALADA SODEXO FEST;5;400001;PASTA WANTAN CONGELADA;0.02;0.1;KG;0.1;KG
REGIMEN 3;ALMUERZO NORMAL 1;2026-10-02;ENSALADA CON CARNICO;1509;ENSALADA SODEXO FEST;5;33598;CAJA CHICA - AGUA PARA RECETA - CH;0.003;0.015;LT;0.015;LT
REGIMEN 3;ALMUERZO NORMAL 1;2026-10-02;PLATO DE FONDO DIETA;1120;POLL - POLLO CON CHAMPIGÑONES I;20;10101036994;ACEITE VEGETAL CIELO 5 LT;0.002;0.008;BID;0.04;LT
REGIMEN 3;ALMUERZO NORMAL 1;2026-10-02;PLATO DE FONDO DIETA;1120;POLL - POLLO CON CHAMPIGÑONES I;20;50505037205;MARGARINA LA DANESA 220 GR;0.005;0.455;POT;0.1;KG
REGIMEN 3;ALMUERZO NORMAL 1;2026-10-02;PLATO DE FONDO DIETA;1120;POLL - POLLO CON CHAMPIGÑONES I;20;103020027;POLLO SIN MENUDENCIA CONGELADO RANGO 1.428 - 1.611 KG (SAN FERNANDO);0.066;1.32;KG;1.32;KG
REGIMEN 3;ALMUERZO NORMAL 1;2026-10-02;PLATO DE FONDO DIETA;1120;POLL - POLLO CON CHAMPIGÑONES I;20;103020026;PIERNA DE POLLO CON ENCUENTRO CONGELADO;0.217;4.34;KG;4.34;KG
REGIMEN 3;ALMUERZO NORMAL 1;2026-10-02;PLATO DE FONDO DIETA;1120;POLL - POLLO CON CHAMPIGÑONES I;20;10107039479;LECHE EVAPORADA (CONCENTRADA) LAIVE BOLSITARRO 800 ML;0.015;0.375;BOL;0.3;LT
REGIMEN 3;ALMUERZO NORMAL 1;2026-10-02;PLATO DE FONDO DIETA;1120;POLL - POLLO CON CHAMPIGÑONES I;20;1020530600;PIMIENTA NEGRA MOLIDA 4 ESTACIONES 1 KG;0.0001;0.002;BOL;0.002;KG
REGIMEN 3;ALMUERZO NORMAL 1;2026-10-02;PLATO DE FONDO DIETA;1120;POLL - POLLO CON CHAMPIGÑONES I;20;10205037563;SAL DE COCINA SALINA 1 KG;0.003;0.06;BOL;0.06;KG
REGIMEN 3;ALMUERZO NORMAL 1;2026-10-02;PLATO DE FONDO DIETA;1120;POLL - POLLO CON CHAMPIGÑONES I;20;102040203;CHAMPIGÑONES SANTIS 425 GR;0.015;0.706;LAT;0.3;KG
REGIMEN 3;ALMUERZO NORMAL 1;2026-10-02;PLATO DE FONDO DIETA;1120;POLL - POLLO CON CHAMPIGÑONES I;20;33598;CAJA CHICA - AGUA PARA RECETA - CH;0.01;0.2;LT;0.2;LT
REGIMEN 3;ALMUERZO NORMAL 1;2026-10-02;PLATO DE FONDO DIETA;1120;POLL - POLLO CON CHAMPIGÑONES I;20;102010021;PEREJIL;0.003;0.06;KG;0.06;KG
REGIMEN 3;ALMUERZO NORMAL 1;2026-10-02;GUARNICION ARROZ;266;ARROZ A LA JARDINERA;468;10101036994;ACEITE VEGETAL CIELO 5 LT;0.003;0.281;BID;1.404;LT
REGIMEN 3;ALMUERZO NORMAL 1;2026-10-02;GUARNICION ARROZ;266;ARROZ A LA JARDINERA;468;1020530591;PALILLO MOLIDO 4 ESTACIONES 1 KG;0.0001;0.056;BOL;0.056;KG
REGIMEN 3;ALMUERZO NORMAL 1;2026-10-02;GUARNICION ARROZ;266;ARROZ A LA JARDINERA;468;10205037563;SAL DE COCINA SALINA 1 KG;0.001;0.468;BOL;0.468;KG
REGIMEN 3;ALMUERZO NORMAL 1;2026-10-02;GUARNICION ARROZ;266;ARROZ A LA JARDINERA;468;103010005;CHOCLO DESGRANADO CONGELADO;0.003;1.404;KG;1.404;KG
REGIMEN 3;ALMUERZO NORMAL 1;2026-10-02;GUARNICION ARROZ;266;ARROZ A LA JARDINERA;468;103010001;ARVEJA GRANO PELADA CONGELADO;0.003;1.404;KG;1.404;KG
REGIMEN 3;ALMUERZO NORMAL 1;2026-10-02;GUARNICION ARROZ;266;ARROZ A LA JARDINERA;468;102010022;PIMIENTO ROJO;0.003;1.404;KG;1.404;KG
REGIMEN 3;ALMUERZO NORMAL 1;2026-10-02;GUARNICION ARROZ;266;ARROZ A LA JARDINERA;468;102010029;ZANAHORIA;0.003;1.404;KG;1.404;KG
REGIMEN 3;ALMUERZO NORMAL 1;2026-10-02;GUARNICION ARROZ;266;ARROZ A LA JARDINERA;468;10102041614;ARROZ COSTEÑO EXTRA HOJA REDONDA AÑEJO 50 KG;0.12;1.123;SCO;56.16;KG
REGIMEN 3;ALMUERZO NORMAL 1;2026-10-02;GUARNICION ARROZ;266;ARROZ A LA JARDINERA;468;1020222487;PRE ELABORADO RAM BASE AMARILLA 1 KG;0.02;9.36;BOL;9.36;KG
REGIMEN 3;ALMUERZO NORMAL 1;2026-10-02;GUARNICION ARROZ;266;ARROZ A LA JARDINERA;468;33598;CAJA CHICA - AGUA PARA RECETA - CH;0.18;84.24;LT;84.24;LT
REGIMEN 3;ALMUERZO NORMAL 1;2026-10-02;GUARNICION ARROZ;266;ARROZ A LA JARDINERA;468;1020530572;COMINO MOLIDO 4 ESTACIONES 1 KG;0.0001;0.028;BOL;0.028;KG
REGIMEN 3;ALMUERZO NORMAL 1;2026-10-02;GUARNICION ARROZ;266;ARROZ A LA JARDINERA;468;1020530600;PIMIENTA NEGRA MOLIDA 4 ESTACIONES 1 KG;0.0001;0.028;BOL;0.028;KG
REGIMEN 3;ALMUERZO NORMAL 1;2026-10-02;GUARNICION 1;1204;PAPA DORADA Y SALSA CRIOLLA;326;10101036994;ACEITE VEGETAL CIELO 5 LT;0.008;0.522;BID;2.608;LT
REGIMEN 3;ALMUERZO NORMAL 1;2026-10-02;GUARNICION 1;1204;PAPA DORADA Y SALSA CRIOLLA;326;1020530600;PIMIENTA NEGRA MOLIDA 4 ESTACIONES 1 KG;0.0001;0.039;BOL;0.039;KG
REGIMEN 3;ALMUERZO NORMAL 1;2026-10-02;GUARNICION 1;1204;PAPA DORADA Y SALSA CRIOLLA;326;10205037563;SAL DE COCINA SALINA 1 KG;0.003;0.978;BOL;0.978;KG
REGIMEN 3;ALMUERZO NORMAL 1;2026-10-02;GUARNICION 1;1204;PAPA DORADA Y SALSA CRIOLLA;326;101050456;VINAGRE BLANCO TRESA 4 LT;0.0001;0.004;GLN;0.016;LT
REGIMEN 3;ALMUERZO NORMAL 1;2026-10-02;GUARNICION 1;1204;PAPA DORADA Y SALSA CRIOLLA;326;4030227693;ZUMO DE LIMON CONGELADO;0.0033;1.076;KG;1.076;KG
REGIMEN 3;ALMUERZO NORMAL 1;2026-10-02;GUARNICION 1;1204;PAPA DORADA Y SALSA CRIOLLA;326;102010041;AJI AMARILLO X KG;0.003;0.978;KG;0.978;KG
REGIMEN 3;ALMUERZO NORMAL 1;2026-10-02;GUARNICION 1;1204;PAPA DORADA Y SALSA CRIOLLA;326;102010006;CEBOLLA ROJA;0.014;4.564;KG;4.564;KG
REGIMEN 3;ALMUERZO NORMAL 1;2026-10-02;GUARNICION 1;1204;PAPA DORADA Y SALSA CRIOLLA;326;102010010;CULANTRO;0.002;0.652;KG;0.652;KG
REGIMEN 3;ALMUERZO NORMAL 1;2026-10-02;GUARNICION 1;1204;PAPA DORADA Y SALSA CRIOLLA;326;102010018;PAPA BLANCA;0.07;22.82;KG;22.82;KG
REGIMEN 3;ALMUERZO NORMAL 1;2026-10-02;GUARNICION 2;703;ARVEJA PARTIDA GUISADA;184;101100011;OREGANO ENTERO SAN JUAN MASIAS 1 KG;0.0001;0.015;BOL;0.015;KG
REGIMEN 3;ALMUERZO NORMAL 1;2026-10-02;GUARNICION 2;703;ARVEJA PARTIDA GUISADA;184;10205037563;SAL DE COCINA SALINA 1 KG;0.0003;0.05;BOL;0.05;KG
REGIMEN 3;ALMUERZO NORMAL 1;2026-10-02;GUARNICION 2;703;ARVEJA PARTIDA GUISADA;184;1020222489;PRE ELABORADO RAM BASE CRIOLLA 1 KG;0.005;0.92;BOL;0.92;KG
REGIMEN 3;ALMUERZO NORMAL 1;2026-10-02;GUARNICION 2;703;ARVEJA PARTIDA GUISADA;184;10106037527;HARINA ESPECIAL DEL CIELO GRANEL SACO 50 KG;0.0027;0.01;SCO;0.491;KG
REGIMEN 3;ALMUERZO NORMAL 1;2026-10-02;GUARNICION 2;703;ARVEJA PARTIDA GUISADA;184;101020092;ARVEJA VERDE PARTIDA CANTA CLARO BOLSA 500 GR;0.08;29.44;BOL;14.72;KG
REGIMEN 3;ALMUERZO NORMAL 1;2026-10-02;GUARNICION 2;703;ARVEJA PARTIDA GUISADA;184;33598;CAJA CHICA - AGUA PARA RECETA - CH;0.25;46;LT;46;LT
REGIMEN 3;ALMUERZO NORMAL 1;2026-10-02;GUARNICION DIETA 1;937;VERDURAS COCIDAS;12;10101036994;ACEITE VEGETAL CIELO 5 LT;0.001;0.002;BID;0.012;LT
REGIMEN 3;ALMUERZO NORMAL 1;2026-10-02;GUARNICION DIETA 1;937;VERDURAS COCIDAS;12;50505037205;MARGARINA LA DANESA 220 GR;0.005;0.273;POT;0.06;KG
REGIMEN 3;ALMUERZO NORMAL 1;2026-10-02;GUARNICION DIETA 1;937;VERDURAS COCIDAS;12;1020530600;PIMIENTA NEGRA MOLIDA 4 ESTACIONES 1 KG;0.0001;0.001;BOL;0.001;KG
REGIMEN 3;ALMUERZO NORMAL 1;2026-10-02;GUARNICION DIETA 1;937;VERDURAS COCIDAS;12;10205037563;SAL DE COCINA SALINA 1 KG;0.002;0.024;BOL;0.024;KG
REGIMEN 3;ALMUERZO NORMAL 1;2026-10-02;GUARNICION DIETA 1;937;VERDURAS COCIDAS;12;103010001;ARVEJA GRANO PELADA CONGELADO;0.02;0.24;KG;0.24;KG
REGIMEN 3;ALMUERZO NORMAL 1;2026-10-02;GUARNICION DIETA 1;937;VERDURAS COCIDAS;12;102010052;VAINITA FRESCA;0.02;0.24;KG;0.24;KG
REGIMEN 3;ALMUERZO NORMAL 1;2026-10-02;GUARNICION DIETA 1;937;VERDURAS COCIDAS;12;102010029;ZANAHORIA;0.015;0.18;KG;0.18;KG
REGIMEN 3;ALMUERZO NORMAL 1;2026-10-02;GUARNICION DIETA 1;937;VERDURAS COCIDAS;12;102010018;PAPA BLANCA;0.1;1.2;KG;1.2;KG
REGIMEN 3;ALMUERZO NORMAL 1;2026-10-02;GUARNICION DIETA 1;937;VERDURAS COCIDAS;12;102010021;PEREJIL;0.002;0.024;KG;0.024;KG
REGIMEN 3;ALMUERZO NORMAL 1;2026-10-02;GUARNICION DIETA 1;937;VERDURAS COCIDAS;12;102010030;ZAPALLITO ITALIANO;0.025;0.3;KG;0.3;KG
REGIMEN 3;ALMUERZO NORMAL 1;2026-10-02;COM SALAD BAR 1;1070;SALAD BAR V;357;102010025;RABANITO;0.04;14.28;KG;14.28;KG
REGIMEN 3;ALMUERZO NORMAL 1;2026-10-02;COM SALAD BAR 1;1070;SALAD BAR V;357;103010003;BROCOLI PRE COCIDO 30/60 CONGELADO;0.03;10.71;KG;10.71;KG
REGIMEN 3;ALMUERZO NORMAL 1;2026-10-02;COM SALAD BAR 1;1070;SALAD BAR V;357;102010029;ZANAHORIA;0.05;17.85;KG;17.85;KG
REGIMEN 3;ALMUERZO NORMAL 1;2026-10-02;ISLA 1;719;LIMON;520;102020001;LIMON VERDE EXTRA;0.015;7.8;KG;7.8;KG
REGIMEN 3;ALMUERZO NORMAL 1;2026-10-02;ISLA 2;4323;AJI - ROCOTO PICADO;197;1020530600;PIMIENTA NEGRA MOLIDA 4 ESTACIONES 1 KG;0.0001;0.02;BOL;0.02;KG
REGIMEN 3;ALMUERZO NORMAL 1;2026-10-02;ISLA 2;4323;AJI - ROCOTO PICADO;197;4030227693;ZUMO DE LIMON CONGELADO;0.002;0.394;KG;0.394;KG
REGIMEN 3;ALMUERZO NORMAL 1;2026-10-02;ISLA 2;4323;AJI - ROCOTO PICADO;197;10205037563;SAL DE COCINA SALINA 1 KG;0.001;0.197;BOL;0.197;KG
REGIMEN 3;ALMUERZO NORMAL 1;2026-10-02;ISLA 2;4323;AJI - ROCOTO PICADO;197;102010034;ROCOTO;0.01;1.97;KG;1.97;KG
REGIMEN 3;ALMUERZO NORMAL 1;2026-10-02;ISLA 2;4323;AJI - ROCOTO PICADO;197;10101036994;ACEITE VEGETAL CIELO 5 LT;0.003;0.118;BID;0.591;LT
REGIMEN 3;ALMUERZO NORMAL 1;2026-10-02;ISLA 4;1096;SALSA VINAGRETA;79;101100011;OREGANO ENTERO SAN JUAN MASIAS 1 KG;0.0001;0.009;BOL;0.009;KG
REGIMEN 3;ALMUERZO NORMAL 1;2026-10-02;ISLA 4;1096;SALSA VINAGRETA;79;1020530600;PIMIENTA NEGRA MOLIDA 4 ESTACIONES 1 KG;0.0001;0.009;BOL;0.009;KG
REGIMEN 3;ALMUERZO NORMAL 1;2026-10-02;ISLA 4;1096;SALSA VINAGRETA;79;10205037563;SAL DE COCINA SALINA 1 KG;0.002;0.158;BOL;0.158;KG
REGIMEN 3;ALMUERZO NORMAL 1;2026-10-02;ISLA 4;1096;SALSA VINAGRETA;79;101050446;MAYONESA ALACENA 4 LT;0.0067;0.132;BLD;0.529;KG
REGIMEN 3;ALMUERZO NORMAL 1;2026-10-02;ISLA 4;1096;SALSA VINAGRETA;79;101050455;MOSTAZA TRESA 4 KG;0.002;0.04;BLD;0.158;KG
REGIMEN 3;ALMUERZO NORMAL 1;2026-10-02;ISLA 4;1096;SALSA VINAGRETA;79;101050456;VINAGRE BLANCO TRESA 4 LT;0.004;0.079;GLN;0.316;LT
REGIMEN 3;ALMUERZO NORMAL 1;2026-10-02;ISLA 4;1096;SALSA VINAGRETA;79;33598;CAJA CHICA - AGUA PARA RECETA - CH;0.0033;0.261;LT;0.261;LT
REGIMEN 3;ALMUERZO NORMAL 1;2026-10-02;FRUTA 1;609;TUNA ROJA;260;102020104;TUNAS;0.09;23.4;KG;23.4;KG
REGIMEN 3;ALMUERZO NORMAL 1;2026-10-02;POSTRE NORMAL 1;3050;DULCE DE LECHE;156;10107039479;LECHE EVAPORADA (CONCENTRADA) LAIVE BOLSITARRO 800 ML;0.05;9.75;BOL;7.8;LT
REGIMEN 3;ALMUERZO NORMAL 1;2026-10-02;POSTRE NORMAL 1;3050;DULCE DE LECHE;156;1020530557;CANELA ENTERA 4 ESTACIONES 1 KG;0.0001;0.016;BOL;0.016;KG
REGIMEN 3;ALMUERZO NORMAL 1;2026-10-02;POSTRE NORMAL 1;3050;DULCE DE LECHE;156;1020530564;CLAVO DE OLOR ENTERO 4 ESTACIONES 1 KG;0.0001;0.016;BOL;0.016;KG
REGIMEN 3;ALMUERZO NORMAL 1;2026-10-02;POSTRE NORMAL 1;3050;DULCE DE LECHE;156;101060562;ESCENCIA DE VAINILLA NEGRITA 1 LT PET;0.0005;0.078;BOT;0.078;LT
REGIMEN 3;ALMUERZO NORMAL 1;2026-10-02;POSTRE NORMAL 1;3050;DULCE DE LECHE;156;10106040287;MAICENA DURYEA 500 GR;0.01;3.12;CAJ;1.56;KG
REGIMEN 3;ALMUERZO NORMAL 1;2026-10-02;POSTRE NORMAL 1;3050;DULCE DE LECHE;156;1010425038;AZUCAR RUBIA;0.03;4.68;KG;4.68;KG
REGIMEN 3;ALMUERZO NORMAL 1;2026-10-02;POSTRE NORMAL 1;3050;DULCE DE LECHE;156;33598;CAJA CHICA - AGUA PARA RECETA - CH;0.05;7.8;LT;7.8;LT
REGIMEN 3;ALMUERZO NORMAL 1;2026-10-02;POSTRE NORMAL 1;3050;DULCE DE LECHE;156;1020530559;CANELA MOLIDA 4 ESTACIONES 1 KG;0.0001;0.016;BOL;0.016;KG
REGIMEN 3;ALMUERZO NORMAL 1;2026-10-02;POSTRE NORMAL 2;583;GELATINA DE PIÑA;104;10208043258;GELATINA SABOR PIÑA MACROFOOD 1KG;0.0071;0.738;BOL;0.738;KG
REGIMEN 3;ALMUERZO NORMAL 1;2026-10-02;POSTRE NORMAL 2;583;GELATINA DE PIÑA;104;33598;CAJA CHICA - AGUA PARA RECETA - CH;0.1;10.4;LT;10.4;LT
REGIMEN 3;ALMUERZO NORMAL 1;2026-10-02;BEBIDA FRIA 1;373;REFRESCO DE CARAMBOLA;884;33598;CAJA CHICA - AGUA PARA RECETA - CH;0.2127;188.036;LT;188.036;LT
REGIMEN 3;ALMUERZO NORMAL 1;2026-10-02;BEBIDA FRIA 1;373;REFRESCO DE CARAMBOLA;884;1010425038;AZUCAR RUBIA;0.0127;11.236;KG;11.236;KG
REGIMEN 3;ALMUERZO NORMAL 1;2026-10-02;BEBIDA FRIA 1;373;REFRESCO DE CARAMBOLA;884;2030136;PRE ELABORADO NATURALE CONCENTRADO CARAMBOLA 2 LT;0.0212;9.362;BOL;18.723;LT
REGIMEN 3;ALMUERZO NORMAL 1;2026-10-03;ENTRADA FRIA 1;975;ENSALADA DE LEGUMBRES;460;10101036994;ACEITE VEGETAL CIELO 5 LT;0.003;0.276;BID;1.38;LT
REGIMEN 3;ALMUERZO NORMAL 1;2026-10-03;ENTRADA FRIA 1;975;ENSALADA DE LEGUMBRES;460;101100011;OREGANO ENTERO SAN JUAN MASIAS 1 KG;0.0001;0.046;BOL;0.046;KG
REGIMEN 3;ALMUERZO NORMAL 1;2026-10-03;ENTRADA FRIA 1;975;ENSALADA DE LEGUMBRES;460;1020530600;PIMIENTA NEGRA MOLIDA 4 ESTACIONES 1 KG;0.0001;0.055;BOL;0.055;KG
REGIMEN 3;ALMUERZO NORMAL 1;2026-10-03;ENTRADA FRIA 1;975;ENSALADA DE LEGUMBRES;460;10205037563;SAL DE COCINA SALINA 1 KG;0.002;0.92;BOL;0.92;KG
REGIMEN 3;ALMUERZO NORMAL 1;2026-10-03;ENTRADA FRIA 1;975;ENSALADA DE LEGUMBRES;460;101050446;MAYONESA ALACENA 4 LT;0.01;1.15;BLD;4.6;KG
REGIMEN 3;ALMUERZO NORMAL 1;2026-10-03;ENTRADA FRIA 1;975;ENSALADA DE LEGUMBRES;460;101050455;MOSTAZA TRESA 4 KG;0.002;0.23;BLD;0.92;KG
REGIMEN 3;ALMUERZO NORMAL 1;2026-10-03;ENTRADA FRIA 1;975;ENSALADA DE LEGUMBRES;460;101050456;VINAGRE BLANCO TRESA 4 LT;0.004;0.46;GLN;1.84;LT
REGIMEN 3;ALMUERZO NORMAL 1;2026-10-03;ENTRADA FRIA 1;975;ENSALADA DE LEGUMBRES;460;103010001;ARVEJA GRANO PELADA CONGELADO;0.01;4.6;KG;4.6;KG
REGIMEN 3;ALMUERZO NORMAL 1;2026-10-03;ENTRADA FRIA 1;975;ENSALADA DE LEGUMBRES;460;102010052;VAINITA FRESCA;0.02;9.2;KG;9.2;KG
REGIMEN 3;ALMUERZO NORMAL 1;2026-10-03;ENTRADA FRIA 1;975;ENSALADA DE LEGUMBRES;460;102010029;ZANAHORIA;0.01;4.6;KG;4.6;KG
REGIMEN 3;ALMUERZO NORMAL 1;2026-10-03;ENTRADA FRIA 1;975;ENSALADA DE LEGUMBRES;460;102010018;PAPA BLANCA;0.03;13.8;KG;13.8;KG
REGIMEN 3;ALMUERZO NORMAL 1;2026-10-03;ENTRADA FRIA 1;975;ENSALADA DE LEGUMBRES;460;102010030;ZAPALLITO ITALIANO;0.025;11.5;KG;11.5;KG
REGIMEN 3;ALMUERZO NORMAL 1;2026-10-03;ENTRADA FRIA 1;975;ENSALADA DE LEGUMBRES;460;33598;CAJA CHICA - AGUA PARA RECETA - CH;0.003;1.38;LT;1.38;LT
REGIMEN 3;ALMUERZO NORMAL 1;2026-10-03;SOPA NORMAL 1;239;SOPA CHAIRO CON RES I;490;10101036994;ACEITE VEGETAL CIELO 5 LT;0.001;0.098;BID;0.49;LT
REGIMEN 3;ALMUERZO NORMAL 1;2026-10-03;SOPA NORMAL 1;239;SOPA CHAIRO CON RES I;490;33598;CAJA CHICA - AGUA PARA RECETA - CH;0.3;147;LT;147;LT
REGIMEN 3;ALMUERZO NORMAL 1;2026-10-03;SOPA NORMAL 1;239;SOPA CHAIRO CON RES I;490;40108037516;RES - SOPAS S/HUESO (DON GOYO);0.065;31.85;KG;31.85;KG
REGIMEN 3;ALMUERZO NORMAL 1;2026-10-03;SOPA NORMAL 1;239;SOPA CHAIRO CON RES I;490;10205037563;SAL DE COCINA SALINA 1 KG;0.002;0.98;BOL;0.98;KG
REGIMEN 3;ALMUERZO NORMAL 1;2026-10-03;SOPA NORMAL 1;239;SOPA CHAIRO CON RES I;490;4030232902;MIX DE SOPA COMPLETO CONGELADO - KGM;0.044;21.56;KG;21.56;KG
REGIMEN 3;ALMUERZO NORMAL 1;2026-10-03;SOPA NORMAL 1;239;SOPA CHAIRO CON RES I;490;101060595;CHUÑO ENTERO SAN JUAN MASIAS (EX BELEN) 5 KG;0.01;0.98;BOL;4.9;KG
REGIMEN 3;ALMUERZO NORMAL 1;2026-10-03;SOPA NORMAL 1;239;SOPA CHAIRO CON RES I;490;103010001;ARVEJA GRANO PELADA CONGELADO;0.003;1.47;KG;1.47;KG
REGIMEN 3;ALMUERZO NORMAL 1;2026-10-03;SOPA NORMAL 1;239;SOPA CHAIRO CON RES I;490;102010009;COL;0.01;4.9;KG;4.9;KG
REGIMEN 3;ALMUERZO NORMAL 1;2026-10-03;SOPA NORMAL 1;239;SOPA CHAIRO CON RES I;490;103010025;HABAS VERDES PELADAS  CONGELADA;0.01;4.9;KG;4.9;KG
REGIMEN 3;ALMUERZO NORMAL 1;2026-10-03;SOPA NORMAL 1;239;SOPA CHAIRO CON RES I;490;102010018;PAPA BLANCA;0.03;14.7;KG;14.7;KG
REGIMEN 3;ALMUERZO NORMAL 1;2026-10-03;SOPA NORMAL 1;239;SOPA CHAIRO CON RES I;490;101020025;HIERBA BUENA;0.001;0.49;KG;0.49;KG
REGIMEN 3;ALMUERZO NORMAL 1;2026-10-03;SOPA NORMAL 1;239;SOPA CHAIRO CON RES I;490;101100011;OREGANO ENTERO SAN JUAN MASIAS 1 KG;0.0001;0.059;BOL;0.059;KG
REGIMEN 3;ALMUERZO NORMAL 1;2026-10-03;SOPA NORMAL 1;239;SOPA CHAIRO CON RES I;490;1020227865;CALDO DE CARNE KNORR SACHET 650 GR;0.002;1.508;BOL;0.98;KG
REGIMEN 3;ALMUERZO NORMAL 1;2026-10-03;SOPA NORMAL 1;239;SOPA CHAIRO CON RES I;490;101020164;TRIGO PELADO EL PLEBEYO 5 KG;0.02;1.96;BOL;9.8;KG
REGIMEN 3;ALMUERZO NORMAL 1;2026-10-03;SOPA DIETA;112;CONSOME DE POLLO;10;103020026;PIERNA DE POLLO CON ENCUENTRO CONGELADO;0.075;0.75;KG;0.75;KG
REGIMEN 3;ALMUERZO NORMAL 1;2026-10-03;SOPA DIETA;112;CONSOME DE POLLO;10;101070178;CALDO DE GALLINA KNORR SACHET 1.5 KG;0.002;0.013;BOL;0.02;KG
REGIMEN 3;ALMUERZO NORMAL 1;2026-10-03;SOPA DIETA;112;CONSOME DE POLLO;10;101100011;OREGANO ENTERO SAN JUAN MASIAS 1 KG;0.0001;0.001;BOL;0.001;KG
REGIMEN 3;ALMUERZO NORMAL 1;2026-10-03;SOPA DIETA;112;CONSOME DE POLLO;10;10205037563;SAL DE COCINA SALINA 1 KG;0.002;0.02;BOL;0.02;KG
REGIMEN 3;ALMUERZO NORMAL 1;2026-10-03;SOPA DIETA;112;CONSOME DE POLLO;10;1020530674;KION MOLIDO SECO 4 ESTACIONES 250 GR;0.0005;0.02;BOL;0.005;KG
REGIMEN 3;ALMUERZO NORMAL 1;2026-10-03;SOPA DIETA;112;CONSOME DE POLLO;10;4030232902;MIX DE SOPA COMPLETO CONGELADO - KGM;0.044;0.44;KG;0.44;KG
REGIMEN 3;ALMUERZO NORMAL 1;2026-10-03;SOPA DIETA;112;CONSOME DE POLLO;10;102010018;PAPA BLANCA;0.03;0.3;KG;0.3;KG
REGIMEN 3;ALMUERZO NORMAL 1;2026-10-03;SOPA DIETA;112;CONSOME DE POLLO;10;102010021;PEREJIL;0.001;0.01;KG;0.01;KG
REGIMEN 3;ALMUERZO NORMAL 1;2026-10-03;SOPA DIETA;112;CONSOME DE POLLO;10;101020268;FIDEO CABELLO DE ANGEL LAVAGGI 250 GR;0.02;0.8;PQT;0.2;KG
REGIMEN 3;ALMUERZO NORMAL 1;2026-10-03;SOPA DIETA;112;CONSOME DE POLLO;10;33598;CAJA CHICA - AGUA PARA RECETA - CH;0.3;3;LT;3;LT
REGIMEN 3;ALMUERZO NORMAL 1;2026-10-03;PLATO DE FONDO NORMAL 1;1138;CMIX - PARRILLA MIXTA;510;101100011;OREGANO ENTERO SAN JUAN MASIAS 1 KG;0.0001;0.051;BOL;0.051;KG
REGIMEN 3;ALMUERZO NORMAL 1;2026-10-03;PLATO DE FONDO NORMAL 1;1138;CMIX - PARRILLA MIXTA;510;1020530600;PIMIENTA NEGRA MOLIDA 4 ESTACIONES 1 KG;0.0001;0.051;BOL;0.051;KG
REGIMEN 3;ALMUERZO NORMAL 1;2026-10-03;PLATO DE FONDO NORMAL 1;1138;CMIX - PARRILLA MIXTA;510;40107038254;PECHUGA DE POLLO S/HUESO S/PIEL CONGELADO - IMPORTACION;0.13;66.3;KG;66.3;KG
REGIMEN 3;ALMUERZO NORMAL 1;2026-10-03;PLATO DE FONDO NORMAL 1;1138;CMIX - PARRILLA MIXTA;510;1020524315;ROMERO SECO BADIA 8 OZ;0.0001;0.225;FCO;0.051;KG
REGIMEN 3;ALMUERZO NORMAL 1;2026-10-03;PLATO DE FONDO NORMAL 1;1138;CMIX - PARRILLA MIXTA;510;10205037563;SAL DE COCINA SALINA 1 KG;0.002;1.02;BOL;1.02;KG
REGIMEN 3;ALMUERZO NORMAL 1;2026-10-03;PLATO DE FONDO NORMAL 1;1138;CMIX - PARRILLA MIXTA;510;103020006;CHULETA DE CERDO TROZADO 150 GR CONGELADO;0.15;76.5;KG;76.5;KG
REGIMEN 3;ALMUERZO NORMAL 1;2026-10-03;PLATO DE FONDO NORMAL 1;1138;CMIX - PARRILLA MIXTA;510;10101036994;ACEITE VEGETAL CIELO 5 LT;0.002;0.204;BID;1.02;LT
REGIMEN 3;ALMUERZO NORMAL 1;2026-10-03;PLATO DE FONDO NORMAL 1;1138;CMIX - PARRILLA MIXTA;510;10202041457;PASTA DE AJO CONCENTRADA EMIC 1 KG;0.003;1.53;BOL;1.53;KG
REGIMEN 3;ALMUERZO NORMAL 1;2026-10-03;PLATO DE FONDO NORMAL 1;1138;CMIX - PARRILLA MIXTA;510;101050423;SALSA SILLAU TRESA 4 LT;0.002;0.255;GLN;1.02;LT
REGIMEN 3;ALMUERZO NORMAL 1;2026-10-03;PLATO DE FONDO NORMAL 1;1138;CMIX - PARRILLA MIXTA;510;1020233296;PASTA DE AJI PANCA EMIC 1 KG;0.004;2.04;BOL;2.04;KG
REGIMEN 3;ALMUERZO NORMAL 1;2026-10-03;PLATO DE FONDO NORMAL 1;1138;CMIX - PARRILLA MIXTA;510;1020530572;COMINO MOLIDO 4 ESTACIONES 1 KG;0;0.01;BOL;0.01;KG
REGIMEN 3;ALMUERZO NORMAL 1;2026-10-03;PLATO DE FONDO NORMAL 2;134;CHORIZO;260;10101036994;ACEITE VEGETAL CIELO 5 LT;0.002;0.104;BID;0.52;LT
REGIMEN 3;ALMUERZO NORMAL 1;2026-10-03;PLATO DE FONDO NORMAL 2;134;CHORIZO;260;40201036979;CHORIZO PARRILLERO CONGELADO KG (C);0.1;26;KG;26;KG
REGIMEN 3;ALMUERZO NORMAL 1;2026-10-03;ENSALADA CON CARNICO;40;ENSALADA CARIBEÑA I;5;10101036994;ACEITE VEGETAL CIELO 5 LT;0.002;0.002;BID;0.01;LT
REGIMEN 3;ALMUERZO NORMAL 1;2026-10-03;ENSALADA CON CARNICO;40;ENSALADA CARIBEÑA I;5;40107038254;PECHUGA DE POLLO S/HUESO S/PIEL CONGELADO - IMPORTACION;0.16;0.8;KG;0.8;KG
REGIMEN 3;ALMUERZO NORMAL 1;2026-10-03;ENSALADA CON CARNICO;40;ENSALADA CARIBEÑA I;5;10205037563;SAL DE COCINA SALINA 1 KG;0.003;0.015;BOL;0.015;KG
REGIMEN 3;ALMUERZO NORMAL 1;2026-10-03;ENSALADA CON CARNICO;40;ENSALADA CARIBEÑA I;5;101050446;MAYONESA ALACENA 4 LT;0.01;0.012;BLD;0.05;KG
REGIMEN 3;ALMUERZO NORMAL 1;2026-10-03;ENSALADA CON CARNICO;40;ENSALADA CARIBEÑA I;5;101050456;VINAGRE BLANCO TRESA 4 LT;0.003;0.004;GLN;0.015;LT
REGIMEN 3;ALMUERZO NORMAL 1;2026-10-03;ENSALADA CON CARNICO;40;ENSALADA CARIBEÑA I;5;1010425038;AZUCAR RUBIA;0.005;0.025;KG;0.025;KG
REGIMEN 3;ALMUERZO NORMAL 1;2026-10-03;ENSALADA CON CARNICO;40;ENSALADA CARIBEÑA I;5;102020016;PIÑA;0.05;0.25;KG;0.25;KG
REGIMEN 3;ALMUERZO NORMAL 1;2026-10-03;ENSALADA CON CARNICO;40;ENSALADA CARIBEÑA I;5;102010004;APIO;0.017;0.085;KG;0.085;KG
REGIMEN 3;ALMUERZO NORMAL 1;2026-10-03;ENSALADA CON CARNICO;40;ENSALADA CARIBEÑA I;5;102010007;CEBOLLA CHINA;0.002;0.01;KG;0.01;KG
REGIMEN 3;ALMUERZO NORMAL 1;2026-10-03;ENSALADA CON CARNICO;40;ENSALADA CARIBEÑA I;5;70046;LECHUGA AMERICANA;0.06;0.3;KG;0.3;KG
REGIMEN 3;ALMUERZO NORMAL 1;2026-10-03;ENSALADA CON CARNICO;40;ENSALADA CARIBEÑA I;5;102010022;PIMIENTO ROJO;0.02;0.1;KG;0.1;KG
REGIMEN 3;ALMUERZO NORMAL 1;2026-10-03;ENSALADA CON CARNICO;40;ENSALADA CARIBEÑA I;5;102010029;ZANAHORIA;0.02;0.1;KG;0.1;KG
REGIMEN 3;ALMUERZO NORMAL 1;2026-10-03;ENSALADA CON CARNICO;40;ENSALADA CARIBEÑA I;5;10204037710;DURAZNO EN ALMIBAR COMPASS 822 GR;0.03;0.182;LAT;0.15;KG
REGIMEN 3;ALMUERZO NORMAL 1;2026-10-03;ENSALADA CON CARNICO;40;ENSALADA CARIBEÑA I;5;101050506;MANI TOSTADO PELADO TOÑA 1 KG;0.002;0.01;BOL;0.01;KG
REGIMEN 3;ALMUERZO NORMAL 1;2026-10-03;ENSALADA CON CARNICO;40;ENSALADA CARIBEÑA I;5;101100009;PASAS SECAS NEGRAS SAN JUAN MASIAS 1 KG;0.01;0.05;BOL;0.05;KG
REGIMEN 3;ALMUERZO NORMAL 1;2026-10-03;ENSALADA CON CARNICO;40;ENSALADA CARIBEÑA I;5;400001;PASTA WANTAN CONGELADA;0.005;0.025;KG;0.025;KG
REGIMEN 3;ALMUERZO NORMAL 1;2026-10-03;PLATO DE FONDO DIETA;1013;POLL - POLLO A LA JARDINERA;20;10101036994;ACEITE VEGETAL CIELO 5 LT;0.002;0.008;BID;0.04;LT
REGIMEN 3;ALMUERZO NORMAL 1;2026-10-03;PLATO DE FONDO DIETA;1013;POLL - POLLO A LA JARDINERA;20;103020027;POLLO SIN MENUDENCIA CONGELADO RANGO 1.428 - 1.611 KG (SAN FERNANDO);0.066;1.32;KG;1.32;KG
REGIMEN 3;ALMUERZO NORMAL 1;2026-10-03;PLATO DE FONDO DIETA;1013;POLL - POLLO A LA JARDINERA;20;103020026;PIERNA DE POLLO CON ENCUENTRO CONGELADO;0.217;4.34;KG;4.34;KG
REGIMEN 3;ALMUERZO NORMAL 1;2026-10-03;PLATO DE FONDO DIETA;1013;POLL - POLLO A LA JARDINERA;20;1020530572;COMINO MOLIDO 4 ESTACIONES 1 KG;0;0;BOL;0;KG
REGIMEN 3;ALMUERZO NORMAL 1;2026-10-03;PLATO DE FONDO DIETA;1013;POLL - POLLO A LA JARDINERA;20;1020530600;PIMIENTA NEGRA MOLIDA 4 ESTACIONES 1 KG;0.0001;0.001;BOL;0.001;KG
REGIMEN 3;ALMUERZO NORMAL 1;2026-10-03;PLATO DE FONDO DIETA;1013;POLL - POLLO A LA JARDINERA;20;1020222487;PRE ELABORADO RAM BASE AMARILLA 1 KG;0.02;0.4;BOL;0.4;KG
REGIMEN 3;ALMUERZO NORMAL 1;2026-10-03;PLATO DE FONDO DIETA;1013;POLL - POLLO A LA JARDINERA;20;10205037563;SAL DE COCINA SALINA 1 KG;0.002;0.04;BOL;0.04;KG
REGIMEN 3;ALMUERZO NORMAL 1;2026-10-03;PLATO DE FONDO DIETA;1013;POLL - POLLO A LA JARDINERA;20;102010022;PIMIENTO ROJO;0.01;0.2;KG;0.2;KG
REGIMEN 3;ALMUERZO NORMAL 1;2026-10-03;PLATO DE FONDO DIETA;1013;POLL - POLLO A LA JARDINERA;20;102010052;VAINITA FRESCA;0.015;0.3;KG;0.3;KG
REGIMEN 3;ALMUERZO NORMAL 1;2026-10-03;PLATO DE FONDO DIETA;1013;POLL - POLLO A LA JARDINERA;20;102010029;ZANAHORIA;0.01;0.2;KG;0.2;KG
REGIMEN 3;ALMUERZO NORMAL 1;2026-10-03;PLATO DE FONDO DIETA;1013;POLL - POLLO A LA JARDINERA;20;101070178;CALDO DE GALLINA KNORR SACHET 1.5 KG;0.0001;0.001;BOL;0.001;KG
REGIMEN 3;ALMUERZO NORMAL 1;2026-10-03;PLATO DE FONDO DIETA;1013;POLL - POLLO A LA JARDINERA;20;101100011;OREGANO ENTERO SAN JUAN MASIAS 1 KG;0.0001;0.002;BOL;0.002;KG
REGIMEN 3;ALMUERZO NORMAL 1;2026-10-03;PLATO DE FONDO DIETA;1013;POLL - POLLO A LA JARDINERA;20;33598;CAJA CHICA - AGUA PARA RECETA - CH;0.03;0.6;LT;0.6;LT
REGIMEN 3;ALMUERZO NORMAL 1;2026-10-03;PLATO DE FONDO DIETA;1013;POLL - POLLO A LA JARDINERA;20;10106040287;MAICENA DURYEA 500 GR;0.003;0.12;CAJ;0.06;KG
REGIMEN 3;ALMUERZO NORMAL 1;2026-10-03;PLATO DE FONDO DIETA;1013;POLL - POLLO A LA JARDINERA;20;1020530581;LAUREL 4 ESTACIONES 1 KG;0.0001;0.002;BOL;0.002;KG
REGIMEN 3;ALMUERZO NORMAL 1;2026-10-03;GUARNICION ARROZ;270;ARROZ BLANCO;469;10101036994;ACEITE VEGETAL CIELO 5 LT;0.006;0.563;BID;2.814;LT
REGIMEN 3;ALMUERZO NORMAL 1;2026-10-03;GUARNICION ARROZ;270;ARROZ BLANCO;469;10205037563;SAL DE COCINA SALINA 1 KG;0.003;1.407;BOL;1.407;KG
REGIMEN 3;ALMUERZO NORMAL 1;2026-10-03;GUARNICION ARROZ;270;ARROZ BLANCO;469;10202041457;PASTA DE AJO CONCENTRADA EMIC 1 KG;0.003;1.407;BOL;1.407;KG
REGIMEN 3;ALMUERZO NORMAL 1;2026-10-03;GUARNICION ARROZ;270;ARROZ BLANCO;469;10102041614;ARROZ COSTEÑO EXTRA HOJA REDONDA AÑEJO 50 KG;0.12;1.126;SCO;56.28;KG
REGIMEN 3;ALMUERZO NORMAL 1;2026-10-03;GUARNICION ARROZ;270;ARROZ BLANCO;469;33598;CAJA CHICA - AGUA PARA RECETA - CH;0.12;56.28;LT;56.28;LT
REGIMEN 3;ALMUERZO NORMAL 1;2026-10-03;GUARNICION 1;344;PAPA SANCOCHADA;510;10205037563;SAL DE COCINA SALINA 1 KG;0.002;1.02;BOL;1.02;KG
REGIMEN 3;ALMUERZO NORMAL 1;2026-10-03;GUARNICION 1;344;PAPA SANCOCHADA;510;102010018;PAPA BLANCA;0.12;61.2;KG;61.2;KG
REGIMEN 3;ALMUERZO NORMAL 1;2026-10-03;GUARNICION 2;1159;CHOCLO SANCOCHADO GUAR;510;1020530552;ANIS SECO 4 ESTACIONES 1 KG;0.0001;0.031;BOL;0.031;KG
REGIMEN 3;ALMUERZO NORMAL 1;2026-10-03;GUARNICION 2;1159;CHOCLO SANCOCHADO GUAR;510;1010425038;AZUCAR RUBIA;0.002;1.02;KG;1.02;KG
REGIMEN 3;ALMUERZO NORMAL 1;2026-10-03;GUARNICION 2;1159;CHOCLO SANCOCHADO GUAR;510;4030227693;ZUMO DE LIMON CONGELADO;0.001;0.51;KG;0.51;KG
REGIMEN 3;ALMUERZO NORMAL 1;2026-10-03;GUARNICION 2;1159;CHOCLO SANCOCHADO GUAR;510;102010008;CHOCLO BLANCO;0.08;40.8;KG;40.8;KG
REGIMEN 3;ALMUERZO NORMAL 1;2026-10-03;GUARNICION DIETA 1;937;VERDURAS COCIDAS;14;10101036994;ACEITE VEGETAL CIELO 5 LT;0.001;0.003;BID;0.014;LT
REGIMEN 3;ALMUERZO NORMAL 1;2026-10-03;GUARNICION DIETA 1;937;VERDURAS COCIDAS;14;50505037205;MARGARINA LA DANESA 220 GR;0.005;0.318;POT;0.07;KG
REGIMEN 3;ALMUERZO NORMAL 1;2026-10-03;GUARNICION DIETA 1;937;VERDURAS COCIDAS;14;1020530600;PIMIENTA NEGRA MOLIDA 4 ESTACIONES 1 KG;0.0001;0.002;BOL;0.002;KG
REGIMEN 3;ALMUERZO NORMAL 1;2026-10-03;GUARNICION DIETA 1;937;VERDURAS COCIDAS;14;10205037563;SAL DE COCINA SALINA 1 KG;0.002;0.028;BOL;0.028;KG
REGIMEN 3;ALMUERZO NORMAL 1;2026-10-03;GUARNICION DIETA 1;937;VERDURAS COCIDAS;14;103010001;ARVEJA GRANO PELADA CONGELADO;0.02;0.28;KG;0.28;KG
REGIMEN 3;ALMUERZO NORMAL 1;2026-10-03;GUARNICION DIETA 1;937;VERDURAS COCIDAS;14;102010052;VAINITA FRESCA;0.02;0.28;KG;0.28;KG
REGIMEN 3;ALMUERZO NORMAL 1;2026-10-03;GUARNICION DIETA 1;937;VERDURAS COCIDAS;14;102010029;ZANAHORIA;0.015;0.21;KG;0.21;KG
REGIMEN 3;ALMUERZO NORMAL 1;2026-10-03;GUARNICION DIETA 1;937;VERDURAS COCIDAS;14;102010018;PAPA BLANCA;0.1;1.4;KG;1.4;KG
REGIMEN 3;ALMUERZO NORMAL 1;2026-10-03;GUARNICION DIETA 1;937;VERDURAS COCIDAS;14;102010021;PEREJIL;0.002;0.028;KG;0.028;KG
REGIMEN 3;ALMUERZO NORMAL 1;2026-10-03;GUARNICION DIETA 1;937;VERDURAS COCIDAS;14;102010030;ZAPALLITO ITALIANO;0.025;0.35;KG;0.35;KG
REGIMEN 3;ALMUERZO NORMAL 1;2026-10-03;GUARNICION 5;1657;SALSA DE HUANCAINA;250;10205037563;SAL DE COCINA SALINA 1 KG;0.002;0.5;BOL;0.5;KG
REGIMEN 3;ALMUERZO NORMAL 1;2026-10-03;GUARNICION 5;1657;SALSA DE HUANCAINA;250;10101036994;ACEITE VEGETAL CIELO 5 LT;0.002;0.1;BID;0.5;LT
REGIMEN 3;ALMUERZO NORMAL 1;2026-10-03;GUARNICION 5;1657;SALSA DE HUANCAINA;250;10107039479;LECHE EVAPORADA (CONCENTRADA) LAIVE BOLSITARRO 800 ML;0.018;5.625;BOL;4.5;LT
REGIMEN 3;ALMUERZO NORMAL 1;2026-10-03;GUARNICION 5;1657;SALSA DE HUANCAINA;250;505060006;QUESO FRESCO BONLE MOLDE REFRIGERADO KG;0.01;2.5;KG;2.5;KG
REGIMEN 3;ALMUERZO NORMAL 1;2026-10-03;GUARNICION 5;1657;SALSA DE HUANCAINA;250;1020530600;PIMIENTA NEGRA MOLIDA 4 ESTACIONES 1 KG;0.0001;0.03;BOL;0.03;KG
REGIMEN 3;ALMUERZO NORMAL 1;2026-10-03;GUARNICION 5;1657;SALSA DE HUANCAINA;250;1020233295;PASTA DE AJI AMARILLO EMIC 1 KG;0.0055;1.375;BOL;1.375;KG
REGIMEN 3;ALMUERZO NORMAL 1;2026-10-03;GUARNICION 5;1657;SALSA DE HUANCAINA;250;1020331090;GALLETA SALADA SODA SAN JORGE 40 GR;0.01;2.5;PQT;2.5;UND
REGIMEN 3;ALMUERZO NORMAL 1;2026-10-03;GUARNICION 6;1656;SALSA DE OCOPA;250;10205037563;SAL DE COCINA SALINA 1 KG;0.002;0.5;BOL;0.5;KG
REGIMEN 3;ALMUERZO NORMAL 1;2026-10-03;GUARNICION 6;1656;SALSA DE OCOPA;250;10101036994;ACEITE VEGETAL CIELO 5 LT;0.004;0.2;BID;1;LT
REGIMEN 3;ALMUERZO NORMAL 1;2026-10-03;GUARNICION 6;1656;SALSA DE OCOPA;250;10107039479;LECHE EVAPORADA (CONCENTRADA) LAIVE BOLSITARRO 800 ML;0.01;3.125;BOL;2.5;LT
REGIMEN 3;ALMUERZO NORMAL 1;2026-10-03;GUARNICION 6;1656;SALSA DE OCOPA;250;505060006;QUESO FRESCO BONLE MOLDE REFRIGERADO KG;0.01;2.5;KG;2.5;KG
REGIMEN 3;ALMUERZO NORMAL 1;2026-10-03;GUARNICION 6;1656;SALSA DE OCOPA;250;102010041;AJI AMARILLO X KG;0.01;2.5;KG;2.5;KG
REGIMEN 3;ALMUERZO NORMAL 1;2026-10-03;GUARNICION 6;1656;SALSA DE OCOPA;250;102010006;CEBOLLA ROJA;0.01;2.5;KG;2.5;KG
REGIMEN 3;ALMUERZO NORMAL 1;2026-10-03;GUARNICION 6;1656;SALSA DE OCOPA;250;102010036;HUACATAY;0.015;3.75;KG;3.75;KG
REGIMEN 3;ALMUERZO NORMAL 1;2026-10-03;GUARNICION 6;1656;SALSA DE OCOPA;250;70046;LECHUGA AMERICANA;0.015;3.75;KG;3.75;KG
REGIMEN 3;ALMUERZO NORMAL 1;2026-10-03;GUARNICION 6;1656;SALSA DE OCOPA;250;101050506;MANI TOSTADO PELADO TOÑA 1 KG;0.002;0.5;BOL;0.5;KG
REGIMEN 3;ALMUERZO NORMAL 1;2026-10-03;GUARNICION 6;1656;SALSA DE OCOPA;250;1020331090;GALLETA SALADA SODA SAN JORGE 40 GR;0.01;2.5;PQT;2.5;UND
REGIMEN 3;ALMUERZO NORMAL 1;2026-10-03;COM SALAD BAR 1;1071;SALAD BAR VI;400;102010051;BETERRAGA FRESCA;0.03;12;KG;12;KG
REGIMEN 3;ALMUERZO NORMAL 1;2026-10-03;COM SALAD BAR 1;1071;SALAD BAR VI;400;102010020;PEPINILLO;0.04;16;KG;16;KG
REGIMEN 3;ALMUERZO NORMAL 1;2026-10-03;COM SALAD BAR 1;1071;SALAD BAR VI;400;102010027;TOMATE;0.05;20;KG;20;KG
REGIMEN 3;ALMUERZO NORMAL 1;2026-10-03;ISLA 1;719;LIMON;520;102020001;LIMON VERDE EXTRA;0.015;7.8;KG;7.8;KG
REGIMEN 3;ALMUERZO NORMAL 1;2026-10-03;ISLA 2;4323;AJI - ROCOTO PICADO;198;1020530600;PIMIENTA NEGRA MOLIDA 4 ESTACIONES 1 KG;0.0001;0.02;BOL;0.02;KG
REGIMEN 3;ALMUERZO NORMAL 1;2026-10-03;ISLA 2;4323;AJI - ROCOTO PICADO;198;4030227693;ZUMO DE LIMON CONGELADO;0.002;0.396;KG;0.396;KG
REGIMEN 3;ALMUERZO NORMAL 1;2026-10-03;ISLA 2;4323;AJI - ROCOTO PICADO;198;10205037563;SAL DE COCINA SALINA 1 KG;0.001;0.198;BOL;0.198;KG
REGIMEN 3;ALMUERZO NORMAL 1;2026-10-03;ISLA 2;4323;AJI - ROCOTO PICADO;198;102010034;ROCOTO;0.01;1.98;KG;1.98;KG
REGIMEN 3;ALMUERZO NORMAL 1;2026-10-03;ISLA 2;4323;AJI - ROCOTO PICADO;198;10101036994;ACEITE VEGETAL CIELO 5 LT;0.003;0.119;BID;0.594;LT
REGIMEN 3;ALMUERZO NORMAL 1;2026-10-03;ISLA 4;1096;SALSA VINAGRETA;79;101100011;OREGANO ENTERO SAN JUAN MASIAS 1 KG;0.0001;0.009;BOL;0.009;KG
REGIMEN 3;ALMUERZO NORMAL 1;2026-10-03;ISLA 4;1096;SALSA VINAGRETA;79;1020530600;PIMIENTA NEGRA MOLIDA 4 ESTACIONES 1 KG;0.0001;0.009;BOL;0.009;KG
REGIMEN 3;ALMUERZO NORMAL 1;2026-10-03;ISLA 4;1096;SALSA VINAGRETA;79;10205037563;SAL DE COCINA SALINA 1 KG;0.002;0.158;BOL;0.158;KG
REGIMEN 3;ALMUERZO NORMAL 1;2026-10-03;ISLA 4;1096;SALSA VINAGRETA;79;101050446;MAYONESA ALACENA 4 LT;0.0067;0.132;BLD;0.529;KG
REGIMEN 3;ALMUERZO NORMAL 1;2026-10-03;ISLA 4;1096;SALSA VINAGRETA;79;101050455;MOSTAZA TRESA 4 KG;0.002;0.04;BLD;0.158;KG
REGIMEN 3;ALMUERZO NORMAL 1;2026-10-03;ISLA 4;1096;SALSA VINAGRETA;79;101050456;VINAGRE BLANCO TRESA 4 LT;0.004;0.079;GLN;0.316;LT
REGIMEN 3;ALMUERZO NORMAL 1;2026-10-03;ISLA 4;1096;SALSA VINAGRETA;79;33598;CAJA CHICA - AGUA PARA RECETA - CH;0.0033;0.261;LT;0.261;LT
REGIMEN 3;ALMUERZO NORMAL 1;2026-10-03;FRUTA 1;1151;PERA;260;102020015;PERA PACKHAMS IMPORTADA;0.14;36.4;KG;36.4;KG
REGIMEN 3;ALMUERZO NORMAL 1;2026-10-03;POSTRE NORMAL 1;725;MAZAMORRA DE COCHINO;156;1020530557;CANELA ENTERA 4 ESTACIONES 1 KG;0.0001;0.019;BOL;0.019;KG
REGIMEN 3;ALMUERZO NORMAL 1;2026-10-03;POSTRE NORMAL 1;725;MAZAMORRA DE COCHINO;156;1020530564;CLAVO DE OLOR ENTERO 4 ESTACIONES 1 KG;0.0001;0.009;BOL;0.009;KG
REGIMEN 3;ALMUERZO NORMAL 1;2026-10-03;POSTRE NORMAL 1;725;MAZAMORRA DE COCHINO;156;1020530570;COCO RALLADO 4 ESTACIONES 1 KG;0.003;0.468;BOL;0.468;KG
REGIMEN 3;ALMUERZO NORMAL 1;2026-10-03;POSTRE NORMAL 1;725;MAZAMORRA DE COCHINO;156;101060562;ESCENCIA DE VAINILLA NEGRITA 1 LT PET;0.0001;0.009;BOT;0.009;LT
REGIMEN 3;ALMUERZO NORMAL 1;2026-10-03;POSTRE NORMAL 1;725;MAZAMORRA DE COCHINO;156;1010425038;AZUCAR RUBIA;0.0072;1.123;KG;1.123;KG
REGIMEN 3;ALMUERZO NORMAL 1;2026-10-03;POSTRE NORMAL 1;725;MAZAMORRA DE COCHINO;156;1020627175;PANELA GRANULADA 1KG;0.0278;4.337;KG;4.337;KG
REGIMEN 3;ALMUERZO NORMAL 1;2026-10-03;POSTRE NORMAL 1;725;MAZAMORRA DE COCHINO;156;102020012;NARANJA PARA JUGO;0.002;0.312;KG;0.312;KG
REGIMEN 3;ALMUERZO NORMAL 1;2026-10-03;POSTRE NORMAL 1;725;MAZAMORRA DE COCHINO;156;10107039479;LECHE EVAPORADA (CONCENTRADA) LAIVE BOLSITARRO 800 ML;0.025;4.875;BOL;3.9;LT
REGIMEN 3;ALMUERZO NORMAL 1;2026-10-03;POSTRE NORMAL 1;725;MAZAMORRA DE COCHINO;156;10106037527;HARINA ESPECIAL DEL CIELO GRANEL SACO 50 KG;0.008;0.025;SCO;1.248;KG
REGIMEN 3;ALMUERZO NORMAL 1;2026-10-03;POSTRE NORMAL 1;725;MAZAMORRA DE COCHINO;156;101100009;PASAS SECAS NEGRAS SAN JUAN MASIAS 1 KG;0.003;0.468;BOL;0.468;KG
REGIMEN 3;ALMUERZO NORMAL 1;2026-10-03;POSTRE NORMAL 1;725;MAZAMORRA DE COCHINO;156;33598;CAJA CHICA - AGUA PARA RECETA - CH;0.1;15.6;LT;15.6;LT
REGIMEN 3;ALMUERZO NORMAL 1;2026-10-03;POSTRE NORMAL 2;614;GELATINA ARCO IRIS;104;10208043200;GELATINA SABOR FRESA MACROFOOD 1KG;0.0042;0.433;BOL;0.433;KG
REGIMEN 3;ALMUERZO NORMAL 1;2026-10-03;POSTRE NORMAL 2;614;GELATINA ARCO IRIS;104;10208043258;GELATINA SABOR PIÑA MACROFOOD 1KG;0.0042;0.433;BOL;0.433;KG
REGIMEN 3;ALMUERZO NORMAL 1;2026-10-03;POSTRE NORMAL 2;614;GELATINA ARCO IRIS;104;33598;CAJA CHICA - AGUA PARA RECETA - CH;0.1;10.4;LT;10.4;LT
REGIMEN 3;ALMUERZO NORMAL 1;2026-10-03;BEBIDA FRIA 1;3246;REFRESCO LIMONADA CON HIERBA LUISA;884;1010425038;AZUCAR RUBIA;0.015;13.26;KG;13.26;KG
REGIMEN 3;ALMUERZO NORMAL 1;2026-10-03;BEBIDA FRIA 1;3246;REFRESCO LIMONADA CON HIERBA LUISA;884;33598;CAJA CHICA - AGUA PARA RECETA - CH;0.22;194.48;LT;194.48;LT
REGIMEN 3;ALMUERZO NORMAL 1;2026-10-03;BEBIDA FRIA 1;3246;REFRESCO LIMONADA CON HIERBA LUISA;884;4030227693;ZUMO DE LIMON CONGELADO;0.0071;6.276;KG;6.276;KG
REGIMEN 3;ALMUERZO NORMAL 1;2026-10-03;BEBIDA FRIA 1;3246;REFRESCO LIMONADA CON HIERBA LUISA;884;1020132345;INFUSION HIERBA LUISA 4 ESTACIONES 50 GRM;0.001;17.68;BOL;0.884;KG
REGIMEN 3;ALMUERZO NORMAL 1;2026-10-04;ENTRADA CALIENTE 1;1382;EMPANADA DE QUESO;240;1010133635;MANTECA VEGETAL DEL CAMPO 10 KG;0.003;0.072;CAJ;0.72;KG
REGIMEN 3;ALMUERZO NORMAL 1;2026-10-04;ENTRADA CALIENTE 1;1382;EMPANADA DE QUESO;240;50505037205;MARGARINA LA DANESA 220 GR;0.013;14.182;POT;3.12;KG
REGIMEN 3;ALMUERZO NORMAL 1;2026-10-04;ENTRADA CALIENTE 1;1382;EMPANADA DE QUESO;240;10107039479;LECHE EVAPORADA (CONCENTRADA) LAIVE BOLSITARRO 800 ML;0.01;3;BOL;2.4;LT
REGIMEN 3;ALMUERZO NORMAL 1;2026-10-04;ENTRADA CALIENTE 1;1382;EMPANADA DE QUESO;240;102030081;QUESO EDAM EN TAJADAS X 500 GR CONGELADO;0.01;4.8;PQT;2.4;KG
REGIMEN 3;ALMUERZO NORMAL 1;2026-10-04;ENTRADA CALIENTE 1;1382;EMPANADA DE QUESO;240;102030008;QUESO MOZARELLA REFRIGERADO;0.01;2.4;KG;2.4;KG
REGIMEN 3;ALMUERZO NORMAL 1;2026-10-04;ENTRADA CALIENTE 1;1382;EMPANADA DE QUESO;240;5040231670;HUEVO LIQUIDO CONGELADO 2 KG;0.03;3.6;PQT;7.2;KG
REGIMEN 3;ALMUERZO NORMAL 1;2026-10-04;ENTRADA CALIENTE 1;1382;EMPANADA DE QUESO;240;101100011;OREGANO ENTERO SAN JUAN MASIAS 1 KG;0.0001;0.029;BOL;0.029;KG
REGIMEN 3;ALMUERZO NORMAL 1;2026-10-04;ENTRADA CALIENTE 1;1382;EMPANADA DE QUESO;240;10205037563;SAL DE COCINA SALINA 1 KG;0.002;0.48;BOL;0.48;KG
REGIMEN 3;ALMUERZO NORMAL 1;2026-10-04;ENTRADA CALIENTE 1;1382;EMPANADA DE QUESO;240;101050446;MAYONESA ALACENA 4 LT;0.001;0.06;BLD;0.24;KG
REGIMEN 3;ALMUERZO NORMAL 1;2026-10-04;ENTRADA CALIENTE 1;1382;EMPANADA DE QUESO;240;1010425038;AZUCAR RUBIA;0.01;2.4;KG;2.4;KG
REGIMEN 3;ALMUERZO NORMAL 1;2026-10-04;ENTRADA CALIENTE 1;1382;EMPANADA DE QUESO;240;10106037527;HARINA ESPECIAL DEL CIELO GRANEL SACO 50 KG;0.025;0.12;SCO;6;KG
REGIMEN 3;ALMUERZO NORMAL 1;2026-10-04;ENTRADA CALIENTE 1;1382;EMPANADA DE QUESO;240;33598;CAJA CHICA - AGUA PARA RECETA - CH;0.0107;2.556;LT;2.556;LT
REGIMEN 3;ALMUERZO NORMAL 1;2026-10-04;SOPA NORMAL 1;168;SOPA DE QUINUA CON POLLO;210;10101036994;ACEITE VEGETAL CIELO 5 LT;0.001;0.042;BID;0.21;LT
REGIMEN 3;ALMUERZO NORMAL 1;2026-10-04;SOPA NORMAL 1;168;SOPA DE QUINUA CON POLLO;210;103020026;PIERNA DE POLLO CON ENCUENTRO CONGELADO;0.075;15.75;KG;15.75;KG
REGIMEN 3;ALMUERZO NORMAL 1;2026-10-04;SOPA NORMAL 1;168;SOPA DE QUINUA CON POLLO;210;101100011;OREGANO ENTERO SAN JUAN MASIAS 1 KG;0.0001;0.025;BOL;0.025;KG
REGIMEN 3;ALMUERZO NORMAL 1;2026-10-04;SOPA NORMAL 1;168;SOPA DE QUINUA CON POLLO;210;10205037563;SAL DE COCINA SALINA 1 KG;0.002;0.42;BOL;0.42;KG
REGIMEN 3;ALMUERZO NORMAL 1;2026-10-04;SOPA NORMAL 1;168;SOPA DE QUINUA CON POLLO;210;1020233296;PASTA DE AJI PANCA EMIC 1 KG;0.001;0.21;BOL;0.21;KG
REGIMEN 3;ALMUERZO NORMAL 1;2026-10-04;SOPA NORMAL 1;168;SOPA DE QUINUA CON POLLO;210;10202041457;PASTA DE AJO CONCENTRADA EMIC 1 KG;0.001;0.21;BOL;0.21;KG
REGIMEN 3;ALMUERZO NORMAL 1;2026-10-04;SOPA NORMAL 1;168;SOPA DE QUINUA CON POLLO;210;4030232902;MIX DE SOPA COMPLETO CONGELADO - KGM;0.044;9.24;KG;9.24;KG
REGIMEN 3;ALMUERZO NORMAL 1;2026-10-04;SOPA NORMAL 1;168;SOPA DE QUINUA CON POLLO;210;101020025;HIERBA BUENA;0.001;0.21;KG;0.21;KG
REGIMEN 3;ALMUERZO NORMAL 1;2026-10-04;SOPA NORMAL 1;168;SOPA DE QUINUA CON POLLO;210;33598;CAJA CHICA - AGUA PARA RECETA - CH;0.3;63;LT;63;LT
REGIMEN 3;ALMUERZO NORMAL 1;2026-10-04;SOPA NORMAL 1;168;SOPA DE QUINUA CON POLLO;210;102010010;CULANTRO;0.003;0.63;KG;0.63;KG
REGIMEN 3;ALMUERZO NORMAL 1;2026-10-04;SOPA NORMAL 1;168;SOPA DE QUINUA CON POLLO;210;102010021;PEREJIL;0.001;0.21;KG;0.21;KG
REGIMEN 3;ALMUERZO NORMAL 1;2026-10-04;SOPA NORMAL 1;168;SOPA DE QUINUA CON POLLO;210;102010006;CEBOLLA ROJA;0.01;2.1;KG;2.1;KG
REGIMEN 3;ALMUERZO NORMAL 1;2026-10-04;SOPA NORMAL 1;168;SOPA DE QUINUA CON POLLO;210;5030224265;ZAPALLO MACRE EN CUBO LIBER 1.5 X 1.5 CM CONGELADO;0.005;1.05;KG;1.05;KG
REGIMEN 3;ALMUERZO NORMAL 1;2026-10-04;SOPA NORMAL 1;168;SOPA DE QUINUA CON POLLO;210;102010018;PAPA BLANCA;0.03;6.3;KG;6.3;KG
REGIMEN 3;ALMUERZO NORMAL 1;2026-10-04;SOPA NORMAL 1;168;SOPA DE QUINUA CON POLLO;210;1010827499;QUINUA KOMILON 5 KG;0.025;1.05;BOL;5.25;KG
REGIMEN 3;ALMUERZO NORMAL 1;2026-10-04;SOPA NORMAL 1;168;SOPA DE QUINUA CON POLLO;210;101070178;CALDO DE GALLINA KNORR SACHET 1.5 KG;0.002;0.28;BOL;0.42;KG
REGIMEN 3;ALMUERZO NORMAL 1;2026-10-04;SOPA DIETA;1164;SOPA DIETA DE POLLO;10;103020026;PIERNA DE POLLO CON ENCUENTRO CONGELADO;0.075;0.75;KG;0.75;KG
REGIMEN 3;ALMUERZO NORMAL 1;2026-10-04;SOPA DIETA;1164;SOPA DIETA DE POLLO;10;101100011;OREGANO ENTERO SAN JUAN MASIAS 1 KG;0.0001;0.001;BOL;0.001;KG
REGIMEN 3;ALMUERZO NORMAL 1;2026-10-04;SOPA DIETA;1164;SOPA DIETA DE POLLO;10;10205037563;SAL DE COCINA SALINA 1 KG;0.002;0.02;BOL;0.02;KG
REGIMEN 3;ALMUERZO NORMAL 1;2026-10-04;SOPA DIETA;1164;SOPA DIETA DE POLLO;10;4030232902;MIX DE SOPA COMPLETO CONGELADO - KGM;0.044;0.44;KG;0.44;KG
REGIMEN 3;ALMUERZO NORMAL 1;2026-10-04;SOPA DIETA;1164;SOPA DIETA DE POLLO;10;102010018;PAPA BLANCA;0.03;0.3;KG;0.3;KG
REGIMEN 3;ALMUERZO NORMAL 1;2026-10-04;SOPA DIETA;1164;SOPA DIETA DE POLLO;10;102010021;PEREJIL;0.001;0.01;KG;0.01;KG
REGIMEN 3;ALMUERZO NORMAL 1;2026-10-04;SOPA DIETA;1164;SOPA DIETA DE POLLO;10;101020268;FIDEO CABELLO DE ANGEL LAVAGGI 250 GR;0.02;0.8;PQT;0.2;KG
REGIMEN 3;ALMUERZO NORMAL 1;2026-10-04;SOPA DIETA;1164;SOPA DIETA DE POLLO;10;33598;CAJA CHICA - AGUA PARA RECETA - CH;0.25;2.5;LT;2.5;LT
REGIMEN 3;ALMUERZO NORMAL 1;2026-10-04;PLATO DE FONDO NORMAL 1;2129;CORD - PACHAMANCA DE CORDERO;80;10101036994;ACEITE VEGETAL CIELO 5 LT;0.005;0.08;BID;0.4;LT
REGIMEN 3;ALMUERZO NORMAL 1;2026-10-04;PLATO DE FONDO NORMAL 1;2129;CORD - PACHAMANCA DE CORDERO;80;4010127698;CORDERO DESHUESADO CONGELADO - KGM;0.16;12.8;KG;12.8;KG
REGIMEN 3;ALMUERZO NORMAL 1;2026-10-04;PLATO DE FONDO NORMAL 1;2129;CORD - PACHAMANCA DE CORDERO;80;1020530572;COMINO MOLIDO 4 ESTACIONES 1 KG;0;0.002;BOL;0.002;KG
REGIMEN 3;ALMUERZO NORMAL 1;2026-10-04;PLATO DE FONDO NORMAL 1;2129;CORD - PACHAMANCA DE CORDERO;80;1020530600;PIMIENTA NEGRA MOLIDA 4 ESTACIONES 1 KG;0.0001;0.005;BOL;0.005;KG
REGIMEN 3;ALMUERZO NORMAL 1;2026-10-04;PLATO DE FONDO NORMAL 1;2129;CORD - PACHAMANCA DE CORDERO;80;1020233296;PASTA DE AJI PANCA EMIC 1 KG;0.003;0.24;BOL;0.24;KG
REGIMEN 3;ALMUERZO NORMAL 1;2026-10-04;PLATO DE FONDO NORMAL 1;2129;CORD - PACHAMANCA DE CORDERO;80;10205037563;SAL DE COCINA SALINA 1 KG;0.003;0.24;BOL;0.24;KG
REGIMEN 3;ALMUERZO NORMAL 1;2026-10-04;PLATO DE FONDO NORMAL 1;2129;CORD - PACHAMANCA DE CORDERO;80;102010114;CHINCHO;0.01;0.8;KG;0.8;KG
REGIMEN 3;ALMUERZO NORMAL 1;2026-10-04;PLATO DE FONDO NORMAL 1;2129;CORD - PACHAMANCA DE CORDERO;80;102010036;HUACATAY;0.01;0.8;KG;0.8;KG
REGIMEN 3;ALMUERZO NORMAL 1;2026-10-04;PLATO DE FONDO NORMAL 1;2129;CORD - PACHAMANCA DE CORDERO;80;10106040287;MAICENA DURYEA 500 GR;0.003;0.48;CAJ;0.24;KG
REGIMEN 3;ALMUERZO NORMAL 1;2026-10-04;PLATO DE FONDO NORMAL 1;2129;CORD - PACHAMANCA DE CORDERO;80;33598;CAJA CHICA - AGUA PARA RECETA - CH;0.03;2.4;LT;2.4;LT
REGIMEN 3;ALMUERZO NORMAL 1;2026-10-04;PLATO DE FONDO NORMAL 1;2129;CORD - PACHAMANCA DE CORDERO;80;101050457;VINAGRE TINTO TRESA 4 LT;0.003;0.06;GLN;0.24;LT
REGIMEN 3;ALMUERZO NORMAL 1;2026-10-04;PLATO DE FONDO NORMAL 2;4240;POLL - POLLADA ANDINA;150;1020530600;PIMIENTA NEGRA MOLIDA 4 ESTACIONES 1 KG;0.0001;0.018;BOL;0.018;KG
REGIMEN 3;ALMUERZO NORMAL 1;2026-10-04;PLATO DE FONDO NORMAL 2;4240;POLL - POLLADA ANDINA;150;103020026;PIERNA DE POLLO CON ENCUENTRO CONGELADO;0.217;32.55;KG;32.55;KG
REGIMEN 3;ALMUERZO NORMAL 1;2026-10-04;PLATO DE FONDO NORMAL 2;4240;POLL - POLLADA ANDINA;150;103020027;POLLO SIN MENUDENCIA CONGELADO RANGO 1.428 - 1.611 KG (SAN FERNANDO);0.066;9.9;KG;9.9;KG
REGIMEN 3;ALMUERZO NORMAL 1;2026-10-04;PLATO DE FONDO NORMAL 2;4240;POLL - POLLADA ANDINA;150;10205037563;SAL DE COCINA SALINA 1 KG;0.003;0.45;BOL;0.45;KG
REGIMEN 3;ALMUERZO NORMAL 1;2026-10-04;PLATO DE FONDO NORMAL 2;4240;POLL - POLLADA ANDINA;150;101050456;VINAGRE BLANCO TRESA 4 LT;0.001;0.038;GLN;0.15;LT
REGIMEN 3;ALMUERZO NORMAL 1;2026-10-04;PLATO DE FONDO NORMAL 2;4240;POLL - POLLADA ANDINA;150;101050457;VINAGRE TINTO TRESA 4 LT;0.003;0.112;GLN;0.45;LT
REGIMEN 3;ALMUERZO NORMAL 1;2026-10-04;PLATO DE FONDO NORMAL 2;4240;POLL - POLLADA ANDINA;150;33598;CAJA CHICA - AGUA PARA RECETA - CH;0.005;0.75;LT;0.75;LT
REGIMEN 3;ALMUERZO NORMAL 1;2026-10-04;PLATO DE FONDO NORMAL 2;4240;POLL - POLLADA ANDINA;150;10101036994;ACEITE VEGETAL CIELO 5 LT;0.01;0.3;BID;1.5;LT
REGIMEN 3;ALMUERZO NORMAL 1;2026-10-04;PLATO DE FONDO NORMAL 2;4240;POLL - POLLADA ANDINA;150;1020233296;PASTA DE AJI PANCA EMIC 1 KG;0.003;0.45;BOL;0.45;KG
REGIMEN 3;ALMUERZO NORMAL 1;2026-10-04;PLATO DE FONDO NORMAL 2;4240;POLL - POLLADA ANDINA;150;10202041457;PASTA DE AJO CONCENTRADA EMIC 1 KG;0.003;0.45;BOL;0.45;KG
REGIMEN 3;ALMUERZO NORMAL 1;2026-10-04;PLATO DE FONDO NORMAL 2;4240;POLL - POLLADA ANDINA;150;1020530572;COMINO MOLIDO 4 ESTACIONES 1 KG;0.0001;0.009;BOL;0.009;KG
REGIMEN 3;ALMUERZO NORMAL 1;2026-10-04;ENSALADA CON CARNICO;4041;ENSALADA DE ATUN FEST;5;10101036994;ACEITE VEGETAL CIELO 5 LT;0.002;0.002;BID;0.01;LT
REGIMEN 3;ALMUERZO NORMAL 1;2026-10-04;ENSALADA CON CARNICO;4041;ENSALADA DE ATUN FEST;5;5060130729;ACEITUNA NEGRA RODAJA;0.015;0.075;KG;0.075;KG
REGIMEN 3;ALMUERZO NORMAL 1;2026-10-04;ENSALADA CON CARNICO;4041;ENSALADA DE ATUN FEST;5;33598;CAJA CHICA - AGUA PARA RECETA - CH;0.0033;0.016;LT;0.016;LT
REGIMEN 3;ALMUERZO NORMAL 1;2026-10-04;ENSALADA CON CARNICO;4041;ENSALADA DE ATUN FEST;5;101010194;ATUN TROZOS GLORIA 170 GR;0.09;2.647;LAT;0.45;KG
REGIMEN 3;ALMUERZO NORMAL 1;2026-10-04;ENSALADA CON CARNICO;4041;ENSALADA DE ATUN FEST;5;102010006;CEBOLLA ROJA;0.01;0.05;KG;0.05;KG
REGIMEN 3;ALMUERZO NORMAL 1;2026-10-04;ENSALADA CON CARNICO;4041;ENSALADA DE ATUN FEST;5;102010054;ESPINACA FRESCA;0.02;0.1;KG;0.1;KG
REGIMEN 3;ALMUERZO NORMAL 1;2026-10-04;ENSALADA CON CARNICO;4041;ENSALADA DE ATUN FEST;5;50402042247;HUEVO ROJO (CAJA 11.5 KG);0.03;0.013;CAJ;0.15;KG
REGIMEN 3;ALMUERZO NORMAL 1;2026-10-04;ENSALADA CON CARNICO;4041;ENSALADA DE ATUN FEST;5;70046;LECHUGA AMERICANA;0.03;0.15;KG;0.15;KG
REGIMEN 3;ALMUERZO NORMAL 1;2026-10-04;ENSALADA CON CARNICO;4041;ENSALADA DE ATUN FEST;5;101050446;MAYONESA ALACENA 4 LT;0.01;0.012;BLD;0.05;KG
REGIMEN 3;ALMUERZO NORMAL 1;2026-10-04;ENSALADA CON CARNICO;4041;ENSALADA DE ATUN FEST;5;1020530600;PIMIENTA NEGRA MOLIDA 4 ESTACIONES 1 KG;0.0001;0;BOL;0;KG
REGIMEN 3;ALMUERZO NORMAL 1;2026-10-04;ENSALADA CON CARNICO;4041;ENSALADA DE ATUN FEST;5;505060006;QUESO FRESCO BONLE MOLDE REFRIGERADO KG;0.04;0.2;KG;0.2;KG
REGIMEN 3;ALMUERZO NORMAL 1;2026-10-04;ENSALADA CON CARNICO;4041;ENSALADA DE ATUN FEST;5;10205037563;SAL DE COCINA SALINA 1 KG;0.002;0.01;BOL;0.01;KG
REGIMEN 3;ALMUERZO NORMAL 1;2026-10-04;ENSALADA CON CARNICO;4041;ENSALADA DE ATUN FEST;5;102010027;TOMATE;0.04;0.2;KG;0.2;KG
REGIMEN 3;ALMUERZO NORMAL 1;2026-10-04;ENSALADA CON CARNICO;4041;ENSALADA DE ATUN FEST;5;101050456;VINAGRE BLANCO TRESA 4 LT;0.003;0.004;GLN;0.015;LT
REGIMEN 3;ALMUERZO NORMAL 1;2026-10-04;PLATO DE FONDO DIETA;4193;POLL - GUISO DE CALABAZA CON POLLO;5;103020027;POLLO SIN MENUDENCIA CONGELADO RANGO 1.428 - 1.611 KG (SAN FERNANDO);0.066;0.33;KG;0.33;KG
REGIMEN 3;ALMUERZO NORMAL 1;2026-10-04;PLATO DE FONDO DIETA;4193;POLL - GUISO DE CALABAZA CON POLLO;5;103020026;PIERNA DE POLLO CON ENCUENTRO CONGELADO;0.217;1.085;KG;1.085;KG
REGIMEN 3;ALMUERZO NORMAL 1;2026-10-04;PLATO DE FONDO DIETA;4193;POLL - GUISO DE CALABAZA CON POLLO;5;102010101;CALABAZA;0.06;0.3;KG;0.3;KG
REGIMEN 3;ALMUERZO NORMAL 1;2026-10-04;PLATO DE FONDO DIETA;4193;POLL - GUISO DE CALABAZA CON POLLO;5;103010025;HABAS VERDES PELADAS  CONGELADA;0.01;0.05;KG;0.05;KG
REGIMEN 3;ALMUERZO NORMAL 1;2026-10-04;PLATO DE FONDO DIETA;4193;POLL - GUISO DE CALABAZA CON POLLO;5;103010005;CHOCLO DESGRANADO CONGELADO;0.01;0.05;KG;0.05;KG
REGIMEN 3;ALMUERZO NORMAL 1;2026-10-04;PLATO DE FONDO DIETA;4193;POLL - GUISO DE CALABAZA CON POLLO;5;10107039479;LECHE EVAPORADA (CONCENTRADA) LAIVE BOLSITARRO 800 ML;0.01;0.062;BOL;0.05;LT
REGIMEN 3;ALMUERZO NORMAL 1;2026-10-04;PLATO DE FONDO DIETA;4193;POLL - GUISO DE CALABAZA CON POLLO;5;1020233295;PASTA DE AJI AMARILLO EMIC 1 KG;0.003;0.015;BOL;0.015;KG
REGIMEN 3;ALMUERZO NORMAL 1;2026-10-04;PLATO DE FONDO DIETA;4193;POLL - GUISO DE CALABAZA CON POLLO;5;1020233296;PASTA DE AJI PANCA EMIC 1 KG;0.002;0.01;BOL;0.01;KG
REGIMEN 3;ALMUERZO NORMAL 1;2026-10-04;PLATO DE FONDO DIETA;4193;POLL - GUISO DE CALABAZA CON POLLO;5;10202041457;PASTA DE AJO CONCENTRADA EMIC 1 KG;0.002;0.01;BOL;0.01;KG
REGIMEN 3;ALMUERZO NORMAL 1;2026-10-04;PLATO DE FONDO DIETA;4193;POLL - GUISO DE CALABAZA CON POLLO;5;102010006;CEBOLLA ROJA;0.01;0.05;KG;0.05;KG
REGIMEN 3;ALMUERZO NORMAL 1;2026-10-04;PLATO DE FONDO DIETA;4193;POLL - GUISO DE CALABAZA CON POLLO;5;10101036994;ACEITE VEGETAL CIELO 5 LT;0.003;0.003;BID;0.015;LT
REGIMEN 3;ALMUERZO NORMAL 1;2026-10-04;PLATO DE FONDO DIETA;4193;POLL - GUISO DE CALABAZA CON POLLO;5;505060006;QUESO FRESCO BONLE MOLDE REFRIGERADO KG;0.005;0.025;KG;0.025;KG
REGIMEN 3;ALMUERZO NORMAL 1;2026-10-04;PLATO DE FONDO DIETA;4193;POLL - GUISO DE CALABAZA CON POLLO;5;102010036;HUACATAY;0.003;0.015;KG;0.015;KG
REGIMEN 3;ALMUERZO NORMAL 1;2026-10-04;PLATO DE FONDO DIETA;4193;POLL - GUISO DE CALABAZA CON POLLO;5;102010018;PAPA BLANCA;0.12;0.6;KG;0.6;KG
REGIMEN 3;ALMUERZO NORMAL 1;2026-10-04;PLATO DE FONDO DIETA;4193;POLL - GUISO DE CALABAZA CON POLLO;5;10205037563;SAL DE COCINA SALINA 1 KG;0.001;0.005;BOL;0.005;KG
REGIMEN 3;ALMUERZO NORMAL 1;2026-10-04;PLATO DE FONDO DIETA;4193;POLL - GUISO DE CALABAZA CON POLLO;5;33598;CAJA CHICA - AGUA PARA RECETA - CH;0.027;0.135;LT;0.135;LT
REGIMEN 3;ALMUERZO NORMAL 1;2026-10-04;PLATO DE FONDO DIETA;4193;POLL - GUISO DE CALABAZA CON POLLO;5;10206037587;PREMEZCLA INVENTIS PAN CIABATTA 10 KG;0.0015;0.001;BOL;0.008;KG
REGIMEN 3;ALMUERZO NORMAL 1;2026-10-04;PLATO DE FONDO DIETA;4193;POLL - GUISO DE CALABAZA CON POLLO;5;10106037527;HARINA ESPECIAL DEL CIELO GRANEL SACO 50 KG;0.0125;0.001;SCO;0.062;KG
REGIMEN 3;ALMUERZO NORMAL 1;2026-10-04;PLATO DE FONDO DIETA;4193;POLL - GUISO DE CALABAZA CON POLLO;5;101060031;LEVADURA INSTANTANEA LEVAPAN 500 GR;0.0002;0.001;BOL;0.001;KG
REGIMEN 3;ALMUERZO NORMAL 1;2026-10-04;PLATO DE FONDO DIETA;4193;POLL - GUISO DE CALABAZA CON POLLO;5;1010133635;MANTECA VEGETAL DEL CAMPO 10 KG;0.0003;0;CAJ;0.001;KG
REGIMEN 3;ALMUERZO NORMAL 1;2026-10-04;GUARNICION ARROZ;270;ARROZ BLANCO;216;10101036994;ACEITE VEGETAL CIELO 5 LT;0.006;0.259;BID;1.296;LT
REGIMEN 3;ALMUERZO NORMAL 1;2026-10-04;GUARNICION ARROZ;270;ARROZ BLANCO;216;10205037563;SAL DE COCINA SALINA 1 KG;0.003;0.648;BOL;0.648;KG
REGIMEN 3;ALMUERZO NORMAL 1;2026-10-04;GUARNICION ARROZ;270;ARROZ BLANCO;216;10202041457;PASTA DE AJO CONCENTRADA EMIC 1 KG;0.003;0.648;BOL;0.648;KG
REGIMEN 3;ALMUERZO NORMAL 1;2026-10-04;GUARNICION ARROZ;270;ARROZ BLANCO;216;10102041614;ARROZ COSTEÑO EXTRA HOJA REDONDA AÑEJO 50 KG;0.12;0.518;SCO;25.92;KG
REGIMEN 3;ALMUERZO NORMAL 1;2026-10-04;GUARNICION ARROZ;270;ARROZ BLANCO;216;33598;CAJA CHICA - AGUA PARA RECETA - CH;0.12;25.92;LT;25.92;LT
REGIMEN 3;ALMUERZO NORMAL 1;2026-10-04;GUARNICION 1;1048;HABAS, CAMOTE Y CHOCLO;80;10205037563;SAL DE COCINA SALINA 1 KG;0.003;0.24;BOL;0.24;KG
REGIMEN 3;ALMUERZO NORMAL 1;2026-10-04;GUARNICION 1;1048;HABAS, CAMOTE Y CHOCLO;80;102010005;CAMOTE AMARILLO;0.08;6.4;KG;6.4;KG
REGIMEN 3;ALMUERZO NORMAL 1;2026-10-04;GUARNICION 1;1048;HABAS, CAMOTE Y CHOCLO;80;102010008;CHOCLO BLANCO;0.04;3.2;KG;3.2;KG
REGIMEN 3;ALMUERZO NORMAL 1;2026-10-04;GUARNICION 1;1048;HABAS, CAMOTE Y CHOCLO;80;102010050;HABA VERDE;0.04;3.2;KG;3.2;KG
REGIMEN 3;ALMUERZO NORMAL 1;2026-10-04;GUARNICION 2;4171;PAPA COCKTAIL AL HORNO;150;10205037563;SAL DE COCINA SALINA 1 KG;0.002;0.3;BOL;0.3;KG
REGIMEN 3;ALMUERZO NORMAL 1;2026-10-04;GUARNICION 2;4171;PAPA COCKTAIL AL HORNO;150;1020530604;TOMILLO TIPO PIZZA 4 ESTACIONES 250 GR;0.0001;0.072;BOL;0.018;KG
REGIMEN 3;ALMUERZO NORMAL 1;2026-10-04;GUARNICION 2;4171;PAPA COCKTAIL AL HORNO;150;1010124225;ACEITE DE OLIVA VIRGEN KUSASA 4 LT;0.003;0.112;GLN;0.45;LT
REGIMEN 3;ALMUERZO NORMAL 1;2026-10-04;GUARNICION 2;4171;PAPA COCKTAIL AL HORNO;150;503020015;PAPA COCKTAIL;0.12;18;KG;18;KG
REGIMEN 3;ALMUERZO NORMAL 1;2026-10-04;GUARNICION DIETA 1;937;VERDURAS COCIDAS;5;10101036994;ACEITE VEGETAL CIELO 5 LT;0.001;0.001;BID;0.005;LT
REGIMEN 3;ALMUERZO NORMAL 1;2026-10-04;GUARNICION DIETA 1;937;VERDURAS COCIDAS;5;50505037205;MARGARINA LA DANESA 220 GR;0.005;0.114;POT;0.025;KG
REGIMEN 3;ALMUERZO NORMAL 1;2026-10-04;GUARNICION DIETA 1;937;VERDURAS COCIDAS;5;1020530600;PIMIENTA NEGRA MOLIDA 4 ESTACIONES 1 KG;0.0001;0.001;BOL;0.001;KG
REGIMEN 3;ALMUERZO NORMAL 1;2026-10-04;GUARNICION DIETA 1;937;VERDURAS COCIDAS;5;10205037563;SAL DE COCINA SALINA 1 KG;0.002;0.01;BOL;0.01;KG
REGIMEN 3;ALMUERZO NORMAL 1;2026-10-04;GUARNICION DIETA 1;937;VERDURAS COCIDAS;5;103010001;ARVEJA GRANO PELADA CONGELADO;0.02;0.1;KG;0.1;KG
REGIMEN 3;ALMUERZO NORMAL 1;2026-10-04;GUARNICION DIETA 1;937;VERDURAS COCIDAS;5;102010052;VAINITA FRESCA;0.02;0.1;KG;0.1;KG
REGIMEN 3;ALMUERZO NORMAL 1;2026-10-04;GUARNICION DIETA 1;937;VERDURAS COCIDAS;5;102010029;ZANAHORIA;0.015;0.075;KG;0.075;KG
REGIMEN 3;ALMUERZO NORMAL 1;2026-10-04;GUARNICION DIETA 1;937;VERDURAS COCIDAS;5;102010018;PAPA BLANCA;0.1;0.5;KG;0.5;KG
REGIMEN 3;ALMUERZO NORMAL 1;2026-10-04;GUARNICION DIETA 1;937;VERDURAS COCIDAS;5;102010021;PEREJIL;0.002;0.01;KG;0.01;KG
REGIMEN 3;ALMUERZO NORMAL 1;2026-10-04;GUARNICION DIETA 1;937;VERDURAS COCIDAS;5;102010030;ZAPALLITO ITALIANO;0.025;0.125;KG;0.125;KG
REGIMEN 3;ALMUERZO NORMAL 1;2026-10-04;COM SALAD BAR 1;1072;SALAD BAR VII;119;102010029;ZANAHORIA;0.03;3.57;KG;3.57;KG
REGIMEN 3;ALMUERZO NORMAL 1;2026-10-04;COM SALAD BAR 1;1072;SALAD BAR VII;119;70046;LECHUGA AMERICANA;0.06;7.14;KG;7.14;KG
REGIMEN 3;ALMUERZO NORMAL 1;2026-10-04;COM SALAD BAR 1;1072;SALAD BAR VII;119;102010020;PEPINILLO;0.03;3.57;KG;3.57;KG
REGIMEN 3;ALMUERZO NORMAL 1;2026-10-04;ISLA 1;719;LIMON;240;102020001;LIMON VERDE EXTRA;0.015;3.6;KG;3.6;KG
REGIMEN 3;ALMUERZO NORMAL 1;2026-10-04;ISLA 2;4323;AJI - ROCOTO PICADO;90;1020530600;PIMIENTA NEGRA MOLIDA 4 ESTACIONES 1 KG;0.0001;0.009;BOL;0.009;KG
REGIMEN 3;ALMUERZO NORMAL 1;2026-10-04;ISLA 2;4323;AJI - ROCOTO PICADO;90;4030227693;ZUMO DE LIMON CONGELADO;0.002;0.18;KG;0.18;KG
REGIMEN 3;ALMUERZO NORMAL 1;2026-10-04;ISLA 2;4323;AJI - ROCOTO PICADO;90;10205037563;SAL DE COCINA SALINA 1 KG;0.001;0.09;BOL;0.09;KG
REGIMEN 3;ALMUERZO NORMAL 1;2026-10-04;ISLA 2;4323;AJI - ROCOTO PICADO;90;102010034;ROCOTO;0.01;0.9;KG;0.9;KG
REGIMEN 3;ALMUERZO NORMAL 1;2026-10-04;ISLA 2;4323;AJI - ROCOTO PICADO;90;10101036994;ACEITE VEGETAL CIELO 5 LT;0.003;0.054;BID;0.27;LT
REGIMEN 3;ALMUERZO NORMAL 1;2026-10-04;ISLA 4;1096;SALSA VINAGRETA;50;101100011;OREGANO ENTERO SAN JUAN MASIAS 1 KG;0.0001;0.006;BOL;0.006;KG
REGIMEN 3;ALMUERZO NORMAL 1;2026-10-04;ISLA 4;1096;SALSA VINAGRETA;50;1020530600;PIMIENTA NEGRA MOLIDA 4 ESTACIONES 1 KG;0.0001;0.006;BOL;0.006;KG
REGIMEN 3;ALMUERZO NORMAL 1;2026-10-04;ISLA 4;1096;SALSA VINAGRETA;50;10205037563;SAL DE COCINA SALINA 1 KG;0.002;0.1;BOL;0.1;KG
REGIMEN 3;ALMUERZO NORMAL 1;2026-10-04;ISLA 4;1096;SALSA VINAGRETA;50;101050446;MAYONESA ALACENA 4 LT;0.0067;0.084;BLD;0.335;KG
REGIMEN 3;ALMUERZO NORMAL 1;2026-10-04;ISLA 4;1096;SALSA VINAGRETA;50;101050455;MOSTAZA TRESA 4 KG;0.002;0.025;BLD;0.1;KG
REGIMEN 3;ALMUERZO NORMAL 1;2026-10-04;ISLA 4;1096;SALSA VINAGRETA;50;101050456;VINAGRE BLANCO TRESA 4 LT;0.004;0.05;GLN;0.2;LT
REGIMEN 3;ALMUERZO NORMAL 1;2026-10-04;ISLA 4;1096;SALSA VINAGRETA;50;33598;CAJA CHICA - AGUA PARA RECETA - CH;0.0033;0.165;LT;0.165;LT
REGIMEN 3;ALMUERZO NORMAL 1;2026-10-04;FRUTA 1;611;MANDARINA;120;5030127352;MANDARINA;0.135;16.2;KG;16.2;KG
REGIMEN 3;ALMUERZO NORMAL 1;2026-10-04;POSTRE NORMAL 1;604;RELAMPAGO;72;10106037527;HARINA ESPECIAL DEL CIELO GRANEL SACO 50 KG;0.0075;0.011;SCO;0.54;KG
REGIMEN 3;ALMUERZO NORMAL 1;2026-10-04;POSTRE NORMAL 1;604;RELAMPAGO;72;50505037205;MARGARINA LA DANESA 220 GR;0.005;1.636;POT;0.36;KG
REGIMEN 3;ALMUERZO NORMAL 1;2026-10-04;POSTRE NORMAL 1;604;RELAMPAGO;72;10107039479;LECHE EVAPORADA (CONCENTRADA) LAIVE BOLSITARRO 800 ML;0.0063;0.562;BOL;0.45;LT
REGIMEN 3;ALMUERZO NORMAL 1;2026-10-04;POSTRE NORMAL 1;604;RELAMPAGO;72;33598;CAJA CHICA - AGUA PARA RECETA - CH;0.0063;0.45;LT;0.45;LT
REGIMEN 3;ALMUERZO NORMAL 1;2026-10-04;POSTRE NORMAL 1;604;RELAMPAGO;72;10205037563;SAL DE COCINA SALINA 1 KG;0.0003;0.018;BOL;0.018;KG
REGIMEN 3;ALMUERZO NORMAL 1;2026-10-04;POSTRE NORMAL 1;604;RELAMPAGO;72;5040231670;HUEVO LIQUIDO CONGELADO 2 KG;0.009;0.324;PQT;0.648;KG
REGIMEN 3;ALMUERZO NORMAL 1;2026-10-04;POSTRE NORMAL 1;604;RELAMPAGO;72;1020822215;CREMA CHANTILLY PRIMAVERA 1 LT;0.015;1.08;CAJ;1.08;LT
REGIMEN 3;ALMUERZO NORMAL 1;2026-10-04;POSTRE NORMAL 2;584;GELATINA DE NARANJA;48;10208043257;GELATINA SABOR NARANJA MACROFOOD 1KG;0.0071;0.341;BOL;0.341;KG
REGIMEN 3;ALMUERZO NORMAL 1;2026-10-04;POSTRE NORMAL 2;584;GELATINA DE NARANJA;48;33598;CAJA CHICA - AGUA PARA RECETA - CH;0.1;4.8;LT;4.8;LT
REGIMEN 3;ALMUERZO NORMAL 1;2026-10-04;BEBIDA FRIA 1;369;CHICHA MORADA;408;33598;CAJA CHICA - AGUA PARA RECETA - CH;0.2127;86.786;LT;86.786;LT
REGIMEN 3;ALMUERZO NORMAL 1;2026-10-04;BEBIDA FRIA 1;369;CHICHA MORADA;408;4030227693;ZUMO DE LIMON CONGELADO;0.0034;1.383;KG;1.383;KG
REGIMEN 3;ALMUERZO NORMAL 1;2026-10-04;BEBIDA FRIA 1;369;CHICHA MORADA;408;2030134;PRE ELABORADO NATURALE CONCENTRADO CHICHA MORADA 2 LT;0.0212;4.323;BOL;8.646;LT
REGIMEN 3;ALMUERZO NORMAL 1;2026-10-04;BEBIDA FRIA 1;369;CHICHA MORADA;408;1010425038;AZUCAR RUBIA;0.0127;5.186;KG;5.186;KG
REGIMEN 3;ALMUERZO NORMAL 1;2026-10-05;ENTRADA FRIA 1;107;SOLTERITO;120;10101036994;ACEITE VEGETAL CIELO 5 LT;0.001;0.024;BID;0.12;LT
REGIMEN 3;ALMUERZO NORMAL 1;2026-10-05;ENTRADA FRIA 1;107;SOLTERITO;120;505060006;QUESO FRESCO BONLE MOLDE REFRIGERADO KG;0.03;3.6;KG;3.6;KG
REGIMEN 3;ALMUERZO NORMAL 1;2026-10-05;ENTRADA FRIA 1;107;SOLTERITO;120;10205037563;SAL DE COCINA SALINA 1 KG;0.002;0.24;BOL;0.24;KG
REGIMEN 3;ALMUERZO NORMAL 1;2026-10-05;ENTRADA FRIA 1;107;SOLTERITO;120;4030227693;ZUMO DE LIMON CONGELADO;0.0033;0.4;KG;0.4;KG
REGIMEN 3;ALMUERZO NORMAL 1;2026-10-05;ENTRADA FRIA 1;107;SOLTERITO;120;103010025;HABAS VERDES PELADAS  CONGELADA;0.015;1.8;KG;1.8;KG
REGIMEN 3;ALMUERZO NORMAL 1;2026-10-05;ENTRADA FRIA 1;107;SOLTERITO;120;102010006;CEBOLLA ROJA;0.03;3.6;KG;3.6;KG
REGIMEN 3;ALMUERZO NORMAL 1;2026-10-05;ENTRADA FRIA 1;107;SOLTERITO;120;103010005;CHOCLO DESGRANADO CONGELADO;0.02;2.4;KG;2.4;KG
REGIMEN 3;ALMUERZO NORMAL 1;2026-10-05;ENTRADA FRIA 1;107;SOLTERITO;120;102010018;PAPA BLANCA;0.025;3;KG;3;KG
REGIMEN 3;ALMUERZO NORMAL 1;2026-10-05;ENTRADA FRIA 1;107;SOLTERITO;120;102010027;TOMATE;0.02;2.4;KG;2.4;KG
REGIMEN 3;ALMUERZO NORMAL 1;2026-10-05;ENTRADA FRIA 1;107;SOLTERITO;120;102010034;ROCOTO;0.003;0.36;KG;0.36;KG
REGIMEN 3;ALMUERZO NORMAL 1;2026-10-05;ENTRADA FRIA 1;107;SOLTERITO;120;102010010;CULANTRO;0.002;0.24;KG;0.24;KG
REGIMEN 3;ALMUERZO NORMAL 1;2026-10-05;ENTRADA FRIA 1;107;SOLTERITO;120;5060130729;ACEITUNA NEGRA RODAJA;0.007;0.84;KG;0.84;KG
REGIMEN 3;ALMUERZO NORMAL 1;2026-10-05;ENTRADA FRIA 1;107;SOLTERITO;120;1020530600;PIMIENTA NEGRA MOLIDA 4 ESTACIONES 1 KG;0.0001;0.014;BOL;0.014;KG
REGIMEN 3;ALMUERZO NORMAL 1;2026-10-05;ENTRADA FRIA 1;107;SOLTERITO;120;1020530552;ANIS SECO 4 ESTACIONES 1 KG;0.0001;0.007;BOL;0.007;KG
REGIMEN 3;ALMUERZO NORMAL 1;2026-10-05;ENTRADA FRIA 1;107;SOLTERITO;120;1010425038;AZUCAR RUBIA;0.0001;0.012;KG;0.012;KG
REGIMEN 3;ALMUERZO NORMAL 1;2026-10-05;ENTRADA CALIENTE 1;421;CHOCLO CON QUESO;400;505060006;QUESO FRESCO BONLE MOLDE REFRIGERADO KG;0.03;12;KG;12;KG
REGIMEN 3;ALMUERZO NORMAL 1;2026-10-05;ENTRADA CALIENTE 1;421;CHOCLO CON QUESO;400;1020530552;ANIS SECO 4 ESTACIONES 1 KG;0.001;0.4;BOL;0.4;KG
REGIMEN 3;ALMUERZO NORMAL 1;2026-10-05;ENTRADA CALIENTE 1;421;CHOCLO CON QUESO;400;1010425038;AZUCAR RUBIA;0.001;0.4;KG;0.4;KG
REGIMEN 3;ALMUERZO NORMAL 1;2026-10-05;ENTRADA CALIENTE 1;421;CHOCLO CON QUESO;400;4030227693;ZUMO DE LIMON CONGELADO;0.001;0.4;KG;0.4;KG
REGIMEN 3;ALMUERZO NORMAL 1;2026-10-05;ENTRADA CALIENTE 1;421;CHOCLO CON QUESO;400;103010005;CHOCLO DESGRANADO CONGELADO;0.08;32;KG;32;KG
REGIMEN 3;ALMUERZO NORMAL 1;2026-10-05;SOPA NORMAL 1;1051;CALDO DE RES;480;40108037516;RES - SOPAS S/HUESO (DON GOYO);0.065;31.2;KG;31.2;KG
REGIMEN 3;ALMUERZO NORMAL 1;2026-10-05;SOPA NORMAL 1;1051;CALDO DE RES;480;10205037563;SAL DE COCINA SALINA 1 KG;0.002;0.96;BOL;0.96;KG
REGIMEN 3;ALMUERZO NORMAL 1;2026-10-05;SOPA NORMAL 1;1051;CALDO DE RES;480;1020227865;CALDO DE CARNE KNORR SACHET 650 GR;0.002;1.477;BOL;0.96;KG
REGIMEN 3;ALMUERZO NORMAL 1;2026-10-05;SOPA NORMAL 1;1051;CALDO DE RES;480;10202041457;PASTA DE AJO CONCENTRADA EMIC 1 KG;0.002;0.96;BOL;0.96;KG
REGIMEN 3;ALMUERZO NORMAL 1;2026-10-05;SOPA NORMAL 1;1051;CALDO DE RES;480;101100011;OREGANO ENTERO SAN JUAN MASIAS 1 KG;0.0001;0.058;BOL;0.058;KG
REGIMEN 3;ALMUERZO NORMAL 1;2026-10-05;SOPA NORMAL 1;1051;CALDO DE RES;480;102010010;CULANTRO;0.001;0.48;KG;0.48;KG
REGIMEN 3;ALMUERZO NORMAL 1;2026-10-05;SOPA NORMAL 1;1051;CALDO DE RES;480;102010004;APIO;0.015;7.2;KG;7.2;KG
REGIMEN 3;ALMUERZO NORMAL 1;2026-10-05;SOPA NORMAL 1;1051;CALDO DE RES;480;102010007;CEBOLLA CHINA;0.005;2.4;KG;2.4;KG
REGIMEN 3;ALMUERZO NORMAL 1;2026-10-05;SOPA NORMAL 1;1051;CALDO DE RES;480;1020530674;KION MOLIDO SECO 4 ESTACIONES 250 GR;0.001;1.92;BOL;0.48;KG
REGIMEN 3;ALMUERZO NORMAL 1;2026-10-05;SOPA NORMAL 1;1051;CALDO DE RES;480;102010018;PAPA BLANCA;0.03;14.4;KG;14.4;KG
REGIMEN 3;ALMUERZO NORMAL 1;2026-10-05;SOPA NORMAL 1;1051;CALDO DE RES;480;33598;CAJA CHICA - AGUA PARA RECETA - CH;0.3;144;LT;144;LT
REGIMEN 3;ALMUERZO NORMAL 1;2026-10-05;SOPA NORMAL 1;1051;CALDO DE RES;480;102010029;ZANAHORIA;0.015;7.2;KG;7.2;KG
REGIMEN 3;ALMUERZO NORMAL 1;2026-10-05;SOPA NORMAL 1;1051;CALDO DE RES;480;101020264;FIDEO SPAGUETTI DON VITTORIO 500 GR;0.02;19.2;PQT;9.6;KG
REGIMEN 3;ALMUERZO NORMAL 1;2026-10-05;SOPA DIETA;5436;SOPA DE ESPINACA CON POLLO;10;10101036994;ACEITE VEGETAL CIELO 5 LT;0.003;0.006;BID;0.03;LT
REGIMEN 3;ALMUERZO NORMAL 1;2026-10-05;SOPA DIETA;5436;SOPA DE ESPINACA CON POLLO;10;103020026;PIERNA DE POLLO CON ENCUENTRO CONGELADO;0.075;0.75;KG;0.75;KG
REGIMEN 3;ALMUERZO NORMAL 1;2026-10-05;SOPA DIETA;5436;SOPA DE ESPINACA CON POLLO;10;101100011;OREGANO ENTERO SAN JUAN MASIAS 1 KG;0.0001;0.001;BOL;0.001;KG
REGIMEN 3;ALMUERZO NORMAL 1;2026-10-05;SOPA DIETA;5436;SOPA DE ESPINACA CON POLLO;10;1020530600;PIMIENTA NEGRA MOLIDA 4 ESTACIONES 1 KG;0.0001;0.001;BOL;0.001;KG
REGIMEN 3;ALMUERZO NORMAL 1;2026-10-05;SOPA DIETA;5436;SOPA DE ESPINACA CON POLLO;10;10205037563;SAL DE COCINA SALINA 1 KG;0.003;0.03;BOL;0.03;KG
REGIMEN 3;ALMUERZO NORMAL 1;2026-10-05;SOPA DIETA;5436;SOPA DE ESPINACA CON POLLO;10;10202041457;PASTA DE AJO CONCENTRADA EMIC 1 KG;0.002;0.02;BOL;0.02;KG
REGIMEN 3;ALMUERZO NORMAL 1;2026-10-05;SOPA DIETA;5436;SOPA DE ESPINACA CON POLLO;10;4030232902;MIX DE SOPA COMPLETO CONGELADO - KGM;0.044;0.44;KG;0.44;KG
REGIMEN 3;ALMUERZO NORMAL 1;2026-10-05;SOPA DIETA;5436;SOPA DE ESPINACA CON POLLO;10;102010006;CEBOLLA ROJA;0.01;0.1;KG;0.1;KG
REGIMEN 3;ALMUERZO NORMAL 1;2026-10-05;SOPA DIETA;5436;SOPA DE ESPINACA CON POLLO;10;103010009;ESPINACA CONGELADA;0.03;0.3;KG;0.3;KG
REGIMEN 3;ALMUERZO NORMAL 1;2026-10-05;SOPA DIETA;5436;SOPA DE ESPINACA CON POLLO;10;102010018;PAPA BLANCA;0.025;0.25;KG;0.25;KG
REGIMEN 3;ALMUERZO NORMAL 1;2026-10-05;SOPA DIETA;5436;SOPA DE ESPINACA CON POLLO;10;5030224265;ZAPALLO MACRE EN CUBO LIBER 1.5 X 1.5 CM CONGELADO;0.005;0.05;KG;0.05;KG
REGIMEN 3;ALMUERZO NORMAL 1;2026-10-05;SOPA DIETA;5436;SOPA DE ESPINACA CON POLLO;10;102090047;PASTA DE TOMATE B&D 3.20 KG;0.001;0.003;LAT;0.01;KG
REGIMEN 3;ALMUERZO NORMAL 1;2026-10-05;SOPA DIETA;5436;SOPA DE ESPINACA CON POLLO;10;101020247;FIDEO TORNILLO DON VITTORIO 250/225 GR;0.02;0.8;PQT;0.2;KG
REGIMEN 3;ALMUERZO NORMAL 1;2026-10-05;SOPA DIETA;5436;SOPA DE ESPINACA CON POLLO;10;33598;CAJA CHICA - AGUA PARA RECETA - CH;0.25;2.5;LT;2.5;LT
REGIMEN 3;ALMUERZO NORMAL 1;2026-10-05;PLATO DE FONDO NORMAL 1;1367;PES - PESCADO ENCEBOLLADO;180;103030156;BONITO FILETE CON PIEL CONGELADO - KGM;0.19;34.2;KG;34.2;KG
REGIMEN 3;ALMUERZO NORMAL 1;2026-10-05;PLATO DE FONDO NORMAL 1;1367;PES - PESCADO ENCEBOLLADO;180;1020530600;PIMIENTA NEGRA MOLIDA 4 ESTACIONES 1 KG;0.0001;0.011;BOL;0.011;KG
REGIMEN 3;ALMUERZO NORMAL 1;2026-10-05;PLATO DE FONDO NORMAL 1;1367;PES - PESCADO ENCEBOLLADO;180;10205037563;SAL DE COCINA SALINA 1 KG;0.003;0.54;BOL;0.54;KG
REGIMEN 3;ALMUERZO NORMAL 1;2026-10-05;PLATO DE FONDO NORMAL 1;1367;PES - PESCADO ENCEBOLLADO;180;10101036994;ACEITE VEGETAL CIELO 5 LT;0.002;0.072;BID;0.36;LT
REGIMEN 3;ALMUERZO NORMAL 1;2026-10-05;PLATO DE FONDO NORMAL 1;1367;PES - PESCADO ENCEBOLLADO;180;101100011;OREGANO ENTERO SAN JUAN MASIAS 1 KG;0.0001;0.011;BOL;0.011;KG
REGIMEN 3;ALMUERZO NORMAL 1;2026-10-05;PLATO DE FONDO NORMAL 1;1367;PES - PESCADO ENCEBOLLADO;180;10106037527;HARINA ESPECIAL DEL CIELO GRANEL SACO 50 KG;0.01;0.036;SCO;1.8;KG
REGIMEN 3;ALMUERZO NORMAL 1;2026-10-05;PLATO DE FONDO NORMAL 1;1367;PES - PESCADO ENCEBOLLADO;180;101050457;VINAGRE TINTO TRESA 4 LT;0.003;0.135;GLN;0.54;LT
REGIMEN 3;ALMUERZO NORMAL 1;2026-10-05;PLATO DE FONDO NORMAL 1;1367;PES - PESCADO ENCEBOLLADO;180;1020222489;PRE ELABORADO RAM BASE CRIOLLA 1 KG;0.008;1.44;BOL;1.44;KG
REGIMEN 3;ALMUERZO NORMAL 1;2026-10-05;PLATO DE FONDO NORMAL 1;1367;PES - PESCADO ENCEBOLLADO;180;102010006;CEBOLLA ROJA;0.06;10.8;KG;10.8;KG
REGIMEN 3;ALMUERZO NORMAL 1;2026-10-05;PLATO DE FONDO NORMAL 1;1367;PES - PESCADO ENCEBOLLADO;180;1010425038;AZUCAR RUBIA;0.001;0.18;KG;0.18;KG
REGIMEN 3;ALMUERZO NORMAL 1;2026-10-05;PLATO DE FONDO NORMAL 1;1367;PES - PESCADO ENCEBOLLADO;180;1020233295;PASTA DE AJI AMARILLO EMIC 1 KG;0.001;0.18;BOL;0.18;KG
REGIMEN 3;ALMUERZO NORMAL 1;2026-10-05;PLATO DE FONDO NORMAL 1;1367;PES - PESCADO ENCEBOLLADO;180;102010010;CULANTRO;0.003;0.54;KG;0.54;KG
REGIMEN 3;ALMUERZO NORMAL 1;2026-10-05;PLATO DE FONDO NORMAL 1;1367;PES - PESCADO ENCEBOLLADO;180;33598;CAJA CHICA - AGUA PARA RECETA - CH;0.015;2.7;LT;2.7;LT
REGIMEN 3;ALMUERZO NORMAL 1;2026-10-05;PLATO DE FONDO NORMAL 1;1367;PES - PESCADO ENCEBOLLADO;180;10106040287;MAICENA DURYEA 500 GR;0.0015;0.54;CAJ;0.27;KG
REGIMEN 3;ALMUERZO NORMAL 1;2026-10-05;PLATO DE FONDO NORMAL 2;1596;POLL - POLLO A LA PIZZAIOLA;315;10101036994;ACEITE VEGETAL CIELO 5 LT;0.002;0.126;BID;0.63;LT
REGIMEN 3;ALMUERZO NORMAL 1;2026-10-05;PLATO DE FONDO NORMAL 2;1596;POLL - POLLO A LA PIZZAIOLA;315;103020027;POLLO SIN MENUDENCIA CONGELADO RANGO 1.428 - 1.611 KG (SAN FERNANDO);0.066;20.79;KG;20.79;KG
REGIMEN 3;ALMUERZO NORMAL 1;2026-10-05;PLATO DE FONDO NORMAL 2;1596;POLL - POLLO A LA PIZZAIOLA;315;103020026;PIERNA DE POLLO CON ENCUENTRO CONGELADO;0.217;68.355;KG;68.355;KG
REGIMEN 3;ALMUERZO NORMAL 1;2026-10-05;PLATO DE FONDO NORMAL 2;1596;POLL - POLLO A LA PIZZAIOLA;315;102030008;QUESO MOZARELLA REFRIGERADO;0.015;4.725;KG;4.725;KG
REGIMEN 3;ALMUERZO NORMAL 1;2026-10-05;PLATO DE FONDO NORMAL 2;1596;POLL - POLLO A LA PIZZAIOLA;315;1020530581;LAUREL 4 ESTACIONES 1 KG;0.0001;0.038;BOL;0.038;KG
REGIMEN 3;ALMUERZO NORMAL 1;2026-10-05;PLATO DE FONDO NORMAL 2;1596;POLL - POLLO A LA PIZZAIOLA;315;1020222493;PRE ELABORADO RAM BASE TOMATE 1 KG;0.02;6.3;BOL;6.3;KG
REGIMEN 3;ALMUERZO NORMAL 1;2026-10-05;PLATO DE FONDO NORMAL 2;1596;POLL - POLLO A LA PIZZAIOLA;315;101100011;OREGANO ENTERO SAN JUAN MASIAS 1 KG;0.0001;0.038;BOL;0.038;KG
REGIMEN 3;ALMUERZO NORMAL 1;2026-10-05;PLATO DE FONDO NORMAL 2;1596;POLL - POLLO A LA PIZZAIOLA;315;1020530600;PIMIENTA NEGRA MOLIDA 4 ESTACIONES 1 KG;0.0001;0.019;BOL;0.019;KG
REGIMEN 3;ALMUERZO NORMAL 1;2026-10-05;PLATO DE FONDO NORMAL 2;1596;POLL - POLLO A LA PIZZAIOLA;315;10205037563;SAL DE COCINA SALINA 1 KG;0.002;0.63;BOL;0.63;KG
REGIMEN 3;ALMUERZO NORMAL 1;2026-10-05;PLATO DE FONDO NORMAL 2;1596;POLL - POLLO A LA PIZZAIOLA;315;101070178;CALDO DE GALLINA KNORR SACHET 1.5 KG;0.0001;0.013;BOL;0.019;KG
REGIMEN 3;ALMUERZO NORMAL 1;2026-10-05;PLATO DE FONDO NORMAL 2;1596;POLL - POLLO A LA PIZZAIOLA;315;102010003;ALBAHACA;0.005;1.575;KG;1.575;KG
REGIMEN 3;ALMUERZO NORMAL 1;2026-10-05;PLATO DE FONDO NORMAL 2;1596;POLL - POLLO A LA PIZZAIOLA;315;33598;CAJA CHICA - AGUA PARA RECETA - CH;0.015;4.725;LT;4.725;LT
REGIMEN 3;ALMUERZO NORMAL 1;2026-10-05;ENSALADA CON CARNICO;4046;ENSALADA MIXTA DE HOJAS VERDES FEST;5;10101036994;ACEITE VEGETAL CIELO 5 LT;0.002;0.002;BID;0.01;LT
REGIMEN 3;ALMUERZO NORMAL 1;2026-10-05;ENSALADA CON CARNICO;4046;ENSALADA MIXTA DE HOJAS VERDES FEST;5;102010003;ALBAHACA;0.03;0.15;KG;0.15;KG
REGIMEN 3;ALMUERZO NORMAL 1;2026-10-05;ENSALADA CON CARNICO;4046;ENSALADA MIXTA DE HOJAS VERDES FEST;5;103010001;ARVEJA GRANO PELADA CONGELADO;0.005;0.025;KG;0.025;KG
REGIMEN 3;ALMUERZO NORMAL 1;2026-10-05;ENSALADA CON CARNICO;4046;ENSALADA MIXTA DE HOJAS VERDES FEST;5;102010006;CEBOLLA ROJA;0.03;0.15;KG;0.15;KG
REGIMEN 3;ALMUERZO NORMAL 1;2026-10-05;ENSALADA CON CARNICO;4046;ENSALADA MIXTA DE HOJAS VERDES FEST;5;102010054;ESPINACA FRESCA;0.04;0.2;KG;0.2;KG
REGIMEN 3;ALMUERZO NORMAL 1;2026-10-05;ENSALADA CON CARNICO;4046;ENSALADA MIXTA DE HOJAS VERDES FEST;5;70046;LECHUGA AMERICANA;0.08;0.4;KG;0.4;KG
REGIMEN 3;ALMUERZO NORMAL 1;2026-10-05;ENSALADA CON CARNICO;4046;ENSALADA MIXTA DE HOJAS VERDES FEST;5;101050455;MOSTAZA TRESA 4 KG;0.002;0.002;BLD;0.01;KG
REGIMEN 3;ALMUERZO NORMAL 1;2026-10-05;ENSALADA CON CARNICO;4046;ENSALADA MIXTA DE HOJAS VERDES FEST;5;10202041457;PASTA DE AJO CONCENTRADA EMIC 1 KG;0.001;0.005;BOL;0.005;KG
REGIMEN 3;ALMUERZO NORMAL 1;2026-10-05;ENSALADA CON CARNICO;4046;ENSALADA MIXTA DE HOJAS VERDES FEST;5;102010020;PEPINILLO;0.03;0.15;KG;0.15;KG
REGIMEN 3;ALMUERZO NORMAL 1;2026-10-05;ENSALADA CON CARNICO;4046;ENSALADA MIXTA DE HOJAS VERDES FEST;5;1020530600;PIMIENTA NEGRA MOLIDA 4 ESTACIONES 1 KG;0.0001;0;BOL;0;KG
REGIMEN 3;ALMUERZO NORMAL 1;2026-10-05;ENSALADA CON CARNICO;4046;ENSALADA MIXTA DE HOJAS VERDES FEST;5;40107038254;PECHUGA DE POLLO S/HUESO S/PIEL CONGELADO - IMPORTACION;0.16;0.8;KG;0.8;KG
REGIMEN 3;ALMUERZO NORMAL 1;2026-10-05;ENSALADA CON CARNICO;4046;ENSALADA MIXTA DE HOJAS VERDES FEST;5;10205037563;SAL DE COCINA SALINA 1 KG;0.002;0.01;BOL;0.01;KG
REGIMEN 3;ALMUERZO NORMAL 1;2026-10-05;ENSALADA CON CARNICO;4046;ENSALADA MIXTA DE HOJAS VERDES FEST;5;101050456;VINAGRE BLANCO TRESA 4 LT;0.003;0.004;GLN;0.015;LT
REGIMEN 3;ALMUERZO NORMAL 1;2026-10-05;ENSALADA CON CARNICO;4046;ENSALADA MIXTA DE HOJAS VERDES FEST;5;102010029;ZANAHORIA;0.005;0.025;KG;0.025;KG
REGIMEN 3;ALMUERZO NORMAL 1;2026-10-05;PLATO DE FONDO DIETA;2833;PES - SUDADO DE PESCADO DIETA;20;103030156;BONITO FILETE CON PIEL CONGELADO - KGM;0.19;3.8;KG;3.8;KG
REGIMEN 3;ALMUERZO NORMAL 1;2026-10-05;PLATO DE FONDO DIETA;2833;PES - SUDADO DE PESCADO DIETA;20;10205037563;SAL DE COCINA SALINA 1 KG;0.002;0.04;BOL;0.04;KG
REGIMEN 3;ALMUERZO NORMAL 1;2026-10-05;PLATO DE FONDO DIETA;2833;PES - SUDADO DE PESCADO DIETA;20;1020222493;PRE ELABORADO RAM BASE TOMATE 1 KG;0.02;0.4;BOL;0.4;KG
REGIMEN 3;ALMUERZO NORMAL 1;2026-10-05;PLATO DE FONDO DIETA;2833;PES - SUDADO DE PESCADO DIETA;20;1020530674;KION MOLIDO SECO 4 ESTACIONES 250 GR;0.0005;0.04;BOL;0.01;KG
REGIMEN 3;ALMUERZO NORMAL 1;2026-10-05;PLATO DE FONDO DIETA;2833;PES - SUDADO DE PESCADO DIETA;20;33598;CAJA CHICA - AGUA PARA RECETA - CH;0.015;0.3;LT;0.3;LT
REGIMEN 3;ALMUERZO NORMAL 1;2026-10-05;PLATO DE FONDO DIETA;2833;PES - SUDADO DE PESCADO DIETA;20;10106040287;MAICENA DURYEA 500 GR;0.0015;0.06;CAJ;0.03;KG
REGIMEN 3;ALMUERZO NORMAL 1;2026-10-05;PLATO DE FONDO DIETA;2833;PES - SUDADO DE PESCADO DIETA;20;4030227693;ZUMO DE LIMON CONGELADO;0.0017;0.033;KG;0.033;KG
REGIMEN 3;ALMUERZO NORMAL 1;2026-10-05;GUARNICION ARROZ;280;ARROZ CON ZANAHORIA;468;10101036994;ACEITE VEGETAL CIELO 5 LT;0.005;0.468;BID;2.34;LT
REGIMEN 3;ALMUERZO NORMAL 1;2026-10-05;GUARNICION ARROZ;280;ARROZ CON ZANAHORIA;468;10102041614;ARROZ COSTEÑO EXTRA HOJA REDONDA AÑEJO 50 KG;0.12;1.123;SCO;56.16;KG
REGIMEN 3;ALMUERZO NORMAL 1;2026-10-05;GUARNICION ARROZ;280;ARROZ CON ZANAHORIA;468;33598;CAJA CHICA - AGUA PARA RECETA - CH;0.3;140.4;LT;140.4;LT
REGIMEN 3;ALMUERZO NORMAL 1;2026-10-05;GUARNICION ARROZ;280;ARROZ CON ZANAHORIA;468;102010029;ZANAHORIA;0.005;2.34;KG;2.34;KG
REGIMEN 3;ALMUERZO NORMAL 1;2026-10-05;GUARNICION ARROZ;280;ARROZ CON ZANAHORIA;468;4030227693;ZUMO DE LIMON CONGELADO;0.002;0.936;KG;0.936;KG
REGIMEN 3;ALMUERZO NORMAL 1;2026-10-05;GUARNICION ARROZ;280;ARROZ CON ZANAHORIA;468;10205037563;SAL DE COCINA SALINA 1 KG;0.003;1.404;BOL;1.404;KG
REGIMEN 3;ALMUERZO NORMAL 1;2026-10-05;GUARNICION ARROZ;280;ARROZ CON ZANAHORIA;468;10202041457;PASTA DE AJO CONCENTRADA EMIC 1 KG;0.002;0.936;BOL;0.936;KG
REGIMEN 3;ALMUERZO NORMAL 1;2026-10-05;GUARNICION 1;309;GUISO DE LENTEJA;180;101100011;OREGANO ENTERO SAN JUAN MASIAS 1 KG;0.0001;0.014;BOL;0.014;KG
REGIMEN 3;ALMUERZO NORMAL 1;2026-10-05;GUARNICION 1;309;GUISO DE LENTEJA;180;10205037563;SAL DE COCINA SALINA 1 KG;0.0003;0.047;BOL;0.047;KG
REGIMEN 3;ALMUERZO NORMAL 1;2026-10-05;GUARNICION 1;309;GUISO DE LENTEJA;180;10106037527;HARINA ESPECIAL DEL CIELO GRANEL SACO 50 KG;0.0027;0.01;SCO;0.481;KG
REGIMEN 3;ALMUERZO NORMAL 1;2026-10-05;GUARNICION 1;309;GUISO DE LENTEJA;180;10202042772;PRE ELABORADO CONSERVA LENTEJA 1 KG OLIVEZA;0.08;14.4;BOL;14.4;KG
REGIMEN 3;ALMUERZO NORMAL 1;2026-10-05;GUARNICION 1;309;GUISO DE LENTEJA;180;33598;CAJA CHICA - AGUA PARA RECETA - CH;0.048;8.64;LT;8.64;LT
REGIMEN 3;ALMUERZO NORMAL 1;2026-10-05;GUARNICION 1;309;GUISO DE LENTEJA;180;1020222489;PRE ELABORADO RAM BASE CRIOLLA 1 KG;0.005;0.9;BOL;0.9;KG
REGIMEN 3;ALMUERZO NORMAL 1;2026-10-05;GUARNICION 2;293;CAMOTE SANCOCHADO;320;102010005;CAMOTE AMARILLO;0.12;38.4;KG;38.4;KG
REGIMEN 3;ALMUERZO NORMAL 1;2026-10-05;GUARNICION DIETA 1;937;VERDURAS COCIDAS;20;10101036994;ACEITE VEGETAL CIELO 5 LT;0.001;0.004;BID;0.02;LT
REGIMEN 3;ALMUERZO NORMAL 1;2026-10-05;GUARNICION DIETA 1;937;VERDURAS COCIDAS;20;50505037205;MARGARINA LA DANESA 220 GR;0.005;0.455;POT;0.1;KG
REGIMEN 3;ALMUERZO NORMAL 1;2026-10-05;GUARNICION DIETA 1;937;VERDURAS COCIDAS;20;1020530600;PIMIENTA NEGRA MOLIDA 4 ESTACIONES 1 KG;0.0001;0.002;BOL;0.002;KG
REGIMEN 3;ALMUERZO NORMAL 1;2026-10-05;GUARNICION DIETA 1;937;VERDURAS COCIDAS;20;10205037563;SAL DE COCINA SALINA 1 KG;0.002;0.04;BOL;0.04;KG
REGIMEN 3;ALMUERZO NORMAL 1;2026-10-05;GUARNICION DIETA 1;937;VERDURAS COCIDAS;20;103010001;ARVEJA GRANO PELADA CONGELADO;0.02;0.4;KG;0.4;KG
REGIMEN 3;ALMUERZO NORMAL 1;2026-10-05;GUARNICION DIETA 1;937;VERDURAS COCIDAS;20;102010052;VAINITA FRESCA;0.02;0.4;KG;0.4;KG
REGIMEN 3;ALMUERZO NORMAL 1;2026-10-05;GUARNICION DIETA 1;937;VERDURAS COCIDAS;20;102010029;ZANAHORIA;0.015;0.3;KG;0.3;KG
REGIMEN 3;ALMUERZO NORMAL 1;2026-10-05;GUARNICION DIETA 1;937;VERDURAS COCIDAS;20;102010018;PAPA BLANCA;0.1;2;KG;2;KG
REGIMEN 3;ALMUERZO NORMAL 1;2026-10-05;GUARNICION DIETA 1;937;VERDURAS COCIDAS;20;102010021;PEREJIL;0.002;0.04;KG;0.04;KG
REGIMEN 3;ALMUERZO NORMAL 1;2026-10-05;GUARNICION DIETA 1;937;VERDURAS COCIDAS;20;102010030;ZAPALLITO ITALIANO;0.025;0.5;KG;0.5;KG
REGIMEN 3;ALMUERZO NORMAL 1;2026-10-05;COM SALAD BAR 1;1066;SALAD BAR I;350;102010051;BETERRAGA FRESCA;0.05;17.5;KG;17.5;KG
REGIMEN 3;ALMUERZO NORMAL 1;2026-10-05;COM SALAD BAR 1;1066;SALAD BAR I;350;102010054;ESPINACA FRESCA;0.04;14;KG;14;KG
REGIMEN 3;ALMUERZO NORMAL 1;2026-10-05;COM SALAD BAR 1;1066;SALAD BAR I;350;403020008;COLIFLOR PRE COCIDO CONGELADO;0.04;14;KG;14;KG
REGIMEN 3;ALMUERZO NORMAL 1;2026-10-05;ISLA 1;719;LIMON;520;102020001;LIMON VERDE EXTRA;0.015;7.8;KG;7.8;KG
REGIMEN 3;ALMUERZO NORMAL 1;2026-10-05;ISLA 2;4323;AJI - ROCOTO PICADO;197;1020530600;PIMIENTA NEGRA MOLIDA 4 ESTACIONES 1 KG;0.0001;0.02;BOL;0.02;KG
REGIMEN 3;ALMUERZO NORMAL 1;2026-10-05;ISLA 2;4323;AJI - ROCOTO PICADO;197;4030227693;ZUMO DE LIMON CONGELADO;0.002;0.394;KG;0.394;KG
REGIMEN 3;ALMUERZO NORMAL 1;2026-10-05;ISLA 2;4323;AJI - ROCOTO PICADO;197;10205037563;SAL DE COCINA SALINA 1 KG;0.001;0.197;BOL;0.197;KG
REGIMEN 3;ALMUERZO NORMAL 1;2026-10-05;ISLA 2;4323;AJI - ROCOTO PICADO;197;102010034;ROCOTO;0.01;1.97;KG;1.97;KG
REGIMEN 3;ALMUERZO NORMAL 1;2026-10-05;ISLA 2;4323;AJI - ROCOTO PICADO;197;10101036994;ACEITE VEGETAL CIELO 5 LT;0.003;0.118;BID;0.591;LT
REGIMEN 3;ALMUERZO NORMAL 1;2026-10-05;ISLA 4;1096;SALSA VINAGRETA;100;101100011;OREGANO ENTERO SAN JUAN MASIAS 1 KG;0.0001;0.012;BOL;0.012;KG
REGIMEN 3;ALMUERZO NORMAL 1;2026-10-05;ISLA 4;1096;SALSA VINAGRETA;100;1020530600;PIMIENTA NEGRA MOLIDA 4 ESTACIONES 1 KG;0.0001;0.012;BOL;0.012;KG
REGIMEN 3;ALMUERZO NORMAL 1;2026-10-05;ISLA 4;1096;SALSA VINAGRETA;100;10205037563;SAL DE COCINA SALINA 1 KG;0.002;0.2;BOL;0.2;KG
REGIMEN 3;ALMUERZO NORMAL 1;2026-10-05;ISLA 4;1096;SALSA VINAGRETA;100;101050446;MAYONESA ALACENA 4 LT;0.0067;0.168;BLD;0.67;KG
REGIMEN 3;ALMUERZO NORMAL 1;2026-10-05;ISLA 4;1096;SALSA VINAGRETA;100;101050455;MOSTAZA TRESA 4 KG;0.002;0.05;BLD;0.2;KG
REGIMEN 3;ALMUERZO NORMAL 1;2026-10-05;ISLA 4;1096;SALSA VINAGRETA;100;101050456;VINAGRE BLANCO TRESA 4 LT;0.004;0.1;GLN;0.4;LT
REGIMEN 3;ALMUERZO NORMAL 1;2026-10-05;ISLA 4;1096;SALSA VINAGRETA;100;33598;CAJA CHICA - AGUA PARA RECETA - CH;0.0033;0.33;LT;0.33;LT
REGIMEN 3;ALMUERZO NORMAL 1;2026-10-05;FRUTA 1;837;UVA NEGRA;200;102020019;UVA NEGRA;0.15;30;KG;30;KG
REGIMEN 3;ALMUERZO NORMAL 1;2026-10-05;POSTRE NORMAL 1;720;MAZAMORRA DE NARANJA;156;1020530557;CANELA ENTERA 4 ESTACIONES 1 KG;0.0001;0.019;BOL;0.019;KG
REGIMEN 3;ALMUERZO NORMAL 1;2026-10-05;POSTRE NORMAL 1;720;MAZAMORRA DE NARANJA;156;1020530564;CLAVO DE OLOR ENTERO 4 ESTACIONES 1 KG;0.0001;0.009;BOL;0.009;KG
REGIMEN 3;ALMUERZO NORMAL 1;2026-10-05;POSTRE NORMAL 1;720;MAZAMORRA DE NARANJA;156;1010425038;AZUCAR RUBIA;0.025;3.9;KG;3.9;KG
REGIMEN 3;ALMUERZO NORMAL 1;2026-10-05;POSTRE NORMAL 1;720;MAZAMORRA DE NARANJA;156;102020012;NARANJA PARA JUGO;0.05;7.8;KG;7.8;KG
REGIMEN 3;ALMUERZO NORMAL 1;2026-10-05;POSTRE NORMAL 1;720;MAZAMORRA DE NARANJA;156;10106040287;MAICENA DURYEA 500 GR;0.015;4.68;CAJ;2.34;KG
REGIMEN 3;ALMUERZO NORMAL 1;2026-10-05;POSTRE NORMAL 1;720;MAZAMORRA DE NARANJA;156;33598;CAJA CHICA - AGUA PARA RECETA - CH;0.1;15.6;LT;15.6;LT
REGIMEN 3;ALMUERZO NORMAL 1;2026-10-05;POSTRE NORMAL 1;720;MAZAMORRA DE NARANJA;156;1020530559;CANELA MOLIDA 4 ESTACIONES 1 KG;0.0001;0.019;BOL;0.019;KG
REGIMEN 3;ALMUERZO NORMAL 1;2026-10-05;POSTRE NORMAL 2;585;GELATINA DE FRESA;160;10208043200;GELATINA SABOR FRESA MACROFOOD 1KG;0.0071;1.136;BOL;1.136;KG
REGIMEN 3;ALMUERZO NORMAL 1;2026-10-05;POSTRE NORMAL 2;585;GELATINA DE FRESA;160;33598;CAJA CHICA - AGUA PARA RECETA - CH;0.1;16;LT;16;LT
REGIMEN 3;ALMUERZO NORMAL 1;2026-10-05;BEBIDA FRIA 1;370;LIMONADA;884;1010425038;AZUCAR RUBIA;0.015;13.26;KG;13.26;KG
REGIMEN 3;ALMUERZO NORMAL 1;2026-10-05;BEBIDA FRIA 1;370;LIMONADA;884;33598;CAJA CHICA - AGUA PARA RECETA - CH;0.2208;195.187;LT;195.187;LT
REGIMEN 3;ALMUERZO NORMAL 1;2026-10-05;BEBIDA FRIA 1;370;LIMONADA;884;4030227693;ZUMO DE LIMON CONGELADO;0.0071;6.25;KG;6.25;KG
REGIMEN 3;ALMUERZO NORMAL 1;2026-10-06;ENTRADA FRIA 1;105;SALPICON DE POLLO;451;40107038254;PECHUGA DE POLLO S/HUESO S/PIEL CONGELADO - IMPORTACION;0.035;15.785;KG;15.785;KG
REGIMEN 3;ALMUERZO NORMAL 1;2026-10-06;ENTRADA FRIA 1;105;SALPICON DE POLLO;451;50402042247;HUEVO ROJO (CAJA 11.5 KG);0.015;0.588;CAJ;6.765;KG
REGIMEN 3;ALMUERZO NORMAL 1;2026-10-06;ENTRADA FRIA 1;105;SALPICON DE POLLO;451;1020530600;PIMIENTA NEGRA MOLIDA 4 ESTACIONES 1 KG;0.0001;0.054;BOL;0.054;KG
REGIMEN 3;ALMUERZO NORMAL 1;2026-10-06;ENTRADA FRIA 1;105;SALPICON DE POLLO;451;10205037563;SAL DE COCINA SALINA 1 KG;0.0015;0.676;BOL;0.676;KG
REGIMEN 3;ALMUERZO NORMAL 1;2026-10-06;ENTRADA FRIA 1;105;SALPICON DE POLLO;451;101050446;MAYONESA ALACENA 4 LT;0.0107;1.201;BLD;4.803;KG
REGIMEN 3;ALMUERZO NORMAL 1;2026-10-06;ENTRADA FRIA 1;105;SALPICON DE POLLO;451;33598;CAJA CHICA - AGUA PARA RECETA - CH;0.004;1.804;LT;1.804;LT
REGIMEN 3;ALMUERZO NORMAL 1;2026-10-06;ENTRADA FRIA 1;105;SALPICON DE POLLO;451;101050456;VINAGRE BLANCO TRESA 4 LT;0.001;0.113;GLN;0.451;LT
REGIMEN 3;ALMUERZO NORMAL 1;2026-10-06;ENTRADA FRIA 1;105;SALPICON DE POLLO;451;103010001;ARVEJA GRANO PELADA CONGELADO;0.01;4.51;KG;4.51;KG
REGIMEN 3;ALMUERZO NORMAL 1;2026-10-06;ENTRADA FRIA 1;105;SALPICON DE POLLO;451;102010021;PEREJIL;0.003;1.353;KG;1.353;KG
REGIMEN 3;ALMUERZO NORMAL 1;2026-10-06;ENTRADA FRIA 1;105;SALPICON DE POLLO;451;102010029;ZANAHORIA;0.015;6.765;KG;6.765;KG
REGIMEN 3;ALMUERZO NORMAL 1;2026-10-06;ENTRADA FRIA 1;105;SALPICON DE POLLO;451;102010006;CEBOLLA ROJA;0.02;9.02;KG;9.02;KG
REGIMEN 3;ALMUERZO NORMAL 1;2026-10-06;ENTRADA FRIA 1;105;SALPICON DE POLLO;451;101050455;MOSTAZA TRESA 4 KG;0.001;0.113;BLD;0.451;KG
REGIMEN 3;ALMUERZO NORMAL 1;2026-10-06;ENTRADA FRIA 1;105;SALPICON DE POLLO;451;102010018;PAPA BLANCA;0.03;13.53;KG;13.53;KG
REGIMEN 3;ALMUERZO NORMAL 1;2026-10-06;ENTRADA FRIA 1;105;SALPICON DE POLLO;451;5060130729;ACEITUNA NEGRA RODAJA;0.007;3.157;KG;3.157;KG
REGIMEN 3;ALMUERZO NORMAL 1;2026-10-06;ENTRADA FRIA 1;105;SALPICON DE POLLO;451;102010027;TOMATE;0.02;9.02;KG;9.02;KG
REGIMEN 3;ALMUERZO NORMAL 1;2026-10-06;ENTRADA FRIA 1;105;SALPICON DE POLLO;451;102010052;VAINITA FRESCA;0.02;9.02;KG;9.02;KG
REGIMEN 3;ALMUERZO NORMAL 1;2026-10-06;COMPLEMENTO 1;1495;MAYONESA;265;101050498;MAYONESA ALACENA PERSONAL 10 GR (8CC);1;265;SCH;265;UND
REGIMEN 3;ALMUERZO NORMAL 1;2026-10-06;SOPA NORMAL 1;1841;SOPA DE CHOCHOCA CON POLLO;481;10205037563;SAL DE COCINA SALINA 1 KG;0.002;0.962;BOL;0.962;KG
REGIMEN 3;ALMUERZO NORMAL 1;2026-10-06;SOPA NORMAL 1;1841;SOPA DE CHOCHOCA CON POLLO;481;10101036994;ACEITE VEGETAL CIELO 5 LT;0.001;0.096;BID;0.481;LT
REGIMEN 3;ALMUERZO NORMAL 1;2026-10-06;SOPA NORMAL 1;1841;SOPA DE CHOCHOCA CON POLLO;481;10202041457;PASTA DE AJO CONCENTRADA EMIC 1 KG;0.001;0.481;BOL;0.481;KG
REGIMEN 3;ALMUERZO NORMAL 1;2026-10-06;SOPA NORMAL 1;1841;SOPA DE CHOCHOCA CON POLLO;481;102010006;CEBOLLA ROJA;0.01;4.81;KG;4.81;KG
REGIMEN 3;ALMUERZO NORMAL 1;2026-10-06;SOPA NORMAL 1;1841;SOPA DE CHOCHOCA CON POLLO;481;1020233296;PASTA DE AJI PANCA EMIC 1 KG;0.001;0.481;BOL;0.481;KG
REGIMEN 3;ALMUERZO NORMAL 1;2026-10-06;SOPA NORMAL 1;1841;SOPA DE CHOCHOCA CON POLLO;481;1020233295;PASTA DE AJI AMARILLO EMIC 1 KG;0.001;0.481;BOL;0.481;KG
REGIMEN 3;ALMUERZO NORMAL 1;2026-10-06;SOPA NORMAL 1;1841;SOPA DE CHOCHOCA CON POLLO;481;101100011;OREGANO ENTERO SAN JUAN MASIAS 1 KG;0.0001;0.058;BOL;0.058;KG
REGIMEN 3;ALMUERZO NORMAL 1;2026-10-06;SOPA NORMAL 1;1841;SOPA DE CHOCHOCA CON POLLO;481;103020026;PIERNA DE POLLO CON ENCUENTRO CONGELADO;0.075;36.075;KG;36.075;KG
REGIMEN 3;ALMUERZO NORMAL 1;2026-10-06;SOPA NORMAL 1;1841;SOPA DE CHOCHOCA CON POLLO;481;1010627003;HARINA DE CHOCHOCA KUMARA 5 KG;0.015;1.443;BOL;7.215;KG
REGIMEN 3;ALMUERZO NORMAL 1;2026-10-06;SOPA NORMAL 1;1841;SOPA DE CHOCHOCA CON POLLO;481;102010018;PAPA BLANCA;0.03;14.43;KG;14.43;KG
REGIMEN 3;ALMUERZO NORMAL 1;2026-10-06;SOPA NORMAL 1;1841;SOPA DE CHOCHOCA CON POLLO;481;4030232902;MIX DE SOPA COMPLETO CONGELADO - KGM;0.044;21.164;KG;21.164;KG
REGIMEN 3;ALMUERZO NORMAL 1;2026-10-06;SOPA NORMAL 1;1841;SOPA DE CHOCHOCA CON POLLO;481;5030224265;ZAPALLO MACRE EN CUBO LIBER 1.5 X 1.5 CM CONGELADO;0.005;2.405;KG;2.405;KG
REGIMEN 3;ALMUERZO NORMAL 1;2026-10-06;SOPA NORMAL 1;1841;SOPA DE CHOCHOCA CON POLLO;481;33598;CAJA CHICA - AGUA PARA RECETA - CH;0.3;144.3;LT;144.3;LT
REGIMEN 3;ALMUERZO NORMAL 1;2026-10-06;SOPA NORMAL 1;1841;SOPA DE CHOCHOCA CON POLLO;481;101020025;HIERBA BUENA;0.001;0.481;KG;0.481;KG
REGIMEN 3;ALMUERZO NORMAL 1;2026-10-06;SOPA NORMAL 1;1841;SOPA DE CHOCHOCA CON POLLO;481;1020530600;PIMIENTA NEGRA MOLIDA 4 ESTACIONES 1 KG;0.0001;0.058;BOL;0.058;KG
REGIMEN 3;ALMUERZO NORMAL 1;2026-10-06;SOPA NORMAL 1;1841;SOPA DE CHOCHOCA CON POLLO;481;101070178;CALDO DE GALLINA KNORR SACHET 1.5 KG;0.002;0.641;BOL;0.962;KG
REGIMEN 3;ALMUERZO NORMAL 1;2026-10-06;SOPA DIETA;126;CREMA DE VERDURAS;10;10101036994;ACEITE VEGETAL CIELO 5 LT;0.003;0.006;BID;0.03;LT
REGIMEN 3;ALMUERZO NORMAL 1;2026-10-06;SOPA DIETA;126;CREMA DE VERDURAS;10;50505037205;MARGARINA LA DANESA 220 GR;0.005;0.227;POT;0.05;KG
REGIMEN 3;ALMUERZO NORMAL 1;2026-10-06;SOPA DIETA;126;CREMA DE VERDURAS;10;505060015;QUESO PARMESANO LAIVE 35 GR;0.001;0.286;SCH;0.01;KG
REGIMEN 3;ALMUERZO NORMAL 1;2026-10-06;SOPA DIETA;126;CREMA DE VERDURAS;10;101100011;OREGANO ENTERO SAN JUAN MASIAS 1 KG;0.0001;0.001;BOL;0.001;KG
REGIMEN 3;ALMUERZO NORMAL 1;2026-10-06;SOPA DIETA;126;CREMA DE VERDURAS;10;1020530600;PIMIENTA NEGRA MOLIDA 4 ESTACIONES 1 KG;0.0001;0.001;BOL;0.001;KG
REGIMEN 3;ALMUERZO NORMAL 1;2026-10-06;SOPA DIETA;126;CREMA DE VERDURAS;10;10205037563;SAL DE COCINA SALINA 1 KG;0.003;0.03;BOL;0.03;KG
REGIMEN 3;ALMUERZO NORMAL 1;2026-10-06;SOPA DIETA;126;CREMA DE VERDURAS;10;10202041457;PASTA DE AJO CONCENTRADA EMIC 1 KG;0.001;0.01;BOL;0.01;KG
REGIMEN 3;ALMUERZO NORMAL 1;2026-10-06;SOPA DIETA;126;CREMA DE VERDURAS;10;102010004;APIO;0.011;0.11;KG;0.11;KG
REGIMEN 3;ALMUERZO NORMAL 1;2026-10-06;SOPA DIETA;126;CREMA DE VERDURAS;10;102010006;CEBOLLA ROJA;0.01;0.1;KG;0.1;KG
REGIMEN 3;ALMUERZO NORMAL 1;2026-10-06;SOPA DIETA;126;CREMA DE VERDURAS;10;102010015;NABO;0.009;0.09;KG;0.09;KG
REGIMEN 3;ALMUERZO NORMAL 1;2026-10-06;SOPA DIETA;126;CREMA DE VERDURAS;10;102010018;PAPA BLANCA;0.035;0.35;KG;0.35;KG
REGIMEN 3;ALMUERZO NORMAL 1;2026-10-06;SOPA DIETA;126;CREMA DE VERDURAS;10;102010021;PEREJIL;0.001;0.01;KG;0.01;KG
REGIMEN 3;ALMUERZO NORMAL 1;2026-10-06;SOPA DIETA;126;CREMA DE VERDURAS;10;102010024;PORO;0.011;0.11;KG;0.11;KG
REGIMEN 3;ALMUERZO NORMAL 1;2026-10-06;SOPA DIETA;126;CREMA DE VERDURAS;10;102010029;ZANAHORIA;0.02;0.2;KG;0.2;KG
REGIMEN 3;ALMUERZO NORMAL 1;2026-10-06;SOPA DIETA;126;CREMA DE VERDURAS;10;5030224265;ZAPALLO MACRE EN CUBO LIBER 1.5 X 1.5 CM CONGELADO;0.015;0.15;KG;0.15;KG
REGIMEN 3;ALMUERZO NORMAL 1;2026-10-06;SOPA DIETA;126;CREMA DE VERDURAS;10;10107039479;LECHE EVAPORADA (CONCENTRADA) LAIVE BOLSITARRO 800 ML;0.015;0.187;BOL;0.15;LT
REGIMEN 3;ALMUERZO NORMAL 1;2026-10-06;SOPA DIETA;126;CREMA DE VERDURAS;10;10106037527;HARINA ESPECIAL DEL CIELO GRANEL SACO 50 KG;0.01;0.002;SCO;0.1;KG
REGIMEN 3;ALMUERZO NORMAL 1;2026-10-06;SOPA DIETA;126;CREMA DE VERDURAS;10;33598;CAJA CHICA - AGUA PARA RECETA - CH;0.3;3;LT;3;LT
REGIMEN 3;ALMUERZO NORMAL 1;2026-10-06;SOPA DIETA;126;CREMA DE VERDURAS;10;101070178;CALDO DE GALLINA KNORR SACHET 1.5 KG;0.001;0.007;BOL;0.01;KG
REGIMEN 3;ALMUERZO NORMAL 1;2026-10-06;SOPA DIETA;126;CREMA DE VERDURAS;10;103010005;CHOCLO DESGRANADO CONGELADO;0.01;0.1;KG;0.1;KG
REGIMEN 3;ALMUERZO NORMAL 1;2026-10-06;SOPA DIETA;126;CREMA DE VERDURAS;10;102010054;ESPINACA FRESCA;0.03;0.3;KG;0.3;KG
REGIMEN 3;ALMUERZO NORMAL 1;2026-10-06;PLATO DE FONDO NORMAL 1;1013;POLL - POLLO A LA JARDINERA;311;10101036994;ACEITE VEGETAL CIELO 5 LT;0.002;0.124;BID;0.622;LT
REGIMEN 3;ALMUERZO NORMAL 1;2026-10-06;PLATO DE FONDO NORMAL 1;1013;POLL - POLLO A LA JARDINERA;311;103020027;POLLO SIN MENUDENCIA CONGELADO RANGO 1.428 - 1.611 KG (SAN FERNANDO);0.066;20.526;KG;20.526;KG
REGIMEN 3;ALMUERZO NORMAL 1;2026-10-06;PLATO DE FONDO NORMAL 1;1013;POLL - POLLO A LA JARDINERA;311;103020026;PIERNA DE POLLO CON ENCUENTRO CONGELADO;0.217;67.487;KG;67.487;KG
REGIMEN 3;ALMUERZO NORMAL 1;2026-10-06;PLATO DE FONDO NORMAL 1;1013;POLL - POLLO A LA JARDINERA;311;1020530572;COMINO MOLIDO 4 ESTACIONES 1 KG;0;0.006;BOL;0.006;KG
REGIMEN 3;ALMUERZO NORMAL 1;2026-10-06;PLATO DE FONDO NORMAL 1;1013;POLL - POLLO A LA JARDINERA;311;1020530600;PIMIENTA NEGRA MOLIDA 4 ESTACIONES 1 KG;0.0001;0.019;BOL;0.019;KG
REGIMEN 3;ALMUERZO NORMAL 1;2026-10-06;PLATO DE FONDO NORMAL 1;1013;POLL - POLLO A LA JARDINERA;311;1020222487;PRE ELABORADO RAM BASE AMARILLA 1 KG;0.02;6.22;BOL;6.22;KG
REGIMEN 3;ALMUERZO NORMAL 1;2026-10-06;PLATO DE FONDO NORMAL 1;1013;POLL - POLLO A LA JARDINERA;311;10205037563;SAL DE COCINA SALINA 1 KG;0.002;0.622;BOL;0.622;KG
REGIMEN 3;ALMUERZO NORMAL 1;2026-10-06;PLATO DE FONDO NORMAL 1;1013;POLL - POLLO A LA JARDINERA;311;102010022;PIMIENTO ROJO;0.01;3.11;KG;3.11;KG
REGIMEN 3;ALMUERZO NORMAL 1;2026-10-06;PLATO DE FONDO NORMAL 1;1013;POLL - POLLO A LA JARDINERA;311;102010052;VAINITA FRESCA;0.015;4.665;KG;4.665;KG
REGIMEN 3;ALMUERZO NORMAL 1;2026-10-06;PLATO DE FONDO NORMAL 1;1013;POLL - POLLO A LA JARDINERA;311;102010029;ZANAHORIA;0.01;3.11;KG;3.11;KG
REGIMEN 3;ALMUERZO NORMAL 1;2026-10-06;PLATO DE FONDO NORMAL 1;1013;POLL - POLLO A LA JARDINERA;311;101070178;CALDO DE GALLINA KNORR SACHET 1.5 KG;0.0001;0.012;BOL;0.019;KG
REGIMEN 3;ALMUERZO NORMAL 1;2026-10-06;PLATO DE FONDO NORMAL 1;1013;POLL - POLLO A LA JARDINERA;311;101100011;OREGANO ENTERO SAN JUAN MASIAS 1 KG;0.0001;0.037;BOL;0.037;KG
REGIMEN 3;ALMUERZO NORMAL 1;2026-10-06;PLATO DE FONDO NORMAL 1;1013;POLL - POLLO A LA JARDINERA;311;33598;CAJA CHICA - AGUA PARA RECETA - CH;0.03;9.33;LT;9.33;LT
REGIMEN 3;ALMUERZO NORMAL 1;2026-10-06;PLATO DE FONDO NORMAL 1;1013;POLL - POLLO A LA JARDINERA;311;10106040287;MAICENA DURYEA 500 GR;0.003;1.866;CAJ;0.933;KG
REGIMEN 3;ALMUERZO NORMAL 1;2026-10-06;PLATO DE FONDO NORMAL 1;1013;POLL - POLLO A LA JARDINERA;311;1020530581;LAUREL 4 ESTACIONES 1 KG;0.0001;0.037;BOL;0.037;KG
REGIMEN 3;ALMUERZO NORMAL 1;2026-10-06;PLATO DE FONDO NORMAL 2;1247;RES - LOCRO DE PECHO;197;10101036994;ACEITE VEGETAL CIELO 5 LT;0.002;0.079;BID;0.394;LT
REGIMEN 3;ALMUERZO NORMAL 1;2026-10-06;PLATO DE FONDO NORMAL 2;1247;RES - LOCRO DE PECHO;197;40108037515;RES - GUISO CONGELADO (DON GOYO);0.16;31.52;KG;31.52;KG
REGIMEN 3;ALMUERZO NORMAL 1;2026-10-06;PLATO DE FONDO NORMAL 2;1247;RES - LOCRO DE PECHO;197;102010004;APIO;0.005;0.985;KG;0.985;KG
REGIMEN 3;ALMUERZO NORMAL 1;2026-10-06;PLATO DE FONDO NORMAL 2;1247;RES - LOCRO DE PECHO;197;102010024;PORO;0.005;0.985;KG;0.985;KG
REGIMEN 3;ALMUERZO NORMAL 1;2026-10-06;PLATO DE FONDO NORMAL 2;1247;RES - LOCRO DE PECHO;197;1020222489;PRE ELABORADO RAM BASE CRIOLLA 1 KG;0.008;1.576;BOL;1.576;KG
REGIMEN 3;ALMUERZO NORMAL 1;2026-10-06;PLATO DE FONDO NORMAL 2;1247;RES - LOCRO DE PECHO;197;102010029;ZANAHORIA;0.005;0.985;KG;0.985;KG
REGIMEN 3;ALMUERZO NORMAL 1;2026-10-06;PLATO DE FONDO NORMAL 2;1247;RES - LOCRO DE PECHO;197;33598;CAJA CHICA - AGUA PARA RECETA - CH;0.03;5.91;LT;5.91;LT
REGIMEN 3;ALMUERZO NORMAL 1;2026-10-06;PLATO DE FONDO NORMAL 2;1247;RES - LOCRO DE PECHO;197;1020530600;PIMIENTA NEGRA MOLIDA 4 ESTACIONES 1 KG;0.0001;0.024;BOL;0.024;KG
REGIMEN 3;ALMUERZO NORMAL 1;2026-10-06;PLATO DE FONDO NORMAL 2;1247;RES - LOCRO DE PECHO;197;101020025;HIERBA BUENA;0.003;0.591;KG;0.591;KG
REGIMEN 3;ALMUERZO NORMAL 1;2026-10-06;PLATO DE FONDO NORMAL 2;1247;RES - LOCRO DE PECHO;197;102010018;PAPA BLANCA;0.12;23.64;KG;23.64;KG
REGIMEN 3;ALMUERZO NORMAL 1;2026-10-06;PLATO DE FONDO NORMAL 2;1247;RES - LOCRO DE PECHO;197;101100011;OREGANO ENTERO SAN JUAN MASIAS 1 KG;0.0001;0.024;BOL;0.024;KG
REGIMEN 3;ALMUERZO NORMAL 1;2026-10-06;PLATO DE FONDO NORMAL 2;1247;RES - LOCRO DE PECHO;197;103010001;ARVEJA GRANO PELADA CONGELADO;0.01;1.97;KG;1.97;KG
REGIMEN 3;ALMUERZO NORMAL 1;2026-10-06;PLATO DE FONDO NORMAL 2;1247;RES - LOCRO DE PECHO;197;10205037563;SAL DE COCINA SALINA 1 KG;0.002;0.394;BOL;0.394;KG
REGIMEN 3;ALMUERZO NORMAL 1;2026-10-06;ENSALADA CON CARNICO;480;ENSALADA PRIMAVERAL CON POLLO TL;5;40107038254;PECHUGA DE POLLO S/HUESO S/PIEL CONGELADO - IMPORTACION;0.16;0.8;KG;0.8;KG
REGIMEN 3;ALMUERZO NORMAL 1;2026-10-06;ENSALADA CON CARNICO;480;ENSALADA PRIMAVERAL CON POLLO TL;5;1020530600;PIMIENTA NEGRA MOLIDA 4 ESTACIONES 1 KG;0.0001;0.001;BOL;0.001;KG
REGIMEN 3;ALMUERZO NORMAL 1;2026-10-06;ENSALADA CON CARNICO;480;ENSALADA PRIMAVERAL CON POLLO TL;5;10205037563;SAL DE COCINA SALINA 1 KG;0.0015;0.008;BOL;0.008;KG
REGIMEN 3;ALMUERZO NORMAL 1;2026-10-06;ENSALADA CON CARNICO;480;ENSALADA PRIMAVERAL CON POLLO TL;5;33598;CAJA CHICA - AGUA PARA RECETA - CH;0.005;0.025;LT;0.025;LT
REGIMEN 3;ALMUERZO NORMAL 1;2026-10-06;ENSALADA CON CARNICO;480;ENSALADA PRIMAVERAL CON POLLO TL;5;101050446;MAYONESA ALACENA 4 LT;0.01;0.012;BLD;0.05;KG
REGIMEN 3;ALMUERZO NORMAL 1;2026-10-06;ENSALADA CON CARNICO;480;ENSALADA PRIMAVERAL CON POLLO TL;5;70046;LECHUGA AMERICANA;0.01;0.05;KG;0.05;KG
REGIMEN 3;ALMUERZO NORMAL 1;2026-10-06;ENSALADA CON CARNICO;480;ENSALADA PRIMAVERAL CON POLLO TL;5;102020016;PIÑA;0.03;0.15;KG;0.15;KG
REGIMEN 3;ALMUERZO NORMAL 1;2026-10-06;ENSALADA CON CARNICO;480;ENSALADA PRIMAVERAL CON POLLO TL;5;102010022;PIMIENTO ROJO;0.015;0.075;KG;0.075;KG
REGIMEN 3;ALMUERZO NORMAL 1;2026-10-06;ENSALADA CON CARNICO;480;ENSALADA PRIMAVERAL CON POLLO TL;5;103010016;VAINITA EN TROZOS CONGELADA;0.02;0.1;KG;0.1;KG
REGIMEN 3;ALMUERZO NORMAL 1;2026-10-06;ENSALADA CON CARNICO;480;ENSALADA PRIMAVERAL CON POLLO TL;5;102010029;ZANAHORIA;0.015;0.075;KG;0.075;KG
REGIMEN 3;ALMUERZO NORMAL 1;2026-10-06;PLATO DE FONDO DIETA;477;POLL - POLLO CON VERDURAS CHINAS;16;10101036994;ACEITE VEGETAL CIELO 5 LT;0.002;0.006;BID;0.032;LT
REGIMEN 3;ALMUERZO NORMAL 1;2026-10-06;PLATO DE FONDO DIETA;477;POLL - POLLO CON VERDURAS CHINAS;16;103020027;POLLO SIN MENUDENCIA CONGELADO RANGO 1.428 - 1.611 KG (SAN FERNANDO);0.066;1.056;KG;1.056;KG
REGIMEN 3;ALMUERZO NORMAL 1;2026-10-06;PLATO DE FONDO DIETA;477;POLL - POLLO CON VERDURAS CHINAS;16;103020026;PIERNA DE POLLO CON ENCUENTRO CONGELADO;0.217;3.472;KG;3.472;KG
REGIMEN 3;ALMUERZO NORMAL 1;2026-10-06;PLATO DE FONDO DIETA;477;POLL - POLLO CON VERDURAS CHINAS;16;10205037563;SAL DE COCINA SALINA 1 KG;0.002;0.032;BOL;0.032;KG
REGIMEN 3;ALMUERZO NORMAL 1;2026-10-06;PLATO DE FONDO DIETA;477;POLL - POLLO CON VERDURAS CHINAS;16;101050560;SALSA MENSI KIKKO 350 ML PET;0.001;0.041;BOT;0.016;KG
REGIMEN 3;ALMUERZO NORMAL 1;2026-10-06;PLATO DE FONDO DIETA;477;POLL - POLLO CON VERDURAS CHINAS;16;101050423;SALSA SILLAU TRESA 4 LT;0.005;0.02;GLN;0.08;LT
REGIMEN 3;ALMUERZO NORMAL 1;2026-10-06;PLATO DE FONDO DIETA;477;POLL - POLLO CON VERDURAS CHINAS;16;102010007;CEBOLLA CHINA;0.01;0.16;KG;0.16;KG
REGIMEN 3;ALMUERZO NORMAL 1;2026-10-06;PLATO DE FONDO DIETA;477;POLL - POLLO CON VERDURAS CHINAS;16;102010043;COL CHINA;0.025;0.4;KG;0.4;KG
REGIMEN 3;ALMUERZO NORMAL 1;2026-10-06;PLATO DE FONDO DIETA;477;POLL - POLLO CON VERDURAS CHINAS;16;102010040;COLANTAO;0.01;0.16;KG;0.16;KG
REGIMEN 3;ALMUERZO NORMAL 1;2026-10-06;PLATO DE FONDO DIETA;477;POLL - POLLO CON VERDURAS CHINAS;16;102010055;FRIJOL CHINO;0.01;0.16;KG;0.16;KG
REGIMEN 3;ALMUERZO NORMAL 1;2026-10-06;PLATO DE FONDO DIETA;477;POLL - POLLO CON VERDURAS CHINAS;16;102010022;PIMIENTO ROJO;0.015;0.24;KG;0.24;KG
REGIMEN 3;ALMUERZO NORMAL 1;2026-10-06;PLATO DE FONDO DIETA;477;POLL - POLLO CON VERDURAS CHINAS;16;33598;CAJA CHICA - AGUA PARA RECETA - CH;0.02;0.32;LT;0.32;LT
REGIMEN 3;ALMUERZO NORMAL 1;2026-10-06;PLATO DE FONDO DIETA;477;POLL - POLLO CON VERDURAS CHINAS;16;10106040287;MAICENA DURYEA 500 GR;0.003;0.096;CAJ;0.048;KG
REGIMEN 3;ALMUERZO NORMAL 1;2026-10-06;PLATO DE FONDO DIETA;477;POLL - POLLO CON VERDURAS CHINAS;16;102010006;CEBOLLA ROJA;0.015;0.24;KG;0.24;KG
REGIMEN 3;ALMUERZO NORMAL 1;2026-10-06;PLATO DE FONDO DIETA;477;POLL - POLLO CON VERDURAS CHINAS;16;1020530674;KION MOLIDO SECO 4 ESTACIONES 250 GR;0.0005;0.032;BOL;0.008;KG
REGIMEN 3;ALMUERZO NORMAL 1;2026-10-06;PLATO DE FONDO DIETA;477;POLL - POLLO CON VERDURAS CHINAS;16;103010003;BROCOLI PRE COCIDO 30/60 CONGELADO;0.015;0.24;KG;0.24;KG
REGIMEN 3;ALMUERZO NORMAL 1;2026-10-06;PLATO DE FONDO DIETA;477;POLL - POLLO CON VERDURAS CHINAS;16;1010425038;AZUCAR RUBIA;0.001;0.016;KG;0.016;KG
REGIMEN 3;ALMUERZO NORMAL 1;2026-10-06;PLATO DE FONDO DIETA;477;POLL - POLLO CON VERDURAS CHINAS;16;1020530600;PIMIENTA NEGRA MOLIDA 4 ESTACIONES 1 KG;0.0001;0.002;BOL;0.002;KG
REGIMEN 3;ALMUERZO NORMAL 1;2026-10-06;PLATO DE FONDO DIETA;477;POLL - POLLO CON VERDURAS CHINAS;16;10202041457;PASTA DE AJO CONCENTRADA EMIC 1 KG;0.002;0.032;BOL;0.032;KG
REGIMEN 3;ALMUERZO NORMAL 1;2026-10-06;PLATO DE FONDO DIETA;477;POLL - POLLO CON VERDURAS CHINAS;16;10209044721;SALSA OSTION NAKAMITO 270 ML (EMER);0.001;0.059;FCO;0.016;LT
REGIMEN 3;ALMUERZO NORMAL 1;2026-10-06;GUARNICION ARROZ;270;ARROZ BLANCO;477;10101036994;ACEITE VEGETAL CIELO 5 LT;0.006;0.572;BID;2.862;LT
REGIMEN 3;ALMUERZO NORMAL 1;2026-10-06;GUARNICION ARROZ;270;ARROZ BLANCO;477;10205037563;SAL DE COCINA SALINA 1 KG;0.003;1.431;BOL;1.431;KG
REGIMEN 3;ALMUERZO NORMAL 1;2026-10-06;GUARNICION ARROZ;270;ARROZ BLANCO;477;10202041457;PASTA DE AJO CONCENTRADA EMIC 1 KG;0.003;1.431;BOL;1.431;KG
REGIMEN 3;ALMUERZO NORMAL 1;2026-10-06;GUARNICION ARROZ;270;ARROZ BLANCO;477;10102041614;ARROZ COSTEÑO EXTRA HOJA REDONDA AÑEJO 50 KG;0.12;1.145;SCO;57.24;KG
REGIMEN 3;ALMUERZO NORMAL 1;2026-10-06;GUARNICION ARROZ;270;ARROZ BLANCO;477;33598;CAJA CHICA - AGUA PARA RECETA - CH;0.12;57.24;LT;57.24;LT
REGIMEN 3;ALMUERZO NORMAL 1;2026-10-06;GUARNICION 1;327;YUCA SANCOCHADA;311;10205037563;SAL DE COCINA SALINA 1 KG;0.001;0.311;BOL;0.311;KG
REGIMEN 3;ALMUERZO NORMAL 1;2026-10-06;GUARNICION 1;327;YUCA SANCOCHADA;311;103010017;YUCA  CONGELADA;0.09;27.99;KG;27.99;KG
REGIMEN 3;ALMUERZO NORMAL 1;2026-10-06;GUARNICION DIETA 1;937;VERDURAS COCIDAS;16;10101036994;ACEITE VEGETAL CIELO 5 LT;0.001;0.003;BID;0.016;LT
REGIMEN 3;ALMUERZO NORMAL 1;2026-10-06;GUARNICION DIETA 1;937;VERDURAS COCIDAS;16;50505037205;MARGARINA LA DANESA 220 GR;0.005;0.364;POT;0.08;KG
REGIMEN 3;ALMUERZO NORMAL 1;2026-10-06;GUARNICION DIETA 1;937;VERDURAS COCIDAS;16;1020530600;PIMIENTA NEGRA MOLIDA 4 ESTACIONES 1 KG;0.0001;0.002;BOL;0.002;KG
REGIMEN 3;ALMUERZO NORMAL 1;2026-10-06;GUARNICION DIETA 1;937;VERDURAS COCIDAS;16;10205037563;SAL DE COCINA SALINA 1 KG;0.002;0.032;BOL;0.032;KG
REGIMEN 3;ALMUERZO NORMAL 1;2026-10-06;GUARNICION DIETA 1;937;VERDURAS COCIDAS;16;103010001;ARVEJA GRANO PELADA CONGELADO;0.02;0.32;KG;0.32;KG
REGIMEN 3;ALMUERZO NORMAL 1;2026-10-06;GUARNICION DIETA 1;937;VERDURAS COCIDAS;16;102010052;VAINITA FRESCA;0.02;0.32;KG;0.32;KG
REGIMEN 3;ALMUERZO NORMAL 1;2026-10-06;GUARNICION DIETA 1;937;VERDURAS COCIDAS;16;102010029;ZANAHORIA;0.015;0.24;KG;0.24;KG
REGIMEN 3;ALMUERZO NORMAL 1;2026-10-06;GUARNICION DIETA 1;937;VERDURAS COCIDAS;16;102010018;PAPA BLANCA;0.1;1.6;KG;1.6;KG
REGIMEN 3;ALMUERZO NORMAL 1;2026-10-06;GUARNICION DIETA 1;937;VERDURAS COCIDAS;16;102010021;PEREJIL;0.002;0.032;KG;0.032;KG
REGIMEN 3;ALMUERZO NORMAL 1;2026-10-06;GUARNICION DIETA 1;937;VERDURAS COCIDAS;16;102010030;ZAPALLITO ITALIANO;0.025;0.4;KG;0.4;KG
REGIMEN 3;ALMUERZO NORMAL 1;2026-10-06;COM SALAD BAR 1;1067;SALAD BAR II;263;102010029;ZANAHORIA;0.03;7.89;KG;7.89;KG
REGIMEN 3;ALMUERZO NORMAL 1;2026-10-06;COM SALAD BAR 1;1067;SALAD BAR II;263;70046;LECHUGA AMERICANA;0.06;15.78;KG;15.78;KG
REGIMEN 3;ALMUERZO NORMAL 1;2026-10-06;COM SALAD BAR 1;1067;SALAD BAR II;263;102010027;TOMATE;0.03;7.89;KG;7.89;KG
REGIMEN 3;ALMUERZO NORMAL 1;2026-10-06;ISLA 1;719;LIMON;380;102020001;LIMON VERDE EXTRA;0.015;5.7;KG;5.7;KG
REGIMEN 3;ALMUERZO NORMAL 1;2026-10-06;ISLA 2;4323;AJI - ROCOTO PICADO;201;1020530600;PIMIENTA NEGRA MOLIDA 4 ESTACIONES 1 KG;0.0001;0.02;BOL;0.02;KG
REGIMEN 3;ALMUERZO NORMAL 1;2026-10-06;ISLA 2;4323;AJI - ROCOTO PICADO;201;4030227693;ZUMO DE LIMON CONGELADO;0.002;0.402;KG;0.402;KG
REGIMEN 3;ALMUERZO NORMAL 1;2026-10-06;ISLA 2;4323;AJI - ROCOTO PICADO;201;10205037563;SAL DE COCINA SALINA 1 KG;0.001;0.201;BOL;0.201;KG
REGIMEN 3;ALMUERZO NORMAL 1;2026-10-06;ISLA 2;4323;AJI - ROCOTO PICADO;201;102010034;ROCOTO;0.01;2.01;KG;2.01;KG
REGIMEN 3;ALMUERZO NORMAL 1;2026-10-06;ISLA 2;4323;AJI - ROCOTO PICADO;201;10101036994;ACEITE VEGETAL CIELO 5 LT;0.003;0.121;BID;0.603;LT
REGIMEN 3;ALMUERZO NORMAL 1;2026-10-06;ISLA 3;524;ALCUZA;26;1010124225;ACEITE DE OLIVA VIRGEN KUSASA 4 LT;0.002;0.013;GLN;0.052;LT
REGIMEN 3;ALMUERZO NORMAL 1;2026-10-06;ISLA 3;524;ALCUZA;26;1020530600;PIMIENTA NEGRA MOLIDA 4 ESTACIONES 1 KG;0.001;0.026;BOL;0.026;KG
REGIMEN 3;ALMUERZO NORMAL 1;2026-10-06;ISLA 3;524;ALCUZA;26;10205037563;SAL DE COCINA SALINA 1 KG;0.001;0.026;BOL;0.026;KG
REGIMEN 3;ALMUERZO NORMAL 1;2026-10-06;ISLA 3;524;ALCUZA;26;101050456;VINAGRE BLANCO TRESA 4 LT;0.001;0.007;GLN;0.026;LT
REGIMEN 3;ALMUERZO NORMAL 1;2026-10-06;ISLA 4;1096;SALSA VINAGRETA;80;101100011;OREGANO ENTERO SAN JUAN MASIAS 1 KG;0.0001;0.01;BOL;0.01;KG
REGIMEN 3;ALMUERZO NORMAL 1;2026-10-06;ISLA 4;1096;SALSA VINAGRETA;80;1020530600;PIMIENTA NEGRA MOLIDA 4 ESTACIONES 1 KG;0.0001;0.01;BOL;0.01;KG
REGIMEN 3;ALMUERZO NORMAL 1;2026-10-06;ISLA 4;1096;SALSA VINAGRETA;80;10205037563;SAL DE COCINA SALINA 1 KG;0.002;0.16;BOL;0.16;KG
REGIMEN 3;ALMUERZO NORMAL 1;2026-10-06;ISLA 4;1096;SALSA VINAGRETA;80;101050446;MAYONESA ALACENA 4 LT;0.0067;0.134;BLD;0.536;KG
REGIMEN 3;ALMUERZO NORMAL 1;2026-10-06;ISLA 4;1096;SALSA VINAGRETA;80;101050455;MOSTAZA TRESA 4 KG;0.002;0.04;BLD;0.16;KG
REGIMEN 3;ALMUERZO NORMAL 1;2026-10-06;ISLA 4;1096;SALSA VINAGRETA;80;101050456;VINAGRE BLANCO TRESA 4 LT;0.004;0.08;GLN;0.32;LT
REGIMEN 3;ALMUERZO NORMAL 1;2026-10-06;ISLA 4;1096;SALSA VINAGRETA;80;33598;CAJA CHICA - AGUA PARA RECETA - CH;0.0033;0.264;LT;0.264;LT
REGIMEN 3;ALMUERZO NORMAL 1;2026-10-06;ISLA 5;2506;SALSA DE AJI SACHET;16;10209038312;SALSA DE AJI CASERO TRESA 8/10 GR;1;16;SCH;16;UND
REGIMEN 3;ALMUERZO NORMAL 1;2026-10-06;ISLA 6;4325;AJI - ROCOTO Y AJI LIMO PICADO CON CEBOLLA ROJA;25;1020530600;PIMIENTA NEGRA MOLIDA 4 ESTACIONES 1 KG;0.0001;0.002;BOL;0.002;KG
REGIMEN 3;ALMUERZO NORMAL 1;2026-10-06;ISLA 6;4325;AJI - ROCOTO Y AJI LIMO PICADO CON CEBOLLA ROJA;25;4030227693;ZUMO DE LIMON CONGELADO;0.002;0.05;KG;0.05;KG
REGIMEN 3;ALMUERZO NORMAL 1;2026-10-06;ISLA 6;4325;AJI - ROCOTO Y AJI LIMO PICADO CON CEBOLLA ROJA;25;10205037563;SAL DE COCINA SALINA 1 KG;0.001;0.025;BOL;0.025;KG
REGIMEN 3;ALMUERZO NORMAL 1;2026-10-06;ISLA 6;4325;AJI - ROCOTO Y AJI LIMO PICADO CON CEBOLLA ROJA;25;102010034;ROCOTO;0.01;0.25;KG;0.25;KG
REGIMEN 3;ALMUERZO NORMAL 1;2026-10-06;ISLA 6;4325;AJI - ROCOTO Y AJI LIMO PICADO CON CEBOLLA ROJA;25;102010001;AJI LIMO;0.002;0.05;KG;0.05;KG
REGIMEN 3;ALMUERZO NORMAL 1;2026-10-06;ISLA 6;4325;AJI - ROCOTO Y AJI LIMO PICADO CON CEBOLLA ROJA;25;102010007;CEBOLLA CHINA;0.0001;0.002;KG;0.002;KG
REGIMEN 3;ALMUERZO NORMAL 1;2026-10-06;ISLA 6;4325;AJI - ROCOTO Y AJI LIMO PICADO CON CEBOLLA ROJA;25;102010006;CEBOLLA ROJA;0.004;0.1;KG;0.1;KG
REGIMEN 3;ALMUERZO NORMAL 1;2026-10-06;ISLA 6;4325;AJI - ROCOTO Y AJI LIMO PICADO CON CEBOLLA ROJA;25;10101036994;ACEITE VEGETAL CIELO 5 LT;0.003;0.015;BID;0.075;LT
REGIMEN 3;ALMUERZO NORMAL 1;2026-10-06;ISLA 7;4328;AJI - CREMA DE AJI AMARILLO;26;1020530600;PIMIENTA NEGRA MOLIDA 4 ESTACIONES 1 KG;0.0001;0.003;BOL;0.003;KG
REGIMEN 3;ALMUERZO NORMAL 1;2026-10-06;ISLA 7;4328;AJI - CREMA DE AJI AMARILLO;26;10205037563;SAL DE COCINA SALINA 1 KG;0.002;0.052;BOL;0.052;KG
REGIMEN 3;ALMUERZO NORMAL 1;2026-10-06;ISLA 7;4328;AJI - CREMA DE AJI AMARILLO;26;102010041;AJI AMARILLO X KG;0.005;0.13;KG;0.13;KG
REGIMEN 3;ALMUERZO NORMAL 1;2026-10-06;ISLA 7;4328;AJI - CREMA DE AJI AMARILLO;26;102010001;AJI LIMO;0.001;0.026;KG;0.026;KG
REGIMEN 3;ALMUERZO NORMAL 1;2026-10-06;ISLA 7;4328;AJI - CREMA DE AJI AMARILLO;26;33598;CAJA CHICA - AGUA PARA RECETA - CH;0.005;0.13;LT;0.13;LT
REGIMEN 3;ALMUERZO NORMAL 1;2026-10-06;ISLA 7;4328;AJI - CREMA DE AJI AMARILLO;26;102010006;CEBOLLA ROJA;0.005;0.13;KG;0.13;KG
REGIMEN 3;ALMUERZO NORMAL 1;2026-10-06;ISLA 7;4328;AJI - CREMA DE AJI AMARILLO;26;102010036;HUACATAY;0.002;0.052;KG;0.052;KG
REGIMEN 3;ALMUERZO NORMAL 1;2026-10-06;ISLA 7;4328;AJI - CREMA DE AJI AMARILLO;26;10202041457;PASTA DE AJO CONCENTRADA EMIC 1 KG;0.001;0.026;BOL;0.026;KG
REGIMEN 3;ALMUERZO NORMAL 1;2026-10-06;ISLA 7;4328;AJI - CREMA DE AJI AMARILLO;26;10101036994;ACEITE VEGETAL CIELO 5 LT;0.003;0.016;BID;0.078;LT
REGIMEN 3;ALMUERZO NORMAL 1;2026-10-06;FRUTA 1;1150;GRANADILLA;265;102020034;GRANADILLA;0.11;29.15;KG;29.15;KG
REGIMEN 3;ALMUERZO NORMAL 1;2026-10-06;POSTRE NORMAL 1;542;KEKE DE PLATANO;159;10106037527;HARINA ESPECIAL DEL CIELO GRANEL SACO 50 KG;0.025;0.08;SCO;3.975;KG
REGIMEN 3;ALMUERZO NORMAL 1;2026-10-06;POSTRE NORMAL 1;542;KEKE DE PLATANO;159;1010425038;AZUCAR RUBIA;0.0191;3.037;KG;3.037;KG
REGIMEN 3;ALMUERZO NORMAL 1;2026-10-06;POSTRE NORMAL 1;542;KEKE DE PLATANO;159;5040231670;HUEVO LIQUIDO CONGELADO 2 KG;0.025;1.988;PQT;3.975;KG
REGIMEN 3;ALMUERZO NORMAL 1;2026-10-06;POSTRE NORMAL 1;542;KEKE DE PLATANO;159;33598;CAJA CHICA - AGUA PARA RECETA - CH;0.0304;4.834;LT;4.834;LT
REGIMEN 3;ALMUERZO NORMAL 1;2026-10-06;POSTRE NORMAL 1;542;KEKE DE PLATANO;159;10101036994;ACEITE VEGETAL CIELO 5 LT;0.0104;0.331;BID;1.654;LT
REGIMEN 3;ALMUERZO NORMAL 1;2026-10-06;POSTRE NORMAL 1;542;KEKE DE PLATANO;159;101060423;POLVO DE HORNEAR LEVAPAN 4 KG;0.0008;0.032;BOL;0.127;KG
REGIMEN 3;ALMUERZO NORMAL 1;2026-10-06;POSTRE NORMAL 1;542;KEKE DE PLATANO;159;101060562;ESCENCIA DE VAINILLA NEGRITA 1 LT PET;0.0001;0.016;BOT;0.016;LT
REGIMEN 3;ALMUERZO NORMAL 1;2026-10-06;POSTRE NORMAL 1;542;KEKE DE PLATANO;159;102020017;PLATANO DE SEDA;0.0122;1.94;KG;1.94;KG
REGIMEN 3;ALMUERZO NORMAL 1;2026-10-06;POSTRE NORMAL 1;542;KEKE DE PLATANO;159;50505037205;MARGARINA LA DANESA 220 GR;0.015;10.841;POT;2.385;KG
REGIMEN 3;ALMUERZO NORMAL 1;2026-10-06;POSTRE NORMAL 1;542;KEKE DE PLATANO;159;10107039479;LECHE EVAPORADA (CONCENTRADA) LAIVE BOLSITARRO 800 ML;0.015;2.981;BOL;2.385;LT
REGIMEN 3;ALMUERZO NORMAL 1;2026-10-06;POSTRE NORMAL 2;583;GELATINA DE PIÑA;106;10208043258;GELATINA SABOR PIÑA MACROFOOD 1KG;0.0071;0.753;BOL;0.753;KG
REGIMEN 3;ALMUERZO NORMAL 1;2026-10-06;POSTRE NORMAL 2;583;GELATINA DE PIÑA;106;33598;CAJA CHICA - AGUA PARA RECETA - CH;0.1;10.6;LT;10.6;LT
REGIMEN 3;ALMUERZO NORMAL 1;2026-10-06;BEBIDA FRIA 1;373;REFRESCO DE CARAMBOLA;901;33598;CAJA CHICA - AGUA PARA RECETA - CH;0.2127;191.652;LT;191.652;LT
REGIMEN 3;ALMUERZO NORMAL 1;2026-10-06;BEBIDA FRIA 1;373;REFRESCO DE CARAMBOLA;901;1010425038;AZUCAR RUBIA;0.0127;11.452;KG;11.452;KG
REGIMEN 3;ALMUERZO NORMAL 1;2026-10-06;BEBIDA FRIA 1;373;REFRESCO DE CARAMBOLA;901;2030136;PRE ELABORADO NATURALE CONCENTRADO CARAMBOLA 2 LT;0.0212;9.542;BOL;19.083;LT
REGIMEN 3;ALMUERZO NORMAL 1;2026-10-07;ENTRADA FRIA 1;1665;PES - CEVICHE DE PESCADO;530;103030076;PERICO FILETE SIN PIEL CONGELADO- KGM;0.09;47.7;KG;47.7;KG
REGIMEN 3;ALMUERZO NORMAL 1;2026-10-07;ENTRADA FRIA 1;1665;PES - CEVICHE DE PESCADO;530;1020530600;PIMIENTA NEGRA MOLIDA 4 ESTACIONES 1 KG;0.0001;0.064;BOL;0.064;KG
REGIMEN 3;ALMUERZO NORMAL 1;2026-10-07;ENTRADA FRIA 1;1665;PES - CEVICHE DE PESCADO;530;10205037563;SAL DE COCINA SALINA 1 KG;0.002;1.06;BOL;1.06;KG
REGIMEN 3;ALMUERZO NORMAL 1;2026-10-07;ENTRADA FRIA 1;1665;PES - CEVICHE DE PESCADO;530;10202041457;PASTA DE AJO CONCENTRADA EMIC 1 KG;0.002;1.06;BOL;1.06;KG
REGIMEN 3;ALMUERZO NORMAL 1;2026-10-07;ENTRADA FRIA 1;1665;PES - CEVICHE DE PESCADO;530;102010010;CULANTRO;0.002;1.06;KG;1.06;KG
REGIMEN 3;ALMUERZO NORMAL 1;2026-10-07;ENTRADA FRIA 1;1665;PES - CEVICHE DE PESCADO;530;102020001;LIMON VERDE EXTRA;0.03;15.9;KG;15.9;KG
REGIMEN 3;ALMUERZO NORMAL 1;2026-10-07;ENTRADA FRIA 1;1665;PES - CEVICHE DE PESCADO;530;102010034;ROCOTO;0.001;0.53;KG;0.53;KG
REGIMEN 3;ALMUERZO NORMAL 1;2026-10-07;ENTRADA FRIA 1;1665;PES - CEVICHE DE PESCADO;530;102010006;CEBOLLA ROJA;0.06;31.8;KG;31.8;KG
REGIMEN 3;ALMUERZO NORMAL 1;2026-10-07;ENTRADA FRIA 1;1665;PES - CEVICHE DE PESCADO;530;1020233295;PASTA DE AJI AMARILLO EMIC 1 KG;0.01;5.3;BOL;5.3;KG
REGIMEN 3;ALMUERZO NORMAL 1;2026-10-07;ENTRADA FRIA 1;1665;PES - CEVICHE DE PESCADO;530;102010005;CAMOTE AMARILLO;0.03;15.9;KG;15.9;KG
REGIMEN 3;ALMUERZO NORMAL 1;2026-10-07;ENTRADA FRIA 1;1665;PES - CEVICHE DE PESCADO;530;70046;LECHUGA AMERICANA;0.012;6.36;KG;6.36;KG
REGIMEN 3;ALMUERZO NORMAL 1;2026-10-07;ENTRADA FRIA 1;1665;PES - CEVICHE DE PESCADO;530;101020150;MAIZ CANCHA EL PLEBEYO 5 KG;0.02;2.12;BOL;10.6;KG
REGIMEN 3;ALMUERZO NORMAL 1;2026-10-07;SOPA NORMAL 1;166;SOPA PATASCA;481;10101036994;ACEITE VEGETAL CIELO 5 LT;0.001;0.096;BID;0.481;LT
REGIMEN 3;ALMUERZO NORMAL 1;2026-10-07;SOPA NORMAL 1;166;SOPA PATASCA;481;40108037516;RES - SOPAS S/HUESO (DON GOYO);0.03;14.43;KG;14.43;KG
REGIMEN 3;ALMUERZO NORMAL 1;2026-10-07;SOPA NORMAL 1;166;SOPA PATASCA;481;103020018;MONDONGO CONGELADO;0.035;16.835;KG;16.835;KG
REGIMEN 3;ALMUERZO NORMAL 1;2026-10-07;SOPA NORMAL 1;166;SOPA PATASCA;481;101100011;OREGANO ENTERO SAN JUAN MASIAS 1 KG;0.0001;0.058;BOL;0.058;KG
REGIMEN 3;ALMUERZO NORMAL 1;2026-10-07;SOPA NORMAL 1;166;SOPA PATASCA;481;10205037563;SAL DE COCINA SALINA 1 KG;0.003;1.443;BOL;1.443;KG
REGIMEN 3;ALMUERZO NORMAL 1;2026-10-07;SOPA NORMAL 1;166;SOPA PATASCA;481;10202041457;PASTA DE AJO CONCENTRADA EMIC 1 KG;0.001;0.481;BOL;0.481;KG
REGIMEN 3;ALMUERZO NORMAL 1;2026-10-07;SOPA NORMAL 1;166;SOPA PATASCA;481;101020025;HIERBA BUENA;0.001;0.481;KG;0.481;KG
REGIMEN 3;ALMUERZO NORMAL 1;2026-10-07;SOPA NORMAL 1;166;SOPA PATASCA;481;102010021;PEREJIL;0.001;0.481;KG;0.481;KG
REGIMEN 3;ALMUERZO NORMAL 1;2026-10-07;SOPA NORMAL 1;166;SOPA PATASCA;481;101020149;MAIZ MOTE EL PLEBEYO 5 KG;0.06;5.772;BOL;28.86;KG
REGIMEN 3;ALMUERZO NORMAL 1;2026-10-07;SOPA NORMAL 1;166;SOPA PATASCA;481;33598;CAJA CHICA - AGUA PARA RECETA - CH;0.3;144.3;LT;144.3;LT
REGIMEN 3;ALMUERZO NORMAL 1;2026-10-07;SOPA DIETA;160;SOPA SUSTANCIA DE POLLO CON FIDEOS;10;10101036994;ACEITE VEGETAL CIELO 5 LT;0.001;0.002;BID;0.01;LT
REGIMEN 3;ALMUERZO NORMAL 1;2026-10-07;SOPA DIETA;160;SOPA SUSTANCIA DE POLLO CON FIDEOS;10;103020026;PIERNA DE POLLO CON ENCUENTRO CONGELADO;0.075;0.75;KG;0.75;KG
REGIMEN 3;ALMUERZO NORMAL 1;2026-10-07;SOPA DIETA;160;SOPA SUSTANCIA DE POLLO CON FIDEOS;10;101070178;CALDO DE GALLINA KNORR SACHET 1.5 KG;0.001;0.007;BOL;0.01;KG
REGIMEN 3;ALMUERZO NORMAL 1;2026-10-07;SOPA DIETA;160;SOPA SUSTANCIA DE POLLO CON FIDEOS;10;101100011;OREGANO ENTERO SAN JUAN MASIAS 1 KG;0.0001;0.001;BOL;0.001;KG
REGIMEN 3;ALMUERZO NORMAL 1;2026-10-07;SOPA DIETA;160;SOPA SUSTANCIA DE POLLO CON FIDEOS;10;10205037563;SAL DE COCINA SALINA 1 KG;0.002;0.02;BOL;0.02;KG
REGIMEN 3;ALMUERZO NORMAL 1;2026-10-07;SOPA DIETA;160;SOPA SUSTANCIA DE POLLO CON FIDEOS;10;1020222489;PRE ELABORADO RAM BASE CRIOLLA 1 KG;0.002;0.02;BOL;0.02;KG
REGIMEN 3;ALMUERZO NORMAL 1;2026-10-07;SOPA DIETA;160;SOPA SUSTANCIA DE POLLO CON FIDEOS;10;1020222493;PRE ELABORADO RAM BASE TOMATE 1 KG;0.002;0.02;BOL;0.02;KG
REGIMEN 3;ALMUERZO NORMAL 1;2026-10-07;SOPA DIETA;160;SOPA SUSTANCIA DE POLLO CON FIDEOS;10;4030232902;MIX DE SOPA COMPLETO CONGELADO - KGM;0.044;0.44;KG;0.44;KG
REGIMEN 3;ALMUERZO NORMAL 1;2026-10-07;SOPA DIETA;160;SOPA SUSTANCIA DE POLLO CON FIDEOS;10;102010010;CULANTRO;0.001;0.01;KG;0.01;KG
REGIMEN 3;ALMUERZO NORMAL 1;2026-10-07;SOPA DIETA;160;SOPA SUSTANCIA DE POLLO CON FIDEOS;10;33598;CAJA CHICA - AGUA PARA RECETA - CH;0.3;3;LT;3;LT
REGIMEN 3;ALMUERZO NORMAL 1;2026-10-07;SOPA DIETA;160;SOPA SUSTANCIA DE POLLO CON FIDEOS;10;102010021;PEREJIL;0.001;0.01;KG;0.01;KG
REGIMEN 3;ALMUERZO NORMAL 1;2026-10-07;SOPA DIETA;160;SOPA SUSTANCIA DE POLLO CON FIDEOS;10;101020268;FIDEO CABELLO DE ANGEL LAVAGGI 250 GR;0.02;0.8;PQT;0.2;KG
REGIMEN 3;ALMUERZO NORMAL 1;2026-10-07;PLATO DE FONDO NORMAL 1;69;RES - MALAYA DORADA;212;10101036994;ACEITE VEGETAL CIELO 5 LT;0.003;0.127;BID;0.636;LT
REGIMEN 3;ALMUERZO NORMAL 1;2026-10-07;PLATO DE FONDO NORMAL 1;69;RES - MALAYA DORADA;212;4010830768;RES - MALAYA;0.16;33.92;KG;33.92;KG
REGIMEN 3;ALMUERZO NORMAL 1;2026-10-07;PLATO DE FONDO NORMAL 1;69;RES - MALAYA DORADA;212;1020530572;COMINO MOLIDO 4 ESTACIONES 1 KG;0;0.004;BOL;0.004;KG
REGIMEN 3;ALMUERZO NORMAL 1;2026-10-07;PLATO DE FONDO NORMAL 1;69;RES - MALAYA DORADA;212;1020530600;PIMIENTA NEGRA MOLIDA 4 ESTACIONES 1 KG;0.0001;0.013;BOL;0.013;KG
REGIMEN 3;ALMUERZO NORMAL 1;2026-10-07;PLATO DE FONDO NORMAL 1;69;RES - MALAYA DORADA;212;1020222489;PRE ELABORADO RAM BASE CRIOLLA 1 KG;0.008;1.696;BOL;1.696;KG
REGIMEN 3;ALMUERZO NORMAL 1;2026-10-07;PLATO DE FONDO NORMAL 1;69;RES - MALAYA DORADA;212;10205037563;SAL DE COCINA SALINA 1 KG;0.002;0.424;BOL;0.424;KG
REGIMEN 3;ALMUERZO NORMAL 1;2026-10-07;PLATO DE FONDO NORMAL 1;69;RES - MALAYA DORADA;212;101050457;VINAGRE TINTO TRESA 4 LT;0.003;0.159;GLN;0.636;LT
REGIMEN 3;ALMUERZO NORMAL 1;2026-10-07;PLATO DE FONDO NORMAL 1;69;RES - MALAYA DORADA;212;1020530581;LAUREL 4 ESTACIONES 1 KG;0.0001;0.025;BOL;0.025;KG
REGIMEN 3;ALMUERZO NORMAL 1;2026-10-07;PLATO DE FONDO NORMAL 1;69;RES - MALAYA DORADA;212;101100011;OREGANO ENTERO SAN JUAN MASIAS 1 KG;0.0001;0.025;BOL;0.025;KG
REGIMEN 3;ALMUERZO NORMAL 1;2026-10-07;PLATO DE FONDO NORMAL 1;69;RES - MALAYA DORADA;212;102010004;APIO;0.005;1.06;KG;1.06;KG
REGIMEN 3;ALMUERZO NORMAL 1;2026-10-07;PLATO DE FONDO NORMAL 1;69;RES - MALAYA DORADA;212;102010024;PORO;0.005;1.06;KG;1.06;KG
REGIMEN 3;ALMUERZO NORMAL 1;2026-10-07;PLATO DE FONDO NORMAL 1;69;RES - MALAYA DORADA;212;33598;CAJA CHICA - AGUA PARA RECETA - CH;0.03;6.36;LT;6.36;LT
REGIMEN 3;ALMUERZO NORMAL 1;2026-10-07;PLATO DE FONDO NORMAL 2;655;POLL - POLLO BROASTER;296;10101036994;ACEITE VEGETAL CIELO 5 LT;0.005;0.296;BID;1.48;LT
REGIMEN 3;ALMUERZO NORMAL 1;2026-10-07;PLATO DE FONDO NORMAL 2;655;POLL - POLLO BROASTER;296;103020027;POLLO SIN MENUDENCIA CONGELADO RANGO 1.428 - 1.611 KG (SAN FERNANDO);0.066;19.536;KG;19.536;KG
REGIMEN 3;ALMUERZO NORMAL 1;2026-10-07;PLATO DE FONDO NORMAL 2;655;POLL - POLLO BROASTER;296;103020026;PIERNA DE POLLO CON ENCUENTRO CONGELADO;0.217;64.232;KG;64.232;KG
REGIMEN 3;ALMUERZO NORMAL 1;2026-10-07;PLATO DE FONDO NORMAL 2;655;POLL - POLLO BROASTER;296;5040231670;HUEVO LIQUIDO CONGELADO 2 KG;0.02;2.96;PQT;5.92;KG
REGIMEN 3;ALMUERZO NORMAL 1;2026-10-07;PLATO DE FONDO NORMAL 2;655;POLL - POLLO BROASTER;296;1020530600;PIMIENTA NEGRA MOLIDA 4 ESTACIONES 1 KG;0.0001;0.036;BOL;0.036;KG
REGIMEN 3;ALMUERZO NORMAL 1;2026-10-07;PLATO DE FONDO NORMAL 2;655;POLL - POLLO BROASTER;296;10205037563;SAL DE COCINA SALINA 1 KG;0.003;0.888;BOL;0.888;KG
REGIMEN 3;ALMUERZO NORMAL 1;2026-10-07;PLATO DE FONDO NORMAL 2;655;POLL - POLLO BROASTER;296;10202041457;PASTA DE AJO CONCENTRADA EMIC 1 KG;0.002;0.592;BOL;0.592;KG
REGIMEN 3;ALMUERZO NORMAL 1;2026-10-07;PLATO DE FONDO NORMAL 2;655;POLL - POLLO BROASTER;296;101050457;VINAGRE TINTO TRESA 4 LT;0.003;0.222;GLN;0.888;LT
REGIMEN 3;ALMUERZO NORMAL 1;2026-10-07;PLATO DE FONDO NORMAL 2;655;POLL - POLLO BROASTER;296;101050455;MOSTAZA TRESA 4 KG;0.001;0.074;BLD;0.296;KG
REGIMEN 3;ALMUERZO NORMAL 1;2026-10-07;PLATO DE FONDO NORMAL 2;655;POLL - POLLO BROASTER;296;10106037527;HARINA ESPECIAL DEL CIELO GRANEL SACO 50 KG;0.005;0.03;SCO;1.48;KG
REGIMEN 3;ALMUERZO NORMAL 1;2026-10-07;PLATO DE FONDO NORMAL 2;655;POLL - POLLO BROASTER;296;101060587;CHUÑO POLVO TOÑA 1 KG;0.01;2.96;BOL;2.96;KG
REGIMEN 3;ALMUERZO NORMAL 1;2026-10-07;PLATO DE FONDO NORMAL 2;655;POLL - POLLO BROASTER;296;101100011;OREGANO ENTERO SAN JUAN MASIAS 1 KG;0.0001;0.036;BOL;0.036;KG
REGIMEN 3;ALMUERZO NORMAL 1;2026-10-07;ENSALADA CON CARNICO;851;ENSALADA FRESCA CON POLLO TL;5;10101036994;ACEITE VEGETAL CIELO 5 LT;0.003;0.003;BID;0.015;LT
REGIMEN 3;ALMUERZO NORMAL 1;2026-10-07;ENSALADA CON CARNICO;851;ENSALADA FRESCA CON POLLO TL;5;40107038254;PECHUGA DE POLLO S/HUESO S/PIEL CONGELADO - IMPORTACION;0.16;0.8;KG;0.8;KG
REGIMEN 3;ALMUERZO NORMAL 1;2026-10-07;ENSALADA CON CARNICO;851;ENSALADA FRESCA CON POLLO TL;5;1020530600;PIMIENTA NEGRA MOLIDA 4 ESTACIONES 1 KG;0.0001;0.001;BOL;0.001;KG
REGIMEN 3;ALMUERZO NORMAL 1;2026-10-07;ENSALADA CON CARNICO;851;ENSALADA FRESCA CON POLLO TL;5;10205037563;SAL DE COCINA SALINA 1 KG;0.002;0.01;BOL;0.01;KG
REGIMEN 3;ALMUERZO NORMAL 1;2026-10-07;ENSALADA CON CARNICO;851;ENSALADA FRESCA CON POLLO TL;5;102010006;CEBOLLA ROJA;0.03;0.15;KG;0.15;KG
REGIMEN 3;ALMUERZO NORMAL 1;2026-10-07;ENSALADA CON CARNICO;851;ENSALADA FRESCA CON POLLO TL;5;70046;LECHUGA AMERICANA;0.08;0.4;KG;0.4;KG
REGIMEN 3;ALMUERZO NORMAL 1;2026-10-07;ENSALADA CON CARNICO;851;ENSALADA FRESCA CON POLLO TL;5;102010172;PALTA;0.03;0.15;KG;0.15;KG
REGIMEN 3;ALMUERZO NORMAL 1;2026-10-07;ENSALADA CON CARNICO;851;ENSALADA FRESCA CON POLLO TL;5;102010027;TOMATE;0.015;0.075;KG;0.075;KG
REGIMEN 3;ALMUERZO NORMAL 1;2026-10-07;ENSALADA CON CARNICO;851;ENSALADA FRESCA CON POLLO TL;5;4030227693;ZUMO DE LIMON CONGELADO;0.002;0.01;KG;0.01;KG
REGIMEN 3;ALMUERZO NORMAL 1;2026-10-07;ENSALADA CON CARNICO;851;ENSALADA FRESCA CON POLLO TL;5;102010029;ZANAHORIA;0.02;0.1;KG;0.1;KG
REGIMEN 3;ALMUERZO NORMAL 1;2026-10-07;ENSALADA CON CARNICO;851;ENSALADA FRESCA CON POLLO TL;5;101100011;OREGANO ENTERO SAN JUAN MASIAS 1 KG;0.0001;0.001;BOL;0.001;KG
REGIMEN 3;ALMUERZO NORMAL 1;2026-10-07;ENSALADA CON CARNICO;851;ENSALADA FRESCA CON POLLO TL;5;102010020;PEPINILLO;0.02;0.1;KG;0.1;KG
REGIMEN 3;ALMUERZO NORMAL 1;2026-10-07;PLATO DE FONDO DIETA;455;POLL - POLLO A LAS FINAS HIERBAS;16;50505037205;MARGARINA LA DANESA 220 GR;0.005;0.364;POT;0.08;KG
REGIMEN 3;ALMUERZO NORMAL 1;2026-10-07;PLATO DE FONDO DIETA;455;POLL - POLLO A LAS FINAS HIERBAS;16;103020027;POLLO SIN MENUDENCIA CONGELADO RANGO 1.428 - 1.611 KG (SAN FERNANDO);0.066;1.056;KG;1.056;KG
REGIMEN 3;ALMUERZO NORMAL 1;2026-10-07;PLATO DE FONDO DIETA;455;POLL - POLLO A LAS FINAS HIERBAS;16;103020026;PIERNA DE POLLO CON ENCUENTRO CONGELADO;0.217;3.472;KG;3.472;KG
REGIMEN 3;ALMUERZO NORMAL 1;2026-10-07;PLATO DE FONDO DIETA;455;POLL - POLLO A LAS FINAS HIERBAS;16;10107039479;LECHE EVAPORADA (CONCENTRADA) LAIVE BOLSITARRO 800 ML;0.015;0.3;BOL;0.24;LT
REGIMEN 3;ALMUERZO NORMAL 1;2026-10-07;PLATO DE FONDO DIETA;455;POLL - POLLO A LAS FINAS HIERBAS;16;101100011;OREGANO ENTERO SAN JUAN MASIAS 1 KG;0.0001;0.002;BOL;0.002;KG
REGIMEN 3;ALMUERZO NORMAL 1;2026-10-07;PLATO DE FONDO DIETA;455;POLL - POLLO A LAS FINAS HIERBAS;16;1020530600;PIMIENTA NEGRA MOLIDA 4 ESTACIONES 1 KG;0.0001;0.002;BOL;0.002;KG
REGIMEN 3;ALMUERZO NORMAL 1;2026-10-07;PLATO DE FONDO DIETA;455;POLL - POLLO A LAS FINAS HIERBAS;16;10205037563;SAL DE COCINA SALINA 1 KG;0.003;0.048;BOL;0.048;KG
REGIMEN 3;ALMUERZO NORMAL 1;2026-10-07;PLATO DE FONDO DIETA;455;POLL - POLLO A LAS FINAS HIERBAS;16;10202041457;PASTA DE AJO CONCENTRADA EMIC 1 KG;0.002;0.032;BOL;0.032;KG
REGIMEN 3;ALMUERZO NORMAL 1;2026-10-07;PLATO DE FONDO DIETA;455;POLL - POLLO A LAS FINAS HIERBAS;16;1020524315;ROMERO SECO BADIA 8 OZ;0.0001;0.008;FCO;0.002;KG
REGIMEN 3;ALMUERZO NORMAL 1;2026-10-07;PLATO DE FONDO DIETA;455;POLL - POLLO A LAS FINAS HIERBAS;16;1020530604;TOMILLO TIPO PIZZA 4 ESTACIONES 250 GR;0.0001;0.008;BOL;0.002;KG
REGIMEN 3;ALMUERZO NORMAL 1;2026-10-07;PLATO DE FONDO DIETA;455;POLL - POLLO A LAS FINAS HIERBAS;16;1020523343;ESTRAGON BADIA 3.5 OZ;0.0001;0.002;FCO;0.002;KG
REGIMEN 3;ALMUERZO NORMAL 1;2026-10-07;PLATO DE FONDO DIETA;455;POLL - POLLO A LAS FINAS HIERBAS;16;10106037527;HARINA ESPECIAL DEL CIELO GRANEL SACO 50 KG;0.003;0.001;SCO;0.048;KG
REGIMEN 3;ALMUERZO NORMAL 1;2026-10-07;PLATO DE FONDO DIETA;455;POLL - POLLO A LAS FINAS HIERBAS;16;33598;CAJA CHICA - AGUA PARA RECETA - CH;0.013;0.208;LT;0.208;LT
REGIMEN 3;ALMUERZO NORMAL 1;2026-10-07;GUARNICION ARROZ;1243;ARROZ CON PEREJIL;477;10101036994;ACEITE VEGETAL CIELO 5 LT;0.005;0.477;BID;2.385;LT
REGIMEN 3;ALMUERZO NORMAL 1;2026-10-07;GUARNICION ARROZ;1243;ARROZ CON PEREJIL;477;10205037563;SAL DE COCINA SALINA 1 KG;0.0025;1.193;BOL;1.193;KG
REGIMEN 3;ALMUERZO NORMAL 1;2026-10-07;GUARNICION ARROZ;1243;ARROZ CON PEREJIL;477;10202041457;PASTA DE AJO CONCENTRADA EMIC 1 KG;0.003;1.431;BOL;1.431;KG
REGIMEN 3;ALMUERZO NORMAL 1;2026-10-07;GUARNICION ARROZ;1243;ARROZ CON PEREJIL;477;4030227693;ZUMO DE LIMON CONGELADO;0.0006;0.267;KG;0.267;KG
REGIMEN 3;ALMUERZO NORMAL 1;2026-10-07;GUARNICION ARROZ;1243;ARROZ CON PEREJIL;477;102010021;PEREJIL;0.003;1.431;KG;1.431;KG
REGIMEN 3;ALMUERZO NORMAL 1;2026-10-07;GUARNICION ARROZ;1243;ARROZ CON PEREJIL;477;10102041614;ARROZ COSTEÑO EXTRA HOJA REDONDA AÑEJO 50 KG;0.12;1.145;SCO;57.24;KG
REGIMEN 3;ALMUERZO NORMAL 1;2026-10-07;GUARNICION ARROZ;1243;ARROZ CON PEREJIL;477;33598;CAJA CHICA - AGUA PARA RECETA - CH;0.25;119.25;LT;119.25;LT
REGIMEN 3;ALMUERZO NORMAL 1;2026-10-07;GUARNICION 1;1204;PAPA DORADA Y SALSA CRIOLLA;212;10101036994;ACEITE VEGETAL CIELO 5 LT;0.008;0.339;BID;1.696;LT
REGIMEN 3;ALMUERZO NORMAL 1;2026-10-07;GUARNICION 1;1204;PAPA DORADA Y SALSA CRIOLLA;212;1020530600;PIMIENTA NEGRA MOLIDA 4 ESTACIONES 1 KG;0.0001;0.025;BOL;0.025;KG
REGIMEN 3;ALMUERZO NORMAL 1;2026-10-07;GUARNICION 1;1204;PAPA DORADA Y SALSA CRIOLLA;212;10205037563;SAL DE COCINA SALINA 1 KG;0.003;0.636;BOL;0.636;KG
REGIMEN 3;ALMUERZO NORMAL 1;2026-10-07;GUARNICION 1;1204;PAPA DORADA Y SALSA CRIOLLA;212;101050456;VINAGRE BLANCO TRESA 4 LT;0.0001;0.003;GLN;0.011;LT
REGIMEN 3;ALMUERZO NORMAL 1;2026-10-07;GUARNICION 1;1204;PAPA DORADA Y SALSA CRIOLLA;212;4030227693;ZUMO DE LIMON CONGELADO;0.0033;0.7;KG;0.7;KG
REGIMEN 3;ALMUERZO NORMAL 1;2026-10-07;GUARNICION 1;1204;PAPA DORADA Y SALSA CRIOLLA;212;102010041;AJI AMARILLO X KG;0.003;0.636;KG;0.636;KG
REGIMEN 3;ALMUERZO NORMAL 1;2026-10-07;GUARNICION 1;1204;PAPA DORADA Y SALSA CRIOLLA;212;102010006;CEBOLLA ROJA;0.014;2.968;KG;2.968;KG
REGIMEN 3;ALMUERZO NORMAL 1;2026-10-07;GUARNICION 1;1204;PAPA DORADA Y SALSA CRIOLLA;212;102010010;CULANTRO;0.002;0.424;KG;0.424;KG
REGIMEN 3;ALMUERZO NORMAL 1;2026-10-07;GUARNICION 1;1204;PAPA DORADA Y SALSA CRIOLLA;212;102010018;PAPA BLANCA;0.07;14.84;KG;14.84;KG
REGIMEN 3;ALMUERZO NORMAL 1;2026-10-07;GUARNICION 2;1398;PAPAS FRITAS Y ENSALADA FRESCA;296;10101036994;ACEITE VEGETAL CIELO 5 LT;0.005;0.296;BID;1.48;LT
REGIMEN 3;ALMUERZO NORMAL 1;2026-10-07;GUARNICION 2;1398;PAPAS FRITAS Y ENSALADA FRESCA;296;101100011;OREGANO ENTERO SAN JUAN MASIAS 1 KG;0.0001;0.036;BOL;0.036;KG
REGIMEN 3;ALMUERZO NORMAL 1;2026-10-07;GUARNICION 2;1398;PAPAS FRITAS Y ENSALADA FRESCA;296;1020530600;PIMIENTA NEGRA MOLIDA 4 ESTACIONES 1 KG;0.0001;0.036;BOL;0.036;KG
REGIMEN 3;ALMUERZO NORMAL 1;2026-10-07;GUARNICION 2;1398;PAPAS FRITAS Y ENSALADA FRESCA;296;10205037563;SAL DE COCINA SALINA 1 KG;0.002;0.592;BOL;0.592;KG
REGIMEN 3;ALMUERZO NORMAL 1;2026-10-07;GUARNICION 2;1398;PAPAS FRITAS Y ENSALADA FRESCA;296;101050446;MAYONESA ALACENA 4 LT;0.0067;0.496;BLD;1.983;KG
REGIMEN 3;ALMUERZO NORMAL 1;2026-10-07;GUARNICION 2;1398;PAPAS FRITAS Y ENSALADA FRESCA;296;101050456;VINAGRE BLANCO TRESA 4 LT;0.001;0.074;GLN;0.296;LT
REGIMEN 3;ALMUERZO NORMAL 1;2026-10-07;GUARNICION 2;1398;PAPAS FRITAS Y ENSALADA FRESCA;296;4030230094;PAPA PRE FRITA CONGELADA;0.077;22.792;KG;22.792;KG
REGIMEN 3;ALMUERZO NORMAL 1;2026-10-07;GUARNICION 2;1398;PAPAS FRITAS Y ENSALADA FRESCA;296;70046;LECHUGA AMERICANA;0.03;8.88;KG;8.88;KG
REGIMEN 3;ALMUERZO NORMAL 1;2026-10-07;GUARNICION 2;1398;PAPAS FRITAS Y ENSALADA FRESCA;296;102010020;PEPINILLO;0.01;2.96;KG;2.96;KG
REGIMEN 3;ALMUERZO NORMAL 1;2026-10-07;GUARNICION 2;1398;PAPAS FRITAS Y ENSALADA FRESCA;296;102010025;RABANITO;0.01;2.96;KG;2.96;KG
REGIMEN 3;ALMUERZO NORMAL 1;2026-10-07;GUARNICION 2;1398;PAPAS FRITAS Y ENSALADA FRESCA;296;102010027;TOMATE;0.01;2.96;KG;2.96;KG
REGIMEN 3;ALMUERZO NORMAL 1;2026-10-07;GUARNICION 2;1398;PAPAS FRITAS Y ENSALADA FRESCA;296;33598;CAJA CHICA - AGUA PARA RECETA - CH;0.0017;0.488;LT;0.488;LT
REGIMEN 3;ALMUERZO NORMAL 1;2026-10-07;GUARNICION DIETA 1;937;VERDURAS COCIDAS;16;10101036994;ACEITE VEGETAL CIELO 5 LT;0.001;0.003;BID;0.016;LT
REGIMEN 3;ALMUERZO NORMAL 1;2026-10-07;GUARNICION DIETA 1;937;VERDURAS COCIDAS;16;50505037205;MARGARINA LA DANESA 220 GR;0.005;0.364;POT;0.08;KG
REGIMEN 3;ALMUERZO NORMAL 1;2026-10-07;GUARNICION DIETA 1;937;VERDURAS COCIDAS;16;1020530600;PIMIENTA NEGRA MOLIDA 4 ESTACIONES 1 KG;0.0001;0.002;BOL;0.002;KG
REGIMEN 3;ALMUERZO NORMAL 1;2026-10-07;GUARNICION DIETA 1;937;VERDURAS COCIDAS;16;10205037563;SAL DE COCINA SALINA 1 KG;0.002;0.032;BOL;0.032;KG
REGIMEN 3;ALMUERZO NORMAL 1;2026-10-07;GUARNICION DIETA 1;937;VERDURAS COCIDAS;16;103010001;ARVEJA GRANO PELADA CONGELADO;0.02;0.32;KG;0.32;KG
REGIMEN 3;ALMUERZO NORMAL 1;2026-10-07;GUARNICION DIETA 1;937;VERDURAS COCIDAS;16;102010052;VAINITA FRESCA;0.02;0.32;KG;0.32;KG
REGIMEN 3;ALMUERZO NORMAL 1;2026-10-07;GUARNICION DIETA 1;937;VERDURAS COCIDAS;16;102010029;ZANAHORIA;0.015;0.24;KG;0.24;KG
REGIMEN 3;ALMUERZO NORMAL 1;2026-10-07;GUARNICION DIETA 1;937;VERDURAS COCIDAS;16;102010018;PAPA BLANCA;0.1;1.6;KG;1.6;KG
REGIMEN 3;ALMUERZO NORMAL 1;2026-10-07;GUARNICION DIETA 1;937;VERDURAS COCIDAS;16;102010021;PEREJIL;0.002;0.032;KG;0.032;KG
REGIMEN 3;ALMUERZO NORMAL 1;2026-10-07;GUARNICION DIETA 1;937;VERDURAS COCIDAS;16;102010030;ZAPALLITO ITALIANO;0.025;0.4;KG;0.4;KG
REGIMEN 3;ALMUERZO NORMAL 1;2026-10-07;COM SALAD BAR 1;1068;SALAD BAR III;263;102010025;RABANITO;0.03;7.89;KG;7.89;KG
REGIMEN 3;ALMUERZO NORMAL 1;2026-10-07;COM SALAD BAR 1;1068;SALAD BAR III;263;102010020;PEPINILLO;0.05;13.15;KG;13.15;KG
REGIMEN 3;ALMUERZO NORMAL 1;2026-10-07;COM SALAD BAR 1;1068;SALAD BAR III;263;102010029;ZANAHORIA;0.04;10.52;KG;10.52;KG
REGIMEN 3;ALMUERZO NORMAL 1;2026-10-07;ISLA 1;719;LIMON;380;102020001;LIMON VERDE EXTRA;0.015;5.7;KG;5.7;KG
REGIMEN 3;ALMUERZO NORMAL 1;2026-10-07;ISLA 2;4323;AJI - ROCOTO PICADO;201;1020530600;PIMIENTA NEGRA MOLIDA 4 ESTACIONES 1 KG;0.0001;0.02;BOL;0.02;KG
REGIMEN 3;ALMUERZO NORMAL 1;2026-10-07;ISLA 2;4323;AJI - ROCOTO PICADO;201;4030227693;ZUMO DE LIMON CONGELADO;0.002;0.402;KG;0.402;KG
REGIMEN 3;ALMUERZO NORMAL 1;2026-10-07;ISLA 2;4323;AJI - ROCOTO PICADO;201;10205037563;SAL DE COCINA SALINA 1 KG;0.001;0.201;BOL;0.201;KG
REGIMEN 3;ALMUERZO NORMAL 1;2026-10-07;ISLA 2;4323;AJI - ROCOTO PICADO;201;102010034;ROCOTO;0.01;2.01;KG;2.01;KG
REGIMEN 3;ALMUERZO NORMAL 1;2026-10-07;ISLA 2;4323;AJI - ROCOTO PICADO;201;10101036994;ACEITE VEGETAL CIELO 5 LT;0.003;0.121;BID;0.603;LT
REGIMEN 3;ALMUERZO NORMAL 1;2026-10-07;ISLA 3;524;ALCUZA;26;1010124225;ACEITE DE OLIVA VIRGEN KUSASA 4 LT;0.002;0.013;GLN;0.052;LT
REGIMEN 3;ALMUERZO NORMAL 1;2026-10-07;ISLA 3;524;ALCUZA;26;1020530600;PIMIENTA NEGRA MOLIDA 4 ESTACIONES 1 KG;0.001;0.026;BOL;0.026;KG
REGIMEN 3;ALMUERZO NORMAL 1;2026-10-07;ISLA 3;524;ALCUZA;26;10205037563;SAL DE COCINA SALINA 1 KG;0.001;0.026;BOL;0.026;KG
REGIMEN 3;ALMUERZO NORMAL 1;2026-10-07;ISLA 3;524;ALCUZA;26;101050456;VINAGRE BLANCO TRESA 4 LT;0.001;0.007;GLN;0.026;LT
REGIMEN 3;ALMUERZO NORMAL 1;2026-10-07;ISLA 4;1096;SALSA VINAGRETA;80;101100011;OREGANO ENTERO SAN JUAN MASIAS 1 KG;0.0001;0.01;BOL;0.01;KG
REGIMEN 3;ALMUERZO NORMAL 1;2026-10-07;ISLA 4;1096;SALSA VINAGRETA;80;1020530600;PIMIENTA NEGRA MOLIDA 4 ESTACIONES 1 KG;0.0001;0.01;BOL;0.01;KG
REGIMEN 3;ALMUERZO NORMAL 1;2026-10-07;ISLA 4;1096;SALSA VINAGRETA;80;10205037563;SAL DE COCINA SALINA 1 KG;0.002;0.16;BOL;0.16;KG
REGIMEN 3;ALMUERZO NORMAL 1;2026-10-07;ISLA 4;1096;SALSA VINAGRETA;80;101050446;MAYONESA ALACENA 4 LT;0.0067;0.134;BLD;0.536;KG
REGIMEN 3;ALMUERZO NORMAL 1;2026-10-07;ISLA 4;1096;SALSA VINAGRETA;80;101050455;MOSTAZA TRESA 4 KG;0.002;0.04;BLD;0.16;KG
REGIMEN 3;ALMUERZO NORMAL 1;2026-10-07;ISLA 4;1096;SALSA VINAGRETA;80;101050456;VINAGRE BLANCO TRESA 4 LT;0.004;0.08;GLN;0.32;LT
REGIMEN 3;ALMUERZO NORMAL 1;2026-10-07;ISLA 4;1096;SALSA VINAGRETA;80;33598;CAJA CHICA - AGUA PARA RECETA - CH;0.0033;0.264;LT;0.264;LT
REGIMEN 3;ALMUERZO NORMAL 1;2026-10-07;ISLA 5;2506;SALSA DE AJI SACHET;16;10209038312;SALSA DE AJI CASERO TRESA 8/10 GR;1;16;SCH;16;UND
REGIMEN 3;ALMUERZO NORMAL 1;2026-10-07;ISLA 6;4324;AJI - ROCOTO PICADO CON CEBOLLA ROJA;25;1020530600;PIMIENTA NEGRA MOLIDA 4 ESTACIONES 1 KG;0.0001;0.002;BOL;0.002;KG
REGIMEN 3;ALMUERZO NORMAL 1;2026-10-07;ISLA 6;4324;AJI - ROCOTO PICADO CON CEBOLLA ROJA;25;4030227693;ZUMO DE LIMON CONGELADO;0.002;0.05;KG;0.05;KG
REGIMEN 3;ALMUERZO NORMAL 1;2026-10-07;ISLA 6;4324;AJI - ROCOTO PICADO CON CEBOLLA ROJA;25;10205037563;SAL DE COCINA SALINA 1 KG;0.001;0.025;BOL;0.025;KG
REGIMEN 3;ALMUERZO NORMAL 1;2026-10-07;ISLA 6;4324;AJI - ROCOTO PICADO CON CEBOLLA ROJA;25;102010034;ROCOTO;0.01;0.25;KG;0.25;KG
REGIMEN 3;ALMUERZO NORMAL 1;2026-10-07;ISLA 6;4324;AJI - ROCOTO PICADO CON CEBOLLA ROJA;25;102010006;CEBOLLA ROJA;0.004;0.1;KG;0.1;KG
REGIMEN 3;ALMUERZO NORMAL 1;2026-10-07;ISLA 6;4324;AJI - ROCOTO PICADO CON CEBOLLA ROJA;25;10101036994;ACEITE VEGETAL CIELO 5 LT;0.003;0.015;BID;0.075;LT
REGIMEN 3;ALMUERZO NORMAL 1;2026-10-07;ISLA 7;4326;AJI - CREMA DE ROCOTO;26;1020530600;PIMIENTA NEGRA MOLIDA 4 ESTACIONES 1 KG;0.0001;0.003;BOL;0.003;KG
REGIMEN 3;ALMUERZO NORMAL 1;2026-10-07;ISLA 7;4326;AJI - CREMA DE ROCOTO;26;10205037563;SAL DE COCINA SALINA 1 KG;0.002;0.052;BOL;0.052;KG
REGIMEN 3;ALMUERZO NORMAL 1;2026-10-07;ISLA 7;4326;AJI - CREMA DE ROCOTO;26;102010034;ROCOTO;0.005;0.13;KG;0.13;KG
REGIMEN 3;ALMUERZO NORMAL 1;2026-10-07;ISLA 7;4326;AJI - CREMA DE ROCOTO;26;102010001;AJI LIMO;0.01;0.26;KG;0.26;KG
REGIMEN 3;ALMUERZO NORMAL 1;2026-10-07;ISLA 7;4326;AJI - CREMA DE ROCOTO;26;33598;CAJA CHICA - AGUA PARA RECETA - CH;0.005;0.13;LT;0.13;LT
REGIMEN 3;ALMUERZO NORMAL 1;2026-10-07;ISLA 7;4326;AJI - CREMA DE ROCOTO;26;102010006;CEBOLLA ROJA;0.005;0.13;KG;0.13;KG
REGIMEN 3;ALMUERZO NORMAL 1;2026-10-07;ISLA 7;4326;AJI - CREMA DE ROCOTO;26;10202041457;PASTA DE AJO CONCENTRADA EMIC 1 KG;0.001;0.026;BOL;0.026;KG
REGIMEN 3;ALMUERZO NORMAL 1;2026-10-07;ISLA 7;4326;AJI - CREMA DE ROCOTO;26;10101036994;ACEITE VEGETAL CIELO 5 LT;0.003;0.016;BID;0.078;LT
REGIMEN 3;ALMUERZO NORMAL 1;2026-10-07;FRUTA 1;610;NARANJA DE MESA;265;102020011;NARANJA PARA MESA;0.185;49.025;KG;49.025;KG
REGIMEN 3;ALMUERZO NORMAL 1;2026-10-07;POSTRE NORMAL 1;2754;MERENGADO DE FRUTA;159;5040231670;HUEVO LIQUIDO CONGELADO 2 KG;0.012;0.954;PQT;1.908;KG
REGIMEN 3;ALMUERZO NORMAL 1;2026-10-07;POSTRE NORMAL 1;2754;MERENGADO DE FRUTA;159;101060448;AZUCAR IMPALPABLE HONORA (LEVAPAN) 5 KG;0.013;0.413;BOL;2.067;KG
REGIMEN 3;ALMUERZO NORMAL 1;2026-10-07;POSTRE NORMAL 1;2754;MERENGADO DE FRUTA;159;1010424673;AZUCAR BLANCA;0.01;1.59;KG;1.59;KG
REGIMEN 3;ALMUERZO NORMAL 1;2026-10-07;POSTRE NORMAL 1;2754;MERENGADO DE FRUTA;159;102080210;COBERTURA BITTER PURATOS 10 KG;0.005;0.08;CAJ;0.795;KG
REGIMEN 3;ALMUERZO NORMAL 1;2026-10-07;POSTRE NORMAL 1;2754;MERENGADO DE FRUTA;159;4030227693;ZUMO DE LIMON CONGELADO;0.0067;1.06;KG;1.06;KG
REGIMEN 3;ALMUERZO NORMAL 1;2026-10-07;POSTRE NORMAL 1;2754;MERENGADO DE FRUTA;159;1020728310;CREMA DE LECHE GLORIA 946 CC;0.015;2.65;BOL;2.385;LT
REGIMEN 3;ALMUERZO NORMAL 1;2026-10-07;POSTRE NORMAL 1;2754;MERENGADO DE FRUTA;159;102020091;PULPA DE FRESA  CONGELADO;0.045;7.155;KG;7.155;KG
REGIMEN 3;ALMUERZO NORMAL 1;2026-10-07;POSTRE NORMAL 2;585;GELATINA DE FRESA;106;10208043200;GELATINA SABOR FRESA MACROFOOD 1KG;0.0071;0.753;BOL;0.753;KG
REGIMEN 3;ALMUERZO NORMAL 1;2026-10-07;POSTRE NORMAL 2;585;GELATINA DE FRESA;106;33598;CAJA CHICA - AGUA PARA RECETA - CH;0.1;10.6;LT;10.6;LT
REGIMEN 3;ALMUERZO NORMAL 1;2026-10-07;BEBIDA FRIA 1;727;REFRESCO DE MANZANA;901;1010425038;AZUCAR RUBIA;0.0127;11.452;KG;11.452;KG
REGIMEN 3;ALMUERZO NORMAL 1;2026-10-07;BEBIDA FRIA 1;727;REFRESCO DE MANZANA;901;33598;CAJA CHICA - AGUA PARA RECETA - CH;0.2127;191.652;LT;191.652;LT
REGIMEN 3;ALMUERZO NORMAL 1;2026-10-07;BEBIDA FRIA 1;727;REFRESCO DE MANZANA;901;2030137;PRE ELABORADO NATURALE CONCENTRADO MANZANA 2 LT;0.0212;9.542;BOL;19.083;LT
REGIMEN 3;CENA NORMAL 1;2026-10-01;SOPA NORMAL 1;3506;SOPA CELESTINA;213;102010007;CEBOLLA CHINA;0.005;1.065;KG;1.065;KG
REGIMEN 3;CENA NORMAL 1;2026-10-01;SOPA NORMAL 1;3506;SOPA CELESTINA;213;40108037516;RES - SOPAS S/HUESO (DON GOYO);0.065;13.845;KG;13.845;KG
REGIMEN 3;CENA NORMAL 1;2026-10-01;SOPA NORMAL 1;3506;SOPA CELESTINA;213;102010004;APIO;0.005;1.065;KG;1.065;KG
REGIMEN 3;CENA NORMAL 1;2026-10-01;SOPA NORMAL 1;3506;SOPA CELESTINA;213;102010021;PEREJIL;0.002;0.426;KG;0.426;KG
REGIMEN 3;CENA NORMAL 1;2026-10-01;SOPA NORMAL 1;3506;SOPA CELESTINA;213;10107039479;LECHE EVAPORADA (CONCENTRADA) LAIVE BOLSITARRO 800 ML;0.01;2.662;BOL;2.13;LT
REGIMEN 3;CENA NORMAL 1;2026-10-01;SOPA NORMAL 1;3506;SOPA CELESTINA;213;10205037563;SAL DE COCINA SALINA 1 KG;0.003;0.639;BOL;0.639;KG
REGIMEN 3;CENA NORMAL 1;2026-10-01;SOPA NORMAL 1;3506;SOPA CELESTINA;213;1020530600;PIMIENTA NEGRA MOLIDA 4 ESTACIONES 1 KG;0.0001;0.021;BOL;0.021;KG
REGIMEN 3;CENA NORMAL 1;2026-10-01;SOPA NORMAL 1;3506;SOPA CELESTINA;213;101070178;CALDO DE GALLINA KNORR SACHET 1.5 KG;0.003;0.426;BOL;0.639;KG
REGIMEN 3;CENA NORMAL 1;2026-10-01;SOPA NORMAL 1;3506;SOPA CELESTINA;213;10202041457;PASTA DE AJO CONCENTRADA EMIC 1 KG;0.002;0.426;BOL;0.426;KG
REGIMEN 3;CENA NORMAL 1;2026-10-01;SOPA NORMAL 1;3506;SOPA CELESTINA;213;10106037527;HARINA ESPECIAL DEL CIELO GRANEL SACO 50 KG;0.02;0.085;SCO;4.26;KG
REGIMEN 3;CENA NORMAL 1;2026-10-01;SOPA NORMAL 1;3506;SOPA CELESTINA;213;50505037205;MARGARINA LA DANESA 220 GR;0.005;4.841;POT;1.065;KG
REGIMEN 3;CENA NORMAL 1;2026-10-01;SOPA NORMAL 1;3506;SOPA CELESTINA;213;50402042247;HUEVO ROJO (CAJA 11.5 KG);0.02;0.37;CAJ;4.26;KG
REGIMEN 3;CENA NORMAL 1;2026-10-01;SOPA NORMAL 1;3506;SOPA CELESTINA;213;101060423;POLVO DE HORNEAR LEVAPAN 4 KG;0.0001;0.006;BOL;0.026;KG
REGIMEN 3;CENA NORMAL 1;2026-10-01;SOPA NORMAL 1;3506;SOPA CELESTINA;213;101020268;FIDEO CABELLO DE ANGEL LAVAGGI 250 GR;0.01;8.52;PQT;2.13;KG
REGIMEN 3;CENA NORMAL 1;2026-10-01;SOPA DIETA 1;160;SOPA SUSTANCIA DE POLLO CON FIDEOS;6;10101036994;ACEITE VEGETAL CIELO 5 LT;0.001;0.001;BID;0.006;LT
REGIMEN 3;CENA NORMAL 1;2026-10-01;SOPA DIETA 1;160;SOPA SUSTANCIA DE POLLO CON FIDEOS;6;103020026;PIERNA DE POLLO CON ENCUENTRO CONGELADO;0.075;0.45;KG;0.45;KG
REGIMEN 3;CENA NORMAL 1;2026-10-01;SOPA DIETA 1;160;SOPA SUSTANCIA DE POLLO CON FIDEOS;6;101070178;CALDO DE GALLINA KNORR SACHET 1.5 KG;0.001;0.004;BOL;0.006;KG
REGIMEN 3;CENA NORMAL 1;2026-10-01;SOPA DIETA 1;160;SOPA SUSTANCIA DE POLLO CON FIDEOS;6;101100011;OREGANO ENTERO SAN JUAN MASIAS 1 KG;0.0001;0.001;BOL;0.001;KG
REGIMEN 3;CENA NORMAL 1;2026-10-01;SOPA DIETA 1;160;SOPA SUSTANCIA DE POLLO CON FIDEOS;6;10205037563;SAL DE COCINA SALINA 1 KG;0.002;0.012;BOL;0.012;KG
REGIMEN 3;CENA NORMAL 1;2026-10-01;SOPA DIETA 1;160;SOPA SUSTANCIA DE POLLO CON FIDEOS;6;1020222489;PRE ELABORADO RAM BASE CRIOLLA 1 KG;0.002;0.012;BOL;0.012;KG
REGIMEN 3;CENA NORMAL 1;2026-10-01;SOPA DIETA 1;160;SOPA SUSTANCIA DE POLLO CON FIDEOS;6;1020222493;PRE ELABORADO RAM BASE TOMATE 1 KG;0.002;0.012;BOL;0.012;KG
REGIMEN 3;CENA NORMAL 1;2026-10-01;SOPA DIETA 1;160;SOPA SUSTANCIA DE POLLO CON FIDEOS;6;4030232902;MIX DE SOPA COMPLETO CONGELADO - KGM;0.044;0.264;KG;0.264;KG
REGIMEN 3;CENA NORMAL 1;2026-10-01;SOPA DIETA 1;160;SOPA SUSTANCIA DE POLLO CON FIDEOS;6;102010010;CULANTRO;0.001;0.006;KG;0.006;KG
REGIMEN 3;CENA NORMAL 1;2026-10-01;SOPA DIETA 1;160;SOPA SUSTANCIA DE POLLO CON FIDEOS;6;33598;CAJA CHICA - AGUA PARA RECETA - CH;0.3;1.8;LT;1.8;LT
REGIMEN 3;CENA NORMAL 1;2026-10-01;SOPA DIETA 1;160;SOPA SUSTANCIA DE POLLO CON FIDEOS;6;102010021;PEREJIL;0.001;0.006;KG;0.006;KG
REGIMEN 3;CENA NORMAL 1;2026-10-01;SOPA DIETA 1;160;SOPA SUSTANCIA DE POLLO CON FIDEOS;6;101020268;FIDEO CABELLO DE ANGEL LAVAGGI 250 GR;0.02;0.48;PQT;0.12;KG
REGIMEN 3;CENA NORMAL 1;2026-10-01;PLATO DE FONDO NORMAL 1;890;RES - BISTECK A LA PARRILLA I;85;10101036994;ACEITE VEGETAL CIELO 5 LT;0.002;0.034;BID;0.17;LT
REGIMEN 3;CENA NORMAL 1;2026-10-01;PLATO DE FONDO NORMAL 1;890;RES - BISTECK A LA PARRILLA I;85;40108037514;RES - BISTECK (DON GOYO);0.16;13.6;KG;13.6;KG
REGIMEN 3;CENA NORMAL 1;2026-10-01;PLATO DE FONDO NORMAL 1;890;RES - BISTECK A LA PARRILLA I;85;101100011;OREGANO ENTERO SAN JUAN MASIAS 1 KG;0.0001;0.01;BOL;0.01;KG
REGIMEN 3;CENA NORMAL 1;2026-10-01;PLATO DE FONDO NORMAL 1;890;RES - BISTECK A LA PARRILLA I;85;1020530600;PIMIENTA NEGRA MOLIDA 4 ESTACIONES 1 KG;0.0001;0.01;BOL;0.01;KG
REGIMEN 3;CENA NORMAL 1;2026-10-01;PLATO DE FONDO NORMAL 1;890;RES - BISTECK A LA PARRILLA I;85;1020524315;ROMERO SECO BADIA 8 OZ;0.0001;0.045;FCO;0.01;KG
REGIMEN 3;CENA NORMAL 1;2026-10-01;PLATO DE FONDO NORMAL 1;890;RES - BISTECK A LA PARRILLA I;85;10205037563;SAL DE COCINA SALINA 1 KG;0.003;0.255;BOL;0.255;KG
REGIMEN 3;CENA NORMAL 1;2026-10-01;PLATO DE FONDO NORMAL 1;890;RES - BISTECK A LA PARRILLA I;85;10202041457;PASTA DE AJO CONCENTRADA EMIC 1 KG;0.002;0.17;BOL;0.17;KG
REGIMEN 3;CENA NORMAL 1;2026-10-01;PLATO DE FONDO NORMAL 1;890;RES - BISTECK A LA PARRILLA I;85;101050457;VINAGRE TINTO TRESA 4 LT;0.003;0.064;GLN;0.255;LT
REGIMEN 3;CENA NORMAL 1;2026-10-01;PLATO DE FONDO NORMAL 2;656;POLL - POLLO AL SILLAO;160;10101036994;ACEITE VEGETAL CIELO 5 LT;0.002;0.064;BID;0.32;LT
REGIMEN 3;CENA NORMAL 1;2026-10-01;PLATO DE FONDO NORMAL 2;656;POLL - POLLO AL SILLAO;160;103020027;POLLO SIN MENUDENCIA CONGELADO RANGO 1.428 - 1.611 KG (SAN FERNANDO);0.066;10.56;KG;10.56;KG
REGIMEN 3;CENA NORMAL 1;2026-10-01;PLATO DE FONDO NORMAL 2;656;POLL - POLLO AL SILLAO;160;103020026;PIERNA DE POLLO CON ENCUENTRO CONGELADO;0.217;34.72;KG;34.72;KG
REGIMEN 3;CENA NORMAL 1;2026-10-01;PLATO DE FONDO NORMAL 2;656;POLL - POLLO AL SILLAO;160;1020530600;PIMIENTA NEGRA MOLIDA 4 ESTACIONES 1 KG;0.0001;0.019;BOL;0.019;KG
REGIMEN 3;CENA NORMAL 1;2026-10-01;PLATO DE FONDO NORMAL 2;656;POLL - POLLO AL SILLAO;160;10205037563;SAL DE COCINA SALINA 1 KG;0.002;0.32;BOL;0.32;KG
REGIMEN 3;CENA NORMAL 1;2026-10-01;PLATO DE FONDO NORMAL 2;656;POLL - POLLO AL SILLAO;160;10202041457;PASTA DE AJO CONCENTRADA EMIC 1 KG;0.002;0.32;BOL;0.32;KG
REGIMEN 3;CENA NORMAL 1;2026-10-01;PLATO DE FONDO NORMAL 2;656;POLL - POLLO AL SILLAO;160;1020530674;KION MOLIDO SECO 4 ESTACIONES 250 GR;0.0005;0.32;BOL;0.08;KG
REGIMEN 3;CENA NORMAL 1;2026-10-01;PLATO DE FONDO NORMAL 2;656;POLL - POLLO AL SILLAO;160;101050423;SALSA SILLAU TRESA 4 LT;0.01;0.4;GLN;1.6;LT
REGIMEN 3;CENA NORMAL 1;2026-10-01;PLATO DE FONDO NORMAL 2;656;POLL - POLLO AL SILLAO;160;102010007;CEBOLLA CHINA;0.005;0.8;KG;0.8;KG
REGIMEN 3;CENA NORMAL 1;2026-10-01;PLATO DE FONDO NORMAL 2;656;POLL - POLLO AL SILLAO;160;102010022;PIMIENTO ROJO;0.015;2.4;KG;2.4;KG
REGIMEN 3;CENA NORMAL 1;2026-10-01;PLATO DE FONDO NORMAL 2;656;POLL - POLLO AL SILLAO;160;10106040287;MAICENA DURYEA 500 GR;0.003;0.96;CAJ;0.48;KG
REGIMEN 3;CENA NORMAL 1;2026-10-01;PLATO DE FONDO NORMAL 2;656;POLL - POLLO AL SILLAO;160;33598;CAJA CHICA - AGUA PARA RECETA - CH;0.02;3.2;LT;3.2;LT
REGIMEN 3;CENA NORMAL 1;2026-10-01;PLATO DE FONDO NORMAL 2;656;POLL - POLLO AL SILLAO;160;10209044721;SALSA OSTION NAKAMITO 270 ML (EMER);0.001;0.593;FCO;0.16;LT
REGIMEN 3;CENA NORMAL 1;2026-10-01;PLATO DE FONDO DIETA;465;POLL - POLLO AL HORNO;10;10101036994;ACEITE VEGETAL CIELO 5 LT;0.002;0.004;BID;0.02;LT
REGIMEN 3;CENA NORMAL 1;2026-10-01;PLATO DE FONDO DIETA;465;POLL - POLLO AL HORNO;10;103020026;PIERNA DE POLLO CON ENCUENTRO CONGELADO;0.217;2.17;KG;2.17;KG
REGIMEN 3;CENA NORMAL 1;2026-10-01;PLATO DE FONDO DIETA;465;POLL - POLLO AL HORNO;10;103020027;POLLO SIN MENUDENCIA CONGELADO RANGO 1.428 - 1.611 KG (SAN FERNANDO);0.066;0.66;KG;0.66;KG
REGIMEN 3;CENA NORMAL 1;2026-10-01;PLATO DE FONDO DIETA;465;POLL - POLLO AL HORNO;10;1020233296;PASTA DE AJI PANCA EMIC 1 KG;0.002;0.02;BOL;0.02;KG
REGIMEN 3;CENA NORMAL 1;2026-10-01;PLATO DE FONDO DIETA;465;POLL - POLLO AL HORNO;10;1020530600;PIMIENTA NEGRA MOLIDA 4 ESTACIONES 1 KG;0.0001;0.001;BOL;0.001;KG
REGIMEN 3;CENA NORMAL 1;2026-10-01;PLATO DE FONDO DIETA;465;POLL - POLLO AL HORNO;10;10205037563;SAL DE COCINA SALINA 1 KG;0.003;0.03;BOL;0.03;KG
REGIMEN 3;CENA NORMAL 1;2026-10-01;PLATO DE FONDO DIETA;465;POLL - POLLO AL HORNO;10;10202041457;PASTA DE AJO CONCENTRADA EMIC 1 KG;0.002;0.02;BOL;0.02;KG
REGIMEN 3;CENA NORMAL 1;2026-10-01;PLATO DE FONDO DIETA;465;POLL - POLLO AL HORNO;10;101050455;MOSTAZA TRESA 4 KG;0.001;0.002;BLD;0.01;KG
REGIMEN 3;CENA NORMAL 1;2026-10-01;PLATO DE FONDO DIETA;465;POLL - POLLO AL HORNO;10;101050457;VINAGRE TINTO TRESA 4 LT;0.003;0.008;GLN;0.03;LT
REGIMEN 3;CENA NORMAL 1;2026-10-01;PLATO DE FONDO DIETA;465;POLL - POLLO AL HORNO;10;101070178;CALDO DE GALLINA KNORR SACHET 1.5 KG;0.0001;0;BOL;0.001;KG
REGIMEN 3;CENA NORMAL 1;2026-10-01;PLATO DE FONDO DIETA;465;POLL - POLLO AL HORNO;10;101100011;OREGANO ENTERO SAN JUAN MASIAS 1 KG;0.0001;0.001;BOL;0.001;KG
REGIMEN 3;CENA NORMAL 1;2026-10-01;PLATO DE FONDO DIETA;465;POLL - POLLO AL HORNO;10;101050423;SALSA SILLAU TRESA 4 LT;0.001;0.002;GLN;0.01;LT
REGIMEN 3;CENA NORMAL 1;2026-10-01;PLATO DE FONDO DIETA;465;POLL - POLLO AL HORNO;10;1020530572;COMINO MOLIDO 4 ESTACIONES 1 KG;0.0001;0.001;BOL;0.001;KG
REGIMEN 3;CENA NORMAL 1;2026-10-01;PLATO DE FONDO DIETA;465;POLL - POLLO AL HORNO;10;33598;CAJA CHICA - AGUA PARA RECETA - CH;0.01;0.1;LT;0.1;LT
REGIMEN 3;CENA NORMAL 1;2026-10-01;PLATO DE FONDO DIETA;465;POLL - POLLO AL HORNO;10;10106040287;MAICENA DURYEA 500 GR;0.003;0.06;CAJ;0.03;KG
REGIMEN 3;CENA NORMAL 1;2026-10-01;GUARNICION ARROZ;270;ARROZ BLANCO;212;10101036994;ACEITE VEGETAL CIELO 5 LT;0.006;0.254;BID;1.272;LT
REGIMEN 3;CENA NORMAL 1;2026-10-01;GUARNICION ARROZ;270;ARROZ BLANCO;212;10205037563;SAL DE COCINA SALINA 1 KG;0.003;0.636;BOL;0.636;KG
REGIMEN 3;CENA NORMAL 1;2026-10-01;GUARNICION ARROZ;270;ARROZ BLANCO;212;10202041457;PASTA DE AJO CONCENTRADA EMIC 1 KG;0.003;0.636;BOL;0.636;KG
REGIMEN 3;CENA NORMAL 1;2026-10-01;GUARNICION ARROZ;270;ARROZ BLANCO;212;10102041614;ARROZ COSTEÑO EXTRA HOJA REDONDA AÑEJO 50 KG;0.12;0.509;SCO;25.44;KG
REGIMEN 3;CENA NORMAL 1;2026-10-01;GUARNICION ARROZ;270;ARROZ BLANCO;212;33598;CAJA CHICA - AGUA PARA RECETA - CH;0.12;25.44;LT;25.44;LT
REGIMEN 3;CENA NORMAL 1;2026-10-01;GUARNICION 1;2217;PAPA CON CHOCLO SANCOCHADO;89;102010018;PAPA BLANCA;0.06;5.34;KG;5.34;KG
REGIMEN 3;CENA NORMAL 1;2026-10-01;GUARNICION 1;2217;PAPA CON CHOCLO SANCOCHADO;89;10205037563;SAL DE COCINA SALINA 1 KG;0.002;0.178;BOL;0.178;KG
REGIMEN 3;CENA NORMAL 1;2026-10-01;GUARNICION 1;2217;PAPA CON CHOCLO SANCOCHADO;89;103010005;CHOCLO DESGRANADO CONGELADO;0.04;3.56;KG;3.56;KG
REGIMEN 3;CENA NORMAL 1;2026-10-01;GUARNICION 1;2217;PAPA CON CHOCLO SANCOCHADO;89;1020530552;ANIS SECO 4 ESTACIONES 1 KG;0.0001;0.011;BOL;0.011;KG
REGIMEN 3;CENA NORMAL 1;2026-10-01;GUARNICION 1;2217;PAPA CON CHOCLO SANCOCHADO;89;1010425038;AZUCAR RUBIA;0.002;0.178;KG;0.178;KG
REGIMEN 3;CENA NORMAL 1;2026-10-01;GUARNICION 1;2217;PAPA CON CHOCLO SANCOCHADO;89;4030227693;ZUMO DE LIMON CONGELADO;0.0003;0.03;KG;0.03;KG
REGIMEN 3;CENA NORMAL 1;2026-10-01;GUARNICION 2;287;CAMOTE AL HORNO;160;102010005;CAMOTE AMARILLO;0.12;19.2;KG;19.2;KG
REGIMEN 3;CENA NORMAL 1;2026-10-01;GUARNICION DIETA;937;VERDURAS COCIDAS;10;10101036994;ACEITE VEGETAL CIELO 5 LT;0.001;0.002;BID;0.01;LT
REGIMEN 3;CENA NORMAL 1;2026-10-01;GUARNICION DIETA;937;VERDURAS COCIDAS;10;50505037205;MARGARINA LA DANESA 220 GR;0.005;0.227;POT;0.05;KG
REGIMEN 3;CENA NORMAL 1;2026-10-01;GUARNICION DIETA;937;VERDURAS COCIDAS;10;1020530600;PIMIENTA NEGRA MOLIDA 4 ESTACIONES 1 KG;0.0001;0.001;BOL;0.001;KG
REGIMEN 3;CENA NORMAL 1;2026-10-01;GUARNICION DIETA;937;VERDURAS COCIDAS;10;10205037563;SAL DE COCINA SALINA 1 KG;0.002;0.02;BOL;0.02;KG
REGIMEN 3;CENA NORMAL 1;2026-10-01;GUARNICION DIETA;937;VERDURAS COCIDAS;10;103010001;ARVEJA GRANO PELADA CONGELADO;0.02;0.2;KG;0.2;KG
REGIMEN 3;CENA NORMAL 1;2026-10-01;GUARNICION DIETA;937;VERDURAS COCIDAS;10;102010052;VAINITA FRESCA;0.02;0.2;KG;0.2;KG
REGIMEN 3;CENA NORMAL 1;2026-10-01;GUARNICION DIETA;937;VERDURAS COCIDAS;10;102010029;ZANAHORIA;0.015;0.15;KG;0.15;KG
REGIMEN 3;CENA NORMAL 1;2026-10-01;GUARNICION DIETA;937;VERDURAS COCIDAS;10;102010018;PAPA BLANCA;0.1;1;KG;1;KG
REGIMEN 3;CENA NORMAL 1;2026-10-01;GUARNICION DIETA;937;VERDURAS COCIDAS;10;102010021;PEREJIL;0.002;0.02;KG;0.02;KG
REGIMEN 3;CENA NORMAL 1;2026-10-01;GUARNICION DIETA;937;VERDURAS COCIDAS;10;102010030;ZAPALLITO ITALIANO;0.025;0.25;KG;0.25;KG
REGIMEN 3;CENA NORMAL 1;2026-10-01;COM SALAD BAR 1;1071;SALAD BAR VI;200;102010051;BETERRAGA FRESCA;0.03;6;KG;6;KG
REGIMEN 3;CENA NORMAL 1;2026-10-01;COM SALAD BAR 1;1071;SALAD BAR VI;200;102010020;PEPINILLO;0.04;8;KG;8;KG
REGIMEN 3;CENA NORMAL 1;2026-10-01;COM SALAD BAR 1;1071;SALAD BAR VI;200;102010027;TOMATE;0.05;10;KG;10;KG
REGIMEN 3;CENA NORMAL 1;2026-10-01;ISLA 1;719;LIMON;250;102020001;LIMON VERDE EXTRA;0.015;3.75;KG;3.75;KG
REGIMEN 3;CENA NORMAL 1;2026-10-01;ISLA 2;4323;AJI - ROCOTO PICADO;63;1020530600;PIMIENTA NEGRA MOLIDA 4 ESTACIONES 1 KG;0.0001;0.006;BOL;0.006;KG
REGIMEN 3;CENA NORMAL 1;2026-10-01;ISLA 2;4323;AJI - ROCOTO PICADO;63;4030227693;ZUMO DE LIMON CONGELADO;0.002;0.126;KG;0.126;KG
REGIMEN 3;CENA NORMAL 1;2026-10-01;ISLA 2;4323;AJI - ROCOTO PICADO;63;10205037563;SAL DE COCINA SALINA 1 KG;0.001;0.063;BOL;0.063;KG
REGIMEN 3;CENA NORMAL 1;2026-10-01;ISLA 2;4323;AJI - ROCOTO PICADO;63;102010034;ROCOTO;0.01;0.63;KG;0.63;KG
REGIMEN 3;CENA NORMAL 1;2026-10-01;ISLA 2;4323;AJI - ROCOTO PICADO;63;10101036994;ACEITE VEGETAL CIELO 5 LT;0.003;0.038;BID;0.189;LT
REGIMEN 3;CENA NORMAL 1;2026-10-01;ISLA 4;1096;SALSA VINAGRETA;24;101100011;OREGANO ENTERO SAN JUAN MASIAS 1 KG;0.0001;0.003;BOL;0.003;KG
REGIMEN 3;CENA NORMAL 1;2026-10-01;ISLA 4;1096;SALSA VINAGRETA;24;1020530600;PIMIENTA NEGRA MOLIDA 4 ESTACIONES 1 KG;0.0001;0.003;BOL;0.003;KG
REGIMEN 3;CENA NORMAL 1;2026-10-01;ISLA 4;1096;SALSA VINAGRETA;24;10205037563;SAL DE COCINA SALINA 1 KG;0.002;0.048;BOL;0.048;KG
REGIMEN 3;CENA NORMAL 1;2026-10-01;ISLA 4;1096;SALSA VINAGRETA;24;101050446;MAYONESA ALACENA 4 LT;0.0067;0.04;BLD;0.161;KG
REGIMEN 3;CENA NORMAL 1;2026-10-01;ISLA 4;1096;SALSA VINAGRETA;24;101050455;MOSTAZA TRESA 4 KG;0.002;0.012;BLD;0.048;KG
REGIMEN 3;CENA NORMAL 1;2026-10-01;ISLA 4;1096;SALSA VINAGRETA;24;101050456;VINAGRE BLANCO TRESA 4 LT;0.004;0.024;GLN;0.096;LT
REGIMEN 3;CENA NORMAL 1;2026-10-01;ISLA 4;1096;SALSA VINAGRETA;24;33598;CAJA CHICA - AGUA PARA RECETA - CH;0.0033;0.079;LT;0.079;LT
REGIMEN 3;CENA NORMAL 1;2026-10-01;FRUTA 1;1150;GRANADILLA;76;102020034;GRANADILLA;0.11;8.36;KG;8.36;KG
REGIMEN 3;CENA NORMAL 1;2026-10-01;POSTRE NORMAL 1;720;MAZAMORRA DE NARANJA;125;1020530557;CANELA ENTERA 4 ESTACIONES 1 KG;0.0001;0.015;BOL;0.015;KG
REGIMEN 3;CENA NORMAL 1;2026-10-01;POSTRE NORMAL 1;720;MAZAMORRA DE NARANJA;125;1020530564;CLAVO DE OLOR ENTERO 4 ESTACIONES 1 KG;0.0001;0.008;BOL;0.008;KG
REGIMEN 3;CENA NORMAL 1;2026-10-01;POSTRE NORMAL 1;720;MAZAMORRA DE NARANJA;125;1010425038;AZUCAR RUBIA;0.025;3.125;KG;3.125;KG
REGIMEN 3;CENA NORMAL 1;2026-10-01;POSTRE NORMAL 1;720;MAZAMORRA DE NARANJA;125;102020012;NARANJA PARA JUGO;0.05;6.25;KG;6.25;KG
REGIMEN 3;CENA NORMAL 1;2026-10-01;POSTRE NORMAL 1;720;MAZAMORRA DE NARANJA;125;10106040287;MAICENA DURYEA 500 GR;0.015;3.75;CAJ;1.875;KG
REGIMEN 3;CENA NORMAL 1;2026-10-01;POSTRE NORMAL 1;720;MAZAMORRA DE NARANJA;125;33598;CAJA CHICA - AGUA PARA RECETA - CH;0.1;12.5;LT;12.5;LT
REGIMEN 3;CENA NORMAL 1;2026-10-01;POSTRE NORMAL 1;720;MAZAMORRA DE NARANJA;125;1020530559;CANELA MOLIDA 4 ESTACIONES 1 KG;0.0001;0.015;BOL;0.015;KG
REGIMEN 3;CENA NORMAL 1;2026-10-01;POSTRE NORMAL 2;584;GELATINA DE NARANJA;49;10208043257;GELATINA SABOR NARANJA MACROFOOD 1KG;0.0071;0.348;BOL;0.348;KG
REGIMEN 3;CENA NORMAL 1;2026-10-01;POSTRE NORMAL 2;584;GELATINA DE NARANJA;49;33598;CAJA CHICA - AGUA PARA RECETA - CH;0.1;4.9;LT;4.9;LT
REGIMEN 3;CENA NORMAL 1;2026-10-01;BEBIDA CALIENTE 1;4087;REFRESCO INFUSION FRIA ANIS;500;33598;CAJA CHICA - AGUA PARA RECETA - CH;0.25;125;LT;125;LT
REGIMEN 3;CENA NORMAL 1;2026-10-01;BEBIDA CALIENTE 1;4087;REFRESCO INFUSION FRIA ANIS;500;1020132280;INFUSION ANIS 4 ESTACIONES 50 GRM;0.0005;5;BOL;0.25;KG
REGIMEN 3;CENA NORMAL 1;2026-10-01;BEBIDA CALIENTE 1;4087;REFRESCO INFUSION FRIA ANIS;500;1010425038;AZUCAR RUBIA;0.015;7.5;KG;7.5;KG
REGIMEN 3;CENA NORMAL 1;2026-10-02;SOPA NORMAL 1;146;AGUADITO DE POLLO;240;10101036994;ACEITE VEGETAL CIELO 5 LT;0.001;0.048;BID;0.24;LT
REGIMEN 3;CENA NORMAL 1;2026-10-02;SOPA NORMAL 1;146;AGUADITO DE POLLO;240;1020530600;PIMIENTA NEGRA MOLIDA 4 ESTACIONES 1 KG;0.0001;0.029;BOL;0.029;KG
REGIMEN 3;CENA NORMAL 1;2026-10-02;SOPA NORMAL 1;146;AGUADITO DE POLLO;240;10205037563;SAL DE COCINA SALINA 1 KG;0.002;0.48;BOL;0.48;KG
REGIMEN 3;CENA NORMAL 1;2026-10-02;SOPA NORMAL 1;146;AGUADITO DE POLLO;240;103010001;ARVEJA GRANO PELADA CONGELADO;0.01;2.4;KG;2.4;KG
REGIMEN 3;CENA NORMAL 1;2026-10-02;SOPA NORMAL 1;146;AGUADITO DE POLLO;240;103010009;ESPINACA CONGELADA;0.01;2.4;KG;2.4;KG
REGIMEN 3;CENA NORMAL 1;2026-10-02;SOPA NORMAL 1;146;AGUADITO DE POLLO;240;103010005;CHOCLO DESGRANADO CONGELADO;0.012;2.88;KG;2.88;KG
REGIMEN 3;CENA NORMAL 1;2026-10-02;SOPA NORMAL 1;146;AGUADITO DE POLLO;240;33598;CAJA CHICA - AGUA PARA RECETA - CH;0.3;72;LT;72;LT
REGIMEN 3;CENA NORMAL 1;2026-10-02;SOPA NORMAL 1;146;AGUADITO DE POLLO;240;102010022;PIMIENTO ROJO;0.01;2.4;KG;2.4;KG
REGIMEN 3;CENA NORMAL 1;2026-10-02;SOPA NORMAL 1;146;AGUADITO DE POLLO;240;101070178;CALDO DE GALLINA KNORR SACHET 1.5 KG;0.002;0.32;BOL;0.48;KG
REGIMEN 3;CENA NORMAL 1;2026-10-02;SOPA NORMAL 1;146;AGUADITO DE POLLO;240;103020026;PIERNA DE POLLO CON ENCUENTRO CONGELADO;0.075;18;KG;18;KG
REGIMEN 3;CENA NORMAL 1;2026-10-02;SOPA NORMAL 1;146;AGUADITO DE POLLO;240;102010018;PAPA BLANCA;0.03;7.2;KG;7.2;KG
REGIMEN 3;CENA NORMAL 1;2026-10-02;SOPA NORMAL 1;146;AGUADITO DE POLLO;240;4030232902;MIX DE SOPA COMPLETO CONGELADO - KGM;0.044;10.56;KG;10.56;KG
REGIMEN 3;CENA NORMAL 1;2026-10-02;SOPA NORMAL 1;146;AGUADITO DE POLLO;240;1010227866;ARROZ CORRIENTE PARA SOPA;0.02;4.8;KG;4.8;KG
REGIMEN 3;CENA NORMAL 1;2026-10-02;SOPA NORMAL 1;146;AGUADITO DE POLLO;240;1020222495;PRE ELABORADO RAM BASE VERDE 1KG;0.003;0.72;BOL;0.72;KG
REGIMEN 3;CENA NORMAL 1;2026-10-02;SOPA DIETA 1;123;CREMA DE ESPINACAS;7;10101036994;ACEITE VEGETAL CIELO 5 LT;0.002;0.003;BID;0.014;LT
REGIMEN 3;CENA NORMAL 1;2026-10-02;SOPA DIETA 1;123;CREMA DE ESPINACAS;7;50505037205;MARGARINA LA DANESA 220 GR;0.005;0.159;POT;0.035;KG
REGIMEN 3;CENA NORMAL 1;2026-10-02;SOPA DIETA 1;123;CREMA DE ESPINACAS;7;505060006;QUESO FRESCO BONLE MOLDE REFRIGERADO KG;0.01;0.07;KG;0.07;KG
REGIMEN 3;CENA NORMAL 1;2026-10-02;SOPA DIETA 1;123;CREMA DE ESPINACAS;7;1020530587;NUEZ MOSCADA MOLIDA 4 ESTACIONES 50 GR;0.0001;0.017;BOL;0.001;KG
REGIMEN 3;CENA NORMAL 1;2026-10-02;SOPA DIETA 1;123;CREMA DE ESPINACAS;7;101100011;OREGANO ENTERO SAN JUAN MASIAS 1 KG;0.0001;0.001;BOL;0.001;KG
REGIMEN 3;CENA NORMAL 1;2026-10-02;SOPA DIETA 1;123;CREMA DE ESPINACAS;7;1020530600;PIMIENTA NEGRA MOLIDA 4 ESTACIONES 1 KG;0.0001;0.001;BOL;0.001;KG
REGIMEN 3;CENA NORMAL 1;2026-10-02;SOPA DIETA 1;123;CREMA DE ESPINACAS;7;10205037563;SAL DE COCINA SALINA 1 KG;0.003;0.021;BOL;0.021;KG
REGIMEN 3;CENA NORMAL 1;2026-10-02;SOPA DIETA 1;123;CREMA DE ESPINACAS;7;10202041457;PASTA DE AJO CONCENTRADA EMIC 1 KG;0.001;0.007;BOL;0.007;KG
REGIMEN 3;CENA NORMAL 1;2026-10-02;SOPA DIETA 1;123;CREMA DE ESPINACAS;7;102010006;CEBOLLA ROJA;0.009;0.063;KG;0.063;KG
REGIMEN 3;CENA NORMAL 1;2026-10-02;SOPA DIETA 1;123;CREMA DE ESPINACAS;7;103010009;ESPINACA CONGELADA;0.08;0.56;KG;0.56;KG
REGIMEN 3;CENA NORMAL 1;2026-10-02;SOPA DIETA 1;123;CREMA DE ESPINACAS;7;102010024;PORO;0.003;0.021;KG;0.021;KG
REGIMEN 3;CENA NORMAL 1;2026-10-02;SOPA DIETA 1;123;CREMA DE ESPINACAS;7;10107039479;LECHE EVAPORADA (CONCENTRADA) LAIVE BOLSITARRO 800 ML;0.015;0.131;BOL;0.105;LT
REGIMEN 3;CENA NORMAL 1;2026-10-02;SOPA DIETA 1;123;CREMA DE ESPINACAS;7;10106037527;HARINA ESPECIAL DEL CIELO GRANEL SACO 50 KG;0.015;0.002;SCO;0.105;KG
REGIMEN 3;CENA NORMAL 1;2026-10-02;SOPA DIETA 1;123;CREMA DE ESPINACAS;7;10106040287;MAICENA DURYEA 500 GR;0.001;0.014;CAJ;0.007;KG
REGIMEN 3;CENA NORMAL 1;2026-10-02;SOPA DIETA 1;123;CREMA DE ESPINACAS;7;33598;CAJA CHICA - AGUA PARA RECETA - CH;0.3;2.1;LT;2.1;LT
REGIMEN 3;CENA NORMAL 1;2026-10-02;SOPA DIETA 1;123;CREMA DE ESPINACAS;7;102010018;PAPA BLANCA;0.03;0.21;KG;0.21;KG
REGIMEN 3;CENA NORMAL 1;2026-10-02;SOPA DIETA 1;123;CREMA DE ESPINACAS;7;101070178;CALDO DE GALLINA KNORR SACHET 1.5 KG;0.002;0.009;BOL;0.014;KG
REGIMEN 3;CENA NORMAL 1;2026-10-02;PLATO DE FONDO NORMAL 1;2964;POLL - POLLO A LA BRASA EVENTO;260;101050455;MOSTAZA TRESA 4 KG;0.006;0.39;BLD;1.56;KG
REGIMEN 3;CENA NORMAL 1;2026-10-02;PLATO DE FONDO NORMAL 1;2964;POLL - POLLO A LA BRASA EVENTO;260;40107041584;POLLO SIN MENUDENCIA CONGELADO 1.1 - 1.4 KG - TRES ARROYOS;0.3;78;KG;78;KG
REGIMEN 3;CENA NORMAL 1;2026-10-02;PLATO DE FONDO NORMAL 1;2964;POLL - POLLO A LA BRASA EVENTO;260;101050446;MAYONESA ALACENA 4 LT;0.01;0.65;BLD;2.6;KG
REGIMEN 3;CENA NORMAL 1;2026-10-02;PLATO DE FONDO NORMAL 1;2964;POLL - POLLO A LA BRASA EVENTO;260;101050452;KETCHUP TRESA 4 LT;0.007;0.455;BLD;1.82;KG
REGIMEN 3;CENA NORMAL 1;2026-10-02;PLATO DE FONDO NORMAL 1;2964;POLL - POLLO A LA BRASA EVENTO;260;10202041555;MARINADO PARA POLLO A LA BRASA EMIC 1 KG;0.0125;3.25;BOL;3.25;KG
REGIMEN 3;CENA NORMAL 1;2026-10-02;PLATO DE FONDO DIETA;5112;POLL - PECHUGA DE POLLO AL OREGANO DIETA;7;10106040287;MAICENA DURYEA 500 GR;0.003;0.042;CAJ;0.021;KG
REGIMEN 3;CENA NORMAL 1;2026-10-02;PLATO DE FONDO DIETA;5112;POLL - PECHUGA DE POLLO AL OREGANO DIETA;7;101100011;OREGANO ENTERO SAN JUAN MASIAS 1 KG;0.0001;0.001;BOL;0.001;KG
REGIMEN 3;CENA NORMAL 1;2026-10-02;PLATO DE FONDO DIETA;5112;POLL - PECHUGA DE POLLO AL OREGANO DIETA;7;1020530600;PIMIENTA NEGRA MOLIDA 4 ESTACIONES 1 KG;0.0001;0.001;BOL;0.001;KG
REGIMEN 3;CENA NORMAL 1;2026-10-02;PLATO DE FONDO DIETA;5112;POLL - PECHUGA DE POLLO AL OREGANO DIETA;7;40107038254;PECHUGA DE POLLO S/HUESO S/PIEL CONGELADO - IMPORTACION;0.16;1.12;KG;1.12;KG
REGIMEN 3;CENA NORMAL 1;2026-10-02;PLATO DE FONDO DIETA;5112;POLL - PECHUGA DE POLLO AL OREGANO DIETA;7;10205037563;SAL DE COCINA SALINA 1 KG;0.002;0.014;BOL;0.014;KG
REGIMEN 3;CENA NORMAL 1;2026-10-02;PLATO DE FONDO DIETA;5112;POLL - PECHUGA DE POLLO AL OREGANO DIETA;7;101070178;CALDO DE GALLINA KNORR SACHET 1.5 KG;0.0006;0.003;BOL;0.004;KG
REGIMEN 3;CENA NORMAL 1;2026-10-02;PLATO DE FONDO DIETA;5112;POLL - PECHUGA DE POLLO AL OREGANO DIETA;7;33598;CAJA CHICA - AGUA PARA RECETA - CH;0.01;0.07;LT;0.07;LT
REGIMEN 3;CENA NORMAL 1;2026-10-02;PLATO DE FONDO DIETA;5112;POLL - PECHUGA DE POLLO AL OREGANO DIETA;7;10101036994;ACEITE VEGETAL CIELO 5 LT;0.002;0.003;BID;0.014;LT
REGIMEN 3;CENA NORMAL 1;2026-10-02;GUARNICION ARROZ;1241;ARROZ CHAUFA CON VERDURAS;230;10101036994;ACEITE VEGETAL CIELO 5 LT;0.005;0.23;BID;1.15;LT
REGIMEN 3;CENA NORMAL 1;2026-10-02;GUARNICION ARROZ;1241;ARROZ CHAUFA CON VERDURAS;230;5040231670;HUEVO LIQUIDO CONGELADO 2 KG;0.02;2.3;PQT;4.6;KG
REGIMEN 3;CENA NORMAL 1;2026-10-02;GUARNICION ARROZ;1241;ARROZ CHAUFA CON VERDURAS;230;1020530600;PIMIENTA NEGRA MOLIDA 4 ESTACIONES 1 KG;0.001;0.23;BOL;0.23;KG
REGIMEN 3;CENA NORMAL 1;2026-10-02;GUARNICION ARROZ;1241;ARROZ CHAUFA CON VERDURAS;230;10205037563;SAL DE COCINA SALINA 1 KG;0.001;0.23;BOL;0.23;KG
REGIMEN 3;CENA NORMAL 1;2026-10-02;GUARNICION ARROZ;1241;ARROZ CHAUFA CON VERDURAS;230;10202041457;PASTA DE AJO CONCENTRADA EMIC 1 KG;0.003;0.69;BOL;0.69;KG
REGIMEN 3;CENA NORMAL 1;2026-10-02;GUARNICION ARROZ;1241;ARROZ CHAUFA CON VERDURAS;230;101050423;SALSA SILLAU TRESA 4 LT;0.015;0.862;GLN;3.45;LT
REGIMEN 3;CENA NORMAL 1;2026-10-02;GUARNICION ARROZ;1241;ARROZ CHAUFA CON VERDURAS;230;1010425038;AZUCAR RUBIA;0.024;5.52;KG;5.52;KG
REGIMEN 3;CENA NORMAL 1;2026-10-02;GUARNICION ARROZ;1241;ARROZ CHAUFA CON VERDURAS;230;102010007;CEBOLLA CHINA;0.015;3.45;KG;3.45;KG
REGIMEN 3;CENA NORMAL 1;2026-10-02;GUARNICION ARROZ;1241;ARROZ CHAUFA CON VERDURAS;230;1020530674;KION MOLIDO SECO 4 ESTACIONES 250 GR;0.002;1.84;BOL;0.46;KG
REGIMEN 3;CENA NORMAL 1;2026-10-02;GUARNICION ARROZ;1241;ARROZ CHAUFA CON VERDURAS;230;102010022;PIMIENTO ROJO;0.003;0.69;KG;0.69;KG
REGIMEN 3;CENA NORMAL 1;2026-10-02;GUARNICION ARROZ;1241;ARROZ CHAUFA CON VERDURAS;230;10102041614;ARROZ COSTEÑO EXTRA HOJA REDONDA AÑEJO 50 KG;0.1;0.46;SCO;23;KG
REGIMEN 3;CENA NORMAL 1;2026-10-02;GUARNICION 1;414;PAPAS FRITAS;260;10205037563;SAL DE COCINA SALINA 1 KG;0.002;0.52;BOL;0.52;KG
REGIMEN 3;CENA NORMAL 1;2026-10-02;GUARNICION 1;414;PAPAS FRITAS;260;4030230094;PAPA PRE FRITA CONGELADA;0.077;20.02;KG;20.02;KG
REGIMEN 3;CENA NORMAL 1;2026-10-02;GUARNICION 1;414;PAPAS FRITAS;260;10101036994;ACEITE VEGETAL CIELO 5 LT;0.005;0.26;BID;1.3;LT
REGIMEN 3;CENA NORMAL 1;2026-10-02;GUARNICION DIETA;937;VERDURAS COCIDAS;7;10101036994;ACEITE VEGETAL CIELO 5 LT;0.001;0.001;BID;0.007;LT
REGIMEN 3;CENA NORMAL 1;2026-10-02;GUARNICION DIETA;937;VERDURAS COCIDAS;7;50505037205;MARGARINA LA DANESA 220 GR;0.005;0.159;POT;0.035;KG
REGIMEN 3;CENA NORMAL 1;2026-10-02;GUARNICION DIETA;937;VERDURAS COCIDAS;7;1020530600;PIMIENTA NEGRA MOLIDA 4 ESTACIONES 1 KG;0.0001;0.001;BOL;0.001;KG
REGIMEN 3;CENA NORMAL 1;2026-10-02;GUARNICION DIETA;937;VERDURAS COCIDAS;7;10205037563;SAL DE COCINA SALINA 1 KG;0.002;0.014;BOL;0.014;KG
REGIMEN 3;CENA NORMAL 1;2026-10-02;GUARNICION DIETA;937;VERDURAS COCIDAS;7;103010001;ARVEJA GRANO PELADA CONGELADO;0.02;0.14;KG;0.14;KG
REGIMEN 3;CENA NORMAL 1;2026-10-02;GUARNICION DIETA;937;VERDURAS COCIDAS;7;102010052;VAINITA FRESCA;0.02;0.14;KG;0.14;KG
REGIMEN 3;CENA NORMAL 1;2026-10-02;GUARNICION DIETA;937;VERDURAS COCIDAS;7;102010029;ZANAHORIA;0.015;0.105;KG;0.105;KG
REGIMEN 3;CENA NORMAL 1;2026-10-02;GUARNICION DIETA;937;VERDURAS COCIDAS;7;102010018;PAPA BLANCA;0.1;0.7;KG;0.7;KG
REGIMEN 3;CENA NORMAL 1;2026-10-02;GUARNICION DIETA;937;VERDURAS COCIDAS;7;102010021;PEREJIL;0.002;0.014;KG;0.014;KG
REGIMEN 3;CENA NORMAL 1;2026-10-02;GUARNICION DIETA;937;VERDURAS COCIDAS;7;102010030;ZAPALLITO ITALIANO;0.025;0.175;KG;0.175;KG
REGIMEN 3;CENA NORMAL 1;2026-10-02;COM SALAD BAR 1;1072;SALAD BAR VII;220;102010029;ZANAHORIA;0.03;6.6;KG;6.6;KG
REGIMEN 3;CENA NORMAL 1;2026-10-02;COM SALAD BAR 1;1072;SALAD BAR VII;220;70046;LECHUGA AMERICANA;0.06;13.2;KG;13.2;KG
REGIMEN 3;CENA NORMAL 1;2026-10-02;COM SALAD BAR 1;1072;SALAD BAR VII;220;102010020;PEPINILLO;0.03;6.6;KG;6.6;KG
REGIMEN 3;CENA NORMAL 1;2026-10-02;ISLA 1;719;LIMON;260;102020001;LIMON VERDE EXTRA;0.015;3.9;KG;3.9;KG
REGIMEN 3;CENA NORMAL 1;2026-10-02;ISLA 4;1096;SALSA VINAGRETA;25;101100011;OREGANO ENTERO SAN JUAN MASIAS 1 KG;0.0001;0.003;BOL;0.003;KG
REGIMEN 3;CENA NORMAL 1;2026-10-02;ISLA 4;1096;SALSA VINAGRETA;25;1020530600;PIMIENTA NEGRA MOLIDA 4 ESTACIONES 1 KG;0.0001;0.003;BOL;0.003;KG
REGIMEN 3;CENA NORMAL 1;2026-10-02;ISLA 4;1096;SALSA VINAGRETA;25;10205037563;SAL DE COCINA SALINA 1 KG;0.002;0.05;BOL;0.05;KG
REGIMEN 3;CENA NORMAL 1;2026-10-02;ISLA 4;1096;SALSA VINAGRETA;25;101050446;MAYONESA ALACENA 4 LT;0.0067;0.042;BLD;0.168;KG
REGIMEN 3;CENA NORMAL 1;2026-10-02;ISLA 4;1096;SALSA VINAGRETA;25;101050455;MOSTAZA TRESA 4 KG;0.002;0.012;BLD;0.05;KG
REGIMEN 3;CENA NORMAL 1;2026-10-02;ISLA 4;1096;SALSA VINAGRETA;25;101050456;VINAGRE BLANCO TRESA 4 LT;0.004;0.025;GLN;0.1;LT
REGIMEN 3;CENA NORMAL 1;2026-10-02;ISLA 4;1096;SALSA VINAGRETA;25;33598;CAJA CHICA - AGUA PARA RECETA - CH;0.0033;0.082;LT;0.082;LT
REGIMEN 3;CENA NORMAL 1;2026-10-02;ISLA 5;2960;SALSA DE AJI POLLERO;200;1020530600;PIMIENTA NEGRA MOLIDA 4 ESTACIONES 1 KG;0.0001;0.012;BOL;0.012;KG
REGIMEN 3;CENA NORMAL 1;2026-10-02;ISLA 5;2960;SALSA DE AJI POLLERO;200;10205037563;SAL DE COCINA SALINA 1 KG;0.001;0.2;BOL;0.2;KG
REGIMEN 3;CENA NORMAL 1;2026-10-02;ISLA 5;2960;SALSA DE AJI POLLERO;200;33598;CAJA CHICA - AGUA PARA RECETA - CH;0.005;1;LT;1;LT
REGIMEN 3;CENA NORMAL 1;2026-10-02;ISLA 5;2960;SALSA DE AJI POLLERO;200;102010006;CEBOLLA ROJA;0.007;1.4;KG;1.4;KG
REGIMEN 3;CENA NORMAL 1;2026-10-02;ISLA 5;2960;SALSA DE AJI POLLERO;200;10101036994;ACEITE VEGETAL CIELO 5 LT;0.003;0.12;BID;0.6;LT
REGIMEN 3;CENA NORMAL 1;2026-10-02;ISLA 5;2960;SALSA DE AJI POLLERO;200;10202041457;PASTA DE AJO CONCENTRADA EMIC 1 KG;0.002;0.4;BOL;0.4;KG
REGIMEN 3;CENA NORMAL 1;2026-10-02;ISLA 5;2960;SALSA DE AJI POLLERO;200;102010021;PEREJIL;0.001;0.2;KG;0.2;KG
REGIMEN 3;CENA NORMAL 1;2026-10-02;ISLA 5;2960;SALSA DE AJI POLLERO;200;102010041;AJI AMARILLO X KG;0.01;2;KG;2;KG
REGIMEN 3;CENA NORMAL 1;2026-10-02;FRUTA 1;609;TUNA ROJA;80;102020104;TUNAS;0.09;7.2;KG;7.2;KG
REGIMEN 3;CENA NORMAL 1;2026-10-02;POSTRE NORMAL 1;545;CHURROS CON MANJAR BLANCO;130;10101036994;ACEITE VEGETAL CIELO 5 LT;0.005;0.13;BID;0.65;LT
REGIMEN 3;CENA NORMAL 1;2026-10-02;POSTRE NORMAL 1;545;CHURROS CON MANJAR BLANCO;130;50505037205;MARGARINA LA DANESA 220 GR;0.008;4.727;POT;1.04;KG
REGIMEN 3;CENA NORMAL 1;2026-10-02;POSTRE NORMAL 1;545;CHURROS CON MANJAR BLANCO;130;10107039479;LECHE EVAPORADA (CONCENTRADA) LAIVE BOLSITARRO 800 ML;0.007;1.138;BOL;0.91;LT
REGIMEN 3;CENA NORMAL 1;2026-10-02;POSTRE NORMAL 1;545;CHURROS CON MANJAR BLANCO;130;5040231670;HUEVO LIQUIDO CONGELADO 2 KG;0.0168;1.092;PQT;2.184;KG
REGIMEN 3;CENA NORMAL 1;2026-10-02;POSTRE NORMAL 1;545;CHURROS CON MANJAR BLANCO;130;10205037563;SAL DE COCINA SALINA 1 KG;0.001;0.13;BOL;0.13;KG
REGIMEN 3;CENA NORMAL 1;2026-10-02;POSTRE NORMAL 1;545;CHURROS CON MANJAR BLANCO;130;101060562;ESCENCIA DE VAINILLA NEGRITA 1 LT PET;0.0004;0.052;BOT;0.052;LT
REGIMEN 3;CENA NORMAL 1;2026-10-02;POSTRE NORMAL 1;545;CHURROS CON MANJAR BLANCO;130;1010425038;AZUCAR RUBIA;0.008;1.04;KG;1.04;KG
REGIMEN 3;CENA NORMAL 1;2026-10-02;POSTRE NORMAL 1;545;CHURROS CON MANJAR BLANCO;130;10106037527;HARINA ESPECIAL DEL CIELO GRANEL SACO 50 KG;0.02;0.052;SCO;2.6;KG
REGIMEN 3;CENA NORMAL 1;2026-10-02;POSTRE NORMAL 1;545;CHURROS CON MANJAR BLANCO;130;102030329;MANJAR BLANCO BAZO VELARDE 900 GR;0.02;2.889;BOL;2.6;KG
REGIMEN 3;CENA NORMAL 1;2026-10-02;POSTRE NORMAL 1;545;CHURROS CON MANJAR BLANCO;130;33598;CAJA CHICA - AGUA PARA RECETA - CH;0.003;0.39;LT;0.39;LT
REGIMEN 3;CENA NORMAL 1;2026-10-02;POSTRE NORMAL 2;585;GELATINA DE FRESA;50;10208043200;GELATINA SABOR FRESA MACROFOOD 1KG;0.0071;0.355;BOL;0.355;KG
REGIMEN 3;CENA NORMAL 1;2026-10-02;POSTRE NORMAL 2;585;GELATINA DE FRESA;50;33598;CAJA CHICA - AGUA PARA RECETA - CH;0.1;5;LT;5;LT
REGIMEN 3;CENA NORMAL 1;2026-10-02;BEBIDA CALIENTE 1;4086;REFRESCO INFUSION FRIA MANZANILLA;520;33598;CAJA CHICA - AGUA PARA RECETA - CH;0.25;130;LT;130;LT
REGIMEN 3;CENA NORMAL 1;2026-10-02;BEBIDA CALIENTE 1;4086;REFRESCO INFUSION FRIA MANZANILLA;520;1020132344;INFUSION MANZANILLA 4 ESTACIONES 50 GRM;0.0005;5.2;BOL;0.26;KG
REGIMEN 3;CENA NORMAL 1;2026-10-02;BEBIDA CALIENTE 1;4086;REFRESCO INFUSION FRIA MANZANILLA;520;1010425038;AZUCAR RUBIA;0.015;7.8;KG;7.8;KG
REGIMEN 3;CENA NORMAL 1;2026-10-03;SOPA NORMAL 1;111;CHUPE DE VERDURAS;220;10101036994;ACEITE VEGETAL CIELO 5 LT;0.001;0.044;BID;0.22;LT
REGIMEN 3;CENA NORMAL 1;2026-10-03;SOPA NORMAL 1;111;CHUPE DE VERDURAS;220;505060006;QUESO FRESCO BONLE MOLDE REFRIGERADO KG;0.01;2.2;KG;2.2;KG
REGIMEN 3;CENA NORMAL 1;2026-10-03;SOPA NORMAL 1;111;CHUPE DE VERDURAS;220;5040231670;HUEVO LIQUIDO CONGELADO 2 KG;0.02;2.2;PQT;4.4;KG
REGIMEN 3;CENA NORMAL 1;2026-10-03;SOPA NORMAL 1;111;CHUPE DE VERDURAS;220;101070178;CALDO DE GALLINA KNORR SACHET 1.5 KG;0.002;0.293;BOL;0.44;KG
REGIMEN 3;CENA NORMAL 1;2026-10-03;SOPA NORMAL 1;111;CHUPE DE VERDURAS;220;101100011;OREGANO ENTERO SAN JUAN MASIAS 1 KG;0.0001;0.013;BOL;0.013;KG
REGIMEN 3;CENA NORMAL 1;2026-10-03;SOPA NORMAL 1;111;CHUPE DE VERDURAS;220;1020530600;PIMIENTA NEGRA MOLIDA 4 ESTACIONES 1 KG;0.0001;0.013;BOL;0.013;KG
REGIMEN 3;CENA NORMAL 1;2026-10-03;SOPA NORMAL 1;111;CHUPE DE VERDURAS;220;10205037563;SAL DE COCINA SALINA 1 KG;0.002;0.44;BOL;0.44;KG
REGIMEN 3;CENA NORMAL 1;2026-10-03;SOPA NORMAL 1;111;CHUPE DE VERDURAS;220;1020233296;PASTA DE AJI PANCA EMIC 1 KG;0.001;0.22;BOL;0.22;KG
REGIMEN 3;CENA NORMAL 1;2026-10-03;SOPA NORMAL 1;111;CHUPE DE VERDURAS;220;10202041457;PASTA DE AJO CONCENTRADA EMIC 1 KG;0.001;0.22;BOL;0.22;KG
REGIMEN 3;CENA NORMAL 1;2026-10-03;SOPA NORMAL 1;111;CHUPE DE VERDURAS;220;103010001;ARVEJA GRANO PELADA CONGELADO;0.005;1.1;KG;1.1;KG
REGIMEN 3;CENA NORMAL 1;2026-10-03;SOPA NORMAL 1;111;CHUPE DE VERDURAS;220;103010005;CHOCLO DESGRANADO CONGELADO;0.01;2.2;KG;2.2;KG
REGIMEN 3;CENA NORMAL 1;2026-10-03;SOPA NORMAL 1;111;CHUPE DE VERDURAS;220;103010025;HABAS VERDES PELADAS  CONGELADA;0.01;2.2;KG;2.2;KG
REGIMEN 3;CENA NORMAL 1;2026-10-03;SOPA NORMAL 1;111;CHUPE DE VERDURAS;220;4030232902;MIX DE SOPA COMPLETO CONGELADO - KGM;0.044;9.68;KG;9.68;KG
REGIMEN 3;CENA NORMAL 1;2026-10-03;SOPA NORMAL 1;111;CHUPE DE VERDURAS;220;102010006;CEBOLLA ROJA;0.01;2.2;KG;2.2;KG
REGIMEN 3;CENA NORMAL 1;2026-10-03;SOPA NORMAL 1;111;CHUPE DE VERDURAS;220;102010036;HUACATAY;0.001;0.22;KG;0.22;KG
REGIMEN 3;CENA NORMAL 1;2026-10-03;SOPA NORMAL 1;111;CHUPE DE VERDURAS;220;102010018;PAPA BLANCA;0.03;6.6;KG;6.6;KG
REGIMEN 3;CENA NORMAL 1;2026-10-03;SOPA NORMAL 1;111;CHUPE DE VERDURAS;220;5030224265;ZAPALLO MACRE EN CUBO LIBER 1.5 X 1.5 CM CONGELADO;0.005;1.1;KG;1.1;KG
REGIMEN 3;CENA NORMAL 1;2026-10-03;SOPA NORMAL 1;111;CHUPE DE VERDURAS;220;10107039479;LECHE EVAPORADA (CONCENTRADA) LAIVE BOLSITARRO 800 ML;0.02;5.5;BOL;4.4;LT
REGIMEN 3;CENA NORMAL 1;2026-10-03;SOPA NORMAL 1;111;CHUPE DE VERDURAS;220;102090047;PASTA DE TOMATE B&D 3.20 KG;0.001;0.069;LAT;0.22;KG
REGIMEN 3;CENA NORMAL 1;2026-10-03;SOPA NORMAL 1;111;CHUPE DE VERDURAS;220;1010227866;ARROZ CORRIENTE PARA SOPA;0.012;2.64;KG;2.64;KG
REGIMEN 3;CENA NORMAL 1;2026-10-03;SOPA NORMAL 1;111;CHUPE DE VERDURAS;220;33598;CAJA CHICA - AGUA PARA RECETA - CH;0.3;66;LT;66;LT
REGIMEN 3;CENA NORMAL 1;2026-10-03;SOPA DIETA 1;644;SOPA CANUTO CON POLLO;5;10101036994;ACEITE VEGETAL CIELO 5 LT;0.001;0.001;BID;0.005;LT
REGIMEN 3;CENA NORMAL 1;2026-10-03;SOPA DIETA 1;644;SOPA CANUTO CON POLLO;5;103020026;PIERNA DE POLLO CON ENCUENTRO CONGELADO;0.075;0.375;KG;0.375;KG
REGIMEN 3;CENA NORMAL 1;2026-10-03;SOPA DIETA 1;644;SOPA CANUTO CON POLLO;5;1020222493;PRE ELABORADO RAM BASE TOMATE 1 KG;0.003;0.015;BOL;0.015;KG
REGIMEN 3;CENA NORMAL 1;2026-10-03;SOPA DIETA 1;644;SOPA CANUTO CON POLLO;5;102090047;PASTA DE TOMATE B&D 3.20 KG;0.001;0.002;LAT;0.005;KG
REGIMEN 3;CENA NORMAL 1;2026-10-03;SOPA DIETA 1;644;SOPA CANUTO CON POLLO;5;4030232902;MIX DE SOPA COMPLETO CONGELADO - KGM;0.044;0.22;KG;0.22;KG
REGIMEN 3;CENA NORMAL 1;2026-10-03;SOPA DIETA 1;644;SOPA CANUTO CON POLLO;5;5030224265;ZAPALLO MACRE EN CUBO LIBER 1.5 X 1.5 CM CONGELADO;0.005;0.025;KG;0.025;KG
REGIMEN 3;CENA NORMAL 1;2026-10-03;SOPA DIETA 1;644;SOPA CANUTO CON POLLO;5;102010018;PAPA BLANCA;0.03;0.15;KG;0.15;KG
REGIMEN 3;CENA NORMAL 1;2026-10-03;SOPA DIETA 1;644;SOPA CANUTO CON POLLO;5;101100011;OREGANO ENTERO SAN JUAN MASIAS 1 KG;0.0001;0.001;BOL;0.001;KG
REGIMEN 3;CENA NORMAL 1;2026-10-03;SOPA DIETA 1;644;SOPA CANUTO CON POLLO;5;10205037563;SAL DE COCINA SALINA 1 KG;0.002;0.01;BOL;0.01;KG
REGIMEN 3;CENA NORMAL 1;2026-10-03;SOPA DIETA 1;644;SOPA CANUTO CON POLLO;5;101070178;CALDO DE GALLINA KNORR SACHET 1.5 KG;0.002;0.007;BOL;0.01;KG
REGIMEN 3;CENA NORMAL 1;2026-10-03;SOPA DIETA 1;644;SOPA CANUTO CON POLLO;5;102010009;COL;0.02;0.1;KG;0.1;KG
REGIMEN 3;CENA NORMAL 1;2026-10-03;SOPA DIETA 1;644;SOPA CANUTO CON POLLO;5;102010021;PEREJIL;0.001;0.005;KG;0.005;KG
REGIMEN 3;CENA NORMAL 1;2026-10-03;SOPA DIETA 1;644;SOPA CANUTO CON POLLO;5;101020271;FIDEO CANUTO CHICO NICOLINI 250 GR;0.02;0.4;PQT;0.1;KG
REGIMEN 3;CENA NORMAL 1;2026-10-03;SOPA DIETA 1;644;SOPA CANUTO CON POLLO;5;33598;CAJA CHICA - AGUA PARA RECETA - CH;0.3;1.5;LT;1.5;LT
REGIMEN 3;CENA NORMAL 1;2026-10-03;PLATO DE FONDO NORMAL 1;1013;POLL - POLLO A LA JARDINERA;140;10101036994;ACEITE VEGETAL CIELO 5 LT;0.002;0.056;BID;0.28;LT
REGIMEN 3;CENA NORMAL 1;2026-10-03;PLATO DE FONDO NORMAL 1;1013;POLL - POLLO A LA JARDINERA;140;103020027;POLLO SIN MENUDENCIA CONGELADO RANGO 1.428 - 1.611 KG (SAN FERNANDO);0.066;9.24;KG;9.24;KG
REGIMEN 3;CENA NORMAL 1;2026-10-03;PLATO DE FONDO NORMAL 1;1013;POLL - POLLO A LA JARDINERA;140;103020026;PIERNA DE POLLO CON ENCUENTRO CONGELADO;0.217;30.38;KG;30.38;KG
REGIMEN 3;CENA NORMAL 1;2026-10-03;PLATO DE FONDO NORMAL 1;1013;POLL - POLLO A LA JARDINERA;140;1020530572;COMINO MOLIDO 4 ESTACIONES 1 KG;0;0.003;BOL;0.003;KG
REGIMEN 3;CENA NORMAL 1;2026-10-03;PLATO DE FONDO NORMAL 1;1013;POLL - POLLO A LA JARDINERA;140;1020530600;PIMIENTA NEGRA MOLIDA 4 ESTACIONES 1 KG;0.0001;0.008;BOL;0.008;KG
REGIMEN 3;CENA NORMAL 1;2026-10-03;PLATO DE FONDO NORMAL 1;1013;POLL - POLLO A LA JARDINERA;140;1020222487;PRE ELABORADO RAM BASE AMARILLA 1 KG;0.02;2.8;BOL;2.8;KG
REGIMEN 3;CENA NORMAL 1;2026-10-03;PLATO DE FONDO NORMAL 1;1013;POLL - POLLO A LA JARDINERA;140;10205037563;SAL DE COCINA SALINA 1 KG;0.002;0.28;BOL;0.28;KG
REGIMEN 3;CENA NORMAL 1;2026-10-03;PLATO DE FONDO NORMAL 1;1013;POLL - POLLO A LA JARDINERA;140;102010022;PIMIENTO ROJO;0.01;1.4;KG;1.4;KG
REGIMEN 3;CENA NORMAL 1;2026-10-03;PLATO DE FONDO NORMAL 1;1013;POLL - POLLO A LA JARDINERA;140;102010052;VAINITA FRESCA;0.015;2.1;KG;2.1;KG
REGIMEN 3;CENA NORMAL 1;2026-10-03;PLATO DE FONDO NORMAL 1;1013;POLL - POLLO A LA JARDINERA;140;102010029;ZANAHORIA;0.01;1.4;KG;1.4;KG
REGIMEN 3;CENA NORMAL 1;2026-10-03;PLATO DE FONDO NORMAL 1;1013;POLL - POLLO A LA JARDINERA;140;101070178;CALDO DE GALLINA KNORR SACHET 1.5 KG;0.0001;0.006;BOL;0.008;KG
REGIMEN 3;CENA NORMAL 1;2026-10-03;PLATO DE FONDO NORMAL 1;1013;POLL - POLLO A LA JARDINERA;140;101100011;OREGANO ENTERO SAN JUAN MASIAS 1 KG;0.0001;0.017;BOL;0.017;KG
REGIMEN 3;CENA NORMAL 1;2026-10-03;PLATO DE FONDO NORMAL 1;1013;POLL - POLLO A LA JARDINERA;140;33598;CAJA CHICA - AGUA PARA RECETA - CH;0.03;4.2;LT;4.2;LT
REGIMEN 3;CENA NORMAL 1;2026-10-03;PLATO DE FONDO NORMAL 1;1013;POLL - POLLO A LA JARDINERA;140;10106040287;MAICENA DURYEA 500 GR;0.003;0.84;CAJ;0.42;KG
REGIMEN 3;CENA NORMAL 1;2026-10-03;PLATO DE FONDO NORMAL 1;1013;POLL - POLLO A LA JARDINERA;140;1020530581;LAUREL 4 ESTACIONES 1 KG;0.0001;0.017;BOL;0.017;KG
REGIMEN 3;CENA NORMAL 1;2026-10-03;PLATO DE FONDO NORMAL 2;68;RES - PICANTE DE RES;80;10101036994;ACEITE VEGETAL CIELO 5 LT;0.002;0.032;BID;0.16;LT
REGIMEN 3;CENA NORMAL 1;2026-10-03;PLATO DE FONDO NORMAL 2;68;RES - PICANTE DE RES;80;1020222489;PRE ELABORADO RAM BASE CRIOLLA 1 KG;0.008;0.64;BOL;0.64;KG
REGIMEN 3;CENA NORMAL 1;2026-10-03;PLATO DE FONDO NORMAL 2;68;RES - PICANTE DE RES;80;40108037515;RES - GUISO CONGELADO (DON GOYO);0.16;12.8;KG;12.8;KG
REGIMEN 3;CENA NORMAL 1;2026-10-03;PLATO DE FONDO NORMAL 2;68;RES - PICANTE DE RES;80;1020530600;PIMIENTA NEGRA MOLIDA 4 ESTACIONES 1 KG;0.0001;0.005;BOL;0.005;KG
REGIMEN 3;CENA NORMAL 1;2026-10-03;PLATO DE FONDO NORMAL 2;68;RES - PICANTE DE RES;80;10205037563;SAL DE COCINA SALINA 1 KG;0.003;0.24;BOL;0.24;KG
REGIMEN 3;CENA NORMAL 1;2026-10-03;PLATO DE FONDO NORMAL 2;68;RES - PICANTE DE RES;80;102010010;CULANTRO;0.002;0.16;KG;0.16;KG
REGIMEN 3;CENA NORMAL 1;2026-10-03;PLATO DE FONDO NORMAL 2;68;RES - PICANTE DE RES;80;102010018;PAPA BLANCA;0.12;9.6;KG;9.6;KG
REGIMEN 3;CENA NORMAL 1;2026-10-03;PLATO DE FONDO NORMAL 2;68;RES - PICANTE DE RES;80;103010001;ARVEJA GRANO PELADA CONGELADO;0.01;0.8;KG;0.8;KG
REGIMEN 3;CENA NORMAL 1;2026-10-03;PLATO DE FONDO NORMAL 2;68;RES - PICANTE DE RES;80;1020227865;CALDO DE CARNE KNORR SACHET 650 GR;0.0001;0.007;BOL;0.005;KG
REGIMEN 3;CENA NORMAL 1;2026-10-03;PLATO DE FONDO NORMAL 2;68;RES - PICANTE DE RES;80;102010029;ZANAHORIA;0.01;0.8;KG;0.8;KG
REGIMEN 3;CENA NORMAL 1;2026-10-03;PLATO DE FONDO NORMAL 2;68;RES - PICANTE DE RES;80;101100011;OREGANO ENTERO SAN JUAN MASIAS 1 KG;0.0001;0.01;BOL;0.01;KG
REGIMEN 3;CENA NORMAL 1;2026-10-03;PLATO DE FONDO NORMAL 2;68;RES - PICANTE DE RES;80;33598;CAJA CHICA - AGUA PARA RECETA - CH;0.03;2.4;LT;2.4;LT
REGIMEN 3;CENA NORMAL 1;2026-10-03;PLATO DE FONDO NORMAL 2;68;RES - PICANTE DE RES;80;1020530572;COMINO MOLIDO 4 ESTACIONES 1 KG;0.0001;0.005;BOL;0.005;KG
REGIMEN 3;CENA NORMAL 1;2026-10-03;PLATO DE FONDO NORMAL 2;68;RES - PICANTE DE RES;80;103010005;CHOCLO DESGRANADO CONGELADO;0.01;0.8;KG;0.8;KG
REGIMEN 3;CENA NORMAL 1;2026-10-03;PLATO DE FONDO DIETA;227;OMELETTE DE VERDURAS;8;10101036994;ACEITE VEGETAL CIELO 5 LT;0.002;0.003;BID;0.016;LT
REGIMEN 3;CENA NORMAL 1;2026-10-03;PLATO DE FONDO DIETA;227;OMELETTE DE VERDURAS;8;5040231670;HUEVO LIQUIDO CONGELADO 2 KG;0.06;0.24;PQT;0.48;KG
REGIMEN 3;CENA NORMAL 1;2026-10-03;PLATO DE FONDO DIETA;227;OMELETTE DE VERDURAS;8;10205037563;SAL DE COCINA SALINA 1 KG;0.002;0.016;BOL;0.016;KG
REGIMEN 3;CENA NORMAL 1;2026-10-03;PLATO DE FONDO DIETA;227;OMELETTE DE VERDURAS;8;102010006;CEBOLLA ROJA;0.015;0.12;KG;0.12;KG
REGIMEN 3;CENA NORMAL 1;2026-10-03;PLATO DE FONDO DIETA;227;OMELETTE DE VERDURAS;8;102010027;TOMATE;0.015;0.12;KG;0.12;KG
REGIMEN 3;CENA NORMAL 1;2026-10-03;PLATO DE FONDO DIETA;227;OMELETTE DE VERDURAS;8;102030081;QUESO EDAM EN TAJADAS X 500 GR CONGELADO;0.01;0.16;PQT;0.08;KG
REGIMEN 3;CENA NORMAL 1;2026-10-03;PLATO DE FONDO DIETA;227;OMELETTE DE VERDURAS;8;103010009;ESPINACA CONGELADA;0.005;0.04;KG;0.04;KG
REGIMEN 3;CENA NORMAL 1;2026-10-03;PLATO DE FONDO DIETA;227;OMELETTE DE VERDURAS;8;102010021;PEREJIL;0.002;0.016;KG;0.016;KG
REGIMEN 3;CENA NORMAL 1;2026-10-03;PLATO DE FONDO DIETA;227;OMELETTE DE VERDURAS;8;102010022;PIMIENTO ROJO;0.015;0.12;KG;0.12;KG
REGIMEN 3;CENA NORMAL 1;2026-10-03;GUARNICION ARROZ;280;ARROZ CON ZANAHORIA;211;10101036994;ACEITE VEGETAL CIELO 5 LT;0.005;0.211;BID;1.055;LT
REGIMEN 3;CENA NORMAL 1;2026-10-03;GUARNICION ARROZ;280;ARROZ CON ZANAHORIA;211;10102041614;ARROZ COSTEÑO EXTRA HOJA REDONDA AÑEJO 50 KG;0.12;0.506;SCO;25.32;KG
REGIMEN 3;CENA NORMAL 1;2026-10-03;GUARNICION ARROZ;280;ARROZ CON ZANAHORIA;211;33598;CAJA CHICA - AGUA PARA RECETA - CH;0.3;63.3;LT;63.3;LT
REGIMEN 3;CENA NORMAL 1;2026-10-03;GUARNICION ARROZ;280;ARROZ CON ZANAHORIA;211;102010029;ZANAHORIA;0.005;1.055;KG;1.055;KG
REGIMEN 3;CENA NORMAL 1;2026-10-03;GUARNICION ARROZ;280;ARROZ CON ZANAHORIA;211;4030227693;ZUMO DE LIMON CONGELADO;0.002;0.422;KG;0.422;KG
REGIMEN 3;CENA NORMAL 1;2026-10-03;GUARNICION ARROZ;280;ARROZ CON ZANAHORIA;211;10205037563;SAL DE COCINA SALINA 1 KG;0.003;0.633;BOL;0.633;KG
REGIMEN 3;CENA NORMAL 1;2026-10-03;GUARNICION ARROZ;280;ARROZ CON ZANAHORIA;211;10202041457;PASTA DE AJO CONCENTRADA EMIC 1 KG;0.002;0.422;BOL;0.422;KG
REGIMEN 3;CENA NORMAL 1;2026-10-03;GUARNICION 1;287;CAMOTE AL HORNO;140;102010005;CAMOTE AMARILLO;0.12;16.8;KG;16.8;KG
REGIMEN 3;CENA NORMAL 1;2026-10-03;GUARNICION DIETA;937;VERDURAS COCIDAS;8;10101036994;ACEITE VEGETAL CIELO 5 LT;0.001;0.002;BID;0.008;LT
REGIMEN 3;CENA NORMAL 1;2026-10-03;GUARNICION DIETA;937;VERDURAS COCIDAS;8;50505037205;MARGARINA LA DANESA 220 GR;0.005;0.182;POT;0.04;KG
REGIMEN 3;CENA NORMAL 1;2026-10-03;GUARNICION DIETA;937;VERDURAS COCIDAS;8;1020530600;PIMIENTA NEGRA MOLIDA 4 ESTACIONES 1 KG;0.0001;0.001;BOL;0.001;KG
REGIMEN 3;CENA NORMAL 1;2026-10-03;GUARNICION DIETA;937;VERDURAS COCIDAS;8;10205037563;SAL DE COCINA SALINA 1 KG;0.002;0.016;BOL;0.016;KG
REGIMEN 3;CENA NORMAL 1;2026-10-03;GUARNICION DIETA;937;VERDURAS COCIDAS;8;103010001;ARVEJA GRANO PELADA CONGELADO;0.02;0.16;KG;0.16;KG
REGIMEN 3;CENA NORMAL 1;2026-10-03;GUARNICION DIETA;937;VERDURAS COCIDAS;8;102010052;VAINITA FRESCA;0.02;0.16;KG;0.16;KG
REGIMEN 3;CENA NORMAL 1;2026-10-03;GUARNICION DIETA;937;VERDURAS COCIDAS;8;102010029;ZANAHORIA;0.015;0.12;KG;0.12;KG
REGIMEN 3;CENA NORMAL 1;2026-10-03;GUARNICION DIETA;937;VERDURAS COCIDAS;8;102010018;PAPA BLANCA;0.1;0.8;KG;0.8;KG
REGIMEN 3;CENA NORMAL 1;2026-10-03;GUARNICION DIETA;937;VERDURAS COCIDAS;8;102010021;PEREJIL;0.002;0.016;KG;0.016;KG
REGIMEN 3;CENA NORMAL 1;2026-10-03;GUARNICION DIETA;937;VERDURAS COCIDAS;8;102010030;ZAPALLITO ITALIANO;0.025;0.2;KG;0.2;KG
REGIMEN 3;CENA NORMAL 1;2026-10-03;COM SALAD BAR 1;1066;SALAD BAR I;180;102010051;BETERRAGA FRESCA;0.05;9;KG;9;KG
REGIMEN 3;CENA NORMAL 1;2026-10-03;COM SALAD BAR 1;1066;SALAD BAR I;180;102010054;ESPINACA FRESCA;0.04;7.2;KG;7.2;KG
REGIMEN 3;CENA NORMAL 1;2026-10-03;COM SALAD BAR 1;1066;SALAD BAR I;180;403020008;COLIFLOR PRE COCIDO CONGELADO;0.04;7.2;KG;7.2;KG
REGIMEN 3;CENA NORMAL 1;2026-10-03;ISLA 1;719;LIMON;250;102020001;LIMON VERDE EXTRA;0.015;3.75;KG;3.75;KG
REGIMEN 3;CENA NORMAL 1;2026-10-03;ISLA 2;4323;AJI - ROCOTO PICADO;63;1020530600;PIMIENTA NEGRA MOLIDA 4 ESTACIONES 1 KG;0.0001;0.006;BOL;0.006;KG
REGIMEN 3;CENA NORMAL 1;2026-10-03;ISLA 2;4323;AJI - ROCOTO PICADO;63;4030227693;ZUMO DE LIMON CONGELADO;0.002;0.126;KG;0.126;KG
REGIMEN 3;CENA NORMAL 1;2026-10-03;ISLA 2;4323;AJI - ROCOTO PICADO;63;10205037563;SAL DE COCINA SALINA 1 KG;0.001;0.063;BOL;0.063;KG
REGIMEN 3;CENA NORMAL 1;2026-10-03;ISLA 2;4323;AJI - ROCOTO PICADO;63;102010034;ROCOTO;0.01;0.63;KG;0.63;KG
REGIMEN 3;CENA NORMAL 1;2026-10-03;ISLA 2;4323;AJI - ROCOTO PICADO;63;10101036994;ACEITE VEGETAL CIELO 5 LT;0.003;0.038;BID;0.189;LT
REGIMEN 3;CENA NORMAL 1;2026-10-03;ISLA 4;1096;SALSA VINAGRETA;24;101100011;OREGANO ENTERO SAN JUAN MASIAS 1 KG;0.0001;0.003;BOL;0.003;KG
REGIMEN 3;CENA NORMAL 1;2026-10-03;ISLA 4;1096;SALSA VINAGRETA;24;1020530600;PIMIENTA NEGRA MOLIDA 4 ESTACIONES 1 KG;0.0001;0.003;BOL;0.003;KG
REGIMEN 3;CENA NORMAL 1;2026-10-03;ISLA 4;1096;SALSA VINAGRETA;24;10205037563;SAL DE COCINA SALINA 1 KG;0.002;0.048;BOL;0.048;KG
REGIMEN 3;CENA NORMAL 1;2026-10-03;ISLA 4;1096;SALSA VINAGRETA;24;101050446;MAYONESA ALACENA 4 LT;0.0067;0.04;BLD;0.161;KG
REGIMEN 3;CENA NORMAL 1;2026-10-03;ISLA 4;1096;SALSA VINAGRETA;24;101050455;MOSTAZA TRESA 4 KG;0.002;0.012;BLD;0.048;KG
REGIMEN 3;CENA NORMAL 1;2026-10-03;ISLA 4;1096;SALSA VINAGRETA;24;101050456;VINAGRE BLANCO TRESA 4 LT;0.004;0.024;GLN;0.096;LT
REGIMEN 3;CENA NORMAL 1;2026-10-03;ISLA 4;1096;SALSA VINAGRETA;24;33598;CAJA CHICA - AGUA PARA RECETA - CH;0.0033;0.079;LT;0.079;LT
REGIMEN 3;CENA NORMAL 1;2026-10-03;FRUTA 1;611;MANDARINA;50;5030127352;MANDARINA;0.135;6.75;KG;6.75;KG
REGIMEN 3;CENA NORMAL 1;2026-10-03;POSTRE NORMAL 1;1474;MIL HOJAS CON MANJAR BLANCO;63;10106037527;HARINA ESPECIAL DEL CIELO GRANEL SACO 50 KG;0.035;0.044;SCO;2.205;KG
REGIMEN 3;CENA NORMAL 1;2026-10-03;POSTRE NORMAL 1;1474;MIL HOJAS CON MANJAR BLANCO;63;1010425038;AZUCAR RUBIA;0.001;0.063;KG;0.063;KG
REGIMEN 3;CENA NORMAL 1;2026-10-03;POSTRE NORMAL 1;1474;MIL HOJAS CON MANJAR BLANCO;63;10205037563;SAL DE COCINA SALINA 1 KG;0.001;0.063;BOL;0.063;KG
REGIMEN 3;CENA NORMAL 1;2026-10-03;POSTRE NORMAL 1;1474;MIL HOJAS CON MANJAR BLANCO;63;50505037205;MARGARINA LA DANESA 220 GR;0.025;7.159;POT;1.575;KG
REGIMEN 3;CENA NORMAL 1;2026-10-03;POSTRE NORMAL 1;1474;MIL HOJAS CON MANJAR BLANCO;63;33598;CAJA CHICA - AGUA PARA RECETA - CH;0.018;1.134;LT;1.134;LT
REGIMEN 3;CENA NORMAL 1;2026-10-03;POSTRE NORMAL 1;1474;MIL HOJAS CON MANJAR BLANCO;63;102030329;MANJAR BLANCO BAZO VELARDE 900 GR;0.02;1.4;BOL;1.26;KG
REGIMEN 3;CENA NORMAL 1;2026-10-03;POSTRE NORMAL 1;1474;MIL HOJAS CON MANJAR BLANCO;63;101060448;AZUCAR IMPALPABLE HONORA (LEVAPAN) 5 KG;0.004;0.05;BOL;0.252;KG
REGIMEN 3;CENA NORMAL 1;2026-10-03;POSTRE NORMAL 2;583;GELATINA DE PIÑA;63;10208043258;GELATINA SABOR PIÑA MACROFOOD 1KG;0.0071;0.447;BOL;0.447;KG
REGIMEN 3;CENA NORMAL 1;2026-10-03;POSTRE NORMAL 2;583;GELATINA DE PIÑA;63;33598;CAJA CHICA - AGUA PARA RECETA - CH;0.1;6.3;LT;6.3;LT
REGIMEN 3;CENA NORMAL 1;2026-10-03;POSTRE NORMAL 3;1855;TOCINO DEL CIELO;63;1010425038;AZUCAR RUBIA;0.0117;0.735;KG;0.735;KG
REGIMEN 3;CENA NORMAL 1;2026-10-03;POSTRE NORMAL 3;1855;TOCINO DEL CIELO;63;5040231670;HUEVO LIQUIDO CONGELADO 2 KG;0.04;1.26;PQT;2.52;KG
REGIMEN 3;CENA NORMAL 1;2026-10-03;POSTRE NORMAL 3;1855;TOCINO DEL CIELO;63;101060562;ESCENCIA DE VAINILLA NEGRITA 1 LT PET;0.0002;0.01;BOT;0.01;LT
REGIMEN 3;CENA NORMAL 1;2026-10-03;POSTRE NORMAL 3;1855;TOCINO DEL CIELO;63;10107039479;LECHE EVAPORADA (CONCENTRADA) LAIVE BOLSITARRO 800 ML;0.0267;2.099;BOL;1.68;LT
REGIMEN 3;CENA NORMAL 1;2026-10-03;POSTRE NORMAL 3;1855;TOCINO DEL CIELO;63;101010036;LECHE CONDENSADA NESTLE 100 GR;0.0527;33.176;LAT;3.318;LT
REGIMEN 3;CENA NORMAL 1;2026-10-03;POSTRE NORMAL 4;554;PIE DE LIMON I;63;10106037527;HARINA ESPECIAL DEL CIELO GRANEL SACO 50 KG;0.0208;0.026;SCO;1.312;KG
REGIMEN 3;CENA NORMAL 1;2026-10-03;POSTRE NORMAL 4;554;PIE DE LIMON I;63;50505037205;MARGARINA LA DANESA 220 GR;0.015;4.295;POT;0.945;KG
REGIMEN 3;CENA NORMAL 1;2026-10-03;POSTRE NORMAL 4;554;PIE DE LIMON I;63;1010425038;AZUCAR RUBIA;0.0083;0.525;KG;0.525;KG
REGIMEN 3;CENA NORMAL 1;2026-10-03;POSTRE NORMAL 4;554;PIE DE LIMON I;63;33598;CAJA CHICA - AGUA PARA RECETA - CH;0.0042;0.263;LT;0.263;LT
REGIMEN 3;CENA NORMAL 1;2026-10-03;POSTRE NORMAL 4;554;PIE DE LIMON I;63;101060562;ESCENCIA DE VAINILLA NEGRITA 1 LT PET;0.0008;0.052;BOT;0.052;LT
REGIMEN 3;CENA NORMAL 1;2026-10-03;POSTRE NORMAL 4;554;PIE DE LIMON I;63;101010036;LECHE CONDENSADA NESTLE 100 GR;0.0329;20.74;LAT;2.074;LT
REGIMEN 3;CENA NORMAL 1;2026-10-03;POSTRE NORMAL 4;554;PIE DE LIMON I;63;5040231670;HUEVO LIQUIDO CONGELADO 2 KG;0.03;0.945;PQT;1.89;KG
REGIMEN 3;CENA NORMAL 1;2026-10-03;POSTRE NORMAL 4;554;PIE DE LIMON I;63;4030227693;ZUMO DE LIMON CONGELADO;0.0028;0.175;KG;0.175;KG
REGIMEN 3;CENA NORMAL 1;2026-10-03;POSTRE NORMAL 4;554;PIE DE LIMON I;63;1010424673;AZUCAR BLANCA;0.0208;1.312;KG;1.312;KG
REGIMEN 3;CENA NORMAL 1;2026-10-03;POSTRE NORMAL 5;1263;PIONONO CON MANJARBLANCO;63;10208037589;PREMEZCLA INVENTIS CHIFFON 5 KG;0.0139;0.175;BOL;0.876;KG
REGIMEN 3;CENA NORMAL 1;2026-10-03;POSTRE NORMAL 5;1263;PIONONO CON MANJARBLANCO;63;5040231670;HUEVO LIQUIDO CONGELADO 2 KG;0.0122;0.384;PQT;0.769;KG
REGIMEN 3;CENA NORMAL 1;2026-10-03;POSTRE NORMAL 5;1263;PIONONO CON MANJARBLANCO;63;33598;CAJA CHICA - AGUA PARA RECETA - CH;0.0022;0.139;LT;0.139;LT
REGIMEN 3;CENA NORMAL 1;2026-10-03;POSTRE NORMAL 5;1263;PIONONO CON MANJARBLANCO;63;10101036994;ACEITE VEGETAL CIELO 5 LT;0.0022;0.028;BID;0.139;LT
REGIMEN 3;CENA NORMAL 1;2026-10-03;POSTRE NORMAL 5;1263;PIONONO CON MANJARBLANCO;63;102030329;MANJAR BLANCO BAZO VELARDE 900 GR;0.0111;0.777;BOL;0.699;KG
REGIMEN 3;CENA NORMAL 1;2026-10-03;POSTRE NORMAL 5;1263;PIONONO CON MANJARBLANCO;63;1020822215;CREMA CHANTILLY PRIMAVERA 1 LT;0.0139;0.876;CAJ;0.876;LT
REGIMEN 3;CENA NORMAL 1;2026-10-03;BEBIDA CALIENTE 1;4085;REFRESCO INFUSION FRIA TE;500;33598;CAJA CHICA - AGUA PARA RECETA - CH;0.25;125;LT;125;LT
REGIMEN 3;CENA NORMAL 1;2026-10-03;BEBIDA CALIENTE 1;4085;REFRESCO INFUSION FRIA TE;500;1020132343;INFUSION TE NEGRO 4 ESTACIONES 50 GRM;0.0005;5;BOL;0.25;KG
REGIMEN 3;CENA NORMAL 1;2026-10-03;BEBIDA CALIENTE 1;4085;REFRESCO INFUSION FRIA TE;500;1010425038;AZUCAR RUBIA;0.015;7.5;KG;7.5;KG
REGIMEN 3;CENA NORMAL 1;2026-10-04;SOPA NORMAL 1;160;SOPA SUSTANCIA DE POLLO CON FIDEOS;110;10101036994;ACEITE VEGETAL CIELO 5 LT;0.001;0.022;BID;0.11;LT
REGIMEN 3;CENA NORMAL 1;2026-10-04;SOPA NORMAL 1;160;SOPA SUSTANCIA DE POLLO CON FIDEOS;110;103020026;PIERNA DE POLLO CON ENCUENTRO CONGELADO;0.075;8.25;KG;8.25;KG
REGIMEN 3;CENA NORMAL 1;2026-10-04;SOPA NORMAL 1;160;SOPA SUSTANCIA DE POLLO CON FIDEOS;110;101070178;CALDO DE GALLINA KNORR SACHET 1.5 KG;0.001;0.073;BOL;0.11;KG
REGIMEN 3;CENA NORMAL 1;2026-10-04;SOPA NORMAL 1;160;SOPA SUSTANCIA DE POLLO CON FIDEOS;110;101100011;OREGANO ENTERO SAN JUAN MASIAS 1 KG;0.0001;0.013;BOL;0.013;KG
REGIMEN 3;CENA NORMAL 1;2026-10-04;SOPA NORMAL 1;160;SOPA SUSTANCIA DE POLLO CON FIDEOS;110;10205037563;SAL DE COCINA SALINA 1 KG;0.002;0.22;BOL;0.22;KG
REGIMEN 3;CENA NORMAL 1;2026-10-04;SOPA NORMAL 1;160;SOPA SUSTANCIA DE POLLO CON FIDEOS;110;1020222489;PRE ELABORADO RAM BASE CRIOLLA 1 KG;0.002;0.22;BOL;0.22;KG
REGIMEN 3;CENA NORMAL 1;2026-10-04;SOPA NORMAL 1;160;SOPA SUSTANCIA DE POLLO CON FIDEOS;110;1020222493;PRE ELABORADO RAM BASE TOMATE 1 KG;0.002;0.22;BOL;0.22;KG
REGIMEN 3;CENA NORMAL 1;2026-10-04;SOPA NORMAL 1;160;SOPA SUSTANCIA DE POLLO CON FIDEOS;110;4030232902;MIX DE SOPA COMPLETO CONGELADO - KGM;0.044;4.84;KG;4.84;KG
REGIMEN 3;CENA NORMAL 1;2026-10-04;SOPA NORMAL 1;160;SOPA SUSTANCIA DE POLLO CON FIDEOS;110;102010010;CULANTRO;0.001;0.11;KG;0.11;KG
REGIMEN 3;CENA NORMAL 1;2026-10-04;SOPA NORMAL 1;160;SOPA SUSTANCIA DE POLLO CON FIDEOS;110;33598;CAJA CHICA - AGUA PARA RECETA - CH;0.3;33;LT;33;LT
REGIMEN 3;CENA NORMAL 1;2026-10-04;SOPA NORMAL 1;160;SOPA SUSTANCIA DE POLLO CON FIDEOS;110;102010021;PEREJIL;0.001;0.11;KG;0.11;KG
REGIMEN 3;CENA NORMAL 1;2026-10-04;SOPA NORMAL 1;160;SOPA SUSTANCIA DE POLLO CON FIDEOS;110;101020268;FIDEO CABELLO DE ANGEL LAVAGGI 250 GR;0.02;8.8;PQT;2.2;KG
REGIMEN 3;CENA NORMAL 1;2026-10-04;SOPA DIETA 1;290;SOPA DE POLLO CON ARROZ;4;10101036994;ACEITE VEGETAL CIELO 5 LT;0.001;0.001;BID;0.004;LT
REGIMEN 3;CENA NORMAL 1;2026-10-04;SOPA DIETA 1;290;SOPA DE POLLO CON ARROZ;4;103020026;PIERNA DE POLLO CON ENCUENTRO CONGELADO;0.075;0.3;KG;0.3;KG
REGIMEN 3;CENA NORMAL 1;2026-10-04;SOPA DIETA 1;290;SOPA DE POLLO CON ARROZ;4;101070178;CALDO DE GALLINA KNORR SACHET 1.5 KG;0.002;0.005;BOL;0.008;KG
REGIMEN 3;CENA NORMAL 1;2026-10-04;SOPA DIETA 1;290;SOPA DE POLLO CON ARROZ;4;101100011;OREGANO ENTERO SAN JUAN MASIAS 1 KG;0.0001;0;BOL;0;KG
REGIMEN 3;CENA NORMAL 1;2026-10-04;SOPA DIETA 1;290;SOPA DE POLLO CON ARROZ;4;10205037563;SAL DE COCINA SALINA 1 KG;0.003;0.012;BOL;0.012;KG
REGIMEN 3;CENA NORMAL 1;2026-10-04;SOPA DIETA 1;290;SOPA DE POLLO CON ARROZ;4;10202041457;PASTA DE AJO CONCENTRADA EMIC 1 KG;0.001;0.004;BOL;0.004;KG
REGIMEN 3;CENA NORMAL 1;2026-10-04;SOPA DIETA 1;290;SOPA DE POLLO CON ARROZ;4;4030232902;MIX DE SOPA COMPLETO CONGELADO - KGM;0.044;0.176;KG;0.176;KG
REGIMEN 3;CENA NORMAL 1;2026-10-04;SOPA DIETA 1;290;SOPA DE POLLO CON ARROZ;4;102010010;CULANTRO;0.001;0.004;KG;0.004;KG
REGIMEN 3;CENA NORMAL 1;2026-10-04;SOPA DIETA 1;290;SOPA DE POLLO CON ARROZ;4;101020025;HIERBA BUENA;0.001;0.004;KG;0.004;KG
REGIMEN 3;CENA NORMAL 1;2026-10-04;SOPA DIETA 1;290;SOPA DE POLLO CON ARROZ;4;102010015;NABO;0.01;0.04;KG;0.04;KG
REGIMEN 3;CENA NORMAL 1;2026-10-04;SOPA DIETA 1;290;SOPA DE POLLO CON ARROZ;4;102010018;PAPA BLANCA;0.03;0.12;KG;0.12;KG
REGIMEN 3;CENA NORMAL 1;2026-10-04;SOPA DIETA 1;290;SOPA DE POLLO CON ARROZ;4;102010021;PEREJIL;0.001;0.004;KG;0.004;KG
REGIMEN 3;CENA NORMAL 1;2026-10-04;SOPA DIETA 1;290;SOPA DE POLLO CON ARROZ;4;5030224265;ZAPALLO MACRE EN CUBO LIBER 1.5 X 1.5 CM CONGELADO;0.005;0.02;KG;0.02;KG
REGIMEN 3;CENA NORMAL 1;2026-10-04;SOPA DIETA 1;290;SOPA DE POLLO CON ARROZ;4;33598;CAJA CHICA - AGUA PARA RECETA - CH;0.3;1.2;LT;1.2;LT
REGIMEN 3;CENA NORMAL 1;2026-10-04;SOPA DIETA 1;290;SOPA DE POLLO CON ARROZ;4;1010227866;ARROZ CORRIENTE PARA SOPA;0.02;0.08;KG;0.08;KG
REGIMEN 3;CENA NORMAL 1;2026-10-04;PLATO DE FONDO NORMAL 1;438;POLL - POLLO A LA COCA COLA;80;1010425038;AZUCAR RUBIA;0.003;0.24;KG;0.24;KG
REGIMEN 3;CENA NORMAL 1;2026-10-04;PLATO DE FONDO NORMAL 1;438;POLL - POLLO A LA COCA COLA;80;103020027;POLLO SIN MENUDENCIA CONGELADO RANGO 1.428 - 1.611 KG (SAN FERNANDO);0.066;5.28;KG;5.28;KG
REGIMEN 3;CENA NORMAL 1;2026-10-04;PLATO DE FONDO NORMAL 1;438;POLL - POLLO A LA COCA COLA;80;103020026;PIERNA DE POLLO CON ENCUENTRO CONGELADO;0.217;17.36;KG;17.36;KG
REGIMEN 3;CENA NORMAL 1;2026-10-04;PLATO DE FONDO NORMAL 1;438;POLL - POLLO A LA COCA COLA;80;1020530600;PIMIENTA NEGRA MOLIDA 4 ESTACIONES 1 KG;0.0001;0.01;BOL;0.01;KG
REGIMEN 3;CENA NORMAL 1;2026-10-04;PLATO DE FONDO NORMAL 1;438;POLL - POLLO A LA COCA COLA;80;10205037563;SAL DE COCINA SALINA 1 KG;0.003;0.24;BOL;0.24;KG
REGIMEN 3;CENA NORMAL 1;2026-10-04;PLATO DE FONDO NORMAL 1;438;POLL - POLLO A LA COCA COLA;80;10106040287;MAICENA DURYEA 500 GR;0.002;0.32;CAJ;0.16;KG
REGIMEN 3;CENA NORMAL 1;2026-10-04;PLATO DE FONDO NORMAL 1;438;POLL - POLLO A LA COCA COLA;80;2010082;GASEOSA COCA COLA 3 LT;0.02;0.533;BOT;1.6;LT
REGIMEN 3;CENA NORMAL 1;2026-10-04;PLATO DE FONDO NORMAL 1;438;POLL - POLLO A LA COCA COLA;80;10101036994;ACEITE VEGETAL CIELO 5 LT;0.002;0.032;BID;0.16;LT
REGIMEN 3;CENA NORMAL 1;2026-10-04;PLATO DE FONDO NORMAL 1;438;POLL - POLLO A LA COCA COLA;80;101070178;CALDO DE GALLINA KNORR SACHET 1.5 KG;0.0001;0.003;BOL;0.005;KG
REGIMEN 3;CENA NORMAL 1;2026-10-04;PLATO DE FONDO NORMAL 1;438;POLL - POLLO A LA COCA COLA;80;1020530604;TOMILLO TIPO PIZZA 4 ESTACIONES 250 GR;0.0001;0.019;BOL;0.005;KG
REGIMEN 3;CENA NORMAL 1;2026-10-04;PLATO DE FONDO NORMAL 1;438;POLL - POLLO A LA COCA COLA;80;102010021;PEREJIL;0.002;0.16;KG;0.16;KG
REGIMEN 3;CENA NORMAL 1;2026-10-04;PLATO DE FONDO NORMAL 1;438;POLL - POLLO A LA COCA COLA;80;101050423;SALSA SILLAU TRESA 4 LT;0.002;0.04;GLN;0.16;LT
REGIMEN 3;CENA NORMAL 1;2026-10-04;PLATO DE FONDO NORMAL 1;438;POLL - POLLO A LA COCA COLA;80;33598;CAJA CHICA - AGUA PARA RECETA - CH;0.02;1.6;LT;1.6;LT
REGIMEN 3;CENA NORMAL 1;2026-10-04;PLATO DE FONDO NORMAL 2;2832;PES - TRUCHA AL HORNO;35;4010632061;TRUCHA ENTERA EVISCERADA CONGELADA 100 - 400 GR;0.225;7.875;KG;7.875;KG
REGIMEN 3;CENA NORMAL 1;2026-10-04;PLATO DE FONDO NORMAL 2;2832;PES - TRUCHA AL HORNO;35;1020530600;PIMIENTA NEGRA MOLIDA 4 ESTACIONES 1 KG;0.0001;0.004;BOL;0.004;KG
REGIMEN 3;CENA NORMAL 1;2026-10-04;PLATO DE FONDO NORMAL 2;2832;PES - TRUCHA AL HORNO;35;10205037563;SAL DE COCINA SALINA 1 KG;0.003;0.105;BOL;0.105;KG
REGIMEN 3;CENA NORMAL 1;2026-10-04;PLATO DE FONDO NORMAL 2;2832;PES - TRUCHA AL HORNO;35;4030227693;ZUMO DE LIMON CONGELADO;0.0017;0.058;KG;0.058;KG
REGIMEN 3;CENA NORMAL 1;2026-10-04;PLATO DE FONDO NORMAL 2;2832;PES - TRUCHA AL HORNO;35;10101036994;ACEITE VEGETAL CIELO 5 LT;0.002;0.014;BID;0.07;LT
REGIMEN 3;CENA NORMAL 1;2026-10-04;PLATO DE FONDO NORMAL 2;2832;PES - TRUCHA AL HORNO;35;10202041457;PASTA DE AJO CONCENTRADA EMIC 1 KG;0.003;0.105;BOL;0.105;KG
REGIMEN 3;CENA NORMAL 1;2026-10-04;PLATO DE FONDO NORMAL 2;2832;PES - TRUCHA AL HORNO;35;101100011;OREGANO ENTERO SAN JUAN MASIAS 1 KG;0.0001;0.004;BOL;0.004;KG
REGIMEN 3;CENA NORMAL 1;2026-10-04;PLATO DE FONDO DIETA;3125;POLL - POLLO AL ROMERO DIETA;5;10101036994;ACEITE VEGETAL CIELO 5 LT;0.005;0.005;BID;0.025;LT
REGIMEN 3;CENA NORMAL 1;2026-10-04;PLATO DE FONDO DIETA;3125;POLL - POLLO AL ROMERO DIETA;5;103020026;PIERNA DE POLLO CON ENCUENTRO CONGELADO;0.217;1.085;KG;1.085;KG
REGIMEN 3;CENA NORMAL 1;2026-10-04;PLATO DE FONDO DIETA;3125;POLL - POLLO AL ROMERO DIETA;5;103020027;POLLO SIN MENUDENCIA CONGELADO RANGO 1.428 - 1.611 KG (SAN FERNANDO);0.066;0.33;KG;0.33;KG
REGIMEN 3;CENA NORMAL 1;2026-10-04;PLATO DE FONDO DIETA;3125;POLL - POLLO AL ROMERO DIETA;5;1020524315;ROMERO SECO BADIA 8 OZ;0.001;0.022;FCO;0.005;KG
REGIMEN 3;CENA NORMAL 1;2026-10-04;PLATO DE FONDO DIETA;3125;POLL - POLLO AL ROMERO DIETA;5;102010004;APIO;0.002;0.01;KG;0.01;KG
REGIMEN 3;CENA NORMAL 1;2026-10-04;PLATO DE FONDO DIETA;3125;POLL - POLLO AL ROMERO DIETA;5;102010024;PORO;0.015;0.075;KG;0.075;KG
REGIMEN 3;CENA NORMAL 1;2026-10-04;PLATO DE FONDO DIETA;3125;POLL - POLLO AL ROMERO DIETA;5;101060587;CHUÑO POLVO TOÑA 1 KG;0.003;0.015;BOL;0.015;KG
REGIMEN 3;CENA NORMAL 1;2026-10-04;PLATO DE FONDO DIETA;3125;POLL - POLLO AL ROMERO DIETA;5;102010029;ZANAHORIA;0.01;0.05;KG;0.05;KG
REGIMEN 3;CENA NORMAL 1;2026-10-04;PLATO DE FONDO DIETA;3125;POLL - POLLO AL ROMERO DIETA;5;33598;CAJA CHICA - AGUA PARA RECETA - CH;0.1;0.5;LT;0.5;LT
REGIMEN 3;CENA NORMAL 1;2026-10-04;PLATO DE FONDO DIETA;3125;POLL - POLLO AL ROMERO DIETA;5;1020530581;LAUREL 4 ESTACIONES 1 KG;0.0001;0;BOL;0;KG
REGIMEN 3;CENA NORMAL 1;2026-10-04;GUARNICION ARROZ;270;ARROZ BLANCO;102;10101036994;ACEITE VEGETAL CIELO 5 LT;0.006;0.122;BID;0.612;LT
REGIMEN 3;CENA NORMAL 1;2026-10-04;GUARNICION ARROZ;270;ARROZ BLANCO;102;10205037563;SAL DE COCINA SALINA 1 KG;0.003;0.306;BOL;0.306;KG
REGIMEN 3;CENA NORMAL 1;2026-10-04;GUARNICION ARROZ;270;ARROZ BLANCO;102;10202041457;PASTA DE AJO CONCENTRADA EMIC 1 KG;0.003;0.306;BOL;0.306;KG
REGIMEN 3;CENA NORMAL 1;2026-10-04;GUARNICION ARROZ;270;ARROZ BLANCO;102;10102041614;ARROZ COSTEÑO EXTRA HOJA REDONDA AÑEJO 50 KG;0.12;0.245;SCO;12.24;KG
REGIMEN 3;CENA NORMAL 1;2026-10-04;GUARNICION ARROZ;270;ARROZ BLANCO;102;33598;CAJA CHICA - AGUA PARA RECETA - CH;0.12;12.24;LT;12.24;LT
REGIMEN 3;CENA NORMAL 1;2026-10-04;GUARNICION 1;293;CAMOTE SANCOCHADO;80;102010005;CAMOTE AMARILLO;0.12;9.6;KG;9.6;KG
REGIMEN 3;CENA NORMAL 1;2026-10-04;GUARNICION 2;5053;GUAR - REVUELTO DE VERDURAS;35;10205037563;SAL DE COCINA SALINA 1 KG;0.002;0.07;BOL;0.07;KG
REGIMEN 3;CENA NORMAL 1;2026-10-04;GUARNICION 2;5053;GUAR - REVUELTO DE VERDURAS;35;10101036994;ACEITE VEGETAL CIELO 5 LT;0.01;0.07;BID;0.35;LT
REGIMEN 3;CENA NORMAL 1;2026-10-04;GUARNICION 2;5053;GUAR - REVUELTO DE VERDURAS;35;505060006;QUESO FRESCO BONLE MOLDE REFRIGERADO KG;0.01;0.35;KG;0.35;KG
REGIMEN 3;CENA NORMAL 1;2026-10-04;GUARNICION 2;5053;GUAR - REVUELTO DE VERDURAS;35;5040231670;HUEVO LIQUIDO CONGELADO 2 KG;0.06;1.05;PQT;2.1;KG
REGIMEN 3;CENA NORMAL 1;2026-10-04;GUARNICION 2;5053;GUAR - REVUELTO DE VERDURAS;35;1020530600;PIMIENTA NEGRA MOLIDA 4 ESTACIONES 1 KG;0.0001;0.004;BOL;0.004;KG
REGIMEN 3;CENA NORMAL 1;2026-10-04;GUARNICION 2;5053;GUAR - REVUELTO DE VERDURAS;35;10202041457;PASTA DE AJO CONCENTRADA EMIC 1 KG;0.002;0.07;BOL;0.07;KG
REGIMEN 3;CENA NORMAL 1;2026-10-04;GUARNICION 2;5053;GUAR - REVUELTO DE VERDURAS;35;103010001;ARVEJA GRANO PELADA CONGELADO;0.01;0.35;KG;0.35;KG
REGIMEN 3;CENA NORMAL 1;2026-10-04;GUARNICION 2;5053;GUAR - REVUELTO DE VERDURAS;35;102010006;CEBOLLA ROJA;0.02;0.7;KG;0.7;KG
REGIMEN 3;CENA NORMAL 1;2026-10-04;GUARNICION 2;5053;GUAR - REVUELTO DE VERDURAS;35;103010005;CHOCLO DESGRANADO CONGELADO;0.012;0.42;KG;0.42;KG
REGIMEN 3;CENA NORMAL 1;2026-10-04;GUARNICION 2;5053;GUAR - REVUELTO DE VERDURAS;35;102010018;PAPA BLANCA;0.08;2.8;KG;2.8;KG
REGIMEN 3;CENA NORMAL 1;2026-10-04;GUARNICION 2;5053;GUAR - REVUELTO DE VERDURAS;35;102010052;VAINITA FRESCA;0.01;0.35;KG;0.35;KG
REGIMEN 3;CENA NORMAL 1;2026-10-04;GUARNICION 2;5053;GUAR - REVUELTO DE VERDURAS;35;10107039479;LECHE EVAPORADA (CONCENTRADA) LAIVE BOLSITARRO 800 ML;0.01;0.438;BOL;0.35;LT
REGIMEN 3;CENA NORMAL 1;2026-10-04;GUARNICION DIETA;937;VERDURAS COCIDAS;4;10101036994;ACEITE VEGETAL CIELO 5 LT;0.001;0.001;BID;0.004;LT
REGIMEN 3;CENA NORMAL 1;2026-10-04;GUARNICION DIETA;937;VERDURAS COCIDAS;4;50505037205;MARGARINA LA DANESA 220 GR;0.005;0.091;POT;0.02;KG
REGIMEN 3;CENA NORMAL 1;2026-10-04;GUARNICION DIETA;937;VERDURAS COCIDAS;4;1020530600;PIMIENTA NEGRA MOLIDA 4 ESTACIONES 1 KG;0.0001;0;BOL;0;KG
REGIMEN 3;CENA NORMAL 1;2026-10-04;GUARNICION DIETA;937;VERDURAS COCIDAS;4;10205037563;SAL DE COCINA SALINA 1 KG;0.002;0.008;BOL;0.008;KG
REGIMEN 3;CENA NORMAL 1;2026-10-04;GUARNICION DIETA;937;VERDURAS COCIDAS;4;103010001;ARVEJA GRANO PELADA CONGELADO;0.02;0.08;KG;0.08;KG
REGIMEN 3;CENA NORMAL 1;2026-10-04;GUARNICION DIETA;937;VERDURAS COCIDAS;4;102010052;VAINITA FRESCA;0.02;0.08;KG;0.08;KG
REGIMEN 3;CENA NORMAL 1;2026-10-04;GUARNICION DIETA;937;VERDURAS COCIDAS;4;102010029;ZANAHORIA;0.015;0.06;KG;0.06;KG
REGIMEN 3;CENA NORMAL 1;2026-10-04;GUARNICION DIETA;937;VERDURAS COCIDAS;4;102010018;PAPA BLANCA;0.1;0.4;KG;0.4;KG
REGIMEN 3;CENA NORMAL 1;2026-10-04;GUARNICION DIETA;937;VERDURAS COCIDAS;4;102010021;PEREJIL;0.002;0.008;KG;0.008;KG
REGIMEN 3;CENA NORMAL 1;2026-10-04;GUARNICION DIETA;937;VERDURAS COCIDAS;4;102010030;ZAPALLITO ITALIANO;0.025;0.1;KG;0.1;KG
REGIMEN 3;CENA NORMAL 1;2026-10-04;COM SALAD BAR 1;1067;SALAD BAR II;33;102010029;ZANAHORIA;0.03;0.99;KG;0.99;KG
REGIMEN 3;CENA NORMAL 1;2026-10-04;COM SALAD BAR 1;1067;SALAD BAR II;33;70046;LECHUGA AMERICANA;0.06;1.98;KG;1.98;KG
REGIMEN 3;CENA NORMAL 1;2026-10-04;COM SALAD BAR 1;1067;SALAD BAR II;33;102010027;TOMATE;0.03;0.99;KG;0.99;KG
REGIMEN 3;CENA NORMAL 1;2026-10-04;ISLA 1;719;LIMON;120;102020001;LIMON VERDE EXTRA;0.015;1.8;KG;1.8;KG
REGIMEN 3;CENA NORMAL 1;2026-10-04;ISLA 4;1096;SALSA VINAGRETA;50;101100011;OREGANO ENTERO SAN JUAN MASIAS 1 KG;0.0001;0.006;BOL;0.006;KG
REGIMEN 3;CENA NORMAL 1;2026-10-04;ISLA 4;1096;SALSA VINAGRETA;50;1020530600;PIMIENTA NEGRA MOLIDA 4 ESTACIONES 1 KG;0.0001;0.006;BOL;0.006;KG
REGIMEN 3;CENA NORMAL 1;2026-10-04;ISLA 4;1096;SALSA VINAGRETA;50;10205037563;SAL DE COCINA SALINA 1 KG;0.002;0.1;BOL;0.1;KG
REGIMEN 3;CENA NORMAL 1;2026-10-04;ISLA 4;1096;SALSA VINAGRETA;50;101050446;MAYONESA ALACENA 4 LT;0.0067;0.084;BLD;0.335;KG
REGIMEN 3;CENA NORMAL 1;2026-10-04;ISLA 4;1096;SALSA VINAGRETA;50;101050455;MOSTAZA TRESA 4 KG;0.002;0.025;BLD;0.1;KG
REGIMEN 3;CENA NORMAL 1;2026-10-04;ISLA 4;1096;SALSA VINAGRETA;50;101050456;VINAGRE BLANCO TRESA 4 LT;0.004;0.05;GLN;0.2;LT
REGIMEN 3;CENA NORMAL 1;2026-10-04;ISLA 4;1096;SALSA VINAGRETA;50;33598;CAJA CHICA - AGUA PARA RECETA - CH;0.0033;0.165;LT;0.165;LT
REGIMEN 3;CENA NORMAL 1;2026-10-04;FRUTA 1;1150;GRANADILLA;37;102020034;GRANADILLA;0.11;4.07;KG;4.07;KG
REGIMEN 3;CENA NORMAL 1;2026-10-04;POSTRE NORMAL 1;721;COCKTAIL DE FRUTAS;61;1020530557;CANELA ENTERA 4 ESTACIONES 1 KG;0.0001;0.007;BOL;0.007;KG
REGIMEN 3;CENA NORMAL 1;2026-10-04;POSTRE NORMAL 1;721;COCKTAIL DE FRUTAS;61;1020530559;CANELA MOLIDA 4 ESTACIONES 1 KG;0.0001;0.007;BOL;0.007;KG
REGIMEN 3;CENA NORMAL 1;2026-10-04;POSTRE NORMAL 1;721;COCKTAIL DE FRUTAS;61;1020530564;CLAVO DE OLOR ENTERO 4 ESTACIONES 1 KG;0.0001;0.004;BOL;0.004;KG
REGIMEN 3;CENA NORMAL 1;2026-10-04;POSTRE NORMAL 1;721;COCKTAIL DE FRUTAS;61;1010425038;AZUCAR RUBIA;0.025;1.525;KG;1.525;KG
REGIMEN 3;CENA NORMAL 1;2026-10-04;POSTRE NORMAL 1;721;COCKTAIL DE FRUTAS;61;102020005;MANZANA ROJA IMPORTADA;0.015;0.915;KG;0.915;KG
REGIMEN 3;CENA NORMAL 1;2026-10-04;POSTRE NORMAL 1;721;COCKTAIL DE FRUTAS;61;102020013;PAPAYA;0.015;0.915;KG;0.915;KG
REGIMEN 3;CENA NORMAL 1;2026-10-04;POSTRE NORMAL 1;721;COCKTAIL DE FRUTAS;61;102020016;PIÑA;0.03;1.83;KG;1.83;KG
REGIMEN 3;CENA NORMAL 1;2026-10-04;POSTRE NORMAL 1;721;COCKTAIL DE FRUTAS;61;10106040287;MAICENA DURYEA 500 GR;0.0038;0.457;CAJ;0.229;KG
REGIMEN 3;CENA NORMAL 1;2026-10-04;POSTRE NORMAL 1;721;COCKTAIL DE FRUTAS;61;33598;CAJA CHICA - AGUA PARA RECETA - CH;0.05;3.05;LT;3.05;LT
REGIMEN 3;CENA NORMAL 1;2026-10-04;POSTRE NORMAL 2;614;GELATINA ARCO IRIS;24;10208043200;GELATINA SABOR FRESA MACROFOOD 1KG;0.0042;0.1;BOL;0.1;KG
REGIMEN 3;CENA NORMAL 1;2026-10-04;POSTRE NORMAL 2;614;GELATINA ARCO IRIS;24;10208043258;GELATINA SABOR PIÑA MACROFOOD 1KG;0.0042;0.1;BOL;0.1;KG
REGIMEN 3;CENA NORMAL 1;2026-10-04;POSTRE NORMAL 2;614;GELATINA ARCO IRIS;24;33598;CAJA CHICA - AGUA PARA RECETA - CH;0.1;2.4;LT;2.4;LT
REGIMEN 3;CENA NORMAL 1;2026-10-04;BEBIDA CALIENTE 1;4087;REFRESCO INFUSION FRIA ANIS;240;33598;CAJA CHICA - AGUA PARA RECETA - CH;0.25;60;LT;60;LT
REGIMEN 3;CENA NORMAL 1;2026-10-04;BEBIDA CALIENTE 1;4087;REFRESCO INFUSION FRIA ANIS;240;1020132280;INFUSION ANIS 4 ESTACIONES 50 GRM;0.0005;2.4;BOL;0.12;KG
REGIMEN 3;CENA NORMAL 1;2026-10-04;BEBIDA CALIENTE 1;4087;REFRESCO INFUSION FRIA ANIS;240;1010425038;AZUCAR RUBIA;0.015;3.6;KG;3.6;KG
REGIMEN 3;CENA NORMAL 1;2026-10-05;SOPA NORMAL 1;528;SOPA CAZUELA DE GALLINA;205;10101036994;ACEITE VEGETAL CIELO 5 LT;0.001;0.041;BID;0.205;LT
REGIMEN 3;CENA NORMAL 1;2026-10-05;SOPA NORMAL 1;528;SOPA CAZUELA DE GALLINA;205;1020222489;PRE ELABORADO RAM BASE CRIOLLA 1 KG;0.002;0.41;BOL;0.41;KG
REGIMEN 3;CENA NORMAL 1;2026-10-05;SOPA NORMAL 1;528;SOPA CAZUELA DE GALLINA;205;103020010;GALLINA ENTERA SIN MENUDENCIA CONGELADO - IMPORTADO;0.07;14.35;KG;14.35;KG
REGIMEN 3;CENA NORMAL 1;2026-10-05;SOPA NORMAL 1;528;SOPA CAZUELA DE GALLINA;205;101100011;OREGANO ENTERO SAN JUAN MASIAS 1 KG;0.0001;0.025;BOL;0.025;KG
REGIMEN 3;CENA NORMAL 1;2026-10-05;SOPA NORMAL 1;528;SOPA CAZUELA DE GALLINA;205;101070178;CALDO DE GALLINA KNORR SACHET 1.5 KG;0.002;0.273;BOL;0.41;KG
REGIMEN 3;CENA NORMAL 1;2026-10-05;SOPA NORMAL 1;528;SOPA CAZUELA DE GALLINA;205;10205037563;SAL DE COCINA SALINA 1 KG;0.002;0.41;BOL;0.41;KG
REGIMEN 3;CENA NORMAL 1;2026-10-05;SOPA NORMAL 1;528;SOPA CAZUELA DE GALLINA;205;4030232902;MIX DE SOPA COMPLETO CONGELADO - KGM;0.044;9.02;KG;9.02;KG
REGIMEN 3;CENA NORMAL 1;2026-10-05;SOPA NORMAL 1;528;SOPA CAZUELA DE GALLINA;205;103010005;CHOCLO DESGRANADO CONGELADO;0.005;1.025;KG;1.025;KG
REGIMEN 3;CENA NORMAL 1;2026-10-05;SOPA NORMAL 1;528;SOPA CAZUELA DE GALLINA;205;102010009;COL;0.02;4.1;KG;4.1;KG
REGIMEN 3;CENA NORMAL 1;2026-10-05;SOPA NORMAL 1;528;SOPA CAZUELA DE GALLINA;205;102010018;PAPA BLANCA;0.02;4.1;KG;4.1;KG
REGIMEN 3;CENA NORMAL 1;2026-10-05;SOPA NORMAL 1;528;SOPA CAZUELA DE GALLINA;205;103010017;YUCA  CONGELADA;0.011;2.255;KG;2.255;KG
REGIMEN 3;CENA NORMAL 1;2026-10-05;SOPA NORMAL 1;528;SOPA CAZUELA DE GALLINA;205;5030224265;ZAPALLO MACRE EN CUBO LIBER 1.5 X 1.5 CM CONGELADO;0.005;1.025;KG;1.025;KG
REGIMEN 3;CENA NORMAL 1;2026-10-05;SOPA NORMAL 1;528;SOPA CAZUELA DE GALLINA;205;33598;CAJA CHICA - AGUA PARA RECETA - CH;0.3;61.5;LT;61.5;LT
REGIMEN 3;CENA NORMAL 1;2026-10-05;SOPA NORMAL 1;528;SOPA CAZUELA DE GALLINA;205;1010227866;ARROZ CORRIENTE PARA SOPA;0.02;4.1;KG;4.1;KG
REGIMEN 3;CENA NORMAL 1;2026-10-05;SOPA NORMAL 1;528;SOPA CAZUELA DE GALLINA;205;101020025;HIERBA BUENA;0.001;0.205;KG;0.205;KG
REGIMEN 3;CENA NORMAL 1;2026-10-05;SOPA NORMAL 1;528;SOPA CAZUELA DE GALLINA;205;102010010;CULANTRO;0.001;0.205;KG;0.205;KG
REGIMEN 3;CENA NORMAL 1;2026-10-05;SOPA DIETA 1;3111;CREMA DE ZAPALLO DIETA;4;10101036994;ACEITE VEGETAL CIELO 5 LT;0.003;0.002;BID;0.012;LT
REGIMEN 3;CENA NORMAL 1;2026-10-05;SOPA DIETA 1;3111;CREMA DE ZAPALLO DIETA;4;101100011;OREGANO ENTERO SAN JUAN MASIAS 1 KG;0.0001;0;BOL;0;KG
REGIMEN 3;CENA NORMAL 1;2026-10-05;SOPA DIETA 1;3111;CREMA DE ZAPALLO DIETA;4;10202041457;PASTA DE AJO CONCENTRADA EMIC 1 KG;0.002;0.008;BOL;0.008;KG
REGIMEN 3;CENA NORMAL 1;2026-10-05;SOPA DIETA 1;3111;CREMA DE ZAPALLO DIETA;4;102010006;CEBOLLA ROJA;0.01;0.04;KG;0.04;KG
REGIMEN 3;CENA NORMAL 1;2026-10-05;SOPA DIETA 1;3111;CREMA DE ZAPALLO DIETA;4;102010045;PAPA AMARILLA;0.019;0.076;KG;0.076;KG
REGIMEN 3;CENA NORMAL 1;2026-10-05;SOPA DIETA 1;3111;CREMA DE ZAPALLO DIETA;4;102010021;PEREJIL;0.001;0.004;KG;0.004;KG
REGIMEN 3;CENA NORMAL 1;2026-10-05;SOPA DIETA 1;3111;CREMA DE ZAPALLO DIETA;4;5030224265;ZAPALLO MACRE EN CUBO LIBER 1.5 X 1.5 CM CONGELADO;0.015;0.06;KG;0.06;KG
REGIMEN 3;CENA NORMAL 1;2026-10-05;SOPA DIETA 1;3111;CREMA DE ZAPALLO DIETA;4;102010004;APIO;0.005;0.02;KG;0.02;KG
REGIMEN 3;CENA NORMAL 1;2026-10-05;SOPA DIETA 1;3111;CREMA DE ZAPALLO DIETA;4;102010024;PORO;0.015;0.06;KG;0.06;KG
REGIMEN 3;CENA NORMAL 1;2026-10-05;SOPA DIETA 1;3111;CREMA DE ZAPALLO DIETA;4;102010029;ZANAHORIA;0.015;0.06;KG;0.06;KG
REGIMEN 3;CENA NORMAL 1;2026-10-05;SOPA DIETA 1;3111;CREMA DE ZAPALLO DIETA;4;1020530581;LAUREL 4 ESTACIONES 1 KG;0.0001;0;BOL;0;KG
REGIMEN 3;CENA NORMAL 1;2026-10-05;SOPA DIETA 1;3111;CREMA DE ZAPALLO DIETA;4;33598;CAJA CHICA - AGUA PARA RECETA - CH;0.1;0.4;LT;0.4;LT
REGIMEN 3;CENA NORMAL 1;2026-10-05;PLATO DE FONDO NORMAL 1;1120;POLL - POLLO CON CHAMPIGÑONES I;160;10101036994;ACEITE VEGETAL CIELO 5 LT;0.002;0.064;BID;0.32;LT
REGIMEN 3;CENA NORMAL 1;2026-10-05;PLATO DE FONDO NORMAL 1;1120;POLL - POLLO CON CHAMPIGÑONES I;160;50505037205;MARGARINA LA DANESA 220 GR;0.005;3.636;POT;0.8;KG
REGIMEN 3;CENA NORMAL 1;2026-10-05;PLATO DE FONDO NORMAL 1;1120;POLL - POLLO CON CHAMPIGÑONES I;160;103020027;POLLO SIN MENUDENCIA CONGELADO RANGO 1.428 - 1.611 KG (SAN FERNANDO);0.066;10.56;KG;10.56;KG
REGIMEN 3;CENA NORMAL 1;2026-10-05;PLATO DE FONDO NORMAL 1;1120;POLL - POLLO CON CHAMPIGÑONES I;160;103020026;PIERNA DE POLLO CON ENCUENTRO CONGELADO;0.217;34.72;KG;34.72;KG
REGIMEN 3;CENA NORMAL 1;2026-10-05;PLATO DE FONDO NORMAL 1;1120;POLL - POLLO CON CHAMPIGÑONES I;160;10107039479;LECHE EVAPORADA (CONCENTRADA) LAIVE BOLSITARRO 800 ML;0.015;3;BOL;2.4;LT
REGIMEN 3;CENA NORMAL 1;2026-10-05;PLATO DE FONDO NORMAL 1;1120;POLL - POLLO CON CHAMPIGÑONES I;160;1020530600;PIMIENTA NEGRA MOLIDA 4 ESTACIONES 1 KG;0.0001;0.019;BOL;0.019;KG
REGIMEN 3;CENA NORMAL 1;2026-10-05;PLATO DE FONDO NORMAL 1;1120;POLL - POLLO CON CHAMPIGÑONES I;160;10205037563;SAL DE COCINA SALINA 1 KG;0.003;0.48;BOL;0.48;KG
REGIMEN 3;CENA NORMAL 1;2026-10-05;PLATO DE FONDO NORMAL 1;1120;POLL - POLLO CON CHAMPIGÑONES I;160;102040203;CHAMPIGÑONES SANTIS 425 GR;0.015;5.647;LAT;2.4;KG
REGIMEN 3;CENA NORMAL 1;2026-10-05;PLATO DE FONDO NORMAL 1;1120;POLL - POLLO CON CHAMPIGÑONES I;160;33598;CAJA CHICA - AGUA PARA RECETA - CH;0.01;1.6;LT;1.6;LT
REGIMEN 3;CENA NORMAL 1;2026-10-05;PLATO DE FONDO NORMAL 1;1120;POLL - POLLO CON CHAMPIGÑONES I;160;102010021;PEREJIL;0.003;0.48;KG;0.48;KG
REGIMEN 3;CENA NORMAL 1;2026-10-05;PLATO DE FONDO NORMAL 2;4072;RES - GUISO DE FIDEOS CON RES;70;10205037563;SAL DE COCINA SALINA 1 KG;0.002;0.14;BOL;0.14;KG
REGIMEN 3;CENA NORMAL 1;2026-10-05;PLATO DE FONDO NORMAL 2;4072;RES - GUISO DE FIDEOS CON RES;70;10202041457;PASTA DE AJO CONCENTRADA EMIC 1 KG;0.002;0.14;BOL;0.14;KG
REGIMEN 3;CENA NORMAL 1;2026-10-05;PLATO DE FONDO NORMAL 2;4072;RES - GUISO DE FIDEOS CON RES;70;10101036994;ACEITE VEGETAL CIELO 5 LT;0.005;0.07;BID;0.35;LT
REGIMEN 3;CENA NORMAL 1;2026-10-05;PLATO DE FONDO NORMAL 2;4072;RES - GUISO DE FIDEOS CON RES;70;102010006;CEBOLLA ROJA;0.01;0.7;KG;0.7;KG
REGIMEN 3;CENA NORMAL 1;2026-10-05;PLATO DE FONDO NORMAL 2;4072;RES - GUISO DE FIDEOS CON RES;70;102090047;PASTA DE TOMATE B&D 3.20 KG;0.003;0.066;LAT;0.21;KG
REGIMEN 3;CENA NORMAL 1;2026-10-05;PLATO DE FONDO NORMAL 2;4072;RES - GUISO DE FIDEOS CON RES;70;103010001;ARVEJA GRANO PELADA CONGELADO;0.005;0.35;KG;0.35;KG
REGIMEN 3;CENA NORMAL 1;2026-10-05;PLATO DE FONDO NORMAL 2;4072;RES - GUISO DE FIDEOS CON RES;70;101020264;FIDEO SPAGUETTI DON VITTORIO 500 GR;0.12;16.8;PQT;8.4;KG
REGIMEN 3;CENA NORMAL 1;2026-10-05;PLATO DE FONDO NORMAL 2;4072;RES - GUISO DE FIDEOS CON RES;70;1020530600;PIMIENTA NEGRA MOLIDA 4 ESTACIONES 1 KG;0.0001;0.008;BOL;0.008;KG
REGIMEN 3;CENA NORMAL 1;2026-10-05;PLATO DE FONDO NORMAL 2;4072;RES - GUISO DE FIDEOS CON RES;70;102010021;PEREJIL;0.003;0.21;KG;0.21;KG
REGIMEN 3;CENA NORMAL 1;2026-10-05;PLATO DE FONDO NORMAL 2;4072;RES - GUISO DE FIDEOS CON RES;70;505060006;QUESO FRESCO BONLE MOLDE REFRIGERADO KG;0.02;1.4;KG;1.4;KG
REGIMEN 3;CENA NORMAL 1;2026-10-05;PLATO DE FONDO NORMAL 2;4072;RES - GUISO DE FIDEOS CON RES;70;33598;CAJA CHICA - AGUA PARA RECETA - CH;0.06;4.2;LT;4.2;LT
REGIMEN 3;CENA NORMAL 1;2026-10-05;PLATO DE FONDO NORMAL 2;4072;RES - GUISO DE FIDEOS CON RES;70;102010029;ZANAHORIA;0.01;0.7;KG;0.7;KG
REGIMEN 3;CENA NORMAL 1;2026-10-05;PLATO DE FONDO NORMAL 2;4072;RES - GUISO DE FIDEOS CON RES;70;40108037515;RES - GUISO CONGELADO (DON GOYO);0.16;11.2;KG;11.2;KG
REGIMEN 3;CENA NORMAL 1;2026-10-05;PLATO DE FONDO DIETA;1120;POLL - POLLO CON CHAMPIGÑONES I;10;10101036994;ACEITE VEGETAL CIELO 5 LT;0.002;0.004;BID;0.02;LT
REGIMEN 3;CENA NORMAL 1;2026-10-05;PLATO DE FONDO DIETA;1120;POLL - POLLO CON CHAMPIGÑONES I;10;50505037205;MARGARINA LA DANESA 220 GR;0.005;0.227;POT;0.05;KG
REGIMEN 3;CENA NORMAL 1;2026-10-05;PLATO DE FONDO DIETA;1120;POLL - POLLO CON CHAMPIGÑONES I;10;103020027;POLLO SIN MENUDENCIA CONGELADO RANGO 1.428 - 1.611 KG (SAN FERNANDO);0.066;0.66;KG;0.66;KG
REGIMEN 3;CENA NORMAL 1;2026-10-05;PLATO DE FONDO DIETA;1120;POLL - POLLO CON CHAMPIGÑONES I;10;103020026;PIERNA DE POLLO CON ENCUENTRO CONGELADO;0.217;2.17;KG;2.17;KG
REGIMEN 3;CENA NORMAL 1;2026-10-05;PLATO DE FONDO DIETA;1120;POLL - POLLO CON CHAMPIGÑONES I;10;10107039479;LECHE EVAPORADA (CONCENTRADA) LAIVE BOLSITARRO 800 ML;0.015;0.187;BOL;0.15;LT
REGIMEN 3;CENA NORMAL 1;2026-10-05;PLATO DE FONDO DIETA;1120;POLL - POLLO CON CHAMPIGÑONES I;10;1020530600;PIMIENTA NEGRA MOLIDA 4 ESTACIONES 1 KG;0.0001;0.001;BOL;0.001;KG
REGIMEN 3;CENA NORMAL 1;2026-10-05;PLATO DE FONDO DIETA;1120;POLL - POLLO CON CHAMPIGÑONES I;10;10205037563;SAL DE COCINA SALINA 1 KG;0.003;0.03;BOL;0.03;KG
REGIMEN 3;CENA NORMAL 1;2026-10-05;PLATO DE FONDO DIETA;1120;POLL - POLLO CON CHAMPIGÑONES I;10;102040203;CHAMPIGÑONES SANTIS 425 GR;0.015;0.353;LAT;0.15;KG
REGIMEN 3;CENA NORMAL 1;2026-10-05;PLATO DE FONDO DIETA;1120;POLL - POLLO CON CHAMPIGÑONES I;10;33598;CAJA CHICA - AGUA PARA RECETA - CH;0.01;0.1;LT;0.1;LT
REGIMEN 3;CENA NORMAL 1;2026-10-05;PLATO DE FONDO DIETA;1120;POLL - POLLO CON CHAMPIGÑONES I;10;102010021;PEREJIL;0.003;0.03;KG;0.03;KG
REGIMEN 3;CENA NORMAL 1;2026-10-05;GUARNICION ARROZ;270;ARROZ BLANCO;132;10101036994;ACEITE VEGETAL CIELO 5 LT;0.006;0.158;BID;0.792;LT
REGIMEN 3;CENA NORMAL 1;2026-10-05;GUARNICION ARROZ;270;ARROZ BLANCO;132;10205037563;SAL DE COCINA SALINA 1 KG;0.003;0.396;BOL;0.396;KG
REGIMEN 3;CENA NORMAL 1;2026-10-05;GUARNICION ARROZ;270;ARROZ BLANCO;132;10202041457;PASTA DE AJO CONCENTRADA EMIC 1 KG;0.003;0.396;BOL;0.396;KG
REGIMEN 3;CENA NORMAL 1;2026-10-05;GUARNICION ARROZ;270;ARROZ BLANCO;132;10102041614;ARROZ COSTEÑO EXTRA HOJA REDONDA AÑEJO 50 KG;0.12;0.317;SCO;15.84;KG
REGIMEN 3;CENA NORMAL 1;2026-10-05;GUARNICION ARROZ;270;ARROZ BLANCO;132;33598;CAJA CHICA - AGUA PARA RECETA - CH;0.12;15.84;LT;15.84;LT
REGIMEN 3;CENA NORMAL 1;2026-10-05;GUARNICION 1;414;PAPAS FRITAS;160;10205037563;SAL DE COCINA SALINA 1 KG;0.002;0.32;BOL;0.32;KG
REGIMEN 3;CENA NORMAL 1;2026-10-05;GUARNICION 1;414;PAPAS FRITAS;160;4030230094;PAPA PRE FRITA CONGELADA;0.077;12.32;KG;12.32;KG
REGIMEN 3;CENA NORMAL 1;2026-10-05;GUARNICION 1;414;PAPAS FRITAS;160;10101036994;ACEITE VEGETAL CIELO 5 LT;0.005;0.16;BID;0.8;LT
REGIMEN 3;CENA NORMAL 1;2026-10-05;GUARNICION DIETA;937;VERDURAS COCIDAS;6;10101036994;ACEITE VEGETAL CIELO 5 LT;0.001;0.001;BID;0.006;LT
REGIMEN 3;CENA NORMAL 1;2026-10-05;GUARNICION DIETA;937;VERDURAS COCIDAS;6;50505037205;MARGARINA LA DANESA 220 GR;0.005;0.136;POT;0.03;KG
REGIMEN 3;CENA NORMAL 1;2026-10-05;GUARNICION DIETA;937;VERDURAS COCIDAS;6;1020530600;PIMIENTA NEGRA MOLIDA 4 ESTACIONES 1 KG;0.0001;0.001;BOL;0.001;KG
REGIMEN 3;CENA NORMAL 1;2026-10-05;GUARNICION DIETA;937;VERDURAS COCIDAS;6;10205037563;SAL DE COCINA SALINA 1 KG;0.002;0.012;BOL;0.012;KG
REGIMEN 3;CENA NORMAL 1;2026-10-05;GUARNICION DIETA;937;VERDURAS COCIDAS;6;103010001;ARVEJA GRANO PELADA CONGELADO;0.02;0.12;KG;0.12;KG
REGIMEN 3;CENA NORMAL 1;2026-10-05;GUARNICION DIETA;937;VERDURAS COCIDAS;6;102010052;VAINITA FRESCA;0.02;0.12;KG;0.12;KG
REGIMEN 3;CENA NORMAL 1;2026-10-05;GUARNICION DIETA;937;VERDURAS COCIDAS;6;102010029;ZANAHORIA;0.015;0.09;KG;0.09;KG
REGIMEN 3;CENA NORMAL 1;2026-10-05;GUARNICION DIETA;937;VERDURAS COCIDAS;6;102010018;PAPA BLANCA;0.1;0.6;KG;0.6;KG
REGIMEN 3;CENA NORMAL 1;2026-10-05;GUARNICION DIETA;937;VERDURAS COCIDAS;6;102010021;PEREJIL;0.002;0.012;KG;0.012;KG
REGIMEN 3;CENA NORMAL 1;2026-10-05;GUARNICION DIETA;937;VERDURAS COCIDAS;6;102010030;ZAPALLITO ITALIANO;0.025;0.15;KG;0.15;KG
REGIMEN 3;CENA NORMAL 1;2026-10-05;COM SALAD BAR 1;1068;SALAD BAR III;66;102010025;RABANITO;0.03;1.98;KG;1.98;KG
REGIMEN 3;CENA NORMAL 1;2026-10-05;COM SALAD BAR 1;1068;SALAD BAR III;66;102010020;PEPINILLO;0.05;3.3;KG;3.3;KG
REGIMEN 3;CENA NORMAL 1;2026-10-05;COM SALAD BAR 1;1068;SALAD BAR III;66;102010029;ZANAHORIA;0.04;2.64;KG;2.64;KG
REGIMEN 3;CENA NORMAL 1;2026-10-05;ISLA 1;719;LIMON;240;102020001;LIMON VERDE EXTRA;0.015;3.6;KG;3.6;KG
REGIMEN 3;CENA NORMAL 1;2026-10-05;ISLA 2;4323;AJI - ROCOTO PICADO;60;1020530600;PIMIENTA NEGRA MOLIDA 4 ESTACIONES 1 KG;0.0001;0.006;BOL;0.006;KG
REGIMEN 3;CENA NORMAL 1;2026-10-05;ISLA 2;4323;AJI - ROCOTO PICADO;60;4030227693;ZUMO DE LIMON CONGELADO;0.002;0.12;KG;0.12;KG
REGIMEN 3;CENA NORMAL 1;2026-10-05;ISLA 2;4323;AJI - ROCOTO PICADO;60;10205037563;SAL DE COCINA SALINA 1 KG;0.001;0.06;BOL;0.06;KG
REGIMEN 3;CENA NORMAL 1;2026-10-05;ISLA 2;4323;AJI - ROCOTO PICADO;60;102010034;ROCOTO;0.01;0.6;KG;0.6;KG
REGIMEN 3;CENA NORMAL 1;2026-10-05;ISLA 2;4323;AJI - ROCOTO PICADO;60;10101036994;ACEITE VEGETAL CIELO 5 LT;0.003;0.036;BID;0.18;LT
REGIMEN 3;CENA NORMAL 1;2026-10-05;ISLA 4;1096;SALSA VINAGRETA;50;101100011;OREGANO ENTERO SAN JUAN MASIAS 1 KG;0.0001;0.006;BOL;0.006;KG
REGIMEN 3;CENA NORMAL 1;2026-10-05;ISLA 4;1096;SALSA VINAGRETA;50;1020530600;PIMIENTA NEGRA MOLIDA 4 ESTACIONES 1 KG;0.0001;0.006;BOL;0.006;KG
REGIMEN 3;CENA NORMAL 1;2026-10-05;ISLA 4;1096;SALSA VINAGRETA;50;10205037563;SAL DE COCINA SALINA 1 KG;0.002;0.1;BOL;0.1;KG
REGIMEN 3;CENA NORMAL 1;2026-10-05;ISLA 4;1096;SALSA VINAGRETA;50;101050446;MAYONESA ALACENA 4 LT;0.0067;0.084;BLD;0.335;KG
REGIMEN 3;CENA NORMAL 1;2026-10-05;ISLA 4;1096;SALSA VINAGRETA;50;101050455;MOSTAZA TRESA 4 KG;0.002;0.025;BLD;0.1;KG
REGIMEN 3;CENA NORMAL 1;2026-10-05;ISLA 4;1096;SALSA VINAGRETA;50;101050456;VINAGRE BLANCO TRESA 4 LT;0.004;0.05;GLN;0.2;LT
REGIMEN 3;CENA NORMAL 1;2026-10-05;ISLA 4;1096;SALSA VINAGRETA;50;33598;CAJA CHICA - AGUA PARA RECETA - CH;0.0033;0.165;LT;0.165;LT
REGIMEN 3;CENA NORMAL 1;2026-10-05;FRUTA 1;836;PLATANO DE SEDA;73;102020017;PLATANO DE SEDA;0.135;9.855;KG;9.855;KG
REGIMEN 3;CENA NORMAL 1;2026-10-05;POSTRE NORMAL 1;1420;OREJA;120;50505037205;MARGARINA LA DANESA 220 GR;0.0211;11.482;POT;2.526;KG
REGIMEN 3;CENA NORMAL 1;2026-10-05;POSTRE NORMAL 1;1420;OREJA;120;1010425038;AZUCAR RUBIA;0.0037;0.442;KG;0.442;KG
REGIMEN 3;CENA NORMAL 1;2026-10-05;POSTRE NORMAL 1;1420;OREJA;120;10106037527;HARINA ESPECIAL DEL CIELO GRANEL SACO 50 KG;0.0316;0.076;SCO;3.79;KG
REGIMEN 3;CENA NORMAL 1;2026-10-05;POSTRE NORMAL 1;1420;OREJA;120;10205037563;SAL DE COCINA SALINA 1 KG;0.0011;0.126;BOL;0.126;KG
REGIMEN 3;CENA NORMAL 1;2026-10-05;POSTRE NORMAL 1;1420;OREJA;120;33598;CAJA CHICA - AGUA PARA RECETA - CH;0.0168;2.021;LT;2.021;LT
REGIMEN 3;CENA NORMAL 1;2026-10-05;POSTRE NORMAL 2;584;GELATINA DE NARANJA;47;10208043257;GELATINA SABOR NARANJA MACROFOOD 1KG;0.0071;0.334;BOL;0.334;KG
REGIMEN 3;CENA NORMAL 1;2026-10-05;POSTRE NORMAL 2;584;GELATINA DE NARANJA;47;33598;CAJA CHICA - AGUA PARA RECETA - CH;0.1;4.7;LT;4.7;LT
REGIMEN 3;CENA NORMAL 1;2026-10-05;BEBIDA CALIENTE 1;4087;REFRESCO INFUSION FRIA ANIS;480;33598;CAJA CHICA - AGUA PARA RECETA - CH;0.25;120;LT;120;LT
REGIMEN 3;CENA NORMAL 1;2026-10-05;BEBIDA CALIENTE 1;4087;REFRESCO INFUSION FRIA ANIS;480;1020132280;INFUSION ANIS 4 ESTACIONES 50 GRM;0.0005;4.8;BOL;0.24;KG
REGIMEN 3;CENA NORMAL 1;2026-10-05;BEBIDA CALIENTE 1;4087;REFRESCO INFUSION FRIA ANIS;480;1010425038;AZUCAR RUBIA;0.015;7.2;KG;7.2;KG
REGIMEN 3;CENA NORMAL 1;2026-10-06;SOPA NORMAL 1;2012;SOPA WOMIN CON POLLO;237;10205037563;SAL DE COCINA SALINA 1 KG;0.002;0.474;BOL;0.474;KG
REGIMEN 3;CENA NORMAL 1;2026-10-06;SOPA NORMAL 1;2012;SOPA WOMIN CON POLLO;237;101070178;CALDO DE GALLINA KNORR SACHET 1.5 KG;0.002;0.316;BOL;0.474;KG
REGIMEN 3;CENA NORMAL 1;2026-10-06;SOPA NORMAL 1;2012;SOPA WOMIN CON POLLO;237;103020026;PIERNA DE POLLO CON ENCUENTRO CONGELADO;0.075;17.775;KG;17.775;KG
REGIMEN 3;CENA NORMAL 1;2026-10-06;SOPA NORMAL 1;2012;SOPA WOMIN CON POLLO;237;102010029;ZANAHORIA;0.015;3.555;KG;3.555;KG
REGIMEN 3;CENA NORMAL 1;2026-10-06;SOPA NORMAL 1;2012;SOPA WOMIN CON POLLO;237;5040231670;HUEVO LIQUIDO CONGELADO 2 KG;0.015;1.777;PQT;3.555;KG
REGIMEN 3;CENA NORMAL 1;2026-10-06;SOPA NORMAL 1;2012;SOPA WOMIN CON POLLO;237;101060587;CHUÑO POLVO TOÑA 1 KG;0.015;3.555;BOL;3.555;KG
REGIMEN 3;CENA NORMAL 1;2026-10-06;SOPA NORMAL 1;2012;SOPA WOMIN CON POLLO;237;101050423;SALSA SILLAU TRESA 4 LT;0.003;0.178;GLN;0.711;LT
REGIMEN 3;CENA NORMAL 1;2026-10-06;SOPA NORMAL 1;2012;SOPA WOMIN CON POLLO;237;33598;CAJA CHICA - AGUA PARA RECETA - CH;0.3;71.1;LT;71.1;LT
REGIMEN 3;CENA NORMAL 1;2026-10-06;SOPA NORMAL 1;2012;SOPA WOMIN CON POLLO;237;10101036994;ACEITE VEGETAL CIELO 5 LT;0.001;0.047;BID;0.237;LT
REGIMEN 3;CENA NORMAL 1;2026-10-06;SOPA NORMAL 1;2012;SOPA WOMIN CON POLLO;237;1020530600;PIMIENTA NEGRA MOLIDA 4 ESTACIONES 1 KG;0.0001;0.028;BOL;0.028;KG
REGIMEN 3;CENA NORMAL 1;2026-10-06;SOPA DIETA 1;110;CALDO DE POLLO;5;103020026;PIERNA DE POLLO CON ENCUENTRO CONGELADO;0.075;0.375;KG;0.375;KG
REGIMEN 3;CENA NORMAL 1;2026-10-06;SOPA DIETA 1;110;CALDO DE POLLO;5;50402042247;HUEVO ROJO (CAJA 11.5 KG);0.015;0.007;CAJ;0.075;KG
REGIMEN 3;CENA NORMAL 1;2026-10-06;SOPA DIETA 1;110;CALDO DE POLLO;5;101070178;CALDO DE GALLINA KNORR SACHET 1.5 KG;0.002;0.007;BOL;0.01;KG
REGIMEN 3;CENA NORMAL 1;2026-10-06;SOPA DIETA 1;110;CALDO DE POLLO;5;101100011;OREGANO ENTERO SAN JUAN MASIAS 1 KG;0.0001;0.001;BOL;0.001;KG
REGIMEN 3;CENA NORMAL 1;2026-10-06;SOPA DIETA 1;110;CALDO DE POLLO;5;10205037563;SAL DE COCINA SALINA 1 KG;0.002;0.01;BOL;0.01;KG
REGIMEN 3;CENA NORMAL 1;2026-10-06;SOPA DIETA 1;110;CALDO DE POLLO;5;1020530674;KION MOLIDO SECO 4 ESTACIONES 250 GR;0.0005;0.01;BOL;0.002;KG
REGIMEN 3;CENA NORMAL 1;2026-10-06;SOPA DIETA 1;110;CALDO DE POLLO;5;102010004;APIO;0.01;0.05;KG;0.05;KG
REGIMEN 3;CENA NORMAL 1;2026-10-06;SOPA DIETA 1;110;CALDO DE POLLO;5;102010007;CEBOLLA CHINA;0.005;0.025;KG;0.025;KG
REGIMEN 3;CENA NORMAL 1;2026-10-06;SOPA DIETA 1;110;CALDO DE POLLO;5;102010018;PAPA BLANCA;0.03;0.15;KG;0.15;KG
REGIMEN 3;CENA NORMAL 1;2026-10-06;SOPA DIETA 1;110;CALDO DE POLLO;5;101020264;FIDEO SPAGUETTI DON VITTORIO 500 GR;0.02;0.2;PQT;0.1;KG
REGIMEN 3;CENA NORMAL 1;2026-10-06;SOPA DIETA 1;110;CALDO DE POLLO;5;33598;CAJA CHICA - AGUA PARA RECETA - CH;0.3;1.5;LT;1.5;LT
REGIMEN 3;CENA NORMAL 1;2026-10-06;PLATO DE FONDO NORMAL 1;761;POLL - CORDON BLEU DE POLLO;181;10101036994;ACEITE VEGETAL CIELO 5 LT;0.02;0.724;BID;3.62;LT
REGIMEN 3;CENA NORMAL 1;2026-10-06;PLATO DE FONDO NORMAL 1;761;POLL - CORDON BLEU DE POLLO;181;40107038254;PECHUGA DE POLLO S/HUESO S/PIEL CONGELADO - IMPORTACION;0.16;28.96;KG;28.96;KG
REGIMEN 3;CENA NORMAL 1;2026-10-06;PLATO DE FONDO NORMAL 1;761;POLL - CORDON BLEU DE POLLO;181;1020530600;PIMIENTA NEGRA MOLIDA 4 ESTACIONES 1 KG;0.0001;0.022;BOL;0.022;KG
REGIMEN 3;CENA NORMAL 1;2026-10-06;PLATO DE FONDO NORMAL 1;761;POLL - CORDON BLEU DE POLLO;181;10205037563;SAL DE COCINA SALINA 1 KG;0.003;0.543;BOL;0.543;KG
REGIMEN 3;CENA NORMAL 1;2026-10-06;PLATO DE FONDO NORMAL 1;761;POLL - CORDON BLEU DE POLLO;181;102040049;JAMON PARA CAFETIN CONGELADO 500 GR;0.015;5.43;PQT;2.715;KG
REGIMEN 3;CENA NORMAL 1;2026-10-06;PLATO DE FONDO NORMAL 1;761;POLL - CORDON BLEU DE POLLO;181;101040575;PAN MOLIDO  TAKIS 5 KG;0.015;0.543;BOL;2.715;KG
REGIMEN 3;CENA NORMAL 1;2026-10-06;PLATO DE FONDO NORMAL 1;761;POLL - CORDON BLEU DE POLLO;181;10106037527;HARINA ESPECIAL DEL CIELO GRANEL SACO 50 KG;0.01;0.036;SCO;1.81;KG
REGIMEN 3;CENA NORMAL 1;2026-10-06;PLATO DE FONDO NORMAL 1;761;POLL - CORDON BLEU DE POLLO;181;102030081;QUESO EDAM EN TAJADAS X 500 GR CONGELADO;0.015;5.43;PQT;2.715;KG
REGIMEN 3;CENA NORMAL 1;2026-10-06;PLATO DE FONDO NORMAL 1;761;POLL - CORDON BLEU DE POLLO;181;5040231670;HUEVO LIQUIDO CONGELADO 2 KG;0.02;1.81;PQT;3.62;KG
REGIMEN 3;CENA NORMAL 1;2026-10-06;PLATO DE FONDO NORMAL 2;956;RES - BISTECK APANADO;70;10101036994;ACEITE VEGETAL CIELO 5 LT;0.02;0.28;BID;1.4;LT
REGIMEN 3;CENA NORMAL 1;2026-10-06;PLATO DE FONDO NORMAL 2;956;RES - BISTECK APANADO;70;40108037514;RES - BISTECK (DON GOYO);0.16;11.2;KG;11.2;KG
REGIMEN 3;CENA NORMAL 1;2026-10-06;PLATO DE FONDO NORMAL 2;956;RES - BISTECK APANADO;70;50402042247;HUEVO ROJO (CAJA 11.5 KG);0.02;0.122;CAJ;1.4;KG
REGIMEN 3;CENA NORMAL 1;2026-10-06;PLATO DE FONDO NORMAL 2;956;RES - BISTECK APANADO;70;101100011;OREGANO ENTERO SAN JUAN MASIAS 1 KG;0.0001;0.008;BOL;0.008;KG
REGIMEN 3;CENA NORMAL 1;2026-10-06;PLATO DE FONDO NORMAL 2;956;RES - BISTECK APANADO;70;1020530600;PIMIENTA NEGRA MOLIDA 4 ESTACIONES 1 KG;0.0001;0.008;BOL;0.008;KG
REGIMEN 3;CENA NORMAL 1;2026-10-06;PLATO DE FONDO NORMAL 2;956;RES - BISTECK APANADO;70;10205037563;SAL DE COCINA SALINA 1 KG;0.003;0.21;BOL;0.21;KG
REGIMEN 3;CENA NORMAL 1;2026-10-06;PLATO DE FONDO NORMAL 2;956;RES - BISTECK APANADO;70;10202041457;PASTA DE AJO CONCENTRADA EMIC 1 KG;0.003;0.21;BOL;0.21;KG
REGIMEN 3;CENA NORMAL 1;2026-10-06;PLATO DE FONDO NORMAL 2;956;RES - BISTECK APANADO;70;101050455;MOSTAZA TRESA 4 KG;0.001;0.018;BLD;0.07;KG
REGIMEN 3;CENA NORMAL 1;2026-10-06;PLATO DE FONDO NORMAL 2;956;RES - BISTECK APANADO;70;10106037527;HARINA ESPECIAL DEL CIELO GRANEL SACO 50 KG;0.005;0.007;SCO;0.35;KG
REGIMEN 3;CENA NORMAL 1;2026-10-06;PLATO DE FONDO NORMAL 2;956;RES - BISTECK APANADO;70;101040575;PAN MOLIDO  TAKIS 5 KG;0.01;0.14;BOL;0.7;KG
REGIMEN 3;CENA NORMAL 1;2026-10-06;PLATO DE FONDO DIETA;2537;POLL - LOMITO DE POLLO A LA JARDINERA;10;10101036994;ACEITE VEGETAL CIELO 5 LT;0.002;0.004;BID;0.02;LT
REGIMEN 3;CENA NORMAL 1;2026-10-06;PLATO DE FONDO DIETA;2537;POLL - LOMITO DE POLLO A LA JARDINERA;10;40107038254;PECHUGA DE POLLO S/HUESO S/PIEL CONGELADO - IMPORTACION;0.16;1.6;KG;1.6;KG
REGIMEN 3;CENA NORMAL 1;2026-10-06;PLATO DE FONDO DIETA;2537;POLL - LOMITO DE POLLO A LA JARDINERA;10;1020530600;PIMIENTA NEGRA MOLIDA 4 ESTACIONES 1 KG;0.0001;0.001;BOL;0.001;KG
REGIMEN 3;CENA NORMAL 1;2026-10-06;PLATO DE FONDO DIETA;2537;POLL - LOMITO DE POLLO A LA JARDINERA;10;10205037563;SAL DE COCINA SALINA 1 KG;0.003;0.03;BOL;0.03;KG
REGIMEN 3;CENA NORMAL 1;2026-10-06;PLATO DE FONDO DIETA;2537;POLL - LOMITO DE POLLO A LA JARDINERA;10;10202041457;PASTA DE AJO CONCENTRADA EMIC 1 KG;0.002;0.02;BOL;0.02;KG
REGIMEN 3;CENA NORMAL 1;2026-10-06;PLATO DE FONDO DIETA;2537;POLL - LOMITO DE POLLO A LA JARDINERA;10;101050423;SALSA SILLAU TRESA 4 LT;0.005;0.012;GLN;0.05;LT
REGIMEN 3;CENA NORMAL 1;2026-10-06;PLATO DE FONDO DIETA;2537;POLL - LOMITO DE POLLO A LA JARDINERA;10;101050457;VINAGRE TINTO TRESA 4 LT;0.003;0.008;GLN;0.03;LT
REGIMEN 3;CENA NORMAL 1;2026-10-06;PLATO DE FONDO DIETA;2537;POLL - LOMITO DE POLLO A LA JARDINERA;10;103010005;CHOCLO DESGRANADO CONGELADO;0.005;0.05;KG;0.05;KG
REGIMEN 3;CENA NORMAL 1;2026-10-06;PLATO DE FONDO DIETA;2537;POLL - LOMITO DE POLLO A LA JARDINERA;10;103010003;BROCOLI PRE COCIDO 30/60 CONGELADO;0.03;0.3;KG;0.3;KG
REGIMEN 3;CENA NORMAL 1;2026-10-06;PLATO DE FONDO DIETA;2537;POLL - LOMITO DE POLLO A LA JARDINERA;10;102010006;CEBOLLA ROJA;0.015;0.15;KG;0.15;KG
REGIMEN 3;CENA NORMAL 1;2026-10-06;PLATO DE FONDO DIETA;2537;POLL - LOMITO DE POLLO A LA JARDINERA;10;102010021;PEREJIL;0.003;0.03;KG;0.03;KG
REGIMEN 3;CENA NORMAL 1;2026-10-06;PLATO DE FONDO DIETA;2537;POLL - LOMITO DE POLLO A LA JARDINERA;10;102010022;PIMIENTO ROJO;0.005;0.05;KG;0.05;KG
REGIMEN 3;CENA NORMAL 1;2026-10-06;PLATO DE FONDO DIETA;2537;POLL - LOMITO DE POLLO A LA JARDINERA;10;102010052;VAINITA FRESCA;0.015;0.15;KG;0.15;KG
REGIMEN 3;CENA NORMAL 1;2026-10-06;PLATO DE FONDO DIETA;2537;POLL - LOMITO DE POLLO A LA JARDINERA;10;102010029;ZANAHORIA;0.01;0.1;KG;0.1;KG
REGIMEN 3;CENA NORMAL 1;2026-10-06;PLATO DE FONDO DIETA;2537;POLL - LOMITO DE POLLO A LA JARDINERA;10;102010027;TOMATE;0.015;0.15;KG;0.15;KG
REGIMEN 3;CENA NORMAL 1;2026-10-06;PLATO DE FONDO DIETA;2537;POLL - LOMITO DE POLLO A LA JARDINERA;10;33598;CAJA CHICA - AGUA PARA RECETA - CH;0.015;0.15;LT;0.15;LT
REGIMEN 3;CENA NORMAL 1;2026-10-06;PLATO DE FONDO DIETA;2537;POLL - LOMITO DE POLLO A LA JARDINERA;10;10106040287;MAICENA DURYEA 500 GR;0.0015;0.03;CAJ;0.015;KG
REGIMEN 3;CENA NORMAL 1;2026-10-06;GUARNICION ARROZ;267;ARROZ AMARILLO;222;10101036994;ACEITE VEGETAL CIELO 5 LT;0.005;0.222;BID;1.11;LT
REGIMEN 3;CENA NORMAL 1;2026-10-06;GUARNICION ARROZ;267;ARROZ AMARILLO;222;1020530591;PALILLO MOLIDO 4 ESTACIONES 1 KG;0.0001;0.027;BOL;0.027;KG
REGIMEN 3;CENA NORMAL 1;2026-10-06;GUARNICION ARROZ;267;ARROZ AMARILLO;222;10205037563;SAL DE COCINA SALINA 1 KG;0.001;0.222;BOL;0.222;KG
REGIMEN 3;CENA NORMAL 1;2026-10-06;GUARNICION ARROZ;267;ARROZ AMARILLO;222;103010001;ARVEJA GRANO PELADA CONGELADO;0.01;2.22;KG;2.22;KG
REGIMEN 3;CENA NORMAL 1;2026-10-06;GUARNICION ARROZ;267;ARROZ AMARILLO;222;102010022;PIMIENTO ROJO;0.005;1.11;KG;1.11;KG
REGIMEN 3;CENA NORMAL 1;2026-10-06;GUARNICION ARROZ;267;ARROZ AMARILLO;222;10102041614;ARROZ COSTEÑO EXTRA HOJA REDONDA AÑEJO 50 KG;0.12;0.533;SCO;26.64;KG
REGIMEN 3;CENA NORMAL 1;2026-10-06;GUARNICION ARROZ;267;ARROZ AMARILLO;222;33598;CAJA CHICA - AGUA PARA RECETA - CH;0.18;39.96;LT;39.96;LT
REGIMEN 3;CENA NORMAL 1;2026-10-06;GUARNICION ARROZ;267;ARROZ AMARILLO;222;1020530600;PIMIENTA NEGRA MOLIDA 4 ESTACIONES 1 KG;0.0001;0.013;BOL;0.013;KG
REGIMEN 3;CENA NORMAL 1;2026-10-06;GUARNICION ARROZ;267;ARROZ AMARILLO;222;102010021;PEREJIL;0.003;0.666;KG;0.666;KG
REGIMEN 3;CENA NORMAL 1;2026-10-06;GUARNICION 1;699;ENSALADA RUSA GUAR I;181;1020530600;PIMIENTA NEGRA MOLIDA 4 ESTACIONES 1 KG;0.0001;0.022;BOL;0.022;KG
REGIMEN 3;CENA NORMAL 1;2026-10-06;GUARNICION 1;699;ENSALADA RUSA GUAR I;181;10205037563;SAL DE COCINA SALINA 1 KG;0.003;0.543;BOL;0.543;KG
REGIMEN 3;CENA NORMAL 1;2026-10-06;GUARNICION 1;699;ENSALADA RUSA GUAR I;181;101050446;MAYONESA ALACENA 4 LT;0.0067;0.303;BLD;1.213;KG
REGIMEN 3;CENA NORMAL 1;2026-10-06;GUARNICION 1;699;ENSALADA RUSA GUAR I;181;102010051;BETERRAGA FRESCA;0.02;3.62;KG;3.62;KG
REGIMEN 3;CENA NORMAL 1;2026-10-06;GUARNICION 1;699;ENSALADA RUSA GUAR I;181;102010052;VAINITA FRESCA;0.02;3.62;KG;3.62;KG
REGIMEN 3;CENA NORMAL 1;2026-10-06;GUARNICION 1;699;ENSALADA RUSA GUAR I;181;102010018;PAPA BLANCA;0.03;5.43;KG;5.43;KG
REGIMEN 3;CENA NORMAL 1;2026-10-06;GUARNICION 1;699;ENSALADA RUSA GUAR I;181;102010029;ZANAHORIA;0.015;2.715;KG;2.715;KG
REGIMEN 3;CENA NORMAL 1;2026-10-06;GUARNICION 1;699;ENSALADA RUSA GUAR I;181;33598;CAJA CHICA - AGUA PARA RECETA - CH;0.0033;0.597;LT;0.597;LT
REGIMEN 3;CENA NORMAL 1;2026-10-06;GUARNICION 2;1398;PAPAS FRITAS Y ENSALADA FRESCA;70;10101036994;ACEITE VEGETAL CIELO 5 LT;0.005;0.07;BID;0.35;LT
REGIMEN 3;CENA NORMAL 1;2026-10-06;GUARNICION 2;1398;PAPAS FRITAS Y ENSALADA FRESCA;70;101100011;OREGANO ENTERO SAN JUAN MASIAS 1 KG;0.0001;0.008;BOL;0.008;KG
REGIMEN 3;CENA NORMAL 1;2026-10-06;GUARNICION 2;1398;PAPAS FRITAS Y ENSALADA FRESCA;70;1020530600;PIMIENTA NEGRA MOLIDA 4 ESTACIONES 1 KG;0.0001;0.008;BOL;0.008;KG
REGIMEN 3;CENA NORMAL 1;2026-10-06;GUARNICION 2;1398;PAPAS FRITAS Y ENSALADA FRESCA;70;10205037563;SAL DE COCINA SALINA 1 KG;0.002;0.14;BOL;0.14;KG
REGIMEN 3;CENA NORMAL 1;2026-10-06;GUARNICION 2;1398;PAPAS FRITAS Y ENSALADA FRESCA;70;101050446;MAYONESA ALACENA 4 LT;0.0067;0.117;BLD;0.469;KG
REGIMEN 3;CENA NORMAL 1;2026-10-06;GUARNICION 2;1398;PAPAS FRITAS Y ENSALADA FRESCA;70;101050456;VINAGRE BLANCO TRESA 4 LT;0.001;0.018;GLN;0.07;LT
REGIMEN 3;CENA NORMAL 1;2026-10-06;GUARNICION 2;1398;PAPAS FRITAS Y ENSALADA FRESCA;70;4030230094;PAPA PRE FRITA CONGELADA;0.077;5.39;KG;5.39;KG
REGIMEN 3;CENA NORMAL 1;2026-10-06;GUARNICION 2;1398;PAPAS FRITAS Y ENSALADA FRESCA;70;70046;LECHUGA AMERICANA;0.03;2.1;KG;2.1;KG
REGIMEN 3;CENA NORMAL 1;2026-10-06;GUARNICION 2;1398;PAPAS FRITAS Y ENSALADA FRESCA;70;102010020;PEPINILLO;0.01;0.7;KG;0.7;KG
REGIMEN 3;CENA NORMAL 1;2026-10-06;GUARNICION 2;1398;PAPAS FRITAS Y ENSALADA FRESCA;70;102010025;RABANITO;0.01;0.7;KG;0.7;KG
REGIMEN 3;CENA NORMAL 1;2026-10-06;GUARNICION 2;1398;PAPAS FRITAS Y ENSALADA FRESCA;70;102010027;TOMATE;0.01;0.7;KG;0.7;KG
REGIMEN 3;CENA NORMAL 1;2026-10-06;GUARNICION 2;1398;PAPAS FRITAS Y ENSALADA FRESCA;70;33598;CAJA CHICA - AGUA PARA RECETA - CH;0.0017;0.116;LT;0.116;LT
REGIMEN 3;CENA NORMAL 1;2026-10-06;GUARNICION DIETA;937;VERDURAS COCIDAS;10;10101036994;ACEITE VEGETAL CIELO 5 LT;0.001;0.002;BID;0.01;LT
REGIMEN 3;CENA NORMAL 1;2026-10-06;GUARNICION DIETA;937;VERDURAS COCIDAS;10;50505037205;MARGARINA LA DANESA 220 GR;0.005;0.227;POT;0.05;KG
REGIMEN 3;CENA NORMAL 1;2026-10-06;GUARNICION DIETA;937;VERDURAS COCIDAS;10;1020530600;PIMIENTA NEGRA MOLIDA 4 ESTACIONES 1 KG;0.0001;0.001;BOL;0.001;KG
REGIMEN 3;CENA NORMAL 1;2026-10-06;GUARNICION DIETA;937;VERDURAS COCIDAS;10;10205037563;SAL DE COCINA SALINA 1 KG;0.002;0.02;BOL;0.02;KG
REGIMEN 3;CENA NORMAL 1;2026-10-06;GUARNICION DIETA;937;VERDURAS COCIDAS;10;103010001;ARVEJA GRANO PELADA CONGELADO;0.02;0.2;KG;0.2;KG
REGIMEN 3;CENA NORMAL 1;2026-10-06;GUARNICION DIETA;937;VERDURAS COCIDAS;10;102010052;VAINITA FRESCA;0.02;0.2;KG;0.2;KG
REGIMEN 3;CENA NORMAL 1;2026-10-06;GUARNICION DIETA;937;VERDURAS COCIDAS;10;102010029;ZANAHORIA;0.015;0.15;KG;0.15;KG
REGIMEN 3;CENA NORMAL 1;2026-10-06;GUARNICION DIETA;937;VERDURAS COCIDAS;10;102010018;PAPA BLANCA;0.1;1;KG;1;KG
REGIMEN 3;CENA NORMAL 1;2026-10-06;GUARNICION DIETA;937;VERDURAS COCIDAS;10;102010021;PEREJIL;0.002;0.02;KG;0.02;KG
REGIMEN 3;CENA NORMAL 1;2026-10-06;GUARNICION DIETA;937;VERDURAS COCIDAS;10;102010030;ZAPALLITO ITALIANO;0.025;0.25;KG;0.25;KG
REGIMEN 3;CENA NORMAL 1;2026-10-06;COM SALAD BAR 1;1071;SALAD BAR VI;77;102010051;BETERRAGA FRESCA;0.03;2.31;KG;2.31;KG
REGIMEN 3;CENA NORMAL 1;2026-10-06;COM SALAD BAR 1;1071;SALAD BAR VI;77;102010020;PEPINILLO;0.04;3.08;KG;3.08;KG
REGIMEN 3;CENA NORMAL 1;2026-10-06;COM SALAD BAR 1;1071;SALAD BAR VI;77;102010027;TOMATE;0.05;3.85;KG;3.85;KG
REGIMEN 3;CENA NORMAL 1;2026-10-06;ISLA 1;719;LIMON;139;102020001;LIMON VERDE EXTRA;0.015;2.085;KG;2.085;KG
REGIMEN 3;CENA NORMAL 1;2026-10-06;ISLA 2;4323;AJI - ROCOTO PICADO;70;1020530600;PIMIENTA NEGRA MOLIDA 4 ESTACIONES 1 KG;0.0001;0.007;BOL;0.007;KG
REGIMEN 3;CENA NORMAL 1;2026-10-06;ISLA 2;4323;AJI - ROCOTO PICADO;70;4030227693;ZUMO DE LIMON CONGELADO;0.002;0.14;KG;0.14;KG
REGIMEN 3;CENA NORMAL 1;2026-10-06;ISLA 2;4323;AJI - ROCOTO PICADO;70;10205037563;SAL DE COCINA SALINA 1 KG;0.001;0.07;BOL;0.07;KG
REGIMEN 3;CENA NORMAL 1;2026-10-06;ISLA 2;4323;AJI - ROCOTO PICADO;70;102010034;ROCOTO;0.01;0.7;KG;0.7;KG
REGIMEN 3;CENA NORMAL 1;2026-10-06;ISLA 2;4323;AJI - ROCOTO PICADO;70;10101036994;ACEITE VEGETAL CIELO 5 LT;0.003;0.042;BID;0.21;LT
REGIMEN 3;CENA NORMAL 1;2026-10-06;ISLA 3;524;ALCUZA;15;1010124225;ACEITE DE OLIVA VIRGEN KUSASA 4 LT;0.002;0.008;GLN;0.03;LT
REGIMEN 3;CENA NORMAL 1;2026-10-06;ISLA 3;524;ALCUZA;15;1020530600;PIMIENTA NEGRA MOLIDA 4 ESTACIONES 1 KG;0.001;0.015;BOL;0.015;KG
REGIMEN 3;CENA NORMAL 1;2026-10-06;ISLA 3;524;ALCUZA;15;10205037563;SAL DE COCINA SALINA 1 KG;0.001;0.015;BOL;0.015;KG
REGIMEN 3;CENA NORMAL 1;2026-10-06;ISLA 3;524;ALCUZA;15;101050456;VINAGRE BLANCO TRESA 4 LT;0.001;0.004;GLN;0.015;LT
REGIMEN 3;CENA NORMAL 1;2026-10-06;ISLA 4;1096;SALSA VINAGRETA;27;101100011;OREGANO ENTERO SAN JUAN MASIAS 1 KG;0.0001;0.003;BOL;0.003;KG
REGIMEN 3;CENA NORMAL 1;2026-10-06;ISLA 4;1096;SALSA VINAGRETA;27;1020530600;PIMIENTA NEGRA MOLIDA 4 ESTACIONES 1 KG;0.0001;0.003;BOL;0.003;KG
REGIMEN 3;CENA NORMAL 1;2026-10-06;ISLA 4;1096;SALSA VINAGRETA;27;10205037563;SAL DE COCINA SALINA 1 KG;0.002;0.054;BOL;0.054;KG
REGIMEN 3;CENA NORMAL 1;2026-10-06;ISLA 4;1096;SALSA VINAGRETA;27;101050446;MAYONESA ALACENA 4 LT;0.0067;0.045;BLD;0.181;KG
REGIMEN 3;CENA NORMAL 1;2026-10-06;ISLA 4;1096;SALSA VINAGRETA;27;101050455;MOSTAZA TRESA 4 KG;0.002;0.014;BLD;0.054;KG
REGIMEN 3;CENA NORMAL 1;2026-10-06;ISLA 4;1096;SALSA VINAGRETA;27;101050456;VINAGRE BLANCO TRESA 4 LT;0.004;0.027;GLN;0.108;LT
REGIMEN 3;CENA NORMAL 1;2026-10-06;ISLA 4;1096;SALSA VINAGRETA;27;33598;CAJA CHICA - AGUA PARA RECETA - CH;0.0033;0.089;LT;0.089;LT
REGIMEN 3;CENA NORMAL 1;2026-10-06;ISLA 5;2506;SALSA DE AJI SACHET;15;10209038312;SALSA DE AJI CASERO TRESA 8/10 GR;1;15;SCH;15;UND
REGIMEN 3;CENA NORMAL 1;2026-10-06;ISLA 6;4324;AJI - ROCOTO PICADO CON CEBOLLA ROJA;27;1020530600;PIMIENTA NEGRA MOLIDA 4 ESTACIONES 1 KG;0.0001;0.003;BOL;0.003;KG
REGIMEN 3;CENA NORMAL 1;2026-10-06;ISLA 6;4324;AJI - ROCOTO PICADO CON CEBOLLA ROJA;27;4030227693;ZUMO DE LIMON CONGELADO;0.002;0.054;KG;0.054;KG
REGIMEN 3;CENA NORMAL 1;2026-10-06;ISLA 6;4324;AJI - ROCOTO PICADO CON CEBOLLA ROJA;27;10205037563;SAL DE COCINA SALINA 1 KG;0.001;0.027;BOL;0.027;KG
REGIMEN 3;CENA NORMAL 1;2026-10-06;ISLA 6;4324;AJI - ROCOTO PICADO CON CEBOLLA ROJA;27;102010034;ROCOTO;0.01;0.27;KG;0.27;KG
REGIMEN 3;CENA NORMAL 1;2026-10-06;ISLA 6;4324;AJI - ROCOTO PICADO CON CEBOLLA ROJA;27;102010006;CEBOLLA ROJA;0.004;0.108;KG;0.108;KG
REGIMEN 3;CENA NORMAL 1;2026-10-06;ISLA 6;4324;AJI - ROCOTO PICADO CON CEBOLLA ROJA;27;10101036994;ACEITE VEGETAL CIELO 5 LT;0.003;0.016;BID;0.081;LT
REGIMEN 3;CENA NORMAL 1;2026-10-06;ISLA 7;4327;AJI - CREMA DE ROCOTO CON HUACATAY;16;1020530600;PIMIENTA NEGRA MOLIDA 4 ESTACIONES 1 KG;0.0001;0.002;BOL;0.002;KG
REGIMEN 3;CENA NORMAL 1;2026-10-06;ISLA 7;4327;AJI - CREMA DE ROCOTO CON HUACATAY;16;10205037563;SAL DE COCINA SALINA 1 KG;0.002;0.032;BOL;0.032;KG
REGIMEN 3;CENA NORMAL 1;2026-10-06;ISLA 7;4327;AJI - CREMA DE ROCOTO CON HUACATAY;16;102010034;ROCOTO;0.005;0.08;KG;0.08;KG
REGIMEN 3;CENA NORMAL 1;2026-10-06;ISLA 7;4327;AJI - CREMA DE ROCOTO CON HUACATAY;16;102010001;AJI LIMO;0.01;0.16;KG;0.16;KG
REGIMEN 3;CENA NORMAL 1;2026-10-06;ISLA 7;4327;AJI - CREMA DE ROCOTO CON HUACATAY;16;33598;CAJA CHICA - AGUA PARA RECETA - CH;0.005;0.08;LT;0.08;LT
REGIMEN 3;CENA NORMAL 1;2026-10-06;ISLA 7;4327;AJI - CREMA DE ROCOTO CON HUACATAY;16;102010006;CEBOLLA ROJA;0.005;0.08;KG;0.08;KG
REGIMEN 3;CENA NORMAL 1;2026-10-06;ISLA 7;4327;AJI - CREMA DE ROCOTO CON HUACATAY;16;102010036;HUACATAY;0.002;0.032;KG;0.032;KG
REGIMEN 3;CENA NORMAL 1;2026-10-06;ISLA 7;4327;AJI - CREMA DE ROCOTO CON HUACATAY;16;10202041457;PASTA DE AJO CONCENTRADA EMIC 1 KG;0.001;0.016;BOL;0.016;KG
REGIMEN 3;CENA NORMAL 1;2026-10-06;ISLA 7;4327;AJI - CREMA DE ROCOTO CON HUACATAY;16;10101036994;ACEITE VEGETAL CIELO 5 LT;0.003;0.01;BID;0.048;LT
REGIMEN 3;CENA NORMAL 1;2026-10-06;FRUTA 1;611;MANDARINA;85;5030127352;MANDARINA;0.135;11.475;KG;11.475;KG
REGIMEN 3;CENA NORMAL 1;2026-10-06;POSTRE NORMAL 1;722;MAZAMORRA DE MEMBRILLO;139;1020530557;CANELA ENTERA 4 ESTACIONES 1 KG;0.0001;0.017;BOL;0.017;KG
REGIMEN 3;CENA NORMAL 1;2026-10-06;POSTRE NORMAL 1;722;MAZAMORRA DE MEMBRILLO;139;1020530559;CANELA MOLIDA 4 ESTACIONES 1 KG;0.0001;0.017;BOL;0.017;KG
REGIMEN 3;CENA NORMAL 1;2026-10-06;POSTRE NORMAL 1;722;MAZAMORRA DE MEMBRILLO;139;1020530564;CLAVO DE OLOR ENTERO 4 ESTACIONES 1 KG;0.0001;0.008;BOL;0.008;KG
REGIMEN 3;CENA NORMAL 1;2026-10-06;POSTRE NORMAL 1;722;MAZAMORRA DE MEMBRILLO;139;1010425038;AZUCAR RUBIA;0.025;3.475;KG;3.475;KG
REGIMEN 3;CENA NORMAL 1;2026-10-06;POSTRE NORMAL 1;722;MAZAMORRA DE MEMBRILLO;139;102020028;MEMBRILLO;0.03;4.17;KG;4.17;KG
REGIMEN 3;CENA NORMAL 1;2026-10-06;POSTRE NORMAL 1;722;MAZAMORRA DE MEMBRILLO;139;10106040287;MAICENA DURYEA 500 GR;0.005;1.39;CAJ;0.695;KG
REGIMEN 3;CENA NORMAL 1;2026-10-06;POSTRE NORMAL 1;722;MAZAMORRA DE MEMBRILLO;139;33598;CAJA CHICA - AGUA PARA RECETA - CH;0.1;13.9;LT;13.9;LT
REGIMEN 3;CENA NORMAL 1;2026-10-06;POSTRE NORMAL 2;614;GELATINA ARCO IRIS;54;10208043200;GELATINA SABOR FRESA MACROFOOD 1KG;0.0042;0.225;BOL;0.225;KG
REGIMEN 3;CENA NORMAL 1;2026-10-06;POSTRE NORMAL 2;614;GELATINA ARCO IRIS;54;10208043258;GELATINA SABOR PIÑA MACROFOOD 1KG;0.0042;0.225;BOL;0.225;KG
REGIMEN 3;CENA NORMAL 1;2026-10-06;POSTRE NORMAL 2;614;GELATINA ARCO IRIS;54;33598;CAJA CHICA - AGUA PARA RECETA - CH;0.1;5.4;LT;5.4;LT
REGIMEN 3;CENA NORMAL 1;2026-10-06;BEBIDA CALIENTE 1;4085;REFRESCO INFUSION FRIA TE;556;33598;CAJA CHICA - AGUA PARA RECETA - CH;0.25;139;LT;139;LT
REGIMEN 3;CENA NORMAL 1;2026-10-06;BEBIDA CALIENTE 1;4085;REFRESCO INFUSION FRIA TE;556;1020132343;INFUSION TE NEGRO 4 ESTACIONES 50 GRM;0.0005;5.56;BOL;0.278;KG
REGIMEN 3;CENA NORMAL 1;2026-10-06;BEBIDA CALIENTE 1;4085;REFRESCO INFUSION FRIA TE;556;1010425038;AZUCAR RUBIA;0.015;8.34;KG;8.34;KG
REGIMEN 3;CENA NORMAL 1;2026-10-07;SOPA NORMAL 1;1485;SOPA DE POLLO CON ZAPALLO MACRE;237;103020026;PIERNA DE POLLO CON ENCUENTRO CONGELADO;0.075;17.775;KG;17.775;KG
REGIMEN 3;CENA NORMAL 1;2026-10-07;SOPA NORMAL 1;1485;SOPA DE POLLO CON ZAPALLO MACRE;237;10101036994;ACEITE VEGETAL CIELO 5 LT;0.001;0.047;BID;0.237;LT
REGIMEN 3;CENA NORMAL 1;2026-10-07;SOPA NORMAL 1;1485;SOPA DE POLLO CON ZAPALLO MACRE;237;102010006;CEBOLLA ROJA;0.01;2.37;KG;2.37;KG
REGIMEN 3;CENA NORMAL 1;2026-10-07;SOPA NORMAL 1;1485;SOPA DE POLLO CON ZAPALLO MACRE;237;10202041457;PASTA DE AJO CONCENTRADA EMIC 1 KG;0.002;0.474;BOL;0.474;KG
REGIMEN 3;CENA NORMAL 1;2026-10-07;SOPA NORMAL 1;1485;SOPA DE POLLO CON ZAPALLO MACRE;237;102010004;APIO;0.015;3.555;KG;3.555;KG
REGIMEN 3;CENA NORMAL 1;2026-10-07;SOPA NORMAL 1;1485;SOPA DE POLLO CON ZAPALLO MACRE;237;102010024;PORO;0.015;3.555;KG;3.555;KG
REGIMEN 3;CENA NORMAL 1;2026-10-07;SOPA NORMAL 1;1485;SOPA DE POLLO CON ZAPALLO MACRE;237;5030224265;ZAPALLO MACRE EN CUBO LIBER 1.5 X 1.5 CM CONGELADO;0.005;1.185;KG;1.185;KG
REGIMEN 3;CENA NORMAL 1;2026-10-07;SOPA NORMAL 1;1485;SOPA DE POLLO CON ZAPALLO MACRE;237;102010018;PAPA BLANCA;0.025;5.925;KG;5.925;KG
REGIMEN 3;CENA NORMAL 1;2026-10-07;SOPA NORMAL 1;1485;SOPA DE POLLO CON ZAPALLO MACRE;237;101100011;OREGANO ENTERO SAN JUAN MASIAS 1 KG;0.0001;0.028;BOL;0.028;KG
REGIMEN 3;CENA NORMAL 1;2026-10-07;SOPA NORMAL 1;1485;SOPA DE POLLO CON ZAPALLO MACRE;237;1020530674;KION MOLIDO SECO 4 ESTACIONES 250 GR;0.001;0.948;BOL;0.237;KG
REGIMEN 3;CENA NORMAL 1;2026-10-07;SOPA NORMAL 1;1485;SOPA DE POLLO CON ZAPALLO MACRE;237;10205037563;SAL DE COCINA SALINA 1 KG;0.002;0.474;BOL;0.474;KG
REGIMEN 3;CENA NORMAL 1;2026-10-07;SOPA NORMAL 1;1485;SOPA DE POLLO CON ZAPALLO MACRE;237;101070178;CALDO DE GALLINA KNORR SACHET 1.5 KG;0.002;0.316;BOL;0.474;KG
REGIMEN 3;CENA NORMAL 1;2026-10-07;SOPA NORMAL 1;1485;SOPA DE POLLO CON ZAPALLO MACRE;237;102010021;PEREJIL;0.001;0.237;KG;0.237;KG
REGIMEN 3;CENA NORMAL 1;2026-10-07;SOPA NORMAL 1;1485;SOPA DE POLLO CON ZAPALLO MACRE;237;101020264;FIDEO SPAGUETTI DON VITTORIO 500 GR;0.02;9.48;PQT;4.74;KG
REGIMEN 3;CENA NORMAL 1;2026-10-07;SOPA NORMAL 1;1485;SOPA DE POLLO CON ZAPALLO MACRE;237;33598;CAJA CHICA - AGUA PARA RECETA - CH;0.3;71.1;LT;71.1;LT
REGIMEN 3;CENA NORMAL 1;2026-10-07;SOPA DIETA 1;296;SOPA DE POLLO CON VERDURAS;5;10101036994;ACEITE VEGETAL CIELO 5 LT;0.001;0.001;BID;0.005;LT
REGIMEN 3;CENA NORMAL 1;2026-10-07;SOPA DIETA 1;296;SOPA DE POLLO CON VERDURAS;5;103020026;PIERNA DE POLLO CON ENCUENTRO CONGELADO;0.075;0.375;KG;0.375;KG
REGIMEN 3;CENA NORMAL 1;2026-10-07;SOPA DIETA 1;296;SOPA DE POLLO CON VERDURAS;5;101070178;CALDO DE GALLINA KNORR SACHET 1.5 KG;0.002;0.007;BOL;0.01;KG
REGIMEN 3;CENA NORMAL 1;2026-10-07;SOPA DIETA 1;296;SOPA DE POLLO CON VERDURAS;5;101100011;OREGANO ENTERO SAN JUAN MASIAS 1 KG;0.0001;0.001;BOL;0.001;KG
REGIMEN 3;CENA NORMAL 1;2026-10-07;SOPA DIETA 1;296;SOPA DE POLLO CON VERDURAS;5;10205037563;SAL DE COCINA SALINA 1 KG;0.002;0.01;BOL;0.01;KG
REGIMEN 3;CENA NORMAL 1;2026-10-07;SOPA DIETA 1;296;SOPA DE POLLO CON VERDURAS;5;1020530674;KION MOLIDO SECO 4 ESTACIONES 250 GR;0.0005;0.01;BOL;0.002;KG
REGIMEN 3;CENA NORMAL 1;2026-10-07;SOPA DIETA 1;296;SOPA DE POLLO CON VERDURAS;5;103010005;CHOCLO DESGRANADO CONGELADO;0.012;0.06;KG;0.06;KG
REGIMEN 3;CENA NORMAL 1;2026-10-07;SOPA DIETA 1;296;SOPA DE POLLO CON VERDURAS;5;4030232902;MIX DE SOPA COMPLETO CONGELADO - KGM;0.044;0.22;KG;0.22;KG
REGIMEN 3;CENA NORMAL 1;2026-10-07;SOPA DIETA 1;296;SOPA DE POLLO CON VERDURAS;5;102010009;COL;0.025;0.125;KG;0.125;KG
REGIMEN 3;CENA NORMAL 1;2026-10-07;SOPA DIETA 1;296;SOPA DE POLLO CON VERDURAS;5;5030224265;ZAPALLO MACRE EN CUBO LIBER 1.5 X 1.5 CM CONGELADO;0.005;0.025;KG;0.025;KG
REGIMEN 3;CENA NORMAL 1;2026-10-07;SOPA DIETA 1;296;SOPA DE POLLO CON VERDURAS;5;102010018;PAPA BLANCA;0.03;0.15;KG;0.15;KG
REGIMEN 3;CENA NORMAL 1;2026-10-07;SOPA DIETA 1;296;SOPA DE POLLO CON VERDURAS;5;102010021;PEREJIL;0.001;0.005;KG;0.005;KG
REGIMEN 3;CENA NORMAL 1;2026-10-07;SOPA DIETA 1;296;SOPA DE POLLO CON VERDURAS;5;101020264;FIDEO SPAGUETTI DON VITTORIO 500 GR;0.02;0.2;PQT;0.1;KG
REGIMEN 3;CENA NORMAL 1;2026-10-07;SOPA DIETA 1;296;SOPA DE POLLO CON VERDURAS;5;33598;CAJA CHICA - AGUA PARA RECETA - CH;0.3;1.5;LT;1.5;LT
REGIMEN 3;CENA NORMAL 1;2026-10-07;SOPA DIETA 1;296;SOPA DE POLLO CON VERDURAS;5;103010025;HABAS VERDES PELADAS  CONGELADA;0.02;0.1;KG;0.1;KG
REGIMEN 3;CENA NORMAL 1;2026-10-07;PLATO DE FONDO NORMAL 1;951;RES - RES A LA CACEROLA;114;10101036994;ACEITE VEGETAL CIELO 5 LT;0.002;0.046;BID;0.228;LT
REGIMEN 3;CENA NORMAL 1;2026-10-07;PLATO DE FONDO NORMAL 1;951;RES - RES A LA CACEROLA;114;40108037515;RES - GUISO CONGELADO (DON GOYO);0.16;18.24;KG;18.24;KG
REGIMEN 3;CENA NORMAL 1;2026-10-07;PLATO DE FONDO NORMAL 1;951;RES - RES A LA CACEROLA;114;1020530572;COMINO MOLIDO 4 ESTACIONES 1 KG;0;0.002;BOL;0.002;KG
REGIMEN 3;CENA NORMAL 1;2026-10-07;PLATO DE FONDO NORMAL 1;951;RES - RES A LA CACEROLA;114;1020530600;PIMIENTA NEGRA MOLIDA 4 ESTACIONES 1 KG;0.0001;0.007;BOL;0.007;KG
REGIMEN 3;CENA NORMAL 1;2026-10-07;PLATO DE FONDO NORMAL 1;951;RES - RES A LA CACEROLA;114;10205037563;SAL DE COCINA SALINA 1 KG;0.002;0.228;BOL;0.228;KG
REGIMEN 3;CENA NORMAL 1;2026-10-07;PLATO DE FONDO NORMAL 1;951;RES - RES A LA CACEROLA;114;1020233295;PASTA DE AJI AMARILLO EMIC 1 KG;0.001;0.114;BOL;0.114;KG
REGIMEN 3;CENA NORMAL 1;2026-10-07;PLATO DE FONDO NORMAL 1;951;RES - RES A LA CACEROLA;114;1020222493;PRE ELABORADO RAM BASE TOMATE 1 KG;0.02;2.28;BOL;2.28;KG
REGIMEN 3;CENA NORMAL 1;2026-10-07;PLATO DE FONDO NORMAL 1;951;RES - RES A LA CACEROLA;114;103010001;ARVEJA GRANO PELADA CONGELADO;0.01;1.14;KG;1.14;KG
REGIMEN 3;CENA NORMAL 1;2026-10-07;PLATO DE FONDO NORMAL 1;951;RES - RES A LA CACEROLA;114;102010021;PEREJIL;0.002;0.228;KG;0.228;KG
REGIMEN 3;CENA NORMAL 1;2026-10-07;PLATO DE FONDO NORMAL 1;951;RES - RES A LA CACEROLA;114;102010029;ZANAHORIA;0.015;1.71;KG;1.71;KG
REGIMEN 3;CENA NORMAL 1;2026-10-07;PLATO DE FONDO NORMAL 1;951;RES - RES A LA CACEROLA;114;10106040287;MAICENA DURYEA 500 GR;0.003;0.684;CAJ;0.342;KG
REGIMEN 3;CENA NORMAL 1;2026-10-07;PLATO DE FONDO NORMAL 1;951;RES - RES A LA CACEROLA;114;33598;CAJA CHICA - AGUA PARA RECETA - CH;0.03;3.42;LT;3.42;LT
REGIMEN 3;CENA NORMAL 1;2026-10-07;PLATO DE FONDO NORMAL 2;2548;PES - CHICHARRON DE PESCADO II;106;10101036994;ACEITE VEGETAL CIELO 5 LT;0.005;0.106;BID;0.53;LT
REGIMEN 3;CENA NORMAL 1;2026-10-07;PLATO DE FONDO NORMAL 2;2548;PES - CHICHARRON DE PESCADO II;106;103030156;BONITO FILETE CON PIEL CONGELADO - KGM;0.19;20.14;KG;20.14;KG
REGIMEN 3;CENA NORMAL 1;2026-10-07;PLATO DE FONDO NORMAL 2;2548;PES - CHICHARRON DE PESCADO II;106;5040231670;HUEVO LIQUIDO CONGELADO 2 KG;0.015;0.795;PQT;1.59;KG
REGIMEN 3;CENA NORMAL 1;2026-10-07;PLATO DE FONDO NORMAL 2;2548;PES - CHICHARRON DE PESCADO II;106;1020530600;PIMIENTA NEGRA MOLIDA 4 ESTACIONES 1 KG;0.0001;0.013;BOL;0.013;KG
REGIMEN 3;CENA NORMAL 1;2026-10-07;PLATO DE FONDO NORMAL 2;2548;PES - CHICHARRON DE PESCADO II;106;10205037563;SAL DE COCINA SALINA 1 KG;0.003;0.318;BOL;0.318;KG
REGIMEN 3;CENA NORMAL 1;2026-10-07;PLATO DE FONDO NORMAL 2;2548;PES - CHICHARRON DE PESCADO II;106;101050455;MOSTAZA TRESA 4 KG;0.003;0.08;BLD;0.318;KG
REGIMEN 3;CENA NORMAL 1;2026-10-07;PLATO DE FONDO NORMAL 2;2548;PES - CHICHARRON DE PESCADO II;106;10106037527;HARINA ESPECIAL DEL CIELO GRANEL SACO 50 KG;0.01;0.021;SCO;1.06;KG
REGIMEN 3;CENA NORMAL 1;2026-10-07;PLATO DE FONDO NORMAL 2;2548;PES - CHICHARRON DE PESCADO II;106;101060587;CHUÑO POLVO TOÑA 1 KG;0.005;0.53;BOL;0.53;KG
REGIMEN 3;CENA NORMAL 1;2026-10-07;PLATO DE FONDO NORMAL 2;2548;PES - CHICHARRON DE PESCADO II;106;10202041457;PASTA DE AJO CONCENTRADA EMIC 1 KG;0.002;0.212;BOL;0.212;KG
REGIMEN 3;CENA NORMAL 1;2026-10-07;PLATO DE FONDO NORMAL 2;2548;PES - CHICHARRON DE PESCADO II;106;1020530572;COMINO MOLIDO 4 ESTACIONES 1 KG;0.0001;0.006;BOL;0.006;KG
REGIMEN 3;CENA NORMAL 1;2026-10-07;ROMPE RUTINA 1;6320;POLL - POLLO A LA BRASA CON ARROZ CHAUFA Y PAPAS FRITAS (ROMPE RUTINA);41;1020530674;KION MOLIDO SECO 4 ESTACIONES 250 GR;0.0001;0.016;BOL;0.004;KG
REGIMEN 3;CENA NORMAL 1;2026-10-07;ROMPE RUTINA 1;6320;POLL - POLLO A LA BRASA CON ARROZ CHAUFA Y PAPAS FRITAS (ROMPE RUTINA);41;1010425038;AZUCAR RUBIA;0.001;0.041;KG;0.041;KG
REGIMEN 3;CENA NORMAL 1;2026-10-07;ROMPE RUTINA 1;6320;POLL - POLLO A LA BRASA CON ARROZ CHAUFA Y PAPAS FRITAS (ROMPE RUTINA);41;5040231670;HUEVO LIQUIDO CONGELADO 2 KG;0.029;0.594;PQT;1.189;KG
REGIMEN 3;CENA NORMAL 1;2026-10-07;ROMPE RUTINA 1;6320;POLL - POLLO A LA BRASA CON ARROZ CHAUFA Y PAPAS FRITAS (ROMPE RUTINA);41;1020530600;PIMIENTA NEGRA MOLIDA 4 ESTACIONES 1 KG;0.0001;0.005;BOL;0.005;KG
REGIMEN 3;CENA NORMAL 1;2026-10-07;ROMPE RUTINA 1;6320;POLL - POLLO A LA BRASA CON ARROZ CHAUFA Y PAPAS FRITAS (ROMPE RUTINA);41;102010022;PIMIENTO ROJO;0.015;0.615;KG;0.615;KG
REGIMEN 3;CENA NORMAL 1;2026-10-07;ROMPE RUTINA 1;6320;POLL - POLLO A LA BRASA CON ARROZ CHAUFA Y PAPAS FRITAS (ROMPE RUTINA);41;10205037563;SAL DE COCINA SALINA 1 KG;0.002;0.082;BOL;0.082;KG
REGIMEN 3;CENA NORMAL 1;2026-10-07;ROMPE RUTINA 1;6320;POLL - POLLO A LA BRASA CON ARROZ CHAUFA Y PAPAS FRITAS (ROMPE RUTINA);41;33598;CAJA CHICA - AGUA PARA RECETA - CH;0.35;14.35;LT;14.35;LT
REGIMEN 3;CENA NORMAL 1;2026-10-07;ROMPE RUTINA 1;6320;POLL - POLLO A LA BRASA CON ARROZ CHAUFA Y PAPAS FRITAS (ROMPE RUTINA);41;10102041614;ARROZ COSTEÑO EXTRA HOJA REDONDA AÑEJO 50 KG;0.12;0.098;SCO;4.92;KG
REGIMEN 3;CENA NORMAL 1;2026-10-07;ROMPE RUTINA 1;6320;POLL - POLLO A LA BRASA CON ARROZ CHAUFA Y PAPAS FRITAS (ROMPE RUTINA);41;102010007;CEBOLLA CHINA;0.02;0.82;KG;0.82;KG
REGIMEN 3;CENA NORMAL 1;2026-10-07;ROMPE RUTINA 1;6320;POLL - POLLO A LA BRASA CON ARROZ CHAUFA Y PAPAS FRITAS (ROMPE RUTINA);41;10101036994;ACEITE VEGETAL CIELO 5 LT;0.012;0.098;BID;0.492;LT
REGIMEN 3;CENA NORMAL 1;2026-10-07;ROMPE RUTINA 1;6320;POLL - POLLO A LA BRASA CON ARROZ CHAUFA Y PAPAS FRITAS (ROMPE RUTINA);41;101050423;SALSA SILLAU TRESA 4 LT;0.01;0.103;GLN;0.41;LT
REGIMEN 3;CENA NORMAL 1;2026-10-07;ROMPE RUTINA 1;6320;POLL - POLLO A LA BRASA CON ARROZ CHAUFA Y PAPAS FRITAS (ROMPE RUTINA);41;10209044721;SALSA OSTION NAKAMITO 270 ML (EMER);0.001;0.152;FCO;0.041;LT
REGIMEN 3;CENA NORMAL 1;2026-10-07;ROMPE RUTINA 1;6320;POLL - POLLO A LA BRASA CON ARROZ CHAUFA Y PAPAS FRITAS (ROMPE RUTINA);41;10202041457;PASTA DE AJO CONCENTRADA EMIC 1 KG;0.003;0.123;BOL;0.123;KG
REGIMEN 3;CENA NORMAL 1;2026-10-07;ROMPE RUTINA 1;6320;POLL - POLLO A LA BRASA CON ARROZ CHAUFA Y PAPAS FRITAS (ROMPE RUTINA);41;40107041584;POLLO SIN MENUDENCIA CONGELADO 1.1 - 1.4 KG - TRES ARROYOS;0.3;12.3;KG;12.3;KG
REGIMEN 3;CENA NORMAL 1;2026-10-07;ROMPE RUTINA 1;6320;POLL - POLLO A LA BRASA CON ARROZ CHAUFA Y PAPAS FRITAS (ROMPE RUTINA);41;101050446;MAYONESA ALACENA 4 LT;0.005;0.051;BLD;0.205;KG
REGIMEN 3;CENA NORMAL 1;2026-10-07;ROMPE RUTINA 1;6320;POLL - POLLO A LA BRASA CON ARROZ CHAUFA Y PAPAS FRITAS (ROMPE RUTINA);41;101050452;KETCHUP TRESA 4 LT;0.002;0.02;BLD;0.082;KG
REGIMEN 3;CENA NORMAL 1;2026-10-07;ROMPE RUTINA 1;6320;POLL - POLLO A LA BRASA CON ARROZ CHAUFA Y PAPAS FRITAS (ROMPE RUTINA);41;101050455;MOSTAZA TRESA 4 KG;0.002;0.02;BLD;0.082;KG
REGIMEN 3;CENA NORMAL 1;2026-10-07;ROMPE RUTINA 1;6320;POLL - POLLO A LA BRASA CON ARROZ CHAUFA Y PAPAS FRITAS (ROMPE RUTINA);41;4030230094;PAPA PRE FRITA CONGELADA;0.085;3.485;KG;3.485;KG
REGIMEN 3;CENA NORMAL 1;2026-10-07;PLATO DE FONDO DIETA;666;POLL- POLLO AL LIMON;7;10101036994;ACEITE VEGETAL CIELO 5 LT;0.002;0.003;BID;0.014;LT
REGIMEN 3;CENA NORMAL 1;2026-10-07;PLATO DE FONDO DIETA;666;POLL- POLLO AL LIMON;7;103020027;POLLO SIN MENUDENCIA CONGELADO RANGO 1.428 - 1.611 KG (SAN FERNANDO);0.066;0.462;KG;0.462;KG
REGIMEN 3;CENA NORMAL 1;2026-10-07;PLATO DE FONDO DIETA;666;POLL- POLLO AL LIMON;7;103020026;PIERNA DE POLLO CON ENCUENTRO CONGELADO;0.217;1.519;KG;1.519;KG
REGIMEN 3;CENA NORMAL 1;2026-10-07;PLATO DE FONDO DIETA;666;POLL- POLLO AL LIMON;7;1020530600;PIMIENTA NEGRA MOLIDA 4 ESTACIONES 1 KG;0.0001;0;BOL;0;KG
REGIMEN 3;CENA NORMAL 1;2026-10-07;PLATO DE FONDO DIETA;666;POLL- POLLO AL LIMON;7;10205037563;SAL DE COCINA SALINA 1 KG;0.001;0.007;BOL;0.007;KG
REGIMEN 3;CENA NORMAL 1;2026-10-07;PLATO DE FONDO DIETA;666;POLL- POLLO AL LIMON;7;1020222487;PRE ELABORADO RAM BASE AMARILLA 1 KG;0.02;0.14;BOL;0.14;KG
REGIMEN 3;CENA NORMAL 1;2026-10-07;PLATO DE FONDO DIETA;666;POLL- POLLO AL LIMON;7;4030227693;ZUMO DE LIMON CONGELADO;0.02;0.14;KG;0.14;KG
REGIMEN 3;CENA NORMAL 1;2026-10-07;PLATO DE FONDO DIETA;666;POLL- POLLO AL LIMON;7;10106040287;MAICENA DURYEA 500 GR;0.003;0.042;CAJ;0.021;KG
REGIMEN 3;CENA NORMAL 1;2026-10-07;PLATO DE FONDO DIETA;666;POLL- POLLO AL LIMON;7;102010021;PEREJIL;0.003;0.021;KG;0.021;KG
REGIMEN 3;CENA NORMAL 1;2026-10-07;PLATO DE FONDO DIETA;666;POLL- POLLO AL LIMON;7;33598;CAJA CHICA - AGUA PARA RECETA - CH;0.02;0.14;LT;0.14;LT
REGIMEN 3;CENA NORMAL 1;2026-10-07;GUARNICION ARROZ;1243;ARROZ CON PEREJIL;193;10101036994;ACEITE VEGETAL CIELO 5 LT;0.005;0.193;BID;0.965;LT
REGIMEN 3;CENA NORMAL 1;2026-10-07;GUARNICION ARROZ;1243;ARROZ CON PEREJIL;193;10205037563;SAL DE COCINA SALINA 1 KG;0.0025;0.482;BOL;0.482;KG
REGIMEN 3;CENA NORMAL 1;2026-10-07;GUARNICION ARROZ;1243;ARROZ CON PEREJIL;193;10202041457;PASTA DE AJO CONCENTRADA EMIC 1 KG;0.003;0.579;BOL;0.579;KG
REGIMEN 3;CENA NORMAL 1;2026-10-07;GUARNICION ARROZ;1243;ARROZ CON PEREJIL;193;4030227693;ZUMO DE LIMON CONGELADO;0.0006;0.108;KG;0.108;KG
REGIMEN 3;CENA NORMAL 1;2026-10-07;GUARNICION ARROZ;1243;ARROZ CON PEREJIL;193;102010021;PEREJIL;0.003;0.579;KG;0.579;KG
REGIMEN 3;CENA NORMAL 1;2026-10-07;GUARNICION ARROZ;1243;ARROZ CON PEREJIL;193;10102041614;ARROZ COSTEÑO EXTRA HOJA REDONDA AÑEJO 50 KG;0.12;0.463;SCO;23.16;KG
REGIMEN 3;CENA NORMAL 1;2026-10-07;GUARNICION ARROZ;1243;ARROZ CON PEREJIL;193;33598;CAJA CHICA - AGUA PARA RECETA - CH;0.25;48.25;LT;48.25;LT
REGIMEN 3;CENA NORMAL 1;2026-10-07;GUARNICION 1;329;LEGUMBRES AL VAPOR;124;10205037563;SAL DE COCINA SALINA 1 KG;0.003;0.372;BOL;0.372;KG
REGIMEN 3;CENA NORMAL 1;2026-10-07;GUARNICION 1;329;LEGUMBRES AL VAPOR;124;102010052;VAINITA FRESCA;0.02;2.48;KG;2.48;KG
REGIMEN 3;CENA NORMAL 1;2026-10-07;GUARNICION 1;329;LEGUMBRES AL VAPOR;124;101100011;OREGANO ENTERO SAN JUAN MASIAS 1 KG;0.0001;0.015;BOL;0.015;KG
REGIMEN 3;CENA NORMAL 1;2026-10-07;GUARNICION 1;329;LEGUMBRES AL VAPOR;124;102010022;PIMIENTO ROJO;0.02;2.48;KG;2.48;KG
REGIMEN 3;CENA NORMAL 1;2026-10-07;GUARNICION 1;329;LEGUMBRES AL VAPOR;124;103010001;ARVEJA GRANO PELADA CONGELADO;0.02;2.48;KG;2.48;KG
REGIMEN 3;CENA NORMAL 1;2026-10-07;GUARNICION 1;329;LEGUMBRES AL VAPOR;124;103010005;CHOCLO DESGRANADO CONGELADO;0.012;1.488;KG;1.488;KG
REGIMEN 3;CENA NORMAL 1;2026-10-07;GUARNICION 1;329;LEGUMBRES AL VAPOR;124;102010029;ZANAHORIA;0.03;3.72;KG;3.72;KG
REGIMEN 3;CENA NORMAL 1;2026-10-07;GUARNICION 2;414;PAPAS FRITAS;106;10205037563;SAL DE COCINA SALINA 1 KG;0.002;0.212;BOL;0.212;KG
REGIMEN 3;CENA NORMAL 1;2026-10-07;GUARNICION 2;414;PAPAS FRITAS;106;4030230094;PAPA PRE FRITA CONGELADA;0.077;8.162;KG;8.162;KG
REGIMEN 3;CENA NORMAL 1;2026-10-07;GUARNICION 2;414;PAPAS FRITAS;106;10101036994;ACEITE VEGETAL CIELO 5 LT;0.005;0.106;BID;0.53;LT
REGIMEN 3;CENA NORMAL 1;2026-10-07;GUARNICION DIETA;937;VERDURAS COCIDAS;7;10101036994;ACEITE VEGETAL CIELO 5 LT;0.001;0.001;BID;0.007;LT
REGIMEN 3;CENA NORMAL 1;2026-10-07;GUARNICION DIETA;937;VERDURAS COCIDAS;7;50505037205;MARGARINA LA DANESA 220 GR;0.005;0.159;POT;0.035;KG
REGIMEN 3;CENA NORMAL 1;2026-10-07;GUARNICION DIETA;937;VERDURAS COCIDAS;7;1020530600;PIMIENTA NEGRA MOLIDA 4 ESTACIONES 1 KG;0.0001;0.001;BOL;0.001;KG
REGIMEN 3;CENA NORMAL 1;2026-10-07;GUARNICION DIETA;937;VERDURAS COCIDAS;7;10205037563;SAL DE COCINA SALINA 1 KG;0.002;0.014;BOL;0.014;KG
REGIMEN 3;CENA NORMAL 1;2026-10-07;GUARNICION DIETA;937;VERDURAS COCIDAS;7;103010001;ARVEJA GRANO PELADA CONGELADO;0.02;0.14;KG;0.14;KG
REGIMEN 3;CENA NORMAL 1;2026-10-07;GUARNICION DIETA;937;VERDURAS COCIDAS;7;102010052;VAINITA FRESCA;0.02;0.14;KG;0.14;KG
REGIMEN 3;CENA NORMAL 1;2026-10-07;GUARNICION DIETA;937;VERDURAS COCIDAS;7;102010029;ZANAHORIA;0.015;0.105;KG;0.105;KG
REGIMEN 3;CENA NORMAL 1;2026-10-07;GUARNICION DIETA;937;VERDURAS COCIDAS;7;102010018;PAPA BLANCA;0.1;0.7;KG;0.7;KG
REGIMEN 3;CENA NORMAL 1;2026-10-07;GUARNICION DIETA;937;VERDURAS COCIDAS;7;102010021;PEREJIL;0.002;0.014;KG;0.014;KG
REGIMEN 3;CENA NORMAL 1;2026-10-07;GUARNICION DIETA;937;VERDURAS COCIDAS;7;102010030;ZAPALLITO ITALIANO;0.025;0.175;KG;0.175;KG
REGIMEN 3;CENA NORMAL 1;2026-10-07;COM SALAD BAR 1;1070;SALAD BAR V;77;102010025;RABANITO;0.04;3.08;KG;3.08;KG
REGIMEN 3;CENA NORMAL 1;2026-10-07;COM SALAD BAR 1;1070;SALAD BAR V;77;103010003;BROCOLI PRE COCIDO 30/60 CONGELADO;0.03;2.31;KG;2.31;KG
REGIMEN 3;CENA NORMAL 1;2026-10-07;COM SALAD BAR 1;1070;SALAD BAR V;77;102010029;ZANAHORIA;0.05;3.85;KG;3.85;KG
REGIMEN 3;CENA NORMAL 1;2026-10-07;ISLA 1;719;LIMON;139;102020001;LIMON VERDE EXTRA;0.015;2.085;KG;2.085;KG
REGIMEN 3;CENA NORMAL 1;2026-10-07;ISLA 2;4323;AJI - ROCOTO PICADO;70;1020530600;PIMIENTA NEGRA MOLIDA 4 ESTACIONES 1 KG;0.0001;0.007;BOL;0.007;KG
REGIMEN 3;CENA NORMAL 1;2026-10-07;ISLA 2;4323;AJI - ROCOTO PICADO;70;4030227693;ZUMO DE LIMON CONGELADO;0.002;0.14;KG;0.14;KG
REGIMEN 3;CENA NORMAL 1;2026-10-07;ISLA 2;4323;AJI - ROCOTO PICADO;70;10205037563;SAL DE COCINA SALINA 1 KG;0.001;0.07;BOL;0.07;KG
REGIMEN 3;CENA NORMAL 1;2026-10-07;ISLA 2;4323;AJI - ROCOTO PICADO;70;102010034;ROCOTO;0.01;0.7;KG;0.7;KG
REGIMEN 3;CENA NORMAL 1;2026-10-07;ISLA 2;4323;AJI - ROCOTO PICADO;70;10101036994;ACEITE VEGETAL CIELO 5 LT;0.003;0.042;BID;0.21;LT
REGIMEN 3;CENA NORMAL 1;2026-10-07;ISLA 3;524;ALCUZA;15;1010124225;ACEITE DE OLIVA VIRGEN KUSASA 4 LT;0.002;0.008;GLN;0.03;LT
REGIMEN 3;CENA NORMAL 1;2026-10-07;ISLA 3;524;ALCUZA;15;1020530600;PIMIENTA NEGRA MOLIDA 4 ESTACIONES 1 KG;0.001;0.015;BOL;0.015;KG
REGIMEN 3;CENA NORMAL 1;2026-10-07;ISLA 3;524;ALCUZA;15;10205037563;SAL DE COCINA SALINA 1 KG;0.001;0.015;BOL;0.015;KG
REGIMEN 3;CENA NORMAL 1;2026-10-07;ISLA 3;524;ALCUZA;15;101050456;VINAGRE BLANCO TRESA 4 LT;0.001;0.004;GLN;0.015;LT
REGIMEN 3;CENA NORMAL 1;2026-10-07;ISLA 4;1096;SALSA VINAGRETA;27;101100011;OREGANO ENTERO SAN JUAN MASIAS 1 KG;0.0001;0.003;BOL;0.003;KG
REGIMEN 3;CENA NORMAL 1;2026-10-07;ISLA 4;1096;SALSA VINAGRETA;27;1020530600;PIMIENTA NEGRA MOLIDA 4 ESTACIONES 1 KG;0.0001;0.003;BOL;0.003;KG
REGIMEN 3;CENA NORMAL 1;2026-10-07;ISLA 4;1096;SALSA VINAGRETA;27;10205037563;SAL DE COCINA SALINA 1 KG;0.002;0.054;BOL;0.054;KG
REGIMEN 3;CENA NORMAL 1;2026-10-07;ISLA 4;1096;SALSA VINAGRETA;27;101050446;MAYONESA ALACENA 4 LT;0.0067;0.045;BLD;0.181;KG
REGIMEN 3;CENA NORMAL 1;2026-10-07;ISLA 4;1096;SALSA VINAGRETA;27;101050455;MOSTAZA TRESA 4 KG;0.002;0.014;BLD;0.054;KG
REGIMEN 3;CENA NORMAL 1;2026-10-07;ISLA 4;1096;SALSA VINAGRETA;27;101050456;VINAGRE BLANCO TRESA 4 LT;0.004;0.027;GLN;0.108;LT
REGIMEN 3;CENA NORMAL 1;2026-10-07;ISLA 4;1096;SALSA VINAGRETA;27;33598;CAJA CHICA - AGUA PARA RECETA - CH;0.0033;0.089;LT;0.089;LT
REGIMEN 3;CENA NORMAL 1;2026-10-07;ISLA 5;2506;SALSA DE AJI SACHET;15;10209038312;SALSA DE AJI CASERO TRESA 8/10 GR;1;15;SCH;15;UND
REGIMEN 3;CENA NORMAL 1;2026-10-07;ISLA 6;4325;AJI - ROCOTO Y AJI LIMO PICADO CON CEBOLLA ROJA;27;1020530600;PIMIENTA NEGRA MOLIDA 4 ESTACIONES 1 KG;0.0001;0.003;BOL;0.003;KG
REGIMEN 3;CENA NORMAL 1;2026-10-07;ISLA 6;4325;AJI - ROCOTO Y AJI LIMO PICADO CON CEBOLLA ROJA;27;4030227693;ZUMO DE LIMON CONGELADO;0.002;0.054;KG;0.054;KG
REGIMEN 3;CENA NORMAL 1;2026-10-07;ISLA 6;4325;AJI - ROCOTO Y AJI LIMO PICADO CON CEBOLLA ROJA;27;10205037563;SAL DE COCINA SALINA 1 KG;0.001;0.027;BOL;0.027;KG
REGIMEN 3;CENA NORMAL 1;2026-10-07;ISLA 6;4325;AJI - ROCOTO Y AJI LIMO PICADO CON CEBOLLA ROJA;27;102010034;ROCOTO;0.01;0.27;KG;0.27;KG
REGIMEN 3;CENA NORMAL 1;2026-10-07;ISLA 6;4325;AJI - ROCOTO Y AJI LIMO PICADO CON CEBOLLA ROJA;27;102010001;AJI LIMO;0.002;0.054;KG;0.054;KG
REGIMEN 3;CENA NORMAL 1;2026-10-07;ISLA 6;4325;AJI - ROCOTO Y AJI LIMO PICADO CON CEBOLLA ROJA;27;102010007;CEBOLLA CHINA;0.0001;0.003;KG;0.003;KG
REGIMEN 3;CENA NORMAL 1;2026-10-07;ISLA 6;4325;AJI - ROCOTO Y AJI LIMO PICADO CON CEBOLLA ROJA;27;102010006;CEBOLLA ROJA;0.004;0.108;KG;0.108;KG
REGIMEN 3;CENA NORMAL 1;2026-10-07;ISLA 6;4325;AJI - ROCOTO Y AJI LIMO PICADO CON CEBOLLA ROJA;27;10101036994;ACEITE VEGETAL CIELO 5 LT;0.003;0.016;BID;0.081;LT
REGIMEN 3;CENA NORMAL 1;2026-10-07;ISLA 7;4328;AJI - CREMA DE AJI AMARILLO;16;1020530600;PIMIENTA NEGRA MOLIDA 4 ESTACIONES 1 KG;0.0001;0.002;BOL;0.002;KG
REGIMEN 3;CENA NORMAL 1;2026-10-07;ISLA 7;4328;AJI - CREMA DE AJI AMARILLO;16;10205037563;SAL DE COCINA SALINA 1 KG;0.002;0.032;BOL;0.032;KG
REGIMEN 3;CENA NORMAL 1;2026-10-07;ISLA 7;4328;AJI - CREMA DE AJI AMARILLO;16;102010041;AJI AMARILLO X KG;0.005;0.08;KG;0.08;KG
REGIMEN 3;CENA NORMAL 1;2026-10-07;ISLA 7;4328;AJI - CREMA DE AJI AMARILLO;16;102010001;AJI LIMO;0.001;0.016;KG;0.016;KG
REGIMEN 3;CENA NORMAL 1;2026-10-07;ISLA 7;4328;AJI - CREMA DE AJI AMARILLO;16;33598;CAJA CHICA - AGUA PARA RECETA - CH;0.005;0.08;LT;0.08;LT
REGIMEN 3;CENA NORMAL 1;2026-10-07;ISLA 7;4328;AJI - CREMA DE AJI AMARILLO;16;102010006;CEBOLLA ROJA;0.005;0.08;KG;0.08;KG
REGIMEN 3;CENA NORMAL 1;2026-10-07;ISLA 7;4328;AJI - CREMA DE AJI AMARILLO;16;102010036;HUACATAY;0.002;0.032;KG;0.032;KG
REGIMEN 3;CENA NORMAL 1;2026-10-07;ISLA 7;4328;AJI - CREMA DE AJI AMARILLO;16;10202041457;PASTA DE AJO CONCENTRADA EMIC 1 KG;0.001;0.016;BOL;0.016;KG
REGIMEN 3;CENA NORMAL 1;2026-10-07;ISLA 7;4328;AJI - CREMA DE AJI AMARILLO;16;10101036994;ACEITE VEGETAL CIELO 5 LT;0.003;0.01;BID;0.048;LT
REGIMEN 3;CENA NORMAL 1;2026-10-07;FRUTA 1;494;SANDIA;85;102020018;SANDIA;0.3;25.5;KG;25.5;KG
REGIMEN 3;CENA NORMAL 1;2026-10-07;POSTRE NORMAL 1;1428;BROWNIE;139;102080210;COBERTURA BITTER PURATOS 10 KG;0.0086;0.12;CAJ;1.195;KG
REGIMEN 3;CENA NORMAL 1;2026-10-07;POSTRE NORMAL 1;1428;BROWNIE;139;50505037205;MARGARINA LA DANESA 220 GR;0.01;6.318;POT;1.39;KG
REGIMEN 3;CENA NORMAL 1;2026-10-07;POSTRE NORMAL 1;1428;BROWNIE;139;5040231670;HUEVO LIQUIDO CONGELADO 2 KG;0.0062;0.431;PQT;0.862;KG
REGIMEN 3;CENA NORMAL 1;2026-10-07;POSTRE NORMAL 1;1428;BROWNIE;139;1010425038;AZUCAR RUBIA;0.0076;1.056;KG;1.056;KG
REGIMEN 3;CENA NORMAL 1;2026-10-07;POSTRE NORMAL 1;1428;BROWNIE;139;10208037591;PREMEZCLA INVENTIS TORTA DE CHOCOLATE INTENSO  10 KG;0.0138;0.192;SCO;1.918;KG
REGIMEN 3;CENA NORMAL 1;2026-10-07;POSTRE NORMAL 1;1428;BROWNIE;139;10205039618;PECANA PELADA VALLEALTO X  90 GR;0.0034;0.473;BOL;0.473;UND
REGIMEN 3;CENA NORMAL 1;2026-10-07;POSTRE NORMAL 1;1428;BROWNIE;139;10106037527;HARINA ESPECIAL DEL CIELO GRANEL SACO 50 KG;0.0069;0.019;SCO;0.959;KG
REGIMEN 3;CENA NORMAL 1;2026-10-07;POSTRE NORMAL 2;583;GELATINA DE PIÑA;54;10208043258;GELATINA SABOR PIÑA MACROFOOD 1KG;0.0071;0.383;BOL;0.383;KG
REGIMEN 3;CENA NORMAL 1;2026-10-07;POSTRE NORMAL 2;583;GELATINA DE PIÑA;54;33598;CAJA CHICA - AGUA PARA RECETA - CH;0.1;5.4;LT;5.4;LT
REGIMEN 3;CENA NORMAL 1;2026-10-07;BEBIDA CALIENTE 1;4085;REFRESCO INFUSION FRIA TE;556;33598;CAJA CHICA - AGUA PARA RECETA - CH;0.25;139;LT;139;LT
REGIMEN 3;CENA NORMAL 1;2026-10-07;BEBIDA CALIENTE 1;4085;REFRESCO INFUSION FRIA TE;556;1020132343;INFUSION TE NEGRO 4 ESTACIONES 50 GRM;0.0005;5.56;BOL;0.278;KG
REGIMEN 3;CENA NORMAL 1;2026-10-07;BEBIDA CALIENTE 1;4085;REFRESCO INFUSION FRIA TE;556;1010425038;AZUCAR RUBIA;0.015;8.34;KG;8.34;KG
REGIMEN GENERAL;CONSUMO FIJO FOOD;2026-10-01;CONSUMO FIJO;5088;CONSUMO FIJO;1000;6020128180;BOLSA PARA BASURA PLASTICA BLANCA 250 LT 100 UND;0.0115;0.115;PQT;11.5;UND
REGIMEN GENERAL;CONSUMO FIJO FOOD;2026-10-01;CONSUMO FIJO;5088;CONSUMO FIJO;1000;6020122004;BOLSA PLASTICA RESELLABLE 50 UNID.;0.0558;1.116;PQT;55.8;UND
REGIMEN GENERAL;CONSUMO FIJO FOOD;2026-10-01;CONSUMO FIJO;5088;CONSUMO FIJO;1000;2040236605;ESPONJA TRABAJO PESADO N.88 SCOTCH BRITE;0.0015;1.5;UND;1.5;UND
REGIMEN GENERAL;CONSUMO FIJO FOOD;2026-10-01;CONSUMO FIJO;5088;CONSUMO FIJO;1000;602040002;"STRECH FILM  DE GRADO ALIMENTARIO ROLLO 18"" X 1400 MT";0.0002;0.2;UND;0.2;UND
REGIMEN GENERAL;CONSUMO FIJO FOOD;2026-10-01;CONSUMO FIJO;5088;CONSUMO FIJO;1000;2020234174;PAPEL TOALLA AIRFLEX BLANCO BASIC SCOTT 200 MT (30242645 - 30228197);0.0015;1.5;UND;1.5;UND
REGIMEN GENERAL;CONSUMO FIJO FOOD;2026-10-01;CONSUMO FIJO;5088;CONSUMO FIJO;1000;201050003;PULVERIZADOR PLASTICO 750 ML;0.0001;0.1;UND;0.1;UND
REGIMEN GENERAL;CONSUMO FIJO FOOD;2026-10-01;CONSUMO FIJO;5088;CONSUMO FIJO;1000;60204038489;"STRECH FILM NO ALIMENTARIO PARA EMBALAJE TRANSPARENTE ROLLO 20"" 1.5 KG";0.0003;0.3;RLL;0.3;UND
REGIMEN GENERAL;CONSUMO FIJO FOOD;2026-10-01;CONSUMO FIJO;5088;CONSUMO FIJO;1000;0MELA39880;SANIT-OX FP SPARTAN 5 LITROS;0.0006;0.111;UND;0.553;LT
REGIMEN GENERAL;CONSUMO FIJO FOOD;2026-10-01;CONSUMO FIJO;5088;CONSUMO FIJO;1000;0MELA39900;FOAMING ACID CLEANER FP SPARTAN 3.875 LITROS;0.0002;0.062;GLN;0.24;LT
REGIMEN GENERAL;CONSUMO FIJO FOOD;2026-10-01;CONSUMO FIJO;5088;CONSUMO FIJO;1000;20512037262;CLORIN 7.5 - ( 5 LITROS) SPARTAN;0.0012;0.24;UND;1.202;LT
REGIMEN GENERAL;CONSUMO FIJO FOOD;2026-10-01;CONSUMO FIJO;5088;CONSUMO FIJO;1000;3020325;JOHNSON DIVERSEY SUMA NOVA 20 LT;0.0006;0.029;BID;0.577;LT
REGIMEN GENERAL;CONSUMO FIJO FOOD;2026-10-01;CONSUMO FIJO;5088;CONSUMO FIJO;1000;3020324;JOHNSON DIVERSEY SUMA CRYSTAL 20 LT;0.0005;0.026;BID;0.527;LT
REGIMEN GENERAL;CONSUMO FIJO FOOD;2026-10-01;CONSUMO FIJO;5088;CONSUMO FIJO;1000;20509039041;ALCA DETER X 4L [B2-4L];0.0002;0.048;LT;0.192;LT
REGIMEN GENERAL;CONSUMO FIJO FOOD;2026-10-01;CONSUMO FIJO;5088;CONSUMO FIJO;1000;0MELA39931;ALCOHOL GEL SPARTAN 4 LITROS COSMETICO NEUTRO;0.0004;0.096;GLN;0.384;LT
REGIMEN GENERAL;CONSUMO FIJO FOOD;2026-10-01;CONSUMO FIJO;5088;CONSUMO FIJO;1000;0MELA39928;JABÓN  ANTIBACTERIAL P/MANOS SPARTAN 4 LITROS NEUTRO;0.0002;0.06;GLN;0.24;LT
REGIMEN GENERAL;CONSUMO FIJO FOOD;2026-10-01;CONSUMO FIJO;5088;CONSUMO FIJO;1000;20518038579;POT & PAN - GARRAFA 5 LITROS -SPARTAN;0.0061;1.211;UND;6.056;LT
REGIMEN GENERAL;CONSUMO FIJO FOOD;2026-10-01;CONSUMO FIJO;5088;CONSUMO FIJO;1000;0MELA39899;WHITE CLEAN PLUS FP SPARTAN 3.875 LITROS;0;0.006;GLN;0.024;LT
REGIMEN GENERAL;CONSUMO FIJO FOOD;2026-10-01;CONSUMO FIJO;5088;CONSUMO FIJO;1000;20516042356;SUPERCLEAN FP GARRAFA - 5 LITROS - SPARTAN;0.0007;0.144;UND;0.72;LT
REGIMEN GENERAL;CONSUMO FIJO FOOD;2026-10-02;CONSUMO FIJO;5088;CONSUMO FIJO;1000;6020128180;BOLSA PARA BASURA PLASTICA BLANCA 250 LT 100 UND;0.0115;0.115;PQT;11.5;UND
REGIMEN GENERAL;CONSUMO FIJO FOOD;2026-10-02;CONSUMO FIJO;5088;CONSUMO FIJO;1000;6020122004;BOLSA PLASTICA RESELLABLE 50 UNID.;0.0558;1.116;PQT;55.8;UND
REGIMEN GENERAL;CONSUMO FIJO FOOD;2026-10-02;CONSUMO FIJO;5088;CONSUMO FIJO;1000;2040236605;ESPONJA TRABAJO PESADO N.88 SCOTCH BRITE;0.0015;1.5;UND;1.5;UND
REGIMEN GENERAL;CONSUMO FIJO FOOD;2026-10-02;CONSUMO FIJO;5088;CONSUMO FIJO;1000;602040002;"STRECH FILM  DE GRADO ALIMENTARIO ROLLO 18"" X 1400 MT";0.0002;0.2;UND;0.2;UND
REGIMEN GENERAL;CONSUMO FIJO FOOD;2026-10-02;CONSUMO FIJO;5088;CONSUMO FIJO;1000;2020234174;PAPEL TOALLA AIRFLEX BLANCO BASIC SCOTT 200 MT (30242645 - 30228197);0.0015;1.5;UND;1.5;UND
REGIMEN GENERAL;CONSUMO FIJO FOOD;2026-10-02;CONSUMO FIJO;5088;CONSUMO FIJO;1000;201050003;PULVERIZADOR PLASTICO 750 ML;0.0001;0.1;UND;0.1;UND
REGIMEN GENERAL;CONSUMO FIJO FOOD;2026-10-02;CONSUMO FIJO;5088;CONSUMO FIJO;1000;60204038489;"STRECH FILM NO ALIMENTARIO PARA EMBALAJE TRANSPARENTE ROLLO 20"" 1.5 KG";0.0003;0.3;RLL;0.3;UND
REGIMEN GENERAL;CONSUMO FIJO FOOD;2026-10-02;CONSUMO FIJO;5088;CONSUMO FIJO;1000;0MELA39880;SANIT-OX FP SPARTAN 5 LITROS;0.0006;0.111;UND;0.553;LT
REGIMEN GENERAL;CONSUMO FIJO FOOD;2026-10-02;CONSUMO FIJO;5088;CONSUMO FIJO;1000;0MELA39900;FOAMING ACID CLEANER FP SPARTAN 3.875 LITROS;0.0002;0.062;GLN;0.24;LT
REGIMEN GENERAL;CONSUMO FIJO FOOD;2026-10-02;CONSUMO FIJO;5088;CONSUMO FIJO;1000;20512037262;CLORIN 7.5 - ( 5 LITROS) SPARTAN;0.0012;0.24;UND;1.202;LT
REGIMEN GENERAL;CONSUMO FIJO FOOD;2026-10-02;CONSUMO FIJO;5088;CONSUMO FIJO;1000;3020325;JOHNSON DIVERSEY SUMA NOVA 20 LT;0.0006;0.029;BID;0.577;LT
REGIMEN GENERAL;CONSUMO FIJO FOOD;2026-10-02;CONSUMO FIJO;5088;CONSUMO FIJO;1000;3020324;JOHNSON DIVERSEY SUMA CRYSTAL 20 LT;0.0005;0.026;BID;0.527;LT
REGIMEN GENERAL;CONSUMO FIJO FOOD;2026-10-02;CONSUMO FIJO;5088;CONSUMO FIJO;1000;20509039041;ALCA DETER X 4L [B2-4L];0.0002;0.048;LT;0.192;LT
REGIMEN GENERAL;CONSUMO FIJO FOOD;2026-10-02;CONSUMO FIJO;5088;CONSUMO FIJO;1000;0MELA39931;ALCOHOL GEL SPARTAN 4 LITROS COSMETICO NEUTRO;0.0004;0.096;GLN;0.384;LT
REGIMEN GENERAL;CONSUMO FIJO FOOD;2026-10-02;CONSUMO FIJO;5088;CONSUMO FIJO;1000;0MELA39928;JABÓN  ANTIBACTERIAL P/MANOS SPARTAN 4 LITROS NEUTRO;0.0002;0.06;GLN;0.24;LT
REGIMEN GENERAL;CONSUMO FIJO FOOD;2026-10-02;CONSUMO FIJO;5088;CONSUMO FIJO;1000;20518038579;POT & PAN - GARRAFA 5 LITROS -SPARTAN;0.0061;1.211;UND;6.056;LT
REGIMEN GENERAL;CONSUMO FIJO FOOD;2026-10-02;CONSUMO FIJO;5088;CONSUMO FIJO;1000;0MELA39899;WHITE CLEAN PLUS FP SPARTAN 3.875 LITROS;0;0.006;GLN;0.024;LT
REGIMEN GENERAL;CONSUMO FIJO FOOD;2026-10-02;CONSUMO FIJO;5088;CONSUMO FIJO;1000;20516042356;SUPERCLEAN FP GARRAFA - 5 LITROS - SPARTAN;0.0007;0.144;UND;0.72;LT
REGIMEN GENERAL;CONSUMO FIJO FOOD;2026-10-03;CONSUMO FIJO;5088;CONSUMO FIJO;1000;6020128180;BOLSA PARA BASURA PLASTICA BLANCA 250 LT 100 UND;0.0115;0.115;PQT;11.5;UND
REGIMEN GENERAL;CONSUMO FIJO FOOD;2026-10-03;CONSUMO FIJO;5088;CONSUMO FIJO;1000;6020122004;BOLSA PLASTICA RESELLABLE 50 UNID.;0.0558;1.116;PQT;55.8;UND
REGIMEN GENERAL;CONSUMO FIJO FOOD;2026-10-03;CONSUMO FIJO;5088;CONSUMO FIJO;1000;2040236605;ESPONJA TRABAJO PESADO N.88 SCOTCH BRITE;0.0015;1.5;UND;1.5;UND
REGIMEN GENERAL;CONSUMO FIJO FOOD;2026-10-03;CONSUMO FIJO;5088;CONSUMO FIJO;1000;602040002;"STRECH FILM  DE GRADO ALIMENTARIO ROLLO 18"" X 1400 MT";0.0002;0.2;UND;0.2;UND
REGIMEN GENERAL;CONSUMO FIJO FOOD;2026-10-03;CONSUMO FIJO;5088;CONSUMO FIJO;1000;2020234174;PAPEL TOALLA AIRFLEX BLANCO BASIC SCOTT 200 MT (30242645 - 30228197);0.0015;1.5;UND;1.5;UND
REGIMEN GENERAL;CONSUMO FIJO FOOD;2026-10-03;CONSUMO FIJO;5088;CONSUMO FIJO;1000;201050003;PULVERIZADOR PLASTICO 750 ML;0.0001;0.1;UND;0.1;UND
REGIMEN GENERAL;CONSUMO FIJO FOOD;2026-10-03;CONSUMO FIJO;5088;CONSUMO FIJO;1000;60204038489;"STRECH FILM NO ALIMENTARIO PARA EMBALAJE TRANSPARENTE ROLLO 20"" 1.5 KG";0.0003;0.3;RLL;0.3;UND
REGIMEN GENERAL;CONSUMO FIJO FOOD;2026-10-03;CONSUMO FIJO;5088;CONSUMO FIJO;1000;0MELA39880;SANIT-OX FP SPARTAN 5 LITROS;0.0006;0.111;UND;0.553;LT
REGIMEN GENERAL;CONSUMO FIJO FOOD;2026-10-03;CONSUMO FIJO;5088;CONSUMO FIJO;1000;0MELA39900;FOAMING ACID CLEANER FP SPARTAN 3.875 LITROS;0.0002;0.062;GLN;0.24;LT
REGIMEN GENERAL;CONSUMO FIJO FOOD;2026-10-03;CONSUMO FIJO;5088;CONSUMO FIJO;1000;20512037262;CLORIN 7.5 - ( 5 LITROS) SPARTAN;0.0012;0.24;UND;1.202;LT
REGIMEN GENERAL;CONSUMO FIJO FOOD;2026-10-03;CONSUMO FIJO;5088;CONSUMO FIJO;1000;3020325;JOHNSON DIVERSEY SUMA NOVA 20 LT;0.0006;0.029;BID;0.577;LT
REGIMEN GENERAL;CONSUMO FIJO FOOD;2026-10-03;CONSUMO FIJO;5088;CONSUMO FIJO;1000;3020324;JOHNSON DIVERSEY SUMA CRYSTAL 20 LT;0.0005;0.026;BID;0.527;LT
REGIMEN GENERAL;CONSUMO FIJO FOOD;2026-10-03;CONSUMO FIJO;5088;CONSUMO FIJO;1000;20509039041;ALCA DETER X 4L [B2-4L];0.0002;0.048;LT;0.192;LT
REGIMEN GENERAL;CONSUMO FIJO FOOD;2026-10-03;CONSUMO FIJO;5088;CONSUMO FIJO;1000;0MELA39931;ALCOHOL GEL SPARTAN 4 LITROS COSMETICO NEUTRO;0.0004;0.096;GLN;0.384;LT
REGIMEN GENERAL;CONSUMO FIJO FOOD;2026-10-03;CONSUMO FIJO;5088;CONSUMO FIJO;1000;0MELA39928;JABÓN  ANTIBACTERIAL P/MANOS SPARTAN 4 LITROS NEUTRO;0.0002;0.06;GLN;0.24;LT
REGIMEN GENERAL;CONSUMO FIJO FOOD;2026-10-03;CONSUMO FIJO;5088;CONSUMO FIJO;1000;20518038579;POT & PAN - GARRAFA 5 LITROS -SPARTAN;0.0061;1.211;UND;6.056;LT
REGIMEN GENERAL;CONSUMO FIJO FOOD;2026-10-03;CONSUMO FIJO;5088;CONSUMO FIJO;1000;0MELA39899;WHITE CLEAN PLUS FP SPARTAN 3.875 LITROS;0;0.006;GLN;0.024;LT
REGIMEN GENERAL;CONSUMO FIJO FOOD;2026-10-03;CONSUMO FIJO;5088;CONSUMO FIJO;1000;20516042356;SUPERCLEAN FP GARRAFA - 5 LITROS - SPARTAN;0.0007;0.144;UND;0.72;LT
REGIMEN GENERAL;CONSUMO FIJO FOOD;2026-10-04;CONSUMO FIJO;5088;CONSUMO FIJO;1000;6020128180;BOLSA PARA BASURA PLASTICA BLANCA 250 LT 100 UND;0.0115;0.115;PQT;11.5;UND
REGIMEN GENERAL;CONSUMO FIJO FOOD;2026-10-04;CONSUMO FIJO;5088;CONSUMO FIJO;1000;6020122004;BOLSA PLASTICA RESELLABLE 50 UNID.;0.0558;1.116;PQT;55.8;UND
REGIMEN GENERAL;CONSUMO FIJO FOOD;2026-10-04;CONSUMO FIJO;5088;CONSUMO FIJO;1000;2040236605;ESPONJA TRABAJO PESADO N.88 SCOTCH BRITE;0.0015;1.5;UND;1.5;UND
REGIMEN GENERAL;CONSUMO FIJO FOOD;2026-10-04;CONSUMO FIJO;5088;CONSUMO FIJO;1000;602040002;"STRECH FILM  DE GRADO ALIMENTARIO ROLLO 18"" X 1400 MT";0.0002;0.2;UND;0.2;UND
REGIMEN GENERAL;CONSUMO FIJO FOOD;2026-10-04;CONSUMO FIJO;5088;CONSUMO FIJO;1000;2020234174;PAPEL TOALLA AIRFLEX BLANCO BASIC SCOTT 200 MT (30242645 - 30228197);0.0015;1.5;UND;1.5;UND
REGIMEN GENERAL;CONSUMO FIJO FOOD;2026-10-04;CONSUMO FIJO;5088;CONSUMO FIJO;1000;201050003;PULVERIZADOR PLASTICO 750 ML;0.0001;0.1;UND;0.1;UND
REGIMEN GENERAL;CONSUMO FIJO FOOD;2026-10-04;CONSUMO FIJO;5088;CONSUMO FIJO;1000;60204038489;"STRECH FILM NO ALIMENTARIO PARA EMBALAJE TRANSPARENTE ROLLO 20"" 1.5 KG";0.0003;0.3;RLL;0.3;UND
REGIMEN GENERAL;CONSUMO FIJO FOOD;2026-10-04;CONSUMO FIJO;5088;CONSUMO FIJO;1000;0MELA39880;SANIT-OX FP SPARTAN 5 LITROS;0.0006;0.111;UND;0.553;LT
REGIMEN GENERAL;CONSUMO FIJO FOOD;2026-10-04;CONSUMO FIJO;5088;CONSUMO FIJO;1000;0MELA39900;FOAMING ACID CLEANER FP SPARTAN 3.875 LITROS;0.0002;0.062;GLN;0.24;LT
REGIMEN GENERAL;CONSUMO FIJO FOOD;2026-10-04;CONSUMO FIJO;5088;CONSUMO FIJO;1000;20512037262;CLORIN 7.5 - ( 5 LITROS) SPARTAN;0.0012;0.24;UND;1.202;LT
REGIMEN GENERAL;CONSUMO FIJO FOOD;2026-10-04;CONSUMO FIJO;5088;CONSUMO FIJO;1000;3020325;JOHNSON DIVERSEY SUMA NOVA 20 LT;0.0006;0.029;BID;0.577;LT
REGIMEN GENERAL;CONSUMO FIJO FOOD;2026-10-04;CONSUMO FIJO;5088;CONSUMO FIJO;1000;3020324;JOHNSON DIVERSEY SUMA CRYSTAL 20 LT;0.0005;0.026;BID;0.527;LT
REGIMEN GENERAL;CONSUMO FIJO FOOD;2026-10-04;CONSUMO FIJO;5088;CONSUMO FIJO;1000;20509039041;ALCA DETER X 4L [B2-4L];0.0002;0.048;LT;0.192;LT
REGIMEN GENERAL;CONSUMO FIJO FOOD;2026-10-04;CONSUMO FIJO;5088;CONSUMO FIJO;1000;0MELA39931;ALCOHOL GEL SPARTAN 4 LITROS COSMETICO NEUTRO;0.0004;0.096;GLN;0.384;LT
REGIMEN GENERAL;CONSUMO FIJO FOOD;2026-10-04;CONSUMO FIJO;5088;CONSUMO FIJO;1000;0MELA39928;JABÓN  ANTIBACTERIAL P/MANOS SPARTAN 4 LITROS NEUTRO;0.0002;0.06;GLN;0.24;LT
REGIMEN GENERAL;CONSUMO FIJO FOOD;2026-10-04;CONSUMO FIJO;5088;CONSUMO FIJO;1000;20518038579;POT & PAN - GARRAFA 5 LITROS -SPARTAN;0.0061;1.211;UND;6.056;LT
REGIMEN GENERAL;CONSUMO FIJO FOOD;2026-10-04;CONSUMO FIJO;5088;CONSUMO FIJO;1000;0MELA39899;WHITE CLEAN PLUS FP SPARTAN 3.875 LITROS;0;0.006;GLN;0.024;LT
REGIMEN GENERAL;CONSUMO FIJO FOOD;2026-10-04;CONSUMO FIJO;5088;CONSUMO FIJO;1000;20516042356;SUPERCLEAN FP GARRAFA - 5 LITROS - SPARTAN;0.0007;0.144;UND;0.72;LT
REGIMEN GENERAL;CONSUMO FIJO FOOD;2026-10-05;CONSUMO FIJO;5088;CONSUMO FIJO;1000;6020128180;BOLSA PARA BASURA PLASTICA BLANCA 250 LT 100 UND;0.0115;0.115;PQT;11.5;UND
REGIMEN GENERAL;CONSUMO FIJO FOOD;2026-10-05;CONSUMO FIJO;5088;CONSUMO FIJO;1000;6020122004;BOLSA PLASTICA RESELLABLE 50 UNID.;0.0558;1.116;PQT;55.8;UND
REGIMEN GENERAL;CONSUMO FIJO FOOD;2026-10-05;CONSUMO FIJO;5088;CONSUMO FIJO;1000;2040236605;ESPONJA TRABAJO PESADO N.88 SCOTCH BRITE;0.0015;1.5;UND;1.5;UND
REGIMEN GENERAL;CONSUMO FIJO FOOD;2026-10-05;CONSUMO FIJO;5088;CONSUMO FIJO;1000;602040002;"STRECH FILM  DE GRADO ALIMENTARIO ROLLO 18"" X 1400 MT";0.0002;0.2;UND;0.2;UND
REGIMEN GENERAL;CONSUMO FIJO FOOD;2026-10-05;CONSUMO FIJO;5088;CONSUMO FIJO;1000;2020234174;PAPEL TOALLA AIRFLEX BLANCO BASIC SCOTT 200 MT (30242645 - 30228197);0.0015;1.5;UND;1.5;UND
REGIMEN GENERAL;CONSUMO FIJO FOOD;2026-10-05;CONSUMO FIJO;5088;CONSUMO FIJO;1000;201050003;PULVERIZADOR PLASTICO 750 ML;0.0001;0.1;UND;0.1;UND
REGIMEN GENERAL;CONSUMO FIJO FOOD;2026-10-05;CONSUMO FIJO;5088;CONSUMO FIJO;1000;60204038489;"STRECH FILM NO ALIMENTARIO PARA EMBALAJE TRANSPARENTE ROLLO 20"" 1.5 KG";0.0003;0.3;RLL;0.3;UND
REGIMEN GENERAL;CONSUMO FIJO FOOD;2026-10-05;CONSUMO FIJO;5088;CONSUMO FIJO;1000;0MELA39880;SANIT-OX FP SPARTAN 5 LITROS;0.0006;0.111;UND;0.553;LT
REGIMEN GENERAL;CONSUMO FIJO FOOD;2026-10-05;CONSUMO FIJO;5088;CONSUMO FIJO;1000;0MELA39900;FOAMING ACID CLEANER FP SPARTAN 3.875 LITROS;0.0002;0.062;GLN;0.24;LT
REGIMEN GENERAL;CONSUMO FIJO FOOD;2026-10-05;CONSUMO FIJO;5088;CONSUMO FIJO;1000;20512037262;CLORIN 7.5 - ( 5 LITROS) SPARTAN;0.0012;0.24;UND;1.202;LT
REGIMEN GENERAL;CONSUMO FIJO FOOD;2026-10-05;CONSUMO FIJO;5088;CONSUMO FIJO;1000;3020325;JOHNSON DIVERSEY SUMA NOVA 20 LT;0.0006;0.029;BID;0.577;LT
REGIMEN GENERAL;CONSUMO FIJO FOOD;2026-10-05;CONSUMO FIJO;5088;CONSUMO FIJO;1000;3020324;JOHNSON DIVERSEY SUMA CRYSTAL 20 LT;0.0005;0.026;BID;0.527;LT
REGIMEN GENERAL;CONSUMO FIJO FOOD;2026-10-05;CONSUMO FIJO;5088;CONSUMO FIJO;1000;20509039041;ALCA DETER X 4L [B2-4L];0.0002;0.048;LT;0.192;LT
REGIMEN GENERAL;CONSUMO FIJO FOOD;2026-10-05;CONSUMO FIJO;5088;CONSUMO FIJO;1000;0MELA39931;ALCOHOL GEL SPARTAN 4 LITROS COSMETICO NEUTRO;0.0004;0.096;GLN;0.384;LT
REGIMEN GENERAL;CONSUMO FIJO FOOD;2026-10-05;CONSUMO FIJO;5088;CONSUMO FIJO;1000;0MELA39928;JABÓN  ANTIBACTERIAL P/MANOS SPARTAN 4 LITROS NEUTRO;0.0002;0.06;GLN;0.24;LT
REGIMEN GENERAL;CONSUMO FIJO FOOD;2026-10-05;CONSUMO FIJO;5088;CONSUMO FIJO;1000;20518038579;POT & PAN - GARRAFA 5 LITROS -SPARTAN;0.0061;1.211;UND;6.056;LT
REGIMEN GENERAL;CONSUMO FIJO FOOD;2026-10-05;CONSUMO FIJO;5088;CONSUMO FIJO;1000;0MELA39899;WHITE CLEAN PLUS FP SPARTAN 3.875 LITROS;0;0.006;GLN;0.024;LT
REGIMEN GENERAL;CONSUMO FIJO FOOD;2026-10-05;CONSUMO FIJO;5088;CONSUMO FIJO;1000;20516042356;SUPERCLEAN FP GARRAFA - 5 LITROS - SPARTAN;0.0007;0.144;UND;0.72;LT
REGIMEN GENERAL;CONSUMO FIJO FOOD;2026-10-06;CONSUMO FIJO;5088;CONSUMO FIJO;1000;6020128180;BOLSA PARA BASURA PLASTICA BLANCA 250 LT 100 UND;0.0115;0.115;PQT;11.5;UND
REGIMEN GENERAL;CONSUMO FIJO FOOD;2026-10-06;CONSUMO FIJO;5088;CONSUMO FIJO;1000;6020122004;BOLSA PLASTICA RESELLABLE 50 UNID.;0.0558;1.116;PQT;55.8;UND
REGIMEN GENERAL;CONSUMO FIJO FOOD;2026-10-06;CONSUMO FIJO;5088;CONSUMO FIJO;1000;2040236605;ESPONJA TRABAJO PESADO N.88 SCOTCH BRITE;0.0015;1.5;UND;1.5;UND
REGIMEN GENERAL;CONSUMO FIJO FOOD;2026-10-06;CONSUMO FIJO;5088;CONSUMO FIJO;1000;602040002;"STRECH FILM  DE GRADO ALIMENTARIO ROLLO 18"" X 1400 MT";0.0002;0.2;UND;0.2;UND
REGIMEN GENERAL;CONSUMO FIJO FOOD;2026-10-06;CONSUMO FIJO;5088;CONSUMO FIJO;1000;2020234174;PAPEL TOALLA AIRFLEX BLANCO BASIC SCOTT 200 MT (30242645 - 30228197);0.0015;1.5;UND;1.5;UND
REGIMEN GENERAL;CONSUMO FIJO FOOD;2026-10-06;CONSUMO FIJO;5088;CONSUMO FIJO;1000;201050003;PULVERIZADOR PLASTICO 750 ML;0.0001;0.1;UND;0.1;UND
REGIMEN GENERAL;CONSUMO FIJO FOOD;2026-10-06;CONSUMO FIJO;5088;CONSUMO FIJO;1000;60204038489;"STRECH FILM NO ALIMENTARIO PARA EMBALAJE TRANSPARENTE ROLLO 20"" 1.5 KG";0.0003;0.3;RLL;0.3;UND
REGIMEN GENERAL;CONSUMO FIJO FOOD;2026-10-06;CONSUMO FIJO;5088;CONSUMO FIJO;1000;0MELA39880;SANIT-OX FP SPARTAN 5 LITROS;0.0006;0.111;UND;0.553;LT
REGIMEN GENERAL;CONSUMO FIJO FOOD;2026-10-06;CONSUMO FIJO;5088;CONSUMO FIJO;1000;0MELA39900;FOAMING ACID CLEANER FP SPARTAN 3.875 LITROS;0.0002;0.062;GLN;0.24;LT
REGIMEN GENERAL;CONSUMO FIJO FOOD;2026-10-06;CONSUMO FIJO;5088;CONSUMO FIJO;1000;20512037262;CLORIN 7.5 - ( 5 LITROS) SPARTAN;0.0012;0.24;UND;1.202;LT
REGIMEN GENERAL;CONSUMO FIJO FOOD;2026-10-06;CONSUMO FIJO;5088;CONSUMO FIJO;1000;3020325;JOHNSON DIVERSEY SUMA NOVA 20 LT;0.0006;0.029;BID;0.577;LT
REGIMEN GENERAL;CONSUMO FIJO FOOD;2026-10-06;CONSUMO FIJO;5088;CONSUMO FIJO;1000;3020324;JOHNSON DIVERSEY SUMA CRYSTAL 20 LT;0.0005;0.026;BID;0.527;LT
REGIMEN GENERAL;CONSUMO FIJO FOOD;2026-10-06;CONSUMO FIJO;5088;CONSUMO FIJO;1000;20509039041;ALCA DETER X 4L [B2-4L];0.0002;0.048;LT;0.192;LT
REGIMEN GENERAL;CONSUMO FIJO FOOD;2026-10-06;CONSUMO FIJO;5088;CONSUMO FIJO;1000;0MELA39931;ALCOHOL GEL SPARTAN 4 LITROS COSMETICO NEUTRO;0.0004;0.096;GLN;0.384;LT
REGIMEN GENERAL;CONSUMO FIJO FOOD;2026-10-06;CONSUMO FIJO;5088;CONSUMO FIJO;1000;0MELA39928;JABÓN  ANTIBACTERIAL P/MANOS SPARTAN 4 LITROS NEUTRO;0.0002;0.06;GLN;0.24;LT
REGIMEN GENERAL;CONSUMO FIJO FOOD;2026-10-06;CONSUMO FIJO;5088;CONSUMO FIJO;1000;20518038579;POT & PAN - GARRAFA 5 LITROS -SPARTAN;0.0061;1.211;UND;6.056;LT
REGIMEN GENERAL;CONSUMO FIJO FOOD;2026-10-06;CONSUMO FIJO;5088;CONSUMO FIJO;1000;0MELA39899;WHITE CLEAN PLUS FP SPARTAN 3.875 LITROS;0;0.006;GLN;0.024;LT
REGIMEN GENERAL;CONSUMO FIJO FOOD;2026-10-06;CONSUMO FIJO;5088;CONSUMO FIJO;1000;20516042356;SUPERCLEAN FP GARRAFA - 5 LITROS - SPARTAN;0.0007;0.144;UND;0.72;LT
REGIMEN GENERAL;CONSUMO FIJO FOOD;2026-10-07;CONSUMO FIJO;5088;CONSUMO FIJO;1000;6020128180;BOLSA PARA BASURA PLASTICA BLANCA 250 LT 100 UND;0.0115;0.115;PQT;11.5;UND
REGIMEN GENERAL;CONSUMO FIJO FOOD;2026-10-07;CONSUMO FIJO;5088;CONSUMO FIJO;1000;6020122004;BOLSA PLASTICA RESELLABLE 50 UNID.;0.0558;1.116;PQT;55.8;UND
REGIMEN GENERAL;CONSUMO FIJO FOOD;2026-10-07;CONSUMO FIJO;5088;CONSUMO FIJO;1000;2040236605;ESPONJA TRABAJO PESADO N.88 SCOTCH BRITE;0.0015;1.5;UND;1.5;UND
REGIMEN GENERAL;CONSUMO FIJO FOOD;2026-10-07;CONSUMO FIJO;5088;CONSUMO FIJO;1000;602040002;"STRECH FILM  DE GRADO ALIMENTARIO ROLLO 18"" X 1400 MT";0.0002;0.2;UND;0.2;UND
REGIMEN GENERAL;CONSUMO FIJO FOOD;2026-10-07;CONSUMO FIJO;5088;CONSUMO FIJO;1000;2020234174;PAPEL TOALLA AIRFLEX BLANCO BASIC SCOTT 200 MT (30242645 - 30228197);0.0015;1.5;UND;1.5;UND
REGIMEN GENERAL;CONSUMO FIJO FOOD;2026-10-07;CONSUMO FIJO;5088;CONSUMO FIJO;1000;201050003;PULVERIZADOR PLASTICO 750 ML;0.0001;0.1;UND;0.1;UND
REGIMEN GENERAL;CONSUMO FIJO FOOD;2026-10-07;CONSUMO FIJO;5088;CONSUMO FIJO;1000;60204038489;"STRECH FILM NO ALIMENTARIO PARA EMBALAJE TRANSPARENTE ROLLO 20"" 1.5 KG";0.0003;0.3;RLL;0.3;UND
REGIMEN GENERAL;CONSUMO FIJO FOOD;2026-10-07;CONSUMO FIJO;5088;CONSUMO FIJO;1000;0MELA39880;SANIT-OX FP SPARTAN 5 LITROS;0.0006;0.111;UND;0.553;LT
REGIMEN GENERAL;CONSUMO FIJO FOOD;2026-10-07;CONSUMO FIJO;5088;CONSUMO FIJO;1000;0MELA39900;FOAMING ACID CLEANER FP SPARTAN 3.875 LITROS;0.0002;0.062;GLN;0.24;LT
REGIMEN GENERAL;CONSUMO FIJO FOOD;2026-10-07;CONSUMO FIJO;5088;CONSUMO FIJO;1000;20512037262;CLORIN 7.5 - ( 5 LITROS) SPARTAN;0.0012;0.24;UND;1.202;LT
REGIMEN GENERAL;CONSUMO FIJO FOOD;2026-10-07;CONSUMO FIJO;5088;CONSUMO FIJO;1000;3020325;JOHNSON DIVERSEY SUMA NOVA 20 LT;0.0006;0.029;BID;0.577;LT
REGIMEN GENERAL;CONSUMO FIJO FOOD;2026-10-07;CONSUMO FIJO;5088;CONSUMO FIJO;1000;3020324;JOHNSON DIVERSEY SUMA CRYSTAL 20 LT;0.0005;0.026;BID;0.527;LT
REGIMEN GENERAL;CONSUMO FIJO FOOD;2026-10-07;CONSUMO FIJO;5088;CONSUMO FIJO;1000;20509039041;ALCA DETER X 4L [B2-4L];0.0002;0.048;LT;0.192;LT
REGIMEN GENERAL;CONSUMO FIJO FOOD;2026-10-07;CONSUMO FIJO;5088;CONSUMO FIJO;1000;0MELA39931;ALCOHOL GEL SPARTAN 4 LITROS COSMETICO NEUTRO;0.0004;0.096;GLN;0.384;LT
REGIMEN GENERAL;CONSUMO FIJO FOOD;2026-10-07;CONSUMO FIJO;5088;CONSUMO FIJO;1000;0MELA39928;JABÓN  ANTIBACTERIAL P/MANOS SPARTAN 4 LITROS NEUTRO;0.0002;0.06;GLN;0.24;LT
REGIMEN GENERAL;CONSUMO FIJO FOOD;2026-10-07;CONSUMO FIJO;5088;CONSUMO FIJO;1000;20518038579;POT & PAN - GARRAFA 5 LITROS -SPARTAN;0.0061;1.211;UND;6.056;LT
REGIMEN GENERAL;CONSUMO FIJO FOOD;2026-10-07;CONSUMO FIJO;5088;CONSUMO FIJO;1000;0MELA39899;WHITE CLEAN PLUS FP SPARTAN 3.875 LITROS;0;0.006;GLN;0.024;LT
REGIMEN GENERAL;CONSUMO FIJO FOOD;2026-10-07;CONSUMO FIJO;5088;CONSUMO FIJO;1000;20516042356;SUPERCLEAN FP GARRAFA - 5 LITROS - SPARTAN;0.0007;0.144;UND;0.72;LT
REGIMEN GENERAL;CONSUMO FIJO TGM;2026-10-01;EPP 1;6142;TOCAS, GUANTES Y MASCARILLA;1;0MELA42738;TOCA SOFT BLANCA ISUD 12 GR DOS LIGAS X100UND;50;0.5;PQT;50;UND
REGIMEN GENERAL;CONSUMO FIJO TGM;2026-10-01;EPP 1;6142;TOCAS, GUANTES Y MASCARILLA;1;0MELA41691;GUANTE DE NITRILO LIBRE DE POLVO AZUL R&G CAJA X 100 PARES T M;120;1.2;CAJ;120;UND
REGIMEN GENERAL;CONSUMO FIJO TGM;2026-10-01;EPP 1;6142;TOCAS, GUANTES Y MASCARILLA;1;0MELA41692;GUANTE DE NITRILO LIBRE DE POLVO AZUL R&G CAJA X 100 PARES T L;120;1.2;CAJ;120;UND
REGIMEN GENERAL;CONSUMO FIJO TGM;2026-10-01;EPP 1;6142;TOCAS, GUANTES Y MASCARILLA;1;6040336212;MASCARILLA 3 PLIEGUES FACE MASK CJ X 50 UND;50;1;PQT;50;UND
REGIMEN GENERAL;CONSUMO FIJO TGM;2026-10-01;EPP 1;6142;TOCAS, GUANTES Y MASCARILLA;1;0MELA42737;TOCA TIPO MEDIA CAMPANA 12 GR ISUD X100UND;38;0.38;PQT;38;UND
REGIMEN GENERAL;CONSUMO FIJO TGM;2026-10-02;EPP 1;6142;TOCAS, GUANTES Y MASCARILLA;1;0MELA42738;TOCA SOFT BLANCA ISUD 12 GR DOS LIGAS X100UND;50;0.5;PQT;50;UND
REGIMEN GENERAL;CONSUMO FIJO TGM;2026-10-02;EPP 1;6142;TOCAS, GUANTES Y MASCARILLA;1;0MELA41691;GUANTE DE NITRILO LIBRE DE POLVO AZUL R&G CAJA X 100 PARES T M;120;1.2;CAJ;120;UND
REGIMEN GENERAL;CONSUMO FIJO TGM;2026-10-02;EPP 1;6142;TOCAS, GUANTES Y MASCARILLA;1;0MELA41692;GUANTE DE NITRILO LIBRE DE POLVO AZUL R&G CAJA X 100 PARES T L;120;1.2;CAJ;120;UND
REGIMEN GENERAL;CONSUMO FIJO TGM;2026-10-02;EPP 1;6142;TOCAS, GUANTES Y MASCARILLA;1;6040336212;MASCARILLA 3 PLIEGUES FACE MASK CJ X 50 UND;50;1;PQT;50;UND
REGIMEN GENERAL;CONSUMO FIJO TGM;2026-10-02;EPP 1;6142;TOCAS, GUANTES Y MASCARILLA;1;0MELA42737;TOCA TIPO MEDIA CAMPANA 12 GR ISUD X100UND;38;0.38;PQT;38;UND
REGIMEN GENERAL;CONSUMO FIJO TGM;2026-10-03;EPP 1;6142;TOCAS, GUANTES Y MASCARILLA;1;0MELA42738;TOCA SOFT BLANCA ISUD 12 GR DOS LIGAS X100UND;50;0.5;PQT;50;UND
REGIMEN GENERAL;CONSUMO FIJO TGM;2026-10-03;EPP 1;6142;TOCAS, GUANTES Y MASCARILLA;1;0MELA41691;GUANTE DE NITRILO LIBRE DE POLVO AZUL R&G CAJA X 100 PARES T M;120;1.2;CAJ;120;UND
REGIMEN GENERAL;CONSUMO FIJO TGM;2026-10-03;EPP 1;6142;TOCAS, GUANTES Y MASCARILLA;1;0MELA41692;GUANTE DE NITRILO LIBRE DE POLVO AZUL R&G CAJA X 100 PARES T L;120;1.2;CAJ;120;UND
REGIMEN GENERAL;CONSUMO FIJO TGM;2026-10-03;EPP 1;6142;TOCAS, GUANTES Y MASCARILLA;1;6040336212;MASCARILLA 3 PLIEGUES FACE MASK CJ X 50 UND;50;1;PQT;50;UND
REGIMEN GENERAL;CONSUMO FIJO TGM;2026-10-03;EPP 1;6142;TOCAS, GUANTES Y MASCARILLA;1;0MELA42737;TOCA TIPO MEDIA CAMPANA 12 GR ISUD X100UND;38;0.38;PQT;38;UND
REGIMEN GENERAL;CONSUMO FIJO TGM;2026-10-04;EPP 1;6142;TOCAS, GUANTES Y MASCARILLA;1;0MELA42738;TOCA SOFT BLANCA ISUD 12 GR DOS LIGAS X100UND;50;0.5;PQT;50;UND
REGIMEN GENERAL;CONSUMO FIJO TGM;2026-10-04;EPP 1;6142;TOCAS, GUANTES Y MASCARILLA;1;0MELA41691;GUANTE DE NITRILO LIBRE DE POLVO AZUL R&G CAJA X 100 PARES T M;120;1.2;CAJ;120;UND
REGIMEN GENERAL;CONSUMO FIJO TGM;2026-10-04;EPP 1;6142;TOCAS, GUANTES Y MASCARILLA;1;0MELA41692;GUANTE DE NITRILO LIBRE DE POLVO AZUL R&G CAJA X 100 PARES T L;120;1.2;CAJ;120;UND
REGIMEN GENERAL;CONSUMO FIJO TGM;2026-10-04;EPP 1;6142;TOCAS, GUANTES Y MASCARILLA;1;6040336212;MASCARILLA 3 PLIEGUES FACE MASK CJ X 50 UND;50;1;PQT;50;UND
REGIMEN GENERAL;CONSUMO FIJO TGM;2026-10-04;EPP 1;6142;TOCAS, GUANTES Y MASCARILLA;1;0MELA42737;TOCA TIPO MEDIA CAMPANA 12 GR ISUD X100UND;38;0.38;PQT;38;UND
REGIMEN GENERAL;CONSUMO FIJO TGM;2026-10-05;EPP 1;6142;TOCAS, GUANTES Y MASCARILLA;1;0MELA42738;TOCA SOFT BLANCA ISUD 12 GR DOS LIGAS X100UND;50;0.5;PQT;50;UND
REGIMEN GENERAL;CONSUMO FIJO TGM;2026-10-05;EPP 1;6142;TOCAS, GUANTES Y MASCARILLA;1;0MELA41691;GUANTE DE NITRILO LIBRE DE POLVO AZUL R&G CAJA X 100 PARES T M;120;1.2;CAJ;120;UND
REGIMEN GENERAL;CONSUMO FIJO TGM;2026-10-05;EPP 1;6142;TOCAS, GUANTES Y MASCARILLA;1;0MELA41692;GUANTE DE NITRILO LIBRE DE POLVO AZUL R&G CAJA X 100 PARES T L;120;1.2;CAJ;120;UND
REGIMEN GENERAL;CONSUMO FIJO TGM;2026-10-05;EPP 1;6142;TOCAS, GUANTES Y MASCARILLA;1;6040336212;MASCARILLA 3 PLIEGUES FACE MASK CJ X 50 UND;50;1;PQT;50;UND
REGIMEN GENERAL;CONSUMO FIJO TGM;2026-10-05;EPP 1;6142;TOCAS, GUANTES Y MASCARILLA;1;0MELA42737;TOCA TIPO MEDIA CAMPANA 12 GR ISUD X100UND;38;0.38;PQT;38;UND
REGIMEN GENERAL;CONSUMO FIJO TGM;2026-10-06;EPP 1;6142;TOCAS, GUANTES Y MASCARILLA;1;0MELA42738;TOCA SOFT BLANCA ISUD 12 GR DOS LIGAS X100UND;50;0.5;PQT;50;UND
REGIMEN GENERAL;CONSUMO FIJO TGM;2026-10-06;EPP 1;6142;TOCAS, GUANTES Y MASCARILLA;1;0MELA41691;GUANTE DE NITRILO LIBRE DE POLVO AZUL R&G CAJA X 100 PARES T M;120;1.2;CAJ;120;UND
REGIMEN GENERAL;CONSUMO FIJO TGM;2026-10-06;EPP 1;6142;TOCAS, GUANTES Y MASCARILLA;1;0MELA41692;GUANTE DE NITRILO LIBRE DE POLVO AZUL R&G CAJA X 100 PARES T L;120;1.2;CAJ;120;UND
REGIMEN GENERAL;CONSUMO FIJO TGM;2026-10-06;EPP 1;6142;TOCAS, GUANTES Y MASCARILLA;1;6040336212;MASCARILLA 3 PLIEGUES FACE MASK CJ X 50 UND;50;1;PQT;50;UND
REGIMEN GENERAL;CONSUMO FIJO TGM;2026-10-06;EPP 1;6142;TOCAS, GUANTES Y MASCARILLA;1;0MELA42737;TOCA TIPO MEDIA CAMPANA 12 GR ISUD X100UND;38;0.38;PQT;38;UND
REGIMEN GENERAL;CONSUMO FIJO TGM;2026-10-07;EPP 1;6142;TOCAS, GUANTES Y MASCARILLA;1;0MELA42738;TOCA SOFT BLANCA ISUD 12 GR DOS LIGAS X100UND;50;0.5;PQT;50;UND
REGIMEN GENERAL;CONSUMO FIJO TGM;2026-10-07;EPP 1;6142;TOCAS, GUANTES Y MASCARILLA;1;0MELA41691;GUANTE DE NITRILO LIBRE DE POLVO AZUL R&G CAJA X 100 PARES T M;120;1.2;CAJ;120;UND
REGIMEN GENERAL;CONSUMO FIJO TGM;2026-10-07;EPP 1;6142;TOCAS, GUANTES Y MASCARILLA;1;0MELA41692;GUANTE DE NITRILO LIBRE DE POLVO AZUL R&G CAJA X 100 PARES T L;120;1.2;CAJ;120;UND
REGIMEN GENERAL;CONSUMO FIJO TGM;2026-10-07;EPP 1;6142;TOCAS, GUANTES Y MASCARILLA;1;6040336212;MASCARILLA 3 PLIEGUES FACE MASK CJ X 50 UND;50;1;PQT;50;UND
REGIMEN GENERAL;CONSUMO FIJO TGM;2026-10-07;EPP 1;6142;TOCAS, GUANTES Y MASCARILLA;1;0MELA42737;TOCA TIPO MEDIA CAMPANA 12 GR ISUD X100UND;38;0.38;PQT;38;UND
