receta_codigo;receta_nombre;categoria;fuente;rendimiento;ingrediente;unidad;cantidad;tecnica;instrucciones
F00001;ACEITUNA NEGRA;GUARN OTROS;FICHA;1;ACEITUNA NEGRA;KG;0.020000;;1. Servir.
F00004;AJIACO DE OLLUCO;GUARN TUBERCULOS;FICHA;1;ACEITE VEGETAL;L;0.005000;;"1. Hacer un aderezo, aceite, cebolla, ajo, ají panca, comino,  agregar el olluco, la papa, bouquet de huacatay, agua y dejar cocinar.
2. Cuando ya este cocido el olluco y la papa, retirar el huacatay. Condimentar con sal, pimienta.
3. Finalmente agregar la leche, queso fresco.
4. Servir el ajiaco con perejil picado."
F00004;AJIACO DE OLLUCO;GUARN TUBERCULOS;FICHA;1;QUESO FRESCO REFRIGERADO;KG;0.010000;Cubos medianos;
F00004;AJIACO DE OLLUCO;GUARN TUBERCULOS;FICHA;1;PIMIENTA NEGRA MOLIDA;KG;0.000120;;
F00004;AJIACO DE OLLUCO;GUARN TUBERCULOS;FICHA;1;SAL DE COCINA;KG;0.003000;;
F00004;AJIACO DE OLLUCO;GUARN TUBERCULOS;FICHA;1;AJO MOLIDO ENVASADO;KG;0.003000;;
F00004;AJIACO DE OLLUCO;GUARN TUBERCULOS;FICHA;1;CEBOLLA ROJA REFRIGERADA;KG;0.015000;Brunoise;
F00004;AJIACO DE OLLUCO;GUARN TUBERCULOS;FICHA;1;OLLUCO ENTERO REFRIGERADO;KG;0.060000;Mirepoix;
F00004;AJIACO DE OLLUCO;GUARN TUBERCULOS;FICHA;1;AJI PANCA MOLIDO ENVASADO;KG;0.003000;;
F00004;AJIACO DE OLLUCO;GUARN TUBERCULOS;FICHA;1;PEREJIL LIZO REFRIGERADO;KG;0.003000;Picado;
F00004;AJIACO DE OLLUCO;GUARN TUBERCULOS;FICHA;1;PAPA BLANCA REFRIGERADO;KG;0.030000;Mirepoix;
F00004;AJIACO DE OLLUCO;GUARN TUBERCULOS;FICHA;1;LECHE EVAPORADA TETRA;L;0.010000;;
F00004;AJIACO DE OLLUCO;GUARN TUBERCULOS;FICHA;1;HUACATAY REFRIGERADO;KG;0.003000;Bouquet;
F00004;AJIACO DE OLLUCO;GUARN TUBERCULOS;FICHA;1;COMINO MOLIDO;KG;0.000060;;
F00004;AJIACO DE OLLUCO;GUARN TUBERCULOS;FICHA;1;AGUA PARA RECETA;L;0.020000;;
F00005;AJIACO DE PAPA;GUARN TUBERCULOS;FICHA;1;ACEITE VEGETAL;L;0.005000;;"1. Hacer un aderezo, aceite, cebolla, ajo, ají amarillo, pimienta, sal, comino, orégano, agregar la papa cocinar.
2. Finalmente agregar la leche, queso fresco .
3. Servir el ajiaco con huacatay picado."
F00005;AJIACO DE PAPA;GUARN TUBERCULOS;FICHA;1;AJO MOLIDO ENVASADO;KG;0.003000;;
F00005;AJIACO DE PAPA;GUARN TUBERCULOS;FICHA;1;CEBOLLA ROJA REFRIGERADA;KG;0.015000;Brunoise;
F00005;AJIACO DE PAPA;GUARN TUBERCULOS;FICHA;1;AJI AMARILLO MOLIDO ENVASADO;KG;0.003000;;
F00005;AJIACO DE PAPA;GUARN TUBERCULOS;FICHA;1;PIMIENTA NEGRA MOLIDA;KG;0.000120;;
F00005;AJIACO DE PAPA;GUARN TUBERCULOS;FICHA;1;COMINO MOLIDO;KG;0.000060;;
F00005;AJIACO DE PAPA;GUARN TUBERCULOS;FICHA;1;OREGANO ENTERO;KG;0.000120;;
F00005;AJIACO DE PAPA;GUARN TUBERCULOS;FICHA;1;SAL DE COCINA;KG;0.003000;;
F00005;AJIACO DE PAPA;GUARN TUBERCULOS;FICHA;1;PAPA BLANCA REFRIGERADO;KG;0.120000;Trozar;
F00005;AJIACO DE PAPA;GUARN TUBERCULOS;FICHA;1;QUESO FRESCO REFRIGERADO;KG;0.010000;Cubos medianos;
F00005;AJIACO DE PAPA;GUARN TUBERCULOS;FICHA;1;LECHE EVAPORADA TETRA;L;0.010000;;
F00005;AJIACO DE PAPA;GUARN TUBERCULOS;FICHA;1;HUACATAY REFRIGERADO;KG;0.003000;Picado fino;
F00005;AJIACO DE PAPA;GUARN TUBERCULOS;FICHA;1;AGUA PARA RECETA;L;0.020000;;
F00054;YUCA DORADA;GUARN TUBERCULOS;FICHA;1;YUCA AMARILLA REFRIGERADO;KG;0.120000;Sancochado y En cuartos;"1, Sancochar la yuca en agua con sal.
2. Freir en aceite vegetal, sazonar con sal y pimienta."
F00054;YUCA DORADA;GUARN TUBERCULOS;FICHA;1;SAL DE COCINA;KG;0.002000;;
F00054;YUCA DORADA;GUARN TUBERCULOS;FICHA;1;ACEITE VEGETAL;L;0.010000;;
F00054;YUCA DORADA;GUARN TUBERCULOS;FICHA;1;PIMIENTA NEGRA MOLIDA;KG;0.000120;;
F00071;PAPA A LA CREMA DE PIMIENTO - GUAR;GUARN TUBERCULOS;FICHA;1;LECHE EVAPORADA TETRA;L;0.015000;;"1. Sancochar la papa en agua con sal; Enfriar y cortar en rodajas.
2. Saltear en aceite vegetal la cebolla con el pimiento y ajo; Agregar la leche, sal, pimienta, queso fresco, galleta y agua; Licuar.
3. Servir la papa con la salsa."
F00071;PAPA A LA CREMA DE PIMIENTO - GUAR;GUARN TUBERCULOS;FICHA;1;QUESO FRESCO REFRIGERADO;KG;0.010000;Mirepoix;
F00071;PAPA A LA CREMA DE PIMIENTO - GUAR;GUARN TUBERCULOS;FICHA;1;SAL DE COCINA;KG;0.002000;;
F00071;PAPA A LA CREMA DE PIMIENTO - GUAR;GUARN TUBERCULOS;FICHA;1;AJO MOLIDO ENVASADO;KG;0.001000;;
F00071;PAPA A LA CREMA DE PIMIENTO - GUAR;GUARN TUBERCULOS;FICHA;1;AGUA PARA RECETA;L;0.010000;;
F00071;PAPA A LA CREMA DE PIMIENTO - GUAR;GUARN TUBERCULOS;FICHA;1;PIMIENTO ROJO REFRIGERADO;KG;0.040000;Mirepoix;
F00071;PAPA A LA CREMA DE PIMIENTO - GUAR;GUARN TUBERCULOS;FICHA;1;GALLETA DE SODA KG;KG;0.010000;;
F00071;PAPA A LA CREMA DE PIMIENTO - GUAR;GUARN TUBERCULOS;FICHA;1;PAPA BLANCA REFRIGERADO;KG;0.100000;Sancochado, Rodajas;
F00071;PAPA A LA CREMA DE PIMIENTO - GUAR;GUARN TUBERCULOS;FICHA;1;CEBOLLA ROJA REFRIGERADA;KG;0.005000;Mirepoix;
F00071;PAPA A LA CREMA DE PIMIENTO - GUAR;GUARN TUBERCULOS;FICHA;1;ACEITE VEGETAL;L;0.003000;;
F00122;HOT DOG;GUARN OTROS;FICHA;1;SALCHICHA HOT DOG CONGELADO;KG;0.050000;;1. En la plancha calentar aceite y freír el hot dog. Servir.
F00122;HOT DOG;GUARN OTROS;FICHA;1;ACEITE VEGETAL;L;0.003000;;
F00124;HUEVOS REVUELTOS;GUARN OTROS;FICHA;1;ACEITE VEGETAL;L;0.005000;;"1. En un bowl, cascar los huevos, condimentar con sal, pimienta y agregar leche. Batir.
2. En una sartén calentar aceite, agregar el huevo batido y revolver
3. Servir."
F00124;HUEVOS REVUELTOS;GUARN OTROS;FICHA;1;HUEVO ROSADO REFRIGERADO;KG;0.120000;;
F00124;HUEVOS REVUELTOS;GUARN OTROS;FICHA;1;SAL DE COCINA;KG;0.002000;;
F00124;HUEVOS REVUELTOS;GUARN OTROS;FICHA;1;LECHE EVAPORADA TETRA;L;0.005000;;
F00124;HUEVOS REVUELTOS;GUARN OTROS;FICHA;1;PIMIENTA NEGRA MOLIDA;KG;0.000120;;
F00125;HUEVOS A LA ORDEN;GUARN OTROS;FICHA;1;ACEITE VEGETAL;L;0.015000;;1. Freír en aceite caliente y agregar sal.
F00125;HUEVOS A LA ORDEN;GUARN OTROS;FICHA;1;HUEVO ROSADO REFRIGERADO;KG;0.120000;;
F00125;HUEVOS A LA ORDEN;GUARN OTROS;FICHA;1;SAL DE COCINA;KG;0.002000;;
F00134;CHORIZO;GUARN OTROS;FICHA;1;CHORIZO PARRILLERO CONGELADO;KG;0.100000;;1. Calentar el aceite y freír el chorizo a la parrilla.
F00134;CHORIZO;GUARN OTROS;FICHA;1;ACEITE VEGETAL;L;0.003000;;
F00175;AVENA;BEB CALIENTES;FICHA;1;CANELA ENTERA;KG;0.000120;;"1. Disolver la avena en agua fría.
2. Llevar a cocción con canela y clavo de olor.
3. Endulzar con azúcar. Servir."
F00175;AVENA;BEB CALIENTES;FICHA;1;CLAVO DE OLOR ENTERO;KG;0.000060;;
F00175;AVENA;BEB CALIENTES;FICHA;1;AZUCAR RUBIA;KG;0.020000;;
F00175;AVENA;BEB CALIENTES;FICHA;1;AVENA;KG;0.012000;;
F00175;AVENA;BEB CALIENTES;FICHA;1;AGUA PARA RECETA;L;0.300000;;
F00177;AVENA CON PIÑA;BEB CALIENTES;FICHA;1;CANELA ENTERA;KG;0.000120;;"1. Disolver la avena en agua fría.
2. Llevar a cocción con canela y clavo de olor.
3. Agregar la piña en cubos y dejar hervir.
4. Endulzar con azúcar. Servir"
F00177;AVENA CON PIÑA;BEB CALIENTES;FICHA;1;CLAVO DE OLOR ENTERO;KG;0.000060;;
F00177;AVENA CON PIÑA;BEB CALIENTES;FICHA;1;AZUCAR RUBIA;KG;0.020000;;
F00177;AVENA CON PIÑA;BEB CALIENTES;FICHA;1;PIÑA SELVA REFRIGERADO;KG;0.030000;Cubos medianos;
F00177;AVENA CON PIÑA;BEB CALIENTES;FICHA;1;AVENA;KG;0.012000;;
F00177;AVENA CON PIÑA;BEB CALIENTES;FICHA;1;AGUA PARA RECETA;L;0.300000;;
F00178;CAFE;BEB CALIENTES;FICHA;1;CAFE PARA PASAR MOLIDO;KG;0.003000;;1. Mezclar el café con el agua y endulzar con azúcar.
F00178;CAFE;BEB CALIENTES;FICHA;1;AZUCAR RUBIA;KG;0.025000;;
F00178;CAFE;BEB CALIENTES;FICHA;1;AGUA PARA RECETA;L;0.300000;;
F00179;JUGO DE NARANJA;BEB JUG CONCENTRADOS;FICHA;1;AZUCAR RUBIA;KG;0.010000;;"1. Diluir el jugo de naranja en agua.
2. Endulzar el jugo con azúcar. Servir"
F00179;JUGO DE NARANJA;BEB JUG CONCENTRADOS;FICHA;1;JUGO DE NARANJA;L;0.125000;;
F00179;JUGO DE NARANJA;BEB JUG CONCENTRADOS;FICHA;1;AGUA PARA RECETA;L;0.125000;;
F00184;JUGO DE PAPAYA;BEB JUG PULPA NATURAL;FICHA;1;PULPA DE PAPAYA CONGELADA;KG;0.125000;;"1. Diluir el jugo de naranja en agua.
2. Servir."
F00184;JUGO DE PAPAYA;BEB JUG PULPA NATURAL;FICHA;1;AGUA PARA RECETA;L;0.125000;;
F00185;JUGO DE PAPAYA CON LECHE;BEB JUG PULPA NATURAL;FICHA;1;PULPA DE PAPAYA CONGELADA;KG;0.125000;;"1. Diluir el concentrado en agua, mezclar.
2. Agregar la leche. Servir."
F00185;JUGO DE PAPAYA CON LECHE;BEB JUG PULPA NATURAL;FICHA;1;AGUA PARA RECETA;L;0.105000;;
F00185;JUGO DE PAPAYA CON LECHE;BEB JUG PULPA NATURAL;FICHA;1;LECHE EVAPORADA TETRA;L;0.020000;;
F00186;JUGO DE PIÑA;BEB JUG PULPA NATURAL;FICHA;1;PIÑA PULPA CONGELADO;KG;0.130000;;"1. Diluir el concentrado de piña en agua, mezclar bien.
2. Endulzar con azúcar. Servir."
F00186;JUGO DE PIÑA;BEB JUG PULPA NATURAL;FICHA;1;AGUA PARA RECETA;L;0.130000;;
F00186;JUGO DE PIÑA;BEB JUG PULPA NATURAL;FICHA;1;AZUCAR RUBIA;KG;0.020000;;
F00187;JUGO DE PLATANO DE SEDA CON LECHE;BEB JUG PULPA NATURAL;FICHA;1;LECHE EVAPORADA TETRA;L;0.020000;;"1. Cortar el platano. Reservar.
2. Licuarlo con agua. Reservar.
3. Finalmente agregar azúcar, leche,  mezclar bien.
4. Servir."
F00187;JUGO DE PLATANO DE SEDA CON LECHE;BEB JUG PULPA NATURAL;FICHA;1;AZUCAR RUBIA;KG;0.020000;;
F00187;JUGO DE PLATANO DE SEDA CON LECHE;BEB JUG PULPA NATURAL;FICHA;1;PLATANO SEDA REFRIGERADO;KG;0.150000;Lavar, desinfectar, pelar.;
F00187;JUGO DE PLATANO DE SEDA CON LECHE;BEB JUG PULPA NATURAL;FICHA;1;AGUA PARA RECETA;L;0.100000;;
F00188;JUGO SURTIDO;BEB JUG PULPA NATURAL;FICHA;1;AZUCAR RUBIA;KG;0.020000;;"1. Lavar y desinfectar, pelar, cortar las frutas.
2. Licuar las frutas, con la beterraga, agua. Mezclar con el concentrado de papaya.
3. Endulzar con azúcar, mezclar bien. Servir."
F00188;JUGO SURTIDO;BEB JUG PULPA NATURAL;FICHA;1;MELON ROSADO REFRIGERADO;KG;0.080000;;
F00188;JUGO SURTIDO;BEB JUG PULPA NATURAL;FICHA;1;PULPA DE PAPAYA CONGELADA;KG;0.070000;;
F00188;JUGO SURTIDO;BEB JUG PULPA NATURAL;FICHA;1;PLATANO SEDA REFRIGERADO;KG;0.060000;;
F00188;JUGO SURTIDO;BEB JUG PULPA NATURAL;FICHA;1;BETERRAGA ENTERA REFRIGERADA;KG;0.020000;;
F00188;JUGO SURTIDO;BEB JUG PULPA NATURAL;FICHA;1;AGUA PARA RECETA;L;0.100000;;
F00189;LECHE CALIENTE;BEB CALIENTES;FICHA;1;LECHE EVAPORADA TETRA;L;0.100000;;"1. En una olla colocar la leche, agua  con canela, clavo de olor y dejar que de un hervor.
2. Endulzar con azúcar."
F00189;LECHE CALIENTE;BEB CALIENTES;FICHA;1;AGUA PARA RECETA;L;0.200000;;
F00189;LECHE CALIENTE;BEB CALIENTES;FICHA;1;CANELA ENTERA;KG;0.000120;;
F00189;LECHE CALIENTE;BEB CALIENTES;FICHA;1;CLAVO DE OLOR ENTERO;KG;0.000060;;
F00189;LECHE CALIENTE;BEB CALIENTES;FICHA;1;AZUCAR RUBIA;KG;0.020000;;
F00190;LECHE FRIA;BEB CALIENTES;FICHA;1;LECHE FRESCA UHT NORMAL;L;0.250000;;1. Refrigerar la leche y servir.
F00193;MACAAVENA CON MANZANA;BEB CALIENTES;FICHA;1;CANELA ENTERA;KG;0.000120;;"1. Disolver en agua fría la maca avena.
2. Hervir agua con canela, clavo de olor, azúcar, manzana.
3. Luego agregar la maca diluida. Mover hasta que no se pegue en el fondo.
4. Servir."
F00193;MACAAVENA CON MANZANA;BEB CALIENTES;FICHA;1;CLAVO DE OLOR ENTERO;KG;0.000060;;
F00193;MACAAVENA CON MANZANA;BEB CALIENTES;FICHA;1;AZUCAR RUBIA;KG;0.025000;;
F00193;MACAAVENA CON MANZANA;BEB CALIENTES;FICHA;1;MANZANA DE AGUA REFRIGERADO;KG;0.020000;Macedonia;
F00193;MACAAVENA CON MANZANA;BEB CALIENTES;FICHA;1;MACA AVENA;KG;0.020000;;
F00193;MACAAVENA CON MANZANA;BEB CALIENTES;FICHA;1;AGUA PARA RECETA;L;0.300000;;
F00194;QUINUA CON MANZANA;BEB CALIENTES;FICHA;1;CANELA ENTERA;KG;0.000120;;"1. Lavar bien la quinua, escurrir y reservar.
2. En una olla con agua, canela, clavo de olor, agregar la quinua y cocinar.
3. A media cocción agregar la manzana y seguir cocinando.
3. Cuando la quinua haya reventado endulzar con azúcar.
4. Ligar la preparación con maicena. Servir."
F00194;QUINUA CON MANZANA;BEB CALIENTES;FICHA;1;CLAVO DE OLOR ENTERO;KG;0.000060;;
F00194;QUINUA CON MANZANA;BEB CALIENTES;FICHA;1;AZUCAR RUBIA;KG;0.020000;;
F00194;QUINUA CON MANZANA;BEB CALIENTES;FICHA;1;MAICENA;KG;0.002000;;
F00194;QUINUA CON MANZANA;BEB CALIENTES;FICHA;1;QUINUA;KG;0.015000;;
F00194;QUINUA CON MANZANA;BEB CALIENTES;FICHA;1;AGUA PARA RECETA;L;0.300000;;
F00194;QUINUA CON MANZANA;BEB CALIENTES;FICHA;1;MANZANA DE AGUA REFRIGERADO;KG;0.020000;Cubos medianos;
F00195;QUINUA CON PIÑA;BEB CALIENTES;FICHA;1;CANELA ENTERA;KG;0.000120;;"1. Lavar bien la quinua, escurrir y reservar.
2. En una olla con agua, canela, clavo de olor, agregar la quinua y cocinar.
3. A media cocción agregar la piña y seguir cocinando.
3. Cuando la quinua haya reventado endulzar con azúcar.
4. Ligar la preparación con maicena. Servir."
F00195;QUINUA CON PIÑA;BEB CALIENTES;FICHA;1;CLAVO DE OLOR ENTERO;KG;0.000060;;
F00195;QUINUA CON PIÑA;BEB CALIENTES;FICHA;1;AZUCAR RUBIA;KG;0.020000;;
F00195;QUINUA CON PIÑA;BEB CALIENTES;FICHA;1;MAICENA;KG;0.002000;;
F00195;QUINUA CON PIÑA;BEB CALIENTES;FICHA;1;QUINUA;KG;0.015000;;
F00195;QUINUA CON PIÑA;BEB CALIENTES;FICHA;1;AGUA PARA RECETA;L;0.300000;;
F00195;QUINUA CON PIÑA;BEB CALIENTES;FICHA;1;PIÑA SELVA REFRIGERADO;KG;0.030000;Cubos medianos;
F00196;SOYA;BEB CALIENTES;FICHA;1;HARINA DE SOYA;KG;0.025000;;"1. En una olla con agua, canela, clavo de olor, hervir y agregar la soya y mover constantemente.
2. Agregar azúcar.
3. Servir."
F00196;SOYA;BEB CALIENTES;FICHA;1;AGUA PARA RECETA;L;0.300000;;
F00196;SOYA;BEB CALIENTES;FICHA;1;CANELA ENTERA;KG;0.000120;;
F00196;SOYA;BEB CALIENTES;FICHA;1;CLAVO DE OLOR ENTERO;KG;0.000060;;
F00196;SOYA;BEB CALIENTES;FICHA;1;AZUCAR RUBIA;KG;0.025000;;
F00200;TRIGO;BEB CALIENTES;FICHA;1;CANELA ENTERA;KG;0.000120;;"1. Remojar el trigo la noche anterior, colar, reservar.
2. En una olla con agua, canela, clavo de olor, hervir, agregar el trigo y cocinar hasta que este suave.
3. Endulzar la preparación con azúcar."
F00200;TRIGO;BEB CALIENTES;FICHA;1;CLAVO DE OLOR ENTERO;KG;0.000060;;
F00200;TRIGO;BEB CALIENTES;FICHA;1;AZUCAR RUBIA;KG;0.025000;;
F00200;TRIGO;BEB CALIENTES;FICHA;1;TRIGO PELADO;KG;0.020000;Remojar la noche anterior;
F00200;TRIGO;BEB CALIENTES;FICHA;1;AGUA PARA RECETA;L;0.300000;;
F00203;TRIGO CON LECHE;BEB CALIENTES;FICHA;1;CANELA ENTERA;KG;0.000120;;"1. Remojar el trigo la noche anterior, colar, reservar.
2. En una olla con agua, canela, clavo de olor, hervir y agregar el trigo y cocinar.
3. Endulzar la preparación con azúcar.
4. Finalmente agregar la leche evaporada."
F00203;TRIGO CON LECHE;BEB CALIENTES;FICHA;1;CLAVO DE OLOR ENTERO;KG;0.000060;;
F00203;TRIGO CON LECHE;BEB CALIENTES;FICHA;1;AZUCAR RUBIA;KG;0.025000;;
F00203;TRIGO CON LECHE;BEB CALIENTES;FICHA;1;TRIGO PELADO;KG;0.020000;Remojar;
F00203;TRIGO CON LECHE;BEB CALIENTES;FICHA;1;AGUA PARA RECETA;L;0.280000;;
F00203;TRIGO CON LECHE;BEB CALIENTES;FICHA;1;LECHE EVAPORADA TETRA;L;0.030000;;
F00210;AVENA CON MANZANA;BEB CALIENTES;FICHA;1;CANELA ENTERA;KG;0.000120;;"1. Disolver la avena en agua fría.
2. Llevar a cocción con canela y clavo de olor.
3. Agregar la manzana
4. Endulzar con azúcar. Servir"
F00210;AVENA CON MANZANA;BEB CALIENTES;FICHA;1;CLAVO DE OLOR ENTERO;KG;0.000060;;
F00210;AVENA CON MANZANA;BEB CALIENTES;FICHA;1;AZUCAR RUBIA;KG;0.020000;;
F00210;AVENA CON MANZANA;BEB CALIENTES;FICHA;1;MANZANA DE AGUA REFRIGERADO;KG;0.020000;Macedonia;
F00210;AVENA CON MANZANA;BEB CALIENTES;FICHA;1;AVENA;KG;0.012000;;
F00210;AVENA CON MANZANA;BEB CALIENTES;FICHA;1;AGUA PARA RECETA;L;0.300000;;
F00212;CHOCOLATE CALIENTE;BEB CALIENTES;FICHA;1;LECHE EVAPORADA TETRA;L;0.050000;;"1. Hervir agua con canela y clavo de olor.
2. Agregar el chocolate y la cocoa, esperar que disuelva y que de un hervor. Agregar una pizca de sal.
3. Endulzar con azúcar.
4. Finalmente añadir la leche evaporada, margarina para dar brillo. Ligar con amicena diluida en caso sea necesario, Servir."
F00212;CHOCOLATE CALIENTE;BEB CALIENTES;FICHA;1;AZUCAR RUBIA;KG;0.020000;;
F00212;CHOCOLATE CALIENTE;BEB CALIENTES;FICHA;1;CHOCOLATE DE TAZA KG.;KG;0.015000;;
F00212;CHOCOLATE CALIENTE;BEB CALIENTES;FICHA;1;AGUA PARA RECETA;L;0.250000;;
F00212;CHOCOLATE CALIENTE;BEB CALIENTES;FICHA;1;COCOA A GRANEL;KG;0.003000;;
F00212;CHOCOLATE CALIENTE;BEB CALIENTES;FICHA;1;CANELA ENTERA;KG;0.000120;;
F00212;CHOCOLATE CALIENTE;BEB CALIENTES;FICHA;1;CLAVO DE OLOR ENTERO;KG;0.000060;;
F00212;CHOCOLATE CALIENTE;BEB CALIENTES;FICHA;1;MARGARINA CON SAL REFRIGERADO GRANEL;KG;0.003000;;
F00212;CHOCOLATE CALIENTE;BEB CALIENTES;FICHA;1;MAICENA;KG;0.002000;;
F00212;CHOCOLATE CALIENTE;BEB CALIENTES;FICHA;1;SAL DE COCINA;KG;0.000120;;
F00214;JUGO DE MACA;BEB JUG CONCENTRADOS;FICHA;1;CANELA ENTERA;KG;0.000120;;"1. Hervir la harina de maca en agua con canela, clavo de olor.
2. Agregar azúcar, esencia de vainilla y miel de abeja. Seguir hirviendo.
3. Servir."
F00214;JUGO DE MACA;BEB JUG CONCENTRADOS;FICHA;1;AZUCAR RUBIA;KG;0.020000;;
F00214;JUGO DE MACA;BEB JUG CONCENTRADOS;FICHA;1;CLAVO DE OLOR ENTERO;KG;0.000060;;
F00214;JUGO DE MACA;BEB JUG CONCENTRADOS;FICHA;1;AGUA PARA RECETA;L;0.300000;;
F00214;JUGO DE MACA;BEB JUG CONCENTRADOS;FICHA;1;ESCENCIA DE VAINILLA;L;0.000120;;
F00214;JUGO DE MACA;BEB JUG CONCENTRADOS;FICHA;1;MIEL DE ABEJA;KG;0.003000;;
F00214;JUGO DE MACA;BEB JUG CONCENTRADOS;FICHA;1;MAICENA;KG;0.010000;;
F00214;JUGO DE MACA;BEB JUG CONCENTRADOS;FICHA;1;HARINA DE MACA;KG;0.010000;Sancochar;
F00216;SEMOLA CON LECHE;BEB CALIENTES;FICHA;1;LECHE EVAPORADA TETRA;L;0.030000;;"1. Hervir agua con canela, clavo de olor, azúcar.
2. Agregar sémola, continuar con la cocción.
3. Finalmente agregar la leche evaporada.
4. Servir."
F00216;SEMOLA CON LECHE;BEB CALIENTES;FICHA;1;CANELA ENTERA;KG;0.000120;;
F00216;SEMOLA CON LECHE;BEB CALIENTES;FICHA;1;CLAVO DE OLOR ENTERO;KG;0.000060;;
F00216;SEMOLA CON LECHE;BEB CALIENTES;FICHA;1;AZUCAR RUBIA;KG;0.025000;;
F00216;SEMOLA CON LECHE;BEB CALIENTES;FICHA;1;SEMOLA;KG;0.017000;;
F00216;SEMOLA CON LECHE;BEB CALIENTES;FICHA;1;AGUA PARA RECETA;L;0.280000;;
F00235;INFUSIONES;BEB CALIENTES;FICHA;1;ANIS FILTRANTE;UND;1.000000;;1. Servir.
F00235;INFUSIONES;BEB CALIENTES;FICHA;1;HIERBA LUISA SOBRECITO;UND;1.000000;;
F00235;INFUSIONES;BEB CALIENTES;FICHA;1;MANZANILLA SOBRECITO;UND;1.000000;;
F00235;INFUSIONES;BEB CALIENTES;FICHA;1;TE ROJO SOBRECITO;UND;1.000000;;
F00235;INFUSIONES;BEB CALIENTES;FICHA;1;TE BOLDO SOBRECITO;UND;1.000000;;
F00235;INFUSIONES;BEB CALIENTES;FICHA;1;TE CANELA Y CLAVO SOBRECITO;UND;1.000000;;
F00266;ARROZ A LA JARDINERA;GUARN ARROZ;FICHA;1;ACEITE VEGETAL;L;0.005000;;"1. Hacer un aderezo, aceite, cebolla, ajo, ají amarillo, palillo, salchicha, sal, pimienta y comino.
2. Agregar agua y agregar el arroz batir hasta que el grano este blando y haya reducido el agua. Bajar el fuego, cubrir con una bolsa y tapar. Continuar la cocción para granear.
3. Agregar las verduras salteadas en un poco de aceite y servir."
F00266;ARROZ A LA JARDINERA;GUARN ARROZ;FICHA;1;PALILLO MOLIDO;KG;0.000120;;
F00266;ARROZ A LA JARDINERA;GUARN ARROZ;FICHA;1;SAL DE COCINA;KG;0.003000;;
F00266;ARROZ A LA JARDINERA;GUARN ARROZ;FICHA;1;AJO MOLIDO ENVASADO;KG;0.003000;;
F00266;ARROZ A LA JARDINERA;GUARN ARROZ;FICHA;1;CHOCLO DESGRANADO CONGELADO;KG;0.005000;Sancochar;
F00266;ARROZ A LA JARDINERA;GUARN ARROZ;FICHA;1;ARVEJA PELADA CONGELADA;KG;0.010000;Sancochar;
F00266;ARROZ A LA JARDINERA;GUARN ARROZ;FICHA;1;CEBOLLA ROJA REFRIGERADA;KG;0.015000;Brunoise;
F00266;ARROZ A LA JARDINERA;GUARN ARROZ;FICHA;1;PIMIENTO ROJO REFRIGERADO;KG;0.010000;Macedonia/ blanqueado;
F00266;ARROZ A LA JARDINERA;GUARN ARROZ;FICHA;1;ZANAHORIA REFRIGERADO;KG;0.010000;Macedonia/ blanqueado;
F00266;ARROZ A LA JARDINERA;GUARN ARROZ;FICHA;1;ARROZ EXTRA;KG;0.120000;;
F00266;ARROZ A LA JARDINERA;GUARN ARROZ;FICHA;1;AJI AMARILLO MOLIDO ENVASADO;KG;0.005000;;
F00266;ARROZ A LA JARDINERA;GUARN ARROZ;FICHA;1;AGUA PARA RECETA;L;0.180000;;
F00266;ARROZ A LA JARDINERA;GUARN ARROZ;FICHA;1;COMINO MOLIDO;KG;0.000060;;
F00266;ARROZ A LA JARDINERA;GUARN ARROZ;FICHA;1;PIMIENTA NEGRA MOLIDA;KG;0.000120;;
F00267;ARROZ AMARILLO;GUARN ARROZ;FICHA;1;ACEITE VEGETAL;L;0.005000;;"1. Hacer un aderezo; aceite, cebolla, ajo, palillo, sal, pimienta.
2. Agregar agua y dejar hervir, una vez que hierva agregar el arroz, batir.
3. Cuando el arroz este blando, cubrir con una bolsa el arroz, luego tapar y continuar con la cocción.
4. Dejar secar. Cuando este listo agregar aceite y mezclar.
5. Servir y decorar con perejil picado"
F00267;ARROZ AMARILLO;GUARN ARROZ;FICHA;1;PALILLO MOLIDO;KG;0.000120;;
F00267;ARROZ AMARILLO;GUARN ARROZ;FICHA;1;SAL DE COCINA;KG;0.003000;;
F00267;ARROZ AMARILLO;GUARN ARROZ;FICHA;1;AJO MOLIDO ENVASADO;KG;0.003000;;
F00267;ARROZ AMARILLO;GUARN ARROZ;FICHA;1;ARROZ EXTRA;KG;0.120000;;
F00267;ARROZ AMARILLO;GUARN ARROZ;FICHA;1;AGUA PARA RECETA;L;0.180000;;
F00267;ARROZ AMARILLO;GUARN ARROZ;FICHA;1;CEBOLLA ROJA REFRIGERADA;KG;0.015000;Brunoise;
F00267;ARROZ AMARILLO;GUARN ARROZ;FICHA;1;PIMIENTA NEGRA MOLIDA;KG;0.000120;;
F00267;ARROZ AMARILLO;GUARN ARROZ;FICHA;1;PEREJIL LIZO REFRIGERADO;KG;0.003000;Picado fino;
F00269;ARROZ ARABE;GUARN ARROZ;FICHA;1;ACEITE VEGETAL;L;0.005000;;"1. Hacer un aderezo, aceite, cebolla, ajo, sal, pimienta, azúcar, sillao.
2. Agregar agua y coca cola, hervir y agregar el arroz, batir hasta que el grano este suave.
3. Cubrir el arroz con una bolsa plástica y tapar. Secar y granear.
4. Dorar los fideos cabellos de ángel y agregarlo a mitad de la cocción del arroz.
5. Agregar las pasas, pecanas y aceitunas.
6. Servir ."
F00269;ARROZ ARABE;GUARN ARROZ;FICHA;1;SAL DE COCINA;KG;0.003000;;
F00269;ARROZ ARABE;GUARN ARROZ;FICHA;1;AJO MOLIDO ENVASADO;KG;0.003000;;
F00269;ARROZ ARABE;GUARN ARROZ;FICHA;1;ACEITUNA NEGRA;KG;0.007000;;
F00269;ARROZ ARABE;GUARN ARROZ;FICHA;1;PASAS NEGRAS SECAS;KG;0.005000;;
F00269;ARROZ ARABE;GUARN ARROZ;FICHA;1;PECANAS PELADAS;KG;0.003000;Picada;
F00269;ARROZ ARABE;GUARN ARROZ;FICHA;1;ARROZ EXTRA;KG;0.120000;Lavar;
F00269;ARROZ ARABE;GUARN ARROZ;FICHA;1;FIDEO CABELLO DE ANGEL;KG;0.010000;Fritos;
F00269;ARROZ ARABE;GUARN ARROZ;FICHA;1;COCA COLA 3 LT;L;0.025000;;
F00269;ARROZ ARABE;GUARN ARROZ;FICHA;1;CEBOLLA ROJA REFRIGERADA;KG;0.015000;Brunoise;
F00269;ARROZ ARABE;GUARN ARROZ;FICHA;1;PIMIENTA NEGRA MOLIDA;KG;0.000120;;
F00269;ARROZ ARABE;GUARN ARROZ;FICHA;1;SALSA SILLAO;L;0.003000;;
F00269;ARROZ ARABE;GUARN ARROZ;FICHA;1;AZUCAR RUBIA;KG;0.001000;;
F00269;ARROZ ARABE;GUARN ARROZ;FICHA;1;AGUA PARA RECETA;L;0.150000;;
F00270;ARROZ BLANCO;GUARN ARROZ;FICHA;1;ACEITE VEGETAL;L;0.005000;;"1. Hervir agua y agregar el arroz, batir constantemente para blanquear el arroz.
2. Colar el arroz y regresar a cocción.
3. Hacer un aderezo. Aceite, ajo, sal y agregarlo a la cocción del arroz.
4. Tapar para terminar cocción. Secar y granear. Servir."
F00270;ARROZ BLANCO;GUARN ARROZ;FICHA;1;SAL DE COCINA;KG;0.003000;;
F00270;ARROZ BLANCO;GUARN ARROZ;FICHA;1;AJO MOLIDO ENVASADO;KG;0.003000;;
F00270;ARROZ BLANCO;GUARN ARROZ;FICHA;1;ARROZ EXTRA;KG;0.120000;;
F00270;ARROZ BLANCO;GUARN ARROZ;FICHA;1;AGUA PARA RECETA;L;0.300000;;
F00272;ARROZ CON ARVEJAS;GUARN ARROZ;FICHA;1;ACEITE VEGETAL;L;0.005000;;"1. Hervir agua y agregar el arroz, agregar el jugo de limón, batir constantemente para blanquear el arroz.
2. Colar el arroz y regresar a cocción.
3. Hacer un aderezo. Aceite, ajo, sal, laurel y agregarlo a la cocción del arroz.
4. Cubrir con una bolsa plástica al nivel del arroz y por último tapar. Secar y granear.
5. Decorar el arroz con arvejas.  Servir."
F00272;ARROZ CON ARVEJAS;GUARN ARROZ;FICHA;1;SAL DE COCINA;KG;0.003000;;
F00272;ARROZ CON ARVEJAS;GUARN ARROZ;FICHA;1;AJO MOLIDO ENVASADO;KG;0.003000;;
F00272;ARROZ CON ARVEJAS;GUARN ARROZ;FICHA;1;ARROZ EXTRA;KG;0.120000;;
F00272;ARROZ CON ARVEJAS;GUARN ARROZ;FICHA;1;AGUA PARA RECETA;L;0.300000;;
F00272;ARROZ CON ARVEJAS;GUARN ARROZ;FICHA;1;LIMON VERDE REFRIGERADO;KG;0.002000;;
F00272;ARROZ CON ARVEJAS;GUARN ARROZ;FICHA;1;LAUREL;KG;0.000120;;
F00272;ARROZ CON ARVEJAS;GUARN ARROZ;FICHA;1;ARVEJA PELADA CONGELADA;KG;0.005000;Sancochar;
F00273;ARROZ CON ESPINACAS;GUARN ARROZ;FICHA;1;ACEITE VEGETAL;L;0.005000;;"1. Hervir agua y agregar el arroz, batir constantemente para blanquear el arroz.
2. Colar el arroz y regresar a cocción.
3. Hacer un aderezo. Aceite, ajo, sal  y agregarlo a la cocción del arroz.
4. Cubrir con una bolsa plástica al nivel del arroz y por último con la tapa. Secar y granear.
5. Decorar el arroz con espinaca. Servir."
F00273;ARROZ CON ESPINACAS;GUARN ARROZ;FICHA;1;SAL DE COCINA;KG;0.003000;;
F00273;ARROZ CON ESPINACAS;GUARN ARROZ;FICHA;1;AJO MOLIDO ENVASADO;KG;0.003000;;
F00273;ARROZ CON ESPINACAS;GUARN ARROZ;FICHA;1;ARROZ EXTRA;KG;0.120000;;
F00273;ARROZ CON ESPINACAS;GUARN ARROZ;FICHA;1;AGUA PARA RECETA;L;0.300000;;
F00273;ARROZ CON ESPINACAS;GUARN ARROZ;FICHA;1;ESPINACA REFRIGERADO;KG;0.010000;Chifonade;
F00274;ARROZ CON PIMIENTO MORRON;GUARN ARROZ;FICHA;1;ACEITE VEGETAL;L;0.005000;;"1. Hervir agua y agregar el arroz,  batir constantemente para blanquear el arroz.
2. Colar el arroz y regresar a cocción.
3. Hacer un aderezo. Aceite, ajo, sal, laurel y agregarlo a la cocción del arroz.
4. Cubrir con una bolsa plástica al nivel del arroz y por último con la tapa. Secar y granear.
5. Decorar el arroz con pimiento; servir."
F00274;ARROZ CON PIMIENTO MORRON;GUARN ARROZ;FICHA;1;SAL DE COCINA;KG;0.003000;;
F00274;ARROZ CON PIMIENTO MORRON;GUARN ARROZ;FICHA;1;AJO MOLIDO ENVASADO;KG;0.003000;;
F00274;ARROZ CON PIMIENTO MORRON;GUARN ARROZ;FICHA;1;ARROZ EXTRA;KG;0.120000;;
F00274;ARROZ CON PIMIENTO MORRON;GUARN ARROZ;FICHA;1;AGUA PARA RECETA;L;0.300000;;
F00274;ARROZ CON PIMIENTO MORRON;GUARN ARROZ;FICHA;1;PIMIENTO ROJO REFRIGERADO;KG;0.005000;Macedonia;
F00275;ARROZ CON CHOCLO;GUARN ARROZ;FICHA;1;ACEITE VEGETAL;L;0.005000;;"1. Hervir agua y agregar el arroz, agregar la mitad del jugo de limón, batir constantemente para blanquear el arroz.
2. Colar el arroz y regresar a cocción.
3. Hacer un aderezo. Aceite, ajo, sal, laurel y agregarlo a la cocción del arroz.
4. Cubrir con una bolsa plástica al nivel del arroz y por último con la tapa. Secar y granear.
5. Decorar el arroz con choclo sancochado en agua con azúcar , limón y anís. Servir."
F00275;ARROZ CON CHOCLO;GUARN ARROZ;FICHA;1;SAL DE COCINA;KG;0.003000;;
F00275;ARROZ CON CHOCLO;GUARN ARROZ;FICHA;1;AJO MOLIDO ENVASADO;KG;0.003000;;
F00275;ARROZ CON CHOCLO;GUARN ARROZ;FICHA;1;ARROZ EXTRA;KG;0.120000;;
F00275;ARROZ CON CHOCLO;GUARN ARROZ;FICHA;1;AGUA PARA RECETA;L;0.300000;;
F00275;ARROZ CON CHOCLO;GUARN ARROZ;FICHA;1;LIMON VERDE REFRIGERADO;KG;0.004000;;
F00275;ARROZ CON CHOCLO;GUARN ARROZ;FICHA;1;AZUCAR RUBIA;KG;0.005000;;
F00275;ARROZ CON CHOCLO;GUARN ARROZ;FICHA;1;ANIS FILTRANTE;UND;0.000060;;
F00275;ARROZ CON CHOCLO;GUARN ARROZ;FICHA;1;LAUREL;KG;0.000120;;
F00275;ARROZ CON CHOCLO;GUARN ARROZ;FICHA;1;CHOCLO DESGRANADO CONGELADO;KG;0.005000;Sancochar;
F00279;ARROZ DECORADO;GUARN ARROZ;FICHA;1;ACEITE VEGETAL;L;0.005000;;"1. Granear el arroz con aceite vegetal, ajo, sal, pimienta, agua.
2. Servir decorando con el pimiento y el perejil."
F00279;ARROZ DECORADO;GUARN ARROZ;FICHA;1;SAL DE COCINA;KG;0.003000;;
F00279;ARROZ DECORADO;GUARN ARROZ;FICHA;1;AJO MOLIDO ENVASADO;KG;0.003000;;
F00279;ARROZ DECORADO;GUARN ARROZ;FICHA;1;ARROZ EXTRA;KG;0.120000;;
F00279;ARROZ DECORADO;GUARN ARROZ;FICHA;1;AGUA PARA RECETA;L;0.300000;;
F00279;ARROZ DECORADO;GUARN ARROZ;FICHA;1;PIMIENTO ROJO REFRIGERADO;KG;0.005000;Brunoise, Blanqueado;
F00279;ARROZ DECORADO;GUARN ARROZ;FICHA;1;PEREJIL LIZO REFRIGERADO;KG;0.003000;Blanqueado, Picado Fino;
F00280;ARROZ CON ZANAHORIA;GUARN ARROZ;FICHA;1;ACEITE VEGETAL;L;0.005000;;"3. Hacer un aderezo. Aceite, ajo, sal, laurel y agregarlo a la cocción del arroz.
4. Cubrir con una bolsa plástica al nivel del arroz y por último con la tapa. Secar y granear.
5. Decorar el arroz con zanahoria. Servir."
F00280;ARROZ CON ZANAHORIA;GUARN ARROZ;FICHA;1;SAL DE COCINA;KG;0.003000;;
F00280;ARROZ CON ZANAHORIA;GUARN ARROZ;FICHA;1;AJO MOLIDO ENVASADO;KG;0.003000;;
F00280;ARROZ CON ZANAHORIA;GUARN ARROZ;FICHA;1;ARROZ EXTRA;KG;0.120000;;
F00280;ARROZ CON ZANAHORIA;GUARN ARROZ;FICHA;1;AGUA PARA RECETA;L;0.300000;;
F00280;ARROZ CON ZANAHORIA;GUARN ARROZ;FICHA;1;LAUREL;KG;0.000120;;
F00280;ARROZ CON ZANAHORIA;GUARN ARROZ;FICHA;1;ZANAHORIA REFRIGERADO;KG;0.005000;Macedonia / sancochar;
F00281;ARROZ GRIEGO;GUARN ARROZ;FICHA;1;ACEITE VEGETAL;L;0.005000;;"1. Hacer un aderezo. Aceite, cebolla, ajo, tocino, sal, laurel, romero y agregar el agua, una ves que hierva añadir el arroz y batir constantemente hasta que este blando.
2. Tapar con una bolsa al nivel del arroz y por último con la tapa. Secar y granear.
4. A mitad de la cocción agregar aceituna, pasas, pecanas, pimiento.  Tapar y seguir con la cocción.
3. Servir."
F00281;ARROZ GRIEGO;GUARN ARROZ;FICHA;1;SAL DE COCINA;KG;0.003000;;
F00281;ARROZ GRIEGO;GUARN ARROZ;FICHA;1;AJO MOLIDO ENVASADO;KG;0.003000;;
F00281;ARROZ GRIEGO;GUARN ARROZ;FICHA;1;ARROZ EXTRA;KG;0.140000;Lavar;
F00281;ARROZ GRIEGO;GUARN ARROZ;FICHA;1;AGUA PARA RECETA;L;0.210000;;
F00281;ARROZ GRIEGO;GUARN ARROZ;FICHA;1;LAUREL;KG;0.000120;;
F00281;ARROZ GRIEGO;GUARN ARROZ;FICHA;1;TOCINO AHUMADO REFRIGERADO;KG;0.005000;Brunoise;
F00281;ARROZ GRIEGO;GUARN ARROZ;FICHA;1;ACEITUNA NEGRA;KG;0.014000;Picadas;
F00281;ARROZ GRIEGO;GUARN ARROZ;FICHA;1;PIMIENTO ROJO REFRIGERADO;KG;0.015000;Macedonia/ salteado;
F00281;ARROZ GRIEGO;GUARN ARROZ;FICHA;1;PASAS NEGRAS SECAS;KG;0.005000;;
F00281;ARROZ GRIEGO;GUARN ARROZ;FICHA;1;PECANAS PELADAS;KG;0.003000;Picadas;
F00281;ARROZ GRIEGO;GUARN ARROZ;FICHA;1;ROMERO FRESCO;KG;0.000120;;
F00281;ARROZ GRIEGO;GUARN ARROZ;FICHA;1;CEBOLLA ROJA REFRIGERADA;KG;0.015000;Brunoise;
F00282;ARROZ PILAF;GUARN ARROZ;FICHA;1;ACEITE VEGETAL;L;0.002000;;"1. Hacer un aderezo, margarina, aceite, cebolla, ajo, sal, curry, agregar el arroz y nacarar.
2. Agregar agua, batir hasta que el grano de arroz este suave.
3. Tapar con una bolsa al nivel del arroz y tapar. Secar y granear.
4. Servir con perejil picado."
F00282;ARROZ PILAF;GUARN ARROZ;FICHA;1;SAL DE COCINA;KG;0.003000;;
F00282;ARROZ PILAF;GUARN ARROZ;FICHA;1;AJO MOLIDO ENVASADO;KG;0.003000;;
F00282;ARROZ PILAF;GUARN ARROZ;FICHA;1;ARROZ EXTRA;KG;0.120000;Lavar;
F00282;ARROZ PILAF;GUARN ARROZ;FICHA;1;CEBOLLA ROJA REFRIGERADA;KG;0.015000;Brunoise;
F00282;ARROZ PILAF;GUARN ARROZ;FICHA;1;AGUA PARA RECETA;L;0.160000;;
F00282;ARROZ PILAF;GUARN ARROZ;FICHA;1;MARGARINA CON SAL REFRIGERADO GRANEL KG;KG;0.003000;;
F00282;ARROZ PILAF;GUARN ARROZ;FICHA;1;CURRY;KG;0.000500;;
F00282;ARROZ PILAF;GUARN ARROZ;FICHA;1;PEREJIL LIZO REFRIGERADO;KG;0.003000;Picado;
F00283;ARROZ PRIMAVERA;GUARN ARROZ;FICHA;1;ACEITE VEGETAL;L;0.005000;;"1. Hervir agua y agregar el arroz  y agregar  el arroz. Batir.
2. Colar el arroz y regresar a cocción.
3. Hacer un aderezo. Aceite, ajo, sal y agregar a la cocción del arroz.
4. Tapar con una bolsa al nivel del arroz y por ultimo con la tapa. Secar y granear.
5. Agregar las verduras sancochadas y decorar con perejil picado. Servir."
F00283;ARROZ PRIMAVERA;GUARN ARROZ;FICHA;1;SAL DE COCINA;KG;0.003000;;
F00283;ARROZ PRIMAVERA;GUARN ARROZ;FICHA;1;AJO MOLIDO ENVASADO;KG;0.003000;;
F00283;ARROZ PRIMAVERA;GUARN ARROZ;FICHA;1;ARROZ EXTRA;KG;0.120000;;
F00283;ARROZ PRIMAVERA;GUARN ARROZ;FICHA;1;AGUA PARA RECETA;L;0.300000;;
F00283;ARROZ PRIMAVERA;GUARN ARROZ;FICHA;1;CHOCLO DESGRANADO CONGELADO;KG;0.005000;Sancochar;
F00283;ARROZ PRIMAVERA;GUARN ARROZ;FICHA;1;ARVEJA PELADA CONGELADA;KG;0.005000;Sancochar;
F00283;ARROZ PRIMAVERA;GUARN ARROZ;FICHA;1;PIMIENTO ROJO REFRIGERADO;KG;0.005000;Macedonia/ sancochar;
F00283;ARROZ PRIMAVERA;GUARN ARROZ;FICHA;1;ZANAHORIA REFRIGERADO;KG;0.010000;Macedonia/ sancochar;
F00283;ARROZ PRIMAVERA;GUARN ARROZ;FICHA;1;PEREJIL LIZO REFRIGERADO;KG;0.003000;Picado;
F00284;ARROZ ROJO;GUARN ARROZ;FICHA;1;ACEITE VEGETAL;L;0.005000;;"1. Hacer un aderezo, aceite, cebolla, ajo, pasta de tomate, paprika, sal y orégano.
2. Agregar agua y dejar hervir.
3. Añadir el arroz batir hasta que el grano este blando, luego tapar con una bolsa al nivel del arroz y por último con la  tapa. Dejar secar y granear.
4. Decorar con perejil picado. Servir."
F00284;ARROZ ROJO;GUARN ARROZ;FICHA;1;SAL DE COCINA;KG;0.003000;;
F00284;ARROZ ROJO;GUARN ARROZ;FICHA;1;AJO MOLIDO ENVASADO;KG;0.003000;;
F00284;ARROZ ROJO;GUARN ARROZ;FICHA;1;ARROZ EXTRA;KG;0.120000;;
F00284;ARROZ ROJO;GUARN ARROZ;FICHA;1;AGUA PARA RECETA;L;0.160000;;
F00284;ARROZ ROJO;GUARN ARROZ;FICHA;1;PAPRIKA;KG;0.000120;;
F00284;ARROZ ROJO;GUARN ARROZ;FICHA;1;PASTA DE TOMATE;KG;0.005000;;
F00284;ARROZ ROJO;GUARN ARROZ;FICHA;1;CEBOLLA ROJA REFRIGERADA;KG;0.015000;Brunoise;
F00284;ARROZ ROJO;GUARN ARROZ;FICHA;1;PEREJIL LIZO REFRIGERADO;KG;0.003000;Picado;
F00284;ARROZ ROJO;GUARN ARROZ;FICHA;1;OREGANO ENTERO;KG;0.000120;;
F00285;ARROZ VERDE;GUARN ARROZ;FICHA;1;ACEITE VEGETAL;L;0.005000;;"1. Licuar espinaca y culantro. Reservar.
2. Hacer un aderezo, aceite, cebolla, ajo, ají amarillo, culantro, espinaca, orégano, sal, pimienta, comino.
3. Agregar al aderezo agua, dejar hervir.
4. Agregar el arroz y batir hasta que el grano este suave.
5. Cubrir con una bolsa al nivel del arroz y terminar con la tapa.
6. Agregar para decorar arvejas, zanahoria y pimiento. Servir."
F00285;ARROZ VERDE;GUARN ARROZ;FICHA;1;SAL DE COCINA;KG;0.003000;;
F00285;ARROZ VERDE;GUARN ARROZ;FICHA;1;AJO MOLIDO ENVASADO;KG;0.003000;;
F00285;ARROZ VERDE;GUARN ARROZ;FICHA;1;ARROZ EXTRA;KG;0.120000;Lavar;
F00285;ARROZ VERDE;GUARN ARROZ;FICHA;1;AGUA PARA RECETA;L;0.160000;;
F00285;ARROZ VERDE;GUARN ARROZ;FICHA;1;AJI AMARILLO MOLIDO ENVASADO;KG;0.003000;Licuar;
F00285;ARROZ VERDE;GUARN ARROZ;FICHA;1;ARVEJA PELADA CONGELADA;KG;0.003000;Sancochar;
F00285;ARROZ VERDE;GUARN ARROZ;FICHA;1;CULANTRO REFRIGERADO;KG;0.015000;Licuar;
F00285;ARROZ VERDE;GUARN ARROZ;FICHA;1;ESPINACA REFRIGERADO;KG;0.020000;Licuar;
F00285;ARROZ VERDE;GUARN ARROZ;FICHA;1;PIMIENTO ROJO REFRIGERADO;KG;0.005000;Juliana/ salteado;
F00285;ARROZ VERDE;GUARN ARROZ;FICHA;1;ZANAHORIA REFRIGERADO;KG;0.005000;Macedonia / blanquear;
F00285;ARROZ VERDE;GUARN ARROZ;FICHA;1;OREGANO ENTERO;KG;0.000120;;
F00285;ARROZ VERDE;GUARN ARROZ;FICHA;1;CEBOLLA ROJA REFRIGERADA;KG;0.015000;Brunoise;
F00285;ARROZ VERDE;GUARN ARROZ;FICHA;1;COMINO MOLIDO;KG;0.000060;;
F00285;ARROZ VERDE;GUARN ARROZ;FICHA;1;PIMIENTA NEGRA MOLIDA;KG;0.000120;;
F00286;CAIGUA SALTEADA;GUARN VERDURAS;FICHA;1;ACEITE VEGETAL;L;0.010000;;"1. Hacer un aderezo; aceite vegetal, ajo, kión, sillao. Agregar la zanahoria, caigua, pimiento, cebolla y tomate. Saltear.
2. Agregar vinagre, sal, pimienta, orégano, agua, continuar salteando y ligar la salsa con maicena diluida en agua en caso sea necesario.
3. Servir y decorar con perejil picado."
F00286;CAIGUA SALTEADA;GUARN VERDURAS;FICHA;1;PIMIENTA NEGRA MOLIDA;KG;0.000120;;
F00286;CAIGUA SALTEADA;GUARN VERDURAS;FICHA;1;SAL DE COCINA;KG;0.002000;;
F00286;CAIGUA SALTEADA;GUARN VERDURAS;FICHA;1;AJO MOLIDO ENVASADO;KG;0.003000;;
F00286;CAIGUA SALTEADA;GUARN VERDURAS;FICHA;1;CAIGUA REFRIGERADA;KG;0.080000;Juliana;
F00286;CAIGUA SALTEADA;GUARN VERDURAS;FICHA;1;CEBOLLA ROJA REFRIGERADA;KG;0.020000;Juliana;
F00286;CAIGUA SALTEADA;GUARN VERDURAS;FICHA;1;TOMATE CRIOLLO REFRIGERADO;KG;0.020000;Gajos;
F00286;CAIGUA SALTEADA;GUARN VERDURAS;FICHA;1;SALSA SILLAO;L;0.010000;;
F00286;CAIGUA SALTEADA;GUARN VERDURAS;FICHA;1;PIMIENTO ROJO REFRIGERADO;KG;0.005000;Juliana;
F00286;CAIGUA SALTEADA;GUARN VERDURAS;FICHA;1;PEREJIL LIZO REFRIGERADO;KG;0.003000;Picado;
F00286;CAIGUA SALTEADA;GUARN VERDURAS;FICHA;1;KION MOLIDO ENVASADO;KG;0.001000;;
F00286;CAIGUA SALTEADA;GUARN VERDURAS;FICHA;1;VINAGRE TINTO;L;0.001000;;
F00286;CAIGUA SALTEADA;GUARN VERDURAS;FICHA;1;OREGANO ENTERO;KG;0.000120;;
F00286;CAIGUA SALTEADA;GUARN VERDURAS;FICHA;1;AGUA PARA RECETA;L;0.015000;;
F00286;CAIGUA SALTEADA;GUARN VERDURAS;FICHA;1;MAICENA;KG;0.001500;;
F00286;CAIGUA SALTEADA;GUARN VERDURAS;FICHA;1;ZANAHORIA REFRIGERADO;KG;0.010000;Juliana/ sancochar;
F00287;CAMOTE AL HORNO;GUARN TUBERCULOS;FICHA;1;CAMOTE AMARILLO REFRIGERADO;KG;0.120000;Lavar, pelar;"1. Lavar el camote, pelarlo, trozarlo, blanquear un momento en agua, reservar.
2. Acomodar el camote en una bandeja con margarina y azúcar.
3. Hornear y servir como acompañamiento."
F00287;CAMOTE AL HORNO;GUARN TUBERCULOS;FICHA;1;AZUCAR RUBIA;KG;0.001000;;
F00287;CAMOTE AL HORNO;GUARN TUBERCULOS;FICHA;1;MARGARINA CON SAL REFRIGERADO GRANEL KG;KG;0.003000;;
F00289;CAMOTE GLACEADO CON NARANJA;GUARN TUBERCULOS;FICHA;1;AZUCAR RUBIA;KG;0.005000;;"1. Lavar, pelar y cortar el camote en trozos.
2. Acomodar el camote en una bandeja, agregar canela, clavo de olor, azúcar, jugo de naranja y trozos de margarina.
3. Hornear  40 minutos aproximadamente.
4. Retirar y servir."
F00289;CAMOTE GLACEADO CON NARANJA;GUARN TUBERCULOS;FICHA;1;JUGO DE NARANJA;L;0.040000;;
F00289;CAMOTE GLACEADO CON NARANJA;GUARN TUBERCULOS;FICHA;1;CAMOTE AMARILLO REFRIGERADO;KG;0.120000;;
F00289;CAMOTE GLACEADO CON NARANJA;GUARN TUBERCULOS;FICHA;1;CANELA ENTERA;KG;0.000120;;
F00289;CAMOTE GLACEADO CON NARANJA;GUARN TUBERCULOS;FICHA;1;CLAVO DE OLOR ENTERO;KG;0.000060;;
F00289;CAMOTE GLACEADO CON NARANJA;GUARN TUBERCULOS;FICHA;1;MARGARINA CON SAL REFRIGERADO GRANEL KG;KG;0.003000;;
F00289;CAMOTE GLACEADO CON NARANJA;GUARN TUBERCULOS;FICHA;1;AGUA PARA RECETA;L;0.010000;;
F00291;CAMOTE ORIENTAL;GUARN TUBERCULOS;FICHA;1;CAMOTE AMARILLO REFRIGERADO;KG;0.120000;Pelar y trozar;"1. Condimentar el camote con sillao, salsa de ostión, kion, sal y agua.
2. Hornear a 170° C por 40 minutos. Aprox. Servir."
F00291;CAMOTE ORIENTAL;GUARN TUBERCULOS;FICHA;1;KION MOLIDO ENVASADO;KG;0.000120;;
F00291;CAMOTE ORIENTAL;GUARN TUBERCULOS;FICHA;1;SALSA SILLAO;L;0.001000;;
F00291;CAMOTE ORIENTAL;GUARN TUBERCULOS;FICHA;1;SALSA DE OSTION;L;0.001000;;
F00291;CAMOTE ORIENTAL;GUARN TUBERCULOS;FICHA;1;AGUA PARA RECETA;L;0.005000;;
F00291;CAMOTE ORIENTAL;GUARN TUBERCULOS;FICHA;1;SAL DE COCINA;KG;0.001000;;
F00293;CAMOTE SANCOCHADO;GUARN TUBERCULOS;FICHA;1;CANELA ENTERA;KG;0.000060;;"1. Lavar, pelar y trozar el camote.
2. Sancochar en agua con canela y azucar, hasta que este cocido."
F00293;CAMOTE SANCOCHADO;GUARN TUBERCULOS;FICHA;1;AZUCAR RUBIA;KG;0.003000;;
F00293;CAMOTE SANCOCHADO;GUARN TUBERCULOS;FICHA;1;CAMOTE AMARILLO REFRIGERADO;KG;0.120000;;
F00295;ESPINACAS SALTEADAS;GUARN VERDURAS;FICHA;1;ESPINACA REFRIGERADO;KG;0.120000;Chiffonada, Salteada;"1. Saltear la espinaca en aceite y mantequilla; Agregarla oregano, sal y pimienta."
F00295;ESPINACAS SALTEADAS;GUARN VERDURAS;FICHA;1;SAL DE COCINA;KG;0.002000;;
F00295;ESPINACAS SALTEADAS;GUARN VERDURAS;FICHA;1;PIMIENTA NEGRA MOLIDA;KG;0.000120;;
F00295;ESPINACAS SALTEADAS;GUARN VERDURAS;FICHA;1;MARGARINA CON SAL REFRIGERADO GRANEL KG;KG;0.003000;;
F00295;ESPINACAS SALTEADAS;GUARN VERDURAS;FICHA;1;ACEITE VEGETAL;L;0.001000;;
F00295;ESPINACAS SALTEADAS;GUARN VERDURAS;FICHA;1;OREGANO ENTERO;KG;0.000120;;
F00298;FETUCCINI A LA PUTANESCA;GUARN PASTAS;FICHA;1;MARGARINA CON SAL REFRIGERADO GRANEL KG;KG;0.003000;;"1. Sancochar la pasta en agua con sal y laurel. Colar, escurrir y agregar aceite para que no se peguen.
2. Salsa: aceite vegetal, margarina, cebolla, ajo, pasta de tomate, tomate, cocinar por unos minutos y luego agregar aceitunas, agua y continuar con la cocción.
3. Condimentar con sal, pimienta y azúcar; aromatizar con albahaca y orégano.
4. Mezclar la pasta con la salsa.
5. Servir con queso parmesano."
F00298;FETUCCINI A LA PUTANESCA;GUARN PASTAS;FICHA;1;PIMIENTA NEGRA MOLIDA;KG;0.000120;;
F00298;FETUCCINI A LA PUTANESCA;GUARN PASTAS;FICHA;1;SAL DE COCINA;KG;0.003000;;
F00298;FETUCCINI A LA PUTANESCA;GUARN PASTAS;FICHA;1;PASTA DE TOMATE;KG;0.005000;;
F00298;FETUCCINI A LA PUTANESCA;GUARN PASTAS;FICHA;1;ACEITE VEGETAL;L;0.010000;;
F00298;FETUCCINI A LA PUTANESCA;GUARN PASTAS;FICHA;1;AGUA PARA RECETA;L;0.020000;;
F00298;FETUCCINI A LA PUTANESCA;GUARN PASTAS;FICHA;1;ALBAHACA REFRIGERADO;KG;0.005000;Chifonade;
F00298;FETUCCINI A LA PUTANESCA;GUARN PASTAS;FICHA;1;AJO MOLIDO ENVASADO;KG;0.003000;;
F00298;FETUCCINI A LA PUTANESCA;GUARN PASTAS;FICHA;1;CEBOLLA ROJA REFRIGERADA;KG;0.015000;Brunoise;
F00298;FETUCCINI A LA PUTANESCA;GUARN PASTAS;FICHA;1;AZUCAR RUBIA;KG;0.003000;;
F00298;FETUCCINI A LA PUTANESCA;GUARN PASTAS;FICHA;1;OREGANO ENTERO;KG;0.000120;;
F00298;FETUCCINI A LA PUTANESCA;GUARN PASTAS;FICHA;1;TOMATE CRIOLLO REFRIGERADO;KG;0.030000;Concasse;
F00298;FETUCCINI A LA PUTANESCA;GUARN PASTAS;FICHA;1;QUESO PARMESANO REFRIGERADO;KG;0.001000;Rallado;
F00298;FETUCCINI A LA PUTANESCA;GUARN PASTAS;FICHA;1;ACEITUNA NEGRA;KG;0.007000;Picado;
F00298;FETUCCINI A LA PUTANESCA;GUARN PASTAS;FICHA;1;FIDEO FETUCCINI;KG;0.140000;Sancochar;
F00305;FETUCCINI EN MANTEQUILLA;GUARN PASTAS;FICHA;1;MARGARINA CON SAL REFRIGERADO GRANEL KG;KG;0.010000;;"1. Sancochar la pasta en agua con sal y laurel. Colar, escurrir y agregar aceite para que no se peguen.
2. Saltear la pasta en margarina, aceite y ajo.
3. Condimentar con sal, pimienta y aromatizar con albahaca y perejil picado.
4. Servir la pasta con queso parmesano."
F00305;FETUCCINI EN MANTEQUILLA;GUARN PASTAS;FICHA;1;AJO MOLIDO ENVASADO;KG;0.003000;;
F00305;FETUCCINI EN MANTEQUILLA;GUARN PASTAS;FICHA;1;PIMIENTA NEGRA MOLIDA;KG;0.000120;;
F00305;FETUCCINI EN MANTEQUILLA;GUARN PASTAS;FICHA;1;SAL DE COCINA;KG;0.003000;;
F00305;FETUCCINI EN MANTEQUILLA;GUARN PASTAS;FICHA;1;FIDEO FETUCCINI;KG;0.140000;;
F00305;FETUCCINI EN MANTEQUILLA;GUARN PASTAS;FICHA;1;LAUREL;KG;0.000120;;
F00305;FETUCCINI EN MANTEQUILLA;GUARN PASTAS;FICHA;1;PEREJIL LIZO REFRIGERADO;KG;0.003000;Picado fino;
F00305;FETUCCINI EN MANTEQUILLA;GUARN PASTAS;FICHA;1;ALBAHACA REFRIGERADO;KG;0.001000;Chifonade;
F00305;FETUCCINI EN MANTEQUILLA;GUARN PASTAS;FICHA;1;QUESO PARMESANO REFRIGERADO;KG;0.003000;Rallado;
F00305;FETUCCINI EN MANTEQUILLA;GUARN PASTAS;FICHA;1;ACEITE VEGETAL;L;0.006000;;
F00306;FIDEOS AL GRATIN;GUARN PASTAS;FICHA;1;ACEITE VEGETAL;L;0.005000;;"1. Sancochar los fideos en agua hirviendo con sal, colar y agregar aceite para que no se peguen.
2. Hacer una salsa blanca; derretir margarina, agregar la harina y cocinarla, añadir leche evaporada, sal, pimienta, nuez moscada, orégano, jamón, pimiento.
3. Mezclar la salsa blanca con los fideos sancochados.
4. Engrasar un molde, agregar la mezcla de fideos y salsa.
5. Finalmente añadir el queso Edam y hornear. Servir."
F00306;FIDEOS AL GRATIN;GUARN PASTAS;FICHA;1;LECHE EVAPORADA TETRA;L;0.015000;;
F00306;FIDEOS AL GRATIN;GUARN PASTAS;FICHA;1;QUESO EDAM REFRIGERADO;KG;0.010000;Cubos medianos;
F00306;FIDEOS AL GRATIN;GUARN PASTAS;FICHA;1;NUEZ MOSCADA;KG;0.000120;;
F00306;FIDEOS AL GRATIN;GUARN PASTAS;FICHA;1;OREGANO ENTERO;KG;0.000120;;
F00306;FIDEOS AL GRATIN;GUARN PASTAS;FICHA;1;PIMIENTA NEGRA MOLIDA;KG;0.000120;;
F00306;FIDEOS AL GRATIN;GUARN PASTAS;FICHA;1;SAL DE COCINA;KG;0.003000;;
F00306;FIDEOS AL GRATIN;GUARN PASTAS;FICHA;1;AGUA PARA RECETA;L;0.013000;;
F00306;FIDEOS AL GRATIN;GUARN PASTAS;FICHA;1;JAMON PARA CAFETIN CONGELADO;KG;0.010000;Cubos medianos;
F00306;FIDEOS AL GRATIN;GUARN PASTAS;FICHA;1;MARGARINA CON SAL REFRIGERADO GRANEL KG;KG;0.005000;;
F00306;FIDEOS AL GRATIN;GUARN PASTAS;FICHA;1;HARINA DE TRIGO ESPECIAL;KG;0.003000;;
F00306;FIDEOS AL GRATIN;GUARN PASTAS;FICHA;1;FIDEO CANUTO;KG;0.140000;;
F00306;FIDEOS AL GRATIN;GUARN PASTAS;FICHA;1;PIMIENTO ROJO REFRIGERADO;KG;0.005000;Juliana;
F00307;FRIJOL PANAMITO GUISADO;GUARN MENESTRAS;FICHA;1;ACEITE VEGETAL;L;0.005000;;"1. Remojar  el frijol para ablandar.
2. Sancochar los frejoles en una olla con agua hasta que estén suaves.
3. Hacer un aderezo, aceite, cebolla, ajo, pasta de tomate, ají panca,  y agregarlo a la cocción de de los frejoles.
4. Condimentar con sal, pimienta, comino y aromatizar con orégano.
5. Ligar la preparación con maicena diluida en agua y dejar cocinar. Servir"
F00307;FRIJOL PANAMITO GUISADO;GUARN MENESTRAS;FICHA;1;SAL DE COCINA;KG;0.003000;;
F00307;FRIJOL PANAMITO GUISADO;GUARN MENESTRAS;FICHA;1;AJO MOLIDO ENVASADO;KG;0.003000;;
F00307;FRIJOL PANAMITO GUISADO;GUARN MENESTRAS;FICHA;1;CEBOLLA ROJA REFRIGERADA;KG;0.015000;Brunoise;
F00307;FRIJOL PANAMITO GUISADO;GUARN MENESTRAS;FICHA;1;FRIJOL PANAMITO;KG;0.060000;Remojar;
F00307;FRIJOL PANAMITO GUISADO;GUARN MENESTRAS;FICHA;1;PASTA DE TOMATE;KG;0.002000;;
F00307;FRIJOL PANAMITO GUISADO;GUARN MENESTRAS;FICHA;1;AJI PANCA MOLIDO ENVASADO;KG;0.003000;;
F00307;FRIJOL PANAMITO GUISADO;GUARN MENESTRAS;FICHA;1;OREGANO ENTERO;KG;0.000120;;
F00307;FRIJOL PANAMITO GUISADO;GUARN MENESTRAS;FICHA;1;COMINO MOLIDO;KG;0.000060;;
F00307;FRIJOL PANAMITO GUISADO;GUARN MENESTRAS;FICHA;1;PIMIENTA NEGRA MOLIDA;KG;0.000120;;
F00307;FRIJOL PANAMITO GUISADO;GUARN MENESTRAS;FICHA;1;AGUA PARA RECETA;L;0.250000;;
F00307;FRIJOL PANAMITO GUISADO;GUARN MENESTRAS;FICHA;1;MAICENA;KG;0.003000;;
F00308;GARBANZOS GUISADOS;GUARN MENESTRAS;FICHA;1;ACEITE VEGETAL;L;0.005000;;"1. Sancochar los garbanzos hasta que estén blandos.
2. Aderezo; aceite vegetal; cebolla, ajo, pasta de tomate, ají panca, sal, pimienta, comino, orégano. Agregarlo a la cocción de la menestra y continuar con la cocción.
3. Si es necesario ligar con maicena diluida en agua.
4. Servir."
F00308;GARBANZOS GUISADOS;GUARN MENESTRAS;FICHA;1;SAL DE COCINA;KG;0.003000;;
F00308;GARBANZOS GUISADOS;GUARN MENESTRAS;FICHA;1;AJO MOLIDO ENVASADO;KG;0.003000;;
F00308;GARBANZOS GUISADOS;GUARN MENESTRAS;FICHA;1;CEBOLLA ROJA REFRIGERADA;KG;0.015000;Brunoise;
F00308;GARBANZOS GUISADOS;GUARN MENESTRAS;FICHA;1;GARBANZO;KG;0.060000;Remojar;
F00308;GARBANZOS GUISADOS;GUARN MENESTRAS;FICHA;1;PASTA DE TOMATE;KG;0.002000;;
F00308;GARBANZOS GUISADOS;GUARN MENESTRAS;FICHA;1;AJI PANCA MOLIDO ENVASADO;KG;0.003000;;
F00308;GARBANZOS GUISADOS;GUARN MENESTRAS;FICHA;1;OREGANO ENTERO;KG;0.000120;;
F00308;GARBANZOS GUISADOS;GUARN MENESTRAS;FICHA;1;COMINO MOLIDO;KG;0.000060;;
F00308;GARBANZOS GUISADOS;GUARN MENESTRAS;FICHA;1;PIMIENTA NEGRA MOLIDA;KG;0.000120;;
F00308;GARBANZOS GUISADOS;GUARN MENESTRAS;FICHA;1;AGUA PARA RECETA;L;0.250000;;
F00308;GARBANZOS GUISADOS;GUARN MENESTRAS;FICHA;1;MAICENA;KG;0.003000;;
F00309;GUISO DE LENTEJA;GUARN MENESTRAS;FICHA;1;ACEITE VEGETAL;L;0.005000;;"1. Sancochar las lentejas en agua hasta que estén suaves.
2. Hacer un aderezo, aceite, cebolla, ajo, ají panca, pasta de tomate,  y agregarlo a la cocción de las lentejas.
3. Condimentar con sal, pimienta, comino y aromatizar con orégano.
4. Ligar la preparación con maicena en caso sea necesario. Servir."
F00309;GUISO DE LENTEJA;GUARN MENESTRAS;FICHA;1;SAL DE COCINA;KG;0.003000;;
F00309;GUISO DE LENTEJA;GUARN MENESTRAS;FICHA;1;AJO MOLIDO ENVASADO;KG;0.003000;;
F00309;GUISO DE LENTEJA;GUARN MENESTRAS;FICHA;1;CEBOLLA ROJA REFRIGERADA;KG;0.015000;Brunoise;
F00309;GUISO DE LENTEJA;GUARN MENESTRAS;FICHA;1;LENTEJA;KG;0.060000;;
F00309;GUISO DE LENTEJA;GUARN MENESTRAS;FICHA;1;PASTA DE TOMATE;KG;0.002000;;
F00309;GUISO DE LENTEJA;GUARN MENESTRAS;FICHA;1;AJI PANCA MOLIDO ENVASADO;KG;0.003000;;
F00309;GUISO DE LENTEJA;GUARN MENESTRAS;FICHA;1;OREGANO ENTERO;KG;0.000120;;
F00309;GUISO DE LENTEJA;GUARN MENESTRAS;FICHA;1;COMINO MOLIDO;KG;0.000060;;
F00309;GUISO DE LENTEJA;GUARN MENESTRAS;FICHA;1;PIMIENTA NEGRA MOLIDA;KG;0.000120;;
F00309;GUISO DE LENTEJA;GUARN MENESTRAS;FICHA;1;AGUA PARA RECETA;L;0.250000;;
F00309;GUISO DE LENTEJA;GUARN MENESTRAS;FICHA;1;MAICENA;KG;0.003000;;
F00310;HABAS;GUARN MENESTRAS;FICHA;1;HABA VERDE PELADO CONGELADO;KG;0.020000;Plear y blanquear;"1. Sancochar la habas en agua con sal.
2. Servir."
F00310;HABAS;GUARN MENESTRAS;FICHA;1;SAL DE COCINA;KG;0.003000;;
F00311;TRIGO GUISADO;GUARN OTROS;FICHA;1;ACEITE VEGETAL;L;0.005000;;"1. Remojar el trigo por una hora aprox; Sancochar el trigo con sal, oregano, laurel y agua; Cuando este tierno, sacar y reservar.
2. Sudar en aceite vegetal la cebolla, ajo, aji amarillo, oregano, comino, sal, pimienta y trigo; Remover, agregar el queso con perejil y tomate."
F00311;TRIGO GUISADO;GUARN OTROS;FICHA;1;AJI AMARILLO MOLIDO ENVASADO;KG;0.003000;;
F00311;TRIGO GUISADO;GUARN OTROS;FICHA;1;OREGANO ENTERO;KG;0.000120;;
F00311;TRIGO GUISADO;GUARN OTROS;FICHA;1;PIMIENTA NEGRA MOLIDA;KG;0.000120;;
F00311;TRIGO GUISADO;GUARN OTROS;FICHA;1;SAL DE COCINA;KG;0.003000;;
F00311;TRIGO GUISADO;GUARN OTROS;FICHA;1;AJO MOLIDO ENVASADO;KG;0.003000;;
F00311;TRIGO GUISADO;GUARN OTROS;FICHA;1;CEBOLLA ROJA REFRIGERADA;KG;0.015000;Brunoise;
F00311;TRIGO GUISADO;GUARN OTROS;FICHA;1;QUESO FRESCO REFRIGERADO;KG;0.010000;Brunoise;
F00311;TRIGO GUISADO;GUARN OTROS;FICHA;1;TRIGO PELADO;KG;0.060000;Remojado, Sancochada;
F00311;TRIGO GUISADO;GUARN OTROS;FICHA;1;TOMATE CRIOLLO REFRIGERADO;KG;0.015000;Brunoise;
F00311;TRIGO GUISADO;GUARN OTROS;FICHA;1;PEREJIL LIZO REFRIGERADO;KG;0.003000;Picado Fino;
F00311;TRIGO GUISADO;GUARN OTROS;FICHA;1;COMINO MOLIDO;KG;0.000060;;
F00311;TRIGO GUISADO;GUARN OTROS;FICHA;1;AGUA PARA RECETA;L;0.250000;;
F00311;TRIGO GUISADO;GUARN OTROS;FICHA;1;LAUREL;KG;0.000120;;
F00313;VEGETALES A LA PLANCHA;GUARN VERDURAS;FICHA;1;ACEITE VEGETAL;L;0.003000;;"1. Licuar en aceite vegetal la albahaca, oregano, ajo, sal y pimienta.
2. Blanquear las vainitas, zapallo y el pimiento en agua con sal.
3. Grillar o plancar las vainitas, zapallo y el pimiento, sazonando con el licuado encima, sal y pimienta."
F00313;VEGETALES A LA PLANCHA;GUARN VERDURAS;FICHA;1;SAL DE COCINA;KG;0.002000;;
F00313;VEGETALES A LA PLANCHA;GUARN VERDURAS;FICHA;1;VAINITA ENTERO REFRIGERADO;KG;0.050000;Blanqueado;
F00313;VEGETALES A LA PLANCHA;GUARN VERDURAS;FICHA;1;PIMIENTO ROJO REFRIGERADO;KG;0.030000;Juliana, Blanqueado;
F00313;VEGETALES A LA PLANCHA;GUARN VERDURAS;FICHA;1;ZAPALLO ITALIANO REFRIGERADO;KG;0.035000;Juliana, Blanqueado;
F00313;VEGETALES A LA PLANCHA;GUARN VERDURAS;FICHA;1;ALBAHACA REFRIGERADO;KG;0.005000;Deshojado;
F00313;VEGETALES A LA PLANCHA;GUARN VERDURAS;FICHA;1;AJO MOLIDO ENVASADO;KG;0.002000;;
F00313;VEGETALES A LA PLANCHA;GUARN VERDURAS;FICHA;1;PIMIENTA NEGRA MOLIDA;KG;0.000120;;
F00313;VEGETALES A LA PLANCHA;GUARN VERDURAS;FICHA;1;OREGANO ENTERO;KG;0.000120;;
F00314;VERDURAS A LA CREMA;GUARN VERDURAS;FICHA;1;MARGARINA CON SAL REFRIGERADO GRANEL KG;KG;0.005000;;"1. Blanquear las verduras y reservar.
2. Hacer una salsa blanca; derretir margarina, agregar harina, leche evaporada, agua, condimentar con sal, pimienta, nuez moscada; aromatizar con orégano.
3. Mezclar las verduras con la salsa blanca y servir caliente.
4.Decorar con perejil picado."
F00314;VERDURAS A LA CREMA;GUARN VERDURAS;FICHA;1;LECHE EVAPORADA TETRA;L;0.015000;;
F00314;VERDURAS A LA CREMA;GUARN VERDURAS;FICHA;1;OREGANO ENTERO;KG;0.000120;;
F00314;VERDURAS A LA CREMA;GUARN VERDURAS;FICHA;1;SAL DE COCINA;KG;0.001500;;
F00314;VERDURAS A LA CREMA;GUARN VERDURAS;FICHA;1;PIMIENTO ROJO REFRIGERADO;KG;0.015000;Juliana/salteado;
F00314;VERDURAS A LA CREMA;GUARN VERDURAS;FICHA;1;BROCOLI 20-40 CONGELADO;KG;0.030000;Flores / Bloquear;
F00314;VERDURAS A LA CREMA;GUARN VERDURAS;FICHA;1;COLIFLOR 20-40 CONGELADO;KG;0.015000;Flores / Bloquear;
F00314;VERDURAS A LA CREMA;GUARN VERDURAS;FICHA;1;ZAPALLO ITALIANO REFRIGERADO;KG;0.025000;Bastones/ salteado;
F00314;VERDURAS A LA CREMA;GUARN VERDURAS;FICHA;1;VAINITA ENTERO REFRIGERADO;KG;0.020000;Sesgado/ blanquear;
F00314;VERDURAS A LA CREMA;GUARN VERDURAS;FICHA;1;ZANAHORIA REFRIGERADO;KG;0.015000;Bastones /blanquear;
F00314;VERDURAS A LA CREMA;GUARN VERDURAS;FICHA;1;HARINA DE TRIGO ESPECIAL;KG;0.003000;;
F00314;VERDURAS A LA CREMA;GUARN VERDURAS;FICHA;1;NUEZ MOSCADA;KG;0.000120;;
F00314;VERDURAS A LA CREMA;GUARN VERDURAS;FICHA;1;AGUA PARA RECETA;L;0.013000;;
F00314;VERDURAS A LA CREMA;GUARN VERDURAS;FICHA;1;PIMIENTA NEGRA MOLIDA;KG;0.000120;;
F00314;VERDURAS A LA CREMA;GUARN VERDURAS;FICHA;1;PEREJIL LIZO REFRIGERADO;KG;0.003000;Picado;
F00315;VERDURAS AL AJO;GUARN VERDURAS;FICHA;1;ACEITE VEGETAL;L;0.009000;;"1. Blanquear el brócoli, zanahoria, vainita, reservar.
2. Saltear en aceite; ajo, kion y agregar zanahoria, cebolla, zapallito italiano, vainita, brocoli, pimiento.
3. Condimentar con sal, pimienta y finalmente agregar aceite de ajonjolí. Servir."
F00315;VERDURAS AL AJO;GUARN VERDURAS;FICHA;1;PIMIENTO ROJO REFRIGERADO;KG;0.015000;;
F00315;VERDURAS AL AJO;GUARN VERDURAS;FICHA;1;PIMIENTA NEGRA MOLIDA;KG;0.000120;;
F00315;VERDURAS AL AJO;GUARN VERDURAS;FICHA;1;SAL DE COCINA;KG;0.001500;;
F00315;VERDURAS AL AJO;GUARN VERDURAS;FICHA;1;AJO MOLIDO ENVASADO;KG;0.003000;;
F00315;VERDURAS AL AJO;GUARN VERDURAS;FICHA;1;BROCOLI 20-40 CONGELADO;KG;0.030000;Flores / Blanquear;
F00315;VERDURAS AL AJO;GUARN VERDURAS;FICHA;1;VAINITA ENTERO REFRIGERADO;KG;0.020000;Sesgado/blanqueado;
F00315;VERDURAS AL AJO;GUARN VERDURAS;FICHA;1;CEBOLLA ROJA REFRIGERADA;KG;0.025000;Gajos;
F00315;VERDURAS AL AJO;GUARN VERDURAS;FICHA;1;KION MOLIDO ENVASADO;KG;0.001000;;
F00315;VERDURAS AL AJO;GUARN VERDURAS;FICHA;1;ZANAHORIA REFRIGERADO;KG;0.015000;Bastones/sancochar;
F00315;VERDURAS AL AJO;GUARN VERDURAS;FICHA;1;ZAPALLO ITALIANO REFRIGERADO;KG;0.025000;Bastones;
F00316;VERDURAS AL KION;GUARN VERDURAS;FICHA;1;ACEITE VEGETAL;L;0.010000;;"1. Saltear en aceite vegetal; kion, las verduras (brócoli, pimiento, coliflor, colantao, zapallito italiano, cebolla china) agregar sillao, sal, pimienta negra, sillao y aceite de ajonjolí.
2. Servir las verduras y decorar con cebolla china."
F00316;VERDURAS AL KION;GUARN VERDURAS;FICHA;1;ZANAHORIA REFRIGERADO;KG;0.015000;Bastón / blanquear;
F00316;VERDURAS AL KION;GUARN VERDURAS;FICHA;1;PIMIENTA NEGRA MOLIDA;KG;0.000120;;
F00316;VERDURAS AL KION;GUARN VERDURAS;FICHA;1;SAL DE COCINA;KG;0.001500;;
F00316;VERDURAS AL KION;GUARN VERDURAS;FICHA;1;SALSA SILLAO;L;0.001000;;
F00316;VERDURAS AL KION;GUARN VERDURAS;FICHA;1;BROCOLI 20-40 CONGELADO;KG;0.030000;Flores / blanquear;
F00316;VERDURAS AL KION;GUARN VERDURAS;FICHA;1;PIMIENTO ROJO REFRIGERADO;KG;0.015000;Juliana;
F00316;VERDURAS AL KION;GUARN VERDURAS;FICHA;1;COLIFLOR 20-40 CONGELADO;KG;0.025000;Flores / blanquear;
F00316;VERDURAS AL KION;GUARN VERDURAS;FICHA;1;KION MOLIDO ENVASADO;KG;0.003000;;
F00316;VERDURAS AL KION;GUARN VERDURAS;FICHA;1;COLANTAO REFRIGERADO;KG;0.020000;Sesgado;
F00316;VERDURAS AL KION;GUARN VERDURAS;FICHA;1;ZAPALLO ITALIANO REFRIGERADO;KG;0.025000;Bastón;
F00316;VERDURAS AL KION;GUARN VERDURAS;FICHA;1;CEBOLLA CHINA REFRIGERADA;KG;0.005000;Sesgado;
F00317;VERDURAS SALTEADAS;GUARN VERDURAS;FICHA;1;ACEITE VEGETAL;L;0.010000;;"1. Saltear en aceite vegetal;  las verduras, zapallito italiano, brócoli, coliflor, vainita, zanahoria, tomate.
2. Condimentar con sal, pimienta y aromatizar con tomillo.
3. Servir las verduras con perejil picado."
F00317;VERDURAS SALTEADAS;GUARN VERDURAS;FICHA;1;TOMILLO;KG;0.000120;;
F00317;VERDURAS SALTEADAS;GUARN VERDURAS;FICHA;1;PIMIENTA NEGRA MOLIDA;KG;0.000120;;
F00317;VERDURAS SALTEADAS;GUARN VERDURAS;FICHA;1;SAL DE COCINA;KG;0.002000;;
F00317;VERDURAS SALTEADAS;GUARN VERDURAS;FICHA;1;ZAPALLO ITALIANO REFRIGERADO;KG;0.025000;Bastón;
F00317;VERDURAS SALTEADAS;GUARN VERDURAS;FICHA;1;BROCOLI 20-40 CONGELADO;KG;0.030000;Flores/ blanquear;
F00317;VERDURAS SALTEADAS;GUARN VERDURAS;FICHA;1;COLIFLOR 20-40 CONGELADO;KG;0.030000;Flores/ blanquear;
F00317;VERDURAS SALTEADAS;GUARN VERDURAS;FICHA;1;PEREJIL LIZO REFRIGERADO;KG;0.003000;Picado;
F00317;VERDURAS SALTEADAS;GUARN VERDURAS;FICHA;1;VAINITA ENTERO REFRIGERADO;KG;0.020000;Sesgado/ sancochar;
F00317;VERDURAS SALTEADAS;GUARN VERDURAS;FICHA;1;ZANAHORIA REFRIGERADO;KG;0.015000;Bastón/ sancochar;
F00317;VERDURAS SALTEADAS;GUARN VERDURAS;FICHA;1;TOMATE CRIOLLO REFRIGERADO;KG;0.015000;Gajos;
F00318;CAMOTE FRITO Y SALSA CRIOLLA;GUARN TUBERCULOS;FICHA;1;ACEITE VEGETAL;L;0.018000;;"1. Freír el camote en aceite caliente. Retirar, escurrir y reservar.
2. Mezclar la cebolla, ají amarillo, perejil picado, jugo de limón, vinagre, aceite, sal, pimienta.
3. Servir el camote frito con la salsa criolla."
F00318;CAMOTE FRITO Y SALSA CRIOLLA;GUARN TUBERCULOS;FICHA;1;CAMOTE AMARILLO REFRIGERADO;KG;0.120000;Pelar y rodajas delgadas;
F00318;CAMOTE FRITO Y SALSA CRIOLLA;GUARN TUBERCULOS;FICHA;1;PIMIENTA NEGRA MOLIDA;KG;0.000120;;
F00318;CAMOTE FRITO Y SALSA CRIOLLA;GUARN TUBERCULOS;FICHA;1;SAL DE COCINA;KG;0.002000;;
F00318;CAMOTE FRITO Y SALSA CRIOLLA;GUARN TUBERCULOS;FICHA;1;AJI AMARILLO REFRIGERADO;KG;0.003000;Juliana;
F00318;CAMOTE FRITO Y SALSA CRIOLLA;GUARN TUBERCULOS;FICHA;1;CEBOLLA ROJA REFRIGERADA;KG;0.020000;Pluma delgada;
F00318;CAMOTE FRITO Y SALSA CRIOLLA;GUARN TUBERCULOS;FICHA;1;LIMON VERDE REFRIGERADO;KG;0.005000;Jugo de limon;
F00318;CAMOTE FRITO Y SALSA CRIOLLA;GUARN TUBERCULOS;FICHA;1;PEREJIL LIZO REFRIGERADO;KG;0.001000;Picado fino;
F00318;CAMOTE FRITO Y SALSA CRIOLLA;GUARN TUBERCULOS;FICHA;1;VINAGRE BLANCO;L;0.001000;;
F00319;SANDWICH CON ATUN Y CEBOLLITA;SANDWICH FRIOS;FICHA;1;SAL DE COCINA;KG;0.001000;;"1. En un bowl mezclar la cebolla, apio, culantro picado, ají amarillo, agregar el atún previamente escurrido, añadir el jugo de limón y condimentar con sal, pimienta.
2. Cortar el pan y rellenar. Servir."
F00319;SANDWICH CON ATUN Y CEBOLLITA;SANDWICH FRIOS;FICHA;1;PIMIENTA NEGRA MOLIDA;KG;0.000060;;
F00319;SANDWICH CON ATUN Y CEBOLLITA;SANDWICH FRIOS;FICHA;1;APIO REFRIGERADO;KG;0.015000;Brunoise;
F00319;SANDWICH CON ATUN Y CEBOLLITA;SANDWICH FRIOS;FICHA;1;CEBOLLA ROJA REFRIGERADA;KG;0.020000;Brunoise;
F00319;SANDWICH CON ATUN Y CEBOLLITA;SANDWICH FRIOS;FICHA;1;LIMON VERDE REFRIGERADO;KG;0.005000;;
F00319;SANDWICH CON ATUN Y CEBOLLITA;SANDWICH FRIOS;FICHA;1;ATUN EN ACEITE LATA;KG;0.030000;;
F00319;SANDWICH CON ATUN Y CEBOLLITA;SANDWICH FRIOS;FICHA;1;MOLINOS PAN FRANCES 35 GR;UND;1.000000;;
F00319;SANDWICH CON ATUN Y CEBOLLITA;SANDWICH FRIOS;FICHA;1;AJI AMARILLO REFRIGERADO;KG;0.003000;Brunoise;
F00319;SANDWICH CON ATUN Y CEBOLLITA;SANDWICH FRIOS;FICHA;1;CULANTRO REFRIGERADO;KG;0.001000;Picado;
F00320;ZANAHORIAS CON COL SALTEADA;GUARN VERDURAS;FICHA;1;ZANAHORIA REFRIGERADO;KG;0.040000;Bastones/ sancochado;"1. Blanquear la zanahoria, escurrir y reservar.
2. Saltear las verduras en aceite vegetal.
3. Condimentar con sal, pimienta.
4. Servir con culantro picado."
F00320;ZANAHORIAS CON COL SALTEADA;GUARN VERDURAS;FICHA;1;CEBOLLA ROJA REFRIGERADA;KG;0.025000;Gajos;
F00320;ZANAHORIAS CON COL SALTEADA;GUARN VERDURAS;FICHA;1;SAL DE COCINA;KG;0.002000;;
F00320;ZANAHORIAS CON COL SALTEADA;GUARN VERDURAS;FICHA;1;COL CRIOLLA REFRIGERADO;KG;0.040000;Juliana;
F00320;ZANAHORIAS CON COL SALTEADA;GUARN VERDURAS;FICHA;1;PIMIENTO ROJO REFRIGERADO;KG;0.005000;Juliana;
F00320;ZANAHORIAS CON COL SALTEADA;GUARN VERDURAS;FICHA;1;PIMIENTA NEGRA MOLIDA;KG;0.000120;;
F00320;ZANAHORIAS CON COL SALTEADA;GUARN VERDURAS;FICHA;1;CULANTRO REFRIGERADO;KG;0.003000;Picado;
F00320;ZANAHORIAS CON COL SALTEADA;GUARN VERDURAS;FICHA;1;ACEITE VEGETAL;L;0.009000;;
F00321;SANDWICH CON CHORIZO;SANDW CALIENTES;FICHA;1;CHORIZO PARRILLERO CONGELADO;KG;0.100000;;"1. Freír el chorizo en aceite, escurrir para eliminar el exceso de materia grasa.
2. Cortar el pan y rellenar. Servir."
F00321;SANDWICH CON CHORIZO;SANDW CALIENTES;FICHA;1;MOLINOS PAN FRANCES 35 GR;UND;1.000000;;
F00321;SANDWICH CON CHORIZO;SANDW CALIENTES;FICHA;1;ACEITE VEGETAL;L;0.007000;;
F00322;VERDURAS SALTEADAS AL AJO;GUARN VERDURAS;FICHA;1;ACEITE VEGETAL;L;0.010000;;"1. Blanquear el brócoli, coliflor, zanahoria, vainita, reservar.
2. Saltear en aceite vegetal; ajo, kion y agregar las verduras (zapallito, brócoli, vainita, zanahoria, coliflor, pimiento) aromatizar con orégano.
3. Condimentar con sal, pimienta.
4. Servir con perejil picado."
F00322;VERDURAS SALTEADAS AL AJO;GUARN VERDURAS;FICHA;1;OREGANO ENTERO;KG;0.000120;;
F00322;VERDURAS SALTEADAS AL AJO;GUARN VERDURAS;FICHA;1;PIMIENTA NEGRA MOLIDA;KG;0.000120;;
F00322;VERDURAS SALTEADAS AL AJO;GUARN VERDURAS;FICHA;1;SAL DE COCINA;KG;0.002000;;
F00322;VERDURAS SALTEADAS AL AJO;GUARN VERDURAS;FICHA;1;ZAPALLO ITALIANO REFRIGERADO;KG;0.025000;Bastones;
F00322;VERDURAS SALTEADAS AL AJO;GUARN VERDURAS;FICHA;1;BROCOLI 20-40 CONGELADO;KG;0.020000;Flores / Blanquear;
F00322;VERDURAS SALTEADAS AL AJO;GUARN VERDURAS;FICHA;1;COLIFLOR 20-40 CONGELADO;KG;0.020000;Flores / Blanquear;
F00322;VERDURAS SALTEADAS AL AJO;GUARN VERDURAS;FICHA;1;PEREJIL LIZO REFRIGERADO;KG;0.003000;Picado;
F00322;VERDURAS SALTEADAS AL AJO;GUARN VERDURAS;FICHA;1;VAINITA ENTERO REFRIGERADO;KG;0.020000;Sesgado, blanquear;
F00322;VERDURAS SALTEADAS AL AJO;GUARN VERDURAS;FICHA;1;ZANAHORIA REFRIGERADO;KG;0.015000;Bastones, blanquear;
F00322;VERDURAS SALTEADAS AL AJO;GUARN VERDURAS;FICHA;1;KION MOLIDO ENVASADO;KG;0.001000;;
F00322;VERDURAS SALTEADAS AL AJO;GUARN VERDURAS;FICHA;1;AJO MOLIDO ENVASADO;KG;0.003000;;
F00322;VERDURAS SALTEADAS AL AJO;GUARN VERDURAS;FICHA;1;PIMIENTO ROJO REFRIGERADO;KG;0.015000;;
F00323;SANDWICH CON CREMA DE PALTA;SANDWICH FRIOS;FICHA;1;SAL DE COCINA;KG;0.002000;;"1. Cortar la palta, retirar la pepa y retirar la cascara.
2, Licuar la palta con sal, pimienta, aceite  y jugo de limón para que no se oxide.
3. Cortar el pan y rellenar con la crema de palta. Servir."
F00323;SANDWICH CON CREMA DE PALTA;SANDWICH FRIOS;FICHA;1;LIMON VERDE REFRIGERADO;KG;0.010000;;
F00323;SANDWICH CON CREMA DE PALTA;SANDWICH FRIOS;FICHA;1;PALTA FUERTE REFRIGERADO;KG;0.050000;;
F00323;SANDWICH CON CREMA DE PALTA;SANDWICH FRIOS;FICHA;1;MOLINOS PAN FRANCES 35 GR;UND;1.000000;;
F00323;SANDWICH CON CREMA DE PALTA;SANDWICH FRIOS;FICHA;1;PIMIENTA NEGRA MOLIDA;KG;0.000060;;
F00323;SANDWICH CON CREMA DE PALTA;SANDWICH FRIOS;FICHA;1;ACEITE VEGETAL;L;0.001000;;
F00324;VERDURAS SALTEADAS EN MANTEQUILLA;GUARN VERDURAS;FICHA;1;MARGARINA CON SAL REFRIGERADO GRANEL KG;KG;0.007000;;"1. Saltear en aceite y margarina, ajo, zapallito italiano, pimiento, zanahoria, vainita, brócoli y champiñones.
2. Condimentar con sal, pimienta y aromatizar con tomillo.
3. Servir el salteado con perejil picado."
F00324;VERDURAS SALTEADAS EN MANTEQUILLA;GUARN VERDURAS;FICHA;1;ACEITE VEGETAL;L;0.003000;;
F00324;VERDURAS SALTEADAS EN MANTEQUILLA;GUARN VERDURAS;FICHA;1;TOMILLO;KG;0.000120;;
F00324;VERDURAS SALTEADAS EN MANTEQUILLA;GUARN VERDURAS;FICHA;1;PIMIENTA NEGRA MOLIDA;KG;0.000120;;
F00324;VERDURAS SALTEADAS EN MANTEQUILLA;GUARN VERDURAS;FICHA;1;SAL DE COCINA;KG;0.002000;;
F00324;VERDURAS SALTEADAS EN MANTEQUILLA;GUARN VERDURAS;FICHA;1;ZAPALLO ITALIANO REFRIGERADO;KG;0.025000;Bastón;
F00324;VERDURAS SALTEADAS EN MANTEQUILLA;GUARN VERDURAS;FICHA;1;BROCOLI 20-40 CONGELADO;KG;0.030000;Flores, blanquear;
F00324;VERDURAS SALTEADAS EN MANTEQUILLA;GUARN VERDURAS;FICHA;1;CHAMPIGÑONES REFRIGERADO;KG;0.020000;Laminados;
F00324;VERDURAS SALTEADAS EN MANTEQUILLA;GUARN VERDURAS;FICHA;1;PEREJIL LIZO REFRIGERADO;KG;0.003000;Picado;
F00324;VERDURAS SALTEADAS EN MANTEQUILLA;GUARN VERDURAS;FICHA;1;VAINITA ENTERO REFRIGERADO;KG;0.020000;Sesgado, blanquear;
F00324;VERDURAS SALTEADAS EN MANTEQUILLA;GUARN VERDURAS;FICHA;1;ZANAHORIA REFRIGERADO;KG;0.015000;Bastón, blanquear;
F00324;VERDURAS SALTEADAS EN MANTEQUILLA;GUARN VERDURAS;FICHA;1;AJO MOLIDO ENVASADO;KG;0.001000;;
F00324;VERDURAS SALTEADAS EN MANTEQUILLA;GUARN VERDURAS;FICHA;1;PIMIENTO ROJO REFRIGERADO;KG;0.015000;Juliana;
F00325;SANDWICH CON HOT DOG;SANDW CALIENTES;FICHA;1;SALCHICHA HOT DOG CONGELADO;KG;0.050000;;"1. Freír la salchicha en aceite, escurrir para eliminar el exceso de grasa.
2. Cortar el pan y rellenar con el hot dog. Servir."
F00325;SANDWICH CON HOT DOG;SANDW CALIENTES;FICHA;1;MOLINOS PAN FRANCES 35 GR;UND;1.000000;;
F00325;SANDWICH CON HOT DOG;SANDW CALIENTES;FICHA;1;ACEITE VEGETAL;L;0.007000;;
F00327;YUCA SANCOCHADA;GUARN TUBERCULOS;FICHA;1;SAL DE COCINA;KG;0.001000;;"1. Lavar, trozar y pelar la yuca.
2. En una olla con agua y sal, sancocharla, hasta que esté suave."
F00327;YUCA SANCOCHADA;GUARN TUBERCULOS;FICHA;1;YUCA AMARILLA REFRIGERADO;KG;0.120000;Trozar, pelar;
F00328;TALLARINES AL NATURAL;GUARN PASTAS;FICHA;1;SAL DE COCINA;KG;0.003000;;"1. Sancochar la pasta en agua con sal; Colar; Agregar margarina, orégano, sal y pimienta."
F00328;TALLARINES AL NATURAL;GUARN PASTAS;FICHA;1;FIDEO SPAGUETTI;KG;0.120000;Sancochado;
F00328;TALLARINES AL NATURAL;GUARN PASTAS;FICHA;1;OREGANO ENTERO;KG;0.000120;;
F00328;TALLARINES AL NATURAL;GUARN PASTAS;FICHA;1;PIMIENTA NEGRA MOLIDA;KG;0.000120;;
F00328;TALLARINES AL NATURAL;GUARN PASTAS;FICHA;1;MARGARINA CON SAL REFRIGERADO GRANEL KG;KG;0.005000;;
F00329;LEGUMBRES AL VAPOR;GUARN VERDURAS;FICHA;1;SAL DE COCINA;KG;0.003000;;1. Blanquear las verduras con sal, orégano gotas de vinagre.
F00329;LEGUMBRES AL VAPOR;GUARN VERDURAS;FICHA;1;VAINITA ENTERO REFRIGERADO;KG;0.030000;Sesgado;
F00329;LEGUMBRES AL VAPOR;GUARN VERDURAS;FICHA;1;ZANAHORIA REFRIGERADO;KG;0.030000;Bastones;
F00329;LEGUMBRES AL VAPOR;GUARN VERDURAS;FICHA;1;ARVEJA PELADA CONGELADA;KG;0.010000;Sancochar;
F00329;LEGUMBRES AL VAPOR;GUARN VERDURAS;FICHA;1;COLIFLOR 20-40 CONGELADO;KG;0.030000;Flores;
F00329;LEGUMBRES AL VAPOR;GUARN VERDURAS;FICHA;1;OREGANO ENTERO;KG;0.000120;;
F00329;LEGUMBRES AL VAPOR;GUARN VERDURAS;FICHA;1;VINAGRE BLANCO;L;0.000060;;
F00329;LEGUMBRES AL VAPOR;GUARN VERDURAS;FICHA;1;PIMIENTO ROJO REFRIGERADO;KG;0.020000;Juliana;
F00330;LEGUMBRES EN MARGARINA;GUARN VERDURAS;FICHA;1;MARGARINA CON SAL REFRIGERADO GRANEL KG;KG;0.010000;;"1. Saltear en margarina las verduras y condimentar con sal, pimienta.
2. Servir."
F00330;LEGUMBRES EN MARGARINA;GUARN VERDURAS;FICHA;1;SAL DE COCINA;KG;0.003000;;
F00330;LEGUMBRES EN MARGARINA;GUARN VERDURAS;FICHA;1;ZAPALLO ITALIANO REFRIGERADO;KG;0.025000;Bastones;
F00330;LEGUMBRES EN MARGARINA;GUARN VERDURAS;FICHA;1;VAINITA ENTERO REFRIGERADO;KG;0.025000;Bastones / blanquear;
F00330;LEGUMBRES EN MARGARINA;GUARN VERDURAS;FICHA;1;ZANAHORIA REFRIGERADO;KG;0.020000;Bastones / blanquear;
F00330;LEGUMBRES EN MARGARINA;GUARN VERDURAS;FICHA;1;COLIFLOR 20-40 CONGELADO;KG;0.030000;Flores / blanquear;
F00330;LEGUMBRES EN MARGARINA;GUARN VERDURAS;FICHA;1;PIMIENTA NEGRA MOLIDA;KG;0.000120;;
F00332;LEGUMBRES SALTEADAS;GUARN VERDURAS;FICHA;1;ACEITE VEGETAL;L;0.007000;;"1. Saltear en margarina y aceite; brócoli, vainita, choclo, zanahoria, pimiento.
2. Condimentar con sal, pimienta. Aromatizar con orégano.
3. Servir con perejil picado."
F00332;LEGUMBRES SALTEADAS;GUARN VERDURAS;FICHA;1;PIMIENTA NEGRA MOLIDA;KG;0.000120;;
F00332;LEGUMBRES SALTEADAS;GUARN VERDURAS;FICHA;1;SAL DE COCINA;KG;0.002000;;
F00332;LEGUMBRES SALTEADAS;GUARN VERDURAS;FICHA;1;CHOCLO DESGRANADO CONGELADO;KG;0.015000;Sancochar;
F00332;LEGUMBRES SALTEADAS;GUARN VERDURAS;FICHA;1;BROCOLI 20-40 CONGELADO;KG;0.030000;Flores, blanquear;
F00332;LEGUMBRES SALTEADAS;GUARN VERDURAS;FICHA;1;VAINITA ENTERO REFRIGERADO;KG;0.020000;Sesgado, blanquear;
F00332;LEGUMBRES SALTEADAS;GUARN VERDURAS;FICHA;1;ZANAHORIA REFRIGERADO;KG;0.030000;Bastones, blanquear;
F00332;LEGUMBRES SALTEADAS;GUARN VERDURAS;FICHA;1;OREGANO ENTERO;KG;0.000120;;
F00332;LEGUMBRES SALTEADAS;GUARN VERDURAS;FICHA;1;PEREJIL LIZO REFRIGERADO;KG;0.003000;Picado;
F00332;LEGUMBRES SALTEADAS;GUARN VERDURAS;FICHA;1;PIMIENTO ROJO REFRIGERADO;KG;0.015000;Juliana;
F00332;LEGUMBRES SALTEADAS;GUARN VERDURAS;FICHA;1;MARGARINA CON SAL REFRIGERADO GRANEL KG;KG;0.003000;;
F00333;LEGUMBRES SALTEADAS AL OLIVO;GUARN VERDURAS;FICHA;1;ACEITE VEGETAL;L;0.003000;;"1. Saltear en aceite, brócoli, coliflor, zanahoria, vainita y pimiento.
2. Condimentar con sal y pimienta.
3. Aromatizar con orégano y albahaca.
4. Servir las verduras salteadas."
F00333;LEGUMBRES SALTEADAS AL OLIVO;GUARN VERDURAS;FICHA;1;PIMIENTA NEGRA MOLIDA;KG;0.000120;;
F00333;LEGUMBRES SALTEADAS AL OLIVO;GUARN VERDURAS;FICHA;1;SAL DE COCINA;KG;0.002000;;
F00333;LEGUMBRES SALTEADAS AL OLIVO;GUARN VERDURAS;FICHA;1;COLIFLOR 20-40 CONGELADO;KG;0.020000;Flores, Blanquear;
F00333;LEGUMBRES SALTEADAS AL OLIVO;GUARN VERDURAS;FICHA;1;BROCOLI 20-40 CONGELADO;KG;0.020000;Flores, Blanquear;
F00333;LEGUMBRES SALTEADAS AL OLIVO;GUARN VERDURAS;FICHA;1;VAINITA ENTERO REFRIGERADO;KG;0.020000;Sesgado;
F00333;LEGUMBRES SALTEADAS AL OLIVO;GUARN VERDURAS;FICHA;1;ZANAHORIA REFRIGERADO;KG;0.030000;Juliana;
F00333;LEGUMBRES SALTEADAS AL OLIVO;GUARN VERDURAS;FICHA;1;OREGANO ENTERO;KG;0.000120;;
F00333;LEGUMBRES SALTEADAS AL OLIVO;GUARN VERDURAS;FICHA;1;PIMIENTO ROJO REFRIGERADO;KG;0.015000;Juliana;
F00333;LEGUMBRES SALTEADAS AL OLIVO;GUARN VERDURAS;FICHA;1;ALBAHACA REFRIGERADO;KG;0.001000;Chifonade;
F00335;SANDWICH CON POLLO, APIO Y MAYONESA;SANDWICH FRIOS;FICHA;1;POLLO PECHUGA FILETE SIN PIEL CONGELADO;KG;0.040000;Sancochar;"1. Sancochar la pechuga de pollo, deshilachar.
2. Mezclar el pollo con apio, sal, pimienta, jugo de limón y la mayonesa
3. Cortar el pan y rellenar. Servir."
F00335;SANDWICH CON POLLO, APIO Y MAYONESA;SANDWICH FRIOS;FICHA;1;MAYONESA;KG;0.010000;;
F00335;SANDWICH CON POLLO, APIO Y MAYONESA;SANDWICH FRIOS;FICHA;1;APIO REFRIGERADO;KG;0.015000;Brunoise;
F00335;SANDWICH CON POLLO, APIO Y MAYONESA;SANDWICH FRIOS;FICHA;1;SAL DE COCINA;KG;0.002000;;
F00335;SANDWICH CON POLLO, APIO Y MAYONESA;SANDWICH FRIOS;FICHA;1;MOLINOS PAN FRANCES 35 GR;UND;1.000000;;
F00335;SANDWICH CON POLLO, APIO Y MAYONESA;SANDWICH FRIOS;FICHA;1;LIMON VERDE REFRIGERADO;KG;0.005000;;
F00335;SANDWICH CON POLLO, APIO Y MAYONESA;SANDWICH FRIOS;FICHA;1;PIMIENTA NEGRA MOLIDA;KG;0.000060;;
F00338;SANDWICH CON TORTILLA DE VERDURAS;SANDW CALIENTES;FICHA;1;ACEITE VEGETAL;L;0.010000;;"1. Batir los huevos en un bowl agregar las verduras, harina, mezclar y condimentar con sal, pimienta.
2. Calentar aceite en una plancha y freír las tortillas.
3. Cortar el pan colocar la tortilla. Servir."
F00338;SANDWICH CON TORTILLA DE VERDURAS;SANDW CALIENTES;FICHA;1;HUEVO ROSADO REFRIGERADO;KG;0.040000;;
F00338;SANDWICH CON TORTILLA DE VERDURAS;SANDW CALIENTES;FICHA;1;PIMIENTA NEGRA MOLIDA;KG;0.000060;;
F00338;SANDWICH CON TORTILLA DE VERDURAS;SANDW CALIENTES;FICHA;1;SAL DE COCINA;KG;0.002000;;
F00338;SANDWICH CON TORTILLA DE VERDURAS;SANDW CALIENTES;FICHA;1;CEBOLLA ROJA REFRIGERADA;KG;0.005000;Brunoise;
F00338;SANDWICH CON TORTILLA DE VERDURAS;SANDW CALIENTES;FICHA;1;TOMATE CRIOLLO REFRIGERADO;KG;0.005000;Macedonia;
F00338;SANDWICH CON TORTILLA DE VERDURAS;SANDW CALIENTES;FICHA;1;PASTIPAN PAN DE YEMA;UND;1.000000;;
F00338;SANDWICH CON TORTILLA DE VERDURAS;SANDW CALIENTES;FICHA;1;PIMIENTO ROJO REFRIGERADO;KG;0.005000;Macedonia;
F00338;SANDWICH CON TORTILLA DE VERDURAS;SANDW CALIENTES;FICHA;1;PEREJIL LIZO REFRIGERADO;KG;0.003000;;
F00338;SANDWICH CON TORTILLA DE VERDURAS;SANDW CALIENTES;FICHA;1;HARINA DE TRIGO ESPECIAL;KG;0.003000;;
F00340;MOTE GUISADO;GUARN MENESTRAS;FICHA;1;MAIZ MOTE;KG;0.060000;;"1.Sancochar el maíz mote en agua hirviendo, dejar cocinar hasta que estén blandos.
2. hacer un aderezo con aceite, cebolla, ajo, ají panca, pasta de tomate, sal, pimienta, orégano, azúcar. Añadir  a la cocción del maíz.
3. Rectificar sazón y servir decorado con perejil picado fino, y arveja."
F00340;MOTE GUISADO;GUARN MENESTRAS;FICHA;1;CEBOLLA ROJA REFRIGERADA;KG;0.015000;Brunoise;
F00340;MOTE GUISADO;GUARN MENESTRAS;FICHA;1;AJO MOLIDO ENVASADO;KG;0.003000;;
F00340;MOTE GUISADO;GUARN MENESTRAS;FICHA;1;ACEITE VEGETAL;L;0.005000;;
F00340;MOTE GUISADO;GUARN MENESTRAS;FICHA;1;ARVEJA PELADA CONGELADA;KG;0.005000;Sancochado;
F00340;MOTE GUISADO;GUARN MENESTRAS;FICHA;1;AJI PANCA MOLIDO ENVASADO;KG;0.001000;;
F00340;MOTE GUISADO;GUARN MENESTRAS;FICHA;1;PASTA DE TOMATE;KG;0.002000;;
F00340;MOTE GUISADO;GUARN MENESTRAS;FICHA;1;PIMIENTA NEGRA MOLIDA;KG;0.000120;;
F00340;MOTE GUISADO;GUARN MENESTRAS;FICHA;1;OREGANO ENTERO;KG;0.000120;;
F00340;MOTE GUISADO;GUARN MENESTRAS;FICHA;1;SAL DE COCINA;KG;0.003000;;
F00340;MOTE GUISADO;GUARN MENESTRAS;FICHA;1;PEREJIL LIZO REFRIGERADO;KG;0.002000;Picado fino;
F00340;MOTE GUISADO;GUARN MENESTRAS;FICHA;1;AZUCAR RUBIA;KG;0.001000;;
F00341;PAPA DORADA;GUARN TUBERCULOS;FICHA;1;ACEITE VEGETAL;L;0.010000;;"1. Lavar y pelar la papa.
2. Sancochar en agua con sal. Reservar.
3. Calentar aceite y freír la papa.
4. Servir."
F00341;PAPA DORADA;GUARN TUBERCULOS;FICHA;1;SAL DE COCINA;KG;0.002000;;
F00341;PAPA DORADA;GUARN TUBERCULOS;FICHA;1;PAPA BLANCA REFRIGERADO;KG;0.120000;;
F00342;PAPA DUQUESA;GUARN TUBERCULOS;FICHA;1;MARGARINA CON SAL REFRIGERADO GRANEL KG;KG;0.005000;;"1. Lavar, pelar y sancochar la papa en agua con sal.
2. Prensar la papa y agregar sal, pimienta, nuez moscada, margarina, queso parmesano, llevar a coccion a fuego lento mover constantemente hasta que se forme un solo bloque , retirar del fuego y añadir las yemas de huevo de una a una sin dejar de mover , cocinar unos minutos mas .
3. Colocar el puré en una manga pastelera y manguear en una placa.
4. Hornear y servir caliente."
F00342;PAPA DUQUESA;GUARN TUBERCULOS;FICHA;1;NUEZ MOSCADA;KG;0.000120;Rallar;
F00342;PAPA DUQUESA;GUARN TUBERCULOS;FICHA;1;PIMIENTA NEGRA MOLIDA;KG;0.000120;;
F00342;PAPA DUQUESA;GUARN TUBERCULOS;FICHA;1;SAL DE COCINA;KG;0.002000;;
F00342;PAPA DUQUESA;GUARN TUBERCULOS;FICHA;1;PAPA BLANCA REFRIGERADO;KG;0.120000;Sancochar;
F00342;PAPA DUQUESA;GUARN TUBERCULOS;FICHA;1;QUESO PARMESANO REFRIGERADO;KG;0.003000;;
F00342;PAPA DUQUESA;GUARN TUBERCULOS;FICHA;1;HUEVO ROSADO REFRIGERADO;KG;0.030000;;
F00343;PAPA PANADERA;GUARN TUBERCULOS;FICHA;1;PAPA BLANCA REFRIGERADO;KG;0.120000;Rodajas;"1. Mezclar la papa, cebolla, pimiento rojo, pimiento verde, ajo, sal, pimienta y aceite vegetal.
2. Colocar en papel aluminio y envolver.
3. Llevar al horno, hasta que este cocida la papa.
4. Servir caliente con perejil picado."
F00343;PAPA PANADERA;GUARN TUBERCULOS;FICHA;1;ACEITE VEGETAL;L;0.003000;;
F00343;PAPA PANADERA;GUARN TUBERCULOS;FICHA;1;CEBOLLA ROJA REFRIGERADA;KG;0.015000;Rodajas;
F00343;PAPA PANADERA;GUARN TUBERCULOS;FICHA;1;SAL DE COCINA;KG;0.002000;;
F00343;PAPA PANADERA;GUARN TUBERCULOS;FICHA;1;PIMIENTA NEGRA MOLIDA;KG;0.000120;;
F00343;PAPA PANADERA;GUARN TUBERCULOS;FICHA;1;PIMIENTO ROJO REFRIGERADO;KG;0.010000;Macedonia / Macedonia;
F00343;PAPA PANADERA;GUARN TUBERCULOS;FICHA;1;AJO MOLIDO ENVASADO;KG;0.001000;;
F00343;PAPA PANADERA;GUARN TUBERCULOS;FICHA;1;PEREJIL LIZO REFRIGERADO;KG;0.003000;Picado;
F00344;PAPA SANCOCHADA;GUARN TUBERCULOS;FICHA;1;SAL DE COCINA;KG;0.002000;;"1. Lavar la papa. Sancochar en agua con sal.
2. Retirar la papa, dejar enfriar, pelar y cortar.
3. Servir."
F00344;PAPA SANCOCHADA;GUARN TUBERCULOS;FICHA;1;PAPA BLANCA REFRIGERADO;KG;0.120000;Lavar;
F00345;PAPA AL HORNO;GUARN TUBERCULOS;FICHA;1;SAL DE COCINA;KG;0.002000;;"1. Lavar, pelar y trozar la papa, blanquear en agua hirviendo por un momento.
2. Acomodar la papa en una bandeja, agregar sal, tomillo y aceite.
3. Hornear.
4. Servir."
F00345;PAPA AL HORNO;GUARN TUBERCULOS;FICHA;1;PAPA BLANCA REFRIGERADO;KG;0.120000;Trozada;
F00345;PAPA AL HORNO;GUARN TUBERCULOS;FICHA;1;TOMILLO;KG;0.000120;;
F00345;PAPA AL HORNO;GUARN TUBERCULOS;FICHA;1;ACEITE VEGETAL;L;0.003000;;
F00346;PAPAS AL VAPOR;GUARN TUBERCULOS;FICHA;1;SAL DE COCINA;KG;0.002000;;"1. Vaporizar las papas hasta que esten tiernas; Sazonar con sal y pimienta."
F00346;PAPAS AL VAPOR;GUARN TUBERCULOS;FICHA;1;PAPA BLANCA REFRIGERADO;KG;0.120000;Vaporizar, Rodajas;
F00346;PAPAS AL VAPOR;GUARN TUBERCULOS;FICHA;1;PIMIENTA NEGRA MOLIDA;KG;0.000120;;
F00347;VERDURAS AL VAPOR;GUARN VERDURAS;FICHA;1;SAL DE COCINA;KG;0.001500;;"1. Colocar las verduras en una bandeja y vaporizar en el horno.
2. Condimentar con sal y aromatizar con orégano. Servir."
F00347;VERDURAS AL VAPOR;GUARN VERDURAS;FICHA;1;ARVEJA PELADA CONGELADA;KG;0.010000;Blanquear;
F00347;VERDURAS AL VAPOR;GUARN VERDURAS;FICHA;1;BROCOLI 20-40 CONGELADO;KG;0.028000;Flores / blanquear;
F00347;VERDURAS AL VAPOR;GUARN VERDURAS;FICHA;1;COLIFLOR 20-40 CONGELADO;KG;0.028000;Flores / blanquear;
F00347;VERDURAS AL VAPOR;GUARN VERDURAS;FICHA;1;VAINITA ENTERO REFRIGERADO;KG;0.020000;Sesgado/ sancochar;
F00347;VERDURAS AL VAPOR;GUARN VERDURAS;FICHA;1;ZANAHORIA REFRIGERADO;KG;0.030000;Bastón/ sancochar;
F00347;VERDURAS AL VAPOR;GUARN VERDURAS;FICHA;1;OREGANO ENTERO;KG;0.000120;;
F00348;LOCRO DE ZAPALLO;GUARN VERDURAS;FICHA;1;ACEITE VEGETAL;L;0.005000;;"1. Hacer un aderezo, aceite, cebolla, ajo, ají amarillo molido, papa blanca, zapallo macre, sal, pimienta, un bouquet de huacatay, agregar agua y dejar cocinar.
2. Cuando la papa y el zapallo estén cocidos, agregar el choclo sancochado, habas, queso fresco.
3. Rectificar el sabor y aromatizar con perejil.
4. Finalmente agregar leche evaporada. Servir"
F00348;LOCRO DE ZAPALLO;GUARN VERDURAS;FICHA;1;LECHE EVAPORADA TETRA;L;0.010000;;
F00348;LOCRO DE ZAPALLO;GUARN VERDURAS;FICHA;1;QUESO FRESCO REFRIGERADO;KG;0.010000;Cubos medianos;
F00348;LOCRO DE ZAPALLO;GUARN VERDURAS;FICHA;1;PIMIENTA NEGRA MOLIDA;KG;0.000120;;
F00348;LOCRO DE ZAPALLO;GUARN VERDURAS;FICHA;1;SAL DE COCINA;KG;0.003000;;
F00348;LOCRO DE ZAPALLO;GUARN VERDURAS;FICHA;1;CHOCLO DESGRANADO CONGELADO;KG;0.005000;Sancochado;
F00348;LOCRO DE ZAPALLO;GUARN VERDURAS;FICHA;1;CEBOLLA ROJA REFRIGERADA;KG;0.015000;Brunoise;
F00348;LOCRO DE ZAPALLO;GUARN VERDURAS;FICHA;1;HUACATAY REFRIGERADO;KG;0.001000;Picado;
F00348;LOCRO DE ZAPALLO;GUARN VERDURAS;FICHA;1;PAPA BLANCA REFRIGERADO;KG;0.050000;Mirepoix;
F00348;LOCRO DE ZAPALLO;GUARN VERDURAS;FICHA;1;ZAPALLO MACRE REFRIGERADO;KG;0.080000;Mirepoix;
F00348;LOCRO DE ZAPALLO;GUARN VERDURAS;FICHA;1;AJI AMARILLO MOLIDO ENVASADO;KG;0.001000;;
F00348;LOCRO DE ZAPALLO;GUARN VERDURAS;FICHA;1;HABA VERDE PELADO CONGELADO;KG;0.005000;;
F00348;LOCRO DE ZAPALLO;GUARN VERDURAS;FICHA;1;AJO MOLIDO ENVASADO;KG;0.003000;;
F00348;LOCRO DE ZAPALLO;GUARN VERDURAS;FICHA;1;PEREJIL LIZO REFRIGERADO;KG;0.003000;Picado;
F00348;LOCRO DE ZAPALLO;GUARN VERDURAS;FICHA;1;AGUA PARA RECETA;L;0.020000;;
F00349;PALLARES GUISADOS CON TOCINO;GUARN MENESTRAS;FICHA;1;ACEITE VEGETAL;L;0.005000;;"1. Remojar los pallares para ablandar.
2. En una olla con agua sancochar los pallares hasta que estén suaves.
3. En una sartén agregar aceite, dorar la cebolla, ajo, ají panca, pasta de tomate, tocino.
4. Condimentar con sal, pimienta, comino y orégano.
5. Ligar la preparación con maicena en caso sea necesario. Servir."
F00349;PALLARES GUISADOS CON TOCINO;GUARN MENESTRAS;FICHA;1;SAL DE COCINA;KG;0.003000;;
F00349;PALLARES GUISADOS CON TOCINO;GUARN MENESTRAS;FICHA;1;AJO MOLIDO ENVASADO;KG;0.003000;;
F00349;PALLARES GUISADOS CON TOCINO;GUARN MENESTRAS;FICHA;1;CEBOLLA ROJA REFRIGERADA;KG;0.015000;;
F00349;PALLARES GUISADOS CON TOCINO;GUARN MENESTRAS;FICHA;1;PALLAR;KG;0.060000;Remojado;
F00349;PALLARES GUISADOS CON TOCINO;GUARN MENESTRAS;FICHA;1;PASTA DE TOMATE;KG;0.002000;;
F00349;PALLARES GUISADOS CON TOCINO;GUARN MENESTRAS;FICHA;1;AJI PANCA MOLIDO ENVASADO;KG;0.003000;;
F00349;PALLARES GUISADOS CON TOCINO;GUARN MENESTRAS;FICHA;1;OREGANO ENTERO;KG;0.000120;;
F00349;PALLARES GUISADOS CON TOCINO;GUARN MENESTRAS;FICHA;1;COMINO MOLIDO;KG;0.000060;;
F00349;PALLARES GUISADOS CON TOCINO;GUARN MENESTRAS;FICHA;1;PIMIENTA NEGRA MOLIDA;KG;0.000120;;
F00349;PALLARES GUISADOS CON TOCINO;GUARN MENESTRAS;FICHA;1;TOCINO AHUMADO REFRIGERADO;KG;0.015000;;
F00349;PALLARES GUISADOS CON TOCINO;GUARN MENESTRAS;FICHA;1;AGUA PARA RECETA;L;0.250000;;
F00349;PALLARES GUISADOS CON TOCINO;GUARN MENESTRAS;FICHA;1;MAICENA;KG;0.003000;;
F00350;ENSALADA ALEMANA;ENSALADAS FRESCAS;FICHA;1;CHORIZO PARRILLERO CONGELADO;KG;0.015000;Rodajas;"1.Saltear en aceite los embutidos, reservar.
2.Cocer la papa en agua y sal.
3.En un bol colocar, papa, embutidos, sal, pimienta, mayonesa, cebolla china. Mezclar bien, servir y decorar con pimiento salteado en brunoise."
F00350;ENSALADA ALEMANA;ENSALADAS FRESCAS;FICHA;1;SALCHICHA HOT DOG CONGELADO;KG;0.015000;Rodajas;
F00350;ENSALADA ALEMANA;ENSALADAS FRESCAS;FICHA;1;PIMIENTA NEGRA MOLIDA;KG;0.000012;;
F00350;ENSALADA ALEMANA;ENSALADAS FRESCAS;FICHA;1;SAL DE COCINA;KG;0.002000;;
F00350;ENSALADA ALEMANA;ENSALADAS FRESCAS;FICHA;1;MAYONESA;KG;0.010000;;
F00350;ENSALADA ALEMANA;ENSALADAS FRESCAS;FICHA;1;CEBOLLA CHINA REFRIGERADA;KG;0.015000;;
F00350;ENSALADA ALEMANA;ENSALADAS FRESCAS;FICHA;1;PIMIENTO ROJO REFRIGERADO;KG;0.005000;Brunoise;
F00350;ENSALADA ALEMANA;ENSALADAS FRESCAS;FICHA;1;ACEITE VEGETAL;L;0.003000;;
F00350;ENSALADA ALEMANA;ENSALADAS FRESCAS;FICHA;1;PAPA BLANCA REFRIGERADO;KG;0.100000;Dados;
F00351;ENSALADA DE PAPA, ZANAHORIA Y BETERRAGA;ENSALADAS FRESCAS;FICHA;1;MAYONESA;KG;0.010000;;"1. Preparar una vinagreta con mayonesa, mostaza, orégano, vinagre, sal y pimienta.
2. En un bol colocar todas las verduras cocidas y mezclar con la vinagreta.
2. Servir sobre una hoja de lechuga, decorar con el jamón."
F00351;ENSALADA DE PAPA, ZANAHORIA Y BETERRAGA;ENSALADAS FRESCAS;FICHA;1;SAL DE COCINA;KG;0.002000;;
F00351;ENSALADA DE PAPA, ZANAHORIA Y BETERRAGA;ENSALADAS FRESCAS;FICHA;1;BETERRAGA ENTERA REFRIGERADA;KG;0.030000;Macedonia/ cocido;
F00351;ENSALADA DE PAPA, ZANAHORIA Y BETERRAGA;ENSALADAS FRESCAS;FICHA;1;VAINITA ENTERO REFRIGERADO;KG;0.020000;Sesgado/ cocido;
F00351;ENSALADA DE PAPA, ZANAHORIA Y BETERRAGA;ENSALADAS FRESCAS;FICHA;1;PAPA BLANCA REFRIGERADO;KG;0.050000;Macedonia/ cocido;
F00351;ENSALADA DE PAPA, ZANAHORIA Y BETERRAGA;ENSALADAS FRESCAS;FICHA;1;ZANAHORIA REFRIGERADO;KG;0.030000;Macedonia/ cocido;
F00351;ENSALADA DE PAPA, ZANAHORIA Y BETERRAGA;ENSALADAS FRESCAS;FICHA;1;PIMIENTA NEGRA MOLIDA;KG;0.000120;;
F00351;ENSALADA DE PAPA, ZANAHORIA Y BETERRAGA;ENSALADAS FRESCAS;FICHA;1;MOSTAZA;KG;0.002000;;
F00351;ENSALADA DE PAPA, ZANAHORIA Y BETERRAGA;ENSALADAS FRESCAS;FICHA;1;OREGANO ENTERO;KG;0.000120;;
F00351;ENSALADA DE PAPA, ZANAHORIA Y BETERRAGA;ENSALADAS FRESCAS;FICHA;1;VINAGRE BLANCO;L;0.000400;;
F00351;ENSALADA DE PAPA, ZANAHORIA Y BETERRAGA;ENSALADAS FRESCAS;FICHA;1;LECHUGA ORGANICA REFRIGERADO;KG;0.012000;;
F00351;ENSALADA DE PAPA, ZANAHORIA Y BETERRAGA;ENSALADAS FRESCAS;FICHA;1;JAMON PARA CAFETIN CONGELADO;KG;0.010000;Cucuruchos;
F00353;ENSALADA CAMPESINA;ENSALADAS FRESCAS;FICHA;1;HUEVO ROSADO REFRIGERADO;KG;0.015000;Cuartos;"1. Sancochar el huevo, cortar en cuartos. Reservar. Sancochar el choclo con azúcar, anís y limón , reservar
2. En un bol batir; vinagre, mayonesa, mostaza, pimienta, sal. A parte cortar las verduras según la técnica indicada.
3. Colocar la lechuga de base en el plato sobre esta colocar las verduras de manera ordenada, decorar con el jamón y el queso bañar con la vinagreta."
F00353;ENSALADA CAMPESINA;ENSALADAS FRESCAS;FICHA;1;CEBOLLA ROJA REFRIGERADA;KG;0.020000;Aros;
F00353;ENSALADA CAMPESINA;ENSALADAS FRESCAS;FICHA;1;LECHUGA ORGANICA REFRIGERADO;KG;0.040000;Deshojada;
F00353;ENSALADA CAMPESINA;ENSALADAS FRESCAS;FICHA;1;PAPA BLANCA REFRIGERADO;KG;0.030000;Cubos;
F00353;ENSALADA CAMPESINA;ENSALADAS FRESCAS;FICHA;1;TOMATE CRIOLLO REFRIGERADO;KG;0.015000;Octavos;
F00353;ENSALADA CAMPESINA;ENSALADAS FRESCAS;FICHA;1;QUESO FRESCO REFRIGERADO;KG;0.005000;Cubos;
F00353;ENSALADA CAMPESINA;ENSALADAS FRESCAS;FICHA;1;JAMON PARA CAFETIN CONGELADO;KG;0.010000;Cubos;
F00353;ENSALADA CAMPESINA;ENSALADAS FRESCAS;FICHA;1;PIMIENTO ROJO REFRIGERADO;KG;0.010000;Juliana;
F00353;ENSALADA CAMPESINA;ENSALADAS FRESCAS;FICHA;1;CHOCLO DESGRANADO CONGELADO;KG;0.005000;Sancochado;
F00353;ENSALADA CAMPESINA;ENSALADAS FRESCAS;FICHA;1;MAYONESA;KG;0.010000;;
F00353;ENSALADA CAMPESINA;ENSALADAS FRESCAS;FICHA;1;MOSTAZA;KG;0.002000;;
F00353;ENSALADA CAMPESINA;ENSALADAS FRESCAS;FICHA;1;AZUCAR RUBIA;KG;0.000500;;
F00353;ENSALADA CAMPESINA;ENSALADAS FRESCAS;FICHA;1;ANIS FILTRANTE;UND;0.000060;;
F00353;ENSALADA CAMPESINA;ENSALADAS FRESCAS;FICHA;1;LIMON VERDE REFRIGERADO;KG;0.000500;;
F00353;ENSALADA CAMPESINA;ENSALADAS FRESCAS;FICHA;1;VINAGRE BLANCO;L;0.004000;;
F00353;ENSALADA CAMPESINA;ENSALADAS FRESCAS;FICHA;1;PIMIENTA NEGRA MOLIDA;KG;0.000120;;
F00353;ENSALADA CAMPESINA;ENSALADAS FRESCAS;FICHA;1;SAL DE COCINA;KG;0.002000;;
F00356;ENSALADA CAPRESE;ENSALADAS FRESCAS;FICHA;1;ACEITE VEGETAL;L;0.009000;;"1. Cortar el tomate y el queso mozarela en rodajas.
2. Deshojar la albahaca.
3. Armado: en un plato colocar las tajadas de tomate e intercalar con el queso mozarella y la  albahaca.
4. Hacer una mezcla de vinagre, pimienta, aceite vegetal.
5. Acompañar la ensalada con la vinagreta."
F00356;ENSALADA CAPRESE;ENSALADAS FRESCAS;FICHA;1;QUESO MOZARELLA REFRIGERADO;KG;0.030000;Rodajas;
F00356;ENSALADA CAPRESE;ENSALADAS FRESCAS;FICHA;1;PIMIENTA NEGRA MOLIDA;KG;0.000120;;
F00356;ENSALADA CAPRESE;ENSALADAS FRESCAS;FICHA;1;SAL DE COCINA;KG;0.001500;;
F00356;ENSALADA CAPRESE;ENSALADAS FRESCAS;FICHA;1;ALBAHACA REFRIGERADO;KG;0.015000;Hojas;
F00356;ENSALADA CAPRESE;ENSALADAS FRESCAS;FICHA;1;TOMATE CRIOLLO REFRIGERADO;KG;0.080000;Rodajas;
F00356;ENSALADA CAPRESE;ENSALADAS FRESCAS;FICHA;1;VINAGRE BLANCO;L;0.003000;;
F00358;ENSALADA COCIDA;ENSALADA COCIDA;FICHA;1;ACEITE VEGETAL;L;0.009000;;"1.Preparar el aliño: Aceite, sal, pimienta y vinagre
2.Acomodar en el plato brocoli, coliflor, vainita y zanahoria. Bañar con el aliño."
F00358;ENSALADA COCIDA;ENSALADA COCIDA;FICHA;1;SAL DE COCINA;KG;0.002000;;
F00358;ENSALADA COCIDA;ENSALADA COCIDA;FICHA;1;BROCOLI 20-40 CONGELADO;KG;0.030000;Flores/cocido;
F00358;ENSALADA COCIDA;ENSALADA COCIDA;FICHA;1;COLIFLOR 20-40 CONGELADO;KG;0.030000;Flores/cocido;
F00358;ENSALADA COCIDA;ENSALADA COCIDA;FICHA;1;VINAGRE BLANCO;L;0.003000;;
F00358;ENSALADA COCIDA;ENSALADA COCIDA;FICHA;1;VAINITA ENTERO REFRIGERADO;KG;0.030000;Sesgado/cocido;
F00358;ENSALADA COCIDA;ENSALADA COCIDA;FICHA;1;ZANAHORIA REFRIGERADO;KG;0.030000;Bastones/cocido;
F00358;ENSALADA COCIDA;ENSALADA COCIDA;FICHA;1;PIMIENTA NEGRA MOLIDA;KG;0.000120;;
F00359;PURE DE ESPINACA CON PAPA BLANCA;GUARN TUBERCULOS;FICHA;1;MARGARINA CON SAL REFRIGERADO GRANEL KG;KG;0.005000;;"1. Lavar, pelar, sancochar la papa en agua con sal.
2. Prensar la papa y reservar.
3. Blanquear la espinaca en agua hirviendo con sal, licuar y reservar.
4. En una olla derretir margarina, agregar ajo molido, sal, pimienta,nuez moscada, la papa prensada.
5. Agregar la espinaca licuada cocinar, finalmente agregar la leche evaporada. Servir."
F00359;PURE DE ESPINACA CON PAPA BLANCA;GUARN TUBERCULOS;FICHA;1;LECHE EVAPORADA TETRA;L;0.020000;;
F00359;PURE DE ESPINACA CON PAPA BLANCA;GUARN TUBERCULOS;FICHA;1;PIMIENTA NEGRA MOLIDA;KG;0.000120;;
F00359;PURE DE ESPINACA CON PAPA BLANCA;GUARN TUBERCULOS;FICHA;1;SAL DE COCINA;KG;0.002000;;
F00359;PURE DE ESPINACA CON PAPA BLANCA;GUARN TUBERCULOS;FICHA;1;PAPA BLANCA REFRIGERADO;KG;0.060000;Sancochar / prensar;
F00359;PURE DE ESPINACA CON PAPA BLANCA;GUARN TUBERCULOS;FICHA;1;ESPINACA REFRIGERADO;KG;0.030000;Blanquear / licuar;
F00359;PURE DE ESPINACA CON PAPA BLANCA;GUARN TUBERCULOS;FICHA;1;AJO MOLIDO ENVASADO;KG;0.001000;;
F00359;PURE DE ESPINACA CON PAPA BLANCA;GUARN TUBERCULOS;FICHA;1;NUEZ MOSCADA;KG;0.000120;Rallar;
F00359;PURE DE ESPINACA CON PAPA BLANCA;GUARN TUBERCULOS;FICHA;1;AGUA PARA RECETA;L;0.010000;;
F00360;ENSALADA DE CAIGUA;ENSALADAS FRESCAS;FICHA;1;SAL DE COCINA;KG;0.002000;;"1. Vinagreta: Licuar, mayonesa, mostaza, sal, pimienta, vinagre blanco y conservar en frío.
2. Cortar las verduras como indica la técnica, conservar en frío.
3. Platear, montar la lechuga en el centro de plato, decorar con la zanahoria, tomates, cebolla, caigua, huevo en rodajas  y acompañar con la vinagreta. Servir."
F00360;ENSALADA DE CAIGUA;ENSALADAS FRESCAS;FICHA;1;CAIGUA REFRIGERADA;KG;0.050000;Juliana;
F00360;ENSALADA DE CAIGUA;ENSALADAS FRESCAS;FICHA;1;CEBOLLA ROJA REFRIGERADA;KG;0.015000;Juliana;
F00360;ENSALADA DE CAIGUA;ENSALADAS FRESCAS;FICHA;1;LECHUGA ORGANICA REFRIGERADO;KG;0.040000;Chiffonade;
F00360;ENSALADA DE CAIGUA;ENSALADAS FRESCAS;FICHA;1;ZANAHORIA REFRIGERADO;KG;0.015000;Rallar;
F00360;ENSALADA DE CAIGUA;ENSALADAS FRESCAS;FICHA;1;TOMATE CRIOLLO REFRIGERADO;KG;0.015000;Gajos;
F00360;ENSALADA DE CAIGUA;ENSALADAS FRESCAS;FICHA;1;MAYONESA;KG;0.010000;;
F00360;ENSALADA DE CAIGUA;ENSALADAS FRESCAS;FICHA;1;MOSTAZA;KG;0.002000;;
F00360;ENSALADA DE CAIGUA;ENSALADAS FRESCAS;FICHA;1;VINAGRE BLANCO;L;0.004000;;
F00360;ENSALADA DE CAIGUA;ENSALADAS FRESCAS;FICHA;1;HUEVO ROSADO REFRIGERADO;KG;0.015000;Sancochar;
F00360;ENSALADA DE CAIGUA;ENSALADAS FRESCAS;FICHA;1;PIMIENTA NEGRA MOLIDA;KG;0.000120;;
F00362;ENSALADA DE CHOCLO CON ESPINACAS;ENSALADAS FRESCAS;FICHA;1;SAL DE COCINA;KG;0.002000;;"1. Cortar las verduras (espinaca, pimiento, tomate) como indica la técnica.
1. Batir el vinagre con la mayonesa, mostaza, pimienta, sal. Saltear el pimiento rojo, conservar en frío.
2. Sancochar el choclo en agua con azúcar limón, y anís, hasta quedar blando, conservar en frío.
4. Platear, colocar primero la espinaca seguido de las verduras, queso, decorar con aceituna. Servir bañado con la vinagreta."
F00362;ENSALADA DE CHOCLO CON ESPINACAS;ENSALADAS FRESCAS;FICHA;1;CHOCLO DESGRANADO CONGELADO;KG;0.025000;;
F00362;ENSALADA DE CHOCLO CON ESPINACAS;ENSALADAS FRESCAS;FICHA;1;ACEITUNA NEGRA;KG;0.007000;;
F00362;ENSALADA DE CHOCLO CON ESPINACAS;ENSALADAS FRESCAS;FICHA;1;ESPINACA REFRIGERADO;KG;0.060000;Deshojar en mediano;
F00362;ENSALADA DE CHOCLO CON ESPINACAS;ENSALADAS FRESCAS;FICHA;1;PIMIENTO ROJO REFRIGERADO;KG;0.015000;Juliana/ salteada;
F00362;ENSALADA DE CHOCLO CON ESPINACAS;ENSALADAS FRESCAS;FICHA;1;TOMATE CRIOLLO REFRIGERADO;KG;0.015000;Rodajas;
F00362;ENSALADA DE CHOCLO CON ESPINACAS;ENSALADAS FRESCAS;FICHA;1;QUESO FRESCO REFRIGERADO;KG;0.015000;Cubos pequeños;
F00362;ENSALADA DE CHOCLO CON ESPINACAS;ENSALADAS FRESCAS;FICHA;1;MAYONESA;KG;0.010000;;
F00362;ENSALADA DE CHOCLO CON ESPINACAS;ENSALADAS FRESCAS;FICHA;1;MOSTAZA;KG;0.002000;;
F00362;ENSALADA DE CHOCLO CON ESPINACAS;ENSALADAS FRESCAS;FICHA;1;AZUCAR RUBIA;KG;0.001000;;
F00362;ENSALADA DE CHOCLO CON ESPINACAS;ENSALADAS FRESCAS;FICHA;1;ANIS FILTRANTE (KG);KG;0.000120;;
F00362;ENSALADA DE CHOCLO CON ESPINACAS;ENSALADAS FRESCAS;FICHA;1;LIMON VERDE REFRIGERADO;KG;0.001000;;
F00362;ENSALADA DE CHOCLO CON ESPINACAS;ENSALADAS FRESCAS;FICHA;1;VINAGRE BLANCO;L;0.004000;;
F00362;ENSALADA DE CHOCLO CON ESPINACAS;ENSALADAS FRESCAS;FICHA;1;PIMIENTA NEGRA MOLIDA;KG;0.000120;;
F00365;ENSALADA KENTUCKY;ENSALADAS FRESCAS;FICHA;1;SAL DE COCINA;KG;0.001500;;"1. Mezclar la col con zanahoria, cebolla, apio, mayonesa, vinagre, condimentar con azúcar, sal, pimienta.
2. Servir la ensalada con la hoja de lechuga."
F00365;ENSALADA KENTUCKY;ENSALADAS FRESCAS;FICHA;1;MAYONESA;KG;0.015000;;
F00365;ENSALADA KENTUCKY;ENSALADAS FRESCAS;FICHA;1;AZUCAR RUBIA;KG;0.003000;;
F00365;ENSALADA KENTUCKY;ENSALADAS FRESCAS;FICHA;1;APIO REFRIGERADO;KG;0.015000;Brunoise;
F00365;ENSALADA KENTUCKY;ENSALADAS FRESCAS;FICHA;1;VINAGRE BLANCO;L;0.003000;;
F00365;ENSALADA KENTUCKY;ENSALADAS FRESCAS;FICHA;1;CEBOLLA ROJA REFRIGERADA;KG;0.025000;Rallada;
F00365;ENSALADA KENTUCKY;ENSALADAS FRESCAS;FICHA;1;COL CRIOLLA REFRIGERADO;KG;0.060000;Rallada;
F00365;ENSALADA KENTUCKY;ENSALADAS FRESCAS;FICHA;1;LECHUGA ORGANICA REFRIGERADO;KG;0.012000;Decoración.;
F00365;ENSALADA KENTUCKY;ENSALADAS FRESCAS;FICHA;1;ZANAHORIA REFRIGERADO;KG;0.015000;Rallada;
F00365;ENSALADA KENTUCKY;ENSALADAS FRESCAS;FICHA;1;PIMIENTA NEGRA MOLIDA;KG;0.000120;;
F00367;ENSALADA SURTIDA;ENSALADAS FRESCAS;FICHA;1;ACEITE VEGETAL;L;0.010000;;"1. Aliño; mezclar vinagre, sal, pimienta y emulsionar con aceite.
2. Acomodar las verduras y acompañar con el aliño."
F00367;ENSALADA SURTIDA;ENSALADAS FRESCAS;FICHA;1;PIMIENTA NEGRA MOLIDA;KG;0.000120;;
F00367;ENSALADA SURTIDA;ENSALADAS FRESCAS;FICHA;1;VINAGRE BLANCO;L;0.003000;;
F00367;ENSALADA SURTIDA;ENSALADAS FRESCAS;FICHA;1;SAL DE COCINA;KG;0.002000;;
F00367;ENSALADA SURTIDA;ENSALADAS FRESCAS;FICHA;1;BETERRAGA ENTERA REFRIGERADA;KG;0.015000;Sancochar;
F00367;ENSALADA SURTIDA;ENSALADAS FRESCAS;FICHA;1;CAIGUA REFRIGERADA;KG;0.015000;Juliana;
F00367;ENSALADA SURTIDA;ENSALADAS FRESCAS;FICHA;1;CEBOLLA ROJA REFRIGERADA;KG;0.015000;Juliana;
F00367;ENSALADA SURTIDA;ENSALADAS FRESCAS;FICHA;1;COL CRIOLLA REFRIGERADO;KG;0.015000;Juliana;
F00367;ENSALADA SURTIDA;ENSALADAS FRESCAS;FICHA;1;COLIFLOR 20-40 CONGELADO;KG;0.015000;Flores / blanquear;
F00367;ENSALADA SURTIDA;ENSALADAS FRESCAS;FICHA;1;LECHUGA ORGANICA REFRIGERADO;KG;0.012000;Hojas;
F00367;ENSALADA SURTIDA;ENSALADAS FRESCAS;FICHA;1;PALTA FUERTE REFRIGERADO;KG;0.015000;Gajos;
F00367;ENSALADA SURTIDA;ENSALADAS FRESCAS;FICHA;1;PEPINILLO REFRIGERADO;KG;0.015000;;
F00367;ENSALADA SURTIDA;ENSALADAS FRESCAS;FICHA;1;RABANITO REFRIGERADO;KG;0.010000;Rodajas;
F00367;ENSALADA SURTIDA;ENSALADAS FRESCAS;FICHA;1;TOMATE CRIOLLO REFRIGERADO;KG;0.015000;Gajos;
F00367;ENSALADA SURTIDA;ENSALADAS FRESCAS;FICHA;1;ZANAHORIA REFRIGERADO;KG;0.010000;Rallada;
F00369;CHICHA MORADA;BEB JUGOS REF PULPA CONGELADA;FICHA;1;CONCENTRADO DE MAIZ MORADO;L;0.034000;;"1. Diluir el concentrado de chicha morada en agua. Mezclar.
2. Agregar jugo de limón. Servir."
F00369;CHICHA MORADA;BEB JUGOS REF PULPA CONGELADA;FICHA;1;LIMON VERDE REFRIGERADO;KG;0.015000;;
F00369;CHICHA MORADA;BEB JUGOS REF PULPA CONGELADA;FICHA;1;AGUA PARA RECETA;L;0.241000;;
F00370;LIMONADA;BEB REFRESCOS NATURALES;FICHA;1;AZUCAR BLANCA GRANEL;KG;0.022085;;"1. Mezclar el zumo con el agua.
2. Endulzar con azúcar. Servir."
F00370;LIMONADA;BEB REFRESCOS NATURALES;FICHA;1;AGUA PARA RECETA;L;0.220848;;
F00370;LIMONADA;BEB REFRESCOS NATURALES;FICHA;1;ZUMO DE LIMON CONGELADO;KG;0.007067;;
F00371;REFRESCO DE PIÑA;BEB REFRESCOS NATURALES;FICHA;1;CANELA ENTERA;KG;0.000120;;"1. Lavar, desinfectar, pelar y cortar la piña. Licuar y colar. Reservar.
2. Llevar a hervir la cascara de piña con canela, mezclar el agua de la cocción con la fruta licuada.
3. Endulzar y mezclar bien. Servir."
F00371;REFRESCO DE PIÑA;BEB REFRESCOS NATURALES;FICHA;1;AGUA PARA RECETA;L;0.220000;;
F00371;REFRESCO DE PIÑA;BEB REFRESCOS NATURALES;FICHA;1;AZUCAR RUBIA;KG;0.025000;;
F00371;REFRESCO DE PIÑA;BEB REFRESCOS NATURALES;FICHA;1;PIÑA SELVA REFRIGERADO;KG;0.080000;;
F00372;PURE DE PAPA DESHIDRATADA;GUARN TUBERCULOS;FICHA;1;MARGARINA CON SAL REFRIGERADO GRANEL KG;KG;0.005000;;"1. Derretir margarina en un olla, agregar ajo, agua, sal y pimienta.
2. Agregar el puré de papa deshidratado y mover constantemente.
3. Rectificar el sabor y finalmente agregar  la leche evaporada.
4- Servir."
F00372;PURE DE PAPA DESHIDRATADA;GUARN TUBERCULOS;FICHA;1;LECHE EVAPORADA TETRA;L;0.020000;;
F00372;PURE DE PAPA DESHIDRATADA;GUARN TUBERCULOS;FICHA;1;PIMIENTA NEGRA MOLIDA;KG;0.000120;;
F00372;PURE DE PAPA DESHIDRATADA;GUARN TUBERCULOS;FICHA;1;NUEZ MOSCADA;KG;0.000120;Rallar;
F00372;PURE DE PAPA DESHIDRATADA;GUARN TUBERCULOS;FICHA;1;SAL DE COCINA;KG;0.002000;;
F00372;PURE DE PAPA DESHIDRATADA;GUARN TUBERCULOS;FICHA;1;PURE DE PAPA DESHIDRATADA;KG;0.035000;;
F00372;PURE DE PAPA DESHIDRATADA;GUARN TUBERCULOS;FICHA;1;AJO MOLIDO ENVASADO;KG;0.001000;;
F00372;PURE DE PAPA DESHIDRATADA;GUARN TUBERCULOS;FICHA;1;AGUA PARA RECETA;L;0.020000;;
F00373;REFRESCO DE CARAMBOLA;BEB JUGOS REF PULPA CONGELADA;FICHA;1;AGUA PARA RECETA;L;0.241000;;"1. Diluir el concentrado de carambola en agua. Mezclar bien.
2. Endulzar con azúcar. Servir."
F00373;REFRESCO DE CARAMBOLA;BEB JUGOS REF PULPA CONGELADA;FICHA;1;AZUCAR RUBIA;KG;0.006200;;
F00373;REFRESCO DE CARAMBOLA;BEB JUGOS REF PULPA CONGELADA;FICHA;1;CONCENTRADO DE CARAMBOLA;L;0.034000;;
F00374;REFRESCO DE CEBADA;BEB REFRESCOS NATURALES;FICHA;1;AZUCAR RUBIA;KG;0.025000;;"1. En una olla colocar la cebada con agua y dejar hervir, hasta que la cebada haya soltado todo el sabor y color. Retirar y enfriar.
2. Endulzar con azúcar rubia.
3. Agregar el jugo del limón. Servir."
F00374;REFRESCO DE CEBADA;BEB REFRESCOS NATURALES;FICHA;1;LIMON VERDE REFRIGERADO;KG;0.015000;;
F00374;REFRESCO DE CEBADA;BEB REFRESCOS NATURALES;FICHA;1;CEBADA TOSTADA;KG;0.015000;;
F00374;REFRESCO DE CEBADA;BEB REFRESCOS NATURALES;FICHA;1;AGUA PARA RECETA;L;0.260000;;
F00375;SALTADO DE BROCOLI Y CAIGUA;GUARN VERDURAS;FICHA;1;ACEITE VEGETAL;L;0.010000;;"1. Saltear en aceite vegetal, ajo, brócoli, caihua, pimiento, sal, pimienta,sillao.
2. Añadir culantro y orégano.
3. Servir caliente el saltado."
F00375;SALTADO DE BROCOLI Y CAIGUA;GUARN VERDURAS;FICHA;1;SAL DE COCINA;KG;0.001500;;
F00375;SALTADO DE BROCOLI Y CAIGUA;GUARN VERDURAS;FICHA;1;SALSA SILLAO;L;0.003000;;
F00375;SALTADO DE BROCOLI Y CAIGUA;GUARN VERDURAS;FICHA;1;BROCOLI 20-40 CONGELADO;KG;0.060000;Flores, blanquear;
F00375;SALTADO DE BROCOLI Y CAIGUA;GUARN VERDURAS;FICHA;1;CAIGUA REFRIGERADA;KG;0.060000;Juliana;
F00375;SALTADO DE BROCOLI Y CAIGUA;GUARN VERDURAS;FICHA;1;PIMIENTO ROJO REFRIGERADO;KG;0.005000;Juliana;
F00375;SALTADO DE BROCOLI Y CAIGUA;GUARN VERDURAS;FICHA;1;OREGANO ENTERO;KG;0.000120;;
F00375;SALTADO DE BROCOLI Y CAIGUA;GUARN VERDURAS;FICHA;1;PIMIENTA NEGRA MOLIDA;KG;0.000120;;
F00375;SALTADO DE BROCOLI Y CAIGUA;GUARN VERDURAS;FICHA;1;CULANTRO REFRIGERADO;KG;0.003000;Picado;
F00375;SALTADO DE BROCOLI Y CAIGUA;GUARN VERDURAS;FICHA;1;AJO MOLIDO ENVASADO;KG;0.001000;;
F00376;SALTADO DE BROCOLI CON ZANAHORIA ( CAL);GUARN VERDURAS;FICHA;1;SAL DE COCINA;KG;0.001500;;"1. Blanquear las verduras, enfriar, escurrir y reservar.
2. Saltear en aceite vegetal; las verduras (brócoli, zanahoria, cebolla) con ajo, decorar con perejil. Condimentar con sal y pimienta.
3. Servir."
F00376;SALTADO DE BROCOLI CON ZANAHORIA ( CAL);GUARN VERDURAS;FICHA;1;ZANAHORIA REFRIGERADO;KG;0.040000;Bastones/ blanquear;
F00376;SALTADO DE BROCOLI CON ZANAHORIA ( CAL);GUARN VERDURAS;FICHA;1;BROCOLI 20-40 CONGELADO;KG;0.060000;Flores / blanquear;
F00376;SALTADO DE BROCOLI CON ZANAHORIA ( CAL);GUARN VERDURAS;FICHA;1;CEBOLLA ROJA REFRIGERADA;KG;0.025000;Gajos;
F00376;SALTADO DE BROCOLI CON ZANAHORIA ( CAL);GUARN VERDURAS;FICHA;1;AJO MOLIDO ENVASADO;KG;0.001000;;
F00376;SALTADO DE BROCOLI CON ZANAHORIA ( CAL);GUARN VERDURAS;FICHA;1;PEREJIL LIZO REFRIGERADO;KG;0.003000;;
F00376;SALTADO DE BROCOLI CON ZANAHORIA ( CAL);GUARN VERDURAS;FICHA;1;PIMIENTA NEGRA MOLIDA;KG;0.000120;;
F00376;SALTADO DE BROCOLI CON ZANAHORIA ( CAL);GUARN VERDURAS;FICHA;1;ACEITE VEGETAL;L;0.009000;;
F00377;SALTADO DE CAIGUA Y COLIFLOR;GUARN VERDURAS;FICHA;1;ACEITE VEGETAL;L;0.010000;;"1. Saltear en aceite vegetal, ajo, zapallito, pimiento, coliflor, caihua.
2. Condimentar con sal, pimienta, sillao.
3. Aromatizar con orégano, perejil.
4. Servir caliente el saltado."
F00377;SALTADO DE CAIGUA Y COLIFLOR;GUARN VERDURAS;FICHA;1;SAL DE COCINA;KG;0.001500;;
F00377;SALTADO DE CAIGUA Y COLIFLOR;GUARN VERDURAS;FICHA;1;SALSA SILLAO;L;0.003000;;
F00377;SALTADO DE CAIGUA Y COLIFLOR;GUARN VERDURAS;FICHA;1;COLIFLOR 20-40 CONGELADO;KG;0.050000;Flores, blanquear;
F00377;SALTADO DE CAIGUA Y COLIFLOR;GUARN VERDURAS;FICHA;1;CAIGUA REFRIGERADA;KG;0.060000;Juliana;
F00377;SALTADO DE CAIGUA Y COLIFLOR;GUARN VERDURAS;FICHA;1;PIMIENTO ROJO REFRIGERADO;KG;0.005000;Juliana;
F00377;SALTADO DE CAIGUA Y COLIFLOR;GUARN VERDURAS;FICHA;1;OREGANO ENTERO;KG;0.000120;;
F00377;SALTADO DE CAIGUA Y COLIFLOR;GUARN VERDURAS;FICHA;1;PIMIENTA NEGRA MOLIDA;KG;0.000120;;
F00377;SALTADO DE CAIGUA Y COLIFLOR;GUARN VERDURAS;FICHA;1;PEREJIL LIZO REFRIGERADO;KG;0.003000;Picado;
F00377;SALTADO DE CAIGUA Y COLIFLOR;GUARN VERDURAS;FICHA;1;ZAPALLO ITALIANO REFRIGERADO;KG;0.020000;Juliana;
F00377;SALTADO DE CAIGUA Y COLIFLOR;GUARN VERDURAS;FICHA;1;AJO MOLIDO ENVASADO;KG;0.001000;;
F00378;REFRESCO DE COCONA;BEB REFRESCOS NATURALES;FICHA;1;AGUA PARA RECETA;L;0.241000;;"1.Hervir la cocona con canela y clavo y agua , retirar la canela y el clavo, licuar, colar.
2. Endulzar el refresco con azúcar.
3. Servir."
F00378;REFRESCO DE COCONA;BEB REFRESCOS NATURALES;FICHA;1;CANELA ENTERA;KG;0.000120;;
F00378;REFRESCO DE COCONA;BEB REFRESCOS NATURALES;FICHA;1;CLAVO DE OLOR ENTERO;KG;0.000060;;
F00378;REFRESCO DE COCONA;BEB REFRESCOS NATURALES;FICHA;1;AZUCAR RUBIA;KG;0.025000;;
F00378;REFRESCO DE COCONA;BEB REFRESCOS NATURALES;FICHA;1;COCONA REFRIGERADO;KG;0.040000;;
F00379;REFRESCO DE MARACUYA;BEB REFRESCOS NATURALES;FICHA;1;AGUA PARA RECETA;L;0.241000;;"1. Diluir el concentrado de maracuyá en agua. Mezclar.
2. Endulzar con azúcar, mezclar.
3. Servir."
F00379;REFRESCO DE MARACUYA;BEB REFRESCOS NATURALES;FICHA;1;AZUCAR RUBIA;KG;0.006200;;
F00379;REFRESCO DE MARACUYA;BEB REFRESCOS NATURALES;FICHA;1;CONCENTRADO DE MARACUYA;L;0.034000;;
F00380;SALTADO DE VAINITA Y ZANAHORIA;GUARN VERDURAS;FICHA;1;ACEITE VEGETAL;L;0.010000;;"1. Saltear en aceite, ajo, kión, vainita, zanahoria, pimiento, condimentar con sal, pimienta, sillao.
2. Agregar orégano para aromatizar.
3. Servir con perejil picado."
F00380;SALTADO DE VAINITA Y ZANAHORIA;GUARN VERDURAS;FICHA;1;SAL DE COCINA;KG;0.001500;;
F00380;SALTADO DE VAINITA Y ZANAHORIA;GUARN VERDURAS;FICHA;1;SALSA SILLAO;L;0.003000;;
F00380;SALTADO DE VAINITA Y ZANAHORIA;GUARN VERDURAS;FICHA;1;VAINITA ENTERO REFRIGERADO;KG;0.050000;Sesgado, blanquear;
F00380;SALTADO DE VAINITA Y ZANAHORIA;GUARN VERDURAS;FICHA;1;ZANAHORIA REFRIGERADO;KG;0.050000;Bastones, blanquear;
F00380;SALTADO DE VAINITA Y ZANAHORIA;GUARN VERDURAS;FICHA;1;PIMIENTO ROJO REFRIGERADO;KG;0.015000;Juliana;
F00380;SALTADO DE VAINITA Y ZANAHORIA;GUARN VERDURAS;FICHA;1;OREGANO ENTERO;KG;0.000120;;
F00380;SALTADO DE VAINITA Y ZANAHORIA;GUARN VERDURAS;FICHA;1;PIMIENTA NEGRA MOLIDA;KG;0.000120;;
F00380;SALTADO DE VAINITA Y ZANAHORIA;GUARN VERDURAS;FICHA;1;PEREJIL LIZO REFRIGERADO;KG;0.003000;Picado;
F00380;SALTADO DE VAINITA Y ZANAHORIA;GUARN VERDURAS;FICHA;1;KION MOLIDO ENVASADO;KG;0.001000;;
F00380;SALTADO DE VAINITA Y ZANAHORIA;GUARN VERDURAS;FICHA;1;AJO MOLIDO ENVASADO;KG;0.001000;;
F00381;SALTADO DE ZANAHORIAS;GUARN VERDURAS;FICHA;1;ACEITE VEGETAL;L;0.010000;;"1. Saltear en aceite vegetal, ajo, zanahoria, pimiento, cebolla, papa, tomate, sillao.
2. Condimentar con sal, pimienta y aromatizar con orégano.
3. Servir el saltado con perejil picado."
F00381;SALTADO DE ZANAHORIAS;GUARN VERDURAS;FICHA;1;SAL DE COCINA;KG;0.001500;;
F00381;SALTADO DE ZANAHORIAS;GUARN VERDURAS;FICHA;1;SALSA SILLAO;L;0.003000;;
F00381;SALTADO DE ZANAHORIAS;GUARN VERDURAS;FICHA;1;CEBOLLA ROJA REFRIGERADA;KG;0.025000;Gajos;
F00381;SALTADO DE ZANAHORIAS;GUARN VERDURAS;FICHA;1;ZANAHORIA REFRIGERADO;KG;0.060000;Bastones, blanquear;
F00381;SALTADO DE ZANAHORIAS;GUARN VERDURAS;FICHA;1;PIMIENTO ROJO REFRIGERADO;KG;0.005000;Juliana;
F00381;SALTADO DE ZANAHORIAS;GUARN VERDURAS;FICHA;1;OREGANO ENTERO;KG;0.000120;;
F00381;SALTADO DE ZANAHORIAS;GUARN VERDURAS;FICHA;1;PIMIENTA NEGRA MOLIDA;KG;0.000120;;
F00381;SALTADO DE ZANAHORIAS;GUARN VERDURAS;FICHA;1;PEREJIL LIZO REFRIGERADO;KG;0.003000;Picado;
F00381;SALTADO DE ZANAHORIAS;GUARN VERDURAS;FICHA;1;TOMATE CRIOLLO REFRIGERADO;KG;0.015000;Gajos;
F00381;SALTADO DE ZANAHORIAS;GUARN VERDURAS;FICHA;1;AJO MOLIDO ENVASADO;KG;0.001000;;
F00381;SALTADO DE ZANAHORIAS;GUARN VERDURAS;FICHA;1;PAPA BLANCA REFRIGERADO;KG;0.030000;Bastones, blanquear;
F00382;REFRESCO DE NARANJA;BEB JUG CONCENTRADOS;FICHA;1;AZUCAR RUBIA;KG;0.030000;;"1. Diluir el jugo de naranja con agua, mezclar bien.
2. Agregar azúcar y disolverla bien. Servir."
F00382;REFRESCO DE NARANJA;BEB JUG CONCENTRADOS;FICHA;1;JUGO DE NARANJA;L;0.050000;;
F00382;REFRESCO DE NARANJA;BEB JUG CONCENTRADOS;FICHA;1;AGUA PARA RECETA;L;0.200000;;
F00384;SALTADO DE ZAPALLITO ITALIANO;GUARN VERDURAS;FICHA;1;ACEITE VEGETAL;L;0.010000;;"1. Saltear en aceite los vegetales, ajo, el zapallito, cebolla, pimiento y la papa, sillao.
2. Condimentar con sal, pimienta y aromatizar con orégano.
3. Servir el saltado con albahaca."
F00384;SALTADO DE ZAPALLITO ITALIANO;GUARN VERDURAS;FICHA;1;SAL DE COCINA;KG;0.001500;;
F00384;SALTADO DE ZAPALLITO ITALIANO;GUARN VERDURAS;FICHA;1;SALSA SILLAO;L;0.003000;;
F00384;SALTADO DE ZAPALLITO ITALIANO;GUARN VERDURAS;FICHA;1;CEBOLLA ROJA REFRIGERADA;KG;0.025000;Gajos;
F00384;SALTADO DE ZAPALLITO ITALIANO;GUARN VERDURAS;FICHA;1;ZAPALLO ITALIANO REFRIGERADO;KG;0.080000;Bastones;
F00384;SALTADO DE ZAPALLITO ITALIANO;GUARN VERDURAS;FICHA;1;PIMIENTO ROJO REFRIGERADO;KG;0.005000;Juliana;
F00384;SALTADO DE ZAPALLITO ITALIANO;GUARN VERDURAS;FICHA;1;OREGANO ENTERO;KG;0.000120;;
F00384;SALTADO DE ZAPALLITO ITALIANO;GUARN VERDURAS;FICHA;1;PIMIENTA NEGRA MOLIDA;KG;0.000120;;
F00384;SALTADO DE ZAPALLITO ITALIANO;GUARN VERDURAS;FICHA;1;ALBAHACA REFRIGERADO;KG;0.003000;Chifonade;
F00384;SALTADO DE ZAPALLITO ITALIANO;GUARN VERDURAS;FICHA;1;AJO MOLIDO ENVASADO;KG;0.001000;;
F00384;SALTADO DE ZAPALLITO ITALIANO;GUARN VERDURAS;FICHA;1;PAPA BLANCA REFRIGERADO;KG;0.030000;Bastón;
F00392;SPAGUETTI AL PESTO;GUARN PASTAS;FICHA;1;LECHE EVAPORADA TETRA;L;0.015000;;"1. En una olla hervir agua con sal. Agregar los fideos, escurrir y agregar aceite para que no se pegue. Reservar.
2. Salsa; sudar en aceite vegetal, cebolla, ajo, albahaca, espinaca. Licuar con leche, queso fresco y pecanas. Regresar a cocción, condimentar con sal, pimienta.
4. Servir la pasta con la salsa, espolvorear con queso parmesano."
F00392;SPAGUETTI AL PESTO;GUARN PASTAS;FICHA;1;QUESO FRESCO REFRIGERADO;KG;0.015000;;
F00392;SPAGUETTI AL PESTO;GUARN PASTAS;FICHA;1;PECANAS PELADAS;KG;0.001000;Picado;
F00392;SPAGUETTI AL PESTO;GUARN PASTAS;FICHA;1;PIMIENTA NEGRA MOLIDA;KG;0.000120;;
F00392;SPAGUETTI AL PESTO;GUARN PASTAS;FICHA;1;SAL DE COCINA;KG;0.003000;;
F00392;SPAGUETTI AL PESTO;GUARN PASTAS;FICHA;1;AJO MOLIDO ENVASADO;KG;0.003000;;
F00392;SPAGUETTI AL PESTO;GUARN PASTAS;FICHA;1;ALBAHACA REFRIGERADO;KG;0.020000;Licuar;
F00392;SPAGUETTI AL PESTO;GUARN PASTAS;FICHA;1;CEBOLLA ROJA REFRIGERADA;KG;0.015000;Brunoise;
F00392;SPAGUETTI AL PESTO;GUARN PASTAS;FICHA;1;ESPINACA REFRIGERADO;KG;0.030000;Licuar;
F00392;SPAGUETTI AL PESTO;GUARN PASTAS;FICHA;1;FIDEO SPAGUETTI;KG;0.140000;;
F00392;SPAGUETTI AL PESTO;GUARN PASTAS;FICHA;1;AGUA PARA RECETA;L;0.020000;;
F00392;SPAGUETTI AL PESTO;GUARN PASTAS;FICHA;1;ACEITE VEGETAL;L;0.007000;;
F00392;SPAGUETTI AL PESTO;GUARN PASTAS;FICHA;1;QUESO PARMESANO REFRIGERADO;KG;0.001000;;
F00414;PAPAS FRITAS;GUARN TUBERCULOS;FICHA;1;SAL DE COCINA;KG;0.002000;;"1. Cortar la papa en bastones, mantenerlas en agua para que no se oxiden.
2. Calentar aceite y freír las papas, escurrir.
3. Agregar sal y servir."
F00414;PAPAS FRITAS;GUARN TUBERCULOS;FICHA;1;PAPA BLANCA REFRIGERADO;KG;0.120000;Bastones;
F00414;PAPAS FRITAS;GUARN TUBERCULOS;FICHA;1;ACEITE VEGETAL;L;0.015000;;
F00445;HUEVO FRITO;GUARN OTROS;FICHA;1;HUEVO ROSADO REFRIGERADO;KG;0.060000;;"1. En una plancha calentar aceite.
2. Cascar el huevo y freír.
3. Servir el huevo frito con sal."
F00445;HUEVO FRITO;GUARN OTROS;FICHA;1;SAL DE COCINA;KG;0.001000;;
F00445;HUEVO FRITO;GUARN OTROS;FICHA;1;ACEITE VEGETAL;L;0.010000;;
F00480;ENSALADA PRIMAVERAL CON POLLO TL;ENSALADAS MIXTAS;FICHA;1;POLLO PECHUGA FILETE SIN PIEL CONGELADO;KG;0.030000;Cubos medianos;"1. Sancochar la pechuga de pollo. Reservar.
2. Mezclar la vainita, zanahoria, pimiento, piña, col criolla, pollo. Agregar la mayonesa, mezclar y condimentar con sal, pimienta.
3. Servir la ensalada y decorar con la hoja de lechuga."
F00480;ENSALADA PRIMAVERAL CON POLLO TL;ENSALADAS MIXTAS;FICHA;1;PIMIENTA NEGRA MOLIDA;KG;0.000120;;
F00480;ENSALADA PRIMAVERAL CON POLLO TL;ENSALADAS MIXTAS;FICHA;1;SAL DE COCINA;KG;0.001500;;
F00480;ENSALADA PRIMAVERAL CON POLLO TL;ENSALADAS MIXTAS;FICHA;1;MAYONESA;KG;0.015000;;
F00480;ENSALADA PRIMAVERAL CON POLLO TL;ENSALADAS MIXTAS;FICHA;1;COL CRIOLLA REFRIGERADO;KG;0.030000;;
F00480;ENSALADA PRIMAVERAL CON POLLO TL;ENSALADAS MIXTAS;FICHA;1;LECHUGA AMERICANA REFRIGERADO;KG;0.012000;;
F00480;ENSALADA PRIMAVERAL CON POLLO TL;ENSALADAS MIXTAS;FICHA;1;PIÑA SELVA REFRIGERADO;KG;0.030000;Cubos medianos;
F00480;ENSALADA PRIMAVERAL CON POLLO TL;ENSALADAS MIXTAS;FICHA;1;PIMIENTO ROJO REFRIGERADO;KG;0.015000;Juliana;
F00480;ENSALADA PRIMAVERAL CON POLLO TL;ENSALADAS MIXTAS;FICHA;1;VAINITA ENTERO REFRIGERADO;KG;0.020000;Sesgado, blanquear;
F00480;ENSALADA PRIMAVERAL CON POLLO TL;ENSALADAS MIXTAS;FICHA;1;ZANAHORIA REFRIGERADO;KG;0.015000;Juliana, blanquear;
F00497;JUGO DE PAPAYA CON PLATANO;BEB JUG PULPA NATURAL;FICHA;1;PULPA DE PAPAYA CONGELADA;KG;0.060000;;"1. Lavar, desinfectar, pelar y cortar el plátano. Reservar.
2. Licuar el plátano con agua y verter a un recipiente.
3. Agregar el concentrado de papaya y mezclar bien.
4. Endulzar  con azucar y servir."
F00497;JUGO DE PAPAYA CON PLATANO;BEB JUG PULPA NATURAL;FICHA;1;AGUA PARA RECETA;L;0.100000;;
F00497;JUGO DE PAPAYA CON PLATANO;BEB JUG PULPA NATURAL;FICHA;1;AZUCAR RUBIA;KG;0.010000;;
F00497;JUGO DE PAPAYA CON PLATANO;BEB JUG PULPA NATURAL;FICHA;1;PLATANO SEDA REFRIGERADO;KG;0.080000;;
F00498;JUGO DE MANGO;BEB JUG PULPA NATURAL;FICHA;1;MANGO PULPA CONGELADO;KG;0.111000;;1. Diluir el concentrado de mango en agua, mezclar bien y endulzar con azúcar. Servir.
F00498;JUGO DE MANGO;BEB JUG PULPA NATURAL;FICHA;1;AGUA PARA RECETA;L;0.139000;;
F00498;JUGO DE MANGO;BEB JUG PULPA NATURAL;FICHA;1;AZUCAR RUBIA;KG;0.018000;;
F00503;TACU TACU DE FRIJOLES;GUARN MENESTRAS;FICHA;1;ACEITE VEGETAL;L;0.010000;;"1. Hacer un aderezo, aceite, cebolla, ajo, ají amarillo, ají panca molido, tomate, sal, pimienta, comino, orégano.
2. Agregar el frejol, agua dejar cocinar hasta que este blando, luego mezclar con el arroz previamente cocido.
3. En una sartén calentar aceite y agregar la mezcla de frejoles, dorar y armar el tacu tacu.
4. Servir caliente."
F00503;TACU TACU DE FRIJOLES;GUARN MENESTRAS;FICHA;1;AJI PANCA MOLIDO ENVASADO;KG;0.002000;;
F00503;TACU TACU DE FRIJOLES;GUARN MENESTRAS;FICHA;1;PIMIENTA NEGRA MOLIDA;KG;0.000120;;
F00503;TACU TACU DE FRIJOLES;GUARN MENESTRAS;FICHA;1;SAL DE COCINA;KG;0.002000;;
F00503;TACU TACU DE FRIJOLES;GUARN MENESTRAS;FICHA;1;AJO MOLIDO ENVASADO;KG;0.003000;;
F00503;TACU TACU DE FRIJOLES;GUARN MENESTRAS;FICHA;1;AJI AMARILLO REFRIGERADO;KG;0.002000;Brunoise;
F00503;TACU TACU DE FRIJOLES;GUARN MENESTRAS;FICHA;1;CEBOLLA ROJA REFRIGERADA;KG;0.015000;Brunoise;
F00503;TACU TACU DE FRIJOLES;GUARN MENESTRAS;FICHA;1;AGUA PARA RECETA;L;0.300000;;
F00503;TACU TACU DE FRIJOLES;GUARN MENESTRAS;FICHA;1;ARROZ EXTRA;KG;0.060000;Cocido;
F00503;TACU TACU DE FRIJOLES;GUARN MENESTRAS;FICHA;1;FRIJOL CANARIO;KG;0.040000;Remojar;
F00503;TACU TACU DE FRIJOLES;GUARN MENESTRAS;FICHA;1;TOMATE CRIOLLO REFRIGERADO;KG;0.015000;Concasse;
F00503;TACU TACU DE FRIJOLES;GUARN MENESTRAS;FICHA;1;OREGANO ENTERO;KG;0.000120;;
F00503;TACU TACU DE FRIJOLES;GUARN MENESTRAS;FICHA;1;COMINO MOLIDO;KG;0.000060;;
F00506;CAMOTE FRITO;GUARN TUBERCULOS;FICHA;1;ACEITE VEGETAL;L;0.020000;;"1. Lavar, pelar y cortar en rodajas.
2. En una sartén freír el camote en aceite caliente. Retirar y escurrir.
3. Servir caliente."
F00506;CAMOTE FRITO;GUARN TUBERCULOS;FICHA;1;CAMOTE AMARILLO REFRIGERADO;KG;0.120000;Rodajas;
F00507;CEREAL ANGEL FIBRA;GUARN OTROS;FICHA;1;CEREAL ANGEL FIBRA;KG;0.030000;;1. Servir.
F00508;CEREAL ANGEL SHAPE;GUARN OTROS;FICHA;1;CEREAL ANGEL SHAPE;KG;0.030000;;1. Servir.
F00509;JUGO DE MELON;BEB JUG CONCENTRADOS;FICHA;1;AZUCAR RUBIA;KG;0.020000;;"1. Lavar, desinfectar, pelar y cortar el melón.
2. Licuar el melón con agua.
3. Verter en un recipiente y endulzar con azúcar. Servir"
F00509;JUGO DE MELON;BEB JUG CONCENTRADOS;FICHA;1;MELON ROSADO REFRIGERADO;KG;0.250000;;
F00509;JUGO DE MELON;BEB JUG CONCENTRADOS;FICHA;1;AGUA PARA RECETA;L;0.120000;;
F00510;SEMOLA;BEB CALIENTES;FICHA;1;CANELA ENTERA;KG;0.000120;;"1. En un olla hervir agua con canela, clavo de olor.
2. Agregar la sémola en forma de lluvia e ir moviendo constantemente para que no se formen grumos.
3. Cuando la sémola haya cocinado, endulzar con azúcar.
4. Finalmente agregar esencia de vainilla. Servir."
F00510;SEMOLA;BEB CALIENTES;FICHA;1;CLAVO DE OLOR ENTERO;KG;0.000060;;
F00510;SEMOLA;BEB CALIENTES;FICHA;1;AZUCAR RUBIA;KG;0.025000;;
F00510;SEMOLA;BEB CALIENTES;FICHA;1;SEMOLA;KG;0.017000;;
F00510;SEMOLA;BEB CALIENTES;FICHA;1;AGUA PARA RECETA;L;0.300000;;
F00510;SEMOLA;BEB CALIENTES;FICHA;1;ESCENCIA DE VAINILLA;L;0.000120;;
F00511;AVENA CON NARANJA;BEB CALIENTES;FICHA;1;CANELA ENTERA;KG;0.000120;;"1. Disolver la avena en agua fría.
2. Llevar a cocción con canela y clavo de olor.
3. Agregar el jugo de naranja.
4. Endulzar con azúcar. Servir."
F00511;AVENA CON NARANJA;BEB CALIENTES;FICHA;1;CLAVO DE OLOR ENTERO;KG;0.000060;;
F00511;AVENA CON NARANJA;BEB CALIENTES;FICHA;1;AZUCAR RUBIA;KG;0.025000;;
F00511;AVENA CON NARANJA;BEB CALIENTES;FICHA;1;NARANJA DE JUGO REFRIGERADO;KG;0.030000;;
F00511;AVENA CON NARANJA;BEB CALIENTES;FICHA;1;AVENA;KG;0.012000;;
F00511;AVENA CON NARANJA;BEB CALIENTES;FICHA;1;AGUA PARA RECETA;L;0.300000;;
F00512;QUINUA;BEB CALIENTES;FICHA;1;CANELA ENTERA;KG;0.000120;;"1. Lavar bien la quinua, escurrir y reservar.
2. En una olla con agua, canela, clavo de olor, agregar la quinua y cocinar.
3. Cuando la quinua haya reventado endulzar con azúcar.
4. Ligar la preparación con maicena. Servir."
F00512;QUINUA;BEB CALIENTES;FICHA;1;CLAVO DE OLOR ENTERO;KG;0.000060;;
F00512;QUINUA;BEB CALIENTES;FICHA;1;AZUCAR RUBIA;KG;0.020000;;
F00512;QUINUA;BEB CALIENTES;FICHA;1;MAICENA;KG;0.003000;;
F00512;QUINUA;BEB CALIENTES;FICHA;1;QUINUA;KG;0.015000;Lavar;
F00512;QUINUA;BEB CALIENTES;FICHA;1;AGUA PARA RECETA;L;0.300000;;
F00513;JUGO DE PAPAYA CON MELON;BEB JUG PULPA NATURAL;FICHA;1;PULPA DE PAPAYA CONGELADA;KG;0.060000;;"1. Lavar, desinfectar, pelar y cortar el melón. Reservar.
2. Licuar el melón con agua y verter a un recipiente.
3. Agregar el concentrado de papaya y mezclar bien.
4. Endulzar con azúcar y servir."
F00513;JUGO DE PAPAYA CON MELON;BEB JUG PULPA NATURAL;FICHA;1;AGUA PARA RECETA;L;0.100000;;
F00513;JUGO DE PAPAYA CON MELON;BEB JUG PULPA NATURAL;FICHA;1;AZUCAR RUBIA;KG;0.010000;;
F00513;JUGO DE PAPAYA CON MELON;BEB JUG PULPA NATURAL;FICHA;1;MELON ROSADO REFRIGERADO;KG;0.100000;;
F00514;JUGO DE DURAZNO;BEB JUG PULPA NATURAL;FICHA;1;CONCENTRADO DE DURAZNO;L;0.080000;;1. Diluir el concentrado de durazno en agua, mezclar bien. Servir.
F00514;JUGO DE DURAZNO;BEB JUG PULPA NATURAL;FICHA;1;AGUA PARA RECETA;L;0.170000;;
F00515;JUGO DE FRESA;BEB JUG PULPA NATURAL;FICHA;1;FRESA PULPA CONGELADO;KG;0.125000;;1. Diluir el concentrado de fresa en agua, mezclar bien y endulzar con azúcar. Servir.
F00515;JUGO DE FRESA;BEB JUG PULPA NATURAL;FICHA;1;AGUA PARA RECETA;L;0.125000;;
F00515;JUGO DE FRESA;BEB JUG PULPA NATURAL;FICHA;1;AZUCAR RUBIA;KG;0.005000;;
F00516;JUGO DE GUANABANA;BEB JUG PULPA NATURAL;FICHA;1;CONCENTRADO DE GUANABANA;L;0.111000;;1. Diluir el concentrado de guanábana en agua, mezclar bien y endulzar con azúcar. Servir.
F00516;JUGO DE GUANABANA;BEB JUG PULPA NATURAL;FICHA;1;AGUA PARA RECETA;L;0.139000;;
F00516;JUGO DE GUANABANA;BEB JUG PULPA NATURAL;FICHA;1;AZUCAR RUBIA;KG;0.018000;;
F00517;QUINUA CON MEMBRILLO;BEB CALIENTES;FICHA;1;CANELA ENTERA;KG;0.000120;;"1. Lavar bien la quinua, escurrir y reservar.
2. En una olla con agua, canela, clavo de olor, agregar la quinua y cocinar.
3. A media cocción agregar el membrillo y seguir cocinando.
3. Cuando la quinua haya reventado endulzar con azúcar.
4. Ligar la preparación con maicena. Servir."
F00517;QUINUA CON MEMBRILLO;BEB CALIENTES;FICHA;1;CLAVO DE OLOR ENTERO;KG;0.000060;;
F00517;QUINUA CON MEMBRILLO;BEB CALIENTES;FICHA;1;AZUCAR RUBIA;KG;0.020000;;
F00517;QUINUA CON MEMBRILLO;BEB CALIENTES;FICHA;1;MAICENA;KG;0.002000;;
F00517;QUINUA CON MEMBRILLO;BEB CALIENTES;FICHA;1;QUINUA;KG;0.015000;;
F00517;QUINUA CON MEMBRILLO;BEB CALIENTES;FICHA;1;AGUA PARA RECETA;L;0.300000;;
F00517;QUINUA CON MEMBRILLO;BEB CALIENTES;FICHA;1;MEMBRILLO REFRIGERADO;KG;0.020000;Cubos medianos;
F00518;SEMOLA CON MANZANA;BEB CALIENTES;FICHA;1;CANELA ENTERA;KG;0.000120;;"1. En un olla hervir agua con canela, clavo de olor..
2. Agregar la sémola en forma de lluvia e ir moviendo constantemente para que no se formen grumos.
3. A mitad de la cocción agregar la manzana, endulzar con azúcar. Servir."
F00518;SEMOLA CON MANZANA;BEB CALIENTES;FICHA;1;CLAVO DE OLOR ENTERO;KG;0.000060;;
F00518;SEMOLA CON MANZANA;BEB CALIENTES;FICHA;1;AZUCAR RUBIA;KG;0.020000;;
F00518;SEMOLA CON MANZANA;BEB CALIENTES;FICHA;1;SEMOLA;KG;0.017000;;
F00518;SEMOLA CON MANZANA;BEB CALIENTES;FICHA;1;AGUA PARA RECETA;L;0.300000;;
F00518;SEMOLA CON MANZANA;BEB CALIENTES;FICHA;1;MANZANA DE AGUA REFRIGERADO;KG;0.020000;Cubos medianos;
F00522;SEMOLA CON LECHE Y PASAS;BEB CALIENTES;FICHA;1;CANELA ENTERA;KG;0.000120;;"1. En un olla hervir agua con canela, clavo de olor.
2. Agregar la sémola en forma de lluvia e ir moviendo constantemente para que no se formen grumos.
3. A mitad de la cocción agregar las pasas, endulzar con azúcar.
4. Finalmente agregar esencia de vainilla, la leche evaporada. Servir."
F00522;SEMOLA CON LECHE Y PASAS;BEB CALIENTES;FICHA;1;CLAVO DE OLOR ENTERO;KG;0.000060;;
F00522;SEMOLA CON LECHE Y PASAS;BEB CALIENTES;FICHA;1;AZUCAR RUBIA;KG;0.025000;;
F00522;SEMOLA CON LECHE Y PASAS;BEB CALIENTES;FICHA;1;SEMOLA;KG;0.017000;;
F00522;SEMOLA CON LECHE Y PASAS;BEB CALIENTES;FICHA;1;AGUA PARA RECETA;L;0.280000;;
F00522;SEMOLA CON LECHE Y PASAS;BEB CALIENTES;FICHA;1;ESCENCIA DE VAINILLA;L;0.000120;;
F00522;SEMOLA CON LECHE Y PASAS;BEB CALIENTES;FICHA;1;LECHE EVAPORADA TETRA;L;0.030000;;
F00522;SEMOLA CON LECHE Y PASAS;BEB CALIENTES;FICHA;1;PASAS NEGRAS SECAS;KG;0.003000;;
F00622;INFUSION DE ANIS;BEB CALIENTES;FICHA;1;ANIS FILTRANTE;UND;1.000000;;1. Hervir agua, agregar la infusión de anís y endulzar con azúcar.
F00622;INFUSION DE ANIS;BEB CALIENTES;FICHA;1;AGUA PARA RECETA;L;0.300000;;
F00622;INFUSION DE ANIS;BEB CALIENTES;FICHA;1;AZUCAR RUBIA;KG;0.020000;;
F00623;SEMOLA CON PASAS;BEB CALIENTES;FICHA;1;PASAS NEGRAS SECAS;KG;0.005000;;"1. Hervir agua con canela, clavo de olor, azúcar.
2. Agregar la sémola, mover constantemente para que no se pegue en el fondo.
3. Agregar las pasas y continuar la cocción por unos minutos más.
4. Servir."
F00623;SEMOLA CON PASAS;BEB CALIENTES;FICHA;1;SEMOLA;KG;0.017000;;
F00623;SEMOLA CON PASAS;BEB CALIENTES;FICHA;1;CANELA ENTERA;KG;0.000120;;
F00623;SEMOLA CON PASAS;BEB CALIENTES;FICHA;1;CLAVO DE OLOR ENTERO;KG;0.000060;;
F00623;SEMOLA CON PASAS;BEB CALIENTES;FICHA;1;AZUCAR RUBIA;KG;0.025000;;
F00623;SEMOLA CON PASAS;BEB CALIENTES;FICHA;1;AGUA PARA RECETA;L;0.300000;;
F00624;AVENA CON MEMBRILLO;BEB CALIENTES;FICHA;1;CANELA ENTERA;KG;0.000120;;"1. Disolver la avena en agua fría.
2. Llevar a cocción con canela y clavo de olor.
3. Agregar el membrillo y hervir hasta que este tierno.
4. Endulzar con azúcar. Servir"
F00624;AVENA CON MEMBRILLO;BEB CALIENTES;FICHA;1;CLAVO DE OLOR ENTERO;KG;0.000060;;
F00624;AVENA CON MEMBRILLO;BEB CALIENTES;FICHA;1;AZUCAR RUBIA;KG;0.020000;;
F00624;AVENA CON MEMBRILLO;BEB CALIENTES;FICHA;1;MEMBRILLO REFRIGERADO;KG;0.020000;Macedonia;
F00624;AVENA CON MEMBRILLO;BEB CALIENTES;FICHA;1;AVENA;KG;0.012000;;
F00624;AVENA CON MEMBRILLO;BEB CALIENTES;FICHA;1;AGUA PARA RECETA;L;0.300000;;
F00625;SEMOLA CON VAINILLA;BEB CALIENTES;FICHA;1;ESCENCIA DE VAINILLA;L;0.003000;;"1. Hervir agua con canela, clavo de olor, azúcar.
2. Agregar la sémola, mover constantemente para que no se pegue en el fondo.
3. Agregar la esencia de vainilla.
4. Servir."
F00625;SEMOLA CON VAINILLA;BEB CALIENTES;FICHA;1;AZUCAR RUBIA;KG;0.020000;;
F00625;SEMOLA CON VAINILLA;BEB CALIENTES;FICHA;1;SEMOLA;KG;0.017000;;
F00625;SEMOLA CON VAINILLA;BEB CALIENTES;FICHA;1;CANELA ENTERA;KG;0.000120;;
F00625;SEMOLA CON VAINILLA;BEB CALIENTES;FICHA;1;CLAVO DE OLOR ENTERO;KG;0.000060;;
F00625;SEMOLA CON VAINILLA;BEB CALIENTES;FICHA;1;AGUA PARA RECETA;L;0.300000;;
F00626;QUINUA CON MACA;BEB CALIENTES;FICHA;1;CANELA ENTERA;KG;0.000120;;"1. Disolver la macaavena en agua fria.
2. Sancochar en agua la quinua con canela, clavo de olor.
3. Agregar la azucar,la maca avena, mover constantemente para que no se pegue en el fondo.
4. Servir"
F00626;QUINUA CON MACA;BEB CALIENTES;FICHA;1;CLAVO DE OLOR ENTERO;KG;0.000060;;
F00626;QUINUA CON MACA;BEB CALIENTES;FICHA;1;AZUCAR RUBIA;KG;0.025000;;
F00626;QUINUA CON MACA;BEB CALIENTES;FICHA;1;AGUA PARA RECETA;L;0.300000;Lavar;
F00626;QUINUA CON MACA;BEB CALIENTES;FICHA;1;HARINA DE MACA;KG;0.003000;;
F00626;QUINUA CON MACA;BEB CALIENTES;FICHA;1;QUINUA;KG;0.015000;;
F00627;QUINUA CON NARANJA;BEB CALIENTES;FICHA;1;CANELA ENTERA;KG;0.000120;;"1. Sancochar la quinua con canela, clavo de olor, azúcar.
2. Agregar el jugo de naranja y mover constantemente para que no se pegue en la base. Ligar con maicena diluida en agua.
3. Servir."
F00627;QUINUA CON NARANJA;BEB CALIENTES;FICHA;1;CLAVO DE OLOR ENTERO;KG;0.000060;;
F00627;QUINUA CON NARANJA;BEB CALIENTES;FICHA;1;AZUCAR RUBIA;KG;0.025000;;
F00627;QUINUA CON NARANJA;BEB CALIENTES;FICHA;1;NARANJA DE JUGO REFRIGERADO;KG;0.030000;Lavar, desinfectar, exprimir.;
F00627;QUINUA CON NARANJA;BEB CALIENTES;FICHA;1;AGUA PARA RECETA;L;0.300000;;
F00627;QUINUA CON NARANJA;BEB CALIENTES;FICHA;1;MAICENA;KG;0.003000;;
F00627;QUINUA CON NARANJA;BEB CALIENTES;FICHA;1;QUINUA;KG;0.015000;Lavar dos veces;
F00628;AVENA CON MACA;BEB CALIENTES;FICHA;1;CANELA ENTERA;KG;0.000120;;"1. Disolver la maca en agua.
2. Llevar a cocción con canela y clavo de olor.
3. Endulzar con azúcar. Servir"
F00628;AVENA CON MACA;BEB CALIENTES;FICHA;1;CLAVO DE OLOR ENTERO;KG;0.000060;;
F00628;AVENA CON MACA;BEB CALIENTES;FICHA;1;AZUCAR RUBIA;KG;0.025000;;
F00628;AVENA CON MACA;BEB CALIENTES;FICHA;1;MACA AVENA;KG;0.020000;;
F00628;AVENA CON MACA;BEB CALIENTES;FICHA;1;AGUA PARA RECETA;L;0.300000;;
F00629;SANDWICH CON HAMBURGUESA DE POLLO;SANDW CALIENTES;FICHA;1;ACEITE VEGETAL;L;0.005000;;"1. Freír la hamburguesa en aceite caliente. Reservar.
2. Cortar el pan, untar con mostaza, colocar la lechuga, tomate y la hamburguesa de pollo.
3. Servir."
F00629;SANDWICH CON HAMBURGUESA DE POLLO;SANDW CALIENTES;FICHA;1;MOSTAZA;KG;0.001000;;
F00629;SANDWICH CON HAMBURGUESA DE POLLO;SANDW CALIENTES;FICHA;1;PASTIPAN PAN DE HAMBURGUESA;UND;1.000000;;
F00629;SANDWICH CON HAMBURGUESA DE POLLO;SANDW CALIENTES;FICHA;1;LECHUGA ORGANICA REFRIGERADO;KG;0.012000;Hoja;
F00629;SANDWICH CON HAMBURGUESA DE POLLO;SANDW CALIENTES;FICHA;1;TOMATE CRIOLLO REFRIGERADO;KG;0.015000;Rodajas;
F00629;SANDWICH CON HAMBURGUESA DE POLLO;SANDW CALIENTES;FICHA;1;POLLO HAMBURGUESA CONGELADO;KG;0.060000;;
F00630;SANDWICH CON SALCHICHA DE HUACHO;SANDW CALIENTES;FICHA;1;ACEITE VEGETAL;L;0.003000;;"1. Calentar aceite y freír la salchicha de huacho.
2. Cortar el pan y rellenar con la salchicha.
3. Servir."
F00630;SANDWICH CON SALCHICHA DE HUACHO;SANDW CALIENTES;FICHA;1;SALCHICHA HUACHANA REFRIGERADO;KG;0.040000;;
F00630;SANDWICH CON SALCHICHA DE HUACHO;SANDW CALIENTES;FICHA;1;MOLINOS PAN FRANCES 35 GR;UND;1.000000;;
F00631;SANDWICH CON ASADO;SANDW CALIENTES;FICHA;1;ACEITE VEGETAL;L;0.001000;;"1. Sazonar la carne con ají panca, ajo, orégano, sal, pimienta y mostaza; Sella y hervir en un fondo con agua, sal, pimienta y las hierbas; Hervir hasta que este tierna la carne
2. Abrir el pan, poner la lechuga, mostaza y una lamina de asado."
F00631;SANDWICH CON ASADO;SANDW CALIENTES;FICHA;1;RES ASADO CUADRADO CONGELADO NACIONAL;KG;0.030000;;
F00631;SANDWICH CON ASADO;SANDW CALIENTES;FICHA;1;AJI PANCA MOLIDO ENVASADO;KG;0.000100;;
F00631;SANDWICH CON ASADO;SANDW CALIENTES;FICHA;1;AJO MOLIDO ENVASADO;KG;0.001000;;
F00631;SANDWICH CON ASADO;SANDW CALIENTES;FICHA;1;LAUREL;KG;0.000060;;
F00631;SANDWICH CON ASADO;SANDW CALIENTES;FICHA;1;OREGANO ENTERO;KG;0.000060;;
F00631;SANDWICH CON ASADO;SANDW CALIENTES;FICHA;1;PIMIENTA NEGRA MOLIDA;KG;0.000120;;
F00631;SANDWICH CON ASADO;SANDW CALIENTES;FICHA;1;SAL DE COCINA;KG;0.002000;;
F00631;SANDWICH CON ASADO;SANDW CALIENTES;FICHA;1;AGUA PARA RECETA;L;0.010000;;
F00631;SANDWICH CON ASADO;SANDW CALIENTES;FICHA;1;MOSTAZA;KG;0.000100;;
F00631;SANDWICH CON ASADO;SANDW CALIENTES;FICHA;1;LECHUGA ORGANICA REFRIGERADO;KG;0.006000;;
F00631;SANDWICH CON ASADO;SANDW CALIENTES;FICHA;1;MOLINOS PAN FRANCES 35 GR;UND;1.000000;;
F00632;SANDWICH CON HUEVO FRITO;SANDW CALIENTES;FICHA;1;ACEITE VEGETAL;L;0.010000;;"1. Freír el huevo en aceite caliente. Eliminar el exceso de grasa.
2. Agregar sal.
3. Servir."
F00632;SANDWICH CON HUEVO FRITO;SANDW CALIENTES;FICHA;1;HUEVO ROSADO REFRIGERADO;KG;0.060000;;
F00632;SANDWICH CON HUEVO FRITO;SANDW CALIENTES;FICHA;1;SAL DE COCINA;KG;0.001000;;
F00632;SANDWICH CON HUEVO FRITO;SANDW CALIENTES;FICHA;1;MOLINOS PAN FRANCES 35 GR;UND;1.000000;;
F00633;SANDWICH CON HAMBURGUESA DE RES;SANDW CALIENTES;FICHA;1;ACEITE VEGETAL;L;0.005000;;"1. Freír la hamburguesa en aceite caliente. Reservar.
2. Cortar el pan, colocar la lechuga, tomate y la hamburguesa de res.
3. Servir."
F00633;SANDWICH CON HAMBURGUESA DE RES;SANDW CALIENTES;FICHA;1;RES HAMBURGUESA CONGELADO;KG;0.060000;;
F00633;SANDWICH CON HAMBURGUESA DE RES;SANDW CALIENTES;FICHA;1;PASTIPAN PAN DE HAMBURGUESA;UND;1.000000;;
F00633;SANDWICH CON HAMBURGUESA DE RES;SANDW CALIENTES;FICHA;1;LECHUGA ORGANICA REFRIGERADO;KG;0.012000;Hoja;
F00633;SANDWICH CON HAMBURGUESA DE RES;SANDW CALIENTES;FICHA;1;TOMATE CRIOLLO REFRIGERADO;KG;0.015000;Rodajas;
F00633;SANDWICH CON HAMBURGUESA DE RES;SANDW CALIENTES;FICHA;1;MOSTAZA;KG;0.001000;;
F00635;SANDWICH CON LOMITO DE POLLO SALTADO;SANDW CALIENTES;FICHA;1;ACEITE VEGETAL;L;0.010000;;"1. Condimentar el pollo con sal, pimienta.
2. Saltear en aceite caliente, el pollo, agregar la cebolla, ají amarillo, vinagre, sillao, sal, pimienta.
3. Finalmente agregar el tomate, perejil picado.
4. Cortar el pan, rellenar con la lechuga y el saltado de pollo.
5. Servir."
F00635;SANDWICH CON LOMITO DE POLLO SALTADO;SANDW CALIENTES;FICHA;1;POLLO PECHUGA FILETE SIN PIEL CONGELADO;KG;0.040000;Corte para saltado;
F00635;SANDWICH CON LOMITO DE POLLO SALTADO;SANDW CALIENTES;FICHA;1;SAL DE COCINA;KG;0.001000;;
F00635;SANDWICH CON LOMITO DE POLLO SALTADO;SANDW CALIENTES;FICHA;1;PIMIENTA NEGRA MOLIDA;KG;0.000060;;
F00635;SANDWICH CON LOMITO DE POLLO SALTADO;SANDW CALIENTES;FICHA;1;LECHUGA ORGANICA REFRIGERADO;KG;0.012000;Decoración;
F00635;SANDWICH CON LOMITO DE POLLO SALTADO;SANDW CALIENTES;FICHA;1;CEBOLLA ROJA REFRIGERADA;KG;0.020000;Pluma delgada;
F00635;SANDWICH CON LOMITO DE POLLO SALTADO;SANDW CALIENTES;FICHA;1;PEREJIL LIZO REFRIGERADO;KG;0.001000;Picado fino;
F00635;SANDWICH CON LOMITO DE POLLO SALTADO;SANDW CALIENTES;FICHA;1;SALSA SILLAO;L;0.001000;;
F00635;SANDWICH CON LOMITO DE POLLO SALTADO;SANDW CALIENTES;FICHA;1;VINAGRE BLANCO;L;0.001000;;
F00635;SANDWICH CON LOMITO DE POLLO SALTADO;SANDW CALIENTES;FICHA;1;TOMATE CRIOLLO REFRIGERADO;KG;0.020000;Gajos;
F00635;SANDWICH CON LOMITO DE POLLO SALTADO;SANDW CALIENTES;FICHA;1;MOLINOS PAN FRANCES 35 GR;UND;1.000000;;
F00635;SANDWICH CON LOMITO DE POLLO SALTADO;SANDW CALIENTES;FICHA;1;AJI AMARILLO REFRIGERADO;KG;0.001000;Juliana;
F00636;SANDWICH CON TORTILLA Y HOT DOG;SANDW CALIENTES;FICHA;1;ACEITE VEGETAL;L;0.005000;;"1. En un bolw mezclar el huevo, hot dog, sal, pimienta.
2. Calentar aceite y freír.
3. Cortar el pan y rellenar."
F00636;SANDWICH CON TORTILLA Y HOT DOG;SANDW CALIENTES;FICHA;1;SALCHICHA HOT DOG CONGELADO;KG;0.020000;Rodajas;
F00636;SANDWICH CON TORTILLA Y HOT DOG;SANDW CALIENTES;FICHA;1;HUEVO ROSADO REFRIGERADO;KG;0.030000;;
F00636;SANDWICH CON TORTILLA Y HOT DOG;SANDW CALIENTES;FICHA;1;PIMIENTA NEGRA MOLIDA;KG;0.000060;;
F00636;SANDWICH CON TORTILLA Y HOT DOG;SANDW CALIENTES;FICHA;1;SAL DE COCINA;KG;0.001000;;
F00636;SANDWICH CON TORTILLA Y HOT DOG;SANDW CALIENTES;FICHA;1;MOLINOS PAN FRANCES 35 GR;UND;1.000000;;
F00638;SANDWICH CON ACEITUNA I;SANDWICH FRIOS;FICHA;1;ACEITUNA NEGRA;KG;0.040000;Despepitar;"1. Retirar la pepa a las aceitunas.
2. Cortar el pan y rellenar. Servir"
F00638;SANDWICH CON ACEITUNA I;SANDWICH FRIOS;FICHA;1;MOLINOS PAN FRANCES 35 GR;UND;1.000000;;
F00639;SANDWICH CON CAMOTE;SANDW CALIENTES;FICHA;1;CAMOTE AMARILLO REFRIGERADO;KG;0.050000;Laminado;"1. Freír el camote con aceite vegetal.
2. Cortar el pan y rellenar con camote. Servir."
F00639;SANDWICH CON CAMOTE;SANDW CALIENTES;FICHA;1;MOLINOS PAN FRANCES 35 GR;UND;1.000000;;
F00639;SANDWICH CON CAMOTE;SANDW CALIENTES;FICHA;1;ACEITE VEGETAL;L;0.010000;;
F00642;INFUSION DE MANZANILLA;BEB CALIENTES;FICHA;1;AZUCAR RUBIA;KG;0.020000;;1. Hervir agua, agregar la infusión de manzanilla y endulzar con azúcar. Servir.
F00642;INFUSION DE MANZANILLA;BEB CALIENTES;FICHA;1;MANZANILLA SOBRECITO;UND;1.000000;;
F00642;INFUSION DE MANZANILLA;BEB CALIENTES;FICHA;1;AGUA PARA RECETA;L;0.300000;;
F00643;INFUSION DE HIERBA LUISA;BEB CALIENTES;FICHA;1;HIERBA LUISA SOBRECITO;UND;1.000000;;1. Hervir agua, agregar la infusión de hierba luisa y endulzar con azúcar. Servir.
F00643;INFUSION DE HIERBA LUISA;BEB CALIENTES;FICHA;1;AZUCAR RUBIA;KG;0.020000;;
F00643;INFUSION DE HIERBA LUISA;BEB CALIENTES;FICHA;1;AGUA PARA RECETA;L;0.300000;;
F00698;ENSALADA CHOUCRUT;GUARN VERDURAS;FICHA;1;SAL DE COCINA;KG;0.001000;;"1. Mezclar la col y la zanahoria.
2. Hacer un aliño con sal, mayonesa, vinagre, azúcar y mostaza.
3. Mezclar las verduras con la vinagreta y servir."
F00698;ENSALADA CHOUCRUT;GUARN VERDURAS;FICHA;1;MAYONESA;KG;0.015000;;
F00698;ENSALADA CHOUCRUT;GUARN VERDURAS;FICHA;1;VINAGRE BLANCO;L;0.003000;;
F00698;ENSALADA CHOUCRUT;GUARN VERDURAS;FICHA;1;AZUCAR RUBIA;KG;0.003000;;
F00698;ENSALADA CHOUCRUT;GUARN VERDURAS;FICHA;1;COL CRIOLLA REFRIGERADO;KG;0.060000;Chiffonade;
F00698;ENSALADA CHOUCRUT;GUARN VERDURAS;FICHA;1;ZANAHORIA REFRIGERADO;KG;0.020000;Rallada;
F00698;ENSALADA CHOUCRUT;GUARN VERDURAS;FICHA;1;MOSTAZA;KG;0.001000;;
F00699;ENSALADA RUSA GUAR;GUARN TUBERCULOS;FICHA;1;PIMIENTA NEGRA MOLIDA;KG;0.000120;;"1. Sancochar la betarraga hasta que este suave y cortar en cubos pequeños.
2. Sancochar la papa en agua con sal, reservar.
3. Sancochar la vainita con la zanahoria, escurrir enfriar y reservar.
4. Mezclar las verduras, condimentar con sal, pimienta y añadir la mayonesa.
5. Servir."
F00699;ENSALADA RUSA GUAR;GUARN TUBERCULOS;FICHA;1;SAL DE COCINA;KG;0.003000;;
F00699;ENSALADA RUSA GUAR;GUARN TUBERCULOS;FICHA;1;MAYONESA;KG;0.015000;;
F00699;ENSALADA RUSA GUAR;GUARN TUBERCULOS;FICHA;1;BETERRAGA ENTERA REFRIGERADA;KG;0.030000;Cubos pequeños;
F00699;ENSALADA RUSA GUAR;GUARN TUBERCULOS;FICHA;1;PAPA BLANCA REFRIGERADO;KG;0.030000;Cubos pequeños;
F00699;ENSALADA RUSA GUAR;GUARN TUBERCULOS;FICHA;1;VAINITA ENTERO REFRIGERADO;KG;0.030000;Jardinera;
F00699;ENSALADA RUSA GUAR;GUARN TUBERCULOS;FICHA;1;ZANAHORIA REFRIGERADO;KG;0.015000;Cubos pequeños;
F00700;PAPA Y ENSALADA FRESCA GUAR;GUARN VERDURAS;FICHA;1;SAL DE COCINA;KG;0.002000;;"1. Sancochar la papa en agua con sal; Cortar.
2. Mezclar sal, pimienta, oregano, mostaza, vinagre y mayonesa.
3. Servir la papa con la lechuga, las verduras y la vinagreta encima."
F00700;PAPA Y ENSALADA FRESCA GUAR;GUARN VERDURAS;FICHA;1;PAPA BLANCA REFRIGERADO;KG;0.100000;Sancochado, Rodajas;
F00700;PAPA Y ENSALADA FRESCA GUAR;GUARN VERDURAS;FICHA;1;PIMIENTA NEGRA MOLIDA;KG;0.000120;;
F00700;PAPA Y ENSALADA FRESCA GUAR;GUARN VERDURAS;FICHA;1;LECHUGA ORGANICA REFRIGERADO;KG;0.030000;Picar;
F00700;PAPA Y ENSALADA FRESCA GUAR;GUARN VERDURAS;FICHA;1;PEPINILLO REFRIGERADO;KG;0.010000;Pelado, Rodajas;
F00700;PAPA Y ENSALADA FRESCA GUAR;GUARN VERDURAS;FICHA;1;RABANITO REFRIGERADO;KG;0.010000;Rallado;
F00700;PAPA Y ENSALADA FRESCA GUAR;GUARN VERDURAS;FICHA;1;TOMATE CRIOLLO REFRIGERADO;KG;0.010000;Juliana;
F00700;PAPA Y ENSALADA FRESCA GUAR;GUARN VERDURAS;FICHA;1;MAYONESA;KG;0.005000;;
F00700;PAPA Y ENSALADA FRESCA GUAR;GUARN VERDURAS;FICHA;1;MOSTAZA;KG;0.000500;;
F00700;PAPA Y ENSALADA FRESCA GUAR;GUARN VERDURAS;FICHA;1;VINAGRE BLANCO;L;0.001000;;
F00700;PAPA Y ENSALADA FRESCA GUAR;GUARN VERDURAS;FICHA;1;OREGANO ENTERO;KG;0.000120;;
F00702;ENSALADA FRESCA GUAR;GUARN VERDURAS;FICHA;1;ACEITE VEGETAL;L;0.010000;;"1. Aliño; mezclar jugo de limón, agua, sal, pimienta y emulsionar con aceite.
2. Servir las verduras y acompañar con el aliño."
F00702;ENSALADA FRESCA GUAR;GUARN VERDURAS;FICHA;1;PIMIENTA NEGRA MOLIDA;KG;0.000120;;
F00702;ENSALADA FRESCA GUAR;GUARN VERDURAS;FICHA;1;LECHUGA ORGANICA REFRIGERADO;KG;0.040000;Chifonade;
F00702;ENSALADA FRESCA GUAR;GUARN VERDURAS;FICHA;1;LIMON VERDE REFRIGERADO;KG;0.010000;;
F00702;ENSALADA FRESCA GUAR;GUARN VERDURAS;FICHA;1;AGUA PARA RECETA;L;0.003000;;
F00702;ENSALADA FRESCA GUAR;GUARN VERDURAS;FICHA;1;PEPINILLO REFRIGERADO;KG;0.020000;Rodajas;
F00702;ENSALADA FRESCA GUAR;GUARN VERDURAS;FICHA;1;RABANITO REFRIGERADO;KG;0.020000;Rallado;
F00702;ENSALADA FRESCA GUAR;GUARN VERDURAS;FICHA;1;TOMATE CRIOLLO REFRIGERADO;KG;0.020000;Rodajas;
F00702;ENSALADA FRESCA GUAR;GUARN VERDURAS;FICHA;1;SAL DE COCINA;KG;0.002000;;
F00703;ARVEJA PARTIDA GUISADA;GUARN MENESTRAS;FICHA;1;ACEITE VEGETAL;L;0.005000;;"1. Sancochar la menestra previamente remojado, en una olla con agua hasta que estén suaves.
2. Hacer un aderezo, aceite, cebolla, ajo, pasta de tomate, ají panca,  y agregarlo a la cocción de la menestra.
3. Condimentar con sal, pimienta, comino y aromatizar con orégano.
4. Ligar la preparación con maicena diluída en agua y dejar cocinar. Servir."
F00703;ARVEJA PARTIDA GUISADA;GUARN MENESTRAS;FICHA;1;SAL DE COCINA;KG;0.003000;;
F00703;ARVEJA PARTIDA GUISADA;GUARN MENESTRAS;FICHA;1;AJO MOLIDO ENVASADO;KG;0.003000;;
F00703;ARVEJA PARTIDA GUISADA;GUARN MENESTRAS;FICHA;1;CEBOLLA ROJA REFRIGERADA;KG;0.015000;Brunoise;
F00703;ARVEJA PARTIDA GUISADA;GUARN MENESTRAS;FICHA;1;ARVEJA VERDE PARTIDA;KG;0.060000;Remojar;
F00703;ARVEJA PARTIDA GUISADA;GUARN MENESTRAS;FICHA;1;PASTA DE TOMATE;KG;0.003000;;
F00703;ARVEJA PARTIDA GUISADA;GUARN MENESTRAS;FICHA;1;AJI PANCA MOLIDO ENVASADO;KG;0.002000;;
F00703;ARVEJA PARTIDA GUISADA;GUARN MENESTRAS;FICHA;1;OREGANO ENTERO;KG;0.000120;;
F00703;ARVEJA PARTIDA GUISADA;GUARN MENESTRAS;FICHA;1;COMINO MOLIDO;KG;0.000060;;
F00703;ARVEJA PARTIDA GUISADA;GUARN MENESTRAS;FICHA;1;PIMIENTA NEGRA MOLIDA;KG;0.000120;;
F00703;ARVEJA PARTIDA GUISADA;GUARN MENESTRAS;FICHA;1;AGUA PARA RECETA;L;0.250000;;
F00703;ARVEJA PARTIDA GUISADA;GUARN MENESTRAS;FICHA;1;MAICENA;KG;0.003000;;
F00704;PAPA A LA CREMA DE OCOPA - GUAR;GUARN TUBERCULOS;FICHA;1;ACEITE VEGETAL;L;0.003000;;"1. Sancochar la papa en agua con sal; Enfriar y cortar en rodajas.
1. Saltear en aceite vegetal la cebolla, aji amarillo, huacatay y ajo; Licuar con agua, sal, pimienta; Agregar el queso, la leche y espesar con galleta y mani.
3. Servir la papa con la salsa."
F00704;PAPA A LA CREMA DE OCOPA - GUAR;GUARN TUBERCULOS;FICHA;1;LECHE EVAPORADA TETRA;L;0.015000;;
F00704;PAPA A LA CREMA DE OCOPA - GUAR;GUARN TUBERCULOS;FICHA;1;QUESO FRESCO REFRIGERADO;KG;0.010000;Mirepoix;
F00704;PAPA A LA CREMA DE OCOPA - GUAR;GUARN TUBERCULOS;FICHA;1;SAL DE COCINA;KG;0.002000;;
F00704;PAPA A LA CREMA DE OCOPA - GUAR;GUARN TUBERCULOS;FICHA;1;AJO MOLIDO ENVASADO;KG;0.001000;;
F00704;PAPA A LA CREMA DE OCOPA - GUAR;GUARN TUBERCULOS;FICHA;1;AJI AMARILLO REFRIGERADO;KG;0.010000;Mirepoix;
F00704;PAPA A LA CREMA DE OCOPA - GUAR;GUARN TUBERCULOS;FICHA;1;CEBOLLA ROJA REFRIGERADA;KG;0.005000;Mirepoix;
F00704;PAPA A LA CREMA DE OCOPA - GUAR;GUARN TUBERCULOS;FICHA;1;HUACATAY REFRIGERADO;KG;0.010000;;
F00704;PAPA A LA CREMA DE OCOPA - GUAR;GUARN TUBERCULOS;FICHA;1;PAPA BLANCA REFRIGERADO;KG;0.100000;Sancochado, Rodajas;
F00704;PAPA A LA CREMA DE OCOPA - GUAR;GUARN TUBERCULOS;FICHA;1;MANI TOSTADO PELADO;KG;0.005000;;
F00704;PAPA A LA CREMA DE OCOPA - GUAR;GUARN TUBERCULOS;FICHA;1;GALLETA DE SODA KG;KG;0.010000;;
F00704;PAPA A LA CREMA DE OCOPA - GUAR;GUARN TUBERCULOS;FICHA;1;AGUA PARA RECETA;L;0.010000;;
F00705;YUCA DORADA CON SALSA CRIOLLA;GUARN TUBERCULOS;FICHA;1;YUCA AMARILLA REFRIGERADO;KG;0.100000;Sancochado y En cuartos;"1, Sancochar la yuca en agua con sal.
2. Freír en aceite vegetal, sazonar con sal.
3. Hacer una salsa criolla con la cebolla, ají amarillo, jugo de limón, sal, pimienta y culantro picado.
4. Servir la yuca con la salsa criolla encima."
F00705;YUCA DORADA CON SALSA CRIOLLA;GUARN TUBERCULOS;FICHA;1;SAL DE COCINA;KG;0.002000;;
F00705;YUCA DORADA CON SALSA CRIOLLA;GUARN TUBERCULOS;FICHA;1;ACEITE VEGETAL;L;0.010000;;
F00705;YUCA DORADA CON SALSA CRIOLLA;GUARN TUBERCULOS;FICHA;1;PIMIENTA NEGRA MOLIDA;KG;0.000120;;
F00705;YUCA DORADA CON SALSA CRIOLLA;GUARN TUBERCULOS;FICHA;1;CEBOLLA ROJA REFRIGERADA;KG;0.020000;Juliana;
F00705;YUCA DORADA CON SALSA CRIOLLA;GUARN TUBERCULOS;FICHA;1;AJI AMARILLO REFRIGERADO;KG;0.003000;Juliana;
F00705;YUCA DORADA CON SALSA CRIOLLA;GUARN TUBERCULOS;FICHA;1;LIMON VERDE REFRIGERADO;KG;0.005000;;
F00705;YUCA DORADA CON SALSA CRIOLLA;GUARN TUBERCULOS;FICHA;1;CULANTRO REFRIGERADO;KG;0.001000;Picado Fino;
F00706;QUINUA GUISADA;GUARN OTROS;FICHA;1;ACEITE VEGETAL;L;0.005000;;"1. Sancochar la quinua con sal, oregano, laurel y agua; Cuando este tierna, sacar y reservar.
2. Sudar en aceite vegetal la cebolla, ajo, aji panca, pasta de tomate, oregano, comino, sal, pimienta y quinua; Remover, agregar el queso con perejil."
F00706;QUINUA GUISADA;GUARN OTROS;FICHA;1;AJI PANCA MOLIDO ENVASADO;KG;0.002000;;
F00706;QUINUA GUISADA;GUARN OTROS;FICHA;1;OREGANO ENTERO;KG;0.000120;;
F00706;QUINUA GUISADA;GUARN OTROS;FICHA;1;PIMIENTA NEGRA MOLIDA;KG;0.000120;;
F00706;QUINUA GUISADA;GUARN OTROS;FICHA;1;SAL DE COCINA;KG;0.003000;;
F00706;QUINUA GUISADA;GUARN OTROS;FICHA;1;AJO MOLIDO ENVASADO;KG;0.003000;;
F00706;QUINUA GUISADA;GUARN OTROS;FICHA;1;CEBOLLA ROJA REFRIGERADA;KG;0.015000;Brunoise;
F00706;QUINUA GUISADA;GUARN OTROS;FICHA;1;QUESO FRESCO REFRIGERADO;KG;0.010000;Brunoise;
F00706;QUINUA GUISADA;GUARN OTROS;FICHA;1;QUINUA;KG;0.040000;Sancochada;
F00706;QUINUA GUISADA;GUARN OTROS;FICHA;1;PASTA DE TOMATE;KG;0.005000;Brunoise;
F00706;QUINUA GUISADA;GUARN OTROS;FICHA;1;PEREJIL LIZO REFRIGERADO;KG;0.003000;Picado Fino;
F00706;QUINUA GUISADA;GUARN OTROS;FICHA;1;COMINO MOLIDO;KG;0.000060;;
F00706;QUINUA GUISADA;GUARN OTROS;FICHA;1;AGUA PARA RECETA;L;0.150000;;
F00706;QUINUA GUISADA;GUARN OTROS;FICHA;1;LAUREL;KG;0.000120;;
F00708;FRIJOL PANAMITO AL NATURAL;GUARN MENESTRAS;FICHA;1;ACEITE VEGETAL;L;0.005000;;"1. Sancochar el frejol panamito hasta que este blando.
2. Aderezo; aceite, cebolla, ajo, sal, pimienta, comino, orégano. Agregarlo a la cocción de la menestra.
3. Si es necesario ligar con maicena diluida en agua.
4. Servir."
F00708;FRIJOL PANAMITO AL NATURAL;GUARN MENESTRAS;FICHA;1;SAL DE COCINA;KG;0.003000;;
F00708;FRIJOL PANAMITO AL NATURAL;GUARN MENESTRAS;FICHA;1;AJO MOLIDO ENVASADO;KG;0.003000;;
F00708;FRIJOL PANAMITO AL NATURAL;GUARN MENESTRAS;FICHA;1;CEBOLLA ROJA REFRIGERADA;KG;0.015000;Brunoise;
F00708;FRIJOL PANAMITO AL NATURAL;GUARN MENESTRAS;FICHA;1;FRIJOL PANAMITO;KG;0.060000;Remojar;
F00708;FRIJOL PANAMITO AL NATURAL;GUARN MENESTRAS;FICHA;1;OREGANO ENTERO;KG;0.000120;;
F00708;FRIJOL PANAMITO AL NATURAL;GUARN MENESTRAS;FICHA;1;COMINO MOLIDO;KG;0.000060;;
F00708;FRIJOL PANAMITO AL NATURAL;GUARN MENESTRAS;FICHA;1;PIMIENTA NEGRA MOLIDA;KG;0.000120;;
F00708;FRIJOL PANAMITO AL NATURAL;GUARN MENESTRAS;FICHA;1;AGUA PARA RECETA;L;0.250000;;
F00708;FRIJOL PANAMITO AL NATURAL;GUARN MENESTRAS;FICHA;1;MAICENA;KG;0.003000;;
F00711;TALLARINES VERDES;GUARN PASTAS;FICHA;1;ACEITE VEGETAL;L;0.010000;;"1. Sancochar la pasta en agua con sal, laurel y aceite. Escurrir y reservar.
2. Para la salsa: Saltear en aceite, cebolla, ajo, espinaca, albahaca. Licuar con queso fresco; Regresar a cocción.
3. Añadir a la salsa sal y pimienta; Dejar cocinar y finalmente agregar leche evaporada y queso parmesano.
4. Mezclar la salsa con la pasta; Servirla."
F00711;TALLARINES VERDES;GUARN PASTAS;FICHA;1;LECHE EVAPORADA TETRA;L;0.015000;;
F00711;TALLARINES VERDES;GUARN PASTAS;FICHA;1;QUESO FRESCO REFRIGERADO;KG;0.015000;;
F00711;TALLARINES VERDES;GUARN PASTAS;FICHA;1;PIMIENTA NEGRA MOLIDA;KG;0.000120;;
F00711;TALLARINES VERDES;GUARN PASTAS;FICHA;1;SAL DE COCINA;KG;0.003000;;
F00711;TALLARINES VERDES;GUARN PASTAS;FICHA;1;AJO MOLIDO ENVASADO;KG;0.003000;;
F00711;TALLARINES VERDES;GUARN PASTAS;FICHA;1;ALBAHACA REFRIGERADO;KG;0.020000;Licuado;
F00711;TALLARINES VERDES;GUARN PASTAS;FICHA;1;CEBOLLA ROJA REFRIGERADA;KG;0.020000;Mirepoix;
F00711;TALLARINES VERDES;GUARN PASTAS;FICHA;1;ESPINACA REFRIGERADO;KG;0.030000;Licuado;
F00711;TALLARINES VERDES;GUARN PASTAS;FICHA;1;FIDEO SPAGUETTI;KG;0.120000;Sancochado;
F00711;TALLARINES VERDES;GUARN PASTAS;FICHA;1;AGUA PARA RECETA;L;0.020000;;
F00711;TALLARINES VERDES;GUARN PASTAS;FICHA;1;QUESO PARMESANO REFRIGERADO;KG;0.003000;Rallado;
F00717;TE CON LIMON;BEB CALIENTES;FICHA;1;TE CANELA Y CLAVO SOBRECITO;UND;1.000000;;"1. Hervir agua, agregar el te.
2. Añadir el jugo de limón.
3. Finalmente agregar el azúcar.
4. Servir."
F00717;TE CON LIMON;BEB CALIENTES;FICHA;1;AZUCAR RUBIA;KG;0.020000;;
F00717;TE CON LIMON;BEB CALIENTES;FICHA;1;AGUA PARA RECETA;L;0.300000;;
F00717;TE CON LIMON;BEB CALIENTES;FICHA;1;LIMON VERDE REFRIGERADO;KG;0.005000;;
F00727;REFRESCO DE MANZANA;BEB REFRESCOS NATURALES;FICHA;1;AGUA PARA RECETA;L;0.241000;;"1. Diluir el concentrado de manzana en agua. Mezclar.
2. Endulzar con azúcar, mezclar.
3. Servir."
F00727;REFRESCO DE MANZANA;BEB REFRESCOS NATURALES;FICHA;1;AZUCAR RUBIA;KG;0.008000;;
F00727;REFRESCO DE MANZANA;BEB REFRESCOS NATURALES;FICHA;1;CONCENTRADO DE MANZANA;L;0.034000;;
F00770;HABAS Y CAMOTE SANCOCHADO;GUARN VERDURAS;FICHA;1;SAL DE COCINA;KG;0.001000;;"1. Sancochar la habas en agua con sal. Y el camote en agua con azúcar y canela.
2. Servir."
F00770;HABAS Y CAMOTE SANCOCHADO;GUARN VERDURAS;FICHA;1;CANELA ENTERA;KG;0.000060;;
F00770;HABAS Y CAMOTE SANCOCHADO;GUARN VERDURAS;FICHA;1;AZUCAR RUBIA;KG;0.003000;;
F00770;HABAS Y CAMOTE SANCOCHADO;GUARN VERDURAS;FICHA;1;CAMOTE AMARILLO REFRIGERADO;KG;0.100000;Lavar, pelar;
F00770;HABAS Y CAMOTE SANCOCHADO;GUARN VERDURAS;FICHA;1;HABA VERDE PELADO CONGELADO;KG;0.020000;;
F00779;ZANAHORIA, ZUCCHINI Y BROCOLI SALTEADOS;GUARN VERDURAS;FICHA;1;ACEITE VEGETAL;L;0.010000;;"1. Saltear en aceite vegetal, ajo, las verduras, sal, pimienta y sillao.
2. Añadir perejil.
3. Servir caliente el saltado."
F00779;ZANAHORIA, ZUCCHINI Y BROCOLI SALTEADOS;GUARN VERDURAS;FICHA;1;SAL DE COCINA;KG;0.001500;;
F00779;ZANAHORIA, ZUCCHINI Y BROCOLI SALTEADOS;GUARN VERDURAS;FICHA;1;SALSA SILLAO;L;0.003000;;
F00779;ZANAHORIA, ZUCCHINI Y BROCOLI SALTEADOS;GUARN VERDURAS;FICHA;1;BROCOLI 20-40 CONGELADO;KG;0.060000;Flores, blanquear;
F00779;ZANAHORIA, ZUCCHINI Y BROCOLI SALTEADOS;GUARN VERDURAS;FICHA;1;ZANAHORIA REFRIGERADO;KG;0.040000;Laminado, blanquear;
F00779;ZANAHORIA, ZUCCHINI Y BROCOLI SALTEADOS;GUARN VERDURAS;FICHA;1;ZAPALLO ITALIANO REFRIGERADO;KG;0.020000;Laminado, blanquear;
F00779;ZANAHORIA, ZUCCHINI Y BROCOLI SALTEADOS;GUARN VERDURAS;FICHA;1;PIMIENTA NEGRA MOLIDA;KG;0.000120;;
F00779;ZANAHORIA, ZUCCHINI Y BROCOLI SALTEADOS;GUARN VERDURAS;FICHA;1;PEREJIL LIZO REFRIGERADO;KG;0.003000;Picado Fino;
F00779;ZANAHORIA, ZUCCHINI Y BROCOLI SALTEADOS;GUARN VERDURAS;FICHA;1;AJO MOLIDO ENVASADO;KG;0.001000;;
F00783;AVENA CON SOYA;BEB CALIENTES;FICHA;1;CANELA ENTERA;KG;0.000120;;"1. Disolver la avena con la harina de soya en agua fría. Reservar.
2. Hervir agua con canela, clavo, azúcar.
3. Agregar la mezcla de harina con avena y cocinar hasta que tome punto.
4. Servir."
F00783;AVENA CON SOYA;BEB CALIENTES;FICHA;1;CLAVO DE OLOR ENTERO;KG;0.000060;;
F00783;AVENA CON SOYA;BEB CALIENTES;FICHA;1;AZUCAR RUBIA;KG;0.025000;;
F00783;AVENA CON SOYA;BEB CALIENTES;FICHA;1;AVENA;KG;0.010000;;
F00783;AVENA CON SOYA;BEB CALIENTES;FICHA;1;AGUA PARA RECETA;L;0.300000;;
F00783;AVENA CON SOYA;BEB CALIENTES;FICHA;1;HARINA DE SOYA;KG;0.020000;;
F00789;ENSALADA DE TRIGO;ENSALADA COCIDA;FICHA;1;ACEITE VEGETAL;L;0.005000;;"1. Remojar el trigo por una hora aprox; Sancochar el trigo con sal, laurel y agua; Cuando este tierno, sacar y reservar.
2. En un bol colocar el trigo, cebolla, tomate, queso, sal, pimienta, oregano, aceite, limón.
3. Servir sobre una base de lechuga y decorar con perejil."
F00789;ENSALADA DE TRIGO;ENSALADA COCIDA;FICHA;1;OREGANO ENTERO;KG;0.000120;;
F00789;ENSALADA DE TRIGO;ENSALADA COCIDA;FICHA;1;LIMON VERDE REFRIGERADO;KG;0.010000;;
F00789;ENSALADA DE TRIGO;ENSALADA COCIDA;FICHA;1;PIMIENTA NEGRA MOLIDA;KG;0.000120;;
F00789;ENSALADA DE TRIGO;ENSALADA COCIDA;FICHA;1;SAL DE COCINA;KG;0.003000;;
F00789;ENSALADA DE TRIGO;ENSALADA COCIDA;FICHA;1;QUESO FRESCO REFRIGERADO;KG;0.010000;Brunoise;
F00789;ENSALADA DE TRIGO;ENSALADA COCIDA;FICHA;1;TRIGO PELADO;KG;0.040000;Remojado, Sancochada;
F00789;ENSALADA DE TRIGO;ENSALADA COCIDA;FICHA;1;TOMATE CRIOLLO REFRIGERADO;KG;0.025000;Juliana;
F00789;ENSALADA DE TRIGO;ENSALADA COCIDA;FICHA;1;PEREJIL LIZO REFRIGERADO;KG;0.002000;Picado Fino;
F00789;ENSALADA DE TRIGO;ENSALADA COCIDA;FICHA;1;LECHUGA AMERICANA REFRIGERADO;KG;0.012000;;
F00789;ENSALADA DE TRIGO;ENSALADA COCIDA;FICHA;1;CEBOLLA ROJA REFRIGERADA;KG;0.002500;Juliana;
F00789;ENSALADA DE TRIGO;ENSALADA COCIDA;FICHA;1;AGUA PARA RECETA;L;0.250000;;
F00789;ENSALADA DE TRIGO;ENSALADA COCIDA;FICHA;1;LAUREL;KG;0.000120;;
F00790;ENSALADA DE VERDURAS CON HUEVO Y QUESO TL;ENSALADAS MIXTAS;FICHA;1;OREGANO ENTERO;KG;0.000120;;"1. Preparar una vinagreta con mayonesa, mostaza, oregano, vinagre, sal y pimienta.
2. Poner la lechuga en el plato, sobre esta colocar el resto de las legumbres, el queso y el huevo.
3. Servir bañando con la vinagreta."
F00790;ENSALADA DE VERDURAS CON HUEVO Y QUESO TL;ENSALADAS MIXTAS;FICHA;1;PIMIENTA NEGRA MOLIDA;KG;0.000120;;
F00790;ENSALADA DE VERDURAS CON HUEVO Y QUESO TL;ENSALADAS MIXTAS;FICHA;1;SAL DE COCINA;KG;0.002000;;
F00790;ENSALADA DE VERDURAS CON HUEVO Y QUESO TL;ENSALADAS MIXTAS;FICHA;1;MAYONESA;KG;0.010000;;
F00790;ENSALADA DE VERDURAS CON HUEVO Y QUESO TL;ENSALADAS MIXTAS;FICHA;1;MOSTAZA;KG;0.002000;;
F00790;ENSALADA DE VERDURAS CON HUEVO Y QUESO TL;ENSALADAS MIXTAS;FICHA;1;VINAGRE BLANCO;L;0.004000;;
F00790;ENSALADA DE VERDURAS CON HUEVO Y QUESO TL;ENSALADAS MIXTAS;FICHA;1;BROCOLI 20-40 CONGELADO;KG;0.040000;Flores, blanquear;
F00790;ENSALADA DE VERDURAS CON HUEVO Y QUESO TL;ENSALADAS MIXTAS;FICHA;1;COLIFLOR 20-40 CONGELADO;KG;0.050000;Flores/ cocido;
F00790;ENSALADA DE VERDURAS CON HUEVO Y QUESO TL;ENSALADAS MIXTAS;FICHA;1;HUEVO ROSADO REFRIGERADO;KG;0.060000;Sancochado / en 1/4;
F00790;ENSALADA DE VERDURAS CON HUEVO Y QUESO TL;ENSALADAS MIXTAS;FICHA;1;QUESO FRESCO REFRIGERADO;KG;0.030000;Tiras;
F00790;ENSALADA DE VERDURAS CON HUEVO Y QUESO TL;ENSALADAS MIXTAS;FICHA;1;ZANAHORIA REFRIGERADO;KG;0.010000;Rallada;
F00790;ENSALADA DE VERDURAS CON HUEVO Y QUESO TL;ENSALADAS MIXTAS;FICHA;1;LECHUGA ORGANICA REFRIGERADO;KG;0.030000;;
F00793;FRIJOLES CON TOCINO;GUARN MENESTRAS;FICHA;1;ACEITE VEGETAL;L;0.005000;;"1.  Remojar el frejol la noche anterior y sancochar hasta que este blando.
2. Aderezo; aceite, cebolla, ajo, tocino,  pasta de tomate, aji panca,  sal, pimienta, comino, orégano. Agregarlo a la cocción del frejol y continuar la cocción por unos minutos más.
3. Si es necesario ligar la menestra con maicena diluida en agua.
4. Servir."
F00793;FRIJOLES CON TOCINO;GUARN MENESTRAS;FICHA;1;SAL DE COCINA;KG;0.003000;;
F00793;FRIJOLES CON TOCINO;GUARN MENESTRAS;FICHA;1;AJO MOLIDO ENVASADO;KG;0.003000;;
F00793;FRIJOLES CON TOCINO;GUARN MENESTRAS;FICHA;1;CEBOLLA ROJA REFRIGERADA;KG;0.015000;Brunoise;
F00793;FRIJOLES CON TOCINO;GUARN MENESTRAS;FICHA;1;FRIJOL CANARIO;KG;0.060000;Remojar;
F00793;FRIJOLES CON TOCINO;GUARN MENESTRAS;FICHA;1;PASTA DE TOMATE;KG;0.002000;;
F00793;FRIJOLES CON TOCINO;GUARN MENESTRAS;FICHA;1;AJI PANCA MOLIDO ENVASADO;KG;0.003000;;
F00793;FRIJOLES CON TOCINO;GUARN MENESTRAS;FICHA;1;OREGANO ENTERO;KG;0.000120;;
F00793;FRIJOLES CON TOCINO;GUARN MENESTRAS;FICHA;1;COMINO MOLIDO;KG;0.000060;;
F00793;FRIJOLES CON TOCINO;GUARN MENESTRAS;FICHA;1;PIMIENTA NEGRA MOLIDA;KG;0.000120;;
F00793;FRIJOLES CON TOCINO;GUARN MENESTRAS;FICHA;1;AGUA PARA RECETA;L;0.250000;;
F00793;FRIJOLES CON TOCINO;GUARN MENESTRAS;FICHA;1;MAICENA;KG;0.003000;;
F00793;FRIJOLES CON TOCINO;GUARN MENESTRAS;FICHA;1;TOCINO AHUMADO REFRIGERADO;KG;0.015000;Brunoise;
F00803;SANDWICH MIXTO;SANDWICH FRIOS;FICHA;1;MARGARINA CON SAL REFRIGERADO GRANEL KG;KG;0.005000;;"1. Untar con margarina el pan pulman y colocar el jamon y queso edam, cubrir con el pan.
2. Cortar en triangulos.
3. Calentar y servir."
F00803;SANDWICH MIXTO;SANDWICH FRIOS;FICHA;1;JAMON PARA CAFETIN CONGELADO;KG;0.020000;;
F00803;SANDWICH MIXTO;SANDWICH FRIOS;FICHA;1;QUESO EDAM REFRIGERADO;KG;0.020000;;
F00803;SANDWICH MIXTO;SANDWICH FRIOS;FICHA;1;PAN DE MOLDE BLANCO SUPER PULLMAN C/CORT VERT;UND;0.080000;;
F00809;PASTA AL OLIVO;GUARN PASTAS;FICHA;1;ACEITE VEGETAL;L;0.010000;;"1. Sancochar la pasta en agua y sal; Cuando este al dente, colar y enfriar con agua; Agregar aceite vegetal y oregano.
2. Saltear la pasta con aceite; sazonar con sal, pimienta y oregano.
3. Servir decorando con pimiento rojo."
F00809;PASTA AL OLIVO;GUARN PASTAS;FICHA;1;SAL DE COCINA;KG;0.002000;;
F00809;PASTA AL OLIVO;GUARN PASTAS;FICHA;1;PIMIENTO ROJO REFRIGERADO;KG;0.003000;Brunoise, Blanqueado;
F00809;PASTA AL OLIVO;GUARN PASTAS;FICHA;1;FIDEO SPAGUETTI;KG;0.120000;Sancochado;
F00809;PASTA AL OLIVO;GUARN PASTAS;FICHA;1;OREGANO ENTERO;KG;0.000120;;
F00809;PASTA AL OLIVO;GUARN PASTAS;FICHA;1;PIMIENTA NEGRA MOLIDA;KG;0.000120;;
F00832;TE;BEB CALIENTES;FICHA;1;TE CANELA Y CLAVO SOBRECITO;UND;1.000000;;"1. Hervir agua.
2. Agregar el te.
3. Finalmente agregar la azúcar.
4. Servir."
F00832;TE;BEB CALIENTES;FICHA;1;AZUCAR RUBIA;KG;0.020000;;
F00832;TE;BEB CALIENTES;FICHA;1;AGUA PARA RECETA;L;0.300000;;
F00845;ENSALADA DE MOTE, PAPA, CEBOLLA Y ZANAHORIA;ENSALADA COCIDA;FICHA;1;MAIZ MOTE;KG;0.025000;Remojar y sancochar;"1. Colocar en un recipiente todos el mote previamente cocido, papa, zanahoria, cebolla, añadir sal, pimiento, zumo de limón, aceite vegetal y perejil picado.
2.Rectificar sazon y servir."
F00845;ENSALADA DE MOTE, PAPA, CEBOLLA Y ZANAHORIA;ENSALADA COCIDA;FICHA;1;PAPA BLANCA REFRIGERADO;KG;0.040000;Cubos /Sancochar;
F00845;ENSALADA DE MOTE, PAPA, CEBOLLA Y ZANAHORIA;ENSALADA COCIDA;FICHA;1;ZANAHORIA REFRIGERADO;KG;0.002500;Macedonia / sancochar;
F00845;ENSALADA DE MOTE, PAPA, CEBOLLA Y ZANAHORIA;ENSALADA COCIDA;FICHA;1;SAL DE COCINA;KG;0.002000;;
F00845;ENSALADA DE MOTE, PAPA, CEBOLLA Y ZANAHORIA;ENSALADA COCIDA;FICHA;1;CEBOLLA ROJA REFRIGERADA;KG;0.015000;En brunoise;
F00845;ENSALADA DE MOTE, PAPA, CEBOLLA Y ZANAHORIA;ENSALADA COCIDA;FICHA;1;PEREJIL LIZO REFRIGERADO;KG;0.002000;Picado fino;
F00845;ENSALADA DE MOTE, PAPA, CEBOLLA Y ZANAHORIA;ENSALADA COCIDA;FICHA;1;PIMIENTA NEGRA MOLIDA;KG;0.000120;;
F00845;ENSALADA DE MOTE, PAPA, CEBOLLA Y ZANAHORIA;ENSALADA COCIDA;FICHA;1;ACEITE VEGETAL;L;0.003000;;
F00845;ENSALADA DE MOTE, PAPA, CEBOLLA Y ZANAHORIA;ENSALADA COCIDA;FICHA;1;LIMON VERDE REFRIGERADO;KG;0.010000;;
F00847;ZANAHORIA CON PIMIENTO SALTEADOS;GUARN VERDURAS;FICHA;1;ZANAHORIA RODAJAS CONGELADO;KG;0.060000;;"1. Blanquear la zanahoria, escurrir y reservar.
2. Saltear las verduras en aceite vegetal.
3. Condimentar con sal, pimienta.
4. Servir con perejil picado."
F00847;ZANAHORIA CON PIMIENTO SALTEADOS;GUARN VERDURAS;FICHA;1;CEBOLLA ROJA REFRIGERADA;KG;0.021000;Gajos;
F00847;ZANAHORIA CON PIMIENTO SALTEADOS;GUARN VERDURAS;FICHA;1;SAL DE COCINA;KG;0.002000;;
F00847;ZANAHORIA CON PIMIENTO SALTEADOS;GUARN VERDURAS;FICHA;1;PIMIENTO ROJO REFRIGERADO;KG;0.020000;Juliana;
F00847;ZANAHORIA CON PIMIENTO SALTEADOS;GUARN VERDURAS;FICHA;1;PIMIENTA NEGRA MOLIDA;KG;0.000120;;
F00847;ZANAHORIA CON PIMIENTO SALTEADOS;GUARN VERDURAS;FICHA;1;PEREJIL LIZO REFRIGERADO;KG;0.003000;Picado Fino;
F00847;ZANAHORIA CON PIMIENTO SALTEADOS;GUARN VERDURAS;FICHA;1;ACEITE VEGETAL;L;0.009000;;
F00848;ENSALADA DE BERENJENAS,ZAPALLO,ZANAHORIA,PIMIENTO;ENSALADA COCIDA;FICHA;1;ACEITE VEGETAL;L;0.002000;;"1. Blanquear las legumbres en agua con sal; Reservar; cortar la berengena por la mitada hacer incisiones en medio y añadir sal, dejar reposar para eliminar el amargo luedo cortarla en bastones y saltear junto con los pimientos, reservar.
2. Mezclar sal, pimienta, mayonesa, mostaza, orégano, vinagre.
3. Servir las legumbres sobre una base de lechuga y bañar con la vinagreta."
F00848;ENSALADA DE BERENJENAS,ZAPALLO,ZANAHORIA,PIMIENTO;ENSALADA COCIDA;FICHA;1;PIMIENTA NEGRA MOLIDA;KG;0.000120;;
F00848;ENSALADA DE BERENJENAS,ZAPALLO,ZANAHORIA,PIMIENTO;ENSALADA COCIDA;FICHA;1;SAL DE COCINA;KG;0.002000;;
F00848;ENSALADA DE BERENJENAS,ZAPALLO,ZANAHORIA,PIMIENTO;ENSALADA COCIDA;FICHA;1;BERENJENA REFRIGERADA;KG;0.030000;Desangrar/Juliana salteada;
F00848;ENSALADA DE BERENJENAS,ZAPALLO,ZANAHORIA,PIMIENTO;ENSALADA COCIDA;FICHA;1;PIMIENTO ROJO REFRIGERADO;KG;0.025000;Juliana/ salteada;
F00848;ENSALADA DE BERENJENAS,ZAPALLO,ZANAHORIA,PIMIENTO;ENSALADA COCIDA;FICHA;1;ZANAHORIA REFRIGERADO;KG;0.025000;Bastones/blanquear;
F00848;ENSALADA DE BERENJENAS,ZAPALLO,ZANAHORIA,PIMIENTO;ENSALADA COCIDA;FICHA;1;ZAPALLO ITALIANO REFRIGERADO;KG;0.025000;Bastones/blanquear;
F00848;ENSALADA DE BERENJENAS,ZAPALLO,ZANAHORIA,PIMIENTO;ENSALADA COCIDA;FICHA;1;MAYONESA;KG;0.010000;;
F00848;ENSALADA DE BERENJENAS,ZAPALLO,ZANAHORIA,PIMIENTO;ENSALADA COCIDA;FICHA;1;MOSTAZA;KG;0.002000;;
F00848;ENSALADA DE BERENJENAS,ZAPALLO,ZANAHORIA,PIMIENTO;ENSALADA COCIDA;FICHA;1;OREGANO ENTERO;KG;0.000120;;
F00848;ENSALADA DE BERENJENAS,ZAPALLO,ZANAHORIA,PIMIENTO;ENSALADA COCIDA;FICHA;1;LECHUGA AMERICANA REFRIGERADO;KG;0.016000;;
F00848;ENSALADA DE BERENJENAS,ZAPALLO,ZANAHORIA,PIMIENTO;ENSALADA COCIDA;FICHA;1;VINAGRE BLANCO;L;0.004000;;
F00849;MOTE;GUARN VERDURAS;FICHA;1;MAIZ MOTE;KG;0.020000;;"1. Sancochar el maíz hasta que este blando. Enfriar.
2. Servir mezclado con sal."
F00849;MOTE;GUARN VERDURAS;FICHA;1;SAL DE COCINA;KG;0.001000;;
F00855;ENSALADA FRESCA DE ATUN TL;ENSALADAS FRESCAS;FICHA;1;PIMIENTA NEGRA MOLIDA;KG;0.000120;;"1. Preparar un aliño con sal, pimienta, aceite, limón, orégano.
2. Mezclar en un bol la lechuga, col, cebolla, tomate, zanahoria, añadir la mitad del aliño.
3. Servir la mezcla anterior en un plato y sobre esta colocar el brócoli, el atún, bañar con el resto del aliño."
F00855;ENSALADA FRESCA DE ATUN TL;ENSALADAS FRESCAS;FICHA;1;SAL DE COCINA;KG;0.002000;;
F00855;ENSALADA FRESCA DE ATUN TL;ENSALADAS FRESCAS;FICHA;1;BROCOLI 20-40 CONGELADO;KG;0.015000;Flores/ cocido;
F00855;ENSALADA FRESCA DE ATUN TL;ENSALADAS FRESCAS;FICHA;1;CEBOLLA ROJA REFRIGERADA;KG;0.020000;Juliana;
F00855;ENSALADA FRESCA DE ATUN TL;ENSALADAS FRESCAS;FICHA;1;COL CRIOLLA REFRIGERADO;KG;0.030000;Chiffonade;
F00855;ENSALADA FRESCA DE ATUN TL;ENSALADAS FRESCAS;FICHA;1;LECHUGA AMERICANA REFRIGERADO;KG;0.030000;Chiffonade;
F00855;ENSALADA FRESCA DE ATUN TL;ENSALADAS FRESCAS;FICHA;1;LIMON VERDE REFRIGERADO;KG;0.010000;;
F00855;ENSALADA FRESCA DE ATUN TL;ENSALADAS FRESCAS;FICHA;1;TOMATE CRIOLLO REFRIGERADO;KG;0.010000;Juliana;
F00855;ENSALADA FRESCA DE ATUN TL;ENSALADAS FRESCAS;FICHA;1;ZANAHORIA REFRIGERADO;KG;0.015000;Rallar;
F00855;ENSALADA FRESCA DE ATUN TL;ENSALADAS FRESCAS;FICHA;1;ATUN EN ACEITE LATA;KG;0.030000;;
F00855;ENSALADA FRESCA DE ATUN TL;ENSALADAS FRESCAS;FICHA;1;ACEITE VEGETAL;L;0.003000;;
F00855;ENSALADA FRESCA DE ATUN TL;ENSALADAS FRESCAS;FICHA;1;OREGANO ENTERO;KG;0.000120;;
F00860;AVENA CON COCOA;BEB CALIENTES;FICHA;1;CANELA ENTERA;KG;0.000120;;"1. Disolver la avena en agua fría.
2. Llevar a cocción con canela y clavo de olor.
3. Agregar la cocoa disuelta con agua; Endulzar con azúcar. Servir"
F00860;AVENA CON COCOA;BEB CALIENTES;FICHA;1;CLAVO DE OLOR ENTERO;KG;0.000060;;
F00860;AVENA CON COCOA;BEB CALIENTES;FICHA;1;AZUCAR RUBIA;KG;0.020000;;
F00860;AVENA CON COCOA;BEB CALIENTES;FICHA;1;COCOA A GRANEL;KG;0.002000;;
F00860;AVENA CON COCOA;BEB CALIENTES;FICHA;1;AVENA;KG;0.012000;;
F00860;AVENA CON COCOA;BEB CALIENTES;FICHA;1;AGUA PARA RECETA;L;0.300000;;
F00861;AVENA CON LECHE;BEB CALIENTES;FICHA;1;CANELA ENTERA;KG;0.000120;;"1. Disolver la avena en agua fría.
2. Llevar a cocción con canela y clavo de olor.
3. Endulzar con azúcar, agregar la vainilla y la leche; Servir."
F00861;AVENA CON LECHE;BEB CALIENTES;FICHA;1;CLAVO DE OLOR ENTERO;KG;0.000060;;
F00861;AVENA CON LECHE;BEB CALIENTES;FICHA;1;AZUCAR RUBIA;KG;0.020000;;
F00861;AVENA CON LECHE;BEB CALIENTES;FICHA;1;LECHE EVAPORADA TETRA;L;0.030000;;
F00861;AVENA CON LECHE;BEB CALIENTES;FICHA;1;AVENA;KG;0.012000;;
F00861;AVENA CON LECHE;BEB CALIENTES;FICHA;1;AGUA PARA RECETA;L;0.280000;;
F00862;CAFE CON LECHE EN EVAPORADA;BEB CALIENTES;FICHA;1;LECHE EVAPORADA TETRA;L;0.100000;;"1. Calentar el agua, agregar la leche, el café y el azúcar; Incorporar bien."
F00862;CAFE CON LECHE EN EVAPORADA;BEB CALIENTES;FICHA;1;AZUCAR RUBIA;KG;0.020000;;
F00862;CAFE CON LECHE EN EVAPORADA;BEB CALIENTES;FICHA;1;CAFE PARA PASAR MOLIDO;KG;0.003000;;
F00862;CAFE CON LECHE EN EVAPORADA;BEB CALIENTES;FICHA;1;AGUA PARA RECETA;L;0.200000;;
F00863;PLATANO FRITO;GUARN OTROS;FICHA;1;ACEITE VEGETAL;L;0.010000;;"1. Cortar el platano; Freir con aceite vegetal."
F00863;PLATANO FRITO;GUARN OTROS;FICHA;1;PLATANO BELLACO REFRIGERADO;KG;0.120000;En 2 a lo Largo;
F00864;QUINUA CON LECHE;BEB CALIENTES;FICHA;1;LECHE EVAPORADA TETRA;L;0.030000;;"1. Sancochar en agua la quinua con canela, clavo de olor.
2. Agregar la azucar;  mover constantemente para que no se pegue en el fondo.
3. Finalmente agregar la leche evaporada.
4. Servir"
F00864;QUINUA CON LECHE;BEB CALIENTES;FICHA;1;CANELA ENTERA;KG;0.000120;;
F00864;QUINUA CON LECHE;BEB CALIENTES;FICHA;1;CLAVO DE OLOR ENTERO;KG;0.000060;;
F00864;QUINUA CON LECHE;BEB CALIENTES;FICHA;1;AZUCAR RUBIA;KG;0.020000;Lavar;
F00864;QUINUA CON LECHE;BEB CALIENTES;FICHA;1;QUINUA;KG;0.015000;;
F00864;QUINUA CON LECHE;BEB CALIENTES;FICHA;1;AGUA PARA RECETA;L;0.280000;;
F00865;AVENA CON VAINILLA;BEB CALIENTES;FICHA;1;CANELA ENTERA;KG;0.000120;;"1. Disolver la avena en agua fría.
2. Llevar a cocción con canela y clavo de olor.
3. Endulzar con azúcar, agregar la vainilla; Servir."
F00865;AVENA CON VAINILLA;BEB CALIENTES;FICHA;1;CLAVO DE OLOR ENTERO;KG;0.000060;;
F00865;AVENA CON VAINILLA;BEB CALIENTES;FICHA;1;AZUCAR RUBIA;KG;0.025000;;
F00865;AVENA CON VAINILLA;BEB CALIENTES;FICHA;1;ESCENCIA DE VAINILLA;L;0.002000;;
F00865;AVENA CON VAINILLA;BEB CALIENTES;FICHA;1;AVENA;KG;0.012000;;
F00865;AVENA CON VAINILLA;BEB CALIENTES;FICHA;1;AGUA PARA RECETA;L;0.300000;;
F00866;ENSALADA PARMENTIER;ENSALADAS MIXTAS;FICHA;1;PAPA BLANCA REFRIGERADO;KG;0.050000;Cortado en dados;"1.Sancochar la papa, el huevo y saltear en aceite el hotdog.
2.Preparar la vinagreta con mayonesa, vinagre, agua, sal y pimienta.
3.Mezclar todos las papas, cebolla,hot dog, la vinagreta y los huevos.
4.Servir con una hoja de lechuga y perfumar con el perejil picado que sirve como decoración."
F00866;ENSALADA PARMENTIER;ENSALADAS MIXTAS;FICHA;1;CEBOLLA ROJA REFRIGERADA;KG;0.015000;Brunoise;
F00866;ENSALADA PARMENTIER;ENSALADAS MIXTAS;FICHA;1;HUEVO ROSADO REFRIGERADO;KG;0.015000;;
F00866;ENSALADA PARMENTIER;ENSALADAS MIXTAS;FICHA;1;SALCHICHA HOT DOG CONGELADO;KG;0.030000;Cortado en rodajas;
F00866;ENSALADA PARMENTIER;ENSALADAS MIXTAS;FICHA;1;PEREJIL LIZO REFRIGERADO;KG;0.002000;Perejil picado fino;
F00866;ENSALADA PARMENTIER;ENSALADAS MIXTAS;FICHA;1;LECHUGA ORGANICA REFRIGERADO;KG;0.012000;;
F00866;ENSALADA PARMENTIER;ENSALADAS MIXTAS;FICHA;1;MAYONESA;KG;0.010000;;
F00866;ENSALADA PARMENTIER;ENSALADAS MIXTAS;FICHA;1;MOSTAZA;KG;0.002000;;
F00866;ENSALADA PARMENTIER;ENSALADAS MIXTAS;FICHA;1;VINAGRE BLANCO;L;0.004000;;
F00866;ENSALADA PARMENTIER;ENSALADAS MIXTAS;FICHA;1;AGUA PARA RECETA;L;0.003000;;
F00866;ENSALADA PARMENTIER;ENSALADAS MIXTAS;FICHA;1;PIMIENTA NEGRA MOLIDA;KG;0.000120;;
F00866;ENSALADA PARMENTIER;ENSALADAS MIXTAS;FICHA;1;ACEITE VEGETAL;L;0.003000;;
F00867;AVENA CON KIWICHA;BEB CALIENTES;FICHA;1;CANELA ENTERA;KG;0.000120;;"1. Disolver la harina de kiwicha junto con la avena en agua fría.
2. Hervir agua con canela, clavo de olor, azúcar.
3. Agregar la mezcla de las harinas y mover constantemente para que no se pegue en el fondo.
4. Hervir por unos minutos.
5. Servir."
F00867;AVENA CON KIWICHA;BEB CALIENTES;FICHA;1;CLAVO DE OLOR ENTERO;KG;0.000060;;
F00867;AVENA CON KIWICHA;BEB CALIENTES;FICHA;1;AZUCAR RUBIA;KG;0.025000;;
F00867;AVENA CON KIWICHA;BEB CALIENTES;FICHA;1;HARINA DE KIWICHA;KG;0.005000;;
F00867;AVENA CON KIWICHA;BEB CALIENTES;FICHA;1;AGUA PARA RECETA;L;0.300000;;
F00867;AVENA CON KIWICHA;BEB CALIENTES;FICHA;1;AVENA;KG;0.010000;;
F00868;QUINUA CON COCOA;BEB CALIENTES;FICHA;1;CANELA ENTERA;KG;0.000120;;"1. Sancochar en agua la quinua con canela, clavo de olor.
2. Agregar la azucar, cocoa, mover constantemente para que no se pegue en el fondo.
3. Servir"
F00868;QUINUA CON COCOA;BEB CALIENTES;FICHA;1;CLAVO DE OLOR ENTERO;KG;0.000060;;
F00868;QUINUA CON COCOA;BEB CALIENTES;FICHA;1;AZUCAR RUBIA;KG;0.025000;;
F00868;QUINUA CON COCOA;BEB CALIENTES;FICHA;1;QUINUA;KG;0.015000;Lavar;
F00868;QUINUA CON COCOA;BEB CALIENTES;FICHA;1;COCOA A GRANEL;KG;0.002000;;
F00868;QUINUA CON COCOA;BEB CALIENTES;FICHA;1;AGUA PARA RECETA;L;0.300000;;
F00899;SANDWICH CON LOMITO AL JUGO;SANDW CALIENTES;FICHA;1;ACEITE VEGETAL;L;0.010000;;"1. Condimentar la carne con sal, pimienta, ajo. Reservar.
2. Saltear la carne en aceite caliente, agregar la cebolla, ají amarillo, mostaza, sillao, vinagre, sal, pimienta, agua para soltar la salsa.
3.  Finalmente agregar el tomate. Agregar perejil picado.
4. Rellenar el pan con el lomito al jugo."
F00899;SANDWICH CON LOMITO AL JUGO;SANDW CALIENTES;FICHA;1;RES NALGA DE ADENTRO S/TAPA CONGELADO NACIONAL;KG;0.040000;Corte para saltado;
F00899;SANDWICH CON LOMITO AL JUGO;SANDW CALIENTES;FICHA;1;PIMIENTA NEGRA MOLIDA;KG;0.000060;;
F00899;SANDWICH CON LOMITO AL JUGO;SANDW CALIENTES;FICHA;1;SAL DE COCINA;KG;0.001000;;
F00899;SANDWICH CON LOMITO AL JUGO;SANDW CALIENTES;FICHA;1;AJO MOLIDO ENVASADO;KG;0.001000;;
F00899;SANDWICH CON LOMITO AL JUGO;SANDW CALIENTES;FICHA;1;MOSTAZA;KG;0.000120;;
F00899;SANDWICH CON LOMITO AL JUGO;SANDW CALIENTES;FICHA;1;SALSA SILLAO;L;0.001000;;
F00899;SANDWICH CON LOMITO AL JUGO;SANDW CALIENTES;FICHA;1;AGUA PARA RECETA;L;0.005000;;
F00899;SANDWICH CON LOMITO AL JUGO;SANDW CALIENTES;FICHA;1;VINAGRE BLANCO;L;0.001000;;
F00899;SANDWICH CON LOMITO AL JUGO;SANDW CALIENTES;FICHA;1;CEBOLLA ROJA REFRIGERADA;KG;0.020000;Pluma delgada;
F00899;SANDWICH CON LOMITO AL JUGO;SANDW CALIENTES;FICHA;1;PEREJIL LIZO REFRIGERADO;KG;0.001000;Picado fino;
F00899;SANDWICH CON LOMITO AL JUGO;SANDW CALIENTES;FICHA;1;TOMATE CRIOLLO REFRIGERADO;KG;0.020000;Gajos delgados;
F00899;SANDWICH CON LOMITO AL JUGO;SANDW CALIENTES;FICHA;1;MOLINOS PAN FRANCES 35 GR;UND;1.000000;;
F00899;SANDWICH CON LOMITO AL JUGO;SANDW CALIENTES;FICHA;1;AJI AMARILLO REFRIGERADO;KG;0.001000;Juliana;
F00903;SANDWICH CON HUEVOS REVUELTOS;SANDW CALIENTES;FICHA;1;ACEITE VEGETAL;L;0.005000;;"1. En aceite caliente, agregar los huevos e ir removiendo, agregar sal, pimienta.
2. Cortar el pan y rellenar con los huevos.
3. Servir."
F00903;SANDWICH CON HUEVOS REVUELTOS;SANDW CALIENTES;FICHA;1;HUEVO ROSADO REFRIGERADO;KG;0.060000;;
F00903;SANDWICH CON HUEVOS REVUELTOS;SANDW CALIENTES;FICHA;1;PIMIENTA NEGRA MOLIDA;KG;0.000060;;
F00903;SANDWICH CON HUEVOS REVUELTOS;SANDW CALIENTES;FICHA;1;SAL DE COCINA;KG;0.001000;;
F00903;SANDWICH CON HUEVOS REVUELTOS;SANDW CALIENTES;FICHA;1;MOLINOS PAN FRANCES 35 GR;UND;1.000000;;
F00916;SANDWICH CON TAMAL;SANDW CALIENTES;FICHA;1;MOLINOS PAN FRANCES 35 GR;UND;1.000000;;"1. Calentar el tamal.
2. Cortar el pan y rellenar con el tamal.
3. Servir."
F00916;SANDWICH CON TAMAL;SANDW CALIENTES;FICHA;1;TAMALES CERDO REFRIGERADO 140 GR;KG;0.070000;;
F00930;INFUSION DE CEDRON;BEB REFRESCOS NATURALES;FICHA;1;AZUCAR RUBIA;KG;0.020000;;1. Hervir agua, agregar la infusión de cedron y endulzar con azúcar.
F00930;INFUSION DE CEDRON;BEB REFRESCOS NATURALES;FICHA;1;CEDRON REFRIGERADO;KG;0.001000;;
F00930;INFUSION DE CEDRON;BEB REFRESCOS NATURALES;FICHA;1;AGUA PARA RECETA;L;0.300000;;
F00935;TALLARINES A LA CREMA HUANCAINA;GUARN PASTAS;FICHA;1;FIDEO SPAGUETTI;KG;0.120000;Sancochado;"1. Sancochar la pasta en agua con sal; Colar; Agregar aceite vegetal.
2. Saltear en aceite vegetal la cebolla con el aji amarillo y ajo; Agregar la leche, sal, pimienta, queso, galleta y agua; Licuar.
3. Servir la pasta con la salsa y perejil picado."
F00935;TALLARINES A LA CREMA HUANCAINA;GUARN PASTAS;FICHA;1;LECHE EVAPORADA TETRA;L;0.015000;;
F00935;TALLARINES A LA CREMA HUANCAINA;GUARN PASTAS;FICHA;1;QUESO FRESCO REFRIGERADO;KG;0.010000;Mirepoix;
F00935;TALLARINES A LA CREMA HUANCAINA;GUARN PASTAS;FICHA;1;SAL DE COCINA;KG;0.002000;;
F00935;TALLARINES A LA CREMA HUANCAINA;GUARN PASTAS;FICHA;1;AJO MOLIDO ENVASADO;KG;0.001000;;
F00935;TALLARINES A LA CREMA HUANCAINA;GUARN PASTAS;FICHA;1;AJI AMARILLO REFRIGERADO;KG;0.020000;Mirepoix;
F00935;TALLARINES A LA CREMA HUANCAINA;GUARN PASTAS;FICHA;1;CEBOLLA ROJA REFRIGERADA;KG;0.005000;Mirepoix;
F00935;TALLARINES A LA CREMA HUANCAINA;GUARN PASTAS;FICHA;1;GALLETA DE SODA KG;KG;0.005000;;
F00935;TALLARINES A LA CREMA HUANCAINA;GUARN PASTAS;FICHA;1;ACEITE VEGETAL;L;0.008000;;
F00935;TALLARINES A LA CREMA HUANCAINA;GUARN PASTAS;FICHA;1;PEREJIL LIZO REFRIGERADO;KG;0.002000;Picado Fino;
F00935;TALLARINES A LA CREMA HUANCAINA;GUARN PASTAS;FICHA;1;AGUA PARA RECETA;L;0.010000;;
F00937;VERDURAS COCIDAS;GUARN VERDURAS;FICHA;1;ZAPALLO ITALIANO REFRIGERADO;KG;0.025000;Macedonia, Blanqueado;"1. Blanquear todas las verduras una a una en agua con sal; Reservar.
2. Saltear las verduras cocidas en aceite y margarina; Sazonar con sal y pimienta; decorando con perejil picado."
F00937;VERDURAS COCIDAS;GUARN VERDURAS;FICHA;1;ZANAHORIA REFRIGERADO;KG;0.020000;Vichy, Blanqueado;
F00937;VERDURAS COCIDAS;GUARN VERDURAS;FICHA;1;VAINITA ENTERO REFRIGERADO;KG;0.025000;Sesgado, Blanqueado;
F00937;VERDURAS COCIDAS;GUARN VERDURAS;FICHA;1;ARVEJA PELADA CONGELADA;KG;0.020000;Sancochar;
F00937;VERDURAS COCIDAS;GUARN VERDURAS;FICHA;1;PAPA BLANCA REFRIGERADO;KG;0.030000;Dado, Blanqueado;
F00937;VERDURAS COCIDAS;GUARN VERDURAS;FICHA;1;SAL DE COCINA;KG;0.002000;;
F00937;VERDURAS COCIDAS;GUARN VERDURAS;FICHA;1;PIMIENTA NEGRA MOLIDA;KG;0.000120;;
F00937;VERDURAS COCIDAS;GUARN VERDURAS;FICHA;1;ACEITE VEGETAL;L;0.001000;;
F00937;VERDURAS COCIDAS;GUARN VERDURAS;FICHA;1;PEREJIL LIZO REFRIGERADO;KG;0.002000;Picado Fino;
F00937;VERDURAS COCIDAS;GUARN VERDURAS;FICHA;1;MARGARINA CON SAL REFRIGERADO GRANEL KG;KG;0.005000;;
F00938;VERDURAS CHINAS AL KION;GUARN VERDURAS;FICHA;1;ACEITE VEGETAL;L;0.003000;;"1. Blanquear las verduras en agua con sal.
2. Saltear en aceite vegetal el kion, ajo, la cebolla roja, brocoli, colantao, pimiento, sal, pimienta, champiñon y sillao.
3. Decorar con la cebolla china."
F00938;VERDURAS CHINAS AL KION;GUARN VERDURAS;FICHA;1;SAL DE COCINA;KG;0.002000;;
F00938;VERDURAS CHINAS AL KION;GUARN VERDURAS;FICHA;1;PIMIENTA NEGRA MOLIDA;KG;0.000120;;
F00938;VERDURAS CHINAS AL KION;GUARN VERDURAS;FICHA;1;BROCOLI 20-40 CONGELADO;KG;0.030000;En Flores, Blanqueado;
F00938;VERDURAS CHINAS AL KION;GUARN VERDURAS;FICHA;1;CEBOLLA CHINA REFRIGERADA;KG;0.015000;Sesgado;
F00938;VERDURAS CHINAS AL KION;GUARN VERDURAS;FICHA;1;CEBOLLA ROJA REFRIGERADA;KG;0.025000;Juliana, Salteado;
F00938;VERDURAS CHINAS AL KION;GUARN VERDURAS;FICHA;1;COLANTAO REFRIGERADO;KG;0.015000;Blanqueado;
F00938;VERDURAS CHINAS AL KION;GUARN VERDURAS;FICHA;1;KION MOLIDO ENVASADO;KG;0.001000;Rallado;
F00938;VERDURAS CHINAS AL KION;GUARN VERDURAS;FICHA;1;PIMIENTO ROJO REFRIGERADO;KG;0.015000;Juliana, Salteado;
F00938;VERDURAS CHINAS AL KION;GUARN VERDURAS;FICHA;1;CHAMPIGÑONES REFRIGERADO;KG;0.015000;Juliana, Salteado;
F00938;VERDURAS CHINAS AL KION;GUARN VERDURAS;FICHA;1;AJO MOLIDO ENVASADO;KG;0.002000;;
F00938;VERDURAS CHINAS AL KION;GUARN VERDURAS;FICHA;1;SALSA SILLAO;L;0.003000;;
F00992;PURE DE PAPA SIN LECHE;GUARN TUBERCULOS;FICHA;1;APIO REFRIGERADO;KG;0.005000;;"1. Lavar la papa, sancochar , pelar y prensar.
2. Preparar un fondo con ajos, apio, oregano, tomillo, sal y agua.
2. En una olla agregar la papa prensada y el fondo; mover constantemente para que no se formen grumos.
4. Servir el puré de papa."
F00992;PURE DE PAPA SIN LECHE;GUARN TUBERCULOS;FICHA;1;AJO MOLIDO ENVASADO;KG;0.005000;;
F00992;PURE DE PAPA SIN LECHE;GUARN TUBERCULOS;FICHA;1;OREGANO ENTERO;KG;0.000120;;
F00992;PURE DE PAPA SIN LECHE;GUARN TUBERCULOS;FICHA;1;TOMILLO;KG;0.000120;;
F00992;PURE DE PAPA SIN LECHE;GUARN TUBERCULOS;FICHA;1;PIMIENTA NEGRA MOLIDA;KG;0.000120;;
F00992;PURE DE PAPA SIN LECHE;GUARN TUBERCULOS;FICHA;1;SAL DE COCINA;KG;0.002000;;
F00992;PURE DE PAPA SIN LECHE;GUARN TUBERCULOS;FICHA;1;PAPA BLANCA REFRIGERADO;KG;0.120000;Lavar, sancochar, prensar.;
F00992;PURE DE PAPA SIN LECHE;GUARN TUBERCULOS;FICHA;1;AGUA PARA RECETA;L;0.020000;;
F00993;PAPA AMARILLA SANCOCHADA;GUARN TUBERCULOS;FICHA;1;SAL DE COCINA;KG;0.002000;;"1. Lavar la papa amarilla, reservar.
2. En una olla con agua y sal, sancochar la papa amarilla.
3. Retirar cuando este cocida y pelar."
F00993;PAPA AMARILLA SANCOCHADA;GUARN TUBERCULOS;FICHA;1;PAPA AMARILLA REFRIGERADO;KG;0.120000;;
F01001;SANDWICH TRIPLE (JAMON, HUEVO Y QUESO);SANDW CALIENTES;FICHA;1;MAYONESA;KG;0.010000;;"1. Picar el huevo y mezclar con mayonesa y sal.
2. Untar una rebanada de pan con mayonesa y colocar jamón, queso Edam. Cubrir con pan colocar la mezcla de huevo y cubrir con pan.
3. Cortar el triple en triángulos. Servir."
F01001;SANDWICH TRIPLE (JAMON, HUEVO Y QUESO);SANDW CALIENTES;FICHA;1;JAMON PARA CAFETIN CONGELADO;KG;0.020000;;
F01001;SANDWICH TRIPLE (JAMON, HUEVO Y QUESO);SANDW CALIENTES;FICHA;1;QUESO EDAM REFRIGERADO;KG;0.020000;;
F01001;SANDWICH TRIPLE (JAMON, HUEVO Y QUESO);SANDW CALIENTES;FICHA;1;HUEVO ROSADO REFRIGERADO;KG;0.030000;Sancochar / picar finamente;
F01001;SANDWICH TRIPLE (JAMON, HUEVO Y QUESO);SANDW CALIENTES;FICHA;1;SAL DE COCINA;KG;0.001000;;
F01001;SANDWICH TRIPLE (JAMON, HUEVO Y QUESO);SANDW CALIENTES;FICHA;1;PAN DE MOLDE BLANCO SUPER PULLMAN C/CORT VERT;UND;0.120000;;
F01003;SANDWICH CON POLLO;SANDWICH FRIOS;FICHA;1;POLLO PECHUGA FILETE SIN PIEL CONGELADO;KG;0.040000;Sancochar;"1. Condimentar la pechuga de pollo con sal, pimienta.
2. Rellenar el pan con lechuga, tomate y el filete de pollo.
3. Servir."
F01003;SANDWICH CON POLLO;SANDWICH FRIOS;FICHA;1;ACEITE VEGETAL;L;0.010000;;
F01003;SANDWICH CON POLLO;SANDWICH FRIOS;FICHA;1;LECHUGA AMERICANA REFRIGERADO;KG;0.012000;Decoración;
F01003;SANDWICH CON POLLO;SANDWICH FRIOS;FICHA;1;TOMATE CRIOLLO REFRIGERADO;KG;0.015000;Rodajas;
F01003;SANDWICH CON POLLO;SANDWICH FRIOS;FICHA;1;PASTIPAN PAN DE YEMA;UND;1.000000;;
F01003;SANDWICH CON POLLO;SANDWICH FRIOS;FICHA;1;SAL DE COCINA;KG;0.001000;;
F01003;SANDWICH CON POLLO;SANDWICH FRIOS;FICHA;1;PIMIENTA NEGRA MOLIDA;KG;0.000060;;
F01007;TALLARINES AL TUCO;GUARN PASTAS;FICHA;1;FIDEO SPAGUETTI;KG;0.120000;Sancochado;"1. Hacer un aderezo de aceite vegetal, cebolla, ajo, pasta de tomate, tomate, laurel, oregano, agregar agua y dejar cocinar.
2. Agregar azúcar para bajar la acidez.
3. Ligar la preparación con maicena diluida en agua.
4. Sancochar la pasta en agua hirviendo con sal y aceite; Servir con la salsa y queso parmesano encima."
F01007;TALLARINES AL TUCO;GUARN PASTAS;FICHA;1;PIMIENTA NEGRA MOLIDA;KG;0.000120;;
F01007;TALLARINES AL TUCO;GUARN PASTAS;FICHA;1;SAL DE COCINA;KG;0.003000;;
F01007;TALLARINES AL TUCO;GUARN PASTAS;FICHA;1;ACEITE VEGETAL;L;0.010000;;
F01007;TALLARINES AL TUCO;GUARN PASTAS;FICHA;1;AJO MOLIDO ENVASADO;KG;0.003000;;
F01007;TALLARINES AL TUCO;GUARN PASTAS;FICHA;1;CEBOLLA ROJA REFRIGERADA;KG;0.040000;Brunoise;
F01007;TALLARINES AL TUCO;GUARN PASTAS;FICHA;1;PASTA DE TOMATE;KG;0.005000;;
F01007;TALLARINES AL TUCO;GUARN PASTAS;FICHA;1;LAUREL;KG;0.000120;;
F01007;TALLARINES AL TUCO;GUARN PASTAS;FICHA;1;OREGANO ENTERO;KG;0.000120;;
F01007;TALLARINES AL TUCO;GUARN PASTAS;FICHA;1;TOMATE CRIOLLO REFRIGERADO;KG;0.030000;Brunoise;
F01007;TALLARINES AL TUCO;GUARN PASTAS;FICHA;1;AGUA PARA RECETA;L;0.020000;;
F01007;TALLARINES AL TUCO;GUARN PASTAS;FICHA;1;MAICENA;KG;0.003000;;
F01007;TALLARINES AL TUCO;GUARN PASTAS;FICHA;1;QUESO PARMESANO REFRIGERADO;KG;0.003000;Rallado;
F01007;TALLARINES AL TUCO;GUARN PASTAS;FICHA;1;AZUCAR RUBIA;KG;0.001000;;
F01014;YUCA SANCOCHADA CON SALSA CRIOLLA;GUARN TUBERCULOS;FICHA;1;ACEITE VEGETAL;L;0.003000;;"1. Sancochar la yuca con agua hirviendo con sal.
2. Mezclar la cebolla, ají amarillo, perejil, sal, pimienta, aceite, jugo de limón y vinagre.
3. Servir la yuca con la salsa criolla."
F01014;YUCA SANCOCHADA CON SALSA CRIOLLA;GUARN TUBERCULOS;FICHA;1;PIMIENTA NEGRA MOLIDA;KG;0.000120;;
F01014;YUCA SANCOCHADA CON SALSA CRIOLLA;GUARN TUBERCULOS;FICHA;1;SAL DE COCINA;KG;0.002000;;
F01014;YUCA SANCOCHADA CON SALSA CRIOLLA;GUARN TUBERCULOS;FICHA;1;AJI AMARILLO REFRIGERADO;KG;0.005000;Juliana;
F01014;YUCA SANCOCHADA CON SALSA CRIOLLA;GUARN TUBERCULOS;FICHA;1;CEBOLLA ROJA REFRIGERADA;KG;0.040000;Juliana;
F01014;YUCA SANCOCHADA CON SALSA CRIOLLA;GUARN TUBERCULOS;FICHA;1;LIMON VERDE REFRIGERADO;KG;0.010000;;
F01014;YUCA SANCOCHADA CON SALSA CRIOLLA;GUARN TUBERCULOS;FICHA;1;PEREJIL LIZO REFRIGERADO;KG;0.003000;Picado Fino;
F01014;YUCA SANCOCHADA CON SALSA CRIOLLA;GUARN TUBERCULOS;FICHA;1;VINAGRE BLANCO;L;0.001000;;
F01014;YUCA SANCOCHADA CON SALSA CRIOLLA;GUARN TUBERCULOS;FICHA;1;YUCA AMARILLA REFRIGERADO;KG;0.120000;Sancochada, Pelada;
F01026;PURE DE PAPA BLANCA;GUARN TUBERCULOS;FICHA;1;MARGARINA CON SAL REFRIGERADO GRANEL KG;KG;0.005000;;"1. Lavar la papa, sancochar, pelar y prensar.
2. En una olla derretir margarina, agregar ajo, agua, sal, pimienta, nuez moscada, la papa prensada, mover constantemente para que no se formen grumos.
3. Finalmente agregar la leche evaporada.
4. Servir el puré de papa."
F01026;PURE DE PAPA BLANCA;GUARN TUBERCULOS;FICHA;1;LECHE EVAPORADA TETRA;L;0.020000;;
F01026;PURE DE PAPA BLANCA;GUARN TUBERCULOS;FICHA;1;PIMIENTA NEGRA MOLIDA;KG;0.000120;;
F01026;PURE DE PAPA BLANCA;GUARN TUBERCULOS;FICHA;1;SAL DE COCINA;KG;0.002000;;
F01026;PURE DE PAPA BLANCA;GUARN TUBERCULOS;FICHA;1;PAPA BLANCA REFRIGERADO;KG;0.100000;Lavar, sancochar, prensar.;
F01026;PURE DE PAPA BLANCA;GUARN TUBERCULOS;FICHA;1;NUEZ MOSCADA;KG;0.000120;Rallar;
F01026;PURE DE PAPA BLANCA;GUARN TUBERCULOS;FICHA;1;AJO MOLIDO ENVASADO;KG;0.001000;;
F01026;PURE DE PAPA BLANCA;GUARN TUBERCULOS;FICHA;1;AGUA PARA RECETA;L;0.010000;;
F01032;PAPA DORADA AL PEREJIL;GUARN TUBERCULOS;FICHA;1;ACEITE VEGETAL;L;0.010000;;"1. Sancochar la papa en agua con sal; Cortar.
2. Dorar la papa; Agregar la sal, pimienta y perejil."
F01032;PAPA DORADA AL PEREJIL;GUARN TUBERCULOS;FICHA;1;SAL DE COCINA;KG;0.003000;;
F01032;PAPA DORADA AL PEREJIL;GUARN TUBERCULOS;FICHA;1;PAPA BLANCA REFRIGERADO;KG;0.120000;Sancochado, Rodajas;
F01032;PAPA DORADA AL PEREJIL;GUARN TUBERCULOS;FICHA;1;PEREJIL LIZO REFRIGERADO;KG;0.003000;Picado Fino;
F01032;PAPA DORADA AL PEREJIL;GUARN TUBERCULOS;FICHA;1;PIMIENTA NEGRA MOLIDA;KG;0.000120;;
F01047;FRIJOL CANARIO GUISADO;GUARN MENESTRAS;FICHA;1;ACEITE VEGETAL;L;0.005000;;"1. Remojar  el frijol para ablandar.
2. Sancochar los frejoles en una olla con agua hasta que estén suaves.
3. Hacer un aderezo, aceite, cebolla, ajo, pasta de tomate, ají panca, y agregarlo a la cocción de los frejoles.
4. Condimentar con sal, pimienta, comino y aromatizar con orégano.
5. Ligar ligeramente la preparación con maicena diluía en agua. Servir"
F01047;FRIJOL CANARIO GUISADO;GUARN MENESTRAS;FICHA;1;SAL DE COCINA;KG;0.003000;;
F01047;FRIJOL CANARIO GUISADO;GUARN MENESTRAS;FICHA;1;AJO MOLIDO ENVASADO;KG;0.003000;;
F01047;FRIJOL CANARIO GUISADO;GUARN MENESTRAS;FICHA;1;CEBOLLA ROJA REFRIGERADA;KG;0.015000;Brunoise;
F01047;FRIJOL CANARIO GUISADO;GUARN MENESTRAS;FICHA;1;FRIJOL CANARIO;KG;0.060000;Remojar;
F01047;FRIJOL CANARIO GUISADO;GUARN MENESTRAS;FICHA;1;PASTA DE TOMATE;KG;0.002000;;
F01047;FRIJOL CANARIO GUISADO;GUARN MENESTRAS;FICHA;1;AJI PANCA MOLIDO ENVASADO;KG;0.003000;;
F01047;FRIJOL CANARIO GUISADO;GUARN MENESTRAS;FICHA;1;OREGANO ENTERO;KG;0.000120;;
F01047;FRIJOL CANARIO GUISADO;GUARN MENESTRAS;FICHA;1;COMINO MOLIDO;KG;0.000060;;
F01047;FRIJOL CANARIO GUISADO;GUARN MENESTRAS;FICHA;1;PIMIENTA NEGRA MOLIDA;KG;0.000120;;
F01047;FRIJOL CANARIO GUISADO;GUARN MENESTRAS;FICHA;1;AGUA PARA RECETA;L;0.250000;;
F01047;FRIJOL CANARIO GUISADO;GUARN MENESTRAS;FICHA;1;MAICENA;KG;0.003000;;
F01048;HABAS , CAMOTE Y CHOCLO;GUARN TUBERCULOS;FICHA;1;SAL DE COCINA;KG;0.003000;;"1. Sancochar en agua con sal por separado.
2. Servir."
F01048;HABAS , CAMOTE Y CHOCLO;GUARN TUBERCULOS;FICHA;1;CAMOTE AMARILLO REFRIGERADO;KG;0.060000;;
F01048;HABAS , CAMOTE Y CHOCLO;GUARN TUBERCULOS;FICHA;1;CHOCLO DESGRANADO CONGELADO;KG;0.005000;;
F01048;HABAS , CAMOTE Y CHOCLO;GUARN TUBERCULOS;FICHA;1;HABA VERDE PELADO CONGELADO;KG;0.010000;;
F01049;PALLARES AL NATURAL;GUARN MENESTRAS;FICHA;1;ACEITE VEGETAL;L;0.005000;;"1. Remojar el pallar para ablandar.
2. Sancochar los pallares en agua hasta que estén suaves.
3. Hacer un aderezo, aceite, cebolla, ajo. Agregarlo a la cocción de los pallares.
4. Condimentar con sal, pimienta, comino y aromatizar con orégano.
5. Ligar la preparación con maicena en caso sea necesario. Servir."
F01049;PALLARES AL NATURAL;GUARN MENESTRAS;FICHA;1;SAL DE COCINA;KG;0.003000;;
F01049;PALLARES AL NATURAL;GUARN MENESTRAS;FICHA;1;AJO MOLIDO ENVASADO;KG;0.003000;;
F01049;PALLARES AL NATURAL;GUARN MENESTRAS;FICHA;1;CEBOLLA ROJA REFRIGERADA;KG;0.015000;Brunoise;
F01049;PALLARES AL NATURAL;GUARN MENESTRAS;FICHA;1;PALLAR;KG;0.060000;Remojar;
F01049;PALLARES AL NATURAL;GUARN MENESTRAS;FICHA;1;OREGANO ENTERO;KG;0.000120;;
F01049;PALLARES AL NATURAL;GUARN MENESTRAS;FICHA;1;COMINO MOLIDO;KG;0.000060;;
F01049;PALLARES AL NATURAL;GUARN MENESTRAS;FICHA;1;PIMIENTA NEGRA MOLIDA;KG;0.000120;;
F01049;PALLARES AL NATURAL;GUARN MENESTRAS;FICHA;1;AGUA PARA RECETA;L;0.250000;;
F01049;PALLARES AL NATURAL;GUARN MENESTRAS;FICHA;1;MAICENA;KG;0.003000;;
F01053;SEMOLA CON PIÑA;BEB CALIENTES;FICHA;1;CANELA ENTERA;KG;0.000120;;"1. En un olla hervir agua con canela, clavo de olor, cascare de piña. Colar.
2. Agregar la sémola en forma de lluvia e ir moviendo constantemente para que no se formen grumos.
3. A mitad de la cocción agregar la piña, endulzar con azúcar y seguir cocinando. Servir."
F01053;SEMOLA CON PIÑA;BEB CALIENTES;FICHA;1;CLAVO DE OLOR ENTERO;KG;0.000060;;
F01053;SEMOLA CON PIÑA;BEB CALIENTES;FICHA;1;AZUCAR RUBIA;KG;0.020000;;
F01053;SEMOLA CON PIÑA;BEB CALIENTES;FICHA;1;SEMOLA;KG;0.017000;;
F01053;SEMOLA CON PIÑA;BEB CALIENTES;FICHA;1;AGUA PARA RECETA;L;0.300000;;
F01053;SEMOLA CON PIÑA;BEB CALIENTES;FICHA;1;PIÑA SELVA REFRIGERADO;KG;0.030000;;
F01054;CAFE PASADO;BEB CALIENTES;FICHA;1;CAFE PARA PASAR MOLIDO;KG;0.010000;;1. Mezclar el extracto de café con el agua y endulzar con azúcar.
F01054;CAFE PASADO;BEB CALIENTES;FICHA;1;AZUCAR RUBIA;KG;0.025000;;
F01054;CAFE PASADO;BEB CALIENTES;FICHA;1;AGUA PARA RECETA;L;0.300000;;
F01055;LECHE CON SOYA;BEB CALIENTES;FICHA;1;CANELA ENTERA;KG;0.000120;;"1. Disolver la soya en agua fría. Reservar.
2. Hervir agua con canela, clavo, añadir la soya disuelta. Mover constantemente para que no se pegue.
3. Agregar azúcar y la leche , mezclar.
4. Servir."
F01055;LECHE CON SOYA;BEB CALIENTES;FICHA;1;CLAVO DE OLOR ENTERO;KG;0.000060;;
F01055;LECHE CON SOYA;BEB CALIENTES;FICHA;1;AZUCAR RUBIA;KG;0.025000;;
F01055;LECHE CON SOYA;BEB CALIENTES;FICHA;1;AGUA PARA RECETA;L;0.280000;;
F01055;LECHE CON SOYA;BEB CALIENTES;FICHA;1;LECHE EVAPORADA TETRA;L;0.030000;;
F01055;LECHE CON SOYA;BEB CALIENTES;FICHA;1;HARINA DE SOYA;KG;0.010000;;
F01056;SANDWICH CON POLLO Y MAYONESA;SANDWICH FRIOS;FICHA;1;POLLO PECHUGA FILETE SIN PIEL CONGELADO;KG;0.040000;Sancochar;"1. Sancochar el pollo con laurel.
2. Mezclarlo con mayonesa, sal, pimienta.
3. Rellenar el pan con la mezcla de pollo deshilachado."
F01056;SANDWICH CON POLLO Y MAYONESA;SANDWICH FRIOS;FICHA;1;LAUREL;KG;0.000030;;
F01056;SANDWICH CON POLLO Y MAYONESA;SANDWICH FRIOS;FICHA;1;PIMIENTA NEGRA MOLIDA;KG;0.000600;;
F01056;SANDWICH CON POLLO Y MAYONESA;SANDWICH FRIOS;FICHA;1;SAL DE COCINA;KG;0.001000;;
F01056;SANDWICH CON POLLO Y MAYONESA;SANDWICH FRIOS;FICHA;1;MAYONESA;KG;0.010000;;
F01056;SANDWICH CON POLLO Y MAYONESA;SANDWICH FRIOS;FICHA;1;MOLINOS PAN FRANCES 35 GR;UND;1.000000;;
F01057;MACAAVENA CON COCOA;BEB CALIENTES;FICHA;1;AZUCAR RUBIA;KG;0.025000;;"1. Disolver en agua fría la maca avena.
2. Hervir agua con canela, clavo de olor, azúcar.
3. Luego agregar la maca diluida, cocoa . Mover hasta que no se pegue en el fondo.
4. Servir."
F01057;MACAAVENA CON COCOA;BEB CALIENTES;FICHA;1;CANELA ENTERA;KG;0.000120;;
F01057;MACAAVENA CON COCOA;BEB CALIENTES;FICHA;1;CLAVO DE OLOR ENTERO;KG;0.000060;;
F01057;MACAAVENA CON COCOA;BEB CALIENTES;FICHA;1;MACA AVENA;KG;0.020000;;
F01057;MACAAVENA CON COCOA;BEB CALIENTES;FICHA;1;COCOA A GRANEL;KG;0.002000;;
F01057;MACAAVENA CON COCOA;BEB CALIENTES;FICHA;1;AGUA PARA RECETA;L;0.300000;;
F01058;JUGO DE PAPAYA CON PIÑA;BEB JUG PULPA NATURAL;FICHA;1;AZUCAR RUBIA;KG;0.020000;;"1. Mezclar las pulpas con agua
2. Endulzar.
3. Servir."
F01058;JUGO DE PAPAYA CON PIÑA;BEB JUG PULPA NATURAL;FICHA;1;PULPA DE PAPAYA CONGELADA;KG;0.062000;;
F01058;JUGO DE PAPAYA CON PIÑA;BEB JUG PULPA NATURAL;FICHA;1;PIÑA PULPA CONGELADO;KG;0.063000;;
F01058;JUGO DE PAPAYA CON PIÑA;BEB JUG PULPA NATURAL;FICHA;1;AGUA PARA RECETA;L;0.125000;;
F01059;JUGO DE PIÑA CON MANZANA;BEB JUG PULPA NATURAL;FICHA;1;CANELA ENTERA;KG;0.000120;;"1. Sancochar la manzana en agua con canela, clavo de olor. Hasta que este suave. Enfriar.
2. Licuar la manzana con el mismo liquido de la cocción, la piña y el azúcar. Colar.
3. Servir."
F01059;JUGO DE PIÑA CON MANZANA;BEB JUG PULPA NATURAL;FICHA;1;CLAVO DE OLOR ENTERO;KG;0.000060;;
F01059;JUGO DE PIÑA CON MANZANA;BEB JUG PULPA NATURAL;FICHA;1;AGUA PARA RECETA;L;0.125000;;
F01059;JUGO DE PIÑA CON MANZANA;BEB JUG PULPA NATURAL;FICHA;1;PIÑA PULPA CONGELADO;KG;0.050000;;
F01059;JUGO DE PIÑA CON MANZANA;BEB JUG PULPA NATURAL;FICHA;1;AZUCAR RUBIA;KG;0.025000;;
F01059;JUGO DE PIÑA CON MANZANA;BEB JUG PULPA NATURAL;FICHA;1;MANZANA DE AGUA REFRIGERADO;KG;0.080000;;
F01060;JUGO DE FRESA CON PIÑA;BEB JUG PULPA NATURAL;FICHA;1;AZUCAR RUBIA;KG;0.018000;;"1. Colocar todos los ingredientes en la licuadora. Licuar y colar.
2. Servir."
F01060;JUGO DE FRESA CON PIÑA;BEB JUG PULPA NATURAL;FICHA;1;FRESA PULPA CONGELADO;KG;0.065000;;
F01060;JUGO DE FRESA CON PIÑA;BEB JUG PULPA NATURAL;FICHA;1;PIÑA PULPA CONGELADO;KG;0.065000;Lavar y desinfectar, pelar;
F01060;JUGO DE FRESA CON PIÑA;BEB JUG PULPA NATURAL;FICHA;1;AGUA PARA RECETA;L;0.120000;;
F01061;JUGO DE PIÑA CON MARACUYA;BEB JUG PULPA NATURAL;FICHA;1;AZUCAR RUBIA;KG;0.020000;;"1. Cortar por la mitad la maracuyá, extraer la pulpa y licuar ligeramente. Colar y reservar.
2. Mezclar la pulpa de piña, agua y maracuyá.
3. Agregar azúcar, mezclar bien.
4. Servir."
F01061;JUGO DE PIÑA CON MARACUYA;BEB JUG PULPA NATURAL;FICHA;1;MARACUYA ENTERA REFRIGERADO;KG;0.100000;Lavar, desinfectar.;
F01061;JUGO DE PIÑA CON MARACUYA;BEB JUG PULPA NATURAL;FICHA;1;PIÑA PULPA CONGELADO;KG;0.065000;;
F01061;JUGO DE PIÑA CON MARACUYA;BEB JUG PULPA NATURAL;FICHA;1;AGUA PARA RECETA;L;0.125000;;
F01062;JUGO DE PAPAYA, PIÑA Y PLATANO;BEB JUG PULPA NATURAL;FICHA;1;AZUCAR RUBIA;KG;0.015000;;"1. Licuar el platano con agua, colar y reservar.
2. Agregar las pulpas y azúcar, mezclar bien.
3. Servir."
F01062;JUGO DE PAPAYA, PIÑA Y PLATANO;BEB JUG PULPA NATURAL;FICHA;1;PULPA DE PAPAYA CONGELADA;KG;0.062000;;
F01062;JUGO DE PAPAYA, PIÑA Y PLATANO;BEB JUG PULPA NATURAL;FICHA;1;PIÑA PULPA CONGELADO;KG;0.063000;;
F01062;JUGO DE PAPAYA, PIÑA Y PLATANO;BEB JUG PULPA NATURAL;FICHA;1;PLATANO SEDA REFRIGERADO;KG;0.050000;Lavar, desinfectar y pelar;
F01062;JUGO DE PAPAYA, PIÑA Y PLATANO;BEB JUG PULPA NATURAL;FICHA;1;AGUA PARA RECETA;L;0.125000;;
F01065;ENSALADA DE ZAPALLITO Y ZANAHORIAS;GUARN VERDURAS;FICHA;1;ACEITE VEGETAL;L;0.010000;;"1.Preparar el aliño, aceite, vinagre y romero.
2.En un bol colocar las legumbres, bañar con el aliño.
3.Servir, sobre una hoja de lechuga."
F01065;ENSALADA DE ZAPALLITO Y ZANAHORIAS;GUARN VERDURAS;FICHA;1;OREGANO ENTERO;KG;0.000120;;
F01065;ENSALADA DE ZAPALLITO Y ZANAHORIAS;GUARN VERDURAS;FICHA;1;PIMIENTA NEGRA MOLIDA;KG;0.000120;;
F01065;ENSALADA DE ZAPALLITO Y ZANAHORIAS;GUARN VERDURAS;FICHA;1;SAL DE COCINA;KG;0.002000;;
F01065;ENSALADA DE ZAPALLITO Y ZANAHORIAS;GUARN VERDURAS;FICHA;1;ROMERO FRESCO;KG;0.000060;Picado fino;
F01065;ENSALADA DE ZAPALLITO Y ZANAHORIAS;GUARN VERDURAS;FICHA;1;ZANAHORIA REFRIGERADO;KG;0.060000;Macedonia;
F01065;ENSALADA DE ZAPALLITO Y ZANAHORIAS;GUARN VERDURAS;FICHA;1;ZAPALLO ITALIANO REFRIGERADO;KG;0.060000;Macedonia;
F01065;ENSALADA DE ZAPALLITO Y ZANAHORIAS;GUARN VERDURAS;FICHA;1;PAPA BLANCA REFRIGERADO;KG;0.030000;Macedonia;
F01065;ENSALADA DE ZAPALLITO Y ZANAHORIAS;GUARN VERDURAS;FICHA;1;VINAGRE TINTO;L;0.004000;;
F01067;SALAD BAR II;ENSALADAS MIXTAS;FICHA;1;SALCHICHA HOT DOG CONGELADO;KG;0.020000;Salteado, Laminado;"1. Sancochar la pasta con agua, aceite y sal; Cuando este lista, escurrir, mezclar con oregano y aceite.
2. Cortar los ingredientes del salad bar; Blanquear las verduras en agua con sal; Reservar.
3. Para la vinagreta (Mayonesa, mostaza, vinagre, sal, pimienta y oregano).
4. Servir el salad bar junto a la vinagreta."
F01067;SALAD BAR II;ENSALADAS MIXTAS;FICHA;1;VINAGRE BLANCO;L;0.003000;;
F01067;SALAD BAR II;ENSALADAS MIXTAS;FICHA;1;MAYONESA;KG;0.010000;;
F01067;SALAD BAR II;ENSALADAS MIXTAS;FICHA;1;MOSTAZA;KG;0.002000;;
F01067;SALAD BAR II;ENSALADAS MIXTAS;FICHA;1;SAL DE COCINA;KG;0.003000;;
F01067;SALAD BAR II;ENSALADAS MIXTAS;FICHA;1;PIMIENTA NEGRA MOLIDA;KG;0.000120;;
F01067;SALAD BAR II;ENSALADAS MIXTAS;FICHA;1;OREGANO ENTERO;KG;0.000120;;
F01067;SALAD BAR II;ENSALADAS MIXTAS;FICHA;1;ARVEJA PELADA CONGELADA;KG;0.010000;Sancochar;
F01067;SALAD BAR II;ENSALADAS MIXTAS;FICHA;1;LECHUGA ORGANICA REFRIGERADO;KG;0.030000;Deshojada;
F01067;SALAD BAR II;ENSALADAS MIXTAS;FICHA;1;PIMIENTO ROJO REFRIGERADO;KG;0.020000;Blanqueado, Juliana;
F01067;SALAD BAR II;ENSALADAS MIXTAS;FICHA;1;TOMATE CRIOLLO REFRIGERADO;KG;0.030000;Laminados;
F01067;SALAD BAR II;ENSALADAS MIXTAS;FICHA;1;ACEITE VEGETAL;L;0.003000;;
F01067;SALAD BAR II;ENSALADAS MIXTAS;FICHA;1;FIDEO TORNILLO;KG;0.020000;Sancochado;
F01068;SALAD BAR III;ENSALADAS MIXTAS;FICHA;1;PEPINILLO REFRIGERADO;KG;0.015000;Rodajas, Laminado;"1. Cortar las verduras; Blanquearlas en agua con sal.
2. Para la vinagreta se mezcla la mayonesa, oregano, vinagre, sal y pimenta.
3. Servir el salad bar junto a la vinagreta."
F01068;SALAD BAR III;ENSALADAS MIXTAS;FICHA;1;BETERRAGA ENTERA REFRIGERADA;KG;0.020000;Rallado;
F01068;SALAD BAR III;ENSALADAS MIXTAS;FICHA;1;BROCOLI 20-40 CONGELADO;KG;0.030000;En Flores, Blanqueado;
F01068;SALAD BAR III;ENSALADAS MIXTAS;FICHA;1;LECHUGA ORGANICA REFRIGERADO;KG;0.030000;Deshojado;
F01068;SALAD BAR III;ENSALADAS MIXTAS;FICHA;1;TOMATE CRIOLLO REFRIGERADO;KG;0.020000;Juliana;
F01068;SALAD BAR III;ENSALADAS MIXTAS;FICHA;1;ZANAHORIA REFRIGERADO;KG;0.015000;Macedonia, Blanqueado;
F01068;SALAD BAR III;ENSALADAS MIXTAS;FICHA;1;SAL DE COCINA;KG;0.003000;;
F01068;SALAD BAR III;ENSALADAS MIXTAS;FICHA;1;PIMIENTA NEGRA MOLIDA;KG;0.000120;;
F01068;SALAD BAR III;ENSALADAS MIXTAS;FICHA;1;VINAGRE TINTO;L;0.005000;;
F01068;SALAD BAR III;ENSALADAS MIXTAS;FICHA;1;OREGANO ENTERO;KG;0.000120;;
F01068;SALAD BAR III;ENSALADAS MIXTAS;FICHA;1;MAYONESA;KG;0.010000;;
F01069;SALAD BAR IV;ENSALADAS MIXTAS;FICHA;1;QUESO FRESCO REFRIGERADO;KG;0.015000;Dados;"1. Cortar las verduras; Blanquearlas en agua con sal.
2. Para la vinagreta se mezcla la mayonesa, mostaza, oregano, vinagre, sal y pimenta.
3. Servir el salad bar junto a la vinagreta."
F01069;SALAD BAR IV;ENSALADAS MIXTAS;FICHA;1;HUEVO ROSADO REFRIGERADO;KG;0.015000;Sancochado, En 1/4;
F01069;SALAD BAR IV;ENSALADAS MIXTAS;FICHA;1;ZAPALLO ITALIANO REFRIGERADO;KG;0.025000;Blanqueado, Laminado;
F01069;SALAD BAR IV;ENSALADAS MIXTAS;FICHA;1;LECHUGA ORGANICA REFRIGERADO;KG;0.030000;Deshojado;
F01069;SALAD BAR IV;ENSALADAS MIXTAS;FICHA;1;PALTA FUERTE REFRIGERADO;KG;0.030000;Dados;
F01069;SALAD BAR IV;ENSALADAS MIXTAS;FICHA;1;VAINITA ENTERO REFRIGERADO;KG;0.020000;Sesgado, Blanqueado;
F01069;SALAD BAR IV;ENSALADAS MIXTAS;FICHA;1;VINAGRE BLANCO;L;0.003000;;
F01069;SALAD BAR IV;ENSALADAS MIXTAS;FICHA;1;MAYONESA;KG;0.010000;;
F01069;SALAD BAR IV;ENSALADAS MIXTAS;FICHA;1;MOSTAZA;KG;0.002000;;
F01069;SALAD BAR IV;ENSALADAS MIXTAS;FICHA;1;SAL DE COCINA;KG;0.003000;;
F01069;SALAD BAR IV;ENSALADAS MIXTAS;FICHA;1;PIMIENTA NEGRA MOLIDA;KG;0.000120;;
F01069;SALAD BAR IV;ENSALADAS MIXTAS;FICHA;1;OREGANO ENTERO;KG;0.000120;;
F01081;MACAAVENA CON MEMBRILLO;BEB CALIENTES;FICHA;1;CANELA ENTERA;KG;0.000120;;"1. Disolver en agua fría la maca avena.
2. Hervir agua con canela, clavo de olor, azúcar, membrillo.
3. Luego agregar la maca diluida. Mover hasta que no se pegue en el fondo.
4. Servir."
F01081;MACAAVENA CON MEMBRILLO;BEB CALIENTES;FICHA;1;CLAVO DE OLOR ENTERO;KG;0.000060;;
F01081;MACAAVENA CON MEMBRILLO;BEB CALIENTES;FICHA;1;AZUCAR RUBIA;KG;0.025000;;
F01081;MACAAVENA CON MEMBRILLO;BEB CALIENTES;FICHA;1;AGUA PARA RECETA;L;0.300000;;
F01081;MACAAVENA CON MEMBRILLO;BEB CALIENTES;FICHA;1;MEMBRILLO REFRIGERADO;KG;0.020000;Macedonia;
F01081;MACAAVENA CON MEMBRILLO;BEB CALIENTES;FICHA;1;MACA AVENA;KG;0.020000;;
F01082;SANDWICH CON OMELLETTE Y HOT DOG;SANDW CALIENTES;FICHA;1;ACEITE VEGETAL;L;0.005000;;"1. Batir los huevos condimentar con sal, pimienta, agregar el hot dog. Mezclar.
2. Calentar aceite y verter la mezcla de huevos, cocinar por unos minutos, no dejar que se seque.
3. Servir."
F01082;SANDWICH CON OMELLETTE Y HOT DOG;SANDW CALIENTES;FICHA;1;SALCHICHA HOT DOG CONGELADO;KG;0.020000;Rodajas;
F01082;SANDWICH CON OMELLETTE Y HOT DOG;SANDW CALIENTES;FICHA;1;HUEVO ROSADO REFRIGERADO;KG;0.030000;;
F01082;SANDWICH CON OMELLETTE Y HOT DOG;SANDW CALIENTES;FICHA;1;SAL DE COCINA;KG;0.001000;;
F01082;SANDWICH CON OMELLETTE Y HOT DOG;SANDW CALIENTES;FICHA;1;PIMIENTA NEGRA MOLIDA;KG;0.000060;;
F01082;SANDWICH CON OMELLETTE Y HOT DOG;SANDW CALIENTES;FICHA;1;PASTIPAN PAN DE YEMA;UND;1.000000;;
F01085;SEMOLA CON CHANCACA;BEB CALIENTES;FICHA;1;CANELA ENTERA;KG;0.000120;;"1. hervir agua con canela, clavo de olor, chancaca y azucar
2. Agregar sémola y continuar con la cocción.
3. Servir."
F01085;SEMOLA CON CHANCACA;BEB CALIENTES;FICHA;1;CLAVO DE OLOR ENTERO;KG;0.000060;;
F01085;SEMOLA CON CHANCACA;BEB CALIENTES;FICHA;1;CHANCACA;KG;0.015000;;
F01085;SEMOLA CON CHANCACA;BEB CALIENTES;FICHA;1;SEMOLA;KG;0.017000;;
F01085;SEMOLA CON CHANCACA;BEB CALIENTES;FICHA;1;AZUCAR RUBIA;KG;0.010000;;
F01085;SEMOLA CON CHANCACA;BEB CALIENTES;FICHA;1;AGUA PARA RECETA;L;0.300000;;
F01087;PEPIAN;GUARN OTROS;FICHA;1;CHOCLO DESGRANADO CONGELADO;KG;0.020000;Licuado con agua.;"1. Licuar el choclo con el agua.
2. Sudar en aceite vegetal, cebolla, ajo, aji amarillo, sal, pimienta, comino, oregano y el choclo licuado; Dejar hervir hasta terminar coccion.
3. Servir con culantro picado encima."
F01087;PEPIAN;GUARN OTROS;FICHA;1;AJI AMARILLO MOLIDO ENVASADO;KG;0.003000;;
F01087;PEPIAN;GUARN OTROS;FICHA;1;AJO MOLIDO ENVASADO;KG;0.003000;;
F01087;PEPIAN;GUARN OTROS;FICHA;1;CULANTRO REFRIGERADO;KG;0.020000;Picado Fino;
F01087;PEPIAN;GUARN OTROS;FICHA;1;PIMIENTA NEGRA MOLIDA;KG;0.000120;;
F01087;PEPIAN;GUARN OTROS;FICHA;1;SAL DE COCINA;KG;0.003000;;
F01087;PEPIAN;GUARN OTROS;FICHA;1;ACEITE VEGETAL;L;0.005000;;
F01087;PEPIAN;GUARN OTROS;FICHA;1;COMINO MOLIDO;KG;0.000060;;
F01087;PEPIAN;GUARN OTROS;FICHA;1;CEBOLLA ROJA REFRIGERADA;KG;0.015000;Brunoise;
F01087;PEPIAN;GUARN OTROS;FICHA;1;AGUA PARA RECETA;L;0.030000;;
F01087;PEPIAN;GUARN OTROS;FICHA;1;OREGANO ENTERO;KG;0.000120;;
F01090;PAPA DORADA Y ENSALADA FRESCA (GUARN);GUARN TUBERCULOS;FICHA;1;ACEITE VEGETAL;L;0.008000;;"1. Sancochar la papa en agua con sal; Cortar.
2. Dorar la papa en aceite vegetal.
3. Hacer una vinagreta, licuar sal, pimienta, oregano, mostaza, vinagre y mayonesa.
4. Servir la papa con la lechuga, las verduras y la vinagreta encima."
F01090;PAPA DORADA Y ENSALADA FRESCA (GUARN);GUARN TUBERCULOS;FICHA;1;SAL DE COCINA;KG;0.003000;;
F01090;PAPA DORADA Y ENSALADA FRESCA (GUARN);GUARN TUBERCULOS;FICHA;1;PAPA BLANCA REFRIGERADO;KG;0.060000;Sancochado, Rodajas;
F01090;PAPA DORADA Y ENSALADA FRESCA (GUARN);GUARN TUBERCULOS;FICHA;1;PIMIENTA NEGRA MOLIDA;KG;0.000120;;
F01090;PAPA DORADA Y ENSALADA FRESCA (GUARN);GUARN TUBERCULOS;FICHA;1;LECHUGA ORGANICA REFRIGERADO;KG;0.030000;;
F01090;PAPA DORADA Y ENSALADA FRESCA (GUARN);GUARN TUBERCULOS;FICHA;1;PEPINILLO REFRIGERADO;KG;0.015000;Pelado, Rodajas;
F01090;PAPA DORADA Y ENSALADA FRESCA (GUARN);GUARN TUBERCULOS;FICHA;1;RABANITO REFRIGERADO;KG;0.010000;Rallado;
F01090;PAPA DORADA Y ENSALADA FRESCA (GUARN);GUARN TUBERCULOS;FICHA;1;TOMATE CRIOLLO REFRIGERADO;KG;0.015000;Juliana;
F01090;PAPA DORADA Y ENSALADA FRESCA (GUARN);GUARN TUBERCULOS;FICHA;1;MAYONESA;KG;0.010000;;
F01090;PAPA DORADA Y ENSALADA FRESCA (GUARN);GUARN TUBERCULOS;FICHA;1;MOSTAZA;KG;0.001000;;
F01090;PAPA DORADA Y ENSALADA FRESCA (GUARN);GUARN TUBERCULOS;FICHA;1;VINAGRE BLANCO;L;0.002000;;
F01090;PAPA DORADA Y ENSALADA FRESCA (GUARN);GUARN TUBERCULOS;FICHA;1;OREGANO ENTERO;KG;0.000120;;
F01091;ENSALADA DE LEGUMBRES;GUARN VERDURAS;FICHA;1;ACEITE VEGETAL;L;0.003000;;"1. Blanquear las legumbres en agua con sal; Reservar.
2. Mezclar aceite vegetal, sal, pimienta, mayonesa, mostaza, orégano, vinagre y agua.
3. Mezclar las legumbres con la vinagreta y servir."
F01091;ENSALADA DE LEGUMBRES;GUARN VERDURAS;FICHA;1;PIMIENTA NEGRA MOLIDA;KG;0.000120;;
F01091;ENSALADA DE LEGUMBRES;GUARN VERDURAS;FICHA;1;SAL DE COCINA;KG;0.002000;;
F01091;ENSALADA DE LEGUMBRES;GUARN VERDURAS;FICHA;1;ARVEJA PELADA CONGELADA;KG;0.010000;Blanqueada;
F01091;ENSALADA DE LEGUMBRES;GUARN VERDURAS;FICHA;1;PAPA BLANCA REFRIGERADO;KG;0.030000;Sancochada;
F01091;ENSALADA DE LEGUMBRES;GUARN VERDURAS;FICHA;1;VAINITA ENTERO REFRIGERADO;KG;0.020000;Sesgado, Blanqueado;
F01091;ENSALADA DE LEGUMBRES;GUARN VERDURAS;FICHA;1;ZANAHORIA REFRIGERADO;KG;0.015000;Rallada;
F01091;ENSALADA DE LEGUMBRES;GUARN VERDURAS;FICHA;1;ZAPALLO ITALIANO REFRIGERADO;KG;0.025000;Dados, Blanqueado;
F01091;ENSALADA DE LEGUMBRES;GUARN VERDURAS;FICHA;1;MAYONESA;KG;0.010000;;
F01091;ENSALADA DE LEGUMBRES;GUARN VERDURAS;FICHA;1;MOSTAZA;KG;0.002000;;
F01091;ENSALADA DE LEGUMBRES;GUARN VERDURAS;FICHA;1;OREGANO ENTERO;KG;0.000120;;
F01091;ENSALADA DE LEGUMBRES;GUARN VERDURAS;FICHA;1;VINAGRE BLANCO;L;0.004000;;
F01091;ENSALADA DE LEGUMBRES;GUARN VERDURAS;FICHA;1;AGUA PARA RECETA;L;0.003000;;
F01094;SEMOLA CON COCOA;BEB CALIENTES;FICHA;1;CANELA ENTERA;KG;0.000120;;"1. hervir agua con canela, clavo de olor, azúcar.
2. Agregar sémola, cocoa  y continuar con la cocción.
3. Servir."
F01094;SEMOLA CON COCOA;BEB CALIENTES;FICHA;1;CLAVO DE OLOR ENTERO;KG;0.000060;;
F01094;SEMOLA CON COCOA;BEB CALIENTES;FICHA;1;AZUCAR RUBIA;KG;0.025000;;
F01094;SEMOLA CON COCOA;BEB CALIENTES;FICHA;1;AGUA PARA RECETA;L;0.300000;;
F01094;SEMOLA CON COCOA;BEB CALIENTES;FICHA;1;SEMOLA;KG;0.017000;;
F01094;SEMOLA CON COCOA;BEB CALIENTES;FICHA;1;COCOA A GRANEL;KG;0.002000;;
F01095;LECHE CON COCOA;BEB CALIENTES;FICHA;1;LECHE EVAPORADA TETRA;L;0.100000;;"1. Hervir agua, agregar la leche, cocoa, mover hasta que se disuelva la cocoa.
2. Agregar azúcar.
3. Servir."
F01095;LECHE CON COCOA;BEB CALIENTES;FICHA;1;AZUCAR RUBIA;KG;0.020000;;
F01095;LECHE CON COCOA;BEB CALIENTES;FICHA;1;COCOA A GRANEL;KG;0.002000;;
F01095;LECHE CON COCOA;BEB CALIENTES;FICHA;1;AGUA PARA RECETA;L;0.200000;;
F01097;SANDWICH TRIPLE VEGETARIANO;SANDWICH FRIOS;FICHA;1;ACEITE VEGETAL;L;0.003000;;"1. Blanquear la espinaca, Reservar.
2. Saltear el pimiento en aceite, mezclarlo con queso crema. Reservar.
3. Mezclar pasas, pecanas con queso crema. Reservar
3. Untar una rebanada de pan con la espinaca, cubrir con pan, encima colocar la mezcla de pimiento, cubrir con pan y por ultimo la mezcla de pecanas, cubrir el pan.
4. Cortar el pan en triángulos y servir."
F01097;SANDWICH TRIPLE VEGETARIANO;SANDWICH FRIOS;FICHA;1;PIMIENTO ROJO REFRIGERADO;KG;0.020000;Soasar / Pelar / Brunoise;
F01097;SANDWICH TRIPLE VEGETARIANO;SANDWICH FRIOS;FICHA;1;ESPINACA REFRIGERADO;KG;0.020000;Blanquear / chifonade;
F01097;SANDWICH TRIPLE VEGETARIANO;SANDWICH FRIOS;FICHA;1;SAL DE COCINA;KG;0.001000;;
F01097;SANDWICH TRIPLE VEGETARIANO;SANDWICH FRIOS;FICHA;1;PASAS NEGRAS SECAS;KG;0.003000;Picado fino;
F01097;SANDWICH TRIPLE VEGETARIANO;SANDWICH FRIOS;FICHA;1;PECANAS PELADAS;KG;0.005000;Picado fino;
F01097;SANDWICH TRIPLE VEGETARIANO;SANDWICH FRIOS;FICHA;1;PAN DE MOLDE BLANCO SUPER PULLMAN C/CORT VERT;UND;0.160000;;
F01097;SANDWICH TRIPLE VEGETARIANO;SANDWICH FRIOS;FICHA;1;MAYONESA;KG;0.010000;;
F01121;AVENA CON MARACUYA;BEB CALIENTES;FICHA;1;CANELA ENTERA;KG;0.000120;;"1. Disolver la avena en agua fria. Reservar.
2. Hervir agua con canela, clavo, azucar, jugo de maracuya.
3. Agregar la avena y mover constantemente.
4. Servir."
F01121;AVENA CON MARACUYA;BEB CALIENTES;FICHA;1;CLAVO DE OLOR ENTERO;KG;0.000060;;
F01121;AVENA CON MARACUYA;BEB CALIENTES;FICHA;1;AZUCAR RUBIA;KG;0.025000;;
F01121;AVENA CON MARACUYA;BEB CALIENTES;FICHA;1;MARACUYA ENTERA REFRIGERADO;KG;0.030000;Pulpa de maracuya / licuar;
F01121;AVENA CON MARACUYA;BEB CALIENTES;FICHA;1;AVENA;KG;0.012000;;
F01121;AVENA CON MARACUYA;BEB CALIENTES;FICHA;1;AGUA PARA RECETA;L;0.300000;;
F01123;MAIZ CANCHA;GUARN OTROS;FICHA;1;ACEITE VEGETAL;L;0.005000;;"1. Calentar aceite y agregar el maiz cancha. Tostar moviendo constantemente.
2. Servir con sal."
F01123;MAIZ CANCHA;GUARN OTROS;FICHA;1;SAL DE COCINA;KG;0.001000;;
F01123;MAIZ CANCHA;GUARN OTROS;FICHA;1;MAIZ CANCHA;KG;0.030000;;
F01127;SANDWICH CON CERDO;SANDW CALIENTES;FICHA;1;ACEITE VEGETAL;L;0.010000;;"1. Condimentar el bistec de cerdo con sal, pimienta.
2. Freírlo en aceite caliente. Reservar.
3. Cortar el pan y rellenar con el bistec. Servir."
F01127;SANDWICH CON CERDO;SANDW CALIENTES;FICHA;1;CERDO PIERNA SIN PIEL Y SIN HUESO REFRIGERADO;KG;0.040000;Bistec;
F01127;SANDWICH CON CERDO;SANDW CALIENTES;FICHA;1;PIMIENTA NEGRA MOLIDA;KG;0.000060;;
F01127;SANDWICH CON CERDO;SANDW CALIENTES;FICHA;1;SAL DE COCINA;KG;0.001000;;
F01127;SANDWICH CON CERDO;SANDW CALIENTES;FICHA;1;MOLINOS PAN FRANCES 35 GR;UND;1.000000;;
F01156;MOTE Y SALSA CRIOLLA;GUARN OTROS;FICHA;1;ACEITE VEGETAL;L;0.002000;;"1. Remojar el maíz mote la noche anterior.
2. Sancochar el maíz hasta que haya reventado el grano. Agregar sal.
3. Salsa criolla; mezclar cebolla, ají amarillo, culantro , sal, pimienta, limón y aceite.
4. Servir el maíz sancochado con la salsa criolla."
F01156;MOTE Y SALSA CRIOLLA;GUARN OTROS;FICHA;1;PIMIENTA NEGRA MOLIDA;KG;0.000120;;
F01156;MOTE Y SALSA CRIOLLA;GUARN OTROS;FICHA;1;SAL DE COCINA;KG;0.002000;;
F01156;MOTE Y SALSA CRIOLLA;GUARN OTROS;FICHA;1;AJI AMARILLO REFRIGERADO;KG;0.002000;Juliana;
F01156;MOTE Y SALSA CRIOLLA;GUARN OTROS;FICHA;1;CEBOLLA ROJA REFRIGERADA;KG;0.020000;Juliana;
F01156;MOTE Y SALSA CRIOLLA;GUARN OTROS;FICHA;1;LIMON VERDE REFRIGERADO;KG;0.005000;Jugo de limon;
F01156;MOTE Y SALSA CRIOLLA;GUARN OTROS;FICHA;1;CULANTRO REFRIGERADO;KG;0.002000;Picado fino;
F01156;MOTE Y SALSA CRIOLLA;GUARN OTROS;FICHA;1;MAIZ MOTE;KG;0.060000;Remojar;
F01159;CHOCLO SANCOCHADO GUARN;GUARN OTROS;FICHA;1;ANIS FILTRANTE;UND;0.000120;;"1. Sancochar el choclo con anís, azúcar y jugo de limón.
2. Servir."
F01159;CHOCLO SANCOCHADO GUARN;GUARN OTROS;FICHA;1;CHOCLO DESGRANADO CONGELADO;KG;0.053000;;
F01159;CHOCLO SANCOCHADO GUARN;GUARN OTROS;FICHA;1;AZUCAR RUBIA;KG;0.002000;;
F01159;CHOCLO SANCOCHADO GUARN;GUARN OTROS;FICHA;1;LIMON VERDE REFRIGERADO;KG;0.001000;Jugo de limón;
F01170;ENSALADA DE VERDURAS;ENSALADAS FRESCAS;FICHA;1;PIMIENTA NEGRA MOLIDA;KG;0.000120;;"1. Preparar el aliño con limón, aceite, orégano, sal y pimienta.
2. Colocar la lechuga de base y sobre esta las verduras ordenadamente, decorar con la palta en gajos.
3. Servir bañado con aliño."
F01170;ENSALADA DE VERDURAS;ENSALADAS FRESCAS;FICHA;1;SAL DE COCINA;KG;0.002000;;
F01170;ENSALADA DE VERDURAS;ENSALADAS FRESCAS;FICHA;1;BETERRAGA ENTERA REFRIGERADA;KG;0.040000;Macedonia/cocido;
F01170;ENSALADA DE VERDURAS;ENSALADAS FRESCAS;FICHA;1;LECHUGA ORGANICA REFRIGERADO;KG;0.030000;Chiffonade;
F01170;ENSALADA DE VERDURAS;ENSALADAS FRESCAS;FICHA;1;LIMON VERDE REFRIGERADO;KG;0.010000;;
F01170;ENSALADA DE VERDURAS;ENSALADAS FRESCAS;FICHA;1;PALTA FUERTE REFRIGERADO;KG;0.020000;Gajos;
F01170;ENSALADA DE VERDURAS;ENSALADAS FRESCAS;FICHA;1;PAPA BLANCA REFRIGERADO;KG;0.030000;Macedonia/cocido;
F01170;ENSALADA DE VERDURAS;ENSALADAS FRESCAS;FICHA;1;ZANAHORIA REFRIGERADO;KG;0.030000;Macedonia/cocido;
F01170;ENSALADA DE VERDURAS;ENSALADAS FRESCAS;FICHA;1;ACEITE VEGETAL;L;0.003000;;
F01170;ENSALADA DE VERDURAS;ENSALADAS FRESCAS;FICHA;1;OREGANO ENTERO;KG;0.000120;;
F01184;ACEITUNA VERDE;GUARN OTROS;FICHA;1;ACEITUNA VERDE;KG;0.020000;;1. Servir la aceituna.
F01204;PAPA DORADA Y SALSA CRIOLLA;GUARN TUBERCULOS;FICHA;1;ACEITE VEGETAL;L;0.008000;;"1. Sancochar la papa en agua con sal; Cortar.
2. Dorar la papa en aceite vegetal.
3. Mezclar la cebolla, aji amarillo, aceite, jugo de limon, sal, pimienta, vinagre y culantro.
4. Servir la papa con la salsa criolla encima."
F01204;PAPA DORADA Y SALSA CRIOLLA;GUARN TUBERCULOS;FICHA;1;SAL DE COCINA;KG;0.003000;;
F01204;PAPA DORADA Y SALSA CRIOLLA;GUARN TUBERCULOS;FICHA;1;PAPA BLANCA REFRIGERADO;KG;0.060000;Sancochado, Rodajas;
F01204;PAPA DORADA Y SALSA CRIOLLA;GUARN TUBERCULOS;FICHA;1;PIMIENTA NEGRA MOLIDA;KG;0.000120;;
F01204;PAPA DORADA Y SALSA CRIOLLA;GUARN TUBERCULOS;FICHA;1;AJI AMARILLO REFRIGERADO;KG;0.003000;Juliana;
F01204;PAPA DORADA Y SALSA CRIOLLA;GUARN TUBERCULOS;FICHA;1;CEBOLLA ROJA REFRIGERADA;KG;0.020000;Juliana, Lavada;
F01204;PAPA DORADA Y SALSA CRIOLLA;GUARN TUBERCULOS;FICHA;1;LIMON VERDE REFRIGERADO;KG;0.005000;;
F01204;PAPA DORADA Y SALSA CRIOLLA;GUARN TUBERCULOS;FICHA;1;VINAGRE TINTO;L;0.000500;;
F01204;PAPA DORADA Y SALSA CRIOLLA;GUARN TUBERCULOS;FICHA;1;CULANTRO REFRIGERADO;KG;0.002000;Picado Fino;
F01233;FIDEOS SALTEADOS EN MARGARINA;GUARN PASTAS;FICHA;1;MARGARINA CON SAL REFRIGERADO GRANEL KG;KG;0.010000;;"1. Sancochar el fideo en agua con sal y laurel. Retirar, escurrir y agregar aceite para que no se pegue la pasta.
2. Saltear la pasta en aceite, margarina, ajo, condimentar con sal, pimienta y aromatizar con albahaca y perejil picado.
3. Servir la pasta con queso parmesano."
F01233;FIDEOS SALTEADOS EN MARGARINA;GUARN PASTAS;FICHA;1;AJO MOLIDO ENVASADO;KG;0.003000;;
F01233;FIDEOS SALTEADOS EN MARGARINA;GUARN PASTAS;FICHA;1;PIMIENTA NEGRA MOLIDA;KG;0.000120;;
F01233;FIDEOS SALTEADOS EN MARGARINA;GUARN PASTAS;FICHA;1;SAL DE COCINA;KG;0.003000;;
F01233;FIDEOS SALTEADOS EN MARGARINA;GUARN PASTAS;FICHA;1;FIDEO SPAGUETTI;KG;0.140000;Sancochar;
F01233;FIDEOS SALTEADOS EN MARGARINA;GUARN PASTAS;FICHA;1;LAUREL;KG;0.000120;;
F01233;FIDEOS SALTEADOS EN MARGARINA;GUARN PASTAS;FICHA;1;PEREJIL LIZO REFRIGERADO;KG;0.003000;Picado fino;
F01233;FIDEOS SALTEADOS EN MARGARINA;GUARN PASTAS;FICHA;1;ALBAHACA REFRIGERADO;KG;0.001000;Chifonade;
F01233;FIDEOS SALTEADOS EN MARGARINA;GUARN PASTAS;FICHA;1;QUESO PARMESANO REFRIGERADO;KG;0.001000;Rallado;
F01233;FIDEOS SALTEADOS EN MARGARINA;GUARN PASTAS;FICHA;1;ACEITE VEGETAL;L;0.005000;;
F01241;ARROZ CHAUFA CON VERDURAS;GUARN ARROZ;FICHA;1;ACEITE VEGETAL;L;0.010000;;"1. Hacer una tortilla de huevos sazonada con sal y pimienta; Cortar y reservar.
2. Saltear en aceite vegetal el ajo, kion, sal y pimienta; Agregar el arroz cocido y sillao; Saltear. Agregar el azucar, pimiento, holantao y cebolla china; Saltear y servir."
F01241;ARROZ CHAUFA CON VERDURAS;GUARN ARROZ;FICHA;1;HUEVO ROSADO REFRIGERADO;KG;0.030000;Frito Tortilla, Macedonia;
F01241;ARROZ CHAUFA CON VERDURAS;GUARN ARROZ;FICHA;1;SAL DE COCINA;KG;0.002000;;
F01241;ARROZ CHAUFA CON VERDURAS;GUARN ARROZ;FICHA;1;SALSA SILLAO;L;0.010000;;
F01241;ARROZ CHAUFA CON VERDURAS;GUARN ARROZ;FICHA;1;CEBOLLA CHINA REFRIGERADA;KG;0.020000;Sesgado;
F01241;ARROZ CHAUFA CON VERDURAS;GUARN ARROZ;FICHA;1;ARROZ EXTRA;KG;0.120000;Granear;
F01241;ARROZ CHAUFA CON VERDURAS;GUARN ARROZ;FICHA;1;PIMIENTO ROJO REFRIGERADO;KG;0.015000;Brunoise, Blanqueado;
F01241;ARROZ CHAUFA CON VERDURAS;GUARN ARROZ;FICHA;1;COLANTAO REFRIGERADO;KG;0.010000;Macedonia, Blanqueado;
F01241;ARROZ CHAUFA CON VERDURAS;GUARN ARROZ;FICHA;1;KION MOLIDO ENVASADO;KG;0.001000;;
F01241;ARROZ CHAUFA CON VERDURAS;GUARN ARROZ;FICHA;1;AJO MOLIDO ENVASADO;KG;0.002000;;
F01241;ARROZ CHAUFA CON VERDURAS;GUARN ARROZ;FICHA;1;PIMIENTA NEGRA MOLIDA;KG;0.000120;;
F01241;ARROZ CHAUFA CON VERDURAS;GUARN ARROZ;FICHA;1;AZUCAR RUBIA;KG;0.001000;;
F01241;ARROZ CHAUFA CON VERDURAS;GUARN ARROZ;FICHA;1;AGUA PARA RECETA;L;0.300000;;
F01243;ARROZ CON PEREJIL;GUARN ARROZ;FICHA;1;ACEITE VEGETAL;L;0.005000;;"1. Granear el arroz con aceite vegetal, ajo, sal, agua.
2. Servir decorando con perejil."
F01243;ARROZ CON PEREJIL;GUARN ARROZ;FICHA;1;SAL DE COCINA;KG;0.003000;;
F01243;ARROZ CON PEREJIL;GUARN ARROZ;FICHA;1;AJO MOLIDO ENVASADO;KG;0.003000;;
F01243;ARROZ CON PEREJIL;GUARN ARROZ;FICHA;1;ARROZ EXTRA;KG;0.120000;;
F01243;ARROZ CON PEREJIL;GUARN ARROZ;FICHA;1;AGUA PARA RECETA;L;0.300000;;
F01243;ARROZ CON PEREJIL;GUARN ARROZ;FICHA;1;PEREJIL LIZO REFRIGERADO;KG;0.003000;Blanqueado, Picado Fino;
F01290;MACAAVENA CON PIÑA;BEB CALIENTES;FICHA;1;CANELA ENTERA;KG;0.000120;;"1. Disolver en agua fría la maca avena.
2. Hervir agua con canela, clavo de olor, azúcar, piña.
3. Luego agregar la maca diluida. Mover hasta que no se pegue en el fondo.
4. Servir."
F01290;MACAAVENA CON PIÑA;BEB CALIENTES;FICHA;1;CLAVO DE OLOR ENTERO;KG;0.000060;;
F01290;MACAAVENA CON PIÑA;BEB CALIENTES;FICHA;1;AZUCAR RUBIA;KG;0.025000;;
F01290;MACAAVENA CON PIÑA;BEB CALIENTES;FICHA;1;PIÑA SELVA REFRIGERADO;KG;0.050000;Macedonia;
F01290;MACAAVENA CON PIÑA;BEB CALIENTES;FICHA;1;MACA AVENA;KG;0.020000;;
F01290;MACAAVENA CON PIÑA;BEB CALIENTES;FICHA;1;AGUA PARA RECETA;L;0.300000;;
F01291;AVENA CON PLATANO;BEB CALIENTES;FICHA;1;CANELA ENTERA;KG;0.000120;;"1. Disolver la avena en agua fría. Reservar.
2. Hervir agua con canela, clavo, azúcar, plátano.
3. Agregar la avena mover constantemente para que no se pegue en la base.
4. Servir."
F01291;AVENA CON PLATANO;BEB CALIENTES;FICHA;1;CLAVO DE OLOR ENTERO;KG;0.000060;;
F01291;AVENA CON PLATANO;BEB CALIENTES;FICHA;1;AZUCAR RUBIA;KG;0.025000;;
F01291;AVENA CON PLATANO;BEB CALIENTES;FICHA;1;PLATANO SEDA REFRIGERADO;KG;0.020000;Macedonia;
F01291;AVENA CON PLATANO;BEB CALIENTES;FICHA;1;AGUA PARA RECETA;L;0.300000;;
F01291;AVENA CON PLATANO;BEB CALIENTES;FICHA;1;AVENA;KG;0.012000;;
F01293;MACAAVENA CON LECHE;BEB CALIENTES;FICHA;1;LECHE EVAPORADA TETRA;L;0.030000;;"1. Disolver en agua fría la maca avena.
2. Hervir agua con canela, clavo de olor, azúcar.
3. Luego agregar la maca diluida. Mover hasta que no se pegue en el fondo.
4. Finalmente agregar leche evaporada.
5. Servir."
F01293;MACAAVENA CON LECHE;BEB CALIENTES;FICHA;1;CANELA ENTERA;KG;0.000120;;
F01293;MACAAVENA CON LECHE;BEB CALIENTES;FICHA;1;CLAVO DE OLOR ENTERO;KG;0.000060;;
F01293;MACAAVENA CON LECHE;BEB CALIENTES;FICHA;1;AZUCAR RUBIA;KG;0.025000;;
F01293;MACAAVENA CON LECHE;BEB CALIENTES;FICHA;1;MACA AVENA;KG;0.020000;;
F01293;MACAAVENA CON LECHE;BEB CALIENTES;FICHA;1;AGUA PARA RECETA;L;0.280000;;
F01296;AVENA CON QUINUA;BEB CALIENTES;FICHA;1;CANELA ENTERA;KG;0.000120;;"1. Disolver la avena en agua fría, llevar a cocción con la quinua, hasta que la quinua este tierna.
2. Llevar a cocción con canela y clavo de olor.
3. Endulzar con azúcar. Servir"
F01296;AVENA CON QUINUA;BEB CALIENTES;FICHA;1;CLAVO DE OLOR ENTERO;KG;0.000060;;
F01296;AVENA CON QUINUA;BEB CALIENTES;FICHA;1;AZUCAR RUBIA;KG;0.020000;;
F01296;AVENA CON QUINUA;BEB CALIENTES;FICHA;1;QUINUA;KG;0.008000;;
F01296;AVENA CON QUINUA;BEB CALIENTES;FICHA;1;AVENA;KG;0.008000;;
F01296;AVENA CON QUINUA;BEB CALIENTES;FICHA;1;AGUA PARA RECETA;L;0.300000;;
F01299;INFUSION DE BOLDO;BEB CALIENTES;FICHA;1;TE BOLDO SOBRECITO;UND;1.000000;;1. Hervir agua, agregar la infusión de boldo y endulzar con azúcar.
F01299;INFUSION DE BOLDO;BEB CALIENTES;FICHA;1;AZUCAR RUBIA;KG;0.020000;;
F01299;INFUSION DE BOLDO;BEB CALIENTES;FICHA;1;AGUA PARA RECETA;L;0.300000;;
F01300;INFUSION DE UÑA DE GATO;BEB CALIENTES;FICHA;1;UÑA DE GATO SOBRECITO;UND;1.000000;;1. Hervir agua, agregar la infusión de uña de gato  y endulzar con azúcar. Servir.
F01300;INFUSION DE UÑA DE GATO;BEB CALIENTES;FICHA;1;AZUCAR RUBIA;KG;0.020000;;
F01300;INFUSION DE UÑA DE GATO;BEB CALIENTES;FICHA;1;AGUA PARA RECETA;L;0.300000;;
F01303;CAMOTE SANCOCHADO CON SALSA CRIOLLA;GUARN TUBERCULOS;FICHA;1;CAMOTE AMARILLO REFRIGERADO;KG;0.120000;Trozar / Sancochar;"1. Sancochar el camote y pelar.
2. Salsa criolla; Mezclar la cebolla, ají amarillo, perejil, jugo de limón, vinagre, sal, pimienta y aceite.
3. Servir el camote sancochado con la salsa criolla."
F01303;CAMOTE SANCOCHADO CON SALSA CRIOLLA;GUARN TUBERCULOS;FICHA;1;ACEITE VEGETAL;L;0.003000;;
F01303;CAMOTE SANCOCHADO CON SALSA CRIOLLA;GUARN TUBERCULOS;FICHA;1;PIMIENTA NEGRA MOLIDA;KG;0.000120;;
F01303;CAMOTE SANCOCHADO CON SALSA CRIOLLA;GUARN TUBERCULOS;FICHA;1;SAL DE COCINA;KG;0.002000;;
F01303;CAMOTE SANCOCHADO CON SALSA CRIOLLA;GUARN TUBERCULOS;FICHA;1;AJI AMARILLO REFRIGERADO;KG;0.003000;Juliana;
F01303;CAMOTE SANCOCHADO CON SALSA CRIOLLA;GUARN TUBERCULOS;FICHA;1;CEBOLLA ROJA REFRIGERADA;KG;0.020000;Pluma delgada;
F01303;CAMOTE SANCOCHADO CON SALSA CRIOLLA;GUARN TUBERCULOS;FICHA;1;LIMON VERDE REFRIGERADO;KG;0.005000;Jugo de limon;
F01303;CAMOTE SANCOCHADO CON SALSA CRIOLLA;GUARN TUBERCULOS;FICHA;1;PEREJIL LIZO REFRIGERADO;KG;0.002000;Picado fino;
F01303;CAMOTE SANCOCHADO CON SALSA CRIOLLA;GUARN TUBERCULOS;FICHA;1;VINAGRE BLANCO;L;0.001000;;
F01306;PAPA A LA CREMA HUANCAINA - GUAR;GUARN TUBERCULOS;FICHA;1;LECHE EVAPORADA TETRA;L;0.015000;;"1. Sancochar la papa en agua con sal; Enfriar y cortar en rodajas.
2. Saltear en aceite vegetal la cebolla con el aji amarillo y ajo; Agregar la leche, sal, pimienta, queso, galleta y agua; Licuar.
3. Servir la papa con la salsa."
F01306;PAPA A LA CREMA HUANCAINA - GUAR;GUARN TUBERCULOS;FICHA;1;QUESO FRESCO REFRIGERADO;KG;0.010000;Mirepoix;
F01306;PAPA A LA CREMA HUANCAINA - GUAR;GUARN TUBERCULOS;FICHA;1;SAL DE COCINA;KG;0.002000;;
F01306;PAPA A LA CREMA HUANCAINA - GUAR;GUARN TUBERCULOS;FICHA;1;AJO MOLIDO ENVASADO;KG;0.001000;;
F01306;PAPA A LA CREMA HUANCAINA - GUAR;GUARN TUBERCULOS;FICHA;1;AJI AMARILLO REFRIGERADO;KG;0.020000;Mirepoix;
F01306;PAPA A LA CREMA HUANCAINA - GUAR;GUARN TUBERCULOS;FICHA;1;CEBOLLA ROJA REFRIGERADA;KG;0.005000;Mirepoix;
F01306;PAPA A LA CREMA HUANCAINA - GUAR;GUARN TUBERCULOS;FICHA;1;GALLETA DE SODA KG;KG;0.010000;;
F01306;PAPA A LA CREMA HUANCAINA - GUAR;GUARN TUBERCULOS;FICHA;1;ACEITE VEGETAL;L;0.003000;;
F01306;PAPA A LA CREMA HUANCAINA - GUAR;GUARN TUBERCULOS;FICHA;1;PAPA BLANCA REFRIGERADO;KG;0.100000;Sancochado, Rodajas;
F01306;PAPA A LA CREMA HUANCAINA - GUAR;GUARN TUBERCULOS;FICHA;1;AGUA PARA RECETA;L;0.010000;;
F01315;YUCA AL PEREJIL;GUARN TUBERCULOS;FICHA;1;PEREJIL LIZO REFRIGERADO;KG;0.003000;Picado Fino;"1. Sancochar la yuca en agua con sal.
2. Servir decorando con perejil picado."
F01315;YUCA AL PEREJIL;GUARN TUBERCULOS;FICHA;1;YUCA AMARILLA REFRIGERADO;KG;0.120000;Sancochado y En cuartos;
F01315;YUCA AL PEREJIL;GUARN TUBERCULOS;FICHA;1;SAL DE COCINA;KG;0.002000;;
F01315;YUCA AL PEREJIL;GUARN TUBERCULOS;FICHA;1;PIMIENTA NEGRA MOLIDA;KG;0.000120;;
F01316;JUGO DE NARANJA CON MARACUYA;BEB JUG PULPA NATURAL;FICHA;1;MARACUYA ENTERA REFRIGERADO;KG;0.100000;Lavar y desinfectar.;"1. Extraer la pulpa de maracuya, licuar y colar.
2. Exprimir la naranja y reservar el jugo.
3. Mezclar maracuya, jugo de naranja, agua y endulzar con azucar.
4. Servir."
F01316;JUGO DE NARANJA CON MARACUYA;BEB JUG PULPA NATURAL;FICHA;1;NARANJA DE JUGO REFRIGERADO;KG;0.150000;Lavar y desinfectar.;
F01316;JUGO DE NARANJA CON MARACUYA;BEB JUG PULPA NATURAL;FICHA;1;AGUA PARA RECETA;L;0.100000;;
F01316;JUGO DE NARANJA CON MARACUYA;BEB JUG PULPA NATURAL;FICHA;1;AZUCAR RUBIA;KG;0.025000;;
F01321;JUGO DE MELON CON PIÑA;BEB JUG PULPA NATURAL;FICHA;1;AZUCAR RUBIA;KG;0.020000;;"1. Colocar en la licuadora el melon, agua. Licuar y colar.
2.Mezclar con la pulpa de piña.  Endulzar con azúcar.
3. Servir."
F01321;JUGO DE MELON CON PIÑA;BEB JUG PULPA NATURAL;FICHA;1;AGUA PARA RECETA;L;0.100000;;
F01321;JUGO DE MELON CON PIÑA;BEB JUG PULPA NATURAL;FICHA;1;MELON ROSADO REFRIGERADO;KG;0.125000;Lavar y desinfectar;
F01321;JUGO DE MELON CON PIÑA;BEB JUG PULPA NATURAL;FICHA;1;PIÑA PULPA CONGELADO;KG;0.060000;;
F01322;JUGO DE PIÑA CON NARANJA;BEB JUG PULPA NATURAL;FICHA;1;AZUCAR RUBIA;KG;0.020000;;"1. Cortar la naranja, exprimir y reservar el jugo.
2. Mezclar el jugo de maracuyá con la pulpa de piña y agua.
3. Agregar azúcar y mezclar bien.
4. Servir."
F01322;JUGO DE PIÑA CON NARANJA;BEB JUG PULPA NATURAL;FICHA;1;NARANJA DE JUGO REFRIGERADO;KG;0.150000;Lavar, desinfectar.;
F01322;JUGO DE PIÑA CON NARANJA;BEB JUG PULPA NATURAL;FICHA;1;PIÑA PULPA CONGELADO;KG;0.065000;;
F01322;JUGO DE PIÑA CON NARANJA;BEB JUG PULPA NATURAL;FICHA;1;AGUA PARA RECETA;L;0.125000;;
F01333;ENSALADA DE LECHUGA, PEPINILLO Y TOMATE;ENSALADAS FRESCAS;FICHA;1;MAYONESA;KG;0.010000;;"1.Preparar la vinagreta, mayonesa,sal, cocina, mostaza,vinagre blanco y oregano.
2.En un plato colocar la lechuga, queso fresco, zanahoria , palta, pepinillo.
3.Bañar con la vinagreta."
F01333;ENSALADA DE LECHUGA, PEPINILLO Y TOMATE;ENSALADAS FRESCAS;FICHA;1;QUESO FRESCO REFRIGERADO;KG;0.010000;Macedonia;
F01333;ENSALADA DE LECHUGA, PEPINILLO Y TOMATE;ENSALADAS FRESCAS;FICHA;1;SAL DE COCINA;KG;0.002000;;
F01333;ENSALADA DE LECHUGA, PEPINILLO Y TOMATE;ENSALADAS FRESCAS;FICHA;1;LECHUGA ORGANICA REFRIGERADO;KG;0.050000;Chiffonade;
F01333;ENSALADA DE LECHUGA, PEPINILLO Y TOMATE;ENSALADAS FRESCAS;FICHA;1;PALTA FUERTE REFRIGERADO;KG;0.015000;Abanico;
F01333;ENSALADA DE LECHUGA, PEPINILLO Y TOMATE;ENSALADAS FRESCAS;FICHA;1;ZANAHORIA REFRIGERADO;KG;0.010000;Rallar;
F01333;ENSALADA DE LECHUGA, PEPINILLO Y TOMATE;ENSALADAS FRESCAS;FICHA;1;TOMATE CRIOLLO REFRIGERADO;KG;0.030000;Rodajas;
F01333;ENSALADA DE LECHUGA, PEPINILLO Y TOMATE;ENSALADAS FRESCAS;FICHA;1;MOSTAZA;KG;0.002000;;
F01333;ENSALADA DE LECHUGA, PEPINILLO Y TOMATE;ENSALADAS FRESCAS;FICHA;1;VINAGRE BLANCO;L;0.004000;;
F01333;ENSALADA DE LECHUGA, PEPINILLO Y TOMATE;ENSALADAS FRESCAS;FICHA;1;OREGANO ENTERO;KG;0.000120;;
F01333;ENSALADA DE LECHUGA, PEPINILLO Y TOMATE;ENSALADAS FRESCAS;FICHA;1;PEPINILLO REFRIGERADO;KG;0.030000;;
F01333;ENSALADA DE LECHUGA, PEPINILLO Y TOMATE;ENSALADAS FRESCAS;FICHA;1;PIMIENTA NEGRA MOLIDA;KG;0.000120;;
F01336;ENSALADA DE COL Y RABANITO;ENSALADAS FRESCAS;FICHA;1;RABANITO REFRIGERADO;KG;0.030000;Juliana;"1.Colocamos las verduras en un bol y mezclamos con el queso. Sazonar con el jugo de limon, sal y pimienta. Reservar.
2.Licuar atun, mayonesa, vinagre, ajo y  azucar. Sazonar con sal y pimienta.
3.Mezclar la salsa con la ensalada y servir sobre rodajas de manzana."
F01336;ENSALADA DE COL Y RABANITO;ENSALADAS FRESCAS;FICHA;1;COL CRIOLLA REFRIGERADO;KG;0.060000;Chiffonade;
F01336;ENSALADA DE COL Y RABANITO;ENSALADAS FRESCAS;FICHA;1;CEBOLLA ROJA REFRIGERADA;KG;0.020000;Juliana;
F01336;ENSALADA DE COL Y RABANITO;ENSALADAS FRESCAS;FICHA;1;QUESO EDAM REFRIGERADO;KG;0.010000;Dados;
F01336;ENSALADA DE COL Y RABANITO;ENSALADAS FRESCAS;FICHA;1;LIMON VERDE REFRIGERADO;KG;0.010000;;
F01336;ENSALADA DE COL Y RABANITO;ENSALADAS FRESCAS;FICHA;1;ATUN EN ACEITE LATA;KG;0.005000;;
F01336;ENSALADA DE COL Y RABANITO;ENSALADAS FRESCAS;FICHA;1;VINAGRE BLANCO;L;0.004000;;
F01336;ENSALADA DE COL Y RABANITO;ENSALADAS FRESCAS;FICHA;1;AJO MOLIDO ENVASADO;KG;0.000500;;
F01336;ENSALADA DE COL Y RABANITO;ENSALADAS FRESCAS;FICHA;1;AZUCAR RUBIA;KG;0.001000;;
F01336;ENSALADA DE COL Y RABANITO;ENSALADAS FRESCAS;FICHA;1;MANZANA DELICIA REFRIGERADO;KG;0.010000;Rodajas gruesa;
F01336;ENSALADA DE COL Y RABANITO;ENSALADAS FRESCAS;FICHA;1;SAL DE COCINA;KG;0.002000;;
F01336;ENSALADA DE COL Y RABANITO;ENSALADAS FRESCAS;FICHA;1;PIMIENTA NEGRA MOLIDA;KG;0.000120;;
F01336;ENSALADA DE COL Y RABANITO;ENSALADAS FRESCAS;FICHA;1;MAYONESA;KG;0.010000;;
F01338;BROCOLI;GUARN OTROS;FICHA;1;BROCOLI 20-40 CONGELADO;KG;0.030000;Flores / Blanquear;"1. Blanquear el brócoli en agua con sal y vinagre.
2. Servir."
F01338;BROCOLI;GUARN OTROS;FICHA;1;VINAGRE BLANCO;L;0.000120;;
F01338;BROCOLI;GUARN OTROS;FICHA;1;SAL DE COCINA;KG;0.001000;;
F01339;CAIGUA;GUARN OTROS;FICHA;1;CAIGUA REFRIGERADA;KG;0.030000;Juliana / Blanquear;"1. Blanquear la caigua en agua con sal.
2. Servir."
F01339;CAIGUA;GUARN OTROS;FICHA;1;SAL DE COCINA;KG;0.001000;;
F01341;COLIFLOR;GUARN OTROS;FICHA;1;COLIFLOR 20-40 CONGELADO;KG;0.030000;Blanquear;"1. Condimentar la coliflor con sal, pimienta, jugo de limón, aceite vegetal.
2. Servir."
F01341;COLIFLOR;GUARN OTROS;FICHA;1;LIMON VERDE REFRIGERADO;KG;0.005000;;
F01341;COLIFLOR;GUARN OTROS;FICHA;1;SAL DE COCINA;KG;0.002000;;
F01341;COLIFLOR;GUARN OTROS;FICHA;1;PIMIENTA NEGRA MOLIDA;KG;0.000120;;
F01341;COLIFLOR;GUARN OTROS;FICHA;1;ACEITE VEGETAL;L;0.003000;;
F01342;ENSALADA DE COL Y ZANAHORIA;ENSALADAS FRESCAS;FICHA;1;SAL DE COCINA;KG;0.001000;;"1.En un bol colocar zanahoria, col, cebolla, agregar sal, vinagre, azucar, limon, mayonesa, mostaza.
2.Servir y decorar con perejil picado."
F01342;ENSALADA DE COL Y ZANAHORIA;ENSALADAS FRESCAS;FICHA;1;VINAGRE BLANCO;L;0.005000;;
F01342;ENSALADA DE COL Y ZANAHORIA;ENSALADAS FRESCAS;FICHA;1;AZUCAR RUBIA;KG;0.003000;;
F01342;ENSALADA DE COL Y ZANAHORIA;ENSALADAS FRESCAS;FICHA;1;CEBOLLA ROJA REFRIGERADA;KG;0.015000;Juliana;
F01342;ENSALADA DE COL Y ZANAHORIA;ENSALADAS FRESCAS;FICHA;1;COL CRIOLLA REFRIGERADO;KG;0.100000;Chiffonade;
F01342;ENSALADA DE COL Y ZANAHORIA;ENSALADAS FRESCAS;FICHA;1;LIMON VERDE REFRIGERADO;KG;0.010000;;
F01342;ENSALADA DE COL Y ZANAHORIA;ENSALADAS FRESCAS;FICHA;1;PEREJIL LIZO REFRIGERADO;KG;0.002000;;
F01342;ENSALADA DE COL Y ZANAHORIA;ENSALADAS FRESCAS;FICHA;1;MOSTAZA;KG;0.002000;;
F01342;ENSALADA DE COL Y ZANAHORIA;ENSALADAS FRESCAS;FICHA;1;ZANAHORIA REFRIGERADO;KG;0.030000;Rallar;
F01345;ENSALADA DE COLIFLOR CON CHOCLO;ENSALADA COCIDA;FICHA;1;ACEITE VEGETAL;L;0.003000;;"1. Cocer el choclo , azucar, anis, limon. Colocar en un plato , coliflor, papa, huevo en rodaja,tomate , choclo.
2.Añadir el aliño,aceite, limon, sal y pimienta.
3.Decorar con perejil picado."
F01345;ENSALADA DE COLIFLOR CON CHOCLO;ENSALADA COCIDA;FICHA;1;PIMIENTA NEGRA MOLIDA;KG;0.000120;;
F01345;ENSALADA DE COLIFLOR CON CHOCLO;ENSALADA COCIDA;FICHA;1;SAL DE COCINA;KG;0.002000;;
F01345;ENSALADA DE COLIFLOR CON CHOCLO;ENSALADA COCIDA;FICHA;1;HUEVO ROSADO REFRIGERADO;KG;0.010000;Cocido;
F01345;ENSALADA DE COLIFLOR CON CHOCLO;ENSALADA COCIDA;FICHA;1;PAPA BLANCA REFRIGERADO;KG;0.030000;Macedonia/cocido;
F01345;ENSALADA DE COLIFLOR CON CHOCLO;ENSALADA COCIDA;FICHA;1;COLIFLOR 20-40 CONGELADO;KG;0.042000;Flores/cocido;
F01345;ENSALADA DE COLIFLOR CON CHOCLO;ENSALADA COCIDA;FICHA;1;TOMATE CRIOLLO REFRIGERADO;KG;0.020000;Rodajas;
F01345;ENSALADA DE COLIFLOR CON CHOCLO;ENSALADA COCIDA;FICHA;1;PEREJIL LIZO REFRIGERADO;KG;0.002000;Picado fino;
F01345;ENSALADA DE COLIFLOR CON CHOCLO;ENSALADA COCIDA;FICHA;1;LIMON VERDE REFRIGERADO;KG;0.010000;;
F01345;ENSALADA DE COLIFLOR CON CHOCLO;ENSALADA COCIDA;FICHA;1;CHOCLO DESGRANADO CONGELADO;KG;0.005000;;
F01345;ENSALADA DE COLIFLOR CON CHOCLO;ENSALADA COCIDA;FICHA;1;ANIS FILTRANTE (KG);KG;0.000120;;
F01345;ENSALADA DE COLIFLOR CON CHOCLO;ENSALADA COCIDA;FICHA;1;AZUCAR RUBIA;KG;0.001000;;
F01346;BETERRAGA;GUARN OTROS;FICHA;1;BETERRAGA ENTERA REFRIGERADA;KG;0.030000;Cubos medianos;"1. Sancochar la betarraga en agua, hasta que este suave. Reservar y cortar en cubos medianos
2. Condimentar la betarraga con jugo de limón, sal, pimienta y aceite vegetal.
3. Servir."
F01346;BETERRAGA;GUARN OTROS;FICHA;1;LIMON VERDE REFRIGERADO;KG;0.005000;Jugo de limón;
F01346;BETERRAGA;GUARN OTROS;FICHA;1;SAL DE COCINA;KG;0.002000;;
F01346;BETERRAGA;GUARN OTROS;FICHA;1;PIMIENTA NEGRA MOLIDA;KG;0.000120;;
F01346;BETERRAGA;GUARN OTROS;FICHA;1;ACEITE VEGETAL;L;0.003000;;
F01347;CEBOLLA;GUARN OTROS;FICHA;1;CEBOLLA ROJA REFRIGERADA;KG;0.040000;Juliana;1. Cortar en juliana y servir.
F01349;CHIFLES;GUARN OTROS;FICHA;1;ACEITE VEGETAL;L;0.010000;;"1. Calentar aceite y freír el plátano hasta que tome color por ambos lados.
2. Servir el chifle con sal."
F01349;CHIFLES;GUARN OTROS;FICHA;1;SAL DE COCINA;KG;0.002000;;
F01349;CHIFLES;GUARN OTROS;FICHA;1;PLATANO BELLACO REFRIGERADO;KG;0.060000;Pelar y cortar en laminas delgadas;
F01370;INFUSION EMOLIENTE;BEB CALIENTES;FICHA;1;AZUCAR RUBIA;KG;0.020000;;"1. Hervir agua y agregar la cebada, cola de caballo.
2. Agregar la linaza hasta que suelte la goma y espese.
3. Agregar el jugo de limón y endulzar con azúcar. Servir."
F01370;INFUSION EMOLIENTE;BEB CALIENTES;FICHA;1;COLA DE CABALLO REFRIGERADO;KG;0.000120;;
F01370;INFUSION EMOLIENTE;BEB CALIENTES;FICHA;1;LIMON VERDE REFRIGERADO;KG;0.005000;Jugo de limon;
F01370;INFUSION EMOLIENTE;BEB CALIENTES;FICHA;1;LINAZA;KG;0.010000;;
F01370;INFUSION EMOLIENTE;BEB CALIENTES;FICHA;1;CEBADA TOSTADA;KG;0.015000;;
F01370;INFUSION EMOLIENTE;BEB CALIENTES;FICHA;1;AGUA PARA RECETA;L;0.300000;;
F01396;YUCA Y ENSALADA FRESCA;GUARN TUBERCULOS;FICHA;1;ACEITE VEGETAL;L;0.010000;;"1. Sancochar la yuca en agua con sal; Cortar.
2. Dorar la yuca en aceite vegetal.
3. Mezclar sal, pimienta, oregano, aceite, mostaza, vinagre, limon y mayonesa.
4. Servir la yuca con la lechuga, las verduras y la vinagreta encima."
F01396;YUCA Y ENSALADA FRESCA;GUARN TUBERCULOS;FICHA;1;SAL DE COCINA;KG;0.002000;;
F01396;YUCA Y ENSALADA FRESCA;GUARN TUBERCULOS;FICHA;1;YUCA AMARILLA REFRIGERADO;KG;0.100000;Sancochado, Rodajas;
F01396;YUCA Y ENSALADA FRESCA;GUARN TUBERCULOS;FICHA;1;PIMIENTA NEGRA MOLIDA;KG;0.000120;;
F01396;YUCA Y ENSALADA FRESCA;GUARN TUBERCULOS;FICHA;1;LECHUGA ORGANICA REFRIGERADO;KG;0.020000;;
F01396;YUCA Y ENSALADA FRESCA;GUARN TUBERCULOS;FICHA;1;PEPINILLO REFRIGERADO;KG;0.010000;Pelado, Rodajas;
F01396;YUCA Y ENSALADA FRESCA;GUARN TUBERCULOS;FICHA;1;RABANITO REFRIGERADO;KG;0.010000;Rallado;
F01396;YUCA Y ENSALADA FRESCA;GUARN TUBERCULOS;FICHA;1;TOMATE CRIOLLO REFRIGERADO;KG;0.010000;Juliana;
F01396;YUCA Y ENSALADA FRESCA;GUARN TUBERCULOS;FICHA;1;MAYONESA;KG;0.005000;;
F01396;YUCA Y ENSALADA FRESCA;GUARN TUBERCULOS;FICHA;1;MOSTAZA;KG;0.001000;;
F01396;YUCA Y ENSALADA FRESCA;GUARN TUBERCULOS;FICHA;1;VINAGRE BLANCO;L;0.001000;;
F01396;YUCA Y ENSALADA FRESCA;GUARN TUBERCULOS;FICHA;1;OREGANO ENTERO;KG;0.000120;;
F01396;YUCA Y ENSALADA FRESCA;GUARN TUBERCULOS;FICHA;1;LIMON VERDE REFRIGERADO;KG;0.002000;;
F01417;SANDWICH CON PATE DE POLLO;SANDWICH;FICHA;1;PATE DE POLLO REFRIGERADO;KG;0.020000;;"1. Cortar el pan y rellenar con el pate.
2. Servir."
F01417;SANDWICH CON PATE DE POLLO;SANDWICH;FICHA;1;MOLINOS PAN FRANCES 35 GR;UND;1.000000;;
F01419;SALCHICHA DE HUACHO;GUARN OTROS;FICHA;1;SALCHICHA HUACHANA REFRIGERADO;KG;0.020000;;"1. Batir los huevos; Reservar.
2. Saltear la carne, agregar el huevo y batir.
3. Servir."
F01419;SALCHICHA DE HUACHO;GUARN OTROS;FICHA;1;HUEVO ROSADO REFRIGERADO;KG;0.015000;;
F01419;SALCHICHA DE HUACHO;GUARN OTROS;FICHA;1;ACEITE VEGETAL;L;0.001000;;
F01443;JUGO DE MANZANA;BEB JUG PULPA NATURAL;FICHA;1;CANELA ENTERA;KG;0.000120;;"1. Sancochar la manzana en agua con canela, clavo de olor. Hasta que este suave. Enfriar.
2. Licuar la manzana con el mismo liquido de la cocción y el azúcar. Colar.
3. Servir."
F01443;JUGO DE MANZANA;BEB JUG PULPA NATURAL;FICHA;1;CLAVO DE OLOR ENTERO;KG;0.000060;;
F01443;JUGO DE MANZANA;BEB JUG PULPA NATURAL;FICHA;1;AGUA PARA RECETA;L;0.125000;;
F01443;JUGO DE MANZANA;BEB JUG PULPA NATURAL;FICHA;1;AZUCAR RUBIA;KG;0.020000;;
F01443;JUGO DE MANZANA;BEB JUG PULPA NATURAL;FICHA;1;MANZANA DE AGUA REFRIGERADO;KG;0.080000;;
F01445;SEMOLA CON MEMBRILLO;BEB CALIENTES;FICHA;1;CANELA ENTERA;KG;0.000120;;"1. Hervir agua con canela, clavo de olor, azúcar, membrillo.
2. Agregar la semola y continuar con la cocción.
3. Servir."
F01445;SEMOLA CON MEMBRILLO;BEB CALIENTES;FICHA;1;CLAVO DE OLOR ENTERO;KG;0.000060;;
F01445;SEMOLA CON MEMBRILLO;BEB CALIENTES;FICHA;1;AZUCAR RUBIA;KG;0.020000;;
F01445;SEMOLA CON MEMBRILLO;BEB CALIENTES;FICHA;1;MEMBRILLO REFRIGERADO;KG;0.020000;Macedonia;
F01445;SEMOLA CON MEMBRILLO;BEB CALIENTES;FICHA;1;SEMOLA (L);L;0.017000;;
F01445;SEMOLA CON MEMBRILLO;BEB CALIENTES;FICHA;1;AGUA PARA RECETA;L;0.300000;;
F01446;SANDWICH CON HUEVOS REVUELTOS Y JAMON;SANDWICH FRIOS;FICHA;1;ACEITE VEGETAL;L;0.005000;;"1. En aceite caliente, agregar los huevos e ir removiendo, agregar sal, pimienta y el jamón.
2. Cortar el pan y rellenar con los huevos.
3. Servir."
F01446;SANDWICH CON HUEVOS REVUELTOS Y JAMON;SANDWICH FRIOS;FICHA;1;JAMON PARA CAFETIN CONGELADO;KG;0.020000;;
F01446;SANDWICH CON HUEVOS REVUELTOS Y JAMON;SANDWICH FRIOS;FICHA;1;HUEVO ROSADO REFRIGERADO;KG;0.030000;;
F01446;SANDWICH CON HUEVOS REVUELTOS Y JAMON;SANDWICH FRIOS;FICHA;1;SAL DE COCINA;KG;0.001000;;
F01446;SANDWICH CON HUEVOS REVUELTOS Y JAMON;SANDWICH FRIOS;FICHA;1;MOLINOS PAN FRANCES 35 GR;UND;1.000000;;
F01461;PAPAS AL PEREJIL;GUARN TUBERCULOS;FICHA;1;SAL DE COCINA;KG;0.002000;;"1. Sancochar la papa en agua con sal; Cortar y sazonar con sal y pimienta.
2. Decorar con perejil picado."
F01461;PAPAS AL PEREJIL;GUARN TUBERCULOS;FICHA;1;PAPA BLANCA REFRIGERADO;KG;0.120000;Sancochado, Rodajas;
F01461;PAPAS AL PEREJIL;GUARN TUBERCULOS;FICHA;1;PEREJIL LIZO REFRIGERADO;KG;0.003000;Picado Fino;
F01461;PAPAS AL PEREJIL;GUARN TUBERCULOS;FICHA;1;PIMIENTA NEGRA MOLIDA;KG;0.000120;;
F01469;ENSALADA PARRILLERA;ENSALADAS FRESCAS;FICHA;1;SAL DE COCINA;KG;0.002000;;"1. Preparar una vinagreta con sal , pimienta, mayonesa, mostaza, orégano, vinagre, reservar.
2. Romper con la mano las lechugas y colocar de base en el plato, sobre esta acomodar las verduras de manera ordenada.
3. Bañar con la vinagreta."
F01469;ENSALADA PARRILLERA;ENSALADAS FRESCAS;FICHA;1;TOMATE CRIOLLO REFRIGERADO;KG;0.020000;Rodajas;
F01469;ENSALADA PARRILLERA;ENSALADAS FRESCAS;FICHA;1;PICKLES;KG;0.020000;Rodajas;
F01469;ENSALADA PARRILLERA;ENSALADAS FRESCAS;FICHA;1;PALTA FUERTE REFRIGERADO;KG;0.030000;Gajos;
F01469;ENSALADA PARRILLERA;ENSALADAS FRESCAS;FICHA;1;LECHUGA ORGANICA REFRIGERADO;KG;0.060000;;
F01469;ENSALADA PARRILLERA;ENSALADAS FRESCAS;FICHA;1;PIMIENTA NEGRA MOLIDA;KG;0.000120;;
F01469;ENSALADA PARRILLERA;ENSALADAS FRESCAS;FICHA;1;ZANAHORIA REFRIGERADO;KG;0.015000;Rallado;
F01469;ENSALADA PARRILLERA;ENSALADAS FRESCAS;FICHA;1;MAYONESA;KG;0.010000;;
F01469;ENSALADA PARRILLERA;ENSALADAS FRESCAS;FICHA;1;MOSTAZA;KG;0.002000;;
F01469;ENSALADA PARRILLERA;ENSALADAS FRESCAS;FICHA;1;VINAGRE BLANCO;L;0.004000;;
F01469;ENSALADA PARRILLERA;ENSALADAS FRESCAS;FICHA;1;OREGANO ENTERO;KG;0.000120;;
F01472;SALTADO ORIENTAL DE VEGETALES;GUARN VERDURAS;FICHA;1;ACEITE VEGETAL;L;0.005000;;"1. Saltear en aceite vegetal la cebolla, ajo, kion, aji amarillo, pimiento rojo y colantao; Al final el pac choy junto al sillao y al ostion; Sazonar con sal y pimienta."
F01472;SALTADO ORIENTAL DE VEGETALES;GUARN VERDURAS;FICHA;1;SALSA SILLAO;L;0.010000;;
F01472;SALTADO ORIENTAL DE VEGETALES;GUARN VERDURAS;FICHA;1;SALSA DE OSTION;L;0.000120;;
F01472;SALTADO ORIENTAL DE VEGETALES;GUARN VERDURAS;FICHA;1;AJO MOLIDO ENVASADO;KG;0.002000;;
F01472;SALTADO ORIENTAL DE VEGETALES;GUARN VERDURAS;FICHA;1;AJI AMARILLO REFRIGERADO;KG;0.015000;Juliana;
F01472;SALTADO ORIENTAL DE VEGETALES;GUARN VERDURAS;FICHA;1;CEBOLLA ROJA REFRIGERADA;KG;0.030000;Juliana;
F01472;SALTADO ORIENTAL DE VEGETALES;GUARN VERDURAS;FICHA;1;COLANTAO REFRIGERADO;KG;0.020000;Juliana;
F01472;SALTADO ORIENTAL DE VEGETALES;GUARN VERDURAS;FICHA;1;KION MOLIDO ENVASADO;KG;0.003000;Rallado;
F01472;SALTADO ORIENTAL DE VEGETALES;GUARN VERDURAS;FICHA;1;PAC CHOY REFRIGERADO;KG;0.020000;Juliana;
F01472;SALTADO ORIENTAL DE VEGETALES;GUARN VERDURAS;FICHA;1;PIMIENTO ROJO REFRIGERADO;KG;0.020000;Juliana;
F01472;SALTADO ORIENTAL DE VEGETALES;GUARN VERDURAS;FICHA;1;SAL DE COCINA;KG;0.001000;;
F01472;SALTADO ORIENTAL DE VEGETALES;GUARN VERDURAS;FICHA;1;PIMIENTA NEGRA MOLIDA;KG;0.000120;;
F01480;QUINUA CON CHANCACA;BEB CALIENTES;FICHA;1;CANELA ENTERA;KG;0.000120;;"1. Sancochar en agua la quinua con canela, clavo y la chancaca.
2. Agregar la azucar, mover constantemente para que no se pegue en el fondo.
3. Servir"
F01480;QUINUA CON CHANCACA;BEB CALIENTES;FICHA;1;CLAVO DE OLOR ENTERO;KG;0.000060;;
F01480;QUINUA CON CHANCACA;BEB CALIENTES;FICHA;1;AZUCAR RUBIA;KG;0.010000;;
F01480;QUINUA CON CHANCACA;BEB CALIENTES;FICHA;1;CHANCACA;KG;0.015000;;
F01480;QUINUA CON CHANCACA;BEB CALIENTES;FICHA;1;QUINUA;KG;0.015000;Lavar;
F01480;QUINUA CON CHANCACA;BEB CALIENTES;FICHA;1;AGUA PARA RECETA;L;0.300000;;
F01483;FRIJOL CABALLERO GUISADO BATIDO;GUARN MENESTRAS;FICHA;1;ACEITE VEGETAL;L;0.005000;;"1.  Remojar el frejol la noche anterior y sancochar hasta que este blando.
2. Licuar la mitad de los frejoles y regresar a la cocción general.
3. Aderezo; aceite, cebolla, ajo, pasta de tomate, ají panca, sal, pimienta, comino, orégano. Agregarlo a la cocción del frejol y continuar la cocción por unos minutos más.
4. Si es necesario ligar con maicena diluida en agua.
5. Servir."
F01483;FRIJOL CABALLERO GUISADO BATIDO;GUARN MENESTRAS;FICHA;1;SAL DE COCINA;KG;0.003000;;
F01483;FRIJOL CABALLERO GUISADO BATIDO;GUARN MENESTRAS;FICHA;1;AJO MOLIDO ENVASADO;KG;0.003000;;
F01483;FRIJOL CABALLERO GUISADO BATIDO;GUARN MENESTRAS;FICHA;1;CEBOLLA ROJA REFRIGERADA;KG;0.015000;Brunoise;
F01483;FRIJOL CABALLERO GUISADO BATIDO;GUARN MENESTRAS;FICHA;1;FRIJOL CABALLERO;KG;0.060000;Remojar;
F01483;FRIJOL CABALLERO GUISADO BATIDO;GUARN MENESTRAS;FICHA;1;PASTA DE TOMATE;KG;0.002000;;
F01483;FRIJOL CABALLERO GUISADO BATIDO;GUARN MENESTRAS;FICHA;1;AJI PANCA MOLIDO ENVASADO;KG;0.003000;;
F01483;FRIJOL CABALLERO GUISADO BATIDO;GUARN MENESTRAS;FICHA;1;OREGANO ENTERO;KG;0.000120;;
F01483;FRIJOL CABALLERO GUISADO BATIDO;GUARN MENESTRAS;FICHA;1;COMINO MOLIDO;KG;0.000060;;
F01483;FRIJOL CABALLERO GUISADO BATIDO;GUARN MENESTRAS;FICHA;1;PIMIENTA NEGRA MOLIDA;KG;0.000120;;
F01483;FRIJOL CABALLERO GUISADO BATIDO;GUARN MENESTRAS;FICHA;1;AGUA PARA RECETA;L;0.250000;;
F01483;FRIJOL CABALLERO GUISADO BATIDO;GUARN MENESTRAS;FICHA;1;MAICENA;KG;0.003000;;
F01504;PASTA AL PEREJIL;GUARN PASTAS;FICHA;1;ACEITE VEGETAL;L;0.010000;;"1. Sancochar la pasta en agua y sal; Cuando este al dente, colar y enfriar con agua; Agregar aceite vegetal y oregano.
2. Saltear la pasta con aceite y margarina; Sazonar con sal, pimienta y oregano.
3. Servir decorando con perejil."
F01504;PASTA AL PEREJIL;GUARN PASTAS;FICHA;1;MARGARINA CON SAL REFRIGERADO GRANEL KG;KG;0.003000;;
F01504;PASTA AL PEREJIL;GUARN PASTAS;FICHA;1;SAL DE COCINA;KG;0.002000;;
F01504;PASTA AL PEREJIL;GUARN PASTAS;FICHA;1;PEREJIL LIZO REFRIGERADO;KG;0.003000;Picado Fino;
F01504;PASTA AL PEREJIL;GUARN PASTAS;FICHA;1;FIDEO SPAGUETTI;KG;0.120000;Sancochado;
F01504;PASTA AL PEREJIL;GUARN PASTAS;FICHA;1;OREGANO ENTERO;KG;0.000120;;
F01504;PASTA AL PEREJIL;GUARN PASTAS;FICHA;1;PIMIENTA NEGRA MOLIDA;KG;0.000120;;
F01509;ENSALADA SODEXO FEST;ENSALADAS MIXTAS;FICHA;1;ACEITE VEGETAL;L;0.008000;;"1.Freír el pollo.
2.Servir la ensalada, base de lechugas, alcachofas, tomate, champiñones, palta.
3.Para el aliño mezclar, mayonesa, sal, pimienta, vinagre blanco y aceite.
4.Servir  con wantan frito y la salsa vinagreta."
F01509;ENSALADA SODEXO FEST;ENSALADAS MIXTAS;FICHA;1;POLLO PECHUGA FILETE SIN PIEL CONGELADO;KG;0.030000;Filete;
F01509;ENSALADA SODEXO FEST;ENSALADAS MIXTAS;FICHA;1;PIMIENTA NEGRA MOLIDA;KG;0.000120;;
F01509;ENSALADA SODEXO FEST;ENSALADAS MIXTAS;FICHA;1;SAL DE COCINA;KG;0.002000;;
F01509;ENSALADA SODEXO FEST;ENSALADAS MIXTAS;FICHA;1;MAYONESA;KG;0.010000;;
F01509;ENSALADA SODEXO FEST;ENSALADAS MIXTAS;FICHA;1;VINAGRE BLANCO;L;0.004000;;
F01509;ENSALADA SODEXO FEST;ENSALADAS MIXTAS;FICHA;1;ALCACHOFA CORAZON REFRIGERADO;KG;0.020000;Cuartos;
F01509;ENSALADA SODEXO FEST;ENSALADAS MIXTAS;FICHA;1;CHAMPIGÑONES REFRIGERADO;KG;0.015000;Cuartos;
F01509;ENSALADA SODEXO FEST;ENSALADAS MIXTAS;FICHA;1;LECHUGA AMERICANA REFRIGERADO;KG;0.015000;Hojas;
F01509;ENSALADA SODEXO FEST;ENSALADAS MIXTAS;FICHA;1;LECHUGA ORGANICA REFRIGERADO;KG;0.015000;Hola;
F01509;ENSALADA SODEXO FEST;ENSALADAS MIXTAS;FICHA;1;PALTA FUERTE REFRIGERADO;KG;0.015000;Gajos;
F01509;ENSALADA SODEXO FEST;ENSALADAS MIXTAS;FICHA;1;TOMATE CRIOLLO REFRIGERADO;KG;0.015000;Gajos;
F01509;ENSALADA SODEXO FEST;ENSALADAS MIXTAS;FICHA;1;WANTAN REFRIGERADO;KG;0.020000;Juliana;
F01511;ENSALADA TROPICAL CON POLLO FEST;ENSALADAS MIXTAS;FICHA;1;POLLO PECHUGA FILETE SIN PIEL CONGELADO;KG;0.030000;;"1.Freír el pollo.
2.Armar la ensalada, base de espinaca, lechugas, pecanas, choclo, naranja en gajos, el pollo.
3.Para el aliño mezclar, jugo de naranja, mayonesa, azúcar blanca.
4.Servir la ensalada con wantan frito, pimiento y vinagreta."
F01511;ENSALADA TROPICAL CON POLLO FEST;ENSALADAS MIXTAS;FICHA;1;ACEITE VEGETAL;L;0.008000;;
F01511;ENSALADA TROPICAL CON POLLO FEST;ENSALADAS MIXTAS;FICHA;1;SAL DE COCINA;KG;0.001000;;
F01511;ENSALADA TROPICAL CON POLLO FEST;ENSALADAS MIXTAS;FICHA;1;MAYONESA;KG;0.010000;;
F01511;ENSALADA TROPICAL CON POLLO FEST;ENSALADAS MIXTAS;FICHA;1;AZUCAR RUBIA;KG;0.003000;;
F01511;ENSALADA TROPICAL CON POLLO FEST;ENSALADAS MIXTAS;FICHA;1;NARANJA DE JUGO REFRIGERADO;KG;0.020000;Jugo;
F01511;ENSALADA TROPICAL CON POLLO FEST;ENSALADAS MIXTAS;FICHA;1;NARANJA DE MESA REFRIGERADO;KG;0.030000;Gajos;
F01511;ENSALADA TROPICAL CON POLLO FEST;ENSALADAS MIXTAS;FICHA;1;CHOCLO DESGRANADO CONGELADO;KG;0.005000;Desgranado / sancochar;
F01511;ENSALADA TROPICAL CON POLLO FEST;ENSALADAS MIXTAS;FICHA;1;ESPINACA REFRIGERADO;KG;0.025000;Chifonade;
F01511;ENSALADA TROPICAL CON POLLO FEST;ENSALADAS MIXTAS;FICHA;1;LECHUGA AMERICANA REFRIGERADO;KG;0.025000;Deshojar;
F01511;ENSALADA TROPICAL CON POLLO FEST;ENSALADAS MIXTAS;FICHA;1;PIMIENTO ROJO REFRIGERADO;KG;0.005000;Juliana;
F01511;ENSALADA TROPICAL CON POLLO FEST;ENSALADAS MIXTAS;FICHA;1;PECANAS PELADAS;KG;0.003000;Picado fino;
F01511;ENSALADA TROPICAL CON POLLO FEST;ENSALADAS MIXTAS;FICHA;1;WANTAN REFRIGERADO;KG;0.010000;Juliana;
F01513;ENSALADA DE ATUN II;ENSALADAS FRESCAS;FICHA;1;QUESO FRESCO REFRIGERADO;KG;0.010000;Cubos;"1.Preparar los croutones, oregano, ajos, llevar al horno a temperatura media 160° por 15 minutos aproximadamente.
2.Colocar las lechugas en el plato y acomodando en forma ordenada, tomate, queso fresco, aceituna, croutones, y encima el atun y las rodajas de huevo.
3.Servimos y bañamos con la vinagreta, mayonesa, sal, pimienta, oregano, vinagre y mostaza."
F01513;ENSALADA DE ATUN II;ENSALADAS FRESCAS;FICHA;1;HUEVO ROSADO REFRIGERADO;KG;0.007000;Sancochado;
F01513;ENSALADA DE ATUN II;ENSALADAS FRESCAS;FICHA;1;PIMIENTA NEGRA MOLIDA;KG;0.000120;;
F01513;ENSALADA DE ATUN II;ENSALADAS FRESCAS;FICHA;1;SAL DE COCINA;KG;0.002000;;
F01513;ENSALADA DE ATUN II;ENSALADAS FRESCAS;FICHA;1;MAYONESA;KG;0.010000;;
F01513;ENSALADA DE ATUN II;ENSALADAS FRESCAS;FICHA;1;VINAGRE BLANCO;L;0.004000;;
F01513;ENSALADA DE ATUN II;ENSALADAS FRESCAS;FICHA;1;ACEITUNA NEGRA;KG;0.004000;En rodajas;
F01513;ENSALADA DE ATUN II;ENSALADAS FRESCAS;FICHA;1;CEBOLLA ROJA REFRIGERADA;KG;0.015000;Aros;
F01513;ENSALADA DE ATUN II;ENSALADAS FRESCAS;FICHA;1;ESPINACA REFRIGERADO;KG;0.020000;Chifonade;
F01513;ENSALADA DE ATUN II;ENSALADAS FRESCAS;FICHA;1;LECHUGA ORGANICA REFRIGERADO;KG;0.030000;Chifonade;
F01513;ENSALADA DE ATUN II;ENSALADAS FRESCAS;FICHA;1;MOSTAZA;KG;0.002000;;
F01513;ENSALADA DE ATUN II;ENSALADAS FRESCAS;FICHA;1;TOMATE CRIOLLO REFRIGERADO;KG;0.020000;Juliana gruesa;
F01513;ENSALADA DE ATUN II;ENSALADAS FRESCAS;FICHA;1;ATUN EN ACEITE LATA;KG;0.030000;;
F01513;ENSALADA DE ATUN II;ENSALADAS FRESCAS;FICHA;1;AJO MOLIDO ENVASADO;KG;0.000120;;
F01513;ENSALADA DE ATUN II;ENSALADAS FRESCAS;FICHA;1;OREGANO ENTERO;KG;0.000120;;
F01513;ENSALADA DE ATUN II;ENSALADAS FRESCAS;FICHA;1;PAN DE MOLDE BLANCO SUPER PULLMAN C/CORT VERT;UND;0.010000;Crouton;
F01517;REFRESCO DE CEDRON;BEB REFRESCOS NATURALES;FICHA;1;AZUCAR RUBIA;KG;0.020000;;"1. Hervir agua con el cedrón
2. Agregar el jugo de limón, luego la azúcar, mover para disolverla.
3. Servir."
F01517;REFRESCO DE CEDRON;BEB REFRESCOS NATURALES;FICHA;1;CEDRON REFRIGERADO;KG;0.001000;;
F01517;REFRESCO DE CEDRON;BEB REFRESCOS NATURALES;FICHA;1;LIMON VERDE REFRIGERADO;KG;0.005000;Jugo de limón;
F01517;REFRESCO DE CEDRON;BEB REFRESCOS NATURALES;FICHA;1;AGUA PARA RECETA;L;0.300000;;
F01519;ENSALADA CASERA;ENSALADAS MIXTAS;FICHA;1;SAL DE COCINA;KG;0.002000;;"1.Prepara la vinagreta, mayonesa, sal, pimienta, oregano, mostaza y ajo.
2.Encurtir el nabo, vinagre, azucar y aji amarillo.
3.Mezclar lechuga y acelga, colocar en el plato e ir acomodando cebolla, tomate, nabo y encima el apio y la zanahoria, bañar con la vinagreta."
F01519;ENSALADA CASERA;ENSALADAS MIXTAS;FICHA;1;ACELGA REFRIGERADO;KG;0.030000;Chiffonade;
F01519;ENSALADA CASERA;ENSALADAS MIXTAS;FICHA;1;APIO REFRIGERADO;KG;0.015000;Brunoise;
F01519;ENSALADA CASERA;ENSALADAS MIXTAS;FICHA;1;CEBOLLA ROJA REFRIGERADA;KG;0.020000;Aros;
F01519;ENSALADA CASERA;ENSALADAS MIXTAS;FICHA;1;LECHUGA ORGANICA REFRIGERADO;KG;0.030000;Chiffonade;
F01519;ENSALADA CASERA;ENSALADAS MIXTAS;FICHA;1;NABO REFRIGERADO;KG;0.020000;Laminas;
F01519;ENSALADA CASERA;ENSALADAS MIXTAS;FICHA;1;TOMATE CRIOLLO REFRIGERADO;KG;0.020000;Rodajas;
F01519;ENSALADA CASERA;ENSALADAS MIXTAS;FICHA;1;ZANAHORIA REFRIGERADO;KG;0.015000;Rallar;
F01519;ENSALADA CASERA;ENSALADAS MIXTAS;FICHA;1;PIMIENTA NEGRA MOLIDA;KG;0.000120;;
F01519;ENSALADA CASERA;ENSALADAS MIXTAS;FICHA;1;MAYONESA;KG;0.010000;;
F01519;ENSALADA CASERA;ENSALADAS MIXTAS;FICHA;1;MOSTAZA;KG;0.002000;;
F01519;ENSALADA CASERA;ENSALADAS MIXTAS;FICHA;1;OREGANO ENTERO;KG;0.000120;;
F01519;ENSALADA CASERA;ENSALADAS MIXTAS;FICHA;1;AJO MOLIDO ENVASADO;KG;0.001000;;
F01519;ENSALADA CASERA;ENSALADAS MIXTAS;FICHA;1;VINAGRE TINTO;L;0.010000;;
F01519;ENSALADA CASERA;ENSALADAS MIXTAS;FICHA;1;AJI AMARILLO REFRIGERADO;KG;0.002000;;
F01519;ENSALADA CASERA;ENSALADAS MIXTAS;FICHA;1;AZUCAR RUBIA;KG;0.003000;;
F01521;ENSALADA ORIENTAL FEST;ENSALADAS FRESCAS;FICHA;1;POLLO PECHUGA FILETE SIN PIEL CONGELADO;KG;0.050000;Trozos medianos;"1.Salpimentar la pechuga, y llevar a la plancha. Cortar en trozos mediano.
2.Mezclar el pollo, pimientos, esparragos, ajonjolí en una ensaladera.
3.Para el aliño,  licuar todos los ingredientes rociar sobre la ensalada y mezclar. Agregar cebolla china y ajonjolí tostado."
F01521;ENSALADA ORIENTAL FEST;ENSALADAS FRESCAS;FICHA;1;SAL DE COCINA;KG;0.002000;;
F01521;ENSALADA ORIENTAL FEST;ENSALADAS FRESCAS;FICHA;1;PIMIENTA NEGRA MOLIDA;KG;0.000120;;
F01521;ENSALADA ORIENTAL FEST;ENSALADAS FRESCAS;FICHA;1;PIMIENTO ROJO REFRIGERADO;KG;0.040000;Juliana/salteado;
F01521;ENSALADA ORIENTAL FEST;ENSALADAS FRESCAS;FICHA;1;CEBOLLA CHINA REFRIGERADA;KG;0.015000;Diagonal;
F01521;ENSALADA ORIENTAL FEST;ENSALADAS FRESCAS;FICHA;1;ACEITE VEGETAL;L;0.010000;;
F01521;ENSALADA ORIENTAL FEST;ENSALADAS FRESCAS;FICHA;1;VINAGRE BLANCO;L;0.003000;;
F01521;ENSALADA ORIENTAL FEST;ENSALADAS FRESCAS;FICHA;1;SALSA SILLAO;L;0.001000;;
F01521;ENSALADA ORIENTAL FEST;ENSALADAS FRESCAS;FICHA;1;MIEL DE ABEJA;KG;0.001000;;
F01521;ENSALADA ORIENTAL FEST;ENSALADAS FRESCAS;FICHA;1;AJO MOLIDO ENVASADO;KG;0.000120;;
F01521;ENSALADA ORIENTAL FEST;ENSALADAS FRESCAS;FICHA;1;KION MOLIDO ENVASADO;KG;0.000120;;
F01521;ENSALADA ORIENTAL FEST;ENSALADAS FRESCAS;FICHA;1;MANTEQUILLA DE MANI;KG;0.001000;;
F01524;TALLARIN SALTADO CON VERDURAS CHINAS;GUARN PASTAS;FICHA;1;ACEITE VEGETAL;L;0.010000;;"1. Saltear las verduras; pimiento, col china, cebolla roja, pac choy, sillao, salsa mensi y salsa de ostión.
2. Rectificar el sabor y ligar la salsa con maicena.
3. Sancochar los fideos chinos, escurrir y reservar. Mezclar  los fideos con la salsa de verduras.
4. Finalmente decorar con cebolla china."
F01524;TALLARIN SALTADO CON VERDURAS CHINAS;GUARN PASTAS;FICHA;1;AGUA PARA RECETA;L;0.020000;;
F01524;TALLARIN SALTADO CON VERDURAS CHINAS;GUARN PASTAS;FICHA;1;PIMIENTA NEGRA MOLIDA;KG;0.000120;;
F01524;TALLARIN SALTADO CON VERDURAS CHINAS;GUARN PASTAS;FICHA;1;SAL DE COCINA;KG;0.002000;;
F01524;TALLARIN SALTADO CON VERDURAS CHINAS;GUARN PASTAS;FICHA;1;SALSA MENSI (L);L;0.001000;;
F01524;TALLARIN SALTADO CON VERDURAS CHINAS;GUARN PASTAS;FICHA;1;SALSA DE OSTION;L;0.001000;;
F01524;TALLARIN SALTADO CON VERDURAS CHINAS;GUARN PASTAS;FICHA;1;SALSA SILLAO;L;0.010000;;
F01524;TALLARIN SALTADO CON VERDURAS CHINAS;GUARN PASTAS;FICHA;1;CEBOLLA CHINA REFRIGERADA;KG;0.015000;Baston;
F01524;TALLARIN SALTADO CON VERDURAS CHINAS;GUARN PASTAS;FICHA;1;CEBOLLA ROJA REFRIGERADA;KG;0.040000;Pluma;
F01524;TALLARIN SALTADO CON VERDURAS CHINAS;GUARN PASTAS;FICHA;1;COL CHINA REFRIGERADO;KG;0.030000;Mirepoix;
F01524;TALLARIN SALTADO CON VERDURAS CHINAS;GUARN PASTAS;FICHA;1;PAC CHOY REFRIGERADO;KG;0.010000;Mirepoix;
F01524;TALLARIN SALTADO CON VERDURAS CHINAS;GUARN PASTAS;FICHA;1;PIMIENTO ROJO REFRIGERADO;KG;0.015000;Juliana;
F01524;TALLARIN SALTADO CON VERDURAS CHINAS;GUARN PASTAS;FICHA;1;CHUÑO;KG;0.001000;;
F01524;TALLARIN SALTADO CON VERDURAS CHINAS;GUARN PASTAS;FICHA;1;MAICENA;KG;0.001000;;
F01524;TALLARIN SALTADO CON VERDURAS CHINAS;GUARN PASTAS;FICHA;1;FIDEO CHINO;KG;0.120000;Sancochar;
F01524;TALLARIN SALTADO CON VERDURAS CHINAS;GUARN PASTAS;FICHA;1;KION MOLIDO ENVASADO;KG;0.001000;;
F01524;TALLARIN SALTADO CON VERDURAS CHINAS;GUARN PASTAS;FICHA;1;AJO MOLIDO ENVASADO;KG;0.003000;;
F01524;TALLARIN SALTADO CON VERDURAS CHINAS;GUARN PASTAS;FICHA;1;AZUCAR RUBIA;KG;0.001000;;
F01526;ENSALADA DE LENTEJAS;ENSALADAS MIXTAS;FICHA;1;ACEITE VEGETAL;L;0.005000;;"1. Cocinar las lentejas en agua con un poco de aceite para ablandar, escurrir y reservar.
2.En un bol colocar cebolla, tomate, lenteja, chorizo salteado y bañar con el aliño de sal, pimienta, aceite y limon.
3. Servir sobre una hoja de lechuga."
F01526;ENSALADA DE LENTEJAS;ENSALADAS MIXTAS;FICHA;1;SAL DE COCINA;KG;0.002000;;
F01526;ENSALADA DE LENTEJAS;ENSALADAS MIXTAS;FICHA;1;CEBOLLA ROJA REFRIGERADA;KG;0.040000;Brunoise;
F01526;ENSALADA DE LENTEJAS;ENSALADAS MIXTAS;FICHA;1;LECHUGA ORGANICA REFRIGERADO;KG;0.012000;;
F01526;ENSALADA DE LENTEJAS;ENSALADAS MIXTAS;FICHA;1;LIMON VERDE REFRIGERADO;KG;0.010000;;
F01526;ENSALADA DE LENTEJAS;ENSALADAS MIXTAS;FICHA;1;TOMATE CRIOLLO REFRIGERADO;KG;0.040000;Macedonia;
F01526;ENSALADA DE LENTEJAS;ENSALADAS MIXTAS;FICHA;1;LENTEJA;KG;0.040000;Cocido;
F01526;ENSALADA DE LENTEJAS;ENSALADAS MIXTAS;FICHA;1;PIMIENTA NEGRA MOLIDA;KG;0.000120;;
F01526;ENSALADA DE LENTEJAS;ENSALADAS MIXTAS;FICHA;1;CHORIZO PARRILLERO CONGELADO;KG;0.010000;Rodajas/ salteado;
F01527;ENSALADA DE PALLARES;ENSALADAS FRESCAS;FICHA;1;ACEITE VEGETAL;L;0.003000;;"1. Remojar los pallares en agua un dia anterior, sancochar el pallar hasta que este suave pero no desecho en agua con un poco de aceite para ablandar, colar y reservar.
2. En un bol mezclar la cebolla, tomate, aji amarillo y el pallar previamente cocido, añadir sal, pimienta, aceite, jugo de limón y oregano molido.
3. Rectificar sazón y servir sobre una hoja de lechuga"
F01527;ENSALADA DE PALLARES;ENSALADAS FRESCAS;FICHA;1;PIMIENTA NEGRA MOLIDA;KG;0.000120;;
F01527;ENSALADA DE PALLARES;ENSALADAS FRESCAS;FICHA;1;SAL DE COCINA;KG;0.002000;;
F01527;ENSALADA DE PALLARES;ENSALADAS FRESCAS;FICHA;1;CEBOLLA ROJA REFRIGERADA;KG;0.040000;Juliana;
F01527;ENSALADA DE PALLARES;ENSALADAS FRESCAS;FICHA;1;LECHUGA ORGANICA REFRIGERADO;KG;0.012000;;
F01527;ENSALADA DE PALLARES;ENSALADAS FRESCAS;FICHA;1;TOMATE CRIOLLO REFRIGERADO;KG;0.040000;Juliana;
F01527;ENSALADA DE PALLARES;ENSALADAS FRESCAS;FICHA;1;PALLAR;KG;0.040000;Cocido;
F01527;ENSALADA DE PALLARES;ENSALADAS FRESCAS;FICHA;1;AJI AMARILLO REFRIGERADO;KG;0.002000;Juliana;
F01527;ENSALADA DE PALLARES;ENSALADAS FRESCAS;FICHA;1;OREGANO ENTERO;KG;0.000060;;
F01527;ENSALADA DE PALLARES;ENSALADAS FRESCAS;FICHA;1;PEREJIL LIZO REFRIGERADO;KG;0.002000;Picado fino;
F01527;ENSALADA DE PALLARES;ENSALADAS FRESCAS;FICHA;1;LIMON VERDE REFRIGERADO;KG;0.010000;;
F01536;SANDWICH PITA CON PAVO,TOMATE Y LECHUGA;SAND INTEGRALES LIGHT;FICHA;1;ACEITE VEGETAL;L;0.010000;;"1. Condimentar la pechuga de pavo con sal, pimienta. Freír y reservar.
2. Rellanar el pan con lechuga, tomate y la pechuga de pavo.
3. Servir."
F01536;SANDWICH PITA CON PAVO,TOMATE Y LECHUGA;SAND INTEGRALES LIGHT;FICHA;1;PAVO PECHUGA CON HUESO CONGELADO;KG;0.040000;Filete;
F01536;SANDWICH PITA CON PAVO,TOMATE Y LECHUGA;SAND INTEGRALES LIGHT;FICHA;1;PIMIENTA NEGRA MOLIDA;KG;0.000060;;
F01536;SANDWICH PITA CON PAVO,TOMATE Y LECHUGA;SAND INTEGRALES LIGHT;FICHA;1;SAL DE COCINA;KG;0.001000;;
F01536;SANDWICH PITA CON PAVO,TOMATE Y LECHUGA;SAND INTEGRALES LIGHT;FICHA;1;LECHUGA ORGANICA REFRIGERADO;KG;0.012000;Decoración;
F01536;SANDWICH PITA CON PAVO,TOMATE Y LECHUGA;SAND INTEGRALES LIGHT;FICHA;1;TOMATE CRIOLLO REFRIGERADO;KG;0.015000;Tomate;
F01536;SANDWICH PITA CON PAVO,TOMATE Y LECHUGA;SAND INTEGRALES LIGHT;FICHA;1;MOLINOS PAN ARABE 60 GR;UND;1.000000;;
F01546;SANDWICH PITA CON ATUN,TOMATE Y LECHUGA;SAND INTEGRALES LIGHT;FICHA;1;ATUN EN ACEITE LATA;KG;0.030000;;"1. Mezclar el atun con sal, pimienta.
2. Cortar el pan y rellenar con lechuga, tomate y el atun.
3. Servir."
F01546;SANDWICH PITA CON ATUN,TOMATE Y LECHUGA;SAND INTEGRALES LIGHT;FICHA;1;PIMIENTA NEGRA MOLIDA;KG;0.000060;;
F01546;SANDWICH PITA CON ATUN,TOMATE Y LECHUGA;SAND INTEGRALES LIGHT;FICHA;1;SAL DE COCINA;KG;0.001000;;
F01546;SANDWICH PITA CON ATUN,TOMATE Y LECHUGA;SAND INTEGRALES LIGHT;FICHA;1;LECHUGA ORGANICA REFRIGERADO;KG;0.012000;Decoracion;
F01546;SANDWICH PITA CON ATUN,TOMATE Y LECHUGA;SAND INTEGRALES LIGHT;FICHA;1;TOMATE CRIOLLO REFRIGERADO;KG;0.015000;Rodajas;
F01546;SANDWICH PITA CON ATUN,TOMATE Y LECHUGA;SAND INTEGRALES LIGHT;FICHA;1;MOLINOS PAN ARABE 60 GR;UND;1.000000;;
F01550;SANDWICH MORO;SANDWICH FRIOS;FICHA;1;ACEITE VEGETAL;L;0.001000;;"1. Saltear la espinaca picada en aceite. Reservar.
2. Colocar una tajada de pan, untar con mayonesa, colocar el queso fresco, espinaca, tomate y por ultimo el jamonahumado. Cubrir con otra tajada de pan. Servir."
F01550;SANDWICH MORO;SANDWICH FRIOS;FICHA;1;LOMO AHUMADO CONGELADO 500 GR;KG;0.020000;;
F01550;SANDWICH MORO;SANDWICH FRIOS;FICHA;1;QUESO FRESCO REFRIGERADO;KG;0.020000;;
F01550;SANDWICH MORO;SANDWICH FRIOS;FICHA;1;TOMATE CRIOLLO REFRIGERADO;KG;0.015000;;
F01550;SANDWICH MORO;SANDWICH FRIOS;FICHA;1;ESPINACA REFRIGERADO;KG;0.020000;Saltear;
F01550;SANDWICH MORO;SANDWICH FRIOS;FICHA;1;MAYONESA;KG;0.005000;;
F01550;SANDWICH MORO;SANDWICH FRIOS;FICHA;1;PASTIPAN PAN CIABATTA INTEGRAL 10 X 5;UND;1.000000;;
F01551;SANDWICH TRIPLE ESPECIAL;SANDWICH FRIOS;FICHA;1;HUEVO ROSADO REFRIGERADO;KG;0.030000;Sancochar;"1. Untar una tajada de pan con mayonesa, acomodar encima las rodajas de tomate y huevo. Cubrir con pan.
2. Untar con mayonesa y acomodar la palta y añadir la sal y el jugo de limón. Cubrir con pan.
3. Cortar el pan en triángulos. Servir."
F01551;SANDWICH TRIPLE ESPECIAL;SANDWICH FRIOS;FICHA;1;SAL DE COCINA;KG;0.001000;;
F01551;SANDWICH TRIPLE ESPECIAL;SANDWICH FRIOS;FICHA;1;MAYONESA;KG;0.010000;;
F01551;SANDWICH TRIPLE ESPECIAL;SANDWICH FRIOS;FICHA;1;PALTA FUERTE REFRIGERADO;KG;0.025000;Gajos;
F01551;SANDWICH TRIPLE ESPECIAL;SANDWICH FRIOS;FICHA;1;TOMATE CRIOLLO REFRIGERADO;KG;0.015000;Rodajas sin piel, sin semillas;
F01551;SANDWICH TRIPLE ESPECIAL;SANDWICH FRIOS;FICHA;1;PAN DE MOLDE BLANCO SUPER PULLMAN C/CORT VERT;UND;0.160000;;
F01551;SANDWICH TRIPLE ESPECIAL;SANDWICH FRIOS;FICHA;1;LIMON VERDE REFRIGERADO;KG;0.001000;Jugo de limon;
F01553;SANDWICH CON CHICHARRON;SANDW CALIENTES;FICHA;1;ACEITE VEGETAL;L;0.010000;;"1. Condimentar el cerdo con sal, pimienta, comino, ajo.
2. Sancochar el cerdo en agua con hierba buena. Una vez suave el cerdo, freírlo en aceite caliente.
3. Salsa criolla; mezclar cebolla, ají amarillo, hierba buena, sal, pimienta, jugo de limón.
4. Cortar el pan y rellenar con el chicharrón de cerdo y acompañar con la salsa criolla.
5. Servir."
F01553;SANDWICH CON CHICHARRON;SANDW CALIENTES;FICHA;1;CERDO PIERNA SIN PIEL Y SIN HUESO REFRIGERADO;KG;0.040000;Trozar;
F01553;SANDWICH CON CHICHARRON;SANDW CALIENTES;FICHA;1;HIERBA BUENA REFRIGERADO;KG;0.002000;Hojas;
F01553;SANDWICH CON CHICHARRON;SANDW CALIENTES;FICHA;1;PIMIENTA NEGRA MOLIDA;KG;0.000060;;
F01553;SANDWICH CON CHICHARRON;SANDW CALIENTES;FICHA;1;SAL DE COCINA;KG;0.001000;;
F01553;SANDWICH CON CHICHARRON;SANDW CALIENTES;FICHA;1;COMINO MOLIDO;KG;0.000030;;
F01553;SANDWICH CON CHICHARRON;SANDW CALIENTES;FICHA;1;AJI AMARILLO REFRIGERADO;KG;0.002000;Juliana;
F01553;SANDWICH CON CHICHARRON;SANDW CALIENTES;FICHA;1;CEBOLLA ROJA REFRIGERADA;KG;0.020000;Juliana;
F01553;SANDWICH CON CHICHARRON;SANDW CALIENTES;FICHA;1;AJO MOLIDO ENVASADO;KG;0.001000;;
F01553;SANDWICH CON CHICHARRON;SANDW CALIENTES;FICHA;1;PAN FRANCES MEDIANO;UND;1.000000;;
F01553;SANDWICH CON CHICHARRON;SANDW CALIENTES;FICHA;1;LIMON VERDE REFRIGERADO;KG;0.005000;Jugo de limon;
F01554;SANDWICH CON OMELETTE;SANDW CALIENTES;FICHA;1;ACEITE VEGETAL;L;0.005000;;"1. Saltear en una parte de aceite la cebolla y el tomate.
2. Batir los huevos condimentar con sal, pimienta, agregar el salteado. Mezclar.
3. Calentar aceite y verter la mezcla de huevos, cocinar por unos minutos, no dejar que se seque.
4. Servir."
F01554;SANDWICH CON OMELETTE;SANDW CALIENTES;FICHA;1;HUEVO ROSADO REFRIGERADO;KG;0.060000;Batir;
F01554;SANDWICH CON OMELETTE;SANDW CALIENTES;FICHA;1;PIMIENTA NEGRA MOLIDA;KG;0.000060;;
F01554;SANDWICH CON OMELETTE;SANDW CALIENTES;FICHA;1;SAL DE COCINA;KG;0.001000;;
F01554;SANDWICH CON OMELETTE;SANDW CALIENTES;FICHA;1;CEBOLLA ROJA REFRIGERADA;KG;0.010000;Pluma delgada;
F01554;SANDWICH CON OMELETTE;SANDW CALIENTES;FICHA;1;TOMATE CRIOLLO REFRIGERADO;KG;0.010000;Concasse;
F01554;SANDWICH CON OMELETTE;SANDW CALIENTES;FICHA;1;PASTIPAN PAN DE YEMA;UND;1.000000;;
F01555;SANDWICH CON ESPINACA Y QUESO CREMA;SANDWICH FRIOS;FICHA;1;QUESO CREMA;KG;0.010000;;"1. Blanquear la espinaca en agua  con sal, escurrir y cortar en chifonade.
2. Mezclar el queso crema con la espinaca.
3. Cortar el pan árabe y rellenar con el queso crema. Servir."
F01555;SANDWICH CON ESPINACA Y QUESO CREMA;SANDWICH FRIOS;FICHA;1;ESPINACA REFRIGERADO;KG;0.020000;Blanquear / chifonade;
F01555;SANDWICH CON ESPINACA Y QUESO CREMA;SANDWICH FRIOS;FICHA;1;MOLINOS PAN ARABE 60 GR;UND;1.000000;;
F01555;SANDWICH CON ESPINACA Y QUESO CREMA;SANDWICH FRIOS;FICHA;1;SAL DE COCINA;KG;0.001000;;
F01556;SANDWICH CROISSANT CON JAMON Y QUESO;SANDWICH FRIOS;FICHA;1;JAMON PARA CAFETIN CONGELADO;KG;0.030000;;"1. Rellenar el pan con jamón y queso.
2. Servir."
F01556;SANDWICH CROISSANT CON JAMON Y QUESO;SANDWICH FRIOS;FICHA;1;QUESO EDAM REFRIGERADO;KG;0.020000;;
F01556;SANDWICH CROISSANT CON JAMON Y QUESO;SANDWICH FRIOS;FICHA;1;PAN CROISSANT MEDIANO KG.;UND;1.000000;;
F01557;SANDWICH DOBLE DE ACEITUNA Y HUEVO;SANDWICH FRIOS;FICHA;1;HUEVO ROSADO REFRIGERADO;KG;0.030000;Sancochar;"1. Cortar las aceitunas finamente, pasas, mayonesa.
2. Picar el huevo finamente y mezclarlo con mayonesa, sal,pimienta.
3. Untar una tajada de pan con la mezcla de aceituna, cubrir con pan y sobre la tajada untar mayonesa y la mezcla del huevo; Cubrir con otra tajada de pan.
4. Cortar el sándwich en triangulo. Servir."
F01557;SANDWICH DOBLE DE ACEITUNA Y HUEVO;SANDWICH FRIOS;FICHA;1;MAYONESA;KG;0.010000;;
F01557;SANDWICH DOBLE DE ACEITUNA Y HUEVO;SANDWICH FRIOS;FICHA;1;SAL DE COCINA;KG;0.001000;;
F01557;SANDWICH DOBLE DE ACEITUNA Y HUEVO;SANDWICH FRIOS;FICHA;1;PIMIENTA NEGRA MOLIDA;KG;0.000060;;
F01557;SANDWICH DOBLE DE ACEITUNA Y HUEVO;SANDWICH FRIOS;FICHA;1;PASAS NEGRAS SECAS;KG;0.003000;Picado fino;
F01557;SANDWICH DOBLE DE ACEITUNA Y HUEVO;SANDWICH FRIOS;FICHA;1;ACEITUNA NEGRA;KG;0.020000;Picado fino;
F01557;SANDWICH DOBLE DE ACEITUNA Y HUEVO;SANDWICH FRIOS;FICHA;1;PAN DE MOLDE BLANCO SUPER PULLMAN C/CORT VERT;UND;0.120000;;
F01558;SANDWICH CON BUTIFARRA;SANDWICH FRIOS;FICHA;1;JAMON DEL PAIS CONGELADO;KG;0.020000;;"1. Mezclar la cebolla, ají amarillo, perejil, jugo de limón, sal, pimienta.
2. Cortar el pan y rellenar con el jamón del país y la salsa criolla.
3. Servir."
F01558;SANDWICH CON BUTIFARRA;SANDWICH FRIOS;FICHA;1;PIMIENTA NEGRA MOLIDA;KG;0.000060;;
F01558;SANDWICH CON BUTIFARRA;SANDWICH FRIOS;FICHA;1;SAL DE COCINA;KG;0.001000;;
F01558;SANDWICH CON BUTIFARRA;SANDWICH FRIOS;FICHA;1;AJI AMARILLO REFRIGERADO;KG;0.002000;Juliana;
F01558;SANDWICH CON BUTIFARRA;SANDWICH FRIOS;FICHA;1;PAN FRANCES MEDIANO;UND;1.000000;;
F01558;SANDWICH CON BUTIFARRA;SANDWICH FRIOS;FICHA;1;CEBOLLA ROJA REFRIGERADA;KG;0.020000;Juliana;
F01558;SANDWICH CON BUTIFARRA;SANDWICH FRIOS;FICHA;1;PEREJIL LIZO REFRIGERADO;KG;0.002000;Picado fino;
F01558;SANDWICH CON BUTIFARRA;SANDWICH FRIOS;FICHA;1;LECHUGA ORGANICA REFRIGERADO;KG;0.012000;Hoja;
F01558;SANDWICH CON BUTIFARRA;SANDWICH FRIOS;FICHA;1;LIMON VERDE REFRIGERADO;KG;0.005000;Jugo de limon;
F01563;JUGO SURTIDO CON ALGARROBINA;BEB JUG PULPA NATURAL;FICHA;1;LECHE EVAPORADA TETRA;L;0.020000;;"1. Cortar el plátano, Licuar con algarrobina, huevo; Reservar.
2. Diluir los concentrados en agua y mezclarlos con el jugo de plátano.
3. Agregar azúcar y mezclar bien.
4. Finalmente agregar la leche.
5. Servir."
F01563;JUGO SURTIDO CON ALGARROBINA;BEB JUG PULPA NATURAL;FICHA;1;HUEVO ROSADO REFRIGERADO;KG;0.010000;;
F01563;JUGO SURTIDO CON ALGARROBINA;BEB JUG PULPA NATURAL;FICHA;1;AZUCAR RUBIA;KG;0.020000;;
F01563;JUGO SURTIDO CON ALGARROBINA;BEB JUG PULPA NATURAL;FICHA;1;ALGARROBINA;L;0.005000;;
F01563;JUGO SURTIDO CON ALGARROBINA;BEB JUG PULPA NATURAL;FICHA;1;PULPA DE PAPAYA CONGELADA;KG;0.062000;;
F01563;JUGO SURTIDO CON ALGARROBINA;BEB JUG PULPA NATURAL;FICHA;1;PULPA DE PIÑA CONGELADA;KG;0.063000;;
F01563;JUGO SURTIDO CON ALGARROBINA;BEB JUG PULPA NATURAL;FICHA;1;PLATANO SEDA REFRIGERADO;KG;0.050000;Lavar, desinfectar, pelar;
F01563;JUGO SURTIDO CON ALGARROBINA;BEB JUG PULPA NATURAL;FICHA;1;AGUA PARA RECETA;L;0.120000;;
F01564;JUGO DE FRESA CON LECHE;BEB JUG PULPA NATURAL;FICHA;1;LECHE EVAPORADA TETRA;L;0.025000;;"1. Colocar en la licuadora; agua, pulpa de fresa, azúcar y licuar.
2. Finalmente agregar la leche. Servir."
F01564;JUGO DE FRESA CON LECHE;BEB JUG PULPA NATURAL;FICHA;1;AZUCAR RUBIA;KG;0.020000;;
F01564;JUGO DE FRESA CON LECHE;BEB JUG PULPA NATURAL;FICHA;1;FRESA PULPA CONGELADO;KG;0.125000;;
F01564;JUGO DE FRESA CON LECHE;BEB JUG PULPA NATURAL;FICHA;1;AGUA PARA RECETA;L;0.100000;;
F01565;JUGO DE PAPAYA CON NARANJA;BEB JUG PULPA NATURAL;FICHA;1;AZUCAR RUBIA;KG;0.015000;;"1. Exprimir la naranja y reservar el jugo.
2. Mezclar el jugo de naranja con agua y la pulpa de papaya.
4. Endulzar con azúcar. Servir."
F01565;JUGO DE PAPAYA CON NARANJA;BEB JUG PULPA NATURAL;FICHA;1;NARANJA DE JUGO REFRIGERADO;KG;0.150000;Exprimir;
F01565;JUGO DE PAPAYA CON NARANJA;BEB JUG PULPA NATURAL;FICHA;1;PULPA DE PAPAYA CONGELADA;KG;0.062000;;
F01565;JUGO DE PAPAYA CON NARANJA;BEB JUG PULPA NATURAL;FICHA;1;AGUA PARA RECETA;L;0.125000;;
F01566;JUGO DE PLATANO ISLA CON LECHE;BEB JUG PULPA NATURAL;FICHA;1;LECHE EVAPORADA TETRA;L;0.020000;;"1. Cortar el plátano.
2. Licuarlo con agua. Agregar leche.
3. Añadir azúcar y mezclar bien.
4. Servir."
F01566;JUGO DE PLATANO ISLA CON LECHE;BEB JUG PULPA NATURAL;FICHA;1;ESCENCIA DE VAINILLA;L;0.000120;;
F01566;JUGO DE PLATANO ISLA CON LECHE;BEB JUG PULPA NATURAL;FICHA;1;AZUCAR RUBIA;KG;0.020000;;
F01566;JUGO DE PLATANO ISLA CON LECHE;BEB JUG PULPA NATURAL;FICHA;1;PLATANO DE LA ISLA REFRIGERADO;KG;0.150000;Cortar;
F01566;JUGO DE PLATANO ISLA CON LECHE;BEB JUG PULPA NATURAL;FICHA;1;AGUA PARA RECETA;L;0.100000;;
F01567;JUGO DE PIÑA CON CARAMBOLA;BEB JUG PULPA NATURAL;FICHA;1;AZUCAR RUBIA;KG;0.020000;;"1. Cortar la carambola. Licuarlas con agua, colar y reservar.
2. Agregar azúcar, mezclar bien con pulpa de piña.
3. Servir."
F01567;JUGO DE PIÑA CON CARAMBOLA;BEB JUG PULPA NATURAL;FICHA;1;CARAMBOLA REFRIGERADO;KG;0.040000;Lavar, desinfectar y pelar;
F01567;JUGO DE PIÑA CON CARAMBOLA;BEB JUG PULPA NATURAL;FICHA;1;PULPA DE PIÑA CONGELADA;KG;0.070000;;
F01567;JUGO DE PIÑA CON CARAMBOLA;BEB JUG PULPA NATURAL;FICHA;1;AGUA PARA RECETA;L;0.125000;;
F01572;SANDWICH TRIPLE (POLLO,DURAZNO Y JAMON);SANDWICH FRIOS;FICHA;1;JAMON PARA CAFETIN CONGELADO;KG;0.020000;;"1. Picar el pollo y mezclar con mayonesa, sal. Reservar.
2. Untar una rebanada de pan con la mezcla de pollo, cubrir con pan, en la siguiente capa untar con mayonesa y colocar el durazno, cubrir con pan, por ultimo untar con mayonesa y colocar el queso Edam, cubrir con pan.
3. Cortar el triple en triángulos y servir."
F01572;SANDWICH TRIPLE (POLLO,DURAZNO Y JAMON);SANDWICH FRIOS;FICHA;1;POLLO PECHUGA FILETE SIN PIEL CONGELADO;KG;0.030000;Sancochar;
F01572;SANDWICH TRIPLE (POLLO,DURAZNO Y JAMON);SANDWICH FRIOS;FICHA;1;SAL DE COCINA;KG;0.001000;;
F01572;SANDWICH TRIPLE (POLLO,DURAZNO Y JAMON);SANDWICH FRIOS;FICHA;1;MAYONESA;KG;0.010000;;
F01572;SANDWICH TRIPLE (POLLO,DURAZNO Y JAMON);SANDWICH FRIOS;FICHA;1;DURAZNO EN ALMIBAR;KG;0.015000;Sancochar;
F01572;SANDWICH TRIPLE (POLLO,DURAZNO Y JAMON);SANDWICH FRIOS;FICHA;1;PAN DE MOLDE BLANCO SUPER PULLMAN C/CORT VERT;UND;0.160000;;
F01580;SANDWICH CON QUESO PHILADELPHIA Y ESPINACA;SANDWICH FRIOS;FICHA;1;QUESO CREMA;KG;0.020000;;"1. Ablandar el queso philadelphia y mezclarlo con la espinaca.
2. Rellenar el pan y servir."
F01580;SANDWICH CON QUESO PHILADELPHIA Y ESPINACA;SANDWICH FRIOS;FICHA;1;ESPINACA REFRIGERADO;KG;0.020000;Blanquear / chifonade;
F01580;SANDWICH CON QUESO PHILADELPHIA Y ESPINACA;SANDWICH FRIOS;FICHA;1;PAN ARABE KG.ANDE (60 GR);UND;1.000000;;
F01581;SANDWICH DE POLLO, JAMON Y MANGO;SANDWICH FRIOS;FICHA;1;JAMON PARA CAFETIN CONGELADO;KG;0.020000;;"1. Sancochar el pollo, mezclar con el mango, mayonesa, sal, pimienta.
2. Armado, colocar una base de pan, untar con mayonesa, jamón, cubrir con pan. Colocar la mezcla de pollo y cubrir con pan.
3. Servir."
F01581;SANDWICH DE POLLO, JAMON Y MANGO;SANDWICH FRIOS;FICHA;1;POLLO PECHUGA FILETE SIN PIEL CONGELADO;KG;0.020000;Sancochar;
F01581;SANDWICH DE POLLO, JAMON Y MANGO;SANDWICH FRIOS;FICHA;1;SAL DE COCINA;KG;0.001000;;
F01581;SANDWICH DE POLLO, JAMON Y MANGO;SANDWICH FRIOS;FICHA;1;MAYONESA;KG;0.010000;;
F01581;SANDWICH DE POLLO, JAMON Y MANGO;SANDWICH FRIOS;FICHA;1;MANGO EDWARD REFRIGERADO;KG;0.020000;Picado fino;
F01581;SANDWICH DE POLLO, JAMON Y MANGO;SANDWICH FRIOS;FICHA;1;PAN DE MOLDE BLANCO SUPER PULLMAN C/CORT VERT;UND;0.120000;;
F01582;SANDWICH CON JAMON DEL PAIS;SANDWICH FRIOS;FICHA;1;JAMON DEL PAIS CONGELADO;KG;0.040000;;"1. Cortar el pan y rellenar con el jamón del país.
2. Servir."
F01582;SANDWICH CON JAMON DEL PAIS;SANDWICH FRIOS;FICHA;1;MOLINOS PAN FRANCES 35 GR;UND;1.000000;;
F01583;SANDWICH CON OMELETTE Y JAMON;SANDWICH FRIOS;FICHA;1;ACEITE VEGETAL;L;0.005000;;"1. Batir los huevos condimentar con sal, pimienta, agregar el jamon. Mezclar.
2. Calentar aceite y verter la mezcla de huevos, cocinar por unos minutos, no dejar que se seque.
3. Servir."
F01583;SANDWICH CON OMELETTE Y JAMON;SANDWICH FRIOS;FICHA;1;JAMON PARA CAFETIN CONGELADO;KG;0.020000;Cubos medianos;
F01583;SANDWICH CON OMELETTE Y JAMON;SANDWICH FRIOS;FICHA;1;HUEVO ROSADO REFRIGERADO;KG;0.030000;;
F01583;SANDWICH CON OMELETTE Y JAMON;SANDWICH FRIOS;FICHA;1;SAL DE COCINA;KG;0.001000;;
F01583;SANDWICH CON OMELETTE Y JAMON;SANDWICH FRIOS;FICHA;1;MOLINOS PAN FRANCES 35 GR;UND;1.000000;;
F01583;SANDWICH CON OMELETTE Y JAMON;SANDWICH FRIOS;FICHA;1;PIMIENTA NEGRA MOLIDA;KG;0.000060;;
F01591;VERDURAS AL WOK;ENSALADA COCIDA;FICHA;1;PIMIENTA NEGRA MOLIDA;KG;0.000120;;"1. Saltear en aceite vegetal; kion, ajo, cebolla roja, pimiento, brócoli, zanahoria, col china, frejol chino y finalmente la cebolla china.
2. Condimentar con sal, pimienta y sillao.
3. Servir las verduras."
F01591;VERDURAS AL WOK;ENSALADA COCIDA;FICHA;1;SAL DE COCINA;KG;0.001500;;
F01591;VERDURAS AL WOK;ENSALADA COCIDA;FICHA;1;SALSA SILLAO;L;0.003000;;
F01591;VERDURAS AL WOK;ENSALADA COCIDA;FICHA;1;CEBOLLA CHINA REFRIGERADA;KG;0.005000;Sesgado;
F01591;VERDURAS AL WOK;ENSALADA COCIDA;FICHA;1;CEBOLLA ROJA REFRIGERADA;KG;0.025000;Juliana;
F01591;VERDURAS AL WOK;ENSALADA COCIDA;FICHA;1;COL CHINA REFRIGERADO;KG;0.030000;Sesgado;
F01591;VERDURAS AL WOK;ENSALADA COCIDA;FICHA;1;PIMIENTO ROJO REFRIGERADO;KG;0.015000;Juliana;
F01591;VERDURAS AL WOK;ENSALADA COCIDA;FICHA;1;BROCOLI 20-40 CONGELADO;KG;0.030000;Flores / blanquear;
F01591;VERDURAS AL WOK;ENSALADA COCIDA;FICHA;1;FRIJOL CHINO REFRIGERADO;KG;0.020000;;
F01591;VERDURAS AL WOK;ENSALADA COCIDA;FICHA;1;ZANAHORIA REFRIGERADO;KG;0.015000;Juliana / blanquear;
F01591;VERDURAS AL WOK;ENSALADA COCIDA;FICHA;1;ACEITE VEGETAL;L;0.010000;;
F01591;VERDURAS AL WOK;ENSALADA COCIDA;FICHA;1;AJO MOLIDO ENVASADO;KG;0.001000;;
F01591;VERDURAS AL WOK;ENSALADA COCIDA;FICHA;1;KION MOLIDO ENVASADO;KG;0.001000;;
F01604;REFRESCO DE MEMBRILLO;BEB JUG PULPA NATURAL;FICHA;1;AGUA PARA RECETA;L;0.241000;;"1. Diluir el concentrado de membrillo en agua. Mezclar.
2. Agregar azúcar, mezclar y servir."
F01604;REFRESCO DE MEMBRILLO;BEB JUG PULPA NATURAL;FICHA;1;AZUCAR RUBIA;KG;0.006000;;
F01604;REFRESCO DE MEMBRILLO;BEB JUG PULPA NATURAL;FICHA;1;CONCENTRADO DE MEMBRILLO X 1 LT;KG;0.036000;;
F01618;JUGO SURTIDO CON HUEVO;BEB JUG PULPA NATURAL;FICHA;1;LECHE EVAPORADA TETRA;L;0.020000;;"1. Cortar el plátano, licuar con el huevo y reservar.
2. Diluir en agua los concentrados.
3. Mezclarlos con el jugo de plátano.
4. Agregar azúcar, mezclar bien. Finalmente agregar la leche.
5. Servir."
F01618;JUGO SURTIDO CON HUEVO;BEB JUG PULPA NATURAL;FICHA;1;HUEVO ROSADO REFRIGERADO;KG;0.020000;;
F01618;JUGO SURTIDO CON HUEVO;BEB JUG PULPA NATURAL;FICHA;1;AZUCAR RUBIA;KG;0.020000;;
F01618;JUGO SURTIDO CON HUEVO;BEB JUG PULPA NATURAL;FICHA;1;PULPA DE PAPAYA CONGELADA;KG;0.062000;;
F01618;JUGO SURTIDO CON HUEVO;BEB JUG PULPA NATURAL;FICHA;1;PULPA DE PIÑA CONGELADA;KG;0.063000;;
F01618;JUGO SURTIDO CON HUEVO;BEB JUG PULPA NATURAL;FICHA;1;PLATANO SEDA REFRIGERADO;KG;0.050000;Lavar, desinfectar y pelar;
F01618;JUGO SURTIDO CON HUEVO;BEB JUG PULPA NATURAL;FICHA;1;AGUA PARA RECETA;L;0.120000;;
F01619;AVENA CON PASAS;BEB CALIENTES;FICHA;1;CANELA ENTERA;KG;0.000120;;"1. Disolver la avena en agua fría. Reservar.
2. Hervir agua con canela, clavo, azúcar.
3. Agregar la avena mover constantemente para que no se pegue. Luego añadir las pasas y cocinar por unos minutos más.
4. Servir."
F01619;AVENA CON PASAS;BEB CALIENTES;FICHA;1;CLAVO DE OLOR ENTERO;KG;0.000060;;
F01619;AVENA CON PASAS;BEB CALIENTES;FICHA;1;AZUCAR RUBIA;KG;0.025000;;
F01619;AVENA CON PASAS;BEB CALIENTES;FICHA;1;PASAS NEGRAS SECAS;KG;0.005000;;
F01619;AVENA CON PASAS;BEB CALIENTES;FICHA;1;AGUA PARA RECETA;L;0.300000;;
F01619;AVENA CON PASAS;BEB CALIENTES;FICHA;1;AVENA;KG;0.012000;;
F01620;LECHE FRIA LIGHT;BEB CALIENTES;FICHA;1;LECHE FRESCA UHT LIGHT;UND;0.300000;;1. Servir.
F01624;ENSALADA VARIADA;ENSALADAS MIXTAS;FICHA;1;HUEVO ROSADO REFRIGERADO;KG;0.015000;Sancochar / Rodajas;"1. Aliño; mezclar vinagre, sal, pimienta y aceite.
2. Acomodar en un palto; el tomate de base, el queso, aceitunas, huevo, cebolla china, jamón ingles.
3. Servir la ensalada y acompañar con el aliño."
F01624;ENSALADA VARIADA;ENSALADAS MIXTAS;FICHA;1;TOMATE CRIOLLO REFRIGERADO;KG;0.100000;Gajos;
F01624;ENSALADA VARIADA;ENSALADAS MIXTAS;FICHA;1;CEBOLLA CHINA REFRIGERADA;KG;0.010000;Picado fino;
F01624;ENSALADA VARIADA;ENSALADAS MIXTAS;FICHA;1;JAMON PARA CAFETIN CONGELADO;KG;0.010000;Juliana;
F01624;ENSALADA VARIADA;ENSALADAS MIXTAS;FICHA;1;QUESO FRESCO REFRIGERADO;KG;0.010000;Tajada;
F01624;ENSALADA VARIADA;ENSALADAS MIXTAS;FICHA;1;ACEITUNA NEGRA;KG;0.007000;;
F01624;ENSALADA VARIADA;ENSALADAS MIXTAS;FICHA;1;ACEITE VEGETAL;L;0.010000;;
F01624;ENSALADA VARIADA;ENSALADAS MIXTAS;FICHA;1;VINAGRE BLANCO;L;0.004000;;
F01624;ENSALADA VARIADA;ENSALADAS MIXTAS;FICHA;1;SAL DE COCINA;KG;0.001000;;
F01624;ENSALADA VARIADA;ENSALADAS MIXTAS;FICHA;1;PIMIENTA NEGRA MOLIDA;KG;0.000120;;
F01635;SANDWICH CON BISTECK;SANDW CALIENTES;FICHA;1;ACEITE VEGETAL;L;0.010000;;"1. Condimentar el bistec de res con sal, pimienta. Freír y reservar.
2. Cortar el pan y rellenar con el bistec.
3. Servir."
F01635;SANDWICH CON BISTECK;SANDW CALIENTES;FICHA;1;RES NALGA DE ADENTRO S/TAPA CONGELADO NACIONAL;KG;0.040000;Bisteck;
F01635;SANDWICH CON BISTECK;SANDW CALIENTES;FICHA;1;PIMIENTA NEGRA MOLIDA;KG;0.000060;;
F01635;SANDWICH CON BISTECK;SANDW CALIENTES;FICHA;1;SAL DE COCINA;KG;0.001000;;
F01635;SANDWICH CON BISTECK;SANDW CALIENTES;FICHA;1;PAN FRANCES MEDIANO;UND;1.000000;;
F01658;QUINUA CON PLATANO;BEB CALIENTES;FICHA;1;AZUCAR RUBIA;KG;0.025000;;"1. Sancochar la quinua con canela, clavo de olor, azúcar.
2. Agregar el plátano,  mover constantemente para que no se pegue en la base.
3. Servir."
F01658;QUINUA CON PLATANO;BEB CALIENTES;FICHA;1;CANELA ENTERA;KG;0.000120;;
F01658;QUINUA CON PLATANO;BEB CALIENTES;FICHA;1;CLAVO DE OLOR ENTERO;KG;0.000060;;
F01658;QUINUA CON PLATANO;BEB CALIENTES;FICHA;1;PLATANO SEDA REFRIGERADO;KG;0.020000;Macedonia;
F01658;QUINUA CON PLATANO;BEB CALIENTES;FICHA;1;QUINUA;KG;0.015000;Lavar dos veces;
F01658;QUINUA CON PLATANO;BEB CALIENTES;FICHA;1;AGUA PARA RECETA;L;0.300000;;
F01659;SEMOLA CON PLATANO;BEB CALIENTES;FICHA;1;CANELA ENTERA;KG;0.000120;;"1. Cortar el plátano en macedonia; Reservar.
2. Agregar la sémola, mover constantemente para que no se pegue en el fondo.
3. Agregar el plátano y continuar la cocción por unos minutos más.
4. Servir."
F01659;SEMOLA CON PLATANO;BEB CALIENTES;FICHA;1;CLAVO DE OLOR ENTERO;KG;0.000060;;
F01659;SEMOLA CON PLATANO;BEB CALIENTES;FICHA;1;AZUCAR RUBIA;KG;0.025000;;
F01659;SEMOLA CON PLATANO;BEB CALIENTES;FICHA;1;PLATANO SEDA REFRIGERADO;KG;0.020000;Pelar y cortar;
F01659;SEMOLA CON PLATANO;BEB CALIENTES;FICHA;1;SEMOLA;KG;0.017000;;
F01659;SEMOLA CON PLATANO;BEB CALIENTES;FICHA;1;AGUA PARA RECETA;L;0.300000;;
F01661;PAPA A LA DIABLA;GUARN TUBERCULOS;FICHA;1;ACEITE VEGETAL;L;0.003000;;"1. Sancochar la papa en agua con sal; Cortar en rojadas; Reservar.
2. Saltear en aceite vegetal la cebolla con el aji amarillo, ajo, rocoto, oregano, pasta de tomate y tomate; Agregar la leche, sal, pimienta, queso, galleta y agua; Licuar; Agregar el azucar.
3. Servir la papa con la salsa."
F01661;PAPA A LA DIABLA;GUARN TUBERCULOS;FICHA;1;LECHE EVAPORADA TETRA;L;0.010000;;
F01661;PAPA A LA DIABLA;GUARN TUBERCULOS;FICHA;1;QUESO FRESCO REFRIGERADO;KG;0.005000;;
F01661;PAPA A LA DIABLA;GUARN TUBERCULOS;FICHA;1;PIMIENTA NEGRA MOLIDA;KG;0.000120;;
F01661;PAPA A LA DIABLA;GUARN TUBERCULOS;FICHA;1;SAL DE COCINA;KG;0.002000;;
F01661;PAPA A LA DIABLA;GUARN TUBERCULOS;FICHA;1;ROCOTO MOLIDO ENVASADO;KG;0.007000;Mirepoix;
F01661;PAPA A LA DIABLA;GUARN TUBERCULOS;FICHA;1;PAPA BLANCA REFRIGERADO;KG;0.120000;Sancochar, Cortar en Rodajas;
F01661;PAPA A LA DIABLA;GUARN TUBERCULOS;FICHA;1;OREGANO ENTERO;KG;0.000120;;
F01661;PAPA A LA DIABLA;GUARN TUBERCULOS;FICHA;1;AGUA PARA RECETA;L;0.005000;;
F01661;PAPA A LA DIABLA;GUARN TUBERCULOS;FICHA;1;GALLETA DE SODA KG;KG;0.005000;;
F01661;PAPA A LA DIABLA;GUARN TUBERCULOS;FICHA;1;AJO MOLIDO ENVASADO;KG;0.001000;;
F01661;PAPA A LA DIABLA;GUARN TUBERCULOS;FICHA;1;AJI AMARILLO REFRIGERADO;KG;0.010000;Mirepoix;
F01661;PAPA A LA DIABLA;GUARN TUBERCULOS;FICHA;1;AZUCAR RUBIA;KG;0.001000;;
F01661;PAPA A LA DIABLA;GUARN TUBERCULOS;FICHA;1;PASTA DE TOMATE;KG;0.003000;;
F01661;PAPA A LA DIABLA;GUARN TUBERCULOS;FICHA;1;CEBOLLA ROJA REFRIGERADA;KG;0.005000;Mirepoix;
F01661;PAPA A LA DIABLA;GUARN TUBERCULOS;FICHA;1;TOMATE CRIOLLO REFRIGERADO;KG;0.015000;Mirepoix;
F01664;ENSALADA MEDITERRANEA;ENSALADAS FRESCAS;FICHA;1;CEBOLLA ROJA REFRIGERADA;KG;0.015000;Aros;"1. Vinagreta: en un bol mezclar mayonesa, mostaza, sal, pimienta,  tomillo, vinagre blanco. Mezclar. Refrigerar.
2. Sancochar el huevo, pelar y cortar rodajas.
3. Platear; acomodar las hojas de lechuga como base, agregar el tomate, aceitunas, queso fresco, zapallito italiano, pimiento rojo, cebolla en aros  y el huevo.
4. Servir la ensalada decorar con aceituna y servir con la vinagreta."
F01664;ENSALADA MEDITERRANEA;ENSALADAS FRESCAS;FICHA;1;LECHUGA ORGANICA REFRIGERADO;KG;0.040000;Deshojar / Deshojar;
F01664;ENSALADA MEDITERRANEA;ENSALADAS FRESCAS;FICHA;1;HUEVO ROSADO REFRIGERADO;KG;0.015000;Sancochar;
F01664;ENSALADA MEDITERRANEA;ENSALADAS FRESCAS;FICHA;1;TOMATE CRIOLLO REFRIGERADO;KG;0.015000;Rodajas;
F01664;ENSALADA MEDITERRANEA;ENSALADAS FRESCAS;FICHA;1;QUESO FRESCO REFRIGERADO;KG;0.015000;Cubos mediano;
F01664;ENSALADA MEDITERRANEA;ENSALADAS FRESCAS;FICHA;1;ACEITUNA NEGRA;KG;0.007000;Gajos;
F01664;ENSALADA MEDITERRANEA;ENSALADAS FRESCAS;FICHA;1;TOMILLO;KG;0.000120;;
F01664;ENSALADA MEDITERRANEA;ENSALADAS FRESCAS;FICHA;1;ZAPALLO ITALIANO REFRIGERADO;KG;0.025000;Bastones;
F01664;ENSALADA MEDITERRANEA;ENSALADAS FRESCAS;FICHA;1;PIMIENTO ROJO REFRIGERADO;KG;0.015000;Juliana/ salteado;
F01664;ENSALADA MEDITERRANEA;ENSALADAS FRESCAS;FICHA;1;MAYONESA;KG;0.010000;;
F01664;ENSALADA MEDITERRANEA;ENSALADAS FRESCAS;FICHA;1;MOSTAZA;KG;0.002000;;
F01664;ENSALADA MEDITERRANEA;ENSALADAS FRESCAS;FICHA;1;VINAGRE BLANCO;L;0.004000;;
F01664;ENSALADA MEDITERRANEA;ENSALADAS FRESCAS;FICHA;1;PIMIENTA NEGRA MOLIDA;KG;0.000120;;
F01664;ENSALADA MEDITERRANEA;ENSALADAS FRESCAS;FICHA;1;SAL DE COCINA;KG;0.002000;;
F01666;KIWICHA;BEB CALIENTES;FICHA;1;CANELA ENTERA;KG;0.000120;;"1. Disolver la harina de kiwicha en agua fria.
2. Hervir agua con  canela, clavo de olor, azucar, luego agregar la harina de kiwicha disuelta.
3. Servir."
F01666;KIWICHA;BEB CALIENTES;FICHA;1;CLAVO DE OLOR ENTERO;KG;0.000060;;
F01666;KIWICHA;BEB CALIENTES;FICHA;1;AZUCAR RUBIA;KG;0.025000;;
F01666;KIWICHA;BEB CALIENTES;FICHA;1;HARINA DE KIWICHA;KG;0.020000;;
F01666;KIWICHA;BEB CALIENTES;FICHA;1;AGUA PARA RECETA;L;0.300000;;
F01667;PURE DE MANZANA;GUARN OTROS;FICHA;1;MARGARINA CON SAL REFRIGERADO GRANEL KG;KG;0.005000;;"1. Sancochar la manzana con el clavo y la canela entera; Cuando la manzana este tierna sacar el clavo y la canela; Prensar y agregar la margarina, canela, clavo, azucar y el jugo de limon."
F01667;PURE DE MANZANA;GUARN OTROS;FICHA;1;CANELA MOLIDA;KG;0.000120;;
F01667;PURE DE MANZANA;GUARN OTROS;FICHA;1;CLAVO DE OLOR ENTERO;KG;0.000120;;
F01667;PURE DE MANZANA;GUARN OTROS;FICHA;1;AZUCAR RUBIA;KG;0.010000;;
F01667;PURE DE MANZANA;GUARN OTROS;FICHA;1;CANELA ENTERA;KG;0.000120;;
F01667;PURE DE MANZANA;GUARN OTROS;FICHA;1;MANZANA DE AGUA REFRIGERADO;KG;0.120000;Pelado, Sancochado y Prensado;
F01667;PURE DE MANZANA;GUARN OTROS;FICHA;1;LIMON VERDE REFRIGERADO;KG;0.005000;;
F01669;PAPA Y SALSA CRIOLLA;GUARN TUBERCULOS;FICHA;1;ACEITE VEGETAL;L;0.002000;;"1. Sancochar la papa en agua con sal; Cortar.
2. Mezclar la cebolla, aji amarillo, aceite, jugo de limon, sal, pimienta y culantro.
3. Servir la papa con la salsa criolla encima."
F01669;PAPA Y SALSA CRIOLLA;GUARN TUBERCULOS;FICHA;1;PIMIENTA NEGRA MOLIDA;KG;0.000120;;
F01669;PAPA Y SALSA CRIOLLA;GUARN TUBERCULOS;FICHA;1;SAL DE COCINA;KG;0.002000;;
F01669;PAPA Y SALSA CRIOLLA;GUARN TUBERCULOS;FICHA;1;AJI AMARILLO REFRIGERADO;KG;0.003000;;
F01669;PAPA Y SALSA CRIOLLA;GUARN TUBERCULOS;FICHA;1;CEBOLLA ROJA REFRIGERADA;KG;0.020000;;
F01669;PAPA Y SALSA CRIOLLA;GUARN TUBERCULOS;FICHA;1;LIMON VERDE REFRIGERADO;KG;0.005000;;
F01669;PAPA Y SALSA CRIOLLA;GUARN TUBERCULOS;FICHA;1;PAPA BLANCA REFRIGERADO;KG;0.100000;Sancochado, Rodajas;
F01669;PAPA Y SALSA CRIOLLA;GUARN TUBERCULOS;FICHA;1;CULANTRO REFRIGERADO;KG;0.002000;Picado Fino;
F01670;ENSALADA PAPA MAYO CON TOCINO;ENSALADAS FRESCAS;FICHA;1;TOCINO AHUMADO REFRIGERADO;KG;0.015000;Brunoise/ salteado;"1. En un bolo colocar papa, apio, tocino, pimiento, añadir sal, pimienta, jugo de limón, mayonesa, mezclar y rectificar sazón.
2. Servir sobre una hoja de lechuga y decorar con perejil picado."
F01670;ENSALADA PAPA MAYO CON TOCINO;ENSALADAS FRESCAS;FICHA;1;SAL DE COCINA;KG;0.002000;;
F01670;ENSALADA PAPA MAYO CON TOCINO;ENSALADAS FRESCAS;FICHA;1;MAYONESA;KG;0.010000;;
F01670;ENSALADA PAPA MAYO CON TOCINO;ENSALADAS FRESCAS;FICHA;1;PEREJIL LIZO REFRIGERADO;KG;0.002000;Picado fino;
F01670;ENSALADA PAPA MAYO CON TOCINO;ENSALADAS FRESCAS;FICHA;1;PAPA BLANCA REFRIGERADO;KG;0.100000;Macedonia/ cocido;
F01670;ENSALADA PAPA MAYO CON TOCINO;ENSALADAS FRESCAS;FICHA;1;PIMIENTA NEGRA MOLIDA;KG;0.000120;;
F01670;ENSALADA PAPA MAYO CON TOCINO;ENSALADAS FRESCAS;FICHA;1;LIMON VERDE REFRIGERADO;KG;0.005000;;
F01670;ENSALADA PAPA MAYO CON TOCINO;ENSALADAS FRESCAS;FICHA;1;APIO REFRIGERADO;KG;0.010000;Brunoise;
F01670;ENSALADA PAPA MAYO CON TOCINO;ENSALADAS FRESCAS;FICHA;1;LECHUGA ORGANICA REFRIGERADO;KG;0.012000;;
F01670;ENSALADA PAPA MAYO CON TOCINO;ENSALADAS FRESCAS;FICHA;1;PIMIENTO ROJO REFRIGERADO;KG;0.010000;Brunoise;
F01679;SEMOLA CON NARANJA;BEB CALIENTES;FICHA;1;CANELA ENTERA;KG;0.000120;;"1. Hervir agua con canela, clavo, azúcar.
2. Agregar la sémola, mover constantemente para que no se pegue en el fondo.
3. Finalmente agregar el jugo de naranja. Servir."
F01679;SEMOLA CON NARANJA;BEB CALIENTES;FICHA;1;CLAVO DE OLOR ENTERO;KG;0.000060;;
F01679;SEMOLA CON NARANJA;BEB CALIENTES;FICHA;1;AZUCAR RUBIA;KG;0.025000;;
F01679;SEMOLA CON NARANJA;BEB CALIENTES;FICHA;1;NARANJA DE JUGO REFRIGERADO;KG;0.030000;Lavar, desinfectar, cortar, exprimir.;
F01679;SEMOLA CON NARANJA;BEB CALIENTES;FICHA;1;SEMOLA;KG;0.017000;;
F01679;SEMOLA CON NARANJA;BEB CALIENTES;FICHA;1;AGUA PARA RECETA;L;0.300000;;
F01681;ENSALADA VERDE;ENSALADAS FRESCAS;FICHA;1;ARVEJA PELADA CONGELADA;KG;0.010000;Sancochar;"1.Preparar la vinagreta con mayonesa, ajos, motaza, sal, pimienta, oregano.
2.Colocar en el plato la lechuga y espínaca, sobre esta la arveja, brocoli, colantao, vainita.
3.Servir y bañar con la vinagreta."
F01681;ENSALADA VERDE;ENSALADAS FRESCAS;FICHA;1;BROCOLI 20-40 CONGELADO;KG;0.030000;Flores/cocida;
F01681;ENSALADA VERDE;ENSALADAS FRESCAS;FICHA;1;COLANTAO REFRIGERADO;KG;0.020000;Juliana/cocida;
F01681;ENSALADA VERDE;ENSALADAS FRESCAS;FICHA;1;ESPINACA REFRIGERADO;KG;0.030000;Chiffonade;
F01681;ENSALADA VERDE;ENSALADAS FRESCAS;FICHA;1;VAINITA ENTERO REFRIGERADO;KG;0.030000;Sesgado;
F01681;ENSALADA VERDE;ENSALADAS FRESCAS;FICHA;1;LECHUGA ORGANICA REFRIGERADO;KG;0.030000;Chiffonade;
F01681;ENSALADA VERDE;ENSALADAS FRESCAS;FICHA;1;MAYONESA;KG;0.010000;;
F01681;ENSALADA VERDE;ENSALADAS FRESCAS;FICHA;1;AJO MOLIDO ENVASADO;KG;0.000120;;
F01681;ENSALADA VERDE;ENSALADAS FRESCAS;FICHA;1;OREGANO ENTERO;KG;0.000120;;
F01681;ENSALADA VERDE;ENSALADAS FRESCAS;FICHA;1;MOSTAZA;KG;0.002000;;
F01681;ENSALADA VERDE;ENSALADAS FRESCAS;FICHA;1;SAL DE COCINA;KG;0.002000;;
F01681;ENSALADA VERDE;ENSALADAS FRESCAS;FICHA;1;PIMIENTA NEGRA MOLIDA;KG;0.000120;;
F01692;KIWICHA CON MANZANA;BEB CALIENTES;FICHA;1;AZUCAR RUBIA;KG;0.025000;;"1. Disolver la harina de kiwicha en agua fría.
2. Hervir agua con canela, clavo de olor, manzana y azúcar.
3. Agregar la harina de kiwicha y mover constantemente para que no se pegue en el fondo.
4. Servir."
F01692;KIWICHA CON MANZANA;BEB CALIENTES;FICHA;1;CANELA ENTERA;KG;0.000120;;
F01692;KIWICHA CON MANZANA;BEB CALIENTES;FICHA;1;CLAVO DE OLOR ENTERO;KG;0.000060;;
F01692;KIWICHA CON MANZANA;BEB CALIENTES;FICHA;1;MANZANA DE AGUA REFRIGERADO;KG;0.020000;Pelar / macedonia;
F01692;KIWICHA CON MANZANA;BEB CALIENTES;FICHA;1;HARINA DE KIWICHA;KG;0.020000;;
F01692;KIWICHA CON MANZANA;BEB CALIENTES;FICHA;1;AGUA PARA RECETA;L;0.300000;;
F01696;CAMOTE ASADO;GUARN TUBERCULOS;FICHA;1;CAMOTE AMARILLO REFRIGERADO;KG;0.120000;Pelar y trozar;"1. Colocar el camote en una bandeja, agregar el agua, azúcar y trozos de margarina.
2. Hornear a 170° C por 40 minutos aproximadamente.
3. Servir."
F01696;CAMOTE ASADO;GUARN TUBERCULOS;FICHA;1;AZUCAR RUBIA;KG;0.002000;;
F01696;CAMOTE ASADO;GUARN TUBERCULOS;FICHA;1;AGUA PARA RECETA;L;0.001000;;
F01696;CAMOTE ASADO;GUARN TUBERCULOS;FICHA;1;MARGARINA CON SAL REFRIGERADO GRANEL KG;KG;0.003000;;
F01698;PURE DE ZANAHORIA;GUARN VERDURAS;FICHA;1;MARGARINA CON SAL REFRIGERADO GRANEL KG;KG;0.005000;;"1. Sancochar la papa en agua con sal; Prensar.
2. Sancochar la zanahoria en agua con sal; Prensar.
3. Hacer un aderezo con margarina, sal, pimienta y ajo; Agregar el pure de zanahoria y el pure de papa, luego la leche y el agua; Sazonar con sal y pimienta."
F01698;PURE DE ZANAHORIA;GUARN VERDURAS;FICHA;1;LECHE EVAPORADA TETRA;L;0.020000;;
F01698;PURE DE ZANAHORIA;GUARN VERDURAS;FICHA;1;SAL DE COCINA;KG;0.002000;;
F01698;PURE DE ZANAHORIA;GUARN VERDURAS;FICHA;1;AGUA PARA RECETA;L;0.010000;;
F01698;PURE DE ZANAHORIA;GUARN VERDURAS;FICHA;1;ZANAHORIA REFRIGERADO;KG;0.080000;Sancochado, Prensado;
F01698;PURE DE ZANAHORIA;GUARN VERDURAS;FICHA;1;PAPA BLANCA REFRIGERADO;KG;0.040000;Sancochado, Prensado;
F01698;PURE DE ZANAHORIA;GUARN VERDURAS;FICHA;1;AJO MOLIDO ENVASADO;KG;0.002000;;
F01698;PURE DE ZANAHORIA;GUARN VERDURAS;FICHA;1;PIMIENTA NEGRA MOLIDA;KG;0.000120;;
F01700;ENSALADA DE PAPA CON TOCINO Y MAYONESA;ENSALADAS MIXTAS;FICHA;1;TOCINO AHUMADO REFRIGERADO;KG;0.015000;Brunoise;"1. Sancochar la papa en agua con sal.
1. Freír el tocino en aceite vegetal y eliminar el exceso de grasa y reservar.
2. Mezclar tocino, papa blanca, cebolla china, mayonesa, vinagre blanco, paprika, sal, pimienta.
3. Servir la ensalada, decorar con lechuga y huevo sancochado."
F01700;ENSALADA DE PAPA CON TOCINO Y MAYONESA;ENSALADAS MIXTAS;FICHA;1;PIMIENTA NEGRA MOLIDA;KG;0.000120;;
F01700;ENSALADA DE PAPA CON TOCINO Y MAYONESA;ENSALADAS MIXTAS;FICHA;1;SAL DE COCINA;KG;0.001500;;
F01700;ENSALADA DE PAPA CON TOCINO Y MAYONESA;ENSALADAS MIXTAS;FICHA;1;MAYONESA;KG;0.015000;;
F01700;ENSALADA DE PAPA CON TOCINO Y MAYONESA;ENSALADAS MIXTAS;FICHA;1;CEBOLLA CHINA REFRIGERADA;KG;0.005000;Picado;
F01700;ENSALADA DE PAPA CON TOCINO Y MAYONESA;ENSALADAS MIXTAS;FICHA;1;VINAGRE BLANCO;L;0.001000;;
F01700;ENSALADA DE PAPA CON TOCINO Y MAYONESA;ENSALADAS MIXTAS;FICHA;1;PAPRIKA;KG;0.000120;;
F01700;ENSALADA DE PAPA CON TOCINO Y MAYONESA;ENSALADAS MIXTAS;FICHA;1;LECHUGA AMERICANA REFRIGERADO;KG;0.012000;Trozado;
F01700;ENSALADA DE PAPA CON TOCINO Y MAYONESA;ENSALADAS MIXTAS;FICHA;1;PAPA BLANCA REFRIGERADO;KG;0.100000;Parmentier;
F01700;ENSALADA DE PAPA CON TOCINO Y MAYONESA;ENSALADAS MIXTAS;FICHA;1;ACEITE VEGETAL;L;0.003000;;
F01700;ENSALADA DE PAPA CON TOCINO Y MAYONESA;ENSALADAS MIXTAS;FICHA;1;HUEVO ROSADO REFRIGERADO;KG;0.008000;Cuartos;
F01706;AVENA CON CHANCACA;BEB CALIENTES;FICHA;1;CANELA ENTERA;KG;0.000120;;"1. Disolver la avena en agua fria. Reservar.
2. Hervir agua con canela, clavo, chancaca.
3. Agregar la avena disuelta, azucar y mover constantemente para que no se pegue.
4. Servir."
F01706;AVENA CON CHANCACA;BEB CALIENTES;FICHA;1;CLAVO DE OLOR ENTERO;KG;0.000060;;
F01706;AVENA CON CHANCACA;BEB CALIENTES;FICHA;1;AVENA;KG;0.012000;;
F01706;AVENA CON CHANCACA;BEB CALIENTES;FICHA;1;AZUCAR RUBIA;KG;0.010000;;
F01706;AVENA CON CHANCACA;BEB CALIENTES;FICHA;1;AGUA PARA RECETA;L;0.300000;;
F01706;AVENA CON CHANCACA;BEB CALIENTES;FICHA;1;CHANCACA;KG;0.015000;;
F01707;ENSALADA DE CHAMPIGNONES;ENSALADAS FRESCAS;FICHA;1;TOCINO AHUMADO REFRIGERADO;KG;0.005000;Brunoise;"1. Saltear tocino, champignones, pimiento con aceite y perejil.
2.Preparar la vinagreta con mayonesa, mostaza, sal, pimienta y vinagre.
3.Romper la lechuga con la mano, poner de base los champignones y bañar con la vinagreta."
F01707;ENSALADA DE CHAMPIGNONES;ENSALADAS FRESCAS;FICHA;1;PIMIENTA NEGRA MOLIDA;KG;0.000120;;
F01707;ENSALADA DE CHAMPIGNONES;ENSALADAS FRESCAS;FICHA;1;SAL DE COCINA;KG;0.002000;;
F01707;ENSALADA DE CHAMPIGNONES;ENSALADAS FRESCAS;FICHA;1;MOSTAZA;KG;0.002000;;
F01707;ENSALADA DE CHAMPIGNONES;ENSALADAS FRESCAS;FICHA;1;VINAGRE BLANCO;L;0.004000;;
F01707;ENSALADA DE CHAMPIGNONES;ENSALADAS FRESCAS;FICHA;1;CHAMPIGÑONES REFRIGERADO;KG;0.050000;Salteado;
F01707;ENSALADA DE CHAMPIGNONES;ENSALADAS FRESCAS;FICHA;1;LECHUGA ORGANICA REFRIGERADO;KG;0.060000;;
F01707;ENSALADA DE CHAMPIGNONES;ENSALADAS FRESCAS;FICHA;1;PIMIENTO ROJO REFRIGERADO;KG;0.025000;Brunoise/salteado.;
F01707;ENSALADA DE CHAMPIGNONES;ENSALADAS FRESCAS;FICHA;1;MAYONESA;KG;0.010000;;
F01707;ENSALADA DE CHAMPIGNONES;ENSALADAS FRESCAS;FICHA;1;PEREJIL LIZO REFRIGERADO;KG;0.002000;Picado fino;
F01707;ENSALADA DE CHAMPIGNONES;ENSALADAS FRESCAS;FICHA;1;ACEITE VEGETAL;L;0.003000;;
F01712;ENSALADA VEGETARIANA;ENSALADAS MIXTAS;FICHA;1;SAL DE COCINA;KG;0.001000;;"1. Saltear berenjena y zapallito en aceite
1. Vinagreta; mezclar vinagre, sal, pimienta, mostaza y emulsionar con aceite.
2. Servir las verduras y acompañar con la vinagreta."
F01712;ENSALADA VEGETARIANA;ENSALADAS MIXTAS;FICHA;1;CEBOLLA ROJA REFRIGERADA;KG;0.020000;Aros;
F01712;ENSALADA VEGETARIANA;ENSALADAS MIXTAS;FICHA;1;BERENJENA REFRIGERADA;KG;0.030000;Bastones;
F01712;ENSALADA VEGETARIANA;ENSALADAS MIXTAS;FICHA;1;ZAPALLO ITALIANO REFRIGERADO;KG;0.030000;Bastones;
F01712;ENSALADA VEGETARIANA;ENSALADAS MIXTAS;FICHA;1;PIMIENTO ROJO REFRIGERADO;KG;0.025000;Juliana;
F01712;ENSALADA VEGETARIANA;ENSALADAS MIXTAS;FICHA;1;PEPINILLO REFRIGERADO;KG;0.025000;;
F01712;ENSALADA VEGETARIANA;ENSALADAS MIXTAS;FICHA;1;ACEITUNA VERDE;KG;0.007000;;
F01712;ENSALADA VEGETARIANA;ENSALADAS MIXTAS;FICHA;1;TOMATE CRIOLLO REFRIGERADO;KG;0.020000;Concasse;
F01712;ENSALADA VEGETARIANA;ENSALADAS MIXTAS;FICHA;1;PIMIENTA NEGRA MOLIDA;KG;0.000120;;
F01712;ENSALADA VEGETARIANA;ENSALADAS MIXTAS;FICHA;1;MOSTAZA;KG;0.001000;;
F01712;ENSALADA VEGETARIANA;ENSALADAS MIXTAS;FICHA;1;VINAGRE BLANCO;L;0.004000;;
F01712;ENSALADA VEGETARIANA;ENSALADAS MIXTAS;FICHA;1;ACEITE VEGETAL;L;0.002000;;
F01713;ENSALADA DE FRIJOLES;ENSALADAS MIXTAS;FICHA;1;CEBOLLA ROJA REFRIGERADA;KG;0.030000;Brunoise;"1.Cocer la menestra cambiando el agua dos veces en cada hervor con un poco de aceite para ablandar el agua.
2. Saltear el tocino, reservar.
3.En un bol mezclar los ingredientes y añadimos el limon, sal, pimienta y aceite. Servir sobre una hoja de lechuga y decorar con el perejil picado fino."
F01713;ENSALADA DE FRIJOLES;ENSALADAS MIXTAS;FICHA;1;FRIJOL CANARIO;KG;0.045000;Remojar;
F01713;ENSALADA DE FRIJOLES;ENSALADAS MIXTAS;FICHA;1;TOCINO AHUMADO REFRIGERADO;KG;0.003000;Brunoise;
F01713;ENSALADA DE FRIJOLES;ENSALADAS MIXTAS;FICHA;1;LIMON VERDE REFRIGERADO;KG;0.010000;;
F01713;ENSALADA DE FRIJOLES;ENSALADAS MIXTAS;FICHA;1;SAL DE COCINA;KG;0.002000;;
F01713;ENSALADA DE FRIJOLES;ENSALADAS MIXTAS;FICHA;1;PIMIENTA NEGRA MOLIDA;KG;0.000120;;
F01713;ENSALADA DE FRIJOLES;ENSALADAS MIXTAS;FICHA;1;ACEITE VEGETAL;L;0.003000;;
F01713;ENSALADA DE FRIJOLES;ENSALADAS MIXTAS;FICHA;1;PEREJIL LIZO REFRIGERADO;KG;0.002000;Picado fino;
F01713;ENSALADA DE FRIJOLES;ENSALADAS MIXTAS;FICHA;1;TOMATE CRIOLLO REFRIGERADO;KG;0.030000;Macedonia;
F01713;ENSALADA DE FRIJOLES;ENSALADAS MIXTAS;FICHA;1;LECHUGA ORGANICA REFRIGERADO;KG;0.012000;;
F01716;ENSALADA DE CHOCLO A LA CRIOLLA;ENSALADAS MIXTAS;FICHA;1;ACEITE VEGETAL;L;0.003000;;"1.Cocer el choclo con anis, azucar y limon.
2.En un bol colocar las verduras y agregamos, sal, pimienta limon, aceite y mezclar bien.
3.Servir sobre una hoja de lechuga y espolvoreamos el culantro."
F01716;ENSALADA DE CHOCLO A LA CRIOLLA;ENSALADAS MIXTAS;FICHA;1;SAL DE COCINA;KG;0.002000;;
F01716;ENSALADA DE CHOCLO A LA CRIOLLA;ENSALADAS MIXTAS;FICHA;1;CHOCLO DESGRANADO CONGELADO;KG;0.005000;;
F01716;ENSALADA DE CHOCLO A LA CRIOLLA;ENSALADAS MIXTAS;FICHA;1;AJI AMARILLO REFRIGERADO;KG;0.003000;Brunoise;
F01716;ENSALADA DE CHOCLO A LA CRIOLLA;ENSALADAS MIXTAS;FICHA;1;CEBOLLA ROJA REFRIGERADA;KG;0.040000;Brunoise;
F01716;ENSALADA DE CHOCLO A LA CRIOLLA;ENSALADAS MIXTAS;FICHA;1;LIMON VERDE REFRIGERADO;KG;0.020000;;
F01716;ENSALADA DE CHOCLO A LA CRIOLLA;ENSALADAS MIXTAS;FICHA;1;TOMATE CRIOLLO REFRIGERADO;KG;0.030000;Brunoise;
F01716;ENSALADA DE CHOCLO A LA CRIOLLA;ENSALADAS MIXTAS;FICHA;1;CULANTRO REFRIGERADO;KG;0.002000;Picado fino;
F01716;ENSALADA DE CHOCLO A LA CRIOLLA;ENSALADAS MIXTAS;FICHA;1;PIMIENTA NEGRA MOLIDA;KG;0.000120;;
F01716;ENSALADA DE CHOCLO A LA CRIOLLA;ENSALADAS MIXTAS;FICHA;1;ANIS FILTRANTE;UND;0.001000;;
F01716;ENSALADA DE CHOCLO A LA CRIOLLA;ENSALADAS MIXTAS;FICHA;1;AZUCAR RUBIA;KG;0.000100;;
F01716;ENSALADA DE CHOCLO A LA CRIOLLA;ENSALADAS MIXTAS;FICHA;1;LECHUGA ORGANICA REFRIGERADO;KG;0.012000;;
F01720;PASTA PRIMAVERA;GUARN PASTAS;FICHA;1;ACEITE VEGETAL;L;0.005000;;"1. Sancochar la pasta en agua y sal; Cuando este al dente, colar y enfriar con agua; Agregar aceite vegetal y orégano.
2. Hacer una salsa blanca; margarina, harina, leche evaporada, agua, sal, pimienta, nuez moscada. Agregar las verduras blanqueadas.
3. Servir la pasta con la salsa ."
F01720;PASTA PRIMAVERA;GUARN PASTAS;FICHA;1;MARGARINA CON SAL REFRIGERADO GRANEL KG;KG;0.005000;;
F01720;PASTA PRIMAVERA;GUARN PASTAS;FICHA;1;LECHE EVAPORADA TETRA;L;0.015000;;
F01720;PASTA PRIMAVERA;GUARN PASTAS;FICHA;1;NUEZ MOSCADA;KG;0.000120;Rallar;
F01720;PASTA PRIMAVERA;GUARN PASTAS;FICHA;1;PIMIENTA NEGRA MOLIDA;KG;0.000120;;
F01720;PASTA PRIMAVERA;GUARN PASTAS;FICHA;1;SAL DE COCINA;KG;0.002000;;
F01720;PASTA PRIMAVERA;GUARN PASTAS;FICHA;1;BROCOLI 20-40 CONGELADO;KG;0.015000;Blanqueado, En Flores;
F01720;PASTA PRIMAVERA;GUARN PASTAS;FICHA;1;PIMIENTO ROJO REFRIGERADO;KG;0.005000;Blanqueado, Macedonia;
F01720;PASTA PRIMAVERA;GUARN PASTAS;FICHA;1;ZAPALLO ITALIANO REFRIGERADO;KG;0.020000;Blanqueado, Dados;
F01720;PASTA PRIMAVERA;GUARN PASTAS;FICHA;1;PEREJIL LIZO REFRIGERADO;KG;0.002000;Picado fino;
F01720;PASTA PRIMAVERA;GUARN PASTAS;FICHA;1;AGUA PARA RECETA;L;0.010000;;
F01720;PASTA PRIMAVERA;GUARN PASTAS;FICHA;1;HARINA DE TRIGO ESPECIAL;KG;0.010000;;
F01720;PASTA PRIMAVERA;GUARN PASTAS;FICHA;1;FIDEO CODITO;KG;0.100000;Sancochado;
F01720;PASTA PRIMAVERA;GUARN PASTAS;FICHA;1;OREGANO ENTERO;KG;0.000120;;
F01730;ARROZ NAVIDEÑO;GUARN ARROZ;FICHA;1;ACEITE VEGETAL;L;0.005000;;"1. Granear el arroz con aceite vegetal, ajo, sal, pimienta y agua.
2. Servir decorando con las pasas, pecanas, espinaca y el pimiento rojo."
F01730;ARROZ NAVIDEÑO;GUARN ARROZ;FICHA;1;SAL DE COCINA;KG;0.003000;;
F01730;ARROZ NAVIDEÑO;GUARN ARROZ;FICHA;1;AJO MOLIDO ENVASADO;KG;0.003000;;
F01730;ARROZ NAVIDEÑO;GUARN ARROZ;FICHA;1;ARROZ EXTRA;KG;0.120000;;
F01730;ARROZ NAVIDEÑO;GUARN ARROZ;FICHA;1;AGUA PARA RECETA;L;0.300000;;
F01730;ARROZ NAVIDEÑO;GUARN ARROZ;FICHA;1;PASAS NEGRAS SECAS;KG;0.005000;Remojadas;
F01730;ARROZ NAVIDEÑO;GUARN ARROZ;FICHA;1;PECANAS PELADAS;KG;0.003000;Salteadas, Laminadas;
F01730;ARROZ NAVIDEÑO;GUARN ARROZ;FICHA;1;ESPINACA REFRIGERADO;KG;0.010000;Blanqueada, Picada Fina;
F01730;ARROZ NAVIDEÑO;GUARN ARROZ;FICHA;1;PIMIENTO ROJO REFRIGERADO;KG;0.005000;Brunoise, Blanqueado;
F01733;ENSALADA JARDIN NAVIDEÑO;ENSALADAS MIXTAS;FICHA;1;ACEITE VEGETAL;L;0.001000;;"1. Preparar una vinagreta con maracuyá, mayonesa, azúcar, tomillo.
2. Encurtir el rabanito con vinagre, azúcar, ají amarillo, dejar encurtir por 3 horas mínimo.
3. Romper la lechuga y la espinaca con las manos, colocar de base en el plato luego sobre esta acomodar el pimiento, queso, huevo en rodajas, tomate, pepinillo.
4. Servir bañado con la vinagreta y colocar el encurtido quitando el exceso de liquido."
F01733;ENSALADA JARDIN NAVIDEÑO;ENSALADAS MIXTAS;FICHA;1;QUESO FRESCO REFRIGERADO;KG;0.010000;Cubos;
F01733;ENSALADA JARDIN NAVIDEÑO;ENSALADAS MIXTAS;FICHA;1;HUEVO ROSADO REFRIGERADO;KG;0.015000;Cocido;
F01733;ENSALADA JARDIN NAVIDEÑO;ENSALADAS MIXTAS;FICHA;1;MAYONESA;KG;0.010000;;
F01733;ENSALADA JARDIN NAVIDEÑO;ENSALADAS MIXTAS;FICHA;1;AZUCAR RUBIA;KG;0.008000;;
F01733;ENSALADA JARDIN NAVIDEÑO;ENSALADAS MIXTAS;FICHA;1;MARACUYA ENTERA REFRIGERADO;KG;0.015000;;
F01733;ENSALADA JARDIN NAVIDEÑO;ENSALADAS MIXTAS;FICHA;1;ESPINACA REFRIGERADO;KG;0.015000;;
F01733;ENSALADA JARDIN NAVIDEÑO;ENSALADAS MIXTAS;FICHA;1;LECHUGA ORGANICA REFRIGERADO;KG;0.015000;;
F01733;ENSALADA JARDIN NAVIDEÑO;ENSALADAS MIXTAS;FICHA;1;PIMIENTO ROJO REFRIGERADO;KG;0.015000;Paisana /salteado;
F01733;ENSALADA JARDIN NAVIDEÑO;ENSALADAS MIXTAS;FICHA;1;RABANITO REFRIGERADO;KG;0.020000;Laminas/ encurtido;
F01733;ENSALADA JARDIN NAVIDEÑO;ENSALADAS MIXTAS;FICHA;1;TOMATE CRIOLLO REFRIGERADO;KG;0.020000;Rodajas;
F01733;ENSALADA JARDIN NAVIDEÑO;ENSALADAS MIXTAS;FICHA;1;VINAGRE BLANCO;L;0.005000;;
F01733;ENSALADA JARDIN NAVIDEÑO;ENSALADAS MIXTAS;FICHA;1;PEPINILLO REFRIGERADO;KG;0.020000;Media luna;
F01733;ENSALADA JARDIN NAVIDEÑO;ENSALADAS MIXTAS;FICHA;1;AJI AMARILLO REFRIGERADO;KG;0.000120;Juliana;
F01733;ENSALADA JARDIN NAVIDEÑO;ENSALADAS MIXTAS;FICHA;1;TOMILLO;KG;0.000120;;
F01738;PLATANO SANCOCHADO;GUARN OTROS;FICHA;1;PLATANO BELLACO REFRIGERADO;KG;0.120000;En 2 a lo Largo;"1. Sancochar el platano; Cortar."
F01758;TACU-TACU DE PALLAR;GUARN MENESTRAS;FICHA;1;ACEITE VEGETAL;L;0.005000;;"1. Granear el arroz.
2. Sancochar el pallar en agua con sal y laurel; Reservar.
3. Para el Pallar: Sudar en aceite la cebolla, ajo, aji amarillo, aji panca, sal, pimienta, oregano, comino y el pallar; Licuar la mitad y la otra mitad reservar.
4. En aceite caliente mezclar el arroz con el pallar entre y el pure; Respetando la proporcion 3 de arroz por 1 de pallar."
F01758;TACU-TACU DE PALLAR;GUARN MENESTRAS;FICHA;1;AJO MOLIDO ENVASADO;KG;0.002000;;
F01758;TACU-TACU DE PALLAR;GUARN MENESTRAS;FICHA;1;AJI AMARILLO REFRIGERADO;KG;0.003000;Brunoise;
F01758;TACU-TACU DE PALLAR;GUARN MENESTRAS;FICHA;1;ARROZ EXTRA;KG;0.080000;;
F01758;TACU-TACU DE PALLAR;GUARN MENESTRAS;FICHA;1;PALLAR;KG;0.025000;Remojado;
F01758;TACU-TACU DE PALLAR;GUARN MENESTRAS;FICHA;1;PIMIENTA NEGRA MOLIDA;KG;0.000120;;
F01758;TACU-TACU DE PALLAR;GUARN MENESTRAS;FICHA;1;SAL DE COCINA;KG;0.002000;;
F01758;TACU-TACU DE PALLAR;GUARN MENESTRAS;FICHA;1;COMINO MOLIDO;KG;0.000060;;
F01758;TACU-TACU DE PALLAR;GUARN MENESTRAS;FICHA;1;AJI PANCA MOLIDO ENVASADO;KG;0.001000;;
F01758;TACU-TACU DE PALLAR;GUARN MENESTRAS;FICHA;1;OREGANO ENTERO;KG;0.001000;;
F01758;TACU-TACU DE PALLAR;GUARN MENESTRAS;FICHA;1;CEBOLLA ROJA REFRIGERADA;KG;0.015000;Brunoise;
F01758;TACU-TACU DE PALLAR;GUARN MENESTRAS;FICHA;1;LAUREL;KG;0.000120;;
F01764;ENSALADA TRICOLOR;ENSALADAS MIXTAS;FICHA;1;ACEITE VEGETAL;L;0.010000;;"1. Aliño; vinagre, jugo de limón, sal, pimienta, orégano y emulsionar con aceite.
2. Acomodar las verduras en un plato y acompañar con el aliño.
3. Servir."
F01764;ENSALADA TRICOLOR;ENSALADAS MIXTAS;FICHA;1;SAL DE COCINA;KG;0.002000;;
F01764;ENSALADA TRICOLOR;ENSALADAS MIXTAS;FICHA;1;CHOCLO DESGRANADO CONGELADO;KG;0.005000;Desgranado / Sancochar;
F01764;ENSALADA TRICOLOR;ENSALADAS MIXTAS;FICHA;1;LECHUGA ORGANICA REFRIGERADO;KG;0.080000;Deshojar;
F01764;ENSALADA TRICOLOR;ENSALADAS MIXTAS;FICHA;1;LIMON VERDE REFRIGERADO;KG;0.010000;Jugo de limón;
F01764;ENSALADA TRICOLOR;ENSALADAS MIXTAS;FICHA;1;TOMATE CRIOLLO REFRIGERADO;KG;0.030000;Rodajas;
F01764;ENSALADA TRICOLOR;ENSALADAS MIXTAS;FICHA;1;PIMIENTA NEGRA MOLIDA;KG;0.001200;;
F01764;ENSALADA TRICOLOR;ENSALADAS MIXTAS;FICHA;1;VINAGRE BLANCO;L;0.004000;;
F01764;ENSALADA TRICOLOR;ENSALADAS MIXTAS;FICHA;1;OREGANO ENTERO;KG;0.000120;;
F01766;FRIJOL NEGRO GUISADO;GUARN MENESTRAS;FICHA;1;ACEITE VEGETAL;L;0.005000;;"1. Sancochar el frijol negro hasta que este blando.
2. Aderezo; aceite, cebolla, ajo, pasta de tomate, ají panca, sal, pimienta, comino, orégano. Agregarlo a la cocción del frejol y continuar la cocción por unos minutos más.
3. Si es necesario ligar con maicena diluida en agua.
4. Servir."
F01766;FRIJOL NEGRO GUISADO;GUARN MENESTRAS;FICHA;1;SAL DE COCINA;KG;0.003000;;
F01766;FRIJOL NEGRO GUISADO;GUARN MENESTRAS;FICHA;1;AJO MOLIDO ENVASADO;KG;0.003000;;
F01766;FRIJOL NEGRO GUISADO;GUARN MENESTRAS;FICHA;1;CEBOLLA ROJA REFRIGERADA;KG;0.015000;Brunoise;
F01766;FRIJOL NEGRO GUISADO;GUARN MENESTRAS;FICHA;1;FRIJOL NEGRO;KG;0.060000;Remojar;
F01766;FRIJOL NEGRO GUISADO;GUARN MENESTRAS;FICHA;1;PASTA DE TOMATE;KG;0.002000;;
F01766;FRIJOL NEGRO GUISADO;GUARN MENESTRAS;FICHA;1;AJI PANCA MOLIDO ENVASADO;KG;0.003000;;
F01766;FRIJOL NEGRO GUISADO;GUARN MENESTRAS;FICHA;1;OREGANO ENTERO;KG;0.000120;;
F01766;FRIJOL NEGRO GUISADO;GUARN MENESTRAS;FICHA;1;COMINO MOLIDO;KG;0.000060;;
F01766;FRIJOL NEGRO GUISADO;GUARN MENESTRAS;FICHA;1;PIMIENTA NEGRA MOLIDA;KG;0.000120;;
F01766;FRIJOL NEGRO GUISADO;GUARN MENESTRAS;FICHA;1;AGUA PARA RECETA;L;0.250000;;
F01766;FRIJOL NEGRO GUISADO;GUARN MENESTRAS;FICHA;1;MAICENA;KG;0.003000;;
F01775;CRUTONES;GUARN OTROS;FICHA;1;ACEITE VEGETAL;L;0.003000;;"1. Tostar el pan fránces en aceite caliente.
2. Servir."
F01775;CRUTONES;GUARN OTROS;FICHA;1;PAN FRANCES 35 GR;UND;0.500000;Cubos pequeños;
F01783;PLATANO AL HORNO;GUARN OTROS;FICHA;1;PLATANO BELLACO REFRIGERADO;KG;0.120000;En 2 a lo Largo;"1. Cortar el platano; Hornear."
F01788;TACU TACU DE LENTEJAS;GUARN MENESTRAS;FICHA;1;ACEITE VEGETAL;L;0.006000;;"1. Granear el arroz.
2. Sancochar las lentejas en agua con sal y laurel; Reservar.
3. Para las lentejas: Sudar en aceite la cebolla, ajo, aji amarillo, aji panca, sal, pimienta, oregano, comino y las lentejas; Licuar la mitad y la otra mitad reservar.
4. En aceite caliente mezclar el arroz con la lenteja entera y el pure; Respetando la proporcion 3 de arroz por 1 de lentejas."
F01788;TACU TACU DE LENTEJAS;GUARN MENESTRAS;FICHA;1;AJO MOLIDO ENVASADO;KG;0.002000;;
F01788;TACU TACU DE LENTEJAS;GUARN MENESTRAS;FICHA;1;AJI AMARILLO REFRIGERADO;KG;0.003000;Brunoise;
F01788;TACU TACU DE LENTEJAS;GUARN MENESTRAS;FICHA;1;ARROZ EXTRA;KG;0.080000;;
F01788;TACU TACU DE LENTEJAS;GUARN MENESTRAS;FICHA;1;LENTEJA;KG;0.025000;;
F01788;TACU TACU DE LENTEJAS;GUARN MENESTRAS;FICHA;1;PIMIENTA NEGRA MOLIDA;KG;0.000120;;
F01788;TACU TACU DE LENTEJAS;GUARN MENESTRAS;FICHA;1;SAL DE COCINA;KG;0.002000;;
F01788;TACU TACU DE LENTEJAS;GUARN MENESTRAS;FICHA;1;COMINO MOLIDO;KG;0.000060;;
F01788;TACU TACU DE LENTEJAS;GUARN MENESTRAS;FICHA;1;AJI PANCA MOLIDO ENVASADO;KG;0.001000;;
F01788;TACU TACU DE LENTEJAS;GUARN MENESTRAS;FICHA;1;OREGANO ENTERO;KG;0.001000;;
F01788;TACU TACU DE LENTEJAS;GUARN MENESTRAS;FICHA;1;CEBOLLA ROJA REFRIGERADA;KG;0.015000;Brunoise;
F01788;TACU TACU DE LENTEJAS;GUARN MENESTRAS;FICHA;1;LAUREL;KG;0.000120;;
F01791;SANDWICH CON TORTILLA DE ATUN;SANDW CALIENTES;FICHA;1;HUEVO ROSADO REFRIGERADO;KG;0.030000;;"1. En un bolw mezclar el huevo, atun, sal, pimienta.
2. Calentar aceite y freír la tortilla.
3. Cortar el pan y rellenar"
F01791;SANDWICH CON TORTILLA DE ATUN;SANDW CALIENTES;FICHA;1;PIMIENTA NEGRA MOLIDA;KG;0.000060;;
F01791;SANDWICH CON TORTILLA DE ATUN;SANDW CALIENTES;FICHA;1;SAL DE COCINA;KG;0.001000;;
F01791;SANDWICH CON TORTILLA DE ATUN;SANDW CALIENTES;FICHA;1;ATUN EN ACEITE LATA;KG;0.020000;;
F01791;SANDWICH CON TORTILLA DE ATUN;SANDW CALIENTES;FICHA;1;PAN FRANCES MEDIANO;UND;1.000000;;
F01808;AJIACO DE VERDURAS;GUARN VERDURAS;FICHA;1;ACEITE VEGETAL;L;0.005000;;"1. Hacer un aderezo, aceite, cebolla, ajo, ají panca, pimienta, sal, comino, orégano, agregar la papa cocinar y luego agregar habas y choclo.
3. Finalmente agregar la leche, queso fresco
4. Servir el ajiaco con huacatay picado."
F01808;AJIACO DE VERDURAS;GUARN VERDURAS;FICHA;1;AJO MOLIDO ENVASADO;KG;0.003000;;
F01808;AJIACO DE VERDURAS;GUARN VERDURAS;FICHA;1;CEBOLLA ROJA REFRIGERADA;KG;0.015000;Brunoise;
F01808;AJIACO DE VERDURAS;GUARN VERDURAS;FICHA;1;AJI PANCA MOLIDO ENVASADO;KG;0.003000;;
F01808;AJIACO DE VERDURAS;GUARN VERDURAS;FICHA;1;PIMIENTA NEGRA MOLIDA;KG;0.000120;;
F01808;AJIACO DE VERDURAS;GUARN VERDURAS;FICHA;1;COMINO MOLIDO;KG;0.000060;;
F01808;AJIACO DE VERDURAS;GUARN VERDURAS;FICHA;1;SAL DE COCINA;KG;0.003000;;
F01808;AJIACO DE VERDURAS;GUARN VERDURAS;FICHA;1;PAPA BLANCA REFRIGERADO;KG;0.050000;Cubos medianos;
F01808;AJIACO DE VERDURAS;GUARN VERDURAS;FICHA;1;HABA VERDE PELADO CONGELADO;KG;0.005000;;
F01808;AJIACO DE VERDURAS;GUARN VERDURAS;FICHA;1;CHOCLO DESGRANADO CONGELADO;KG;0.005000;;
F01808;AJIACO DE VERDURAS;GUARN VERDURAS;FICHA;1;QUESO FRESCO REFRIGERADO;KG;0.010000;Cubos medianos;
F01808;AJIACO DE VERDURAS;GUARN VERDURAS;FICHA;1;LECHE EVAPORADA TETRA;L;0.010000;;
F01808;AJIACO DE VERDURAS;GUARN VERDURAS;FICHA;1;HUACATAY REFRIGERADO (L);L;0.003000;Picado fino;
F01808;AJIACO DE VERDURAS;GUARN VERDURAS;FICHA;1;AGUA PARA RECETA;L;0.030000;;
F01812;JUGO DE PAPAYA CON MANZANA;BEB JUG PULPA NATURAL;FICHA;1;AGUA PARA RECETA;L;0.125000;;"1. Sancochar la manzana hasta que este suave. Licuar y colar.
2. Mezclar la manzana con la pulpa de papaya; endulzar con azúcar.
3. Servir."
F01812;JUGO DE PAPAYA CON MANZANA;BEB JUG PULPA NATURAL;FICHA;1;AZUCAR RUBIA;KG;0.015000;;
F01812;JUGO DE PAPAYA CON MANZANA;BEB JUG PULPA NATURAL;FICHA;1;MANZANA DE AGUA REFRIGERADO;KG;0.040000;Sancochar;
F01812;JUGO DE PAPAYA CON MANZANA;BEB JUG PULPA NATURAL;FICHA;1;PULPA DE PAPAYA CONGELADA;KG;0.062000;;
F01813;JUGO SURTIDO PAPAYA, PLATANO, MANZANA;BEB JUG PULPA NATURAL;FICHA;1;AZUCAR RUBIA;KG;0.020000;;"1. Cortar el platano, papaya y licuarlas con agua, colar y reservar.
2. Sancochar la manzana; Licuar y colar.
3. Mezclar los jugos y agregar azucar. Mezclar bien.
4. Servir."
F01813;JUGO SURTIDO PAPAYA, PLATANO, MANZANA;BEB JUG PULPA NATURAL;FICHA;1;MANZANA DE AGUA REFRIGERADO;KG;0.040000;Sancochar;
F01813;JUGO SURTIDO PAPAYA, PLATANO, MANZANA;BEB JUG PULPA NATURAL;FICHA;1;PULPA DE PAPAYA CONGELADA;KG;0.062000;;
F01813;JUGO SURTIDO PAPAYA, PLATANO, MANZANA;BEB JUG PULPA NATURAL;FICHA;1;PLATANO SEDA REFRIGERADO;KG;0.050000;Lavar, desinfectar y pelar;
F01813;JUGO SURTIDO PAPAYA, PLATANO, MANZANA;BEB JUG PULPA NATURAL;FICHA;1;AGUA PARA RECETA;L;0.120000;;
F01815;KIWICHA CON PIÑA;BEB CALIENTES;FICHA;1;CANELA ENTERA;KG;0.000120;;"1. Disolver la harina de kiwicha en agua fría.
2. Hervir agua con canela, clavo de olor, azúcar, piña.
3. Añadir la harina de kiwicha, mover constantemente para que no se pegue en el fondo.
4. Servir."
F01815;KIWICHA CON PIÑA;BEB CALIENTES;FICHA;1;CLAVO DE OLOR ENTERO;KG;0.000060;;
F01815;KIWICHA CON PIÑA;BEB CALIENTES;FICHA;1;AZUCAR RUBIA;KG;0.025000;;
F01815;KIWICHA CON PIÑA;BEB CALIENTES;FICHA;1;PIÑA SELVA REFRIGERADO;KG;0.050000;Lavar, desinfectar, exprimir;
F01815;KIWICHA CON PIÑA;BEB CALIENTES;FICHA;1;HARINA DE KIWICHA;KG;0.020000;;
F01815;KIWICHA CON PIÑA;BEB CALIENTES;FICHA;1;AGUA PARA RECETA;L;0.300000;;
F01816;GUISO DE FIDEOS CON QUESO;GUARN PASTAS;FICHA;1;ACEITE VEGETAL;L;0.005000;;"1. Sancochar la pasta en agua con sal. Colar, escurrir y reservar.
2. Aderezo; aceite, cebolla, ajo, pasta de tomate, agua, sal, pimienta, perejil, agregar la pasta y mezclar bien.
3. Añadir el queso fresco y las verduras. Servir."
F01816;GUISO DE FIDEOS CON QUESO;GUARN PASTAS;FICHA;1;SAL DE COCINA;KG;0.003000;;
F01816;GUISO DE FIDEOS CON QUESO;GUARN PASTAS;FICHA;1;AJO MOLIDO ENVASADO;KG;0.003000;;
F01816;GUISO DE FIDEOS CON QUESO;GUARN PASTAS;FICHA;1;CEBOLLA ROJA REFRIGERADA;KG;0.015000;Brunoise;
F01816;GUISO DE FIDEOS CON QUESO;GUARN PASTAS;FICHA;1;PASTA DE TOMATE;KG;0.003000;;
F01816;GUISO DE FIDEOS CON QUESO;GUARN PASTAS;FICHA;1;ARVEJA PELADA CONGELADA;KG;0.005000;Sancochar;
F01816;GUISO DE FIDEOS CON QUESO;GUARN PASTAS;FICHA;1;FIDEO CODITO;KG;0.050000;Sancochar;
F01816;GUISO DE FIDEOS CON QUESO;GUARN PASTAS;FICHA;1;PIMIENTA NEGRA MOLIDA;KG;0.000120;;
F01816;GUISO DE FIDEOS CON QUESO;GUARN PASTAS;FICHA;1;PEREJIL LIZO REFRIGERADO;KG;0.003000;Picado fino;
F01816;GUISO DE FIDEOS CON QUESO;GUARN PASTAS;FICHA;1;QUESO FRESCO REFRIGERADO;KG;0.020000;Cubos medianos;
F01816;GUISO DE FIDEOS CON QUESO;GUARN PASTAS;FICHA;1;AGUA PARA RECETA;L;0.030000;;
F01816;GUISO DE FIDEOS CON QUESO;GUARN PASTAS;FICHA;1;ZANAHORIA REFRIGERADO;KG;0.010000;Jardinera / blanquear;
F01817;JUGO DE PIÑA CON BETERRAGA;BEB JUG PULPA NATURAL;FICHA;1;AZUCAR RUBIA;KG;0.020000;;"1. Licuar la betarraga con agua. Colar y reservar.
2. Agregar azúcar y la pulpa de piña. Mezclar.
3. Servir."
F01817;JUGO DE PIÑA CON BETERRAGA;BEB JUG PULPA NATURAL;FICHA;1;AGUA PARA RECETA;L;0.125000;;
F01817;JUGO DE PIÑA CON BETERRAGA;BEB JUG PULPA NATURAL;FICHA;1;PULPA DE PIÑA CONGELADA;KG;0.065000;;
F01817;JUGO DE PIÑA CON BETERRAGA;BEB JUG PULPA NATURAL;FICHA;1;BETERRAGA ENTERA REFRIGERADA;KG;0.010000;Pelar;
F01819;SALTADO DE COLIFLOR;GUARN VERDURAS;FICHA;1;SAL DE COCINA;KG;0.001500;;"1. Saltear en aceite; ajo, kion, cebolla, coliflor, pimiento, sillao.
2. Condimentar la preparación con sal, pimienta y aromatizar con orégano.
3. Servir el saltado con perejil picado."
F01819;SALTADO DE COLIFLOR;GUARN VERDURAS;FICHA;1;SALSA SILLAO;L;0.003000;;
F01819;SALTADO DE COLIFLOR;GUARN VERDURAS;FICHA;1;COLIFLOR 20-40 CONGELADO;KG;0.080000;Flores, blanquear;
F01819;SALTADO DE COLIFLOR;GUARN VERDURAS;FICHA;1;CEBOLLA ROJA REFRIGERADA;KG;0.025000;Gajos;
F01819;SALTADO DE COLIFLOR;GUARN VERDURAS;FICHA;1;PIMIENTO ROJO REFRIGERADO;KG;0.015000;Juliana;
F01819;SALTADO DE COLIFLOR;GUARN VERDURAS;FICHA;1;ACEITE VEGETAL;L;0.010000;;
F01819;SALTADO DE COLIFLOR;GUARN VERDURAS;FICHA;1;OREGANO ENTERO;KG;0.000120;;
F01819;SALTADO DE COLIFLOR;GUARN VERDURAS;FICHA;1;PIMIENTA NEGRA MOLIDA;KG;0.000120;;
F01819;SALTADO DE COLIFLOR;GUARN VERDURAS;FICHA;1;PEREJIL LIZO REFRIGERADO;KG;0.003000;Picado;
F01819;SALTADO DE COLIFLOR;GUARN VERDURAS;FICHA;1;KION MOLIDO ENVASADO;KG;0.001000;;
F01819;SALTADO DE COLIFLOR;GUARN VERDURAS;FICHA;1;AJO MOLIDO ENVASADO;KG;0.001000;;
F01828;PONCHE DE HABAS;BEB CALIENTES;FICHA;1;LECHE EVAPORADA TETRA;L;0.020000;;"1. Poner a cocción en una olla, agua con canela y clavo
2. Al dar el primer hervor, agregar la harina de habas y dejar hervir nuevamente
3. Agregar el azúcar, mover y al alcanzar el hervor final, agregar la leche y la esencia de vainilla."
F01828;PONCHE DE HABAS;BEB CALIENTES;FICHA;1;CANELA ENTERA;KG;0.000120;;
F01828;PONCHE DE HABAS;BEB CALIENTES;FICHA;1;CLAVO DE OLOR ENTERO;KG;0.000060;;
F01828;PONCHE DE HABAS;BEB CALIENTES;FICHA;1;ESCENCIA DE VAINILLA;L;0.000120;;
F01828;PONCHE DE HABAS;BEB CALIENTES;FICHA;1;AGUA PARA RECETA;L;0.280000;;
F01828;PONCHE DE HABAS;BEB CALIENTES;FICHA;1;AZUCAR RUBIA;KG;0.020000;;
F01828;PONCHE DE HABAS;BEB CALIENTES;FICHA;1;HARINA DE HABAS;KG;0.025000;Sancochar;
F01829;MACA CON LECHE;BEB CALIENTES;FICHA;1;LECHE EVAPORADA TETRA;L;0.030000;;"1. Disolver en agua fría la harina de maca.
2. Hervir agua con azúcar, canela y clavo.
3. Luego agregar la maca diluida. Mezclar bien.
4. Finalmente agregar la maicena y la  leche.
5. Servir."
F01829;MACA CON LECHE;BEB CALIENTES;FICHA;1;AZUCAR RUBIA;KG;0.025000;;
F01829;MACA CON LECHE;BEB CALIENTES;FICHA;1;AGUA PARA RECETA;L;0.280000;;
F01829;MACA CON LECHE;BEB CALIENTES;FICHA;1;MAICENA;KG;0.010000;;
F01829;MACA CON LECHE;BEB CALIENTES;FICHA;1;CANELA ENTERA;KG;0.000120;;
F01829;MACA CON LECHE;BEB CALIENTES;FICHA;1;CLAVO DE OLOR ENTERO;KG;0.000060;;
F01829;MACA CON LECHE;BEB CALIENTES;FICHA;1;HARINA DE MACA;KG;0.010000;;
F01834;ENSALADA DE GARBANZOS CON JAMON;ENSALADAS MIXTAS;FICHA;1;ACEITE VEGETAL;L;0.003000;;"1. Cocer los garbanzos cambiando de agua 3 veces. Una vez cocido dejar enfriar.
2. En un bol colocar los garbanzos, jamón picado, cebolla, sal, pimienta, tomate , pimiento previamente salteado en aceite y agregamos unas gotas de limón; mezclar todo.
3. En un plato colocar una hoja de lechuga y servir la ensalada con perejil picado."
F01834;ENSALADA DE GARBANZOS CON JAMON;ENSALADAS MIXTAS;FICHA;1;JAMON DE POLLO REFRIGERADO;KG;0.020000;Picado fino;
F01834;ENSALADA DE GARBANZOS CON JAMON;ENSALADAS MIXTAS;FICHA;1;PIMIENTA NEGRA MOLIDA;KG;0.000120;;
F01834;ENSALADA DE GARBANZOS CON JAMON;ENSALADAS MIXTAS;FICHA;1;SAL DE COCINA;KG;0.002000;;
F01834;ENSALADA DE GARBANZOS CON JAMON;ENSALADAS MIXTAS;FICHA;1;CEBOLLA ROJA REFRIGERADA;KG;0.030000;Brunoise;
F01834;ENSALADA DE GARBANZOS CON JAMON;ENSALADAS MIXTAS;FICHA;1;LECHUGA ORGANICA REFRIGERADO;KG;0.012000;;
F01834;ENSALADA DE GARBANZOS CON JAMON;ENSALADAS MIXTAS;FICHA;1;LIMON VERDE REFRIGERADO;KG;0.005000;;
F01834;ENSALADA DE GARBANZOS CON JAMON;ENSALADAS MIXTAS;FICHA;1;PEREJIL LIZO REFRIGERADO;KG;0.002000;Picado fino;
F01834;ENSALADA DE GARBANZOS CON JAMON;ENSALADAS MIXTAS;FICHA;1;TOMATE CRIOLLO REFRIGERADO;KG;0.015000;Brunoise;
F01834;ENSALADA DE GARBANZOS CON JAMON;ENSALADAS MIXTAS;FICHA;1;GARBANZO;KG;0.040000;Remojado de un día para otro;
F01834;ENSALADA DE GARBANZOS CON JAMON;ENSALADAS MIXTAS;FICHA;1;PIMIENTO ROJO REFRIGERADO;KG;0.015000;Brunoise;
F01842;KIWICHA CON MEMBRILLO;BEB CALIENTES;FICHA;1;CANELA ENTERA;KG;0.000120;;"1. Disolver la harina de kiwicha en agua fría.
2. Hervir agua con canela, clavo, membrillo  y azúcar.
3. Agregar la harina de kiwicha, mover constantemente para que no se pegue en el fondo.
4. Servir."
F01842;KIWICHA CON MEMBRILLO;BEB CALIENTES;FICHA;1;CLAVO DE OLOR ENTERO;KG;0.000060;;
F01842;KIWICHA CON MEMBRILLO;BEB CALIENTES;FICHA;1;AZUCAR RUBIA;KG;0.025000;;
F01842;KIWICHA CON MEMBRILLO;BEB CALIENTES;FICHA;1;MEMBRILLO REFRIGERADO;KG;0.020000;Pelar / Macedonia;
F01842;KIWICHA CON MEMBRILLO;BEB CALIENTES;FICHA;1;AGUA PARA RECETA;L;0.300000;;
F01842;KIWICHA CON MEMBRILLO;BEB CALIENTES;FICHA;1;HARINA DE KIWICHA;KG;0.020000;;
F01860;PURE DE CAMOTE;GUARN TUBERCULOS;FICHA;1;MARGARINA CON SAL REFRIGERADO GRANEL KG;KG;0.005000;;"1. Sancochar el camote en agua con sal; Prensar, agregar la margarina, agua, leche, sal, azucar y la canela."
F01860;PURE DE CAMOTE;GUARN TUBERCULOS;FICHA;1;LECHE EVAPORADA TETRA;L;0.020000;;
F01860;PURE DE CAMOTE;GUARN TUBERCULOS;FICHA;1;SAL DE COCINA;KG;0.003000;;
F01860;PURE DE CAMOTE;GUARN TUBERCULOS;FICHA;1;CAMOTE AMARILLO REFRIGERADO;KG;0.120000;Sancochado, Prensado;
F01860;PURE DE CAMOTE;GUARN TUBERCULOS;FICHA;1;AZUCAR RUBIA;KG;0.001000;;
F01860;PURE DE CAMOTE;GUARN TUBERCULOS;FICHA;1;AGUA PARA RECETA;L;0.010000;;
F01860;PURE DE CAMOTE;GUARN TUBERCULOS;FICHA;1;CANELA ENTERA;KG;0.000060;;
F01862;ENSALADA HAWAIANA;ENSALADAS MIXTAS;FICHA;1;JAMON PARA CAFETIN CONGELADO;KG;0.010000;Macedonia;"1.Cocer la piña con clavo, canela , azúcar  enfriar y reservar.
2.En un bol mezclar todos los ingredientes agregar mayonesa,aceite,  azúcar, pimienta, mezclar y rectificar sazón.
3.Servir moldeado sobre un aro y decorar con juliana de pimientos y hoja de lechuga."
F01862;ENSALADA HAWAIANA;ENSALADAS MIXTAS;FICHA;1;CANELA ENTERA;KG;0.000060;;
F01862;ENSALADA HAWAIANA;ENSALADAS MIXTAS;FICHA;1;CLAVO DE OLOR ENTERO;KG;0.000030;;
F01862;ENSALADA HAWAIANA;ENSALADAS MIXTAS;FICHA;1;MAYONESA;KG;0.010000;;
F01862;ENSALADA HAWAIANA;ENSALADAS MIXTAS;FICHA;1;PIMIENTA NEGRA MOLIDA;KG;0.000120;;
F01862;ENSALADA HAWAIANA;ENSALADAS MIXTAS;FICHA;1;AZUCAR RUBIA;KG;0.005000;;
F01862;ENSALADA HAWAIANA;ENSALADAS MIXTAS;FICHA;1;PIÑA SELVA REFRIGERADO;KG;0.050000;Macedonia;
F01862;ENSALADA HAWAIANA;ENSALADAS MIXTAS;FICHA;1;PAPA BLANCA REFRIGERADO;KG;0.030000;Macedonia/cocer;
F01862;ENSALADA HAWAIANA;ENSALADAS MIXTAS;FICHA;1;DURAZNO EN ALMIBAR;KG;0.020000;Macedonia;
F01862;ENSALADA HAWAIANA;ENSALADAS MIXTAS;FICHA;1;PIMIENTO ROJO REFRIGERADO;KG;0.025000;Juliana/salteado;
F01862;ENSALADA HAWAIANA;ENSALADAS MIXTAS;FICHA;1;LECHUGA ORGANICA REFRIGERADO;KG;0.012000;;
F01862;ENSALADA HAWAIANA;ENSALADAS MIXTAS;FICHA;1;ACEITE VEGETAL;L;0.001000;;
F01868;GARBANZOS A LA ESPAÑOLA;GUARN MENESTRAS;FICHA;1;ACEITE VEGETAL;L;0.006000;;"1. Sancochar los garbanzos hasta que estén blandos.
2. Aderezo; aceite vegetal, cebolla, ajo, pasta de tomate, ají panca,  chorizo, salchicha, sal, pimienta, comino y orégano. Agregarlo a la cocción de la menestra y continuar con la cocción.
3. Agregar la acelga y cocinar por unos minutos mas. Si es necesario ligar con maicena diluida en agua.
4. Servir."
F01868;GARBANZOS A LA ESPAÑOLA;GUARN MENESTRAS;FICHA;1;SAL DE COCINA;KG;0.003000;;
F01868;GARBANZOS A LA ESPAÑOLA;GUARN MENESTRAS;FICHA;1;AJO MOLIDO ENVASADO;KG;0.003000;;
F01868;GARBANZOS A LA ESPAÑOLA;GUARN MENESTRAS;FICHA;1;CEBOLLA ROJA REFRIGERADA;KG;0.015000;Brunoise;
F01868;GARBANZOS A LA ESPAÑOLA;GUARN MENESTRAS;FICHA;1;GARBANZO;KG;0.060000;Remojar;
F01868;GARBANZOS A LA ESPAÑOLA;GUARN MENESTRAS;FICHA;1;PASTA DE TOMATE;KG;0.002000;;
F01868;GARBANZOS A LA ESPAÑOLA;GUARN MENESTRAS;FICHA;1;AJI PANCA MOLIDO ENVASADO;KG;0.003000;;
F01868;GARBANZOS A LA ESPAÑOLA;GUARN MENESTRAS;FICHA;1;OREGANO ENTERO;KG;0.000120;;
F01868;GARBANZOS A LA ESPAÑOLA;GUARN MENESTRAS;FICHA;1;COMINO MOLIDO;KG;0.000060;;
F01868;GARBANZOS A LA ESPAÑOLA;GUARN MENESTRAS;FICHA;1;PIMIENTA NEGRA MOLIDA;KG;0.000120;;
F01868;GARBANZOS A LA ESPAÑOLA;GUARN MENESTRAS;FICHA;1;AGUA PARA RECETA;L;0.250000;;
F01868;GARBANZOS A LA ESPAÑOLA;GUARN MENESTRAS;FICHA;1;MAICENA;KG;0.003000;;
F01868;GARBANZOS A LA ESPAÑOLA;GUARN MENESTRAS;FICHA;1;ACELGA REFRIGERADO;KG;0.040000;Chifonade;
F01868;GARBANZOS A LA ESPAÑOLA;GUARN MENESTRAS;FICHA;1;CHORIZO PARRILLERO CONGELADO;KG;0.015000;Rodajas;
F01868;GARBANZOS A LA ESPAÑOLA;GUARN MENESTRAS;FICHA;1;SALCHICHA HOT DOG CONGELADO;KG;0.015000;Rodajas;
F01869;ESPAGUETTI AL OLEO;GUARN PASTAS;FICHA;1;ACEITE VEGETAL;L;0.009000;;"1. Sancochar la pasta en agua con sal y laurel. Escurrir y agregar aceite para que no se peguen.
2. Saltear en aceite vegetal, pimiento, ajo, agregar la pasta, orégano, condimentar con sal y pimienta.  Continuar salteando.
3. Servir la pasta con perejil picado y queso parmesano."
F01869;ESPAGUETTI AL OLEO;GUARN PASTAS;FICHA;1;PIMIENTO ROJO REFRIGERADO;KG;0.015000;Brunoise;
F01869;ESPAGUETTI AL OLEO;GUARN PASTAS;FICHA;1;PIMIENTA NEGRA MOLIDA;KG;0.000120;;
F01869;ESPAGUETTI AL OLEO;GUARN PASTAS;FICHA;1;OREGANO ENTERO;KG;0.000120;;
F01869;ESPAGUETTI AL OLEO;GUARN PASTAS;FICHA;1;PEREJIL LIZO REFRIGERADO;KG;0.003000;Picado fino;
F01869;ESPAGUETTI AL OLEO;GUARN PASTAS;FICHA;1;FIDEO SPAGUETTI;KG;0.140000;Sancochar;
F01869;ESPAGUETTI AL OLEO;GUARN PASTAS;FICHA;1;AJO MOLIDO ENVASADO;KG;0.002000;;
F01869;ESPAGUETTI AL OLEO;GUARN PASTAS;FICHA;1;QUESO PARMESANO REFRIGERADO;KG;0.001000;Rallado;
F01869;ESPAGUETTI AL OLEO;GUARN PASTAS;FICHA;1;SAL DE COCINA;KG;0.003000;;
F01869;ESPAGUETTI AL OLEO;GUARN PASTAS;FICHA;1;LAUREL;KG;0.000120;;
F01874;BROCOLI EN SALSA BECHAMEL;GUARN VERDURAS;FICHA;1;MARGARINA CON SAL REFRIGERADO GRANEL KG;KG;0.005000;;"1. Sancochar el brócoli en agua con sal, escurrir y reservar.
2. Salsa blanca; margarina, harina, agua, leche evaporada, sal, pimienta y nuez moscada.
3. Mezclar la salsa con el brócoli. Servir."
F01874;BROCOLI EN SALSA BECHAMEL;GUARN VERDURAS;FICHA;1;LECHE EVAPORADA TETRA;L;0.015000;;
F01874;BROCOLI EN SALSA BECHAMEL;GUARN VERDURAS;FICHA;1;HARINA DE TRIGO ESPECIAL;KG;0.003000;;
F01874;BROCOLI EN SALSA BECHAMEL;GUARN VERDURAS;FICHA;1;NUEZ MOSCADA;KG;0.000120;;
F01874;BROCOLI EN SALSA BECHAMEL;GUARN VERDURAS;FICHA;1;SAL DE COCINA;KG;0.002000;;
F01874;BROCOLI EN SALSA BECHAMEL;GUARN VERDURAS;FICHA;1;AGUA PARA RECETA;L;0.013000;;
F01874;BROCOLI EN SALSA BECHAMEL;GUARN VERDURAS;FICHA;1;PIMIENTA NEGRA MOLIDA;KG;0.000120;;
F01874;BROCOLI EN SALSA BECHAMEL;GUARN VERDURAS;FICHA;1;BROCOLI 20-40 CONGELADO;KG;0.056000;Blanquear;
F01879;BERENJENAS SALTEADAS;GUARN VERDURAS;FICHA;1;BERENJENA REFRIGERADA;KG;0.100000;Bastones;"1. Saltear en aceite, margarina la berenjena, cebolla.
2. Condimentar con sal, pimienta, orégano.
3. Servir."
F01879;BERENJENAS SALTEADAS;GUARN VERDURAS;FICHA;1;SAL DE COCINA;KG;0.002000;;
F01879;BERENJENAS SALTEADAS;GUARN VERDURAS;FICHA;1;ACEITE VEGETAL;L;0.003000;;
F01879;BERENJENAS SALTEADAS;GUARN VERDURAS;FICHA;1;CEBOLLA ROJA REFRIGERADA;KG;0.020000;Pluma delgada;
F01879;BERENJENAS SALTEADAS;GUARN VERDURAS;FICHA;1;OREGANO ENTERO;KG;0.000120;;
F01879;BERENJENAS SALTEADAS;GUARN VERDURAS;FICHA;1;PIMIENTA NEGRA MOLIDA;KG;0.000120;;
F01879;BERENJENAS SALTEADAS;GUARN VERDURAS;FICHA;1;MARGARINA CON SAL REFRIGERADO GRANEL KG;KG;0.003000;;
F01881;CARAPULCRA;GUARN TUBERCULOS;FICHA;1;ACEITE VEGETAL;L;0.005000;;"1. Tostar, remojar y sancochar la papa seca con canela y clavo de olor.
2. Aderezo: Aceite vegetal, cebolla, ajo, ají panca, sal, pimienta y comino. Agregarlo a la cocción de la papa seca.
3. Finalmente agregar azúcar, chocolate, maní molido y aromatizar con orégano. Continuar con la cocción por unos minutos más.
4. Servir."
F01881;CARAPULCRA;GUARN TUBERCULOS;FICHA;1;AJI PANCA MOLIDO ENVASADO;KG;0.005000;;
F01881;CARAPULCRA;GUARN TUBERCULOS;FICHA;1;CANELA ENTERA;KG;0.000120;;
F01881;CARAPULCRA;GUARN TUBERCULOS;FICHA;1;PIMIENTA NEGRA MOLIDA;KG;0.000120;;
F01881;CARAPULCRA;GUARN TUBERCULOS;FICHA;1;SAL DE COCINA;KG;0.003000;;
F01881;CARAPULCRA;GUARN TUBERCULOS;FICHA;1;AJO MOLIDO ENVASADO;KG;0.003000;;
F01881;CARAPULCRA;GUARN TUBERCULOS;FICHA;1;CEBOLLA ROJA REFRIGERADA;KG;0.015000;Brunoise;
F01881;CARAPULCRA;GUARN TUBERCULOS;FICHA;1;MANI TOSTADO PELADO;KG;0.005000;Molido;
F01881;CARAPULCRA;GUARN TUBERCULOS;FICHA;1;COMINO MOLIDO;KG;0.000060;;
F01881;CARAPULCRA;GUARN TUBERCULOS;FICHA;1;PAPA SECA;KG;0.060000;Tostar y remojar;
F01881;CARAPULCRA;GUARN TUBERCULOS;FICHA;1;CLAVO DE OLOR ENTERO;KG;0.000060;;
F01881;CARAPULCRA;GUARN TUBERCULOS;FICHA;1;AZUCAR RUBIA;KG;0.001000;;
F01881;CARAPULCRA;GUARN TUBERCULOS;FICHA;1;CHOCOLATE BARRA CON MANI 32 GR;UND;0.088230;;
F01881;CARAPULCRA;GUARN TUBERCULOS;FICHA;1;OREGANO ENTERO;KG;0.000120;;
F01881;CARAPULCRA;GUARN TUBERCULOS;FICHA;1;AGUA PARA RECETA;L;0.150000;;
F01897;TORTILLA DE HUEVO;GUARN OTROS;FICHA;1;ACEITE VEGETAL;L;0.005000;;"1. Batir el huevo, sal y pimienta.
2. Freir en aceite la tortilla."
F01897;TORTILLA DE HUEVO;GUARN OTROS;FICHA;1;HUEVO ROSADO REFRIGERADO;KG;0.060000;;
F01897;TORTILLA DE HUEVO;GUARN OTROS;FICHA;1;PIMIENTA NEGRA MOLIDA;KG;0.000120;;
F01897;TORTILLA DE HUEVO;GUARN OTROS;FICHA;1;SAL DE COCINA;KG;0.002000;;
F01898;ARROZ CON VAINITAS;GUARN ARROZ;FICHA;1;ACEITE VEGETAL;L;0.005000;;"1. Granear el arroz con aceite vegetal, ajo, sal, pimienta, y agua.
2. Servir decorando con la vainita salteada."
F01898;ARROZ CON VAINITAS;GUARN ARROZ;FICHA;1;SAL DE COCINA;KG;0.003000;;
F01898;ARROZ CON VAINITAS;GUARN ARROZ;FICHA;1;AJO MOLIDO ENVASADO;KG;0.003000;;
F01898;ARROZ CON VAINITAS;GUARN ARROZ;FICHA;1;ARROZ EXTRA;KG;0.120000;;
F01898;ARROZ CON VAINITAS;GUARN ARROZ;FICHA;1;AGUA PARA RECETA;L;0.300000;;
F01898;ARROZ CON VAINITAS;GUARN ARROZ;FICHA;1;VAINITA ENTERO REFRIGERADO;KG;0.010000;Brunoise, Blanqueado;
F01923;RIGATTONI EN SALSA BECHAMEL;GUARN PASTAS;FICHA;1;ACEITE VEGETAL;L;0.005000;;"1. Sancochar la pasta con aceite, agua y sal; Cuando esten listos sacarlos, agregarles aceite y oregano.
2. Hacer una salsa blanca; derretir margarina, agregar la harina, leche evaporada, agua para soltar la salsa y hervir por un minuto, condimentar con sal, pimienta, nuez moscada y aromatizar con orégano.
3. Servir la pasta con la salsa y decorar encima con jamon."
F01923;RIGATTONI EN SALSA BECHAMEL;GUARN PASTAS;FICHA;1;FIDEO TORNILLO;KG;0.120000;Sancochados;
F01923;RIGATTONI EN SALSA BECHAMEL;GUARN PASTAS;FICHA;1;OREGANO ENTERO;KG;0.000120;;
F01923;RIGATTONI EN SALSA BECHAMEL;GUARN PASTAS;FICHA;1;SAL DE COCINA;KG;0.003000;;
F01923;RIGATTONI EN SALSA BECHAMEL;GUARN PASTAS;FICHA;1;JAMON PARA CAFETIN CONGELADO;KG;0.010000;Brunoise;
F01923;RIGATTONI EN SALSA BECHAMEL;GUARN PASTAS;FICHA;1;MARGARINA CON SAL REFRIGERADO GRANEL KG;KG;0.005000;;
F01923;RIGATTONI EN SALSA BECHAMEL;GUARN PASTAS;FICHA;1;HARINA DE TRIGO ESPECIAL;KG;0.010000;;
F01923;RIGATTONI EN SALSA BECHAMEL;GUARN PASTAS;FICHA;1;LECHE EVAPORADA TETRA;L;0.015000;;
F01923;RIGATTONI EN SALSA BECHAMEL;GUARN PASTAS;FICHA;1;AGUA PARA RECETA;L;0.010000;;
F01923;RIGATTONI EN SALSA BECHAMEL;GUARN PASTAS;FICHA;1;NUEZ MOSCADA;KG;0.000120;;
F01923;RIGATTONI EN SALSA BECHAMEL;GUARN PASTAS;FICHA;1;PIMIENTA NEGRA MOLIDA;KG;0.000120;;
F01929;PAPA AL OREGANO;GUARN TUBERCULOS;FICHA;1;OREGANO ENTERO;KG;0.001000;;"1. Sancochar la papa en agua con sal; Cortar.
2. Agregar el aceite, oregano, sal y pimienta."
F01929;PAPA AL OREGANO;GUARN TUBERCULOS;FICHA;1;SAL DE COCINA;KG;0.003000;;
F01929;PAPA AL OREGANO;GUARN TUBERCULOS;FICHA;1;PAPA BLANCA REFRIGERADO;KG;0.120000;Sancochado, Rodajas;
F01929;PAPA AL OREGANO;GUARN TUBERCULOS;FICHA;1;ACEITE VEGETAL;L;0.003000;;
F01929;PAPA AL OREGANO;GUARN TUBERCULOS;FICHA;1;PIMIENTA NEGRA MOLIDA;KG;0.000120;;
F01933;LOCRO DE ZAPALLO SIN LECHE DIETA;GUARN VERDURAS;FICHA;1;ACEITE VEGETAL;L;0.005000;;"1. Hacer un aderezo, aceite, cebolla, ajo, sal, pimienta.
2. Agregar la papa, zapallo, agua y cocinar hasta que este suave.
3. Agregar choclo y arverja previamente sancochada.
4. Aromatizar con perejil picado, huacatay.
5. Servir el locro con queso fresco."
F01933;LOCRO DE ZAPALLO SIN LECHE DIETA;GUARN VERDURAS;FICHA;1;QUESO FRESCO REFRIGERADO;KG;0.010000;Cubos medianos;
F01933;LOCRO DE ZAPALLO SIN LECHE DIETA;GUARN VERDURAS;FICHA;1;PIMIENTA NEGRA MOLIDA;KG;0.000120;;
F01933;LOCRO DE ZAPALLO SIN LECHE DIETA;GUARN VERDURAS;FICHA;1;SAL DE COCINA;KG;0.003000;;
F01933;LOCRO DE ZAPALLO SIN LECHE DIETA;GUARN VERDURAS;FICHA;1;CHOCLO DESGRANADO CONGELADO;KG;0.005000;Sancochar;
F01933;LOCRO DE ZAPALLO SIN LECHE DIETA;GUARN VERDURAS;FICHA;1;CEBOLLA ROJA REFRIGERADA;KG;0.015000;Brunoise;
F01933;LOCRO DE ZAPALLO SIN LECHE DIETA;GUARN VERDURAS;FICHA;1;HUACATAY REFRIGERADO;KG;0.003000;Picado fino;
F01933;LOCRO DE ZAPALLO SIN LECHE DIETA;GUARN VERDURAS;FICHA;1;PAPA BLANCA REFRIGERADO;KG;0.030000;Cubos medianos;
F01933;LOCRO DE ZAPALLO SIN LECHE DIETA;GUARN VERDURAS;FICHA;1;ZAPALLO MACRE REFRIGERADO;KG;0.100000;Cubos medianos;
F01933;LOCRO DE ZAPALLO SIN LECHE DIETA;GUARN VERDURAS;FICHA;1;AJO MOLIDO ENVASADO;KG;0.003000;;
F01933;LOCRO DE ZAPALLO SIN LECHE DIETA;GUARN VERDURAS;FICHA;1;ARVEJA PELADA CONGELADA;KG;0.005000;Sancochar;
F01933;LOCRO DE ZAPALLO SIN LECHE DIETA;GUARN VERDURAS;FICHA;1;PEREJIL LIZO REFRIGERADO;KG;0.003000;Picado fino;
F01933;LOCRO DE ZAPALLO SIN LECHE DIETA;GUARN VERDURAS;FICHA;1;AGUA PARA RECETA;L;0.020000;;
F01935;CHOCLO SALTADO;GUARN VERDURAS;FICHA;1;ACEITE VEGETAL;L;0.010000;;"1. Saltear en aceite, la cebolla, ajo, agregar el choclo, zapallito italiano, pimiento rojo, tomate, sillao, vinagre tinto, sal, pimienta, aromatizar con orégano y culantro.
2. Agregar agua dejar reducir y ligar la salsa con maicena diluida en agua.
3. Servir el salteado."
F01935;CHOCLO SALTADO;GUARN VERDURAS;FICHA;1;PIMIENTA NEGRA MOLIDA;KG;0.000120;;
F01935;CHOCLO SALTADO;GUARN VERDURAS;FICHA;1;SAL DE COCINA;KG;0.002000;;
F01935;CHOCLO SALTADO;GUARN VERDURAS;FICHA;1;AJO MOLIDO ENVASADO;KG;0.003000;;
F01935;CHOCLO SALTADO;GUARN VERDURAS;FICHA;1;CHOCLO DESGRANADO CONGELADO;KG;0.015000;Sancochar;
F01935;CHOCLO SALTADO;GUARN VERDURAS;FICHA;1;CEBOLLA ROJA REFRIGERADA;KG;0.020000;Gajos;
F01935;CHOCLO SALTADO;GUARN VERDURAS;FICHA;1;TOMATE CRIOLLO REFRIGERADO;KG;0.020000;Gajos;
F01935;CHOCLO SALTADO;GUARN VERDURAS;FICHA;1;SALSA SILLAO;L;0.010000;;
F01935;CHOCLO SALTADO;GUARN VERDURAS;FICHA;1;PIMIENTO ROJO REFRIGERADO;KG;0.015000;Juliana;
F01935;CHOCLO SALTADO;GUARN VERDURAS;FICHA;1;ZAPALLO ITALIANO REFRIGERADO;KG;0.020000;Bastones;
F01935;CHOCLO SALTADO;GUARN VERDURAS;FICHA;1;VINAGRE TINTO (KG);KG;0.001000;;
F01935;CHOCLO SALTADO;GUARN VERDURAS;FICHA;1;OREGANO ENTERO;KG;0.000120;;
F01935;CHOCLO SALTADO;GUARN VERDURAS;FICHA;1;AGUA PARA RECETA;L;0.015000;;
F01935;CHOCLO SALTADO;GUARN VERDURAS;FICHA;1;MAICENA;KG;0.001500;;
F01935;CHOCLO SALTADO;GUARN VERDURAS;FICHA;1;CULANTRO REFRIGERADO;KG;0.003000;Picado fino;
F01937;ENSALADA DE VAINITA,ARVEJA Y BERENJENA;ENSALADA COCIDA;FICHA;1;SAL DE COCINA;KG;0.002000;;"1.Cortar las berenjenas en laminas, agregar sal y dejar reposar para quitar el amargor.
2.Preparar el aliño, sal, pimienta, limón y aceite.
3.Colocar las berenjenas en un bol y agregar aceite, ajos molidos, sal, pimienta, perejil y llevar a la plancha.
4.En el plato colocamos, jamón, queso, arveja, vainita y berenjenas, bañar con el aliño."
F01937;ENSALADA DE VAINITA,ARVEJA Y BERENJENA;ENSALADA COCIDA;FICHA;1;ARVEJA PELADA CONGELADA;KG;0.015000;Cocido;
F01937;ENSALADA DE VAINITA,ARVEJA Y BERENJENA;ENSALADA COCIDA;FICHA;1;BERENJENA REFRIGERADA;KG;0.080000;En rodaja/ a la plancha;
F01937;ENSALADA DE VAINITA,ARVEJA Y BERENJENA;ENSALADA COCIDA;FICHA;1;LIMON VERDE REFRIGERADO;KG;0.010000;;
F01937;ENSALADA DE VAINITA,ARVEJA Y BERENJENA;ENSALADA COCIDA;FICHA;1;VAINITA ENTERO REFRIGERADO;KG;0.030000;Sesgado/cocido;
F01937;ENSALADA DE VAINITA,ARVEJA Y BERENJENA;ENSALADA COCIDA;FICHA;1;JAMON PARA CAFETIN CONGELADO;KG;0.010000;Cucuruchos;
F01937;ENSALADA DE VAINITA,ARVEJA Y BERENJENA;ENSALADA COCIDA;FICHA;1;QUESO EDAM REFRIGERADO;KG;0.010000;Cucuruchos;
F01937;ENSALADA DE VAINITA,ARVEJA Y BERENJENA;ENSALADA COCIDA;FICHA;1;PIMIENTA NEGRA MOLIDA;KG;0.000120;;
F01937;ENSALADA DE VAINITA,ARVEJA Y BERENJENA;ENSALADA COCIDA;FICHA;1;AJO MOLIDO ENVASADO;KG;0.001000;;
F01937;ENSALADA DE VAINITA,ARVEJA Y BERENJENA;ENSALADA COCIDA;FICHA;1;ACEITE VEGETAL;L;0.005000;;
F01937;ENSALADA DE VAINITA,ARVEJA Y BERENJENA;ENSALADA COCIDA;FICHA;1;PEREJIL LIZO REFRIGERADO;KG;0.002000;Picado fino.;
F01940;ENSALADA DARIO;ENSALADAS MIXTAS;FICHA;1;POLLO ENTERO SIN MENUDENCIA CONGELADO KG;KG;0.030000;Sancochado y desilachado;"1,Cocer el pollo con agua, laurel, apio, cebolla, Enfriar y desilachar.
2.Colocamos en un bol y mezclamos con la papa, zanahoria, pasa, mayonesa, sal y pimienta.
3.Colocar en un aro y servimos en el plato decoramos con pasa encima y perejil picado."
F01940;ENSALADA DARIO;ENSALADAS MIXTAS;FICHA;1;PIMIENTA NEGRA MOLIDA;KG;0.000120;;
F01940;ENSALADA DARIO;ENSALADAS MIXTAS;FICHA;1;SAL DE COCINA;KG;0.002000;;
F01940;ENSALADA DARIO;ENSALADAS MIXTAS;FICHA;1;MAYONESA;KG;0.010000;;
F01940;ENSALADA DARIO;ENSALADAS MIXTAS;FICHA;1;PAPA BLANCA REFRIGERADO;KG;0.080000;Baston/cocido;
F01940;ENSALADA DARIO;ENSALADAS MIXTAS;FICHA;1;ZANAHORIA REFRIGERADO;KG;0.020000;Baston/cocido;
F01940;ENSALADA DARIO;ENSALADAS MIXTAS;FICHA;1;PASAS NEGRAS SECAS;KG;0.003000;Picado;
F01940;ENSALADA DARIO;ENSALADAS MIXTAS;FICHA;1;LAUREL;KG;0.000120;;
F01940;ENSALADA DARIO;ENSALADAS MIXTAS;FICHA;1;APIO REFRIGERADO;KG;0.005000;;
F01940;ENSALADA DARIO;ENSALADAS MIXTAS;FICHA;1;CEBOLLA ROJA REFRIGERADA;KG;0.005000;;
F01940;ENSALADA DARIO;ENSALADAS MIXTAS;FICHA;1;PEREJIL LIZO REFRIGERADO;KG;0.002000;;
F01941;ENSALADA AMERICANA I;ENSALADAS FRESCAS;FICHA;1;MAYONESA;KG;0.010000;;"1.En un bol colocar mayonesa, col, zanahoria, azucar, pimienta, sal
2.Servir y decorar con pasas."
F01941;ENSALADA AMERICANA I;ENSALADAS FRESCAS;FICHA;1;PASAS NEGRAS SECAS;KG;0.005000;;
F01941;ENSALADA AMERICANA I;ENSALADAS FRESCAS;FICHA;1;AZUCAR RUBIA;KG;0.003000;;
F01941;ENSALADA AMERICANA I;ENSALADAS FRESCAS;FICHA;1;COL CRIOLLA REFRIGERADO;KG;0.060000;Brunoise;
F01941;ENSALADA AMERICANA I;ENSALADAS FRESCAS;FICHA;1;PIMIENTA NEGRA MOLIDA;KG;0.000120;;
F01941;ENSALADA AMERICANA I;ENSALADAS FRESCAS;FICHA;1;SAL DE COCINA;KG;0.001000;;
F01941;ENSALADA AMERICANA I;ENSALADAS FRESCAS;FICHA;1;ZANAHORIA REFRIGERADO;KG;0.020000;Rallar;
F01952;ENSALADA DE COLIFLOR;ENSALADAS MIXTAS;FICHA;1;ACEITE VEGETAL;L;0.003000;;"1.Colocar en un plato , coliflor, papa, huevo en rodaja,tomate .
2.Añadir el aliño,aceite, limon, sal y pimienta.
3.Decorar con perejil picado fino."
F01952;ENSALADA DE COLIFLOR;ENSALADAS MIXTAS;FICHA;1;PIMIENTA NEGRA MOLIDA;KG;0.000120;;
F01952;ENSALADA DE COLIFLOR;ENSALADAS MIXTAS;FICHA;1;SAL DE COCINA;KG;0.002000;;
F01952;ENSALADA DE COLIFLOR;ENSALADAS MIXTAS;FICHA;1;HUEVO ROSADO REFRIGERADO;KG;0.015000;Cocido;
F01952;ENSALADA DE COLIFLOR;ENSALADAS MIXTAS;FICHA;1;PAPA BLANCA REFRIGERADO;KG;0.030000;Macedonia/cocido;
F01952;ENSALADA DE COLIFLOR;ENSALADAS MIXTAS;FICHA;1;COLIFLOR 20-40 CONGELADO;KG;0.056000;Flores/cocido;
F01952;ENSALADA DE COLIFLOR;ENSALADAS MIXTAS;FICHA;1;TOMATE CRIOLLO REFRIGERADO;KG;0.020000;Rodajas;
F01952;ENSALADA DE COLIFLOR;ENSALADAS MIXTAS;FICHA;1;PEREJIL LIZO REFRIGERADO;KG;0.002000;Picado fino;
F01952;ENSALADA DE COLIFLOR;ENSALADAS MIXTAS;FICHA;1;LIMON VERDE REFRIGERADO;KG;0.010000;;
F01987;ARROZ AL OLIVO;GUARN ARROZ;FICHA;1;ACEITE VEGETAL;L;0.005000;;"1. Hacer un aderezo; aceite, cebolla, ajo, sal, pimienta, agregar la aceituna licuada, el arroz y batir.
2. Cuando el arroz este blando, cubrir con una bolsa el arroz, tapar y dejar secar.
3. Cuando termine la cocción agregar aceite y mezclar.
4. Saltear el pimiento y agregarlo al arroz.
5. Servir y decorar con perejil picado."
F01987;ARROZ AL OLIVO;GUARN ARROZ;FICHA;1;SAL DE COCINA;KG;0.003000;;
F01987;ARROZ AL OLIVO;GUARN ARROZ;FICHA;1;AJO MOLIDO ENVASADO;KG;0.003000;;
F01987;ARROZ AL OLIVO;GUARN ARROZ;FICHA;1;ACEITUNA NEGRA;KG;0.020000;Sin Pepa, licuar;
F01987;ARROZ AL OLIVO;GUARN ARROZ;FICHA;1;CEBOLLA ROJA REFRIGERADA;KG;0.015000;Brunoise;
F01987;ARROZ AL OLIVO;GUARN ARROZ;FICHA;1;ARROZ EXTRA;KG;0.120000;Lavar;
F01987;ARROZ AL OLIVO;GUARN ARROZ;FICHA;1;AGUA PARA RECETA;L;0.160000;;
F01987;ARROZ AL OLIVO;GUARN ARROZ;FICHA;1;PIMIENTO ROJO REFRIGERADO;KG;0.005000;Macedonia/salteado;
F01987;ARROZ AL OLIVO;GUARN ARROZ;FICHA;1;PEREJIL LIZO REFRIGERADO;KG;0.003000;Picado;
F01987;ARROZ AL OLIVO;GUARN ARROZ;FICHA;1;PIMIENTA NEGRA MOLIDA;KG;0.000120;;
F02017;ENSALADA NAPOLITANA;ENSALADAS MIXTAS;FICHA;1;TOCINO AHUMADO REFRIGERADO;KG;0.001000;Brunoise;"1.Cocer los fideos en agua, sal, aceite y laurel.
2.Salteamos en aceite la cebolla, ajos, pimiento, tomate, pasta de tomate, tocino, pimienta y la sal.
3.Servimos la pasta y colocamos la salsa encima el queso y el oregano."
F02017;ENSALADA NAPOLITANA;ENSALADAS MIXTAS;FICHA;1;QUESO MOZARELLA REFRIGERADO;KG;0.001000;Rallado;
F02017;ENSALADA NAPOLITANA;ENSALADAS MIXTAS;FICHA;1;OREGANO ENTERO;KG;0.000120;;
F02017;ENSALADA NAPOLITANA;ENSALADAS MIXTAS;FICHA;1;PIMIENTA NEGRA MOLIDA;KG;0.000120;;
F02017;ENSALADA NAPOLITANA;ENSALADAS MIXTAS;FICHA;1;SAL DE COCINA;KG;0.002000;;
F02017;ENSALADA NAPOLITANA;ENSALADAS MIXTAS;FICHA;1;ALBAHACA REFRIGERADO;KG;0.003000;;
F02017;ENSALADA NAPOLITANA;ENSALADAS MIXTAS;FICHA;1;CEBOLLA ROJA REFRIGERADA;KG;0.020000;Brunoise;
F02017;ENSALADA NAPOLITANA;ENSALADAS MIXTAS;FICHA;1;PIMIENTO ROJO REFRIGERADO;KG;0.010000;Brunoise;
F02017;ENSALADA NAPOLITANA;ENSALADAS MIXTAS;FICHA;1;TOMATE CRIOLLO REFRIGERADO;KG;0.015000;Brunoise;
F02017;ENSALADA NAPOLITANA;ENSALADAS MIXTAS;FICHA;1;PASTA DE TOMATE;KG;0.003000;;
F02017;ENSALADA NAPOLITANA;ENSALADAS MIXTAS;FICHA;1;ACEITE VEGETAL;L;0.003000;;
F02017;ENSALADA NAPOLITANA;ENSALADAS MIXTAS;FICHA;1;AJO MOLIDO ENVASADO;KG;0.002000;;
F02017;ENSALADA NAPOLITANA;ENSALADAS MIXTAS;FICHA;1;LAUREL;KG;0.000120;;
F02017;ENSALADA NAPOLITANA;ENSALADAS MIXTAS;FICHA;1;FIDEO TORNILLO;KG;0.080000;Cocido;
F02075;ENSALADA DE FIDEOS AL PESTO;ENSALADA COCIDA;FICHA;1;ACEITE VEGETAL;L;0.003000;;"1.Cocer la pasta con sal, pimienta, aceite vegetal y laurel; enfriar y agregar aceite con oregano, reservar.
2.Licuar, albahaca, pecanas, ajo, aceite, queso parmesano, sal y pimienta, hasta que todo quede homogeneo. Reservar.
3.  Colocar en un plato la pasta y añadimos, tomate, queso mozzarella y el pesto. Servir."
F02075;ENSALADA DE FIDEOS AL PESTO;ENSALADA COCIDA;FICHA;1;PECANAS PELADAS;KG;0.001000;;
F02075;ENSALADA DE FIDEOS AL PESTO;ENSALADA COCIDA;FICHA;1;QUESO MOZARELLA REFRIGERADO;KG;0.005000;Rallar;
F02075;ENSALADA DE FIDEOS AL PESTO;ENSALADA COCIDA;FICHA;1;QUESO PARMESANO REFRIGERADO;KG;0.005000;Rallar;
F02075;ENSALADA DE FIDEOS AL PESTO;ENSALADA COCIDA;FICHA;1;LAUREL;KG;0.000060;;
F02075;ENSALADA DE FIDEOS AL PESTO;ENSALADA COCIDA;FICHA;1;AJO MOLIDO ENVASADO;KG;0.002000;;
F02075;ENSALADA DE FIDEOS AL PESTO;ENSALADA COCIDA;FICHA;1;OREGANO ENTERO;KG;0.000060;;
F02075;ENSALADA DE FIDEOS AL PESTO;ENSALADA COCIDA;FICHA;1;PIMIENTA NEGRA MOLIDA;KG;0.000060;;
F02075;ENSALADA DE FIDEOS AL PESTO;ENSALADA COCIDA;FICHA;1;SAL DE COCINA;KG;0.002000;;
F02075;ENSALADA DE FIDEOS AL PESTO;ENSALADA COCIDA;FICHA;1;ALBAHACA MOLIDA ENVASADA;KG;0.010000;;
F02075;ENSALADA DE FIDEOS AL PESTO;ENSALADA COCIDA;FICHA;1;TOMATE CRIOLLO REFRIGERADO;KG;0.020000;Brunoise;
F02075;ENSALADA DE FIDEOS AL PESTO;ENSALADA COCIDA;FICHA;1;FIDEO TORNILLO;KG;0.080000;;
F02081;PAPAS AL ROMERO;GUARN TUBERCULOS;FICHA;1;SAL DE COCINA;KG;0.002000;;"1. Sancochar la papa en agua con sal; Cortar y sazonar con sal y pimienta.
2. Cocinar un minuto en margarina derretida, sal, pimienta y romero; Agregar a las papas y servir."
F02081;PAPAS AL ROMERO;GUARN TUBERCULOS;FICHA;1;PAPA BLANCA REFRIGERADO;KG;0.120000;Sancochado, Rodajas;
F02081;PAPAS AL ROMERO;GUARN TUBERCULOS;FICHA;1;ROMERO FRESCO;KG;0.001000;Picado Fino;
F02081;PAPAS AL ROMERO;GUARN TUBERCULOS;FICHA;1;PIMIENTA NEGRA MOLIDA;KG;0.000120;;
F02081;PAPAS AL ROMERO;GUARN TUBERCULOS;FICHA;1;MARGARINA CON SAL REFRIGERADO GRANEL KG;KG;0.003000;;
F02084;ENSALADA DE FIDEOS II;ENSALADA COCIDA;FICHA;1;JAMON PARA CAFETIN CONGELADO;KG;0.010000;;"1.Cocer la pasta, sal, pimienta,aceite y laurel, enfriar y agregar aceite y oregano; reservar.
2.Saltear las verduras y dejar enfriar una vez frio agregamos a la pasta jamon.  Mezclar con mayonesa, sal y pimienta.
3.Servir y espolvorear con perejil picado fino."
F02084;ENSALADA DE FIDEOS II;ENSALADA COCIDA;FICHA;1;PIMIENTA NEGRA MOLIDA;KG;0.000120;;
F02084;ENSALADA DE FIDEOS II;ENSALADA COCIDA;FICHA;1;SAL DE COCINA;KG;0.002000;;
F02084;ENSALADA DE FIDEOS II;ENSALADA COCIDA;FICHA;1;MAYONESA;KG;0.010000;;
F02084;ENSALADA DE FIDEOS II;ENSALADA COCIDA;FICHA;1;VAINITA ENTERO REFRIGERADO;KG;0.030000;Sesgado/cocido;
F02084;ENSALADA DE FIDEOS II;ENSALADA COCIDA;FICHA;1;ZANAHORIA REFRIGERADO;KG;0.030000;Juliana/cocido;
F02084;ENSALADA DE FIDEOS II;ENSALADA COCIDA;FICHA;1;FIDEO TORNILLO;KG;0.080000;;
F02084;ENSALADA DE FIDEOS II;ENSALADA COCIDA;FICHA;1;PEREJIL LIZO REFRIGERADO;KG;0.002000;;
F02084;ENSALADA DE FIDEOS II;ENSALADA COCIDA;FICHA;1;ACEITE VEGETAL;L;0.003000;;
F02084;ENSALADA DE FIDEOS II;ENSALADA COCIDA;FICHA;1;LAUREL;KG;0.000060;;
F02084;ENSALADA DE FIDEOS II;ENSALADA COCIDA;FICHA;1;OREGANO ENTERO;KG;0.000060;;
F02087;ARROZ A LA MEXICANA;GUARN ARROZ;FICHA;1;ACEITE VEGETAL;L;0.010000;;"1. Hacer un aderezo; aceite, cebolla, ajo, tomate, pasta de tomate, chile jalapeño, sal. Añadir el agua hervir y agregar el arroz, batir hasta que el grano este blando.
2. Cubrir el arroz con una bolsa y tapar, bajar el fuego y continuar con la cocción hasta que granee el arroz.
3. Agregar las verduras y servir con perejil picado."
F02087;ARROZ A LA MEXICANA;GUARN ARROZ;FICHA;1;CEBOLLA ROJA REFRIGERADA;KG;0.015000;Brunoise;
F02087;ARROZ A LA MEXICANA;GUARN ARROZ;FICHA;1;AJO MOLIDO ENVASADO;KG;0.003000;;
F02087;ARROZ A LA MEXICANA;GUARN ARROZ;FICHA;1;TOMATE CRIOLLO REFRIGERADO;KG;0.015000;Concasse;
F02087;ARROZ A LA MEXICANA;GUARN ARROZ;FICHA;1;PASTA DE TOMATE;KG;0.005000;;
F02087;ARROZ A LA MEXICANA;GUARN ARROZ;FICHA;1;SAL DE COCINA;KG;0.003000;;
F02087;ARROZ A LA MEXICANA;GUARN ARROZ;FICHA;1;ARROZ EXTRA;KG;0.120000;;
F02087;ARROZ A LA MEXICANA;GUARN ARROZ;FICHA;1;AGUA PARA RECETA;L;0.180000;;
F02087;ARROZ A LA MEXICANA;GUARN ARROZ;FICHA;1;ARVEJA PELADA CONGELADA;KG;0.005000;Blanquear;
F02087;ARROZ A LA MEXICANA;GUARN ARROZ;FICHA;1;ZANAHORIA REFRIGERADO;KG;0.010000;Jardinera;
F02087;ARROZ A LA MEXICANA;GUARN ARROZ;FICHA;1;AJI LIMO REFRIGERADO;KG;0.001000;Brunoise;
F02087;ARROZ A LA MEXICANA;GUARN ARROZ;FICHA;1;PEREJIL LIZO REFRIGERADO;KG;0.003000;Picado fino;
F02095;PAPA GRATINADA CON QUESO PARMESANO;GUARN TUBERCULOS;FICHA;1;MARGARINA CON SAL REFRIGERADO GRANEL KG;KG;0.003000;;"1. Sancochar la papa en agua con sal; Cortar.
2. Meter al horno con la margarina, sal, pimienta, queso y oregano."
F02095;PAPA GRATINADA CON QUESO PARMESANO;GUARN TUBERCULOS;FICHA;1;QUESO PARMESANO REFRIGERADO;KG;0.005000;Picado Fino;
F02095;PAPA GRATINADA CON QUESO PARMESANO;GUARN TUBERCULOS;FICHA;1;PAPA BLANCA REFRIGERADO;KG;0.120000;Sancochada, Rodajas;
F02095;PAPA GRATINADA CON QUESO PARMESANO;GUARN TUBERCULOS;FICHA;1;SAL DE COCINA;KG;0.002000;;
F02095;PAPA GRATINADA CON QUESO PARMESANO;GUARN TUBERCULOS;FICHA;1;PIMIENTA NEGRA MOLIDA;KG;0.000120;;
F02095;PAPA GRATINADA CON QUESO PARMESANO;GUARN TUBERCULOS;FICHA;1;OREGANO ENTERO;KG;0.000120;;
F02098;SANDWICH CON MILANESA DE POLLO;SANDW CALIENTES;FICHA;1;POLLO PECHUGA FILETE SIN PIEL CONGELADO;KG;0.040000;Filete;"1. Condimentar la pierna de pollo con sal, pimienta, mostaza.
2. Pasar el pollo por harina, huevo batido y pan molido.
3. Freír la milanesa de pollo en aceite caliente. Colocarlo sobre papel absorbente para eliminar el exceso de grasa.
4. Cortar el pan, rellenar con la lechuga, tomate y la milanesa de pollo.
5. Servir."
F02098;SANDWICH CON MILANESA DE POLLO;SANDW CALIENTES;FICHA;1;HUEVO ROSADO REFRIGERADO;KG;0.007000;;
F02098;SANDWICH CON MILANESA DE POLLO;SANDW CALIENTES;FICHA;1;PIMIENTA NEGRA MOLIDA;KG;0.000060;;
F02098;SANDWICH CON MILANESA DE POLLO;SANDW CALIENTES;FICHA;1;SAL DE COCINA;KG;0.001000;;
F02098;SANDWICH CON MILANESA DE POLLO;SANDW CALIENTES;FICHA;1;MOSTAZA;KG;0.001000;;
F02098;SANDWICH CON MILANESA DE POLLO;SANDW CALIENTES;FICHA;1;HARINA DE TRIGO ESPECIAL;KG;0.003000;;
F02098;SANDWICH CON MILANESA DE POLLO;SANDW CALIENTES;FICHA;1;PAN MOLIDO KG.;KG;0.005000;;
F02098;SANDWICH CON MILANESA DE POLLO;SANDW CALIENTES;FICHA;1;ACEITE VEGETAL;L;0.010000;;
F02098;SANDWICH CON MILANESA DE POLLO;SANDW CALIENTES;FICHA;1;LECHUGA ORGANICA REFRIGERADO;KG;0.012000;Decoracion;
F02098;SANDWICH CON MILANESA DE POLLO;SANDW CALIENTES;FICHA;1;TOMATE CRIOLLO REFRIGERADO;KG;0.015000;Rodajas;
F02098;SANDWICH CON MILANESA DE POLLO;SANDW CALIENTES;FICHA;1;PASTIPAN PAN DE HAMBURGUESA;UND;1.000000;;
F02112;PICANTE DE PAPA;GUARN TUBERCULOS;FICHA;1;ACEITE VEGETAL;L;0.005000;;"1. Sudar en aceite, cebolla, ajo, sal, pimienta, aji panca, tomate, paprika, oregano, comino, agua y la papa; Cuando la papa este a mitad de coccion agregar la arveja, zanahoria y pimiento; Sancochar hasta que las verduras esten listas; Ligar con maicena en caso sea necesario.
2. Servir con el perejil picado encima."
F02112;PICANTE DE PAPA;GUARN TUBERCULOS;FICHA;1;AJI PANCA MOLIDO ENVASADO;KG;0.003000;;
F02112;PICANTE DE PAPA;GUARN TUBERCULOS;FICHA;1;PIMIENTA NEGRA MOLIDA;KG;0.000120;;
F02112;PICANTE DE PAPA;GUARN TUBERCULOS;FICHA;1;SAL DE COCINA;KG;0.003000;;
F02112;PICANTE DE PAPA;GUARN TUBERCULOS;FICHA;1;AJO MOLIDO ENVASADO;KG;0.003000;;
F02112;PICANTE DE PAPA;GUARN TUBERCULOS;FICHA;1;PEREJIL LIZO REFRIGERADO;KG;0.003000;Picado Fino;
F02112;PICANTE DE PAPA;GUARN TUBERCULOS;FICHA;1;TOMATE CRIOLLO REFRIGERADO;KG;0.020000;Brunoise;
F02112;PICANTE DE PAPA;GUARN TUBERCULOS;FICHA;1;OREGANO ENTERO;KG;0.000120;;
F02112;PICANTE DE PAPA;GUARN TUBERCULOS;FICHA;1;AGUA PARA RECETA;L;0.030000;;
F02112;PICANTE DE PAPA;GUARN TUBERCULOS;FICHA;1;ARVEJA PELADA CONGELADA;KG;0.005000;Sancochar;
F02112;PICANTE DE PAPA;GUARN TUBERCULOS;FICHA;1;PAPA BLANCA REFRIGERADO;KG;0.100000;Sancochado, Dados;
F02112;PICANTE DE PAPA;GUARN TUBERCULOS;FICHA;1;PIMIENTO ROJO REFRIGERADO;KG;0.010000;Blanqueada, Macedonia;
F02112;PICANTE DE PAPA;GUARN TUBERCULOS;FICHA;1;ZANAHORIA REFRIGERADO;KG;0.010000;Blanqueada, Macedonia;
F02112;PICANTE DE PAPA;GUARN TUBERCULOS;FICHA;1;CEBOLLA ROJA REFRIGERADA;KG;0.015000;Brunoise;
F02112;PICANTE DE PAPA;GUARN TUBERCULOS;FICHA;1;COMINO MOLIDO;KG;0.000060;;
F02112;PICANTE DE PAPA;GUARN TUBERCULOS;FICHA;1;PAPRIKA;KG;0.000120;;
F02114;AJIACO DE CAIGUA;GUARN VERDURAS;FICHA;1;ACEITE VEGETAL;L;0.005000;;"1. Hacer un aderezo, aceite, cebolla, ajo, ají panca, paprika, comino, pimienta, sal, orégano, agregar la papa cocinar. A la mitad de la cocción agregar la caigua y continuar con la cocción.
3. Finalmente agregar la leche, queso fresco.
4. Servir el ajiaco con perejil picado."
F02114;AJIACO DE CAIGUA;GUARN VERDURAS;FICHA;1;AJO MOLIDO ENVASADO;KG;0.003000;;
F02114;AJIACO DE CAIGUA;GUARN VERDURAS;FICHA;1;CEBOLLA ROJA REFRIGERADA;KG;0.015000;Brunoise;
F02114;AJIACO DE CAIGUA;GUARN VERDURAS;FICHA;1;AJI PANCA MOLIDO ENVASADO;KG;0.003000;;
F02114;AJIACO DE CAIGUA;GUARN VERDURAS;FICHA;1;PAPRIKA;KG;0.000120;;
F02114;AJIACO DE CAIGUA;GUARN VERDURAS;FICHA;1;OREGANO ENTERO;KG;0.000120;;
F02114;AJIACO DE CAIGUA;GUARN VERDURAS;FICHA;1;PAPA BLANCA REFRIGERADO;KG;0.050000;Cubos medianos;
F02114;AJIACO DE CAIGUA;GUARN VERDURAS;FICHA;1;CAIGUA REFRIGERADA;KG;0.080000;Juliana;
F02114;AJIACO DE CAIGUA;GUARN VERDURAS;FICHA;1;LECHE EVAPORADA TETRA;L;0.010000;;
F02114;AJIACO DE CAIGUA;GUARN VERDURAS;FICHA;1;QUESO FRESCO REFRIGERADO;KG;0.010000;Cubos medianos;
F02114;AJIACO DE CAIGUA;GUARN VERDURAS;FICHA;1;PEREJIL LIZO REFRIGERADO;KG;0.003000;Picado fino;
F02114;AJIACO DE CAIGUA;GUARN VERDURAS;FICHA;1;AGUA PARA RECETA;L;0.020000;;
F02114;AJIACO DE CAIGUA;GUARN VERDURAS;FICHA;1;PIMIENTA NEGRA MOLIDA;KG;0.000120;;
F02114;AJIACO DE CAIGUA;GUARN VERDURAS;FICHA;1;COMINO MOLIDO;KG;0.000060;;
F02114;AJIACO DE CAIGUA;GUARN VERDURAS;FICHA;1;SAL DE COCINA;KG;0.003000;;
F02146;JUGO DE MARACUYA;BEB JUG PULPA NATURAL;FICHA;1;AGUA PARA RECETA;L;0.125000;;"1. Cortar por la mitad la  maracuyá, extraer la pulpa y licuar ligeramente para separar las pepas.
2. Colocar el jugo de maracuyá en agua y agregar la azúcar.
3. Mezclar bien hasta disolver la azúcar.
4. Servir."
F02146;JUGO DE MARACUYA;BEB JUG PULPA NATURAL;FICHA;1;AZUCAR RUBIA;KG;0.030000;;
F02146;JUGO DE MARACUYA;BEB JUG PULPA NATURAL;FICHA;1;MARACUYA ENTERA REFRIGERADO;KG;0.200000;Lavar y desinfectar;
F02152;SANDWICH CON POLLO Y DURAZNO;SANDWICH FRIOS;FICHA;1;POLLO PECHUGA FILETE SIN PIEL CONGELADO;KG;0.040000;Sancochar;"1. Sancochar el pollo con laurel. Picar finamente y reservar.
2. Mezclar el pollo con el apio, mayonesa, sal, pimienta.
3. Rellenar el pan con la mezcla de pollo."
F02152;SANDWICH CON POLLO Y DURAZNO;SANDWICH FRIOS;FICHA;1;MAYONESA;KG;0.010000;;
F02152;SANDWICH CON POLLO Y DURAZNO;SANDWICH FRIOS;FICHA;1;DURAZNO EN ALMIBAR;KG;0.020000;;
F02152;SANDWICH CON POLLO Y DURAZNO;SANDWICH FRIOS;FICHA;1;PASTIPAN PAN DE YEMA;UND;1.000000;;
F02152;SANDWICH CON POLLO Y DURAZNO;SANDWICH FRIOS;FICHA;1;LAUREL;KG;0.000060;;
F02152;SANDWICH CON POLLO Y DURAZNO;SANDWICH FRIOS;FICHA;1;SAL DE COCINA;KG;0.001000;;
F02228;INFUSION DE TORONJIL;BEB CALIENTES;FICHA;1;TORONJIL SECO;KG;0.001000;;"1. Hervir agua, agregar la infusión en una gasa (cubrepelo), dejar reposar hasta que infusione; endulzar con azúcar. Retirar la gasa y servir."
F02228;INFUSION DE TORONJIL;BEB CALIENTES;FICHA;1;AZUCAR RUBIA;KG;0.020000;;
F02228;INFUSION DE TORONJIL;BEB CALIENTES;FICHA;1;AGUA PARA RECETA;L;0.300000;;
F02241;TACACHO;GUARN OTROS;FICHA;1;MANTECA GRANEL KG;KG;0.010000;;"1. Preparar los chicharrones en la manteca y desmenuzarlos un poco.
2. Asar los plátanos pelados y cuando estén cocidos aplastarlos hasta formar una pasta.
3. Mezclar la carne con los plátanos, sal, pimienta y el culantro, agregar la manteca y sazonar con sal."
F02241;TACACHO;GUARN OTROS;FICHA;1;CERDO PIERNA SIN PIEL Y SIN HUESO REFRIGERADO;KG;0.030000;;
F02241;TACACHO;GUARN OTROS;FICHA;1;PIMIENTA NEGRA MOLIDA;KG;0.000120;;
F02241;TACACHO;GUARN OTROS;FICHA;1;SAL DE COCINA;KG;0.002000;;
F02241;TACACHO;GUARN OTROS;FICHA;1;PLATANO BELLACO REFRIGERADO;KG;0.100000;;
F02241;TACACHO;GUARN OTROS;FICHA;1;CULANTRO REFRIGERADO;KG;0.001000;Picado Fino;
F02244;ENSALADA DE CHOCLO, ESPINACA Y ZANAHORIA;ENSALADA COCIDA;FICHA;1;PIMIENTA NEGRA MOLIDA;KG;0.000120;;"1.Cocer el choclo, anis, azucar, limon. Preparar la vinagreta con mayonesa, mostaza, vinagre, sal, pimienta, oregano.
2.Saltear la espinaca con ajo,reservar, en un plato colocar en forma circular la espinaca, choclo, zanahoria, queso fresco,tomate,pimiento.
3. agregar la vinagreta."
F02244;ENSALADA DE CHOCLO, ESPINACA Y ZANAHORIA;ENSALADA COCIDA;FICHA;1;SAL DE COCINA;KG;0.002000;;
F02244;ENSALADA DE CHOCLO, ESPINACA Y ZANAHORIA;ENSALADA COCIDA;FICHA;1;VINAGRE BLANCO;L;0.004000;;
F02244;ENSALADA DE CHOCLO, ESPINACA Y ZANAHORIA;ENSALADA COCIDA;FICHA;1;CHOCLO DESGRANADO CONGELADO;KG;0.005000;;
F02244;ENSALADA DE CHOCLO, ESPINACA Y ZANAHORIA;ENSALADA COCIDA;FICHA;1;ESPINACA REFRIGERADO;KG;0.060000;Chifonade/salteado;
F02244;ENSALADA DE CHOCLO, ESPINACA Y ZANAHORIA;ENSALADA COCIDA;FICHA;1;PIMIENTO ROJO REFRIGERADO;KG;0.010000;Juliana/salteado;
F02244;ENSALADA DE CHOCLO, ESPINACA Y ZANAHORIA;ENSALADA COCIDA;FICHA;1;TOMATE CRIOLLO REFRIGERADO;KG;0.010000;Rodajas;
F02244;ENSALADA DE CHOCLO, ESPINACA Y ZANAHORIA;ENSALADA COCIDA;FICHA;1;QUESO FRESCO REFRIGERADO;KG;0.010000;Dados;
F02244;ENSALADA DE CHOCLO, ESPINACA Y ZANAHORIA;ENSALADA COCIDA;FICHA;1;ZANAHORIA REFRIGERADO;KG;0.020000;Macedonia/cocido;
F02244;ENSALADA DE CHOCLO, ESPINACA Y ZANAHORIA;ENSALADA COCIDA;FICHA;1;MAYONESA;KG;0.010000;;
F02244;ENSALADA DE CHOCLO, ESPINACA Y ZANAHORIA;ENSALADA COCIDA;FICHA;1;MOSTAZA;KG;0.002000;;
F02244;ENSALADA DE CHOCLO, ESPINACA Y ZANAHORIA;ENSALADA COCIDA;FICHA;1;OREGANO ENTERO;KG;0.000120;;
F02244;ENSALADA DE CHOCLO, ESPINACA Y ZANAHORIA;ENSALADA COCIDA;FICHA;1;LIMON VERDE REFRIGERADO;KG;0.001000;;
F02244;ENSALADA DE CHOCLO, ESPINACA Y ZANAHORIA;ENSALADA COCIDA;FICHA;1;ANIS FILTRANTE (KG);KG;0.000120;;
F02244;ENSALADA DE CHOCLO, ESPINACA Y ZANAHORIA;ENSALADA COCIDA;FICHA;1;AJO MOLIDO ENVASADO;KG;0.001000;;
F02244;ENSALADA DE CHOCLO, ESPINACA Y ZANAHORIA;ENSALADA COCIDA;FICHA;1;ACEITE VEGETAL;L;0.003000;;
F02244;ENSALADA DE CHOCLO, ESPINACA Y ZANAHORIA;ENSALADA COCIDA;FICHA;1;AZUCAR RUBIA;KG;0.001000;;
F02245;ENSALADA DE COLIFLOR, CHOCLO, PEP Y ZANA;ENSALADAS MIXTAS;FICHA;1;ACEITE VEGETAL;L;0.003000;;"1. Cocer el choclo , azucar, anis, limon. Colocar en un plato coliflor, papa, huevo en rodaja,tomate, choclo, zanahoria y pepinillo.
2. Añadir el aliño de aceite, limon, sal y pimienta.
3. Decorar con perejil picado."
F02245;ENSALADA DE COLIFLOR, CHOCLO, PEP Y ZANA;ENSALADAS MIXTAS;FICHA;1;PIMIENTA NEGRA MOLIDA;KG;0.000120;;
F02245;ENSALADA DE COLIFLOR, CHOCLO, PEP Y ZANA;ENSALADAS MIXTAS;FICHA;1;SAL DE COCINA;KG;0.002000;;
F02245;ENSALADA DE COLIFLOR, CHOCLO, PEP Y ZANA;ENSALADAS MIXTAS;FICHA;1;HUEVO ROSADO REFRIGERADO;KG;0.010000;Cocido;
F02245;ENSALADA DE COLIFLOR, CHOCLO, PEP Y ZANA;ENSALADAS MIXTAS;FICHA;1;PAPA BLANCA REFRIGERADO;KG;0.030000;Macedonia/cocido;
F02245;ENSALADA DE COLIFLOR, CHOCLO, PEP Y ZANA;ENSALADAS MIXTAS;FICHA;1;COLIFLOR 20-40 CONGELADO;KG;0.021000;Flores/cocido;
F02245;ENSALADA DE COLIFLOR, CHOCLO, PEP Y ZANA;ENSALADAS MIXTAS;FICHA;1;TOMATE CRIOLLO REFRIGERADO;KG;0.010000;Rodajas;
F02245;ENSALADA DE COLIFLOR, CHOCLO, PEP Y ZANA;ENSALADAS MIXTAS;FICHA;1;PEREJIL LIZO REFRIGERADO;KG;0.002000;Picado fino;
F02245;ENSALADA DE COLIFLOR, CHOCLO, PEP Y ZANA;ENSALADAS MIXTAS;FICHA;1;LIMON VERDE REFRIGERADO;KG;0.010000;;
F02245;ENSALADA DE COLIFLOR, CHOCLO, PEP Y ZANA;ENSALADAS MIXTAS;FICHA;1;CHOCLO DESGRANADO CONGELADO;KG;0.005000;;
F02245;ENSALADA DE COLIFLOR, CHOCLO, PEP Y ZANA;ENSALADAS MIXTAS;FICHA;1;ANIS FILTRANTE (KG);KG;0.000120;;
F02245;ENSALADA DE COLIFLOR, CHOCLO, PEP Y ZANA;ENSALADAS MIXTAS;FICHA;1;AZUCAR RUBIA;KG;0.000120;;
F02245;ENSALADA DE COLIFLOR, CHOCLO, PEP Y ZANA;ENSALADAS MIXTAS;FICHA;1;ZANAHORIA REFRIGERADO;KG;0.025000;Macedonia/cocido;
F02245;ENSALADA DE COLIFLOR, CHOCLO, PEP Y ZANA;ENSALADAS MIXTAS;FICHA;1;PEPINILLO REFRIGERADO;KG;0.030000;Rodajas;
F02247;ENSALADA DE LECHUGA, RABANITO Y TOMATE;ENSALADAS FRESCAS;FICHA;1;SAL DE COCINA;KG;0.002000;;"1.Preparar el encurtido de rabanito, con azucar, vinagre, pimienta entera y aji amarillo.
2.Preparar una vinagreta con mayonesa, mostaza, sal, pimienta, oregano.
3.Colocar en el plato la lechuga, rabanito, tomate, pepinillo y decorar con el jamon. Bañar con la vinagreta."
F02247;ENSALADA DE LECHUGA, RABANITO Y TOMATE;ENSALADAS FRESCAS;FICHA;1;LECHUGA ORGANICA REFRIGERADO;KG;0.050000;Chifonade;
F02247;ENSALADA DE LECHUGA, RABANITO Y TOMATE;ENSALADAS FRESCAS;FICHA;1;PEPINILLO REFRIGERADO;KG;0.015000;Rodajas;
F02247;ENSALADA DE LECHUGA, RABANITO Y TOMATE;ENSALADAS FRESCAS;FICHA;1;RABANITO REFRIGERADO;KG;0.030000;Encurtido;
F02247;ENSALADA DE LECHUGA, RABANITO Y TOMATE;ENSALADAS FRESCAS;FICHA;1;TOMATE CRIOLLO REFRIGERADO;KG;0.030000;Rodajas;
F02247;ENSALADA DE LECHUGA, RABANITO Y TOMATE;ENSALADAS FRESCAS;FICHA;1;JAMON PARA CAFETIN CONGELADO;KG;0.010000;Cucurucho;
F02247;ENSALADA DE LECHUGA, RABANITO Y TOMATE;ENSALADAS FRESCAS;FICHA;1;AZUCAR RUBIA;KG;0.003000;;
F02247;ENSALADA DE LECHUGA, RABANITO Y TOMATE;ENSALADAS FRESCAS;FICHA;1;VINAGRE BLANCO;L;0.010000;;
F02247;ENSALADA DE LECHUGA, RABANITO Y TOMATE;ENSALADAS FRESCAS;FICHA;1;LAUREL;KG;0.000060;;
F02247;ENSALADA DE LECHUGA, RABANITO Y TOMATE;ENSALADAS FRESCAS;FICHA;1;AJI AMARILLO REFRIGERADO;KG;0.001000;Juliana;
F02247;ENSALADA DE LECHUGA, RABANITO Y TOMATE;ENSALADAS FRESCAS;FICHA;1;MAYONESA;KG;0.010000;;
F02247;ENSALADA DE LECHUGA, RABANITO Y TOMATE;ENSALADAS FRESCAS;FICHA;1;MOSTAZA;KG;0.002000;;
F02247;ENSALADA DE LECHUGA, RABANITO Y TOMATE;ENSALADAS FRESCAS;FICHA;1;OREGANO ENTERO;KG;0.000120;;
F02247;ENSALADA DE LECHUGA, RABANITO Y TOMATE;ENSALADAS FRESCAS;FICHA;1;PIMIENTA NEGRA MOLIDA;KG;0.000120;;
F02248;SANDWICH CON CHICHARRON DE PRENSA;SANDWICH FRIOS;FICHA;1;CHICHARRON DE PRENSA CONGELADO;KG;0.020000;;"1. Cortar el pan y rellenarlo con el chicharron de prensa.
2. Servir."
F02248;SANDWICH CON CHICHARRON DE PRENSA;SANDWICH FRIOS;FICHA;1;PAN FRANCES MEDIANO;UND;1.000000;;
F02250;FRIJOLES REFRITOS;GUARN MENESTRAS;FICHA;1;ACEITE VEGETAL;L;0.005000;;"1. Remojar el frejol para ablandar.
2. Sancochar el frejol en agua hasta que estén suaves.
3. Hacer un aderezo, aceite, cebolla, ajo, ají amarillo. Agregarlo a la cocción.
4. Condimentar con sal, pimienta, comino, orégano.
5. Ligar las menestras con maicena, ligeramente. Aromatizar con culantro Servir."
F02250;FRIJOLES REFRITOS;GUARN MENESTRAS;FICHA;1;SAL DE COCINA;KG;0.003000;;
F02250;FRIJOLES REFRITOS;GUARN MENESTRAS;FICHA;1;AJO MOLIDO ENVASADO;KG;0.003000;;
F02250;FRIJOLES REFRITOS;GUARN MENESTRAS;FICHA;1;CEBOLLA ROJA REFRIGERADA;KG;0.015000;Brunoise;
F02250;FRIJOLES REFRITOS;GUARN MENESTRAS;FICHA;1;FRIJOL CANARIO;KG;0.060000;Remojar;
F02250;FRIJOLES REFRITOS;GUARN MENESTRAS;FICHA;1;CULANTRO REFRIGERADO;KG;0.003000;Picado fino;
F02250;FRIJOLES REFRITOS;GUARN MENESTRAS;FICHA;1;AJI AMARILLO MOLIDO ENVASADO;KG;0.003000;;
F02250;FRIJOLES REFRITOS;GUARN MENESTRAS;FICHA;1;OREGANO ENTERO;KG;0.000120;;
F02250;FRIJOLES REFRITOS;GUARN MENESTRAS;FICHA;1;COMINO MOLIDO;KG;0.000060;;
F02250;FRIJOLES REFRITOS;GUARN MENESTRAS;FICHA;1;PIMIENTA NEGRA MOLIDA;KG;0.000120;;
F02250;FRIJOLES REFRITOS;GUARN MENESTRAS;FICHA;1;AGUA PARA RECETA;L;0.250000;;
F02250;FRIJOLES REFRITOS;GUARN MENESTRAS;FICHA;1;MAICENA;KG;0.003000;;
F02251;PATACONES;GUARN OTROS;FICHA;1;PIMIENTA NEGRA MOLIDA;KG;0.000120;;"1. En aceite tibio agregar el platano y dejar hasta que este tierno.
2. Aplastar con un plato hasta que tome forma de moneda; Freir hasta que este crujiente; Sazonar con sal y pimienta."
F02251;PATACONES;GUARN OTROS;FICHA;1;SAL DE COCINA;KG;0.002000;;
F02251;PATACONES;GUARN OTROS;FICHA;1;ACEITE VEGETAL;L;0.005000;;
F02251;PATACONES;GUARN OTROS;FICHA;1;PLATANO BELLACO REFRIGERADO;KG;0.120000;Rodajas de 2 cms de Ancho;
F02252;PAPA LIONESA;GUARN TUBERCULOS;FICHA;1;ACEITE VEGETAL;L;0.005000;;"1. Blanquear las papas cortadas en media luna en agua con sal; Reservar.
2. Saltear en aceite vegetal, cebolla, ajo, paprika, sal, pimienta, oregano y las papas."
F02252;PAPA LIONESA;GUARN TUBERCULOS;FICHA;1;SAL DE COCINA;KG;0.002000;;
F02252;PAPA LIONESA;GUARN TUBERCULOS;FICHA;1;AJO MOLIDO ENVASADO;KG;0.001000;;
F02252;PAPA LIONESA;GUARN TUBERCULOS;FICHA;1;PIMIENTA NEGRA MOLIDA;KG;0.000120;;
F02252;PAPA LIONESA;GUARN TUBERCULOS;FICHA;1;PAPRIKA;KG;0.000120;;
F02252;PAPA LIONESA;GUARN TUBERCULOS;FICHA;1;OREGANO ENTERO;KG;0.000120;;
F02252;PAPA LIONESA;GUARN TUBERCULOS;FICHA;1;CEBOLLA ROJA REFRIGERADA;KG;0.030000;;
F02252;PAPA LIONESA;GUARN TUBERCULOS;FICHA;1;PAPA BLANCA REFRIGERADO;KG;0.100000;Media Luna, Blanqueadas hasta estar al dente.;
F02253;TALLARINES EN SALSA NAPOLITANA;GUARN PASTAS;FICHA;1;FIDEO SPAGUETTI;KG;0.120000;Sancochado;"1. Hacer un aderezo de aceite, cebolla, ajo, pasta de tomate, tomate, laurel, oregano, agregar agua y dejar cocinar.
2. Agregar azúcar para bajar la acidez, aromatiar con albahaca.
3. Ligar la preparación con maicena diluida en agua.
4. Sancochar la pasta en agua hirviendo con sal y aceite; Servir con la salsa."
F02253;TALLARINES EN SALSA NAPOLITANA;GUARN PASTAS;FICHA;1;PIMIENTA NEGRA MOLIDA;KG;0.000120;;
F02253;TALLARINES EN SALSA NAPOLITANA;GUARN PASTAS;FICHA;1;SAL DE COCINA;KG;0.003000;;
F02253;TALLARINES EN SALSA NAPOLITANA;GUARN PASTAS;FICHA;1;ACEITE VEGETAL;L;0.010000;;
F02253;TALLARINES EN SALSA NAPOLITANA;GUARN PASTAS;FICHA;1;AJO MOLIDO ENVASADO;KG;0.003000;;
F02253;TALLARINES EN SALSA NAPOLITANA;GUARN PASTAS;FICHA;1;CEBOLLA ROJA REFRIGERADA;KG;0.040000;Brunoise;
F02253;TALLARINES EN SALSA NAPOLITANA;GUARN PASTAS;FICHA;1;PASTA DE TOMATE;KG;0.005000;;
F02253;TALLARINES EN SALSA NAPOLITANA;GUARN PASTAS;FICHA;1;LAUREL;KG;0.000120;;
F02253;TALLARINES EN SALSA NAPOLITANA;GUARN PASTAS;FICHA;1;OREGANO ENTERO;KG;0.000120;;
F02253;TALLARINES EN SALSA NAPOLITANA;GUARN PASTAS;FICHA;1;TOMATE CRIOLLO REFRIGERADO;KG;0.030000;Brunoise;
F02253;TALLARINES EN SALSA NAPOLITANA;GUARN PASTAS;FICHA;1;ALBAHACA REFRIGERADO;KG;0.005000;;
F02253;TALLARINES EN SALSA NAPOLITANA;GUARN PASTAS;FICHA;1;AGUA PARA RECETA;L;0.020000;;
F02253;TALLARINES EN SALSA NAPOLITANA;GUARN PASTAS;FICHA;1;MAICENA;KG;0.003000;;
F02253;TALLARINES EN SALSA NAPOLITANA;GUARN PASTAS;FICHA;1;AZUCAR RUBIA;KG;0.001000;;
F02254;ENSALADA AFRODISIACA;ENSALADAS MIXTAS;FICHA;1;PIMIENTA NEGRA MOLIDA;KG;0.000120;;"1. Mezclar la lechuga orgánica con los pimientos, mango, naranja en gajos.
2. Vinagreta: Mezclar, mayonesa, jugo de maracuyá, kión, salsa de ostión, vinagre blanco, azúcar, sal, pimienta y aceite de ajonjolí, mezclar bien hasta que emulsione.
3. Acomodar de base las hojas de lechuga, encima las verduras y frutas, decorar con palta en gajos y acompañar con la vinagreta agridulce. Servir."
F02254;ENSALADA AFRODISIACA;ENSALADAS MIXTAS;FICHA;1;SAL DE COCINA;KG;0.001000;;
F02254;ENSALADA AFRODISIACA;ENSALADAS MIXTAS;FICHA;1;MAYONESA;KG;0.015000;;
F02254;ENSALADA AFRODISIACA;ENSALADAS MIXTAS;FICHA;1;AZUCAR RUBIA;KG;0.001000;;
F02254;ENSALADA AFRODISIACA;ENSALADAS MIXTAS;FICHA;1;MANGO EDWARD REFRIGERADO;KG;0.030000;Gajos;
F02254;ENSALADA AFRODISIACA;ENSALADAS MIXTAS;FICHA;1;MARACUYA ENTERA REFRIGERADO;KG;0.020000;;
F02254;ENSALADA AFRODISIACA;ENSALADAS MIXTAS;FICHA;1;LECHUGA ORGANICA REFRIGERADO;KG;0.040000;Decoración;
F02254;ENSALADA AFRODISIACA;ENSALADAS MIXTAS;FICHA;1;PIMIENTO ROJO REFRIGERADO;KG;0.010000;Juliana / Juliana;
F02254;ENSALADA AFRODISIACA;ENSALADAS MIXTAS;FICHA;1;NARANJA DE MESA REFRIGERADO;KG;0.030000;Gajos;
F02254;ENSALADA AFRODISIACA;ENSALADAS MIXTAS;FICHA;1;VINAGRE BLANCO;L;0.001000;;
F02254;ENSALADA AFRODISIACA;ENSALADAS MIXTAS;FICHA;1;KION MOLIDO ENVASADO;KG;0.000120;;
F02254;ENSALADA AFRODISIACA;ENSALADAS MIXTAS;FICHA;1;SALSA DE OSTION;L;0.000120;;
F02254;ENSALADA AFRODISIACA;ENSALADAS MIXTAS;FICHA;1;PALTA FUERTE REFRIGERADO;KG;0.020000;Media lunas;
F02255;ENSALADA CRIOLLA;ENSALADAS FRESCAS;FICHA;1;ACEITE VEGETAL;L;0.003000;;"1.Preparar el aliño con aceite, limon, pimienta y sal.
2.Mezclar todas los ingredientes y anadimos el aliño
3.Servir sobre la lechuga."
F02255;ENSALADA CRIOLLA;ENSALADAS FRESCAS;FICHA;1;PIMIENTA NEGRA MOLIDA;KG;0.000120;;
F02255;ENSALADA CRIOLLA;ENSALADAS FRESCAS;FICHA;1;SAL DE COCINA;KG;0.002000;;
F02255;ENSALADA CRIOLLA;ENSALADAS FRESCAS;FICHA;1;CULANTRO REFRIGERADO;KG;0.002000;Picado fino;
F02255;ENSALADA CRIOLLA;ENSALADAS FRESCAS;FICHA;1;LIMON VERDE REFRIGERADO;KG;0.010000;;
F02255;ENSALADA CRIOLLA;ENSALADAS FRESCAS;FICHA;1;CEBOLLA ROJA REFRIGERADA;KG;0.030000;Juliana;
F02255;ENSALADA CRIOLLA;ENSALADAS FRESCAS;FICHA;1;COL CRIOLLA REFRIGERADO;KG;0.030000;Juliana;
F02255;ENSALADA CRIOLLA;ENSALADAS FRESCAS;FICHA;1;LECHUGA AMERICANA REFRIGERADO;KG;0.030000;Juliana;
F02255;ENSALADA CRIOLLA;ENSALADAS FRESCAS;FICHA;1;TOMATE CRIOLLO REFRIGERADO;KG;0.030000;Juliana;
F02257;ENSALADA JARDINERA;ENSALADAS MIXTAS;FICHA;1;ACEITE VEGETAL;L;0.003000;;"1. Preparar un aliño de maracuyá con miel, sal, aceite, pimienta, jugo de maracuyá.
2. Sancochar el choclo con azúcar, limón, anís, reservar.
3. Romper la lechuga con las manos, poner de base en el plato y colocar de manera ordenada el choclo, zanahoria, vainita, brócoli, champiñones, palta.
4. Servir bañado con el aliño."
F02257;ENSALADA JARDINERA;ENSALADAS MIXTAS;FICHA;1;BROCOLI 20-40 CONGELADO;KG;0.021000;Flores cocida;
F02257;ENSALADA JARDINERA;ENSALADAS MIXTAS;FICHA;1;VAINITA ENTERO REFRIGERADO;KG;0.020000;Sesgado/ cocido;
F02257;ENSALADA JARDINERA;ENSALADAS MIXTAS;FICHA;1;ZANAHORIA REFRIGERADO;KG;0.020000;Rallar;
F02257;ENSALADA JARDINERA;ENSALADAS MIXTAS;FICHA;1;CHOCLO DESGRANADO CONGELADO;KG;0.005000;Cocido;
F02257;ENSALADA JARDINERA;ENSALADAS MIXTAS;FICHA;1;LECHUGA ORGANICA REFRIGERADO;KG;0.030000;;
F02257;ENSALADA JARDINERA;ENSALADAS MIXTAS;FICHA;1;CHAMPIGÑONES REFRIGERADO;KG;0.015000;Cuartos;
F02257;ENSALADA JARDINERA;ENSALADAS MIXTAS;FICHA;1;PALTA FUERTE REFRIGERADO;KG;0.015000;Abanico;
F02257;ENSALADA JARDINERA;ENSALADAS MIXTAS;FICHA;1;MARACUYA ENTERA REFRIGERADO;KG;0.015000;;
F02257;ENSALADA JARDINERA;ENSALADAS MIXTAS;FICHA;1;MIEL DE ABEJA;KG;0.003000;;
F02257;ENSALADA JARDINERA;ENSALADAS MIXTAS;FICHA;1;SAL DE COCINA;KG;0.001000;;
F02257;ENSALADA JARDINERA;ENSALADAS MIXTAS;FICHA;1;LIMON VERDE REFRIGERADO;KG;0.001000;;
F02257;ENSALADA JARDINERA;ENSALADAS MIXTAS;FICHA;1;PIMIENTA NEGRA MOLIDA;KG;0.000120;;
F02257;ENSALADA JARDINERA;ENSALADAS MIXTAS;FICHA;1;AZUCAR RUBIA;KG;0.001000;;
F02257;ENSALADA JARDINERA;ENSALADAS MIXTAS;FICHA;1;ANIS FILTRANTE (KG);KG;0.000120;;
F02373;FIDEOS AL AJO;GUARN PASTAS;FICHA;1;MARGARINA CON SAL REFRIGERADO GRANEL KG;KG;0.010000;;"1. Sancochar la pasta en agua con sal y laurel. Colar, escurrir y agregar aceite para que no se peguen.
2. Saltear en aceite y margarina, ajo, los fideos sancochados, condimentar con sal, pimienta, aromatizar con perejil y albahaca.
3. Servir la pasta con queso parmesano."
F02373;FIDEOS AL AJO;GUARN PASTAS;FICHA;1;AJO MOLIDO ENVASADO;KG;0.002000;;
F02373;FIDEOS AL AJO;GUARN PASTAS;FICHA;1;PIMIENTA NEGRA MOLIDA;KG;0.000120;;
F02373;FIDEOS AL AJO;GUARN PASTAS;FICHA;1;SAL DE COCINA;KG;0.003000;;
F02373;FIDEOS AL AJO;GUARN PASTAS;FICHA;1;FIDEO SPAGUETTI;KG;0.140000;;
F02373;FIDEOS AL AJO;GUARN PASTAS;FICHA;1;LAUREL;KG;0.000120;;
F02373;FIDEOS AL AJO;GUARN PASTAS;FICHA;1;PEREJIL LIZO REFRIGERADO;KG;0.003000;Picado fino;
F02373;FIDEOS AL AJO;GUARN PASTAS;FICHA;1;ALBAHACA REFRIGERADO;KG;0.001000;Chifonade;
F02373;FIDEOS AL AJO;GUARN PASTAS;FICHA;1;QUESO PARMESANO REFRIGERADO;KG;0.001000;Rallado;
F02373;FIDEOS AL AJO;GUARN PASTAS;FICHA;1;ACEITE VEGETAL;L;0.006000;;
F02374;ENSALADA DE VAINITA CON PASAS;ENSALADAS FRESCAS;FICHA;1;MAYONESA;KG;0.015000;;"1.En un bol colocar, todos los ingredientes, reservar.
2.Servir moldeado en aro sobre una hoja de lechuga y el perejil picado."
F02374;ENSALADA DE VAINITA CON PASAS;ENSALADAS FRESCAS;FICHA;1;PIMIENTA NEGRA MOLIDA;KG;0.000120;;
F02374;ENSALADA DE VAINITA CON PASAS;ENSALADAS FRESCAS;FICHA;1;SAL DE COCINA;KG;0.002000;;
F02374;ENSALADA DE VAINITA CON PASAS;ENSALADAS FRESCAS;FICHA;1;LECHUGA ORGANICA REFRIGERADO;KG;0.012000;;
F02374;ENSALADA DE VAINITA CON PASAS;ENSALADAS FRESCAS;FICHA;1;VAINITA ENTERO REFRIGERADO;KG;0.100000;Sesgado/cocido;
F02374;ENSALADA DE VAINITA CON PASAS;ENSALADAS FRESCAS;FICHA;1;APIO REFRIGERADO;KG;0.020000;Brunoise;
F02374;ENSALADA DE VAINITA CON PASAS;ENSALADAS FRESCAS;FICHA;1;HIGO SECO;KG;0.007000;Picado fino;
F02374;ENSALADA DE VAINITA CON PASAS;ENSALADAS FRESCAS;FICHA;1;PASAS NEGRAS SECAS;KG;0.005000;Picado fino;
F02379;ENSALADA DE VERDURAS PRIMAVERA;ENSALADAS MIXTAS;FICHA;1;ACEITE VEGETAL;L;0.003000;;"1.Sancochar los  fideos en agua, laurel, sal, y aceite. Enfriar y reservar agregando un poco de aceite para que no se peguen los fideos.
2.En un bol mezclar el resto de los ingredientes,  rectificar sazón.
3.Servir decorado con perejil  picado."
F02379;ENSALADA DE VERDURAS PRIMAVERA;ENSALADAS MIXTAS;FICHA;1;LAUREL;KG;0.000060;;
F02379;ENSALADA DE VERDURAS PRIMAVERA;ENSALADAS MIXTAS;FICHA;1;PIMIENTA NEGRA MOLIDA;KG;0.000120;;
F02379;ENSALADA DE VERDURAS PRIMAVERA;ENSALADAS MIXTAS;FICHA;1;SAL DE COCINA;KG;0.002000;;
F02379;ENSALADA DE VERDURAS PRIMAVERA;ENSALADAS MIXTAS;FICHA;1;MAYONESA;KG;0.015000;;
F02379;ENSALADA DE VERDURAS PRIMAVERA;ENSALADAS MIXTAS;FICHA;1;ARVEJA PELADA CONGELADA;KG;0.005000;Sancochar;
F02379;ENSALADA DE VERDURAS PRIMAVERA;ENSALADAS MIXTAS;FICHA;1;LIMON VERDE REFRIGERADO;KG;0.005000;;
F02379;ENSALADA DE VERDURAS PRIMAVERA;ENSALADAS MIXTAS;FICHA;1;PEREJIL LIZO REFRIGERADO;KG;0.002000;Picado fino;
F02379;ENSALADA DE VERDURAS PRIMAVERA;ENSALADAS MIXTAS;FICHA;1;PIMIENTO ROJO REFRIGERADO;KG;0.020000;Juliana/cocido;
F02379;ENSALADA DE VERDURAS PRIMAVERA;ENSALADAS MIXTAS;FICHA;1;FIDEO CODITO;KG;0.080000;;
F02379;ENSALADA DE VERDURAS PRIMAVERA;ENSALADAS MIXTAS;FICHA;1;ZANAHORIA REFRIGERADO;KG;0.025000;Juliana/cocido;
F02379;ENSALADA DE VERDURAS PRIMAVERA;ENSALADAS MIXTAS;FICHA;1;ALBAHACA REFRIGERADO;KG;0.005000;Picado fino;
F02379;ENSALADA DE VERDURAS PRIMAVERA;ENSALADAS MIXTAS;FICHA;1;TOCINO AHUMADO REFRIGERADO;KG;0.003000;Brunoise/salteado;
F02413;SANDWICH CON TORTILLA;SANDW CALIENTES;FICHA;1;ACEITE VEGETAL;L;0.005000;;"1. En un bolw mezclar el huevo, sal, pimienta.
2. Calentar aceite y freír la tortilla.
3. Cortar el pan y rellenar."
F02413;SANDWICH CON TORTILLA;SANDW CALIENTES;FICHA;1;HUEVO ROSADO REFRIGERADO;KG;0.060000;;
F02413;SANDWICH CON TORTILLA;SANDW CALIENTES;FICHA;1;SAL DE COCINA;KG;0.001000;;
F02413;SANDWICH CON TORTILLA;SANDW CALIENTES;FICHA;1;PASTIPAN PAN DE YEMA;UND;1.000000;;
F02413;SANDWICH CON TORTILLA;SANDW CALIENTES;FICHA;1;PIMIENTA NEGRA MOLIDA;KG;0.000060;;
F02428;KIWICHA CON LECHE;BEB CALIENTES;FICHA;1;LECHE EVAPORADA TETRA;L;0.030000;;"1. Disolver la harina de kiwicha en agua fría.
2. Hervir agua con canela, clavo de olor, azúcar.
3. Agregar harina disuelta. Mover constantemente para que no se pegue en el fondo.
4. Agregar leche evaporada.
5. Servir."
F02428;KIWICHA CON LECHE;BEB CALIENTES;FICHA;1;CANELA ENTERA;KG;0.000120;;
F02428;KIWICHA CON LECHE;BEB CALIENTES;FICHA;1;CLAVO DE OLOR ENTERO;KG;0.000060;;
F02428;KIWICHA CON LECHE;BEB CALIENTES;FICHA;1;AZUCAR RUBIA;KG;0.025000;;
F02428;KIWICHA CON LECHE;BEB CALIENTES;FICHA;1;HARINA DE KIWICHA;KG;0.020000;;
F02428;KIWICHA CON LECHE;BEB CALIENTES;FICHA;1;AGUA PARA RECETA;L;0.280000;;
F02453;MINGADO;BEB CALIENTES;FICHA;1;CANELA ENTERA;KG;0.000120;;"1. Sancochar el platano con canela, clavo, azucar.
2. Licuar con agua y leche.
3. Servir."
F02453;MINGADO;BEB CALIENTES;FICHA;1;CLAVO DE OLOR ENTERO;KG;0.000060;;
F02453;MINGADO;BEB CALIENTES;FICHA;1;AZUCAR RUBIA;KG;0.020000;;
F02453;MINGADO;BEB CALIENTES;FICHA;1;PLATANO BELLACO REFRIGERADO;KG;0.060000;Sancochar;
F02453;MINGADO;BEB CALIENTES;FICHA;1;LECHE EVAPORADA TETRA;L;0.020000;;
F02453;MINGADO;BEB CALIENTES;FICHA;1;AGUA PARA RECETA;L;0.280000;;
F02469;FRIJOL BAYO GUISADO;GUARN MENESTRAS;FICHA;1;ACEITE VEGETAL;L;0.005000;;"1.  Remojar el frejol la noche anterior y sancochar hasta que este blando.
2. Aderezo; aceite, cebolla, ajo, , pasta de tomate, ají panca, sal, pimienta, comino, orégano. Agregarlo a la cocción de la menestra y continuar la cocción por unos minutos más.
3. Si es necesario ligar con maicena diluida en agua.
4. Servir."
F02469;FRIJOL BAYO GUISADO;GUARN MENESTRAS;FICHA;1;SAL DE COCINA;KG;0.003000;;
F02469;FRIJOL BAYO GUISADO;GUARN MENESTRAS;FICHA;1;AJO MOLIDO ENVASADO;KG;0.003000;;
F02469;FRIJOL BAYO GUISADO;GUARN MENESTRAS;FICHA;1;CEBOLLA ROJA REFRIGERADA;KG;0.015000;Brunoise;
F02469;FRIJOL BAYO GUISADO;GUARN MENESTRAS;FICHA;1;FRIJOL BAYO;KG;0.060000;Remojar;
F02469;FRIJOL BAYO GUISADO;GUARN MENESTRAS;FICHA;1;PASTA DE TOMATE;KG;0.002000;;
F02469;FRIJOL BAYO GUISADO;GUARN MENESTRAS;FICHA;1;AJI PANCA MOLIDO ENVASADO;KG;0.003000;;
F02469;FRIJOL BAYO GUISADO;GUARN MENESTRAS;FICHA;1;OREGANO ENTERO;KG;0.000120;;
F02469;FRIJOL BAYO GUISADO;GUARN MENESTRAS;FICHA;1;COMINO MOLIDO;KG;0.000060;;
F02469;FRIJOL BAYO GUISADO;GUARN MENESTRAS;FICHA;1;PIMIENTA NEGRA MOLIDA;KG;0.000120;;
F02469;FRIJOL BAYO GUISADO;GUARN MENESTRAS;FICHA;1;AGUA PARA RECETA;L;0.250000;;
F02469;FRIJOL BAYO GUISADO;GUARN MENESTRAS;FICHA;1;MAICENA;KG;0.003000;;
F02509;JUGO DE YACON;BEB JUG PULPA NATURAL;FICHA;1;YACON REFRIGERADO;KG;0.300000;Pelar;"1. Cortar el yacon . Licuar con agua.
2. Agregar jugo de limón para que no se oxide.
3. Servir."
F02509;JUGO DE YACON;BEB JUG PULPA NATURAL;FICHA;1;LIMON VERDE REFRIGERADO;KG;0.005000;Jugo de limon;
F02509;JUGO DE YACON;BEB JUG PULPA NATURAL;FICHA;1;AGUA PARA RECETA;L;0.125000;;
F02511;TORTILLA DE BROCOLI;GUARN VERDURAS;FICHA;1;ACEITE VEGETAL;L;0.005000;;"1. Blanquear el brocoli en agua con sal; Picar.
2. Batir el huevo, sal, pimienta, oregano y el brocoli picado.
3. Freir en aceite la tortilla."
F02511;TORTILLA DE BROCOLI;GUARN VERDURAS;FICHA;1;HUEVO ROSADO REFRIGERADO;KG;0.060000;;
F02511;TORTILLA DE BROCOLI;GUARN VERDURAS;FICHA;1;PIMIENTA NEGRA MOLIDA;KG;0.000120;;
F02511;TORTILLA DE BROCOLI;GUARN VERDURAS;FICHA;1;SAL DE COCINA;KG;0.002000;;
F02511;TORTILLA DE BROCOLI;GUARN VERDURAS;FICHA;1;BROCOLI 20-40 CONGELADO;KG;0.028000;Blanqueado, Picado;
F02511;TORTILLA DE BROCOLI;GUARN VERDURAS;FICHA;1;OREGANO ENTERO;KG;0.000120;;
F02551;REFRESCO INSTANTANEO DE GUANABANA;BEB JUGOS INSTANTANEOS;FICHA;1;AGUA PARA RECETA;L;0.298507;;"1. Diluir el concentrado en agua. Mezclar bien.
2. Servir."
F02551;REFRESCO INSTANTANEO DE GUANABANA;BEB JUGOS INSTANTANEOS;FICHA;1;BLEND DE GUANABANA QUIMTIA;L;0.001493;;
F02552;REFRESCO INSTANTANEO DE DURAZNO;BEB JUGOS INSTANTANEOS;FICHA;1;AGUA PARA RECETA;L;0.298507;;"1. Diluir el concentrado en agua. Mezclar bien.
2. Servir."
F02552;REFRESCO INSTANTANEO DE DURAZNO;BEB JUGOS INSTANTANEOS;FICHA;1;BLEND DE DURAZNO QUIMTIA;L;0.001493;;
F02553;REFRESCO INSTANTANEO DE FRUTOS ROJOS;BEB JUGOS INSTANTANEOS;FICHA;1;AGUA PARA RECETA;L;0.298507;;"1. Diluir el concentrado en agua. Mezclar bien.
2. Servir."
F02553;REFRESCO INSTANTANEO DE FRUTOS ROJOS;BEB JUGOS INSTANTANEOS;FICHA;1;BLEND DE FRUTOS ROJOS QUIMTIA;L;0.001493;;
F02554;REFRESCO INSTANTANEO DE FRESA;BEB JUGOS INSTANTANEOS;FICHA;1;AGUA PARA RECETA;L;0.298507;;"1. Diluir el concentrado en agua. Mezclar bien.
2. Servir."
F02554;REFRESCO INSTANTANEO DE FRESA;BEB JUGOS INSTANTANEOS;FICHA;1;BLEND DE FRESA QUIMTIA;L;0.001493;;
F02555;REFRESCO INSTANTANEO DE NARANJA;BEB JUGOS INSTANTANEOS;FICHA;1;AGUA PARA RECETA;L;0.298507;;"1. Diluir el concentrado en agua. Mezclar bien.
2. Servir."
F02555;REFRESCO INSTANTANEO DE NARANJA;BEB JUGOS INSTANTANEOS;FICHA;1;BLEND DE NARANJA QUIMTIA;L;0.001493;;
F02557;JUGO SURTIDO ESPECIAL;BEB JUG PULPA NATURAL;FICHA;1;LECHE CLASICA EVAPORADA LATA;L;0.020000;;
F02557;JUGO SURTIDO ESPECIAL;BEB JUG PULPA NATURAL;FICHA;1;HUEVO ROSADO REFRIGERADO;KG;0.010000;;
F02557;JUGO SURTIDO ESPECIAL;BEB JUG PULPA NATURAL;FICHA;1;AZUCAR BLANCA GRANEL;KG;0.020000;;
F02557;JUGO SURTIDO ESPECIAL;BEB JUG PULPA NATURAL;FICHA;1;PULPA DE PAPAYA CONGELADA ALIPOFRESCO;KG;0.062000;;
F02557;JUGO SURTIDO ESPECIAL;BEB JUG PULPA NATURAL;FICHA;1;PULPA DE PIÑA CONGELADA ALIPOFRESCO;KG;0.063000;;
F02557;JUGO SURTIDO ESPECIAL;BEB JUG PULPA NATURAL;FICHA;1;PLATANO SEDA REFRIGERADO;KG;0.050000;Lavar, desinfectar, pelar;
F02557;JUGO SURTIDO ESPECIAL;BEB JUG PULPA NATURAL;FICHA;1;AGUA PARA RECETA;L;0.120000;;
F02577;PURE DE YUCA;GUARN TUBERCULOS;FICHA;1;MARGARINA CON SAL REFRIGERADO GRANEL KG;KG;0.005000;;"1. Sancochar la yuca en agua con sal; Prensar.
2. Hacer un aderezo con margarina, sal, pimienta y ajo; Agregar el pure de yuca, luego la leche y agua; Sazonar con sal y pimienta."
F02577;PURE DE YUCA;GUARN TUBERCULOS;FICHA;1;LECHE EVAPORADA TETRA;L;0.020000;;
F02577;PURE DE YUCA;GUARN TUBERCULOS;FICHA;1;AGUA PARA RECETA;L;0.010000;;
F02577;PURE DE YUCA;GUARN TUBERCULOS;FICHA;1;SAL DE COCINA;KG;0.002000;;
F02577;PURE DE YUCA;GUARN TUBERCULOS;FICHA;1;YUCA AMARILLA REFRIGERADO;KG;0.120000;Sancochado, Prensado;
F02577;PURE DE YUCA;GUARN TUBERCULOS;FICHA;1;AJO MOLIDO ENVASADO;KG;0.002000;;
F02577;PURE DE YUCA;GUARN TUBERCULOS;FICHA;1;PIMIENTA NEGRA MOLIDA;KG;0.000120;;
F02603;SANDWICH CON CHORIZO SALTADO;SANDW CALIENTES;FICHA;1;ACEITE VEGETAL;L;0.015000;;"1.Cortar el chorizoen rodajas condimentar el chorizo con sal, pimienta, ajo. Reservar.
2. Saltear el chorizo en aceite, agregar la  cebolla, ají amarillo, vinagre,  saltear y finalmente el tomate, aromatizar con perejil, orégano y condimentar con  sal, pimienta.
3. Servir."
F02603;SANDWICH CON CHORIZO SALTADO;SANDW CALIENTES;FICHA;1;CHORIZO;KG;0.140000;;
F02603;SANDWICH CON CHORIZO SALTADO;SANDW CALIENTES;FICHA;1;OREGANO ENTERO;KG;0.000120;;
F02603;SANDWICH CON CHORIZO SALTADO;SANDW CALIENTES;FICHA;1;AJI AMARILLO REFRIGERADO;KG;0.005000;;
F02603;SANDWICH CON CHORIZO SALTADO;SANDW CALIENTES;FICHA;1;CEBOLLA ROJA REFRIGERADA;KG;0.040000;;
F02603;SANDWICH CON CHORIZO SALTADO;SANDW CALIENTES;FICHA;1;PIMIENTA NEGRA MOLIDA;KG;0.000120;;
F02603;SANDWICH CON CHORIZO SALTADO;SANDW CALIENTES;FICHA;1;AJO MOLIDO ENVASADO;KG;0.003000;;
F02603;SANDWICH CON CHORIZO SALTADO;SANDW CALIENTES;FICHA;1;PEREJIL LIZO REFRIGERADO;KG;0.003000;;
F02603;SANDWICH CON CHORIZO SALTADO;SANDW CALIENTES;FICHA;1;SAL DE COCINA;KG;0.003000;;
F02603;SANDWICH CON CHORIZO SALTADO;SANDW CALIENTES;FICHA;1;VINAGRE BLANCO;L;0.003000;;
F02603;SANDWICH CON CHORIZO SALTADO;SANDW CALIENTES;FICHA;1;TOMATE CRIOLLO REFRIGERADO;KG;0.040000;;
F02603;SANDWICH CON CHORIZO SALTADO;SANDW CALIENTES;FICHA;1;HARINA DE TRIGO ESPECIAL;KG;0.023100;;
F02603;SANDWICH CON CHORIZO SALTADO;SANDW CALIENTES;FICHA;1;AZUCAR RUBIA;KG;0.000700;;
F02603;SANDWICH CON CHORIZO SALTADO;SANDW CALIENTES;FICHA;1;LEVADURA INSTANTANEA;KG;0.000300;;
F02603;SANDWICH CON CHORIZO SALTADO;SANDW CALIENTES;FICHA;1;MEJORADOR DE MASA;KG;0.000200;;
F02603;SANDWICH CON CHORIZO SALTADO;SANDW CALIENTES;FICHA;1;MANTECA GRANEL KG;KG;0.000800;;
F02604;SANDWICH CON POLLO Y TOCINO;SANDW CALIENTES;FICHA;1;POLLO PECHUGA FILETE ECONOMICO REFRIGERADO;KG;0.040000;;"1. Sancochar el pollo y deshilacharlo. Reservar. Tocino cocerlo
2. Mezclar el pollo con el tocino, mayonesa, sal, pimienta.
3. Servir en pan de molde integral."
F02604;SANDWICH CON POLLO Y TOCINO;SANDW CALIENTES;FICHA;1;SAL DE COCINA;KG;0.001000;;
F02604;SANDWICH CON POLLO Y TOCINO;SANDW CALIENTES;FICHA;1;PIMIENTA NEGRA MOLIDA;KG;0.000060;;
F02604;SANDWICH CON POLLO Y TOCINO;SANDW CALIENTES;FICHA;1;MAYONESA;KG;0.010000;;
F02604;SANDWICH CON POLLO Y TOCINO;SANDW CALIENTES;FICHA;1;TOCINO;KG;0.015000;;
F02604;SANDWICH CON POLLO Y TOCINO;SANDW CALIENTES;FICHA;1;PAN MOLDE INTEKG.AL KG. (25 GR REBANADA);UND;2.000000;;
F02605;SANDWICH CON PAVO SALTADO;SANDW CALIENTES;FICHA;1;ACEITE VEGETAL;L;0.015000;;"1. Condimentar el pavo con sal, pimienta, ajo. Reservar.
2. Saltear el pavo en aceite, agregar la  cebolla, ají amarillo, vinagre,  saltear y finalmente el tomate, aromatizar con perejil, orégano y condimentar con  sal, pimienta.
3. Servir."
F02605;SANDWICH CON PAVO SALTADO;SANDW CALIENTES;FICHA;1;PAVO ENTERO;KG;0.160000;;
F02605;SANDWICH CON PAVO SALTADO;SANDW CALIENTES;FICHA;1;OREGANO ENTERO;KG;0.000120;;
F02605;SANDWICH CON PAVO SALTADO;SANDW CALIENTES;FICHA;1;AJI AMARILLO REFRIGERADO;KG;0.005000;;
F02605;SANDWICH CON PAVO SALTADO;SANDW CALIENTES;FICHA;1;CEBOLLA ROJA REFRIGERADA;KG;0.040000;;
F02605;SANDWICH CON PAVO SALTADO;SANDW CALIENTES;FICHA;1;PIMIENTA NEGRA MOLIDA;KG;0.000120;;
F02605;SANDWICH CON PAVO SALTADO;SANDW CALIENTES;FICHA;1;AJO MOLIDO ENVASADO;KG;0.003000;;
F02605;SANDWICH CON PAVO SALTADO;SANDW CALIENTES;FICHA;1;PEREJIL LIZO REFRIGERADO;KG;0.003000;;
F02605;SANDWICH CON PAVO SALTADO;SANDW CALIENTES;FICHA;1;SAL DE COCINA;KG;0.003000;;
F02605;SANDWICH CON PAVO SALTADO;SANDW CALIENTES;FICHA;1;VINAGRE BLANCO;L;0.003000;;
F02605;SANDWICH CON PAVO SALTADO;SANDW CALIENTES;FICHA;1;TOMATE CRIOLLO REFRIGERADO;KG;0.040000;;
F02605;SANDWICH CON PAVO SALTADO;SANDW CALIENTES;FICHA;1;HARINA DE TRIGO ESPECIAL;KG;0.023100;;
F02605;SANDWICH CON PAVO SALTADO;SANDW CALIENTES;FICHA;1;AZUCAR RUBIA;KG;0.000700;;
F02605;SANDWICH CON PAVO SALTADO;SANDW CALIENTES;FICHA;1;LEVADURA INSTANTANEA;KG;0.000300;;
F02605;SANDWICH CON PAVO SALTADO;SANDW CALIENTES;FICHA;1;MEJORADOR DE MASA;KG;0.000200;;
F02605;SANDWICH CON PAVO SALTADO;SANDW CALIENTES;FICHA;1;MANTECA GRANEL KG;KG;0.000800;;
F02606;QUINUA CON COCO;BEB CALIENTES;FICHA;1;CANELA ENTERA;KG;0.000120;;"1. Sancochar la quinua con canela, clavo de olor, azucar y coco rallado
2.  Mover constantemente para que no se pegue en la base.
3. Servir."
F02606;QUINUA CON COCO;BEB CALIENTES;FICHA;1;CLAVO DE OLOR ENTERO;KG;0.000060;;
F02606;QUINUA CON COCO;BEB CALIENTES;FICHA;1;AZUCAR BLANCA GRANEL;KG;0.025000;;
F02606;QUINUA CON COCO;BEB CALIENTES;FICHA;1;COCO RALLADO;KG;0.001000;;
F02606;QUINUA CON COCO;BEB CALIENTES;FICHA;1;QUINUA;KG;0.015000;Lavar dos veces;
F02606;QUINUA CON COCO;BEB CALIENTES;FICHA;1;AGUA PARA RECETA;L;0.300000;;
F02610;AJIACO DE ACELGA;GUARN OTROS;FICHA;1;ACEITE VEGETAL;L;0.005000;;"1. Hacer un aderezo, aceite, cebolla, ajo, ají panca, pimienta, sal, orégano, agregar el choclo con la papa y dejar cocinar cocinar.
2. Finalmente agregar la leche, acelga y queso fresco
3. servir."
F02610;AJIACO DE ACELGA;GUARN OTROS;FICHA;1;AJO MOLIDO ENVASADO;KG;0.003000;;
F02610;AJIACO DE ACELGA;GUARN OTROS;FICHA;1;CEBOLLA ROJA REFRIGERADA;KG;0.015000;Brunoise;
F02610;AJIACO DE ACELGA;GUARN OTROS;FICHA;1;AJI PANCA;KG;0.003000;;
F02610;AJIACO DE ACELGA;GUARN OTROS;FICHA;1;OREGANO ENTERO;KG;0.000120;;
F02610;AJIACO DE ACELGA;GUARN OTROS;FICHA;1;PAPA BLANCA REFRIGERADO;KG;0.080000;;
F02610;AJIACO DE ACELGA;GUARN OTROS;FICHA;1;ACELGA;KG;0.020000;;
F02610;AJIACO DE ACELGA;GUARN OTROS;FICHA;1;LECHE EVAPORADA TETRA;L;0.005000;;
F02610;AJIACO DE ACELGA;GUARN OTROS;FICHA;1;QUESO FRESCO REFRIGERADO;KG;0.005000;;
F02610;AJIACO DE ACELGA;GUARN OTROS;FICHA;1;HUACATAY REFRIGERADO;KG;0.003000;;
F02610;AJIACO DE ACELGA;GUARN OTROS;FICHA;1;AGUA PARA RECETA;L;0.020000;;
F02610;AJIACO DE ACELGA;GUARN OTROS;FICHA;1;PIMIENTA NEGRA MOLIDA;KG;0.000120;;
F02610;AJIACO DE ACELGA;GUARN OTROS;FICHA;1;CHOCLO AMARILLO;KG;0.005000;;
F02610;AJIACO DE ACELGA;GUARN OTROS;FICHA;1;SAL DE COCINA;KG;0.003000;;
RT0001;AGUA MINERAL SIN GAS;RECETON SGP;RECETON;1;AGUA SAN LUIS SIN GAS 750 ML;UND;1.000000;;
RT0002;AGUADITO DE POLLO;RECETON SGP;RECETON;1;ACEITE VEGETAL;L;0.001000;;
RT0002;AGUADITO DE POLLO;RECETON SGP;RECETON;1;AGUA PARA RECETA;L;0.300000;;
RT0002;AGUADITO DE POLLO;RECETON SGP;RECETON;1;AJINOMOTO;KG;0.001000;;
RT0002;AGUADITO DE POLLO;RECETON SGP;RECETON;1;ARROZ GRANO QUEBRADO PARA SOPA;KG;0.020000;;
RT0002;AGUADITO DE POLLO;RECETON SGP;RECETON;1;ARVEJA PELADA CONGELADO;KG;0.010000;;
RT0002;AGUADITO DE POLLO;RECETON SGP;RECETON;1;BASE VERDE;KG;0.003000;;
RT0002;AGUADITO DE POLLO;RECETON SGP;RECETON;1;CALDO DE GALLINA;KG;0.001000;;
RT0002;AGUADITO DE POLLO;RECETON SGP;RECETON;1;CHOCLO AMARILLO DESGRANADO CONGELADO;KG;0.012000;;
RT0002;AGUADITO DE POLLO;RECETON SGP;RECETON;1;ESPINACA CONGELADO;KG;0.010000;;
RT0002;AGUADITO DE POLLO;RECETON SGP;RECETON;1;PAPA BLANCA REFRIGERADO;KG;0.030000;;
RT0002;AGUADITO DE POLLO;RECETON SGP;RECETON;1;PIMIENTA NEGRA MOLIDA;KG;0.000120;;
RT0002;AGUADITO DE POLLO;RECETON SGP;RECETON;1;PIMIENTO ROJO REFRIGERADO;KG;0.010000;;
RT0002;AGUADITO DE POLLO;RECETON SGP;RECETON;1;POLLO PIERNA CON ENCUENTRO CONGELADO;KG;0.075000;;
RT0002;AGUADITO DE POLLO;RECETON SGP;RECETON;1;SAL DE COCINA;KG;0.002000;;
RT0002;AGUADITO DE POLLO;RECETON SGP;RECETON;1;ZANAHORIA REFRIGERADO;KG;0.010000;;
RT0003;AJI - CREMA DE AJI AMARILLO;RECETON SGP;RECETON;1;ACEITE VEGETAL;L;0.003000;;
RT0003;AJI - CREMA DE AJI AMARILLO;RECETON SGP;RECETON;1;AGUA PARA RECETA;L;0.005000;;
RT0003;AJI - CREMA DE AJI AMARILLO;RECETON SGP;RECETON;1;AJI AMARILLO REFRIGERADO;KG;0.005000;;
RT0003;AJI - CREMA DE AJI AMARILLO;RECETON SGP;RECETON;1;AJI LIMO REFRIGERADO;KG;0.001000;;
RT0003;AJI - CREMA DE AJI AMARILLO;RECETON SGP;RECETON;1;CEBOLLA ROJA REFRIGERADO;KG;0.005000;;
RT0003;AJI - CREMA DE AJI AMARILLO;RECETON SGP;RECETON;1;HUACATAY REFRIGERADO;KG;0.002000;;
RT0003;AJI - CREMA DE AJI AMARILLO;RECETON SGP;RECETON;1;PASTA DE AJO;KG;0.001000;;
RT0003;AJI - CREMA DE AJI AMARILLO;RECETON SGP;RECETON;1;PIMIENTA NEGRA MOLIDA;KG;0.000100;;
RT0003;AJI - CREMA DE AJI AMARILLO;RECETON SGP;RECETON;1;SAL DE COCINA;KG;0.002000;;
RT0004;AJI - CREMA DE ROCOTO;RECETON SGP;RECETON;1;ACEITE VEGETAL;L;0.003000;;
RT0004;AJI - CREMA DE ROCOTO;RECETON SGP;RECETON;1;AGUA PARA RECETA;L;0.005000;;
RT0004;AJI - CREMA DE ROCOTO;RECETON SGP;RECETON;1;AJI LIMO REFRIGERADO;KG;0.010000;;
RT0004;AJI - CREMA DE ROCOTO;RECETON SGP;RECETON;1;CEBOLLA ROJA REFRIGERADO;KG;0.005000;;
RT0004;AJI - CREMA DE ROCOTO;RECETON SGP;RECETON;1;PASTA DE AJO;KG;0.001000;;
RT0004;AJI - CREMA DE ROCOTO;RECETON SGP;RECETON;1;PIMIENTA NEGRA MOLIDA;KG;0.000100;;
RT0004;AJI - CREMA DE ROCOTO;RECETON SGP;RECETON;1;ROCOTO NORMAL REFRIGERADO;KG;0.005000;;
RT0004;AJI - CREMA DE ROCOTO;RECETON SGP;RECETON;1;SAL DE COCINA;KG;0.002000;;
RT0005;AJI - CREMA DE ROCOTO CON HUACATAY;RECETON SGP;RECETON;1;ACEITE VEGETAL;L;0.003000;;
RT0005;AJI - CREMA DE ROCOTO CON HUACATAY;RECETON SGP;RECETON;1;AGUA PARA RECETA;L;0.005000;;
RT0005;AJI - CREMA DE ROCOTO CON HUACATAY;RECETON SGP;RECETON;1;AJI LIMO REFRIGERADO;KG;0.010000;;
RT0005;AJI - CREMA DE ROCOTO CON HUACATAY;RECETON SGP;RECETON;1;CEBOLLA ROJA REFRIGERADO;KG;0.005000;;
RT0005;AJI - CREMA DE ROCOTO CON HUACATAY;RECETON SGP;RECETON;1;HUACATAY REFRIGERADO;KG;0.002000;;
RT0005;AJI - CREMA DE ROCOTO CON HUACATAY;RECETON SGP;RECETON;1;PASTA DE AJO;KG;0.001000;;
RT0005;AJI - CREMA DE ROCOTO CON HUACATAY;RECETON SGP;RECETON;1;PIMIENTA NEGRA MOLIDA;KG;0.000100;;
RT0005;AJI - CREMA DE ROCOTO CON HUACATAY;RECETON SGP;RECETON;1;ROCOTO NORMAL REFRIGERADO;KG;0.005000;;
RT0005;AJI - CREMA DE ROCOTO CON HUACATAY;RECETON SGP;RECETON;1;SAL DE COCINA;KG;0.002000;;
RT0006;AJI - ROCOTO PICADO;RECETON SGP;RECETON;1;ACEITE VEGETAL;L;0.003000;;
RT0006;AJI - ROCOTO PICADO;RECETON SGP;RECETON;1;PIMIENTA NEGRA MOLIDA;KG;0.000100;;
RT0006;AJI - ROCOTO PICADO;RECETON SGP;RECETON;1;ROCOTO NORMAL REFRIGERADO;KG;0.010000;;
RT0006;AJI - ROCOTO PICADO;RECETON SGP;RECETON;1;SAL DE COCINA;KG;0.001000;;
RT0006;AJI - ROCOTO PICADO;RECETON SGP;RECETON;1;ZUMO DE LIMON CONGELADO;KG;0.002000;;
RT0007;AJI - ROCOTO PICADO CON CEBOLLA ROJA;RECETON SGP;RECETON;1;ACEITE VEGETAL;L;0.003000;;
RT0007;AJI - ROCOTO PICADO CON CEBOLLA ROJA;RECETON SGP;RECETON;1;CEBOLLA ROJA REFRIGERADO;KG;0.004000;;
RT0007;AJI - ROCOTO PICADO CON CEBOLLA ROJA;RECETON SGP;RECETON;1;PIMIENTA NEGRA MOLIDA;KG;0.000100;;
RT0007;AJI - ROCOTO PICADO CON CEBOLLA ROJA;RECETON SGP;RECETON;1;ROCOTO NORMAL REFRIGERADO;KG;0.010000;;
RT0007;AJI - ROCOTO PICADO CON CEBOLLA ROJA;RECETON SGP;RECETON;1;SAL DE COCINA;KG;0.001000;;
RT0007;AJI - ROCOTO PICADO CON CEBOLLA ROJA;RECETON SGP;RECETON;1;ZUMO DE LIMON CONGELADO;KG;0.002000;;
RT0008;AJI - ROCOTO Y AJI LIMO PICADO CON CEBOLLA ROJA;RECETON SGP;RECETON;1;ACEITE VEGETAL;L;0.003000;;
RT0008;AJI - ROCOTO Y AJI LIMO PICADO CON CEBOLLA ROJA;RECETON SGP;RECETON;1;AJI LIMO REFRIGERADO;KG;0.002000;;
RT0008;AJI - ROCOTO Y AJI LIMO PICADO CON CEBOLLA ROJA;RECETON SGP;RECETON;1;CEBOLLA CHINA REFRIGERADO;KG;0.000100;;
RT0008;AJI - ROCOTO Y AJI LIMO PICADO CON CEBOLLA ROJA;RECETON SGP;RECETON;1;CEBOLLA ROJA REFRIGERADO;KG;0.004000;;
RT0008;AJI - ROCOTO Y AJI LIMO PICADO CON CEBOLLA ROJA;RECETON SGP;RECETON;1;PIMIENTA NEGRA MOLIDA;KG;0.000100;;
RT0008;AJI - ROCOTO Y AJI LIMO PICADO CON CEBOLLA ROJA;RECETON SGP;RECETON;1;ROCOTO NORMAL REFRIGERADO;KG;0.010000;;
RT0008;AJI - ROCOTO Y AJI LIMO PICADO CON CEBOLLA ROJA;RECETON SGP;RECETON;1;SAL DE COCINA;KG;0.001000;;
RT0008;AJI - ROCOTO Y AJI LIMO PICADO CON CEBOLLA ROJA;RECETON SGP;RECETON;1;ZUMO DE LIMON CONGELADO;KG;0.002000;;
RT0009;ALCUZA;RECETON SGP;RECETON;1;ACEITE DE OLIVA;L;0.002000;;
RT0009;ALCUZA;RECETON SGP;RECETON;1;PIMIENTA NEGRA MOLIDA;KG;0.001000;;
RT0009;ALCUZA;RECETON SGP;RECETON;1;SAL DE COCINA;KG;0.001000;;
RT0009;ALCUZA;RECETON SGP;RECETON;1;VINAGRE BLANCO;L;0.001000;;
RT0009;ALCUZA;RECETON SGP;RECETON;1;VINAGRE DE MANZANA;L;0.000500;;
RT0010;ALFAJOR CON MANJARBLANCO I;RECETON SGP;RECETON;1;AGUA PARA RECETA;L;0.001670;;
RT0010;ALFAJOR CON MANJARBLANCO I;RECETON SGP;RECETON;1;ANIS SECO;KG;0.000830;;
RT0010;ALFAJOR CON MANJARBLANCO I;RECETON SGP;RECETON;1;AZUCAR IMPALPABLE;KG;0.003330;;
RT0010;ALFAJOR CON MANJARBLANCO I;RECETON SGP;RECETON;1;AZUCAR RUBIA;KG;0.005000;;
RT0010;ALFAJOR CON MANJARBLANCO I;RECETON SGP;RECETON;1;ESCENCIA DE VAINILLA;L;0.000170;;
RT0010;ALFAJOR CON MANJARBLANCO I;RECETON SGP;RECETON;1;HARINA DE TRIGO ESPECIAL;KG;0.016670;;
RT0010;ALFAJOR CON MANJARBLANCO I;RECETON SGP;RECETON;1;MANJAR BLANCO KG;KG;0.012500;;
RT0010;ALFAJOR CON MANJARBLANCO I;RECETON SGP;RECETON;1;MARGARINA CON SAL REFRIGERADO GRANEL KG;KG;0.008330;;
RT0010;ALFAJOR CON MANJARBLANCO I;RECETON SGP;RECETON;1;POLVO DE HORNEAR;KG;0.000500;;
RT0011;ALITAS BBQ;RECETON SGP;RECETON;1;ACEITE VEGETAL;L;0.005000;;
RT0011;ALITAS BBQ;RECETON SGP;RECETON;1;AGUA PARA RECETA;L;0.010000;;
RT0011;ALITAS BBQ;RECETON SGP;RECETON;1;CEBOLLA ROJA REFRIGERADO;KG;0.008000;;
RT0011;ALITAS BBQ;RECETON SGP;RECETON;1;KETCHUP;KG;0.010000;;
RT0011;ALITAS BBQ;RECETON SGP;RECETON;1;LECHUGA AMERICANA REFRIGERADO;KG;0.012000;;
RT0011;ALITAS BBQ;RECETON SGP;RECETON;1;MAICENA;KG;0.003000;;
RT0011;ALITAS BBQ;RECETON SGP;RECETON;1;MIEL DE ABEJA;KG;0.003000;;
RT0011;ALITAS BBQ;RECETON SGP;RECETON;1;PASTA DE AJO;KG;0.001000;;
RT0011;ALITAS BBQ;RECETON SGP;RECETON;1;PIMIENTA NEGRA MOLIDA;KG;0.000120;;
RT0011;ALITAS BBQ;RECETON SGP;RECETON;1;POLLO ALAS CONGELADO;KG;0.120000;;
RT0011;ALITAS BBQ;RECETON SGP;RECETON;1;SAL DE COCINA;KG;0.002000;;
RT0011;ALITAS BBQ;RECETON SGP;RECETON;1;SALSA INGLESA;KG;0.000120;;
RT0011;ALITAS BBQ;RECETON SGP;RECETON;1;VINAGRE BLANCO;L;0.003000;;
RT0012;ALITAS BROASTER CON SALSA TARTARA;RECETON SGP;RECETON;1;ACEITE VEGETAL;L;0.002000;;
RT0012;ALITAS BROASTER CON SALSA TARTARA;RECETON SGP;RECETON;1;AGUA PARA RECETA;L;0.015000;;
RT0012;ALITAS BROASTER CON SALSA TARTARA;RECETON SGP;RECETON;1;CEBOLLA CHINA REFRIGERADO;KG;0.005000;;
RT0012;ALITAS BROASTER CON SALSA TARTARA;RECETON SGP;RECETON;1;CHUÑO;KG;0.005000;;
RT0012;ALITAS BROASTER CON SALSA TARTARA;RECETON SGP;RECETON;1;HARINA DE TRIGO ESPECIAL;KG;0.005000;;
RT0012;ALITAS BROASTER CON SALSA TARTARA;RECETON SGP;RECETON;1;HUEVO LIQUIDO CONGELADO;KG;0.030000;;
RT0012;ALITAS BROASTER CON SALSA TARTARA;RECETON SGP;RECETON;1;MAYONESA;KG;0.006700;;
RT0012;ALITAS BROASTER CON SALSA TARTARA;RECETON SGP;RECETON;1;PIMIENTA NEGRA MOLIDA;KG;0.000100;;
RT0012;ALITAS BROASTER CON SALSA TARTARA;RECETON SGP;RECETON;1;POLLO ALAS CONGELADO;KG;0.120000;;
RT0012;ALITAS BROASTER CON SALSA TARTARA;RECETON SGP;RECETON;1;SAL DE COCINA;KG;0.002000;;
RT0013;ALITAS BROASTER EN SALSA DE OSTION;RECETON SGP;RECETON;1;ACEITE VEGETAL;L;0.005000;;
RT0013;ALITAS BROASTER EN SALSA DE OSTION;RECETON SGP;RECETON;1;AGUA PARA RECETA;L;0.005000;;
RT0013;ALITAS BROASTER EN SALSA DE OSTION;RECETON SGP;RECETON;1;AJINOMOTO;KG;0.000300;;
RT0013;ALITAS BROASTER EN SALSA DE OSTION;RECETON SGP;RECETON;1;AJONJOLI;KG;0.001000;;
RT0013;ALITAS BROASTER EN SALSA DE OSTION;RECETON SGP;RECETON;1;CALDO DE GALLINA;KG;0.000300;;
RT0013;ALITAS BROASTER EN SALSA DE OSTION;RECETON SGP;RECETON;1;CEBOLLA CHINA REFRIGERADO;KG;0.002000;;
RT0013;ALITAS BROASTER EN SALSA DE OSTION;RECETON SGP;RECETON;1;CHUÑO;KG;0.005000;;
RT0013;ALITAS BROASTER EN SALSA DE OSTION;RECETON SGP;RECETON;1;COMINO MOLIDO;KG;0.000600;;
RT0013;ALITAS BROASTER EN SALSA DE OSTION;RECETON SGP;RECETON;1;HARINA DE TRIGO ESPECIAL;KG;0.008000;;
RT0013;ALITAS BROASTER EN SALSA DE OSTION;RECETON SGP;RECETON;1;HUEVO ROSADO REFRIGERADO CAJA;KG;0.015000;;
RT0013;ALITAS BROASTER EN SALSA DE OSTION;RECETON SGP;RECETON;1;MOSTAZA;KG;0.001000;;
RT0013;ALITAS BROASTER EN SALSA DE OSTION;RECETON SGP;RECETON;1;PEREJIL LIZO REFRIGERADO;KG;0.002000;;
RT0013;ALITAS BROASTER EN SALSA DE OSTION;RECETON SGP;RECETON;1;PIMIENTA NEGRA MOLIDA;KG;0.000120;;
RT0013;ALITAS BROASTER EN SALSA DE OSTION;RECETON SGP;RECETON;1;POLLO ALAS CONGELADO;KG;0.120000;;
RT0013;ALITAS BROASTER EN SALSA DE OSTION;RECETON SGP;RECETON;1;SAL DE COCINA;KG;0.004000;;
RT0013;ALITAS BROASTER EN SALSA DE OSTION;RECETON SGP;RECETON;1;SALSA OSTION;L;0.005000;;
RT0013;ALITAS BROASTER EN SALSA DE OSTION;RECETON SGP;RECETON;1;ZUMO DE LIMON CONGELADO;KG;0.003000;;
RT0014;ALMUERZO TEMATICO (CHICH CERDO ROCO RELLE Y PAST PAPA);RECETON SGP;RECETON;1;ACEITE VEGETAL;L;0.008000;;
RT0014;ALMUERZO TEMATICO (CHICH CERDO ROCO RELLE Y PAST PAPA);RECETON SGP;RECETON;1;AGUA PARA RECETA;L;0.010000;;
RT0014;ALMUERZO TEMATICO (CHICH CERDO ROCO RELLE Y PAST PAPA);RECETON SGP;RECETON;1;AZUCAR RUBIA;KG;0.010000;;
RT0014;ALMUERZO TEMATICO (CHICH CERDO ROCO RELLE Y PAST PAPA);RECETON SGP;RECETON;1;CEBOLLA ROJA REFRIGERADO;KG;0.040000;;
RT0014;ALMUERZO TEMATICO (CHICH CERDO ROCO RELLE Y PAST PAPA);RECETON SGP;RECETON;1;COMINO MOLIDO;KG;0.000060;;
RT0014;ALMUERZO TEMATICO (CHICH CERDO ROCO RELLE Y PAST PAPA);RECETON SGP;RECETON;1;HIERBA BUENA REFRIGERADO;KG;0.003000;;
RT0014;ALMUERZO TEMATICO (CHICH CERDO ROCO RELLE Y PAST PAPA);RECETON SGP;RECETON;1;HUEVO ROSADO REFRIGERADO CAJA;KG;0.015000;;
RT0014;ALMUERZO TEMATICO (CHICH CERDO ROCO RELLE Y PAST PAPA);RECETON SGP;RECETON;1;LECHE EVAPORADA;L;0.015000;;
RT0014;ALMUERZO TEMATICO (CHICH CERDO ROCO RELLE Y PAST PAPA);RECETON SGP;RECETON;1;MANI TOSTADO PELADO;KG;0.005000;;
RT0014;ALMUERZO TEMATICO (CHICH CERDO ROCO RELLE Y PAST PAPA);RECETON SGP;RECETON;1;OREGANO ENTERO;KG;0.000360;;
RT0014;ALMUERZO TEMATICO (CHICH CERDO ROCO RELLE Y PAST PAPA);RECETON SGP;RECETON;1;PANCETA CON HUESO Y SIN PIEL 3 TIRAS CONGELADO;KG;0.120000;;
RT0014;ALMUERZO TEMATICO (CHICH CERDO ROCO RELLE Y PAST PAPA);RECETON SGP;RECETON;1;PAPA BLANCA REFRIGERADO;KG;0.100000;;
RT0014;ALMUERZO TEMATICO (CHICH CERDO ROCO RELLE Y PAST PAPA);RECETON SGP;RECETON;1;PASAS NEGRAS SECAS;KG;0.005000;;
RT0014;ALMUERZO TEMATICO (CHICH CERDO ROCO RELLE Y PAST PAPA);RECETON SGP;RECETON;1;PASTA DE AJO;KG;0.003000;;
RT0014;ALMUERZO TEMATICO (CHICH CERDO ROCO RELLE Y PAST PAPA);RECETON SGP;RECETON;1;PEREJIL LIZO REFRIGERADO;KG;0.003000;;
RT0014;ALMUERZO TEMATICO (CHICH CERDO ROCO RELLE Y PAST PAPA);RECETON SGP;RECETON;1;PIMIENTA NEGRA MOLIDA;KG;0.000360;;
RT0014;ALMUERZO TEMATICO (CHICH CERDO ROCO RELLE Y PAST PAPA);RECETON SGP;RECETON;1;QUESO FRESCO REFRIGERADO;KG;0.020000;;
RT0014;ALMUERZO TEMATICO (CHICH CERDO ROCO RELLE Y PAST PAPA);RECETON SGP;RECETON;1;RES CARNE MOLIDA CONGELADO;KG;0.085000;;
RT0014;ALMUERZO TEMATICO (CHICH CERDO ROCO RELLE Y PAST PAPA);RECETON SGP;RECETON;1;ROCOTO PARA RELLENO REFRIGERADO;UND;1.000000;;
RT0014;ALMUERZO TEMATICO (CHICH CERDO ROCO RELLE Y PAST PAPA);RECETON SGP;RECETON;1;SAL DE COCINA;KG;0.006000;;
RT0014;ALMUERZO TEMATICO (CHICH CERDO ROCO RELLE Y PAST PAPA);RECETON SGP;RECETON;1;VINAGRE TINTO;L;0.015000;;
RT0015;ALMUERZO TEMATICO IV: PACHAMANCA (RES, POLLO Y CERDO);RECETON SGP;RECETON;1;AGUA PARA RECETA;L;0.030000;;
RT0015;ALMUERZO TEMATICO IV: PACHAMANCA (RES, POLLO Y CERDO);RECETON SGP;RECETON;1;CERDO PIERNA SIN PIEL Y SIN HUESO CONGELADO;KG;0.094000;;
RT0015;ALMUERZO TEMATICO IV: PACHAMANCA (RES, POLLO Y CERDO);RECETON SGP;RECETON;1;CHINCHO REFRIGERADO;KG;0.010000;;
RT0015;ALMUERZO TEMATICO IV: PACHAMANCA (RES, POLLO Y CERDO);RECETON SGP;RECETON;1;COMINO MOLIDO;KG;0.000060;;
RT0015;ALMUERZO TEMATICO IV: PACHAMANCA (RES, POLLO Y CERDO);RECETON SGP;RECETON;1;HUACATAY REFRIGERADO;KG;0.010000;;
RT0015;ALMUERZO TEMATICO IV: PACHAMANCA (RES, POLLO Y CERDO);RECETON SGP;RECETON;1;MAICENA;KG;0.002000;;
RT0015;ALMUERZO TEMATICO IV: PACHAMANCA (RES, POLLO Y CERDO);RECETON SGP;RECETON;1;PASTA DE AJI PANCA;KG;0.003000;;
RT0015;ALMUERZO TEMATICO IV: PACHAMANCA (RES, POLLO Y CERDO);RECETON SGP;RECETON;1;PASTA DE AJO;KG;0.005000;;
RT0015;ALMUERZO TEMATICO IV: PACHAMANCA (RES, POLLO Y CERDO);RECETON SGP;RECETON;1;PEREJIL LIZO REFRIGERADO;KG;0.005000;;
RT0015;ALMUERZO TEMATICO IV: PACHAMANCA (RES, POLLO Y CERDO);RECETON SGP;RECETON;1;PIMIENTA NEGRA MOLIDA;KG;0.000120;;
RT0015;ALMUERZO TEMATICO IV: PACHAMANCA (RES, POLLO Y CERDO);RECETON SGP;RECETON;1;POLLO PIERNA CON ENCUENTRO CONGELADO;KG;0.130000;;
RT0015;ALMUERZO TEMATICO IV: PACHAMANCA (RES, POLLO Y CERDO);RECETON SGP;RECETON;1;RES - GUISO CONGELADO;KG;0.088000;;
RT0015;ALMUERZO TEMATICO IV: PACHAMANCA (RES, POLLO Y CERDO);RECETON SGP;RECETON;1;SAL DE COCINA;KG;0.003000;;
RT0015;ALMUERZO TEMATICO IV: PACHAMANCA (RES, POLLO Y CERDO);RECETON SGP;RECETON;1;VINAGRE TINTO;L;0.005000;;
RT0016;ANTICUCHO;RECETON SGP;RECETON;1;ACEITE VEGETAL;L;0.002000;;
RT0016;ANTICUCHO;RECETON SGP;RECETON;1;COMINO MOLIDO;KG;0.000060;;
RT0016;ANTICUCHO;RECETON SGP;RECETON;1;OREGANO ENTERO;KG;0.000120;;
RT0016;ANTICUCHO;RECETON SGP;RECETON;1;PALITOS DE BROCHETA 20 CM;UND;2.000000;;
RT0016;ANTICUCHO;RECETON SGP;RECETON;1;PASTA DE AJI PANCA;KG;0.002000;;
RT0016;ANTICUCHO;RECETON SGP;RECETON;1;PASTA DE AJO;KG;0.002000;;
RT0016;ANTICUCHO;RECETON SGP;RECETON;1;PIMIENTA NEGRA MOLIDA;KG;0.000120;;
RT0016;ANTICUCHO;RECETON SGP;RECETON;1;RES CORAZON CONGELADO;KG;0.125000;;
RT0016;ANTICUCHO;RECETON SGP;RECETON;1;SAL DE COCINA;KG;0.003000;;
RT0016;ANTICUCHO;RECETON SGP;RECETON;1;VINAGRE TINTO;L;0.005000;;
RT0017;ANTICUCHO DE POLLO;RECETON SGP;RECETON;1;ACEITE VEGETAL;L;0.002000;;
RT0017;ANTICUCHO DE POLLO;RECETON SGP;RECETON;1;COMINO MOLIDO;KG;0.000060;;
RT0017;ANTICUCHO DE POLLO;RECETON SGP;RECETON;1;OREGANO ENTERO;KG;0.000120;;
RT0017;ANTICUCHO DE POLLO;RECETON SGP;RECETON;1;PALITOS DE BROCHETA 20 CM;UND;2.000000;;
RT0017;ANTICUCHO DE POLLO;RECETON SGP;RECETON;1;PASTA DE AJI PANCA;KG;0.002000;;
RT0017;ANTICUCHO DE POLLO;RECETON SGP;RECETON;1;PASTA DE AJO;KG;0.002000;;
RT0017;ANTICUCHO DE POLLO;RECETON SGP;RECETON;1;PECHUGA DE POLLO S/HUESO S/PIEL CONGELADO;KG;0.090000;;
RT0017;ANTICUCHO DE POLLO;RECETON SGP;RECETON;1;PIMIENTA NEGRA MOLIDA;KG;0.000120;;
RT0017;ANTICUCHO DE POLLO;RECETON SGP;RECETON;1;SAL DE COCINA;KG;0.003000;;
RT0017;ANTICUCHO DE POLLO;RECETON SGP;RECETON;1;VINAGRE TINTO;L;0.005000;;
RT0018;API;RECETON SGP;RECETON;1;AGUA PARA RECETA;L;0.200000;;
RT0018;API;RECETON SGP;RECETON;1;CANELA ENTERA;KG;0.000100;;
RT0018;API;RECETON SGP;RECETON;1;CLAVO DE OLOR ENTERO;KG;0.000100;;
RT0018;API;RECETON SGP;RECETON;1;CONCENTRADO DE MAIZ MORADO;L;0.025000;;
RT0018;API;RECETON SGP;RECETON;1;MAICENA;KG;0.012500;;
RT0018;API;RECETON SGP;RECETON;1;ZUMO DE LIMON CONGELADO;KG;0.000100;;
RT0019;ARROZ A LA CUBANA;RECETON SGP;RECETON;1;ACEITE VEGETAL;L;0.030000;;
RT0019;ARROZ A LA CUBANA;RECETON SGP;RECETON;1;AGUA PARA RECETA;L;0.300000;;
RT0019;ARROZ A LA CUBANA;RECETON SGP;RECETON;1;ARROZ EXTRA NIR;KG;0.100000;;
RT0019;ARROZ A LA CUBANA;RECETON SGP;RECETON;1;HUEVO ROSADO REFRIGERADO CAJA;KG;0.120000;;
RT0019;ARROZ A LA CUBANA;RECETON SGP;RECETON;1;PASTA DE AJO;KG;0.003000;;
RT0019;ARROZ A LA CUBANA;RECETON SGP;RECETON;1;PLATANO BELLACO REFRIGERADO;KG;0.200000;;
RT0019;ARROZ A LA CUBANA;RECETON SGP;RECETON;1;SAL DE COCINA;KG;0.003000;;
RT0020;ARROZ CON ARVEJA, CHOCLO Y ZANAHORIA;RECETON SGP;RECETON;1;ACEITE VEGETAL;L;0.005000;;
RT0020;ARROZ CON ARVEJA, CHOCLO Y ZANAHORIA;RECETON SGP;RECETON;1;AGUA PARA RECETA;L;0.110000;;
RT0020;ARROZ CON ARVEJA, CHOCLO Y ZANAHORIA;RECETON SGP;RECETON;1;ARROZ EXTRA NIR;KG;0.120000;;
RT0020;ARROZ CON ARVEJA, CHOCLO Y ZANAHORIA;RECETON SGP;RECETON;1;ARVEJA PELADA CONGELADO;KG;0.005000;;
RT0020;ARROZ CON ARVEJA, CHOCLO Y ZANAHORIA;RECETON SGP;RECETON;1;CHOCLO AMARILLO DESGRANADO CONGELADO;KG;0.003000;;
RT0020;ARROZ CON ARVEJA, CHOCLO Y ZANAHORIA;RECETON SGP;RECETON;1;PASTA DE AJO;KG;0.003000;;
RT0020;ARROZ CON ARVEJA, CHOCLO Y ZANAHORIA;RECETON SGP;RECETON;1;SAL DE COCINA;KG;0.003000;;
RT0020;ARROZ CON ARVEJA, CHOCLO Y ZANAHORIA;RECETON SGP;RECETON;1;ZANAHORIA REFRIGERADO;KG;0.005000;;
RT0021;ARROZ CON LECHE;RECETON SGP;RECETON;1;AGUA PARA RECETA;L;0.080000;;
RT0021;ARROZ CON LECHE;RECETON SGP;RECETON;1;ARROZ GRANO QUEBRADO PARA SOPA;KG;0.020000;;
RT0021;ARROZ CON LECHE;RECETON SGP;RECETON;1;AZUCAR RUBIA;KG;0.020000;;
RT0021;ARROZ CON LECHE;RECETON SGP;RECETON;1;CANELA ENTERA;KG;0.000120;;
RT0021;ARROZ CON LECHE;RECETON SGP;RECETON;1;CANELA MOLIDA;KG;0.000120;;
RT0021;ARROZ CON LECHE;RECETON SGP;RECETON;1;CLAVO DE OLOR ENTERO;KG;0.000060;;
RT0021;ARROZ CON LECHE;RECETON SGP;RECETON;1;COCO RALLADO;KG;0.001000;;
RT0021;ARROZ CON LECHE;RECETON SGP;RECETON;1;ESCENCIA DE VAINILLA;L;0.001000;;
RT0021;ARROZ CON LECHE;RECETON SGP;RECETON;1;LECHE CONDENSADA LATA;L;0.010000;;
RT0021;ARROZ CON LECHE;RECETON SGP;RECETON;1;LECHE EVAPORADA;L;0.025000;;
RT0021;ARROZ CON LECHE;RECETON SGP;RECETON;1;PASAS NEGRAS SECAS;KG;0.003000;;
RT0022;ARROZ CON PEREJIL Y ZANAHORIA;RECETON SGP;RECETON;1;ACEITE VEGETAL;L;0.005000;;
RT0022;ARROZ CON PEREJIL Y ZANAHORIA;RECETON SGP;RECETON;1;AGUA PARA RECETA;L;0.110000;;
RT0022;ARROZ CON PEREJIL Y ZANAHORIA;RECETON SGP;RECETON;1;ARROZ EXTRA NIR;KG;0.100000;;
RT0022;ARROZ CON PEREJIL Y ZANAHORIA;RECETON SGP;RECETON;1;PASTA DE AJO;KG;0.003000;;
RT0022;ARROZ CON PEREJIL Y ZANAHORIA;RECETON SGP;RECETON;1;PEREJIL LIZO REFRIGERADO;KG;0.001000;;
RT0022;ARROZ CON PEREJIL Y ZANAHORIA;RECETON SGP;RECETON;1;SAL DE COCINA;KG;0.003000;;
RT0022;ARROZ CON PEREJIL Y ZANAHORIA;RECETON SGP;RECETON;1;ZANAHORIA REFRIGERADO;KG;0.005000;;
RT0023;ARROZ ZAMBITO;RECETON SGP;RECETON;1;AGUA PARA RECETA;L;0.080000;;
RT0023;ARROZ ZAMBITO;RECETON SGP;RECETON;1;ARROZ GRANO QUEBRADO PARA SOPA;KG;0.020000;;
RT0023;ARROZ ZAMBITO;RECETON SGP;RECETON;1;AZUCAR RUBIA;KG;0.020000;;
RT0023;ARROZ ZAMBITO;RECETON SGP;RECETON;1;CANELA ENTERA;KG;0.000120;;
RT0023;ARROZ ZAMBITO;RECETON SGP;RECETON;1;CANELA MOLIDA;KG;0.000120;;
RT0023;ARROZ ZAMBITO;RECETON SGP;RECETON;1;CLAVO DE OLOR ENTERO;KG;0.000060;;
RT0023;ARROZ ZAMBITO;RECETON SGP;RECETON;1;COCO RALLADO;KG;0.001000;;
RT0023;ARROZ ZAMBITO;RECETON SGP;RECETON;1;ESCENCIA DE VAINILLA;L;0.001000;;
RT0023;ARROZ ZAMBITO;RECETON SGP;RECETON;1;LECHE EVAPORADA;L;0.025000;;
RT0023;ARROZ ZAMBITO;RECETON SGP;RECETON;1;NARANJA DE JUGO REFRIGERADO;KG;0.003000;;
RT0023;ARROZ ZAMBITO;RECETON SGP;RECETON;1;PANELA GRANULADA;KG;0.010000;;
RT0023;ARROZ ZAMBITO;RECETON SGP;RECETON;1;PASAS NEGRAS SECAS;KG;0.003000;;
RT0024;AVENA CON CHOCOLATE;RECETON SGP;RECETON;1;AGUA PARA RECETA;L;0.300000;;
RT0024;AVENA CON CHOCOLATE;RECETON SGP;RECETON;1;AVENA;KG;0.020000;;
RT0024;AVENA CON CHOCOLATE;RECETON SGP;RECETON;1;AZUCAR RUBIA;KG;0.015000;;
RT0024;AVENA CON CHOCOLATE;RECETON SGP;RECETON;1;CANELA ENTERA;KG;0.000120;;
RT0024;AVENA CON CHOCOLATE;RECETON SGP;RECETON;1;CHOCOLATE PARA TAZA;KG;0.005000;;
RT0024;AVENA CON CHOCOLATE;RECETON SGP;RECETON;1;CLAVO DE OLOR ENTERO;KG;0.000120;;
RT0024;AVENA CON CHOCOLATE;RECETON SGP;RECETON;1;COCOA A GRANEL;KG;0.001000;;
RT0025;BLONDIE;RECETON SGP;RECETON;1;AZUCAR IMPALPABLE;KG;0.000330;;
RT0025;BLONDIE;RECETON SGP;RECETON;1;AZUCAR RUBIA;KG;0.025330;;
RT0025;BLONDIE;RECETON SGP;RECETON;1;CHOCOLATE BLANCO COBERTURA NEGUSA;KG;0.016670;;
RT0025;BLONDIE;RECETON SGP;RECETON;1;COCO RALLADO;KG;0.000670;;
RT0025;BLONDIE;RECETON SGP;RECETON;1;ESCENCIA DE VAINILLA;L;0.000530;;
RT0025;BLONDIE;RECETON SGP;RECETON;1;HARINA DE TRIGO ESPECIAL;KG;0.015330;;
RT0025;BLONDIE;RECETON SGP;RECETON;1;HUEVO LIQUIDO CONGELADO;KG;0.008000;;
RT0025;BLONDIE;RECETON SGP;RECETON;1;MARGARINA CON SAL REFRIGERADO GRANEL KG;KG;0.010000;;
RT0025;BLONDIE;RECETON SGP;RECETON;1;PEANA PELADA VALLE ALTO X 90 GR;UND;0.003330;;
RT0025;BLONDIE;RECETON SGP;RECETON;1;POLVO DE HORNEAR;KG;0.000330;;
RT0025;BLONDIE;RECETON SGP;RECETON;1;SAL DE COCINA;KG;0.000200;;
RT0026;BROCHETA DE POLLO;RECETON SGP;RECETON;1;ACEITE VEGETAL;L;0.002000;;
RT0026;BROCHETA DE POLLO;RECETON SGP;RECETON;1;AGUA PARA RECETA;L;0.000330;;
RT0026;BROCHETA DE POLLO;RECETON SGP;RECETON;1;CEBOLLA ROJA REFRIGERADO;KG;0.030000;;
RT0026;BROCHETA DE POLLO;RECETON SGP;RECETON;1;LECHUGA AMERICANA REFRIGERADO;KG;0.012000;;
RT0026;BROCHETA DE POLLO;RECETON SGP;RECETON;1;MAYONESA;KG;0.000670;;
RT0026;BROCHETA DE POLLO;RECETON SGP;RECETON;1;OREGANO ENTERO;KG;0.000120;;
RT0026;BROCHETA DE POLLO;RECETON SGP;RECETON;1;PALITOS DE BROCHETA 20 CM;UND;2.000000;;
RT0026;BROCHETA DE POLLO;RECETON SGP;RECETON;1;PASTA DE AJI PANCA;KG;0.001000;;
RT0026;BROCHETA DE POLLO;RECETON SGP;RECETON;1;PASTA DE AJO;KG;0.001000;;
RT0026;BROCHETA DE POLLO;RECETON SGP;RECETON;1;PECHUGA DE POLLO S/HUESO S/PIEL CONGELADO;KG;0.090000;;
RT0026;BROCHETA DE POLLO;RECETON SGP;RECETON;1;PIMIENTA NEGRA MOLIDA;KG;0.000120;;
RT0026;BROCHETA DE POLLO;RECETON SGP;RECETON;1;PIMIENTO ROJO REFRIGERADO;KG;0.030000;;
RT0026;BROCHETA DE POLLO;RECETON SGP;RECETON;1;ROMERO;KG;0.000120;;
RT0026;BROCHETA DE POLLO;RECETON SGP;RECETON;1;SAL DE COCINA;KG;0.001000;;
RT0026;BROCHETA DE POLLO;RECETON SGP;RECETON;1;SALSA SILLAO;L;0.001000;;
RT0026;BROCHETA DE POLLO;RECETON SGP;RECETON;1;TOMILLO;KG;0.000120;;
RT0026;BROCHETA DE POLLO;RECETON SGP;RECETON;1;VINAGRE TINTO;L;0.002000;;
RT0027;BROWNIE;RECETON SGP;RECETON;1;AZUCAR RUBIA;KG;0.007600;;
RT0027;BROWNIE;RECETON SGP;RECETON;1;COBERTURA BITTER NEGRO;KG;0.008600;;
RT0027;BROWNIE;RECETON SGP;RECETON;1;HARINA DE TRIGO ESPECIAL;KG;0.006900;;
RT0027;BROWNIE;RECETON SGP;RECETON;1;HUEVO LIQUIDO CONGELADO;KG;0.006200;;
RT0027;BROWNIE;RECETON SGP;RECETON;1;MARGARINA CON SAL REFRIGERADO GRANEL KG;KG;0.010000;;
RT0027;BROWNIE;RECETON SGP;RECETON;1;PEANA PELADA VALLE ALTO X 90 GR;UND;0.003400;;
RT0027;BROWNIE;RECETON SGP;RECETON;1;PREMEZCLA INVENTIS TORTA DE CHOCOLATE INTENSO;KG;0.013800;;
RT0028;BUDIN;RECETON SGP;RECETON;1;AGUA PARA RECETA;L;0.016600;;
RT0028;BUDIN;RECETON SGP;RECETON;1;AZUCAR RUBIA;KG;0.027780;;
RT0028;BUDIN;RECETON SGP;RECETON;1;CANELA MOLIDA;KG;0.000010;;
RT0028;BUDIN;RECETON SGP;RECETON;1;ESCENCIA DE VAINILLA;L;0.000560;;
RT0028;BUDIN;RECETON SGP;RECETON;1;HARINA DE TRIGO ESPECIAL;KG;0.030864;;
RT0028;BUDIN;RECETON SGP;RECETON;1;HUEVO LIQUIDO CONGELADO;KG;0.024000;;
RT0028;BUDIN;RECETON SGP;RECETON;1;LECHE EVAPORADA;L;0.020500;;
RT0028;BUDIN;RECETON SGP;RECETON;1;LEVADURA INSTANTANEA;KG;0.000004;;
RT0028;BUDIN;RECETON SGP;RECETON;1;MANTECA GRANEL KG;KG;0.000008;;
RT0028;BUDIN;RECETON SGP;RECETON;1;MARGARINA CON SAL REFRIGERADO GRANEL KG;KG;0.005560;;
RT0028;BUDIN;RECETON SGP;RECETON;1;MEJORADOR DE MASA;KG;0.000002;;
RT0028;BUDIN;RECETON SGP;RECETON;1;PASAS NEGRAS SECAS;KG;0.003000;;
RT0029;BUÑUELOS;RECETON SGP;RECETON;1;AGUA PARA RECETA;L;0.000150;;
RT0029;BUÑUELOS;RECETON SGP;RECETON;1;ANIS SECO;KG;0.000120;;
RT0029;BUÑUELOS;RECETON SGP;RECETON;1;AZUCAR RUBIA;KG;0.003000;;
RT0029;BUÑUELOS;RECETON SGP;RECETON;1;CAMOTE AMARILLO REFRIGERADO;KG;0.030000;;
RT0029;BUÑUELOS;RECETON SGP;RECETON;1;CANELA ENTERA;KG;0.000120;;
RT0029;BUÑUELOS;RECETON SGP;RECETON;1;CLAVO DE OLOR ENTERO;KG;0.000600;;
RT0029;BUÑUELOS;RECETON SGP;RECETON;1;ESCENCIA DE VAINILLA;L;0.000500;;
RT0029;BUÑUELOS;RECETON SGP;RECETON;1;HARINA DE TRIGO ESPECIAL;KG;0.004000;;
RT0029;BUÑUELOS;RECETON SGP;RECETON;1;HUEVO LIQUIDO CONGELADO;KG;0.006000;;
RT0029;BUÑUELOS;RECETON SGP;RECETON;1;LEVADURA INSTANTANEA;KG;0.001000;;
RT0029;BUÑUELOS;RECETON SGP;RECETON;1;MIEL DE ABEJA;KG;0.002000;;
RT0029;BUÑUELOS;RECETON SGP;RECETON;1;SAL DE COCINA;KG;0.000300;;
RT0029;BUÑUELOS;RECETON SGP;RECETON;1;ZAPALLO MACRE REFRIGERADO;KG;0.050000;;
RT0030;CALDILLO DE HUEVO;RECETON SGP;RECETON;1;ACEITE VEGETAL;L;0.001000;;
RT0030;CALDILLO DE HUEVO;RECETON SGP;RECETON;1;AGUA PARA RECETA;L;0.300000;;
RT0030;CALDILLO DE HUEVO;RECETON SGP;RECETON;1;AJINOMOTO;KG;0.001000;;
RT0030;CALDILLO DE HUEVO;RECETON SGP;RECETON;1;CALDO DE GALLINA;KG;0.001000;;
RT0030;CALDILLO DE HUEVO;RECETON SGP;RECETON;1;CEBOLLA ROJA REFRIGERADO;KG;0.010000;;
RT0030;CALDILLO DE HUEVO;RECETON SGP;RECETON;1;FIDEO CABELLO DE ANGEL;KG;0.030000;;
RT0030;CALDILLO DE HUEVO;RECETON SGP;RECETON;1;HUEVO LIQUIDO CONGELADO;KG;0.030000;;
RT0030;CALDILLO DE HUEVO;RECETON SGP;RECETON;1;KION MOLIDO SECO;KG;0.000500;;
RT0030;CALDILLO DE HUEVO;RECETON SGP;RECETON;1;OREGANO ENTERO;KG;0.000120;;
RT0030;CALDILLO DE HUEVO;RECETON SGP;RECETON;1;PAPA BLANCA REFRIGERADO;KG;0.030000;;
RT0030;CALDILLO DE HUEVO;RECETON SGP;RECETON;1;PASTA DE AJO;KG;0.002000;;
RT0030;CALDILLO DE HUEVO;RECETON SGP;RECETON;1;PEREJIL LIZO REFRIGERADO;KG;0.001000;;
RT0030;CALDILLO DE HUEVO;RECETON SGP;RECETON;1;SAL DE COCINA;KG;0.002000;;
RT0031;CALDO DE GALLINA;RECETON SGP;RECETON;1;AGUA PARA RECETA;L;0.300000;;
RT0031;CALDO DE GALLINA;RECETON SGP;RECETON;1;AJINOMOTO;KG;0.001000;;
RT0031;CALDO DE GALLINA;RECETON SGP;RECETON;1;CALDO DE GALLINA;KG;0.001000;;
RT0031;CALDO DE GALLINA;RECETON SGP;RECETON;1;CEBOLLA CHINA REFRIGERADO;KG;0.010000;;
RT0031;CALDO DE GALLINA;RECETON SGP;RECETON;1;FIDEO SPAGUETTI;KG;0.030000;;
RT0031;CALDO DE GALLINA;RECETON SGP;RECETON;1;GALLINA ENTERA CON MENUDENCIA CONGELADO IMPORTADO;KG;0.070000;;
RT0031;CALDO DE GALLINA;RECETON SGP;RECETON;1;HUEVO ROSADO REFRIGERADO CAJA;KG;0.030000;;
RT0031;CALDO DE GALLINA;RECETON SGP;RECETON;1;KION MOLIDO SECO;KG;0.000500;;
RT0031;CALDO DE GALLINA;RECETON SGP;RECETON;1;OREGANO ENTERO;KG;0.000120;;
RT0031;CALDO DE GALLINA;RECETON SGP;RECETON;1;PAPA AMARILLA REFRIGERADO;KG;0.030000;;
RT0031;CALDO DE GALLINA;RECETON SGP;RECETON;1;SAL DE COCINA;KG;0.002000;;
RT0032;CALDO DE POLLO;RECETON SGP;RECETON;1;AGUA PARA RECETA;L;0.300000;;
RT0032;CALDO DE POLLO;RECETON SGP;RECETON;1;AJINOMOTO;KG;0.001000;;
RT0032;CALDO DE POLLO;RECETON SGP;RECETON;1;APIO REFRIGERADO;KG;0.010000;;
RT0032;CALDO DE POLLO;RECETON SGP;RECETON;1;CALDO DE GALLINA;KG;0.001000;;
RT0032;CALDO DE POLLO;RECETON SGP;RECETON;1;CEBOLLA CHINA REFRIGERADO;KG;0.005000;;
RT0032;CALDO DE POLLO;RECETON SGP;RECETON;1;FIDEO SPAGUETTI;KG;0.030000;;
RT0032;CALDO DE POLLO;RECETON SGP;RECETON;1;HUEVO ROSADO REFRIGERADO CAJA;KG;0.015000;;
RT0032;CALDO DE POLLO;RECETON SGP;RECETON;1;KION MOLIDO SECO;KG;0.000500;;
RT0032;CALDO DE POLLO;RECETON SGP;RECETON;1;OREGANO ENTERO;KG;0.000120;;
RT0032;CALDO DE POLLO;RECETON SGP;RECETON;1;PAPA BLANCA REFRIGERADO;KG;0.030000;;
RT0032;CALDO DE POLLO;RECETON SGP;RECETON;1;POLLO PIERNA CON ENCUENTRO CONGELADO;KG;0.075000;;
RT0032;CALDO DE POLLO;RECETON SGP;RECETON;1;SAL DE COCINA;KG;0.002000;;
RT0033;CAMOTE GLASEADO CON NARANJA;RECETON SGP;RECETON;1;AGUA PARA RECETA;L;0.010000;;
RT0033;CAMOTE GLASEADO CON NARANJA;RECETON SGP;RECETON;1;AZUCAR RUBIA;KG;0.005000;;
RT0033;CAMOTE GLASEADO CON NARANJA;RECETON SGP;RECETON;1;CAMOTE AMARILLO REFRIGERADO;KG;0.120000;;
RT0033;CAMOTE GLASEADO CON NARANJA;RECETON SGP;RECETON;1;CANELA ENTERA;KG;0.000120;;
RT0033;CAMOTE GLASEADO CON NARANJA;RECETON SGP;RECETON;1;CLAVO DE OLOR ENTERO;KG;0.000060;;
RT0033;CAMOTE GLASEADO CON NARANJA;RECETON SGP;RECETON;1;MARGARINA CON SAL REFRIGERADO GRANEL KG;KG;0.003000;;
RT0033;CAMOTE GLASEADO CON NARANJA;RECETON SGP;RECETON;1;NARANJA DE JUGO REFRIGERADO;KG;0.010000;;
RT0034;CARRUSEL CRIOLLO;RECETON SGP;RECETON;1;ACEITE VEGETAL;L;0.010000;;
RT0034;CARRUSEL CRIOLLO;RECETON SGP;RECETON;1;ACEITUNA NEGRA EN RODAJA;KG;0.007000;;
RT0034;CARRUSEL CRIOLLO;RECETON SGP;RECETON;1;AGUA PARA RECETA;L;0.210000;;
RT0034;CARRUSEL CRIOLLO;RECETON SGP;RECETON;1;APIO REFRIGERADO;KG;0.010000;;
RT0034;CARRUSEL CRIOLLO;RECETON SGP;RECETON;1;ARROZ EXTRA NIR;KG;0.120000;;
RT0034;CARRUSEL CRIOLLO;RECETON SGP;RECETON;1;ARVEJA PELADA CONGELADO;KG;0.030000;;
RT0034;CARRUSEL CRIOLLO;RECETON SGP;RECETON;1;AZUCAR RUBIA;KG;0.000200;;
RT0034;CARRUSEL CRIOLLO;RECETON SGP;RECETON;1;BASE AMARILLA;KG;0.020000;;
RT0034;CARRUSEL CRIOLLO;RECETON SGP;RECETON;1;BASE VERDE;KG;0.040000;;
RT0034;CARRUSEL CRIOLLO;RECETON SGP;RECETON;1;CHOCLO AMARILLO DESGRANADO CONGELADO;KG;0.005000;;
RT0034;CARRUSEL CRIOLLO;RECETON SGP;RECETON;1;COMINO MOLIDO;KG;0.000060;;
RT0034;CARRUSEL CRIOLLO;RECETON SGP;RECETON;1;GALLINA ENTERA CON MENUDENCIA CONGELADO IMPORTADO;KG;0.120000;;
RT0034;CARRUSEL CRIOLLO;RECETON SGP;RECETON;1;HARINA DE TRIGO ESPECIAL;KG;0.007700;;
RT0034;CARRUSEL CRIOLLO;RECETON SGP;RECETON;1;HUEVO ROSADO REFRIGERADO CAJA;KG;0.015000;;
RT0034;CARRUSEL CRIOLLO;RECETON SGP;RECETON;1;LAUREL;KG;0.000120;;
RT0034;CARRUSEL CRIOLLO;RECETON SGP;RECETON;1;LECHE EVAPORADA;L;0.025000;;
RT0034;CARRUSEL CRIOLLO;RECETON SGP;RECETON;1;LEVADURA INSTANTANEA;KG;0.000120;;
RT0034;CARRUSEL CRIOLLO;RECETON SGP;RECETON;1;MAICENA;KG;0.003000;;
RT0034;CARRUSEL CRIOLLO;RECETON SGP;RECETON;1;MANTECA GRANEL KG;KG;0.000270;;
RT0034;CARRUSEL CRIOLLO;RECETON SGP;RECETON;1;MEJORADOR DE MASA;KG;0.000070;;
RT0034;CARRUSEL CRIOLLO;RECETON SGP;RECETON;1;PEREJIL LIZO REFRIGERADO;KG;0.002000;;
RT0034;CARRUSEL CRIOLLO;RECETON SGP;RECETON;1;PIMIENTA NEGRA MOLIDA;KG;0.000012;;
RT0034;CARRUSEL CRIOLLO;RECETON SGP;RECETON;1;PIMIENTO ROJO REFRIGERADO;KG;0.010000;;
RT0034;CARRUSEL CRIOLLO;RECETON SGP;RECETON;1;POLLO PIERNA CON ENCUENTRO CONGELADO;KG;0.130000;;
RT0034;CARRUSEL CRIOLLO;RECETON SGP;RECETON;1;RES - GUISO CONGELADO;KG;0.094000;;
RT0034;CARRUSEL CRIOLLO;RECETON SGP;RECETON;1;SAL DE COCINA;KG;0.004000;;
RT0034;CARRUSEL CRIOLLO;RECETON SGP;RECETON;1;ZANAHORIA REFRIGERADO;KG;0.030000;;
RT0035;CAUSA DE POLLO;RECETON SGP;RECETON;1;ACEITE VEGETAL;L;0.003000;;
RT0035;CAUSA DE POLLO;RECETON SGP;RECETON;1;ACEITUNA NEGRA EN RODAJA;KG;0.007000;;
RT0035;CAUSA DE POLLO;RECETON SGP;RECETON;1;AGUA PARA RECETA;L;0.005000;;
RT0035;CAUSA DE POLLO;RECETON SGP;RECETON;1;AJI AMARILLO REFRIGERADO;KG;0.003000;;
RT0035;CAUSA DE POLLO;RECETON SGP;RECETON;1;HUEVO ROSADO REFRIGERADO CAJA;KG;0.008000;;
RT0035;CAUSA DE POLLO;RECETON SGP;RECETON;1;LECHUGA AMERICANA REFRIGERADO;KG;0.012000;;
RT0035;CAUSA DE POLLO;RECETON SGP;RECETON;1;MAYONESA;KG;0.010000;;
RT0035;CAUSA DE POLLO;RECETON SGP;RECETON;1;PASTA DE AJI AMARILLO;KG;0.010000;;
RT0035;CAUSA DE POLLO;RECETON SGP;RECETON;1;PECHUGA DE POLLO S/HUESO S/PIEL CONGELADO;KG;0.035000;;
RT0035;CAUSA DE POLLO;RECETON SGP;RECETON;1;PEREJIL LIZO REFRIGERADO;KG;0.003000;;
RT0035;CAUSA DE POLLO;RECETON SGP;RECETON;1;PIMIENTA NEGRA MOLIDA;KG;0.000120;;
RT0035;CAUSA DE POLLO;RECETON SGP;RECETON;1;PIMIENTO ROJO REFRIGERADO;KG;0.003000;;
RT0035;CAUSA DE POLLO;RECETON SGP;RECETON;1;PURE DE PAPA DESHIDRATADA;KG;0.045000;;
RT0035;CAUSA DE POLLO;RECETON SGP;RECETON;1;SAL DE COCINA;KG;0.001500;;
RT0035;CAUSA DE POLLO;RECETON SGP;RECETON;1;ZUMO DE LIMON CONGELADO;KG;0.002670;;
RT0036;CAUSA LIMEÑA;RECETON SGP;RECETON;1;ACEITE VEGETAL;L;0.004000;;
RT0036;CAUSA LIMEÑA;RECETON SGP;RECETON;1;AGUA PARA RECETA;L;0.003300;;
RT0036;CAUSA LIMEÑA;RECETON SGP;RECETON;1;AJI AMARILLO REFRIGERADO;KG;0.020000;;
RT0036;CAUSA LIMEÑA;RECETON SGP;RECETON;1;APIO REFRIGERADO;KG;0.005000;;
RT0036;CAUSA LIMEÑA;RECETON SGP;RECETON;1;HUEVO ROSADO REFRIGERADO CAJA;KG;0.008000;;
RT0036;CAUSA LIMEÑA;RECETON SGP;RECETON;1;LECHUGA AMERICANA REFRIGERADO;KG;0.012000;;
RT0036;CAUSA LIMEÑA;RECETON SGP;RECETON;1;MAYONESA;KG;0.006700;;
RT0036;CAUSA LIMEÑA;RECETON SGP;RECETON;1;N/U POLLO PECHUGA CON HUESO Y PIEL REFRIGERADO;KG;0.050000;;
RT0036;CAUSA LIMEÑA;RECETON SGP;RECETON;1;PALTA;KG;0.030000;;
RT0036;CAUSA LIMEÑA;RECETON SGP;RECETON;1;PEREJIL LIZO REFRIGERADO;KG;0.003000;;
RT0036;CAUSA LIMEÑA;RECETON SGP;RECETON;1;PIMIENTA NEGRA MOLIDA;KG;0.000120;;
RT0036;CAUSA LIMEÑA;RECETON SGP;RECETON;1;PIMIENTO ROJO REFRIGERADO;KG;0.003000;;
RT0036;CAUSA LIMEÑA;RECETON SGP;RECETON;1;PURE DE PAPA DESHIDRATADA;KG;0.045000;;
RT0036;CAUSA LIMEÑA;RECETON SGP;RECETON;1;SAL DE COCINA;KG;0.002000;;
RT0036;CAUSA LIMEÑA;RECETON SGP;RECETON;1;TOMATE CRIOLLO REFRIGERADO;KG;0.015000;;
RT0036;CAUSA LIMEÑA;RECETON SGP;RECETON;1;ZUMO DE LIMON CONGELADO;KG;0.002670;;
RT0037;CER - ADOBO DE CERDO AREQUIPEÑO;RECETON SGP;RECETON;1;ACEITE VEGETAL;L;0.002000;;
RT0037;CER - ADOBO DE CERDO AREQUIPEÑO;RECETON SGP;RECETON;1;AGUA PARA RECETA;L;0.200000;;
RT0037;CER - ADOBO DE CERDO AREQUIPEÑO;RECETON SGP;RECETON;1;AJINOMOTO;KG;0.001000;;
RT0037;CER - ADOBO DE CERDO AREQUIPEÑO;RECETON SGP;RECETON;1;APIO REFRIGERADO;KG;0.010000;;
RT0037;CER - ADOBO DE CERDO AREQUIPEÑO;RECETON SGP;RECETON;1;CALDO DE CARNE;KG;0.001000;;
RT0037;CER - ADOBO DE CERDO AREQUIPEÑO;RECETON SGP;RECETON;1;CEBOLLA ROJA REFRIGERADO;KG;0.010000;;
RT0037;CER - ADOBO DE CERDO AREQUIPEÑO;RECETON SGP;RECETON;1;CERDO PIERNA SIN PIEL Y SIN HUESO CONGELADO;KG;0.130000;;
RT0037;CER - ADOBO DE CERDO AREQUIPEÑO;RECETON SGP;RECETON;1;COMINO MOLIDO;KG;0.000600;;
RT0037;CER - ADOBO DE CERDO AREQUIPEÑO;RECETON SGP;RECETON;1;NABO REFRIGERADO;KG;0.010000;;
RT0037;CER - ADOBO DE CERDO AREQUIPEÑO;RECETON SGP;RECETON;1;OREGANO ENTERO;KG;0.000120;;
RT0037;CER - ADOBO DE CERDO AREQUIPEÑO;RECETON SGP;RECETON;1;PAN MOLIDO KG.;KG;0.003000;;
RT0037;CER - ADOBO DE CERDO AREQUIPEÑO;RECETON SGP;RECETON;1;PASTA DE AJI PANCA;KG;0.012000;;
RT0037;CER - ADOBO DE CERDO AREQUIPEÑO;RECETON SGP;RECETON;1;PASTA DE AJO;KG;0.005000;;
RT0037;CER - ADOBO DE CERDO AREQUIPEÑO;RECETON SGP;RECETON;1;PEREJIL LIZO REFRIGERADO;KG;0.003000;;
RT0037;CER - ADOBO DE CERDO AREQUIPEÑO;RECETON SGP;RECETON;1;PIMIENTA NEGRA MOLIDA;KG;0.000120;;
RT0037;CER - ADOBO DE CERDO AREQUIPEÑO;RECETON SGP;RECETON;1;PORO REFRIGERADO;KG;0.010000;;
RT0037;CER - ADOBO DE CERDO AREQUIPEÑO;RECETON SGP;RECETON;1;SAL DE COCINA;KG;0.003000;;
RT0037;CER - ADOBO DE CERDO AREQUIPEÑO;RECETON SGP;RECETON;1;VINAGRE TINTO;L;0.003000;;
RT0037;CER - ADOBO DE CERDO AREQUIPEÑO;RECETON SGP;RECETON;1;ZANAHORIA REFRIGERADO;KG;0.010000;;
RT0038;CER - ARROZ CHAUFA DE CERDO;RECETON SGP;RECETON;1;ACEITE VEGETAL;L;0.005000;;
RT0038;CER - ARROZ CHAUFA DE CERDO;RECETON SGP;RECETON;1;AGUA PARA RECETA;L;0.350000;;
RT0038;CER - ARROZ CHAUFA DE CERDO;RECETON SGP;RECETON;1;ARROZ EXTRA NIR;KG;0.120000;;
RT0038;CER - ARROZ CHAUFA DE CERDO;RECETON SGP;RECETON;1;AZUCAR RUBIA;KG;0.001000;;
RT0038;CER - ARROZ CHAUFA DE CERDO;RECETON SGP;RECETON;1;CEBOLLA CHINA REFRIGERADO;KG;0.020000;;
RT0038;CER - ARROZ CHAUFA DE CERDO;RECETON SGP;RECETON;1;CERDO PIERNA SIN PIEL Y SIN HUESO CONGELADO;KG;0.165000;;
RT0038;CER - ARROZ CHAUFA DE CERDO;RECETON SGP;RECETON;1;HUEVO LIQUIDO CONGELADO;KG;0.030000;;
RT0038;CER - ARROZ CHAUFA DE CERDO;RECETON SGP;RECETON;1;KION MOLIDO SECO;KG;0.001000;;
RT0038;CER - ARROZ CHAUFA DE CERDO;RECETON SGP;RECETON;1;PASTA DE AJO;KG;0.003000;;
RT0038;CER - ARROZ CHAUFA DE CERDO;RECETON SGP;RECETON;1;PIMIENTA NEGRA MOLIDA;KG;0.000120;;
RT0038;CER - ARROZ CHAUFA DE CERDO;RECETON SGP;RECETON;1;PIMIENTO ROJO REFRIGERADO;KG;0.010000;;
RT0038;CER - ARROZ CHAUFA DE CERDO;RECETON SGP;RECETON;1;SAL DE COCINA;KG;0.002000;;
RT0038;CER - ARROZ CHAUFA DE CERDO;RECETON SGP;RECETON;1;SALSA OSTION;L;0.001000;;
RT0038;CER - ARROZ CHAUFA DE CERDO;RECETON SGP;RECETON;1;SALSA SILLAO;L;0.010000;;
RT0039;CER - CARAPULCRA CON SOPA SECA;RECETON SGP;RECETON;1;ACEITE VEGETAL;L;0.010000;;
RT0039;CER - CARAPULCRA CON SOPA SECA;RECETON SGP;RECETON;1;CANELA ENTERA;KG;0.000120;;
RT0039;CER - CARAPULCRA CON SOPA SECA;RECETON SGP;RECETON;1;CEBOLLA ROJA REFRIGERADO;KG;0.015000;;
RT0039;CER - CARAPULCRA CON SOPA SECA;RECETON SGP;RECETON;1;CERDO PIERNA SIN PIEL Y SIN HUESO CONGELADO;KG;0.165000;;
RT0039;CER - CARAPULCRA CON SOPA SECA;RECETON SGP;RECETON;1;COMINO MOLIDO;KG;0.000060;;
RT0039;CER - CARAPULCRA CON SOPA SECA;RECETON SGP;RECETON;1;FIDEO SPAGUETTI;KG;0.080000;;
RT0039;CER - CARAPULCRA CON SOPA SECA;RECETON SGP;RECETON;1;MANI TOSTADO PELADO;KG;0.005000;;
RT0039;CER - CARAPULCRA CON SOPA SECA;RECETON SGP;RECETON;1;PAPA SECA;KG;0.050000;;
RT0039;CER - CARAPULCRA CON SOPA SECA;RECETON SGP;RECETON;1;PASTA DE AJI PANCA;KG;0.002000;;
RT0039;CER - CARAPULCRA CON SOPA SECA;RECETON SGP;RECETON;1;PASTA DE AJO;KG;0.005000;;
RT0039;CER - CARAPULCRA CON SOPA SECA;RECETON SGP;RECETON;1;PIMIENTA NEGRA MOLIDA;KG;0.000120;;
RT0039;CER - CARAPULCRA CON SOPA SECA;RECETON SGP;RECETON;1;SAL DE COCINA;KG;0.002000;;
RT0039;CER - CARAPULCRA CON SOPA SECA;RECETON SGP;RECETON;1;VINAGRE TINTO;L;0.002000;;
RT0040;CER - CARAPULCRA DE CERDO I;RECETON SGP;RECETON;1;ACEITE VEGETAL;L;0.002000;;
RT0040;CER - CARAPULCRA DE CERDO I;RECETON SGP;RECETON;1;AGUA PARA RECETA;L;0.150000;;
RT0040;CER - CARAPULCRA DE CERDO I;RECETON SGP;RECETON;1;BASE CRIOLLA;KG;0.008000;;
RT0040;CER - CARAPULCRA DE CERDO I;RECETON SGP;RECETON;1;CANELA ENTERA;KG;0.000060;;
RT0040;CER - CARAPULCRA DE CERDO I;RECETON SGP;RECETON;1;CERDO PIERNA SIN PIEL Y SIN HUESO CONGELADO;KG;0.165000;;
RT0040;CER - CARAPULCRA DE CERDO I;RECETON SGP;RECETON;1;COMINO MOLIDO;KG;0.000020;;
RT0040;CER - CARAPULCRA DE CERDO I;RECETON SGP;RECETON;1;MANI TOSTADO PELADO;KG;0.001000;;
RT0040;CER - CARAPULCRA DE CERDO I;RECETON SGP;RECETON;1;PAPA SECA;KG;0.060000;;
RT0040;CER - CARAPULCRA DE CERDO I;RECETON SGP;RECETON;1;PIMIENTA NEGRA MOLIDA;KG;0.000060;;
RT0040;CER - CARAPULCRA DE CERDO I;RECETON SGP;RECETON;1;SAL DE COCINA;KG;0.003000;;
RT0041;CER - CERDO AL HORNO;RECETON SGP;RECETON;1;AGUA PARA RECETA;L;0.020000;;
RT0041;CER - CERDO AL HORNO;RECETON SGP;RECETON;1;BASE CRIOLLA;KG;0.008000;;
RT0041;CER - CERDO AL HORNO;RECETON SGP;RECETON;1;CERDO PIERNA SIN PIEL Y SIN HUESO CONGELADO;KG;0.165000;;
RT0041;CER - CERDO AL HORNO;RECETON SGP;RECETON;1;COMINO MOLIDO;KG;0.000020;;
RT0041;CER - CERDO AL HORNO;RECETON SGP;RECETON;1;MOSTAZA;KG;0.001000;;
RT0041;CER - CERDO AL HORNO;RECETON SGP;RECETON;1;OREGANO ENTERO;KG;0.000120;;
RT0041;CER - CERDO AL HORNO;RECETON SGP;RECETON;1;PIMIENTA NEGRA MOLIDA;KG;0.000060;;
RT0041;CER - CERDO AL HORNO;RECETON SGP;RECETON;1;ROMERO;KG;0.000120;;
RT0041;CER - CERDO AL HORNO;RECETON SGP;RECETON;1;SAL DE COCINA;KG;0.001000;;
RT0042;CER - CERDO ASADO;RECETON SGP;RECETON;1;ACEITE VEGETAL;L;0.002000;;
RT0042;CER - CERDO ASADO;RECETON SGP;RECETON;1;AGUA PARA RECETA;L;0.015000;;
RT0042;CER - CERDO ASADO;RECETON SGP;RECETON;1;CERDO PIERNA SIN PIEL Y SIN HUESO CONGELADO;KG;0.165000;;
RT0042;CER - CERDO ASADO;RECETON SGP;RECETON;1;MAICENA;KG;0.003000;;
RT0042;CER - CERDO ASADO;RECETON SGP;RECETON;1;PIMIENTA NEGRA MOLIDA;KG;0.000100;;
RT0042;CER - CERDO ASADO;RECETON SGP;RECETON;1;SAL DE COCINA;KG;0.002000;;
RT0042;CER - CERDO ASADO;RECETON SGP;RECETON;1;SALSA SILLAO;L;0.005000;;
RT0043;CER - CERDO CHULETA A LA PARRILLA;RECETON SGP;RECETON;1;ACEITE VEGETAL;L;0.002000;;
RT0043;CER - CERDO CHULETA A LA PARRILLA;RECETON SGP;RECETON;1;BASE CRIOLLA;KG;0.008000;;
RT0043;CER - CERDO CHULETA A LA PARRILLA;RECETON SGP;RECETON;1;CHULETA DE CERDO TROZADO 200 G CONGELADO;KG;0.200000;;
RT0043;CER - CERDO CHULETA A LA PARRILLA;RECETON SGP;RECETON;1;COMINO MOLIDO;KG;0.000020;;
RT0043;CER - CERDO CHULETA A LA PARRILLA;RECETON SGP;RECETON;1;MOSTAZA;KG;0.001000;;
RT0043;CER - CERDO CHULETA A LA PARRILLA;RECETON SGP;RECETON;1;OREGANO ENTERO;KG;0.000120;;
RT0043;CER - CERDO CHULETA A LA PARRILLA;RECETON SGP;RECETON;1;PIMIENTA NEGRA MOLIDA;KG;0.000060;;
RT0043;CER - CERDO CHULETA A LA PARRILLA;RECETON SGP;RECETON;1;ROMERO;KG;0.000120;;
RT0043;CER - CERDO CHULETA A LA PARRILLA;RECETON SGP;RECETON;1;SAL DE COCINA;KG;0.002000;;
RT0043;CER - CERDO CHULETA A LA PARRILLA;RECETON SGP;RECETON;1;SALSA SILLAO;L;0.002000;;
RT0044;CER - CERDO EN MERMELADA DE ROCOTO;RECETON SGP;RECETON;1;ACEITE VEGETAL;L;0.002000;;
RT0044;CER - CERDO EN MERMELADA DE ROCOTO;RECETON SGP;RECETON;1;AGUA PARA RECETA;L;0.020000;;
RT0044;CER - CERDO EN MERMELADA DE ROCOTO;RECETON SGP;RECETON;1;AZUCAR RUBIA;KG;0.010000;;
RT0044;CER - CERDO EN MERMELADA DE ROCOTO;RECETON SGP;RECETON;1;CEBOLLA ROJA REFRIGERADO;KG;0.020000;;
RT0044;CER - CERDO EN MERMELADA DE ROCOTO;RECETON SGP;RECETON;1;CERDO PIERNA SIN PIEL Y SIN HUESO CONGELADO;KG;0.165000;;
RT0044;CER - CERDO EN MERMELADA DE ROCOTO;RECETON SGP;RECETON;1;MAICENA;KG;0.003000;;
RT0044;CER - CERDO EN MERMELADA DE ROCOTO;RECETON SGP;RECETON;1;OREGANO ENTERO;KG;0.000120;;
RT0044;CER - CERDO EN MERMELADA DE ROCOTO;RECETON SGP;RECETON;1;PASTA DE AJO;KG;0.002000;;
RT0044;CER - CERDO EN MERMELADA DE ROCOTO;RECETON SGP;RECETON;1;PEREJIL LIZO REFRIGERADO;KG;0.002000;;
RT0044;CER - CERDO EN MERMELADA DE ROCOTO;RECETON SGP;RECETON;1;PIMIENTA NEGRA MOLIDA;KG;0.000120;;
RT0044;CER - CERDO EN MERMELADA DE ROCOTO;RECETON SGP;RECETON;1;PIMIENTO ROJO REFRIGERADO;KG;0.010000;;
RT0044;CER - CERDO EN MERMELADA DE ROCOTO;RECETON SGP;RECETON;1;ROCOTO NORMAL REFRIGERADO;KG;0.020000;;
RT0044;CER - CERDO EN MERMELADA DE ROCOTO;RECETON SGP;RECETON;1;SAL DE COCINA;KG;0.001000;;
RT0044;CER - CERDO EN MERMELADA DE ROCOTO;RECETON SGP;RECETON;1;VINAGRE BLANCO;L;0.001000;;
RT0045;CER - CERDO EN SALSA BBQ;RECETON SGP;RECETON;1;ACEITE VEGETAL;L;0.002000;;
RT0045;CER - CERDO EN SALSA BBQ;RECETON SGP;RECETON;1;AGUA PARA RECETA;L;0.015000;;
RT0045;CER - CERDO EN SALSA BBQ;RECETON SGP;RECETON;1;AZUCAR RUBIA;KG;0.001000;;
RT0045;CER - CERDO EN SALSA BBQ;RECETON SGP;RECETON;1;CERDO PIERNA SIN PIEL Y SIN HUESO CONGELADO;KG;0.165000;;
RT0045;CER - CERDO EN SALSA BBQ;RECETON SGP;RECETON;1;KETCHUP;KG;0.010000;;
RT0045;CER - CERDO EN SALSA BBQ;RECETON SGP;RECETON;1;MAICENA;KG;0.001500;;
RT0045;CER - CERDO EN SALSA BBQ;RECETON SGP;RECETON;1;MARGARINA CON SAL REFRIGERADO GRANEL KG;KG;0.003000;;
RT0045;CER - CERDO EN SALSA BBQ;RECETON SGP;RECETON;1;PASTA DE AJO;KG;0.001000;;
RT0045;CER - CERDO EN SALSA BBQ;RECETON SGP;RECETON;1;PIMIENTA NEGRA MOLIDA;KG;0.000120;;
RT0045;CER - CERDO EN SALSA BBQ;RECETON SGP;RECETON;1;SAL DE COCINA;KG;0.003000;;
RT0045;CER - CERDO EN SALSA BBQ;RECETON SGP;RECETON;1;SALSA INGLESA;KG;0.001000;;
RT0045;CER - CERDO EN SALSA BBQ;RECETON SGP;RECETON;1;SALSA SILLAO;L;0.001000;;
RT0045;CER - CERDO EN SALSA BBQ;RECETON SGP;RECETON;1;TOCINO AHUMADO CONGELADO;KG;0.003000;;
RT0046;CER - CERDO EN SALSA CHIMICHURRI;RECETON SGP;RECETON;1;ACEITE VEGETAL;L;0.002000;;
RT0046;CER - CERDO EN SALSA CHIMICHURRI;RECETON SGP;RECETON;1;AGUA PARA RECETA;L;0.010000;;
RT0046;CER - CERDO EN SALSA CHIMICHURRI;RECETON SGP;RECETON;1;CERDO PIERNA SIN PIEL Y SIN HUESO CONGELADO;KG;0.165000;;
RT0046;CER - CERDO EN SALSA CHIMICHURRI;RECETON SGP;RECETON;1;OREGANO ENTERO;KG;0.000120;;
RT0046;CER - CERDO EN SALSA CHIMICHURRI;RECETON SGP;RECETON;1;PASTA DE AJO;KG;0.002000;;
RT0046;CER - CERDO EN SALSA CHIMICHURRI;RECETON SGP;RECETON;1;PEREJIL LIZO REFRIGERADO;KG;0.010000;;
RT0046;CER - CERDO EN SALSA CHIMICHURRI;RECETON SGP;RECETON;1;PIMIENTA NEGRA MOLIDA;KG;0.000120;;
RT0046;CER - CERDO EN SALSA CHIMICHURRI;RECETON SGP;RECETON;1;ROMERO;KG;0.000120;;
RT0046;CER - CERDO EN SALSA CHIMICHURRI;RECETON SGP;RECETON;1;SAL DE COCINA;KG;0.003000;;
RT0046;CER - CERDO EN SALSA CHIMICHURRI;RECETON SGP;RECETON;1;VINAGRE BLANCO;L;0.003000;;
RT0047;CER - CHICHARRON DE CERDO;RECETON SGP;RECETON;1;ACEITE VEGETAL;L;0.005000;;
RT0047;CER - CHICHARRON DE CERDO;RECETON SGP;RECETON;1;CERDO PIERNA SIN PIEL Y SIN HUESO CONGELADO;KG;0.165000;;
RT0047;CER - CHICHARRON DE CERDO;RECETON SGP;RECETON;1;COMINO MOLIDO;KG;0.000060;;
RT0047;CER - CHICHARRON DE CERDO;RECETON SGP;RECETON;1;HIERBA BUENA REFRIGERADO;KG;0.003000;;
RT0047;CER - CHICHARRON DE CERDO;RECETON SGP;RECETON;1;OREGANO ENTERO;KG;0.000120;;
RT0047;CER - CHICHARRON DE CERDO;RECETON SGP;RECETON;1;PASTA DE AJO;KG;0.001000;;
RT0047;CER - CHICHARRON DE CERDO;RECETON SGP;RECETON;1;PIMIENTA NEGRA MOLIDA;KG;0.000120;;
RT0047;CER - CHICHARRON DE CERDO;RECETON SGP;RECETON;1;SAL DE COCINA;KG;0.002000;;
RT0048;CER - COSTILLA DE CERDO AL HORNO;RECETON SGP;RECETON;1;AGUA PARA RECETA;L;0.015000;;
RT0048;CER - COSTILLA DE CERDO AL HORNO;RECETON SGP;RECETON;1;BASE CRIOLLA;KG;0.008000;;
RT0048;CER - COSTILLA DE CERDO AL HORNO;RECETON SGP;RECETON;1;COMINO MOLIDO;KG;0.000020;;
RT0048;CER - COSTILLA DE CERDO AL HORNO;RECETON SGP;RECETON;1;MOSTAZA;KG;0.001000;;
RT0048;CER - COSTILLA DE CERDO AL HORNO;RECETON SGP;RECETON;1;OREGANO ENTERO;KG;0.000120;;
RT0048;CER - COSTILLA DE CERDO AL HORNO;RECETON SGP;RECETON;1;PANCETA CON HUESO Y SIN PIEL 3 TIRAS CONGELADO;KG;0.200000;;
RT0048;CER - COSTILLA DE CERDO AL HORNO;RECETON SGP;RECETON;1;PIMIENTA NEGRA MOLIDA;KG;0.000060;;
RT0048;CER - COSTILLA DE CERDO AL HORNO;RECETON SGP;RECETON;1;ROMERO;KG;0.000120;;
RT0048;CER - COSTILLA DE CERDO AL HORNO;RECETON SGP;RECETON;1;SAL DE COCINA;KG;0.001000;;
RT0049;CER - PATITA CON MANI;RECETON SGP;RECETON;1;ACEITE VEGETAL;L;0.002000;;
RT0049;CER - PATITA CON MANI;RECETON SGP;RECETON;1;AGUA PARA RECETA;L;0.030000;;
RT0049;CER - PATITA CON MANI;RECETON SGP;RECETON;1;BASE CRIOLLA;KG;0.008000;;
RT0049;CER - PATITA CON MANI;RECETON SGP;RECETON;1;CERDO PATA CONGELADO;KG;0.200000;;
RT0049;CER - PATITA CON MANI;RECETON SGP;RECETON;1;COMINO MOLIDO;KG;0.000020;;
RT0049;CER - PATITA CON MANI;RECETON SGP;RECETON;1;HIERBA BUENA REFRIGERADO;KG;0.001000;;
RT0049;CER - PATITA CON MANI;RECETON SGP;RECETON;1;MANI TOSTADO PELADO;KG;0.001000;;
RT0049;CER - PATITA CON MANI;RECETON SGP;RECETON;1;PAPA BLANCA REFRIGERADO;KG;0.120000;;
RT0049;CER - PATITA CON MANI;RECETON SGP;RECETON;1;PEREJIL LIZO REFRIGERADO;KG;0.001000;;
RT0049;CER - PATITA CON MANI;RECETON SGP;RECETON;1;PIMIENTA NEGRA MOLIDA;KG;0.000060;;
RT0049;CER - PATITA CON MANI;RECETON SGP;RECETON;1;SAL DE COCINA;KG;0.002000;;
RT0050;CER - PICANTE DE PATITA;RECETON SGP;RECETON;1;ACEITE VEGETAL;L;0.005000;;
RT0050;CER - PICANTE DE PATITA;RECETON SGP;RECETON;1;AGUA PARA RECETA;L;0.030000;;
RT0050;CER - PICANTE DE PATITA;RECETON SGP;RECETON;1;ARVEJA PELADA CONGELADO;KG;0.015000;;
RT0050;CER - PICANTE DE PATITA;RECETON SGP;RECETON;1;BASE CRIOLLA;KG;0.008000;;
RT0050;CER - PICANTE DE PATITA;RECETON SGP;RECETON;1;CERDO PATA CONGELADO;KG;0.200000;;
RT0050;CER - PICANTE DE PATITA;RECETON SGP;RECETON;1;CHOCLO AMARILLO DESGRANADO CONGELADO;KG;0.005000;;
RT0050;CER - PICANTE DE PATITA;RECETON SGP;RECETON;1;COMINO MOLIDO;KG;0.000020;;
RT0050;CER - PICANTE DE PATITA;RECETON SGP;RECETON;1;CULANTRO REFRIGERADO;KG;0.002000;;
RT0050;CER - PICANTE DE PATITA;RECETON SGP;RECETON;1;HIERBA BUENA REFRIGERADO;KG;0.003000;;
RT0050;CER - PICANTE DE PATITA;RECETON SGP;RECETON;1;OREGANO ENTERO;KG;0.000120;;
RT0050;CER - PICANTE DE PATITA;RECETON SGP;RECETON;1;PAPA BLANCA REFRIGERADO;KG;0.120000;;
RT0050;CER - PICANTE DE PATITA;RECETON SGP;RECETON;1;PIMIENTA NEGRA MOLIDA;KG;0.000060;;
RT0050;CER - PICANTE DE PATITA;RECETON SGP;RECETON;1;SAL DE COCINA;KG;0.002000;;
RT0050;CER - PICANTE DE PATITA;RECETON SGP;RECETON;1;ZANAHORIA REFRIGERADO;KG;0.020000;;
RT0051;CEVICHE DE PESCADO EN CREMA DE AJI AMARILLO (COMO ENTRADA) (ROMPE RUTINA);RECETON SGP;RECETON;1;ACEITE VEGETAL;L;0.002000;;
RT0051;CEVICHE DE PESCADO EN CREMA DE AJI AMARILLO (COMO ENTRADA) (ROMPE RUTINA);RECETON SGP;RECETON;1;AJI LIMO REFRIGERADO;KG;0.010000;;
RT0051;CEVICHE DE PESCADO EN CREMA DE AJI AMARILLO (COMO ENTRADA) (ROMPE RUTINA);RECETON SGP;RECETON;1;CAMOTE AMARILLO REFRIGERADO;KG;0.030000;;
RT0051;CEVICHE DE PESCADO EN CREMA DE AJI AMARILLO (COMO ENTRADA) (ROMPE RUTINA);RECETON SGP;RECETON;1;CEBOLLA ROJA REFRIGERADO;KG;0.060000;;
RT0051;CEVICHE DE PESCADO EN CREMA DE AJI AMARILLO (COMO ENTRADA) (ROMPE RUTINA);RECETON SGP;RECETON;1;CULANTRO REFRIGERADO;KG;0.002000;;
RT0051;CEVICHE DE PESCADO EN CREMA DE AJI AMARILLO (COMO ENTRADA) (ROMPE RUTINA);RECETON SGP;RECETON;1;KION MOLIDO SECO;KG;0.000060;;
RT0051;CEVICHE DE PESCADO EN CREMA DE AJI AMARILLO (COMO ENTRADA) (ROMPE RUTINA);RECETON SGP;RECETON;1;LECHUGA AMERICANA REFRIGERADO;KG;0.012000;;
RT0051;CEVICHE DE PESCADO EN CREMA DE AJI AMARILLO (COMO ENTRADA) (ROMPE RUTINA);RECETON SGP;RECETON;1;LIMON VERDE REFRIGERADO;KG;0.030000;;
RT0051;CEVICHE DE PESCADO EN CREMA DE AJI AMARILLO (COMO ENTRADA) (ROMPE RUTINA);RECETON SGP;RECETON;1;MAIZ CANCHA;KG;0.020000;;
RT0051;CEVICHE DE PESCADO EN CREMA DE AJI AMARILLO (COMO ENTRADA) (ROMPE RUTINA);RECETON SGP;RECETON;1;PASTA DE AJI AMARILLO;KG;0.010000;;
RT0051;CEVICHE DE PESCADO EN CREMA DE AJI AMARILLO (COMO ENTRADA) (ROMPE RUTINA);RECETON SGP;RECETON;1;PASTA DE AJO;KG;0.002000;;
RT0051;CEVICHE DE PESCADO EN CREMA DE AJI AMARILLO (COMO ENTRADA) (ROMPE RUTINA);RECETON SGP;RECETON;1;PEZ PERICO FILETE SIN PIEL CONGELADO;KG;0.090000;;
RT0051;CEVICHE DE PESCADO EN CREMA DE AJI AMARILLO (COMO ENTRADA) (ROMPE RUTINA);RECETON SGP;RECETON;1;PIMIENTA NEGRA MOLIDA;KG;0.000120;;
RT0051;CEVICHE DE PESCADO EN CREMA DE AJI AMARILLO (COMO ENTRADA) (ROMPE RUTINA);RECETON SGP;RECETON;1;SAL DE COCINA;KG;0.002000;;
RT0052;CEVICHE EN CREMA DE ROCOTO;RECETON SGP;RECETON;1;ACEITE VEGETAL;L;0.002000;;
RT0052;CEVICHE EN CREMA DE ROCOTO;RECETON SGP;RECETON;1;AJI LIMO REFRIGERADO;KG;0.010000;;
RT0052;CEVICHE EN CREMA DE ROCOTO;RECETON SGP;RECETON;1;CAMOTE AMARILLO REFRIGERADO;KG;0.030000;;
RT0052;CEVICHE EN CREMA DE ROCOTO;RECETON SGP;RECETON;1;CEBOLLA ROJA REFRIGERADO;KG;0.060000;;
RT0052;CEVICHE EN CREMA DE ROCOTO;RECETON SGP;RECETON;1;CULANTRO REFRIGERADO;KG;0.002000;;
RT0052;CEVICHE EN CREMA DE ROCOTO;RECETON SGP;RECETON;1;KION MOLIDO SECO;KG;0.000060;;
RT0052;CEVICHE EN CREMA DE ROCOTO;RECETON SGP;RECETON;1;LECHUGA AMERICANA REFRIGERADO;KG;0.012000;;
RT0052;CEVICHE EN CREMA DE ROCOTO;RECETON SGP;RECETON;1;LIMON VERDE REFRIGERADO;KG;0.030000;;
RT0052;CEVICHE EN CREMA DE ROCOTO;RECETON SGP;RECETON;1;MAIZ CANCHA;KG;0.020000;;
RT0052;CEVICHE EN CREMA DE ROCOTO;RECETON SGP;RECETON;1;PASTA DE ROCOTO EMIC;KG;0.006000;;
RT0052;CEVICHE EN CREMA DE ROCOTO;RECETON SGP;RECETON;1;PEZ PERICO FILETE SIN PIEL CONGELADO;KG;0.090000;;
RT0052;CEVICHE EN CREMA DE ROCOTO;RECETON SGP;RECETON;1;PIMIENTA NEGRA MOLIDA;KG;0.000120;;
RT0052;CEVICHE EN CREMA DE ROCOTO;RECETON SGP;RECETON;1;SAL DE COCINA;KG;0.002000;;
RT0053;CEVICHE MIXTO;RECETON SGP;RECETON;1;CAMOTE AMARILLO REFRIGERADO;KG;0.030000;;
RT0053;CEVICHE MIXTO;RECETON SGP;RECETON;1;CEBOLLA ROJA REFRIGERADO;KG;0.060000;;
RT0053;CEVICHE MIXTO;RECETON SGP;RECETON;1;CULANTRO REFRIGERADO;KG;0.002000;;
RT0053;CEVICHE MIXTO;RECETON SGP;RECETON;1;LECHUGA AMERICANA REFRIGERADO;KG;0.012000;;
RT0053;CEVICHE MIXTO;RECETON SGP;RECETON;1;LIMON VERDE REFRIGERADO;KG;0.030000;;
RT0053;CEVICHE MIXTO;RECETON SGP;RECETON;1;MAIZ CANCHA;KG;0.020000;;
RT0053;CEVICHE MIXTO;RECETON SGP;RECETON;1;MARISCO MIXTURA CONGELADO;KG;0.045000;;
RT0053;CEVICHE MIXTO;RECETON SGP;RECETON;1;PASTA DE AJI AMARILLO;KG;0.010000;;
RT0053;CEVICHE MIXTO;RECETON SGP;RECETON;1;PASTA DE AJO;KG;0.002000;;
RT0053;CEVICHE MIXTO;RECETON SGP;RECETON;1;PEZ PERICO FILETE SIN PIEL CONGELADO;KG;0.045000;;
RT0053;CEVICHE MIXTO;RECETON SGP;RECETON;1;PIMIENTA NEGRA MOLIDA;KG;0.000120;;
RT0053;CEVICHE MIXTO;RECETON SGP;RECETON;1;ROCOTO NORMAL REFRIGERADO;KG;0.001000;;
RT0053;CEVICHE MIXTO;RECETON SGP;RECETON;1;SAL DE COCINA;KG;0.002000;;
RT0054;CHICHARRON DE PRENSA;RECETON SGP;RECETON;1;CHICHARRON DE PRENSA CONGELADO;KG;0.020000;;
RT0055;CHOCLITO EN SALSA HUANCAINA;RECETON SGP;RECETON;1;ACEITE VEGETAL;L;0.002000;;
RT0055;CHOCLITO EN SALSA HUANCAINA;RECETON SGP;RECETON;1;AGUA PARA RECETA;L;0.010000;;
RT0055;CHOCLITO EN SALSA HUANCAINA;RECETON SGP;RECETON;1;AJI AMARILLO REFRIGERADO;KG;0.015000;;
RT0055;CHOCLITO EN SALSA HUANCAINA;RECETON SGP;RECETON;1;ANIS SECO;KG;0.001000;;
RT0055;CHOCLITO EN SALSA HUANCAINA;RECETON SGP;RECETON;1;AZUCAR RUBIA;KG;0.002000;;
RT0055;CHOCLITO EN SALSA HUANCAINA;RECETON SGP;RECETON;1;CEBOLLA ROJA REFRIGERADO;KG;0.005000;;
RT0055;CHOCLITO EN SALSA HUANCAINA;RECETON SGP;RECETON;1;CHOCLO AMARILLO DESGRANADO CONGELADO;KG;0.080000;;
RT0055;CHOCLITO EN SALSA HUANCAINA;RECETON SGP;RECETON;1;GALLETA SALADA SODA SAN JORGE 40 G;UND;0.010000;;
RT0055;CHOCLITO EN SALSA HUANCAINA;RECETON SGP;RECETON;1;LECHE EVAPORADA;L;0.015000;;
RT0055;CHOCLITO EN SALSA HUANCAINA;RECETON SGP;RECETON;1;LECHUGA AMERICANA REFRIGERADO;KG;0.012000;;
RT0055;CHOCLITO EN SALSA HUANCAINA;RECETON SGP;RECETON;1;PASTA DE AJO;KG;0.001000;;
RT0055;CHOCLITO EN SALSA HUANCAINA;RECETON SGP;RECETON;1;PEREJIL LIZO REFRIGERADO;KG;0.003000;;
RT0055;CHOCLITO EN SALSA HUANCAINA;RECETON SGP;RECETON;1;QUESO FRESCO REFRIGERADO;KG;0.010000;;
RT0055;CHOCLITO EN SALSA HUANCAINA;RECETON SGP;RECETON;1;SAL DE COCINA;KG;0.002000;;
RT0055;CHOCLITO EN SALSA HUANCAINA;RECETON SGP;RECETON;1;ZUMO DE LIMON CONGELADO;KG;0.001667;;
RT0056;CHOCLO CON QUESO;RECETON SGP;RECETON;1;ANIS SECO;KG;0.001000;;
RT0056;CHOCLO CON QUESO;RECETON SGP;RECETON;1;AZUCAR RUBIA;KG;0.001000;;
RT0056;CHOCLO CON QUESO;RECETON SGP;RECETON;1;CHOCLO AMARILLO DESGRANADO CONGELADO;KG;0.080000;;
RT0056;CHOCLO CON QUESO;RECETON SGP;RECETON;1;LECHUGA AMERICANA REFRIGERADO;KG;0.012000;;
RT0056;CHOCLO CON QUESO;RECETON SGP;RECETON;1;QUESO FRESCO REFRIGERADO;KG;0.030000;;
RT0056;CHOCLO CON QUESO;RECETON SGP;RECETON;1;ZUMO DE LIMON CONGELADO;KG;0.001000;;
RT0057;CHOCLO SANCOCHADO GUAR;RECETON SGP;RECETON;1;ANIS SECO;KG;0.000060;;
RT0057;CHOCLO SANCOCHADO GUAR;RECETON SGP;RECETON;1;AZUCAR RUBIA;KG;0.002000;;
RT0057;CHOCLO SANCOCHADO GUAR;RECETON SGP;RECETON;1;CHOCLO AMARILLO ENTERO REFRIGERADO;KG;0.080000;;
RT0057;CHOCLO SANCOCHADO GUAR;RECETON SGP;RECETON;1;ZUMO DE LIMON CONGELADO;KG;0.001000;;
RT0058;CHUPE DE PESCADO;RECETON SGP;RECETON;1;ACEITE VEGETAL;L;0.001000;;
RT0058;CHUPE DE PESCADO;RECETON SGP;RECETON;1;AGUA PARA RECETA;L;0.300000;;
RT0058;CHUPE DE PESCADO;RECETON SGP;RECETON;1;ARROZ GRANO QUEBRADO PARA SOPA;KG;0.020000;;
RT0058;CHUPE DE PESCADO;RECETON SGP;RECETON;1;ARVEJA PELADA CONGELADO;KG;0.010000;;
RT0058;CHUPE DE PESCADO;RECETON SGP;RECETON;1;CEBOLLA ROJA REFRIGERADO;KG;0.007000;;
RT0058;CHUPE DE PESCADO;RECETON SGP;RECETON;1;CHOCLO AMARILLO DESGRANADO CONGELADO;KG;0.012000;;
RT0058;CHUPE DE PESCADO;RECETON SGP;RECETON;1;HABA VERDE PELADO CONGELADO;KG;0.015000;;
RT0058;CHUPE DE PESCADO;RECETON SGP;RECETON;1;HUACATAY REFRIGERADO;KG;0.001000;;
RT0058;CHUPE DE PESCADO;RECETON SGP;RECETON;1;HUEVO LIQUIDO CONGELADO;KG;0.010000;;
RT0058;CHUPE DE PESCADO;RECETON SGP;RECETON;1;LECHE EVAPORADA;L;0.010000;;
RT0058;CHUPE DE PESCADO;RECETON SGP;RECETON;1;OREGANO ENTERO;KG;0.000120;;
RT0058;CHUPE DE PESCADO;RECETON SGP;RECETON;1;PAPA BLANCA REFRIGERADO;KG;0.030000;;
RT0058;CHUPE DE PESCADO;RECETON SGP;RECETON;1;PASTA DE AJI PANCA;KG;0.001000;;
RT0058;CHUPE DE PESCADO;RECETON SGP;RECETON;1;PASTA DE AJO;KG;0.001000;;
RT0058;CHUPE DE PESCADO;RECETON SGP;RECETON;1;PASTA DE TOMATE;KG;0.001000;;
RT0058;CHUPE DE PESCADO;RECETON SGP;RECETON;1;PEZ PERICO FILETE SIN PIEL CONGELADO;KG;0.065000;;
RT0058;CHUPE DE PESCADO;RECETON SGP;RECETON;1;PIMIENTA NEGRA MOLIDA;KG;0.000120;;
RT0058;CHUPE DE PESCADO;RECETON SGP;RECETON;1;QUESO FRESCO REFRIGERADO;KG;0.010000;;
RT0058;CHUPE DE PESCADO;RECETON SGP;RECETON;1;SAL DE COCINA;KG;0.002000;;
RT0058;CHUPE DE PESCADO;RECETON SGP;RECETON;1;TOMATE CRIOLLO REFRIGERADO;KG;0.010000;;
RT0058;CHUPE DE PESCADO;RECETON SGP;RECETON;1;ZANAHORIA REFRIGERADO;KG;0.007000;;
RT0058;CHUPE DE PESCADO;RECETON SGP;RECETON;1;ZAPALLO MACRE REFRIGERADO;KG;0.030000;;
RT0059;CHUPE DE POLLO CON VERDURAS;RECETON SGP;RECETON;1;ACEITE VEGETAL;L;0.003000;;
RT0059;CHUPE DE POLLO CON VERDURAS;RECETON SGP;RECETON;1;AGUA PARA RECETA;L;0.025000;;
RT0059;CHUPE DE POLLO CON VERDURAS;RECETON SGP;RECETON;1;ARROZ GRANO QUEBRADO PARA SOPA;KG;0.025000;;
RT0059;CHUPE DE POLLO CON VERDURAS;RECETON SGP;RECETON;1;ARVEJA PELADA CONGELADO;KG;0.005000;;
RT0059;CHUPE DE POLLO CON VERDURAS;RECETON SGP;RECETON;1;CALDO DE GALLINA;KG;0.001000;;
RT0059;CHUPE DE POLLO CON VERDURAS;RECETON SGP;RECETON;1;CEBOLLA ROJA REFRIGERADO;KG;0.014000;;
RT0059;CHUPE DE POLLO CON VERDURAS;RECETON SGP;RECETON;1;CHOCLO AMARILLO DESGRANADO CONGELADO;KG;0.016000;;
RT0059;CHUPE DE POLLO CON VERDURAS;RECETON SGP;RECETON;1;HUACATAY REFRIGERADO;KG;0.003000;;
RT0059;CHUPE DE POLLO CON VERDURAS;RECETON SGP;RECETON;1;HUEVO LIQUIDO CONGELADO;KG;0.010000;;
RT0059;CHUPE DE POLLO CON VERDURAS;RECETON SGP;RECETON;1;LECHE EVAPORADA;L;0.010000;;
RT0059;CHUPE DE POLLO CON VERDURAS;RECETON SGP;RECETON;1;OREGANO ENTERO;KG;0.000090;;
RT0059;CHUPE DE POLLO CON VERDURAS;RECETON SGP;RECETON;1;PAPA BLANCA REFRIGERADO;KG;0.030000;;
RT0059;CHUPE DE POLLO CON VERDURAS;RECETON SGP;RECETON;1;PASTA DE AJI PANCA;KG;0.001000;;
RT0059;CHUPE DE POLLO CON VERDURAS;RECETON SGP;RECETON;1;PASTA DE AJO;KG;0.002000;;
RT0059;CHUPE DE POLLO CON VERDURAS;RECETON SGP;RECETON;1;PASTA DE TOMATE;KG;0.001000;;
RT0059;CHUPE DE POLLO CON VERDURAS;RECETON SGP;RECETON;1;PIMIENTA NEGRA MOLIDA;KG;0.000060;;
RT0059;CHUPE DE POLLO CON VERDURAS;RECETON SGP;RECETON;1;POLLO PIERNA CON ENCUENTRO CONGELADO;KG;0.075000;;
RT0059;CHUPE DE POLLO CON VERDURAS;RECETON SGP;RECETON;1;SAL DE COCINA;KG;0.002000;;
RT0059;CHUPE DE POLLO CON VERDURAS;RECETON SGP;RECETON;1;TOMATE CRIOLLO REFRIGERADO;KG;0.005000;;
RT0059;CHUPE DE POLLO CON VERDURAS;RECETON SGP;RECETON;1;ZANAHORIA REFRIGERADO;KG;0.015000;;
RT0060;CHUPE DE VERDURAS;RECETON SGP;RECETON;1;ACEITE VEGETAL;L;0.001000;;
RT0060;CHUPE DE VERDURAS;RECETON SGP;RECETON;1;AGUA PARA RECETA;L;0.300000;;
RT0060;CHUPE DE VERDURAS;RECETON SGP;RECETON;1;AJINOMOTO;KG;0.001000;;
RT0060;CHUPE DE VERDURAS;RECETON SGP;RECETON;1;APIO REFRIGERADO;KG;0.010000;;
RT0060;CHUPE DE VERDURAS;RECETON SGP;RECETON;1;ARROZ GRANO QUEBRADO PARA SOPA;KG;0.012000;;
RT0060;CHUPE DE VERDURAS;RECETON SGP;RECETON;1;ARVEJA PELADA CONGELADO;KG;0.005000;;
RT0060;CHUPE DE VERDURAS;RECETON SGP;RECETON;1;CALDO DE GALLINA;KG;0.001000;;
RT0060;CHUPE DE VERDURAS;RECETON SGP;RECETON;1;CEBOLLA ROJA REFRIGERADO;KG;0.010000;;
RT0060;CHUPE DE VERDURAS;RECETON SGP;RECETON;1;CHOCLO AMARILLO DESGRANADO CONGELADO;KG;0.012000;;
RT0060;CHUPE DE VERDURAS;RECETON SGP;RECETON;1;HABA VERDE PELADO CONGELADO;KG;0.015000;;
RT0060;CHUPE DE VERDURAS;RECETON SGP;RECETON;1;HUACATAY REFRIGERADO;KG;0.001000;;
RT0060;CHUPE DE VERDURAS;RECETON SGP;RECETON;1;HUEVO LIQUIDO CONGELADO;KG;0.030000;;
RT0060;CHUPE DE VERDURAS;RECETON SGP;RECETON;1;LECHE EVAPORADA;L;0.020000;;
RT0060;CHUPE DE VERDURAS;RECETON SGP;RECETON;1;NABO REFRIGERADO;KG;0.010000;;
RT0060;CHUPE DE VERDURAS;RECETON SGP;RECETON;1;OREGANO ENTERO;KG;0.000120;;
RT0060;CHUPE DE VERDURAS;RECETON SGP;RECETON;1;PAPA BLANCA REFRIGERADO;KG;0.030000;;
RT0060;CHUPE DE VERDURAS;RECETON SGP;RECETON;1;PASTA DE AJI PANCA;KG;0.001000;;
RT0060;CHUPE DE VERDURAS;RECETON SGP;RECETON;1;PASTA DE AJO;KG;0.001000;;
RT0060;CHUPE DE VERDURAS;RECETON SGP;RECETON;1;PASTA DE TOMATE;KG;0.001000;;
RT0060;CHUPE DE VERDURAS;RECETON SGP;RECETON;1;PIMIENTA NEGRA MOLIDA;KG;0.000120;;
RT0060;CHUPE DE VERDURAS;RECETON SGP;RECETON;1;PORO REFRIGERADO;KG;0.010000;;
RT0060;CHUPE DE VERDURAS;RECETON SGP;RECETON;1;QUESO FRESCO REFRIGERADO;KG;0.010000;;
RT0060;CHUPE DE VERDURAS;RECETON SGP;RECETON;1;SAL DE COCINA;KG;0.002000;;
RT0060;CHUPE DE VERDURAS;RECETON SGP;RECETON;1;ZANAHORIA REFRIGERADO;KG;0.010000;;
RT0060;CHUPE DE VERDURAS;RECETON SGP;RECETON;1;ZAPALLO MACRE REFRIGERADO;KG;0.030000;;
RT0061;CHURROS CON MANJAR BLANCO;RECETON SGP;RECETON;1;ACEITE VEGETAL;L;0.005000;;
RT0061;CHURROS CON MANJAR BLANCO;RECETON SGP;RECETON;1;AGUA PARA RECETA;L;0.003000;;
RT0061;CHURROS CON MANJAR BLANCO;RECETON SGP;RECETON;1;AZUCAR RUBIA;KG;0.008000;;
RT0061;CHURROS CON MANJAR BLANCO;RECETON SGP;RECETON;1;ESCENCIA DE VAINILLA;L;0.000400;;
RT0061;CHURROS CON MANJAR BLANCO;RECETON SGP;RECETON;1;HARINA DE TRIGO ESPECIAL;KG;0.020000;;
RT0061;CHURROS CON MANJAR BLANCO;RECETON SGP;RECETON;1;HUEVO LIQUIDO CONGELADO;KG;0.016800;;
RT0061;CHURROS CON MANJAR BLANCO;RECETON SGP;RECETON;1;LECHE EVAPORADA;L;0.007000;;
RT0061;CHURROS CON MANJAR BLANCO;RECETON SGP;RECETON;1;MANJAR BLANCO KG;KG;0.020000;;
RT0061;CHURROS CON MANJAR BLANCO;RECETON SGP;RECETON;1;MARGARINA CON SAL REFRIGERADO GRANEL KG;KG;0.008000;;
RT0061;CHURROS CON MANJAR BLANCO;RECETON SGP;RECETON;1;SAL DE COCINA;KG;0.001000;;
RT0062;CINNAMON ROLL;RECETON SGP;RECETON;1;AGUA PARA RECETA;L;0.050000;;
RT0062;CINNAMON ROLL;RECETON SGP;RECETON;1;AZUCAR IMPALPABLE;KG;0.002000;;
RT0062;CINNAMON ROLL;RECETON SGP;RECETON;1;AZUCAR RUBIA;KG;0.010000;;
RT0062;CINNAMON ROLL;RECETON SGP;RECETON;1;CANELA MOLIDA;KG;0.001000;;
RT0062;CINNAMON ROLL;RECETON SGP;RECETON;1;ESCENCIA DE VAINILLA;L;0.000200;;
RT0062;CINNAMON ROLL;RECETON SGP;RECETON;1;HARINA DE TRIGO ESPECIAL;KG;0.033000;;
RT0062;CINNAMON ROLL;RECETON SGP;RECETON;1;HUEVO ROSADO REFRIGERADO CAJA;KG;0.020000;;
RT0062;CINNAMON ROLL;RECETON SGP;RECETON;1;LEVADURA INSTANTANEA;KG;0.000500;;
RT0062;CINNAMON ROLL;RECETON SGP;RECETON;1;MAICENA;KG;0.005000;;
RT0062;CINNAMON ROLL;RECETON SGP;RECETON;1;MARGARINA CON SAL REFRIGERADO GRANEL KG;KG;0.003300;;
RT0062;CINNAMON ROLL;RECETON SGP;RECETON;1;MEZCLA LACTEA;L;0.010000;;
RT0062;CINNAMON ROLL;RECETON SGP;RECETON;1;SAL DE COCINA;KG;0.000500;;
RT0063;CLASICO;RECETON SGP;RECETON;1;AGUA PARA RECETA;L;0.095000;;
RT0063;CLASICO;RECETON SGP;RECETON;1;ARROZ GRANO QUEBRADO PARA SOPA;KG;0.010000;;
RT0063;CLASICO;RECETON SGP;RECETON;1;AZUCAR RUBIA;KG;0.020000;;
RT0063;CLASICO;RECETON SGP;RECETON;1;CANELA ENTERA;KG;0.000500;;
RT0063;CLASICO;RECETON SGP;RECETON;1;CANELA MOLIDA;KG;0.000017;;
RT0063;CLASICO;RECETON SGP;RECETON;1;CHUÑO;KG;0.005000;;
RT0063;CLASICO;RECETON SGP;RECETON;1;CLAVO DE OLOR ENTERO;KG;0.000500;;
RT0063;CLASICO;RECETON SGP;RECETON;1;CONCENTRADO DE MAIZ MORADO;L;0.012000;;
RT0063;CLASICO;RECETON SGP;RECETON;1;ESCENCIA DE VAINILLA;L;0.001000;;
RT0063;CLASICO;RECETON SGP;RECETON;1;GUINDONES SIN PEPA;KG;0.005000;;
RT0063;CLASICO;RECETON SGP;RECETON;1;LECHE CONDENSADA LATA;L;0.010000;;
RT0063;CLASICO;RECETON SGP;RECETON;1;LECHE EVAPORADA;L;0.015000;;
RT0063;CLASICO;RECETON SGP;RECETON;1;MANZANA DE AGUA REFRIGERADO;KG;0.005000;;
RT0063;CLASICO;RECETON SGP;RECETON;1;PASAS NEGRAS SECAS;KG;0.005000;;
RT0063;CLASICO;RECETON SGP;RECETON;1;PIÑA SELVA REFRIGERADO;KG;0.010000;;
RT0063;CLASICO;RECETON SGP;RECETON;1;SAL DE COCINA;KG;0.000500;;
RT0063;CLASICO;RECETON SGP;RECETON;1;ZUMO DE LIMON CONGELADO;KG;0.008000;;
RT0064;CMIX - ARROZ CHAUFA MIXTO;RECETON SGP;RECETON;1;ACEITE VEGETAL;L;0.005000;;
RT0064;CMIX - ARROZ CHAUFA MIXTO;RECETON SGP;RECETON;1;AGUA PARA RECETA;L;0.210000;;
RT0064;CMIX - ARROZ CHAUFA MIXTO;RECETON SGP;RECETON;1;ARROZ EXTRA NIR;KG;0.100000;;
RT0064;CMIX - ARROZ CHAUFA MIXTO;RECETON SGP;RECETON;1;AZUCAR RUBIA;KG;0.001000;;
RT0064;CMIX - ARROZ CHAUFA MIXTO;RECETON SGP;RECETON;1;CEBOLLA CHINA REFRIGERADO;KG;0.020000;;
RT0064;CMIX - ARROZ CHAUFA MIXTO;RECETON SGP;RECETON;1;HUEVO LIQUIDO CONGELADO;KG;0.030000;;
RT0064;CMIX - ARROZ CHAUFA MIXTO;RECETON SGP;RECETON;1;KION MOLIDO SECO;KG;0.001000;;
RT0064;CMIX - ARROZ CHAUFA MIXTO;RECETON SGP;RECETON;1;PASTA DE AJO;KG;0.003000;;
RT0064;CMIX - ARROZ CHAUFA MIXTO;RECETON SGP;RECETON;1;PECHUGA DE POLLO S/HUESO S/PIEL CONGELADO;KG;0.050000;;
RT0064;CMIX - ARROZ CHAUFA MIXTO;RECETON SGP;RECETON;1;PIMIENTO ROJO REFRIGERADO;KG;0.015000;;
RT0064;CMIX - ARROZ CHAUFA MIXTO;RECETON SGP;RECETON;1;SAL DE COCINA;KG;0.002000;;
RT0064;CMIX - ARROZ CHAUFA MIXTO;RECETON SGP;RECETON;1;SALCHICHA HOT DOG CONGELADO;KG;0.090000;;
RT0064;CMIX - ARROZ CHAUFA MIXTO;RECETON SGP;RECETON;1;SALSA OSTION;L;0.000120;;
RT0064;CMIX - ARROZ CHAUFA MIXTO;RECETON SGP;RECETON;1;SALSA SILLAO;L;0.010000;;
RT0065;CMIX - PACHAMANCA MIXTA;RECETON SGP;RECETON;1;AGUA PARA RECETA;L;0.030000;;
RT0065;CMIX - PACHAMANCA MIXTA;RECETON SGP;RECETON;1;BASE CRIOLLA;KG;0.008000;;
RT0065;CMIX - PACHAMANCA MIXTA;RECETON SGP;RECETON;1;CERDO PIERNA SIN PIEL Y SIN HUESO CONGELADO;KG;0.120000;;
RT0065;CMIX - PACHAMANCA MIXTA;RECETON SGP;RECETON;1;COMINO MOLIDO;KG;0.000060;;
RT0065;CMIX - PACHAMANCA MIXTA;RECETON SGP;RECETON;1;CULANTRO REFRIGERADO;KG;0.003000;;
RT0065;CMIX - PACHAMANCA MIXTA;RECETON SGP;RECETON;1;HUACATAY REFRIGERADO;KG;0.003000;;
RT0065;CMIX - PACHAMANCA MIXTA;RECETON SGP;RECETON;1;MAICENA;KG;0.002000;;
RT0065;CMIX - PACHAMANCA MIXTA;RECETON SGP;RECETON;1;PIMIENTA NEGRA MOLIDA;KG;0.000120;;
RT0065;CMIX - PACHAMANCA MIXTA;RECETON SGP;RECETON;1;POLLO PIERNA CON ENCUENTRO CONGELADO;KG;0.160000;;
RT0065;CMIX - PACHAMANCA MIXTA;RECETON SGP;RECETON;1;SAL DE COCINA;KG;0.001000;;
RT0065;CMIX - PACHAMANCA MIXTA;RECETON SGP;RECETON;1;VINAGRE TINTO;L;0.003000;;
RT0066;CMIX - PARRILLA MIXTA;RECETON SGP;RECETON;1;ACEITE VEGETAL;L;0.002000;;
RT0066;CMIX - PARRILLA MIXTA;RECETON SGP;RECETON;1;CHULETA DE CERDO TROZADO 150 GR CONGELADO;KG;0.150000;;
RT0066;CMIX - PARRILLA MIXTA;RECETON SGP;RECETON;1;COMINO MOLIDO;KG;0.000020;;
RT0066;CMIX - PARRILLA MIXTA;RECETON SGP;RECETON;1;OREGANO ENTERO;KG;0.000100;;
RT0066;CMIX - PARRILLA MIXTA;RECETON SGP;RECETON;1;PASTA DE AJI PANCA;KG;0.004000;;
RT0066;CMIX - PARRILLA MIXTA;RECETON SGP;RECETON;1;PASTA DE AJO;KG;0.003000;;
RT0066;CMIX - PARRILLA MIXTA;RECETON SGP;RECETON;1;PECHUGA DE POLLO S/HUESO S/PIEL CONGELADO;KG;0.130000;;
RT0066;CMIX - PARRILLA MIXTA;RECETON SGP;RECETON;1;PIMIENTA NEGRA MOLIDA;KG;0.000100;;
RT0066;CMIX - PARRILLA MIXTA;RECETON SGP;RECETON;1;ROMERO;KG;0.000100;;
RT0066;CMIX - PARRILLA MIXTA;RECETON SGP;RECETON;1;SAL DE COCINA;KG;0.002000;;
RT0066;CMIX - PARRILLA MIXTA;RECETON SGP;RECETON;1;SALSA SILLAO;L;0.002000;;
RT0067;COCADA;RECETON SGP;RECETON;1;AZUCAR RUBIA;KG;0.013330;;
RT0067;COCADA;RECETON SGP;RECETON;1;COCO RALLADO;KG;0.033330;;
RT0067;COCADA;RECETON SGP;RECETON;1;HUEVO LIQUIDO CONGELADO;KG;0.012000;;
RT0068;COCKTAIL DE FRUTAS;RECETON SGP;RECETON;1;AGUA PARA RECETA;L;0.050000;;
RT0068;COCKTAIL DE FRUTAS;RECETON SGP;RECETON;1;AZUCAR RUBIA;KG;0.025000;;
RT0068;COCKTAIL DE FRUTAS;RECETON SGP;RECETON;1;CANELA ENTERA;KG;0.000120;;
RT0068;COCKTAIL DE FRUTAS;RECETON SGP;RECETON;1;CANELA MOLIDA;KG;0.000120;;
RT0068;COCKTAIL DE FRUTAS;RECETON SGP;RECETON;1;CLAVO DE OLOR ENTERO;KG;0.000060;;
RT0068;COCKTAIL DE FRUTAS;RECETON SGP;RECETON;1;MAICENA;KG;0.003750;;
RT0068;COCKTAIL DE FRUTAS;RECETON SGP;RECETON;1;MANZANA DELICIA REFRIGERADO;KG;0.015000;;
RT0068;COCKTAIL DE FRUTAS;RECETON SGP;RECETON;1;PAPAYA ENTERO REFRIGERADO;KG;0.015000;;
RT0068;COCKTAIL DE FRUTAS;RECETON SGP;RECETON;1;PIÑA SELVA REFRIGERADO;KG;0.030000;;
RT0069;COMPOTA DE FRUTA;RECETON SGP;RECETON;1;AGUA PARA RECETA;L;0.050000;;
RT0069;COMPOTA DE FRUTA;RECETON SGP;RECETON;1;AZUCAR RUBIA;KG;0.025000;;
RT0069;COMPOTA DE FRUTA;RECETON SGP;RECETON;1;CANELA ENTERA;KG;0.000120;;
RT0069;COMPOTA DE FRUTA;RECETON SGP;RECETON;1;CANELA MOLIDA;KG;0.000120;;
RT0069;COMPOTA DE FRUTA;RECETON SGP;RECETON;1;CLAVO DE OLOR ENTERO;KG;0.000060;;
RT0069;COMPOTA DE FRUTA;RECETON SGP;RECETON;1;MAICENA;KG;0.005000;;
RT0069;COMPOTA DE FRUTA;RECETON SGP;RECETON;1;PAPAYA ENTERO REFRIGERADO;KG;0.040000;;
RT0069;COMPOTA DE FRUTA;RECETON SGP;RECETON;1;PIÑA SELVA REFRIGERADO;KG;0.050000;;
RT0069;COMPOTA DE FRUTA;RECETON SGP;RECETON;1;ZUMO DE LIMON CONGELADO;KG;0.000830;;
RT0070;COMPOTA DE GUINDONES;RECETON SGP;RECETON;1;AGUA PARA RECETA;L;0.050000;;
RT0070;COMPOTA DE GUINDONES;RECETON SGP;RECETON;1;AZUCAR RUBIA;KG;0.015000;;
RT0070;COMPOTA DE GUINDONES;RECETON SGP;RECETON;1;CANELA ENTERA;KG;0.000120;;
RT0070;COMPOTA DE GUINDONES;RECETON SGP;RECETON;1;CANELA MOLIDA;KG;0.000120;;
RT0070;COMPOTA DE GUINDONES;RECETON SGP;RECETON;1;CLAVO DE OLOR ENTERO;KG;0.000060;;
RT0070;COMPOTA DE GUINDONES;RECETON SGP;RECETON;1;GUINDONES SIN PEPA;KG;0.030000;;
RT0070;COMPOTA DE GUINDONES;RECETON SGP;RECETON;1;MAICENA;KG;0.003000;;
RT0070;COMPOTA DE GUINDONES;RECETON SGP;RECETON;1;ZUMO DE LIMON CONGELADO;KG;0.000080;;
RT0071;COMPOTA DE MARACUYA;RECETON SGP;RECETON;1;AGUA PARA RECETA;L;0.050000;;
RT0071;COMPOTA DE MARACUYA;RECETON SGP;RECETON;1;AZUCAR RUBIA;KG;0.025000;;
RT0071;COMPOTA DE MARACUYA;RECETON SGP;RECETON;1;CANELA ENTERA;KG;0.000120;;
RT0071;COMPOTA DE MARACUYA;RECETON SGP;RECETON;1;CANELA MOLIDA;KG;0.000120;;
RT0071;COMPOTA DE MARACUYA;RECETON SGP;RECETON;1;CLAVO DE OLOR ENTERO;KG;0.000060;;
RT0071;COMPOTA DE MARACUYA;RECETON SGP;RECETON;1;CONCENTRADO DE MARACUYA;L;0.012000;;
RT0071;COMPOTA DE MARACUYA;RECETON SGP;RECETON;1;JUGO DE NARANJA PASTEURIZADO;L;0.001000;;
RT0071;COMPOTA DE MARACUYA;RECETON SGP;RECETON;1;MAICENA;KG;0.005000;;
RT0072;COMPOTA DE MEMBRILLO;RECETON SGP;RECETON;1;AGUA PARA RECETA;L;0.050000;;
RT0072;COMPOTA DE MEMBRILLO;RECETON SGP;RECETON;1;AZUCAR RUBIA;KG;0.025000;;
RT0072;COMPOTA DE MEMBRILLO;RECETON SGP;RECETON;1;CANELA ENTERA;KG;0.000120;;
RT0072;COMPOTA DE MEMBRILLO;RECETON SGP;RECETON;1;CANELA MOLIDA;KG;0.000120;;
RT0072;COMPOTA DE MEMBRILLO;RECETON SGP;RECETON;1;CLAVO DE OLOR ENTERO;KG;0.000060;;
RT0072;COMPOTA DE MEMBRILLO;RECETON SGP;RECETON;1;MAICENA;KG;0.005000;;
RT0072;COMPOTA DE MEMBRILLO;RECETON SGP;RECETON;1;MEMBRILLO REFRIGERADO;KG;0.080000;;
RT0072;COMPOTA DE MEMBRILLO;RECETON SGP;RECETON;1;ZUMO DE LIMON CONGELADO;KG;0.000830;;
RT0073;COMPOTA DE PIÑA;RECETON SGP;RECETON;1;AGUA PARA RECETA;L;0.050000;;
RT0073;COMPOTA DE PIÑA;RECETON SGP;RECETON;1;AZUCAR RUBIA;KG;0.025000;;
RT0073;COMPOTA DE PIÑA;RECETON SGP;RECETON;1;CANELA ENTERA;KG;0.000120;;
RT0073;COMPOTA DE PIÑA;RECETON SGP;RECETON;1;CANELA MOLIDA;KG;0.000120;;
RT0073;COMPOTA DE PIÑA;RECETON SGP;RECETON;1;CLAVO DE OLOR ENTERO;KG;0.000060;;
RT0073;COMPOTA DE PIÑA;RECETON SGP;RECETON;1;MAICENA;KG;0.005000;;
RT0073;COMPOTA DE PIÑA;RECETON SGP;RECETON;1;PIÑA SELVA REFRIGERADO;KG;0.060000;;
RT0073;COMPOTA DE PIÑA;RECETON SGP;RECETON;1;ZUMO DE LIMON CONGELADO;KG;0.002500;;
RT0074;COMPOTA MIXTA;RECETON SGP;RECETON;1;AGUA PARA RECETA;L;0.050000;;
RT0074;COMPOTA MIXTA;RECETON SGP;RECETON;1;AZUCAR RUBIA;KG;0.025000;;
RT0074;COMPOTA MIXTA;RECETON SGP;RECETON;1;CANELA ENTERA;KG;0.000120;;
RT0074;COMPOTA MIXTA;RECETON SGP;RECETON;1;CANELA MOLIDA;KG;0.001000;;
RT0074;COMPOTA MIXTA;RECETON SGP;RECETON;1;CLAVO DE OLOR ENTERO;KG;0.000060;;
RT0074;COMPOTA MIXTA;RECETON SGP;RECETON;1;MAICENA;KG;0.005000;;
RT0074;COMPOTA MIXTA;RECETON SGP;RECETON;1;MANZANA DELICIA REFRIGERADO;KG;0.020000;;
RT0074;COMPOTA MIXTA;RECETON SGP;RECETON;1;PAPAYA ENTERO REFRIGERADO;KG;0.020000;;
RT0074;COMPOTA MIXTA;RECETON SGP;RECETON;1;PIÑA SELVA REFRIGERADO;KG;0.030000;;
RT0074;COMPOTA MIXTA;RECETON SGP;RECETON;1;ZUMO DE LIMON CONGELADO;KG;0.000830;;
RT0075;CONSOME DE POLLO;RECETON SGP;RECETON;1;AGUA PARA RECETA;L;0.300000;;
RT0075;CONSOME DE POLLO;RECETON SGP;RECETON;1;AJINOMOTO;KG;0.001000;;
RT0075;CONSOME DE POLLO;RECETON SGP;RECETON;1;APIO REFRIGERADO;KG;0.015000;;
RT0075;CONSOME DE POLLO;RECETON SGP;RECETON;1;CALDO DE GALLINA;KG;0.001000;;
RT0075;CONSOME DE POLLO;RECETON SGP;RECETON;1;FIDEO CABELLO DE ANGEL;KG;0.030000;;
RT0075;CONSOME DE POLLO;RECETON SGP;RECETON;1;KION MOLIDO SECO;KG;0.000500;;
RT0075;CONSOME DE POLLO;RECETON SGP;RECETON;1;OREGANO ENTERO;KG;0.000120;;
RT0075;CONSOME DE POLLO;RECETON SGP;RECETON;1;PAPA BLANCA REFRIGERADO;KG;0.030000;;
RT0075;CONSOME DE POLLO;RECETON SGP;RECETON;1;PEREJIL LIZO REFRIGERADO;KG;0.001000;;
RT0075;CONSOME DE POLLO;RECETON SGP;RECETON;1;POLLO PIERNA CON ENCUENTRO CONGELADO;KG;0.075000;;
RT0075;CONSOME DE POLLO;RECETON SGP;RECETON;1;PORO REFRIGERADO;KG;0.010000;;
RT0075;CONSOME DE POLLO;RECETON SGP;RECETON;1;SAL DE COCINA;KG;0.002000;;
RT0075;CONSOME DE POLLO;RECETON SGP;RECETON;1;ZANAHORIA REFRIGERADO;KG;0.010000;;
RT0076;CONSOME DE POLLO AL KION;RECETON SGP;RECETON;1;AGUA PARA RECETA;L;0.300000;;
RT0076;CONSOME DE POLLO AL KION;RECETON SGP;RECETON;1;AJINOMOTO;KG;0.001000;;
RT0076;CONSOME DE POLLO AL KION;RECETON SGP;RECETON;1;APIO REFRIGERADO;KG;0.015000;;
RT0076;CONSOME DE POLLO AL KION;RECETON SGP;RECETON;1;ARVEJA PELADA CONGELADO;KG;0.005000;;
RT0076;CONSOME DE POLLO AL KION;RECETON SGP;RECETON;1;CALDO DE GALLINA;KG;0.001000;;
RT0076;CONSOME DE POLLO AL KION;RECETON SGP;RECETON;1;FIDEO CABELLO DE ANGEL;KG;0.020000;;
RT0076;CONSOME DE POLLO AL KION;RECETON SGP;RECETON;1;KION MOLIDO SECO;KG;0.000500;;
RT0076;CONSOME DE POLLO AL KION;RECETON SGP;RECETON;1;OREGANO ENTERO;KG;0.000120;;
RT0076;CONSOME DE POLLO AL KION;RECETON SGP;RECETON;1;PAPA BLANCA REFRIGERADO;KG;0.030000;;
RT0076;CONSOME DE POLLO AL KION;RECETON SGP;RECETON;1;PEREJIL LIZO REFRIGERADO;KG;0.001000;;
RT0076;CONSOME DE POLLO AL KION;RECETON SGP;RECETON;1;POLLO PIERNA CON ENCUENTRO CONGELADO;KG;0.075000;;
RT0076;CONSOME DE POLLO AL KION;RECETON SGP;RECETON;1;PORO REFRIGERADO;KG;0.010000;;
RT0076;CONSOME DE POLLO AL KION;RECETON SGP;RECETON;1;SAL DE COCINA;KG;0.002000;;
RT0076;CONSOME DE POLLO AL KION;RECETON SGP;RECETON;1;ZANAHORIA REFRIGERADO;KG;0.010000;;
RT0077;CONSOME DE RES;RECETON SGP;RECETON;1;AGUA PARA RECETA;L;0.300000;;
RT0077;CONSOME DE RES;RECETON SGP;RECETON;1;AJINOMOTO;KG;0.001000;;
RT0077;CONSOME DE RES;RECETON SGP;RECETON;1;APIO REFRIGERADO;KG;0.010000;;
RT0077;CONSOME DE RES;RECETON SGP;RECETON;1;ARVEJA PELADA CONGELADO;KG;0.005000;;
RT0077;CONSOME DE RES;RECETON SGP;RECETON;1;CALDO DE CARNE;KG;0.001000;;
RT0077;CONSOME DE RES;RECETON SGP;RECETON;1;FIDEO CABELLO DE ANGEL;KG;0.020000;;
RT0077;CONSOME DE RES;RECETON SGP;RECETON;1;OREGANO ENTERO;KG;0.000120;;
RT0077;CONSOME DE RES;RECETON SGP;RECETON;1;PAPA BLANCA REFRIGERADO;KG;0.030000;;
RT0077;CONSOME DE RES;RECETON SGP;RECETON;1;PEREJIL LIZO REFRIGERADO;KG;0.001000;;
RT0077;CONSOME DE RES;RECETON SGP;RECETON;1;PORO REFRIGERADO;KG;0.006000;;
RT0077;CONSOME DE RES;RECETON SGP;RECETON;1;RES - SOPAS S/HUESO CONGELADO;KG;0.065000;;
RT0077;CONSOME DE RES;RECETON SGP;RECETON;1;SAL DE COCINA;KG;0.002000;;
RT0077;CONSOME DE RES;RECETON SGP;RECETON;1;ZANAHORIA REFRIGERADO;KG;0.010000;;
RT0078;CORA - ANTICUCHO DE CORAZON;RECETON SGP;RECETON;1;ACEITE VEGETAL;L;0.002000;;
RT0078;CORA - ANTICUCHO DE CORAZON;RECETON SGP;RECETON;1;COMINO MOLIDO;KG;0.000060;;
RT0078;CORA - ANTICUCHO DE CORAZON;RECETON SGP;RECETON;1;OREGANO ENTERO;KG;0.000120;;
RT0078;CORA - ANTICUCHO DE CORAZON;RECETON SGP;RECETON;1;PALITOS DE BROCHETA 24 CM;UND;2.000000;;
RT0078;CORA - ANTICUCHO DE CORAZON;RECETON SGP;RECETON;1;PASTA DE AJI PANCA;KG;0.002000;;
RT0078;CORA - ANTICUCHO DE CORAZON;RECETON SGP;RECETON;1;PASTA DE AJO;KG;0.002000;;
RT0078;CORA - ANTICUCHO DE CORAZON;RECETON SGP;RECETON;1;PIMIENTA NEGRA MOLIDA;KG;0.000120;;
RT0078;CORA - ANTICUCHO DE CORAZON;RECETON SGP;RECETON;1;RES CORAZON CONGELADO;KG;0.160000;;
RT0078;CORA - ANTICUCHO DE CORAZON;RECETON SGP;RECETON;1;SAL DE COCINA;KG;0.003000;;
RT0078;CORA - ANTICUCHO DE CORAZON;RECETON SGP;RECETON;1;VINAGRE TINTO;L;0.005000;;
RT0079;CORD - HUATIA DE CORDERO;RECETON SGP;RECETON;1;ACEITE VEGETAL;L;0.002000;;
RT0079;CORD - HUATIA DE CORDERO;RECETON SGP;RECETON;1;AGUA PARA RECETA;L;0.030000;;
RT0079;CORD - HUATIA DE CORDERO;RECETON SGP;RECETON;1;AJINOMOTO;KG;0.000300;;
RT0079;CORD - HUATIA DE CORDERO;RECETON SGP;RECETON;1;BASE VERDE;KG;0.020000;;
RT0079;CORD - HUATIA DE CORDERO;RECETON SGP;RECETON;1;CALDO DE GALLINA;KG;0.000300;;
RT0079;CORD - HUATIA DE CORDERO;RECETON SGP;RECETON;1;COMINO MOLIDO;KG;0.000600;;
RT0079;CORD - HUATIA DE CORDERO;RECETON SGP;RECETON;1;CORDERO S/HUESO CONGELADO;KG;0.160000;;
RT0079;CORD - HUATIA DE CORDERO;RECETON SGP;RECETON;1;CULANTRO REFRIGERADO;KG;0.002000;;
RT0079;CORD - HUATIA DE CORDERO;RECETON SGP;RECETON;1;HUACATAY REFRIGERADO;KG;0.003000;;
RT0079;CORD - HUATIA DE CORDERO;RECETON SGP;RECETON;1;MAICENA;KG;0.003000;;
RT0079;CORD - HUATIA DE CORDERO;RECETON SGP;RECETON;1;OREGANO ENTERO;KG;0.000120;;
RT0079;CORD - HUATIA DE CORDERO;RECETON SGP;RECETON;1;PIMIENTA NEGRA MOLIDA;KG;0.000120;;
RT0079;CORD - HUATIA DE CORDERO;RECETON SGP;RECETON;1;SAL DE COCINA;KG;0.002000;;
RT0079;CORD - HUATIA DE CORDERO;RECETON SGP;RECETON;1;VINAGRE TINTO;L;0.003000;;
RT0080;CORD - SECO DE CORDERO;RECETON SGP;RECETON;1;ACEITE VEGETAL;L;0.003000;;
RT0080;CORD - SECO DE CORDERO;RECETON SGP;RECETON;1;AGUA PARA RECETA;L;0.030000;;
RT0080;CORD - SECO DE CORDERO;RECETON SGP;RECETON;1;ARVEJA PELADA CONGELADO;KG;0.010000;;
RT0080;CORD - SECO DE CORDERO;RECETON SGP;RECETON;1;BASE VERDE;KG;0.020000;;
RT0080;CORD - SECO DE CORDERO;RECETON SGP;RECETON;1;CEBOLLA ROJA REFRIGERADO;KG;0.015000;;
RT0080;CORD - SECO DE CORDERO;RECETON SGP;RECETON;1;COMINO MOLIDO;KG;0.000020;;
RT0080;CORD - SECO DE CORDERO;RECETON SGP;RECETON;1;CORDERO S/HUESO CONGELADO;KG;0.160000;;
RT0080;CORD - SECO DE CORDERO;RECETON SGP;RECETON;1;MAICENA;KG;0.003000;;
RT0080;CORD - SECO DE CORDERO;RECETON SGP;RECETON;1;PIMIENTA NEGRA MOLIDA;KG;0.000120;;
RT0080;CORD - SECO DE CORDERO;RECETON SGP;RECETON;1;PIMIENTO ROJO REFRIGERADO;KG;0.005000;;
RT0080;CORD - SECO DE CORDERO;RECETON SGP;RECETON;1;SAL DE COCINA;KG;0.003000;;
RT0080;CORD - SECO DE CORDERO;RECETON SGP;RECETON;1;ZANAHORIA REFRIGERADO;KG;0.015000;;
RT0081;CREMA DE ARVEJAS;RECETON SGP;RECETON;1;ACEITE VEGETAL;L;0.002000;;
RT0081;CREMA DE ARVEJAS;RECETON SGP;RECETON;1;AGUA PARA RECETA;L;0.300000;;
RT0081;CREMA DE ARVEJAS;RECETON SGP;RECETON;1;CALDO DE GALLINA;KG;0.001000;;
RT0081;CREMA DE ARVEJAS;RECETON SGP;RECETON;1;CEBOLLA ROJA REFRIGERADO;KG;0.010000;;
RT0081;CREMA DE ARVEJAS;RECETON SGP;RECETON;1;HARINA DE ARVERJA;KG;0.030000;;
RT0081;CREMA DE ARVEJAS;RECETON SGP;RECETON;1;LECHE EVAPORADA;L;0.015000;;
RT0081;CREMA DE ARVEJAS;RECETON SGP;RECETON;1;MARGARINA CON SAL REFRIGERADO GRANEL KG;KG;0.005000;;
RT0081;CREMA DE ARVEJAS;RECETON SGP;RECETON;1;OREGANO ENTERO;KG;0.000100;;
RT0081;CREMA DE ARVEJAS;RECETON SGP;RECETON;1;PASTA DE AJO;KG;0.001000;;
RT0081;CREMA DE ARVEJAS;RECETON SGP;RECETON;1;PEREJIL LIZO REFRIGERADO;KG;0.001000;;
RT0081;CREMA DE ARVEJAS;RECETON SGP;RECETON;1;PIMIENTA NEGRA MOLIDA;KG;0.000100;;
RT0081;CREMA DE ARVEJAS;RECETON SGP;RECETON;1;SAL DE COCINA;KG;0.003000;;
RT0082;CREMA DE CHAMPIGÑONES;RECETON SGP;RECETON;1;CALDO DE GALLINA;KG;0.001000;;
RT0082;CREMA DE CHAMPIGÑONES;RECETON SGP;RECETON;1;CREMA DE CHAMPIGÑONES DESHIDRATADA;KG;0.025000;;
RT0082;CREMA DE CHAMPIGÑONES;RECETON SGP;RECETON;1;HARINA DE TRIGO ESPECIAL;KG;0.010000;;
RT0082;CREMA DE CHAMPIGÑONES;RECETON SGP;RECETON;1;LECHE EVAPORADA;L;0.015000;;
RT0082;CREMA DE CHAMPIGÑONES;RECETON SGP;RECETON;1;MARGARINA CON SAL REFRIGERADO GRANEL KG;KG;0.005000;;
RT0082;CREMA DE CHAMPIGÑONES;RECETON SGP;RECETON;1;SAL DE COCINA;KG;0.002000;;
RT0083;CREMA DE CHOCLO;RECETON SGP;RECETON;1;ACEITE VEGETAL;L;0.003000;;
RT0083;CREMA DE CHOCLO;RECETON SGP;RECETON;1;AGUA PARA RECETA;L;0.300000;;
RT0083;CREMA DE CHOCLO;RECETON SGP;RECETON;1;CEBOLLA ROJA REFRIGERADO;KG;0.010000;;
RT0083;CREMA DE CHOCLO;RECETON SGP;RECETON;1;CHOCLO AMARILLO DESGRANADO CONGELADO;KG;0.080000;;
RT0083;CREMA DE CHOCLO;RECETON SGP;RECETON;1;MAICENA;KG;0.003000;;
RT0083;CREMA DE CHOCLO;RECETON SGP;RECETON;1;MARGARINA CON SAL REFRIGERADO GRANEL KG;KG;0.005000;;
RT0083;CREMA DE CHOCLO;RECETON SGP;RECETON;1;MEZCLA LACTEA;L;0.015000;;
RT0083;CREMA DE CHOCLO;RECETON SGP;RECETON;1;NUEZ MOSCADA MOLIDA;KG;0.000120;;
RT0083;CREMA DE CHOCLO;RECETON SGP;RECETON;1;OREGANO ENTERO;KG;0.000120;;
RT0083;CREMA DE CHOCLO;RECETON SGP;RECETON;1;PAN MOLDE BLANCO KG.;KG;0.007000;;
RT0083;CREMA DE CHOCLO;RECETON SGP;RECETON;1;PASTA DE AJI AMARILLO;KG;0.003000;;
RT0083;CREMA DE CHOCLO;RECETON SGP;RECETON;1;PASTA DE AJO;KG;0.002000;;
RT0083;CREMA DE CHOCLO;RECETON SGP;RECETON;1;PEREJIL LIZO REFRIGERADO;KG;0.001000;;
RT0083;CREMA DE CHOCLO;RECETON SGP;RECETON;1;PIMIENTA NEGRA MOLIDA;KG;0.000120;;
RT0083;CREMA DE CHOCLO;RECETON SGP;RECETON;1;SAL DE COCINA;KG;0.003000;;
RT0084;CREMA DE ESPINACA Y PAPA;RECETON SGP;RECETON;1;AGUA PARA RECETA;L;0.100000;;
RT0084;CREMA DE ESPINACA Y PAPA;RECETON SGP;RECETON;1;ESPINACA REFRIGERADO;KG;0.050000;;
RT0084;CREMA DE ESPINACA Y PAPA;RECETON SGP;RECETON;1;PAPA AMARILLA REFRIGERADO;KG;0.050000;;
RT0084;CREMA DE ESPINACA Y PAPA;RECETON SGP;RECETON;1;SAL DE COCINA;KG;0.001000;;
RT0085;CREMA DE ESPINACAS;RECETON SGP;RECETON;1;ACEITE VEGETAL;L;0.002000;;
RT0085;CREMA DE ESPINACAS;RECETON SGP;RECETON;1;AGUA PARA RECETA;L;0.300000;;
RT0085;CREMA DE ESPINACAS;RECETON SGP;RECETON;1;AJINOMOTO;KG;0.001000;;
RT0085;CREMA DE ESPINACAS;RECETON SGP;RECETON;1;CALDO DE GALLINA;KG;0.001000;;
RT0085;CREMA DE ESPINACAS;RECETON SGP;RECETON;1;CEBOLLA ROJA REFRIGERADO;KG;0.009000;;
RT0085;CREMA DE ESPINACAS;RECETON SGP;RECETON;1;ESPINACA CONGELADO;KG;0.080000;;
RT0085;CREMA DE ESPINACAS;RECETON SGP;RECETON;1;HARINA DE TRIGO ESPECIAL;KG;0.015000;;
RT0085;CREMA DE ESPINACAS;RECETON SGP;RECETON;1;LECHE EVAPORADA;L;0.015000;;
RT0085;CREMA DE ESPINACAS;RECETON SGP;RECETON;1;MAICENA;KG;0.001000;;
RT0085;CREMA DE ESPINACAS;RECETON SGP;RECETON;1;MARGARINA CON SAL REFRIGERADO GRANEL KG;KG;0.005000;;
RT0085;CREMA DE ESPINACAS;RECETON SGP;RECETON;1;NUEZ MOSCADA MOLIDA;KG;0.000120;;
RT0085;CREMA DE ESPINACAS;RECETON SGP;RECETON;1;OREGANO ENTERO;KG;0.000120;;
RT0085;CREMA DE ESPINACAS;RECETON SGP;RECETON;1;PAPA BLANCA REFRIGERADO;KG;0.030000;;
RT0085;CREMA DE ESPINACAS;RECETON SGP;RECETON;1;PASTA DE AJO;KG;0.001000;;
RT0085;CREMA DE ESPINACAS;RECETON SGP;RECETON;1;PIMIENTA NEGRA MOLIDA;KG;0.000120;;
RT0085;CREMA DE ESPINACAS;RECETON SGP;RECETON;1;PORO REFRIGERADO;KG;0.003000;;
RT0085;CREMA DE ESPINACAS;RECETON SGP;RECETON;1;QUESO FRESCO REFRIGERADO;KG;0.010000;;
RT0085;CREMA DE ESPINACAS;RECETON SGP;RECETON;1;SAL DE COCINA;KG;0.003000;;
RT0086;CREMA DE PALTA;RECETON SGP;RECETON;1;PALTA;KG;0.060000;;
RT0086;CREMA DE PALTA;RECETON SGP;RECETON;1;SAL DE COCINA;KG;0.003000;;
RT0086;CREMA DE PALTA;RECETON SGP;RECETON;1;ZUMO DE LIMON CONGELADO;KG;0.001000;;
RT0087;CREMA DE PAPA CON ESPINACA;RECETON SGP;RECETON;1;ACEITE VEGETAL;L;0.002000;;
RT0087;CREMA DE PAPA CON ESPINACA;RECETON SGP;RECETON;1;AGUA PARA RECETA;L;0.300000;;
RT0087;CREMA DE PAPA CON ESPINACA;RECETON SGP;RECETON;1;CALDO DE GALLINA;KG;0.001000;;
RT0087;CREMA DE PAPA CON ESPINACA;RECETON SGP;RECETON;1;CEBOLLA ROJA REFRIGERADO;KG;0.010000;;
RT0087;CREMA DE PAPA CON ESPINACA;RECETON SGP;RECETON;1;ESPINACA REFRIGERADO;KG;0.010000;;
RT0087;CREMA DE PAPA CON ESPINACA;RECETON SGP;RECETON;1;MARGARINA CON SAL REFRIGERADO GRANEL KG;KG;0.005000;;
RT0087;CREMA DE PAPA CON ESPINACA;RECETON SGP;RECETON;1;MEZCLA LACTEA;L;0.015000;;
RT0087;CREMA DE PAPA CON ESPINACA;RECETON SGP;RECETON;1;OREGANO ENTERO;KG;0.000120;;
RT0087;CREMA DE PAPA CON ESPINACA;RECETON SGP;RECETON;1;PAPA BLANCA REFRIGERADO;KG;0.050000;;
RT0087;CREMA DE PAPA CON ESPINACA;RECETON SGP;RECETON;1;PASTA DE AJO;KG;0.001000;;
RT0087;CREMA DE PAPA CON ESPINACA;RECETON SGP;RECETON;1;PEREJIL LIZO REFRIGERADO;KG;0.001000;;
RT0087;CREMA DE PAPA CON ESPINACA;RECETON SGP;RECETON;1;PIMIENTA NEGRA MOLIDA;KG;0.000120;;
RT0087;CREMA DE PAPA CON ESPINACA;RECETON SGP;RECETON;1;PURE DE PAPA DESHIDRATADA;KG;0.015000;;
RT0087;CREMA DE PAPA CON ESPINACA;RECETON SGP;RECETON;1;QUESO PARMESANO REFRIGERADO;KG;0.001000;;
RT0087;CREMA DE PAPA CON ESPINACA;RECETON SGP;RECETON;1;SAL DE COCINA;KG;0.003000;;
RT0088;CREMA DE PORO;RECETON SGP;RECETON;1;ACEITE VEGETAL;L;0.002000;;
RT0088;CREMA DE PORO;RECETON SGP;RECETON;1;AGUA PARA RECETA;L;0.300000;;
RT0088;CREMA DE PORO;RECETON SGP;RECETON;1;CALDO DE GALLINA;KG;0.001000;;
RT0088;CREMA DE PORO;RECETON SGP;RECETON;1;CEBOLLA ROJA REFRIGERADO;KG;0.010000;;
RT0088;CREMA DE PORO;RECETON SGP;RECETON;1;HARINA DE TRIGO ESPECIAL;KG;0.010000;;
RT0088;CREMA DE PORO;RECETON SGP;RECETON;1;LECHE EVAPORADA;L;0.015000;;
RT0088;CREMA DE PORO;RECETON SGP;RECETON;1;MARGARINA CON SAL REFRIGERADO GRANEL KG;KG;0.005000;;
RT0088;CREMA DE PORO;RECETON SGP;RECETON;1;OREGANO ENTERO;KG;0.000120;;
RT0088;CREMA DE PORO;RECETON SGP;RECETON;1;PASTA DE AJO;KG;0.001000;;
RT0088;CREMA DE PORO;RECETON SGP;RECETON;1;PIMIENTA NEGRA MOLIDA;KG;0.000120;;
RT0088;CREMA DE PORO;RECETON SGP;RECETON;1;PORO REFRIGERADO;KG;0.060000;;
RT0088;CREMA DE PORO;RECETON SGP;RECETON;1;PURE DE PAPA DESHIDRATADA;KG;0.015000;;
RT0088;CREMA DE PORO;RECETON SGP;RECETON;1;QUESO PARMESANO REFRIGERADO;KG;0.001000;;
RT0088;CREMA DE PORO;RECETON SGP;RECETON;1;SAL DE COCINA;KG;0.002000;;
RT0089;CREMA DE PORO DIETA;RECETON SGP;RECETON;1;ACEITE VEGETAL;L;0.003000;;
RT0089;CREMA DE PORO DIETA;RECETON SGP;RECETON;1;AGUA PARA RECETA;L;0.100000;;
RT0089;CREMA DE PORO DIETA;RECETON SGP;RECETON;1;CEBOLLA ROJA REFRIGERADO;KG;0.010000;;
RT0089;CREMA DE PORO DIETA;RECETON SGP;RECETON;1;LAUREL;KG;0.000100;;
RT0089;CREMA DE PORO DIETA;RECETON SGP;RECETON;1;OREGANO ENTERO;KG;0.000100;;
RT0089;CREMA DE PORO DIETA;RECETON SGP;RECETON;1;PAPA BLANCA REFRIGERADO;KG;0.030000;;
RT0089;CREMA DE PORO DIETA;RECETON SGP;RECETON;1;PASTA DE AJO;KG;0.002000;;
RT0089;CREMA DE PORO DIETA;RECETON SGP;RECETON;1;PORO REFRIGERADO;KG;0.060000;;
RT0089;CREMA DE PORO DIETA;RECETON SGP;RECETON;1;ZANAHORIA REFRIGERADO;KG;0.015000;;
RT0090;CREMA DE VERDURAS;RECETON SGP;RECETON;1;ACEITE VEGETAL;L;0.003000;;
RT0090;CREMA DE VERDURAS;RECETON SGP;RECETON;1;AGUA PARA RECETA;L;0.300000;;
RT0090;CREMA DE VERDURAS;RECETON SGP;RECETON;1;APIO REFRIGERADO;KG;0.011000;;
RT0090;CREMA DE VERDURAS;RECETON SGP;RECETON;1;CALDO DE GALLINA;KG;0.001000;;
RT0090;CREMA DE VERDURAS;RECETON SGP;RECETON;1;CEBOLLA ROJA REFRIGERADO;KG;0.010000;;
RT0090;CREMA DE VERDURAS;RECETON SGP;RECETON;1;CHOCLO AMARILLO DESGRANADO CONGELADO;KG;0.010000;;
RT0090;CREMA DE VERDURAS;RECETON SGP;RECETON;1;ESPINACA REFRIGERADO;KG;0.030000;;
RT0090;CREMA DE VERDURAS;RECETON SGP;RECETON;1;HARINA DE TRIGO ESPECIAL;KG;0.010000;;
RT0090;CREMA DE VERDURAS;RECETON SGP;RECETON;1;LECHE EVAPORADA;L;0.015000;;
RT0090;CREMA DE VERDURAS;RECETON SGP;RECETON;1;MARGARINA CON SAL REFRIGERADO GRANEL KG;KG;0.005000;;
RT0090;CREMA DE VERDURAS;RECETON SGP;RECETON;1;NABO REFRIGERADO;KG;0.009000;;
RT0090;CREMA DE VERDURAS;RECETON SGP;RECETON;1;OREGANO ENTERO;KG;0.000120;;
RT0090;CREMA DE VERDURAS;RECETON SGP;RECETON;1;PAPA BLANCA REFRIGERADO;KG;0.035000;;
RT0090;CREMA DE VERDURAS;RECETON SGP;RECETON;1;PASTA DE AJO;KG;0.001000;;
RT0090;CREMA DE VERDURAS;RECETON SGP;RECETON;1;PEREJIL LIZO REFRIGERADO;KG;0.001000;;
RT0090;CREMA DE VERDURAS;RECETON SGP;RECETON;1;PIMIENTA NEGRA MOLIDA;KG;0.000120;;
RT0090;CREMA DE VERDURAS;RECETON SGP;RECETON;1;PORO REFRIGERADO;KG;0.011000;;
RT0090;CREMA DE VERDURAS;RECETON SGP;RECETON;1;QUESO PARMESANO REFRIGERADO;KG;0.001000;;
RT0090;CREMA DE VERDURAS;RECETON SGP;RECETON;1;SAL DE COCINA;KG;0.003000;;
RT0090;CREMA DE VERDURAS;RECETON SGP;RECETON;1;ZANAHORIA REFRIGERADO;KG;0.020000;;
RT0090;CREMA DE VERDURAS;RECETON SGP;RECETON;1;ZAPALLO MACRE REFRIGERADO;KG;0.020000;;
RT0091;CREMA DE ZANAHORIA;RECETON SGP;RECETON;1;AGUA PARA RECETA;L;0.250000;;
RT0091;CREMA DE ZANAHORIA;RECETON SGP;RECETON;1;LECHE EVAPORADA;L;0.015000;;
RT0091;CREMA DE ZANAHORIA;RECETON SGP;RECETON;1;MAICENA;KG;0.003000;;
RT0091;CREMA DE ZANAHORIA;RECETON SGP;RECETON;1;MARGARINA CON SAL REFRIGERADO GRANEL KG;KG;0.005000;;
RT0091;CREMA DE ZANAHORIA;RECETON SGP;RECETON;1;OREGANO ENTERO;KG;0.000120;;
RT0091;CREMA DE ZANAHORIA;RECETON SGP;RECETON;1;PIMIENTA NEGRA MOLIDA;KG;0.000120;;
RT0091;CREMA DE ZANAHORIA;RECETON SGP;RECETON;1;SAL DE COCINA;KG;0.003000;;
RT0091;CREMA DE ZANAHORIA;RECETON SGP;RECETON;1;ZANAHORIA REFRIGERADO;KG;0.060000;;
RT0092;CREMA DE ZAPALLO;RECETON SGP;RECETON;1;ACEITE VEGETAL;L;0.002000;;
RT0092;CREMA DE ZAPALLO;RECETON SGP;RECETON;1;AGUA PARA RECETA;L;0.300000;;
RT0092;CREMA DE ZAPALLO;RECETON SGP;RECETON;1;AJINOMOTO;KG;0.001000;;
RT0092;CREMA DE ZAPALLO;RECETON SGP;RECETON;1;CALDO DE GALLINA;KG;0.001000;;
RT0092;CREMA DE ZAPALLO;RECETON SGP;RECETON;1;CEBOLLA ROJA REFRIGERADO;KG;0.010000;;
RT0092;CREMA DE ZAPALLO;RECETON SGP;RECETON;1;HARINA DE TRIGO ESPECIAL;KG;0.001000;;
RT0092;CREMA DE ZAPALLO;RECETON SGP;RECETON;1;LECHE EVAPORADA;L;0.015000;;
RT0092;CREMA DE ZAPALLO;RECETON SGP;RECETON;1;MARGARINA CON SAL REFRIGERADO GRANEL KG;KG;0.005000;;
RT0092;CREMA DE ZAPALLO;RECETON SGP;RECETON;1;NUEZ MOSCADA MOLIDA;KG;0.000120;;
RT0092;CREMA DE ZAPALLO;RECETON SGP;RECETON;1;OREGANO ENTERO;KG;0.000120;;
RT0092;CREMA DE ZAPALLO;RECETON SGP;RECETON;1;PAPA BLANCA REFRIGERADO;KG;0.050000;;
RT0092;CREMA DE ZAPALLO;RECETON SGP;RECETON;1;PASTA DE AJO;KG;0.001000;;
RT0092;CREMA DE ZAPALLO;RECETON SGP;RECETON;1;PEREJIL LIZO REFRIGERADO;KG;0.001000;;
RT0092;CREMA DE ZAPALLO;RECETON SGP;RECETON;1;PIMIENTA NEGRA MOLIDA;KG;0.000120;;
RT0092;CREMA DE ZAPALLO;RECETON SGP;RECETON;1;QUESO FRESCO REFRIGERADO;KG;0.005000;;
RT0092;CREMA DE ZAPALLO;RECETON SGP;RECETON;1;SAL DE COCINA;KG;0.003000;;
RT0092;CREMA DE ZAPALLO;RECETON SGP;RECETON;1;ZAPALLO MACRE REFRIGERADO;KG;0.070000;;
RT0093;CREMA DE ZAPALLO DIETA;RECETON SGP;RECETON;1;ACEITE VEGETAL;L;0.003000;;
RT0093;CREMA DE ZAPALLO DIETA;RECETON SGP;RECETON;1;AGUA PARA RECETA;L;0.100000;;
RT0093;CREMA DE ZAPALLO DIETA;RECETON SGP;RECETON;1;APIO REFRIGERADO;KG;0.005000;;
RT0093;CREMA DE ZAPALLO DIETA;RECETON SGP;RECETON;1;CEBOLLA ROJA REFRIGERADO;KG;0.010000;;
RT0093;CREMA DE ZAPALLO DIETA;RECETON SGP;RECETON;1;LAUREL;KG;0.000100;;
RT0093;CREMA DE ZAPALLO DIETA;RECETON SGP;RECETON;1;OREGANO ENTERO;KG;0.000100;;
RT0093;CREMA DE ZAPALLO DIETA;RECETON SGP;RECETON;1;PAPA AMARILLA REFRIGERADO;KG;0.019000;;
RT0093;CREMA DE ZAPALLO DIETA;RECETON SGP;RECETON;1;PASTA DE AJO;KG;0.002000;;
RT0093;CREMA DE ZAPALLO DIETA;RECETON SGP;RECETON;1;PEREJIL LIZO REFRIGERADO;KG;0.001000;;
RT0093;CREMA DE ZAPALLO DIETA;RECETON SGP;RECETON;1;PORO REFRIGERADO;KG;0.015000;;
RT0093;CREMA DE ZAPALLO DIETA;RECETON SGP;RECETON;1;ZANAHORIA REFRIGERADO;KG;0.015000;;
RT0093;CREMA DE ZAPALLO DIETA;RECETON SGP;RECETON;1;ZAPALLO MACRE REFRIGERADO;KG;0.020000;;
RT0094;CREMA VOLTEADA;RECETON SGP;RECETON;1;AGUA PARA RECETA;L;0.017140;;
RT0094;CREMA VOLTEADA;RECETON SGP;RECETON;1;AZUCAR BLANCA GRANEL;KG;0.018570;;
RT0094;CREMA VOLTEADA;RECETON SGP;RECETON;1;ESCENCIA DE VAINILLA;L;0.001430;;
RT0094;CREMA VOLTEADA;RECETON SGP;RECETON;1;HUEVO LIQUIDO CONGELADO;KG;0.048570;;
RT0094;CREMA VOLTEADA;RECETON SGP;RECETON;1;LECHE EVAPORADA;L;0.039990;;
RT0095;CREPES CON MERMELADA DE FRESA;RECETON SGP;RECETON;1;AZUCAR RUBIA;KG;0.008000;;
RT0095;CREPES CON MERMELADA DE FRESA;RECETON SGP;RECETON;1;HARINA DE TRIGO ESPECIAL;KG;0.020000;;
RT0095;CREPES CON MERMELADA DE FRESA;RECETON SGP;RECETON;1;HUEVO ROSADO REFRIGERADO CAJA;KG;0.010000;;
RT0095;CREPES CON MERMELADA DE FRESA;RECETON SGP;RECETON;1;MARGARINA CON SAL REFRIGERADO GRANEL KG;KG;0.003000;;
RT0095;CREPES CON MERMELADA DE FRESA;RECETON SGP;RECETON;1;MERMELADA FRESA GRANEL;KG;0.015000;;
RT0095;CREPES CON MERMELADA DE FRESA;RECETON SGP;RECETON;1;MEZCLA LACTEA;L;0.030000;;
RT0095;CREPES CON MERMELADA DE FRESA;RECETON SGP;RECETON;1;SAL DE COCINA;KG;0.001000;;
RT0096;CROCANTE DE PLATANO;RECETON SGP;RECETON;1;AGUA PARA RECETA;L;0.010000;;
RT0096;CROCANTE DE PLATANO;RECETON SGP;RECETON;1;AVENA;KG;0.010000;;
RT0096;CROCANTE DE PLATANO;RECETON SGP;RECETON;1;AZUCAR RUBIA;KG;0.022220;;
RT0096;CROCANTE DE PLATANO;RECETON SGP;RECETON;1;ESCENCIA DE VAINILLA;L;0.001000;;
RT0096;CROCANTE DE PLATANO;RECETON SGP;RECETON;1;HARINA DE TRIGO ESPECIAL;KG;0.058000;;
RT0096;CROCANTE DE PLATANO;RECETON SGP;RECETON;1;MARGARINA CON SAL REFRIGERADO GRANEL KG;KG;0.034000;;
RT0096;CROCANTE DE PLATANO;RECETON SGP;RECETON;1;PLATANO SEDA REFRIGERADO;KG;0.033330;;
RT0096;CROCANTE DE PLATANO;RECETON SGP;RECETON;1;ZUMO DE LIMON CONGELADO;KG;0.001110;;
RT0097;CROQUETAS DE ATUN I;RECETON SGP;RECETON;1;ACEITE VEGETAL;L;0.002000;;
RT0097;CROQUETAS DE ATUN I;RECETON SGP;RECETON;1;AGUA PARA RECETA;L;0.002300;;
RT0097;CROQUETAS DE ATUN I;RECETON SGP;RECETON;1;ATUN EN ACEITE LATA;KG;0.100000;;
RT0097;CROQUETAS DE ATUN I;RECETON SGP;RECETON;1;CEBOLLA ROJA REFRIGERADO;KG;0.020000;;
RT0097;CROQUETAS DE ATUN I;RECETON SGP;RECETON;1;HARINA DE TRIGO ESPECIAL;KG;0.008000;;
RT0097;CROQUETAS DE ATUN I;RECETON SGP;RECETON;1;HUEVO LIQUIDO CONGELADO;KG;0.020000;;
RT0097;CROQUETAS DE ATUN I;RECETON SGP;RECETON;1;KETCHUP;KG;0.007000;;
RT0097;CROQUETAS DE ATUN I;RECETON SGP;RECETON;1;LECHUGA AMERICANA REFRIGERADO;KG;0.012000;;
RT0097;CROQUETAS DE ATUN I;RECETON SGP;RECETON;1;MAYONESA;KG;0.004700;;
RT0097;CROQUETAS DE ATUN I;RECETON SGP;RECETON;1;PAN MOLIDO KG.;KG;0.010000;;
RT0097;CROQUETAS DE ATUN I;RECETON SGP;RECETON;1;PASTA DE AJO;KG;0.001000;;
RT0097;CROQUETAS DE ATUN I;RECETON SGP;RECETON;1;PIMIENTA NEGRA MOLIDA;KG;0.000120;;
RT0097;CROQUETAS DE ATUN I;RECETON SGP;RECETON;1;SAL DE COCINA;KG;0.002000;;
RT0097;CROQUETAS DE ATUN I;RECETON SGP;RECETON;1;TOMATE CRIOLLO REFRIGERADO;KG;0.015000;;
RT0098;CUY - CUY CHACTADO;RECETON SGP;RECETON;1;ACEITE VEGETAL;L;0.002000;;
RT0098;CUY - CUY CHACTADO;RECETON SGP;RECETON;1;AGUA PARA RECETA;L;0.010000;;
RT0098;CUY - CUY CHACTADO;RECETON SGP;RECETON;1;AJINOMOTO;KG;0.000300;;
RT0098;CUY - CUY CHACTADO;RECETON SGP;RECETON;1;BASE CRIOLLA;KG;0.005000;;
RT0098;CUY - CUY CHACTADO;RECETON SGP;RECETON;1;CALDO DE GALLINA;KG;0.000300;;
RT0098;CUY - CUY CHACTADO;RECETON SGP;RECETON;1;CHUÑO;KG;0.010000;;
RT0098;CUY - CUY CHACTADO;RECETON SGP;RECETON;1;COMINO MOLIDO;KG;0.000600;;
RT0098;CUY - CUY CHACTADO;RECETON SGP;RECETON;1;CUY ENTERO EVISCERADO CONGELADO;KG;0.250000;;
RT0098;CUY - CUY CHACTADO;RECETON SGP;RECETON;1;HARINA DE TRIGO ESPECIAL;KG;0.010000;;
RT0098;CUY - CUY CHACTADO;RECETON SGP;RECETON;1;HUACATAY REFRIGERADO;KG;0.001000;;
RT0098;CUY - CUY CHACTADO;RECETON SGP;RECETON;1;MANI TOSTADO PELADO;KG;0.005000;;
RT0098;CUY - CUY CHACTADO;RECETON SGP;RECETON;1;PASTA DE AJI AMARILLO;KG;0.001000;;
RT0098;CUY - CUY CHACTADO;RECETON SGP;RECETON;1;PIMIENTA NEGRA MOLIDA;KG;0.000100;;
RT0098;CUY - CUY CHACTADO;RECETON SGP;RECETON;1;SAL DE COCINA;KG;0.002000;;
RT0099;DULCE DE HIGO;RECETON SGP;RECETON;1;AGUA PARA RECETA;L;0.066700;;
RT0099;DULCE DE HIGO;RECETON SGP;RECETON;1;AZUCAR RUBIA;KG;0.020000;;
RT0099;DULCE DE HIGO;RECETON SGP;RECETON;1;CANELA ENTERA;KG;0.000100;;
RT0099;DULCE DE HIGO;RECETON SGP;RECETON;1;CANELA MOLIDA;KG;0.000100;;
RT0099;DULCE DE HIGO;RECETON SGP;RECETON;1;CLAVO DE OLOR ENTERO;KG;0.000100;;
RT0099;DULCE DE HIGO;RECETON SGP;RECETON;1;HIGO SECO;KG;0.020000;;
RT0099;DULCE DE HIGO;RECETON SGP;RECETON;1;MAICENA;KG;0.003000;;
RT0100;DULCE DE LECHE;RECETON SGP;RECETON;1;AGUA PARA RECETA;L;0.050000;;
RT0100;DULCE DE LECHE;RECETON SGP;RECETON;1;AZUCAR RUBIA;KG;0.030000;;
RT0100;DULCE DE LECHE;RECETON SGP;RECETON;1;CANELA ENTERA;KG;0.000100;;
RT0100;DULCE DE LECHE;RECETON SGP;RECETON;1;CANELA MOLIDA;KG;0.000100;;
RT0100;DULCE DE LECHE;RECETON SGP;RECETON;1;CLAVO DE OLOR ENTERO;KG;0.000100;;
RT0100;DULCE DE LECHE;RECETON SGP;RECETON;1;ESCENCIA DE VAINILLA;L;0.000500;;
RT0100;DULCE DE LECHE;RECETON SGP;RECETON;1;MAICENA;KG;0.010000;;
RT0100;DULCE DE LECHE;RECETON SGP;RECETON;1;MEZCLA LACTEA;L;0.050000;;
RT0101;DULCE DE QUINUA;RECETON SGP;RECETON;1;AGUA PARA RECETA;L;0.040000;;
RT0101;DULCE DE QUINUA;RECETON SGP;RECETON;1;AZUCAR RUBIA;KG;0.020000;;
RT0101;DULCE DE QUINUA;RECETON SGP;RECETON;1;CANELA ENTERA;KG;0.000120;;
RT0101;DULCE DE QUINUA;RECETON SGP;RECETON;1;CANELA MOLIDA;KG;0.000120;;
RT0101;DULCE DE QUINUA;RECETON SGP;RECETON;1;CLAVO DE OLOR ENTERO;KG;0.000060;;
RT0101;DULCE DE QUINUA;RECETON SGP;RECETON;1;ESCENCIA DE VAINILLA;L;0.000250;;
RT0101;DULCE DE QUINUA;RECETON SGP;RECETON;1;MEZCLA LACTEA;L;0.020000;;
RT0101;DULCE DE QUINUA;RECETON SGP;RECETON;1;QUINUA;KG;0.020000;;
RT0102;DULCE DE TRIGO;RECETON SGP;RECETON;1;AGUA PARA RECETA;L;0.040000;;
RT0102;DULCE DE TRIGO;RECETON SGP;RECETON;1;AZUCAR RUBIA;KG;0.008000;;
RT0102;DULCE DE TRIGO;RECETON SGP;RECETON;1;CANELA ENTERA;KG;0.000120;;
RT0102;DULCE DE TRIGO;RECETON SGP;RECETON;1;CANELA MOLIDA;KG;0.000120;;
RT0102;DULCE DE TRIGO;RECETON SGP;RECETON;1;CLAVO DE OLOR ENTERO;KG;0.000060;;
RT0102;DULCE DE TRIGO;RECETON SGP;RECETON;1;COCO RALLADO;KG;0.003000;;
RT0102;DULCE DE TRIGO;RECETON SGP;RECETON;1;LECHE EVAPORADA;L;0.020000;;
RT0102;DULCE DE TRIGO;RECETON SGP;RECETON;1;PANELA GRANULADA;KG;0.040000;;
RT0102;DULCE DE TRIGO;RECETON SGP;RECETON;1;PASAS NEGRAS SECAS;KG;0.005000;;
RT0102;DULCE DE TRIGO;RECETON SGP;RECETON;1;TRIGO PELADO;KG;0.020000;;
RT0103;DURAZNO EN ALMIBAR;RECETON SGP;RECETON;1;DURAZNO EN ALMIBAR;KG;0.100000;;
RT0104;EMPANADA DE BODA;RECETON SGP;RECETON;1;AZUCAR IMPALPABLE;KG;0.013890;;
RT0104;EMPANADA DE BODA;RECETON SGP;RECETON;1;HARINA DE TRIGO ESPECIAL;KG;0.027780;;
RT0104;EMPANADA DE BODA;RECETON SGP;RECETON;1;HUEVO LIQUIDO CONGELADO;KG;0.003330;;
RT0104;EMPANADA DE BODA;RECETON SGP;RECETON;1;MARGARINA CON SAL REFRIGERADO GRANEL KG;KG;0.016670;;
RT0104;EMPANADA DE BODA;RECETON SGP;RECETON;1;POLVO DE HORNEAR;KG;0.000250;;
RT0104;EMPANADA DE BODA;RECETON SGP;RECETON;1;SAL DE COCINA;KG;0.000440;;
RT0105;EMPANADA DE QUESO;RECETON SGP;RECETON;1;AGUA PARA RECETA;L;0.010650;;
RT0105;EMPANADA DE QUESO;RECETON SGP;RECETON;1;AZUCAR RUBIA;KG;0.010000;;
RT0105;EMPANADA DE QUESO;RECETON SGP;RECETON;1;HARINA DE TRIGO ESPECIAL;KG;0.025000;;
RT0105;EMPANADA DE QUESO;RECETON SGP;RECETON;1;HUEVO LIQUIDO CONGELADO;KG;0.030000;;
RT0105;EMPANADA DE QUESO;RECETON SGP;RECETON;1;LECHE EVAPORADA;L;0.010000;;
RT0105;EMPANADA DE QUESO;RECETON SGP;RECETON;1;LECHUGA AMERICANA REFRIGERADO;KG;0.012000;;
RT0105;EMPANADA DE QUESO;RECETON SGP;RECETON;1;MANTECA GRANEL KG;KG;0.003000;;
RT0105;EMPANADA DE QUESO;RECETON SGP;RECETON;1;MARGARINA CON SAL REFRIGERADO GRANEL KG;KG;0.013000;;
RT0105;EMPANADA DE QUESO;RECETON SGP;RECETON;1;MAYONESA;KG;0.001000;;
RT0105;EMPANADA DE QUESO;RECETON SGP;RECETON;1;OREGANO ENTERO;KG;0.000120;;
RT0105;EMPANADA DE QUESO;RECETON SGP;RECETON;1;QUESO EDAM CONGELADO;KG;0.010000;;
RT0105;EMPANADA DE QUESO;RECETON SGP;RECETON;1;QUESO MOZARELLA CONGELADO;KG;0.010000;;
RT0105;EMPANADA DE QUESO;RECETON SGP;RECETON;1;SAL DE COCINA;KG;0.002000;;
RT0106;EMPANADA MIXTA;RECETON SGP;RECETON;1;AGUA PARA RECETA;L;0.009000;;
RT0106;EMPANADA MIXTA;RECETON SGP;RECETON;1;AZUCAR IMPALPABLE;KG;0.000120;;
RT0106;EMPANADA MIXTA;RECETON SGP;RECETON;1;AZUCAR RUBIA;KG;0.012000;;
RT0106;EMPANADA MIXTA;RECETON SGP;RECETON;1;HARINA DE TRIGO ESPECIAL;KG;0.030000;;
RT0106;EMPANADA MIXTA;RECETON SGP;RECETON;1;HUEVO ROSADO REFRIGERADO CAJA;KG;0.001000;;
RT0106;EMPANADA MIXTA;RECETON SGP;RECETON;1;JAMON PARA CAFETIN CONGELADO;KG;0.040000;;
RT0106;EMPANADA MIXTA;RECETON SGP;RECETON;1;MARGARINA CON SAL REFRIGERADO GRANEL KG;KG;0.011000;;
RT0106;EMPANADA MIXTA;RECETON SGP;RECETON;1;PIMIENTA NEGRA MOLIDA;KG;0.000120;;
RT0106;EMPANADA MIXTA;RECETON SGP;RECETON;1;QUESO EDAM CONGELADO;KG;0.020000;;
RT0106;EMPANADA MIXTA;RECETON SGP;RECETON;1;SAL DE COCINA;KG;0.001500;;
RT0107;ENCANELADO;RECETON SGP;RECETON;1;AGUA PARA RECETA;L;0.020000;;
RT0107;ENCANELADO;RECETON SGP;RECETON;1;AZUCAR IMPALPABLE;KG;0.002500;;
RT0107;ENCANELADO;RECETON SGP;RECETON;1;AZUCAR RUBIA;KG;0.020000;;
RT0107;ENCANELADO;RECETON SGP;RECETON;1;CANELA MOLIDA;KG;0.002500;;
RT0107;ENCANELADO;RECETON SGP;RECETON;1;ESCENCIA DE VAINILLA;L;0.000500;;
RT0107;ENCANELADO;RECETON SGP;RECETON;1;HARINA DE TRIGO ESPECIAL;KG;0.013500;;
RT0107;ENCANELADO;RECETON SGP;RECETON;1;HUEVO LIQUIDO CONGELADO;KG;0.021000;;
RT0107;ENCANELADO;RECETON SGP;RECETON;1;MANJAR BLANCO KG;KG;0.020000;;
RT0107;ENCANELADO;RECETON SGP;RECETON;1;POLVO DE HORNEAR;KG;0.000250;;
RT0108;ENSALADA ANDINA FEST;RECETON SGP;RECETON;1;ACEITE VEGETAL;L;0.002000;;
RT0108;ENSALADA ANDINA FEST;RECETON SGP;RECETON;1;AGUA PARA RECETA;L;0.003300;;
RT0108;ENSALADA ANDINA FEST;RECETON SGP;RECETON;1;AJI AMARILLO REFRIGERADO;KG;0.005000;;
RT0108;ENSALADA ANDINA FEST;RECETON SGP;RECETON;1;CEBOLLA ROJA REFRIGERADO;KG;0.027000;;
RT0108;ENSALADA ANDINA FEST;RECETON SGP;RECETON;1;CONCENTRADO DE MARACUYA;L;0.005000;;
RT0108;ENSALADA ANDINA FEST;RECETON SGP;RECETON;1;HIERBA BUENA REFRIGERADO;KG;0.003000;;
RT0108;ENSALADA ANDINA FEST;RECETON SGP;RECETON;1;LECHUGA AMERICANA REFRIGERADO;KG;0.020000;;
RT0108;ENSALADA ANDINA FEST;RECETON SGP;RECETON;1;MAYONESA;KG;0.005000;;
RT0108;ENSALADA ANDINA FEST;RECETON SGP;RECETON;1;PECHUGA DE PAVO SIN HUESO CONGELADO;KG;0.160000;;
RT0108;ENSALADA ANDINA FEST;RECETON SGP;RECETON;1;PEPINILLO REFRIGERADO;KG;0.020000;;
RT0108;ENSALADA ANDINA FEST;RECETON SGP;RECETON;1;PIMIENTA NEGRA MOLIDA;KG;0.000120;;
RT0108;ENSALADA ANDINA FEST;RECETON SGP;RECETON;1;PIMIENTO ROJO REFRIGERADO;KG;0.020000;;
RT0108;ENSALADA ANDINA FEST;RECETON SGP;RECETON;1;QUESO FRESCO REFRIGERADO;KG;0.020000;;
RT0108;ENSALADA ANDINA FEST;RECETON SGP;RECETON;1;QUINUA;KG;0.060000;;
RT0108;ENSALADA ANDINA FEST;RECETON SGP;RECETON;1;SAL DE COCINA;KG;0.003000;;
RT0108;ENSALADA ANDINA FEST;RECETON SGP;RECETON;1;TOMATE CRIOLLO REFRIGERADO;KG;0.020000;;
RT0109;ENSALADA CAPRICHO FEST;RECETON SGP;RECETON;1;ACEITE VEGETAL;L;0.002000;;
RT0109;ENSALADA CAPRICHO FEST;RECETON SGP;RECETON;1;CHAMPIGÑONES LATA;KG;0.030000;;
RT0109;ENSALADA CAPRICHO FEST;RECETON SGP;RECETON;1;CHOCLO AMARILLO DESGRANADO CONGELADO;KG;0.025000;;
RT0109;ENSALADA CAPRICHO FEST;RECETON SGP;RECETON;1;LECHUGA AMERICANA REFRIGERADO;KG;0.080000;;
RT0109;ENSALADA CAPRICHO FEST;RECETON SGP;RECETON;1;PALTA;KG;0.030000;;
RT0109;ENSALADA CAPRICHO FEST;RECETON SGP;RECETON;1;PASTA DE AJO;KG;0.001000;;
RT0109;ENSALADA CAPRICHO FEST;RECETON SGP;RECETON;1;PECHUGA DE POLLO S/HUESO S/PIEL CONGELADO;KG;0.160000;;
RT0109;ENSALADA CAPRICHO FEST;RECETON SGP;RECETON;1;PEREJIL LIZO REFRIGERADO;KG;0.002000;;
RT0109;ENSALADA CAPRICHO FEST;RECETON SGP;RECETON;1;PIMIENTA NEGRA MOLIDA;KG;0.000120;;
RT0109;ENSALADA CAPRICHO FEST;RECETON SGP;RECETON;1;SAL DE COCINA;KG;0.003000;;
RT0109;ENSALADA CAPRICHO FEST;RECETON SGP;RECETON;1;TOMATE CRIOLLO REFRIGERADO;KG;0.040000;;
RT0109;ENSALADA CAPRICHO FEST;RECETON SGP;RECETON;1;VAINITA TROZOS CONGELADO;KG;0.020000;;
RT0109;ENSALADA CAPRICHO FEST;RECETON SGP;RECETON;1;VINAGRE BLANCO;L;0.003000;;
RT0110;ENSALADA CARIBEÑA I;RECETON SGP;RECETON;1;ACEITE VEGETAL;L;0.002000;;
RT0110;ENSALADA CARIBEÑA I;RECETON SGP;RECETON;1;APIO REFRIGERADO;KG;0.017000;;
RT0110;ENSALADA CARIBEÑA I;RECETON SGP;RECETON;1;AZUCAR RUBIA;KG;0.005000;;
RT0110;ENSALADA CARIBEÑA I;RECETON SGP;RECETON;1;CEBOLLA CHINA REFRIGERADO;KG;0.002000;;
RT0110;ENSALADA CARIBEÑA I;RECETON SGP;RECETON;1;DURAZNO EN ALMIBAR;KG;0.030000;;
RT0110;ENSALADA CARIBEÑA I;RECETON SGP;RECETON;1;LECHUGA AMERICANA REFRIGERADO;KG;0.060000;;
RT0110;ENSALADA CARIBEÑA I;RECETON SGP;RECETON;1;MANI TOSTADO PELADO;KG;0.002000;;
RT0110;ENSALADA CARIBEÑA I;RECETON SGP;RECETON;1;MAYONESA;KG;0.010000;;
RT0110;ENSALADA CARIBEÑA I;RECETON SGP;RECETON;1;PASAS NEGRAS SECAS;KG;0.010000;;
RT0110;ENSALADA CARIBEÑA I;RECETON SGP;RECETON;1;PASTA WANTAN CONGELADO;KG;0.005000;;
RT0110;ENSALADA CARIBEÑA I;RECETON SGP;RECETON;1;PECHUGA DE POLLO S/HUESO S/PIEL CONGELADO;KG;0.160000;;
RT0110;ENSALADA CARIBEÑA I;RECETON SGP;RECETON;1;PIMIENTO ROJO REFRIGERADO;KG;0.020000;;
RT0110;ENSALADA CARIBEÑA I;RECETON SGP;RECETON;1;PIÑA SELVA REFRIGERADO;KG;0.050000;;
RT0110;ENSALADA CARIBEÑA I;RECETON SGP;RECETON;1;SAL DE COCINA;KG;0.003000;;
RT0110;ENSALADA CARIBEÑA I;RECETON SGP;RECETON;1;VINAGRE BLANCO;L;0.003000;;
RT0110;ENSALADA CARIBEÑA I;RECETON SGP;RECETON;1;ZANAHORIA REFRIGERADO;KG;0.020000;;
RT0111;ENSALADA DE ATUN FEST;RECETON SGP;RECETON;1;ACEITE VEGETAL;L;0.002000;;
RT0111;ENSALADA DE ATUN FEST;RECETON SGP;RECETON;1;ACEITUNA NEGRA EN RODAJA;KG;0.015000;;
RT0111;ENSALADA DE ATUN FEST;RECETON SGP;RECETON;1;AGUA PARA RECETA;L;0.003300;;
RT0111;ENSALADA DE ATUN FEST;RECETON SGP;RECETON;1;ATUN EN ACEITE LATA;KG;0.090000;;
RT0111;ENSALADA DE ATUN FEST;RECETON SGP;RECETON;1;CEBOLLA ROJA REFRIGERADO;KG;0.010000;;
RT0111;ENSALADA DE ATUN FEST;RECETON SGP;RECETON;1;ESPINACA REFRIGERADO;KG;0.020000;;
RT0111;ENSALADA DE ATUN FEST;RECETON SGP;RECETON;1;HUEVO ROSADO REFRIGERADO CAJA;KG;0.030000;;
RT0111;ENSALADA DE ATUN FEST;RECETON SGP;RECETON;1;LECHUGA AMERICANA REFRIGERADO;KG;0.030000;;
RT0111;ENSALADA DE ATUN FEST;RECETON SGP;RECETON;1;MAYONESA;KG;0.010000;;
RT0111;ENSALADA DE ATUN FEST;RECETON SGP;RECETON;1;PIMIENTA NEGRA MOLIDA;KG;0.000100;;
RT0111;ENSALADA DE ATUN FEST;RECETON SGP;RECETON;1;QUESO FRESCO REFRIGERADO;KG;0.040000;;
RT0111;ENSALADA DE ATUN FEST;RECETON SGP;RECETON;1;SAL DE COCINA;KG;0.002000;;
RT0111;ENSALADA DE ATUN FEST;RECETON SGP;RECETON;1;TOMATE CRIOLLO REFRIGERADO;KG;0.040000;;
RT0111;ENSALADA DE ATUN FEST;RECETON SGP;RECETON;1;VINAGRE BLANCO;L;0.003000;;
RT0112;ENSALADA DE FIDEOS I;RECETON SGP;RECETON;1;AGUA PARA RECETA;L;0.008300;;
RT0112;ENSALADA DE FIDEOS I;RECETON SGP;RECETON;1;ARVEJA PELADA CONGELADO;KG;0.003000;;
RT0112;ENSALADA DE FIDEOS I;RECETON SGP;RECETON;1;FIDEO TORNILLO;KG;0.080000;;
RT0112;ENSALADA DE FIDEOS I;RECETON SGP;RECETON;1;JAMON PARA CAFETIN CONGELADO;KG;0.005000;;
RT0112;ENSALADA DE FIDEOS I;RECETON SGP;RECETON;1;LECHUGA AMERICANA REFRIGERADO;KG;0.012000;;
RT0112;ENSALADA DE FIDEOS I;RECETON SGP;RECETON;1;MAYONESA;KG;0.006700;;
RT0112;ENSALADA DE FIDEOS I;RECETON SGP;RECETON;1;MOSTAZA;KG;0.002000;;
RT0112;ENSALADA DE FIDEOS I;RECETON SGP;RECETON;1;OREGANO ENTERO;KG;0.000120;;
RT0112;ENSALADA DE FIDEOS I;RECETON SGP;RECETON;1;PEREJIL LIZO REFRIGERADO;KG;0.002000;;
RT0112;ENSALADA DE FIDEOS I;RECETON SGP;RECETON;1;PIMIENTA NEGRA MOLIDA;KG;0.000120;;
RT0112;ENSALADA DE FIDEOS I;RECETON SGP;RECETON;1;PIMIENTO ROJO REFRIGERADO;KG;0.005000;;
RT0112;ENSALADA DE FIDEOS I;RECETON SGP;RECETON;1;SAL DE COCINA;KG;0.002000;;
RT0112;ENSALADA DE FIDEOS I;RECETON SGP;RECETON;1;ZUMO DE LIMON CONGELADO;KG;0.001000;;
RT0113;ENSALADA DE LEGUMBRES GUAR;RECETON SGP;RECETON;1;ACEITE VEGETAL;L;0.003000;;
RT0113;ENSALADA DE LEGUMBRES GUAR;RECETON SGP;RECETON;1;AGUA PARA RECETA;L;0.003000;;
RT0113;ENSALADA DE LEGUMBRES GUAR;RECETON SGP;RECETON;1;ARVEJA PELADA CONGELADO;KG;0.020000;;
RT0113;ENSALADA DE LEGUMBRES GUAR;RECETON SGP;RECETON;1;MAYONESA;KG;0.006000;;
RT0113;ENSALADA DE LEGUMBRES GUAR;RECETON SGP;RECETON;1;MOSTAZA;KG;0.002000;;
RT0113;ENSALADA DE LEGUMBRES GUAR;RECETON SGP;RECETON;1;OREGANO ENTERO;KG;0.000100;;
RT0113;ENSALADA DE LEGUMBRES GUAR;RECETON SGP;RECETON;1;PAPA BLANCA REFRIGERADO;KG;0.030000;;
RT0113;ENSALADA DE LEGUMBRES GUAR;RECETON SGP;RECETON;1;PIMIENTA NEGRA MOLIDA;KG;0.000120;;
RT0113;ENSALADA DE LEGUMBRES GUAR;RECETON SGP;RECETON;1;SAL DE COCINA;KG;0.002000;;
RT0113;ENSALADA DE LEGUMBRES GUAR;RECETON SGP;RECETON;1;VAINITA TROZOS CONGELADO;KG;0.002000;;
RT0113;ENSALADA DE LEGUMBRES GUAR;RECETON SGP;RECETON;1;VINAGRE BLANCO;L;0.004000;;
RT0113;ENSALADA DE LEGUMBRES GUAR;RECETON SGP;RECETON;1;ZANAHORIA REFRIGERADO;KG;0.010000;;
RT0113;ENSALADA DE LEGUMBRES GUAR;RECETON SGP;RECETON;1;ZAPALLO ITALIANO REFRIGERADO;KG;0.025000;;
RT0114;ENSALADA DE PALTA;RECETON SGP;RECETON;1;ACEITE VEGETAL;L;0.001000;;
RT0114;ENSALADA DE PALTA;RECETON SGP;RECETON;1;BROCOLI 20-40 CONGELADO;KG;0.012000;;
RT0114;ENSALADA DE PALTA;RECETON SGP;RECETON;1;LECHUGA AMERICANA REFRIGERADO;KG;0.040000;;
RT0114;ENSALADA DE PALTA;RECETON SGP;RECETON;1;OREGANO ENTERO;KG;0.000120;;
RT0114;ENSALADA DE PALTA;RECETON SGP;RECETON;1;PALTA;KG;0.070000;;
RT0114;ENSALADA DE PALTA;RECETON SGP;RECETON;1;PEPINILLO REFRIGERADO;KG;0.010000;;
RT0114;ENSALADA DE PALTA;RECETON SGP;RECETON;1;PIMIENTA NEGRA MOLIDA;KG;0.000120;;
RT0114;ENSALADA DE PALTA;RECETON SGP;RECETON;1;SAL DE COCINA;KG;0.002000;;
RT0114;ENSALADA DE PALTA;RECETON SGP;RECETON;1;TOMATE CRIOLLO REFRIGERADO;KG;0.010000;;
RT0114;ENSALADA DE PALTA;RECETON SGP;RECETON;1;ZUMO DE LIMON CONGELADO;KG;0.003000;;
RT0115;ENSALADA FRESCA;RECETON SGP;RECETON;1;ACEITE VEGETAL;L;0.001000;;
RT0115;ENSALADA FRESCA;RECETON SGP;RECETON;1;AGUA PARA RECETA;L;0.003300;;
RT0115;ENSALADA FRESCA;RECETON SGP;RECETON;1;LECHUGA AMERICANA REFRIGERADO;KG;0.033000;;
RT0115;ENSALADA FRESCA;RECETON SGP;RECETON;1;MAYONESA;KG;0.006700;;
RT0115;ENSALADA FRESCA;RECETON SGP;RECETON;1;MOSTAZA;KG;0.002000;;
RT0115;ENSALADA FRESCA;RECETON SGP;RECETON;1;OREGANO ENTERO;KG;0.000120;;
RT0115;ENSALADA FRESCA;RECETON SGP;RECETON;1;PALTA;KG;0.030000;;
RT0115;ENSALADA FRESCA;RECETON SGP;RECETON;1;PIMIENTA NEGRA MOLIDA;KG;0.000120;;
RT0115;ENSALADA FRESCA;RECETON SGP;RECETON;1;PIMIENTO ROJO REFRIGERADO;KG;0.015000;;
RT0115;ENSALADA FRESCA;RECETON SGP;RECETON;1;SAL DE COCINA;KG;0.002000;;
RT0115;ENSALADA FRESCA;RECETON SGP;RECETON;1;TOMATE CRIOLLO REFRIGERADO;KG;0.015000;;
RT0115;ENSALADA FRESCA;RECETON SGP;RECETON;1;VINAGRE BLANCO;L;0.004000;;
RT0115;ENSALADA FRESCA;RECETON SGP;RECETON;1;ZANAHORIA REFRIGERADO;KG;0.015000;;
RT0116;ENSALADA FRESCA CON POLLO TL;RECETON SGP;RECETON;1;ACEITE VEGETAL;L;0.003000;;
RT0116;ENSALADA FRESCA CON POLLO TL;RECETON SGP;RECETON;1;CEBOLLA ROJA REFRIGERADO;KG;0.030000;;
RT0116;ENSALADA FRESCA CON POLLO TL;RECETON SGP;RECETON;1;LECHUGA AMERICANA REFRIGERADO;KG;0.080000;;
RT0116;ENSALADA FRESCA CON POLLO TL;RECETON SGP;RECETON;1;OREGANO ENTERO;KG;0.000120;;
RT0116;ENSALADA FRESCA CON POLLO TL;RECETON SGP;RECETON;1;PALTA;KG;0.030000;;
RT0116;ENSALADA FRESCA CON POLLO TL;RECETON SGP;RECETON;1;PECHUGA DE POLLO S/HUESO S/PIEL CONGELADO;KG;0.160000;;
RT0116;ENSALADA FRESCA CON POLLO TL;RECETON SGP;RECETON;1;PEPINILLO REFRIGERADO;KG;0.020000;;
RT0116;ENSALADA FRESCA CON POLLO TL;RECETON SGP;RECETON;1;PIMIENTA NEGRA MOLIDA;KG;0.000120;;
RT0116;ENSALADA FRESCA CON POLLO TL;RECETON SGP;RECETON;1;SAL DE COCINA;KG;0.002000;;
RT0116;ENSALADA FRESCA CON POLLO TL;RECETON SGP;RECETON;1;TOMATE CRIOLLO REFRIGERADO;KG;0.015000;;
RT0116;ENSALADA FRESCA CON POLLO TL;RECETON SGP;RECETON;1;ZANAHORIA REFRIGERADO;KG;0.020000;;
RT0116;ENSALADA FRESCA CON POLLO TL;RECETON SGP;RECETON;1;ZUMO DE LIMON CONGELADO;KG;0.002000;;
RT0117;ENSALADA GRIEGA FESTIVAL;RECETON SGP;RECETON;1;ACEITE VEGETAL;L;0.002000;;
RT0117;ENSALADA GRIEGA FESTIVAL;RECETON SGP;RECETON;1;ACEITUNA NEGRA EN RODAJA;KG;0.007000;;
RT0117;ENSALADA GRIEGA FESTIVAL;RECETON SGP;RECETON;1;ALBAHACA REFRIGERADO;KG;0.003000;;
RT0117;ENSALADA GRIEGA FESTIVAL;RECETON SGP;RECETON;1;CEBOLLA ROJA REFRIGERADO;KG;0.027000;;
RT0117;ENSALADA GRIEGA FESTIVAL;RECETON SGP;RECETON;1;HUEVO ROSADO REFRIGERADO CAJA;KG;0.030000;;
RT0117;ENSALADA GRIEGA FESTIVAL;RECETON SGP;RECETON;1;LECHUGA AMERICANA REFRIGERADO;KG;0.040000;;
RT0117;ENSALADA GRIEGA FESTIVAL;RECETON SGP;RECETON;1;OREGANO ENTERO;KG;0.000100;;
RT0117;ENSALADA GRIEGA FESTIVAL;RECETON SGP;RECETON;1;PECHUGA DE POLLO S/HUESO S/PIEL CONGELADO;KG;0.160000;;
RT0117;ENSALADA GRIEGA FESTIVAL;RECETON SGP;RECETON;1;PIMIENTA NEGRA MOLIDA;KG;0.000120;;
RT0117;ENSALADA GRIEGA FESTIVAL;RECETON SGP;RECETON;1;PIMIENTO ROJO REFRIGERADO;KG;0.030000;;
RT0117;ENSALADA GRIEGA FESTIVAL;RECETON SGP;RECETON;1;QUESO FRESCO REFRIGERADO;KG;0.030000;;
RT0117;ENSALADA GRIEGA FESTIVAL;RECETON SGP;RECETON;1;SAL DE COCINA;KG;0.003000;;
RT0117;ENSALADA GRIEGA FESTIVAL;RECETON SGP;RECETON;1;TOMATE CRIOLLO REFRIGERADO;KG;0.040000;;
RT0117;ENSALADA GRIEGA FESTIVAL;RECETON SGP;RECETON;1;VINAGRE BLANCO;L;0.003000;;
RT0117;ENSALADA GRIEGA FESTIVAL;RECETON SGP;RECETON;1;ZAPALLO ITALIANO REFRIGERADO;KG;0.020000;;
RT0118;ENSALADA HAWAIANA CON PAVO;RECETON SGP;RECETON;1;ACEITE VEGETAL;L;0.002000;;
RT0118;ENSALADA HAWAIANA CON PAVO;RECETON SGP;RECETON;1;AGUA PARA RECETA;L;0.005000;;
RT0118;ENSALADA HAWAIANA CON PAVO;RECETON SGP;RECETON;1;AZUCAR RUBIA;KG;0.005000;;
RT0118;ENSALADA HAWAIANA CON PAVO;RECETON SGP;RECETON;1;CANELA ENTERA;KG;0.000060;;
RT0118;ENSALADA HAWAIANA CON PAVO;RECETON SGP;RECETON;1;CLAVO DE OLOR ENTERO;KG;0.000030;;
RT0118;ENSALADA HAWAIANA CON PAVO;RECETON SGP;RECETON;1;DURAZNO EN ALMIBAR;KG;0.020000;;
RT0118;ENSALADA HAWAIANA CON PAVO;RECETON SGP;RECETON;1;JAMON PARA CAFETIN CONGELADO;KG;0.020000;;
RT0118;ENSALADA HAWAIANA CON PAVO;RECETON SGP;RECETON;1;LECHUGA AMERICANA REFRIGERADO;KG;0.040000;;
RT0118;ENSALADA HAWAIANA CON PAVO;RECETON SGP;RECETON;1;MAYONESA;KG;0.012886;;
RT0118;ENSALADA HAWAIANA CON PAVO;RECETON SGP;RECETON;1;PAPA BLANCA REFRIGERADO;KG;0.030000;;
RT0118;ENSALADA HAWAIANA CON PAVO;RECETON SGP;RECETON;1;PECHUGA DE PAVO SIN HUESO CONGELADO;KG;0.160000;;
RT0118;ENSALADA HAWAIANA CON PAVO;RECETON SGP;RECETON;1;PIMIENTA NEGRA MOLIDA;KG;0.000120;;
RT0118;ENSALADA HAWAIANA CON PAVO;RECETON SGP;RECETON;1;PIMIENTO ROJO REFRIGERADO;KG;0.025000;;
RT0118;ENSALADA HAWAIANA CON PAVO;RECETON SGP;RECETON;1;PIÑA SELVA REFRIGERADO;KG;0.050000;;
RT0119;ENSALADA MALAGUEÑA FEST;RECETON SGP;RECETON;1;ACEITE VEGETAL;L;0.002000;;
RT0119;ENSALADA MALAGUEÑA FEST;RECETON SGP;RECETON;1;ACEITUNA NEGRA EN RODAJA;KG;0.010000;;
RT0119;ENSALADA MALAGUEÑA FEST;RECETON SGP;RECETON;1;ACEITUNA VERDE EN RODAJA;KG;0.010000;;
RT0119;ENSALADA MALAGUEÑA FEST;RECETON SGP;RECETON;1;ALBAHACA REFRIGERADO;KG;0.010000;;
RT0119;ENSALADA MALAGUEÑA FEST;RECETON SGP;RECETON;1;ATUN EN ACEITE LATA;KG;0.100000;;
RT0119;ENSALADA MALAGUEÑA FEST;RECETON SGP;RECETON;1;HUEVO ROSADO REFRIGERADO CAJA;KG;0.030000;;
RT0119;ENSALADA MALAGUEÑA FEST;RECETON SGP;RECETON;1;LECHUGA AMERICANA REFRIGERADO;KG;0.060000;;
RT0119;ENSALADA MALAGUEÑA FEST;RECETON SGP;RECETON;1;SAL DE COCINA;KG;0.003000;;
RT0119;ENSALADA MALAGUEÑA FEST;RECETON SGP;RECETON;1;TOMATE CRIOLLO REFRIGERADO;KG;0.040000;;
RT0119;ENSALADA MALAGUEÑA FEST;RECETON SGP;RECETON;1;ZAPALLO ITALIANO REFRIGERADO;KG;0.040000;;
RT0119;ENSALADA MALAGUEÑA FEST;RECETON SGP;RECETON;1;ZUMO DE LIMON CONGELADO;KG;0.005000;;
RT0120;ENSALADA MIXTA DE HOJAS VERDES FEST;RECETON SGP;RECETON;1;ACEITE VEGETAL;L;0.002000;;
RT0120;ENSALADA MIXTA DE HOJAS VERDES FEST;RECETON SGP;RECETON;1;ALBAHACA REFRIGERADO;KG;0.030000;;
RT0120;ENSALADA MIXTA DE HOJAS VERDES FEST;RECETON SGP;RECETON;1;ARVEJA PELADA CONGELADO;KG;0.005000;;
RT0120;ENSALADA MIXTA DE HOJAS VERDES FEST;RECETON SGP;RECETON;1;CEBOLLA ROJA REFRIGERADO;KG;0.030000;;
RT0120;ENSALADA MIXTA DE HOJAS VERDES FEST;RECETON SGP;RECETON;1;ESPINACA REFRIGERADO;KG;0.040000;;
RT0120;ENSALADA MIXTA DE HOJAS VERDES FEST;RECETON SGP;RECETON;1;LECHUGA AMERICANA REFRIGERADO;KG;0.080000;;
RT0120;ENSALADA MIXTA DE HOJAS VERDES FEST;RECETON SGP;RECETON;1;MOSTAZA;KG;0.002000;;
RT0120;ENSALADA MIXTA DE HOJAS VERDES FEST;RECETON SGP;RECETON;1;PASTA DE AJO;KG;0.001000;;
RT0120;ENSALADA MIXTA DE HOJAS VERDES FEST;RECETON SGP;RECETON;1;PECHUGA DE POLLO S/HUESO S/PIEL CONGELADO;KG;0.160000;;
RT0120;ENSALADA MIXTA DE HOJAS VERDES FEST;RECETON SGP;RECETON;1;PEPINILLO REFRIGERADO;KG;0.030000;;
RT0120;ENSALADA MIXTA DE HOJAS VERDES FEST;RECETON SGP;RECETON;1;PIMIENTA NEGRA MOLIDA;KG;0.000100;;
RT0120;ENSALADA MIXTA DE HOJAS VERDES FEST;RECETON SGP;RECETON;1;SAL DE COCINA;KG;0.002000;;
RT0120;ENSALADA MIXTA DE HOJAS VERDES FEST;RECETON SGP;RECETON;1;VINAGRE BLANCO;L;0.003000;;
RT0120;ENSALADA MIXTA DE HOJAS VERDES FEST;RECETON SGP;RECETON;1;ZANAHORIA REFRIGERADO;KG;0.005000;;
RT0121;ENSALADA PRIMAVERAL;RECETON SGP;RECETON;1;AGUA PARA RECETA;L;0.005000;;
RT0121;ENSALADA PRIMAVERAL;RECETON SGP;RECETON;1;COL CRIOLLA REFRIGERADO;KG;0.040000;;
RT0121;ENSALADA PRIMAVERAL;RECETON SGP;RECETON;1;LECHUGA AMERICANA REFRIGERADO;KG;0.012000;;
RT0121;ENSALADA PRIMAVERAL;RECETON SGP;RECETON;1;MAYONESA;KG;0.010100;;
RT0121;ENSALADA PRIMAVERAL;RECETON SGP;RECETON;1;MOSTAZA;KG;0.002000;;
RT0121;ENSALADA PRIMAVERAL;RECETON SGP;RECETON;1;PIMIENTA NEGRA MOLIDA;KG;0.000120;;
RT0121;ENSALADA PRIMAVERAL;RECETON SGP;RECETON;1;PIMIENTO ROJO REFRIGERADO;KG;0.015000;;
RT0121;ENSALADA PRIMAVERAL;RECETON SGP;RECETON;1;PIÑA SELVA REFRIGERADO;KG;0.040000;;
RT0121;ENSALADA PRIMAVERAL;RECETON SGP;RECETON;1;SAL DE COCINA;KG;0.002000;;
RT0121;ENSALADA PRIMAVERAL;RECETON SGP;RECETON;1;VAINITA ENTERO REFRIGERADO;KG;0.020000;;
RT0121;ENSALADA PRIMAVERAL;RECETON SGP;RECETON;1;VINAGRE BLANCO;L;0.004000;;
RT0121;ENSALADA PRIMAVERAL;RECETON SGP;RECETON;1;ZANAHORIA REFRIGERADO;KG;0.012000;;
RT0122;ENSALADA RUSA;RECETON SGP;RECETON;1;AGUA PARA RECETA;L;0.005000;;
RT0122;ENSALADA RUSA;RECETON SGP;RECETON;1;ARVEJA PELADA CONGELADO;KG;0.010000;;
RT0122;ENSALADA RUSA;RECETON SGP;RECETON;1;BETERRAGA ENTERA REFRIGERADO;KG;0.025000;;
RT0122;ENSALADA RUSA;RECETON SGP;RECETON;1;HUEVO ROSADO REFRIGERADO CAJA;KG;0.015000;;
RT0122;ENSALADA RUSA;RECETON SGP;RECETON;1;LECHUGA AMERICANA REFRIGERADO;KG;0.012000;;
RT0122;ENSALADA RUSA;RECETON SGP;RECETON;1;MAYONESA;KG;0.010000;;
RT0122;ENSALADA RUSA;RECETON SGP;RECETON;1;MOSTAZA;KG;0.000120;;
RT0122;ENSALADA RUSA;RECETON SGP;RECETON;1;PAPA BLANCA REFRIGERADO;KG;0.030000;;
RT0122;ENSALADA RUSA;RECETON SGP;RECETON;1;PEREJIL LIZO REFRIGERADO;KG;0.003000;;
RT0122;ENSALADA RUSA;RECETON SGP;RECETON;1;PIMIENTA NEGRA MOLIDA;KG;0.000120;;
RT0122;ENSALADA RUSA;RECETON SGP;RECETON;1;SAL DE COCINA;KG;0.002000;;
RT0122;ENSALADA RUSA;RECETON SGP;RECETON;1;VAINITA ENTERO REFRIGERADO;KG;0.030000;;
RT0122;ENSALADA RUSA;RECETON SGP;RECETON;1;ZANAHORIA REFRIGERADO;KG;0.015000;;
RT0122;ENSALADA RUSA;RECETON SGP;RECETON;1;ZUMO DE LIMON CONGELADO;KG;0.001000;;
RT0123;ENSALADA RUSA GUAR I;RECETON SGP;RECETON;1;AGUA PARA RECETA;L;0.003300;;
RT0123;ENSALADA RUSA GUAR I;RECETON SGP;RECETON;1;BETERRAGA ENTERA REFRIGERADO;KG;0.020000;;
RT0123;ENSALADA RUSA GUAR I;RECETON SGP;RECETON;1;MAYONESA;KG;0.006700;;
RT0123;ENSALADA RUSA GUAR I;RECETON SGP;RECETON;1;PAPA BLANCA REFRIGERADO;KG;0.030000;;
RT0123;ENSALADA RUSA GUAR I;RECETON SGP;RECETON;1;PIMIENTA NEGRA MOLIDA;KG;0.000120;;
RT0123;ENSALADA RUSA GUAR I;RECETON SGP;RECETON;1;SAL DE COCINA;KG;0.003000;;
RT0123;ENSALADA RUSA GUAR I;RECETON SGP;RECETON;1;VAINITA ENTERO REFRIGERADO;KG;0.020000;;
RT0123;ENSALADA RUSA GUAR I;RECETON SGP;RECETON;1;ZANAHORIA REFRIGERADO;KG;0.015000;;
RT0124;ENSALADA RUSA II;RECETON SGP;RECETON;1;AGUA PARA RECETA;L;0.005000;;
RT0124;ENSALADA RUSA II;RECETON SGP;RECETON;1;ARVEJA PELADA CONGELADO;KG;0.010000;;
RT0124;ENSALADA RUSA II;RECETON SGP;RECETON;1;BETERRAGA ENTERA REFRIGERADO;KG;0.025000;;
RT0124;ENSALADA RUSA II;RECETON SGP;RECETON;1;HUEVO ROSADO REFRIGERADO CAJA;KG;0.015000;;
RT0124;ENSALADA RUSA II;RECETON SGP;RECETON;1;LECHUGA AMERICANA REFRIGERADO;KG;0.012000;;
RT0124;ENSALADA RUSA II;RECETON SGP;RECETON;1;MAYONESA SACHET 10 GR;UND;1.000000;;
RT0124;ENSALADA RUSA II;RECETON SGP;RECETON;1;PAPA BLANCA REFRIGERADO;KG;0.030000;;
RT0124;ENSALADA RUSA II;RECETON SGP;RECETON;1;PEREJIL LIZO REFRIGERADO;KG;0.003000;;
RT0124;ENSALADA RUSA II;RECETON SGP;RECETON;1;PIMIENTA NEGRA MOLIDA;KG;0.001200;;
RT0124;ENSALADA RUSA II;RECETON SGP;RECETON;1;SAL DE COCINA;KG;0.002000;;
RT0124;ENSALADA RUSA II;RECETON SGP;RECETON;1;VAINITA ENTERO REFRIGERADO;KG;0.030000;;
RT0124;ENSALADA RUSA II;RECETON SGP;RECETON;1;ZANAHORIA REFRIGERADO;KG;0.015000;;
RT0125;ENSALADA TIPO NICOISE FEST;RECETON SGP;RECETON;1;ACEITUNA NEGRA EN RODAJA;KG;0.015000;;
RT0125;ENSALADA TIPO NICOISE FEST;RECETON SGP;RECETON;1;ARVEJA PELADA CONGELADO;KG;0.015000;;
RT0125;ENSALADA TIPO NICOISE FEST;RECETON SGP;RECETON;1;ATUN EN ACEITE LATA;KG;0.090000;;
RT0125;ENSALADA TIPO NICOISE FEST;RECETON SGP;RECETON;1;CEBOLLA ROJA REFRIGERADO;KG;0.015000;;
RT0125;ENSALADA TIPO NICOISE FEST;RECETON SGP;RECETON;1;HARINA DE TRIGO ESPECIAL;KG;0.016000;;
RT0125;ENSALADA TIPO NICOISE FEST;RECETON SGP;RECETON;1;HUEVO ROSADO REFRIGERADO CAJA;KG;0.030000;;
RT0125;ENSALADA TIPO NICOISE FEST;RECETON SGP;RECETON;1;LECHUGA AMERICANA REFRIGERADO;KG;0.040000;;
RT0125;ENSALADA TIPO NICOISE FEST;RECETON SGP;RECETON;1;LEVADURA INSTANTANEA;KG;0.000200;;
RT0125;ENSALADA TIPO NICOISE FEST;RECETON SGP;RECETON;1;MAYONESA;KG;0.010000;;
RT0125;ENSALADA TIPO NICOISE FEST;RECETON SGP;RECETON;1;MOSTAZA;KG;0.002000;;
RT0125;ENSALADA TIPO NICOISE FEST;RECETON SGP;RECETON;1;PAPA BLANCA REFRIGERADO;KG;0.020000;;
RT0125;ENSALADA TIPO NICOISE FEST;RECETON SGP;RECETON;1;PASTA DE AJO;KG;0.000100;;
RT0125;ENSALADA TIPO NICOISE FEST;RECETON SGP;RECETON;1;PEPINILLO REFRIGERADO;KG;0.020000;;
RT0125;ENSALADA TIPO NICOISE FEST;RECETON SGP;RECETON;1;PEREJIL LIZO REFRIGERADO;KG;0.002000;;
RT0125;ENSALADA TIPO NICOISE FEST;RECETON SGP;RECETON;1;PIMIENTA NEGRA MOLIDA;KG;0.000100;;
RT0125;ENSALADA TIPO NICOISE FEST;RECETON SGP;RECETON;1;PIMIENTO ROJO REFRIGERADO;KG;0.020000;;
RT0125;ENSALADA TIPO NICOISE FEST;RECETON SGP;RECETON;1;PREMEZCLA INVENTIS PAN CIABATTA;KG;0.003200;;
RT0125;ENSALADA TIPO NICOISE FEST;RECETON SGP;RECETON;1;SAL DE COCINA;KG;0.002000;;
RT0125;ENSALADA TIPO NICOISE FEST;RECETON SGP;RECETON;1;TOMATE CRIOLLO REFRIGERADO;KG;0.050000;;
RT0126;ENTRA - CHICHARRON DE POLLO CON SALSA TARTARA;RECETON SGP;RECETON;1;ACEITE VEGETAL;L;0.005000;;
RT0126;ENTRA - CHICHARRON DE POLLO CON SALSA TARTARA;RECETON SGP;RECETON;1;AGUA PARA RECETA;L;0.005000;;
RT0126;ENTRA - CHICHARRON DE POLLO CON SALSA TARTARA;RECETON SGP;RECETON;1;CHUÑO;KG;0.005000;;
RT0126;ENTRA - CHICHARRON DE POLLO CON SALSA TARTARA;RECETON SGP;RECETON;1;COMINO MOLIDO;KG;0.000600;;
RT0126;ENTRA - CHICHARRON DE POLLO CON SALSA TARTARA;RECETON SGP;RECETON;1;HARINA DE TRIGO ESPECIAL;KG;0.008000;;
RT0126;ENTRA - CHICHARRON DE POLLO CON SALSA TARTARA;RECETON SGP;RECETON;1;HUEVO ROSADO REFRIGERADO CAJA;KG;0.020000;;
RT0126;ENTRA - CHICHARRON DE POLLO CON SALSA TARTARA;RECETON SGP;RECETON;1;MOSTAZA;KG;0.003000;;
RT0126;ENTRA - CHICHARRON DE POLLO CON SALSA TARTARA;RECETON SGP;RECETON;1;PASTA DE AJO;KG;0.002000;;
RT0126;ENTRA - CHICHARRON DE POLLO CON SALSA TARTARA;RECETON SGP;RECETON;1;PECHUGA DE POLLO S/HUESO S/PIEL CONGELADO;KG;0.090000;;
RT0126;ENTRA - CHICHARRON DE POLLO CON SALSA TARTARA;RECETON SGP;RECETON;1;PIMIENTA NEGRA MOLIDA;KG;0.000100;;
RT0126;ENTRA - CHICHARRON DE POLLO CON SALSA TARTARA;RECETON SGP;RECETON;1;SAL DE COCINA;KG;0.002000;;
RT0127;FLAN BICOLOR;RECETON SGP;RECETON;1;AGUA PARA RECETA;L;0.070000;;
RT0127;FLAN BICOLOR;RECETON SGP;RECETON;1;CREMA CHANTILLY;L;0.010000;;
RT0127;FLAN BICOLOR;RECETON SGP;RECETON;1;FLAN DE CHOCOLATE INSTANTANEO;KG;0.013000;;
RT0127;FLAN BICOLOR;RECETON SGP;RECETON;1;FLAN DE VAINILLA INSTANTANEO;KG;0.013000;;
RT0127;FLAN BICOLOR;RECETON SGP;RECETON;1;LECHE EVAPORADA;L;0.030000;;
RT0128;FLAN DE CHOCOLATE;RECETON SGP;RECETON;1;AGUA PARA RECETA;L;0.070000;;
RT0128;FLAN DE CHOCOLATE;RECETON SGP;RECETON;1;FLAN DE CHOCOLATE INSTANTANEO;KG;0.025000;;
RT0128;FLAN DE CHOCOLATE;RECETON SGP;RECETON;1;LECHE EVAPORADA;L;0.020000;;
RT0129;GALL - AJI DE GALLINA;RECETON SGP;RECETON;1;ACEITE VEGETAL;L;0.002000;;
RT0129;GALL - AJI DE GALLINA;RECETON SGP;RECETON;1;ACEITUNA NEGRA EN RODAJA;KG;0.007000;;
RT0129;GALL - AJI DE GALLINA;RECETON SGP;RECETON;1;AGUA PARA RECETA;L;0.030000;;
RT0129;GALL - AJI DE GALLINA;RECETON SGP;RECETON;1;APIO REFRIGERADO;KG;0.010000;;
RT0129;GALL - AJI DE GALLINA;RECETON SGP;RECETON;1;AZUCAR RUBIA;KG;0.000230;;
RT0129;GALL - AJI DE GALLINA;RECETON SGP;RECETON;1;BASE AMARILLA;KG;0.020000;;
RT0129;GALL - AJI DE GALLINA;RECETON SGP;RECETON;1;GALLINA ENTERA CON MENUDENCIA CONGELADO IMPORTADO;KG;0.250000;;
RT0129;GALL - AJI DE GALLINA;RECETON SGP;RECETON;1;HARINA DE TRIGO ESPECIAL;KG;0.007716;;
RT0129;GALL - AJI DE GALLINA;RECETON SGP;RECETON;1;HUEVO ROSADO REFRIGERADO CAJA;KG;0.015000;;
RT0129;GALL - AJI DE GALLINA;RECETON SGP;RECETON;1;LAUREL;KG;0.000120;;
RT0129;GALL - AJI DE GALLINA;RECETON SGP;RECETON;1;LECHE EVAPORADA;L;0.025000;;
RT0129;GALL - AJI DE GALLINA;RECETON SGP;RECETON;1;LEVADURA INSTANTANEA;KG;0.000138;;
RT0129;GALL - AJI DE GALLINA;RECETON SGP;RECETON;1;MANTECA GRANEL KG;KG;0.000270;;
RT0129;GALL - AJI DE GALLINA;RECETON SGP;RECETON;1;MEJORADOR DE MASA;KG;0.000077;;
RT0129;GALL - AJI DE GALLINA;RECETON SGP;RECETON;1;PEREJIL LIZO REFRIGERADO;KG;0.002000;;
RT0129;GALL - AJI DE GALLINA;RECETON SGP;RECETON;1;SAL DE COCINA;KG;0.003000;;
RT0130;GALL - ESCABECHE DE GALLINA;RECETON SGP;RECETON;1;ACEITE VEGETAL;L;0.002000;;
RT0130;GALL - ESCABECHE DE GALLINA;RECETON SGP;RECETON;1;ACEITUNA NEGRA EN RODAJA;KG;0.007000;;
RT0130;GALL - ESCABECHE DE GALLINA;RECETON SGP;RECETON;1;AGUA PARA RECETA;L;0.020000;;
RT0130;GALL - ESCABECHE DE GALLINA;RECETON SGP;RECETON;1;AJI AMARILLO REFRIGERADO;KG;0.003000;;
RT0130;GALL - ESCABECHE DE GALLINA;RECETON SGP;RECETON;1;AZUCAR RUBIA;KG;0.002000;;
RT0130;GALL - ESCABECHE DE GALLINA;RECETON SGP;RECETON;1;BASE CRIOLLA;KG;0.005000;;
RT0130;GALL - ESCABECHE DE GALLINA;RECETON SGP;RECETON;1;CALDO DE GALLINA;KG;0.000060;;
RT0130;GALL - ESCABECHE DE GALLINA;RECETON SGP;RECETON;1;CEBOLLA ROJA REFRIGERADO;KG;0.030000;;
RT0130;GALL - ESCABECHE DE GALLINA;RECETON SGP;RECETON;1;COMINO MOLIDO;KG;0.000020;;
RT0130;GALL - ESCABECHE DE GALLINA;RECETON SGP;RECETON;1;GALLINA ENTERA CON MENUDENCIA CONGELADO IMPORTADO;KG;0.250000;;
RT0130;GALL - ESCABECHE DE GALLINA;RECETON SGP;RECETON;1;HUEVO ROSADO REFRIGERADO CAJA;KG;0.015000;;
RT0130;GALL - ESCABECHE DE GALLINA;RECETON SGP;RECETON;1;LAUREL;KG;0.000120;;
RT0130;GALL - ESCABECHE DE GALLINA;RECETON SGP;RECETON;1;MAICENA;KG;0.003000;;
RT0130;GALL - ESCABECHE DE GALLINA;RECETON SGP;RECETON;1;PEREJIL LIZO REFRIGERADO;KG;0.000100;;
RT0130;GALL - ESCABECHE DE GALLINA;RECETON SGP;RECETON;1;PIMIENTA NEGRA MOLIDA;KG;0.000060;;
RT0130;GALL - ESCABECHE DE GALLINA;RECETON SGP;RECETON;1;SAL DE COCINA;KG;0.002000;;
RT0130;GALL - ESCABECHE DE GALLINA;RECETON SGP;RECETON;1;VINAGRE TINTO;L;0.004000;;
RT0131;GALL - GALLINA A LA CACEROLA;RECETON SGP;RECETON;1;ACEITE VEGETAL;L;0.002000;;
RT0131;GALL - GALLINA A LA CACEROLA;RECETON SGP;RECETON;1;AGUA PARA RECETA;L;0.030000;;
RT0131;GALL - GALLINA A LA CACEROLA;RECETON SGP;RECETON;1;ARVEJA PELADA CONGELADO;KG;0.005000;;
RT0131;GALL - GALLINA A LA CACEROLA;RECETON SGP;RECETON;1;BASE DE TOMATE;KG;0.020000;;
RT0131;GALL - GALLINA A LA CACEROLA;RECETON SGP;RECETON;1;COMINO MOLIDO;KG;0.000060;;
RT0131;GALL - GALLINA A LA CACEROLA;RECETON SGP;RECETON;1;GALLINA ENTERA CON MENUDENCIA CONGELADO IMPORTADO;KG;0.250000;;
RT0131;GALL - GALLINA A LA CACEROLA;RECETON SGP;RECETON;1;MAICENA;KG;0.003000;;
RT0131;GALL - GALLINA A LA CACEROLA;RECETON SGP;RECETON;1;PASTA DE AJI AMARILLO;KG;0.002000;;
RT0131;GALL - GALLINA A LA CACEROLA;RECETON SGP;RECETON;1;PEREJIL LIZO REFRIGERADO;KG;0.002000;;
RT0131;GALL - GALLINA A LA CACEROLA;RECETON SGP;RECETON;1;PIMIENTA NEGRA MOLIDA;KG;0.000120;;
RT0131;GALL - GALLINA A LA CACEROLA;RECETON SGP;RECETON;1;SAL DE COCINA;KG;0.003000;;
RT0131;GALL - GALLINA A LA CACEROLA;RECETON SGP;RECETON;1;ZANAHORIA REFRIGERADO;KG;0.015000;;
RT0132;GALL - GALLINA A LA CAMPESINA;RECETON SGP;RECETON;1;ACEITE VEGETAL;L;0.002000;;
RT0132;GALL - GALLINA A LA CAMPESINA;RECETON SGP;RECETON;1;AGUA PARA RECETA;L;0.010000;;
RT0132;GALL - GALLINA A LA CAMPESINA;RECETON SGP;RECETON;1;AJINOMOTO;KG;0.000300;;
RT0132;GALL - GALLINA A LA CAMPESINA;RECETON SGP;RECETON;1;BASE AMARILLA;KG;0.020000;;
RT0132;GALL - GALLINA A LA CAMPESINA;RECETON SGP;RECETON;1;CALDO DE GALLINA;KG;0.000300;;
RT0132;GALL - GALLINA A LA CAMPESINA;RECETON SGP;RECETON;1;COMINO MOLIDO;KG;0.000600;;
RT0132;GALL - GALLINA A LA CAMPESINA;RECETON SGP;RECETON;1;GALLINA ENTERA CON MENUDENCIA CONGELADO IMPORTADO;KG;0.250000;;
RT0132;GALL - GALLINA A LA CAMPESINA;RECETON SGP;RECETON;1;MAICENA;KG;0.003000;;
RT0132;GALL - GALLINA A LA CAMPESINA;RECETON SGP;RECETON;1;OREGANO ENTERO;KG;0.000100;;
RT0132;GALL - GALLINA A LA CAMPESINA;RECETON SGP;RECETON;1;PAPA BLANCA REFRIGERADO;KG;0.050000;;
RT0132;GALL - GALLINA A LA CAMPESINA;RECETON SGP;RECETON;1;PEREJIL LIZO REFRIGERADO;KG;0.003000;;
RT0132;GALL - GALLINA A LA CAMPESINA;RECETON SGP;RECETON;1;PIMIENTA NEGRA MOLIDA;KG;0.000100;;
RT0132;GALL - GALLINA A LA CAMPESINA;RECETON SGP;RECETON;1;SAL DE COCINA;KG;0.001000;;
RT0132;GALL - GALLINA A LA CAMPESINA;RECETON SGP;RECETON;1;VINAGRE TINTO;L;0.003000;;
RT0132;GALL - GALLINA A LA CAMPESINA;RECETON SGP;RECETON;1;ZANAHORIA REFRIGERADO;KG;0.015000;;
RT0133;GALL - GALLINA A LA JARDINERA;RECETON SGP;RECETON;1;ACEITE VEGETAL;L;0.002000;;
RT0133;GALL - GALLINA A LA JARDINERA;RECETON SGP;RECETON;1;AGUA PARA RECETA;L;0.030000;;
RT0133;GALL - GALLINA A LA JARDINERA;RECETON SGP;RECETON;1;BASE AMARILLA;KG;0.020000;;
RT0133;GALL - GALLINA A LA JARDINERA;RECETON SGP;RECETON;1;COMINO MOLIDO;KG;0.000060;;
RT0133;GALL - GALLINA A LA JARDINERA;RECETON SGP;RECETON;1;GALLINA ENTERA CON MENUDENCIA CONGELADO IMPORTADO;KG;0.250000;;
RT0133;GALL - GALLINA A LA JARDINERA;RECETON SGP;RECETON;1;LAUREL;KG;0.000120;;
RT0133;GALL - GALLINA A LA JARDINERA;RECETON SGP;RECETON;1;MAICENA;KG;0.003000;;
RT0133;GALL - GALLINA A LA JARDINERA;RECETON SGP;RECETON;1;OREGANO ENTERO;KG;0.000120;;
RT0133;GALL - GALLINA A LA JARDINERA;RECETON SGP;RECETON;1;PIMIENTA NEGRA MOLIDA;KG;0.000120;;
RT0133;GALL - GALLINA A LA JARDINERA;RECETON SGP;RECETON;1;PIMIENTO ROJO REFRIGERADO;KG;0.010000;;
RT0133;GALL - GALLINA A LA JARDINERA;RECETON SGP;RECETON;1;SAL DE COCINA;KG;0.002000;;
RT0133;GALL - GALLINA A LA JARDINERA;RECETON SGP;RECETON;1;VAINITA ENTERO REFRIGERADO;KG;0.015000;;
RT0133;GALL - GALLINA A LA JARDINERA;RECETON SGP;RECETON;1;ZANAHORIA REFRIGERADO;KG;0.010000;;
RT0134;GALL - GALLINA A LA SUREÑA;RECETON SGP;RECETON;1;ACEITE VEGETAL;L;0.002000;;
RT0134;GALL - GALLINA A LA SUREÑA;RECETON SGP;RECETON;1;AGUA PARA RECETA;L;0.030000;;
RT0134;GALL - GALLINA A LA SUREÑA;RECETON SGP;RECETON;1;CEBOLLA ROJA REFRIGERADO;KG;0.015000;;
RT0134;GALL - GALLINA A LA SUREÑA;RECETON SGP;RECETON;1;COMINO MOLIDO;KG;0.000060;;
RT0134;GALL - GALLINA A LA SUREÑA;RECETON SGP;RECETON;1;CULANTRO REFRIGERADO;KG;0.003000;;
RT0134;GALL - GALLINA A LA SUREÑA;RECETON SGP;RECETON;1;GALLINA ENTERA CON MENUDENCIA CONGELADO IMPORTADO;KG;0.250000;;
RT0134;GALL - GALLINA A LA SUREÑA;RECETON SGP;RECETON;1;MAICENA;KG;0.003000;;
RT0134;GALL - GALLINA A LA SUREÑA;RECETON SGP;RECETON;1;PASTA DE AJI PANCA;KG;0.002000;;
RT0134;GALL - GALLINA A LA SUREÑA;RECETON SGP;RECETON;1;PIMIENTA NEGRA MOLIDA;KG;0.000120;;
RT0134;GALL - GALLINA A LA SUREÑA;RECETON SGP;RECETON;1;PIMIENTO ROJO REFRIGERADO;KG;0.015000;;
RT0134;GALL - GALLINA A LA SUREÑA;RECETON SGP;RECETON;1;SAL DE COCINA;KG;0.003000;;
RT0134;GALL - GALLINA A LA SUREÑA;RECETON SGP;RECETON;1;VINAGRE TINTO;L;0.003000;;
RT0135;GALL - GALLINA A LAS FINAS HIERBAS;RECETON SGP;RECETON;1;ACEITE VEGETAL;L;0.002000;;
RT0135;GALL - GALLINA A LAS FINAS HIERBAS;RECETON SGP;RECETON;1;AGUA PARA RECETA;L;0.040000;;
RT0135;GALL - GALLINA A LAS FINAS HIERBAS;RECETON SGP;RECETON;1;APIO REFRIGERADO;KG;0.005000;;
RT0135;GALL - GALLINA A LAS FINAS HIERBAS;RECETON SGP;RECETON;1;CEBOLLA ROJA REFRIGERADO;KG;0.020000;;
RT0135;GALL - GALLINA A LAS FINAS HIERBAS;RECETON SGP;RECETON;1;ESTRAGON;KG;0.000120;;
RT0135;GALL - GALLINA A LAS FINAS HIERBAS;RECETON SGP;RECETON;1;GALLINA ENTERA CON MENUDENCIA CONGELADO IMPORTADO;KG;0.250000;;
RT0135;GALL - GALLINA A LAS FINAS HIERBAS;RECETON SGP;RECETON;1;HARINA DE TRIGO ESPECIAL;KG;0.003000;;
RT0135;GALL - GALLINA A LAS FINAS HIERBAS;RECETON SGP;RECETON;1;LAUREL;KG;0.000120;;
RT0135;GALL - GALLINA A LAS FINAS HIERBAS;RECETON SGP;RECETON;1;LECHE EVAPORADA;L;0.015000;;
RT0135;GALL - GALLINA A LAS FINAS HIERBAS;RECETON SGP;RECETON;1;MARGARINA CON SAL REFRIGERADO GRANEL KG;KG;0.005000;;
RT0135;GALL - GALLINA A LAS FINAS HIERBAS;RECETON SGP;RECETON;1;OREGANO ENTERO;KG;0.000120;;
RT0135;GALL - GALLINA A LAS FINAS HIERBAS;RECETON SGP;RECETON;1;PASTA DE AJO;KG;0.002000;;
RT0135;GALL - GALLINA A LAS FINAS HIERBAS;RECETON SGP;RECETON;1;PEREJIL LIZO REFRIGERADO;KG;0.002000;;
RT0135;GALL - GALLINA A LAS FINAS HIERBAS;RECETON SGP;RECETON;1;PIMIENTA NEGRA MOLIDA;KG;0.000120;;
RT0135;GALL - GALLINA A LAS FINAS HIERBAS;RECETON SGP;RECETON;1;PORO REFRIGERADO;KG;0.005000;;
RT0135;GALL - GALLINA A LAS FINAS HIERBAS;RECETON SGP;RECETON;1;ROMERO;KG;0.000120;;
RT0135;GALL - GALLINA A LAS FINAS HIERBAS;RECETON SGP;RECETON;1;SAL DE COCINA;KG;0.003000;;
RT0135;GALL - GALLINA A LAS FINAS HIERBAS;RECETON SGP;RECETON;1;TOMILLO;KG;0.000120;;
RT0136;GALL - GALLINA AL HORNO;RECETON SGP;RECETON;1;ACEITE VEGETAL;L;0.002000;;
RT0136;GALL - GALLINA AL HORNO;RECETON SGP;RECETON;1;AGUA PARA RECETA;L;0.030000;;
RT0136;GALL - GALLINA AL HORNO;RECETON SGP;RECETON;1;AJINOMOTO;KG;0.000300;;
RT0136;GALL - GALLINA AL HORNO;RECETON SGP;RECETON;1;APIO REFRIGERADO;KG;0.005000;;
RT0136;GALL - GALLINA AL HORNO;RECETON SGP;RECETON;1;CALDO DE GALLINA;KG;0.000300;;
RT0136;GALL - GALLINA AL HORNO;RECETON SGP;RECETON;1;COMINO MOLIDO;KG;0.000600;;
RT0136;GALL - GALLINA AL HORNO;RECETON SGP;RECETON;1;GALLINA ENTERA CON MENUDENCIA CONGELADO IMPORTADO;KG;0.250000;;
RT0136;GALL - GALLINA AL HORNO;RECETON SGP;RECETON;1;MAICENA;KG;0.003000;;
RT0136;GALL - GALLINA AL HORNO;RECETON SGP;RECETON;1;MOSTAZA;KG;0.001000;;
RT0136;GALL - GALLINA AL HORNO;RECETON SGP;RECETON;1;OREGANO ENTERO;KG;0.000120;;
RT0136;GALL - GALLINA AL HORNO;RECETON SGP;RECETON;1;PASTA DE AJI PANCA;KG;0.003000;;
RT0136;GALL - GALLINA AL HORNO;RECETON SGP;RECETON;1;PASTA DE AJO;KG;0.002000;;
RT0136;GALL - GALLINA AL HORNO;RECETON SGP;RECETON;1;PEREJIL LIZO REFRIGERADO;KG;0.002000;;
RT0136;GALL - GALLINA AL HORNO;RECETON SGP;RECETON;1;PIMIENTA NEGRA MOLIDA;KG;0.000120;;
RT0136;GALL - GALLINA AL HORNO;RECETON SGP;RECETON;1;PORO REFRIGERADO;KG;0.005000;;
RT0136;GALL - GALLINA AL HORNO;RECETON SGP;RECETON;1;SAL DE COCINA;KG;0.003000;;
RT0136;GALL - GALLINA AL HORNO;RECETON SGP;RECETON;1;SALSA SILLAO;L;0.002000;;
RT0136;GALL - GALLINA AL HORNO;RECETON SGP;RECETON;1;VINAGRE TINTO;L;0.003000;;
RT0136;GALL - GALLINA AL HORNO;RECETON SGP;RECETON;1;ZANAHORIA REFRIGERADO;KG;0.005000;;
RT0137;GALL - GALLINA AL ROMERO;RECETON SGP;RECETON;1;ACEITE VEGETAL;L;0.002000;;
RT0137;GALL - GALLINA AL ROMERO;RECETON SGP;RECETON;1;AGUA PARA RECETA;L;0.013000;;
RT0137;GALL - GALLINA AL ROMERO;RECETON SGP;RECETON;1;CEBOLLA ROJA REFRIGERADO;KG;0.015000;;
RT0137;GALL - GALLINA AL ROMERO;RECETON SGP;RECETON;1;GALLINA ENTERA CON MENUDENCIA CONGELADO IMPORTADO;KG;0.250000;;
RT0137;GALL - GALLINA AL ROMERO;RECETON SGP;RECETON;1;HARINA DE TRIGO ESPECIAL;KG;0.003000;;
RT0137;GALL - GALLINA AL ROMERO;RECETON SGP;RECETON;1;LECHE EVAPORADA;L;0.010000;;
RT0137;GALL - GALLINA AL ROMERO;RECETON SGP;RECETON;1;MARGARINA CON SAL REFRIGERADO GRANEL KG;KG;0.005000;;
RT0137;GALL - GALLINA AL ROMERO;RECETON SGP;RECETON;1;PASTA DE AJO;KG;0.002000;;
RT0137;GALL - GALLINA AL ROMERO;RECETON SGP;RECETON;1;PIMIENTA NEGRA MOLIDA;KG;0.000120;;
RT0137;GALL - GALLINA AL ROMERO;RECETON SGP;RECETON;1;ROMERO;KG;0.000120;;
RT0137;GALL - GALLINA AL ROMERO;RECETON SGP;RECETON;1;SAL DE COCINA;KG;0.003000;;
RT0138;GASEOSA 1;RECETON SGP;RECETON;1;COCA COLA 0.5 LT;UND;0.500000;;
RT0138;GASEOSA 1;RECETON SGP;RECETON;1;INCA KOLA 0.5 LT;UND;0.500000;;
RT0139;GELATINA ARCO IRIS;RECETON SGP;RECETON;1;AGUA PARA RECETA;L;0.100000;;
RT0139;GELATINA ARCO IRIS;RECETON SGP;RECETON;1;GELATINA FRESA QUIMTIA;KG;0.004166;;
RT0139;GELATINA ARCO IRIS;RECETON SGP;RECETON;1;GELATINA PIÑA QUIMTIA;KG;0.004166;;
RT0140;GELATINA CON FLAN;RECETON SGP;RECETON;1;AGUA PARA RECETA;L;0.085000;;
RT0140;GELATINA CON FLAN;RECETON SGP;RECETON;1;FLAN DE VAINILLA INSTANTANEO;KG;0.012500;;
RT0140;GELATINA CON FLAN;RECETON SGP;RECETON;1;GELATINA FRESA QUIMTIA;KG;0.001750;;
RT0140;GELATINA CON FLAN;RECETON SGP;RECETON;1;LECHE EVAPORADA;L;0.015000;;
RT0141;GELATINA DE FRESA;RECETON SGP;RECETON;1;AGUA PARA RECETA;L;0.100000;;
RT0141;GELATINA DE FRESA;RECETON SGP;RECETON;1;GELATINA FRESA QUIMTIA;KG;0.003500;;
RT0142;GELATINA DE NARANJA;RECETON SGP;RECETON;1;AGUA PARA RECETA;L;0.100000;;
RT0142;GELATINA DE NARANJA;RECETON SGP;RECETON;1;GELATINA NARANJA QUIMTIA;KG;0.003500;;
RT0143;GELATINA DE PIÑA;RECETON SGP;RECETON;1;AGUA PARA RECETA;L;0.100000;;
RT0143;GELATINA DE PIÑA;RECETON SGP;RECETON;1;GELATINA PIÑA QUIMTIA;KG;0.003500;;
RT0144;GRANADILLA;RECETON SGP;RECETON;1;GRANADILLA REFRIGERADO;KG;0.110000;;
RT0145;GUAR - CAMOTE Y CHOCLO SANCOCHADO;RECETON SGP;RECETON;1;AZUCAR RUBIA;KG;0.005000;;
RT0145;GUAR - CAMOTE Y CHOCLO SANCOCHADO;RECETON SGP;RECETON;1;CAMOTE AMARILLO REFRIGERADO;KG;0.100000;;
RT0145;GUAR - CAMOTE Y CHOCLO SANCOCHADO;RECETON SGP;RECETON;1;CHOCLO AMARILLO DESGRANADO CONGELADO;KG;0.060000;;
RT0145;GUAR - CAMOTE Y CHOCLO SANCOCHADO;RECETON SGP;RECETON;1;SAL DE COCINA;KG;0.002000;;
RT0146;GUAR - PAPAS FRITAS Y ENSALADA CHOUCRUT;RECETON SGP;RECETON;1;ACEITE VEGETAL;L;0.005000;;
RT0146;GUAR - PAPAS FRITAS Y ENSALADA CHOUCRUT;RECETON SGP;RECETON;1;AGUA PARA RECETA;L;0.005000;;
RT0146;GUAR - PAPAS FRITAS Y ENSALADA CHOUCRUT;RECETON SGP;RECETON;1;AZUCAR BLANCA GRANEL;KG;0.003000;;
RT0146;GUAR - PAPAS FRITAS Y ENSALADA CHOUCRUT;RECETON SGP;RECETON;1;COL CRIOLLA REFRIGERADO;KG;0.060000;;
RT0146;GUAR - PAPAS FRITAS Y ENSALADA CHOUCRUT;RECETON SGP;RECETON;1;MAYONESA;KG;0.007000;;
RT0146;GUAR - PAPAS FRITAS Y ENSALADA CHOUCRUT;RECETON SGP;RECETON;1;MOSTAZA;KG;0.001000;;
RT0146;GUAR - PAPAS FRITAS Y ENSALADA CHOUCRUT;RECETON SGP;RECETON;1;PAPA PRE FRITA CONGELADA;KG;0.077000;;
RT0146;GUAR - PAPAS FRITAS Y ENSALADA CHOUCRUT;RECETON SGP;RECETON;1;SAL DE COCINA;KG;0.003000;;
RT0146;GUAR - PAPAS FRITAS Y ENSALADA CHOUCRUT;RECETON SGP;RECETON;1;VINAGRE BLANCO;L;0.003000;;
RT0146;GUAR - PAPAS FRITAS Y ENSALADA CHOUCRUT;RECETON SGP;RECETON;1;ZANAHORIA REFRIGERADO;KG;0.020000;;
RT0147;GUAR - REVUELTO DE VERDURAS;RECETON SGP;RECETON;1;ACEITE VEGETAL;L;0.010000;;
RT0147;GUAR - REVUELTO DE VERDURAS;RECETON SGP;RECETON;1;ARVEJA PELADA CONGELADO;KG;0.010000;;
RT0147;GUAR - REVUELTO DE VERDURAS;RECETON SGP;RECETON;1;CEBOLLA ROJA REFRIGERADO;KG;0.020000;;
RT0147;GUAR - REVUELTO DE VERDURAS;RECETON SGP;RECETON;1;CHOCLO AMARILLO DESGRANADO CONGELADO;KG;0.012000;;
RT0147;GUAR - REVUELTO DE VERDURAS;RECETON SGP;RECETON;1;HUEVO LIQUIDO CONGELADO;KG;0.060000;;
RT0147;GUAR - REVUELTO DE VERDURAS;RECETON SGP;RECETON;1;MEZCLA LACTEA;L;0.010000;;
RT0147;GUAR - REVUELTO DE VERDURAS;RECETON SGP;RECETON;1;PAPA BLANCA REFRIGERADO;KG;0.080000;;
RT0147;GUAR - REVUELTO DE VERDURAS;RECETON SGP;RECETON;1;PASTA DE AJO;KG;0.002000;;
RT0147;GUAR - REVUELTO DE VERDURAS;RECETON SGP;RECETON;1;PIMIENTA NEGRA MOLIDA;KG;0.000120;;
RT0147;GUAR - REVUELTO DE VERDURAS;RECETON SGP;RECETON;1;QUESO FRESCO REFRIGERADO;KG;0.010000;;
RT0147;GUAR - REVUELTO DE VERDURAS;RECETON SGP;RECETON;1;SAL DE COCINA;KG;0.002000;;
RT0147;GUAR - REVUELTO DE VERDURAS;RECETON SGP;RECETON;1;VAINITA ENTERO REFRIGERADO;KG;0.010000;;
RT0148;GUISO DE CALABAZA;RECETON SGP;RECETON;1;ACEITE VEGETAL;L;0.001000;;
RT0148;GUISO DE CALABAZA;RECETON SGP;RECETON;1;AGUA PARA RECETA;L;0.050000;;
RT0148;GUISO DE CALABAZA;RECETON SGP;RECETON;1;BASE CRIOLLA;KG;0.005000;;
RT0148;GUISO DE CALABAZA;RECETON SGP;RECETON;1;CALABAZA REFRIGERADO;KG;0.080000;;
RT0148;GUISO DE CALABAZA;RECETON SGP;RECETON;1;CALDO DE CARNE;KG;0.001000;;
RT0148;GUISO DE CALABAZA;RECETON SGP;RECETON;1;CHOCLO AMARILLO DESGRANADO CONGELADO;KG;0.008000;;
RT0148;GUISO DE CALABAZA;RECETON SGP;RECETON;1;HABA VERDE PELADO CONGELADO;KG;0.008000;;
RT0148;GUISO DE CALABAZA;RECETON SGP;RECETON;1;HUACATAY REFRIGERADO;KG;0.003000;;
RT0148;GUISO DE CALABAZA;RECETON SGP;RECETON;1;PAPA BLANCA REFRIGERADO;KG;0.040000;;
RT0148;GUISO DE CALABAZA;RECETON SGP;RECETON;1;QUESO FRESCO REFRIGERADO;KG;0.010000;;
RT0148;GUISO DE CALABAZA;RECETON SGP;RECETON;1;SAL DE COCINA;KG;0.003000;;
RT0149;HIG - HIGADO A LA PARRILLA;RECETON SGP;RECETON;1;ACEITE VEGETAL;L;0.003000;;
RT0149;HIG - HIGADO A LA PARRILLA;RECETON SGP;RECETON;1;COMINO MOLIDO;KG;0.000060;;
RT0149;HIG - HIGADO A LA PARRILLA;RECETON SGP;RECETON;1;MOSTAZA;KG;0.001000;;
RT0149;HIG - HIGADO A LA PARRILLA;RECETON SGP;RECETON;1;OREGANO ENTERO;KG;0.000120;;
RT0149;HIG - HIGADO A LA PARRILLA;RECETON SGP;RECETON;1;PASTA DE AJI PANCA;KG;0.003000;;
RT0149;HIG - HIGADO A LA PARRILLA;RECETON SGP;RECETON;1;PASTA DE AJO;KG;0.003000;;
RT0149;HIG - HIGADO A LA PARRILLA;RECETON SGP;RECETON;1;PIMIENTA NEGRA MOLIDA;KG;0.000120;;
RT0149;HIG - HIGADO A LA PARRILLA;RECETON SGP;RECETON;1;RES HIGADO CONGELADO;KG;0.222000;;
RT0149;HIG - HIGADO A LA PARRILLA;RECETON SGP;RECETON;1;ROMERO;KG;0.000120;;
RT0149;HIG - HIGADO A LA PARRILLA;RECETON SGP;RECETON;1;SAL DE COCINA;KG;0.003000;;
RT0149;HIG - HIGADO A LA PARRILLA;RECETON SGP;RECETON;1;SALSA SILLAO;L;0.002000;;
RT0149;HIG - HIGADO A LA PARRILLA;RECETON SGP;RECETON;1;VINAGRE TINTO;L;0.003000;;
RT0150;HIRO DE ZAPALLO;RECETON SGP;RECETON;1;ACEITE VEGETAL;L;0.005000;;
RT0150;HIRO DE ZAPALLO;RECETON SGP;RECETON;1;AGUA PARA RECETA;L;0.020000;;
RT0150;HIRO DE ZAPALLO;RECETON SGP;RECETON;1;CEBOLLA ROJA REFRIGERADO;KG;0.025000;;
RT0150;HIRO DE ZAPALLO;RECETON SGP;RECETON;1;CHOCLO AMARILLO DESGRANADO CONGELADO;KG;0.015000;;
RT0150;HIRO DE ZAPALLO;RECETON SGP;RECETON;1;COMINO MOLIDO;KG;0.000060;;
RT0150;HIRO DE ZAPALLO;RECETON SGP;RECETON;1;HABA VERDE PELADO CONGELADO;KG;0.015000;;
RT0150;HIRO DE ZAPALLO;RECETON SGP;RECETON;1;HUACATAY REFRIGERADO;KG;0.006000;;
RT0150;HIRO DE ZAPALLO;RECETON SGP;RECETON;1;PAPA BLANCA REFRIGERADO;KG;0.050000;;
RT0150;HIRO DE ZAPALLO;RECETON SGP;RECETON;1;PASTA DE AJI AMARILLO;KG;0.012000;;
RT0150;HIRO DE ZAPALLO;RECETON SGP;RECETON;1;PASTA DE AJO;KG;0.003000;;
RT0150;HIRO DE ZAPALLO;RECETON SGP;RECETON;1;PIMIENTA NEGRA MOLIDA;KG;0.000060;;
RT0150;HIRO DE ZAPALLO;RECETON SGP;RECETON;1;QUESO FRESCO REFRIGERADO;KG;0.010000;;
RT0150;HIRO DE ZAPALLO;RECETON SGP;RECETON;1;SAL DE COCINA;KG;0.001000;;
RT0150;HIRO DE ZAPALLO;RECETON SGP;RECETON;1;ZAPALLO MACRE REFRIGERADO;KG;0.150000;;
RT0151;HUEVO EN DOS SALSAS;RECETON SGP;RECETON;1;ACEITUNA NEGRA EN RODAJA;KG;0.004000;;
RT0151;HUEVO EN DOS SALSAS;RECETON SGP;RECETON;1;AGUA PARA RECETA;L;0.010000;;
RT0151;HUEVO EN DOS SALSAS;RECETON SGP;RECETON;1;AJI AMARILLO REFRIGERADO;KG;0.015000;;
RT0151;HUEVO EN DOS SALSAS;RECETON SGP;RECETON;1;CEBOLLA ROJA REFRIGERADO;KG;0.007000;;
RT0151;HUEVO EN DOS SALSAS;RECETON SGP;RECETON;1;GALLETA SALADA SODA SAN JORGE 40 G;UND;0.010000;;
RT0151;HUEVO EN DOS SALSAS;RECETON SGP;RECETON;1;HUACATAY REFRIGERADO;KG;0.004000;;
RT0151;HUEVO EN DOS SALSAS;RECETON SGP;RECETON;1;HUEVO ROSADO REFRIGERADO CAJA;KG;0.060000;;
RT0151;HUEVO EN DOS SALSAS;RECETON SGP;RECETON;1;LECHE EVAPORADA;L;0.015000;;
RT0151;HUEVO EN DOS SALSAS;RECETON SGP;RECETON;1;LECHUGA AMERICANA REFRIGERADO;KG;0.012000;;
RT0151;HUEVO EN DOS SALSAS;RECETON SGP;RECETON;1;MANI TOSTADO PELADO;KG;0.001000;;
RT0151;HUEVO EN DOS SALSAS;RECETON SGP;RECETON;1;PASTA DE AJO;KG;0.001000;;
RT0151;HUEVO EN DOS SALSAS;RECETON SGP;RECETON;1;PEREJIL LIZO REFRIGERADO;KG;0.003000;;
RT0151;HUEVO EN DOS SALSAS;RECETON SGP;RECETON;1;PIMIENTO ROJO REFRIGERADO;KG;0.003000;;
RT0151;HUEVO EN DOS SALSAS;RECETON SGP;RECETON;1;QUESO FRESCO REFRIGERADO;KG;0.010000;;
RT0151;HUEVO EN DOS SALSAS;RECETON SGP;RECETON;1;SAL DE COCINA;KG;0.001500;;
RT0152;HUEVO EN SALSA GOLF;RECETON SGP;RECETON;1;AGUA PARA RECETA;L;0.005000;;
RT0152;HUEVO EN SALSA GOLF;RECETON SGP;RECETON;1;AZUCAR RUBIA;KG;0.002000;;
RT0152;HUEVO EN SALSA GOLF;RECETON SGP;RECETON;1;HUEVO ROSADO REFRIGERADO CAJA;KG;0.060000;;
RT0152;HUEVO EN SALSA GOLF;RECETON SGP;RECETON;1;KETCHUP;KG;0.008000;;
RT0152;HUEVO EN SALSA GOLF;RECETON SGP;RECETON;1;LECHUGA AMERICANA REFRIGERADO;KG;0.012000;;
RT0152;HUEVO EN SALSA GOLF;RECETON SGP;RECETON;1;MAYONESA;KG;0.006700;;
RT0152;HUEVO EN SALSA GOLF;RECETON SGP;RECETON;1;PEREJIL LIZO REFRIGERADO;KG;0.003000;;
RT0152;HUEVO EN SALSA GOLF;RECETON SGP;RECETON;1;PIMIENTA NEGRA MOLIDA;KG;0.000120;;
RT0152;HUEVO EN SALSA GOLF;RECETON SGP;RECETON;1;SAL DE COCINA;KG;0.001500;;
RT0152;HUEVO EN SALSA GOLF;RECETON SGP;RECETON;1;SALSA INGLESA;KG;0.001000;;
RT0153;HUEVO RELLENO DE VERDURAS;RECETON SGP;RECETON;1;AGUA PARA RECETA;L;0.005000;;
RT0153;HUEVO RELLENO DE VERDURAS;RECETON SGP;RECETON;1;ARVEJA PELADA CONGELADO;KG;0.010000;;
RT0153;HUEVO RELLENO DE VERDURAS;RECETON SGP;RECETON;1;HUEVO ROSADO REFRIGERADO CAJA;KG;0.060000;;
RT0153;HUEVO RELLENO DE VERDURAS;RECETON SGP;RECETON;1;KETCHUP;KG;0.001000;;
RT0153;HUEVO RELLENO DE VERDURAS;RECETON SGP;RECETON;1;LECHUGA AMERICANA REFRIGERADO;KG;0.012000;;
RT0153;HUEVO RELLENO DE VERDURAS;RECETON SGP;RECETON;1;MAYONESA;KG;0.010100;;
RT0153;HUEVO RELLENO DE VERDURAS;RECETON SGP;RECETON;1;PAPA BLANCA REFRIGERADO;KG;0.030000;;
RT0153;HUEVO RELLENO DE VERDURAS;RECETON SGP;RECETON;1;PEREJIL LIZO REFRIGERADO;KG;0.003000;;
RT0153;HUEVO RELLENO DE VERDURAS;RECETON SGP;RECETON;1;PIMIENTA NEGRA MOLIDA;KG;0.000120;;
RT0153;HUEVO RELLENO DE VERDURAS;RECETON SGP;RECETON;1;SAL DE COCINA;KG;0.002000;;
RT0153;HUEVO RELLENO DE VERDURAS;RECETON SGP;RECETON;1;VAINITA ENTERO REFRIGERADO;KG;0.010000;;
RT0153;HUEVO RELLENO DE VERDURAS;RECETON SGP;RECETON;1;ZANAHORIA REFRIGERADO;KG;0.015000;;
RT0154;HUEVOS A LA RUSA;RECETON SGP;RECETON;1;AGUA PARA RECETA;L;0.005000;;
RT0154;HUEVOS A LA RUSA;RECETON SGP;RECETON;1;ARVEJA PELADA CONGELADO;KG;0.010000;;
RT0154;HUEVOS A LA RUSA;RECETON SGP;RECETON;1;BETERRAGA ENTERA REFRIGERADO;KG;0.080000;;
RT0154;HUEVOS A LA RUSA;RECETON SGP;RECETON;1;HUEVO ROSADO REFRIGERADO CAJA;KG;0.060000;;
RT0154;HUEVOS A LA RUSA;RECETON SGP;RECETON;1;LECHUGA AMERICANA REFRIGERADO;KG;0.012000;;
RT0154;HUEVOS A LA RUSA;RECETON SGP;RECETON;1;MAYONESA;KG;0.010000;;
RT0154;HUEVOS A LA RUSA;RECETON SGP;RECETON;1;PAPA BLANCA REFRIGERADO;KG;0.016000;;
RT0154;HUEVOS A LA RUSA;RECETON SGP;RECETON;1;PEREJIL LIZO REFRIGERADO;KG;0.002000;;
RT0154;HUEVOS A LA RUSA;RECETON SGP;RECETON;1;PIMIENTA NEGRA MOLIDA;KG;0.000120;;
RT0154;HUEVOS A LA RUSA;RECETON SGP;RECETON;1;SAL DE COCINA;KG;0.002000;;
RT0154;HUEVOS A LA RUSA;RECETON SGP;RECETON;1;ZANAHORIA REFRIGERADO;KG;0.010000;;
RT0155;INFUSION HIERBA LUISA CON KION;RECETON SGP;RECETON;1;AGUA PARA RECETA;L;0.200000;;
RT0155;INFUSION HIERBA LUISA CON KION;RECETON SGP;RECETON;1;AZUCAR RUBIA;KG;0.015000;;
RT0155;INFUSION HIERBA LUISA CON KION;RECETON SGP;RECETON;1;INFUSION HIERBA LUISA 50 GRM;KG;0.000500;;
RT0155;INFUSION HIERBA LUISA CON KION;RECETON SGP;RECETON;1;KION REFRIGERADO;KG;0.002000;;
RT0155;INFUSION HIERBA LUISA CON KION;RECETON SGP;RECETON;1;ZUMO DE LIMON CONGELADO;KG;0.003000;;
RT0156;INFUSION MANZANILLA CON EUCALIPTO;RECETON SGP;RECETON;1;AGUA PARA RECETA;L;0.250000;;
RT0156;INFUSION MANZANILLA CON EUCALIPTO;RECETON SGP;RECETON;1;AZUCAR RUBIA;KG;0.015000;;
RT0156;INFUSION MANZANILLA CON EUCALIPTO;RECETON SGP;RECETON;1;CANELA ENTERA;KG;0.001000;;
RT0156;INFUSION MANZANILLA CON EUCALIPTO;RECETON SGP;RECETON;1;EUCALIPTO SECO;KG;0.002000;;
RT0156;INFUSION MANZANILLA CON EUCALIPTO;RECETON SGP;RECETON;1;INFUSION MANZANILLA 50 GRM;KG;0.000500;;
RT0157;INFUSION TE CON EUCALIPTO;RECETON SGP;RECETON;1;AGUA PARA RECETA;L;0.200000;;
RT0157;INFUSION TE CON EUCALIPTO;RECETON SGP;RECETON;1;AZUCAR RUBIA;KG;0.015000;;
RT0157;INFUSION TE CON EUCALIPTO;RECETON SGP;RECETON;1;EUCALIPTO SECO;KG;0.002000;;
RT0157;INFUSION TE CON EUCALIPTO;RECETON SGP;RECETON;1;INFUSION TE NEGRO 50 GRM;KG;0.000500;;
RT0158;INFUSION TE, KION Y LIMON;RECETON SGP;RECETON;1;AGUA PARA RECETA;L;0.200000;;
RT0158;INFUSION TE, KION Y LIMON;RECETON SGP;RECETON;1;AZUCAR RUBIA;KG;0.015000;;
RT0158;INFUSION TE, KION Y LIMON;RECETON SGP;RECETON;1;INFUSION TE NEGRO 50 GRM;KG;0.000500;;
RT0158;INFUSION TE, KION Y LIMON;RECETON SGP;RECETON;1;KION REFRIGERADO;KG;0.002000;;
RT0158;INFUSION TE, KION Y LIMON;RECETON SGP;RECETON;1;ZUMO DE LIMON CONGELADO;KG;0.003000;;
RT0159;JAMON;RECETON SGP;RECETON;1;JAMON PARA CAFETIN CONGELADO;KG;0.030000;;
RT0160;JAMON DEL PAIS;RECETON SGP;RECETON;1;JAMON PARA CAFETIN CONGELADO;KG;0.030000;;
RT0161;JAMONADA;RECETON SGP;RECETON;1;JAMONADA DE POLLO CONGELADO;KG;0.030000;;
RT0162;JUGO DE FRESA Y ARANDANO;RECETON SGP;RECETON;1;AGUA PARA RECETA;L;0.125000;;
RT0162;JUGO DE FRESA Y ARANDANO;RECETON SGP;RECETON;1;AZUCAR BLANCA GRANEL;KG;0.025000;;
RT0162;JUGO DE FRESA Y ARANDANO;RECETON SGP;RECETON;1;FRESA PULPA CONGELADO;KG;0.062500;;
RT0162;JUGO DE FRESA Y ARANDANO;RECETON SGP;RECETON;1;PULPA DE ARANDANOS CONGELADO;KG;0.062500;;
RT0163;JUGO DE PAPAYA CON FRESA;RECETON SGP;RECETON;1;AGUA PARA RECETA;L;0.153100;;
RT0163;JUGO DE PAPAYA CON FRESA;RECETON SGP;RECETON;1;AZUCAR RUBIA;KG;0.015000;;
RT0163;JUGO DE PAPAYA CON FRESA;RECETON SGP;RECETON;1;FRESA PULPA CONGELADO;KG;0.061200;;
RT0163;JUGO DE PAPAYA CON FRESA;RECETON SGP;RECETON;1;PAPAYA PULPA CONGELADO;KG;0.061200;;
RT0164;JUGO DE PAPAYA Y ARANDANO;RECETON SGP;RECETON;1;AGUA PARA RECETA;L;0.125000;;
RT0164;JUGO DE PAPAYA Y ARANDANO;RECETON SGP;RECETON;1;AZUCAR BLANCA GRANEL;KG;0.025000;;
RT0164;JUGO DE PAPAYA Y ARANDANO;RECETON SGP;RECETON;1;PAPAYA PULPA CONGELADO;KG;0.062500;;
RT0164;JUGO DE PAPAYA Y ARANDANO;RECETON SGP;RECETON;1;PULPA DE ARANDANOS CONGELADO;KG;0.062500;;
RT0165;JUGO DE PIÑA CON MEMBRILLO;RECETON SGP;RECETON;1;AGUA PARA RECETA;L;0.125000;;
RT0165;JUGO DE PIÑA CON MEMBRILLO;RECETON SGP;RECETON;1;AZUCAR RUBIA;KG;0.015000;;
RT0165;JUGO DE PIÑA CON MEMBRILLO;RECETON SGP;RECETON;1;MEMBRILLO REFRIGERADO;KG;0.040000;;
RT0165;JUGO DE PIÑA CON MEMBRILLO;RECETON SGP;RECETON;1;PIÑA SELVA REFRIGERADO;KG;0.150000;;
RT0166;JUGO DE PLATANO, FRESA Y ARANDANO;RECETON SGP;RECETON;1;AGUA PARA RECETA;L;0.125000;;
RT0166;JUGO DE PLATANO, FRESA Y ARANDANO;RECETON SGP;RECETON;1;AZUCAR BLANCA GRANEL;KG;0.025000;;
RT0166;JUGO DE PLATANO, FRESA Y ARANDANO;RECETON SGP;RECETON;1;FRESA PULPA CONGELADO;KG;0.040000;;
RT0166;JUGO DE PLATANO, FRESA Y ARANDANO;RECETON SGP;RECETON;1;PLATANO SEDA REFRIGERADO;KG;0.070000;;
RT0166;JUGO DE PLATANO, FRESA Y ARANDANO;RECETON SGP;RECETON;1;PULPA DE ARANDANOS CONGELADO;KG;0.040000;;
RT0167;JUGO DE PLATANO, PAPAYA Y ARANDANO;RECETON SGP;RECETON;1;AGUA PARA RECETA;L;0.125000;;
RT0167;JUGO DE PLATANO, PAPAYA Y ARANDANO;RECETON SGP;RECETON;1;AZUCAR BLANCA GRANEL;KG;0.025000;;
RT0167;JUGO DE PLATANO, PAPAYA Y ARANDANO;RECETON SGP;RECETON;1;PAPAYA PULPA CONGELADO;KG;0.040000;;
RT0167;JUGO DE PLATANO, PAPAYA Y ARANDANO;RECETON SGP;RECETON;1;PLATANO SEDA REFRIGERADO;KG;0.070000;;
RT0167;JUGO DE PLATANO, PAPAYA Y ARANDANO;RECETON SGP;RECETON;1;PULPA DE ARANDANOS CONGELADO;KG;0.040000;;
RT0168;JUGO MIXTO;RECETON SGP;RECETON;1;AGUA PARA RECETA;L;0.100000;;
RT0168;JUGO MIXTO;RECETON SGP;RECETON;1;AZUCAR RUBIA;KG;0.015000;;
RT0168;JUGO MIXTO;RECETON SGP;RECETON;1;PAPAYA PULPA CONGELADO;KG;0.070000;;
RT0168;JUGO MIXTO;RECETON SGP;RECETON;1;PIÑA SELVA REFRIGERADO;KG;0.130000;;
RT0169;JUGO SURTIDO I;RECETON SGP;RECETON;1;AGUA PARA RECETA;L;0.100000;;
RT0169;JUGO SURTIDO I;RECETON SGP;RECETON;1;AZUCAR RUBIA;KG;0.015000;;
RT0169;JUGO SURTIDO I;RECETON SGP;RECETON;1;FRESA PULPA CONGELADO;KG;0.020000;;
RT0169;JUGO SURTIDO I;RECETON SGP;RECETON;1;PAPAYA PULPA CONGELADO;KG;0.070000;;
RT0169;JUGO SURTIDO I;RECETON SGP;RECETON;1;PIÑA SELVA REFRIGERADO;KG;0.080000;;
RT0169;JUGO SURTIDO I;RECETON SGP;RECETON;1;PLATANO SEDA REFRIGERADO;KG;0.060000;;
RT0170;KEKE DE ARANDANOS;RECETON SGP;RECETON;1;ACEITE VEGETAL;L;0.008000;;
RT0170;KEKE DE ARANDANOS;RECETON SGP;RECETON;1;AZUCAR RUBIA;KG;0.020000;;
RT0170;KEKE DE ARANDANOS;RECETON SGP;RECETON;1;HARINA DE TRIGO ESPECIAL;KG;0.025000;;
RT0170;KEKE DE ARANDANOS;RECETON SGP;RECETON;1;HUEVO ROSADO REFRIGERADO CAJA;KG;0.025000;;
RT0170;KEKE DE ARANDANOS;RECETON SGP;RECETON;1;MARGARINA CON SAL REFRIGERADO GRANEL KG;KG;0.015000;;
RT0170;KEKE DE ARANDANOS;RECETON SGP;RECETON;1;POLVO DE HORNEAR;KG;0.000800;;
RT0170;KEKE DE ARANDANOS;RECETON SGP;RECETON;1;PULPA DE ARANDANOS CONGELADO;KG;0.010000;;
RT0171;KEKE DE CHOCOLATE;RECETON SGP;RECETON;1;ACEITE VEGETAL;L;0.012500;;
RT0171;KEKE DE CHOCOLATE;RECETON SGP;RECETON;1;AGUA PARA RECETA;L;0.000750;;
RT0171;KEKE DE CHOCOLATE;RECETON SGP;RECETON;1;AZUCAR RUBIA;KG;0.031250;;
RT0171;KEKE DE CHOCOLATE;RECETON SGP;RECETON;1;BICARBONATO DE SODIO;KG;0.004100;;
RT0171;KEKE DE CHOCOLATE;RECETON SGP;RECETON;1;COCOA A GRANEL;KG;0.004500;;
RT0171;KEKE DE CHOCOLATE;RECETON SGP;RECETON;1;HARINA DE TRIGO ESPECIAL;KG;0.031250;;
RT0171;KEKE DE CHOCOLATE;RECETON SGP;RECETON;1;HUEVO LIQUIDO CONGELADO;KG;0.031250;;
RT0171;KEKE DE CHOCOLATE;RECETON SGP;RECETON;1;JUGO DE NARANJA PASTEURIZADO;L;0.003000;;
RT0171;KEKE DE CHOCOLATE;RECETON SGP;RECETON;1;LECHE EVAPORADA;L;0.001750;;
RT0171;KEKE DE CHOCOLATE;RECETON SGP;RECETON;1;POLVO DE HORNEAR;KG;0.001250;;
RT0171;KEKE DE CHOCOLATE;RECETON SGP;RECETON;1;SAL DE COCINA;KG;0.000310;;
RT0172;KEKE DE NARANJA;RECETON SGP;RECETON;1;AZUCAR RUBIA;KG;0.015000;;
RT0172;KEKE DE NARANJA;RECETON SGP;RECETON;1;HARINA DE TRIGO ESPECIAL;KG;0.025000;;
RT0172;KEKE DE NARANJA;RECETON SGP;RECETON;1;HUEVO LIQUIDO CONGELADO;KG;0.024000;;
RT0172;KEKE DE NARANJA;RECETON SGP;RECETON;1;JUGO DE NARANJA PASTEURIZADO;L;0.019000;;
RT0172;KEKE DE NARANJA;RECETON SGP;RECETON;1;MARGARINA CON SAL REFRIGERADO GRANEL KG;KG;0.012500;;
RT0172;KEKE DE NARANJA;RECETON SGP;RECETON;1;POLVO DE HORNEAR;KG;0.000750;;
RT0173;KEKE DE PLATANO;RECETON SGP;RECETON;1;ACEITE VEGETAL;L;0.010400;;
RT0173;KEKE DE PLATANO;RECETON SGP;RECETON;1;AGUA PARA RECETA;L;0.030400;;
RT0173;KEKE DE PLATANO;RECETON SGP;RECETON;1;AZUCAR RUBIA;KG;0.019100;;
RT0173;KEKE DE PLATANO;RECETON SGP;RECETON;1;ESCENCIA DE VAINILLA;L;0.000100;;
RT0173;KEKE DE PLATANO;RECETON SGP;RECETON;1;HARINA DE TRIGO ESPECIAL;KG;0.025000;;
RT0173;KEKE DE PLATANO;RECETON SGP;RECETON;1;HUEVO LIQUIDO CONGELADO;KG;0.025000;;
RT0173;KEKE DE PLATANO;RECETON SGP;RECETON;1;LECHE EVAPORADA;L;0.015000;;
RT0173;KEKE DE PLATANO;RECETON SGP;RECETON;1;MARGARINA CON SAL REFRIGERADO GRANEL KG;KG;0.015000;;
RT0173;KEKE DE PLATANO;RECETON SGP;RECETON;1;PLATANO SEDA REFRIGERADO;KG;0.012200;;
RT0173;KEKE DE PLATANO;RECETON SGP;RECETON;1;POLVO DE HORNEAR;KG;0.000800;;
RT0174;KEKE DE VAINILLA;RECETON SGP;RECETON;1;AGUA PARA RECETA;L;0.007500;;
RT0174;KEKE DE VAINILLA;RECETON SGP;RECETON;1;AZUCAR RUBIA;KG;0.015000;;
RT0174;KEKE DE VAINILLA;RECETON SGP;RECETON;1;ESCENCIA DE VAINILLA;L;0.000500;;
RT0174;KEKE DE VAINILLA;RECETON SGP;RECETON;1;HARINA DE TRIGO ESPECIAL;KG;0.025000;;
RT0174;KEKE DE VAINILLA;RECETON SGP;RECETON;1;HUEVO LIQUIDO CONGELADO;KG;0.024000;;
RT0174;KEKE DE VAINILLA;RECETON SGP;RECETON;1;LECHE EVAPORADA;L;0.017500;;
RT0174;KEKE DE VAINILLA;RECETON SGP;RECETON;1;MARGARINA CON SAL REFRIGERADO GRANEL KG;KG;0.012500;;
RT0174;KEKE DE VAINILLA;RECETON SGP;RECETON;1;POLVO DE HORNEAR;KG;0.000750;;
RT0175;KEKE MARMOL;RECETON SGP;RECETON;1;AGUA PARA RECETA;L;0.006000;;
RT0175;KEKE MARMOL;RECETON SGP;RECETON;1;AZUCAR RUBIA;KG;0.013000;;
RT0175;KEKE MARMOL;RECETON SGP;RECETON;1;COCOA A GRANEL;KG;0.001800;;
RT0175;KEKE MARMOL;RECETON SGP;RECETON;1;ESCENCIA DE VAINILLA;L;0.000500;;
RT0175;KEKE MARMOL;RECETON SGP;RECETON;1;HARINA DE TRIGO ESPECIAL;KG;0.025000;;
RT0175;KEKE MARMOL;RECETON SGP;RECETON;1;HUEVO LIQUIDO CONGELADO;KG;0.008000;;
RT0175;KEKE MARMOL;RECETON SGP;RECETON;1;LECHE EVAPORADA;L;0.014000;;
RT0175;KEKE MARMOL;RECETON SGP;RECETON;1;MARGARINA CON SAL REFRIGERADO GRANEL KG;KG;0.012500;;
RT0175;KEKE MARMOL;RECETON SGP;RECETON;1;POLVO DE HORNEAR;KG;0.001500;;
RT0176;KIWICHA AVENA CON MEMBRILLO;RECETON SGP;RECETON;1;AGUA PARA RECETA;L;0.300000;;
RT0176;KIWICHA AVENA CON MEMBRILLO;RECETON SGP;RECETON;1;AVENA;KG;0.006000;;
RT0176;KIWICHA AVENA CON MEMBRILLO;RECETON SGP;RECETON;1;AZUCAR RUBIA;KG;0.015000;;
RT0176;KIWICHA AVENA CON MEMBRILLO;RECETON SGP;RECETON;1;CANELA ENTERA;KG;0.000120;;
RT0176;KIWICHA AVENA CON MEMBRILLO;RECETON SGP;RECETON;1;CLAVO DE OLOR ENTERO;KG;0.000060;;
RT0176;KIWICHA AVENA CON MEMBRILLO;RECETON SGP;RECETON;1;HARINA DE KIWICHA;KG;0.006000;;
RT0176;KIWICHA AVENA CON MEMBRILLO;RECETON SGP;RECETON;1;MEMBRILLO REFRIGERADO;KG;0.020000;;
RT0177;KIWICHA AVENA CON PIÑA;RECETON SGP;RECETON;1;AGUA PARA RECETA;L;0.300000;;
RT0177;KIWICHA AVENA CON PIÑA;RECETON SGP;RECETON;1;AVENA;KG;0.007000;;
RT0177;KIWICHA AVENA CON PIÑA;RECETON SGP;RECETON;1;AZUCAR RUBIA;KG;0.015000;;
RT0177;KIWICHA AVENA CON PIÑA;RECETON SGP;RECETON;1;CANELA ENTERA;KG;0.000120;;
RT0177;KIWICHA AVENA CON PIÑA;RECETON SGP;RECETON;1;CLAVO DE OLOR ENTERO;KG;0.000060;;
RT0177;KIWICHA AVENA CON PIÑA;RECETON SGP;RECETON;1;HARINA DE KIWICHA;KG;0.005000;;
RT0177;KIWICHA AVENA CON PIÑA;RECETON SGP;RECETON;1;PIÑA SELVA REFRIGERADO;KG;0.050000;;
RT0178;LECHE ASADA;RECETON SGP;RECETON;1;AGUA PARA RECETA;L;0.012000;;
RT0178;LECHE ASADA;RECETON SGP;RECETON;1;AZUCAR RUBIA;KG;0.010000;;
RT0178;LECHE ASADA;RECETON SGP;RECETON;1;ESCENCIA DE VAINILLA;L;0.000700;;
RT0178;LECHE ASADA;RECETON SGP;RECETON;1;HUEVO LIQUIDO CONGELADO;KG;0.024000;;
RT0178;LECHE ASADA;RECETON SGP;RECETON;1;LECHE EVAPORADA;L;0.054700;;
RT0179;LECHE CALIENTE I;RECETON SGP;RECETON;1;AGUA PARA RECETA;L;0.200000;;
RT0179;LECHE CALIENTE I;RECETON SGP;RECETON;1;AZUCAR RUBIA;KG;0.015000;;
RT0179;LECHE CALIENTE I;RECETON SGP;RECETON;1;LECHE EVAPORADA;L;0.100000;;
RT0180;LIMON;RECETON SGP;RECETON;1;LIMON VERDE REFRIGERADO;KG;0.015000;;
RT0181;MACA;RECETON SGP;RECETON;1;AGUA PARA RECETA;L;0.300000;;
RT0181;MACA;RECETON SGP;RECETON;1;AZUCAR RUBIA;KG;0.015000;;
RT0181;MACA;RECETON SGP;RECETON;1;CANELA ENTERA;KG;0.000120;;
RT0181;MACA;RECETON SGP;RECETON;1;CLAVO DE OLOR ENTERO;KG;0.000060;;
RT0181;MACA;RECETON SGP;RECETON;1;HARINA DE MACA;KG;0.010000;;
RT0181;MACA;RECETON SGP;RECETON;1;MAICENA;KG;0.010000;;
RT0182;MAIZ CANCHA CON QUESO;RECETON SGP;RECETON;1;ACEITE VEGETAL;L;0.002000;;
RT0182;MAIZ CANCHA CON QUESO;RECETON SGP;RECETON;1;MAIZ CANCHA;KG;0.020000;;
RT0182;MAIZ CANCHA CON QUESO;RECETON SGP;RECETON;1;QUESO FRESCO REFRIGERADO;KG;0.030000;;
RT0182;MAIZ CANCHA CON QUESO;RECETON SGP;RECETON;1;SAL DE COCINA;KG;0.002000;;
RT0183;MANDARINA;RECETON SGP;RECETON;1;MANDARINA CON PEPA REFRIGERADO;KG;0.135000;;
RT0184;MANTEQUILLA CON SAL;RECETON SGP;RECETON;1;MANTEQUILLA CON SAL REFRIGERADA 8 GR;UND;1.000000;;
RT0185;MANZANA DELICIA;RECETON SGP;RECETON;1;MANZANA DELICIA REFRIGERADO;KG;0.150000;;
RT0186;MANZANA ROJA;RECETON SGP;RECETON;1;MANZANA ROJA REFRIGERADO;KG;0.160000;;
RT0187;MAYONESA;RECETON SGP;RECETON;1;MAYONESA SACHET 10 GR;UND;1.000000;;
RT0188;MAZAMORRA DE COCHINO;RECETON SGP;RECETON;1;AGUA PARA RECETA;L;0.100000;;
RT0188;MAZAMORRA DE COCHINO;RECETON SGP;RECETON;1;AZUCAR RUBIA;KG;0.007200;;
RT0188;MAZAMORRA DE COCHINO;RECETON SGP;RECETON;1;CANELA ENTERA;KG;0.000120;;
RT0188;MAZAMORRA DE COCHINO;RECETON SGP;RECETON;1;CLAVO DE OLOR ENTERO;KG;0.000060;;
RT0188;MAZAMORRA DE COCHINO;RECETON SGP;RECETON;1;COCO RALLADO;KG;0.003000;;
RT0188;MAZAMORRA DE COCHINO;RECETON SGP;RECETON;1;ESCENCIA DE VAINILLA;L;0.000060;;
RT0188;MAZAMORRA DE COCHINO;RECETON SGP;RECETON;1;HARINA DE TRIGO ESPECIAL;KG;0.008000;;
RT0188;MAZAMORRA DE COCHINO;RECETON SGP;RECETON;1;LECHE EVAPORADA;L;0.025000;;
RT0188;MAZAMORRA DE COCHINO;RECETON SGP;RECETON;1;NARANJA DE JUGO REFRIGERADO;KG;0.002000;;
RT0188;MAZAMORRA DE COCHINO;RECETON SGP;RECETON;1;PANELA GRANULADA;KG;0.027800;;
RT0188;MAZAMORRA DE COCHINO;RECETON SGP;RECETON;1;PASAS NEGRAS SECAS;KG;0.003000;;
RT0189;MAZAMORRA DE DURAZNO;RECETON SGP;RECETON;1;AGUA PARA RECETA;L;0.100000;;
RT0189;MAZAMORRA DE DURAZNO;RECETON SGP;RECETON;1;AZUCAR RUBIA;KG;0.025000;;
RT0189;MAZAMORRA DE DURAZNO;RECETON SGP;RECETON;1;CANELA ENTERA;KG;0.000120;;
RT0189;MAZAMORRA DE DURAZNO;RECETON SGP;RECETON;1;CANELA MOLIDA;KG;0.000120;;
RT0189;MAZAMORRA DE DURAZNO;RECETON SGP;RECETON;1;CLAVO DE OLOR ENTERO;KG;0.000060;;
RT0189;MAZAMORRA DE DURAZNO;RECETON SGP;RECETON;1;DURAZNO EN ALMIBAR;KG;0.030000;;
RT0189;MAZAMORRA DE DURAZNO;RECETON SGP;RECETON;1;MAICENA;KG;0.015000;;
RT0190;MAZAMORRA DE MANZANA;RECETON SGP;RECETON;1;AGUA PARA RECETA;L;0.100000;;
RT0190;MAZAMORRA DE MANZANA;RECETON SGP;RECETON;1;AZUCAR RUBIA;KG;0.025000;;
RT0190;MAZAMORRA DE MANZANA;RECETON SGP;RECETON;1;CANELA ENTERA;KG;0.000120;;
RT0190;MAZAMORRA DE MANZANA;RECETON SGP;RECETON;1;CANELA MOLIDA;KG;0.000120;;
RT0190;MAZAMORRA DE MANZANA;RECETON SGP;RECETON;1;CLAVO DE OLOR ENTERO;KG;0.000060;;
RT0190;MAZAMORRA DE MANZANA;RECETON SGP;RECETON;1;MAICENA;KG;0.015000;;
RT0190;MAZAMORRA DE MANZANA;RECETON SGP;RECETON;1;MANZANA DE AGUA REFRIGERADO;KG;0.030300;;
RT0190;MAZAMORRA DE MANZANA;RECETON SGP;RECETON;1;ZUMO DE LIMON CONGELADO;KG;0.001820;;
RT0191;MAZAMORRA DE MEMBRILLO;RECETON SGP;RECETON;1;AGUA PARA RECETA;L;0.100000;;
RT0191;MAZAMORRA DE MEMBRILLO;RECETON SGP;RECETON;1;AZUCAR RUBIA;KG;0.025000;;
RT0191;MAZAMORRA DE MEMBRILLO;RECETON SGP;RECETON;1;CANELA ENTERA;KG;0.000120;;
RT0191;MAZAMORRA DE MEMBRILLO;RECETON SGP;RECETON;1;CANELA MOLIDA;KG;0.000120;;
RT0191;MAZAMORRA DE MEMBRILLO;RECETON SGP;RECETON;1;CLAVO DE OLOR ENTERO;KG;0.000060;;
RT0191;MAZAMORRA DE MEMBRILLO;RECETON SGP;RECETON;1;MAICENA;KG;0.005000;;
RT0191;MAZAMORRA DE MEMBRILLO;RECETON SGP;RECETON;1;MEMBRILLO REFRIGERADO;KG;0.030000;;
RT0192;MAZAMORRA DE NARANJA;RECETON SGP;RECETON;1;AGUA PARA RECETA;L;0.100000;;
RT0192;MAZAMORRA DE NARANJA;RECETON SGP;RECETON;1;AZUCAR RUBIA;KG;0.025000;;
RT0192;MAZAMORRA DE NARANJA;RECETON SGP;RECETON;1;CANELA ENTERA;KG;0.000120;;
RT0192;MAZAMORRA DE NARANJA;RECETON SGP;RECETON;1;CANELA MOLIDA;KG;0.000120;;
RT0192;MAZAMORRA DE NARANJA;RECETON SGP;RECETON;1;CLAVO DE OLOR ENTERO;KG;0.000060;;
RT0192;MAZAMORRA DE NARANJA;RECETON SGP;RECETON;1;MAICENA;KG;0.015000;;
RT0192;MAZAMORRA DE NARANJA;RECETON SGP;RECETON;1;NARANJA DE JUGO REFRIGERADO;KG;0.050000;;
RT0193;MAZAMORRA MORADA;RECETON SGP;RECETON;1;AGUA PARA RECETA;L;0.100000;;
RT0193;MAZAMORRA MORADA;RECETON SGP;RECETON;1;AZUCAR RUBIA;KG;0.013333;;
RT0193;MAZAMORRA MORADA;RECETON SGP;RECETON;1;CANELA ENTERA;KG;0.000120;;
RT0193;MAZAMORRA MORADA;RECETON SGP;RECETON;1;CANELA MOLIDA;KG;0.000120;;
RT0193;MAZAMORRA MORADA;RECETON SGP;RECETON;1;CHUÑO;KG;0.006670;;
RT0193;MAZAMORRA MORADA;RECETON SGP;RECETON;1;CLAVO DE OLOR ENTERO;KG;0.000060;;
RT0193;MAZAMORRA MORADA;RECETON SGP;RECETON;1;CONCENTRADO DE MAIZ MORADO;L;0.016670;;
RT0193;MAZAMORRA MORADA;RECETON SGP;RECETON;1;MANZANA DE AGUA REFRIGERADO;KG;0.010000;;
RT0193;MAZAMORRA MORADA;RECETON SGP;RECETON;1;PIÑA SELVA REFRIGERADO;KG;0.020000;;
RT0193;MAZAMORRA MORADA;RECETON SGP;RECETON;1;ZUMO DE LIMON CONGELADO;KG;0.000670;;
RT0194;MENESTRON CON RES I;RECETON SGP;RECETON;1;ACEITE VEGETAL;L;0.001000;;
RT0194;MENESTRON CON RES I;RECETON SGP;RECETON;1;AGUA PARA RECETA;L;0.300000;;
RT0194;MENESTRON CON RES I;RECETON SGP;RECETON;1;AJINOMOTO;KG;0.001000;;
RT0194;MENESTRON CON RES I;RECETON SGP;RECETON;1;ALBAHACA REFRIGERADO;KG;0.010000;;
RT0194;MENESTRON CON RES I;RECETON SGP;RECETON;1;APIO REFRIGERADO;KG;0.015000;;
RT0194;MENESTRON CON RES I;RECETON SGP;RECETON;1;CALDO DE CARNE;KG;0.001000;;
RT0194;MENESTRON CON RES I;RECETON SGP;RECETON;1;CEBOLLA ROJA REFRIGERADO;KG;0.010000;;
RT0194;MENESTRON CON RES I;RECETON SGP;RECETON;1;CHOCLO AMARILLO DESGRANADO CONGELADO;KG;0.012000;;
RT0194;MENESTRON CON RES I;RECETON SGP;RECETON;1;ESPINACA CONGELADO;KG;0.010000;;
RT0194;MENESTRON CON RES I;RECETON SGP;RECETON;1;FIDEO CANUTO;KG;0.020000;;
RT0194;MENESTRON CON RES I;RECETON SGP;RECETON;1;LECHE EVAPORADA;L;0.005000;;
RT0194;MENESTRON CON RES I;RECETON SGP;RECETON;1;NABO REFRIGERADO;KG;0.010000;;
RT0194;MENESTRON CON RES I;RECETON SGP;RECETON;1;OREGANO ENTERO;KG;0.000120;;
RT0194;MENESTRON CON RES I;RECETON SGP;RECETON;1;PASTA DE AJO;KG;0.001000;;
RT0194;MENESTRON CON RES I;RECETON SGP;RECETON;1;PORO REFRIGERADO;KG;0.015000;;
RT0194;MENESTRON CON RES I;RECETON SGP;RECETON;1;PRE ELABORADO RAM FRIJOL CANARIO SIN ADEREZO;KG;0.005000;;
RT0194;MENESTRON CON RES I;RECETON SGP;RECETON;1;QUESO FRESCO REFRIGERADO;KG;0.010000;;
RT0194;MENESTRON CON RES I;RECETON SGP;RECETON;1;RES - SOPAS S/HUESO CONGELADO;KG;0.065000;;
RT0194;MENESTRON CON RES I;RECETON SGP;RECETON;1;SAL DE COCINA;KG;0.002000;;
RT0194;MENESTRON CON RES I;RECETON SGP;RECETON;1;YUCA AMARILLA CONGELADO;KG;0.015000;;
RT0194;MENESTRON CON RES I;RECETON SGP;RECETON;1;ZANAHORIA REFRIGERADO;KG;0.010000;;
RT0194;MENESTRON CON RES I;RECETON SGP;RECETON;1;ZAPALLO MACRE REFRIGERADO;KG;0.050000;;
RT0195;MERENGADO DE FRUTA;RECETON SGP;RECETON;1;AZUCAR BLANCA GRANEL;KG;0.010000;;
RT0195;MERENGADO DE FRUTA;RECETON SGP;RECETON;1;AZUCAR IMPALPABLE;KG;0.013000;;
RT0195;MERENGADO DE FRUTA;RECETON SGP;RECETON;1;COBERTURA BITTER NEGRO;KG;0.005000;;
RT0195;MERENGADO DE FRUTA;RECETON SGP;RECETON;1;CREMA DE LECHE;L;0.015000;;
RT0195;MERENGADO DE FRUTA;RECETON SGP;RECETON;1;FRESA PULPA CONGELADO;KG;0.045000;;
RT0195;MERENGADO DE FRUTA;RECETON SGP;RECETON;1;HUEVO LIQUIDO CONGELADO;KG;0.012000;;
RT0195;MERENGADO DE FRUTA;RECETON SGP;RECETON;1;ZUMO DE LIMON CONGELADO;KG;0.006666;;
RT0196;MERMELADA;RECETON SGP;RECETON;1;MERMELADA FRESA 14 GR;UND;0.500000;;
RT0196;MERMELADA;RECETON SGP;RECETON;1;MERMELADA NARANJA 14 GR;UND;0.500000;;
RT0197;MIL HOJAS CON MANJAR BLANCO;RECETON SGP;RECETON;1;AGUA PARA RECETA;L;0.018000;;
RT0197;MIL HOJAS CON MANJAR BLANCO;RECETON SGP;RECETON;1;AZUCAR IMPALPABLE;KG;0.004000;;
RT0197;MIL HOJAS CON MANJAR BLANCO;RECETON SGP;RECETON;1;AZUCAR RUBIA;KG;0.001000;;
RT0197;MIL HOJAS CON MANJAR BLANCO;RECETON SGP;RECETON;1;HARINA DE TRIGO ESPECIAL;KG;0.035000;;
RT0197;MIL HOJAS CON MANJAR BLANCO;RECETON SGP;RECETON;1;MANJAR BLANCO KG;KG;0.020000;;
RT0197;MIL HOJAS CON MANJAR BLANCO;RECETON SGP;RECETON;1;MARGARINA CON SAL REFRIGERADO GRANEL KG;KG;0.025000;;
RT0197;MIL HOJAS CON MANJAR BLANCO;RECETON SGP;RECETON;1;SAL DE COCINA;KG;0.001000;;
RT0198;MON - CAU CAU CRIOLLO;RECETON SGP;RECETON;1;ACEITE VEGETAL;L;0.002000;;
RT0198;MON - CAU CAU CRIOLLO;RECETON SGP;RECETON;1;AGUA PARA RECETA;L;0.030000;;
RT0198;MON - CAU CAU CRIOLLO;RECETON SGP;RECETON;1;ARVEJA PELADA CONGELADO;KG;0.010000;;
RT0198;MON - CAU CAU CRIOLLO;RECETON SGP;RECETON;1;BASE AMARILLA;KG;0.020000;;
RT0198;MON - CAU CAU CRIOLLO;RECETON SGP;RECETON;1;COMINO MOLIDO;KG;0.000020;;
RT0198;MON - CAU CAU CRIOLLO;RECETON SGP;RECETON;1;HIERBA BUENA REFRIGERADO;KG;0.003000;;
RT0198;MON - CAU CAU CRIOLLO;RECETON SGP;RECETON;1;PALILLO MOLIDO;KG;0.000120;;
RT0198;MON - CAU CAU CRIOLLO;RECETON SGP;RECETON;1;PAPA BLANCA REFRIGERADO;KG;0.120000;;
RT0198;MON - CAU CAU CRIOLLO;RECETON SGP;RECETON;1;PEREJIL LIZO REFRIGERADO;KG;0.002000;;
RT0198;MON - CAU CAU CRIOLLO;RECETON SGP;RECETON;1;PIMIENTA NEGRA MOLIDA;KG;0.000060;;
RT0198;MON - CAU CAU CRIOLLO;RECETON SGP;RECETON;1;RES MONDONGO ENTERO CONGELADO;KG;0.135000;;
RT0198;MON - CAU CAU CRIOLLO;RECETON SGP;RECETON;1;SAL DE COCINA;KG;0.002000;;
RT0198;MON - CAU CAU CRIOLLO;RECETON SGP;RECETON;1;ZANAHORIA REFRIGERADO;KG;0.015000;;
RT0199;MON - MONDONGUITO A LA ITALIANA;RECETON SGP;RECETON;1;ACEITE VEGETAL;L;0.002000;;
RT0199;MON - MONDONGUITO A LA ITALIANA;RECETON SGP;RECETON;1;AGUA PARA RECETA;L;0.020000;;
RT0199;MON - MONDONGUITO A LA ITALIANA;RECETON SGP;RECETON;1;AJI AMARILLO REFRIGERADO;KG;0.010000;;
RT0199;MON - MONDONGUITO A LA ITALIANA;RECETON SGP;RECETON;1;ARVEJA PELADA CONGELADO;KG;0.010000;;
RT0199;MON - MONDONGUITO A LA ITALIANA;RECETON SGP;RECETON;1;BASE DE TOMATE;KG;0.020000;;
RT0199;MON - MONDONGUITO A LA ITALIANA;RECETON SGP;RECETON;1;CEBOLLA ROJA REFRIGERADO;KG;0.040000;;
RT0199;MON - MONDONGUITO A LA ITALIANA;RECETON SGP;RECETON;1;COMINO MOLIDO;KG;0.000020;;
RT0199;MON - MONDONGUITO A LA ITALIANA;RECETON SGP;RECETON;1;HONGO SECO;KG;0.000120;;
RT0199;MON - MONDONGUITO A LA ITALIANA;RECETON SGP;RECETON;1;LAUREL;KG;0.000120;;
RT0199;MON - MONDONGUITO A LA ITALIANA;RECETON SGP;RECETON;1;MAICENA;KG;0.001500;;
RT0199;MON - MONDONGUITO A LA ITALIANA;RECETON SGP;RECETON;1;PASTA DE AJI AMARILLO;KG;0.002000;;
RT0199;MON - MONDONGUITO A LA ITALIANA;RECETON SGP;RECETON;1;PEREJIL LIZO REFRIGERADO;KG;0.002000;;
RT0199;MON - MONDONGUITO A LA ITALIANA;RECETON SGP;RECETON;1;PIMIENTA NEGRA MOLIDA;KG;0.000060;;
RT0199;MON - MONDONGUITO A LA ITALIANA;RECETON SGP;RECETON;1;RES MONDONGO ENTERO CONGELADO;KG;0.170000;;
RT0199;MON - MONDONGUITO A LA ITALIANA;RECETON SGP;RECETON;1;SAL DE COCINA;KG;0.002000;;
RT0199;MON - MONDONGUITO A LA ITALIANA;RECETON SGP;RECETON;1;ZANAHORIA REFRIGERADO;KG;0.015000;;
RT0200;MON - PICANTE A LA TACNEÑA;RECETON SGP;RECETON;1;ACEITE VEGETAL;L;0.002000;;
RT0200;MON - PICANTE A LA TACNEÑA;RECETON SGP;RECETON;1;AGUA PARA RECETA;L;0.030000;;
RT0200;MON - PICANTE A LA TACNEÑA;RECETON SGP;RECETON;1;BASE CRIOLLA;KG;0.008000;;
RT0200;MON - PICANTE A LA TACNEÑA;RECETON SGP;RECETON;1;CERDO PATA CONGELADO;KG;0.150000;;
RT0200;MON - PICANTE A LA TACNEÑA;RECETON SGP;RECETON;1;COMINO MOLIDO;KG;0.000020;;
RT0200;MON - PICANTE A LA TACNEÑA;RECETON SGP;RECETON;1;HIERBA BUENA REFRIGERADO;KG;0.003000;;
RT0200;MON - PICANTE A LA TACNEÑA;RECETON SGP;RECETON;1;OREGANO ENTERO;KG;0.000120;;
RT0200;MON - PICANTE A LA TACNEÑA;RECETON SGP;RECETON;1;PAPA BLANCA REFRIGERADO;KG;0.120000;;
RT0200;MON - PICANTE A LA TACNEÑA;RECETON SGP;RECETON;1;PEREJIL LIZO REFRIGERADO;KG;0.002000;;
RT0200;MON - PICANTE A LA TACNEÑA;RECETON SGP;RECETON;1;PIMIENTA NEGRA MOLIDA;KG;0.000060;;
RT0200;MON - PICANTE A LA TACNEÑA;RECETON SGP;RECETON;1;PIMIENTO ROJO REFRIGERADO;KG;0.010000;;
RT0200;MON - PICANTE A LA TACNEÑA;RECETON SGP;RECETON;1;RES MONDONGO ENTERO CONGELADO;KG;0.170000;;
RT0200;MON - PICANTE A LA TACNEÑA;RECETON SGP;RECETON;1;SAL DE COCINA;KG;0.002000;;
RT0201;MORTADELA;RECETON SGP;RECETON;1;MORTADELA PARA CAFETIN CONGELADO;KG;0.030000;;
RT0202;MOUSSE DE CHOCOLATE;RECETON SGP;RECETON;1;AGUA PARA RECETA;L;0.005000;;
RT0202;MOUSSE DE CHOCOLATE;RECETON SGP;RECETON;1;AZUCAR RUBIA;KG;0.016670;;
RT0202;MOUSSE DE CHOCOLATE;RECETON SGP;RECETON;1;COCOA A GRANEL;KG;0.004170;;
RT0202;MOUSSE DE CHOCOLATE;RECETON SGP;RECETON;1;COLAPIZ EN POLVO;KG;0.001250;;
RT0202;MOUSSE DE CHOCOLATE;RECETON SGP;RECETON;1;CREMA CHANTILLY;L;0.033330;;
RT0202;MOUSSE DE CHOCOLATE;RECETON SGP;RECETON;1;HUEVO ROSADO REFRIGERADO CAJA;KG;0.025000;;
RT0203;MOUSSE DE FRESA;RECETON SGP;RECETON;1;AGUA PARA RECETA;L;0.001000;;
RT0203;MOUSSE DE FRESA;RECETON SGP;RECETON;1;AZUCAR RUBIA;KG;0.016670;;
RT0203;MOUSSE DE FRESA;RECETON SGP;RECETON;1;COLAPIZ EN POLVO;KG;0.001250;;
RT0203;MOUSSE DE FRESA;RECETON SGP;RECETON;1;FRESA PULPA CONGELADO;KG;0.025000;;
RT0203;MOUSSE DE FRESA;RECETON SGP;RECETON;1;HUEVO LIQUIDO CONGELADO;KG;0.025000;;
RT0204;MOUSSE DE LIMON;RECETON SGP;RECETON;1;AGUA PARA RECETA;L;0.003330;;
RT0204;MOUSSE DE LIMON;RECETON SGP;RECETON;1;AZUCAR RUBIA;KG;0.008330;;
RT0204;MOUSSE DE LIMON;RECETON SGP;RECETON;1;COLAPIZ EN POLVO;KG;0.001330;;
RT0204;MOUSSE DE LIMON;RECETON SGP;RECETON;1;CREMA CHANTILLY;L;0.033330;;
RT0204;MOUSSE DE LIMON;RECETON SGP;RECETON;1;HUEVO LIQUIDO CONGELADO;KG;0.013330;;
RT0204;MOUSSE DE LIMON;RECETON SGP;RECETON;1;ZUMO DE LIMON CONGELADO;KG;0.003333;;
RT0205;NARANJA DE MESA;RECETON SGP;RECETON;1;NARANJA DE MESA REFRIGERADO;KG;0.185000;;
RT0206;NIDITOS DE AMOR;RECETON SGP;RECETON;1;AGUA PARA RECETA;L;0.004000;;
RT0206;NIDITOS DE AMOR;RECETON SGP;RECETON;1;AZUCAR IMPALPABLE;KG;0.001560;;
RT0206;NIDITOS DE AMOR;RECETON SGP;RECETON;1;AZUCAR RUBIA;KG;0.003130;;
RT0206;NIDITOS DE AMOR;RECETON SGP;RECETON;1;ESCENCIA DE VAINILLA;L;0.000310;;
RT0206;NIDITOS DE AMOR;RECETON SGP;RECETON;1;HARINA DE TRIGO ESPECIAL;KG;0.015600;;
RT0206;NIDITOS DE AMOR;RECETON SGP;RECETON;1;MANJAR BLANCO KG;KG;0.003130;;
RT0206;NIDITOS DE AMOR;RECETON SGP;RECETON;1;MARGARINA CON SAL REFRIGERADO GRANEL KG;KG;0.007810;;
RT0206;NIDITOS DE AMOR;RECETON SGP;RECETON;1;MERMELADA FRESA GRANEL;KG;0.003130;;
RT0206;NIDITOS DE AMOR;RECETON SGP;RECETON;1;POLVO DE HORNEAR;KG;0.000310;;
RT0207;OCOPA A LA AREQUIPEÑA;RECETON SGP;RECETON;1;ACEITE VEGETAL;L;0.002000;;
RT0207;OCOPA A LA AREQUIPEÑA;RECETON SGP;RECETON;1;ACEITUNA NEGRA EN RODAJA;KG;0.007000;;
RT0207;OCOPA A LA AREQUIPEÑA;RECETON SGP;RECETON;1;AGUA PARA RECETA;L;0.010000;;
RT0207;OCOPA A LA AREQUIPEÑA;RECETON SGP;RECETON;1;AJI AMARILLO REFRIGERADO;KG;0.010000;;
RT0207;OCOPA A LA AREQUIPEÑA;RECETON SGP;RECETON;1;CEBOLLA ROJA REFRIGERADO;KG;0.005000;;
RT0207;OCOPA A LA AREQUIPEÑA;RECETON SGP;RECETON;1;GALLETA SALADA SODA SAN JORGE 40 G;UND;0.010000;;
RT0207;OCOPA A LA AREQUIPEÑA;RECETON SGP;RECETON;1;HUACATAY REFRIGERADO;KG;0.008000;;
RT0207;OCOPA A LA AREQUIPEÑA;RECETON SGP;RECETON;1;HUEVO ROSADO REFRIGERADO CAJA;KG;0.007000;;
RT0207;OCOPA A LA AREQUIPEÑA;RECETON SGP;RECETON;1;LECHE EVAPORADA;L;0.015000;;
RT0207;OCOPA A LA AREQUIPEÑA;RECETON SGP;RECETON;1;LECHUGA AMERICANA REFRIGERADO;KG;0.012000;;
RT0207;OCOPA A LA AREQUIPEÑA;RECETON SGP;RECETON;1;MANI TOSTADO PELADO;KG;0.002000;;
RT0207;OCOPA A LA AREQUIPEÑA;RECETON SGP;RECETON;1;PAPA BLANCA REFRIGERADO;KG;0.120000;;
RT0207;OCOPA A LA AREQUIPEÑA;RECETON SGP;RECETON;1;PASTA DE AJO;KG;0.001000;;
RT0207;OCOPA A LA AREQUIPEÑA;RECETON SGP;RECETON;1;PIMIENTA NEGRA MOLIDA;KG;0.000120;;
RT0207;OCOPA A LA AREQUIPEÑA;RECETON SGP;RECETON;1;QUESO FRESCO REFRIGERADO;KG;0.010000;;
RT0207;OCOPA A LA AREQUIPEÑA;RECETON SGP;RECETON;1;SAL DE COCINA;KG;0.001500;;
RT0208;OMELETTE DE PIMIENTO;RECETON SGP;RECETON;1;ACEITE VEGETAL;L;0.002000;;
RT0208;OMELETTE DE PIMIENTO;RECETON SGP;RECETON;1;CEBOLLA ROJA REFRIGERADO;KG;0.015000;;
RT0208;OMELETTE DE PIMIENTO;RECETON SGP;RECETON;1;HARINA DE TRIGO ESPECIAL;KG;0.003000;;
RT0208;OMELETTE DE PIMIENTO;RECETON SGP;RECETON;1;HUEVO ROSADO REFRIGERADO CAJA;KG;0.060000;;
RT0208;OMELETTE DE PIMIENTO;RECETON SGP;RECETON;1;PEREJIL LIZO REFRIGERADO;KG;0.003000;;
RT0208;OMELETTE DE PIMIENTO;RECETON SGP;RECETON;1;PIMIENTA NEGRA MOLIDA;KG;0.000100;;
RT0208;OMELETTE DE PIMIENTO;RECETON SGP;RECETON;1;PIMIENTO ROJO REFRIGERADO;KG;0.020000;;
RT0208;OMELETTE DE PIMIENTO;RECETON SGP;RECETON;1;QUESO EDAM CONGELADO;KG;0.010000;;
RT0208;OMELETTE DE PIMIENTO;RECETON SGP;RECETON;1;SAL DE COCINA;KG;0.002000;;
RT0209;OMELETTE DE VERDURAS;RECETON SGP;RECETON;1;ACEITE VEGETAL;L;0.002000;;
RT0209;OMELETTE DE VERDURAS;RECETON SGP;RECETON;1;CEBOLLA ROJA REFRIGERADO;KG;0.015000;;
RT0209;OMELETTE DE VERDURAS;RECETON SGP;RECETON;1;ESPINACA CONGELADO;KG;0.005000;;
RT0209;OMELETTE DE VERDURAS;RECETON SGP;RECETON;1;HUEVO LIQUIDO CONGELADO;KG;0.060000;;
RT0209;OMELETTE DE VERDURAS;RECETON SGP;RECETON;1;PEREJIL LIZO REFRIGERADO;KG;0.002000;;
RT0209;OMELETTE DE VERDURAS;RECETON SGP;RECETON;1;PIMIENTO ROJO REFRIGERADO;KG;0.015000;;
RT0209;OMELETTE DE VERDURAS;RECETON SGP;RECETON;1;QUESO EDAM CONGELADO;KG;0.010000;;
RT0209;OMELETTE DE VERDURAS;RECETON SGP;RECETON;1;SAL DE COCINA;KG;0.002000;;
RT0209;OMELETTE DE VERDURAS;RECETON SGP;RECETON;1;TOMATE CRIOLLO REFRIGERADO;KG;0.015000;;
RT0210;OREJA;RECETON SGP;RECETON;1;AGUA PARA RECETA;L;0.016840;;
RT0210;OREJA;RECETON SGP;RECETON;1;AZUCAR RUBIA;KG;0.003680;;
RT0210;OREJA;RECETON SGP;RECETON;1;HARINA DE TRIGO ESPECIAL;KG;0.031580;;
RT0210;OREJA;RECETON SGP;RECETON;1;MARGARINA CON SAL REFRIGERADO GRANEL KG;KG;0.021050;;
RT0210;OREJA;RECETON SGP;RECETON;1;SAL DE COCINA;KG;0.001050;;
RT0211;PALTA;RECETON SGP;RECETON;1;PALTA;KG;0.100000;;
RT0211;PALTA;RECETON SGP;RECETON;1;ZUMO DE LIMON CONGELADO;KG;0.001000;;
RT0212;PALTA RELLENA CON VERDURAS;RECETON SGP;RECETON;1;AGUA PARA RECETA;L;0.005000;;
RT0212;PALTA RELLENA CON VERDURAS;RECETON SGP;RECETON;1;ARVEJA PELADA CONGELADO;KG;0.005000;;
RT0212;PALTA RELLENA CON VERDURAS;RECETON SGP;RECETON;1;CHOCLO AMARILLO DESGRANADO CONGELADO;KG;0.010000;;
RT0212;PALTA RELLENA CON VERDURAS;RECETON SGP;RECETON;1;HUEVO ROSADO REFRIGERADO CAJA;KG;0.015000;;
RT0212;PALTA RELLENA CON VERDURAS;RECETON SGP;RECETON;1;KETCHUP;KG;0.001000;;
RT0212;PALTA RELLENA CON VERDURAS;RECETON SGP;RECETON;1;LECHUGA AMERICANA REFRIGERADO;KG;0.012000;;
RT0212;PALTA RELLENA CON VERDURAS;RECETON SGP;RECETON;1;MAYONESA;KG;0.010100;;
RT0212;PALTA RELLENA CON VERDURAS;RECETON SGP;RECETON;1;OREGANO ENTERO;KG;0.000120;;
RT0212;PALTA RELLENA CON VERDURAS;RECETON SGP;RECETON;1;PALTA;KG;0.100000;;
RT0212;PALTA RELLENA CON VERDURAS;RECETON SGP;RECETON;1;PEREJIL LIZO REFRIGERADO;KG;0.002000;;
RT0212;PALTA RELLENA CON VERDURAS;RECETON SGP;RECETON;1;PIMIENTA NEGRA MOLIDA;KG;0.000120;;
RT0212;PALTA RELLENA CON VERDURAS;RECETON SGP;RECETON;1;SAL DE COCINA;KG;0.002000;;
RT0212;PALTA RELLENA CON VERDURAS;RECETON SGP;RECETON;1;VAINITA ENTERO REFRIGERADO;KG;0.010000;;
RT0212;PALTA RELLENA CON VERDURAS;RECETON SGP;RECETON;1;ZANAHORIA REFRIGERADO;KG;0.015000;;
RT0213;PAN - PAN DE MANTECA;RECETON SGP;RECETON;1;AGUA PARA RECETA;L;0.017000;;
RT0213;PAN - PAN DE MANTECA;RECETON SGP;RECETON;1;AJONJOLI;KG;0.001000;;
RT0213;PAN - PAN DE MANTECA;RECETON SGP;RECETON;1;AZUCAR RUBIA;KG;0.004000;;
RT0213;PAN - PAN DE MANTECA;RECETON SGP;RECETON;1;HARINA DE TRIGO ESPECIAL;KG;0.035000;;
RT0213;PAN - PAN DE MANTECA;RECETON SGP;RECETON;1;LEVADURA INSTANTANEA;KG;0.002000;;
RT0213;PAN - PAN DE MANTECA;RECETON SGP;RECETON;1;MANTECA GRANEL KG;KG;0.003000;;
RT0213;PAN - PAN DE MANTECA;RECETON SGP;RECETON;1;SAL DE COCINA;KG;0.000100;;
RT0214;PAN AL AJO;RECETON SGP;RECETON;1;ACEITE VEGETAL;L;0.001000;;
RT0214;PAN AL AJO;RECETON SGP;RECETON;1;HARINA DE TRIGO ESPECIAL;KG;0.008000;;
RT0214;PAN AL AJO;RECETON SGP;RECETON;1;LEVADURA INSTANTANEA;KG;0.000020;;
RT0214;PAN AL AJO;RECETON SGP;RECETON;1;MARGARINA CON SAL REFRIGERADO GRANEL KG;KG;0.003000;;
RT0214;PAN AL AJO;RECETON SGP;RECETON;1;OREGANO ENTERO;KG;0.001000;;
RT0214;PAN AL AJO;RECETON SGP;RECETON;1;PASTA DE AJO;KG;0.001000;;
RT0214;PAN AL AJO;RECETON SGP;RECETON;1;PREMEZCLA INVENTIS PAN CIABATTA;KG;0.001600;;
RT0215;PAN AL OREGANO;RECETON SGP;RECETON;1;AGUA PARA RECETA;L;0.010500;;
RT0215;PAN AL OREGANO;RECETON SGP;RECETON;1;HARINA DE TRIGO ESPECIAL;KG;0.016100;;
RT0215;PAN AL OREGANO;RECETON SGP;RECETON;1;LEVADURA INSTANTANEA;KG;0.000200;;
RT0215;PAN AL OREGANO;RECETON SGP;RECETON;1;OREGANO ENTERO;KG;0.000120;;
RT0215;PAN AL OREGANO;RECETON SGP;RECETON;1;PREMEZCLA INVENTIS PAN CIABATTA;KG;0.003200;;
RT0216;PAN ARABE;RECETON SGP;RECETON;1;AGUA PARA RECETA;L;0.010500;;
RT0216;PAN ARABE;RECETON SGP;RECETON;1;HARINA DE TRIGO ESPECIAL;KG;0.016100;;
RT0216;PAN ARABE;RECETON SGP;RECETON;1;LEVADURA INSTANTANEA;KG;0.000200;;
RT0216;PAN ARABE;RECETON SGP;RECETON;1;SAL DE COCINA;KG;0.000500;;
RT0217;PAN BAGUETINO;RECETON SGP;RECETON;1;AGUA PARA RECETA;L;0.011600;;
RT0217;PAN BAGUETINO;RECETON SGP;RECETON;1;AZUCAR RUBIA;KG;0.000700;;
RT0217;PAN BAGUETINO;RECETON SGP;RECETON;1;HARINA DE TRIGO ESPECIAL;KG;0.023100;;
RT0217;PAN BAGUETINO;RECETON SGP;RECETON;1;LEVADURA INSTANTANEA;KG;0.000400;;
RT0217;PAN BAGUETINO;RECETON SGP;RECETON;1;MANTECA GRANEL KG;KG;0.000800;;
RT0217;PAN BAGUETINO;RECETON SGP;RECETON;1;MEJORADOR DE MASA;KG;0.000200;;
RT0217;PAN BAGUETINO;RECETON SGP;RECETON;1;SAL DE COCINA;KG;0.000700;;
RT0218;PAN CACHITO;RECETON SGP;RECETON;1;AGUA PARA RECETA;L;0.008250;;
RT0218;PAN CACHITO;RECETON SGP;RECETON;1;AZUCAR RUBIA;KG;0.001800;;
RT0218;PAN CACHITO;RECETON SGP;RECETON;1;HARINA DE TRIGO ESPECIAL;KG;0.015000;;
RT0218;PAN CACHITO;RECETON SGP;RECETON;1;LEVADURA INSTANTANEA;KG;0.000150;;
RT0218;PAN CACHITO;RECETON SGP;RECETON;1;MARGARINA CON SAL REFRIGERADO GRANEL KG;KG;0.001980;;
RT0218;PAN CACHITO;RECETON SGP;RECETON;1;PREMEZCLA INVENTIS PAN CIABATTA;KG;0.003000;;
RT0219;PAN CARACOL;RECETON SGP;RECETON;1;AGUA PARA RECETA;L;0.008250;;
RT0219;PAN CARACOL;RECETON SGP;RECETON;1;AZUCAR RUBIA;KG;0.001800;;
RT0219;PAN CARACOL;RECETON SGP;RECETON;1;HARINA DE TRIGO ESPECIAL;KG;0.015000;;
RT0219;PAN CARACOL;RECETON SGP;RECETON;1;LEVADURA INSTANTANEA;KG;0.000150;;
RT0219;PAN CARACOL;RECETON SGP;RECETON;1;MARGARINA CON SAL REFRIGERADO GRANEL KG;KG;0.001980;;
RT0219;PAN CARACOL;RECETON SGP;RECETON;1;PREMEZCLA INVENTIS PAN CIABATTA;KG;0.003000;;
RT0220;PAN CHAPLA;RECETON SGP;RECETON;1;AGUA PARA RECETA;L;0.011600;;
RT0220;PAN CHAPLA;RECETON SGP;RECETON;1;AZUCAR BLANCA GRANEL;KG;0.000700;;
RT0220;PAN CHAPLA;RECETON SGP;RECETON;1;HARINA DE TRIGO ESPECIAL;KG;0.023100;;
RT0220;PAN CHAPLA;RECETON SGP;RECETON;1;LEVADURA INSTANTANEA;KG;0.000400;;
RT0220;PAN CHAPLA;RECETON SGP;RECETON;1;MANTECA GRANEL KG;KG;0.000800;;
RT0220;PAN CHAPLA;RECETON SGP;RECETON;1;MEJORADOR DE MASA;KG;0.000200;;
RT0220;PAN CHAPLA;RECETON SGP;RECETON;1;SAL DE COCINA;KG;0.000700;;
RT0221;PAN CIABATTA;RECETON SGP;RECETON;1;AGUA PARA RECETA;L;0.011900;;
RT0221;PAN CIABATTA;RECETON SGP;RECETON;1;HARINA DE TRIGO ESPECIAL;KG;0.014900;;
RT0221;PAN CIABATTA;RECETON SGP;RECETON;1;LEVADURA INSTANTANEA;KG;0.000100;;
RT0221;PAN CIABATTA;RECETON SGP;RECETON;1;PREMEZCLA INVENTIS PAN CIABATTA;KG;0.003000;;
RT0222;PAN COLISA;RECETON SGP;RECETON;1;ACEITE VEGETAL;L;0.003640;;
RT0222;PAN COLISA;RECETON SGP;RECETON;1;AGUA PARA RECETA;L;0.010910;;
RT0222;PAN COLISA;RECETON SGP;RECETON;1;AZUCAR RUBIA;KG;0.002730;;
RT0222;PAN COLISA;RECETON SGP;RECETON;1;HARINA DE TRIGO ESPECIAL;KG;0.021820;;
RT0222;PAN COLISA;RECETON SGP;RECETON;1;HUEVO ROSADO REFRIGERADO CAJA;KG;0.001000;;
RT0222;PAN COLISA;RECETON SGP;RECETON;1;LEVADURA INSTANTANEA;KG;0.000020;;
RT0222;PAN COLISA;RECETON SGP;RECETON;1;MANTECA GRANEL KG;KG;0.001450;;
RT0222;PAN COLISA;RECETON SGP;RECETON;1;MEJORADOR DE MASA;KG;0.000020;;
RT0222;PAN COLISA;RECETON SGP;RECETON;1;SAL DE COCINA;KG;0.000020;;
RT0223;PAN CROISSANT;RECETON SGP;RECETON;1;AGUA PARA RECETA;L;0.020000;;
RT0223;PAN CROISSANT;RECETON SGP;RECETON;1;AZUCAR RUBIA;KG;0.006000;;
RT0223;PAN CROISSANT;RECETON SGP;RECETON;1;HARINA DE TRIGO ESPECIAL;KG;0.040000;;
RT0223;PAN CROISSANT;RECETON SGP;RECETON;1;HUEVO ROSADO REFRIGERADO CAJA;KG;0.001000;;
RT0223;PAN CROISSANT;RECETON SGP;RECETON;1;LEVADURA INSTANTANEA;KG;0.000040;;
RT0223;PAN CROISSANT;RECETON SGP;RECETON;1;MANTECA GRANEL KG;KG;0.003200;;
RT0223;PAN CROISSANT;RECETON SGP;RECETON;1;MARGARINA CON SAL REFRIGERADO GRANEL KG;KG;0.020000;;
RT0223;PAN CROISSANT;RECETON SGP;RECETON;1;MEJORADOR DE MASA;KG;0.000040;;
RT0223;PAN CROISSANT;RECETON SGP;RECETON;1;SAL DE COCINA;KG;0.000040;;
RT0224;PAN DE ACETUNAS;RECETON SGP;RECETON;1;ACEITE VEGETAL;L;0.000700;;
RT0224;PAN DE ACETUNAS;RECETON SGP;RECETON;1;ACEITUNA NEGRA EN RODAJA;KG;0.007000;;
RT0224;PAN DE ACETUNAS;RECETON SGP;RECETON;1;AGUA PARA RECETA;L;0.013900;;
RT0224;PAN DE ACETUNAS;RECETON SGP;RECETON;1;AZUCAR RUBIA;KG;0.004200;;
RT0224;PAN DE ACETUNAS;RECETON SGP;RECETON;1;HARINA DE TRIGO ESPECIAL;KG;0.027800;;
RT0224;PAN DE ACETUNAS;RECETON SGP;RECETON;1;HUEVO LIQUIDO CONGELADO;KG;0.000100;;
RT0224;PAN DE ACETUNAS;RECETON SGP;RECETON;1;LEVADURA INSTANTANEA;KG;0.000300;;
RT0224;PAN DE ACETUNAS;RECETON SGP;RECETON;1;MANTECA GRANEL KG;KG;0.001600;;
RT0224;PAN DE ACETUNAS;RECETON SGP;RECETON;1;MEJORADOR DE MASA;KG;0.000200;;
RT0224;PAN DE ACETUNAS;RECETON SGP;RECETON;1;SAL DE COCINA;KG;0.000300;;
RT0225;PAN DE CAMOTE;RECETON SGP;RECETON;1;AGUA PARA RECETA;L;0.008800;;
RT0225;PAN DE CAMOTE;RECETON SGP;RECETON;1;AZUCAR RUBIA;KG;0.001900;;
RT0225;PAN DE CAMOTE;RECETON SGP;RECETON;1;CAMOTE AMARILLO REFRIGERADO;KG;0.015000;;
RT0225;PAN DE CAMOTE;RECETON SGP;RECETON;1;HARINA DE TRIGO ESPECIAL;KG;0.016000;;
RT0225;PAN DE CAMOTE;RECETON SGP;RECETON;1;LEVADURA INSTANTANEA;KG;0.000300;;
RT0225;PAN DE CAMOTE;RECETON SGP;RECETON;1;PREMEZCLA INVENTIS PAN CIABATTA;KG;0.003200;;
RT0226;PAN DE MAIZ;RECETON SGP;RECETON;1;AGUA PARA RECETA;L;0.010910;;
RT0226;PAN DE MAIZ;RECETON SGP;RECETON;1;AZUCAR BLANCA GRANEL;KG;0.002730;;
RT0226;PAN DE MAIZ;RECETON SGP;RECETON;1;HARINA DE MAIZ;KG;0.003640;;
RT0226;PAN DE MAIZ;RECETON SGP;RECETON;1;HARINA DE TRIGO ESPECIAL;KG;0.018180;;
RT0226;PAN DE MAIZ;RECETON SGP;RECETON;1;LEVADURA INSTANTANEA;KG;0.000020;;
RT0226;PAN DE MAIZ;RECETON SGP;RECETON;1;MANTECA GRANEL KG;KG;0.001450;;
RT0226;PAN DE MAIZ;RECETON SGP;RECETON;1;MEJORADOR DE MASA;KG;0.000020;;
RT0226;PAN DE MAIZ;RECETON SGP;RECETON;1;SAL DE COCINA;KG;0.000020;;
RT0227;PAN DE PASAS;RECETON SGP;RECETON;1;AGUA PARA RECETA;L;0.015000;;
RT0227;PAN DE PASAS;RECETON SGP;RECETON;1;AZUCAR RUBIA;KG;0.002000;;
RT0227;PAN DE PASAS;RECETON SGP;RECETON;1;HARINA DE TRIGO ESPECIAL;KG;0.025000;;
RT0227;PAN DE PASAS;RECETON SGP;RECETON;1;LEVADURA INSTANTANEA;KG;0.000300;;
RT0227;PAN DE PASAS;RECETON SGP;RECETON;1;PREMEZCLA INVENTIS PAN CIABATTA;KG;0.003200;;
RT0228;PAN DE YEMA;RECETON SGP;RECETON;1;AGUA PARA RECETA;L;0.008191;;
RT0228;PAN DE YEMA;RECETON SGP;RECETON;1;AZUCAR RUBIA;KG;0.001914;;
RT0228;PAN DE YEMA;RECETON SGP;RECETON;1;HARINA DE TRIGO ESPECIAL;KG;0.015957;;
RT0228;PAN DE YEMA;RECETON SGP;RECETON;1;LEVADURA INSTANTANEA;KG;0.000159;;
RT0228;PAN DE YEMA;RECETON SGP;RECETON;1;PREMEZCLA INVENTIS PAN CIABATTA;KG;0.003191;;
RT0229;PAN DOS PUNTAS INTEGRAL;RECETON SGP;RECETON;1;AGUA PARA RECETA;L;0.027000;;
RT0229;PAN DOS PUNTAS INTEGRAL;RECETON SGP;RECETON;1;HARINA DE TRIGO ESPECIAL;KG;0.045000;;
RT0229;PAN DOS PUNTAS INTEGRAL;RECETON SGP;RECETON;1;LEVADURA INSTANTANEA;KG;0.000500;;
RT0229;PAN DOS PUNTAS INTEGRAL;RECETON SGP;RECETON;1;MANTECA GRANEL KG;KG;0.000900;;
RT0229;PAN DOS PUNTAS INTEGRAL;RECETON SGP;RECETON;1;PURATOS EASY PAN DE FIBRA;KG;0.016700;;
RT0230;PAN FRANCES;RECETON SGP;RECETON;1;AGUA PARA RECETA;L;0.010500;;
RT0230;PAN FRANCES;RECETON SGP;RECETON;1;HARINA DE TRIGO ESPECIAL;KG;0.016100;;
RT0230;PAN FRANCES;RECETON SGP;RECETON;1;LEVADURA INSTANTANEA;KG;0.000200;;
RT0230;PAN FRANCES;RECETON SGP;RECETON;1;PREMEZCLA INVENTIS PAN CIABATTA;KG;0.003200;;
RT0231;PAN INTEGRAL;RECETON SGP;RECETON;1;AGUA PARA RECETA;L;0.010700;;
RT0231;PAN INTEGRAL;RECETON SGP;RECETON;1;HARINA DE TRIGO ESPECIAL;KG;0.009300;;
RT0231;PAN INTEGRAL;RECETON SGP;RECETON;1;LEVADURA INSTANTANEA;KG;0.000200;;
RT0231;PAN INTEGRAL;RECETON SGP;RECETON;1;MANTECA GRANEL KG;KG;0.001450;;
RT0231;PAN INTEGRAL;RECETON SGP;RECETON;1;PURATOS EASY PAN DE FIBRA;KG;0.009300;;
RT0232;PAN ROSETA;RECETON SGP;RECETON;1;AGUA PARA RECETA;L;0.011600;;
RT0232;PAN ROSETA;RECETON SGP;RECETON;1;AZUCAR BLANCA GRANEL;KG;0.000700;;
RT0232;PAN ROSETA;RECETON SGP;RECETON;1;HARINA DE TRIGO ESPECIAL;KG;0.023100;;
RT0232;PAN ROSETA;RECETON SGP;RECETON;1;LEVADURA INSTANTANEA;KG;0.000400;;
RT0232;PAN ROSETA;RECETON SGP;RECETON;1;MANTECA GRANEL KG;KG;0.000800;;
RT0232;PAN ROSETA;RECETON SGP;RECETON;1;MEJORADOR DE MASA;KG;0.000200;;
RT0232;PAN ROSETA;RECETON SGP;RECETON;1;SAL DE COCINA;KG;0.000700;;
RT0233;PAN TRES PUNTAS;RECETON SGP;RECETON;1;AGUA PARA RECETA;L;0.011600;;
RT0233;PAN TRES PUNTAS;RECETON SGP;RECETON;1;AZUCAR BLANCA GRANEL;KG;0.000700;;
RT0233;PAN TRES PUNTAS;RECETON SGP;RECETON;1;HARINA DE TRIGO ESPECIAL;KG;0.023100;;
RT0233;PAN TRES PUNTAS;RECETON SGP;RECETON;1;LEVADURA INSTANTANEA;KG;0.000400;;
RT0233;PAN TRES PUNTAS;RECETON SGP;RECETON;1;MANTECA GRANEL KG;KG;0.000800;;
RT0233;PAN TRES PUNTAS;RECETON SGP;RECETON;1;MEJORADOR DE MASA;KG;0.000200;;
RT0233;PAN TRES PUNTAS;RECETON SGP;RECETON;1;SAL DE COCINA;KG;0.000700;;
RT0234;PAPA A LA CREMA DE OCOPA;RECETON SGP;RECETON;1;ACEITE VEGETAL;L;0.002000;;
RT0234;PAPA A LA CREMA DE OCOPA;RECETON SGP;RECETON;1;ACEITUNA NEGRA EN RODAJA;KG;0.007000;;
RT0234;PAPA A LA CREMA DE OCOPA;RECETON SGP;RECETON;1;AGUA PARA RECETA;L;0.010000;;
RT0234;PAPA A LA CREMA DE OCOPA;RECETON SGP;RECETON;1;AJI AMARILLO REFRIGERADO;KG;0.010000;;
RT0234;PAPA A LA CREMA DE OCOPA;RECETON SGP;RECETON;1;CEBOLLA ROJA REFRIGERADO;KG;0.007000;;
RT0234;PAPA A LA CREMA DE OCOPA;RECETON SGP;RECETON;1;GALLETA DULCE VAINILLA NABISCO 37 GR;UND;0.125000;;
RT0234;PAPA A LA CREMA DE OCOPA;RECETON SGP;RECETON;1;GALLETA SALADA SODA SAN JORGE 40 G;UND;0.005000;;
RT0234;PAPA A LA CREMA DE OCOPA;RECETON SGP;RECETON;1;HUACATAY REFRIGERADO;KG;0.008000;;
RT0234;PAPA A LA CREMA DE OCOPA;RECETON SGP;RECETON;1;HUEVO ROSADO REFRIGERADO CAJA;KG;0.015000;;
RT0234;PAPA A LA CREMA DE OCOPA;RECETON SGP;RECETON;1;LECHE EVAPORADA;L;0.015000;;
RT0234;PAPA A LA CREMA DE OCOPA;RECETON SGP;RECETON;1;LECHUGA AMERICANA REFRIGERADO;KG;0.012000;;
RT0234;PAPA A LA CREMA DE OCOPA;RECETON SGP;RECETON;1;MANI TOSTADO PELADO;KG;0.002000;;
RT0234;PAPA A LA CREMA DE OCOPA;RECETON SGP;RECETON;1;PAPA BLANCA REFRIGERADO;KG;0.120000;;
RT0234;PAPA A LA CREMA DE OCOPA;RECETON SGP;RECETON;1;PASTA DE AJO;KG;0.001000;;
RT0234;PAPA A LA CREMA DE OCOPA;RECETON SGP;RECETON;1;PIMIENTA NEGRA MOLIDA;KG;0.000120;;
RT0234;PAPA A LA CREMA DE OCOPA;RECETON SGP;RECETON;1;QUESO FRESCO REFRIGERADO;KG;0.010000;;
RT0234;PAPA A LA CREMA DE OCOPA;RECETON SGP;RECETON;1;SAL DE COCINA;KG;0.001500;;
RT0235;PAPA A LA CREMA DE ROCOTO;RECETON SGP;RECETON;1;ACEITE VEGETAL;L;0.002000;;
RT0235;PAPA A LA CREMA DE ROCOTO;RECETON SGP;RECETON;1;ACEITUNA NEGRA EN RODAJA;KG;0.007000;;
RT0235;PAPA A LA CREMA DE ROCOTO;RECETON SGP;RECETON;1;AGUA PARA RECETA;L;0.010000;;
RT0235;PAPA A LA CREMA DE ROCOTO;RECETON SGP;RECETON;1;CEBOLLA ROJA REFRIGERADO;KG;0.007000;;
RT0235;PAPA A LA CREMA DE ROCOTO;RECETON SGP;RECETON;1;GALLETA SALADA SODA SAN JORGE 40 G;UND;0.005000;;
RT0235;PAPA A LA CREMA DE ROCOTO;RECETON SGP;RECETON;1;HUEVO ROSADO REFRIGERADO CAJA;KG;0.008000;;
RT0235;PAPA A LA CREMA DE ROCOTO;RECETON SGP;RECETON;1;LECHE EVAPORADA;L;0.015000;;
RT0235;PAPA A LA CREMA DE ROCOTO;RECETON SGP;RECETON;1;LECHUGA AMERICANA REFRIGERADO;KG;0.012000;;
RT0235;PAPA A LA CREMA DE ROCOTO;RECETON SGP;RECETON;1;PAPA BLANCA REFRIGERADO;KG;0.120000;;
RT0235;PAPA A LA CREMA DE ROCOTO;RECETON SGP;RECETON;1;PASTA DE AJO;KG;0.001000;;
RT0235;PAPA A LA CREMA DE ROCOTO;RECETON SGP;RECETON;1;PIMIENTA NEGRA MOLIDA;KG;0.000120;;
RT0235;PAPA A LA CREMA DE ROCOTO;RECETON SGP;RECETON;1;PIMIENTO ROJO REFRIGERADO;KG;0.020000;;
RT0235;PAPA A LA CREMA DE ROCOTO;RECETON SGP;RECETON;1;QUESO FRESCO REFRIGERADO;KG;0.010000;;
RT0235;PAPA A LA CREMA DE ROCOTO;RECETON SGP;RECETON;1;ROCOTO NORMAL REFRIGERADO;KG;0.020000;;
RT0235;PAPA A LA CREMA DE ROCOTO;RECETON SGP;RECETON;1;SAL DE COCINA;KG;0.001500;;
RT0236;PAPA A LA HUANCAINA;RECETON SGP;RECETON;1;ACEITE VEGETAL;L;0.002000;;
RT0236;PAPA A LA HUANCAINA;RECETON SGP;RECETON;1;ACEITUNA NEGRA EN RODAJA;KG;0.007000;;
RT0236;PAPA A LA HUANCAINA;RECETON SGP;RECETON;1;AGUA PARA RECETA;L;0.010000;;
RT0236;PAPA A LA HUANCAINA;RECETON SGP;RECETON;1;AJI AMARILLO REFRIGERADO;KG;0.020000;;
RT0236;PAPA A LA HUANCAINA;RECETON SGP;RECETON;1;CEBOLLA ROJA REFRIGERADO;KG;0.007000;;
RT0236;PAPA A LA HUANCAINA;RECETON SGP;RECETON;1;GALLETA SALADA SODA SAN JORGE 40 G;UND;0.010000;;
RT0236;PAPA A LA HUANCAINA;RECETON SGP;RECETON;1;HUEVO ROSADO REFRIGERADO CAJA;KG;0.015000;;
RT0236;PAPA A LA HUANCAINA;RECETON SGP;RECETON;1;LECHE EVAPORADA;L;0.015000;;
RT0236;PAPA A LA HUANCAINA;RECETON SGP;RECETON;1;LECHUGA AMERICANA REFRIGERADO;KG;0.012000;;
RT0236;PAPA A LA HUANCAINA;RECETON SGP;RECETON;1;PAPA BLANCA REFRIGERADO;KG;0.120000;;
RT0236;PAPA A LA HUANCAINA;RECETON SGP;RECETON;1;PASTA DE AJO;KG;0.001000;;
RT0236;PAPA A LA HUANCAINA;RECETON SGP;RECETON;1;PEREJIL LIZO REFRIGERADO;KG;0.003000;;
RT0236;PAPA A LA HUANCAINA;RECETON SGP;RECETON;1;PIMIENTA NEGRA MOLIDA;KG;0.000120;;
RT0236;PAPA A LA HUANCAINA;RECETON SGP;RECETON;1;QUESO FRESCO REFRIGERADO;KG;0.010000;;
RT0236;PAPA A LA HUANCAINA;RECETON SGP;RECETON;1;SAL DE COCINA;KG;0.001500;;
RT0237;PAPA CON CHOCLO SANCOCHADO;RECETON SGP;RECETON;1;ANIS SECO;KG;0.000120;;
RT0237;PAPA CON CHOCLO SANCOCHADO;RECETON SGP;RECETON;1;AZUCAR RUBIA;KG;0.002000;;
RT0237;PAPA CON CHOCLO SANCOCHADO;RECETON SGP;RECETON;1;CHOCLO AMARILLO DESGRANADO CONGELADO;KG;0.040000;;
RT0237;PAPA CON CHOCLO SANCOCHADO;RECETON SGP;RECETON;1;PAPA BLANCA REFRIGERADO;KG;0.060000;;
RT0237;PAPA CON CHOCLO SANCOCHADO;RECETON SGP;RECETON;1;SAL DE COCINA;KG;0.002000;;
RT0237;PAPA CON CHOCLO SANCOCHADO;RECETON SGP;RECETON;1;ZUMO DE LIMON CONGELADO;KG;0.000333;;
RT0238;PAPA DORADA EN SALSA TARTARA;RECETON SGP;RECETON;1;ACEITE VEGETAL;L;0.002000;;
RT0238;PAPA DORADA EN SALSA TARTARA;RECETON SGP;RECETON;1;AGUA PARA RECETA;L;0.003300;;
RT0238;PAPA DORADA EN SALSA TARTARA;RECETON SGP;RECETON;1;CEBOLLA ROJA REFRIGERADO;KG;0.015000;;
RT0238;PAPA DORADA EN SALSA TARTARA;RECETON SGP;RECETON;1;HUEVO LIQUIDO CONGELADO;KG;0.010000;;
RT0238;PAPA DORADA EN SALSA TARTARA;RECETON SGP;RECETON;1;MAYONESA;KG;0.006700;;
RT0238;PAPA DORADA EN SALSA TARTARA;RECETON SGP;RECETON;1;PAPA BLANCA REFRIGERADO;KG;0.120000;;
RT0238;PAPA DORADA EN SALSA TARTARA;RECETON SGP;RECETON;1;PEREJIL LIZO REFRIGERADO;KG;0.002000;;
RT0238;PAPA DORADA EN SALSA TARTARA;RECETON SGP;RECETON;1;PIMIENTA NEGRA MOLIDA;KG;0.000120;;
RT0238;PAPA DORADA EN SALSA TARTARA;RECETON SGP;RECETON;1;ROCOTO NORMAL REFRIGERADO;KG;0.001000;;
RT0238;PAPA DORADA EN SALSA TARTARA;RECETON SGP;RECETON;1;SAL DE COCINA;KG;0.002000;;
RT0239;PAPA DORADA Y ENSALADA FRESCA - GUAR;RECETON SGP;RECETON;1;ACEITE VEGETAL;L;0.008000;;
RT0239;PAPA DORADA Y ENSALADA FRESCA - GUAR;RECETON SGP;RECETON;1;AGUA PARA RECETA;L;0.003300;;
RT0239;PAPA DORADA Y ENSALADA FRESCA - GUAR;RECETON SGP;RECETON;1;LECHUGA AMERICANA REFRIGERADO;KG;0.030000;;
RT0239;PAPA DORADA Y ENSALADA FRESCA - GUAR;RECETON SGP;RECETON;1;MAYONESA;KG;0.006700;;
RT0239;PAPA DORADA Y ENSALADA FRESCA - GUAR;RECETON SGP;RECETON;1;MOSTAZA;KG;0.001000;;
RT0239;PAPA DORADA Y ENSALADA FRESCA - GUAR;RECETON SGP;RECETON;1;OREGANO ENTERO;KG;0.000120;;
RT0239;PAPA DORADA Y ENSALADA FRESCA - GUAR;RECETON SGP;RECETON;1;PAPA BLANCA REFRIGERADO;KG;0.084000;;
RT0239;PAPA DORADA Y ENSALADA FRESCA - GUAR;RECETON SGP;RECETON;1;PEPINILLO REFRIGERADO;KG;0.015000;;
RT0239;PAPA DORADA Y ENSALADA FRESCA - GUAR;RECETON SGP;RECETON;1;PIMIENTA NEGRA MOLIDA;KG;0.000120;;
RT0239;PAPA DORADA Y ENSALADA FRESCA - GUAR;RECETON SGP;RECETON;1;RABANITO REFRIGERADO;KG;0.008000;;
RT0239;PAPA DORADA Y ENSALADA FRESCA - GUAR;RECETON SGP;RECETON;1;SAL DE COCINA;KG;0.003000;;
RT0239;PAPA DORADA Y ENSALADA FRESCA - GUAR;RECETON SGP;RECETON;1;TOMATE CRIOLLO REFRIGERADO;KG;0.015000;;
RT0239;PAPA DORADA Y ENSALADA FRESCA - GUAR;RECETON SGP;RECETON;1;VINAGRE BLANCO;L;0.002000;;
RT0240;PAPA RELLENA CON RES;RECETON SGP;RECETON;1;ACEITE VEGETAL;L;0.005000;;
RT0240;PAPA RELLENA CON RES;RECETON SGP;RECETON;1;ACEITUNA NEGRA EN RODAJA;KG;0.007000;;
RT0240;PAPA RELLENA CON RES;RECETON SGP;RECETON;1;AJI AMARILLO REFRIGERADO;KG;0.003000;;
RT0240;PAPA RELLENA CON RES;RECETON SGP;RECETON;1;BASE CRIOLLA;KG;0.008000;;
RT0240;PAPA RELLENA CON RES;RECETON SGP;RECETON;1;CEBOLLA ROJA REFRIGERADO;KG;0.035000;;
RT0240;PAPA RELLENA CON RES;RECETON SGP;RECETON;1;HARINA DE TRIGO ESPECIAL;KG;0.010000;;
RT0240;PAPA RELLENA CON RES;RECETON SGP;RECETON;1;HUEVO ROSADO REFRIGERADO CAJA;KG;0.015000;;
RT0240;PAPA RELLENA CON RES;RECETON SGP;RECETON;1;PASAS NEGRAS SECAS;KG;0.003000;;
RT0240;PAPA RELLENA CON RES;RECETON SGP;RECETON;1;PEREJIL LIZO REFRIGERADO;KG;0.003000;;
RT0240;PAPA RELLENA CON RES;RECETON SGP;RECETON;1;PIMIENTA NEGRA MOLIDA;KG;0.000060;;
RT0240;PAPA RELLENA CON RES;RECETON SGP;RECETON;1;PURE DE PAPA DESHIDRATADA;KG;0.045000;;
RT0240;PAPA RELLENA CON RES;RECETON SGP;RECETON;1;RES CARNE MOLIDA CONGELADO;KG;0.030000;;
RT0240;PAPA RELLENA CON RES;RECETON SGP;RECETON;1;SAL DE COCINA;KG;0.001000;;
RT0240;PAPA RELLENA CON RES;RECETON SGP;RECETON;1;ZUMO DE LIMON CONGELADO;KG;0.001700;;
RT0241;PAPA RELLENA CON SALSA CRIOLLA (100 GR) MENU;RECETON SGP;RECETON;1;ACEITE VEGETAL;L;0.002000;;
RT0241;PAPA RELLENA CON SALSA CRIOLLA (100 GR) MENU;RECETON SGP;RECETON;1;AJI AMARILLO REFRIGERADO;KG;0.005000;;
RT0241;PAPA RELLENA CON SALSA CRIOLLA (100 GR) MENU;RECETON SGP;RECETON;1;CEBOLLA ROJA REFRIGERADO;KG;0.040000;;
RT0241;PAPA RELLENA CON SALSA CRIOLLA (100 GR) MENU;RECETON SGP;RECETON;1;CULANTRO REFRIGERADO;KG;0.003000;;
RT0241;PAPA RELLENA CON SALSA CRIOLLA (100 GR) MENU;RECETON SGP;RECETON;1;PAPA RELLENA CON CARNE 100 G CONGELADO;UND;1.000000;;
RT0241;PAPA RELLENA CON SALSA CRIOLLA (100 GR) MENU;RECETON SGP;RECETON;1;PIMIENTA NEGRA MOLIDA;KG;0.000120;;
RT0241;PAPA RELLENA CON SALSA CRIOLLA (100 GR) MENU;RECETON SGP;RECETON;1;SAL DE COCINA;KG;0.003000;;
RT0241;PAPA RELLENA CON SALSA CRIOLLA (100 GR) MENU;RECETON SGP;RECETON;1;VINAGRE BLANCO;L;0.001000;;
RT0241;PAPA RELLENA CON SALSA CRIOLLA (100 GR) MENU;RECETON SGP;RECETON;1;ZUMO DE LIMON CONGELADO;KG;0.003300;;
RT0242;PAPAS FRITAS II;RECETON SGP;RECETON;1;ACEITE VEGETAL;L;0.005000;;
RT0242;PAPAS FRITAS II;RECETON SGP;RECETON;1;PAPA PRE FRITA CONGELADA;KG;0.150000;;
RT0242;PAPAS FRITAS II;RECETON SGP;RECETON;1;SAL DE COCINA;KG;0.002000;;
RT0243;PAPAS FRITAS Y ENSALADA FRESCA;RECETON SGP;RECETON;1;ACEITE VEGETAL;L;0.005000;;
RT0243;PAPAS FRITAS Y ENSALADA FRESCA;RECETON SGP;RECETON;1;AGUA PARA RECETA;L;0.001650;;
RT0243;PAPAS FRITAS Y ENSALADA FRESCA;RECETON SGP;RECETON;1;LECHUGA AMERICANA REFRIGERADO;KG;0.030000;;
RT0243;PAPAS FRITAS Y ENSALADA FRESCA;RECETON SGP;RECETON;1;MAYONESA;KG;0.006700;;
RT0243;PAPAS FRITAS Y ENSALADA FRESCA;RECETON SGP;RECETON;1;OREGANO ENTERO;KG;0.000120;;
RT0243;PAPAS FRITAS Y ENSALADA FRESCA;RECETON SGP;RECETON;1;PAPA PRE FRITA CONGELADA;KG;0.077000;;
RT0243;PAPAS FRITAS Y ENSALADA FRESCA;RECETON SGP;RECETON;1;PEPINILLO REFRIGERADO;KG;0.010000;;
RT0243;PAPAS FRITAS Y ENSALADA FRESCA;RECETON SGP;RECETON;1;PIMIENTA NEGRA MOLIDA;KG;0.000120;;
RT0243;PAPAS FRITAS Y ENSALADA FRESCA;RECETON SGP;RECETON;1;RABANITO REFRIGERADO;KG;0.010000;;
RT0243;PAPAS FRITAS Y ENSALADA FRESCA;RECETON SGP;RECETON;1;SAL DE COCINA;KG;0.002000;;
RT0243;PAPAS FRITAS Y ENSALADA FRESCA;RECETON SGP;RECETON;1;TOMATE CRIOLLO REFRIGERADO;KG;0.010000;;
RT0243;PAPAS FRITAS Y ENSALADA FRESCA;RECETON SGP;RECETON;1;VINAGRE BLANCO;L;0.001000;;
RT0244;PASTA EN SALSA PUTANESCA;RECETON SGP;RECETON;1;ACEITE VEGETAL;L;0.002000;;
RT0244;PASTA EN SALSA PUTANESCA;RECETON SGP;RECETON;1;ACEITUNA NEGRA EN RODAJA;KG;0.007000;;
RT0244;PASTA EN SALSA PUTANESCA;RECETON SGP;RECETON;1;ALBAHACA REFRIGERADO;KG;0.003000;;
RT0244;PASTA EN SALSA PUTANESCA;RECETON SGP;RECETON;1;ATUN EN ACEITE LATA;KG;0.012000;;
RT0244;PASTA EN SALSA PUTANESCA;RECETON SGP;RECETON;1;BASE DE TOMATE;KG;0.030000;;
RT0244;PASTA EN SALSA PUTANESCA;RECETON SGP;RECETON;1;FIDEO SPAGUETTI;KG;0.090000;;
RT0244;PASTA EN SALSA PUTANESCA;RECETON SGP;RECETON;1;OREGANO ENTERO;KG;0.000100;;
RT0244;PASTA EN SALSA PUTANESCA;RECETON SGP;RECETON;1;PASTA DE TOMATE;KG;0.005000;;
RT0244;PASTA EN SALSA PUTANESCA;RECETON SGP;RECETON;1;PEREJIL LIZO REFRIGERADO;KG;0.030000;;
RT0244;PASTA EN SALSA PUTANESCA;RECETON SGP;RECETON;1;PIMIENTA NEGRA MOLIDA;KG;0.000100;;
RT0244;PASTA EN SALSA PUTANESCA;RECETON SGP;RECETON;1;QUESO PARMESANO REFRIGERADO;KG;0.003000;;
RT0244;PASTA EN SALSA PUTANESCA;RECETON SGP;RECETON;1;SAL DE COCINA;KG;0.002000;;
RT0245;PASTEL DE ACELGA;RECETON SGP;RECETON;1;ACELGA REFRIGERADO;KG;0.060000;;
RT0245;PASTEL DE ACELGA;RECETON SGP;RECETON;1;AGUA PARA RECETA;L;0.020000;;
RT0245;PASTEL DE ACELGA;RECETON SGP;RECETON;1;AZUCAR RUBIA;KG;0.001000;;
RT0245;PASTEL DE ACELGA;RECETON SGP;RECETON;1;BASE NEUTRA;KG;0.010000;;
RT0245;PASTEL DE ACELGA;RECETON SGP;RECETON;1;HARINA DE TRIGO ESPECIAL;KG;0.035000;;
RT0245;PASTEL DE ACELGA;RECETON SGP;RECETON;1;HUEVO ROSADO REFRIGERADO CAJA;KG;0.030000;;
RT0245;PASTEL DE ACELGA;RECETON SGP;RECETON;1;LECHE EVAPORADA;L;0.015000;;
RT0245;PASTEL DE ACELGA;RECETON SGP;RECETON;1;MARGARINA CON SAL REFRIGERADO GRANEL KG;KG;0.025000;;
RT0245;PASTEL DE ACELGA;RECETON SGP;RECETON;1;NUEZ MOSCADA MOLIDA;KG;0.000120;;
RT0245;PASTEL DE ACELGA;RECETON SGP;RECETON;1;OREGANO ENTERO;KG;0.000120;;
RT0245;PASTEL DE ACELGA;RECETON SGP;RECETON;1;PIMIENTA NEGRA MOLIDA;KG;0.000060;;
RT0245;PASTEL DE ACELGA;RECETON SGP;RECETON;1;QUESO PARMESANO REFRIGERADO;KG;0.001000;;
RT0245;PASTEL DE ACELGA;RECETON SGP;RECETON;1;SAL DE COCINA;KG;0.001000;;
RT0245;PASTEL DE ACELGA;RECETON SGP;RECETON;1;SALSA BLANCA;KG;0.050000;;
RT0245;PASTEL DE ACELGA;RECETON SGP;RECETON;1;ZUMO DE LIMON CONGELADO;KG;0.010000;;
RT0246;PASTEL DE CHOCLO DULCE;RECETON SGP;RECETON;1;ACEITE VEGETAL;L;0.002000;;
RT0246;PASTEL DE CHOCLO DULCE;RECETON SGP;RECETON;1;AGUA PARA RECETA;L;0.040000;;
RT0246;PASTEL DE CHOCLO DULCE;RECETON SGP;RECETON;1;ANIS SECO;KG;0.001000;;
RT0246;PASTEL DE CHOCLO DULCE;RECETON SGP;RECETON;1;AZUCAR IMPALPABLE;KG;0.001000;;
RT0246;PASTEL DE CHOCLO DULCE;RECETON SGP;RECETON;1;AZUCAR RUBIA;KG;0.015000;;
RT0246;PASTEL DE CHOCLO DULCE;RECETON SGP;RECETON;1;CANELA MOLIDA;KG;0.000120;;
RT0246;PASTEL DE CHOCLO DULCE;RECETON SGP;RECETON;1;CHOCLO AMARILLO DESGRANADO CONGELADO;KG;0.100000;;
RT0246;PASTEL DE CHOCLO DULCE;RECETON SGP;RECETON;1;CLAVO DE OLOR ENTERO;KG;0.000120;;
RT0246;PASTEL DE CHOCLO DULCE;RECETON SGP;RECETON;1;ESCENCIA DE VAINILLA;L;0.000120;;
RT0246;PASTEL DE CHOCLO DULCE;RECETON SGP;RECETON;1;HARINA DE TRIGO ESPECIAL;KG;0.020000;;
RT0246;PASTEL DE CHOCLO DULCE;RECETON SGP;RECETON;1;HUEVO ROSADO REFRIGERADO CAJA;KG;0.015000;;
RT0246;PASTEL DE CHOCLO DULCE;RECETON SGP;RECETON;1;LECHE EVAPORADA;L;0.015000;;
RT0246;PASTEL DE CHOCLO DULCE;RECETON SGP;RECETON;1;MARGARINA CON SAL REFRIGERADO GRANEL KG;KG;0.025000;;
RT0246;PASTEL DE CHOCLO DULCE;RECETON SGP;RECETON;1;PASAS NEGRAS SECAS;KG;0.003000;;
RT0246;PASTEL DE CHOCLO DULCE;RECETON SGP;RECETON;1;POLVO DE HORNEAR;KG;0.001000;;
RT0246;PASTEL DE CHOCLO DULCE;RECETON SGP;RECETON;1;SAL DE COCINA;KG;0.001000;;
RT0247;PASTEL DE MANZANA;RECETON SGP;RECETON;1;AGUA PARA RECETA;L;0.024000;;
RT0247;PASTEL DE MANZANA;RECETON SGP;RECETON;1;AZUCAR RUBIA;KG;0.007000;;
RT0247;PASTEL DE MANZANA;RECETON SGP;RECETON;1;ESCENCIA DE VAINILLA;L;0.000400;;
RT0247;PASTEL DE MANZANA;RECETON SGP;RECETON;1;HARINA DE TRIGO ESPECIAL;KG;0.030000;;
RT0247;PASTEL DE MANZANA;RECETON SGP;RECETON;1;HUEVO ROSADO REFRIGERADO CAJA;KG;0.006000;;
RT0247;PASTEL DE MANZANA;RECETON SGP;RECETON;1;LECHE EVAPORADA;L;0.012000;;
RT0247;PASTEL DE MANZANA;RECETON SGP;RECETON;1;MANZANA DE AGUA REFRIGERADO;KG;0.040000;;
RT0247;PASTEL DE MANZANA;RECETON SGP;RECETON;1;MARGARINA CON SAL REFRIGERADO GRANEL KG;KG;0.026000;;
RT0247;PASTEL DE MANZANA;RECETON SGP;RECETON;1;PASAS NEGRAS SECAS;KG;0.005000;;
RT0247;PASTEL DE MANZANA;RECETON SGP;RECETON;1;SAL DE COCINA;KG;0.001000;;
RT0248;PASTEL DE PAPA;RECETON SGP;RECETON;1;CEBOLLA ROJA REFRIGERADO;KG;0.040000;;
RT0248;PASTEL DE PAPA;RECETON SGP;RECETON;1;HUEVO ROSADO REFRIGERADO CAJA;KG;0.030000;;
RT0248;PASTEL DE PAPA;RECETON SGP;RECETON;1;LECHE EVAPORADA;L;0.015000;;
RT0248;PASTEL DE PAPA;RECETON SGP;RECETON;1;MARGARINA CON SAL REFRIGERADO GRANEL KG;KG;0.005000;;
RT0248;PASTEL DE PAPA;RECETON SGP;RECETON;1;OREGANO ENTERO;KG;0.000120;;
RT0248;PASTEL DE PAPA;RECETON SGP;RECETON;1;PAPA BLANCA REFRIGERADO;KG;0.120000;;
RT0248;PASTEL DE PAPA;RECETON SGP;RECETON;1;PEREJIL LIZO REFRIGERADO;KG;0.003000;;
RT0248;PASTEL DE PAPA;RECETON SGP;RECETON;1;PIMIENTA NEGRA MOLIDA;KG;0.000120;;
RT0248;PASTEL DE PAPA;RECETON SGP;RECETON;1;QUESO FRESCO REFRIGERADO;KG;0.020000;;
RT0248;PASTEL DE PAPA;RECETON SGP;RECETON;1;SAL DE COCINA;KG;0.002000;;
RT0249;PAT - ARROZ CON PATO;RECETON SGP;RECETON;1;ACEITE VEGETAL;L;0.005000;;
RT0249;PAT - ARROZ CON PATO;RECETON SGP;RECETON;1;AGUA PARA RECETA;L;0.210000;;
RT0249;PAT - ARROZ CON PATO;RECETON SGP;RECETON;1;ARROZ EXTRA NIR;KG;0.120000;;
RT0249;PAT - ARROZ CON PATO;RECETON SGP;RECETON;1;ARVEJA PELADA CONGELADO;KG;0.010000;;
RT0249;PAT - ARROZ CON PATO;RECETON SGP;RECETON;1;BASE VERDE;KG;0.030000;;
RT0249;PAT - ARROZ CON PATO;RECETON SGP;RECETON;1;CHOCLO AMARILLO DESGRANADO CONGELADO;KG;0.005000;;
RT0249;PAT - ARROZ CON PATO;RECETON SGP;RECETON;1;COMINO MOLIDO;KG;0.000060;;
RT0249;PAT - ARROZ CON PATO;RECETON SGP;RECETON;1;PALILLO MOLIDO;KG;0.000010;;
RT0249;PAT - ARROZ CON PATO;RECETON SGP;RECETON;1;PATO ENTERO EVIS S/PATAS Y S/CABEZA CONG;KG;0.250000;;
RT0249;PAT - ARROZ CON PATO;RECETON SGP;RECETON;1;PIMIENTA NEGRA MOLIDA;KG;0.000120;;
RT0249;PAT - ARROZ CON PATO;RECETON SGP;RECETON;1;PIMIENTO ROJO REFRIGERADO;KG;0.010000;;
RT0249;PAT - ARROZ CON PATO;RECETON SGP;RECETON;1;SAL DE COCINA;KG;0.002000;;
RT0249;PAT - ARROZ CON PATO;RECETON SGP;RECETON;1;ZANAHORIA REFRIGERADO;KG;0.010000;;
RT0250;PATA A LA REINA;RECETON SGP;RECETON;1;AGUA PARA RECETA;L;0.005000;;
RT0250;PATA A LA REINA;RECETON SGP;RECETON;1;ARVEJA PELADA CONGELADO;KG;0.005000;;
RT0250;PATA A LA REINA;RECETON SGP;RECETON;1;HUEVO ROSADO REFRIGERADO CAJA;KG;0.008000;;
RT0250;PATA A LA REINA;RECETON SGP;RECETON;1;MAYONESA;KG;0.010100;;
RT0250;PATA A LA REINA;RECETON SGP;RECETON;1;MOSTAZA;KG;0.001000;;
RT0250;PATA A LA REINA;RECETON SGP;RECETON;1;N/U POLLO PECHUGA CON HUESO Y PIEL REFRIGERADO;KG;0.050000;;
RT0250;PATA A LA REINA;RECETON SGP;RECETON;1;PALTA;KG;0.080000;;
RT0250;PATA A LA REINA;RECETON SGP;RECETON;1;PEREJIL LIZO REFRIGERADO;KG;0.002000;;
RT0250;PATA A LA REINA;RECETON SGP;RECETON;1;PIMIENTA NEGRA MOLIDA;KG;0.000120;;
RT0250;PATA A LA REINA;RECETON SGP;RECETON;1;PIMIENTO ROJO REFRIGERADO;KG;0.005000;;
RT0250;PATA A LA REINA;RECETON SGP;RECETON;1;SAL DE COCINA;KG;0.001500;;
RT0250;PATA A LA REINA;RECETON SGP;RECETON;1;VAINITA ENTERO REFRIGERADO;KG;0.015000;;
RT0250;PATA A LA REINA;RECETON SGP;RECETON;1;ZANAHORIA REFRIGERADO;KG;0.015000;;
RT0250;PATA A LA REINA;RECETON SGP;RECETON;1;ZUMO DE LIMON CONGELADO;KG;0.002666;;
RT0251;PAV - ENROLLADO DE PAVO;RECETON SGP;RECETON;1;AGUA PARA RECETA;L;0.020000;;
RT0251;PAV - ENROLLADO DE PAVO;RECETON SGP;RECETON;1;APIO REFRIGERADO;KG;0.005000;;
RT0251;PAV - ENROLLADO DE PAVO;RECETON SGP;RECETON;1;BASE CRIOLLA;KG;0.003000;;
RT0251;PAV - ENROLLADO DE PAVO;RECETON SGP;RECETON;1;MAICENA;KG;0.003000;;
RT0251;PAV - ENROLLADO DE PAVO;RECETON SGP;RECETON;1;MARGARINA CON SAL REFRIGERADO GRANEL KG;KG;0.005000;;
RT0251;PAV - ENROLLADO DE PAVO;RECETON SGP;RECETON;1;MOSTAZA;KG;0.003000;;
RT0251;PAV - ENROLLADO DE PAVO;RECETON SGP;RECETON;1;PECHUGA DE PAVO SIN HUESO CONGELADO;KG;0.160000;;
RT0251;PAV - ENROLLADO DE PAVO;RECETON SGP;RECETON;1;PIMIENTA NEGRA MOLIDA;KG;0.000060;;
RT0251;PAV - ENROLLADO DE PAVO;RECETON SGP;RECETON;1;PIMIENTO ROJO REFRIGERADO;KG;0.010000;;
RT0251;PAV - ENROLLADO DE PAVO;RECETON SGP;RECETON;1;PORO REFRIGERADO;KG;0.005000;;
RT0251;PAV - ENROLLADO DE PAVO;RECETON SGP;RECETON;1;SAL DE COCINA;KG;0.002000;;
RT0251;PAV - ENROLLADO DE PAVO;RECETON SGP;RECETON;1;VAINITA ENTERO REFRIGERADO;KG;0.015000;;
RT0251;PAV - ENROLLADO DE PAVO;RECETON SGP;RECETON;1;ZANAHORIA REFRIGERADO;KG;0.010000;;
RT0252;PAV - ESTOFADO DE PAVO;RECETON SGP;RECETON;1;ACEITE VEGETAL;L;0.002000;;
RT0252;PAV - ESTOFADO DE PAVO;RECETON SGP;RECETON;1;AGUA PARA RECETA;L;0.030000;;
RT0252;PAV - ESTOFADO DE PAVO;RECETON SGP;RECETON;1;ARVEJA PELADA CONGELADO;KG;0.010000;;
RT0252;PAV - ESTOFADO DE PAVO;RECETON SGP;RECETON;1;AZUCAR RUBIA;KG;0.001000;;
RT0252;PAV - ESTOFADO DE PAVO;RECETON SGP;RECETON;1;BASE DE TOMATE;KG;0.020000;;
RT0252;PAV - ESTOFADO DE PAVO;RECETON SGP;RECETON;1;LAUREL;KG;0.000120;;
RT0252;PAV - ESTOFADO DE PAVO;RECETON SGP;RECETON;1;PASAS NEGRAS SECAS;KG;0.005000;;
RT0252;PAV - ESTOFADO DE PAVO;RECETON SGP;RECETON;1;PECHUGA DE PAVO SIN HUESO CONGELADO;KG;0.160000;;
RT0252;PAV - ESTOFADO DE PAVO;RECETON SGP;RECETON;1;PIMIENTA NEGRA MOLIDA;KG;0.000060;;
RT0252;PAV - ESTOFADO DE PAVO;RECETON SGP;RECETON;1;SAL DE COCINA;KG;0.002000;;
RT0252;PAV - ESTOFADO DE PAVO;RECETON SGP;RECETON;1;ZANAHORIA REFRIGERADO;KG;0.010000;;
RT0253;PAV - FRICASE DE PAVO;RECETON SGP;RECETON;1;ACEITE VEGETAL;L;0.002000;;
RT0253;PAV - FRICASE DE PAVO;RECETON SGP;RECETON;1;AGUA PARA RECETA;L;0.030000;;
RT0253;PAV - FRICASE DE PAVO;RECETON SGP;RECETON;1;BASE AMARILLA;KG;0.020000;;
RT0253;PAV - FRICASE DE PAVO;RECETON SGP;RECETON;1;CULANTRO REFRIGERADO;KG;0.002000;;
RT0253;PAV - FRICASE DE PAVO;RECETON SGP;RECETON;1;HUEVO ROSADO REFRIGERADO CAJA;KG;0.015000;;
RT0253;PAV - FRICASE DE PAVO;RECETON SGP;RECETON;1;MAICENA;KG;0.003000;;
RT0253;PAV - FRICASE DE PAVO;RECETON SGP;RECETON;1;PALILLO MOLIDO;KG;0.001000;;
RT0253;PAV - FRICASE DE PAVO;RECETON SGP;RECETON;1;PECHUGA DE PAVO SIN HUESO CONGELADO;KG;0.160000;;
RT0253;PAV - FRICASE DE PAVO;RECETON SGP;RECETON;1;PIMIENTA NEGRA MOLIDA;KG;0.000060;;
RT0253;PAV - FRICASE DE PAVO;RECETON SGP;RECETON;1;SAL DE COCINA;KG;0.002000;;
RT0254;PAV - PAVITA A LA CACEROLA;RECETON SGP;RECETON;1;ACEITE VEGETAL;L;0.002000;;
RT0254;PAV - PAVITA A LA CACEROLA;RECETON SGP;RECETON;1;AGUA PARA RECETA;L;0.030000;;
RT0254;PAV - PAVITA A LA CACEROLA;RECETON SGP;RECETON;1;ARVEJA PELADA CONGELADO;KG;0.010000;;
RT0254;PAV - PAVITA A LA CACEROLA;RECETON SGP;RECETON;1;BASE DE TOMATE;KG;0.020000;;
RT0254;PAV - PAVITA A LA CACEROLA;RECETON SGP;RECETON;1;COMINO MOLIDO;KG;0.000020;;
RT0254;PAV - PAVITA A LA CACEROLA;RECETON SGP;RECETON;1;MAICENA;KG;0.003000;;
RT0254;PAV - PAVITA A LA CACEROLA;RECETON SGP;RECETON;1;PASTA DE AJI AMARILLO;KG;0.002000;;
RT0254;PAV - PAVITA A LA CACEROLA;RECETON SGP;RECETON;1;PECHUGA DE PAVO SIN HUESO CONGELADO;KG;0.160000;;
RT0254;PAV - PAVITA A LA CACEROLA;RECETON SGP;RECETON;1;PEREJIL LIZO REFRIGERADO;KG;0.002000;;
RT0254;PAV - PAVITA A LA CACEROLA;RECETON SGP;RECETON;1;PIMIENTA NEGRA MOLIDA;KG;0.000060;;
RT0254;PAV - PAVITA A LA CACEROLA;RECETON SGP;RECETON;1;SAL DE COCINA;KG;0.002000;;
RT0254;PAV - PAVITA A LA CACEROLA;RECETON SGP;RECETON;1;ZANAHORIA REFRIGERADO;KG;0.015000;;
RT0255;PAV - PAVITA A LA PLANCHA;RECETON SGP;RECETON;1;ACEITE VEGETAL;L;0.002000;;
RT0255;PAV - PAVITA A LA PLANCHA;RECETON SGP;RECETON;1;MOSTAZA;KG;0.001000;;
RT0255;PAV - PAVITA A LA PLANCHA;RECETON SGP;RECETON;1;PASTA DE AJO;KG;0.002000;;
RT0255;PAV - PAVITA A LA PLANCHA;RECETON SGP;RECETON;1;PECHUGA DE PAVO SIN HUESO CONGELADO;KG;0.160000;;
RT0255;PAV - PAVITA A LA PLANCHA;RECETON SGP;RECETON;1;PIMIENTA NEGRA MOLIDA;KG;0.000120;;
RT0255;PAV - PAVITA A LA PLANCHA;RECETON SGP;RECETON;1;SAL DE COCINA;KG;0.003000;;
RT0256;PAV - PAVITA AL TOMILLO;RECETON SGP;RECETON;1;ACEITE VEGETAL;L;0.002000;;
RT0256;PAV - PAVITA AL TOMILLO;RECETON SGP;RECETON;1;AGUA PARA RECETA;L;0.020000;;
RT0256;PAV - PAVITA AL TOMILLO;RECETON SGP;RECETON;1;APIO REFRIGERADO;KG;0.005000;;
RT0256;PAV - PAVITA AL TOMILLO;RECETON SGP;RECETON;1;CEBOLLA ROJA REFRIGERADO;KG;0.010000;;
RT0256;PAV - PAVITA AL TOMILLO;RECETON SGP;RECETON;1;HARINA DE TRIGO ESPECIAL;KG;0.003000;;
RT0256;PAV - PAVITA AL TOMILLO;RECETON SGP;RECETON;1;LECHE EVAPORADA;L;0.003000;;
RT0256;PAV - PAVITA AL TOMILLO;RECETON SGP;RECETON;1;MAICENA;KG;0.003000;;
RT0256;PAV - PAVITA AL TOMILLO;RECETON SGP;RECETON;1;MARGARINA CON SAL REFRIGERADO GRANEL KG;KG;0.003000;;
RT0256;PAV - PAVITA AL TOMILLO;RECETON SGP;RECETON;1;PASTA DE AJO;KG;0.003000;;
RT0256;PAV - PAVITA AL TOMILLO;RECETON SGP;RECETON;1;PECHUGA DE PAVO SIN HUESO CONGELADO;KG;0.160000;;
RT0256;PAV - PAVITA AL TOMILLO;RECETON SGP;RECETON;1;PEREJIL LIZO REFRIGERADO;KG;0.002000;;
RT0256;PAV - PAVITA AL TOMILLO;RECETON SGP;RECETON;1;PIMIENTA NEGRA MOLIDA;KG;0.000120;;
RT0256;PAV - PAVITA AL TOMILLO;RECETON SGP;RECETON;1;PORO REFRIGERADO;KG;0.005000;;
RT0256;PAV - PAVITA AL TOMILLO;RECETON SGP;RECETON;1;SAL DE COCINA;KG;0.003000;;
RT0256;PAV - PAVITA AL TOMILLO;RECETON SGP;RECETON;1;TOMILLO;KG;0.001000;;
RT0256;PAV - PAVITA AL TOMILLO;RECETON SGP;RECETON;1;ZANAHORIA REFRIGERADO;KG;0.005000;;
RT0257;PAV - PAVO A LA JARDINERA;RECETON SGP;RECETON;1;ACEITE VEGETAL;L;0.002000;;
RT0257;PAV - PAVO A LA JARDINERA;RECETON SGP;RECETON;1;AGUA PARA RECETA;L;0.030000;;
RT0257;PAV - PAVO A LA JARDINERA;RECETON SGP;RECETON;1;BASE AMARILLA;KG;0.020000;;
RT0257;PAV - PAVO A LA JARDINERA;RECETON SGP;RECETON;1;COMINO MOLIDO;KG;0.000020;;
RT0257;PAV - PAVO A LA JARDINERA;RECETON SGP;RECETON;1;LAUREL;KG;0.000120;;
RT0257;PAV - PAVO A LA JARDINERA;RECETON SGP;RECETON;1;MAICENA;KG;0.003000;;
RT0257;PAV - PAVO A LA JARDINERA;RECETON SGP;RECETON;1;OREGANO ENTERO;KG;0.000120;;
RT0257;PAV - PAVO A LA JARDINERA;RECETON SGP;RECETON;1;PECHUGA DE PAVO SIN HUESO CONGELADO;KG;0.160000;;
RT0257;PAV - PAVO A LA JARDINERA;RECETON SGP;RECETON;1;PIMIENTA NEGRA MOLIDA;KG;0.000060;;
RT0257;PAV - PAVO A LA JARDINERA;RECETON SGP;RECETON;1;PIMIENTO ROJO REFRIGERADO;KG;0.010000;;
RT0257;PAV - PAVO A LA JARDINERA;RECETON SGP;RECETON;1;SAL DE COCINA;KG;0.002000;;
RT0257;PAV - PAVO A LA JARDINERA;RECETON SGP;RECETON;1;VAINITA ENTERO REFRIGERADO;KG;0.010000;;
RT0257;PAV - PAVO A LA JARDINERA;RECETON SGP;RECETON;1;ZANAHORIA REFRIGERADO;KG;0.010000;;
RT0258;PAV - PAVO AL HORNO;RECETON SGP;RECETON;1;ACEITE VEGETAL;L;0.002000;;
RT0258;PAV - PAVO AL HORNO;RECETON SGP;RECETON;1;AGUA PARA RECETA;L;0.020000;;
RT0258;PAV - PAVO AL HORNO;RECETON SGP;RECETON;1;COMINO MOLIDO;KG;0.000060;;
RT0258;PAV - PAVO AL HORNO;RECETON SGP;RECETON;1;MAICENA;KG;0.003000;;
RT0258;PAV - PAVO AL HORNO;RECETON SGP;RECETON;1;MARGARINA CON SAL REFRIGERADO GRANEL KG;KG;0.003000;;
RT0258;PAV - PAVO AL HORNO;RECETON SGP;RECETON;1;MOSTAZA;KG;0.001000;;
RT0258;PAV - PAVO AL HORNO;RECETON SGP;RECETON;1;OREGANO ENTERO;KG;0.000120;;
RT0258;PAV - PAVO AL HORNO;RECETON SGP;RECETON;1;PASTA DE AJI PANCA;KG;0.002000;;
RT0258;PAV - PAVO AL HORNO;RECETON SGP;RECETON;1;PASTA DE AJO;KG;0.002000;;
RT0258;PAV - PAVO AL HORNO;RECETON SGP;RECETON;1;PECHUGA DE PAVO SIN HUESO CONGELADO;KG;0.160000;;
RT0258;PAV - PAVO AL HORNO;RECETON SGP;RECETON;1;PIMIENTA NEGRA MOLIDA;KG;0.000120;;
RT0258;PAV - PAVO AL HORNO;RECETON SGP;RECETON;1;SAL DE COCINA;KG;0.003000;;
RT0258;PAV - PAVO AL HORNO;RECETON SGP;RECETON;1;SALSA SILLAO;L;0.001000;;
RT0258;PAV - PAVO AL HORNO;RECETON SGP;RECETON;1;VINAGRE TINTO;L;0.003000;;
RT0259;PAV - PAVO AL HORNO A LAS FINAS HIERBAS;RECETON SGP;RECETON;1;ACEITE VEGETAL;L;0.002000;;
RT0259;PAV - PAVO AL HORNO A LAS FINAS HIERBAS;RECETON SGP;RECETON;1;CALDO DE GALLINA;KG;0.000060;;
RT0259;PAV - PAVO AL HORNO A LAS FINAS HIERBAS;RECETON SGP;RECETON;1;ESTRAGON;KG;0.000120;;
RT0259;PAV - PAVO AL HORNO A LAS FINAS HIERBAS;RECETON SGP;RECETON;1;HARINA DE TRIGO ESPECIAL;KG;0.005000;;
RT0259;PAV - PAVO AL HORNO A LAS FINAS HIERBAS;RECETON SGP;RECETON;1;LECHE EVAPORADA;L;0.015000;;
RT0259;PAV - PAVO AL HORNO A LAS FINAS HIERBAS;RECETON SGP;RECETON;1;MARGARINA CON SAL REFRIGERADO GRANEL KG;KG;0.005000;;
RT0259;PAV - PAVO AL HORNO A LAS FINAS HIERBAS;RECETON SGP;RECETON;1;OREGANO ENTERO;KG;0.001000;;
RT0259;PAV - PAVO AL HORNO A LAS FINAS HIERBAS;RECETON SGP;RECETON;1;PASTA DE AJO;KG;0.002000;;
RT0259;PAV - PAVO AL HORNO A LAS FINAS HIERBAS;RECETON SGP;RECETON;1;PECHUGA DE PAVO SIN HUESO CONGELADO;KG;0.160000;;
RT0259;PAV - PAVO AL HORNO A LAS FINAS HIERBAS;RECETON SGP;RECETON;1;PIMIENTA NEGRA MOLIDA;KG;0.000120;;
RT0259;PAV - PAVO AL HORNO A LAS FINAS HIERBAS;RECETON SGP;RECETON;1;SAL DE COCINA;KG;0.003000;;
RT0259;PAV - PAVO AL HORNO A LAS FINAS HIERBAS;RECETON SGP;RECETON;1;TOMILLO;KG;0.000120;;
RT0260;PAV - PAVO AL HORNO DIETA;RECETON SGP;RECETON;1;ACEITE VEGETAL;L;0.002000;;
RT0260;PAV - PAVO AL HORNO DIETA;RECETON SGP;RECETON;1;AGUA PARA RECETA;L;0.100000;;
RT0260;PAV - PAVO AL HORNO DIETA;RECETON SGP;RECETON;1;APIO REFRIGERADO;KG;0.001000;;
RT0260;PAV - PAVO AL HORNO DIETA;RECETON SGP;RECETON;1;CHUÑO;KG;0.003000;;
RT0260;PAV - PAVO AL HORNO DIETA;RECETON SGP;RECETON;1;LAUREL;KG;0.000100;;
RT0260;PAV - PAVO AL HORNO DIETA;RECETON SGP;RECETON;1;OREGANO ENTERO;KG;0.000100;;
RT0260;PAV - PAVO AL HORNO DIETA;RECETON SGP;RECETON;1;PASTA DE AJO;KG;0.002000;;
RT0260;PAV - PAVO AL HORNO DIETA;RECETON SGP;RECETON;1;PECHUGA DE PAVO SIN HUESO CONGELADO;KG;0.160000;;
RT0260;PAV - PAVO AL HORNO DIETA;RECETON SGP;RECETON;1;PORO REFRIGERADO;KG;0.010000;;
RT0260;PAV - PAVO AL HORNO DIETA;RECETON SGP;RECETON;1;ZANAHORIA REFRIGERADO;KG;0.010000;;
RT0261;PAV - PAVO AL OREGANO;RECETON SGP;RECETON;1;ACEITE VEGETAL;L;0.002000;;
RT0261;PAV - PAVO AL OREGANO;RECETON SGP;RECETON;1;AGUA PARA RECETA;L;0.010000;;
RT0261;PAV - PAVO AL OREGANO;RECETON SGP;RECETON;1;CALDO DE GALLINA;KG;0.000060;;
RT0261;PAV - PAVO AL OREGANO;RECETON SGP;RECETON;1;HARINA DE TRIGO ESPECIAL;KG;0.003000;;
RT0261;PAV - PAVO AL OREGANO;RECETON SGP;RECETON;1;LECHE EVAPORADA;L;0.015000;;
RT0261;PAV - PAVO AL OREGANO;RECETON SGP;RECETON;1;MARGARINA CON SAL REFRIGERADO GRANEL KG;KG;0.005000;;
RT0261;PAV - PAVO AL OREGANO;RECETON SGP;RECETON;1;NUEZ MOSCADA MOLIDA;KG;0.000120;;
RT0261;PAV - PAVO AL OREGANO;RECETON SGP;RECETON;1;OREGANO ENTERO;KG;0.000120;;
RT0261;PAV - PAVO AL OREGANO;RECETON SGP;RECETON;1;PECHUGA DE PAVO SIN HUESO CONGELADO;KG;0.160000;;
RT0261;PAV - PAVO AL OREGANO;RECETON SGP;RECETON;1;PIMIENTA NEGRA MOLIDA;KG;0.000120;;
RT0261;PAV - PAVO AL OREGANO;RECETON SGP;RECETON;1;SAL DE COCINA;KG;0.003000;;
RT0262;PAV - PAVO AL SILLAO;RECETON SGP;RECETON;1;ACEITE VEGETAL;L;0.002000;;
RT0262;PAV - PAVO AL SILLAO;RECETON SGP;RECETON;1;AGUA PARA RECETA;L;0.020000;;
RT0262;PAV - PAVO AL SILLAO;RECETON SGP;RECETON;1;AZUCAR RUBIA;KG;0.001000;;
RT0262;PAV - PAVO AL SILLAO;RECETON SGP;RECETON;1;CEBOLLA CHINA REFRIGERADO;KG;0.005000;;
RT0262;PAV - PAVO AL SILLAO;RECETON SGP;RECETON;1;FRIJOL CHINO REFRIGERADO;KG;0.010000;;
RT0262;PAV - PAVO AL SILLAO;RECETON SGP;RECETON;1;KION MOLIDO SECO;KG;0.000500;;
RT0262;PAV - PAVO AL SILLAO;RECETON SGP;RECETON;1;MAICENA;KG;0.003000;;
RT0262;PAV - PAVO AL SILLAO;RECETON SGP;RECETON;1;PASTA DE AJO;KG;0.002000;;
RT0262;PAV - PAVO AL SILLAO;RECETON SGP;RECETON;1;PECHUGA DE PAVO SIN HUESO CONGELADO;KG;0.160000;;
RT0262;PAV - PAVO AL SILLAO;RECETON SGP;RECETON;1;PIMIENTA NEGRA MOLIDA;KG;0.000120;;
RT0262;PAV - PAVO AL SILLAO;RECETON SGP;RECETON;1;PIMIENTO ROJO REFRIGERADO;KG;0.010000;;
RT0262;PAV - PAVO AL SILLAO;RECETON SGP;RECETON;1;SAL DE COCINA;KG;0.003000;;
RT0262;PAV - PAVO AL SILLAO;RECETON SGP;RECETON;1;SALSA SILLAO;L;0.010000;;
RT0263;PAV - PAVO ASADO;RECETON SGP;RECETON;1;ACEITE VEGETAL;L;0.003000;;
RT0263;PAV - PAVO ASADO;RECETON SGP;RECETON;1;AGUA PARA RECETA;L;0.020000;;
RT0263;PAV - PAVO ASADO;RECETON SGP;RECETON;1;APIO REFRIGERADO;KG;0.000120;;
RT0263;PAV - PAVO ASADO;RECETON SGP;RECETON;1;BASE NEUTRA;KG;0.003000;;
RT0263;PAV - PAVO ASADO;RECETON SGP;RECETON;1;COMINO MOLIDO;KG;0.000060;;
RT0263;PAV - PAVO ASADO;RECETON SGP;RECETON;1;MAICENA;KG;0.003000;;
RT0263;PAV - PAVO ASADO;RECETON SGP;RECETON;1;MARGARINA CON SAL REFRIGERADO GRANEL KG;KG;0.003000;;
RT0263;PAV - PAVO ASADO;RECETON SGP;RECETON;1;PECHUGA DE PAVO SIN HUESO CONGELADO;KG;0.160000;;
RT0263;PAV - PAVO ASADO;RECETON SGP;RECETON;1;PIMIENTA NEGRA MOLIDA;KG;0.000120;;
RT0263;PAV - PAVO ASADO;RECETON SGP;RECETON;1;SAL DE COCINA;KG;0.002000;;
RT0263;PAV - PAVO ASADO;RECETON SGP;RECETON;1;TOCINO AHUMADO CONGELADO;KG;0.010000;;
RT0263;PAV - PAVO ASADO;RECETON SGP;RECETON;1;VINAGRE TINTO;L;0.003000;;
RT0264;PAV - PEPIAN DE PAVO;RECETON SGP;RECETON;1;ACEITE VEGETAL;L;0.001000;;
RT0264;PAV - PEPIAN DE PAVO;RECETON SGP;RECETON;1;AGUA PARA RECETA;L;0.040000;;
RT0264;PAV - PEPIAN DE PAVO;RECETON SGP;RECETON;1;BASE AMARILLA;KG;0.020000;;
RT0264;PAV - PEPIAN DE PAVO;RECETON SGP;RECETON;1;CHOCLO AMARILLO DESGRANADO CONGELADO;KG;0.080000;;
RT0264;PAV - PEPIAN DE PAVO;RECETON SGP;RECETON;1;COMINO MOLIDO;KG;0.000060;;
RT0264;PAV - PEPIAN DE PAVO;RECETON SGP;RECETON;1;CULANTRO REFRIGERADO;KG;0.003000;;
RT0264;PAV - PEPIAN DE PAVO;RECETON SGP;RECETON;1;OREGANO ENTERO;KG;0.000120;;
RT0264;PAV - PEPIAN DE PAVO;RECETON SGP;RECETON;1;PASTA DE AJI PANCA;KG;0.003000;;
RT0264;PAV - PEPIAN DE PAVO;RECETON SGP;RECETON;1;PECHUGA DE PAVO SIN HUESO CONGELADO;KG;0.160000;;
RT0264;PAV - PEPIAN DE PAVO;RECETON SGP;RECETON;1;PIMIENTA NEGRA MOLIDA;KG;0.000600;;
RT0264;PAV - PEPIAN DE PAVO;RECETON SGP;RECETON;1;SAL DE COCINA;KG;0.001000;;
RT0264;PAV - PEPIAN DE PAVO;RECETON SGP;RECETON;1;VINAGRE BLANCO;L;0.003000;;
RT0265;PAÑUELO CON MANJARBLANCO;RECETON SGP;RECETON;1;AZUCAR IMPALPABLE;KG;0.000120;;
RT0265;PAÑUELO CON MANJARBLANCO;RECETON SGP;RECETON;1;AZUCAR RUBIA;KG;0.008930;;
RT0265;PAÑUELO CON MANJARBLANCO;RECETON SGP;RECETON;1;ESCENCIA DE VAINILLA;L;0.000180;;
RT0265;PAÑUELO CON MANJARBLANCO;RECETON SGP;RECETON;1;HARINA DE TRIGO ESPECIAL;KG;0.008930;;
RT0265;PAÑUELO CON MANJARBLANCO;RECETON SGP;RECETON;1;HUEVO LIQUIDO CONGELADO;KG;0.032140;;
RT0265;PAÑUELO CON MANJARBLANCO;RECETON SGP;RECETON;1;MANJAR BLANCO KG;KG;0.010710;;
RT0265;PAÑUELO CON MANJARBLANCO;RECETON SGP;RECETON;1;PAPEL MANTECA;UND;0.016000;;
RT0265;PAÑUELO CON MANJARBLANCO;RECETON SGP;RECETON;1;POLVO DE HORNEAR;KG;0.000360;;
RT0266;PERA;RECETON SGP;RECETON;1;PERA PACKHAMS REFRIGERADO;KG;0.140000;;
RT0267;PEREJIL;RECETON SGP;RECETON;1;PEREJIL LIZO REFRIGERADO;KG;0.020000;;
RT0268;PES - CEVICHE DE PESCADO;RECETON SGP;RECETON;1;CAMOTE AMARILLO REFRIGERADO;KG;0.030000;;
RT0268;PES - CEVICHE DE PESCADO;RECETON SGP;RECETON;1;CEBOLLA ROJA REFRIGERADO;KG;0.060000;;
RT0268;PES - CEVICHE DE PESCADO;RECETON SGP;RECETON;1;CULANTRO REFRIGERADO;KG;0.002000;;
RT0268;PES - CEVICHE DE PESCADO;RECETON SGP;RECETON;1;LECHUGA AMERICANA REFRIGERADO;KG;0.012000;;
RT0268;PES - CEVICHE DE PESCADO;RECETON SGP;RECETON;1;LIMON VERDE REFRIGERADO;KG;0.030000;;
RT0268;PES - CEVICHE DE PESCADO;RECETON SGP;RECETON;1;MAIZ CANCHA;KG;0.020000;;
RT0268;PES - CEVICHE DE PESCADO;RECETON SGP;RECETON;1;PASTA DE AJI AMARILLO;KG;0.010000;;
RT0268;PES - CEVICHE DE PESCADO;RECETON SGP;RECETON;1;PASTA DE AJO;KG;0.002000;;
RT0268;PES - CEVICHE DE PESCADO;RECETON SGP;RECETON;1;PEZ PERICO FILETE SIN PIEL CONGELADO;KG;0.090000;;
RT0268;PES - CEVICHE DE PESCADO;RECETON SGP;RECETON;1;PIMIENTA NEGRA MOLIDA;KG;0.000120;;
RT0268;PES - CEVICHE DE PESCADO;RECETON SGP;RECETON;1;ROCOTO NORMAL REFRIGERADO;KG;0.001000;;
RT0268;PES - CEVICHE DE PESCADO;RECETON SGP;RECETON;1;SAL DE COCINA;KG;0.002000;;
RT0269;PES - CHICHARRON DE PESCADO I;RECETON SGP;RECETON;1;ACEITE VEGETAL;L;0.005000;;
RT0269;PES - CHICHARRON DE PESCADO I;RECETON SGP;RECETON;1;BONITO FILETE CON PIEL CONGELADO;KG;0.190000;;
RT0269;PES - CHICHARRON DE PESCADO I;RECETON SGP;RECETON;1;CHUÑO;KG;0.005000;;
RT0269;PES - CHICHARRON DE PESCADO I;RECETON SGP;RECETON;1;COMINO MOLIDO;KG;0.000060;;
RT0269;PES - CHICHARRON DE PESCADO I;RECETON SGP;RECETON;1;HARINA DE TRIGO ESPECIAL;KG;0.010000;;
RT0269;PES - CHICHARRON DE PESCADO I;RECETON SGP;RECETON;1;HUEVO LIQUIDO CONGELADO;KG;0.015000;;
RT0269;PES - CHICHARRON DE PESCADO I;RECETON SGP;RECETON;1;MOSTAZA;KG;0.003000;;
RT0269;PES - CHICHARRON DE PESCADO I;RECETON SGP;RECETON;1;PASTA DE AJO;KG;0.002000;;
RT0269;PES - CHICHARRON DE PESCADO I;RECETON SGP;RECETON;1;PIMIENTA NEGRA MOLIDA;KG;0.000120;;
RT0269;PES - CHICHARRON DE PESCADO I;RECETON SGP;RECETON;1;SAL DE COCINA;KG;0.003000;;
RT0270;PES - MILANESA DE PESCADO I;RECETON SGP;RECETON;1;ACEITE VEGETAL;L;0.005000;;
RT0270;PES - MILANESA DE PESCADO I;RECETON SGP;RECETON;1;BONITO FILETE CON PIEL CONGELADO;KG;0.190000;;
RT0270;PES - MILANESA DE PESCADO I;RECETON SGP;RECETON;1;HARINA DE TRIGO ESPECIAL;KG;0.005000;;
RT0270;PES - MILANESA DE PESCADO I;RECETON SGP;RECETON;1;HUEVO LIQUIDO CONGELADO;KG;0.020000;;
RT0270;PES - MILANESA DE PESCADO I;RECETON SGP;RECETON;1;MOSTAZA;KG;0.001000;;
RT0270;PES - MILANESA DE PESCADO I;RECETON SGP;RECETON;1;OREGANO ENTERO;KG;0.000120;;
RT0270;PES - MILANESA DE PESCADO I;RECETON SGP;RECETON;1;PAN MOLIDO KG.;KG;0.015000;;
RT0270;PES - MILANESA DE PESCADO I;RECETON SGP;RECETON;1;PASTA DE AJO;KG;0.002000;;
RT0270;PES - MILANESA DE PESCADO I;RECETON SGP;RECETON;1;PIMIENTA NEGRA MOLIDA;KG;0.000120;;
RT0270;PES - MILANESA DE PESCADO I;RECETON SGP;RECETON;1;SAL DE COCINA;KG;0.003000;;
RT0271;PES - PESCADO A LA CHORRILLANA;RECETON SGP;RECETON;1;ACEITE VEGETAL;L;0.002000;;
RT0271;PES - PESCADO A LA CHORRILLANA;RECETON SGP;RECETON;1;AGUA PARA RECETA;L;0.015000;;
RT0271;PES - PESCADO A LA CHORRILLANA;RECETON SGP;RECETON;1;AJI AMARILLO REFRIGERADO;KG;0.010000;;
RT0271;PES - PESCADO A LA CHORRILLANA;RECETON SGP;RECETON;1;BONITO FILETE CON PIEL CONGELADO;KG;0.100000;;
RT0271;PES - PESCADO A LA CHORRILLANA;RECETON SGP;RECETON;1;CEBOLLA ROJA REFRIGERADO;KG;0.040000;;
RT0271;PES - PESCADO A LA CHORRILLANA;RECETON SGP;RECETON;1;COMINO MOLIDO;KG;0.000060;;
RT0271;PES - PESCADO A LA CHORRILLANA;RECETON SGP;RECETON;1;CULANTRO REFRIGERADO;KG;0.003000;;
RT0271;PES - PESCADO A LA CHORRILLANA;RECETON SGP;RECETON;1;HARINA DE TRIGO ESPECIAL;KG;0.010000;;
RT0271;PES - PESCADO A LA CHORRILLANA;RECETON SGP;RECETON;1;LAUREL;KG;0.000120;;
RT0271;PES - PESCADO A LA CHORRILLANA;RECETON SGP;RECETON;1;MAICENA;KG;0.003000;;
RT0271;PES - PESCADO A LA CHORRILLANA;RECETON SGP;RECETON;1;OREGANO ENTERO;KG;0.000120;;
RT0271;PES - PESCADO A LA CHORRILLANA;RECETON SGP;RECETON;1;PIMIENTA NEGRA MOLIDA;KG;0.000120;;
RT0271;PES - PESCADO A LA CHORRILLANA;RECETON SGP;RECETON;1;SAL DE COCINA;KG;0.001000;;
RT0271;PES - PESCADO A LA CHORRILLANA;RECETON SGP;RECETON;1;TOMATE CRIOLLO REFRIGERADO;KG;0.040000;;
RT0272;PES - PESCADO A LA PLANCHA;RECETON SGP;RECETON;1;ACEITE VEGETAL;L;0.002000;;
RT0272;PES - PESCADO A LA PLANCHA;RECETON SGP;RECETON;1;BONITO FILETE CON PIEL CONGELADO;KG;0.190000;;
RT0272;PES - PESCADO A LA PLANCHA;RECETON SGP;RECETON;1;PASTA DE AJO;KG;0.002000;;
RT0272;PES - PESCADO A LA PLANCHA;RECETON SGP;RECETON;1;PIMIENTA NEGRA MOLIDA;KG;0.000120;;
RT0272;PES - PESCADO A LA PLANCHA;RECETON SGP;RECETON;1;SAL DE COCINA;KG;0.003000;;
RT0272;PES - PESCADO A LA PLANCHA;RECETON SGP;RECETON;1;TOMILLO;KG;0.000120;;
RT0272;PES - PESCADO A LA PLANCHA;RECETON SGP;RECETON;1;ZUMO DE LIMON CONGELADO;KG;0.001666;;
RT0273;PES - PESCADO AL AJO;RECETON SGP;RECETON;1;ACEITE VEGETAL;L;0.002000;;
RT0273;PES - PESCADO AL AJO;RECETON SGP;RECETON;1;AGUA PARA RECETA;L;0.013000;;
RT0273;PES - PESCADO AL AJO;RECETON SGP;RECETON;1;HARINA DE TRIGO ESPECIAL;KG;0.013000;;
RT0273;PES - PESCADO AL AJO;RECETON SGP;RECETON;1;LECHE EVAPORADA;L;0.015000;;
RT0273;PES - PESCADO AL AJO;RECETON SGP;RECETON;1;MARGARINA CON SAL REFRIGERADO GRANEL KG;KG;0.005000;;
RT0273;PES - PESCADO AL AJO;RECETON SGP;RECETON;1;OREGANO ENTERO;KG;0.000120;;
RT0273;PES - PESCADO AL AJO;RECETON SGP;RECETON;1;PASTA DE AJO;KG;0.003000;;
RT0273;PES - PESCADO AL AJO;RECETON SGP;RECETON;1;PEREJIL LIZO REFRIGERADO;KG;0.002000;;
RT0273;PES - PESCADO AL AJO;RECETON SGP;RECETON;1;PEZ PERICO FILETE SIN PIEL CONGELADO;KG;0.190000;;
RT0273;PES - PESCADO AL AJO;RECETON SGP;RECETON;1;PIMIENTA NEGRA MOLIDA;KG;0.000060;;
RT0273;PES - PESCADO AL AJO;RECETON SGP;RECETON;1;SAL DE COCINA;KG;0.003000;;
RT0274;PES - PESCADO AL LIMON;RECETON SGP;RECETON;1;ACEITE VEGETAL;L;0.002000;;
RT0274;PES - PESCADO AL LIMON;RECETON SGP;RECETON;1;AGUA PARA RECETA;L;0.015000;;
RT0274;PES - PESCADO AL LIMON;RECETON SGP;RECETON;1;BONITO FILETE CON PIEL CONGELADO;KG;0.190000;;
RT0274;PES - PESCADO AL LIMON;RECETON SGP;RECETON;1;HARINA DE TRIGO ESPECIAL;KG;0.010000;;
RT0274;PES - PESCADO AL LIMON;RECETON SGP;RECETON;1;MAICENA;KG;0.001500;;
RT0274;PES - PESCADO AL LIMON;RECETON SGP;RECETON;1;MARGARINA CON SAL REFRIGERADO GRANEL KG;KG;0.005000;;
RT0274;PES - PESCADO AL LIMON;RECETON SGP;RECETON;1;OREGANO ENTERO;KG;0.000120;;
RT0274;PES - PESCADO AL LIMON;RECETON SGP;RECETON;1;PASTA DE AJO;KG;0.003000;;
RT0274;PES - PESCADO AL LIMON;RECETON SGP;RECETON;1;PEREJIL LIZO REFRIGERADO;KG;0.003000;;
RT0274;PES - PESCADO AL LIMON;RECETON SGP;RECETON;1;PIMIENTA NEGRA MOLIDA;KG;0.000120;;
RT0274;PES - PESCADO AL LIMON;RECETON SGP;RECETON;1;SAL DE COCINA;KG;0.003000;;
RT0274;PES - PESCADO AL LIMON;RECETON SGP;RECETON;1;SALSA SILLAO;L;0.002000;;
RT0274;PES - PESCADO AL LIMON;RECETON SGP;RECETON;1;TOMILLO;KG;0.000060;;
RT0274;PES - PESCADO AL LIMON;RECETON SGP;RECETON;1;ZUMO DE LIMON CONGELADO;KG;0.003300;;
RT0275;PES - PESCADO AL VAPOR;RECETON SGP;RECETON;1;AGUA PARA RECETA;L;0.020000;;
RT0275;PES - PESCADO AL VAPOR;RECETON SGP;RECETON;1;CEBOLLA CHINA REFRIGERADO;KG;0.002000;;
RT0275;PES - PESCADO AL VAPOR;RECETON SGP;RECETON;1;KION MOLIDO SECO;KG;0.000500;;
RT0275;PES - PESCADO AL VAPOR;RECETON SGP;RECETON;1;LAUREL;KG;0.000120;;
RT0275;PES - PESCADO AL VAPOR;RECETON SGP;RECETON;1;OREGANO ENTERO;KG;0.000120;;
RT0275;PES - PESCADO AL VAPOR;RECETON SGP;RECETON;1;PASTA DE AJO;KG;0.002000;;
RT0275;PES - PESCADO AL VAPOR;RECETON SGP;RECETON;1;PEZ PERICO FILETE SIN PIEL CONGELADO;KG;0.190000;;
RT0275;PES - PESCADO AL VAPOR;RECETON SGP;RECETON;1;PIMIENTA NEGRA MOLIDA;KG;0.000120;;
RT0275;PES - PESCADO AL VAPOR;RECETON SGP;RECETON;1;PIMIENTO ROJO REFRIGERADO;KG;0.005000;;
RT0275;PES - PESCADO AL VAPOR;RECETON SGP;RECETON;1;SAL DE COCINA;KG;0.003000;;
RT0275;PES - PESCADO AL VAPOR;RECETON SGP;RECETON;1;SALSA SILLAO;L;0.003000;;
RT0275;PES - PESCADO AL VAPOR;RECETON SGP;RECETON;1;TOMILLO;KG;0.000120;;
RT0276;PES - PESCADO APANADO;RECETON SGP;RECETON;1;ACEITE VEGETAL;L;0.002000;;
RT0276;PES - PESCADO APANADO;RECETON SGP;RECETON;1;HARINA DE TRIGO ESPECIAL;KG;0.004000;;
RT0276;PES - PESCADO APANADO;RECETON SGP;RECETON;1;HUEVO LIQUIDO CONGELADO;KG;0.015000;;
RT0276;PES - PESCADO APANADO;RECETON SGP;RECETON;1;MOSTAZA;KG;0.001000;;
RT0276;PES - PESCADO APANADO;RECETON SGP;RECETON;1;OREGANO ENTERO;KG;0.000060;;
RT0276;PES - PESCADO APANADO;RECETON SGP;RECETON;1;PAN MOLIDO KG.;KG;0.015000;;
RT0276;PES - PESCADO APANADO;RECETON SGP;RECETON;1;PASTA DE AJO;KG;0.002000;;
RT0276;PES - PESCADO APANADO;RECETON SGP;RECETON;1;PEZ PERICO FILETE SIN PIEL CONGELADO;KG;0.190000;;
RT0276;PES - PESCADO APANADO;RECETON SGP;RECETON;1;PIMIENTA NEGRA MOLIDA;KG;0.000120;;
RT0276;PES - PESCADO APANADO;RECETON SGP;RECETON;1;SAL DE COCINA;KG;0.003000;;
RT0277;PES - PESCADO EN PAPILOTE;RECETON SGP;RECETON;1;BONITO FILETE CON PIEL CONGELADO;KG;0.190000;;
RT0277;PES - PESCADO EN PAPILOTE;RECETON SGP;RECETON;1;CEBOLLA ROJA REFRIGERADO;KG;0.015000;;
RT0277;PES - PESCADO EN PAPILOTE;RECETON SGP;RECETON;1;MARGARINA CON SAL REFRIGERADO GRANEL KG;KG;0.003000;;
RT0277;PES - PESCADO EN PAPILOTE;RECETON SGP;RECETON;1;OREGANO ENTERO;KG;0.000120;;
RT0277;PES - PESCADO EN PAPILOTE;RECETON SGP;RECETON;1;PASTA DE AJO;KG;0.003000;;
RT0277;PES - PESCADO EN PAPILOTE;RECETON SGP;RECETON;1;PEREJIL LIZO REFRIGERADO;KG;0.003000;;
RT0277;PES - PESCADO EN PAPILOTE;RECETON SGP;RECETON;1;PIMIENTA NEGRA MOLIDA;KG;0.000120;;
RT0277;PES - PESCADO EN PAPILOTE;RECETON SGP;RECETON;1;SAL DE COCINA;KG;0.003000;;
RT0277;PES - PESCADO EN PAPILOTE;RECETON SGP;RECETON;1;TOMILLO;KG;0.000120;;
RT0277;PES - PESCADO EN PAPILOTE;RECETON SGP;RECETON;1;ZUMO DE LIMON CONGELADO;KG;0.001666;;
RT0278;PES - PESCADO ENCEBOLLADO;RECETON SGP;RECETON;1;ACEITE VEGETAL;L;0.002000;;
RT0278;PES - PESCADO ENCEBOLLADO;RECETON SGP;RECETON;1;AGUA PARA RECETA;L;0.015000;;
RT0278;PES - PESCADO ENCEBOLLADO;RECETON SGP;RECETON;1;AZUCAR RUBIA;KG;0.001000;;
RT0278;PES - PESCADO ENCEBOLLADO;RECETON SGP;RECETON;1;BASE CRIOLLA;KG;0.008000;;
RT0278;PES - PESCADO ENCEBOLLADO;RECETON SGP;RECETON;1;BONITO FILETE CON PIEL CONGELADO;KG;0.190000;;
RT0278;PES - PESCADO ENCEBOLLADO;RECETON SGP;RECETON;1;CEBOLLA ROJA REFRIGERADO;KG;0.060000;;
RT0278;PES - PESCADO ENCEBOLLADO;RECETON SGP;RECETON;1;CULANTRO REFRIGERADO;KG;0.003000;;
RT0278;PES - PESCADO ENCEBOLLADO;RECETON SGP;RECETON;1;HARINA DE TRIGO ESPECIAL;KG;0.010000;;
RT0278;PES - PESCADO ENCEBOLLADO;RECETON SGP;RECETON;1;MAICENA;KG;0.001500;;
RT0278;PES - PESCADO ENCEBOLLADO;RECETON SGP;RECETON;1;OREGANO ENTERO;KG;0.000060;;
RT0278;PES - PESCADO ENCEBOLLADO;RECETON SGP;RECETON;1;PASTA DE AJI AMARILLO;KG;0.001000;;
RT0278;PES - PESCADO ENCEBOLLADO;RECETON SGP;RECETON;1;PIMIENTA NEGRA MOLIDA;KG;0.000060;;
RT0278;PES - PESCADO ENCEBOLLADO;RECETON SGP;RECETON;1;SAL DE COCINA;KG;0.003000;;
RT0278;PES - PESCADO ENCEBOLLADO;RECETON SGP;RECETON;1;VINAGRE TINTO;L;0.003000;;
RT0279;PES - PESCADO FRITO I;RECETON SGP;RECETON;1;ACEITE VEGETAL;L;0.002000;;
RT0279;PES - PESCADO FRITO I;RECETON SGP;RECETON;1;BONITO FILETE CON PIEL CONGELADO;KG;0.100000;;
RT0279;PES - PESCADO FRITO I;RECETON SGP;RECETON;1;HARINA DE TRIGO ESPECIAL;KG;0.010000;;
RT0279;PES - PESCADO FRITO I;RECETON SGP;RECETON;1;KION MOLIDO SECO;KG;0.000500;;
RT0279;PES - PESCADO FRITO I;RECETON SGP;RECETON;1;OREGANO ENTERO;KG;0.000120;;
RT0279;PES - PESCADO FRITO I;RECETON SGP;RECETON;1;PASTA DE AJO;KG;0.002000;;
RT0279;PES - PESCADO FRITO I;RECETON SGP;RECETON;1;PIMIENTA NEGRA MOLIDA;KG;0.000120;;
RT0279;PES - PESCADO FRITO I;RECETON SGP;RECETON;1;SAL DE COCINA;KG;0.003000;;
RT0280;PES - SALTADO DE ATUN;RECETON SGP;RECETON;1;ACEITE VEGETAL;L;0.003000;;
RT0280;PES - SALTADO DE ATUN;RECETON SGP;RECETON;1;AGUA PARA RECETA;L;0.020000;;
RT0280;PES - SALTADO DE ATUN;RECETON SGP;RECETON;1;AJI AMARILLO REFRIGERADO;KG;0.005000;;
RT0280;PES - SALTADO DE ATUN;RECETON SGP;RECETON;1;ATUN EN ACEITE LATA;KG;0.080000;;
RT0280;PES - SALTADO DE ATUN;RECETON SGP;RECETON;1;CEBOLLA CHINA REFRIGERADO;KG;0.003000;;
RT0280;PES - SALTADO DE ATUN;RECETON SGP;RECETON;1;CEBOLLA ROJA REFRIGERADO;KG;0.040000;;
RT0280;PES - SALTADO DE ATUN;RECETON SGP;RECETON;1;COMINO MOLIDO;KG;0.000060;;
RT0280;PES - SALTADO DE ATUN;RECETON SGP;RECETON;1;CULANTRO REFRIGERADO;KG;0.002000;;
RT0280;PES - SALTADO DE ATUN;RECETON SGP;RECETON;1;PASTA DE AJO;KG;0.003000;;
RT0280;PES - SALTADO DE ATUN;RECETON SGP;RECETON;1;PIMIENTA NEGRA MOLIDA;KG;0.000120;;
RT0280;PES - SALTADO DE ATUN;RECETON SGP;RECETON;1;SAL DE COCINA;KG;0.003000;;
RT0280;PES - SALTADO DE ATUN;RECETON SGP;RECETON;1;SALSA SILLAO;L;0.003000;;
RT0280;PES - SALTADO DE ATUN;RECETON SGP;RECETON;1;TOMATE CRIOLLO REFRIGERADO;KG;0.040000;;
RT0280;PES - SALTADO DE ATUN;RECETON SGP;RECETON;1;VINAGRE TINTO;L;0.003000;;
RT0281;PES - SUDADO DE PESCADO DIETA;RECETON SGP;RECETON;1;AGUA PARA RECETA;L;0.015000;;
RT0281;PES - SUDADO DE PESCADO DIETA;RECETON SGP;RECETON;1;BASE DE TOMATE;KG;0.020000;;
RT0281;PES - SUDADO DE PESCADO DIETA;RECETON SGP;RECETON;1;BONITO FILETE CON PIEL CONGELADO;KG;0.190000;;
RT0281;PES - SUDADO DE PESCADO DIETA;RECETON SGP;RECETON;1;KION MOLIDO SECO;KG;0.000500;;
RT0281;PES - SUDADO DE PESCADO DIETA;RECETON SGP;RECETON;1;MAICENA;KG;0.001500;;
RT0281;PES - SUDADO DE PESCADO DIETA;RECETON SGP;RECETON;1;SAL DE COCINA;KG;0.002000;;
RT0281;PES - SUDADO DE PESCADO DIETA;RECETON SGP;RECETON;1;ZUMO DE LIMON CONGELADO;KG;0.001666;;
RT0282;PES - SUDADO DE PESCADO I;RECETON SGP;RECETON;1;ACEITE VEGETAL;L;0.001000;;
RT0282;PES - SUDADO DE PESCADO I;RECETON SGP;RECETON;1;AGUA PARA RECETA;L;0.020000;;
RT0282;PES - SUDADO DE PESCADO I;RECETON SGP;RECETON;1;AJI AMARILLO REFRIGERADO;KG;0.005000;;
RT0282;PES - SUDADO DE PESCADO I;RECETON SGP;RECETON;1;BASE DE TOMATE;KG;0.020000;;
RT0282;PES - SUDADO DE PESCADO I;RECETON SGP;RECETON;1;CEBOLLA ROJA REFRIGERADO;KG;0.020000;;
RT0282;PES - SUDADO DE PESCADO I;RECETON SGP;RECETON;1;COMINO MOLIDO;KG;0.000060;;
RT0282;PES - SUDADO DE PESCADO I;RECETON SGP;RECETON;1;CULANTRO REFRIGERADO;KG;0.002000;;
RT0282;PES - SUDADO DE PESCADO I;RECETON SGP;RECETON;1;KION MOLIDO SECO;KG;0.000500;;
RT0282;PES - SUDADO DE PESCADO I;RECETON SGP;RECETON;1;MAICENA;KG;0.003000;;
RT0282;PES - SUDADO DE PESCADO I;RECETON SGP;RECETON;1;PEZ PERICO FILETE SIN PIEL CONGELADO;KG;0.190000;;
RT0282;PES - SUDADO DE PESCADO I;RECETON SGP;RECETON;1;PIMIENTA NEGRA MOLIDA;KG;0.000120;;
RT0282;PES - SUDADO DE PESCADO I;RECETON SGP;RECETON;1;SAL DE COCINA;KG;0.002000;;
RT0282;PES - SUDADO DE PESCADO I;RECETON SGP;RECETON;1;TOMATE CRIOLLO REFRIGERADO;KG;0.020000;;
RT0282;PES - SUDADO DE PESCADO I;RECETON SGP;RECETON;1;ZUMO DE LIMON CONGELADO;KG;0.000333;;
RT0283;PES - SUDADO DE TRUCHA;RECETON SGP;RECETON;1;ACEITE VEGETAL;L;0.002000;;
RT0283;PES - SUDADO DE TRUCHA;RECETON SGP;RECETON;1;AGUA PARA RECETA;L;0.020000;;
RT0283;PES - SUDADO DE TRUCHA;RECETON SGP;RECETON;1;AJI AMARILLO REFRIGERADO;KG;0.005000;;
RT0283;PES - SUDADO DE TRUCHA;RECETON SGP;RECETON;1;BASE CRIOLLA;KG;0.015000;;
RT0283;PES - SUDADO DE TRUCHA;RECETON SGP;RECETON;1;CEBOLLA ROJA REFRIGERADO;KG;0.020000;;
RT0283;PES - SUDADO DE TRUCHA;RECETON SGP;RECETON;1;CULANTRO REFRIGERADO;KG;0.002000;;
RT0283;PES - SUDADO DE TRUCHA;RECETON SGP;RECETON;1;KION MOLIDO SECO;KG;0.000100;;
RT0283;PES - SUDADO DE TRUCHA;RECETON SGP;RECETON;1;MAICENA;KG;0.003000;;
RT0283;PES - SUDADO DE TRUCHA;RECETON SGP;RECETON;1;PASTA DE AJI PANCA;KG;0.001000;;
RT0283;PES - SUDADO DE TRUCHA;RECETON SGP;RECETON;1;PIMIENTA NEGRA MOLIDA;KG;0.000100;;
RT0283;PES - SUDADO DE TRUCHA;RECETON SGP;RECETON;1;SAL DE COCINA;KG;0.002000;;
RT0283;PES - SUDADO DE TRUCHA;RECETON SGP;RECETON;1;TOMATE CRIOLLO REFRIGERADO;KG;0.020000;;
RT0283;PES - SUDADO DE TRUCHA;RECETON SGP;RECETON;1;TRUCHA ENTERA EVISCERADA CONGELADA 100 - 400 GR;KG;0.225000;;
RT0283;PES - SUDADO DE TRUCHA;RECETON SGP;RECETON;1;VINAGRE BLANCO;L;0.005000;;
RT0283;PES - SUDADO DE TRUCHA;RECETON SGP;RECETON;1;ZUMO DE LIMON CONGELADO;KG;0.000300;;
RT0284;PES - TALLARINES ROJOS CON ATUN;RECETON SGP;RECETON;1;ACEITE VEGETAL;L;0.002000;;
RT0284;PES - TALLARINES ROJOS CON ATUN;RECETON SGP;RECETON;1;AGUA PARA RECETA;L;0.030000;;
RT0284;PES - TALLARINES ROJOS CON ATUN;RECETON SGP;RECETON;1;ALBAHACA REFRIGERADO;KG;0.005000;;
RT0284;PES - TALLARINES ROJOS CON ATUN;RECETON SGP;RECETON;1;ATUN EN ACEITE LATA;KG;0.080000;;
RT0284;PES - TALLARINES ROJOS CON ATUN;RECETON SGP;RECETON;1;AZUCAR RUBIA;KG;0.001000;;
RT0284;PES - TALLARINES ROJOS CON ATUN;RECETON SGP;RECETON;1;BASE DE TOMATE;KG;0.015000;;
RT0284;PES - TALLARINES ROJOS CON ATUN;RECETON SGP;RECETON;1;FIDEO SPAGUETTI;KG;0.090000;;
RT0284;PES - TALLARINES ROJOS CON ATUN;RECETON SGP;RECETON;1;HONGO SECO;KG;0.000120;;
RT0284;PES - TALLARINES ROJOS CON ATUN;RECETON SGP;RECETON;1;LAUREL;KG;0.000120;;
RT0284;PES - TALLARINES ROJOS CON ATUN;RECETON SGP;RECETON;1;OREGANO ENTERO;KG;0.000120;;
RT0284;PES - TALLARINES ROJOS CON ATUN;RECETON SGP;RECETON;1;PIMIENTA NEGRA MOLIDA;KG;0.000060;;
RT0284;PES - TALLARINES ROJOS CON ATUN;RECETON SGP;RECETON;1;SAL DE COCINA;KG;0.002000;;
RT0284;PES - TALLARINES ROJOS CON ATUN;RECETON SGP;RECETON;1;ZANAHORIA REFRIGERADO;KG;0.008000;;
RT0285;PES - TRUCHA A LA PARRILLA;RECETON SGP;RECETON;1;ACEITE VEGETAL;L;0.002000;;
RT0285;PES - TRUCHA A LA PARRILLA;RECETON SGP;RECETON;1;HARINA DE TRIGO ESPECIAL;KG;0.003000;;
RT0285;PES - TRUCHA A LA PARRILLA;RECETON SGP;RECETON;1;PASTA DE AJO;KG;0.002000;;
RT0285;PES - TRUCHA A LA PARRILLA;RECETON SGP;RECETON;1;PIMIENTA NEGRA MOLIDA;KG;0.000120;;
RT0285;PES - TRUCHA A LA PARRILLA;RECETON SGP;RECETON;1;SAL DE COCINA;KG;0.003000;;
RT0285;PES - TRUCHA A LA PARRILLA;RECETON SGP;RECETON;1;TOMILLO;KG;0.000120;;
RT0285;PES - TRUCHA A LA PARRILLA;RECETON SGP;RECETON;1;TRUCHA ENTERA EVISCERADA CONGELADA 100 - 400 GR;KG;0.225000;;
RT0286;PES - TRUCHA AL AJO;RECETON SGP;RECETON;1;ACEITE VEGETAL;L;0.002000;;
RT0286;PES - TRUCHA AL AJO;RECETON SGP;RECETON;1;AGUA PARA RECETA;L;0.010000;;
RT0286;PES - TRUCHA AL AJO;RECETON SGP;RECETON;1;HARINA DE TRIGO ESPECIAL;KG;0.020000;;
RT0286;PES - TRUCHA AL AJO;RECETON SGP;RECETON;1;LECHE EVAPORADA;L;0.015000;;
RT0286;PES - TRUCHA AL AJO;RECETON SGP;RECETON;1;MARGARINA CON SAL REFRIGERADO GRANEL KG;KG;0.005000;;
RT0286;PES - TRUCHA AL AJO;RECETON SGP;RECETON;1;OREGANO ENTERO;KG;0.000120;;
RT0286;PES - TRUCHA AL AJO;RECETON SGP;RECETON;1;PASTA DE AJO;KG;0.003000;;
RT0286;PES - TRUCHA AL AJO;RECETON SGP;RECETON;1;PEREJIL LIZO REFRIGERADO;KG;0.002000;;
RT0286;PES - TRUCHA AL AJO;RECETON SGP;RECETON;1;PIMIENTA NEGRA MOLIDA;KG;0.000120;;
RT0286;PES - TRUCHA AL AJO;RECETON SGP;RECETON;1;SAL DE COCINA;KG;0.003000;;
RT0286;PES - TRUCHA AL AJO;RECETON SGP;RECETON;1;TRUCHA ENTERA EVISCERADA CONGELADA 100 - 400 GR;KG;0.225000;;
RT0287;PES - TRUCHA AL HORNO;RECETON SGP;RECETON;1;ACEITE VEGETAL;L;0.002000;;
RT0287;PES - TRUCHA AL HORNO;RECETON SGP;RECETON;1;OREGANO ENTERO;KG;0.000120;;
RT0287;PES - TRUCHA AL HORNO;RECETON SGP;RECETON;1;PASTA DE AJO;KG;0.003000;;
RT0287;PES - TRUCHA AL HORNO;RECETON SGP;RECETON;1;PIMIENTA NEGRA MOLIDA;KG;0.000120;;
RT0287;PES - TRUCHA AL HORNO;RECETON SGP;RECETON;1;SAL DE COCINA;KG;0.003000;;
RT0287;PES - TRUCHA AL HORNO;RECETON SGP;RECETON;1;TRUCHA ENTERA EVISCERADA CONGELADA 100 - 400 GR;KG;0.225000;;
RT0287;PES - TRUCHA AL HORNO;RECETON SGP;RECETON;1;ZUMO DE LIMON CONGELADO;KG;0.001666;;
RT0288;PES - TRUCHA APANADA;RECETON SGP;RECETON;1;ACEITE VEGETAL;L;0.005000;;
RT0288;PES - TRUCHA APANADA;RECETON SGP;RECETON;1;HARINA DE TRIGO ESPECIAL;KG;0.004000;;
RT0288;PES - TRUCHA APANADA;RECETON SGP;RECETON;1;HUEVO LIQUIDO CONGELADO;KG;0.015000;;
RT0288;PES - TRUCHA APANADA;RECETON SGP;RECETON;1;MOSTAZA;KG;0.001000;;
RT0288;PES - TRUCHA APANADA;RECETON SGP;RECETON;1;OREGANO ENTERO;KG;0.000060;;
RT0288;PES - TRUCHA APANADA;RECETON SGP;RECETON;1;PAN MOLIDO KG.;KG;0.015000;;
RT0288;PES - TRUCHA APANADA;RECETON SGP;RECETON;1;PASTA DE AJO;KG;0.002000;;
RT0288;PES - TRUCHA APANADA;RECETON SGP;RECETON;1;PIMIENTA NEGRA MOLIDA;KG;0.000060;;
RT0288;PES - TRUCHA APANADA;RECETON SGP;RECETON;1;SAL DE COCINA;KG;0.003000;;
RT0288;PES - TRUCHA APANADA;RECETON SGP;RECETON;1;TRUCHA ENTERA EVISCERADA CONGELADA 100 - 400 GR;KG;0.225000;;
RT0289;PES - TRUCHA FRITA;RECETON SGP;RECETON;1;ACEITE VEGETAL;L;0.005000;;
RT0289;PES - TRUCHA FRITA;RECETON SGP;RECETON;1;COMINO MOLIDO;KG;0.000060;;
RT0289;PES - TRUCHA FRITA;RECETON SGP;RECETON;1;HARINA DE TRIGO ESPECIAL;KG;0.010000;;
RT0289;PES - TRUCHA FRITA;RECETON SGP;RECETON;1;OREGANO ENTERO;KG;0.000120;;
RT0289;PES - TRUCHA FRITA;RECETON SGP;RECETON;1;PASTA DE AJO;KG;0.002000;;
RT0289;PES - TRUCHA FRITA;RECETON SGP;RECETON;1;PIMIENTA NEGRA MOLIDA;KG;0.000120;;
RT0289;PES - TRUCHA FRITA;RECETON SGP;RECETON;1;SAL DE COCINA;KG;0.003000;;
RT0289;PES - TRUCHA FRITA;RECETON SGP;RECETON;1;TRUCHA ENTERA EVISCERADA CONGELADA 100 - 400 GR;KG;0.225000;;
RT0290;PICANTE DE OLLUCO;RECETON SGP;RECETON;1;ACEITE VEGETAL;L;0.003000;;
RT0290;PICANTE DE OLLUCO;RECETON SGP;RECETON;1;AGUA PARA RECETA;L;0.030000;;
RT0290;PICANTE DE OLLUCO;RECETON SGP;RECETON;1;ARVEJA PELADA CONGELADO;KG;0.010000;;
RT0290;PICANTE DE OLLUCO;RECETON SGP;RECETON;1;BASE CRIOLLA;KG;0.008000;;
RT0290;PICANTE DE OLLUCO;RECETON SGP;RECETON;1;CHOCLO AMARILLO DESGRANADO CONGELADO;KG;0.010000;;
RT0290;PICANTE DE OLLUCO;RECETON SGP;RECETON;1;COMINO MOLIDO;KG;0.000060;;
RT0290;PICANTE DE OLLUCO;RECETON SGP;RECETON;1;OLLUCO ENTERO REFRIGERADO;KG;0.060000;;
RT0290;PICANTE DE OLLUCO;RECETON SGP;RECETON;1;OREGANO ENTERO;KG;0.000120;;
RT0290;PICANTE DE OLLUCO;RECETON SGP;RECETON;1;PAPA BLANCA REFRIGERADO;KG;0.060000;;
RT0290;PICANTE DE OLLUCO;RECETON SGP;RECETON;1;PIMIENTA NEGRA MOLIDA;KG;0.000060;;
RT0290;PICANTE DE OLLUCO;RECETON SGP;RECETON;1;SAL DE COCINA;KG;0.001000;;
RT0290;PICANTE DE OLLUCO;RECETON SGP;RECETON;1;ZANAHORIA REFRIGERADO;KG;0.013000;;
RT0291;PICARONES;RECETON SGP;RECETON;1;AGUA PARA RECETA;L;0.045000;;
RT0291;PICARONES;RECETON SGP;RECETON;1;ANIS SECO;KG;0.001140;;
RT0291;PICARONES;RECETON SGP;RECETON;1;AZUCAR RUBIA;KG;0.012860;;
RT0291;PICARONES;RECETON SGP;RECETON;1;CAMOTE AMARILLO REFRIGERADO;KG;0.028570;;
RT0291;PICARONES;RECETON SGP;RECETON;1;CANELA ENTERA;KG;0.000240;;
RT0291;PICARONES;RECETON SGP;RECETON;1;CLAVO DE OLOR ENTERO;KG;0.000120;;
RT0291;PICARONES;RECETON SGP;RECETON;1;HARINA DE TRIGO ESPECIAL;KG;0.028570;;
RT0291;PICARONES;RECETON SGP;RECETON;1;HUEVO ROSADO REFRIGERADO CAJA;KG;0.003430;;
RT0291;PICARONES;RECETON SGP;RECETON;1;LEVADURA INSTANTANEA;KG;0.000570;;
RT0291;PICARONES;RECETON SGP;RECETON;1;PANELA GRANULADA;KG;0.020000;;
RT0291;PICARONES;RECETON SGP;RECETON;1;PIÑA SELVA REFRIGERADO;KG;0.001000;;
RT0291;PICARONES;RECETON SGP;RECETON;1;SAL DE COCINA;KG;0.000120;;
RT0291;PICARONES;RECETON SGP;RECETON;1;ZAPALLO MACRE REFRIGERADO;KG;0.028570;;
RT0291;PICARONES;RECETON SGP;RECETON;1;ZUMO DE LIMON CONGELADO;KG;0.001000;;
RT0292;PIE DE FRUTA;RECETON SGP;RECETON;1;AGUA PARA RECETA;L;0.005410;;
RT0292;PIE DE FRUTA;RECETON SGP;RECETON;1;AZUCAR RUBIA;KG;0.017570;;
RT0292;PIE DE FRUTA;RECETON SGP;RECETON;1;COCKTAIL DE FRUTA LATA;KG;0.024050;;
RT0292;PIE DE FRUTA;RECETON SGP;RECETON;1;ESCENCIA DE VAINILLA;L;0.000410;;
RT0292;PIE DE FRUTA;RECETON SGP;RECETON;1;HARINA DE TRIGO ESPECIAL;KG;0.027030;;
RT0292;PIE DE FRUTA;RECETON SGP;RECETON;1;HUEVO LIQUIDO CONGELADO;KG;0.006490;;
RT0292;PIE DE FRUTA;RECETON SGP;RECETON;1;MAICENA;KG;0.002700;;
RT0292;PIE DE FRUTA;RECETON SGP;RECETON;1;MARGARINA CON SAL REFRIGERADO GRANEL KG;KG;0.016220;;
RT0292;PIE DE FRUTA;RECETON SGP;RECETON;1;MEZCLA LACTEA;L;0.027030;;
RT0293;PIE DE LIMON I;RECETON SGP;RECETON;1;AGUA PARA RECETA;L;0.004170;;
RT0293;PIE DE LIMON I;RECETON SGP;RECETON;1;AZUCAR BLANCA GRANEL;KG;0.020830;;
RT0293;PIE DE LIMON I;RECETON SGP;RECETON;1;AZUCAR RUBIA;KG;0.008330;;
RT0293;PIE DE LIMON I;RECETON SGP;RECETON;1;ESCENCIA DE VAINILLA;L;0.000830;;
RT0293;PIE DE LIMON I;RECETON SGP;RECETON;1;HARINA DE TRIGO ESPECIAL;KG;0.020830;;
RT0293;PIE DE LIMON I;RECETON SGP;RECETON;1;HUEVO LIQUIDO CONGELADO;KG;0.030000;;
RT0293;PIE DE LIMON I;RECETON SGP;RECETON;1;LECHE CONDENSADA LATA;L;0.032920;;
RT0293;PIE DE LIMON I;RECETON SGP;RECETON;1;MARGARINA CON SAL REFRIGERADO GRANEL KG;KG;0.015000;;
RT0293;PIE DE LIMON I;RECETON SGP;RECETON;1;ZUMO DE LIMON CONGELADO;KG;0.002770;;
RT0294;PIE DE MANZANA I;RECETON SGP;RECETON;1;AGUA PARA RECETA;L;0.006670;;
RT0294;PIE DE MANZANA I;RECETON SGP;RECETON;1;AZUCAR RUBIA;KG;0.026670;;
RT0294;PIE DE MANZANA I;RECETON SGP;RECETON;1;CANELA ENTERA;KG;0.000120;;
RT0294;PIE DE MANZANA I;RECETON SGP;RECETON;1;CANELA MOLIDA;KG;0.000120;;
RT0294;PIE DE MANZANA I;RECETON SGP;RECETON;1;CLAVO DE OLOR ENTERO;KG;0.000060;;
RT0294;PIE DE MANZANA I;RECETON SGP;RECETON;1;ESCENCIA DE VAINILLA;L;0.000670;;
RT0294;PIE DE MANZANA I;RECETON SGP;RECETON;1;HARINA DE TRIGO ESPECIAL;KG;0.033333;;
RT0294;PIE DE MANZANA I;RECETON SGP;RECETON;1;HUEVO LIQUIDO CONGELADO;KG;0.000100;;
RT0294;PIE DE MANZANA I;RECETON SGP;RECETON;1;MANZANA DELICIA REFRIGERADO;KG;0.060000;;
RT0294;PIE DE MANZANA I;RECETON SGP;RECETON;1;MARGARINA CON SAL REFRIGERADO GRANEL KG;KG;0.020000;;
RT0295;PIONONO CON MANJARBLANCO;RECETON SGP;RECETON;1;ACEITE VEGETAL;L;0.002200;;
RT0295;PIONONO CON MANJARBLANCO;RECETON SGP;RECETON;1;AGUA PARA RECETA;L;0.002200;;
RT0295;PIONONO CON MANJARBLANCO;RECETON SGP;RECETON;1;CREMA CHANTILLY;L;0.013900;;
RT0295;PIONONO CON MANJARBLANCO;RECETON SGP;RECETON;1;HUEVO LIQUIDO CONGELADO;KG;0.012200;;
RT0295;PIONONO CON MANJARBLANCO;RECETON SGP;RECETON;1;MANJAR BLANCO KG;KG;0.011100;;
RT0295;PIONONO CON MANJARBLANCO;RECETON SGP;RECETON;1;PREMEZCLA INVENTIS CHIFFON;KG;0.013900;;
RT0296;PIONONO CON MERMELADA;RECETON SGP;RECETON;1;AZUCAR IMPALPABLE;KG;0.002000;;
RT0296;PIONONO CON MERMELADA;RECETON SGP;RECETON;1;AZUCAR RUBIA;KG;0.010000;;
RT0296;PIONONO CON MERMELADA;RECETON SGP;RECETON;1;ESCENCIA DE VAINILLA;L;0.000800;;
RT0296;PIONONO CON MERMELADA;RECETON SGP;RECETON;1;HARINA DE TRIGO ESPECIAL;KG;0.012000;;
RT0296;PIONONO CON MERMELADA;RECETON SGP;RECETON;1;HUEVO LIQUIDO CONGELADO;KG;0.036000;;
RT0296;PIONONO CON MERMELADA;RECETON SGP;RECETON;1;MERMELADA FRESA GRANEL;KG;0.010000;;
RT0296;PIONONO CON MERMELADA;RECETON SGP;RECETON;1;PAPEL MANTECA;UND;0.016000;;
RT0296;PIONONO CON MERMELADA;RECETON SGP;RECETON;1;POLVO DE HORNEAR;KG;0.000400;;
RT0297;PIONONO DE CHOCOLATE;RECETON SGP;RECETON;1;AZUCAR RUBIA;KG;0.015000;;
RT0297;PIONONO DE CHOCOLATE;RECETON SGP;RECETON;1;COCOA A GRANEL;KG;0.002500;;
RT0297;PIONONO DE CHOCOLATE;RECETON SGP;RECETON;1;CREMA CHANTILLY;L;0.017500;;
RT0297;PIONONO DE CHOCOLATE;RECETON SGP;RECETON;1;ESCENCIA DE VAINILLA;L;0.000500;;
RT0297;PIONONO DE CHOCOLATE;RECETON SGP;RECETON;1;HARINA DE TRIGO ESPECIAL;KG;0.012500;;
RT0297;PIONONO DE CHOCOLATE;RECETON SGP;RECETON;1;HUEVO LIQUIDO CONGELADO;KG;0.042000;;
RT0297;PIONONO DE CHOCOLATE;RECETON SGP;RECETON;1;PAPEL MANTECA;UND;0.016000;;
RT0297;PIONONO DE CHOCOLATE;RECETON SGP;RECETON;1;POLVO DE HORNEAR;KG;0.000750;;
RT0298;PIZZA A LA AMERICANA I;RECETON SGP;RECETON;1;ACEITE VEGETAL;L;0.002500;;
RT0298;PIZZA A LA AMERICANA I;RECETON SGP;RECETON;1;AGUA PARA RECETA;L;0.005000;;
RT0298;PIZZA A LA AMERICANA I;RECETON SGP;RECETON;1;AZUCAR RUBIA;KG;0.001250;;
RT0298;PIZZA A LA AMERICANA I;RECETON SGP;RECETON;1;HARINA DE TRIGO ESPECIAL;KG;0.063130;;
RT0298;PIZZA A LA AMERICANA I;RECETON SGP;RECETON;1;HUEVO LIQUIDO CONGELADO;KG;0.007500;;
RT0298;PIZZA A LA AMERICANA I;RECETON SGP;RECETON;1;JAMON PARA CAFETIN CONGELADO;KG;0.010000;;
RT0298;PIZZA A LA AMERICANA I;RECETON SGP;RECETON;1;LEVADURA INSTANTANEA;KG;0.003130;;
RT0298;PIZZA A LA AMERICANA I;RECETON SGP;RECETON;1;OREGANO ENTERO;KG;0.000120;;
RT0298;PIZZA A LA AMERICANA I;RECETON SGP;RECETON;1;QUESO MOZARELLA CONGELADO;KG;0.020000;;
RT0298;PIZZA A LA AMERICANA I;RECETON SGP;RECETON;1;SAL DE COCINA;KG;0.001250;;
RT0299;PIZZA HAWAIANA Y PAN AL AJO (ROMPE RUTINA);RECETON SGP;RECETON;1;ACEITE VEGETAL;L;0.002000;;
RT0299;PIZZA HAWAIANA Y PAN AL AJO (ROMPE RUTINA);RECETON SGP;RECETON;1;AGUA PARA RECETA;L;0.011000;;
RT0299;PIZZA HAWAIANA Y PAN AL AJO (ROMPE RUTINA);RECETON SGP;RECETON;1;AZUCAR RUBIA;KG;0.001000;;
RT0299;PIZZA HAWAIANA Y PAN AL AJO (ROMPE RUTINA);RECETON SGP;RECETON;1;BASE DE TOMATE;KG;0.010000;;
RT0299;PIZZA HAWAIANA Y PAN AL AJO (ROMPE RUTINA);RECETON SGP;RECETON;1;HARINA DE TRIGO ESPECIAL;KG;0.060000;;
RT0299;PIZZA HAWAIANA Y PAN AL AJO (ROMPE RUTINA);RECETON SGP;RECETON;1;HUEVO ROSADO REFRIGERADO CAJA;KG;0.010000;;
RT0299;PIZZA HAWAIANA Y PAN AL AJO (ROMPE RUTINA);RECETON SGP;RECETON;1;JAMON PARA CAFETIN CONGELADO;KG;0.020000;;
RT0299;PIZZA HAWAIANA Y PAN AL AJO (ROMPE RUTINA);RECETON SGP;RECETON;1;LEVADURA INSTANTANEA;KG;0.003200;;
RT0299;PIZZA HAWAIANA Y PAN AL AJO (ROMPE RUTINA);RECETON SGP;RECETON;1;MARGARINA CON SAL REFRIGERADO GRANEL KG;KG;0.002000;;
RT0299;PIZZA HAWAIANA Y PAN AL AJO (ROMPE RUTINA);RECETON SGP;RECETON;1;OREGANO ENTERO;KG;0.000120;;
RT0299;PIZZA HAWAIANA Y PAN AL AJO (ROMPE RUTINA);RECETON SGP;RECETON;1;PASTA DE AJO;KG;0.001000;;
RT0299;PIZZA HAWAIANA Y PAN AL AJO (ROMPE RUTINA);RECETON SGP;RECETON;1;PASTA DE TOMATE;KG;0.003000;;
RT0299;PIZZA HAWAIANA Y PAN AL AJO (ROMPE RUTINA);RECETON SGP;RECETON;1;PIMIENTA NEGRA MOLIDA;KG;0.000120;;
RT0299;PIZZA HAWAIANA Y PAN AL AJO (ROMPE RUTINA);RECETON SGP;RECETON;1;PIÑA EN RODAJAS LATA;KG;0.040000;;
RT0299;PIZZA HAWAIANA Y PAN AL AJO (ROMPE RUTINA);RECETON SGP;RECETON;1;PREMEZCLA INVENTIS PAN CIABATTA;KG;0.003000;;
RT0299;PIZZA HAWAIANA Y PAN AL AJO (ROMPE RUTINA);RECETON SGP;RECETON;1;QUESO MOZARELLA CONGELADO;KG;0.025000;;
RT0299;PIZZA HAWAIANA Y PAN AL AJO (ROMPE RUTINA);RECETON SGP;RECETON;1;QUESO PARMESANO REFRIGERADO;KG;0.005000;;
RT0299;PIZZA HAWAIANA Y PAN AL AJO (ROMPE RUTINA);RECETON SGP;RECETON;1;SAL DE COCINA;KG;0.003000;;
RT0300;PIÑA EN ALMIBAR;RECETON SGP;RECETON;1;AGUA PARA RECETA;L;0.060000;;
RT0300;PIÑA EN ALMIBAR;RECETON SGP;RECETON;1;AZUCAR RUBIA;KG;0.020000;;
RT0300;PIÑA EN ALMIBAR;RECETON SGP;RECETON;1;CANELA ENTERA;KG;0.000120;;
RT0300;PIÑA EN ALMIBAR;RECETON SGP;RECETON;1;CLAVO DE OLOR ENTERO;KG;0.000120;;
RT0300;PIÑA EN ALMIBAR;RECETON SGP;RECETON;1;PIÑA SELVA REFRIGERADO;KG;0.150000;;
RT0301;PLATANO DE SEDA;RECETON SGP;RECETON;1;PLATANO SEDA REFRIGERADO;KG;0.135000;;
RT0302;POLL - AEROPUERTO ECO;RECETON SGP;RECETON;1;ACEITE VEGETAL;L;0.015000;;
RT0302;POLL - AEROPUERTO ECO;RECETON SGP;RECETON;1;AGUA PARA RECETA;L;0.350000;;
RT0302;POLL - AEROPUERTO ECO;RECETON SGP;RECETON;1;ARROZ EXTRA NIR;KG;0.090000;;
RT0302;POLL - AEROPUERTO ECO;RECETON SGP;RECETON;1;AZUCAR RUBIA;KG;0.001000;;
RT0302;POLL - AEROPUERTO ECO;RECETON SGP;RECETON;1;BASE ORIENTAL;KG;0.010000;;
RT0302;POLL - AEROPUERTO ECO;RECETON SGP;RECETON;1;CEBOLLA CHINA REFRIGERADO;KG;0.020000;;
RT0302;POLL - AEROPUERTO ECO;RECETON SGP;RECETON;1;FIDEO CHINO;KG;0.040000;;
RT0302;POLL - AEROPUERTO ECO;RECETON SGP;RECETON;1;FRIJOL CHINO REFRIGERADO;KG;0.010000;;
RT0302;POLL - AEROPUERTO ECO;RECETON SGP;RECETON;1;HUEVO LIQUIDO CONGELADO;KG;0.030000;;
RT0302;POLL - AEROPUERTO ECO;RECETON SGP;RECETON;1;KION MOLIDO SECO;KG;0.001000;;
RT0302;POLL - AEROPUERTO ECO;RECETON SGP;RECETON;1;PASTA DE AJO;KG;0.003000;;
RT0302;POLL - AEROPUERTO ECO;RECETON SGP;RECETON;1;PECHUGA DE POLLO S/HUESO S/PIEL CONGELADO;KG;0.090000;;
RT0302;POLL - AEROPUERTO ECO;RECETON SGP;RECETON;1;PIMIENTO ROJO REFRIGERADO;KG;0.015000;;
RT0302;POLL - AEROPUERTO ECO;RECETON SGP;RECETON;1;SAL DE COCINA;KG;0.002000;;
RT0302;POLL - AEROPUERTO ECO;RECETON SGP;RECETON;1;SALCHICHA HOT DOG CONGELADO;KG;0.070000;;
RT0303;POLL - ALITAS BROASTER CON PAPAS FRITAS (ROMPE RUTINA);RECETON SGP;RECETON;1;ACEITE VEGETAL;L;0.005000;;
RT0303;POLL - ALITAS BROASTER CON PAPAS FRITAS (ROMPE RUTINA);RECETON SGP;RECETON;1;AJINOMOTO;KG;0.000300;;
RT0303;POLL - ALITAS BROASTER CON PAPAS FRITAS (ROMPE RUTINA);RECETON SGP;RECETON;1;CALDO DE GALLINA;KG;0.000300;;
RT0303;POLL - ALITAS BROASTER CON PAPAS FRITAS (ROMPE RUTINA);RECETON SGP;RECETON;1;CHUÑO;KG;0.005000;;
RT0303;POLL - ALITAS BROASTER CON PAPAS FRITAS (ROMPE RUTINA);RECETON SGP;RECETON;1;COMINO MOLIDO;KG;0.000600;;
RT0303;POLL - ALITAS BROASTER CON PAPAS FRITAS (ROMPE RUTINA);RECETON SGP;RECETON;1;HARINA DE TRIGO ESPECIAL;KG;0.008000;;
RT0303;POLL - ALITAS BROASTER CON PAPAS FRITAS (ROMPE RUTINA);RECETON SGP;RECETON;1;HUEVO ROSADO REFRIGERADO CAJA;KG;0.015000;;
RT0303;POLL - ALITAS BROASTER CON PAPAS FRITAS (ROMPE RUTINA);RECETON SGP;RECETON;1;MOSTAZA;KG;0.001000;;
RT0303;POLL - ALITAS BROASTER CON PAPAS FRITAS (ROMPE RUTINA);RECETON SGP;RECETON;1;PAPA PRE FRITA CONGELADA;KG;0.120000;;
RT0303;POLL - ALITAS BROASTER CON PAPAS FRITAS (ROMPE RUTINA);RECETON SGP;RECETON;1;PEREJIL LIZO REFRIGERADO;KG;0.002000;;
RT0303;POLL - ALITAS BROASTER CON PAPAS FRITAS (ROMPE RUTINA);RECETON SGP;RECETON;1;PIMIENTA NEGRA MOLIDA;KG;0.000120;;
RT0303;POLL - ALITAS BROASTER CON PAPAS FRITAS (ROMPE RUTINA);RECETON SGP;RECETON;1;POLLO ALAS CONGELADO;KG;0.200000;;
RT0303;POLL - ALITAS BROASTER CON PAPAS FRITAS (ROMPE RUTINA);RECETON SGP;RECETON;1;SAL DE COCINA;KG;0.004000;;
RT0304;POLL - ARROZ A LA JARDINERA CON POLLO;RECETON SGP;RECETON;1;ACEITE VEGETAL;L;0.005000;;
RT0304;POLL - ARROZ A LA JARDINERA CON POLLO;RECETON SGP;RECETON;1;AGUA PARA RECETA;L;0.210000;;
RT0304;POLL - ARROZ A LA JARDINERA CON POLLO;RECETON SGP;RECETON;1;ARROZ EXTRA NIR;KG;0.120000;;
RT0304;POLL - ARROZ A LA JARDINERA CON POLLO;RECETON SGP;RECETON;1;ARVEJA PELADA CONGELADO;KG;0.010000;;
RT0304;POLL - ARROZ A LA JARDINERA CON POLLO;RECETON SGP;RECETON;1;BASE AMARILLA;KG;0.030000;;
RT0304;POLL - ARROZ A LA JARDINERA CON POLLO;RECETON SGP;RECETON;1;CALDO DE GALLINA;KG;0.000060;;
RT0304;POLL - ARROZ A LA JARDINERA CON POLLO;RECETON SGP;RECETON;1;CHOCLO AMARILLO DESGRANADO CONGELADO;KG;0.005000;;
RT0304;POLL - ARROZ A LA JARDINERA CON POLLO;RECETON SGP;RECETON;1;COMINO MOLIDO;KG;0.000020;;
RT0304;POLL - ARROZ A LA JARDINERA CON POLLO;RECETON SGP;RECETON;1;PALILLO MOLIDO;KG;0.000120;;
RT0304;POLL - ARROZ A LA JARDINERA CON POLLO;RECETON SGP;RECETON;1;PEREJIL LIZO REFRIGERADO;KG;0.002000;;
RT0304;POLL - ARROZ A LA JARDINERA CON POLLO;RECETON SGP;RECETON;1;PIMIENTA NEGRA MOLIDA;KG;0.000060;;
RT0304;POLL - ARROZ A LA JARDINERA CON POLLO;RECETON SGP;RECETON;1;PIMIENTO ROJO REFRIGERADO;KG;0.010000;;
RT0304;POLL - ARROZ A LA JARDINERA CON POLLO;RECETON SGP;RECETON;1;POLLO PIERNA CON ENCUENTRO CONGELADO;KG;0.217000;;
RT0304;POLL - ARROZ A LA JARDINERA CON POLLO;RECETON SGP;RECETON;1;POLLO SIN MENUDENCIA CONGELADO 1.68 KG;KG;0.066000;;
RT0304;POLL - ARROZ A LA JARDINERA CON POLLO;RECETON SGP;RECETON;1;SAL DE COCINA;KG;0.002000;;
RT0304;POLL - ARROZ A LA JARDINERA CON POLLO;RECETON SGP;RECETON;1;VAINITA ENTERO REFRIGERADO;KG;0.015000;;
RT0304;POLL - ARROZ A LA JARDINERA CON POLLO;RECETON SGP;RECETON;1;ZANAHORIA REFRIGERADO;KG;0.010000;;
RT0305;POLL - ARROZ CHAUFA CON POLLO;RECETON SGP;RECETON;1;ACEITE VEGETAL;L;0.005000;;
RT0305;POLL - ARROZ CHAUFA CON POLLO;RECETON SGP;RECETON;1;AGUA PARA RECETA;L;0.350000;;
RT0305;POLL - ARROZ CHAUFA CON POLLO;RECETON SGP;RECETON;1;ARROZ EXTRA NIR;KG;0.120000;;
RT0305;POLL - ARROZ CHAUFA CON POLLO;RECETON SGP;RECETON;1;AZUCAR RUBIA;KG;0.001000;;
RT0305;POLL - ARROZ CHAUFA CON POLLO;RECETON SGP;RECETON;1;CEBOLLA CHINA REFRIGERADO;KG;0.020000;;
RT0305;POLL - ARROZ CHAUFA CON POLLO;RECETON SGP;RECETON;1;HUEVO LIQUIDO CONGELADO;KG;0.030000;;
RT0305;POLL - ARROZ CHAUFA CON POLLO;RECETON SGP;RECETON;1;KION MOLIDO SECO;KG;0.001000;;
RT0305;POLL - ARROZ CHAUFA CON POLLO;RECETON SGP;RECETON;1;PASTA DE AJO;KG;0.003000;;
RT0305;POLL - ARROZ CHAUFA CON POLLO;RECETON SGP;RECETON;1;PECHUGA DE POLLO S/HUESO S/PIEL CONGELADO;KG;0.160000;;
RT0305;POLL - ARROZ CHAUFA CON POLLO;RECETON SGP;RECETON;1;PIMIENTO ROJO REFRIGERADO;KG;0.015000;;
RT0305;POLL - ARROZ CHAUFA CON POLLO;RECETON SGP;RECETON;1;SAL DE COCINA;KG;0.002000;;
RT0305;POLL - ARROZ CHAUFA CON POLLO;RECETON SGP;RECETON;1;SALSA SILLAO;L;0.010000;;
RT0306;POLL - ARROZ CON POLLO;RECETON SGP;RECETON;1;ACEITE VEGETAL;L;0.005000;;
RT0306;POLL - ARROZ CON POLLO;RECETON SGP;RECETON;1;AGUA PARA RECETA;L;0.210000;;
RT0306;POLL - ARROZ CON POLLO;RECETON SGP;RECETON;1;ARROZ EXTRA NIR;KG;0.120000;;
RT0306;POLL - ARROZ CON POLLO;RECETON SGP;RECETON;1;ARVEJA PELADA CONGELADO;KG;0.010000;;
RT0306;POLL - ARROZ CON POLLO;RECETON SGP;RECETON;1;BASE VERDE;KG;0.030000;;
RT0306;POLL - ARROZ CON POLLO;RECETON SGP;RECETON;1;CALDO DE GALLINA;KG;0.000060;;
RT0306;POLL - ARROZ CON POLLO;RECETON SGP;RECETON;1;CHOCLO AMARILLO DESGRANADO CONGELADO;KG;0.005000;;
RT0306;POLL - ARROZ CON POLLO;RECETON SGP;RECETON;1;COMINO MOLIDO;KG;0.000020;;
RT0306;POLL - ARROZ CON POLLO;RECETON SGP;RECETON;1;PIMIENTA NEGRA MOLIDA;KG;0.000060;;
RT0306;POLL - ARROZ CON POLLO;RECETON SGP;RECETON;1;PIMIENTO ROJO REFRIGERADO;KG;0.010000;;
RT0306;POLL - ARROZ CON POLLO;RECETON SGP;RECETON;1;POLLO PIERNA CON ENCUENTRO CONGELADO;KG;0.217000;;
RT0306;POLL - ARROZ CON POLLO;RECETON SGP;RECETON;1;POLLO SIN MENUDENCIA CONGELADO 1.68 KG;KG;0.066000;;
RT0306;POLL - ARROZ CON POLLO;RECETON SGP;RECETON;1;SAL DE COCINA;KG;0.002000;;
RT0306;POLL - ARROZ CON POLLO;RECETON SGP;RECETON;1;ZANAHORIA REFRIGERADO;KG;0.010000;;
RT0307;POLL - CAIGUA RELLENA CON POLLO;RECETON SGP;RECETON;1;ACEITE VEGETAL;L;0.002000;;
RT0307;POLL - CAIGUA RELLENA CON POLLO;RECETON SGP;RECETON;1;ACEITUNA NEGRA EN RODAJA;KG;0.007000;;
RT0307;POLL - CAIGUA RELLENA CON POLLO;RECETON SGP;RECETON;1;BASE CRIOLLA;KG;0.008000;;
RT0307;POLL - CAIGUA RELLENA CON POLLO;RECETON SGP;RECETON;1;CAIGUA REFRIGERADO;KG;0.100000;;
RT0307;POLL - CAIGUA RELLENA CON POLLO;RECETON SGP;RECETON;1;CALDO DE GALLINA;KG;0.000060;;
RT0307;POLL - CAIGUA RELLENA CON POLLO;RECETON SGP;RECETON;1;HUEVO ROSADO REFRIGERADO CAJA;KG;0.020000;;
RT0307;POLL - CAIGUA RELLENA CON POLLO;RECETON SGP;RECETON;1;LECHE EVAPORADA;L;0.010000;;
RT0307;POLL - CAIGUA RELLENA CON POLLO;RECETON SGP;RECETON;1;PASAS NEGRAS SECAS;KG;0.005000;;
RT0307;POLL - CAIGUA RELLENA CON POLLO;RECETON SGP;RECETON;1;PASTA DE TOMATE;KG;0.003000;;
RT0307;POLL - CAIGUA RELLENA CON POLLO;RECETON SGP;RECETON;1;PECHUGA DE POLLO S/HUESO S/PIEL CONGELADO;KG;0.160000;;
RT0307;POLL - CAIGUA RELLENA CON POLLO;RECETON SGP;RECETON;1;PIMIENTA NEGRA MOLIDA;KG;0.000060;;
RT0307;POLL - CAIGUA RELLENA CON POLLO;RECETON SGP;RECETON;1;QUESO FRESCO REFRIGERADO;KG;0.005000;;
RT0307;POLL - CAIGUA RELLENA CON POLLO;RECETON SGP;RECETON;1;SAL DE COCINA;KG;0.002000;;
RT0307;POLL - CAIGUA RELLENA CON POLLO;RECETON SGP;RECETON;1;ZANAHORIA REFRIGERADO;KG;0.015000;;
RT0308;POLL - CAU CAU DE POLLO;RECETON SGP;RECETON;1;ACEITE VEGETAL;L;0.002000;;
RT0308;POLL - CAU CAU DE POLLO;RECETON SGP;RECETON;1;AGUA PARA RECETA;L;0.020000;;
RT0308;POLL - CAU CAU DE POLLO;RECETON SGP;RECETON;1;ARVEJA PELADA CONGELADO;KG;0.010000;;
RT0308;POLL - CAU CAU DE POLLO;RECETON SGP;RECETON;1;BASE AMARILLA;KG;0.020000;;
RT0308;POLL - CAU CAU DE POLLO;RECETON SGP;RECETON;1;CALDO DE GALLINA;KG;0.000060;;
RT0308;POLL - CAU CAU DE POLLO;RECETON SGP;RECETON;1;HIERBA BUENA REFRIGERADO;KG;0.003000;;
RT0308;POLL - CAU CAU DE POLLO;RECETON SGP;RECETON;1;PALILLO MOLIDO;KG;0.000120;;
RT0308;POLL - CAU CAU DE POLLO;RECETON SGP;RECETON;1;PAPA BLANCA REFRIGERADO;KG;0.120000;;
RT0308;POLL - CAU CAU DE POLLO;RECETON SGP;RECETON;1;PECHUGA DE POLLO S/HUESO S/PIEL CONGELADO;KG;0.160000;;
RT0308;POLL - CAU CAU DE POLLO;RECETON SGP;RECETON;1;PEREJIL LIZO REFRIGERADO;KG;0.003000;;
RT0308;POLL - CAU CAU DE POLLO;RECETON SGP;RECETON;1;PIMIENTA NEGRA MOLIDA;KG;0.000060;;
RT0308;POLL - CAU CAU DE POLLO;RECETON SGP;RECETON;1;SAL DE COCINA;KG;0.002000;;
RT0308;POLL - CAU CAU DE POLLO;RECETON SGP;RECETON;1;ZANAHORIA REFRIGERADO;KG;0.020000;;
RT0309;POLL - CEVICHE DE POLLO;RECETON SGP;RECETON;1;ACEITE VEGETAL;L;0.002000;;
RT0309;POLL - CEVICHE DE POLLO;RECETON SGP;RECETON;1;AGUA PARA RECETA;L;0.020000;;
RT0309;POLL - CEVICHE DE POLLO;RECETON SGP;RECETON;1;AJI AMARILLO REFRIGERADO;KG;0.005000;;
RT0309;POLL - CEVICHE DE POLLO;RECETON SGP;RECETON;1;BASE AMARILLA;KG;0.020000;;
RT0309;POLL - CEVICHE DE POLLO;RECETON SGP;RECETON;1;CALDO DE GALLINA;KG;0.000060;;
RT0309;POLL - CEVICHE DE POLLO;RECETON SGP;RECETON;1;MAICENA;KG;0.003000;;
RT0309;POLL - CEVICHE DE POLLO;RECETON SGP;RECETON;1;PALILLO MOLIDO;KG;0.000120;;
RT0309;POLL - CEVICHE DE POLLO;RECETON SGP;RECETON;1;PIMIENTA NEGRA MOLIDA;KG;0.000060;;
RT0309;POLL - CEVICHE DE POLLO;RECETON SGP;RECETON;1;POLLO PIERNA CON ENCUENTRO CONGELADO;KG;0.217000;;
RT0309;POLL - CEVICHE DE POLLO;RECETON SGP;RECETON;1;POLLO SIN MENUDENCIA CONGELADO 1.68 KG;KG;0.066000;;
RT0309;POLL - CEVICHE DE POLLO;RECETON SGP;RECETON;1;SAL DE COCINA;KG;0.002000;;
RT0309;POLL - CEVICHE DE POLLO;RECETON SGP;RECETON;1;ZUMO DE LIMON CONGELADO;KG;0.015000;;
RT0310;POLL - CHIFA COMBINADO (ARROZ CHAUFA CON TALLARIN SALTADO CHINO (ROMPE RUTINA);RECETON SGP;RECETON;1;ACEITE DE AJONJOLI;L;0.000200;;
RT0310;POLL - CHIFA COMBINADO (ARROZ CHAUFA CON TALLARIN SALTADO CHINO (ROMPE RUTINA);RECETON SGP;RECETON;1;ACEITE VEGETAL;L;0.003000;;
RT0310;POLL - CHIFA COMBINADO (ARROZ CHAUFA CON TALLARIN SALTADO CHINO (ROMPE RUTINA);RECETON SGP;RECETON;1;AGUA PARA RECETA;L;0.065000;;
RT0310;POLL - CHIFA COMBINADO (ARROZ CHAUFA CON TALLARIN SALTADO CHINO (ROMPE RUTINA);RECETON SGP;RECETON;1;AJI AMARILLO REFRIGERADO;KG;0.005000;;
RT0310;POLL - CHIFA COMBINADO (ARROZ CHAUFA CON TALLARIN SALTADO CHINO (ROMPE RUTINA);RECETON SGP;RECETON;1;AJINOMOTO;KG;0.001000;;
RT0310;POLL - CHIFA COMBINADO (ARROZ CHAUFA CON TALLARIN SALTADO CHINO (ROMPE RUTINA);RECETON SGP;RECETON;1;ARROZ EXTRA NIR;KG;0.060000;;
RT0310;POLL - CHIFA COMBINADO (ARROZ CHAUFA CON TALLARIN SALTADO CHINO (ROMPE RUTINA);RECETON SGP;RECETON;1;AZUCAR RUBIA;KG;0.001000;;
RT0310;POLL - CHIFA COMBINADO (ARROZ CHAUFA CON TALLARIN SALTADO CHINO (ROMPE RUTINA);RECETON SGP;RECETON;1;CALDO DE GALLINA;KG;0.001000;;
RT0310;POLL - CHIFA COMBINADO (ARROZ CHAUFA CON TALLARIN SALTADO CHINO (ROMPE RUTINA);RECETON SGP;RECETON;1;CEBOLLA CHINA REFRIGERADO;KG;0.040000;;
RT0310;POLL - CHIFA COMBINADO (ARROZ CHAUFA CON TALLARIN SALTADO CHINO (ROMPE RUTINA);RECETON SGP;RECETON;1;CEBOLLA ROJA REFRIGERADO;KG;0.035000;;
RT0310;POLL - CHIFA COMBINADO (ARROZ CHAUFA CON TALLARIN SALTADO CHINO (ROMPE RUTINA);RECETON SGP;RECETON;1;COL CHINA REFRIGERADO;KG;0.025000;;
RT0310;POLL - CHIFA COMBINADO (ARROZ CHAUFA CON TALLARIN SALTADO CHINO (ROMPE RUTINA);RECETON SGP;RECETON;1;COLANTAO REFRIGERADO;KG;0.010000;;
RT0310;POLL - CHIFA COMBINADO (ARROZ CHAUFA CON TALLARIN SALTADO CHINO (ROMPE RUTINA);RECETON SGP;RECETON;1;FIDEO CHINO;KG;0.060000;;
RT0310;POLL - CHIFA COMBINADO (ARROZ CHAUFA CON TALLARIN SALTADO CHINO (ROMPE RUTINA);RECETON SGP;RECETON;1;HUEVO LIQUIDO CONGELADO;KG;0.029000;;
RT0310;POLL - CHIFA COMBINADO (ARROZ CHAUFA CON TALLARIN SALTADO CHINO (ROMPE RUTINA);RECETON SGP;RECETON;1;KION MOLIDO ENVASADO;KG;0.002000;;
RT0310;POLL - CHIFA COMBINADO (ARROZ CHAUFA CON TALLARIN SALTADO CHINO (ROMPE RUTINA);RECETON SGP;RECETON;1;MAICENA;KG;0.010000;;
RT0310;POLL - CHIFA COMBINADO (ARROZ CHAUFA CON TALLARIN SALTADO CHINO (ROMPE RUTINA);RECETON SGP;RECETON;1;PASTA DE AJO;KG;0.003000;;
RT0310;POLL - CHIFA COMBINADO (ARROZ CHAUFA CON TALLARIN SALTADO CHINO (ROMPE RUTINA);RECETON SGP;RECETON;1;PECHUGA DE POLLO S/HUESO S/PIEL CONGELADO;KG;0.160000;;
RT0310;POLL - CHIFA COMBINADO (ARROZ CHAUFA CON TALLARIN SALTADO CHINO (ROMPE RUTINA);RECETON SGP;RECETON;1;PIMIENTA NEGRA MOLIDA;KG;0.000200;;
RT0310;POLL - CHIFA COMBINADO (ARROZ CHAUFA CON TALLARIN SALTADO CHINO (ROMPE RUTINA);RECETON SGP;RECETON;1;PIMIENTO ROJO REFRIGERADO;KG;0.020000;;
RT0310;POLL - CHIFA COMBINADO (ARROZ CHAUFA CON TALLARIN SALTADO CHINO (ROMPE RUTINA);RECETON SGP;RECETON;1;SAL DE COCINA;KG;0.005000;;
RT0310;POLL - CHIFA COMBINADO (ARROZ CHAUFA CON TALLARIN SALTADO CHINO (ROMPE RUTINA);RECETON SGP;RECETON;1;SALSA SILLAO;L;0.012000;;
RT0311;POLL - CORDON BLEU DE POLLO;RECETON SGP;RECETON;1;ACEITE VEGETAL;L;0.020000;;
RT0311;POLL - CORDON BLEU DE POLLO;RECETON SGP;RECETON;1;HARINA DE TRIGO ESPECIAL;KG;0.010000;;
RT0311;POLL - CORDON BLEU DE POLLO;RECETON SGP;RECETON;1;HUEVO LIQUIDO CONGELADO;KG;0.020000;;
RT0311;POLL - CORDON BLEU DE POLLO;RECETON SGP;RECETON;1;JAMON PARA CAFETIN CONGELADO;KG;0.015000;;
RT0311;POLL - CORDON BLEU DE POLLO;RECETON SGP;RECETON;1;PAN MOLIDO KG.;KG;0.015000;;
RT0311;POLL - CORDON BLEU DE POLLO;RECETON SGP;RECETON;1;PECHUGA DE POLLO S/HUESO S/PIEL CONGELADO;KG;0.160000;;
RT0311;POLL - CORDON BLEU DE POLLO;RECETON SGP;RECETON;1;PIMIENTA NEGRA MOLIDA;KG;0.000120;;
RT0311;POLL - CORDON BLEU DE POLLO;RECETON SGP;RECETON;1;QUESO EDAM CONGELADO;KG;0.015000;;
RT0311;POLL - CORDON BLEU DE POLLO;RECETON SGP;RECETON;1;SAL DE COCINA;KG;0.003000;;
RT0312;POLL - ENROLLADO DE POLLO;RECETON SGP;RECETON;1;ACEITE VEGETAL;L;0.002000;;
RT0312;POLL - ENROLLADO DE POLLO;RECETON SGP;RECETON;1;AGUA PARA RECETA;L;0.020000;;
RT0312;POLL - ENROLLADO DE POLLO;RECETON SGP;RECETON;1;APIO REFRIGERADO;KG;0.005000;;
RT0312;POLL - ENROLLADO DE POLLO;RECETON SGP;RECETON;1;CEBOLLA ROJA REFRIGERADO;KG;0.005000;;
RT0312;POLL - ENROLLADO DE POLLO;RECETON SGP;RECETON;1;MAICENA;KG;0.003000;;
RT0312;POLL - ENROLLADO DE POLLO;RECETON SGP;RECETON;1;MOSTAZA;KG;0.003000;;
RT0312;POLL - ENROLLADO DE POLLO;RECETON SGP;RECETON;1;PECHUGA DE POLLO S/HUESO S/PIEL CONGELADO;KG;0.160000;;
RT0312;POLL - ENROLLADO DE POLLO;RECETON SGP;RECETON;1;PIMIENTA NEGRA MOLIDA;KG;0.000120;;
RT0312;POLL - ENROLLADO DE POLLO;RECETON SGP;RECETON;1;PIMIENTO ROJO REFRIGERADO;KG;0.015000;;
RT0312;POLL - ENROLLADO DE POLLO;RECETON SGP;RECETON;1;PORO REFRIGERADO;KG;0.005000;;
RT0312;POLL - ENROLLADO DE POLLO;RECETON SGP;RECETON;1;SAL DE COCINA;KG;0.002000;;
RT0312;POLL - ENROLLADO DE POLLO;RECETON SGP;RECETON;1;SALSA OSTION;L;0.001000;;
RT0312;POLL - ENROLLADO DE POLLO;RECETON SGP;RECETON;1;VAINITA ENTERO REFRIGERADO;KG;0.015000;;
RT0312;POLL - ENROLLADO DE POLLO;RECETON SGP;RECETON;1;ZANAHORIA REFRIGERADO;KG;0.010000;;
RT0313;POLL - ENROLLADO DE POLLO DIETA;RECETON SGP;RECETON;1;ACEITE VEGETAL;L;0.005000;;
RT0313;POLL - ENROLLADO DE POLLO DIETA;RECETON SGP;RECETON;1;AGUA PARA RECETA;L;0.100000;;
RT0313;POLL - ENROLLADO DE POLLO DIETA;RECETON SGP;RECETON;1;APIO REFRIGERADO;KG;0.006000;;
RT0313;POLL - ENROLLADO DE POLLO DIETA;RECETON SGP;RECETON;1;CEBOLLA ROJA REFRIGERADO;KG;0.005000;;
RT0313;POLL - ENROLLADO DE POLLO DIETA;RECETON SGP;RECETON;1;CHUÑO;KG;0.003000;;
RT0313;POLL - ENROLLADO DE POLLO DIETA;RECETON SGP;RECETON;1;LAUREL;KG;0.000100;;
RT0313;POLL - ENROLLADO DE POLLO DIETA;RECETON SGP;RECETON;1;PECHUGA DE POLLO S/HUESO S/PIEL CONGELADO;KG;0.160000;;
RT0313;POLL - ENROLLADO DE POLLO DIETA;RECETON SGP;RECETON;1;PIMIENTO ROJO REFRIGERADO;KG;0.015000;;
RT0313;POLL - ENROLLADO DE POLLO DIETA;RECETON SGP;RECETON;1;PORO REFRIGERADO;KG;0.015000;;
RT0313;POLL - ENROLLADO DE POLLO DIETA;RECETON SGP;RECETON;1;VAINITA ENTERO REFRIGERADO;KG;0.015000;;
RT0313;POLL - ENROLLADO DE POLLO DIETA;RECETON SGP;RECETON;1;ZANAHORIA REFRIGERADO;KG;0.020000;;
RT0314;POLL - ESCABECHE DE POLLO;RECETON SGP;RECETON;1;ACEITE VEGETAL;L;0.002000;;
RT0314;POLL - ESCABECHE DE POLLO;RECETON SGP;RECETON;1;ACEITUNA NEGRA EN RODAJA;KG;0.007000;;
RT0314;POLL - ESCABECHE DE POLLO;RECETON SGP;RECETON;1;AGUA PARA RECETA;L;0.020000;;
RT0314;POLL - ESCABECHE DE POLLO;RECETON SGP;RECETON;1;AJI AMARILLO REFRIGERADO;KG;0.005000;;
RT0314;POLL - ESCABECHE DE POLLO;RECETON SGP;RECETON;1;AZUCAR RUBIA;KG;0.001000;;
RT0314;POLL - ESCABECHE DE POLLO;RECETON SGP;RECETON;1;BASE CRIOLLA;KG;0.008000;;
RT0314;POLL - ESCABECHE DE POLLO;RECETON SGP;RECETON;1;CALDO DE GALLINA;KG;0.000060;;
RT0314;POLL - ESCABECHE DE POLLO;RECETON SGP;RECETON;1;CEBOLLA ROJA REFRIGERADO;KG;0.040000;;
RT0314;POLL - ESCABECHE DE POLLO;RECETON SGP;RECETON;1;COMINO MOLIDO;KG;0.000020;;
RT0314;POLL - ESCABECHE DE POLLO;RECETON SGP;RECETON;1;HUEVO ROSADO REFRIGERADO CAJA;KG;0.015000;;
RT0314;POLL - ESCABECHE DE POLLO;RECETON SGP;RECETON;1;LAUREL;KG;0.000120;;
RT0314;POLL - ESCABECHE DE POLLO;RECETON SGP;RECETON;1;MAICENA;KG;0.003000;;
RT0314;POLL - ESCABECHE DE POLLO;RECETON SGP;RECETON;1;PEREJIL LIZO REFRIGERADO;KG;0.003000;;
RT0314;POLL - ESCABECHE DE POLLO;RECETON SGP;RECETON;1;PIMIENTA NEGRA MOLIDA;KG;0.000060;;
RT0314;POLL - ESCABECHE DE POLLO;RECETON SGP;RECETON;1;POLLO PIERNA CON ENCUENTRO CONGELADO;KG;0.150000;;
RT0314;POLL - ESCABECHE DE POLLO;RECETON SGP;RECETON;1;SAL DE COCINA;KG;0.002000;;
RT0315;POLL - ESCALOPINES DE POLLO;RECETON SGP;RECETON;1;ACEITE VEGETAL;L;0.002000;;
RT0315;POLL - ESCALOPINES DE POLLO;RECETON SGP;RECETON;1;AGUA PARA RECETA;L;0.012000;;
RT0315;POLL - ESCALOPINES DE POLLO;RECETON SGP;RECETON;1;HARINA DE TRIGO ESPECIAL;KG;0.003000;;
RT0315;POLL - ESCALOPINES DE POLLO;RECETON SGP;RECETON;1;LECHE EVAPORADA;L;0.015000;;
RT0315;POLL - ESCALOPINES DE POLLO;RECETON SGP;RECETON;1;MARGARINA CON SAL REFRIGERADO GRANEL KG;KG;0.005000;;
RT0315;POLL - ESCALOPINES DE POLLO;RECETON SGP;RECETON;1;NUEZ MOSCADA MOLIDA;KG;0.000120;;
RT0315;POLL - ESCALOPINES DE POLLO;RECETON SGP;RECETON;1;PASTA DE AJO;KG;0.002000;;
RT0315;POLL - ESCALOPINES DE POLLO;RECETON SGP;RECETON;1;PECHUGA DE POLLO S/HUESO S/PIEL CONGELADO;KG;0.160000;;
RT0315;POLL - ESCALOPINES DE POLLO;RECETON SGP;RECETON;1;PIMIENTA NEGRA MOLIDA;KG;0.000120;;
RT0315;POLL - ESCALOPINES DE POLLO;RECETON SGP;RECETON;1;SAL DE COCINA;KG;0.030000;;
RT0316;POLL - ESTOFADO DE POLLO;RECETON SGP;RECETON;1;ACEITE VEGETAL;L;0.002000;;
RT0316;POLL - ESTOFADO DE POLLO;RECETON SGP;RECETON;1;AGUA PARA RECETA;L;0.020000;;
RT0316;POLL - ESTOFADO DE POLLO;RECETON SGP;RECETON;1;ARVEJA PELADA CONGELADO;KG;0.005000;;
RT0316;POLL - ESTOFADO DE POLLO;RECETON SGP;RECETON;1;AZUCAR RUBIA;KG;0.001000;;
RT0316;POLL - ESTOFADO DE POLLO;RECETON SGP;RECETON;1;BASE DE TOMATE;KG;0.020000;;
RT0316;POLL - ESTOFADO DE POLLO;RECETON SGP;RECETON;1;CALDO DE GALLINA;KG;0.000060;;
RT0316;POLL - ESTOFADO DE POLLO;RECETON SGP;RECETON;1;LAUREL;KG;0.000012;;
RT0316;POLL - ESTOFADO DE POLLO;RECETON SGP;RECETON;1;MAICENA;KG;0.003000;;
RT0316;POLL - ESTOFADO DE POLLO;RECETON SGP;RECETON;1;OREGANO ENTERO;KG;0.000120;;
RT0316;POLL - ESTOFADO DE POLLO;RECETON SGP;RECETON;1;PASAS NEGRAS SECAS;KG;0.003000;;
RT0316;POLL - ESTOFADO DE POLLO;RECETON SGP;RECETON;1;PASTA DE TOMATE;KG;0.003000;;
RT0316;POLL - ESTOFADO DE POLLO;RECETON SGP;RECETON;1;PIMIENTA NEGRA MOLIDA;KG;0.000060;;
RT0316;POLL - ESTOFADO DE POLLO;RECETON SGP;RECETON;1;POLLO PIERNA CON ENCUENTRO CONGELADO;KG;0.217000;;
RT0316;POLL - ESTOFADO DE POLLO;RECETON SGP;RECETON;1;POLLO SIN MENUDENCIA CONGELADO 1.68 KG;KG;0.066000;;
RT0316;POLL - ESTOFADO DE POLLO;RECETON SGP;RECETON;1;SAL DE COCINA;KG;0.002000;;
RT0316;POLL - ESTOFADO DE POLLO;RECETON SGP;RECETON;1;ZANAHORIA REFRIGERADO;KG;0.015000;;
RT0317;POLL - ESTOFADO DE POLLO LIGHT;RECETON SGP;RECETON;1;ACEITE VEGETAL;L;0.002000;;
RT0317;POLL - ESTOFADO DE POLLO LIGHT;RECETON SGP;RECETON;1;AGUA PARA RECETA;L;0.030000;;
RT0317;POLL - ESTOFADO DE POLLO LIGHT;RECETON SGP;RECETON;1;ARVEJA PELADA CONGELADO;KG;0.015000;;
RT0317;POLL - ESTOFADO DE POLLO LIGHT;RECETON SGP;RECETON;1;BASE DE TOMATE;KG;0.020000;;
RT0317;POLL - ESTOFADO DE POLLO LIGHT;RECETON SGP;RECETON;1;LAUREL;KG;0.000120;;
RT0317;POLL - ESTOFADO DE POLLO LIGHT;RECETON SGP;RECETON;1;PIMIENTA NEGRA MOLIDA;KG;0.000060;;
RT0317;POLL - ESTOFADO DE POLLO LIGHT;RECETON SGP;RECETON;1;POLLO PIERNA CON ENCUENTRO CONGELADO;KG;0.217000;;
RT0317;POLL - ESTOFADO DE POLLO LIGHT;RECETON SGP;RECETON;1;POLLO SIN MENUDENCIA CONGELADO 1.68 KG;KG;0.066000;;
RT0317;POLL - ESTOFADO DE POLLO LIGHT;RECETON SGP;RECETON;1;SAL DE COCINA;KG;0.002000;;
RT0317;POLL - ESTOFADO DE POLLO LIGHT;RECETON SGP;RECETON;1;ZANAHORIA REFRIGERADO;KG;0.015000;;
RT0318;POLL - FRICASE DE POLLO;RECETON SGP;RECETON;1;ACEITE VEGETAL;L;0.002000;;
RT0318;POLL - FRICASE DE POLLO;RECETON SGP;RECETON;1;AGUA PARA RECETA;L;0.030000;;
RT0318;POLL - FRICASE DE POLLO;RECETON SGP;RECETON;1;AJINOMOTO;KG;0.000300;;
RT0318;POLL - FRICASE DE POLLO;RECETON SGP;RECETON;1;BASE AMARILLA;KG;0.020000;;
RT0318;POLL - FRICASE DE POLLO;RECETON SGP;RECETON;1;CALDO DE GALLINA;KG;0.000300;;
RT0318;POLL - FRICASE DE POLLO;RECETON SGP;RECETON;1;CULANTRO REFRIGERADO;KG;0.002000;;
RT0318;POLL - FRICASE DE POLLO;RECETON SGP;RECETON;1;HUEVO LIQUIDO CONGELADO;KG;0.015000;;
RT0318;POLL - FRICASE DE POLLO;RECETON SGP;RECETON;1;MAICENA;KG;0.003000;;
RT0318;POLL - FRICASE DE POLLO;RECETON SGP;RECETON;1;PIMIENTA NEGRA MOLIDA;KG;0.000100;;
RT0318;POLL - FRICASE DE POLLO;RECETON SGP;RECETON;1;POLLO PIERNA CON ENCUENTRO CONGELADO;KG;0.217000;;
RT0318;POLL - FRICASE DE POLLO;RECETON SGP;RECETON;1;POLLO SIN MENUDENCIA CONGELADO 1.68 KG;KG;0.066000;;
RT0318;POLL - FRICASE DE POLLO;RECETON SGP;RECETON;1;SAL DE COCINA;KG;0.002000;;
RT0319;POLL - GOULASH DE POLLO;RECETON SGP;RECETON;1;ACEITE VEGETAL;L;0.002000;;
RT0319;POLL - GOULASH DE POLLO;RECETON SGP;RECETON;1;AGUA PARA RECETA;L;0.030000;;
RT0319;POLL - GOULASH DE POLLO;RECETON SGP;RECETON;1;AJINOMOTO;KG;0.000300;;
RT0319;POLL - GOULASH DE POLLO;RECETON SGP;RECETON;1;AZUCAR RUBIA;KG;0.001000;;
RT0319;POLL - GOULASH DE POLLO;RECETON SGP;RECETON;1;BASE DE TOMATE;KG;0.020000;;
RT0319;POLL - GOULASH DE POLLO;RECETON SGP;RECETON;1;CALDO DE GALLINA;KG;0.000300;;
RT0319;POLL - GOULASH DE POLLO;RECETON SGP;RECETON;1;COMINO MOLIDO;KG;0.000600;;
RT0319;POLL - GOULASH DE POLLO;RECETON SGP;RECETON;1;MAICENA;KG;0.003000;;
RT0319;POLL - GOULASH DE POLLO;RECETON SGP;RECETON;1;PAPRIKA;KG;0.000100;;
RT0319;POLL - GOULASH DE POLLO;RECETON SGP;RECETON;1;PEREJIL LIZO REFRIGERADO;KG;0.002000;;
RT0319;POLL - GOULASH DE POLLO;RECETON SGP;RECETON;1;POLLO PIERNA CON ENCUENTRO CONGELADO;KG;0.217000;;
RT0319;POLL - GOULASH DE POLLO;RECETON SGP;RECETON;1;POLLO SIN MENUDENCIA CONGELADO 1.68 KG;KG;0.066000;;
RT0319;POLL - GOULASH DE POLLO;RECETON SGP;RECETON;1;SAL DE COCINA;KG;0.002000;;
RT0320;POLL - GUISO DE CALABAZA CON POLLO;RECETON SGP;RECETON;1;ACEITE VEGETAL;L;0.003000;;
RT0320;POLL - GUISO DE CALABAZA CON POLLO;RECETON SGP;RECETON;1;AGUA PARA RECETA;L;0.027000;;
RT0320;POLL - GUISO DE CALABAZA CON POLLO;RECETON SGP;RECETON;1;CALABAZA REFRIGERADO;KG;0.060000;;
RT0320;POLL - GUISO DE CALABAZA CON POLLO;RECETON SGP;RECETON;1;CEBOLLA ROJA REFRIGERADO;KG;0.010000;;
RT0320;POLL - GUISO DE CALABAZA CON POLLO;RECETON SGP;RECETON;1;CHOCLO AMARILLO DESGRANADO CONGELADO;KG;0.010000;;
RT0320;POLL - GUISO DE CALABAZA CON POLLO;RECETON SGP;RECETON;1;HABA VERDE PELADO CONGELADO;KG;0.010000;;
RT0320;POLL - GUISO DE CALABAZA CON POLLO;RECETON SGP;RECETON;1;HARINA DE TRIGO ESPECIAL;KG;0.012500;;
RT0320;POLL - GUISO DE CALABAZA CON POLLO;RECETON SGP;RECETON;1;HUACATAY REFRIGERADO;KG;0.003000;;
RT0320;POLL - GUISO DE CALABAZA CON POLLO;RECETON SGP;RECETON;1;LECHE EVAPORADA;L;0.010000;;
RT0320;POLL - GUISO DE CALABAZA CON POLLO;RECETON SGP;RECETON;1;LEVADURA INSTANTANEA;KG;0.000150;;
RT0320;POLL - GUISO DE CALABAZA CON POLLO;RECETON SGP;RECETON;1;MANTECA GRANEL KG;KG;0.000250;;
RT0320;POLL - GUISO DE CALABAZA CON POLLO;RECETON SGP;RECETON;1;PAPA BLANCA REFRIGERADO;KG;0.120000;;
RT0320;POLL - GUISO DE CALABAZA CON POLLO;RECETON SGP;RECETON;1;PASTA DE AJI AMARILLO;KG;0.003000;;
RT0320;POLL - GUISO DE CALABAZA CON POLLO;RECETON SGP;RECETON;1;PASTA DE AJI PANCA;KG;0.002000;;
RT0320;POLL - GUISO DE CALABAZA CON POLLO;RECETON SGP;RECETON;1;PASTA DE AJO;KG;0.002000;;
RT0320;POLL - GUISO DE CALABAZA CON POLLO;RECETON SGP;RECETON;1;POLLO PIERNA CON ENCUENTRO CONGELADO;KG;0.217000;;
RT0320;POLL - GUISO DE CALABAZA CON POLLO;RECETON SGP;RECETON;1;POLLO SIN MENUDENCIA CONGELADO 1.68 KG;KG;0.066000;;
RT0320;POLL - GUISO DE CALABAZA CON POLLO;RECETON SGP;RECETON;1;PREMEZCLA INVENTIS PAN CIABATTA;KG;0.001500;;
RT0320;POLL - GUISO DE CALABAZA CON POLLO;RECETON SGP;RECETON;1;QUESO FRESCO REFRIGERADO;KG;0.005000;;
RT0320;POLL - GUISO DE CALABAZA CON POLLO;RECETON SGP;RECETON;1;SAL DE COCINA;KG;0.001000;;
RT0321;POLL - GUISO DE POLLO CON ZAPALLO ITALIANO;RECETON SGP;RECETON;1;ACEITE VEGETAL;L;0.002000;;
RT0321;POLL - GUISO DE POLLO CON ZAPALLO ITALIANO;RECETON SGP;RECETON;1;AGUA PARA RECETA;L;0.030000;;
RT0321;POLL - GUISO DE POLLO CON ZAPALLO ITALIANO;RECETON SGP;RECETON;1;CALDO DE GALLINA;KG;0.000060;;
RT0321;POLL - GUISO DE POLLO CON ZAPALLO ITALIANO;RECETON SGP;RECETON;1;COMINO MOLIDO;KG;0.000060;;
RT0321;POLL - GUISO DE POLLO CON ZAPALLO ITALIANO;RECETON SGP;RECETON;1;MAICENA;KG;0.003000;;
RT0321;POLL - GUISO DE POLLO CON ZAPALLO ITALIANO;RECETON SGP;RECETON;1;PASTA DE AJO;KG;0.002000;;
RT0321;POLL - GUISO DE POLLO CON ZAPALLO ITALIANO;RECETON SGP;RECETON;1;PECHUGA DE POLLO S/HUESO S/PIEL CONGELADO;KG;0.160000;;
RT0321;POLL - GUISO DE POLLO CON ZAPALLO ITALIANO;RECETON SGP;RECETON;1;PEREJIL LIZO REFRIGERADO;KG;0.002000;;
RT0321;POLL - GUISO DE POLLO CON ZAPALLO ITALIANO;RECETON SGP;RECETON;1;PIMIENTA NEGRA MOLIDA;KG;0.000120;;
RT0321;POLL - GUISO DE POLLO CON ZAPALLO ITALIANO;RECETON SGP;RECETON;1;SAL DE COCINA;KG;0.002000;;
RT0321;POLL - GUISO DE POLLO CON ZAPALLO ITALIANO;RECETON SGP;RECETON;1;ZAPALLO ITALIANO REFRIGERADO;KG;0.100000;;
RT0322;POLL - GUISO DE POLLO NORTEÑO;RECETON SGP;RECETON;1;ACEITE VEGETAL;L;0.002000;;
RT0322;POLL - GUISO DE POLLO NORTEÑO;RECETON SGP;RECETON;1;AGUA PARA RECETA;L;0.030000;;
RT0322;POLL - GUISO DE POLLO NORTEÑO;RECETON SGP;RECETON;1;BASE NORTEÑA;KG;0.020000;;
RT0322;POLL - GUISO DE POLLO NORTEÑO;RECETON SGP;RECETON;1;COMINO MOLIDO;KG;0.000200;;
RT0322;POLL - GUISO DE POLLO NORTEÑO;RECETON SGP;RECETON;1;MAICENA;KG;0.003000;;
RT0322;POLL - GUISO DE POLLO NORTEÑO;RECETON SGP;RECETON;1;OREGANO ENTERO;KG;0.000120;;
RT0322;POLL - GUISO DE POLLO NORTEÑO;RECETON SGP;RECETON;1;PIMIENTA NEGRA MOLIDA;KG;0.000060;;
RT0322;POLL - GUISO DE POLLO NORTEÑO;RECETON SGP;RECETON;1;POLLO PIERNA CON ENCUENTRO CONGELADO;KG;0.150000;;
RT0322;POLL - GUISO DE POLLO NORTEÑO;RECETON SGP;RECETON;1;SAL DE COCINA;KG;0.001000;;
RT0323;POLL - HUATIA DE POLLO;RECETON SGP;RECETON;1;ACEITE VEGETAL;L;0.002000;;
RT0323;POLL - HUATIA DE POLLO;RECETON SGP;RECETON;1;AGUA PARA RECETA;L;0.030000;;
RT0323;POLL - HUATIA DE POLLO;RECETON SGP;RECETON;1;BASE CRIOLLA;KG;0.008000;;
RT0323;POLL - HUATIA DE POLLO;RECETON SGP;RECETON;1;COMINO MOLIDO;KG;0.000060;;
RT0323;POLL - HUATIA DE POLLO;RECETON SGP;RECETON;1;CULANTRO REFRIGERADO;KG;0.003000;;
RT0323;POLL - HUATIA DE POLLO;RECETON SGP;RECETON;1;HIERBA BUENA REFRIGERADO;KG;0.003000;;
RT0323;POLL - HUATIA DE POLLO;RECETON SGP;RECETON;1;HUACATAY REFRIGERADO;KG;0.003000;;
RT0323;POLL - HUATIA DE POLLO;RECETON SGP;RECETON;1;MAICENA;KG;0.003000;;
RT0323;POLL - HUATIA DE POLLO;RECETON SGP;RECETON;1;OREGANO ENTERO;KG;0.000120;;
RT0323;POLL - HUATIA DE POLLO;RECETON SGP;RECETON;1;PIMIENTA NEGRA MOLIDA;KG;0.000120;;
RT0323;POLL - HUATIA DE POLLO;RECETON SGP;RECETON;1;POLLO PIERNA CON ENCUENTRO CONGELADO;KG;0.217000;;
RT0323;POLL - HUATIA DE POLLO;RECETON SGP;RECETON;1;POLLO SIN MENUDENCIA CONGELADO 1.68 KG;KG;0.066000;;
RT0323;POLL - HUATIA DE POLLO;RECETON SGP;RECETON;1;SAL DE COCINA;KG;0.002000;;
RT0324;POLL - LOMITO DE POLLO A LA JARDINERA;RECETON SGP;RECETON;1;ACEITE VEGETAL;L;0.002000;;
RT0324;POLL - LOMITO DE POLLO A LA JARDINERA;RECETON SGP;RECETON;1;AGUA PARA RECETA;L;0.015000;;
RT0324;POLL - LOMITO DE POLLO A LA JARDINERA;RECETON SGP;RECETON;1;BROCOLI 20-40 CONGELADO;KG;0.030000;;
RT0324;POLL - LOMITO DE POLLO A LA JARDINERA;RECETON SGP;RECETON;1;CEBOLLA ROJA REFRIGERADO;KG;0.015000;;
RT0324;POLL - LOMITO DE POLLO A LA JARDINERA;RECETON SGP;RECETON;1;CHOCLO AMARILLO DESGRANADO CONGELADO;KG;0.005000;;
RT0324;POLL - LOMITO DE POLLO A LA JARDINERA;RECETON SGP;RECETON;1;MAICENA;KG;0.001500;;
RT0324;POLL - LOMITO DE POLLO A LA JARDINERA;RECETON SGP;RECETON;1;PASTA DE AJO;KG;0.002000;;
RT0324;POLL - LOMITO DE POLLO A LA JARDINERA;RECETON SGP;RECETON;1;PECHUGA DE POLLO S/HUESO S/PIEL CONGELADO;KG;0.160000;;
RT0324;POLL - LOMITO DE POLLO A LA JARDINERA;RECETON SGP;RECETON;1;PEREJIL LIZO REFRIGERADO;KG;0.003000;;
RT0324;POLL - LOMITO DE POLLO A LA JARDINERA;RECETON SGP;RECETON;1;PIMIENTA NEGRA MOLIDA;KG;0.000120;;
RT0324;POLL - LOMITO DE POLLO A LA JARDINERA;RECETON SGP;RECETON;1;PIMIENTO ROJO REFRIGERADO;KG;0.005000;;
RT0324;POLL - LOMITO DE POLLO A LA JARDINERA;RECETON SGP;RECETON;1;SAL DE COCINA;KG;0.003000;;
RT0324;POLL - LOMITO DE POLLO A LA JARDINERA;RECETON SGP;RECETON;1;SALSA SILLAO;L;0.005000;;
RT0324;POLL - LOMITO DE POLLO A LA JARDINERA;RECETON SGP;RECETON;1;TOMATE CRIOLLO REFRIGERADO;KG;0.015000;;
RT0324;POLL - LOMITO DE POLLO A LA JARDINERA;RECETON SGP;RECETON;1;VAINITA ENTERO REFRIGERADO;KG;0.015000;;
RT0324;POLL - LOMITO DE POLLO A LA JARDINERA;RECETON SGP;RECETON;1;VINAGRE TINTO;L;0.003000;;
RT0324;POLL - LOMITO DE POLLO A LA JARDINERA;RECETON SGP;RECETON;1;ZANAHORIA REFRIGERADO;KG;0.010000;;
RT0325;POLL - MILANESA DE POLLO;RECETON SGP;RECETON;1;ACEITE VEGETAL;L;0.005000;;
RT0325;POLL - MILANESA DE POLLO;RECETON SGP;RECETON;1;HARINA DE TRIGO ESPECIAL;KG;0.005000;;
RT0325;POLL - MILANESA DE POLLO;RECETON SGP;RECETON;1;HUEVO LIQUIDO CONGELADO;KG;0.075000;;
RT0325;POLL - MILANESA DE POLLO;RECETON SGP;RECETON;1;MOSTAZA;KG;0.001000;;
RT0325;POLL - MILANESA DE POLLO;RECETON SGP;RECETON;1;PAN MOLIDO KG.;KG;0.015000;;
RT0325;POLL - MILANESA DE POLLO;RECETON SGP;RECETON;1;PASTA DE AJO;KG;0.002000;;
RT0325;POLL - MILANESA DE POLLO;RECETON SGP;RECETON;1;PECHUGA DE POLLO S/HUESO S/PIEL CONGELADO;KG;0.160000;;
RT0325;POLL - MILANESA DE POLLO;RECETON SGP;RECETON;1;PIMIENTA NEGRA MOLIDA;KG;0.000120;;
RT0325;POLL - MILANESA DE POLLO;RECETON SGP;RECETON;1;SAL DE COCINA;KG;0.003000;;
RT0326;POLL - PAELLA DE POLLO;RECETON SGP;RECETON;1;ACEITE VEGETAL;L;0.005000;;
RT0326;POLL - PAELLA DE POLLO;RECETON SGP;RECETON;1;AGUA PARA RECETA;L;0.210000;;
RT0326;POLL - PAELLA DE POLLO;RECETON SGP;RECETON;1;AJI AMARILLO REFRIGERADO;KG;0.005000;;
RT0326;POLL - PAELLA DE POLLO;RECETON SGP;RECETON;1;ARROZ EXTRA NIR;KG;0.120000;;
RT0326;POLL - PAELLA DE POLLO;RECETON SGP;RECETON;1;ARVEJA PELADA CONGELADO;KG;0.010000;;
RT0326;POLL - PAELLA DE POLLO;RECETON SGP;RECETON;1;CEBOLLA ROJA REFRIGERADO;KG;0.015000;;
RT0326;POLL - PAELLA DE POLLO;RECETON SGP;RECETON;1;PAPRIKA;KG;0.000120;;
RT0326;POLL - PAELLA DE POLLO;RECETON SGP;RECETON;1;PASTA DE AJO;KG;0.003000;;
RT0326;POLL - PAELLA DE POLLO;RECETON SGP;RECETON;1;PEREJIL LIZO REFRIGERADO;KG;0.003000;;
RT0326;POLL - PAELLA DE POLLO;RECETON SGP;RECETON;1;PIMIENTO ROJO REFRIGERADO;KG;0.015000;;
RT0326;POLL - PAELLA DE POLLO;RECETON SGP;RECETON;1;POLLO PIERNA CON ENCUENTRO CONGELADO;KG;0.217000;;
RT0326;POLL - PAELLA DE POLLO;RECETON SGP;RECETON;1;POLLO SIN MENUDENCIA CONGELADO 1.68 KG;KG;0.066000;;
RT0326;POLL - PAELLA DE POLLO;RECETON SGP;RECETON;1;SAL DE COCINA;KG;0.003000;;
RT0326;POLL - PAELLA DE POLLO;RECETON SGP;RECETON;1;TOMATE CRIOLLO REFRIGERADO;KG;0.015000;;
RT0326;POLL - PAELLA DE POLLO;RECETON SGP;RECETON;1;ZANAHORIA REFRIGERADO;KG;0.010000;;
RT0327;POLL - PECHUGA DE POLLO AL OREGANO DIETA;RECETON SGP;RECETON;1;ACEITE VEGETAL;L;0.002000;;
RT0327;POLL - PECHUGA DE POLLO AL OREGANO DIETA;RECETON SGP;RECETON;1;AGUA PARA RECETA;L;0.010000;;
RT0327;POLL - PECHUGA DE POLLO AL OREGANO DIETA;RECETON SGP;RECETON;1;AJINOMOTO;KG;0.000300;;
RT0327;POLL - PECHUGA DE POLLO AL OREGANO DIETA;RECETON SGP;RECETON;1;CALDO DE GALLINA;KG;0.000300;;
RT0327;POLL - PECHUGA DE POLLO AL OREGANO DIETA;RECETON SGP;RECETON;1;MAICENA;KG;0.003000;;
RT0327;POLL - PECHUGA DE POLLO AL OREGANO DIETA;RECETON SGP;RECETON;1;OREGANO ENTERO;KG;0.000120;;
RT0327;POLL - PECHUGA DE POLLO AL OREGANO DIETA;RECETON SGP;RECETON;1;PECHUGA DE POLLO S/HUESO S/PIEL CONGELADO;KG;0.160000;;
RT0327;POLL - PECHUGA DE POLLO AL OREGANO DIETA;RECETON SGP;RECETON;1;PIMIENTA NEGRA MOLIDA;KG;0.000120;;
RT0327;POLL - PECHUGA DE POLLO AL OREGANO DIETA;RECETON SGP;RECETON;1;SAL DE COCINA;KG;0.002000;;
RT0328;POLL - PICANTE DE POLLO;RECETON SGP;RECETON;1;ACEITE VEGETAL;L;0.002000;;
RT0328;POLL - PICANTE DE POLLO;RECETON SGP;RECETON;1;AGUA PARA RECETA;L;0.030000;;
RT0328;POLL - PICANTE DE POLLO;RECETON SGP;RECETON;1;ARVEJA PELADA CONGELADO;KG;0.010000;;
RT0328;POLL - PICANTE DE POLLO;RECETON SGP;RECETON;1;BASE CRIOLLA;KG;0.008000;;
RT0328;POLL - PICANTE DE POLLO;RECETON SGP;RECETON;1;CALDO DE GALLINA;KG;0.000060;;
RT0328;POLL - PICANTE DE POLLO;RECETON SGP;RECETON;1;CHOCLO AMARILLO DESGRANADO CONGELADO;KG;0.005000;;
RT0328;POLL - PICANTE DE POLLO;RECETON SGP;RECETON;1;CULANTRO REFRIGERADO;KG;0.003000;;
RT0328;POLL - PICANTE DE POLLO;RECETON SGP;RECETON;1;MAICENA;KG;0.003000;;
RT0328;POLL - PICANTE DE POLLO;RECETON SGP;RECETON;1;OREGANO ENTERO;KG;0.000120;;
RT0328;POLL - PICANTE DE POLLO;RECETON SGP;RECETON;1;PAPA BLANCA REFRIGERADO;KG;0.120000;;
RT0328;POLL - PICANTE DE POLLO;RECETON SGP;RECETON;1;PECHUGA DE POLLO S/HUESO S/PIEL CONGELADO;KG;0.160000;;
RT0328;POLL - PICANTE DE POLLO;RECETON SGP;RECETON;1;PIMIENTA NEGRA MOLIDA;KG;0.000060;;
RT0328;POLL - PICANTE DE POLLO;RECETON SGP;RECETON;1;SAL DE COCINA;KG;0.002000;;
RT0328;POLL - PICANTE DE POLLO;RECETON SGP;RECETON;1;ZANAHORIA REFRIGERADO;KG;0.010000;;
RT0329;POLL - PIMIENTO RELLENO CON POLLO DIETA;RECETON SGP;RECETON;1;ACEITE VEGETAL;L;0.005000;;
RT0329;POLL - PIMIENTO RELLENO CON POLLO DIETA;RECETON SGP;RECETON;1;ACEITUNA NEGRA EN RODAJA;KG;0.007000;;
RT0329;POLL - PIMIENTO RELLENO CON POLLO DIETA;RECETON SGP;RECETON;1;CEBOLLA ROJA REFRIGERADO;KG;0.015000;;
RT0329;POLL - PIMIENTO RELLENO CON POLLO DIETA;RECETON SGP;RECETON;1;COMINO MOLIDO;KG;0.000060;;
RT0329;POLL - PIMIENTO RELLENO CON POLLO DIETA;RECETON SGP;RECETON;1;HUEVO ROSADO REFRIGERADO CAJA;KG;0.020000;;
RT0329;POLL - PIMIENTO RELLENO CON POLLO DIETA;RECETON SGP;RECETON;1;PECHUGA DE POLLO S/HUESO S/PIEL CONGELADO;KG;0.160000;;
RT0329;POLL - PIMIENTO RELLENO CON POLLO DIETA;RECETON SGP;RECETON;1;PIMIENTA NEGRA MOLIDA;KG;0.000120;;
RT0329;POLL - PIMIENTO RELLENO CON POLLO DIETA;RECETON SGP;RECETON;1;PIMIENTO ROJO REFRIGERADO;KG;0.100000;;
RT0329;POLL - PIMIENTO RELLENO CON POLLO DIETA;RECETON SGP;RECETON;1;SAL DE COCINA;KG;0.003000;;
RT0329;POLL - PIMIENTO RELLENO CON POLLO DIETA;RECETON SGP;RECETON;1;ZANAHORIA REFRIGERADO;KG;0.015000;;
RT0330;POLL - POLLADA;RECETON SGP;RECETON;1;ACEITE VEGETAL;L;0.005000;;
RT0330;POLL - POLLADA;RECETON SGP;RECETON;1;COMINO MOLIDO;KG;0.000060;;
RT0330;POLL - POLLADA;RECETON SGP;RECETON;1;OREGANO ENTERO;KG;0.000120;;
RT0330;POLL - POLLADA;RECETON SGP;RECETON;1;PASTA DE AJI PANCA;KG;0.003000;;
RT0330;POLL - POLLADA;RECETON SGP;RECETON;1;PASTA DE AJO;KG;0.002000;;
RT0330;POLL - POLLADA;RECETON SGP;RECETON;1;PIMIENTA NEGRA MOLIDA;KG;0.000120;;
RT0330;POLL - POLLADA;RECETON SGP;RECETON;1;POLLO PIERNA CON ENCUENTRO CONGELADO;KG;0.217000;;
RT0330;POLL - POLLADA;RECETON SGP;RECETON;1;POLLO SIN MENUDENCIA CONGELADO 1.68 KG;KG;0.066000;;
RT0330;POLL - POLLADA;RECETON SGP;RECETON;1;SAL DE COCINA;KG;0.003000;;
RT0330;POLL - POLLADA;RECETON SGP;RECETON;1;SALSA SILLAO;L;0.002000;;
RT0330;POLL - POLLADA;RECETON SGP;RECETON;1;VINAGRE TINTO;L;0.003000;;
RT0331;POLL - POLLIPAPAS Y CREMAS (ROMPE RUTINA);RECETON SGP;RECETON;1;ACEITE VEGETAL;L;0.005000;;
RT0331;POLL - POLLIPAPAS Y CREMAS (ROMPE RUTINA);RECETON SGP;RECETON;1;KETCHUP;KG;0.003000;;
RT0331;POLL - POLLIPAPAS Y CREMAS (ROMPE RUTINA);RECETON SGP;RECETON;1;MAYONESA;KG;0.010000;;
RT0331;POLL - POLLIPAPAS Y CREMAS (ROMPE RUTINA);RECETON SGP;RECETON;1;PAPA PRE FRITA CONGELADA;KG;0.140000;;
RT0331;POLL - POLLIPAPAS Y CREMAS (ROMPE RUTINA);RECETON SGP;RECETON;1;POLLO PIERNA CON ENCUENTRO CONGELADO;KG;0.217000;;
RT0331;POLL - POLLIPAPAS Y CREMAS (ROMPE RUTINA);RECETON SGP;RECETON;1;POLLO SIN MENUDENCIA CONGELADO 1.68 KG;KG;0.066000;;
RT0331;POLL - POLLIPAPAS Y CREMAS (ROMPE RUTINA);RECETON SGP;RECETON;1;SAL DE COCINA;KG;0.002000;;
RT0332;POLL - POLLO A LA BRASA EVENTO;RECETON SGP;RECETON;1;COCA COLA LT;L;0.005000;;
RT0332;POLL - POLLO A LA BRASA EVENTO;RECETON SGP;RECETON;1;COMINO MOLIDO;KG;0.000060;;
RT0332;POLL - POLLO A LA BRASA EVENTO;RECETON SGP;RECETON;1;KION MOLIDO SECO;KG;0.000500;;
RT0332;POLL - POLLO A LA BRASA EVENTO;RECETON SGP;RECETON;1;LAUREL;KG;0.000120;;
RT0332;POLL - POLLO A LA BRASA EVENTO;RECETON SGP;RECETON;1;MOSTAZA;KG;0.001000;;
RT0332;POLL - POLLO A LA BRASA EVENTO;RECETON SGP;RECETON;1;OREGANO ENTERO;KG;0.000120;;
RT0332;POLL - POLLO A LA BRASA EVENTO;RECETON SGP;RECETON;1;PASTA DE AJO;KG;0.002000;;
RT0332;POLL - POLLO A LA BRASA EVENTO;RECETON SGP;RECETON;1;PIMIENTA NEGRA MOLIDA;KG;0.000120;;
RT0332;POLL - POLLO A LA BRASA EVENTO;RECETON SGP;RECETON;1;POLLO SIN MENUDENCIA CONGELADO 1.2 KG;KG;0.300000;;
RT0332;POLL - POLLO A LA BRASA EVENTO;RECETON SGP;RECETON;1;ROMERO;KG;0.000120;;
RT0332;POLL - POLLO A LA BRASA EVENTO;RECETON SGP;RECETON;1;SAL DE COCINA;KG;0.003000;;
RT0332;POLL - POLLO A LA BRASA EVENTO;RECETON SGP;RECETON;1;SALSA SILLAO;L;0.001000;;
RT0332;POLL - POLLO A LA BRASA EVENTO;RECETON SGP;RECETON;1;VINAGRE TINTO;L;0.003000;;
RT0332;POLL - POLLO A LA BRASA EVENTO;RECETON SGP;RECETON;1;ZUMO DE LIMON CONGELADO;KG;0.005000;;
RT0333;POLL - POLLO A LA CACEROLA;RECETON SGP;RECETON;1;ACEITE VEGETAL;L;0.002000;;
RT0333;POLL - POLLO A LA CACEROLA;RECETON SGP;RECETON;1;AGUA PARA RECETA;L;0.030000;;
RT0333;POLL - POLLO A LA CACEROLA;RECETON SGP;RECETON;1;ARVEJA PELADA CONGELADO;KG;0.010000;;
RT0333;POLL - POLLO A LA CACEROLA;RECETON SGP;RECETON;1;BASE DE TOMATE;KG;0.020000;;
RT0333;POLL - POLLO A LA CACEROLA;RECETON SGP;RECETON;1;COMINO MOLIDO;KG;0.000060;;
RT0333;POLL - POLLO A LA CACEROLA;RECETON SGP;RECETON;1;MAICENA;KG;0.003000;;
RT0333;POLL - POLLO A LA CACEROLA;RECETON SGP;RECETON;1;PASTA DE AJI AMARILLO;KG;0.003000;;
RT0333;POLL - POLLO A LA CACEROLA;RECETON SGP;RECETON;1;PEREJIL LIZO REFRIGERADO;KG;0.002000;;
RT0333;POLL - POLLO A LA CACEROLA;RECETON SGP;RECETON;1;PIMIENTA NEGRA MOLIDA;KG;0.000120;;
RT0333;POLL - POLLO A LA CACEROLA;RECETON SGP;RECETON;1;POLLO PIERNA CON ENCUENTRO CONGELADO;KG;0.217000;;
RT0333;POLL - POLLO A LA CACEROLA;RECETON SGP;RECETON;1;POLLO SIN MENUDENCIA CONGELADO 1.68 KG;KG;0.066000;;
RT0333;POLL - POLLO A LA CACEROLA;RECETON SGP;RECETON;1;SAL DE COCINA;KG;0.002000;;
RT0333;POLL - POLLO A LA CACEROLA;RECETON SGP;RECETON;1;ZANAHORIA REFRIGERADO;KG;0.015000;;
RT0334;POLL - POLLO A LA CAZADORA;RECETON SGP;RECETON;1;ACEITE VEGETAL;L;0.002000;;
RT0334;POLL - POLLO A LA CAZADORA;RECETON SGP;RECETON;1;AGUA PARA RECETA;L;0.030000;;
RT0334;POLL - POLLO A LA CAZADORA;RECETON SGP;RECETON;1;ARVEJA PELADA CONGELADO;KG;0.010000;;
RT0334;POLL - POLLO A LA CAZADORA;RECETON SGP;RECETON;1;BASE DE TOMATE;KG;0.020000;;
RT0334;POLL - POLLO A LA CAZADORA;RECETON SGP;RECETON;1;CALDO DE GALLINA;KG;0.000060;;
RT0334;POLL - POLLO A LA CAZADORA;RECETON SGP;RECETON;1;CHAMPIGÑONES LATA;KG;0.020000;;
RT0334;POLL - POLLO A LA CAZADORA;RECETON SGP;RECETON;1;HONGO SECO;KG;0.001000;;
RT0334;POLL - POLLO A LA CAZADORA;RECETON SGP;RECETON;1;LAUREL;KG;0.000120;;
RT0334;POLL - POLLO A LA CAZADORA;RECETON SGP;RECETON;1;MAICENA;KG;0.003000;;
RT0334;POLL - POLLO A LA CAZADORA;RECETON SGP;RECETON;1;OREGANO ENTERO;KG;0.000120;;
RT0334;POLL - POLLO A LA CAZADORA;RECETON SGP;RECETON;1;PEREJIL LIZO REFRIGERADO;KG;0.002000;;
RT0334;POLL - POLLO A LA CAZADORA;RECETON SGP;RECETON;1;PIMIENTA NEGRA MOLIDA;KG;0.000120;;
RT0334;POLL - POLLO A LA CAZADORA;RECETON SGP;RECETON;1;POLLO PIERNA CON ENCUENTRO CONGELADO;KG;0.217000;;
RT0334;POLL - POLLO A LA CAZADORA;RECETON SGP;RECETON;1;POLLO SIN MENUDENCIA CONGELADO 1.68 KG;KG;0.066000;;
RT0334;POLL - POLLO A LA CAZADORA;RECETON SGP;RECETON;1;SAL DE COCINA;KG;0.002000;;
RT0334;POLL - POLLO A LA CAZADORA;RECETON SGP;RECETON;1;TOCINO AHUMADO CONGELADO;KG;0.005000;;
RT0335;POLL - POLLO A LA CHICLAYANA;RECETON SGP;RECETON;1;ACEITE VEGETAL;L;0.002000;;
RT0335;POLL - POLLO A LA CHICLAYANA;RECETON SGP;RECETON;1;AGUA PARA RECETA;L;0.030000;;
RT0335;POLL - POLLO A LA CHICLAYANA;RECETON SGP;RECETON;1;ARVEJA PELADA CONGELADO;KG;0.005000;;
RT0335;POLL - POLLO A LA CHICLAYANA;RECETON SGP;RECETON;1;BASE NEUTRA;KG;0.020000;;
RT0335;POLL - POLLO A LA CHICLAYANA;RECETON SGP;RECETON;1;CALDO DE GALLINA;KG;0.000060;;
RT0335;POLL - POLLO A LA CHICLAYANA;RECETON SGP;RECETON;1;COMINO MOLIDO;KG;0.000060;;
RT0335;POLL - POLLO A LA CHICLAYANA;RECETON SGP;RECETON;1;MAICENA;KG;0.003000;;
RT0335;POLL - POLLO A LA CHICLAYANA;RECETON SGP;RECETON;1;PIMIENTA NEGRA MOLIDA;KG;0.000120;;
RT0335;POLL - POLLO A LA CHICLAYANA;RECETON SGP;RECETON;1;POLLO PIERNA CON ENCUENTRO CONGELADO;KG;0.217000;;
RT0335;POLL - POLLO A LA CHICLAYANA;RECETON SGP;RECETON;1;POLLO SIN MENUDENCIA CONGELADO 1.68 KG;KG;0.066000;;
RT0335;POLL - POLLO A LA CHICLAYANA;RECETON SGP;RECETON;1;SAL DE COCINA;KG;0.002000;;
RT0336;POLL - POLLO A LA COCA COLA;RECETON SGP;RECETON;1;ACEITE VEGETAL;L;0.002000;;
RT0336;POLL - POLLO A LA COCA COLA;RECETON SGP;RECETON;1;AGUA PARA RECETA;L;0.020000;;
RT0336;POLL - POLLO A LA COCA COLA;RECETON SGP;RECETON;1;AZUCAR RUBIA;KG;0.003000;;
RT0336;POLL - POLLO A LA COCA COLA;RECETON SGP;RECETON;1;CALDO DE GALLINA;KG;0.000060;;
RT0336;POLL - POLLO A LA COCA COLA;RECETON SGP;RECETON;1;COCA COLA LT;L;0.020000;;
RT0336;POLL - POLLO A LA COCA COLA;RECETON SGP;RECETON;1;MAICENA;KG;0.002000;;
RT0336;POLL - POLLO A LA COCA COLA;RECETON SGP;RECETON;1;PEREJIL LIZO REFRIGERADO;KG;0.002000;;
RT0336;POLL - POLLO A LA COCA COLA;RECETON SGP;RECETON;1;PIMIENTA NEGRA MOLIDA;KG;0.000120;;
RT0336;POLL - POLLO A LA COCA COLA;RECETON SGP;RECETON;1;POLLO PIERNA CON ENCUENTRO CONGELADO;KG;0.217000;;
RT0336;POLL - POLLO A LA COCA COLA;RECETON SGP;RECETON;1;POLLO SIN MENUDENCIA CONGELADO 1.68 KG;KG;0.066000;;
RT0336;POLL - POLLO A LA COCA COLA;RECETON SGP;RECETON;1;SAL DE COCINA;KG;0.003000;;
RT0336;POLL - POLLO A LA COCA COLA;RECETON SGP;RECETON;1;SALSA SILLAO;L;0.002000;;
RT0336;POLL - POLLO A LA COCA COLA;RECETON SGP;RECETON;1;TOMILLO;KG;0.000060;;
RT0337;POLL - POLLO A LA FLORENTINA;RECETON SGP;RECETON;1;ACEITE VEGETAL;L;0.002000;;
RT0337;POLL - POLLO A LA FLORENTINA;RECETON SGP;RECETON;1;AGUA PARA RECETA;L;0.013000;;
RT0337;POLL - POLLO A LA FLORENTINA;RECETON SGP;RECETON;1;ESPINACA CONGELADO;KG;0.030000;;
RT0337;POLL - POLLO A LA FLORENTINA;RECETON SGP;RECETON;1;HARINA DE TRIGO ESPECIAL;KG;0.003000;;
RT0337;POLL - POLLO A LA FLORENTINA;RECETON SGP;RECETON;1;LECHE EVAPORADA;L;0.015000;;
RT0337;POLL - POLLO A LA FLORENTINA;RECETON SGP;RECETON;1;MARGARINA CON SAL REFRIGERADO GRANEL KG;KG;0.005000;;
RT0337;POLL - POLLO A LA FLORENTINA;RECETON SGP;RECETON;1;PASTA DE AJO;KG;0.002000;;
RT0337;POLL - POLLO A LA FLORENTINA;RECETON SGP;RECETON;1;PIMIENTA NEGRA MOLIDA;KG;0.000120;;
RT0337;POLL - POLLO A LA FLORENTINA;RECETON SGP;RECETON;1;PIMIENTO ROJO REFRIGERADO;KG;0.005000;;
RT0337;POLL - POLLO A LA FLORENTINA;RECETON SGP;RECETON;1;POLLO PIERNA CON ENCUENTRO CONGELADO;KG;0.217000;;
RT0337;POLL - POLLO A LA FLORENTINA;RECETON SGP;RECETON;1;POLLO SIN MENUDENCIA CONGELADO 1.68 KG;KG;0.066000;;
RT0337;POLL - POLLO A LA FLORENTINA;RECETON SGP;RECETON;1;QUESO PARMESANO REFRIGERADO;KG;0.001000;;
RT0337;POLL - POLLO A LA FLORENTINA;RECETON SGP;RECETON;1;SAL DE COCINA;KG;0.003000;;
RT0338;POLL - POLLO A LA JARDINERA;RECETON SGP;RECETON;1;ACEITE VEGETAL;L;0.002000;;
RT0338;POLL - POLLO A LA JARDINERA;RECETON SGP;RECETON;1;AGUA PARA RECETA;L;0.030000;;
RT0338;POLL - POLLO A LA JARDINERA;RECETON SGP;RECETON;1;BASE AMARILLA;KG;0.020000;;
RT0338;POLL - POLLO A LA JARDINERA;RECETON SGP;RECETON;1;CALDO DE GALLINA;KG;0.000060;;
RT0338;POLL - POLLO A LA JARDINERA;RECETON SGP;RECETON;1;COMINO MOLIDO;KG;0.000020;;
RT0338;POLL - POLLO A LA JARDINERA;RECETON SGP;RECETON;1;LAUREL;KG;0.000120;;
RT0338;POLL - POLLO A LA JARDINERA;RECETON SGP;RECETON;1;MAICENA;KG;0.003000;;
RT0338;POLL - POLLO A LA JARDINERA;RECETON SGP;RECETON;1;OREGANO ENTERO;KG;0.000120;;
RT0338;POLL - POLLO A LA JARDINERA;RECETON SGP;RECETON;1;PIMIENTA NEGRA MOLIDA;KG;0.000060;;
RT0338;POLL - POLLO A LA JARDINERA;RECETON SGP;RECETON;1;PIMIENTO ROJO REFRIGERADO;KG;0.010000;;
RT0338;POLL - POLLO A LA JARDINERA;RECETON SGP;RECETON;1;POLLO PIERNA CON ENCUENTRO CONGELADO;KG;0.217000;;
RT0338;POLL - POLLO A LA JARDINERA;RECETON SGP;RECETON;1;POLLO SIN MENUDENCIA CONGELADO 1.68 KG;KG;0.066000;;
RT0338;POLL - POLLO A LA JARDINERA;RECETON SGP;RECETON;1;SAL DE COCINA;KG;0.002000;;
RT0338;POLL - POLLO A LA JARDINERA;RECETON SGP;RECETON;1;VAINITA ENTERO REFRIGERADO;KG;0.015000;;
RT0338;POLL - POLLO A LA JARDINERA;RECETON SGP;RECETON;1;ZANAHORIA REFRIGERADO;KG;0.010000;;
RT0339;POLL - POLLO A LA MOSTAZA;RECETON SGP;RECETON;1;ACEITE VEGETAL;L;0.002000;;
RT0339;POLL - POLLO A LA MOSTAZA;RECETON SGP;RECETON;1;AGUA PARA RECETA;L;0.010000;;
RT0339;POLL - POLLO A LA MOSTAZA;RECETON SGP;RECETON;1;HARINA DE TRIGO ESPECIAL;KG;0.003000;;
RT0339;POLL - POLLO A LA MOSTAZA;RECETON SGP;RECETON;1;LECHE EVAPORADA;L;0.015000;;
RT0339;POLL - POLLO A LA MOSTAZA;RECETON SGP;RECETON;1;MARGARINA CON SAL REFRIGERADO GRANEL KG;KG;0.005000;;
RT0339;POLL - POLLO A LA MOSTAZA;RECETON SGP;RECETON;1;MOSTAZA;KG;0.010000;;
RT0339;POLL - POLLO A LA MOSTAZA;RECETON SGP;RECETON;1;PEREJIL LIZO REFRIGERADO;KG;0.002000;;
RT0339;POLL - POLLO A LA MOSTAZA;RECETON SGP;RECETON;1;PIMIENTA NEGRA MOLIDA;KG;0.000120;;
RT0339;POLL - POLLO A LA MOSTAZA;RECETON SGP;RECETON;1;PIMIENTO ROJO REFRIGERADO;KG;0.005000;;
RT0339;POLL - POLLO A LA MOSTAZA;RECETON SGP;RECETON;1;POLLO PIERNA CON ENCUENTRO CONGELADO;KG;0.217000;;
RT0339;POLL - POLLO A LA MOSTAZA;RECETON SGP;RECETON;1;POLLO SIN MENUDENCIA CONGELADO 1.68 KG;KG;0.066000;;
RT0339;POLL - POLLO A LA MOSTAZA;RECETON SGP;RECETON;1;SAL DE COCINA;KG;0.003000;;
RT0340;POLL - POLLO A LA NARANJA;RECETON SGP;RECETON;1;ACEITE VEGETAL;L;0.002000;;
RT0340;POLL - POLLO A LA NARANJA;RECETON SGP;RECETON;1;AGUA PARA RECETA;L;0.020000;;
RT0340;POLL - POLLO A LA NARANJA;RECETON SGP;RECETON;1;AZUCAR RUBIA;KG;0.001000;;
RT0340;POLL - POLLO A LA NARANJA;RECETON SGP;RECETON;1;BASE AMARILLA;KG;0.020000;;
RT0340;POLL - POLLO A LA NARANJA;RECETON SGP;RECETON;1;CALDO DE GALLINA;KG;0.000060;;
RT0340;POLL - POLLO A LA NARANJA;RECETON SGP;RECETON;1;CANELA ENTERA;KG;0.000120;;
RT0340;POLL - POLLO A LA NARANJA;RECETON SGP;RECETON;1;MAICENA;KG;0.003000;;
RT0340;POLL - POLLO A LA NARANJA;RECETON SGP;RECETON;1;NARANJA DE JUGO REFRIGERADO;KG;0.040000;;
RT0340;POLL - POLLO A LA NARANJA;RECETON SGP;RECETON;1;PIMIENTO ROJO REFRIGERADO;KG;0.005000;;
RT0340;POLL - POLLO A LA NARANJA;RECETON SGP;RECETON;1;POLLO PIERNA CON ENCUENTRO CONGELADO;KG;0.217000;;
RT0340;POLL - POLLO A LA NARANJA;RECETON SGP;RECETON;1;POLLO SIN MENUDENCIA CONGELADO 1.68 KG;KG;0.066000;;
RT0340;POLL - POLLO A LA NARANJA;RECETON SGP;RECETON;1;SAL DE COCINA;KG;0.003000;;
RT0341;POLL - POLLO A LA PLANCHA;RECETON SGP;RECETON;1;ACEITE VEGETAL;L;0.002000;;
RT0341;POLL - POLLO A LA PLANCHA;RECETON SGP;RECETON;1;PECHUGA DE POLLO S/HUESO S/PIEL CONGELADO;KG;0.160000;;
RT0341;POLL - POLLO A LA PLANCHA;RECETON SGP;RECETON;1;PIMIENTA NEGRA MOLIDA;KG;0.000120;;
RT0341;POLL - POLLO A LA PLANCHA;RECETON SGP;RECETON;1;SAL DE COCINA;KG;0.003000;;
RT0342;POLL - POLLO A LAS FINAS HIERBAS;RECETON SGP;RECETON;1;AGUA PARA RECETA;L;0.013000;;
RT0342;POLL - POLLO A LAS FINAS HIERBAS;RECETON SGP;RECETON;1;ESTRAGON;KG;0.000120;;
RT0342;POLL - POLLO A LAS FINAS HIERBAS;RECETON SGP;RECETON;1;HARINA DE TRIGO ESPECIAL;KG;0.003000;;
RT0342;POLL - POLLO A LAS FINAS HIERBAS;RECETON SGP;RECETON;1;LECHE EVAPORADA;L;0.015000;;
RT0342;POLL - POLLO A LAS FINAS HIERBAS;RECETON SGP;RECETON;1;MARGARINA CON SAL REFRIGERADO GRANEL KG;KG;0.005000;;
RT0342;POLL - POLLO A LAS FINAS HIERBAS;RECETON SGP;RECETON;1;OREGANO ENTERO;KG;0.000120;;
RT0342;POLL - POLLO A LAS FINAS HIERBAS;RECETON SGP;RECETON;1;PASTA DE AJO;KG;0.002000;;
RT0342;POLL - POLLO A LAS FINAS HIERBAS;RECETON SGP;RECETON;1;PIMIENTA NEGRA MOLIDA;KG;0.000120;;
RT0342;POLL - POLLO A LAS FINAS HIERBAS;RECETON SGP;RECETON;1;POLLO PIERNA CON ENCUENTRO CONGELADO;KG;0.217000;;
RT0342;POLL - POLLO A LAS FINAS HIERBAS;RECETON SGP;RECETON;1;POLLO SIN MENUDENCIA CONGELADO 1.68 KG;KG;0.066000;;
RT0342;POLL - POLLO A LAS FINAS HIERBAS;RECETON SGP;RECETON;1;ROMERO;KG;0.000120;;
RT0342;POLL - POLLO A LAS FINAS HIERBAS;RECETON SGP;RECETON;1;SAL DE COCINA;KG;0.003000;;
RT0342;POLL - POLLO A LAS FINAS HIERBAS;RECETON SGP;RECETON;1;TOMILLO;KG;0.000120;;
RT0343;POLL - POLLO AL AJI AMARILLO;RECETON SGP;RECETON;1;ACEITE VEGETAL;L;0.002000;;
RT0343;POLL - POLLO AL AJI AMARILLO;RECETON SGP;RECETON;1;AGUA PARA RECETA;L;0.030000;;
RT0343;POLL - POLLO AL AJI AMARILLO;RECETON SGP;RECETON;1;BASE AMARILLA;KG;0.020000;;
RT0343;POLL - POLLO AL AJI AMARILLO;RECETON SGP;RECETON;1;CALDO DE GALLINA;KG;0.000060;;
RT0343;POLL - POLLO AL AJI AMARILLO;RECETON SGP;RECETON;1;MAICENA;KG;0.003000;;
RT0343;POLL - POLLO AL AJI AMARILLO;RECETON SGP;RECETON;1;PEREJIL LIZO REFRIGERADO;KG;0.003000;;
RT0343;POLL - POLLO AL AJI AMARILLO;RECETON SGP;RECETON;1;PIMIENTA NEGRA MOLIDA;KG;0.000060;;
RT0343;POLL - POLLO AL AJI AMARILLO;RECETON SGP;RECETON;1;POLLO PIERNA CON ENCUENTRO CONGELADO;KG;0.217000;;
RT0343;POLL - POLLO AL AJI AMARILLO;RECETON SGP;RECETON;1;POLLO SIN MENUDENCIA CONGELADO 1.68 KG;KG;0.066000;;
RT0343;POLL - POLLO AL AJI AMARILLO;RECETON SGP;RECETON;1;SAL DE COCINA;KG;0.003000;;
RT0344;POLL - POLLO AL ESTRAGON;RECETON SGP;RECETON;1;AGUA PARA RECETA;L;0.020000;;
RT0344;POLL - POLLO AL ESTRAGON;RECETON SGP;RECETON;1;AJINOMOTO;KG;0.000300;;
RT0344;POLL - POLLO AL ESTRAGON;RECETON SGP;RECETON;1;CALDO DE GALLINA;KG;0.000300;;
RT0344;POLL - POLLO AL ESTRAGON;RECETON SGP;RECETON;1;CEBOLLA ROJA REFRIGERADO;KG;0.015000;;
RT0344;POLL - POLLO AL ESTRAGON;RECETON SGP;RECETON;1;ESTRAGON;KG;0.003000;;
RT0344;POLL - POLLO AL ESTRAGON;RECETON SGP;RECETON;1;MARGARINA CON SAL REFRIGERADO GRANEL KG;KG;0.003000;;
RT0344;POLL - POLLO AL ESTRAGON;RECETON SGP;RECETON;1;PASTA DE AJO;KG;0.003000;;
RT0344;POLL - POLLO AL ESTRAGON;RECETON SGP;RECETON;1;POLLO PIERNA CON ENCUENTRO CONGELADO;KG;0.217000;;
RT0344;POLL - POLLO AL ESTRAGON;RECETON SGP;RECETON;1;POLLO SIN MENUDENCIA CONGELADO 1.68 KG;KG;0.066000;;
RT0344;POLL - POLLO AL ESTRAGON;RECETON SGP;RECETON;1;SAL DE COCINA;KG;0.002000;;
RT0345;POLL - POLLO AL HORNO;RECETON SGP;RECETON;1;ACEITE VEGETAL;L;0.002000;;
RT0345;POLL - POLLO AL HORNO;RECETON SGP;RECETON;1;AGUA PARA RECETA;L;0.010000;;
RT0345;POLL - POLLO AL HORNO;RECETON SGP;RECETON;1;CALDO DE GALLINA;KG;0.000060;;
RT0345;POLL - POLLO AL HORNO;RECETON SGP;RECETON;1;COMINO MOLIDO;KG;0.000060;;
RT0345;POLL - POLLO AL HORNO;RECETON SGP;RECETON;1;MAICENA;KG;0.003000;;
RT0345;POLL - POLLO AL HORNO;RECETON SGP;RECETON;1;MOSTAZA;KG;0.001000;;
RT0345;POLL - POLLO AL HORNO;RECETON SGP;RECETON;1;OREGANO ENTERO;KG;0.000120;;
RT0345;POLL - POLLO AL HORNO;RECETON SGP;RECETON;1;PASTA DE AJI PANCA;KG;0.002000;;
RT0345;POLL - POLLO AL HORNO;RECETON SGP;RECETON;1;PASTA DE AJO;KG;0.002000;;
RT0345;POLL - POLLO AL HORNO;RECETON SGP;RECETON;1;PIMIENTA NEGRA MOLIDA;KG;0.000120;;
RT0345;POLL - POLLO AL HORNO;RECETON SGP;RECETON;1;POLLO PIERNA CON ENCUENTRO CONGELADO;KG;0.217000;;
RT0345;POLL - POLLO AL HORNO;RECETON SGP;RECETON;1;POLLO SIN MENUDENCIA CONGELADO 1.68 KG;KG;0.066000;;
RT0345;POLL - POLLO AL HORNO;RECETON SGP;RECETON;1;SAL DE COCINA;KG;0.003000;;
RT0345;POLL - POLLO AL HORNO;RECETON SGP;RECETON;1;SALSA SILLAO;L;0.001000;;
RT0345;POLL - POLLO AL HORNO;RECETON SGP;RECETON;1;VINAGRE TINTO;L;0.003000;;
RT0346;POLL - POLLO AL HORNO CON ZUCCHINI SALTADO;RECETON SGP;RECETON;1;ACEITE VEGETAL;L;0.002000;;
RT0346;POLL - POLLO AL HORNO CON ZUCCHINI SALTADO;RECETON SGP;RECETON;1;AGUA PARA RECETA;L;0.020000;;
RT0346;POLL - POLLO AL HORNO CON ZUCCHINI SALTADO;RECETON SGP;RECETON;1;CEBOLLA ROJA REFRIGERADO;KG;0.030000;;
RT0346;POLL - POLLO AL HORNO CON ZUCCHINI SALTADO;RECETON SGP;RECETON;1;MAICENA;KG;0.003000;;
RT0346;POLL - POLLO AL HORNO CON ZUCCHINI SALTADO;RECETON SGP;RECETON;1;PEREJIL LIZO REFRIGERADO;KG;0.002000;;
RT0346;POLL - POLLO AL HORNO CON ZUCCHINI SALTADO;RECETON SGP;RECETON;1;PIMIENTA NEGRA MOLIDA;KG;0.000100;;
RT0346;POLL - POLLO AL HORNO CON ZUCCHINI SALTADO;RECETON SGP;RECETON;1;POLLO PIERNA CON ENCUENTRO CONGELADO;KG;0.217000;;
RT0346;POLL - POLLO AL HORNO CON ZUCCHINI SALTADO;RECETON SGP;RECETON;1;POLLO SIN MENUDENCIA CONGELADO 1.68 KG;KG;0.066000;;
RT0346;POLL - POLLO AL HORNO CON ZUCCHINI SALTADO;RECETON SGP;RECETON;1;SAL DE COCINA;KG;0.002000;;
RT0346;POLL - POLLO AL HORNO CON ZUCCHINI SALTADO;RECETON SGP;RECETON;1;SALSA SILLAO;L;0.001000;;
RT0346;POLL - POLLO AL HORNO CON ZUCCHINI SALTADO;RECETON SGP;RECETON;1;TOMATE CRIOLLO REFRIGERADO;KG;0.020000;;
RT0346;POLL - POLLO AL HORNO CON ZUCCHINI SALTADO;RECETON SGP;RECETON;1;VINAGRE BLANCO;L;0.001000;;
RT0346;POLL - POLLO AL HORNO CON ZUCCHINI SALTADO;RECETON SGP;RECETON;1;ZAPALLO ITALIANO REFRIGERADO;KG;0.020000;;
RT0347;POLL - POLLO AL OREGANO;RECETON SGP;RECETON;1;ACEITE VEGETAL;L;0.002000;;
RT0347;POLL - POLLO AL OREGANO;RECETON SGP;RECETON;1;AGUA PARA RECETA;L;0.010000;;
RT0347;POLL - POLLO AL OREGANO;RECETON SGP;RECETON;1;HARINA DE TRIGO ESPECIAL;KG;0.003000;;
RT0347;POLL - POLLO AL OREGANO;RECETON SGP;RECETON;1;LECHE EVAPORADA;L;0.015000;;
RT0347;POLL - POLLO AL OREGANO;RECETON SGP;RECETON;1;MARGARINA CON SAL REFRIGERADO GRANEL KG;KG;0.005000;;
RT0347;POLL - POLLO AL OREGANO;RECETON SGP;RECETON;1;NUEZ MOSCADA MOLIDA;KG;0.000120;;
RT0347;POLL - POLLO AL OREGANO;RECETON SGP;RECETON;1;OREGANO ENTERO;KG;0.000120;;
RT0347;POLL - POLLO AL OREGANO;RECETON SGP;RECETON;1;PIMIENTA NEGRA MOLIDA;KG;0.000120;;
RT0347;POLL - POLLO AL OREGANO;RECETON SGP;RECETON;1;POLLO PIERNA CON ENCUENTRO CONGELADO;KG;0.217000;;
RT0347;POLL - POLLO AL OREGANO;RECETON SGP;RECETON;1;POLLO SIN MENUDENCIA CONGELADO 1.68 KG;KG;0.066000;;
RT0347;POLL - POLLO AL OREGANO;RECETON SGP;RECETON;1;SAL DE COCINA;KG;0.003000;;
RT0348;POLL - POLLO AL PIMIENTO;RECETON SGP;RECETON;1;ACEITE VEGETAL;L;0.002000;;
RT0348;POLL - POLLO AL PIMIENTO;RECETON SGP;RECETON;1;AGUA PARA RECETA;L;0.040000;;
RT0348;POLL - POLLO AL PIMIENTO;RECETON SGP;RECETON;1;BASE NEUTRA;KG;0.005000;;
RT0348;POLL - POLLO AL PIMIENTO;RECETON SGP;RECETON;1;HARINA DE TRIGO ESPECIAL;KG;0.003000;;
RT0348;POLL - POLLO AL PIMIENTO;RECETON SGP;RECETON;1;LECHE EVAPORADA;L;0.015000;;
RT0348;POLL - POLLO AL PIMIENTO;RECETON SGP;RECETON;1;MARGARINA CON SAL REFRIGERADO GRANEL KG;KG;0.005000;;
RT0348;POLL - POLLO AL PIMIENTO;RECETON SGP;RECETON;1;PAPRIKA;KG;0.000120;;
RT0348;POLL - POLLO AL PIMIENTO;RECETON SGP;RECETON;1;PIMIENTA NEGRA MOLIDA;KG;0.000060;;
RT0348;POLL - POLLO AL PIMIENTO;RECETON SGP;RECETON;1;PIMIENTO ROJO REFRIGERADO;KG;0.005000;;
RT0348;POLL - POLLO AL PIMIENTO;RECETON SGP;RECETON;1;POLLO PIERNA CON ENCUENTRO CONGELADO;KG;0.217000;;
RT0348;POLL - POLLO AL PIMIENTO;RECETON SGP;RECETON;1;POLLO SIN MENUDENCIA CONGELADO 1.68 KG;KG;0.066000;;
RT0348;POLL - POLLO AL PIMIENTO;RECETON SGP;RECETON;1;SAL DE COCINA;KG;0.001000;;
RT0349;POLL - POLLO AL ROMERO DIETA;RECETON SGP;RECETON;1;ACEITE VEGETAL;L;0.005000;;
RT0349;POLL - POLLO AL ROMERO DIETA;RECETON SGP;RECETON;1;AGUA PARA RECETA;L;0.100000;;
RT0349;POLL - POLLO AL ROMERO DIETA;RECETON SGP;RECETON;1;APIO REFRIGERADO;KG;0.002000;;
RT0349;POLL - POLLO AL ROMERO DIETA;RECETON SGP;RECETON;1;CHUÑO;KG;0.003000;;
RT0349;POLL - POLLO AL ROMERO DIETA;RECETON SGP;RECETON;1;LAUREL;KG;0.000100;;
RT0349;POLL - POLLO AL ROMERO DIETA;RECETON SGP;RECETON;1;POLLO PIERNA CON ENCUENTRO CONGELADO;KG;0.217000;;
RT0349;POLL - POLLO AL ROMERO DIETA;RECETON SGP;RECETON;1;POLLO SIN MENUDENCIA CONGELADO 1.68 KG;KG;0.066000;;
RT0349;POLL - POLLO AL ROMERO DIETA;RECETON SGP;RECETON;1;PORO REFRIGERADO;KG;0.015000;;
RT0349;POLL - POLLO AL ROMERO DIETA;RECETON SGP;RECETON;1;ROMERO;KG;0.001000;;
RT0349;POLL - POLLO AL ROMERO DIETA;RECETON SGP;RECETON;1;ZANAHORIA REFRIGERADO;KG;0.010000;;
RT0350;POLL - POLLO AL SILLAO;RECETON SGP;RECETON;1;ACEITE VEGETAL;L;0.002000;;
RT0350;POLL - POLLO AL SILLAO;RECETON SGP;RECETON;1;AGUA PARA RECETA;L;0.020000;;
RT0350;POLL - POLLO AL SILLAO;RECETON SGP;RECETON;1;CEBOLLA CHINA REFRIGERADO;KG;0.005000;;
RT0350;POLL - POLLO AL SILLAO;RECETON SGP;RECETON;1;KION MOLIDO SECO;KG;0.000500;;
RT0350;POLL - POLLO AL SILLAO;RECETON SGP;RECETON;1;MAICENA;KG;0.003000;;
RT0350;POLL - POLLO AL SILLAO;RECETON SGP;RECETON;1;PASTA DE AJO;KG;0.002000;;
RT0350;POLL - POLLO AL SILLAO;RECETON SGP;RECETON;1;PIMIENTA NEGRA MOLIDA;KG;0.000120;;
RT0350;POLL - POLLO AL SILLAO;RECETON SGP;RECETON;1;PIMIENTO ROJO REFRIGERADO;KG;0.015000;;
RT0350;POLL - POLLO AL SILLAO;RECETON SGP;RECETON;1;POLLO PIERNA CON ENCUENTRO CONGELADO;KG;0.217000;;
RT0350;POLL - POLLO AL SILLAO;RECETON SGP;RECETON;1;POLLO SIN MENUDENCIA CONGELADO 1.68 KG;KG;0.066000;;
RT0350;POLL - POLLO AL SILLAO;RECETON SGP;RECETON;1;SAL DE COCINA;KG;0.002000;;
RT0350;POLL - POLLO AL SILLAO;RECETON SGP;RECETON;1;SALSA OSTION;L;0.001000;;
RT0350;POLL - POLLO AL SILLAO;RECETON SGP;RECETON;1;SALSA SILLAO;L;0.010000;;
RT0351;POLL - POLLO AL SILLAO DIETA;RECETON SGP;RECETON;1;ACEITE VEGETAL;L;0.002000;;
RT0351;POLL - POLLO AL SILLAO DIETA;RECETON SGP;RECETON;1;AGUA PARA RECETA;L;0.030000;;
RT0351;POLL - POLLO AL SILLAO DIETA;RECETON SGP;RECETON;1;AJINOMOTO;KG;0.001000;;
RT0351;POLL - POLLO AL SILLAO DIETA;RECETON SGP;RECETON;1;CALDO DE GALLINA;KG;0.001000;;
RT0351;POLL - POLLO AL SILLAO DIETA;RECETON SGP;RECETON;1;CEBOLLA CHINA REFRIGERADO;KG;0.010000;;
RT0351;POLL - POLLO AL SILLAO DIETA;RECETON SGP;RECETON;1;KION MOLIDO SECO;KG;0.001000;;
RT0351;POLL - POLLO AL SILLAO DIETA;RECETON SGP;RECETON;1;PASTA DE AJO;KG;0.003000;;
RT0351;POLL - POLLO AL SILLAO DIETA;RECETON SGP;RECETON;1;PIMIENTO ROJO REFRIGERADO;KG;0.015000;;
RT0351;POLL - POLLO AL SILLAO DIETA;RECETON SGP;RECETON;1;POLLO PIERNA CON ENCUENTRO CONGELADO;KG;0.217000;;
RT0351;POLL - POLLO AL SILLAO DIETA;RECETON SGP;RECETON;1;POLLO SIN MENUDENCIA CONGELADO 1.68 KG;KG;0.066000;;
RT0351;POLL - POLLO AL SILLAO DIETA;RECETON SGP;RECETON;1;SAL DE COCINA;KG;0.002000;;
RT0351;POLL - POLLO AL SILLAO DIETA;RECETON SGP;RECETON;1;SALSA SILLAO;L;0.008000;;
RT0352;POLL - POLLO AL TOMILLO;RECETON SGP;RECETON;1;AGUA PARA RECETA;L;0.020000;;
RT0352;POLL - POLLO AL TOMILLO;RECETON SGP;RECETON;1;APIO REFRIGERADO;KG;0.005000;;
RT0352;POLL - POLLO AL TOMILLO;RECETON SGP;RECETON;1;MAICENA;KG;0.003000;;
RT0352;POLL - POLLO AL TOMILLO;RECETON SGP;RECETON;1;MARGARINA CON SAL REFRIGERADO GRANEL KG;KG;0.003000;;
RT0352;POLL - POLLO AL TOMILLO;RECETON SGP;RECETON;1;PEREJIL LIZO REFRIGERADO;KG;0.003000;;
RT0352;POLL - POLLO AL TOMILLO;RECETON SGP;RECETON;1;PIMIENTA NEGRA MOLIDA;KG;0.000120;;
RT0352;POLL - POLLO AL TOMILLO;RECETON SGP;RECETON;1;POLLO PIERNA CON ENCUENTRO CONGELADO;KG;0.217000;;
RT0352;POLL - POLLO AL TOMILLO;RECETON SGP;RECETON;1;POLLO SIN MENUDENCIA CONGELADO 1.68 KG;KG;0.066000;;
RT0352;POLL - POLLO AL TOMILLO;RECETON SGP;RECETON;1;PORO REFRIGERADO;KG;0.005000;;
RT0352;POLL - POLLO AL TOMILLO;RECETON SGP;RECETON;1;SAL DE COCINA;KG;0.001000;;
RT0352;POLL - POLLO AL TOMILLO;RECETON SGP;RECETON;1;TOMILLO;KG;0.001000;;
RT0352;POLL - POLLO AL TOMILLO;RECETON SGP;RECETON;1;ZANAHORIA REFRIGERADO;KG;0.005000;;
RT0353;POLL - POLLO ASADO;RECETON SGP;RECETON;1;ACEITE VEGETAL;L;0.002000;;
RT0353;POLL - POLLO ASADO;RECETON SGP;RECETON;1;AGUA PARA RECETA;L;0.010000;;
RT0353;POLL - POLLO ASADO;RECETON SGP;RECETON;1;CALDO DE GALLINA;KG;0.001000;;
RT0353;POLL - POLLO ASADO;RECETON SGP;RECETON;1;CHINCHO REFRIGERADO;KG;0.003000;;
RT0353;POLL - POLLO ASADO;RECETON SGP;RECETON;1;COMINO MOLIDO;KG;0.000060;;
RT0353;POLL - POLLO ASADO;RECETON SGP;RECETON;1;CULANTRO REFRIGERADO;KG;0.003000;;
RT0353;POLL - POLLO ASADO;RECETON SGP;RECETON;1;HUACATAY REFRIGERADO;KG;0.003000;;
RT0353;POLL - POLLO ASADO;RECETON SGP;RECETON;1;PASTA DE AJI PANCA;KG;0.003000;;
RT0353;POLL - POLLO ASADO;RECETON SGP;RECETON;1;PASTA DE AJO;KG;0.002000;;
RT0353;POLL - POLLO ASADO;RECETON SGP;RECETON;1;PIMIENTA NEGRA MOLIDA;KG;0.000120;;
RT0353;POLL - POLLO ASADO;RECETON SGP;RECETON;1;POLLO PIERNA CON ENCUENTRO CONGELADO;KG;0.217000;;
RT0353;POLL - POLLO ASADO;RECETON SGP;RECETON;1;POLLO SIN MENUDENCIA CONGELADO 1.68 KG;KG;0.066000;;
RT0353;POLL - POLLO ASADO;RECETON SGP;RECETON;1;SAL DE COCINA;KG;0.002000;;
RT0354;POLL - POLLO BROASTER;RECETON SGP;RECETON;1;ACEITE VEGETAL;L;0.005000;;
RT0354;POLL - POLLO BROASTER;RECETON SGP;RECETON;1;CHUÑO;KG;0.010000;;
RT0354;POLL - POLLO BROASTER;RECETON SGP;RECETON;1;HARINA DE TRIGO ESPECIAL;KG;0.005000;;
RT0354;POLL - POLLO BROASTER;RECETON SGP;RECETON;1;HUEVO LIQUIDO CONGELADO;KG;0.020000;;
RT0354;POLL - POLLO BROASTER;RECETON SGP;RECETON;1;MOSTAZA;KG;0.001000;;
RT0354;POLL - POLLO BROASTER;RECETON SGP;RECETON;1;OREGANO ENTERO;KG;0.000120;;
RT0354;POLL - POLLO BROASTER;RECETON SGP;RECETON;1;PASTA DE AJO;KG;0.002000;;
RT0354;POLL - POLLO BROASTER;RECETON SGP;RECETON;1;PIMIENTA NEGRA MOLIDA;KG;0.000120;;
RT0354;POLL - POLLO BROASTER;RECETON SGP;RECETON;1;POLLO PIERNA CON ENCUENTRO CONGELADO;KG;0.217000;;
RT0354;POLL - POLLO BROASTER;RECETON SGP;RECETON;1;POLLO SIN MENUDENCIA CONGELADO 1.68 KG;KG;0.066000;;
RT0354;POLL - POLLO BROASTER;RECETON SGP;RECETON;1;SAL DE COCINA;KG;0.003000;;
RT0354;POLL - POLLO BROASTER;RECETON SGP;RECETON;1;VINAGRE TINTO;L;0.003000;;
RT0355;POLL - POLLO CON CAIGUA;RECETON SGP;RECETON;1;ACEITE VEGETAL;L;0.010000;;
RT0355;POLL - POLLO CON CAIGUA;RECETON SGP;RECETON;1;AGUA PARA RECETA;L;0.015000;;
RT0355;POLL - POLLO CON CAIGUA;RECETON SGP;RECETON;1;CAIGUA REFRIGERADO;KG;0.080000;;
RT0355;POLL - POLLO CON CAIGUA;RECETON SGP;RECETON;1;MAICENA;KG;0.003000;;
RT0355;POLL - POLLO CON CAIGUA;RECETON SGP;RECETON;1;OREGANO ENTERO;KG;0.000120;;
RT0355;POLL - POLLO CON CAIGUA;RECETON SGP;RECETON;1;PECHUGA DE POLLO S/HUESO S/PIEL CONGELADO;KG;0.160000;;
RT0355;POLL - POLLO CON CAIGUA;RECETON SGP;RECETON;1;PEREJIL LIZO REFRIGERADO;KG;0.003000;;
RT0355;POLL - POLLO CON CAIGUA;RECETON SGP;RECETON;1;PIMIENTA NEGRA MOLIDA;KG;0.000120;;
RT0355;POLL - POLLO CON CAIGUA;RECETON SGP;RECETON;1;SAL DE COCINA;KG;0.003000;;
RT0355;POLL - POLLO CON CAIGUA;RECETON SGP;RECETON;1;VINAGRE BLANCO;L;0.001000;;
RT0356;POLL - POLLO CON CHAMPIGÑONES I;RECETON SGP;RECETON;1;ACEITE VEGETAL;L;0.002000;;
RT0356;POLL - POLLO CON CHAMPIGÑONES I;RECETON SGP;RECETON;1;AGUA PARA RECETA;L;0.010000;;
RT0356;POLL - POLLO CON CHAMPIGÑONES I;RECETON SGP;RECETON;1;CHAMPIGÑONES LATA;KG;0.015000;;
RT0356;POLL - POLLO CON CHAMPIGÑONES I;RECETON SGP;RECETON;1;MARGARINA CON SAL REFRIGERADO GRANEL KG;KG;0.005000;;
RT0356;POLL - POLLO CON CHAMPIGÑONES I;RECETON SGP;RECETON;1;MEZCLA LACTEA;L;0.015000;;
RT0356;POLL - POLLO CON CHAMPIGÑONES I;RECETON SGP;RECETON;1;PEREJIL LIZO REFRIGERADO;KG;0.003000;;
RT0356;POLL - POLLO CON CHAMPIGÑONES I;RECETON SGP;RECETON;1;PIMIENTA NEGRA MOLIDA;KG;0.000120;;
RT0356;POLL - POLLO CON CHAMPIGÑONES I;RECETON SGP;RECETON;1;POLLO PIERNA CON ENCUENTRO CONGELADO;KG;0.217000;;
RT0356;POLL - POLLO CON CHAMPIGÑONES I;RECETON SGP;RECETON;1;POLLO SIN MENUDENCIA CONGELADO 1.68 KG;KG;0.066000;;
RT0356;POLL - POLLO CON CHAMPIGÑONES I;RECETON SGP;RECETON;1;SAL DE COCINA;KG;0.003000;;
RT0357;POLL - POLLO CON LEGUMBRES;RECETON SGP;RECETON;1;ACEITE VEGETAL;L;0.002000;;
RT0357;POLL - POLLO CON LEGUMBRES;RECETON SGP;RECETON;1;AGUA PARA RECETA;L;0.020000;;
RT0357;POLL - POLLO CON LEGUMBRES;RECETON SGP;RECETON;1;ARVEJA PELADA CONGELADO;KG;0.010000;;
RT0357;POLL - POLLO CON LEGUMBRES;RECETON SGP;RECETON;1;BASE DE TOMATE;KG;0.020000;;
RT0357;POLL - POLLO CON LEGUMBRES;RECETON SGP;RECETON;1;CALDO DE GALLINA;KG;0.000060;;
RT0357;POLL - POLLO CON LEGUMBRES;RECETON SGP;RECETON;1;MAICENA;KG;0.003000;;
RT0357;POLL - POLLO CON LEGUMBRES;RECETON SGP;RECETON;1;PEREJIL LIZO REFRIGERADO;KG;0.003000;;
RT0357;POLL - POLLO CON LEGUMBRES;RECETON SGP;RECETON;1;PIMIENTA NEGRA MOLIDA;KG;0.000120;;
RT0357;POLL - POLLO CON LEGUMBRES;RECETON SGP;RECETON;1;POLLO PIERNA CON ENCUENTRO CONGELADO;KG;0.217000;;
RT0357;POLL - POLLO CON LEGUMBRES;RECETON SGP;RECETON;1;POLLO SIN MENUDENCIA CONGELADO 1.68 KG;KG;0.066000;;
RT0357;POLL - POLLO CON LEGUMBRES;RECETON SGP;RECETON;1;SAL DE COCINA;KG;0.002000;;
RT0357;POLL - POLLO CON LEGUMBRES;RECETON SGP;RECETON;1;VAINITA ENTERO REFRIGERADO;KG;0.025000;;
RT0357;POLL - POLLO CON LEGUMBRES;RECETON SGP;RECETON;1;ZANAHORIA REFRIGERADO;KG;0.015000;;
RT0358;POLL - POLLO CON PAPAS, VAINITAS Y BROCOLI;RECETON SGP;RECETON;1;ACEITE DE AJONJOLI;L;0.001000;;
RT0358;POLL - POLLO CON PAPAS, VAINITAS Y BROCOLI;RECETON SGP;RECETON;1;ACEITE VEGETAL;L;0.010000;;
RT0358;POLL - POLLO CON PAPAS, VAINITAS Y BROCOLI;RECETON SGP;RECETON;1;BROCOLI 20-40 CONGELADO;KG;0.020000;;
RT0358;POLL - POLLO CON PAPAS, VAINITAS Y BROCOLI;RECETON SGP;RECETON;1;PAPA BLANCA REFRIGERADO;KG;0.060000;;
RT0358;POLL - POLLO CON PAPAS, VAINITAS Y BROCOLI;RECETON SGP;RECETON;1;PECHUGA DE POLLO S/HUESO S/PIEL CONGELADO;KG;0.160000;;
RT0358;POLL - POLLO CON PAPAS, VAINITAS Y BROCOLI;RECETON SGP;RECETON;1;PIMIENTA NEGRA ENTERA;KG;0.000100;;
RT0358;POLL - POLLO CON PAPAS, VAINITAS Y BROCOLI;RECETON SGP;RECETON;1;SAL DE COCINA;KG;0.003000;;
RT0358;POLL - POLLO CON PAPAS, VAINITAS Y BROCOLI;RECETON SGP;RECETON;1;SALSA OSTION;L;0.003000;;
RT0358;POLL - POLLO CON PAPAS, VAINITAS Y BROCOLI;RECETON SGP;RECETON;1;SALSA SILLAO;L;0.005000;;
RT0358;POLL - POLLO CON PAPAS, VAINITAS Y BROCOLI;RECETON SGP;RECETON;1;VAINITA ENTERO REFRIGERADO;KG;0.020000;;
RT0359;POLL - POLLO CON VERDURAS CHINAS;RECETON SGP;RECETON;1;ACEITE VEGETAL;L;0.002000;;
RT0359;POLL - POLLO CON VERDURAS CHINAS;RECETON SGP;RECETON;1;AGUA PARA RECETA;L;0.020000;;
RT0359;POLL - POLLO CON VERDURAS CHINAS;RECETON SGP;RECETON;1;AZUCAR RUBIA;KG;0.001000;;
RT0359;POLL - POLLO CON VERDURAS CHINAS;RECETON SGP;RECETON;1;BROCOLI 20-40 CONGELADO;KG;0.015000;;
RT0359;POLL - POLLO CON VERDURAS CHINAS;RECETON SGP;RECETON;1;CEBOLLA CHINA REFRIGERADO;KG;0.010000;;
RT0359;POLL - POLLO CON VERDURAS CHINAS;RECETON SGP;RECETON;1;CEBOLLA ROJA REFRIGERADO;KG;0.015000;;
RT0359;POLL - POLLO CON VERDURAS CHINAS;RECETON SGP;RECETON;1;COL CHINA REFRIGERADO;KG;0.025000;;
RT0359;POLL - POLLO CON VERDURAS CHINAS;RECETON SGP;RECETON;1;COLANTAO REFRIGERADO;KG;0.010000;;
RT0359;POLL - POLLO CON VERDURAS CHINAS;RECETON SGP;RECETON;1;FRIJOL CHINO REFRIGERADO;KG;0.010000;;
RT0359;POLL - POLLO CON VERDURAS CHINAS;RECETON SGP;RECETON;1;KION MOLIDO SECO;KG;0.000500;;
RT0359;POLL - POLLO CON VERDURAS CHINAS;RECETON SGP;RECETON;1;MAICENA;KG;0.003000;;
RT0359;POLL - POLLO CON VERDURAS CHINAS;RECETON SGP;RECETON;1;PASTA DE AJO;KG;0.002000;;
RT0359;POLL - POLLO CON VERDURAS CHINAS;RECETON SGP;RECETON;1;PIMIENTA NEGRA MOLIDA;KG;0.000120;;
RT0359;POLL - POLLO CON VERDURAS CHINAS;RECETON SGP;RECETON;1;PIMIENTO ROJO REFRIGERADO;KG;0.015000;;
RT0359;POLL - POLLO CON VERDURAS CHINAS;RECETON SGP;RECETON;1;POLLO PIERNA CON ENCUENTRO CONGELADO;KG;0.217000;;
RT0359;POLL - POLLO CON VERDURAS CHINAS;RECETON SGP;RECETON;1;POLLO SIN MENUDENCIA CONGELADO 1.68 KG;KG;0.066000;;
RT0359;POLL - POLLO CON VERDURAS CHINAS;RECETON SGP;RECETON;1;SAL DE COCINA;KG;0.002000;;
RT0359;POLL - POLLO CON VERDURAS CHINAS;RECETON SGP;RECETON;1;SALSA MENSI;KG;0.001000;;
RT0359;POLL - POLLO CON VERDURAS CHINAS;RECETON SGP;RECETON;1;SALSA OSTION;L;0.001000;;
RT0359;POLL - POLLO CON VERDURAS CHINAS;RECETON SGP;RECETON;1;SALSA SILLAO;L;0.005000;;
RT0360;POLL - POLLO CON VERDURAS DIETA;RECETON SGP;RECETON;1;ACEITE VEGETAL;L;0.002000;;
RT0360;POLL - POLLO CON VERDURAS DIETA;RECETON SGP;RECETON;1;AGUA PARA RECETA;L;0.015000;;
RT0360;POLL - POLLO CON VERDURAS DIETA;RECETON SGP;RECETON;1;BROCOLI 20-40 CONGELADO;KG;0.030000;;
RT0360;POLL - POLLO CON VERDURAS DIETA;RECETON SGP;RECETON;1;KION MOLIDO SECO;KG;0.000500;;
RT0360;POLL - POLLO CON VERDURAS DIETA;RECETON SGP;RECETON;1;MAICENA;KG;0.001500;;
RT0360;POLL - POLLO CON VERDURAS DIETA;RECETON SGP;RECETON;1;OREGANO ENTERO;KG;0.000060;;
RT0360;POLL - POLLO CON VERDURAS DIETA;RECETON SGP;RECETON;1;PIMIENTO ROJO REFRIGERADO;KG;0.015000;;
RT0360;POLL - POLLO CON VERDURAS DIETA;RECETON SGP;RECETON;1;POLLO PIERNA CON ENCUENTRO CONGELADO;KG;0.217000;;
RT0360;POLL - POLLO CON VERDURAS DIETA;RECETON SGP;RECETON;1;POLLO SIN MENUDENCIA CONGELADO 1.68 KG;KG;0.066000;;
RT0360;POLL - POLLO CON VERDURAS DIETA;RECETON SGP;RECETON;1;SAL DE COCINA;KG;0.002000;;
RT0360;POLL - POLLO CON VERDURAS DIETA;RECETON SGP;RECETON;1;SALSA SILLAO;L;0.003000;;
RT0360;POLL - POLLO CON VERDURAS DIETA;RECETON SGP;RECETON;1;VAINITA ENTERO REFRIGERADO;KG;0.020000;;
RT0360;POLL - POLLO CON VERDURAS DIETA;RECETON SGP;RECETON;1;ZANAHORIA REFRIGERADO;KG;0.015000;;
RT0360;POLL - POLLO CON VERDURAS DIETA;RECETON SGP;RECETON;1;ZAPALLO ITALIANO REFRIGERADO;KG;0.025000;;
RT0361;POLL - POLLO EN SALSA DE ESPINACA;RECETON SGP;RECETON;1;AGUA PARA RECETA;L;0.013000;;
RT0361;POLL - POLLO EN SALSA DE ESPINACA;RECETON SGP;RECETON;1;CALDO DE GALLINA;KG;0.001000;;
RT0361;POLL - POLLO EN SALSA DE ESPINACA;RECETON SGP;RECETON;1;ESPINACA CONGELADO;KG;0.010000;;
RT0361;POLL - POLLO EN SALSA DE ESPINACA;RECETON SGP;RECETON;1;PASTA DE AJO;KG;0.002000;;
RT0361;POLL - POLLO EN SALSA DE ESPINACA;RECETON SGP;RECETON;1;POLLO PIERNA CON ENCUENTRO CONGELADO;KG;0.217000;;
RT0361;POLL - POLLO EN SALSA DE ESPINACA;RECETON SGP;RECETON;1;POLLO SIN MENUDENCIA CONGELADO 1.68 KG;KG;0.066000;;
RT0361;POLL - POLLO EN SALSA DE ESPINACA;RECETON SGP;RECETON;1;QUESO FRESCO REFRIGERADO;KG;0.001000;;
RT0361;POLL - POLLO EN SALSA DE ESPINACA;RECETON SGP;RECETON;1;SAL DE COCINA;KG;0.002000;;
RT0362;POLL - POLLO EN SALSA DE MANI;RECETON SGP;RECETON;1;ACEITE VEGETAL;L;0.002000;;
RT0362;POLL - POLLO EN SALSA DE MANI;RECETON SGP;RECETON;1;AGUA PARA RECETA;L;0.020000;;
RT0362;POLL - POLLO EN SALSA DE MANI;RECETON SGP;RECETON;1;BASE CRIOLLA;KG;0.008000;;
RT0362;POLL - POLLO EN SALSA DE MANI;RECETON SGP;RECETON;1;COMINO MOLIDO;KG;0.000020;;
RT0362;POLL - POLLO EN SALSA DE MANI;RECETON SGP;RECETON;1;HUACATAY REFRIGERADO;KG;0.005000;;
RT0362;POLL - POLLO EN SALSA DE MANI;RECETON SGP;RECETON;1;MAICENA;KG;0.003000;;
RT0362;POLL - POLLO EN SALSA DE MANI;RECETON SGP;RECETON;1;MANI TOSTADO PELADO;KG;0.002000;;
RT0362;POLL - POLLO EN SALSA DE MANI;RECETON SGP;RECETON;1;OREGANO ENTERO;KG;0.000120;;
RT0362;POLL - POLLO EN SALSA DE MANI;RECETON SGP;RECETON;1;PEREJIL LIZO REFRIGERADO;KG;0.003000;;
RT0362;POLL - POLLO EN SALSA DE MANI;RECETON SGP;RECETON;1;PIMIENTA NEGRA MOLIDA;KG;0.000060;;
RT0362;POLL - POLLO EN SALSA DE MANI;RECETON SGP;RECETON;1;POLLO PIERNA CON ENCUENTRO CONGELADO;KG;0.217000;;
RT0362;POLL - POLLO EN SALSA DE MANI;RECETON SGP;RECETON;1;POLLO SIN MENUDENCIA CONGELADO 1.68 KG;KG;0.066000;;
RT0362;POLL - POLLO EN SALSA DE MANI;RECETON SGP;RECETON;1;SAL DE COCINA;KG;0.002000;;
RT0363;POLL - POLLO EN SALSA DE OSTION;RECETON SGP;RECETON;1;ACEITE VEGETAL;L;0.002000;;
RT0363;POLL - POLLO EN SALSA DE OSTION;RECETON SGP;RECETON;1;AGUA PARA RECETA;L;0.020000;;
RT0363;POLL - POLLO EN SALSA DE OSTION;RECETON SGP;RECETON;1;CEBOLLA CHINA REFRIGERADO;KG;0.015000;;
RT0363;POLL - POLLO EN SALSA DE OSTION;RECETON SGP;RECETON;1;KION MOLIDO SECO;KG;0.001000;;
RT0363;POLL - POLLO EN SALSA DE OSTION;RECETON SGP;RECETON;1;MAICENA;KG;0.003000;;
RT0363;POLL - POLLO EN SALSA DE OSTION;RECETON SGP;RECETON;1;PASTA DE AJO;KG;0.003000;;
RT0363;POLL - POLLO EN SALSA DE OSTION;RECETON SGP;RECETON;1;PIMIENTA NEGRA MOLIDA;KG;0.000120;;
RT0363;POLL - POLLO EN SALSA DE OSTION;RECETON SGP;RECETON;1;PIMIENTO ROJO REFRIGERADO;KG;0.015000;;
RT0363;POLL - POLLO EN SALSA DE OSTION;RECETON SGP;RECETON;1;POLLO PIERNA CON ENCUENTRO CONGELADO;KG;0.217000;;
RT0363;POLL - POLLO EN SALSA DE OSTION;RECETON SGP;RECETON;1;POLLO SIN MENUDENCIA CONGELADO 1.68 KG;KG;0.066000;;
RT0363;POLL - POLLO EN SALSA DE OSTION;RECETON SGP;RECETON;1;SAL DE COCINA;KG;0.002000;;
RT0363;POLL - POLLO EN SALSA DE OSTION;RECETON SGP;RECETON;1;SALSA OSTION;L;0.005000;;
RT0363;POLL - POLLO EN SALSA DE OSTION;RECETON SGP;RECETON;1;SALSA SILLAO;L;0.003000;;
RT0364;POLL - POLLO ENTOMATADO;RECETON SGP;RECETON;1;ACEITE VEGETAL;L;0.002000;;
RT0364;POLL - POLLO ENTOMATADO;RECETON SGP;RECETON;1;AGUA PARA RECETA;L;0.030000;;
RT0364;POLL - POLLO ENTOMATADO;RECETON SGP;RECETON;1;ALBAHACA REFRIGERADO;KG;0.005000;;
RT0364;POLL - POLLO ENTOMATADO;RECETON SGP;RECETON;1;AZUCAR RUBIA;KG;0.001000;;
RT0364;POLL - POLLO ENTOMATADO;RECETON SGP;RECETON;1;BASE DE TOMATE;KG;0.020000;;
RT0364;POLL - POLLO ENTOMATADO;RECETON SGP;RECETON;1;CALDO DE GALLINA;KG;0.000060;;
RT0364;POLL - POLLO ENTOMATADO;RECETON SGP;RECETON;1;MAICENA;KG;0.003000;;
RT0364;POLL - POLLO ENTOMATADO;RECETON SGP;RECETON;1;OREGANO ENTERO;KG;0.000120;;
RT0364;POLL - POLLO ENTOMATADO;RECETON SGP;RECETON;1;PEREJIL LIZO REFRIGERADO;KG;0.002000;;
RT0364;POLL - POLLO ENTOMATADO;RECETON SGP;RECETON;1;PIMIENTA NEGRA MOLIDA;KG;0.000060;;
RT0364;POLL - POLLO ENTOMATADO;RECETON SGP;RECETON;1;POLLO PIERNA CON ENCUENTRO CONGELADO;KG;0.217000;;
RT0364;POLL - POLLO ENTOMATADO;RECETON SGP;RECETON;1;POLLO SIN MENUDENCIA CONGELADO 1.68 KG;KG;0.066000;;
RT0364;POLL - POLLO ENTOMATADO;RECETON SGP;RECETON;1;SAL DE COCINA;KG;0.002000;;
RT0364;POLL - POLLO ENTOMATADO;RECETON SGP;RECETON;1;TOMILLO;KG;0.000120;;
RT0365;POLL - POLLO GUISADO C/ LIMON, AJO Y ROMERO;RECETON SGP;RECETON;1;ACEITE VEGETAL;L;0.003000;;
RT0365;POLL - POLLO GUISADO C/ LIMON, AJO Y ROMERO;RECETON SGP;RECETON;1;AGUA PARA RECETA;L;0.030000;;
RT0365;POLL - POLLO GUISADO C/ LIMON, AJO Y ROMERO;RECETON SGP;RECETON;1;BASE NEUTRA;KG;0.020000;;
RT0365;POLL - POLLO GUISADO C/ LIMON, AJO Y ROMERO;RECETON SGP;RECETON;1;CALDO DE GALLINA;KG;0.001000;;
RT0365;POLL - POLLO GUISADO C/ LIMON, AJO Y ROMERO;RECETON SGP;RECETON;1;MAICENA;KG;0.003000;;
RT0365;POLL - POLLO GUISADO C/ LIMON, AJO Y ROMERO;RECETON SGP;RECETON;1;PEREJIL LIZO REFRIGERADO;KG;0.003000;;
RT0365;POLL - POLLO GUISADO C/ LIMON, AJO Y ROMERO;RECETON SGP;RECETON;1;PIMIENTA NEGRA MOLIDA;KG;0.000060;;
RT0365;POLL - POLLO GUISADO C/ LIMON, AJO Y ROMERO;RECETON SGP;RECETON;1;POLLO PIERNA CON ENCUENTRO CONGELADO;KG;0.217000;;
RT0365;POLL - POLLO GUISADO C/ LIMON, AJO Y ROMERO;RECETON SGP;RECETON;1;POLLO SIN MENUDENCIA CONGELADO 1.68 KG;KG;0.066000;;
RT0365;POLL - POLLO GUISADO C/ LIMON, AJO Y ROMERO;RECETON SGP;RECETON;1;ROMERO;KG;0.001000;;
RT0365;POLL - POLLO GUISADO C/ LIMON, AJO Y ROMERO;RECETON SGP;RECETON;1;SAL DE COCINA;KG;0.001000;;
RT0365;POLL - POLLO GUISADO C/ LIMON, AJO Y ROMERO;RECETON SGP;RECETON;1;ZUMO DE LIMON CONGELADO;KG;0.002000;;
RT0366;POLL - POLLO TI PA KAY;RECETON SGP;RECETON;1;ACEITE VEGETAL;L;0.020000;;
RT0366;POLL - POLLO TI PA KAY;RECETON SGP;RECETON;1;AGUA PARA RECETA;L;0.020000;;
RT0366;POLL - POLLO TI PA KAY;RECETON SGP;RECETON;1;AJI AMARILLO REFRIGERADO;KG;0.003000;;
RT0366;POLL - POLLO TI PA KAY;RECETON SGP;RECETON;1;AZUCAR RUBIA;KG;0.003000;;
RT0366;POLL - POLLO TI PA KAY;RECETON SGP;RECETON;1;CEBOLLA CHINA REFRIGERADO;KG;0.005000;;
RT0366;POLL - POLLO TI PA KAY;RECETON SGP;RECETON;1;CHUÑO;KG;0.005000;;
RT0366;POLL - POLLO TI PA KAY;RECETON SGP;RECETON;1;HARINA DE TRIGO ESPECIAL;KG;0.010000;;
RT0366;POLL - POLLO TI PA KAY;RECETON SGP;RECETON;1;HUEVO LIQUIDO CONGELADO;KG;0.020000;;
RT0366;POLL - POLLO TI PA KAY;RECETON SGP;RECETON;1;KETCHUP;KG;0.015000;;
RT0366;POLL - POLLO TI PA KAY;RECETON SGP;RECETON;1;KION MOLIDO SECO;KG;0.001000;;
RT0366;POLL - POLLO TI PA KAY;RECETON SGP;RECETON;1;MAICENA;KG;0.003000;;
RT0366;POLL - POLLO TI PA KAY;RECETON SGP;RECETON;1;PASTA DE AJO;KG;0.003000;;
RT0366;POLL - POLLO TI PA KAY;RECETON SGP;RECETON;1;PASTA DE TOMATE;KG;0.005000;;
RT0366;POLL - POLLO TI PA KAY;RECETON SGP;RECETON;1;PECHUGA DE POLLO S/HUESO S/PIEL CONGELADO;KG;0.160000;;
RT0366;POLL - POLLO TI PA KAY;RECETON SGP;RECETON;1;SAL DE COCINA;KG;0.003000;;
RT0366;POLL - POLLO TI PA KAY;RECETON SGP;RECETON;1;SALSA SILLAO;L;0.002000;;
RT0366;POLL - POLLO TI PA KAY;RECETON SGP;RECETON;1;VINAGRE BLANCO;L;0.003000;;
RT0367;POLL - SALTADO CRIOLLO CON POLLO;RECETON SGP;RECETON;1;ACEITE VEGETAL;L;0.003000;;
RT0367;POLL - SALTADO CRIOLLO CON POLLO;RECETON SGP;RECETON;1;AGUA PARA RECETA;L;0.015000;;
RT0367;POLL - SALTADO CRIOLLO CON POLLO;RECETON SGP;RECETON;1;CEBOLLA CHINA REFRIGERADO;KG;0.005000;;
RT0367;POLL - SALTADO CRIOLLO CON POLLO;RECETON SGP;RECETON;1;CEBOLLA ROJA REFRIGERADO;KG;0.040000;;
RT0367;POLL - SALTADO CRIOLLO CON POLLO;RECETON SGP;RECETON;1;CULANTRO REFRIGERADO;KG;0.003000;;
RT0367;POLL - SALTADO CRIOLLO CON POLLO;RECETON SGP;RECETON;1;PASTA DE AJO;KG;0.003000;;
RT0367;POLL - SALTADO CRIOLLO CON POLLO;RECETON SGP;RECETON;1;PECHUGA DE POLLO S/HUESO S/PIEL CONGELADO;KG;0.160000;;
RT0367;POLL - SALTADO CRIOLLO CON POLLO;RECETON SGP;RECETON;1;PIMIENTA NEGRA MOLIDA;KG;0.000120;;
RT0367;POLL - SALTADO CRIOLLO CON POLLO;RECETON SGP;RECETON;1;SAL DE COCINA;KG;0.003000;;
RT0367;POLL - SALTADO CRIOLLO CON POLLO;RECETON SGP;RECETON;1;SALSA SILLAO;L;0.008000;;
RT0367;POLL - SALTADO CRIOLLO CON POLLO;RECETON SGP;RECETON;1;TOMATE CRIOLLO REFRIGERADO;KG;0.040000;;
RT0367;POLL - SALTADO CRIOLLO CON POLLO;RECETON SGP;RECETON;1;VINAGRE TINTO;L;0.003000;;
RT0368;POLL - SALTADO DE VERDURAS CH CON POLLO;RECETON SGP;RECETON;1;ACEITE VEGETAL;L;0.003000;;
RT0368;POLL - SALTADO DE VERDURAS CH CON POLLO;RECETON SGP;RECETON;1;AGUA PARA RECETA;L;0.020000;;
RT0368;POLL - SALTADO DE VERDURAS CH CON POLLO;RECETON SGP;RECETON;1;AZUCAR RUBIA;KG;0.001000;;
RT0368;POLL - SALTADO DE VERDURAS CH CON POLLO;RECETON SGP;RECETON;1;BROCOLI 20-40 CONGELADO;KG;0.015000;;
RT0368;POLL - SALTADO DE VERDURAS CH CON POLLO;RECETON SGP;RECETON;1;CEBOLLA CHINA REFRIGERADO;KG;0.010000;;
RT0368;POLL - SALTADO DE VERDURAS CH CON POLLO;RECETON SGP;RECETON;1;CEBOLLA ROJA REFRIGERADO;KG;0.015000;;
RT0368;POLL - SALTADO DE VERDURAS CH CON POLLO;RECETON SGP;RECETON;1;COL CHINA REFRIGERADO;KG;0.025000;;
RT0368;POLL - SALTADO DE VERDURAS CH CON POLLO;RECETON SGP;RECETON;1;COLANTAO REFRIGERADO;KG;0.010000;;
RT0368;POLL - SALTADO DE VERDURAS CH CON POLLO;RECETON SGP;RECETON;1;FRIJOL CHINO REFRIGERADO;KG;0.010000;;
RT0368;POLL - SALTADO DE VERDURAS CH CON POLLO;RECETON SGP;RECETON;1;KION MOLIDO SECO;KG;0.000500;;
RT0368;POLL - SALTADO DE VERDURAS CH CON POLLO;RECETON SGP;RECETON;1;MAICENA;KG;0.003000;;
RT0368;POLL - SALTADO DE VERDURAS CH CON POLLO;RECETON SGP;RECETON;1;PASTA DE AJO;KG;0.003000;;
RT0368;POLL - SALTADO DE VERDURAS CH CON POLLO;RECETON SGP;RECETON;1;PECHUGA DE POLLO S/HUESO S/PIEL CONGELADO;KG;0.160000;;
RT0368;POLL - SALTADO DE VERDURAS CH CON POLLO;RECETON SGP;RECETON;1;PIMIENTA NEGRA MOLIDA;KG;0.000120;;
RT0368;POLL - SALTADO DE VERDURAS CH CON POLLO;RECETON SGP;RECETON;1;PIMIENTO ROJO REFRIGERADO;KG;0.015000;;
RT0368;POLL - SALTADO DE VERDURAS CH CON POLLO;RECETON SGP;RECETON;1;SAL DE COCINA;KG;0.002000;;
RT0368;POLL - SALTADO DE VERDURAS CH CON POLLO;RECETON SGP;RECETON;1;SALSA MENSI;KG;0.001000;;
RT0368;POLL - SALTADO DE VERDURAS CH CON POLLO;RECETON SGP;RECETON;1;SALSA OSTION;L;0.001000;;
RT0368;POLL - SALTADO DE VERDURAS CH CON POLLO;RECETON SGP;RECETON;1;SALSA SILLAO;L;0.005000;;
RT0369;POLL - TALLARIN SALTADO CRIOLLO CON POLLO;RECETON SGP;RECETON;1;ACEITE VEGETAL;L;0.003000;;
RT0369;POLL - TALLARIN SALTADO CRIOLLO CON POLLO;RECETON SGP;RECETON;1;AGUA PARA RECETA;L;0.015000;;
RT0369;POLL - TALLARIN SALTADO CRIOLLO CON POLLO;RECETON SGP;RECETON;1;AJI AMARILLO REFRIGERADO;KG;0.005000;;
RT0369;POLL - TALLARIN SALTADO CRIOLLO CON POLLO;RECETON SGP;RECETON;1;CEBOLLA CHINA REFRIGERADO;KG;0.015000;;
RT0369;POLL - TALLARIN SALTADO CRIOLLO CON POLLO;RECETON SGP;RECETON;1;CEBOLLA ROJA REFRIGERADO;KG;0.040000;;
RT0369;POLL - TALLARIN SALTADO CRIOLLO CON POLLO;RECETON SGP;RECETON;1;FIDEO SPAGUETTI;KG;0.090000;;
RT0369;POLL - TALLARIN SALTADO CRIOLLO CON POLLO;RECETON SGP;RECETON;1;MAICENA;KG;0.003000;;
RT0369;POLL - TALLARIN SALTADO CRIOLLO CON POLLO;RECETON SGP;RECETON;1;OREGANO ENTERO;KG;0.000120;;
RT0369;POLL - TALLARIN SALTADO CRIOLLO CON POLLO;RECETON SGP;RECETON;1;PECHUGA DE POLLO S/HUESO S/PIEL CONGELADO;KG;0.160000;;
RT0369;POLL - TALLARIN SALTADO CRIOLLO CON POLLO;RECETON SGP;RECETON;1;PEREJIL LIZO REFRIGERADO;KG;0.003000;;
RT0369;POLL - TALLARIN SALTADO CRIOLLO CON POLLO;RECETON SGP;RECETON;1;PIMIENTA NEGRA MOLIDA;KG;0.000120;;
RT0369;POLL - TALLARIN SALTADO CRIOLLO CON POLLO;RECETON SGP;RECETON;1;PIMIENTO ROJO REFRIGERADO;KG;0.015000;;
RT0369;POLL - TALLARIN SALTADO CRIOLLO CON POLLO;RECETON SGP;RECETON;1;SAL DE COCINA;KG;0.003000;;
RT0369;POLL - TALLARIN SALTADO CRIOLLO CON POLLO;RECETON SGP;RECETON;1;SALSA SILLAO;L;0.008000;;
RT0369;POLL - TALLARIN SALTADO CRIOLLO CON POLLO;RECETON SGP;RECETON;1;TOMATE CRIOLLO REFRIGERADO;KG;0.040000;;
RT0370;POLL - TALLARINES ROJOS CON POLLO;RECETON SGP;RECETON;1;ACEITE VEGETAL;L;0.002000;;
RT0370;POLL - TALLARINES ROJOS CON POLLO;RECETON SGP;RECETON;1;AGUA PARA RECETA;L;0.030000;;
RT0370;POLL - TALLARINES ROJOS CON POLLO;RECETON SGP;RECETON;1;ALBAHACA REFRIGERADO;KG;0.005000;;
RT0370;POLL - TALLARINES ROJOS CON POLLO;RECETON SGP;RECETON;1;AZUCAR RUBIA;KG;0.001000;;
RT0370;POLL - TALLARINES ROJOS CON POLLO;RECETON SGP;RECETON;1;BASE DE TOMATE;KG;0.030000;;
RT0370;POLL - TALLARINES ROJOS CON POLLO;RECETON SGP;RECETON;1;CALDO DE GALLINA;KG;0.000060;;
RT0370;POLL - TALLARINES ROJOS CON POLLO;RECETON SGP;RECETON;1;FIDEO SPAGUETTI;KG;0.090000;;
RT0370;POLL - TALLARINES ROJOS CON POLLO;RECETON SGP;RECETON;1;HONGO SECO;KG;0.000120;;
RT0370;POLL - TALLARINES ROJOS CON POLLO;RECETON SGP;RECETON;1;LAUREL;KG;0.000120;;
RT0370;POLL - TALLARINES ROJOS CON POLLO;RECETON SGP;RECETON;1;OREGANO ENTERO;KG;0.000120;;
RT0370;POLL - TALLARINES ROJOS CON POLLO;RECETON SGP;RECETON;1;PASTA DE TOMATE;KG;0.005000;;
RT0370;POLL - TALLARINES ROJOS CON POLLO;RECETON SGP;RECETON;1;PIMIENTA NEGRA MOLIDA;KG;0.000120;;
RT0370;POLL - TALLARINES ROJOS CON POLLO;RECETON SGP;RECETON;1;POLLO PIERNA CON ENCUENTRO CONGELADO;KG;0.217000;;
RT0370;POLL - TALLARINES ROJOS CON POLLO;RECETON SGP;RECETON;1;POLLO SIN MENUDENCIA CONGELADO 1.68 KG;KG;0.066000;;
RT0370;POLL - TALLARINES ROJOS CON POLLO;RECETON SGP;RECETON;1;SAL DE COCINA;KG;0.002000;;
RT0371;POLL - VAINITA SALTADA CON POLLO;RECETON SGP;RECETON;1;ACEITE VEGETAL;L;0.003000;;
RT0371;POLL - VAINITA SALTADA CON POLLO;RECETON SGP;RECETON;1;AGUA PARA RECETA;L;0.015000;;
RT0371;POLL - VAINITA SALTADA CON POLLO;RECETON SGP;RECETON;1;AJI AMARILLO REFRIGERADO;KG;0.003000;;
RT0371;POLL - VAINITA SALTADA CON POLLO;RECETON SGP;RECETON;1;CEBOLLA ROJA REFRIGERADO;KG;0.040000;;
RT0371;POLL - VAINITA SALTADA CON POLLO;RECETON SGP;RECETON;1;CULANTRO REFRIGERADO;KG;0.003000;;
RT0371;POLL - VAINITA SALTADA CON POLLO;RECETON SGP;RECETON;1;PASTA DE AJO;KG;0.003000;;
RT0371;POLL - VAINITA SALTADA CON POLLO;RECETON SGP;RECETON;1;PECHUGA DE POLLO S/HUESO S/PIEL CONGELADO;KG;0.160000;;
RT0371;POLL - VAINITA SALTADA CON POLLO;RECETON SGP;RECETON;1;PIMIENTA NEGRA MOLIDA;KG;0.000120;;
RT0371;POLL - VAINITA SALTADA CON POLLO;RECETON SGP;RECETON;1;SAL DE COCINA;KG;0.002000;;
RT0371;POLL - VAINITA SALTADA CON POLLO;RECETON SGP;RECETON;1;SALSA SILLAO;L;0.010000;;
RT0371;POLL - VAINITA SALTADA CON POLLO;RECETON SGP;RECETON;1;TOMATE CRIOLLO REFRIGERADO;KG;0.040000;;
RT0371;POLL - VAINITA SALTADA CON POLLO;RECETON SGP;RECETON;1;VAINITA ENTERO REFRIGERADO;KG;0.070000;;
RT0371;POLL - VAINITA SALTADA CON POLLO;RECETON SGP;RECETON;1;VINAGRE TINTO;L;0.003000;;
RT0372;POLL- POLLO A LA PIZZAIOLA;RECETON SGP;RECETON;1;ACEITE VEGETAL;L;0.002000;;
RT0372;POLL- POLLO A LA PIZZAIOLA;RECETON SGP;RECETON;1;AGUA PARA RECETA;L;0.015000;;
RT0372;POLL- POLLO A LA PIZZAIOLA;RECETON SGP;RECETON;1;ALBAHACA REFRIGERADO;KG;0.005000;;
RT0372;POLL- POLLO A LA PIZZAIOLA;RECETON SGP;RECETON;1;BASE DE TOMATE;KG;0.020000;;
RT0372;POLL- POLLO A LA PIZZAIOLA;RECETON SGP;RECETON;1;CALDO DE GALLINA;KG;0.000060;;
RT0372;POLL- POLLO A LA PIZZAIOLA;RECETON SGP;RECETON;1;LAUREL;KG;0.000120;;
RT0372;POLL- POLLO A LA PIZZAIOLA;RECETON SGP;RECETON;1;OREGANO ENTERO;KG;0.000120;;
RT0372;POLL- POLLO A LA PIZZAIOLA;RECETON SGP;RECETON;1;PIMIENTA NEGRA MOLIDA;KG;0.000060;;
RT0372;POLL- POLLO A LA PIZZAIOLA;RECETON SGP;RECETON;1;POLLO PIERNA CON ENCUENTRO CONGELADO;KG;0.217000;;
RT0372;POLL- POLLO A LA PIZZAIOLA;RECETON SGP;RECETON;1;POLLO SIN MENUDENCIA CONGELADO 1.68 KG;KG;0.066000;;
RT0372;POLL- POLLO A LA PIZZAIOLA;RECETON SGP;RECETON;1;QUESO MOZARELLA CONGELADO;KG;0.015000;;
RT0372;POLL- POLLO A LA PIZZAIOLA;RECETON SGP;RECETON;1;SAL DE COCINA;KG;0.002000;;
RT0373;POLL- POLLO AL LIMON;RECETON SGP;RECETON;1;ACEITE VEGETAL;L;0.002000;;
RT0373;POLL- POLLO AL LIMON;RECETON SGP;RECETON;1;AGUA PARA RECETA;L;0.020000;;
RT0373;POLL- POLLO AL LIMON;RECETON SGP;RECETON;1;BASE AMARILLA;KG;0.020000;;
RT0373;POLL- POLLO AL LIMON;RECETON SGP;RECETON;1;MAICENA;KG;0.003000;;
RT0373;POLL- POLLO AL LIMON;RECETON SGP;RECETON;1;PEREJIL LIZO REFRIGERADO;KG;0.003000;;
RT0373;POLL- POLLO AL LIMON;RECETON SGP;RECETON;1;PIMIENTA NEGRA MOLIDA;KG;0.000060;;
RT0373;POLL- POLLO AL LIMON;RECETON SGP;RECETON;1;POLLO PIERNA CON ENCUENTRO CONGELADO;KG;0.217000;;
RT0373;POLL- POLLO AL LIMON;RECETON SGP;RECETON;1;POLLO SIN MENUDENCIA CONGELADO 1.68 KG;KG;0.066000;;
RT0373;POLL- POLLO AL LIMON;RECETON SGP;RECETON;1;SAL DE COCINA;KG;0.001000;;
RT0373;POLL- POLLO AL LIMON;RECETON SGP;RECETON;1;ZUMO DE LIMON CONGELADO;KG;0.020000;;
RT0374;POLL- SECO DE POLLO;RECETON SGP;RECETON;1;ACEITE VEGETAL;L;0.002000;;
RT0374;POLL- SECO DE POLLO;RECETON SGP;RECETON;1;AGUA PARA RECETA;L;0.020000;;
RT0374;POLL- SECO DE POLLO;RECETON SGP;RECETON;1;ARVEJA PELADA CONGELADO;KG;0.005000;;
RT0374;POLL- SECO DE POLLO;RECETON SGP;RECETON;1;BASE VERDE;KG;0.020000;;
RT0374;POLL- SECO DE POLLO;RECETON SGP;RECETON;1;CALDO DE GALLINA;KG;0.000060;;
RT0374;POLL- SECO DE POLLO;RECETON SGP;RECETON;1;COMINO MOLIDO;KG;0.000020;;
RT0374;POLL- SECO DE POLLO;RECETON SGP;RECETON;1;MAICENA;KG;0.003000;;
RT0374;POLL- SECO DE POLLO;RECETON SGP;RECETON;1;PIMIENTA NEGRA MOLIDA;KG;0.000060;;
RT0374;POLL- SECO DE POLLO;RECETON SGP;RECETON;1;PIMIENTO ROJO REFRIGERADO;KG;0.005000;;
RT0374;POLL- SECO DE POLLO;RECETON SGP;RECETON;1;POLLO PIERNA CON ENCUENTRO CONGELADO;KG;0.217000;;
RT0374;POLL- SECO DE POLLO;RECETON SGP;RECETON;1;POLLO SIN MENUDENCIA CONGELADO 1.68 KG;KG;0.066000;;
RT0374;POLL- SECO DE POLLO;RECETON SGP;RECETON;1;SAL DE COCINA;KG;0.002000;;
RT0374;POLL- SECO DE POLLO;RECETON SGP;RECETON;1;ZANAHORIA REFRIGERADO;KG;0.022000;;
RT0375;PONCHE DE MACA;RECETON SGP;RECETON;1;AGUA PARA RECETA;L;0.280000;;
RT0375;PONCHE DE MACA;RECETON SGP;RECETON;1;AZUCAR RUBIA;KG;0.015000;;
RT0375;PONCHE DE MACA;RECETON SGP;RECETON;1;CANELA ENTERA;KG;0.000120;;
RT0375;PONCHE DE MACA;RECETON SGP;RECETON;1;CLAVO DE OLOR ENTERO;KG;0.000060;;
RT0375;PONCHE DE MACA;RECETON SGP;RECETON;1;ESCENCIA DE VAINILLA;L;0.000012;;
RT0375;PONCHE DE MACA;RECETON SGP;RECETON;1;HARINA DE MACA;KG;0.025000;;
RT0375;PONCHE DE MACA;RECETON SGP;RECETON;1;LECHE EVAPORADA;L;0.020000;;
RT0376;PUDIN DE CHOCOLATE;RECETON SGP;RECETON;1;AGUA PARA RECETA;L;0.050000;;
RT0376;PUDIN DE CHOCOLATE;RECETON SGP;RECETON;1;LECHE EVAPORADA;L;0.050000;;
RT0376;PUDIN DE CHOCOLATE;RECETON SGP;RECETON;1;PUDIN CHOCOLATE INSTANTANEO;KG;0.010000;;
RT0377;PUL - CHANFAINITA;RECETON SGP;RECETON;1;ACEITE VEGETAL;L;0.002000;;
RT0377;PUL - CHANFAINITA;RECETON SGP;RECETON;1;AGUA PARA RECETA;L;0.030000;;
RT0377;PUL - CHANFAINITA;RECETON SGP;RECETON;1;BASE CRIOLLA;KG;0.008000;;
RT0377;PUL - CHANFAINITA;RECETON SGP;RECETON;1;COMINO MOLIDO;KG;0.000020;;
RT0377;PUL - CHANFAINITA;RECETON SGP;RECETON;1;HIERBA BUENA REFRIGERADO;KG;0.003000;;
RT0377;PUL - CHANFAINITA;RECETON SGP;RECETON;1;PAPA BLANCA REFRIGERADO;KG;0.120000;;
RT0377;PUL - CHANFAINITA;RECETON SGP;RECETON;1;PEREJIL LIZO REFRIGERADO;KG;0.002000;;
RT0377;PUL - CHANFAINITA;RECETON SGP;RECETON;1;PIMIENTA NEGRA MOLIDA;KG;0.000060;;
RT0377;PUL - CHANFAINITA;RECETON SGP;RECETON;1;RES PULMON CORTE CHANFAINITA CONGELADA;KG;0.090000;;
RT0377;PUL - CHANFAINITA;RECETON SGP;RECETON;1;SAL DE COCINA;KG;0.002000;;
RT0378;PUNQUI (7 SEMILLAS);RECETON SGP;RECETON;1;AGUA PARA RECETA;L;0.250000;;
RT0378;PUNQUI (7 SEMILLAS);RECETON SGP;RECETON;1;AZUCAR RUBIA;KG;0.015000;;
RT0378;PUNQUI (7 SEMILLAS);RECETON SGP;RECETON;1;CANELA ENTERA;KG;0.000100;;
RT0378;PUNQUI (7 SEMILLAS);RECETON SGP;RECETON;1;CLAVO DE OLOR ENTERO;KG;0.000100;;
RT0378;PUNQUI (7 SEMILLAS);RECETON SGP;RECETON;1;ESCENCIA DE VAINILLA;L;0.000100;;
RT0378;PUNQUI (7 SEMILLAS);RECETON SGP;RECETON;1;HARINA DE 7 SEMILLAS;KG;0.015000;;
RT0379;QUESO EDAM;RECETON SGP;RECETON;1;QUESO EDAM CONGELADO;KG;0.030000;;
RT0380;QUESO FRESCO;RECETON SGP;RECETON;1;QUESO FRESCO REFRIGERADO;KG;0.030000;;
RT0381;QUESO HELADO;RECETON SGP;RECETON;1;CANELA ENTERA;KG;0.000120;;
RT0381;QUESO HELADO;RECETON SGP;RECETON;1;CANELA MOLIDA;KG;0.000120;;
RT0381;QUESO HELADO;RECETON SGP;RECETON;1;CLAVO DE OLOR ENTERO;KG;0.000060;;
RT0381;QUESO HELADO;RECETON SGP;RECETON;1;COCO RALLADO;KG;0.010000;;
RT0381;QUESO HELADO;RECETON SGP;RECETON;1;COLAPIZ EN POLVO;KG;0.002000;;
RT0381;QUESO HELADO;RECETON SGP;RECETON;1;LECHE CONDENSADA LATA;L;0.019500;;
RT0381;QUESO HELADO;RECETON SGP;RECETON;1;LECHE EVAPORADA;L;0.070000;;
RT0382;QUICHE LORRAINE;RECETON SGP;RECETON;1;AGUA PARA RECETA;L;0.004500;;
RT0382;QUICHE LORRAINE;RECETON SGP;RECETON;1;AZUCAR RUBIA;KG;0.005000;;
RT0382;QUICHE LORRAINE;RECETON SGP;RECETON;1;HARINA DE TRIGO ESPECIAL;KG;0.015000;;
RT0382;QUICHE LORRAINE;RECETON SGP;RECETON;1;HUEVO ROSADO REFRIGERADO CAJA;KG;0.040000;;
RT0382;QUICHE LORRAINE;RECETON SGP;RECETON;1;LECHE EVAPORADA;L;0.015000;;
RT0382;QUICHE LORRAINE;RECETON SGP;RECETON;1;MARGARINA CON SAL REFRIGERADO GRANEL KG;KG;0.007500;;
RT0382;QUICHE LORRAINE;RECETON SGP;RECETON;1;NUEZ MOSCADA MOLIDA;KG;0.000120;;
RT0382;QUICHE LORRAINE;RECETON SGP;RECETON;1;PIMIENTA NEGRA MOLIDA;KG;0.000120;;
RT0382;QUICHE LORRAINE;RECETON SGP;RECETON;1;QUESO FRESCO REFRIGERADO;KG;0.030000;;
RT0382;QUICHE LORRAINE;RECETON SGP;RECETON;1;QUESO PARMESANO REFRIGERADO;KG;0.001000;;
RT0382;QUICHE LORRAINE;RECETON SGP;RECETON;1;SAL DE COCINA;KG;0.003000;;
RT0382;QUICHE LORRAINE;RECETON SGP;RECETON;1;TOCINO AHUMADO CONGELADO;KG;0.005000;;
RT0383;QUINUA ACARAMELADA;RECETON SGP;RECETON;1;AGUA PARA RECETA;L;0.300000;;
RT0383;QUINUA ACARAMELADA;RECETON SGP;RECETON;1;AZUCAR RUBIA;KG;0.015000;;
RT0383;QUINUA ACARAMELADA;RECETON SGP;RECETON;1;CANELA ENTERA;KG;0.000120;;
RT0383;QUINUA ACARAMELADA;RECETON SGP;RECETON;1;CLAVO DE OLOR ENTERO;KG;0.000060;;
RT0383;QUINUA ACARAMELADA;RECETON SGP;RECETON;1;MAICENA;KG;0.003000;;
RT0383;QUINUA ACARAMELADA;RECETON SGP;RECETON;1;QUINUA;KG;0.015000;;
RT0384;REFRESCO EMOLIENTE/HIERBA LUISA;RECETON SGP;RECETON;1;AGUA PARA RECETA;L;0.210000;;
RT0384;REFRESCO EMOLIENTE/HIERBA LUISA;RECETON SGP;RECETON;1;AZUCAR RUBIA;KG;0.015000;;
RT0384;REFRESCO EMOLIENTE/HIERBA LUISA;RECETON SGP;RECETON;1;CONCENTRADO DE EMOLIENTE 2 LT;L;0.020000;;
RT0384;REFRESCO EMOLIENTE/HIERBA LUISA;RECETON SGP;RECETON;1;INFUSION HIERBA LUISA 50 GRM;KG;0.001000;;
RT0385;REFRESCO EMOLIENTE/MANZANA;RECETON SGP;RECETON;1;AGUA PARA RECETA;L;0.210000;;
RT0385;REFRESCO EMOLIENTE/MANZANA;RECETON SGP;RECETON;1;AZUCAR RUBIA;KG;0.015000;;
RT0385;REFRESCO EMOLIENTE/MANZANA;RECETON SGP;RECETON;1;CONCENTRADO DE EMOLIENTE 2 LT;L;0.020000;;
RT0385;REFRESCO EMOLIENTE/MANZANA;RECETON SGP;RECETON;1;CONCENTRADO DE MANZANA;L;0.006000;;
RT0386;REFRESCO INFUSION FRIA ANIS;RECETON SGP;RECETON;1;AGUA PARA RECETA;L;0.250000;;
RT0386;REFRESCO INFUSION FRIA ANIS;RECETON SGP;RECETON;1;AZUCAR RUBIA;KG;0.015000;;
RT0386;REFRESCO INFUSION FRIA ANIS;RECETON SGP;RECETON;1;INFUSION ANIS 50 GRM;KG;0.000500;;
RT0387;REFRESCO INFUSION FRIA HIERBA LUISA;RECETON SGP;RECETON;1;AGUA PARA RECETA;L;0.250000;;
RT0387;REFRESCO INFUSION FRIA HIERBA LUISA;RECETON SGP;RECETON;1;AZUCAR RUBIA;KG;0.015000;;
RT0387;REFRESCO INFUSION FRIA HIERBA LUISA;RECETON SGP;RECETON;1;INFUSION HIERBA LUISA 50 GRM;KG;0.000500;;
RT0388;REFRESCO INFUSION FRIA MANZANILLA;RECETON SGP;RECETON;1;AGUA PARA RECETA;L;0.250000;;
RT0388;REFRESCO INFUSION FRIA MANZANILLA;RECETON SGP;RECETON;1;AZUCAR RUBIA;KG;0.015000;;
RT0388;REFRESCO INFUSION FRIA MANZANILLA;RECETON SGP;RECETON;1;INFUSION MANZANILLA 50 GRM;KG;0.000500;;
RT0389;REFRESCO INFUSION FRIA TE;RECETON SGP;RECETON;1;AGUA PARA RECETA;L;0.250000;;
RT0389;REFRESCO INFUSION FRIA TE;RECETON SGP;RECETON;1;AZUCAR RUBIA;KG;0.015000;;
RT0389;REFRESCO INFUSION FRIA TE;RECETON SGP;RECETON;1;INFUSION TE NEGRO 50 GRM;KG;0.000500;;
RT0390;REFRESCO LIMONADA CON HIERBA LUISA;RECETON SGP;RECETON;1;AGUA PARA RECETA;L;0.220000;;
RT0390;REFRESCO LIMONADA CON HIERBA LUISA;RECETON SGP;RECETON;1;AZUCAR RUBIA;KG;0.015000;;
RT0390;REFRESCO LIMONADA CON HIERBA LUISA;RECETON SGP;RECETON;1;INFUSION HIERBA LUISA 50 GRM;KG;0.001000;;
RT0390;REFRESCO LIMONADA CON HIERBA LUISA;RECETON SGP;RECETON;1;ZUMO DE LIMON CONGELADO;KG;0.007100;;
RT0391;RELAMPAGO;RECETON SGP;RECETON;1;AGUA PARA RECETA;L;0.006250;;
RT0391;RELAMPAGO;RECETON SGP;RECETON;1;CREMA CHANTILLY;L;0.015000;;
RT0391;RELAMPAGO;RECETON SGP;RECETON;1;HARINA DE TRIGO ESPECIAL;KG;0.007500;;
RT0391;RELAMPAGO;RECETON SGP;RECETON;1;HUEVO LIQUIDO CONGELADO;KG;0.009000;;
RT0391;RELAMPAGO;RECETON SGP;RECETON;1;LECHE EVAPORADA;L;0.006250;;
RT0391;RELAMPAGO;RECETON SGP;RECETON;1;MARGARINA CON SAL REFRIGERADO GRANEL KG;KG;0.005000;;
RT0391;RELAMPAGO;RECETON SGP;RECETON;1;SAL DE COCINA;KG;0.000250;;
RT0392;RES - ALBONDIGAS A LA NAPOLITANA;RECETON SGP;RECETON;1;AGUA PARA RECETA;L;0.030000;;
RT0392;RES - ALBONDIGAS A LA NAPOLITANA;RECETON SGP;RECETON;1;ALBAHACA REFRIGERADO;KG;0.003000;;
RT0392;RES - ALBONDIGAS A LA NAPOLITANA;RECETON SGP;RECETON;1;BASE DE TOMATE;KG;0.020000;;
RT0392;RES - ALBONDIGAS A LA NAPOLITANA;RECETON SGP;RECETON;1;CEBOLLA ROJA REFRIGERADO;KG;0.110000;;
RT0392;RES - ALBONDIGAS A LA NAPOLITANA;RECETON SGP;RECETON;1;HUEVO ROSADO REFRIGERADO CAJA;KG;0.005000;;
RT0392;RES - ALBONDIGAS A LA NAPOLITANA;RECETON SGP;RECETON;1;MAICENA;KG;0.003000;;
RT0392;RES - ALBONDIGAS A LA NAPOLITANA;RECETON SGP;RECETON;1;OREGANO ENTERO;KG;0.000120;;
RT0392;RES - ALBONDIGAS A LA NAPOLITANA;RECETON SGP;RECETON;1;PAN MOLIDO KG.;KG;0.010000;;
RT0392;RES - ALBONDIGAS A LA NAPOLITANA;RECETON SGP;RECETON;1;PASTA DE AJO;KG;0.001000;;
RT0392;RES - ALBONDIGAS A LA NAPOLITANA;RECETON SGP;RECETON;1;PEREJIL LIZO REFRIGERADO;KG;0.003000;;
RT0392;RES - ALBONDIGAS A LA NAPOLITANA;RECETON SGP;RECETON;1;QUESO PARMESANO REFRIGERADO;KG;0.001000;;
RT0392;RES - ALBONDIGAS A LA NAPOLITANA;RECETON SGP;RECETON;1;RES CARNE MOLIDA CONGELADO;KG;0.085000;;
RT0392;RES - ALBONDIGAS A LA NAPOLITANA;RECETON SGP;RECETON;1;SAL DE COCINA;KG;0.001000;;
RT0392;RES - ALBONDIGAS A LA NAPOLITANA;RECETON SGP;RECETON;1;TOMATE CRIOLLO REFRIGERADO;KG;0.020000;;
RT0393;RES - ARROZ A LA JARDINERA CON RES;RECETON SGP;RECETON;1;ACEITE VEGETAL;L;0.005000;;
RT0393;RES - ARROZ A LA JARDINERA CON RES;RECETON SGP;RECETON;1;AGUA PARA RECETA;L;0.210000;;
RT0393;RES - ARROZ A LA JARDINERA CON RES;RECETON SGP;RECETON;1;ARROZ EXTRA NIR;KG;0.120000;;
RT0393;RES - ARROZ A LA JARDINERA CON RES;RECETON SGP;RECETON;1;ARVEJA PELADA CONGELADO;KG;0.010000;;
RT0393;RES - ARROZ A LA JARDINERA CON RES;RECETON SGP;RECETON;1;BASE AMARILLA;KG;0.030000;;
RT0393;RES - ARROZ A LA JARDINERA CON RES;RECETON SGP;RECETON;1;CALDO DE CARNE;KG;0.000060;;
RT0393;RES - ARROZ A LA JARDINERA CON RES;RECETON SGP;RECETON;1;CHOCLO AMARILLO DESGRANADO CONGELADO;KG;0.005000;;
RT0393;RES - ARROZ A LA JARDINERA CON RES;RECETON SGP;RECETON;1;COMINO MOLIDO;KG;0.000020;;
RT0393;RES - ARROZ A LA JARDINERA CON RES;RECETON SGP;RECETON;1;PALILLO MOLIDO;KG;0.001000;;
RT0393;RES - ARROZ A LA JARDINERA CON RES;RECETON SGP;RECETON;1;PEREJIL LIZO REFRIGERADO;KG;0.002000;;
RT0393;RES - ARROZ A LA JARDINERA CON RES;RECETON SGP;RECETON;1;PIMIENTA NEGRA MOLIDA;KG;0.000060;;
RT0393;RES - ARROZ A LA JARDINERA CON RES;RECETON SGP;RECETON;1;PIMIENTO ROJO REFRIGERADO;KG;0.010000;;
RT0393;RES - ARROZ A LA JARDINERA CON RES;RECETON SGP;RECETON;1;RES - GUISO CONGELADO;KG;0.160000;;
RT0393;RES - ARROZ A LA JARDINERA CON RES;RECETON SGP;RECETON;1;SAL DE COCINA;KG;0.002000;;
RT0393;RES - ARROZ A LA JARDINERA CON RES;RECETON SGP;RECETON;1;VAINITA ENTERO REFRIGERADO;KG;0.015000;;
RT0393;RES - ARROZ A LA JARDINERA CON RES;RECETON SGP;RECETON;1;ZANAHORIA REFRIGERADO;KG;0.010000;;
RT0394;RES - ARROZ CON CARNE DE RES;RECETON SGP;RECETON;1;ACEITE VEGETAL;L;0.005000;;
RT0394;RES - ARROZ CON CARNE DE RES;RECETON SGP;RECETON;1;AGUA PARA RECETA;L;0.210000;;
RT0394;RES - ARROZ CON CARNE DE RES;RECETON SGP;RECETON;1;ARROZ EXTRA NIR;KG;0.120000;;
RT0394;RES - ARROZ CON CARNE DE RES;RECETON SGP;RECETON;1;ARVEJA PELADA CONGELADO;KG;0.010000;;
RT0394;RES - ARROZ CON CARNE DE RES;RECETON SGP;RECETON;1;BASE CRIOLLA;KG;0.030000;;
RT0394;RES - ARROZ CON CARNE DE RES;RECETON SGP;RECETON;1;CALDO DE GALLINA;KG;0.000060;;
RT0394;RES - ARROZ CON CARNE DE RES;RECETON SGP;RECETON;1;CHOCLO AMARILLO DESGRANADO CONGELADO;KG;0.005000;;
RT0394;RES - ARROZ CON CARNE DE RES;RECETON SGP;RECETON;1;COMINO MOLIDO;KG;0.000020;;
RT0394;RES - ARROZ CON CARNE DE RES;RECETON SGP;RECETON;1;CULANTRO REFRIGERADO;KG;0.002000;;
RT0394;RES - ARROZ CON CARNE DE RES;RECETON SGP;RECETON;1;PIMIENTA NEGRA MOLIDA;KG;0.000060;;
RT0394;RES - ARROZ CON CARNE DE RES;RECETON SGP;RECETON;1;PIMIENTO ROJO REFRIGERADO;KG;0.010000;;
RT0394;RES - ARROZ CON CARNE DE RES;RECETON SGP;RECETON;1;RES - GUISO CONGELADO;KG;0.160000;;
RT0394;RES - ARROZ CON CARNE DE RES;RECETON SGP;RECETON;1;SAL DE COCINA;KG;0.001000;;
RT0394;RES - ARROZ CON CARNE DE RES;RECETON SGP;RECETON;1;ZANAHORIA REFRIGERADO;KG;0.010000;;
RT0395;RES - BISTECK AL JUGO;RECETON SGP;RECETON;1;ACEITE VEGETAL;L;0.002000;;
RT0395;RES - BISTECK AL JUGO;RECETON SGP;RECETON;1;AGUA PARA RECETA;L;0.020000;;
RT0395;RES - BISTECK AL JUGO;RECETON SGP;RECETON;1;CEBOLLA ROJA REFRIGERADO;KG;0.015000;;
RT0395;RES - BISTECK AL JUGO;RECETON SGP;RECETON;1;MAICENA;KG;0.003000;;
RT0395;RES - BISTECK AL JUGO;RECETON SGP;RECETON;1;PASTA DE AJO;KG;0.002000;;
RT0395;RES - BISTECK AL JUGO;RECETON SGP;RECETON;1;PEREJIL LIZO REFRIGERADO;KG;0.002000;;
RT0395;RES - BISTECK AL JUGO;RECETON SGP;RECETON;1;PIMIENTA NEGRA MOLIDA;KG;0.000120;;
RT0395;RES - BISTECK AL JUGO;RECETON SGP;RECETON;1;RES - BISTECK CONGELADO;KG;0.160000;;
RT0395;RES - BISTECK AL JUGO;RECETON SGP;RECETON;1;SAL DE COCINA;KG;0.003000;;
RT0395;RES - BISTECK AL JUGO;RECETON SGP;RECETON;1;SALSA SILLAO;L;0.002000;;
RT0395;RES - BISTECK AL JUGO;RECETON SGP;RECETON;1;TOMATE CRIOLLO REFRIGERADO;KG;0.040000;;
RT0396;RES - BISTECK APANADO;RECETON SGP;RECETON;1;ACEITE VEGETAL;L;0.020000;;
RT0396;RES - BISTECK APANADO;RECETON SGP;RECETON;1;HARINA DE TRIGO ESPECIAL;KG;0.005000;;
RT0396;RES - BISTECK APANADO;RECETON SGP;RECETON;1;HUEVO ROSADO REFRIGERADO CAJA;KG;0.020000;;
RT0396;RES - BISTECK APANADO;RECETON SGP;RECETON;1;MOSTAZA;KG;0.001000;;
RT0396;RES - BISTECK APANADO;RECETON SGP;RECETON;1;OREGANO ENTERO;KG;0.000120;;
RT0396;RES - BISTECK APANADO;RECETON SGP;RECETON;1;PAN MOLIDO KG.;KG;0.010000;;
RT0396;RES - BISTECK APANADO;RECETON SGP;RECETON;1;PASTA DE AJO;KG;0.003000;;
RT0396;RES - BISTECK APANADO;RECETON SGP;RECETON;1;PIMIENTA NEGRA MOLIDA;KG;0.000120;;
RT0396;RES - BISTECK APANADO;RECETON SGP;RECETON;1;RES - BISTECK CONGELADO;KG;0.160000;;
RT0396;RES - BISTECK APANADO;RECETON SGP;RECETON;1;SAL DE COCINA;KG;0.003000;;
RT0397;RES - BISTECK EN SS ANTICUCHERA;RECETON SGP;RECETON;1;ACEITE VEGETAL;L;0.002000;;
RT0397;RES - BISTECK EN SS ANTICUCHERA;RECETON SGP;RECETON;1;AJINOMOTO;KG;0.000300;;
RT0397;RES - BISTECK EN SS ANTICUCHERA;RECETON SGP;RECETON;1;CALDO DE CARNE;KG;0.000300;;
RT0397;RES - BISTECK EN SS ANTICUCHERA;RECETON SGP;RECETON;1;COMINO MOLIDO;KG;0.000600;;
RT0397;RES - BISTECK EN SS ANTICUCHERA;RECETON SGP;RECETON;1;OREGANO ENTERO;KG;0.000100;;
RT0397;RES - BISTECK EN SS ANTICUCHERA;RECETON SGP;RECETON;1;PASTA DE AJI PANCA;KG;0.005000;;
RT0397;RES - BISTECK EN SS ANTICUCHERA;RECETON SGP;RECETON;1;PASTA DE AJO;KG;0.002000;;
RT0397;RES - BISTECK EN SS ANTICUCHERA;RECETON SGP;RECETON;1;PIMIENTA NEGRA MOLIDA;KG;0.000100;;
RT0397;RES - BISTECK EN SS ANTICUCHERA;RECETON SGP;RECETON;1;RES - BISTECK CONGELADO;KG;0.160000;;
RT0397;RES - BISTECK EN SS ANTICUCHERA;RECETON SGP;RECETON;1;ROMERO;KG;0.000100;;
RT0397;RES - BISTECK EN SS ANTICUCHERA;RECETON SGP;RECETON;1;SAL DE COCINA;KG;0.003000;;
RT0397;RES - BISTECK EN SS ANTICUCHERA;RECETON SGP;RECETON;1;VINAGRE TINTO;L;0.005000;;
RT0398;RES - CAIGUA RELLENA;RECETON SGP;RECETON;1;ACEITE VEGETAL;L;0.002000;;
RT0398;RES - CAIGUA RELLENA;RECETON SGP;RECETON;1;ACEITUNA NEGRA EN RODAJA;KG;0.007000;;
RT0398;RES - CAIGUA RELLENA;RECETON SGP;RECETON;1;AGUA PARA RECETA;L;0.015000;;
RT0398;RES - CAIGUA RELLENA;RECETON SGP;RECETON;1;BASE CRIOLLA;KG;0.008000;;
RT0398;RES - CAIGUA RELLENA;RECETON SGP;RECETON;1;CAIGUA REFRIGERADO;KG;0.100000;;
RT0398;RES - CAIGUA RELLENA;RECETON SGP;RECETON;1;HUEVO ROSADO REFRIGERADO CAJA;KG;0.020000;;
RT0398;RES - CAIGUA RELLENA;RECETON SGP;RECETON;1;LECHE EVAPORADA;L;0.010000;;
RT0398;RES - CAIGUA RELLENA;RECETON SGP;RECETON;1;MANI TOSTADO PELADO;KG;0.002000;;
RT0398;RES - CAIGUA RELLENA;RECETON SGP;RECETON;1;OREGANO ENTERO;KG;0.000120;;
RT0398;RES - CAIGUA RELLENA;RECETON SGP;RECETON;1;PAN MOLIDO KG.;KG;0.005000;;
RT0398;RES - CAIGUA RELLENA;RECETON SGP;RECETON;1;PASTA DE TOMATE;KG;0.003000;;
RT0398;RES - CAIGUA RELLENA;RECETON SGP;RECETON;1;QUESO FRESCO REFRIGERADO;KG;0.010000;;
RT0398;RES - CAIGUA RELLENA;RECETON SGP;RECETON;1;RES CARNE MOLIDA CONGELADO;KG;0.160000;;
RT0398;RES - CAIGUA RELLENA;RECETON SGP;RECETON;1;SAL DE COCINA;KG;0.002000;;
RT0398;RES - CAIGUA RELLENA;RECETON SGP;RECETON;1;ZANAHORIA REFRIGERADO;KG;0.015000;;
RT0399;RES - CARNE A LA JARDINERA;RECETON SGP;RECETON;1;ACEITE VEGETAL;L;0.002000;;
RT0399;RES - CARNE A LA JARDINERA;RECETON SGP;RECETON;1;AGUA PARA RECETA;L;0.030000;;
RT0399;RES - CARNE A LA JARDINERA;RECETON SGP;RECETON;1;BASE AMARILLA;KG;0.020000;;
RT0399;RES - CARNE A LA JARDINERA;RECETON SGP;RECETON;1;COMINO MOLIDO;KG;0.000020;;
RT0399;RES - CARNE A LA JARDINERA;RECETON SGP;RECETON;1;LAUREL;KG;0.000120;;
RT0399;RES - CARNE A LA JARDINERA;RECETON SGP;RECETON;1;MAICENA;KG;0.003000;;
RT0399;RES - CARNE A LA JARDINERA;RECETON SGP;RECETON;1;OREGANO ENTERO;KG;0.000120;;
RT0399;RES - CARNE A LA JARDINERA;RECETON SGP;RECETON;1;PIMIENTA NEGRA MOLIDA;KG;0.000060;;
RT0399;RES - CARNE A LA JARDINERA;RECETON SGP;RECETON;1;PIMIENTO ROJO REFRIGERADO;KG;0.010000;;
RT0399;RES - CARNE A LA JARDINERA;RECETON SGP;RECETON;1;RES - GUISO CONGELADO;KG;0.160000;;
RT0399;RES - CARNE A LA JARDINERA;RECETON SGP;RECETON;1;SAL DE COCINA;KG;0.002000;;
RT0399;RES - CARNE A LA JARDINERA;RECETON SGP;RECETON;1;VAINITA ENTERO REFRIGERADO;KG;0.015000;;
RT0399;RES - CARNE A LA JARDINERA;RECETON SGP;RECETON;1;ZANAHORIA REFRIGERADO;KG;0.010000;;
RT0400;RES - CARNE ENTOMATADA;RECETON SGP;RECETON;1;ACEITE VEGETAL;L;0.002000;;
RT0400;RES - CARNE ENTOMATADA;RECETON SGP;RECETON;1;AGUA PARA RECETA;L;0.030000;;
RT0400;RES - CARNE ENTOMATADA;RECETON SGP;RECETON;1;ALBAHACA REFRIGERADO;KG;0.005000;;
RT0400;RES - CARNE ENTOMATADA;RECETON SGP;RECETON;1;AZUCAR RUBIA;KG;0.001000;;
RT0400;RES - CARNE ENTOMATADA;RECETON SGP;RECETON;1;BASE DE TOMATE;KG;0.020000;;
RT0400;RES - CARNE ENTOMATADA;RECETON SGP;RECETON;1;CALDO DE GALLINA;KG;0.000060;;
RT0400;RES - CARNE ENTOMATADA;RECETON SGP;RECETON;1;MAICENA;KG;0.003000;;
RT0400;RES - CARNE ENTOMATADA;RECETON SGP;RECETON;1;OREGANO ENTERO;KG;0.000120;;
RT0400;RES - CARNE ENTOMATADA;RECETON SGP;RECETON;1;PEREJIL LIZO REFRIGERADO;KG;0.002000;;
RT0400;RES - CARNE ENTOMATADA;RECETON SGP;RECETON;1;PIMIENTA NEGRA MOLIDA;KG;0.000060;;
RT0400;RES - CARNE ENTOMATADA;RECETON SGP;RECETON;1;RES - GUISO CONGELADO;KG;0.160000;;
RT0400;RES - CARNE ENTOMATADA;RECETON SGP;RECETON;1;SAL DE COCINA;KG;0.002000;;
RT0400;RES - CARNE ENTOMATADA;RECETON SGP;RECETON;1;TOMILLO;KG;0.000120;;
RT0401;RES - CARNE MECHADA A LA OLLA;RECETON SGP;RECETON;1;ACEITE VEGETAL;L;0.002000;;
RT0401;RES - CARNE MECHADA A LA OLLA;RECETON SGP;RECETON;1;AGUA PARA RECETA;L;0.030000;;
RT0401;RES - CARNE MECHADA A LA OLLA;RECETON SGP;RECETON;1;APIO REFRIGERADO;KG;0.015000;;
RT0401;RES - CARNE MECHADA A LA OLLA;RECETON SGP;RECETON;1;BASE CRIOLLA;KG;0.008000;;
RT0401;RES - CARNE MECHADA A LA OLLA;RECETON SGP;RECETON;1;CEBOLLA ROJA REFRIGERADO;KG;0.010000;;
RT0401;RES - CARNE MECHADA A LA OLLA;RECETON SGP;RECETON;1;LAUREL;KG;0.000120;;
RT0401;RES - CARNE MECHADA A LA OLLA;RECETON SGP;RECETON;1;MAICENA;KG;0.003000;;
RT0401;RES - CARNE MECHADA A LA OLLA;RECETON SGP;RECETON;1;OREGANO ENTERO;KG;0.000120;;
RT0401;RES - CARNE MECHADA A LA OLLA;RECETON SGP;RECETON;1;PASTA DE AJO;KG;0.003000;;
RT0401;RES - CARNE MECHADA A LA OLLA;RECETON SGP;RECETON;1;PASTA DE TOMATE;KG;0.003000;;
RT0401;RES - CARNE MECHADA A LA OLLA;RECETON SGP;RECETON;1;PEREJIL LIZO REFRIGERADO;KG;0.002000;;
RT0401;RES - CARNE MECHADA A LA OLLA;RECETON SGP;RECETON;1;PIMIENTA NEGRA MOLIDA;KG;0.000120;;
RT0401;RES - CARNE MECHADA A LA OLLA;RECETON SGP;RECETON;1;RES - GUISO CONGELADO;KG;0.160000;;
RT0401;RES - CARNE MECHADA A LA OLLA;RECETON SGP;RECETON;1;SAL DE COCINA;KG;0.003000;;
RT0401;RES - CARNE MECHADA A LA OLLA;RECETON SGP;RECETON;1;ZANAHORIA REFRIGERADO;KG;0.010000;;
RT0402;RES - CHEESEBURGUER;RECETON SGP;RECETON;1;ACEITE VEGETAL;L;0.010000;;
RT0402;RES - CHEESEBURGUER;RECETON SGP;RECETON;1;CEBOLLA ROJA REFRIGERADO;KG;0.010000;;
RT0402;RES - CHEESEBURGUER;RECETON SGP;RECETON;1;HUEVO ROSADO REFRIGERADO CAJA;KG;0.020000;;
RT0402;RES - CHEESEBURGUER;RECETON SGP;RECETON;1;OREGANO ENTERO;KG;0.000120;;
RT0402;RES - CHEESEBURGUER;RECETON SGP;RECETON;1;PAN MOLIDO KG.;KG;0.010000;;
RT0402;RES - CHEESEBURGUER;RECETON SGP;RECETON;1;PASTA DE AJO;KG;0.002000;;
RT0402;RES - CHEESEBURGUER;RECETON SGP;RECETON;1;PEREJIL LIZO REFRIGERADO;KG;0.003000;;
RT0402;RES - CHEESEBURGUER;RECETON SGP;RECETON;1;PIMIENTA NEGRA MOLIDA;KG;0.000120;;
RT0402;RES - CHEESEBURGUER;RECETON SGP;RECETON;1;QUESO EDAM CONGELADO;KG;0.020000;;
RT0402;RES - CHEESEBURGUER;RECETON SGP;RECETON;1;RES CARNE MOLIDA CONGELADO;KG;0.160000;;
RT0402;RES - CHEESEBURGUER;RECETON SGP;RECETON;1;SAL DE COCINA;KG;0.003000;;
RT0402;RES - CHEESEBURGUER;RECETON SGP;RECETON;1;TOMATE CRIOLLO REFRIGERADO;KG;0.030000;;
RT0403;RES - ESPAGUETTI A LA BOLOGNESA;RECETON SGP;RECETON;1;ACEITE VEGETAL;L;0.002000;;
RT0403;RES - ESPAGUETTI A LA BOLOGNESA;RECETON SGP;RECETON;1;AGUA PARA RECETA;L;0.030000;;
RT0403;RES - ESPAGUETTI A LA BOLOGNESA;RECETON SGP;RECETON;1;ALBAHACA REFRIGERADO;KG;0.005000;;
RT0403;RES - ESPAGUETTI A LA BOLOGNESA;RECETON SGP;RECETON;1;AZUCAR RUBIA;KG;0.001000;;
RT0403;RES - ESPAGUETTI A LA BOLOGNESA;RECETON SGP;RECETON;1;BASE DE TOMATE;KG;0.030000;;
RT0403;RES - ESPAGUETTI A LA BOLOGNESA;RECETON SGP;RECETON;1;FIDEO SPAGUETTI;KG;0.090000;;
RT0403;RES - ESPAGUETTI A LA BOLOGNESA;RECETON SGP;RECETON;1;LAUREL;KG;0.000120;;
RT0403;RES - ESPAGUETTI A LA BOLOGNESA;RECETON SGP;RECETON;1;OREGANO ENTERO;KG;0.000120;;
RT0403;RES - ESPAGUETTI A LA BOLOGNESA;RECETON SGP;RECETON;1;PIMIENTA NEGRA MOLIDA;KG;0.000060;;
RT0403;RES - ESPAGUETTI A LA BOLOGNESA;RECETON SGP;RECETON;1;QUESO PARMESANO REFRIGERADO;KG;0.001000;;
RT0403;RES - ESPAGUETTI A LA BOLOGNESA;RECETON SGP;RECETON;1;RES CARNE MOLIDA CONGELADO;KG;0.085000;;
RT0403;RES - ESPAGUETTI A LA BOLOGNESA;RECETON SGP;RECETON;1;SAL DE COCINA;KG;0.002000;;
RT0403;RES - ESPAGUETTI A LA BOLOGNESA;RECETON SGP;RECETON;1;TOMILLO;KG;0.000120;;
RT0403;RES - ESPAGUETTI A LA BOLOGNESA;RECETON SGP;RECETON;1;ZANAHORIA REFRIGERADO;KG;0.008000;;
RT0404;RES - ESTOFADO DE RES;RECETON SGP;RECETON;1;ACEITE VEGETAL;L;0.002000;;
RT0404;RES - ESTOFADO DE RES;RECETON SGP;RECETON;1;AGUA PARA RECETA;L;0.020000;;
RT0404;RES - ESTOFADO DE RES;RECETON SGP;RECETON;1;ARVEJA PELADA CONGELADO;KG;0.015000;;
RT0404;RES - ESTOFADO DE RES;RECETON SGP;RECETON;1;BASE CRIOLLA;KG;0.002000;;
RT0404;RES - ESTOFADO DE RES;RECETON SGP;RECETON;1;BASE DE TOMATE;KG;0.020000;;
RT0404;RES - ESTOFADO DE RES;RECETON SGP;RECETON;1;CALDO DE CARNE;KG;0.000060;;
RT0404;RES - ESTOFADO DE RES;RECETON SGP;RECETON;1;HONGO SECO;KG;0.002000;;
RT0404;RES - ESTOFADO DE RES;RECETON SGP;RECETON;1;LAUREL;KG;0.000120;;
RT0404;RES - ESTOFADO DE RES;RECETON SGP;RECETON;1;MAICENA;KG;0.003000;;
RT0404;RES - ESTOFADO DE RES;RECETON SGP;RECETON;1;OREGANO ENTERO;KG;0.000120;;
RT0404;RES - ESTOFADO DE RES;RECETON SGP;RECETON;1;PASAS NEGRAS SECAS;KG;0.003000;;
RT0404;RES - ESTOFADO DE RES;RECETON SGP;RECETON;1;PASTA DE TOMATE;KG;0.003000;;
RT0404;RES - ESTOFADO DE RES;RECETON SGP;RECETON;1;PIMIENTA NEGRA MOLIDA;KG;0.000060;;
RT0404;RES - ESTOFADO DE RES;RECETON SGP;RECETON;1;RES - GUISO CONGELADO;KG;0.160000;;
RT0404;RES - ESTOFADO DE RES;RECETON SGP;RECETON;1;SAL DE COCINA;KG;0.002000;;
RT0404;RES - ESTOFADO DE RES;RECETON SGP;RECETON;1;ZANAHORIA REFRIGERADO;KG;0.015000;;
RT0405;RES - FRICASE DE RES;RECETON SGP;RECETON;1;ACEITE VEGETAL;L;0.002000;;
RT0405;RES - FRICASE DE RES;RECETON SGP;RECETON;1;AGUA PARA RECETA;L;0.030000;;
RT0405;RES - FRICASE DE RES;RECETON SGP;RECETON;1;BASE AMARILLA;KG;0.020000;;
RT0405;RES - FRICASE DE RES;RECETON SGP;RECETON;1;CULANTRO REFRIGERADO;KG;0.002000;;
RT0405;RES - FRICASE DE RES;RECETON SGP;RECETON;1;HUEVO LIQUIDO CONGELADO;KG;0.015000;;
RT0405;RES - FRICASE DE RES;RECETON SGP;RECETON;1;MAICENA;KG;0.003000;;
RT0405;RES - FRICASE DE RES;RECETON SGP;RECETON;1;PIMIENTA NEGRA MOLIDA;KG;0.000120;;
RT0405;RES - FRICASE DE RES;RECETON SGP;RECETON;1;RES - GUISO CONGELADO;KG;0.160000;;
RT0405;RES - FRICASE DE RES;RECETON SGP;RECETON;1;SAL DE COCINA;KG;0.003000;;
RT0406;RES - GUISO DE FIDEOS CON RES;RECETON SGP;RECETON;1;ACEITE VEGETAL;L;0.005000;;
RT0406;RES - GUISO DE FIDEOS CON RES;RECETON SGP;RECETON;1;AGUA PARA RECETA;L;0.060000;;
RT0406;RES - GUISO DE FIDEOS CON RES;RECETON SGP;RECETON;1;ARVEJA PELADA CONGELADO;KG;0.005000;;
RT0406;RES - GUISO DE FIDEOS CON RES;RECETON SGP;RECETON;1;CEBOLLA ROJA REFRIGERADO;KG;0.015000;;
RT0406;RES - GUISO DE FIDEOS CON RES;RECETON SGP;RECETON;1;FIDEO SPAGUETTI;KG;0.120000;;
RT0406;RES - GUISO DE FIDEOS CON RES;RECETON SGP;RECETON;1;PASTA DE AJO;KG;0.002000;;
RT0406;RES - GUISO DE FIDEOS CON RES;RECETON SGP;RECETON;1;PASTA DE TOMATE;KG;0.003000;;
RT0406;RES - GUISO DE FIDEOS CON RES;RECETON SGP;RECETON;1;PEREJIL LIZO REFRIGERADO;KG;0.003000;;
RT0406;RES - GUISO DE FIDEOS CON RES;RECETON SGP;RECETON;1;PIMIENTA NEGRA MOLIDA;KG;0.000120;;
RT0406;RES - GUISO DE FIDEOS CON RES;RECETON SGP;RECETON;1;QUESO FRESCO REFRIGERADO;KG;0.020000;;
RT0406;RES - GUISO DE FIDEOS CON RES;RECETON SGP;RECETON;1;RES - GUISO CONGELADO;KG;0.160000;;
RT0406;RES - GUISO DE FIDEOS CON RES;RECETON SGP;RECETON;1;SAL DE COCINA;KG;0.002000;;
RT0406;RES - GUISO DE FIDEOS CON RES;RECETON SGP;RECETON;1;ZANAHORIA REFRIGERADO;KG;0.010000;;
RT0407;RES - GUISO DE RES A LA CRIOLLA;RECETON SGP;RECETON;1;ACEITE VEGETAL;L;0.002000;;
RT0407;RES - GUISO DE RES A LA CRIOLLA;RECETON SGP;RECETON;1;AGUA PARA RECETA;L;0.030000;;
RT0407;RES - GUISO DE RES A LA CRIOLLA;RECETON SGP;RECETON;1;ARVEJA PELADA CONGELADO;KG;0.015000;;
RT0407;RES - GUISO DE RES A LA CRIOLLA;RECETON SGP;RECETON;1;BASE DE TOMATE;KG;0.020000;;
RT0407;RES - GUISO DE RES A LA CRIOLLA;RECETON SGP;RECETON;1;COMINO MOLIDO;KG;0.000060;;
RT0407;RES - GUISO DE RES A LA CRIOLLA;RECETON SGP;RECETON;1;CULANTRO REFRIGERADO;KG;0.002000;;
RT0407;RES - GUISO DE RES A LA CRIOLLA;RECETON SGP;RECETON;1;MAICENA;KG;0.003000;;
RT0407;RES - GUISO DE RES A LA CRIOLLA;RECETON SGP;RECETON;1;OREGANO ENTERO;KG;0.000120;;
RT0407;RES - GUISO DE RES A LA CRIOLLA;RECETON SGP;RECETON;1;PIMIENTA NEGRA MOLIDA;KG;0.000060;;
RT0407;RES - GUISO DE RES A LA CRIOLLA;RECETON SGP;RECETON;1;RES - GUISO CONGELADO;KG;0.160000;;
RT0407;RES - GUISO DE RES A LA CRIOLLA;RECETON SGP;RECETON;1;SAL DE COCINA;KG;0.001000;;
RT0407;RES - GUISO DE RES A LA CRIOLLA;RECETON SGP;RECETON;1;VAINITA ENTERO REFRIGERADO;KG;0.015000;;
RT0407;RES - GUISO DE RES A LA CRIOLLA;RECETON SGP;RECETON;1;ZANAHORIA REFRIGERADO;KG;0.015000;;
RT0408;RES - HAMBURGUESA MONTADA;RECETON SGP;RECETON;1;ACEITE VEGETAL;L;0.002000;;
RT0408;RES - HAMBURGUESA MONTADA;RECETON SGP;RECETON;1;CEBOLLA ROJA REFRIGERADO;KG;0.030000;;
RT0408;RES - HAMBURGUESA MONTADA;RECETON SGP;RECETON;1;HUEVO ROSADO REFRIGERADO CAJA;KG;0.060000;;
RT0408;RES - HAMBURGUESA MONTADA;RECETON SGP;RECETON;1;PAN MOLIDO KG.;KG;0.010000;;
RT0408;RES - HAMBURGUESA MONTADA;RECETON SGP;RECETON;1;PASTA DE AJO;KG;0.002000;;
RT0408;RES - HAMBURGUESA MONTADA;RECETON SGP;RECETON;1;PEREJIL LIZO REFRIGERADO;KG;0.003000;;
RT0408;RES - HAMBURGUESA MONTADA;RECETON SGP;RECETON;1;PIMIENTA NEGRA MOLIDA;KG;0.000120;;
RT0408;RES - HAMBURGUESA MONTADA;RECETON SGP;RECETON;1;RES CARNE MOLIDA CONGELADO;KG;0.160000;;
RT0408;RES - HAMBURGUESA MONTADA;RECETON SGP;RECETON;1;SAL DE COCINA;KG;0.003000;;
RT0409;RES - LASAGNA DE CARNE;RECETON SGP;RECETON;1;ACEITE VEGETAL;L;0.002000;;
RT0409;RES - LASAGNA DE CARNE;RECETON SGP;RECETON;1;AGUA PARA RECETA;L;0.230000;;
RT0409;RES - LASAGNA DE CARNE;RECETON SGP;RECETON;1;ALBAHACA REFRIGERADO;KG;0.005000;;
RT0409;RES - LASAGNA DE CARNE;RECETON SGP;RECETON;1;AZUCAR RUBIA;KG;0.001000;;
RT0409;RES - LASAGNA DE CARNE;RECETON SGP;RECETON;1;BASE DE TOMATE;KG;0.030000;;
RT0409;RES - LASAGNA DE CARNE;RECETON SGP;RECETON;1;HARINA DE TRIGO ESPECIAL;KG;0.003000;;
RT0409;RES - LASAGNA DE CARNE;RECETON SGP;RECETON;1;HONGO SECO;KG;0.000120;;
RT0409;RES - LASAGNA DE CARNE;RECETON SGP;RECETON;1;LAUREL;KG;0.000120;;
RT0409;RES - LASAGNA DE CARNE;RECETON SGP;RECETON;1;LECHE EVAPORADA;L;0.015000;;
RT0409;RES - LASAGNA DE CARNE;RECETON SGP;RECETON;1;MARGARINA CON SAL REFRIGERADO GRANEL KG;KG;0.005000;;
RT0409;RES - LASAGNA DE CARNE;RECETON SGP;RECETON;1;NUEZ MOSCADA MOLIDA;KG;0.000120;;
RT0409;RES - LASAGNA DE CARNE;RECETON SGP;RECETON;1;OREGANO ENTERO;KG;0.000120;;
RT0409;RES - LASAGNA DE CARNE;RECETON SGP;RECETON;1;PASTA WANTAN CONGELADO;KG;0.060000;;
RT0409;RES - LASAGNA DE CARNE;RECETON SGP;RECETON;1;PIMIENTA NEGRA MOLIDA;KG;0.000060;;
RT0409;RES - LASAGNA DE CARNE;RECETON SGP;RECETON;1;QUESO MOZARELLA CONGELADO;KG;0.010000;;
RT0409;RES - LASAGNA DE CARNE;RECETON SGP;RECETON;1;QUESO PARMESANO REFRIGERADO;KG;0.003000;;
RT0409;RES - LASAGNA DE CARNE;RECETON SGP;RECETON;1;RES CARNE MOLIDA CONGELADO;KG;0.160000;;
RT0409;RES - LASAGNA DE CARNE;RECETON SGP;RECETON;1;SAL DE COCINA;KG;0.002000;;
RT0409;RES - LASAGNA DE CARNE;RECETON SGP;RECETON;1;SALSA BLANCA;KG;0.050000;;
RT0409;RES - LASAGNA DE CARNE;RECETON SGP;RECETON;1;TOMILLO;KG;0.000120;;
RT0409;RES - LASAGNA DE CARNE;RECETON SGP;RECETON;1;ZANAHORIA REFRIGERADO;KG;0.008000;;
RT0410;RES - LOCRO DE PECHO;RECETON SGP;RECETON;1;ACEITE VEGETAL;L;0.002000;;
RT0410;RES - LOCRO DE PECHO;RECETON SGP;RECETON;1;AGUA PARA RECETA;L;0.030000;;
RT0410;RES - LOCRO DE PECHO;RECETON SGP;RECETON;1;APIO REFRIGERADO;KG;0.005000;;
RT0410;RES - LOCRO DE PECHO;RECETON SGP;RECETON;1;ARVEJA PELADA CONGELADO;KG;0.010000;;
RT0410;RES - LOCRO DE PECHO;RECETON SGP;RECETON;1;BASE CRIOLLA;KG;0.008000;;
RT0410;RES - LOCRO DE PECHO;RECETON SGP;RECETON;1;HIERBA BUENA REFRIGERADO;KG;0.003000;;
RT0410;RES - LOCRO DE PECHO;RECETON SGP;RECETON;1;OREGANO ENTERO;KG;0.000120;;
RT0410;RES - LOCRO DE PECHO;RECETON SGP;RECETON;1;PAPA BLANCA REFRIGERADO;KG;0.120000;;
RT0410;RES - LOCRO DE PECHO;RECETON SGP;RECETON;1;PIMIENTA NEGRA MOLIDA;KG;0.000120;;
RT0410;RES - LOCRO DE PECHO;RECETON SGP;RECETON;1;PORO REFRIGERADO;KG;0.005000;;
RT0410;RES - LOCRO DE PECHO;RECETON SGP;RECETON;1;RES - GUISO CONGELADO;KG;0.160000;;
RT0410;RES - LOCRO DE PECHO;RECETON SGP;RECETON;1;SAL DE COCINA;KG;0.002000;;
RT0410;RES - LOCRO DE PECHO;RECETON SGP;RECETON;1;ZANAHORIA REFRIGERADO;KG;0.005000;;
RT0411;RES - LOMITO AL JUGO I;RECETON SGP;RECETON;1;ACEITE VEGETAL;L;0.002000;;
RT0411;RES - LOMITO AL JUGO I;RECETON SGP;RECETON;1;AGUA PARA RECETA;L;0.015000;;
RT0411;RES - LOMITO AL JUGO I;RECETON SGP;RECETON;1;BASE DE TOMATE;KG;0.020000;;
RT0411;RES - LOMITO AL JUGO I;RECETON SGP;RECETON;1;MAICENA;KG;0.003000;;
RT0411;RES - LOMITO AL JUGO I;RECETON SGP;RECETON;1;PEREJIL LIZO REFRIGERADO;KG;0.002000;;
RT0411;RES - LOMITO AL JUGO I;RECETON SGP;RECETON;1;PIMIENTA NEGRA MOLIDA;KG;0.000120;;
RT0411;RES - LOMITO AL JUGO I;RECETON SGP;RECETON;1;RES - BISTECK CONGELADO;KG;0.160000;;
RT0411;RES - LOMITO AL JUGO I;RECETON SGP;RECETON;1;SAL DE COCINA;KG;0.002000;;
RT0411;RES - LOMITO AL JUGO I;RECETON SGP;RECETON;1;SALSA SILLAO;L;0.002000;;
RT0412;RES - LOMO SALTADO I;RECETON SGP;RECETON;1;ACEITE VEGETAL;L;0.003000;;
RT0412;RES - LOMO SALTADO I;RECETON SGP;RECETON;1;AGUA PARA RECETA;L;0.015000;;
RT0412;RES - LOMO SALTADO I;RECETON SGP;RECETON;1;AJI AMARILLO REFRIGERADO;KG;0.005000;;
RT0412;RES - LOMO SALTADO I;RECETON SGP;RECETON;1;CEBOLLA CHINA REFRIGERADO;KG;0.003000;;
RT0412;RES - LOMO SALTADO I;RECETON SGP;RECETON;1;CEBOLLA ROJA REFRIGERADO;KG;0.040000;;
RT0412;RES - LOMO SALTADO I;RECETON SGP;RECETON;1;CULANTRO REFRIGERADO;KG;0.002000;;
RT0412;RES - LOMO SALTADO I;RECETON SGP;RECETON;1;PASTA DE AJO;KG;0.002000;;
RT0412;RES - LOMO SALTADO I;RECETON SGP;RECETON;1;PIMIENTA NEGRA MOLIDA;KG;0.000120;;
RT0412;RES - LOMO SALTADO I;RECETON SGP;RECETON;1;RES - BISTECK CONGELADO;KG;0.160000;;
RT0412;RES - LOMO SALTADO I;RECETON SGP;RECETON;1;SAL DE COCINA;KG;0.003000;;
RT0412;RES - LOMO SALTADO I;RECETON SGP;RECETON;1;SALSA SILLAO;L;0.001000;;
RT0412;RES - LOMO SALTADO I;RECETON SGP;RECETON;1;TOMATE CRIOLLO REFRIGERADO;KG;0.040000;;
RT0412;RES - LOMO SALTADO I;RECETON SGP;RECETON;1;VINAGRE TINTO;L;0.003000;;
RT0413;RES - MALAYA DORADA;RECETON SGP;RECETON;1;ACEITE VEGETAL;L;0.003000;;
RT0413;RES - MALAYA DORADA;RECETON SGP;RECETON;1;AGUA PARA RECETA;L;0.030000;;
RT0413;RES - MALAYA DORADA;RECETON SGP;RECETON;1;APIO REFRIGERADO;KG;0.005000;;
RT0413;RES - MALAYA DORADA;RECETON SGP;RECETON;1;BASE CRIOLLA;KG;0.008000;;
RT0413;RES - MALAYA DORADA;RECETON SGP;RECETON;1;COMINO MOLIDO;KG;0.000020;;
RT0413;RES - MALAYA DORADA;RECETON SGP;RECETON;1;LAUREL;KG;0.000120;;
RT0413;RES - MALAYA DORADA;RECETON SGP;RECETON;1;OREGANO ENTERO;KG;0.000120;;
RT0413;RES - MALAYA DORADA;RECETON SGP;RECETON;1;PIMIENTA NEGRA MOLIDA;KG;0.000060;;
RT0413;RES - MALAYA DORADA;RECETON SGP;RECETON;1;PORO REFRIGERADO;KG;0.005000;;
RT0413;RES - MALAYA DORADA;RECETON SGP;RECETON;1;RES - MALAYA CONGELADO;KG;0.160000;;
RT0413;RES - MALAYA DORADA;RECETON SGP;RECETON;1;SAL DE COCINA;KG;0.002000;;
RT0413;RES - MALAYA DORADA;RECETON SGP;RECETON;1;VINAGRE TINTO;L;0.003000;;
RT0414;RES - OLLUQUITO CON RES;RECETON SGP;RECETON;1;ACEITE VEGETAL;L;0.002000;;
RT0414;RES - OLLUQUITO CON RES;RECETON SGP;RECETON;1;AGUA PARA RECETA;L;0.030000;;
RT0414;RES - OLLUQUITO CON RES;RECETON SGP;RECETON;1;BASE CRIOLLA;KG;0.008000;;
RT0414;RES - OLLUQUITO CON RES;RECETON SGP;RECETON;1;CALDO DE CARNE;KG;0.000060;;
RT0414;RES - OLLUQUITO CON RES;RECETON SGP;RECETON;1;COMINO MOLIDO;KG;0.000060;;
RT0414;RES - OLLUQUITO CON RES;RECETON SGP;RECETON;1;OLLUCO ENTERO REFRIGERADO;KG;0.100000;;
RT0414;RES - OLLUQUITO CON RES;RECETON SGP;RECETON;1;PAPA BLANCA REFRIGERADO;KG;0.030000;;
RT0414;RES - OLLUQUITO CON RES;RECETON SGP;RECETON;1;PEREJIL LIZO REFRIGERADO;KG;0.002000;;
RT0414;RES - OLLUQUITO CON RES;RECETON SGP;RECETON;1;PIMIENTA NEGRA MOLIDA;KG;0.000060;;
RT0414;RES - OLLUQUITO CON RES;RECETON SGP;RECETON;1;RES - GUISO CONGELADO;KG;0.130000;;
RT0414;RES - OLLUQUITO CON RES;RECETON SGP;RECETON;1;SAL DE COCINA;KG;0.002000;;
RT0415;RES - PICANTE DE RES;RECETON SGP;RECETON;1;ACEITE VEGETAL;L;0.002000;;
RT0415;RES - PICANTE DE RES;RECETON SGP;RECETON;1;AGUA PARA RECETA;L;0.030000;;
RT0415;RES - PICANTE DE RES;RECETON SGP;RECETON;1;ARVEJA PELADA CONGELADO;KG;0.010000;;
RT0415;RES - PICANTE DE RES;RECETON SGP;RECETON;1;BASE CRIOLLA;KG;0.008000;;
RT0415;RES - PICANTE DE RES;RECETON SGP;RECETON;1;CALDO DE CARNE;KG;0.000060;;
RT0415;RES - PICANTE DE RES;RECETON SGP;RECETON;1;CHOCLO AMARILLO DESGRANADO CONGELADO;KG;0.010000;;
RT0415;RES - PICANTE DE RES;RECETON SGP;RECETON;1;COMINO MOLIDO;KG;0.000060;;
RT0415;RES - PICANTE DE RES;RECETON SGP;RECETON;1;CULANTRO REFRIGERADO;KG;0.002000;;
RT0415;RES - PICANTE DE RES;RECETON SGP;RECETON;1;OREGANO ENTERO;KG;0.000120;;
RT0415;RES - PICANTE DE RES;RECETON SGP;RECETON;1;PAPA BLANCA REFRIGERADO;KG;0.120000;;
RT0415;RES - PICANTE DE RES;RECETON SGP;RECETON;1;PIMIENTA NEGRA MOLIDA;KG;0.000060;;
RT0415;RES - PICANTE DE RES;RECETON SGP;RECETON;1;RES - GUISO CONGELADO;KG;0.160000;;
RT0415;RES - PICANTE DE RES;RECETON SGP;RECETON;1;SAL DE COCINA;KG;0.003000;;
RT0415;RES - PICANTE DE RES;RECETON SGP;RECETON;1;ZANAHORIA REFRIGERADO;KG;0.010000;;
RT0416;RES - RES A LA CACEROLA;RECETON SGP;RECETON;1;ACEITE VEGETAL;L;0.002000;;
RT0416;RES - RES A LA CACEROLA;RECETON SGP;RECETON;1;AGUA PARA RECETA;L;0.030000;;
RT0416;RES - RES A LA CACEROLA;RECETON SGP;RECETON;1;ARVEJA PELADA CONGELADO;KG;0.010000;;
RT0416;RES - RES A LA CACEROLA;RECETON SGP;RECETON;1;BASE DE TOMATE;KG;0.020000;;
RT0416;RES - RES A LA CACEROLA;RECETON SGP;RECETON;1;COMINO MOLIDO;KG;0.000020;;
RT0416;RES - RES A LA CACEROLA;RECETON SGP;RECETON;1;MAICENA;KG;0.003000;;
RT0416;RES - RES A LA CACEROLA;RECETON SGP;RECETON;1;PASTA DE AJI AMARILLO;KG;0.001000;;
RT0416;RES - RES A LA CACEROLA;RECETON SGP;RECETON;1;PEREJIL LIZO REFRIGERADO;KG;0.002000;;
RT0416;RES - RES A LA CACEROLA;RECETON SGP;RECETON;1;PIMIENTA NEGRA MOLIDA;KG;0.000060;;
RT0416;RES - RES A LA CACEROLA;RECETON SGP;RECETON;1;RES - GUISO CONGELADO;KG;0.160000;;
RT0416;RES - RES A LA CACEROLA;RECETON SGP;RECETON;1;SAL DE COCINA;KG;0.002000;;
RT0416;RES - RES A LA CACEROLA;RECETON SGP;RECETON;1;ZANAHORIA REFRIGERADO;KG;0.015000;;
RT0417;RES - SALTADO DE RES CON VERDURAS;RECETON SGP;RECETON;1;ACEITE VEGETAL;L;0.003000;;
RT0417;RES - SALTADO DE RES CON VERDURAS;RECETON SGP;RECETON;1;AJI AMARILLO REFRIGERADO;KG;0.003000;;
RT0417;RES - SALTADO DE RES CON VERDURAS;RECETON SGP;RECETON;1;BROCOLI 20-40 CONGELADO;KG;0.020000;;
RT0417;RES - SALTADO DE RES CON VERDURAS;RECETON SGP;RECETON;1;CEBOLLA ROJA REFRIGERADO;KG;0.040000;;
RT0417;RES - SALTADO DE RES CON VERDURAS;RECETON SGP;RECETON;1;CULANTRO REFRIGERADO;KG;0.002000;;
RT0417;RES - SALTADO DE RES CON VERDURAS;RECETON SGP;RECETON;1;OREGANO ENTERO;KG;0.000120;;
RT0417;RES - SALTADO DE RES CON VERDURAS;RECETON SGP;RECETON;1;PASTA DE AJO;KG;0.003000;;
RT0417;RES - SALTADO DE RES CON VERDURAS;RECETON SGP;RECETON;1;PIMIENTA NEGRA MOLIDA;KG;0.000120;;
RT0417;RES - SALTADO DE RES CON VERDURAS;RECETON SGP;RECETON;1;PIMIENTO ROJO REFRIGERADO;KG;0.005000;;
RT0417;RES - SALTADO DE RES CON VERDURAS;RECETON SGP;RECETON;1;RES - BISTECK CONGELADO;KG;0.160000;;
RT0417;RES - SALTADO DE RES CON VERDURAS;RECETON SGP;RECETON;1;SAL DE COCINA;KG;0.003000;;
RT0417;RES - SALTADO DE RES CON VERDURAS;RECETON SGP;RECETON;1;SALSA SILLAO;L;0.010000;;
RT0417;RES - SALTADO DE RES CON VERDURAS;RECETON SGP;RECETON;1;TOMATE CRIOLLO REFRIGERADO;KG;0.040000;;
RT0417;RES - SALTADO DE RES CON VERDURAS;RECETON SGP;RECETON;1;VAINITA ENTERO REFRIGERADO;KG;0.010000;;
RT0417;RES - SALTADO DE RES CON VERDURAS;RECETON SGP;RECETON;1;VINAGRE TINTO;L;0.003000;;
RT0417;RES - SALTADO DE RES CON VERDURAS;RECETON SGP;RECETON;1;ZANAHORIA REFRIGERADO;KG;0.020000;;
RT0418;RES - SECO DE RES;RECETON SGP;RECETON;1;ACEITE VEGETAL;L;0.002000;;
RT0418;RES - SECO DE RES;RECETON SGP;RECETON;1;AGUA PARA RECETA;L;0.030000;;
RT0418;RES - SECO DE RES;RECETON SGP;RECETON;1;ARVEJA PELADA CONGELADO;KG;0.010000;;
RT0418;RES - SECO DE RES;RECETON SGP;RECETON;1;BASE VERDE;KG;0.020000;;
RT0418;RES - SECO DE RES;RECETON SGP;RECETON;1;MAICENA;KG;0.003000;;
RT0418;RES - SECO DE RES;RECETON SGP;RECETON;1;PIMIENTA NEGRA MOLIDA;KG;0.000060;;
RT0418;RES - SECO DE RES;RECETON SGP;RECETON;1;PIMIENTO ROJO REFRIGERADO;KG;0.005000;;
RT0418;RES - SECO DE RES;RECETON SGP;RECETON;1;RES - GUISO CONGELADO;KG;0.160000;;
RT0418;RES - SECO DE RES;RECETON SGP;RECETON;1;SAL DE COCINA;KG;0.002000;;
RT0418;RES - SECO DE RES;RECETON SGP;RECETON;1;ZANAHORIA REFRIGERADO;KG;0.015000;;
RT0419;RES - SECO DE RES A LA NORTEÑA;RECETON SGP;RECETON;1;ACEITE VEGETAL;L;0.002000;;
RT0419;RES - SECO DE RES A LA NORTEÑA;RECETON SGP;RECETON;1;AGUA PARA RECETA;L;0.030000;;
RT0419;RES - SECO DE RES A LA NORTEÑA;RECETON SGP;RECETON;1;BASE NORTEÑA;KG;0.020000;;
RT0419;RES - SECO DE RES A LA NORTEÑA;RECETON SGP;RECETON;1;COMINO MOLIDO;KG;0.000060;;
RT0419;RES - SECO DE RES A LA NORTEÑA;RECETON SGP;RECETON;1;PIMIENTA NEGRA MOLIDA;KG;0.000060;;
RT0419;RES - SECO DE RES A LA NORTEÑA;RECETON SGP;RECETON;1;PIMIENTO ROJO REFRIGERADO;KG;0.005000;;
RT0419;RES - SECO DE RES A LA NORTEÑA;RECETON SGP;RECETON;1;RES - GUISO CONGELADO;KG;0.160000;;
RT0419;RES - SECO DE RES A LA NORTEÑA;RECETON SGP;RECETON;1;SAL DE COCINA;KG;0.002000;;
RT0420;RES - TALLARIN AL PESTO CON BISTECK;RECETON SGP;RECETON;1;ACEITE VEGETAL;L;0.003000;;
RT0420;RES - TALLARIN AL PESTO CON BISTECK;RECETON SGP;RECETON;1;AGUA PARA RECETA;L;0.020000;;
RT0420;RES - TALLARIN AL PESTO CON BISTECK;RECETON SGP;RECETON;1;ALBAHACA REFRIGERADO;KG;0.020000;;
RT0420;RES - TALLARIN AL PESTO CON BISTECK;RECETON SGP;RECETON;1;CEBOLLA ROJA REFRIGERADO;KG;0.020000;;
RT0420;RES - TALLARIN AL PESTO CON BISTECK;RECETON SGP;RECETON;1;ESPINACA CONGELADO;KG;0.030000;;
RT0420;RES - TALLARIN AL PESTO CON BISTECK;RECETON SGP;RECETON;1;FIDEO SPAGUETTI;KG;0.090000;;
RT0420;RES - TALLARIN AL PESTO CON BISTECK;RECETON SGP;RECETON;1;LECHE EVAPORADA;L;0.015000;;
RT0420;RES - TALLARIN AL PESTO CON BISTECK;RECETON SGP;RECETON;1;PASTA DE AJO;KG;0.003000;;
RT0420;RES - TALLARIN AL PESTO CON BISTECK;RECETON SGP;RECETON;1;PIMIENTA NEGRA MOLIDA;KG;0.000120;;
RT0420;RES - TALLARIN AL PESTO CON BISTECK;RECETON SGP;RECETON;1;QUESO FRESCO REFRIGERADO;KG;0.015000;;
RT0420;RES - TALLARIN AL PESTO CON BISTECK;RECETON SGP;RECETON;1;QUESO PARMESANO REFRIGERADO;KG;0.001000;;
RT0420;RES - TALLARIN AL PESTO CON BISTECK;RECETON SGP;RECETON;1;RES - BISTECK CONGELADO;KG;0.160000;;
RT0420;RES - TALLARIN AL PESTO CON BISTECK;RECETON SGP;RECETON;1;SAL DE COCINA;KG;0.003000;;
RT0421;RES - TRIGO GUISADO CON RES;RECETON SGP;RECETON;1;ACEITE VEGETAL;L;0.002000;;
RT0421;RES - TRIGO GUISADO CON RES;RECETON SGP;RECETON;1;AGUA PARA RECETA;L;0.120000;;
RT0421;RES - TRIGO GUISADO CON RES;RECETON SGP;RECETON;1;BASE CRIOLLA;KG;0.008000;;
RT0421;RES - TRIGO GUISADO CON RES;RECETON SGP;RECETON;1;CALDO DE CARNE;KG;0.000060;;
RT0421;RES - TRIGO GUISADO CON RES;RECETON SGP;RECETON;1;COMINO MOLIDO;KG;0.000020;;
RT0421;RES - TRIGO GUISADO CON RES;RECETON SGP;RECETON;1;HIERBA BUENA REFRIGERADO;KG;0.002000;;
RT0421;RES - TRIGO GUISADO CON RES;RECETON SGP;RECETON;1;OREGANO ENTERO;KG;0.000060;;
RT0421;RES - TRIGO GUISADO CON RES;RECETON SGP;RECETON;1;PIMIENTA NEGRA MOLIDA;KG;0.000060;;
RT0421;RES - TRIGO GUISADO CON RES;RECETON SGP;RECETON;1;QUESO FRESCO REFRIGERADO;KG;0.010000;;
RT0421;RES - TRIGO GUISADO CON RES;RECETON SGP;RECETON;1;RES - GUISO CONGELADO;KG;0.160000;;
RT0421;RES - TRIGO GUISADO CON RES;RECETON SGP;RECETON;1;SAL DE COCINA;KG;0.002000;;
RT0421;RES - TRIGO GUISADO CON RES;RECETON SGP;RECETON;1;TRIGO PELADO;KG;0.060000;;
RT0422;REVUELTO DE CHUÑO;RECETON SGP;RECETON;1;ACEITE VEGETAL;L;0.005000;;
RT0422;REVUELTO DE CHUÑO;RECETON SGP;RECETON;1;CEBOLLA ROJA REFRIGERADO;KG;0.003000;;
RT0422;REVUELTO DE CHUÑO;RECETON SGP;RECETON;1;CHUÑO ENTERO;KG;0.060000;;
RT0422;REVUELTO DE CHUÑO;RECETON SGP;RECETON;1;HUACATAY REFRIGERADO;KG;0.001000;;
RT0422;REVUELTO DE CHUÑO;RECETON SGP;RECETON;1;HUEVO LIQUIDO CONGELADO;KG;0.005000;;
RT0422;REVUELTO DE CHUÑO;RECETON SGP;RECETON;1;LECHE EVAPORADA;L;0.005000;;
RT0422;REVUELTO DE CHUÑO;RECETON SGP;RECETON;1;OREGANO ENTERO;KG;0.001000;;
RT0422;REVUELTO DE CHUÑO;RECETON SGP;RECETON;1;PASTA DE AJO;KG;0.003000;;
RT0422;REVUELTO DE CHUÑO;RECETON SGP;RECETON;1;PEREJIL LIZO REFRIGERADO;KG;0.001000;;
RT0422;REVUELTO DE CHUÑO;RECETON SGP;RECETON;1;PIMIENTA NEGRA MOLIDA;KG;0.000120;;
RT0422;REVUELTO DE CHUÑO;RECETON SGP;RECETON;1;QUESO FRESCO REFRIGERADO;KG;0.015000;;
RT0422;REVUELTO DE CHUÑO;RECETON SGP;RECETON;1;SAL DE COCINA;KG;0.002000;;
RT0423;REVUELTO DE VERDURAS;RECETON SGP;RECETON;1;ACEITE VEGETAL;L;0.010000;;
RT0423;REVUELTO DE VERDURAS;RECETON SGP;RECETON;1;ARVEJA PELADA CONGELADO;KG;0.012000;;
RT0423;REVUELTO DE VERDURAS;RECETON SGP;RECETON;1;CEBOLLA ROJA REFRIGERADO;KG;0.030000;;
RT0423;REVUELTO DE VERDURAS;RECETON SGP;RECETON;1;CHOCLO AMARILLO DESGRANADO CONGELADO;KG;0.012000;;
RT0423;REVUELTO DE VERDURAS;RECETON SGP;RECETON;1;HUEVO LIQUIDO CONGELADO;KG;0.060000;;
RT0423;REVUELTO DE VERDURAS;RECETON SGP;RECETON;1;LECHE EVAPORADA;L;0.010000;;
RT0423;REVUELTO DE VERDURAS;RECETON SGP;RECETON;1;PAPA BLANCA REFRIGERADO;KG;0.100000;;
RT0423;REVUELTO DE VERDURAS;RECETON SGP;RECETON;1;PASTA DE AJO;KG;0.002000;;
RT0423;REVUELTO DE VERDURAS;RECETON SGP;RECETON;1;PIMIENTA NEGRA MOLIDA;KG;0.000120;;
RT0423;REVUELTO DE VERDURAS;RECETON SGP;RECETON;1;QUESO FRESCO REFRIGERADO;KG;0.040000;;
RT0423;REVUELTO DE VERDURAS;RECETON SGP;RECETON;1;SAL DE COCINA;KG;0.002000;;
RT0423;REVUELTO DE VERDURAS;RECETON SGP;RECETON;1;VAINITA ENTERO REFRIGERADO;KG;0.015000;;
RT0424;SALAD BAR I;RECETON SGP;RECETON;1;BETERRAGA ENTERA REFRIGERADO;KG;0.050000;;
RT0424;SALAD BAR I;RECETON SGP;RECETON;1;COLIFLOR 20-60 CONGELADO;KG;0.040000;;
RT0424;SALAD BAR I;RECETON SGP;RECETON;1;ESPINACA REFRIGERADO;KG;0.040000;;
RT0425;SALAD BAR V;RECETON SGP;RECETON;1;BROCOLI 20-40 CONGELADO;KG;0.030000;;
RT0425;SALAD BAR V;RECETON SGP;RECETON;1;RABANITO REFRIGERADO;KG;0.040000;;
RT0425;SALAD BAR V;RECETON SGP;RECETON;1;ZANAHORIA REFRIGERADO;KG;0.050000;;
RT0426;SALAD BAR VI;RECETON SGP;RECETON;1;BETERRAGA ENTERA REFRIGERADO;KG;0.030000;;
RT0426;SALAD BAR VI;RECETON SGP;RECETON;1;PEPINILLO REFRIGERADO;KG;0.040000;;
RT0426;SALAD BAR VI;RECETON SGP;RECETON;1;TOMATE CRIOLLO REFRIGERADO;KG;0.050000;;
RT0427;SALAD BAR VII;RECETON SGP;RECETON;1;LECHUGA AMERICANA REFRIGERADO;KG;0.060000;;
RT0427;SALAD BAR VII;RECETON SGP;RECETON;1;PEPINILLO REFRIGERADO;KG;0.030000;;
RT0427;SALAD BAR VII;RECETON SGP;RECETON;1;ZANAHORIA REFRIGERADO;KG;0.030000;;
RT0428;SALCHIPAPA MONTADA;RECETON SGP;RECETON;1;ACEITE VEGETAL;L;0.005000;;
RT0428;SALCHIPAPA MONTADA;RECETON SGP;RECETON;1;AGUA PARA RECETA;L;0.000400;;
RT0428;SALCHIPAPA MONTADA;RECETON SGP;RECETON;1;HUEVO ROSADO REFRIGERADO CAJA;KG;0.060000;;
RT0428;SALCHIPAPA MONTADA;RECETON SGP;RECETON;1;KETCHUP;KG;0.001000;;
RT0428;SALCHIPAPA MONTADA;RECETON SGP;RECETON;1;MAYONESA;KG;0.000600;;
RT0428;SALCHIPAPA MONTADA;RECETON SGP;RECETON;1;MOSTAZA;KG;0.001000;;
RT0428;SALCHIPAPA MONTADA;RECETON SGP;RECETON;1;PAPA BLANCA REFRIGERADO;KG;0.200000;;
RT0428;SALCHIPAPA MONTADA;RECETON SGP;RECETON;1;SAL DE COCINA;KG;0.001000;;
RT0428;SALCHIPAPA MONTADA;RECETON SGP;RECETON;1;SALCHICHA HOT DOG CONGELADO;KG;0.100000;;
RT0429;SALCHIPOLLO;RECETON SGP;RECETON;1;ACEITE VEGETAL;L;0.015000;;
RT0429;SALCHIPOLLO;RECETON SGP;RECETON;1;PAPA PRE FRITA CONGELADA;KG;0.077000;;
RT0429;SALCHIPOLLO;RECETON SGP;RECETON;1;PECHUGA DE POLLO S/HUESO S/PIEL CONGELADO;KG;0.160000;;
RT0429;SALCHIPOLLO;RECETON SGP;RECETON;1;SAL DE COCINA;KG;0.002000;;
RT0429;SALCHIPOLLO;RECETON SGP;RECETON;1;SALCHICHA HOT DOG CONGELADO;KG;0.050000;;
RT0430;SALPICON DE JAMON;RECETON SGP;RECETON;1;ACEITE VEGETAL;L;0.008000;;
RT0430;SALPICON DE JAMON;RECETON SGP;RECETON;1;AGUA PARA RECETA;L;0.003300;;
RT0430;SALPICON DE JAMON;RECETON SGP;RECETON;1;CEBOLLA ROJA REFRIGERADO;KG;0.035000;;
RT0430;SALPICON DE JAMON;RECETON SGP;RECETON;1;HUEVO ROSADO REFRIGERADO CAJA;KG;0.015000;;
RT0430;SALPICON DE JAMON;RECETON SGP;RECETON;1;JAMON PARA CAFETIN CONGELADO;KG;0.020000;;
RT0430;SALPICON DE JAMON;RECETON SGP;RECETON;1;LECHUGA AMERICANA REFRIGERADO;KG;0.012000;;
RT0430;SALPICON DE JAMON;RECETON SGP;RECETON;1;MAYONESA;KG;0.006700;;
RT0430;SALPICON DE JAMON;RECETON SGP;RECETON;1;MOSTAZA;KG;0.002000;;
RT0430;SALPICON DE JAMON;RECETON SGP;RECETON;1;OREGANO ENTERO;KG;0.000120;;
RT0430;SALPICON DE JAMON;RECETON SGP;RECETON;1;PAPA BLANCA REFRIGERADO;KG;0.030000;;
RT0430;SALPICON DE JAMON;RECETON SGP;RECETON;1;PEREJIL LIZO REFRIGERADO;KG;0.002000;;
RT0430;SALPICON DE JAMON;RECETON SGP;RECETON;1;PIMIENTA NEGRA MOLIDA;KG;0.000120;;
RT0430;SALPICON DE JAMON;RECETON SGP;RECETON;1;SAL DE COCINA;KG;0.002000;;
RT0430;SALPICON DE JAMON;RECETON SGP;RECETON;1;TOMATE CRIOLLO REFRIGERADO;KG;0.015000;;
RT0430;SALPICON DE JAMON;RECETON SGP;RECETON;1;VAINITA ENTERO REFRIGERADO;KG;0.020000;;
RT0430;SALPICON DE JAMON;RECETON SGP;RECETON;1;VINAGRE BLANCO;L;0.004000;;
RT0430;SALPICON DE JAMON;RECETON SGP;RECETON;1;ZANAHORIA REFRIGERADO;KG;0.015000;;
RT0431;SALPICON DE POLLO;RECETON SGP;RECETON;1;ACEITUNA NEGRA EN RODAJA;KG;0.007000;;
RT0431;SALPICON DE POLLO;RECETON SGP;RECETON;1;AGUA PARA RECETA;L;0.004000;;
RT0431;SALPICON DE POLLO;RECETON SGP;RECETON;1;ARVEJA PELADA CONGELADO;KG;0.010000;;
RT0431;SALPICON DE POLLO;RECETON SGP;RECETON;1;CEBOLLA ROJA REFRIGERADO;KG;0.020000;;
RT0431;SALPICON DE POLLO;RECETON SGP;RECETON;1;HUEVO ROSADO REFRIGERADO CAJA;KG;0.015000;;
RT0431;SALPICON DE POLLO;RECETON SGP;RECETON;1;LECHUGA AMERICANA REFRIGERADO;KG;0.012000;;
RT0431;SALPICON DE POLLO;RECETON SGP;RECETON;1;MAYONESA;KG;0.010650;;
RT0431;SALPICON DE POLLO;RECETON SGP;RECETON;1;MOSTAZA;KG;0.001000;;
RT0431;SALPICON DE POLLO;RECETON SGP;RECETON;1;PAPA BLANCA REFRIGERADO;KG;0.030000;;
RT0431;SALPICON DE POLLO;RECETON SGP;RECETON;1;PECHUGA DE POLLO S/HUESO S/PIEL CONGELADO;KG;0.035000;;
RT0431;SALPICON DE POLLO;RECETON SGP;RECETON;1;PEREJIL LIZO REFRIGERADO;KG;0.003000;;
RT0431;SALPICON DE POLLO;RECETON SGP;RECETON;1;PIMIENTA NEGRA MOLIDA;KG;0.000120;;
RT0431;SALPICON DE POLLO;RECETON SGP;RECETON;1;SAL DE COCINA;KG;0.001500;;
RT0431;SALPICON DE POLLO;RECETON SGP;RECETON;1;TOMATE CRIOLLO REFRIGERADO;KG;0.020000;;
RT0431;SALPICON DE POLLO;RECETON SGP;RECETON;1;VAINITA ENTERO REFRIGERADO;KG;0.020000;;
RT0431;SALPICON DE POLLO;RECETON SGP;RECETON;1;VINAGRE BLANCO;L;0.001000;;
RT0431;SALPICON DE POLLO;RECETON SGP;RECETON;1;ZANAHORIA REFRIGERADO;KG;0.015000;;
RT0432;SALPICON DE VERDURAS CON HUEVO;RECETON SGP;RECETON;1;ACEITE VEGETAL;L;0.008000;;
RT0432;SALPICON DE VERDURAS CON HUEVO;RECETON SGP;RECETON;1;ACEITUNA NEGRA EN RODAJA;KG;0.007000;;
RT0432;SALPICON DE VERDURAS CON HUEVO;RECETON SGP;RECETON;1;AGUA PARA RECETA;L;0.003000;;
RT0432;SALPICON DE VERDURAS CON HUEVO;RECETON SGP;RECETON;1;CEBOLLA ROJA REFRIGERADO;KG;0.020000;;
RT0432;SALPICON DE VERDURAS CON HUEVO;RECETON SGP;RECETON;1;HUEVO ROSADO REFRIGERADO CAJA;KG;0.030000;;
RT0432;SALPICON DE VERDURAS CON HUEVO;RECETON SGP;RECETON;1;LECHUGA AMERICANA REFRIGERADO;KG;0.012000;;
RT0432;SALPICON DE VERDURAS CON HUEVO;RECETON SGP;RECETON;1;MAYONESA;KG;0.007100;;
RT0432;SALPICON DE VERDURAS CON HUEVO;RECETON SGP;RECETON;1;MOSTAZA;KG;0.002000;;
RT0432;SALPICON DE VERDURAS CON HUEVO;RECETON SGP;RECETON;1;OREGANO ENTERO;KG;0.000120;;
RT0432;SALPICON DE VERDURAS CON HUEVO;RECETON SGP;RECETON;1;PAPA BLANCA REFRIGERADO;KG;0.030000;;
RT0432;SALPICON DE VERDURAS CON HUEVO;RECETON SGP;RECETON;1;PEREJIL LIZO REFRIGERADO;KG;0.003000;;
RT0432;SALPICON DE VERDURAS CON HUEVO;RECETON SGP;RECETON;1;PIMIENTA NEGRA MOLIDA;KG;0.000120;;
RT0432;SALPICON DE VERDURAS CON HUEVO;RECETON SGP;RECETON;1;SAL DE COCINA;KG;0.002000;;
RT0432;SALPICON DE VERDURAS CON HUEVO;RECETON SGP;RECETON;1;TOMATE CRIOLLO REFRIGERADO;KG;0.015000;;
RT0432;SALPICON DE VERDURAS CON HUEVO;RECETON SGP;RECETON;1;VAINITA ENTERO REFRIGERADO;KG;0.020000;;
RT0432;SALPICON DE VERDURAS CON HUEVO;RECETON SGP;RECETON;1;VINAGRE BLANCO;L;0.004000;;
RT0432;SALPICON DE VERDURAS CON HUEVO;RECETON SGP;RECETON;1;ZANAHORIA REFRIGERADO;KG;0.015000;;
RT0433;SALSA CRIOLLA;RECETON SGP;RECETON;1;ACEITE VEGETAL;L;0.002000;;
RT0433;SALSA CRIOLLA;RECETON SGP;RECETON;1;AJI AMARILLO REFRIGERADO;KG;0.005000;;
RT0433;SALSA CRIOLLA;RECETON SGP;RECETON;1;CEBOLLA ROJA REFRIGERADO;KG;0.040000;;
RT0433;SALSA CRIOLLA;RECETON SGP;RECETON;1;PEREJIL LIZO REFRIGERADO;KG;0.003000;;
RT0433;SALSA CRIOLLA;RECETON SGP;RECETON;1;PIMIENTA NEGRA MOLIDA;KG;0.000120;;
RT0433;SALSA CRIOLLA;RECETON SGP;RECETON;1;SAL DE COCINA;KG;0.002000;;
RT0433;SALSA CRIOLLA;RECETON SGP;RECETON;1;VINAGRE BLANCO;L;0.001000;;
RT0433;SALSA CRIOLLA;RECETON SGP;RECETON;1;ZUMO DE LIMON CONGELADO;KG;0.003333;;
RT0434;SALSA DE AJI POLLERO;RECETON SGP;RECETON;1;ACEITE VEGETAL;L;0.003000;;
RT0434;SALSA DE AJI POLLERO;RECETON SGP;RECETON;1;AGUA PARA RECETA;L;0.005000;;
RT0434;SALSA DE AJI POLLERO;RECETON SGP;RECETON;1;AJI AMARILLO REFRIGERADO;KG;0.010000;;
RT0434;SALSA DE AJI POLLERO;RECETON SGP;RECETON;1;CEBOLLA ROJA REFRIGERADO;KG;0.007000;;
RT0434;SALSA DE AJI POLLERO;RECETON SGP;RECETON;1;PASTA DE AJO;KG;0.002000;;
RT0434;SALSA DE AJI POLLERO;RECETON SGP;RECETON;1;PEREJIL LIZO REFRIGERADO;KG;0.001000;;
RT0434;SALSA DE AJI POLLERO;RECETON SGP;RECETON;1;PIMIENTA NEGRA MOLIDA;KG;0.000060;;
RT0434;SALSA DE AJI POLLERO;RECETON SGP;RECETON;1;SAL DE COCINA;KG;0.001000;;
RT0435;SALSA DE AJI SACHET;RECETON SGP;RECETON;1;SALSA DE AJI CASERO 10 GR;UND;1.000000;;
RT0436;SALSA DE HUANCAINA;RECETON SGP;RECETON;1;ACEITE VEGETAL;L;0.002000;;
RT0436;SALSA DE HUANCAINA;RECETON SGP;RECETON;1;GALLETA SALADA SODA SAN JORGE 40 G;UND;0.010000;;
RT0436;SALSA DE HUANCAINA;RECETON SGP;RECETON;1;LECHE EVAPORADA;L;0.018000;;
RT0436;SALSA DE HUANCAINA;RECETON SGP;RECETON;1;PASTA DE AJI AMARILLO;KG;0.005500;;
RT0436;SALSA DE HUANCAINA;RECETON SGP;RECETON;1;PIMIENTA NEGRA MOLIDA;KG;0.000120;;
RT0436;SALSA DE HUANCAINA;RECETON SGP;RECETON;1;QUESO FRESCO REFRIGERADO;KG;0.010000;;
RT0436;SALSA DE HUANCAINA;RECETON SGP;RECETON;1;SAL DE COCINA;KG;0.002000;;
RT0437;SALSA DE OCOPA;RECETON SGP;RECETON;1;ACEITE VEGETAL;L;0.004000;;
RT0437;SALSA DE OCOPA;RECETON SGP;RECETON;1;AJI AMARILLO REFRIGERADO;KG;0.010000;;
RT0437;SALSA DE OCOPA;RECETON SGP;RECETON;1;CEBOLLA ROJA REFRIGERADO;KG;0.010000;;
RT0437;SALSA DE OCOPA;RECETON SGP;RECETON;1;GALLETA SALADA SODA SAN JORGE 40 G;UND;0.010000;;
RT0437;SALSA DE OCOPA;RECETON SGP;RECETON;1;HUACATAY REFRIGERADO;KG;0.015000;;
RT0437;SALSA DE OCOPA;RECETON SGP;RECETON;1;LECHUGA AMERICANA REFRIGERADO;KG;0.015000;;
RT0437;SALSA DE OCOPA;RECETON SGP;RECETON;1;MANI TOSTADO PELADO;KG;0.002000;;
RT0437;SALSA DE OCOPA;RECETON SGP;RECETON;1;MEZCLA LACTEA;L;0.010000;;
RT0437;SALSA DE OCOPA;RECETON SGP;RECETON;1;QUESO FRESCO REFRIGERADO;KG;0.010000;;
RT0437;SALSA DE OCOPA;RECETON SGP;RECETON;1;SAL DE COCINA;KG;0.002000;;
RT0438;SALSA GUACAMOLE;RECETON SGP;RECETON;1;AGUA PARA RECETA;L;0.003300;;
RT0438;SALSA GUACAMOLE;RECETON SGP;RECETON;1;AJI LIMO REFRIGERADO;KG;0.001000;;
RT0438;SALSA GUACAMOLE;RECETON SGP;RECETON;1;CEBOLLA ROJA REFRIGERADO;KG;0.010000;;
RT0438;SALSA GUACAMOLE;RECETON SGP;RECETON;1;PALTA;KG;0.050000;;
RT0438;SALSA GUACAMOLE;RECETON SGP;RECETON;1;PIMIENTA NEGRA MOLIDA;KG;0.000120;;
RT0438;SALSA GUACAMOLE;RECETON SGP;RECETON;1;SAL DE COCINA;KG;0.002000;;
RT0438;SALSA GUACAMOLE;RECETON SGP;RECETON;1;TOMATE CRIOLLO REFRIGERADO;KG;0.010000;;
RT0438;SALSA GUACAMOLE;RECETON SGP;RECETON;1;ZUMO DE LIMON CONGELADO;KG;0.001000;;
RT0439;SALSA ROCOTO;RECETON SGP;RECETON;1;ACEITE VEGETAL;L;0.003000;;
RT0439;SALSA ROCOTO;RECETON SGP;RECETON;1;AGUA PARA RECETA;L;0.005000;;
RT0439;SALSA ROCOTO;RECETON SGP;RECETON;1;CEBOLLA ROJA REFRIGERADO;KG;0.007000;;
RT0439;SALSA ROCOTO;RECETON SGP;RECETON;1;PASTA DE AJO;KG;0.002000;;
RT0439;SALSA ROCOTO;RECETON SGP;RECETON;1;PIMIENTA NEGRA MOLIDA;KG;0.000060;;
RT0439;SALSA ROCOTO;RECETON SGP;RECETON;1;ROCOTO NORMAL REFRIGERADO;KG;0.010000;;
RT0439;SALSA ROCOTO;RECETON SGP;RECETON;1;SAL DE COCINA;KG;0.001000;;
RT0440;SALSA TARTARA;RECETON SGP;RECETON;1;ACEITE VEGETAL;L;0.003000;;
RT0440;SALSA TARTARA;RECETON SGP;RECETON;1;CEBOLLA CHINA REFRIGERADO;KG;0.002000;;
RT0440;SALSA TARTARA;RECETON SGP;RECETON;1;CEBOLLA ROJA REFRIGERADO;KG;0.030000;;
RT0440;SALSA TARTARA;RECETON SGP;RECETON;1;HUEVO ROSADO REFRIGERADO CAJA;KG;0.020000;;
RT0440;SALSA TARTARA;RECETON SGP;RECETON;1;MAYONESA;KG;0.010000;;
RT0440;SALSA TARTARA;RECETON SGP;RECETON;1;PIMIENTA NEGRA MOLIDA;KG;0.000120;;
RT0440;SALSA TARTARA;RECETON SGP;RECETON;1;SAL DE COCINA;KG;0.003000;;
RT0441;SALSA VINAGRETA;RECETON SGP;RECETON;1;AGUA PARA RECETA;L;0.003300;;
RT0441;SALSA VINAGRETA;RECETON SGP;RECETON;1;MAYONESA;KG;0.006700;;
RT0441;SALSA VINAGRETA;RECETON SGP;RECETON;1;MOSTAZA;KG;0.002000;;
RT0441;SALSA VINAGRETA;RECETON SGP;RECETON;1;OREGANO ENTERO;KG;0.000120;;
RT0441;SALSA VINAGRETA;RECETON SGP;RECETON;1;PIMIENTA NEGRA MOLIDA;KG;0.000120;;
RT0441;SALSA VINAGRETA;RECETON SGP;RECETON;1;SAL DE COCINA;KG;0.002000;;
RT0441;SALSA VINAGRETA;RECETON SGP;RECETON;1;VINAGRE BLANCO;L;0.004000;;
RT0442;SANDIA;RECETON SGP;RECETON;1;SANDIA REFRIGERADO;KG;0.300000;;
RT0443;SANDWICH CON HAMBURGUESA MONTADA;RECETON SGP;RECETON;1;ACEITE VEGETAL;L;0.003600;;
RT0443;SANDWICH CON HAMBURGUESA MONTADA;RECETON SGP;RECETON;1;AGUA PARA RECETA;L;0.002700;;
RT0443;SANDWICH CON HAMBURGUESA MONTADA;RECETON SGP;RECETON;1;AZUCAR RUBIA;KG;0.003600;;
RT0443;SANDWICH CON HAMBURGUESA MONTADA;RECETON SGP;RECETON;1;CEBOLLA ROJA REFRIGERADO;KG;0.010000;;
RT0443;SANDWICH CON HAMBURGUESA MONTADA;RECETON SGP;RECETON;1;COMINO MOLIDO;KG;0.000120;;
RT0443;SANDWICH CON HAMBURGUESA MONTADA;RECETON SGP;RECETON;1;HARINA DE TRIGO ESPECIAL;KG;0.045000;;
RT0443;SANDWICH CON HAMBURGUESA MONTADA;RECETON SGP;RECETON;1;HUEVO ROSADO REFRIGERADO CAJA;KG;0.070000;;
RT0443;SANDWICH CON HAMBURGUESA MONTADA;RECETON SGP;RECETON;1;LEVADURA INSTANTANEA;KG;0.000500;;
RT0443;SANDWICH CON HAMBURGUESA MONTADA;RECETON SGP;RECETON;1;PAPA PRE FRITA CONGELADA;KG;0.077000;;
RT0443;SANDWICH CON HAMBURGUESA MONTADA;RECETON SGP;RECETON;1;PIMIENTA NEGRA MOLIDA;KG;0.000120;;
RT0443;SANDWICH CON HAMBURGUESA MONTADA;RECETON SGP;RECETON;1;PREMEZCLA INVENTIS PAN CIABATTA;KG;0.005700;;
RT0443;SANDWICH CON HAMBURGUESA MONTADA;RECETON SGP;RECETON;1;RES CARNE MOLIDA CONGELADO;KG;0.160000;;
RT0444;SANDWICH CON POLLO A LA PLANCHA (ROMPE RUTINA);RECETON SGP;RECETON;1;ACEITE VEGETAL;L;0.007000;;
RT0444;SANDWICH CON POLLO A LA PLANCHA (ROMPE RUTINA);RECETON SGP;RECETON;1;AGUA PARA RECETA;L;0.010500;;
RT0444;SANDWICH CON POLLO A LA PLANCHA (ROMPE RUTINA);RECETON SGP;RECETON;1;HARINA DE TRIGO ESPECIAL;KG;0.030000;;
RT0444;SANDWICH CON POLLO A LA PLANCHA (ROMPE RUTINA);RECETON SGP;RECETON;1;KETCHUP;KG;0.008000;;
RT0444;SANDWICH CON POLLO A LA PLANCHA (ROMPE RUTINA);RECETON SGP;RECETON;1;LECHUGA AMERICANA REFRIGERADO;KG;0.010000;;
RT0444;SANDWICH CON POLLO A LA PLANCHA (ROMPE RUTINA);RECETON SGP;RECETON;1;LEVADURA INSTANTANEA;KG;0.000020;;
RT0444;SANDWICH CON POLLO A LA PLANCHA (ROMPE RUTINA);RECETON SGP;RECETON;1;MAYONESA;KG;0.010000;;
RT0444;SANDWICH CON POLLO A LA PLANCHA (ROMPE RUTINA);RECETON SGP;RECETON;1;PAPA PRE FRITA CONGELADA;KG;0.100000;;
RT0444;SANDWICH CON POLLO A LA PLANCHA (ROMPE RUTINA);RECETON SGP;RECETON;1;PECHUGA DE POLLO S/HUESO S/PIEL CONGELADO;KG;0.125000;;
RT0444;SANDWICH CON POLLO A LA PLANCHA (ROMPE RUTINA);RECETON SGP;RECETON;1;PREMEZCLA INVENTIS PAN CIABATTA;KG;0.005000;;
RT0444;SANDWICH CON POLLO A LA PLANCHA (ROMPE RUTINA);RECETON SGP;RECETON;1;SAL DE COCINA;KG;0.003000;;
RT0444;SANDWICH CON POLLO A LA PLANCHA (ROMPE RUTINA);RECETON SGP;RECETON;1;TOMATE CRIOLLO REFRIGERADO;KG;0.010000;;
RT0445;SOLTERITO;RECETON SGP;RECETON;1;ACEITE VEGETAL;L;0.001000;;
RT0445;SOLTERITO;RECETON SGP;RECETON;1;ACEITUNA NEGRA EN RODAJA;KG;0.007000;;
RT0445;SOLTERITO;RECETON SGP;RECETON;1;ANIS SECO;KG;0.000060;;
RT0445;SOLTERITO;RECETON SGP;RECETON;1;AZUCAR RUBIA;KG;0.000100;;
RT0445;SOLTERITO;RECETON SGP;RECETON;1;CEBOLLA ROJA REFRIGERADO;KG;0.030000;;
RT0445;SOLTERITO;RECETON SGP;RECETON;1;CHOCLO AMARILLO DESGRANADO CONGELADO;KG;0.020000;;
RT0445;SOLTERITO;RECETON SGP;RECETON;1;CULANTRO REFRIGERADO;KG;0.002000;;
RT0445;SOLTERITO;RECETON SGP;RECETON;1;HABA VERDE PELADO CONGELADO;KG;0.015000;;
RT0445;SOLTERITO;RECETON SGP;RECETON;1;LECHUGA AMERICANA REFRIGERADO;KG;0.012000;;
RT0445;SOLTERITO;RECETON SGP;RECETON;1;PAPA BLANCA REFRIGERADO;KG;0.025000;;
RT0445;SOLTERITO;RECETON SGP;RECETON;1;PIMIENTA NEGRA MOLIDA;KG;0.000120;;
RT0445;SOLTERITO;RECETON SGP;RECETON;1;QUESO FRESCO REFRIGERADO;KG;0.030000;;
RT0445;SOLTERITO;RECETON SGP;RECETON;1;ROCOTO NORMAL REFRIGERADO;KG;0.003000;;
RT0445;SOLTERITO;RECETON SGP;RECETON;1;SAL DE COCINA;KG;0.002000;;
RT0445;SOLTERITO;RECETON SGP;RECETON;1;TOMATE CRIOLLO REFRIGERADO;KG;0.020000;;
RT0445;SOLTERITO;RECETON SGP;RECETON;1;ZUMO DE LIMON CONGELADO;KG;0.003330;;
RT0446;SOPA A LA MINUTA CON RES;RECETON SGP;RECETON;1;ACEITE VEGETAL;L;0.001000;;
RT0446;SOPA A LA MINUTA CON RES;RECETON SGP;RECETON;1;AGUA PARA RECETA;L;0.300000;;
RT0446;SOPA A LA MINUTA CON RES;RECETON SGP;RECETON;1;AJINOMOTO;KG;0.001000;;
RT0446;SOPA A LA MINUTA CON RES;RECETON SGP;RECETON;1;BASE CRIOLLA;KG;0.002000;;
RT0446;SOPA A LA MINUTA CON RES;RECETON SGP;RECETON;1;CALDO DE CARNE;KG;0.001000;;
RT0446;SOPA A LA MINUTA CON RES;RECETON SGP;RECETON;1;FIDEO CABELLO DE ANGEL;KG;0.030000;;
RT0446;SOPA A LA MINUTA CON RES;RECETON SGP;RECETON;1;LECHE EVAPORADA;L;0.005000;;
RT0446;SOPA A LA MINUTA CON RES;RECETON SGP;RECETON;1;OREGANO ENTERO;KG;0.000120;;
RT0446;SOPA A LA MINUTA CON RES;RECETON SGP;RECETON;1;PAPA BLANCA REFRIGERADO;KG;0.030000;;
RT0446;SOPA A LA MINUTA CON RES;RECETON SGP;RECETON;1;PASTA DE TOMATE;KG;0.003000;;
RT0446;SOPA A LA MINUTA CON RES;RECETON SGP;RECETON;1;PEREJIL LIZO REFRIGERADO;KG;0.001000;;
RT0446;SOPA A LA MINUTA CON RES;RECETON SGP;RECETON;1;PIMIENTA NEGRA MOLIDA;KG;0.000120;;
RT0446;SOPA A LA MINUTA CON RES;RECETON SGP;RECETON;1;RES CARNE MOLIDA CONGELADO;KG;0.065000;;
RT0446;SOPA A LA MINUTA CON RES;RECETON SGP;RECETON;1;SAL DE COCINA;KG;0.002000;;
RT0447;SOPA CALDO BLANCO CON POLLO;RECETON SGP;RECETON;1;ACEITE VEGETAL;L;0.001000;;
RT0447;SOPA CALDO BLANCO CON POLLO;RECETON SGP;RECETON;1;AGUA PARA RECETA;L;0.300000;;
RT0447;SOPA CALDO BLANCO CON POLLO;RECETON SGP;RECETON;1;APIO REFRIGERADO;KG;0.015000;;
RT0447;SOPA CALDO BLANCO CON POLLO;RECETON SGP;RECETON;1;ARROZ GRANO QUEBRADO PARA SOPA;KG;0.020000;;
RT0447;SOPA CALDO BLANCO CON POLLO;RECETON SGP;RECETON;1;CEBOLLA ROJA REFRIGERADO;KG;0.010000;;
RT0447;SOPA CALDO BLANCO CON POLLO;RECETON SGP;RECETON;1;CHUÑO ENTERO;KG;0.015000;;
RT0447;SOPA CALDO BLANCO CON POLLO;RECETON SGP;RECETON;1;MAICENA;KG;0.010000;;
RT0447;SOPA CALDO BLANCO CON POLLO;RECETON SGP;RECETON;1;OREGANO ENTERO;KG;0.000120;;
RT0447;SOPA CALDO BLANCO CON POLLO;RECETON SGP;RECETON;1;PAPA BLANCA REFRIGERADO;KG;0.030000;;
RT0447;SOPA CALDO BLANCO CON POLLO;RECETON SGP;RECETON;1;PASTA DE AJO;KG;0.001000;;
RT0447;SOPA CALDO BLANCO CON POLLO;RECETON SGP;RECETON;1;PEREJIL LIZO REFRIGERADO;KG;0.001000;;
RT0447;SOPA CALDO BLANCO CON POLLO;RECETON SGP;RECETON;1;PIMIENTA NEGRA MOLIDA;KG;0.000120;;
RT0447;SOPA CALDO BLANCO CON POLLO;RECETON SGP;RECETON;1;POLLO PIERNA CON ENCUENTRO CONGELADO;KG;0.075000;;
RT0447;SOPA CALDO BLANCO CON POLLO;RECETON SGP;RECETON;1;PORO REFRIGERADO;KG;0.010000;;
RT0447;SOPA CALDO BLANCO CON POLLO;RECETON SGP;RECETON;1;PRE ELABORADO RAM GARBANZO SIN ADEREZO;KG;0.030000;;
RT0447;SOPA CALDO BLANCO CON POLLO;RECETON SGP;RECETON;1;SAL DE COCINA;KG;0.002000;;
RT0447;SOPA CALDO BLANCO CON POLLO;RECETON SGP;RECETON;1;ZANAHORIA REFRIGERADO;KG;0.010000;;
RT0448;SOPA CALDO BLANCO CON RES I;RECETON SGP;RECETON;1;AGUA PARA RECETA;L;0.300000;;
RT0448;SOPA CALDO BLANCO CON RES I;RECETON SGP;RECETON;1;AJINOMOTO;KG;0.001000;;
RT0448;SOPA CALDO BLANCO CON RES I;RECETON SGP;RECETON;1;APIO REFRIGERADO;KG;0.015000;;
RT0448;SOPA CALDO BLANCO CON RES I;RECETON SGP;RECETON;1;ARROZ GRANO QUEBRADO PARA SOPA;KG;0.015000;;
RT0448;SOPA CALDO BLANCO CON RES I;RECETON SGP;RECETON;1;CALDO DE CARNE;KG;0.001000;;
RT0448;SOPA CALDO BLANCO CON RES I;RECETON SGP;RECETON;1;CHUÑO ENTERO;KG;0.015000;;
RT0448;SOPA CALDO BLANCO CON RES I;RECETON SGP;RECETON;1;HIERBA BUENA REFRIGERADO;KG;0.001000;;
RT0448;SOPA CALDO BLANCO CON RES I;RECETON SGP;RECETON;1;NABO REFRIGERADO;KG;0.010000;;
RT0448;SOPA CALDO BLANCO CON RES I;RECETON SGP;RECETON;1;OREGANO ENTERO;KG;0.000120;;
RT0448;SOPA CALDO BLANCO CON RES I;RECETON SGP;RECETON;1;PAPA BLANCA REFRIGERADO;KG;0.015000;;
RT0448;SOPA CALDO BLANCO CON RES I;RECETON SGP;RECETON;1;PEREJIL LIZO REFRIGERADO;KG;0.001000;;
RT0448;SOPA CALDO BLANCO CON RES I;RECETON SGP;RECETON;1;PORO REFRIGERADO;KG;0.015000;;
RT0448;SOPA CALDO BLANCO CON RES I;RECETON SGP;RECETON;1;PRE ELABORADO RAM GARBANZO SIN ADEREZO;KG;0.030000;;
RT0448;SOPA CALDO BLANCO CON RES I;RECETON SGP;RECETON;1;RES - SOPAS S/HUESO CONGELADO;KG;0.065000;;
RT0448;SOPA CALDO BLANCO CON RES I;RECETON SGP;RECETON;1;SAL DE COCINA;KG;0.002000;;
RT0448;SOPA CALDO BLANCO CON RES I;RECETON SGP;RECETON;1;ZANAHORIA REFRIGERADO;KG;0.010000;;
RT0449;SOPA CAMPESINA DE POLLO;RECETON SGP;RECETON;1;ACEITE VEGETAL;L;0.001000;;
RT0449;SOPA CAMPESINA DE POLLO;RECETON SGP;RECETON;1;AGUA PARA RECETA;L;0.300000;;
RT0449;SOPA CAMPESINA DE POLLO;RECETON SGP;RECETON;1;AJINOMOTO;KG;0.001000;;
RT0449;SOPA CAMPESINA DE POLLO;RECETON SGP;RECETON;1;APIO REFRIGERADO;KG;0.010000;;
RT0449;SOPA CAMPESINA DE POLLO;RECETON SGP;RECETON;1;CALDO DE GALLINA;KG;0.001000;;
RT0449;SOPA CAMPESINA DE POLLO;RECETON SGP;RECETON;1;CEBOLLA ROJA REFRIGERADO;KG;0.010000;;
RT0449;SOPA CAMPESINA DE POLLO;RECETON SGP;RECETON;1;CHAMPIGÑONES LATA;KG;0.002000;;
RT0449;SOPA CAMPESINA DE POLLO;RECETON SGP;RECETON;1;NABO REFRIGERADO;KG;0.010000;;
RT0449;SOPA CAMPESINA DE POLLO;RECETON SGP;RECETON;1;OREGANO ENTERO;KG;0.000120;;
RT0449;SOPA CAMPESINA DE POLLO;RECETON SGP;RECETON;1;PAPA BLANCA REFRIGERADO;KG;0.030000;;
RT0449;SOPA CAMPESINA DE POLLO;RECETON SGP;RECETON;1;PASTA DE AJO;KG;0.001000;;
RT0449;SOPA CAMPESINA DE POLLO;RECETON SGP;RECETON;1;PEREJIL LIZO REFRIGERADO;KG;0.001000;;
RT0449;SOPA CAMPESINA DE POLLO;RECETON SGP;RECETON;1;POLLO PIERNA CON ENCUENTRO CONGELADO;KG;0.075000;;
RT0449;SOPA CAMPESINA DE POLLO;RECETON SGP;RECETON;1;PORO REFRIGERADO;KG;0.010000;;
RT0449;SOPA CAMPESINA DE POLLO;RECETON SGP;RECETON;1;SAL DE COCINA;KG;0.002000;;
RT0449;SOPA CAMPESINA DE POLLO;RECETON SGP;RECETON;1;TOMATE CRIOLLO REFRIGERADO;KG;0.010000;;
RT0449;SOPA CAMPESINA DE POLLO;RECETON SGP;RECETON;1;TRIGO PELADO;KG;0.020000;;
RT0449;SOPA CAMPESINA DE POLLO;RECETON SGP;RECETON;1;ZANAHORIA REFRIGERADO;KG;0.010000;;
RT0450;SOPA CANUTO CON POLLO;RECETON SGP;RECETON;1;ACEITE VEGETAL;L;0.001000;;
RT0450;SOPA CANUTO CON POLLO;RECETON SGP;RECETON;1;AGUA PARA RECETA;L;0.300000;;
RT0450;SOPA CANUTO CON POLLO;RECETON SGP;RECETON;1;AJINOMOTO;KG;0.001000;;
RT0450;SOPA CANUTO CON POLLO;RECETON SGP;RECETON;1;APIO REFRIGERADO;KG;0.015000;;
RT0450;SOPA CANUTO CON POLLO;RECETON SGP;RECETON;1;BASE DE TOMATE;KG;0.003000;;
RT0450;SOPA CANUTO CON POLLO;RECETON SGP;RECETON;1;CALDO DE GALLINA;KG;0.001000;;
RT0450;SOPA CANUTO CON POLLO;RECETON SGP;RECETON;1;COL CRIOLLA REFRIGERADO;KG;0.020000;;
RT0450;SOPA CANUTO CON POLLO;RECETON SGP;RECETON;1;FIDEO CANUTO;KG;0.020000;;
RT0450;SOPA CANUTO CON POLLO;RECETON SGP;RECETON;1;NABO REFRIGERADO;KG;0.010000;;
RT0450;SOPA CANUTO CON POLLO;RECETON SGP;RECETON;1;OREGANO ENTERO;KG;0.000120;;
RT0450;SOPA CANUTO CON POLLO;RECETON SGP;RECETON;1;PAPA BLANCA REFRIGERADO;KG;0.030000;;
RT0450;SOPA CANUTO CON POLLO;RECETON SGP;RECETON;1;PASTA DE TOMATE;KG;0.001000;;
RT0450;SOPA CANUTO CON POLLO;RECETON SGP;RECETON;1;PEREJIL LIZO REFRIGERADO;KG;0.001000;;
RT0450;SOPA CANUTO CON POLLO;RECETON SGP;RECETON;1;POLLO PIERNA CON ENCUENTRO CONGELADO;KG;0.075000;;
RT0450;SOPA CANUTO CON POLLO;RECETON SGP;RECETON;1;PORO REFRIGERADO;KG;0.015000;;
RT0450;SOPA CANUTO CON POLLO;RECETON SGP;RECETON;1;SAL DE COCINA;KG;0.002000;;
RT0450;SOPA CANUTO CON POLLO;RECETON SGP;RECETON;1;ZANAHORIA REFRIGERADO;KG;0.010000;;
RT0450;SOPA CANUTO CON POLLO;RECETON SGP;RECETON;1;ZAPALLO MACRE REFRIGERADO;KG;0.025000;;
RT0451;SOPA CANUTO CON RES;RECETON SGP;RECETON;1;ACEITE VEGETAL;L;0.001000;;
RT0451;SOPA CANUTO CON RES;RECETON SGP;RECETON;1;AGUA PARA RECETA;L;0.300000;;
RT0451;SOPA CANUTO CON RES;RECETON SGP;RECETON;1;AJINOMOTO;KG;0.001000;;
RT0451;SOPA CANUTO CON RES;RECETON SGP;RECETON;1;APIO REFRIGERADO;KG;0.015000;;
RT0451;SOPA CANUTO CON RES;RECETON SGP;RECETON;1;BASE DE TOMATE;KG;0.003000;;
RT0451;SOPA CANUTO CON RES;RECETON SGP;RECETON;1;CALDO DE CARNE;KG;0.001000;;
RT0451;SOPA CANUTO CON RES;RECETON SGP;RECETON;1;COL CRIOLLA REFRIGERADO;KG;0.025000;;
RT0451;SOPA CANUTO CON RES;RECETON SGP;RECETON;1;FIDEO CANUTO;KG;0.020000;;
RT0451;SOPA CANUTO CON RES;RECETON SGP;RECETON;1;NABO REFRIGERADO;KG;0.010000;;
RT0451;SOPA CANUTO CON RES;RECETON SGP;RECETON;1;OREGANO ENTERO;KG;0.000120;;
RT0451;SOPA CANUTO CON RES;RECETON SGP;RECETON;1;PAPA BLANCA REFRIGERADO;KG;0.030000;;
RT0451;SOPA CANUTO CON RES;RECETON SGP;RECETON;1;PASTA DE TOMATE;KG;0.001000;;
RT0451;SOPA CANUTO CON RES;RECETON SGP;RECETON;1;PEREJIL LIZO REFRIGERADO;KG;0.001000;;
RT0451;SOPA CANUTO CON RES;RECETON SGP;RECETON;1;PORO REFRIGERADO;KG;0.015000;;
RT0451;SOPA CANUTO CON RES;RECETON SGP;RECETON;1;RES - SOPAS S/HUESO CONGELADO;KG;0.065000;;
RT0451;SOPA CANUTO CON RES;RECETON SGP;RECETON;1;SAL DE COCINA;KG;0.002000;;
RT0451;SOPA CANUTO CON RES;RECETON SGP;RECETON;1;ZANAHORIA REFRIGERADO;KG;0.010000;;
RT0451;SOPA CANUTO CON RES;RECETON SGP;RECETON;1;ZAPALLO MACRE REFRIGERADO;KG;0.025000;;
RT0452;SOPA CAROLINA CON POLLO;RECETON SGP;RECETON;1;AGUA PARA RECETA;L;0.300000;;
RT0452;SOPA CAROLINA CON POLLO;RECETON SGP;RECETON;1;AJINOMOTO;KG;0.001000;;
RT0452;SOPA CAROLINA CON POLLO;RECETON SGP;RECETON;1;ARROZ GRANO QUEBRADO PARA SOPA;KG;0.020000;;
RT0452;SOPA CAROLINA CON POLLO;RECETON SGP;RECETON;1;CALDO DE GALLINA;KG;0.001000;;
RT0452;SOPA CAROLINA CON POLLO;RECETON SGP;RECETON;1;HUEVO LIQUIDO CONGELADO;KG;0.015000;;
RT0452;SOPA CAROLINA CON POLLO;RECETON SGP;RECETON;1;OREGANO ENTERO;KG;0.000120;;
RT0452;SOPA CAROLINA CON POLLO;RECETON SGP;RECETON;1;PAPA BLANCA REFRIGERADO;KG;0.030000;;
RT0452;SOPA CAROLINA CON POLLO;RECETON SGP;RECETON;1;PIMIENTO ROJO REFRIGERADO;KG;0.015000;;
RT0452;SOPA CAROLINA CON POLLO;RECETON SGP;RECETON;1;POLLO PIERNA CON ENCUENTRO CONGELADO;KG;0.075000;;
RT0452;SOPA CAROLINA CON POLLO;RECETON SGP;RECETON;1;SAL DE COCINA;KG;0.002000;;
RT0452;SOPA CAROLINA CON POLLO;RECETON SGP;RECETON;1;TOMILLO;KG;0.000120;;
RT0453;SOPA CASERA CON POLLO;RECETON SGP;RECETON;1;ACEITE VEGETAL;L;0.001000;;
RT0453;SOPA CASERA CON POLLO;RECETON SGP;RECETON;1;AGUA PARA RECETA;L;0.300000;;
RT0453;SOPA CASERA CON POLLO;RECETON SGP;RECETON;1;AJINOMOTO;KG;0.001000;;
RT0453;SOPA CASERA CON POLLO;RECETON SGP;RECETON;1;APIO REFRIGERADO;KG;0.010000;;
RT0453;SOPA CASERA CON POLLO;RECETON SGP;RECETON;1;BASE DE TOMATE;KG;0.003000;;
RT0453;SOPA CASERA CON POLLO;RECETON SGP;RECETON;1;CALDO DE GALLINA;KG;0.001000;;
RT0453;SOPA CASERA CON POLLO;RECETON SGP;RECETON;1;CULANTRO REFRIGERADO;KG;0.003000;;
RT0453;SOPA CASERA CON POLLO;RECETON SGP;RECETON;1;FIDEO SPAGUETTI;KG;0.015000;;
RT0453;SOPA CASERA CON POLLO;RECETON SGP;RECETON;1;KION MOLIDO SECO;KG;0.000500;;
RT0453;SOPA CASERA CON POLLO;RECETON SGP;RECETON;1;NABO REFRIGERADO;KG;0.010000;;
RT0453;SOPA CASERA CON POLLO;RECETON SGP;RECETON;1;OREGANO ENTERO;KG;0.000120;;
RT0453;SOPA CASERA CON POLLO;RECETON SGP;RECETON;1;PAPA BLANCA REFRIGERADO;KG;0.035000;;
RT0453;SOPA CASERA CON POLLO;RECETON SGP;RECETON;1;POLLO PIERNA CON ENCUENTRO CONGELADO;KG;0.075000;;
RT0453;SOPA CASERA CON POLLO;RECETON SGP;RECETON;1;PORO REFRIGERADO;KG;0.010000;;
RT0453;SOPA CASERA CON POLLO;RECETON SGP;RECETON;1;SAL DE COCINA;KG;0.002000;;
RT0453;SOPA CASERA CON POLLO;RECETON SGP;RECETON;1;VAINITA ENTERO REFRIGERADO;KG;0.010000;;
RT0453;SOPA CASERA CON POLLO;RECETON SGP;RECETON;1;ZANAHORIA REFRIGERADO;KG;0.010000;;
RT0453;SOPA CASERA CON POLLO;RECETON SGP;RECETON;1;ZAPALLO MACRE REFRIGERADO;KG;0.030000;;
RT0454;SOPA CAZUELA DE GALLINA;RECETON SGP;RECETON;1;ACEITE VEGETAL;L;0.001000;;
RT0454;SOPA CAZUELA DE GALLINA;RECETON SGP;RECETON;1;AGUA PARA RECETA;L;0.300000;;
RT0454;SOPA CAZUELA DE GALLINA;RECETON SGP;RECETON;1;AJINOMOTO;KG;0.001000;;
RT0454;SOPA CAZUELA DE GALLINA;RECETON SGP;RECETON;1;APIO REFRIGERADO;KG;0.015000;;
RT0454;SOPA CAZUELA DE GALLINA;RECETON SGP;RECETON;1;ARROZ GRANO QUEBRADO PARA SOPA;KG;0.020000;;
RT0454;SOPA CAZUELA DE GALLINA;RECETON SGP;RECETON;1;BASE CRIOLLA;KG;0.002000;;
RT0454;SOPA CAZUELA DE GALLINA;RECETON SGP;RECETON;1;CALDO DE GALLINA;KG;0.001000;;
RT0454;SOPA CAZUELA DE GALLINA;RECETON SGP;RECETON;1;CHOCLO AMARILLO DESGRANADO CONGELADO;KG;0.005000;;
RT0454;SOPA CAZUELA DE GALLINA;RECETON SGP;RECETON;1;COL CRIOLLA REFRIGERADO;KG;0.020000;;
RT0454;SOPA CAZUELA DE GALLINA;RECETON SGP;RECETON;1;CULANTRO REFRIGERADO;KG;0.001000;;
RT0454;SOPA CAZUELA DE GALLINA;RECETON SGP;RECETON;1;GALLINA ENTERA CON MENUDENCIA CONGELADO IMPORTADO;KG;0.070000;;
RT0454;SOPA CAZUELA DE GALLINA;RECETON SGP;RECETON;1;HIERBA BUENA REFRIGERADO;KG;0.001000;;
RT0454;SOPA CAZUELA DE GALLINA;RECETON SGP;RECETON;1;NABO REFRIGERADO;KG;0.010000;;
RT0454;SOPA CAZUELA DE GALLINA;RECETON SGP;RECETON;1;OREGANO ENTERO;KG;0.000120;;
RT0454;SOPA CAZUELA DE GALLINA;RECETON SGP;RECETON;1;PAPA BLANCA REFRIGERADO;KG;0.020000;;
RT0454;SOPA CAZUELA DE GALLINA;RECETON SGP;RECETON;1;PORO REFRIGERADO;KG;0.010000;;
RT0454;SOPA CAZUELA DE GALLINA;RECETON SGP;RECETON;1;SAL DE COCINA;KG;0.002000;;
RT0454;SOPA CAZUELA DE GALLINA;RECETON SGP;RECETON;1;YUCA AMARILLA CONGELADO;KG;0.011000;;
RT0454;SOPA CAZUELA DE GALLINA;RECETON SGP;RECETON;1;ZANAHORIA REFRIGERADO;KG;0.010000;;
RT0454;SOPA CAZUELA DE GALLINA;RECETON SGP;RECETON;1;ZAPALLO MACRE REFRIGERADO;KG;0.025000;;
RT0455;SOPA CAZUELA DE POLLO;RECETON SGP;RECETON;1;ACEITE VEGETAL;L;0.001000;;
RT0455;SOPA CAZUELA DE POLLO;RECETON SGP;RECETON;1;AGUA PARA RECETA;L;0.300000;;
RT0455;SOPA CAZUELA DE POLLO;RECETON SGP;RECETON;1;AJINOMOTO;KG;0.001000;;
RT0455;SOPA CAZUELA DE POLLO;RECETON SGP;RECETON;1;APIO REFRIGERADO;KG;0.015000;;
RT0455;SOPA CAZUELA DE POLLO;RECETON SGP;RECETON;1;ARROZ GRANO QUEBRADO PARA SOPA;KG;0.020000;;
RT0455;SOPA CAZUELA DE POLLO;RECETON SGP;RECETON;1;BASE CRIOLLA;KG;0.002000;;
RT0455;SOPA CAZUELA DE POLLO;RECETON SGP;RECETON;1;CALDO DE GALLINA;KG;0.001000;;
RT0455;SOPA CAZUELA DE POLLO;RECETON SGP;RECETON;1;CHOCLO AMARILLO DESGRANADO CONGELADO;KG;0.012000;;
RT0455;SOPA CAZUELA DE POLLO;RECETON SGP;RECETON;1;CULANTRO REFRIGERADO;KG;0.001000;;
RT0455;SOPA CAZUELA DE POLLO;RECETON SGP;RECETON;1;HIERBA BUENA REFRIGERADO;KG;0.001000;;
RT0455;SOPA CAZUELA DE POLLO;RECETON SGP;RECETON;1;NABO REFRIGERADO;KG;0.010000;;
RT0455;SOPA CAZUELA DE POLLO;RECETON SGP;RECETON;1;OREGANO ENTERO;KG;0.000120;;
RT0455;SOPA CAZUELA DE POLLO;RECETON SGP;RECETON;1;PAPA BLANCA REFRIGERADO;KG;0.045000;;
RT0455;SOPA CAZUELA DE POLLO;RECETON SGP;RECETON;1;POLLO PIERNA CON ENCUENTRO CONGELADO;KG;0.075000;;
RT0455;SOPA CAZUELA DE POLLO;RECETON SGP;RECETON;1;PORO REFRIGERADO;KG;0.010000;;
RT0455;SOPA CAZUELA DE POLLO;RECETON SGP;RECETON;1;SAL DE COCINA;KG;0.002000;;
RT0455;SOPA CAZUELA DE POLLO;RECETON SGP;RECETON;1;ZANAHORIA REFRIGERADO;KG;0.010000;;
RT0455;SOPA CAZUELA DE POLLO;RECETON SGP;RECETON;1;ZAPALLO MACRE REFRIGERADO;KG;0.025000;;
RT0456;SOPA CELESTINA;RECETON SGP;RECETON;1;APIO REFRIGERADO;KG;0.005000;;
RT0456;SOPA CELESTINA;RECETON SGP;RECETON;1;CALDO DE GALLINA;KG;0.003000;;
RT0456;SOPA CELESTINA;RECETON SGP;RECETON;1;CEBOLLA CHINA REFRIGERADO;KG;0.005000;;
RT0456;SOPA CELESTINA;RECETON SGP;RECETON;1;FIDEO CABELLO DE ANGEL;KG;0.010000;;
RT0456;SOPA CELESTINA;RECETON SGP;RECETON;1;HARINA DE TRIGO ESPECIAL;KG;0.020000;;
RT0456;SOPA CELESTINA;RECETON SGP;RECETON;1;HUEVO ROSADO REFRIGERADO CAJA;KG;0.020000;;
RT0456;SOPA CELESTINA;RECETON SGP;RECETON;1;MARGARINA CON SAL REFRIGERADO GRANEL KG;KG;0.005000;;
RT0456;SOPA CELESTINA;RECETON SGP;RECETON;1;MEZCLA LACTEA;L;0.010000;;
RT0456;SOPA CELESTINA;RECETON SGP;RECETON;1;PASTA DE AJO;KG;0.002000;;
RT0456;SOPA CELESTINA;RECETON SGP;RECETON;1;PEREJIL LIZO REFRIGERADO;KG;0.002000;;
RT0456;SOPA CELESTINA;RECETON SGP;RECETON;1;PIMIENTA NEGRA MOLIDA;KG;0.000100;;
RT0456;SOPA CELESTINA;RECETON SGP;RECETON;1;POLLO PIERNA CON ENCUENTRO CONGELADO;KG;0.075000;;
RT0456;SOPA CELESTINA;RECETON SGP;RECETON;1;POLVO DE HORNEAR;KG;0.000120;;
RT0456;SOPA CELESTINA;RECETON SGP;RECETON;1;SAL DE COCINA;KG;0.003000;;
RT0457;SOPA CHAIRO CON POLLO;RECETON SGP;RECETON;1;ACEITE VEGETAL;L;0.001000;;
RT0457;SOPA CHAIRO CON POLLO;RECETON SGP;RECETON;1;AGUA PARA RECETA;L;0.250000;;
RT0457;SOPA CHAIRO CON POLLO;RECETON SGP;RECETON;1;AJINOMOTO;KG;0.001000;;
RT0457;SOPA CHAIRO CON POLLO;RECETON SGP;RECETON;1;APIO REFRIGERADO;KG;0.015000;;
RT0457;SOPA CHAIRO CON POLLO;RECETON SGP;RECETON;1;ARVEJA PELADA CONGELADO;KG;0.005000;;
RT0457;SOPA CHAIRO CON POLLO;RECETON SGP;RECETON;1;CALDO DE GALLINA;KG;0.001000;;
RT0457;SOPA CHAIRO CON POLLO;RECETON SGP;RECETON;1;CHUÑO ENTERO;KG;0.015000;;
RT0457;SOPA CHAIRO CON POLLO;RECETON SGP;RECETON;1;COL CRIOLLA REFRIGERADO;KG;0.020000;;
RT0457;SOPA CHAIRO CON POLLO;RECETON SGP;RECETON;1;HABA VERDE PELADO CONGELADO;KG;0.015000;;
RT0457;SOPA CHAIRO CON POLLO;RECETON SGP;RECETON;1;HIERBA BUENA REFRIGERADO;KG;0.001000;;
RT0457;SOPA CHAIRO CON POLLO;RECETON SGP;RECETON;1;OREGANO ENTERO;KG;0.000100;;
RT0457;SOPA CHAIRO CON POLLO;RECETON SGP;RECETON;1;PAPA BLANCA REFRIGERADO;KG;0.025000;;
RT0457;SOPA CHAIRO CON POLLO;RECETON SGP;RECETON;1;POLLO PIERNA CON ENCUENTRO CONGELADO;KG;0.075000;;
RT0457;SOPA CHAIRO CON POLLO;RECETON SGP;RECETON;1;PORO REFRIGERADO;KG;0.015000;;
RT0457;SOPA CHAIRO CON POLLO;RECETON SGP;RECETON;1;SAL DE COCINA;KG;0.003000;;
RT0457;SOPA CHAIRO CON POLLO;RECETON SGP;RECETON;1;TRIGO PELADO;KG;0.015000;;
RT0457;SOPA CHAIRO CON POLLO;RECETON SGP;RECETON;1;ZANAHORIA REFRIGERADO;KG;0.015000;;
RT0458;SOPA CHAIRO CON RES I;RECETON SGP;RECETON;1;ACEITE VEGETAL;L;0.001000;;
RT0458;SOPA CHAIRO CON RES I;RECETON SGP;RECETON;1;AGUA PARA RECETA;L;0.300000;;
RT0458;SOPA CHAIRO CON RES I;RECETON SGP;RECETON;1;AJINOMOTO;KG;0.001000;;
RT0458;SOPA CHAIRO CON RES I;RECETON SGP;RECETON;1;APIO REFRIGERADO;KG;0.015000;;
RT0458;SOPA CHAIRO CON RES I;RECETON SGP;RECETON;1;ARVEJA PELADA CONGELADO;KG;0.003000;;
RT0458;SOPA CHAIRO CON RES I;RECETON SGP;RECETON;1;CALDO DE CARNE;KG;0.001000;;
RT0458;SOPA CHAIRO CON RES I;RECETON SGP;RECETON;1;CHUÑO ENTERO;KG;0.010000;;
RT0458;SOPA CHAIRO CON RES I;RECETON SGP;RECETON;1;COL CRIOLLA REFRIGERADO;KG;0.010000;;
RT0458;SOPA CHAIRO CON RES I;RECETON SGP;RECETON;1;HABA VERDE PELADO CONGELADO;KG;0.010000;;
RT0458;SOPA CHAIRO CON RES I;RECETON SGP;RECETON;1;HIERBA BUENA REFRIGERADO;KG;0.001000;;
RT0458;SOPA CHAIRO CON RES I;RECETON SGP;RECETON;1;OREGANO ENTERO;KG;0.000120;;
RT0458;SOPA CHAIRO CON RES I;RECETON SGP;RECETON;1;PAPA BLANCA REFRIGERADO;KG;0.030000;;
RT0458;SOPA CHAIRO CON RES I;RECETON SGP;RECETON;1;PORO REFRIGERADO;KG;0.015000;;
RT0458;SOPA CHAIRO CON RES I;RECETON SGP;RECETON;1;RES - SOPAS S/HUESO CONGELADO;KG;0.065000;;
RT0458;SOPA CHAIRO CON RES I;RECETON SGP;RECETON;1;SAL DE COCINA;KG;0.002000;;
RT0458;SOPA CHAIRO CON RES I;RECETON SGP;RECETON;1;TRIGO PELADO;KG;0.020000;;
RT0458;SOPA CHAIRO CON RES I;RECETON SGP;RECETON;1;ZANAHORIA REFRIGERADO;KG;0.010000;;
RT0459;SOPA CHILCANO DE PESCADO;RECETON SGP;RECETON;1;AGUA PARA RECETA;L;0.300000;;
RT0459;SOPA CHILCANO DE PESCADO;RECETON SGP;RECETON;1;AJI LIMO REFRIGERADO;KG;0.000120;;
RT0459;SOPA CHILCANO DE PESCADO;RECETON SGP;RECETON;1;APIO REFRIGERADO;KG;0.012000;;
RT0459;SOPA CHILCANO DE PESCADO;RECETON SGP;RECETON;1;CEBOLLA ROJA REFRIGERADO;KG;0.018000;;
RT0459;SOPA CHILCANO DE PESCADO;RECETON SGP;RECETON;1;CULANTRO REFRIGERADO;KG;0.002000;;
RT0459;SOPA CHILCANO DE PESCADO;RECETON SGP;RECETON;1;KION MOLIDO SECO;KG;0.001000;;
RT0459;SOPA CHILCANO DE PESCADO;RECETON SGP;RECETON;1;PASTA DE AJO;KG;0.002000;;
RT0459;SOPA CHILCANO DE PESCADO;RECETON SGP;RECETON;1;PEREJIL LIZO REFRIGERADO;KG;0.001000;;
RT0459;SOPA CHILCANO DE PESCADO;RECETON SGP;RECETON;1;PEZ PERICO FILETE SIN PIEL CONGELADO;KG;0.065000;;
RT0459;SOPA CHILCANO DE PESCADO;RECETON SGP;RECETON;1;PORO REFRIGERADO;KG;0.010000;;
RT0459;SOPA CHILCANO DE PESCADO;RECETON SGP;RECETON;1;SAL DE COCINA;KG;0.002000;;
RT0460;SOPA CHILENA CON POLLO;RECETON SGP;RECETON;1;ACEITE VEGETAL;L;0.001000;;
RT0460;SOPA CHILENA CON POLLO;RECETON SGP;RECETON;1;AGUA PARA RECETA;L;0.300000;;
RT0460;SOPA CHILENA CON POLLO;RECETON SGP;RECETON;1;AJINOMOTO;KG;0.001000;;
RT0460;SOPA CHILENA CON POLLO;RECETON SGP;RECETON;1;CALDO DE GALLINA;KG;0.001000;;
RT0460;SOPA CHILENA CON POLLO;RECETON SGP;RECETON;1;CEBOLLA ROJA REFRIGERADO;KG;0.009000;;
RT0460;SOPA CHILENA CON POLLO;RECETON SGP;RECETON;1;FIDEO CANUTO;KG;0.020000;;
RT0460;SOPA CHILENA CON POLLO;RECETON SGP;RECETON;1;OREGANO ENTERO;KG;0.000120;;
RT0460;SOPA CHILENA CON POLLO;RECETON SGP;RECETON;1;PAPA BLANCA REFRIGERADO;KG;0.030000;;
RT0460;SOPA CHILENA CON POLLO;RECETON SGP;RECETON;1;PASTA DE AJO;KG;0.001000;;
RT0460;SOPA CHILENA CON POLLO;RECETON SGP;RECETON;1;PASTA DE TOMATE;KG;0.001000;;
RT0460;SOPA CHILENA CON POLLO;RECETON SGP;RECETON;1;PIMIENTA NEGRA MOLIDA;KG;0.000120;;
RT0460;SOPA CHILENA CON POLLO;RECETON SGP;RECETON;1;POLLO PIERNA CON ENCUENTRO CONGELADO;KG;0.075000;;
RT0460;SOPA CHILENA CON POLLO;RECETON SGP;RECETON;1;PRE ELABORADO RAM FRIJOL CANARIO SIN ADEREZO;KG;0.030000;;
RT0460;SOPA CHILENA CON POLLO;RECETON SGP;RECETON;1;SAL DE COCINA;KG;0.002000;;
RT0460;SOPA CHILENA CON POLLO;RECETON SGP;RECETON;1;TOCINO AHUMADO CONGELADO;KG;0.001000;;
RT0461;SOPA CHINA CON VERDURAS Y POLLO;RECETON SGP;RECETON;1;AGUA PARA RECETA;L;0.300000;;
RT0461;SOPA CHINA CON VERDURAS Y POLLO;RECETON SGP;RECETON;1;AJINOMOTO;KG;0.001000;;
RT0461;SOPA CHINA CON VERDURAS Y POLLO;RECETON SGP;RECETON;1;CALDO DE GALLINA;KG;0.001000;;
RT0461;SOPA CHINA CON VERDURAS Y POLLO;RECETON SGP;RECETON;1;CEBOLLA CHINA REFRIGERADO;KG;0.005000;;
RT0461;SOPA CHINA CON VERDURAS Y POLLO;RECETON SGP;RECETON;1;COL CHINA REFRIGERADO;KG;0.020000;;
RT0461;SOPA CHINA CON VERDURAS Y POLLO;RECETON SGP;RECETON;1;COLANTAO REFRIGERADO;KG;0.010000;;
RT0461;SOPA CHINA CON VERDURAS Y POLLO;RECETON SGP;RECETON;1;FIDEO CHINO;KG;0.020000;;
RT0461;SOPA CHINA CON VERDURAS Y POLLO;RECETON SGP;RECETON;1;HUEVO LIQUIDO CONGELADO;KG;0.010000;;
RT0461;SOPA CHINA CON VERDURAS Y POLLO;RECETON SGP;RECETON;1;KION MOLIDO SECO;KG;0.000500;;
RT0461;SOPA CHINA CON VERDURAS Y POLLO;RECETON SGP;RECETON;1;PIMIENTO ROJO REFRIGERADO;KG;0.010000;;
RT0461;SOPA CHINA CON VERDURAS Y POLLO;RECETON SGP;RECETON;1;POLLO PIERNA CON ENCUENTRO CONGELADO;KG;0.075000;;
RT0461;SOPA CHINA CON VERDURAS Y POLLO;RECETON SGP;RECETON;1;SAL DE COCINA;KG;0.002000;;
RT0461;SOPA CHINA CON VERDURAS Y POLLO;RECETON SGP;RECETON;1;SALSA SILLAO;L;0.003000;;
RT0462;SOPA CHUÑO NEGRO CON POLLO;RECETON SGP;RECETON;1;AGUA PARA RECETA;L;0.250000;;
RT0462;SOPA CHUÑO NEGRO CON POLLO;RECETON SGP;RECETON;1;APIO REFRIGERADO;KG;0.015000;;
RT0462;SOPA CHUÑO NEGRO CON POLLO;RECETON SGP;RECETON;1;CALDO DE GALLINA;KG;0.000060;;
RT0462;SOPA CHUÑO NEGRO CON POLLO;RECETON SGP;RECETON;1;CHUÑO NEGRO REFRIGERADO;KG;0.025000;;
RT0462;SOPA CHUÑO NEGRO CON POLLO;RECETON SGP;RECETON;1;CULANTRO REFRIGERADO;KG;0.001000;;
RT0462;SOPA CHUÑO NEGRO CON POLLO;RECETON SGP;RECETON;1;HABA VERDE PELADO CONGELADO;KG;0.010000;;
RT0462;SOPA CHUÑO NEGRO CON POLLO;RECETON SGP;RECETON;1;HUEVO ROSADO REFRIGERADO CAJA;KG;0.015000;;
RT0462;SOPA CHUÑO NEGRO CON POLLO;RECETON SGP;RECETON;1;NABO REFRIGERADO;KG;0.010000;;
RT0462;SOPA CHUÑO NEGRO CON POLLO;RECETON SGP;RECETON;1;OREGANO ENTERO;KG;0.000120;;
RT0462;SOPA CHUÑO NEGRO CON POLLO;RECETON SGP;RECETON;1;PAPA BLANCA REFRIGERADO;KG;0.030000;;
RT0462;SOPA CHUÑO NEGRO CON POLLO;RECETON SGP;RECETON;1;PIMIENTA NEGRA MOLIDA;KG;0.000120;;
RT0462;SOPA CHUÑO NEGRO CON POLLO;RECETON SGP;RECETON;1;POLLO PIERNA CON ENCUENTRO CONGELADO;KG;0.075000;;
RT0462;SOPA CHUÑO NEGRO CON POLLO;RECETON SGP;RECETON;1;PORO REFRIGERADO;KG;0.015000;;
RT0462;SOPA CHUÑO NEGRO CON POLLO;RECETON SGP;RECETON;1;QUESO FRESCO REFRIGERADO;KG;0.010000;;
RT0462;SOPA CHUÑO NEGRO CON POLLO;RECETON SGP;RECETON;1;SAL DE COCINA;KG;0.003000;;
RT0462;SOPA CHUÑO NEGRO CON POLLO;RECETON SGP;RECETON;1;ZANAHORIA REFRIGERADO;KG;0.010000;;
RT0462;SOPA CHUÑO NEGRO CON POLLO;RECETON SGP;RECETON;1;ZAPALLO MACRE REFRIGERADO;KG;0.025000;;
RT0463;SOPA CRIOLLA;RECETON SGP;RECETON;1;ACEITE VEGETAL;L;0.001000;;
RT0463;SOPA CRIOLLA;RECETON SGP;RECETON;1;AGUA PARA RECETA;L;0.300000;;
RT0463;SOPA CRIOLLA;RECETON SGP;RECETON;1;BASE CRIOLLA;KG;0.002000;;
RT0463;SOPA CRIOLLA;RECETON SGP;RECETON;1;CULANTRO REFRIGERADO;KG;0.001000;;
RT0463;SOPA CRIOLLA;RECETON SGP;RECETON;1;FIDEO SPAGUETTI;KG;0.020000;;
RT0463;SOPA CRIOLLA;RECETON SGP;RECETON;1;HUEVO LIQUIDO CONGELADO;KG;0.015000;;
RT0463;SOPA CRIOLLA;RECETON SGP;RECETON;1;LECHE EVAPORADA;L;0.010000;;
RT0463;SOPA CRIOLLA;RECETON SGP;RECETON;1;OREGANO ENTERO;KG;0.000120;;
RT0463;SOPA CRIOLLA;RECETON SGP;RECETON;1;PAPA BLANCA REFRIGERADO;KG;0.030000;;
RT0463;SOPA CRIOLLA;RECETON SGP;RECETON;1;PASTA DE TOMATE;KG;0.002000;;
RT0463;SOPA CRIOLLA;RECETON SGP;RECETON;1;PEREJIL LIZO REFRIGERADO;KG;0.001000;;
RT0463;SOPA CRIOLLA;RECETON SGP;RECETON;1;RES CARNE MOLIDA CONGELADO;KG;0.065000;;
RT0463;SOPA CRIOLLA;RECETON SGP;RECETON;1;SAL DE COCINA;KG;0.002000;;
RT0464;SOPA DE AVENA CON POLLO;RECETON SGP;RECETON;1;ACEITE VEGETAL;L;0.001000;;
RT0464;SOPA DE AVENA CON POLLO;RECETON SGP;RECETON;1;AGUA PARA RECETA;L;0.300000;;
RT0464;SOPA DE AVENA CON POLLO;RECETON SGP;RECETON;1;APIO REFRIGERADO;KG;0.010000;;
RT0464;SOPA DE AVENA CON POLLO;RECETON SGP;RECETON;1;AVENA;KG;0.015000;;
RT0464;SOPA DE AVENA CON POLLO;RECETON SGP;RECETON;1;BASE CRIOLLA;KG;0.002000;;
RT0464;SOPA DE AVENA CON POLLO;RECETON SGP;RECETON;1;OREGANO ENTERO;KG;0.000120;;
RT0464;SOPA DE AVENA CON POLLO;RECETON SGP;RECETON;1;PAPA BLANCA REFRIGERADO;KG;0.030000;;
RT0464;SOPA DE AVENA CON POLLO;RECETON SGP;RECETON;1;PEREJIL LIZO REFRIGERADO;KG;0.002000;;
RT0464;SOPA DE AVENA CON POLLO;RECETON SGP;RECETON;1;PIMIENTA NEGRA MOLIDA;KG;0.000120;;
RT0464;SOPA DE AVENA CON POLLO;RECETON SGP;RECETON;1;POLLO PIERNA CON ENCUENTRO CONGELADO;KG;0.075000;;
RT0464;SOPA DE AVENA CON POLLO;RECETON SGP;RECETON;1;PORO REFRIGERADO;KG;0.010000;;
RT0464;SOPA DE AVENA CON POLLO;RECETON SGP;RECETON;1;SAL DE COCINA;KG;0.003000;;
RT0464;SOPA DE AVENA CON POLLO;RECETON SGP;RECETON;1;ZANAHORIA REFRIGERADO;KG;0.010000;;
RT0464;SOPA DE AVENA CON POLLO;RECETON SGP;RECETON;1;ZAPALLO MACRE REFRIGERADO;KG;0.030000;;
RT0465;SOPA DE AVENA CON RES;RECETON SGP;RECETON;1;ACEITE VEGETAL;L;0.001000;;
RT0465;SOPA DE AVENA CON RES;RECETON SGP;RECETON;1;AGUA PARA RECETA;L;0.300000;;
RT0465;SOPA DE AVENA CON RES;RECETON SGP;RECETON;1;AJINOMOTO;KG;0.001000;;
RT0465;SOPA DE AVENA CON RES;RECETON SGP;RECETON;1;APIO REFRIGERADO;KG;0.015000;;
RT0465;SOPA DE AVENA CON RES;RECETON SGP;RECETON;1;AVENA;KG;0.015000;;
RT0465;SOPA DE AVENA CON RES;RECETON SGP;RECETON;1;BASE CRIOLLA;KG;0.002000;;
RT0465;SOPA DE AVENA CON RES;RECETON SGP;RECETON;1;CALDO DE CARNE;KG;0.001000;;
RT0465;SOPA DE AVENA CON RES;RECETON SGP;RECETON;1;CULANTRO REFRIGERADO;KG;0.001000;;
RT0465;SOPA DE AVENA CON RES;RECETON SGP;RECETON;1;OREGANO ENTERO;KG;0.000120;;
RT0465;SOPA DE AVENA CON RES;RECETON SGP;RECETON;1;PAPA BLANCA REFRIGERADO;KG;0.030000;;
RT0465;SOPA DE AVENA CON RES;RECETON SGP;RECETON;1;PEREJIL LIZO REFRIGERADO;KG;0.001000;;
RT0465;SOPA DE AVENA CON RES;RECETON SGP;RECETON;1;PIMIENTA NEGRA MOLIDA;KG;0.000120;;
RT0465;SOPA DE AVENA CON RES;RECETON SGP;RECETON;1;PORO REFRIGERADO;KG;0.015000;;
RT0465;SOPA DE AVENA CON RES;RECETON SGP;RECETON;1;RES - SOPAS S/HUESO CONGELADO;KG;0.065000;;
RT0465;SOPA DE AVENA CON RES;RECETON SGP;RECETON;1;SAL DE COCINA;KG;0.002000;;
RT0465;SOPA DE AVENA CON RES;RECETON SGP;RECETON;1;ZANAHORIA REFRIGERADO;KG;0.010000;;
RT0465;SOPA DE AVENA CON RES;RECETON SGP;RECETON;1;ZAPALLO MACRE REFRIGERADO;KG;0.030000;;
RT0466;SOPA DE CHOCHOCA CON POLLO;RECETON SGP;RECETON;1;ACEITE VEGETAL;L;0.001000;;
RT0466;SOPA DE CHOCHOCA CON POLLO;RECETON SGP;RECETON;1;AGUA PARA RECETA;L;0.300000;;
RT0466;SOPA DE CHOCHOCA CON POLLO;RECETON SGP;RECETON;1;AJINOMOTO;KG;0.001000;;
RT0466;SOPA DE CHOCHOCA CON POLLO;RECETON SGP;RECETON;1;APIO REFRIGERADO;KG;0.015000;;
RT0466;SOPA DE CHOCHOCA CON POLLO;RECETON SGP;RECETON;1;CALDO DE GALLINA;KG;0.001000;;
RT0466;SOPA DE CHOCHOCA CON POLLO;RECETON SGP;RECETON;1;CEBOLLA ROJA REFRIGERADO;KG;0.010000;;
RT0466;SOPA DE CHOCHOCA CON POLLO;RECETON SGP;RECETON;1;HARINA DE CHOCHOCA;KG;0.015000;;
RT0466;SOPA DE CHOCHOCA CON POLLO;RECETON SGP;RECETON;1;HIERBA BUENA REFRIGERADO;KG;0.001000;;
RT0466;SOPA DE CHOCHOCA CON POLLO;RECETON SGP;RECETON;1;OREGANO ENTERO;KG;0.000120;;
RT0466;SOPA DE CHOCHOCA CON POLLO;RECETON SGP;RECETON;1;PAPA BLANCA REFRIGERADO;KG;0.030000;;
RT0466;SOPA DE CHOCHOCA CON POLLO;RECETON SGP;RECETON;1;PASTA DE AJI AMARILLO;KG;0.001000;;
RT0466;SOPA DE CHOCHOCA CON POLLO;RECETON SGP;RECETON;1;PASTA DE AJI PANCA;KG;0.001000;;
RT0466;SOPA DE CHOCHOCA CON POLLO;RECETON SGP;RECETON;1;PASTA DE AJO;KG;0.001000;;
RT0466;SOPA DE CHOCHOCA CON POLLO;RECETON SGP;RECETON;1;PIMIENTA NEGRA MOLIDA;KG;0.000120;;
RT0466;SOPA DE CHOCHOCA CON POLLO;RECETON SGP;RECETON;1;POLLO PIERNA CON ENCUENTRO CONGELADO;KG;0.075000;;
RT0466;SOPA DE CHOCHOCA CON POLLO;RECETON SGP;RECETON;1;PORO REFRIGERADO;KG;0.015000;;
RT0466;SOPA DE CHOCHOCA CON POLLO;RECETON SGP;RECETON;1;SAL DE COCINA;KG;0.002000;;
RT0466;SOPA DE CHOCHOCA CON POLLO;RECETON SGP;RECETON;1;ZAPALLO MACRE REFRIGERADO;KG;0.025000;;
RT0467;SOPA DE CHOCHOCA CON RES;RECETON SGP;RECETON;1;ACEITE VEGETAL;L;0.001000;;
RT0467;SOPA DE CHOCHOCA CON RES;RECETON SGP;RECETON;1;AGUA PARA RECETA;L;0.300000;;
RT0467;SOPA DE CHOCHOCA CON RES;RECETON SGP;RECETON;1;AJINOMOTO;KG;0.001000;;
RT0467;SOPA DE CHOCHOCA CON RES;RECETON SGP;RECETON;1;APIO REFRIGERADO;KG;0.015000;;
RT0467;SOPA DE CHOCHOCA CON RES;RECETON SGP;RECETON;1;CALDO DE CARNE;KG;0.001000;;
RT0467;SOPA DE CHOCHOCA CON RES;RECETON SGP;RECETON;1;CEBOLLA ROJA REFRIGERADO;KG;0.010000;;
RT0467;SOPA DE CHOCHOCA CON RES;RECETON SGP;RECETON;1;HARINA DE CHOCHOCA;KG;0.015000;;
RT0467;SOPA DE CHOCHOCA CON RES;RECETON SGP;RECETON;1;HIERBA BUENA REFRIGERADO;KG;0.001000;;
RT0467;SOPA DE CHOCHOCA CON RES;RECETON SGP;RECETON;1;OREGANO ENTERO;KG;0.000120;;
RT0467;SOPA DE CHOCHOCA CON RES;RECETON SGP;RECETON;1;PAPA BLANCA REFRIGERADO;KG;0.030000;;
RT0467;SOPA DE CHOCHOCA CON RES;RECETON SGP;RECETON;1;PASTA DE AJI AMARILLO;KG;0.001000;;
RT0467;SOPA DE CHOCHOCA CON RES;RECETON SGP;RECETON;1;PASTA DE AJI PANCA;KG;0.001000;;
RT0467;SOPA DE CHOCHOCA CON RES;RECETON SGP;RECETON;1;PASTA DE AJO;KG;0.001000;;
RT0467;SOPA DE CHOCHOCA CON RES;RECETON SGP;RECETON;1;PIMIENTA NEGRA MOLIDA;KG;0.000120;;
RT0467;SOPA DE CHOCHOCA CON RES;RECETON SGP;RECETON;1;PORO REFRIGERADO;KG;0.015000;;
RT0467;SOPA DE CHOCHOCA CON RES;RECETON SGP;RECETON;1;RES - SOPAS S/HUESO CONGELADO;KG;0.065000;;
RT0467;SOPA DE CHOCHOCA CON RES;RECETON SGP;RECETON;1;SAL DE COCINA;KG;0.002000;;
RT0467;SOPA DE CHOCHOCA CON RES;RECETON SGP;RECETON;1;ZAPALLO MACRE REFRIGERADO;KG;0.025000;;
RT0468;SOPA DE CHUÑO NEGRO;RECETON SGP;RECETON;1;AGUA PARA RECETA;L;0.250000;;
RT0468;SOPA DE CHUÑO NEGRO;RECETON SGP;RECETON;1;AJINOMOTO;KG;0.001000;;
RT0468;SOPA DE CHUÑO NEGRO;RECETON SGP;RECETON;1;APIO REFRIGERADO;KG;0.015000;;
RT0468;SOPA DE CHUÑO NEGRO;RECETON SGP;RECETON;1;CALDO DE CARNE;KG;0.001000;;
RT0468;SOPA DE CHUÑO NEGRO;RECETON SGP;RECETON;1;CHUÑO NEGRO MOLIDO;KG;0.025000;;
RT0468;SOPA DE CHUÑO NEGRO;RECETON SGP;RECETON;1;CULANTRO REFRIGERADO;KG;0.001000;;
RT0468;SOPA DE CHUÑO NEGRO;RECETON SGP;RECETON;1;HABA VERDE PELADO CONGELADO;KG;0.010000;;
RT0468;SOPA DE CHUÑO NEGRO;RECETON SGP;RECETON;1;HUEVO LIQUIDO CONGELADO;KG;0.015000;;
RT0468;SOPA DE CHUÑO NEGRO;RECETON SGP;RECETON;1;NABO REFRIGERADO;KG;0.010000;;
RT0468;SOPA DE CHUÑO NEGRO;RECETON SGP;RECETON;1;OREGANO ENTERO;KG;0.000120;;
RT0468;SOPA DE CHUÑO NEGRO;RECETON SGP;RECETON;1;PAPA BLANCA REFRIGERADO;KG;0.025000;;
RT0468;SOPA DE CHUÑO NEGRO;RECETON SGP;RECETON;1;PIMIENTA NEGRA MOLIDA;KG;0.000120;;
RT0468;SOPA DE CHUÑO NEGRO;RECETON SGP;RECETON;1;PORO REFRIGERADO;KG;0.015000;;
RT0468;SOPA DE CHUÑO NEGRO;RECETON SGP;RECETON;1;QUESO FRESCO REFRIGERADO;KG;0.010000;;
RT0468;SOPA DE CHUÑO NEGRO;RECETON SGP;RECETON;1;RES - SOPAS S/HUESO CONGELADO;KG;0.065000;;
RT0468;SOPA DE CHUÑO NEGRO;RECETON SGP;RECETON;1;SAL DE COCINA;KG;0.003000;;
RT0468;SOPA DE CHUÑO NEGRO;RECETON SGP;RECETON;1;ZANAHORIA REFRIGERADO;KG;0.010000;;
RT0468;SOPA DE CHUÑO NEGRO;RECETON SGP;RECETON;1;ZAPALLO MACRE REFRIGERADO;KG;0.025000;;
RT0469;SOPA DE ESPINACA CON POLLO;RECETON SGP;RECETON;1;ACEITE VEGETAL;L;0.003000;;
RT0469;SOPA DE ESPINACA CON POLLO;RECETON SGP;RECETON;1;AGUA PARA RECETA;L;0.250000;;
RT0469;SOPA DE ESPINACA CON POLLO;RECETON SGP;RECETON;1;APIO REFRIGERADO;KG;0.010000;;
RT0469;SOPA DE ESPINACA CON POLLO;RECETON SGP;RECETON;1;CEBOLLA ROJA REFRIGERADO;KG;0.010000;;
RT0469;SOPA DE ESPINACA CON POLLO;RECETON SGP;RECETON;1;ESPINACA REFRIGERADO;KG;0.030000;;
RT0469;SOPA DE ESPINACA CON POLLO;RECETON SGP;RECETON;1;FIDEO TORNILLO;KG;0.020000;;
RT0469;SOPA DE ESPINACA CON POLLO;RECETON SGP;RECETON;1;OREGANO ENTERO;KG;0.000120;;
RT0469;SOPA DE ESPINACA CON POLLO;RECETON SGP;RECETON;1;PAPA BLANCA REFRIGERADO;KG;0.025000;;
RT0469;SOPA DE ESPINACA CON POLLO;RECETON SGP;RECETON;1;PASTA DE AJO;KG;0.002000;;
RT0469;SOPA DE ESPINACA CON POLLO;RECETON SGP;RECETON;1;PASTA DE TOMATE;KG;0.001000;;
RT0469;SOPA DE ESPINACA CON POLLO;RECETON SGP;RECETON;1;PIMIENTA NEGRA MOLIDA;KG;0.000120;;
RT0469;SOPA DE ESPINACA CON POLLO;RECETON SGP;RECETON;1;POLLO PIERNA CON ENCUENTRO CONGELADO;KG;0.075000;;
RT0469;SOPA DE ESPINACA CON POLLO;RECETON SGP;RECETON;1;PORO REFRIGERADO;KG;0.015000;;
RT0469;SOPA DE ESPINACA CON POLLO;RECETON SGP;RECETON;1;SAL DE COCINA;KG;0.003000;;
RT0469;SOPA DE ESPINACA CON POLLO;RECETON SGP;RECETON;1;ZANAHORIA REFRIGERADO;KG;0.010000;;
RT0469;SOPA DE ESPINACA CON POLLO;RECETON SGP;RECETON;1;ZAPALLO MACRE REFRIGERADO;KG;0.024000;;
RT0470;SOPA DE LA CASA CON POLLO;RECETON SGP;RECETON;1;ACEITE VEGETAL;L;0.001000;;
RT0470;SOPA DE LA CASA CON POLLO;RECETON SGP;RECETON;1;AGUA PARA RECETA;L;0.300000;;
RT0470;SOPA DE LA CASA CON POLLO;RECETON SGP;RECETON;1;AJINOMOTO;KG;0.001000;;
RT0470;SOPA DE LA CASA CON POLLO;RECETON SGP;RECETON;1;APIO REFRIGERADO;KG;0.015000;;
RT0470;SOPA DE LA CASA CON POLLO;RECETON SGP;RECETON;1;CALDO DE GALLINA;KG;0.001000;;
RT0470;SOPA DE LA CASA CON POLLO;RECETON SGP;RECETON;1;CEBOLLA ROJA REFRIGERADO;KG;0.010000;;
RT0470;SOPA DE LA CASA CON POLLO;RECETON SGP;RECETON;1;CULANTRO REFRIGERADO;KG;0.002000;;
RT0470;SOPA DE LA CASA CON POLLO;RECETON SGP;RECETON;1;FIDEO CARACOL;KG;0.020000;;
RT0470;SOPA DE LA CASA CON POLLO;RECETON SGP;RECETON;1;KION MOLIDO SECO;KG;0.001000;;
RT0470;SOPA DE LA CASA CON POLLO;RECETON SGP;RECETON;1;NABO REFRIGERADO;KG;0.010000;;
RT0470;SOPA DE LA CASA CON POLLO;RECETON SGP;RECETON;1;OREGANO ENTERO;KG;0.000120;;
RT0470;SOPA DE LA CASA CON POLLO;RECETON SGP;RECETON;1;PAPA BLANCA REFRIGERADO;KG;0.030000;;
RT0470;SOPA DE LA CASA CON POLLO;RECETON SGP;RECETON;1;PASTA DE AJO;KG;0.002000;;
RT0470;SOPA DE LA CASA CON POLLO;RECETON SGP;RECETON;1;PASTA DE TOMATE;KG;0.001000;;
RT0470;SOPA DE LA CASA CON POLLO;RECETON SGP;RECETON;1;POLLO PIERNA CON ENCUENTRO CONGELADO;KG;0.075000;;
RT0470;SOPA DE LA CASA CON POLLO;RECETON SGP;RECETON;1;PORO REFRIGERADO;KG;0.015000;;
RT0470;SOPA DE LA CASA CON POLLO;RECETON SGP;RECETON;1;SAL DE COCINA;KG;0.002000;;
RT0470;SOPA DE LA CASA CON POLLO;RECETON SGP;RECETON;1;ZANAHORIA REFRIGERADO;KG;0.015000;;
RT0470;SOPA DE LA CASA CON POLLO;RECETON SGP;RECETON;1;ZAPALLO MACRE REFRIGERADO;KG;0.020000;;
RT0471;SOPA DE LA CASA CON RES;RECETON SGP;RECETON;1;ACEITE VEGETAL;L;0.001000;;
RT0471;SOPA DE LA CASA CON RES;RECETON SGP;RECETON;1;AGUA PARA RECETA;L;0.300000;;
RT0471;SOPA DE LA CASA CON RES;RECETON SGP;RECETON;1;AJINOMOTO;KG;0.001000;;
RT0471;SOPA DE LA CASA CON RES;RECETON SGP;RECETON;1;APIO REFRIGERADO;KG;0.015000;;
RT0471;SOPA DE LA CASA CON RES;RECETON SGP;RECETON;1;BASE CRIOLLA;KG;0.002000;;
RT0471;SOPA DE LA CASA CON RES;RECETON SGP;RECETON;1;CALDO DE CARNE;KG;0.001000;;
RT0471;SOPA DE LA CASA CON RES;RECETON SGP;RECETON;1;CULANTRO REFRIGERADO;KG;0.002000;;
RT0471;SOPA DE LA CASA CON RES;RECETON SGP;RECETON;1;FIDEO CARACOL;KG;0.020000;;
RT0471;SOPA DE LA CASA CON RES;RECETON SGP;RECETON;1;KION MOLIDO SECO;KG;0.001000;;
RT0471;SOPA DE LA CASA CON RES;RECETON SGP;RECETON;1;NABO REFRIGERADO;KG;0.010000;;
RT0471;SOPA DE LA CASA CON RES;RECETON SGP;RECETON;1;OREGANO ENTERO;KG;0.000120;;
RT0471;SOPA DE LA CASA CON RES;RECETON SGP;RECETON;1;PAPA BLANCA REFRIGERADO;KG;0.030000;;
RT0471;SOPA DE LA CASA CON RES;RECETON SGP;RECETON;1;PASTA DE TOMATE;KG;0.001000;;
RT0471;SOPA DE LA CASA CON RES;RECETON SGP;RECETON;1;PORO REFRIGERADO;KG;0.015000;;
RT0471;SOPA DE LA CASA CON RES;RECETON SGP;RECETON;1;RES - SOPAS S/HUESO CONGELADO;KG;0.065000;;
RT0471;SOPA DE LA CASA CON RES;RECETON SGP;RECETON;1;SAL DE COCINA;KG;0.002000;;
RT0471;SOPA DE LA CASA CON RES;RECETON SGP;RECETON;1;ZANAHORIA REFRIGERADO;KG;0.010000;;
RT0471;SOPA DE LA CASA CON RES;RECETON SGP;RECETON;1;ZAPALLO MACRE REFRIGERADO;KG;0.025000;;
RT0472;SOPA DE MORON CON POLLO;RECETON SGP;RECETON;1;ACEITE VEGETAL;L;0.001000;;
RT0472;SOPA DE MORON CON POLLO;RECETON SGP;RECETON;1;AGUA PARA RECETA;L;0.250000;;
RT0472;SOPA DE MORON CON POLLO;RECETON SGP;RECETON;1;AJINOMOTO;KG;0.001000;;
RT0472;SOPA DE MORON CON POLLO;RECETON SGP;RECETON;1;APIO REFRIGERADO;KG;0.015000;;
RT0472;SOPA DE MORON CON POLLO;RECETON SGP;RECETON;1;BASE CRIOLLA;KG;0.002000;;
RT0472;SOPA DE MORON CON POLLO;RECETON SGP;RECETON;1;CALDO DE GALLINA;KG;0.001000;;
RT0472;SOPA DE MORON CON POLLO;RECETON SGP;RECETON;1;CULANTRO REFRIGERADO;KG;0.001000;;
RT0472;SOPA DE MORON CON POLLO;RECETON SGP;RECETON;1;HIERBA BUENA REFRIGERADO;KG;0.001000;;
RT0472;SOPA DE MORON CON POLLO;RECETON SGP;RECETON;1;MORON;KG;0.020000;;
RT0472;SOPA DE MORON CON POLLO;RECETON SGP;RECETON;1;NABO REFRIGERADO;KG;0.010000;;
RT0472;SOPA DE MORON CON POLLO;RECETON SGP;RECETON;1;OREGANO ENTERO;KG;0.000120;;
RT0472;SOPA DE MORON CON POLLO;RECETON SGP;RECETON;1;PAPA BLANCA REFRIGERADO;KG;0.030000;;
RT0472;SOPA DE MORON CON POLLO;RECETON SGP;RECETON;1;POLLO PIERNA CON ENCUENTRO CONGELADO;KG;0.075000;;
RT0472;SOPA DE MORON CON POLLO;RECETON SGP;RECETON;1;PORO REFRIGERADO;KG;0.010000;;
RT0472;SOPA DE MORON CON POLLO;RECETON SGP;RECETON;1;SAL DE COCINA;KG;0.002000;;
RT0472;SOPA DE MORON CON POLLO;RECETON SGP;RECETON;1;ZANAHORIA REFRIGERADO;KG;0.010000;;
RT0472;SOPA DE MORON CON POLLO;RECETON SGP;RECETON;1;ZAPALLO MACRE REFRIGERADO;KG;0.030000;;
RT0473;SOPA DE MORON CON RES;RECETON SGP;RECETON;1;ACEITE VEGETAL;L;0.001000;;
RT0473;SOPA DE MORON CON RES;RECETON SGP;RECETON;1;AGUA PARA RECETA;L;0.300000;;
RT0473;SOPA DE MORON CON RES;RECETON SGP;RECETON;1;AJINOMOTO;KG;0.001000;;
RT0473;SOPA DE MORON CON RES;RECETON SGP;RECETON;1;APIO REFRIGERADO;KG;0.011000;;
RT0473;SOPA DE MORON CON RES;RECETON SGP;RECETON;1;BASE CRIOLLA;KG;0.002000;;
RT0473;SOPA DE MORON CON RES;RECETON SGP;RECETON;1;CALDO DE CARNE;KG;0.001000;;
RT0473;SOPA DE MORON CON RES;RECETON SGP;RECETON;1;CULANTRO REFRIGERADO;KG;0.001000;;
RT0473;SOPA DE MORON CON RES;RECETON SGP;RECETON;1;HIERBA BUENA REFRIGERADO;KG;0.001000;;
RT0473;SOPA DE MORON CON RES;RECETON SGP;RECETON;1;MORON;KG;0.020000;;
RT0473;SOPA DE MORON CON RES;RECETON SGP;RECETON;1;NABO REFRIGERADO;KG;0.010000;;
RT0473;SOPA DE MORON CON RES;RECETON SGP;RECETON;1;OREGANO ENTERO;KG;0.000120;;
RT0473;SOPA DE MORON CON RES;RECETON SGP;RECETON;1;PAPA BLANCA REFRIGERADO;KG;0.030000;;
RT0473;SOPA DE MORON CON RES;RECETON SGP;RECETON;1;PORO REFRIGERADO;KG;0.009000;;
RT0473;SOPA DE MORON CON RES;RECETON SGP;RECETON;1;RES - SOPAS S/HUESO CONGELADO;KG;0.065000;;
RT0473;SOPA DE MORON CON RES;RECETON SGP;RECETON;1;SAL DE COCINA;KG;0.002000;;
RT0473;SOPA DE MORON CON RES;RECETON SGP;RECETON;1;ZANAHORIA REFRIGERADO;KG;0.008000;;
RT0473;SOPA DE MORON CON RES;RECETON SGP;RECETON;1;ZAPALLO MACRE REFRIGERADO;KG;0.040000;;
RT0474;SOPA DE MOTE CON POLLO;RECETON SGP;RECETON;1;AGUA PARA RECETA;L;0.250000;;
RT0474;SOPA DE MOTE CON POLLO;RECETON SGP;RECETON;1;AJINOMOTO;KG;0.001000;;
RT0474;SOPA DE MOTE CON POLLO;RECETON SGP;RECETON;1;CALDO DE GALLINA;KG;0.001000;;
RT0474;SOPA DE MOTE CON POLLO;RECETON SGP;RECETON;1;CEBOLLA CHINA REFRIGERADO;KG;0.005000;;
RT0474;SOPA DE MOTE CON POLLO;RECETON SGP;RECETON;1;CEBOLLA ROJA REFRIGERADO;KG;0.015000;;
RT0474;SOPA DE MOTE CON POLLO;RECETON SGP;RECETON;1;HIERBA BUENA REFRIGERADO;KG;0.001000;;
RT0474;SOPA DE MOTE CON POLLO;RECETON SGP;RECETON;1;MAIZ MOTE;KG;0.040000;;
RT0474;SOPA DE MOTE CON POLLO;RECETON SGP;RECETON;1;OREGANO ENTERO;KG;0.000120;;
RT0474;SOPA DE MOTE CON POLLO;RECETON SGP;RECETON;1;PAPA BLANCA REFRIGERADO;KG;0.025000;;
RT0474;SOPA DE MOTE CON POLLO;RECETON SGP;RECETON;1;PASTA DE AJO;KG;0.002000;;
RT0474;SOPA DE MOTE CON POLLO;RECETON SGP;RECETON;1;PEREJIL LIZO REFRIGERADO;KG;0.003000;;
RT0474;SOPA DE MOTE CON POLLO;RECETON SGP;RECETON;1;POLLO PIERNA CON ENCUENTRO CONGELADO;KG;0.075000;;
RT0474;SOPA DE MOTE CON POLLO;RECETON SGP;RECETON;1;SAL DE COCINA;KG;0.003000;;
RT0475;SOPA DE MOTE CON RES;RECETON SGP;RECETON;1;ACEITE VEGETAL;L;0.001000;;
RT0475;SOPA DE MOTE CON RES;RECETON SGP;RECETON;1;AGUA PARA RECETA;L;0.300000;;
RT0475;SOPA DE MOTE CON RES;RECETON SGP;RECETON;1;AJINOMOTO;KG;0.001000;;
RT0475;SOPA DE MOTE CON RES;RECETON SGP;RECETON;1;CALDO DE CARNE;KG;0.001000;;
RT0475;SOPA DE MOTE CON RES;RECETON SGP;RECETON;1;CEBOLLA CHINA REFRIGERADO;KG;0.005000;;
RT0475;SOPA DE MOTE CON RES;RECETON SGP;RECETON;1;CEBOLLA ROJA REFRIGERADO;KG;0.015000;;
RT0475;SOPA DE MOTE CON RES;RECETON SGP;RECETON;1;HIERBA BUENA REFRIGERADO;KG;0.001000;;
RT0475;SOPA DE MOTE CON RES;RECETON SGP;RECETON;1;MAIZ MOTE;KG;0.040000;;
RT0475;SOPA DE MOTE CON RES;RECETON SGP;RECETON;1;OREGANO ENTERO;KG;0.000120;;
RT0475;SOPA DE MOTE CON RES;RECETON SGP;RECETON;1;PAPA BLANCA REFRIGERADO;KG;0.030000;;
RT0475;SOPA DE MOTE CON RES;RECETON SGP;RECETON;1;PASTA DE AJO;KG;0.001000;;
RT0475;SOPA DE MOTE CON RES;RECETON SGP;RECETON;1;PEREJIL LIZO REFRIGERADO;KG;0.003000;;
RT0475;SOPA DE MOTE CON RES;RECETON SGP;RECETON;1;RES - SOPAS S/HUESO CONGELADO;KG;0.065000;;
RT0475;SOPA DE MOTE CON RES;RECETON SGP;RECETON;1;SAL DE COCINA;KG;0.002000;;
RT0476;SOPA DE OLLUCO CON POLLO;RECETON SGP;RECETON;1;AJINOMOTO;KG;0.001000;;
RT0476;SOPA DE OLLUCO CON POLLO;RECETON SGP;RECETON;1;APIO REFRIGERADO;KG;0.015000;;
RT0476;SOPA DE OLLUCO CON POLLO;RECETON SGP;RECETON;1;ARROZ GRANO QUEBRADO PARA SOPA;KG;0.020000;;
RT0476;SOPA DE OLLUCO CON POLLO;RECETON SGP;RECETON;1;CALDO DE CARNE;KG;0.001000;;
RT0476;SOPA DE OLLUCO CON POLLO;RECETON SGP;RECETON;1;NABO REFRIGERADO;KG;0.015000;;
RT0476;SOPA DE OLLUCO CON POLLO;RECETON SGP;RECETON;1;OLLUCO ENTERO REFRIGERADO;KG;0.050000;;
RT0476;SOPA DE OLLUCO CON POLLO;RECETON SGP;RECETON;1;PEREJIL LIZO REFRIGERADO;KG;0.005000;;
RT0476;SOPA DE OLLUCO CON POLLO;RECETON SGP;RECETON;1;POLLO PIERNA CON ENCUENTRO CONGELADO;KG;0.075000;;
RT0476;SOPA DE OLLUCO CON POLLO;RECETON SGP;RECETON;1;PORO REFRIGERADO;KG;0.015000;;
RT0476;SOPA DE OLLUCO CON POLLO;RECETON SGP;RECETON;1;SAL DE COCINA;KG;0.002000;;
RT0476;SOPA DE OLLUCO CON POLLO;RECETON SGP;RECETON;1;ZANAHORIA REFRIGERADO;KG;0.015000;;
RT0476;SOPA DE OLLUCO CON POLLO;RECETON SGP;RECETON;1;ZAPALLO MACRE REFRIGERADO;KG;0.020000;;
RT0477;SOPA DE POLLO CON ARROZ;RECETON SGP;RECETON;1;ACEITE VEGETAL;L;0.001000;;
RT0477;SOPA DE POLLO CON ARROZ;RECETON SGP;RECETON;1;AGUA PARA RECETA;L;0.300000;;
RT0477;SOPA DE POLLO CON ARROZ;RECETON SGP;RECETON;1;AJINOMOTO;KG;0.001000;;
RT0477;SOPA DE POLLO CON ARROZ;RECETON SGP;RECETON;1;APIO REFRIGERADO;KG;0.009000;;
RT0477;SOPA DE POLLO CON ARROZ;RECETON SGP;RECETON;1;ARROZ GRANO QUEBRADO PARA SOPA;KG;0.020000;;
RT0477;SOPA DE POLLO CON ARROZ;RECETON SGP;RECETON;1;CALDO DE GALLINA;KG;0.001000;;
RT0477;SOPA DE POLLO CON ARROZ;RECETON SGP;RECETON;1;CULANTRO REFRIGERADO;KG;0.001000;;
RT0477;SOPA DE POLLO CON ARROZ;RECETON SGP;RECETON;1;HIERBA BUENA REFRIGERADO;KG;0.001000;;
RT0477;SOPA DE POLLO CON ARROZ;RECETON SGP;RECETON;1;NABO REFRIGERADO;KG;0.010000;;
RT0477;SOPA DE POLLO CON ARROZ;RECETON SGP;RECETON;1;OREGANO ENTERO;KG;0.000120;;
RT0477;SOPA DE POLLO CON ARROZ;RECETON SGP;RECETON;1;PAPA BLANCA REFRIGERADO;KG;0.030000;;
RT0477;SOPA DE POLLO CON ARROZ;RECETON SGP;RECETON;1;PASTA DE AJO;KG;0.001000;;
RT0477;SOPA DE POLLO CON ARROZ;RECETON SGP;RECETON;1;PEREJIL LIZO REFRIGERADO;KG;0.001000;;
RT0477;SOPA DE POLLO CON ARROZ;RECETON SGP;RECETON;1;POLLO PIERNA CON ENCUENTRO CONGELADO;KG;0.075000;;
RT0477;SOPA DE POLLO CON ARROZ;RECETON SGP;RECETON;1;PORO REFRIGERADO;KG;0.010000;;
RT0477;SOPA DE POLLO CON ARROZ;RECETON SGP;RECETON;1;SAL DE COCINA;KG;0.003000;;
RT0477;SOPA DE POLLO CON ARROZ;RECETON SGP;RECETON;1;ZANAHORIA REFRIGERADO;KG;0.007000;;
RT0477;SOPA DE POLLO CON ARROZ;RECETON SGP;RECETON;1;ZAPALLO MACRE REFRIGERADO;KG;0.040000;;
RT0478;SOPA DE POLLO CON ARROZ II;RECETON SGP;RECETON;1;AGUA PARA RECETA;L;0.300000;;
RT0478;SOPA DE POLLO CON ARROZ II;RECETON SGP;RECETON;1;AJINOMOTO;KG;0.001000;;
RT0478;SOPA DE POLLO CON ARROZ II;RECETON SGP;RECETON;1;APIO REFRIGERADO;KG;0.015000;;
RT0478;SOPA DE POLLO CON ARROZ II;RECETON SGP;RECETON;1;ARROZ GRANO QUEBRADO PARA SOPA;KG;0.020000;;
RT0478;SOPA DE POLLO CON ARROZ II;RECETON SGP;RECETON;1;CALDO DE GALLINA;KG;0.001000;;
RT0478;SOPA DE POLLO CON ARROZ II;RECETON SGP;RECETON;1;CULANTRO REFRIGERADO;KG;0.001000;;
RT0478;SOPA DE POLLO CON ARROZ II;RECETON SGP;RECETON;1;HIERBA BUENA REFRIGERADO;KG;0.001000;;
RT0478;SOPA DE POLLO CON ARROZ II;RECETON SGP;RECETON;1;NABO REFRIGERADO;KG;0.010000;;
RT0478;SOPA DE POLLO CON ARROZ II;RECETON SGP;RECETON;1;OREGANO ENTERO;KG;0.000120;;
RT0478;SOPA DE POLLO CON ARROZ II;RECETON SGP;RECETON;1;PAPA BLANCA REFRIGERADO;KG;0.025000;;
RT0478;SOPA DE POLLO CON ARROZ II;RECETON SGP;RECETON;1;PASTA DE AJO;KG;0.002000;;
RT0478;SOPA DE POLLO CON ARROZ II;RECETON SGP;RECETON;1;PECHUGA DE POLLO S/HUESO S/PIEL CONGELADO;KG;0.055000;;
RT0478;SOPA DE POLLO CON ARROZ II;RECETON SGP;RECETON;1;PEREJIL LIZO REFRIGERADO;KG;0.001000;;
RT0478;SOPA DE POLLO CON ARROZ II;RECETON SGP;RECETON;1;PORO REFRIGERADO;KG;0.015000;;
RT0478;SOPA DE POLLO CON ARROZ II;RECETON SGP;RECETON;1;SAL DE COCINA;KG;0.002000;;
RT0478;SOPA DE POLLO CON ARROZ II;RECETON SGP;RECETON;1;ZANAHORIA REFRIGERADO;KG;0.015000;;
RT0478;SOPA DE POLLO CON ARROZ II;RECETON SGP;RECETON;1;ZAPALLO MACRE REFRIGERADO;KG;0.020000;;
RT0479;SOPA DE POLLO CON FIDEOS;RECETON SGP;RECETON;1;AGUA PARA RECETA;L;0.300000;;
RT0479;SOPA DE POLLO CON FIDEOS;RECETON SGP;RECETON;1;AJINOMOTO;KG;0.001000;;
RT0479;SOPA DE POLLO CON FIDEOS;RECETON SGP;RECETON;1;APIO REFRIGERADO;KG;0.010000;;
RT0479;SOPA DE POLLO CON FIDEOS;RECETON SGP;RECETON;1;CALDO DE GALLINA;KG;0.001000;;
RT0479;SOPA DE POLLO CON FIDEOS;RECETON SGP;RECETON;1;FIDEO TORNILLO;KG;0.020000;;
RT0479;SOPA DE POLLO CON FIDEOS;RECETON SGP;RECETON;1;KION MOLIDO SECO;KG;0.000500;;
RT0479;SOPA DE POLLO CON FIDEOS;RECETON SGP;RECETON;1;NABO REFRIGERADO;KG;0.010000;;
RT0479;SOPA DE POLLO CON FIDEOS;RECETON SGP;RECETON;1;OREGANO ENTERO;KG;0.000120;;
RT0479;SOPA DE POLLO CON FIDEOS;RECETON SGP;RECETON;1;PAPA BLANCA REFRIGERADO;KG;0.030000;;
RT0479;SOPA DE POLLO CON FIDEOS;RECETON SGP;RECETON;1;PEREJIL LIZO REFRIGERADO;KG;0.001000;;
RT0479;SOPA DE POLLO CON FIDEOS;RECETON SGP;RECETON;1;POLLO PIERNA CON ENCUENTRO CONGELADO;KG;0.075000;;
RT0479;SOPA DE POLLO CON FIDEOS;RECETON SGP;RECETON;1;PORO REFRIGERADO;KG;0.010000;;
RT0479;SOPA DE POLLO CON FIDEOS;RECETON SGP;RECETON;1;SAL DE COCINA;KG;0.002000;;
RT0479;SOPA DE POLLO CON FIDEOS;RECETON SGP;RECETON;1;ZANAHORIA REFRIGERADO;KG;0.010000;;
RT0479;SOPA DE POLLO CON FIDEOS;RECETON SGP;RECETON;1;ZAPALLO MACRE REFRIGERADO;KG;0.030000;;
RT0480;SOPA DE POLLO CON VERDURAS;RECETON SGP;RECETON;1;ACEITE VEGETAL;L;0.001000;;
RT0480;SOPA DE POLLO CON VERDURAS;RECETON SGP;RECETON;1;AGUA PARA RECETA;L;0.300000;;
RT0480;SOPA DE POLLO CON VERDURAS;RECETON SGP;RECETON;1;AJINOMOTO;KG;0.001000;;
RT0480;SOPA DE POLLO CON VERDURAS;RECETON SGP;RECETON;1;APIO REFRIGERADO;KG;0.010000;;
RT0480;SOPA DE POLLO CON VERDURAS;RECETON SGP;RECETON;1;CALDO DE GALLINA;KG;0.001000;;
RT0480;SOPA DE POLLO CON VERDURAS;RECETON SGP;RECETON;1;CHOCLO AMARILLO DESGRANADO CONGELADO;KG;0.012000;;
RT0480;SOPA DE POLLO CON VERDURAS;RECETON SGP;RECETON;1;COL CRIOLLA REFRIGERADO;KG;0.025000;;
RT0480;SOPA DE POLLO CON VERDURAS;RECETON SGP;RECETON;1;FIDEO SPAGUETTI;KG;0.020000;;
RT0480;SOPA DE POLLO CON VERDURAS;RECETON SGP;RECETON;1;HABA VERDE PELADO CONGELADO;KG;0.020000;;
RT0480;SOPA DE POLLO CON VERDURAS;RECETON SGP;RECETON;1;KION MOLIDO SECO;KG;0.000500;;
RT0480;SOPA DE POLLO CON VERDURAS;RECETON SGP;RECETON;1;NABO REFRIGERADO;KG;0.010000;;
RT0480;SOPA DE POLLO CON VERDURAS;RECETON SGP;RECETON;1;OREGANO ENTERO;KG;0.000120;;
RT0480;SOPA DE POLLO CON VERDURAS;RECETON SGP;RECETON;1;PAPA BLANCA REFRIGERADO;KG;0.030000;;
RT0480;SOPA DE POLLO CON VERDURAS;RECETON SGP;RECETON;1;PEREJIL LIZO REFRIGERADO;KG;0.001000;;
RT0480;SOPA DE POLLO CON VERDURAS;RECETON SGP;RECETON;1;POLLO PIERNA CON ENCUENTRO CONGELADO;KG;0.075000;;
RT0480;SOPA DE POLLO CON VERDURAS;RECETON SGP;RECETON;1;PORO REFRIGERADO;KG;0.010000;;
RT0480;SOPA DE POLLO CON VERDURAS;RECETON SGP;RECETON;1;SAL DE COCINA;KG;0.002000;;
RT0480;SOPA DE POLLO CON VERDURAS;RECETON SGP;RECETON;1;ZANAHORIA REFRIGERADO;KG;0.010000;;
RT0480;SOPA DE POLLO CON VERDURAS;RECETON SGP;RECETON;1;ZAPALLO MACRE REFRIGERADO;KG;0.030000;;
RT0481;SOPA DE POLLO CON VERDURAS II;RECETON SGP;RECETON;1;ACEITE VEGETAL;L;0.001000;;
RT0481;SOPA DE POLLO CON VERDURAS II;RECETON SGP;RECETON;1;AGUA PARA RECETA;L;0.300000;;
RT0481;SOPA DE POLLO CON VERDURAS II;RECETON SGP;RECETON;1;AJINOMOTO;KG;0.001000;;
RT0481;SOPA DE POLLO CON VERDURAS II;RECETON SGP;RECETON;1;APIO REFRIGERADO;KG;0.015000;;
RT0481;SOPA DE POLLO CON VERDURAS II;RECETON SGP;RECETON;1;CALDO DE GALLINA;KG;0.001000;;
RT0481;SOPA DE POLLO CON VERDURAS II;RECETON SGP;RECETON;1;CEBOLLA ROJA REFRIGERADO;KG;0.010000;;
RT0481;SOPA DE POLLO CON VERDURAS II;RECETON SGP;RECETON;1;CHOCLO AMARILLO DESGRANADO CONGELADO;KG;0.005000;;
RT0481;SOPA DE POLLO CON VERDURAS II;RECETON SGP;RECETON;1;COL CRIOLLA REFRIGERADO;KG;0.025000;;
RT0481;SOPA DE POLLO CON VERDURAS II;RECETON SGP;RECETON;1;FIDEO SPAGUETTI;KG;0.020000;;
RT0481;SOPA DE POLLO CON VERDURAS II;RECETON SGP;RECETON;1;KION MOLIDO SECO;KG;0.001000;;
RT0481;SOPA DE POLLO CON VERDURAS II;RECETON SGP;RECETON;1;NABO REFRIGERADO;KG;0.010000;;
RT0481;SOPA DE POLLO CON VERDURAS II;RECETON SGP;RECETON;1;OREGANO ENTERO;KG;0.000120;;
RT0481;SOPA DE POLLO CON VERDURAS II;RECETON SGP;RECETON;1;PAPA BLANCA REFRIGERADO;KG;0.025000;;
RT0481;SOPA DE POLLO CON VERDURAS II;RECETON SGP;RECETON;1;PASTA DE AJO;KG;0.002000;;
RT0481;SOPA DE POLLO CON VERDURAS II;RECETON SGP;RECETON;1;PECHUGA DE POLLO S/HUESO S/PIEL CONGELADO;KG;0.055000;;
RT0481;SOPA DE POLLO CON VERDURAS II;RECETON SGP;RECETON;1;PEREJIL LIZO REFRIGERADO;KG;0.001000;;
RT0481;SOPA DE POLLO CON VERDURAS II;RECETON SGP;RECETON;1;SAL DE COCINA;KG;0.002000;;
RT0481;SOPA DE POLLO CON VERDURAS II;RECETON SGP;RECETON;1;ZANAHORIA REFRIGERADO;KG;0.015000;;
RT0481;SOPA DE POLLO CON VERDURAS II;RECETON SGP;RECETON;1;ZAPALLO MACRE REFRIGERADO;KG;0.020000;;
RT0482;SOPA DE POLLO CON ZAPALLO MACRE;RECETON SGP;RECETON;1;ACEITE VEGETAL;L;0.001000;;
RT0482;SOPA DE POLLO CON ZAPALLO MACRE;RECETON SGP;RECETON;1;AGUA PARA RECETA;L;0.300000;;
RT0482;SOPA DE POLLO CON ZAPALLO MACRE;RECETON SGP;RECETON;1;AJINOMOTO;KG;0.001000;;
RT0482;SOPA DE POLLO CON ZAPALLO MACRE;RECETON SGP;RECETON;1;APIO REFRIGERADO;KG;0.015000;;
RT0482;SOPA DE POLLO CON ZAPALLO MACRE;RECETON SGP;RECETON;1;CALDO DE GALLINA;KG;0.001000;;
RT0482;SOPA DE POLLO CON ZAPALLO MACRE;RECETON SGP;RECETON;1;CEBOLLA ROJA REFRIGERADO;KG;0.010000;;
RT0482;SOPA DE POLLO CON ZAPALLO MACRE;RECETON SGP;RECETON;1;FIDEO SPAGUETTI;KG;0.020000;;
RT0482;SOPA DE POLLO CON ZAPALLO MACRE;RECETON SGP;RECETON;1;KION MOLIDO SECO;KG;0.001000;;
RT0482;SOPA DE POLLO CON ZAPALLO MACRE;RECETON SGP;RECETON;1;OREGANO ENTERO;KG;0.000120;;
RT0482;SOPA DE POLLO CON ZAPALLO MACRE;RECETON SGP;RECETON;1;PAPA BLANCA REFRIGERADO;KG;0.025000;;
RT0482;SOPA DE POLLO CON ZAPALLO MACRE;RECETON SGP;RECETON;1;PASTA DE AJO;KG;0.002000;;
RT0482;SOPA DE POLLO CON ZAPALLO MACRE;RECETON SGP;RECETON;1;PEREJIL LIZO REFRIGERADO;KG;0.001000;;
RT0482;SOPA DE POLLO CON ZAPALLO MACRE;RECETON SGP;RECETON;1;POLLO PIERNA CON ENCUENTRO CONGELADO;KG;0.075000;;
RT0482;SOPA DE POLLO CON ZAPALLO MACRE;RECETON SGP;RECETON;1;PORO REFRIGERADO;KG;0.015000;;
RT0482;SOPA DE POLLO CON ZAPALLO MACRE;RECETON SGP;RECETON;1;SAL DE COCINA;KG;0.002000;;
RT0482;SOPA DE POLLO CON ZAPALLO MACRE;RECETON SGP;RECETON;1;ZAPALLO MACRE REFRIGERADO;KG;0.020000;;
RT0483;SOPA DE PORO CON POLLO;RECETON SGP;RECETON;1;ACEITE VEGETAL;L;0.001000;;
RT0483;SOPA DE PORO CON POLLO;RECETON SGP;RECETON;1;AGUA PARA RECETA;L;0.300000;;
RT0483;SOPA DE PORO CON POLLO;RECETON SGP;RECETON;1;AJINOMOTO;KG;0.001000;;
RT0483;SOPA DE PORO CON POLLO;RECETON SGP;RECETON;1;CALDO DE GALLINA;KG;0.001000;;
RT0483;SOPA DE PORO CON POLLO;RECETON SGP;RECETON;1;CEBOLLA ROJA REFRIGERADO;KG;0.010000;;
RT0483;SOPA DE PORO CON POLLO;RECETON SGP;RECETON;1;FIDEO SPAGUETTI;KG;0.025000;;
RT0483;SOPA DE PORO CON POLLO;RECETON SGP;RECETON;1;NABO REFRIGERADO;KG;0.010000;;
RT0483;SOPA DE PORO CON POLLO;RECETON SGP;RECETON;1;OREGANO ENTERO;KG;0.000120;;
RT0483;SOPA DE PORO CON POLLO;RECETON SGP;RECETON;1;PAPA BLANCA REFRIGERADO;KG;0.030000;;
RT0483;SOPA DE PORO CON POLLO;RECETON SGP;RECETON;1;PASTA DE AJI AMARILLO;KG;0.001000;;
RT0483;SOPA DE PORO CON POLLO;RECETON SGP;RECETON;1;PASTA DE AJO;KG;0.001000;;
RT0483;SOPA DE PORO CON POLLO;RECETON SGP;RECETON;1;PEREJIL LIZO REFRIGERADO;KG;0.001000;;
RT0483;SOPA DE PORO CON POLLO;RECETON SGP;RECETON;1;PIMIENTA NEGRA MOLIDA;KG;0.000120;;
RT0483;SOPA DE PORO CON POLLO;RECETON SGP;RECETON;1;POLLO PIERNA CON ENCUENTRO CONGELADO;KG;0.075000;;
RT0483;SOPA DE PORO CON POLLO;RECETON SGP;RECETON;1;PORO REFRIGERADO;KG;0.030000;;
RT0483;SOPA DE PORO CON POLLO;RECETON SGP;RECETON;1;SAL DE COCINA;KG;0.002000;;
RT0483;SOPA DE PORO CON POLLO;RECETON SGP;RECETON;1;TOCINO AHUMADO CONGELADO;KG;0.005000;;
RT0484;SOPA DE PORO CON RES;RECETON SGP;RECETON;1;AGUA PARA RECETA;L;0.250000;;
RT0484;SOPA DE PORO CON RES;RECETON SGP;RECETON;1;AJINOMOTO;KG;0.001000;;
RT0484;SOPA DE PORO CON RES;RECETON SGP;RECETON;1;BASE AMARILLA;KG;0.005000;;
RT0484;SOPA DE PORO CON RES;RECETON SGP;RECETON;1;CALDO DE CARNE;KG;0.001000;;
RT0484;SOPA DE PORO CON RES;RECETON SGP;RECETON;1;CEBOLLA ROJA REFRIGERADO;KG;0.010000;;
RT0484;SOPA DE PORO CON RES;RECETON SGP;RECETON;1;FIDEO SPAGUETTI;KG;0.020000;;
RT0484;SOPA DE PORO CON RES;RECETON SGP;RECETON;1;NABO REFRIGERADO;KG;0.010000;;
RT0484;SOPA DE PORO CON RES;RECETON SGP;RECETON;1;OREGANO ENTERO;KG;0.000100;;
RT0484;SOPA DE PORO CON RES;RECETON SGP;RECETON;1;PAPA BLANCA REFRIGERADO;KG;0.030000;;
RT0484;SOPA DE PORO CON RES;RECETON SGP;RECETON;1;PASTA DE AJO;KG;0.001000;;
RT0484;SOPA DE PORO CON RES;RECETON SGP;RECETON;1;PEREJIL LIZO REFRIGERADO;KG;0.001000;;
RT0484;SOPA DE PORO CON RES;RECETON SGP;RECETON;1;PIMIENTA NEGRA MOLIDA;KG;0.000100;;
RT0484;SOPA DE PORO CON RES;RECETON SGP;RECETON;1;PORO REFRIGERADO;KG;0.015000;;
RT0484;SOPA DE PORO CON RES;RECETON SGP;RECETON;1;RES - SOPAS S/HUESO CONGELADO;KG;0.065000;;
RT0484;SOPA DE PORO CON RES;RECETON SGP;RECETON;1;SAL DE COCINA;KG;0.003000;;
RT0484;SOPA DE PORO CON RES;RECETON SGP;RECETON;1;TOCINO AHUMADO CONGELADO;KG;0.005000;;
RT0485;SOPA DE QUINUA CON POLLO;RECETON SGP;RECETON;1;ACEITE VEGETAL;L;0.001000;;
RT0485;SOPA DE QUINUA CON POLLO;RECETON SGP;RECETON;1;AGUA PARA RECETA;L;0.300000;;
RT0485;SOPA DE QUINUA CON POLLO;RECETON SGP;RECETON;1;AJINOMOTO;KG;0.001000;;
RT0485;SOPA DE QUINUA CON POLLO;RECETON SGP;RECETON;1;APIO REFRIGERADO;KG;0.015000;;
RT0485;SOPA DE QUINUA CON POLLO;RECETON SGP;RECETON;1;CALDO DE GALLINA;KG;0.001000;;
RT0485;SOPA DE QUINUA CON POLLO;RECETON SGP;RECETON;1;CEBOLLA ROJA REFRIGERADO;KG;0.010000;;
RT0485;SOPA DE QUINUA CON POLLO;RECETON SGP;RECETON;1;CULANTRO REFRIGERADO;KG;0.003000;;
RT0485;SOPA DE QUINUA CON POLLO;RECETON SGP;RECETON;1;HIERBA BUENA REFRIGERADO;KG;0.001000;;
RT0485;SOPA DE QUINUA CON POLLO;RECETON SGP;RECETON;1;NABO REFRIGERADO;KG;0.010000;;
RT0485;SOPA DE QUINUA CON POLLO;RECETON SGP;RECETON;1;OREGANO ENTERO;KG;0.000120;;
RT0485;SOPA DE QUINUA CON POLLO;RECETON SGP;RECETON;1;PAPA BLANCA REFRIGERADO;KG;0.030000;;
RT0485;SOPA DE QUINUA CON POLLO;RECETON SGP;RECETON;1;PASTA DE AJI PANCA;KG;0.001000;;
RT0485;SOPA DE QUINUA CON POLLO;RECETON SGP;RECETON;1;PASTA DE AJO;KG;0.001000;;
RT0485;SOPA DE QUINUA CON POLLO;RECETON SGP;RECETON;1;PEREJIL LIZO REFRIGERADO;KG;0.001000;;
RT0485;SOPA DE QUINUA CON POLLO;RECETON SGP;RECETON;1;POLLO PIERNA CON ENCUENTRO CONGELADO;KG;0.075000;;
RT0485;SOPA DE QUINUA CON POLLO;RECETON SGP;RECETON;1;PORO REFRIGERADO;KG;0.010000;;
RT0485;SOPA DE QUINUA CON POLLO;RECETON SGP;RECETON;1;QUINUA;KG;0.025000;;
RT0485;SOPA DE QUINUA CON POLLO;RECETON SGP;RECETON;1;SAL DE COCINA;KG;0.002000;;
RT0485;SOPA DE QUINUA CON POLLO;RECETON SGP;RECETON;1;ZAPALLO MACRE REFRIGERADO;KG;0.030000;;
RT0486;SOPA DE RES CON ZAPALLO MACRE;RECETON SGP;RECETON;1;AGUA PARA RECETA;L;0.300000;;
RT0486;SOPA DE RES CON ZAPALLO MACRE;RECETON SGP;RECETON;1;AJINOMOTO;KG;0.001000;;
RT0486;SOPA DE RES CON ZAPALLO MACRE;RECETON SGP;RECETON;1;APIO REFRIGERADO;KG;0.015000;;
RT0486;SOPA DE RES CON ZAPALLO MACRE;RECETON SGP;RECETON;1;CALDO DE CARNE;KG;0.001000;;
RT0486;SOPA DE RES CON ZAPALLO MACRE;RECETON SGP;RECETON;1;FIDEO SPAGUETTI;KG;0.020000;;
RT0486;SOPA DE RES CON ZAPALLO MACRE;RECETON SGP;RECETON;1;KION MOLIDO SECO;KG;0.000500;;
RT0486;SOPA DE RES CON ZAPALLO MACRE;RECETON SGP;RECETON;1;OREGANO ENTERO;KG;0.000120;;
RT0486;SOPA DE RES CON ZAPALLO MACRE;RECETON SGP;RECETON;1;PAPA BLANCA REFRIGERADO;KG;0.030000;;
RT0486;SOPA DE RES CON ZAPALLO MACRE;RECETON SGP;RECETON;1;PEREJIL LIZO REFRIGERADO;KG;0.001000;;
RT0486;SOPA DE RES CON ZAPALLO MACRE;RECETON SGP;RECETON;1;PORO REFRIGERADO;KG;0.015000;;
RT0486;SOPA DE RES CON ZAPALLO MACRE;RECETON SGP;RECETON;1;RES - SOPAS S/HUESO CONGELADO;KG;0.065000;;
RT0486;SOPA DE RES CON ZAPALLO MACRE;RECETON SGP;RECETON;1;SAL DE COCINA;KG;0.002000;;
RT0486;SOPA DE RES CON ZAPALLO MACRE;RECETON SGP;RECETON;1;ZAPALLO MACRE REFRIGERADO;KG;0.050000;;
RT0487;SOPA DE SEMOLA CON POLLO I;RECETON SGP;RECETON;1;ACEITE VEGETAL;L;0.001000;;
RT0487;SOPA DE SEMOLA CON POLLO I;RECETON SGP;RECETON;1;AGUA PARA RECETA;L;0.300000;;
RT0487;SOPA DE SEMOLA CON POLLO I;RECETON SGP;RECETON;1;AJINOMOTO;KG;0.001000;;
RT0487;SOPA DE SEMOLA CON POLLO I;RECETON SGP;RECETON;1;APIO REFRIGERADO;KG;0.010000;;
RT0487;SOPA DE SEMOLA CON POLLO I;RECETON SGP;RECETON;1;CALDO DE GALLINA;KG;0.001000;;
RT0487;SOPA DE SEMOLA CON POLLO I;RECETON SGP;RECETON;1;CEBOLLA ROJA REFRIGERADO;KG;0.010000;;
RT0487;SOPA DE SEMOLA CON POLLO I;RECETON SGP;RECETON;1;CULANTRO REFRIGERADO;KG;0.001000;;
RT0487;SOPA DE SEMOLA CON POLLO I;RECETON SGP;RECETON;1;KION MOLIDO SECO;KG;0.000500;;
RT0487;SOPA DE SEMOLA CON POLLO I;RECETON SGP;RECETON;1;OREGANO ENTERO;KG;0.000120;;
RT0487;SOPA DE SEMOLA CON POLLO I;RECETON SGP;RECETON;1;PAPA BLANCA REFRIGERADO;KG;0.030000;;
RT0487;SOPA DE SEMOLA CON POLLO I;RECETON SGP;RECETON;1;PASTA DE AJO;KG;0.001000;;
RT0487;SOPA DE SEMOLA CON POLLO I;RECETON SGP;RECETON;1;PEREJIL LIZO REFRIGERADO;KG;0.001000;;
RT0487;SOPA DE SEMOLA CON POLLO I;RECETON SGP;RECETON;1;POLLO PIERNA CON ENCUENTRO CONGELADO;KG;0.075000;;
RT0487;SOPA DE SEMOLA CON POLLO I;RECETON SGP;RECETON;1;PORO REFRIGERADO;KG;0.010000;;
RT0487;SOPA DE SEMOLA CON POLLO I;RECETON SGP;RECETON;1;SAL DE COCINA;KG;0.002000;;
RT0487;SOPA DE SEMOLA CON POLLO I;RECETON SGP;RECETON;1;SEMOLA;KG;0.020000;;
RT0487;SOPA DE SEMOLA CON POLLO I;RECETON SGP;RECETON;1;ZANAHORIA REFRIGERADO;KG;0.010000;;
RT0487;SOPA DE SEMOLA CON POLLO I;RECETON SGP;RECETON;1;ZAPALLO MACRE REFRIGERADO;KG;0.030000;;
RT0488;SOPA DE SEMOLA CON RES;RECETON SGP;RECETON;1;ACEITE VEGETAL;L;0.001000;;
RT0488;SOPA DE SEMOLA CON RES;RECETON SGP;RECETON;1;AGUA PARA RECETA;L;0.300000;;
RT0488;SOPA DE SEMOLA CON RES;RECETON SGP;RECETON;1;AJINOMOTO;KG;0.001000;;
RT0488;SOPA DE SEMOLA CON RES;RECETON SGP;RECETON;1;APIO REFRIGERADO;KG;0.010000;;
RT0488;SOPA DE SEMOLA CON RES;RECETON SGP;RECETON;1;CALDO DE CARNE;KG;0.001000;;
RT0488;SOPA DE SEMOLA CON RES;RECETON SGP;RECETON;1;CEBOLLA ROJA REFRIGERADO;KG;0.010000;;
RT0488;SOPA DE SEMOLA CON RES;RECETON SGP;RECETON;1;CULANTRO REFRIGERADO;KG;0.001000;;
RT0488;SOPA DE SEMOLA CON RES;RECETON SGP;RECETON;1;OREGANO ENTERO;KG;0.000120;;
RT0488;SOPA DE SEMOLA CON RES;RECETON SGP;RECETON;1;PAPA BLANCA REFRIGERADO;KG;0.030000;;
RT0488;SOPA DE SEMOLA CON RES;RECETON SGP;RECETON;1;PASTA DE AJO;KG;0.001000;;
RT0488;SOPA DE SEMOLA CON RES;RECETON SGP;RECETON;1;PEREJIL LIZO REFRIGERADO;KG;0.001000;;
RT0488;SOPA DE SEMOLA CON RES;RECETON SGP;RECETON;1;PORO REFRIGERADO;KG;0.010000;;
RT0488;SOPA DE SEMOLA CON RES;RECETON SGP;RECETON;1;RES - SOPAS S/HUESO CONGELADO;KG;0.065000;;
RT0488;SOPA DE SEMOLA CON RES;RECETON SGP;RECETON;1;SAL DE COCINA;KG;0.002000;;
RT0488;SOPA DE SEMOLA CON RES;RECETON SGP;RECETON;1;SEMOLA;KG;0.020000;;
RT0488;SOPA DE SEMOLA CON RES;RECETON SGP;RECETON;1;ZANAHORIA REFRIGERADO;KG;0.010000;;
RT0488;SOPA DE SEMOLA CON RES;RECETON SGP;RECETON;1;ZAPALLO MACRE REFRIGERADO;KG;0.030000;;
RT0489;SOPA DE TRIGO CON POLLO;RECETON SGP;RECETON;1;ACEITE VEGETAL;L;0.001000;;
RT0489;SOPA DE TRIGO CON POLLO;RECETON SGP;RECETON;1;AGUA PARA RECETA;L;0.300000;;
RT0489;SOPA DE TRIGO CON POLLO;RECETON SGP;RECETON;1;AJINOMOTO;KG;0.001000;;
RT0489;SOPA DE TRIGO CON POLLO;RECETON SGP;RECETON;1;APIO REFRIGERADO;KG;0.015000;;
RT0489;SOPA DE TRIGO CON POLLO;RECETON SGP;RECETON;1;BASE CRIOLLA;KG;0.002000;;
RT0489;SOPA DE TRIGO CON POLLO;RECETON SGP;RECETON;1;CALDO DE GALLINA;KG;0.001000;;
RT0489;SOPA DE TRIGO CON POLLO;RECETON SGP;RECETON;1;CULANTRO REFRIGERADO;KG;0.001000;;
RT0489;SOPA DE TRIGO CON POLLO;RECETON SGP;RECETON;1;HIERBA BUENA REFRIGERADO;KG;0.001000;;
RT0489;SOPA DE TRIGO CON POLLO;RECETON SGP;RECETON;1;NABO REFRIGERADO;KG;0.010000;;
RT0489;SOPA DE TRIGO CON POLLO;RECETON SGP;RECETON;1;OREGANO ENTERO;KG;0.000120;;
RT0489;SOPA DE TRIGO CON POLLO;RECETON SGP;RECETON;1;PAPA BLANCA REFRIGERADO;KG;0.030000;;
RT0489;SOPA DE TRIGO CON POLLO;RECETON SGP;RECETON;1;PIMIENTA NEGRA MOLIDA;KG;0.000120;;
RT0489;SOPA DE TRIGO CON POLLO;RECETON SGP;RECETON;1;POLLO PIERNA CON ENCUENTRO CONGELADO;KG;0.075000;;
RT0489;SOPA DE TRIGO CON POLLO;RECETON SGP;RECETON;1;PORO REFRIGERADO;KG;0.010000;;
RT0489;SOPA DE TRIGO CON POLLO;RECETON SGP;RECETON;1;SAL DE COCINA;KG;0.002000;;
RT0489;SOPA DE TRIGO CON POLLO;RECETON SGP;RECETON;1;TRIGO PELADO;KG;0.020000;;
RT0489;SOPA DE TRIGO CON POLLO;RECETON SGP;RECETON;1;ZANAHORIA REFRIGERADO;KG;0.010000;;
RT0489;SOPA DE TRIGO CON POLLO;RECETON SGP;RECETON;1;ZAPALLO MACRE REFRIGERADO;KG;0.030000;;
RT0490;SOPA DE TRIGO CON RES I;RECETON SGP;RECETON;1;ACEITE VEGETAL;L;0.001000;;
RT0490;SOPA DE TRIGO CON RES I;RECETON SGP;RECETON;1;AGUA PARA RECETA;L;0.300000;;
RT0490;SOPA DE TRIGO CON RES I;RECETON SGP;RECETON;1;AJINOMOTO;KG;0.001000;;
RT0490;SOPA DE TRIGO CON RES I;RECETON SGP;RECETON;1;APIO REFRIGERADO;KG;0.015000;;
RT0490;SOPA DE TRIGO CON RES I;RECETON SGP;RECETON;1;BASE CRIOLLA;KG;0.002000;;
RT0490;SOPA DE TRIGO CON RES I;RECETON SGP;RECETON;1;CALDO DE CARNE;KG;0.001000;;
RT0490;SOPA DE TRIGO CON RES I;RECETON SGP;RECETON;1;CULANTRO REFRIGERADO;KG;0.001000;;
RT0490;SOPA DE TRIGO CON RES I;RECETON SGP;RECETON;1;HIERBA BUENA REFRIGERADO;KG;0.001000;;
RT0490;SOPA DE TRIGO CON RES I;RECETON SGP;RECETON;1;NABO REFRIGERADO;KG;0.010000;;
RT0490;SOPA DE TRIGO CON RES I;RECETON SGP;RECETON;1;OREGANO ENTERO;KG;0.000120;;
RT0490;SOPA DE TRIGO CON RES I;RECETON SGP;RECETON;1;PAPA BLANCA REFRIGERADO;KG;0.030000;;
RT0490;SOPA DE TRIGO CON RES I;RECETON SGP;RECETON;1;PORO REFRIGERADO;KG;0.010000;;
RT0490;SOPA DE TRIGO CON RES I;RECETON SGP;RECETON;1;RES - SOPAS S/HUESO CONGELADO;KG;0.065000;;
RT0490;SOPA DE TRIGO CON RES I;RECETON SGP;RECETON;1;SAL DE COCINA;KG;0.002000;;
RT0490;SOPA DE TRIGO CON RES I;RECETON SGP;RECETON;1;TRIGO PELADO;KG;0.020000;;
RT0490;SOPA DE TRIGO CON RES I;RECETON SGP;RECETON;1;ZANAHORIA REFRIGERADO;KG;0.010000;;
RT0490;SOPA DE TRIGO CON RES I;RECETON SGP;RECETON;1;ZAPALLO MACRE REFRIGERADO;KG;0.030000;;
RT0491;SOPA DIETA DE POLLO;RECETON SGP;RECETON;1;AGUA PARA RECETA;L;0.250000;;
RT0491;SOPA DIETA DE POLLO;RECETON SGP;RECETON;1;APIO REFRIGERADO;KG;0.015000;;
RT0491;SOPA DIETA DE POLLO;RECETON SGP;RECETON;1;FIDEO CABELLO DE ANGEL;KG;0.030000;;
RT0491;SOPA DIETA DE POLLO;RECETON SGP;RECETON;1;OREGANO ENTERO;KG;0.000120;;
RT0491;SOPA DIETA DE POLLO;RECETON SGP;RECETON;1;PAPA BLANCA REFRIGERADO;KG;0.030000;;
RT0491;SOPA DIETA DE POLLO;RECETON SGP;RECETON;1;PEREJIL LIZO REFRIGERADO;KG;0.001000;;
RT0491;SOPA DIETA DE POLLO;RECETON SGP;RECETON;1;POLLO PIERNA CON ENCUENTRO CONGELADO;KG;0.075000;;
RT0491;SOPA DIETA DE POLLO;RECETON SGP;RECETON;1;SAL DE COCINA;KG;0.002000;;
RT0492;SOPA FU CHI FU CON POLLO;RECETON SGP;RECETON;1;AGUA PARA RECETA;L;0.300000;;
RT0492;SOPA FU CHI FU CON POLLO;RECETON SGP;RECETON;1;CEBOLLA CHINA REFRIGERADO;KG;0.005000;;
RT0492;SOPA FU CHI FU CON POLLO;RECETON SGP;RECETON;1;COL CHINA REFRIGERADO;KG;0.020000;;
RT0492;SOPA FU CHI FU CON POLLO;RECETON SGP;RECETON;1;FIDEO CHINO;KG;0.020000;;
RT0492;SOPA FU CHI FU CON POLLO;RECETON SGP;RECETON;1;HUEVO LIQUIDO CONGELADO;KG;0.010000;;
RT0492;SOPA FU CHI FU CON POLLO;RECETON SGP;RECETON;1;KION MOLIDO SECO;KG;0.000500;;
RT0492;SOPA FU CHI FU CON POLLO;RECETON SGP;RECETON;1;MAICENA;KG;0.008000;;
RT0492;SOPA FU CHI FU CON POLLO;RECETON SGP;RECETON;1;PIMIENTO ROJO REFRIGERADO;KG;0.010000;;
RT0492;SOPA FU CHI FU CON POLLO;RECETON SGP;RECETON;1;POLLO PIERNA CON ENCUENTRO CONGELADO;KG;0.075000;;
RT0492;SOPA FU CHI FU CON POLLO;RECETON SGP;RECETON;1;SALSA SILLAO;L;0.003000;;
RT0493;SOPA INCHICAPI DE GALLINA;RECETON SGP;RECETON;1;ACEITE VEGETAL;L;0.003000;;
RT0493;SOPA INCHICAPI DE GALLINA;RECETON SGP;RECETON;1;AGUA PARA RECETA;L;0.300000;;
RT0493;SOPA INCHICAPI DE GALLINA;RECETON SGP;RECETON;1;CEBOLLA ROJA REFRIGERADO;KG;0.010000;;
RT0493;SOPA INCHICAPI DE GALLINA;RECETON SGP;RECETON;1;CULANTRO REFRIGERADO;KG;0.001000;;
RT0493;SOPA INCHICAPI DE GALLINA;RECETON SGP;RECETON;1;GALLINA ENTERA CON MENUDENCIA CONGELADO IMPORTADO;KG;0.070000;;
RT0493;SOPA INCHICAPI DE GALLINA;RECETON SGP;RECETON;1;HARINA DE MAIZ;KG;0.015000;;
RT0493;SOPA INCHICAPI DE GALLINA;RECETON SGP;RECETON;1;MANI TOSTADO PELADO;KG;0.005000;;
RT0493;SOPA INCHICAPI DE GALLINA;RECETON SGP;RECETON;1;PASTA DE AJI AMARILLO;KG;0.001000;;
RT0493;SOPA INCHICAPI DE GALLINA;RECETON SGP;RECETON;1;PASTA DE AJO;KG;0.001000;;
RT0493;SOPA INCHICAPI DE GALLINA;RECETON SGP;RECETON;1;SAL DE COCINA;KG;0.003000;;
RT0493;SOPA INCHICAPI DE GALLINA;RECETON SGP;RECETON;1;YUCA AMARILLA CONGELADO;KG;0.030000;;
RT0494;SOPA JULIANA DE POLLO;RECETON SGP;RECETON;1;AGUA PARA RECETA;L;0.300000;;
RT0494;SOPA JULIANA DE POLLO;RECETON SGP;RECETON;1;AJINOMOTO;KG;0.001000;;
RT0494;SOPA JULIANA DE POLLO;RECETON SGP;RECETON;1;APIO REFRIGERADO;KG;0.010000;;
RT0494;SOPA JULIANA DE POLLO;RECETON SGP;RECETON;1;BASE CRIOLLA;KG;0.002000;;
RT0494;SOPA JULIANA DE POLLO;RECETON SGP;RECETON;1;CALDO DE GALLINA;KG;0.001000;;
RT0494;SOPA JULIANA DE POLLO;RECETON SGP;RECETON;1;CULANTRO REFRIGERADO;KG;0.001000;;
RT0494;SOPA JULIANA DE POLLO;RECETON SGP;RECETON;1;FIDEO CANUTO;KG;0.020000;;
RT0494;SOPA JULIANA DE POLLO;RECETON SGP;RECETON;1;NABO REFRIGERADO;KG;0.010000;;
RT0494;SOPA JULIANA DE POLLO;RECETON SGP;RECETON;1;OREGANO ENTERO;KG;0.000120;;
RT0494;SOPA JULIANA DE POLLO;RECETON SGP;RECETON;1;PAPA BLANCA REFRIGERADO;KG;0.030000;;
RT0494;SOPA JULIANA DE POLLO;RECETON SGP;RECETON;1;POLLO PIERNA CON ENCUENTRO CONGELADO;KG;0.075000;;
RT0494;SOPA JULIANA DE POLLO;RECETON SGP;RECETON;1;PORO REFRIGERADO;KG;0.010000;;
RT0494;SOPA JULIANA DE POLLO;RECETON SGP;RECETON;1;SAL DE COCINA;KG;0.002000;;
RT0494;SOPA JULIANA DE POLLO;RECETON SGP;RECETON;1;ZANAHORIA REFRIGERADO;KG;0.010000;;
RT0494;SOPA JULIANA DE POLLO;RECETON SGP;RECETON;1;ZAPALLO MACRE REFRIGERADO;KG;0.030000;;
RT0495;SOPA MENESTRON CON POLLO;RECETON SGP;RECETON;1;ACEITE VEGETAL;L;0.003000;;
RT0495;SOPA MENESTRON CON POLLO;RECETON SGP;RECETON;1;AGUA PARA RECETA;L;0.300000;;
RT0495;SOPA MENESTRON CON POLLO;RECETON SGP;RECETON;1;ALBAHACA REFRIGERADO;KG;0.010000;;
RT0495;SOPA MENESTRON CON POLLO;RECETON SGP;RECETON;1;CEBOLLA ROJA REFRIGERADO;KG;0.010000;;
RT0495;SOPA MENESTRON CON POLLO;RECETON SGP;RECETON;1;CHOCLO AMARILLO DESGRANADO CONGELADO;KG;0.015000;;
RT0495;SOPA MENESTRON CON POLLO;RECETON SGP;RECETON;1;ESPINACA REFRIGERADO;KG;0.010000;;
RT0495;SOPA MENESTRON CON POLLO;RECETON SGP;RECETON;1;FIDEO CANUTO;KG;0.020000;;
RT0495;SOPA MENESTRON CON POLLO;RECETON SGP;RECETON;1;LECHE EVAPORADA;L;0.015000;;
RT0495;SOPA MENESTRON CON POLLO;RECETON SGP;RECETON;1;PAPA BLANCA REFRIGERADO;KG;0.030000;;
RT0495;SOPA MENESTRON CON POLLO;RECETON SGP;RECETON;1;PASTA DE AJO;KG;0.002000;;
RT0495;SOPA MENESTRON CON POLLO;RECETON SGP;RECETON;1;PIMIENTA NEGRA MOLIDA;KG;0.000120;;
RT0495;SOPA MENESTRON CON POLLO;RECETON SGP;RECETON;1;POLLO PIERNA CON ENCUENTRO CONGELADO;KG;0.075000;;
RT0495;SOPA MENESTRON CON POLLO;RECETON SGP;RECETON;1;PRE ELABORADO RAM FRIJOL CANARIO SIN ADEREZO;KG;0.005000;;
RT0495;SOPA MENESTRON CON POLLO;RECETON SGP;RECETON;1;QUESO FRESCO REFRIGERADO;KG;0.010000;;
RT0495;SOPA MENESTRON CON POLLO;RECETON SGP;RECETON;1;SAL DE COCINA;KG;0.002000;;
RT0495;SOPA MENESTRON CON POLLO;RECETON SGP;RECETON;1;ZANAHORIA REFRIGERADO;KG;0.010000;;
RT0495;SOPA MENESTRON CON POLLO;RECETON SGP;RECETON;1;ZAPALLO MACRE REFRIGERADO;KG;0.025000;;
RT0496;SOPA PASTORA CON POLLO;RECETON SGP;RECETON;1;ACEITE VEGETAL;L;0.003000;;
RT0496;SOPA PASTORA CON POLLO;RECETON SGP;RECETON;1;AGUA PARA RECETA;L;0.250000;;
RT0496;SOPA PASTORA CON POLLO;RECETON SGP;RECETON;1;AJINOMOTO;KG;0.001000;;
RT0496;SOPA PASTORA CON POLLO;RECETON SGP;RECETON;1;APIO REFRIGERADO;KG;0.008000;;
RT0496;SOPA PASTORA CON POLLO;RECETON SGP;RECETON;1;CALDO DE GALLINA;KG;0.001000;;
RT0496;SOPA PASTORA CON POLLO;RECETON SGP;RECETON;1;CEBOLLA ROJA REFRIGERADO;KG;0.007000;;
RT0496;SOPA PASTORA CON POLLO;RECETON SGP;RECETON;1;CULANTRO REFRIGERADO;KG;0.001000;;
RT0496;SOPA PASTORA CON POLLO;RECETON SGP;RECETON;1;ESPINACA CONGELADO;KG;0.020000;;
RT0496;SOPA PASTORA CON POLLO;RECETON SGP;RECETON;1;FIDEO CANUTO;KG;0.020000;;
RT0496;SOPA PASTORA CON POLLO;RECETON SGP;RECETON;1;KION MOLIDO SECO;KG;0.001000;;
RT0496;SOPA PASTORA CON POLLO;RECETON SGP;RECETON;1;NABO REFRIGERADO;KG;0.008000;;
RT0496;SOPA PASTORA CON POLLO;RECETON SGP;RECETON;1;OREGANO ENTERO;KG;0.000120;;
RT0496;SOPA PASTORA CON POLLO;RECETON SGP;RECETON;1;PAPA BLANCA REFRIGERADO;KG;0.019000;;
RT0496;SOPA PASTORA CON POLLO;RECETON SGP;RECETON;1;PASTA DE AJO;KG;0.002000;;
RT0496;SOPA PASTORA CON POLLO;RECETON SGP;RECETON;1;POLLO PIERNA CON ENCUENTRO CONGELADO;KG;0.075000;;
RT0496;SOPA PASTORA CON POLLO;RECETON SGP;RECETON;1;PORO REFRIGERADO;KG;0.007000;;
RT0496;SOPA PASTORA CON POLLO;RECETON SGP;RECETON;1;SAL DE COCINA;KG;0.002000;;
RT0496;SOPA PASTORA CON POLLO;RECETON SGP;RECETON;1;ZANAHORIA REFRIGERADO;KG;0.007000;;
RT0496;SOPA PASTORA CON POLLO;RECETON SGP;RECETON;1;ZAPALLO MACRE REFRIGERADO;KG;0.014000;;
RT0497;SOPA PATASCA;RECETON SGP;RECETON;1;ACEITE VEGETAL;L;0.001000;;
RT0497;SOPA PATASCA;RECETON SGP;RECETON;1;AGUA PARA RECETA;L;0.300000;;
RT0497;SOPA PATASCA;RECETON SGP;RECETON;1;HIERBA BUENA REFRIGERADO;KG;0.001000;;
RT0497;SOPA PATASCA;RECETON SGP;RECETON;1;MAIZ MOTE;KG;0.060000;;
RT0497;SOPA PATASCA;RECETON SGP;RECETON;1;OREGANO ENTERO;KG;0.000120;;
RT0497;SOPA PATASCA;RECETON SGP;RECETON;1;PASTA DE AJO;KG;0.001000;;
RT0497;SOPA PATASCA;RECETON SGP;RECETON;1;PEREJIL LIZO REFRIGERADO;KG;0.001000;;
RT0497;SOPA PATASCA;RECETON SGP;RECETON;1;RES - SOPAS S/HUESO CONGELADO;KG;0.030000;;
RT0497;SOPA PATASCA;RECETON SGP;RECETON;1;RES MONDONGO ENTERO CONGELADO;KG;0.035000;;
RT0497;SOPA PATASCA;RECETON SGP;RECETON;1;SAL DE COCINA;KG;0.003000;;
RT0498;SOPA PEBRE CON POLLO;RECETON SGP;RECETON;1;ACEITE VEGETAL;L;0.001000;;
RT0498;SOPA PEBRE CON POLLO;RECETON SGP;RECETON;1;AGUA PARA RECETA;L;0.250000;;
RT0498;SOPA PEBRE CON POLLO;RECETON SGP;RECETON;1;APIO REFRIGERADO;KG;0.011000;;
RT0498;SOPA PEBRE CON POLLO;RECETON SGP;RECETON;1;ARROZ GRANO QUEBRADO PARA SOPA;KG;0.020000;;
RT0498;SOPA PEBRE CON POLLO;RECETON SGP;RECETON;1;CEBOLLA ROJA REFRIGERADO;KG;0.009000;;
RT0498;SOPA PEBRE CON POLLO;RECETON SGP;RECETON;1;NABO REFRIGERADO;KG;0.010000;;
RT0498;SOPA PEBRE CON POLLO;RECETON SGP;RECETON;1;OREGANO ENTERO;KG;0.000120;;
RT0498;SOPA PEBRE CON POLLO;RECETON SGP;RECETON;1;PAPA BLANCA REFRIGERADO;KG;0.010000;;
RT0498;SOPA PEBRE CON POLLO;RECETON SGP;RECETON;1;PASTA DE AJI PANCA;KG;0.001000;;
RT0498;SOPA PEBRE CON POLLO;RECETON SGP;RECETON;1;PASTA DE AJO;KG;0.001000;;
RT0498;SOPA PEBRE CON POLLO;RECETON SGP;RECETON;1;PASTA DE TOMATE;KG;0.001000;;
RT0498;SOPA PEBRE CON POLLO;RECETON SGP;RECETON;1;PEREJIL LIZO REFRIGERADO;KG;0.001000;;
RT0498;SOPA PEBRE CON POLLO;RECETON SGP;RECETON;1;POLLO PIERNA CON ENCUENTRO CONGELADO;KG;0.075000;;
RT0498;SOPA PEBRE CON POLLO;RECETON SGP;RECETON;1;PORO REFRIGERADO;KG;0.010000;;
RT0498;SOPA PEBRE CON POLLO;RECETON SGP;RECETON;1;PRE ELABORADO RAM GARBANZO SIN ADEREZO;KG;0.030000;;
RT0498;SOPA PEBRE CON POLLO;RECETON SGP;RECETON;1;SAL DE COCINA;KG;0.003000;;
RT0498;SOPA PEBRE CON POLLO;RECETON SGP;RECETON;1;ZANAHORIA REFRIGERADO;KG;0.009000;;
RT0498;SOPA PEBRE CON POLLO;RECETON SGP;RECETON;1;ZAPALLO MACRE REFRIGERADO;KG;0.030000;;
RT0499;SOPA PUCHERO CON RES;RECETON SGP;RECETON;1;AGUA PARA RECETA;L;0.250000;;
RT0499;SOPA PUCHERO CON RES;RECETON SGP;RECETON;1;AJINOMOTO;KG;0.001000;;
RT0499;SOPA PUCHERO CON RES;RECETON SGP;RECETON;1;APIO REFRIGERADO;KG;0.015000;;
RT0499;SOPA PUCHERO CON RES;RECETON SGP;RECETON;1;ARROZ GRANO QUEBRADO PARA SOPA;KG;0.020000;;
RT0499;SOPA PUCHERO CON RES;RECETON SGP;RECETON;1;CALDO DE CARNE;KG;0.001000;;
RT0499;SOPA PUCHERO CON RES;RECETON SGP;RECETON;1;CAMOTE AMARILLO REFRIGERADO;KG;0.020000;;
RT0499;SOPA PUCHERO CON RES;RECETON SGP;RECETON;1;CEBOLLA ROJA REFRIGERADO;KG;0.010000;;
RT0499;SOPA PUCHERO CON RES;RECETON SGP;RECETON;1;COL CRIOLLA REFRIGERADO;KG;0.020000;;
RT0499;SOPA PUCHERO CON RES;RECETON SGP;RECETON;1;NABO REFRIGERADO;KG;0.010000;;
RT0499;SOPA PUCHERO CON RES;RECETON SGP;RECETON;1;OREGANO ENTERO;KG;0.000100;;
RT0499;SOPA PUCHERO CON RES;RECETON SGP;RECETON;1;PAPA BLANCA REFRIGERADO;KG;0.020000;;
RT0499;SOPA PUCHERO CON RES;RECETON SGP;RECETON;1;PASTA DE AJO;KG;0.002000;;
RT0499;SOPA PUCHERO CON RES;RECETON SGP;RECETON;1;PASTA DE TOMATE;KG;0.001000;;
RT0499;SOPA PUCHERO CON RES;RECETON SGP;RECETON;1;PEREJIL LIZO REFRIGERADO;KG;0.001000;;
RT0499;SOPA PUCHERO CON RES;RECETON SGP;RECETON;1;PORO REFRIGERADO;KG;0.015000;;
RT0499;SOPA PUCHERO CON RES;RECETON SGP;RECETON;1;PRE ELABORADO RAM GARBANZO SIN ADEREZO;KG;0.010000;;
RT0499;SOPA PUCHERO CON RES;RECETON SGP;RECETON;1;RES - SOPAS S/HUESO CONGELADO;KG;0.130000;;
RT0499;SOPA PUCHERO CON RES;RECETON SGP;RECETON;1;SAL DE COCINA;KG;0.003000;;
RT0499;SOPA PUCHERO CON RES;RECETON SGP;RECETON;1;ZANAHORIA REFRIGERADO;KG;0.015000;;
RT0499;SOPA PUCHERO CON RES;RECETON SGP;RECETON;1;ZAPALLO MACRE REFRIGERADO;KG;0.003000;;
RT0500;SOPA PUCHERO DE POLLO;RECETON SGP;RECETON;1;AGUA PARA RECETA;L;0.250000;;
RT0500;SOPA PUCHERO DE POLLO;RECETON SGP;RECETON;1;AJINOMOTO;KG;0.001000;;
RT0500;SOPA PUCHERO DE POLLO;RECETON SGP;RECETON;1;APIO REFRIGERADO;KG;0.015000;;
RT0500;SOPA PUCHERO DE POLLO;RECETON SGP;RECETON;1;ARROZ GRANO QUEBRADO PARA SOPA;KG;0.020000;;
RT0500;SOPA PUCHERO DE POLLO;RECETON SGP;RECETON;1;CALDO DE GALLINA;KG;0.001000;;
RT0500;SOPA PUCHERO DE POLLO;RECETON SGP;RECETON;1;CAMOTE AMARILLO REFRIGERADO;KG;0.020000;;
RT0500;SOPA PUCHERO DE POLLO;RECETON SGP;RECETON;1;CEBOLLA ROJA REFRIGERADO;KG;0.010000;;
RT0500;SOPA PUCHERO DE POLLO;RECETON SGP;RECETON;1;COL CRIOLLA REFRIGERADO;KG;0.020000;;
RT0500;SOPA PUCHERO DE POLLO;RECETON SGP;RECETON;1;NABO REFRIGERADO;KG;0.010000;;
RT0500;SOPA PUCHERO DE POLLO;RECETON SGP;RECETON;1;OREGANO ENTERO;KG;0.000100;;
RT0500;SOPA PUCHERO DE POLLO;RECETON SGP;RECETON;1;PAPA BLANCA REFRIGERADO;KG;0.020000;;
RT0500;SOPA PUCHERO DE POLLO;RECETON SGP;RECETON;1;PASTA DE AJO;KG;0.002000;;
RT0500;SOPA PUCHERO DE POLLO;RECETON SGP;RECETON;1;PASTA DE TOMATE;KG;0.001000;;
RT0500;SOPA PUCHERO DE POLLO;RECETON SGP;RECETON;1;PEREJIL LIZO REFRIGERADO;KG;0.001000;;
RT0500;SOPA PUCHERO DE POLLO;RECETON SGP;RECETON;1;POLLO PIERNA CON ENCUENTRO CONGELADO;KG;0.075000;;
RT0500;SOPA PUCHERO DE POLLO;RECETON SGP;RECETON;1;PORO REFRIGERADO;KG;0.015000;;
RT0500;SOPA PUCHERO DE POLLO;RECETON SGP;RECETON;1;PRE ELABORADO RAM GARBANZO SIN ADEREZO;KG;0.015000;;
RT0500;SOPA PUCHERO DE POLLO;RECETON SGP;RECETON;1;SAL DE COCINA;KG;0.003000;;
RT0500;SOPA PUCHERO DE POLLO;RECETON SGP;RECETON;1;ZANAHORIA REFRIGERADO;KG;0.015000;;
RT0500;SOPA PUCHERO DE POLLO;RECETON SGP;RECETON;1;ZAPALLO MACRE REFRIGERADO;KG;0.003000;;
RT0501;SOPA SANCOCHADO DE RES;RECETON SGP;RECETON;1;AGUA PARA RECETA;L;0.300000;;
RT0501;SOPA SANCOCHADO DE RES;RECETON SGP;RECETON;1;AJINOMOTO;KG;0.001000;;
RT0501;SOPA SANCOCHADO DE RES;RECETON SGP;RECETON;1;APIO REFRIGERADO;KG;0.010000;;
RT0501;SOPA SANCOCHADO DE RES;RECETON SGP;RECETON;1;ARROZ GRANO QUEBRADO PARA SOPA;KG;0.012000;;
RT0501;SOPA SANCOCHADO DE RES;RECETON SGP;RECETON;1;CALDO DE CARNE;KG;0.001000;;
RT0501;SOPA SANCOCHADO DE RES;RECETON SGP;RECETON;1;CAMOTE AMARILLO REFRIGERADO;KG;0.010000;;
RT0501;SOPA SANCOCHADO DE RES;RECETON SGP;RECETON;1;CHOCLO AMARILLO DESGRANADO CONGELADO;KG;0.012000;;
RT0501;SOPA SANCOCHADO DE RES;RECETON SGP;RECETON;1;COL CRIOLLA REFRIGERADO;KG;0.020000;;
RT0501;SOPA SANCOCHADO DE RES;RECETON SGP;RECETON;1;HIERBA BUENA REFRIGERADO;KG;0.001000;;
RT0501;SOPA SANCOCHADO DE RES;RECETON SGP;RECETON;1;NABO REFRIGERADO;KG;0.010000;;
RT0501;SOPA SANCOCHADO DE RES;RECETON SGP;RECETON;1;OREGANO ENTERO;KG;0.000120;;
RT0501;SOPA SANCOCHADO DE RES;RECETON SGP;RECETON;1;PAPA BLANCA REFRIGERADO;KG;0.045000;;
RT0501;SOPA SANCOCHADO DE RES;RECETON SGP;RECETON;1;PORO REFRIGERADO;KG;0.015000;;
RT0501;SOPA SANCOCHADO DE RES;RECETON SGP;RECETON;1;PRE ELABORADO RAM FRIJOL CANARIO SIN ADEREZO;KG;0.020000;;
RT0501;SOPA SANCOCHADO DE RES;RECETON SGP;RECETON;1;RES - SOPAS S/HUESO CONGELADO;KG;0.065000;;
RT0501;SOPA SANCOCHADO DE RES;RECETON SGP;RECETON;1;SAL DE COCINA;KG;0.002000;;
RT0501;SOPA SANCOCHADO DE RES;RECETON SGP;RECETON;1;ZANAHORIA REFRIGERADO;KG;0.010000;;
RT0501;SOPA SANCOCHADO DE RES;RECETON SGP;RECETON;1;ZAPALLO MACRE REFRIGERADO;KG;0.030000;;
RT0502;SOPA SUSTANCIA DE GALLINA;RECETON SGP;RECETON;1;ACEITE VEGETAL;L;0.003000;;
RT0502;SOPA SUSTANCIA DE GALLINA;RECETON SGP;RECETON;1;AGUA PARA RECETA;L;0.300000;;
RT0502;SOPA SUSTANCIA DE GALLINA;RECETON SGP;RECETON;1;APIO REFRIGERADO;KG;0.015000;;
RT0502;SOPA SUSTANCIA DE GALLINA;RECETON SGP;RECETON;1;CEBOLLA ROJA REFRIGERADO;KG;0.010000;;
RT0502;SOPA SUSTANCIA DE GALLINA;RECETON SGP;RECETON;1;CULANTRO REFRIGERADO;KG;0.001000;;
RT0502;SOPA SUSTANCIA DE GALLINA;RECETON SGP;RECETON;1;FIDEO CABELLO DE ANGEL;KG;0.020000;;
RT0502;SOPA SUSTANCIA DE GALLINA;RECETON SGP;RECETON;1;GALLINA ENTERA CON MENUDENCIA CONGELADO IMPORTADO;KG;0.070000;;
RT0502;SOPA SUSTANCIA DE GALLINA;RECETON SGP;RECETON;1;OREGANO ENTERO;KG;0.000120;;
RT0502;SOPA SUSTANCIA DE GALLINA;RECETON SGP;RECETON;1;PASTA DE AJI PANCA;KG;0.003000;;
RT0502;SOPA SUSTANCIA DE GALLINA;RECETON SGP;RECETON;1;PASTA DE AJO;KG;0.002000;;
RT0502;SOPA SUSTANCIA DE GALLINA;RECETON SGP;RECETON;1;PEREJIL LIZO REFRIGERADO;KG;0.001000;;
RT0502;SOPA SUSTANCIA DE GALLINA;RECETON SGP;RECETON;1;SAL DE COCINA;KG;0.003000;;
RT0502;SOPA SUSTANCIA DE GALLINA;RECETON SGP;RECETON;1;TOMATE CRIOLLO REFRIGERADO;KG;0.010000;;
RT0502;SOPA SUSTANCIA DE GALLINA;RECETON SGP;RECETON;1;ZANAHORIA REFRIGERADO;KG;0.015000;;
RT0503;SOPA SUSTANCIA DE POLLO CON ARROZ;RECETON SGP;RECETON;1;ACEITE VEGETAL;L;0.001000;;
RT0503;SOPA SUSTANCIA DE POLLO CON ARROZ;RECETON SGP;RECETON;1;AGUA PARA RECETA;L;0.300000;;
RT0503;SOPA SUSTANCIA DE POLLO CON ARROZ;RECETON SGP;RECETON;1;AJINOMOTO;KG;0.001000;;
RT0503;SOPA SUSTANCIA DE POLLO CON ARROZ;RECETON SGP;RECETON;1;APIO REFRIGERADO;KG;0.015000;;
RT0503;SOPA SUSTANCIA DE POLLO CON ARROZ;RECETON SGP;RECETON;1;ARROZ GRANO QUEBRADO PARA SOPA;KG;0.020000;;
RT0503;SOPA SUSTANCIA DE POLLO CON ARROZ;RECETON SGP;RECETON;1;BASE CRIOLLA;KG;0.002000;;
RT0503;SOPA SUSTANCIA DE POLLO CON ARROZ;RECETON SGP;RECETON;1;CALDO DE GALLINA;KG;0.001000;;
RT0503;SOPA SUSTANCIA DE POLLO CON ARROZ;RECETON SGP;RECETON;1;CULANTRO REFRIGERADO;KG;0.001000;;
RT0503;SOPA SUSTANCIA DE POLLO CON ARROZ;RECETON SGP;RECETON;1;OREGANO ENTERO;KG;0.000120;;
RT0503;SOPA SUSTANCIA DE POLLO CON ARROZ;RECETON SGP;RECETON;1;PEREJIL LIZO REFRIGERADO;KG;0.001000;;
RT0503;SOPA SUSTANCIA DE POLLO CON ARROZ;RECETON SGP;RECETON;1;POLLO PIERNA CON ENCUENTRO CONGELADO;KG;0.075000;;
RT0503;SOPA SUSTANCIA DE POLLO CON ARROZ;RECETON SGP;RECETON;1;SAL DE COCINA;KG;0.002000;;
RT0503;SOPA SUSTANCIA DE POLLO CON ARROZ;RECETON SGP;RECETON;1;ZANAHORIA REFRIGERADO;KG;0.010000;;
RT0504;SOPA SUSTANCIA DE POLLO CON ARROZ II;RECETON SGP;RECETON;1;ACEITE VEGETAL;L;0.001000;;
RT0504;SOPA SUSTANCIA DE POLLO CON ARROZ II;RECETON SGP;RECETON;1;AGUA PARA RECETA;L;0.300000;;
RT0504;SOPA SUSTANCIA DE POLLO CON ARROZ II;RECETON SGP;RECETON;1;AJINOMOTO;KG;0.001000;;
RT0504;SOPA SUSTANCIA DE POLLO CON ARROZ II;RECETON SGP;RECETON;1;APIO REFRIGERADO;KG;0.015000;;
RT0504;SOPA SUSTANCIA DE POLLO CON ARROZ II;RECETON SGP;RECETON;1;ARROZ GRANO QUEBRADO PARA SOPA;KG;0.020000;;
RT0504;SOPA SUSTANCIA DE POLLO CON ARROZ II;RECETON SGP;RECETON;1;BASE CRIOLLA;KG;0.002000;;
RT0504;SOPA SUSTANCIA DE POLLO CON ARROZ II;RECETON SGP;RECETON;1;CALDO DE GALLINA;KG;0.001000;;
RT0504;SOPA SUSTANCIA DE POLLO CON ARROZ II;RECETON SGP;RECETON;1;CULANTRO REFRIGERADO;KG;0.001000;;
RT0504;SOPA SUSTANCIA DE POLLO CON ARROZ II;RECETON SGP;RECETON;1;OREGANO ENTERO;KG;0.000120;;
RT0504;SOPA SUSTANCIA DE POLLO CON ARROZ II;RECETON SGP;RECETON;1;PECHUGA DE POLLO S/HUESO S/PIEL CONGELADO;KG;0.055000;;
RT0504;SOPA SUSTANCIA DE POLLO CON ARROZ II;RECETON SGP;RECETON;1;PEREJIL LIZO REFRIGERADO;KG;0.001000;;
RT0504;SOPA SUSTANCIA DE POLLO CON ARROZ II;RECETON SGP;RECETON;1;SAL DE COCINA;KG;0.002000;;
RT0504;SOPA SUSTANCIA DE POLLO CON ARROZ II;RECETON SGP;RECETON;1;ZANAHORIA REFRIGERADO;KG;0.015000;;
RT0505;SOPA SUSTANCIA DE POLLO CON FIDEOS;RECETON SGP;RECETON;1;ACEITE VEGETAL;L;0.001000;;
RT0505;SOPA SUSTANCIA DE POLLO CON FIDEOS;RECETON SGP;RECETON;1;AGUA PARA RECETA;L;0.300000;;
RT0505;SOPA SUSTANCIA DE POLLO CON FIDEOS;RECETON SGP;RECETON;1;APIO REFRIGERADO;KG;0.015000;;
RT0505;SOPA SUSTANCIA DE POLLO CON FIDEOS;RECETON SGP;RECETON;1;BASE CRIOLLA;KG;0.002000;;
RT0505;SOPA SUSTANCIA DE POLLO CON FIDEOS;RECETON SGP;RECETON;1;BASE DE TOMATE;KG;0.002000;;
RT0505;SOPA SUSTANCIA DE POLLO CON FIDEOS;RECETON SGP;RECETON;1;CALDO DE GALLINA;KG;0.001000;;
RT0505;SOPA SUSTANCIA DE POLLO CON FIDEOS;RECETON SGP;RECETON;1;CULANTRO REFRIGERADO;KG;0.001000;;
RT0505;SOPA SUSTANCIA DE POLLO CON FIDEOS;RECETON SGP;RECETON;1;FIDEO CABELLO DE ANGEL;KG;0.020000;;
RT0505;SOPA SUSTANCIA DE POLLO CON FIDEOS;RECETON SGP;RECETON;1;OREGANO ENTERO;KG;0.000120;;
RT0505;SOPA SUSTANCIA DE POLLO CON FIDEOS;RECETON SGP;RECETON;1;PEREJIL LIZO REFRIGERADO;KG;0.001000;;
RT0505;SOPA SUSTANCIA DE POLLO CON FIDEOS;RECETON SGP;RECETON;1;POLLO PIERNA CON ENCUENTRO CONGELADO;KG;0.075000;;
RT0505;SOPA SUSTANCIA DE POLLO CON FIDEOS;RECETON SGP;RECETON;1;SAL DE COCINA;KG;0.002000;;
RT0505;SOPA SUSTANCIA DE POLLO CON FIDEOS;RECETON SGP;RECETON;1;ZANAHORIA REFRIGERADO;KG;0.010000;;
RT0506;SOPA WANTAN CON POLLO;RECETON SGP;RECETON;1;AGUA PARA RECETA;L;0.300000;;
RT0506;SOPA WANTAN CON POLLO;RECETON SGP;RECETON;1;AJINOMOTO;KG;0.001000;;
RT0506;SOPA WANTAN CON POLLO;RECETON SGP;RECETON;1;CALDO DE GALLINA;KG;0.001000;;
RT0506;SOPA WANTAN CON POLLO;RECETON SGP;RECETON;1;CEBOLLA CHINA REFRIGERADO;KG;0.005000;;
RT0506;SOPA WANTAN CON POLLO;RECETON SGP;RECETON;1;COL CHINA REFRIGERADO;KG;0.025000;;
RT0506;SOPA WANTAN CON POLLO;RECETON SGP;RECETON;1;FIDEO CHINO;KG;0.030000;;
RT0506;SOPA WANTAN CON POLLO;RECETON SGP;RECETON;1;KION MOLIDO SECO;KG;0.000500;;
RT0506;SOPA WANTAN CON POLLO;RECETON SGP;RECETON;1;PASTA WANTAN CONGELADO;KG;0.020000;;
RT0506;SOPA WANTAN CON POLLO;RECETON SGP;RECETON;1;POLLO PIERNA CON ENCUENTRO CONGELADO;KG;0.075000;;
RT0506;SOPA WANTAN CON POLLO;RECETON SGP;RECETON;1;SAL DE COCINA;KG;0.002000;;
RT0507;SOPA WOMIN CON POLLO;RECETON SGP;RECETON;1;ACEITE VEGETAL;L;0.001000;;
RT0507;SOPA WOMIN CON POLLO;RECETON SGP;RECETON;1;AGUA PARA RECETA;L;0.300000;;
RT0507;SOPA WOMIN CON POLLO;RECETON SGP;RECETON;1;AJINOMOTO;KG;0.001000;;
RT0507;SOPA WOMIN CON POLLO;RECETON SGP;RECETON;1;CALDO DE GALLINA;KG;0.001000;;
RT0507;SOPA WOMIN CON POLLO;RECETON SGP;RECETON;1;CANELA CHINA;KG;0.000120;;
RT0507;SOPA WOMIN CON POLLO;RECETON SGP;RECETON;1;CHUÑO;KG;0.015000;;
RT0507;SOPA WOMIN CON POLLO;RECETON SGP;RECETON;1;HUEVO LIQUIDO CONGELADO;KG;0.015000;;
RT0507;SOPA WOMIN CON POLLO;RECETON SGP;RECETON;1;PIMIENTA NEGRA MOLIDA;KG;0.000120;;
RT0507;SOPA WOMIN CON POLLO;RECETON SGP;RECETON;1;POLLO PIERNA CON ENCUENTRO CONGELADO;KG;0.075000;;
RT0507;SOPA WOMIN CON POLLO;RECETON SGP;RECETON;1;SAL DE COCINA;KG;0.002000;;
RT0507;SOPA WOMIN CON POLLO;RECETON SGP;RECETON;1;SALSA SILLAO;L;0.003000;;
RT0507;SOPA WOMIN CON POLLO;RECETON SGP;RECETON;1;ZANAHORIA REFRIGERADO;KG;0.015000;;
RT0508;SPAGUETTI A LO ALFREDO;RECETON SGP;RECETON;1;AGUA PARA RECETA;L;0.010000;;
RT0508;SPAGUETTI A LO ALFREDO;RECETON SGP;RECETON;1;FIDEO SPAGUETTI;KG;0.090000;;
RT0508;SPAGUETTI A LO ALFREDO;RECETON SGP;RECETON;1;HARINA DE TRIGO ESPECIAL;KG;0.003000;;
RT0508;SPAGUETTI A LO ALFREDO;RECETON SGP;RECETON;1;JAMON PARA CAFETIN CONGELADO;KG;0.050000;;
RT0508;SPAGUETTI A LO ALFREDO;RECETON SGP;RECETON;1;LECHE EVAPORADA;L;0.015000;;
RT0508;SPAGUETTI A LO ALFREDO;RECETON SGP;RECETON;1;MARGARINA CON SAL REFRIGERADO GRANEL KG;KG;0.005000;;
RT0508;SPAGUETTI A LO ALFREDO;RECETON SGP;RECETON;1;NUEZ MOSCADA MOLIDA;KG;0.000120;;
RT0508;SPAGUETTI A LO ALFREDO;RECETON SGP;RECETON;1;PEREJIL LIZO REFRIGERADO;KG;0.002000;;
RT0508;SPAGUETTI A LO ALFREDO;RECETON SGP;RECETON;1;PIMIENTA NEGRA MOLIDA;KG;0.001200;;
RT0508;SPAGUETTI A LO ALFREDO;RECETON SGP;RECETON;1;QUESO PARMESANO REFRIGERADO;KG;0.005000;;
RT0508;SPAGUETTI A LO ALFREDO;RECETON SGP;RECETON;1;SAL DE COCINA;KG;0.003000;;
RT0508;SPAGUETTI A LO ALFREDO;RECETON SGP;RECETON;1;SALSA BLANCA;KG;0.050000;;
RT0509;STRUDEL DE MANZANA;RECETON SGP;RECETON;1;AGUA PARA RECETA;L;0.015630;;
RT0509;STRUDEL DE MANZANA;RECETON SGP;RECETON;1;AZUCAR IMPALPABLE;KG;0.000630;;
RT0509;STRUDEL DE MANZANA;RECETON SGP;RECETON;1;AZUCAR RUBIA;KG;0.003000;;
RT0509;STRUDEL DE MANZANA;RECETON SGP;RECETON;1;CANELA MOLIDA;KG;0.000120;;
RT0509;STRUDEL DE MANZANA;RECETON SGP;RECETON;1;HARINA DE TRIGO ESPECIAL;KG;0.031250;;
RT0509;STRUDEL DE MANZANA;RECETON SGP;RECETON;1;HUEVO LIQUIDO CONGELADO;KG;0.002500;;
RT0509;STRUDEL DE MANZANA;RECETON SGP;RECETON;1;MANZANA ROJA REFRIGERADO;KG;0.070000;;
RT0509;STRUDEL DE MANZANA;RECETON SGP;RECETON;1;MARGARINA CON SAL REFRIGERADO GRANEL KG;KG;0.018750;;
RT0509;STRUDEL DE MANZANA;RECETON SGP;RECETON;1;PASAS NEGRAS SECAS;KG;0.003000;;
RT0509;STRUDEL DE MANZANA;RECETON SGP;RECETON;1;PEANA PELADA VALLE ALTO X 90 GR;UND;0.002000;;
RT0509;STRUDEL DE MANZANA;RECETON SGP;RECETON;1;SAL DE COCINA;KG;0.001250;;
RT0510;TARTALETA DE FRESA;RECETON SGP;RECETON;1;AGUA PARA RECETA;L;0.024000;;
RT0510;TARTALETA DE FRESA;RECETON SGP;RECETON;1;AZUCAR RUBIA;KG;0.021000;;
RT0510;TARTALETA DE FRESA;RECETON SGP;RECETON;1;CREMA CHANTILLY;L;0.015000;;
RT0510;TARTALETA DE FRESA;RECETON SGP;RECETON;1;HARINA DE TRIGO ESPECIAL;KG;0.029410;;
RT0510;TARTALETA DE FRESA;RECETON SGP;RECETON;1;HUEVO LIQUIDO CONGELADO;KG;0.007060;;
RT0510;TARTALETA DE FRESA;RECETON SGP;RECETON;1;LECHE EVAPORADA;L;0.011760;;
RT0510;TARTALETA DE FRESA;RECETON SGP;RECETON;1;MAICENA;KG;0.000294;;
RT0510;TARTALETA DE FRESA;RECETON SGP;RECETON;1;MARGARINA CON SAL REFRIGERADO GRANEL KG;KG;0.017650;;
RT0510;TARTALETA DE FRESA;RECETON SGP;RECETON;1;MERMELADA FRESA GRANEL;KG;0.020000;;
RT0511;TARTALETA DE MANZANA;RECETON SGP;RECETON;1;AZUCAR RUBIA;KG;0.005000;;
RT0511;TARTALETA DE MANZANA;RECETON SGP;RECETON;1;CANELA ENTERA;KG;0.000120;;
RT0511;TARTALETA DE MANZANA;RECETON SGP;RECETON;1;CANELA MOLIDA;KG;0.001000;;
RT0511;TARTALETA DE MANZANA;RECETON SGP;RECETON;1;ESCENCIA DE VAINILLA;L;0.001000;;
RT0511;TARTALETA DE MANZANA;RECETON SGP;RECETON;1;HARINA DE TRIGO ESPECIAL;KG;0.035000;;
RT0511;TARTALETA DE MANZANA;RECETON SGP;RECETON;1;HUEVO LIQUIDO CONGELADO;KG;0.040000;;
RT0511;TARTALETA DE MANZANA;RECETON SGP;RECETON;1;MANZANA DELICIA REFRIGERADO;KG;0.050000;;
RT0511;TARTALETA DE MANZANA;RECETON SGP;RECETON;1;MARGARINA CON SAL REFRIGERADO GRANEL KG;KG;0.003000;;
RT0511;TARTALETA DE MANZANA;RECETON SGP;RECETON;1;ZUMO DE LIMON CONGELADO;KG;0.000300;;
RT0512;TEQUEÑOS DE LOMO CON SALSA GUACAMOLE MENU;RECETON SGP;RECETON;1;ACEITE VEGETAL;L;0.003000;;
RT0512;TEQUEÑOS DE LOMO CON SALSA GUACAMOLE MENU;RECETON SGP;RECETON;1;CULANTRO REFRIGERADO;KG;0.002000;;
RT0512;TEQUEÑOS DE LOMO CON SALSA GUACAMOLE MENU;RECETON SGP;RECETON;1;LECHUGA AMERICANA REFRIGERADO;KG;0.010000;;
RT0512;TEQUEÑOS DE LOMO CON SALSA GUACAMOLE MENU;RECETON SGP;RECETON;1;MAYONESA;KG;0.005000;;
RT0512;TEQUEÑOS DE LOMO CON SALSA GUACAMOLE MENU;RECETON SGP;RECETON;1;PALTA;KG;0.015000;;
RT0512;TEQUEÑOS DE LOMO CON SALSA GUACAMOLE MENU;RECETON SGP;RECETON;1;PIMIENTA NEGRA MOLIDA;KG;0.000120;;
RT0512;TEQUEÑOS DE LOMO CON SALSA GUACAMOLE MENU;RECETON SGP;RECETON;1;ROCOTO NORMAL REFRIGERADO;KG;0.002000;;
RT0512;TEQUEÑOS DE LOMO CON SALSA GUACAMOLE MENU;RECETON SGP;RECETON;1;SAL DE COCINA;KG;0.003000;;
RT0512;TEQUEÑOS DE LOMO CON SALSA GUACAMOLE MENU;RECETON SGP;RECETON;1;TEQUEÑOS DE LOMITO 20 G CONGELADO;UND;3.000000;;
RT0512;TEQUEÑOS DE LOMO CON SALSA GUACAMOLE MENU;RECETON SGP;RECETON;1;TOMATE CRIOLLO REFRIGERADO;KG;0.020000;;
RT0512;TEQUEÑOS DE LOMO CON SALSA GUACAMOLE MENU;RECETON SGP;RECETON;1;ZUMO DE LIMON CONGELADO;KG;0.005000;;
RT0513;TEQUEÑOS DE LOMO CON SALSA TARTARA MENU;RECETON SGP;RECETON;1;ACEITE VEGETAL;L;0.003000;;
RT0513;TEQUEÑOS DE LOMO CON SALSA TARTARA MENU;RECETON SGP;RECETON;1;CEBOLLA CHINA REFRIGERADO;KG;0.002000;;
RT0513;TEQUEÑOS DE LOMO CON SALSA TARTARA MENU;RECETON SGP;RECETON;1;CEBOLLA ROJA REFRIGERADO;KG;0.025000;;
RT0513;TEQUEÑOS DE LOMO CON SALSA TARTARA MENU;RECETON SGP;RECETON;1;HUEVO ROSADO REFRIGERADO CAJA;KG;0.020000;;
RT0513;TEQUEÑOS DE LOMO CON SALSA TARTARA MENU;RECETON SGP;RECETON;1;LECHUGA AMERICANA REFRIGERADO;KG;0.010000;;
RT0513;TEQUEÑOS DE LOMO CON SALSA TARTARA MENU;RECETON SGP;RECETON;1;MAYONESA;KG;0.010000;;
RT0513;TEQUEÑOS DE LOMO CON SALSA TARTARA MENU;RECETON SGP;RECETON;1;PEREJIL LIZO REFRIGERADO;KG;0.001000;;
RT0513;TEQUEÑOS DE LOMO CON SALSA TARTARA MENU;RECETON SGP;RECETON;1;SAL DE COCINA;KG;0.003000;;
RT0513;TEQUEÑOS DE LOMO CON SALSA TARTARA MENU;RECETON SGP;RECETON;1;TEQUEÑOS DE LOMITO 20 G CONGELADO;UND;3.000000;;
RT0514;TEQUEÑOS EN SALSA TAMARINDO;RECETON SGP;RECETON;1;ACEITE VEGETAL;L;0.002000;;
RT0514;TEQUEÑOS EN SALSA TAMARINDO;RECETON SGP;RECETON;1;AGUA PARA RECETA;L;0.010000;;
RT0514;TEQUEÑOS EN SALSA TAMARINDO;RECETON SGP;RECETON;1;AZUCAR RUBIA;KG;0.003000;;
RT0514;TEQUEÑOS EN SALSA TAMARINDO;RECETON SGP;RECETON;1;KETCHUP;KG;0.003000;;
RT0514;TEQUEÑOS EN SALSA TAMARINDO;RECETON SGP;RECETON;1;MAICENA;KG;0.000300;;
RT0514;TEQUEÑOS EN SALSA TAMARINDO;RECETON SGP;RECETON;1;SAL DE COCINA;KG;0.001000;;
RT0514;TEQUEÑOS EN SALSA TAMARINDO;RECETON SGP;RECETON;1;TEQUEÑOS DE LOMITO 20 G CONGELADO;UND;3.000000;;
RT0514;TEQUEÑOS EN SALSA TAMARINDO;RECETON SGP;RECETON;1;VINAGRE BLANCO;L;0.004000;;
RT0515;TIRADITO DE PESCADO;RECETON SGP;RECETON;1;AJI LIMO REFRIGERADO;KG;0.001000;;
RT0515;TIRADITO DE PESCADO;RECETON SGP;RECETON;1;CAMOTE AMARILLO REFRIGERADO;KG;0.030000;;
RT0515;TIRADITO DE PESCADO;RECETON SGP;RECETON;1;CHOCLO AMARILLO DESGRANADO CONGELADO;KG;0.010000;;
RT0515;TIRADITO DE PESCADO;RECETON SGP;RECETON;1;CULANTRO REFRIGERADO;KG;0.002000;;
RT0515;TIRADITO DE PESCADO;RECETON SGP;RECETON;1;LECHUGA AMERICANA REFRIGERADO;KG;0.012000;;
RT0515;TIRADITO DE PESCADO;RECETON SGP;RECETON;1;PASTA DE AJO;KG;0.001000;;
RT0515;TIRADITO DE PESCADO;RECETON SGP;RECETON;1;PEZ PERICO FILETE SIN PIEL CONGELADO;KG;0.090000;;
RT0515;TIRADITO DE PESCADO;RECETON SGP;RECETON;1;PIMIENTA NEGRA MOLIDA;KG;0.000120;;
RT0515;TIRADITO DE PESCADO;RECETON SGP;RECETON;1;SAL DE COCINA;KG;0.002000;;
RT0515;TIRADITO DE PESCADO;RECETON SGP;RECETON;1;ZUMO DE LIMON CONGELADO;KG;0.020000;;
RT0516;TOCINO;RECETON SGP;RECETON;1;TOCINO AHUMADO CONGELADO;KG;0.030000;;
RT0517;TOCINO DEL CIELO;RECETON SGP;RECETON;1;AZUCAR RUBIA;KG;0.011660;;
RT0517;TOCINO DEL CIELO;RECETON SGP;RECETON;1;ESCENCIA DE VAINILLA;L;0.000160;;
RT0517;TOCINO DEL CIELO;RECETON SGP;RECETON;1;HUEVO LIQUIDO CONGELADO;KG;0.040000;;
RT0517;TOCINO DEL CIELO;RECETON SGP;RECETON;1;LECHE CONDENSADA LATA;L;0.052660;;
RT0517;TOCINO DEL CIELO;RECETON SGP;RECETON;1;LECHE EVAPORADA;L;0.026660;;
RT0518;TORTA DE CHOCOLATE;RECETON SGP;RECETON;1;ACEITE VEGETAL;L;0.010000;;
RT0518;TORTA DE CHOCOLATE;RECETON SGP;RECETON;1;AGUA PARA RECETA;L;0.000400;;
RT0518;TORTA DE CHOCOLATE;RECETON SGP;RECETON;1;AZUCAR RUBIA;KG;0.025000;;
RT0518;TORTA DE CHOCOLATE;RECETON SGP;RECETON;1;BICARBONATO DE SODIO;KG;0.003300;;
RT0518;TORTA DE CHOCOLATE;RECETON SGP;RECETON;1;CEREZAS MARRASQUINO;KG;0.001000;;
RT0518;TORTA DE CHOCOLATE;RECETON SGP;RECETON;1;COCOA A GRANEL;KG;0.004500;;
RT0518;TORTA DE CHOCOLATE;RECETON SGP;RECETON;1;FUDGE DE CHOCOLATE LT;L;0.025000;;
RT0518;TORTA DE CHOCOLATE;RECETON SGP;RECETON;1;HARINA DE TRIGO ESPECIAL;KG;0.025000;;
RT0518;TORTA DE CHOCOLATE;RECETON SGP;RECETON;1;HUEVO LIQUIDO CONGELADO;KG;0.025000;;
RT0518;TORTA DE CHOCOLATE;RECETON SGP;RECETON;1;JUGO DE NARANJA PASTEURIZADO;L;0.002500;;
RT0518;TORTA DE CHOCOLATE;RECETON SGP;RECETON;1;LECHE EVAPORADA;L;0.001600;;
RT0518;TORTA DE CHOCOLATE;RECETON SGP;RECETON;1;MANJAR BLANCO KG;KG;0.012500;;
RT0518;TORTA DE CHOCOLATE;RECETON SGP;RECETON;1;POLVO DE HORNEAR;KG;0.001000;;
RT0518;TORTA DE CHOCOLATE;RECETON SGP;RECETON;1;SAL DE COCINA;KG;0.000250;;
RT0519;TORTA HELADA I;RECETON SGP;RECETON;1;AGUA PARA RECETA;L;0.020000;;
RT0519;TORTA HELADA I;RECETON SGP;RECETON;1;AZUCAR RUBIA;KG;0.012500;;
RT0519;TORTA HELADA I;RECETON SGP;RECETON;1;DURAZNO EN ALMIBAR;KG;0.018000;;
RT0519;TORTA HELADA I;RECETON SGP;RECETON;1;GELATINA FRESA QUIMTIA;KG;0.008000;;
RT0519;TORTA HELADA I;RECETON SGP;RECETON;1;GELATINA PIÑA QUIMTIA;KG;0.008000;;
RT0519;TORTA HELADA I;RECETON SGP;RECETON;1;HARINA DE TRIGO ESPECIAL;KG;0.010000;;
RT0519;TORTA HELADA I;RECETON SGP;RECETON;1;HUEVO LIQUIDO CONGELADO;KG;0.012000;;
RT0519;TORTA HELADA I;RECETON SGP;RECETON;1;JUGO DE NARANJA PASTEURIZADO;L;0.008000;;
RT0519;TORTA HELADA I;RECETON SGP;RECETON;1;LECHE EVAPORADA;L;0.020500;;
RT0519;TORTA HELADA I;RECETON SGP;RECETON;1;POLVO DE HORNEAR;KG;0.000250;;
RT0520;TORTA SELVA NEGRA;RECETON SGP;RECETON;1;ACEITE VEGETAL;L;0.010000;;
RT0520;TORTA SELVA NEGRA;RECETON SGP;RECETON;1;AGUA PARA RECETA;L;0.000600;;
RT0520;TORTA SELVA NEGRA;RECETON SGP;RECETON;1;AZUCAR RUBIA;KG;0.025000;;
RT0520;TORTA SELVA NEGRA;RECETON SGP;RECETON;1;BICARBONATO DE SODIO;KG;0.000749;;
RT0520;TORTA SELVA NEGRA;RECETON SGP;RECETON;1;CAFE MOLIDO INSTANTANEO KG;KG;0.000120;;
RT0520;TORTA SELVA NEGRA;RECETON SGP;RECETON;1;COBERTURA BITTER NEGRO;KG;0.002500;;
RT0520;TORTA SELVA NEGRA;RECETON SGP;RECETON;1;COCOA A GRANEL;KG;0.004500;;
RT0520;TORTA SELVA NEGRA;RECETON SGP;RECETON;1;CREMA CHANTILLY;L;0.025000;;
RT0520;TORTA SELVA NEGRA;RECETON SGP;RECETON;1;HARINA DE TRIGO ESPECIAL;KG;0.025000;;
RT0520;TORTA SELVA NEGRA;RECETON SGP;RECETON;1;HUEVO LIQUIDO CONGELADO;KG;0.025000;;
RT0520;TORTA SELVA NEGRA;RECETON SGP;RECETON;1;JUGO DE NARANJA PASTEURIZADO;L;0.012500;;
RT0520;TORTA SELVA NEGRA;RECETON SGP;RECETON;1;LECHE EVAPORADA;L;0.001400;;
RT0520;TORTA SELVA NEGRA;RECETON SGP;RECETON;1;POLVO DE HORNEAR;KG;0.001000;;
RT0520;TORTA SELVA NEGRA;RECETON SGP;RECETON;1;SAL DE COCINA;KG;0.000250;;
RT0521;TORTILLA DE ATUN;RECETON SGP;RECETON;1;ACEITE VEGETAL;L;0.002000;;
RT0521;TORTILLA DE ATUN;RECETON SGP;RECETON;1;ATUN EN ACEITE LATA;KG;0.100000;;
RT0521;TORTILLA DE ATUN;RECETON SGP;RECETON;1;CEBOLLA ROJA REFRIGERADO;KG;0.010000;;
RT0521;TORTILLA DE ATUN;RECETON SGP;RECETON;1;CULANTRO REFRIGERADO;KG;0.002000;;
RT0521;TORTILLA DE ATUN;RECETON SGP;RECETON;1;HUEVO LIQUIDO CONGELADO;KG;0.060000;;
RT0521;TORTILLA DE ATUN;RECETON SGP;RECETON;1;MEZCLA LACTEA;L;0.005000;;
RT0521;TORTILLA DE ATUN;RECETON SGP;RECETON;1;OREGANO ENTERO;KG;0.000100;;
RT0521;TORTILLA DE ATUN;RECETON SGP;RECETON;1;PIMIENTA NEGRA MOLIDA;KG;0.000100;;
RT0521;TORTILLA DE ATUN;RECETON SGP;RECETON;1;SAL DE COCINA;KG;0.002000;;
RT0521;TORTILLA DE ATUN;RECETON SGP;RECETON;1;TOMATE CRIOLLO REFRIGERADO;KG;0.012000;;
RT0522;TORTILLA DE VERDURAS ECO;RECETON SGP;RECETON;1;ACEITE VEGETAL;L;0.005000;;
RT0522;TORTILLA DE VERDURAS ECO;RECETON SGP;RECETON;1;CEBOLLA ROJA REFRIGERADO;KG;0.015000;;
RT0522;TORTILLA DE VERDURAS ECO;RECETON SGP;RECETON;1;HUEVO LIQUIDO CONGELADO;KG;0.120000;;
RT0522;TORTILLA DE VERDURAS ECO;RECETON SGP;RECETON;1;OREGANO ENTERO;KG;0.000120;;
RT0522;TORTILLA DE VERDURAS ECO;RECETON SGP;RECETON;1;PIMIENTA NEGRA MOLIDA;KG;0.000120;;
RT0522;TORTILLA DE VERDURAS ECO;RECETON SGP;RECETON;1;PIMIENTO ROJO REFRIGERADO;KG;0.025000;;
RT0522;TORTILLA DE VERDURAS ECO;RECETON SGP;RECETON;1;SAL DE COCINA;KG;0.002000;;
RT0522;TORTILLA DE VERDURAS ECO;RECETON SGP;RECETON;1;VAINITA ENTERO REFRIGERADO;KG;0.020000;;
RT0522;TORTILLA DE VERDURAS ECO;RECETON SGP;RECETON;1;ZANAHORIA REFRIGERADO;KG;0.020000;;
RT0523;TOSTADAS INTEGRALES;RECETON SGP;RECETON;1;AGUA PARA RECETA;L;0.010910;;
RT0523;TOSTADAS INTEGRALES;RECETON SGP;RECETON;1;AZUCAR RUBIA;KG;0.002730;;
RT0523;TOSTADAS INTEGRALES;RECETON SGP;RECETON;1;HARINA DE TRIGO ESPECIAL;KG;0.016000;;
RT0523;TOSTADAS INTEGRALES;RECETON SGP;RECETON;1;LEVADURA INSTANTANEA;KG;0.000020;;
RT0523;TOSTADAS INTEGRALES;RECETON SGP;RECETON;1;MANTECA GRANEL KG;KG;0.001450;;
RT0523;TOSTADAS INTEGRALES;RECETON SGP;RECETON;1;MEJORADOR DE MASA;KG;0.000020;;
RT0523;TOSTADAS INTEGRALES;RECETON SGP;RECETON;1;SAL DE COCINA;KG;0.000020;;
RT0523;TOSTADAS INTEGRALES;RECETON SGP;RECETON;1;SALVADO DE TRIGO;KG;0.004000;;
RT0524;TUNA ROJA;RECETON SGP;RECETON;1;TUNA ROJA REFRIGERADO;KG;0.090000;;
RT0525;TURCAS;RECETON SGP;RECETON;1;AZUCAR IMPALPABLE;KG;0.013890;;
RT0525;TURCAS;RECETON SGP;RECETON;1;GRAJEAS;KG;0.001000;;
RT0525;TURCAS;RECETON SGP;RECETON;1;HARINA DE TRIGO ESPECIAL;KG;0.027780;;
RT0525;TURCAS;RECETON SGP;RECETON;1;HUEVO LIQUIDO CONGELADO;KG;0.006670;;
RT0525;TURCAS;RECETON SGP;RECETON;1;MARGARINA CON SAL REFRIGERADO GRANEL KG;KG;0.016670;;
RT0525;TURCAS;RECETON SGP;RECETON;1;SAL DE COCINA;KG;0.000280;;
RT0526;UVA NEGRA;RECETON SGP;RECETON;1;UVA NEGRA REFRIGERADO;KG;0.150000;;
RT0527;WALLPACHUPE DE GALLINA;RECETON SGP;RECETON;1;AGUA PARA RECETA;L;0.250000;;
RT0527;WALLPACHUPE DE GALLINA;RECETON SGP;RECETON;1;AJINOMOTO;KG;0.001000;;
RT0527;WALLPACHUPE DE GALLINA;RECETON SGP;RECETON;1;ARVEJA PELADA CONGELADO;KG;0.005000;;
RT0527;WALLPACHUPE DE GALLINA;RECETON SGP;RECETON;1;BASE AMARILLA;KG;0.005000;;
RT0527;WALLPACHUPE DE GALLINA;RECETON SGP;RECETON;1;CALDO DE CARNE;KG;0.001000;;
RT0527;WALLPACHUPE DE GALLINA;RECETON SGP;RECETON;1;GALLINA ENTERA CON MENUDENCIA CONGELADO IMPORTADO;KG;0.070000;;
RT0527;WALLPACHUPE DE GALLINA;RECETON SGP;RECETON;1;HABA VERDE PELADO CONGELADO;KG;0.005000;;
RT0527;WALLPACHUPE DE GALLINA;RECETON SGP;RECETON;1;HUEVO ROSADO REFRIGERADO CAJA;KG;0.005000;;
RT0527;WALLPACHUPE DE GALLINA;RECETON SGP;RECETON;1;MEZCLA LACTEA;L;0.005000;;
RT0527;WALLPACHUPE DE GALLINA;RECETON SGP;RECETON;1;PAPA BLANCA REFRIGERADO;KG;0.050000;;
RT0527;WALLPACHUPE DE GALLINA;RECETON SGP;RECETON;1;PEREJIL LIZO REFRIGERADO;KG;0.001000;;
RT0527;WALLPACHUPE DE GALLINA;RECETON SGP;RECETON;1;PIMIENTO ROJO REFRIGERADO;KG;0.010000;;
RT0527;WALLPACHUPE DE GALLINA;RECETON SGP;RECETON;1;QUESO FRESCO REFRIGERADO;KG;0.020000;;
RT0527;WALLPACHUPE DE GALLINA;RECETON SGP;RECETON;1;SAL DE COCINA;KG;0.003000;;
RT0528;ZAPALLITO ITALIANO AL GRATIN;RECETON SGP;RECETON;1;ACEITE VEGETAL;L;0.003000;;
RT0528;ZAPALLITO ITALIANO AL GRATIN;RECETON SGP;RECETON;1;AGUA PARA RECETA;L;0.005000;;
RT0528;ZAPALLITO ITALIANO AL GRATIN;RECETON SGP;RECETON;1;CEBOLLA ROJA REFRIGERADO;KG;0.015000;;
RT0528;ZAPALLITO ITALIANO AL GRATIN;RECETON SGP;RECETON;1;HARINA DE TRIGO ESPECIAL;KG;0.001500;;
RT0528;ZAPALLITO ITALIANO AL GRATIN;RECETON SGP;RECETON;1;LAUREL;KG;0.000120;;
RT0528;ZAPALLITO ITALIANO AL GRATIN;RECETON SGP;RECETON;1;LECHE EVAPORADA;L;0.008000;;
RT0528;ZAPALLITO ITALIANO AL GRATIN;RECETON SGP;RECETON;1;MARGARINA CON SAL REFRIGERADO GRANEL KG;KG;0.005000;;
RT0528;ZAPALLITO ITALIANO AL GRATIN;RECETON SGP;RECETON;1;NUEZ MOSCADA MOLIDA;KG;0.000060;;
RT0528;ZAPALLITO ITALIANO AL GRATIN;RECETON SGP;RECETON;1;OREGANO ENTERO;KG;0.000060;;
RT0528;ZAPALLITO ITALIANO AL GRATIN;RECETON SGP;RECETON;1;PASTA DE AJO;KG;0.001000;;
RT0528;ZAPALLITO ITALIANO AL GRATIN;RECETON SGP;RECETON;1;PIMIENTA NEGRA MOLIDA;KG;0.000120;;
RT0528;ZAPALLITO ITALIANO AL GRATIN;RECETON SGP;RECETON;1;QUESO MOZARELLA CONGELADO;KG;0.010000;;
RT0528;ZAPALLITO ITALIANO AL GRATIN;RECETON SGP;RECETON;1;QUESO PARMESANO REFRIGERADO;KG;0.001000;;
RT0528;ZAPALLITO ITALIANO AL GRATIN;RECETON SGP;RECETON;1;RES CARNE MOLIDA CONGELADO;KG;0.030000;;
RT0528;ZAPALLITO ITALIANO AL GRATIN;RECETON SGP;RECETON;1;SAL DE COCINA;KG;0.002000;;
RT0528;ZAPALLITO ITALIANO AL GRATIN;RECETON SGP;RECETON;1;ZAPALLO ITALIANO REFRIGERADO;KG;0.100000;;
RT0529;ZARZA DE PATA;RECETON SGP;RECETON;1;ACEITE VEGETAL;L;0.003000;;
RT0529;ZARZA DE PATA;RECETON SGP;RECETON;1;CEBOLLA ROJA REFRIGERADO;KG;0.040000;;
RT0529;ZARZA DE PATA;RECETON SGP;RECETON;1;CERDO PATA CONGELADO;KG;0.090000;;
RT0529;ZARZA DE PATA;RECETON SGP;RECETON;1;CULANTRO REFRIGERADO;KG;0.002000;;
RT0529;ZARZA DE PATA;RECETON SGP;RECETON;1;LECHUGA AMERICANA REFRIGERADO;KG;0.012000;;
RT0529;ZARZA DE PATA;RECETON SGP;RECETON;1;PAPA BLANCA REFRIGERADO;KG;0.030000;;
RT0529;ZARZA DE PATA;RECETON SGP;RECETON;1;PIMIENTA NEGRA MOLIDA;KG;0.000120;;
RT0529;ZARZA DE PATA;RECETON SGP;RECETON;1;ROCOTO NORMAL REFRIGERADO;KG;0.003000;;
RT0529;ZARZA DE PATA;RECETON SGP;RECETON;1;SAL DE COCINA;KG;0.002000;;
RT0529;ZARZA DE PATA;RECETON SGP;RECETON;1;TOMATE CRIOLLO REFRIGERADO;KG;0.020000;;
RT0529;ZARZA DE PATA;RECETON SGP;RECETON;1;VINAGRE TINTO;L;0.003000;;
RT0529;ZARZA DE PATA;RECETON SGP;RECETON;1;ZUMO DE LIMON CONGELADO;KG;0.003333;;
