;Nombre;Disp. Cont.;Familia;;;Uni.Env;Ult.Precio;Fec.Ult.Comp.
;LECHE CONDENSADA NESTLE 100 GR;Alimentación;ABARROTES;ABARROTES 2DA NECESIDAD;REPOSTERIA;LAT;1.823;20/12/2018
;ATUN TROZOS GLORIA 170 GR;Alimentación;ABARROTES;ABARROTES 2DA NECESIDAD;CONSERVAS;LAT;4.301;09/11/2023
;LECHE CONDENSADA GLORIA 393 GR;Alimentación;ABARROTES;ABARROTES 2DA NECESIDAD;REPOSTERIA;LAT;4.338;17/09/2026
;ATUN TROZOS FLORIDA 140 GR;Alimentación;ABARROTES;ABARROTES 2DA NECESIDAD;CONSERVAS;LAT;3.9;06/06/2024
;COCKTAIL DE FRUTAS FANNY 820 GR;Alimentación;ABARROTES;ABARROTES 2DA NECESIDAD;CONSERVAS;LAT;11.164;12/07/2026
;ATUN TROZOS COMPASS 170 GR;Alimentación;ABARROTES;ABARROTES 2DA NECESIDAD;CONSERVAS;LAT;3.78;09/11/2023
;ACEITE VEGETAL CIELO 5 LT;Alimentación;ABARROTES;ABARROTES 1ERA NECESIDAD;ACEITE;BID;34.12;17/09/2026
;ACEITE AJONJOLI OLIVOS DEL SUR 220 ML PET;Alimentación;ABARROTES;ABARROTES 1ERA NECESIDAD;ACEITE;BOT;14.109;06/02/2026
;ACEITE VEGETAL CIELO 18 LT;Alimentación;ABARROTES;ABARROTES 1ERA NECESIDAD;ACEITE;BLD;119.707683;05/03/2026
;ACEITE DE OLIVA VIRGEN KUSASA 4 LT;Alimentación;ABARROTES;ABARROTES 1ERA NECESIDAD;ACEITE;GLN;61.82;03/07/2019
;ACEITE AJONJOLI OLIVOS DEL SUR 200 ML;Alimentación;ABARROTES;ABARROTES 1ERA NECESIDAD;ACEITE;FCO;12.502;06/04/2019
;ACEITE DE OLIVA VIRGEN OLIVEZA 4 LT;Alimentación;ABARROTES;ABARROTES 1ERA NECESIDAD;ACEITE;GLN;196;23/11/2025
;MANTECA VEGETAL DEL CAMPO 10 KG;Alimentación;REFRIGERADOS;MANTECA                            ;;CAJ;94.28;19/10/2023
;ACEITE AJONJOLI OLIVOS DEL SUR 200 ML PET;Alimentación;ABARROTES;ABARROTES 1ERA NECESIDAD;ACEITE;BOT;14.109;24/02/2025
;HIERBA BUENA;Alimentación;REFRIGERADOS;FRUTAS Y VERDURAS;VERDURAS;KG;6.91;26/09/2026
;ARVEJA VERDE PARTIDA CANTA CLARO BOLSA 500 GR;Alimentación;ABARROTES;ABARROTES 1ERA NECESIDAD;MENESTRAS;BOL;3.3;17/09/2026
;CHUÑO NEGRO SAN JUAN MASIAS (EX BELEN)5 KG;Alimentación;ABARROTES;ABARROTES 1ERA NECESIDAD;HARINAS;BOL;58.76;20/07/2025
;TRIGO PELADO EL PLEBEYO 5 KG;Alimentación;ABARROTES;ABARROTES 1ERA NECESIDAD;MENESTRAS;BOL;17.533;01/07/2018
;FIDEO TORNILLO DON VITTORIO 250/225 GR;Alimentación;ABARROTES;ABARROTES 1ERA NECESIDAD;FIDEOS;PQT;1.3;17/05/2019
;FIDEO CORBATA CHICO DON VITTORIO 250 GR;Alimentación;ABARROTES;ABARROTES 1ERA NECESIDAD;FIDEOS;PQT;1.3;11/06/2019
;FIDEO SPAGUETTI DON VITTORIO 500 GR;Alimentación;ABARROTES;ABARROTES 1ERA NECESIDAD;FIDEOS;PQT;2.75;20/03/2019
;FIDEO CANUTO CHICO NICOLINI 250 GR;Alimentación;ABARROTES;ABARROTES 1ERA NECESIDAD;FIDEOS;PQT;1.078;31/03/2020
;FIDEO SPAGUETTI NICOLINI 500/450 GR;Alimentación;ABARROTES;ABARROTES 1ERA NECESIDAD;FIDEOS;PQT;2.248;15/07/2019
;FIDEO TORNILLO NICOLINI 250 GR;Alimentación;ABARROTES;ABARROTES 1ERA NECESIDAD;FIDEOS;PQT;1.08;11/04/2019
;FIDEO CORBATA GRANDE NICOLINI 250 GR ( 15320 );Alimentación;ABARROTES;ABARROTES 1ERA NECESIDAD;FIDEOS;PQT;1.08;20/03/2019
;FIDEO CODO RAYADO DON VITTORIO 250/225 GR;Alimentación;ABARROTES;ABARROTES 1ERA NECESIDAD;FIDEOS;PQT;1.3;11/06/2019
;FIDEO CANUTO RAYADO DON VITTORIO 250 GR;Alimentación;ABARROTES;ABARROTES 1ERA NECESIDAD;FIDEOS;PQT;1.3;11/06/2019
;FIDEO CANUTO CHICO DON VITTORIO 250/235 GR;Alimentación;ABARROTES;ABARROTES 1ERA NECESIDAD;FIDEOS;PQT;1.34;28/11/2019
;FIDEO SPAGUETTI MOLITALIA 500 GR;Alimentación;ABARROTES;ABARROTES 1ERA NECESIDAD;FIDEOS;PQT;2.632103;17/12/2022
;FIDEO CABELLO DE ANGEL MOLITALIA 250 GR;Alimentación;ABARROTES;ABARROTES 1ERA NECESIDAD;FIDEOS;PQT;1.21;17/09/2026
;FIDEO TORNILLO MOLITALIA 250 GR;Alimentación;ABARROTES;ABARROTES 1ERA NECESIDAD;FIDEOS;PQT;1.404916;15/05/2023
;FIDEO CODO MEDIANO RAYADO MOLITALIA 250 GR;Alimentación;ABARROTES;ABARROTES 1ERA NECESIDAD;FIDEOS;PQT;1.3947;04/05/2023
;ARROZ PAL COMBO TURQUEZA (EXTRA) SACO 49 KG;Alimentación;ABARROTES;ABARROTES 1ERA NECESIDAD;ARROZ;SCO;217.924308;01/12/2024
;FIDEO CARACOL CHICO DON VITTORIO 250 GR;Alimentación;ABARROTES;ABARROTES 1ERA NECESIDAD;FIDEOS;PQT;1.3;17/05/2019
;MORON AMERICANO COSTEÑO 500 GR;Alimentación;ABARROTES;ABARROTES 1ERA NECESIDAD;MENESTRAS;BOL;2.908147;12/08/2020
;ARROZ COSTEÑO EXTRA HOJA REDONDA AÑEJO 50 KG;Alimentación;ABARROTES;ABARROTES 1ERA NECESIDAD;ARROZ;SCO;209.347528;01/10/2026
;PAPA SECA COSTEÑO 500 GR;Alimentación;ABARROTES;ABARROTES 1ERA NECESIDAD;MENESTRAS;BOL;6.779;05/07/2023
;ARVEJA VERDE PARTIDA COSTEÑO 500 GR;Alimentación;ABARROTES;ABARROTES 1ERA NECESIDAD;MENESTRAS;BOL;1.905;06/05/2020
;ARROZ EXTRA NIR DEL NORTE;Alimentación;ABARROTES;ABARROTES 1ERA NECESIDAD;ARROZ;KG;2.99;29/12/2019
;ARROZ EXTRA PARBOILED;Alimentación;ABARROTES;ABARROTES 1ERA NECESIDAD;ARROZ;KG;2.75;29/08/2018
;ARROZ CORRIENTE PARA SOPA;Alimentación;ABARROTES;ABARROTES 1ERA NECESIDAD;ARROZ;KG;2.6;20/12/2018
;ARROZ EXTRA MOLINO ROJO;Alimentación;ABARROTES;ABARROTES 1ERA NECESIDAD;ARROZ;KG;3.343681;18/03/2019
;ARROZ EXTRA VERDI;Alimentación;ABARROTES;ABARROTES 1ERA NECESIDAD;ARROZ;KG;3;27/02/2019
;ARROZ EXTRA D'AMANTE;Alimentación;ABARROTES;ABARROTES 1ERA NECESIDAD;ARROZ;KG;2.960093;10/06/2020
;ARROZ EXTRA D'AMANTE SACO 50 KG;Alimentación;ABARROTES;ABARROTES 1ERA NECESIDAD;ARROZ;SCO;156.88;06/09/2020
;ARROZ COSTEÑO EXTRA NIR SACO 50 KG;Alimentación;ABARROTES;ABARROTES 1ERA NECESIDAD;ARROZ;SCO;211.536066;19/09/2024
;ARROZ EXTRA PARBOILED SACO 50 KG;Alimentación;ABARROTES;ABARROTES 1ERA NECESIDAD;ARROZ;SCO;208.5;05/07/2023
;ARROZ CAMPERO EXTRA SACO 50 KG;Alimentación;ABARROTES;ABARROTES 1ERA NECESIDAD;ARROZ;SCO;232.011;27/05/2023
;ARROZ CORRIENTE PARA SOPA SACO 50 KG;Alimentación;ABARROTES;ABARROTES 1ERA NECESIDAD;ARROZ;SCO;201.607;07/08/2026
;ARROZ EXTRA ESTRELLITA DEL NORTE 50 KG;Alimentación;ABARROTES;ABARROTES 1ERA NECESIDAD;ARROZ;SCO;175;06/06/2021
;KIWICHA AVENA 3 OSITOS 170 GR;Alimentación;ABARROTES;ABARROTES 1ERA NECESIDAD;AVENA;BOL;1.317;27/11/2022
;ACEITE VEGETAL DELEITTE 5 LT;Alimentación;ABARROTES;ABARROTES 1ERA NECESIDAD;ACEITE;BID;47.397;08/01/2022
;ACEITE VEGETAL COCINERO 5 LT;Alimentación;ABARROTES;ABARROTES 1ERA NECESIDAD;ACEITE;BID;31.2;07/12/2018
;ACEITE VEGETAL CIL 5 LT;Alimentación;ABARROTES;ABARROTES 1ERA NECESIDAD;ACEITE;BID;32.77;07/10/2020
;MACA AVENA 3 OSITOS 150 GR;Alimentación;ABARROTES;ABARROTES 1ERA NECESIDAD;AVENA;BOL;1.316;17/09/2026
;AVENA 3 OSITOS 100 GR;Alimentación;ABARROTES;ABARROTES 1ERA NECESIDAD;AVENA;BOL;0.83;21/10/2024
;AVENA 3 OSITOS 110 GR;Alimentación;ABARROTES;ABARROTES 1ERA NECESIDAD;AVENA;BOL;0.83;03/09/2025
;QUINUA AVENA 3 OSITOS 170 GR;Alimentación;ABARROTES;ABARROTES 1ERA NECESIDAD;AVENA;BOL;1.061;30/09/2020
;MACA AVENA 3 OSITOS 170 GR;Alimentación;ABARROTES;ABARROTES 1ERA NECESIDAD;AVENA;BOL;1.316885;12/03/2023
;AVENA 3 OSITOS 135 GR;Alimentación;ABARROTES;ABARROTES 1ERA NECESIDAD;AVENA;BOL;0.658;23/06/2020
;AVENA 3 OSITOS 120 GR;Alimentación;ABARROTES;ABARROTES 1ERA NECESIDAD;AVENA;BOL;0.814992;08/06/2023
;ACHOCOLATADO MILO NESTLE 400 GR;Alimentación;ABARROTES;ABARROTES 2DA NECESIDAD;DESAYUNOS;LAT;12.86;07/12/2018
;AVENA 3 OSITOS 10 KG;Alimentación;ABARROTES;ABARROTES 1ERA NECESIDAD;AVENA;BOL;39.076;17/09/2026
;CAFE MOLIDO STANDAR RISSO GRANEL KG;Alimentación;ABARROTES;ABARROTES 2DA NECESIDAD;DESAYUNOS;KG;48.305;17/09/2026
;PANETON SODEXO CAJA 900 GR;Alimentación;ABARROTES;ABARROTES 2DA NECESIDAD;PANADERIA;UND;9.46;12/12/2021
;PANETON SODEXO CAJA 90 GR;Alimentación;ABARROTES;ABARROTES 2DA NECESIDAD;PANADERIA;CAJ;2.2;15/12/2020
;PANETON DONOFRIO CAJA 880 GR;Alimentación;ABARROTES;ABARROTES 2DA NECESIDAD;PANADERIA;UND;20.355;07/12/2025
;AZUCAR RUBIA PERSONAL TRES ESPADAS 500 UNIDS;Alimentación;ABARROTES;ABARROTES 1ERA NECESIDAD;AZUCAR;BOL;28.5;27/10/2021
;AZUCAR RUBIA PERSONAL TRES ESPADAS 5 GRM (BOLSA 2.5 MILLAR);Alimentación;ABARROTES;ABARROTES 1ERA NECESIDAD;AZUCAR;BOL;88.462273;17/06/2022
;AZUCAR BLANCA PERSONAL TRES ESPADAS 500 UNIDS;Alimentación;ABARROTES;ABARROTES 1ERA NECESIDAD;AZUCAR;BOL;28.5;27/10/2021
;AZUCAR RUBIA PERSONAL ONZA PAQ 1 MILLAR;Alimentación;ABARROTES;ABARROTES 1ERA NECESIDAD;AZUCAR;SCH;42.5;08/10/2021
;CAFE MOLIDO MOKACCINO NESTLE 1 KG;Alimentación;ABARROTES;ABARROTES 2DA NECESIDAD;DESAYUNOS;BOL;104.198;07/11/2025
;AVENA SANTA CATALINA SACO 10 KG;Alimentación;ABARROTES;ABARROTES 1ERA NECESIDAD;AVENA;BOL;34.42;18/02/2020
;CAFE MOLIDO NESCAFE TRADICION NESTLE 500 GR;Alimentación;ABARROTES;ABARROTES 2DA NECESIDAD;DESAYUNOS;BOL;140.355;07/08/2026
;CHOCOLATE PARA TAZA SOL DEL CUSCO 90 GR;Alimentación;ABARROTES;ABARROTES 2DA NECESIDAD;DESAYUNOS;UND;1.25;24/10/2020
;INFUSION MANZANILLA MC COLLINS 100 SOBRES;Alimentación;ABARROTES;ABARROTES 2DA NECESIDAD;DESAYUNOS;CAJ;4.44;07/11/2020
;AZUCAR RUBIA PERSONAL SODEXO PAQ (5 GR) 1 MILLAR;Alimentación;ABARROTES;ABARROTES 1ERA NECESIDAD;AZUCAR;CAJ;29;03/08/2026
;PAN MOLIDO  TAKIS 5 KG;Alimentación;ABARROTES;ABARROTES 2DA NECESIDAD;PANADERIA;BOL;23.22;17/09/2026
;GALLETA CLASICA OREO 36 GR;Alimentación;ABARROTES;ABARROTES 2DA NECESIDAD;GOLOSINAS;PQT;0.79;13/09/2026
;AZUCAR BLANCA;Alimentación;ABARROTES;ABARROTES 1ERA NECESIDAD;AZUCAR;KG;2.655;20/12/2018
;AZUCAR RUBIA;Alimentación;ABARROTES;ABARROTES 1ERA NECESIDAD;AZUCAR;KG;1.818225;24/03/2020
;AZUCAR BLANCA PERSONAL SODEXO PAQ (5 GR)1 MILLAR;Alimentación;ABARROTES;ABARROTES 1ERA NECESIDAD;AZUCAR;BOL;29;17/09/2026
;EDULCORANTE PERSONAL SODEXO 1 GR X MILLAR;Alimentación;ABARROTES;ABARROTES 1ERA NECESIDAD;AZUCAR;PQT;72.5;15/06/2025
;EDULCORANTE STEVIA PERSONAL SODEXO  1 GR X MILLAR;Alimentación;ABARROTES;ABARROTES 1ERA NECESIDAD;AZUCAR;SCH;87.5;21/10/2022
;AZUCAR RUBIA CARTAVIO  5 KG;Alimentación;ABARROTES;ABARROTES 1ERA NECESIDAD;AZUCAR;BOL;23.799641;06/07/2024
;AZUCAR BLANCA SACO 50 KG;Alimentación;ABARROTES;ABARROTES 1ERA NECESIDAD;AZUCAR;SCO;177.63;17/06/2025
;AZUCAR RUBIA SACO 50 KG;Alimentación;ABARROTES;ABARROTES 1ERA NECESIDAD;AZUCAR;SCO;135.816741;01/10/2026
;AJINOMOTO 1 KG;Alimentación;ABARROTES;ABARROTES 2DA NECESIDAD;ESPECERIAS Y FRUTOS;BOL;13.38;29/09/2024
;SALSA DE AJI CASERO TRESA 5 GR;Alimentación;ABARROTES;ABARROTES 2DA NECESIDAD;SALSAS;SCH;0.088;07/11/2022
;FIDEO SPAGUETTI MOLITALIA 450 GR;Alimentación;ABARROTES;ABARROTES 1ERA NECESIDAD;FIDEOS;PQT;2.420072;10/08/2025
;FIDEO SPAGUETTI DEL CIELO 500 GR;Alimentación;ABARROTES;ABARROTES 1ERA NECESIDAD;FIDEOS;PQT;1.564;20/04/2026
;FIDEO CARACOL DEL CIELO 250 GR;Alimentación;ABARROTES;ABARROTES 1ERA NECESIDAD;FIDEOS;PQT;0.78;17/09/2026
;FIDEO CANUTO GRANDE DEL CIELO 250 GR;Alimentación;ABARROTES;ABARROTES 1ERA NECESIDAD;FIDEOS;PQT;0.780056;17/09/2026
;FIDEO CARACOL CHICO MOLITALIA 235 GR;Alimentación;ABARROTES;ABARROTES 1ERA NECESIDAD;FIDEOS;PQT;1.405;24/08/2024
;FIDEO CANUTO MOLITALIA 235 GR;Alimentación;ABARROTES;ABARROTES 1ERA NECESIDAD;FIDEOS;PQT;1.211846;01/01/2025
;FIDEO TORNILLO MOLITALIA 235 GR;Alimentación;ABARROTES;ABARROTES 1ERA NECESIDAD;FIDEOS;PQT;1.210005;27/02/2026
;FIDEO MACARRON MOLITALIA 235 GR;Alimentación;ABARROTES;ABARROTES 1ERA NECESIDAD;FIDEOS;PQT;1.21;18/04/2025
;FIDEO CODO MEDIANO RAYADO MOLITALIA 235 GR;Alimentación;ABARROTES;ABARROTES 1ERA NECESIDAD;FIDEOS;PQT;1.21;16/02/2026
;FIDEO SPAGUETTI MOLITALIA 950 GR;Alimentación;ABARROTES;ABARROTES 1ERA NECESIDAD;FIDEOS;PQT;4.553;17/09/2026
;SALSA SILLAU TRESA 4 LT;Alimentación;ABARROTES;ABARROTES 2DA NECESIDAD;SALSAS;GLN;11;01/10/2021
;BEBIDA REHIDRATANTE FRUTILLA POWERADE 473 ML;Alimentación;BEBIDAS;SIN ALCOHOL;REHIDRATANTES;BOT;1.2;06/09/2023
;FIDEO CANUTO MOLITALIA 250 GR;Alimentación;ABARROTES;ABARROTES 1ERA NECESIDAD;FIDEOS;PQT;1.21;09/04/2026
;FIDEO TORNILLO MOLITALIA 250GR;Alimentación;ABARROTES;ABARROTES 1ERA NECESIDAD;FIDEOS;PQT;1.21;17/09/2026
;FIDEO CODO MEDIANO RAYADO MOLITALIA 250GR;Alimentación;ABARROTES;ABARROTES 1ERA NECESIDAD;FIDEOS;PQT;1.21;02/08/2026
;FIDEO SPAGUETTI MOLITALIA 500GR;Alimentación;ABARROTES;ABARROTES 1ERA NECESIDAD;FIDEOS;PQT;2.396;21/05/2026
;KETCHUP TRESA 4 LT;Alimentación;ABARROTES;ABARROTES 2DA NECESIDAD;SALSAS;BLD;18;14/02/2021
;MOSTAZA TRESA 4 KG;Alimentación;ABARROTES;ABARROTES 2DA NECESIDAD;SALSAS;BLD;16;14/02/2021
;VINAGRE BLANCO TRESA 4 LT;Alimentación;ABARROTES;ABARROTES 2DA NECESIDAD;SALSAS;GLN;7.851701;15/09/2021
;VINAGRE TINTO TRESA 4 LT;Alimentación;ABARROTES;ABARROTES 2DA NECESIDAD;SALSAS;GLN;7.977379;15/09/2021
;SAL DE MESA (MARINA) EMSAL 1 KG;Alimentación;ABARROTES;ABARROTES 2DA NECESIDAD;ESPECERIAS Y FRUTOS;BOL;1.35;07/03/2023
;SALSA INGLESA LEA PEARRINS 290 ML;Alimentación;ABARROTES;ABARROTES 2DA NECESIDAD;SALSAS;FCO;9.68;19/08/2018
;SALSA TAUSI LEE KUN KEE 368 GR;Alimentación;ABARROTES;ABARROTES 2DA NECESIDAD;SALSAS;FCO;12.16;05/09/2018
;GALLETA DULCE CHOCOLATE CHOMP 42/38 GR;Alimentación;ABARROTES;ABARROTES 2DA NECESIDAD;GOLOSINAS;PQT;0.791;13/09/2026
;SALSA OSTION LEE KUN KEE 510/480 GR;Alimentación;ABARROTES;ABARROTES 2DA NECESIDAD;SALSAS;FCO;25.571176;16/08/2023
;SALSA BARBECUE BBQ ORIGINAL HUNT 510 ML;Alimentación;ABARROTES;ABARROTES 2DA NECESIDAD;SALSAS;FCO;7.816;07/11/2019
;MAYONESA ALACENA PERSONAL 10 GR (8CC);Alimentación;ABARROTES;ABARROTES 2DA NECESIDAD;SALSAS;SCH;0.24;29/11/2018
;MANI TOSTADO PELADO TOÑA 1 KG;Alimentación;ABARROTES;ABARROTES 2DA NECESIDAD;ESPECERIAS Y FRUTOS;BOL;17.65;17/09/2026
;MAYONESA HELLMANS PERSONAL 7.6 GR;Alimentación;ABARROTES;ABARROTES 2DA NECESIDAD;SALSAS;SCH;0.202;27/02/2026
;KETCHUP B&D 4 LT;Alimentación;ABARROTES;ABARROTES 2DA NECESIDAD;SALSAS;BLD;16.51;17/09/2026
;MOSTAZA B&D 4 KG;Alimentación;ABARROTES;ABARROTES 2DA NECESIDAD;SALSAS;BLD;15.33;24/09/2026
;SAL PERSONAL SODEXO (0.5GR) 1 MILLAR;Alimentación;ABARROTES;ABARROTES 2DA NECESIDAD;ESPECERIAS Y FRUTOS;PQT;17.5;17/09/2026
;SALSA MENSI KIKKO 350 ML PET;Alimentación;ABARROTES;ABARROTES 2DA NECESIDAD;SALSAS;BOT;6.591759;03/03/2024
;FIDEO CANUTO (PLUMA)  MOLITALIA 250 GR;Alimentación;ABARROTES;ABARROTES 1ERA NECESIDAD;FIDEOS;PQT;1.404;05/07/2023
;FIDEO CARACOL CHICO MOLITALIA 250 GR;Alimentación;ABARROTES;ABARROTES 1ERA NECESIDAD;FIDEOS;PQT;1.055256;30/07/2022
;FIDEO CORBATA MOLITALIA 250 GR;Alimentación;ABARROTES;ABARROTES 1ERA NECESIDAD;FIDEOS;PQT;0.852929;11/04/2019
;FIDEO CODO RAYADO MOLITALIA 250 GR;Alimentación;ABARROTES;ABARROTES 1ERA NECESIDAD;FIDEOS;PQT;0.852;17/12/2019
;FIDEO CODO RAYADO NICOLLINI 250 GR;Alimentación;ABARROTES;ABARROTES 1ERA NECESIDAD;FIDEOS;PQT;1.08;11/04/2019
;FIDEO CANUTIN BENOTI 250 GR;Alimentación;ABARROTES;ABARROTES 1ERA NECESIDAD;FIDEOS;PQT;0.573;16/08/2019
;FIDEO CARACOL CHICO BENOTI 250 GR;Alimentación;ABARROTES;ABARROTES 1ERA NECESIDAD;FIDEOS;PQT;0.645;04/06/2021
;FIDEO CODO RAYADO BENOTI 250 GR;Alimentación;ABARROTES;ABARROTES 1ERA NECESIDAD;FIDEOS;PQT;0.573;24/09/2020
;FIDEO CARACOL RAYADO BENOTI 250 GR;Alimentación;ABARROTES;ABARROTES 1ERA NECESIDAD;FIDEOS;PQT;0.59;30/09/2020
;FIDEO CANUTO BENOTI 250 GR;Alimentación;ABARROTES;ABARROTES 1ERA NECESIDAD;FIDEOS;PQT;0.573;17/12/2019
;FIDEO TORNILLO BENOTI 250 GR;Alimentación;ABARROTES;ABARROTES 1ERA NECESIDAD;FIDEOS;PQT;0.573;16/08/2019
;FIDEO SPAGUETTI BENOTI 500 GR;Alimentación;ABARROTES;ABARROTES 1ERA NECESIDAD;FIDEOS;PQT;1.147;16/08/2019
;FIDEO SPAGUETTI BENOTI 10 KG;Alimentación;ABARROTES;ABARROTES 1ERA NECESIDAD;FIDEOS;BOL;23.617;16/06/2020
;FIDEO FETUCCINI C/HUEVO NICOLINI 500 GR;Alimentación;ABARROTES;ABARROTES 1ERA NECESIDAD;FIDEOS;PQT;3.444;28/11/2019
;FIDEO MACARRON MOLITALIA 250 GR;Alimentación;ABARROTES;ABARROTES 1ERA NECESIDAD;FIDEOS;PQT;1.047;27/03/2022
;LEVADURA INSTANTANEA LEVAPAN 500 GR;Alimentación;ABARROTES;ABARROTES 2DA NECESIDAD;REPOSTERIA;BOL;7.437;05/02/2022
;MEJORADOR MASA SUPERPAN LEVAPAN 5 KG;Alimentación;ABARROTES;ABARROTES 2DA NECESIDAD;REPOSTERIA;BOL;23.529;18/01/2020
;COBERTURA BLANCA 500 GR;Alimentación;ABARROTES;ABARROTES 2DA NECESIDAD;REPOSTERIA;CAJ;9.6;30/12/2021
;JUGO DE MANZANA WATTS 200/180 ML;Alimentación;BEBIDAS;SIN ALCOHOL;JUGOS;CAJ;0.846667;30/12/2018
;HARINA ESPECIAL DEL CIELO GRANEL SACO 50 KG;Alimentación;ABARROTES;ABARROTES 1ERA NECESIDAD;HARINAS;SCO;136.78;17/09/2026
;KEKE BIMBOLETES VAINILLA 55 GR;Alimentación;ABARROTES;ABARROTES 2DA NECESIDAD;PASTELERIA;UND;1.19;21/01/2022
;HARINA DE KIWICHA 5 KG - UNIDAD;Alimentación;ABARROTES;ABARROTES 1ERA NECESIDAD;HARINAS;BOL;83.33;23/12/2025
;POLVO DE HORNEAR LEVAPAN 4 KG;Alimentación;ABARROTES;ABARROTES 2DA NECESIDAD;REPOSTERIA;BOL;24.23;28/01/2023
;SEMOLA BENOTI 25 KG;Alimentación;ABARROTES;ABARROTES 1ERA NECESIDAD;HARINAS;BOL;116.53;24/12/2025
;GELATINA DE LIMON UNIVERSAL 5 KG;Alimentación;ABARROTES;ABARROTES 2DA NECESIDAD;REPOSTERIA;BOL;38;10/02/2026
;SEMOLA NICOLINI 10 KG;Alimentación;ABARROTES;ABARROTES 1ERA NECESIDAD;HARINAS;BOL;32.725;08/04/2020
;COLORANTE AMARILLO (HUEVO) LEVAPAN 250 ML;Alimentación;ABARROTES;ABARROTES 2DA NECESIDAD;REPOSTERIA;FCO;7.21;06/02/2021
;AZUCAR IMPALPABLE HONORA (LEVAPAN) 5 KG;Alimentación;ABARROTES;ABARROTES 2DA NECESIDAD;REPOSTERIA;BOL;22.27;02/12/2021
;GELATINA DE FRESA UNIVERSAL 5 KG;Alimentación;ABARROTES;ABARROTES 2DA NECESIDAD;REPOSTERIA;BOL;38;04/01/2026
;GRAJEA DE PANADERIA TOÑA 1 KG;Alimentación;ABARROTES;ABARROTES 2DA NECESIDAD;REPOSTERIA;BOL;8.82;04/09/2026
;PECANA TOÑA 1 KG;Alimentación;ABARROTES;ABARROTES 2DA NECESIDAD;ESPECERIAS Y FRUTOS;BOL;85.29;22/03/2024
;GELATINA DE NARANJA UNIVERSAL 5 KG;Alimentación;ABARROTES;ABARROTES 2DA NECESIDAD;REPOSTERIA;BOL;49.85;01/02/2019
;COLORANTE FRATELLO CAJA 4 FCO;Alimentación;ABARROTES;ABARROTES 2DA NECESIDAD;REPOSTERIA;UND;10.83;05/09/2018
;COCOA LA ABUELITA 160 GR;Alimentación;ABARROTES;ABARROTES 2DA NECESIDAD;DESAYUNOS;BOL;3.231429;15/06/2024
;ESCENCIA DE VAINILLA NEGRITA 1 LT PET;Alimentación;ABARROTES;ABARROTES 2DA NECESIDAD;REPOSTERIA;BOT;8.461362;21/12/2021
;CHUÑO POLVO TOÑA 1 KG;Alimentación;ABARROTES;ABARROTES 1ERA NECESIDAD;HARINAS;BOL;8.47;17/09/2026
;CHUÑO NEGRO MOLIDO SAN JUAN MASIAS (EX BELEN) 5 KG;Alimentación;ABARROTES;ABARROTES 1ERA NECESIDAD;HARINAS;BOL;29.84;02/09/2026
;CHUÑO (INGLES) POLVO SAN JUAN MASIAS 5 KG;Alimentación;ABARROTES;ABARROTES 1ERA NECESIDAD;HARINAS;BOL;41.84;11/10/2025
;HARINA DE KIWICHA 5 KG;Alimentación;ABARROTES;ABARROTES 1ERA NECESIDAD;HARINAS;BOL;83.33;13/09/2026
;MAICENA INGREDION 25 KG;Alimentación;ABARROTES;ABARROTES 1ERA NECESIDAD;HARINAS;BOL;109.03;17/09/2026
;HARINA DE MAIZ INGREDION 25 KG;Alimentación;ABARROTES;ABARROTES 1ERA NECESIDAD;HARINAS;BOL;92.202;24/09/2026
;HARINA DE SOYA SAN JUAN MASIAS 5 KG;Alimentación;ABARROTES;ABARROTES 1ERA NECESIDAD;HARINAS;BOL;44.89;17/09/2026
;HARINA DE MACA SAN JUAN MASIAS (EX BELEN) 5 KG;Alimentación;ABARROTES;ABARROTES 1ERA NECESIDAD;HARINAS;BOL;83.8;17/09/2026
;HARINA DE HABAS 5 KG;Alimentación;ABARROTES;ABARROTES 1ERA NECESIDAD;HARINAS;BOL;60.555151;04/09/2026
;HARINA DE AVENA KUMARA 5 KG;Alimentación;ABARROTES;ABARROTES 1ERA NECESIDAD;HARINAS;BOL;52.25;30/05/2021
;HARINA DE ARVEJA KUMARA 5 KG;Alimentación;ABARROTES;ABARROTES 1ERA NECESIDAD;HARINAS;BOL;48.89;05/05/2024
;HARINA DE CHOCHOCA KUMARA 5 KG;Alimentación;ABARROTES;ABARROTES 1ERA NECESIDAD;HARINAS;BOL;67.78;17/09/2026
;SALVADO DE TRIGO KUMARA 5 KG;Alimentación;ABARROTES;ABARROTES 1ERA NECESIDAD;HARINAS;BOL;40;27/05/2026
;SEMOLA MOLITALIA 25 KG;Alimentación;ABARROTES;ABARROTES 1ERA NECESIDAD;HARINAS;BOL;108.59;09/04/2026
;CHUÑO ENTERO BLANCO TOÑA 1 KG;Alimentación;ABARROTES;ABARROTES 1ERA NECESIDAD;HARINAS;BOL;27.06;08/12/2023
;HARINA ESPECIAL EL MOLINO GRANEL;Alimentación;ABARROTES;ABARROTES 1ERA NECESIDAD;HARINAS;KG;1.688;29/04/2020
;CHUÑO POLVO 4 ESTACIONES 1 KG;Alimentación;ABARROTES;ABARROTES 1ERA NECESIDAD;HARINAS;BOL;7.5;08/09/2024
;CHUÑO ENTERO BLANCO 4 ESTACIONES 1 KG;Alimentación;ABARROTES;ABARROTES 1ERA NECESIDAD;HARINAS;BOL;21.3;17/09/2026
;HARINA ESPECIAL EL MOLINO GRANEL SACO 50 KG;Alimentación;ABARROTES;ABARROTES 1ERA NECESIDAD;HARINAS;SCO;123.19;07/11/2025
;HARINA ESPECIAL ANGELICA GRANEL SACO 50 KG;Alimentación;ABARROTES;ABARROTES 1ERA NECESIDAD;HARINAS;SCO;140.808403;20/05/2022
;HARINA ESPECIAL NICOLINI SUR SACO 50 KG;Alimentación;ABARROTES;ABARROTES 1ERA NECESIDAD;HARINAS;SCO;125;21/07/2020
;HARINA ESPECIAL NICOLINI SACO 50 KG;Alimentación;ABARROTES;ABARROTES 1ERA NECESIDAD;HARINAS;SCO;190.5;24/03/2023
;HARINA DE 7 SEMILLAS LA NUESTRA 820 GR;Alimentación;ABARROTES;ABARROTES 1ERA NECESIDAD;HARINAS;BOL;10.47;13/09/2026
;HARINA ESPECIAL DON ANGELO GRANEL  50 KG;Alimentación;ABARROTES;ABARROTES 1ERA NECESIDAD;HARINAS;SCO;141.459;29/05/2022
;CHUÑO ENTERO NEGRO 4 ESTACIONES 1 KG;Alimentación;ABARROTES;ABARROTES 1ERA NECESIDAD;HARINAS;BOL;21;26/07/2024
;PURE DE PAPAS KNORR 2 KG;Alimentación;ABARROTES;ABARROTES 2DA NECESIDAD;PREPARADOS;BOL;32.384912;12/07/2026
;MEZCLA LACTEA LAIVE CREMOSA EN CAJA 480 GR;Alimentación;ABARROTES;ABARROTES 1ERA NECESIDAD;LECHES;CAJ;3.183;03/11/2023
;LECHE EVAPORADA (CONCENTRADA) LAIVE BOLSITARRO 800 ML;Alimentación;ABARROTES;ABARROTES 1ERA NECESIDAD;LECHES;BOL;5.69;17/09/2026
;MEZCLA LACTEA LAIVE NUTRILAC BOTELLA 390G;Alimentación;ABARROTES;ABARROTES 1ERA NECESIDAD;LECHES;BOT;2.870008;09/10/2025
;MEZCLA LACTEA IDEAL AMANECER 390 GR;Alimentación;ABARROTES;ABARROTES 1ERA NECESIDAD;LECHES;LAT;2.733;15/06/2024
;EVAPORADA LAIVE FAMILIA VITAMINIZADA EN CAJA 500 ML;Alimentación;ABARROTES;ABARROTES 1ERA NECESIDAD;LECHES;CAJ;2.287015;04/06/2021
;LECHE EVAPORADA (CONCENTRADA) LAIVE BOLSITARRO 400 ML;Alimentación;ABARROTES;ABARROTES 1ERA NECESIDAD;LECHES;BOL;2.869221;26/07/2023
;MEZCLA LACTEA VITAMINIZADA LAIVE 160 GR;Alimentación;ABARROTES;ABARROTES 1ERA NECESIDAD;LECHES;CAJ;1.2;25/08/2020
;GALLETA DULCE VAINILLA NABISCO (FIELD) 37 GR;Alimentación;ABARROTES;ABARROTES 2DA NECESIDAD;GOLOSINAS;UND;0.714;07/08/2026
;GALLETA SALADA CLUB SOCIAL NABISCO 26 GR;Alimentación;ABARROTES;ABARROTES 2DA NECESIDAD;GOLOSINAS;PQT;0.473;30/11/2022
;CHOCOLATE RELLENO BON O BON;Alimentación;ABARROTES;ABARROTES 2DA NECESIDAD;GOLOSINAS;UND;0.73;13/09/2026
;GALLETA DULCE VAINILLA TENTACION 45/43 GR;Alimentación;ABARROTES;ABARROTES 2DA NECESIDAD;GOLOSINAS;PQT;0.609106;01/02/2022
;GALLETA DULCE CHOCOLATE TENTACION 45/43 GR;Alimentación;ABARROTES;ABARROTES 2DA NECESIDAD;GOLOSINAS;PQT;0.79;13/09/2026
;GALLETA DULCE CHOCOLATE GLACITAS 32 GR ( 23434);Alimentación;ABARROTES;ABARROTES 2DA NECESIDAD;GOLOSINAS;PQT;0.86;12/06/2026
;BISCOCHO CHOCMAN COSTA 30 GR;Alimentación;ABARROTES;ABARROTES 2DA NECESIDAD;PASTELERIA;UND;0.424;17/05/2022
;CARAMELO CON LOGO SODEXO 100 UNID;Alimentación;ABARROTES;ABARROTES 2DA NECESIDAD;GOLOSINAS;BOL;8.5;18/07/2025
;GALLETA DULCE NARANJA CHOMP 38 GR;Alimentación;ABARROTES;ABARROTES 2DA NECESIDAD;GOLOSINAS;PQT;0.778;12/06/2026
;GALLETA DULCE VAINILLA MARGARITA;Alimentación;ABARROTES;ABARROTES 2DA NECESIDAD;GOLOSINAS;PQT;0.46;12/01/2019
;GALLETA RELLENA FRESA CASINO 51/43 GR;Alimentación;ABARROTES;ABARROTES 2DA NECESIDAD;GOLOSINAS;PQT;0.79;13/09/2026
;GALLETA RELLENA LUCUMA CASINO 51/43 GR;Alimentación;ABARROTES;ABARROTES 2DA NECESIDAD;GOLOSINAS;PQT;0.79;13/09/2026
;GALLETA RELLENA VAINILLA CASINO 51/43 GR;Alimentación;ABARROTES;ABARROTES 2DA NECESIDAD;GOLOSINAS;PQT;0.79;21/05/2026
;PAPA SECA VALLE NORTE 500 GR;Alimentación;ABARROTES;ABARROTES 1ERA NECESIDAD;MENESTRAS;BOL;5.949;02/09/2026
;LENTEJA CRIMSON CANTA CLARO 5 KG;Alimentación;ABARROTES;ABARROTES 1ERA NECESIDAD;MENESTRAS;BOL;30.82661;17/09/2026
;TRIGO PELADO CANTA CLARO 5 KG - UNIDAD;Alimentación;ABARROTES;ABARROTES 1ERA NECESIDAD;MENESTRAS;BOL;27.12;23/12/2025
;PALLAR COSECHA ANDINA 5 KG;Alimentación;ABARROTES;ABARROTES 1ERA NECESIDAD;MENESTRAS;BOL;54.570713;17/09/2026
;MAIZ MOTE MOLINOS DEL SOL 5 KG;Alimentación;ABARROTES;ABARROTES 1ERA NECESIDAD;MENESTRAS;BOL;68.24;17/09/2026
;GALLETA DULCE NARANJA TENTACION 45/43 GR;Alimentación;ABARROTES;ABARROTES 2DA NECESIDAD;GOLOSINAS;PQT;0.45;29/11/2018
;CANCHA FRITA TOÑA 1 KG;Alimentación;ABARROTES;ABARROTES 2DA NECESIDAD;SNACKS;BOL;17.06;17/09/2026
;CHOCOLATE STICK SUBLIME 14 GR;Alimentación;ABARROTES;ABARROTES 2DA NECESIDAD;GOLOSINAS;UND;0.686;03/08/2019
;GALLETA DULCE FRESA GLACITAS 32 GR;Alimentación;ABARROTES;ABARROTES 2DA NECESIDAD;GOLOSINAS;PQT;0.86;21/05/2026
;GALLETA RELLENA ALFAJOR CASINO  51 GR;Alimentación;ABARROTES;ABARROTES 2DA NECESIDAD;GOLOSINAS;PQT;0.56;28/02/2019
;GALLETA DULCE TOFFE GLACITAS 32 GR;Alimentación;ABARROTES;ABARROTES 2DA NECESIDAD;GOLOSINAS;PQT;0.86;02/09/2026
;GALLETA DULCE CHOCONIEVE GLACITAS 32 GR (23444);Alimentación;ABARROTES;ABARROTES 2DA NECESIDAD;GOLOSINAS;PQT;0.55;07/12/2018
;GALLETA DE AGUA COSTA LIGHT (LINE) 44 GR;Alimentación;ABARROTES;ABARROTES 2DA NECESIDAD;GOLOSINAS;PQT;0.43;05/02/2022
;GALLETA INTEGRAL CLUB SOCIAL NABISCO 26 GR;Alimentación;ABARROTES;ABARROTES 2DA NECESIDAD;GOLOSINAS;PQT;0.52;13/03/2021
;CHUPETE CHUPETIN COLORADO (TUTTI FRUTI) AMBROSOLI (24 UNID);Alimentación;ABARROTES;ABARROTES 2DA NECESIDAD;GOLOSINAS;BOL;5.02;15/06/2025
;CARAMELO AMBROSOLI GAJOS DE LIMON 100 UND;Alimentación;ABARROTES;ABARROTES 2DA NECESIDAD;GOLOSINAS;BOL;4.221;18/07/2025
;CARAMELO CHICHA MORADA ARCOR 100 UND;Alimentación;ABARROTES;ABARROTES 2DA NECESIDAD;GOLOSINAS;BOL;7.59;14/05/2025
;MANI SALADO KARINTO 20 GR;Alimentación;ABARROTES;ABARROTES 2DA NECESIDAD;SNACKS;BOL;0.38;28/05/2020
;GALLETA RELLENA COCO CASINO 51/43 GR;Alimentación;ABARROTES;ABARROTES 2DA NECESIDAD;GOLOSINAS;PQT;0.56;28/02/2019
;GALLETA SALADA DE SODA DIA 250 GR;Alimentación;ABARROTES;ABARROTES 2DA NECESIDAD;GOLOSINAS;PQT;1.066;27/11/2020
;GALLETA DULCE VAINILLA DIA 250 GR;Alimentación;ABARROTES;ABARROTES 2DA NECESIDAD;GOLOSINAS;PQT;1.19;17/12/2020
;ARVEJA VERDE 1 KG;Alimentación;REFRIGERADOS;FRUTAS Y VERDURAS;VERDURAS;KG;4.07;29/10/2018
;MORON AMERICANO KOMILON 5 KG;Alimentación;ABARROTES;ABARROTES 1ERA NECESIDAD;MENESTRAS;BOL;30.192447;22/09/2025
;PAPA SECA KOMILON 5 KG;Alimentación;ABARROTES;ABARROTES 1ERA NECESIDAD;MENESTRAS;BOL;28.240647;09/02/2023
;QUINUA KOMILON 5 KG;Alimentación;ABARROTES;ABARROTES 1ERA NECESIDAD;MENESTRAS;BOL;32.96;10/09/2022
;TRIGO MOTE KOMILON 5 KG;Alimentación;ABARROTES;ABARROTES 1ERA NECESIDAD;MENESTRAS;BOL;18.8716;18/02/2022
;ARVEJA VERDE PARTIDA KOMILON 5 KG;Alimentación;ABARROTES;ABARROTES 1ERA NECESIDAD;MENESTRAS;BOL;27.776;08/12/2022
;MAIZ POP CORN KOMILON 5 KG;Alimentación;ABARROTES;ABARROTES 1ERA NECESIDAD;MENESTRAS;BOL;30.589;17/02/2024
;ARVEJA VERDE PARTIDA KOMILON 500 GR;Alimentación;ABARROTES;ABARROTES 1ERA NECESIDAD;MENESTRAS;BOL;3.45;02/11/2025
;QUINUA KOMILON 500 GR;Alimentación;ABARROTES;ABARROTES 1ERA NECESIDAD;MENESTRAS;BOL;4.4;08/06/2023
;QUINUA CANTA CLARO 5 KG;Alimentación;ABARROTES;ABARROTES 1ERA NECESIDAD;MENESTRAS;BOL;60.984632;17/09/2026
;LENTEJA CANTA CLARO 5 KG;Alimentación;ABARROTES;ABARROTES 1ERA NECESIDAD;MENESTRAS;BOL;45;15/06/2024
;TRIGO MOTE CANTA CLARO 5 KG;Alimentación;ABARROTES;ABARROTES 1ERA NECESIDAD;MENESTRAS;BOL;23.73;03/04/2025
;MORON AMERICANO CANTA CLARO 5 KG;Alimentación;ABARROTES;ABARROTES 1ERA NECESIDAD;MENESTRAS;BOL;29.3;17/09/2026
;ARVEJA VERDE PARTIDA CANTA CLARO 5 KG;Alimentación;ABARROTES;ABARROTES 1ERA NECESIDAD;MENESTRAS;BOL;28;23/01/2025
;FRIJOL CANARIO CANTA CLARO 5 KG;Alimentación;ABARROTES;ABARROTES 1ERA NECESIDAD;MENESTRAS;BOL;54;02/09/2026
;MAIZ CANCHA CANTA CLARO 5 KG;Alimentación;ABARROTES;ABARROTES 1ERA NECESIDAD;MENESTRAS;BOL;57.62;17/09/2026
;PAPA SECA CANTA CLARO 5 KG;Alimentación;ABARROTES;ABARROTES 1ERA NECESIDAD;MENESTRAS;BOL;62.71;20/12/2023
;MAIZ MOTE CANTA CLARO 5 KG;Alimentación;ABARROTES;ABARROTES 1ERA NECESIDAD;MENESTRAS;BOL;76.27;07/08/2025
;TRIGO PELADO CANTA CLARO 5 KG;Alimentación;ABARROTES;ABARROTES 1ERA NECESIDAD;MENESTRAS;BOL;29.942685;17/09/2026
;MAIZ POP CORN LA SERRANITA 5 KG;Alimentación;ABARROTES;ABARROTES 1ERA NECESIDAD;MENESTRAS;BOL;16.61;24/05/2020
;PAPA SECA LA SERRANITA 3 KG;Alimentación;ABARROTES;ABARROTES 1ERA NECESIDAD;MENESTRAS;BOL;20.022077;01/05/2019
;TRIGO MOTE LA SERRANITA 5 KG;Alimentación;ABARROTES;ABARROTES 1ERA NECESIDAD;MENESTRAS;BOL;17.734757;20/04/2019
;QUINUA LA SERRANITA 5 KG;Alimentación;ABARROTES;ABARROTES 1ERA NECESIDAD;MENESTRAS;BOL;60.51;22/04/2020
;MORON AMERICANO LA SERRANITA 5 KG;Alimentación;ABARROTES;ABARROTES 1ERA NECESIDAD;MENESTRAS;BOL;18.272072;29/12/2019
;MAIZ CANCHA VALLESOL 5 KG;Alimentación;ABARROTES;ABARROTES 1ERA NECESIDAD;MENESTRAS;BOL;44.49;09/08/2018
;MORON AMERICANO VALLESOL 5 KG;Alimentación;ABARROTES;ABARROTES 1ERA NECESIDAD;MENESTRAS;BOL;17.9;18/10/2018
;PAPA SECA VALLESOL 5 KG;Alimentación;ABARROTES;ABARROTES 1ERA NECESIDAD;MENESTRAS;BOL;23.59;05/09/2018
;QUINUA VALLESOL 5 KG;Alimentación;ABARROTES;ABARROTES 1ERA NECESIDAD;MENESTRAS;BOL;31.13;19/08/2018
;TRIGO MOTE VALLESOL 5 KG;Alimentación;ABARROTES;ABARROTES 1ERA NECESIDAD;MENESTRAS;BOL;18.64;18/10/2018
;TRIGO PELADO VALLESOL 5 KG;Alimentación;ABARROTES;ABARROTES 1ERA NECESIDAD;MENESTRAS;BOL;17.31;24/09/2018
;MAIZ MOTE VALLESOL 5 KG;Alimentación;ABARROTES;ABARROTES 1ERA NECESIDAD;MENESTRAS;BOL;42.372;18/07/2018
;MORON AMERICANO CANTA CLARO 500 GR;Alimentación;ABARROTES;ABARROTES 1ERA NECESIDAD;MENESTRAS;BOL;2.57;16/10/2020
;BOLSAS PAPEL POLIGRASA 50 X 70;Alimentación;DESCARTABLES;PLASTICOS;BOLSAS;RSM;22;04/09/2026
;CUCHARA ACRILICO DESCARTABLE 100 UND;Alimentación;DESCARTABLES;PLASTICOS;CUBIERTOS;PQT;12.69271;12/02/2026
;CUCHARA PARA CAFE BLANCA DE PLASTICO DESCARTABLE 100 UNID;Alimentación;DESCARTABLES;PLASTICOS;CUBIERTOS;PQT;1.95;22/03/2024
;CUCHARA PARA SOPA BLANCA DE PLASTICO DESCARTABLE D841100XX 100 UND;Alimentación;DESCARTABLES;PLASTICOS;CUBIERTOS;PQT;9.9;20/06/2023
;CUCHILLO PARA SEGUNDO BLANCO DE PLASTICO DESCARTABLE 100 UNID;Alimentación;DESCARTABLES;PLASTICOS;CUBIERTOS;PQT;6.673;08/09/2024
;CUCHILLO ACRILICO DESCARTABLE 100 UND;Alimentación;DESCARTABLES;PLASTICOS;CUBIERTOS;PQT;11.449844;12/02/2026
;TENEDOR ACRILICO DESCARTABLE 100 UND;Alimentación;DESCARTABLES;PLASTICOS;CUBIERTOS;PQT;11.997;12/02/2026
;AJI LIMO;Alimentación;REFRIGERADOS;FRUTAS Y VERDURAS;VERDURAS;KG;7.5;04/09/2026
;ALBAHACA;Alimentación;REFRIGERADOS;FRUTAS Y VERDURAS;VERDURAS;KG;5.53;26/09/2026
;APIO;Alimentación;REFRIGERADOS;FRUTAS Y VERDURAS;VERDURAS;KG;3.8;26/09/2026
;CAMOTE AMARILLO;Alimentación;REFRIGERADOS;FRUTAS Y VERDURAS;VERDURAS;KG;2;26/09/2026
;CEBOLLA ROJA;Alimentación;REFRIGERADOS;FRUTAS Y VERDURAS;VERDURAS;KG;3.33;26/09/2026
;CEBOLLA CHINA;Alimentación;REFRIGERADOS;FRUTAS Y VERDURAS;VERDURAS;KG;5.26;26/09/2026
;CHOCLO BLANCO;Alimentación;REFRIGERADOS;FRUTAS Y VERDURAS;VERDURAS;KG;7.74;26/09/2026
;COL;Alimentación;REFRIGERADOS;FRUTAS Y VERDURAS;VERDURAS;KG;2.8;26/09/2026
;CULANTRO;Alimentación;REFRIGERADOS;FRUTAS Y VERDURAS;VERDURAS;KG;5.53;26/09/2026
;KION;Alimentación;REFRIGERADOS;FRUTAS Y VERDURAS;VERDURAS;KG;5.53;26/09/2026
;LECHUGA ORGANICA;Alimentación;REFRIGERADOS;FRUTAS Y VERDURAS;VERDURAS;KG;6.5;19/06/2025
;NABO;Alimentación;REFRIGERADOS;FRUTAS Y VERDURAS;VERDURAS;KG;3.88;23/08/2026
;PAPA BLANCA;Alimentación;REFRIGERADOS;FRUTAS Y VERDURAS;VERDURAS;KG;2.5;26/09/2026
;PEPINILLO;Alimentación;REFRIGERADOS;FRUTAS Y VERDURAS;VERDURAS;KG;3.99;26/09/2026
;PEREJIL;Alimentación;REFRIGERADOS;FRUTAS Y VERDURAS;VERDURAS;KG;5.6;26/09/2026
;PIMIENTO ROJO;Alimentación;REFRIGERADOS;FRUTAS Y VERDURAS;VERDURAS;KG;7.5;26/09/2026
;PORO;Alimentación;REFRIGERADOS;FRUTAS Y VERDURAS;VERDURAS;KG;5.47;26/09/2026
;RABANITO;Alimentación;REFRIGERADOS;FRUTAS Y VERDURAS;VERDURAS;KG;5.71;26/09/2026
;TOMATE;Alimentación;REFRIGERADOS;FRUTAS Y VERDURAS;VERDURAS;KG;4.3;26/09/2026
;ZANAHORIA;Alimentación;REFRIGERADOS;FRUTAS Y VERDURAS;VERDURAS;KG;2.5;26/09/2026
;ZAPALLITO ITALIANO;Alimentación;REFRIGERADOS;FRUTAS Y VERDURAS;VERDURAS;KG;4.84;26/09/2026
;ROCOTO;Alimentación;REFRIGERADOS;FRUTAS Y VERDURAS;VERDURAS;KG;6.5;26/09/2026
;HUACATAY;Alimentación;REFRIGERADOS;FRUTAS Y VERDURAS;VERDURAS;KG;5;26/09/2026
;BERENJENA;Alimentación;REFRIGERADOS;FRUTAS Y VERDURAS;VERDURAS;KG;4.5;15/12/2024
;AJI AMARILLO X KG;Alimentación;REFRIGERADOS;FRUTAS Y VERDURAS;VERDURAS;KG;5.5;26/09/2026
;COL CHINA;Alimentación;REFRIGERADOS;FRUTAS Y VERDURAS;VERDURAS;KG;4.8;26/09/2026
;FIDEO CHINO;Alimentación;REFRIGERADOS;FRUTAS Y VERDURAS;VERDURAS;KG;5.76;26/09/2026
;PAPA AMARILLA;Alimentación;REFRIGERADOS;FRUTAS Y VERDURAS;VERDURAS;KG;6.5;26/09/2026
;HABA VERDE;Alimentación;REFRIGERADOS;FRUTAS Y VERDURAS;VERDURAS;KG;2.7;26/09/2026
;BETERRAGA FRESCA;Alimentación;REFRIGERADOS;FRUTAS Y VERDURAS;VERDURAS;KG;1.93;26/09/2026
;VAINITA FRESCA;Alimentación;REFRIGERADOS;FRUTAS Y VERDURAS;VERDURAS;KG;6.22;16/02/2026
;ESPINACA FRESCA;Alimentación;REFRIGERADOS;FRUTAS Y VERDURAS;VERDURAS;KG;5.33;26/09/2026
;FRIJOL CHINO;Alimentación;REFRIGERADOS;FRUTAS Y VERDURAS;VERDURAS;KG;5.23;26/09/2026
;YUCA;Alimentación;REFRIGERADOS;FRUTAS Y VERDURAS;VERDURAS;KG;2.71;20/12/2018
;OLLUQUITO FRESCO;Alimentación;REFRIGERADOS;FRUTAS Y VERDURAS;VERDURAS;KG;8.5;26/09/2026
;ZAPALLO MACRE;Alimentación;REFRIGERADOS;FRUTAS Y VERDURAS;VERDURAS;KG;2.5;26/09/2026
;CAIHUA * KG;Alimentación;REFRIGERADOS;FRUTAS Y VERDURAS;VERDURAS;KG;5;04/09/2026
;CALABAZA;Alimentación;REFRIGERADOS;FRUTAS Y VERDURAS;VERDURAS;KG;3.59;26/09/2026
;CHINCHO;Alimentación;REFRIGERADOS;FRUTAS Y VERDURAS;VERDURAS;KG;4.8;28/10/2022
;CEBOLLA BLANCA;Alimentación;REFRIGERADOS;FRUTAS Y VERDURAS;VERDURAS;KG;2.85305;01/10/2025
;PLATANO DE ISLA;Alimentación;REFRIGERADOS;FRUTAS Y VERDURAS;FRUTAS;KG;4.2;24/08/2026
;ROCOTO P/ RELLENO;Alimentación;REFRIGERADOS;FRUTAS Y VERDURAS;VERDURAS;UND;1.8;03/09/2026
;PANCA DE CHOCLO;Alimentación;REFRIGERADOS;FRUTAS Y VERDURAS;VERDURAS;KG;3.4;28/02/2020
;PALTA;Alimentación;REFRIGERADOS;FRUTAS Y VERDURAS;VERDURAS;KG;10;26/09/2026
;MELON;Alimentación;REFRIGERADOS;FRUTAS Y VERDURAS;FRUTAS;KG;4.5;04/09/2026
;INFUSION CEDRON 4 ESTACIONES 50 GRM;Alimentación;ABARROTES;ABARROTES 2DA NECESIDAD;DESAYUNOS;BOL;2.8;08/03/2026
;CHOCOLATE PARA TAZA REAL WINTERS 90 GR;Alimentación;ABARROTES;ABARROTES 2DA NECESIDAD;DESAYUNOS;UND;2.31;24/06/2024
;CAFE INSTANTANEO NESCAFE TRADICION STICK 2 GR;Alimentación;ABARROTES;ABARROTES 2DA NECESIDAD;DESAYUNOS;UND;0.27;12/06/2026
;CHOCOLATE PARA TAZA SOL DEL CUSCO 90 GR (EMER);Alimentación;ABARROTES;ABARROTES 2DA NECESIDAD;DESAYUNOS;UND;2.41;01/01/2026
;CHOCOLATE PARA TAZA SOL DEL CUZCO 300 GR (E);Alimentación;ABARROTES;ABARROTES 2DA NECESIDAD;DESAYUNOS;UND;12.5;06/07/2024
;MERMELADA FRESA GLORIA DOYPACK 700 GR;Alimentación;ABARROTES;ABARROTES 2DA NECESIDAD;DESAYUNOS;SCH;6.89;17/09/2026
;COCOA LA ABUELITA 150 GR;Alimentación;ABARROTES;ABARROTES 2DA NECESIDAD;DESAYUNOS;BOL;3.38;18/08/2024
;SIROPE DE MAPLE LAIVE 355 ML;Alimentación;ABARROTES;ABARROTES 2DA NECESIDAD;DESAYUNOS;FCO;5.09;16/02/2026
;COCOA LA ABUELITA WINTERS 150 GR;Alimentación;ABARROTES;ABARROTES 2DA NECESIDAD;DESAYUNOS;BOL;3.38;02/09/2026
;CHOCOLATE PARA TAZA CANELA Y CLAVO WINTERS 80 GR;Alimentación;ABARROTES;ABARROTES 2DA NECESIDAD;DESAYUNOS;UND;1.691;07/08/2026
;CAFE MOLIDO SELLO ROJO 425 GR;Alimentación;ABARROTES;ABARROTES 2DA NECESIDAD;DESAYUNOS;BOL;16.02;23/11/2025
;CAFE MOLIDO SELLO ROJO 850 GR;Alimentación;ABARROTES;ABARROTES 2DA NECESIDAD;DESAYUNOS;BOL;30.65;23/11/2025
;CAFE INSTANTANEO KIRMA NESTLE 180 GR;Alimentación;ABARROTES;ABARROTES 2DA NECESIDAD;DESAYUNOS;UND;18.3694;02/09/2026
;MIEL DE ABEJA KUMARA FOOD 5 KG;Alimentación;ABARROTES;ABARROTES 2DA NECESIDAD;DESAYUNOS;BID;78.23;08/03/2019
;INFUSION TE CANELA Y CLAVO DEL VALLE 100 SOBRES;Alimentación;ABARROTES;ABARROTES 2DA NECESIDAD;DESAYUNOS;CAJ;5.15;02/09/2026
;INFUSION TE PURO DEL VALLE 100 SOBRES;Alimentación;ABARROTES;ABARROTES 2DA NECESIDAD;DESAYUNOS;CAJ;5.15;02/09/2026
;INFUSION MANZANILLA DEL VALLE 100 SOBRES;Alimentación;ABARROTES;ABARROTES 2DA NECESIDAD;DESAYUNOS;CAJ;4.36;02/09/2026
;INFUSION TE BOLDO DEL VALLE 100 SOBRES;Alimentación;ABARROTES;ABARROTES 2DA NECESIDAD;DESAYUNOS;CAJ;6.23;02/09/2026
;INFUSION UÑA DE GATO DEL VALLE 100 SOBRES;Alimentación;ABARROTES;ABARROTES 2DA NECESIDAD;DESAYUNOS;CAJ;6.23;27/02/2026
;INFUSION ANIS DEL VALLE 100 SOBRES;Alimentación;ABARROTES;ABARROTES 2DA NECESIDAD;DESAYUNOS;CAJ;4.36;02/09/2026
;INFUSION HIERBA LUISA DEL VALLE 100 SOBRES;Alimentación;ABARROTES;ABARROTES 2DA NECESIDAD;DESAYUNOS;CAJ;4.36;02/09/2026
;INFUSION MATE DE COCA DEL VALLE 100 SOBRES;Alimentación;ABARROTES;ABARROTES 2DA NECESIDAD;DESAYUNOS;CAJ;6.14;27/05/2021
;CAFE INSTANTANEO NESCAFE CLASICO STICK 2 GR;Alimentación;ABARROTES;ABARROTES 2DA NECESIDAD;DESAYUNOS;UND;0.157;12/08/2020
;CHOCOLATE PARA TAZA CUZCO REAL 90/80 GR;Alimentación;ABARROTES;ABARROTES 2DA NECESIDAD;DESAYUNOS;UND;0.98;08/11/2018
;CAFE TIPO EXTRA SUPERIOR VALENZUELA 1 KG;Alimentación;ABARROTES;ABARROTES 2DA NECESIDAD;DESAYUNOS;KG;12.13;25/07/2019
;MERMELADA FRESA GLORIA  DOYPACK X 900 GR;Alimentación;ABARROTES;ABARROTES 2DA NECESIDAD;DESAYUNOS;SCH;5.672;10/07/2020
;CAFE MOLIDO STANDAR RISSO GRANEL 500 GR;Alimentación;ABARROTES;ABARROTES 2DA NECESIDAD;DESAYUNOS;BOL;24.153;07/12/2025
;CAFE INSTANTANEO KIRMA NESTLE 190 GR;Alimentación;ABARROTES;ABARROTES 2DA NECESIDAD;DESAYUNOS;UND;19.811;09/10/2025
;MERMELADA FRESA TRES ESPADAS 16 GR;Alimentación;ABARROTES;ABARROTES 2DA NECESIDAD;DESAYUNOS;BLI;0.225;04/06/2021
;MERMELADA NARANJA TRES ESPADAS 16 GR;Alimentación;ABARROTES;ABARROTES 2DA NECESIDAD;DESAYUNOS;BLI;0.225;08/07/2021
;MERMELADA SAUCO TRES ESPADAS 16 GR;Alimentación;ABARROTES;ABARROTES 2DA NECESIDAD;DESAYUNOS;BLI;0.248;05/02/2022
;INFUSION ANIS 4 ESTACIONES 50 GRM;Alimentación;ABARROTES;ABARROTES 2DA NECESIDAD;DESAYUNOS;BOL;1.85;02/09/2026
;INFUSION TE NEGRO 4 ESTACIONES 50 GRM;Alimentación;ABARROTES;ABARROTES 2DA NECESIDAD;DESAYUNOS;BOL;1.66;12/06/2026
;INFUSION MANZANILLA 4 ESTACIONES 50 GRM;Alimentación;ABARROTES;ABARROTES 2DA NECESIDAD;DESAYUNOS;BOL;1.77;02/09/2026
;INFUSION HIERBA LUISA 4 ESTACIONES 50 GRM;Alimentación;ABARROTES;ABARROTES 2DA NECESIDAD;DESAYUNOS;BOL;1.84;22/06/2026
;CEREAL BAR CHOCOCEREAL COSTA 18/21 GR;Alimentación;ABARROTES;ABARROTES 2DA NECESIDAD;DESAYUNOS;BAR;0.503;17/12/2022
;CEREAL BAR CHIP COSTA 18/21 GR;Alimentación;ABARROTES;ABARROTES 2DA NECESIDAD;DESAYUNOS;BAR;0.503;17/09/2026
;CEREAL BAR GOLDEN COSTA 21/18 GR;Alimentación;ABARROTES;ABARROTES 2DA NECESIDAD;DESAYUNOS;BAR;0.477;16/07/2022
;CEREAL BAR DURAZNO COSTA 18 GR;Alimentación;ABARROTES;ABARROTES 2DA NECESIDAD;DESAYUNOS;BAR;0.501;17/12/2022
;CEREAL BAR MANZANA CANELA COSTA 18 GR;Alimentación;ABARROTES;ABARROTES 2DA NECESIDAD;DESAYUNOS;BAR;0.363;20/03/2019
;BARRA DE QUINUA PRODUCTOS ANDINOS 40 GR;Alimentación;ABARROTES;ABARROTES 2DA NECESIDAD;DESAYUNOS;UND;0.91;05/11/2023
;CEREAL BAR ARANDANOS COSTA 18 GR;Alimentación;ABARROTES;ABARROTES 2DA NECESIDAD;DESAYUNOS;BAR;0.501;07/01/2023
;BARRA DE QUINUA GRANOLIN 25 GR;Alimentación;ABARROTES;ABARROTES 2DA NECESIDAD;DESAYUNOS;UND;0.84;13/09/2026
;MERMELADA FRESA GLORIA DOYPACK 800 GR;Alimentación;ABARROTES;ABARROTES 2DA NECESIDAD;DESAYUNOS;SCH;6.89;26/05/2024
;CHOCOLATE PARA TAZA TRADICIONAL WINTERS 80 GR;Alimentación;ABARROTES;ABARROTES 2DA NECESIDAD;DESAYUNOS;UND;1.224982;16/08/2023
;MERMELADA FRESA TRES ESPADAS 14 GR;Alimentación;ABARROTES;ABARROTES 2DA NECESIDAD;DESAYUNOS;BLI;0.26;17/09/2026
;MERMELADA NARANJA TRES ESPADAS 14 GR;Alimentación;ABARROTES;ABARROTES 2DA NECESIDAD;DESAYUNOS;BLI;0.27;22/06/2026
;MERMELADA SAUCO TRES ESPADAS 14 GR;Alimentación;ABARROTES;ABARROTES 2DA NECESIDAD;DESAYUNOS;BLI;0.28;15/06/2024
;LIMON VERDE EXTRA;Alimentación;REFRIGERADOS;FRUTAS Y VERDURAS;VERDURAS;KG;4.5;26/09/2026
;MANZANA DELICIA;Alimentación;REFRIGERADOS;FRUTAS Y VERDURAS;FRUTAS;KG;7;12/12/2024
;MANZANA ROJA IMPORTADA;Alimentación;REFRIGERADOS;FRUTAS Y VERDURAS;FRUTAS;KG;7.79;26/09/2026
;MANZANA VERDE IMPORTADA;Alimentación;REFRIGERADOS;FRUTAS Y VERDURAS;FRUTAS;KG;6.16;09/05/2025
;MARACUYA;Alimentación;REFRIGERADOS;FRUTAS Y VERDURAS;FRUTAS;KG;4.24;15/06/2023
;NARANJA PARA MESA;Alimentación;REFRIGERADOS;FRUTAS Y VERDURAS;FRUTAS;KG;5.36;13/09/2026
;NARANJA PARA JUGO;Alimentación;REFRIGERADOS;FRUTAS Y VERDURAS;FRUTAS;KG;2.77;26/09/2026
;PAPAYA;Alimentación;REFRIGERADOS;FRUTAS Y VERDURAS;FRUTAS;KG;4.5;26/09/2026
;PERA PACKHAMS IMPORTADA;Alimentación;REFRIGERADOS;FRUTAS Y VERDURAS;FRUTAS;KG;8.5;26/09/2026
;PIÑA;Alimentación;REFRIGERADOS;FRUTAS Y VERDURAS;FRUTAS;KG;3.33;26/09/2026
;PLATANO DE SEDA;Alimentación;REFRIGERADOS;FRUTAS Y VERDURAS;FRUTAS;KG;5;26/09/2026
;SANDIA;Alimentación;REFRIGERADOS;FRUTAS Y VERDURAS;FRUTAS;KG;3.03;26/09/2026
;UVA NEGRA;Alimentación;REFRIGERADOS;FRUTAS Y VERDURAS;FRUTAS;KG;7.74;26/09/2026
;MEMBRILLO;Alimentación;REFRIGERADOS;FRUTAS Y VERDURAS;FRUTAS;KG;6.5;26/09/2026
;COCONA;Alimentación;REFRIGERADOS;FRUTAS Y VERDURAS;FRUTAS;KG;5.95;09/12/2022
;PLATANO DE FREIR (BELLACO);Alimentación;REFRIGERADOS;FRUTAS Y VERDURAS;FRUTAS;KG;4.2;24/09/2026
;CIRUELA CHILENA;Alimentación;REFRIGERADOS;FRUTAS Y VERDURAS;FRUTAS;KG;8.33;07/03/2025
;GRANADILLA;Alimentación;REFRIGERADOS;FRUTAS Y VERDURAS;FRUTAS;KG;7.5;26/09/2026
;DURAZNO;Alimentación;REFRIGERADOS;FRUTAS Y VERDURAS;FRUTAS;KG;8;24/04/2021
;UVA RED GLOBE;Alimentación;REFRIGERADOS;FRUTAS Y VERDURAS;FRUTAS;KG;5.9;11/02/2019
;MANZANA VERDE PARA JUGO;Alimentación;REFRIGERADOS;FRUTAS Y VERDURAS;FRUTAS;KG;4.17;26/09/2026
;PULPA DE FRESA  CONGELADO;Alimentación;CONGELADOS;FRUTAS Y VERDURAS;PULPAS                             ;KG;8.13245;01/10/2026
;PULPA DE MANGO CONGELADO;Alimentación;CONGELADOS;FRUTAS Y VERDURAS;PULPAS                             ;KG;6.873;12/02/2026
;PULPA DE PIÑA CONGELADO;Alimentación;CONGELADOS;FRUTAS Y VERDURAS;PULPAS                             ;KG;8.05;16/01/2021
;PULPA DE MARACUYA CONGELADO;Alimentación;CONGELADOS;FRUTAS Y VERDURAS;PULPAS                             ;KG;10.302751;03/11/2022
;PULPA DE PAPAYA CONGELADO;Alimentación;CONGELADOS;FRUTAS Y VERDURAS;PULPAS                             ;KG;8.011187;01/10/2026
;TUNAS;Alimentación;REFRIGERADOS;FRUTAS Y VERDURAS;FRUTAS;KG;5;26/09/2026
;CREMA DE CHAMPIÑONES MACROFOODS 1 KG;Alimentación;ABARROTES;ABARROTES 2DA NECESIDAD;PREPARADOS;BOL;18.9;13/08/2026
;PURÉ DE CAMOTE RAM 1 KG;Alimentación;ABARROTES;ABARROTES 2DA NECESIDAD;PREPARADOS;BOL;9.69;29/12/2022
;PURE DE PAPAS KNORR 2 KG- UNIDAD;Alimentación;ABARROTES;ABARROTES 2DA NECESIDAD;PREPARADOS;BOL;31.26;23/12/2025
;PASTA DE AJO CONCENTRADA EMIC 1 KG;Alimentación;ABARROTES;ABARROTES 2DA NECESIDAD;PREPARADOS;BOL;10.9;09/10/2025
;MARINADO PARA POLLO A LA BRASA EMIC 1 KG;Alimentación;ABARROTES;ABARROTES 2DA NECESIDAD;PREPARADOS;BOL;10.5;12/07/2026
;PRE ELABORADO CONSERVA FRIJOL CANARIO 1 KG OLIVEZA;Alimentación;ABARROTES;ABARROTES 2DA NECESIDAD;PREPARADOS;BOL;9.502036;07/12/2025
;PRE ELABORADO CONSERVA FRIJOL PANAMITO 1 KG OLIVEZA;Alimentación;ABARROTES;ABARROTES 2DA NECESIDAD;PREPARADOS;BOL;8.2;09/10/2025
;PRE ELABORADO CONSERVA GARBANZO 1 KG OLIVEZA;Alimentación;ABARROTES;ABARROTES 2DA NECESIDAD;PREPARADOS;BOL;8.2;07/12/2025
;PURE DE PAPA AMARILLA MACROFOOD 1 KG;Alimentación;ABARROTES;ABARROTES 2DA NECESIDAD;PREPARADOS;BOL;16.1;02/09/2026
;PRE ELABORADO CONSERVA FRIJOL CANARIO 1 KG OLIVEZA BOLSA;Alimentación;ABARROTES;ABARROTES 2DA NECESIDAD;PREPARADOS;BOL;9.5;28/12/2025
;PRE ELABORADO CONSERVA GARBANZO 1 KG OLIVEZA BOLSA;Alimentación;ABARROTES;ABARROTES 2DA NECESIDAD;PREPARADOS;BOL;8.2;28/12/2025
;PRE ELABORADO RAM BASE AMARILLA 1 KG;Alimentación;ABARROTES;ABARROTES 2DA NECESIDAD;PREPARADOS;BOL;14.929;30/12/2018
;PRE ELABORADO RAM BASE CRIOLLA 1 KG;Alimentación;ABARROTES;ABARROTES 2DA NECESIDAD;PREPARADOS;BOL;11.753;20/03/2019
;PRE ELABORADO RAM BASE NORTEÑA 1KG;Alimentación;ABARROTES;ABARROTES 2DA NECESIDAD;PREPARADOS;BOL;13.224;12/01/2019
;PRE ELABORADO RAM BASE TOMATE 1 KG;Alimentación;ABARROTES;ABARROTES 2DA NECESIDAD;PREPARADOS;BOL;14.576;20/12/2018
;PRE ELABORADO RAM BASE VERDE 1KG;Alimentación;ABARROTES;ABARROTES 2DA NECESIDAD;PREPARADOS;BOL;15.518;11/04/2019
;PRE ELABORADO RAM BASE NEUTRAL 1 KG;Alimentación;ABARROTES;ABARROTES 2DA NECESIDAD;PREPARADOS;BOL;13.753;30/12/2018
;PRE ELABORADO RAM FRIJOL CANARIO 1 KG;Alimentación;ABARROTES;ABARROTES 2DA NECESIDAD;PREPARADOS;BOL;8.5;06/05/2020
;PRE ELABORADO RAM FRIJOL PANAMITO 1 KG;Alimentación;ABARROTES;ABARROTES 2DA NECESIDAD;PREPARADOS;BOL;7.6;31/07/2020
;PRE ELABORADO RAM LENTEJA 1 KG;Alimentación;ABARROTES;ABARROTES 2DA NECESIDAD;PREPARADOS;BOL;7.59;22/08/2020
;PRE ELABORADO RAM GARBANZO 1 KG;Alimentación;ABARROTES;ABARROTES 2DA NECESIDAD;PREPARADOS;BOL;8.45;22/08/2020
;CREMA DE ESPARRAGOS KNORR 800 GR;Alimentación;ABARROTES;ABARROTES 2DA NECESIDAD;PREPARADOS;BOL;14.945;07/09/2021
;CREMA DE CHOCLO KNORR 800 GR;Alimentación;ABARROTES;ABARROTES 2DA NECESIDAD;PREPARADOS;BOL;14.37;01/06/2019
;CREMA DE CHAMPIGÑONES KNORR 800 GR;Alimentación;ABARROTES;ABARROTES 2DA NECESIDAD;PREPARADOS;BOL;15.916;06/03/2022
;CREMA DE POLLO KNORR 800 GR;Alimentación;ABARROTES;ABARROTES 2DA NECESIDAD;PREPARADOS;BOL;14.37;15/07/2019
;CALDO DE CARNE KNORR SACHET 650 GR;Alimentación;ABARROTES;ABARROTES 2DA NECESIDAD;PREPARADOS;BOL;16.363;21/01/2022
;CALDO SAZONADOR DE POLLO QUIMTIA 1 KG;Alimentación;ABARROTES;ABARROTES 2DA NECESIDAD;PREPARADOS;BOL;11.48;27/01/2019
;CALDO SAZONADOR CON SABOR A CARNE QUIMTIA 1 KG;Alimentación;ABARROTES;ABARROTES 2DA NECESIDAD;PREPARADOS;BOL;11.48;27/01/2019
;TAMAL CRIOLLO 180 G RAM;Alimentación;ABARROTES;ABARROTES 2DA NECESIDAD;PREPARADOS;SCH;3.41;17/09/2026
;CALDO SAZONADOR MAGGI DE GALLINA 940 GR;Alimentación;ABARROTES;ABARROTES 2DA NECESIDAD;PREPARADOS;BOL;19.4;19/06/2019
;TAMAL DE MAIZ 150 GR;Alimentación;ABARROTES;ABARROTES 2DA NECESIDAD;PREPARADOS;PCH;2.482;17/09/2026
;CALDO SAZONADOR DE GALLINA FANNY 1 KG;Alimentación;ABARROTES;ABARROTES 2DA NECESIDAD;PREPARADOS;BOL;13.068;07/03/2020
;CALDO SAZONADOR DE CARNE FANNY 1 KG;Alimentación;ABARROTES;ABARROTES 2DA NECESIDAD;PREPARADOS;BOL;13.068;14/03/2020
;PRE ELABORADO EMIC BASE AMARILLA 1 KG;Alimentación;ABARROTES;ABARROTES 2DA NECESIDAD;PREPARADOS;BOL;16.679;13/09/2026
;PRE ELABORADO EMIC BASE CRIOLLA 1 KG;Alimentación;ABARROTES;ABARROTES 2DA NECESIDAD;PREPARADOS;BOL;12;13/09/2026
;PRE ELABORADO EMIC BASE NEUTRAL 1 KG;Alimentación;ABARROTES;ABARROTES 2DA NECESIDAD;PREPARADOS;BOL;12.5;17/09/2026
;PRE ELABORADO EMIC BASE NORTEÑA 1 KG;Alimentación;ABARROTES;ABARROTES 2DA NECESIDAD;PREPARADOS;BOL;13.4;07/08/2026
;PRE ELABORADO EMIC BASE ORIENTAL 1 KG;Alimentación;ABARROTES;ABARROTES 2DA NECESIDAD;PREPARADOS;BOL;12.8;13/09/2026
;PRE ELABORADO EMIC BASE ROJA (TOMATE) 1 KG;Alimentación;ABARROTES;ABARROTES 2DA NECESIDAD;PREPARADOS;BOL;11.8;07/08/2026
;PRE ELABORADO EMIC BASE VERDE 1 KG;Alimentación;ABARROTES;ABARROTES 2DA NECESIDAD;PREPARADOS;BOL;13.3;13/09/2026
;PASTA DE AJI AMARILLO EMIC 1 KG;Alimentación;ABARROTES;ABARROTES 2DA NECESIDAD;PREPARADOS;BOL;17.841514;13/09/2026
;PASTA DE AJI PANCA EMIC 1 KG;Alimentación;ABARROTES;ABARROTES 2DA NECESIDAD;PREPARADOS;BOL;9.55;04/09/2026
;PASTA DE AJO EMIC  1 KG;Alimentación;ABARROTES;ABARROTES 2DA NECESIDAD;PREPARADOS;BOL;12.2;17/09/2026
;PASTA DE ROCOTO EMIC 1 KG;Alimentación;ABARROTES;ABARROTES 2DA NECESIDAD;PREPARADOS;BOL;14;13/09/2026
;SALSA PESTO (VERDE)  EMIC 1 KG;Alimentación;REFRIGERADOS;OTROS;;BOL;13;24/09/2026
;SALSA BLANCA EMIC 1 KG;Alimentación;REFRIGERADOS;OTROS;;BOL;10.5;24/09/2026
;PRE ELABORADO EMIC BASE AMARILLA S/G 1 KG;Alimentación;ABARROTES;ABARROTES 2DA NECESIDAD;PREPARADOS;BOL;13.4;28/11/2019
;PRE ELABORADO EMIC BASE CRIOLLA S/G 1 KG;Alimentación;ABARROTES;ABARROTES 2DA NECESIDAD;PREPARADOS;BOL;11.2;28/09/2019
;PRE ELABORADO EMIC BASE ROJA (TOMATE) S/G 1 KG;Alimentación;ABARROTES;ABARROTES 2DA NECESIDAD;PREPARADOS;BOL;11.3;11/02/2020
;PRE ELABORADO EMIC BASE VERDE S/G 1 KG;Alimentación;ABARROTES;ABARROTES 2DA NECESIDAD;PREPARADOS;BOL;13;28/11/2019
;PURÉ DE MANZANA RAM 5 KG;Alimentación;ABARROTES;ABARROTES 2DA NECESIDAD;PREPARADOS;BOL;30.59;08/12/2019
;PRE ELABORADO RAM (CONSERVA) FRIJOL CANARIO SIN ADEREZO 1 KG;Alimentación;ABARROTES;ABARROTES 2DA NECESIDAD;PREPARADOS;BOL;8.870894;24/09/2026
;PRE ELABORADO RAM (CONSERVA)FRIJOL PANAMITO SIN ADEREZO 1 KG;Alimentación;ABARROTES;ABARROTES 2DA NECESIDAD;PREPARADOS;BOL;8.583215;10/07/2025
;PRE ELABORADO RAM (CONSERVA)GARBANZO SIN ADEREZO 1 KG;Alimentación;ABARROTES;ABARROTES 2DA NECESIDAD;PREPARADOS;BOL;7.86;24/09/2026
;PRE ELABORADO RAM (CONSERVA) LENTEJA SIN ADEREZO 1 KG;Alimentación;ABARROTES;ABARROTES 2DA NECESIDAD;PREPARADOS;BOL;7.45;17/09/2026
;CALDO CONCENTRADO CARNE MACRO FOOD 1 KG;Alimentación;ABARROTES;ABARROTES 2DA NECESIDAD;PREPARADOS;BOL;17.56;02/09/2026
;CALDO CONCENTRADO GALLINA MACRO FOOD 1 KG;Alimentación;ABARROTES;ABARROTES 2DA NECESIDAD;PREPARADOS;BOL;17.56;17/09/2026
;ARROZ BLANCO COCIDO 3 KG RAM;Alimentación;ABARROTES;ABARROTES 2DA NECESIDAD;PREPARADOS;SCH;19;12/08/2020
;HUEVO ROSADO LA CALERA (EMER);Alimentación;REFRIGERADOS;HUEVO;GALLINA;KG;5.343;23/03/2022
;QUESO MOZARELLA REFRIGERADO;Alimentación;REFRIGERADOS;LACTEOS;QUESOS                             ;KG;26.9;24/12/2025
;QUESO EDAM EN TAJADAS X 500 GR REFRIGERADO;Alimentación;REFRIGERADOS;LACTEOS;QUESOS                             ;PQT;11.84;21/07/2020
;QUESO EDAM EN TAJADAS X 500 GR CONGELADO;Alimentación;CONGELADOS;LACTEOS;QUESOS;PQT;18.11;01/10/2026
;TORTILLA PARA TACOS BIMBO X 12 UNIDS MEDIANO (RAPIDITAS);Alimentación;ABARROTES;ABARROTES 2DA NECESIDAD;PANADERIA;BOL;5.76;24/02/2026
;JUGO DE NARANJA PASTEURIZADO X 3.8 LT;Alimentación;REFRIGERADOS;OTROS;JUGOS FRESCOS;BOT;18;13/09/2026
;ACEITUNA NEGRA SIN PEPA;Alimentación;REFRIGERADOS;OTROS;ACEITUNA;KG;12;12/06/2019
;WAFER CHOCOLATE COSTA NIK 27 GR;Alimentación;ABARROTES;ABARROTES 2DA NECESIDAD;GOLOSINAS;PQT;0.452;03/08/2026
;GALLETA DULCE VAINILLA TENTACION 45 GR;Alimentación;ABARROTES;ABARROTES 2DA NECESIDAD;GOLOSINAS;PQT;0.73;09/11/2023
;GALLETA DE AGUA COSTA LIGHT (LINE) 42 GR;Alimentación;ABARROTES;ABARROTES 2DA NECESIDAD;GOLOSINAS;PQT;0.484;17/09/2026
;CHOCOLATE NEGRO SUBLIME 28 GR;Alimentación;ABARROTES;ABARROTES 2DA NECESIDAD;GOLOSINAS;UND;1.12;15/04/2024
;GALLETA SALADA DE SODA FIELD RECETA ORIGINAL NABISCO 32 GR;Alimentación;ABARROTES;ABARROTES 2DA NECESIDAD;GOLOSINAS;UND;0.54;17/09/2026
;GALLETA GRAN CEREAL FIBRA CACAO COSTA 36 GR;Alimentación;ABARROTES;ABARROTES 2DA NECESIDAD;GOLOSINAS;PQT;0.444;02/11/2025
;GALLETA SALADA CREAM CRAKER 73.5 GR (EMER);Alimentación;ABARROTES;ABARROTES 2DA NECESIDAD;GOLOSINAS;PQT;1.44;18/03/2025
;GALLETA SALADA DE SODA FIELD RECETA ORIGINAL NABISCO 32 GR (EMER);Alimentación;ABARROTES;ABARROTES 2DA NECESIDAD;GOLOSINAS;UND;0.572;14/11/2025
;GALLETA CHOCOCHIPS CHIPS AHOY 37 GR;Alimentación;ABARROTES;ABARROTES 2DA NECESIDAD;GOLOSINAS;PQT;1.07;17/09/2026
;GALLETA SALADA DE SODA FIELD RECETA ORIGINAL NABISCO 34 GR;Alimentación;ABARROTES;ABARROTES 2DA NECESIDAD;GOLOSINAS;PQT;0.442299;14/08/2022
;GALLETA SALADA CREAM CRAKER NABISCO 73.5 GR (E);Alimentación;ABARROTES;ABARROTES 2DA NECESIDAD;GOLOSINAS;PQT;1.410001;27/04/2025
;CHOCOLATE NEGRO SUBLIME 26 GR;Alimentación;ABARROTES;ABARROTES 2DA NECESIDAD;GOLOSINAS;UND;1.4;24/08/2026
;BISCOCHO CHOCMAN COSTA 33.5 GR;Alimentación;ABARROTES;ABARROTES 2DA NECESIDAD;GOLOSINAS;PQT;0.549;24/12/2025
;CHOCOLATE BITTER SUBLIME 38GR (EMER);Alimentación;ABARROTES;ABARROTES 2DA NECESIDAD;GOLOSINAS;UND;3.47;11/06/2026
;CHOCOLATE TRIANGULO NESTLE 30 GR;Alimentación;ABARROTES;ABARROTES 2DA NECESIDAD;GOLOSINAS;UND;1.04;13/10/2022
;MARSHMELLOWS AMBROSOLI SURTIDO 230 GR;Alimentación;ABARROTES;ABARROTES 2DA NECESIDAD;GOLOSINAS;PQT;3.01;03/08/2026
;CARAMELO LIMON AMBROSOLI 100 UND;Alimentación;ABARROTES;ABARROTES 2DA NECESIDAD;GOLOSINAS;PQT;4;19/01/2022
;GALLETA SALADA DE SODA SAYON 250 GR;Alimentación;ABARROTES;ABARROTES 2DA NECESIDAD;GOLOSINAS;PQT;1.488706;30/07/2022
;GALLETA INTEGRALES INTEGRAKERS SALVADO DE TRIGO 30 GR;Alimentación;ABARROTES;ABARROTES 2DA NECESIDAD;GOLOSINAS;PQT;0.56;24/09/2026
;CHOCOLATE NEGRO SUBLIME 30 GR;Alimentación;ABARROTES;ABARROTES 2DA NECESIDAD;GOLOSINAS;UND;1.117502;04/06/2022
;TALCO PARA PIES REXONA 200 GR;Alimentación;KIOSKO;KIOSKO;KIOSKO;FCO;13.05;02/02/2025
;GALLETA DULCE CHOCOLATE MOROCHA 30 GR;Alimentación;ABARROTES;ABARROTES 2DA NECESIDAD;GOLOSINAS;PQT;0.852;18/07/2025
;GALLETA SALADA CREAM CRAKER NABISCO 73.5 GR;Alimentación;ABARROTES;ABARROTES 2DA NECESIDAD;GOLOSINAS;PQT;1.245515;17/09/2026
;CHOCOLATE CANCUN COSTA 27 GR;Alimentación;ABARROTES;ABARROTES 2DA NECESIDAD;GOLOSINAS;UND;0.391;15/09/2021
;GALLETA SALADA SODA SAN JORGE 40 GR;Alimentación;ABARROTES;ABARROTES 2DA NECESIDAD;GOLOSINAS;PQT;0.564;07/08/2026
;CHOCOLATE RELLENO CAÑONAZO COSTA 22 GR;Alimentación;ABARROTES;ABARROTES 2DA NECESIDAD;GOLOSINAS;UND;0.298;29/11/2018
;GALLETA DULCE CHIN CHIN CHOCOFORMAS 21 GRM;Alimentación;ABARROTES;ABARROTES 2DA NECESIDAD;GOLOSINAS;PQT;11.441;08/03/2022
;GALLETA SALADA SODA LINE COSTA 42 GR;Alimentación;ABARROTES;ABARROTES 2DA NECESIDAD;GOLOSINAS;PQT;0.438;06/03/2022
;JAMON INGLES CONGELADO KG;Alimentación;CONGELADOS;EMBUTIDOS;CERDO;KG;23.21;12/10/2019
;JAMONADA DE POLLO CONGELADO KG;Alimentación;CONGELADOS;EMBUTIDOS;POLLO;KG;11.577;01/10/2026
;JAMONADA PARA CAFETIN CONGELADO 500 GR;Alimentación;CONGELADOS;EMBUTIDOS;CERDO;PQT;5.792;30/06/2020
;MORTADELA PARA CAFETIN CONGELADO 500 GR;Alimentación;CONGELADOS;EMBUTIDOS;CERDO;PQT;6.74;22/12/2024
;QUESO MOZARELLA CONGELADO;Alimentación;CONGELADOS;LACTEOS;QUESOS;KG;28.049;10/08/2025
;CHICHARRON DE PRENSA CONGELADO KG;Alimentación;CONGELADOS;EMBUTIDOS;CERDO;KG;17.366;01/10/2026
;TOCINO AHUMADO CONGELADO KG;Alimentación;CONGELADOS;EMBUTIDOS;CERDO;KG;22.31;17/09/2026
;JAMON DEL PAIS CONGELADO KG;Alimentación;CONGELADOS;EMBUTIDOS;CERDO;KG;25.641;08/06/2023
;SALCHICHA HUACHO CONGELADO KG;Alimentación;CONGELADOS;EMBUTIDOS;CERDO;KG;17.578;01/10/2026
;COCKTAIL DE FRUTAS ACONCAGUA 820/822 GR;Alimentación;ABARROTES;ABARROTES 2DA NECESIDAD;CONSERVAS;LAT;11.12;03/08/2026
;PIÑA EN RODAJAS FANNY 567 GR;Alimentación;ABARROTES;ABARROTES 2DA NECESIDAD;CONSERVAS;LAT;6.96;12/07/2026
;CHAMPIGÑONES SANTIS 425 GR;Alimentación;ABARROTES;ABARROTES 2DA NECESIDAD;CONSERVAS;LAT;4.550079;29/11/2023
;DURAZNO EN ALMIBAR COMPASS 822 GR;Alimentación;ABARROTES;ABARROTES 2DA NECESIDAD;CONSERVAS;LAT;8.89;17/06/2022
;ATUN SOLIDO FANNY 170 GR;Alimentación;ABARROTES;ABARROTES 2DA NECESIDAD;CONSERVAS;LAT;3.84;13/11/2022
;DURAZNO EN ALMIBAR DEL CIELO 820 GR;Alimentación;ABARROTES;ABARROTES 2DA NECESIDAD;CONSERVAS;LAT;6.813844;13/01/2025
;ATUN SOLIDO FLORIDA 140 GR;Alimentación;ABARROTES;ABARROTES 2DA NECESIDAD;CONSERVAS;LAT;5.5;03/03/2024
;CHAMPIGÑONES WOKI 425 GR;Alimentación;ABARROTES;ABARROTES 2DA NECESIDAD;CONSERVAS;LAT;4.69;17/09/2026
;ATUN TROZOS GLORIA 140 GR;Alimentación;ABARROTES;ABARROTES 2DA NECESIDAD;CONSERVAS;LAT;4.3;21/10/2024
;CHAMPIGÑONES LATA NIRCISSUS 425 GR;Alimentación;ABARROTES;ABARROTES 2DA NECESIDAD;CONSERVAS;LAT;4.69;22/08/2025
;ATUN TROZOS COMPASS 140 GR;Alimentación;ABARROTES;ABARROTES 2DA NECESIDAD;CONSERVAS;LAT;3.86;24/09/2026
;DURAZNO EN ALMIBAR VALLE NORTE 820 GR;Alimentación;ABARROTES;ABARROTES 2DA NECESIDAD;CONSERVAS;LAT;6.67;24/09/2026
;PIÑA EN RODAJAS  COMPASS 560 GR;Alimentación;ABARROTES;ABARROTES 2DA NECESIDAD;CONSERVAS;LAT;7.2;18/08/2024
;COCKTAIL DE FRUTAS COMPASS 822 GR;Alimentación;ABARROTES;ABARROTES 2DA NECESIDAD;CONSERVAS;LAT;7.38;02/12/2021
;DURAZNO EN ALMIBAR COMPASS 820 GR;Alimentación;ABARROTES;ABARROTES 2DA NECESIDAD;CONSERVAS;LAT;8.814602;01/10/2022
;CEREZA MARRASQUINO ROJO SANTIS 283 GR;Alimentación;ABARROTES;ABARROTES 2DA NECESIDAD;CONSERVAS;FCO;15.420045;12/07/2026
;DURAZNO EN ALMIBAR FANNY 820 GR;Alimentación;ABARROTES;ABARROTES 2DA NECESIDAD;CONSERVAS;LAT;7.42;13/07/2018
;ATUN TROZOS MARINERO 170 GR;Alimentación;ABARROTES;ABARROTES 2DA NECESIDAD;CONSERVAS;LAT;3.78;24/01/2024
;ATUN FILETE COMPASS 170 GR;Alimentación;ABARROTES;ABARROTES 2DA NECESIDAD;CONSERVAS;LAT;3.82;11/11/2021
;CHAMPIGÑONES KAM LAM 425 GR;Alimentación;ABARROTES;ABARROTES 2DA NECESIDAD;CONSERVAS;LAT;3.95;13/12/2020
;ATUN FILETE FLORIDA 170 GR;Alimentación;ABARROTES;ABARROTES 2DA NECESIDAD;CONSERVAS;LAT;4.293;30/07/2022
;DURAZNO EN ALMIBAR VALLENORTE 820 GR;Alimentación;ABARROTES;ABARROTES 2DA NECESIDAD;CONSERVAS;LAT;6.698572;23/09/2023
;HUACATAY MOLIDO  X KG;Alimentación;REFRIGERADOS;OTROS;ESPECERIA;KG;16;22/12/2024
;KION MOLIDO X KG;Alimentación;REFRIGERADOS;OTROS;ESPECERIA;KG;6.73;13/09/2026
;SAL DE MESA MARINA 1 KG;Alimentación;ABARROTES;ABARROTES 2DA NECESIDAD;ESPECERIAS Y FRUTOS;BOL;1.28;30/09/2020
;PAPRIKA TOÑA 500 GR;Alimentación;ABARROTES;ABARROTES 2DA NECESIDAD;ESPECERIAS Y FRUTOS;BOL;10.59;17/09/2026
;SAL DE COCINA SALINA 1 KG;Alimentación;ABARROTES;ABARROTES 2DA NECESIDAD;ESPECERIAS Y FRUTOS;BOL;1.039392;05/07/2023
;SAL DE MESA JJD´MAR 1 KG;Alimentación;ABARROTES;ABARROTES 2DA NECESIDAD;ESPECERIAS Y FRUTOS;BOL;1.07;01/12/2024
;COCKTAIL DE NUECES VALLEALTO X  90 GR;Alimentación;ABARROTES;ABARROTES 2DA NECESIDAD;SNACKS;BOL;5.1;17/09/2026
;PECANA PELADA VALLEALTO X  90 GR;Alimentación;ABARROTES;ABARROTES 2DA NECESIDAD;SNACKS;BOL;11.19;12/07/2026
;SAL DE COCINA JJD'MAR 1 KG;Alimentación;ABARROTES;ABARROTES 2DA NECESIDAD;ESPECERIAS Y FRUTOS;BOL;1.07;15/06/2025
;COCKTAIL CON NUECES VILLA NATURA 80 GR (E);Alimentación;ABARROTES;ABARROTES 2DA NECESIDAD;ESPECERIAS Y FRUTOS;BOL;4.35;24/06/2024
;PECANA PARTIDA TOÑA 1 KG;Alimentación;ABARROTES;ABARROTES 2DA NECESIDAD;ESPECERIAS Y FRUTOS;BOL;79.566;23/11/2025
;SAL LOPESA 1 KG;Alimentación;ABARROTES;ABARROTES 2DA NECESIDAD;ESPECERIAS Y FRUTOS;BOL;0.848;17/09/2026
;AJI PANCA SECO 4 ESTACIONES 1 KG;Alimentación;ABARROTES;ABARROTES 2DA NECESIDAD;ESPECERIAS Y FRUTOS;BOL;21.21;06/04/2019
;AJONJOLI 4 ESTACIONES 1 KG;Alimentación;ABARROTES;ABARROTES 2DA NECESIDAD;ESPECERIAS Y FRUTOS;BOL;17.7;12/07/2026
;ALMENDRAS 4 ESTACIONES 1 KG;Alimentación;ABARROTES;ABARROTES 2DA NECESIDAD;ESPECERIAS Y FRUTOS;BOL;48.42;12/07/2026
;ANIS SECO 4 ESTACIONES 1 KG;Alimentación;ABARROTES;ABARROTES 2DA NECESIDAD;ESPECERIAS Y FRUTOS;BOL;30;07/08/2026
;CANELA CHINA 4 ESTACIONES 1 KG;Alimentación;ABARROTES;ABARROTES 2DA NECESIDAD;ESPECERIAS Y FRUTOS;BOL;32;05/12/2025
;CANELA ENTERA 4 ESTACIONES 1 KG;Alimentación;ABARROTES;ABARROTES 2DA NECESIDAD;ESPECERIAS Y FRUTOS;BOL;90;12/06/2026
;CANELA ENTERA 4 ESTACIONES 500 GR;Alimentación;ABARROTES;ABARROTES 2DA NECESIDAD;ESPECERIAS Y FRUTOS;BOL;45.5;06/07/2024
;CANELA MOLIDA 4 ESTACIONES 1 KG;Alimentación;ABARROTES;ABARROTES 2DA NECESIDAD;ESPECERIAS Y FRUTOS;BOL;87.39;22/06/2026
;CASTAÑAS 4 ESTACIONES 1 KG;Alimentación;ABARROTES;ABARROTES 2DA NECESIDAD;ESPECERIAS Y FRUTOS;BOL;57;12/07/2026
;CLAVO DE OLOR ENTERO 4 ESTACIONES 1 KG;Alimentación;ABARROTES;ABARROTES 2DA NECESIDAD;ESPECERIAS Y FRUTOS;BOL;64.999998;22/06/2026
;COCO RALLADO 4 ESTACIONES 1 KG;Alimentación;ABARROTES;ABARROTES 2DA NECESIDAD;ESPECERIAS Y FRUTOS;BOL;20.5;02/09/2026
;COMINO MOLIDO 4 ESTACIONES 1 KG;Alimentación;ABARROTES;ABARROTES 2DA NECESIDAD;ESPECERIAS Y FRUTOS;BOL;27.5;17/09/2026
;ESTRAGON SECO 4 ESTACIONES 250 GR;Alimentación;ABARROTES;ABARROTES 2DA NECESIDAD;ESPECERIAS Y FRUTOS;BOL;61.64;30/05/2025
;HIGO SECO 4 ESTACIONES 1 KG;Alimentación;REFRIGERADOS;OTROS;FRUTO SECO                         ;BOL;26.5;24/02/2025
;LAUREL 4 ESTACIONES 1 KG;Alimentación;ABARROTES;ABARROTES 2DA NECESIDAD;ESPECERIAS Y FRUTOS;BOL;174.711;17/09/2026
;MANI TOSTADO PELADO 4 ESTACIONES 1 KG;Alimentación;ABARROTES;ABARROTES 2DA NECESIDAD;ESPECERIAS Y FRUTOS;BOL;19.18012;04/08/2023
;NUEZ MOSCADA MOLIDA 4 ESTACIONES 50 GR;Alimentación;ABARROTES;ABARROTES 2DA NECESIDAD;ESPECERIAS Y FRUTOS;BOL;4.998433;01/06/2024
;OREGANO ENTERO 4 ESTACIONES 1 KG;Alimentación;ABARROTES;ABARROTES 2DA NECESIDAD;ESPECERIAS Y FRUTOS;BOL;24.5;17/09/2026
;PALILLO MOLIDO 4 ESTACIONES 1 KG;Alimentación;ABARROTES;ABARROTES 2DA NECESIDAD;ESPECERIAS Y FRUTOS;BOL;18.499867;17/09/2026
;PAPRIKA 4 ESTACIONES 500 GR;Alimentación;ABARROTES;ABARROTES 2DA NECESIDAD;ESPECERIAS Y FRUTOS;BOL;10.4;29/11/2023
;PECANA 4 ESTACIONES 1 KG;Alimentación;ABARROTES;ABARROTES 2DA NECESIDAD;ESPECERIAS Y FRUTOS;BOL;99;17/09/2023
;PIMIENTA NEGRA ENTERA 4 ESTACIONES 1 KG;Alimentación;ABARROTES;ABARROTES 2DA NECESIDAD;ESPECERIAS Y FRUTOS;BOL;50;04/05/2023
;PIMIENTA NEGRA MOLIDA 4 ESTACIONES 1 KG;Alimentación;ABARROTES;ABARROTES 2DA NECESIDAD;ESPECERIAS Y FRUTOS;BOL;48.5;17/09/2026
;ROMERO TIPO PIZZA 4 ESTACIONES 250 GR;Alimentación;ABARROTES;ABARROTES 2DA NECESIDAD;ESPECERIAS Y FRUTOS;BOL;10;02/08/2026
;TOMILLO TIPO PIZZA 4 ESTACIONES 250 GR;Alimentación;ABARROTES;ABARROTES 2DA NECESIDAD;ESPECERIAS Y FRUTOS;BOL;12;12/07/2026
;KION MOLIDO SECO 4 ESTACIONES 250 GR;Alimentación;ABARROTES;ABARROTES 2DA NECESIDAD;ESPECERIAS Y FRUTOS;BOL;7.23;12/06/2026
;SAL FINA LOBOS 1 KG;Alimentación;ABARROTES;ABARROTES 2DA NECESIDAD;ESPECERIAS Y FRUTOS;BOL;0.93;05/02/2022
;NUEZ ENTERA PELADA 4 ESTACIONES 1 KG;Alimentación;ABARROTES;ABARROTES 2DA NECESIDAD;ESPECERIAS Y FRUTOS;BOL;58;12/07/2026
;MIX SALADITO SANTIS 100 GR;Alimentación;ABARROTES;ABARROTES 2DA NECESIDAD;ESPECERIAS Y FRUTOS;BOL;2.683;01/06/2019
;PAPRIKA BADIA 453.6 GRM ( 16 OZ);Alimentación;ABARROTES;ABARROTES 2DA NECESIDAD;ESPECERIAS Y FRUTOS;FCO;31.157;23/03/2024
;MIXTURA DE NUECES SANTIS 100 GR;Alimentación;ABARROTES;ABARROTES 2DA NECESIDAD;ESPECERIAS Y FRUTOS;BOL;3.611;05/07/2023
;CANELA EN POLVO BADIA 453.60 GRM;Alimentación;ABARROTES;ABARROTES 2DA NECESIDAD;ESPECERIAS Y FRUTOS;BOL;21.62;19/03/2020
;CANELA EN POLVO BADIA 1.81 KGR;Alimentación;ABARROTES;ABARROTES 2DA NECESIDAD;ESPECERIAS Y FRUTOS;BOL;63.2;07/02/2020
;EUCALIPTO (HOJAS) 4 ESTACIONES 250 GRM;Alimentación;ABARROTES;ABARROTES 2DA NECESIDAD;ESPECERIAS Y FRUTOS;BOL;12.5;23/10/2025
;PAN BLANCO FAMILIAR BIMBO 750 GR;Alimentación;ABARROTES;ABARROTES 2DA NECESIDAD;PANADERIA;BOL;13.64;22/12/2024
;PURATOS EASY PAN FIBRA 5 KG;Alimentación;ABARROTES;ABARROTES 2DA NECESIDAD;PANADERIA;BOL;47.29;15/06/2025
;PREMEZCLA INVENTIS PAN CIABATTA 10 KG;Alimentación;ABARROTES;ABARROTES 2DA NECESIDAD;PANADERIA;BOL;87.67;22/06/2026
;PANETON MINI GLORIA BOLSA 80 GR;Alimentación;ABARROTES;ABARROTES 2DA NECESIDAD;PANADERIA;BOL;1.644;07/12/2025
;PANETON PACK CAJA TODINNO 900 GR + TODINNITO 85 GR;Alimentación;ABARROTES;ABARROTES 2DA NECESIDAD;PANADERIA;CAJ;23.237;07/12/2024
;PANETON GLORIA CAJA  X 900 GR;Alimentación;ABARROTES;ABARROTES 2DA NECESIDAD;PANADERIA;UND;19.84;22/12/2024
;PANETON (PANETONCITO) DONOFRIO BOLSA 80 GR;Alimentación;ABARROTES;ABARROTES 2DA NECESIDAD;PANADERIA;UND;2.635;07/12/2025
;PAN BLANCO XL EXTRA GRANDE BIMBO 770 GR;Alimentación;ABARROTES;ABARROTES 2DA NECESIDAD;PANADERIA;BOL;10.23;13/09/2026
;PURATOS EASY CIABATTA 10 KG;Alimentación;ABARROTES;ABARROTES 2DA NECESIDAD;PANADERIA;BOL;122.21;20/12/2018
;PANETON EN BOLSA 800 GR COSTA;Alimentación;ABARROTES;ABARROTES 2DA NECESIDAD;PANADERIA;BOL;12.753;17/11/2022
;PANELA GRANULADA 1KG;Alimentación;ABARROTES;ABARROTES 2DA NECESIDAD;PANADERIA;KG;10.2635;14/02/2021
;PURATOS EASY PAN SUAVE 10 KG;Alimentación;ABARROTES;ABARROTES 2DA NECESIDAD;PANADERIA;BOL;48.78;20/12/2018
;PANELA GRANULADA ONZA 1 KG;Alimentación;ABARROTES;ABARROTES 2DA NECESIDAD;PANADERIA;KG;12.75;12/07/2026
;PANETON BARLETTA CAJA 900 GR;Alimentación;ABARROTES;ABARROTES 2DA NECESIDAD;PANADERIA;CAJ;13;21/12/2020
;PANETON GLORIA BOLSA 900 GR;Alimentación;ABARROTES;ABARROTES 2DA NECESIDAD;PANADERIA;BOL;11.16;28/12/2025
;KEKE BIMBOLETE MARMOLEADO 02 UND 70 GR;Alimentación;ABARROTES;ABARROTES 2DA NECESIDAD;PASTELERIA;UND;1.61;07/12/2025
;KEKE BIMBOLETE MARMOLEADO 55 GR;Alimentación;ABARROTES;ABARROTES 2DA NECESIDAD;PASTELERIA;UND;1.3;12/12/2021
;CREMA DE LECHE GLORIA 946 CC;Alimentación;ABARROTES;ABARROTES 1ERA NECESIDAD;LECHES;BOL;18.185;03/08/2026
;FUDGE DE CHOCOLATE BAZO VELARDE 550 GR;Alimentación;ABARROTES;ABARROTES 2DA NECESIDAD;REPOSTERIA;BOT;17.09;12/07/2026
;MANTECA VEGETAL DE PALMA LA FAMOSA 10 KG (EMER);Alimentación;REFRIGERADOS;MANTECA                            ;;UND;61.46;14/12/2019
;PUDIN DE CHOCOLATE UNIVERSAL 100 GR;Alimentación;ABARROTES;ABARROTES 2DA NECESIDAD;REPOSTERIA;BOL;2.791936;15/05/2023
;GELATINA DE NARANJA UNIVERSAL 150 GR/130 GR;Alimentación;ABARROTES;ABARROTES 2DA NECESIDAD;REPOSTERIA;BOL;2.89;01/07/2018
;FLAN DE VAINILLA UNIVERSAL 150 GR;Alimentación;ABARROTES;ABARROTES 2DA NECESIDAD;REPOSTERIA;BOL;3.47356;27/02/2026
;FLAN DE VAINILLA MELOSITA 5 KG;Alimentación;ABARROTES;ABARROTES 2DA NECESIDAD;REPOSTERIA;BOL;42.772;21/04/2024
;COBERTURA BITTER PURATOS 10 KG;Alimentación;REFRIGERADOS;OTROS;REPOSTERIA                         ;CAJ;179.733411;15/03/2022
;CHOCOLATE BLANCO COBERTURA NEGUSA 600 GR;Alimentación;ABARROTES;ABARROTES 2DA NECESIDAD;REPOSTERIA;CAJ;12.19;02/11/2025
;PREMEZCLA INVENTIS BIZCOCHUELO TRES LECHES 5 KG;Alimentación;ABARROTES;ABARROTES 2DA NECESIDAD;REPOSTERIA;BOL;34.11;02/09/2026
;PREMEZCLA INVENTIS CHIFFON 5 KG;Alimentación;ABARROTES;ABARROTES 2DA NECESIDAD;REPOSTERIA;BOL;31.17;02/09/2026
;PREMEZCLA INVENTIS TORTA DE CHOCOLATE INTENSO  10 KG;Alimentación;ABARROTES;ABARROTES 2DA NECESIDAD;REPOSTERIA;SCO;67.7;17/09/2026
;GELATINA SABOR FRESA IFF 1KG;Alimentación;ABARROTES;ABARROTES 2DA NECESIDAD;REPOSTERIA;BOL;37.66;11/04/2022
;GELATINA SABOR NARANJA IFF 1KG;Alimentación;ABARROTES;ABARROTES 2DA NECESIDAD;REPOSTERIA;BOL;37.66;07/04/2022
;GELATINA SABOR PIÑA IFF 1KG;Alimentación;ABARROTES;ABARROTES 2DA NECESIDAD;REPOSTERIA;BOL;37.66;20/05/2022
;ESCENCIA DE VAINILLA UMSHA 1 LT PET;Alimentación;ABARROTES;ABARROTES 2DA NECESIDAD;REPOSTERIA;BOT;10.386947;04/09/2026
;COBERTURA GOTAS BITTER NEGUSA 1 KG;Alimentación;ABARROTES;ABARROTES 2DA NECESIDAD;REPOSTERIA;BOL;13.8;15/06/2023
;AZUCAR IMPALPABLE NEGUSA 1 KG;Alimentación;ABARROTES;ABARROTES 2DA NECESIDAD;REPOSTERIA;BOL;9.549999;04/09/2026
;LEVADURA INSTANTANEA SAF INSTANT DORADA 500 GR;Alimentación;ABARROTES;ABARROTES 2DA NECESIDAD;REPOSTERIA;BOL;7.351444;07/08/2026
;POLVO DE HORNEAR LESAFFRE INVENTIS 5 KG;Alimentación;ABARROTES;ABARROTES 2DA NECESIDAD;REPOSTERIA;BOL;36.78;17/09/2026
;COLORANTE FRATELLO LIQUIDO AMARILLO HUEVO 250 ML;Alimentación;ABARROTES;ABARROTES 2DA NECESIDAD;REPOSTERIA;FCO;14.955;07/12/2025
;PUDIN DE CHOCOLATE ROYAL 110 GR;Alimentación;ABARROTES;ABARROTES 2DA NECESIDAD;REPOSTERIA;BOL;2.06;05/05/2024
;LEVADURA INSTANTANEA MAURIPAN 500 GR (EMER);Alimentación;ABARROTES;ABARROTES 2DA NECESIDAD;REPOSTERIA;BOL;11.894;26/05/2024
;COBERTURA BITTER OBLEAS NEGUSA 1 KG;Alimentación;ABARROTES;ABARROTES 2DA NECESIDAD;REPOSTERIA;BOL;16.22;07/08/2026
;BICARBONATO DE SODIO ELYMAR 250 GR;Alimentación;ABARROTES;ABARROTES 2DA NECESIDAD;REPOSTERIA;BOL;2.51;17/01/2026
;AZUCAR IMPALPABLE NEGUSA 1 KG - UNIDAD;Alimentación;ABARROTES;ABARROTES 2DA NECESIDAD;REPOSTERIA;BOL;9.55;23/12/2025
;LEVADURA INSTANTANEA OKEDO INSTANT 500 GR;Alimentación;ABARROTES;ABARROTES 2DA NECESIDAD;REPOSTERIA;BOL;7.35;18/04/2025
;PUDIN DE CHOCOLATE UNIVERSAL  100 GR;Alimentación;ABARROTES;ABARROTES 2DA NECESIDAD;REPOSTERIA;BOL;2.14;12/06/2026
;ESENCIA DE PANETON FRATELLO 500 CC;Alimentación;ABARROTES;ABARROTES 2DA NECESIDAD;REPOSTERIA;FCO;27.42;07/02/2025
;MEJORADOR DE MASA FLEISCHMAN 5 KG (EMER);Alimentación;ABARROTES;ABARROTES 2DA NECESIDAD;REPOSTERIA;BOL;55.14;18/03/2025
;POLVO DE HORNEAR FLEISCHMAN 5 KG (EMER);Alimentación;ABARROTES;ABARROTES 2DA NECESIDAD;REPOSTERIA;SOB;76.42;18/03/2025
;GELATINA SABOR LIMON MACROFOOD 1KG;Alimentación;ABARROTES;ABARROTES 2DA NECESIDAD;REPOSTERIA;BOL;20.78;20/03/2026
;GELATINA SABOR FRESA MACROFOOD 1KG;Alimentación;ABARROTES;ABARROTES 2DA NECESIDAD;REPOSTERIA;BOL;20.78;04/09/2026
;GELATINA SABOR NARANJA MACROFOOD 1KG;Alimentación;ABARROTES;ABARROTES 2DA NECESIDAD;REPOSTERIA;BOL;20.78;24/08/2026
;GELATINA SABOR PIÑA MACROFOOD 1KG;Alimentación;ABARROTES;ABARROTES 2DA NECESIDAD;REPOSTERIA;BOL;20.78;04/09/2026
;CREMA CHANTIPACK PURATOS 1LT;Alimentación;REFRIGERADOS;OTROS;REPOSTERIA                         ;CAJ;12.721491;15/03/2022
;PURATOS TEGRAL CHIFFON 10 KG;Alimentación;ABARROTES;ABARROTES 2DA NECESIDAD;REPOSTERIA;BOL;64.93;20/12/2018
;COLAPIZ EN POLVO TOÑA 1 KG;Alimentación;ABARROTES;ABARROTES 2DA NECESIDAD;REPOSTERIA;BOL;72.94;06/10/2023
;GUINDONES SIN PEPA TOÑA 250 GR;Alimentación;REFRIGERADOS;OTROS;FRUTO SECO                         ;BOL;8.24;21/05/2026
;FLAN DE CHOCOLATE CEYLAN 5 KG;Alimentación;ABARROTES;ABARROTES 2DA NECESIDAD;REPOSTERIA;BOL;49.53;02/09/2026
;GELATINA SABOR NARANJA QUIMTIA 1KG;Alimentación;ABARROTES;ABARROTES 2DA NECESIDAD;REPOSTERIA;BOL;42;28/12/2025
;GELATINA SABOR PIÑA QUIMTIA 1KG;Alimentación;ABARROTES;ABARROTES 2DA NECESIDAD;REPOSTERIA;BOL;42;24/12/2025
;GELATINA SABOR FRESA QUIMTIA 1KG;Alimentación;ABARROTES;ABARROTES 2DA NECESIDAD;REPOSTERIA;BOL;42;28/12/2025
;DULCERIO TRES LECHES X 1 LT;Alimentación;REFRIGERADOS;OTROS;REPOSTERIA                         ;CAJ;19.34;05/03/2026
;PURATOS T. TORTA DE CHOCOLATE X 10 KG;Alimentación;ABARROTES;ABARROTES 2DA NECESIDAD;REPOSTERIA;SCO;73.91;20/12/2018
;MERENGUE EN POLVO X 5KG;Alimentación;ABARROTES;ABARROTES 2DA NECESIDAD;REPOSTERIA;SCO;59.07;05/11/2025
;AZUCAR IMPALPABLE LA NEGRITA 5 KG;Alimentación;ABARROTES;ABARROTES 2DA NECESIDAD;REPOSTERIA;BOL;36;22/06/2022
;GELATINA DE FRESA UNIVERSAL 150 GR/130 GR;Alimentación;ABARROTES;ABARROTES 2DA NECESIDAD;REPOSTERIA;BOL;1.932;16/07/2018
;MEJORADOR DE MASA MAGIMIX AMARILLO LESAFRE 5 KG;Alimentación;ABARROTES;ABARROTES 2DA NECESIDAD;REPOSTERIA;BOL;26.79;13/09/2026
;LEVADURA INSTANTANEA MAURIPAN 500 GR;Alimentación;ABARROTES;ABARROTES 2DA NECESIDAD;REPOSTERIA;BOL;9.98;01/07/2018
;GELATINA DE FRESA LEAL 5 KG;Alimentación;ABARROTES;ABARROTES 2DA NECESIDAD;REPOSTERIA;BOL;35.47;19/06/2019
;GELATINA DE NARANJA LEAL 5 KG;Alimentación;ABARROTES;ABARROTES 2DA NECESIDAD;REPOSTERIA;BOL;41.19;23/02/2022
;POLVO DE HORNEAR FLEICHMANN 1 KG;Alimentación;ABARROTES;ABARROTES 2DA NECESIDAD;REPOSTERIA;SOB;9.721;01/07/2018
;LECHE CONDENSADA NESTLE 393 GR;Alimentación;ABARROTES;ABARROTES 2DA NECESIDAD;REPOSTERIA;LAT;3.72;10/06/2020
;FLAN DE VAINILLA CEYLAN 5 KG;Alimentación;ABARROTES;ABARROTES 2DA NECESIDAD;REPOSTERIA;BOL;41.86;15/09/2021
;BICARBONATO DE SODIO 4 ESTACIONES 250 GR;Alimentación;ABARROTES;ABARROTES 2DA NECESIDAD;REPOSTERIA;BOL;1.997;16/07/2022
;COLAPIZ EN POLVO 4 ESTACIONES 1 KG;Alimentación;ABARROTES;ABARROTES 2DA NECESIDAD;REPOSTERIA;BOL;47.2;03/08/2026
;COLAPIZ EN POLVO 4 ESTACIONES 250 GR;Alimentación;ABARROTES;ABARROTES 2DA NECESIDAD;REPOSTERIA;BOL;11.84;27/04/2025
;COLAPIZ EN POLVO 4 ESTACIONES 500 GR;Alimentación;ABARROTES;ABARROTES 2DA NECESIDAD;REPOSTERIA;BOL;21.54;24/10/2020
;GRAJEA DE PANADERIA 4 ESTACIONES 1 KG;Alimentación;ABARROTES;ABARROTES 2DA NECESIDAD;REPOSTERIA;BOL;9.5965;04/08/2023
;FLAN DE VAINILLA LEAL 5 KG;Alimentación;ABARROTES;ABARROTES 2DA NECESIDAD;REPOSTERIA;BOL;34.5;19/08/2018
;GELATINA DE PIÑA UNIVERSAL 150 GR/130 GR;Alimentación;ABARROTES;ABARROTES 2DA NECESIDAD;REPOSTERIA;BOL;2.89;20/12/2018
;MEJORADOR DE MASA FLEISCHMANN 5 KGM;Alimentación;ABARROTES;ABARROTES 2DA NECESIDAD;REPOSTERIA;BOL;41.288167;27/09/2018
;COLORANTE FRATELLO LIQUIDO VERDE HOJA 250 ML;Alimentación;ABARROTES;ABARROTES 2DA NECESIDAD;REPOSTERIA;FCO;14.694667;24/12/2025
;COLORANTE FRATELLO LIQUIDO AMARILLO LIMON 250 ML;Alimentación;ABARROTES;ABARROTES 2DA NECESIDAD;REPOSTERIA;FCO;14.955;24/12/2025
;COLORANTE FRATELLO LIQUIDO ROJA BANDERA 250 ML;Alimentación;ABARROTES;ABARROTES 2DA NECESIDAD;REPOSTERIA;FCO;17.351;07/12/2025
;MEJORADOR MASA STARPAN LEVAPAN 5 KG;Alimentación;ABARROTES;ABARROTES 2DA NECESIDAD;REPOSTERIA;BOL;23.529;28/01/2023
;ESCENCIA DE NARANJA SOLUBLE FRATELLO 250 ML PET;Alimentación;ABARROTES;ABARROTES 2DA NECESIDAD;REPOSTERIA;BOT;15.58;22/12/2024
;PURATOS T. TORTA DE CHOCOLATE EXTREMO X 10 KG;Alimentación;ABARROTES;ABARROTES 2DA NECESIDAD;REPOSTERIA;SCO;99.098;05/02/2022
;VINAGRE TINTO FANNY 500 ML;Alimentación;ABARROTES;ABARROTES 2DA NECESIDAD;SALSAS;BOT;1.513;13/08/2020
;VINAGRE BLANCO FANNY 500 ML;Alimentación;ABARROTES;ABARROTES 2DA NECESIDAD;SALSAS;BOT;1.513;13/08/2020
;PASTA DE TOMATE B&D 3.20 KG;Alimentación;ABARROTES;ABARROTES 2DA NECESIDAD;SALSAS;LAT;20.02;20/08/2018
;MAYONESA BASE MACBEL 4 LT  (E);Alimentación;ABARROTES;ABARROTES 2DA NECESIDAD;OTROS                              ;CAJ;36.75;20/04/2019
;SALSA SILLAU TRESA 3.8 LT;Alimentación;ABARROTES;ABARROTES 2DA NECESIDAD;SALSAS;GLN;10.5;02/11/2025
;VINAGRE BLANCO TRESA 3.8 LT;Alimentación;ABARROTES;ABARROTES 2DA NECESIDAD;SALSAS;GLN;8.9;02/09/2026
;VINAGRE TINTO TRESA 3.8 LT;Alimentación;ABARROTES;ABARROTES 2DA NECESIDAD;SALSAS;GLN;8.9;02/09/2026
;PASTA DE TOMATE EMIC 1 KG;Alimentación;ABARROTES;ABARROTES 2DA NECESIDAD;SALSAS;BOL;9.8;28/12/2025
;SALSA DE AJI CASERO TRESA 8/10 GR;Alimentación;ABARROTES;ABARROTES 2DA NECESIDAD;SALSAS;SCH;0.089;17/09/2026
;SALSA OSTION  HADAY X 260 ML;Alimentación;ABARROTES;ABARROTES 2DA NECESIDAD;SALSAS;FCO;5.083;28/11/2025
;SALSA OSTION  HADAY X 260 ML - UNIDAD;Alimentación;ABARROTES;ABARROTES 2DA NECESIDAD;SALSAS;FCO;5.083;17/12/2025
;SALSA OSTION JADE BRIDGE 250 ML;Alimentación;ABARROTES;ABARROTES 2DA NECESIDAD;SALSAS;FCO;6.55;09/09/2024
;SALSA SILLAO LOPESA 5 LT;Alimentación;ABARROTES;ABARROTES 2DA NECESIDAD;SALSAS;GLN;19.07;02/09/2026
;PASTA DE TOMATE MAGGI 1 KG;Alimentación;ABARROTES;ABARROTES 2DA NECESIDAD;SALSAS;SCH;11.99;17/12/2022
;MAYONESA HELLMANS SUAVE 2900 CC;Alimentación;ABARROTES;ABARROTES 2DA NECESIDAD;SALSAS;BOL;26.243;16/07/2023
;SALSA DE AJI TARI 10/8 GR;Alimentación;ABARROTES;ABARROTES 2DA NECESIDAD;SALSAS;SCH;0.309;07/04/2022
;MAYONESA TRESA PERSONAL 10 GR;Alimentación;ABARROTES;ABARROTES 2DA NECESIDAD;SALSAS;SCH;0.127;17/09/2026
;MOSTAZA TRESA PERSONAL 10 GR;Alimentación;ABARROTES;ABARROTES 2DA NECESIDAD;SALSAS;SCH;0.079093;17/09/2026
;KETCHUP TRESA PERSONAL 10 GR;Alimentación;ABARROTES;ABARROTES 2DA NECESIDAD;SALSAS;SCH;0.083;17/09/2026
;SALSA DE AJI SODEXO 5 GR;Alimentación;ABARROTES;ABARROTES 2DA NECESIDAD;SALSAS;SCH;0.129;06/04/2019
;SALSA DE ROCOTO SODEXO 5 GR;Alimentación;ABARROTES;ABARROTES 2DA NECESIDAD;SALSAS;SCH;0.129;20/03/2019
;PASTA DE AJI PANCA RAM 1 KG;Alimentación;ABARROTES;ABARROTES 2DA NECESIDAD;PREPARADOS;BOL;10;20/03/2019
;PASTA DE AJO RAM 1 KG;Alimentación;ABARROTES;ABARROTES 2DA NECESIDAD;PREPARADOS;BOL;13.24;15/07/2019
;PRE ELABORADO RAM BASE ORIENTAL 1 KG;Alimentación;ABARROTES;ABARROTES 2DA NECESIDAD;PREPARADOS;BOL;16.82;18/07/2018
;KETCHUP DERBY 4 LT;Alimentación;ABARROTES;ABARROTES 2DA NECESIDAD;SALSAS;BLD;14.3;11/04/2019
;MOSTAZA DERBY 4 KG;Alimentación;ABARROTES;ABARROTES 2DA NECESIDAD;SALSAS;BLD;10.9;01/05/2019
;VINAGRE BALSAMICO LUREN 5 LT PET;Alimentación;ABARROTES;ABARROTES 2DA NECESIDAD;SALSAS;BID;24.956;07/09/2021
;VINAGRE DE MANZANA OLIVOS DEL SUR 4 LT PET;Alimentación;ABARROTES;ABARROTES 2DA NECESIDAD;SALSAS;BOT;38.73;21/10/2024
;SALSA POMODORO EMIC 1 KG;Alimentación;REFRIGERADOS;OTROS;;BOL;10.5;19/12/2019
;SALSA BBQ LUREN 510 GRM;Alimentación;ABARROTES;ABARROTES 2DA NECESIDAD;SALSAS;FCO;6.9;29/01/2021
;SALSA INGLESA LUREN 295 ML;Alimentación;ABARROTES;ABARROTES 2DA NECESIDAD;SALSAS;FCO;5.6;19/12/2019
;SALSA INGLESA LUREN 295 ML PET;Alimentación;ABARROTES;ABARROTES 2DA NECESIDAD;SALSAS;BOT;5.6;08/01/2025
;MANI SALADO ENGALLETADO KARINTO 100 GR;Alimentación;ABARROTES;ABARROTES 2DA NECESIDAD;SNACKS;BOL;2.3;30/06/2019
;HABAS SALADAS KARINTO 18 GR;Alimentación;ABARROTES;ABARROTES 2DA NECESIDAD;SNACKS;BOL;0.376;21/12/2020
;CHIFLES SALADO KARINTO 34 GR;Alimentación;ABARROTES;ABARROTES 2DA NECESIDAD;SNACKS;UND;1.164;28/03/2026
;PAPAS ONDAS LAYS 140 GR;Alimentación;ABARROTES;ABARROTES 2DA NECESIDAD;SNACKS;BOL;4.179;22/12/2024
;CANCHA CHULPI VILLA NATURA 80 GR;Alimentación;ABARROTES;ABARROTES 2DA NECESIDAD;SNACKS;BOL;3.01;13/03/2024
;CANCHA SALADA PIKADITOS 100 GR;Alimentación;ABARROTES;ABARROTES 2DA NECESIDAD;SNACKS;BOL;3.2;17/09/2026
;PIQUEO SNACK FRITO LAY 190 GR;Alimentación;ABARROTES;ABARROTES 2DA NECESIDAD;SNACKS;BOL;5.516;24/12/2025
;PAPAS ONDAS LAYS 130 GR;Alimentación;ABARROTES;ABARROTES 2DA NECESIDAD;SNACKS;BOL;4.18;12/06/2026
;CHIFLES SALADO KARINTO 28 GR;Alimentación;ABARROTES;ABARROTES 2DA NECESIDAD;SNACKS;UND;1.164;04/09/2026
;MANI SALADO KARINTO 42 GR;Alimentación;ABARROTES;ABARROTES 2DA NECESIDAD;SNACKS;BOL;0.847;18/05/2019
;MANI CON PASAS CARTER 37 GR;Alimentación;ABARROTES;ABARROTES 2DA NECESIDAD;SNACKS;UND;0.847;27/01/2019
;MANI SALADO CARTER 37 GR;Alimentación;ABARROTES;ABARROTES 2DA NECESIDAD;SNACKS;UND;0.682;10/05/2019
;CANCHA SALADA SANTIS 100 GR;Alimentación;ABARROTES;ABARROTES 2DA NECESIDAD;SNACKS;BOL;3.279983;29/06/2025
;PAPAS AL HILO 4 ESTACIONES 500 GR;Alimentación;ABARROTES;ABARROTES 2DA NECESIDAD;SNACKS;BOL;13;28/12/2025
;DORITOS FRITO QUESO FUEGO LAY 43/40 GR;Alimentación;ABARROTES;ABARROTES 2DA NECESIDAD;SNACKS;BOL;0.92;24/09/2018
;MANI CON PASAS CARTER 100 GR;Alimentación;ABARROTES;ABARROTES 2DA NECESIDAD;SNACKS;UND;2.118;08/03/2019
;PAPAS LAYS 36 GR;Alimentación;ABARROTES;ABARROTES 2DA NECESIDAD;SNACKS;BOL;1.559;09/10/2025
;PIQUEO SNACK FRITO LAY 55 GR;Alimentación;ABARROTES;ABARROTES 2DA NECESIDAD;SNACKS;BOL;1.559;18/05/2025
;MAYONESA SCALA EMIC 3.8 KG;Alimentación;ABARROTES;ABARROTES 2DA NECESIDAD;OTROS                              ;BOL;34.58;13/09/2026
;MANTECA VEGETAL SELECTO DE ORO 10 KG;Alimentación;REFRIGERADOS;MANTECA                            ;;CAJ;63;15/05/2021
;PASAS SECAS RUBIAS 4 ESTACIONES 1 KG;Alimentación;REFRIGERADOS;OTROS;FRUTO SECO                         ;BOL;30;15/12/2025
;MAYONESA BASE EMIC 3.8 KG;Alimentación;ABARROTES;ABARROTES 2DA NECESIDAD;OTROS                              ;BOL;38.7085;06/10/2022
;ARVEJA GRANO PELADA CONGELADO;Alimentación;CONGELADOS;FRUTAS Y VERDURAS;VERDURAS PRE ELABORADAS            ;KG;7.29858;24/09/2026
;BETERRAGA EN CUBOS CONGELADO;Alimentación;CONGELADOS;FRUTAS Y VERDURAS;VERDURAS PRE ELABORADAS            ;KG;4.496;19/08/2018
;BROCOLI PRE COCIDO 30/60 CONGELADO;Alimentación;CONGELADOS;FRUTAS Y VERDURAS;VERDURAS PRE ELABORADAS            ;KG;11.537333;14/05/2025
;CHOCLO DESGRANADO CONGELADO;Alimentación;CONGELADOS;FRUTAS Y VERDURAS;VERDURAS PRE ELABORADAS            ;KG;11.540309;01/10/2026
;ESPINACA CONGELADA;Alimentación;CONGELADOS;FRUTAS Y VERDURAS;VERDURAS PRE ELABORADAS            ;KG;5.84;22/06/2026
;VAINITA EN TROZOS CONGELADA;Alimentación;CONGELADOS;FRUTAS Y VERDURAS;VERDURAS PRE ELABORADAS            ;KG;6.355828;24/09/2026
;YUCA  CONGELADA;Alimentación;CONGELADOS;FRUTAS Y VERDURAS;VERDURAS PRE ELABORADAS            ;KG;7.464496;01/10/2026
;OLLUQUITO PICADO CONGELADO;Alimentación;CONGELADOS;FRUTAS Y VERDURAS;VERDURAS PRE ELABORADAS            ;KG;7.355;07/11/2025
;HABAS VERDES PELADAS  CONGELADA;Alimentación;CONGELADOS;FRUTAS Y VERDURAS;VERDURAS PRE ELABORADAS            ;KG;23.085876;01/10/2026
;PULPA DE MELON CONGELADO;Alimentación;CONGELADOS;FRUTAS Y VERDURAS;PULPAS                             ;KG;6.65;31/12/2018
;CARNE MOLIDA  CONGELADA;Alimentación;CONGELADOS;CARNES;RES;KG;13.393;01/10/2026
;CHULETA DE CERDO TROZADO 150 GR CONGELADO;Alimentación;CONGELADOS;CARNES;CERDO;KG;15.35;01/10/2026
;CORAZON DE RES CONGELADO;Alimentación;CONGELADOS;CARNES;MENUDENCIAS                        ;KG;13.594736;11/06/2026
;GALLINA ENTERA SIN MENUDENCIA CONGELADO - IMPORTADO;Alimentación;CONGELADOS;CARNES;GALLINA;KG;6.488;01/10/2026
;HAMBURGUESA DE RES CONGELADO;Alimentación;CONGELADOS;CARNES;RES;KG;12.28;27/11/2020
;HIGADO DE RES CONGELADO;Alimentación;CONGELADOS;CARNES;MENUDENCIAS                        ;KG;8.645233;17/09/2026
;MONDONGO CONGELADO;Alimentación;CONGELADOS;CARNES;MENUDENCIAS                        ;KG;9.199624;01/10/2026
;PECHUGA DE PAVO CON HUESO CONGELADO;Alimentación;CONGELADOS;CARNES;PAVO;KG;21.19;17/09/2023
;PIERNA DE CERDO SIN PIEL Y SIN HUESO CONGELADO;Alimentación;CONGELADOS;CARNES;CERDO;KG;13.2;01/10/2026
;PIERNA DE CORDERO CONGELADO;Alimentación;CONGELADOS;CARNES;ANIMALES MENORES;KG;21.591;06/04/2020
;PIERNA DE POLLO CON ENCUENTRO CONGELADO;Alimentación;CONGELADOS;CARNES;POLLO;KG;6.24;17/02/2024
;POLLO SIN MENUDENCIA CONGELADO RANGO 1.428 - 1.611 KG (SAN FERNANDO);Alimentación;CONGELADOS;CARNES;POLLO;KG;7.817;15/06/2025
;PATITA DE CERDO CONGELADO;Alimentación;CONGELADOS;CARNES;CERDO;KG;5.17;28/06/2025
;PECHUGA DE POLLO C/HUESO Y PIEL CONGELADO;Alimentación;CONGELADOS;CARNES;POLLO;KG;14.71;06/10/2022
;PAVO ENTERO CON MENUDENCIA CONGELADO;Alimentación;CONGELADOS;CARNES;PAVO;KG;13.66;12/12/2024
;GALLINA ENTERA CON MENUDENCIA CONGELADO;Alimentación;CONGELADOS;CARNES;GALLINA;KG;7.2;14/05/2025
;CORDERO ENTERO TROZADO CONGELADO;Alimentación;CONGELADOS;CARNES;ANIMALES MENORES;KG;21.023;12/01/2019
;BONDIOLA DE CERDO CONGELADO;Alimentación;CONGELADOS;CARNES;CERDO;KG;14.82;11/05/2019
;PATO ENTERO SIN EXTREMIDADES CONGELADO;Alimentación;CONGELADOS;CARNES;ANIMALES MENORES;KG;33.5;01/10/2026
;PATA DE RES CONGELADO;Alimentación;CONGELADOS;CARNES;MENUDENCIAS                        ;KG;19.096;12/08/2021
;POLLO SIN MENUDENCIA CONGELADO RANGO 1.75  A 1.85 KG;Alimentación;CONGELADOS;CARNES;POLLO;KG;8.148;07/04/2025
;CUY SIN PATAS Y SIN CABEZA  CONGELADO;Alimentación;CONGELADOS;CARNES;ANIMALES MENORES;KG;60.06;29/06/2025
;POLLO SIN MENUDENCIA CONGELADO RANGO 2 KG;Alimentación;CONGELADOS;CARNES;POLLO;KG;12.967987;20/08/2023
;BRAZUELO DE CERDO SIN PIEL Y SIN HUESO CONGELADO;Alimentación;CONGELADOS;CARNES;CERDO;KG;13.19;14/11/2024
;FILETE DE PIERNA DE POLLO C/ PIEL CONGELADO 130-230 GR;Alimentación;CONGELADOS;CARNES;POLLO;KG;11.16;01/07/2018
;ALPACA ENTERA TROZADA CONGELADA;Alimentación;CONGELADOS;CARNES;ANIMALES MENORES;KG;28.675766;10/08/2025
;CHULETA DE CERDO TROZADO 120 GR CONGELADO;Alimentación;CONGELADOS;CARNES;CERDO;KG;15.35;24/09/2026
;MIXTURA DE MARISCOS CONGELADO;Alimentación;CONGELADOS;CARNES;MARISCOS;KG;28.848781;12/09/2025
;TRUCHA ENTERA EVISCERADA CONGELADO GRANEL 100 - 400 GR;Alimentación;CONGELADOS;CARNES;PESCADOS;KG;18.23;08/03/2019
;PERICO FILETE CON PIEL CONGELADO;Alimentación;CONGELADOS;CARNES;PESCADOS;KG;18.82;27/02/2020
;PERICO FILETE SIN PIEL CONGELADO- KGM;Alimentación;CONGELADOS;CARNES;PESCADOS;KG;34.51;01/10/2026
;BONITO FILETE CON PIEL CONGELADO - KGM;Alimentación;CONGELADOS;CARNES;PESCADOS;KG;14.469356;01/10/2026
;REYNETA FILETE SIN PIEL CONGELADO;Alimentación;CONGELADOS;CARNES;PESCADOS;KG;32.14;02/12/2021
;GASEOSA COCA COLA 500 ML;Alimentación;BEBIDAS;SIN ALCOHOL;GASEOSA;BOT;1.55;18/07/2024
;GASEOSA INCA KOLA 500 ML;Alimentación;BEBIDAS;SIN ALCOHOL;GASEOSA;BOT;1.55;18/07/2024
;GASEOSA INCA KOLA 3 LT;Alimentación;BEBIDAS;SIN ALCOHOL;GASEOSA;BOT;7.79;24/09/2026
;GASEOSA FANTA 3 LT;Alimentación;BEBIDAS;SIN ALCOHOL;GASEOSA;BOT;5.92;06/02/2026
;GASEOSA COCA COLA 3 LT;Alimentación;BEBIDAS;SIN ALCOHOL;GASEOSA;BOT;7.79;24/09/2026
;BETUN NEGRO KIWI 88 GR;Alimentación;KIOSKO;KIOSKO;KIOSKO;LAT;2.48;01/07/2020
;BETUN NEGRO SAPOLIO 88 ML;Alimentación;KIOSKO;KIOSKO;KIOSKO;LAT;3.04;23/07/2020
;JOHNSON DIVERSEY  SOFTCARE FREE PLUS  GLN X 5 LT;Alimentación;LIMPIEZA;QUIMICOS;CATERING                           ;GLN;93.62;07/02/2025
;JOHNSON DIVERSEY SUMA COMBI+ 5LT;Alimentación;LIMPIEZA;QUIMICOS;CATERING                           ;UND;165.32;05/01/2024
;GASEOSA COCA COLA SIN AZUCAR 500 ML;Alimentación;BEBIDAS;SIN ALCOHOL;GASEOSA;BOT;1.55;02/02/2025
;GASEOSA COCA COLA 2.25 LT;Alimentación;BEBIDAS;SIN ALCOHOL;GASEOSA;BOT;6.441;10/07/2020
;JOHNSON DIVERSEY DRAX ULTRA 5 LT;Alimentación;LIMPIEZA;QUIMICOS;HOTELERIA                          ;GLN;71.030213;14/05/2025
;JOHNSON DIVERSEY SUMA BAC D10 5 LT;Alimentación;LIMPIEZA;QUIMICOS;HOTELERIA                          ;GLN;93.33;21/03/2022
;JOHNSON DIVERSEY ALPHA HP 1.5 LT;Alimentación;LIMPIEZA;QUIMICOS;HOTELERIA                          ;FCO;80.47;24/05/2020
;JOHNSON DIVERSEY TASKI R5 LT;Alimentación;LIMPIEZA;QUIMICOS;HOTELERIA                          ;FCO;78.33;11/11/2021
;BEBIDA REHIDRATANTE MORA AZUL POWERADE 500 ML;Alimentación;BEBIDAS;SIN ALCOHOL;REHIDRATANTES;BOT;1.1985;07/10/2020
;JOHNSON DIVERSEY CLAX ALFA  20 LT;Alimentación;LIMPIEZA;QUIMICOS;LAVANDERIA                         ;BID;459.58;28/09/2023
;CEPILLO DENTAL DENTO;Alimentación;KIOSKO;KIOSKO;KIOSKO;UND;1.94;23/07/2020
;PULVERIZADOR PLASTICO 750 ML;Alimentación;LIMPIEZA;ARTICULOS PARA LIMPIEZA;OTROS;UND;6.356;23/04/2026
;JALADOR DE AGUA CON CERDAS 45 CM 9C42 NEGRO RUBBERMAID;Alimentación;LIMPIEZA;ARTICULOS PARA LIMPIEZA;JALADOR;PAR;69.82;07/10/2018
;PAPEL HIGIENICO JUMBO BLANCO SCOTT 550 MT;Alimentación;LIMPIEZA;PAPELERIA;PAPEL HIGIENICO                    ;RLL;16.87;18/07/2018
;PAPEL MANTECA RESMA  PAQ 450 HOJAS;Alimentación;DESCARTABLES;PLASTICOS;BOLSAS;PQT;88.14;17/09/2026
;PAPEL DE ALUMINIO UTIL 12 X 300 MT;Alimentación;DESCARTABLES;PLASTICOS;BOLSAS;CAJ;155.853;12/06/2026
;JOHNSON DIVERSEY SUMA D44 5 LT;Alimentación;LIMPIEZA;QUIMICOS;CATERING                           ;GLN;41.819;07/02/2025
;AGUA SAN LUIS DESCARTABLE BIB 20 LT;Alimentación;BEBIDAS;SIN ALCOHOL;AGUA;CAJ;14.711417;29/10/2018
;AGUA SAN LUIS SIN GAS 2.5 LT;Alimentación;BEBIDAS;SIN ALCOHOL;AGUA;BOT;1.94;10/03/2023
;AGUA VIDA SIN GAS 625 ML;Alimentación;BEBIDAS;SIN ALCOHOL;AGUA;BOT;0.546;26/08/2019
;PAPEL HIGIENICO SUAVE 15.96 MTS (30241893);Alimentación;LIMPIEZA;PAPELERIA;PAPEL HIGIENICO                    ;RLL;0.657153;30/04/2022
;PAPEL HIGIENICO VERDE 16 MT X 20 ROLLOS;Alimentación;LIMPIEZA;PAPELERIA;PAPEL HIGIENICO                    ;PQT;23.317;27/11/2021
;PAPEL HIGIENICO DOBLE HOJA SUAVE RESISTEMAX 15 MT (30242657);Alimentación;LIMPIEZA;PAPELERIA;PAPEL HIGIENICO                    ;RLL;0.76534;25/03/2024
;BEBIDA REHIDRATANTE FRUTILLA POWERADE 500 ML;Alimentación;BEBIDAS;SIN ALCOHOL;REHIDRATANTES;BOT;1.198897;22/11/2020
;BEBIDA REHIDRATANTE MANDARINA POWERADE 500ML;Alimentación;BEBIDAS;SIN ALCOHOL;REHIDRATANTES;BOT;1.2;27/11/2020
;AGUA SAN LUIS SIN GAS 625 ML;Alimentación;BEBIDAS;SIN ALCOHOL;AGUA;BOT;0.8;16/07/2022
;PAPEL HIGIENICO JUMBO BLANCO SUAVE 550 MT (30223592);Alimentación;LIMPIEZA;PAPELERIA;PAPEL HIGIENICO                    ;RLL;8.270481;01/06/2019
;PAPEL HIGIENICO JUMBO BLANCO SCOTT 550 MT (30228044);Alimentación;LIMPIEZA;PAPELERIA;PAPEL HIGIENICO                    ;RLL;9.15;02/09/2026
;PAPEL HIGIÉNICO SUAVE 16MTS (30229579);Alimentación;LIMPIEZA;PAPELERIA;PAPEL HIGIENICO                    ;RLL;0.517004;01/10/2021
;PAPEL TOALLA NATURAL JUMBO SCOTT 200 MT (30203351);Alimentación;LIMPIEZA;PAPELERIA;PAPEL TOALLA;UND;14.58;11/05/2019
;PAPEL TOALLA AIRFLEX BLANCO SCOTT 200 MT (30224771);Alimentación;LIMPIEZA;PAPELERIA;PAPEL TOALLA;UND;13.369174;03/08/2019
;PAPEL TOALLA AIRFLEX BLANCO BASIC SCOTT 200 MT (30242645 - 30228197);Alimentación;LIMPIEZA;PAPELERIA;PAPEL TOALLA;UND;17.42;24/09/2026
;SERVILLETA TESS 6 UND DE 400 HOJAS;Alimentación;LIMPIEZA;PAPELERIA;SERVILLETAS;PQT;18.893;27/11/2021
;SERVILLETA POP UP AIRFLEX SCOTT  120 UND ( 30209601 );Alimentación;LIMPIEZA;PAPELERIA;SERVILLETAS;UND;1.06;24/09/2026
;SERVILLETA AIRFLEX 200 HOJAS (30209703);Alimentación;LIMPIEZA;PAPELERIA;SERVILLETAS;UND;4.24;06/02/2019
;SERVILLETA ELITE ECOLOGICA 33 X 22.5 100 UND;Alimentación;LIMPIEZA;PAPELERIA;SERVILLETAS;PQT;4.223;23/04/2025
;JUGO DE NARANJA GLORIA 250 ML;Alimentación;BEBIDAS;SIN ALCOHOL;JUGOS;CAJ;1.35;29/11/2018
;GEL ANTIBACTERIAL IDOGEL 1 LT;Alimentación;LIMPIEZA;HIGIENE;ALCOHOL GEL;BOT;37.05;06/05/2020
;PRE ELABORADO NATURALE CONCENTRADO CHICHA MORADA 2 LT;Alimentación;ABARROTES;ABARROTES 2DA NECESIDAD;PREPARADOS;BOL;12.269023;17/09/2026
;ALCOHOL EN GEL BLEND X 400 ML;Alimentación;LIMPIEZA;HIGIENE;ALCOHOL GEL;UND;11.017;08/07/2020
;PRE ELABORADO NATURALE CONCENTRADO MARACUYA 2 LT;Alimentación;ABARROTES;ABARROTES 2DA NECESIDAD;PREPARADOS;BOL;18.119044;24/09/2026
;GEL ANTIBACTERIAL GG 1 LT;Alimentación;LIMPIEZA;HIGIENE;ALCOHOL GEL;BOT;32;10/07/2020
;PRE ELABORADO NATURALE CONCENTRADO CARAMBOLA 2 LT;Alimentación;ABARROTES;ABARROTES 2DA NECESIDAD;PREPARADOS;BOL;13.14;17/09/2026
;ALCOHOL GEL X 1000 ML TAPA PUMP NEX;Alimentación;LIMPIEZA;HIGIENE;ALCOHOL GEL;LT;19;08/01/2025
;ALCOHOL GEL IDOGEL X 1000ML;Alimentación;LIMPIEZA;HIGIENE;ALCOHOL GEL;LT;19;29/10/2021
;JOHNSON DIVERSEY SOFTCARE ALCOHOL GEL GLN X 5 LT;Alimentación;LIMPIEZA;HIGIENE;ALCOHOL GEL;GLN;141.261429;07/02/2025
;PRE ELABORADO NATURALE CONCENTRADO MANZANA 2 LT;Alimentación;ABARROTES;ABARROTES 2DA NECESIDAD;PREPARADOS;BOL;12.250917;17/09/2026
;JABON ANTIBACTERIAL REXONA 84 GR;Alimentación;LIMPIEZA;HIGIENE;JABONES;BAR;2.827611;22/03/2024
;JABON TOCADOR LUX 85 GR;Alimentación;LIMPIEZA;HIGIENE;JABONES;BAR;1.4;29/11/2018
;JABON TOCADOR CEST IT BON HOTELERO SPA 10 GR;Alimentación;LIMPIEZA;HIGIENE;JABONES;BAR;0.25;07/12/2018
;JABON TOCADOR NIVEA 75 GR;Alimentación;LIMPIEZA;HIGIENE;JABONES;BAR;3.05;07/12/2025
;JABON ANTIBACTERIAL NEKO 75 GR;Alimentación;LIMPIEZA;HIGIENE;JABONES;BAR;4.014;03/04/2025
;JABON DOVE ORIGINAL 90 GR;Alimentación;LIMPIEZA;HIGIENE;JABONES;BAR;3.927;13/09/2026
;ESCOBA DE PLASTICO SUPER DALIA VIRUTEX;Alimentación;LIMPIEZA;ARTICULOS PARA LIMPIEZA;ESCOBAS;UND;11.5;06/09/2020
;CABEZA ESCOBA DE PLASTICO SUPER DALIA VIRUTEX 12 UND;Alimentación;LIMPIEZA;ARTICULOS PARA LIMPIEZA;ESCOBAS;PQT;111.88;16/02/2026
;PALO ESCOBA DE PLASTICO SUPER DALIA VIRUTEX 12 UND;Alimentación;LIMPIEZA;ARTICULOS PARA LIMPIEZA;ESCOBAS;PQT;48.3;16/02/2026
;ESPONJA SCOTH BRITE N.746 TRABAJO PESADO PLANCHA CALIENTE PQT X 15 UND;Alimentación;LIMPIEZA;ARTICULOS PARA LIMPIEZA;ESPONJAS;PQT;91.17;15/09/2021
;FIBRA EXTRA DURA 250X120X25 NEGRO;Alimentación;LIMPIEZA;ARTICULOS PARA LIMPIEZA;ESPONJAS;UND;14.45;05/01/2024
;FIBRA EXTRA DURA 250X120X25 NEGRO CORTADA EN 2 UND;Alimentación;LIMPIEZA;ARTICULOS PARA LIMPIEZA;ESPONJAS;UND;14.45;24/06/2024
;ESPONJA NARANJA 746 P/GRIDDLE CLEANER S/B  / 70071593647 3M;Alimentación;LIMPIEZA;ARTICULOS PARA LIMPIEZA;ESPONJAS;UND;4.48;17/09/2026
;ESPONJA CERO RAYAS INSTITUCIONAL BLANCO 3M SCOTH BRITE UND;Alimentación;LIMPIEZA;ARTICULOS PARA LIMPIEZA;ESPONJAS;UND;3.674;02/09/2026
;ESPONJA TRABAJO PESADO N° 88 SCOTCH BRITE;Alimentación;LIMPIEZA;ARTICULOS PARA LIMPIEZA;ESPONJAS;UND;8.55;16/01/2021
;ESPONJA VERDE SCOTCH BRITE ORIGINAL PRECORTADO 1 X 2 UND;Alimentación;LIMPIEZA;ARTICULOS PARA LIMPIEZA;ESPONJAS;PAR;3.275;20/11/2023
;ESPONJA TRABAJO PESADO N.88 SCOTCH BRITE;Alimentación;LIMPIEZA;ARTICULOS PARA LIMPIEZA;ESPONJAS;UND;8.55;02/09/2026
;ESPONJA VERDE SCOTCH BRITE 180 UND;Alimentación;LIMPIEZA;ARTICULOS PARA LIMPIEZA;ESPONJAS;CAJ;322.2;14/12/2023
;"ATRAPA POLVO REPUESTO ALGODON/AZUL DM-25536BDA 36"" (91 CM) ABCO";Alimentación;LIMPIEZA;ARTICULOS PARA LIMPIEZA;MOPAS;UND;19.08;26/08/2019
;FRANELA BALLERINA VIRUTEX;Alimentación;LIMPIEZA;ARTICULOS PARA LIMPIEZA;FRANELAS Y PAÑOS;UND;1.75;02/09/2026
;PAÑO MICROFIBRA AZUL CM 40 X 38 - DARYZA;Alimentación;LIMPIEZA;ARTICULOS PARA LIMPIEZA;FRANELAS Y PAÑOS;UND;2.364;16/06/2024
;PAÑO MICROFIBRA CASTOR AMARILLA 40 X 40 CM;Alimentación;LIMPIEZA;ARTICULOS PARA LIMPIEZA;FRANELAS Y PAÑOS;UND;11.6;21/05/2026
;DESODORANTE AMBIENTADOR ANTITABACO SAPOLIO 360 ML;Alimentación;LIMPIEZA;INSUMOS PARA LIMPIEZA;AROMATIZADOR;FCO;4.76;24/04/2021
;DESODORANTE AMBIENTADOR BRISA MARINA SAPOLIO 360 ML;Alimentación;LIMPIEZA;INSUMOS PARA LIMPIEZA;AROMATIZADOR;FCO;4.76;06/09/2020
;DESODORANTE AMBIENTADOR POTPURRI SAPOLIO 360 ML;Alimentación;LIMPIEZA;INSUMOS PARA LIMPIEZA;AROMATIZADOR;FCO;5.81;19/10/2023
;CERA PASTA ROJA TEKNOBRILL 3.8 LT;Alimentación;LIMPIEZA;INSUMOS PARA LIMPIEZA;CERA;GLN;46.98;07/08/2026
;CERA LIQUIDA ROJA DARYZA 3.8 LT;Alimentación;LIMPIEZA;INSUMOS PARA LIMPIEZA;CERA;GLN;12.21;10/11/2021
;CERA AL AGUA GERMICIDA 3.8 LT;Alimentación;LIMPIEZA;INSUMOS PARA LIMPIEZA;CERA;GLN;8.2;27/05/2021
;SANIT 10 GARRAFA- 5 LITROS SPARTAN;Alimentación;LIMPIEZA;INSUMOS PARA LIMPIEZA;DESINFECTANTE;UND;83.33;12/07/2026
;CR2+ PRESENTACION 1 GALON;Alimentación;LIMPIEZA;INSUMOS PARA LIMPIEZA;DESINFECTANTE;UND;71.06;12/07/2026
;ALCA DETER X 4L [B2-4L];Alimentación;LIMPIEZA;INSUMOS PARA LIMPIEZA;DETERGENTES;LT;20.9;01/07/2026
;LAVAVAJILLA X 1000 GR. SAPOLIO 8305162;Alimentación;LIMPIEZA;INSUMOS PARA LIMPIEZA;LAVAVAJILLAS;POT;6.394;06/10/2022
;LAVAVAJILLA SAPOLIO 900 GR;Alimentación;LIMPIEZA;INSUMOS PARA LIMPIEZA;LAVAVAJILLAS;POT;6.071;27/05/2021
;CLORIN 7.5 - ( 5 LITROS) SPARTAN;Alimentación;LIMPIEZA;INSUMOS PARA LIMPIEZA;LEJIAS                             ;UND;23.333;03/08/2026
;LEJIA SAPOLIO 3.785 ML;Alimentación;LIMPIEZA;INSUMOS PARA LIMPIEZA;LEJIAS                             ;BOT;10.5;15/07/2021
;LEJIA CONCENTRADA DARYZA 4 LT (GL);Alimentación;LIMPIEZA;INSUMOS PARA LIMPIEZA;LEJIAS                             ;GLN;8.69;24/03/2023
;LEJIA SAPOLIO 5 LT X 4UND;Alimentación;LIMPIEZA;INSUMOS PARA LIMPIEZA;LEJIAS                             ;CAJ;58;03/09/2025
;LIMPIAVIDRIO CON GATILLO DARYZA 1 LT;Alimentación;LIMPIEZA;INSUMOS PARA LIMPIEZA;LIMPIADORES;FCO;5.05;31/07/2020
;LIMPIAVIDRIO DARYZA 3.8 LT;Alimentación;LIMPIEZA;INSUMOS PARA LIMPIEZA;LIMPIADORES;GLN;4.74;01/09/2020
;LIMPIAVIDRIO DARYZA 1 LT;Alimentación;LIMPIEZA;INSUMOS PARA LIMPIEZA;LIMPIADORES;FCO;3.15;21/01/2024
;DM 500 H PLUS FP SPARTAN 19 LITROS - V3;Alimentación;LIMPIEZA;INSUMOS PARA LIMPIEZA;SACAGRASA;BID;356.73;15/07/2024
;SUPERCLEAN FP GARRAFA - 5 LITROS - SPARTAN;Alimentación;LIMPIEZA;INSUMOS PARA LIMPIEZA;SACAGRASA;UND;164.17;17/01/2026
;SPARCLEAN RINSE AID II SPARTAN 5 LT;Alimentación;LIMPIEZA;INSUMOS PARA LIMPIEZA;OTROS;UND;104.95;24/01/2024
;POT & PAN - GARRAFA 5 LITROS -SPARTAN;Alimentación;LIMPIEZA;INSUMOS PARA LIMPIEZA;OTROS;UND;77.81;13/09/2026
;PASTILLAS DESCALCIFICADORAS RATIONAL MODELO NO. 56.00.562;Alimentación;LIMPIEZA;INSUMOS PARA LIMPIEZA;PASTILLAS LIMPIADORAS              ;BLD;479.807335;30/08/2026
;PASTILLAS DE LAVADO RATIONAL MODELO NO. 56.00.210;Alimentación;LIMPIEZA;INSUMOS PARA LIMPIEZA;PASTILLAS LIMPIADORAS              ;BLD;443.23;13/09/2026
;CHOCOLATE RELLENO MECANO COSTA 19 GR;Alimentación;ABARROTES;ABARROTES 2DA NECESIDAD;GOLOSINAS;UND;0.3;07/12/2018
;GALLETA RELLENA CHOCOLATE CASINO 51/43 GR;Alimentación;ABARROTES;ABARROTES 2DA NECESIDAD;GOLOSINAS;PQT;0.71;09/04/2026
;CHOCOLATE WAFER CUA CUA LACTA 18 GR;Alimentación;ABARROTES;ABARROTES 2DA NECESIDAD;GOLOSINAS;UND;0.568;08/06/2025
;CHOCOLATE DOÑA PEPA LACTA 23 GR;Alimentación;ABARROTES;ABARROTES 2DA NECESIDAD;GOLOSINAS;UND;0.795;25/10/2025
;BOLSA BLANCA T-SHIRT 16 X 19 100 UNID;Alimentación;DESCARTABLES;PLASTICOS;BOLSAS;PQT;5.24375;18/02/2022
;BOLSA TRANSPARENTE ROLLOMATIC 8 X 12;Alimentación;DESCARTABLES;PLASTICOS;BOLSAS;RLL;11.27;29/04/2020
;BOLSA TRANSPARENTE ROLLOMATIC 5 X 10;Alimentación;DESCARTABLES;PLASTICOS;BOLSAS;RLL;13.242;13/09/2026
;BOLSA PARA LAVANDERIA BIODEG.PARAISO 16.5 X 23 MILLAR;Alimentación;DESCARTABLES;PLASTICOS;BOLSAS;PQT;144.846615;28/10/2019
;PAPEL HIGIENICO GOFRADO SCOTT 15 MT ( 30206615);Alimentación;LIMPIEZA;PAPELERIA;PAPEL HIGIENICO                    ;RLL;0.486;21/12/2020
;CERVEZA BITBURGER SIN ALCOHOL 330 ML (VIDRIO);Alimentación;BEBIDAS;SIN ALCOHOL;OTROS;BOT;6.52;29/12/2022
;CERVEZA BITBURGER SIN ALCOHOL 500 ML LATA;Alimentación;BEBIDAS;SIN ALCOHOL;OTROS;LAT;6.33;17/11/2022
;AGUA SAN LUIS SIN GAS 750 ML;Alimentación;BEBIDAS;SIN ALCOHOL;AGUA;BOT;0.95;17/09/2026
;AGUA VIDA DESCARTABLE BIB 20 LT;Alimentación;BEBIDAS;SIN ALCOHOL;AGUA;CAJ;15.4;10/06/2021
;JUGO DE MANZANA AQUARIUS 500/600 ML;Alimentación;BEBIDAS;SIN ALCOHOL;JUGOS;BOT;1.12;23/10/2021
;JUGO DE PERA AQUARIUS 500/600 ML;Alimentación;BEBIDAS;SIN ALCOHOL;JUGOS;BOT;1.12;18/02/2022
;JUGO DE MANGO FRUGOS 235 ML;Alimentación;BEBIDAS;SIN ALCOHOL;JUGOS;CAJ;0.88;24/09/2026
;JUGO DE NARANJA AQUARIUS 500/600 ML;Alimentación;BEBIDAS;SIN ALCOHOL;JUGOS;BOT;1.101;07/02/2020
;PRE ELABORADO NATURALE CONCENTRADO EMOLIENTE 2 LT;Alimentación;ABARROTES;ABARROTES 2DA NECESIDAD;PREPARADOS;BOL;12.27;17/09/2026
;CHICHA MORADA GLORIA 400 ML;Alimentación;BEBIDAS;SIN ALCOHOL;JUGOS;BOT;0.8;01/09/2020
;JUGO DE PIÑA GLORIA 250 ML;Alimentación;BEBIDAS;SIN ALCOHOL;JUGOS;CAJ;1.35;30/12/2018
;JOHNSON DIVERSEY FORWARD 5 LT;Alimentación;LIMPIEZA;QUIMICOS;HOTELERIA                          ;GLN;54.98;21/01/2024
;GASEOSA PERSONAL COCA COLA 500 ML;Alimentación;BEBIDAS;SIN ALCOHOL;GASEOSA;BOT;1.55;24/09/2026
;GASEOSA PERSONAL INCA KOLA 500 ML;Alimentación;BEBIDAS;SIN ALCOHOL;GASEOSA;BOT;1.55;24/09/2026
;GASEOSA COCA COLA PET 2.25 LT;Alimentación;BEBIDAS;SIN ALCOHOL;GASEOSA;BOT;5.63;31/05/2026
;GASEOSA PEPSI 600 ML;Alimentación;BEBIDAS;SIN ALCOHOL;GASEOSA;BOT;1.661;11/10/2025
;GASEOSA PERSONAL COCA COLA 600 ML;Alimentación;BEBIDAS;SIN ALCOHOL;GASEOSA;BOT;1.55;06/02/2026
;JOHNSON DIVERSEY CLAX HYPO 4 AL 1 20 LT;Alimentación;LIMPIEZA;QUIMICOS;LAVANDERIA                         ;BID;229.74;28/09/2023
;JOHNSON DIVERSEY SUMA CRYSTAL 20 LT;Alimentación;LIMPIEZA;QUIMICOS;CATERING                           ;BID;521.4;13/09/2026
;JOHNSON DIVERSEY SUMA NOVA 20 LT;Alimentación;LIMPIEZA;QUIMICOS;CATERING                           ;BID;497.04;13/09/2026
;GASEOSA INCA KOLA SIN AZUCAR 500 ML;Alimentación;BEBIDAS;SIN ALCOHOL;GASEOSA;BOT;1.224;23/05/2019
;JOHNSON DIVERSEY CLAX SUAVE 20 LT;Alimentación;LIMPIEZA;QUIMICOS;LAVANDERIA                         ;BID;204.05;21/01/2024
;GASEOSA COCA COLA 450 ML;Alimentación;BEBIDAS;SIN ALCOHOL;GASEOSA;BOT;1.252;23/08/2019
;GASEOSA FANTA SIN AZUCAR 400 ML;Alimentación;BEBIDAS;SIN ALCOHOL;GASEOSA;BOT;1.37;26/10/2019
;GASEOSA COCA COLA 300 ML (SAMPLING);Alimentación;BEBIDAS;SIN ALCOHOL;GASEOSA;BOT;1.271;28/07/2018
;JOHNSON DIVERSEY SUMA CALC 5 LT R03300;Alimentación;LIMPIEZA;QUIMICOS;CATERING                           ;GLN;96.620286;30/07/2022
;JOHNSON DIVERSEY SOFTCARE ENHACE 5 LT;Alimentación;LIMPIEZA;QUIMICOS;HOTELERIA                          ;GLN;64.115041;27/08/2022
;JOHNSON DIVERSEY SUMA PLAQ 5 LT;Alimentación;LIMPIEZA;QUIMICOS;CATERING                           ;GLN;96.546641;03/11/2023
;JOHNSON DIVERSEY SOFTCARE ALCOHOL GEL 800 ML;Alimentación;LIMPIEZA;HIGIENE;ALCOHOL GEL;SCH;27.627;31/10/2021
;JOHNSON DIVERSEY SOFTCARE BAC 5 LT;Alimentación;LIMPIEZA;QUIMICOS;CATERING                           ;GLN;74.922;01/07/2018
;JABON ANTIBACTERIAL PROTEX 75 GR-LIMPIEZA PROFUNDA;Alimentación;LIMPIEZA;HIGIENE;JABONES;BAR;2.44;28/03/2026
;DETERGENTE SAPOLIO DE 13.5 KG;Alimentación;LIMPIEZA;INSUMOS PARA LIMPIEZA;DETERGENTES;SCO;104.235;13/08/2026
;CERA AL AGUA SAPOLIO 3.785 LT;Alimentación;LIMPIEZA;INSUMOS PARA LIMPIEZA;CERA;GLN;18.12;31/07/2020
;LEJIA SAPOLIO  2 LT;Alimentación;LIMPIEZA;INSUMOS PARA LIMPIEZA;LEJIAS                             ;BOT;8.42;27/01/2019
;JOHNSON DIVERSEY SUMA J512 5 LT;Alimentación;LIMPIEZA;QUIMICOS;CATERING                           ;GLN;102.02;05/01/2024
;BEBIDA ACTI AVENA GLORIA 250 MLT;Alimentación;BEBIDAS;SIN ALCOHOL;OTROS;VAS;1.095;19/08/2020
;PRE ELABORADO NATURALE CONCENTRADO PIÑA GOLDEN 2 LT;Alimentación;ABARROTES;ABARROTES 2DA NECESIDAD;PREPARADOS;BOL;12.68;12/02/2026
;CERA PASTA ROJA SAPOLIO 3.785 LT;Alimentación;LIMPIEZA;INSUMOS PARA LIMPIEZA;CERA;BLD;47.86;27/03/2022
;BEBIDA REHIDRATANTE MORA AZUL POWERADE 473 ML;Alimentación;BEBIDAS;SIN ALCOHOL;REHIDRATANTES;BOT;1.2;04/08/2023
;BEBIDA REHIDRATANTE FRUTAS POWERADE PET 600 ML;Alimentación;BEBIDAS;SIN ALCOHOL;REHIDRATANTES;BOT;1.29;13/09/2026
;BEBIDA REHIDRATANTE LIMON POWERADE PET 600 ML;Alimentación;BEBIDAS;SIN ALCOHOL;REHIDRATANTES;BOT;1.29;09/05/2025
;BEBIDA REHIDRATANTE MORA POWERADE PET 600 ML;Alimentación;BEBIDAS;SIN ALCOHOL;REHIDRATANTES;BOT;1.29;24/07/2026
;BEBIDA REHIDRATANTE FRUTILLA POWERADE 476ML;Alimentación;BEBIDAS;SIN ALCOHOL;REHIDRATANTES;BOT;1.78;27/05/2019
;FRANELA RIBETEADA ROJA 50 X 60 CM;Alimentación;LIMPIEZA;ARTICULOS PARA LIMPIEZA;FRANELAS Y PAÑOS;UND;4.94;23/10/2019
;RECOGEDOR PLASTICO;Alimentación;LIMPIEZA;ARTICULOS PARA LIMPIEZA;RECOGEDORES;UND;3.51;06/09/2020
;HISOPO PARA SANITARIO CON BASE HUDE - BLANCO - 7750160418513;Alimentación;LIMPIEZA;ARTICULOS PARA LIMPIEZA;ESCOBILLAS;UND;6.63;15/07/2021
;SECADOR DE TELA;Alimentación;LIMPIEZA;ARTICULOS PARA LIMPIEZA;TRAPOS;UND;4.95;19/12/2020
;ESPONJA VERDE SCOTCH BRITE;Alimentación;LIMPIEZA;ARTICULOS PARA LIMPIEZA;ESPONJAS;UND;1.79;04/06/2021
;MOPA RUBBERMAID F131;Alimentación;LIMPIEZA;ARTICULOS PARA LIMPIEZA;MOPAS;UND;20.638318;18/07/2018
;PALO MOPERO RUBBERMAID H125;Alimentación;LIMPIEZA;ARTICULOS PARA LIMPIEZA;PALOS;UND;56.2;09/06/2024
;PEINE DE BOLSILLO;Alimentación;KIOSKO;KIOSKO;KIOSKO;UND;0.56;12/06/2026
;CAJA CHICA - COLOR ROJO INTENSO ELYASAN 30CC;Alimentación;CAJA CHICA                         ;;;UND;1.3;01/01/2025
;CAJA CHICA - COLORANTE ELYASAN 30 ML;Alimentación;CAJA CHICA                         ;;;MIL;1.4;01/11/2024
;CAJA CHICA - CASTAÑAS 250 GR;Alimentación;CAJA CHICA                         ;;;GR;4.567;18/08/2024
;CAJA CHICA - COLORANTE PASTELERO;Alimentación;CAJA CHICA                         ;;;UND;3;09/01/2026
;PASTA WANTAN CONGELADA;Alimentación;CONGELADOS;OTROS;PASTAS FRESCAS;KG;8.15;01/10/2026
;BOLSA PARA BASURA NEGRA C/F 140 LT UND 1.6 MC;Alimentación;DESCARTABLES;PLASTICOS;BOLSAS;UND;0.551;20/03/2026
;BOLSA PARA BASURA NEGRA 220 LT UND 1.6 MICRAS;Alimentación;DESCARTABLES;PLASTICOS;BOLSAS;UND;0.773;11/10/2024
;CINTA PARA MARCAR ROPA;Alimentación;LIMPIEZA;ARTICULOS PARA LIMPIEZA;OTROS;RLL;21.95;16/01/2021
;PALITOS DE BROCHETA 24 CM  100 UND;Alimentación;DESCARTABLES;OTROS;;PQT;3.177753;31/03/2019
;CORDERO ENTERO TROZADO 200-250 GRMS CONGELADO;Alimentación;CONGELADOS;CARNES;ANIMALES MENORES;KG;22.73;22/08/2020
;ALPACA ENTERA TROZADA CONGELADA (LA GRANJA);Alimentación;CONGELADOS;CARNES;ANIMALES MENORES;KG;30.28;23/09/2026
;CORDERO DESHUESADO CONGELADO - KGM;Alimentación;CONGELADOS;CARNES;ANIMALES MENORES;KG;34.045989;24/09/2026
;CABRITO DESHUESADO CONGELADO - KGM;Alimentación;CONGELADOS;CARNES;ANIMALES MENORES;KG;33;29/10/2021
;PIERNA DE CERDO SIN PIEL Y SIN HUESO CONGELADO (IMPORTACION);Alimentación;CONGELADOS;CARNES;CERDO;KG;11.627;16/07/2024
;PANCETA CON HUESO Y CON PIEL TIRAS CONGELADO (N);Alimentación;CONGELADOS;CARNES;CERDO;KG;21.44;04/12/2025
;CHULETA DE CERDO TROZADO 120 GR CONGELADO - REDONDOS;Alimentación;CONGELADOS;CARNES;CERDO;KG;15.89;05/03/2026
;CHULETA DE CERDO TROZADO 150 GR CONGELADO - REDONDOS;Alimentación;CONGELADOS;CARNES;CERDO;KG;15.84;07/11/2025
;CHULETA DE CERDO TROZADO 200 GR CONGELADO - REDONDOS;Alimentación;CONGELADOS;CARNES;CERDO;KG;16.01;04/12/2025
;PATAS DE CERDO (IMPORTACION);Alimentación;CONGELADOS;CARNES;CERDO;KG;4.594;26/01/2026
;CHULETA DE CERDO TROZADO 120 GR CONGELADO (I);Alimentación;CONGELADOS;CARNES;CERDO;KG;14.1;05/03/2026
;CHULETA DE CERDO TROZADO 150 GR CONGELADO (I);Alimentación;CONGELADOS;CARNES;CERDO;KG;14.1;06/02/2026
;MANITAS DE CERDO (IMPORTACION);Alimentación;CONGELADOS;CARNES;CERDO;KG;7.026433;01/10/2026
;PANCETA CON HUESO Y SIN PIEL TIRAS CONGELADO;Alimentación;CONGELADOS;CARNES;CERDO;KG;18.1;24/09/2026
;CHULETA DE CERDO TROZADO 155-165 GR CONGELADO;Alimentación;CONGELADOS;CARNES;CERDO;KG;13.479;31/12/2018
;PIERNA DE CERDO SIN PIEL Y SIN HUESO CONGELADO - FOOD MARKETS;Alimentación;CONGELADOS;CARNES;CERDO;KG;10.957;31/12/2018
;LECHON ENTERO CONGELADO (PESO DE 7 A 9 KG.);Alimentación;CONGELADOS;CARNES;CERDO;KG;34.15;04/12/2025
;PANCETA CON HUESO Y CON PIEL TIRAS CONGELADO;Alimentación;CONGELADOS;CARNES;CERDO;KG;17.357;06/02/2026
;CHULETA DE CERDO TROZADO 200 GR CONGELADO;Alimentación;CONGELADOS;CARNES;CERDO;KG;15.085;06/02/2026
;PIERNA DE CERDO SIN PIEL Y SIN HUESO CONGELADO (N);Alimentación;CONGELADOS;CARNES;CERDO;KG;10.03;19/12/2019
;PANCETA CON HUESO Y SIN PIEL TIRAS CONGELADO (N);Alimentación;CONGELADOS;CARNES;CERDO;KG;18.55;12/12/2021
;GALLINA ENTERA CON MENUDENCIA CONGELADO IMPORT;Alimentación;CONGELADOS;CARNES;GALLINA;KG;5.495707;08/01/2025
;GALLINA ENTERA SIN MENUDENCIA CONGELADO - GRANEL;Alimentación;CONGELADOS;CARNES;GALLINA;KG;4.052;31/07/2020
;GALLINA ENTERA SIN MENUDENCIA CONGELADO;Alimentación;CONGELADOS;CARNES;GALLINA;KG;10.383;12/02/2026
;MIXTURA DE MARISCOS ECONOMICA;Alimentación;CONGELADOS;CARNES;MARISCOS;KG;18.24;01/10/2026
;PIERNA DE PAVO DESHUESADA SIN PIEL CONGELADA;Alimentación;CONGELADOS;CARNES;PAVO;KG;18.644;02/03/2023
;PECHUGA DE PAVO SAN FERNANDO;Alimentación;CONGELADOS;CARNES;PAVO;KG;19.88;12/06/2026
;PECHUGA DE PAVO DESHUESADA;Alimentación;CONGELADOS;CARNES;PAVO;KG;23.78;09/04/2026
;PECHUGA DE PAVO DESHUESADA (BL);Alimentación;CONGELADOS;CARNES;PAVO;KG;11.876;07/04/2025
;PAVO ENTERO CON MENUDENCIA CONGELADO 10 KG (N);Alimentación;CONGELADOS;CARNES;PAVO;KG;12.95;23/12/2022
;PECHUGA DE PAVO DESHUESADA (BLOQUE * 10);Alimentación;CONGELADOS;CARNES;PAVO;KG;12.3;15/12/2020
;PECHUGA DE PAVO CON HUESO Y CON PIEL CONGELADO;Alimentación;CONGELADOS;CARNES;PAVO;KG;21.445349;19/01/2022
;PECHUGA DE PAVO SIN HUESO CON PIEL CONGELADO;Alimentación;CONGELADOS;CARNES;PAVO;KG;19.118;23/09/2021
;TROZOS DE PERICO SIN PIEL 30 - 90 GR CONGELADO;Alimentación;CONGELADOS;CARNES;PESCADOS;KG;31.5;30/07/2025
;CABALLA FILETE CON PIEL CONGELADO;Alimentación;CONGELADOS;CARNES;PESCADOS;KG;16.14;12/06/2026
;TILAPIA FILETE SIN PIEL 5/7 RANGO 140 - 200 GR CONGELADO;Alimentación;CONGELADOS;CARNES;PESCADOS;KG;17.676967;18/05/2023
;TRUCHA SIN CABEZA EVISCERADA CONGELADA 100 - 500 GR;Alimentación;CONGELADOS;CARNES;PESCADOS;KG;19;08/10/2021
;TROZOS DE MERLUZA EMPANIZADOS (FISH FINGERS);Alimentación;CONGELADOS;CARNES;PESCADOS;KG;10;08/07/2018
;TILAPIA FILETE SIN PIEL 5/7 RANGO 140 - 200 GR GRANEL CONGELADO;Alimentación;CONGELADOS;CARNES;PESCADOS;KG;18.141418;26/04/2023
;TRUCHA ENTERA EVISCERADA CONGELADA 100 - 400 GR;Alimentación;CONGELADOS;CARNES;PESCADOS;KG;25.4;01/10/2026
;JUREL FILETE CON PIEL CONGELADO;Alimentación;CONGELADOS;CARNES;PESCADOS;KG;16.140079;27/02/2026
;BOTONES DE POTA CONGELADO;Alimentación;CONGELADOS;CARNES;PESCADOS;KG;14.12;30/12/2023
;POLLO SIN MENUDENCIA TROZADO EN 8 CONGELADO RANGO 1.6 KG;Alimentación;CONGELADOS;CARNES;POLLO;KG;8.318;09/08/2018
;POLLO SIN MENUDENCIA CONGELADO RANGO 1.1 -1.4 KGS;Alimentación;CONGELADOS;CARNES;POLLO;KG;8.228;18/05/2025
;PIERNA DE POLLO CONGELADO - BOTELLITAS (BLOQUE);Alimentación;CONGELADOS;CARNES;POLLO;KG;7.88;03/09/2023
;PIERNA DE POLLO CON ENCUENTRO CONGELADO (IMPORTACION BOLSA 3X5);Alimentación;CONGELADOS;CARNES;POLLO;KG;5.038;17/01/2026
;PECHUGA DE POLLO S/HUESO S/PIEL CONGELADO - IMPORTACION;Alimentación;CONGELADOS;CARNES;POLLO;KG;9.236004;01/10/2026
;PIERNA DE POLLO CON ENCUENTRO CONGELADO (BLOQUE) IMPORT;Alimentación;CONGELADOS;CARNES;POLLO;KG;4.787328;01/10/2026
;PIERNA DE POLLO CON ENCUENTRO CONGELADO (BLOQUE 18 KG) IMPORT;Alimentación;CONGELADOS;CARNES;POLLO;KG;4.888;26/06/2023
;PECHUGA DE POLLO S/HUESO S/PIEL 100 -120 GR CONGELADO - KGM;Alimentación;CONGELADOS;CARNES;POLLO;KG;12;04/08/2023
;PECHUGA DE POLLO S/HUESO S/PIEL 120-140 GR CONGELADO - KGM;Alimentación;CONGELADOS;CARNES;POLLO;KG;12;04/08/2023
;POLLO SIN MENUDENCIA CONGELADO 1.1 - 1.4 KG - TRES ARROYOS;Alimentación;CONGELADOS;CARNES;POLLO;KG;8.169;30/07/2025
;POLLO SIN MENUDENCIA CONGELADO RANGO 1.7 A 1.9KG - LAS CAMELIAS;Alimentación;CONGELADOS;CARNES;POLLO;KG;6.638;20/03/2026
;POLLO SIN MENUDENCIA CONGELADO 1.1 - 1.4 KG - PERDIX;Alimentación;CONGELADOS;CARNES;POLLO;KG;7.011935;01/10/2026
;FILETE DE PIERNA DE POLLO S/H S/P CONGELADO (IMPORTACION);Alimentación;CONGELADOS;CARNES;POLLO;KG;11.495;01/10/2025
;PECHUGA DE POLLO EN TROZOS S/H S/P - IMPORTACION;Alimentación;CONGELADOS;CARNES;POLLO;KG;12.857;11/10/2025
;PIERNA DE POLLO CON ENCUENTRO CONGELADO (BOLSA) IMPORT;Alimentación;CONGELADOS;CARNES;POLLO;KG;4.675;07/08/2026
;POLLO SIN MENUDENCIA CONGELADO RANGO 1.8 KG;Alimentación;CONGELADOS;CARNES;POLLO;KG;9.88;28/12/2025
;POLLO SIN MENUDENCIA CONGELADO RANGO 1.8 KG - 2 KG;Alimentación;CONGELADOS;CARNES;POLLO;KG;10.72;11/02/2024
;POLLO SIN MENUDENCIA CONGELADO RANGO 1.7 A 1.9 KG;Alimentación;CONGELADOS;CARNES;POLLO;KG;10.45;21/10/2024
;POLLO SIN MENUDENCIA CONGELADO RANGO 1.4KG;Alimentación;CONGELADOS;CARNES;POLLO;KG;8.223321;07/03/2025
;PECHUGA DE POLLO S/HUESO S/PIEL CONGELADO - KGM;Alimentación;CONGELADOS;CARNES;POLLO;KG;14.64;12/02/2026
;POLLO SIN MENUDENCIA CONGELADO RANGO 1.52 KG;Alimentación;CONGELADOS;CARNES;POLLO;KG;9.49;20/11/2023
;POLLO SIN MENUDENCIA CONGELADO RANGO 1.25 KG;Alimentación;CONGELADOS;CARNES;POLLO;KG;9.28;01/07/2026
;POLLO SIN MENUDENCIA CONGELADO RANGO 1.68 KG;Alimentación;CONGELADOS;CARNES;POLLO;KG;9.19843;01/10/2026
;PECHUGA DE POLLO S/HUESO S/PIEL;Alimentación;CONGELADOS;CARNES;POLLO;KG;15.48;23/10/2025
;POLLO SIN MENUDENCIA CONGELADO RANGO 1.38KG;Alimentación;CONGELADOS;CARNES;POLLO;KG;9.28;31/05/2026
;POLLO MARINADO PARA BRASA  RANGO 1.2KG  CONGELADO;Alimentación;CONGELADOS;CARNES;POLLO;KG;13.413;24/05/2023
;PIERNA DE POLLO CON ENCUENTRO CONGELADO (BLOQUE);Alimentación;CONGELADOS;CARNES;POLLO;KG;8.82;01/01/2025
;PIERNA DE POLLO CON ENCUENTRO CONGELADO (BOLSA);Alimentación;CONGELADOS;CARNES;POLLO;KG;6.24;09/11/2023
;PIERNA DE POLLO CON ENCUENTRO CONGELADO (BLOQUE * 10);Alimentación;CONGELADOS;CARNES;POLLO;KG;6.48;10/09/2021
;RES - BISTECK (DON GOYO);Alimentación;CONGELADOS;CARNES;RES;KG;31.38;01/10/2026
;RES - GUISO CONGELADO (DON GOYO);Alimentación;CONGELADOS;CARNES;RES;KG;25.98999;01/10/2026
;RES - SOPAS S/HUESO (DON GOYO);Alimentación;CONGELADOS;CARNES;RES;KG;23.109871;01/10/2026
;CARNE MOLIDA CONGELADA (MAFROX);Alimentación;CONGELADOS;CARNES;RES;KG;13.6;18/07/2024
;RES - ASADO (OXAPAMPA);Alimentación;CONGELADOS;CARNES;RES;KG;25.056;24/08/2026
;RES - BISTECK (OXAPAMPA);Alimentación;CONGELADOS;CARNES;RES;KG;27.702826;14/08/2026
;RES - SOPAS S/HUESO (OXAPAMPA);Alimentación;CONGELADOS;CARNES;RES;KG;20.17;11/06/2026
;LOMO FINO SIN CORDON CONGELADO BRASILERO;Alimentación;CONGELADOS;CARNES;RES;KG;71.994;24/09/2026
;CHANFAINITA CONGELADO;Alimentación;CONGELADOS;CARNES;MENUDENCIAS                        ;KG;7.739;01/10/2026
;RES - BISTECK;Alimentación;CONGELADOS;CARNES;RES;KG;27.999;07/12/2025
;RES - ASADO;Alimentación;CONGELADOS;CARNES;RES;KG;25.384224;10/10/2025
;RES - GUISO EN CUBOS;Alimentación;CONGELADOS;CARNES;RES;KG;18.062026;16/11/2019
;RES - GUISOS PICANTES;Alimentación;CONGELADOS;CARNES;RES;KG;16.681;07/11/2019
;RES - MALAYA;Alimentación;CONGELADOS;CARNES;RES;KG;22.687181;06/02/2026
;RES - SOPAS S/HUESO;Alimentación;CONGELADOS;CARNES;RES;KG;20.059;06/02/2026
;RES - SOPAS C/HUESO;Alimentación;CONGELADOS;CARNES;RES;KG;15.286;31/12/2018
;RES - MALAYA (DON GOYO);Alimentación;CONGELADOS;CARNES;RES;KG;24.290532;01/10/2026
;RES - GUISO EN CUBOS PL CONGELADO - KGM;Alimentación;CONGELADOS;CARNES;RES;KG;16.82;07/10/2018
;RES - SOPAS S/HUESO PL CONGELADO - KGM;Alimentación;CONGELADOS;CARNES;RES;KG;11.65;07/10/2018
;RES - BISTECK PL CONGELADO - KGM;Alimentación;CONGELADOS;CARNES;RES;KG;20;09/08/2018
;RES - ASADO PL CONGELADO - KGM;Alimentación;CONGELADOS;CARNES;RES;KG;17.48;18/07/2018
;LOMO FINO SIN CORDON CONGELADO;Alimentación;CONGELADOS;CARNES;RES;KG;73.163;01/10/2026
;RES - GUISO CONGELADO;Alimentación;CONGELADOS;CARNES;RES;KG;23.430514;06/02/2026
;CARNE MOLIDA CONGELADA ( DON GOYO);Alimentación;CONGELADOS;CARNES;RES;KG;14.97;28/07/2022
;CORAZON DE RES CONGELADO ZEDINA;Alimentación;CONGELADOS;CARNES;MENUDENCIAS                        ;KG;15.453983;20/03/2026
;CHORIZO PARRILLERO CONGELADO KG (C);Alimentación;CONGELADOS;EMBUTIDOS;CERDO;KG;13.61;30/07/2025
;JAMON AMERICANO SUIZA 500 GR REFRIGERADO;Alimentación;REFRIGERADOS;EMBUTIDOS;CERDO;PQT;9.251;28/12/2024
;CHICHARRON DE PRENSA SUIZA MOLDE 180G REFRIGERADO KG;Alimentación;REFRIGERADOS;EMBUTIDOS;CERDO;PQT;4.685;22/12/2024
;CHORIZO PARRILLERO SEGOVIANA CONGELADO KG;Alimentación;CONGELADOS;EMBUTIDOS;CERDO;KG;16.37;01/10/2026
;CHICHARRON DE PRENSA CONGELADO 500 GR;Alimentación;CONGELADOS;EMBUTIDOS;CERDO;PQT;8.035;29/09/2019
;JAMON PARA CAFETIN CONGELADO KG;Alimentación;CONGELADOS;EMBUTIDOS;CERDO;KG;12.834;01/10/2026
;JAMONADA PARA CAFETIN CONGELADO KG;Alimentación;CONGELADOS;EMBUTIDOS;CERDO;KG;11.427379;06/10/2023
;MORTADELA PARA CAFETIN CONGELADO KG;Alimentación;CONGELADOS;EMBUTIDOS;CERDO;KG;13.48;05/03/2026
;HOT DOG CONGELADO KG;Alimentación;CONGELADOS;EMBUTIDOS;CERDO;KG;10.216;01/10/2026
;JAMON AHUMADO REFRIGERADO 500 GR;Alimentación;REFRIGERADOS;EMBUTIDOS;CERDO;PQT;14.29;29/11/2018
;CHORIZO PARRILLERO CONGELADO KG - BRAEDT;Alimentación;CONGELADOS;EMBUTIDOS;CERDO;KG;14.26;22/05/2021
;HOT DOG CONGELADO KG - BRAEDT;Alimentación;CONGELADOS;EMBUTIDOS;CERDO;KG;8.89;22/05/2021
;JUGO DE DURAZNO FRUGOS 235 ML;Alimentación;BEBIDAS;SIN ALCOHOL;JUGOS;CAJ;0.88;24/09/2026
;ESCOBILLA DE PLASTICO PARA LAVAR ROPA;Alimentación;LIMPIEZA;ARTICULOS PARA LIMPIEZA;ESCOBILLAS;UND;4.66;13/09/2026
;RAFIA ROLLO CONO;Alimentación;DESCARTABLES;OTROS;;UND;7.096;18/02/2021
;PULPA DE PALTA CONGELADO;Alimentación;CONGELADOS;FRUTAS Y VERDURAS;PULPAS                             ;KG;12.95;14/11/2025
;COLIFLOR PRE COCIDO CONGELADO;Alimentación;CONGELADOS;FRUTAS Y VERDURAS;VERDURAS PRE ELABORADAS            ;KG;7.112;01/10/2026
;YUCA PARA GUARNICION LIBER CONGELADOS;Alimentación;CONGELADOS;FRUTAS Y VERDURAS;VERDURAS PRE ELABORADAS            ;KG;6.1;08/11/2018
;ZUMO DE LIMON CONGELADO;Alimentación;CONGELADOS;FRUTAS Y VERDURAS;VERDURAS PRE ELABORADAS            ;KG;8.690726;01/10/2026
;PAPA PRE FRITA CONGELADA;Alimentación;CONGELADOS;FRUTAS Y VERDURAS;VERDURAS PRE ELABORADAS            ;KG;6.020093;01/10/2026
;MIX DE SOPA COMPLETO CONGELADO - KGM;Alimentación;CONGELADOS;FRUTAS Y VERDURAS;VERDURAS PRE ELABORADAS            ;KG;5.950415;01/10/2026
;BROCOLI PRE COCIDO 20/40 CONGELADO;Alimentación;CONGELADOS;FRUTAS Y VERDURAS;VERDURAS PRE ELABORADAS            ;KG;10.464321;01/10/2026
;MIX DE SOPA COMPLETO CONGELADO NACIONAL - KGM;Alimentación;CONGELADOS;FRUTAS Y VERDURAS;VERDURAS PRE ELABORADAS            ;KG;6.936922;28/03/2026
;CHOCLO DESGRANADO LIBER CONGELADO (G);Alimentación;CONGELADOS;FRUTAS Y VERDURAS;VERDURAS PRE ELABORADAS            ;KG;13.384;05/05/2024
;PULPA DE ARANDANO CONGELADO;Alimentación;CONGELADOS;FRUTAS Y VERDURAS;PULPAS                             ;KG;9.301588;01/10/2026
;PULPA DE FRESA - FIFU;Alimentación;CONGELADOS;FRUTAS Y VERDURAS;PULPAS                             ;KG;7.83;28/12/2025
;PULPA DE PAPAYA - FIFU;Alimentación;CONGELADOS;FRUTAS Y VERDURAS;PULPAS                             ;KG;7.590647;17/08/2026
;HELADO CREMA VAINILLA CHIPS YAMBOLY 5 L (2.56 KG);Alimentación;CONGELADOS;HELADOS;BANDEJAS;BAR;22.55;24/09/2026
;HELADO PALETA TERMINATOR FRESA TRENDY 70 CC;Alimentación;CONGELADOS;HELADOS;INDIVIDUALES;UND;0.33;12/01/2019
;HELADO PALETA PALAZO CHOCOLATE TRENDY 68 CC;Alimentación;CONGELADOS;HELADOS;INDIVIDUALES;UND;0.33;27/01/2019
;HELADO PALETA PALAZZO FRESA 68 CC;Alimentación;CONGELADOS;HELADOS;INDIVIDUALES;UND;0.33;13/02/2019
;HELADO CHOCOVAI CREMA VAINILLA YAMBOLY 65 ML (44 GR);Alimentación;CONGELADOS;HELADOS;INDIVIDUALES;UND;0.64;17/01/2026
;HELADO SANDWICH CREMA VAINILLA YAMBOLY 67 ML (40 GR);Alimentación;CONGELADOS;HELADOS;INDIVIDUALES;UND;0.96;10/05/2026
;HELADO SANDWICH CREMA VAINILLA LUCUMA YAMBOLY 67 ML (40 GR);Alimentación;CONGELADOS;HELADOS;INDIVIDUALES;UND;0.96;10/05/2026
;HELADO PALETA PRAIA ICE MARACUYA YAMBOLY 74 ML (78 GR);Alimentación;CONGELADOS;HELADOS;INDIVIDUALES;UND;0.57;26/01/2026
;HELADO YAMBITO CREMA CHOCOLATE YAMBOLY 54 ML (40 GR);Alimentación;CONGELADOS;HELADOS;INDIVIDUALES;UND;0.57;02/09/2026
;QUESO MOZARELLA CONGELADO PREMIUM;Alimentación;CONGELADOS;LACTEOS;QUESOS;KG;25.065;07/02/2025
;QUESO EDAM LAIVE 440 GR REFRIGERADO;Alimentación;REFRIGERADOS;LACTEOS;QUESOS                             ;PQT;19.12;11/06/2026
;CAJA CHICA - PIROTINES N° 8 PARA CUP CAKE X100 UND;Alimentación;CAJA CHICA                         ;;;PQT;3.9;01/11/2024
;CAJA CHICA - LECHE EN POLVO;Alimentación;CAJA CHICA                         ;;;KG;20;13/11/2025
;EMPANADA MIXTA 90 GR;Alimentación;CONGELADOS;OTROS;;UND;2.22;23/07/2023
;CHURRO RELLENO MANJAR BLANCO 12 CM CONGELADO;Alimentación;CONGELADOS;OTROS;;UND;1.38;06/02/2026
;CHURRO RELLENO MANJAR CHOCOLATE 12 CM CONGELADO;Alimentación;CONGELADOS;OTROS;;UND;1.48;06/02/2026
;CHURRO MINI SIN RELLENO C/ HUECO 6 CM CONGELADO;Alimentación;CONGELADOS;OTROS;;UND;0.48;06/02/2026
;PAN PRECOCIDO CIABATTA CONGELADO (40 GR);Alimentación;CONGELADOS;OTROS;;UND;0.183;30/01/2022
;PAN PRECOCIDO FRANCES CONGELADO (40 GR);Alimentación;PANADERIA Y PASTELERIA             ;PANADERIA CONGELADO                ;;UND;0.183;30/01/2022
;DONUT BERLINA DE CHOCOLATE 90 GRM;Alimentación;CONGELADOS;OTROS;;UND;2.48;01/10/2026
;BOLI YUCAS CON QUESO 20 GR CONGELADO;Alimentación;CONGELADOS;OTROS;;UND;0.275;21/10/2022
;FINGER DE YUCA CON QUESO 20 GR CONGELADO;Alimentación;CONGELADOS;OTROS;;UND;0.297;20/04/2019
;PAPA RELLENA CON CARNE 100 GR CONGELADO;Alimentación;CONGELADOS;OTROS;;UND;1.502;17/09/2026
;SIU MAI DE CERDO 20 GR CONGELADO;Alimentación;CONGELADOS;OTROS;;UND;0.42;21/07/2020
;TEQUEÑOS DE LOMITO 20 GR CONGELADO;Alimentación;CONGELADOS;OTROS;;UND;0.393;17/09/2026
;WANTAN ARMADO CON RELLENO SIU MAI CERDO 17 GR CONGELADO;Alimentación;CONGELADOS;OTROS;;UND;0.25;05/11/2021
;ENROLLADO PRIMAVERA 22 GR CONGELADO;Alimentación;CONGELADOS;OTROS;;UND;0.33;27/11/2022
;CAJA CHICA - HIERBA LUISA;Alimentación;CAJA CHICA                         ;;;KG;5.8;14/04/2026
;CAJA CHICA - LECHE SIN LACTOSA LAIVE 480 G;Alimentación;CAJA CHICA                         ;;;CAJ;7;04/12/2024
;PARIHUELA DE MADERA EAN 1.00 X 1.20 MT;Alimentación;SIN CATEGORIA                      ;;;UND;20;31/03/2024
;FOSFORO DE MADERA INTI;Alimentación;KIOSKO;KIOSKO;KIOSKO;UND;0.2;03/08/2019
;JAMONADA PASTEL DE VERDURAS CONGELADO KG;Alimentación;CONGELADOS;EMBUTIDOS;CERDO;KG;16.55;24/10/2020
;PIÑA (L);Alimentación;REFRIGERADOS;FRUTAS Y VERDURAS;FRUTAS;KG;4.6;28/08/2026
;MANZANA ROYAL GALA;Alimentación;REFRIGERADOS;FRUTAS Y VERDURAS;FRUTAS;KG;8.85976;13/10/2023
;UVA VERDE;Alimentación;REFRIGERADOS;FRUTAS Y VERDURAS;FRUTAS;KG;9.8;01/01/2026
;MANDARINA;Alimentación;REFRIGERADOS;FRUTAS Y VERDURAS;FRUTAS;KG;4.85;26/09/2026
;PAPA COCKTAIL;Alimentación;REFRIGERADOS;FRUTAS Y VERDURAS;VERDURAS;KG;3.33;26/09/2026
;PILAS DURACELL AAA 2 UND;Alimentación;KIOSKO;KIOSKO;KIOSKO;BLI;6.76;13/09/2026
;PILAS DURACELL AA 2 UND;Alimentación;KIOSKO;KIOSKO;KIOSKO;BLI;6.76;13/09/2026
;SHAMPOO H&S 180 ML;Alimentación;KIOSKO;KIOSKO;KIOSKO;FCO;12.39;13/02/2019
;ZAPALLO MACRE EN CUBO LIBER 1.5 X 1.5 CM CONGELADO;Alimentación;CONGELADOS;FRUTAS Y VERDURAS;VERDURAS PRE ELABORADAS            ;KG;7.843269;01/10/2026
;ARVEJA FRESCA EN VAINA;Alimentación;REFRIGERADOS;FRUTAS Y VERDURAS;VERDURAS;KG;5.5;06/10/2022
;ESCOBILLA DE PLASTICO PARA LIMPIAR UÑAS;Alimentación;LIMPIEZA;ARTICULOS PARA LIMPIEZA;ESCOBILLAS;UND;1.452;01/07/2018
;CREMA DENTAL DENTO 75/80 ML;Alimentación;KIOSKO;KIOSKO;KIOSKO;TUB;2.13;23/07/2020
;MAQUINA DE AFEITAR SHICK;Alimentación;KIOSKO;KIOSKO;KIOSKO;UND;2.313145;23/07/2020
;HUEVO ROJO (CAJA 11.5 KG);Alimentación;REFRIGERADOS;HUEVO;GALLINA;CAJ;80.5;24/09/2026
;HUEVO LIQUIDO CONGELADO 2 KG;Alimentación;CONGELADOS;CARNES;GALLINA;PQT;25;01/10/2026
;HUEVO ROSADO (CAJA 25.7KG);Alimentación;REFRIGERADOS;HUEVO;GALLINA;CAJ;216.3;21/05/2026
;HUEVO ROSADO BANDEJA 12 PQTS X 15 UNIDS;Alimentación;REFRIGERADOS;HUEVO;GALLINA;CAJ;89.407;01/07/2020
;CREMA DE LECHE CUSIPAK UHT 1 LT;Alimentación;REFRIGERADOS;LACTEOS;CREMA DE LECHE;UND;13.7;15/11/2018
;LECHE EN BRICK LIGHT GLORIA 1 LT;Alimentación;REFRIGERADOS;LACTEOS;LECHE FRESCA;CAJ;4.48;22/08/2025
;LECHE EN BRICK LIGHT GLORIA 946 ML;Alimentación;REFRIGERADOS;LACTEOS;LECHE FRESCA;CAJ;4.48;24/08/2026
;MANJAR AREQUIPEÑO LAIVE 900 GR;Alimentación;REFRIGERADOS;LACTEOS;MANJAR BLANCO;BOL;7.32;19/01/2024
;MANJAR BLANQUITO BAZO VELARDE LAIVE 900 GR;Alimentación;REFRIGERADOS;LACTEOS;MANJAR BLANCO;BOL;6.57;24/09/2026
;MANJAR BLANQUITO LAIVE 900 GR;Alimentación;REFRIGERADOS;LACTEOS;MANJAR BLANCO;BOL;6.57;05/03/2026
;MANJAR BLANCO NESTLE 1 KG;Alimentación;REFRIGERADOS;LACTEOS;MANJAR BLANCO;BOL;14.32;28/05/2020
;MANTEQUILLA GLORIA PERSONAL 10 GR;Alimentación;REFRIGERADOS;LACTEOS;MANTEQUILLA;UND;0.38;13/09/2026
;MANTEQUILLA LAIVE PERSONAL 8 GR;Alimentación;REFRIGERADOS;LACTEOS;MANTEQUILLA;UND;0.45;24/08/2026
;MANTEQUILLA SANCOR PERSONAL 10 GRM;Alimentación;REFRIGERADOS;LACTEOS;MANTEQUILLA;UND;0.428;15/11/2018
;MARGARINA LA DANESA 220 GR;Alimentación;REFRIGERADOS;LACTEOS;MARGARINA;POT;3.59;14/04/2023
;MARGARINA SWISS LAIVE POTE 450 GR;Alimentación;REFRIGERADOS;LACTEOS;MARGARINA;POT;8.091;18/03/2025
;MARGARINA MULTIUSO ROMEA CAKE 2.5 KG;Alimentación;REFRIGERADOS;LACTEOS;MARGARINA;BAR;29.65;12/07/2026
;MARGARINA MULTIUSO ROMEA 2.5 KG;Alimentación;REFRIGERADOS;LACTEOS;MARGARINA;BAR;29.65;24/09/2026
;MARGARINA PRIMAVERA HOJALDRE 2 KG;Alimentación;REFRIGERADOS;LACTEOS;MARGARINA;BAR;37.483;21/10/2024
;MARGARINA LA DANESA 2 KG;Alimentación;REFRIGERADOS;LACTEOS;MARGARINA;BAR;15.818026;08/05/2021
;MARGARINA SELLO DE ORO POTE 190 GR (EMER);Alimentación;REFRIGERADOS;LACTEOS;MARGARINA;POT;20.775915;21/01/2020
;MARGARINA LA PREFERIDA 10 KG;Alimentación;REFRIGERADOS;LACTEOS;MARGARINA;BAR;103.083;01/05/2019
;MARGARINA LA DANESA 90 GR;Alimentación;REFRIGERADOS;LACTEOS;MARGARINA;BAR;1.22;02/03/2023
;MARGARINA LA DANESA 500 GR;Alimentación;REFRIGERADOS;LACTEOS;MARGARINA;BAR;7.757;22/08/2025
;QUESO FRESCO BONLE MOLDE REFRIGERADO KG;Alimentación;REFRIGERADOS;LACTEOS;QUESOS                             ;KG;22.4;28/03/2026
;QUESO PARMESANO LAIVE 35 GR;Alimentación;REFRIGERADOS;LACTEOS;QUESOS                             ;SCH;2.339;06/11/2019
;QUESO EDAM LAMINADO LAIVE 500 GR REFRIGERADO;Alimentación;REFRIGERADOS;LACTEOS;QUESOS                             ;PQT;19.123;01/08/2025
;QUESO MOZARELLA MILKUNZ REFRIGERADO;Alimentación;REFRIGERADOS;LACTEOS;QUESOS                             ;KG;26.52;24/09/2026
;QUESO FRESCO LAIVE MOLDE REFRIGERADO KG;Alimentación;REFRIGERADOS;LACTEOS;QUESOS                             ;KG;22.82;24/09/2026
;QUESO FRESCO DELICE KG;Alimentación;REFRIGERADOS;LACTEOS;QUESOS                             ;KG;22.89;17/09/2023
;QUESO MOZARELLA LAIVE REFRIGERADO KG;Alimentación;REFRIGERADOS;LACTEOS;QUESOS                             ;KG;32.31;09/11/2023
;QUESO MOZARELLA RALLADO LA PAULINA REFRIGERADO 3 KG;Alimentación;REFRIGERADOS;LACTEOS;QUESOS                             ;PQT;88.23;10/05/2026
;QUESO PARMESANO RALLADO LA PAULINA (LACTAFOOD)REFRIGERADO 500 GR;Alimentación;REFRIGERADOS;LACTEOS;QUESOS                             ;BOL;25.69;12/07/2026
;QUESO FRESCO GLORIA MOLDE REFRIGERADO KG;Alimentación;REFRIGERADOS;LACTEOS;QUESOS                             ;KG;15.48;27/02/2020
;QUESO EDAM EN TAJADAS LAIVE X 500 GR REFRIGERADO;Alimentación;REFRIGERADOS;LACTEOS;QUESOS                             ;PQT;15.66;01/07/2020
;QUESO FRESCO LAIT'S REFRIGERADO KG;Alimentación;REFRIGERADOS;LACTEOS;QUESOS                             ;KG;22.9;16/10/2021
;YOGURT DE FRESA GLORIA 500 ML;Alimentación;REFRIGERADOS;LACTEOS;YOGURT;BOT;2.733;24/09/2026
;YOGURT DE DURAZNO GLORIA 500 ML;Alimentación;REFRIGERADOS;LACTEOS;YOGURT;BOT;1.818;15/02/2022
;YOGURT DE FRESA GLORIA 180 ML (EMER);Alimentación;REFRIGERADOS;LACTEOS;YOGURT;BOT;1.67;10/05/2026
;YOGURT DE VAINILLA FRANCESA   GLORIA 500 ML;Alimentación;REFRIGERADOS;LACTEOS;YOGURT;BOT;2.733;24/09/2026
;ACEITUNA NEGRA RODAJA;Alimentación;REFRIGERADOS;OTROS;ACEITUNA;KG;27;24/09/2026
;ACEITUNA VERDE RODAJA;Alimentación;REFRIGERADOS;OTROS;ACEITUNA;KG;22;24/08/2026
;JUGO DE PIÑA PASTEURIZADO X 3.8 LT;Alimentación;REFRIGERADOS;OTROS;JUGOS FRESCOS;GLN;22.9;13/09/2026
;SALSA AJI PARRILLERO EMIC 1 KG;Alimentación;REFRIGERADOS;OTROS;;BOL;10;24/08/2026
;SALSA MAYONESA ACEVICHADA EMIC 1 KG;Alimentación;REFRIGERADOS;OTROS;;BOL;12.8;13/08/2026
;TAMAL DE MAIZ 230 GR;Alimentación;ABARROTES;ABARROTES 2DA NECESIDAD;PREPARADOS;LAT;5.2;11/04/2022
;CREMA TIPO CHANTILLY SNEL 1LT;Ambos;REFRIGERADOS;OTROS;REPOSTERIA                         ;CAJ;10.71;13/09/2026
;CREMA CHANTILLY MONA LISA BRICKS 1LT;Alimentación;REFRIGERADOS;OTROS;REPOSTERIA                         ;CAJ;12.59;03/08/2026
;CIRUELA SECA 4 ESTACIONES 1 KG;Alimentación;REFRIGERADOS;OTROS;FRUTO SECO                         ;BOL;25.2;27/08/2023
;HIGO SECO PREMIUM 4 ESTACIONES 1 KG;Alimentación;REFRIGERADOS;OTROS;FRUTO SECO                         ;BOL;34;13/09/2026
;PASAS SECAS NEGRAS GARDEN 4 ESTACIONES 1 KG;Alimentación;REFRIGERADOS;OTROS;FRUTO SECO                         ;BOL;15.5;24/08/2026
;FRUTA CONFITADA 4 ESTACIONES 1 KG;Alimentación;REFRIGERADOS;OTROS;FRUTO SECO                         ;BOL;11.8;04/09/2026
;GUINDONES SIN PEPA 4 ESTACIONES 250 GR;Alimentación;REFRIGERADOS;OTROS;FRUTO SECO                         ;BOL;6.778;21/12/2021
;HONGO SECO 4 ESTACIONES 1 KG;Alimentación;ABARROTES;ABARROTES 2DA NECESIDAD;ESPECERIAS Y FRUTOS;BOL;61.5;17/09/2026
;PASAS SECAS NEGRAS 4 ESTACIONES 1 KG;Alimentación;REFRIGERADOS;OTROS;FRUTO SECO                         ;BOL;15.5;18/07/2025
;PURE DE CAMOTE EMIC 1 KG;Alimentación;REFRIGERADOS;OTROS;;BOL;7.02;19/12/2019
;AJI DE POLLERIA (CRIOLLO) EMIC 1 KG;Alimentación;REFRIGERADOS;OTROS;;BOL;11.9;24/09/2026
;MANTECA VEGETAL DORO 10 KG;Alimentación;REFRIGERADOS;MANTECA                            ;;CAJ;57;17/04/2021
;MANTECA VEGETAL DE PALMA 10 KG;Alimentación;REFRIGERADOS;MANTECA                            ;;CAJ;86;04/09/2026
;MANTECA VEGETAL GUSTO SELECTO 10 KG;Alimentación;REFRIGERADOS;MANTECA                            ;;CAJ;99.669778;06/10/2022
;JAMON DEL PAIS CONGELADO 500 GR;Alimentación;CONGELADOS;EMBUTIDOS;CERDO;PQT;15.9;10/07/2020
;BOLSA PARA CUBIERTO 8 X 3 200 UND;Alimentación;DESCARTABLES;PLASTICOS;BOLSAS;PQT;1.658;21/10/2024
;"BOLSA POLIETILENO CRISTAL 26""X40""X1MC X MILLAR";Alimentación;DESCARTABLES;PLASTICOS;BOLSAS;PQT;437.76;28/07/2024
;BOLSA POLIETILENO CRISTAL 90X135CM 30ÌM X 100 UND;Alimentación;DESCARTABLES;PLASTICOS;BOLSAS;PQT;102.752;02/09/2026
;BOLSA PLASTICA RESELLABLE 50 UNID.;Alimentación;DESCARTABLES;PLASTICOS;BOLSAS;PQT;11.343996;13/09/2026
;BOLSA PARA CUBIERTO 4 X 10 PQTE 200 UND;Alimentación;DESCARTABLES;PLASTICOS;BOLSAS;PQT;4.131;11/10/2024
;"BOLSA PARA BASURA PLASTICA ROJA  250 LT 1.8 MC 52"" X 40"" 100 UND";Alimentación;DESCARTABLES;PLASTICOS;BOLSAS;PQT;88.2545;02/02/2025
;BOLSA PARA BASURA PLASTICA AZUL 250 LT 100 UND;Alimentación;DESCARTABLES;PLASTICOS;BOLSAS;PQT;88.187;07/03/2025
;BOLSA PARA BASURA PLASTICA VERDE  250 LT 100 UND;Alimentación;DESCARTABLES;PLASTICOS;BOLSAS;PQT;87.821297;25/10/2025
;BOLSA PARA BASURA PLASTICA MARRON 1.8 MC 250 LT 100 UND;Alimentación;DESCARTABLES;PLASTICOS;BOLSAS;PQT;88.187;11/10/2024
;BOLSA PARA BASURA PLASTICA AMARILLA 250 LT 100 UND;Alimentación;DESCARTABLES;PLASTICOS;BOLSAS;PQT;88.187;24/02/2025
;BOLSA BLANCA T-SHIRT BIODEG.PARAISO 16 X 19 PAQ 1000 UND;Alimentación;DESCARTABLES;PLASTICOS;BOLSAS;PQT;181.693;30/06/2020
;BOLSA PARA BASURA PLASTICA BLANCA 250 LT 100 UND;Alimentación;DESCARTABLES;PLASTICOS;BOLSAS;PQT;88.187;27/02/2026
;BOLSA DE PAPEL KRAFT #4  MILLAR;Alimentación;DESCARTABLES;PLASTICOS;BOLSAS;PQT;70.06677;15/07/2021
;BOLSA DE PAPEL KRAFT #6 MILLAR;Alimentación;DESCARTABLES;PLASTICOS;BOLSAS;PQT;78.5;07/10/2020
;"BOLSA PARA BASURA PLASTICA AMARILLA 75 LT 2 MC 28"" X 72"" 100 UND";Alimentación;DESCARTABLES;PLASTICOS;BOLSAS;PQT;42.69;08/06/2023
;BOLSA BLANCA T-SHIRT PARAISO 16 X 19 PAQ - 1000 UND;Alimentación;DESCARTABLES;PLASTICOS;BOLSAS;PQT;219.510552;13/08/2021
;BOLSA BLANCA T-SHIRT PARAISO 21 X 24  - 500 UND;Alimentación;DESCARTABLES;PLASTICOS;BOLSAS;PQT;155.494;05/08/2022
;BOLSA PARA LAVANDERIA BIODEG.PARAISO 16.5 X 23 PAQ 1000 UND;Alimentación;DESCARTABLES;PLASTICOS;BOLSAS;PQT;248.003;07/04/2021
;BOLSA PARA CUBIERTO 4 X 10 PQTE 50 UND;Alimentación;DESCARTABLES;PLASTICOS;BOLSAS;PQT;0.593;23/05/2021
;BOLSA DE POLIETILENO CRISTAL 26X40X1MC X MILLAR;Alimentación;DESCARTABLES;PLASTICOS;BOLSAS;PQT;444.915;04/08/2023
;"BOLSA PARA BASURA PLASTICA NEGRA C/F 35 LT 30"" X 20"" 100 UND 1.2 MC";Alimentación;DESCARTABLES;PLASTICOS;BOLSAS;PQT;12.92;07/03/2025
;"BOLSA PARA BASURA PLASTICA ROJA  C/F 35 LT 30"" X 20"" 100 UND 1.2 MC";Alimentación;DESCARTABLES;PLASTICOS;BOLSAS;PQT;13.5;05/11/2025
;BOLSA PARA BASURA PLASTICA AMARILLO C/F 140 LT 1.4 MC 41´´X 35´´ 100 UND;Alimentación;DESCARTABLES;PLASTICOS;BOLSAS;PQT;52.859;27/05/2026
;BOLSA PARA BASURA PLASTICA AZUL C/F 140 LT 1.4 MC 41´´X 35´´ 100 UND;Alimentación;DESCARTABLES;PLASTICOS;BOLSAS;PQT;52.859;12/07/2026
;BOLSA PARA BASURA PLASTICA BLANCA C/F 140 LT 1.4 MC 41´´X 35´´ 100 UND;Alimentación;DESCARTABLES;PLASTICOS;BOLSAS;PQT;52.859;12/07/2026
;BOLSA PARA BASURA PLASTICA MARRON C/F 140 LT 1.4 MC 41´´X 35´´ 100 UND;Alimentación;DESCARTABLES;PLASTICOS;BOLSAS;PQT;52.859;17/09/2026
;BOLSA PARA BASURA PLASTICA NEGRA C/F 140 LT 1.4 MC 41´´X 35´´ 100 UND;Alimentación;DESCARTABLES;PLASTICOS;BOLSAS;PQT;36.281;13/09/2026
;BOLSA PARA BASURA PLASTICA ROJA C/F 140 LT 1.4 MC 41´´X 35´´ 100 UND;Alimentación;DESCARTABLES;PLASTICOS;BOLSAS;PQT;52.859;17/09/2026
;BOLSA DE PAPEL KRAFT #4 C/LOGO SODEXO 500 UND;Alimentación;DESCARTABLES;PLASTICOS;BOLSAS;PQT;37.5;15/09/2021
;BOLSA DE PAPEL KRAFT #4 500 UND;Alimentación;DESCARTABLES;PLASTICOS;BOLSAS;PQT;66.73267;30/10/2024
;BOLSA BLANCA T-SHIRT CHICA PARAISO 16 X 19 X 2 (PQT 1000 UND);Alimentación;DESCARTABLES;PLASTICOS;BOLSAS;PQT;205.399773;24/09/2026
;BOLSA PLANA LAVANDERIA PARAISO 16.5 X 23 X 2 PQT (1000 UND);Alimentación;DESCARTABLES;PLASTICOS;BOLSAS;PQT;337.968;19/04/2022
;TENEDOR BLANCO DE PLASTICO DESCARTABLE D81110001 50 UND;Alimentación;DESCARTABLES;PLASTICOS;CUBIERTOS;PQT;7.95;22/03/2024
;CUCHARA SOPERA DESCARTABLE EN BOLSA X 50UND;Alimentación;DESCARTABLES;PLASTICOS;CUBIERTOS;PQT;2.135;24/08/2024
;CUCHILLO ACRILICO DESCARTABLE 50 UND;Alimentación;DESCARTABLES;PLASTICOS;CUBIERTOS;PQT;4.88;22/06/2026
;TENEDOR ACRILICO DESCARTABLE 50  UND;Alimentación;DESCARTABLES;PLASTICOS;CUBIERTOS;PQT;4.88;22/06/2026
;BOTELLA DESCARTABLE PET HOT FILLING (80°) CON TAPA DE 500 ML X 100 UND;Alimentación;DESCARTABLES;PLASTICOS;ENVASES;PQT;102.983;13/09/2026
;ENVASE DESCARTABLE CON TAPA F5 32 OZ 200 UND TRANSPARENTE/NEGRO;Alimentación;DESCARTABLES;PLASTICOS;ENVASES;PQT;180;12/07/2021
;ENVASE DESCARTABLE CON TAPA F5 16 OZ 250 UND  TRANSPARENTE / NEGRO;Alimentación;DESCARTABLES;PLASTICOS;ENVASES;PQT;155.13;12/07/2021
;ENVASE DESCARTABLE CON TAPA REDONDO 500 CC (1/2 LITRO) MILLAR;Alimentación;DESCARTABLES;PLASTICOS;ENVASES;PQT;359;12/07/2021
;ENVASE DESCARTABLE CON TAPA REDONDO 8 OZ 500 UND;Alimentación;DESCARTABLES;PLASTICOS;ENVASES;PQT;112.5;23/06/2021
;ENVASE DESCARTABLE CON TAPA REDONDO 1000 CC MILLAR;Alimentación;DESCARTABLES;PLASTICOS;ENVASES;PQT;425;31/07/2020
;ENVASE DESCARTABLE SIN TAPA F5 16 OZ 250 UND TRANSPARENTE/ NEGRO;Alimentación;DESCARTABLES;PLASTICOS;ENVASES;PQT;94.251;21/10/2024
;TAPA ENVASE DESCARTABLE F5 16 OZ 250 UND TRANSPARENTE/ NEGRO;Alimentación;DESCARTABLES;PLASTICOS;ENVASES;PQT;60.879;21/10/2024
;ENVASE DESCARTABLE SIN TAPA F5 32 OZ 200 UND TRANSPARENTE/NEGRO;Alimentación;DESCARTABLES;PLASTICOS;ENVASES;PQT;107.826;30/10/2024
;TAPA ENVASE DESCARTABLE F5 32 OZ 200 UND TRANSPARENTE/NEGRO;Alimentación;DESCARTABLES;PLASTICOS;ENVASES;PQT;72.174;30/10/2024
;TAPA ENVASE DESCARTABLE REDONDO 1000 CC / 500CC 500 UND;Alimentación;DESCARTABLES;PLASTICOS;ENVASES;PQT;71.12;23/05/2024
;ENVASE DESCARTABLE SIN TAPA REDONDO 500 CC 200UND;Alimentación;DESCARTABLES;PLASTICOS;ENVASES;PQT;69.737517;25/01/2025
;ENVASE DESCARTABLE SIN TAPA REDONDO 8 OZ 500 UND;Alimentación;DESCARTABLES;PLASTICOS;ENVASES;PQT;96.56;29/09/2024
;TAPA ENVASE DESCARTABLE REDONDO 8 OZ 500 UND;Alimentación;DESCARTABLES;PLASTICOS;ENVASES;PQT;49.46;23/05/2024
;"STRECH FILM  DE GRADO ALIMENTARIO ROLLO 18"" X 1400 MT";Alimentación;DESCARTABLES;PLASTICOS;OTROS;UND;247.921447;26/07/2024
;"STRECH FILM NO ALIMENTARIO PARA EMBALAJE TRANSPARENTE ROLLO 20"" 1.5 KG";Alimentación;DESCARTABLES;PLASTICOS;OTROS;RLL;23.490628;24/07/2026
;"STRECH FILM NO ALIMENTARIO PARA EMBALAJE TRANSPARENTE ANTALIS ROLLO 20"" 1.5KG";Alimentación;DESCARTABLES;PLASTICOS;OTROS;RLL;26.5;09/10/2025
;PLATO TENDIDO PARA POSTRE DESCARTABLE 25 UND;Alimentación;DESCARTABLES;PLASTICOS;PLATOS;PQT;1.445946;16/06/2020
;PLATO TENDIDO PARA ENTRADA DESCARTABLE 25 UND;Alimentación;DESCARTABLES;PLASTICOS;PLATOS;PQT;1.15;16/06/2020
;PLATO TENDIDO PARA SEGUNDO DESCARTABLE # 20  MILLAR;Alimentación;DESCARTABLES;PLASTICOS;PLATOS;PQT;76.633813;21/06/2020
;VASO DESCARTABLE PLASTICO 5 OZ MILLAR;Alimentación;DESCARTABLES;PLASTICOS;VASOS;PQT;46.4;06/10/2022
;VASO DESCARTABLE PLASTICO 7 OZ MILLAR;Alimentación;DESCARTABLES;PLASTICOS;VASOS;PQT;37.9;01/09/2020
;MANGA JACKSON SAFETY G60 KEVLAR;Alimentación;PROTECCION Y SEGURIDAD             ;EPP                                ;;PAR;32.64;10/06/2021
;VASO DESCARTABLE POLIPAPEL BLANCO 8 OZ MILLAR;Alimentación;DESCARTABLES;POLIPAPEL;VASOS;PQT;287.65;08/09/2024
;CAPUCHA DESCARTABLE 1/ 2 CAMPANA STANDAR 12 G/M2 R&G CAJA X 100 UND;Alimentación;DESCARTABLES;SEGURIDAD;GORROS;BOL;50.847;07/11/2025
;TOCA TIPO TIRA (CAJA X 100 UND);Alimentación;DESCARTABLES;SEGURIDAD;GORROS;CAJ;15.55;24/05/2020
;TOCA TIPO TIRA DESCARTABLE BLANCA R&G CAJA X 100 UND;Alimentación;DESCARTABLES;SEGURIDAD;GORROS;CAJ;14.83;07/12/2025
;CAPUCHA DESCARTABLE 1/ 2 CAMPANA STANDAR 100 UND;Alimentación;DESCARTABLES;SEGURIDAD;GORROS;BOL;52.799737;29/06/2025
;GUANTE DE NITRILO LIBRE DE POLVO NACOSA 100 UND TALLA L;Alimentación;DESCARTABLES;SEGURIDAD;GUANTES;CAJ;69.9;21/04/2022
;GUANTE DE NITRILO LIBRE DE POLVO NACOSA 100 UND TALLA S;Alimentación;DESCARTABLES;SEGURIDAD;GUANTES;CAJ;69.9;29/10/2021
;GUANTE DE NITRILO LIBRE DE POLVO ULTRASOFT 100 UND TALLA S;Alimentación;DESCARTABLES;SEGURIDAD;GUANTES;CAJ;69.9;07/01/2023
;GUANTE DE NITRILO LIBRE DE POLVO ULTRASOFT 100 UND TALLA M;Alimentación;DESCARTABLES;SEGURIDAD;GUANTES;CAJ;58.75;07/01/2023
;GUANTE DE NITRILO LIBRE DE POLVO ULTRASOFT 100 UND TALLA L;Alimentación;DESCARTABLES;SEGURIDAD;GUANTES;CAJ;58.75;28/06/2022
;GUANTE DE NITRILO LIBRE DE POLVO CELESTE R&G CAJA X 100 UND TALLA S;Alimentación;DESCARTABLES;SEGURIDAD;GUANTES;CAJ;18.257;04/05/2023
;GUANTES DE POLIETILENO DESC R&G CAJA X 100 UNIDADES T M;Alimentación;DESCARTABLES;SEGURIDAD;GUANTES;CAJ;3.6;06/06/2024
;GUANTES DE POLIETILENO DESC R&G CAJA X 100 UNIDADES T L;Alimentación;DESCARTABLES;SEGURIDAD;GUANTES;CAJ;3.6;05/05/2024
;GUANTE DE NITRILO LIBRE DE POLVO CELESTE FAMILY DOCTOR CAJA X 100 UND TALLA L;Alimentación;DESCARTABLES;SEGURIDAD;GUANTES;CAJ;11.169128;21/10/2024
;GUANTE DE NITRILO LIBRE DE POLVO CELESTE FAMILY DOCTOR CAJA X 100 UND TALLA M;Alimentación;DESCARTABLES;SEGURIDAD;GUANTES;CAJ;10.966169;21/10/2024
;GUANTE DE NITRILO LIBRE DE POLVO CELESTE FAMILY DOCTOR CAJA X 100 UND TALLA S;Alimentación;DESCARTABLES;SEGURIDAD;GUANTES;CAJ;10.998537;24/08/2024
;GUANTE DE NITRILO LIBRE DE POLVO CELESTE FAMILY DOCTOR CAJA X 75 UND TALLA S;Alimentación;DESCARTABLES;SEGURIDAD;GUANTES;CAJ;10.62;07/12/2024
;GUANTE DE NITRILO LIBRE DE POLVO CELESTE FAMILY DOCTOR CAJA X 75 UND TALLA M;Alimentación;DESCARTABLES;SEGURIDAD;GUANTES;CAJ;10.62;01/12/2024
;GUANTE DE NITRILO LIBRE DE POLVO CELESTE FAMILY DOCTOR CAJA X 75 UND TALLA L;Alimentación;DESCARTABLES;SEGURIDAD;GUANTES;CAJ;10.62;22/11/2024
;GUANTE DE NITRILO CELESTE MAKETTO ISUDAMERICA CAJA X 100 UND T M;Alimentación;DESCARTABLES;SEGURIDAD;GUANTES;CAJ;12.03;12/09/2025
;GUANTE DE NITRILO CELESTE MAKETTO ISUDAMERICA CAJA X 100 UND T L;Alimentación;DESCARTABLES;SEGURIDAD;GUANTES;CAJ;12.03;01/10/2025
;GUANTE DE NITRILO CELESTE 3.5GR MAKETTO TALLA L X100UND;Alimentación;DESCARTABLES;SEGURIDAD;GUANTES;PQT;11.29;12/06/2026
;GUANTE DE VINILO M 100 UND;Alimentación;DESCARTABLES;SEGURIDAD;GUANTES;CAJ;14.85;28/11/2019
;GUANTE DE NITRILO LIBRE DE POLVO 100 UND TALLA L;Alimentación;DESCARTABLES;SEGURIDAD;GUANTES;CAJ;67.5;20/08/2021
;GUANTE DE NITRILO LIBRE DE POLVO 100 UND TALLA M;Alimentación;DESCARTABLES;SEGURIDAD;GUANTES;CAJ;67.4718;15/09/2021
;GUANTE DE NITRILO LIBRE DE POLVO 100 UND TALLA S;Alimentación;DESCARTABLES;SEGURIDAD;GUANTES;CAJ;67.5;20/08/2021
;GUANTE DE NITRILO LIBRE DE POLVO CELESTE R&G CAJ X 100 UND TALLA S;Alimentación;DESCARTABLES;SEGURIDAD;GUANTES;CAJ;74.08;20/06/2021
;GUANTE DE NITRILO LIBRE DE POLVO VERDE R&G CAJA X 100 UND TALLA S;Alimentación;DESCARTABLES;SEGURIDAD;GUANTES;CAJ;95.34;08/07/2021
;GUANTE DE NITRILO LIBRE DE POLVO CELESTE R&G CAJA X 100 UND TALLA M;Alimentación;DESCARTABLES;SEGURIDAD;GUANTES;CAJ;18.179;24/05/2023
;GUANTE DE NITRILO LIBRE DE POLVO CELESTE R&G CAJA X 100 UND TALLA L;Alimentación;DESCARTABLES;SEGURIDAD;GUANTES;CAJ;25.594;16/07/2022
;GUANTE DE NITRILO LIBRE DE POLVO VERDE R&G CAJA X 100 UND TALLA M;Alimentación;DESCARTABLES;SEGURIDAD;GUANTES;CAJ;87.059162;13/12/2020
;GUANTE DE NITRILO GOLD GUARD AZUL 4500 CJ 100 UN T M;Alimentación;DESCARTABLES;SEGURIDAD;GUANTES;CAJ;67.258;17/12/2022
;GUANTE DE NITRILO NINJA EXPLORER CJ 100 UN T L;Alimentación;DESCARTABLES;SEGURIDAD;GUANTES;CAJ;79.7;20/06/2021
;GUANTE DE NITRILO NINJA EXPLORER CJ 100 UN T M;Alimentación;DESCARTABLES;SEGURIDAD;GUANTES;CAJ;79.7;07/04/2022
;GUANTES DE NITRILO HONEYWELL CJ 100 UN T M;Alimentación;DESCARTABLES;SEGURIDAD;GUANTES;CAJ;72.591;06/09/2022
;GUANTES DE NITRILO HONEYWELL CJ 100 UN T L;Alimentación;DESCARTABLES;SEGURIDAD;GUANTES;CAJ;72.591;17/04/2022
;MASCARILLA 3 PLIEGUES PREMIUM VALMASK CJ 50 UN;Alimentación;DESCARTABLES;SEGURIDAD;MASCARILLAS;PQT;7.38;08/01/2022
;MASCARILLA 3 PLIEGUES FAMILY DOCTOR  CJ X 50 UND;Alimentación;DESCARTABLES;SEGURIDAD;MASCARILLAS;PQT;6.8;24/03/2023
;MASCARILLA KN95 SHYLAR CJ 100 UN;Alimentación;DESCARTABLES;SEGURIDAD;MASCARILLAS;CAJ;115;18/02/2022
;MASCARILLA ASEPTICA 50 UND;Alimentación;DESCARTABLES;SEGURIDAD;MASCARILLAS;CAJ;16.003158;27/02/2020
;MASCARILLA N95 TIPO C R&G CAJA X 50 UND;Alimentación;DESCARTABLES;SEGURIDAD;MASCARILLAS;CAJ;152.54;10/07/2020
;MASCARILLA 3 PLIEGUES VIC CAJA X50UND;Alimentación;DESCARTABLES;SEGURIDAD;MASCARILLAS;CAJ;106.305491;13/08/2020
;PROTECTOR FACIAL WORK 0.4MM;Alimentación;PROTECCION Y SEGURIDAD             ;EPP                                ;;UND;7.350028;23/07/2021
;MASCARILLA KN95 GP CAJA X 10 UND;Alimentación;DESCARTABLES;SEGURIDAD;MASCARILLAS;CAJ;10;07/08/2025
;MASCARILLA 3 PLIEGUES GP CJ X 50 UND;Alimentación;DESCARTABLES;SEGURIDAD;MASCARILLAS;PQT;54;15/12/2020
;MASCARILLA 3 PLIEGUES FACE MASK CJ X 50 UND;Alimentación;DESCARTABLES;SEGURIDAD;MASCARILLAS;PQT;5.7;24/09/2026
;MASCARILLA 3 PLIEGUES LINK TEK CJ 50 UN;Alimentación;DESCARTABLES;SEGURIDAD;MASCARILLAS;PQT;18.25;02/04/2021
;MASCARILLA 3 PLIEGUES DEYSA CARE CJ 50 UN;Alimentación;DESCARTABLES;SEGURIDAD;MASCARILLAS;PQT;15.25;01/10/2021
;CONTENEDOR TERMICO D4031XX  CT5  200 UND;Alimentación;DESCARTABLES;TECNOPOR;ENVASES;PQT;79.16;23/07/2020
;VASO POLIPAPEL 8 OZ C/DISEÑO BEBIDAS CALIENTES X MILLAR;Alimentación;DESCARTABLES;TECNOPOR;VASOS;PQT;255.597082;18/08/2024
;TAPA PARA VASO POLIPAPEL 8 OZ C/DISEÑO BEBIDAS CALIENTES X MILLAR;Alimentación;DESCARTABLES;TECNOPOR;VASOS;PQT;118.77;29/09/2024
;MONDADIENTES PQT X 2500 UND;Alimentación;DESCARTABLES;OTROS;;PQT;8.475;12/07/2026
;MONDADIENTES BAMBÚ DOBLE PUNTA BOLSA X 250 UND;Alimentación;DESCARTABLES;OTROS;;CAJ;0.983;24/02/2025
;PIROTINES PARA POSTRE #8 X MILLAR;Alimentación;DESCARTABLES;OTROS;;PQT;45.198;12/07/2026
;MONDADIENTES CANDY 200 UND;Alimentación;DESCARTABLES;OTROS;;CAJ;0.77;20/01/2025
;PALITOS DE BROCHETA 20 CM  100 UND;Alimentación;DESCARTABLES;OTROS;;PQT;2.39;21/05/2026
;MONDADIENTES CON ENVOLTURA X MILLAR;Alimentación;DESCARTABLES;OTROS;;PQT;7.7;29/11/2023
;PALITOS DE BROCHETA 24 CM MILLAR;Alimentación;DESCARTABLES;OTROS;;PQT;33;29/04/2026
;CUY ENTERO CONGELADO;Alimentación;CONGELADOS;CARNES;ANIMALES MENORES;KG;47.6089;01/07/2026
;ACELGA;Alimentación;REFRIGERADOS;FRUTAS Y VERDURAS;VERDURAS;KG;4.28;13/09/2026
;ALAS DE POLLO CONGELADO;Alimentación;CONGELADOS;CARNES;POLLO;KG;11.731381;17/09/2026
;LECHUGA AMERICANA;Alimentación;REFRIGERADOS;FRUTAS Y VERDURAS;VERDURAS;KG;5.12;26/09/2026
;MOLLEJA DE POLLO CONGELADO;Alimentación;CONGELADOS;CARNES;MENUDENCIAS                        ;KG;7.62;21/07/2020
;CLEAN BY PEROXY SPARTAN 5 LITROS;Alimentación;LIMPIEZA;INSUMOS PARA LIMPIEZA;DESINFECTANTE;UND;89.43;25/04/2024
;XTREME CLEAN SPARTAN 3.875 LITROS;Alimentación;LIMPIEZA;INSUMOS PARA LIMPIEZA;SACAGRASA;GLN;89.11;06/07/2024
;XTREME CLEAN SPARTAN 5 LITROS;Alimentación;LIMPIEZA;INSUMOS PARA LIMPIEZA;SACAGRASA;UND;146.25;07/11/2025
;SPARCLEAN RINSE AID II SPARTAN 5 LITROS;Alimentación;LIMPIEZA;INSUMOS PARA LIMPIEZA;LAVAVAJILLAS;UND;148.68;13/01/2025
;SPARCLEAN CHLORINATED DETERGENT SPARTAN 5 LITROS;Alimentación;LIMPIEZA;INSUMOS PARA LIMPIEZA;LAVAVAJILLAS;UND;149.71;13/01/2025
;SANIT-OX FP SPARTAN 5 LITROS;Alimentación;LIMPIEZA;INSUMOS PARA LIMPIEZA;DESINFECTANTE;UND;167.59;13/09/2026
;CLORIN FP SPARTAN 5 LITROS;Alimentación;LIMPIEZA;INSUMOS PARA LIMPIEZA;DESINFECTANTE;UND;123.09;06/06/2024
;XTREME CLEAN SPARTAN 19 LITROS;Alimentación;LIMPIEZA;INSUMOS PARA LIMPIEZA;SACAGRASA;BID;433.33;25/04/2024
;SPARCLEAN RINSE AID II SPARTAN 19 LITROS;Alimentación;LIMPIEZA;INSUMOS PARA LIMPIEZA;LAVAVAJILLAS;BID;316.65;24/01/2024
;SPARCLEAN CHLORINATED DETERGENT SPARTAN 19 LITROS;Alimentación;LIMPIEZA;INSUMOS PARA LIMPIEZA;LAVAVAJILLAS;BID;304.87;25/04/2024
;CLORIN FP SPARTAN 19 LITROS;Alimentación;LIMPIEZA;INSUMOS PARA LIMPIEZA;DESINFECTANTE;BID;347.4;25/04/2024
;DM 500 H PLUS FP SPARTAN 5 LITROS;Alimentación;LIMPIEZA;INSUMOS PARA LIMPIEZA;SACAGRASA;UND;91.298595;17/02/2024
;WHITE CLEAN PLUS FP SPARTAN 5 LITROS;Alimentación;LIMPIEZA;INSUMOS PARA LIMPIEZA;DETERGENTES;UND;152.04;23/09/2025
;FOAMING ACID CLEANER FP SPARTAN 5 LITROS;Alimentación;LIMPIEZA;INSUMOS PARA LIMPIEZA;DETERGENTES;UND;196.92;07/11/2025
;LAUNDRY SPOTTING SOLUTION SPARTAN 19 LITROS;Alimentación;LIMPIEZA;INSUMOS PARA LIMPIEZA;LIMPIADORES;BID;422.31;24/01/2024
;FABRIC SOFTENER SPARTAN 19 LITROS;Alimentación;LIMPIEZA;INSUMOS PARA LIMPIEZA;OTROS;BID;281.92;24/01/2024
;CHLORINE BLEACH SPARTAN 19 LITROS;Alimentación;LIMPIEZA;INSUMOS PARA LIMPIEZA;OTROS;BID;269.59;24/01/2024
;JABÓN  ANTIBACTERIAL P/MANOS SPARTAN 4 LITROS NEUTRO;Alimentación;LIMPIEZA;HIGIENE;JABONES;GLN;46.21;05/03/2026
;JABÓN LIQUIDO P/MANOS SPARTAN 4 LITROS NEUTRO;Alimentación;LIMPIEZA;HIGIENE;JABONES;GLN;38.29;06/06/2024
;ALCOHOL GEL SPARTAN 4 LITROS COSMETICO NEUTRO;Alimentación;LIMPIEZA;HIGIENE;ALCOHOL GEL;GLN;72.65;13/09/2026
;ALCOHOL GEL SPARTAN 6X4 LITROS COSMETICO NEUTRO;Alimentación;LIMPIEZA;HIGIENE;ALCOHOL GEL;CAJ;435.88;26/07/2024
;"STRECH FILM DE GRADO ALIMENTARIO ROLLO 18"" X 1400MT X 9U";Alimentación;DESCARTABLES;PLASTICOS;OTROS;UND;117.893469;24/09/2026
;BOLSA DE PAPEL KRAFT 50GR #4 (12.5X24.2X7.5) 500 UND;Alimentación;DESCARTABLES;BIODEGRADABLES                     ;BOLSAS                             ;PQT;46.667;13/09/2026
;BOLSA DE PAPEL KRAFT 50GR #6 (14.8X28X8.5) 500 UND;Alimentación;DESCARTABLES;BIODEGRADABLES                     ;BOLSAS                             ;PQT;59.322;10/08/2025
;BOLSA DE PAPEL KRAFT 70GR #20 (20.4X30.2X13) 500 UND;Alimentación;DESCARTABLES;BIODEGRADABLES                     ;BOLSAS                             ;PQT;160.565;07/11/2025
;BOLSA PARA CUBIERTO FLAT KRAFT 50GR 28X8CM C/LOGO MILLAR;Alimentación;DESCARTABLES;BIODEGRADABLES                     ;BOLSAS                             ;PQT;48.533;22/12/2024
;CUCHARA PARA CAFE BLANCA DE PLASTICO DESCARTABLE GOLAZO 100 UNID;Alimentación;DESCARTABLES;PLASTICOS;CUBIERTOS;PQT;2.056;12/07/2026
;CUCHARA PARA SOPA BLANCA DE PLASTICO DESCARTABLE LA EUROPEA 50 UND;Alimentación;DESCARTABLES;PLASTICOS;CUBIERTOS;PQT;3.718;13/01/2025
;ENVASE DESCARTABLE CIRCULAR PP TRANSPARENTE SIN TAPA  0.5 LT ALFA X 200 UND;Alimentación;DESCARTABLES;PLASTICOS;ENVASES;PQT;42.206;13/09/2026
;ENVASE DESCARTABLE CIRCULAR PP TRANSPARENTE SIN TAPA 1  LT ALFA X 200 UND;Alimentación;DESCARTABLES;PLASTICOS;ENVASES;PQT;61.736;17/09/2026
;ENVASE DESCARTABLE CIRCULAR PP TRANSPARENTE SIN TAPA 8 OZ X 400 UND;Alimentación;DESCARTABLES;PLASTICOS;ENVASES;PQT;68.061;24/09/2026
;ENVASE DESCARTABLE CIRCULAR PS BLANCO SIN TAPA 0.5 LT ALFA X 200 UND;Alimentación;DESCARTABLES;PLASTICOS;ENVASES;PQT;42.206;13/08/2026
;ENVASE DESCARTABLE CIRCULAR PS BLANCO SIN TAPA 1 LT ALFA X 200 UND;Alimentación;DESCARTABLES;PLASTICOS;ENVASES;PQT;61.736;07/08/2026
;ENVASE DESCARTABLE RECTANGULAR TRANSPARENTE PP SIN TAPA 0.5 LT ALFA X 200 UND;Alimentación;DESCARTABLES;PLASTICOS;ENVASES;PQT;45.218;24/09/2026
;ENVASE DESCARTABLE RECTANGULAR TRANSPARENTE PP SIN TAPA 1 LT ALFA X 200 UND;Alimentación;DESCARTABLES;PLASTICOS;ENVASES;PQT;56.493;24/09/2026
;ENVASE SALAD BOWL DE BAMBU 1000 ML SIN TAPA X 600 UND;Alimentación;DESCARTABLES;BIODEGRADABLES                     ;ENVASES                            ;PQT;381.356;14/08/2025
;PORTA VASOS CARTON CON LOGO PARA 2 UND X MILLAR (TIPO BANDEJA);Alimentación;DESCARTABLES;OTROS;;PQT;1,075.71;12/09/2025
;TAPA PARA ENVASE DESCARTABLE CIRCULAR PP TRANSPARENTE  0.5-1 LT ALFA X 200 UND;Alimentación;DESCARTABLES;PLASTICOS;ENVASES;PQT;24.631;28/03/2026
;TAPA PARA ENVASE DESCARTABLE CIRCULAR PP TRANSPARENTE 8 OZ X 400 UND;Alimentación;DESCARTABLES;PLASTICOS;ENVASES;PQT;40.263;17/09/2026
;TAPA PARA ENVASE DESCARTABLE CIRCULAR PS BLANCO 0.5 - 1 LT ALFA X 200 UND;Alimentación;DESCARTABLES;PLASTICOS;ENVASES;PQT;24.631;04/09/2026
;TAPA PARA ENVASE DESCARTABLE RECTANGULAR TRANSPARENTE PP 0.5 LT ALFA X 200 UND;Alimentación;DESCARTABLES;PLASTICOS;ENVASES;PQT;35.443;13/09/2026
;TAPA PARA ENVASE DESCARTABLE RECTANGULAR TRANSPARENTE PP 1 LT ALFA X 200 UND;Alimentación;DESCARTABLES;PLASTICOS;ENVASES;PQT;37.797;24/09/2026
;TAPA PET PARA ENVASE SALAD BOWL DE BAMBU 1000 ML X 600 UND;Alimentación;DESCARTABLES;PLASTICOS;ENVASES;PQT;193.898;14/08/2025
;VASO POLIPAPEL BLANCO 8 OZ MILLAR;Alimentación;DESCARTABLES;POLIPAPEL;VASOS;PQT;171.751;12/06/2026
;VASO POLIPAPEL DISEÑO BEBIDAS CALIENTES 8 OZ MILLAR;Alimentación;DESCARTABLES;POLIPAPEL;VASOS;PQT;153.672;03/08/2026
;GUANTE DE NITRILO LIBRE DE POLVO AZUL R&G CAJA X 100 PARES T S;Alimentación;DESCARTABLES;SEGURIDAD;GUANTES;CAJ;12.03;22/12/2024
;GUANTE DE NITRILO LIBRE DE POLVO AZUL R&G CAJA X 100 PARES T M;Alimentación;DESCARTABLES;SEGURIDAD;GUANTES;CAJ;12.03;18/04/2025
;GUANTE DE NITRILO LIBRE DE POLVO AZUL R&G CAJA X 100 PARES T L;Alimentación;DESCARTABLES;SEGURIDAD;GUANTES;CAJ;12.03;18/04/2025
;BOLSA PARA CUBIERTO 4X10 (8.5CM X 24.10CM) ALFA X 100 UND;Alimentación;DESCARTABLES;PLASTICOS;BOLSAS;PQT;2.373;13/09/2026
;BOLSA BLANCA T-SHIRT 16 X 19 EL SOL X 100 UND;Alimentación;DESCARTABLES;PLASTICOS;BOLSAS;PQT;5;05/01/2025
;TOCA TIPO MEDIA CAMPANA 12 GR ISUD X100UND;Alimentación;DESCARTABLES;SEGURIDAD;GORROS;PQT;42.95;24/09/2026
;TOCA SOFT BLANCA ISUD 12 GR DOS LIGAS X100UND;Alimentación;DESCARTABLES;SEGURIDAD;GORROS;PQT;6.41;24/09/2026
;GUANTE DE NITRILO AZUL 4GR ISUD TALLA L X100UND;Alimentación;DESCARTABLES;SEGURIDAD;GUANTES;PQT;11.29;17/09/2026
;GUANTE DE NITRILO AZUL 4GR ISUD TALLA M X100UND;Alimentación;DESCARTABLES;SEGURIDAD;GUANTES;PQT;11.29;24/09/2026
;EMPANADA DE CARNE 100 GR MENU;Alimentación;PANADERIA Y PASTELERIA             ;PASTELERIA                         ;PASTELERIA - FIESTRA               ;UND;3.08;01/10/2026
;PASTA DE AJI AMARILLO RAM 1 KG;Alimentación;ABARROTES;ABARROTES 2DA NECESIDAD;PREPARADOS;BOL;11.18;15/07/2019
;EMPANADA DE AJI DE POLLO 100 GR MENU;Alimentación;PANADERIA Y PASTELERIA             ;DULCES                             ;;UND;2.940793;01/10/2026
;EMPANADA DE AJI DE POLLO 145 GR RETAIL;Alimentación;PANADERIA Y PASTELERIA             ;DULCES                             ;;UND;4.6;10/05/2026
;FIESTRA EMPANADA DE CARNE 90 GR;Alimentación;CONGELADOS;OTROS;;UND;1.39;08/07/2018
;FIESTRA EMPANADA MIXTA 90 GR;Alimentación;CONGELADOS;OTROS;;UND;1.66;23/10/2021
;SUJETADOR PARA MASCARILLAS;Alimentación;PROTECCION Y SEGURIDAD             ;EPP                                ;;UND;0.83;23/07/2021
;KIT DE PECHO PARA SMARTPHONE GIRO 360;Alimentación;PROTECCION Y SEGURIDAD             ;;;KIT;150;24/12/2020
;MAQUINA DE AFEITAR SHICK 24 UND;Alimentación;KIOSKO;KIOSKO;KIOSKO;PQT;36.6;10/08/2025
;BLOQUEADOR SOLAR SACHET VISAGE DERMOSOL F-100  10GR;Alimentación;KIOSKO;KIOSKO;KIOSKO;UND;2.94;29/06/2025
;BLOQUEADOR SOLAR SACHET EXTREMO DERMASOL F-50 10 GR;Alimentación;KIOSKO;KIOSKO;KIOSKO;UND;3.25;20/07/2025
;SHAMPOO PANTENE 18 ML;Alimentación;KIOSKO;KIOSKO;KIOSKO;SCH;1.119511;19/10/2023
;CUADERNO ESCOLAR SURCO CUADRICULADO 80 HOJAS;Alimentación;KIOSKO;KIOSKO;KIOSKO;UND;4.661;02/12/2018
;LAPICERO FABER CASTELL 031-F AZUL;Alimentación;KIOSKO;KIOSKO;KIOSKO;UND;0.497;13/09/2026
;LAPICERO FABER CASTELL 031- NEGRO;Alimentación;KIOSKO;KIOSKO;KIOSKO;UND;0.497;23/06/2019
;"TIJERA GRANDE ARTESCO 8""";Alimentación;KIOSKO;KIOSKO;KIOSKO;UND;4.041;12/06/2026
;LM-19 LAPICERO METALICO COLOR GUN;Alimentación;ATENCION AL PERSONAL               ;;;UND;3.35;04/06/2021
;JABA PLASTICA COSECHERA AZUL;Alimentación;COCINA                             ;JABAS                              ;;UND;25;31/03/2024
;CAJA CHICA - AZUCAR BLANCA X KG;Alimentación;CAJA CHICA                         ;;;KG;4.203;07/05/2022
;CAJA CHICA - ACEITE VEGETAL CIL X 5 LT;Alimentación;CAJA CHICA                         ;;;BOT;24.195;16/07/2018
;CAJA CHICA - FIDEO SPAGUETTY ALIANZA X KG;Alimentación;CAJA CHICA                         ;;;KG;1.864;07/05/2022
;CAJA CHICA - LECHE EN TARRO LIGHT GLORIA 400 GR;Alimentación;CAJA CHICA                         ;;;LAT;6.5;04/12/2024
;CAJA CHICA - APIO;Alimentación;CAJA CHICA                         ;;;KG;7;01/10/2025
;CAJA CHICA - CULANTRO;Alimentación;CAJA CHICA                         ;;;KG;17;01/10/2025
;CAJA CHICA - LIMON VERDE EXTRA;Alimentación;CAJA CHICA                         ;;;KG;3.6;14/10/2020
;CAJA CHICA - PAPAYA;Alimentación;CAJA CHICA                         ;;;KG;3.094608;01/12/2018
;CAJA CHICA - PIÑA SELVA;Alimentación;CAJA CHICA                         ;;;KG;2.87601;01/12/2018
;CAJA CHICA - PORO;Alimentación;CAJA CHICA                         ;;;KG;46;01/10/2025
;CAJA CHICA - ROCOTO;Alimentación;CAJA CHICA                         ;;;KG;10;11/08/2026
;CAJA CHICA - BETERRAGA FRESCA;Alimentación;CAJA CHICA                         ;;;KG;3.08;14/04/2026
;CAJA CHICA - LECHUGA AMERICANA;Alimentación;CAJA CHICA                         ;;;KG;3;30/09/2025
;CAJA CHICA - PEPINILLO;Alimentación;CAJA CHICA                         ;;;KG;3;24/02/2022
;CAJA CHICA - ZAPALLO MACRE;Alimentación;CAJA CHICA                         ;;;KG;4.2;26/02/2023
;CAJA CHICA - LENTEJA;Alimentación;CAJA CHICA                         ;;;KG;4.5;31/12/2020
;CAJA CHICA - CHOCOLATE MILKY IBERICA;Alimentación;CAJA CHICA                         ;;;UND;1.271;17/05/2022
;CAJA CHICA - CREMA CHANTILLY PURATOS;Alimentación;CAJA CHICA                         ;;;LT;22;13/08/2025
;CAJA CHICA - JARABE CHUNCHO DE GOMA 750 ML;Alimentación;CAJA CHICA                         ;;;BOT;9;16/11/2024
;CAJA CHICA - GALLETA DE VAINILLA;Alimentación;CAJA CHICA                         ;;;UND;2.542;07/05/2022
;CAJA CHICA - ENVASE DESCARTABLE RECTANGULAR C/TAPA 32 OZ 100;Alimentación;CAJA CHICA                         ;;;PQT;63.73;01/12/2021
;CAJA CHICA - GALLETA DULCE VAINILLA FIELD 37 GR;Alimentación;CAJA CHICA                         ;;;UND;1.695;23/09/2018
;CAJA CHICA - INFUSION ANIS HERBI 100 SOBRES;Alimentación;CAJA CHICA                         ;;;CAJ;4.144;15/07/2019
;CAJA CHICA - PAPEL TERMICO MONOGLUCIDO UND;Alimentación;CAJA CHICA                         ;;;UND;0.958;10/07/2020
;CAJA CHICA - HARINA ESPECIAL LUCIANO GRANEL;Alimentación;CAJA CHICA                         ;;;KG;1.78;21/07/2020
;CAJA CHICA - AJI AMARILLO ENTERO CONGELADO KG;Alimentación;CAJA CHICA                         ;;;KG;12;26/02/2023
;CAJA CHICA - DURAZNO EN ALMIBAR ACONCAGUA 822 GR;Alimentación;CAJA CHICA                         ;;;UND;8.475;07/05/2022
;CAJA CHICA - LIMPIA VIDRIO INDUSTRIAL 4LT;Alimentación;CAJA CHICA                         ;;;UND;5.508;02/12/2018
;CAJA CHICA - PAPEL TOALLA PRE CORTADO SCOTT COCINA 3 ROLLO;Alimentación;CAJA CHICA                         ;;;UND;4.661;21/07/2020
;CAJA CHICA - PASTILLAS DESODORANTE PARA BAÑO DE COLOR LEONOS;Alimentación;CAJA CHICA                         ;;;UND;1.271;08/01/2019
;CAJA CHICA - PAPEL TOALLA AIRFLEX SCOTT 2P 24 X 150UND;Alimentación;CAJA CHICA                         ;;;UND;9.04;21/07/2020
;CAJA CHICA - HISOPO PARA BAÑO;Alimentación;CAJA CHICA                         ;;;UND;5.924;08/07/2020
;CAJA CHICA - ARROZ EXTRA;Alimentación;CAJA CHICA                         ;;;KG;3.5;17/05/2022
;CAJA CHICA - ATUN TROZOS STARKITS 170 GR;Alimentación;CAJA CHICA                         ;;;LAT;3.051;17/05/2022
;CAJA CHICA - CHOCOLATE DE TAZA 90 GR;Alimentación;CAJA CHICA                         ;;;UND;10;30/12/2024
;CAJA CHICA - ESPONJA DE METAL;Alimentación;CAJA CHICA                         ;;;UND;1.356;24/02/2019
;CAJA CHICA - GASEOSA COCA COLA 500 ML;Alimentación;CAJA CHICA                         ;;;BOT;2.472;14/07/2024
;CAJA CHICA - GASEOSA INCA KOLA 500 ML;Alimentación;CAJA CHICA                         ;;;BOT;2.472;14/07/2024
;CAJA CHICA - MAICENA GRANEL KG;Alimentación;CAJA CHICA                         ;;;KG;5.508;15/07/2020
;CAJA CHICA - MANZANA ROYAL;Alimentación;CAJA CHICA                         ;;;KG;3.814;15/07/2020
;CAJA CHICA - REPUESTO DE PULVERIZADOR (GATILLO);Alimentación;CAJA CHICA                         ;;;UND;4.89;08/07/2020
;CAJA CHICA - CAFÉ INSTANTANEO NESCAFÉ TRADICION 200 GR;Alimentación;CAJA CHICA                         ;;;LAT;6.356;25/09/2018
;CAJA CHICA - POP CORN NATURAL MICROONDAS;Alimentación;CAJA CHICA                         ;;;UND;4.661;13/06/2022
;CAJA CHICA - BOLSAS NEGRAS 15 LT X 100 UND;Alimentación;CAJA CHICA                         ;;;PQT;8.475;15/07/2020
;CAJA CHICA - CUCHARA PARA SOPA X 50 UND;Alimentación;CAJA CHICA                         ;;;BOL;2.119;14/11/2024
;CAJA CHICA - ENVASES DESCARTABLES C/ TAPA 25 UND;Alimentación;CAJA CHICA                         ;;;PQT;31.864;25/11/2021
;CAJA CHICA - NUEZ MOSCADA MOLIDA BADIA 2 OZ;Alimentación;CAJA CHICA                         ;;;FCO;4.271;18/08/2024
;CAJA CHICA - POLVO DE HORNEAR FLEISCHMAN 20 GR;Alimentación;CAJA CHICA                         ;;;SOB;0.847;01/10/2018
;CAJA CHICA - PULVERIZADOR PLASTICO 750 ML;Alimentación;CAJA CHICA                         ;;;UND;0.602;08/07/2020
;CAJA CHICA - TRAPEADOR C/BASE PLASTICO DARITZ;Alimentación;CAJA CHICA                         ;;;UND;7.1185;10/07/2020
;CAJA CHICA - CREMOR TARTARO BADIA X 907.2;Alimentación;CAJA CHICA                         ;;;FCO;3.39;07/05/2022
;CAJA CHICA - AGUA VIDA X 20 LT;Alimentación;CAJA CHICA                         ;;;CAJ;18;12/11/2019
;CAJA CHICA - AZUCAR IMPALPABLE LEVAPAN KG;Alimentación;CAJA CHICA                         ;;;KG;12.712;07/02/2021
;CAJA CHICA - BOLSA PLASTICA RESELLABLE ZIPLOC  X 50 UND;Alimentación;CAJA CHICA                         ;;;PQT;6.686;01/12/2018
;CAJA CHICA - CAFE INSTANTANEO NESCAFE TRADICION X 200 GR;Alimentación;CAJA CHICA                         ;;;UND;9.737;15/07/2019
;CAJA CHICA - CARBON VEGETAL NATURAL;Alimentación;CAJA CHICA                         ;;;KG;24.575;15/05/2024
;CAJA CHICA - CHOCOLATE NEGRO SUBLIME 32 GR;Alimentación;CAJA CHICA                         ;;;UND;1.356;09/06/2022
;CAJA CHICA - CHOCOLATE RELLENO VIZZIO COSTA 24 GR;Alimentación;CAJA CHICA                         ;;;UND;1.788;09/06/2022
;CAJA CHICA - CHUÑO TOÑA X KG;Alimentación;CAJA CHICA                         ;;;KG;8.475;07/02/2021
;CAJA CHICA - COMINO MOLIDO TOÑA;Alimentación;CAJA CHICA                         ;;;KG;16.102;16/07/2018
;CAJA CHICA - ESCOBILLA PARA ROPA;Alimentación;CAJA CHICA                         ;;;UND;2.119;02/12/2018
;CAJA CHICA - FIDEO CANUTO NICOLINI X 250 GR;Alimentación;CAJA CHICA                         ;;;UND;0.932;17/05/2022
;CAJA CHICA - FIDEO RIGATONI NICOLINI 250 GR;Alimentación;CAJA CHICA                         ;;;UND;0.932;07/05/2022
;CAJA CHICA - FIDEO SPAGHETI NICOLINI X 10 KG;Alimentación;CAJA CHICA                         ;;;UND;42.37;17/06/2025
;CAJA CHICA - GALLETA TENTACION;Alimentación;CAJA CHICA                         ;;;UND;0.4835;01/12/2018
;CAJA CHICA - GELATINA A GRANEL;Alimentación;CAJA CHICA                         ;;;UND;2.975;17/05/2022
;CAJA CHICA - LECHE EVAPORADA LAIVE FAMILIA 500 ML;Alimentación;CAJA CHICA                         ;;;UND;2.083;24/11/2019
;CAJA CHICA - MAYONESA ALACENA X 1000 CC;Alimentación;CAJA CHICA                         ;;;UND;13.212;25/07/2019
;CAJA CHICA - PAPEL HIGIENICO  SCOTT;Alimentación;CAJA CHICA                         ;;;UND;0.805;19/07/2020
;CAJA CHICA - PLASTI FILM;Alimentación;CAJA CHICA                         ;;;UND;15.898;25/07/2018
;CAJA CHICA - QUINUA X 5KG;Alimentación;CAJA CHICA                         ;;;BOL;8.305;16/07/2019
;CAJA CHICA - SEMOLA SAYON KG;Alimentación;CAJA CHICA                         ;;;KG;2.797;29/05/2019
;CAJA CHICA - HUEVO ROSADO;Alimentación;CAJA CHICA                         ;;;KG;15.2538;21/02/2023
;CAJA CHICA - ACEITUNA NEGRA;Alimentación;CAJA CHICA                         ;;;KG;10.169;06/02/2019
;CAJA CHICA - HUEVO DE CODORNIZ;Alimentación;CAJA CHICA                         ;;;PQT;15.678;17/05/2024
;CAJA CHICA - ROSCA CON OREGANO;Alimentación;CAJA CHICA                         ;;;UND;0.65;21/01/2025
;CAJA CHICA - COBERTURA DE LECHE;Alimentación;CAJA CHICA                         ;;;KG;13.925;01/01/2025
;CAJA CHICA - FRESA;Alimentación;CAJA CHICA                         ;;;KG;10.171;01/01/2025
;CAJA CHICA - CREMA DE LECHE X 1 LT;Alimentación;CAJA CHICA                         ;;;CAJ;3.6;04/12/2024
;CAJA CHICA - INFUSION MANZANILLA X 100 UND;Alimentación;CAJA CHICA                         ;;;CAJ;4.661;18/07/2018
;CAJA CHICA - PAN BLANCO GRANDE X 650 GR;Alimentación;CAJA CHICA                         ;;;POT;6.356;07/01/2020
;CAJA CHICA - AJO FRESCO;Alimentación;CAJA CHICA                         ;;;KG;13;04/02/2026
;CAJA CHICA - PAN BLANCO MEDIANO X 480 GR;Alimentación;CAJA CHICA                         ;;;PQT;5;26/02/2023
;CAJA CHICA - POP CORN A GRANEL - MAIZ PERLITA;Alimentación;CAJA CHICA                         ;;;KG;4.661;20/07/2026
;CAJA CHICA - PAPA CANCHAN;Alimentación;CAJA CHICA                         ;;;KG;1.6;21/06/2024
;CAJA CHICA - ZANAHORIA BB;Alimentación;CAJA CHICA                         ;;;KG;3;14/04/2026
;CAJA CHICA - QUESO EDAM HUACARIZ KG;Alimentación;CAJA CHICA                         ;;;KG;4.24;19/03/2024
;CAJA CHICA - LECHE UHT LIGHT GLORIA LT;Alimentación;CAJA CHICA                         ;;;UND;6.5;04/12/2024
;CAJA CHICA - ACEITUNA POTE 250 GR;Alimentación;CAJA CHICA                         ;;;UND;6.3;27/11/2024
;CAJA CHICA - MANJAR DE MESA 250 GR;Alimentación;CAJA CHICA                         ;;;UND;3.0295;24/02/2019
;CAJA CHICA - CULANTRO;Alimentación;CAJA CHICA                         ;;;KG;6;11/08/2026
;CAJA CHICA - CULANTRO CRESPO;Alimentación;CAJA CHICA                         ;;;KG;5.8;11/08/2026
;CAJA CHICA - CEREAL ANGEL COPIX 170 GR;Alimentación;CAJA CHICA                         ;;;CAJ;2.483;07/05/2022
;CAJA CHICA - FILM PLASTICO 18 X 5000;Alimentación;CAJA CHICA                         ;;;RLL;21.186;17/10/2018
;CAJA CHICA - ENVASE PLASTICO REDONDO C/TAPA 250 CC;Alimentación;CAJA CHICA                         ;;;UND;0.156;01/06/2020
;CAJA CHICA - BEBIDA REHIDRATANTE AZUL POWERADE 473 ML;Alimentación;CAJA CHICA                         ;;;BOT;2.119;05/03/2019
;CAJA CHICA - BEBIDA REHIDRATANTE FRUTILLA POWERADE 473 ML;Alimentación;CAJA CHICA                         ;;;BOT;1.864;23/08/2021
;CAJA CHICA - ALCOHOL INDUSTRIAL 70º 4 LT;Alimentación;CAJA CHICA                         ;;;GLN;16.712;08/07/2020
;CAJA CHICA - BOLSA PARA CUBIERTO 3 X 10 100 UND;Alimentación;CAJA CHICA                         ;;;PQT;2.5;23/01/2025
;CAJA CHICA - GALLETA INTEGRAL INTEGRACKERS MIEL;Alimentación;CAJA CHICA                         ;;;UND;0.446;08/04/2019
;CAJA CHICA - PAPEL MANTECA RESMA 450 UND;Alimentación;CAJA CHICA                         ;;;PQT;28.5;15/12/2024
;CAJA CHICA - COBERTURA BITTER NEGRO;Alimentación;CAJA CHICA                         ;;;CAJ;35.592;20/07/2026
;CAJA CHICA - GALLETA INTEGRAL C/SALVADO;Alimentación;CAJA CHICA                         ;;;UND;0.339;08/04/2019
;CAJA CHICA - PIQUEO SNACK 53 GR FRITO LAY;Alimentación;CAJA CHICA                         ;;;UND;1.814;09/06/2022
;CAJA CHICA - FRANELA 50 X 60;Alimentación;CAJA CHICA                         ;;;UND;5;02/12/2018
;CAJA CHICA - LIMON VERDE;Alimentación;CAJA CHICA                         ;;;KG;8;30/09/2025
;CAJA CHICA - AGUA SAN MATEO 600 ML;Alimentación;CAJA CHICA                         ;;;BOT;1.413;17/05/2022
;CAJA CHICA - MANDARINA CON PEPA;Alimentación;CAJA CHICA                         ;;;KG;4.25;17/05/2024
;CAJA CHICA - LECHE CONDENSADA LATA 397 ML;Alimentación;CAJA CHICA                         ;;;LAT;6.525;09/09/2023
;CAJA CHICA - FINAS HIERBAS;Alimentación;CAJA CHICA                         ;;;UND;5.4;14/04/2026
;CAJA CHICA - QUESO EDAM REFRIGERADO;Alimentación;CAJA CHICA                         ;;;KG;4.66;19/03/2024
;CAJA CHICA - JUGO DE PIÑA GLORIA 1 LT;Alimentación;CAJA CHICA                         ;;;CAJ;3.585;07/05/2022
;CAJA CHICA - JABON DE TOCADOR 90 GR;Alimentación;CAJA CHICA                         ;;;BAR;1.441;16/12/2018
;CAJA CHICA - PAPEL TOALLA NATURAL JUMBO SCOTT 200 MT;Alimentación;CAJA CHICA                         ;;;RLL;4.915;26/11/2018
;CAJA CHICA - CEREAL GOLDEN BAR 21 GR;Alimentación;CAJA CHICA                         ;;;UND;0.686;07/05/2022
;CAJA CHICA - JABON PARA ROPA 260 GR;Alimentación;CAJA CHICA                         ;;;BAR;1.653;01/04/2019
;CAJA CHICA - MONDADIENTES 200 UND;Alimentación;CAJA CHICA                         ;;;CAJ;0.848;08/03/2023
;CAJA CHICA - JUGO DE DURAZNO GLORIA 1 LT;Alimentación;CAJA CHICA                         ;;;CAJ;3.585;07/05/2022
;CAJA CHICA - JUGO DE NARANJA GLORIA 1 LT;Alimentación;CAJA CHICA                         ;;;CAJ;3.585;07/05/2022
;CAJA CHICA - MANZANA DELICIA;Alimentación;CAJA CHICA                         ;;;KG;3.75;17/05/2024
;CAJA CHICA - OLLUCO ENTERO REFRIGERADO;Alimentación;CAJA CHICA                         ;;;KG;3.22;11/02/2019
;CAJA CHICA - ALCOHOL GEL SACHET 800 ML;Alimentación;CAJA CHICA                         ;;;UND;11.017;10/07/2020
;CAJA CHICA - FIDEO PARA SOPA X 250 GR;Alimentación;CAJA CHICA                         ;;;PQT;0.932;17/05/2022
;CAJA CHICA - AJI CON HUACATAY;Alimentación;CAJA CHICA                         ;;;KG;5;11/08/2026
;CAJA CHICA - JUGO DE MANGO X 200 ML;Alimentación;CAJA CHICA                         ;;;UND;3.585;07/05/2022
;CAJA CHICA - CERA LIQUIDA ROJA 4 LT;Alimentación;CAJA CHICA                         ;;;GLN;32.52125;02/12/2018
;CAJA CHICA - CERA EN PASTA AMARILLA LT;Alimentación;CAJA CHICA                         ;;;BOT;37.712;08/01/2019
;CAJA CHICA - ACEITE VEGETAL LT;Alimentación;CAJA CHICA                         ;;;LT;5.554;19/07/2020
;CAJA CHICA - EDULCORANTE X 50 UND;Alimentación;CAJA CHICA                         ;;;CAJ;11.864;08/01/2019
;CAJA CHICA - PIMIENTA SACHET SODEXO 10 GR;Alimentación;CAJA CHICA                         ;;;UND;2.542;16/04/2025
;CAJA CHICA - CERA AL AGUA 3.8 LT;Alimentación;CAJA CHICA                         ;;;GLN;11.78;01/04/2019
;CAJA CHICA - PAN BIMBO BLANCO X 650 GR;Alimentación;CAJA CHICA                         ;;;UND;9.58;20/05/2022
;CAJA CHICA - PAN BIMBO INTEGRAL 100% PREB-MED X 480 GR;Alimentación;CAJA CHICA                         ;;;UND;9.24;14/03/2023
;CAJA CHICA - LECHE GLORIA X 410 ML;Alimentación;CAJA CHICA                         ;;;LAT;4.1;04/12/2024
;CAJA CHICA - ARVEJA PELADA;Alimentación;CAJA CHICA                         ;;;KG;2;15/05/2024
;CAJA CHICA - CEBOLLA ROJA;Alimentación;CAJA CHICA                         ;;;KG;1.5;08/03/2023
;CAJA CHICA - ACEITUNA;Alimentación;CAJA CHICA                         ;;;KG;10.23;27/11/2024
;CAJA CHICA - AZUCAR FINA;Alimentación;CAJA CHICA                         ;;;KG;4.203;17/05/2022
;CAJA CHICA - PALTA;Alimentación;CAJA CHICA                         ;;;KG;5;15/05/2024
;CAJA CHICA - TOMATE;Alimentación;CAJA CHICA                         ;;;KG;3.25;24/02/2022
;CAJA CHICA - QUESO FRESCO;Alimentación;CAJA CHICA                         ;;;KG;10;26/02/2023
;CAJA CHICA - PORO FITZ;Alimentación;CAJA CHICA                         ;;;KG;0.9;28/01/2024
;CAJA CHICA - PANES VARIOS;Alimentación;CAJA CHICA                         ;;;KG;6.356;24/06/2019
;CAJA CHICA - CEBOLLA CHINA;Alimentación;CAJA CHICA                         ;;;KG;9;11/08/2026
;CAJA CHICA -PLATANO DE SEDA;Alimentación;CAJA CHICA                         ;;;KG;2.195;21/06/2019
;CAJA CHICA - BARRA DE CHOCOLATE Y GRANOLA;Alimentación;CAJA CHICA                         ;;;UND;10;13/11/2025
;CAJA CHICA - CACAO Y LUCUMA NIBS;Alimentación;CAJA CHICA                         ;;;UND;50.847;08/08/2026
;CAJA CHICA - HISOPO CON BASE;Alimentación;CAJA CHICA                         ;;;UND;6.75652;10/07/2020
;CAJA CHICA - SILICONA CRISTAL 3.8 LT;Alimentación;CAJA CHICA                         ;;;GLN;4.78;10/07/2020
;CAJA CHICA - PIMENTON ROJO;Alimentación;CAJA CHICA                         ;;;KG;5.932;26/11/2018
;CAJA CHICA - MANTEQUILLA CON SAL GLORIA 10 GR;Alimentación;CAJA CHICA                         ;;;UND;39.822;27/11/2021
;CAJA CHICA - LEJIA SAPOLIO X 2 KG;Alimentación;CAJA CHICA                         ;;;KG;5.508;02/12/2018
;CAJA CHICA - SERVILLETAS DOBLADAS X 50 UND;Alimentación;CAJA CHICA                         ;;;PQT;2.627;25/02/2021
;CAJA CHICA - JUEGO DE CUBIERTOS DESCARTABLES BELLAMESA;Alimentación;CAJA CHICA                         ;;;PQT;3.5;23/01/2025
;CAJA CHICA - PATO TANQUE SAPOLIO;Alimentación;CAJA CHICA                         ;;;UND;4.068;08/01/2019
;CAJA CHICA - KEKE MARMOLEADO BIMBO X 400 GR;Alimentación;CAJA CHICA                         ;;;UND;0.839;17/02/2019
;CAJA CHICA - QUESO PARIA BONLE X KG;Alimentación;CAJA CHICA                         ;;;KG;16.737;18/07/2018
;CAJA CHICA - PAN A GRANEL X KG;Alimentación;CAJA CHICA                         ;;;KG;0.198;21/09/2019
;CAJA CHICA - FRUGOS CASERO NARANJA X LT;Alimentación;CAJA CHICA                         ;;;BOT;3.585;17/05/2022
;CAJA CHICA - QUESO PARMESANO LAIVE X KG;Alimentación;CAJA CHICA                         ;;;KG;4.66;19/03/2024
;CAJA CHICA - LECHUGA ORGANICA;Alimentación;CAJA CHICA                         ;;;KG;3.857;30/09/2025
;CAJA CHICA - CEREAL GRANOLA X 200GR;Alimentación;CAJA CHICA                         ;;;CAJ;2.483;17/05/2022
;CAJA CHICA - GASEOSA FANTA X 500 ML;Alimentación;CAJA CHICA                         ;;;BOT;2.119;23/08/2021
;CAJA CHICA - CHUPETIN BON BON BUN X 24 UND;Alimentación;CAJA CHICA                         ;;;BOL;10.169;01/12/2018
;CAJA CHICA - CHUPETIN GLOBO POP SURTIDO X 24 UND;Alimentación;CAJA CHICA                         ;;;BOL;6.822;01/04/2022
;CAJA CHICA - GALLETA RELLENA COCO X 24 GR X 6 UND;Alimentación;CAJA CHICA                         ;;;PQT;2.966;17/05/2022
;CAJA CHICA - GALLETA SODA V VICTORIA X 34 GR X 6 UND;Alimentación;CAJA CHICA                         ;;;PQT;2.797;17/05/2022
;CAJA CHICA - MINI CHIN CHIN X 32 UND;Alimentación;CAJA CHICA                         ;;;BOL;0.856;01/04/2022
;CAJA CHICA - PAPA LAYS POLLO A LA BRASA X 16 GR;Alimentación;CAJA CHICA                         ;;;BOL;1.729;09/06/2022
;AJUAR DE BEBE 5 PIEZAS CON LOGOS SODEXO;Ambos;ATENCION AL PERSONAL               ;;;UND;62;29/05/2021
;CAJA CHICA - CALDO DE GALLINA DOÑA GUSTA X 500 GR;Alimentación;CAJA CHICA                         ;;;UND;0.249;10/07/2020
;CAJA CHICA - JABON ANTIBACTERIAL PROTEX 75 GR;Alimentación;CAJA CHICA                         ;;;UND;1.212;10/07/2020
;CAJA CHICA - AGUA SAN LUIS S/GAS X 625 ML;Alimentación;CAJA CHICA                         ;;;UND;1.243;02/07/2023
;CAJA CHICA - KEKE BIMBOLETE;Alimentación;CAJA CHICA                         ;;;UND;0.839;17/02/2019
;CAJA CHICA - ALMENDRA NATURAL X 180 GR;Alimentación;CAJA CHICA                         ;;;BOL;4.92;31/10/2022
;CAJA CHICA - YOGURT GLORIA  X 500 ML;Alimentación;CAJA CHICA                         ;;;UND;3.22;08/03/2023
;CAJA CHICA - CAMOTE X KG;Alimentación;CAJA CHICA                         ;;;KG;2.8;01/12/2021
;CAJA CHICA - CASTAÑA X 500 GR;Alimentación;CAJA CHICA                         ;;;GR;5.39;31/10/2022
;CAJA CHICA - MASA HOJALDRE X KG;Alimentación;CAJA CHICA                         ;;;KG;12;01/01/2025
;CAJA CHICA - OLLUCO X KG;Alimentación;CAJA CHICA                         ;;;KG;3.5;15/11/2021
;CAJA CHICA - PAPA BLANCA X KG;Alimentación;CAJA CHICA                         ;;;KG;2.64;26/02/2023
;CAJA CHICA - QUESO CREAM CHEESE DELICE CAJA 227 GR;Alimentación;CAJA CHICA                         ;;;GR;7.63;19/03/2024
;CAJA CHICA - RABANITO X KG;Alimentación;CAJA CHICA                         ;;;KG;0.9;28/01/2024
;CAJA CHICA - AZUCAR SACHET DE 5 GR;Alimentación;CAJA CHICA                         ;;;UND;35.237;05/10/2021
;CAJA CHICA - LECHE IDEAL AMANECER SIX PACK;Alimentación;CAJA CHICA                         ;;;LT;3.39;17/05/2022
;CAJA CHICA - COLORANTE A LA GRASA FRATELLO X 5 GR;Alimentación;CAJA CHICA                         ;;;FCO;3.8;01/01/2025
;CAJA CHICA - COLORANTE A LA GRASA FRATELLO X 5 GR;Alimentación;CAJA CHICA                         ;;;FCO;1.2;01/01/2025
;CAJA CHICA - ESPINACA;Alimentación;CAJA CHICA                         ;;;KG;10;11/08/2026
;CAJA CHICA - VAINITA FRESCA;Alimentación;CAJA CHICA                         ;;;KG;6;24/02/2022
;CAJA CHICA - GALLETA CHOCOSODA;Alimentación;CAJA CHICA                         ;;;PQT;1.949;01/04/2022
;CAJA CHICA - ALMENDRA  X 80 GR;Alimentación;CAJA CHICA                         ;;;GR;4.915;18/08/2024
;CAJA CHICA - LEJIA SAPOLIO 1LT;Alimentación;CAJA CHICA                         ;;;BOT;2.967;15/05/2024
;;;;;;;;
