producto_codigo;producto_descripcion;unidad_base;categoria;variante_codigo;marca;descripcion_comercial;tipo_envase;contenido_por_envase;empaque_codigo;empaque_descripcion;envases_por_empaque;minimo;multiplo
PRD00001;LECHE CONDENSADA NESTLE 100 GR;KG;;PRD00001;;LECHE CONDENSADA NESTLE 100 GR;LATA;0.1;LATA;LATA x 0.1 KG;1;1;1
PRD00002;ATUN TROZOS GLORIA 170 GR;KG;;PRD00002;;ATUN TROZOS GLORIA 170 GR;LATA;0.17;LATA;LATA x 0.17 KG;1;1;1
PRD00003;LECHE CONDENSADA GLORIA 393 GR;KG;;PRD00003;;LECHE CONDENSADA GLORIA 393 GR;LATA;0.395;LATA;LATA x 0.395 KG;1;1;1
PRD00004;ESPARRAGOS VERDE FLORIDA 360 GR;KG;;PRD00004;;ESPARRAGOS VERDE FLORIDA 360 GR;FRASCO;0.36;FRASCO;FRASCO x 0.36 KG;1;1;1
PRD00005;ATUN TROZOS FLORIDA 140 GR;KG;;PRD00005;;ATUN TROZOS FLORIDA 140 GR;LATA;0.17;LATA;LATA x 0.17 KG;1;1;1
PRD00006;COCKTAIL DE FRUTAS COMPASS 820 GR;KG;;PRD00006;;COCKTAIL DE FRUTAS COMPASS 820 GR;LATA;0.82;LATA;LATA x 0.82 KG;1;1;1
PRD00007;PALLAR CON TOCINO GAMBRINUS 560 GR;UND;;PRD00007;;PALLAR CON TOCINO GAMBRINUS 560 GR;LATA;1;LATA;LATA x 1 UND;1;1;1
PRD00008;COCKTAIL DE FRUTAS FANNY 820 GR;KG;;PRD00008;;COCKTAIL DE FRUTAS FANNY 820 GR;LATA;0.82;LATA;LATA x 0.82 KG;1;1;1
PRD00009;ATUN TROZOS COMPASS 170 GR;KG;;PRD00009;;ATUN TROZOS COMPASS 170 GR;LATA;0.17;LATA;LATA x 0.17 KG;1;1;1
PRD00010;ACEITE VEGETAL CIELO 5 LT;L;;PRD00010;;ACEITE VEGETAL CIELO 5 LT;BIDON;5;BIDON;BIDON x 5 L;1;1;1
PRD00011;ACEITE AJONJOLI OLIVOS DEL SUR 220 ML PET;L;;PRD00011;;ACEITE AJONJOLI OLIVOS DEL SUR 220 ML PET;BOTELLA;0.22;BOTELLA;BOTELLA x 0.22 L;1;1;1
PRD00012;ACEITE VEGETAL CIELO 18 LT;L;;PRD00012;;ACEITE VEGETAL CIELO 18 LT;BALDE;18;BALDE;BALDE x 18 L;1;1;1
PRD00013;ACEITE DE OLIVA VIRGEN KUSASA 4 LT;L;;PRD00013;;ACEITE DE OLIVA VIRGEN KUSASA 4 LT;GALON;4;GALON;GALON x 4 L;1;1;1
PRD00014;ACEITE DE OLIVA LOMAS DE OLIVAR 1 LT;L;;PRD00014;;ACEITE DE OLIVA LOMAS DE OLIVAR 1 LT;FRASCO;1;FRASCO;FRASCO x 1 L;1;1;1
PRD00015;ACEITE AJONJOLI OLIVOS DEL SUR 200 ML;L;;PRD00015;;ACEITE AJONJOLI OLIVOS DEL SUR 200 ML;FRASCO;0.2;FRASCO;FRASCO x 0.2 L;1;1;1
PRD00016;ACEITE DE OLIVA VIRGEN OLIVEZA 4 LT;L;;PRD00016;;ACEITE DE OLIVA VIRGEN OLIVEZA 4 LT;GALON;4;GALON;GALON x 4 L;1;1;1
PRD00017;ACEITE DE OLIVA VIRGEN OLIVEZA 1 LT;L;;PRD00017;;ACEITE DE OLIVA VIRGEN OLIVEZA 1 LT;BOTELLA;1;BOTELLA;BOTELLA x 1 L;1;1;1
PRD00018;MANTECA VEGETAL DEL CAMPO 10 KG;KG;;PRD00018;;MANTECA VEGETAL DEL CAMPO 10 KG;CAJA;10;CAJA;CAJA x 10 KG;1;1;1
PRD00019;ACEITE AJONJOLI OLIVOS DEL SUR 200 ML PET;L;;PRD00019;;ACEITE AJONJOLI OLIVOS DEL SUR 200 ML PET;BOTELLA;0.2;BOTELLA;BOTELLA x 0.2 L;1;1;1
PRD00020;HIERBA BUENA;KG;;PRD00020;;HIERBA BUENA;KILOGRAMO;1;KILOGRAMO;KILOGRAMO x 1 KG;1;1;1
PRD00021;ARVEJA VERDE PARTIDA CANTA CLARO BOLSA 500 GR;KG;;PRD00021;;ARVEJA VERDE PARTIDA CANTA CLARO BOLSA 500 GR;BOLSA;0.5;BOLSA;BOLSA x 0.5 KG;1;1;1
PRD00022;CHUÑO NEGRO SAN JUAN MASIAS (EX BELEN)5 KG;KG;;PRD00022;;CHUÑO NEGRO SAN JUAN MASIAS (EX BELEN)5 KG;BOLSA;5;BOLSA;BOLSA x 5 KG;1;1;1
PRD00023;MAIZ MOTE EL PLEBEYO 5 KG;KG;;PRD00023;;MAIZ MOTE EL PLEBEYO 5 KG;BOLSA;5;BOLSA;BOLSA x 5 KG;1;1;1
PRD00024;MAIZ CANCHA EL PLEBEYO 5 KG;KG;;PRD00024;;MAIZ CANCHA EL PLEBEYO 5 KG;BOLSA;5;BOLSA;BOLSA x 5 KG;1;1;1
PRD00025;TRIGO PELADO EL PLEBEYO 5 KG;KG;;PRD00025;;TRIGO PELADO EL PLEBEYO 5 KG;BOLSA;5;BOLSA;BOLSA x 5 KG;1;1;1
PRD00026;ARROZ PAISANA 5 KG;KG;;PRD00026;;ARROZ PAISANA 5 KG;BOLSA;5;BOLSA;BOLSA x 5 KG;1;1;1
PRD00027;LASAGNA MOLITALIA 350 GR;KG;;PRD00027;;LASAGNA MOLITALIA 350 GR;CAJA;0.35;CAJA;CAJA x 0.35 KG;1;1;1
PRD00028;FIDEO TORNILLO DON VITTORIO 250/225 GR;KG;;PRD00028;;FIDEO TORNILLO DON VITTORIO 250/225 GR;PAQUETE;0.25;PAQUETE;PAQUETE x 0.25 KG;1;1;1
PRD00029;FIDEO CORBATA CHICO DON VITTORIO 250 GR;KG;;PRD00029;;FIDEO CORBATA CHICO DON VITTORIO 250 GR;PAQUETE;0.25;PAQUETE;PAQUETE x 0.25 KG;1;1;1
PRD00030;FIDEO CODITO CHICO DON VITTORIO 250 GR;KG;;PRD00030;;FIDEO CODITO CHICO DON VITTORIO 250 GR;PAQUETE;0.25;PAQUETE;PAQUETE x 0.25 KG;1;1;1
PRD00031;FIDEO SPAGUETTI DON VITTORIO 500 GR;KG;;PRD00031;;FIDEO SPAGUETTI DON VITTORIO 500 GR;PAQUETE;0.5;PAQUETE;PAQUETE x 0.5 KG;1;1;1
PRD00032;FIDEO CABELLO DE ANGEL LAVAGGI 250 GR;KG;;PRD00032;;FIDEO CABELLO DE ANGEL LAVAGGI 250 GR;PAQUETE;0.25;PAQUETE;PAQUETE x 0.25 KG;1;1;1
PRD00033;FIDEO CANUTO CHICO NICOLINI 250 GR;KG;;PRD00033;;FIDEO CANUTO CHICO NICOLINI 250 GR;PAQUETE;0.25;PAQUETE;PAQUETE x 0.25 KG;1;1;1
PRD00034;FIDEO SPAGUETTI NICOLINI 500/450 GR;KG;;PRD00034;;FIDEO SPAGUETTI NICOLINI 500/450 GR;PAQUETE;0.5;PAQUETE;PAQUETE x 0.5 KG;1;1;1
PRD00035;FIDEO TORNILLO NICOLINI 250 GR;KG;;PRD00035;;FIDEO TORNILLO NICOLINI 250 GR;PAQUETE;0.25;PAQUETE;PAQUETE x 0.25 KG;1;1;1
PRD00036;FIDEO CORBATA GRANDE NICOLINI 250 GR ( 15320 );KG;;PRD00036;;FIDEO CORBATA GRANDE NICOLINI 250 GR ( 15320 );PAQUETE;0.25;PAQUETE;PAQUETE x 0.25 KG;1;1;1
PRD00037;FIDEO CODO RAYADO DON VITTORIO 250/225 GR;KG;;PRD00037;;FIDEO CODO RAYADO DON VITTORIO 250/225 GR;PAQUETE;0.25;PAQUETE;PAQUETE x 0.25 KG;1;1;1
PRD00038;FIDEO ARITO DON VITTORIO 250 GR;KG;;PRD00038;;FIDEO ARITO DON VITTORIO 250 GR;PAQUETE;0.25;PAQUETE;PAQUETE x 0.25 KG;1;1;1
PRD00039;FIDEO CANUTO RAYADO DON VITTORIO 250 GR;KG;;PRD00039;;FIDEO CANUTO RAYADO DON VITTORIO 250 GR;PAQUETE;0.25;PAQUETE;PAQUETE x 0.25 KG;1;1;1
PRD00040;FIDEO CANUTO CHICO DON VITTORIO 250/235 GR;KG;;PRD00040;;FIDEO CANUTO CHICO DON VITTORIO 250/235 GR;PAQUETE;0.25;PAQUETE;PAQUETE x 0.25 KG;1;1;1
PRD00041;FIDEO CARACOL LAVAGGI 250 GR;KG;;PRD00041;;FIDEO CARACOL LAVAGGI 250 GR;PAQUETE;0.25;PAQUETE;PAQUETE x 0.25 KG;1;1;1
PRD00042;FIDEO SPAGUETTI MOLITALIA 500 GR;KG;;PRD00042;;FIDEO SPAGUETTI MOLITALIA 500 GR;PAQUETE;0.5;PAQUETE;PAQUETE x 0.5 KG;1;1;1
PRD00043;FIDEO CABELLO DE ANGEL MOLITALIA 250 GR;KG;;PRD00043;;FIDEO CABELLO DE ANGEL MOLITALIA 250 GR;PAQUETE;0.25;PAQUETE;PAQUETE x 0.25 KG;1;1;1
PRD00044;FIDEO TORNILLO MOLITALIA 250 GR;KG;;PRD00044;;FIDEO TORNILLO MOLITALIA 250 GR;PAQUETE;0.25;PAQUETE;PAQUETE x 0.25 KG;1;1;1
PRD00045;FIDEO CODO MEDIANO RAYADO MOLITALIA 250 GR;KG;;PRD00045;;FIDEO CODO MEDIANO RAYADO MOLITALIA 250 GR;PAQUETE;0.25;PAQUETE;PAQUETE x 0.25 KG;1;1;1
PRD00046;FIDEO RIGATONI MOLITALIA 250 GR;KG;;PRD00046;;FIDEO RIGATONI MOLITALIA 250 GR;PAQUETE;0.25;PAQUETE;PAQUETE x 0.25 KG;1;1;1
PRD00047;ARROZ PAL COMBO TURQUEZA (EXTRA) SACO 49 KG;KG;;PRD00047;;ARROZ PAL COMBO TURQUEZA (EXTRA) SACO 49 KG;SACO;49;SACO;SACO x 49 KG;1;1;1
PRD00048;ARVEJA VERDE PARTIDA BELEN 5 KG;KG;;PRD00048;;ARVEJA VERDE PARTIDA BELEN 5 KG;BOLSA;5;BOLSA;BOLSA x 5 KG;1;1;1
PRD00049;FRIJOL CABALLERO BELEN 5 KG;KG;;PRD00049;;FRIJOL CABALLERO BELEN 5 KG;BOLSA;5;BOLSA;BOLSA x 5 KG;1;1;1
PRD00050;FRIJOL CANARIO BELEN 5 KG;KG;;PRD00050;;FRIJOL CANARIO BELEN 5 KG;BOLSA;5;BOLSA;BOLSA x 5 KG;1;1;1
PRD00051;GARBANZO BELEN 5 KG;KG;;PRD00051;;GARBANZO BELEN 5 KG;BOLSA;5;BOLSA;BOLSA x 5 KG;1;1;1
PRD00052;MAIZ MOTE BELEN 5 KG;KG;;PRD00052;;MAIZ MOTE BELEN 5 KG;BOLSA;5;BOLSA;BOLSA x 5 KG;1;1;1
PRD00053;FIDEO CARACOL CHICO DON VITTORIO 250 GR;KG;;PRD00053;;FIDEO CARACOL CHICO DON VITTORIO 250 GR;PAQUETE;0.25;PAQUETE;PAQUETE x 0.25 KG;1;1;1
PRD00054;LENTEJA COSTEÑO 500 GR;KG;;PRD00054;;LENTEJA COSTEÑO 500 GR;BOLSA;0.5;BOLSA;BOLSA x 0.5 KG;1;1;1
PRD00055;MORON AMERICANO COSTEÑO 500 GR;KG;;PRD00055;;MORON AMERICANO COSTEÑO 500 GR;BOLSA;0.5;BOLSA;BOLSA x 0.5 KG;1;1;1
PRD00056;ARROZ COSTEÑO EXTRA HOJA REDONDA AÑEJO 50 KG;KG;;PRD00056;;ARROZ COSTEÑO EXTRA HOJA REDONDA AÑEJO 50 KG;SACO;50;SACO;SACO x 50 KG;1;1;1
PRD00057;PAPA SECA COSTEÑO 500 GR;KG;;PRD00057;;PAPA SECA COSTEÑO 500 GR;BOLSA;0.5;BOLSA;BOLSA x 0.5 KG;1;1;1
PRD00058;ARVEJA VERDE PARTIDA COSTEÑO 500 GR;KG;;PRD00058;;ARVEJA VERDE PARTIDA COSTEÑO 500 GR;BOLSA;0.5;BOLSA;BOLSA x 0.5 KG;1;1;1
PRD00059;PALLAR COSTEÑO 500 GR;KG;;PRD00059;;PALLAR COSTEÑO 500 GR;BOLSA;0.5;BOLSA;BOLSA x 0.5 KG;1;1;1
PRD00060;PALLAR BELEN 5 KG;KG;;PRD00060;;PALLAR BELEN 5 KG;BOLSA;5;BOLSA;BOLSA x 5 KG;1;1;1
PRD00061;ARROZ EXTRA NIR DEL NORTE;KG;;PRD00061;;ARROZ EXTRA NIR DEL NORTE;KILOGRAMO;1;KILOGRAMO;KILOGRAMO x 1 KG;1;1;1
PRD00062;ARROZ EXTRA PARBOILED;KG;;PRD00062;;ARROZ EXTRA PARBOILED;KILOGRAMO;1;KILOGRAMO;KILOGRAMO x 1 KG;1;1;1
PRD00063;ARROZ CORRIENTE PARA SOPA;KG;;PRD00063;;ARROZ CORRIENTE PARA SOPA;KILOGRAMO;1;KILOGRAMO;KILOGRAMO x 1 KG;1;1;1
PRD00064;ARROZ EXTRA MOLINO ROJO;KG;;PRD00064;;ARROZ EXTRA MOLINO ROJO;KILOGRAMO;1;KILOGRAMO;KILOGRAMO x 1 KG;1;1;1
PRD00065;ARROZ EXTRA VERDI;KG;;PRD00065;;ARROZ EXTRA VERDI;KILOGRAMO;1;KILOGRAMO;KILOGRAMO x 1 KG;1;1;1
PRD00066;ARROZ EXTRA D'AMANTE;KG;;PRD00066;;ARROZ EXTRA D'AMANTE;KILOGRAMO;1;KILOGRAMO;KILOGRAMO x 1 KG;1;1;1
PRD00067;ARROZ EXTRA PUITA D'MANTE;KG;;PRD00067;;ARROZ EXTRA PUITA D'MANTE;KILOGRAMO;1;KILOGRAMO;KILOGRAMO x 1 KG;1;1;1
PRD00068;ARROZ EXTRA D'AMANTE SACO 50 KG;KG;;PRD00068;;ARROZ EXTRA D'AMANTE SACO 50 KG;SACO;50;SACO;SACO x 50 KG;1;1;1
PRD00069;ARROZ COSTEÑO EXTRA NIR SACO 50 KG;KG;;PRD00069;;ARROZ COSTEÑO EXTRA NIR SACO 50 KG;SACO;50;SACO;SACO x 50 KG;1;1;1
PRD00070;ARROZ EXTRA PARBOILED SACO 50 KG;KG;;PRD00070;;ARROZ EXTRA PARBOILED SACO 50 KG;SACO;50;SACO;SACO x 50 KG;1;1;1
PRD00071;ARROZ CAMPERO EXTRA SACO 50 KG;KG;;PRD00071;;ARROZ CAMPERO EXTRA SACO 50 KG;SACO;50;SACO;SACO x 50 KG;1;1;1
PRD00072;ARROZ CORRIENTE PARA SOPA SACO 50 KG;KG;;PRD00072;;ARROZ CORRIENTE PARA SOPA SACO 50 KG;SACO;50;SACO;SACO x 50 KG;1;1;1
PRD00073;ARROZ EXTRA ESTRELLITA DEL NORTE 50 KG;KG;;PRD00073;;ARROZ EXTRA ESTRELLITA DEL NORTE 50 KG;SACO;50;SACO;SACO x 50 KG;1;1;1
PRD00074;KIWICHA AVENA 3 OSITOS 170 GR;KG;;PRD00074;;KIWICHA AVENA 3 OSITOS 170 GR;BOLSA;0.17;BOLSA;BOLSA x 0.17 KG;1;1;1
PRD00075;ACEITE VEGETAL DELEITTE 5 LT;L;;PRD00075;;ACEITE VEGETAL DELEITTE 5 LT;BIDON;5;BIDON;BIDON x 5 L;1;1;1
PRD00076;ACEITE VEGETAL PRIMOR 5 LT;L;;PRD00076;;ACEITE VEGETAL PRIMOR 5 LT;BIDON;5;BIDON;BIDON x 5 L;1;1;1
PRD00077;ACEITE VEGETAL COCINERO 5 LT;L;;PRD00077;;ACEITE VEGETAL COCINERO 5 LT;BIDON;5;BIDON;BIDON x 5 L;1;1;1
PRD00078;ACEITE AJONJOLI LEE KUM KEE 207 ML;L;;PRD00078;;ACEITE AJONJOLI LEE KUM KEE 207 ML;FRASCO;0.207;FRASCO;FRASCO x 0.207 L;1;1;1
PRD00079;ACEITE VEGETAL CIL 5 LT;L;;PRD00079;;ACEITE VEGETAL CIL 5 LT;BIDON;5;BIDON;BIDON x 5 L;1;1;1
PRD00080;AVENA SANTA CATALINA SACO 5 KG;KG;;PRD00080;;AVENA SANTA CATALINA SACO 5 KG;BOLSA;5;BOLSA;BOLSA x 5 KG;1;1;1
PRD00081;MACA AVENA 3 OSITOS 150 GR;KG;;PRD00081;;MACA AVENA 3 OSITOS 150 GR;BOLSA;0.15;BOLSA;BOLSA x 0.15 KG;1;1;1
PRD00082;AVENA 3 OSITOS 100 GR;KG;;PRD00082;;AVENA 3 OSITOS 100 GR;BOLSA;0.1;BOLSA;BOLSA x 0.1 KG;1;1;1
PRD00083;AVENA 3 OSITOS 110 GR;KG;;PRD00083;;AVENA 3 OSITOS 110 GR;BOLSA;0.11;BOLSA;BOLSA x 0.11 KG;1;1;1
PRD00084;QUINUA AVENA 3 OSITOS 170 GR;KG;;PRD00084;;QUINUA AVENA 3 OSITOS 170 GR;BOLSA;0.17;BOLSA;BOLSA x 0.17 KG;1;1;1
PRD00085;MACA AVENA 3 OSITOS 170 GR;KG;;PRD00085;;MACA AVENA 3 OSITOS 170 GR;BOLSA;0.17;BOLSA;BOLSA x 0.17 KG;1;1;1
PRD00086;AVENA 3 OSITOS 135 GR;KG;;PRD00086;;AVENA 3 OSITOS 135 GR;BOLSA;0.135;BOLSA;BOLSA x 0.135 KG;1;1;1
PRD00087;AVENA 3 OSITOS 120 GR;KG;;PRD00087;;AVENA 3 OSITOS 120 GR;BOLSA;0.12;BOLSA;BOLSA x 0.12 KG;1;1;1
PRD00088;ACHOCOLATADO MILO NESTLE 400 GR;KG;;PRD00088;;ACHOCOLATADO MILO NESTLE 400 GR;LATA;0.4;LATA;LATA x 0.4 KG;1;1;1
PRD00089;ACHOCOLATADO NESQUICK NESTLE 380 GR (EMER);KG;;PRD00089;;ACHOCOLATADO NESQUICK NESTLE 380 GR (EMER);LATA;0.4;LATA;LATA x 0.4 KG;1;1;1
PRD00090;AVENA 3 OSITOS 10 KG;KG;;PRD00090;;AVENA 3 OSITOS 10 KG;BOLSA;10;BOLSA;BOLSA x 10 KG;1;1;1
PRD00091;CAFE MOLIDO STANDAR RISSO GRANEL KG;KG;;PRD00091;;CAFE MOLIDO STANDAR RISSO GRANEL KG;KILOGRAMO;1;KILOGRAMO;KILOGRAMO x 1 KG;1;1;1
PRD00092;CEDRON;KG;;PRD00092;;CEDRON;KILOGRAMO;1;KILOGRAMO;KILOGRAMO x 1 KG;1;1;1
PRD00093;PANETON SODEXO CAJA 900 GR;KG;;PRD00093;;PANETON SODEXO CAJA 900 GR;UNIDAD;0.9;UNIDAD;UNIDAD x 0.9 KG;1;1;1
PRD00094;PANETON SODEXO CAJA 90 GR;UND;;PRD00094;;PANETON SODEXO CAJA 90 GR;CAJA;1;CAJA;CAJA x 1 UND;1;1;1
PRD00095;PANETON DONOFRIO CAJA 880 GR;UND;;PRD00095;;PANETON DONOFRIO CAJA 880 GR;UNIDAD;1;UNIDAD;UNIDAD x 1 UND;1;1;1
PRD00096;AZUCAR RUBIA PERSONAL TRES ESPADAS 500 UNIDS;UND;;PRD00096;;AZUCAR RUBIA PERSONAL TRES ESPADAS 500 UNIDS;BOLSA;500;BOLSA;BOLSA x 500 UND;1;1;1
PRD00097;AZUCAR RUBIA PERSONAL TRES ESPADAS 5 GRM (BOLSA 2.5 MILLAR);UND;;PRD00097;;AZUCAR RUBIA PERSONAL TRES ESPADAS 5 GRM (BOLSA 2.5 MILLAR);BOLSA;2500;BOLSA;BOLSA x 2500 UND;1;1;1
PRD00098;AZUCAR BLANCA PERSONAL TRES ESPADAS 500 UNIDS;UND;;PRD00098;;AZUCAR BLANCA PERSONAL TRES ESPADAS 500 UNIDS;BOLSA;500;BOLSA;BOLSA x 500 UND;1;1;1
PRD00099;AZUCAR RUBIA PERSONAL ONZA PAQ 1 MILLAR;UND;;PRD00099;;AZUCAR RUBIA PERSONAL ONZA PAQ 1 MILLAR;SACHET;1000;SACHET;SACHET x 1000 UND;1;1;1
PRD00100;CAFE MOLIDO CAPPUCCINO NESTLE 1 KG;KG;;PRD00100;;CAFE MOLIDO CAPPUCCINO NESTLE 1 KG;BOLSA;1;BOLSA;BOLSA x 1 KG;1;1;1
PRD00101;CAFE MOLIDO MOKACCINO NESTLE 1 KG;KG;;PRD00101;;CAFE MOLIDO MOKACCINO NESTLE 1 KG;BOLSA;1;BOLSA;BOLSA x 1 KG;1;1;1
PRD00102;CEBADA TOSTADA INSTANTANEA NESTLE ECO 195 GR;KG;;PRD00102;;CEBADA TOSTADA INSTANTANEA NESTLE ECO 195 GR;LATA;0.195;LATA;LATA x 0.195 KG;1;1;1
PRD00103;INFUSION TE CANELA Y CLAVO HERBI 100 SOBRES;UND;;PRD00103;;INFUSION TE CANELA Y CLAVO HERBI 100 SOBRES;CAJA;100;CAJA;CAJA x 100 UND;1;1;1
PRD00104;AVENA SANTA CATALINA SACO 10 KG;KG;;PRD00104;;AVENA SANTA CATALINA SACO 10 KG;BOLSA;10;BOLSA;BOLSA x 10 KG;1;1;1
PRD00105;INFUSION HIERBA LUISA HERBI 100 SOBRES;UND;;PRD00105;;INFUSION HIERBA LUISA HERBI 100 SOBRES;CAJA;100;CAJA;CAJA x 100 UND;1;1;1
PRD00106;MERMELADA SAUCO DULCE COSECHA 5 KG;KG;;PRD00106;;MERMELADA SAUCO DULCE COSECHA 5 KG;BOLSA;5;BOLSA;BOLSA x 5 KG;1;1;1
PRD00107;CAFE MOLIDO NESCAFE TRADICION NESTLE 500 GR;KG;;PRD00107;;CAFE MOLIDO NESCAFE TRADICION NESTLE 500 GR;BOLSA;0.5;BOLSA;BOLSA x 0.5 KG;1;1;1
PRD00108;CHOCOLATE PARA TAZA SOL DEL CUSCO 90 GR;KG;;PRD00108;;CHOCOLATE PARA TAZA SOL DEL CUSCO 90 GR;UNIDAD;0.09;UNIDAD;UNIDAD x 0.09 KG;1;1;1
PRD00109;MERMELADA FRESA COMPASS 350 GR;KG;;PRD00109;;MERMELADA FRESA COMPASS 350 GR;POTE;0.35;POTE;POTE x 0.35 KG;1;1;1
PRD00110;MERMELADA FRESA A-1 850 GR;UND;;PRD00110;;MERMELADA FRESA A-1 850 GR;SACHET;1;SACHET;SACHET x 1 UND;1;1;1
PRD00111;INFUSION MANZANILLA MC COLLINS 100 SOBRES;UND;;PRD00111;;INFUSION MANZANILLA MC COLLINS 100 SOBRES;CAJA;100;CAJA;CAJA x 100 UND;1;1;1
PRD00112;AZUCAR RUBIA PERSONAL SODEXO PAQ (5 GR) 1 MILLAR;UND;;PRD00112;;AZUCAR RUBIA PERSONAL SODEXO PAQ (5 GR) 1 MILLAR;CAJA;1000;CAJA;CAJA x 1000 UND;1;1;1
PRD00113;PAN MOLIDO TAKIS 5 KG;KG;;PRD00113;;PAN MOLIDO TAKIS 5 KG;BOLSA;5;BOLSA;BOLSA x 5 KG;1;1;1
PRD00114;GALLETA CLASICA OREO 36 GR;UND;;PRD00114;;GALLETA CLASICA OREO 36 GR;PAQUETE;1;PAQUETE;PAQUETE x 1 UND;1;1;1
PRD00115;AZUCAR BLANCA;KG;;PRD00115;;AZUCAR BLANCA;KILOGRAMO;1;KILOGRAMO;KILOGRAMO x 1 KG;1;1;1
PRD00116;AZUCAR RUBIA;KG;;PRD00116;;AZUCAR RUBIA;KILOGRAMO;1;KILOGRAMO;KILOGRAMO x 1 KG;1;1;1
PRD00117;AZUCAR RUBIA POMALCA 1 KG;KG;;PRD00117;;AZUCAR RUBIA POMALCA 1 KG;KILOGRAMO;1;KILOGRAMO;KILOGRAMO x 1 KG;1;1;1
PRD00118;AZUCAR BLANCA PERSONAL SODEXO PAQ (5 GR)1 MILLAR;UND;;PRD00118;;AZUCAR BLANCA PERSONAL SODEXO PAQ (5 GR)1 MILLAR;BOLSA;1000;BOLSA;BOLSA x 1000 UND;1;1;1
PRD00119;EDULCORANTE PERSONAL SODEXO 1 GR X MILLAR;UND;;PRD00119;;EDULCORANTE PERSONAL SODEXO 1 GR X MILLAR;PAQUETE;1000;PAQUETE;PAQUETE x 1000 UND;1;1;1
PRD00120;EDULCORANTE STEVIA PERSONAL SODEXO 1 GR X MILLAR;UND;;PRD00120;;EDULCORANTE STEVIA PERSONAL SODEXO 1 GR X MILLAR;SACHET;1000;SACHET;SACHET x 1000 UND;1;1;1
PRD00121;AZUCAR BLANCA COSTEÑO 1 KG;KG;;PRD00121;;AZUCAR BLANCA COSTEÑO 1 KG;BOLSA;1;BOLSA;BOLSA x 1 KG;1;1;1
PRD00122;AZUCAR RUBIA CARTAVIO 5 KG;KG;;PRD00122;;AZUCAR RUBIA CARTAVIO 5 KG;BOLSA;5;BOLSA;BOLSA x 5 KG;1;1;1
PRD00123;AZUCAR BLANCA SACO 50 KG;KG;;PRD00123;;AZUCAR BLANCA SACO 50 KG;SACO;50;SACO;SACO x 50 KG;1;1;1
PRD00124;AZUCAR RUBIA SACO 50 KG;KG;;PRD00124;;AZUCAR RUBIA SACO 50 KG;SACO;50;SACO;SACO x 50 KG;1;1;1
PRD00125;AJINOMOTO 1 KG;KG;;PRD00125;;AJINOMOTO 1 KG;BOLSA;1;BOLSA;BOLSA x 1 KG;1;1;1
PRD00126;CULANTRO MOLIDO TRESA X KILO;KG;;PRD00126;;CULANTRO MOLIDO TRESA X KILO;KILOGRAMO;1;KILOGRAMO;KILOGRAMO x 1 KG;1;1;1
PRD00127;SALSA DE AJI CASERO TRESA 5 GR;UND;;PRD00127;;SALSA DE AJI CASERO TRESA 5 GR;SACHET;1;SACHET;SACHET x 1 UND;1;1;1
PRD00128;FIDEO SPAGUETTI MOLITALIA 450 GR;KG;;PRD00128;;FIDEO SPAGUETTI MOLITALIA 450 GR;PAQUETE;0.45;PAQUETE;PAQUETE x 0.45 KG;1;1;1
PRD00129;FIDEO SPAGUETTI DEL CIELO 500 GR;KG;;PRD00129;;FIDEO SPAGUETTI DEL CIELO 500 GR;PAQUETE;0.5;PAQUETE;PAQUETE x 0.5 KG;1;1;1
PRD00130;FIDEO CARACOL DEL CIELO 250 GR;KG;;PRD00130;;FIDEO CARACOL DEL CIELO 250 GR;PAQUETE;0.25;PAQUETE;PAQUETE x 0.25 KG;1;1;1
PRD00131;FIDEO CANUTO GRANDE DEL CIELO 250 GR;KG;;PRD00131;;FIDEO CANUTO GRANDE DEL CIELO 250 GR;PAQUETE;0.25;PAQUETE;PAQUETE x 0.25 KG;1;1;1
PRD00132;FIDEO CARACOL CHICO MOLITALIA 235 GR;KG;;PRD00132;;FIDEO CARACOL CHICO MOLITALIA 235 GR;PAQUETE;0.235;PAQUETE;PAQUETE x 0.235 KG;1;1;1
PRD00133;FIDEO CANUTO MOLITALIA 235 GR;KG;;PRD00133;;FIDEO CANUTO MOLITALIA 235 GR;PAQUETE;0.235;PAQUETE;PAQUETE x 0.235 KG;1;1;1
PRD00134;FIDEO TORNILLO MOLITALIA 235 GR;KG;;PRD00134;;FIDEO TORNILLO MOLITALIA 235 GR;PAQUETE;0.235;PAQUETE;PAQUETE x 0.235 KG;1;1;1
PRD00135;FIDEO MACARRON MOLITALIA 235 GR;KG;;PRD00135;;FIDEO MACARRON MOLITALIA 235 GR;PAQUETE;0.235;PAQUETE;PAQUETE x 0.235 KG;1;1;1
PRD00136;FIDEO CODO MEDIANO RAYADO MOLITALIA 235 GR;KG;;PRD00136;;FIDEO CODO MEDIANO RAYADO MOLITALIA 235 GR;PAQUETE;0.235;PAQUETE;PAQUETE x 0.235 KG;1;1;1
PRD00137;FIDEO SPAGUETTI MOLITALIA 950 GR;KG;;PRD00137;;FIDEO SPAGUETTI MOLITALIA 950 GR;PAQUETE;0.95;PAQUETE;PAQUETE x 0.95 KG;1;1;1
PRD00138;SALSA SILLAU TRESA 4 LT;L;;PRD00138;;SALSA SILLAU TRESA 4 LT;GALON;4;GALON;GALON x 4 L;1;1;1
PRD00139;BEBIDA REHIDRATANTE FRUTILLA POWERADE 473 ML;UND;;PRD00139;;BEBIDA REHIDRATANTE FRUTILLA POWERADE 473 ML;BOTELLA;1;BOTELLA;BOTELLA x 1 UND;1;1;1
PRD00140;FIDEO CARACOL CHICO MOLITALIA 250GR;KG;;PRD00140;;FIDEO CARACOL CHICO MOLITALIA 250GR;PAQUETE;0.25;PAQUETE;PAQUETE x 0.25 KG;1;1;1
PRD00141;FIDEO CANUTO MOLITALIA 250 GR;KG;;PRD00141;;FIDEO CANUTO MOLITALIA 250 GR;PAQUETE;0.25;PAQUETE;PAQUETE x 0.25 KG;1;1;1
PRD00142;FIDEO TORNILLO MOLITALIA 250GR;KG;;PRD00142;;FIDEO TORNILLO MOLITALIA 250GR;PAQUETE;0.25;PAQUETE;PAQUETE x 0.25 KG;1;1;1
PRD00143;FIDEO MACARRON MOLITALIA 250GR;KG;;PRD00143;;FIDEO MACARRON MOLITALIA 250GR;PAQUETE;0.25;PAQUETE;PAQUETE x 0.25 KG;1;1;1
PRD00144;FIDEO CODO MEDIANO RAYADO MOLITALIA 250GR;KG;;PRD00144;;FIDEO CODO MEDIANO RAYADO MOLITALIA 250GR;PAQUETE;0.25;PAQUETE;PAQUETE x 0.25 KG;1;1;1
PRD00145;FIDEO SPAGUETTI MOLITALIA 500GR;KG;;PRD00145;;FIDEO SPAGUETTI MOLITALIA 500GR;PAQUETE;0.5;PAQUETE;PAQUETE x 0.5 KG;1;1;1
PRD00146;FIDEO SPAGUETTI MOLITALIA 950 GR (CXEMER);KG;;PRD00146;;FIDEO SPAGUETTI MOLITALIA 950 GR (CXEMER);PAQUETE;0.95;PAQUETE;PAQUETE x 0.95 KG;1;1;1
PRD00147;MAYONESA ALACENA 4 LT;L;;PRD00147;;MAYONESA ALACENA 4 LT;BALDE;4;BALDE;BALDE x 4 L;1;1;1
PRD00148;SALSA TABASCO MC ILHENNY 150 ML;L;;PRD00148;;SALSA TABASCO MC ILHENNY 150 ML;FRASCO;0.15;FRASCO;FRASCO x 0.15 L;1;1;1
PRD00149;KETCHUP TRESA 4 LT;L;;PRD00149;;KETCHUP TRESA 4 LT;BALDE;4;BALDE;BALDE x 4 L;1;1;1
PRD00150;MOSTAZA TRESA 4 KG;KG;;PRD00150;;MOSTAZA TRESA 4 KG;BALDE;4;BALDE;BALDE x 4 KG;1;1;1
PRD00151;VINAGRE BLANCO TRESA 4 LT;L;;PRD00151;;VINAGRE BLANCO TRESA 4 LT;GALON;4;GALON;GALON x 4 L;1;1;1
PRD00152;VINAGRE TINTO TRESA 4 LT;L;;PRD00152;;VINAGRE TINTO TRESA 4 LT;GALON;4;GALON;GALON x 4 L;1;1;1
PRD00153;SAL DE MESA (MARINA) EMSAL 1 KG;KG;;PRD00153;;SAL DE MESA (MARINA) EMSAL 1 KG;BOLSA;1;BOLSA;BOLSA x 1 KG;1;1;1
PRD00154;SALSA INGLESA LEA PEARRINS 290 ML;L;;PRD00154;;SALSA INGLESA LEA PEARRINS 290 ML;FRASCO;0.29;FRASCO;FRASCO x 0.29 L;1;1;1
PRD00155;SALSA TAUSI LEE KUN KEE 368 GR;KG;;PRD00155;;SALSA TAUSI LEE KUN KEE 368 GR;FRASCO;0.368;FRASCO;FRASCO x 0.368 KG;1;1;1
PRD00156;GALLETA DULCE CHOCOLATE CHOMP 42/38 GR;UND;;PRD00156;;GALLETA DULCE CHOCOLATE CHOMP 42/38 GR;PAQUETE;1;PAQUETE;PAQUETE x 1 UND;1;1;1
PRD00157;SALSA OSTION LEE KUN KEE 510/480 GR;KG;;PRD00157;;SALSA OSTION LEE KUN KEE 510/480 GR;FRASCO;0.51;FRASCO;FRASCO x 0.51 KG;1;1;1
PRD00158;SALSA BARBECUE BBQ ORIGINAL HUNT 510 ML;L;;PRD00158;;SALSA BARBECUE BBQ ORIGINAL HUNT 510 ML;FRASCO;0.51;FRASCO;FRASCO x 0.51 L;1;1;1
PRD00159;MAYONESA ALACENA PERSONAL 10 GR (8CC);UND;;PRD00159;;MAYONESA ALACENA PERSONAL 10 GR (8CC);SACHET;1;SACHET;SACHET x 1 UND;1;1;1
PRD00160;MANI TOSTADO PELADO TOÑA 1 KG;KG;;PRD00160;;MANI TOSTADO PELADO TOÑA 1 KG;BOLSA;1;BOLSA;BOLSA x 1 KG;1;1;1
PRD00161;MAYONESA HELLMANS PERSONAL 7.6 GR;UND;;PRD00161;;MAYONESA HELLMANS PERSONAL 7.6 GR;SACHET;1;SACHET;SACHET x 1 UND;1;1;1
PRD00162;KETCHUP B&D 4 LT;L;;PRD00162;;KETCHUP B&D 4 LT;BALDE;4;BALDE;BALDE x 4 L;1;1;1
PRD00163;MOSTAZA B&D 4 KG;KG;;PRD00163;;MOSTAZA B&D 4 KG;BALDE;4;BALDE;BALDE x 4 KG;1;1;1
PRD00164;PIMIENTA PERSONAL SODEXO PAQUETE (0.5 GR) 1 MILLAR;UND;;PRD00164;;PIMIENTA PERSONAL SODEXO PAQUETE (0.5 GR) 1 MILLAR;PAQUETE;1000;PAQUETE;PAQUETE x 1000 UND;1;1;1
PRD00165;SAL PERSONAL SODEXO (0.5GR) 1 MILLAR;UND;;PRD00165;;SAL PERSONAL SODEXO (0.5GR) 1 MILLAR;PAQUETE;1000;PAQUETE;PAQUETE x 1000 UND;1;1;1
PRD00166;SALSA MENSI KIKKO 350 ML PET;L;;PRD00166;;SALSA MENSI KIKKO 350 ML PET;BOTELLA;0.39;BOTELLA;BOTELLA x 0.39 L;1;1;1
PRD00167;SALSA TAMARINDO KIKKO 350 ML;L;;PRD00167;;SALSA TAMARINDO KIKKO 350 ML;BOTELLA;0.39;BOTELLA;BOTELLA x 0.39 L;1;1;1
PRD00168;FIDEO SPAGUETTI DON VITTORIO 10 KG;KG;;PRD00168;;FIDEO SPAGUETTI DON VITTORIO 10 KG;PAQUETE;10;PAQUETE;PAQUETE x 10 KG;1;1;1
PRD00169;FIDEO TORNILLO DON VITTORIO 400 GR;KG;;PRD00169;;FIDEO TORNILLO DON VITTORIO 400 GR;PAQUETE;0.4;PAQUETE;PAQUETE x 0.4 KG;1;1;1
PRD00170;FIDEO SPAGUETTI SAN JORGE 500 GR;KG;;PRD00170;;FIDEO SPAGUETTI SAN JORGE 500 GR;PAQUETE;0.5;PAQUETE;PAQUETE x 0.5 KG;1;1;1
PRD00171;FIDEO SPAGUETTI LAVAGGI 10 KG (E);KG;;PRD00171;;FIDEO SPAGUETTI LAVAGGI 10 KG (E);PAQUETE;10;PAQUETE;PAQUETE x 10 KG;1;1;1
PRD00172;FIDEO CANUTO (PLUMA) MOLITALIA 250 GR;KG;;PRD00172;;FIDEO CANUTO (PLUMA) MOLITALIA 250 GR;PAQUETE;0.25;PAQUETE;PAQUETE x 0.25 KG;1;1;1
PRD00173;FIDEO CARACOL CHICO MOLITALIA 250 GR;KG;;PRD00173;;FIDEO CARACOL CHICO MOLITALIA 250 GR;PAQUETE;0.25;PAQUETE;PAQUETE x 0.25 KG;1;1;1
PRD00174;FIDEO CORBATA MOLITALIA 250 GR;KG;;PRD00174;;FIDEO CORBATA MOLITALIA 250 GR;PAQUETE;0.25;PAQUETE;PAQUETE x 0.25 KG;1;1;1
PRD00175;FIDEO CODO RAYADO MOLITALIA 250 GR;KG;;PRD00175;;FIDEO CODO RAYADO MOLITALIA 250 GR;PAQUETE;0.25;PAQUETE;PAQUETE x 0.25 KG;1;1;1
PRD00176;FIDEO CODO RAYADO NICOLLINI 250 GR;KG;;PRD00176;;FIDEO CODO RAYADO NICOLLINI 250 GR;PAQUETE;0.25;PAQUETE;PAQUETE x 0.25 KG;1;1;1
PRD00177;FIDEO CANUTIN BENOTI 250 GR;KG;;PRD00177;;FIDEO CANUTIN BENOTI 250 GR;PAQUETE;0.25;PAQUETE;PAQUETE x 0.25 KG;1;1;1
PRD00178;FIDEO CARACOL CHICO BENOTI 250 GR;KG;;PRD00178;;FIDEO CARACOL CHICO BENOTI 250 GR;PAQUETE;0.25;PAQUETE;PAQUETE x 0.25 KG;1;1;1
PRD00179;FIDEO CODO RAYADO BENOTI 250 GR;KG;;PRD00179;;FIDEO CODO RAYADO BENOTI 250 GR;PAQUETE;0.25;PAQUETE;PAQUETE x 0.25 KG;1;1;1
PRD00180;FIDEO CARACOL RAYADO BENOTI 250 GR;KG;;PRD00180;;FIDEO CARACOL RAYADO BENOTI 250 GR;PAQUETE;0.25;PAQUETE;PAQUETE x 0.25 KG;1;1;1
PRD00181;FIDEO RIGATONI BENOTI 250 GR;KG;;PRD00181;;FIDEO RIGATONI BENOTI 250 GR;PAQUETE;0.25;PAQUETE;PAQUETE x 0.25 KG;1;1;1
PRD00182;FIDEO CANUTO BENOTI 250 GR;KG;;PRD00182;;FIDEO CANUTO BENOTI 250 GR;PAQUETE;0.25;PAQUETE;PAQUETE x 0.25 KG;1;1;1
PRD00183;FIDEO CABELLO DE ANGEL BENOTI 250 GR;KG;;PRD00183;;FIDEO CABELLO DE ANGEL BENOTI 250 GR;PAQUETE;0.25;PAQUETE;PAQUETE x 0.25 KG;1;1;1
PRD00184;FIDEO TORNILLO BENOTI 250 GR;KG;;PRD00184;;FIDEO TORNILLO BENOTI 250 GR;PAQUETE;0.25;PAQUETE;PAQUETE x 0.25 KG;1;1;1
PRD00185;FIDEO SPAGUETTI BENOTI 500 GR;KG;;PRD00185;;FIDEO SPAGUETTI BENOTI 500 GR;PAQUETE;0.5;PAQUETE;PAQUETE x 0.5 KG;1;1;1
PRD00186;FIDEO SPAGUETTI BENOTI 10 KG;KG;;PRD00186;;FIDEO SPAGUETTI BENOTI 10 KG;BOLSA;10;BOLSA;BOLSA x 10 KG;1;1;1
PRD00187;FIDEO FETUCCINI C/HUEVO NICOLINI 500 GR;KG;;PRD00187;;FIDEO FETUCCINI C/HUEVO NICOLINI 500 GR;PAQUETE;0.5;PAQUETE;PAQUETE x 0.5 KG;1;1;1
PRD00188;FIDEO MACARRON MOLITALIA 250 GR;KG;;PRD00188;;FIDEO MACARRON MOLITALIA 250 GR;PAQUETE;0.25;PAQUETE;PAQUETE x 0.25 KG;1;1;1
PRD00189;FIDEO CODO MEDIANO MOLITALIA 250 GR;KG;;PRD00189;;FIDEO CODO MEDIANO MOLITALIA 250 GR;PAQUETE;0.25;PAQUETE;PAQUETE x 0.25 KG;1;1;1
PRD00190;LEVADURA INSTANTANEA LEVAPAN 500 GR;KG;;PRD00190;;LEVADURA INSTANTANEA LEVAPAN 500 GR;BOLSA;0.5;BOLSA;BOLSA x 0.5 KG;1;1;1
PRD00191;MEJORADOR MASA SUPERPAN LEVAPAN 5 KG;KG;;PRD00191;;MEJORADOR MASA SUPERPAN LEVAPAN 5 KG;BOLSA;5;BOLSA;BOLSA x 5 KG;1;1;1
PRD00192;COBERTURA BLANCA 500 GR;KG;;PRD00192;;COBERTURA BLANCA 500 GR;CAJA;0.5;CAJA;CAJA x 0.5 KG;1;1;1
PRD00193;BICARBONATO DE SODIO 227 GR;KG;;PRD00193;;BICARBONATO DE SODIO 227 GR;CAJA;0.227;CAJA;CAJA x 0.227 KG;1;1;1
PRD00194;JUGO DE MANZANA WATTS 200/180 ML;UND;;PRD00194;;JUGO DE MANZANA WATTS 200/180 ML;CAJA;1;CAJA;CAJA x 1 UND;1;1;1
PRD00195;HARINA ESPECIAL DEL CIELO GRANEL SACO 50 KG;KG;;PRD00195;;HARINA ESPECIAL DEL CIELO GRANEL SACO 50 KG;SACO;50;SACO;SACO x 50 KG;1;1;1
PRD00196;KEKE BIMBOLETES VAINILLA 55 GR;UND;;PRD00196;;KEKE BIMBOLETES VAINILLA 55 GR;UNIDAD;1;UNIDAD;UNIDAD x 1 UND;1;1;1
PRD00197;MAICENA DURYEA 500 GR;KG;;PRD00197;;MAICENA DURYEA 500 GR;CAJA;0.5;CAJA;CAJA x 0.5 KG;1;1;1
PRD00198;HARINA DE KIWICHA 5 KG - UNIDAD;KG;;PRD00198;;HARINA DE KIWICHA 5 KG - UNIDAD;BOLSA;5;BOLSA;BOLSA x 5 KG;1;1;1
PRD00199;ESCENCIA DE PANETON LEVAPAN 500 CC;L;;PRD00199;;ESCENCIA DE PANETON LEVAPAN 500 CC;FRASCO;0.5;FRASCO;FRASCO x 0.5 L;1;1;1
PRD00200;POLVO DE HORNEAR LEVAPAN 4 KG;KG;;PRD00200;;POLVO DE HORNEAR LEVAPAN 4 KG;BOLSA;4;BOLSA;BOLSA x 4 KG;1;1;1
PRD00201;HARINA DE HABAS MOLINOS DEL SOL 5 KG;KG;;PRD00201;;HARINA DE HABAS MOLINOS DEL SOL 5 KG;BOLSA;5;BOLSA;BOLSA x 5 KG;1;1;1
PRD00202;HARINA DE KIWICHA MOLINOS DEL SOL 5 KG;KG;;PRD00202;;HARINA DE KIWICHA MOLINOS DEL SOL 5 KG;BOLSA;5;BOLSA;BOLSA x 5 KG;1;1;1
PRD00203;HARINA DE MACA MOLINOS DEL SOL 5 KG;KG;;PRD00203;;HARINA DE MACA MOLINOS DEL SOL 5 KG;BOLSA;5;BOLSA;BOLSA x 5 KG;1;1;1
PRD00204;HARINA DE SOYA MOLINOS DEL SOL 5 KG;KG;;PRD00204;;HARINA DE SOYA MOLINOS DEL SOL 5 KG;BOLSA;5;BOLSA;BOLSA x 5 KG;1;1;1
PRD00205;HARINA 7 SEMILLAS MOLINOS DEL SOL 5 KG;KG;;PRD00205;;HARINA 7 SEMILLAS MOLINOS DEL SOL 5 KG;BOLSA;5;BOLSA;BOLSA x 5 KG;1;1;1
PRD00206;HARINA DE ARROZ MOLINOS DEL SOL 5 KG;KG;;PRD00206;;HARINA DE ARROZ MOLINOS DEL SOL 5 KG;BOLSA;5;BOLSA;BOLSA x 5 KG;1;1;1
PRD00207;HARINA DE QUINUA MOLINOS DEL SOL 5 KG;KG;;PRD00207;;HARINA DE QUINUA MOLINOS DEL SOL 5 KG;BOLSA;5;BOLSA;BOLSA x 5 KG;1;1;1
PRD00208;HARINA PARA TAMAL MOLINOS DEL SOL 5 KG;KG;;PRD00208;;HARINA PARA TAMAL MOLINOS DEL SOL 5 KG;BOLSA;5;BOLSA;BOLSA x 5 KG;1;1;1
PRD00209;SEMOLA BENOTI 25 KG;KG;;PRD00209;;SEMOLA BENOTI 25 KG;BOLSA;25;BOLSA;BOLSA x 25 KG;1;1;1
PRD00210;GELATINA DE LIMON UNIVERSAL 5 KG;KG;;PRD00210;;GELATINA DE LIMON UNIVERSAL 5 KG;BOLSA;5;BOLSA;BOLSA x 5 KG;1;1;1
PRD00211;SEMOLA NICOLINI 10 KG;KG;;PRD00211;;SEMOLA NICOLINI 10 KG;BOLSA;10;BOLSA;BOLSA x 10 KG;1;1;1
PRD00212;COLORANTE AMARILLO (HUEVO) LEVAPAN 250 ML;L;;PRD00212;;COLORANTE AMARILLO (HUEVO) LEVAPAN 250 ML;FRASCO;0.25;FRASCO;FRASCO x 0.25 L;1;1;1
PRD00213;AZUCAR IMPALPABLE HONORA (LEVAPAN) 5 KG;KG;;PRD00213;;AZUCAR IMPALPABLE HONORA (LEVAPAN) 5 KG;BOLSA;5;BOLSA;BOLSA x 5 KG;1;1;1
PRD00214;ANTIMOHO LEVAPAN 1 KG;KG;;PRD00214;;ANTIMOHO LEVAPAN 1 KG;BOLSA;1;BOLSA;BOLSA x 1 KG;1;1;1
PRD00215;GELATINA DE FRESA UNIVERSAL 5 KG;KG;;PRD00215;;GELATINA DE FRESA UNIVERSAL 5 KG;BOLSA;5;BOLSA;BOLSA x 5 KG;1;1;1
PRD00216;MAZAMORRA MORADA UNIVERSAL 200/150 GR;KG;;PRD00216;;MAZAMORRA MORADA UNIVERSAL 200/150 GR;UNIDAD;0.2;UNIDAD;UNIDAD x 0.2 KG;1;1;1
PRD00217;GELATINA DE FRESA GELANDINA 5 KG;KG;;PRD00217;;GELATINA DE FRESA GELANDINA 5 KG;BOLSA;5;BOLSA;BOLSA x 5 KG;1;1;1
PRD00218;GELATINA DE PIÑA GELANDINA 5 KG;KG;;PRD00218;;GELATINA DE PIÑA GELANDINA 5 KG;BOLSA;5;BOLSA;BOLSA x 5 KG;1;1;1
PRD00219;GELATINA DE NARANJA GELANDINA 5 KG;KG;;PRD00219;;GELATINA DE NARANJA GELANDINA 5 KG;BOLSA;5;BOLSA;BOLSA x 5 KG;1;1;1
PRD00220;JUGO DE MANZANA WATTS 1 LT;L;;PRD00220;;JUGO DE MANZANA WATTS 1 LT;CAJA;1;CAJA;CAJA x 1 L;1;1;1
PRD00221;MAZAMORRA MORADA CEILAN 5 KG;KG;;PRD00221;;MAZAMORRA MORADA CEILAN 5 KG;BOLSA;5;BOLSA;BOLSA x 5 KG;1;1;1
PRD00222;GRAJEA DE PANADERIA TOÑA 1 KG;KG;;PRD00222;;GRAJEA DE PANADERIA TOÑA 1 KG;BOLSA;1;BOLSA;BOLSA x 1 KG;1;1;1
PRD00223;PECANA TOÑA 1 KG;KG;;PRD00223;;PECANA TOÑA 1 KG;BOLSA;1;BOLSA;BOLSA x 1 KG;1;1;1
PRD00224;GELATINA DE NARANJA UNIVERSAL 5 KG;KG;;PRD00224;;GELATINA DE NARANJA UNIVERSAL 5 KG;BOLSA;5;BOLSA;BOLSA x 5 KG;1;1;1
PRD00225;GELATINA DE PIÑA UNIVERSAL 5 KG;KG;;PRD00225;;GELATINA DE PIÑA UNIVERSAL 5 KG;BOLSA;5;BOLSA;BOLSA x 5 KG;1;1;1
PRD00226;COLORANTE FRATELLO CAJA 4 FCO;UND;;PRD00226;;COLORANTE FRATELLO CAJA 4 FCO;UNIDAD;1;UNIDAD;UNIDAD x 1 UND;1;1;1
PRD00227;COCOA LA ABUELITA 160 GR;KG;;PRD00227;;COCOA LA ABUELITA 160 GR;BOLSA;0.16;BOLSA;BOLSA x 0.16 KG;1;1;1
PRD00228;ESCENCIA DE VAINILLA NEGRITA 1 LT PET;L;;PRD00228;;ESCENCIA DE VAINILLA NEGRITA 1 LT PET;BOTELLA;1;BOTELLA;BOTELLA x 1 L;1;1;1
PRD00229;CHUÑO POLVO TOÑA 1 KG;KG;;PRD00229;;CHUÑO POLVO TOÑA 1 KG;BOLSA;1;BOLSA;BOLSA x 1 KG;1;1;1
PRD00230;CHUÑO NEGRO MOLIDO SAN JUAN MASIAS (EX BELEN) 5 KG;KG;;PRD00230;;CHUÑO NEGRO MOLIDO SAN JUAN MASIAS (EX BELEN) 5 KG;BOLSA;5;BOLSA;BOLSA x 5 KG;1;1;1
PRD00231;HARINA DE KIWICHA SAN JUAN MASIAS (EX BELEN) 5 KG;KG;;PRD00231;;HARINA DE KIWICHA SAN JUAN MASIAS (EX BELEN) 5 KG;BOLSA;5;BOLSA;BOLSA x 5 KG;1;1;1
PRD00232;CHUÑO (INGLES) POLVO SAN JUAN MASIAS 5 KG;KG;;PRD00232;;CHUÑO (INGLES) POLVO SAN JUAN MASIAS 5 KG;BOLSA;5;BOLSA;BOLSA x 5 KG;1;1;1
PRD00233;CHUÑO ENTERO SAN JUAN MASIAS (EX BELEN) 5 KG;KG;;PRD00233;;CHUÑO ENTERO SAN JUAN MASIAS (EX BELEN) 5 KG;BOLSA;5;BOLSA;BOLSA x 5 KG;1;1;1
PRD00234;HARINA DE KIWICHA 5 KG;KG;;PRD00234;;HARINA DE KIWICHA 5 KG;BOLSA;5;BOLSA;BOLSA x 5 KG;1;1;1
PRD00235;HARINA ESPECIAL MOLITALIA KG;KG;;PRD00235;;HARINA ESPECIAL MOLITALIA KG;KILOGRAMO;1;KILOGRAMO;KILOGRAMO x 1 KG;1;1;1
PRD00236;POLENTA LA CABAÑA 500 GR;KG;;PRD00236;;POLENTA LA CABAÑA 500 GR;BOLSA;0.5;BOLSA;BOLSA x 0.5 KG;1;1;1
PRD00237;MAICENA INGREDION 25 KG;KG;;PRD00237;;MAICENA INGREDION 25 KG;BOLSA;25;BOLSA;BOLSA x 25 KG;1;1;1
PRD00238;HARINA DE MAIZ INGREDION 25 KG;KG;;PRD00238;;HARINA DE MAIZ INGREDION 25 KG;BOLSA;25;BOLSA;BOLSA x 25 KG;1;1;1
PRD00239;HARINA DE SOYA SAN JUAN MASIAS 5 KG;KG;;PRD00239;;HARINA DE SOYA SAN JUAN MASIAS 5 KG;BOLSA;5;BOLSA;BOLSA x 5 KG;1;1;1
PRD00240;HARINA DE MACA SAN JUAN MASIAS (EX BELEN) 5 KG;KG;;PRD00240;;HARINA DE MACA SAN JUAN MASIAS (EX BELEN) 5 KG;BOLSA;5;BOLSA;BOLSA x 5 KG;1;1;1
PRD00241;HARINA DE HABAS 5 KG;KG;;PRD00241;;HARINA DE HABAS 5 KG;BOLSA;5;BOLSA;BOLSA x 5 KG;1;1;1
PRD00242;HARINA DE AVENA KUMARA 5 KG;KG;;PRD00242;;HARINA DE AVENA KUMARA 5 KG;BOLSA;5;BOLSA;BOLSA x 5 KG;1;1;1
PRD00243;HARINA DE ARVEJA KUMARA 5 KG;KG;;PRD00243;;HARINA DE ARVEJA KUMARA 5 KG;BOLSA;5;BOLSA;BOLSA x 5 KG;1;1;1
PRD00244;HARINA DE CHOCHOCA KUMARA 5 KG;KG;;PRD00244;;HARINA DE CHOCHOCA KUMARA 5 KG;BOLSA;5;BOLSA;BOLSA x 5 KG;1;1;1
PRD00245;SALVADO DE TRIGO KUMARA 5 KG;KG;;PRD00245;;SALVADO DE TRIGO KUMARA 5 KG;BOLSA;5;BOLSA;BOLSA x 5 KG;1;1;1
PRD00246;SEMOLA MOLITALIA 25 KG;KG;;PRD00246;;SEMOLA MOLITALIA 25 KG;BOLSA;25;BOLSA;BOLSA x 25 KG;1;1;1
PRD00247;MAICENA DURYEA 1 KG;KG;;PRD00247;;MAICENA DURYEA 1 KG;CAJA;1;CAJA;CAJA x 1 KG;1;1;1
PRD00248;CHUÑO ENTERO BLANCO TOÑA 1 KG;KG;;PRD00248;;CHUÑO ENTERO BLANCO TOÑA 1 KG;BOLSA;1;BOLSA;BOLSA x 1 KG;1;1;1
PRD00249;HARINA ESPECIAL EL MOLINO GRANEL;KG;;PRD00249;;HARINA ESPECIAL EL MOLINO GRANEL;KILOGRAMO;1;KILOGRAMO;KILOGRAMO x 1 KG;1;1;1
PRD00250;CHUÑO POLVO 4 ESTACIONES 1 KG;KG;;PRD00250;;CHUÑO POLVO 4 ESTACIONES 1 KG;BOLSA;1;BOLSA;BOLSA x 1 KG;1;1;1
PRD00251;CHUÑO ENTERO BLANCO 4 ESTACIONES 1 KG;KG;;PRD00251;;CHUÑO ENTERO BLANCO 4 ESTACIONES 1 KG;BOLSA;1;BOLSA;BOLSA x 1 KG;1;1;1
PRD00252;HARINA ESPECIAL EL MOLINO GRANEL SACO 50 KG;KG;;PRD00252;;HARINA ESPECIAL EL MOLINO GRANEL SACO 50 KG;SACO;50;SACO;SACO x 50 KG;1;1;1
PRD00253;HARINA ESPECIAL ANGELICA GRANEL SACO 50 KG;KG;;PRD00253;;HARINA ESPECIAL ANGELICA GRANEL SACO 50 KG;SACO;50;SACO;SACO x 50 KG;1;1;1
PRD00254;HARINA ESPECIAL NICOLINI SUR SACO 50 KG;KG;;PRD00254;;HARINA ESPECIAL NICOLINI SUR SACO 50 KG;SACO;50;SACO;SACO x 50 KG;1;1;1
PRD00255;HARINA ESPECIAL NICOLINI SACO 50 KG;KG;;PRD00255;;HARINA ESPECIAL NICOLINI SACO 50 KG;SACO;50;SACO;SACO x 50 KG;1;1;1
PRD00256;HARINA DE 7 SEMILLAS LA NUESTRA 820 GR;KG;;PRD00256;;HARINA DE 7 SEMILLAS LA NUESTRA 820 GR;BOLSA;0.82;BOLSA;BOLSA x 0.82 KG;1;1;1
PRD00257;HARINA ESPECIAL DON ANGELO GRANEL 50 KG;KG;;PRD00257;;HARINA ESPECIAL DON ANGELO GRANEL 50 KG;SACO;50;SACO;SACO x 50 KG;1;1;1
PRD00258;CHUÑO ENTERO NEGRO 4 ESTACIONES 1 KG;KG;;PRD00258;;CHUÑO ENTERO NEGRO 4 ESTACIONES 1 KG;BOLSA;1;BOLSA;BOLSA x 1 KG;1;1;1
PRD00259;POLENTA INSTANTÁNEA AGNESI 500 GR;KG;;PRD00259;;POLENTA INSTANTÁNEA AGNESI 500 GR;BOLSA;0.5;BOLSA;BOLSA x 0.5 KG;1;1;1
PRD00260;CREMA DE ESPARRAGOS KNORR 1 KG;KG;;PRD00260;;CREMA DE ESPARRAGOS KNORR 1 KG;BOLSA;1;BOLSA;BOLSA x 1 KG;1;1;1
PRD00261;PURE DE PAPAS KNORR 2 KG;KG;;PRD00261;;PURE DE PAPAS KNORR 2 KG;BOLSA;2;BOLSA;BOLSA x 2 KG;1;1;1
PRD00262;SOPA INSTANTANEA MARUCHAN CARNE 64 GR;UND;;PRD00262;;SOPA INSTANTANEA MARUCHAN CARNE 64 GR;VASO;1;VASO;VASO x 1 UND;1;1;1
PRD00263;SOPA INSTANTANEA MARUCHAN POLLO 64 GR;UND;;PRD00263;;SOPA INSTANTANEA MARUCHAN POLLO 64 GR;VASO;1;VASO;VASO x 1 UND;1;1;1
PRD00264;CALDO DE GALLINA KNORR SACHET 1.5 KG;KG;;PRD00264;;CALDO DE GALLINA KNORR SACHET 1.5 KG;BOLSA;1.5;BOLSA;BOLSA x 1.5 KG;1;1;1
PRD00265;PURE DE PAPA MENU 1 KG;KG;;PRD00265;;PURE DE PAPA MENU 1 KG;BOLSA;1;BOLSA;BOLSA x 1 KG;1;1;1
PRD00266;POP CORN ACT II NATURAL 3.2 OZ;UND;;PRD00266;;POP CORN ACT II NATURAL 3.2 OZ;SOBRE;1;SOBRE;SOBRE x 1 UND;1;1;1
PRD00267;POP CORN ACT II BUTTER 3.2 OZ;UND;;PRD00267;;POP CORN ACT II BUTTER 3.2 OZ;SOBRE;1;SOBRE;SOBRE x 1 UND;1;1;1
PRD00268;MEZCLA LACTEA LAIVE CREMOSA EN CAJA 480 GR;KG;;PRD00268;;MEZCLA LACTEA LAIVE CREMOSA EN CAJA 480 GR;CAJA;0.48;CAJA;CAJA x 0.48 KG;1;1;1
PRD00269;LECHE SIN LACTOSA SABOR CHOCOLATE LAIVE 180 ML;UND;;PRD00269;;LECHE SIN LACTOSA SABOR CHOCOLATE LAIVE 180 ML;CAJA;1;CAJA;CAJA x 1 UND;1;1;1
PRD00270;LECHE EVAPORADA (CONCENTRADA) LAIVE BOLSITARRO 800 ML;L;;PRD00270;;LECHE EVAPORADA (CONCENTRADA) LAIVE BOLSITARRO 800 ML;BOLSA;0.8;BOLSA;BOLSA x 0.8 L;1;1;1
PRD00271;MEZCLA LACTEA LAIVE NUTRILAC BOTELLA 390G;KG;;PRD00271;;MEZCLA LACTEA LAIVE NUTRILAC BOTELLA 390G;BOTELLA;0.39;BOTELLA;BOTELLA x 0.39 KG;1;1;1
PRD00272;MEZCLA LACTEA IDEAL AMANECER 390 GR;KG;;PRD00272;;MEZCLA LACTEA IDEAL AMANECER 390 GR;LATA;0.39;LATA;LATA x 0.39 KG;1;1;1
PRD00273;LECHE SIN LACTOSA SABOR CHOCOLATE LAIVE 170 ML;UND;;PRD00273;;LECHE SIN LACTOSA SABOR CHOCOLATE LAIVE 170 ML;CAJA;1;CAJA;CAJA x 1 UND;1;1;1
PRD00274;LECHE EVAPORADA LIGHT LAIVE CAJA 400 ML;L;;PRD00274;;LECHE EVAPORADA LIGHT LAIVE CAJA 400 ML;CAJA;0.4;CAJA;CAJA x 0.4 L;1;1;1
PRD00275;EVAPORADA LAIVE FAMILIA VITAMINIZADA EN CAJA 500 ML;L;;PRD00275;;EVAPORADA LAIVE FAMILIA VITAMINIZADA EN CAJA 500 ML;CAJA;0.5;CAJA;CAJA x 0.5 L;1;1;1
PRD00276;LECHE EVAPORADA (CONCENTRADA) LAIVE BOLSITARRO 400 ML;L;;PRD00276;;LECHE EVAPORADA (CONCENTRADA) LAIVE BOLSITARRO 400 ML;BOLSA;0.4;BOLSA;BOLSA x 0.4 L;1;1;1
PRD00277;MEZCLA LACTEA VITAMINIZADA LAIVE 160 GR;KG;;PRD00277;;MEZCLA LACTEA VITAMINIZADA LAIVE 160 GR;CAJA;0.16;CAJA;CAJA x 0.16 KG;1;1;1
PRD00278;CHICHARRON FRITO LAY 21 GR;UND;;PRD00278;;CHICHARRON FRITO LAY 21 GR;BOLSA;1;BOLSA;BOLSA x 1 UND;1;1;1
PRD00279;GALLETA DULCE VAINILLA NABISCO (FIELD) 37 GR;UND;;PRD00279;;GALLETA DULCE VAINILLA NABISCO (FIELD) 37 GR;UNIDAD;1;UNIDAD;UNIDAD x 1 UND;1;1;1
PRD00280;GALLETA SALADA CLUB SOCIAL NABISCO 26 GR;UND;;PRD00280;;GALLETA SALADA CLUB SOCIAL NABISCO 26 GR;PAQUETE;1;PAQUETE;PAQUETE x 1 UND;1;1;1
PRD00281;GALLETA CHOCOSODA NABISCO 39 GR;UND;;PRD00281;;GALLETA CHOCOSODA NABISCO 39 GR;PAQUETE;1;PAQUETE;PAQUETE x 1 UND;1;1;1
PRD00282;CHOCOLATE RELLENO BON O BON;UND;;PRD00282;;CHOCOLATE RELLENO BON O BON;UNIDAD;1;UNIDAD;UNIDAD x 1 UND;1;1;1
PRD00283;GALLETA DULCE VAINILLA TENTACION 45/43 GR;UND;;PRD00283;;GALLETA DULCE VAINILLA TENTACION 45/43 GR;PAQUETE;1;PAQUETE;PAQUETE x 1 UND;1;1;1
PRD00284;GALLETA DULCE CHOCOLATE TENTACION 45/43 GR;UND;;PRD00284;;GALLETA DULCE CHOCOLATE TENTACION 45/43 GR;PAQUETE;1;PAQUETE;PAQUETE x 1 UND;1;1;1
PRD00285;GALLETA DULCE CHOCOLATE GLACITAS 32 GR ( 23434);UND;;PRD00285;;GALLETA DULCE CHOCOLATE GLACITAS 32 GR ( 23434);PAQUETE;1;PAQUETE;PAQUETE x 1 UND;1;1;1
PRD00286;BISCOCHO CHOCMAN COSTA 30 GR;UND;;PRD00286;;BISCOCHO CHOCMAN COSTA 30 GR;UNIDAD;1;UNIDAD;UNIDAD x 1 UND;1;1;1
PRD00287;CANCHA FRITA TOÑA 100 GR;UND;;PRD00287;;CANCHA FRITA TOÑA 100 GR;BOLSA;1;BOLSA;BOLSA x 1 UND;1;1;1
PRD00288;PAPAS ONDAS LAYS 150 GR;UND;;PRD00288;;PAPAS ONDAS LAYS 150 GR;BOLSA;1;BOLSA;BOLSA x 1 UND;1;1;1
PRD00289;GALLETA SALADA RITZ 22.4 GR;UND;;PRD00289;;GALLETA SALADA RITZ 22.4 GR;PAQUETE;1;PAQUETE;PAQUETE x 1 UND;1;1;1
PRD00290;CARAMELO CON LOGO SODEXO 100 UNID;UND;;PRD00290;;CARAMELO CON LOGO SODEXO 100 UNID;BOLSA;100;BOLSA;BOLSA x 100 UND;1;1;1
PRD00291;CHOCOLATE TRIPACK SODEXO;UND;;PRD00291;;CHOCOLATE TRIPACK SODEXO;UNIDAD;1;UNIDAD;UNIDAD x 1 UND;1;1;1
PRD00292;GALLETA DULCE NARANJA CHOMP 38 GR;UND;;PRD00292;;GALLETA DULCE NARANJA CHOMP 38 GR;PAQUETE;1;PAQUETE;PAQUETE x 1 UND;1;1;1
PRD00293;GALLETA DULCE VAINILLA MARGARITA;UND;;PRD00293;;GALLETA DULCE VAINILLA MARGARITA;PAQUETE;1;PAQUETE;PAQUETE x 1 UND;1;1;1
PRD00294;GALLETA RELLENA FRESA CASINO 51/43 GR;UND;;PRD00294;;GALLETA RELLENA FRESA CASINO 51/43 GR;PAQUETE;1;PAQUETE;PAQUETE x 1 UND;1;1;1
PRD00295;GALLETA RELLENA LUCUMA CASINO 51/43 GR;UND;;PRD00295;;GALLETA RELLENA LUCUMA CASINO 51/43 GR;PAQUETE;1;PAQUETE;PAQUETE x 1 UND;1;1;1
PRD00296;GALLETA RELLENA MENTA CASINO 51 GR;UND;;PRD00296;;GALLETA RELLENA MENTA CASINO 51 GR;PAQUETE;1;PAQUETE;PAQUETE x 1 UND;1;1;1
PRD00297;GALLETA RELLENA VAINILLA CASINO 51/43 GR;UND;;PRD00297;;GALLETA RELLENA VAINILLA CASINO 51/43 GR;PAQUETE;1;PAQUETE;PAQUETE x 1 UND;1;1;1
PRD00298;CHOCOLATE RELLENO MANI VIZZIO COSTA 21 GR;UND;;PRD00298;;CHOCOLATE RELLENO MANI VIZZIO COSTA 21 GR;UNIDAD;1;UNIDAD;UNIDAD x 1 UND;1;1;1
PRD00299;PAPA SECA VALLE NORTE 500 GR;KG;;PRD00299;;PAPA SECA VALLE NORTE 500 GR;BOLSA;0.5;BOLSA;BOLSA x 0.5 KG;1;1;1
PRD00300;LENTEJA CRIMSON CANTA CLARO 5 KG;KG;;PRD00300;;LENTEJA CRIMSON CANTA CLARO 5 KG;BOLSA;5;BOLSA;BOLSA x 5 KG;1;1;1
PRD00301;TRIGO PELADO CANTA CLARO 5 KG - UNIDAD;KG;;PRD00301;;TRIGO PELADO CANTA CLARO 5 KG - UNIDAD;BOLSA;5;BOLSA;BOLSA x 5 KG;1;1;1
PRD00302;PALLAR COSECHA ANDINA 5 KG;KG;;PRD00302;;PALLAR COSECHA ANDINA 5 KG;BOLSA;5;BOLSA;BOLSA x 5 KG;1;1;1
PRD00303;FRIJOL PINTO CANADIENSE LON 5 KG;KG;;PRD00303;;FRIJOL PINTO CANADIENSE LON 5 KG;BOLSA;5;BOLSA;BOLSA x 5 KG;1;1;1
PRD00304;FRIJOL PINTO CANADIENSE LON 500 GR;KG;;PRD00304;;FRIJOL PINTO CANADIENSE LON 500 GR;BOLSA;0.5;BOLSA;BOLSA x 0.5 KG;1;1;1
PRD00305;MAIZ MOTE MOLINOS DEL SOL 5 KG;KG;;PRD00305;;MAIZ MOTE MOLINOS DEL SOL 5 KG;BOLSA;5;BOLSA;BOLSA x 5 KG;1;1;1
PRD00306;CEBADA TOSTADA COSECHA ANDINA 5 KG;KG;;PRD00306;;CEBADA TOSTADA COSECHA ANDINA 5 KG;BOLSA;5;BOLSA;BOLSA x 5 KG;1;1;1
PRD00307;WAFER CHOCOLATE COSTA NIK 29 GR;UND;;PRD00307;;WAFER CHOCOLATE COSTA NIK 29 GR;PAQUETE;1;PAQUETE;PAQUETE x 1 UND;1;1;1
PRD00308;GALLETA DULCE NARANJA TENTACION 45/43 GR;UND;;PRD00308;;GALLETA DULCE NARANJA TENTACION 45/43 GR;PAQUETE;1;PAQUETE;PAQUETE x 1 UND;1;1;1
PRD00309;GALLETA DE ANIMALITOS TREN SAN JORGE 150 GR;UND;;PRD00309;;GALLETA DE ANIMALITOS TREN SAN JORGE 150 GR;PAQUETE;1;PAQUETE;PAQUETE x 1 UND;1;1;1
PRD00310;CANCHA FRITA TOÑA 1 KG;KG;;PRD00310;;CANCHA FRITA TOÑA 1 KG;BOLSA;1;BOLSA;BOLSA x 1 KG;1;1;1
PRD00311;CHOCOLATE STICK SUBLIME 14 GR;UND;;PRD00311;;CHOCOLATE STICK SUBLIME 14 GR;UNIDAD;1;UNIDAD;UNIDAD x 1 UND;1;1;1
PRD00312;GALLETA DULCE FRESA GLACITAS 32 GR;UND;;PRD00312;;GALLETA DULCE FRESA GLACITAS 32 GR;PAQUETE;1;PAQUETE;PAQUETE x 1 UND;1;1;1
PRD00313;GALLETA RELLENA CHOCOLATE CORONITA NABISCO 30 GR;UND;;PRD00313;;GALLETA RELLENA CHOCOLATE CORONITA NABISCO 30 GR;PAQUETE;1;PAQUETE;PAQUETE x 1 UND;1;1;1
PRD00314;GALLETA RELLENA ALFAJOR CASINO 51 GR;UND;;PRD00314;;GALLETA RELLENA ALFAJOR CASINO 51 GR;PAQUETE;1;PAQUETE;PAQUETE x 1 UND;1;1;1
PRD00315;GALLETA DULCE TOFFE GLACITAS 32 GR;UND;;PRD00315;;GALLETA DULCE TOFFE GLACITAS 32 GR;PAQUETE;1;PAQUETE;PAQUETE x 1 UND;1;1;1
PRD00316;GALLETA DULCE CHOCONIEVE GLACITAS 32 GR (23444);UND;;PRD00316;;GALLETA DULCE CHOCONIEVE GLACITAS 32 GR (23444);PAQUETE;1;PAQUETE;PAQUETE x 1 UND;1;1;1
PRD00317;PAPAS LAYS 240 GR;UND;;PRD00317;;PAPAS LAYS 240 GR;BOLSA;1;BOLSA;BOLSA x 1 UND;1;1;1
PRD00318;GALLETA DE AGUA COSTA LIGHT (LINE) 44 GR;UND;;PRD00318;;GALLETA DE AGUA COSTA LIGHT (LINE) 44 GR;PAQUETE;1;PAQUETE;PAQUETE x 1 UND;1;1;1
PRD00319;NATUCHIPS CAMOTE 90 GR;UND;;PRD00319;;NATUCHIPS CAMOTE 90 GR;BOLSA;1;BOLSA;BOLSA x 1 UND;1;1;1
PRD00320;CHICLE MENTA TRIDENT BARRA 10.2 GR;UND;;PRD00320;;CHICLE MENTA TRIDENT BARRA 10.2 GR;UNIDAD;1;UNIDAD;UNIDAD x 1 UND;1;1;1
PRD00321;GALLETA INTEGRAL CLUB SOCIAL NABISCO 26 GR;UND;;PRD00321;;GALLETA INTEGRAL CLUB SOCIAL NABISCO 26 GR;PAQUETE;1;PAQUETE;PAQUETE x 1 UND;1;1;1
PRD00322;CHUPETE CHUPETIN COLORADO (TUTTI FRUTI) AMBROSOLI (24 UNID);UND;;PRD00322;;CHUPETE CHUPETIN COLORADO (TUTTI FRUTI) AMBROSOLI (24 UNID);BOLSA;25;BOLSA;BOLSA x 25 UND;1;1;1
PRD00323;CARAMELO AMBROSOLI GAJOS DE LIMON 100 UND;UND;;PRD00323;;CARAMELO AMBROSOLI GAJOS DE LIMON 100 UND;BOLSA;100;BOLSA;BOLSA x 100 UND;1;1;1
PRD00324;GOMITAS AMBROSITO AMBROSOLI 27 GR;UND;;PRD00324;;GOMITAS AMBROSITO AMBROSOLI 27 GR;BOLSA;1;BOLSA;BOLSA x 1 UND;1;1;1
PRD00325;CARAMELO CHICHA MORADA ARCOR 100 UND;UND;;PRD00325;;CARAMELO CHICHA MORADA ARCOR 100 UND;BOLSA;100;BOLSA;BOLSA x 100 UND;1;1;1
PRD00326;MANI ORIENTAL SALADO CARTER 37 GR;UND;;PRD00326;;MANI ORIENTAL SALADO CARTER 37 GR;BOLSA;1;BOLSA;BOLSA x 1 UND;1;1;1
PRD00327;GALLETA SALADA CREAM CRAKER NABISCO 75 GR;UND;;PRD00327;;GALLETA SALADA CREAM CRAKER NABISCO 75 GR;PAQUETE;1;PAQUETE;PAQUETE x 1 UND;1;1;1
PRD00328;MANI SALADO QUILLABAMBA 50 GR;UND;;PRD00328;;MANI SALADO QUILLABAMBA 50 GR;BOLSA;1;BOLSA;BOLSA x 1 UND;1;1;1
PRD00329;MANI SALADO KARINTO 20 GR;UND;;PRD00329;;MANI SALADO KARINTO 20 GR;BOLSA;1;BOLSA;BOLSA x 1 UND;1;1;1
PRD00330;GALLETA DULCE COCO TENTACION 45/43 GR;UND;;PRD00330;;GALLETA DULCE COCO TENTACION 45/43 GR;PAQUETE;1;PAQUETE;PAQUETE x 1 UND;1;1;1
PRD00331;PIQUEO SNACK FRITO LAY 48 GR;UND;;PRD00331;;PIQUEO SNACK FRITO LAY 48 GR;BOLSA;1;BOLSA;BOLSA x 1 UND;1;1;1
PRD00332;GALLETA RELLENA COCO CASINO 51/43 GR;UND;;PRD00332;;GALLETA RELLENA COCO CASINO 51/43 GR;PAQUETE;1;PAQUETE;PAQUETE x 1 UND;1;1;1
PRD00333;CHICLE MENTA ADAMS CHICO 100 UND;UND;;PRD00333;;CHICLE MENTA ADAMS CHICO 100 UND;CAJA;100;CAJA;CAJA x 100 UND;1;1;1
PRD00334;GALLETA SALADA DE SODA DIA 250 GR;UND;;PRD00334;;GALLETA SALADA DE SODA DIA 250 GR;PAQUETE;1;PAQUETE;PAQUETE x 1 UND;1;1;1
PRD00335;GALLETA DULCE VAINILLA DIA 250 GR;KG;;PRD00335;;GALLETA DULCE VAINILLA DIA 250 GR;PAQUETE;0.25;PAQUETE;PAQUETE x 0.25 KG;1;1;1
PRD00336;GALLETA DULCE NARANJA MARQUESITAS;UND;;PRD00336;;GALLETA DULCE NARANJA MARQUESITAS;PAQUETE;1;PAQUETE;PAQUETE x 1 UND;1;1;1
PRD00337;WAFER FRESA FENIX;UND;;PRD00337;;WAFER FRESA FENIX;PAQUETE;1;PAQUETE;PAQUETE x 1 UND;1;1;1
PRD00338;CARAMELO AMBROSOLI CALIPTUS 100 UND;UND;;PRD00338;;CARAMELO AMBROSOLI CALIPTUS 100 UND;BOLSA;100;BOLSA;BOLSA x 100 UND;1;1;1
PRD00339;CARAMELO BUTTER CREAM DE LECHE 100 UND;UND;;PRD00339;;CARAMELO BUTTER CREAM DE LECHE 100 UND;BOLSA;100;BOLSA;BOLSA x 100 UND;1;1;1
PRD00340;CARAMELO AMBROSOLI ICE MINT 100 UND;UND;;PRD00340;;CARAMELO AMBROSOLI ICE MINT 100 UND;BOLSA;100;BOLSA;BOLSA x 100 UND;1;1;1
PRD00341;FRIJOL PANAMITO BELEN 5 KG;KG;;PRD00341;;FRIJOL PANAMITO BELEN 5 KG;BOLSA;5;BOLSA;BOLSA x 5 KG;1;1;1
PRD00342;MAIZ POP CORN EL PLEBEYO 500 GR;KG;;PRD00342;;MAIZ POP CORN EL PLEBEYO 500 GR;BOLSA;0.5;BOLSA;BOLSA x 0.5 KG;1;1;1
PRD00343;ARVEJA VERDE PARTIDA LA SIEMBRA 5 KG;KG;;PRD00343;;ARVEJA VERDE PARTIDA LA SIEMBRA 5 KG;BOLSA;5;BOLSA;BOLSA x 5 KG;1;1;1
PRD00344;FRIJOL CABALLERO LA SIEMBRA 5 KG;KG;;PRD00344;;FRIJOL CABALLERO LA SIEMBRA 5 KG;BOLSA;5;BOLSA;BOLSA x 5 KG;1;1;1
PRD00345;FRIJOL CANARIO LA SIEMBRA 5 KG;KG;;PRD00345;;FRIJOL CANARIO LA SIEMBRA 5 KG;BOLSA;5;BOLSA;BOLSA x 5 KG;1;1;1
PRD00346;FRIJOL PANAMITO LA SIEMBRA 5 KG;KG;;PRD00346;;FRIJOL PANAMITO LA SIEMBRA 5 KG;BOLSA;5;BOLSA;BOLSA x 5 KG;1;1;1
PRD00347;GARBANZO LA SIEMBRA 5 KG;KG;;PRD00347;;GARBANZO LA SIEMBRA 5 KG;BOLSA;5;BOLSA;BOLSA x 5 KG;1;1;1
PRD00348;PALLAR LA SIEMBRA 5 KG;KG;;PRD00348;;PALLAR LA SIEMBRA 5 KG;BOLSA;5;BOLSA;BOLSA x 5 KG;1;1;1
PRD00349;TRIGO MOTE LA SIEMBRA 5 KG;KG;;PRD00349;;TRIGO MOTE LA SIEMBRA 5 KG;BOLSA;5;BOLSA;BOLSA x 5 KG;1;1;1
PRD00350;TRIGO PELADO LA SIEMBRA 5 KG;KG;;PRD00350;;TRIGO PELADO LA SIEMBRA 5 KG;BOLSA;5;BOLSA;BOLSA x 5 KG;1;1;1
PRD00351;ARVEJA VERDE 1 KG;KG;;PRD00351;;ARVEJA VERDE 1 KG;KILOGRAMO;1;KILOGRAMO;KILOGRAMO x 1 KG;1;1;1
PRD00352;PAPA SECA LA SIEMBRA 5 KG;KG;;PRD00352;;PAPA SECA LA SIEMBRA 5 KG;BOLSA;5;BOLSA;BOLSA x 5 KG;1;1;1
PRD00353;MORON AMERICANO KOMILON 5 KG;KG;;PRD00353;;MORON AMERICANO KOMILON 5 KG;BOLSA;5;BOLSA;BOLSA x 5 KG;1;1;1
PRD00354;PAPA SECA KOMILON 5 KG;KG;;PRD00354;;PAPA SECA KOMILON 5 KG;BOLSA;5;BOLSA;BOLSA x 5 KG;1;1;1
PRD00355;QUINUA KOMILON 5 KG;KG;;PRD00355;;QUINUA KOMILON 5 KG;BOLSA;5;BOLSA;BOLSA x 5 KG;1;1;1
PRD00356;TRIGO MOTE KOMILON 5 KG;KG;;PRD00356;;TRIGO MOTE KOMILON 5 KG;BOLSA;5;BOLSA;BOLSA x 5 KG;1;1;1
PRD00357;ARVEJA VERDE PARTIDA KOMILON 5 KG;KG;;PRD00357;;ARVEJA VERDE PARTIDA KOMILON 5 KG;BOLSA;5;BOLSA;BOLSA x 5 KG;1;1;1
PRD00358;FRIJOL CANARIO KOMILON 5 KG;KG;;PRD00358;;FRIJOL CANARIO KOMILON 5 KG;BOLSA;5;BOLSA;BOLSA x 5 KG;1;1;1
PRD00359;LENTEJA KOMILON 5 KG;KG;;PRD00359;;LENTEJA KOMILON 5 KG;BOLSA;5;BOLSA;BOLSA x 5 KG;1;1;1
PRD00360;MAIZ POP CORN KOMILON 5 KG;KG;;PRD00360;;MAIZ POP CORN KOMILON 5 KG;BOLSA;5;BOLSA;BOLSA x 5 KG;1;1;1
PRD00361;GARBANZO KOMILON 5 KG;KG;;PRD00361;;GARBANZO KOMILON 5 KG;BOLSA;5;BOLSA;BOLSA x 5 KG;1;1;1
PRD00362;PALLAR KOMILON 5 KG;KG;;PRD00362;;PALLAR KOMILON 5 KG;BOLSA;5;BOLSA;BOLSA x 5 KG;1;1;1
PRD00363;ARVEJA VERDE PARTIDA KOMILON 500 GR;KG;;PRD00363;;ARVEJA VERDE PARTIDA KOMILON 500 GR;BOLSA;0.5;BOLSA;BOLSA x 0.5 KG;1;1;1
PRD00364;FRIJOL CANARIO KOMILON 500 GR;KG;;PRD00364;;FRIJOL CANARIO KOMILON 500 GR;BOLSA;0.5;BOLSA;BOLSA x 0.5 KG;1;1;1
PRD00365;LENTEJA KOMILON 500 GR;KG;;PRD00365;;LENTEJA KOMILON 500 GR;BOLSA;0.5;BOLSA;BOLSA x 0.5 KG;1;1;1
PRD00366;QUINUA KOMILON 500 GR;KG;;PRD00366;;QUINUA KOMILON 500 GR;BOLSA;0.5;BOLSA;BOLSA x 0.5 KG;1;1;1
PRD00367;QUINUA CANTA CLARO 5 KG;KG;;PRD00367;;QUINUA CANTA CLARO 5 KG;BOLSA;5;BOLSA;BOLSA x 5 KG;1;1;1
PRD00368;LENTEJA CANTA CLARO 5 KG;KG;;PRD00368;;LENTEJA CANTA CLARO 5 KG;BOLSA;5;BOLSA;BOLSA x 5 KG;1;1;1
PRD00369;TRIGO MOTE CANTA CLARO 5 KG;KG;;PRD00369;;TRIGO MOTE CANTA CLARO 5 KG;BOLSA;5;BOLSA;BOLSA x 5 KG;1;1;1
PRD00370;MORON AMERICANO CANTA CLARO 5 KG;KG;;PRD00370;;MORON AMERICANO CANTA CLARO 5 KG;BOLSA;5;BOLSA;BOLSA x 5 KG;1;1;1
PRD00371;ARVEJA VERDE PARTIDA CANTA CLARO 5 KG;KG;;PRD00371;;ARVEJA VERDE PARTIDA CANTA CLARO 5 KG;BOLSA;5;BOLSA;BOLSA x 5 KG;1;1;1
PRD00372;PALLAR CANTA CLARO 5 KG;KG;;PRD00372;;PALLAR CANTA CLARO 5 KG;BOLSA;5;BOLSA;BOLSA x 5 KG;1;1;1
PRD00373;FRIJOL CANARIO CANTA CLARO 5 KG;KG;;PRD00373;;FRIJOL CANARIO CANTA CLARO 5 KG;BOLSA;5;BOLSA;BOLSA x 5 KG;1;1;1
PRD00374;GARBANZO CANTA CLARO 5 KG;KG;;PRD00374;;GARBANZO CANTA CLARO 5 KG;BOLSA;5;BOLSA;BOLSA x 5 KG;1;1;1
PRD00375;LENTEJA CANTA CLARO 500 GR;KG;;PRD00375;;LENTEJA CANTA CLARO 500 GR;BOLSA;0.5;BOLSA;BOLSA x 0.5 KG;1;1;1
PRD00376;CEBADA TOSTADA CANTA CLARO 5 KG;KG;;PRD00376;;CEBADA TOSTADA CANTA CLARO 5 KG;BOLSA;5;BOLSA;BOLSA x 5 KG;1;1;1
PRD00377;PAPA SECA CANTA CLARO 500 GR;KG;;PRD00377;;PAPA SECA CANTA CLARO 500 GR;BOLSA;0.5;BOLSA;BOLSA x 0.5 KG;1;1;1
PRD00378;MAIZ CANCHA CANTA CLARO 5 KG;KG;;PRD00378;;MAIZ CANCHA CANTA CLARO 5 KG;BOLSA;5;BOLSA;BOLSA x 5 KG;1;1;1
PRD00379;PAPA SECA CANTA CLARO 5 KG;KG;;PRD00379;;PAPA SECA CANTA CLARO 5 KG;BOLSA;5;BOLSA;BOLSA x 5 KG;1;1;1
PRD00380;MAIZ MOTE CANTA CLARO 5 KG;KG;;PRD00380;;MAIZ MOTE CANTA CLARO 5 KG;BOLSA;5;BOLSA;BOLSA x 5 KG;1;1;1
PRD00381;TRIGO PELADO CANTA CLARO 5 KG;KG;;PRD00381;;TRIGO PELADO CANTA CLARO 5 KG;BOLSA;5;BOLSA;BOLSA x 5 KG;1;1;1
PRD00382;MAIZ POP CORN SANTIS 1 KG;KG;;PRD00382;;MAIZ POP CORN SANTIS 1 KG;BOLSA;1;BOLSA;BOLSA x 1 KG;1;1;1
PRD00383;MAIZ POP CORN ARO 5 KG;KG;;PRD00383;;MAIZ POP CORN ARO 5 KG;BOLSA;5;BOLSA;BOLSA x 5 KG;1;1;1
PRD00384;MAIZ POP CORN LA SERRANITA 5 KG;KG;;PRD00384;;MAIZ POP CORN LA SERRANITA 5 KG;BOLSA;5;BOLSA;BOLSA x 5 KG;1;1;1
PRD00385;PAPA SECA LA SERRANITA 3 KG;KG;;PRD00385;;PAPA SECA LA SERRANITA 3 KG;BOLSA;5;BOLSA;BOLSA x 5 KG;1;1;1
PRD00386;TRIGO MOTE LA SERRANITA 5 KG;KG;;PRD00386;;TRIGO MOTE LA SERRANITA 5 KG;BOLSA;5;BOLSA;BOLSA x 5 KG;1;1;1
PRD00387;QUINUA LA SERRANITA 5 KG;KG;;PRD00387;;QUINUA LA SERRANITA 5 KG;BOLSA;5;BOLSA;BOLSA x 5 KG;1;1;1
PRD00388;MORON AMERICANO LA SERRANITA 5 KG;KG;;PRD00388;;MORON AMERICANO LA SERRANITA 5 KG;BOLSA;5;BOLSA;BOLSA x 5 KG;1;1;1
PRD00389;MAIZ CANCHA VALLESOL 5 KG;KG;;PRD00389;;MAIZ CANCHA VALLESOL 5 KG;BOLSA;5;BOLSA;BOLSA x 5 KG;1;1;1
PRD00390;MAIZ POP CORN VALLESOL 5 KG;KG;;PRD00390;;MAIZ POP CORN VALLESOL 5 KG;BOLSA;5;BOLSA;BOLSA x 5 KG;1;1;1
PRD00391;MORON AMERICANO VALLESOL 5 KG;KG;;PRD00391;;MORON AMERICANO VALLESOL 5 KG;BOLSA;5;BOLSA;BOLSA x 5 KG;1;1;1
PRD00392;PAPA SECA VALLESOL 5 KG;KG;;PRD00392;;PAPA SECA VALLESOL 5 KG;BOLSA;5;BOLSA;BOLSA x 5 KG;1;1;1
PRD00393;QUINUA VALLESOL 5 KG;KG;;PRD00393;;QUINUA VALLESOL 5 KG;BOLSA;5;BOLSA;BOLSA x 5 KG;1;1;1
PRD00394;TRIGO MOTE VALLESOL 5 KG;KG;;PRD00394;;TRIGO MOTE VALLESOL 5 KG;BOLSA;5;BOLSA;BOLSA x 5 KG;1;1;1
PRD00395;TRIGO PELADO VALLESOL 5 KG;KG;;PRD00395;;TRIGO PELADO VALLESOL 5 KG;BOLSA;5;BOLSA;BOLSA x 5 KG;1;1;1
PRD00396;MAIZ MOTE VALLESOL 5 KG;KG;;PRD00396;;MAIZ MOTE VALLESOL 5 KG;BOLSA;5;BOLSA;BOLSA x 5 KG;1;1;1
PRD00397;PAPA SECA KOMILON 500 GR;KG;;PRD00397;;PAPA SECA KOMILON 500 GR;BOLSA;0.4;BOLSA;BOLSA x 0.4 KG;1;1;1
PRD00398;MORON AMERICANO KOMILON 500 GR;KG;;PRD00398;;MORON AMERICANO KOMILON 500 GR;BOLSA;0.5;BOLSA;BOLSA x 0.5 KG;1;1;1
PRD00399;MAIZ POP CORN CANTA CLARO 5 KG;KG;;PRD00399;;MAIZ POP CORN CANTA CLARO 5 KG;BOLSA;5;BOLSA;BOLSA x 5 KG;1;1;1
PRD00400;FRIJOL CANARIO CANTA CLARO 500 GR;KG;;PRD00400;;FRIJOL CANARIO CANTA CLARO 500 GR;BOLSA;0.5;BOLSA;BOLSA x 0.5 KG;1;1;1
PRD00401;MORON AMERICANO CANTA CLARO 500 GR;KG;;PRD00401;;MORON AMERICANO CANTA CLARO 500 GR;BOLSA;0.5;BOLSA;BOLSA x 0.5 KG;1;1;1
PRD00402;BOLSAS PAPEL POLIGRASA 50 X 70;UND;;PRD00402;;BOLSAS PAPEL POLIGRASA 50 X 70;PAQUETE;1;PAQUETE;PAQUETE x 1 UND;1;1;1
PRD00403;PAPEL DE ALUMINIUM HY TOP 18 X 37.5;UND;;PRD00403;;PAPEL DE ALUMINIUM HY TOP 18 X 37.5;CAJA;1;CAJA;CAJA x 1 UND;1;1;1
PRD00404;BOLSA BLANCA T-SHIRT 20 X 30 100 UND;UND;;PRD00404;;BOLSA BLANCA T-SHIRT 20 X 30 100 UND;PAQUETE;1;PAQUETE;PAQUETE x 1 UND;1;1;1
PRD00405;CUCHARA ACRILICO DESCARTABLE 100 UND;UND;;PRD00405;;CUCHARA ACRILICO DESCARTABLE 100 UND;PAQUETE;100;PAQUETE;PAQUETE x 100 UND;1;1;1
PRD00406;CONTENEDOR TERMICO D4031XX CT5 100 UND;UND;;PRD00406;;CONTENEDOR TERMICO D4031XX CT5 100 UND;PAQUETE;100;PAQUETE;PAQUETE x 100 UND;1;1;1
PRD00407;CUCHARA PARA CAFE BLANCA DE PLASTICO DESCARTABLE 100 UNID;UND;;PRD00407;;CUCHARA PARA CAFE BLANCA DE PLASTICO DESCARTABLE 100 UNID;PAQUETE;100;PAQUETE;PAQUETE x 100 UND;1;1;1
PRD00408;CUCHARA PARA SOPA BLANCA DE PLASTICO DESCARTABLE D841100XX 100 UND;UND;;PRD00408;;CUCHARA PARA SOPA BLANCA DE PLASTICO DESCARTABLE D841100XX 100 UND;PAQUETE;100;PAQUETE;PAQUETE x 100 UND;1;1;1
PRD00409;CUCHILLO PARA SEGUNDO BLANCO DE PLASTICO DESCARTABLE 100 UNID;UND;;PRD00409;;CUCHILLO PARA SEGUNDO BLANCO DE PLASTICO DESCARTABLE 100 UNID;PAQUETE;100;PAQUETE;PAQUETE x 100 UND;1;1;1
PRD00410;CUCHILLO ACRILICO DESCARTABLE 100 UND;UND;;PRD00410;;CUCHILLO ACRILICO DESCARTABLE 100 UND;PAQUETE;100;PAQUETE;PAQUETE x 100 UND;1;1;1
PRD00411;TENEDOR ACRILICO DESCARTABLE 100 UND;UND;;PRD00411;;TENEDOR ACRILICO DESCARTABLE 100 UND;PAQUETE;100;PAQUETE;PAQUETE x 100 UND;1;1;1
PRD00412;PAPEL TOALLA INTERFOLIADO BLANCO SCOTT 175 HOJAS;UND;;PRD00412;;PAPEL TOALLA INTERFOLIADO BLANCO SCOTT 175 HOJAS;UNIDAD;1;UNIDAD;UNIDAD x 1 UND;1;1;1
PRD00413;PAPRIKA BELEN 1 KG;KG;;PRD00413;;PAPRIKA BELEN 1 KG;BOLSA;1;BOLSA;BOLSA x 1 KG;1;1;1
PRD00414;PASAS SECAS NEGRAS SAN JUAN MASIAS 1 KG;KG;;PRD00414;;PASAS SECAS NEGRAS SAN JUAN MASIAS 1 KG;BOLSA;1;BOLSA;BOLSA x 1 KG;1;1;1
PRD00415;OREGANO ENTERO SAN JUAN MASIAS 1 KG;KG;;PRD00415;;OREGANO ENTERO SAN JUAN MASIAS 1 KG;BOLSA;1;BOLSA;BOLSA x 1 KG;1;1;1
PRD00416;AJONJOLI BELEN 1 KG;KG;;PRD00416;;AJONJOLI BELEN 1 KG;BOLSA;1;BOLSA;BOLSA x 1 KG;1;1;1
PRD00417;AJI LIMO;KG;;PRD00417;;AJI LIMO;KILOGRAMO;1;KILOGRAMO;KILOGRAMO x 1 KG;1;1;1
PRD00418;ALBAHACA;KG;;PRD00418;;ALBAHACA;KILOGRAMO;1;KILOGRAMO;KILOGRAMO x 1 KG;1;1;1
PRD00419;APIO;KG;;PRD00419;;APIO;KILOGRAMO;1;KILOGRAMO;KILOGRAMO x 1 KG;1;1;1
PRD00420;CAMOTE AMARILLO;KG;;PRD00420;;CAMOTE AMARILLO;KILOGRAMO;1;KILOGRAMO;KILOGRAMO x 1 KG;1;1;1
PRD00421;CEBOLLA ROJA;KG;;PRD00421;;CEBOLLA ROJA;KILOGRAMO;1;KILOGRAMO;KILOGRAMO x 1 KG;1;1;1
PRD00422;CEBOLLA CHINA;KG;;PRD00422;;CEBOLLA CHINA;KILOGRAMO;1;KILOGRAMO;KILOGRAMO x 1 KG;1;1;1
PRD00423;CHOCLO BLANCO;KG;;PRD00423;;CHOCLO BLANCO;KILOGRAMO;1;KILOGRAMO;KILOGRAMO x 1 KG;1;1;1
PRD00424;COL;KG;;PRD00424;;COL;KILOGRAMO;1;KILOGRAMO;KILOGRAMO x 1 KG;1;1;1
PRD00425;CULANTRO;KG;;PRD00425;;CULANTRO;KILOGRAMO;1;KILOGRAMO;KILOGRAMO x 1 KG;1;1;1
PRD00426;KION;KG;;PRD00426;;KION;KILOGRAMO;1;KILOGRAMO;KILOGRAMO x 1 KG;1;1;1
PRD00427;LECHUGA ORGANICA;KG;;PRD00427;;LECHUGA ORGANICA;KILOGRAMO;1;KILOGRAMO;KILOGRAMO x 1 KG;1;1;1
PRD00428;NABO;KG;;PRD00428;;NABO;KILOGRAMO;1;KILOGRAMO;KILOGRAMO x 1 KG;1;1;1
PRD00429;PAPA BLANCA;KG;;PRD00429;;PAPA BLANCA;KILOGRAMO;1;KILOGRAMO;KILOGRAMO x 1 KG;1;1;1
PRD00430;PEPINILLO;KG;;PRD00430;;PEPINILLO;KILOGRAMO;1;KILOGRAMO;KILOGRAMO x 1 KG;1;1;1
PRD00431;PEREJIL;KG;;PRD00431;;PEREJIL;KILOGRAMO;1;KILOGRAMO;KILOGRAMO x 1 KG;1;1;1
PRD00432;PIMIENTO ROJO;KG;;PRD00432;;PIMIENTO ROJO;KILOGRAMO;1;KILOGRAMO;KILOGRAMO x 1 KG;1;1;1
PRD00433;PORO;KG;;PRD00433;;PORO;KILOGRAMO;1;KILOGRAMO;KILOGRAMO x 1 KG;1;1;1
PRD00434;RABANITO;KG;;PRD00434;;RABANITO;KILOGRAMO;1;KILOGRAMO;KILOGRAMO x 1 KG;1;1;1
PRD00435;TOMATE;KG;;PRD00435;;TOMATE;KILOGRAMO;1;KILOGRAMO;KILOGRAMO x 1 KG;1;1;1
PRD00436;ZANAHORIA;KG;;PRD00436;;ZANAHORIA;KILOGRAMO;1;KILOGRAMO;KILOGRAMO x 1 KG;1;1;1
PRD00437;ZAPALLITO ITALIANO;KG;;PRD00437;;ZAPALLITO ITALIANO;KILOGRAMO;1;KILOGRAMO;KILOGRAMO x 1 KG;1;1;1
PRD00438;ROCOTO;KG;;PRD00438;;ROCOTO;KILOGRAMO;1;KILOGRAMO;KILOGRAMO x 1 KG;1;1;1
PRD00439;HUACATAY;KG;;PRD00439;;HUACATAY;KILOGRAMO;1;KILOGRAMO;KILOGRAMO x 1 KG;1;1;1
PRD00440;BERENJENA;KG;;PRD00440;;BERENJENA;KILOGRAMO;1;KILOGRAMO;KILOGRAMO x 1 KG;1;1;1
PRD00441;COLANTAO;KG;;PRD00441;;COLANTAO;KILOGRAMO;1;KILOGRAMO;KILOGRAMO x 1 KG;1;1;1
PRD00442;AJI AMARILLO X KG;KG;;PRD00442;;AJI AMARILLO X KG;KILOGRAMO;1;KILOGRAMO;KILOGRAMO x 1 KG;1;1;1
PRD00443;COL CHINA;KG;;PRD00443;;COL CHINA;KILOGRAMO;1;KILOGRAMO;KILOGRAMO x 1 KG;1;1;1
PRD00444;FIDEO CHINO;KG;;PRD00444;;FIDEO CHINO;KILOGRAMO;1;KILOGRAMO;KILOGRAMO x 1 KG;1;1;1
PRD00445;PAPA AMARILLA;KG;;PRD00445;;PAPA AMARILLA;KILOGRAMO;1;KILOGRAMO;KILOGRAMO x 1 KG;1;1;1
PRD00446;HABA VERDE;KG;;PRD00446;;HABA VERDE;KILOGRAMO;1;KILOGRAMO;KILOGRAMO x 1 KG;1;1;1
PRD00447;BETERRAGA FRESCA;KG;;PRD00447;;BETERRAGA FRESCA;KILOGRAMO;1;KILOGRAMO;KILOGRAMO x 1 KG;1;1;1
PRD00448;VAINITA FRESCA;KG;;PRD00448;;VAINITA FRESCA;KILOGRAMO;1;KILOGRAMO;KILOGRAMO x 1 KG;1;1;1
PRD00449;ESPINACA FRESCA;KG;;PRD00449;;ESPINACA FRESCA;KILOGRAMO;1;KILOGRAMO;KILOGRAMO x 1 KG;1;1;1
PRD00450;FRIJOL CHINO;KG;;PRD00450;;FRIJOL CHINO;KILOGRAMO;1;KILOGRAMO;KILOGRAMO x 1 KG;1;1;1
PRD00451;YUCA;KG;;PRD00451;;YUCA;KILOGRAMO;1;KILOGRAMO;KILOGRAMO x 1 KG;1;1;1
PRD00452;OLLUQUITO FRESCO;KG;;PRD00452;;OLLUQUITO FRESCO;KILOGRAMO;1;KILOGRAMO;KILOGRAMO x 1 KG;1;1;1
PRD00453;ZAPALLO MACRE;KG;;PRD00453;;ZAPALLO MACRE;KILOGRAMO;1;KILOGRAMO;KILOGRAMO x 1 KG;1;1;1
PRD00454;CAIHUA * KG;KG;;PRD00454;;CAIHUA * KG;KILOGRAMO;1;KILOGRAMO;KILOGRAMO x 1 KG;1;1;1
PRD00455;TORONJIL HIERBA;KG;;PRD00455;;TORONJIL HIERBA;KILOGRAMO;1;KILOGRAMO;KILOGRAMO x 1 KG;1;1;1
PRD00456;CALABAZA;KG;;PRD00456;;CALABAZA;KILOGRAMO;1;KILOGRAMO;KILOGRAMO x 1 KG;1;1;1
PRD00457;CHINCHO;KG;;PRD00457;;CHINCHO;KILOGRAMO;1;KILOGRAMO;KILOGRAMO x 1 KG;1;1;1
PRD00458;MUÑA;KG;;PRD00458;;MUÑA;KILOGRAMO;1;KILOGRAMO;KILOGRAMO x 1 KG;1;1;1
PRD00459;CEBOLLA BLANCA;KG;;PRD00459;;CEBOLLA BLANCA;KILOGRAMO;1;KILOGRAMO;KILOGRAMO x 1 KG;1;1;1
PRD00460;PLATANO DE ISLA;KG;;PRD00460;;PLATANO DE ISLA;KILOGRAMO;1;KILOGRAMO;KILOGRAMO x 1 KG;1;1;1
PRD00461;HINOJO;KG;;PRD00461;;HINOJO;KILOGRAMO;1;KILOGRAMO;KILOGRAMO x 1 KG;1;1;1
PRD00462;COLA DE CABALLO;KG;;PRD00462;;COLA DE CABALLO;KILOGRAMO;1;KILOGRAMO;KILOGRAMO x 1 KG;1;1;1
PRD00463;ROCOTO P/ RELLENO;UND;;PRD00463;;ROCOTO P/ RELLENO;UNIDAD;1;UNIDAD;UNIDAD x 1 UND;1;1;1
PRD00464;PANCA DE CHOCLO;KG;;PRD00464;;PANCA DE CHOCLO;KILOGRAMO;1;KILOGRAMO;KILOGRAMO x 1 KG;1;1;1
PRD00465;PALTA;KG;;PRD00465;;PALTA;KILOGRAMO;1;KILOGRAMO;KILOGRAMO x 1 KG;1;1;1
PRD00466;MELON;KG;;PRD00466;;MELON;KILOGRAMO;1;KILOGRAMO;KILOGRAMO x 1 KG;1;1;1
PRD00467;MERMELADA FRESA A-1 DOY PACK;UND;;PRD00467;;MERMELADA FRESA A-1 DOY PACK;SACHET;1;SACHET;SACHET x 1 UND;1;1;1
PRD00468;CEBADA TOSTADA INSTANTANEA NESTLE ECCO 170 GR;KG;;PRD00468;;CEBADA TOSTADA INSTANTANEA NESTLE ECCO 170 GR;LATA;0.17;LATA;LATA x 0.17 KG;1;1;1
PRD00469;MILO SACHET 17 GR;UND;;PRD00469;;MILO SACHET 17 GR;SACHET;1;SACHET;SACHET x 1 UND;1;1;1
PRD00470;INFUSION BOLDO 4 ESTACIONES 50 GRM;KG;;PRD00470;;INFUSION BOLDO 4 ESTACIONES 50 GRM;BOLSA;0.05;BOLSA;BOLSA x 0.05 KG;1;1;1
PRD00471;INFUSION CEDRON 4 ESTACIONES 50 GRM;KG;;PRD00471;;INFUSION CEDRON 4 ESTACIONES 50 GRM;BOLSA;0.05;BOLSA;BOLSA x 0.05 KG;1;1;1
PRD00472;INFUSION MUÑA 4 ESTACIONES 50 GRM;KG;;PRD00472;;INFUSION MUÑA 4 ESTACIONES 50 GRM;BOLSA;0.05;BOLSA;BOLSA x 0.05 KG;1;1;1
PRD00473;ACHOCOLATADO MILO NESTLE 380 GR;KG;;PRD00473;;ACHOCOLATADO MILO NESTLE 380 GR;LATA;0.38;LATA;LATA x 0.38 KG;1;1;1
PRD00474;ACHOCOLATADO NESQUICK NESTLE 380 GR;KG;;PRD00474;;ACHOCOLATADO NESQUICK NESTLE 380 GR;LATA;0.38;LATA;LATA x 0.38 KG;1;1;1
PRD00475;CHOCOLATE PARA TAZA REAL WINTERS 90 GR;KG;;PRD00475;;CHOCOLATE PARA TAZA REAL WINTERS 90 GR;UNIDAD;0.09;UNIDAD;UNIDAD x 0.09 KG;1;1;1
PRD00476;CAFE INSTANTANEO NESCAFE TRADICION STICK 2 GR;UND;;PRD00476;;CAFE INSTANTANEO NESCAFE TRADICION STICK 2 GR;UNIDAD;1;UNIDAD;UNIDAD x 1 UND;1;1;1
PRD00477;CHOCOLATE PARA TAZA SOL DEL CUSCO 90 GR (EMER);KG;;PRD00477;;CHOCOLATE PARA TAZA SOL DEL CUSCO 90 GR (EMER);UNIDAD;0.09;UNIDAD;UNIDAD x 0.09 KG;1;1;1
PRD00478;CHOCOLATE PARA TAZA SOL DEL CUZCO 300 GR (E);KG;;PRD00478;;CHOCOLATE PARA TAZA SOL DEL CUZCO 300 GR (E);UNIDAD;0.3;UNIDAD;UNIDAD x 0.3 KG;1;1;1
PRD00479;MERMELADA FRESA GLORIA DOYPACK 700 GR;KG;;PRD00479;;MERMELADA FRESA GLORIA DOYPACK 700 GR;SACHET;0.7;SACHET;SACHET x 0.7 KG;1;1;1
PRD00480;COCOA LA ABUELITA 150 GR;KG;;PRD00480;;COCOA LA ABUELITA 150 GR;BOLSA;0.15;BOLSA;BOLSA x 0.15 KG;1;1;1
PRD00481;SIROPE DE MAPLE LAIVE 355 ML;L;;PRD00481;;SIROPE DE MAPLE LAIVE 355 ML;FRASCO;0.355;FRASCO;FRASCO x 0.355 L;1;1;1
PRD00482;COCOA LA ABUELITA WINTERS 150 GR;KG;;PRD00482;;COCOA LA ABUELITA WINTERS 150 GR;BOLSA;0.15;BOLSA;BOLSA x 0.15 KG;1;1;1
PRD00483;CHOCOLATE PARA TAZA CANELA Y CLAVO WINTERS 80 GR;KG;;PRD00483;;CHOCOLATE PARA TAZA CANELA Y CLAVO WINTERS 80 GR;UNIDAD;0.08;UNIDAD;UNIDAD x 0.08 KG;1;1;1
PRD00484;BARRA ENERGETICA 7 DRAGONES NIBS CACAO CAÑIHUA 25 GR;UND;;PRD00484;;BARRA ENERGETICA 7 DRAGONES NIBS CACAO CAÑIHUA 25 GR;GRANO;1;GRANO;GRANO x 1 UND;1;1;1
PRD00485;BARRA ENERGETICA 7 DRAGONES COCO PIÑA 25 GR;UND;;PRD00485;;BARRA ENERGETICA 7 DRAGONES COCO PIÑA 25 GR;GRANO;1;GRANO;GRANO x 1 UND;1;1;1
PRD00486;BARRA ENERGETICA 7 DRAGONES CASTAÑA MOCA 25 GR;UND;;PRD00486;;BARRA ENERGETICA 7 DRAGONES CASTAÑA MOCA 25 GR;GRANO;1;GRANO;GRANO x 1 UND;1;1;1
PRD00487;BARRA ENERGETICA 7 DRAGONES CHIA COCO 25 GR;UND;;PRD00487;;BARRA ENERGETICA 7 DRAGONES CHIA COCO 25 GR;GRANO;1;GRANO;GRANO x 1 UND;1;1;1
PRD00488;BARRA ENERGETICA 7 DRAGONES AGUAYMANTO MAIZ MORADO 25 GR;UND;;PRD00488;;BARRA ENERGETICA 7 DRAGONES AGUAYMANTO MAIZ MORADO 25 GR;GRANO;1;GRANO;GRANO x 1 UND;1;1;1
PRD00489;CHOCOLISTO POTE 280 GR;KG;;PRD00489;;CHOCOLISTO POTE 280 GR;POTE;0.28;POTE;POTE x 0.28 KG;1;1;1
PRD00490;MILO ACTIV-GO 16 GR;UND;;PRD00490;;MILO ACTIV-GO 16 GR;SACHET;1;SACHET;SACHET x 1 UND;1;1;1
PRD00491;CAFE MOLIDO SELLO ROJO 425 GR;KG;;PRD00491;;CAFE MOLIDO SELLO ROJO 425 GR;BOLSA;0.425;BOLSA;BOLSA x 0.425 KG;1;1;1
PRD00492;CAFE MOLIDO SELLO ROJO 850 GR;KG;;PRD00492;;CAFE MOLIDO SELLO ROJO 850 GR;BOLSA;0.85;BOLSA;BOLSA x 0.85 KG;1;1;1
PRD00493;CAFE INSTANTANEO KIRMA NESTLE 180 GR;KG;;PRD00493;;CAFE INSTANTANEO KIRMA NESTLE 180 GR;UNIDAD;0.18;UNIDAD;UNIDAD x 0.18 KG;1;1;1
PRD00494;CHOCOLATE PARA TAZA WINTERS TRADICIONAL 80 GR (EMER);KG;;PRD00494;;CHOCOLATE PARA TAZA WINTERS TRADICIONAL 80 GR (EMER);UNIDAD;0.08;UNIDAD;UNIDAD x 0.08 KG;1;1;1
PRD00495;CEBADA TOSTADA INSTANTANEA NESTLE ECCO 175 GR;KG;;PRD00495;;CEBADA TOSTADA INSTANTANEA NESTLE ECCO 175 GR;LATA;0.175;LATA;LATA x 0.175 KG;1;1;1
PRD00496;INFUSION TE CANELA Y CLAVO CAJA HORNIMANS (EMER);UND;;PRD00496;;INFUSION TE CANELA Y CLAVO CAJA HORNIMANS (EMER);CAJA;1;CAJA;CAJA x 1 UND;1;1;1
PRD00497;ECCO SACHET 10 GR;UND;;PRD00497;;ECCO SACHET 10 GR;UNIDAD;1;UNIDAD;UNIDAD x 1 UND;1;1;1
PRD00498;CEREAL ANGEL FLAKES NATURAL 10 KG;KG;;PRD00498;;CEREAL ANGEL FLAKES NATURAL 10 KG;CAJA;10;CAJA;CAJA x 10 KG;1;1;1
PRD00499;MIEL DE ABEJA KUMARA FOOD 5 KG;KG;;PRD00499;;MIEL DE ABEJA KUMARA FOOD 5 KG;BIDON;5;BIDON;BIDON x 5 KG;1;1;1
PRD00500;MIEL DE ABEJA KUSASA 600 GR;KG;;PRD00500;;MIEL DE ABEJA KUSASA 600 GR;FRASCO;0.6;FRASCO;FRASCO x 0.6 KG;1;1;1
PRD00501;CAFE MOLIDO CAPPUCCINO VAINILLA NESTLE 1 KG;KG;;PRD00501;;CAFE MOLIDO CAPPUCCINO VAINILLA NESTLE 1 KG;BOLSA;1;BOLSA;BOLSA x 1 KG;1;1;1
PRD00502;CEREAL ANGEL FLAKES MAIZ 500 GR;KG;;PRD00502;;CEREAL ANGEL FLAKES MAIZ 500 GR;BOLSA;0.5;BOLSA;BOLSA x 0.5 KG;1;1;1
PRD00503;INFUSION TE CANELA Y CLAVO DEL VALLE 100 SOBRES;UND;;PRD00503;;INFUSION TE CANELA Y CLAVO DEL VALLE 100 SOBRES;CAJA;100;CAJA;CAJA x 100 UND;1;1;1
PRD00504;INFUSION TE PURO DEL VALLE 100 SOBRES;UND;;PRD00504;;INFUSION TE PURO DEL VALLE 100 SOBRES;CAJA;100;CAJA;CAJA x 100 UND;1;1;1
PRD00505;INFUSION MANZANILLA DEL VALLE 100 SOBRES;UND;;PRD00505;;INFUSION MANZANILLA DEL VALLE 100 SOBRES;CAJA;100;CAJA;CAJA x 100 UND;1;1;1
PRD00506;INFUSION TE BOLDO DEL VALLE 100 SOBRES;UND;;PRD00506;;INFUSION TE BOLDO DEL VALLE 100 SOBRES;CAJA;100;CAJA;CAJA x 100 UND;1;1;1
PRD00507;INFUSION UÑA DE GATO DEL VALLE 100 SOBRES;UND;;PRD00507;;INFUSION UÑA DE GATO DEL VALLE 100 SOBRES;CAJA;100;CAJA;CAJA x 100 UND;1;1;1
PRD00508;INFUSION ANIS DEL VALLE 100 SOBRES;UND;;PRD00508;;INFUSION ANIS DEL VALLE 100 SOBRES;CAJA;100;CAJA;CAJA x 100 UND;1;1;1
PRD00509;INFUSION HIERBA LUISA DEL VALLE 100 SOBRES;UND;;PRD00509;;INFUSION HIERBA LUISA DEL VALLE 100 SOBRES;CAJA;100;CAJA;CAJA x 100 UND;1;1;1
PRD00510;INFUSION MATE DE COCA DEL VALLE 100 SOBRES;UND;;PRD00510;;INFUSION MATE DE COCA DEL VALLE 100 SOBRES;CAJA;100;CAJA;CAJA x 100 UND;1;1;1
PRD00511;CAFE INSTANTANEO NESCAFE CLASICO STICK 2 GR;UND;;PRD00511;;CAFE INSTANTANEO NESCAFE CLASICO STICK 2 GR;UNIDAD;1;UNIDAD;UNIDAD x 1 UND;1;1;1
PRD00512;CAFE INSTANTANEO NESCAFE TRADICION 500 GR;KG;;PRD00512;;CAFE INSTANTANEO NESCAFE TRADICION 500 GR;LATA;0.5;LATA;LATA x 0.5 KG;1;1;1
PRD00513;CHOCOLATE PARA TAZA CUZCO REAL 90/80 GR;KG;;PRD00513;;CHOCOLATE PARA TAZA CUZCO REAL 90/80 GR;UNIDAD;0.09;UNIDAD;UNIDAD x 0.09 KG;1;1;1
PRD00514;CAFE TIPO EXTRA SUPERIOR VALENZUELA 1 KG;KG;;PRD00514;;CAFE TIPO EXTRA SUPERIOR VALENZUELA 1 KG;KILOGRAMO;1;KILOGRAMO;KILOGRAMO x 1 KG;1;1;1
PRD00515;MERMELADA FRESA GLORIA DOYPACK X 900 GR;KG;;PRD00515;;MERMELADA FRESA GLORIA DOYPACK X 900 GR;SACHET;0.9;SACHET;SACHET x 0.9 KG;1;1;1
PRD00516;CEREAL ANGEL MELI 20 GR;UND;;PRD00516;;CEREAL ANGEL MELI 20 GR;BOLSA;1;BOLSA;BOLSA x 1 UND;1;1;1
PRD00517;CAFE MOLIDO STANDAR RISSO GRANEL 500 GR;KG;;PRD00517;;CAFE MOLIDO STANDAR RISSO GRANEL 500 GR;BOLSA;0.5;BOLSA;BOLSA x 0.5 KG;1;1;1
PRD00518;MERMELADA FRESA FANNY 800 GR;KG;;PRD00518;;MERMELADA FRESA FANNY 800 GR;FRASCO;0.8;FRASCO;FRASCO x 0.8 KG;1;1;1
PRD00519;CAFE INSTANTANEO KIRMA NESTLE 190 GR;KG;;PRD00519;;CAFE INSTANTANEO KIRMA NESTLE 190 GR;UNIDAD;0.19;UNIDAD;UNIDAD x 0.19 KG;1;1;1
PRD00520;CEREAL CORN FLAKES NESTLE 510 GR;KG;;PRD00520;;CEREAL CORN FLAKES NESTLE 510 GR;CAJA;0.51;CAJA;CAJA x 0.51 KG;1;1;1
PRD00521;CHOCOLISTO X 300 GR;KG;;PRD00521;;CHOCOLISTO X 300 GR;POTE;0.3;POTE;POTE x 0.3 KG;1;1;1
PRD00522;MERMELADA FRESA TRES ESPADAS 16 GR;UND;;PRD00522;;MERMELADA FRESA TRES ESPADAS 16 GR;GRAMO;1;GRAMO;GRAMO x 1 UND;1;1;1
PRD00523;MERMELADA NARANJA TRES ESPADAS 16 GR;UND;;PRD00523;;MERMELADA NARANJA TRES ESPADAS 16 GR;GRAMO;1;GRAMO;GRAMO x 1 UND;1;1;1
PRD00524;MERMELADA SAUCO TRES ESPADAS 16 GR;UND;;PRD00524;;MERMELADA SAUCO TRES ESPADAS 16 GR;GRAMO;1;GRAMO;GRAMO x 1 UND;1;1;1
PRD00525;CHOCOLATE PARA TAZA CUSCO ANDINO 80 GR;KG;;PRD00525;;CHOCOLATE PARA TAZA CUSCO ANDINO 80 GR;UNIDAD;0.08;UNIDAD;UNIDAD x 0.08 KG;1;1;1
PRD00526;MIEL DE ABEJA PERSONAL TRES ESPADAS 14 GR;UND;;PRD00526;;MIEL DE ABEJA PERSONAL TRES ESPADAS 14 GR;UNIDAD;1;UNIDAD;UNIDAD x 1 UND;1;1;1
PRD00527;MERMELADA DE MEMBRILLO 500 GR;KG;;PRD00527;;MERMELADA DE MEMBRILLO 500 GR;BOLSA;0.5;BOLSA;BOLSA x 0.5 KG;1;1;1
PRD00528;INFUSION ANIS 4 ESTACIONES 50 GRM;KG;;PRD00528;;INFUSION ANIS 4 ESTACIONES 50 GRM;BOLSA;0.05;BOLSA;BOLSA x 0.05 KG;1;1;1
PRD00529;INFUSION TE NEGRO 4 ESTACIONES 50 GRM;KG;;PRD00529;;INFUSION TE NEGRO 4 ESTACIONES 50 GRM;BOLSA;0.05;BOLSA;BOLSA x 0.05 KG;1;1;1
PRD00530;INFUSION MANZANILLA 4 ESTACIONES 50 GRM;KG;;PRD00530;;INFUSION MANZANILLA 4 ESTACIONES 50 GRM;BOLSA;0.05;BOLSA;BOLSA x 0.05 KG;1;1;1
PRD00531;INFUSION HIERBA LUISA 4 ESTACIONES 50 GRM;KG;;PRD00531;;INFUSION HIERBA LUISA 4 ESTACIONES 50 GRM;BOLSA;0.05;BOLSA;BOLSA x 0.05 KG;1;1;1
PRD00532;CHOCOCHINO NESTLE 750 GRM;KG;;PRD00532;;CHOCOCHINO NESTLE 750 GRM;BOLSA;0.75;BOLSA;BOLSA x 0.75 KG;1;1;1
PRD00533;CAFE EN GRANO NESCAFE NESTLE 1 KGM;KG;;PRD00533;;CAFE EN GRANO NESCAFE NESTLE 1 KGM;BOLSA;1;BOLSA;BOLSA x 1 KG;1;1;1
PRD00534;CAFE GRANO ZANESCO 1 KG;KG;;PRD00534;;CAFE GRANO ZANESCO 1 KG;BOLSA;1;BOLSA;BOLSA x 1 KG;1;1;1
PRD00535;CHOCOLATE PARA MAQUINA (ZANESCO) 1 KG;KG;;PRD00535;;CHOCOLATE PARA MAQUINA (ZANESCO) 1 KG;BOLSA;1;BOLSA;BOLSA x 1 KG;1;1;1
PRD00536;CEREAL BAR CHOCOCEREAL COSTA 18/21 GR;UND;;PRD00536;;CEREAL BAR CHOCOCEREAL COSTA 18/21 GR;GRANO;1;GRANO;GRANO x 1 UND;1;1;1
PRD00537;CEREAL BAR CHIP COSTA 18/21 GR;UND;;PRD00537;;CEREAL BAR CHIP COSTA 18/21 GR;GRANO;1;GRANO;GRANO x 1 UND;1;1;1
PRD00538;CEREAL BAR GOLDEN COSTA 21/18 GR;UND;;PRD00538;;CEREAL BAR GOLDEN COSTA 21/18 GR;GRANO;1;GRANO;GRANO x 1 UND;1;1;1
PRD00539;CEREAL BAR DURAZNO COSTA 18 GR;UND;;PRD00539;;CEREAL BAR DURAZNO COSTA 18 GR;GRANO;1;GRANO;GRANO x 1 UND;1;1;1
PRD00540;CEREAL BAR MANZANA CANELA COSTA 18 GR;UND;;PRD00540;;CEREAL BAR MANZANA CANELA COSTA 18 GR;GRANO;1;GRANO;GRANO x 1 UND;1;1;1
PRD00541;MERMELADA DE DURAZNO 500G;KG;;PRD00541;;MERMELADA DE DURAZNO 500G;BOLSA;0.5;BOLSA;BOLSA x 0.5 KG;1;1;1
PRD00542;BARRA DE QUINUA PRODUCTOS ANDINOS 40 GR;UND;;PRD00542;;BARRA DE QUINUA PRODUCTOS ANDINOS 40 GR;UNIDAD;1;UNIDAD;UNIDAD x 1 UND;1;1;1
PRD00543;CAFE INSTANTANEO NESCAFE DESCAFEINADO 225 GR;KG;;PRD00543;;CAFE INSTANTANEO NESCAFE DESCAFEINADO 225 GR;FRASCO;0.225;FRASCO;FRASCO x 0.225 KG;1;1;1
PRD00544;MERMELADA PIÑA QUEEN 1 KG BOLSA;KG;;PRD00544;;MERMELADA PIÑA QUEEN 1 KG BOLSA;BOLSA;1;BOLSA;BOLSA x 1 KG;1;1;1
PRD00545;CEREAL BAR ARANDANOS COSTA 18 GR;UND;;PRD00545;;CEREAL BAR ARANDANOS COSTA 18 GR;GRANO;1;GRANO;GRANO x 1 UND;1;1;1
PRD00546;BARRA DE QUINUA GRANOLIN 25 GR;UND;;PRD00546;;BARRA DE QUINUA GRANOLIN 25 GR;UNIDAD;1;UNIDAD;UNIDAD x 1 UND;1;1;1
PRD00547;MILO SACHET 18 GR;UND;;PRD00547;;MILO SACHET 18 GR;UNIDAD;1;UNIDAD;UNIDAD x 1 UND;1;1;1
PRD00548;ECCO SACHET 12 GR;UND;;PRD00548;;ECCO SACHET 12 GR;UNIDAD;1;UNIDAD;UNIDAD x 1 UND;1;1;1
PRD00549;CHOCOLISTO SACHET 20 GR;UND;;PRD00549;;CHOCOLISTO SACHET 20 GR;UNIDAD;1;UNIDAD;UNIDAD x 1 UND;1;1;1
PRD00550;MERMELADA FRESA GLORIA DOYPACK 800 GR;KG;;PRD00550;;MERMELADA FRESA GLORIA DOYPACK 800 GR;SACHET;0.8;SACHET;SACHET x 0.8 KG;1;1;1
PRD00551;CAFE MOLIDO PARA PASAR CAFETAL 454 GR;KG;;PRD00551;;CAFE MOLIDO PARA PASAR CAFETAL 454 GR;BOLSA;0.454;BOLSA;BOLSA x 0.454 KG;1;1;1
PRD00552;CHOCOLATE PARA TAZA TRADICIONAL WINTERS 80 GR;KG;;PRD00552;;CHOCOLATE PARA TAZA TRADICIONAL WINTERS 80 GR;UNIDAD;0.08;UNIDAD;UNIDAD x 0.08 KG;1;1;1
PRD00553;CHOCOLATE DONOFRIO (MAQUINA) 1 KG;KG;;PRD00553;;CHOCOLATE DONOFRIO (MAQUINA) 1 KG;BOLSA;1;BOLSA;BOLSA x 1 KG;1;1;1
PRD00554;MERMELADA FRESA TRES ESPADAS 14 GR;UND;;PRD00554;;MERMELADA FRESA TRES ESPADAS 14 GR;GRAMO;1;GRAMO;GRAMO x 1 UND;1;1;1
PRD00555;MERMELADA NARANJA TRES ESPADAS 14 GR;UND;;PRD00555;;MERMELADA NARANJA TRES ESPADAS 14 GR;GRAMO;1;GRAMO;GRAMO x 1 UND;1;1;1
PRD00556;MERMELADA SAUCO TRES ESPADAS 14 GR;UND;;PRD00556;;MERMELADA SAUCO TRES ESPADAS 14 GR;GRAMO;1;GRAMO;GRAMO x 1 UND;1;1;1
PRD00557;ECCO SACHET 7 GR;UND;;PRD00557;;ECCO SACHET 7 GR;UNIDAD;1;UNIDAD;UNIDAD x 1 UND;1;1;1
PRD00558;LIMON VERDE EXTRA;KG;;PRD00558;;LIMON VERDE EXTRA;KILOGRAMO;1;KILOGRAMO;KILOGRAMO x 1 KG;1;1;1
PRD00559;MANZANA DELICIA;KG;;PRD00559;;MANZANA DELICIA;KILOGRAMO;1;KILOGRAMO;KILOGRAMO x 1 KG;1;1;1
PRD00560;MANZANA ROJA IMPORTADA;KG;;PRD00560;;MANZANA ROJA IMPORTADA;KILOGRAMO;1;KILOGRAMO;KILOGRAMO x 1 KG;1;1;1
PRD00561;MANZANA VERDE IMPORTADA;KG;;PRD00561;;MANZANA VERDE IMPORTADA;KILOGRAMO;1;KILOGRAMO;KILOGRAMO x 1 KG;1;1;1
PRD00562;MARACUYA;KG;;PRD00562;;MARACUYA;KILOGRAMO;1;KILOGRAMO;KILOGRAMO x 1 KG;1;1;1
PRD00563;NARANJA PARA MESA;KG;;PRD00563;;NARANJA PARA MESA;KILOGRAMO;1;KILOGRAMO;KILOGRAMO x 1 KG;1;1;1
PRD00564;NARANJA PARA JUGO;KG;;PRD00564;;NARANJA PARA JUGO;KILOGRAMO;1;KILOGRAMO;KILOGRAMO x 1 KG;1;1;1
PRD00565;PAPAYA;KG;;PRD00565;;PAPAYA;KILOGRAMO;1;KILOGRAMO;KILOGRAMO x 1 KG;1;1;1
PRD00566;PERA PACKHAMS IMPORTADA;KG;;PRD00566;;PERA PACKHAMS IMPORTADA;KILOGRAMO;1;KILOGRAMO;KILOGRAMO x 1 KG;1;1;1
PRD00567;PIÑA;KG;;PRD00567;;PIÑA;KILOGRAMO;1;KILOGRAMO;KILOGRAMO x 1 KG;1;1;1
PRD00568;PLATANO DE SEDA;KG;;PRD00568;;PLATANO DE SEDA;KILOGRAMO;1;KILOGRAMO;KILOGRAMO x 1 KG;1;1;1
PRD00569;SANDIA;KG;;PRD00569;;SANDIA;KILOGRAMO;1;KILOGRAMO;KILOGRAMO x 1 KG;1;1;1
PRD00570;UVA NEGRA;KG;;PRD00570;;UVA NEGRA;KILOGRAMO;1;KILOGRAMO;KILOGRAMO x 1 KG;1;1;1
PRD00571;MEMBRILLO;KG;;PRD00571;;MEMBRILLO;KILOGRAMO;1;KILOGRAMO;KILOGRAMO x 1 KG;1;1;1
PRD00572;COCONA;KG;;PRD00572;;COCONA;KILOGRAMO;1;KILOGRAMO;KILOGRAMO x 1 KG;1;1;1
PRD00573;PLATANO DE FREIR (BELLACO);KG;;PRD00573;;PLATANO DE FREIR (BELLACO);KILOGRAMO;1;KILOGRAMO;KILOGRAMO x 1 KG;1;1;1
PRD00574;CIRUELA CHILENA;KG;;PRD00574;;CIRUELA CHILENA;KILOGRAMO;1;KILOGRAMO;KILOGRAMO x 1 KG;1;1;1
PRD00575;GRANADILLA;KG;;PRD00575;;GRANADILLA;KILOGRAMO;1;KILOGRAMO;KILOGRAMO x 1 KG;1;1;1
PRD00576;DURAZNO;KG;;PRD00576;;DURAZNO;KILOGRAMO;1;KILOGRAMO;KILOGRAMO x 1 KG;1;1;1
PRD00577;UVA RED GLOBE;KG;;PRD00577;;UVA RED GLOBE;KILOGRAMO;1;KILOGRAMO;KILOGRAMO x 1 KG;1;1;1
PRD00578;MANZANA VERDE PARA JUGO;KG;;PRD00578;;MANZANA VERDE PARA JUGO;KILOGRAMO;1;KILOGRAMO;KILOGRAMO x 1 KG;1;1;1
PRD00579;PULPA DE FRESA CONGELADO;KG;;PRD00579;;PULPA DE FRESA CONGELADO;KILOGRAMO;1;KILOGRAMO;KILOGRAMO x 1 KG;1;1;1
PRD00580;PULPA DE MANGO CONGELADO;KG;;PRD00580;;PULPA DE MANGO CONGELADO;KILOGRAMO;1;KILOGRAMO;KILOGRAMO x 1 KG;1;1;1
PRD00581;PULPA DE PIÑA CONGELADO;KG;;PRD00581;;PULPA DE PIÑA CONGELADO;KILOGRAMO;1;KILOGRAMO;KILOGRAMO x 1 KG;1;1;1
PRD00582;PULPA DE MARACUYA CONGELADO;KG;;PRD00582;;PULPA DE MARACUYA CONGELADO;KILOGRAMO;1;KILOGRAMO;KILOGRAMO x 1 KG;1;1;1
PRD00583;MELON EN CUBOS PARA JUGO SORAYA CONGELADO;KG;;PRD00583;;MELON EN CUBOS PARA JUGO SORAYA CONGELADO;KILOGRAMO;1;KILOGRAMO;KILOGRAMO x 1 KG;1;1;1
PRD00584;PULPA DE PAPAYA CONGELADO;KG;;PRD00584;;PULPA DE PAPAYA CONGELADO;KILOGRAMO;1;KILOGRAMO;KILOGRAMO x 1 KG;1;1;1
PRD00585;TUNAS;KG;;PRD00585;;TUNAS;KILOGRAMO;1;KILOGRAMO;KILOGRAMO x 1 KG;1;1;1
PRD00586;CREMA DE CHAMPIÑONES MACROFOODS 1 KG;KG;;PRD00586;;CREMA DE CHAMPIÑONES MACROFOODS 1 KG;BOLSA;1;BOLSA;BOLSA x 1 KG;1;1;1
PRD00587;CREMA DE VERDURAS MACROFOODS 1 KG;KG;;PRD00587;;CREMA DE VERDURAS MACROFOODS 1 KG;BOLSA;1;BOLSA;BOLSA x 1 KG;1;1;1
PRD00588;PURÉ DE CAMOTE RAM 1 KG;KG;;PRD00588;;PURÉ DE CAMOTE RAM 1 KG;BOLSA;1;BOLSA;BOLSA x 1 KG;1;1;1
PRD00589;PURÉ DE MANZANA RAM 1 KG;KG;;PRD00589;;PURÉ DE MANZANA RAM 1 KG;BOLSA;1;BOLSA;BOLSA x 1 KG;1;1;1
PRD00590;PURE DE PAPAS KNORR 2 KG- UNIDAD;KG;;PRD00590;;PURE DE PAPAS KNORR 2 KG- UNIDAD;BOLSA;2;BOLSA;BOLSA x 2 KG;1;1;1
PRD00591;PASTA DE AJO CONCENTRADA EMIC 1 KG;KG;;PRD00591;;PASTA DE AJO CONCENTRADA EMIC 1 KG;BOLSA;1;BOLSA;BOLSA x 1 KG;1;1;1
PRD00592;MARINADO PARA POLLO A LA BRASA EMIC 1 KG;KG;;PRD00592;;MARINADO PARA POLLO A LA BRASA EMIC 1 KG;BOLSA;1;BOLSA;BOLSA x 1 KG;1;1;1
PRD00593;CREMA DE CHOCLO MACROFOODS 1 KG;KG;;PRD00593;;CREMA DE CHOCLO MACROFOODS 1 KG;BOLSA;1;BOLSA;BOLSA x 1 KG;1;1;1
PRD00594;CREMA DE POLLO MACROFOODS 1 KG;KG;;PRD00594;;CREMA DE POLLO MACROFOODS 1 KG;BOLSA;1;BOLSA;BOLSA x 1 KG;1;1;1
PRD00595;PRE ELABORADO CONSERVA FRIJOL CANARIO 1 KG OLIVEZA;KG;;PRD00595;;PRE ELABORADO CONSERVA FRIJOL CANARIO 1 KG OLIVEZA;BOLSA;1;BOLSA;BOLSA x 1 KG;1;1;1
PRD00596;PRE ELABORADO CONSERVA LENTEJA 1 KG OLIVEZA;KG;;PRD00596;;PRE ELABORADO CONSERVA LENTEJA 1 KG OLIVEZA;BOLSA;1;BOLSA;BOLSA x 1 KG;1;1;1
PRD00597;PRE ELABORADO CONSERVA FRIJOL PANAMITO 1 KG OLIVEZA;KG;;PRD00597;;PRE ELABORADO CONSERVA FRIJOL PANAMITO 1 KG OLIVEZA;BOLSA;1;BOLSA;BOLSA x 1 KG;1;1;1
PRD00598;PRE ELABORADO CONSERVA GARBANZO 1 KG OLIVEZA;KG;;PRD00598;;PRE ELABORADO CONSERVA GARBANZO 1 KG OLIVEZA;BOLSA;1;BOLSA;BOLSA x 1 KG;1;1;1
PRD00599;PURE DE PAPA AMARILLA MACROFOOD 1 KG;KG;;PRD00599;;PURE DE PAPA AMARILLA MACROFOOD 1 KG;BOLSA;1;BOLSA;BOLSA x 1 KG;1;1;1
PRD00600;SALSA ESPAÑOLA MACROFOOD 1 KG;KG;;PRD00600;;SALSA ESPAÑOLA MACROFOOD 1 KG;BOLSA;1;BOLSA;BOLSA x 1 KG;1;1;1
PRD00601;PRE ELABORADO CONSERVA FRIJOL CANARIO 1 KG OLIVEZA BOLSA;KG;;PRD00601;;PRE ELABORADO CONSERVA FRIJOL CANARIO 1 KG OLIVEZA BOLSA;BOLSA;1;BOLSA;BOLSA x 1 KG;1;1;1
PRD00602;PRE ELABORADO CONSERVA FRIJOL PANAMITO 1 KG OLIVEZA BOLSA;KG;;PRD00602;;PRE ELABORADO CONSERVA FRIJOL PANAMITO 1 KG OLIVEZA BOLSA;BOLSA;1;BOLSA;BOLSA x 1 KG;1;1;1
PRD00603;PRE ELABORADO CONSERVA GARBANZO 1 KG OLIVEZA BOLSA;KG;;PRD00603;;PRE ELABORADO CONSERVA GARBANZO 1 KG OLIVEZA BOLSA;BOLSA;1;BOLSA;BOLSA x 1 KG;1;1;1
PRD00604;PRE ELABORADO CONSERVA LENTEJA 1 KG OLIVEZA BOLSA;KG;;PRD00604;;PRE ELABORADO CONSERVA LENTEJA 1 KG OLIVEZA BOLSA;BOLSA;1;BOLSA;BOLSA x 1 KG;1;1;1
PRD00605;CALDO SABOR PESCADO DOÑA GUSTA 500 GR;KG;;PRD00605;;CALDO SABOR PESCADO DOÑA GUSTA 500 GR;BOLSA;0.5;BOLSA;BOLSA x 0.5 KG;1;1;1
PRD00606;PRE ELABORADO RAM BASE AMARILLA 1 KG;KG;;PRD00606;;PRE ELABORADO RAM BASE AMARILLA 1 KG;BOLSA;1;BOLSA;BOLSA x 1 KG;1;1;1
PRD00607;PRE ELABORADO RAM BASE CRIOLLA 1 KG;KG;;PRD00607;;PRE ELABORADO RAM BASE CRIOLLA 1 KG;BOLSA;1;BOLSA;BOLSA x 1 KG;1;1;1
PRD00608;PRE ELABORADO RAM BASE NORTEÑA 1KG;KG;;PRD00608;;PRE ELABORADO RAM BASE NORTEÑA 1KG;BOLSA;1;BOLSA;BOLSA x 1 KG;1;1;1
PRD00609;PRE ELABORADO RAM BASE TOMATE 1 KG;KG;;PRD00609;;PRE ELABORADO RAM BASE TOMATE 1 KG;BOLSA;1;BOLSA;BOLSA x 1 KG;1;1;1
PRD00610;PRE ELABORADO RAM BASE VERDE 1KG;KG;;PRD00610;;PRE ELABORADO RAM BASE VERDE 1KG;BOLSA;1;BOLSA;BOLSA x 1 KG;1;1;1
PRD00611;PRE ELABORADO RAM BASE NEUTRAL 1 KG;KG;;PRD00611;;PRE ELABORADO RAM BASE NEUTRAL 1 KG;BOLSA;1;BOLSA;BOLSA x 1 KG;1;1;1
PRD00612;PRE ELABORADO RAM FRIJOL CANARIO 1 KG;KG;;PRD00612;;PRE ELABORADO RAM FRIJOL CANARIO 1 KG;BOLSA;1;BOLSA;BOLSA x 1 KG;1;1;1
PRD00613;PRE ELABORADO RAM FRIJOL PANAMITO 1 KG;KG;;PRD00613;;PRE ELABORADO RAM FRIJOL PANAMITO 1 KG;BOLSA;1;BOLSA;BOLSA x 1 KG;1;1;1
PRD00614;PRE ELABORADO RAM LENTEJA 1 KG;KG;;PRD00614;;PRE ELABORADO RAM LENTEJA 1 KG;BOLSA;1;BOLSA;BOLSA x 1 KG;1;1;1
PRD00615;PRE ELABORADO RAM GARBANZO 1 KG;KG;;PRD00615;;PRE ELABORADO RAM GARBANZO 1 KG;BOLSA;1;BOLSA;BOLSA x 1 KG;1;1;1
PRD00616;CREMA DE ESPARRAGOS KNORR 800 GR;KG;;PRD00616;;CREMA DE ESPARRAGOS KNORR 800 GR;BOLSA;0.8;BOLSA;BOLSA x 0.8 KG;1;1;1
PRD00617;CREMA DE CHOCLO KNORR 800 GR;KG;;PRD00617;;CREMA DE CHOCLO KNORR 800 GR;BOLSA;0.8;BOLSA;BOLSA x 0.8 KG;1;1;1
PRD00618;CREMA DE CHAMPIGÑONES KNORR 800 GR;KG;;PRD00618;;CREMA DE CHAMPIGÑONES KNORR 800 GR;BOLSA;0.8;BOLSA;BOLSA x 0.8 KG;1;1;1
PRD00619;CREMA DE POLLO KNORR 800 GR;KG;;PRD00619;;CREMA DE POLLO KNORR 800 GR;BOLSA;0.8;BOLSA;BOLSA x 0.8 KG;1;1;1
PRD00620;CARNE VEGETAL DE RES * 500 GR HOJA VERDE EN TROZOS;KG;;PRD00620;;CARNE VEGETAL DE RES * 500 GR HOJA VERDE EN TROZOS;BOLSA;0.5;BOLSA;BOLSA x 0.5 KG;1;1;1
PRD00621;CARNE VEGETAL DE POLLO * 500 GR HOJA VERDE EN TROZOS;KG;;PRD00621;;CARNE VEGETAL DE POLLO * 500 GR HOJA VERDE EN TROZOS;BOLSA;0.5;BOLSA;BOLSA x 0.5 KG;1;1;1
PRD00622;PURE DE PAPAS KNORR 1 KG;KG;;PRD00622;;PURE DE PAPAS KNORR 1 KG;BOLSA;1;BOLSA;BOLSA x 1 KG;1;1;1
PRD00623;CALDO DE CARNE KNORR SACHET 650 GR;KG;;PRD00623;;CALDO DE CARNE KNORR SACHET 650 GR;BOLSA;0.65;BOLSA;BOLSA x 0.65 KG;1;1;1
PRD00624;CALDO SAZONADOR DE POLLO QUIMTIA 1 KG;KG;;PRD00624;;CALDO SAZONADOR DE POLLO QUIMTIA 1 KG;BOLSA;1;BOLSA;BOLSA x 1 KG;1;1;1
PRD00625;CALDO SAZONADOR CON SABOR A CARNE QUIMTIA 1 KG;KG;;PRD00625;;CALDO SAZONADOR CON SABOR A CARNE QUIMTIA 1 KG;BOLSA;1;BOLSA;BOLSA x 1 KG;1;1;1
PRD00626;TAMAL CRIOLLO 180 G RAM;UND;;PRD00626;;TAMAL CRIOLLO 180 G RAM;SACHET;1;SACHET;SACHET x 1 UND;1;1;1
PRD00627;CALDO SAZONADOR MAGGI DE GALLINA 940 GR;KG;;PRD00627;;CALDO SAZONADOR MAGGI DE GALLINA 940 GR;BOLSA;0.94;BOLSA;BOLSA x 0.94 KG;1;1;1
PRD00628;TAMAL DE MAIZ 150 GR;UND;;PRD00628;;TAMAL DE MAIZ 150 GR;PAQUETE;1;PAQUETE;PAQUETE x 1 UND;1;1;1
PRD00629;FONDO LIQUIDO DE VEGETALES CHEFF NESTLE 1 LT;L;;PRD00629;;FONDO LIQUIDO DE VEGETALES CHEFF NESTLE 1 LT;BOLSA;1;BOLSA;BOLSA x 1 L;1;1;1
PRD00630;FONDO LIQUIDO DE PESCADO CHEFF NESTLE 1 LT;L;;PRD00630;;FONDO LIQUIDO DE PESCADO CHEFF NESTLE 1 LT;BOLSA;1;BOLSA;BOLSA x 1 L;1;1;1
PRD00631;PRE ELABORADO RAM PALLAR EN CONSERVA 1 KG;KG;;PRD00631;;PRE ELABORADO RAM PALLAR EN CONSERVA 1 KG;BOLSA;1;BOLSA;BOLSA x 1 KG;1;1;1
PRD00632;CALDO SAZONADOR DE GALLINA FANNY 1 KG;KG;;PRD00632;;CALDO SAZONADOR DE GALLINA FANNY 1 KG;BOLSA;1;BOLSA;BOLSA x 1 KG;1;1;1
PRD00633;CALDO SAZONADOR DE CARNE FANNY 1 KG;KG;;PRD00633;;CALDO SAZONADOR DE CARNE FANNY 1 KG;BOLSA;1;BOLSA;BOLSA x 1 KG;1;1;1
PRD00634;PRE ELABORADO RAM FRIJOL NEGRO 1 KG;KG;;PRD00634;;PRE ELABORADO RAM FRIJOL NEGRO 1 KG;BOLSA;1;BOLSA;BOLSA x 1 KG;1;1;1
PRD00635;PRE ELABORADO EMIC BASE AMARILLA 1 KG;KG;;PRD00635;;PRE ELABORADO EMIC BASE AMARILLA 1 KG;BOLSA;1;BOLSA;BOLSA x 1 KG;1;1;1
PRD00636;PRE ELABORADO EMIC BASE CRIOLLA 1 KG;KG;;PRD00636;;PRE ELABORADO EMIC BASE CRIOLLA 1 KG;BOLSA;1;BOLSA;BOLSA x 1 KG;1;1;1
PRD00637;PRE ELABORADO EMIC BASE NEUTRAL 1 KG;KG;;PRD00637;;PRE ELABORADO EMIC BASE NEUTRAL 1 KG;BOLSA;1;BOLSA;BOLSA x 1 KG;1;1;1
PRD00638;PRE ELABORADO EMIC BASE NORTEÑA 1 KG;KG;;PRD00638;;PRE ELABORADO EMIC BASE NORTEÑA 1 KG;BOLSA;1;BOLSA;BOLSA x 1 KG;1;1;1
PRD00639;PRE ELABORADO EMIC BASE ORIENTAL 1 KG;KG;;PRD00639;;PRE ELABORADO EMIC BASE ORIENTAL 1 KG;BOLSA;1;BOLSA;BOLSA x 1 KG;1;1;1
PRD00640;PRE ELABORADO EMIC BASE ROJA (TOMATE) 1 KG;KG;;PRD00640;;PRE ELABORADO EMIC BASE ROJA (TOMATE) 1 KG;BOLSA;1;BOLSA;BOLSA x 1 KG;1;1;1
PRD00641;PRE ELABORADO EMIC BASE VERDE 1 KG;KG;;PRD00641;;PRE ELABORADO EMIC BASE VERDE 1 KG;BOLSA;1;BOLSA;BOLSA x 1 KG;1;1;1
PRD00642;PASTA DE AJI AMARILLO EMIC 1 KG;KG;;PRD00642;;PASTA DE AJI AMARILLO EMIC 1 KG;BOLSA;1;BOLSA;BOLSA x 1 KG;1;1;1
PRD00643;PASTA DE AJI PANCA EMIC 1 KG;KG;;PRD00643;;PASTA DE AJI PANCA EMIC 1 KG;BOLSA;1;BOLSA;BOLSA x 1 KG;1;1;1
PRD00644;PASTA DE AJO EMIC 1 KG;KG;;PRD00644;;PASTA DE AJO EMIC 1 KG;BOLSA;1;BOLSA;BOLSA x 1 KG;1;1;1
PRD00645;PASTA DE ROCOTO EMIC 1 KG;KG;;PRD00645;;PASTA DE ROCOTO EMIC 1 KG;BOLSA;1;BOLSA;BOLSA x 1 KG;1;1;1
PRD00646;SALSA BOLOGNESA EMIC 1 KG;KG;;PRD00646;;SALSA BOLOGNESA EMIC 1 KG;BOLSA;1;BOLSA;BOLSA x 1 KG;1;1;1
PRD00647;SALSA PESTO (VERDE) EMIC 1 KG;KG;;PRD00647;;SALSA PESTO (VERDE) EMIC 1 KG;BOLSA;1;BOLSA;BOLSA x 1 KG;1;1;1
PRD00648;SALSA BLANCA EMIC 1 KG;KG;;PRD00648;;SALSA BLANCA EMIC 1 KG;BOLSA;1;BOLSA;BOLSA x 1 KG;1;1;1
PRD00649;PRE ELABORADO EMIC BASE AMARILLA S/G 1 KG;KG;;PRD00649;;PRE ELABORADO EMIC BASE AMARILLA S/G 1 KG;BOLSA;1;BOLSA;BOLSA x 1 KG;1;1;1
PRD00650;PRE ELABORADO EMIC BASE CRIOLLA S/G 1 KG;KG;;PRD00650;;PRE ELABORADO EMIC BASE CRIOLLA S/G 1 KG;BOLSA;1;BOLSA;BOLSA x 1 KG;1;1;1
PRD00651;PRE ELABORADO EMIC BASE ROJA (TOMATE) S/G 1 KG;KG;;PRD00651;;PRE ELABORADO EMIC BASE ROJA (TOMATE) S/G 1 KG;BOLSA;1;BOLSA;BOLSA x 1 KG;1;1;1
PRD00652;PRE ELABORADO EMIC BASE VERDE S/G 1 KG;KG;;PRD00652;;PRE ELABORADO EMIC BASE VERDE S/G 1 KG;BOLSA;1;BOLSA;BOLSA x 1 KG;1;1;1
PRD00653;PURÉ DE MANZANA RAM 5 KG;KG;;PRD00653;;PURÉ DE MANZANA RAM 5 KG;BOLSA;5;BOLSA;BOLSA x 5 KG;1;1;1
PRD00654;PRE ELABORADO RAM (CONSERVA) FRIJOL CANARIO SIN ADEREZO 1 KG;KG;;PRD00654;;PRE ELABORADO RAM (CONSERVA) FRIJOL CANARIO SIN ADEREZO 1 KG;BOLSA;1;BOLSA;BOLSA x 1 KG;1;1;1
PRD00655;PRE ELABORADO RAM (CONSERVA) FRIJOL NEGRO SIN ADEREZO 1 KG;KG;;PRD00655;;PRE ELABORADO RAM (CONSERVA) FRIJOL NEGRO SIN ADEREZO 1 KG;BOLSA;1;BOLSA;BOLSA x 1 KG;1;1;1
PRD00656;PRE ELABORADO RAM (CONSERVA)FRIJOL PANAMITO SIN ADEREZO 1 KG;KG;;PRD00656;;PRE ELABORADO RAM (CONSERVA)FRIJOL PANAMITO SIN ADEREZO 1 KG;BOLSA;1;BOLSA;BOLSA x 1 KG;1;1;1
PRD00657;PRE ELABORADO RAM (CONSERVA)GARBANZO SIN ADEREZO 1 KG;KG;;PRD00657;;PRE ELABORADO RAM (CONSERVA)GARBANZO SIN ADEREZO 1 KG;BOLSA;1;BOLSA;BOLSA x 1 KG;1;1;1
PRD00658;PRE ELABORADO RAM (CONSERVA) LENTEJA SIN ADEREZO 1 KG;KG;;PRD00658;;PRE ELABORADO RAM (CONSERVA) LENTEJA SIN ADEREZO 1 KG;BOLSA;1;BOLSA;BOLSA x 1 KG;1;1;1
PRD00659;PRE ELABORADO RAM (CONSERVA) PALLAR SIN ADEREZO 1 KG;KG;;PRD00659;;PRE ELABORADO RAM (CONSERVA) PALLAR SIN ADEREZO 1 KG;BOLSA;1;BOLSA;BOLSA x 1 KG;1;1;1
PRD00660;CALDO CONCENTRADO CARNE MACRO FOOD 1 KG;KG;;PRD00660;;CALDO CONCENTRADO CARNE MACRO FOOD 1 KG;BOLSA;1;BOLSA;BOLSA x 1 KG;1;1;1
PRD00661;CALDO CONCENTRADO GALLINA MACRO FOOD 1 KG;KG;;PRD00661;;CALDO CONCENTRADO GALLINA MACRO FOOD 1 KG;BOLSA;1;BOLSA;BOLSA x 1 KG;1;1;1
PRD00662;ARROZ BLANCO COCIDO 3 KG RAM;UND;;PRD00662;;ARROZ BLANCO COCIDO 3 KG RAM;SACHET;1;SACHET;SACHET x 1 UND;1;1;1
PRD00663;PURE DE PAPAS TRADICIONAL AMARILLO MACROFOOD 1 KG;KG;;PRD00663;;PURE DE PAPAS TRADICIONAL AMARILLO MACROFOOD 1 KG;BOLSA;1;BOLSA;BOLSA x 1 KG;1;1;1
PRD00664;PURÉ DE CAMOTE RAM 5 KG;KG;;PRD00664;;PURÉ DE CAMOTE RAM 5 KG;BOLSA;5;BOLSA;BOLSA x 5 KG;1;1;1
PRD00665;HUEVO ROSADO LA CALERA (EMER);KG;;PRD00665;;HUEVO ROSADO LA CALERA (EMER);KILOGRAMO;1;KILOGRAMO;KILOGRAMO x 1 KG;1;1;1
PRD00666;QUESO EDAM EN MOLDE REFRIGERADO;KG;;PRD00666;;QUESO EDAM EN MOLDE REFRIGERADO;KILOGRAMO;1;KILOGRAMO;KILOGRAMO x 1 KG;1;1;1
PRD00667;QUESO MOZARELLA REFRIGERADO;KG;;PRD00667;;QUESO MOZARELLA REFRIGERADO;KILOGRAMO;1;KILOGRAMO;KILOGRAMO x 1 KG;1;1;1
PRD00668;QUESO EDAM EN TAJADAS X 500 GR REFRIGERADO;KG;;PRD00668;;QUESO EDAM EN TAJADAS X 500 GR REFRIGERADO;PAQUETE;0.5;PAQUETE;PAQUETE x 0.5 KG;1;1;1
PRD00669;QUESO EDAM EN TAJADAS X 500 GR CONGELADO;KG;;PRD00669;;QUESO EDAM EN TAJADAS X 500 GR CONGELADO;PAQUETE;0.5;PAQUETE;PAQUETE x 0.5 KG;1;1;1
PRD00670;ACEITUNA VERDE;KG;;PRD00670;;ACEITUNA VERDE;KILOGRAMO;1;KILOGRAMO;KILOGRAMO x 1 KG;1;1;1
PRD00671;YOGURT FRESA SBELT 946 GR;KG;;PRD00671;;YOGURT FRESA SBELT 946 GR;BOTELLA;0.946;BOTELLA;BOTELLA x 0.946 KG;1;1;1
PRD00672;YOGURT DURAZNO SBELT 946 GR;KG;;PRD00672;;YOGURT DURAZNO SBELT 946 GR;BOTELLA;0.946;BOTELLA;BOTELLA x 0.946 KG;1;1;1
PRD00673;YOGURT LUCUMA SBELT 946 GR;KG;;PRD00673;;YOGURT LUCUMA SBELT 946 GR;BOTELLA;0.946;BOTELLA;BOTELLA x 0.946 KG;1;1;1
PRD00674;TORTILLA PARA TACOS BIMBO X 12 UNIDS MEDIANO (RAPIDITAS);UND;;PRD00674;;TORTILLA PARA TACOS BIMBO X 12 UNIDS MEDIANO (RAPIDITAS);BOLSA;12;BOLSA;BOLSA x 12 UND;1;1;1
PRD00675;JUGO DE NARANJA PASTEURIZADO X 3.8 LT;L;;PRD00675;;JUGO DE NARANJA PASTEURIZADO X 3.8 LT;BOTELLA;3.8;BOTELLA;BOTELLA x 3.8 L;1;1;1
PRD00676;YOGURT VAINILLA FRANCESA SBELT 946 GR;KG;;PRD00676;;YOGURT VAINILLA FRANCESA SBELT 946 GR;BOTELLA;0.946;BOTELLA;BOTELLA x 0.946 KG;1;1;1
PRD00677;MANJAR BLANCO BAZO VELARDE 900 GR;KG;;PRD00677;;MANJAR BLANCO BAZO VELARDE 900 GR;BOLSA;0.9;BOLSA;BOLSA x 0.9 KG;1;1;1
PRD00678;ACEITUNA NEGRA SIN PEPA;KG;;PRD00678;;ACEITUNA NEGRA SIN PEPA;KILOGRAMO;1;KILOGRAMO;KILOGRAMO x 1 KG;1;1;1
PRD00679;ACEITUNA VERDE SIN PEPA;KG;;PRD00679;;ACEITUNA VERDE SIN PEPA;KILOGRAMO;1;KILOGRAMO;KILOGRAMO x 1 KG;1;1;1
PRD00680;CHICLE MENTA TRIDENT 8.5 GR;UND;;PRD00680;;CHICLE MENTA TRIDENT 8.5 GR;SACHET;1;SACHET;SACHET x 1 UND;1;1;1
PRD00681;WAFER CHOCOLATE COSTA NIK 27 GR;UND;;PRD00681;;WAFER CHOCOLATE COSTA NIK 27 GR;PAQUETE;1;PAQUETE;PAQUETE x 1 UND;1;1;1
PRD00682;WAFER CHOCOLATE COSTA NIK 72 GR;UND;;PRD00682;;WAFER CHOCOLATE COSTA NIK 72 GR;PAQUETE;1;PAQUETE;PAQUETE x 1 UND;1;1;1
PRD00683;GALLETA RELLENA MENTA CASINO 43 GR;UND;;PRD00683;;GALLETA RELLENA MENTA CASINO 43 GR;PAQUETE;1;PAQUETE;PAQUETE x 1 UND;1;1;1
PRD00684;GALLETA DULCE VAINILLA TENTACION 45 GR;UND;;PRD00684;;GALLETA DULCE VAINILLA TENTACION 45 GR;PAQUETE;1;PAQUETE;PAQUETE x 1 UND;1;1;1
PRD00685;GALLETA DE AGUA COSTA LIGHT (LINE) 42 GR;UND;;PRD00685;;GALLETA DE AGUA COSTA LIGHT (LINE) 42 GR;PAQUETE;1;PAQUETE;PAQUETE x 1 UND;1;1;1
PRD00686;GALLETA SALADA SODA LINE COSTA 40 GR;UND;;PRD00686;;GALLETA SALADA SODA LINE COSTA 40 GR;PAQUETE;1;PAQUETE;PAQUETE x 1 UND;1;1;1
PRD00687;CHOCOLATE NEGRO SUBLIME 28 GR;UND;;PRD00687;;CHOCOLATE NEGRO SUBLIME 28 GR;UNIDAD;1;UNIDAD;UNIDAD x 1 UND;1;1;1
PRD00688;GALLETA SALADA DE SODA FIELD RECETA ORIGINAL NABISCO 32 GR;UND;;PRD00688;;GALLETA SALADA DE SODA FIELD RECETA ORIGINAL NABISCO 32 GR;UNIDAD;1;UNIDAD;UNIDAD x 1 UND;1;1;1
PRD00689;CHOCOLATE SUBLIME SONRISA NESTLE 38 / 37 GR;UND;;PRD00689;;CHOCOLATE SUBLIME SONRISA NESTLE 38 / 37 GR;UNIDAD;1;UNIDAD;UNIDAD x 1 UND;1;1;1
PRD00690;GALLETA GRAN CEREAL CLASICA COSTA 36 GR;UND;;PRD00690;;GALLETA GRAN CEREAL CLASICA COSTA 36 GR;PAQUETE;1;PAQUETE;PAQUETE x 1 UND;1;1;1
PRD00691;GALLETA GRAN CEREAL FIBRA CACAO COSTA 36 GR;UND;;PRD00691;;GALLETA GRAN CEREAL FIBRA CACAO COSTA 36 GR;PAQUETE;1;PAQUETE;PAQUETE x 1 UND;1;1;1
PRD00692;GALLETA RELLENA MANJAR GRETEL 32 GR;UND;;PRD00692;;GALLETA RELLENA MANJAR GRETEL 32 GR;PAQUETE;1;PAQUETE;PAQUETE x 1 UND;1;1;1
PRD00693;BISCOCHO CHOCMAN COSTA 28 GR;UND;;PRD00693;;BISCOCHO CHOCMAN COSTA 28 GR;PAQUETE;1;PAQUETE;PAQUETE x 1 UND;1;1;1
PRD00694;GALLETA RELLENA CHOCOLATE FRAC 41 GR;UND;;PRD00694;;GALLETA RELLENA CHOCOLATE FRAC 41 GR;PAQUETE;1;PAQUETE;PAQUETE x 1 UND;1;1;1
PRD00695;GALLETA RELLENA VAINILLA FRAC 41 GR;UND;;PRD00695;;GALLETA RELLENA VAINILLA FRAC 41 GR;PAQUETE;1;PAQUETE;PAQUETE x 1 UND;1;1;1
PRD00696;GALLETA SALADA CREAM CRAKER 73.5 GR (EMER);UND;;PRD00696;;GALLETA SALADA CREAM CRAKER 73.5 GR (EMER);PAQUETE;1;PAQUETE;PAQUETE x 1 UND;1;1;1
PRD00697;GALLETA SALADA DE SODA FIELD RECETA ORIGINAL NABISCO 32 GR (EMER);UND;;PRD00697;;GALLETA SALADA DE SODA FIELD RECETA ORIGINAL NABISCO 32 GR (EMER);UNIDAD;1;UNIDAD;UNIDAD x 1 UND;1;1;1
PRD00698;CHOCOLATE RELLENO CAÑONAZO COSTA 19 GR;UND;;PRD00698;;CHOCOLATE RELLENO CAÑONAZO COSTA 19 GR;UNIDAD;1;UNIDAD;UNIDAD x 1 UND;1;1;1
PRD00699;CHOCOLATE CANCUN COSTA 25 GR;UND;;PRD00699;;CHOCOLATE CANCUN COSTA 25 GR;UNIDAD;1;UNIDAD;UNIDAD x 1 UND;1;1;1
PRD00700;GALLETA CHOCOCHIPS CHIPS AHOY 37 GR;UND;;PRD00700;;GALLETA CHOCOCHIPS CHIPS AHOY 37 GR;PAQUETE;1;PAQUETE;PAQUETE x 1 UND;1;1;1
PRD00701;GALLETA SALADA DE SODA FIELD RECETA ORIGINAL NABISCO 34 GR;UND;;PRD00701;;GALLETA SALADA DE SODA FIELD RECETA ORIGINAL NABISCO 34 GR;PAQUETE;1;PAQUETE;PAQUETE x 1 UND;1;1;1
PRD00702;GALLETA SALADA CREAM CRACKER NABISCO 258 GR;UND;;PRD00702;;GALLETA SALADA CREAM CRACKER NABISCO 258 GR;PAQUETE;1;PAQUETE;PAQUETE x 1 UND;1;1;1
PRD00703;GALLETA SODA GOURMET SAN JORGE 250 GR;KG;;PRD00703;;GALLETA SODA GOURMET SAN JORGE 250 GR;PAQUETE;0.25;PAQUETE;PAQUETE x 0.25 KG;1;1;1
PRD00704;CARAMELO HALLS CREAMY DURAZNO 28 GR;UND;;PRD00704;;CARAMELO HALLS CREAMY DURAZNO 28 GR;GRANO;1;GRANO;GRANO x 1 UND;1;1;1
PRD00705;CARAMELO HALLS CHERRY LYPTUS 28 GR;UND;;PRD00705;;CARAMELO HALLS CHERRY LYPTUS 28 GR;GRANO;1;GRANO;GRANO x 1 UND;1;1;1
PRD00706;CARAMELO HALLS MENTA 28 GR;UND;;PRD00706;;CARAMELO HALLS MENTA 28 GR;GRANO;1;GRANO;GRANO x 1 UND;1;1;1
PRD00707;GALLETA SALADA CREAM CRAKER NABISCO 73.5 GR (E);UND;;PRD00707;;GALLETA SALADA CREAM CRAKER NABISCO 73.5 GR (E);PAQUETE;1;PAQUETE;PAQUETE x 1 UND;1;1;1
PRD00708;WAFER CHOCOLATE TUYO COSTA 22 GR;UND;;PRD00708;;WAFER CHOCOLATE TUYO COSTA 22 GR;UNIDAD;1;UNIDAD;UNIDAD x 1 UND;1;1;1
PRD00709;CHOCOLATE NEGRO SUBLIME 26 GR;UND;;PRD00709;;CHOCOLATE NEGRO SUBLIME 26 GR;UNIDAD;1;UNIDAD;UNIDAD x 1 UND;1;1;1
PRD00710;BISCOCHO CHOCMAN COSTA 33.5 GR;UND;;PRD00710;;BISCOCHO CHOCMAN COSTA 33.5 GR;PAQUETE;1;PAQUETE;PAQUETE x 1 UND;1;1;1
PRD00711;GALLETA CRACKELET SNACK JAMON 47 GR;UND;;PRD00711;;GALLETA CRACKELET SNACK JAMON 47 GR;PAQUETE;1;PAQUETE;PAQUETE x 1 UND;1;1;1
PRD00712;CHOCOLATE RELLENO VIZZIO COSTA 19.2 GR;UND;;PRD00712;;CHOCOLATE RELLENO VIZZIO COSTA 19.2 GR;UNIDAD;1;UNIDAD;UNIDAD x 1 UND;1;1;1
PRD00713;CHOCOLATE RELLENO PRINCESA BARRA 30 GR;UND;;PRD00713;;CHOCOLATE RELLENO PRINCESA BARRA 30 GR;UNIDAD;1;UNIDAD;UNIDAD x 1 UND;1;1;1
PRD00714;CHOCOLATE TRIANGULO NESTLE 29 GR;UND;;PRD00714;;CHOCOLATE TRIANGULO NESTLE 29 GR;UNIDAD;1;UNIDAD;UNIDAD x 1 UND;1;1;1
PRD00715;CHOCOLATE RELLENO PRINCESA BARRA 28 GR;UND;;PRD00715;;CHOCOLATE RELLENO PRINCESA BARRA 28 GR;UNIDAD;1;UNIDAD;UNIDAD x 1 UND;1;1;1
PRD00716;CHIFLE SALADO CROCANTITO 80 GR;UND;;PRD00716;;CHIFLE SALADO CROCANTITO 80 GR;PAQUETE;1;PAQUETE;PAQUETE x 1 UND;1;1;1
PRD00717;CHIFLE SALADO CROCANTITO 150 GR;UND;;PRD00717;;CHIFLE SALADO CROCANTITO 150 GR;PAQUETE;1;PAQUETE;PAQUETE x 1 UND;1;1;1
PRD00718;CHIFLE PICANTE CROCANTITO 70 GR;UND;;PRD00718;;CHIFLE PICANTE CROCANTITO 70 GR;PAQUETE;1;PAQUETE;PAQUETE x 1 UND;1;1;1
PRD00719;CHIFLE PICANTE CROCANTITO 150 GR;UND;;PRD00719;;CHIFLE PICANTE CROCANTITO 150 GR;PAQUETE;1;PAQUETE;PAQUETE x 1 UND;1;1;1
PRD00720;CHIFLE DULCE CROCANTITO 80 GR;UND;;PRD00720;;CHIFLE DULCE CROCANTITO 80 GR;PAQUETE;1;PAQUETE;PAQUETE x 1 UND;1;1;1
PRD00721;CHIFLE DULCE CROCANTITO 150 GR;UND;;PRD00721;;CHIFLE DULCE CROCANTITO 150 GR;PAQUETE;1;PAQUETE;PAQUETE x 1 UND;1;1;1
PRD00722;CHIFLE SABOR CHORIZO CROCANTITO 150 GR;UND;;PRD00722;;CHIFLE SABOR CHORIZO CROCANTITO 150 GR;PAQUETE;1;PAQUETE;PAQUETE x 1 UND;1;1;1
PRD00723;CHIFLE SABOR CEVICHE CROCANTITO 70 GR;UND;;PRD00723;;CHIFLE SABOR CEVICHE CROCANTITO 70 GR;PAQUETE;1;PAQUETE;PAQUETE x 1 UND;1;1;1
PRD00724;YUCA SALADA CROCANTITO 70 GR;UND;;PRD00724;;YUCA SALADA CROCANTITO 70 GR;PAQUETE;1;PAQUETE;PAQUETE x 1 UND;1;1;1
PRD00725;YUCA SALADA CROCANTITO 150 GR;UND;;PRD00725;;YUCA SALADA CROCANTITO 150 GR;PAQUETE;1;PAQUETE;PAQUETE x 1 UND;1;1;1
PRD00726;YUCA PICANTE CROCANTITO 70 GR;UND;;PRD00726;;YUCA PICANTE CROCANTITO 70 GR;PAQUETE;1;PAQUETE;PAQUETE x 1 UND;1;1;1
PRD00727;YUCA PICANTE CROCANTITO 150 GR;UND;;PRD00727;;YUCA PICANTE CROCANTITO 150 GR;PAQUETE;1;PAQUETE;PAQUETE x 1 UND;1;1;1
PRD00728;CHIFLE SABOR BRASA CROCANTITO 70 GR;UND;;PRD00728;;CHIFLE SABOR BRASA CROCANTITO 70 GR;PAQUETE;1;PAQUETE;PAQUETE x 1 UND;1;1;1
PRD00729;CHIFLE SABOR BRASA CROCANTITO 150 GR;UND;;PRD00729;;CHIFLE SABOR BRASA CROCANTITO 150 GR;PAQUETE;1;PAQUETE;PAQUETE x 1 UND;1;1;1
PRD00730;CHIFLE SABOR CECINA CROCANTITO 70 GR;UND;;PRD00730;;CHIFLE SABOR CECINA CROCANTITO 70 GR;PAQUETE;1;PAQUETE;PAQUETE x 1 UND;1;1;1
PRD00731;CHIFLE SABOR CECINA CROCANTITO 150 GR;UND;;PRD00731;;CHIFLE SABOR CECINA CROCANTITO 150 GR;PAQUETE;1;PAQUETE;PAQUETE x 1 UND;1;1;1
PRD00732;CHOCOLATE BITTER SUBLIME 38GR (EMER);UND;;PRD00732;;CHOCOLATE BITTER SUBLIME 38GR (EMER);UNIDAD;1;UNIDAD;UNIDAD x 1 UND;1;1;1
PRD00733;WAFER CHOCOLATE COSTA NIK 27 GR (CXEMER);UND;;PRD00733;;WAFER CHOCOLATE COSTA NIK 27 GR (CXEMER);PAQUETE;1;PAQUETE;PAQUETE x 1 UND;1;1;1
PRD00734;CHOCOLATE LENTEJA NESTLE 30 GR (EMER);UND;;PRD00734;;CHOCOLATE LENTEJA NESTLE 30 GR (EMER);UNIDAD;1;UNIDAD;UNIDAD x 1 UND;1;1;1
PRD00735;GALLETA DULCE MOROCHA CHOCOLATE 30 GR;UND;;PRD00735;;GALLETA DULCE MOROCHA CHOCOLATE 30 GR;PAQUETE;1;PAQUETE;PAQUETE x 1 UND;1;1;1
PRD00736;CHOCOLATE TRIANGULO NESTLE 30 GR;UND;;PRD00736;;CHOCOLATE TRIANGULO NESTLE 30 GR;UNIDAD;1;UNIDAD;UNIDAD x 1 UND;1;1;1
PRD00737;GALLETA RELLENA CHOCOLATE FRAC 45.5 GR;UND;;PRD00737;;GALLETA RELLENA CHOCOLATE FRAC 45.5 GR;PAQUETE;1;PAQUETE;PAQUETE x 1 UND;1;1;1
PRD00738;GALLETA RELLENA CHOCOLATE GRETEL 34 GR;UND;;PRD00738;;GALLETA RELLENA CHOCOLATE GRETEL 34 GR;PAQUETE;1;PAQUETE;PAQUETE x 1 UND;1;1;1
PRD00739;MARSHMELLOWS AMBROSOLI SURTIDO 230 GR;UND;;PRD00739;;MARSHMELLOWS AMBROSOLI SURTIDO 230 GR;PAQUETE;1;PAQUETE;PAQUETE x 1 UND;1;1;1
PRD00740;GALLETA RELLENA VAINILLA FRAC 45.5 GR;UND;;PRD00740;;GALLETA RELLENA VAINILLA FRAC 45.5 GR;PAQUETE;1;PAQUETE;PAQUETE x 1 UND;1;1;1
PRD00741;GALLETA DULCE MORA GLACITAS 32 GR;UND;;PRD00741;;GALLETA DULCE MORA GLACITAS 32 GR;PAQUETE;1;PAQUETE;PAQUETE x 1 UND;1;1;1
PRD00742;GALLETA SALADA CREAM CRACKER 316 GR;UND;;PRD00742;;GALLETA SALADA CREAM CRACKER 316 GR;PAQUETE;1;PAQUETE;PAQUETE x 1 UND;1;1;1
PRD00743;CARAMELO AMBROSOLI ANIS 60 UND;UND;;PRD00743;;CARAMELO AMBROSOLI ANIS 60 UND;BOLSA;1;BOLSA;BOLSA x 1 UND;1;1;1
PRD00744;CARAMELO CHUPETIN PICOLIN 50 UND;UND;;PRD00744;;CARAMELO CHUPETIN PICOLIN 50 UND;PAQUETE;50;PAQUETE;PAQUETE x 50 UND;1;1;1
PRD00745;CHUPETIN GLOBO POP CON TOFFE 23 UNID.;UND;;PRD00745;;CHUPETIN GLOBO POP CON TOFFE 23 UNID.;BOLSA;1;BOLSA;BOLSA x 1 UND;1;1;1
PRD00746;CHUPETIN GLOBO POP CON CHICLE 24 UNID.;UND;;PRD00746;;CHUPETIN GLOBO POP CON CHICLE 24 UNID.;BOLSA;1;BOLSA;BOLSA x 1 UND;1;1;1
PRD00747;CARAMELO HALLS BARRA;UND;;PRD00747;;CARAMELO HALLS BARRA;BOLSA;1;BOLSA;BOLSA x 1 UND;1;1;1
PRD00748;CARAMELO LIMON AMBROSOLI 100 UND;UND;;PRD00748;;CARAMELO LIMON AMBROSOLI 100 UND;PAQUETE;1;PAQUETE;PAQUETE x 1 UND;1;1;1
PRD00749;CARAMELO DE LIMON SAYON 100 UNID.;UND;;PRD00749;;CARAMELO DE LIMON SAYON 100 UNID.;BOLSA;1;BOLSA;BOLSA x 1 UND;1;1;1
PRD00750;GOMITAS OSITOS 30 GR;UND;;PRD00750;;GOMITAS OSITOS 30 GR;UNIDAD;1;UNIDAD;UNIDAD x 1 UND;1;1;1
PRD00751;GALLETA SALADA DE SODA SAYON 250 GR;KG;;PRD00751;;GALLETA SALADA DE SODA SAYON 250 GR;PAQUETE;0.25;PAQUETE;PAQUETE x 0.25 KG;1;1;1
PRD00752;GALLETA RELLENA CANCUN 44 GR;UND;;PRD00752;;GALLETA RELLENA CANCUN 44 GR;PAQUETE;1;PAQUETE;PAQUETE x 1 UND;1;1;1
PRD00753;GALLETA INTEGRALES INTEGRAKERS SALVADO DE TRIGO 30 GR;UND;;PRD00753;;GALLETA INTEGRALES INTEGRAKERS SALVADO DE TRIGO 30 GR;PAQUETE;1;PAQUETE;PAQUETE x 1 UND;1;1;1
PRD00754;CHOCOLATE RELLENO CAÑONAZO COSTA 25 GR;UND;;PRD00754;;CHOCOLATE RELLENO CAÑONAZO COSTA 25 GR;UNIDAD;1;UNIDAD;UNIDAD x 1 UND;1;1;1
PRD00755;GOMITAS AMBROSITO AMBROSOLI 25 GR;UND;;PRD00755;;GOMITAS AMBROSITO AMBROSOLI 25 GR;BOLSA;1;BOLSA;BOLSA x 1 UND;1;1;1
PRD00756;GALLETA RELLENA MANJAR GRETEL 34/32 GR;UND;;PRD00756;;GALLETA RELLENA MANJAR GRETEL 34/32 GR;PAQUETE;1;PAQUETE;PAQUETE x 1 UND;1;1;1
PRD00757;CHOCOLATE RELLENO VIZZIO COSTA 21 GR;UND;;PRD00757;;CHOCOLATE RELLENO VIZZIO COSTA 21 GR;UNIDAD;1;UNIDAD;UNIDAD x 1 UND;1;1;1
PRD00758;CHOCOLATE NEGRO SUBLIME 30 GR;UND;;PRD00758;;CHOCOLATE NEGRO SUBLIME 30 GR;UNIDAD;1;UNIDAD;UNIDAD x 1 UND;1;1;1
PRD00759;TALCO PARA PIES REXONA 200 GR;UND;;PRD00759;;TALCO PARA PIES REXONA 200 GR;FRASCO;1;FRASCO;FRASCO x 1 UND;1;1;1
PRD00760;CHOCOLATE LENTEJA NESTLE 30 GR;UND;;PRD00760;;CHOCOLATE LENTEJA NESTLE 30 GR;UNIDAD;1;UNIDAD;UNIDAD x 1 UND;1;1;1
PRD00761;CHICLE FRUTILLA TRIDENT 8.5 GR;UND;;PRD00761;;CHICLE FRUTILLA TRIDENT 8.5 GR;SACHET;1;SACHET;SACHET x 1 UND;1;1;1
PRD00762;GALLETA DULCE CHOCOLATE MOROCHA 30 GR;UND;;PRD00762;;GALLETA DULCE CHOCOLATE MOROCHA 30 GR;PAQUETE;1;PAQUETE;PAQUETE x 1 UND;1;1;1
PRD00763;GALLETA SALADA CREAM CRAKER NABISCO 73.5 GR;UND;;PRD00763;;GALLETA SALADA CREAM CRAKER NABISCO 73.5 GR;PAQUETE;1;PAQUETE;PAQUETE x 1 UND;1;1;1
PRD00764;GALLETA CHOCOSODA NABISCO 36 GR;UND;;PRD00764;;GALLETA CHOCOSODA NABISCO 36 GR;PAQUETE;1;PAQUETE;PAQUETE x 1 UND;1;1;1
PRD00765;CHOCOLATE SUBLIME SONRISA NESTLE 40 GR;UND;;PRD00765;;CHOCOLATE SUBLIME SONRISA NESTLE 40 GR;UNIDAD;1;UNIDAD;UNIDAD x 1 UND;1;1;1
PRD00766;GALLETA DE ANIMALITOS TREN SAN JORGE 60 GR;UND;;PRD00766;;GALLETA DE ANIMALITOS TREN SAN JORGE 60 GR;PAQUETE;1;PAQUETE;PAQUETE x 1 UND;1;1;1
PRD00767;CHOCOLATE CANCUN COSTA 27 GR;UND;;PRD00767;;CHOCOLATE CANCUN COSTA 27 GR;UNIDAD;1;UNIDAD;UNIDAD x 1 UND;1;1;1
PRD00768;CONO BARQUILLO AMARILLO CONO COPA 700 UNID;UND;;PRD00768;;CONO BARQUILLO AMARILLO CONO COPA 700 UNID;CAJA;325;CAJA;CAJA x 325 UND;1;1;1
PRD00769;CHIFLES 4 ESTACIONES 500 GR;KG;;PRD00769;;CHIFLES 4 ESTACIONES 500 GR;PAQUETE;0.5;PAQUETE;PAQUETE x 0.5 KG;1;1;1
PRD00770;CHOCOLATE RELLENO PRINCESA 30 GR;UND;;PRD00770;;CHOCOLATE RELLENO PRINCESA 30 GR;UNIDAD;1;UNIDAD;UNIDAD x 1 UND;1;1;1
PRD00771;GALLETA SALADA SODA SAN JORGE 40 GR;UND;;PRD00771;;GALLETA SALADA SODA SAN JORGE 40 GR;PAQUETE;1;PAQUETE;PAQUETE x 1 UND;1;1;1
PRD00772;GALLETA DE ANIMALITOS TARZAN SAYON 55 GR;UND;;PRD00772;;GALLETA DE ANIMALITOS TARZAN SAYON 55 GR;PAQUETE;1;PAQUETE;PAQUETE x 1 UND;1;1;1
PRD00773;GALLETA GRAN CEREAL FIBRA CACAO COSTA 40 GR;UND;;PRD00773;;GALLETA GRAN CEREAL FIBRA CACAO COSTA 40 GR;PAQUETE;1;PAQUETE;PAQUETE x 1 UND;1;1;1
PRD00774;GALLETA SALADA CREAM CRAKER NABISCO 295 GRM;UND;;PRD00774;;GALLETA SALADA CREAM CRAKER NABISCO 295 GRM;PAQUETE;1;PAQUETE;PAQUETE x 1 UND;1;1;1
PRD00775;CHOCOLATE RELLENO CAÑONAZO COSTA 22 GR;UND;;PRD00775;;CHOCOLATE RELLENO CAÑONAZO COSTA 22 GR;UNIDAD;1;UNIDAD;UNIDAD x 1 UND;1;1;1
PRD00776;GALLETA DULCE CHOCODONUTS COSTA 36 GR;UND;;PRD00776;;GALLETA DULCE CHOCODONUTS COSTA 36 GR;UNIDAD;1;UNIDAD;UNIDAD x 1 UND;1;1;1
PRD00777;CHOCOLATE WAFER TUYO COSTA 22 GR;UND;;PRD00777;;CHOCOLATE WAFER TUYO COSTA 22 GR;UNIDAD;1;UNIDAD;UNIDAD x 1 UND;1;1;1
PRD00778;CHOKO MANI INKA SUR 15 GR;UND;;PRD00778;;CHOKO MANI INKA SUR 15 GR;UNIDAD;1;UNIDAD;UNIDAD x 1 UND;1;1;1
PRD00779;CHOCOLATE FOCHIS PASAS 16/12 GR;UND;;PRD00779;;CHOCOLATE FOCHIS PASAS 16/12 GR;UNIDAD;1;UNIDAD;UNIDAD x 1 UND;1;1;1
PRD00780;GALLETA DULCE CHIN CHIN CHOCOFORMAS 21 GRM;UND;;PRD00780;;GALLETA DULCE CHIN CHIN CHOCOFORMAS 21 GRM;PAQUETE;1;PAQUETE;PAQUETE x 1 UND;1;1;1
PRD00781;GALLETA RELLENA CLASICA FRAC 45.5/41 GR;UND;;PRD00781;;GALLETA RELLENA CLASICA FRAC 45.5/41 GR;PAQUETE;1;PAQUETE;PAQUETE x 1 UND;1;1;1
PRD00782;WAFER MOROCHAS BARRA VAINILLA 22 GR;UND;;PRD00782;;WAFER MOROCHAS BARRA VAINILLA 22 GR;PAQUETE;1;PAQUETE;PAQUETE x 1 UND;1;1;1
PRD00783;GALLETA SALADA SODA LINE COSTA 42 GR;UND;;PRD00783;;GALLETA SALADA SODA LINE COSTA 42 GR;PAQUETE;1;PAQUETE;PAQUETE x 1 UND;1;1;1
PRD00784;GALLETA COSTA COCO 32 GR;UND;;PRD00784;;GALLETA COSTA COCO 32 GR;UNIDAD;1;UNIDAD;UNIDAD x 1 UND;1;1;1
PRD00785;GALLETA CRACKELET SNACK ORIGINAL 47 GR;UND;;PRD00785;;GALLETA CRACKELET SNACK ORIGINAL 47 GR;PAQUETE;1;PAQUETE;PAQUETE x 1 UND;1;1;1
PRD00786;GALLETA CRACKELET SNACK QUESO 47 GR;UND;;PRD00786;;GALLETA CRACKELET SNACK QUESO 47 GR;PAQUETE;1;PAQUETE;PAQUETE x 1 UND;1;1;1
PRD00787;BOLITAS DE MANI Y CHOCOLATE 2 CERRITOS 17 GR;UND;;PRD00787;;BOLITAS DE MANI Y CHOCOLATE 2 CERRITOS 17 GR;UNIDAD;1;UNIDAD;UNIDAD x 1 UND;1;1;1
PRD00788;JAMON DEL PAIS REFRIGERADO KG;KG;;PRD00788;;JAMON DEL PAIS REFRIGERADO KG;KILOGRAMO;1;KILOGRAMO;KILOGRAMO x 1 KG;1;1;1
PRD00789;HOT DOG REFRIGERADO KG;KG;;PRD00789;;HOT DOG REFRIGERADO KG;KILOGRAMO;1;KILOGRAMO;KILOGRAMO x 1 KG;1;1;1
PRD00790;JAMON INGLES CONGELADO KG;KG;;PRD00790;;JAMON INGLES CONGELADO KG;KILOGRAMO;1;KILOGRAMO;KILOGRAMO x 1 KG;1;1;1
PRD00791;JAMON PARA CAFETIN CONGELADO 500 GR;KG;;PRD00791;;JAMON PARA CAFETIN CONGELADO 500 GR;PAQUETE;0.5;PAQUETE;PAQUETE x 0.5 KG;1;1;1
PRD00792;JAMONADA DE POLLO CONGELADO KG;KG;;PRD00792;;JAMONADA DE POLLO CONGELADO KG;KILOGRAMO;1;KILOGRAMO;KILOGRAMO x 1 KG;1;1;1
PRD00793;JAMONADA PARA CAFETIN CONGELADO 500 GR;KG;;PRD00793;;JAMONADA PARA CAFETIN CONGELADO 500 GR;PAQUETE;0.5;PAQUETE;PAQUETE x 0.5 KG;1;1;1
PRD00794;MORTADELA PARA CAFETIN CONGELADO 500 GR;KG;;PRD00794;;MORTADELA PARA CAFETIN CONGELADO 500 GR;PAQUETE;0.5;PAQUETE;PAQUETE x 0.5 KG;1;1;1
PRD00795;QUESO MOZARELLA CONGELADO;KG;;PRD00795;;QUESO MOZARELLA CONGELADO;KILOGRAMO;1;KILOGRAMO;KILOGRAMO x 1 KG;1;1;1
PRD00796;CHICHARRON DE PRENSA CONGELADO KG;KG;;PRD00796;;CHICHARRON DE PRENSA CONGELADO KG;KILOGRAMO;1;KILOGRAMO;KILOGRAMO x 1 KG;1;1;1
PRD00797;TOCINO AHUMADO CONGELADO KG;KG;;PRD00797;;TOCINO AHUMADO CONGELADO KG;KILOGRAMO;1;KILOGRAMO;KILOGRAMO x 1 KG;1;1;1
PRD00798;JAMON DEL PAIS CONGELADO KG;KG;;PRD00798;;JAMON DEL PAIS CONGELADO KG;KILOGRAMO;1;KILOGRAMO;KILOGRAMO x 1 KG;1;1;1
PRD00799;SALCHICHA HUACHO CONGELADO KG;KG;;PRD00799;;SALCHICHA HUACHO CONGELADO KG;KILOGRAMO;1;KILOGRAMO;KILOGRAMO x 1 KG;1;1;1
PRD00800;JAMON YORK REFRIGERADO KG;KG;;PRD00800;;JAMON YORK REFRIGERADO KG;KILOGRAMO;1;KILOGRAMO;KILOGRAMO x 1 KG;1;1;1
PRD00801;COCKTAIL DE FRUTAS ACONCAGUA 820/822 GR;KG;;PRD00801;;COCKTAIL DE FRUTAS ACONCAGUA 820/822 GR;LATA;0.82;LATA;LATA x 0.82 KG;1;1;1
PRD00802;PIÑA EN RODAJAS FANNY 567 GR;KG;;PRD00802;;PIÑA EN RODAJAS FANNY 567 GR;LATA;0.56;LATA;LATA x 0.56 KG;1;1;1
PRD00803;FILETE DE ATUN MARINERO 170 GR;UND;;PRD00803;;FILETE DE ATUN MARINERO 170 GR;LATA;1;LATA;LATA x 1 UND;1;1;1
PRD00804;CHAMPIGÑONES SANTIS 425 GR;KG;;PRD00804;;CHAMPIGÑONES SANTIS 425 GR;LATA;0.425;LATA;LATA x 0.425 KG;1;1;1
PRD00805;DURAZNO EN ALMIBAR COMPASS 822 GR;KG;;PRD00805;;DURAZNO EN ALMIBAR COMPASS 822 GR;LATA;0.822;LATA;LATA x 0.822 KG;1;1;1
PRD00806;ATUN SOLIDO FANNY 170 GR;KG;;PRD00806;;ATUN SOLIDO FANNY 170 GR;LATA;0.17;LATA;LATA x 0.17 KG;1;1;1
PRD00807;DURAZNO EN ALMIBAR DEL CIELO 820 GR;KG;;PRD00807;;DURAZNO EN ALMIBAR DEL CIELO 820 GR;LATA;0.82;LATA;LATA x 0.82 KG;1;1;1
PRD00808;ATUN SOLIDO FLORIDA 140 GR;KG;;PRD00808;;ATUN SOLIDO FLORIDA 140 GR;LATA;0.14;LATA;LATA x 0.14 KG;1;1;1
PRD00809;CHAMPIGÑONES WOKI 425 GR;KG;;PRD00809;;CHAMPIGÑONES WOKI 425 GR;LATA;0.425;LATA;LATA x 0.425 KG;1;1;1
PRD00810;ATUN TROZOS GLORIA 140 GR;KG;;PRD00810;;ATUN TROZOS GLORIA 140 GR;LATA;0.14;LATA;LATA x 0.14 KG;1;1;1
PRD00811;CHAMPIGÑONES LATA NIRCISSUS 425 GR;KG;;PRD00811;;CHAMPIGÑONES LATA NIRCISSUS 425 GR;LATA;0.425;LATA;LATA x 0.425 KG;1;1;1
PRD00812;ATUN TROZOS COMPASS 140 GR;KG;;PRD00812;;ATUN TROZOS COMPASS 140 GR;LATA;0.14;LATA;LATA x 0.14 KG;1;1;1
PRD00813;DURAZNO EN ALMIBAR VALLE NORTE 820 GR;KG;;PRD00813;;DURAZNO EN ALMIBAR VALLE NORTE 820 GR;LATA;0.82;LATA;LATA x 0.82 KG;1;1;1
PRD00814;ATUN TROZOS COMPASS 140 GR (EMER);KG;;PRD00814;;ATUN TROZOS COMPASS 140 GR (EMER);LATA;0.14;LATA;LATA x 0.14 KG;1;1;1
PRD00815;CHAMPIGÑONES SANTIS 4200 GR (EMER);KG;;PRD00815;;CHAMPIGÑONES SANTIS 4200 GR (EMER);LATA;4.2;LATA;LATA x 4.2 KG;1;1;1
PRD00816;FRIJOL CON TOCINO SELECTA 560 GR;UND;;PRD00816;;FRIJOL CON TOCINO SELECTA 560 GR;LATA;1;LATA;LATA x 1 UND;1;1;1
PRD00817;FRIJOL CON TOCINO SELECTA 420 GR;KG;;PRD00817;;FRIJOL CON TOCINO SELECTA 420 GR;LATA;0.42;LATA;LATA x 0.42 KG;1;1;1
PRD00818;PIÑA EN RODAJAS COMPASS 560 GR;KG;;PRD00818;;PIÑA EN RODAJAS COMPASS 560 GR;LATA;0.56;LATA;LATA x 0.56 KG;1;1;1
PRD00819;COCKTAIL DE FRUTAS COMPASS 822 GR;KG;;PRD00819;;COCKTAIL DE FRUTAS COMPASS 822 GR;LATA;0.822;LATA;LATA x 0.822 KG;1;1;1
PRD00820;ANCHOVETA ACEITE VEGETAL AYLLU 120 GR;KG;;PRD00820;;ANCHOVETA ACEITE VEGETAL AYLLU 120 GR;LATA;0.12;LATA;LATA x 0.12 KG;1;1;1
PRD00821;ANCHOVETA ACEITE OLIVA AYLLU 125 GR;KG;;PRD00821;;ANCHOVETA ACEITE OLIVA AYLLU 125 GR;LATA;0.125;LATA;LATA x 0.125 KG;1;1;1
PRD00822;ANCHOVETA SALSA DE TOMATE AYLLU 120 GR;UND;;PRD00822;;ANCHOVETA SALSA DE TOMATE AYLLU 120 GR;LATA;1;LATA;LATA x 1 UND;1;1;1
PRD00823;ANCHOVETA SALSA DE TOMATE ESCABECHADA AYLLU 120 GR;KG;;PRD00823;;ANCHOVETA SALSA DE TOMATE ESCABECHADA AYLLU 120 GR;LATA;0.12;LATA;LATA x 0.12 KG;1;1;1
PRD00824;ANCHOVETA FILETE EN ACEITE VEGETAL AYLLU 170 GR;KG;;PRD00824;;ANCHOVETA FILETE EN ACEITE VEGETAL AYLLU 170 GR;LATA;0.17;LATA;LATA x 0.17 KG;1;1;1
PRD00825;FILETE DE ATUN GLORIA 170 GR;KG;;PRD00825;;FILETE DE ATUN GLORIA 170 GR;LATA;0.17;LATA;LATA x 0.17 KG;1;1;1
PRD00826;ANCHOVETA ACEITE OLIVA A-1 125 GR;KG;;PRD00826;;ANCHOVETA ACEITE OLIVA A-1 125 GR;LATA;0.125;LATA;LATA x 0.125 KG;1;1;1
PRD00827;DURAZNO EN ALMIBAR COMPASS 820 GR;KG;;PRD00827;;DURAZNO EN ALMIBAR COMPASS 820 GR;LATA;0.82;LATA;LATA x 0.82 KG;1;1;1
PRD00828;CEREZA MARRASQUINO ROJO SANTIS 283 GR;KG;;PRD00828;;CEREZA MARRASQUINO ROJO SANTIS 283 GR;FRASCO;0.34;FRASCO;FRASCO x 0.34 KG;1;1;1
PRD00829;DURAZNO EN ALMIBAR FANNY 820 GR;KG;;PRD00829;;DURAZNO EN ALMIBAR FANNY 820 GR;LATA;0.82;LATA;LATA x 0.82 KG;1;1;1
PRD00830;ATUN TROZOS MARINERO 170 GR;KG;;PRD00830;;ATUN TROZOS MARINERO 170 GR;LATA;0.17;LATA;LATA x 0.17 KG;1;1;1
PRD00831;ATUN FILETE COMPASS 170 GR;KG;;PRD00831;;ATUN FILETE COMPASS 170 GR;LATA;0.17;LATA;LATA x 0.17 KG;1;1;1
PRD00832;ESPARRAGOS VERDES VALLE FERTIL 360 GR;KG;;PRD00832;;ESPARRAGOS VERDES VALLE FERTIL 360 GR;FRASCO;0.36;FRASCO;FRASCO x 0.36 KG;1;1;1
PRD00833;CHAMPIGÑONES KAM LAM 425 GR;KG;;PRD00833;;CHAMPIGÑONES KAM LAM 425 GR;LATA;0.425;LATA;LATA x 0.425 KG;1;1;1
PRD00834;ATUN FILETE FLORIDA 170 GR;KG;;PRD00834;;ATUN FILETE FLORIDA 170 GR;LATA;0.17;LATA;LATA x 0.17 KG;1;1;1
PRD00835;DURAZNO EN ALMIBAR VALLENORTE 820 GR;KG;;PRD00835;;DURAZNO EN ALMIBAR VALLENORTE 820 GR;LATA;0.82;LATA;LATA x 0.82 KG;1;1;1
PRD00836;HUACATAY MOLIDO X KG;KG;;PRD00836;;HUACATAY MOLIDO X KG;KILOGRAMO;1;KILOGRAMO;KILOGRAMO x 1 KG;1;1;1
PRD00837;ALBAHACA MOLIDA X KG;KG;;PRD00837;;ALBAHACA MOLIDA X KG;KILOGRAMO;1;KILOGRAMO;KILOGRAMO x 1 KG;1;1;1
PRD00838;KION MOLIDO X KG;KG;;PRD00838;;KION MOLIDO X KG;KILOGRAMO;1;KILOGRAMO;KILOGRAMO x 1 KG;1;1;1
PRD00839;SAL DE MESA MARINA 1 KG;KG;;PRD00839;;SAL DE MESA MARINA 1 KG;BOLSA;1;BOLSA;BOLSA x 1 KG;1;1;1
PRD00840;PAPRIKA TOÑA 500 GR;KG;;PRD00840;;PAPRIKA TOÑA 500 GR;BOLSA;1.5;BOLSA;BOLSA x 1.5 KG;1;1;1
PRD00841;SAL PERSONAL 5 GR TRES ESPADAS 1 MILLAR;UND;;PRD00841;;SAL PERSONAL 5 GR TRES ESPADAS 1 MILLAR;PAQUETE;1000;PAQUETE;PAQUETE x 1000 UND;1;1;1
PRD00842;SAL DE COCINA SALINA 1 KG;KG;;PRD00842;;SAL DE COCINA SALINA 1 KG;BOLSA;1;BOLSA;BOLSA x 1 KG;1;1;1
PRD00843;SAL DE MESA JJD´MAR 1 KG;KG;;PRD00843;;SAL DE MESA JJD´MAR 1 KG;BOLSA;1;BOLSA;BOLSA x 1 KG;1;1;1
PRD00844;COCKTAIL DE NUECES VALLEALTO X 90 GR;UND;;PRD00844;;COCKTAIL DE NUECES VALLEALTO X 90 GR;BOLSA;1;BOLSA;BOLSA x 1 UND;1;1;1
PRD00845;SALTY MIX VALLEALTO X 40 GR;UND;;PRD00845;;SALTY MIX VALLEALTO X 40 GR;BOLSA;1;BOLSA;BOLSA x 1 UND;1;1;1
PRD00846;PECANA PELADA VALLEALTO X 90 GR;UND;;PRD00846;;PECANA PELADA VALLEALTO X 90 GR;BOLSA;1;BOLSA;BOLSA x 1 UND;1;1;1
PRD00847;SAL DE COCINA JJD'MAR 1 KG;KG;;PRD00847;;SAL DE COCINA JJD'MAR 1 KG;BOLSA;1;BOLSA;BOLSA x 1 KG;1;1;1
PRD00848;COCKTAIL CON NUECES VILLA NATURA 80 GR (E);UND;;PRD00848;;COCKTAIL CON NUECES VILLA NATURA 80 GR (E);BOLSA;1;BOLSA;BOLSA x 1 UND;1;1;1
PRD00849;PECANA PARTIDA TOÑA 1 KG;KG;;PRD00849;;PECANA PARTIDA TOÑA 1 KG;BOLSA;1;BOLSA;BOLSA x 1 KG;1;1;1
PRD00850;MIXTURA DE NUECES VALLE ALTO 90 GR;UND;;PRD00850;;MIXTURA DE NUECES VALLE ALTO 90 GR;BOLSA;1;BOLSA;BOLSA x 1 UND;1;1;1
PRD00851;SALTY MIX VALLEALTO 40 GR;UND;;PRD00851;;SALTY MIX VALLEALTO 40 GR;BOLSA;1;BOLSA;BOLSA x 1 UND;1;1;1
PRD00852;SAL LOPESA 1 KG;KG;;PRD00852;;SAL LOPESA 1 KG;BOLSA;1;BOLSA;BOLSA x 1 KG;1;1;1
PRD00853;ESTRAGON BADIA 3.5 OZ;KG;;PRD00853;;ESTRAGON BADIA 3.5 OZ;FRASCO;0.992;FRASCO;FRASCO x 0.992 KG;1;1;1
PRD00854;ROMERO SECO BADIA 8 OZ;KG;;PRD00854;;ROMERO SECO BADIA 8 OZ;FRASCO;0.2268;FRASCO;FRASCO x 0.2268 KG;1;1;1
PRD00855;ESTRAGON SECO TOÑA 250 GR;KG;;PRD00855;;ESTRAGON SECO TOÑA 250 GR;BOLSA;0.25;BOLSA;BOLSA x 0.25 KG;1;1;1
PRD00856;CEBADA TOSTADA KOMILON 5 KG;KG;;PRD00856;;CEBADA TOSTADA KOMILON 5 KG;BOLSA;5;BOLSA;BOLSA x 5 KG;1;1;1
PRD00857;CEBADA TOSTADA EL PLEBEYO 250 GR;KG;;PRD00857;;CEBADA TOSTADA EL PLEBEYO 250 GR;BOLSA;0.25;BOLSA;BOLSA x 0.25 KG;1;1;1
PRD00858;PAPRIKA BELEN 500GR;KG;;PRD00858;;PAPRIKA BELEN 500GR;BOLSA;0.5;BOLSA;BOLSA x 0.5 KG;1;1;1
PRD00859;AJI MIRASOL 4 ESTACIONES 1KG;KG;;PRD00859;;AJI MIRASOL 4 ESTACIONES 1KG;BOLSA;1;BOLSA;BOLSA x 1 KG;1;1;1
PRD00860;AJI PANCA SECO 4 ESTACIONES 1 KG;KG;;PRD00860;;AJI PANCA SECO 4 ESTACIONES 1 KG;BOLSA;1;BOLSA;BOLSA x 1 KG;1;1;1
PRD00861;AJONJOLI 4 ESTACIONES 1 KG;KG;;PRD00861;;AJONJOLI 4 ESTACIONES 1 KG;BOLSA;1;BOLSA;BOLSA x 1 KG;1;1;1
PRD00862;ALMENDRAS 4 ESTACIONES 1 KG;KG;;PRD00862;;ALMENDRAS 4 ESTACIONES 1 KG;BOLSA;1;BOLSA;BOLSA x 1 KG;1;1;1
PRD00863;ANIS SECO 4 ESTACIONES 1 KG;KG;;PRD00863;;ANIS SECO 4 ESTACIONES 1 KG;BOLSA;1;BOLSA;BOLSA x 1 KG;1;1;1
PRD00864;CANELA CHINA 4 ESTACIONES 1 KG;KG;;PRD00864;;CANELA CHINA 4 ESTACIONES 1 KG;BOLSA;1;BOLSA;BOLSA x 1 KG;1;1;1
PRD00865;CANELA ENTERA 4 ESTACIONES 1 KG;KG;;PRD00865;;CANELA ENTERA 4 ESTACIONES 1 KG;BOLSA;1;BOLSA;BOLSA x 1 KG;1;1;1
PRD00866;CANELA ENTERA 4 ESTACIONES 500 GR;KG;;PRD00866;;CANELA ENTERA 4 ESTACIONES 500 GR;BOLSA;0.5;BOLSA;BOLSA x 0.5 KG;1;1;1
PRD00867;CANELA MOLIDA 4 ESTACIONES 1 KG;KG;;PRD00867;;CANELA MOLIDA 4 ESTACIONES 1 KG;BOLSA;1;BOLSA;BOLSA x 1 KG;1;1;1
PRD00868;CASTAÑAS 4 ESTACIONES 1 KG;KG;;PRD00868;;CASTAÑAS 4 ESTACIONES 1 KG;BOLSA;1;BOLSA;BOLSA x 1 KG;1;1;1
PRD00869;CEBADA TOSTADA 4 ESTACIONES 2 KG;KG;;PRD00869;;CEBADA TOSTADA 4 ESTACIONES 2 KG;BOLSA;2;BOLSA;BOLSA x 2 KG;1;1;1
PRD00870;CLAVO DE OLOR ENTERO 4 ESTACIONES 1 KG;KG;;PRD00870;;CLAVO DE OLOR ENTERO 4 ESTACIONES 1 KG;BOLSA;1;BOLSA;BOLSA x 1 KG;1;1;1
PRD00871;COCO RALLADO LARGO 4 ESTACIONES 250 GR;KG;;PRD00871;;COCO RALLADO LARGO 4 ESTACIONES 250 GR;BOLSA;0.25;BOLSA;BOLSA x 0.25 KG;1;1;1
PRD00872;COCO RALLADO 4 ESTACIONES 1 KG;KG;;PRD00872;;COCO RALLADO 4 ESTACIONES 1 KG;BOLSA;1;BOLSA;BOLSA x 1 KG;1;1;1
PRD00873;COMINO MOLIDO 4 ESTACIONES 1 KG;KG;;PRD00873;;COMINO MOLIDO 4 ESTACIONES 1 KG;BOLSA;1;BOLSA;BOLSA x 1 KG;1;1;1
PRD00874;ESTRAGON SECO 4 ESTACIONES 250 GR;KG;;PRD00874;;ESTRAGON SECO 4 ESTACIONES 250 GR;BOLSA;0.25;BOLSA;BOLSA x 0.25 KG;1;1;1
PRD00875;HIGO SECO 4 ESTACIONES 1 KG;KG;;PRD00875;;HIGO SECO 4 ESTACIONES 1 KG;BOLSA;1;BOLSA;BOLSA x 1 KG;1;1;1
PRD00876;LAUREL 4 ESTACIONES 1 KG;KG;;PRD00876;;LAUREL 4 ESTACIONES 1 KG;BOLSA;1;BOLSA;BOLSA x 1 KG;1;1;1
PRD00877;MANI TOSTADO PELADO 4 ESTACIONES 1 KG;KG;;PRD00877;;MANI TOSTADO PELADO 4 ESTACIONES 1 KG;BOLSA;1;BOLSA;BOLSA x 1 KG;1;1;1
PRD00878;NUEZ MOSCADA MOLIDA 4 ESTACIONES 50 GR;KG;;PRD00878;;NUEZ MOSCADA MOLIDA 4 ESTACIONES 50 GR;BOLSA;0.05;BOLSA;BOLSA x 0.05 KG;1;1;1
PRD00879;OREGANO ENTERO 4 ESTACIONES 1 KG;KG;;PRD00879;;OREGANO ENTERO 4 ESTACIONES 1 KG;BOLSA;1;BOLSA;BOLSA x 1 KG;1;1;1
PRD00880;PALILLO MOLIDO 4 ESTACIONES 1 KG;KG;;PRD00880;;PALILLO MOLIDO 4 ESTACIONES 1 KG;BOLSA;1;BOLSA;BOLSA x 1 KG;1;1;1
PRD00881;PAPRIKA 4 ESTACIONES 1 KG;KG;;PRD00881;;PAPRIKA 4 ESTACIONES 1 KG;BOLSA;1;BOLSA;BOLSA x 1 KG;1;1;1
PRD00882;PAPRIKA 4 ESTACIONES 500 GR;KG;;PRD00882;;PAPRIKA 4 ESTACIONES 500 GR;BOLSA;0.5;BOLSA;BOLSA x 0.5 KG;1;1;1
PRD00883;PECANA 4 ESTACIONES 1 KG;KG;;PRD00883;;PECANA 4 ESTACIONES 1 KG;BOLSA;1;BOLSA;BOLSA x 1 KG;1;1;1
PRD00884;PIMIENTA NEGRA ENTERA 4 ESTACIONES 1 KG;KG;;PRD00884;;PIMIENTA NEGRA ENTERA 4 ESTACIONES 1 KG;BOLSA;1;BOLSA;BOLSA x 1 KG;1;1;1
PRD00885;PIMIENTA NEGRA MOLIDA 4 ESTACIONES 1 KG;KG;;PRD00885;;PIMIENTA NEGRA MOLIDA 4 ESTACIONES 1 KG;BOLSA;1;BOLSA;BOLSA x 1 KG;1;1;1
PRD00886;ROMERO TIPO PIZZA 4 ESTACIONES 250 GR;KG;;PRD00886;;ROMERO TIPO PIZZA 4 ESTACIONES 250 GR;BOLSA;0.25;BOLSA;BOLSA x 0.25 KG;1;1;1
PRD00887;TOMILLO TIPO PIZZA 4 ESTACIONES 250 GR;KG;;PRD00887;;TOMILLO TIPO PIZZA 4 ESTACIONES 250 GR;BOLSA;0.25;BOLSA;BOLSA x 0.25 KG;1;1;1
PRD00888;KION MOLIDO SECO 4 ESTACIONES 250 GR;KG;;PRD00888;;KION MOLIDO SECO 4 ESTACIONES 250 GR;BOLSA;0.25;BOLSA;BOLSA x 0.25 KG;1;1;1
PRD00889;COCO RALLADO COCOS Y NUTS 1 KG;KG;;PRD00889;;COCO RALLADO COCOS Y NUTS 1 KG;BOLSA;1;BOLSA;BOLSA x 1 KG;1;1;1
PRD00890;PALILLO MOLIDO BADIA 453 GR;KG;;PRD00890;;PALILLO MOLIDO BADIA 453 GR;BOLSA;0.453;BOLSA;BOLSA x 0.453 KG;1;1;1
PRD00891;SAL FINA LOBOS 1 KG;KG;;PRD00891;;SAL FINA LOBOS 1 KG;BOLSA;1;BOLSA;BOLSA x 1 KG;1;1;1
PRD00892;NUEZ ENTERA PELADA 4 ESTACIONES 1 KG;KG;;PRD00892;;NUEZ ENTERA PELADA 4 ESTACIONES 1 KG;BOLSA;1;BOLSA;BOLSA x 1 KG;1;1;1
PRD00893;CEBADA TOSTADA VALLESOL 5 KG;KG;;PRD00893;;CEBADA TOSTADA VALLESOL 5 KG;BOLSA;5;BOLSA;BOLSA x 5 KG;1;1;1
PRD00894;MIX SALADITO SANTIS 100 GR;UND;;PRD00894;;MIX SALADITO SANTIS 100 GR;BOLSA;1;BOLSA;BOLSA x 1 UND;1;1;1
PRD00895;PAPRIKA BADIA 453.6 GRM ( 16 OZ);KG;;PRD00895;;PAPRIKA BADIA 453.6 GRM ( 16 OZ);FRASCO;0.4536;FRASCO;FRASCO x 0.4536 KG;1;1;1
PRD00896;MIXTURA DE NUECES SANTIS 100 GR;UND;;PRD00896;;MIXTURA DE NUECES SANTIS 100 GR;BOLSA;1;BOLSA;BOLSA x 1 UND;1;1;1
PRD00897;CANELA EN POLVO BADIA 453.60 GRM;KG;;PRD00897;;CANELA EN POLVO BADIA 453.60 GRM;BOLSA;0.4536;BOLSA;BOLSA x 0.4536 KG;1;1;1
PRD00898;CANELA EN POLVO BADIA 1.81 KGR;KG;;PRD00898;;CANELA EN POLVO BADIA 1.81 KGR;BOLSA;1.81;BOLSA;BOLSA x 1.81 KG;1;1;1
PRD00899;EUCALIPTO (HOJAS) 4 ESTACIONES 250 GRM;KG;;PRD00899;;EUCALIPTO (HOJAS) 4 ESTACIONES 250 GRM;BOLSA;0.25;BOLSA;BOLSA x 0.25 KG;1;1;1
PRD00900;PAN BLANCO FAMILIAR BIMBO 750 GR;KG;;PRD00900;;PAN BLANCO FAMILIAR BIMBO 750 GR;BOLSA;0.75;BOLSA;BOLSA x 0.75 KG;1;1;1
PRD00901;PAN MOLIDO BIMBO 250 GR;KG;;PRD00901;;PAN MOLIDO BIMBO 250 GR;BOLSA;0.25;BOLSA;BOLSA x 0.25 KG;1;1;1
PRD00902;PURATOS EASY PAN FIBRA 5 KG;KG;;PRD00902;;PURATOS EASY PAN FIBRA 5 KG;BOLSA;5;BOLSA;BOLSA x 5 KG;1;1;1
PRD00903;PANETON WINTERS CAJA 900 GR;KG;;PRD00903;;PANETON WINTERS CAJA 900 GR;UNIDAD;0.9;UNIDAD;UNIDAD x 0.9 KG;1;1;1
PRD00904;PURATOS EASY PAN SUAVE 5 KG;KG;;PRD00904;;PURATOS EASY PAN SUAVE 5 KG;BOLSA;5;BOLSA;BOLSA x 5 KG;1;1;1
PRD00905;PANETON (PANETONCITO) DONOFRIO CAJA 80-90 GR;UND;;PRD00905;;PANETON (PANETONCITO) DONOFRIO CAJA 80-90 GR;UNIDAD;1;UNIDAD;UNIDAD x 1 UND;1;1;1
PRD00906;PREMEZCLA INVENTIS PAN DE YEMA 25 KG;KG;;PRD00906;;PREMEZCLA INVENTIS PAN DE YEMA 25 KG;BOLSA;25;BOLSA;BOLSA x 25 KG;1;1;1
PRD00907;PREMEZCLA INVENTIS PAN CIABATTA 10 KG;KG;;PRD00907;;PREMEZCLA INVENTIS PAN CIABATTA 10 KG;BOLSA;10;BOLSA;BOLSA x 10 KG;1;1;1
PRD00908;PANETON PASQUALINO BOLSA 900 GR;KG;;PRD00908;;PANETON PASQUALINO BOLSA 900 GR;BOLSA;0.9;BOLSA;BOLSA x 0.9 KG;1;1;1
PRD00909;PANETON EN CAJA 80 GR COSTA MINIONS;UND;;PRD00909;;PANETON EN CAJA 80 GR COSTA MINIONS;CAJA;1;CAJA;CAJA x 1 UND;1;1;1
PRD00910;PANETON MINI GLORIA BOLSA 80 GR;UND;;PRD00910;;PANETON MINI GLORIA BOLSA 80 GR;BOLSA;1;BOLSA;BOLSA x 1 UND;1;1;1
PRD00911;PANETON PACK CAJA TODINNO 900 GR + TODINNITO 85 GR;UND;;PRD00911;;PANETON PACK CAJA TODINNO 900 GR + TODINNITO 85 GR;CAJA;1;CAJA;CAJA x 1 UND;1;1;1
PRD00912;PANETON GLORIA CAJA X 900 GR;UND;;PRD00912;;PANETON GLORIA CAJA X 900 GR;UNIDAD;1;UNIDAD;UNIDAD x 1 UND;1;1;1
PRD00913;PANETON MINI CHOCO GLORIA BOLSA 90 GR;UND;;PRD00913;;PANETON MINI CHOCO GLORIA BOLSA 90 GR;BOLSA;1;BOLSA;BOLSA x 1 UND;1;1;1
PRD00914;PANETON (PANETONCITO) DONOFRIO BOLSA 80 GR;UND;;PRD00914;;PANETON (PANETONCITO) DONOFRIO BOLSA 80 GR;UNIDAD;1;UNIDAD;UNIDAD x 1 UND;1;1;1
PRD00915;PAN BLANCO XL EXTRA GRANDE BIMBO 770 GR;KG;;PRD00915;;PAN BLANCO XL EXTRA GRANDE BIMBO 770 GR;BOLSA;0.77;BOLSA;BOLSA x 0.77 KG;1;1;1
PRD00916;TORTILLA CLASICA BIMBO X 12 UNIDS (EMER);UND;;PRD00916;;TORTILLA CLASICA BIMBO X 12 UNIDS (EMER);BOLSA;12;BOLSA;BOLSA x 12 UND;1;1;1
PRD00917;PANETON EN BOLSA DOYPACK WINTERS 850 GR;KG;;PRD00917;;PANETON EN BOLSA DOYPACK WINTERS 850 GR;BOLSA;0.85;BOLSA;BOLSA x 0.85 KG;1;1;1
PRD00918;PURATOS EASY CIABATTA 10 KG;KG;;PRD00918;;PURATOS EASY CIABATTA 10 KG;BOLSA;10;BOLSA;BOLSA x 10 KG;1;1;1
PRD00919;PURATOS EASY PAN FIBRA 10 KG;KG;;PRD00919;;PURATOS EASY PAN FIBRA 10 KG;BOLSA;10;BOLSA;BOLSA x 10 KG;1;1;1
PRD00920;PANETON EN BOLSA 800 GR COSTA;UND;;PRD00920;;PANETON EN BOLSA 800 GR COSTA;BOLSA;1;BOLSA;BOLSA x 1 UND;1;1;1
PRD00921;PANETON EN CAJA 900 GR COSTA;UND;;PRD00921;;PANETON EN CAJA 900 GR COSTA;CAJA;1;CAJA;CAJA x 1 UND;1;1;1
PRD00922;PANELA GRANULADA 1KG;KG;;PRD00922;;PANELA GRANULADA 1KG;KILOGRAMO;1;KILOGRAMO;KILOGRAMO x 1 KG;1;1;1
PRD00923;PURATOS EASY PAN SUAVE 10 KG;KG;;PRD00923;;PURATOS EASY PAN SUAVE 10 KG;BOLSA;10;BOLSA;BOLSA x 10 KG;1;1;1
PRD00924;ENROLLADO DE CHANCHO A LA CAJA CHINA (CILINDRO);UND;;PRD00924;;ENROLLADO DE CHANCHO A LA CAJA CHINA (CILINDRO);UNIDAD;1;UNIDAD;UNIDAD x 1 UND;1;1;1
PRD00925;PANELA GRANULADA ONZA 1 KG;KG;;PRD00925;;PANELA GRANULADA ONZA 1 KG;KILOGRAMO;1;KILOGRAMO;KILOGRAMO x 1 KG;1;1;1
PRD00926;PANETON BARLETTA CAJA 900 GR;UND;;PRD00926;;PANETON BARLETTA CAJA 900 GR;CAJA;1;CAJA;CAJA x 1 UND;1;1;1
PRD00927;PANETON EN CAJA 90 GR BARLETTA CHOCOCHISPAS;UND;;PRD00927;;PANETON EN CAJA 90 GR BARLETTA CHOCOCHISPAS;CAJA;1;CAJA;CAJA x 1 UND;1;1;1
PRD00928;PANETON GLORIA BOLSA 900 GR;KG;;PRD00928;;PANETON GLORIA BOLSA 900 GR;BOLSA;0.9;BOLSA;BOLSA x 0.9 KG;1;1;1
PRD00929;COBERTURA CHOCOLATE BLANCO 600 GR;KG;;PRD00929;;COBERTURA CHOCOLATE BLANCO 600 GR;GRANO;0.25;GRANO;GRANO x 0.25 KG;1;1;1
PRD00930;MUFFIN DE PLATANO GYM (CONGELADO);UND;;PRD00930;;MUFFIN DE PLATANO GYM (CONGELADO);UNIDAD;1;UNIDAD;UNIDAD x 1 UND;1;1;1
PRD00931;BROWNIE DE CHOCOLATE CON COBERTURA GYM (CONGELADO);UND;;PRD00931;;BROWNIE DE CHOCOLATE CON COBERTURA GYM (CONGELADO);BOLSA;1;BOLSA;BOLSA x 1 UND;1;1;1
PRD00932;KEKE BIMBOLETE MARMOLEADO 02 UND 70 GR;UND;;PRD00932;;KEKE BIMBOLETE MARMOLEADO 02 UND 70 GR;UNIDAD;1;UNIDAD;UNIDAD x 1 UND;1;1;1
PRD00933;KEKE BIMBOLETE VAINILA 02 UND 70 GR;UND;;PRD00933;;KEKE BIMBOLETE VAINILA 02 UND 70 GR;UNIDAD;1;UNIDAD;UNIDAD x 1 UND;1;1;1
PRD00934;KEKE BIMBOLETE MARMOLEADO 55 GR;UND;;PRD00934;;KEKE BIMBOLETE MARMOLEADO 55 GR;UNIDAD;1;UNIDAD;UNIDAD x 1 UND;1;1;1
PRD00935;CREMA DE LECHE GLORIA 946 CC;L;;PRD00935;;CREMA DE LECHE GLORIA 946 CC;BOLSA;0.9;BOLSA;BOLSA x 0.9 L;1;1;1
PRD00936;CREMA DE LECHE LAIVE 946 ML;L;;PRD00936;;CREMA DE LECHE LAIVE 946 ML;BOLSA;0.946;BOLSA;BOLSA x 0.946 L;1;1;1
PRD00937;ESPINAZO DE POLLO CONGELAD0;KG;;PRD00937;;ESPINAZO DE POLLO CONGELAD0;KILOGRAMO;1;KILOGRAMO;KILOGRAMO x 1 KG;1;1;1
PRD00938;CHALONA;KG;;PRD00938;;CHALONA;KILOGRAMO;1;KILOGRAMO;KILOGRAMO x 1 KG;1;1;1
PRD00939;GLUTEN LEVAPAN 1 KG;KG;;PRD00939;;GLUTEN LEVAPAN 1 KG;BOLSA;1;BOLSA;BOLSA x 1 KG;1;1;1
PRD00940;FUDGE DE CHOCOLATE BAZO VELARDE 550 GR;KG;;PRD00940;;FUDGE DE CHOCOLATE BAZO VELARDE 550 GR;BOTELLA;0.55;BOTELLA;BOTELLA x 0.55 KG;1;1;1
PRD00941;COLORANTE AMARILLO LIMON LEVAPAN 250 ML;L;;PRD00941;;COLORANTE AMARILLO LIMON LEVAPAN 250 ML;FRASCO;0.25;FRASCO;FRASCO x 0.25 L;1;1;1
PRD00942;MANTECA VEGETAL DE PALMA LA FAMOSA 10 KG (EMER);KG;;PRD00942;;MANTECA VEGETAL DE PALMA LA FAMOSA 10 KG (EMER);UNIDAD;10;UNIDAD;UNIDAD x 10 KG;1;1;1
PRD00943;ESCENCIA DE PLATANO ELEZAN 90 ML;L;;PRD00943;;ESCENCIA DE PLATANO ELEZAN 90 ML;FRASCO;0.09;FRASCO;FRASCO x 0.09 L;1;1;1
PRD00944;HELADO BASE VAINILLA GLORIA 946 ML;L;;PRD00944;;HELADO BASE VAINILLA GLORIA 946 ML;BOLSA;0.946;BOLSA;BOLSA x 0.946 L;1;1;1
PRD00945;HELADO BASE CHOCOLATE GLORIA 946 ML;L;;PRD00945;;HELADO BASE CHOCOLATE GLORIA 946 ML;BOLSA;0.946;BOLSA;BOLSA x 0.946 L;1;1;1
PRD00946;PUDIN DE VAINILLA UNIVERSAL 100 GR;KG;;PRD00946;;PUDIN DE VAINILLA UNIVERSAL 100 GR;BOLSA;0.1;BOLSA;BOLSA x 0.1 KG;1;1;1
PRD00947;PUDIN DE CHOCOLATE UNIVERSAL 100 GR;KG;;PRD00947;;PUDIN DE CHOCOLATE UNIVERSAL 100 GR;BOLSA;0.1;BOLSA;BOLSA x 0.1 KG;1;1;1
PRD00948;GELATINA DE NARANJA UNIVERSAL 150 GR/130 GR;KG;;PRD00948;;GELATINA DE NARANJA UNIVERSAL 150 GR/130 GR;BOLSA;0.15;BOLSA;BOLSA x 0.15 KG;1;1;1
PRD00949;FLAN DE VAINILLA UNIVERSAL 150 GR;KG;;PRD00949;;FLAN DE VAINILLA UNIVERSAL 150 GR;BOLSA;0.15;BOLSA;BOLSA x 0.15 KG;1;1;1
PRD00950;ESCENCIA DE LUCUMA ELEZAN 90 ML;L;;PRD00950;;ESCENCIA DE LUCUMA ELEZAN 90 ML;FRASCO;0.09;FRASCO;FRASCO x 0.09 L;1;1;1
PRD00951;FLAN DE VAINILLA MELOSITA 5 KG;KG;;PRD00951;;FLAN DE VAINILLA MELOSITA 5 KG;BOLSA;5;BOLSA;BOLSA x 5 KG;1;1;1
PRD00952;COBERTURA BITTER PURATOS 10 KG;KG;;PRD00952;;COBERTURA BITTER PURATOS 10 KG;CAJA;10;CAJA;CAJA x 10 KG;1;1;1
PRD00953;CHOCOLATE BLANCO COBERTURA NEGUSA 600 GR;KG;;PRD00953;;CHOCOLATE BLANCO COBERTURA NEGUSA 600 GR;CAJA;0.6;CAJA;CAJA x 0.6 KG;1;1;1
PRD00954;PREMEZCLA INVENTIS BIZCOCHUELO TRES LECHES 5 KG;KG;;PRD00954;;PREMEZCLA INVENTIS BIZCOCHUELO TRES LECHES 5 KG;BOLSA;5;BOLSA;BOLSA x 5 KG;1;1;1
PRD00955;PREMEZCLA INVENTIS CHIFFON 5 KG;KG;;PRD00955;;PREMEZCLA INVENTIS CHIFFON 5 KG;BOLSA;5;BOLSA;BOLSA x 5 KG;1;1;1
PRD00956;PREMEZCLA INVENTIS TORTA DE CHOCOLATE INTENSO 10 KG;KG;;PRD00956;;PREMEZCLA INVENTIS TORTA DE CHOCOLATE INTENSO 10 KG;SACO;10;SACO;SACO x 10 KG;1;1;1
PRD00957;GELATINA SABOR FRESA IFF 1KG;KG;;PRD00957;;GELATINA SABOR FRESA IFF 1KG;BOLSA;1;BOLSA;BOLSA x 1 KG;1;1;1
PRD00958;GELATINA SABOR NARANJA IFF 1KG;KG;;PRD00958;;GELATINA SABOR NARANJA IFF 1KG;BOLSA;1;BOLSA;BOLSA x 1 KG;1;1;1
PRD00959;GELATINA SABOR PIÑA IFF 1KG;KG;;PRD00959;;GELATINA SABOR PIÑA IFF 1KG;BOLSA;1;BOLSA;BOLSA x 1 KG;1;1;1
PRD00960;GELATINA SABOR FRAMBUESA IFF 1KG;KG;;PRD00960;;GELATINA SABOR FRAMBUESA IFF 1KG;BOLSA;1;BOLSA;BOLSA x 1 KG;1;1;1
PRD00961;GELATINA SABOR LIMON IFF 1KG;KG;;PRD00961;;GELATINA SABOR LIMON IFF 1KG;BOLSA;1;BOLSA;BOLSA x 1 KG;1;1;1
PRD00962;GELATINA SABOR UVA IFF 1KG;KG;;PRD00962;;GELATINA SABOR UVA IFF 1KG;BOLSA;1;BOLSA;BOLSA x 1 KG;1;1;1
PRD00963;ESCENCIA DE VAINILLA UMSHA 1 LT PET;L;;PRD00963;;ESCENCIA DE VAINILLA UMSHA 1 LT PET;BOTELLA;1;BOTELLA;BOTELLA x 1 L;1;1;1
PRD00964;COBERTURA GOTAS BITTER NEGUSA 1 KG;KG;;PRD00964;;COBERTURA GOTAS BITTER NEGUSA 1 KG;BOLSA;1;BOLSA;BOLSA x 1 KG;1;1;1
PRD00965;AZUCAR IMPALPABLE NEGUSA 1 KG;KG;;PRD00965;;AZUCAR IMPALPABLE NEGUSA 1 KG;BOLSA;1;BOLSA;BOLSA x 1 KG;1;1;1
PRD00966;LEVADURA INSTANTANEA SAF INSTANT DORADA 500 GR;KG;;PRD00966;;LEVADURA INSTANTANEA SAF INSTANT DORADA 500 GR;BOLSA;0.5;BOLSA;BOLSA x 0.5 KG;1;1;1
PRD00967;POLVO DE HORNEAR LESAFFRE INVENTIS 5 KG;KG;;PRD00967;;POLVO DE HORNEAR LESAFFRE INVENTIS 5 KG;BOLSA;5;BOLSA;BOLSA x 5 KG;1;1;1
PRD00968;COLORANTE FRATELLO LIQUIDO AMARILLO HUEVO 250 ML;L;;PRD00968;;COLORANTE FRATELLO LIQUIDO AMARILLO HUEVO 250 ML;FRASCO;0.25;FRASCO;FRASCO x 0.25 L;1;1;1
PRD00969;PUDIN DE CHOCOLATE ROYAL 110 GR;KG;;PRD00969;;PUDIN DE CHOCOLATE ROYAL 110 GR;BOLSA;0.11;BOLSA;BOLSA x 0.11 KG;1;1;1
PRD00970;LEVADURA INSTANTANEA MAURIPAN 500 GR (EMER);KG;;PRD00970;;LEVADURA INSTANTANEA MAURIPAN 500 GR (EMER);BOLSA;0.5;BOLSA;BOLSA x 0.5 KG;1;1;1
PRD00971;COBERTURA BITTER OBLEAS NEGUSA 1 KG;KG;;PRD00971;;COBERTURA BITTER OBLEAS NEGUSA 1 KG;BOLSA;1;BOLSA;BOLSA x 1 KG;1;1;1
PRD00972;BICARBONATO DE SODIO ELYMAR 250 GR;KG;;PRD00972;;BICARBONATO DE SODIO ELYMAR 250 GR;BOLSA;0.25;BOLSA;BOLSA x 0.25 KG;1;1;1
PRD00973;AZUCAR IMPALPABLE NEGUSA 1 KG - UNIDAD;KG;;PRD00973;;AZUCAR IMPALPABLE NEGUSA 1 KG - UNIDAD;BOLSA;1;BOLSA;BOLSA x 1 KG;1;1;1
PRD00974;LEVADURA INSTANTANEA FLEISCHMANN 500 GR (EMER);KG;;PRD00974;;LEVADURA INSTANTANEA FLEISCHMANN 500 GR (EMER);BOLSA;0.5;BOLSA;BOLSA x 0.5 KG;1;1;1
PRD00975;PREMEZCLA INVENTIS GOLD CAKE 5 KG;KG;;PRD00975;;PREMEZCLA INVENTIS GOLD CAKE 5 KG;BOLSA;5;BOLSA;BOLSA x 5 KG;1;1;1
PRD00976;JARABE FRUTTIGEL CHOCOLATE 1 KG;KG;;PRD00976;;JARABE FRUTTIGEL CHOCOLATE 1 KG;BOLSA;1;BOLSA;BOLSA x 1 KG;1;1;1
PRD00977;JARABE FRUTTIGEL FRESA 1 KG;KG;;PRD00977;;JARABE FRUTTIGEL FRESA 1 KG;BOLSA;1;BOLSA;BOLSA x 1 KG;1;1;1
PRD00978;JARABE FRUTTIGEL DURAZNO 1 KG;KG;;PRD00978;;JARABE FRUTTIGEL DURAZNO 1 KG;BOLSA;1;BOLSA;BOLSA x 1 KG;1;1;1
PRD00979;JARABE FRUTTIGEL GUANABANA 1 KG;KG;;PRD00979;;JARABE FRUTTIGEL GUANABANA 1 KG;BOLSA;1;BOLSA;BOLSA x 1 KG;1;1;1
PRD00980;LEVADURA INSTANTANEA OKEDO INSTANT 500 GR;KG;;PRD00980;;LEVADURA INSTANTANEA OKEDO INSTANT 500 GR;BOLSA;0.5;BOLSA;BOLSA x 0.5 KG;1;1;1
PRD00981;LEVADURA INSTANTANEA NICOLLINI 500 GR (EMER);KG;;PRD00981;;LEVADURA INSTANTANEA NICOLLINI 500 GR (EMER);BOLSA;0.5;BOLSA;BOLSA x 0.5 KG;1;1;1
PRD00982;ESENCIA DE PANETON FRATELLO 500 CC;L;;PRD00982;;ESENCIA DE PANETON FRATELLO 500 CC;FRASCO;0.5;FRASCO;FRASCO x 0.5 L;1;1;1
PRD00983;JARABE FRUTTIGEL BRILLO NEUTRO 1 KG;KG;;PRD00983;;JARABE FRUTTIGEL BRILLO NEUTRO 1 KG;BOLSA;1;BOLSA;BOLSA x 1 KG;1;1;1
PRD00984;MEJORADOR DE MASA FLEISCHMAN 5 KG (EMER);KG;;PRD00984;;MEJORADOR DE MASA FLEISCHMAN 5 KG (EMER);BOLSA;5;BOLSA;BOLSA x 5 KG;1;1;1
PRD00985;POLVO DE HORNEAR FLEISCHMAN 5 KG (EMER);KG;;PRD00985;;POLVO DE HORNEAR FLEISCHMAN 5 KG (EMER);SOBRE;5;SOBRE;SOBRE x 5 KG;1;1;1
PRD00986;SNACK PACK PUDDIN DEVAINILLA X 4PK;UND;;PRD00986;;SNACK PACK PUDDIN DEVAINILLA X 4PK;BOLSA;1;BOLSA;BOLSA x 1 UND;1;1;1
PRD00987;GELATINA SABOR LIMON MACROFOOD 1KG;KG;;PRD00987;;GELATINA SABOR LIMON MACROFOOD 1KG;BOLSA;1;BOLSA;BOLSA x 1 KG;1;1;1
PRD00988;GELATINA SABOR FRESA MACROFOOD 1KG;KG;;PRD00988;;GELATINA SABOR FRESA MACROFOOD 1KG;BOLSA;1;BOLSA;BOLSA x 1 KG;1;1;1
PRD00989;GELATINA SABOR NARANJA MACROFOOD 1KG;KG;;PRD00989;;GELATINA SABOR NARANJA MACROFOOD 1KG;BOLSA;1;BOLSA;BOLSA x 1 KG;1;1;1
PRD00990;GELATINA SABOR PIÑA MACROFOOD 1KG;KG;;PRD00990;;GELATINA SABOR PIÑA MACROFOOD 1KG;BOLSA;1;BOLSA;BOLSA x 1 KG;1;1;1
PRD00991;GELATINA SABOR NARANJA BAJA EN CALORIAS MACROFOOD 1KG;KG;;PRD00991;;GELATINA SABOR NARANJA BAJA EN CALORIAS MACROFOOD 1KG;BOLSA;1;BOLSA;BOLSA x 1 KG;1;1;1
PRD00992;GELATINA SABOR PIÑA BAJA EN CALORIAS MACROFOOD 1KG;KG;;PRD00992;;GELATINA SABOR PIÑA BAJA EN CALORIAS MACROFOOD 1KG;BOLSA;1;BOLSA;BOLSA x 1 KG;1;1;1
PRD00993;GELATINA SABOR FRESA BAJO EN CALORIAS MACROFOOD 1KG;KG;;PRD00993;;GELATINA SABOR FRESA BAJO EN CALORIAS MACROFOOD 1KG;BOLSA;1;BOLSA;BOLSA x 1 KG;1;1;1
PRD00994;PUDIN DE CHOCOLATE MACROFOOD 1KG;KG;;PRD00994;;PUDIN DE CHOCOLATE MACROFOOD 1KG;BOLSA;1;BOLSA;BOLSA x 1 KG;1;1;1
PRD00995;PUDIN DE VAINILLA MACROFOOD 1KG;KG;;PRD00995;;PUDIN DE VAINILLA MACROFOOD 1KG;BOLSA;1;BOLSA;BOLSA x 1 KG;1;1;1
PRD00996;PUDIN DE COCO MACROFOOD 1KG;KG;;PRD00996;;PUDIN DE COCO MACROFOOD 1KG;BOLSA;1;BOLSA;BOLSA x 1 KG;1;1;1
PRD00997;COLORANTE FRATELLO LIQUIDO AMARILLO HUEVO 250 ML (EMER);L;;PRD00997;;COLORANTE FRATELLO LIQUIDO AMARILLO HUEVO 250 ML (EMER);FRASCO;0.25;FRASCO;FRASCO x 0.25 L;1;1;1
PRD00998;COLORANTE FRATELLO LIQUIDO ROJA BANDERA 250 ML (EMER);L;;PRD00998;;COLORANTE FRATELLO LIQUIDO ROJA BANDERA 250 ML (EMER);FRASCO;0.25;FRASCO;FRASCO x 0.25 L;1;1;1
PRD00999;CREMA CHANTILLY PRIMAVERA 1 LT;L;;PRD00999;;CREMA CHANTILLY PRIMAVERA 1 LT;CAJA;1;CAJA;CAJA x 1 L;1;1;1
PRD01000;CREMA CHANTIPACK PURATOS 1LT;L;;PRD01000;;CREMA CHANTIPACK PURATOS 1LT;CAJA;1;CAJA;CAJA x 1 L;1;1;1
PRD01001;PURATOS TEGRAL CHIFFON 10 KG;KG;;PRD01001;;PURATOS TEGRAL CHIFFON 10 KG;BOLSA;10;BOLSA;BOLSA x 10 KG;1;1;1
PRD01002;PURATOS TEGRAL BIZCOCHUELO TRES LECHES 10 KG;KG;;PRD01002;;PURATOS TEGRAL BIZCOCHUELO TRES LECHES 10 KG;BOLSA;10;BOLSA;BOLSA x 10 KG;1;1;1
PRD01003;PURATOS TEGRAL KEKE VAINILLA 10 KG;KG;;PRD01003;;PURATOS TEGRAL KEKE VAINILLA 10 KG;BOLSA;10;BOLSA;BOLSA x 10 KG;1;1;1
PRD01004;COLAPIZ EN POLVO TOÑA 1 KG;KG;;PRD01004;;COLAPIZ EN POLVO TOÑA 1 KG;BOLSA;1;BOLSA;BOLSA x 1 KG;1;1;1
PRD01005;PUDIN DE VAINILLA MAS VENTAS 5 KG;KG;;PRD01005;;PUDIN DE VAINILLA MAS VENTAS 5 KG;BOLSA;5;BOLSA;BOLSA x 5 KG;1;1;1
PRD01006;GELATINA DE LIMON MAS VENTAS DULCIMAS 5 KG;KG;;PRD01006;;GELATINA DE LIMON MAS VENTAS DULCIMAS 5 KG;BOLSA;5;BOLSA;BOLSA x 5 KG;1;1;1
PRD01007;GUINDONES SIN PEPA TOÑA 250 GR;KG;;PRD01007;;GUINDONES SIN PEPA TOÑA 250 GR;BOLSA;0.25;BOLSA;BOLSA x 0.25 KG;1;1;1
PRD01008;FLAN DE CHOCOLATE CEYLAN 5 KG;KG;;PRD01008;;FLAN DE CHOCOLATE CEYLAN 5 KG;BOLSA;5;BOLSA;BOLSA x 5 KG;1;1;1
PRD01009;E - CREMA CHANTILLY FLEICHMANN 1 LT;L;;PRD01009;;E - CREMA CHANTILLY FLEICHMANN 1 LT;CAJA;1;CAJA;CAJA x 1 L;1;1;1
PRD01010;GELATINA SABOR NARANJA QUIMTIA 1KG;KG;;PRD01010;;GELATINA SABOR NARANJA QUIMTIA 1KG;BOLSA;1;BOLSA;BOLSA x 1 KG;1;1;1
PRD01011;GELATINA SABOR PIÑA QUIMTIA 1KG;KG;;PRD01011;;GELATINA SABOR PIÑA QUIMTIA 1KG;BOLSA;1;BOLSA;BOLSA x 1 KG;1;1;1
PRD01012;GELATINA SABOR FRESA QUIMTIA 1KG;KG;;PRD01012;;GELATINA SABOR FRESA QUIMTIA 1KG;BOLSA;1;BOLSA;BOLSA x 1 KG;1;1;1
PRD01013;DULCERIO TRES LECHES X 1 LT;L;;PRD01013;;DULCERIO TRES LECHES X 1 LT;CAJA;1;CAJA;CAJA x 1 L;1;1;1
PRD01014;PURATOS T. TORTA DE CHOCOLATE X 10 KG;KG;;PRD01014;;PURATOS T. TORTA DE CHOCOLATE X 10 KG;SACO;10;SACO;SACO x 10 KG;1;1;1
PRD01015;CREMF.CLASSIC BAUNILHA X 4.5;KG;;PRD01015;;CREMF.CLASSIC BAUNILHA X 4.5;BALDE;4.5;BALDE;BALDE x 4.5 KG;1;1;1
PRD01016;CREMF.CLASSIC COCO X 4.5;KG;;PRD01016;;CREMF.CLASSIC COCO X 4.5;BALDE;4.5;BALDE;BALDE x 4.5 KG;1;1;1
PRD01017;BELCO CHIPS BITTER X5 KG B GRAINS;KG;;PRD01017;;BELCO CHIPS BITTER X5 KG B GRAINS;BOLSA;5;BOLSA;BOLSA x 5 KG;1;1;1
PRD01018;MERENGUE EN POLVO X 5KG;KG;;PRD01018;;MERENGUE EN POLVO X 5KG;SACO;5;SACO;SACO x 5 KG;1;1;1
PRD01019;AZUCAR IMPALPABLE LA NEGRITA 5 KG;UND;;PRD01019;;AZUCAR IMPALPABLE LA NEGRITA 5 KG;BOLSA;1;BOLSA;BOLSA x 1 UND;1;1;1
PRD01020;GELATINA DE FRESA UNIVERSAL 150 GR/130 GR;KG;;PRD01020;;GELATINA DE FRESA UNIVERSAL 150 GR/130 GR;BOLSA;0.15;BOLSA;BOLSA x 0.15 KG;1;1;1
PRD01021;MEJORADOR DE MASA MAGIMIX AMARILLO LESAFRE 5 KG;KG;;PRD01021;;MEJORADOR DE MASA MAGIMIX AMARILLO LESAFRE 5 KG;BOLSA;5;BOLSA;BOLSA x 5 KG;1;1;1
PRD01022;LEVADURA INSTANTANEA MAURIPAN 500 GR;KG;;PRD01022;;LEVADURA INSTANTANEA MAURIPAN 500 GR;BOLSA;0.5;BOLSA;BOLSA x 0.5 KG;1;1;1
PRD01023;GELATINA DE FRESA LEAL 5 KG;KG;;PRD01023;;GELATINA DE FRESA LEAL 5 KG;BOLSA;5;BOLSA;BOLSA x 5 KG;1;1;1
PRD01024;GELATINA DE NARANJA LEAL 5 KG;KG;;PRD01024;;GELATINA DE NARANJA LEAL 5 KG;BOLSA;5;BOLSA;BOLSA x 5 KG;1;1;1
PRD01025;POLVO DE HORNEAR FLEICHMANN 1 KG;KG;;PRD01025;;POLVO DE HORNEAR FLEICHMANN 1 KG;SOBRE;1;SOBRE;SOBRE x 1 KG;1;1;1
PRD01026;LECHE CONDENSADA NESTLE 393 GR;KG;;PRD01026;;LECHE CONDENSADA NESTLE 393 GR;LATA;0.393;LATA;LATA x 0.393 KG;1;1;1
PRD01027;FLAN DE VAINILLA CEYLAN 5 KG;KG;;PRD01027;;FLAN DE VAINILLA CEYLAN 5 KG;BOLSA;5;BOLSA;BOLSA x 5 KG;1;1;1
PRD01028;BICARBONATO DE SODIO 4 ESTACIONES 250 GR;KG;;PRD01028;;BICARBONATO DE SODIO 4 ESTACIONES 250 GR;BOLSA;0.25;BOLSA;BOLSA x 0.25 KG;1;1;1
PRD01029;COLAPIZ EN POLVO 4 ESTACIONES 1 KG;KG;;PRD01029;;COLAPIZ EN POLVO 4 ESTACIONES 1 KG;BOLSA;1;BOLSA;BOLSA x 1 KG;1;1;1
PRD01030;COLAPIZ EN POLVO 4 ESTACIONES 250 GR;KG;;PRD01030;;COLAPIZ EN POLVO 4 ESTACIONES 250 GR;BOLSA;0.25;BOLSA;BOLSA x 0.25 KG;1;1;1
PRD01031;COLAPIZ EN POLVO 4 ESTACIONES 500 GR;KG;;PRD01031;;COLAPIZ EN POLVO 4 ESTACIONES 500 GR;BOLSA;0.5;BOLSA;BOLSA x 0.5 KG;1;1;1
PRD01032;GRAJEA DE PANADERIA 4 ESTACIONES 1 KG;KG;;PRD01032;;GRAJEA DE PANADERIA 4 ESTACIONES 1 KG;BOLSA;1;BOLSA;BOLSA x 1 KG;1;1;1
PRD01033;MEJORADOR DE MASA IBIS KG;UND;;PRD01033;;MEJORADOR DE MASA IBIS KG;BOLSA;1;BOLSA;BOLSA x 1 UND;1;1;1
PRD01034;FLAN DE VAINILLA LEAL 5 KG;KG;;PRD01034;;FLAN DE VAINILLA LEAL 5 KG;BOLSA;5;BOLSA;BOLSA x 5 KG;1;1;1
PRD01035;GELATINA DE PIÑA UNIVERSAL 150 GR/130 GR;KG;;PRD01035;;GELATINA DE PIÑA UNIVERSAL 150 GR/130 GR;BOLSA;0.15;BOLSA;BOLSA x 0.15 KG;1;1;1
PRD01036;MEJORADOR DE MASA FLEISCHMANN 5 KGM;KG;;PRD01036;;MEJORADOR DE MASA FLEISCHMANN 5 KGM;BOLSA;5;BOLSA;BOLSA x 5 KG;1;1;1
PRD01037;COLORANTE FRATELLO LIQUIDO VERDE HOJA 250 ML;L;;PRD01037;;COLORANTE FRATELLO LIQUIDO VERDE HOJA 250 ML;FRASCO;0.25;FRASCO;FRASCO x 0.25 L;1;1;1
PRD01038;COLORANTE FRATELLO LIQUIDO AMARILLO LIMON 250 ML;L;;PRD01038;;COLORANTE FRATELLO LIQUIDO AMARILLO LIMON 250 ML;FRASCO;0.25;FRASCO;FRASCO x 0.25 L;1;1;1
PRD01039;COLORANTE FRATELLO LIQUIDO ROJA BANDERA 250 ML;L;;PRD01039;;COLORANTE FRATELLO LIQUIDO ROJA BANDERA 250 ML;FRASCO;0.25;FRASCO;FRASCO x 0.25 L;1;1;1
PRD01040;MEJORADOR MASA STARPAN LEVAPAN 5 KG;KG;;PRD01040;;MEJORADOR MASA STARPAN LEVAPAN 5 KG;BOLSA;5;BOLSA;BOLSA x 5 KG;1;1;1
PRD01041;MEJORADOR MASA STARPAN LEVAPAN 1 KG;KG;;PRD01041;;MEJORADOR MASA STARPAN LEVAPAN 1 KG;BOLSA;1;BOLSA;BOLSA x 1 KG;1;1;1
PRD01042;ESCENCIA DE NARANJA SOLUBLE FRATELLO 250 ML PET;L;;PRD01042;;ESCENCIA DE NARANJA SOLUBLE FRATELLO 250 ML PET;BOTELLA;0.25;BOTELLA;BOTELLA x 0.25 L;1;1;1
PRD01043;PURATOS T. TORTA DE CHOCOLATE EXTREMO X 10 KG;KG;;PRD01043;;PURATOS T. TORTA DE CHOCOLATE EXTREMO X 10 KG;SACO;10;SACO;SACO x 10 KG;1;1;1
PRD01044;SNACK PACK PUDDIN DE CHOCOLATE X 4PK;UND;;PRD01044;;SNACK PACK PUDDIN DE CHOCOLATE X 4PK;BOLSA;1;BOLSA;BOLSA x 1 UND;1;1;1
PRD01045;VINAGRE BLANCO A-1 1 LT;L;;PRD01045;;VINAGRE BLANCO A-1 1 LT;GALON;1;GALON;GALON x 1 L;1;1;1
PRD01046;VINAGRE TINTO FANNY 500 ML;L;;PRD01046;;VINAGRE TINTO FANNY 500 ML;BOTELLA;0.5;BOTELLA;BOTELLA x 0.5 L;1;1;1
PRD01047;VINAGRE BLANCO FANNY 500 ML;L;;PRD01047;;VINAGRE BLANCO FANNY 500 ML;BOTELLA;0.5;BOTELLA;BOTELLA x 0.5 L;1;1;1
PRD01048;VINAGRE TINTO A-1 4 LT;L;;PRD01048;;VINAGRE TINTO A-1 4 LT;GALON;4;GALON;GALON x 4 L;1;1;1
PRD01049;PASTA DE TOMATE B&D 3.20 KG;KG;;PRD01049;;PASTA DE TOMATE B&D 3.20 KG;LATA;3.2;LATA;LATA x 3.2 KG;1;1;1
PRD01050;MAYONESA BASE MACBEL 4 LT (E);L;;PRD01050;;MAYONESA BASE MACBEL 4 LT (E);CAJA;4;CAJA;CAJA x 4 L;1;1;1
PRD01051;SALSA SILLAU TRESA 3.8 LT;L;;PRD01051;;SALSA SILLAU TRESA 3.8 LT;GALON;3.8;GALON;GALON x 3.8 L;1;1;1
PRD01052;VINAGRE BLANCO TRESA 3.8 LT;L;;PRD01052;;VINAGRE BLANCO TRESA 3.8 LT;GALON;3.8;GALON;GALON x 3.8 L;1;1;1
PRD01053;VINAGRE TINTO TRESA 3.8 LT;L;;PRD01053;;VINAGRE TINTO TRESA 3.8 LT;GALON;3.8;GALON;GALON x 3.8 L;1;1;1
PRD01054;PASTA DE TOMATE EMIC 1 KG;KG;;PRD01054;;PASTA DE TOMATE EMIC 1 KG;BOLSA;1;BOLSA;BOLSA x 1 KG;1;1;1
PRD01055;SALSA DE AJI CASERO TRESA 8/10 GR;UND;;PRD01055;;SALSA DE AJI CASERO TRESA 8/10 GR;SACHET;1;SACHET;SACHET x 1 UND;1;1;1
PRD01056;SALSA OSTION HADAY 700 ML (VIDRIO);L;;PRD01056;;SALSA OSTION HADAY 700 ML (VIDRIO);FRASCO;0.7;FRASCO;FRASCO x 0.7 L;1;1;1
PRD01057;SALSA AJI TARI 10/8GR;UND;;PRD01057;;SALSA AJI TARI 10/8GR;SACHET;1;SACHET;SACHET x 1 UND;1;1;1
PRD01058;SALSA AJI TARI 10/8 GR SACHET;UND;;PRD01058;;SALSA AJI TARI 10/8 GR SACHET;SACHET;1;SACHET;SACHET x 1 UND;1;1;1
PRD01059;SALSA OSTION HADAY X 260 ML;L;;PRD01059;;SALSA OSTION HADAY X 260 ML;FRASCO;0.26;FRASCO;FRASCO x 0.26 L;1;1;1
PRD01060;SALSA OSTION HADAY X 260 ML - UNIDAD;L;;PRD01060;;SALSA OSTION HADAY X 260 ML - UNIDAD;FRASCO;0.26;FRASCO;FRASCO x 0.26 L;1;1;1
PRD01061;SALSA OSTION HADAY X 250 ML;L;;PRD01061;;SALSA OSTION HADAY X 250 ML;FRASCO;0.25;FRASCO;FRASCO x 0.25 L;1;1;1
PRD01062;SALSA OSTION JADE BRIDGE 250 ML;L;;PRD01062;;SALSA OSTION JADE BRIDGE 250 ML;FRASCO;0.25;FRASCO;FRASCO x 0.25 L;1;1;1
PRD01063;SALSA SILLAO LOPESA 5 LT;L;;PRD01063;;SALSA SILLAO LOPESA 5 LT;GALON;5;GALON;GALON x 5 L;1;1;1
PRD01064;VINAGRE BALSAMICO LUREN 5 LT PET (EMER);L;;PRD01064;;VINAGRE BALSAMICO LUREN 5 LT PET (EMER);BIDON;5;BIDON;BIDON x 5 L;1;1;1
PRD01065;SALSA OSTION NAKAMITO 270 ML (EMER);L;;PRD01065;;SALSA OSTION NAKAMITO 270 ML (EMER);FRASCO;0.27;FRASCO;FRASCO x 0.27 L;1;1;1
PRD01066;VINAGRE TINTO A-1 1 LT;L;;PRD01066;;VINAGRE TINTO A-1 1 LT;GALON;1;GALON;GALON x 1 L;1;1;1
PRD01067;PASTA DE TOMATE MAGGI 1 KG;KG;;PRD01067;;PASTA DE TOMATE MAGGI 1 KG;SACHET;1;SACHET;SACHET x 1 KG;1;1;1
PRD01068;E - SALSA DE AJI CASERO TRESA 5 GR;UND;;PRD01068;;E - SALSA DE AJI CASERO TRESA 5 GR;SACHET;1;SACHET;SACHET x 1 UND;1;1;1
PRD01069;E - MOSTAZA TRESA PERSONAL 5 GR;UND;;PRD01069;;E - MOSTAZA TRESA PERSONAL 5 GR;SACHET;1;SACHET;SACHET x 1 UND;1;1;1
PRD01070;E - MAYONESA ALACENA PERSONAL 10 GR;UND;;PRD01070;;E - MAYONESA ALACENA PERSONAL 10 GR;SACHET;1;SACHET;SACHET x 1 UND;1;1;1
PRD01071;E - KETCHUP ALACENA SACHET 8 CC;UND;;PRD01071;;E - KETCHUP ALACENA SACHET 8 CC;UNIDAD;1;UNIDAD;UNIDAD x 1 UND;1;1;1
PRD01072;MAYONESA HELLMANS SUAVE 2900 CC;L;;PRD01072;;MAYONESA HELLMANS SUAVE 2900 CC;BOLSA;2.9;BOLSA;BOLSA x 2.9 L;1;1;1
PRD01073;KETCHUP COMPASS 400 GR CHISGUETE;KG;;PRD01073;;KETCHUP COMPASS 400 GR CHISGUETE;SACHET;0.4;SACHET;SACHET x 0.4 KG;1;1;1
PRD01074;SALSA DE AJI TARI 10/8 GR;UND;;PRD01074;;SALSA DE AJI TARI 10/8 GR;SACHET;1;SACHET;SACHET x 1 UND;1;1;1
PRD01075;MAYONESA TRESA PERSONAL 10 GR;UND;;PRD01075;;MAYONESA TRESA PERSONAL 10 GR;SACHET;1;SACHET;SACHET x 1 UND;1;1;1
PRD01076;MOSTAZA TRESA PERSONAL 10 GR;UND;;PRD01076;;MOSTAZA TRESA PERSONAL 10 GR;SACHET;1;SACHET;SACHET x 1 UND;1;1;1
PRD01077;KETCHUP TRESA PERSONAL 10 GR;UND;;PRD01077;;KETCHUP TRESA PERSONAL 10 GR;SACHET;1;SACHET;SACHET x 1 UND;1;1;1
PRD01078;SALSA DE AJI SODEXO 5 GR;UND;;PRD01078;;SALSA DE AJI SODEXO 5 GR;SACHET;1;SACHET;SACHET x 1 UND;1;1;1
PRD01079;SALSA DE ROCOTO SODEXO 5 GR;UND;;PRD01079;;SALSA DE ROCOTO SODEXO 5 GR;SACHET;1;SACHET;SACHET x 1 UND;1;1;1
PRD01080;PASTA DE AJI PANCA RAM 1 KG;KG;;PRD01080;;PASTA DE AJI PANCA RAM 1 KG;BOLSA;1;BOLSA;BOLSA x 1 KG;1;1;1
PRD01081;PASTA DE AJO RAM 1 KG;KG;;PRD01081;;PASTA DE AJO RAM 1 KG;BOLSA;1;BOLSA;BOLSA x 1 KG;1;1;1
PRD01082;PRE ELABORADO RAM BASE ORIENTAL 1 KG;KG;;PRD01082;;PRE ELABORADO RAM BASE ORIENTAL 1 KG;BOLSA;1;BOLSA;BOLSA x 1 KG;1;1;1
PRD01083;SALSA ROCOTO ALACENA 85 GR;KG;;PRD01083;;SALSA ROCOTO ALACENA 85 GR;SACHET;0.085;SACHET;SACHET x 0.085 KG;1;1;1
PRD01084;SALSA DE AJI POLLERO RAM 1 KG;KG;;PRD01084;;SALSA DE AJI POLLERO RAM 1 KG;BOLSA;1;BOLSA;BOLSA x 1 KG;1;1;1
PRD01085;SALSA DE AJI ROCOTO RAM 1 KG;KG;;PRD01085;;SALSA DE AJI ROCOTO RAM 1 KG;BOLSA;1;BOLSA;BOLSA x 1 KG;1;1;1
PRD01086;SALSA DE AJI TARI 85 GR;KG;;PRD01086;;SALSA DE AJI TARI 85 GR;SACHET;0.085;SACHET;SACHET x 0.085 KG;1;1;1
PRD01087;MOSTAZA ALACENA 220 GR;KG;;PRD01087;;MOSTAZA ALACENA 220 GR;SACHET;0.22;SACHET;SACHET x 0.22 KG;1;1;1
PRD01088;KETCHUP DERBY 4 LT;L;;PRD01088;;KETCHUP DERBY 4 LT;BALDE;4;BALDE;BALDE x 4 L;1;1;1
PRD01089;MOSTAZA DERBY 4 KG;KG;;PRD01089;;MOSTAZA DERBY 4 KG;BALDE;4;BALDE;BALDE x 4 KG;1;1;1
PRD01090;VINAGRE BALSAMICO LUREN 5 LT PET;L;;PRD01090;;VINAGRE BALSAMICO LUREN 5 LT PET;BIDON;5;BIDON;BIDON x 5 L;1;1;1
PRD01091;VINAGRE DE MANZANA OLIVOS DEL SUR 4 LT PET;L;;PRD01091;;VINAGRE DE MANZANA OLIVOS DEL SUR 4 LT PET;BOTELLA;4;BOTELLA;BOTELLA x 4 L;1;1;1
PRD01092;SALSA POMODORO EMIC 1 KG;KG;;PRD01092;;SALSA POMODORO EMIC 1 KG;BOLSA;1;BOLSA;BOLSA x 1 KG;1;1;1
PRD01093;SALSA DE AJI ROCOTO EMIC 1 KG;KG;;PRD01093;;SALSA DE AJI ROCOTO EMIC 1 KG;BOLSA;1;BOLSA;BOLSA x 1 KG;1;1;1
PRD01094;AJI DE LA ABUELA EMIC 1 KG;KG;;PRD01094;;AJI DE LA ABUELA EMIC 1 KG;BOLSA;1;BOLSA;BOLSA x 1 KG;1;1;1
PRD01095;AJI LIMEÑO EMIC 1 KG;KG;;PRD01095;;AJI LIMEÑO EMIC 1 KG;BOLSA;1;BOLSA;BOLSA x 1 KG;1;1;1
PRD01096;AJI CRIOLLO (PICADILLO) EMIC 1 KG;KG;;PRD01096;;AJI CRIOLLO (PICADILLO) EMIC 1 KG;BOLSA;1;BOLSA;BOLSA x 1 KG;1;1;1
PRD01097;SALSA BBQ LUREN 510 GRM;KG;;PRD01097;;SALSA BBQ LUREN 510 GRM;FRASCO;0.51;FRASCO;FRASCO x 0.51 KG;1;1;1
PRD01098;SALSA INGLESA LUREN 295 ML;L;;PRD01098;;SALSA INGLESA LUREN 295 ML;FRASCO;0.295;FRASCO;FRASCO x 0.295 L;1;1;1
PRD01099;SALSA INGLESA LUREN 295 ML PET;L;;PRD01099;;SALSA INGLESA LUREN 295 ML PET;BOTELLA;0.295;BOTELLA;BOTELLA x 0.295 L;1;1;1
PRD01100;CHOCOLATE FOCHIS MANI 16 GR;UND;;PRD01100;;CHOCOLATE FOCHIS MANI 16 GR;UNIDAD;1;UNIDAD;UNIDAD x 1 UND;1;1;1
PRD01101;TORTEES PICANTE FRITO LAY 34 GR;KG;;PRD01101;;TORTEES PICANTE FRITO LAY 34 GR;BOLSA;0.034;BOLSA;BOLSA x 0.034 KG;1;1;1
PRD01102;MANI TUBULAR PICANTE KARINTO 42 GR;UND;;PRD01102;;MANI TUBULAR PICANTE KARINTO 42 GR;BOLSA;1;BOLSA;BOLSA x 1 UND;1;1;1
PRD01103;MANI SALADO ENGALLETADO KARINTO 100 GR;UND;;PRD01103;;MANI SALADO ENGALLETADO KARINTO 100 GR;BOLSA;1;BOLSA;BOLSA x 1 UND;1;1;1
PRD01104;HABAS SALADAS KARINTO 18 GR;UND;;PRD01104;;HABAS SALADAS KARINTO 18 GR;BOLSA;1;BOLSA;BOLSA x 1 UND;1;1;1
PRD01105;PIQUEO SNACK FRITO LAY 52 GR;UND;;PRD01105;;PIQUEO SNACK FRITO LAY 52 GR;BOLSA;1;BOLSA;BOLSA x 1 UND;1;1;1
PRD01106;HABAS SALADAS KARINTO 30 GR;UND;;PRD01106;;HABAS SALADAS KARINTO 30 GR;BOLSA;1;BOLSA;BOLSA x 1 UND;1;1;1
PRD01107;DORITOS FRITO QUESO FUEGO LAY 45 GR;UND;;PRD01107;;DORITOS FRITO QUESO FUEGO LAY 45 GR;BOLSA;1;BOLSA;BOLSA x 1 UND;1;1;1
PRD01108;CHIFLES SALADO KARINTO 34 GR;UND;;PRD01108;;CHIFLES SALADO KARINTO 34 GR;UNIDAD;1;UNIDAD;UNIDAD x 1 UND;1;1;1
PRD01109;DORITOS FRITO QUESO ATREVIDO LAY 45 GR;UND;;PRD01109;;DORITOS FRITO QUESO ATREVIDO LAY 45 GR;BOLSA;1;BOLSA;BOLSA x 1 UND;1;1;1
PRD01110;PAPAS LAYS 38 GR;UND;;PRD01110;;PAPAS LAYS 38 GR;BOLSA;1;BOLSA;BOLSA x 1 UND;1;1;1
PRD01111;TOSTITOS REDONDOS 150 GR;UND;;PRD01111;;TOSTITOS REDONDOS 150 GR;UNIDAD;1;UNIDAD;UNIDAD x 1 UND;1;1;1
PRD01112;DORITOS FRITO QUESO ATREVIDO LAY 190 GR;KG;;PRD01112;;DORITOS FRITO QUESO ATREVIDO LAY 190 GR;BOLSA;0.19;BOLSA;BOLSA x 0.19 KG;1;1;1
PRD01113;PAPAS ONDAS LAYS 140 GR;UND;;PRD01113;;PAPAS ONDAS LAYS 140 GR;BOLSA;1;BOLSA;BOLSA x 1 UND;1;1;1
PRD01114;CANCHA CHULPI VILLA NATURA 80 GR;UND;;PRD01114;;CANCHA CHULPI VILLA NATURA 80 GR;BOLSA;1;BOLSA;BOLSA x 1 UND;1;1;1
PRD01115;PAPAS LAYS NATURAL 34 GR;UND;;PRD01115;;PAPAS LAYS NATURAL 34 GR;BOLSA;1;BOLSA;BOLSA x 1 UND;1;1;1
PRD01116;DETODITO MIX FRITO LAY 50 GR;UND;;PRD01116;;DETODITO MIX FRITO LAY 50 GR;BOLSA;1;BOLSA;BOLSA x 1 UND;1;1;1
PRD01117;PASAS MORENAS VALLE ALTO 100 / 90 GR;KG;;PRD01117;;PASAS MORENAS VALLE ALTO 100 / 90 GR;BOLSA;0.1;BOLSA;BOLSA x 0.1 KG;1;1;1
PRD01118;MANI CON PASAS VALLE ALTO 100 GR;UND;;PRD01118;;MANI CON PASAS VALLE ALTO 100 GR;BOLSA;1;BOLSA;BOLSA x 1 UND;1;1;1
PRD01119;PAPAS ONDAS PICANTE LAYS 105 GR;UND;;PRD01119;;PAPAS ONDAS PICANTE LAYS 105 GR;BOLSA;1;BOLSA;BOLSA x 1 UND;1;1;1
PRD01120;PAPAS ONDAS PICANTE LAYS 35 GR;UND;;PRD01120;;PAPAS ONDAS PICANTE LAYS 35 GR;BOLSA;1;BOLSA;BOLSA x 1 UND;1;1;1
PRD01121;PAPAS LAYS NATURAL UND 34 GR;UND;;PRD01121;;PAPAS LAYS NATURAL UND 34 GR;BOLSA;1;BOLSA;BOLSA x 1 UND;1;1;1
PRD01122;DORITOS MEGA QUESO UND 43 GR;UND;;PRD01122;;DORITOS MEGA QUESO UND 43 GR;BOLSA;1;BOLSA;BOLSA x 1 UND;1;1;1
PRD01123;CHEETOS BOLIQUESO UND 160 GR;UND;;PRD01123;;CHEETOS BOLIQUESO UND 160 GR;BOLSA;1;BOLSA;BOLSA x 1 UND;1;1;1
PRD01124;CHEESE TRIS QUESO UND 107 GR;UND;;PRD01124;;CHEESE TRIS QUESO UND 107 GR;BOLSA;1;BOLSA;BOLSA x 1 UND;1;1;1
PRD01125;DETODITO MIX FRITO LAY UND 50 GR;UND;;PRD01125;;DETODITO MIX FRITO LAY UND 50 GR;BOLSA;1;BOLSA;BOLSA x 1 UND;1;1;1
PRD01126;DETODITO MIX FRITO LAY UND 165 GR;UND;;PRD01126;;DETODITO MIX FRITO LAY UND 165 GR;BOLSA;1;BOLSA;BOLSA x 1 UND;1;1;1
PRD01127;DETODITO NATURAL FRITO LAY UND 50 GR;UND;;PRD01127;;DETODITO NATURAL FRITO LAY UND 50 GR;BOLSA;1;BOLSA;BOLSA x 1 UND;1;1;1
PRD01128;DETODITO NATURAL FRITO LAY UND 165 GR;UND;;PRD01128;;DETODITO NATURAL FRITO LAY UND 165 GR;BOLSA;1;BOLSA;BOLSA x 1 UND;1;1;1
PRD01129;CHEESE TRIS QUESO FRITO LAY UND 42 GR;UND;;PRD01129;;CHEESE TRIS QUESO FRITO LAY UND 42 GR;BOLSA;1;BOLSA;BOLSA x 1 UND;1;1;1
PRD01130;PAPAS ONDAS MAYONESA LAYS 35 GR;UND;;PRD01130;;PAPAS ONDAS MAYONESA LAYS 35 GR;BOLSA;1;BOLSA;BOLSA x 1 UND;1;1;1
PRD01131;PAPAS ONDAS MAYONESA LAYS 105 GR;UND;;PRD01131;;PAPAS ONDAS MAYONESA LAYS 105 GR;BOLSA;1;BOLSA;BOLSA x 1 UND;1;1;1
PRD01132;MANI CON PASAS VALLE ALTO 90 GR;UND;;PRD01132;;MANI CON PASAS VALLE ALTO 90 GR;BOLSA;1;BOLSA;BOLSA x 1 UND;1;1;1
PRD01133;PAPAS ONDAS MAYONESA LAYS 34 GR;UND;;PRD01133;;PAPAS ONDAS MAYONESA LAYS 34 GR;BOLSA;1;BOLSA;BOLSA x 1 UND;1;1;1
PRD01134;PUFF DE QUINUA 7 DRAGONES POLLO BRASA LEÑA 40 GR;UND;;PRD01134;;PUFF DE QUINUA 7 DRAGONES POLLO BRASA LEÑA 40 GR;BOLSA;1;BOLSA;BOLSA x 1 UND;1;1;1
PRD01135;PUFF DE QUINUA 7 DRAGONES QUESO NAPOLITANO 40 GR;UND;;PRD01135;;PUFF DE QUINUA 7 DRAGONES QUESO NAPOLITANO 40 GR;BOLSA;1;BOLSA;BOLSA x 1 UND;1;1;1
PRD01136;PUFF DE QUINUA 7 DRAGONES BBQ PICANTE 40 GR;UND;;PRD01136;;PUFF DE QUINUA 7 DRAGONES BBQ PICANTE 40 GR;BOLSA;1;BOLSA;BOLSA x 1 UND;1;1;1
PRD01137;PUFF DE QUINUA 7 DRAGONES QUESO GRILLADO 40 GR;UND;;PRD01137;;PUFF DE QUINUA 7 DRAGONES QUESO GRILLADO 40 GR;BOLSA;1;BOLSA;BOLSA x 1 UND;1;1;1
PRD01138;PUFF DE QUINUA 7 DRAGONES LEMON PEPPER 40 GR;UND;;PRD01138;;PUFF DE QUINUA 7 DRAGONES LEMON PEPPER 40 GR;BOLSA;1;BOLSA;BOLSA x 1 UND;1;1;1
PRD01139;CANCHA SALADA PIKADITOS 100 GR;UND;;PRD01139;;CANCHA SALADA PIKADITOS 100 GR;BOLSA;1;BOLSA;BOLSA x 1 UND;1;1;1
PRD01140;PIQUEO SNACK FRITO LAY 190 GR;UND;;PRD01140;;PIQUEO SNACK FRITO LAY 190 GR;BOLSA;1;BOLSA;BOLSA x 1 UND;1;1;1
PRD01141;PAPAS ONDAS LAYS 130 GR;UND;;PRD01141;;PAPAS ONDAS LAYS 130 GR;BOLSA;1;BOLSA;BOLSA x 1 UND;1;1;1
PRD01142;PAPAS ONDAS LAYS 37 GR;UND;;PRD01142;;PAPAS ONDAS LAYS 37 GR;BOLSA;1;BOLSA;BOLSA x 1 UND;1;1;1
PRD01143;MANI CON PASAS VALLE ALTO BOLSA 90 GR;UND;;PRD01143;;MANI CON PASAS VALLE ALTO BOLSA 90 GR;BOLSA;1;BOLSA;BOLSA x 1 UND;1;1;1
PRD01144;CHIFLES SALADO KARINTO 28 GR;UND;;PRD01144;;CHIFLES SALADO KARINTO 28 GR;UNIDAD;1;UNIDAD;UNIDAD x 1 UND;1;1;1
PRD01145;HABAS SALADAS KARINTO 38 GR;UND;;PRD01145;;HABAS SALADAS KARINTO 38 GR;BOLSA;1;BOLSA;BOLSA x 1 UND;1;1;1
PRD01146;HABAS SALADAS CARTER (P) 18 GR;UND;;PRD01146;;HABAS SALADAS CARTER (P) 18 GR;UNIDAD;1;UNIDAD;UNIDAD x 1 UND;1;1;1
PRD01147;MANI CONFITADO CARTER 18 GR;UND;;PRD01147;;MANI CONFITADO CARTER 18 GR;UNIDAD;1;UNIDAD;UNIDAD x 1 UND;1;1;1
PRD01148;CHIZITO FRITO LAY 16 GR;UND;;PRD01148;;CHIZITO FRITO LAY 16 GR;BOLSA;1;BOLSA;BOLSA x 1 UND;1;1;1
PRD01149;PAPAS LAYS 32 GR;UND;;PRD01149;;PAPAS LAYS 32 GR;BOLSA;1;BOLSA;BOLSA x 1 UND;1;1;1
PRD01150;MANI SALADO KARINTO 42 GR;UND;;PRD01150;;MANI SALADO KARINTO 42 GR;BOLSA;1;BOLSA;BOLSA x 1 UND;1;1;1
PRD01151;PECANA PELADA SANTIS 80 GR;UND;;PRD01151;;PECANA PELADA SANTIS 80 GR;BOLSA;1;BOLSA;BOLSA x 1 UND;1;1;1
PRD01152;MANI CON PASAS KARINTO 39 GR;UND;;PRD01152;;MANI CON PASAS KARINTO 39 GR;UNIDAD;1;UNIDAD;UNIDAD x 1 UND;1;1;1
PRD01153;MANI NATURAL KARINTO 38 GR;UND;;PRD01153;;MANI NATURAL KARINTO 38 GR;BOLSA;1;BOLSA;BOLSA x 1 UND;1;1;1
PRD01154;MANI CON PASAS CARTER 37 GR;UND;;PRD01154;;MANI CON PASAS CARTER 37 GR;UNIDAD;1;UNIDAD;UNIDAD x 1 UND;1;1;1
PRD01155;CANCHA FRITA 4 ESTACIONES 1 KG;KG;;PRD01155;;CANCHA FRITA 4 ESTACIONES 1 KG;BOLSA;1;BOLSA;BOLSA x 1 KG;1;1;1
PRD01156;MANI SALADO CARTER 37 GR;UND;;PRD01156;;MANI SALADO CARTER 37 GR;UNIDAD;1;UNIDAD;UNIDAD x 1 UND;1;1;1
PRD01157;CANCHA SALADA SANTIS 100 GR;UND;;PRD01157;;CANCHA SALADA SANTIS 100 GR;BOLSA;1;BOLSA;BOLSA x 1 UND;1;1;1
PRD01158;PAPAS AL HILO 4 ESTACIONES 500 GR;KG;;PRD01158;;PAPAS AL HILO 4 ESTACIONES 500 GR;BOLSA;0.5;BOLSA;BOLSA x 0.5 KG;1;1;1
PRD01159;CHIFLES KARINTO 42 GR;UND;;PRD01159;;CHIFLES KARINTO 42 GR;UNIDAD;1;UNIDAD;UNIDAD x 1 UND;1;1;1
PRD01160;CAMOTE NATUCHIPS 90 GR;UND;;PRD01160;;CAMOTE NATUCHIPS 90 GR;BOLSA;1;BOLSA;BOLSA x 1 UND;1;1;1
PRD01161;DORITOS FRITO QUESO ATREVIDO LAY 43 GR;UND;;PRD01161;;DORITOS FRITO QUESO ATREVIDO LAY 43 GR;BOLSA;1;BOLSA;BOLSA x 1 UND;1;1;1
PRD01162;DORITOS FRITO QUESO FUEGO LAY 43/40 GR;UND;;PRD01162;;DORITOS FRITO QUESO FUEGO LAY 43/40 GR;BOLSA;1;BOLSA;BOLSA x 1 UND;1;1;1
PRD01163;MANI TUBULAR NATURAL SALADO KARINTO 38/35 GR;UND;;PRD01163;;MANI TUBULAR NATURAL SALADO KARINTO 38/35 GR;BOLSA;1;BOLSA;BOLSA x 1 UND;1;1;1
PRD01164;MANI SALADO ENGALLETADO KARINTO 35 GR;UND;;PRD01164;;MANI SALADO ENGALLETADO KARINTO 35 GR;BOLSA;1;BOLSA;BOLSA x 1 UND;1;1;1
PRD01165;MANI CON PASAS CARTER 100 GR;UND;;PRD01165;;MANI CON PASAS CARTER 100 GR;UNIDAD;1;UNIDAD;UNIDAD x 1 UND;1;1;1
PRD01166;MANI TUBULAR CONFITADO KARINTO 38 GR;UND;;PRD01166;;MANI TUBULAR CONFITADO KARINTO 38 GR;BOLSA;1;BOLSA;BOLSA x 1 UND;1;1;1
PRD01167;CHIZITO QUESO FRITO LAY 190 GR;UND;;PRD01167;;CHIZITO QUESO FRITO LAY 190 GR;BOLSA;1;BOLSA;BOLSA x 1 UND;1;1;1
PRD01168;DORITOS FRITO QUESO ATREVIDO LAY 210 GR;UND;;PRD01168;;DORITOS FRITO QUESO ATREVIDO LAY 210 GR;BOLSA;1;BOLSA;BOLSA x 1 UND;1;1;1
PRD01169;PIQUEO SNACK FRITO LAY 280 GR;UND;;PRD01169;;PIQUEO SNACK FRITO LAY 280 GR;BOLSA;1;BOLSA;BOLSA x 1 UND;1;1;1
PRD01170;PIQUEO SNACK FRITO LAY 45 GR;UND;;PRD01170;;PIQUEO SNACK FRITO LAY 45 GR;BOLSA;1;BOLSA;BOLSA x 1 UND;1;1;1
PRD01171;HABAS SALADAS KARINTO 35 GR;UND;;PRD01171;;HABAS SALADAS KARINTO 35 GR;BOLSA;1;BOLSA;BOLSA x 1 UND;1;1;1
PRD01172;MANI ORIENTAL PICANTE CARTER 37 GR;UND;;PRD01172;;MANI ORIENTAL PICANTE CARTER 37 GR;BOLSA;1;BOLSA;BOLSA x 1 UND;1;1;1
PRD01173;PAPAS PICANTES CARTER 36 GRM;UND;;PRD01173;;PAPAS PICANTES CARTER 36 GRM;BOLSA;1;BOLSA;BOLSA x 1 UND;1;1;1
PRD01174;PIQUEO SNACK FRITO LAY 200 GR;UND;;PRD01174;;PIQUEO SNACK FRITO LAY 200 GR;BOLSA;1;BOLSA;BOLSA x 1 UND;1;1;1
PRD01175;MANI CON PASAS SANTIS 100 GR;UND;;PRD01175;;MANI CON PASAS SANTIS 100 GR;BOLSA;1;BOLSA;BOLSA x 1 UND;1;1;1
PRD01176;CHEETOS CANCHITA CARAMELO 47 GR;UND;;PRD01176;;CHEETOS CANCHITA CARAMELO 47 GR;BOLSA;1;BOLSA;BOLSA x 1 UND;1;1;1
PRD01177;MANI CON PASAS GRANUTS 40/50 GRM;UND;;PRD01177;;MANI CON PASAS GRANUTS 40/50 GRM;UNIDAD;1;UNIDAD;UNIDAD x 1 UND;1;1;1
PRD01178;PAPAS LAYS 36 GR;UND;;PRD01178;;PAPAS LAYS 36 GR;BOLSA;1;BOLSA;BOLSA x 1 UND;1;1;1
PRD01179;PECANA PELADA RIKOSFOODS 80 GR;KG;;PRD01179;;PECANA PELADA RIKOSFOODS 80 GR;BOLSA;0.08;BOLSA;BOLSA x 0.08 KG;1;1;1
PRD01180;HABAS SALADAS PICADITOS 20 GR;UND;;PRD01180;;HABAS SALADAS PICADITOS 20 GR;UNIDAD;1;UNIDAD;UNIDAD x 1 UND;1;1;1
PRD01181;POP CORN ACT II BUTTER 80 GR;UND;;PRD01181;;POP CORN ACT II BUTTER 80 GR;SOBRE;1;SOBRE;SOBRE x 1 UND;1;1;1
PRD01182;POP CORN ACT II NATURAL 80 GR;UND;;PRD01182;;POP CORN ACT II NATURAL 80 GR;SOBRE;1;SOBRE;SOBRE x 1 UND;1;1;1
PRD01183;PECANA PELADA SANTIS 90 GR;UND;;PRD01183;;PECANA PELADA SANTIS 90 GR;BOLSA;1;BOLSA;BOLSA x 1 UND;1;1;1
PRD01184;CHIFLES SALADO KARINTO 38 GR;UND;;PRD01184;;CHIFLES SALADO KARINTO 38 GR;UNIDAD;1;UNIDAD;UNIDAD x 1 UND;1;1;1
PRD01185;PAPAS LAYS 40/32 GR;UND;;PRD01185;;PAPAS LAYS 40/32 GR;BOLSA;1;BOLSA;BOLSA x 1 UND;1;1;1
PRD01186;PAPAS ONDAS PICANTE LAYS 140 GR;UND;;PRD01186;;PAPAS ONDAS PICANTE LAYS 140 GR;BOLSA;1;BOLSA;BOLSA x 1 UND;1;1;1
PRD01187;HABAS SALADAS KARINTO 70 GR;UND;;PRD01187;;HABAS SALADAS KARINTO 70 GR;BOLSA;1;BOLSA;BOLSA x 1 UND;1;1;1
PRD01188;PIQUEO SNACK FRITO LAY 55 GR;UND;;PRD01188;;PIQUEO SNACK FRITO LAY 55 GR;BOLSA;1;BOLSA;BOLSA x 1 UND;1;1;1
PRD01189;MAYONESA SCALA EMIC 3.8 KG;KG;;PRD01189;;MAYONESA SCALA EMIC 3.8 KG;BOLSA;3.8;BOLSA;BOLSA x 3.8 KG;1;1;1
PRD01190;MANTECA VEGETAL SELECTO DE ORO 10 KG;KG;;PRD01190;;MANTECA VEGETAL SELECTO DE ORO 10 KG;CAJA;10;CAJA;CAJA x 10 KG;1;1;1
PRD01191;HONGO SECO 4 ESTACIONES 500 GR;KG;;PRD01191;;HONGO SECO 4 ESTACIONES 500 GR;BOLSA;0.5;BOLSA;BOLSA x 0.5 KG;1;1;1
PRD01192;PASAS SECAS RUBIAS 4 ESTACIONES 1 KG;KG;;PRD01192;;PASAS SECAS RUBIAS 4 ESTACIONES 1 KG;BOLSA;1;BOLSA;BOLSA x 1 KG;1;1;1
PRD01193;MAYONESA BASE EMIC 3.8 KG;KG;;PRD01193;;MAYONESA BASE EMIC 3.8 KG;BOLSA;3.8;BOLSA;BOLSA x 3.8 KG;1;1;1
PRD01194;ARVEJA GRANO PELADA CONGELADO;KG;;PRD01194;;ARVEJA GRANO PELADA CONGELADO;KILOGRAMO;1;KILOGRAMO;KILOGRAMO x 1 KG;1;1;1
PRD01195;BETERRAGA EN CUBOS CONGELADO;KG;;PRD01195;;BETERRAGA EN CUBOS CONGELADO;KILOGRAMO;1;KILOGRAMO;KILOGRAMO x 1 KG;1;1;1
PRD01196;BROCOLI PRE COCIDO 30/60 CONGELADO;KG;;PRD01196;;BROCOLI PRE COCIDO 30/60 CONGELADO;KILOGRAMO;1;KILOGRAMO;KILOGRAMO x 1 KG;1;1;1
PRD01197;CHOCLO DESGRANADO CONGELADO;KG;;PRD01197;;CHOCLO DESGRANADO CONGELADO;KILOGRAMO;1;KILOGRAMO;KILOGRAMO x 1 KG;1;1;1
PRD01198;ESPINACA CONGELADA;KG;;PRD01198;;ESPINACA CONGELADA;KILOGRAMO;1;KILOGRAMO;KILOGRAMO x 1 KG;1;1;1
PRD01199;VAINITA EN TROZOS CONGELADA;KG;;PRD01199;;VAINITA EN TROZOS CONGELADA;KILOGRAMO;1;KILOGRAMO;KILOGRAMO x 1 KG;1;1;1
PRD01200;YUCA CONGELADA;KG;;PRD01200;;YUCA CONGELADA;KILOGRAMO;1;KILOGRAMO;KILOGRAMO x 1 KG;1;1;1
PRD01201;ZANAHORIA EN RODAJAS SORAYA CONGELADO;KG;;PRD01201;;ZANAHORIA EN RODAJAS SORAYA CONGELADO;KILOGRAMO;1;KILOGRAMO;KILOGRAMO x 1 KG;1;1;1
PRD01202;ZANAHORIA EN TIRAS CONGELADO;KG;;PRD01202;;ZANAHORIA EN TIRAS CONGELADO;KILOGRAMO;1;KILOGRAMO;KILOGRAMO x 1 KG;1;1;1
PRD01203;OLLUQUITO PICADO CONGELADO;KG;;PRD01203;;OLLUQUITO PICADO CONGELADO;KILOGRAMO;1;KILOGRAMO;KILOGRAMO x 1 KG;1;1;1
PRD01204;HABAS VERDES PELADAS CONGELADA;KG;;PRD01204;;HABAS VERDES PELADAS CONGELADA;KILOGRAMO;1;KILOGRAMO;KILOGRAMO x 1 KG;1;1;1
PRD01205;ZANAHORIA EN CUBOS CONGELADO;KG;;PRD01205;;ZANAHORIA EN CUBOS CONGELADO;KILOGRAMO;1;KILOGRAMO;KILOGRAMO x 1 KG;1;1;1
PRD01206;PULPA DE LUCUMA CONGELADO;KG;;PRD01206;;PULPA DE LUCUMA CONGELADO;KILOGRAMO;1;KILOGRAMO;KILOGRAMO x 1 KG;1;1;1
PRD01207;PULPA DE MELON CONGELADO;KG;;PRD01207;;PULPA DE MELON CONGELADO;KILOGRAMO;1;KILOGRAMO;KILOGRAMO x 1 KG;1;1;1
PRD01208;CARNE MOLIDA CONGELADA;KG;;PRD01208;;CARNE MOLIDA CONGELADA;KILOGRAMO;1;KILOGRAMO;KILOGRAMO x 1 KG;1;1;1
PRD01209;CHULETA DE CERDO TROZADO 150 GR CONGELADO;KG;;PRD01209;;CHULETA DE CERDO TROZADO 150 GR CONGELADO;KILOGRAMO;1;KILOGRAMO;KILOGRAMO x 1 KG;1;1;1
PRD01210;CORAZON DE RES CONGELADO;KG;;PRD01210;;CORAZON DE RES CONGELADO;KILOGRAMO;1;KILOGRAMO;KILOGRAMO x 1 KG;1;1;1
PRD01211;COSTILLA DE CERDO (PANCETA) CONGELADO;KG;;PRD01211;;COSTILLA DE CERDO (PANCETA) CONGELADO;KILOGRAMO;1;KILOGRAMO;KILOGRAMO x 1 KG;1;1;1
PRD01212;GALLINA ENTERA SIN MENUDENCIA CONGELADO - IMPORTADO;KG;;PRD01212;;GALLINA ENTERA SIN MENUDENCIA CONGELADO - IMPORTADO;KILOGRAMO;1;KILOGRAMO;KILOGRAMO x 1 KG;1;1;1
PRD01213;HAMBURGUESA DE POLLO CONGELADO;KG;;PRD01213;;HAMBURGUESA DE POLLO CONGELADO;KILOGRAMO;1;KILOGRAMO;KILOGRAMO x 1 KG;1;1;1
PRD01214;HAMBURGUESA DE RES CONGELADO;KG;;PRD01214;;HAMBURGUESA DE RES CONGELADO;KILOGRAMO;1;KILOGRAMO;KILOGRAMO x 1 KG;1;1;1
PRD01215;HIGADO DE RES CONGELADO;KG;;PRD01215;;HIGADO DE RES CONGELADO;KILOGRAMO;1;KILOGRAMO;KILOGRAMO x 1 KG;1;1;1
PRD01216;MONDONGO CONGELADO;KG;;PRD01216;;MONDONGO CONGELADO;KILOGRAMO;1;KILOGRAMO;KILOGRAMO x 1 KG;1;1;1
PRD01217;PECHUGA DE PAVO CON HUESO CONGELADO;KG;;PRD01217;;PECHUGA DE PAVO CON HUESO CONGELADO;KILOGRAMO;1;KILOGRAMO;KILOGRAMO x 1 KG;1;1;1
PRD01218;PIERNA DE CERDO SIN PIEL Y SIN HUESO CONGELADO;KG;;PRD01218;;PIERNA DE CERDO SIN PIEL Y SIN HUESO CONGELADO;KILOGRAMO;1;KILOGRAMO;KILOGRAMO x 1 KG;1;1;1
PRD01219;PIERNA DE CORDERO CONGELADO;KG;;PRD01219;;PIERNA DE CORDERO CONGELADO;KILOGRAMO;1;KILOGRAMO;KILOGRAMO x 1 KG;1;1;1
PRD01220;PIERNA DE POLLO CON ENCUENTRO CONGELADO;KG;;PRD01220;;PIERNA DE POLLO CON ENCUENTRO CONGELADO;KILOGRAMO;1;KILOGRAMO;KILOGRAMO x 1 KG;1;1;1
PRD01221;POLLO SIN MENUDENCIA CONGELADO RANGO 1.428 - 1.611 KG (SAN FERNANDO);KG;;PRD01221;;POLLO SIN MENUDENCIA CONGELADO RANGO 1.428 - 1.611 KG (SAN FERNANDO);KILOGRAMO;1;KILOGRAMO;KILOGRAMO x 1 KG;1;1;1
PRD01222;PATITA DE CERDO CONGELADO;KG;;PRD01222;;PATITA DE CERDO CONGELADO;KILOGRAMO;1;KILOGRAMO;KILOGRAMO x 1 KG;1;1;1
PRD01223;PECHUGA DE POLLO C/HUESO Y PIEL CONGELADO;KG;;PRD01223;;PECHUGA DE POLLO C/HUESO Y PIEL CONGELADO;KILOGRAMO;1;KILOGRAMO;KILOGRAMO x 1 KG;1;1;1
PRD01224;PAVO ENTERO CON MENUDENCIA CONGELADO;KG;;PRD01224;;PAVO ENTERO CON MENUDENCIA CONGELADO;KILOGRAMO;1;KILOGRAMO;KILOGRAMO x 1 KG;1;1;1
PRD01225;GALLINA ENTERA CON MENUDENCIA CONGELADO;KG;;PRD01225;;GALLINA ENTERA CON MENUDENCIA CONGELADO;KILOGRAMO;1;KILOGRAMO;KILOGRAMO x 1 KG;1;1;1
PRD01226;CORDERO ENTERO TROZADO CONGELADO;KG;;PRD01226;;CORDERO ENTERO TROZADO CONGELADO;KILOGRAMO;1;KILOGRAMO;KILOGRAMO x 1 KG;1;1;1
PRD01227;BONDIOLA DE CERDO CONGELADO;KG;;PRD01227;;BONDIOLA DE CERDO CONGELADO;KILOGRAMO;1;KILOGRAMO;KILOGRAMO x 1 KG;1;1;1
PRD01228;PATO ENTERO SIN EXTREMIDADES CONGELADO;KG;;PRD01228;;PATO ENTERO SIN EXTREMIDADES CONGELADO;KILOGRAMO;1;KILOGRAMO;KILOGRAMO x 1 KG;1;1;1
PRD01229;PATA DE RES CONGELADO;KG;;PRD01229;;PATA DE RES CONGELADO;KILOGRAMO;1;KILOGRAMO;KILOGRAMO x 1 KG;1;1;1
PRD01230;POLLO SIN MENUDENCIA CONGELADO RANGO 1.75 A 1.85 KG;KG;;PRD01230;;POLLO SIN MENUDENCIA CONGELADO RANGO 1.75 A 1.85 KG;KILOGRAMO;1;KILOGRAMO;KILOGRAMO x 1 KG;1;1;1
PRD01231;CUY SIN PATAS Y SIN CABEZA CONGELADO;KG;;PRD01231;;CUY SIN PATAS Y SIN CABEZA CONGELADO;KILOGRAMO;1;KILOGRAMO;KILOGRAMO x 1 KG;1;1;1
PRD01232;CUARTO COMPENSADO DE RES CONGELADO;KG;;PRD01232;;CUARTO COMPENSADO DE RES CONGELADO;KILOGRAMO;1;KILOGRAMO;KILOGRAMO x 1 KG;1;1;1
PRD01233;POLLO SIN MENUDENCIA CONGELADO RANGO 2 KG;KG;;PRD01233;;POLLO SIN MENUDENCIA CONGELADO RANGO 2 KG;KILOGRAMO;1;KILOGRAMO;KILOGRAMO x 1 KG;1;1;1
PRD01234;BRAZUELO DE CERDO SIN PIEL Y SIN HUESO CONGELADO;KG;;PRD01234;;BRAZUELO DE CERDO SIN PIEL Y SIN HUESO CONGELADO;KILOGRAMO;1;KILOGRAMO;KILOGRAMO x 1 KG;1;1;1
PRD01235;LECHON ENTERO CONGELADO (PESO DE 8 A 10 KG.);KG;;PRD01235;;LECHON ENTERO CONGELADO (PESO DE 8 A 10 KG.);KILOGRAMO;1;KILOGRAMO;KILOGRAMO x 1 KG;1;1;1
PRD01236;BIFE ANCHO CONGELADO NACIONAL;KG;;PRD01236;;BIFE ANCHO CONGELADO NACIONAL;KILOGRAMO;1;KILOGRAMO;KILOGRAMO x 1 KG;1;1;1
PRD01237;FILETE DE PIERNA DE POLLO C/ PIEL CONGELADO 130-230 GR;KG;;PRD01237;;FILETE DE PIERNA DE POLLO C/ PIEL CONGELADO 130-230 GR;KILOGRAMO;1;KILOGRAMO;KILOGRAMO x 1 KG;1;1;1
PRD01238;POLLO SIN MENUDENCIA CONGELADO RANGO 1.6 A 1.8 KG;KG;;PRD01238;;POLLO SIN MENUDENCIA CONGELADO RANGO 1.6 A 1.8 KG;KILOGRAMO;1;KILOGRAMO;KILOGRAMO x 1 KG;1;1;1
PRD01239;ALPACA ENTERA TROZADA CONGELADA;KG;;PRD01239;;ALPACA ENTERA TROZADA CONGELADA;KILOGRAMO;1;KILOGRAMO;KILOGRAMO x 1 KG;1;1;1
PRD01240;CHULETA DE CERDO TROZADO 120 GR CONGELADO;KG;;PRD01240;;CHULETA DE CERDO TROZADO 120 GR CONGELADO;KILOGRAMO;1;KILOGRAMO;KILOGRAMO x 1 KG;1;1;1
PRD01241;MIXTURA DE MARISCOS CONGELADO;KG;;PRD01241;;MIXTURA DE MARISCOS CONGELADO;KILOGRAMO;1;KILOGRAMO;KILOGRAMO x 1 KG;1;1;1
PRD01242;PEJERREY CORTE MARIPOSA S/CABEZA Y C/COLA CONGELADO;KG;;PRD01242;;PEJERREY CORTE MARIPOSA S/CABEZA Y C/COLA CONGELADO;KILOGRAMO;1;KILOGRAMO;KILOGRAMO x 1 KG;1;1;1
PRD01243;TRUCHA ENTERA EVISCERADA CONGELADO GRANEL 100 - 400 GR;KG;;PRD01243;;TRUCHA ENTERA EVISCERADA CONGELADO GRANEL 100 - 400 GR;KILOGRAMO;1;KILOGRAMO;KILOGRAMO x 1 KG;1;1;1
PRD01244;PERICO FILETE CON PIEL CONGELADO;KG;;PRD01244;;PERICO FILETE CON PIEL CONGELADO;KILOGRAMO;1;KILOGRAMO;KILOGRAMO x 1 KG;1;1;1
PRD01245;PERICO FILETE SIN PIEL CONGELADO- KGM;KG;;PRD01245;;PERICO FILETE SIN PIEL CONGELADO- KGM;KILOGRAMO;1;KILOGRAMO;KILOGRAMO x 1 KG;1;1;1
PRD01246;BONITO FILETE CON PIEL CONGELADO - KGM;KG;;PRD01246;;BONITO FILETE CON PIEL CONGELADO - KGM;KILOGRAMO;1;KILOGRAMO;KILOGRAMO x 1 KG;1;1;1
PRD01247;REYNETA FILETE SIN PIEL CONGELADO;KG;;PRD01247;;REYNETA FILETE SIN PIEL CONGELADO;KILOGRAMO;1;KILOGRAMO;KILOGRAMO x 1 KG;1;1;1
PRD01248;HELADO DONOFRIO ALASKA MANGO 75 / 70 ML;UND;;PRD01248;;HELADO DONOFRIO ALASKA MANGO 75 / 70 ML;UNIDAD;1;UNIDAD;UNIDAD x 1 UND;1;1;1
PRD01249;HELADO DONOFRIO DON SANDWICH-ITO 49 CC;UND;;PRD01249;;HELADO DONOFRIO DON SANDWICH-ITO 49 CC;UNIDAD;1;UNIDAD;UNIDAD x 1 UND;1;1;1
PRD01250;RAVIOLES DE CARNE CONG.;KG;;PRD01250;;RAVIOLES DE CARNE CONG.;KILOGRAMO;1;KILOGRAMO;KILOGRAMO x 1 KG;1;1;1
PRD01251;RAVIOLES DE RICOTTA Y ESPINACA CONG.;KG;;PRD01251;;RAVIOLES DE RICOTTA Y ESPINACA CONG.;KILOGRAMO;1;KILOGRAMO;KILOGRAMO x 1 KG;1;1;1
PRD01252;GASEOSA COCA COLA 500 ML;UND;;PRD01252;;GASEOSA COCA COLA 500 ML;BOTELLA;1;BOTELLA;BOTELLA x 1 UND;1;1;1
PRD01253;GASEOSA FANTA 500 ML;UND;;PRD01253;;GASEOSA FANTA 500 ML;BOTELLA;1;BOTELLA;BOTELLA x 1 UND;1;1;1
PRD01254;GASEOSA INCA KOLA 500 ML;UND;;PRD01254;;GASEOSA INCA KOLA 500 ML;BOTELLA;1;BOTELLA;BOTELLA x 1 UND;1;1;1
PRD01255;GASEOSA SPRITE 500 ML;UND;;PRD01255;;GASEOSA SPRITE 500 ML;BOTELLA;1;BOTELLA;BOTELLA x 1 UND;1;1;1
PRD01256;GASEOSA INCA KOLA 3 LT;L;;PRD01256;;GASEOSA INCA KOLA 3 LT;BOTELLA;3;BOTELLA;BOTELLA x 3 L;1;1;1
PRD01257;GASEOSA FANTA 3 LT;L;;PRD01257;;GASEOSA FANTA 3 LT;BOTELLA;3;BOTELLA;BOTELLA x 3 L;1;1;1
PRD01258;GASEOSA SEVEN UP 500 ML;UND;;PRD01258;;GASEOSA SEVEN UP 500 ML;BOTELLA;1;BOTELLA;BOTELLA x 1 UND;1;1;1
PRD01259;GASEOSA INCA KOLA 1.5 LT;L;;PRD01259;;GASEOSA INCA KOLA 1.5 LT;BOTELLA;1.5;BOTELLA;BOTELLA x 1.5 L;1;1;1
PRD01260;GASEOSA CONCORDIA FRESA 500 ML;UND;;PRD01260;;GASEOSA CONCORDIA FRESA 500 ML;BOTELLA;1;BOTELLA;BOTELLA x 1 UND;1;1;1
PRD01261;GASEOSA CONCORDIA PIÑA 500 ML;UND;;PRD01261;;GASEOSA CONCORDIA PIÑA 500 ML;BOTELLA;1;BOTELLA;BOTELLA x 1 UND;1;1;1
PRD01262;GASEOSA COCA COLA 3 LT;L;;PRD01262;;GASEOSA COCA COLA 3 LT;BOTELLA;3;BOTELLA;BOTELLA x 3 L;1;1;1
PRD01263;GASEOSA SPRITE 3 LT;L;;PRD01263;;GASEOSA SPRITE 3 LT;BOTELLA;3;BOTELLA;BOTELLA x 3 L;1;1;1
PRD01264;BETUN MARRON SAPOLIO 22 ML;UND;;PRD01264;;BETUN MARRON SAPOLIO 22 ML;LATA;1;LATA;LATA x 1 UND;1;1;1
PRD01265;BETUN MARRON KIWI 88 GR;UND;;PRD01265;;BETUN MARRON KIWI 88 GR;LATA;1;LATA;LATA x 1 UND;1;1;1
PRD01266;BETUN NEGRO KIWI 88 GR;UND;;PRD01266;;BETUN NEGRO KIWI 88 GR;LATA;1;LATA;LATA x 1 UND;1;1;1
PRD01267;DESINFECTANTE LIMPIADOR PINO DARYZA 3.8 LT;UND;;PRD01267;;DESINFECTANTE LIMPIADOR PINO DARYZA 3.8 LT;GALON;1;GALON;GALON x 1 UND;1;1;1
PRD01268;SILICONA SAPOLIO SPRAY 360 ML;L;;PRD01268;;SILICONA SAPOLIO SPRAY 360 ML;UNIDAD;0.36;UNIDAD;UNIDAD x 0.36 L;1;1;1
PRD01269;GASEOSA PEPSI 500 ML;UND;;PRD01269;;GASEOSA PEPSI 500 ML;BOTELLA;1;BOTELLA;BOTELLA x 1 UND;1;1;1
PRD01270;BETUN NEGRO SAPOLIO 88 ML;UND;;PRD01270;;BETUN NEGRO SAPOLIO 88 ML;LATA;1;LATA;LATA x 1 UND;1;1;1
PRD01271;GASEOSA CONCORDIA NARANJA 500 ML;UND;;PRD01271;;GASEOSA CONCORDIA NARANJA 500 ML;BOTELLA;1;BOTELLA;BOTELLA x 1 UND;1;1;1
PRD01272;PROTECTOR MERRYCHEF 750ML;UND;;PRD01272;;PROTECTOR MERRYCHEF 750ML;UNIDAD;1;UNIDAD;UNIDAD x 1 UND;1;1;1
PRD01273;JOHNSON DIVERSEY SOFTCARE FREE PLUS GLN X 5 LT;L;;PRD01273;;JOHNSON DIVERSEY SOFTCARE FREE PLUS GLN X 5 LT;GALON;5;GALON;GALON x 5 L;1;1;1
PRD01274;JOHNSON DIVERSEY SUMA COMBI+ 5LT;L;;PRD01274;;JOHNSON DIVERSEY SUMA COMBI+ 5LT;UNIDAD;5;UNIDAD;UNIDAD x 5 L;1;1;1
PRD01275;JOHNSON DIVERSEY SUMA F4 5 LT;L;;PRD01275;;JOHNSON DIVERSEY SUMA F4 5 LT;GALON;5;GALON;GALON x 5 L;1;1;1
PRD01276;GASEOSA INCA KOLA SIN AZUCAR 1.5 LT;L;;PRD01276;;GASEOSA INCA KOLA SIN AZUCAR 1.5 LT;BOTELLA;1.5;BOTELLA;BOTELLA x 1.5 L;1;1;1
PRD01277;GASEOSA COCA COLA SIN AZUCAR 500 ML;UND;;PRD01277;;GASEOSA COCA COLA SIN AZUCAR 500 ML;BOTELLA;1;BOTELLA;BOTELLA x 1 UND;1;1;1
PRD01278;GASEOSA COCA COLA SIN AZUCAR 1.5 LT;L;;PRD01278;;GASEOSA COCA COLA SIN AZUCAR 1.5 LT;BOTELLA;1.5;BOTELLA;BOTELLA x 1.5 L;1;1;1
PRD01279;GASEOSA COCA COLA 2.25 LT;L;;PRD01279;;GASEOSA COCA COLA 2.25 LT;BOTELLA;2.25;BOTELLA;BOTELLA x 2.25 L;1;1;1
PRD01280;DIVERSEY GOOD SENSE FRESH PHASE 1.5 LT;L;;PRD01280;;DIVERSEY GOOD SENSE FRESH PHASE 1.5 LT;UNIDAD;1.5;UNIDAD;UNIDAD x 1.5 L;1;1;1
PRD01281;JOHNSON DIVERSEY FLASH BAÑO 5 LT;L;;PRD01281;;JOHNSON DIVERSEY FLASH BAÑO 5 LT;GALON;5;GALON;GALON x 5 L;1;1;1
PRD01282;JOHNSON DIVERSEY DRAX ULTRA 5 LT;L;;PRD01282;;JOHNSON DIVERSEY DRAX ULTRA 5 LT;GALON;5;GALON;GALON x 5 L;1;1;1
PRD01283;JOHNSON DIVERSEY SUMA BAC D10 5 LT;UND;;PRD01283;;JOHNSON DIVERSEY SUMA BAC D10 5 LT;GALON;1;GALON;GALON x 1 UND;1;1;1
PRD01284;JOHNSON DIVERSEY ALPHA HP 1.5 LT;UND;;PRD01284;;JOHNSON DIVERSEY ALPHA HP 1.5 LT;FRASCO;1;FRASCO;FRASCO x 1 UND;1;1;1
PRD01285;JOHNSON DIVERSEY TASKI R5 LT;UND;;PRD01285;;JOHNSON DIVERSEY TASKI R5 LT;FRASCO;1;FRASCO;FRASCO x 1 UND;1;1;1
PRD01286;CLEANER MERRYCHEF 750ML;UND;;PRD01286;;CLEANER MERRYCHEF 750ML;UNIDAD;1;UNIDAD;UNIDAD x 1 UND;1;1;1
PRD01287;BEBIDA REHIDRATANTE MORA AZUL POWERADE 500 ML;UND;;PRD01287;;BEBIDA REHIDRATANTE MORA AZUL POWERADE 500 ML;BOTELLA;1;BOTELLA;BOTELLA x 1 UND;1;1;1
PRD01288;CIGARRILLO LUCKY STRIKE ORIGINAL BLUE GRANDE;UND;;PRD01288;;CIGARRILLO LUCKY STRIKE ORIGINAL BLUE GRANDE;CAJETILLA;1;CAJETILLA;CAJETILLA x 1 UND;1;1;1
PRD01289;CIGARRILLO LUCKY STRIKE ORIGINAL BLUE CHICO;UND;;PRD01289;;CIGARRILLO LUCKY STRIKE ORIGINAL BLUE CHICO;CAJETILLA;1;CAJETILLA;CAJETILLA x 1 UND;1;1;1
PRD01290;LIPSTICK PORTUGAL UND;UND;;PRD01290;;LIPSTICK PORTUGAL UND;UNIDAD;1;UNIDAD;UNIDAD x 1 UND;1;1;1
PRD01291;JOHNSON DIVERSEY CLAX ALFA 20 LT;UND;;PRD01291;;JOHNSON DIVERSEY CLAX ALFA 20 LT;BIDON;1;BIDON;BIDON x 1 UND;1;1;1
PRD01292;SHAMPOO PANTENE 12 ML;UND;;PRD01292;;SHAMPOO PANTENE 12 ML;SACHET;1;SACHET;SACHET x 1 UND;1;1;1
PRD01293;CEPILLO DENTAL DENTO;UND;;PRD01293;;CEPILLO DENTAL DENTO;UNIDAD;1;UNIDAD;UNIDAD x 1 UND;1;1;1
PRD01294;TOALLA HIGIENICA ALWAYS X 24 UND;UND;;PRD01294;;TOALLA HIGIENICA ALWAYS X 24 UND;PAQUETE;1;PAQUETE;PAQUETE x 1 UND;1;1;1
PRD01295;TIRAS REACTIVAS DE PEROXIDO X 100U - 100/400PPM;UND;;PRD01295;;TIRAS REACTIVAS DE PEROXIDO X 100U - 100/400PPM;UNIDAD;100;UNIDAD;UNIDAD x 100 UND;1;1;1
PRD01296;PULVERIZADOR PLASTICO 750 ML;UND;;PRD01296;;PULVERIZADOR PLASTICO 750 ML;UNIDAD;1;UNIDAD;UNIDAD x 1 UND;1;1;1
PRD01297;JALADOR DE AGUA CON CERDAS 45 CM 9C42 NEGRO RUBBERMAID;UND;;PRD01297;;JALADOR DE AGUA CON CERDAS 45 CM 9C42 NEGRO RUBBERMAID;PAR;1;PAR;PAR x 1 UND;1;1;1
PRD01298;RUBBERMAID REPUESTO JALADOR DE AGUA 76 CM 9C29;UND;;PRD01298;;RUBBERMAID REPUESTO JALADOR DE AGUA 76 CM 9C29;UNIDAD;1;UNIDAD;UNIDAD x 1 UND;1;1;1
PRD01299;PAPEL HIGIENICO JUMBO BLANCO SCOTT 550 MT;UND;;PRD01299;;PAPEL HIGIENICO JUMBO BLANCO SCOTT 550 MT;ROLLO;1;ROLLO;ROLLO x 1 UND;1;1;1
PRD01300;PAPEL MANTECA RESMA PAQ 450 HOJAS;UND;;PRD01300;;PAPEL MANTECA RESMA PAQ 450 HOJAS;PAQUETE;450;PAQUETE;PAQUETE x 450 UND;1;1;1
PRD01301;PAPEL MANTECA ROLLO;UND;;PRD01301;;PAPEL MANTECA ROLLO;ROLLO;1;ROLLO;ROLLO x 1 UND;1;1;1
PRD01302;PAPEL DE ALUMINIO UTIL 12 X 300 MT;UND;;PRD01302;;PAPEL DE ALUMINIO UTIL 12 X 300 MT;CAJA;1;CAJA;CAJA x 1 UND;1;1;1
PRD01303;JOHNSON DIVERSEY SUMA D44 5 LT;L;;PRD01303;;JOHNSON DIVERSEY SUMA D44 5 LT;GALON;5;GALON;GALON x 5 L;1;1;1
PRD01304;AGUA SAN LUIS BIDON 20 LT;L;;PRD01304;;AGUA SAN LUIS BIDON 20 LT;BIDON;20;BIDON;BIDON x 20 L;1;1;1
PRD01305;AGUA SAN LUIS DESCARTABLE BIB 20 LT;L;;PRD01305;;AGUA SAN LUIS DESCARTABLE BIB 20 LT;CAJA;20;CAJA;CAJA x 20 L;1;1;1
PRD01306;AGUA SAN LUIS SIN GAS 2.5 LT;UND;;PRD01306;;AGUA SAN LUIS SIN GAS 2.5 LT;BOTELLA;1;BOTELLA;BOTELLA x 1 UND;1;1;1
PRD01307;AGUA VIDA SIN GAS 625 ML;UND;;PRD01307;;AGUA VIDA SIN GAS 625 ML;BOTELLA;1;BOTELLA;BOTELLA x 1 UND;1;1;1
PRD01308;PAPEL HIGIENICO SUAVE 15.96 MTS (30241893);UND;;PRD01308;;PAPEL HIGIENICO SUAVE 15.96 MTS (30241893);ROLLO;1;ROLLO;ROLLO x 1 UND;1;1;1
PRD01309;PAPEL HIGIENICO VERDE 16 MT X 20 ROLLOS;UND;;PRD01309;;PAPEL HIGIENICO VERDE 16 MT X 20 ROLLOS;PAQUETE;1;PAQUETE;PAQUETE x 1 UND;1;1;1
PRD01310;PAPEL HIGIENICO DOBLE HOJA SUAVE RESISTEMAX 15 MT (30242657);UND;;PRD01310;;PAPEL HIGIENICO DOBLE HOJA SUAVE RESISTEMAX 15 MT (30242657);ROLLO;1;ROLLO;ROLLO x 1 UND;1;1;1
PRD01311;BEBIDA REHIDRATANTE FRUTILLA POWERADE 500 ML;UND;;PRD01311;;BEBIDA REHIDRATANTE FRUTILLA POWERADE 500 ML;BOTELLA;1;BOTELLA;BOTELLA x 1 UND;1;1;1
PRD01312;BEBIDA REHIDRATANTE MANDARINA POWERADE 500ML;UND;;PRD01312;;BEBIDA REHIDRATANTE MANDARINA POWERADE 500ML;BOTELLA;1;BOTELLA;BOTELLA x 1 UND;1;1;1
PRD01313;AGUA SAN LUIS CON GAS 625 ML;UND;;PRD01313;;AGUA SAN LUIS CON GAS 625 ML;BOTELLA;1;BOTELLA;BOTELLA x 1 UND;1;1;1
PRD01314;AGUA SAN LUIS SIN GAS 625 ML;UND;;PRD01314;;AGUA SAN LUIS SIN GAS 625 ML;BOTELLA;1;BOTELLA;BOTELLA x 1 UND;1;1;1
PRD01315;PAPEL HIGIENICO JUMBO BLANCO SUAVE 550 MT (30219852);UND;;PRD01315;;PAPEL HIGIENICO JUMBO BLANCO SUAVE 550 MT (30219852);ROLLO;1;ROLLO;ROLLO x 1 UND;1;1;1
PRD01316;PAPEL HIGIENICO JUMBO BLANCO SUAVE 550 MT (30223592);UND;;PRD01316;;PAPEL HIGIENICO JUMBO BLANCO SUAVE 550 MT (30223592);ROLLO;1;ROLLO;ROLLO x 1 UND;1;1;1
PRD01317;PAPEL HIGIENICO JUMBO BLANCO SCOTT 550 MT (30228044);UND;;PRD01317;;PAPEL HIGIENICO JUMBO BLANCO SCOTT 550 MT (30228044);ROLLO;1;ROLLO;ROLLO x 1 UND;1;1;1
PRD01318;PAPEL HIGIÉNICO SUAVE 16MTS (30229579);UND;;PRD01318;;PAPEL HIGIÉNICO SUAVE 16MTS (30229579);ROLLO;1;ROLLO;ROLLO x 1 UND;1;1;1
PRD01319;PAPEL HIGIENICO SUAVE DOBLE HOJA;UND;;PRD01319;;PAPEL HIGIENICO SUAVE DOBLE HOJA;UNIDAD;1;UNIDAD;UNIDAD x 1 UND;1;1;1
PRD01320;PAPEL HIGIENICO SUAVE DOBLE HOJA (LCL);UND;;PRD01320;;PAPEL HIGIENICO SUAVE DOBLE HOJA (LCL);UNIDAD;1;UNIDAD;UNIDAD x 1 UND;1;1;1
PRD01321;PAPEL TOALLA SCOTT ABSORB X 4 UND;UND;;PRD01321;;PAPEL TOALLA SCOTT ABSORB X 4 UND;PAQUETE;4;PAQUETE;PAQUETE x 4 UND;1;1;1
PRD01322;PAPEL TOALLA INTERFOLIADO BLANCO ELITE 200 HOJAS;UND;;PRD01322;;PAPEL TOALLA INTERFOLIADO BLANCO ELITE 200 HOJAS;PAQUETE;1;PAQUETE;PAQUETE x 1 UND;1;1;1
PRD01323;PAPEL TOALLA NATURAL JUMBO SCOTT 200 MT (30203351);UND;;PRD01323;;PAPEL TOALLA NATURAL JUMBO SCOTT 200 MT (30203351);UNIDAD;1;UNIDAD;UNIDAD x 1 UND;1;1;1
PRD01324;PAPEL TOALLA AIRFLEX BLANCO SCOTT 200 MT (30224771);UND;;PRD01324;;PAPEL TOALLA AIRFLEX BLANCO SCOTT 200 MT (30224771);UNIDAD;1;UNIDAD;UNIDAD x 1 UND;1;1;1
PRD01325;PAPEL TOALLA AIRFLEX BLANCO BASIC SCOTT 200 MT (30242645 - 30228197);UND;;PRD01325;;PAPEL TOALLA AIRFLEX BLANCO BASIC SCOTT 200 MT (30242645 - 30228197);UNIDAD;1;UNIDAD;UNIDAD x 1 UND;1;1;1
PRD01326;PAPEL TOALLA KCP WIPERS SCOTT 60 HOJAS 3 ROLL (30228620);UND;;PRD01326;;PAPEL TOALLA KCP WIPERS SCOTT 60 HOJAS 3 ROLL (30228620);PAQUETE;1;PAQUETE;PAQUETE x 1 UND;1;1;1
PRD01327;PAPEL TOALLA INTERFOLIADO AIRFLEX BLANCO SCOTT ESSENT 150 HOJAS 28 GR (30228392);UND;;PRD01327;;PAPEL TOALLA INTERFOLIADO AIRFLEX BLANCO SCOTT ESSENT 150 HOJAS 28 GR (30228392);UNIDAD;150;UNIDAD;UNIDAD x 150 UND;1;1;1
PRD01328;PAPEL TOALLA KCP SCOTT RLL 2P 6X2 X100H (30240559);UND;;PRD01328;;PAPEL TOALLA KCP SCOTT RLL 2P 6X2 X100H (30240559);PAQUETE;1;PAQUETE;PAQUETE x 1 UND;1;1;1
PRD01329;SERVILLETA TESS 6 UND DE 400 HOJAS;UND;;PRD01329;;SERVILLETA TESS 6 UND DE 400 HOJAS;PAQUETE;1;PAQUETE;PAQUETE x 1 UND;1;1;1
PRD01330;SERVILLETA POP UP AIRFLEX SCOTT 120 UND ( 30209601 );UND;;PRD01330;;SERVILLETA POP UP AIRFLEX SCOTT 120 UND ( 30209601 );UNIDAD;120;UNIDAD;UNIDAD x 120 UND;1;1;1
PRD01331;SERVILLETA AIRFLEX 200 HOJAS (30209703);UND;;PRD01331;;SERVILLETA AIRFLEX 200 HOJAS (30209703);UNIDAD;200;UNIDAD;UNIDAD x 200 UND;1;1;1
PRD01332;SERVILLETA ELITE ECOLOGICA 33 X 22.5 100 UND;UND;;PRD01332;;SERVILLETA ELITE ECOLOGICA 33 X 22.5 100 UND;PAQUETE;100;PAQUETE;PAQUETE x 100 UND;1;1;1
PRD01333;PAPEL PARAFINADO 24 X 25 35 GR (1 COLOR) MILLAR;UND;;PRD01333;;PAPEL PARAFINADO 24 X 25 35 GR (1 COLOR) MILLAR;PAQUETE;1000;PAQUETE;PAQUETE x 1000 UND;1;1;1
PRD01334;PAPEL PARAFINADO 29 X 33 30 GR (1 COLOR) MILLAR;UND;;PRD01334;;PAPEL PARAFINADO 29 X 33 30 GR (1 COLOR) MILLAR;PAQUETE;1000;PAQUETE;PAQUETE x 1000 UND;1;1;1
PRD01335;JUGO DE DURAZNO FRUGOS 1 LT;L;;PRD01335;;JUGO DE DURAZNO FRUGOS 1 LT;CAJA;1;CAJA;CAJA x 1 L;1;1;1
PRD01336;JUGO DE MANGO WATTS 200 ML;UND;;PRD01336;;JUGO DE MANGO WATTS 200 ML;CAJA;1;CAJA;CAJA x 1 UND;1;1;1
PRD01337;JUGO DE NARANJA FRUGOS 1 LT;L;;PRD01337;;JUGO DE NARANJA FRUGOS 1 LT;CAJA;1;CAJA;CAJA x 1 L;1;1;1
PRD01338;JUGO CIFRUT GRANADILLA-MARACUYA 500 ML;UND;;PRD01338;;JUGO CIFRUT GRANADILLA-MARACUYA 500 ML;BOTELLA;1;BOTELLA;BOTELLA x 1 UND;1;1;1
PRD01339;JUGO DE NARANJA GLORIA 250 ML;UND;;PRD01339;;JUGO DE NARANJA GLORIA 250 ML;CAJA;1;CAJA;CAJA x 1 UND;1;1;1
PRD01340;JOHNSON DIVERSEY SOFTCARE DES-E GLN X 5 LT;L;;PRD01340;;JOHNSON DIVERSEY SOFTCARE DES-E GLN X 5 LT;GALON;5;GALON;GALON x 5 L;1;1;1
PRD01341;JUGO DE DURAZNO WATTS 1 LT;L;;PRD01341;;JUGO DE DURAZNO WATTS 1 LT;CAJA;1;CAJA;CAJA x 1 L;1;1;1
PRD01342;JUGO DE DURAZNO WATTS 200/180 ML;UND;;PRD01342;;JUGO DE DURAZNO WATTS 200/180 ML;CAJA;1;CAJA;CAJA x 1 UND;1;1;1
PRD01343;JUGO DE MANGO WATTS 1 LT;L;;PRD01343;;JUGO DE MANGO WATTS 1 LT;CAJA;1;CAJA;CAJA x 1 L;1;1;1
PRD01344;JUGO DE NARANJA WATTS 1 LT;L;;PRD01344;;JUGO DE NARANJA WATTS 1 LT;CAJA;1;CAJA;CAJA x 1 L;1;1;1
PRD01345;JUGO DE PIÑA WATTS 1 LT;L;;PRD01345;;JUGO DE PIÑA WATTS 1 LT;CAJA;1;CAJA;CAJA x 1 L;1;1;1
PRD01346;JOHNSON DIVERSEY SOFTCARE ALCOHOL GEL 1000 ML;L;;PRD01346;;JOHNSON DIVERSEY SOFTCARE ALCOHOL GEL 1000 ML;SACHET;1;SACHET;SACHET x 1 L;1;1;1
PRD01347;GEL ANTIBACTERIAL IDOGEL 1 LT;L;;PRD01347;;GEL ANTIBACTERIAL IDOGEL 1 LT;BOTELLA;1;BOTELLA;BOTELLA x 1 L;1;1;1
PRD01348;PRE ELABORADO NATURALE CONCENTRADO CHICHA MORADA 2 LT;L;;PRD01348;;PRE ELABORADO NATURALE CONCENTRADO CHICHA MORADA 2 LT;BOLSA;2;BOLSA;BOLSA x 2 L;1;1;1
PRD01349;ALCOHOL EN GEL BLEND X 400 ML;UND;;PRD01349;;ALCOHOL EN GEL BLEND X 400 ML;UNIDAD;1;UNIDAD;UNIDAD x 1 UND;1;1;1
PRD01350;PRE ELABORADO NATURALE CONCENTRADO MARACUYA 2 LT;L;;PRD01350;;PRE ELABORADO NATURALE CONCENTRADO MARACUYA 2 LT;BOLSA;2;BOLSA;BOLSA x 2 L;1;1;1
PRD01351;GEL ANTIBACTERIAL GG 1 LT;L;;PRD01351;;GEL ANTIBACTERIAL GG 1 LT;BOTELLA;1;BOTELLA;BOTELLA x 1 L;1;1;1
PRD01352;ALCOHOL GEL X 1100 ML TAPA PUMP-NEX;L;;PRD01352;;ALCOHOL GEL X 1100 ML TAPA PUMP-NEX;LITRO;1;LITRO;LITRO x 1 L;1;1;1
PRD01353;PRE ELABORADO NATURALE CONCENTRADO CARAMBOLA 2 LT;L;;PRD01353;;PRE ELABORADO NATURALE CONCENTRADO CARAMBOLA 2 LT;BOLSA;2;BOLSA;BOLSA x 2 L;1;1;1
PRD01354;ALCOHOL GEL X 1000 ML TAPA PUMP NEX;L;;PRD01354;;ALCOHOL GEL X 1000 ML TAPA PUMP NEX;LITRO;1;LITRO;LITRO x 1 L;1;1;1
PRD01355;ALCOHOL EN GEL NEX X 380 ML;UND;;PRD01355;;ALCOHOL EN GEL NEX X 380 ML;UNIDAD;1;UNIDAD;UNIDAD x 1 UND;1;1;1
PRD01356;ALCOHOL GEL IDOGEL X 1000ML;L;;PRD01356;;ALCOHOL GEL IDOGEL X 1000ML;LITRO;1;LITRO;LITRO x 1 L;1;1;1
PRD01357;JOHNSON DIVERSEY SOFTCARE ALCOHOL GEL GLN X 5 LT;L;;PRD01357;;JOHNSON DIVERSEY SOFTCARE ALCOHOL GEL GLN X 5 LT;GALON;5;GALON;GALON x 5 L;1;1;1
PRD01358;PRE ELABORADO NATURALE CONCENTRADO MANZANA 2 LT;L;;PRD01358;;PRE ELABORADO NATURALE CONCENTRADO MANZANA 2 LT;BOLSA;2;BOLSA;BOLSA x 2 L;1;1;1
PRD01359;CREMA DENTAL COLGATE 90 GR;UND;;PRD01359;;CREMA DENTAL COLGATE 90 GR;TUBO;1;TUBO;TUBO x 1 UND;1;1;1
PRD01360;DESODORANTE REXONA SPRAY 175 ML;UND;;PRD01360;;DESODORANTE REXONA SPRAY 175 ML;FRASCO;1;FRASCO;FRASCO x 1 UND;1;1;1
PRD01361;NEKO EXTRA PROTECCION ANTIBACTERIAL 75GR;UND;;PRD01361;;NEKO EXTRA PROTECCION ANTIBACTERIAL 75GR;GRANO;1;GRANO;GRANO x 1 UND;1;1;1
PRD01362;JABON LIQUIDO AVAL 5 LT;UND;;PRD01362;;JABON LIQUIDO AVAL 5 LT;GALON;1;GALON;GALON x 1 UND;1;1;1
PRD01363;JABON TOCADOR CEST IT BON 80 GR;UND;;PRD01363;;JABON TOCADOR CEST IT BON 80 GR;GRANO;1;GRANO;GRANO x 1 UND;1;1;1
PRD01364;JABON ANTIBACTERIAL REXONA 84 GR;UND;;PRD01364;;JABON ANTIBACTERIAL REXONA 84 GR;GRANO;1;GRANO;GRANO x 1 UND;1;1;1
PRD01365;JABON TOCADOR CAMAY 85 GR;UND;;PRD01365;;JABON TOCADOR CAMAY 85 GR;GRANO;1;GRANO;GRANO x 1 UND;1;1;1
PRD01366;JABON TOCADOR LUX 85 GR;UND;;PRD01366;;JABON TOCADOR LUX 85 GR;GRANO;1;GRANO;GRANO x 1 UND;1;1;1
PRD01367;JABON TOCADOR CEST IT BON HOTELERO SPA 10 GR;UND;;PRD01367;;JABON TOCADOR CEST IT BON HOTELERO SPA 10 GR;GRANO;1;GRANO;GRANO x 1 UND;1;1;1
PRD01368;JABON TOCADOR NIVEA 75 GR;UND;;PRD01368;;JABON TOCADOR NIVEA 75 GR;GRANO;1;GRANO;GRANO x 1 UND;1;1;1
PRD01369;JABON ANTIBACTERIAL ETIQUET 75 GR;UND;;PRD01369;;JABON ANTIBACTERIAL ETIQUET 75 GR;GRANO;1;GRANO;GRANO x 1 UND;1;1;1
PRD01370;JABON TOCADOR REXONA 85 GR;UND;;PRD01370;;JABON TOCADOR REXONA 85 GR;GRANO;1;GRANO;GRANO x 1 UND;1;1;1
PRD01371;JABON ANTIBACTERIAL NEKO 75 GR;UND;;PRD01371;;JABON ANTIBACTERIAL NEKO 75 GR;GRANO;1;GRANO;GRANO x 1 UND;1;1;1
PRD01372;JABON DOVE ORIGINAL 90 GR;UND;;PRD01372;;JABON DOVE ORIGINAL 90 GR;GRANO;1;GRANO;GRANO x 1 UND;1;1;1
PRD01373;JABON ANTIBACTERIAL PROTEX 75GR (LCL);UND;;PRD01373;;JABON ANTIBACTERIAL PROTEX 75GR (LCL);UNIDAD;1;UNIDAD;UNIDAD x 1 UND;1;1;1
PRD01374;CREMA PONDS CELESTE POTE 100 GR;UND;;PRD01374;;CREMA PONDS CELESTE POTE 100 GR;UNIDAD;1;UNIDAD;UNIDAD x 1 UND;1;1;1
PRD01375;ESCOBA DE PLASTICO SUPER DALIA VIRUTEX;UND;;PRD01375;;ESCOBA DE PLASTICO SUPER DALIA VIRUTEX;UNIDAD;1;UNIDAD;UNIDAD x 1 UND;1;1;1
PRD01376;CABEZA ESCOBA DE PLASTICO SUPER DALIA VIRUTEX 12 UND;UND;;PRD01376;;CABEZA ESCOBA DE PLASTICO SUPER DALIA VIRUTEX 12 UND;PAQUETE;1;PAQUETE;PAQUETE x 1 UND;1;1;1
PRD01377;PALO ESCOBA DE PLASTICO SUPER DALIA VIRUTEX 12 UND;UND;;PRD01377;;PALO ESCOBA DE PLASTICO SUPER DALIA VIRUTEX 12 UND;PAQUETE;1;PAQUETE;PAQUETE x 1 UND;1;1;1
PRD01378;ESPONJA SCOTH BRITE N.746 TRABAJO PESADO PLANCHA CALIENTE PQT X 15 UND;UND;;PRD01378;;ESPONJA SCOTH BRITE N.746 TRABAJO PESADO PLANCHA CALIENTE PQT X 15 UND;PAQUETE;15;PAQUETE;PAQUETE x 15 UND;1;1;1
PRD01379;FIBRA EXTRA DURA 250X120X25 NEGRO;UND;;PRD01379;;FIBRA EXTRA DURA 250X120X25 NEGRO;UNIDAD;1;UNIDAD;UNIDAD x 1 UND;1;1;1
PRD01380;FIBRA EXTRA DURA 250X120X25 NEGRO CORTADA EN 2 UND;UND;;PRD01380;;FIBRA EXTRA DURA 250X120X25 NEGRO CORTADA EN 2 UND;UNIDAD;1;UNIDAD;UNIDAD x 1 UND;1;1;1
PRD01381;ESPONJA VERDE SCOTCH BRITE 96 S/B / BA010000020 3M;UND;;PRD01381;;ESPONJA VERDE SCOTCH BRITE 96 S/B / BA010000020 3M;UNIDAD;1;UNIDAD;UNIDAD x 1 UND;1;1;1
PRD01382;ESPONJA NARANJA 746 P/GRIDDLE CLEANER S/B / 70071593647 3M;UND;;PRD01382;;ESPONJA NARANJA 746 P/GRIDDLE CLEANER S/B / 70071593647 3M;UNIDAD;1;UNIDAD;UNIDAD x 1 UND;1;1;1
PRD01383;ESPONJA POWER PAD PODEROSA ACERO INOXIDABLE 2000 S/B / 70070724235 /3M;UND;;PRD01383;;ESPONJA POWER PAD PODEROSA ACERO INOXIDABLE 2000 S/B / 70070724235 /3M;UNIDAD;1;UNIDAD;UNIDAD x 1 UND;1;1;1
PRD01384;ESPONJA CERO RAYAS INSTITUCIONAL BLANCO 3M SCOTH BRITE UND;UND;;PRD01384;;ESPONJA CERO RAYAS INSTITUCIONAL BLANCO 3M SCOTH BRITE UND;UNIDAD;1;UNIDAD;UNIDAD x 1 UND;1;1;1
PRD01385;ESPONJA TRABAJO PESADO N° 88 SCOTCH BRITE;UND;;PRD01385;;ESPONJA TRABAJO PESADO N° 88 SCOTCH BRITE;UNIDAD;1;UNIDAD;UNIDAD x 1 UND;1;1;1
PRD01386;ESPONJA VERDE SCOTCH BRITE ORIGINAL PRECORTADO 1 X 2 UND;UND;;PRD01386;;ESPONJA VERDE SCOTCH BRITE ORIGINAL PRECORTADO 1 X 2 UND;PAR;1;PAR;PAR x 1 UND;1;1;1
PRD01387;ESPONJA TRABAJO PESADO N.88 SCOTCH BRITE;UND;;PRD01387;;ESPONJA TRABAJO PESADO N.88 SCOTCH BRITE;UNIDAD;1;UNIDAD;UNIDAD x 1 UND;1;1;1
PRD01388;ESPONJA VERDE SCOTCH BRITE 180 UND;UND;;PRD01388;;ESPONJA VERDE SCOTCH BRITE 180 UND;CAJA;180;CAJA;CAJA x 180 UND;1;1;1
PRD01389;REPUESTO MOOP ATRAPA POLVO DE ALGODON AZUL X 91 CM / DMTL-16536BCDA DARYZA;UND;;PRD01389;;REPUESTO MOOP ATRAPA POLVO DE ALGODON AZUL X 91 CM / DMTL-16536BCDA DARYZA;UNIDAD;1;UNIDAD;UNIDAD x 1 UND;1;1;1
PRD01390;MOPP COMPLETO PARA LUNAS;UND;;PRD01390;;MOPP COMPLETO PARA LUNAS;UNIDAD;1;UNIDAD;UNIDAD x 1 UND;1;1;1
PRD01391;"ATRAPA POLVO REPUESTO ALGODON/AZUL DM-25536BDA 36"" (91 CM) ABCO";UND;;PRD01391;;"ATRAPA POLVO REPUESTO ALGODON/AZUL DM-25536BDA 36"" (91 CM) ABCO";UNIDAD;1;UNIDAD;UNIDAD x 1 UND;1;1;1
PRD01392;TRAPEADOR DE POLVO COD K155 AZUL DE 91CM RUBBERMAID;UND;;PRD01392;;TRAPEADOR DE POLVO COD K155 AZUL DE 91CM RUBBERMAID;UNIDAD;1;UNIDAD;UNIDAD x 1 UND;1;1;1
PRD01393;RUBBERMAID REPUESTO ARMAZON TRAPEADOR M255 91 CM;UND;;PRD01393;;RUBBERMAID REPUESTO ARMAZON TRAPEADOR M255 91 CM;UNIDAD;1;UNIDAD;UNIDAD x 1 UND;1;1;1
PRD01394;RUBBERMAID REPUESTO TRAPEADOR DE POLVO 91 CM FGK155;UND;;PRD01394;;RUBBERMAID REPUESTO TRAPEADOR DE POLVO 91 CM FGK155;UNIDAD;1;UNIDAD;UNIDAD x 1 UND;1;1;1
PRD01395;RUBBERMAID REPUESTO PALO FIJACION FIBRA DE VIDRIO M146;UND;;PRD01395;;RUBBERMAID REPUESTO PALO FIJACION FIBRA DE VIDRIO M146;UNIDAD;1;UNIDAD;UNIDAD x 1 UND;1;1;1
PRD01396;RUBBERMAID KIT ATRAPA POLVO 91CM(ARMZM255-TRAPDRFGK155 -PALOM146);UND;;PRD01396;;RUBBERMAID KIT ATRAPA POLVO 91CM(ARMZM255-TRAPDRFGK155 -PALOM146);UNIDAD;1;UNIDAD;UNIDAD x 1 UND;1;1;1
PRD01397;REPUESTO TRAPEADOR DE MEZCLA SUPER STITCH MEDIANO AZUL FGD21206 RUBBERMAID;UND;;PRD01397;;REPUESTO TRAPEADOR DE MEZCLA SUPER STITCH MEDIANO AZUL FGD21206 RUBBERMAID;UNIDAD;1;UNIDAD;UNIDAD x 1 UND;1;1;1
PRD01398;REPUESTO TRAPEADOR DE MEZCLA SUPER STITCH MEDIANO ROJO FGD21206 RUBBERMAID;UND;;PRD01398;;REPUESTO TRAPEADOR DE MEZCLA SUPER STITCH MEDIANO ROJO FGD21206 RUBBERMAID;UNIDAD;1;UNIDAD;UNIDAD x 1 UND;1;1;1
PRD01399;REPUESTO TRAPEADOR DE MEZCLA SUPER STITCH MEDIANO VERDE FGD21206 RUBBERMAID;UND;;PRD01399;;REPUESTO TRAPEADOR DE MEZCLA SUPER STITCH MEDIANO VERDE FGD21206 RUBBERMAID;UNIDAD;1;UNIDAD;UNIDAD x 1 UND;1;1;1
PRD01400;REPUESTO TRAPEADOR DE MEZCLA SUPER STITCH MEDIANO BLANCO FGD21206 RUBBERMAID;UND;;PRD01400;;REPUESTO TRAPEADOR DE MEZCLA SUPER STITCH MEDIANO BLANCO FGD21206 RUBBERMAID;UNIDAD;1;UNIDAD;UNIDAD x 1 UND;1;1;1
PRD01401;PAÑO MICROFIBRA AZUL 40 X 40 CM - DARYZA;UND;;PRD01401;;PAÑO MICROFIBRA AZUL 40 X 40 CM - DARYZA;UNIDAD;1;UNIDAD;UNIDAD x 1 UND;1;1;1
PRD01402;FRANELA BALLERINA VIRUTEX;UND;;PRD01402;;FRANELA BALLERINA VIRUTEX;UNIDAD;1;UNIDAD;UNIDAD x 1 UND;1;1;1
PRD01403;PAÑO MICROFIBRA PARA USO GENERAL ROJO RUBBERMAID;UND;;PRD01403;;PAÑO MICROFIBRA PARA USO GENERAL ROJO RUBBERMAID;UNIDAD;1;UNIDAD;UNIDAD x 1 UND;1;1;1
PRD01404;PAÑO MICROFIBRA PARA USO GENERAL VERDE RUBBERMAID;UND;;PRD01404;;PAÑO MICROFIBRA PARA USO GENERAL VERDE RUBBERMAID;UNIDAD;1;UNIDAD;UNIDAD x 1 UND;1;1;1
PRD01405;PAÑO MICROFIBRA AMARILLO CM 40 X 38 - DARYZA;UND;;PRD01405;;PAÑO MICROFIBRA AMARILLO CM 40 X 38 - DARYZA;UNIDAD;1;UNIDAD;UNIDAD x 1 UND;1;1;1
PRD01406;PAÑO MICROFIBRA AZUL CM 40 X 38 - DARYZA;UND;;PRD01406;;PAÑO MICROFIBRA AZUL CM 40 X 38 - DARYZA;UNIDAD;1;UNIDAD;UNIDAD x 1 UND;1;1;1
PRD01407;PAÑO MICROFIBRA CASTOR AMARILLA 40 X 40 CM;UND;;PRD01407;;PAÑO MICROFIBRA CASTOR AMARILLA 40 X 40 CM;UNIDAD;1;UNIDAD;UNIDAD x 1 UND;1;1;1
PRD01408;FRANELA ROJA X METRO;UND;;PRD01408;;FRANELA ROJA X METRO;UNIDAD;1;UNIDAD;UNIDAD x 1 UND;1;1;1
PRD01409;REPUESTO PALO ALUMINIO JALADOR DE AGUA 1.40 MT GRIS 91018;UND;;PRD01409;;REPUESTO PALO ALUMINIO JALADOR DE AGUA 1.40 MT GRIS 91018;UNIDAD;1;UNIDAD;UNIDAD x 1 UND;1;1;1
PRD01410;ARMAZON TRAPEADOR M255 91 CM RUBBERMAID;UND;;PRD01410;;ARMAZON TRAPEADOR M255 91 CM RUBBERMAID;UNIDAD;1;UNIDAD;UNIDAD x 1 UND;1;1;1
PRD01411;BASTON DE FIJACION P/TRAPEADOR DE FIBRA VIDRIO - ALUMINIO FGM146000000 RUBBERMAID;UND;;PRD01411;;BASTON DE FIJACION P/TRAPEADOR DE FIBRA VIDRIO - ALUMINIO FGM146000000 RUBBERMAID;UNIDAD;1;UNIDAD;UNIDAD x 1 UND;1;1;1
PRD01412;RUBBERMAID KIT JALADOR DE AGUA 76 CM (JALADOR9C29-PALO91018);UND;;PRD01412;;RUBBERMAID KIT JALADOR DE AGUA 76 CM (JALADOR9C29-PALO91018);UNIDAD;1;UNIDAD;UNIDAD x 1 UND;1;1;1
PRD01413;REPUESTO BASTON DE ALUMINIO CON CABEZAL AMARILLO - 30232;UND;;PRD01413;;REPUESTO BASTON DE ALUMINIO CON CABEZAL AMARILLO - 30232;UNIDAD;1;UNIDAD;UNIDAD x 1 UND;1;1;1
PRD01414;PALO DE ALUMINIO MOERMAN 140 CM;UND;;PRD01414;;PALO DE ALUMINIO MOERMAN 140 CM;UNIDAD;1;UNIDAD;UNIDAD x 1 UND;1;1;1
PRD01415;REPUESTO TRAPEADOR HUMEDO DE ALGODON CON PRETINA BLANCO 16 OZ;UND;;PRD01415;;REPUESTO TRAPEADOR HUMEDO DE ALGODON CON PRETINA BLANCO 16 OZ;UNIDAD;1;UNIDAD;UNIDAD x 1 UND;1;1;1
PRD01416;REPUESTO TRAPEADOR HUMEDO DE ALGODON CON PRETINA VERDE 16 OZ;UND;;PRD01416;;REPUESTO TRAPEADOR HUMEDO DE ALGODON CON PRETINA VERDE 16 OZ;UNIDAD;1;UNIDAD;UNIDAD x 1 UND;1;1;1
PRD01417;REPUESTO TRAPEADOR HUMEDO DE ALGODON CON PRETINA AZUL 16 OZ;UND;;PRD01417;;REPUESTO TRAPEADOR HUMEDO DE ALGODON CON PRETINA AZUL 16 OZ;UNIDAD;1;UNIDAD;UNIDAD x 1 UND;1;1;1
PRD01418;REPUESTO TRAPEADOR HUMEDO DE ALGODON CON PRETINA ROJO 16 OZ;UND;;PRD01418;;REPUESTO TRAPEADOR HUMEDO DE ALGODON CON PRETINA ROJO 16 OZ;UNIDAD;1;UNIDAD;UNIDAD x 1 UND;1;1;1
PRD01419;CINTA PARA MARCAR ROPA 30 UND;UND;;PRD01419;;CINTA PARA MARCAR ROPA 30 UND;PAQUETE;30;PAQUETE;PAQUETE x 30 UND;1;1;1
PRD01420;ALCOHOL ISOPROPILICO AL 53 % DARYZA 1 LT;L;;PRD01420;;ALCOHOL ISOPROPILICO AL 53 % DARYZA 1 LT;FRASCO;1;FRASCO;FRASCO x 1 L;1;1;1
PRD01421;TAPETE PARA URINARIO ANTI SALPICADURA DARYZA MANGO;UND;;PRD01421;;TAPETE PARA URINARIO ANTI SALPICADURA DARYZA MANGO;UNIDAD;1;UNIDAD;UNIDAD x 1 UND;1;1;1
PRD01422;TAPETE PARA URINARIO ANTI SALPICADURA DARYZA FRESA;UND;;PRD01422;;TAPETE PARA URINARIO ANTI SALPICADURA DARYZA FRESA;UNIDAD;1;UNIDAD;UNIDAD x 1 UND;1;1;1
PRD01423;TAPETE PARA URINARIO ANTI SALPICADURA DARYZA MENTA;UND;;PRD01423;;TAPETE PARA URINARIO ANTI SALPICADURA DARYZA MENTA;UNIDAD;1;UNIDAD;UNIDAD x 1 UND;1;1;1
PRD01424;TAPETE PARA URINARIO ANTI SALPICADURA DARYZA LAVANDA;UND;;PRD01424;;TAPETE PARA URINARIO ANTI SALPICADURA DARYZA LAVANDA;UNIDAD;1;UNIDAD;UNIDAD x 1 UND;1;1;1
PRD01425;DESODORANTE AMBIENTADOR JARDIN DE ROSAS SAPOLIO 360 ML;UND;;PRD01425;;DESODORANTE AMBIENTADOR JARDIN DE ROSAS SAPOLIO 360 ML;FRASCO;1;FRASCO;FRASCO x 1 UND;1;1;1
PRD01426;DESODORANTE AMBIENTADOR ANTITABACO SAPOLIO 360 ML;UND;;PRD01426;;DESODORANTE AMBIENTADOR ANTITABACO SAPOLIO 360 ML;FRASCO;1;FRASCO;FRASCO x 1 UND;1;1;1
PRD01427;DESODORANTE AMBIENTADOR BEBE SAPOLIO 360 ML;UND;;PRD01427;;DESODORANTE AMBIENTADOR BEBE SAPOLIO 360 ML;FRASCO;1;FRASCO;FRASCO x 1 UND;1;1;1
PRD01428;DESODORANTE AMBIENTADOR BRISA MARINA SAPOLIO 360 ML;UND;;PRD01428;;DESODORANTE AMBIENTADOR BRISA MARINA SAPOLIO 360 ML;FRASCO;1;FRASCO;FRASCO x 1 UND;1;1;1
PRD01429;DESODORANTE AMBIENTADOR LAVANDA SAPOLIO 360 ML;UND;;PRD01429;;DESODORANTE AMBIENTADOR LAVANDA SAPOLIO 360 ML;FRASCO;1;FRASCO;FRASCO x 1 UND;1;1;1
PRD01430;DESODORANTE AMBIENTADOR POTPURRI SAPOLIO 360 ML;UND;;PRD01430;;DESODORANTE AMBIENTADOR POTPURRI SAPOLIO 360 ML;FRASCO;1;FRASCO;FRASCO x 1 UND;1;1;1
PRD01431;CERA PARA MADERA PRIDE JOHNSON 400 ML 12 UND;UND;;PRD01431;;CERA PARA MADERA PRIDE JOHNSON 400 ML 12 UND;PAQUETE;12;PAQUETE;PAQUETE x 12 UND;1;1;1
PRD01432;CERA PASTA ROJA TEKNOBRILL 3.8 LT;UND;;PRD01432;;CERA PASTA ROJA TEKNOBRILL 3.8 LT;GALON;1;GALON;GALON x 1 UND;1;1;1
PRD01433;CERA LIQUIDA ROJA DARYZA 3.8 LT;UND;;PRD01433;;CERA LIQUIDA ROJA DARYZA 3.8 LT;GALON;1;GALON;GALON x 1 UND;1;1;1
PRD01434;CERA AL AGUA GERMICIDA 3.8 LT;L;;PRD01434;;CERA AL AGUA GERMICIDA 3.8 LT;GALON;3.8;GALON;GALON x 3.8 L;1;1;1
PRD01435;SANIT 10 GARRAFA- 5 LITROS SPARTAN;L;;PRD01435;;SANIT 10 GARRAFA- 5 LITROS SPARTAN;UNIDAD;5;UNIDAD;UNIDAD x 5 L;1;1;1
PRD01436;DAM MOP GALÓN 3.8 LITROS SPARTAN;L;;PRD01436;;DAM MOP GALÓN 3.8 LITROS SPARTAN;UNIDAD;3.8;UNIDAD;UNIDAD x 3.8 L;1;1;1
PRD01437;LIQUID ALKALI BIDON 19 LITROS SPARTAN;L;;PRD01437;;LIQUID ALKALI BIDON 19 LITROS SPARTAN;UNIDAD;19;UNIDAD;UNIDAD x 19 L;1;1;1
PRD01438;CR2+ PRESENTACION 1 GALON;L;;PRD01438;;CR2+ PRESENTACION 1 GALON;UNIDAD;4;UNIDAD;UNIDAD x 4 L;1;1;1
PRD01439;DETERGENTE BOLIVAR 4.2 KG 4 UND;UND;;PRD01439;;DETERGENTE BOLIVAR 4.2 KG 4 UND;PAQUETE;4;PAQUETE;PAQUETE x 4 UND;1;1;1
PRD01440;ALCA DETER X 4L [B2-4L];L;;PRD01440;;ALCA DETER X 4L [B2-4L];LITRO;4;LITRO;LITRO x 4 L;1;1;1
PRD01441;LAVAVAJILLA X 1000 GR. SAPOLIO 8305162;KG;;PRD01441;;LAVAVAJILLA X 1000 GR. SAPOLIO 8305162;POTE;1;POTE;POTE x 1 KG;1;1;1
PRD01442;LAVAVAJILLA SAPOLIO 900 GR;KG;;PRD01442;;LAVAVAJILLA SAPOLIO 900 GR;POTE;0.9;POTE;POTE x 0.9 KG;1;1;1
PRD01443;LAVAVAJILLA GEL DARYZA LT;UND;;PRD01443;;LAVAVAJILLA GEL DARYZA LT;FRASCO;1;FRASCO;FRASCO x 1 UND;1;1;1
PRD01444;CLORIN 7.5 - ( 5 LITROS) SPARTAN;L;;PRD01444;;CLORIN 7.5 - ( 5 LITROS) SPARTAN;UNIDAD;5;UNIDAD;UNIDAD x 5 L;1;1;1
PRD01445;LEJIA SAPOLIO 3.785 ML;L;;PRD01445;;LEJIA SAPOLIO 3.785 ML;BOTELLA;3.785;BOTELLA;BOTELLA x 3.785 L;1;1;1
PRD01446;LEJIA CONCENTRADA DARYZA 4 LT (GL);L;;PRD01446;;LEJIA CONCENTRADA DARYZA 4 LT (GL);GALON;4;GALON;GALON x 4 L;1;1;1
PRD01447;LEJIA SAPOLIO 5 LT X 4UND;L;;PRD01447;;LEJIA SAPOLIO 5 LT X 4UND;CAJA;5;CAJA;CAJA x 5 L;1;1;1
PRD01448;LIMPIAVIDRIO CON GATILLO DARYZA 1 LT;L;;PRD01448;;LIMPIAVIDRIO CON GATILLO DARYZA 1 LT;FRASCO;1;FRASCO;FRASCO x 1 L;1;1;1
PRD01449;LIMPIAVIDRIO DARYZA 3.8 LT;UND;;PRD01449;;LIMPIAVIDRIO DARYZA 3.8 LT;GALON;1;GALON;GALON x 1 UND;1;1;1
PRD01450;LIMPIAVIDRIO DARYZA 1 LT;L;;PRD01450;;LIMPIAVIDRIO DARYZA 1 LT;FRASCO;1;FRASCO;FRASCO x 1 L;1;1;1
PRD01451;DM 500 H PLUS FP SPARTAN 19 LITROS - V3;L;;PRD01451;;DM 500 H PLUS FP SPARTAN 19 LITROS - V3;BIDON;19;BIDON;BIDON x 19 L;1;1;1
PRD01452;DM 500 H PLUS FP SPARTAN 3.875 LITROS - V3;L;;PRD01452;;DM 500 H PLUS FP SPARTAN 3.875 LITROS - V3;GALON;3.875;GALON;GALON x 3.875 L;1;1;1
PRD01453;DM 500 H PLUS FP SPARTAN 5 LITROS - V3;L;;PRD01453;;DM 500 H PLUS FP SPARTAN 5 LITROS - V3;UNIDAD;5;UNIDAD;UNIDAD x 5 L;1;1;1
PRD01454;SUPERCLEAN FP GARRAFA - 5 LITROS - SPARTAN;L;;PRD01454;;SUPERCLEAN FP GARRAFA - 5 LITROS - SPARTAN;UNIDAD;5;UNIDAD;UNIDAD x 5 L;1;1;1
PRD01455;SPARCLEAN RINSE AID II SPARTAN 5 LT;UND;;PRD01455;;SPARCLEAN RINSE AID II SPARTAN 5 LT;UNIDAD;1;UNIDAD;UNIDAD x 1 UND;1;1;1
PRD01456;POT & PAN - GARRAFA 5 LITROS -SPARTAN;L;;PRD01456;;POT & PAN - GARRAFA 5 LITROS -SPARTAN;UNIDAD;5;UNIDAD;UNIDAD x 5 L;1;1;1
PRD01457;PAPEL TEST QUAT 1 X 1;UND;;PRD01457;;PAPEL TEST QUAT 1 X 1;UNIDAD;1;UNIDAD;UNIDAD x 1 UND;1;1;1
PRD01458;VASELINA NO PERFUMADA POTE 18 GR;UND;;PRD01458;;VASELINA NO PERFUMADA POTE 18 GR;UNIDAD;1;UNIDAD;UNIDAD x 1 UND;1;1;1
PRD01459;PASTILLAS DESCALCIFICADORAS RATIONAL MODELO NO. 56.00.562;UND;;PRD01459;;PASTILLAS DESCALCIFICADORAS RATIONAL MODELO NO. 56.00.562;BALDE;1;BALDE;BALDE x 1 UND;1;1;1
PRD01460;TAPETE PVC PARA URINARIO ROJO DARYZA;UND;;PRD01460;;TAPETE PVC PARA URINARIO ROJO DARYZA;UNIDAD;1;UNIDAD;UNIDAD x 1 UND;1;1;1
PRD01461;PASTILLAS DE LAVADO RATIONAL MODELO NO. 56.00.210;UND;;PRD01461;;PASTILLAS DE LAVADO RATIONAL MODELO NO. 56.00.210;BALDE;1;BALDE;BALDE x 1 UND;1;1;1
PRD01462;CARAMELO HALLS CHERRY LYPTUS 100 UND;UND;;PRD01462;;CARAMELO HALLS CHERRY LYPTUS 100 UND;BOLSA;100;BOLSA;BOLSA x 100 UND;1;1;1
PRD01463;CHOCOLATE RELLENO MECANO COSTA 19 GR;UND;;PRD01463;;CHOCOLATE RELLENO MECANO COSTA 19 GR;UNIDAD;1;UNIDAD;UNIDAD x 1 UND;1;1;1
PRD01464;GALLETA RELLENA CHOCOLATE CASINO 51/43 GR;UND;;PRD01464;;GALLETA RELLENA CHOCOLATE CASINO 51/43 GR;PAQUETE;1;PAQUETE;PAQUETE x 1 UND;1;1;1
PRD01465;CHOCOLATE WAFER CUA CUA LACTA 18 GR;UND;;PRD01465;;CHOCOLATE WAFER CUA CUA LACTA 18 GR;UNIDAD;1;UNIDAD;UNIDAD x 1 UND;1;1;1
PRD01466;CHOCOLATE DOÑA PEPA LACTA 23 GR;UND;;PRD01466;;CHOCOLATE DOÑA PEPA LACTA 23 GR;UNIDAD;1;UNIDAD;UNIDAD x 1 UND;1;1;1
PRD01467;GALLETA CHOCOCHIPS CHIPS AHOY 45 GR;UND;;PRD01467;;GALLETA CHOCOCHIPS CHIPS AHOY 45 GR;PAQUETE;1;PAQUETE;PAQUETE x 1 UND;1;1;1
PRD01468;BOLSA PARA SANDWICH 6 X 6 PAQUETE 1 MILLAR;UND;;PRD01468;;BOLSA PARA SANDWICH 6 X 6 PAQUETE 1 MILLAR;PAQUETE;1000;PAQUETE;PAQUETE x 1000 UND;1;1;1
PRD01469;BOLSA BLANCA T-SHIRT 16 X 19 100 UNID;UND;;PRD01469;;BOLSA BLANCA T-SHIRT 16 X 19 100 UNID;PAQUETE;100;PAQUETE;PAQUETE x 100 UND;1;1;1
PRD01470;BOLSA TRANSPARENTE ROLLOMATIC 8 X 12;UND;;PRD01470;;BOLSA TRANSPARENTE ROLLOMATIC 8 X 12;ROLLO;1;ROLLO;ROLLO x 1 UND;1;1;1
PRD01471;BOLSA TRANSPARENTE ROLLOMATIC 5 X 10;UND;;PRD01471;;BOLSA TRANSPARENTE ROLLOMATIC 5 X 10;ROLLO;1;ROLLO;ROLLO x 1 UND;1;1;1
PRD01472;BOLSA PARA LAVANDERIA BIODEG.PARAISO 16.5 X 23 MILLAR;UND;;PRD01472;;BOLSA PARA LAVANDERIA BIODEG.PARAISO 16.5 X 23 MILLAR;PAQUETE;1000;PAQUETE;PAQUETE x 1000 UND;1;1;1
PRD01473;PAPEL HIGIENICO GOFRADO SCOTT 15 MT ( 30206615);UND;;PRD01473;;PAPEL HIGIENICO GOFRADO SCOTT 15 MT ( 30206615);ROLLO;1;ROLLO;ROLLO x 1 UND;1;1;1
PRD01474;BOLSA BLANCA T-SHIRT 19 X 20 100 UND;UND;;PRD01474;;BOLSA BLANCA T-SHIRT 19 X 20 100 UND;PAQUETE;100;PAQUETE;PAQUETE x 100 UND;1;1;1
PRD01475;BOLSA BLANCA T-SHIRT 21 X 24 100 UND;UND;;PRD01475;;BOLSA BLANCA T-SHIRT 21 X 24 100 UND;PAQUETE;100;PAQUETE;PAQUETE x 100 UND;1;1;1
PRD01476;CERVEZA ERDINGER SIN ALCOHOL 330 ML;UND;;PRD01476;;CERVEZA ERDINGER SIN ALCOHOL 330 ML;BOTELLA;1;BOTELLA;BOTELLA x 1 UND;1;1;1
PRD01477;CERVEZA BITBURGER SIN ALCOHOL 330 ML (VIDRIO);UND;;PRD01477;;CERVEZA BITBURGER SIN ALCOHOL 330 ML (VIDRIO);BOTELLA;1;BOTELLA;BOTELLA x 1 UND;1;1;1
PRD01478;CERVEZA BITBURGER SIN ALCOHOL 500 ML LATA;UND;;PRD01478;;CERVEZA BITBURGER SIN ALCOHOL 500 ML LATA;LATA;1;LATA;LATA x 1 UND;1;1;1
PRD01479;CIGARRILLO HAMILTON GRANDE;UND;;PRD01479;;CIGARRILLO HAMILTON GRANDE;CAJETILLA;1;CAJETILLA;CAJETILLA x 1 UND;1;1;1
PRD01480;CIGARRILLO MARLBORO GOLD BLANCO GRANDE X20;UND;;PRD01480;;CIGARRILLO MARLBORO GOLD BLANCO GRANDE X20;CAJETILLA;1;CAJETILLA;CAJETILLA x 1 UND;1;1;1
PRD01481;CIGARRILLO MARLBORO GOLD BLANCO CHICO X10;UND;;PRD01481;;CIGARRILLO MARLBORO GOLD BLANCO CHICO X10;CAJETILLA;1;CAJETILLA;CAJETILLA x 1 UND;1;1;1
PRD01482;CIGARRILLO MARLBORO ROJO GRANDE;UND;;PRD01482;;CIGARRILLO MARLBORO ROJO GRANDE;CAJETILLA;1;CAJETILLA;CAJETILLA x 1 UND;1;1;1
PRD01483;CIGARRILLO MARLBORO ROJO CHICO;UND;;PRD01483;;CIGARRILLO MARLBORO ROJO CHICO;CAJETILLA;1;CAJETILLA;CAJETILLA x 1 UND;1;1;1
PRD01484;CIGARRILLO WINSTON BLUE GRANDE;UND;;PRD01484;;CIGARRILLO WINSTON BLUE GRANDE;CAJETILLA;1;CAJETILLA;CAJETILLA x 1 UND;1;1;1
PRD01485;CIGARRILLO WINSTON CLASSIC GRANDE;UND;;PRD01485;;CIGARRILLO WINSTON CLASSIC GRANDE;CAJETILLA;1;CAJETILLA;CAJETILLA x 1 UND;1;1;1
PRD01486;AGUA SAN LUIS SIN GAS 750 ML;UND;;PRD01486;;AGUA SAN LUIS SIN GAS 750 ML;BOTELLA;1;BOTELLA;BOTELLA x 1 UND;1;1;1
PRD01487;AGUA CIELO SIN GAS 625 ML (E);UND;;PRD01487;;AGUA CIELO SIN GAS 625 ML (E);BOTELLA;1;BOTELLA;BOTELLA x 1 UND;1;1;1
PRD01488;AGUA SAN LUIS SIN GAS 3 LT;UND;;PRD01488;;AGUA SAN LUIS SIN GAS 3 LT;BOTELLA;1;BOTELLA;BOTELLA x 1 UND;1;1;1
PRD01489;AGUA SAN LUIS SIN GAS 3 LT (EMER);UND;;PRD01489;;AGUA SAN LUIS SIN GAS 3 LT (EMER);BOTELLA;1;BOTELLA;BOTELLA x 1 UND;1;1;1
PRD01490;AGUA VIDA DESCARTABLE BIB 20 LT;L;;PRD01490;;AGUA VIDA DESCARTABLE BIB 20 LT;CAJA;20;CAJA;CAJA x 20 L;1;1;1
PRD01491;AGUA SOCOSANI CON GAS 500 ML;UND;;PRD01491;;AGUA SOCOSANI CON GAS 500 ML;BOTELLA;1;BOTELLA;BOTELLA x 1 UND;1;1;1
PRD01492;LIMPIA VIDRIO SAPOLIO 650 ML;L;;PRD01492;;LIMPIA VIDRIO SAPOLIO 650 ML;BOTELLA;0.65;BOTELLA;BOTELLA x 0.65 L;1;1;1
PRD01493;DESINFECTANTE LIMPIADOR SAPOLIO 900 ML;L;;PRD01493;;DESINFECTANTE LIMPIADOR SAPOLIO 900 ML;BOTELLA;0.9;BOTELLA;BOTELLA x 0.9 L;1;1;1
PRD01494;JUGO DE MANZANA FRUGOS 1 LT;L;;PRD01494;;JUGO DE MANZANA FRUGOS 1 LT;CAJA;1;CAJA;CAJA x 1 L;1;1;1
PRD01495;JUGO DE PERA LAIVE 200 ML;UND;;PRD01495;;JUGO DE PERA LAIVE 200 ML;CAJA;1;CAJA;CAJA x 1 UND;1;1;1
PRD01496;JUGO DE MANZANA AQUARIUS 500/600 ML;UND;;PRD01496;;JUGO DE MANZANA AQUARIUS 500/600 ML;BOTELLA;1;BOTELLA;BOTELLA x 1 UND;1;1;1
PRD01497;JUGO DE PERA AQUARIUS 500/600 ML;UND;;PRD01497;;JUGO DE PERA AQUARIUS 500/600 ML;BOTELLA;1;BOTELLA;BOTELLA x 1 UND;1;1;1
PRD01498;JUGO DE MANGO FRUGOS 235 ML;UND;;PRD01498;;JUGO DE MANGO FRUGOS 235 ML;CAJA;1;CAJA;CAJA x 1 UND;1;1;1
PRD01499;JUGO DE NARANJA AQUARIUS 500/600 ML;UND;;PRD01499;;JUGO DE NARANJA AQUARIUS 500/600 ML;BOTELLA;1;BOTELLA;BOTELLA x 1 UND;1;1;1
PRD01500;JUGO KIWIFRESH 510 ML;UND;;PRD01500;;JUGO KIWIFRESH 510 ML;BOTELLA;1;BOTELLA;BOTELLA x 1 UND;1;1;1
PRD01501;JUGO CIFRUT ISLAND PUNCH PET 500 ML;UND;;PRD01501;;JUGO CIFRUT ISLAND PUNCH PET 500 ML;BOTELLA;1;BOTELLA;BOTELLA x 1 UND;1;1;1
PRD01502;JUGO DE NARANJA FRUGOS DEL VALLE FRESH 500 ML;UND;;PRD01502;;JUGO DE NARANJA FRUGOS DEL VALLE FRESH 500 ML;BOTELLA;1;BOTELLA;BOTELLA x 1 UND;1;1;1
PRD01503;JUGO DE MANZANA FRUGOS DEL VALLE FRESH 500 ML;UND;;PRD01503;;JUGO DE MANZANA FRUGOS DEL VALLE FRESH 500 ML;BOTELLA;1;BOTELLA;BOTELLA x 1 UND;1;1;1
PRD01504;JUGO FRUIT PUNCH FRUGOS DEL VALLE FRESH 500 ML;UND;;PRD01504;;JUGO FRUIT PUNCH FRUGOS DEL VALLE FRESH 500 ML;BOTELLA;1;BOTELLA;BOTELLA x 1 UND;1;1;1
PRD01505;JUGO CIFRUT ISLAND PUNCH PET 400 ML;UND;;PRD01505;;JUGO CIFRUT ISLAND PUNCH PET 400 ML;BOTELLA;1;BOTELLA;BOTELLA x 1 UND;1;1;1
PRD01506;JUGO CIFRUT NARANJA-MANDARINA-LIMON 350 ML;UND;;PRD01506;;JUGO CIFRUT NARANJA-MANDARINA-LIMON 350 ML;BOTELLA;1;BOTELLA;BOTELLA x 1 UND;1;1;1
PRD01507;JUGO CIFRUT FRUIT PUNCH 350 ML;UND;;PRD01507;;JUGO CIFRUT FRUIT PUNCH 350 ML;BOTELLA;1;BOTELLA;BOTELLA x 1 UND;1;1;1
PRD01508;JUGO CIFRUT ISLAND PUNCH PET 350 ML;UND;;PRD01508;;JUGO CIFRUT ISLAND PUNCH PET 350 ML;BOTELLA;1;BOTELLA;BOTELLA x 1 UND;1;1;1
PRD01509;JUGO DE NARANJA GLORIA 200 ML;UND;;PRD01509;;JUGO DE NARANJA GLORIA 200 ML;CAJA;1;CAJA;CAJA x 1 UND;1;1;1
PRD01510;JUGO DE DURAZNO FRUGOS 970 ML;UND;;PRD01510;;JUGO DE DURAZNO FRUGOS 970 ML;CAJA;1;CAJA;CAJA x 1 UND;1;1;1
PRD01511;JUGO DE MANZANA FRUGOS 970 ML;UND;;PRD01511;;JUGO DE MANZANA FRUGOS 970 ML;CAJA;1;CAJA;CAJA x 1 UND;1;1;1
PRD01512;JUGO DE NARANJA FRUGOS 970 ML;UND;;PRD01512;;JUGO DE NARANJA FRUGOS 970 ML;CAJA;1;CAJA;CAJA x 1 UND;1;1;1
PRD01513;JUGO DE DURAZNO GLORIA 200 ML;UND;;PRD01513;;JUGO DE DURAZNO GLORIA 200 ML;CAJA;1;CAJA;CAJA x 1 UND;1;1;1
PRD01514;JUGO DE MANGO WATTS 946 ML;UND;;PRD01514;;JUGO DE MANGO WATTS 946 ML;CAJA;1;CAJA;CAJA x 1 UND;1;1;1
PRD01515;JUGO DE DURAZNO WATTS 946 ML;UND;;PRD01515;;JUGO DE DURAZNO WATTS 946 ML;CAJA;1;CAJA;CAJA x 1 UND;1;1;1
PRD01516;JUGO DE NARANJA WATTS 946 ML;UND;;PRD01516;;JUGO DE NARANJA WATTS 946 ML;CAJA;1;CAJA;CAJA x 1 UND;1;1;1
PRD01517;PRE ELABORADO CENTRAL DE ALIMENTOS MANZANA 1 LT;L;;PRD01517;;PRE ELABORADO CENTRAL DE ALIMENTOS MANZANA 1 LT;BOLSA;1;BOLSA;BOLSA x 1 L;1;1;1
PRD01518;PRE ELABORADO CENTRAL DE ALIMENTOS MARACUYA 1 LT;L;;PRD01518;;PRE ELABORADO CENTRAL DE ALIMENTOS MARACUYA 1 LT;BOLSA;1;BOLSA;BOLSA x 1 L;1;1;1
PRD01519;PRE ELABORADO NATURALE CONCENTRADO EMOLIENTE 2 LT;L;;PRD01519;;PRE ELABORADO NATURALE CONCENTRADO EMOLIENTE 2 LT;BOLSA;2;BOLSA;BOLSA x 2 L;1;1;1
PRD01520;CHICHA MORADA GLORIA 400 ML;UND;;PRD01520;;CHICHA MORADA GLORIA 400 ML;BOTELLA;1;BOTELLA;BOTELLA x 1 UND;1;1;1
PRD01521;PRE ELABORADO CENTRAL DE ALIMENTO CARAMBOLA 2 LT;L;;PRD01521;;PRE ELABORADO CENTRAL DE ALIMENTO CARAMBOLA 2 LT;BOLSA;2;BOLSA;BOLSA x 2 L;1;1;1
PRD01522;PRE ELABORADO CENTRAL DE ALIMENTO CHICHA MORADA 2 LT;L;;PRD01522;;PRE ELABORADO CENTRAL DE ALIMENTO CHICHA MORADA 2 LT;BOLSA;2;BOLSA;BOLSA x 2 L;1;1;1
PRD01523;PRE ELABORADO CENTRAL DE ALIMENTO MARACUYA 2 LT;L;;PRD01523;;PRE ELABORADO CENTRAL DE ALIMENTO MARACUYA 2 LT;BOLSA;2;BOLSA;BOLSA x 2 L;1;1;1
PRD01524;JUGO DE DURAZNO PULP 315 ML;UND;;PRD01524;;JUGO DE DURAZNO PULP 315 ML;CAJA;1;CAJA;CAJA x 1 UND;1;1;1
PRD01525;JUGO DE PIÑA GLORIA 250 ML;UND;;PRD01525;;JUGO DE PIÑA GLORIA 250 ML;CAJA;1;CAJA;CAJA x 1 UND;1;1;1
PRD01526;JUGO TAMPICO NARANJA 3.8 LT;L;;PRD01526;;JUGO TAMPICO NARANJA 3.8 LT;BOTELLA;3.8;BOTELLA;BOTELLA x 3.8 L;1;1;1
PRD01527;JUGO DE DURAZNO WATTS 350 ML;UND;;PRD01527;;JUGO DE DURAZNO WATTS 350 ML;BOTELLA;1;BOTELLA;BOTELLA x 1 UND;1;1;1
PRD01528;PULIDOR SAPOLIO 450 GR;UND;;PRD01528;;PULIDOR SAPOLIO 450 GR;SACHET;1;SACHET;SACHET x 1 UND;1;1;1
PRD01529;JUGO CIFRUT GRANADILLA-MARACUYA 400 ML;UND;;PRD01529;;JUGO CIFRUT GRANADILLA-MARACUYA 400 ML;BOTELLA;1;BOTELLA;BOTELLA x 1 UND;1;1;1
PRD01530;JUGO CIFRUT NARANJA 400 ML;UND;;PRD01530;;JUGO CIFRUT NARANJA 400 ML;BOTELLA;1;BOTELLA;BOTELLA x 1 UND;1;1;1
PRD01531;BEBIDA BIO ALOE PET 520 ML;UND;;PRD01531;;BEBIDA BIO ALOE PET 520 ML;BOTELLA;1;BOTELLA;BOTELLA x 1 UND;1;1;1
PRD01532;JUGO CIFRUT NARANJA 500 ML;UND;;PRD01532;;JUGO CIFRUT NARANJA 500 ML;BOTELLA;1;BOTELLA;BOTELLA x 1 UND;1;1;1
PRD01533;LAVAVAJILLA SAPOLIO 360 GR;KG;;PRD01533;;LAVAVAJILLA SAPOLIO 360 GR;POTE;0.36;POTE;POTE x 0.36 KG;1;1;1
PRD01534;JOHNSON DIVERSEY FORWARD 5 LT;L;;PRD01534;;JOHNSON DIVERSEY FORWARD 5 LT;GALON;5;GALON;GALON x 5 L;1;1;1
PRD01535;GASEOSA COCA COLA 2.5 LT;L;;PRD01535;;GASEOSA COCA COLA 2.5 LT;BOTELLA;2.5;BOTELLA;BOTELLA x 2.5 L;1;1;1
PRD01536;BEBIDA FREE TEA LIMON 500 ML (PET);UND;;PRD01536;;BEBIDA FREE TEA LIMON 500 ML (PET);BOTELLA;1;BOTELLA;BOTELLA x 1 UND;1;1;1
PRD01537;GASEOSA PERSONAL COCA COLA 500 ML;UND;;PRD01537;;GASEOSA PERSONAL COCA COLA 500 ML;BOTELLA;1;BOTELLA;BOTELLA x 1 UND;1;1;1
PRD01538;GASEOSA PERSONAL INCA KOLA 500 ML;UND;;PRD01538;;GASEOSA PERSONAL INCA KOLA 500 ML;BOTELLA;1;BOTELLA;BOTELLA x 1 UND;1;1;1
PRD01539;GASEOSA COCA COLA PET 2.25 LT;UND;;PRD01539;;GASEOSA COCA COLA PET 2.25 LT;BOTELLA;1;BOTELLA;BOTELLA x 1 UND;1;1;1
PRD01540;GASEOSA PEPSI 600 ML;UND;;PRD01540;;GASEOSA PEPSI 600 ML;BOTELLA;1;BOTELLA;BOTELLA x 1 UND;1;1;1
PRD01541;GASEOSA PERSONAL COCA COLA 600 ML;UND;;PRD01541;;GASEOSA PERSONAL COCA COLA 600 ML;BOTELLA;1;BOTELLA;BOTELLA x 1 UND;1;1;1
PRD01542;GASEOSA PERSONAL INCA KOLA 600 ML;UND;;PRD01542;;GASEOSA PERSONAL INCA KOLA 600 ML;BOTELLA;1;BOTELLA;BOTELLA x 1 UND;1;1;1
PRD01543;GASEOSA INCA KOLA SIN AZUCAR 600 ML;UND;;PRD01543;;GASEOSA INCA KOLA SIN AZUCAR 600 ML;BOTELLA;1;BOTELLA;BOTELLA x 1 UND;1;1;1
PRD01544;GASEOSA COCA COLA SIN AZUCAR 600 ML;UND;;PRD01544;;GASEOSA COCA COLA SIN AZUCAR 600 ML;BOTELLA;1;BOTELLA;BOTELLA x 1 UND;1;1;1
PRD01545;JOHNSON DIVERSEY CLAX HYPO 4 AL 1 20 LT;L;;PRD01545;;JOHNSON DIVERSEY CLAX HYPO 4 AL 1 20 LT;BIDON;20;BIDON;BIDON x 20 L;1;1;1
PRD01546;GASEOSA FANTA KOLA INGLESA 500 ML;UND;;PRD01546;;GASEOSA FANTA KOLA INGLESA 500 ML;BOTELLA;1;BOTELLA;BOTELLA x 1 UND;1;1;1
PRD01547;JOHNSON DIVERSEY SUMA CRYSTAL 20 LT;L;;PRD01547;;JOHNSON DIVERSEY SUMA CRYSTAL 20 LT;BIDON;20;BIDON;BIDON x 20 L;1;1;1
PRD01548;JOHNSON DIVERSEY SUMA NOVA 20 LT;L;;PRD01548;;JOHNSON DIVERSEY SUMA NOVA 20 LT;BIDON;20;BIDON;BIDON x 20 L;1;1;1
PRD01549;JOHNSON DIVERSEY CLAX BETA 20 LT;L;;PRD01549;;JOHNSON DIVERSEY CLAX BETA 20 LT;BIDON;20;BIDON;BIDON x 20 L;1;1;1
PRD01550;GASEOSA INCA KOLA SIN AZUCAR 500 ML;UND;;PRD01550;;GASEOSA INCA KOLA SIN AZUCAR 500 ML;BOTELLA;1;BOTELLA;BOTELLA x 1 UND;1;1;1
PRD01551;BEBIDA FREE TEA LIGHT 450 ML;UND;;PRD01551;;BEBIDA FREE TEA LIGHT 450 ML;BOTELLA;1;BOTELLA;BOTELLA x 1 UND;1;1;1
PRD01552;GASEOSA INCA KOLA 450 ML;UND;;PRD01552;;GASEOSA INCA KOLA 450 ML;BOTELLA;1;BOTELLA;BOTELLA x 1 UND;1;1;1
PRD01553;JOHNSON DIVERSEY CLAX SUAVE 20 LT;L;;PRD01553;;JOHNSON DIVERSEY CLAX SUAVE 20 LT;BIDON;20;BIDON;BIDON x 20 L;1;1;1
PRD01554;GASEOSA COCA COLA 450 ML;UND;;PRD01554;;GASEOSA COCA COLA 450 ML;BOTELLA;1;BOTELLA;BOTELLA x 1 UND;1;1;1
PRD01555;GASEOSA FANTA SIN AZUCAR 400 ML;UND;;PRD01555;;GASEOSA FANTA SIN AZUCAR 400 ML;BOTELLA;1;BOTELLA;BOTELLA x 1 UND;1;1;1
PRD01556;GASEOSA SPRITE 400 ML;UND;;PRD01556;;GASEOSA SPRITE 400 ML;BOTELLA;1;BOTELLA;BOTELLA x 1 UND;1;1;1
PRD01557;GASEOSA SPRITE SIN AZUCAR 400 ML;UND;;PRD01557;;GASEOSA SPRITE SIN AZUCAR 400 ML;BOTELLA;1;BOTELLA;BOTELLA x 1 UND;1;1;1
PRD01558;GASEOSA FANTA ZERO 400 ML;UND;;PRD01558;;GASEOSA FANTA ZERO 400 ML;BOTELLA;1;BOTELLA;BOTELLA x 1 UND;1;1;1
PRD01559;GASEOSA COCA COLA SIN AZUCAR 300 ML (SAMPLING);UND;;PRD01559;;GASEOSA COCA COLA SIN AZUCAR 300 ML (SAMPLING);BOTELLA;1;BOTELLA;BOTELLA x 1 UND;1;1;1
PRD01560;GASEOSA COCA COLA 300 ML (SAMPLING);UND;;PRD01560;;GASEOSA COCA COLA 300 ML (SAMPLING);BOTELLA;1;BOTELLA;BOTELLA x 1 UND;1;1;1
PRD01561;GASEOSA SPRITE SIN AZUCAR 3 LT;UND;;PRD01561;;GASEOSA SPRITE SIN AZUCAR 3 LT;BOTELLA;1;BOTELLA;BOTELLA x 1 UND;1;1;1
PRD01562;JOHNSON DIVERSEY SUMA CALC 5 LT R03300;L;;PRD01562;;JOHNSON DIVERSEY SUMA CALC 5 LT R03300;GALON;5;GALON;GALON x 5 L;1;1;1
PRD01563;BEBIDA FREE TEA NEGRO LIMON 500 ML (PET);UND;;PRD01563;;BEBIDA FREE TEA NEGRO LIMON 500 ML (PET);BOTELLA;1;BOTELLA;BOTELLA x 1 UND;1;1;1
PRD01564;GASEOSA FANTA SIN AZUCAR 500 ML;UND;;PRD01564;;GASEOSA FANTA SIN AZUCAR 500 ML;BOTELLA;1;BOTELLA;BOTELLA x 1 UND;1;1;1
PRD01565;JOHNSON DIVERSEY SOFTCARE ENHACE 5 LT;L;;PRD01565;;JOHNSON DIVERSEY SOFTCARE ENHACE 5 LT;GALON;5;GALON;GALON x 5 L;1;1;1
PRD01566;JOHNSON DIVERSEY SUMA PLAQ 5 LT;L;;PRD01566;;JOHNSON DIVERSEY SUMA PLAQ 5 LT;GALON;5;GALON;GALON x 5 L;1;1;1
PRD01567;JOHNSON DIVERSEY SOFTCARE ALCOHOL GEL 800 ML;L;;PRD01567;;JOHNSON DIVERSEY SOFTCARE ALCOHOL GEL 800 ML;SACHET;0.8;SACHET;SACHET x 0.8 L;1;1;1
PRD01568;SILICONA PARA AUTO SAPOLIO 360 CC;L;;PRD01568;;SILICONA PARA AUTO SAPOLIO 360 CC;LATA;0.44;LATA;LATA x 0.44 L;1;1;1
PRD01569;JOHNSON DIVERSEY SOFTCARE BAC 5 LT;L;;PRD01569;;JOHNSON DIVERSEY SOFTCARE BAC 5 LT;GALON;5;GALON;GALON x 5 L;1;1;1
PRD01570;JABON ANTIBACTERIAL PROTEX 75 GR-LIMPIEZA PROFUNDA;UND;;PRD01570;;JABON ANTIBACTERIAL PROTEX 75 GR-LIMPIEZA PROFUNDA;GRANO;1;GRANO;GRANO x 1 UND;1;1;1
PRD01571;DETERGENTE SAPOLIO DE 13.5 KG;KG;;PRD01571;;DETERGENTE SAPOLIO DE 13.5 KG;SACO;15;SACO;SACO x 15 KG;1;1;1
PRD01572;CERA AL AGUA SAPOLIO 3.785 LT;L;;PRD01572;;CERA AL AGUA SAPOLIO 3.785 LT;GALON;4;GALON;GALON x 4 L;1;1;1
PRD01573;LEJIA SAPOLIO 2 LT;L;;PRD01573;;LEJIA SAPOLIO 2 LT;BOTELLA;2;BOTELLA;BOTELLA x 2 L;1;1;1
PRD01574;JOHNSON DIVERSEY SUMA J512 5 LT;L;;PRD01574;;JOHNSON DIVERSEY SUMA J512 5 LT;GALON;5;GALON;GALON x 5 L;1;1;1
PRD01575;BEBIDA ACTI AVENA GLORIA 250 MLT;UND;;PRD01575;;BEBIDA ACTI AVENA GLORIA 250 MLT;VASO;1;VASO;VASO x 1 UND;1;1;1
PRD01576;PRE ELABORADO NATURALE CONCENTRADO PIÑA GOLDEN 2 LT;L;;PRD01576;;PRE ELABORADO NATURALE CONCENTRADO PIÑA GOLDEN 2 LT;BOLSA;2;BOLSA;BOLSA x 2 L;1;1;1
PRD01577;BEBIDA ACTI AVENA GLORIA 200 MLT;UND;;PRD01577;;BEBIDA ACTI AVENA GLORIA 200 MLT;CAJA;1;CAJA;CAJA x 1 UND;1;1;1
PRD01578;CERA PASTA ROJA SAPOLIO 3.785 LT;L;;PRD01578;;CERA PASTA ROJA SAPOLIO 3.785 LT;BALDE;3.785;BALDE;BALDE x 3.785 L;1;1;1
PRD01579;BEBIDA REHIDRATANTE TROPICAL GATORADE 500 ML;UND;;PRD01579;;BEBIDA REHIDRATANTE TROPICAL GATORADE 500 ML;BOTELLA;1;BOTELLA;BOTELLA x 1 UND;1;1;1
PRD01580;BEBIDA REHIDRATANTE MARACUYA GATORADE 500 ML;UND;;PRD01580;;BEBIDA REHIDRATANTE MARACUYA GATORADE 500 ML;BOTELLA;1;BOTELLA;BOTELLA x 1 UND;1;1;1
PRD01581;BEBIDA REHIDRATANTE MANDARINA GATORADE 500 ML;UND;;PRD01581;;BEBIDA REHIDRATANTE MANDARINA GATORADE 500 ML;BOTELLA;1;BOTELLA;BOTELLA x 1 UND;1;1;1
PRD01582;BEBIDA REHIDRATANTE APPLE ICE GATORADE 500 ML;UND;;PRD01582;;BEBIDA REHIDRATANTE APPLE ICE GATORADE 500 ML;BOTELLA;1;BOTELLA;BOTELLA x 1 UND;1;1;1
PRD01583;BEBIDA REHIDRATANTE MANDARINA GATORADE 750 ML;UND;;PRD01583;;BEBIDA REHIDRATANTE MANDARINA GATORADE 750 ML;BOTELLA;1;BOTELLA;BOTELLA x 1 UND;1;1;1
PRD01584;BEBIDA REHIDRATANTE TROPICAL GATORADE 750 ML;UND;;PRD01584;;BEBIDA REHIDRATANTE TROPICAL GATORADE 750 ML;BOTELLA;1;BOTELLA;BOTELLA x 1 UND;1;1;1
PRD01585;BEBIDA REHIDRATANTE APPLE ICE GATORADE 750 ML;UND;;PRD01585;;BEBIDA REHIDRATANTE APPLE ICE GATORADE 750 ML;BOTELLA;1;BOTELLA;BOTELLA x 1 UND;1;1;1
PRD01586;BEBIDA REHIDRATANTE MORA AZUL POWERADE 473 ML;UND;;PRD01586;;BEBIDA REHIDRATANTE MORA AZUL POWERADE 473 ML;BOTELLA;1;BOTELLA;BOTELLA x 1 UND;1;1;1
PRD01587;BEBIDA REHIDRATANTE FRUTAS POWERADE PET 600 ML;UND;;PRD01587;;BEBIDA REHIDRATANTE FRUTAS POWERADE PET 600 ML;BOTELLA;1;BOTELLA;BOTELLA x 1 UND;1;1;1
PRD01588;BEBIDA REHIDRATANTE LIMON POWERADE PET 600 ML;UND;;PRD01588;;BEBIDA REHIDRATANTE LIMON POWERADE PET 600 ML;BOTELLA;1;BOTELLA;BOTELLA x 1 UND;1;1;1
PRD01589;BEBIDA REHIDRATANTE MORA POWERADE PET 600 ML;UND;;PRD01589;;BEBIDA REHIDRATANTE MORA POWERADE PET 600 ML;BOTELLA;1;BOTELLA;BOTELLA x 1 UND;1;1;1
PRD01590;BEBIDA REHIDRATANTE MARACUYA POWERADE PET 600 ML;UND;;PRD01590;;BEBIDA REHIDRATANTE MARACUYA POWERADE PET 600 ML;BOTELLA;1;BOTELLA;BOTELLA x 1 UND;1;1;1
PRD01591;BEBIDA REHIDRATANTE TROPICAL SPORADE DE 500ML;UND;;PRD01591;;BEBIDA REHIDRATANTE TROPICAL SPORADE DE 500ML;BOTELLA;1;BOTELLA;BOTELLA x 1 UND;1;1;1
PRD01592;BEBIDA REHIDRATANTE MANDARINA SPORADE DE 500ML;UND;;PRD01592;;BEBIDA REHIDRATANTE MANDARINA SPORADE DE 500ML;BOTELLA;1;BOTELLA;BOTELLA x 1 UND;1;1;1
PRD01593;BEBIDA REHIDRATANTE MANDARINA POWERADE 473ML;UND;;PRD01593;;BEBIDA REHIDRATANTE MANDARINA POWERADE 473ML;BOTELLA;1;BOTELLA;BOTELLA x 1 UND;1;1;1
PRD01594;BEBIDA REHIDRATANTE FRUTILLA POWERADE 476ML;UND;;PRD01594;;BEBIDA REHIDRATANTE FRUTILLA POWERADE 476ML;BOTELLA;1;BOTELLA;BOTELLA x 1 UND;1;1;1
PRD01595;FRANELA RIBETEADA ROJA 50 X 60 CM;UND;;PRD01595;;FRANELA RIBETEADA ROJA 50 X 60 CM;UNIDAD;1;UNIDAD;UNIDAD x 1 UND;1;1;1
PRD01596;RECOGEDOR PLASTICO;UND;;PRD01596;;RECOGEDOR PLASTICO;UNIDAD;1;UNIDAD;UNIDAD x 1 UND;1;1;1
PRD01597;HISOPO PARA SANITARIO CON BASE HUDE - BLANCO - 7750160418513;UND;;PRD01597;;HISOPO PARA SANITARIO CON BASE HUDE - BLANCO - 7750160418513;UNIDAD;1;UNIDAD;UNIDAD x 1 UND;1;1;1
PRD01598;PULVERIZADOR PLASTICO 1 LT;L;;PRD01598;;PULVERIZADOR PLASTICO 1 LT;UNIDAD;1;UNIDAD;UNIDAD x 1 L;1;1;1
PRD01599;SECADOR DE TELA;UND;;PRD01599;;SECADOR DE TELA;UNIDAD;1;UNIDAD;UNIDAD x 1 UND;1;1;1
PRD01600;ESPONJA VERDE SCOTCH BRITE;UND;;PRD01600;;ESPONJA VERDE SCOTCH BRITE;UNIDAD;1;UNIDAD;UNIDAD x 1 UND;1;1;1
PRD01601;TRAPEADOR DE PISO CON OJAL;UND;;PRD01601;;TRAPEADOR DE PISO CON OJAL;UNIDAD;1;UNIDAD;UNIDAD x 1 UND;1;1;1
PRD01602;MOPA RUBBERMAID F131;UND;;PRD01602;;MOPA RUBBERMAID F131;UNIDAD;1;UNIDAD;UNIDAD x 1 UND;1;1;1
PRD01603;PALO MOPERO RUBBERMAID H125;UND;;PRD01603;;PALO MOPERO RUBBERMAID H125;UNIDAD;1;UNIDAD;UNIDAD x 1 UND;1;1;1
PRD01604;CARBON VEGETAL GRANEL;KG;;PRD01604;;CARBON VEGETAL GRANEL;KILOGRAMO;1;KILOGRAMO;KILOGRAMO x 1 KG;1;1;1
PRD01605;ENCENDEDOR DESCARTABLE;UND;;PRD01605;;ENCENDEDOR DESCARTABLE;UNIDAD;1;UNIDAD;UNIDAD x 1 UND;1;1;1
PRD01606;PEINE DE BOLSILLO;UND;;PRD01606;;PEINE DE BOLSILLO;UNIDAD;1;UNIDAD;UNIDAD x 1 UND;1;1;1
PRD01607;ESCOBILLA DE MADERA PARA ZAPATOS;UND;;PRD01607;;ESCOBILLA DE MADERA PARA ZAPATOS;UNIDAD;1;UNIDAD;UNIDAD x 1 UND;1;1;1
PRD01608;MEDIAS BLANCAS;UND;;PRD01608;;MEDIAS BLANCAS;PAR;1;PAR;PAR x 1 UND;1;1;1
PRD01609;SANDALIAS COCODRILO;UND;;PRD01609;;SANDALIAS COCODRILO;PAR;1;PAR;PAR x 1 UND;1;1;1
PRD01610;DESINFECTANTE PINO SAPOLIO 3.785 ML;L;;PRD01610;;DESINFECTANTE PINO SAPOLIO 3.785 ML;GALON;3.785;GALON;GALON x 3.785 L;1;1;1
PRD01611;CAJA CHICA - TOALLA HIGIENICA KOTEX NORMAL;UND;CAJA CHICA;PRD01611;;CAJA CHICA - TOALLA HIGIENICA KOTEX NORMAL;UNIDAD;1;UNIDAD;UNIDAD x 1 UND;1;1;1
PRD01612;CAJA CHICA - TOALLA HIGIENICA KOTEX NOCHE;UND;CAJA CHICA;PRD01612;;CAJA CHICA - TOALLA HIGIENICA KOTEX NOCHE;UNIDAD;1;UNIDAD;UNIDAD x 1 UND;1;1;1
PRD01613;CAJA CHICA - SACAGRASA DARYZA X 4 LT;UND;CAJA CHICA;PRD01613;;CAJA CHICA - SACAGRASA DARYZA X 4 LT;GALON;1;GALON;GALON x 1 UND;1;1;1
PRD01614;CAJA CHICA - FRUTOS SECOS VILLA NATURA PREMIUM;UND;CAJA CHICA;PRD01614;;CAJA CHICA - FRUTOS SECOS VILLA NATURA PREMIUM;BOLSA;1;BOLSA;BOLSA x 1 UND;1;1;1
PRD01615;CAJA CHICA - FRUTOS SECOS VILLA MIXTURA 150 GR;UND;CAJA CHICA;PRD01615;;CAJA CHICA - FRUTOS SECOS VILLA MIXTURA 150 GR;BOLSA;1;BOLSA;BOLSA x 1 UND;1;1;1
PRD01616;CAJA CHICA - TURRONES CROSOY KIWICHA 6 UND;UND;CAJA CHICA;PRD01616;;CAJA CHICA - TURRONES CROSOY KIWICHA 6 UND;PAQUETE;1;PAQUETE;PAQUETE x 1 UND;1;1;1
PRD01617;CAJA CHICA - TURRONES CROSOY AJONJOLI 6 UND;UND;CAJA CHICA;PRD01617;;CAJA CHICA - TURRONES CROSOY AJONJOLI 6 UND;PAQUETE;1;PAQUETE;PAQUETE x 1 UND;1;1;1
PRD01618;CAJA CHICA - TURRONES CROSOY MANÍ 6 UND;UND;CAJA CHICA;PRD01618;;CAJA CHICA - TURRONES CROSOY MANÍ 6 UND;PAQUETE;1;PAQUETE;PAQUETE x 1 UND;1;1;1
PRD01619;CAJA CHICA - TURRONES CROSOY LINAZA 6 UND;UND;CAJA CHICA;PRD01619;;CAJA CHICA - TURRONES CROSOY LINAZA 6 UND;PAQUETE;1;PAQUETE;PAQUETE x 1 UND;1;1;1
PRD01620;CAJA CHICA - TURRONES CROSOY MACA 6 UND;UND;CAJA CHICA;PRD01620;;CAJA CHICA - TURRONES CROSOY MACA 6 UND;PAQUETE;1;PAQUETE;PAQUETE x 1 UND;1;1;1
PRD01621;CAJA CHICA - CHOCOLATES MILKY 20 UND;UND;CAJA CHICA;PRD01621;;CAJA CHICA - CHOCOLATES MILKY 20 UND;CAJA;1;CAJA;CAJA x 1 UND;1;1;1
PRD01622;CAJA CHICA - SNIKERS DE CHOCOLATE UND;UND;CAJA CHICA;PRD01622;;CAJA CHICA - SNIKERS DE CHOCOLATE UND;UNIDAD;1;UNIDAD;UNIDAD x 1 UND;1;1;1
PRD01623;CAJA CHICA - GATORADE 6 UND;UND;CAJA CHICA;PRD01623;;CAJA CHICA - GATORADE 6 UND;PAQUETE;1;PAQUETE;PAQUETE x 1 UND;1;1;1
PRD01624;CAJA CHICA - GOMITAS GRAGEADAS 100GR;UND;CAJA CHICA;PRD01624;;CAJA CHICA - GOMITAS GRAGEADAS 100GR;GRAMO;1;GRAMO;GRAMO x 1 UND;1;1;1
PRD01625;CAJA CHICA - COLOR AMARILLO LIMON ELYASAN 30CC;UND;CAJA CHICA;PRD01625;;CAJA CHICA - COLOR AMARILLO LIMON ELYASAN 30CC;UNIDAD;1;UNIDAD;UNIDAD x 1 UND;1;1;1
PRD01626;CAJA CHICA - COLOR VERDE HOJA ELYASAN 30CC;UND;CAJA CHICA;PRD01626;;CAJA CHICA - COLOR VERDE HOJA ELYASAN 30CC;UNIDAD;1;UNIDAD;UNIDAD x 1 UND;1;1;1
PRD01627;CAJA CHICA - COLOR AZUL ELYASAN 30CC;UND;CAJA CHICA;PRD01627;;CAJA CHICA - COLOR AZUL ELYASAN 30CC;UNIDAD;1;UNIDAD;UNIDAD x 1 UND;1;1;1
PRD01628;CAJA CHICA - COLOR ROJO INTENSO ELYASAN 30CC;UND;CAJA CHICA;PRD01628;;CAJA CHICA - COLOR ROJO INTENSO ELYASAN 30CC;UNIDAD;1;UNIDAD;UNIDAD x 1 UND;1;1;1
PRD01629;CAJA CHICA - BOLSA BIODEGRADABLE 21X24;UND;CAJA CHICA;PRD01629;;CAJA CHICA - BOLSA BIODEGRADABLE 21X24;PAQUETE;1;PAQUETE;PAQUETE x 1 UND;1;1;1
PRD01630;CAJA CHICA - BANDEJA RECTANGULAR 5000 LASAGÑA;UND;CAJA CHICA;PRD01630;;CAJA CHICA - BANDEJA RECTANGULAR 5000 LASAGÑA;UNIDAD;1;UNIDAD;UNIDAD x 1 UND;1;1;1
PRD01631;CAJA CHICA - BANDEJA RECTANGULAR 6500 LASAGÑA;UND;CAJA CHICA;PRD01631;;CAJA CHICA - BANDEJA RECTANGULAR 6500 LASAGÑA;UNIDAD;1;UNIDAD;UNIDAD x 1 UND;1;1;1
PRD01632;CAJA CHICA - TE JASMIN COPON 2GR 100 SOBR.;UND;CAJA CHICA;PRD01632;;CAJA CHICA - TE JASMIN COPON 2GR 100 SOBR.;CAJA;1;CAJA;CAJA x 1 UND;1;1;1
PRD01633;CAJA CHICA - CALDO DE POLLO CHUBANG LATA 270 GR;UND;CAJA CHICA;PRD01633;;CAJA CHICA - CALDO DE POLLO CHUBANG LATA 270 GR;FRASCO;1;FRASCO;FRASCO x 1 UND;1;1;1
PRD01634;CAJA CHICA - SALSA DE TAMARINDO 760GR CAJA 12 BOT SHINGLEE;UND;CAJA CHICA;PRD01634;;CAJA CHICA - SALSA DE TAMARINDO 760GR CAJA 12 BOT SHINGLEE;CAJA;1;CAJA;CAJA x 1 UND;1;1;1
PRD01635;CAJA CHICA - ACEITE VEGETAL DELEITE;UND;CAJA CHICA;PRD01635;;CAJA CHICA - ACEITE VEGETAL DELEITE;GALON;1;GALON;GALON x 1 UND;1;1;1
PRD01636;CAJA CHICA - MUÑA FRESCA;KG;CAJA CHICA;PRD01636;;CAJA CHICA - MUÑA FRESCA;KILOGRAMO;1;KILOGRAMO;KILOGRAMO x 1 KG;1;1;1
PRD01637;CAJA CHICA - FLOR DE JAMAICA KG;KG;CAJA CHICA;PRD01637;;CAJA CHICA - FLOR DE JAMAICA KG;KILOGRAMO;1;KILOGRAMO;KILOGRAMO x 1 KG;1;1;1
PRD01638;CAJA CHICA - ACEITE VEGETAL CIELO X 20 LT;L;CAJA CHICA;PRD01638;;CAJA CHICA - ACEITE VEGETAL CIELO X 20 LT;LITRO;1;LITRO;LITRO x 1 L;1;1;1
PRD01639;CAJA CHICA - SPRINGLES NAV PERLADOS 50 GR;UND;CAJA CHICA;PRD01639;;CAJA CHICA - SPRINGLES NAV PERLADOS 50 GR;GRAMO;1;GRAMO;GRAMO x 1 UND;1;1;1
PRD01640;CAJA CHICA - GRAGEA MINIPULGAR 100 GR;UND;CAJA CHICA;PRD01640;;CAJA CHICA - GRAGEA MINIPULGAR 100 GR;GRAMO;1;GRAMO;GRAMO x 1 UND;1;1;1
PRD01641;CAJA CHICA - SPRINGLES TEMATICOS 50 GR;UND;CAJA CHICA;PRD01641;;CAJA CHICA - SPRINGLES TEMATICOS 50 GR;GRAMO;1;GRAMO;GRAMO x 1 UND;1;1;1
PRD01642;CAJA CHICA - GRAGEAS IMPORTADA 25 GR;UND;CAJA CHICA;PRD01642;;CAJA CHICA - GRAGEAS IMPORTADA 25 GR;GRAMO;1;GRAMO;GRAMO x 1 UND;1;1;1
PRD01643;CAJA CHICA - MOLDES DE PLASTICOS;UND;CAJA CHICA;PRD01643;;CAJA CHICA - MOLDES DE PLASTICOS;UNIDAD;1;UNIDAD;UNIDAD x 1 UND;1;1;1
PRD01644;CAJA CHICA - COLORANTE ELYASAN 30 ML;UND;CAJA CHICA;PRD01644;;CAJA CHICA - COLORANTE ELYASAN 30 ML;MILLAR;1;MILLAR;MILLAR x 1 UND;1;1;1
PRD01645;CAJA CHICA - GRAGEA PERLA-ORO-PLATA 50 GR;UND;CAJA CHICA;PRD01645;;CAJA CHICA - GRAGEA PERLA-ORO-PLATA 50 GR;GRAMO;1;GRAMO;GRAMO x 1 UND;1;1;1
PRD01646;CAJA CHICA - PISTACHOS SALADOS 250 GR;UND;CAJA CHICA;PRD01646;;CAJA CHICA - PISTACHOS SALADOS 250 GR;GRAMO;1;GRAMO;GRAMO x 1 UND;1;1;1
PRD01647;CAJA CHICA - PECANAS 250 GR;UND;CAJA CHICA;PRD01647;;CAJA CHICA - PECANAS 250 GR;GRAMO;1;GRAMO;GRAMO x 1 UND;1;1;1
PRD01648;CAJA CHICA - CASTAÑAS 250 GR;UND;CAJA CHICA;PRD01648;;CAJA CHICA - CASTAÑAS 250 GR;GRAMO;1;GRAMO;GRAMO x 1 UND;1;1;1
PRD01649;CAJA CHICA - JENGIBRE 500GR;UND;CAJA CHICA;PRD01649;;CAJA CHICA - JENGIBRE 500GR;GRAMO;1;GRAMO;GRAMO x 1 UND;1;1;1
PRD01650;CAJA CHICA - PAPAS ARTESANALES CRUJIENTES CEBOLLA CARAMELIZA;UND;CAJA CHICA;PRD01650;;CAJA CHICA - PAPAS ARTESANALES CRUJIENTES CEBOLLA CARAMELIZA;BOLSA;1;BOLSA;BOLSA x 1 UND;1;1;1
PRD01651;CAJA CHICA - PAPAS ARTESANALES CRUJIENTES NATURALES INCA CHI;UND;CAJA CHICA;PRD01651;;CAJA CHICA - PAPAS ARTESANALES CRUJIENTES NATURALES INCA CHI;BOLSA;1;BOLSA;BOLSA x 1 UND;1;1;1
PRD01652;CAJA CHICA - PAPAS ARTESANALES CRUJIENTES JALAPEÑOS INCA CHI;UND;CAJA CHICA;PRD01652;;CAJA CHICA - PAPAS ARTESANALES CRUJIENTES JALAPEÑOS INCA CHI;BOLSA;1;BOLSA;BOLSA x 1 UND;1;1;1
PRD01653;CAJA CHICA - PAPAS ARTESANALES CRUJIENTES QUESO PARMESANO IN;UND;CAJA CHICA;PRD01653;;CAJA CHICA - PAPAS ARTESANALES CRUJIENTES QUESO PARMESANO IN;BOLSA;1;BOLSA;BOLSA x 1 UND;1;1;1
PRD01654;CAJA CHICA - BOLSA MANDALITA CON AZA;UND;CAJA CHICA;PRD01654;;CAJA CHICA - BOLSA MANDALITA CON AZA;UNIDAD;1;UNIDAD;UNIDAD x 1 UND;1;1;1
PRD01655;CAJA CHICA - ENERGIZANTE VOLT 300ML;UND;CAJA CHICA;PRD01655;;CAJA CHICA - ENERGIZANTE VOLT 300ML;UNIDAD;1;UNIDAD;UNIDAD x 1 UND;1;1;1
PRD01656;CAJA CHICA - ENRGIZANTE RED BULL ENERGYDRINK 250ML;UND;CAJA CHICA;PRD01656;;CAJA CHICA - ENRGIZANTE RED BULL ENERGYDRINK 250ML;UNIDAD;1;UNIDAD;UNIDAD x 1 UND;1;1;1
PRD01657;CAJA CHICA - ENRGIZANTE RED BULL SUGARFREE 250ML;UND;CAJA CHICA;PRD01657;;CAJA CHICA - ENRGIZANTE RED BULL SUGARFREE 250ML;UNIDAD;1;UNIDAD;UNIDAD x 1 UND;1;1;1
PRD01658;CAJA CHICA - ENRGIZANTE RED BULL TROPICAL 250ML;UND;CAJA CHICA;PRD01658;;CAJA CHICA - ENRGIZANTE RED BULL TROPICAL 250ML;UNIDAD;1;UNIDAD;UNIDAD x 1 UND;1;1;1
PRD01659;CAJA CHICA - FREE TEA FRUTOS ROJOS 500ML;UND;CAJA CHICA;PRD01659;;CAJA CHICA - FREE TEA FRUTOS ROJOS 500ML;UNIDAD;1;UNIDAD;UNIDAD x 1 UND;1;1;1
PRD01660;CAJA CHICA - FREE TEA LIMON 500ML;UND;CAJA CHICA;PRD01660;;CAJA CHICA - FREE TEA LIMON 500ML;UNIDAD;1;UNIDAD;UNIDAD x 1 UND;1;1;1
PRD01661;CAJA CHICA - GRANUTS ARANDANOS 50GR;UND;CAJA CHICA;PRD01661;;CAJA CHICA - GRANUTS ARANDANOS 50GR;UNIDAD;1;UNIDAD;UNIDAD x 1 UND;1;1;1
PRD01662;CAJA CHICA - GRANUTS MEZCLA DE NUECES 40GR;UND;CAJA CHICA;PRD01662;;CAJA CHICA - GRANUTS MEZCLA DE NUECES 40GR;UNIDAD;1;UNIDAD;UNIDAD x 1 UND;1;1;1
PRD01663;CAJA CHICA - MEZCLA DE ALMENDRA NUEZ VALLEALTO 90GR;UND;CAJA CHICA;PRD01663;;CAJA CHICA - MEZCLA DE ALMENDRA NUEZ VALLEALTO 90GR;UNIDAD;1;UNIDAD;UNIDAD x 1 UND;1;1;1
PRD01664;CAJA CHICA - MIX MANI CON PASAS X 200GR;UND;CAJA CHICA;PRD01664;;CAJA CHICA - MIX MANI CON PASAS X 200GR;UNIDAD;1;UNIDAD;UNIDAD x 1 UND;1;1;1
PRD01665;CAJA CHICA - YOGURT SABOR DURAZNO 180ML GLORIA;UND;CAJA CHICA;PRD01665;;CAJA CHICA - YOGURT SABOR DURAZNO 180ML GLORIA;UNIDAD;1;UNIDAD;UNIDAD x 1 UND;1;1;1
PRD01666;CAJA CHICA - YOGURT SABOR FRESA 180ML GLORIA;UND;CAJA CHICA;PRD01666;;CAJA CHICA - YOGURT SABOR FRESA 180ML GLORIA;UNIDAD;1;UNIDAD;UNIDAD x 1 UND;1;1;1
PRD01667;CAJA CHICA - YOGURT SABOR LUCUMA 180ML GLORIA;UND;CAJA CHICA;PRD01667;;CAJA CHICA - YOGURT SABOR LUCUMA 180ML GLORIA;UNIDAD;1;UNIDAD;UNIDAD x 1 UND;1;1;1
PRD01668;CAJA CHICA - GRANUTS PARTY MIX 50GR;UND;CAJA CHICA;PRD01668;;CAJA CHICA - GRANUTS PARTY MIX 50GR;UNIDAD;1;UNIDAD;UNIDAD x 1 UND;1;1;1
PRD01669;CAJA CHICA - COCONA;KG;CAJA CHICA;PRD01669;;CAJA CHICA - COCONA;KILOGRAMO;1;KILOGRAMO;KILOGRAMO x 1 KG;1;1;1
PRD01670;CAJA CHICA - PLATANO BELLACO (UNIDAD x 1 UND);UND;CAJA CHICA;PRD01670;;CAJA CHICA - PLATANO BELLACO (UNIDAD x 1 UND);UNIDAD;1;UNIDAD;UNIDAD x 1 UND;1;1;1
PRD01671;CAJA CHICA - FIDEOS SABOR A CARNE 110 GR;UND;CAJA CHICA;PRD01671;;CAJA CHICA - FIDEOS SABOR A CARNE 110 GR;PAQUETE;1;PAQUETE;PAQUETE x 1 UND;1;1;1
PRD01672;CAJA CHICA - FIDEOS PICANTE SABOR A CARNE 110 GR;UND;CAJA CHICA;PRD01672;;CAJA CHICA - FIDEOS PICANTE SABOR A CARNE 110 GR;PAQUETE;1;PAQUETE;PAQUETE x 1 UND;1;1;1
PRD01673;CAJA CHICA - FIDEOS SABOR A MARISCOS 110 GR;UND;CAJA CHICA;PRD01673;;CAJA CHICA - FIDEOS SABOR A MARISCOS 110 GR;PAQUETE;1;PAQUETE;PAQUETE x 1 UND;1;1;1
PRD01674;CAJA CHICA - FIDEOS SABOR A CERDO 110 GR;UND;CAJA CHICA;PRD01674;;CAJA CHICA - FIDEOS SABOR A CERDO 110 GR;PAQUETE;1;PAQUETE;PAQUETE x 1 UND;1;1;1
PRD01675;CAJA CHICA - FIDEOS SABOR AJO / JEMGIBRE CHILES PICANTE 110;UND;CAJA CHICA;PRD01675;;CAJA CHICA - FIDEOS SABOR AJO / JEMGIBRE CHILES PICANTE 110;PAQUETE;1;PAQUETE;PAQUETE x 1 UND;1;1;1
PRD01676;CAJA CHICA - FIDEO KUISHUPAI ANCHO 250 GR;UND;CAJA CHICA;PRD01676;;CAJA CHICA - FIDEO KUISHUPAI ANCHO 250 GR;PAQUETE;1;PAQUETE;PAQUETE x 1 UND;1;1;1
PRD01677;CAJA CHICA - PALITO DE CHUPETE;UND;CAJA CHICA;PRD01677;;CAJA CHICA - PALITO DE CHUPETE;UNIDAD;1;UNIDAD;UNIDAD x 1 UND;1;1;1
PRD01678;CAJA CHICA - COLORANTE PASTELERO;UND;CAJA CHICA;PRD01678;;CAJA CHICA - COLORANTE PASTELERO;UNIDAD;1;UNIDAD;UNIDAD x 1 UND;1;1;1
PRD01679;CAJA CHICA - ENDULZANTE GLUCOSA FRATEL FRASCO X 1 KG;KG;CAJA CHICA;PRD01679;;CAJA CHICA - ENDULZANTE GLUCOSA FRATEL FRASCO X 1 KG;KILOGRAMO;1;KILOGRAMO;KILOGRAMO x 1 KG;1;1;1
PRD01680;CAJA CHICA - TAPA DE 1 LT SUPER FAST PAK X 50 UND;L;CAJA CHICA;PRD01680;;CAJA CHICA - TAPA DE 1 LT SUPER FAST PAK X 50 UND;PAQUETE;1;PAQUETE;PAQUETE x 1 L;1;1;1
PRD01681;CAJA CHICA - ENVASE DE 1 LT SUPER FAST PAK X 50 UND;L;CAJA CHICA;PRD01681;;CAJA CHICA - ENVASE DE 1 LT SUPER FAST PAK X 50 UND;PAQUETE;1;PAQUETE;PAQUETE x 1 L;1;1;1
PRD01682;CAJA CHICA - AMARGO DE ANGUSTURA;UND;CAJA CHICA;PRD01682;;CAJA CHICA - AMARGO DE ANGUSTURA;BOTELLA;1;BOTELLA;BOTELLA x 1 UND;1;1;1
PRD01683;PASTA WANTAN CONGELADA;KG;;PRD01683;;PASTA WANTAN CONGELADA;KILOGRAMO;1;KILOGRAMO;KILOGRAMO x 1 KG;1;1;1
PRD01684;BOLSA PARA BASURA NEGRA C/F 140 LT UND 1.6 MC;UND;;PRD01684;;BOLSA PARA BASURA NEGRA C/F 140 LT UND 1.6 MC;UNIDAD;1;UNIDAD;UNIDAD x 1 UND;1;1;1
PRD01685;BOLSA PARA BASURA NEGRA 220 LT UND 1.6 MICRAS;UND;;PRD01685;;BOLSA PARA BASURA NEGRA 220 LT UND 1.6 MICRAS;UNIDAD;1;UNIDAD;UNIDAD x 1 UND;1;1;1
PRD01686;CINTA PARA MARCAR ROPA;UND;;PRD01686;;CINTA PARA MARCAR ROPA;ROLLO;1;ROLLO;ROLLO x 1 UND;1;1;1
PRD01687;PALITOS DE BROCHETA 24 CM 100 UND;UND;;PRD01687;;PALITOS DE BROCHETA 24 CM 100 UND;PAQUETE;100;PAQUETE;PAQUETE x 100 UND;1;1;1
PRD01688;PAPEL GRASA CHECO;UND;;PRD01688;;PAPEL GRASA CHECO;PAQUETE;1;PAQUETE;PAQUETE x 1 UND;1;1;1
PRD01689;CORDERO ENTERO TROZADO 200-250 GRMS CONGELADO;KG;;PRD01689;;CORDERO ENTERO TROZADO 200-250 GRMS CONGELADO;KILOGRAMO;1;KILOGRAMO;KILOGRAMO x 1 KG;1;1;1
PRD01690;CABRITO ENTERO TROZADO 200-2500 GRMS CONGELADO;KG;;PRD01690;;CABRITO ENTERO TROZADO 200-2500 GRMS CONGELADO;KILOGRAMO;1;KILOGRAMO;KILOGRAMO x 1 KG;1;1;1
PRD01691;ALPACA ENTERA TROZADA CONGELADA (LA GRANJA);KG;;PRD01691;;ALPACA ENTERA TROZADA CONGELADA (LA GRANJA);KILOGRAMO;1;KILOGRAMO;KILOGRAMO x 1 KG;1;1;1
PRD01692;CUY SIN PATAS Y SIN CABEZA CONGELADO ANTAMINA;KG;;PRD01692;;CUY SIN PATAS Y SIN CABEZA CONGELADO ANTAMINA;KILOGRAMO;1;KILOGRAMO;KILOGRAMO x 1 KG;1;1;1
PRD01693;CUY ENTERO CONGELADO ANTAMINA;KG;;PRD01693;;CUY ENTERO CONGELADO ANTAMINA;KILOGRAMO;1;KILOGRAMO;KILOGRAMO x 1 KG;1;1;1
PRD01694;CORDERO DESHUESADO CONGELADO - KGM;KG;;PRD01694;;CORDERO DESHUESADO CONGELADO - KGM;KILOGRAMO;1;KILOGRAMO;KILOGRAMO x 1 KG;1;1;1
PRD01695;CABRITO DESHUESADO CONGELADO - KGM;KG;;PRD01695;;CABRITO DESHUESADO CONGELADO - KGM;KILOGRAMO;1;KILOGRAMO;KILOGRAMO x 1 KG;1;1;1
PRD01696;PIERNA DE CERDO SIN PIEL Y SIN HUESO CONGELADO (IMPORTACION);KG;;PRD01696;;PIERNA DE CERDO SIN PIEL Y SIN HUESO CONGELADO (IMPORTACION);KILOGRAMO;1;KILOGRAMO;KILOGRAMO x 1 KG;1;1;1
PRD01697;PANCETA CON HUESO Y CON PIEL TIRAS CONGELADO (N);KG;;PRD01697;;PANCETA CON HUESO Y CON PIEL TIRAS CONGELADO (N);KILOGRAMO;1;KILOGRAMO;KILOGRAMO x 1 KG;1;1;1
PRD01698;CHULETA DE CERDO TROZADO 120 GR CONGELADO - REDONDOS;KG;;PRD01698;;CHULETA DE CERDO TROZADO 120 GR CONGELADO - REDONDOS;KILOGRAMO;1;KILOGRAMO;KILOGRAMO x 1 KG;1;1;1
PRD01699;CHULETA DE CERDO TROZADO 150 GR CONGELADO - REDONDOS;KG;;PRD01699;;CHULETA DE CERDO TROZADO 150 GR CONGELADO - REDONDOS;KILOGRAMO;1;KILOGRAMO;KILOGRAMO x 1 KG;1;1;1
PRD01700;CHULETA DE CERDO TROZADO 200 GR CONGELADO - REDONDOS;KG;;PRD01700;;CHULETA DE CERDO TROZADO 200 GR CONGELADO - REDONDOS;KILOGRAMO;1;KILOGRAMO;KILOGRAMO x 1 KG;1;1;1
PRD01701;PANCETA CON HUESO Y CON PIEL TIRAS CONGELADO - REDONDOS;KG;;PRD01701;;PANCETA CON HUESO Y CON PIEL TIRAS CONGELADO - REDONDOS;KILOGRAMO;1;KILOGRAMO;KILOGRAMO x 1 KG;1;1;1
PRD01702;PANCETA CON HUESO Y SIN PIEL TIRAS CONGELADO - REDONDOS;KG;;PRD01702;;PANCETA CON HUESO Y SIN PIEL TIRAS CONGELADO - REDONDOS;KILOGRAMO;1;KILOGRAMO;KILOGRAMO x 1 KG;1;1;1
PRD01703;PIERNA DE CERDO SIN PIEL Y SIN HUESO CONGELADO - REDONDOS;KG;;PRD01703;;PIERNA DE CERDO SIN PIEL Y SIN HUESO CONGELADO - REDONDOS;KILOGRAMO;1;KILOGRAMO;KILOGRAMO x 1 KG;1;1;1
PRD01704;PATAS DE CERDO (IMPORTACION);KG;;PRD01704;;PATAS DE CERDO (IMPORTACION);KILOGRAMO;1;KILOGRAMO;KILOGRAMO x 1 KG;1;1;1
PRD01705;CHULETA DE CERDO TROZADO 120 GR CONGELADO (I);KG;;PRD01705;;CHULETA DE CERDO TROZADO 120 GR CONGELADO (I);KILOGRAMO;1;KILOGRAMO;KILOGRAMO x 1 KG;1;1;1
PRD01706;CHULETA DE CERDO TROZADO 150 GR CONGELADO (I);KG;;PRD01706;;CHULETA DE CERDO TROZADO 150 GR CONGELADO (I);KILOGRAMO;1;KILOGRAMO;KILOGRAMO x 1 KG;1;1;1
PRD01707;MANITAS DE CERDO (IMPORTACION);KG;;PRD01707;;MANITAS DE CERDO (IMPORTACION);KILOGRAMO;1;KILOGRAMO;KILOGRAMO x 1 KG;1;1;1
PRD01708;CHULETA DE CERDO TROZADO 250 GR CONGELADO;KG;;PRD01708;;CHULETA DE CERDO TROZADO 250 GR CONGELADO;KILOGRAMO;1;KILOGRAMO;KILOGRAMO x 1 KG;1;1;1
PRD01709;CHULETA DE CERDO TROZADO 180 GR GRANEL CONGELADO;KG;;PRD01709;;CHULETA DE CERDO TROZADO 180 GR GRANEL CONGELADO;KILOGRAMO;1;KILOGRAMO;KILOGRAMO x 1 KG;1;1;1
PRD01710;LECHON ENTERO CONGELADO (PESO DE 9 A 10 KG.);KG;;PRD01710;;LECHON ENTERO CONGELADO (PESO DE 9 A 10 KG.);KILOGRAMO;1;KILOGRAMO;KILOGRAMO x 1 KG;1;1;1
PRD01711;CERDO - GUISO CORTE EN CUBOS (ADOBO) 100 GR;KG;;PRD01711;;CERDO - GUISO CORTE EN CUBOS (ADOBO) 100 GR;KILOGRAMO;1;KILOGRAMO;KILOGRAMO x 1 KG;1;1;1
PRD01712;PIERNA DE CERDO CON PIEL Y SIN HUESO CONGELADO;KG;;PRD01712;;PIERNA DE CERDO CON PIEL Y SIN HUESO CONGELADO;KILOGRAMO;1;KILOGRAMO;KILOGRAMO x 1 KG;1;1;1
PRD01713;PANCETA CON HUESO Y SIN PIEL TIRAS CONGELADO;KG;;PRD01713;;PANCETA CON HUESO Y SIN PIEL TIRAS CONGELADO;KILOGRAMO;1;KILOGRAMO;KILOGRAMO x 1 KG;1;1;1
PRD01714;CHULETA DE CERDO TROZADO 155-165 GR CONGELADO;KG;;PRD01714;;CHULETA DE CERDO TROZADO 155-165 GR CONGELADO;KILOGRAMO;1;KILOGRAMO;KILOGRAMO x 1 KG;1;1;1
PRD01715;PIERNA DE CERDO SIN PIEL Y SIN HUESO CONGELADO - FOOD MARKETS;KG;;PRD01715;;PIERNA DE CERDO SIN PIEL Y SIN HUESO CONGELADO - FOOD MARKETS;KILOGRAMO;1;KILOGRAMO;KILOGRAMO x 1 KG;1;1;1
PRD01716;LECHON ENTERO CONGELADO (PESO DE 7 A 9 KG.);KG;;PRD01716;;LECHON ENTERO CONGELADO (PESO DE 7 A 9 KG.);KILOGRAMO;1;KILOGRAMO;KILOGRAMO x 1 KG;1;1;1
PRD01717;PANCETA CON HUESO Y CON PIEL TIRAS CONGELADO;KG;;PRD01717;;PANCETA CON HUESO Y CON PIEL TIRAS CONGELADO;KILOGRAMO;1;KILOGRAMO;KILOGRAMO x 1 KG;1;1;1
PRD01718;CHULETA DE CERDO TROZADO 200 GR CONGELADO;KG;;PRD01718;;CHULETA DE CERDO TROZADO 200 GR CONGELADO;KILOGRAMO;1;KILOGRAMO;KILOGRAMO x 1 KG;1;1;1
PRD01719;PIERNA DE CERDO SIN PIEL Y SIN HUESO CONGELADO (N);KG;;PRD01719;;PIERNA DE CERDO SIN PIEL Y SIN HUESO CONGELADO (N);KILOGRAMO;1;KILOGRAMO;KILOGRAMO x 1 KG;1;1;1
PRD01720;PANCETA CON HUESO Y SIN PIEL TIRAS CONGELADO (N);KG;;PRD01720;;PANCETA CON HUESO Y SIN PIEL TIRAS CONGELADO (N);KILOGRAMO;1;KILOGRAMO;KILOGRAMO x 1 KG;1;1;1
PRD01721;GALLINA ENTERA CON MENUDENCIA CONGELADO IMPORT;KG;;PRD01721;;GALLINA ENTERA CON MENUDENCIA CONGELADO IMPORT;KILOGRAMO;1;KILOGRAMO;KILOGRAMO x 1 KG;1;1;1
PRD01722;GALLINA ENTERA SIN MENUDENCIA CONGELADO - GRANEL;KG;;PRD01722;;GALLINA ENTERA SIN MENUDENCIA CONGELADO - GRANEL;KILOGRAMO;1;KILOGRAMO;KILOGRAMO x 1 KG;1;1;1
PRD01723;GALLINA ENTERA SIN MENUDENCIA CONGELADO;KG;;PRD01723;;GALLINA ENTERA SIN MENUDENCIA CONGELADO;KILOGRAMO;1;KILOGRAMO;KILOGRAMO x 1 KG;1;1;1
PRD01724;PULPO TROZADO CONGELADO;KG;;PRD01724;;PULPO TROZADO CONGELADO;KILOGRAMO;1;KILOGRAMO;KILOGRAMO x 1 KG;1;1;1
PRD01725;MIXTURA DE MARISCOS ECONOMICA;KG;;PRD01725;;MIXTURA DE MARISCOS ECONOMICA;KILOGRAMO;1;KILOGRAMO;KILOGRAMO x 1 KG;1;1;1
PRD01726;MIXTURA DE MARISCOS PNM;KG;;PRD01726;;MIXTURA DE MARISCOS PNM;KILOGRAMO;1;KILOGRAMO;KILOGRAMO x 1 KG;1;1;1
PRD01727;CHOROS CONGELADO SIN VALVA;KG;;PRD01727;;CHOROS CONGELADO SIN VALVA;KILOGRAMO;1;KILOGRAMO;KILOGRAMO x 1 KG;1;1;1
PRD01728;PIERNA DE PAVO DESHUESADA SIN PIEL CONGELADA;KG;;PRD01728;;PIERNA DE PAVO DESHUESADA SIN PIEL CONGELADA;KILOGRAMO;1;KILOGRAMO;KILOGRAMO x 1 KG;1;1;1
PRD01729;PECHUGA DE PAVO SAN FERNANDO;KG;;PRD01729;;PECHUGA DE PAVO SAN FERNANDO;KILOGRAMO;1;KILOGRAMO;KILOGRAMO x 1 KG;1;1;1
PRD01730;PECHUGA DE PAVO DESHUESADA (N);KG;;PRD01730;;PECHUGA DE PAVO DESHUESADA (N);KILOGRAMO;1;KILOGRAMO;KILOGRAMO x 1 KG;1;1;1
PRD01731;PECHUGA ECONOMICA DE PAVO CON HUESO CONGELADO;KG;;PRD01731;;PECHUGA ECONOMICA DE PAVO CON HUESO CONGELADO;KILOGRAMO;1;KILOGRAMO;KILOGRAMO x 1 KG;1;1;1
PRD01732;PECHUGA DE PAVO DESHUESADA;KG;;PRD01732;;PECHUGA DE PAVO DESHUESADA;KILOGRAMO;1;KILOGRAMO;KILOGRAMO x 1 KG;1;1;1
PRD01733;PECHUGA DE PAVO DESHUESADA (BL);KG;;PRD01733;;PECHUGA DE PAVO DESHUESADA (BL);KILOGRAMO;1;KILOGRAMO;KILOGRAMO x 1 KG;1;1;1
PRD01734;PAVO ENTERO CON MENUDENCIA CONGELADO 10 KG (N);KG;;PRD01734;;PAVO ENTERO CON MENUDENCIA CONGELADO 10 KG (N);KILOGRAMO;1;KILOGRAMO;KILOGRAMO x 1 KG;1;1;1
PRD01735;PECHUGA DE PAVO DESHUESADA (BLOQUE * 10);KG;;PRD01735;;PECHUGA DE PAVO DESHUESADA (BLOQUE * 10);KILOGRAMO;1;KILOGRAMO;KILOGRAMO x 1 KG;1;1;1
PRD01736;PECHUGA DE PAVO CON HUESO Y CON PIEL CONGELADO;KG;;PRD01736;;PECHUGA DE PAVO CON HUESO Y CON PIEL CONGELADO;KILOGRAMO;1;KILOGRAMO;KILOGRAMO x 1 KG;1;1;1
PRD01737;PECHUGA DE PAVO SIN HUESO CON PIEL CONGELADO;KG;;PRD01737;;PECHUGA DE PAVO SIN HUESO CON PIEL CONGELADO;KILOGRAMO;1;KILOGRAMO;KILOGRAMO x 1 KG;1;1;1
PRD01738;TROZOS DE PERICO SIN PIEL 30 - 90 GR CONGELADO;KG;;PRD01738;;TROZOS DE PERICO SIN PIEL 30 - 90 GR CONGELADO;KILOGRAMO;1;KILOGRAMO;KILOGRAMO x 1 KG;1;1;1
PRD01739;BONITO FILETE CON PIEL CONGELADO;KG;;PRD01739;;BONITO FILETE CON PIEL CONGELADO;KILOGRAMO;1;KILOGRAMO;KILOGRAMO x 1 KG;1;1;1
PRD01740;CABALLA FILETE CON PIEL CONGELADO;KG;;PRD01740;;CABALLA FILETE CON PIEL CONGELADO;KILOGRAMO;1;KILOGRAMO;KILOGRAMO x 1 KG;1;1;1
PRD01741;TILAPIA FILETE SIN PIEL 5/7 RANGO 140 - 200 GR CONGELADO;KG;;PRD01741;;TILAPIA FILETE SIN PIEL 5/7 RANGO 140 - 200 GR CONGELADO;KILOGRAMO;1;KILOGRAMO;KILOGRAMO x 1 KG;1;1;1
PRD01742;TRUCHA SIN CABEZA EVISCERADA CONGELADA 100 - 500 GR;KG;;PRD01742;;TRUCHA SIN CABEZA EVISCERADA CONGELADA 100 - 500 GR;KILOGRAMO;1;KILOGRAMO;KILOGRAMO x 1 KG;1;1;1
PRD01743;FILETE DE LISA SIN PIEL CONGELADA;KG;;PRD01743;;FILETE DE LISA SIN PIEL CONGELADA;KILOGRAMO;1;KILOGRAMO;KILOGRAMO x 1 KG;1;1;1
PRD01744;TROZOS DE MERLUZA EMPANIZADOS (FISH FINGERS);KG;;PRD01744;;TROZOS DE MERLUZA EMPANIZADOS (FISH FINGERS);KILOGRAMO;1;KILOGRAMO;KILOGRAMO x 1 KG;1;1;1
PRD01745;TILAPIA FILETE SIN PIEL 5/7 RANGO 140 - 200 GR GRANEL CONGELADO;KG;;PRD01745;;TILAPIA FILETE SIN PIEL 5/7 RANGO 140 - 200 GR GRANEL CONGELADO;KILOGRAMO;1;KILOGRAMO;KILOGRAMO x 1 KG;1;1;1
PRD01746;TRUCHA ENTERA EVISCERADA CONGELADA 100 - 400 GR;KG;;PRD01746;;TRUCHA ENTERA EVISCERADA CONGELADA 100 - 400 GR;KILOGRAMO;1;KILOGRAMO;KILOGRAMO x 1 KG;1;1;1
PRD01747;JUREL FILETE CON PIEL CONGELADO;KG;;PRD01747;;JUREL FILETE CON PIEL CONGELADO;KILOGRAMO;1;KILOGRAMO;KILOGRAMO x 1 KG;1;1;1
PRD01748;BOTONES DE POTA CONGELADO;KG;;PRD01748;;BOTONES DE POTA CONGELADO;KILOGRAMO;1;KILOGRAMO;KILOGRAMO x 1 KG;1;1;1
PRD01749;FILETE DE PIERNA DE POLLO C/PIEL CONGELADO 100-110 GRS;KG;;PRD01749;;FILETE DE PIERNA DE POLLO C/PIEL CONGELADO 100-110 GRS;KILOGRAMO;1;KILOGRAMO;KILOGRAMO x 1 KG;1;1;1
PRD01750;POLLO SIN MENUDENCIA TROZADO EN 8 CONGELADO RANGO 1.6 KG;KG;;PRD01750;;POLLO SIN MENUDENCIA TROZADO EN 8 CONGELADO RANGO 1.6 KG;KILOGRAMO;1;KILOGRAMO;KILOGRAMO x 1 KG;1;1;1
PRD01751;POLLO SIN MENUDENCIA CONGELADO RANGO 1.2 A 1.4 KG;KG;;PRD01751;;POLLO SIN MENUDENCIA CONGELADO RANGO 1.2 A 1.4 KG;KILOGRAMO;1;KILOGRAMO;KILOGRAMO x 1 KG;1;1;1
PRD01752;POLLO SIN MENUDENCIA CONGELADO RANGO 1.1 -1.4 KGS;KG;;PRD01752;;POLLO SIN MENUDENCIA CONGELADO RANGO 1.1 -1.4 KGS;KILOGRAMO;1;KILOGRAMO;KILOGRAMO x 1 KG;1;1;1
PRD01753;PIERNA DE POLLO CONGELADO - BOTELLITAS (BLOQUE);KG;;PRD01753;;PIERNA DE POLLO CONGELADO - BOTELLITAS (BLOQUE);KILOGRAMO;1;KILOGRAMO;KILOGRAMO x 1 KG;1;1;1
PRD01754;PIERNA DE POLLO CON ENCUENTRO CONGELADO (IMPORTACION BOLSA 3X5);KG;;PRD01754;;PIERNA DE POLLO CON ENCUENTRO CONGELADO (IMPORTACION BOLSA 3X5);KILOGRAMO;1;KILOGRAMO;KILOGRAMO x 1 KG;1;1;1
PRD01755;PECHUGA DE POLLO S/HUESO S/PIEL CONGELADO - IMPORTACION;KG;;PRD01755;;PECHUGA DE POLLO S/HUESO S/PIEL CONGELADO - IMPORTACION;KILOGRAMO;1;KILOGRAMO;KILOGRAMO x 1 KG;1;1;1
PRD01756;PIERNA DE POLLO CON ENCUENTRO CONGELADO (BLOQUE) IMPORT;KG;;PRD01756;;PIERNA DE POLLO CON ENCUENTRO CONGELADO (BLOQUE) IMPORT;KILOGRAMO;1;KILOGRAMO;KILOGRAMO x 1 KG;1;1;1
PRD01757;PIERNA DE POLLO CON ENCUENTRO CONGELADO (BLOQUE 18 KG) IMPORT;KG;;PRD01757;;PIERNA DE POLLO CON ENCUENTRO CONGELADO (BLOQUE 18 KG) IMPORT;KILOGRAMO;1;KILOGRAMO;KILOGRAMO x 1 KG;1;1;1
PRD01758;PECHUGA DE POLLO S/HUESO S/PIEL 100 -120 GR CONGELADO - KGM;KG;;PRD01758;;PECHUGA DE POLLO S/HUESO S/PIEL 100 -120 GR CONGELADO - KGM;KILOGRAMO;1;KILOGRAMO;KILOGRAMO x 1 KG;1;1;1
PRD01759;PECHUGA DE POLLO S/HUESO S/PIEL 120-140 GR CONGELADO - KGM;KG;;PRD01759;;PECHUGA DE POLLO S/HUESO S/PIEL 120-140 GR CONGELADO - KGM;KILOGRAMO;1;KILOGRAMO;KILOGRAMO x 1 KG;1;1;1
PRD01760;POLLO SIN MENUDENCIA CONGELADO 1.1 - 1.4 KG - TRES ARROYOS;KG;;PRD01760;;POLLO SIN MENUDENCIA CONGELADO 1.1 - 1.4 KG - TRES ARROYOS;KILOGRAMO;1;KILOGRAMO;KILOGRAMO x 1 KG;1;1;1
PRD01761;POLLO SIN MENUDENCIA CONGELADO RANGO 1.7 A 1.9KG - LAS CAMELIAS;KG;;PRD01761;;POLLO SIN MENUDENCIA CONGELADO RANGO 1.7 A 1.9KG - LAS CAMELIAS;KILOGRAMO;1;KILOGRAMO;KILOGRAMO x 1 KG;1;1;1
PRD01762;POLLO SIN MENUDENCIA CONGELADO 1.1 - 1.4 KG - PERDIX;KG;;PRD01762;;POLLO SIN MENUDENCIA CONGELADO 1.1 - 1.4 KG - PERDIX;KILOGRAMO;1;KILOGRAMO;KILOGRAMO x 1 KG;1;1;1
PRD01763;FILETE DE PIERNA DE POLLO S/H S/P CONGELADO (IMPORTACION);KG;;PRD01763;;FILETE DE PIERNA DE POLLO S/H S/P CONGELADO (IMPORTACION);KILOGRAMO;1;KILOGRAMO;KILOGRAMO x 1 KG;1;1;1
PRD01764;PECHUGA DE POLLO EN TROZOS S/H S/P - IMPORTACION;KG;;PRD01764;;PECHUGA DE POLLO EN TROZOS S/H S/P - IMPORTACION;KILOGRAMO;1;KILOGRAMO;KILOGRAMO x 1 KG;1;1;1
PRD01765;POLLO SIN MENUDENCIA CONGELADO RANGO 2.06 A 2.600 KG;KG;;PRD01765;;POLLO SIN MENUDENCIA CONGELADO RANGO 2.06 A 2.600 KG;KILOGRAMO;1;KILOGRAMO;KILOGRAMO x 1 KG;1;1;1
PRD01766;PIERNA DE POLLO CON ENCUENTRO CONGELADO (BOLSA) IMPORT;KG;;PRD01766;;PIERNA DE POLLO CON ENCUENTRO CONGELADO (BOLSA) IMPORT;KILOGRAMO;1;KILOGRAMO;KILOGRAMO x 1 KG;1;1;1
PRD01767;ALAS DE POLLO CONGELADO X KG;KG;;PRD01767;;ALAS DE POLLO CONGELADO X KG;KILOGRAMO;1;KILOGRAMO;KILOGRAMO x 1 KG;1;1;1
PRD01768;POLLO SIN MENUDENCIA CONGELADO RANGO 1.8 KG;KG;;PRD01768;;POLLO SIN MENUDENCIA CONGELADO RANGO 1.8 KG;KILOGRAMO;1;KILOGRAMO;KILOGRAMO x 1 KG;1;1;1
PRD01769;POLLO SIN MENUDENCIA TROZADO EN 9 CONGELADO RANGO 1.5 KG;KG;;PRD01769;;POLLO SIN MENUDENCIA TROZADO EN 9 CONGELADO RANGO 1.5 KG;KILOGRAMO;1;KILOGRAMO;KILOGRAMO x 1 KG;1;1;1
PRD01770;POLLO SIN MENUDENCIA TROZADO EN 9 CONGELADO RANGO 1.8 KG;KG;;PRD01770;;POLLO SIN MENUDENCIA TROZADO EN 9 CONGELADO RANGO 1.8 KG;KILOGRAMO;1;KILOGRAMO;KILOGRAMO x 1 KG;1;1;1
PRD01771;POLLO SIN MENUDENCIA CONGELADO RANGO 1.8 KG - 2 KG;KG;;PRD01771;;POLLO SIN MENUDENCIA CONGELADO RANGO 1.8 KG - 2 KG;KILOGRAMO;1;KILOGRAMO;KILOGRAMO x 1 KG;1;1;1
PRD01772;POLLO SIN MENUDENCIA CONGELADO RANGO 1.7 A 1.9 KG;KG;;PRD01772;;POLLO SIN MENUDENCIA CONGELADO RANGO 1.7 A 1.9 KG;KILOGRAMO;1;KILOGRAMO;KILOGRAMO x 1 KG;1;1;1
PRD01773;POLLO SIN MENUDENCIA CONGELADO RANGO 1.4KG;KG;;PRD01773;;POLLO SIN MENUDENCIA CONGELADO RANGO 1.4KG;KILOGRAMO;1;KILOGRAMO;KILOGRAMO x 1 KG;1;1;1
PRD01774;PECHUGA DE POLLO S/HUESO S/PIEL CONGELADO - KGM;KG;;PRD01774;;PECHUGA DE POLLO S/HUESO S/PIEL CONGELADO - KGM;KILOGRAMO;1;KILOGRAMO;KILOGRAMO x 1 KG;1;1;1
PRD01775;POLLO SIN MENUDENCIA CONGELADO RANGO 1.52 KG;KG;;PRD01775;;POLLO SIN MENUDENCIA CONGELADO RANGO 1.52 KG;KILOGRAMO;1.5;KILOGRAMO;KILOGRAMO x 1.5 KG;1;1;1
PRD01776;POLLO SIN MENUDENCIA CONGELADO RANGO 1.25 KG;KG;;PRD01776;;POLLO SIN MENUDENCIA CONGELADO RANGO 1.25 KG;KILOGRAMO;1;KILOGRAMO;KILOGRAMO x 1 KG;1;1;1
PRD01777;POLLO SIN MENUDENCIA CONGELADO RANGO 1.68 KG;KG;;PRD01777;;POLLO SIN MENUDENCIA CONGELADO RANGO 1.68 KG;KILOGRAMO;1;KILOGRAMO;KILOGRAMO x 1 KG;1;1;1
PRD01778;PECHUGA DE POLLO S/HUESO S/PIEL;KG;;PRD01778;;PECHUGA DE POLLO S/HUESO S/PIEL;KILOGRAMO;1;KILOGRAMO;KILOGRAMO x 1 KG;1;1;1
PRD01779;POLLO SIN MENUDENCIA CONGELADO RANGO 1.38KG;KG;;PRD01779;;POLLO SIN MENUDENCIA CONGELADO RANGO 1.38KG;KILOGRAMO;1;KILOGRAMO;KILOGRAMO x 1 KG;1;1;1
PRD01780;POLLO SIN MENUDENCIA TROZADO EN 8 CONGELADO RANGO 1.5 KG;KG;;PRD01780;;POLLO SIN MENUDENCIA TROZADO EN 8 CONGELADO RANGO 1.5 KG;KILOGRAMO;1;KILOGRAMO;KILOGRAMO x 1 KG;1;1;1
PRD01781;POLLO MARINADO PARA BRASA RANGO 1.2KG CONGELADO;KG;;PRD01781;;POLLO MARINADO PARA BRASA RANGO 1.2KG CONGELADO;KILOGRAMO;1;KILOGRAMO;KILOGRAMO x 1 KG;1;1;1
PRD01782;ALBONDIGA DE POLLO CONGELADO 40 GR - KGM;KG;;PRD01782;;ALBONDIGA DE POLLO CONGELADO 40 GR - KGM;KILOGRAMO;1;KILOGRAMO;KILOGRAMO x 1 KG;1;1;1
PRD01783;POLLO SIN MENUDENCIA CONGELADO RANGO 1.8 KG - REDONDOS;KG;;PRD01783;;POLLO SIN MENUDENCIA CONGELADO RANGO 1.8 KG - REDONDOS;KILOGRAMO;1;KILOGRAMO;KILOGRAMO x 1 KG;1;1;1
PRD01784;HAMBURGUESA DE POLLO CONGELADO PQT X 14 UNI;KG;;PRD01784;;HAMBURGUESA DE POLLO CONGELADO PQT X 14 UNI;BOLSA;0.84;BOLSA;BOLSA x 0.84 KG;1;1;1
PRD01785;PIERNA DE POLLO CON ENCUENTRO CONGELADO (BLOQUE);KG;;PRD01785;;PIERNA DE POLLO CON ENCUENTRO CONGELADO (BLOQUE);KILOGRAMO;1;KILOGRAMO;KILOGRAMO x 1 KG;1;1;1
PRD01786;PIERNA DE POLLO CON ENCUENTRO CONGELADO (BOLSA);KG;;PRD01786;;PIERNA DE POLLO CON ENCUENTRO CONGELADO (BOLSA);KILOGRAMO;1;KILOGRAMO;KILOGRAMO x 1 KG;1;1;1
PRD01787;PIERNA DE POLLO CON ENCUENTRO CONGELADO (BLOQUE * 10);KG;;PRD01787;;PIERNA DE POLLO CON ENCUENTRO CONGELADO (BLOQUE * 10);KILOGRAMO;1;KILOGRAMO;KILOGRAMO x 1 KG;1;1;1
PRD01788;LOMO FINO SIN CORDON CONGELADO NACIONAL;KG;;PRD01788;;LOMO FINO SIN CORDON CONGELADO NACIONAL;KILOGRAMO;1;KILOGRAMO;KILOGRAMO x 1 KG;1;1;1
PRD01789;TAPA DE CUADRIL (PICANHA) CONGELADO IMPORTADO;KG;;PRD01789;;TAPA DE CUADRIL (PICANHA) CONGELADO IMPORTADO;KILOGRAMO;1;KILOGRAMO;KILOGRAMO x 1 KG;1;1;1
PRD01790;RES - BISTECK (DON GOYO);KG;;PRD01790;;RES - BISTECK (DON GOYO);KILOGRAMO;1;KILOGRAMO;KILOGRAMO x 1 KG;1;1;1
PRD01791;RES - GUISO CONGELADO (DON GOYO);KG;;PRD01791;;RES - GUISO CONGELADO (DON GOYO);KILOGRAMO;1;KILOGRAMO;KILOGRAMO x 1 KG;1;1;1
PRD01792;RES - SOPAS S/HUESO (DON GOYO);KG;;PRD01792;;RES - SOPAS S/HUESO (DON GOYO);KILOGRAMO;1;KILOGRAMO;KILOGRAMO x 1 KG;1;1;1
PRD01793;CARNE MOLIDA CONGELADA (MAFROX);KG;;PRD01793;;CARNE MOLIDA CONGELADA (MAFROX);KILOGRAMO;1;KILOGRAMO;KILOGRAMO x 1 KG;1;1;1
PRD01794;ALBONDIGA DE RES Y CERDO CONGELADO;KG;;PRD01794;;ALBONDIGA DE RES Y CERDO CONGELADO;KILOGRAMO;1;KILOGRAMO;KILOGRAMO x 1 KG;1;1;1
PRD01795;RES - ASADO (OXAPAMPA);KG;;PRD01795;;RES - ASADO (OXAPAMPA);KILOGRAMO;1;KILOGRAMO;KILOGRAMO x 1 KG;1;1;1
PRD01796;RES - BISTECK (OXAPAMPA);KG;;PRD01796;;RES - BISTECK (OXAPAMPA);KILOGRAMO;1;KILOGRAMO;KILOGRAMO x 1 KG;1;1;1
PRD01797;RES - GUISO CONGELADO (OXAPAMPA);KG;;PRD01797;;RES - GUISO CONGELADO (OXAPAMPA);KILOGRAMO;1;KILOGRAMO;KILOGRAMO x 1 KG;1;1;1
PRD01798;RES - MALAYA (OXAPAMPA);KG;;PRD01798;;RES - MALAYA (OXAPAMPA);KILOGRAMO;1;KILOGRAMO;KILOGRAMO x 1 KG;1;1;1
PRD01799;RES - SOPAS S/HUESO (OXAPAMPA);KG;;PRD01799;;RES - SOPAS S/HUESO (OXAPAMPA);KILOGRAMO;1;KILOGRAMO;KILOGRAMO x 1 KG;1;1;1
PRD01800;RES - BIFE (OXAPAMPA);KG;;PRD01800;;RES - BIFE (OXAPAMPA);KILOGRAMO;1;KILOGRAMO;KILOGRAMO x 1 KG;1;1;1
PRD01801;CORAZON CORTE ANTICUCHO CONGELADO;KG;;PRD01801;;CORAZON CORTE ANTICUCHO CONGELADO;KILOGRAMO;1;KILOGRAMO;KILOGRAMO x 1 KG;1;1;1
PRD01802;CORAZON CORTE SALTADO CONGELADO;KG;;PRD01802;;CORAZON CORTE SALTADO CONGELADO;KILOGRAMO;1;KILOGRAMO;KILOGRAMO x 1 KG;1;1;1
PRD01803;LOMO FINO SIN CORDON CONGELADO BRASILERO;KG;;PRD01803;;LOMO FINO SIN CORDON CONGELADO BRASILERO;KILOGRAMO;1;KILOGRAMO;KILOGRAMO x 1 KG;1;1;1
PRD01804;BIFE ANCHO CONGELADO IMPORTADO;KG;;PRD01804;;BIFE ANCHO CONGELADO IMPORTADO;KILOGRAMO;1;KILOGRAMO;KILOGRAMO x 1 KG;1;1;1
PRD01805;RES - ASADO A;KG;;PRD01805;;RES - ASADO A;KILOGRAMO;1;KILOGRAMO;KILOGRAMO x 1 KG;1;1;1
PRD01806;RES - SOPAS A;KG;;PRD01806;;RES - SOPAS A;KILOGRAMO;1;KILOGRAMO;KILOGRAMO x 1 KG;1;1;1
PRD01807;CHANFAINITA CONGELADO;KG;;PRD01807;;CHANFAINITA CONGELADO;KILOGRAMO;1;KILOGRAMO;KILOGRAMO x 1 KG;1;1;1
PRD01808;RES - BISTECK;KG;;PRD01808;;RES - BISTECK;KILOGRAMO;1;KILOGRAMO;KILOGRAMO x 1 KG;1;1;1
PRD01809;RES - SALTADOS;KG;;PRD01809;;RES - SALTADOS;KILOGRAMO;1;KILOGRAMO;KILOGRAMO x 1 KG;1;1;1
PRD01810;RES - ASADO;KG;;PRD01810;;RES - ASADO;KILOGRAMO;1;KILOGRAMO;KILOGRAMO x 1 KG;1;1;1
PRD01811;RES - GUISO EN CUBOS;KG;;PRD01811;;RES - GUISO EN CUBOS;KILOGRAMO;1;KILOGRAMO;KILOGRAMO x 1 KG;1;1;1
PRD01812;RES - GUISOS PICANTES;KG;;PRD01812;;RES - GUISOS PICANTES;KILOGRAMO;1;KILOGRAMO;KILOGRAMO x 1 KG;1;1;1
PRD01813;RES - MALAYA;KG;;PRD01813;;RES - MALAYA;KILOGRAMO;1;KILOGRAMO;KILOGRAMO x 1 KG;1;1;1
PRD01814;RES - SOPAS S/HUESO;KG;;PRD01814;;RES - SOPAS S/HUESO;KILOGRAMO;1;KILOGRAMO;KILOGRAMO x 1 KG;1;1;1
PRD01815;RES - SOPAS C/HUESO;KG;;PRD01815;;RES - SOPAS C/HUESO;KILOGRAMO;1;KILOGRAMO;KILOGRAMO x 1 KG;1;1;1
PRD01816;RES - BIFE;KG;;PRD01816;;RES - BIFE;KILOGRAMO;1;KILOGRAMO;KILOGRAMO x 1 KG;1;1;1
PRD01817;RES - ASADO (DON GOYO);KG;;PRD01817;;RES - ASADO (DON GOYO);KILOGRAMO;1;KILOGRAMO;KILOGRAMO x 1 KG;1;1;1
PRD01818;RES - MALAYA (DON GOYO);KG;;PRD01818;;RES - MALAYA (DON GOYO);KILOGRAMO;1;KILOGRAMO;KILOGRAMO x 1 KG;1;1;1
PRD01819;RES - GUISOS PICANTES DON GOYO;KG;;PRD01819;;RES - GUISOS PICANTES DON GOYO;KILOGRAMO;1;KILOGRAMO;KILOGRAMO x 1 KG;1;1;1
PRD01820;RES - GUISO EN CUBOS PL CONGELADO - KGM;KG;;PRD01820;;RES - GUISO EN CUBOS PL CONGELADO - KGM;KILOGRAMO;1;KILOGRAMO;KILOGRAMO x 1 KG;1;1;1
PRD01821;RES - SOPAS S/HUESO PL CONGELADO - KGM;KG;;PRD01821;;RES - SOPAS S/HUESO PL CONGELADO - KGM;KILOGRAMO;1;KILOGRAMO;KILOGRAMO x 1 KG;1;1;1
PRD01822;RES - BISTECK PL CONGELADO - KGM;KG;;PRD01822;;RES - BISTECK PL CONGELADO - KGM;KILOGRAMO;1;KILOGRAMO;KILOGRAMO x 1 KG;1;1;1
PRD01823;RES - SOPAS C/HUESO PL CONGELADO - KGM;KG;;PRD01823;;RES - SOPAS C/HUESO PL CONGELADO - KGM;KILOGRAMO;1;KILOGRAMO;KILOGRAMO x 1 KG;1;1;1
PRD01824;RES - ASADO PL CONGELADO - KGM;KG;;PRD01824;;RES - ASADO PL CONGELADO - KGM;KILOGRAMO;1;KILOGRAMO;KILOGRAMO x 1 KG;1;1;1
PRD01825;RES - GUISO PICANTES PL CONGELADO - KGM;KG;;PRD01825;;RES - GUISO PICANTES PL CONGELADO - KGM;KILOGRAMO;1;KILOGRAMO;KILOGRAMO x 1 KG;1;1;1
PRD01826;RES - MALAYA PL CONGELADO - KGM;KG;;PRD01826;;RES - MALAYA PL CONGELADO - KGM;KILOGRAMO;1;KILOGRAMO;KILOGRAMO x 1 KG;1;1;1
PRD01827;RES - SALTADOS PL CONGELADO - KGM;KG;;PRD01827;;RES - SALTADOS PL CONGELADO - KGM;KILOGRAMO;1;KILOGRAMO;KILOGRAMO x 1 KG;1;1;1
PRD01828;RES - LOMO FINO SIN CORDON PL CONGELADO - KGM;KG;;PRD01828;;RES - LOMO FINO SIN CORDON PL CONGELADO - KGM;KILOGRAMO;1;KILOGRAMO;KILOGRAMO x 1 KG;1;1;1
PRD01829;RES - BIFE PL CONGELADO - KGM;KG;;PRD01829;;RES - BIFE PL CONGELADO - KGM;KILOGRAMO;1;KILOGRAMO;KILOGRAMO x 1 KG;1;1;1
PRD01830;ALBONDIGA DE RES CONGELADO 40 GR - KGM;KG;;PRD01830;;ALBONDIGA DE RES CONGELADO 40 GR - KGM;KILOGRAMO;1;KILOGRAMO;KILOGRAMO x 1 KG;1;1;1
PRD01831;LOMO FINO SIN CORDON CONGELADO;KG;;PRD01831;;LOMO FINO SIN CORDON CONGELADO;KILOGRAMO;1;KILOGRAMO;KILOGRAMO x 1 KG;1;1;1
PRD01832;RES - GUISO CONGELADO;KG;;PRD01832;;RES - GUISO CONGELADO;KILOGRAMO;1;KILOGRAMO;KILOGRAMO x 1 KG;1;1;1
PRD01833;CARNE MOLIDA CONGELADA ( DON GOYO);KG;;PRD01833;;CARNE MOLIDA CONGELADA ( DON GOYO);KILOGRAMO;1;KILOGRAMO;KILOGRAMO x 1 KG;1;1;1
PRD01834;MOLLEJA DE POLLO CONGELADO ZEDINA;KG;;PRD01834;;MOLLEJA DE POLLO CONGELADO ZEDINA;KILOGRAMO;1;KILOGRAMO;KILOGRAMO x 1 KG;1;1;1
PRD01835;CORAZON DE RES CONGELADO ZEDINA;KG;;PRD01835;;CORAZON DE RES CONGELADO ZEDINA;KILOGRAMO;1;KILOGRAMO;KILOGRAMO x 1 KG;1;1;1
PRD01836;MONDONGO CONGELADO ZEDINA;KG;;PRD01836;;MONDONGO CONGELADO ZEDINA;KILOGRAMO;1;KILOGRAMO;KILOGRAMO x 1 KG;1;1;1
PRD01837;PICADILLO PARA CHAUFA CONGELADO;KG;;PRD01837;;PICADILLO PARA CHAUFA CONGELADO;KILOGRAMO;1;KILOGRAMO;KILOGRAMO x 1 KG;1;1;1
PRD01838;CHORIZO PARRILLERO CONGELADO KG (C);KG;;PRD01838;;CHORIZO PARRILLERO CONGELADO KG (C);KILOGRAMO;1;KILOGRAMO;KILOGRAMO x 1 KG;1;1;1
PRD01839;JAMON AMERICANO SUIZA 500 GR REFRIGERADO;KG;;PRD01839;;JAMON AMERICANO SUIZA 500 GR REFRIGERADO;PAQUETE;0.5;PAQUETE;PAQUETE x 0.5 KG;1;1;1
PRD01840;CHICHARRON DE PRENSA SUIZA MOLDE 180G REFRIGERADO KG;KG;;PRD01840;;CHICHARRON DE PRENSA SUIZA MOLDE 180G REFRIGERADO KG;PAQUETE;0.18;PAQUETE;PAQUETE x 0.18 KG;1;1;1
PRD01841;CHORIZO PARRILLERO SEGOVIANA CONGELADO KG;KG;;PRD01841;;CHORIZO PARRILLERO SEGOVIANA CONGELADO KG;KILOGRAMO;1;KILOGRAMO;KILOGRAMO x 1 KG;1;1;1
PRD01842;CHICHARRON DE PRENSA CONGELADO 500 GR;KG;;PRD01842;;CHICHARRON DE PRENSA CONGELADO 500 GR;PAQUETE;0.5;PAQUETE;PAQUETE x 0.5 KG;1;1;1
PRD01843;JAMON INGLES REFRIGERADO 500 GR;KG;;PRD01843;;JAMON INGLES REFRIGERADO 500 GR;PAQUETE;0.5;PAQUETE;PAQUETE x 0.5 KG;1;1;1
PRD01844;JAMON PARA CAFETIN CONGELADO KG;KG;;PRD01844;;JAMON PARA CAFETIN CONGELADO KG;KILOGRAMO;1;KILOGRAMO;KILOGRAMO x 1 KG;1;1;1
PRD01845;JAMONADA PARA CAFETIN CONGELADO KG;KG;;PRD01845;;JAMONADA PARA CAFETIN CONGELADO KG;KILOGRAMO;1;KILOGRAMO;KILOGRAMO x 1 KG;1;1;1
PRD01846;JAMON AHUMADO CONGELADO 500 GR;KG;;PRD01846;;JAMON AHUMADO CONGELADO 500 GR;PAQUETE;0.5;PAQUETE;PAQUETE x 0.5 KG;1;1;1
PRD01847;MORCILLA CONGELADO KG;KG;;PRD01847;;MORCILLA CONGELADO KG;KILOGRAMO;1;KILOGRAMO;KILOGRAMO x 1 KG;1;1;1
PRD01848;MORTADELA PARA CAFETIN CONGELADO KG;KG;;PRD01848;;MORTADELA PARA CAFETIN CONGELADO KG;KILOGRAMO;1;KILOGRAMO;KILOGRAMO x 1 KG;1;1;1
PRD01849;HOT DOG CONGELADO KG;KG;;PRD01849;;HOT DOG CONGELADO KG;KILOGRAMO;1;KILOGRAMO;KILOGRAMO x 1 KG;1;1;1
PRD01850;SALCHICHA HUACHO CONGELADO 600 GR;KG;;PRD01850;;SALCHICHA HUACHO CONGELADO 600 GR;PAQUETE;0.6;PAQUETE;PAQUETE x 0.6 KG;1;1;1
PRD01851;JAMON AHUMADO REFRIGERADO 500 GR;KG;;PRD01851;;JAMON AHUMADO REFRIGERADO 500 GR;PAQUETE;0.5;PAQUETE;PAQUETE x 0.5 KG;1;1;1
PRD01852;CHORIZO PARRILLERO CONGELADO KG - BRAEDT;KG;;PRD01852;;CHORIZO PARRILLERO CONGELADO KG - BRAEDT;KILOGRAMO;1;KILOGRAMO;KILOGRAMO x 1 KG;1;1;1
PRD01853;HOT DOG CONGELADO KG - BRAEDT;KG;;PRD01853;;HOT DOG CONGELADO KG - BRAEDT;KILOGRAMO;1;KILOGRAMO;KILOGRAMO x 1 KG;1;1;1
PRD01854;JUGO DE DURAZNO FRUGOS 235 ML;UND;;PRD01854;;JUGO DE DURAZNO FRUGOS 235 ML;CAJA;1;CAJA;CAJA x 1 UND;1;1;1
PRD01855;CAJA CHICA - COLORANTE ALIMENTO GEL AZUL;UND;CAJA CHICA;PRD01855;;CAJA CHICA - COLORANTE ALIMENTO GEL AZUL;UNIDAD;1;UNIDAD;UNIDAD x 1 UND;1;1;1
PRD01856;ESCOBA DE MADERA PAJA BAJA POLICIA;UND;;PRD01856;;ESCOBA DE MADERA PAJA BAJA POLICIA;UNIDAD;1;UNIDAD;UNIDAD x 1 UND;1;1;1
PRD01857;ESCOBILLA DE PLASTICO PARA LAVAR ROPA;UND;;PRD01857;;ESCOBILLA DE PLASTICO PARA LAVAR ROPA;UNIDAD;1;UNIDAD;UNIDAD x 1 UND;1;1;1
PRD01858;RAFIA ROLLO CONO;UND;;PRD01858;;RAFIA ROLLO CONO;UNIDAD;1;UNIDAD;UNIDAD x 1 UND;1;1;1
PRD01859;PULPA DE PALTA CONGELADO;KG;;PRD01859;;PULPA DE PALTA CONGELADO;KILOGRAMO;1;KILOGRAMO;KILOGRAMO x 1 KG;1;1;1
PRD01860;COLIFLOR PRE COCIDO CONGELADO;KG;;PRD01860;;COLIFLOR PRE COCIDO CONGELADO;KILOGRAMO;1;KILOGRAMO;KILOGRAMO x 1 KG;1;1;1
PRD01861;YUCA PARA GUARNICION LIBER CONGELADOS;KG;;PRD01861;;YUCA PARA GUARNICION LIBER CONGELADOS;KILOGRAMO;1;KILOGRAMO;KILOGRAMO x 1 KG;1;1;1
PRD01862;ZUMO DE LIMON CONGELADO;KG;;PRD01862;;ZUMO DE LIMON CONGELADO;KILOGRAMO;1;KILOGRAMO;KILOGRAMO x 1 KG;1;1;1
PRD01863;PAPA PRE FRITA CONGELADA;KG;;PRD01863;;PAPA PRE FRITA CONGELADA;KILOGRAMO;1;KILOGRAMO;KILOGRAMO x 1 KG;1;1;1
PRD01864;MIX DE SOPA COMPLETO CONGELADO - KGM;KG;;PRD01864;;MIX DE SOPA COMPLETO CONGELADO - KGM;KILOGRAMO;1;KILOGRAMO;KILOGRAMO x 1 KG;1;1;1
PRD01865;BROCOLI PRE COCIDO 20/40 CONGELADO;KG;;PRD01865;;BROCOLI PRE COCIDO 20/40 CONGELADO;KILOGRAMO;1;KILOGRAMO;KILOGRAMO x 1 KG;1;1;1
PRD01866;MIX DE SOPA COMPLETO CONGELADO NACIONAL - KGM;KG;;PRD01866;;MIX DE SOPA COMPLETO CONGELADO NACIONAL - KGM;KILOGRAMO;1;KILOGRAMO;KILOGRAMO x 1 KG;1;1;1
PRD01867;CHOCLO DESGRANADO LIBER CONGELADO (G);KG;;PRD01867;;CHOCLO DESGRANADO LIBER CONGELADO (G);KILOGRAMO;1;KILOGRAMO;KILOGRAMO x 1 KG;1;1;1
PRD01868;PULPA DE ARANDANO CONGELADO;KG;;PRD01868;;PULPA DE ARANDANO CONGELADO;KILOGRAMO;1;KILOGRAMO;KILOGRAMO x 1 KG;1;1;1
PRD01869;PULPA DE FRESA - FIFU;KG;;PRD01869;;PULPA DE FRESA - FIFU;KILOGRAMO;1;KILOGRAMO;KILOGRAMO x 1 KG;1;1;1
PRD01870;PULPA DE PAPAYA - FIFU;KG;;PRD01870;;PULPA DE PAPAYA - FIFU;KILOGRAMO;1;KILOGRAMO;KILOGRAMO x 1 KG;1;1;1
PRD01871;HELADO DONOFRIO LUCUMA 5 LT;L;;PRD01871;;HELADO DONOFRIO LUCUMA 5 LT;GRANO;5;GRANO;GRANO x 5 L;1;1;1
PRD01872;HELADO DONOFRIO VAINILLA 5 LT;L;;PRD01872;;HELADO DONOFRIO VAINILLA 5 LT;GRANO;5;GRANO;GRANO x 5 L;1;1;1
PRD01873;HELADO DONOFRIO TRICOLOR 5 LT;L;;PRD01873;;HELADO DONOFRIO TRICOLOR 5 LT;GRANO;5;GRANO;GRANO x 5 L;1;1;1
PRD01874;HELADO DONOFRIO BB CHICHA MORADA 70 MM;UND;;PRD01874;;HELADO DONOFRIO BB CHICHA MORADA 70 MM;UNIDAD;1;UNIDAD;UNIDAD x 1 UND;1;1;1
PRD01875;E - HELADO DONOFRIO TRICOLOR 5 LT;L;;PRD01875;;E - HELADO DONOFRIO TRICOLOR 5 LT;GRANO;5;GRANO;GRANO x 5 L;1;1;1
PRD01876;HELADO CREMA TRISABOR YAMBOLY 5 L (2.54 KG);L;;PRD01876;;HELADO CREMA TRISABOR YAMBOLY 5 L (2.54 KG);GRANO;5;GRANO;GRANO x 5 L;1;1;1
PRD01877;HELADO CREMA FRESA MERMELADA YAMBOLY 5 L (2.54 KG);L;;PRD01877;;HELADO CREMA FRESA MERMELADA YAMBOLY 5 L (2.54 KG);GRANO;5;GRANO;GRANO x 5 L;1;1;1
PRD01878;HELADO CREMA VAINILLA CHIPS YAMBOLY 5 L (2.56 KG);L;;PRD01878;;HELADO CREMA VAINILLA CHIPS YAMBOLY 5 L (2.56 KG);GRANO;5;GRANO;GRANO x 5 L;1;1;1
PRD01879;HELADO CREMA CHOCOMANI YAMBOLY 5 L (2.54 KG);L;;PRD01879;;HELADO CREMA CHOCOMANI YAMBOLY 5 L (2.54 KG);GRANO;5;GRANO;GRANO x 5 L;1;1;1
PRD01880;HELADO CREMA FRESA YAMBOLY 5 L (2.54 KG);L;;PRD01880;;HELADO CREMA FRESA YAMBOLY 5 L (2.54 KG);GRANO;5;GRANO;GRANO x 5 L;1;1;1
PRD01881;HELADO DONOFRIO TRIKA 70 ML;UND;;PRD01881;;HELADO DONOFRIO TRIKA 70 ML;UNIDAD;1;UNIDAD;UNIDAD x 1 UND;1;1;1
PRD01882;HELADO DONOFRIO MINI SUBLIME 52/50 ML;UND;;PRD01882;;HELADO DONOFRIO MINI SUBLIME 52/50 ML;UNIDAD;1;UNIDAD;UNIDAD x 1 UND;1;1;1
PRD01883;HELADO PALETA PRAIA ICE AGUA FRESA YAMBOLY 68 ML (70 GR);UND;;PRD01883;;HELADO PALETA PRAIA ICE AGUA FRESA YAMBOLY 68 ML (70 GR);UNIDAD;1;UNIDAD;UNIDAD x 1 UND;1;1;1
PRD01884;HELADO PALETA PRAIA ICE AGUA CHICHA MORADA YAMBOLY 68 ML (70 GR);UND;;PRD01884;;HELADO PALETA PRAIA ICE AGUA CHICHA MORADA YAMBOLY 68 ML (70 GR);UNIDAD;1;UNIDAD;UNIDAD x 1 UND;1;1;1
PRD01885;HELADO PALETA PRAIA ICE AGUA LIMON YAMBOLY 68 ML (70 GR);UND;;PRD01885;;HELADO PALETA PRAIA ICE AGUA LIMON YAMBOLY 68 ML (70 GR);UNIDAD;1;UNIDAD;UNIDAD x 1 UND;1;1;1
PRD01886;HELADO CHOCO MANI CREMA CHOCOLATE YAMBOLY 78 ML (60 GR);UND;;PRD01886;;HELADO CHOCO MANI CREMA CHOCOLATE YAMBOLY 78 ML (60 GR);UNIDAD;1;UNIDAD;UNIDAD x 1 UND;1;1;1
PRD01887;HELADO DONOFRIO SUBLIME 80 ML;UND;;PRD01887;;HELADO DONOFRIO SUBLIME 80 ML;UNIDAD;1;UNIDAD;UNIDAD x 1 UND;1;1;1
PRD01888;HELADO DONOFRIO SUBLIME CLASICO 80 ML;UND;;PRD01888;;HELADO DONOFRIO SUBLIME CLASICO 80 ML;UNIDAD;1;UNIDAD;UNIDAD x 1 UND;1;1;1
PRD01889;HELADO DONOFRIO DON SANDWICH-ITO 63 ML;UND;;PRD01889;;HELADO DONOFRIO DON SANDWICH-ITO 63 ML;UNIDAD;1;UNIDAD;UNIDAD x 1 UND;1;1;1
PRD01890;HELADO CHOCO MANI CREMA CHOCOLATE YAMBOLY 73 ML;UND;;PRD01890;;HELADO CHOCO MANI CREMA CHOCOLATE YAMBOLY 73 ML;UNIDAD;1;UNIDAD;UNIDAD x 1 UND;1;1;1
PRD01891;HELADO DONOFRIO SIN PARAR LUCUMA 180 CC;UND;;PRD01891;;HELADO DONOFRIO SIN PARAR LUCUMA 180 CC;UNIDAD;1;UNIDAD;UNIDAD x 1 UND;1;1;1
PRD01892;HELADO DONOFRIO PIBE CAFE 70 ML;UND;;PRD01892;;HELADO DONOFRIO PIBE CAFE 70 ML;UNIDAD;1;UNIDAD;UNIDAD x 1 UND;1;1;1
PRD01893;HELADO PALETA TERMINATOR CHICHA MORADA TRENDY 70 CC;UND;;PRD01893;;HELADO PALETA TERMINATOR CHICHA MORADA TRENDY 70 CC;UNIDAD;1;UNIDAD;UNIDAD x 1 UND;1;1;1
PRD01894;HELADO PALETA TERMINATOR FRESA TRENDY 70 CC;UND;;PRD01894;;HELADO PALETA TERMINATOR FRESA TRENDY 70 CC;UNIDAD;1;UNIDAD;UNIDAD x 1 UND;1;1;1
PRD01895;HELADO PALETA PALAZO CHOCOLATE TRENDY 68 CC;UND;;PRD01895;;HELADO PALETA PALAZO CHOCOLATE TRENDY 68 CC;UNIDAD;1;UNIDAD;UNIDAD x 1 UND;1;1;1
PRD01896;HELADO PALETA PALAZO LUCUMA TRENDY 68 CC;UND;;PRD01896;;HELADO PALETA PALAZO LUCUMA TRENDY 68 CC;UNIDAD;1;UNIDAD;UNIDAD x 1 UND;1;1;1
PRD01897;HELADO PALETA ESPRESSAME CHOCOLATE TRENDY 70 CC;UND;;PRD01897;;HELADO PALETA ESPRESSAME CHOCOLATE TRENDY 70 CC;UNIDAD;1;UNIDAD;UNIDAD x 1 UND;1;1;1
PRD01898;HELADO PALETA ESPRESSAME DUO VAIN LUCUM TRENDY 70 CC;UND;;PRD01898;;HELADO PALETA ESPRESSAME DUO VAIN LUCUM TRENDY 70 CC;UNIDAD;1;UNIDAD;UNIDAD x 1 UND;1;1;1
PRD01899;HELADO PALETA CHOCOCRIM TRENDY 65 CC;UND;;PRD01899;;HELADO PALETA CHOCOCRIM TRENDY 65 CC;UNIDAD;1;UNIDAD;UNIDAD x 1 UND;1;1;1
PRD01900;HELADO PALETA TERMINATOR LIMON TRENDY 70 CC;UND;;PRD01900;;HELADO PALETA TERMINATOR LIMON TRENDY 70 CC;UNIDAD;1;UNIDAD;UNIDAD x 1 UND;1;1;1
PRD01901;HELADO DONOFRIO ALASKA FRESA 75 / 70 ML;UND;;PRD01901;;HELADO DONOFRIO ALASKA FRESA 75 / 70 ML;UNIDAD;1;UNIDAD;UNIDAD x 1 UND;1;1;1
PRD01902;HELADO BOMBON TRENDY 48 CC;UND;;PRD01902;;HELADO BOMBON TRENDY 48 CC;UNIDAD;1;UNIDAD;UNIDAD x 1 UND;1;1;1
PRD01903;HELADO SANDWICHITO VAINILLA TRENDY 110 CC;UND;;PRD01903;;HELADO SANDWICHITO VAINILLA TRENDY 110 CC;UNIDAD;1;UNIDAD;UNIDAD x 1 UND;1;1;1
PRD01904;HELADO SANDWICHITO COOKIES CREAM TRENDY 110 CC;UND;;PRD01904;;HELADO SANDWICHITO COOKIES CREAM TRENDY 110 CC;UNIDAD;1;UNIDAD;UNIDAD x 1 UND;1;1;1
PRD01905;HELADO PALETA CHAVO TRENDY 70 CC;UND;;PRD01905;;HELADO PALETA CHAVO TRENDY 70 CC;UNIDAD;1;UNIDAD;UNIDAD x 1 UND;1;1;1
PRD01906;HELADO PALETA HELLO KITTY FRESA/PIÑA TRENDY 70 CC;UND;;PRD01906;;HELADO PALETA HELLO KITTY FRESA/PIÑA TRENDY 70 CC;UNIDAD;1;UNIDAD;UNIDAD x 1 UND;1;1;1
PRD01907;HELADO PALETA CAMPEON TRENDY;UND;;PRD01907;;HELADO PALETA CAMPEON TRENDY;UNIDAD;1;UNIDAD;UNIDAD x 1 UND;1;1;1
PRD01908;HELADO PALETA DRACULA TRENDY 70 CC;UND;;PRD01908;;HELADO PALETA DRACULA TRENDY 70 CC;UNIDAD;1;UNIDAD;UNIDAD x 1 UND;1;1;1
PRD01909;HELADO PALETA ARMAPOP TRENDY 70 CC;UND;;PRD01909;;HELADO PALETA ARMAPOP TRENDY 70 CC;UNIDAD;1;UNIDAD;UNIDAD x 1 UND;1;1;1
PRD01910;HELADO PALETA PALAZZO FRESA 68 CC;UND;;PRD01910;;HELADO PALETA PALAZZO FRESA 68 CC;UNIDAD;1;UNIDAD;UNIDAD x 1 UND;1;1;1
PRD01911;HELADO PALETA ENTRETE TRENDY 70 CC;UND;;PRD01911;;HELADO PALETA ENTRETE TRENDY 70 CC;UNIDAD;1;UNIDAD;UNIDAD x 1 UND;1;1;1
PRD01912;HELADO PALETA CONTUTY TRENDY 70 CC;UND;;PRD01912;;HELADO PALETA CONTUTY TRENDY 70 CC;UNIDAD;1;UNIDAD;UNIDAD x 1 UND;1;1;1
PRD01913;HELADO PALETA PRAIA ICE AGUA CHICHA MORADA YAMBOLY 70 ML (72 GR);UND;;PRD01913;;HELADO PALETA PRAIA ICE AGUA CHICHA MORADA YAMBOLY 70 ML (72 GR);UNIDAD;1;UNIDAD;UNIDAD x 1 UND;1;1;1
PRD01914;HELADO PALETA PRAIA ICE AGUA FRESA YAMBOLY 70 ML (72 GR);UND;;PRD01914;;HELADO PALETA PRAIA ICE AGUA FRESA YAMBOLY 70 ML (72 GR);UNIDAD;1;UNIDAD;UNIDAD x 1 UND;1;1;1
PRD01915;HELADO GOLD CREMA VAINILLA LUCUMA YAMBOLY 65 ML (51 GR);UND;;PRD01915;;HELADO GOLD CREMA VAINILLA LUCUMA YAMBOLY 65 ML (51 GR);UNIDAD;1;UNIDAD;UNIDAD x 1 UND;1;1;1
PRD01916;HELADO CHOCOVAI CREMA VAINILLA YAMBOLY 65 ML (44 GR);UND;;PRD01916;;HELADO CHOCOVAI CREMA VAINILLA YAMBOLY 65 ML (44 GR);UNIDAD;1;UNIDAD;UNIDAD x 1 UND;1;1;1
PRD01917;HELADO CHOCO MANI CREMA CHOCOLATE YAMBOLY 65 ML (47 GR);UND;;PRD01917;;HELADO CHOCO MANI CREMA CHOCOLATE YAMBOLY 65 ML (47 GR);UNIDAD;1;UNIDAD;UNIDAD x 1 UND;1;1;1
PRD01918;HELADO SANDWICH CREMA VAINILLA YAMBOLY 67 ML (40 GR);UND;;PRD01918;;HELADO SANDWICH CREMA VAINILLA YAMBOLY 67 ML (40 GR);UNIDAD;1;UNIDAD;UNIDAD x 1 UND;1;1;1
PRD01919;HELADO PALETA PRAIA ICE AGUA LIMON YAMBOLY 70 ML (72 GR);UND;;PRD01919;;HELADO PALETA PRAIA ICE AGUA LIMON YAMBOLY 70 ML (72 GR);UNIDAD;1;UNIDAD;UNIDAD x 1 UND;1;1;1
PRD01920;HELADO YAMBITO CREMA VAINILLA CHOCOLATE YAMBOLY 63 ML (40 GR);UND;;PRD01920;;HELADO YAMBITO CREMA VAINILLA CHOCOLATE YAMBOLY 63 ML (40 GR);UNIDAD;1;UNIDAD;UNIDAD x 1 UND;1;1;1
PRD01921;HELADO YAMBITO CREMA VAINILLA LUCUMA YAMBOLY 63 ML (40 GR);UND;;PRD01921;;HELADO YAMBITO CREMA VAINILLA LUCUMA YAMBOLY 63 ML (40 GR);UNIDAD;1;UNIDAD;UNIDAD x 1 UND;1;1;1
PRD01922;HELADO SANDWICH CREMA VAINILLA LUCUMA YAMBOLY 67 ML (40 GR);UND;;PRD01922;;HELADO SANDWICH CREMA VAINILLA LUCUMA YAMBOLY 67 ML (40 GR);UNIDAD;1;UNIDAD;UNIDAD x 1 UND;1;1;1
PRD01923;HELADO CREMA VAINILLA PALETA YAMBOLY 50 GR;UND;;PRD01923;;HELADO CREMA VAINILLA PALETA YAMBOLY 50 GR;UNIDAD;1;UNIDAD;UNIDAD x 1 UND;1;1;1
PRD01924;HELADO PALETA PRAIA ICE MARACUYA YAMBOLY 74 ML (78 GR);UND;;PRD01924;;HELADO PALETA PRAIA ICE MARACUYA YAMBOLY 74 ML (78 GR);UNIDAD;1;UNIDAD;UNIDAD x 1 UND;1;1;1
PRD01925;HELADO YAMBITO CREMA CHOCOLATE YAMBOLY 54 ML (40 GR);UND;;PRD01925;;HELADO YAMBITO CREMA CHOCOLATE YAMBOLY 54 ML (40 GR);UNIDAD;1;UNIDAD;UNIDAD x 1 UND;1;1;1
PRD01926;HELADO YAMBITO CREMA FRESA YAMBOLY 63 /54ML (40 GR);UND;;PRD01926;;HELADO YAMBITO CREMA FRESA YAMBOLY 63 /54ML (40 GR);UNIDAD;1;UNIDAD;UNIDAD x 1 UND;1;1;1
PRD01927;QUESO EDAM EN TAJADAS SANCOR 500 GR REFRIGERADO;KG;;PRD01927;;QUESO EDAM EN TAJADAS SANCOR 500 GR REFRIGERADO;PAQUETE;0.5;PAQUETE;PAQUETE x 0.5 KG;1;1;1
PRD01928;QUESO MOZARELLA CONGELADO PREMIUM;KG;;PRD01928;;QUESO MOZARELLA CONGELADO PREMIUM;KILOGRAMO;1;KILOGRAMO;KILOGRAMO x 1 KG;1;1;1
PRD01929;QUESO EDAM LAIVE 440 GR REFRIGERADO;KG;;PRD01929;;QUESO EDAM LAIVE 440 GR REFRIGERADO;PAQUETE;0.44;PAQUETE;PAQUETE x 0.44 KG;1;1;1
PRD01930;QUESO EDAM EN TAJADAS SIGMA 500 GR CONGELADO (EMER);KG;;PRD01930;;QUESO EDAM EN TAJADAS SIGMA 500 GR CONGELADO (EMER);PAQUETE;0.5;PAQUETE;PAQUETE x 0.5 KG;1;1;1
PRD01931;QUESO EDAM EN TAJADAS 20 GR MILKUNZ (500 GR);KG;;PRD01931;;QUESO EDAM EN TAJADAS 20 GR MILKUNZ (500 GR);PAQUETE;0.5;PAQUETE;PAQUETE x 0.5 KG;1;1;1
PRD01932;CAJA CHICA - COLORANTE ALIMENTO GEL LILA;UND;CAJA CHICA;PRD01932;;CAJA CHICA - COLORANTE ALIMENTO GEL LILA;UNIDAD;1;UNIDAD;UNIDAD x 1 UND;1;1;1
PRD01933;CAJA CHICA - PERLAS DE AZÚCAR COLOR LILA;KG;CAJA CHICA;PRD01933;;CAJA CHICA - PERLAS DE AZÚCAR COLOR LILA;KILOGRAMO;1;KILOGRAMO;KILOGRAMO x 1 KG;1;1;1
PRD01934;CAJA CHICA - PIROTINES N° 8 PARA CUP CAKE X100 UND;UND;CAJA CHICA;PRD01934;;CAJA CHICA - PIROTINES N° 8 PARA CUP CAKE X100 UND;PAQUETE;1;PAQUETE;PAQUETE x 1 UND;1;1;1
PRD01935;CAJA CHICA - EMBACE PARA CUP CAKE N°9 (5 OZ) X100 UND;UND;CAJA CHICA;PRD01935;;CAJA CHICA - EMBACE PARA CUP CAKE N°9 (5 OZ) X100 UND;PAQUETE;1;PAQUETE;PAQUETE x 1 UND;1;1;1
PRD01936;CAJA CHICA - CREMA DE COCO;UND;CAJA CHICA;PRD01936;;CAJA CHICA - CREMA DE COCO;POTE;1;POTE;POTE x 1 UND;1;1;1
PRD01937;CAJA CHICA - LECHE EN POLVO;KG;CAJA CHICA;PRD01937;;CAJA CHICA - LECHE EN POLVO;KILOGRAMO;1;KILOGRAMO;KILOGRAMO x 1 KG;1;1;1
PRD01938;CAJA CHICA - VASOS ACRILICOS DE 7 ONZ X 25 UND;UND;CAJA CHICA;PRD01938;;CAJA CHICA - VASOS ACRILICOS DE 7 ONZ X 25 UND;PAQUETE;1;PAQUETE;PAQUETE x 1 UND;1;1;1
PRD01939;CAJA CHICA - DECORACIONES PARA BEBIDAS (SOMBRILLA) – 100 UNI;UND;CAJA CHICA;PRD01939;;CAJA CHICA - DECORACIONES PARA BEBIDAS (SOMBRILLA) – 100 UNI;PAQUETE;1;PAQUETE;PAQUETE x 1 UND;1;1;1
PRD01940;CAJA CHICA - SORBETES NEGROS;UND;CAJA CHICA;PRD01940;;CAJA CHICA - SORBETES NEGROS;PAQUETE;1;PAQUETE;PAQUETE x 1 UND;1;1;1
PRD01941;CAJA CHICA - FRUGOS DE DURAZNO 1 LITRO;L;CAJA CHICA;PRD01941;;CAJA CHICA - FRUGOS DE DURAZNO 1 LITRO;LITRO;1;LITRO;LITRO x 1 L;1;1;1
PRD01942;LASAÑA DE CARNE CONGELADO X 1KG;KG;;PRD01942;;LASAÑA DE CARNE CONGELADO X 1KG;KILOGRAMO;1;KILOGRAMO;KILOGRAMO x 1 KG;1;1;1
PRD01943;ENROLLADO (WRAP) DE POLLO AL HORNO 190 GR;UND;;PRD01943;;ENROLLADO (WRAP) DE POLLO AL HORNO 190 GR;UNIDAD;1;UNIDAD;UNIDAD x 1 UND;1;1;1
PRD01944;ENROLLADO (WRAP) DE CHANCHO ORIENTAL 190 GR;UND;;PRD01944;;ENROLLADO (WRAP) DE CHANCHO ORIENTAL 190 GR;UNIDAD;1;UNIDAD;UNIDAD x 1 UND;1;1;1
PRD01945;EMPANADA DE CARNE 90 GR;UND;;PRD01945;;EMPANADA DE CARNE 90 GR;UNIDAD;1;UNIDAD;UNIDAD x 1 UND;1;1;1
PRD01946;EMPANADA MIXTA 90 GR;UND;;PRD01946;;EMPANADA MIXTA 90 GR;UNIDAD;1;UNIDAD;UNIDAD x 1 UND;1;1;1
PRD01947;EMPANADA DE POLLO 90 GR;UND;;PRD01947;;EMPANADA DE POLLO 90 GR;UNIDAD;1;UNIDAD;UNIDAD x 1 UND;1;1;1
PRD01948;CROISSANT MEDIA LUNA CON MANJAR CONGELADO 70 GR;UND;;PRD01948;;CROISSANT MEDIA LUNA CON MANJAR CONGELADO 70 GR;UNIDAD;1;UNIDAD;UNIDAD x 1 UND;1;1;1
PRD01949;PIZZA ENVOLTINI NAPOLI 135 GR CONGELADA;UND;;PRD01949;;PIZZA ENVOLTINI NAPOLI 135 GR CONGELADA;UNIDAD;1;UNIDAD;UNIDAD x 1 UND;1;1;1
PRD01950;MALLA VEGETAL ESPINACA 110 GR CONGELADA;UND;;PRD01950;;MALLA VEGETAL ESPINACA 110 GR CONGELADA;UNIDAD;1;UNIDAD;UNIDAD x 1 UND;1;1;1
PRD01951;CHURRO RELLENO MANJAR BLANCO 12 CM CONGELADO;UND;;PRD01951;;CHURRO RELLENO MANJAR BLANCO 12 CM CONGELADO;UNIDAD;1;UNIDAD;UNIDAD x 1 UND;1;1;1
PRD01952;CHURRO RELLENO MANJAR CHOCOLATE 12 CM CONGELADO;UND;;PRD01952;;CHURRO RELLENO MANJAR CHOCOLATE 12 CM CONGELADO;UNIDAD;1;UNIDAD;UNIDAD x 1 UND;1;1;1
PRD01953;CHURRO MINI SIN RELLENO C/ HUECO 6 CM CONGELADO;UND;;PRD01953;;CHURRO MINI SIN RELLENO C/ HUECO 6 CM CONGELADO;UNIDAD;1;UNIDAD;UNIDAD x 1 UND;1;1;1
PRD01954;CHURRO TRADICIONAL 17 CM CONGELADO;UND;;PRD01954;;CHURRO TRADICIONAL 17 CM CONGELADO;UNIDAD;1;UNIDAD;UNIDAD x 1 UND;1;1;1
PRD01955;CHURRO MINI TRADICIONAL 6 CM CONGELADO;UND;;PRD01955;;CHURRO MINI TRADICIONAL 6 CM CONGELADO;UNIDAD;1;UNIDAD;UNIDAD x 1 UND;1;1;1
PRD01956;CHURRO MINI TRADICIONAL 8 CM CONGELADO;UND;;PRD01956;;CHURRO MINI TRADICIONAL 8 CM CONGELADO;UNIDAD;1;UNIDAD;UNIDAD x 1 UND;1;1;1
PRD01957;TEQUEÑOS DE QUESO 20 GR CONGELADO (EMER);UND;;PRD01957;;TEQUEÑOS DE QUESO 20 GR CONGELADO (EMER);UNIDAD;1;UNIDAD;UNIDAD x 1 UND;1;1;1
PRD01958;PAN PRECOCIDO CIABATTA CONGELADO (40 GR);UND;;PRD01958;;PAN PRECOCIDO CIABATTA CONGELADO (40 GR);UNIDAD;1;UNIDAD;UNIDAD x 1 UND;1;1;1
PRD01959;PAN PRECOCIDO FRANCES CONGELADO (40 GR);UND;;PRD01959;;PAN PRECOCIDO FRANCES CONGELADO (40 GR);UNIDAD;1;UNIDAD;UNIDAD x 1 UND;1;1;1
PRD01960;DONUT BERLINA DE CREMA 90 GRM;UND;;PRD01960;;DONUT BERLINA DE CREMA 90 GRM;UNIDAD;1;UNIDAD;UNIDAD x 1 UND;1;1;1
PRD01961;DONUT BERLINA DE CHOCOLATE 90 GRM;UND;;PRD01961;;DONUT BERLINA DE CHOCOLATE 90 GRM;UNIDAD;1;UNIDAD;UNIDAD x 1 UND;1;1;1
PRD01962;DONUT DOTS ROLO TUTTI 75 GRM;UND;;PRD01962;;DONUT DOTS ROLO TUTTI 75 GRM;UNIDAD;1;UNIDAD;UNIDAD x 1 UND;1;1;1
PRD01963;DONUT DOTS ROLO CARAMELO 73 GRM;UND;;PRD01963;;DONUT DOTS ROLO CARAMELO 73 GRM;UNIDAD;1;UNIDAD;UNIDAD x 1 UND;1;1;1
PRD01964;DONUT DOTS ROLO GLAZE 52 GRM;UND;;PRD01964;;DONUT DOTS ROLO GLAZE 52 GRM;UNIDAD;1;UNIDAD;UNIDAD x 1 UND;1;1;1
PRD01965;CROISSANT DE MANJAR 90 GRM;UND;;PRD01965;;CROISSANT DE MANJAR 90 GRM;UNIDAD;1;UNIDAD;UNIDAD x 1 UND;1;1;1
PRD01966;CROISSANT(BOM BOM) CHOCOLATE 90 GRM;UND;;PRD01966;;CROISSANT(BOM BOM) CHOCOLATE 90 GRM;UNIDAD;1;UNIDAD;UNIDAD x 1 UND;1;1;1
PRD01967;MUFFIN TULIPA DE YOGURT Y ARANDANO 110 GRM;UND;;PRD01967;;MUFFIN TULIPA DE YOGURT Y ARANDANO 110 GRM;UNIDAD;1;UNIDAD;UNIDAD x 1 UND;1;1;1
PRD01968;BOLI YUCAS CON QUESO 20 GR CONGELADO;UND;;PRD01968;;BOLI YUCAS CON QUESO 20 GR CONGELADO;UNIDAD;1;UNIDAD;UNIDAD x 1 UND;1;1;1
PRD01969;FINGER DE YUCA CON QUESO 20 GR CONGELADO;UND;;PRD01969;;FINGER DE YUCA CON QUESO 20 GR CONGELADO;UNIDAD;1;UNIDAD;UNIDAD x 1 UND;1;1;1
PRD01970;PAPA RELLENA CON CARNE 100 GR CONGELADO;UND;;PRD01970;;PAPA RELLENA CON CARNE 100 GR CONGELADO;UNIDAD;1;UNIDAD;UNIDAD x 1 UND;1;1;1
PRD01971;SIU MAI DE CERDO 20 GR CONGELADO;UND;;PRD01971;;SIU MAI DE CERDO 20 GR CONGELADO;UNIDAD;1;UNIDAD;UNIDAD x 1 UND;1;1;1
PRD01972;TEQUEÑOS DE LOMITO 20 GR CONGELADO;UND;;PRD01972;;TEQUEÑOS DE LOMITO 20 GR CONGELADO;UNIDAD;1;UNIDAD;UNIDAD x 1 UND;1;1;1
PRD01973;WANTAN ARMADO CON RELLENO SIU MAI CERDO 17 GR CONGELADO;UND;;PRD01973;;WANTAN ARMADO CON RELLENO SIU MAI CERDO 17 GR CONGELADO;UNIDAD;1;UNIDAD;UNIDAD x 1 UND;1;1;1
PRD01974;ENROLLADO PRIMAVERA 22 GR CONGELADO;UND;;PRD01974;;ENROLLADO PRIMAVERA 22 GR CONGELADO;UNIDAD;1;UNIDAD;UNIDAD x 1 UND;1;1;1
PRD01975;ENROLLADO (WRAP) DE JAMON Y QUESO 190 GR;UND;;PRD01975;;ENROLLADO (WRAP) DE JAMON Y QUESO 190 GR;UNIDAD;1;UNIDAD;UNIDAD x 1 UND;1;1;1
PRD01976;CAJA CHICA - GASEOSA COLA ESCOCESA X 1.5 LT;UND;CAJA CHICA;PRD01976;;CAJA CHICA - GASEOSA COLA ESCOCESA X 1.5 LT;BOTELLA;1;BOTELLA;BOTELLA x 1 UND;1;1;1
PRD01977;CAJA CHICA - ESPONJA NEGRA PARA PARRILLA;UND;CAJA CHICA;PRD01977;;CAJA CHICA - ESPONJA NEGRA PARA PARRILLA;UNIDAD;1;UNIDAD;UNIDAD x 1 UND;1;1;1
PRD01978;CAJA CHICA - QUESO AHUMADO;KG;CAJA CHICA;PRD01978;;CAJA CHICA - QUESO AHUMADO;KILOGRAMO;1;KILOGRAMO;KILOGRAMO x 1 KG;1;1;1
PRD01979;CAJA CHICA - MANZANILLA;KG;CAJA CHICA;PRD01979;;CAJA CHICA - MANZANILLA;KILOGRAMO;1;KILOGRAMO;KILOGRAMO x 1 KG;1;1;1
PRD01980;CAJA CHICA - COLA DE CABALLO;KG;CAJA CHICA;PRD01980;;CAJA CHICA - COLA DE CABALLO;KILOGRAMO;1;KILOGRAMO;KILOGRAMO x 1 KG;1;1;1
PRD01981;CAJA CHICA - UÑA DE GATO;KG;CAJA CHICA;PRD01981;;CAJA CHICA - UÑA DE GATO;KILOGRAMO;1;KILOGRAMO;KILOGRAMO x 1 KG;1;1;1
PRD01982;CAJA CHICA - HIERBA LUISA;KG;CAJA CHICA;PRD01982;;CAJA CHICA - HIERBA LUISA;KILOGRAMO;1;KILOGRAMO;KILOGRAMO x 1 KG;1;1;1
PRD01983;CAJA CHICA - HOJA DE LLANTEN;KG;CAJA CHICA;PRD01983;;CAJA CHICA - HOJA DE LLANTEN;KILOGRAMO;1;KILOGRAMO;KILOGRAMO x 1 KG;1;1;1
PRD01984;CAJA CHICA - SAVILA;KG;CAJA CHICA;PRD01984;;CAJA CHICA - SAVILA;KILOGRAMO;1;KILOGRAMO;KILOGRAMO x 1 KG;1;1;1
PRD01985;CAJA CHICA - LINAZA;KG;CAJA CHICA;PRD01985;;CAJA CHICA - LINAZA;KILOGRAMO;1;KILOGRAMO;KILOGRAMO x 1 KG;1;1;1
PRD01986;CAJA CHICA - CHIA;KG;CAJA CHICA;PRD01986;;CAJA CHICA - CHIA;KILOGRAMO;1;KILOGRAMO;KILOGRAMO x 1 KG;1;1;1
PRD01987;CAJA CHICA - MIEL;KG;CAJA CHICA;PRD01987;;CAJA CHICA - MIEL;KILOGRAMO;1;KILOGRAMO;KILOGRAMO x 1 KG;1;1;1
PRD01988;CAJA CHICA - CHIFLES KARINTO 35 GR;UND;CAJA CHICA;PRD01988;;CAJA CHICA - CHIFLES KARINTO 35 GR;GRAMO;1;GRAMO;GRAMO x 1 UND;1;1;1
PRD01989;CAJA CHICA - CUATES NATURAL KARINTO 26/23 GR;UND;CAJA CHICA;PRD01989;;CAJA CHICA - CUATES NATURAL KARINTO 26/23 GR;GRAMO;1;GRAMO;GRAMO x 1 UND;1;1;1
PRD01990;CAJA CHICA - D TODITO SNACK 50 GR;UND;CAJA CHICA;PRD01990;;CAJA CHICA - D TODITO SNACK 50 GR;GRAMO;1;GRAMO;GRAMO x 1 UND;1;1;1
PRD01991;CAJA CHICA - DORITOS FUEGO 43 GR;UND;CAJA CHICA;PRD01991;;CAJA CHICA - DORITOS FUEGO 43 GR;GRAMO;1;GRAMO;GRAMO x 1 UND;1;1;1
PRD01992;CAJA CHICA - PAPAS CRUJIENTES BBQ & CEBOLLA INKA CHIPS 33 GR;UND;CAJA CHICA;PRD01992;;CAJA CHICA - PAPAS CRUJIENTES BBQ & CEBOLLA INKA CHIPS 33 GR;GRAMO;1;GRAMO;GRAMO x 1 UND;1;1;1
PRD01993;CAJA CHICA - PAPAS CRUJIENTES JALAPEÑO INCA CHIPS 33 GR;UND;CAJA CHICA;PRD01993;;CAJA CHICA - PAPAS CRUJIENTES JALAPEÑO INCA CHIPS 33 GR;GRAMO;1;GRAMO;GRAMO x 1 UND;1;1;1
PRD01994;CAJA CHICA - PAPAS CRUJIENTES SAL DE MAR INCA CHIPS 33 GR;UND;CAJA CHICA;PRD01994;;CAJA CHICA - PAPAS CRUJIENTES SAL DE MAR INCA CHIPS 33 GR;GRAMO;1;GRAMO;GRAMO x 1 UND;1;1;1
PRD01995;CAJA CHICA - PAPAS FRITAS BEMBOS INCA CHIP 30 GR;UND;CAJA CHICA;PRD01995;;CAJA CHICA - PAPAS FRITAS BEMBOS INCA CHIP 30 GR;GRAMO;1;GRAMO;GRAMO x 1 UND;1;1;1
PRD01996;CAJA CHICA - PAPAS NATIVAS GO TOTO 50 GR;UND;CAJA CHICA;PRD01996;;CAJA CHICA - PAPAS NATIVAS GO TOTO 50 GR;GRAMO;1;GRAMO;GRAMO x 1 UND;1;1;1
PRD01997;CAJA CHICA - TORTILLAS DE MAIZ TOTOPO 50 GR;UND;CAJA CHICA;PRD01997;;CAJA CHICA - TORTILLAS DE MAIZ TOTOPO 50 GR;GRAMO;1;GRAMO;GRAMO x 1 UND;1;1;1
PRD01998;CAJA CHICA - WARAP BARRA;UND;CAJA CHICA;PRD01998;;CAJA CHICA - WARAP BARRA;GRAMO;1;GRAMO;GRAMO x 1 UND;1;1;1
PRD01999;CAJA CHICA - CAFÉ MOLIDO PREMIUM JUAN VALDEZ 0.250 KG;UND;CAJA CHICA;PRD01999;;CAJA CHICA - CAFÉ MOLIDO PREMIUM JUAN VALDEZ 0.250 KG;BOLSA;1;BOLSA;BOLSA x 1 UND;1;1;1
PRD02000;CAJA CHICA - LECHE SIN LACTOSA LAIVE 480 G;UND;CAJA CHICA;PRD02000;;CAJA CHICA - LECHE SIN LACTOSA LAIVE 480 G;CAJA;1;CAJA;CAJA x 1 UND;1;1;1
PRD02001;CAJA CHICA - PAPA LOMO NEGRO;KG;CAJA CHICA;PRD02001;;CAJA CHICA - PAPA LOMO NEGRO;KILOGRAMO;1;KILOGRAMO;KILOGRAMO x 1 KG;1;1;1
PRD02002;CAJA CHICA - OLE OLE X 50 UND;UND;CAJA CHICA;PRD02002;;CAJA CHICA - OLE OLE X 50 UND;UNIDAD;1;UNIDAD;UNIDAD x 1 UND;1;1;1
PRD02003;CAJA CHICA - MINI NICK X 20 UND;UND;CAJA CHICA;PRD02003;;CAJA CHICA - MINI NICK X 20 UND;UNIDAD;1;UNIDAD;UNIDAD x 1 UND;1;1;1
PRD02004;CAJA CHICA - NUSITA X 18 UND;UND;CAJA CHICA;PRD02004;;CAJA CHICA - NUSITA X 18 UND;UNIDAD;1;UNIDAD;UNIDAD x 1 UND;1;1;1
PRD02005;CAJA CHICA - MINI SAPITO X 50 UND;UND;CAJA CHICA;PRD02005;;CAJA CHICA - MINI SAPITO X 50 UND;UNIDAD;1;UNIDAD;UNIDAD x 1 UND;1;1;1
PRD02006;CAJA CHICA - MINI RELLENITA X 50 UND;UND;CAJA CHICA;PRD02006;;CAJA CHICA - MINI RELLENITA X 50 UND;UNIDAD;1;UNIDAD;UNIDAD x 1 UND;1;1;1
PRD02007;CAJA CHICA - CONO CANCHERO X 10 UND;UND;CAJA CHICA;PRD02007;;CAJA CHICA - CONO CANCHERO X 10 UND;UNIDAD;1;UNIDAD;UNIDAD x 1 UND;1;1;1
PRD02008;CAJA CHICA - CARAMELO PERITA X 100 UND;UND;CAJA CHICA;PRD02008;;CAJA CHICA - CARAMELO PERITA X 100 UND;UNIDAD;1;UNIDAD;UNIDAD x 1 UND;1;1;1
PRD02009;CAJA CHICA - BASE PARA HELADOS SABOR CHOCOLATE 946 ML GLORIA;UND;CAJA CHICA;PRD02009;;CAJA CHICA - BASE PARA HELADOS SABOR CHOCOLATE 946 ML GLORIA;UNIDAD;1;UNIDAD;UNIDAD x 1 UND;1;1;1
PRD02010;CAJA CHICA - BASE PARA HELADOS SABOR VAINILLA 946 ML GLORIA;UND;CAJA CHICA;PRD02010;;CAJA CHICA - BASE PARA HELADOS SABOR VAINILLA 946 ML GLORIA;UNIDAD;1;UNIDAD;UNIDAD x 1 UND;1;1;1
PRD02011;CAJA CHICA - CONO BARQUILLO;UND;CAJA CHICA;PRD02011;;CAJA CHICA - CONO BARQUILLO;CAJA;1;CAJA;CAJA x 1 UND;1;1;1
PRD02012;CAJA CHICA - CERVEZA CORONASIN ALCOHOL 355 ML;UND;CAJA CHICA;PRD02012;;CAJA CHICA - CERVEZA CORONASIN ALCOHOL 355 ML;MILLAR;1;MILLAR;MILLAR x 1 UND;1;1;1
PRD02013;CAJA CHICA - CHIZITOS GRANDE NATURAL 35 GR;UND;CAJA CHICA;PRD02013;;CAJA CHICA - CHIZITOS GRANDE NATURAL 35 GR;BOLSA;1;BOLSA;BOLSA x 1 UND;1;1;1
PRD02014;CAJA CHICA - TORTEES NATURAL GRANDE FRITO LAY 70 GR;UND;CAJA CHICA;PRD02014;;CAJA CHICA - TORTEES NATURAL GRANDE FRITO LAY 70 GR;BOLSA;1;BOLSA;BOLSA x 1 UND;1;1;1
PRD02015;CAJA CHICA - CHEETOS NATURAL GRANDE 34GR;UND;CAJA CHICA;PRD02015;;CAJA CHICA - CHEETOS NATURAL GRANDE 34GR;BOLSA;1;BOLSA;BOLSA x 1 UND;1;1;1
PRD02016;CAJA CHICA - CHEETOS NARUTAL CHICO 26 GR;UND;CAJA CHICA;PRD02016;;CAJA CHICA - CHEETOS NARUTAL CHICO 26 GR;BOLSA;1;BOLSA;BOLSA x 1 UND;1;1;1
PRD02017;CAJA CHICA - SPORADE 500ML;UND;CAJA CHICA;PRD02017;;CAJA CHICA - SPORADE 500ML;UNIDAD;1;UNIDAD;UNIDAD x 1 UND;1;1;1
PRD02018;CAJA CHICA - NECTAR DURAZNO PULP 250 ML;UND;CAJA CHICA;PRD02018;;CAJA CHICA - NECTAR DURAZNO PULP 250 ML;UNIDAD;1;UNIDAD;UNIDAD x 1 UND;1;1;1
PRD02019;CAJA CHICA - CHOCLO BLANCO;UND;CAJA CHICA;PRD02019;;CAJA CHICA - CHOCLO BLANCO;UNIDAD;1;UNIDAD;UNIDAD x 1 UND;1;1;1
PRD02020;CAJA CHICA - SANDWICH HELADO MINI;UND;CAJA CHICA;PRD02020;;CAJA CHICA - SANDWICH HELADO MINI;UNIDAD;1;UNIDAD;UNIDAD x 1 UND;1;1;1
PRD02021;CAJA CHICA - BEBIDA REHIDRATANTE 500ML SPORADE;UND;CAJA CHICA;PRD02021;;CAJA CHICA - BEBIDA REHIDRATANTE 500ML SPORADE;UNIDAD;1;UNIDAD;UNIDAD x 1 UND;1;1;1
PRD02022;CAJA CHICA - CHOCOLATE SOL DEL CUZCO - BARRAS DE 80 GR;UND;CAJA CHICA;PRD02022;;CAJA CHICA - CHOCOLATE SOL DEL CUZCO - BARRAS DE 80 GR;UNIDAD;1;UNIDAD;UNIDAD x 1 UND;1;1;1
PRD02023;CAJA CHICA - COCA 180 GR;UND;CAJA CHICA;PRD02023;;CAJA CHICA - COCA 180 GR;UNIDAD;1;UNIDAD;UNIDAD x 1 UND;1;1;1
PRD02024;CAJA CHICA - COCOA 180 GR;UND;CAJA CHICA;PRD02024;;CAJA CHICA - COCOA 180 GR;UNIDAD;1;UNIDAD;UNIDAD x 1 UND;1;1;1
PRD02025;CAJA CHICA - LECHE LAIVE BOLSITARRO 390 GR;UND;CAJA CHICA;PRD02025;;CAJA CHICA - LECHE LAIVE BOLSITARRO 390 GR;UNIDAD;1;UNIDAD;UNIDAD x 1 UND;1;1;1
PRD02026;CAJA CHICA - BOLSA PANETON GLORIA;UND;CAJA CHICA;PRD02026;;CAJA CHICA - BOLSA PANETON GLORIA;UNIDAD;1;UNIDAD;UNIDAD x 1 UND;1;1;1
PRD02027;CAJA CHICA- PAPA SECA CON LA UNIDAD DE MEDIDA 1 KG;KG;CAJA CHICA;PRD02027;;CAJA CHICA- PAPA SECA CON LA UNIDAD DE MEDIDA 1 KG;KILOGRAMO;1;KILOGRAMO;KILOGRAMO x 1 KG;1;1;1
PRD02028;PARIHUELA DE MADERA EAN 1.00 X 1.20 MT;UND;;PRD02028;;PARIHUELA DE MADERA EAN 1.00 X 1.20 MT;UNIDAD;1;UNIDAD;UNIDAD x 1 UND;1;1;1
PRD02029;CAJA CHICA- PAPA SECA CON LA UNIDAD DE MEDIDA 500 GR;KG;CAJA CHICA;PRD02029;;CAJA CHICA- PAPA SECA CON LA UNIDAD DE MEDIDA 500 GR;GRAMO;0.5;GRAMO;GRAMO x 0.5 KG;1;1;1
PRD02030;CAJA CHICA- PAPA SECA CON LA UNIDAD DE MEDIDA 250 GR;KG;CAJA CHICA;PRD02030;;CAJA CHICA- PAPA SECA CON LA UNIDAD DE MEDIDA 250 GR;GRAMO;0.25;GRAMO;GRAMO x 0.25 KG;1;1;1
PRD02031;CAJA CHICA - CAFE KIRMA CON LA UNIDAD DE MEDIDA 180 GR;UND;CAJA CHICA;PRD02031;;CAJA CHICA - CAFE KIRMA CON LA UNIDAD DE MEDIDA 180 GR;GRAMO;1;GRAMO;GRAMO x 1 UND;1;1;1
PRD02032;CAJA CHICA - CREMA VAINILLA CON LA UNIDAD DE MEDIDA 600 GR;UND;CAJA CHICA;PRD02032;;CAJA CHICA - CREMA VAINILLA CON LA UNIDAD DE MEDIDA 600 GR;GRAMO;1;GRAMO;GRAMO x 1 UND;1;1;1
PRD02033;CAJA CHICA - AGUA SAN LUIS CON LA UNIDAD DE MEDIDA 750 ML;UND;CAJA CHICA;PRD02033;;CAJA CHICA - AGUA SAN LUIS CON LA UNIDAD DE MEDIDA 750 ML;BOTELLA;1;BOTELLA;BOTELLA x 1 UND;1;1;1
PRD02034;CAJA CHICA - AGUA SAN LUIS 750 ML;UND;CAJA CHICA;PRD02034;;CAJA CHICA - AGUA SAN LUIS 750 ML;BOTELLA;1;BOTELLA;BOTELLA x 1 UND;1;1;1
PRD02035;CAJA CHICA - GALLETAS CARITAS X 6 UNIDADES.;UND;CAJA CHICA;PRD02035;;CAJA CHICA - GALLETAS CARITAS X 6 UNIDADES.;PAQUETE;1;PAQUETE;PAQUETE x 1 UND;1;1;1
PRD02036;CAJA CHICA - MANDARINA;KG;CAJA CHICA;PRD02036;;CAJA CHICA - MANDARINA;KILOGRAMO;1;KILOGRAMO;KILOGRAMO x 1 KG;1;1;1
PRD02037;CAJA CHICA - LIMA;KG;CAJA CHICA;PRD02037;;CAJA CHICA - LIMA;KILOGRAMO;1;KILOGRAMO;KILOGRAMO x 1 KG;1;1;1
PRD02038;CAJA CHICA - AJI AMARILLO;KG;CAJA CHICA;PRD02038;;CAJA CHICA - AJI AMARILLO;KILOGRAMO;1;KILOGRAMO;KILOGRAMO x 1 KG;1;1;1
PRD02039;CAJA CHICA - PALTA;KG;CAJA CHICA;PRD02039;;CAJA CHICA - PALTA;KILOGRAMO;1;KILOGRAMO;KILOGRAMO x 1 KG;1;1;1
PRD02040;CIGARRILLO LUCKY STRIKE ORIGINAL RED GRANDE;UND;;PRD02040;;CIGARRILLO LUCKY STRIKE ORIGINAL RED GRANDE;CAJETILLA;1;CAJETILLA;CAJETILLA x 1 UND;1;1;1
PRD02041;CIGARRILLO LUCKY STRIKE ORIGINAL RED CHICO;UND;;PRD02041;;CIGARRILLO LUCKY STRIKE ORIGINAL RED CHICO;CAJETILLA;1;CAJETILLA;CAJETILLA x 1 UND;1;1;1
PRD02042;CIGARRILLO WINSTON CLASSIC CHICO;UND;;PRD02042;;CIGARRILLO WINSTON CLASSIC CHICO;CAJETILLA;1;CAJETILLA;CAJETILLA x 1 UND;1;1;1
PRD02043;CIGARRILLO HAMILTON CHICO;UND;;PRD02043;;CIGARRILLO HAMILTON CHICO;CAJETILLA;1;CAJETILLA;CAJETILLA x 1 UND;1;1;1
PRD02044;FOSFORO DE MADERA INTI;UND;;PRD02044;;FOSFORO DE MADERA INTI;UNIDAD;1;UNIDAD;UNIDAD x 1 UND;1;1;1
PRD02045;CECINA TAVANCHO REFRIGERADA KG;KG;;PRD02045;;CECINA TAVANCHO REFRIGERADA KG;KILOGRAMO;1;KILOGRAMO;KILOGRAMO x 1 KG;1;1;1
PRD02046;CECINA REFRIGERADA KG;KG;;PRD02046;;CECINA REFRIGERADA KG;KILOGRAMO;1;KILOGRAMO;KILOGRAMO x 1 KG;1;1;1
PRD02047;JAMON AHUMADO REFRIGERADO 500 GR (EMER);UND;;PRD02047;;JAMON AHUMADO REFRIGERADO 500 GR (EMER);PAQUETE;1;PAQUETE;PAQUETE x 1 UND;1;1;1
PRD02048;CHORIZO SAN FERNANDO PRECOCIDO REFRIGERADO 500 GR;UND;;PRD02048;;CHORIZO SAN FERNANDO PRECOCIDO REFRIGERADO 500 GR;PAQUETE;1;PAQUETE;PAQUETE x 1 UND;1;1;1
PRD02049;JAMONADA PASTEL DE VERDURAS CONGELADO KG;KG;;PRD02049;;JAMONADA PASTEL DE VERDURAS CONGELADO KG;KILOGRAMO;1;KILOGRAMO;KILOGRAMO x 1 KG;1;1;1
PRD02050;JAMON AHUMADO REFRIGERADO 500 GR (A);KG;;PRD02050;;JAMON AHUMADO REFRIGERADO 500 GR (A);UNIDAD;0.5;UNIDAD;UNIDAD x 0.5 KG;1;1;1
PRD02051;JAMON DEL PAIS REFRIGERADO BRAEDT 500 GR;KG;;PRD02051;;JAMON DEL PAIS REFRIGERADO BRAEDT 500 GR;PAQUETE;0.5;PAQUETE;PAQUETE x 0.5 KG;1;1;1
PRD02052;GRANADILLA (L);KG;;PRD02052;;GRANADILLA (L);KILOGRAMO;1;KILOGRAMO;KILOGRAMO x 1 KG;1;1;1
PRD02053;MANDARINA (L);KG;;PRD02053;;MANDARINA (L);KILOGRAMO;1;KILOGRAMO;KILOGRAMO x 1 KG;1;1;1
PRD02054;NARANJA PARA MESA (L);KG;;PRD02054;;NARANJA PARA MESA (L);KILOGRAMO;1;KILOGRAMO;KILOGRAMO x 1 KG;1;1;1
PRD02055;MANZANA DELICIA (L);KG;;PRD02055;;MANZANA DELICIA (L);KILOGRAMO;1;KILOGRAMO;KILOGRAMO x 1 KG;1;1;1
PRD02056;PIÑA (L);KG;;PRD02056;;PIÑA (L);KILOGRAMO;1;KILOGRAMO;KILOGRAMO x 1 KG;1;1;1
PRD02057;PAPAYA (L);KG;;PRD02057;;PAPAYA (L);KILOGRAMO;1;KILOGRAMO;KILOGRAMO x 1 KG;1;1;1
PRD02058;MEMBRILLO (L);KG;;PRD02058;;MEMBRILLO (L);KILOGRAMO;1;KILOGRAMO;KILOGRAMO x 1 KG;1;1;1
PRD02059;MANZANA ROYAL GALA;KG;;PRD02059;;MANZANA ROYAL GALA;KILOGRAMO;1;KILOGRAMO;KILOGRAMO x 1 KG;1;1;1
PRD02060;UVA VERDE;KG;;PRD02060;;UVA VERDE;KILOGRAMO;1;KILOGRAMO;KILOGRAMO x 1 KG;1;1;1
PRD02061;MANDARINA;KG;;PRD02061;;MANDARINA;KILOGRAMO;1;KILOGRAMO;KILOGRAMO x 1 KG;1;1;1
PRD02062;SHAMPOO H&S 400 ML;UND;;PRD02062;;SHAMPOO H&S 400 ML;FRASCO;1;FRASCO;FRASCO x 1 UND;1;1;1
PRD02063;SHAMPOO PANTENE 200 ML;UND;;PRD02063;;SHAMPOO PANTENE 200 ML;FRASCO;1;FRASCO;FRASCO x 1 UND;1;1;1
PRD02064;CREMA DENTAL KOLYNOS 60 ML;UND;;PRD02064;;CREMA DENTAL KOLYNOS 60 ML;TUBO;1;TUBO;TUBO x 1 UND;1;1;1
PRD02065;AJI CHARAPITA;KG;;PRD02065;;AJI CHARAPITA;KILOGRAMO;1;KILOGRAMO;KILOGRAMO x 1 KG;1;1;1
PRD02066;PAPA COCKTAIL;KG;;PRD02066;;PAPA COCKTAIL;KILOGRAMO;1;KILOGRAMO;KILOGRAMO x 1 KG;1;1;1
PRD02067;ROCOTO (L);KG;;PRD02067;;ROCOTO (L);KILOGRAMO;1;KILOGRAMO;KILOGRAMO x 1 KG;1;1;1
PRD02068;PILAS DURACELL AAA 2 UND;UND;;PRD02068;;PILAS DURACELL AAA 2 UND;GRAMO;1;GRAMO;GRAMO x 1 UND;1;1;1
PRD02069;PILAS DURACELL AA 2 UND;UND;;PRD02069;;PILAS DURACELL AA 2 UND;GRAMO;1;GRAMO;GRAMO x 1 UND;1;1;1
PRD02070;SHAMPOO H&S 180 ML;UND;;PRD02070;;SHAMPOO H&S 180 ML;FRASCO;1;FRASCO;FRASCO x 1 UND;1;1;1
PRD02071;ZAPALLO MACRE EN CUBO LIBER 1.5 X 1.5 CM CONGELADO;KG;;PRD02071;;ZAPALLO MACRE EN CUBO LIBER 1.5 X 1.5 CM CONGELADO;KILOGRAMO;1;KILOGRAMO;KILOGRAMO x 1 KG;1;1;1
PRD02072;AJO ENTERO;KG;;PRD02072;;AJO ENTERO;KILOGRAMO;1;KILOGRAMO;KILOGRAMO x 1 KG;1;1;1
PRD02073;ARVEJA FRESCA EN VAINA;KG;;PRD02073;;ARVEJA FRESCA EN VAINA;KILOGRAMO;1;KILOGRAMO;KILOGRAMO x 1 KG;1;1;1
PRD02074;ESCOBILLA DE PLASTICO PARA LIMPIAR UÑAS;UND;;PRD02074;;ESCOBILLA DE PLASTICO PARA LIMPIAR UÑAS;UNIDAD;1;UNIDAD;UNIDAD x 1 UND;1;1;1
PRD02075;CREMA DENTAL DENTO 75/80 ML;UND;;PRD02075;;CREMA DENTAL DENTO 75/80 ML;TUBO;1;TUBO;TUBO x 1 UND;1;1;1
PRD02076;SHAMPOO PANTENE 400 ML;UND;;PRD02076;;SHAMPOO PANTENE 400 ML;FRASCO;1;FRASCO;FRASCO x 1 UND;1;1;1
PRD02077;CEPILLO DENTAL COLGATE ADULTO;UND;;PRD02077;;CEPILLO DENTAL COLGATE ADULTO;UNIDAD;1;UNIDAD;UNIDAD x 1 UND;1;1;1
PRD02078;BETUN NEGRO KIWI 42 ML;UND;;PRD02078;;BETUN NEGRO KIWI 42 ML;LATA;1;LATA;LATA x 1 UND;1;1;1
PRD02079;DESODORANTE HOMBRE REXONA 10 GR;KG;;PRD02079;;DESODORANTE HOMBRE REXONA 10 GR;SACHET;0.01;SACHET;SACHET x 0.01 KG;1;1;1
PRD02080;MAQUINA DE AFEITAR SHICK;UND;;PRD02080;;MAQUINA DE AFEITAR SHICK;UNIDAD;1;UNIDAD;UNIDAD x 1 UND;1;1;1
PRD02081;TOALLA HIGIENICA ALWAYS X 10UND;UND;;PRD02081;;TOALLA HIGIENICA ALWAYS X 10UND;PAQUETE;1;PAQUETE;PAQUETE x 1 UND;1;1;1
PRD02082;SHAMPOO PERT PLUS 400 ML;UND;;PRD02082;;SHAMPOO PERT PLUS 400 ML;FRASCO;1;FRASCO;FRASCO x 1 UND;1;1;1
PRD02083;PAÑITOS HUMEDOS PERFUMADO MILLAR;UND;;PRD02083;;PAÑITOS HUMEDOS PERFUMADO MILLAR;CAJA;1000;CAJA;CAJA x 1000 UND;1;1;1
PRD02084;MAQUINA DE AFEITAR GILLETE PRESTOBARBA;UND;;PRD02084;;MAQUINA DE AFEITAR GILLETE PRESTOBARBA;UNIDAD;1;UNIDAD;UNIDAD x 1 UND;1;1;1
PRD02085;HUEVO ROSADO EN BANDEJA X UND;UND;;PRD02085;;HUEVO ROSADO EN BANDEJA X UND;UNIDAD;0.066667;UNIDAD;UNIDAD x 0.066667 UND;1;1;1
PRD02086;HUEVO ROJO (CAJA 11.5 KG);KG;;PRD02086;;HUEVO ROJO (CAJA 11.5 KG);CAJA;11.5;CAJA;CAJA x 11.5 KG;1;1;1
PRD02087;HUEVO ROJO (CAJA 11.5 KG) (EMER);KG;;PRD02087;;HUEVO ROJO (CAJA 11.5 KG) (EMER);CAJA;11.5;CAJA;CAJA x 11.5 KG;1;1;1
PRD02088;HUEVO ROSADO (LOCAL);KG;;PRD02088;;HUEVO ROSADO (LOCAL);KILOGRAMO;1;KILOGRAMO;KILOGRAMO x 1 KG;1;1;1
PRD02089;HUEVO ROSADO BANDEJA X 15 UNID;UND;;PRD02089;;HUEVO ROSADO BANDEJA X 15 UNID;UNIDAD;0.066667;UNIDAD;UNIDAD x 0.066667 UND;1;1;1
PRD02090;HUEVO LIQUIDO CONGELADO 2 KG;KG;;PRD02090;;HUEVO LIQUIDO CONGELADO 2 KG;PAQUETE;2;PAQUETE;PAQUETE x 2 KG;1;1;1
PRD02091;HUEVO ROSADO (CAJA 25.7KG);KG;;PRD02091;;HUEVO ROSADO (CAJA 25.7KG);CAJA;25.7;CAJA;CAJA x 25.7 KG;1;1;1
PRD02092;HUEVO ROSADO BANDEJA 12 PQTS X 15 UNIDS;UND;;PRD02092;;HUEVO ROSADO BANDEJA 12 PQTS X 15 UNIDS;CAJA;15;CAJA;CAJA x 15 UND;1;1;1
PRD02093;CREMA DE LECHE CUSIPAK UHT 1 LT;L;;PRD02093;;CREMA DE LECHE CUSIPAK UHT 1 LT;UNIDAD;1;UNIDAD;UNIDAD x 1 L;1;1;1
PRD02094;LECHE CHOCOLATADA GLORIA 1 LT;L;;PRD02094;;LECHE CHOCOLATADA GLORIA 1 LT;CAJA;1;CAJA;CAJA x 1 L;1;1;1
PRD02095;LECHE EN BRICK LIGHT GLORIA 1 LT;L;;PRD02095;;LECHE EN BRICK LIGHT GLORIA 1 LT;CAJA;1;CAJA;CAJA x 1 L;1;1;1
PRD02096;LECHE SIN LACTOSA GLORIA 1 LT;L;;PRD02096;;LECHE SIN LACTOSA GLORIA 1 LT;CAJA;1;CAJA;CAJA x 1 L;1;1;1
PRD02097;LECHE EN BRICK LAIVE 946 ML;UND;;PRD02097;;LECHE EN BRICK LAIVE 946 ML;CAJA;1;CAJA;CAJA x 1 UND;1;1;1
PRD02098;LECHE EN BRICK LIGHT GLORIA 946 ML;L;;PRD02098;;LECHE EN BRICK LIGHT GLORIA 946 ML;CAJA;0.946;CAJA;CAJA x 0.946 L;1;1;1
PRD02099;LECHE CHOCOLATADA LAIVE 1 LT;L;;PRD02099;;LECHE CHOCOLATADA LAIVE 1 LT;CAJA;1;CAJA;CAJA x 1 L;1;1;1
PRD02100;LECHE EN BRICK DESCREMADA LAIVE 946 ML;UND;;PRD02100;;LECHE EN BRICK DESCREMADA LAIVE 946 ML;CAJA;1;CAJA;CAJA x 1 UND;1;1;1
PRD02101;LECHE EN BRICK SIN LACTOSA LAIVE 946 ML;UND;;PRD02101;;LECHE EN BRICK SIN LACTOSA LAIVE 946 ML;CAJA;1;CAJA;CAJA x 1 UND;1;1;1
PRD02102;LECHE CHOCOLATADA LAIVE 180 ML;UND;;PRD02102;;LECHE CHOCOLATADA LAIVE 180 ML;CAJA;1;CAJA;CAJA x 1 UND;1;1;1
PRD02103;LECHE DE SOYA SOY VIDA 946 ML;L;;PRD02103;;LECHE DE SOYA SOY VIDA 946 ML;CAJA;0.946;CAJA;CAJA x 0.946 L;1;1;1
PRD02104;LECHE EN BRICK SIN LACTOSA GLORIA 1 LT;L;;PRD02104;;LECHE EN BRICK SIN LACTOSA GLORIA 1 LT;CAJA;1;CAJA;CAJA x 1 L;1;1;1
PRD02105;MANJAR AREQUIPEÑO LAIVE 900 GR;KG;;PRD02105;;MANJAR AREQUIPEÑO LAIVE 900 GR;BOLSA;0.9;BOLSA;BOLSA x 0.9 KG;1;1;1
PRD02106;MANJAR BLANQUITO BAZO VELARDE LAIVE 900 GR;KG;;PRD02106;;MANJAR BLANQUITO BAZO VELARDE LAIVE 900 GR;BOLSA;0.9;BOLSA;BOLSA x 0.9 KG;1;1;1
PRD02107;MANJAR BLANQUITO LAIVE 900 GR;KG;;PRD02107;;MANJAR BLANQUITO LAIVE 900 GR;BOLSA;0.9;BOLSA;BOLSA x 0.9 KG;1;1;1
PRD02108;MANJAR BLANCO NESTLE 1 KG;KG;;PRD02108;;MANJAR BLANCO NESTLE 1 KG;BOLSA;1;BOLSA;BOLSA x 1 KG;1;1;1
PRD02109;MANTEQUILLA GLORIA PERSONAL 10 GR;UND;;PRD02109;;MANTEQUILLA GLORIA PERSONAL 10 GR;UNIDAD;1;UNIDAD;UNIDAD x 1 UND;1;1;1
PRD02110;MANTEQUILLA LAIVE 200 GR;KG;;PRD02110;;MANTEQUILLA LAIVE 200 GR;PAQUETE;0.2;PAQUETE;PAQUETE x 0.2 KG;1;1;1
PRD02111;MANTEQUILLA LAIVE 180 GR;KG;;PRD02111;;MANTEQUILLA LAIVE 180 GR;PAQUETE;0.18;PAQUETE;PAQUETE x 0.18 KG;1;1;1
PRD02112;MANTEQUILLA LIGHT LAIVE 180 GR POTE;KG;;PRD02112;;MANTEQUILLA LIGHT LAIVE 180 GR POTE;POTE;0.18;POTE;POTE x 0.18 KG;1;1;1
PRD02113;MANTEQUILLA LAIVE PERSONAL LIGHT 8 GR;UND;;PRD02113;;MANTEQUILLA LAIVE PERSONAL LIGHT 8 GR;UNIDAD;1;UNIDAD;UNIDAD x 1 UND;1;1;1
PRD02114;MANTEQUILLA LAIVE PERSONAL 8 GR;UND;;PRD02114;;MANTEQUILLA LAIVE PERSONAL 8 GR;UNIDAD;1;UNIDAD;UNIDAD x 1 UND;1;1;1
PRD02115;MANTEQUILLA LAIVE CON SAL KG;KG;;PRD02115;;MANTEQUILLA LAIVE CON SAL KG;KILOGRAMO;1;KILOGRAMO;KILOGRAMO x 1 KG;1;1;1
PRD02116;MANTEQUILLA SIGMA SIN SAL KG;KG;;PRD02116;;MANTEQUILLA SIGMA SIN SAL KG;KILOGRAMO;1;KILOGRAMO;KILOGRAMO x 1 KG;1;1;1
PRD02117;MANTEQUILLA SANCOR PERSONAL 10 GRM;UND;;PRD02117;;MANTEQUILLA SANCOR PERSONAL 10 GRM;UNIDAD;1;UNIDAD;UNIDAD x 1 UND;1;1;1
PRD02118;MANTEQUILLA LAIVE 200 GR POTE;KG;;PRD02118;;MANTEQUILLA LAIVE 200 GR POTE;POTE;0.2;POTE;POTE x 0.2 KG;1;1;1
PRD02119;MANTEQUILLA LIGHT LAIVE 200 GR POTE;KG;;PRD02119;;MANTEQUILLA LIGHT LAIVE 200 GR POTE;POTE;0.2;POTE;POTE x 0.2 KG;1;1;1
PRD02120;MARGARINA LA DANESA 220 GR;KG;;PRD02120;;MARGARINA LA DANESA 220 GR;POTE;0.22;POTE;POTE x 0.22 KG;1;1;1
PRD02121;MARGARINA SWISS LAIVE POTE 450 GR;KG;;PRD02121;;MARGARINA SWISS LAIVE POTE 450 GR;POTE;0.45;POTE;POTE x 0.45 KG;1;1;1
PRD02122;MARGARINA SWISS LAIVE POTE 450 GR (E);UND;;PRD02122;;MARGARINA SWISS LAIVE POTE 450 GR (E);POTE;1;POTE;POTE x 1 UND;1;1;1
PRD02123;MARGARINA HOJALDRE LAMINADO MASTER EXPORT 2 KG;KG;;PRD02123;;MARGARINA HOJALDRE LAMINADO MASTER EXPORT 2 KG;GRANO;2;GRANO;GRANO x 2 KG;1;1;1
PRD02124;MARGARINA MULTIUSO ROMEA CAKE 2.5 KG;KG;;PRD02124;;MARGARINA MULTIUSO ROMEA CAKE 2.5 KG;GRANO;2.5;GRANO;GRANO x 2.5 KG;1;1;1
PRD02125;MARGARINA HOJALDRE ROMEA PLUS 2 KG;KG;;PRD02125;;MARGARINA HOJALDRE ROMEA PLUS 2 KG;GRANO;2;GRANO;GRANO x 2 KG;1;1;1
PRD02126;MARGARINA MULTIUSO ROMEA 2.5 KG;KG;;PRD02126;;MARGARINA MULTIUSO ROMEA 2.5 KG;GRANO;2.5;GRANO;GRANO x 2.5 KG;1;1;1
PRD02127;MARGARINA PRIMAVERA HOJALDRE 2 KG;KG;;PRD02127;;MARGARINA PRIMAVERA HOJALDRE 2 KG;GRANO;2;GRANO;GRANO x 2 KG;1;1;1
PRD02128;MARGARINA LA DANESA 2 KG;KG;;PRD02128;;MARGARINA LA DANESA 2 KG;GRANO;2;GRANO;GRANO x 2 KG;1;1;1
PRD02129;MARGARINA SELLO DE ORO POTE 190 GR (EMER);KG;;PRD02129;;MARGARINA SELLO DE ORO POTE 190 GR (EMER);POTE;2;POTE;POTE x 2 KG;1;1;1
PRD02130;MARGARINA LA PREFERIDA 10 KG;KG;;PRD02130;;MARGARINA LA PREFERIDA 10 KG;GRANO;10;GRANO;GRANO x 10 KG;1;1;1
PRD02131;MARGARINA LA DANESA 90 GR;KG;;PRD02131;;MARGARINA LA DANESA 90 GR;GRANO;0.09;GRANO;GRANO x 0.09 KG;1;1;1
PRD02132;MARGARINA LA DANESA 500 GR;KG;;PRD02132;;MARGARINA LA DANESA 500 GR;GRANO;0.5;GRANO;GRANO x 0.5 KG;1;1;1
PRD02133;QUESO FRESCO BONLE MOLDE REFRIGERADO KG;KG;;PRD02133;;QUESO FRESCO BONLE MOLDE REFRIGERADO KG;KILOGRAMO;1;KILOGRAMO;KILOGRAMO x 1 KG;1;1;1
PRD02134;QUESO PARIA GLORIA KG;KG;;PRD02134;;QUESO PARIA GLORIA KG;KILOGRAMO;1;KILOGRAMO;KILOGRAMO x 1 KG;1;1;1
PRD02135;QUESO PARMESANO LAIVE 35 GR;KG;;PRD02135;;QUESO PARMESANO LAIVE 35 GR;SACHET;0.035;SACHET;SACHET x 0.035 KG;1;1;1
PRD02136;QUESO GOUDA LAMINADO CONGELADO 500 GR;KG;;PRD02136;;QUESO GOUDA LAMINADO CONGELADO 500 GR;PAQUETE;0.5;PAQUETE;PAQUETE x 0.5 KG;1;1;1
PRD02137;QUESO EDAM LAMINADO DELICE 1 KG REFRIGERADO;KG;;PRD02137;;QUESO EDAM LAMINADO DELICE 1 KG REFRIGERADO;PAQUETE;1;PAQUETE;PAQUETE x 1 KG;1;1;1
PRD02138;QUESO EDAM LAMINADO LAIVE 500 GR REFRIGERADO;UND;;PRD02138;;QUESO EDAM LAMINADO LAIVE 500 GR REFRIGERADO;PAQUETE;1;PAQUETE;PAQUETE x 1 UND;1;1;1
PRD02139;QUESO GOUDA LAMINADO DELICE REFRIGERADO 1 KG;KG;;PRD02139;;QUESO GOUDA LAMINADO DELICE REFRIGERADO 1 KG;PAQUETE;1;PAQUETE;PAQUETE x 1 KG;1;1;1
PRD02140;QUESO MOZARELLA MILKUNZ REFRIGERADO;KG;;PRD02140;;QUESO MOZARELLA MILKUNZ REFRIGERADO;KILOGRAMO;1;KILOGRAMO;KILOGRAMO x 1 KG;1;1;1
PRD02141;QUESO FRESCO LAIVE MOLDE REFRIGERADO KG;KG;;PRD02141;;QUESO FRESCO LAIVE MOLDE REFRIGERADO KG;KILOGRAMO;1;KILOGRAMO;KILOGRAMO x 1 KG;1;1;1
PRD02142;QUESO FRESCO DELICE KG;KG;;PRD02142;;QUESO FRESCO DELICE KG;KILOGRAMO;1;KILOGRAMO;KILOGRAMO x 1 KG;1;1;1
PRD02143;QUESO MOZARELLA LAIVE REFRIGERADO KG;KG;;PRD02143;;QUESO MOZARELLA LAIVE REFRIGERADO KG;KILOGRAMO;1;KILOGRAMO;KILOGRAMO x 1 KG;1;1;1
PRD02144;QUESO CREAM CHEESE DELICE BARRA 1 KG;KG;;PRD02144;;QUESO CREAM CHEESE DELICE BARRA 1 KG;BALDE;1;BALDE;BALDE x 1 KG;1;1;1
PRD02145;QUESO CREAM CHEESE DELICE POTE 1 KG;KG;;PRD02145;;QUESO CREAM CHEESE DELICE POTE 1 KG;POTE;1;POTE;POTE x 1 KG;1;1;1
PRD02146;QUESO MOZARELLA RALLADO LA PAULINA REFRIGERADO 3 KG;KG;;PRD02146;;QUESO MOZARELLA RALLADO LA PAULINA REFRIGERADO 3 KG;PAQUETE;3;PAQUETE;PAQUETE x 3 KG;1;1;1
PRD02147;QUESO PARMESANO RALLADO LA PAULINA REFRIGERADO 1 KG;KG;;PRD02147;;QUESO PARMESANO RALLADO LA PAULINA REFRIGERADO 1 KG;BOLSA;1;BOLSA;BOLSA x 1 KG;1;1;1
PRD02148;QUESO FRESCO PASTEURIZADO KALAS KG;KG;;PRD02148;;QUESO FRESCO PASTEURIZADO KALAS KG;KILOGRAMO;1;KILOGRAMO;KILOGRAMO x 1 KG;1;1;1
PRD02149;QUESO PARMESANO RALLADO LA PAULINA (LACTAFOOD)REFRIGERADO 500 GR;KG;;PRD02149;;QUESO PARMESANO RALLADO LA PAULINA (LACTAFOOD)REFRIGERADO 500 GR;BOLSA;0.5;BOLSA;BOLSA x 0.5 KG;1;1;1
PRD02150;QUESO MOZARELLA RALLADO CONGELADO KG;KG;;PRD02150;;QUESO MOZARELLA RALLADO CONGELADO KG;KILOGRAMO;1;KILOGRAMO;KILOGRAMO x 1 KG;1;1;1
PRD02151;QUESO FRESCO GLORIA MOLDE REFRIGERADO KG;KG;;PRD02151;;QUESO FRESCO GLORIA MOLDE REFRIGERADO KG;KILOGRAMO;1;KILOGRAMO;KILOGRAMO x 1 KG;1;1;1
PRD02152;QUESO EDAM EN TAJADAS LA PAULINA X 500 GR REFRIGERADO;KG;;PRD02152;;QUESO EDAM EN TAJADAS LA PAULINA X 500 GR REFRIGERADO;PAQUETE;0.5;PAQUETE;PAQUETE x 0.5 KG;1;1;1
PRD02153;QUESO EDAM EN TAJADAS LAIVE X 500 GR REFRIGERADO;KG;;PRD02153;;QUESO EDAM EN TAJADAS LAIVE X 500 GR REFRIGERADO;PAQUETE;0.5;PAQUETE;PAQUETE x 0.5 KG;1;1;1
PRD02154;QUESO EDAM EN TAJADAS X 500 GR CASA EUROPA REFRIGERADO;KG;;PRD02154;;QUESO EDAM EN TAJADAS X 500 GR CASA EUROPA REFRIGERADO;PAQUETE;0.5;PAQUETE;PAQUETE x 0.5 KG;1;1;1
PRD02155;QUESO FRESCO LAIT'S REFRIGERADO KG;KG;;PRD02155;;QUESO FRESCO LAIT'S REFRIGERADO KG;KILOGRAMO;1;KILOGRAMO;KILOGRAMO x 1 KG;1;1;1
PRD02156;YOGURT DE FRESA GLORIA 1 LT / 946 GR;L;;PRD02156;;YOGURT DE FRESA GLORIA 1 LT / 946 GR;BOTELLA;1;BOTELLA;BOTELLA x 1 L;1;1;1
PRD02157;YOGURT DE VAINILLA FRANCESA GLORIA 1 LT / 946 GR;L;;PRD02157;;YOGURT DE VAINILLA FRANCESA GLORIA 1 LT / 946 GR;BOTELLA;1;BOTELLA;BOTELLA x 1 L;1;1;1
PRD02158;YOGURT DE LUCUMA GLORIA 2 KG;KG;;PRD02158;;YOGURT DE LUCUMA GLORIA 2 KG;BOTELLA;2;BOTELLA;BOTELLA x 2 KG;1;1;1
PRD02159;YOGURT DE VAINILLA FRANCESA GLORIA 2 LT;L;;PRD02159;;YOGURT DE VAINILLA FRANCESA GLORIA 2 LT;BOTELLA;2;BOTELLA;BOTELLA x 2 L;1;1;1
PRD02160;YOGURT DE GUANABANA GLORIA 1 LT / 946 GR;L;;PRD02160;;YOGURT DE GUANABANA GLORIA 1 LT / 946 GR;BOTELLA;1;BOTELLA;BOTELLA x 1 L;1;1;1
PRD02161;YOGURT DE FRESA GLORIA 500 ML;UND;;PRD02161;;YOGURT DE FRESA GLORIA 500 ML;BOTELLA;1;BOTELLA;BOTELLA x 1 UND;1;1;1
PRD02162;YOGURT DE DURAZNO GLORIA 500 ML;UND;;PRD02162;;YOGURT DE DURAZNO GLORIA 500 ML;BOTELLA;1;BOTELLA;BOTELLA x 1 UND;1;1;1
PRD02163;YOGURT ACTIBIO FRESA GLORIA 1 KG;KG;;PRD02163;;YOGURT ACTIBIO FRESA GLORIA 1 KG;BOTELLA;1;BOTELLA;BOTELLA x 1 KG;1;1;1
PRD02164;YOGURT DE VAINILLA LIGHT GLORIA 500ML;L;;PRD02164;;YOGURT DE VAINILLA LIGHT GLORIA 500ML;UNIDAD;0.5;UNIDAD;UNIDAD x 0.5 L;1;1;1
PRD02165;YOGURT DE TUTTI FRUTTI GLORIA 1 LT;L;;PRD02165;;YOGURT DE TUTTI FRUTTI GLORIA 1 LT;BOTELLA;1;BOTELLA;BOTELLA x 1 L;1;1;1
PRD02166;YOGURT FRESA LAIVE 946 GR;KG;;PRD02166;;YOGURT FRESA LAIVE 946 GR;BOTELLA;0.946;BOTELLA;BOTELLA x 0.946 KG;1;1;1
PRD02167;YOGURT DURAZNO LAIVE 946 GR;KG;;PRD02167;;YOGURT DURAZNO LAIVE 946 GR;BOTELLA;0.946;BOTELLA;BOTELLA x 0.946 KG;1;1;1
PRD02168;YOGURT LUCUMA LAIVE 946 GR;KG;;PRD02168;;YOGURT LUCUMA LAIVE 946 GR;BOTELLA;0.946;BOTELLA;BOTELLA x 0.946 KG;1;1;1
PRD02169;YOGURT DURAZNO BIO LAIVE 1.7 LT;L;;PRD02169;;YOGURT DURAZNO BIO LAIVE 1.7 LT;BOTELLA;1.7;BOTELLA;BOTELLA x 1.7 L;1;1;1
PRD02170;YOGURT FRESA BIO LAIVE 1.7 LT;L;;PRD02170;;YOGURT FRESA BIO LAIVE 1.7 LT;BOTELLA;1.7;BOTELLA;BOTELLA x 1.7 L;1;1;1
PRD02171;YOGURT LUCUMA BIO LAIVE 1.7 LT;L;;PRD02171;;YOGURT LUCUMA BIO LAIVE 1.7 LT;BOTELLA;1.7;BOTELLA;BOTELLA x 1.7 L;1;1;1
PRD02172;YOGURT VAINILLA FRANCESA BIO LAIVE 1.7 LT;L;;PRD02172;;YOGURT VAINILLA FRANCESA BIO LAIVE 1.7 LT;BOTELLA;1.7;BOTELLA;BOTELLA x 1.7 L;1;1;1
PRD02173;YOGURT DE FRESA GLORIA 180 ML (EMER);UND;;PRD02173;;YOGURT DE FRESA GLORIA 180 ML (EMER);BOTELLA;1;BOTELLA;BOTELLA x 1 UND;1;1;1
PRD02174;YOGURT DURAZNO PROBIOTICO LAIVE 930 GR;KG;;PRD02174;;YOGURT DURAZNO PROBIOTICO LAIVE 930 GR;BOTELLA;0.93;BOTELLA;BOTELLA x 0.93 KG;1;1;1
PRD02175;YOGURT FRESA PROBIOTICO LAIVE 930 GR;KG;;PRD02175;;YOGURT FRESA PROBIOTICO LAIVE 930 GR;BOTELLA;0.93;BOTELLA;BOTELLA x 0.93 KG;1;1;1
PRD02176;YOGURT VAINILLA PROBIOTICO LAIVE 930 GR;KG;;PRD02176;;YOGURT VAINILLA PROBIOTICO LAIVE 930 GR;BOTELLA;0.93;BOTELLA;BOTELLA x 0.93 KG;1;1;1
PRD02177;YOGURT MORA PROBIOTICO LAIVE 930 GR;KG;;PRD02177;;YOGURT MORA PROBIOTICO LAIVE 930 GR;BOTELLA;0.93;BOTELLA;BOTELLA x 0.93 KG;1;1;1
PRD02178;YOGURT LUCUMA PROBIOTICO LAIVE 930 GR;KG;;PRD02178;;YOGURT LUCUMA PROBIOTICO LAIVE 930 GR;BOTELLA;0.93;BOTELLA;BOTELLA x 0.93 KG;1;1;1
PRD02179;YOGURT FRESA BIO LAIVE 1.8 LT;L;;PRD02179;;YOGURT FRESA BIO LAIVE 1.8 LT;BOTELLA;1.8;BOTELLA;BOTELLA x 1.8 L;1;1;1
PRD02180;YOGURT VAINILLA FRANCESA LAIVE 946 GR;KG;;PRD02180;;YOGURT VAINILLA FRANCESA LAIVE 946 GR;BOTELLA;0.946;BOTELLA;BOTELLA x 0.946 KG;1;1;1
PRD02181;YOGURT DURAZNO BIO LAIVE 1.8 LT;L;;PRD02181;;YOGURT DURAZNO BIO LAIVE 1.8 LT;BOTELLA;1.8;BOTELLA;BOTELLA x 1.8 L;1;1;1
PRD02182;YOGURT LUCUMA BIO LAIVE 1.8 LT;L;;PRD02182;;YOGURT LUCUMA BIO LAIVE 1.8 LT;BOTELLA;1.8;BOTELLA;BOTELLA x 1.8 L;1;1;1
PRD02183;YOGURT VAINILLA FRANCESA BIO LAIVE 1.8 LT;L;;PRD02183;;YOGURT VAINILLA FRANCESA BIO LAIVE 1.8 LT;BOTELLA;1.8;BOTELLA;BOTELLA x 1.8 L;1;1;1
PRD02184;YOGURT DE VAINILLA FRANCESA GLORIA 500 ML;UND;;PRD02184;;YOGURT DE VAINILLA FRANCESA GLORIA 500 ML;BOTELLA;1;BOTELLA;BOTELLA x 1 UND;1;1;1
PRD02185;YOGURT DE DURAZNO GLORIA 1 LT / 946 GR;L;;PRD02185;;YOGURT DE DURAZNO GLORIA 1 LT / 946 GR;BOTELLA;1;BOTELLA;BOTELLA x 1 L;1;1;1
PRD02186;YOGURT DE FRESA GLORIA SLIM 1 LT;L;;PRD02186;;YOGURT DE FRESA GLORIA SLIM 1 LT;BOTELLA;1;BOTELLA;BOTELLA x 1 L;1;1;1
PRD02187;YOGURT DE DURAZNO GLORIA SLIM 1 LT;L;;PRD02187;;YOGURT DE DURAZNO GLORIA SLIM 1 LT;BOTELLA;1;BOTELLA;BOTELLA x 1 L;1;1;1
PRD02188;YOGURT DE VAINILLA GLORIA SLIM 1 LT;L;;PRD02188;;YOGURT DE VAINILLA GLORIA SLIM 1 LT;BOTELLA;1;BOTELLA;BOTELLA x 1 L;1;1;1
PRD02189;ACEITUNA NEGRA RODAJA;KG;;PRD02189;;ACEITUNA NEGRA RODAJA;KILOGRAMO;1;KILOGRAMO;KILOGRAMO x 1 KG;1;1;1
PRD02190;ACEITUNA VERDE RODAJA;KG;;PRD02190;;ACEITUNA VERDE RODAJA;KILOGRAMO;1;KILOGRAMO;KILOGRAMO x 1 KG;1;1;1
PRD02191;JUGO DE NARANJA PASTEURIZADO ECOFRESH X 400 ML;UND;;PRD02191;;JUGO DE NARANJA PASTEURIZADO ECOFRESH X 400 ML;BOTELLA;1;BOTELLA;BOTELLA x 1 UND;1;1;1
PRD02192;JUGO DE PIÑA PASTEURIZADO ECOFRESH X 400 ML;UND;;PRD02192;;JUGO DE PIÑA PASTEURIZADO ECOFRESH X 400 ML;BOTELLA;1;BOTELLA;BOTELLA x 1 UND;1;1;1
PRD02193;JUGO TROPICAL PASTEURIZADO ECOFRESH X 400 ML;UND;;PRD02193;;JUGO TROPICAL PASTEURIZADO ECOFRESH X 400 ML;BOTELLA;1;BOTELLA;BOTELLA x 1 UND;1;1;1
PRD02194;NECTAR DE PIÑA ECOFRESH 3.8 LT;L;;PRD02194;;NECTAR DE PIÑA ECOFRESH 3.8 LT;GALON;3.8;GALON;GALON x 3.8 L;1;1;1
PRD02195;JUGO DE FRESA NARANJA PASTEURIZADO ECOFRESH 400 ML;UND;;PRD02195;;JUGO DE FRESA NARANJA PASTEURIZADO ECOFRESH 400 ML;BOTELLA;1;BOTELLA;BOTELLA x 1 UND;1;1;1
PRD02196;JUGO DE MANDARINA PASTEURIZADO ECOFRESH 400 ML;UND;;PRD02196;;JUGO DE MANDARINA PASTEURIZADO ECOFRESH 400 ML;BOTELLA;1;BOTELLA;BOTELLA x 1 UND;1;1;1
PRD02197;JUGO DE TUNA PIÑA PASTEURIZADO ECOFRESH 400 ML;UND;;PRD02197;;JUGO DE TUNA PIÑA PASTEURIZADO ECOFRESH 400 ML;BOTELLA;1;BOTELLA;BOTELLA x 1 UND;1;1;1
PRD02198;JUGO DE NARANJA ZANAHORIA PASTEURIZADO ECOFRESH 400 ML;UND;;PRD02198;;JUGO DE NARANJA ZANAHORIA PASTEURIZADO ECOFRESH 400 ML;BOTELLA;1;BOTELLA;BOTELLA x 1 UND;1;1;1
PRD02199;JUGO DE NARANJA PASTEURIZADO X 250 ML - BOT;UND;;PRD02199;;JUGO DE NARANJA PASTEURIZADO X 250 ML - BOT;BOTELLA;1;BOTELLA;BOTELLA x 1 UND;1;1;1
PRD02200;JUGO TROPICAL PASTEURIZADO X 250 ML - BOT;UND;;PRD02200;;JUGO TROPICAL PASTEURIZADO X 250 ML - BOT;BOTELLA;1;BOTELLA;BOTELLA x 1 UND;1;1;1
PRD02201;JUGO DE PIÑA PASTEURIZADO X 250 ML - BOT;UND;;PRD02201;;JUGO DE PIÑA PASTEURIZADO X 250 ML - BOT;BOTELLA;1;BOTELLA;BOTELLA x 1 UND;1;1;1
PRD02202;JUGO DE PIÑA PASTEURIZADO X 3.8 LT;L;;PRD02202;;JUGO DE PIÑA PASTEURIZADO X 3.8 LT;GALON;3.8;GALON;GALON x 3.8 L;1;1;1
PRD02203;SALSA CHIMICHURRI EMIC 1 KG;KG;;PRD02203;;SALSA CHIMICHURRI EMIC 1 KG;BOLSA;1;BOLSA;BOLSA x 1 KG;1;1;1
PRD02204;SALSA AJI PARRILLERO EMIC 1 KG;KG;;PRD02204;;SALSA AJI PARRILLERO EMIC 1 KG;BOLSA;1;BOLSA;BOLSA x 1 KG;1;1;1
PRD02205;SALSA MAYONESA ACEVICHADA EMIC 1 KG;KG;;PRD02205;;SALSA MAYONESA ACEVICHADA EMIC 1 KG;BOLSA;1;BOLSA;BOLSA x 1 KG;1;1;1
PRD02206;SALSA BBQ EMIC 1 KG;KG;;PRD02206;;SALSA BBQ EMIC 1 KG;BOLSA;1;BOLSA;BOLSA x 1 KG;1;1;1
PRD02207;TAMAL DE MAIZ 230 GR;UND;;PRD02207;;TAMAL DE MAIZ 230 GR;LATA;1;LATA;LATA x 1 UND;1;1;1
PRD02208;CREMA TIPO CHANTILLY SNEL 1LT;L;;PRD02208;;CREMA TIPO CHANTILLY SNEL 1LT;CAJA;1;CAJA;CAJA x 1 L;1;1;1
PRD02209;CREMA CHANTILLY MONA LISA BRICKS 1LT;L;;PRD02209;;CREMA CHANTILLY MONA LISA BRICKS 1LT;CAJA;1;CAJA;CAJA x 1 L;1;1;1
PRD02210;CREMF.CLASSIC COCO 5 KG;KG;;PRD02210;;CREMF.CLASSIC COCO 5 KG;BALDE;5;BALDE;BALDE x 5 KG;1;1;1
PRD02211;CIRUELA SECA 4 ESTACIONES 1 KG;KG;;PRD02211;;CIRUELA SECA 4 ESTACIONES 1 KG;BOLSA;1;BOLSA;BOLSA x 1 KG;1;1;1
PRD02212;HIGO SECO PREMIUM 4 ESTACIONES 1 KG;KG;;PRD02212;;HIGO SECO PREMIUM 4 ESTACIONES 1 KG;BOLSA;1;BOLSA;BOLSA x 1 KG;1;1;1
PRD02213;PASAS SECAS NEGRAS GARDEN 4 ESTACIONES 1 KG;KG;;PRD02213;;PASAS SECAS NEGRAS GARDEN 4 ESTACIONES 1 KG;BOLSA;1;BOLSA;BOLSA x 1 KG;1;1;1
PRD02214;PASAS SECAS NEGRAS GARDEN 4 ESTACIONES 1 KG - CAJA;KG;;PRD02214;;PASAS SECAS NEGRAS GARDEN 4 ESTACIONES 1 KG - CAJA;BOLSA;1;BOLSA;BOLSA x 1 KG;1;1;1
PRD02215;FRUTA CONFITADA 4 ESTACIONES 1 KG - CAJA;KG;;PRD02215;;FRUTA CONFITADA 4 ESTACIONES 1 KG - CAJA;BOLSA;1;BOLSA;BOLSA x 1 KG;1;1;1
PRD02216;HIGO SECO PREMIUM 4 ESTACIONES 1 KG - CAJA;KG;;PRD02216;;HIGO SECO PREMIUM 4 ESTACIONES 1 KG - CAJA;BOLSA;1;BOLSA;BOLSA x 1 KG;1;1;1
PRD02217;PASAS SECAS RUBIAS 4 ESTACIONES 1 KG - CAJA;KG;;PRD02217;;PASAS SECAS RUBIAS 4 ESTACIONES 1 KG - CAJA;BOLSA;1;BOLSA;BOLSA x 1 KG;1;1;1
PRD02218;FRUTA CONFITADA 4 ESTACIONES 1 KG;KG;;PRD02218;;FRUTA CONFITADA 4 ESTACIONES 1 KG;BOLSA;1;BOLSA;BOLSA x 1 KG;1;1;1
PRD02219;GUINDONES SIN PEPA 4 ESTACIONES 250 GR;KG;;PRD02219;;GUINDONES SIN PEPA 4 ESTACIONES 250 GR;BOLSA;0.25;BOLSA;BOLSA x 0.25 KG;1;1;1
PRD02220;HONGO SECO 4 ESTACIONES 1 KG;KG;;PRD02220;;HONGO SECO 4 ESTACIONES 1 KG;BOLSA;1;BOLSA;BOLSA x 1 KG;1;1;1
PRD02221;PASAS SECAS NEGRAS 4 ESTACIONES 1 KG;KG;;PRD02221;;PASAS SECAS NEGRAS 4 ESTACIONES 1 KG;BOLSA;1;BOLSA;BOLSA x 1 KG;1;1;1
PRD02222;HIGO SECO SELECTO SANTIS 1 KG;KG;;PRD02222;;HIGO SECO SELECTO SANTIS 1 KG;BOLSA;1;BOLSA;BOLSA x 1 KG;1;1;1
PRD02223;PURE DE CAMOTE EMIC 1 KG;KG;;PRD02223;;PURE DE CAMOTE EMIC 1 KG;BOLSA;1;BOLSA;BOLSA x 1 KG;1;1;1
PRD02224;PURE DE MANZANA EMIC 1 KG;KG;;PRD02224;;PURE DE MANZANA EMIC 1 KG;BOLSA;1;BOLSA;BOLSA x 1 KG;1;1;1
PRD02225;AJI DE POLLERIA (CRIOLLO) EMIC 1 KG;KG;;PRD02225;;AJI DE POLLERIA (CRIOLLO) EMIC 1 KG;BOLSA;1;BOLSA;BOLSA x 1 KG;1;1;1
PRD02226;MANTECA VEGETAL DORO 10 KG;KG;;PRD02226;;MANTECA VEGETAL DORO 10 KG;CAJA;10;CAJA;CAJA x 10 KG;1;1;1
PRD02227;MANTECA VEGETAL DE PALMA 10 KG;KG;;PRD02227;;MANTECA VEGETAL DE PALMA 10 KG;CAJA;10;CAJA;CAJA x 10 KG;1;1;1
PRD02228;MANTECA VEGETAL GUSTO SELECTO 10 KG;KG;;PRD02228;;MANTECA VEGETAL GUSTO SELECTO 10 KG;CAJA;10;CAJA;CAJA x 10 KG;1;1;1
PRD02229;ENVASE DE ALUMINIO CON TAPA 1000 CC 500 UND;UND;;PRD02229;;ENVASE DE ALUMINIO CON TAPA 1000 CC 500 UND;PAQUETE;500;PAQUETE;PAQUETE x 500 UND;1;1;1
PRD02230;ENVASE DE ALUMINIO CON TAPA 500 CC 500 UND;UND;;PRD02230;;ENVASE DE ALUMINIO CON TAPA 500 CC 500 UND;PAQUETE;500;PAQUETE;PAQUETE x 500 UND;1;1;1
PRD02231;ENVASE ALUMINIO DE 1/2 KG CON TAPA KRISTAL X MLL;UND;;PRD02231;;ENVASE ALUMINIO DE 1/2 KG CON TAPA KRISTAL X MLL;PAQUETE;1000;PAQUETE;PAQUETE x 1000 UND;1;1;1
PRD02232;ENVASE ALUMINIO DE 1 KG CON TAPA KRISTAL X MLL;UND;;PRD02232;;ENVASE ALUMINIO DE 1 KG CON TAPA KRISTAL X MLL;PAQUETE;1000;PAQUETE;PAQUETE x 1000 UND;1;1;1
PRD02233;ENVASE DE ALUMINIO CON TAPA 750 CC 500 UND;UND;;PRD02233;;ENVASE DE ALUMINIO CON TAPA 750 CC 500 UND;PAQUETE;500;PAQUETE;PAQUETE x 500 UND;1;1;1
PRD02234;ENVASE DE ALUMINIO CON TAPA 500 CC 200 UND;UND;;PRD02234;;ENVASE DE ALUMINIO CON TAPA 500 CC 200 UND;PAQUETE;200;PAQUETE;PAQUETE x 200 UND;1;1;1
PRD02235;ENVASE DE ALUMINIO 1000 CC 125 UND SIN TAPA;UND;;PRD02235;;ENVASE DE ALUMINIO 1000 CC 125 UND SIN TAPA;PAQUETE;500;PAQUETE;PAQUETE x 500 UND;1;1;1
PRD02236;JAMON DEL PAIS CONGELADO 500 GR;KG;;PRD02236;;JAMON DEL PAIS CONGELADO 500 GR;PAQUETE;0.5;PAQUETE;PAQUETE x 0.5 KG;1;1;1
PRD02237;BOLSA PARA BASURA NEGRA 25 LT 100 UND;UND;;PRD02237;;BOLSA PARA BASURA NEGRA 25 LT 100 UND;PAQUETE;100;PAQUETE;PAQUETE x 100 UND;1;1;1
PRD02238;BOLSA PARA CUBIERTO 8 X 3 100 UND;UND;;PRD02238;;BOLSA PARA CUBIERTO 8 X 3 100 UND;PAQUETE;100;PAQUETE;PAQUETE x 100 UND;1;1;1
PRD02239;BOLSA PARA BASURA PLASTICA MARRON C/F 140 LT 3 MC 41´´X 35´´ 100 UND;UND;;PRD02239;;BOLSA PARA BASURA PLASTICA MARRON C/F 140 LT 3 MC 41´´X 35´´ 100 UND;PAQUETE;100;PAQUETE;PAQUETE x 100 UND;1;1;1
PRD02240;BOLSA PARA CUBIERTO 8 X 3 200 UND;UND;;PRD02240;;BOLSA PARA CUBIERTO 8 X 3 200 UND;PAQUETE;200;PAQUETE;PAQUETE x 200 UND;1;1;1
PRD02241;"BOLSA POLIETILENO CRISTAL 26""X40""X1MC X MILLAR";UND;;PRD02241;;"BOLSA POLIETILENO CRISTAL 26""X40""X1MC X MILLAR";PAQUETE;1000;PAQUETE;PAQUETE x 1000 UND;1;1;1
PRD02242;BOLSA POLIETILENO CRISTAL 90X135CM 30ÌM X 100 UND;UND;;PRD02242;;BOLSA POLIETILENO CRISTAL 90X135CM 30ÌM X 100 UND;PAQUETE;100;PAQUETE;PAQUETE x 100 UND;1;1;1
PRD02243;BOLSA PLASTICA RESELLABLE 50 UNID.;UND;;PRD02243;;BOLSA PLASTICA RESELLABLE 50 UNID.;PAQUETE;50;PAQUETE;PAQUETE x 50 UND;1;1;1
PRD02244;BOLSA PARA CUBIERTO 4 X 10 PQTE 200 UND;UND;;PRD02244;;BOLSA PARA CUBIERTO 4 X 10 PQTE 200 UND;PAQUETE;200;PAQUETE;PAQUETE x 200 UND;1;1;1
PRD02245;"BOLSA PARA BASURA PLASTICA ROJA 250 LT 1.8 MC 52"" X 40"" 100 UND";UND;;PRD02245;;"BOLSA PARA BASURA PLASTICA ROJA 250 LT 1.8 MC 52"" X 40"" 100 UND";PAQUETE;100;PAQUETE;PAQUETE x 100 UND;1;1;1
PRD02246;BOLSA PARA BASURA PLASTICA AZUL 250 LT 100 UND;UND;;PRD02246;;BOLSA PARA BASURA PLASTICA AZUL 250 LT 100 UND;PAQUETE;100;PAQUETE;PAQUETE x 100 UND;1;1;1
PRD02247;BOLSA PARA BASURA PLASTICA VERDE 250 LT 100 UND;UND;;PRD02247;;BOLSA PARA BASURA PLASTICA VERDE 250 LT 100 UND;PAQUETE;100;PAQUETE;PAQUETE x 100 UND;1;1;1
PRD02248;BOLSA PARA BASURA PLASTICA MARRON 1.8 MC 250 LT 100 UND;UND;;PRD02248;;BOLSA PARA BASURA PLASTICA MARRON 1.8 MC 250 LT 100 UND;PAQUETE;100;PAQUETE;PAQUETE x 100 UND;1;1;1
PRD02249;BOLSA PARA BASURA PLASTICA AMARILLA 250 LT 100 UND;UND;;PRD02249;;BOLSA PARA BASURA PLASTICA AMARILLA 250 LT 100 UND;PAQUETE;100;PAQUETE;PAQUETE x 100 UND;1;1;1
PRD02250;BOLSA BLANCA T-SHIRT BIODEG.PARAISO 16 X 19 PAQ 1000 UND;UND;;PRD02250;;BOLSA BLANCA T-SHIRT BIODEG.PARAISO 16 X 19 PAQ 1000 UND;PAQUETE;1000;PAQUETE;PAQUETE x 1000 UND;1;1;1
PRD02251;BOLSA BLANCA T-SHIRT BIODEG.PARAISO 21 X 24 500 UND;UND;;PRD02251;;BOLSA BLANCA T-SHIRT BIODEG.PARAISO 21 X 24 500 UND;PAQUETE;500;PAQUETE;PAQUETE x 500 UND;1;1;1
PRD02252;BOLSA PARA BASURA PLASTICA BLANCA 250 LT 100 UND;UND;;PRD02252;;BOLSA PARA BASURA PLASTICA BLANCA 250 LT 100 UND;PAQUETE;100;PAQUETE;PAQUETE x 100 UND;1;1;1
PRD02253;BOLSA PARA BASURA PLASTICA NEGRO 75 LT 100 UND;UND;;PRD02253;;BOLSA PARA BASURA PLASTICA NEGRO 75 LT 100 UND;PAQUETE;100;PAQUETE;PAQUETE x 100 UND;1;1;1
PRD02254;BOLSA DE PAPEL KRAFT #4 MILLAR;UND;;PRD02254;;BOLSA DE PAPEL KRAFT #4 MILLAR;PAQUETE;1000;PAQUETE;PAQUETE x 1000 UND;1;1;1
PRD02255;BOLSA DE PAPEL KRAFT #6 MILLAR;UND;;PRD02255;;BOLSA DE PAPEL KRAFT #6 MILLAR;PAQUETE;1000;PAQUETE;PAQUETE x 1000 UND;1;1;1
PRD02256;"BOLSA PARA BASURA PLASTICA AMARILLA 75 LT 2 MC 28"" X 72"" 100 UND";UND;;PRD02256;;"BOLSA PARA BASURA PLASTICA AMARILLA 75 LT 2 MC 28"" X 72"" 100 UND";PAQUETE;100;PAQUETE;PAQUETE x 100 UND;1;1;1
PRD02257;BOLSAS EMPACADO AL VACIO 32 X 42CM X MLL;UND;;PRD02257;;BOLSAS EMPACADO AL VACIO 32 X 42CM X MLL;MILLAR;1000;MILLAR;MILLAR x 1000 UND;1;1;1
PRD02258;BOLSA BLANCA T-SHIRT PARAISO 16 X 19 PAQ - 1000 UND;UND;;PRD02258;;BOLSA BLANCA T-SHIRT PARAISO 16 X 19 PAQ - 1000 UND;PAQUETE;1000;PAQUETE;PAQUETE x 1000 UND;1;1;1
PRD02259;BOLSA BLANCA T-SHIRT PARAISO 21 X 24 - 500 UND;UND;;PRD02259;;BOLSA BLANCA T-SHIRT PARAISO 21 X 24 - 500 UND;PAQUETE;500;PAQUETE;PAQUETE x 500 UND;1;1;1
PRD02260;BOLSA PARA LAVANDERIA BIODEG.PARAISO 16.5 X 23 PAQ 1000 UND;UND;;PRD02260;;BOLSA PARA LAVANDERIA BIODEG.PARAISO 16.5 X 23 PAQ 1000 UND;PAQUETE;1000;PAQUETE;PAQUETE x 1000 UND;1;1;1
PRD02261;ETIQUETAS C&C (ALMUERZO) 8 X 6 CM ADHESIVO DE SEGURIDAD;UND;;PRD02261;;ETIQUETAS C&C (ALMUERZO) 8 X 6 CM ADHESIVO DE SEGURIDAD;MILLAR;1;MILLAR;MILLAR x 1 UND;1;1;1
PRD02262;ETIQUETAS C&C (CENA) 8 X 6 CM ADHESIVO DE SEGURIDAD;UND;;PRD02262;;ETIQUETAS C&C (CENA) 8 X 6 CM ADHESIVO DE SEGURIDAD;MILLAR;1;MILLAR;MILLAR x 1 UND;1;1;1
PRD02263;BOLSA PARA CUBIERTO 4 X 10 PQTE 50 UND;UND;;PRD02263;;BOLSA PARA CUBIERTO 4 X 10 PQTE 50 UND;PAQUETE;50;PAQUETE;PAQUETE x 50 UND;1;1;1
PRD02264;BOLSA DE POLIETILENO CRISTAL 26X40X1MC X MILLAR;UND;;PRD02264;;BOLSA DE POLIETILENO CRISTAL 26X40X1MC X MILLAR;PAQUETE;1000;PAQUETE;PAQUETE x 1000 UND;1;1;1
PRD02265;"BOLSA PARA BASURA PLASTICA NEGRA C/F 35 LT 30"" X 20"" 100 UND 1.2 MC";UND;;PRD02265;;"BOLSA PARA BASURA PLASTICA NEGRA C/F 35 LT 30"" X 20"" 100 UND 1.2 MC";PAQUETE;100;PAQUETE;PAQUETE x 100 UND;1;1;1
PRD02266;"BOLSA PARA BASURA PLASTICA ROJA C/F 35 LT 30"" X 20"" 100 UND 1.2 MC";UND;;PRD02266;;"BOLSA PARA BASURA PLASTICA ROJA C/F 35 LT 30"" X 20"" 100 UND 1.2 MC";PAQUETE;100;PAQUETE;PAQUETE x 100 UND;1;1;1
PRD02267;BOLSA CHEQUERA ROJO 21X24 100 UND;UND;;PRD02267;;BOLSA CHEQUERA ROJO 21X24 100 UND;PAQUETE;100;PAQUETE;PAQUETE x 100 UND;1;1;1
PRD02268;BOLSA PARA BASURA PLASTICA AMARILLO C/F 140 LT 1.4 MC 41´´X 35´´ 100 UND;UND;;PRD02268;;BOLSA PARA BASURA PLASTICA AMARILLO C/F 140 LT 1.4 MC 41´´X 35´´ 100 UND;PAQUETE;100;PAQUETE;PAQUETE x 100 UND;1;1;1
PRD02269;BOLSA PARA BASURA PLASTICA AZUL C/F 140 LT 1.4 MC 41´´X 35´´ 100 UND;UND;;PRD02269;;BOLSA PARA BASURA PLASTICA AZUL C/F 140 LT 1.4 MC 41´´X 35´´ 100 UND;PAQUETE;100;PAQUETE;PAQUETE x 100 UND;1;1;1
PRD02270;BOLSA PARA BASURA PLASTICA BLANCA C/F 140 LT 1.4 MC 41´´X 35´´ 100 UND;UND;;PRD02270;;BOLSA PARA BASURA PLASTICA BLANCA C/F 140 LT 1.4 MC 41´´X 35´´ 100 UND;PAQUETE;100;PAQUETE;PAQUETE x 100 UND;1;1;1
PRD02271;BOLSA PARA BASURA PLASTICA MARRON C/F 140 LT 1.4 MC 41´´X 35´´ 100 UND;UND;;PRD02271;;BOLSA PARA BASURA PLASTICA MARRON C/F 140 LT 1.4 MC 41´´X 35´´ 100 UND;PAQUETE;100;PAQUETE;PAQUETE x 100 UND;1;1;1
PRD02272;BOLSA PARA BASURA PLASTICA NEGRA C/F 140 LT 1.4 MC 41´´X 35´´ 100 UND;UND;;PRD02272;;BOLSA PARA BASURA PLASTICA NEGRA C/F 140 LT 1.4 MC 41´´X 35´´ 100 UND;PAQUETE;100;PAQUETE;PAQUETE x 100 UND;1;1;1
PRD02273;BOLSA PARA BASURA PLASTICA ROJA C/F 140 LT 1.4 MC 41´´X 35´´ 100 UND;UND;;PRD02273;;BOLSA PARA BASURA PLASTICA ROJA C/F 140 LT 1.4 MC 41´´X 35´´ 100 UND;PAQUETE;100;PAQUETE;PAQUETE x 100 UND;1;1;1
PRD02274;BOLSA DE PAPEL KRAFT #4 C/LOGO SODEXO 500 UND;UND;;PRD02274;;BOLSA DE PAPEL KRAFT #4 C/LOGO SODEXO 500 UND;PAQUETE;500;PAQUETE;PAQUETE x 500 UND;1;1;1
PRD02275;BOLSA DE PAPEL KRAFT #4 500 UND;UND;;PRD02275;;BOLSA DE PAPEL KRAFT #4 500 UND;PAQUETE;500;PAQUETE;PAQUETE x 500 UND;1;1;1
PRD02276;BOLSA PAPEL KRAFT #6 500 UND;UND;;PRD02276;;BOLSA PAPEL KRAFT #6 500 UND;PAQUETE;500;PAQUETE;PAQUETE x 500 UND;1;1;1
PRD02277;BOLSA BLANCA T-SHIRT CHICA PARAISO 16 X 19 X 2 (PQT 1000 UND);UND;;PRD02277;;BOLSA BLANCA T-SHIRT CHICA PARAISO 16 X 19 X 2 (PQT 1000 UND);PAQUETE;1000;PAQUETE;PAQUETE x 1000 UND;1;1;1
PRD02278;BOLSA BLANCA T-SHIRT GRANDE PARAISO 21 X 24 X 2 (PQT 500 UND);UND;;PRD02278;;BOLSA BLANCA T-SHIRT GRANDE PARAISO 21 X 24 X 2 (PQT 500 UND);PAQUETE;1000;PAQUETE;PAQUETE x 1000 UND;1;1;1
PRD02279;BOLSA PLANA LAVANDERIA PARAISO 16.5 X 23 X 2 PQT (1000 UND);UND;;PRD02279;;BOLSA PLANA LAVANDERIA PARAISO 16.5 X 23 X 2 PQT (1000 UND);PAQUETE;1000;PAQUETE;PAQUETE x 1000 UND;1;1;1
PRD02280;TENEDOR BLANCO DE PLASTICO DESCARTABLE D81110001 50 UND;UND;;PRD02280;;TENEDOR BLANCO DE PLASTICO DESCARTABLE D81110001 50 UND;PAQUETE;100;PAQUETE;PAQUETE x 100 UND;1;1;1
PRD02281;TENEDOR DESCARTABLE 50 UND;UND;;PRD02281;;TENEDOR DESCARTABLE 50 UND;PAQUETE;50;PAQUETE;PAQUETE x 50 UND;1;1;1
PRD02282;CUCHARA SOPERA DESCARTABLE EN BOLSA X 100UND;UND;;PRD02282;;CUCHARA SOPERA DESCARTABLE EN BOLSA X 100UND;PAQUETE;100;PAQUETE;PAQUETE x 100 UND;1;1;1
PRD02283;CUCHARA SOPERA DESCARTABLE EN BOLSA X 50UND;UND;;PRD02283;;CUCHARA SOPERA DESCARTABLE EN BOLSA X 50UND;PAQUETE;500;PAQUETE;PAQUETE x 500 UND;1;1;1
PRD02284;CUCHARA ACRILICO DESCARTABLE 50 UND;UND;;PRD02284;;CUCHARA ACRILICO DESCARTABLE 50 UND;PAQUETE;50;PAQUETE;PAQUETE x 50 UND;1;1;1
PRD02285;CUCHILLO ACRILICO DESCARTABLE 50 UND;UND;;PRD02285;;CUCHILLO ACRILICO DESCARTABLE 50 UND;PAQUETE;50;PAQUETE;PAQUETE x 50 UND;1;1;1
PRD02286;TENEDOR ACRILICO DESCARTABLE 50 UND;UND;;PRD02286;;TENEDOR ACRILICO DESCARTABLE 50 UND;PAQUETE;50;PAQUETE;PAQUETE x 50 UND;1;1;1
PRD02287;TENEDOR DE MADERA BIODEGRADABLES 16 CM 100 UND;UND;;PRD02287;;TENEDOR DE MADERA BIODEGRADABLES 16 CM 100 UND;PAQUETE;100;PAQUETE;PAQUETE x 100 UND;1;1;1
PRD02288;TENEDOR DESCARTABLE LA EUROPEA MILLAR;UND;;PRD02288;;TENEDOR DESCARTABLE LA EUROPEA MILLAR;PAQUETE;1000;PAQUETE;PAQUETE x 1000 UND;1;1;1
PRD02289;CUCHILLO DESCARTABLE LA EUROPEA MILLAR;UND;;PRD02289;;CUCHILLO DESCARTABLE LA EUROPEA MILLAR;PAQUETE;1000;PAQUETE;PAQUETE x 1000 UND;1;1;1
PRD02290;TAPA ENVASE DESCARTABLE REDONDO 1000 CC / 500CC 200 UND;UND;;PRD02290;;TAPA ENVASE DESCARTABLE REDONDO 1000 CC / 500CC 200 UND;PAQUETE;200;PAQUETE;PAQUETE x 200 UND;1;1;1
PRD02291;BOTELLA DESCARTABLE CON TAPA DE 400 ML X 100 UND;UND;;PRD02291;;BOTELLA DESCARTABLE CON TAPA DE 400 ML X 100 UND;PAQUETE;100;PAQUETE;PAQUETE x 100 UND;1;1;1
PRD02292;TAPA PET PARA ENVASE SALAD BOWL DE BAMBU 1000 ML X 300 UND;UND;;PRD02292;;TAPA PET PARA ENVASE SALAD BOWL DE BAMBU 1000 ML X 300 UND;PAQUETE;300;PAQUETE;PAQUETE x 300 UND;1;1;1
PRD02293;BOTELLA DESCARTABLE PET HOT FILLING (80°) CON TAPA DE 500 ML X 100 UND;UND;;PRD02293;;BOTELLA DESCARTABLE PET HOT FILLING (80°) CON TAPA DE 500 ML X 100 UND;PAQUETE;100;PAQUETE;PAQUETE x 100 UND;1;1;1
PRD02294;ENVASE DESCARTABLE CON TAPA F5 32 OZ 200 UND TRANSPARENTE/NEGRO;UND;;PRD02294;;ENVASE DESCARTABLE CON TAPA F5 32 OZ 200 UND TRANSPARENTE/NEGRO;PAQUETE;200;PAQUETE;PAQUETE x 200 UND;1;1;1
PRD02295;ENVASE DESCARTABLE CON TAPA F5 16 OZ 250 UND TRANSPARENTE / NEGRO;UND;;PRD02295;;ENVASE DESCARTABLE CON TAPA F5 16 OZ 250 UND TRANSPARENTE / NEGRO;PAQUETE;250;PAQUETE;PAQUETE x 250 UND;1;1;1
PRD02296;ENVASE DESCARTABLE CIRCULAR CON TAPA 0.75 OZ 100 UND;UND;;PRD02296;;ENVASE DESCARTABLE CIRCULAR CON TAPA 0.75 OZ 100 UND;PAQUETE;100;PAQUETE;PAQUETE x 100 UND;1;1;1
PRD02297;ENVASE DESCARTABLE CON TAPA REDONDO 500 CC (1/2 LITRO) MILLAR;UND;;PRD02297;;ENVASE DESCARTABLE CON TAPA REDONDO 500 CC (1/2 LITRO) MILLAR;PAQUETE;1000;PAQUETE;PAQUETE x 1000 UND;1;1;1
PRD02298;ENVASE DESCARTABLE CON TAPA REDONDO 8 OZ 500 UND;UND;;PRD02298;;ENVASE DESCARTABLE CON TAPA REDONDO 8 OZ 500 UND;PAQUETE;500;PAQUETE;PAQUETE x 500 UND;1;1;1
PRD02299;ENVASE DESCARTABLE CON TAPA REDONDO 1000 CC MILLAR;UND;;PRD02299;;ENVASE DESCARTABLE CON TAPA REDONDO 1000 CC MILLAR;PAQUETE;1000;PAQUETE;PAQUETE x 1000 UND;1;1;1
PRD02300;ENVASE DESCARTABLE TRIANGULAR PARA SANDWICH 200 UND;UND;;PRD02300;;ENVASE DESCARTABLE TRIANGULAR PARA SANDWICH 200 UND;PAQUETE;200;PAQUETE;PAQUETE x 200 UND;1;1;1
PRD02301;ENVASE PARA ENSALADA DE FRUTA CON TAPA MILLAR 8 OZ;UND;;PRD02301;;ENVASE PARA ENSALADA DE FRUTA CON TAPA MILLAR 8 OZ;PAQUETE;1000;PAQUETE;PAQUETE x 1000 UND;1;1;1
PRD02302;ENVASE PARA ENSALADA DE FRUTA CON TAPA MILLAR 16 OZ;UND;;PRD02302;;ENVASE PARA ENSALADA DE FRUTA CON TAPA MILLAR 16 OZ;PAQUETE;1000;PAQUETE;PAQUETE x 1000 UND;1;1;1
PRD02303;SALSERO DE 2 OZ NEGRO X MILLAR;UND;;PRD02303;;SALSERO DE 2 OZ NEGRO X MILLAR;PAQUETE;1000;PAQUETE;PAQUETE x 1000 UND;1;1;1
PRD02304;ENVASE DESCARTABLE SIN TAPA F5 16 OZ 250 UND TRANSPARENTE/ NEGRO;UND;;PRD02304;;ENVASE DESCARTABLE SIN TAPA F5 16 OZ 250 UND TRANSPARENTE/ NEGRO;PAQUETE;250;PAQUETE;PAQUETE x 250 UND;1;1;1
PRD02305;TAPA ENVASE DESCARTABLE F5 16 OZ 250 UND TRANSPARENTE/ NEGRO;UND;;PRD02305;;TAPA ENVASE DESCARTABLE F5 16 OZ 250 UND TRANSPARENTE/ NEGRO;PAQUETE;250;PAQUETE;PAQUETE x 250 UND;1;1;1
PRD02306;ENVASE DESCARTABLE SIN TAPA F5 32 OZ 200 UND TRANSPARENTE/NEGRO;UND;;PRD02306;;ENVASE DESCARTABLE SIN TAPA F5 32 OZ 200 UND TRANSPARENTE/NEGRO;PAQUETE;200;PAQUETE;PAQUETE x 200 UND;1;1;1
PRD02307;TAPA ENVASE DESCARTABLE F5 32 OZ 200 UND TRANSPARENTE/NEGRO;UND;;PRD02307;;TAPA ENVASE DESCARTABLE F5 32 OZ 200 UND TRANSPARENTE/NEGRO;PAQUETE;200;PAQUETE;PAQUETE x 200 UND;1;1;1
PRD02308;ENVASE DESCARTABLE SIN TAPA REDONDO 1000 CC 200 UND;UND;;PRD02308;;ENVASE DESCARTABLE SIN TAPA REDONDO 1000 CC 200 UND;PAQUETE;1000;PAQUETE;PAQUETE x 1000 UND;1;1;1
PRD02309;TAPA ENVASE DESCARTABLE REDONDO 1000 CC / 500CC 500 UND;UND;;PRD02309;;TAPA ENVASE DESCARTABLE REDONDO 1000 CC / 500CC 500 UND;PAQUETE;1000;PAQUETE;PAQUETE x 1000 UND;1;1;1
PRD02310;ENVASE DESCARTABLE SIN TAPA REDONDO 500 CC 200UND;UND;;PRD02310;;ENVASE DESCARTABLE SIN TAPA REDONDO 500 CC 200UND;PAQUETE;500;PAQUETE;PAQUETE x 500 UND;1;1;1
PRD02311;ENVASE DESCARTABLE SIN TAPA REDONDO 8 OZ 500 UND;UND;;PRD02311;;ENVASE DESCARTABLE SIN TAPA REDONDO 8 OZ 500 UND;PAQUETE;500;PAQUETE;PAQUETE x 500 UND;1;1;1
PRD02312;TAPA ENVASE DESCARTABLE REDONDO 8 OZ 500 UND;UND;;PRD02312;;TAPA ENVASE DESCARTABLE REDONDO 8 OZ 500 UND;PAQUETE;500;PAQUETE;PAQUETE x 500 UND;1;1;1
PRD02313;"STRECH FILM DE GRADO ALIMENTARIO ROLLO 18"" X 1400 MT";UND;;PRD02313;;"STRECH FILM DE GRADO ALIMENTARIO ROLLO 18"" X 1400 MT";UNIDAD;1;UNIDAD;UNIDAD x 1 UND;1;1;1
PRD02314;"STRECH FILM NO ALIMENTARIO PARA EMBALAJE TRANSPARENTE ROLLO 20"" 1.5 KG";UND;;PRD02314;;"STRECH FILM NO ALIMENTARIO PARA EMBALAJE TRANSPARENTE ROLLO 20"" 1.5 KG";ROLLO;1;ROLLO;ROLLO x 1 UND;1;1;1
PRD02315;"STRECH FILM NO ALIMENTARIO PARA EMBALAJE TRANSPARENTE ANTALIS ROLLO 20"" 1.5KG";UND;;PRD02315;;"STRECH FILM NO ALIMENTARIO PARA EMBALAJE TRANSPARENTE ANTALIS ROLLO 20"" 1.5KG";ROLLO;1;ROLLO;ROLLO x 1 UND;1;1;1
PRD02316;PLATO TENDIDO PARA POSTRE DESCARTABLE 25 UND;UND;;PRD02316;;PLATO TENDIDO PARA POSTRE DESCARTABLE 25 UND;PAQUETE;25;PAQUETE;PAQUETE x 25 UND;1;1;1
PRD02317;PLATO TENDIDO PARA SEGUNDO NEGRO DESCARTABLE 23 CM 500 UND;UND;;PRD02317;;PLATO TENDIDO PARA SEGUNDO NEGRO DESCARTABLE 23 CM 500 UND;PAQUETE;450;PAQUETE;PAQUETE x 450 UND;1;1;1
PRD02318;PLATO TENDIDO PARA ENTRADA DESCARTABLE 25 UND;UND;;PRD02318;;PLATO TENDIDO PARA ENTRADA DESCARTABLE 25 UND;PAQUETE;25;PAQUETE;PAQUETE x 25 UND;1;1;1
PRD02319;PLATO TENDIDO PARA SEGUNDO DESCARTABLE # 20 MILLAR;UND;;PRD02319;;PLATO TENDIDO PARA SEGUNDO DESCARTABLE # 20 MILLAR;PAQUETE;1000;PAQUETE;PAQUETE x 1000 UND;1;1;1
PRD02320;PLATO TENDIDO NEGRO DESCARTABLE MILLAR 23 CM;UND;;PRD02320;;PLATO TENDIDO NEGRO DESCARTABLE MILLAR 23 CM;PAQUETE;1000;PAQUETE;PAQUETE x 1000 UND;1;1;1
PRD02321;PLATO TENDIDO NEGRO DESCARTABLE MILLAR 15.5 CM;UND;;PRD02321;;PLATO TENDIDO NEGRO DESCARTABLE MILLAR 15.5 CM;PAQUETE;1000;PAQUETE;PAQUETE x 1000 UND;1;1;1
PRD02322;VASO DESCARTABLE LISTADO PP 10 OZ MILLAR;UND;;PRD02322;;VASO DESCARTABLE LISTADO PP 10 OZ MILLAR;PAQUETE;1000;PAQUETE;PAQUETE x 1000 UND;1;1;1
PRD02323;TAPA P/ENVASE BOWL DE 16-26-32 OZ BIO KRAFT CALIENTE X 300UND;UND;;PRD02323;;TAPA P/ENVASE BOWL DE 16-26-32 OZ BIO KRAFT CALIENTE X 300UND;PAQUETE;300;PAQUETE;PAQUETE x 300 UND;1;1;1
PRD02324;VASO POLIPAPEL BLANCO 10 OZ MILLAR;UND;;PRD02324;;VASO POLIPAPEL BLANCO 10 OZ MILLAR;PAQUETE;1000;PAQUETE;PAQUETE x 1000 UND;1;1;1
PRD02325;TAPA PARA VASO POLIPAPEL 10 OZ MILLAR;UND;;PRD02325;;TAPA PARA VASO POLIPAPEL 10 OZ MILLAR;PAQUETE;1000;PAQUETE;PAQUETE x 1000 UND;1;1;1
PRD02326;VASO DESCARTABLE PLASTICO 5 OZ MILLAR;UND;;PRD02326;;VASO DESCARTABLE PLASTICO 5 OZ MILLAR;PAQUETE;1000;PAQUETE;PAQUETE x 1000 UND;1;1;1
PRD02327;VASO DESCARTABLE PLASTICO 7 OZ MILLAR;UND;;PRD02327;;VASO DESCARTABLE PLASTICO 7 OZ MILLAR;PAQUETE;1000;PAQUETE;PAQUETE x 1000 UND;1;1;1
PRD02328;VASO PARA CREMOLADA MILLAR 8 OZ;UND;;PRD02328;;VASO PARA CREMOLADA MILLAR 8 OZ;PAQUETE;1000;PAQUETE;PAQUETE x 1000 UND;1;1;1
PRD02329;TAPA PARA VASO DESCARTABLE POLIPAPEL 8 OZ 1000 UND;UND;;PRD02329;;TAPA PARA VASO DESCARTABLE POLIPAPEL 8 OZ 1000 UND;PAQUETE;1000;PAQUETE;PAQUETE x 1000 UND;1;1;1
PRD02330;MANGA JACKSON SAFETY G60 KEVLAR;UND;;PRD02330;;MANGA JACKSON SAFETY G60 KEVLAR;PAR;1;PAR;PAR x 1 UND;1;1;1
PRD02331;TAPA ENVASE DE ALUMINIO 1000 CC 500 UND;UND;;PRD02331;;TAPA ENVASE DE ALUMINIO 1000 CC 500 UND;PAQUETE;500;PAQUETE;PAQUETE x 500 UND;1;1;1
PRD02332;VASO DESCARTABLE POLIPAPEL BLANCO CON TAPA 8 OZ MILLAR;UND;;PRD02332;;VASO DESCARTABLE POLIPAPEL BLANCO CON TAPA 8 OZ MILLAR;PAQUETE;1000;PAQUETE;PAQUETE x 1000 UND;1;1;1
PRD02333;VASO DESCARTABLE POLIPAPEL BLANCO 8 OZ MILLAR;UND;;PRD02333;;VASO DESCARTABLE POLIPAPEL BLANCO 8 OZ MILLAR;PAQUETE;1000;PAQUETE;PAQUETE x 1000 UND;1;1;1
PRD02334;TAZA PARA CAFE EXPRESSO CON LOGO (1 COLOR) MILLAR 4 OZ;UND;;PRD02334;;TAZA PARA CAFE EXPRESSO CON LOGO (1 COLOR) MILLAR 4 OZ;PAQUETE;1000;PAQUETE;PAQUETE x 1000 UND;1;1;1
PRD02335;TAZA PARA CAFE EXPRESSO MILANO MILLAR 3 OZ;UND;;PRD02335;;TAZA PARA CAFE EXPRESSO MILANO MILLAR 3 OZ;PAQUETE;1000;PAQUETE;PAQUETE x 1000 UND;1;1;1
PRD02336;JACKET LINNER COLOR PARA VASO LOGO 1 9 OZ MILLAR;UND;;PRD02336;;JACKET LINNER COLOR PARA VASO LOGO 1 9 OZ MILLAR;PAQUETE;1000;PAQUETE;PAQUETE x 1000 UND;1;1;1
PRD02337;VASO DESCARTABLE POLIPAPEL BLANCO 9 OZ MILLAR;UND;;PRD02337;;VASO DESCARTABLE POLIPAPEL BLANCO 9 OZ MILLAR;PAQUETE;1000;PAQUETE;PAQUETE x 1000 UND;1;1;1
PRD02338;JACKET LINNER NATURAL PARA VASO 9 OZ MILLAR;UND;;PRD02338;;JACKET LINNER NATURAL PARA VASO 9 OZ MILLAR;PAQUETE;1000;PAQUETE;PAQUETE x 1000 UND;1;1;1
PRD02339;VASO DESCARTABLE POLIPAPEL BLANCO PANAMERICANOS 8 OZ MILLAR;UND;;PRD02339;;VASO DESCARTABLE POLIPAPEL BLANCO PANAMERICANOS 8 OZ MILLAR;PAQUETE;1000;PAQUETE;PAQUETE x 1000 UND;1;1;1
PRD02340;VASO DESCARTABLE POLIPAPEL BLANCO SIN TAPA 8 OZ MILLAR;UND;;PRD02340;;VASO DESCARTABLE POLIPAPEL BLANCO SIN TAPA 8 OZ MILLAR;PAQUETE;1000;PAQUETE;PAQUETE x 1000 UND;1;1;1
PRD02341;TAPA VASO DESCARTABLE POLIPAPEL BLANCO/NEGRO 8 OZ MILLAR;UND;;PRD02341;;TAPA VASO DESCARTABLE POLIPAPEL BLANCO/NEGRO 8 OZ MILLAR;PAQUETE;1000;PAQUETE;PAQUETE x 1000 UND;1;1;1
PRD02342;CAPUCHA DESCARTABLE 1/ 2 CAMPANA STANDAR 12 G/M2 R&G CAJA X 100 UND;UND;;PRD02342;;CAPUCHA DESCARTABLE 1/ 2 CAMPANA STANDAR 12 G/M2 R&G CAJA X 100 UND;BOLSA;100;BOLSA;BOLSA x 100 UND;1;1;1
PRD02343;TOCA TIPO TIRA (CAJA X 100 UND);UND;;PRD02343;;TOCA TIPO TIRA (CAJA X 100 UND);CAJA;100;CAJA;CAJA x 100 UND;1;1;1
PRD02344;TOCA TIPO TIRA DESCARTABLE BLANCA R&G CAJA X 100 UND;UND;;PRD02344;;TOCA TIPO TIRA DESCARTABLE BLANCA R&G CAJA X 100 UND;CAJA;100;CAJA;CAJA x 100 UND;1;1;1
PRD02345;CAPUCHA DESCARTABLE 1/ 2 CAMPANA STANDAR 100 UND;UND;;PRD02345;;CAPUCHA DESCARTABLE 1/ 2 CAMPANA STANDAR 100 UND;BOLSA;100;BOLSA;BOLSA x 100 UND;1;1;1
PRD02346;GUANTE DE NITRILO LIBRE DE POLVO NACOSA 100 UND TALLA L;UND;;PRD02346;;GUANTE DE NITRILO LIBRE DE POLVO NACOSA 100 UND TALLA L;CAJA;100;CAJA;CAJA x 100 UND;1;1;1
PRD02347;GUANTE DE NITRILO LIBRE DE POLVO NACOSA 100 UND TALLA S;UND;;PRD02347;;GUANTE DE NITRILO LIBRE DE POLVO NACOSA 100 UND TALLA S;CAJA;100;CAJA;CAJA x 100 UND;1;1;1
PRD02348;GUANTE DE NITRILO LIBRE DE POLVO ULTRASOFT 100 UND TALLA S;UND;;PRD02348;;GUANTE DE NITRILO LIBRE DE POLVO ULTRASOFT 100 UND TALLA S;CAJA;100;CAJA;CAJA x 100 UND;1;1;1
PRD02349;GUANTE DE NITRILO LIBRE DE POLVO ULTRASOFT 100 UND TALLA M;UND;;PRD02349;;GUANTE DE NITRILO LIBRE DE POLVO ULTRASOFT 100 UND TALLA M;CAJA;100;CAJA;CAJA x 100 UND;1;1;1
PRD02350;GUANTE DE NITRILO LIBRE DE POLVO ULTRASOFT 100 UND TALLA L;UND;;PRD02350;;GUANTE DE NITRILO LIBRE DE POLVO ULTRASOFT 100 UND TALLA L;CAJA;100;CAJA;CAJA x 100 UND;1;1;1
PRD02351;GUANTE DE NITRILO LIBRE DE POLVO CELESTE R&G CAJA X 100 UND TALLA S;UND;;PRD02351;;GUANTE DE NITRILO LIBRE DE POLVO CELESTE R&G CAJA X 100 UND TALLA S;CAJA;100;CAJA;CAJA x 100 UND;1;1;1
PRD02352;GUANTES DE POLIETILENO DESC R&G CAJA X 100 UNIDADES T M;UND;;PRD02352;;GUANTES DE POLIETILENO DESC R&G CAJA X 100 UNIDADES T M;CAJA;100;CAJA;CAJA x 100 UND;1;1;1
PRD02353;GUANTES DE POLIETILENO DESC R&G CAJA X 100 UNIDADES T L;UND;;PRD02353;;GUANTES DE POLIETILENO DESC R&G CAJA X 100 UNIDADES T L;CAJA;100;CAJA;CAJA x 100 UND;1;1;1
PRD02354;GUANTE DE NITRILO LIBRE DE POLVO CELESTE FAMILY DOCTOR CAJA X 100 UND TALLA L;UND;;PRD02354;;GUANTE DE NITRILO LIBRE DE POLVO CELESTE FAMILY DOCTOR CAJA X 100 UND TALLA L;CAJA;100;CAJA;CAJA x 100 UND;1;1;1
PRD02355;GUANTE DE NITRILO LIBRE DE POLVO CELESTE FAMILY DOCTOR CAJA X 100 UND TALLA M;UND;;PRD02355;;GUANTE DE NITRILO LIBRE DE POLVO CELESTE FAMILY DOCTOR CAJA X 100 UND TALLA M;CAJA;100;CAJA;CAJA x 100 UND;1;1;1
PRD02356;GUANTE DE NITRILO LIBRE DE POLVO CELESTE FAMILY DOCTOR CAJA X 100 UND TALLA S;UND;;PRD02356;;GUANTE DE NITRILO LIBRE DE POLVO CELESTE FAMILY DOCTOR CAJA X 100 UND TALLA S;CAJA;100;CAJA;CAJA x 100 UND;1;1;1
PRD02357;GUANTE DE NITRILO LIBRE DE POLVO CELESTE FAMILY DOCTOR CAJA X 75 UND TALLA S;UND;;PRD02357;;GUANTE DE NITRILO LIBRE DE POLVO CELESTE FAMILY DOCTOR CAJA X 75 UND TALLA S;CAJA;75;CAJA;CAJA x 75 UND;1;1;1
PRD02358;GUANTE DE NITRILO LIBRE DE POLVO CELESTE FAMILY DOCTOR CAJA X 75 UND TALLA M;UND;;PRD02358;;GUANTE DE NITRILO LIBRE DE POLVO CELESTE FAMILY DOCTOR CAJA X 75 UND TALLA M;CAJA;75;CAJA;CAJA x 75 UND;1;1;1
PRD02359;GUANTE DE NITRILO LIBRE DE POLVO CELESTE FAMILY DOCTOR CAJA X 75 UND TALLA L;UND;;PRD02359;;GUANTE DE NITRILO LIBRE DE POLVO CELESTE FAMILY DOCTOR CAJA X 75 UND TALLA L;CAJA;75;CAJA;CAJA x 75 UND;1;1;1
PRD02360;GUANTE DE NITRILO CELESTE MAKETTO ISUDAMERICA CAJA X 100 UND T M;UND;;PRD02360;;GUANTE DE NITRILO CELESTE MAKETTO ISUDAMERICA CAJA X 100 UND T M;CAJA;100;CAJA;CAJA x 100 UND;1;1;1
PRD02361;GUANTE DE NITRILO CELESTE MAKETTO ISUDAMERICA CAJA X 100 UND T L;UND;;PRD02361;;GUANTE DE NITRILO CELESTE MAKETTO ISUDAMERICA CAJA X 100 UND T L;CAJA;100;CAJA;CAJA x 100 UND;1;1;1
PRD02362;GUANTE DE NITRILO CELESTE 3.5GR MAKETTO TALLA L X100UND;UND;;PRD02362;;GUANTE DE NITRILO CELESTE 3.5GR MAKETTO TALLA L X100UND;PAQUETE;100;PAQUETE;PAQUETE x 100 UND;1;1;1
PRD02363;GUANTE DE VINILO M 100 UND;UND;;PRD02363;;GUANTE DE VINILO M 100 UND;CAJA;100;CAJA;CAJA x 100 UND;1;1;1
PRD02364;GUANTE DE VINILO S 100 UND;UND;;PRD02364;;GUANTE DE VINILO S 100 UND;CAJA;100;CAJA;CAJA x 100 UND;1;1;1
PRD02365;GUANTE DE VINILO L 100 UND;UND;;PRD02365;;GUANTE DE VINILO L 100 UND;CAJA;100;CAJA;CAJA x 100 UND;1;1;1
PRD02366;GUANTE DE NITRILO LIBRE DE POLVO 100 UND TALLA L;UND;;PRD02366;;GUANTE DE NITRILO LIBRE DE POLVO 100 UND TALLA L;CAJA;100;CAJA;CAJA x 100 UND;1;1;1
PRD02367;GUANTE DE NITRILO LIBRE DE POLVO 100 UND TALLA M;UND;;PRD02367;;GUANTE DE NITRILO LIBRE DE POLVO 100 UND TALLA M;CAJA;100;CAJA;CAJA x 100 UND;1;1;1
PRD02368;GUANTE DE NITRILO LIBRE DE POLVO 100 UND TALLA S;UND;;PRD02368;;GUANTE DE NITRILO LIBRE DE POLVO 100 UND TALLA S;CAJA;100;CAJA;CAJA x 100 UND;1;1;1
PRD02369;GUANTE DE VINILO AZUL 100 UND TALLA S;UND;;PRD02369;;GUANTE DE VINILO AZUL 100 UND TALLA S;CAJA;100;CAJA;CAJA x 100 UND;1;1;1
PRD02370;GUANTE DE VINILO AZUL 100 UND TALLA M;UND;;PRD02370;;GUANTE DE VINILO AZUL 100 UND TALLA M;CAJA;100;CAJA;CAJA x 100 UND;1;1;1
PRD02371;GUANTE DE VINILO AZUL 100 UND TALLA L;UND;;PRD02371;;GUANTE DE VINILO AZUL 100 UND TALLA L;CAJA;100;CAJA;CAJA x 100 UND;1;1;1
PRD02372;GUANTE DE NITRILO LIBRE DE POLVO CELESTE R&G CAJ X 100 UND TALLA S;UND;;PRD02372;;GUANTE DE NITRILO LIBRE DE POLVO CELESTE R&G CAJ X 100 UND TALLA S;CAJA;1;CAJA;CAJA x 1 UND;1;1;1
PRD02373;GUANTE DE NITRILO LIBRE DE POLVO VERDE R&G CAJA X 100 UND TALLA S;UND;;PRD02373;;GUANTE DE NITRILO LIBRE DE POLVO VERDE R&G CAJA X 100 UND TALLA S;CAJA;100;CAJA;CAJA x 100 UND;1;1;1
PRD02374;GUANTE DE NITRILO LIBRE DE POLVO CELESTE R&G CAJA X 100 UND TALLA M;UND;;PRD02374;;GUANTE DE NITRILO LIBRE DE POLVO CELESTE R&G CAJA X 100 UND TALLA M;CAJA;100;CAJA;CAJA x 100 UND;1;1;1
PRD02375;GUANTE DE NITRILO LIBRE DE POLVO CELESTE R&G CAJA X 100 UND TALLA L;UND;;PRD02375;;GUANTE DE NITRILO LIBRE DE POLVO CELESTE R&G CAJA X 100 UND TALLA L;CAJA;100;CAJA;CAJA x 100 UND;1;1;1
PRD02376;GUANTE DE NITRILO LIBRE DE POLVO VERDE R&G CAJA X 100 UND TALLA M;UND;;PRD02376;;GUANTE DE NITRILO LIBRE DE POLVO VERDE R&G CAJA X 100 UND TALLA M;CAJA;100;CAJA;CAJA x 100 UND;1;1;1
PRD02377;GUANTE DE NITRILO GOLD GUARD AZUL 4500 CJ 100 UN T M;UND;;PRD02377;;GUANTE DE NITRILO GOLD GUARD AZUL 4500 CJ 100 UN T M;CAJA;100;CAJA;CAJA x 100 UND;1;1;1
PRD02378;GUANTE DE NITRILO GOLD GUARD AZUL 4500 CJ 100 UN T S;UND;;PRD02378;;GUANTE DE NITRILO GOLD GUARD AZUL 4500 CJ 100 UN T S;CAJA;100;CAJA;CAJA x 100 UND;1;1;1
PRD02379;GUANTE DE NITRILO NINJA EXPLORER CJ 100 UN T L;UND;;PRD02379;;GUANTE DE NITRILO NINJA EXPLORER CJ 100 UN T L;CAJA;100;CAJA;CAJA x 100 UND;1;1;1
PRD02380;GUANTE DE NITRILO NINJA EXPLORER CJ 100 UN T M;UND;;PRD02380;;GUANTE DE NITRILO NINJA EXPLORER CJ 100 UN T M;CAJA;100;CAJA;CAJA x 100 UND;1;1;1
PRD02381;GUANTES DE NITRILO HONEYWELL CJ 100 UN T M;UND;;PRD02381;;GUANTES DE NITRILO HONEYWELL CJ 100 UN T M;CAJA;100;CAJA;CAJA x 100 UND;1;1;1
PRD02382;GUANTES DE NITRILO HONEYWELL CJ 100 UN T L;UND;;PRD02382;;GUANTES DE NITRILO HONEYWELL CJ 100 UN T L;CAJA;100;CAJA;CAJA x 100 UND;1;1;1
PRD02383;GUANTE DE NITRILO FLUMINSA 4.2 CELESTES T L CJ 100 UN;UND;;PRD02383;;GUANTE DE NITRILO FLUMINSA 4.2 CELESTES T L CJ 100 UN;CAJA;100;CAJA;CAJA x 100 UND;1;1;1
PRD02384;MASCARILLA 3 PLIEGUES PREMIUM VALMASK CJ 50 UN;UND;;PRD02384;;MASCARILLA 3 PLIEGUES PREMIUM VALMASK CJ 50 UN;PAQUETE;50;PAQUETE;PAQUETE x 50 UND;1;1;1
PRD02385;MASCARILLA 3 PLIEGUES FAMILY DOCTOR CJ X 50 UND;UND;;PRD02385;;MASCARILLA 3 PLIEGUES FAMILY DOCTOR CJ X 50 UND;PAQUETE;50;PAQUETE;PAQUETE x 50 UND;1;1;1
PRD02386;MASCARILLA KN95 SHYLAR CJ 100 UN;UND;;PRD02386;;MASCARILLA KN95 SHYLAR CJ 100 UN;CAJA;100;CAJA;CAJA x 100 UND;1;1;1
PRD02387;MASCARILLA ASEPTICA 50 UND;UND;;PRD02387;;MASCARILLA ASEPTICA 50 UND;CAJA;50;CAJA;CAJA x 50 UND;1;1;1
PRD02388;MASCARILLA DESCARTABLE AZUL/BLANCO PK 50 UN;UND;;PRD02388;;MASCARILLA DESCARTABLE AZUL/BLANCO PK 50 UN;CAJA;50;CAJA;CAJA x 50 UND;1;1;1
PRD02389;MASCARILLA N95 TIPO C R&G CAJA X 50 UND;UND;;PRD02389;;MASCARILLA N95 TIPO C R&G CAJA X 50 UND;CAJA;50;CAJA;CAJA x 50 UND;1;1;1
PRD02390;MASCARILLA DESCARTABLE CAJ X 50 UND;UND;;PRD02390;;MASCARILLA DESCARTABLE CAJ X 50 UND;CAJA;50;CAJA;CAJA x 50 UND;1;1;1
PRD02391;MASCARILLA 3 PLIEGUES VIC CAJA X50UND;UND;;PRD02391;;MASCARILLA 3 PLIEGUES VIC CAJA X50UND;CAJA;50;CAJA;CAJA x 50 UND;1;1;1
PRD02392;PROTECTOR FACIAL WORK 0.4MM;UND;;PRD02392;;PROTECTOR FACIAL WORK 0.4MM;UNIDAD;1;UNIDAD;UNIDAD x 1 UND;1;1;1
PRD02393;MASCARILLA KN95 GP CAJA X 10 UND;UND;;PRD02393;;MASCARILLA KN95 GP CAJA X 10 UND;CAJA;10;CAJA;CAJA x 10 UND;1;1;1
PRD02394;MASCARILLA 3 PLIEGUES GP CJ X 50 UND;UND;;PRD02394;;MASCARILLA 3 PLIEGUES GP CJ X 50 UND;PAQUETE;50;PAQUETE;PAQUETE x 50 UND;1;1;1
PRD02395;MASCARILLA 3 PLIEGUES FACE MASK CJ X 50 UND;UND;;PRD02395;;MASCARILLA 3 PLIEGUES FACE MASK CJ X 50 UND;PAQUETE;50;PAQUETE;PAQUETE x 50 UND;1;1;1
PRD02396;MASCARILLA 3 PLIEGUES LINK TEK CJ 50 UN;UND;;PRD02396;;MASCARILLA 3 PLIEGUES LINK TEK CJ 50 UN;PAQUETE;50;PAQUETE;PAQUETE x 50 UND;1;1;1
PRD02397;MASCARILLA 3 PLIEGUES DEYSA CARE CJ 50 UN;UND;;PRD02397;;MASCARILLA 3 PLIEGUES DEYSA CARE CJ 50 UN;PAQUETE;50;PAQUETE;PAQUETE x 50 UND;1;1;1
PRD02398;CONTENEDOR TERMICO D4051XX CT3 200 UND;UND;;PRD02398;;CONTENEDOR TERMICO D4051XX CT3 200 UND;PAQUETE;200;PAQUETE;PAQUETE x 200 UND;1;1;1
PRD02399;CONTENEDOR TERMICO D4031XX CT5 200 UND;UND;;PRD02399;;CONTENEDOR TERMICO D4031XX CT5 200 UND;PAQUETE;200;PAQUETE;PAQUETE x 200 UND;1;1;1
PRD02400;ENVASE SOPERO DE TECNOPOR 12 OZ 100 UND;UND;;PRD02400;;ENVASE SOPERO DE TECNOPOR 12 OZ 100 UND;PAQUETE;100;PAQUETE;PAQUETE x 100 UND;1;1;1
PRD02401;PLATO TENDIDO PARA SEGUNDO TECNOPOR # 22 200 UND;UND;;PRD02401;;PLATO TENDIDO PARA SEGUNDO TECNOPOR # 22 200 UND;PAQUETE;200;PAQUETE;PAQUETE x 200 UND;1;1;1
PRD02402;PLATO TENDIDO PARA SEGUNDO TECNOPOR # 22 MILLAR;UND;;PRD02402;;PLATO TENDIDO PARA SEGUNDO TECNOPOR # 22 MILLAR;PAQUETE;1000;PAQUETE;PAQUETE x 1000 UND;1;1;1
PRD02403;VASO POLIPAPEL 8 OZ C/DISEÑO BEBIDAS CALIENTES X MILLAR;UND;;PRD02403;;VASO POLIPAPEL 8 OZ C/DISEÑO BEBIDAS CALIENTES X MILLAR;PAQUETE;1000;PAQUETE;PAQUETE x 1000 UND;1;1;1
PRD02404;TAPA PARA VASO POLIPAPEL 8 OZ C/DISEÑO BEBIDAS CALIENTES X MILLAR;UND;;PRD02404;;TAPA PARA VASO POLIPAPEL 8 OZ C/DISEÑO BEBIDAS CALIENTES X MILLAR;PAQUETE;1000;PAQUETE;PAQUETE x 1000 UND;1;1;1
PRD02405;VASO DESCARTABLE TECNOPOR 10 OZ MILLAR;UND;;PRD02405;;VASO DESCARTABLE TECNOPOR 10 OZ MILLAR;PAQUETE;1000;PAQUETE;PAQUETE x 1000 UND;1;1;1
PRD02406;MONDADIENTES PQT X 2500 UND;UND;;PRD02406;;MONDADIENTES PQT X 2500 UND;PAQUETE;2500;PAQUETE;PAQUETE x 2500 UND;1;1;1
PRD02407;MONDADIENTES BAMBÚ DOBLE PUNTA BOLSA X 250 UND;UND;;PRD02407;;MONDADIENTES BAMBÚ DOBLE PUNTA BOLSA X 250 UND;CAJA;250;CAJA;CAJA x 250 UND;1;1;1
PRD02408;PIROTINES PARA POSTRE #8 X MILLAR;UND;;PRD02408;;PIROTINES PARA POSTRE #8 X MILLAR;PAQUETE;1000;PAQUETE;PAQUETE x 1000 UND;1;1;1
PRD02409;MONDADIENTES CANDY 200 UND;UND;;PRD02409;;MONDADIENTES CANDY 200 UND;CAJA;200;CAJA;CAJA x 200 UND;1;1;1
PRD02410;REMOVEDOR MADERA GRANDE PARA CAFE MILLAR;UND;;PRD02410;;REMOVEDOR MADERA GRANDE PARA CAFE MILLAR;PAQUETE;1000;PAQUETE;PAQUETE x 1000 UND;1;1;1
PRD02411;PORTAVASO CARTON (1 COLOR) MILLAR;UND;;PRD02411;;PORTAVASO CARTON (1 COLOR) MILLAR;PAQUETE;1000;PAQUETE;PAQUETE x 1000 UND;1;1;1
PRD02412;CARTON PROTECTOR PARA VASO ( JACQUET) CON LOGO A;UND;;PRD02412;;CARTON PROTECTOR PARA VASO ( JACQUET) CON LOGO A;PAQUETE;1000;PAQUETE;PAQUETE x 1000 UND;1;1;1
PRD02413;PALITOS DE BROCHETA 20 CM 100 UND;UND;;PRD02413;;PALITOS DE BROCHETA 20 CM 100 UND;PAQUETE;100;PAQUETE;PAQUETE x 100 UND;1;1;1
PRD02414;MONDADIENTES CON ENVOLTURA X MILLAR;UND;;PRD02414;;MONDADIENTES CON ENVOLTURA X MILLAR;PAQUETE;1000;PAQUETE;PAQUETE x 1000 UND;1;1;1
PRD02415;PALITOS DE BROCHETA 24 CM MILLAR;UND;;PRD02415;;PALITOS DE BROCHETA 24 CM MILLAR;PAQUETE;1000;PAQUETE;PAQUETE x 1000 UND;1;1;1
PRD02416;CONTENEDOR DE BAGAZO J1 #5 X 250 UND;UND;;PRD02416;;CONTENEDOR DE BAGAZO J1 #5 X 250 UND;PAQUETE;250;PAQUETE;PAQUETE x 250 UND;1;1;1
PRD02417;CONTENEDOR DE BAGAZO P1 #3 X 200 UND;UND;;PRD02417;;CONTENEDOR DE BAGAZO P1 #3 X 200 UND;PAQUETE;200;PAQUETE;PAQUETE x 200 UND;1;1;1
PRD02418;CONTENEDOR DE BAGAZO J1 #5 X 200 UND;UND;;PRD02418;;CONTENEDOR DE BAGAZO J1 #5 X 200 UND;PAQUETE;200;PAQUETE;PAQUETE x 200 UND;1;1;1
PRD02419;ENVASE SALAD BOWL DE BAMBU 1000 ML SIN TAPA X 300 UND;UND;;PRD02419;;ENVASE SALAD BOWL DE BAMBU 1000 ML SIN TAPA X 300 UND;PAQUETE;300;PAQUETE;PAQUETE x 300 UND;1;1;1
PRD02420;ENVASE SOPERO DE BAMBU 8 OZ SIN TAPA X 500 UND;UND;;PRD02420;;ENVASE SOPERO DE BAMBU 8 OZ SIN TAPA X 500 UND;PAQUETE;500;PAQUETE;PAQUETE x 500 UND;1;1;1
PRD02421;TAPA PARA ENVASE SOPERO DE BAMBU 8 OZ X 500 UND;UND;;PRD02421;;TAPA PARA ENVASE SOPERO DE BAMBU 8 OZ X 500 UND;PAQUETE;500;PAQUETE;PAQUETE x 500 UND;1;1;1
PRD02422;PLATO TENDIDO DE BAGAZO #18 X MILLAR (EMER);UND;;PRD02422;;PLATO TENDIDO DE BAGAZO #18 X MILLAR (EMER);PAQUETE;1000;PAQUETE;PAQUETE x 1000 UND;1;1;1
PRD02423;CAJA PARA PIZZA 20 X 20 CM 100 UND;UND;;PRD02423;;CAJA PARA PIZZA 20 X 20 CM 100 UND;PAQUETE;100;PAQUETE;PAQUETE x 100 UND;1;1;1
PRD02424;CONTENEDOR BIODEGRADABLE FIBRA # 5 200 UND;UND;;PRD02424;;CONTENEDOR BIODEGRADABLE FIBRA # 5 200 UND;PAQUETE;200;PAQUETE;PAQUETE x 200 UND;1;1;1
PRD02425;BOWL DE SOPA BIO DEGRADABLE 16 OZ X MLL;UND;;PRD02425;;BOWL DE SOPA BIO DEGRADABLE 16 OZ X MLL;PAQUETE;1000;PAQUETE;PAQUETE x 1000 UND;1;1;1
PRD02426;CONTENEDOR DE FIBRA # 4 KS BAGAZO CANA X MILL;UND;;PRD02426;;CONTENEDOR DE FIBRA # 4 KS BAGAZO CANA X MILL;PAQUETE;1000;PAQUETE;PAQUETE x 1000 UND;1;1;1
PRD02427;BOWL DE SOPA BIO DEGRADABLE 16 OZ X 500UND;UND;;PRD02427;;BOWL DE SOPA BIO DEGRADABLE 16 OZ X 500UND;PAQUETE;500;PAQUETE;PAQUETE x 500 UND;1;1;1
PRD02428;CONTENEDOR DE FRIBRA # 4 KS BAGAZO CANA X 200UND;UND;;PRD02428;;CONTENEDOR DE FRIBRA # 4 KS BAGAZO CANA X 200UND;PAQUETE;200;PAQUETE;PAQUETE x 200 UND;1;1;1
PRD02429;CUY ENTERO CONGELADO;KG;;PRD02429;;CUY ENTERO CONGELADO;KILOGRAMO;1;KILOGRAMO;KILOGRAMO x 1 KG;1;1;1
PRD02430;ACELGA;KG;;PRD02430;;ACELGA;KILOGRAMO;1;KILOGRAMO;KILOGRAMO x 1 KG;1;1;1
PRD02431;ALAS DE POLLO CONGELADO;KG;;PRD02431;;ALAS DE POLLO CONGELADO;KILOGRAMO;1;KILOGRAMO;KILOGRAMO x 1 KG;1;1;1
PRD02432;LECHUGA AMERICANA;KG;;PRD02432;;LECHUGA AMERICANA;KILOGRAMO;1;KILOGRAMO;KILOGRAMO x 1 KG;1;1;1
PRD02433;MOLLEJA DE POLLO CONGELADO;KG;;PRD02433;;MOLLEJA DE POLLO CONGELADO;KILOGRAMO;1;KILOGRAMO;KILOGRAMO x 1 KG;1;1;1
PRD02434;DMQ SPARTAN 1 LITRO;L;;PRD02434;;DMQ SPARTAN 1 LITRO;LITRO;1;LITRO;LITRO x 1 L;1;1;1
PRD02435;CLEAN BY PEROXY SPARTAN 1 LITRO;L;;PRD02435;;CLEAN BY PEROXY SPARTAN 1 LITRO;LITRO;1;LITRO;LITRO x 1 L;1;1;1
PRD02436;ACIDO MLD ECO SPARTAN 1 LITRO;L;;PRD02436;;ACIDO MLD ECO SPARTAN 1 LITRO;LITRO;1;LITRO;LITRO x 1 L;1;1;1
PRD02437;AIRLIFT SPARTAN 1 LITRO;L;;PRD02437;;AIRLIFT SPARTAN 1 LITRO;LITRO;1;LITRO;LITRO x 1 L;1;1;1
PRD02438;DAMP MOP SPARTAN 1 LITRO;L;;PRD02438;;DAMP MOP SPARTAN 1 LITRO;LITRO;1;LITRO;LITRO x 1 L;1;1;1
PRD02439;YELLOW PINE SPARTAN 1 LITRO;L;;PRD02439;;YELLOW PINE SPARTAN 1 LITRO;LITRO;1;LITRO;LITRO x 1 L;1;1;1
PRD02440;SILICONA SHINE PLUS SPARTAN 1 LITRO;L;;PRD02440;;SILICONA SHINE PLUS SPARTAN 1 LITRO;LITRO;1;LITRO;LITRO x 1 L;1;1;1
PRD02441;ECODESENGRASANTE FP SPARTAN 1 LITRO;L;;PRD02441;;ECODESENGRASANTE FP SPARTAN 1 LITRO;LITRO;1;LITRO;LITRO x 1 L;1;1;1
PRD02442;SANI DRY SPARTAN 1 LITRO;L;;PRD02442;;SANI DRY SPARTAN 1 LITRO;LITRO;1;LITRO;LITRO x 1 L;1;1;1
PRD02443;BRASS POLISH SPARTAN 1 LITRO;L;;PRD02443;;BRASS POLISH SPARTAN 1 LITRO;LITRO;1;LITRO;LITRO x 1 L;1;1;1
PRD02444;CLEAN BY 4D SPARTAN 3.875 LITROS;L;;PRD02444;;CLEAN BY 4D SPARTAN 3.875 LITROS;GALON;3.875;GALON;GALON x 3.875 L;1;1;1
PRD02445;TB CIDE QUAT SPARTAN 3.875 LITROS;L;;PRD02445;;TB CIDE QUAT SPARTAN 3.875 LITROS;GALON;3.875;GALON;GALON x 3.875 L;1;1;1
PRD02446;DMQ SPARTAN 3.875 LITROS;L;;PRD02446;;DMQ SPARTAN 3.875 LITROS;GALON;3.875;GALON;GALON x 3.875 L;1;1;1
PRD02447;CLEAN BY PEROXY SPARTAN 3.875 LITROS;L;;PRD02447;;CLEAN BY PEROXY SPARTAN 3.875 LITROS;GALON;3.875;GALON;GALON x 3.875 L;1;1;1
PRD02448;ACIDO MLD ECO SPARTAN 3.875 LITROS;L;;PRD02448;;ACIDO MLD ECO SPARTAN 3.875 LITROS;GALON;3.875;GALON;GALON x 3.875 L;1;1;1
PRD02449;AIRLIFT SPARTAN 3.875 LITROS;L;;PRD02449;;AIRLIFT SPARTAN 3.875 LITROS;GALON;3.875;GALON;GALON x 3.875 L;1;1;1
PRD02450;DAMP MOP SPARTAN 3.875 LITROS;L;;PRD02450;;DAMP MOP SPARTAN 3.875 LITROS;GALON;3.875;GALON;GALON x 3.875 L;1;1;1
PRD02451;YELLOW PINE SPARTAN 3.875 LITROS;L;;PRD02451;;YELLOW PINE SPARTAN 3.875 LITROS;GALON;3.875;GALON;GALON x 3.875 L;1;1;1
PRD02452;SILICONA SHINE PLUS SPARTAN 3.875 LITROS;L;;PRD02452;;SILICONA SHINE PLUS SPARTAN 3.875 LITROS;GALON;3.875;GALON;GALON x 3.875 L;1;1;1
PRD02453;DUST MOP SPARTAN 3.875 LITROS;L;;PRD02453;;DUST MOP SPARTAN 3.875 LITROS;GALON;3.875;GALON;GALON x 3.875 L;1;1;1
PRD02454;ECODESENGRASANTE FP SPARTAN 3.875 LITROS;L;;PRD02454;;ECODESENGRASANTE FP SPARTAN 3.875 LITROS;GALON;3.875;GALON;GALON x 3.875 L;1;1;1
PRD02455;SANI T 10 FRESH SPARTAN 3.875 LITROS;L;;PRD02455;;SANI T 10 FRESH SPARTAN 3.875 LITROS;GALON;3.875;GALON;GALON x 3.875 L;1;1;1
PRD02456;SANI DRY SPARTAN 3.875 LITROS;L;;PRD02456;;SANI DRY SPARTAN 3.875 LITROS;GALON;3.875;GALON;GALON x 3.875 L;1;1;1
PRD02457;CLEAN BY 4D SPARTAN 5 LITROS;L;;PRD02457;;CLEAN BY 4D SPARTAN 5 LITROS;UNIDAD;5;UNIDAD;UNIDAD x 5 L;1;1;1
PRD02458;TB CIDE QUAT SPARTAN 5 LITROS;L;;PRD02458;;TB CIDE QUAT SPARTAN 5 LITROS;UNIDAD;5;UNIDAD;UNIDAD x 5 L;1;1;1
PRD02459;DMQ SPARTAN 5 LITROS;L;;PRD02459;;DMQ SPARTAN 5 LITROS;UNIDAD;5;UNIDAD;UNIDAD x 5 L;1;1;1
PRD02460;CLEAN BY PEROXY SPARTAN 5 LITROS;L;;PRD02460;;CLEAN BY PEROXY SPARTAN 5 LITROS;UNIDAD;5;UNIDAD;UNIDAD x 5 L;1;1;1
PRD02461;ACIDO MLD ECO SPARTAN 5 LITROS;L;;PRD02461;;ACIDO MLD ECO SPARTAN 5 LITROS;UNIDAD;5;UNIDAD;UNIDAD x 5 L;1;1;1
PRD02462;AIRLIFT SPARTAN 5 LITROS;L;;PRD02462;;AIRLIFT SPARTAN 5 LITROS;UNIDAD;5;UNIDAD;UNIDAD x 5 L;1;1;1
PRD02463;DAMP MOP SPARTAN 5 LITROS;L;;PRD02463;;DAMP MOP SPARTAN 5 LITROS;UNIDAD;5;UNIDAD;UNIDAD x 5 L;1;1;1
PRD02464;YELLOW PINE SPARTAN 5 LITROS;L;;PRD02464;;YELLOW PINE SPARTAN 5 LITROS;UNIDAD;5;UNIDAD;UNIDAD x 5 L;1;1;1
PRD02465;SILICONA SHINE PLUS SPARTAN 5 LITROS;L;;PRD02465;;SILICONA SHINE PLUS SPARTAN 5 LITROS;UNIDAD;5;UNIDAD;UNIDAD x 5 L;1;1;1
PRD02466;DUST MOP SPARTAN 5 LITROS;L;;PRD02466;;DUST MOP SPARTAN 5 LITROS;UNIDAD;5;UNIDAD;UNIDAD x 5 L;1;1;1
PRD02467;ECODESENGRASANTE FP SPARTAN 5 LITROS;L;;PRD02467;;ECODESENGRASANTE FP SPARTAN 5 LITROS;UNIDAD;5;UNIDAD;UNIDAD x 5 L;1;1;1
PRD02468;SANI T 10 FRESH SPARTAN 5 LITROS;L;;PRD02468;;SANI T 10 FRESH SPARTAN 5 LITROS;UNIDAD;5;UNIDAD;UNIDAD x 5 L;1;1;1
PRD02469;SANI DRY SPARTAN 5 LITROS;L;;PRD02469;;SANI DRY SPARTAN 5 LITROS;UNIDAD;5;UNIDAD;UNIDAD x 5 L;1;1;1
PRD02470;CLEAN BY 4D SPARTAN 19 LITROS;L;;PRD02470;;CLEAN BY 4D SPARTAN 19 LITROS;BIDON;19;BIDON;BIDON x 19 L;1;1;1
PRD02471;TB CIDE QUAT SPARTAN 19 LITROS;L;;PRD02471;;TB CIDE QUAT SPARTAN 19 LITROS;BIDON;19;BIDON;BIDON x 19 L;1;1;1
PRD02472;DMQ SPARTAN 19 LITROS;L;;PRD02472;;DMQ SPARTAN 19 LITROS;BIDON;19;BIDON;BIDON x 19 L;1;1;1
PRD02473;CLEAN BY PEROXY SPARTAN 19 LITROS;L;;PRD02473;;CLEAN BY PEROXY SPARTAN 19 LITROS;BIDON;19;BIDON;BIDON x 19 L;1;1;1
PRD02474;ACIDO MLD ECO SPARTAN 19 LITROS;L;;PRD02474;;ACIDO MLD ECO SPARTAN 19 LITROS;BIDON;19;BIDON;BIDON x 19 L;1;1;1
PRD02475;AIRLIFT SPARTAN 19 LITROS;L;;PRD02475;;AIRLIFT SPARTAN 19 LITROS;BIDON;19;BIDON;BIDON x 19 L;1;1;1
PRD02476;DAMP MOP SPARTAN 19 LITROS;L;;PRD02476;;DAMP MOP SPARTAN 19 LITROS;BIDON;19;BIDON;BIDON x 19 L;1;1;1
PRD02477;YELLOW PINE SPARTAN 19 LITROS;L;;PRD02477;;YELLOW PINE SPARTAN 19 LITROS;BIDON;19;BIDON;BIDON x 19 L;1;1;1
PRD02478;SILICONA SHINE PLUS SPARTAN 19 LITROS;L;;PRD02478;;SILICONA SHINE PLUS SPARTAN 19 LITROS;BIDON;19;BIDON;BIDON x 19 L;1;1;1
PRD02479;DUST MOP SPARTAN 19 LITROS;L;;PRD02479;;DUST MOP SPARTAN 19 LITROS;BIDON;19;BIDON;BIDON x 19 L;1;1;1
PRD02480;ECODESENGRASANTE FP SPARTAN 19 LITROS;L;;PRD02480;;ECODESENGRASANTE FP SPARTAN 19 LITROS;BIDON;19;BIDON;BIDON x 19 L;1;1;1
PRD02481;SANI T 10 FRESH SPARTAN 19 LITROS;L;;PRD02481;;SANI T 10 FRESH SPARTAN 19 LITROS;BIDON;19;BIDON;BIDON x 19 L;1;1;1
PRD02482;SANI DRY SPARTAN 19 LITROS;L;;PRD02482;;SANI DRY SPARTAN 19 LITROS;BIDON;19;BIDON;BIDON x 19 L;1;1;1
PRD02483;SNB 130 CIP SPARTAN 1 LITRO;L;;PRD02483;;SNB 130 CIP SPARTAN 1 LITRO;LITRO;1;LITRO;LITRO x 1 L;1;1;1
PRD02484;CONCRETE SURFACE FINISH SPARTAN 3.875 LITROS;L;;PRD02484;;CONCRETE SURFACE FINISH SPARTAN 3.875 LITROS;GALON;3.875;GALON;GALON x 3.875 L;1;1;1
PRD02485;TRENDSETTER SPARTAN 3.875 LITROS;L;;PRD02485;;TRENDSETTER SPARTAN 3.875 LITROS;GALON;3.875;GALON;GALON x 3.875 L;1;1;1
PRD02486;ESPUMA CLORADA FP SPARTAN 3.875 LITROS;L;;PRD02486;;ESPUMA CLORADA FP SPARTAN 3.875 LITROS;GALON;3.875;GALON;GALON x 3.875 L;1;1;1
PRD02487;SNB 130 CIP SPARTAN 3.875 LITROS;L;;PRD02487;;SNB 130 CIP SPARTAN 3.875 LITROS;GALON;3.875;GALON;GALON x 3.875 L;1;1;1
PRD02488;XTREME CLEAN SPARTAN 3.875 LITROS;L;;PRD02488;;XTREME CLEAN SPARTAN 3.875 LITROS;GALON;3.875;GALON;GALON x 3.875 L;1;1;1
PRD02489;SPARCLEAN RINSE AID II SPARTAN 3.875 LITROS;L;;PRD02489;;SPARCLEAN RINSE AID II SPARTAN 3.875 LITROS;GALON;3.875;GALON;GALON x 3.875 L;1;1;1
PRD02490;SPARCLEAN CHLORINATED DETERGENT SPARTAN 3.875 LITROS;L;;PRD02490;;SPARCLEAN CHLORINATED DETERGENT SPARTAN 3.875 LITROS;GALON;3.875;GALON;GALON x 3.875 L;1;1;1
PRD02491;ML 300 FP SPARTAN 3.875 LITROS;L;;PRD02491;;ML 300 FP SPARTAN 3.875 LITROS;GALON;3.875;GALON;GALON x 3.875 L;1;1;1
PRD02492;SURE STEP FP SPARTAN 3.875 LITROS;L;;PRD02492;;SURE STEP FP SPARTAN 3.875 LITROS;GALON;3.875;GALON;GALON x 3.875 L;1;1;1
PRD02493;CONCRETE SURFACE FINISH SPARTAN 5 LITROS;L;;PRD02493;;CONCRETE SURFACE FINISH SPARTAN 5 LITROS;UNIDAD;5;UNIDAD;UNIDAD x 5 L;1;1;1
PRD02494;TRENDSETTER SPARTAN 5 LITROS;L;;PRD02494;;TRENDSETTER SPARTAN 5 LITROS;UNIDAD;5;UNIDAD;UNIDAD x 5 L;1;1;1
PRD02495;XTREME CLEAN SPARTAN 5 LITROS;L;;PRD02495;;XTREME CLEAN SPARTAN 5 LITROS;UNIDAD;5;UNIDAD;UNIDAD x 5 L;1;1;1
PRD02496;SPARCLEAN RINSE AID II SPARTAN 5 LITROS;L;;PRD02496;;SPARCLEAN RINSE AID II SPARTAN 5 LITROS;UNIDAD;5;UNIDAD;UNIDAD x 5 L;1;1;1
PRD02497;SPARCLEAN CHLORINATED DETERGENT SPARTAN 5 LITROS;L;;PRD02497;;SPARCLEAN CHLORINATED DETERGENT SPARTAN 5 LITROS;UNIDAD;5;UNIDAD;UNIDAD x 5 L;1;1;1
PRD02498;SANIT-OX FP SPARTAN 5 LITROS;L;;PRD02498;;SANIT-OX FP SPARTAN 5 LITROS;UNIDAD;5;UNIDAD;UNIDAD x 5 L;1;1;1
PRD02499;SURE STEP FP SPARTAN 5 LITROS;L;;PRD02499;;SURE STEP FP SPARTAN 5 LITROS;UNIDAD;5;UNIDAD;UNIDAD x 5 L;1;1;1
PRD02500;CLORIN FP SPARTAN 5 LITROS;L;;PRD02500;;CLORIN FP SPARTAN 5 LITROS;UNIDAD;5;UNIDAD;UNIDAD x 5 L;1;1;1
PRD02501;CONCRETE SURFACE FINISH SPARTAN 19 LITROS;L;;PRD02501;;CONCRETE SURFACE FINISH SPARTAN 19 LITROS;BIDON;19;BIDON;BIDON x 19 L;1;1;1
PRD02502;TRENDSETTER SPARTAN 19 LITROS;L;;PRD02502;;TRENDSETTER SPARTAN 19 LITROS;BIDON;19;BIDON;BIDON x 19 L;1;1;1
PRD02503;LOE STRIPPER SPARTAN 19 LITROS;L;;PRD02503;;LOE STRIPPER SPARTAN 19 LITROS;BIDON;19;BIDON;BIDON x 19 L;1;1;1
PRD02504;ESPUMA CLORADA FP SPARTAN 19 LITROS;L;;PRD02504;;ESPUMA CLORADA FP SPARTAN 19 LITROS;BIDON;19;BIDON;BIDON x 19 L;1;1;1
PRD02505;SNB 130 CIP SPARTAN 19 LITROS;L;;PRD02505;;SNB 130 CIP SPARTAN 19 LITROS;BIDON;19;BIDON;BIDON x 19 L;1;1;1
PRD02506;XTREME CLEAN SPARTAN 19 LITROS;L;;PRD02506;;XTREME CLEAN SPARTAN 19 LITROS;BIDON;19;BIDON;BIDON x 19 L;1;1;1
PRD02507;SPARCLEAN RINSE AID II SPARTAN 19 LITROS;L;;PRD02507;;SPARCLEAN RINSE AID II SPARTAN 19 LITROS;BIDON;19;BIDON;BIDON x 19 L;1;1;1
PRD02508;SPARCLEAN CHLORINATED DETERGENT SPARTAN 19 LITROS;L;;PRD02508;;SPARCLEAN CHLORINATED DETERGENT SPARTAN 19 LITROS;BIDON;19;BIDON;BIDON x 19 L;1;1;1
PRD02509;SANIT-OX FP SPARTAN 19 LITROS;L;;PRD02509;;SANIT-OX FP SPARTAN 19 LITROS;BIDON;19;BIDON;BIDON x 19 L;1;1;1
PRD02510;ML 300 FP SPARTAN 19 LITROS;L;;PRD02510;;ML 300 FP SPARTAN 19 LITROS;BIDON;19;BIDON;BIDON x 19 L;1;1;1
PRD02511;SURE STEP FP SPARTAN 19 LITROS;L;;PRD02511;;SURE STEP FP SPARTAN 19 LITROS;BIDON;19;BIDON;BIDON x 19 L;1;1;1
PRD02512;CLORIN FP SPARTAN 19 LITROS;L;;PRD02512;;CLORIN FP SPARTAN 19 LITROS;BIDON;19;BIDON;BIDON x 19 L;1;1;1
PRD02513;DM 500 H PLUS FP SPARTAN 1 LITRO;L;;PRD02513;;DM 500 H PLUS FP SPARTAN 1 LITRO;LITRO;1;LITRO;LITRO x 1 L;1;1;1
PRD02514;DM 500 H PLUS FP SPARTAN 3.875 LITROS;L;;PRD02514;;DM 500 H PLUS FP SPARTAN 3.875 LITROS;GALON;3.875;GALON;GALON x 3.875 L;1;1;1
PRD02515;WHITE CLEAN PLUS FP SPARTAN 3.875 LITROS;L;;PRD02515;;WHITE CLEAN PLUS FP SPARTAN 3.875 LITROS;GALON;3.875;GALON;GALON x 3.875 L;1;1;1
PRD02516;FOAMING ACID CLEANER FP SPARTAN 3.875 LITROS;L;;PRD02516;;FOAMING ACID CLEANER FP SPARTAN 3.875 LITROS;GALON;3.875;GALON;GALON x 3.875 L;1;1;1
PRD02517;SANI-T-10 SPARTAN 3.875 LITROS;L;;PRD02517;;SANI-T-10 SPARTAN 3.875 LITROS;GALON;3.875;GALON;GALON x 3.875 L;1;1;1
PRD02518;LAUNDRY SPOTTING SOLUTION SPARTAN 3.875 LITROS;L;;PRD02518;;LAUNDRY SPOTTING SOLUTION SPARTAN 3.875 LITROS;GALON;3.875;GALON;GALON x 3.875 L;1;1;1
PRD02519;LIQUID ALKALI SPARTAN 3.875 LITROS;L;;PRD02519;;LIQUID ALKALI SPARTAN 3.875 LITROS;GALON;3.875;GALON;GALON x 3.875 L;1;1;1
PRD02520;FABRIC SOFTENER SPARTAN 3.875 LITROS;L;;PRD02520;;FABRIC SOFTENER SPARTAN 3.875 LITROS;GALON;3.875;GALON;GALON x 3.875 L;1;1;1
PRD02521;LAUNDRY DEGREASER SPARTAN 3.875 LITROS;L;;PRD02521;;LAUNDRY DEGREASER SPARTAN 3.875 LITROS;GALON;3.875;GALON;GALON x 3.875 L;1;1;1
PRD02522;HIGH ACID CLEANER FP SPARTAN 3.875 LITROS;L;;PRD02522;;HIGH ACID CLEANER FP SPARTAN 3.875 LITROS;GALON;3.875;GALON;GALON x 3.875 L;1;1;1
PRD02523;DM 500 H PLUS FP SPARTAN 5 LITROS;L;;PRD02523;;DM 500 H PLUS FP SPARTAN 5 LITROS;UNIDAD;5;UNIDAD;UNIDAD x 5 L;1;1;1
PRD02524;WHITE CLEAN PLUS FP SPARTAN 5 LITROS;L;;PRD02524;;WHITE CLEAN PLUS FP SPARTAN 5 LITROS;UNIDAD;5;UNIDAD;UNIDAD x 5 L;1;1;1
PRD02525;FOAMING ACID CLEANER FP SPARTAN 5 LITROS;L;;PRD02525;;FOAMING ACID CLEANER FP SPARTAN 5 LITROS;UNIDAD;5;UNIDAD;UNIDAD x 5 L;1;1;1
PRD02526;SANI-T-10 SPARTAN 5 LITROS - SPARTAN;L;;PRD02526;;SANI-T-10 SPARTAN 5 LITROS - SPARTAN;UNIDAD;5;UNIDAD;UNIDAD x 5 L;1;1;1
PRD02527;LAUNDRY SPOTTING SOLUTION SPARTAN 5 LITROS;L;;PRD02527;;LAUNDRY SPOTTING SOLUTION SPARTAN 5 LITROS;UNIDAD;5;UNIDAD;UNIDAD x 5 L;1;1;1
PRD02528;LIQUID ALKALI SPARTAN 5 LITROS;L;;PRD02528;;LIQUID ALKALI SPARTAN 5 LITROS;UNIDAD;5;UNIDAD;UNIDAD x 5 L;1;1;1
PRD02529;FABRIC SOFTENER SPARTAN 5 LITROS;L;;PRD02529;;FABRIC SOFTENER SPARTAN 5 LITROS;UNIDAD;5;UNIDAD;UNIDAD x 5 L;1;1;1
PRD02530;LAUNDRY DEGREASER SPARTAN 5 LITROS;L;;PRD02530;;LAUNDRY DEGREASER SPARTAN 5 LITROS;UNIDAD;5;UNIDAD;UNIDAD x 5 L;1;1;1
PRD02531;HIGH ACID CLEANER FP SPARTAN 5 LITROS;L;;PRD02531;;HIGH ACID CLEANER FP SPARTAN 5 LITROS;UNIDAD;5;UNIDAD;UNIDAD x 5 L;1;1;1
PRD02532;DM 500 H PLUS FP SPARTAN 19 LITROS;L;;PRD02532;;DM 500 H PLUS FP SPARTAN 19 LITROS;BIDON;19;BIDON;BIDON x 19 L;1;1;1
PRD02533;WHITE CLEAN PLUS FP SPARTAN 19 LITROS;L;;PRD02533;;WHITE CLEAN PLUS FP SPARTAN 19 LITROS;BIDON;19;BIDON;BIDON x 19 L;1;1;1
PRD02534;FOAMING ACID CLEANER FP SPARTAN 19 LITROS;L;;PRD02534;;FOAMING ACID CLEANER FP SPARTAN 19 LITROS;BIDON;19;BIDON;BIDON x 19 L;1;1;1
PRD02535;SANI-T-10 SPARTAN 19 LITROS;L;;PRD02535;;SANI-T-10 SPARTAN 19 LITROS;BIDON;19;BIDON;BIDON x 19 L;1;1;1
PRD02536;LAUNDRY SPOTTING SOLUTION SPARTAN 19 LITROS;L;;PRD02536;;LAUNDRY SPOTTING SOLUTION SPARTAN 19 LITROS;BIDON;19;BIDON;BIDON x 19 L;1;1;1
PRD02537;LIQUID ALKALI SPARTAN 19 LITROS;L;;PRD02537;;LIQUID ALKALI SPARTAN 19 LITROS;BIDON;19;BIDON;BIDON x 19 L;1;1;1
PRD02538;XTREME OXIGEN BLEACH SPARTAN 19 LITROS;L;;PRD02538;;XTREME OXIGEN BLEACH SPARTAN 19 LITROS;BIDON;19;BIDON;BIDON x 19 L;1;1;1
PRD02539;FABRIC SOFTENER SPARTAN 19 LITROS;L;;PRD02539;;FABRIC SOFTENER SPARTAN 19 LITROS;BIDON;19;BIDON;BIDON x 19 L;1;1;1
PRD02540;CHLORINE BLEACH SPARTAN 19 LITROS;L;;PRD02540;;CHLORINE BLEACH SPARTAN 19 LITROS;BIDON;19;BIDON;BIDON x 19 L;1;1;1
PRD02541;LAUNDRY DEGREASER SPARTAN 19 LITROS;L;;PRD02541;;LAUNDRY DEGREASER SPARTAN 19 LITROS;BIDON;19;BIDON;BIDON x 19 L;1;1;1
PRD02542;HIGH ACID CLEANER FP SPARTAN 19 LITROS;L;;PRD02542;;HIGH ACID CLEANER FP SPARTAN 19 LITROS;BIDON;19;BIDON;BIDON x 19 L;1;1;1
PRD02543;JABÓN ANTIBACTERIAL P/MANOS SPARTAN 4 LITROS NEUTRO;L;;PRD02543;;JABÓN ANTIBACTERIAL P/MANOS SPARTAN 4 LITROS NEUTRO;GALON;4;GALON;GALON x 4 L;1;1;1
PRD02544;JABÓN LIQUIDO P/MANOS SPARTAN 4 LITROS NEUTRO;L;;PRD02544;;JABÓN LIQUIDO P/MANOS SPARTAN 4 LITROS NEUTRO;GALON;4;GALON;GALON x 4 L;1;1;1
PRD02545;ALCOHOL GEL 70° SPARTAN 4 LITROS FARMACEUTICO NEUTRO;L;;PRD02545;;ALCOHOL GEL 70° SPARTAN 4 LITROS FARMACEUTICO NEUTRO;GALON;4;GALON;GALON x 4 L;1;1;1
PRD02546;ALCOHOL GEL SPARTAN 4 LITROS COSMETICO NEUTRO;L;;PRD02546;;ALCOHOL GEL SPARTAN 4 LITROS COSMETICO NEUTRO;GALON;4;GALON;GALON x 4 L;1;1;1
PRD02547;JABÓN ESPUMA ANTIBACTERIAL WEST MICROSAFE CLEAS SIN AROMA SPARTAN X1000ML;L;;PRD02547;;JABÓN ESPUMA ANTIBACTERIAL WEST MICROSAFE CLEAS SIN AROMA SPARTAN X1000ML;LITRO;1;LITRO;LITRO x 1 L;1;1;1
PRD02548;JABÓN ANTIBACTERIAL P/MANOS SPARTAN 6X4 LITROS NEUTRO;L;;PRD02548;;JABÓN ANTIBACTERIAL P/MANOS SPARTAN 6X4 LITROS NEUTRO;CAJA;24;CAJA;CAJA x 24 L;1;1;1
PRD02549;JABÓN LIQUIDO P/MANOS SPARTAN 6X4 LITROS NEUTRO;L;;PRD02549;;JABÓN LIQUIDO P/MANOS SPARTAN 6X4 LITROS NEUTRO;CAJA;24;CAJA;CAJA x 24 L;1;1;1
PRD02550;ALCOHOL GEL 70° SPARTAN 6X4 LITROS FARMACEUTICO NEUTRO;L;;PRD02550;;ALCOHOL GEL 70° SPARTAN 6X4 LITROS FARMACEUTICO NEUTRO;CAJA;24;CAJA;CAJA x 24 L;1;1;1
PRD02551;ALCOHOL GEL SPARTAN 6X4 LITROS COSMETICO NEUTRO;L;;PRD02551;;ALCOHOL GEL SPARTAN 6X4 LITROS COSMETICO NEUTRO;CAJA;24;CAJA;CAJA x 24 L;1;1;1
PRD02552;JABÓN ESPUMA ANTIBACTERIAL WEST MICROSAFE CLEAS SIN AROMA SPARTAN 6X1000ML (6 UND X 1L);L;;PRD02552;;JABÓN ESPUMA ANTIBACTERIAL WEST MICROSAFE CLEAS SIN AROMA SPARTAN 6X1000ML (6 UND X 1L);CAJA;6;CAJA;CAJA x 6 L;1;1;1
PRD02553;ML 300 CIP SPARTAN 3.875 LITROS;L;;PRD02553;;ML 300 CIP SPARTAN 3.875 LITROS;GALON;3.875;GALON;GALON x 3.875 L;1;1;1
PRD02554;ML 300 CIP SPARTAN 5 LITROS;L;;PRD02554;;ML 300 CIP SPARTAN 5 LITROS;UNIDAD;5;UNIDAD;UNIDAD x 5 L;1;1;1
PRD02555;ML 300 CIP SPARTAN 19 LITROS;L;;PRD02555;;ML 300 CIP SPARTAN 19 LITROS;BIDON;19;BIDON;BIDON x 19 L;1;1;1
PRD02556;"STRECH FILM DE GRADO ALIMENTARIO ROLLO 18"" X 1400MT X 9U";UND;;PRD02556;;"STRECH FILM DE GRADO ALIMENTARIO ROLLO 18"" X 1400MT X 9U";UNIDAD;1;UNIDAD;UNIDAD x 1 UND;1;1;1
PRD02557;BANDEJA ALUMINIO RECTANGULAR LARGA 7200ML X 100 UND;UND;;PRD02557;;BANDEJA ALUMINIO RECTANGULAR LARGA 7200ML X 100 UND;PAQUETE;100;PAQUETE;PAQUETE x 100 UND;1;1;1
PRD02558;BOLSA BLANCA PLANA 20 X 30 ALFA X 100 UND;UND;;PRD02558;;BOLSA BLANCA PLANA 20 X 30 ALFA X 100 UND;PAQUETE;100;PAQUETE;PAQUETE x 100 UND;1;1;1
PRD02559;BOLSA BLANCA T-SHIRT 16 X 19 ASITA X 100 UND;UND;;PRD02559;;BOLSA BLANCA T-SHIRT 16 X 19 ASITA X 100 UND;PAQUETE;100;PAQUETE;PAQUETE x 100 UND;1;1;1
PRD02560;BOLSA BLANCA T-SHIRT 19 X 20 PB X 100 UND;UND;;PRD02560;;BOLSA BLANCA T-SHIRT 19 X 20 PB X 100 UND;PAQUETE;100;PAQUETE;PAQUETE x 100 UND;1;1;1
PRD02561;BOLSA BLANCA T-SHIRT 21 X 24 ASITA X 100 UND;UND;;PRD02561;;BOLSA BLANCA T-SHIRT 21 X 24 ASITA X 100 UND;PAQUETE;100;PAQUETE;PAQUETE x 100 UND;1;1;1
PRD02562;BOLSA BLANCA T-SHIRT COMPOSTABLE 16 X 19 NEWIE X 100 UND;UND;;PRD02562;;BOLSA BLANCA T-SHIRT COMPOSTABLE 16 X 19 NEWIE X 100 UND;PAQUETE;100;PAQUETE;PAQUETE x 100 UND;1;1;1
PRD02563;BOLSA BLANCA T-SHIRT COMPOSTABLE 21 X 24 NEWIE X 100 UND;UND;;PRD02563;;BOLSA BLANCA T-SHIRT COMPOSTABLE 21 X 24 NEWIE X 100 UND;PAQUETE;100;PAQUETE;PAQUETE x 100 UND;1;1;1
PRD02564;BOLSA DE PAPEL KRAFT 50GR #4 (12.5X24.2X7.5) 500 UND;UND;;PRD02564;;BOLSA DE PAPEL KRAFT 50GR #4 (12.5X24.2X7.5) 500 UND;PAQUETE;500;PAQUETE;PAQUETE x 500 UND;1;1;1
PRD02565;BOLSA DE PAPEL KRAFT 50GR #4 (12.5X24.2X7.5) C/LOGO SODEXO 500 UND;UND;;PRD02565;;BOLSA DE PAPEL KRAFT 50GR #4 (12.5X24.2X7.5) C/LOGO SODEXO 500 UND;PAQUETE;500;PAQUETE;PAQUETE x 500 UND;1;1;1
PRD02566;BOLSA DE PAPEL KRAFT 50GR #6 (14.8X28X8.5) 500 UND;UND;;PRD02566;;BOLSA DE PAPEL KRAFT 50GR #6 (14.8X28X8.5) 500 UND;PAQUETE;500;PAQUETE;PAQUETE x 500 UND;1;1;1
PRD02567;BOLSA DE PAPEL KRAFT 50GR #6 (14.8X28X8.5) C/LOGO SODEXO 500 UND;UND;;PRD02567;;BOLSA DE PAPEL KRAFT 50GR #6 (14.8X28X8.5) C/LOGO SODEXO 500 UND;PAQUETE;1;PAQUETE;PAQUETE x 1 UND;1;1;1
PRD02568;BOLSA DE PAPEL KRAFT 70GR #12 (18.8X34.5X10) 500 UND;UND;;PRD02568;;BOLSA DE PAPEL KRAFT 70GR #12 (18.8X34.5X10) 500 UND;PAQUETE;500;PAQUETE;PAQUETE x 500 UND;1;1;1
PRD02569;BOLSA DE PAPEL KRAFT 70GR #20 (20.4X30.2X13) 500 UND;UND;;PRD02569;;BOLSA DE PAPEL KRAFT 70GR #20 (20.4X30.2X13) 500 UND;PAQUETE;500;PAQUETE;PAQUETE x 500 UND;1;1;1
PRD02570;BOLSA PARA CUBIERTO 4X8 ALFA X 100 UND;UND;;PRD02570;;BOLSA PARA CUBIERTO 4X8 ALFA X 100 UND;PAQUETE;100;PAQUETE;PAQUETE x 100 UND;1;1;1
PRD02571;BOLSA PARA CUBIERTO FLAT KRAFT 50GR 28X8CM C/LOGO MILLAR;UND;;PRD02571;;BOLSA PARA CUBIERTO FLAT KRAFT 50GR 28X8CM C/LOGO MILLAR;PAQUETE;1000;PAQUETE;PAQUETE x 1000 UND;1;1;1
PRD02572;BOLSA PARA CUBIERTO FLAT KRAFT 50GR 28X8CM MILLAR;UND;;PRD02572;;BOLSA PARA CUBIERTO FLAT KRAFT 50GR 28X8CM MILLAR;PAQUETE;1000;PAQUETE;PAQUETE x 1000 UND;1;1;1
PRD02573;BOLSA PARA SANDWICH 6X6 MILLAR;UND;;PRD02573;;BOLSA PARA SANDWICH 6X6 MILLAR;PAQUETE;1000;PAQUETE;PAQUETE x 1000 UND;1;1;1
PRD02574;BOLSA TRANSPARENTE ROLLOSITO 7 X 10;UND;;PRD02574;;BOLSA TRANSPARENTE ROLLOSITO 7 X 10;ROLLO;1;ROLLO;ROLLO x 1 UND;1;1;1
PRD02575;CAJA PARA PIZZA 30 X 30 CM 100 UND;UND;;PRD02575;;CAJA PARA PIZZA 30 X 30 CM 100 UND;PAQUETE;100;PAQUETE;PAQUETE x 100 UND;1;1;1
PRD02576;CONTENEDOR DE BAGAZO #3 8 X 8 X 200 UND;UND;;PRD02576;;CONTENEDOR DE BAGAZO #3 8 X 8 X 200 UND;PAQUETE;200;PAQUETE;PAQUETE x 200 UND;1;1;1
PRD02577;CONTENEDOR DE BAGAZO #5 6 X 9 X 250 UND;UND;;PRD02577;;CONTENEDOR DE BAGAZO #5 6 X 9 X 250 UND;PAQUETE;250;PAQUETE;PAQUETE x 250 UND;1;1;1
PRD02578;CONTENEDOR PORTA SANDWICH SENCILLO X 200 UND;UND;;PRD02578;;CONTENEDOR PORTA SANDWICH SENCILLO X 200 UND;PAQUETE;200;PAQUETE;PAQUETE x 200 UND;1;1;1
PRD02579;CONTENEDOR TRIANGULAR PARA TORTA 11CMX5CM X 200 UND;UND;;PRD02579;;CONTENEDOR TRIANGULAR PARA TORTA 11CMX5CM X 200 UND;PAQUETE;200;PAQUETE;PAQUETE x 200 UND;1;1;1
PRD02580;CUCHARA BIO PLA 16CM X 100 UND;UND;;PRD02580;;CUCHARA BIO PLA 16CM X 100 UND;PAQUETE;100;PAQUETE;PAQUETE x 100 UND;1;1;1
PRD02581;CUCHARA PARA CAFE BLANCA DE PLASTICO DESCARTABLE GOLAZO 100 UNID;UND;;PRD02581;;CUCHARA PARA CAFE BLANCA DE PLASTICO DESCARTABLE GOLAZO 100 UNID;PAQUETE;100;PAQUETE;PAQUETE x 100 UND;1;1;1
PRD02582;CUCHARA PARA SOPA BLANCA DE PLASTICO DESCARTABLE LA EUROPEA 50 UND;UND;;PRD02582;;CUCHARA PARA SOPA BLANCA DE PLASTICO DESCARTABLE LA EUROPEA 50 UND;PAQUETE;50;PAQUETE;PAQUETE x 50 UND;1;1;1
PRD02583;CUCHILLO BIO PLA 16CM X 100 UND;UND;;PRD02583;;CUCHILLO BIO PLA 16CM X 100 UND;PAQUETE;100;PAQUETE;PAQUETE x 100 UND;1;1;1
PRD02584;CUCHILLO PARA SEGUNDO BLANCO DE PLASTICO DESCARTABLE LA EUROPEA 50 UND;UND;;PRD02584;;CUCHILLO PARA SEGUNDO BLANCO DE PLASTICO DESCARTABLE LA EUROPEA 50 UND;PAQUETE;50;PAQUETE;PAQUETE x 50 UND;1;1;1
PRD02585;ENVASE AJICERO PP 4 OZ TRANSPARENTE MILLAR;UND;;PRD02585;;ENVASE AJICERO PP 4 OZ TRANSPARENTE MILLAR;PAQUETE;1000;PAQUETE;PAQUETE x 1000 UND;1;1;1
PRD02586;ENVASE DESCARTABLE CIRCULAR PP TRANSPARENTE SIN TAPA 0.5 LT ALFA X 200 UND;UND;;PRD02586;;ENVASE DESCARTABLE CIRCULAR PP TRANSPARENTE SIN TAPA 0.5 LT ALFA X 200 UND;PAQUETE;200;PAQUETE;PAQUETE x 200 UND;1;1;1
PRD02587;ENVASE DESCARTABLE CIRCULAR PP TRANSPARENTE SIN TAPA 1 LT ALFA X 200 UND;UND;;PRD02587;;ENVASE DESCARTABLE CIRCULAR PP TRANSPARENTE SIN TAPA 1 LT ALFA X 200 UND;PAQUETE;200;PAQUETE;PAQUETE x 200 UND;1;1;1
PRD02588;ENVASE DESCARTABLE CIRCULAR PP TRANSPARENTE SIN TAPA 8 OZ X 400 UND;UND;;PRD02588;;ENVASE DESCARTABLE CIRCULAR PP TRANSPARENTE SIN TAPA 8 OZ X 400 UND;PAQUETE;400;PAQUETE;PAQUETE x 400 UND;1;1;1
PRD02589;ENVASE DESCARTABLE CIRCULAR PS BLANCO SIN TAPA 0.5 LT ALFA X 200 UND;UND;;PRD02589;;ENVASE DESCARTABLE CIRCULAR PS BLANCO SIN TAPA 0.5 LT ALFA X 200 UND;PAQUETE;200;PAQUETE;PAQUETE x 200 UND;1;1;1
PRD02590;ENVASE DESCARTABLE CIRCULAR PS BLANCO SIN TAPA 1 LT ALFA X 200 UND;UND;;PRD02590;;ENVASE DESCARTABLE CIRCULAR PS BLANCO SIN TAPA 1 LT ALFA X 200 UND;PAQUETE;200;PAQUETE;PAQUETE x 200 UND;1;1;1
PRD02591;ENVASE DESCARTABLE RECTANGULAR TRANSPARENTE PP SIN TAPA 0.5 LT ALFA X 200 UND;UND;;PRD02591;;ENVASE DESCARTABLE RECTANGULAR TRANSPARENTE PP SIN TAPA 0.5 LT ALFA X 200 UND;PAQUETE;200;PAQUETE;PAQUETE x 200 UND;1;1;1
PRD02592;ENVASE DESCARTABLE RECTANGULAR TRANSPARENTE PP SIN TAPA 1 LT ALFA X 200 UND;UND;;PRD02592;;ENVASE DESCARTABLE RECTANGULAR TRANSPARENTE PP SIN TAPA 1 LT ALFA X 200 UND;PAQUETE;200;PAQUETE;PAQUETE x 200 UND;1;1;1
PRD02593;ENVASE DUPLO 16 OZ PS NEGRO ALTO X 700 UND;UND;;PRD02593;;ENVASE DUPLO 16 OZ PS NEGRO ALTO X 700 UND;PAQUETE;700;PAQUETE;PAQUETE x 700 UND;1;1;1
PRD02594;ENVASE DUPLO 24 OZ PS NEGRO ALTO X 500 UND;UND;;PRD02594;;ENVASE DUPLO 24 OZ PS NEGRO ALTO X 500 UND;PAQUETE;500;PAQUETE;PAQUETE x 500 UND;1;1;1
PRD02595;ENVASE DUPLO 48 OZ PS NEGRO ALTO X 400 UND;UND;;PRD02595;;ENVASE DUPLO 48 OZ PS NEGRO ALTO X 400 UND;PAQUETE;400;PAQUETE;PAQUETE x 400 UND;1;1;1
PRD02596;ENVASE SALAD BOWL DE BAMBU 1000 ML SIN TAPA X 600 UND;UND;;PRD02596;;ENVASE SALAD BOWL DE BAMBU 1000 ML SIN TAPA X 600 UND;PAQUETE;600;PAQUETE;PAQUETE x 600 UND;1;1;1
PRD02597;ENVASE SALAD BOWL DE BAMBU 1300 ML SIN TAPA X 300 UND;UND;;PRD02597;;ENVASE SALAD BOWL DE BAMBU 1300 ML SIN TAPA X 300 UND;PAQUETE;300;PAQUETE;PAQUETE x 300 UND;1;1;1
PRD02598;ENVASE SALSERO PP 2 OZ NEGRO X 2500 UND;UND;;PRD02598;;ENVASE SALSERO PP 2 OZ NEGRO X 2500 UND;PAQUETE;2500;PAQUETE;PAQUETE x 2500 UND;1;1;1
PRD02599;ENVASE SOPERO DE BAMBU 16 OZ SIN TAPA X 500 UND;UND;;PRD02599;;ENVASE SOPERO DE BAMBU 16 OZ SIN TAPA X 500 UND;PAQUETE;500;PAQUETE;PAQUETE x 500 UND;1;1;1
PRD02600;ENVASE SOPERO DE BAMBU 32 OZ SIN TAPA X 500 UND;UND;;PRD02600;;ENVASE SOPERO DE BAMBU 32 OZ SIN TAPA X 500 UND;PAQUETE;500;PAQUETE;PAQUETE x 500 UND;1;1;1
PRD02601;JACKET DE CARTON MICROCORRUGADO PARA VASO 12/16OZ CON LOGO MILLAR;UND;;PRD02601;;JACKET DE CARTON MICROCORRUGADO PARA VASO 12/16OZ CON LOGO MILLAR;PAQUETE;1000;PAQUETE;PAQUETE x 1000 UND;1;1;1
PRD02602;JACKET DE CARTON MICROCORRUGADO PARA VASO 12/16OZ MILLAR;UND;;PRD02602;;JACKET DE CARTON MICROCORRUGADO PARA VASO 12/16OZ MILLAR;PAQUETE;1000;PAQUETE;PAQUETE x 1000 UND;1;1;1
PRD02603;JACKET DE CARTON MICROCORRUGADO PARA VASO 8OZ CON LOGO MILLAR;UND;;PRD02603;;JACKET DE CARTON MICROCORRUGADO PARA VASO 8OZ CON LOGO MILLAR;PAQUETE;1000;PAQUETE;PAQUETE x 1000 UND;1;1;1
PRD02604;JACKET DE CARTON MICROCORRUGADO PARA VASO 8OZ MILLAR;UND;;PRD02604;;JACKET DE CARTON MICROCORRUGADO PARA VASO 8OZ MILLAR;PAQUETE;1000;PAQUETE;PAQUETE x 1000 UND;1;1;1
PRD02605;MOLDE DE ALUMINIO 16 OZ X 500 UND;UND;;PRD02605;;MOLDE DE ALUMINIO 16 OZ X 500 UND;PAQUETE;500;PAQUETE;PAQUETE x 500 UND;1;1;1
PRD02606;MOLDE DE ALUMINIO 28 OZ X 250 UND;UND;;PRD02606;;MOLDE DE ALUMINIO 28 OZ X 250 UND;PAQUETE;250;PAQUETE;PAQUETE x 250 UND;1;1;1
PRD02607;MOLDE DE ALUMINIO 8 OZ X 500 UND;UND;;PRD02607;;MOLDE DE ALUMINIO 8 OZ X 500 UND;PAQUETE;500;PAQUETE;PAQUETE x 500 UND;1;1;1
PRD02608;PAPEL ANTIGRASA 25X35CM CON DISEÑO 1 COLOR X MILLAR;UND;;PRD02608;;PAPEL ANTIGRASA 25X35CM CON DISEÑO 1 COLOR X MILLAR;PAQUETE;1000;PAQUETE;PAQUETE x 1000 UND;1;1;1
PRD02609;PLATO SOPERO DE BAGAZO #12 X MILLAR;UND;;PRD02609;;PLATO SOPERO DE BAGAZO #12 X MILLAR;PAQUETE;1000;PAQUETE;PAQUETE x 1000 UND;1;1;1
PRD02610;PLATO TENDIDO DE BAGAZO #15 X MILLAR;UND;;PRD02610;;PLATO TENDIDO DE BAGAZO #15 X MILLAR;PAQUETE;1000;PAQUETE;PAQUETE x 1000 UND;1;1;1
PRD02611;PLATO TENDIDO DE BAGAZO #18 X MILLAR;UND;;PRD02611;;PLATO TENDIDO DE BAGAZO #18 X MILLAR;PAQUETE;1000;PAQUETE;PAQUETE x 1000 UND;1;1;1
PRD02612;PLATO TENDIDO DE BAGAZO #22 X MILLAR;UND;;PRD02612;;PLATO TENDIDO DE BAGAZO #22 X MILLAR;PAQUETE;1000;PAQUETE;PAQUETE x 1000 UND;1;1;1
PRD02613;PLATO TENDIDO PP 15 ALFA X MILLAR;UND;;PRD02613;;PLATO TENDIDO PP 15 ALFA X MILLAR;PAQUETE;1000;PAQUETE;PAQUETE x 1000 UND;1;1;1
PRD02614;PLATO TENDIDO PP 22 ALFA X MILLAR;UND;;PRD02614;;PLATO TENDIDO PP 22 ALFA X MILLAR;PAQUETE;1000;PAQUETE;PAQUETE x 1000 UND;1;1;1
PRD02615;PORTA VASOS CARTON CON LOGO PARA 2 UND X MILLAR (TIPO BANDEJA);UND;;PRD02615;;PORTA VASOS CARTON CON LOGO PARA 2 UND X MILLAR (TIPO BANDEJA);PAQUETE;1000;PAQUETE;PAQUETE x 1000 UND;1;1;1
PRD02616;REMOVEDOR DE MADERA FORRADO 140 MM X 500 UND;UND;;PRD02616;;REMOVEDOR DE MADERA FORRADO 140 MM X 500 UND;PAQUETE;500;PAQUETE;PAQUETE x 500 UND;1;1;1
PRD02617;REMOVEDOR DE MADERA FORRADO 178 MM X 500 UND;UND;;PRD02617;;REMOVEDOR DE MADERA FORRADO 178 MM X 500 UND;PAQUETE;500;PAQUETE;PAQUETE x 500 UND;1;1;1
PRD02618;SOBRE ANTIGRASA PARA SANWICH 15 X 15 CON LOGO MILLAR;UND;;PRD02618;;SOBRE ANTIGRASA PARA SANWICH 15 X 15 CON LOGO MILLAR;PAQUETE;1000;PAQUETE;PAQUETE x 1000 UND;1;1;1
PRD02619;SORBETE BIODEGRADABLE PLA 23 X 6MM X 100 UND;UND;;PRD02619;;SORBETE BIODEGRADABLE PLA 23 X 6MM X 100 UND;PAQUETE;100;PAQUETE;PAQUETE x 100 UND;1;1;1
PRD02620;TAPA CRISTAL PARA MOLDE DE ALUMINIO 16 OZ 14X11.5 X 500 UND;UND;;PRD02620;;TAPA CRISTAL PARA MOLDE DE ALUMINIO 16 OZ 14X11.5 X 500 UND;PAQUETE;500;PAQUETE;PAQUETE x 500 UND;1;1;1
PRD02621;TAPA CRISTAL PARA MOLDE DE ALUMINIO 28 OZ 15X21.5 X 500 UND;UND;;PRD02621;;TAPA CRISTAL PARA MOLDE DE ALUMINIO 28 OZ 15X21.5 X 500 UND;PAQUETE;500;PAQUETE;PAQUETE x 500 UND;1;1;1
PRD02622;TAPA CRISTAL PARA MOLDE DE ALUMINIO 8 OZ 12.3X9.8 X 500 UND;UND;;PRD02622;;TAPA CRISTAL PARA MOLDE DE ALUMINIO 8 OZ 12.3X9.8 X 500 UND;PAQUETE;500;PAQUETE;PAQUETE x 500 UND;1;1;1
PRD02623;TAPA PARA ENVASE AJICERO PP 4 OZ TRANSPARENTE MILLAR;UND;;PRD02623;;TAPA PARA ENVASE AJICERO PP 4 OZ TRANSPARENTE MILLAR;PAQUETE;1000;PAQUETE;PAQUETE x 1000 UND;1;1;1
PRD02624;TAPA PARA ENVASE DESCARTABLE CIRCULAR PP TRANSPARENTE 0.5-1 LT ALFA X 200 UND;UND;;PRD02624;;TAPA PARA ENVASE DESCARTABLE CIRCULAR PP TRANSPARENTE 0.5-1 LT ALFA X 200 UND;PAQUETE;200;PAQUETE;PAQUETE x 200 UND;1;1;1
PRD02625;TAPA PARA ENVASE DESCARTABLE CIRCULAR PP TRANSPARENTE 8 OZ X 400 UND;UND;;PRD02625;;TAPA PARA ENVASE DESCARTABLE CIRCULAR PP TRANSPARENTE 8 OZ X 400 UND;PAQUETE;400;PAQUETE;PAQUETE x 400 UND;1;1;1
PRD02626;TAPA PARA ENVASE DESCARTABLE CIRCULAR PS BLANCO 0.5 - 1 LT ALFA X 200 UND;UND;;PRD02626;;TAPA PARA ENVASE DESCARTABLE CIRCULAR PS BLANCO 0.5 - 1 LT ALFA X 200 UND;PAQUETE;200;PAQUETE;PAQUETE x 200 UND;1;1;1
PRD02627;TAPA PARA ENVASE DESCARTABLE RECTANGULAR TRANSPARENTE PP 0.5 LT ALFA X 200 UND;UND;;PRD02627;;TAPA PARA ENVASE DESCARTABLE RECTANGULAR TRANSPARENTE PP 0.5 LT ALFA X 200 UND;PAQUETE;200;PAQUETE;PAQUETE x 200 UND;1;1;1
PRD02628;TAPA PARA ENVASE DESCARTABLE RECTANGULAR TRANSPARENTE PP 1 LT ALFA X 200 UND;UND;;PRD02628;;TAPA PARA ENVASE DESCARTABLE RECTANGULAR TRANSPARENTE PP 1 LT ALFA X 200 UND;PAQUETE;200;PAQUETE;PAQUETE x 200 UND;1;1;1
PRD02629;TAPA PARA ENVASE SOPERO DE BAMBU 16 OZ X 500 UND;UND;;PRD02629;;TAPA PARA ENVASE SOPERO DE BAMBU 16 OZ X 500 UND;PAQUETE;500;PAQUETE;PAQUETE x 500 UND;1;1;1
PRD02630;TAPA PARA ENVASE SOPERO DE BAMBU 32 OZ X 500 UND;UND;;PRD02630;;TAPA PARA ENVASE SOPERO DE BAMBU 32 OZ X 500 UND;PAQUETE;500;PAQUETE;PAQUETE x 500 UND;1;1;1
PRD02631;TAPA PARA VASO POLIPAPEL 12 OZ MILLAR;UND;;PRD02631;;TAPA PARA VASO POLIPAPEL 12 OZ MILLAR;PAQUETE;1000;PAQUETE;PAQUETE x 1000 UND;1;1;1
PRD02632;TAPA PARA VASO POLIPAPEL 8 OZ MILLAR;UND;;PRD02632;;TAPA PARA VASO POLIPAPEL 8 OZ MILLAR;PAQUETE;1000;PAQUETE;PAQUETE x 1000 UND;1;1;1
PRD02633;TAPA PET PARA ENVASE SALAD BOWL DE BAMBU 1000 ML X 600 UND;UND;;PRD02633;;TAPA PET PARA ENVASE SALAD BOWL DE BAMBU 1000 ML X 600 UND;PAQUETE;600;PAQUETE;PAQUETE x 600 UND;1;1;1
PRD02634;TAPA PET PARA ENVASE SALAD BOWL DE BAMBU 1300 ML X 300 UND;UND;;PRD02634;;TAPA PET PARA ENVASE SALAD BOWL DE BAMBU 1300 ML X 300 UND;PAQUETE;300;PAQUETE;PAQUETE x 300 UND;1;1;1
PRD02635;TAPA PET PARA ENVASE SALSERO PP 2 OZ NEGRO X 2500 UND;UND;;PRD02635;;TAPA PET PARA ENVASE SALSERO PP 2 OZ NEGRO X 2500 UND;PAQUETE;2500;PAQUETE;PAQUETE x 2500 UND;1;1;1
PRD02636;TAPA TRANSPARENTE PET PARA ENVASE DUPLO 16 OZ ALTO X 700 UND;UND;;PRD02636;;TAPA TRANSPARENTE PET PARA ENVASE DUPLO 16 OZ ALTO X 700 UND;PAQUETE;700;PAQUETE;PAQUETE x 700 UND;1;1;1
PRD02637;TAPA TRANSPARENTE PET PARA ENVASE DUPLO 24 OZ ALTO X 500 UND;UND;;PRD02637;;TAPA TRANSPARENTE PET PARA ENVASE DUPLO 24 OZ ALTO X 500 UND;PAQUETE;500;PAQUETE;PAQUETE x 500 UND;1;1;1
PRD02638;TAPA TRANSPARENTE PET PARA ENVASE DUPLO 48 OZ ALTO X 400 UND;UND;;PRD02638;;TAPA TRANSPARENTE PET PARA ENVASE DUPLO 48 OZ ALTO X 400 UND;PAQUETE;400;PAQUETE;PAQUETE x 400 UND;1;1;1
PRD02639;TENEDOR BIO PLA 16CM X 100 UND;UND;;PRD02639;;TENEDOR BIO PLA 16CM X 100 UND;PAQUETE;100;PAQUETE;PAQUETE x 100 UND;1;1;1
PRD02640;TENEDOR PARA SEGUNDO BLANCO DE PLASTICO DESCARTABLE LA EUROPEA 50 UND;UND;;PRD02640;;TENEDOR PARA SEGUNDO BLANCO DE PLASTICO DESCARTABLE LA EUROPEA 50 UND;PAQUETE;50;PAQUETE;PAQUETE x 50 UND;1;1;1
PRD02641;VASO DESCARTABLE PP N 10 ALFA X MILLAR;UND;;PRD02641;;VASO DESCARTABLE PP N 10 ALFA X MILLAR;PAQUETE;1000;PAQUETE;PAQUETE x 1000 UND;1;1;1
PRD02642;VASO DESCARTABLE PP N 5 ALFA X MILLAR;UND;;PRD02642;;VASO DESCARTABLE PP N 5 ALFA X MILLAR;PAQUETE;1000;PAQUETE;PAQUETE x 1000 UND;1;1;1
PRD02643;VASO DESCARTABLE PP N 7 ALFA X MILLAR;UND;;PRD02643;;VASO DESCARTABLE PP N 7 ALFA X MILLAR;PAQUETE;1000;PAQUETE;PAQUETE x 1000 UND;1;1;1
PRD02644;VASO POLIPAPEL BLANCO 12 OZ MILLAR;UND;;PRD02644;;VASO POLIPAPEL BLANCO 12 OZ MILLAR;PAQUETE;1000;PAQUETE;PAQUETE x 1000 UND;1;1;1
PRD02645;VASO POLIPAPEL BLANCO 4 OZ MILLAR;UND;;PRD02645;;VASO POLIPAPEL BLANCO 4 OZ MILLAR;PAQUETE;1000;PAQUETE;PAQUETE x 1000 UND;1;1;1
PRD02646;VASO POLIPAPEL BLANCO 8 OZ MILLAR;UND;;PRD02646;;VASO POLIPAPEL BLANCO 8 OZ MILLAR;PAQUETE;1000;PAQUETE;PAQUETE x 1000 UND;1;1;1
PRD02647;VASO POLIPAPEL DISEÑO BEBIDAS CALIENTES 8 OZ MILLAR;UND;;PRD02647;;VASO POLIPAPEL DISEÑO BEBIDAS CALIENTES 8 OZ MILLAR;PAQUETE;1000;PAQUETE;PAQUETE x 1000 UND;1;1;1
PRD02648;GUANTE DE NITRILO LIBRE DE POLVO AZUL R&G CAJA X 100 PARES T S;UND;;PRD02648;;GUANTE DE NITRILO LIBRE DE POLVO AZUL R&G CAJA X 100 PARES T S;CAJA;100;CAJA;CAJA x 100 UND;1;1;1
PRD02649;GUANTE DE NITRILO LIBRE DE POLVO AZUL R&G CAJA X 100 PARES T M;UND;;PRD02649;;GUANTE DE NITRILO LIBRE DE POLVO AZUL R&G CAJA X 100 PARES T M;CAJA;100;CAJA;CAJA x 100 UND;1;1;1
PRD02650;GUANTE DE NITRILO LIBRE DE POLVO AZUL R&G CAJA X 100 PARES T L;UND;;PRD02650;;GUANTE DE NITRILO LIBRE DE POLVO AZUL R&G CAJA X 100 PARES T L;CAJA;100;CAJA;CAJA x 100 UND;1;1;1
PRD02651;ENVASE SALSERO PP 2 OZ TRANSPARENTE X 2500 UND;UND;;PRD02651;;ENVASE SALSERO PP 2 OZ TRANSPARENTE X 2500 UND;PAQUETE;2500;PAQUETE;PAQUETE x 2500 UND;1;1;1
PRD02652;TAPA PET PARA ENVASE SALSERO PP 2 OZ TRANSPARENTE X 2500 UND;UND;;PRD02652;;TAPA PET PARA ENVASE SALSERO PP 2 OZ TRANSPARENTE X 2500 UND;PAQUETE;2500;PAQUETE;PAQUETE x 2500 UND;1;1;1
PRD02653;BOLSA PARA CUBIERTO 4X10 (8.5CM X 24.10CM) ALFA X 100 UND;UND;;PRD02653;;BOLSA PARA CUBIERTO 4X10 (8.5CM X 24.10CM) ALFA X 100 UND;PAQUETE;100;PAQUETE;PAQUETE x 100 UND;1;1;1
PRD02654;BOLSA BLANCA T-SHIRT 16 X 19 EL SOL X 100 UND;UND;;PRD02654;;BOLSA BLANCA T-SHIRT 16 X 19 EL SOL X 100 UND;PAQUETE;100;PAQUETE;PAQUETE x 100 UND;1;1;1
PRD02655;MASCARILLA KN95 BLANCA MAKETTO CAJA X10 PCS;UND;;PRD02655;;MASCARILLA KN95 BLANCA MAKETTO CAJA X10 PCS;PAQUETE;10;PAQUETE;PAQUETE x 10 UND;1;1;1
PRD02656;TOCA TIPO MEDIA CAMPANA 12 GR ISUD X100UND;UND;;PRD02656;;TOCA TIPO MEDIA CAMPANA 12 GR ISUD X100UND;PAQUETE;100;PAQUETE;PAQUETE x 100 UND;1;1;1
PRD02657;TOCA SOFT BLANCA ISUD 12 GR DOS LIGAS X100UND;UND;;PRD02657;;TOCA SOFT BLANCA ISUD 12 GR DOS LIGAS X100UND;PAQUETE;100;PAQUETE;PAQUETE x 100 UND;1;1;1
PRD02658;GUANTE DE NITRILO AZUL 4GR ISUD TALLA L X100UND;UND;;PRD02658;;GUANTE DE NITRILO AZUL 4GR ISUD TALLA L X100UND;PAQUETE;100;PAQUETE;PAQUETE x 100 UND;1;1;1
PRD02659;GUANTE DE NITRILO AZUL 4GR ISUD TALLA M X100UND;UND;;PRD02659;;GUANTE DE NITRILO AZUL 4GR ISUD TALLA M X100UND;PAQUETE;100;PAQUETE;PAQUETE x 100 UND;1;1;1
PRD02660;GUANTE DE NITRILO AZUL 4GR ISUD TALLA S X100UND;UND;;PRD02660;;GUANTE DE NITRILO AZUL 4GR ISUD TALLA S X100UND;PAQUETE;100;PAQUETE;PAQUETE x 100 UND;1;1;1
PRD02661;CAJA CHICA - PAPEL DE ALUMINIUM HY TOP 18X37.5;UND;CAJA CHICA;PRD02661;;CAJA CHICA - PAPEL DE ALUMINIUM HY TOP 18X37.5;CAJA;1;CAJA;CAJA x 1 UND;1;1;1
PRD02662;MUFFIN DE CHOCOLATE 100 GR REFRIGERADO;UND;;PRD02662;;MUFFIN DE CHOCOLATE 100 GR REFRIGERADO;UNIDAD;1;UNIDAD;UNIDAD x 1 UND;1;1;1
PRD02663;MUFFIN TULIPA TRIPLE CHOCOLATE (BOM BOM) 110 GRM;UND;;PRD02663;;MUFFIN TULIPA TRIPLE CHOCOLATE (BOM BOM) 110 GRM;UNIDAD;1;UNIDAD;UNIDAD x 1 UND;1;1;1
PRD02664;EMPANADA DE CARNE 100 GR MENU;UND;;PRD02664;;EMPANADA DE CARNE 100 GR MENU;UNIDAD;1;UNIDAD;UNIDAD x 1 UND;1;1;1
PRD02665;PIZZA AMERICANA PERSONAL RETAIL 110 GRM;UND;;PRD02665;;PIZZA AMERICANA PERSONAL RETAIL 110 GRM;UNIDAD;1;UNIDAD;UNIDAD x 1 UND;1;1;1
PRD02666;PIZZA TROPICAL (HAWAIANA) PERSONAL RETAIL 110 GRM;UND;;PRD02666;;PIZZA TROPICAL (HAWAIANA) PERSONAL RETAIL 110 GRM;UNIDAD;1;UNIDAD;UNIDAD x 1 UND;1;1;1
PRD02667;PIZZA SALAME (PEPPERONI) PERSONAL RETAIL 110 GRM;UND;;PRD02667;;PIZZA SALAME (PEPPERONI) PERSONAL RETAIL 110 GRM;UNIDAD;1;UNIDAD;UNIDAD x 1 UND;1;1;1
PRD02668;EMPANADA DE CARNE RETAIL 140 GRM;UND;;PRD02668;;EMPANADA DE CARNE RETAIL 140 GRM;UNIDAD;1;UNIDAD;UNIDAD x 1 UND;1;1;1
PRD02669;EMPANADA MIXTA RETAIL 140 GRM;UND;;PRD02669;;EMPANADA MIXTA RETAIL 140 GRM;UNIDAD;1;UNIDAD;UNIDAD x 1 UND;1;1;1
PRD02670;PASTA DE AJI AMARILLO RAM 1 KG;KG;;PRD02670;;PASTA DE AJI AMARILLO RAM 1 KG;BOLSA;1;BOLSA;BOLSA x 1 KG;1;1;1
PRD02671;EMPANADA DE AJI DE POLLO 100 GR MENU;UND;;PRD02671;;EMPANADA DE AJI DE POLLO 100 GR MENU;UNIDAD;1;UNIDAD;UNIDAD x 1 UND;1;1;1
PRD02672;EMPANADA DE AJI DE POLLO 145 GR RETAIL;UND;;PRD02672;;EMPANADA DE AJI DE POLLO 145 GR RETAIL;UNIDAD;1;UNIDAD;UNIDAD x 1 UND;1;1;1
PRD02673;FIESTRA EMPANADA DE CARNE 90 GR;UND;;PRD02673;;FIESTRA EMPANADA DE CARNE 90 GR;UNIDAD;1;UNIDAD;UNIDAD x 1 UND;1;1;1
PRD02674;FIESTRA EMPANADA MIXTA 90 GR;UND;;PRD02674;;FIESTRA EMPANADA MIXTA 90 GR;UNIDAD;1;UNIDAD;UNIDAD x 1 UND;1;1;1
PRD02675;SUJETADOR PARA MASCARILLAS;UND;;PRD02675;;SUJETADOR PARA MASCARILLAS;UNIDAD;1;UNIDAD;UNIDAD x 1 UND;1;1;1
PRD02676;KIT DE PECHO PARA SMARTPHONE GIRO 360;UND;;PRD02676;;KIT DE PECHO PARA SMARTPHONE GIRO 360;KIT;1;KIT;KIT x 1 UND;1;1;1
PRD02677;MANGA DE PUÑO DE PUNTO C/PASE P/DEDOS VENICUT5M;UND;;PRD02677;;MANGA DE PUÑO DE PUNTO C/PASE P/DEDOS VENICUT5M;UNIDAD;1;UNIDAD;UNIDAD x 1 UND;1;1;1
PRD02678;MAQUINA DE AFEITAR SHICK 24 UND;UND;;PRD02678;;MAQUINA DE AFEITAR SHICK 24 UND;PAQUETE;24;PAQUETE;PAQUETE x 24 UND;1;1;1
PRD02679;BETUN NEGRO SANTIAGO 90GR;UND;;PRD02679;;BETUN NEGRO SANTIAGO 90GR;LATA;1;LATA;LATA x 1 UND;1;1;1
PRD02680;BLOQUEADOR SOLAR SACHET VISAGE DERMOSOL F-100 10GR;UND;;PRD02680;;BLOQUEADOR SOLAR SACHET VISAGE DERMOSOL F-100 10GR;UNIDAD;1;UNIDAD;UNIDAD x 1 UND;1;1;1
PRD02681;CIGARRILLO LUCKY STRIKE CONVERTIBLE GRANDE;UND;;PRD02681;;CIGARRILLO LUCKY STRIKE CONVERTIBLE GRANDE;CAJETILLA;1;CAJETILLA;CAJETILLA x 1 UND;1;1;1
PRD02682;CORTA UÑAS CALIDAD MEDIA;UND;;PRD02682;;CORTA UÑAS CALIDAD MEDIA;UNIDAD;1;UNIDAD;UNIDAD x 1 UND;1;1;1
PRD02683;VICK VAPORUP LATA PERSONAL;UND;;PRD02683;;VICK VAPORUP LATA PERSONAL;UNIDAD;1;UNIDAD;UNIDAD x 1 UND;1;1;1
PRD02684;BLOQUEADOR SOLAR SACHET EXTREMO DERMASOL F-50 10 GR;UND;;PRD02684;;BLOQUEADOR SOLAR SACHET EXTREMO DERMASOL F-50 10 GR;UNIDAD;1;UNIDAD;UNIDAD x 1 UND;1;1;1
PRD02685;SHAMPOO PANTENE 18 ML;UND;;PRD02685;;SHAMPOO PANTENE 18 ML;SACHET;1;SACHET;SACHET x 1 UND;1;1;1
PRD02686;CORTA UÑAS 3 ESPADAS LINEA AMERICANA GRANDE;UND;;PRD02686;;CORTA UÑAS 3 ESPADAS LINEA AMERICANA GRANDE;UNIDAD;1;UNIDAD;UNIDAD x 1 UND;1;1;1
PRD02687;CIGARRILLO LUCKY STRIKE ORIGINAL NEGRO CHICO;UND;;PRD02687;;CIGARRILLO LUCKY STRIKE ORIGINAL NEGRO CHICO;CAJETILLA;1;CAJETILLA;CAJETILLA x 1 UND;1;1;1
PRD02688;CIGARRILLO LUCKY STRIKE ORIGINAL NEGRO GRANDE;UND;;PRD02688;;CIGARRILLO LUCKY STRIKE ORIGINAL NEGRO GRANDE;CAJETILLA;1;CAJETILLA;CAJETILLA x 1 UND;1;1;1
PRD02689;SHAMPOO H&S 375 ML;UND;;PRD02689;;SHAMPOO H&S 375 ML;FRASCO;1;FRASCO;FRASCO x 1 UND;1;1;1
PRD02690;CUADERNO ESCOLAR SURCO CUADRICULADO 80 HOJAS;UND;;PRD02690;;CUADERNO ESCOLAR SURCO CUADRICULADO 80 HOJAS;UNIDAD;1;UNIDAD;UNIDAD x 1 UND;1;1;1
PRD02691;LAPICERO FABER CASTELL 031-F AZUL;UND;;PRD02691;;LAPICERO FABER CASTELL 031-F AZUL;UNIDAD;1;UNIDAD;UNIDAD x 1 UND;1;1;1
PRD02692;LAPICERO FABER CASTELL 031- NEGRO;UND;;PRD02692;;LAPICERO FABER CASTELL 031- NEGRO;UNIDAD;1;UNIDAD;UNIDAD x 1 UND;1;1;1
PRD02693;"TIJERA GRANDE ARTESCO 8""";UND;;PRD02693;;"TIJERA GRANDE ARTESCO 8""";UNIDAD;1;UNIDAD;UNIDAD x 1 UND;1;1;1
PRD02694;VASELINA NO PERFUMADA POTE 25 GR;UND;;PRD02694;;VASELINA NO PERFUMADA POTE 25 GR;UNIDAD;1;UNIDAD;UNIDAD x 1 UND;1;1;1
PRD02695;VASELINA NO PERFUMADA POTE 15 GR;UND;;PRD02695;;VASELINA NO PERFUMADA POTE 15 GR;UNIDAD;1;UNIDAD;UNIDAD x 1 UND;1;1;1
PRD02696;LM-19 LAPICERO METALICO COLOR GUN;UND;;PRD02696;;LM-19 LAPICERO METALICO COLOR GUN;UNIDAD;1;UNIDAD;UNIDAD x 1 UND;1;1;1
PRD02697;JABA PLASTICA COSECHERA AZUL;UND;;PRD02697;;JABA PLASTICA COSECHERA AZUL;UNIDAD;1;UNIDAD;UNIDAD x 1 UND;1;1;1
PRD02698;PARIHUELA DE MADERA EAN 1.00 X 1.20MT - PREMIUM;UND;;PRD02698;;PARIHUELA DE MADERA EAN 1.00 X 1.20MT - PREMIUM;UNIDAD;1;UNIDAD;UNIDAD x 1 UND;1;1;1
PRD02699;CAJA CHICA - NUEVO SIN FORMATO COMPRA;UND;CAJA CHICA;PRD02699;;CAJA CHICA - NUEVO SIN FORMATO COMPRA;UNIDAD;1;UNIDAD;UNIDAD x 1 UND;1;1;1
PRD02700;CAJA CHICA - NUEVO CON FORMATO COMPRA;KG;CAJA CHICA;PRD02700;;CAJA CHICA - NUEVO CON FORMATO COMPRA;KILOGRAMO;1;KILOGRAMO;KILOGRAMO x 1 KG;1;1;1
PRD02701;CAJA CHICA - AZUCAR BLANCA X KG;KG;CAJA CHICA;PRD02701;;CAJA CHICA - AZUCAR BLANCA X KG;KILOGRAMO;1;KILOGRAMO;KILOGRAMO x 1 KG;1;1;1
PRD02702;CAJA CHICA - ACEITE VEGETAL CIL X 5 LT;UND;CAJA CHICA;PRD02702;;CAJA CHICA - ACEITE VEGETAL CIL X 5 LT;BOTELLA;1;BOTELLA;BOTELLA x 1 UND;1;1;1
PRD02703;CAJA CHICA - FIDEO SPAGUETTY ALIANZA X KG;KG;CAJA CHICA;PRD02703;;CAJA CHICA - FIDEO SPAGUETTY ALIANZA X KG;KILOGRAMO;1;KILOGRAMO;KILOGRAMO x 1 KG;1;1;1
PRD02704;CAJA CHICA - DETERGENTE ACE;UND;CAJA CHICA;PRD02704;;CAJA CHICA - DETERGENTE ACE;BOLSA;1;BOLSA;BOLSA x 1 UND;1;1;1
PRD02705;CAJA CHICA - VINO BLANCO COUSIÑO;L;CAJA CHICA;PRD02705;;CAJA CHICA - VINO BLANCO COUSIÑO;LITRO;1;LITRO;LITRO x 1 L;1;1;1
PRD02706;CAJA CHICA - LECHE EN TARRO LIGHT GLORIA 400 GR;UND;CAJA CHICA;PRD02706;;CAJA CHICA - LECHE EN TARRO LIGHT GLORIA 400 GR;LATA;1;LATA;LATA x 1 UND;1;1;1
PRD02707;CAJA CHICA - MAYONESA ALACENA 500 GR;UND;CAJA CHICA;PRD02707;;CAJA CHICA - MAYONESA ALACENA 500 GR;SACHET;1;SACHET;SACHET x 1 UND;1;1;1
PRD02708;CAJA CHICA - APIO;KG;CAJA CHICA;PRD02708;;CAJA CHICA - APIO;KILOGRAMO;1;KILOGRAMO;KILOGRAMO x 1 KG;1;1;1
PRD02709;CAJA CHICA - CARAMBOLA;KG;CAJA CHICA;PRD02709;;CAJA CHICA - CARAMBOLA;KILOGRAMO;1;KILOGRAMO;KILOGRAMO x 1 KG;1;1;1
PRD02710;CAJA CHICA - CULANTRO;KG;CAJA CHICA;PRD02710;;CAJA CHICA - CULANTRO;KILOGRAMO;1;KILOGRAMO;KILOGRAMO x 1 KG;1;1;1
PRD02711;CAJA CHICA - LIMON VERDE EXTRA;KG;CAJA CHICA;PRD02711;;CAJA CHICA - LIMON VERDE EXTRA;KILOGRAMO;1;KILOGRAMO;KILOGRAMO x 1 KG;1;1;1
PRD02712;CAJA CHICA - MANZANA ROJA CHILENA;KG;CAJA CHICA;PRD02712;;CAJA CHICA - MANZANA ROJA CHILENA;KILOGRAMO;1;KILOGRAMO;KILOGRAMO x 1 KG;1;1;1
PRD02713;CAJA CHICA - MARACUYA;KG;CAJA CHICA;PRD02713;;CAJA CHICA - MARACUYA;KILOGRAMO;1;KILOGRAMO;KILOGRAMO x 1 KG;1;1;1
PRD02714;CAJA CHICA - PAPAYA;KG;CAJA CHICA;PRD02714;;CAJA CHICA - PAPAYA;KILOGRAMO;1;KILOGRAMO;KILOGRAMO x 1 KG;1;1;1
PRD02715;CAJA CHICA - PIÑA SELVA;KG;CAJA CHICA;PRD02715;;CAJA CHICA - PIÑA SELVA;KILOGRAMO;1;KILOGRAMO;KILOGRAMO x 1 KG;1;1;1
PRD02716;CAJA CHICA - PORO;KG;CAJA CHICA;PRD02716;;CAJA CHICA - PORO;KILOGRAMO;1;KILOGRAMO;KILOGRAMO x 1 KG;1;1;1
PRD02717;CAJA CHICA - ROCOTO;KG;CAJA CHICA;PRD02717;;CAJA CHICA - ROCOTO;KILOGRAMO;1;KILOGRAMO;KILOGRAMO x 1 KG;1;1;1
PRD02718;CAJA CHICA - SANDIA;KG;CAJA CHICA;PRD02718;;CAJA CHICA - SANDIA;KILOGRAMO;1;KILOGRAMO;KILOGRAMO x 1 KG;1;1;1
PRD02719;CAJA CHICA - YOGURT DURAZNO SBELT 946 ML;UND;CAJA CHICA;PRD02719;;CAJA CHICA - YOGURT DURAZNO SBELT 946 ML;BOTELLA;1;BOTELLA;BOTELLA x 1 UND;1;1;1
PRD02720;CAJA CHICA - YOGURT FRESA SBELT 946 ML;UND;CAJA CHICA;PRD02720;;CAJA CHICA - YOGURT FRESA SBELT 946 ML;BOTELLA;1;BOTELLA;BOTELLA x 1 UND;1;1;1
PRD02721;CAJA CHICA - DETERGENTE MARSELLA 2.3 KG;UND;CAJA CHICA;PRD02721;;CAJA CHICA - DETERGENTE MARSELLA 2.3 KG;BOLSA;1;BOLSA;BOLSA x 1 UND;1;1;1
PRD02722;CAJA CHICA - LEJIA CLOROX 639 ML;UND;CAJA CHICA;PRD02722;;CAJA CHICA - LEJIA CLOROX 639 ML;BOTELLA;1;BOTELLA;BOTELLA x 1 UND;1;1;1
PRD02723;CAJA CHICA - BOLSA PARA BASURA NEGRA 140 LT;UND;CAJA CHICA;PRD02723;;CAJA CHICA - BOLSA PARA BASURA NEGRA 140 LT;UNIDAD;1;UNIDAD;UNIDAD x 1 UND;1;1;1
PRD02724;CAJA CHICA - BETERRAGA FRESCA;KG;CAJA CHICA;PRD02724;;CAJA CHICA - BETERRAGA FRESCA;KILOGRAMO;1;KILOGRAMO;KILOGRAMO x 1 KG;1;1;1
PRD02725;CAJA CHICA - LECHUGA AMERICANA;KG;CAJA CHICA;PRD02725;;CAJA CHICA - LECHUGA AMERICANA;KILOGRAMO;1;KILOGRAMO;KILOGRAMO x 1 KG;1;1;1
PRD02726;CAJA CHICA - PEPINILLO;KG;CAJA CHICA;PRD02726;;CAJA CHICA - PEPINILLO;KILOGRAMO;1;KILOGRAMO;KILOGRAMO x 1 KG;1;1;1
PRD02727;CAJA CHICA - ZAPALLO MACRE;KG;CAJA CHICA;PRD02727;;CAJA CHICA - ZAPALLO MACRE;KILOGRAMO;1;KILOGRAMO;KILOGRAMO x 1 KG;1;1;1
PRD02728;CAJA CHICA - MANZANA VERDE PARA JUGO;KG;CAJA CHICA;PRD02728;;CAJA CHICA - MANZANA VERDE PARA JUGO;KILOGRAMO;1;KILOGRAMO;KILOGRAMO x 1 KG;1;1;1
PRD02729;CAJA CHICA - LENTEJA;KG;CAJA CHICA;PRD02729;;CAJA CHICA - LENTEJA;KILOGRAMO;1;KILOGRAMO;KILOGRAMO x 1 KG;1;1;1
PRD02730;CAJA CHICA - ARVEJA VERDE PARTIDA;KG;CAJA CHICA;PRD02730;;CAJA CHICA - ARVEJA VERDE PARTIDA;KILOGRAMO;1;KILOGRAMO;KILOGRAMO x 1 KG;1;1;1
PRD02731;CAJA CHICA - FRIJOL CABALLERO;KG;CAJA CHICA;PRD02731;;CAJA CHICA - FRIJOL CABALLERO;KILOGRAMO;1;KILOGRAMO;KILOGRAMO x 1 KG;1;1;1
PRD02732;CAJA CHICA - FRUTOS SECOS BELLO HORIZONTE 75 GR;UND;CAJA CHICA;PRD02732;;CAJA CHICA - FRUTOS SECOS BELLO HORIZONTE 75 GR;BOLSA;1;BOLSA;BOLSA x 1 UND;1;1;1
PRD02733;CAJA CHICA - NESCAFE DOLCE GUSTO LUNGO;UND;CAJA CHICA;PRD02733;;CAJA CHICA - NESCAFE DOLCE GUSTO LUNGO;CAJA;1;CAJA;CAJA x 1 UND;1;1;1
PRD02734;CAJA CHICA - CHOCOLATE MILKY IBERICA;UND;CAJA CHICA;PRD02734;;CAJA CHICA - CHOCOLATE MILKY IBERICA;UNIDAD;1;UNIDAD;UNIDAD x 1 UND;1;1;1
PRD02735;CAJA CHICA - EDULCORANTE SUGAFOR 200 UND;UND;CAJA CHICA;PRD02735;;CAJA CHICA - EDULCORANTE SUGAFOR 200 UND;CAJA;1;CAJA;CAJA x 1 UND;1;1;1
PRD02736;CAJA CHICA - COCA COLA ZERO X 500ML;UND;CAJA CHICA;PRD02736;;CAJA CHICA - COCA COLA ZERO X 500ML;BOTELLA;1;BOTELLA;BOTELLA x 1 UND;1;1;1
PRD02737;CAJA CHICA - PATO ENTERO;KG;CAJA CHICA;PRD02737;;CAJA CHICA - PATO ENTERO;KILOGRAMO;1;KILOGRAMO;KILOGRAMO x 1 KG;1;1;1
PRD02738;CAJA CHICA - BOLSAS SANGUCHERAS X 100 UND;UND;CAJA CHICA;PRD02738;;CAJA CHICA - BOLSAS SANGUCHERAS X 100 UND;CAJA;1;CAJA;CAJA x 1 UND;1;1;1
PRD02739;CAJA CHICA - CONO BARQUILLO AMARILLO X 1250 UND;UND;CAJA CHICA;PRD02739;;CAJA CHICA - CONO BARQUILLO AMARILLO X 1250 UND;CAJA;1;CAJA;CAJA x 1 UND;1;1;1
PRD02740;CAJA CHICA - ACEITUNA CON PIMIENTO;KG;CAJA CHICA;PRD02740;;CAJA CHICA - ACEITUNA CON PIMIENTO;KILOGRAMO;1;KILOGRAMO;KILOGRAMO x 1 KG;1;1;1
PRD02741;CAJA CHICA - ALCACHOFAS FOND VALLE FERTIL 950;UND;CAJA CHICA;PRD02741;;CAJA CHICA - ALCACHOFAS FOND VALLE FERTIL 950;FRASCO;1;FRASCO;FRASCO x 1 UND;1;1;1
PRD02742;CAJA CHICA - CEBOLLA PERLA;KG;CAJA CHICA;PRD02742;;CAJA CHICA - CEBOLLA PERLA;KILOGRAMO;1;KILOGRAMO;KILOGRAMO x 1 KG;1;1;1
PRD02743;CAJA CHICA - CHIVES;KG;CAJA CHICA;PRD02743;;CAJA CHICA - CHIVES;KILOGRAMO;1;KILOGRAMO;KILOGRAMO x 1 KG;1;1;1
PRD02744;CAJA CHICA - CHOCOLATE HERSHEYS SYRUP;UND;CAJA CHICA;PRD02744;;CAJA CHICA - CHOCOLATE HERSHEYS SYRUP;FRASCO;1;FRASCO;FRASCO x 1 UND;1;1;1
PRD02745;CAJA CHICA - CONSERVA FLORIDA CORAZON DE ALCACHOFA;UND;CAJA CHICA;PRD02745;;CAJA CHICA - CONSERVA FLORIDA CORAZON DE ALCACHOFA;LATA;1;LATA;LATA x 1 UND;1;1;1
PRD02746;CAJA CHICA - CONSERVA PALMITO ENTERO;UND;CAJA CHICA;PRD02746;;CAJA CHICA - CONSERVA PALMITO ENTERO;LATA;1;LATA;LATA x 1 UND;1;1;1
PRD02747;CAJA CHICA - CONSERVA VALLE FERTIL FONDO DE ALCACHOFA;UND;CAJA CHICA;PRD02747;;CAJA CHICA - CONSERVA VALLE FERTIL FONDO DE ALCACHOFA;LATA;1;LATA;LATA x 1 UND;1;1;1
PRD02748;CAJA CHICA - CREMA CHANTILLY PURATOS;L;CAJA CHICA;PRD02748;;CAJA CHICA - CREMA CHANTILLY PURATOS;LITRO;1;LITRO;LITRO x 1 L;1;1;1
PRD02749;CAJA CHICA - CREMA DE COCO SELVA 270 ML;UND;CAJA CHICA;PRD02749;;CAJA CHICA - CREMA DE COCO SELVA 270 ML;FRASCO;1;FRASCO;FRASCO x 1 UND;1;1;1
PRD02750;CAJA CHICA - CREMA DE LECHE NESTLE 300;UND;CAJA CHICA;PRD02750;;CAJA CHICA - CREMA DE LECHE NESTLE 300;LATA;1;LATA;LATA x 1 UND;1;1;1
PRD02751;CAJA CHICA - CREMA SABOR A COCO ARO 800 ML;UND;CAJA CHICA;PRD02751;;CAJA CHICA - CREMA SABOR A COCO ARO 800 ML;BOTELLA;1;BOTELLA;BOTELLA x 1 UND;1;1;1
PRD02752;CAJA CHICA - EDULCORANTE SUGAFOR POLVO 200 X 1GR;UND;CAJA CHICA;PRD02752;;CAJA CHICA - EDULCORANTE SUGAFOR POLVO 200 X 1GR;CAJA;1;CAJA;CAJA x 1 UND;1;1;1
PRD02753;CAJA CHICA - JARABE CHUNCHO DE GOMA 750 ML;UND;CAJA CHICA;PRD02753;;CAJA CHICA - JARABE CHUNCHO DE GOMA 750 ML;BOTELLA;1;BOTELLA;BOTELLA x 1 UND;1;1;1
PRD02754;CAJA CHICA - JARABE CHUNCHO DE GRANADILLA 750 ML;UND;CAJA CHICA;PRD02754;;CAJA CHICA - JARABE CHUNCHO DE GRANADILLA 750 ML;BOTELLA;1;BOTELLA;BOTELLA x 1 UND;1;1;1
PRD02755;CAJA CHICA - JARABE DE GOMA VILLA ANDINA 750 ML;UND;CAJA CHICA;PRD02755;;CAJA CHICA - JARABE DE GOMA VILLA ANDINA 750 ML;BOTELLA;1;BOTELLA;BOTELLA x 1 UND;1;1;1
PRD02756;CAJA CHICA - JARABE DE GRANADINA VILLA ANDINA 750 ML;UND;CAJA CHICA;PRD02756;;CAJA CHICA - JARABE DE GRANADINA VILLA ANDINA 750 ML;BOTELLA;1;BOTELLA;BOTELLA x 1 UND;1;1;1
PRD02757;CAJA CHICA - JARABE SPITZE ALGARROBINA;UND;CAJA CHICA;PRD02757;;CAJA CHICA - JARABE SPITZE ALGARROBINA;BOTELLA;1;BOTELLA;BOTELLA x 1 UND;1;1;1
PRD02758;CAJA CHICA - M HOJARASCAS;UND;CAJA CHICA;PRD02758;;CAJA CHICA - M HOJARASCAS;UNIDAD;1;UNIDAD;UNIDAD x 1 UND;1;1;1
PRD02759;CAJA CHICA - MENTA;KG;CAJA CHICA;PRD02759;;CAJA CHICA - MENTA;KILOGRAMO;1;KILOGRAMO;KILOGRAMO x 1 KG;1;1;1
PRD02760;CAJA CHICA - PALMITOS TROZOS COSECHA DE OROR;UND;CAJA CHICA;PRD02760;;CAJA CHICA - PALMITOS TROZOS COSECHA DE OROR;FRASCO;1;FRASCO;FRASCO x 1 UND;1;1;1
PRD02761;CAJA CHICA - PANKO YUMART 230 GR;UND;CAJA CHICA;PRD02761;;CAJA CHICA - PANKO YUMART 230 GR;BOLSA;1;BOLSA;BOLSA x 1 UND;1;1;1
PRD02762;CAJA CHICA - PIÑA HAWAINA KG;KG;CAJA CHICA;PRD02762;;CAJA CHICA - PIÑA HAWAINA KG;KILOGRAMO;1;KILOGRAMO;KILOGRAMO x 1 KG;1;1;1
PRD02763;CAJA CHICA - POLLO ALITAS BRUCHECK;KG;CAJA CHICA;PRD02763;;CAJA CHICA - POLLO ALITAS BRUCHECK;KILOGRAMO;1;KILOGRAMO;KILOGRAMO x 1 KG;1;1;1
PRD02764;CAJA CHICA - PULPA ORGANICA DE CAMU CAMU;KG;CAJA CHICA;PRD02764;;CAJA CHICA - PULPA ORGANICA DE CAMU CAMU;KILOGRAMO;1;KILOGRAMO;KILOGRAMO x 1 KG;1;1;1
PRD02765;CAJA CHICA - QUESO GLORIA BONLE MOZZARELLA;KG;CAJA CHICA;PRD02765;;CAJA CHICA - QUESO GLORIA BONLE MOZZARELLA;KILOGRAMO;1;KILOGRAMO;KILOGRAMO x 1 KG;1;1;1
PRD02766;CAJA CHICA - QUESO PHILADELPHIA ORIGIBAL;UND;CAJA CHICA;PRD02766;;CAJA CHICA - QUESO PHILADELPHIA ORIGIBAL;PAQUETE;1;PAQUETE;PAQUETE x 1 UND;1;1;1
PRD02767;CAJA CHICA - SALSA BBQ AHUM;UND;CAJA CHICA;PRD02767;;CAJA CHICA - SALSA BBQ AHUM;FRASCO;1;FRASCO;FRASCO x 1 UND;1;1;1
PRD02768;CAJA CHICA - SALSA SHUR FINE;UND;CAJA CHICA;PRD02768;;CAJA CHICA - SALSA SHUR FINE;FRASCO;1;FRASCO;FRASCO x 1 UND;1;1;1
PRD02769;CAJA CHICA - SAZON COMPLETA BADIA;UND;CAJA CHICA;PRD02769;;CAJA CHICA - SAZON COMPLETA BADIA;FRASCO;1;FRASCO;FRASCO x 1 UND;1;1;1
PRD02770;CAJA CHICA - TOMILLO FRESCO;KG;CAJA CHICA;PRD02770;;CAJA CHICA - TOMILLO FRESCO;KILOGRAMO;1;KILOGRAMO;KILOGRAMO x 1 KG;1;1;1
PRD02771;CAJA CHICA - LECHON ENTERO X KG;KG;CAJA CHICA;PRD02771;;CAJA CHICA - LECHON ENTERO X KG;KILOGRAMO;1;KILOGRAMO;KILOGRAMO x 1 KG;1;1;1
PRD02772;CAJA CHICA - PULPA DE CANGREJO PQTE;UND;CAJA CHICA;PRD02772;;CAJA CHICA - PULPA DE CANGREJO PQTE;PAQUETE;1;PAQUETE;PAQUETE x 1 UND;1;1;1
PRD02773;CAJA CHICA - GUINDONES X KG;KG;CAJA CHICA;PRD02773;;CAJA CHICA - GUINDONES X KG;KILOGRAMO;1;KILOGRAMO;KILOGRAMO x 1 KG;1;1;1
PRD02774;CAJA CHICA - SORBETES;UND;CAJA CHICA;PRD02774;;CAJA CHICA - SORBETES;PAQUETE;1;PAQUETE;PAQUETE x 1 UND;1;1;1
PRD02775;CAJA CHICA - VINO CHARDONNAY CHINEN;UND;CAJA CHICA;PRD02775;;CAJA CHICA - VINO CHARDONNAY CHINEN;UNIDAD;1;UNIDAD;UNIDAD x 1 UND;1;1;1
PRD02776;CAJA CHICA - GALLETA DE VAINILLA;UND;CAJA CHICA;PRD02776;;CAJA CHICA - GALLETA DE VAINILLA;UNIDAD;1;UNIDAD;UNIDAD x 1 UND;1;1;1
PRD02777;CAJA CHICA - POLLO SIN MENUDENCIA CONGELADO RANGO 1.6 KG;KG;CAJA CHICA;PRD02777;;CAJA CHICA - POLLO SIN MENUDENCIA CONGELADO RANGO 1.6 KG;KILOGRAMO;1;KILOGRAMO;KILOGRAMO x 1 KG;1;1;1
PRD02778;CAJA CHICA - PALILLO X 34.2 GR;UND;CAJA CHICA;PRD02778;;CAJA CHICA - PALILLO X 34.2 GR;UNIDAD;1;UNIDAD;UNIDAD x 1 UND;1;1;1
PRD02779;CAJA CHICA - PANETON GLORIA 900 GR BOLSA;UND;CAJA CHICA;PRD02779;;CAJA CHICA - PANETON GLORIA 900 GR BOLSA;UNIDAD;1;UNIDAD;UNIDAD x 1 UND;1;1;1
PRD02780;CAJA CHICA - LENGUADO ENTERO;KG;CAJA CHICA;PRD02780;;CAJA CHICA - LENGUADO ENTERO;KILOGRAMO;1;KILOGRAMO;KILOGRAMO x 1 KG;1;1;1
PRD02781;CAJA CHICA - SALSA TABASCO 150 ML;UND;CAJA CHICA;PRD02781;;CAJA CHICA - SALSA TABASCO 150 ML;UNIDAD;1;UNIDAD;UNIDAD x 1 UND;1;1;1
PRD02782;CAJA CHICA - GALLETA AQUA LIGHT;UND;CAJA CHICA;PRD02782;;CAJA CHICA - GALLETA AQUA LIGHT;UNIDAD;1;UNIDAD;UNIDAD x 1 UND;1;1;1
PRD02783;CAJA CHICA - AZUCAR BLANCA SOL DE LAREDO;KG;CAJA CHICA;PRD02783;;CAJA CHICA - AZUCAR BLANCA SOL DE LAREDO;KILOGRAMO;1;KILOGRAMO;KILOGRAMO x 1 KG;1;1;1
PRD02784;CAJA CHICA - AZUCAR RUBIA PARAMONGA;KG;CAJA CHICA;PRD02784;;CAJA CHICA - AZUCAR RUBIA PARAMONGA;KILOGRAMO;1;KILOGRAMO;KILOGRAMO x 1 KG;1;1;1
PRD02785;CAJA CHICA - PISO PARA TORTA TECNOPOR REDONDO 32;UND;CAJA CHICA;PRD02785;;CAJA CHICA - PISO PARA TORTA TECNOPOR REDONDO 32;UNIDAD;1;UNIDAD;UNIDAD x 1 UND;1;1;1
PRD02786;CAJA CHICA - PAÑUELOS KLEENEX;UND;CAJA CHICA;PRD02786;;CAJA CHICA - PAÑUELOS KLEENEX;UNIDAD;1;UNIDAD;UNIDAD x 1 UND;1;1;1
PRD02787;CAJA CHICA - RES BOLA DE LOMO CONGELADO NACIONAL;KG;CAJA CHICA;PRD02787;;CAJA CHICA - RES BOLA DE LOMO CONGELADO NACIONAL;KILOGRAMO;1;KILOGRAMO;KILOGRAMO x 1 KG;1;1;1
PRD02788;CAJA CHICA - CEBADA TOSTADA 2.5 KG;UND;CAJA CHICA;PRD02788;;CAJA CHICA - CEBADA TOSTADA 2.5 KG;BOLSA;1;BOLSA;BOLSA x 1 UND;1;1;1
PRD02789;CAJA CHICA - ENVASE DESCARTABLE RECTANGULAR C/TAPA 32 OZ 100;UND;CAJA CHICA;PRD02789;;CAJA CHICA - ENVASE DESCARTABLE RECTANGULAR C/TAPA 32 OZ 100;PAQUETE;1;PAQUETE;PAQUETE x 1 UND;1;1;1
PRD02790;CAJA CHICA - ENVASE PLASTICO REDONDO C/TAPA 500 ML (16 OZ);UND;CAJA CHICA;PRD02790;;CAJA CHICA - ENVASE PLASTICO REDONDO C/TAPA 500 ML (16 OZ);UNIDAD;1;UNIDAD;UNIDAD x 1 UND;1;1;1
PRD02791;CAJA CHICA - JUGO DE MANZANA LAIVE 200 ML;UND;CAJA CHICA;PRD02791;;CAJA CHICA - JUGO DE MANZANA LAIVE 200 ML;CAJA;1;CAJA;CAJA x 1 UND;1;1;1
PRD02792;CAJA CHICA - YOGURT FRESA NORMAL 200 ML LAIVE;UND;CAJA CHICA;PRD02792;;CAJA CHICA - YOGURT FRESA NORMAL 200 ML LAIVE;UNIDAD;1;UNIDAD;UNIDAD x 1 UND;1;1;1
PRD02793;CAJA CHICA - YOGURT VAINILLA LIGHT 946 ML LAIVE;UND;CAJA CHICA;PRD02793;;CAJA CHICA - YOGURT VAINILLA LIGHT 946 ML LAIVE;UNIDAD;1;UNIDAD;UNIDAD x 1 UND;1;1;1
PRD02794;CAJA CHICA - GALLETA DULCE VAINILLA FIELD 37 GR;UND;CAJA CHICA;PRD02794;;CAJA CHICA - GALLETA DULCE VAINILLA FIELD 37 GR;UNIDAD;1;UNIDAD;UNIDAD x 1 UND;1;1;1
PRD02795;CAJA CHICA - FILETE DE PECHUGA DE POLLO (90-150 GR) S/PIEL R;KG;CAJA CHICA;PRD02795;;CAJA CHICA - FILETE DE PECHUGA DE POLLO (90-150 GR) S/PIEL R;KILOGRAMO;1;KILOGRAMO;KILOGRAMO x 1 KG;1;1;1
PRD02796;CAJA CHICA - INFUSION ANIS HERBI 100 SOBRES;UND;CAJA CHICA;PRD02796;;CAJA CHICA - INFUSION ANIS HERBI 100 SOBRES;CAJA;1;CAJA;CAJA x 1 UND;1;1;1
PRD02797;CAJA CHICA - INFUSION HIERBA LUISA HERBI 100 SOBRES;UND;CAJA CHICA;PRD02797;;CAJA CHICA - INFUSION HIERBA LUISA HERBI 100 SOBRES;CAJA;1;CAJA;CAJA x 1 UND;1;1;1
PRD02798;CAJA CHICA - INFUSION MANZANILLA HERBI 100 SOBRES;UND;CAJA CHICA;PRD02798;;CAJA CHICA - INFUSION MANZANILLA HERBI 100 SOBRES;CAJA;1;CAJA;CAJA x 1 UND;1;1;1
PRD02799;CAJA CHICA - INFUSION MATE DE COCA HERBI 100 SOBRES;UND;CAJA CHICA;PRD02799;;CAJA CHICA - INFUSION MATE DE COCA HERBI 100 SOBRES;CAJA;100;CAJA;CAJA x 100 UND;1;1;1
PRD02800;CAJA CHICA - INFUSION TE BOLDO HERBI 100 SOBRES;UND;CAJA CHICA;PRD02800;;CAJA CHICA - INFUSION TE BOLDO HERBI 100 SOBRES;CAJA;1;CAJA;CAJA x 1 UND;1;1;1
PRD02801;CAJA CHICA - INFUSION TE CANELA Y CLAVO HERBI 100 SOBRES;UND;CAJA CHICA;PRD02801;;CAJA CHICA - INFUSION TE CANELA Y CLAVO HERBI 100 SOBRES;CAJA;1;CAJA;CAJA x 1 UND;1;1;1
PRD02802;CAJA CHICA - INFUSION TE ROJO PURO HERBI 100 SOBRES;UND;CAJA CHICA;PRD02802;;CAJA CHICA - INFUSION TE ROJO PURO HERBI 100 SOBRES;CAJA;1;CAJA;CAJA x 1 UND;1;1;1
PRD02803;CAJA CHICA - INFUSION UÑA DE GATO HERBI 100 SOBRES;UND;CAJA CHICA;PRD02803;;CAJA CHICA - INFUSION UÑA DE GATO HERBI 100 SOBRES;CAJA;1;CAJA;CAJA x 1 UND;1;1;1
PRD02804;CAJA CHICA - JAMON INGLES REFRIGERADO 200 GR;UND;CAJA CHICA;PRD02804;;CAJA CHICA - JAMON INGLES REFRIGERADO 200 GR;PAQUETE;1;PAQUETE;PAQUETE x 1 UND;1;1;1
PRD02805;CAJA CHICA - JAMON PARA CAFETIN REFRIGERADO 500 GR;UND;CAJA CHICA;PRD02805;;CAJA CHICA - JAMON PARA CAFETIN REFRIGERADO 500 GR;PAQUETE;1;PAQUETE;PAQUETE x 1 UND;1;1;1
PRD02806;CAJA CHICA - MERMELADA FRESA FLORIDA 1 KG;KG;CAJA CHICA;PRD02806;;CAJA CHICA - MERMELADA FRESA FLORIDA 1 KG;UNIDAD;1;UNIDAD;UNIDAD x 1 KG;1;1;1
PRD02807;CAJA CHICA - SALCHICHA HOT DOG REFRIGERADO KG;KG;CAJA CHICA;PRD02807;;CAJA CHICA - SALCHICHA HOT DOG REFRIGERADO KG;KILOGRAMO;1;KILOGRAMO;KILOGRAMO x 1 KG;1;1;1
PRD02808;CAJA CHICA - TOCINO AHUMADO REFRIGERADO KG;KG;CAJA CHICA;PRD02808;;CAJA CHICA - TOCINO AHUMADO REFRIGERADO KG;KILOGRAMO;1;KILOGRAMO;KILOGRAMO x 1 KG;1;1;1
PRD02809;CAJA CHICA - PAPEL TERMICO MONOGLUCIDO UND;UND;CAJA CHICA;PRD02809;;CAJA CHICA - PAPEL TERMICO MONOGLUCIDO UND;UNIDAD;1;UNIDAD;UNIDAD x 1 UND;1;1;1
PRD02810;CAJA CHICA - VINAGRE BALSÁMICO LT.;L;CAJA CHICA;PRD02810;;CAJA CHICA - VINAGRE BALSÁMICO LT.;LITRO;1;LITRO;LITRO x 1 L;1;1;1
PRD02811;CAJA CHICA - INFUSION TE BOLDO HERBI 25 SOBRES;UND;CAJA CHICA;PRD02811;;CAJA CHICA - INFUSION TE BOLDO HERBI 25 SOBRES;CAJA;1;CAJA;CAJA x 1 UND;1;1;1
PRD02812;CAJA CHICA - RES LOMO FINO CONGELADO NACIONAL;KG;CAJA CHICA;PRD02812;;CAJA CHICA - RES LOMO FINO CONGELADO NACIONAL;KILOGRAMO;1;KILOGRAMO;KILOGRAMO x 1 KG;1;1;1
PRD02813;CAJA CHICA - PAVO PECHUGA GUISO TROZADA 150 GR.;KG;CAJA CHICA;PRD02813;;CAJA CHICA - PAVO PECHUGA GUISO TROZADA 150 GR.;KILOGRAMO;1;KILOGRAMO;KILOGRAMO x 1 KG;1;1;1
PRD02814;CAJA CHICA - CHICHARRON DE PRENSA REFRIGERADO KG;KG;CAJA CHICA;PRD02814;;CAJA CHICA - CHICHARRON DE PRENSA REFRIGERADO KG;KILOGRAMO;1;KILOGRAMO;KILOGRAMO x 1 KG;1;1;1
PRD02815;CAJA CHICA - CHORIZO PARRILLERO REFRIGERADO KG;KG;CAJA CHICA;PRD02815;;CAJA CHICA - CHORIZO PARRILLERO REFRIGERADO KG;KILOGRAMO;1;KILOGRAMO;KILOGRAMO x 1 KG;1;1;1
PRD02816;CAJA CHICA - JAMON DEL PAIS REFRIGERADO 500 GR;UND;CAJA CHICA;PRD02816;;CAJA CHICA - JAMON DEL PAIS REFRIGERADO 500 GR;PAQUETE;1;PAQUETE;PAQUETE x 1 UND;1;1;1
PRD02817;CAJA CHICA - JAMONADA PARA CAFETIN REFRIGERADO 500 GR.;UND;CAJA CHICA;PRD02817;;CAJA CHICA - JAMONADA PARA CAFETIN REFRIGERADO 500 GR.;PAQUETE;1;PAQUETE;PAQUETE x 1 UND;1;1;1
PRD02818;CAJA CHICA - MORTADELA PARA CAFETIN REFRIGERADO 500 GR;UND;CAJA CHICA;PRD02818;;CAJA CHICA - MORTADELA PARA CAFETIN REFRIGERADO 500 GR;PAQUETE;1;PAQUETE;PAQUETE x 1 UND;1;1;1
PRD02819;CAJA CHICA - SERVILLETA 12 X12 DOBLADAS SODEXO 150 UND;UND;CAJA CHICA;PRD02819;;CAJA CHICA - SERVILLETA 12 X12 DOBLADAS SODEXO 150 UND;PAQUETE;1;PAQUETE;PAQUETE x 1 UND;1;1;1
PRD02820;CAJA CHICA - VASO BIODEGRADABLE 8 OZ MILLAR;UND;CAJA CHICA;PRD02820;;CAJA CHICA - VASO BIODEGRADABLE 8 OZ MILLAR;PAQUETE;1;PAQUETE;PAQUETE x 1 UND;1;1;1
PRD02821;CAJA CHICA - PASTA DE TOMATE MOLITALIA 750 GR;UND;CAJA CHICA;PRD02821;;CAJA CHICA - PASTA DE TOMATE MOLITALIA 750 GR;UNIDAD;1;UNIDAD;UNIDAD x 1 UND;1;1;1
PRD02822;CAJA CHICA - SECADOR DE TELA;UND;CAJA CHICA;PRD02822;;CAJA CHICA - SECADOR DE TELA;UNIDAD;1;UNIDAD;UNIDAD x 1 UND;1;1;1
PRD02823;CAJA CHICA - CARAMELO HALLS CREAMY FRESA 100 UND.;UND;CAJA CHICA;PRD02823;;CAJA CHICA - CARAMELO HALLS CREAMY FRESA 100 UND.;BOLSA;1;BOLSA;BOLSA x 1 UND;1;1;1
PRD02824;CAJA CHICA - HARINA ESPECIAL LUCIANO GRANEL;KG;CAJA CHICA;PRD02824;;CAJA CHICA - HARINA ESPECIAL LUCIANO GRANEL;KILOGRAMO;1;KILOGRAMO;KILOGRAMO x 1 KG;1;1;1
PRD02825;CAJA CHICA - INFUSION HIERBA LUISA 100 SOBRES;UND;CAJA CHICA;PRD02825;;CAJA CHICA - INFUSION HIERBA LUISA 100 SOBRES;CAJA;1;CAJA;CAJA x 1 UND;1;1;1
PRD02826;CAJA CHICA - MIXTURA DE SOPA CONGELADO;KG;CAJA CHICA;PRD02826;;CAJA CHICA - MIXTURA DE SOPA CONGELADO;KILOGRAMO;1;KILOGRAMO;KILOGRAMO x 1 KG;1;1;1
PRD02827;CAJA CHICA - ACEITE DE OLIVA LT;L;CAJA CHICA;PRD02827;;CAJA CHICA - ACEITE DE OLIVA LT;LITRO;1;LITRO;LITRO x 1 L;1;1;1
PRD02828;CAJA CHICA - CERDO BONDIOLA CONGELADO KG;KG;CAJA CHICA;PRD02828;;CAJA CHICA - CERDO BONDIOLA CONGELADO KG;KILOGRAMO;1;KILOGRAMO;KILOGRAMO x 1 KG;1;1;1
PRD02829;CAJA CHICA - AJI MIRASOL MOLIDO ENVASADO KG;KG;CAJA CHICA;PRD02829;;CAJA CHICA - AJI MIRASOL MOLIDO ENVASADO KG;KILOGRAMO;1;KILOGRAMO;KILOGRAMO x 1 KG;1;1;1
PRD02830;CAJA CHICA - CAFÉ MOLIDO KIRMA X 200 GR;UND;CAJA CHICA;PRD02830;;CAJA CHICA - CAFÉ MOLIDO KIRMA X 200 GR;LATA;1;LATA;LATA x 1 UND;1;1;1
PRD02831;CAJA CHICA - PASTA DE TOMATE 750 GR.;UND;CAJA CHICA;PRD02831;;CAJA CHICA - PASTA DE TOMATE 750 GR.;UNIDAD;1;UNIDAD;UNIDAD x 1 UND;1;1;1
PRD02832;CAJA CHICA - POLLO ENTERO S/M CONGELADO 1.65-1.70 KG;KG;CAJA CHICA;PRD02832;;CAJA CHICA - POLLO ENTERO S/M CONGELADO 1.65-1.70 KG;KILOGRAMO;1;KILOGRAMO;KILOGRAMO x 1 KG;1;1;1
PRD02833;CAJA CHICA - AJI AMARILLO ENTERO CONGELADO KG;KG;CAJA CHICA;PRD02833;;CAJA CHICA - AJI AMARILLO ENTERO CONGELADO KG;KILOGRAMO;1;KILOGRAMO;KILOGRAMO x 1 KG;1;1;1
PRD02834;CAJA CHICA - ENSALADA DE RUSA CONGELADO KG;KG;CAJA CHICA;PRD02834;;CAJA CHICA - ENSALADA DE RUSA CONGELADO KG;KILOGRAMO;1;KILOGRAMO;KILOGRAMO x 1 KG;1;1;1
PRD02835;CAJA CHICA - AJO CABEZA REFRIGERADO;KG;CAJA CHICA;PRD02835;;CAJA CHICA - AJO CABEZA REFRIGERADO;KILOGRAMO;1;KILOGRAMO;KILOGRAMO x 1 KG;1;1;1
PRD02836;CAJA CHICA - CINTAS TRANSPARENTES;UND;CAJA CHICA;PRD02836;;CAJA CHICA - CINTAS TRANSPARENTES;UNIDAD;1;UNIDAD;UNIDAD x 1 UND;1;1;1
PRD02837;CAJA CHICA - BOLSA PLASTICO BLANCA 21 X 24 PQTE 100 UND.;UND;CAJA CHICA;PRD02837;;CAJA CHICA - BOLSA PLASTICO BLANCA 21 X 24 PQTE 100 UND.;PAQUETE;1;PAQUETE;PAQUETE x 1 UND;1;1;1
PRD02838;CAJA CHICA - ALCOHOL INDUSTRIAL 96º 3.8 LT;UND;CAJA CHICA;PRD02838;;CAJA CHICA - ALCOHOL INDUSTRIAL 96º 3.8 LT;BOTELLA;1;BOTELLA;BOTELLA x 1 UND;1;1;1
PRD02839;CAJA CHICA - DESATORADOR PARA BAÑO 980 ML SAPOLIO;L;CAJA CHICA;PRD02839;;CAJA CHICA - DESATORADOR PARA BAÑO 980 ML SAPOLIO;UNIDAD;1;UNIDAD;UNIDAD x 1 L;1;1;1
PRD02840;CAJA CHICA - RES ASADO PEJERREY CONGELADO;KG;CAJA CHICA;PRD02840;;CAJA CHICA - RES ASADO PEJERREY CONGELADO;KILOGRAMO;1;KILOGRAMO;KILOGRAMO x 1 KG;1;1;1
PRD02841;CAJA CHICA - RES BOLA DE LOMO CONGELADO IMPORTADO;KG;CAJA CHICA;PRD02841;;CAJA CHICA - RES BOLA DE LOMO CONGELADO IMPORTADO;KILOGRAMO;1;KILOGRAMO;KILOGRAMO x 1 KG;1;1;1
PRD02842;CAJA CHICA - MANGO EDWAR;KG;CAJA CHICA;PRD02842;;CAJA CHICA - MANGO EDWAR;KILOGRAMO;1;KILOGRAMO;KILOGRAMO x 1 KG;1;1;1
PRD02843;CAJA CHICA - COLAPIZ EN LAMINA 5 GR;UND;CAJA CHICA;PRD02843;;CAJA CHICA - COLAPIZ EN LAMINA 5 GR;SOBRE;1;SOBRE;SOBRE x 1 UND;1;1;1
PRD02844;CAJA CHICA - LECHE EN TARRO PURA VIDA 400 GR;UND;CAJA CHICA;PRD02844;;CAJA CHICA - LECHE EN TARRO PURA VIDA 400 GR;LATA;1;LATA;LATA x 1 UND;1;1;1
PRD02845;CAJA CHICA - PAVO CON HUESO CONGELADO KG;KG;CAJA CHICA;PRD02845;;CAJA CHICA - PAVO CON HUESO CONGELADO KG;KILOGRAMO;1;KILOGRAMO;KILOGRAMO x 1 KG;1;1;1
PRD02846;CAJA CHICA - APIO PICADO LIBER CONGELADO 1 CM;KG;CAJA CHICA;PRD02846;;CAJA CHICA - APIO PICADO LIBER CONGELADO 1 CM;KILOGRAMO;1;KILOGRAMO;KILOGRAMO x 1 KG;1;1;1
PRD02847;CAJA CHICA - CERA PARA MADERA PREMIO 400 ML;UND;CAJA CHICA;PRD02847;;CAJA CHICA - CERA PARA MADERA PREMIO 400 ML;UNIDAD;1;UNIDAD;UNIDAD x 1 UND;1;1;1
PRD02848;CAJA CHICA - CEREAL CORN FLAKES KELLOGS 500 GR;UND;CAJA CHICA;PRD02848;;CAJA CHICA - CEREAL CORN FLAKES KELLOGS 500 GR;UNIDAD;1;UNIDAD;UNIDAD x 1 UND;1;1;1
PRD02849;CAJA CHICA - DURAZNO EN ALMIBAR ACONCAGUA 822 GR;UND;CAJA CHICA;PRD02849;;CAJA CHICA - DURAZNO EN ALMIBAR ACONCAGUA 822 GR;UNIDAD;1;UNIDAD;UNIDAD x 1 UND;1;1;1
PRD02850;CAJA CHICA - COLAPIZ EN LAMINA GELITA 1 KG;KG;CAJA CHICA;PRD02850;;CAJA CHICA - COLAPIZ EN LAMINA GELITA 1 KG;KILOGRAMO;1;KILOGRAMO;KILOGRAMO x 1 KG;1;1;1
PRD02851;CAJA CHICA - LIMPIA VIDRIO INDUSTRIAL 4LT;UND;CAJA CHICA;PRD02851;;CAJA CHICA - LIMPIA VIDRIO INDUSTRIAL 4LT;UNIDAD;1;UNIDAD;UNIDAD x 1 UND;1;1;1
PRD02852;CAJA CHICA - GASEOSA FANTA KOLA INGLESA 500ML;UND;CAJA CHICA;PRD02852;;CAJA CHICA - GASEOSA FANTA KOLA INGLESA 500ML;UNIDAD;1;UNIDAD;UNIDAD x 1 UND;1;1;1
PRD02853;CAJA CHICA - JALADOR DE AGUA RUBBERMAID ALUMINIO;UND;CAJA CHICA;PRD02853;;CAJA CHICA - JALADOR DE AGUA RUBBERMAID ALUMINIO;UNIDAD;1;UNIDAD;UNIDAD x 1 UND;1;1;1
PRD02854;CAJA CHICA - MANTEQUILLA DE MANI PETER PAN 462 GR;UND;CAJA CHICA;PRD02854;;CAJA CHICA - MANTEQUILLA DE MANI PETER PAN 462 GR;UNIDAD;1;UNIDAD;UNIDAD x 1 UND;1;1;1
PRD02855;CAJA CHICA - MIEL DE MAPLE LA CABAÑA 350ML;UND;CAJA CHICA;PRD02855;;CAJA CHICA - MIEL DE MAPLE LA CABAÑA 350ML;UNIDAD;1;UNIDAD;UNIDAD x 1 UND;1;1;1
PRD02856;CAJA CHICA - PAPEL TOALLA PRE CORTADO SCOTT COCINA 3 ROLLO;UND;CAJA CHICA;PRD02856;;CAJA CHICA - PAPEL TOALLA PRE CORTADO SCOTT COCINA 3 ROLLO;UNIDAD;1;UNIDAD;UNIDAD x 1 UND;1;1;1
PRD02857;CAJA CHICA - PASTILLAS DESODORANTE PARA BAÑO BLANCO LEONOSOL;UND;CAJA CHICA;PRD02857;;CAJA CHICA - PASTILLAS DESODORANTE PARA BAÑO BLANCO LEONOSOL;UNIDAD;1;UNIDAD;UNIDAD x 1 UND;1;1;1
PRD02858;CAJA CHICA - PASTILLAS DESODORANTE PARA BAÑO DE COLOR LEONOS;UND;CAJA CHICA;PRD02858;;CAJA CHICA - PASTILLAS DESODORANTE PARA BAÑO DE COLOR LEONOS;UNIDAD;1;UNIDAD;UNIDAD x 1 UND;1;1;1
PRD02859;CAJA CHICA - PLATO HONDO DESCARTABLE 20 CM;UND;CAJA CHICA;PRD02859;;CAJA CHICA - PLATO HONDO DESCARTABLE 20 CM;UNIDAD;1;UNIDAD;UNIDAD x 1 UND;1;1;1
PRD02860;CAJA CHICA - RES - GUISO 30 GR ( SOPAS CORTE PICADO);KG;CAJA CHICA;PRD02860;;CAJA CHICA - RES - GUISO 30 GR ( SOPAS CORTE PICADO);KILOGRAMO;1;KILOGRAMO;KILOGRAMO x 1 KG;1;1;1
PRD02861;CAJA CHICA - SALSA ITALIANA 237ML;UND;CAJA CHICA;PRD02861;;CAJA CHICA - SALSA ITALIANA 237ML;UNIDAD;1;UNIDAD;UNIDAD x 1 UND;1;1;1
PRD02862;CAJA CHICA - PAPEL TOALLA AIRFLEX SCOTT 2P 24 X 150UND;UND;CAJA CHICA;PRD02862;;CAJA CHICA - PAPEL TOALLA AIRFLEX SCOTT 2P 24 X 150UND;UNIDAD;1;UNIDAD;UNIDAD x 1 UND;1;1;1
PRD02863;CAJA CHICA - HISOPO PARA BAÑO;UND;CAJA CHICA;PRD02863;;CAJA CHICA - HISOPO PARA BAÑO;UNIDAD;1;UNIDAD;UNIDAD x 1 UND;1;1;1
PRD02864;CAJA CHICA - MIXTURA ENSALADA CONGELADA;KG;CAJA CHICA;PRD02864;;CAJA CHICA - MIXTURA ENSALADA CONGELADA;KILOGRAMO;1;KILOGRAMO;KILOGRAMO x 1 KG;1;1;1
PRD02865;CAJA CHICA - MIXTURA ITALIANA CONGELADA;KG;CAJA CHICA;PRD02865;;CAJA CHICA - MIXTURA ITALIANA CONGELADA;KILOGRAMO;1;KILOGRAMO;KILOGRAMO x 1 KG;1;1;1
PRD02866;CAJA CHICA - MIXTURA MEXICANA CONGELADA;KG;CAJA CHICA;PRD02866;;CAJA CHICA - MIXTURA MEXICANA CONGELADA;KILOGRAMO;1;KILOGRAMO;KILOGRAMO x 1 KG;1;1;1
PRD02867;CAJA CHICA - MIXTURA PRIMAVERA CONGELADA;KG;CAJA CHICA;PRD02867;;CAJA CHICA - MIXTURA PRIMAVERA CONGELADA;KILOGRAMO;1;KILOGRAMO;KILOGRAMO x 1 KG;1;1;1
PRD02868;CAJA CHICA - PALMITOS ENTEROS 430 GR;UND;CAJA CHICA;PRD02868;;CAJA CHICA - PALMITOS ENTEROS 430 GR;LATA;1;LATA;LATA x 1 UND;1;1;1
PRD02869;CAJA CHICA - ACEITE AJONJOLI 270 ML;UND;CAJA CHICA;PRD02869;;CAJA CHICA - ACEITE AJONJOLI 270 ML;BOTELLA;1;BOTELLA;BOTELLA x 1 UND;1;1;1
PRD02870;CAJA CHICA - ALCAPARRAZ VITALY 900 GR;UND;CAJA CHICA;PRD02870;;CAJA CHICA - ALCAPARRAZ VITALY 900 GR;FRASCO;1;FRASCO;FRASCO x 1 UND;1;1;1
PRD02871;CAJA CHICA - ARROZ EXTRA;KG;CAJA CHICA;PRD02871;;CAJA CHICA - ARROZ EXTRA;KILOGRAMO;1;KILOGRAMO;KILOGRAMO x 1 KG;1;1;1
PRD02872;CAJA CHICA - ATUN TROZOS STARKITS 170 GR;UND;CAJA CHICA;PRD02872;;CAJA CHICA - ATUN TROZOS STARKITS 170 GR;LATA;1;LATA;LATA x 1 UND;1;1;1
PRD02873;CAJA CHICA - CABANOSSI 600 GR;UND;CAJA CHICA;PRD02873;;CAJA CHICA - CABANOSSI 600 GR;UNIDAD;1;UNIDAD;UNIDAD x 1 UND;1;1;1
PRD02874;CAJA CHICA - CHOCOLATE DE TAZA 90 GR;UND;CAJA CHICA;PRD02874;;CAJA CHICA - CHOCOLATE DE TAZA 90 GR;UNIDAD;1;UNIDAD;UNIDAD x 1 UND;1;1;1
PRD02875;CAJA CHICA - CIRUELA SECA 250 GR;UND;CAJA CHICA;PRD02875;;CAJA CHICA - CIRUELA SECA 250 GR;BOLSA;1;BOLSA;BOLSA x 1 UND;1;1;1
PRD02876;CAJA CHICA - CORTA UÑA;UND;CAJA CHICA;PRD02876;;CAJA CHICA - CORTA UÑA;UNIDAD;1;UNIDAD;UNIDAD x 1 UND;1;1;1
PRD02877;CAJA CHICA - DETERGENTE GRANEL 15 KG;UND;CAJA CHICA;PRD02877;;CAJA CHICA - DETERGENTE GRANEL 15 KG;SACO;1;SACO;SACO x 1 UND;1;1;1
PRD02878;CAJA CHICA - ECOLAB AMBIENTADOR MORNING BREEZE 2 LT;UND;CAJA CHICA;PRD02878;;CAJA CHICA - ECOLAB AMBIENTADOR MORNING BREEZE 2 LT;BOTELLA;1;BOTELLA;BOTELLA x 1 UND;1;1;1
PRD02879;CAJA CHICA - ECOLAB JABON PARA MANOS CLEAN & SMOTH;UND;CAJA CHICA;PRD02879;;CAJA CHICA - ECOLAB JABON PARA MANOS CLEAN & SMOTH;BOTELLA;1;BOTELLA;BOTELLA x 1 UND;1;1;1
PRD02880;CAJA CHICA - ESCOBILLA DE PLASTICO PARA SANITARIO S/BASE;UND;CAJA CHICA;PRD02880;;CAJA CHICA - ESCOBILLA DE PLASTICO PARA SANITARIO S/BASE;UNIDAD;1;UNIDAD;UNIDAD x 1 UND;1;1;1
PRD02881;CAJA CHICA - ESPONJA DE METAL;UND;CAJA CHICA;PRD02881;;CAJA CHICA - ESPONJA DE METAL;UNIDAD;1;UNIDAD;UNIDAD x 1 UND;1;1;1
PRD02882;CAJA CHICA - GALLETA SODA FIELD 34 GR;UND;CAJA CHICA;PRD02882;;CAJA CHICA - GALLETA SODA FIELD 34 GR;UNIDAD;1;UNIDAD;UNIDAD x 1 UND;1;1;1
PRD02883;CAJA CHICA - GASEOSA COCA COLA 500 ML;UND;CAJA CHICA;PRD02883;;CAJA CHICA - GASEOSA COCA COLA 500 ML;BOTELLA;1;BOTELLA;BOTELLA x 1 UND;1;1;1
PRD02884;CAJA CHICA - GASEOSA INCA KOLA 2.25 LT;UND;CAJA CHICA;PRD02884;;CAJA CHICA - GASEOSA INCA KOLA 2.25 LT;BOTELLA;1;BOTELLA;BOTELLA x 1 UND;1;1;1
PRD02885;CAJA CHICA - GASEOSA INCA KOLA 500 ML;UND;CAJA CHICA;PRD02885;;CAJA CHICA - GASEOSA INCA KOLA 500 ML;BOTELLA;1;BOTELLA;BOTELLA x 1 UND;1;1;1
PRD02886;CAJA CHICA - HARINA INTEGRAL 10 KG;UND;CAJA CHICA;PRD02886;;CAJA CHICA - HARINA INTEGRAL 10 KG;BOLSA;1;BOLSA;BOLSA x 1 UND;1;1;1
PRD02887;CAJA CHICA - MAICENA GRANEL KG;KG;CAJA CHICA;PRD02887;;CAJA CHICA - MAICENA GRANEL KG;KILOGRAMO;1;KILOGRAMO;KILOGRAMO x 1 KG;1;1;1
PRD02888;CAJA CHICA - MANZANA ROYAL;KG;CAJA CHICA;PRD02888;;CAJA CHICA - MANZANA ROYAL;KILOGRAMO;1;KILOGRAMO;KILOGRAMO x 1 KG;1;1;1
PRD02889;CAJA CHICA - MIXTURA LISTA CONGELADA;KG;CAJA CHICA;PRD02889;;CAJA CHICA - MIXTURA LISTA CONGELADA;KILOGRAMO;1;KILOGRAMO;KILOGRAMO x 1 KG;1;1;1
PRD02890;CAJA CHICA - MORCILLA CONGELADA 500 GR;UND;CAJA CHICA;PRD02890;;CAJA CHICA - MORCILLA CONGELADA 500 GR;PAQUETE;1;PAQUETE;PAQUETE x 1 UND;1;1;1
PRD02891;CAJA CHICA - PEPINO MELON REFRIGERADO;KG;CAJA CHICA;PRD02891;;CAJA CHICA - PEPINO MELON REFRIGERADO;KILOGRAMO;1;KILOGRAMO;KILOGRAMO x 1 KG;1;1;1
PRD02892;CAJA CHICA - PEPINO REGIONAL;KG;CAJA CHICA;PRD02892;;CAJA CHICA - PEPINO REGIONAL;KILOGRAMO;1;KILOGRAMO;KILOGRAMO x 1 KG;1;1;1
PRD02893;CAJA CHICA - PEZ PERICO FILETE S/PIEL CONGELADO;KG;CAJA CHICA;PRD02893;;CAJA CHICA - PEZ PERICO FILETE S/PIEL CONGELADO;KILOGRAMO;1;KILOGRAMO;KILOGRAMO x 1 KG;1;1;1
PRD02894;CAJA CHICA - POP CORN CARAMELO MICROONDAS;UND;CAJA CHICA;PRD02894;;CAJA CHICA - POP CORN CARAMELO MICROONDAS;UNIDAD;1;UNIDAD;UNIDAD x 1 UND;1;1;1
PRD02895;CAJA CHICA - RAFIA EN OBILLO;UND;CAJA CHICA;PRD02895;;CAJA CHICA - RAFIA EN OBILLO;UNIDAD;1;UNIDAD;UNIDAD x 1 UND;1;1;1
PRD02896;CAJA CHICA - REPUESTO DE PULVERIZADOR (GATILLO);UND;CAJA CHICA;PRD02896;;CAJA CHICA - REPUESTO DE PULVERIZADOR (GATILLO);UNIDAD;1;UNIDAD;UNIDAD x 1 UND;1;1;1
PRD02897;CAJA CHICA - SALSA TABASCO MC ILHENNY 60 ML;UND;CAJA CHICA;PRD02897;;CAJA CHICA - SALSA TABASCO MC ILHENNY 60 ML;BOTELLA;1;BOTELLA;BOTELLA x 1 UND;1;1;1
PRD02898;CAJA CHICA - SANDALIAS VEGAS SURF;UND;CAJA CHICA;PRD02898;;CAJA CHICA - SANDALIAS VEGAS SURF;PAR;1;PAR;PAR x 1 UND;1;1;1
PRD02899;CAJA CHICA - TOCINO COCIDO NATURAL 500 GR;UND;CAJA CHICA;PRD02899;;CAJA CHICA - TOCINO COCIDO NATURAL 500 GR;PAQUETE;1;PAQUETE;PAQUETE x 1 UND;1;1;1
PRD02900;CAJA CHICA - TORONJA REGIONAL;KG;CAJA CHICA;PRD02900;;CAJA CHICA - TORONJA REGIONAL;KILOGRAMO;1;KILOGRAMO;KILOGRAMO x 1 KG;1;1;1
PRD02901;CAJA CHICA - TUNA ROJA REFRIGERADO;KG;CAJA CHICA;PRD02901;;CAJA CHICA - TUNA ROJA REFRIGERADO;KILOGRAMO;1;KILOGRAMO;KILOGRAMO x 1 KG;1;1;1
PRD02902;CAJA CHICA - TUNA VERDE REFRIGERADO;KG;CAJA CHICA;PRD02902;;CAJA CHICA - TUNA VERDE REFRIGERADO;KILOGRAMO;1;KILOGRAMO;KILOGRAMO x 1 KG;1;1;1
PRD02903;CAJA CHICA - SACASARRO SAPOLIO 500 ML;UND;CAJA CHICA;PRD02903;;CAJA CHICA - SACASARRO SAPOLIO 500 ML;BOTELLA;1;BOTELLA;BOTELLA x 1 UND;1;1;1
PRD02904;CAJA CHICA - MANI CON PASAS VALLEALTO 180 GR;UND;CAJA CHICA;PRD02904;;CAJA CHICA - MANI CON PASAS VALLEALTO 180 GR;UNIDAD;1;UNIDAD;UNIDAD x 1 UND;1;1;1
PRD02905;CAJA CHICA - BETUN NEGRO CHICO 42GR;UND;CAJA CHICA;PRD02905;;CAJA CHICA - BETUN NEGRO CHICO 42GR;UNIDAD;1;UNIDAD;UNIDAD x 1 UND;1;1;1
PRD02906;CAJA CHICA - BETUN NEGRO CHICO 22GR;UND;CAJA CHICA;PRD02906;;CAJA CHICA - BETUN NEGRO CHICO 22GR;UNIDAD;1;UNIDAD;UNIDAD x 1 UND;1;1;1
PRD02907;CAJA CHICA - DESODORANTE REXONA HOMBRE SACHET 10GR;UND;CAJA CHICA;PRD02907;;CAJA CHICA - DESODORANTE REXONA HOMBRE SACHET 10GR;UNIDAD;1;UNIDAD;UNIDAD x 1 UND;1;1;1
PRD02908;CAJA CHICA - RES CARNAZA CUADRADA CONGELADO;KG;CAJA CHICA;PRD02908;;CAJA CHICA - RES CARNAZA CUADRADA CONGELADO;KILOGRAMO;1;KILOGRAMO;KILOGRAMO x 1 KG;1;1;1
PRD02909;CAJA CHICA - NARANJA PARA MESA;KG;CAJA CHICA;PRD02909;;CAJA CHICA - NARANJA PARA MESA;KILOGRAMO;1;KILOGRAMO;KILOGRAMO x 1 KG;1;1;1
PRD02910;CAJA CHICA - ACEITE VEGETAL CRISOL 5 LT;UND;CAJA CHICA;PRD02910;;CAJA CHICA - ACEITE VEGETAL CRISOL 5 LT;BOTELLA;1;BOTELLA;BOTELLA x 1 UND;1;1;1
PRD02911;CAJA CHICA - BETUN MARRON KIWI 22 ML;UND;CAJA CHICA;PRD02911;;CAJA CHICA - BETUN MARRON KIWI 22 ML;UNIDAD;1;UNIDAD;UNIDAD x 1 UND;1;1;1
PRD02912;CAJA CHICA - BETUN MARRON KIWI 42 ML;UND;CAJA CHICA;PRD02912;;CAJA CHICA - BETUN MARRON KIWI 42 ML;UNIDAD;1;UNIDAD;UNIDAD x 1 UND;1;1;1
PRD02913;CAJA CHICA - BETUN MARRON KIWI 88 ML;UND;CAJA CHICA;PRD02913;;CAJA CHICA - BETUN MARRON KIWI 88 ML;UNIDAD;1;UNIDAD;UNIDAD x 1 UND;1;1;1
PRD02914;CAJA CHICA - CAFÉ INSTANTANEO NESCAFÉ TRADICION 200 GR;UND;CAJA CHICA;PRD02914;;CAJA CHICA - CAFÉ INSTANTANEO NESCAFÉ TRADICION 200 GR;LATA;1;LATA;LATA x 1 UND;1;1;1
PRD02915;CAJA CHICA - CAFÉ PARA PASAR MOLIDO PREMIER RISSO 500 GR;UND;CAJA CHICA;PRD02915;;CAJA CHICA - CAFÉ PARA PASAR MOLIDO PREMIER RISSO 500 GR;LATA;1;LATA;LATA x 1 UND;1;1;1
PRD02916;CAJA CHICA - CARAMELO HALLS ROJO 100 UND;UND;CAJA CHICA;PRD02916;;CAJA CHICA - CARAMELO HALLS ROJO 100 UND;BOLSA;1;BOLSA;BOLSA x 1 UND;1;1;1
PRD02917;CAJA CHICA - CHOCLO ENTERO REFRIGERADO;KG;CAJA CHICA;PRD02917;;CAJA CHICA - CHOCLO ENTERO REFRIGERADO;KILOGRAMO;1;KILOGRAMO;KILOGRAMO x 1 KG;1;1;1
PRD02918;CAJA CHICA - CORAZON DE ALCACHOFA EN AGUA;UND;CAJA CHICA;PRD02918;;CAJA CHICA - CORAZON DE ALCACHOFA EN AGUA;FRASCO;1;FRASCO;FRASCO x 1 UND;1;1;1
PRD02919;CAJA CHICA - FIDEO FUSSILI 250 GR;UND;CAJA CHICA;PRD02919;;CAJA CHICA - FIDEO FUSSILI 250 GR;PAQUETE;1;PAQUETE;PAQUETE x 1 UND;1;1;1
PRD02920;CAJA CHICA - FOSFORO PUNTA AZUL;UND;CAJA CHICA;PRD02920;;CAJA CHICA - FOSFORO PUNTA AZUL;CAJA;1;CAJA;CAJA x 1 UND;1;1;1
PRD02921;CAJA CHICA - JOHNSON DIVERSEY DIVOSAN FORTE 20 LT;UND;CAJA CHICA;PRD02921;;CAJA CHICA - JOHNSON DIVERSEY DIVOSAN FORTE 20 LT;BIDON;1;BIDON;BIDON x 1 UND;1;1;1
PRD02922;CAJA CHICA - MERMELADA MERFRUT GOORMET FRESA 5 KG;UND;CAJA CHICA;PRD02922;;CAJA CHICA - MERMELADA MERFRUT GOORMET FRESA 5 KG;BOLSA;1;BOLSA;BOLSA x 1 UND;1;1;1
PRD02923;CAJA CHICA - MERMELADA MERFRUT GOORMET NARANJA 5 KG;UND;CAJA CHICA;PRD02923;;CAJA CHICA - MERMELADA MERFRUT GOORMET NARANJA 5 KG;BOLSA;1;BOLSA;BOLSA x 1 UND;1;1;1
PRD02924;CAJA CHICA - MERMELADA MERFRUT GOORMET PIÑA 5 KG;UND;CAJA CHICA;PRD02924;;CAJA CHICA - MERMELADA MERFRUT GOORMET PIÑA 5 KG;BOLSA;1;BOLSA;BOLSA x 1 UND;1;1;1
PRD02925;CAJA CHICA - MIEL DE MAPLE 470 GR;UND;CAJA CHICA;PRD02925;;CAJA CHICA - MIEL DE MAPLE 470 GR;FRASCO;1;FRASCO;FRASCO x 1 UND;1;1;1
PRD02926;CAJA CHICA - POP CORN MANTEQUILLA MICROONDAS;UND;CAJA CHICA;PRD02926;;CAJA CHICA - POP CORN MANTEQUILLA MICROONDAS;UNIDAD;1;UNIDAD;UNIDAD x 1 UND;1;1;1
PRD02927;CAJA CHICA - POP CORN NATURAL MICROONDAS;UND;CAJA CHICA;PRD02927;;CAJA CHICA - POP CORN NATURAL MICROONDAS;UNIDAD;1;UNIDAD;UNIDAD x 1 UND;1;1;1
PRD02928;CAJA CHICA - PORTA FOTOCHECK;UND;CAJA CHICA;PRD02928;;CAJA CHICA - PORTA FOTOCHECK;UNIDAD;1;UNIDAD;UNIDAD x 1 UND;1;1;1
PRD02929;CAJA CHICA - CEREAL ZUCARITAS KELLOGS 275 GR;UND;CAJA CHICA;PRD02929;;CAJA CHICA - CEREAL ZUCARITAS KELLOGS 275 GR;CAJA;1;CAJA;CAJA x 1 UND;1;1;1
PRD02930;CAJA CHICA - CREMA DE CHAMPIÑONES X 1 KG;KG;CAJA CHICA;PRD02930;;CAJA CHICA - CREMA DE CHAMPIÑONES X 1 KG;KILOGRAMO;1;KILOGRAMO;KILOGRAMO x 1 KG;1;1;1
PRD02931;CAJA CHICA - GALLETA INTEGRAL SALVADO DE TRIGO EL CEDRO UND;UND;CAJA CHICA;PRD02931;;CAJA CHICA - GALLETA INTEGRAL SALVADO DE TRIGO EL CEDRO UND;PAQUETE;1;PAQUETE;PAQUETE x 1 UND;1;1;1
PRD02932;CAJA CHICA - JARABE DE GOMA LUVAR 750 ML;UND;CAJA CHICA;PRD02932;;CAJA CHICA - JARABE DE GOMA LUVAR 750 ML;BOTELLA;1;BOTELLA;BOTELLA x 1 UND;1;1;1
PRD02933;CAJA CHICA - PALO MOPERO;UND;CAJA CHICA;PRD02933;;CAJA CHICA - PALO MOPERO;UNIDAD;1;UNIDAD;UNIDAD x 1 UND;1;1;1
PRD02934;CAJA CHICA - PEZ BASAVINA;KG;CAJA CHICA;PRD02934;;CAJA CHICA - PEZ BASAVINA;KILOGRAMO;1;KILOGRAMO;KILOGRAMO x 1 KG;1;1;1
PRD02935;CAJA CHICA - FAJA PARA CAJA DE AGUA 19X27X39 20 LT;UND;CAJA CHICA;PRD02935;;CAJA CHICA - FAJA PARA CAJA DE AGUA 19X27X39 20 LT;UNIDAD;1;UNIDAD;UNIDAD x 1 UND;1;1;1
PRD02936;CAJA CHICA - CHOCOLATE NEGRO SUBLIME 8 GR;UND;CAJA CHICA;PRD02936;;CAJA CHICA - CHOCOLATE NEGRO SUBLIME 8 GR;UNIDAD;1;UNIDAD;UNIDAD x 1 UND;1;1;1
PRD02937;CAJA CHICA - CUCHILLO DESCARTABLE 100 UND;UND;CAJA CHICA;PRD02937;;CAJA CHICA - CUCHILLO DESCARTABLE 100 UND;PAQUETE;1;PAQUETE;PAQUETE x 1 UND;1;1;1
PRD02938;CAJA CHICA - CEREZA MARRASQUINO 200 GR;UND;CAJA CHICA;PRD02938;;CAJA CHICA - CEREZA MARRASQUINO 200 GR;FRASCO;1;FRASCO;FRASCO x 1 UND;1;1;1
PRD02939;CAJA CHICA - ALCOHOL INDUSTRIAL DARYZA 1 LT;L;CAJA CHICA;PRD02939;;CAJA CHICA - ALCOHOL INDUSTRIAL DARYZA 1 LT;BOTELLA;1;BOTELLA;BOTELLA x 1 L;1;1;1
PRD02940;CAJA CHICA - AZUCAR BLANCA PARAMONGA;KG;CAJA CHICA;PRD02940;;CAJA CHICA - AZUCAR BLANCA PARAMONGA;KILOGRAMO;1;KILOGRAMO;KILOGRAMO x 1 KG;1;1;1
PRD02941;CAJA CHICA - RES BOLA DE LOMO CONGELADO AMERICANO;KG;CAJA CHICA;PRD02941;;CAJA CHICA - RES BOLA DE LOMO CONGELADO AMERICANO;KILOGRAMO;1;KILOGRAMO;KILOGRAMO x 1 KG;1;1;1
PRD02942;CAJA CHICA - BOLSAS PLÁSTICAS X 5 KG GRUESA 100 UND;UND;CAJA CHICA;PRD02942;;CAJA CHICA - BOLSAS PLÁSTICAS X 5 KG GRUESA 100 UND;PAQUETE;1;PAQUETE;PAQUETE x 1 UND;1;1;1
PRD02943;CAJA CHICA - BOLSAS PLÁSTICAS 0.40 X 0.90 MT X 100 UND;UND;CAJA CHICA;PRD02943;;CAJA CHICA - BOLSAS PLÁSTICAS 0.40 X 0.90 MT X 100 UND;PAQUETE;1;PAQUETE;PAQUETE x 1 UND;1;1;1
PRD02944;CAJA CHICA - BOLSAS PLASTICAS 0.50 X 1.20 MT X 100 UND;UND;CAJA CHICA;PRD02944;;CAJA CHICA - BOLSAS PLASTICAS 0.50 X 1.20 MT X 100 UND;PAQUETE;1;PAQUETE;PAQUETE x 1 UND;1;1;1
PRD02945;CAJA CHICA - BOLSAS PLASTICAS 17.5 X 35 P/ REFR X 100 UND;UND;CAJA CHICA;PRD02945;;CAJA CHICA - BOLSAS PLASTICAS 17.5 X 35 P/ REFR X 100 UND;PAQUETE;1;PAQUETE;PAQUETE x 1 UND;1;1;1
PRD02946;CAJA CHICA - BOLSAS PLASTICAS RESELLABLES X 100 UND;UND;CAJA CHICA;PRD02946;;CAJA CHICA - BOLSAS PLASTICAS RESELLABLES X 100 UND;PAQUETE;1;PAQUETE;PAQUETE x 1 UND;1;1;1
PRD02947;CAJA CHICA - BOLSAS BLANCAS 15 LT X 100 UND;UND;CAJA CHICA;PRD02947;;CAJA CHICA - BOLSAS BLANCAS 15 LT X 100 UND;PAQUETE;1;PAQUETE;PAQUETE x 1 UND;1;1;1
PRD02948;CAJA CHICA - BOLSAS C/LOGO SDX X 100 UND;UND;CAJA CHICA;PRD02948;;CAJA CHICA - BOLSAS C/LOGO SDX X 100 UND;PAQUETE;1;PAQUETE;PAQUETE x 1 UND;1;1;1
PRD02949;CAJA CHICA - BOLSAS NEGRAS 15 LT X 100 UND;UND;CAJA CHICA;PRD02949;;CAJA CHICA - BOLSAS NEGRAS 15 LT X 100 UND;PAQUETE;1;PAQUETE;PAQUETE x 1 UND;1;1;1
PRD02950;CAJA CHICA - BOLSAS NEGRAS 15 LT X 50 UND;UND;CAJA CHICA;PRD02950;;CAJA CHICA - BOLSAS NEGRAS 15 LT X 50 UND;PAQUETE;1;PAQUETE;PAQUETE x 1 UND;1;1;1
PRD02951;CAJA CHICA - CARAMELO CHICHA MORADA AMBROSOLI 100 UND;UND;CAJA CHICA;PRD02951;;CAJA CHICA - CARAMELO CHICHA MORADA AMBROSOLI 100 UND;BOLSA;1;BOLSA;BOLSA x 1 UND;1;1;1
PRD02952;CAJA CHICA - CHAMPIGÑONES MUSHROOMS 450 GR;UND;CAJA CHICA;PRD02952;;CAJA CHICA - CHAMPIGÑONES MUSHROOMS 450 GR;FRASCO;1;FRASCO;FRASCO x 1 UND;1;1;1
PRD02953;CAJA CHICA - CUCHARA PARA SOPA X 50 UND;UND;CAJA CHICA;PRD02953;;CAJA CHICA - CUCHARA PARA SOPA X 50 UND;BOLSA;1;BOLSA;BOLSA x 1 UND;1;1;1
PRD02954;CAJA CHICA - DESODORANTE SPRAY AXE 160 ML;UND;CAJA CHICA;PRD02954;;CAJA CHICA - DESODORANTE SPRAY AXE 160 ML;BOTELLA;1;BOTELLA;BOTELLA x 1 UND;1;1;1
PRD02955;CAJA CHICA - DETERGENTE BLANCA NIEVE 25 KG;UND;CAJA CHICA;PRD02955;;CAJA CHICA - DETERGENTE BLANCA NIEVE 25 KG;SACO;1;SACO;SACO x 1 UND;1;1;1
PRD02956;CAJA CHICA - EDULCORANTE 62 GR;UND;CAJA CHICA;PRD02956;;CAJA CHICA - EDULCORANTE 62 GR;UNIDAD;1;UNIDAD;UNIDAD x 1 UND;1;1;1
PRD02957;CAJA CHICA - ENVASES DESCARTABLES C/ TAPA 25 UND;UND;CAJA CHICA;PRD02957;;CAJA CHICA - ENVASES DESCARTABLES C/ TAPA 25 UND;PAQUETE;1;PAQUETE;PAQUETE x 1 UND;1;1;1
PRD02958;CAJA CHICA - ESCOBA PLÁSTICO DALIA TASK;UND;CAJA CHICA;PRD02958;;CAJA CHICA - ESCOBA PLÁSTICO DALIA TASK;UNIDAD;1;UNIDAD;UNIDAD x 1 UND;1;1;1
PRD02959;CAJA CHICA - FLAN LUCUMA KG;KG;CAJA CHICA;PRD02959;;CAJA CHICA - FLAN LUCUMA KG;KILOGRAMO;1;KILOGRAMO;KILOGRAMO x 1 KG;1;1;1
PRD02960;CAJA CHICA - G DE SODA FIELD 36 GR;UND;CAJA CHICA;PRD02960;;CAJA CHICA - G DE SODA FIELD 36 GR;UNIDAD;1;UNIDAD;UNIDAD x 1 UND;1;1;1
PRD02961;CAJA CHICA - G DE SODA SAYON 27 GR;UND;CAJA CHICA;PRD02961;;CAJA CHICA - G DE SODA SAYON 27 GR;UNIDAD;1;UNIDAD;UNIDAD x 1 UND;1;1;1
PRD02962;CAJA CHICA - G WAFER FENIX VAINILLA 26 GR;UND;CAJA CHICA;PRD02962;;CAJA CHICA - G WAFER FENIX VAINILLA 26 GR;UNIDAD;1;UNIDAD;UNIDAD x 1 UND;1;1;1
PRD02963;CAJA CHICA - G WAFER FRESA DIA 26 GR;UND;CAJA CHICA;PRD02963;;CAJA CHICA - G WAFER FRESA DIA 26 GR;UNIDAD;1;UNIDAD;UNIDAD x 1 UND;1;1;1
PRD02964;CAJA CHICA - GASEOSA COCA COLA 1.5 LT;UND;CAJA CHICA;PRD02964;;CAJA CHICA - GASEOSA COCA COLA 1.5 LT;BOTELLA;1;BOTELLA;BOTELLA x 1 UND;1;1;1
PRD02965;CAJA CHICA - GASEOSA INCA KOLA 1.5 LT;UND;CAJA CHICA;PRD02965;;CAJA CHICA - GASEOSA INCA KOLA 1.5 LT;BOTELLA;1;BOTELLA;BOTELLA x 1 UND;1;1;1
PRD02966;CAJA CHICA - GUANTES DE POLIETILENO;UND;CAJA CHICA;PRD02966;;CAJA CHICA - GUANTES DE POLIETILENO;PAR;1;PAR;PAR x 1 UND;1;1;1
PRD02967;CAJA CHICA - LECHE DESCREMADA SBELT 1 LT;L;CAJA CHICA;PRD02967;;CAJA CHICA - LECHE DESCREMADA SBELT 1 LT;CAJA;1;CAJA;CAJA x 1 L;1;1;1
PRD02968;CAJA CHICA - LECHE SBELT 1 LT;L;CAJA CHICA;PRD02968;;CAJA CHICA - LECHE SBELT 1 LT;CAJA;1;CAJA;CAJA x 1 L;1;1;1
PRD02969;CAJA CHICA - MANJAR BLANCO BAZO VELARDE 900 GR;UND;CAJA CHICA;PRD02969;;CAJA CHICA - MANJAR BLANCO BAZO VELARDE 900 GR;BOLSA;1;BOLSA;BOLSA x 1 UND;1;1;1
PRD02970;CAJA CHICA - MARGARINA SELLO DE ORO C/SAL 2 KG;UND;CAJA CHICA;PRD02970;;CAJA CHICA - MARGARINA SELLO DE ORO C/SAL 2 KG;GRANO;1;GRANO;GRANO x 1 UND;1;1;1
PRD02971;CAJA CHICA - MERMELADA FRESA A-1 1 KG;KG;CAJA CHICA;PRD02971;;CAJA CHICA - MERMELADA FRESA A-1 1 KG;FRASCO;1;FRASCO;FRASCO x 1 KG;1;1;1
PRD02972;CAJA CHICA - MERMELADA FRESA A-1 350 GR;UND;CAJA CHICA;PRD02972;;CAJA CHICA - MERMELADA FRESA A-1 350 GR;POTE;1;POTE;POTE x 1 UND;1;1;1
PRD02973;CAJA CHICA - MERMELADA DE NARANJA COMPASS 1 KG;KG;CAJA CHICA;PRD02973;;CAJA CHICA - MERMELADA DE NARANJA COMPASS 1 KG;FRASCO;1;FRASCO;FRASCO x 1 KG;1;1;1
PRD02974;CAJA CHICA - MOPAS CON HOJAL;UND;CAJA CHICA;PRD02974;;CAJA CHICA - MOPAS CON HOJAL;UNIDAD;1;UNIDAD;UNIDAD x 1 UND;1;1;1
PRD02975;CAJA CHICA - NUEZ MOSCADA MOLIDA BADIA 2 OZ;UND;CAJA CHICA;PRD02975;;CAJA CHICA - NUEZ MOSCADA MOLIDA BADIA 2 OZ;FRASCO;1;FRASCO;FRASCO x 1 UND;1;1;1
PRD02976;CAJA CHICA - PABILO;UND;CAJA CHICA;PRD02976;;CAJA CHICA - PABILO;UNIDAD;1;UNIDAD;UNIDAD x 1 UND;1;1;1
PRD02977;CAJA CHICA - PAPAYA REGIONAL;KG;CAJA CHICA;PRD02977;;CAJA CHICA - PAPAYA REGIONAL;KILOGRAMO;1;KILOGRAMO;KILOGRAMO x 1 KG;1;1;1
PRD02978;CAJA CHICA - PAPEL ALUMINIO ALUNASA 12 X 1000;UND;CAJA CHICA;PRD02978;;CAJA CHICA - PAPEL ALUMINIO ALUNASA 12 X 1000;ROLLO;1;ROLLO;ROLLO x 1 UND;1;1;1
PRD02979;CAJA CHICA - PAPEL ALUMINIO ALUNASA 18 X 1000;UND;CAJA CHICA;PRD02979;;CAJA CHICA - PAPEL ALUMINIO ALUNASA 18 X 1000;ROLLO;1;ROLLO;ROLLO x 1 UND;1;1;1
PRD02980;CAJA CHICA - PASTA DE TOMATE 245 GR;UND;CAJA CHICA;PRD02980;;CAJA CHICA - PASTA DE TOMATE 245 GR;SACHET;1;SACHET;SACHET x 1 UND;1;1;1
PRD02981;CAJA CHICA - PILAS DURACELL AAA 4 UND;UND;CAJA CHICA;PRD02981;;CAJA CHICA - PILAS DURACELL AAA 4 UND;UNIDAD;1;UNIDAD;UNIDAD x 1 UND;1;1;1
PRD02982;CAJA CHICA - PLATANO REGIONAL;KG;CAJA CHICA;PRD02982;;CAJA CHICA - PLATANO REGIONAL;KILOGRAMO;1;KILOGRAMO;KILOGRAMO x 1 KG;1;1;1
PRD02983;CAJA CHICA - PLATO P-Q TECNOPOR X 100 UND;UND;CAJA CHICA;PRD02983;;CAJA CHICA - PLATO P-Q TECNOPOR X 100 UND;PAQUETE;1;PAQUETE;PAQUETE x 1 UND;1;1;1
PRD02984;CAJA CHICA - POLVO DE HORNEAR FLEISCHMAN 20 GR;UND;CAJA CHICA;PRD02984;;CAJA CHICA - POLVO DE HORNEAR FLEISCHMAN 20 GR;SOBRE;1;SOBRE;SOBRE x 1 UND;1;1;1
PRD02985;CAJA CHICA - PULVERIZADOR PLASTICO 750 ML;UND;CAJA CHICA;PRD02985;;CAJA CHICA - PULVERIZADOR PLASTICO 750 ML;UNIDAD;1;UNIDAD;UNIDAD x 1 UND;1;1;1
PRD02986;CAJA CHICA - RECOGEDOR DE METAL;UND;CAJA CHICA;PRD02986;;CAJA CHICA - RECOGEDOR DE METAL;UNIDAD;1;UNIDAD;UNIDAD x 1 UND;1;1;1
PRD02987;CAJA CHICA - SALSA BBQ 612 GR;UND;CAJA CHICA;PRD02987;;CAJA CHICA - SALSA BBQ 612 GR;FRASCO;1;FRASCO;FRASCO x 1 UND;1;1;1
PRD02988;CAJA CHICA - SALSA TAUSI (AJOS Y FRIJOLES) 368 GR;UND;CAJA CHICA;PRD02988;;CAJA CHICA - SALSA TAUSI (AJOS Y FRIJOLES) 368 GR;LATA;1;LATA;LATA x 1 UND;1;1;1
PRD02989;CAJA CHICA - SHAMPOO PERT PLUS 10 ML;UND;CAJA CHICA;PRD02989;;CAJA CHICA - SHAMPOO PERT PLUS 10 ML;SACHET;1;SACHET;SACHET x 1 UND;1;1;1
PRD02990;CAJA CHICA - TRAPEADOR C/BASE PLASTICO DARITZ;UND;CAJA CHICA;PRD02990;;CAJA CHICA - TRAPEADOR C/BASE PLASTICO DARITZ;UNIDAD;1;UNIDAD;UNIDAD x 1 UND;1;1;1
PRD02991;CAJA CHICA - YUCA REGIONAL;KG;CAJA CHICA;PRD02991;;CAJA CHICA - YUCA REGIONAL;KILOGRAMO;1;KILOGRAMO;KILOGRAMO x 1 KG;1;1;1
PRD02992;CAJA CHICA - ZAPALLO REGIONAL;KG;CAJA CHICA;PRD02992;;CAJA CHICA - ZAPALLO REGIONAL;KILOGRAMO;1;KILOGRAMO;KILOGRAMO x 1 KG;1;1;1
PRD02993;CAJA CHICA - SHAMPOO H&S SACHET;UND;CAJA CHICA;PRD02993;;CAJA CHICA - SHAMPOO H&S SACHET;UNIDAD;1;UNIDAD;UNIDAD x 1 UND;1;1;1
PRD02994;CAJA CHICA - CHOCOLATE SUBLIME NEGRO 8 GR;UND;CAJA CHICA;PRD02994;;CAJA CHICA - CHOCOLATE SUBLIME NEGRO 8 GR;UNIDAD;1;UNIDAD;UNIDAD x 1 UND;1;1;1
PRD02995;CAJA CHICA - LECHE EVAPORADA TETRA LT;L;CAJA CHICA;PRD02995;;CAJA CHICA - LECHE EVAPORADA TETRA LT;LITRO;1;LITRO;LITRO x 1 L;1;1;1
PRD02996;CAJA CHICA - JOHNSON DIVERSEY GELOL ALCOHOL GEL 100ML;UND;CAJA CHICA;PRD02996;;CAJA CHICA - JOHNSON DIVERSEY GELOL ALCOHOL GEL 100ML;UNIDAD;1;UNIDAD;UNIDAD x 1 UND;1;1;1
PRD02997;CAJA CHICA - CAFE INSTANTANEO NESCAFE TRADICION STICK 1.8GR;UND;CAJA CHICA;PRD02997;;CAJA CHICA - CAFE INSTANTANEO NESCAFE TRADICION STICK 1.8GR;UNIDAD;1;UNIDAD;UNIDAD x 1 UND;1;1;1
PRD02998;CAJA CHICA - JOHNSON DIVERSEY CLAX 100 OB2 AL 15 LT;UND;CAJA CHICA;PRD02998;;CAJA CHICA - JOHNSON DIVERSEY CLAX 100 OB2 AL 15 LT;UNIDAD;1;UNIDAD;UNIDAD x 1 UND;1;1;1
PRD02999;CAJA CHICA - MERMELADA PIÑA COMPASS 1KG;KG;CAJA CHICA;PRD02999;;CAJA CHICA - MERMELADA PIÑA COMPASS 1KG;FRASCO;1;FRASCO;FRASCO x 1 KG;1;1;1
PRD03000;CAJA CHICA - CAFE PARA PASAR MOLIDO CAFETAL X 220GR;UND;CAJA CHICA;PRD03000;;CAJA CHICA - CAFE PARA PASAR MOLIDO CAFETAL X 220GR;BOLSA;1;BOLSA;BOLSA x 1 UND;1;1;1
PRD03001;CAJA CHICA - RES BIFE ANGOSTO CONGELADO AMERICANO;KG;CAJA CHICA;PRD03001;;CAJA CHICA - RES BIFE ANGOSTO CONGELADO AMERICANO;KILOGRAMO;1;KILOGRAMO;KILOGRAMO x 1 KG;1;1;1
PRD03002;CAJA CHICA - SAL DE COCINA X 1 KG;KG;CAJA CHICA;PRD03002;;CAJA CHICA - SAL DE COCINA X 1 KG;UNIDAD;1;UNIDAD;UNIDAD x 1 KG;1;1;1
PRD03003;CAJA CHICA - SAL SACHET SODEXO 10 GR;UND;CAJA CHICA;PRD03003;;CAJA CHICA - SAL SACHET SODEXO 10 GR;UNIDAD;1;UNIDAD;UNIDAD x 1 UND;1;1;1
PRD03004;CAJA CHICA - SUAVIZANTE DE ROPA PERFUMADO SUAVIS;UND;CAJA CHICA;PRD03004;;CAJA CHICA - SUAVIZANTE DE ROPA PERFUMADO SUAVIS;BOLSA;1;BOLSA;BOLSA x 1 UND;1;1;1
PRD03005;CAJA CHICA - CREMOR TARTARO BADIA X 907.2;UND;CAJA CHICA;PRD03005;;CAJA CHICA - CREMOR TARTARO BADIA X 907.2;FRASCO;1;FRASCO;FRASCO x 1 UND;1;1;1
PRD03006;CAJA CHICA - CORAZON DE ALCACHOFA VALLE FERTIL 410 GR;UND;CAJA CHICA;PRD03006;;CAJA CHICA - CORAZON DE ALCACHOFA VALLE FERTIL 410 GR;FRASCO;1;FRASCO;FRASCO x 1 UND;1;1;1
PRD03007;CAJA CHICA - ESPARRAGOS LARGES FLORIDA 360 GR;UND;CAJA CHICA;PRD03007;;CAJA CHICA - ESPARRAGOS LARGES FLORIDA 360 GR;FRASCO;1;FRASCO;FRASCO x 1 UND;1;1;1
PRD03008;CAJA CHICA - VINAGRE BALSAMICO CARBONELL 250 ML;UND;CAJA CHICA;PRD03008;;CAJA CHICA - VINAGRE BALSAMICO CARBONELL 250 ML;BOTELLA;1;BOTELLA;BOTELLA x 1 UND;1;1;1
PRD03009;CAJA CHICA - VINAGRE TINTO MI SAZON 500 ML;UND;CAJA CHICA;PRD03009;;CAJA CHICA - VINAGRE TINTO MI SAZON 500 ML;BOTELLA;1;BOTELLA;BOTELLA x 1 UND;1;1;1
PRD03010;CAJA CHICA - VINAGRE BLANCO MI SAZON 500 ML;UND;CAJA CHICA;PRD03010;;CAJA CHICA - VINAGRE BLANCO MI SAZON 500 ML;BOTELLA;1;BOTELLA;BOTELLA x 1 UND;1;1;1
PRD03011;CAJA CHICA - CAFE GRANO ILLY 3 KG;UND;CAJA CHICA;PRD03011;;CAJA CHICA - CAFE GRANO ILLY 3 KG;LATA;1;LATA;LATA x 1 UND;1;1;1
PRD03012;CAJA CHICA - INFUSION UÑA DE GATO HERBI 25 SOBRES;UND;CAJA CHICA;PRD03012;;CAJA CHICA - INFUSION UÑA DE GATO HERBI 25 SOBRES;CAJA;1;CAJA;CAJA x 1 UND;1;1;1
PRD03013;CAJA CHICA - COLOR CARAMELO LEVAPAN 500 ML;UND;CAJA CHICA;PRD03013;;CAJA CHICA - COLOR CARAMELO LEVAPAN 500 ML;BOTELLA;1;BOTELLA;BOTELLA x 1 UND;1;1;1
PRD03014;CAJA CHICA - CEREAL GOLD MIEL 300 GR;UND;CAJA CHICA;PRD03014;;CAJA CHICA - CEREAL GOLD MIEL 300 GR;CAJA;1;CAJA;CAJA x 1 UND;1;1;1
PRD03015;CAJA CHICA - JAMON PIZZERO 500 GR;UND;CAJA CHICA;PRD03015;;CAJA CHICA - JAMON PIZZERO 500 GR;PAQUETE;1;PAQUETE;PAQUETE x 1 UND;1;1;1
PRD03016;CAJA CHICA - CHAMPIGÑONES CONGELADOS SORAYA;KG;CAJA CHICA;PRD03016;;CAJA CHICA - CHAMPIGÑONES CONGELADOS SORAYA;KILOGRAMO;1;KILOGRAMO;KILOGRAMO x 1 KG;1;1;1
PRD03017;CAJA CHICA - COLIFLOR CONGELADO;KG;CAJA CHICA;PRD03017;;CAJA CHICA - COLIFLOR CONGELADO;KILOGRAMO;1;KILOGRAMO;KILOGRAMO x 1 KG;1;1;1
PRD03018;CAJA CHICA - CEREAL MUSLI MANZANA X 300 GR;UND;CAJA CHICA;PRD03018;;CAJA CHICA - CEREAL MUSLI MANZANA X 300 GR;CAJA;1;CAJA;CAJA x 1 UND;1;1;1
PRD03019;CAJA CHICA - MIEL DE MAPLE X 470 GR;UND;CAJA CHICA;PRD03019;;CAJA CHICA - MIEL DE MAPLE X 470 GR;FRASCO;1;FRASCO;FRASCO x 1 UND;1;1;1
PRD03020;CAJA CHICA - TENEDOR PLASTICO X 100;UND;CAJA CHICA;PRD03020;;CAJA CHICA - TENEDOR PLASTICO X 100;PAQUETE;1;PAQUETE;PAQUETE x 1 UND;1;1;1
PRD03021;CAJA CHICA - HIELO 3 KG;UND;CAJA CHICA;PRD03021;;CAJA CHICA - HIELO 3 KG;BOLSA;1;BOLSA;BOLSA x 1 UND;1;1;1
PRD03022;CAJA CHICA - PLATO TENDIDO TECNOPOR 22CM UND;UND;CAJA CHICA;PRD03022;;CAJA CHICA - PLATO TENDIDO TECNOPOR 22CM UND;UNIDAD;1;UNIDAD;UNIDAD x 1 UND;1;1;1
PRD03023;CAJA CHICA - GASEOSA BIMBO 500 ML;UND;CAJA CHICA;PRD03023;;CAJA CHICA - GASEOSA BIMBO 500 ML;BOTELLA;1;BOTELLA;BOTELLA x 1 UND;1;1;1
PRD03024;CAJA CHICA - GASEOSA BIMBO 3 LT;UND;CAJA CHICA;PRD03024;;CAJA CHICA - GASEOSA BIMBO 3 LT;BOTELLA;1;BOTELLA;BOTELLA x 1 UND;1;1;1
PRD03025;CAJA CHICA - GASEOSA GUARANA 500 ML;UND;CAJA CHICA;PRD03025;;CAJA CHICA - GASEOSA GUARANA 500 ML;BOTELLA;1;BOTELLA;BOTELLA x 1 UND;1;1;1
PRD03026;CAJA CHICA - SOUR CREAM 8 ONZ;UND;CAJA CHICA;PRD03026;;CAJA CHICA - SOUR CREAM 8 ONZ;FRASCO;1;FRASCO;FRASCO x 1 UND;1;1;1
PRD03027;CAJA CHICA - JALAPEÑOS HOT PEPPER 244 ML;UND;CAJA CHICA;PRD03027;;CAJA CHICA - JALAPEÑOS HOT PEPPER 244 ML;FRASCO;1;FRASCO;FRASCO x 1 UND;1;1;1
PRD03028;CAJA CHICA - TORTILLA BIMBO 12 UND.;UND;CAJA CHICA;PRD03028;;CAJA CHICA - TORTILLA BIMBO 12 UND.;BOLSA;1;BOLSA;BOLSA x 1 UND;1;1;1
PRD03029;CAJA CHICA - MIX DE NUECES VALLEALTO 180 GR;UND;CAJA CHICA;PRD03029;;CAJA CHICA - MIX DE NUECES VALLEALTO 180 GR;UNIDAD;1;UNIDAD;UNIDAD x 1 UND;1;1;1
PRD03030;CAJA CHICA - AGUA VIDA X 20 LT;UND;CAJA CHICA;PRD03030;;CAJA CHICA - AGUA VIDA X 20 LT;CAJA;1;CAJA;CAJA x 1 UND;1;1;1
PRD03031;CAJA CHICA - AZUCAR IMPALPABLE LEVAPAN KG;KG;CAJA CHICA;PRD03031;;CAJA CHICA - AZUCAR IMPALPABLE LEVAPAN KG;KILOGRAMO;1;KILOGRAMO;KILOGRAMO x 1 KG;1;1;1
PRD03032;CAJA CHICA - BOLSA NEGRA X 220 LT PAQ X 10 UND;UND;CAJA CHICA;PRD03032;;CAJA CHICA - BOLSA NEGRA X 220 LT PAQ X 10 UND;PAQUETE;1;PAQUETE;PAQUETE x 1 UND;1;1;1
PRD03033;CAJA CHICA - BOLSA PLASTICA RESELLABLE ZIPLOC X 50 UND;UND;CAJA CHICA;PRD03033;;CAJA CHICA - BOLSA PLASTICA RESELLABLE ZIPLOC X 50 UND;PAQUETE;1;PAQUETE;PAQUETE x 1 UND;1;1;1
PRD03034;CAJA CHICA - BROCOLI CONGELADO;KG;CAJA CHICA;PRD03034;;CAJA CHICA - BROCOLI CONGELADO;KILOGRAMO;1;KILOGRAMO;KILOGRAMO x 1 KG;1;1;1
PRD03035;CAJA CHICA - CAFE INSTANTANEO NESCAFE TRADICION X 200 GR;UND;CAJA CHICA;PRD03035;;CAJA CHICA - CAFE INSTANTANEO NESCAFE TRADICION X 200 GR;UNIDAD;1;UNIDAD;UNIDAD x 1 UND;1;1;1
PRD03036;CAJA CHICA - CARAMELO HALLS MENTA 28 GR;UND;CAJA CHICA;PRD03036;;CAJA CHICA - CARAMELO HALLS MENTA 28 GR;GRANO;1;GRANO;GRANO x 1 UND;1;1;1
PRD03037;CAJA CHICA - CARBON VEGETAL NATURAL;KG;CAJA CHICA;PRD03037;;CAJA CHICA - CARBON VEGETAL NATURAL;KILOGRAMO;1;KILOGRAMO;KILOGRAMO x 1 KG;1;1;1
PRD03038;CAJA CHICA - CEBADA TOSTADA PLEBEYO;KG;CAJA CHICA;PRD03038;;CAJA CHICA - CEBADA TOSTADA PLEBEYO;KILOGRAMO;1;KILOGRAMO;KILOGRAMO x 1 KG;1;1;1
PRD03039;CAJA CHICA - CHANCACA PAMELA X 500 GR;UND;CAJA CHICA;PRD03039;;CAJA CHICA - CHANCACA PAMELA X 500 GR;UNIDAD;1;UNIDAD;UNIDAD x 1 UND;1;1;1
PRD03040;CAJA CHICA - CHANTYPACK PRESTO X 1.5 LT;UND;CAJA CHICA;PRD03040;;CAJA CHICA - CHANTYPACK PRESTO X 1.5 LT;UNIDAD;1;UNIDAD;UNIDAD x 1 UND;1;1;1
PRD03041;CAJA CHICA - CHICLETS CLORETS CHICO;UND;CAJA CHICA;PRD03041;;CAJA CHICA - CHICLETS CLORETS CHICO;UNIDAD;1;UNIDAD;UNIDAD x 1 UND;1;1;1
PRD03042;CAJA CHICA - CHICLETS TRIDENT X 8.5 GR;UND;CAJA CHICA;PRD03042;;CAJA CHICA - CHICLETS TRIDENT X 8.5 GR;UNIDAD;1;UNIDAD;UNIDAD x 1 UND;1;1;1
PRD03043;CAJA CHICA - CHOCOLATE PRINCESA;UND;CAJA CHICA;PRD03043;;CAJA CHICA - CHOCOLATE PRINCESA;UNIDAD;1;UNIDAD;UNIDAD x 1 UND;1;1;1
PRD03044;CAJA CHICA - CHOCOLATE NEGRO SUBLIME 32 GR;UND;CAJA CHICA;PRD03044;;CAJA CHICA - CHOCOLATE NEGRO SUBLIME 32 GR;UNIDAD;1;UNIDAD;UNIDAD x 1 UND;1;1;1
PRD03045;CAJA CHICA - CHOCOLATE RELLENO VIZZIO COSTA 24 GR;UND;CAJA CHICA;PRD03045;;CAJA CHICA - CHOCOLATE RELLENO VIZZIO COSTA 24 GR;UNIDAD;1;UNIDAD;UNIDAD x 1 UND;1;1;1
PRD03046;CAJA CHICA - CHUÑO TOÑA X KG;KG;CAJA CHICA;PRD03046;;CAJA CHICA - CHUÑO TOÑA X KG;KILOGRAMO;1;KILOGRAMO;KILOGRAMO x 1 KG;1;1;1
PRD03047;CAJA CHICA - CLAVO DE OLOR TOÑA X KG;KG;CAJA CHICA;PRD03047;;CAJA CHICA - CLAVO DE OLOR TOÑA X KG;KILOGRAMO;1;KILOGRAMO;KILOGRAMO x 1 KG;1;1;1
PRD03048;CAJA CHICA - COCOA LA ABUELITA X 160 GR;UND;CAJA CHICA;PRD03048;;CAJA CHICA - COCOA LA ABUELITA X 160 GR;UNIDAD;1;UNIDAD;UNIDAD x 1 UND;1;1;1
PRD03049;CAJA CHICA - COMINO MOLIDO TOÑA;KG;CAJA CHICA;PRD03049;;CAJA CHICA - COMINO MOLIDO TOÑA;KILOGRAMO;1;KILOGRAMO;KILOGRAMO x 1 KG;1;1;1
PRD03050;CAJA CHICA - ENCENDEDOR;UND;CAJA CHICA;PRD03050;;CAJA CHICA - ENCENDEDOR;UNIDAD;1;UNIDAD;UNIDAD x 1 UND;1;1;1
PRD03051;CAJA CHICA - ENERGIZANTE MILO X 400 GR;UND;CAJA CHICA;PRD03051;;CAJA CHICA - ENERGIZANTE MILO X 400 GR;UNIDAD;1;UNIDAD;UNIDAD x 1 UND;1;1;1
PRD03052;CAJA CHICA - ESCOBILLA PARA ROPA;UND;CAJA CHICA;PRD03052;;CAJA CHICA - ESCOBILLA PARA ROPA;UNIDAD;1;UNIDAD;UNIDAD x 1 UND;1;1;1
PRD03053;CAJA CHICA - ESCOBILLA PARA UÑAS;UND;CAJA CHICA;PRD03053;;CAJA CHICA - ESCOBILLA PARA UÑAS;UNIDAD;1;UNIDAD;UNIDAD x 1 UND;1;1;1
PRD03054;CAJA CHICA - ESENCIA DE VAINILLA X LT;UND;CAJA CHICA;PRD03054;;CAJA CHICA - ESENCIA DE VAINILLA X LT;BOTELLA;1;BOTELLA;BOTELLA x 1 UND;1;1;1
PRD03055;CAJA CHICA - FIDEO CANUTO NICOLINI X 250 GR;UND;CAJA CHICA;PRD03055;;CAJA CHICA - FIDEO CANUTO NICOLINI X 250 GR;UNIDAD;1;UNIDAD;UNIDAD x 1 UND;1;1;1
PRD03056;CAJA CHICA - FIDEO CODITO CHICO NICOLINI 250 GR;UND;CAJA CHICA;PRD03056;;CAJA CHICA - FIDEO CODITO CHICO NICOLINI 250 GR;UNIDAD;1;UNIDAD;UNIDAD x 1 UND;1;1;1
PRD03057;CAJA CHICA - FIDEO CORBATA NICOLINI 250 GR;UND;CAJA CHICA;PRD03057;;CAJA CHICA - FIDEO CORBATA NICOLINI 250 GR;UNIDAD;1;UNIDAD;UNIDAD x 1 UND;1;1;1
PRD03058;CAJA CHICA - FIDEO RIGATONI NICOLINI 250 GR;UND;CAJA CHICA;PRD03058;;CAJA CHICA - FIDEO RIGATONI NICOLINI 250 GR;UNIDAD;1;UNIDAD;UNIDAD x 1 UND;1;1;1
PRD03059;CAJA CHICA - FIDEO SPAGHETI NICOLINI X 10 KG;UND;CAJA CHICA;PRD03059;;CAJA CHICA - FIDEO SPAGHETI NICOLINI X 10 KG;UNIDAD;1;UNIDAD;UNIDAD x 1 UND;1;1;1
PRD03060;CAJA CHICA - FIDEO TORNILLO CHICO NICOLINI X 250 GR;UND;CAJA CHICA;PRD03060;;CAJA CHICA - FIDEO TORNILLO CHICO NICOLINI X 250 GR;UNIDAD;1;UNIDAD;UNIDAD x 1 UND;1;1;1
PRD03061;CAJA CHICA - FLAN DE VAINILLA ROYAL 250 GR;UND;CAJA CHICA;PRD03061;;CAJA CHICA - FLAN DE VAINILLA ROYAL 250 GR;UNIDAD;1;UNIDAD;UNIDAD x 1 UND;1;1;1
PRD03062;CAJA CHICA - FRANELA BALLERINA SCOCHT BRITE;UND;CAJA CHICA;PRD03062;;CAJA CHICA - FRANELA BALLERINA SCOCHT BRITE;UNIDAD;1;UNIDAD;UNIDAD x 1 UND;1;1;1
PRD03063;CAJA CHICA - FUDGE DE CHOCOLATE LA CABAÑA;UND;CAJA CHICA;PRD03063;;CAJA CHICA - FUDGE DE CHOCOLATE LA CABAÑA;UNIDAD;1;UNIDAD;UNIDAD x 1 UND;1;1;1
PRD03064;CAJA CHICA - GALLETA CHIPS AHOY;UND;CAJA CHICA;PRD03064;;CAJA CHICA - GALLETA CHIPS AHOY;UNIDAD;1;UNIDAD;UNIDAD x 1 UND;1;1;1
PRD03065;CAJA CHICA - GALLETA CHOMP;UND;CAJA CHICA;PRD03065;;CAJA CHICA - GALLETA CHOMP;UNIDAD;1;UNIDAD;UNIDAD x 1 UND;1;1;1
PRD03066;CAJA CHICA - GALLETA CLUB SOCIAL;UND;CAJA CHICA;PRD03066;;CAJA CHICA - GALLETA CLUB SOCIAL;UNIDAD;1;UNIDAD;UNIDAD x 1 UND;1;1;1
PRD03067;CAJA CHICA - GALLETA MARQUESITA;UND;CAJA CHICA;PRD03067;;CAJA CHICA - GALLETA MARQUESITA;UNIDAD;1;UNIDAD;UNIDAD x 1 UND;1;1;1
PRD03068;CAJA CHICA - GALLETA MOROCHA;UND;CAJA CHICA;PRD03068;;CAJA CHICA - GALLETA MOROCHA;UNIDAD;1;UNIDAD;UNIDAD x 1 UND;1;1;1
PRD03069;CAJA CHICA - GALLETA OREO;UND;CAJA CHICA;PRD03069;;CAJA CHICA - GALLETA OREO;UNIDAD;1;UNIDAD;UNIDAD x 1 UND;1;1;1
PRD03070;CAJA CHICA - GALLETA TENTACION;UND;CAJA CHICA;PRD03070;;CAJA CHICA - GALLETA TENTACION;UNIDAD;1;UNIDAD;UNIDAD x 1 UND;1;1;1
PRD03071;CAJA CHICA - GELATINA A GRANEL;UND;CAJA CHICA;PRD03071;;CAJA CHICA - GELATINA A GRANEL;UNIDAD;1;UNIDAD;UNIDAD x 1 UND;1;1;1
PRD03072;CAJA CHICA - HELADOS DONOFRIO X 5 LT;UND;CAJA CHICA;PRD03072;;CAJA CHICA - HELADOS DONOFRIO X 5 LT;UNIDAD;1;UNIDAD;UNIDAD x 1 UND;1;1;1
PRD03073;CAJA CHICA - JUGO LAIVE DURAZNO X 1 LT;L;CAJA CHICA;PRD03073;;CAJA CHICA - JUGO LAIVE DURAZNO X 1 LT;UNIDAD;1;UNIDAD;UNIDAD x 1 L;1;1;1
PRD03074;CAJA CHICA - JUGO LAIVE NARANJA X 200 ML;UND;CAJA CHICA;PRD03074;;CAJA CHICA - JUGO LAIVE NARANJA X 200 ML;UNIDAD;1;UNIDAD;UNIDAD x 1 UND;1;1;1
PRD03075;CAJA CHICA - KETCHUP X 390;UND;CAJA CHICA;PRD03075;;CAJA CHICA - KETCHUP X 390;UNIDAD;1;UNIDAD;UNIDAD x 1 UND;1;1;1
PRD03076;CAJA CHICA - KETCHUP X 4 KG ALACENA;UND;CAJA CHICA;PRD03076;;CAJA CHICA - KETCHUP X 4 KG ALACENA;UNIDAD;1;UNIDAD;UNIDAD x 1 UND;1;1;1
PRD03077;CAJA CHICA - LECHE EVAPORADA LAIVE FAMILIA 500 ML;UND;CAJA CHICA;PRD03077;;CAJA CHICA - LECHE EVAPORADA LAIVE FAMILIA 500 ML;UNIDAD;1;UNIDAD;UNIDAD x 1 UND;1;1;1
PRD03078;CAJA CHICA - LENTEJA CON TOCINO GAMBRINOS LATA;UND;CAJA CHICA;PRD03078;;CAJA CHICA - LENTEJA CON TOCINO GAMBRINOS LATA;UNIDAD;1;UNIDAD;UNIDAD x 1 UND;1;1;1
PRD03079;CAJA CHICA - MACA AVENA SANTA CATALINA X 170 GR;UND;CAJA CHICA;PRD03079;;CAJA CHICA - MACA AVENA SANTA CATALINA X 170 GR;UNIDAD;1;UNIDAD;UNIDAD x 1 UND;1;1;1
PRD03080;CAJA CHICA - MAIZ MOTE EL PLEBEYO X 5 KG;UND;CAJA CHICA;PRD03080;;CAJA CHICA - MAIZ MOTE EL PLEBEYO X 5 KG;UNIDAD;1;UNIDAD;UNIDAD x 1 UND;1;1;1
PRD03081;CAJA CHICA - MANI TOSTADO TOÑA KG;KG;CAJA CHICA;PRD03081;;CAJA CHICA - MANI TOSTADO TOÑA KG;KILOGRAMO;1;KILOGRAMO;KILOGRAMO x 1 KG;1;1;1
PRD03082;CAJA CHICA - MAYONESA ALACENA X 1000 CC;L;CAJA CHICA;PRD03082;;CAJA CHICA - MAYONESA ALACENA X 1000 CC;UNIDAD;1;UNIDAD;UNIDAD x 1 L;1;1;1
PRD03083;CAJA CHICA - MOPA PARA TRAPEAR;UND;CAJA CHICA;PRD03083;;CAJA CHICA - MOPA PARA TRAPEAR;UNIDAD;1;UNIDAD;UNIDAD x 1 UND;1;1;1
PRD03084;CAJA CHICA - MORON AMERICANO EL PLEBEYO X 5 KG;UND;CAJA CHICA;PRD03084;;CAJA CHICA - MORON AMERICANO EL PLEBEYO X 5 KG;UNIDAD;1;UNIDAD;UNIDAD x 1 UND;1;1;1
PRD03085;CAJA CHICA - OREGANO MOLIDO TOÑA X 1 KG;KG;CAJA CHICA;PRD03085;;CAJA CHICA - OREGANO MOLIDO TOÑA X 1 KG;UNIDAD;1;UNIDAD;UNIDAD x 1 KG;1;1;1
PRD03086;CAJA CHICA - PALLAR CON TOCINO GAMBRINOS LATA;UND;CAJA CHICA;PRD03086;;CAJA CHICA - PALLAR CON TOCINO GAMBRINOS LATA;UNIDAD;1;UNIDAD;UNIDAD x 1 UND;1;1;1
PRD03087;CAJA CHICA - PAPEL HIGENICO YUMBO KIMBERLY CLARK;UND;CAJA CHICA;PRD03087;;CAJA CHICA - PAPEL HIGENICO YUMBO KIMBERLY CLARK;UNIDAD;1;UNIDAD;UNIDAD x 1 UND;1;1;1
PRD03088;CAJA CHICA - PAPEL HIGIENICO SCOTT;UND;CAJA CHICA;PRD03088;;CAJA CHICA - PAPEL HIGIENICO SCOTT;UNIDAD;1;UNIDAD;UNIDAD x 1 UND;1;1;1
PRD03089;CAJA CHICA - PAPEL TOALLA JUMBO KIMBERLY CLARK;UND;CAJA CHICA;PRD03089;;CAJA CHICA - PAPEL TOALLA JUMBO KIMBERLY CLARK;UNIDAD;1;UNIDAD;UNIDAD x 1 UND;1;1;1
PRD03090;CAJA CHICA - PASAS SECAS TOÑA;KG;CAJA CHICA;PRD03090;;CAJA CHICA - PASAS SECAS TOÑA;KILOGRAMO;1;KILOGRAMO;KILOGRAMO x 1 KG;1;1;1
PRD03091;CAJA CHICA - PLASTI FILM;UND;CAJA CHICA;PRD03091;;CAJA CHICA - PLASTI FILM;UNIDAD;1;UNIDAD;UNIDAD x 1 UND;1;1;1
PRD03092;CAJA CHICA - PURE DE MANZANA DESHIDRATADA;UND;CAJA CHICA;PRD03092;;CAJA CHICA - PURE DE MANZANA DESHIDRATADA;FRASCO;1;FRASCO;FRASCO x 1 UND;1;1;1
PRD03093;CAJA CHICA - PURE DE PAPAS - MINA X 1KG;KG;CAJA CHICA;PRD03093;;CAJA CHICA - PURE DE PAPAS - MINA X 1KG;SACHET;1;SACHET;SACHET x 1 KG;1;1;1
PRD03094;CAJA CHICA - QUINUA X 5KG;UND;CAJA CHICA;PRD03094;;CAJA CHICA - QUINUA X 5KG;BOLSA;1;BOLSA;BOLSA x 1 UND;1;1;1
PRD03095;CAJA CHICA - SEMOLA SAYON KG;KG;CAJA CHICA;PRD03095;;CAJA CHICA - SEMOLA SAYON KG;KILOGRAMO;1;KILOGRAMO;KILOGRAMO x 1 KG;1;1;1
PRD03096;CAJA CHICA - SNACK CAMOTE CHIPS;UND;CAJA CHICA;PRD03096;;CAJA CHICA - SNACK CAMOTE CHIPS;UNIDAD;1;UNIDAD;UNIDAD x 1 UND;1;1;1
PRD03097;CAJA CHICA - SNACK CHICHARRON;UND;CAJA CHICA;PRD03097;;CAJA CHICA - SNACK CHICHARRON;UNIDAD;1;UNIDAD;UNIDAD x 1 UND;1;1;1
PRD03098;CAJA CHICA - SNACK MANI CONFITADO;UND;CAJA CHICA;PRD03098;;CAJA CHICA - SNACK MANI CONFITADO;UNIDAD;1;UNIDAD;UNIDAD x 1 UND;1;1;1
PRD03099;CAJA CHICA - SNACK TORTEES;UND;CAJA CHICA;PRD03099;;CAJA CHICA - SNACK TORTEES;UNIDAD;1;UNIDAD;UNIDAD x 1 UND;1;1;1
PRD03100;CAJA CHICA - SOYA AVENA SANTA CATALINA;UND;CAJA CHICA;PRD03100;;CAJA CHICA - SOYA AVENA SANTA CATALINA;UNIDAD;1;UNIDAD;UNIDAD x 1 UND;1;1;1
PRD03101;CAJA CHICA - TRIGO LLUNCA;KG;CAJA CHICA;PRD03101;;CAJA CHICA - TRIGO LLUNCA;KILOGRAMO;1;KILOGRAMO;KILOGRAMO x 1 KG;1;1;1
PRD03102;CAJA CHICA - VASO DESCARTABLES X 5 ONZ;UND;CAJA CHICA;PRD03102;;CAJA CHICA - VASO DESCARTABLES X 5 ONZ;UNIDAD;1;UNIDAD;UNIDAD x 1 UND;1;1;1
PRD03103;CAJA CHICA - VINAGRE BLANCO X 3.8 LT;UND;CAJA CHICA;PRD03103;;CAJA CHICA - VINAGRE BLANCO X 3.8 LT;BIDON;1;BIDON;BIDON x 1 UND;1;1;1
PRD03104;CAJA CHICA - HUEVO ROSADO;KG;CAJA CHICA;PRD03104;;CAJA CHICA - HUEVO ROSADO;KILOGRAMO;1;KILOGRAMO;KILOGRAMO x 1 KG;1;1;1
PRD03105;CAJA CHICA - HOJA DE BIJAO X 10 UND;UND;CAJA CHICA;PRD03105;;CAJA CHICA - HOJA DE BIJAO X 10 UND;ROLLO;1;ROLLO;ROLLO x 1 UND;1;1;1
PRD03106;CAJA CHICA - PEZ ESPADA SIN PIEL CONGELADO;KG;CAJA CHICA;PRD03106;;CAJA CHICA - PEZ ESPADA SIN PIEL CONGELADO;KILOGRAMO;1;KILOGRAMO;KILOGRAMO x 1 KG;1;1;1
PRD03107;CAJA CHICA - PAPA BEBE;KG;CAJA CHICA;PRD03107;;CAJA CHICA - PAPA BEBE;KILOGRAMO;1;KILOGRAMO;KILOGRAMO x 1 KG;1;1;1
PRD03108;CAJA CHICA - ESPARRAGO FRESCO X KG;KG;CAJA CHICA;PRD03108;;CAJA CHICA - ESPARRAGO FRESCO X KG;KILOGRAMO;1;KILOGRAMO;KILOGRAMO x 1 KG;1;1;1
PRD03109;CAJA CHICA - FREJOLITO CHINO;KG;CAJA CHICA;PRD03109;;CAJA CHICA - FREJOLITO CHINO;KILOGRAMO;1;KILOGRAMO;KILOGRAMO x 1 KG;1;1;1
PRD03110;CAJA CHICA - UVA ITALIA BLANCA;KG;CAJA CHICA;PRD03110;;CAJA CHICA - UVA ITALIA BLANCA;KILOGRAMO;1;KILOGRAMO;KILOGRAMO x 1 KG;1;1;1
PRD03111;CAJA CHICA - ACEITUNA NEGRA;KG;CAJA CHICA;PRD03111;;CAJA CHICA - ACEITUNA NEGRA;KILOGRAMO;1;KILOGRAMO;KILOGRAMO x 1 KG;1;1;1
PRD03112;CAJA CHICA - ACEITUNA VERDE;KG;CAJA CHICA;PRD03112;;CAJA CHICA - ACEITUNA VERDE;KILOGRAMO;1;KILOGRAMO;KILOGRAMO x 1 KG;1;1;1
PRD03113;CAJA CHICA - ARROZ ARBORIO;KG;CAJA CHICA;PRD03113;;CAJA CHICA - ARROZ ARBORIO;KILOGRAMO;1;KILOGRAMO;KILOGRAMO x 1 KG;1;1;1
PRD03114;CAJA CHICA - PASAS RUBIAS;KG;CAJA CHICA;PRD03114;;CAJA CHICA - PASAS RUBIAS;KILOGRAMO;1;KILOGRAMO;KILOGRAMO x 1 KG;1;1;1
PRD03115;CAJA CHICA - GERMINADO DE ALFALFA;KG;CAJA CHICA;PRD03115;;CAJA CHICA - GERMINADO DE ALFALFA;KILOGRAMO;1;KILOGRAMO;KILOGRAMO x 1 KG;1;1;1
PRD03116;CAJA CHICA - FRESA ORGANICA;KG;CAJA CHICA;PRD03116;;CAJA CHICA - FRESA ORGANICA;KILOGRAMO;1;KILOGRAMO;KILOGRAMO x 1 KG;1;1;1
PRD03117;CAJA CHICA - HUEVO DE CODORNIZ;UND;CAJA CHICA;PRD03117;;CAJA CHICA - HUEVO DE CODORNIZ;PAQUETE;1;PAQUETE;PAQUETE x 1 UND;1;1;1
PRD03118;CAJA CHICA - QUESO MANTECOSO C / FINAS HIERBAS;UND;CAJA CHICA;PRD03118;;CAJA CHICA - QUESO MANTECOSO C / FINAS HIERBAS;PAQUETE;1;PAQUETE;PAQUETE x 1 UND;1;1;1
PRD03119;CAJA CHICA - PIMIENTA MIXTAX 35 GR;UND;CAJA CHICA;PRD03119;;CAJA CHICA - PIMIENTA MIXTAX 35 GR;UNIDAD;1;UNIDAD;UNIDAD x 1 UND;1;1;1
PRD03120;CAJA CHICA - TOSTADA;UND;CAJA CHICA;PRD03120;;CAJA CHICA - TOSTADA;PAQUETE;1;PAQUETE;PAQUETE x 1 UND;1;1;1
PRD03121;CAJA CHICA - BISCOTELA;UND;CAJA CHICA;PRD03121;;CAJA CHICA - BISCOTELA;PAQUETE;1;PAQUETE;PAQUETE x 1 UND;1;1;1
PRD03122;CAJA CHICA - LEGENDARIA SAL ROSADA;UND;CAJA CHICA;PRD03122;;CAJA CHICA - LEGENDARIA SAL ROSADA;GRAMO;1;GRAMO;GRAMO x 1 UND;1;1;1
PRD03123;CAJA CHICA - SAL ARTESANAL;UND;CAJA CHICA;PRD03123;;CAJA CHICA - SAL ARTESANAL;GRAMO;1;GRAMO;GRAMO x 1 UND;1;1;1
PRD03124;CAJA CHICA - MANJAR BLANCO TAMBO 450 GR;UND;CAJA CHICA;PRD03124;;CAJA CHICA - MANJAR BLANCO TAMBO 450 GR;UNIDAD;1;UNIDAD;UNIDAD x 1 UND;1;1;1
PRD03125;CAJA CHICA - MANTEQUILLA TAMBO 450 GR;UND;CAJA CHICA;PRD03125;;CAJA CHICA - MANTEQUILLA TAMBO 450 GR;UNIDAD;1;UNIDAD;UNIDAD x 1 UND;1;1;1
PRD03126;CAJA CHICA - ROSCA DULCE KG;KG;CAJA CHICA;PRD03126;;CAJA CHICA - ROSCA DULCE KG;KILOGRAMO;1;KILOGRAMO;KILOGRAMO x 1 KG;1;1;1
PRD03127;CAJA CHICA - ROSCA SALADA KG;KG;CAJA CHICA;PRD03127;;CAJA CHICA - ROSCA SALADA KG;KILOGRAMO;1;KILOGRAMO;KILOGRAMO x 1 KG;1;1;1
PRD03128;CAJA CHICA - ROSCA CON OREGANO;UND;CAJA CHICA;PRD03128;;CAJA CHICA - ROSCA CON OREGANO;UNIDAD;1;UNIDAD;UNIDAD x 1 UND;1;1;1
PRD03129;CAJA CHICA - PAN DE MAIZ KG;KG;CAJA CHICA;PRD03129;;CAJA CHICA - PAN DE MAIZ KG;KILOGRAMO;1;KILOGRAMO;KILOGRAMO x 1 KG;1;1;1
PRD03130;CAJA CHICA - QUESO GRUYERE KG;KG;CAJA CHICA;PRD03130;;CAJA CHICA - QUESO GRUYERE KG;KILOGRAMO;1;KILOGRAMO;KILOGRAMO x 1 KG;1;1;1
PRD03131;CAJA CHICA - QUESO CON OREGANO KG;KG;CAJA CHICA;PRD03131;;CAJA CHICA - QUESO CON OREGANO KG;KILOGRAMO;1;KILOGRAMO;KILOGRAMO x 1 KG;1;1;1
PRD03132;CAJA CHICA - QUESO CON ROCOTO KG;KG;CAJA CHICA;PRD03132;;CAJA CHICA - QUESO CON ROCOTO KG;KILOGRAMO;1;KILOGRAMO;KILOGRAMO x 1 KG;1;1;1
PRD03133;CAJA CHICA - LINAZA NATURANDES;KG;CAJA CHICA;PRD03133;;CAJA CHICA - LINAZA NATURANDES;KILOGRAMO;1;KILOGRAMO;KILOGRAMO x 1 KG;1;1;1
PRD03134;CAJA CHICA - CHICHA DE JORA;L;CAJA CHICA;PRD03134;;CAJA CHICA - CHICHA DE JORA;LITRO;1;LITRO;LITRO x 1 L;1;1;1
PRD03135;CAJA CHICA - CEREZAS MARRASQUINO X 1.5 KG;UND;CAJA CHICA;PRD03135;;CAJA CHICA - CEREZAS MARRASQUINO X 1.5 KG;UNIDAD;1;UNIDAD;UNIDAD x 1 UND;1;1;1
PRD03136;CAJA CHICA - COBERTURA DE LECHE;KG;CAJA CHICA;PRD03136;;CAJA CHICA - COBERTURA DE LECHE;KILOGRAMO;1;KILOGRAMO;KILOGRAMO x 1 KG;1;1;1
PRD03137;CAJA CHICA - CHOCLO BB;KG;CAJA CHICA;PRD03137;;CAJA CHICA - CHOCLO BB;KILOGRAMO;1;KILOGRAMO;KILOGRAMO x 1 KG;1;1;1
PRD03138;CAJA CHICA - ROMERO FRESCO;KG;CAJA CHICA;PRD03138;;CAJA CHICA - ROMERO FRESCO;KILOGRAMO;1;KILOGRAMO;KILOGRAMO x 1 KG;1;1;1
PRD03139;CAJA CHICA - FRESA;KG;CAJA CHICA;PRD03139;;CAJA CHICA - FRESA;KILOGRAMO;1;KILOGRAMO;KILOGRAMO x 1 KG;1;1;1
PRD03140;CAJA CHICA - AGUAYMANTO;KG;CAJA CHICA;PRD03140;;CAJA CHICA - AGUAYMANTO;KILOGRAMO;1;KILOGRAMO;KILOGRAMO x 1 KG;1;1;1
PRD03141;CAJA CHICA - YEMA DE ALFALFA;KG;CAJA CHICA;PRD03141;;CAJA CHICA - YEMA DE ALFALFA;KILOGRAMO;1;KILOGRAMO;KILOGRAMO x 1 KG;1;1;1
PRD03142;CAJA CHICA - CEBOLLA CHOCLITO;KG;CAJA CHICA;PRD03142;;CAJA CHICA - CEBOLLA CHOCLITO;KILOGRAMO;1;KILOGRAMO;KILOGRAMO x 1 KG;1;1;1
PRD03143;CAJA CHICA - COCKTAIL DE NUECES VALLEALTO 180 GR;UND;CAJA CHICA;PRD03143;;CAJA CHICA - COCKTAIL DE NUECES VALLEALTO 180 GR;UNIDAD;1;UNIDAD;UNIDAD x 1 UND;1;1;1
PRD03144;CAJA CHICA - ROSCA MANTEQUILLA CAJAMARQUEZA KG;KG;CAJA CHICA;PRD03144;;CAJA CHICA - ROSCA MANTEQUILLA CAJAMARQUEZA KG;KILOGRAMO;1;KILOGRAMO;KILOGRAMO x 1 KG;1;1;1
PRD03145;CAJA CHICA - PASAS MORENAS VALLEALTO 100 GR;UND;CAJA CHICA;PRD03145;;CAJA CHICA - PASAS MORENAS VALLEALTO 100 GR;UNIDAD;1;UNIDAD;UNIDAD x 1 UND;1;1;1
PRD03146;CAJA CHICA - CREMA DE LECHE X 1 LT;L;CAJA CHICA;PRD03146;;CAJA CHICA - CREMA DE LECHE X 1 LT;CAJA;1;CAJA;CAJA x 1 L;1;1;1
PRD03147;CAJA CHICA - PASTA DE TOMATE X 160 GR;UND;CAJA CHICA;PRD03147;;CAJA CHICA - PASTA DE TOMATE X 160 GR;SACHET;1;SACHET;SACHET x 1 UND;1;1;1
PRD03148;CAJA CHICA - PAN DE PISO;UND;CAJA CHICA;PRD03148;;CAJA CHICA - PAN DE PISO;UNIDAD;1;UNIDAD;UNIDAD x 1 UND;1;1;1
PRD03149;CAJA CHICA - MINI EMPANADITA DE CARNE X 25 GR;UND;CAJA CHICA;PRD03149;;CAJA CHICA - MINI EMPANADITA DE CARNE X 25 GR;UNIDAD;1;UNIDAD;UNIDAD x 1 UND;1;1;1
PRD03150;CAJA CHICA - MINI ALFAJORES X 18 UND;UND;CAJA CHICA;PRD03150;;CAJA CHICA - MINI ALFAJORES X 18 UND;CAJA;1;CAJA;CAJA x 1 UND;1;1;1
PRD03151;CAJA CHICA - PAN DE HAMBURGUESA;UND;CAJA CHICA;PRD03151;;CAJA CHICA - PAN DE HAMBURGUESA;UNIDAD;1;UNIDAD;UNIDAD x 1 UND;1;1;1
PRD03152;CAJA CHICA - MINI ALFAJORES X 15 GR;UND;CAJA CHICA;PRD03152;;CAJA CHICA - MINI ALFAJORES X 15 GR;UNIDAD;1;UNIDAD;UNIDAD x 1 UND;1;1;1
PRD03153;CAJA CHICA - MANTEQUILLA X 100 GR;UND;CAJA CHICA;PRD03153;;CAJA CHICA - MANTEQUILLA X 100 GR;GRANO;1;GRANO;GRANO x 1 UND;1;1;1
PRD03154;CAJA CHICA - JET MINI HELADO X 24 UND;UND;CAJA CHICA;PRD03154;;CAJA CHICA - JET MINI HELADO X 24 UND;CAJA;1;CAJA;CAJA x 1 UND;1;1;1
PRD03155;CAJA CHICA - SUBLIME MINI HELADO CHOCOLATE X 24 UND;UND;CAJA CHICA;PRD03155;;CAJA CHICA - SUBLIME MINI HELADO CHOCOLATE X 24 UND;CAJA;1;CAJA;CAJA x 1 UND;1;1;1
PRD03156;CAJA CHICA - DONITO HELADO VAINILLA /LUCUMA X 40 UND;UND;CAJA CHICA;PRD03156;;CAJA CHICA - DONITO HELADO VAINILLA /LUCUMA X 40 UND;CAJA;1;CAJA;CAJA x 1 UND;1;1;1
PRD03157;CAJA CHICA - TURBO HELADO NARANJA /FRESA X 40 UND;UND;CAJA CHICA;PRD03157;;CAJA CHICA - TURBO HELADO NARANJA /FRESA X 40 UND;CAJA;1;CAJA;CAJA x 1 UND;1;1;1
PRD03158;CAJA CHICA - HURACAN HELADO X 20 UND;UND;CAJA CHICA;PRD03158;;CAJA CHICA - HURACAN HELADO X 20 UND;CAJA;1;CAJA;CAJA x 1 UND;1;1;1
PRD03159;CAJA CHICA - K -BANA HELADO VAINILLA /LUCUMA X 18 UND;UND;CAJA CHICA;PRD03159;;CAJA CHICA - K -BANA HELADO VAINILLA /LUCUMA X 18 UND;CAJA;1;CAJA;CAJA x 1 UND;1;1;1
PRD03160;CAJA CHICA - PRINCESA HELADO MINI X 24 UND;UND;CAJA CHICA;PRD03160;;CAJA CHICA - PRINCESA HELADO MINI X 24 UND;CAJA;1;CAJA;CAJA x 1 UND;1;1;1
PRD03161;CAJA CHICA - TRIKA HELADO TRICOLOR X 24 UND;UND;CAJA CHICA;PRD03161;;CAJA CHICA - TRIKA HELADO TRICOLOR X 24 UND;CAJA;1;CAJA;CAJA x 1 UND;1;1;1
PRD03162;CAJA CHICA - CHORIZO PRECOCIDO X 1 UND;UND;CAJA CHICA;PRD03162;;CAJA CHICA - CHORIZO PRECOCIDO X 1 UND;PAQUETE;1;PAQUETE;PAQUETE x 1 UND;1;1;1
PRD03163;CAJA CHICA - PALITOS DE ANTICUCHO X 70 UND;UND;CAJA CHICA;PRD03163;;CAJA CHICA - PALITOS DE ANTICUCHO X 70 UND;PAQUETE;1;PAQUETE;PAQUETE x 1 UND;1;1;1
PRD03164;CAJA CHICA - OREGANO ENTERO A GRANEL;KG;CAJA CHICA;PRD03164;;CAJA CHICA - OREGANO ENTERO A GRANEL;KILOGRAMO;1;KILOGRAMO;KILOGRAMO x 1 KG;1;1;1
PRD03165;CAJA CHICA - ALGARROBINA HELADO X 24 UND;UND;CAJA CHICA;PRD03165;;CAJA CHICA - ALGARROBINA HELADO X 24 UND;CAJA;1;CAJA;CAJA x 1 UND;1;1;1
PRD03166;CAJA CHICA - FRIJOL CANARIO A GRANEL;KG;CAJA CHICA;PRD03166;;CAJA CHICA - FRIJOL CANARIO A GRANEL;KILOGRAMO;1;KILOGRAMO;KILOGRAMO x 1 KG;1;1;1
PRD03167;CAJA CHICA - PIÑA EN RODAJAS X 567 GR;UND;CAJA CHICA;PRD03167;;CAJA CHICA - PIÑA EN RODAJAS X 567 GR;LATA;1;LATA;LATA x 1 UND;1;1;1
PRD03168;CAJA CHICA - FLAN VAINILLA X 80 GR;UND;CAJA CHICA;PRD03168;;CAJA CHICA - FLAN VAINILLA X 80 GR;SOBRE;1;SOBRE;SOBRE x 1 UND;1;1;1
PRD03169;CAJA CHICA - YOGURT X 1 LT;L;CAJA CHICA;PRD03169;;CAJA CHICA - YOGURT X 1 LT;BOTELLA;1;BOTELLA;BOTELLA x 1 L;1;1;1
PRD03170;CAJA CHICA - INFUSION MANZANILLA X 100 UND;UND;CAJA CHICA;PRD03170;;CAJA CHICA - INFUSION MANZANILLA X 100 UND;CAJA;1;CAJA;CAJA x 1 UND;1;1;1
PRD03171;CAJA CHICA - PAN BLANCO GRANDE X 650 GR;UND;CAJA CHICA;PRD03171;;CAJA CHICA - PAN BLANCO GRANDE X 650 GR;POTE;1;POTE;POTE x 1 UND;1;1;1
PRD03172;CAJA CHICA - BOLOGNA POLLO X 90 GR;UND;CAJA CHICA;PRD03172;;CAJA CHICA - BOLOGNA POLLO X 90 GR;SACHET;1;SACHET;SACHET x 1 UND;1;1;1
PRD03173;CAJA CHICA - NESCAFE TRADICION X 50 GR;UND;CAJA CHICA;PRD03173;;CAJA CHICA - NESCAFE TRADICION X 50 GR;FRASCO;1;FRASCO;FRASCO x 1 UND;1;1;1
PRD03174;CAJA CHICA - CREMA DE ESPARRAGOS X 1 GR;UND;CAJA CHICA;PRD03174;;CAJA CHICA - CREMA DE ESPARRAGOS X 1 GR;SOBRE;1;SOBRE;SOBRE x 1 UND;1;1;1
PRD03175;CAJA CHICA - KETCHUP INDIVIDUAL X 240 UND;UND;CAJA CHICA;PRD03175;;CAJA CHICA - KETCHUP INDIVIDUAL X 240 UND;CAJA;1;CAJA;CAJA x 1 UND;1;1;1
PRD03176;CAJA CHICA - MOSTAZA INDIVIDUAL X 240 UND;UND;CAJA CHICA;PRD03176;;CAJA CHICA - MOSTAZA INDIVIDUAL X 240 UND;CAJA;1;CAJA;CAJA x 1 UND;1;1;1
PRD03177;CAJA CHICA - MAYONESA INDIVIDUAL X 240 GR;UND;CAJA CHICA;PRD03177;;CAJA CHICA - MAYONESA INDIVIDUAL X 240 GR;CAJA;1;CAJA;CAJA x 1 UND;1;1;1
PRD03178;CAJA CHICA - AJO FRESCO;KG;CAJA CHICA;PRD03178;;CAJA CHICA - AJO FRESCO;KILOGRAMO;1;KILOGRAMO;KILOGRAMO x 1 KG;1;1;1
PRD03179;CAJA CHICA - PAPA HUAYRO;KG;CAJA CHICA;PRD03179;;CAJA CHICA - PAPA HUAYRO;KILOGRAMO;1;KILOGRAMO;KILOGRAMO x 1 KG;1;1;1
PRD03180;CAJA CHICA - PAN BLANCO MEDIANO X 480 GR;UND;CAJA CHICA;PRD03180;;CAJA CHICA - PAN BLANCO MEDIANO X 480 GR;PAQUETE;1;PAQUETE;PAQUETE x 1 UND;1;1;1
PRD03181;CAJA CHICA - PECANAS A GRANEL;KG;CAJA CHICA;PRD03181;;CAJA CHICA - PECANAS A GRANEL;KILOGRAMO;1;KILOGRAMO;KILOGRAMO x 1 KG;1;1;1
PRD03182;CAJA CHICA - AJI MIRASOL SECO;KG;CAJA CHICA;PRD03182;;CAJA CHICA - AJI MIRASOL SECO;KILOGRAMO;1;KILOGRAMO;KILOGRAMO x 1 KG;1;1;1
PRD03183;CAJA CHICA - AJI PANCA SECO;KG;CAJA CHICA;PRD03183;;CAJA CHICA - AJI PANCA SECO;KILOGRAMO;1;KILOGRAMO;KILOGRAMO x 1 KG;1;1;1
PRD03184;CAJA CHICA - TENEDORES BLANCOS X 50 UND;UND;CAJA CHICA;PRD03184;;CAJA CHICA - TENEDORES BLANCOS X 50 UND;PAQUETE;1;PAQUETE;PAQUETE x 1 UND;1;1;1
PRD03185;CAJA CHICA - BOLSA LUSTRE 3 X 10 X 2 X 100 UND;UND;CAJA CHICA;PRD03185;;CAJA CHICA - BOLSA LUSTRE 3 X 10 X 2 X 100 UND;PAQUETE;1;PAQUETE;PAQUETE x 1 UND;1;1;1
PRD03186;CAJA CHICA - CUCHILLOS BLANCOS X 100 UND;UND;CAJA CHICA;PRD03186;;CAJA CHICA - CUCHILLOS BLANCOS X 100 UND;PAQUETE;1;PAQUETE;PAQUETE x 1 UND;1;1;1
PRD03187;CAJA CHICA - BOLSA DE PAPEL KRAF N° 2 X 100 UND;UND;CAJA CHICA;PRD03187;;CAJA CHICA - BOLSA DE PAPEL KRAF N° 2 X 100 UND;PAQUETE;1;PAQUETE;PAQUETE x 1 UND;1;1;1
PRD03188;CAJA CHICA - PLATOS DESCARTABLES N° 22 X 100 UND;UND;CAJA CHICA;PRD03188;;CAJA CHICA - PLATOS DESCARTABLES N° 22 X 100 UND;PAQUETE;1;PAQUETE;PAQUETE x 1 UND;1;1;1
PRD03189;CAJA CHICA - POP CORN A GRANEL - MAIZ PERLITA;KG;CAJA CHICA;PRD03189;;CAJA CHICA - POP CORN A GRANEL - MAIZ PERLITA;KILOGRAMO;1;KILOGRAMO;KILOGRAMO x 1 KG;1;1;1
PRD03190;CAJA CHICA - CERVEZA PILSEN X 625 ML;UND;CAJA CHICA;PRD03190;;CAJA CHICA - CERVEZA PILSEN X 625 ML;BOLSA;1;BOLSA;BOLSA x 1 UND;1;1;1
PRD03191;CAJA CHICA - CERVEZA BRAHMA X 600 ML;UND;CAJA CHICA;PRD03191;;CAJA CHICA - CERVEZA BRAHMA X 600 ML;BOTELLA;1;BOTELLA;BOTELLA x 1 UND;1;1;1
PRD03192;CAJA CHICA - CERVEZA CUSQUEÑA MALTA X 625 ML;UND;CAJA CHICA;PRD03192;;CAJA CHICA - CERVEZA CUSQUEÑA MALTA X 625 ML;BOTELLA;1;BOTELLA;BOTELLA x 1 UND;1;1;1
PRD03193;CAJA CHICA - PAPA CANCHAN;KG;CAJA CHICA;PRD03193;;CAJA CHICA - PAPA CANCHAN;KILOGRAMO;1;KILOGRAMO;KILOGRAMO x 1 KG;1;1;1
PRD03194;CAJA CHICA - PAN CIABATTA;UND;CAJA CHICA;PRD03194;;CAJA CHICA - PAN CIABATTA;UNIDAD;1;UNIDAD;UNIDAD x 1 UND;1;1;1
PRD03195;CAJA CHICA - MINI CIABATTA;UND;CAJA CHICA;PRD03195;;CAJA CHICA - MINI CIABATTA;UNIDAD;1;UNIDAD;UNIDAD x 1 UND;1;1;1
PRD03196;CAJA CHICA - PAN CROISANT;UND;CAJA CHICA;PRD03196;;CAJA CHICA - PAN CROISANT;UNIDAD;1;UNIDAD;UNIDAD x 1 UND;1;1;1
PRD03197;CAJA CHICA - PAN MINI CROISANT;UND;CAJA CHICA;PRD03197;;CAJA CHICA - PAN MINI CROISANT;UNIDAD;1;UNIDAD;UNIDAD x 1 UND;1;1;1
PRD03198;CAJA CHICA - PAN FRANCES;UND;CAJA CHICA;PRD03198;;CAJA CHICA - PAN FRANCES;UNIDAD;1;UNIDAD;UNIDAD x 1 UND;1;1;1
PRD03199;CAJA CHICA - PAN MINI FRANCES;UND;CAJA CHICA;PRD03199;;CAJA CHICA - PAN MINI FRANCES;UNIDAD;1;UNIDAD;UNIDAD x 1 UND;1;1;1
PRD03200;CAJA CHICA - TARTALETAS DE FRUTAS;UND;CAJA CHICA;PRD03200;;CAJA CHICA - TARTALETAS DE FRUTAS;UNIDAD;1;UNIDAD;UNIDAD x 1 UND;1;1;1
PRD03201;CAJA CHICA - MINI TARTALETA DE FRUTAS;UND;CAJA CHICA;PRD03201;;CAJA CHICA - MINI TARTALETA DE FRUTAS;UNIDAD;1;UNIDAD;UNIDAD x 1 UND;1;1;1
PRD03202;CAJA CHICA - PAN BAGUETTE;UND;CAJA CHICA;PRD03202;;CAJA CHICA - PAN BAGUETTE;UNIDAD;1;UNIDAD;UNIDAD x 1 UND;1;1;1
PRD03203;CAJA CHICA - MINI BROWNIE DE CHOCOLATE;UND;CAJA CHICA;PRD03203;;CAJA CHICA - MINI BROWNIE DE CHOCOLATE;UNIDAD;1;UNIDAD;UNIDAD x 1 UND;1;1;1
PRD03204;CAJA CHICA - MINI PIONONO DE MANJAR;UND;CAJA CHICA;PRD03204;;CAJA CHICA - MINI PIONONO DE MANJAR;UNIDAD;1;UNIDAD;UNIDAD x 1 UND;1;1;1
PRD03205;CAJA CHICA - PULPA DE RES;KG;CAJA CHICA;PRD03205;;CAJA CHICA - PULPA DE RES;KILOGRAMO;1;KILOGRAMO;KILOGRAMO x 1 KG;1;1;1
PRD03206;CAJA CHICA - SANCOCHADO DE RES;KG;CAJA CHICA;PRD03206;;CAJA CHICA - SANCOCHADO DE RES;KILOGRAMO;1;KILOGRAMO;KILOGRAMO x 1 KG;1;1;1
PRD03207;CAJA CHICA - RES PALETA CONGELADO NACIONAL;KG;CAJA CHICA;PRD03207;;CAJA CHICA - RES PALETA CONGELADO NACIONAL;KILOGRAMO;1;KILOGRAMO;KILOGRAMO x 1 KG;1;1;1
PRD03208;CAJA CHICA - HELADO CASANOVA;UND;CAJA CHICA;PRD03208;;CAJA CHICA - HELADO CASANOVA;UNIDAD;1;UNIDAD;UNIDAD x 1 UND;1;1;1
PRD03209;CAJA CHICA - HELADO PALETA DE CREMA;UND;CAJA CHICA;PRD03209;;CAJA CHICA - HELADO PALETA DE CREMA;UNIDAD;1;UNIDAD;UNIDAD x 1 UND;1;1;1
PRD03210;CAJA CHICA - HELADO VASITO;UND;CAJA CHICA;PRD03210;;CAJA CHICA - HELADO VASITO;UNIDAD;1;UNIDAD;UNIDAD x 1 UND;1;1;1
PRD03211;CAJA CHICA - ZANAHORIA BB;KG;CAJA CHICA;PRD03211;;CAJA CHICA - ZANAHORIA BB;KILOGRAMO;1;KILOGRAMO;KILOGRAMO x 1 KG;1;1;1
PRD03212;CAJA CHICA - MANJAR BLANCO HUACARIZ 500 GR;UND;CAJA CHICA;PRD03212;;CAJA CHICA - MANJAR BLANCO HUACARIZ 500 GR;UNIDAD;1;UNIDAD;UNIDAD x 1 UND;1;1;1
PRD03213;CAJA CHICA - QUESO FRESCO HUACARIZ KG;KG;CAJA CHICA;PRD03213;;CAJA CHICA - QUESO FRESCO HUACARIZ KG;KILOGRAMO;1;KILOGRAMO;KILOGRAMO x 1 KG;1;1;1
PRD03214;CAJA CHICA - QUESO SUIZO HUACARIZ KG;KG;CAJA CHICA;PRD03214;;CAJA CHICA - QUESO SUIZO HUACARIZ KG;KILOGRAMO;1;KILOGRAMO;KILOGRAMO x 1 KG;1;1;1
PRD03215;CAJA CHICA - QUESO EDAM HUACARIZ KG;KG;CAJA CHICA;PRD03215;;CAJA CHICA - QUESO EDAM HUACARIZ KG;KILOGRAMO;1;KILOGRAMO;KILOGRAMO x 1 KG;1;1;1
PRD03216;CAJA CHICA - MANTEQUILLA HUACARIZ 200 GR;UND;CAJA CHICA;PRD03216;;CAJA CHICA - MANTEQUILLA HUACARIZ 200 GR;UNIDAD;1;UNIDAD;UNIDAD x 1 UND;1;1;1
PRD03217;CAJA CHICA - QUESO FINAS HIERBAS TAMBO KG;KG;CAJA CHICA;PRD03217;;CAJA CHICA - QUESO FINAS HIERBAS TAMBO KG;KILOGRAMO;1;KILOGRAMO;KILOGRAMO x 1 KG;1;1;1
PRD03218;CAJA CHICA - QUESO CAMPESINO TAMBO KG;KG;CAJA CHICA;PRD03218;;CAJA CHICA - QUESO CAMPESINO TAMBO KG;KILOGRAMO;1;KILOGRAMO;KILOGRAMO x 1 KG;1;1;1
PRD03219;CAJA CHICA - QUESO BABY ZUIZZ LAMINADO KG;KG;CAJA CHICA;PRD03219;;CAJA CHICA - QUESO BABY ZUIZZ LAMINADO KG;KILOGRAMO;1;KILOGRAMO;KILOGRAMO x 1 KG;1;1;1
PRD03220;CAJA CHICA - QUESO FINAS HIERBAS HUACARIZ KG;KG;CAJA CHICA;PRD03220;;CAJA CHICA - QUESO FINAS HIERBAS HUACARIZ KG;KILOGRAMO;1;KILOGRAMO;KILOGRAMO x 1 KG;1;1;1
PRD03221;CAJA CHICA - QUESO GOUDA HUACARIZ KG;KG;CAJA CHICA;PRD03221;;CAJA CHICA - QUESO GOUDA HUACARIZ KG;KILOGRAMO;1;KILOGRAMO;KILOGRAMO x 1 KG;1;1;1
PRD03222;CAJA CHICA - QUESO DANBO HUACARIZ KG;KG;CAJA CHICA;PRD03222;;CAJA CHICA - QUESO DANBO HUACARIZ KG;KILOGRAMO;1;KILOGRAMO;KILOGRAMO x 1 KG;1;1;1
PRD03223;CAJA CHICA - QUESO PARIA HUACARIZ KG;KG;CAJA CHICA;PRD03223;;CAJA CHICA - QUESO PARIA HUACARIZ KG;KILOGRAMO;1;KILOGRAMO;KILOGRAMO x 1 KG;1;1;1
PRD03224;CAJA CHICA - QUESO AHUMADO HUACARIZ KG;KG;CAJA CHICA;PRD03224;;CAJA CHICA - QUESO AHUMADO HUACARIZ KG;KILOGRAMO;1;KILOGRAMO;KILOGRAMO x 1 KG;1;1;1
PRD03225;CAJA CHICA - YOGURT NATURAL HUACARIZ LT;L;CAJA CHICA;PRD03225;;CAJA CHICA - YOGURT NATURAL HUACARIZ LT;LITRO;1;LITRO;LITRO x 1 L;1;1;1
PRD03226;CAJA CHICA - GRANOLA HUACARIZ KG;KG;CAJA CHICA;PRD03226;;CAJA CHICA - GRANOLA HUACARIZ KG;KILOGRAMO;1;KILOGRAMO;KILOGRAMO x 1 KG;1;1;1
PRD03227;CAJA CHICA - SIROPE MAPLE 480 GR;UND;CAJA CHICA;PRD03227;;CAJA CHICA - SIROPE MAPLE 480 GR;UNIDAD;1;UNIDAD;UNIDAD x 1 UND;1;1;1
PRD03228;CAJA CHICA - ALMENDRAS VALLE ALTO 90 GR;UND;CAJA CHICA;PRD03228;;CAJA CHICA - ALMENDRAS VALLE ALTO 90 GR;UNIDAD;1;UNIDAD;UNIDAD x 1 UND;1;1;1
PRD03229;CAJA CHICA - PASA RUBIA 180 GR;UND;CAJA CHICA;PRD03229;;CAJA CHICA - PASA RUBIA 180 GR;UNIDAD;1;UNIDAD;UNIDAD x 1 UND;1;1;1
PRD03230;CAJA CHICA - CHAMPAGNE ESPUMA 600 ML;UND;CAJA CHICA;PRD03230;;CAJA CHICA - CHAMPAGNE ESPUMA 600 ML;UNIDAD;1;UNIDAD;UNIDAD x 1 UND;1;1;1
PRD03231;CAJA CHICA - NESTLE CORN FK 180 GR;UND;CAJA CHICA;PRD03231;;CAJA CHICA - NESTLE CORN FK 180 GR;UNIDAD;1;UNIDAD;UNIDAD x 1 UND;1;1;1
PRD03232;CAJA CHICA - LIPE FIBRA 300 GR;UND;CAJA CHICA;PRD03232;;CAJA CHICA - LIPE FIBRA 300 GR;UNIDAD;1;UNIDAD;UNIDAD x 1 UND;1;1;1
PRD03233;CAJA CHICA - KIWI KG;KG;CAJA CHICA;PRD03233;;CAJA CHICA - KIWI KG;KILOGRAMO;1;KILOGRAMO;KILOGRAMO x 1 KG;1;1;1
PRD03234;CAJA CHICA - MATE DE COCA SUNKA X 100 SOBRES;UND;CAJA CHICA;PRD03234;;CAJA CHICA - MATE DE COCA SUNKA X 100 SOBRES;CAJA;1;CAJA;CAJA x 1 UND;1;1;1
PRD03235;CAJA CHICA - ARVEJA PARTIDA AMERICANA X KG;KG;CAJA CHICA;PRD03235;;CAJA CHICA - ARVEJA PARTIDA AMERICANA X KG;KILOGRAMO;1;KILOGRAMO;KILOGRAMO x 1 KG;1;1;1
PRD03236;CAJA CHICA - ALGARROBINA DULK 480 GR;UND;CAJA CHICA;PRD03236;;CAJA CHICA - ALGARROBINA DULK 480 GR;UNIDAD;1;UNIDAD;UNIDAD x 1 UND;1;1;1
PRD03237;CAJA CHICA - LECHE UHT LIGHT GLORIA LT;UND;CAJA CHICA;PRD03237;;CAJA CHICA - LECHE UHT LIGHT GLORIA LT;UNIDAD;1;UNIDAD;UNIDAD x 1 UND;1;1;1
PRD03238;CAJA CHICA - LECHE UHT SIN LACTOSA GLORIA LT;UND;CAJA CHICA;PRD03238;;CAJA CHICA - LECHE UHT SIN LACTOSA GLORIA LT;UNIDAD;1;UNIDAD;UNIDAD x 1 UND;1;1;1
PRD03239;CAJA CHICA - VERDE ROSCA 510 KG;UND;CAJA CHICA;PRD03239;;CAJA CHICA - VERDE ROSCA 510 KG;UNIDAD;1;UNIDAD;UNIDAD x 1 UND;1;1;1
PRD03240;CAJA CHICA - ACEITUNA POTE 250 GR;UND;CAJA CHICA;PRD03240;;CAJA CHICA - ACEITUNA POTE 250 GR;UNIDAD;1;UNIDAD;UNIDAD x 1 UND;1;1;1
PRD03241;CAJA CHICA - MANJAR DE MESA 250 GR;UND;CAJA CHICA;PRD03241;;CAJA CHICA - MANJAR DE MESA 250 GR;UNIDAD;1;UNIDAD;UNIDAD x 1 UND;1;1;1
PRD03242;CAJA CHICA - MANZANA ROJA IMPORTADA KG;KG;CAJA CHICA;PRD03242;;CAJA CHICA - MANZANA ROJA IMPORTADA KG;KILOGRAMO;1;KILOGRAMO;KILOGRAMO x 1 KG;1;1;1
PRD03243;CAJA CHICA - MANZANA VERDE IMPORTADA KG;KG;CAJA CHICA;PRD03243;;CAJA CHICA - MANZANA VERDE IMPORTADA KG;KILOGRAMO;1;KILOGRAMO;KILOGRAMO x 1 KG;1;1;1
PRD03244;CAJA CHICA - MELOCOTON KG;KG;CAJA CHICA;PRD03244;;CAJA CHICA - MELOCOTON KG;KILOGRAMO;1;KILOGRAMO;KILOGRAMO x 1 KG;1;1;1
PRD03245;CAJA CHICA - BESO DE MOZA X 9 UND;UND;CAJA CHICA;PRD03245;;CAJA CHICA - BESO DE MOZA X 9 UND;CAJA;1;CAJA;CAJA x 1 UND;1;1;1
PRD03246;CAJA CHICA - CHIZITO X 200 GR;UND;CAJA CHICA;PRD03246;;CAJA CHICA - CHIZITO X 200 GR;UNIDAD;1;UNIDAD;UNIDAD x 1 UND;1;1;1
PRD03247;CAJA CHICA - CRISMELOS X 100 UND;UND;CAJA CHICA;PRD03247;;CAJA CHICA - CRISMELOS X 100 UND;BOLSA;1;BOLSA;BOLSA x 1 UND;1;1;1
PRD03248;CAJA CHICA - PECHUGA DE PAVO SAN FERNANDO X KG;KG;CAJA CHICA;PRD03248;;CAJA CHICA - PECHUGA DE PAVO SAN FERNANDO X KG;KILOGRAMO;1;KILOGRAMO;KILOGRAMO x 1 KG;1;1;1
PRD03249;CAJA CHICA - TORTA CHOCOLATE;UND;CAJA CHICA;PRD03249;;CAJA CHICA - TORTA CHOCOLATE;UNIDAD;1;UNIDAD;UNIDAD x 1 UND;1;1;1
PRD03250;CAJA CHICA - RON POMALCA 750 ML;UND;CAJA CHICA;PRD03250;;CAJA CHICA - RON POMALCA 750 ML;BOTELLA;1;BOTELLA;BOTELLA x 1 UND;1;1;1
PRD03251;CAJA CHICA - GASEOSA KOLA REAL X 3 LT;UND;CAJA CHICA;PRD03251;;CAJA CHICA - GASEOSA KOLA REAL X 3 LT;BOTELLA;1;BOTELLA;BOTELLA x 1 UND;1;1;1
PRD03252;CAJA CHICA - GELATINA MENTA;KG;CAJA CHICA;PRD03252;;CAJA CHICA - GELATINA MENTA;KILOGRAMO;1;KILOGRAMO;KILOGRAMO x 1 KG;1;1;1
PRD03253;CAJA CHICA - AJINOMOTO;KG;CAJA CHICA;PRD03253;;CAJA CHICA - AJINOMOTO;KILOGRAMO;1;KILOGRAMO;KILOGRAMO x 1 KG;1;1;1
PRD03254;CAJA CHICA - PORTOBELLO;KG;CAJA CHICA;PRD03254;;CAJA CHICA - PORTOBELLO;KILOGRAMO;1;KILOGRAMO;KILOGRAMO x 1 KG;1;1;1
PRD03255;CAJA CHICA - ESTRAGON FRESCO;KG;CAJA CHICA;PRD03255;;CAJA CHICA - ESTRAGON FRESCO;KILOGRAMO;1;KILOGRAMO;KILOGRAMO x 1 KG;1;1;1
PRD03256;CAJA CHICA - ESPARRAGO FRESCO;KG;CAJA CHICA;PRD03256;;CAJA CHICA - ESPARRAGO FRESCO;KILOGRAMO;1;KILOGRAMO;KILOGRAMO x 1 KG;1;1;1
PRD03257;CAJA CHICA - TOMATE CHERRY (PAQUETE x 1 UND);UND;CAJA CHICA;PRD03257;;CAJA CHICA - TOMATE CHERRY (PAQUETE x 1 UND);PAQUETE;1;PAQUETE;PAQUETE x 1 UND;1;1;1
PRD03258;CAJA CHICA - CHAMPIÑONES FRESCO;KG;CAJA CHICA;PRD03258;;CAJA CHICA - CHAMPIÑONES FRESCO;KILOGRAMO;1;KILOGRAMO;KILOGRAMO x 1 KG;1;1;1
PRD03259;CAJA CHICA - LECHUGA ROJA;KG;CAJA CHICA;PRD03259;;CAJA CHICA - LECHUGA ROJA;KILOGRAMO;1;KILOGRAMO;KILOGRAMO x 1 KG;1;1;1
PRD03260;CAJA CHICA - CHIRIMOYA;KG;CAJA CHICA;PRD03260;;CAJA CHICA - CHIRIMOYA;KILOGRAMO;1;KILOGRAMO;KILOGRAMO x 1 KG;1;1;1
PRD03261;CAJA CHICA - HIGADO DE POLLO;KG;CAJA CHICA;PRD03261;;CAJA CHICA - HIGADO DE POLLO;KILOGRAMO;1;KILOGRAMO;KILOGRAMO x 1 KG;1;1;1
PRD03262;CAJA CHICA - HIGADO DE RES;KG;CAJA CHICA;PRD03262;;CAJA CHICA - HIGADO DE RES;KILOGRAMO;1;KILOGRAMO;KILOGRAMO x 1 KG;1;1;1
PRD03263;CAJA CHICA - LUCUMA FRESCA;KG;CAJA CHICA;PRD03263;;CAJA CHICA - LUCUMA FRESCA;KILOGRAMO;1;KILOGRAMO;KILOGRAMO x 1 KG;1;1;1
PRD03264;CAJA CHICA - CULANTRO CRESPO;KG;CAJA CHICA;PRD03264;;CAJA CHICA - CULANTRO CRESPO;KILOGRAMO;1;KILOGRAMO;KILOGRAMO x 1 KG;1;1;1
PRD03265;CAJA CHICA - SACHA CULANTRO;KG;CAJA CHICA;PRD03265;;CAJA CHICA - SACHA CULANTRO;KILOGRAMO;1;KILOGRAMO;KILOGRAMO x 1 KG;1;1;1
PRD03266;CAJA CHICA - CHOTA DESHILADA;UND;CAJA CHICA;PRD03266;;CAJA CHICA - CHOTA DESHILADA;PAQUETE;1;PAQUETE;PAQUETE x 1 UND;1;1;1
PRD03267;CAJA CHICA - ZAPALLO LOCHE;KG;CAJA CHICA;PRD03267;;CAJA CHICA - ZAPALLO LOCHE;KILOGRAMO;1;KILOGRAMO;KILOGRAMO x 1 KG;1;1;1
PRD03268;CAJA CHICA - CECINA DE CERDO;KG;CAJA CHICA;PRD03268;;CAJA CHICA - CECINA DE CERDO;KILOGRAMO;1;KILOGRAMO;KILOGRAMO x 1 KG;1;1;1
PRD03269;CAJA CHICA - CHINCHO FRESCO;KG;CAJA CHICA;PRD03269;;CAJA CHICA - CHINCHO FRESCO;KILOGRAMO;1;KILOGRAMO;KILOGRAMO x 1 KG;1;1;1
PRD03270;CAJA CHICA - MARACUYA ENTERA;KG;CAJA CHICA;PRD03270;;CAJA CHICA - MARACUYA ENTERA;KILOGRAMO;1;KILOGRAMO;KILOGRAMO x 1 KG;1;1;1
PRD03271;CAJA CHICA - AJI CHARAPITA;KG;CAJA CHICA;PRD03271;;CAJA CHICA - AJI CHARAPITA;KILOGRAMO;1;KILOGRAMO;KILOGRAMO x 1 KG;1;1;1
PRD03272;CAJA CHICA - GASEOSA SPRITE 1.5 LT;UND;CAJA CHICA;PRD03272;;CAJA CHICA - GASEOSA SPRITE 1.5 LT;BOTELLA;1;BOTELLA;BOTELLA x 1 UND;1;1;1
PRD03273;CAJA CHICA - LICOR DE MENTA;UND;CAJA CHICA;PRD03273;;CAJA CHICA - LICOR DE MENTA;BOTELLA;1;BOTELLA;BOTELLA x 1 UND;1;1;1
PRD03274;CAJA CHICA - ANIS GRANO;KG;CAJA CHICA;PRD03274;;CAJA CHICA - ANIS GRANO;KILOGRAMO;1;KILOGRAMO;KILOGRAMO x 1 KG;1;1;1
PRD03275;CAJA CHICA - ARAZA;KG;CAJA CHICA;PRD03275;;CAJA CHICA - ARAZA;KILOGRAMO;1;KILOGRAMO;KILOGRAMO x 1 KG;1;1;1
PRD03276;CAJA CHICA - MANI CON PASAS VALLE ALTO X 100 GR;UND;CAJA CHICA;PRD03276;;CAJA CHICA - MANI CON PASAS VALLE ALTO X 100 GR;UNIDAD;1;UNIDAD;UNIDAD x 1 UND;1;1;1
PRD03277;CAJA CHICA - COCKTAIL NUECES VALLE ALTO X 100 GR;UND;CAJA CHICA;PRD03277;;CAJA CHICA - COCKTAIL NUECES VALLE ALTO X 100 GR;UNIDAD;1;UNIDAD;UNIDAD x 1 UND;1;1;1
PRD03278;CAJA CHICA - PANETON DONOFRIO X 900 GR;UND;CAJA CHICA;PRD03278;;CAJA CHICA - PANETON DONOFRIO X 900 GR;UNIDAD;1;UNIDAD;UNIDAD x 1 UND;1;1;1
PRD03279;CAJA CHICA - LOMITO AHUMADO X KG;KG;CAJA CHICA;PRD03279;;CAJA CHICA - LOMITO AHUMADO X KG;KILOGRAMO;1;KILOGRAMO;KILOGRAMO x 1 KG;1;1;1
PRD03280;CAJA CHICA - JAMON AHUMADO X KG;KG;CAJA CHICA;PRD03280;;CAJA CHICA - JAMON AHUMADO X KG;KILOGRAMO;1;KILOGRAMO;KILOGRAMO x 1 KG;1;1;1
PRD03281;CAJA CHICA - TAMAL DE POLLO;UND;CAJA CHICA;PRD03281;;CAJA CHICA - TAMAL DE POLLO;UNIDAD;1;UNIDAD;UNIDAD x 1 UND;1;1;1
PRD03282;CAJA CHICA - JABON ANTIBACTERIAL MOUNT CLEAR 160 GR;UND;CAJA CHICA;PRD03282;;CAJA CHICA - JABON ANTIBACTERIAL MOUNT CLEAR 160 GR;UNIDAD;1;UNIDAD;UNIDAD x 1 UND;1;1;1
PRD03283;CAJA CHICA - PANETON SODEXO X 100 GR;UND;CAJA CHICA;PRD03283;;CAJA CHICA - PANETON SODEXO X 100 GR;BOLSA;1;BOLSA;BOLSA x 1 UND;1;1;1
PRD03284;CAJA CHICA - CEREAL ANGEL COPIX 170 GR;UND;CAJA CHICA;PRD03284;;CAJA CHICA - CEREAL ANGEL COPIX 170 GR;CAJA;1;CAJA;CAJA x 1 UND;1;1;1
PRD03285;CAJA CHICA - SALSA DE AJI 8 GR SACHET;UND;CAJA CHICA;PRD03285;;CAJA CHICA - SALSA DE AJI 8 GR SACHET;UNIDAD;1;UNIDAD;UNIDAD x 1 UND;1;1;1
PRD03286;CAJA CHICA - FILM PLASTICO 18 X 5000;UND;CAJA CHICA;PRD03286;;CAJA CHICA - FILM PLASTICO 18 X 5000;ROLLO;1;ROLLO;ROLLO x 1 UND;1;1;1
PRD03287;CAJA CHICA - MAYONESA SACHET 10 GR;UND;CAJA CHICA;PRD03287;;CAJA CHICA - MAYONESA SACHET 10 GR;SACHET;1;SACHET;SACHET x 1 UND;1;1;1
PRD03288;CAJA CHICA - JABON ANTIBACTERIAL CLEAN SMOOTH 3.7 LT;UND;CAJA CHICA;PRD03288;;CAJA CHICA - JABON ANTIBACTERIAL CLEAN SMOOTH 3.7 LT;GALON;1;GALON;GALON x 1 UND;1;1;1
PRD03289;CAJA CHICA - ENVASE PLASTICO REDONDO C/TAPA 250 CC;UND;CAJA CHICA;PRD03289;;CAJA CHICA - ENVASE PLASTICO REDONDO C/TAPA 250 CC;UNIDAD;1;UNIDAD;UNIDAD x 1 UND;1;1;1
PRD03290;CAJA CHICA - PULPA DE MARACUYA CONGELADO;UND;CAJA CHICA;PRD03290;;CAJA CHICA - PULPA DE MARACUYA CONGELADO;CAJA;1;CAJA;CAJA x 1 UND;1;1;1
PRD03291;CAJA CHICA - ESPONJA VERDE SAPOLIO;UND;CAJA CHICA;PRD03291;;CAJA CHICA - ESPONJA VERDE SAPOLIO;UNIDAD;1;UNIDAD;UNIDAD x 1 UND;1;1;1
PRD03292;CAJA CHICA - GARBANZO AL NATURAL 425 GR;UND;CAJA CHICA;PRD03292;;CAJA CHICA - GARBANZO AL NATURAL 425 GR;LATA;1;LATA;LATA x 1 UND;1;1;1
PRD03293;CAJA CHICA - QUITA SARRO 500 ML;UND;CAJA CHICA;PRD03293;;CAJA CHICA - QUITA SARRO 500 ML;UNIDAD;1;UNIDAD;UNIDAD x 1 UND;1;1;1
PRD03294;CAJA CHICA - BEBIDA ICE TEA VIDA 625 ML;UND;CAJA CHICA;PRD03294;;CAJA CHICA - BEBIDA ICE TEA VIDA 625 ML;UNIDAD;1;UNIDAD;UNIDAD x 1 UND;1;1;1
PRD03295;CAJA CHICA - SALSA TAMARINDO ORIENTAL 390 ML;UND;CAJA CHICA;PRD03295;;CAJA CHICA - SALSA TAMARINDO ORIENTAL 390 ML;FRASCO;1;FRASCO;FRASCO x 1 UND;1;1;1
PRD03296;CAJA CHICA - VASOS DESCARTABLES PLASTICOS 6.5 OZ X 50 UND;UND;CAJA CHICA;PRD03296;;CAJA CHICA - VASOS DESCARTABLES PLASTICOS 6.5 OZ X 50 UND;PAQUETE;1;PAQUETE;PAQUETE x 1 UND;1;1;1
PRD03297;CAJA CHICA - PEZ TRUCHA CONGELADA;KG;CAJA CHICA;PRD03297;;CAJA CHICA - PEZ TRUCHA CONGELADA;KILOGRAMO;1;KILOGRAMO;KILOGRAMO x 1 KG;1;1;1
PRD03298;CAJA CHICA - CHOCOLATE DE TAZA 150 GR;UND;CAJA CHICA;PRD03298;;CAJA CHICA - CHOCOLATE DE TAZA 150 GR;GRANO;1;GRANO;GRANO x 1 UND;1;1;1
PRD03299;CAJA CHICA - BEBIDA REHIDRATANTE AZUL POWERADE 473 ML;UND;CAJA CHICA;PRD03299;;CAJA CHICA - BEBIDA REHIDRATANTE AZUL POWERADE 473 ML;BOTELLA;1;BOTELLA;BOTELLA x 1 UND;1;1;1
PRD03300;CAJA CHICA - BEBIDA REHIDRATANTE FRUTILLA POWERADE 473 ML;UND;CAJA CHICA;PRD03300;;CAJA CHICA - BEBIDA REHIDRATANTE FRUTILLA POWERADE 473 ML;BOTELLA;1;BOTELLA;BOTELLA x 1 UND;1;1;1
PRD03301;CAJA CHICA - BEBIDA REHIDRATANTE MANDARINA POWERADE 473 ML;UND;CAJA CHICA;PRD03301;;CAJA CHICA - BEBIDA REHIDRATANTE MANDARINA POWERADE 473 ML;BOTELLA;1;BOTELLA;BOTELLA x 1 UND;1;1;1
PRD03302;CAJA CHICA - CUCHILLO PARA SEGUNDO DESCARTABLE 50 UND;UND;CAJA CHICA;PRD03302;;CAJA CHICA - CUCHILLO PARA SEGUNDO DESCARTABLE 50 UND;PAQUETE;1;PAQUETE;PAQUETE x 1 UND;1;1;1
PRD03303;CAJA CHICA - SUAVIZANTE LAUNDRY SOFT;UND;CAJA CHICA;PRD03303;;CAJA CHICA - SUAVIZANTE LAUNDRY SOFT;CAJA;1;CAJA;CAJA x 1 UND;1;1;1
PRD03304;CAJA CHICA - ECOLAB ALCOHOL GEL SANIGIZER 800 ML;UND;CAJA CHICA;PRD03304;;CAJA CHICA - ECOLAB ALCOHOL GEL SANIGIZER 800 ML;UNIDAD;1;UNIDAD;UNIDAD x 1 UND;1;1;1
PRD03305;CAJA CHICA - ECOLAB GREASESTRIP PLUS;UND;CAJA CHICA;PRD03305;;CAJA CHICA - ECOLAB GREASESTRIP PLUS;GALON;1;GALON;GALON x 1 UND;1;1;1
PRD03306;CAJA CHICA - ECOLAB PANTASTICK 5 GLN;UND;CAJA CHICA;PRD03306;;CAJA CHICA - ECOLAB PANTASTICK 5 GLN;BALDE;1;BALDE;BALDE x 1 UND;1;1;1
PRD03307;CAJA CHICA - PAPEL HIGIENICO JUMBO BLANCO SUAVE 550 MT;UND;CAJA CHICA;PRD03307;;CAJA CHICA - PAPEL HIGIENICO JUMBO BLANCO SUAVE 550 MT;ROLLO;1;ROLLO;ROLLO x 1 UND;1;1;1
PRD03308;CAJA CHICA - RES PULMON CONGELADO;KG;CAJA CHICA;PRD03308;;CAJA CHICA - RES PULMON CONGELADO;KILOGRAMO;1;KILOGRAMO;KILOGRAMO x 1 KG;1;1;1
PRD03309;CAJA CHICA - GARBANZO CON TOCINO 425 GR;UND;CAJA CHICA;PRD03309;;CAJA CHICA - GARBANZO CON TOCINO 425 GR;LATA;1;LATA;LATA x 1 UND;1;1;1
PRD03310;CAJA CHICA - CUATES PICANTE 43 GR;UND;CAJA CHICA;PRD03310;;CAJA CHICA - CUATES PICANTE 43 GR;UNIDAD;1;UNIDAD;UNIDAD x 1 UND;1;1;1
PRD03311;CAJA CHICA - CREMA NIVEA 30 ML;UND;CAJA CHICA;PRD03311;;CAJA CHICA - CREMA NIVEA 30 ML;UNIDAD;1;UNIDAD;UNIDAD x 1 UND;1;1;1
PRD03312;CAJA CHICA - BOLSA BLANCA T-SHIRT 16 X 19 100 UND;UND;CAJA CHICA;PRD03312;;CAJA CHICA - BOLSA BLANCA T-SHIRT 16 X 19 100 UND;PAQUETE;1;PAQUETE;PAQUETE x 1 UND;1;1;1
PRD03313;CAJA CHICA - PANETON SODEXO 1 KG;KG;CAJA CHICA;PRD03313;;CAJA CHICA - PANETON SODEXO 1 KG;CAJA;1;CAJA;CAJA x 1 KG;1;1;1
PRD03314;CAJA CHICA - GUANTES DE VINILO M R&G X 100 UND;UND;CAJA CHICA;PRD03314;;CAJA CHICA - GUANTES DE VINILO M R&G X 100 UND;CAJA;1;CAJA;CAJA x 1 UND;1;1;1
PRD03315;CAJA CHICA - BOLSA DE POLIPROPILENO 6 X 10;UND;CAJA CHICA;PRD03315;;CAJA CHICA - BOLSA DE POLIPROPILENO 6 X 10;UNIDAD;1;UNIDAD;UNIDAD x 1 UND;1;1;1
PRD03316;CAJA CHICA - ACIDO MURIATICO 1 LT;L;CAJA CHICA;PRD03316;;CAJA CHICA - ACIDO MURIATICO 1 LT;BOTELLA;1;BOTELLA;BOTELLA x 1 L;1;1;1
PRD03317;CAJA CHICA - JABON LIQUIDO LEONSOL 4 LT;UND;CAJA CHICA;PRD03317;;CAJA CHICA - JABON LIQUIDO LEONSOL 4 LT;BOTELLA;1;BOTELLA;BOTELLA x 1 UND;1;1;1
PRD03318;CAJA CHICA - CAFE PARA PASAR ALTOMAYO 200 GR;UND;CAJA CHICA;PRD03318;;CAJA CHICA - CAFE PARA PASAR ALTOMAYO 200 GR;LATA;1;LATA;LATA x 1 UND;1;1;1
PRD03319;CAJA CHICA - VASO TECNOPOR 12 OZ;UND;CAJA CHICA;PRD03319;;CAJA CHICA - VASO TECNOPOR 12 OZ;UNIDAD;1;UNIDAD;UNIDAD x 1 UND;1;1;1
PRD03320;CAJA CHICA - CERA ACRILICA 3.8 LT;UND;CAJA CHICA;PRD03320;;CAJA CHICA - CERA ACRILICA 3.8 LT;GALON;1;GALON;GALON x 1 UND;1;1;1
PRD03321;CAJA CHICA - BEBIDA REHIDRATANTE LIMA LIMON 473 ML;UND;CAJA CHICA;PRD03321;;CAJA CHICA - BEBIDA REHIDRATANTE LIMA LIMON 473 ML;BOTELLA;1;BOTELLA;BOTELLA x 1 UND;1;1;1
PRD03322;CAJA CHICA - PAPITAS LAYS FRITO LAY 18 GR;UND;CAJA CHICA;PRD03322;;CAJA CHICA - PAPITAS LAYS FRITO LAY 18 GR;UNIDAD;1;UNIDAD;UNIDAD x 1 UND;1;1;1
PRD03323;CAJA CHICA - CARAMELO MENTITAS MASTICRUNCH AMBROSOLI;UND;CAJA CHICA;PRD03323;;CAJA CHICA - CARAMELO MENTITAS MASTICRUNCH AMBROSOLI;UNIDAD;1;UNIDAD;UNIDAD x 1 UND;1;1;1
PRD03324;CAJA CHICA - ALCOHOL INDUSTRIAL 70º 4 LT;UND;CAJA CHICA;PRD03324;;CAJA CHICA - ALCOHOL INDUSTRIAL 70º 4 LT;GALON;1;GALON;GALON x 1 UND;1;1;1
PRD03325;CAJA CHICA - BOLSA PARA CUBIERTO 3 X 10 100 UND;UND;CAJA CHICA;PRD03325;;CAJA CHICA - BOLSA PARA CUBIERTO 3 X 10 100 UND;PAQUETE;1;PAQUETE;PAQUETE x 1 UND;1;1;1
PRD03326;CAJA CHICA - GALLETA INTEGRAL INTEGRACKERS MIEL;UND;CAJA CHICA;PRD03326;;CAJA CHICA - GALLETA INTEGRAL INTEGRACKERS MIEL;UNIDAD;1;UNIDAD;UNIDAD x 1 UND;1;1;1
PRD03327;CAJA CHICA - DESINFECTANTE PINO SAPOLIO 3.8 LT;UND;CAJA CHICA;PRD03327;;CAJA CHICA - DESINFECTANTE PINO SAPOLIO 3.8 LT;BIDON;1;BIDON;BIDON x 1 UND;1;1;1
PRD03328;CAJA CHICA - GALLETA CASINO LUCUMA 51 GR;UND;CAJA CHICA;PRD03328;;CAJA CHICA - GALLETA CASINO LUCUMA 51 GR;UNIDAD;1;UNIDAD;UNIDAD x 1 UND;1;1;1
PRD03329;CAJA CHICA - GASEOSA INKA COLA LIGHT 410 ML;UND;CAJA CHICA;PRD03329;;CAJA CHICA - GASEOSA INKA COLA LIGHT 410 ML;BOTELLA;1;BOTELLA;BOTELLA x 1 UND;1;1;1
PRD03330;CAJA CHICA - HELADO DONOFRIO FRESA 5 LT;UND;CAJA CHICA;PRD03330;;CAJA CHICA - HELADO DONOFRIO FRESA 5 LT;GRANO;1;GRANO;GRANO x 1 UND;1;1;1
PRD03331;CAJA CHICA - HELADO DONOFRIO TRICOLOR 5 LT;UND;CAJA CHICA;PRD03331;;CAJA CHICA - HELADO DONOFRIO TRICOLOR 5 LT;GRANO;1;GRANO;GRANO x 1 UND;1;1;1
PRD03332;CAJA CHICA - HELADO DONOFRIO VAINILLA 5 LT;UND;CAJA CHICA;PRD03332;;CAJA CHICA - HELADO DONOFRIO VAINILLA 5 LT;GRANO;1;GRANO;GRANO x 1 UND;1;1;1
PRD03333;CAJA CHICA - JAMONADA PARA CAFETIN 500 GR CONG;UND;CAJA CHICA;PRD03333;;CAJA CHICA - JAMONADA PARA CAFETIN 500 GR CONG;PAQUETE;1;PAQUETE;PAQUETE x 1 UND;1;1;1
PRD03334;CAJA CHICA - JUGO DURAZNO LAIVE 200 ML;UND;CAJA CHICA;PRD03334;;CAJA CHICA - JUGO DURAZNO LAIVE 200 ML;UNIDAD;1;UNIDAD;UNIDAD x 1 UND;1;1;1
PRD03335;CAJA CHICA - JUGO PIÑA LAIVE 200 ML;UND;CAJA CHICA;PRD03335;;CAJA CHICA - JUGO PIÑA LAIVE 200 ML;UNIDAD;1;UNIDAD;UNIDAD x 1 UND;1;1;1
PRD03336;CAJA CHICA - MERMELADA FRESA COMPASS 1 KG;KG;CAJA CHICA;PRD03336;;CAJA CHICA - MERMELADA FRESA COMPASS 1 KG;BOLSA;1;BOLSA;BOLSA x 1 KG;1;1;1
PRD03337;CAJA CHICA - MIEL DE ABEJA FLORIDA 600 ML;UND;CAJA CHICA;PRD03337;;CAJA CHICA - MIEL DE ABEJA FLORIDA 600 ML;FRASCO;1;FRASCO;FRASCO x 1 UND;1;1;1
PRD03338;CAJA CHICA - PALILLO MOLIDO TOÑA 1 KG;KG;CAJA CHICA;PRD03338;;CAJA CHICA - PALILLO MOLIDO TOÑA 1 KG;BOLSA;1;BOLSA;BOLSA x 1 KG;1;1;1
PRD03339;CAJA CHICA - PAPITAS LAYS FRITO LAY 40 GR;UND;CAJA CHICA;PRD03339;;CAJA CHICA - PAPITAS LAYS FRITO LAY 40 GR;UNIDAD;1;UNIDAD;UNIDAD x 1 UND;1;1;1
PRD03340;CAJA CHICA - PAPEL MANTECA RESMA 450 UND;UND;CAJA CHICA;PRD03340;;CAJA CHICA - PAPEL MANTECA RESMA 450 UND;PAQUETE;1;PAQUETE;PAQUETE x 1 UND;1;1;1
PRD03341;CAJA CHICA - POLVO DE HORNEAR LEVAPAN 4 KG;UND;CAJA CHICA;PRD03341;;CAJA CHICA - POLVO DE HORNEAR LEVAPAN 4 KG;BOLSA;1;BOLSA;BOLSA x 1 UND;1;1;1
PRD03342;CAJA CHICA - SALSA OSTION SOFIT 730 ML;UND;CAJA CHICA;PRD03342;;CAJA CHICA - SALSA OSTION SOFIT 730 ML;FRASCO;1;FRASCO;FRASCO x 1 UND;1;1;1
PRD03343;CAJA CHICA - SALSA SILLAO TRESA 4 LT;UND;CAJA CHICA;PRD03343;;CAJA CHICA - SALSA SILLAO TRESA 4 LT;BIDON;1;BIDON;BIDON x 1 UND;1;1;1
PRD03344;CAJA CHICA - SOPA INSTANTANEA CAMARON 8 OZ;UND;CAJA CHICA;PRD03344;;CAJA CHICA - SOPA INSTANTANEA CAMARON 8 OZ;VASO;1;VASO;VASO x 1 UND;1;1;1
PRD03345;CAJA CHICA - TAMAL DE POLLO X 10 UND;UND;CAJA CHICA;PRD03345;;CAJA CHICA - TAMAL DE POLLO X 10 UND;CAJA;1;CAJA;CAJA x 1 UND;1;1;1
PRD03346;CAJA CHICA - TOCINO AHUMADO CONG 500 GR;UND;CAJA CHICA;PRD03346;;CAJA CHICA - TOCINO AHUMADO CONG 500 GR;PAQUETE;1;PAQUETE;PAQUETE x 1 UND;1;1;1
PRD03347;CAJA CHICA - GALLETA TENTACION COCO;UND;CAJA CHICA;PRD03347;;CAJA CHICA - GALLETA TENTACION COCO;UNIDAD;1;UNIDAD;UNIDAD x 1 UND;1;1;1
PRD03348;CAJA CHICA - SOPA INSTANTANEA PICANTE 8 OZ;UND;CAJA CHICA;PRD03348;;CAJA CHICA - SOPA INSTANTANEA PICANTE 8 OZ;VASO;1;VASO;VASO x 1 UND;1;1;1
PRD03349;CAJA CHICA - POLLO ENTERO S/ MENUD CONG 1.2 KG;KG;CAJA CHICA;PRD03349;;CAJA CHICA - POLLO ENTERO S/ MENUD CONG 1.2 KG;KILOGRAMO;1;KILOGRAMO;KILOGRAMO x 1 KG;1;1;1
PRD03350;CAJA CHICA - PEZ TRUCHA S/PIEL CONG;KG;CAJA CHICA;PRD03350;;CAJA CHICA - PEZ TRUCHA S/PIEL CONG;KILOGRAMO;1;KILOGRAMO;KILOGRAMO x 1 KG;1;1;1
PRD03351;CAJA CHICA - PAN INTEGRAL 400 GR;UND;CAJA CHICA;PRD03351;;CAJA CHICA - PAN INTEGRAL 400 GR;BOLSA;1;BOLSA;BOLSA x 1 UND;1;1;1
PRD03352;CAJA CHICA - PALO MOPERO RUBBERMAID H146;UND;CAJA CHICA;PRD03352;;CAJA CHICA - PALO MOPERO RUBBERMAID H146;UNIDAD;1;UNIDAD;UNIDAD x 1 UND;1;1;1
PRD03353;CAJA CHICA - GORRO CIRCULAR DESCARTABLE 100 UND;UND;CAJA CHICA;PRD03353;;CAJA CHICA - GORRO CIRCULAR DESCARTABLE 100 UND;CAJA;1;CAJA;CAJA x 1 UND;1;1;1
PRD03354;CAJA CHICA - GARBANZO PRE COCIDO;UND;CAJA CHICA;PRD03354;;CAJA CHICA - GARBANZO PRE COCIDO;BOLSA;1;BOLSA;BOLSA x 1 UND;1;1;1
PRD03355;CAJA CHICA - CURRY;KG;CAJA CHICA;PRD03355;;CAJA CHICA - CURRY;KILOGRAMO;1;KILOGRAMO;KILOGRAMO x 1 KG;1;1;1
PRD03356;CAJA CHICA - LICOR DE CAFE KALHUA 700 ML;UND;CAJA CHICA;PRD03356;;CAJA CHICA - LICOR DE CAFE KALHUA 700 ML;BOTELLA;1;BOTELLA;BOTELLA x 1 UND;1;1;1
PRD03357;CAJA CHICA - COCKTAIL FRUTAS 822 GR;UND;CAJA CHICA;PRD03357;;CAJA CHICA - COCKTAIL FRUTAS 822 GR;LATA;1;LATA;LATA x 1 UND;1;1;1
PRD03358;CAJA CHICA - COCA COLA ZERO 500 ML;UND;CAJA CHICA;PRD03358;;CAJA CHICA - COCA COLA ZERO 500 ML;UNIDAD;1;UNIDAD;UNIDAD x 1 UND;1;1;1
PRD03359;CAJA CHICA - COBERTURA BITTER NEGRO;UND;CAJA CHICA;PRD03359;;CAJA CHICA - COBERTURA BITTER NEGRO;CAJA;1;CAJA;CAJA x 1 UND;1;1;1
PRD03360;CAJA CHICA - CLAX SUAVE 20 LT;UND;CAJA CHICA;PRD03360;;CAJA CHICA - CLAX SUAVE 20 LT;BALDE;1;BALDE;BALDE x 1 UND;1;1;1
PRD03361;CAJA CHICA - CHORIZO PARRILLERO CONGELADO;KG;CAJA CHICA;PRD03361;;CAJA CHICA - CHORIZO PARRILLERO CONGELADO;KILOGRAMO;1;KILOGRAMO;KILOGRAMO x 1 KG;1;1;1
PRD03362;CAJA CHICA - CEREZA MARRASQUINO KG;KG;CAJA CHICA;PRD03362;;CAJA CHICA - CEREZA MARRASQUINO KG;KILOGRAMO;1;KILOGRAMO;KILOGRAMO x 1 KG;1;1;1
PRD03363;CAJA CHICA - CEREAL MIEL ANGEL 420 GR;UND;CAJA CHICA;PRD03363;;CAJA CHICA - CEREAL MIEL ANGEL 420 GR;CAJA;1;CAJA;CAJA x 1 UND;1;1;1
PRD03364;CAJA CHICA - HALLS MORA AZUL 100 UND;UND;CAJA CHICA;PRD03364;;CAJA CHICA - HALLS MORA AZUL 100 UND;BOLSA;1;BOLSA;BOLSA x 1 UND;1;1;1
PRD03365;CAJA CHICA - HALLS CREAMY FRESA 28 GR;UND;CAJA CHICA;PRD03365;;CAJA CHICA - HALLS CREAMY FRESA 28 GR;UNIDAD;1;UNIDAD;UNIDAD x 1 UND;1;1;1
PRD03366;CAJA CHICA - CANELA ENTERA TOÑA 500 GR;UND;CAJA CHICA;PRD03366;;CAJA CHICA - CANELA ENTERA TOÑA 500 GR;BOLSA;1;BOLSA;BOLSA x 1 UND;1;1;1
PRD03367;CAJA CHICA - AVENA 3 OSITOS X 10 KG;UND;CAJA CHICA;PRD03367;;CAJA CHICA - AVENA 3 OSITOS X 10 KG;BOLSA;1;BOLSA;BOLSA x 1 UND;1;1;1
PRD03368;CAJA CHICA - ARROZ EXTRA PARBOLEID;KG;CAJA CHICA;PRD03368;;CAJA CHICA - ARROZ EXTRA PARBOLEID;KILOGRAMO;1;KILOGRAMO;KILOGRAMO x 1 KG;1;1;1
PRD03369;CAJA CHICA - AMBIENTADOR CON FRAGANCIA;L;CAJA CHICA;PRD03369;;CAJA CHICA - AMBIENTADOR CON FRAGANCIA;LITRO;1;LITRO;LITRO x 1 L;1;1;1
PRD03370;CAJA CHICA - CARAMELO TURRONELO SAYON UND;UND;CAJA CHICA;PRD03370;;CAJA CHICA - CARAMELO TURRONELO SAYON UND;UNIDAD;1;UNIDAD;UNIDAD x 1 UND;1;1;1
PRD03371;CAJA CHICA - CHICLET BUBBALOO BANANA;UND;CAJA CHICA;PRD03371;;CAJA CHICA - CHICLET BUBBALOO BANANA;UNIDAD;1;UNIDAD;UNIDAD x 1 UND;1;1;1
PRD03372;CAJA CHICA - CHICLET BUBBALOO FRESA;UND;CAJA CHICA;PRD03372;;CAJA CHICA - CHICLET BUBBALOO FRESA;UNIDAD;1;UNIDAD;UNIDAD x 1 UND;1;1;1
PRD03373;CAJA CHICA - CHICLET BUBBALOO MENTA;UND;CAJA CHICA;PRD03373;;CAJA CHICA - CHICLET BUBBALOO MENTA;UNIDAD;1;UNIDAD;UNIDAD x 1 UND;1;1;1
PRD03374;CAJA CHICA - CHICLETS ADAMS 17.4 GR (X12);UND;CAJA CHICA;PRD03374;;CAJA CHICA - CHICLETS ADAMS 17.4 GR (X12);UNIDAD;1;UNIDAD;UNIDAD x 1 UND;1;1;1
PRD03375;CAJA CHICA - CHICLETS ADAMS 2.9 GR (X 2);UND;CAJA CHICA;PRD03375;;CAJA CHICA - CHICLETS ADAMS 2.9 GR (X 2);UNIDAD;1;UNIDAD;UNIDAD x 1 UND;1;1;1
PRD03376;CAJA CHICA - CHOCOLENTEJAS 32 GR;UND;CAJA CHICA;PRD03376;;CAJA CHICA - CHOCOLENTEJAS 32 GR;UNIDAD;1;UNIDAD;UNIDAD x 1 UND;1;1;1
PRD03377;CAJA CHICA - CHUPETIN 12 GR;UND;CAJA CHICA;PRD03377;;CAJA CHICA - CHUPETIN 12 GR;UNIDAD;1;UNIDAD;UNIDAD x 1 UND;1;1;1
PRD03378;CAJA CHICA - GALLETA INTEGRAL C/SALVADO;UND;CAJA CHICA;PRD03378;;CAJA CHICA - GALLETA INTEGRAL C/SALVADO;UNIDAD;1;UNIDAD;UNIDAD x 1 UND;1;1;1
PRD03379;CAJA CHICA - GALLETA WAFER FIELD VAINILLA 57.6 GR;UND;CAJA CHICA;PRD03379;;CAJA CHICA - GALLETA WAFER FIELD VAINILLA 57.6 GR;UNIDAD;1;UNIDAD;UNIDAD x 1 UND;1;1;1
PRD03380;CAJA CHICA - HALLS MENTA UND;UND;CAJA CHICA;PRD03380;;CAJA CHICA - HALLS MENTA UND;UNIDAD;1;UNIDAD;UNIDAD x 1 UND;1;1;1
PRD03381;CAJA CHICA - PIQUEO SNACK 53 GR FRITO LAY;UND;CAJA CHICA;PRD03381;;CAJA CHICA - PIQUEO SNACK 53 GR FRITO LAY;UNIDAD;1;UNIDAD;UNIDAD x 1 UND;1;1;1
PRD03382;CAJA CHICA - CANDADOS PARA LOCKERS;UND;CAJA CHICA;PRD03382;;CAJA CHICA - CANDADOS PARA LOCKERS;UNIDAD;1;UNIDAD;UNIDAD x 1 UND;1;1;1
PRD03383;CAJA CHICA - CEREAL NUTRICROKC TRIGO PUNCH 260 GR;UND;CAJA CHICA;PRD03383;;CAJA CHICA - CEREAL NUTRICROKC TRIGO PUNCH 260 GR;CAJA;1;CAJA;CAJA x 1 UND;1;1;1
PRD03384;CAJA CHICA - SALSA COINTREAU;UND;CAJA CHICA;PRD03384;;CAJA CHICA - SALSA COINTREAU;BOTELLA;1;BOTELLA;BOTELLA x 1 UND;1;1;1
PRD03385;CAJA CHICA - ENVASES TERMICOS CT5 500 GR;UND;CAJA CHICA;PRD03385;;CAJA CHICA - ENVASES TERMICOS CT5 500 GR;UNIDAD;1;UNIDAD;UNIDAD x 1 UND;1;1;1
PRD03386;CAJA CHICA - FLAN DE MANJAR BLANCO INSTANTANEO;KG;CAJA CHICA;PRD03386;;CAJA CHICA - FLAN DE MANJAR BLANCO INSTANTANEO;KILOGRAMO;1;KILOGRAMO;KILOGRAMO x 1 KG;1;1;1
PRD03387;CAJA CHICA - FRIJOL CANARIO PRE COCIDO;KG;CAJA CHICA;PRD03387;;CAJA CHICA - FRIJOL CANARIO PRE COCIDO;KILOGRAMO;1;KILOGRAMO;KILOGRAMO x 1 KG;1;1;1
PRD03388;CAJA CHICA - BEBIDA REHIDRATANTE GATORADE APPLE ICE 750 ML;UND;CAJA CHICA;PRD03388;;CAJA CHICA - BEBIDA REHIDRATANTE GATORADE APPLE ICE 750 ML;BOTELLA;1;BOTELLA;BOTELLA x 1 UND;1;1;1
PRD03389;CAJA CHICA - MAZAMORRA MORADA INSTANTANEA KG;KG;CAJA CHICA;PRD03389;;CAJA CHICA - MAZAMORRA MORADA INSTANTANEA KG;KILOGRAMO;1;KILOGRAMO;KILOGRAMO x 1 KG;1;1;1
PRD03390;CAJA CHICA - PALO MOPERO METAL H225;UND;CAJA CHICA;PRD03390;;CAJA CHICA - PALO MOPERO METAL H225;UNIDAD;1;UNIDAD;UNIDAD x 1 UND;1;1;1
PRD03391;CAJA CHICA - PANETON ECONOMICO 900 GR;UND;CAJA CHICA;PRD03391;;CAJA CHICA - PANETON ECONOMICO 900 GR;BOLSA;1;BOLSA;BOLSA x 1 UND;1;1;1
PRD03392;CAJA CHICA - RES BISTECK 120 GR CONGELADO;KG;CAJA CHICA;PRD03392;;CAJA CHICA - RES BISTECK 120 GR CONGELADO;KILOGRAMO;1;KILOGRAMO;KILOGRAMO x 1 KG;1;1;1
PRD03393;CAJA CHICA - SHAMPOO PANTENE SACHET;UND;CAJA CHICA;PRD03393;;CAJA CHICA - SHAMPOO PANTENE SACHET;UNIDAD;1;UNIDAD;UNIDAD x 1 UND;1;1;1
PRD03394;CAJA CHICA - SHAMPOO PANTENE CUIDADO CLASICO SACHET;UND;CAJA CHICA;PRD03394;;CAJA CHICA - SHAMPOO PANTENE CUIDADO CLASICO SACHET;UNIDAD;1;UNIDAD;UNIDAD x 1 UND;1;1;1
PRD03395;CAJA CHICA - SHAMPOO SEDAL SACHET;UND;CAJA CHICA;PRD03395;;CAJA CHICA - SHAMPOO SEDAL SACHET;UNIDAD;1;UNIDAD;UNIDAD x 1 UND;1;1;1
PRD03396;CAJA CHICA - PULPA DE FRESA CONGELADO;KG;CAJA CHICA;PRD03396;;CAJA CHICA - PULPA DE FRESA CONGELADO;KILOGRAMO;1;KILOGRAMO;KILOGRAMO x 1 KG;1;1;1
PRD03397;CAJA CHICA - PULPA DE LUCUMA CONGELADO;KG;CAJA CHICA;PRD03397;;CAJA CHICA - PULPA DE LUCUMA CONGELADO;KILOGRAMO;1;KILOGRAMO;KILOGRAMO x 1 KG;1;1;1
PRD03398;CAJA CHICA - PULPA DE MELON CONGELADO;KG;CAJA CHICA;PRD03398;;CAJA CHICA - PULPA DE MELON CONGELADO;KILOGRAMO;1;KILOGRAMO;KILOGRAMO x 1 KG;1;1;1
PRD03399;CAJA CHICA - PULPA DE MANGO CONGELADO;KG;CAJA CHICA;PRD03399;;CAJA CHICA - PULPA DE MANGO CONGELADO;KILOGRAMO;1;KILOGRAMO;KILOGRAMO x 1 KG;1;1;1
PRD03400;CAJA CHICA - PULPA DE PAPAYA CONGELADO;KG;CAJA CHICA;PRD03400;;CAJA CHICA - PULPA DE PAPAYA CONGELADO;KILOGRAMO;1;KILOGRAMO;KILOGRAMO x 1 KG;1;1;1
PRD03401;CAJA CHICA - GELATINA DE LIMON GELANDINA 5 KG;UND;CAJA CHICA;PRD03401;;CAJA CHICA - GELATINA DE LIMON GELANDINA 5 KG;BOLSA;1;BOLSA;BOLSA x 1 UND;1;1;1
PRD03402;CAJA CHICA - ECOLAB DESINCRUSTANTE LIME AWAY 3.78;UND;CAJA CHICA;PRD03402;;CAJA CHICA - ECOLAB DESINCRUSTANTE LIME AWAY 3.78;BIDON;1;BIDON;BIDON x 1 UND;1;1;1
PRD03403;CAJA CHICA - DESINFECTANTE OASIS PRO;UND;CAJA CHICA;PRD03403;;CAJA CHICA - DESINFECTANTE OASIS PRO;GALON;1;GALON;GALON x 1 UND;1;1;1
PRD03404;CAJA CHICA - DENTRIFICO DENTO MENTA NATURAL 75 ML;UND;CAJA CHICA;PRD03404;;CAJA CHICA - DENTRIFICO DENTO MENTA NATURAL 75 ML;UNIDAD;1;UNIDAD;UNIDAD x 1 UND;1;1;1
PRD03405;CAJA CHICA - TOALLA HIGIENICA KOTEX 10 UND;UND;CAJA CHICA;PRD03405;;CAJA CHICA - TOALLA HIGIENICA KOTEX 10 UND;PAQUETE;1;PAQUETE;PAQUETE x 1 UND;1;1;1
PRD03406;CAJA CHICA - CERVEZA PILSEN 330 ML;UND;CAJA CHICA;PRD03406;;CAJA CHICA - CERVEZA PILSEN 330 ML;BOTELLA;1;BOTELLA;BOTELLA x 1 UND;1;1;1
PRD03407;CAJA CHICA - ENJUAGUE DENTAL DENTO 250 ML;UND;CAJA CHICA;PRD03407;;CAJA CHICA - ENJUAGUE DENTAL DENTO 250 ML;UNIDAD;1;UNIDAD;UNIDAD x 1 UND;1;1;1
PRD03408;CAJA CHICA - BOLSA POLIGRASA 500 UND;UND;CAJA CHICA;PRD03408;;CAJA CHICA - BOLSA POLIGRASA 500 UND;PAQUETE;1;PAQUETE;PAQUETE x 1 UND;1;1;1
PRD03409;CAJA CHICA - ALCOHOL INDUSTRIAL 96ª LT;UND;CAJA CHICA;PRD03409;;CAJA CHICA - ALCOHOL INDUSTRIAL 96ª LT;BOTELLA;1;BOTELLA;BOTELLA x 1 UND;1;1;1
PRD03410;CAJA CHICA - JABON DE TOCADOR LIFEBUOY 75 GR;UND;CAJA CHICA;PRD03410;;CAJA CHICA - JABON DE TOCADOR LIFEBUOY 75 GR;UNIDAD;1;UNIDAD;UNIDAD x 1 UND;1;1;1
PRD03411;CAJA CHICA - FLAN DE CHOCOLATE INSTANTANEO 5 KG;UND;CAJA CHICA;PRD03411;;CAJA CHICA - FLAN DE CHOCOLATE INSTANTANEO 5 KG;BOLSA;1;BOLSA;BOLSA x 1 UND;1;1;1
PRD03412;CAJA CHICA - RES BIFE ANGOSTO CONGELADO NACIONAL;KG;CAJA CHICA;PRD03412;;CAJA CHICA - RES BIFE ANGOSTO CONGELADO NACIONAL;KILOGRAMO;1;KILOGRAMO;KILOGRAMO x 1 KG;1;1;1
PRD03413;CAJA CHICA - RES MALAYA AREQ;KG;CAJA CHICA;PRD03413;;CAJA CHICA - RES MALAYA AREQ;KILOGRAMO;1;KILOGRAMO;KILOGRAMO x 1 KG;1;1;1
PRD03414;CAJA CHICA - CAFE MOLIDO DESCAFEINADO 100 GR;UND;CAJA CHICA;PRD03414;;CAJA CHICA - CAFE MOLIDO DESCAFEINADO 100 GR;FRASCO;1;FRASCO;FRASCO x 1 UND;1;1;1
PRD03415;CAJA CHICA - BEBIDA REHIDRATANTE APPLE ICE POWERADE 500 ML;UND;CAJA CHICA;PRD03415;;CAJA CHICA - BEBIDA REHIDRATANTE APPLE ICE POWERADE 500 ML;BOTELLA;1;BOTELLA;BOTELLA x 1 UND;1;1;1
PRD03416;CAJA CHICA - PANETON SANTA CLARA 90 GR;UND;CAJA CHICA;PRD03416;;CAJA CHICA - PANETON SANTA CLARA 90 GR;BOLSA;1;BOLSA;BOLSA x 1 UND;1;1;1
PRD03417;CAJA CHICA - CAFE MOLIDO NESCAFE TRADICION 400 GR;UND;CAJA CHICA;PRD03417;;CAJA CHICA - CAFE MOLIDO NESCAFE TRADICION 400 GR;LATA;1;LATA;LATA x 1 UND;1;1;1
PRD03418;CAJA CHICA - FORTIFICANTE NESQUICK 400 GR;UND;CAJA CHICA;PRD03418;;CAJA CHICA - FORTIFICANTE NESQUICK 400 GR;LATA;1;LATA;LATA x 1 UND;1;1;1
PRD03419;CAJA CHICA - GELATINA PIÑA INSTANTANEO;KG;CAJA CHICA;PRD03419;;CAJA CHICA - GELATINA PIÑA INSTANTANEO;KILOGRAMO;1;KILOGRAMO;KILOGRAMO x 1 KG;1;1;1
PRD03420;CAJA CHICA - BOLSAS PLASTICO BLANCA BIODEGRADABLE 16.5 X 23;UND;CAJA CHICA;PRD03420;;CAJA CHICA - BOLSAS PLASTICO BLANCA BIODEGRADABLE 16.5 X 23;UNIDAD;1;UNIDAD;UNIDAD x 1 UND;1;1;1
PRD03421;CAJA CHICA - FRANELA 50 X 60;UND;CAJA CHICA;PRD03421;;CAJA CHICA - FRANELA 50 X 60;UNIDAD;1;UNIDAD;UNIDAD x 1 UND;1;1;1
PRD03422;CAJA CHICA - PISCO MORO;UND;CAJA CHICA;PRD03422;;CAJA CHICA - PISCO MORO;BOTELLA;1;BOTELLA;BOTELLA x 1 UND;1;1;1
PRD03423;CAJA CHICA - LIMON VERDE;KG;CAJA CHICA;PRD03423;;CAJA CHICA - LIMON VERDE;KILOGRAMO;1;KILOGRAMO;KILOGRAMO x 1 KG;1;1;1
PRD03424;CAJA CHICA - PEZ TRUCHA REFRIGERADA;KG;CAJA CHICA;PRD03424;;CAJA CHICA - PEZ TRUCHA REFRIGERADA;KILOGRAMO;1;KILOGRAMO;KILOGRAMO x 1 KG;1;1;1
PRD03425;CAJA CHICA - AGUA SAN MATEO 600 ML;UND;CAJA CHICA;PRD03425;;CAJA CHICA - AGUA SAN MATEO 600 ML;BOTELLA;1;BOTELLA;BOTELLA x 1 UND;1;1;1
PRD03426;CAJA CHICA - CEREAL ANGEL SHAPE 300 GR;UND;CAJA CHICA;PRD03426;;CAJA CHICA - CEREAL ANGEL SHAPE 300 GR;CAJA;1;CAJA;CAJA x 1 UND;1;1;1
PRD03427;CAJA CHICA - LECHE CHOCOLATADA 1 LT;L;CAJA CHICA;PRD03427;;CAJA CHICA - LECHE CHOCOLATADA 1 LT;CAJA;1;CAJA;CAJA x 1 L;1;1;1
PRD03428;CAJA CHICA - MANDARINA CON PEPA;KG;CAJA CHICA;PRD03428;;CAJA CHICA - MANDARINA CON PEPA;KILOGRAMO;1;KILOGRAMO;KILOGRAMO x 1 KG;1;1;1
PRD03429;CAJA CHICA - NARANJA TANGELO;KG;CAJA CHICA;PRD03429;;CAJA CHICA - NARANJA TANGELO;KILOGRAMO;1;KILOGRAMO;KILOGRAMO x 1 KG;1;1;1
PRD03430;CAJA CHICA - RES ASADO RUSO CONGELADO NACIONAL;KG;CAJA CHICA;PRD03430;;CAJA CHICA - RES ASADO RUSO CONGELADO NACIONAL;KILOGRAMO;1;KILOGRAMO;KILOGRAMO x 1 KG;1;1;1
PRD03431;CAJA CHICA - RES GARRON IMPORTADO;KG;CAJA CHICA;PRD03431;;CAJA CHICA - RES GARRON IMPORTADO;KILOGRAMO;1;KILOGRAMO;KILOGRAMO x 1 KG;1;1;1
PRD03432;CAJA CHICA - BEBIDA REHIDRATANTE APPLE ICE GATORADE 473 ML;UND;CAJA CHICA;PRD03432;;CAJA CHICA - BEBIDA REHIDRATANTE APPLE ICE GATORADE 473 ML;BOTELLA;1;BOTELLA;BOTELLA x 1 UND;1;1;1
PRD03433;CAJA CHICA - BETUN NEGRO GRNADE 88 ML;UND;CAJA CHICA;PRD03433;;CAJA CHICA - BETUN NEGRO GRNADE 88 ML;UNIDAD;1;UNIDAD;UNIDAD x 1 UND;1;1;1
PRD03434;CAJA CHICA - SPRITE 500 ML;UND;CAJA CHICA;PRD03434;;CAJA CHICA - SPRITE 500 ML;BOTELLA;1;BOTELLA;BOTELLA x 1 UND;1;1;1
PRD03435;CAJA CHICA - CINTA PARA MARCAR ROPA;UND;CAJA CHICA;PRD03435;;CAJA CHICA - CINTA PARA MARCAR ROPA;UNIDAD;1;UNIDAD;UNIDAD x 1 UND;1;1;1
PRD03436;CAJA CHICA - PALO MOPERA FIBRA DE VIDRIO;UND;CAJA CHICA;PRD03436;;CAJA CHICA - PALO MOPERA FIBRA DE VIDRIO;UNIDAD;1;UNIDAD;UNIDAD x 1 UND;1;1;1
PRD03437;CAJA CHICA - RES ASADO DE TIRA C/HUESO NACIONAL;KG;CAJA CHICA;PRD03437;;CAJA CHICA - RES ASADO DE TIRA C/HUESO NACIONAL;KILOGRAMO;1;KILOGRAMO;KILOGRAMO x 1 KG;1;1;1
PRD03438;CAJA CHICA - CERDO PATA;KG;CAJA CHICA;PRD03438;;CAJA CHICA - CERDO PATA;KILOGRAMO;1;KILOGRAMO;KILOGRAMO x 1 KG;1;1;1
PRD03439;CAJA CHICA - CEREAL FITNESS NESTLE 260 GR;UND;CAJA CHICA;PRD03439;;CAJA CHICA - CEREAL FITNESS NESTLE 260 GR;CAJA;1;CAJA;CAJA x 1 UND;1;1;1
PRD03440;CAJA CHICA - LECHE CONDENSADA LATA 397 ML;UND;CAJA CHICA;PRD03440;;CAJA CHICA - LECHE CONDENSADA LATA 397 ML;LATA;1;LATA;LATA x 1 UND;1;1;1
PRD03441;CAJA CHICA - MEJORADOR DE MASA;KG;CAJA CHICA;PRD03441;;CAJA CHICA - MEJORADOR DE MASA;KILOGRAMO;1;KILOGRAMO;KILOGRAMO x 1 KG;1;1;1
PRD03442;CAJA CHICA - RES COLITA DE CUADRIL CONG IMPORTADO;KG;CAJA CHICA;PRD03442;;CAJA CHICA - RES COLITA DE CUADRIL CONG IMPORTADO;KILOGRAMO;1;KILOGRAMO;KILOGRAMO x 1 KG;1;1;1
PRD03443;CAJA CHICA - JUGO NATURAL DE NARANJA BID 3.8 L;UND;CAJA CHICA;PRD03443;;CAJA CHICA - JUGO NATURAL DE NARANJA BID 3.8 L;BOTELLA;1;BOTELLA;BOTELLA x 1 UND;1;1;1
PRD03444;CAJA CHICA - CHINGOLO DE RES CONGELADO IMPORTADO;KG;CAJA CHICA;PRD03444;;CAJA CHICA - CHINGOLO DE RES CONGELADO IMPORTADO;KILOGRAMO;1;KILOGRAMO;KILOGRAMO x 1 KG;1;1;1
PRD03445;CAJA CHICA - CEBOLLA ROJA COCKTAIL REFRIGERADO;KG;CAJA CHICA;PRD03445;;CAJA CHICA - CEBOLLA ROJA COCKTAIL REFRIGERADO;KILOGRAMO;1;KILOGRAMO;KILOGRAMO x 1 KG;1;1;1
PRD03446;CAJA CHICA - COCOA GRANEL;KG;CAJA CHICA;PRD03446;;CAJA CHICA - COCOA GRANEL;KILOGRAMO;1;KILOGRAMO;KILOGRAMO x 1 KG;1;1;1
PRD03447;CAJA CHICA - GRANADILLA REFRIGERADA;KG;CAJA CHICA;PRD03447;;CAJA CHICA - GRANADILLA REFRIGERADA;KILOGRAMO;1;KILOGRAMO;KILOGRAMO x 1 KG;1;1;1
PRD03448;CAJA CHICA - POLLO PECHUGA FILETE ECONOMICO GONGELADO;KG;CAJA CHICA;PRD03448;;CAJA CHICA - POLLO PECHUGA FILETE ECONOMICO GONGELADO;KILOGRAMO;1;KILOGRAMO;KILOGRAMO x 1 KG;1;1;1
PRD03449;CAJA CHICA - POLLO PIERNA FILETE S/PIEL CONGELADO;KG;CAJA CHICA;PRD03449;;CAJA CHICA - POLLO PIERNA FILETE S/PIEL CONGELADO;KILOGRAMO;1;KILOGRAMO;KILOGRAMO x 1 KG;1;1;1
PRD03450;CAJA CHICA - MOSTAZA 230 GR;UND;CAJA CHICA;PRD03450;;CAJA CHICA - MOSTAZA 230 GR;UNIDAD;1;UNIDAD;UNIDAD x 1 UND;1;1;1
PRD03451;CAJA CHICA - ACEITE AJONJOLI LEE KUM KEE 443.6 ML;UND;CAJA CHICA;PRD03451;;CAJA CHICA - ACEITE AJONJOLI LEE KUM KEE 443.6 ML;FRASCO;1;FRASCO;FRASCO x 1 UND;1;1;1
PRD03452;CAJA CHICA - ALCOHOL DOMESTICO LT;UND;CAJA CHICA;PRD03452;;CAJA CHICA - ALCOHOL DOMESTICO LT;BOTELLA;1;BOTELLA;BOTELLA x 1 UND;1;1;1
PRD03453;CAJA CHICA - AMBIENTADOR SPRAY IMPORTADO 360 ML;UND;CAJA CHICA;PRD03453;;CAJA CHICA - AMBIENTADOR SPRAY IMPORTADO 360 ML;BOTELLA;1;BOTELLA;BOTELLA x 1 UND;1;1;1
PRD03454;CAJA CHICA - BOLSAS T-SHIRT 20 X 19;UND;CAJA CHICA;PRD03454;;CAJA CHICA - BOLSAS T-SHIRT 20 X 19;UNIDAD;1;UNIDAD;UNIDAD x 1 UND;1;1;1
PRD03455;CAJA CHICA - CARAMELO SURTIDO AMBROSOLI;UND;CAJA CHICA;PRD03455;;CAJA CHICA - CARAMELO SURTIDO AMBROSOLI;UNIDAD;1;UNIDAD;UNIDAD x 1 UND;1;1;1
PRD03456;CAJA CHICA - ENVASE PLASTICO REDONDO C/TAPA 1 LT;L;CAJA CHICA;PRD03456;;CAJA CHICA - ENVASE PLASTICO REDONDO C/TAPA 1 LT;UNIDAD;1;UNIDAD;UNIDAD x 1 L;1;1;1
PRD03457;CAJA CHICA - FINAS HIERBAS;UND;CAJA CHICA;PRD03457;;CAJA CHICA - FINAS HIERBAS;UNIDAD;1;UNIDAD;UNIDAD x 1 UND;1;1;1
PRD03458;CAJA CHICA - G KRAKER BRAN;UND;CAJA CHICA;PRD03458;;CAJA CHICA - G KRAKER BRAN;PAQUETE;1;PAQUETE;PAQUETE x 1 UND;1;1;1
PRD03459;CAJA CHICA - GRAJEAS DE PANADERIA;KG;CAJA CHICA;PRD03459;;CAJA CHICA - GRAJEAS DE PANADERIA;KILOGRAMO;1;KILOGRAMO;KILOGRAMO x 1 KG;1;1;1
PRD03460;CAJA CHICA - HALLS AZUL 28 GR;UND;CAJA CHICA;PRD03460;;CAJA CHICA - HALLS AZUL 28 GR;GRANO;1;GRANO;GRANO x 1 UND;1;1;1
PRD03461;CAJA CHICA - HALLS MORA 28 GR;UND;CAJA CHICA;PRD03461;;CAJA CHICA - HALLS MORA 28 GR;GRANO;1;GRANO;GRANO x 1 UND;1;1;1
PRD03462;CAJA CHICA - JALADOR DE AGUA;UND;CAJA CHICA;PRD03462;;CAJA CHICA - JALADOR DE AGUA;UNIDAD;1;UNIDAD;UNIDAD x 1 UND;1;1;1
PRD03463;CAJA CHICA - SPRAY PARA COMPUTADORA 360 GR;UND;CAJA CHICA;PRD03463;;CAJA CHICA - SPRAY PARA COMPUTADORA 360 GR;UNIDAD;1;UNIDAD;UNIDAD x 1 UND;1;1;1
PRD03464;CAJA CHICA - SUMA D44 X 5 LT;UND;CAJA CHICA;PRD03464;;CAJA CHICA - SUMA D44 X 5 LT;GALON;1;GALON;GALON x 1 UND;1;1;1
PRD03465;CAJA CHICA - SUMA J512 X 5 LT;UND;CAJA CHICA;PRD03465;;CAJA CHICA - SUMA J512 X 5 LT;GALON;1;GALON;GALON x 1 UND;1;1;1
PRD03466;CAJA CHICA - SUMA PLAQ D9 X 5 LT;UND;CAJA CHICA;PRD03466;;CAJA CHICA - SUMA PLAQ D9 X 5 LT;GALON;1;GALON;GALON x 1 UND;1;1;1
PRD03467;CAJA CHICA - PLATOS ENTRADA PLASTICO 15 CM;UND;CAJA CHICA;PRD03467;;CAJA CHICA - PLATOS ENTRADA PLASTICO 15 CM;UNIDAD;1;UNIDAD;UNIDAD x 1 UND;1;1;1
PRD03468;CAJA CHICA - PILAS ALKALINA AA 2 UND DURACELL;UND;CAJA CHICA;PRD03468;;CAJA CHICA - PILAS ALKALINA AA 2 UND DURACELL;PAQUETE;1;PAQUETE;PAQUETE x 1 UND;1;1;1
PRD03469;CAJA CHICA - SALSA HOISIN LT;UND;CAJA CHICA;PRD03469;;CAJA CHICA - SALSA HOISIN LT;BOTELLA;1;BOTELLA;BOTELLA x 1 UND;1;1;1
PRD03470;CAJA CHICA - ECOLAB VICTORY DESINFECTANTE 5802;UND;CAJA CHICA;PRD03470;;CAJA CHICA - ECOLAB VICTORY DESINFECTANTE 5802;GALON;1;GALON;GALON x 1 UND;1;1;1
PRD03471;CAJA CHICA - RES AGUJA CONGELADO NACIONAL;KG;CAJA CHICA;PRD03471;;CAJA CHICA - RES AGUJA CONGELADO NACIONAL;KILOGRAMO;1;KILOGRAMO;KILOGRAMO x 1 KG;1;1;1
PRD03472;CAJA CHICA - RES ASADO CUADRADO CONGELADO NACIONAL;KG;CAJA CHICA;PRD03472;;CAJA CHICA - RES ASADO CUADRADO CONGELADO NACIONAL;KILOGRAMO;1;KILOGRAMO;KILOGRAMO x 1 KG;1;1;1
PRD03473;CAJA CHICA - ECOLAB DETERGENTE ANTIBACTERIAL OASIS 2 LT;UND;CAJA CHICA;PRD03473;;CAJA CHICA - ECOLAB DETERGENTE ANTIBACTERIAL OASIS 2 LT;BOTELLA;1;BOTELLA;BOTELLA x 1 UND;1;1;1
PRD03474;CAJA CHICA - QUESO EDAM REFRIGERADO;KG;CAJA CHICA;PRD03474;;CAJA CHICA - QUESO EDAM REFRIGERADO;KILOGRAMO;1;KILOGRAMO;KILOGRAMO x 1 KG;1;1;1
PRD03475;CAJA CHICA - ECOLAB SANITIZANTE MIKRO KLENE 3.785;UND;CAJA CHICA;PRD03475;;CAJA CHICA - ECOLAB SANITIZANTE MIKRO KLENE 3.785;BIDON;1;BIDON;BIDON x 1 UND;1;1;1
PRD03476;CAJA CHICA - MERMELADA DE FRESA A GRANEL;KG;CAJA CHICA;PRD03476;;CAJA CHICA - MERMELADA DE FRESA A GRANEL;KILOGRAMO;1;KILOGRAMO;KILOGRAMO x 1 KG;1;1;1
PRD03477;CAJA CHICA - JUGO DE PIÑA GLORIA 1 LT;L;CAJA CHICA;PRD03477;;CAJA CHICA - JUGO DE PIÑA GLORIA 1 LT;CAJA;1;CAJA;CAJA x 1 L;1;1;1
PRD03478;CAJA CHICA - CHAMPAGNE TACAMA BRUT 750 ML;UND;CAJA CHICA;PRD03478;;CAJA CHICA - CHAMPAGNE TACAMA BRUT 750 ML;BOTELLA;1;BOTELLA;BOTELLA x 1 UND;1;1;1
PRD03479;CAJA CHICA - JABON DE TOCADOR 90 GR;UND;CAJA CHICA;PRD03479;;CAJA CHICA - JABON DE TOCADOR 90 GR;GRANO;1;GRANO;GRANO x 1 UND;1;1;1
PRD03480;CAJA CHICA - PAPEL TOALLA NATURAL JUMBO SCOTT 200 MT;UND;CAJA CHICA;PRD03480;;CAJA CHICA - PAPEL TOALLA NATURAL JUMBO SCOTT 200 MT;ROLLO;1;ROLLO;ROLLO x 1 UND;1;1;1
PRD03481;CAJA CHICA - ASADO DE TIRA C/HUESO CONG IMPORTADO;KG;CAJA CHICA;PRD03481;;CAJA CHICA - ASADO DE TIRA C/HUESO CONG IMPORTADO;KILOGRAMO;1;KILOGRAMO;KILOGRAMO x 1 KG;1;1;1
PRD03482;CAJA CHICA - CEREAL GOLDEN BAR 21 GR;UND;CAJA CHICA;PRD03482;;CAJA CHICA - CEREAL GOLDEN BAR 21 GR;UNIDAD;1;UNIDAD;UNIDAD x 1 UND;1;1;1
PRD03483;CAJA CHICA - ASADO CUADRADO CONG IMPORTADO;KG;CAJA CHICA;PRD03483;;CAJA CHICA - ASADO CUADRADO CONG IMPORTADO;KILOGRAMO;1;KILOGRAMO;KILOGRAMO x 1 KG;1;1;1
PRD03484;CAJA CHICA - JABON PARA ROPA 260 GR;UND;CAJA CHICA;PRD03484;;CAJA CHICA - JABON PARA ROPA 260 GR;GRANO;1;GRANO;GRANO x 1 UND;1;1;1
PRD03485;CAJA CHICA - BEBIDA REHIDRATANTE APPLE ICE GATORADE 591 ML;UND;CAJA CHICA;PRD03485;;CAJA CHICA - BEBIDA REHIDRATANTE APPLE ICE GATORADE 591 ML;BOTELLA;1;BOTELLA;BOTELLA x 1 UND;1;1;1
PRD03486;CAJA CHICA - CHICHARRON CHIPS FRITO LAY 43 GR;UND;CAJA CHICA;PRD03486;;CAJA CHICA - CHICHARRON CHIPS FRITO LAY 43 GR;UNIDAD;1;UNIDAD;UNIDAD x 1 UND;1;1;1
PRD03487;CAJA CHICA - REFRESCO INSTANTANEO;KG;CAJA CHICA;PRD03487;;CAJA CHICA - REFRESCO INSTANTANEO;KILOGRAMO;1;KILOGRAMO;KILOGRAMO x 1 KG;1;1;1
PRD03488;CAJA CHICA - RES CHINGOLO CONGELADO NACIONAL;KG;CAJA CHICA;PRD03488;;CAJA CHICA - RES CHINGOLO CONGELADO NACIONAL;KILOGRAMO;1;KILOGRAMO;KILOGRAMO x 1 KG;1;1;1
PRD03489;CAJA CHICA - RES GARRON CONELADO NACIONAL;KG;CAJA CHICA;PRD03489;;CAJA CHICA - RES GARRON CONELADO NACIONAL;KILOGRAMO;1;KILOGRAMO;KILOGRAMO x 1 KG;1;1;1
PRD03490;CAJA CHICA - RES GUISO TIERNO CONGELADO NACIONAL;KG;CAJA CHICA;PRD03490;;CAJA CHICA - RES GUISO TIERNO CONGELADO NACIONAL;KILOGRAMO;1;KILOGRAMO;KILOGRAMO x 1 KG;1;1;1
PRD03491;CAJA CHICA - RES NALGA DE ADENTRO CONGELADO NACIONAL;KG;CAJA CHICA;PRD03491;;CAJA CHICA - RES NALGA DE ADENTRO CONGELADO NACIONAL;KILOGRAMO;1;KILOGRAMO;KILOGRAMO x 1 KG;1;1;1
PRD03492;CAJA CHICA - MONDADIENTES 200 UND;UND;CAJA CHICA;PRD03492;;CAJA CHICA - MONDADIENTES 200 UND;CAJA;1;CAJA;CAJA x 1 UND;1;1;1
PRD03493;CAJA CHICA - ECOLAB AMBIENTADOR OASIS PRO MORNIN;UND;CAJA CHICA;PRD03493;;CAJA CHICA - ECOLAB AMBIENTADOR OASIS PRO MORNIN;BIDON;1;BIDON;BIDON x 1 UND;1;1;1
PRD03494;CAJA CHICA - ECOLAB QUICK FILL 310 2.5 GL;UND;CAJA CHICA;PRD03494;;CAJA CHICA - ECOLAB QUICK FILL 310 2.5 GL;GALON;1;GALON;GALON x 1 UND;1;1;1
PRD03495;CAJA CHICA - JUGO DE NARANJA GLORIA 200 ML;UND;CAJA CHICA;PRD03495;;CAJA CHICA - JUGO DE NARANJA GLORIA 200 ML;UNIDAD;1;UNIDAD;UNIDAD x 1 UND;1;1;1
PRD03496;CAJA CHICA - CARAMELO DE LIMON;UND;CAJA CHICA;PRD03496;;CAJA CHICA - CARAMELO DE LIMON;UNIDAD;1;UNIDAD;UNIDAD x 1 UND;1;1;1
PRD03497;CAJA CHICA - HALLS NEGRO 28 GR;UND;CAJA CHICA;PRD03497;;CAJA CHICA - HALLS NEGRO 28 GR;GRANO;1;GRANO;GRANO x 1 UND;1;1;1
PRD03498;CAJA CHICA - CIGARROS LUCKY STRIKE ROJO 10 UND;UND;CAJA CHICA;PRD03498;;CAJA CHICA - CIGARROS LUCKY STRIKE ROJO 10 UND;CAJA;1;CAJA;CAJA x 1 UND;1;1;1
PRD03499;CAJA CHICA - CIGARROS WINSTON BLUE 10 UND;UND;CAJA CHICA;PRD03499;;CAJA CHICA - CIGARROS WINSTON BLUE 10 UND;CAJA;1;CAJA;CAJA x 1 UND;1;1;1
PRD03500;CAJA CHICA - CIGARROS WINSTON ROJO 10 UND;UND;CAJA CHICA;PRD03500;;CAJA CHICA - CIGARROS WINSTON ROJO 10 UND;CAJA;1;CAJA;CAJA x 1 UND;1;1;1
PRD03501;CAJA CHICA - SALSA DE ROCOTO ALACENA 8 CC;UND;CAJA CHICA;PRD03501;;CAJA CHICA - SALSA DE ROCOTO ALACENA 8 CC;SACHET;1;SACHET;SACHET x 1 UND;1;1;1
PRD03502;CAJA CHICA - ACEITE DE AJONJOLI LT;L;CAJA CHICA;PRD03502;;CAJA CHICA - ACEITE DE AJONJOLI LT;LITRO;1;LITRO;LITRO x 1 L;1;1;1
PRD03503;CAJA CHICA - CONCENTRADO DE MARACUYA;L;CAJA CHICA;PRD03503;;CAJA CHICA - CONCENTRADO DE MARACUYA;LITRO;1;LITRO;LITRO x 1 L;1;1;1
PRD03504;CAJA CHICA - HALLS CHERRY LYPTUS 28 GR;UND;CAJA CHICA;PRD03504;;CAJA CHICA - HALLS CHERRY LYPTUS 28 GR;GRANO;1;GRANO;GRANO x 1 UND;1;1;1
PRD03505;CAJA CHICA - JABON LIQUIDO SOFTCARE BAC 5 LT;UND;CAJA CHICA;PRD03505;;CAJA CHICA - JABON LIQUIDO SOFTCARE BAC 5 LT;GALON;1;GALON;GALON x 1 UND;1;1;1
PRD03506;CAJA CHICA - JUGO DE DURAZNO GLORIA 1 LT;L;CAJA CHICA;PRD03506;;CAJA CHICA - JUGO DE DURAZNO GLORIA 1 LT;CAJA;1;CAJA;CAJA x 1 L;1;1;1
PRD03507;CAJA CHICA - JUGO DE NARANJA GLORIA 1 LT;L;CAJA CHICA;PRD03507;;CAJA CHICA - JUGO DE NARANJA GLORIA 1 LT;CAJA;1;CAJA;CAJA x 1 L;1;1;1
PRD03508;CAJA CHICA - MARGARINA SIN SAL REFRIGERADO;KG;CAJA CHICA;PRD03508;;CAJA CHICA - MARGARINA SIN SAL REFRIGERADO;KILOGRAMO;1;KILOGRAMO;KILOGRAMO x 1 KG;1;1;1
PRD03509;CAJA CHICA - PALO DE ALUMINIO RUBBERMAID 6355;UND;CAJA CHICA;PRD03509;;CAJA CHICA - PALO DE ALUMINIO RUBBERMAID 6355;UNIDAD;1;UNIDAD;UNIDAD x 1 UND;1;1;1
PRD03510;CAJA CHICA - PAPA PRE FRITA CONGELADA 11 X 11 KG;UND;CAJA CHICA;PRD03510;;CAJA CHICA - PAPA PRE FRITA CONGELADA 11 X 11 KG;BOLSA;1;BOLSA;BOLSA x 1 UND;1;1;1
PRD03511;CAJA CHICA - PLATO ENTRADA PLASTICO 15 CM;UND;CAJA CHICA;PRD03511;;CAJA CHICA - PLATO ENTRADA PLASTICO 15 CM;UNIDAD;1;UNIDAD;UNIDAD x 1 UND;1;1;1
PRD03512;CAJA CHICA - CONCENTRADO DE MANZANA;L;CAJA CHICA;PRD03512;;CAJA CHICA - CONCENTRADO DE MANZANA;LITRO;1;LITRO;LITRO x 1 L;1;1;1
PRD03513;CAJA CHICA - RES TAPA DE CUADRIL CONGELADO;KG;CAJA CHICA;PRD03513;;CAJA CHICA - RES TAPA DE CUADRIL CONGELADO;KILOGRAMO;1;KILOGRAMO;KILOGRAMO x 1 KG;1;1;1
PRD03514;CAJA CHICA - PAPA YUNGAY;KG;CAJA CHICA;PRD03514;;CAJA CHICA - PAPA YUNGAY;KILOGRAMO;1;KILOGRAMO;KILOGRAMO x 1 KG;1;1;1
PRD03515;CAJA CHICA - ECOLAB ECO STAR BUILDER C 15 GL;UND;CAJA CHICA;PRD03515;;CAJA CHICA - ECOLAB ECO STAR BUILDER C 15 GL;BALDE;1;BALDE;BALDE x 1 UND;1;1;1
PRD03516;CAJA CHICA - ECOLAB TRI STAR OXY BRITE 5 GL;UND;CAJA CHICA;PRD03516;;CAJA CHICA - ECOLAB TRI STAR OXY BRITE 5 GL;BALDE;1;BALDE;BALDE x 1 UND;1;1;1
PRD03517;CAJA CHICA - HELADO PRINCESA 73 ML DONOFRIO;UND;CAJA CHICA;PRD03517;;CAJA CHICA - HELADO PRINCESA 73 ML DONOFRIO;UNIDAD;1;UNIDAD;UNIDAD x 1 UND;1;1;1
PRD03518;CAJA CHICA - HELADO TURBO 50 CC DONOFRIO;UND;CAJA CHICA;PRD03518;;CAJA CHICA - HELADO TURBO 50 CC DONOFRIO;UNIDAD;1;UNIDAD;UNIDAD x 1 UND;1;1;1
PRD03519;CAJA CHICA - LASAGÑA DE CARNE CONGELADA;KG;CAJA CHICA;PRD03519;;CAJA CHICA - LASAGÑA DE CARNE CONGELADA;KILOGRAMO;1;KILOGRAMO;KILOGRAMO x 1 KG;1;1;1
PRD03520;CAJA CHICA - MANZANA DELICIA;KG;CAJA CHICA;PRD03520;;CAJA CHICA - MANZANA DELICIA;KILOGRAMO;1;KILOGRAMO;KILOGRAMO x 1 KG;1;1;1
PRD03521;CAJA CHICA - OLLUCO ENTERO REFRIGERADO;KG;CAJA CHICA;PRD03521;;CAJA CHICA - OLLUCO ENTERO REFRIGERADO;KILOGRAMO;1;KILOGRAMO;KILOGRAMO x 1 KG;1;1;1
PRD03522;CAJA CHICA - SALSA BARBECUE (BBQ);KG;CAJA CHICA;PRD03522;;CAJA CHICA - SALSA BARBECUE (BBQ);KILOGRAMO;1;KILOGRAMO;KILOGRAMO x 1 KG;1;1;1
PRD03523;CAJA CHICA - HALLS EXTRA STRONG 28 GR;UND;CAJA CHICA;PRD03523;;CAJA CHICA - HALLS EXTRA STRONG 28 GR;GRANO;1;GRANO;GRANO x 1 UND;1;1;1
PRD03524;CAJA CHICA - JUGOS NARANJA PASTEURIZADO X 5 LT EC;UND;CAJA CHICA;PRD03524;;CAJA CHICA - JUGOS NARANJA PASTEURIZADO X 5 LT EC;BIDON;1;BIDON;BIDON x 1 UND;1;1;1
PRD03525;CAJA CHICA - PAPITAS LAYS FRITO LAY 170 GR;UND;CAJA CHICA;PRD03525;;CAJA CHICA - PAPITAS LAYS FRITO LAY 170 GR;UNIDAD;1;UNIDAD;UNIDAD x 1 UND;1;1;1
PRD03526;CAJA CHICA - RES ASADO DE TIRA CONGELADO NACIONAL;KG;CAJA CHICA;PRD03526;;CAJA CHICA - RES ASADO DE TIRA CONGELADO NACIONAL;KILOGRAMO;1;KILOGRAMO;KILOGRAMO x 1 KG;1;1;1
PRD03527;CAJA CHICA - CARAMELO DE LICOR;UND;CAJA CHICA;PRD03527;;CAJA CHICA - CARAMELO DE LICOR;UNIDAD;1;UNIDAD;UNIDAD x 1 UND;1;1;1
PRD03528;CAJA CHICA - CHOCOLATE COSTANUSS 10 GR;UND;CAJA CHICA;PRD03528;;CAJA CHICA - CHOCOLATE COSTANUSS 10 GR;UNIDAD;1;UNIDAD;UNIDAD x 1 UND;1;1;1
PRD03529;CAJA CHICA - CONCENTRADO DE MAIZ MORADO;L;CAJA CHICA;PRD03529;;CAJA CHICA - CONCENTRADO DE MAIZ MORADO;LITRO;1;LITRO;LITRO x 1 L;1;1;1
PRD03530;CAJA CHICA - BOLSAS PLASTICO BLANCA 36 LT;UND;CAJA CHICA;PRD03530;;CAJA CHICA - BOLSAS PLASTICO BLANCA 36 LT;UNIDAD;1;UNIDAD;UNIDAD x 1 UND;1;1;1
PRD03531;CAJA CHICA - ALCOHOL GEL SACHET 800 ML;UND;CAJA CHICA;PRD03531;;CAJA CHICA - ALCOHOL GEL SACHET 800 ML;UNIDAD;1;UNIDAD;UNIDAD x 1 UND;1;1;1
PRD03532;CAJA CHICA - GALLINA ENTERA S/MENUD REFRIGERADA;KG;CAJA CHICA;PRD03532;;CAJA CHICA - GALLINA ENTERA S/MENUD REFRIGERADA;KILOGRAMO;1;KILOGRAMO;KILOGRAMO x 1 KG;1;1;1
PRD03533;CAJA CHICA - MANTECA VEGETAL;KG;CAJA CHICA;PRD03533;;CAJA CHICA - MANTECA VEGETAL;KILOGRAMO;1;KILOGRAMO;KILOGRAMO x 1 KG;1;1;1
PRD03534;CAJA CHICA - MARGARINA PURATOS REFRIGERADO;KG;CAJA CHICA;PRD03534;;CAJA CHICA - MARGARINA PURATOS REFRIGERADO;KILOGRAMO;1;KILOGRAMO;KILOGRAMO x 1 KG;1;1;1
PRD03535;CAJA CHICA - AGUA SAN LUIS 20 LT (BIDON x 1 UND);UND;CAJA CHICA;PRD03535;;CAJA CHICA - AGUA SAN LUIS 20 LT (BIDON x 1 UND);BIDON;1;BIDON;BIDON x 1 UND;1;1;1
PRD03536;CAJA CHICA - BOLSA PARA TACHO SODEXO;UND;CAJA CHICA;PRD03536;;CAJA CHICA - BOLSA PARA TACHO SODEXO;PAQUETE;1;PAQUETE;PAQUETE x 1 UND;1;1;1
PRD03537;CAJA CHICA - LEVERLINE BAC 800 ML;UND;CAJA CHICA;PRD03537;;CAJA CHICA - LEVERLINE BAC 800 ML;SACHET;1;SACHET;SACHET x 1 UND;1;1;1
PRD03538;CAJA CHICA - CALDO DE CARNE X 1.5;UND;CAJA CHICA;PRD03538;;CAJA CHICA - CALDO DE CARNE X 1.5;UNIDAD;1;UNIDAD;UNIDAD x 1 UND;1;1;1
PRD03539;CAJA CHICA - CEREZA MARRASQUINO PRINCESS 4.2 KG;UND;CAJA CHICA;PRD03539;;CAJA CHICA - CEREZA MARRASQUINO PRINCESS 4.2 KG;BIDON;1;BIDON;BIDON x 1 UND;1;1;1
PRD03540;CAJA CHICA - CHOCMAN;UND;CAJA CHICA;PRD03540;;CAJA CHICA - CHOCMAN;UNIDAD;1;UNIDAD;UNIDAD x 1 UND;1;1;1
PRD03541;CAJA CHICA - FIDEO CARACOL X 250 GR;UND;CAJA CHICA;PRD03541;;CAJA CHICA - FIDEO CARACOL X 250 GR;PAQUETE;1;PAQUETE;PAQUETE x 1 UND;1;1;1
PRD03542;CAJA CHICA - FIDEO PARA SOPA X 250 GR;UND;CAJA CHICA;PRD03542;;CAJA CHICA - FIDEO PARA SOPA X 250 GR;PAQUETE;1;PAQUETE;PAQUETE x 1 UND;1;1;1
PRD03543;CAJA CHICA - PORTAVIANDA DESCARTABLE TECNOPOR LT;UND;CAJA CHICA;PRD03543;;CAJA CHICA - PORTAVIANDA DESCARTABLE TECNOPOR LT;UNIDAD;1;UNIDAD;UNIDAD x 1 UND;1;1;1
PRD03544;CAJA CHICA - PRE ELABORADO CONCENTRADO CARAMBOLA 1 LT;L;CAJA CHICA;PRD03544;;CAJA CHICA - PRE ELABORADO CONCENTRADO CARAMBOLA 1 LT;BOLSA;1;BOLSA;BOLSA x 1 L;1;1;1
PRD03545;CAJA CHICA - VASO DESCARTABLE LISTADO PP 10 OZ;UND;CAJA CHICA;PRD03545;;CAJA CHICA - VASO DESCARTABLE LISTADO PP 10 OZ;UNIDAD;1;UNIDAD;UNIDAD x 1 UND;1;1;1
PRD03546;CAJA CHICA - AJI CON HUACATAY;KG;CAJA CHICA;PRD03546;;CAJA CHICA - AJI CON HUACATAY;KILOGRAMO;1;KILOGRAMO;KILOGRAMO x 1 KG;1;1;1
PRD03547;CAJA CHICA - PIERNA DE CERDO SIN HUESO;KG;CAJA CHICA;PRD03547;;CAJA CHICA - PIERNA DE CERDO SIN HUESO;KILOGRAMO;1;KILOGRAMO;KILOGRAMO x 1 KG;1;1;1
PRD03548;CAJA CHICA - RES GUISO ECONOMICO CONGELADO;KG;CAJA CHICA;PRD03548;;CAJA CHICA - RES GUISO ECONOMICO CONGELADO;KILOGRAMO;1;KILOGRAMO;KILOGRAMO x 1 KG;1;1;1
PRD03549;CAJA CHICA - RES PECHO MANTA CONGELADO;KG;CAJA CHICA;PRD03549;;CAJA CHICA - RES PECHO MANTA CONGELADO;KILOGRAMO;1;KILOGRAMO;KILOGRAMO x 1 KG;1;1;1
PRD03550;CAJA CHICA - JUGO DE MANGO X 200 ML;UND;CAJA CHICA;PRD03550;;CAJA CHICA - JUGO DE MANGO X 200 ML;UNIDAD;1;UNIDAD;UNIDAD x 1 UND;1;1;1
PRD03551;CAJA CHICA - DESINFECTANTE LIMPIA TODO 900 ML;UND;CAJA CHICA;PRD03551;;CAJA CHICA - DESINFECTANTE LIMPIA TODO 900 ML;BOTELLA;1;BOTELLA;BOTELLA x 1 UND;1;1;1
PRD03552;CAJA CHICA - BOLSAS HERMETICAS X CAJA;UND;CAJA CHICA;PRD03552;;CAJA CHICA - BOLSAS HERMETICAS X CAJA;CAJA;1;CAJA;CAJA x 1 UND;1;1;1
PRD03553;CAJA CHICA - SALSA SILLAO FLORIDA 500 ML;UND;CAJA CHICA;PRD03553;;CAJA CHICA - SALSA SILLAO FLORIDA 500 ML;BOTELLA;1;BOTELLA;BOTELLA x 1 UND;1;1;1
PRD03554;CAJA CHICA - CERA AUTOBRILLANTE NEUTRAL TEKNOWA;UND;CAJA CHICA;PRD03554;;CAJA CHICA - CERA AUTOBRILLANTE NEUTRAL TEKNOWA;GALON;1;GALON;GALON x 1 UND;1;1;1
PRD03555;CAJA CHICA - CERA PASTA AMARILLA 3.8 LT;UND;CAJA CHICA;PRD03555;;CAJA CHICA - CERA PASTA AMARILLA 3.8 LT;GALON;1;GALON;GALON x 1 UND;1;1;1
PRD03556;CAJA CHICA - RES AGUJA CONGELADO IMPORTADO;KG;CAJA CHICA;PRD03556;;CAJA CHICA - RES AGUJA CONGELADO IMPORTADO;KILOGRAMO;1;KILOGRAMO;KILOGRAMO x 1 KG;1;1;1
PRD03557;CAJA CHICA - PRACTIGAS;UND;CAJA CHICA;PRD03557;;CAJA CHICA - PRACTIGAS;UNIDAD;1;UNIDAD;UNIDAD x 1 UND;1;1;1
PRD03558;CAJA CHICA - CERA LIQUIDA ROJA 4 LT;UND;CAJA CHICA;PRD03558;;CAJA CHICA - CERA LIQUIDA ROJA 4 LT;GALON;1;GALON;GALON x 1 UND;1;1;1
PRD03559;CAJA CHICA - BOLSA PLASTICO ROJA 20 X 30 UND;UND;CAJA CHICA;PRD03559;;CAJA CHICA - BOLSA PLASTICO ROJA 20 X 30 UND;UNIDAD;1;UNIDAD;UNIDAD x 1 UND;1;1;1
PRD03560;CAJA CHICA - FRIJOL CABALLERO 5 KG;UND;CAJA CHICA;PRD03560;;CAJA CHICA - FRIJOL CABALLERO 5 KG;BOLSA;1;BOLSA;BOLSA x 1 UND;1;1;1
PRD03561;CAJA CHICA - FRIJOL CANARIO 5 KG;UND;CAJA CHICA;PRD03561;;CAJA CHICA - FRIJOL CANARIO 5 KG;BOLSA;1;BOLSA;BOLSA x 1 UND;1;1;1
PRD03562;CAJA CHICA - FRIJOL PANAMITO 5 KG;UND;CAJA CHICA;PRD03562;;CAJA CHICA - FRIJOL PANAMITO 5 KG;BOLSA;1;BOLSA;BOLSA x 1 UND;1;1;1
PRD03563;CAJA CHICA - FRIJOL NEGRO 5 KG;UND;CAJA CHICA;PRD03563;;CAJA CHICA - FRIJOL NEGRO 5 KG;BOLSA;1;BOLSA;BOLSA x 1 UND;1;1;1
PRD03564;CAJA CHICA - ARVEJA VERDE PARTIDA 5 KG;UND;CAJA CHICA;PRD03564;;CAJA CHICA - ARVEJA VERDE PARTIDA 5 KG;BOLSA;1;BOLSA;BOLSA x 1 UND;1;1;1
PRD03565;CAJA CHICA - AVENA SANTA CATALINA 10 KG;UND;CAJA CHICA;PRD03565;;CAJA CHICA - AVENA SANTA CATALINA 10 KG;BOLSA;1;BOLSA;BOLSA x 1 UND;1;1;1
PRD03566;CAJA CHICA - GELATINA DE NARANJA GELANDINA 5 KG;UND;CAJA CHICA;PRD03566;;CAJA CHICA - GELATINA DE NARANJA GELANDINA 5 KG;BOLSA;1;BOLSA;BOLSA x 1 UND;1;1;1
PRD03567;CAJA CHICA - GELATINA DE PIÑA GELANDINA 5 KG;UND;CAJA CHICA;PRD03567;;CAJA CHICA - GELATINA DE PIÑA GELANDINA 5 KG;BOLSA;1;BOLSA;BOLSA x 1 UND;1;1;1
PRD03568;CAJA CHICA - FLAN DE CHOCOLATE GELANDINA 5 KG;UND;CAJA CHICA;PRD03568;;CAJA CHICA - FLAN DE CHOCOLATE GELANDINA 5 KG;BOLSA;1;BOLSA;BOLSA x 1 UND;1;1;1
PRD03569;CAJA CHICA - AJI LIMO;KG;CAJA CHICA;PRD03569;;CAJA CHICA - AJI LIMO;KILOGRAMO;1;KILOGRAMO;KILOGRAMO x 1 KG;1;1;1
PRD03570;CAJA CHICA - SALSA OSTION 510 ML;UND;CAJA CHICA;PRD03570;;CAJA CHICA - SALSA OSTION 510 ML;BOTELLA;1;BOTELLA;BOTELLA x 1 UND;1;1;1
PRD03571;CAJA CHICA - ROMERO 230 GR;UND;CAJA CHICA;PRD03571;;CAJA CHICA - ROMERO 230 GR;FRASCO;1;FRASCO;FRASCO x 1 UND;1;1;1
PRD03572;CAJA CHICA - FRIJOLES CON TOCINO 560 GR;UND;CAJA CHICA;PRD03572;;CAJA CHICA - FRIJOLES CON TOCINO 560 GR;LATA;1;LATA;LATA x 1 UND;1;1;1
PRD03573;CAJA CHICA - CONTENEDOR TERMICO CT1 X 50 UND;UND;CAJA CHICA;PRD03573;;CAJA CHICA - CONTENEDOR TERMICO CT1 X 50 UND;PAQUETE;1;PAQUETE;PAQUETE x 1 UND;1;1;1
PRD03574;CAJA CHICA - CERA EN PASTA AMARILLA LT;UND;CAJA CHICA;PRD03574;;CAJA CHICA - CERA EN PASTA AMARILLA LT;BOTELLA;1;BOTELLA;BOTELLA x 1 UND;1;1;1
PRD03575;CAJA CHICA - CERA EN PASTA BLANCA GLN;UND;CAJA CHICA;PRD03575;;CAJA CHICA - CERA EN PASTA BLANCA GLN;GALON;1;GALON;GALON x 1 UND;1;1;1
PRD03576;CAJA CHICA - JABON LIQUIDO SUAVE 800 ML;UND;CAJA CHICA;PRD03576;;CAJA CHICA - JABON LIQUIDO SUAVE 800 ML;UNIDAD;1;UNIDAD;UNIDAD x 1 UND;1;1;1
PRD03577;CAJA CHICA - CARAMELO HALLS CREAMY FRESA 2 UND;UND;CAJA CHICA;PRD03577;;CAJA CHICA - CARAMELO HALLS CREAMY FRESA 2 UND;UNIDAD;1;UNIDAD;UNIDAD x 1 UND;1;1;1
PRD03578;CAJA CHICA - PEZ CONGRIO ENTERO EVISCERADO CONG;KG;CAJA CHICA;PRD03578;;CAJA CHICA - PEZ CONGRIO ENTERO EVISCERADO CONG;KILOGRAMO;1;KILOGRAMO;KILOGRAMO x 1 KG;1;1;1
PRD03579;CAJA CHICA - PEZ CONGRIO ROJO FILETE S/PIEL CONG;KG;CAJA CHICA;PRD03579;;CAJA CHICA - PEZ CONGRIO ROJO FILETE S/PIEL CONG;KILOGRAMO;1;KILOGRAMO;KILOGRAMO x 1 KG;1;1;1
PRD03580;CAJA CHICA - PEZ CHIARELA FILETE C/PIEL;KG;CAJA CHICA;PRD03580;;CAJA CHICA - PEZ CHIARELA FILETE C/PIEL;KILOGRAMO;1;KILOGRAMO;KILOGRAMO x 1 KG;1;1;1
PRD03581;CAJA CHICA - DURAZNO;KG;CAJA CHICA;PRD03581;;CAJA CHICA - DURAZNO;KILOGRAMO;1;KILOGRAMO;KILOGRAMO x 1 KG;1;1;1
PRD03582;CAJA CHICA - BENCINA;UND;CAJA CHICA;PRD03582;;CAJA CHICA - BENCINA;BOTELLA;1;BOTELLA;BOTELLA x 1 UND;1;1;1
PRD03583;CAJA CHICA - GARBANZO EL PLEBEYO 5 KG;UND;CAJA CHICA;PRD03583;;CAJA CHICA - GARBANZO EL PLEBEYO 5 KG;BOLSA;1;BOLSA;BOLSA x 1 UND;1;1;1
PRD03584;CAJA CHICA - LENTEJA EL PLEBEYO 5 KG;UND;CAJA CHICA;PRD03584;;CAJA CHICA - LENTEJA EL PLEBEYO 5 KG;BOLSA;1;BOLSA;BOLSA x 1 UND;1;1;1
PRD03585;CAJA CHICA - PAPA SECA EL PLEBEYO 5 KG;UND;CAJA CHICA;PRD03585;;CAJA CHICA - PAPA SECA EL PLEBEYO 5 KG;BOLSA;1;BOLSA;BOLSA x 1 UND;1;1;1
PRD03586;CAJA CHICA - GELATINA DE FRESA GELANDINA 5 KG;UND;CAJA CHICA;PRD03586;;CAJA CHICA - GELATINA DE FRESA GELANDINA 5 KG;BOLSA;1;BOLSA;BOLSA x 1 UND;1;1;1
PRD03587;CAJA CHICA - JABON ANTIBACTERIAL SODEXO 62 GR;UND;CAJA CHICA;PRD03587;;CAJA CHICA - JABON ANTIBACTERIAL SODEXO 62 GR;UNIDAD;1;UNIDAD;UNIDAD x 1 UND;1;1;1
PRD03588;CAJA CHICA - ACEITE VEGETAL LT;L;CAJA CHICA;PRD03588;;CAJA CHICA - ACEITE VEGETAL LT;LITRO;1;LITRO;LITRO x 1 L;1;1;1
PRD03589;CAJA CHICA - EDULCORANTE X 50 UND;UND;CAJA CHICA;PRD03589;;CAJA CHICA - EDULCORANTE X 50 UND;CAJA;1;CAJA;CAJA x 1 UND;1;1;1
PRD03590;CAJA CHICA - FIDEO MUNICION 250 GR;UND;CAJA CHICA;PRD03590;;CAJA CHICA - FIDEO MUNICION 250 GR;PAQUETE;1;PAQUETE;PAQUETE x 1 UND;1;1;1
PRD03591;CAJA CHICA - HARINA DE CHOCHOCA X 5 KG;UND;CAJA CHICA;PRD03591;;CAJA CHICA - HARINA DE CHOCHOCA X 5 KG;BOLSA;1;BOLSA;BOLSA x 1 UND;1;1;1
PRD03592;CAJA CHICA - PIMIENTA SACHET SODEXO 10 GR;UND;CAJA CHICA;PRD03592;;CAJA CHICA - PIMIENTA SACHET SODEXO 10 GR;UNIDAD;1;UNIDAD;UNIDAD x 1 UND;1;1;1
PRD03593;CAJA CHICA - GATORADE MANDARINA 750 ML;UND;CAJA CHICA;PRD03593;;CAJA CHICA - GATORADE MANDARINA 750 ML;BOTELLA;1;BOTELLA;BOTELLA x 1 UND;1;1;1
PRD03594;CAJA CHICA - GATORADE TROPICAL 750 ML;UND;CAJA CHICA;PRD03594;;CAJA CHICA - GATORADE TROPICAL 750 ML;BOTELLA;1;BOTELLA;BOTELLA x 1 UND;1;1;1
PRD03595;CAJA CHICA - PULPA CONCENTRADA GUANABANA;KG;CAJA CHICA;PRD03595;;CAJA CHICA - PULPA CONCENTRADA GUANABANA;KILOGRAMO;1;KILOGRAMO;KILOGRAMO x 1 KG;1;1;1
PRD03596;CAJA CHICA - CERA AL AGUA 3.8 LT;UND;CAJA CHICA;PRD03596;;CAJA CHICA - CERA AL AGUA 3.8 LT;GALON;1;GALON;GALON x 1 UND;1;1;1
PRD03597;CAJA CHICA - ESCOBA BAJA POLICIA;UND;CAJA CHICA;PRD03597;;CAJA CHICA - ESCOBA BAJA POLICIA;UNIDAD;1;UNIDAD;UNIDAD x 1 UND;1;1;1
PRD03598;CAJA CHICA - JABON LIQUIDO SOFTCARE ALCOHOL GEL 1 LT;L;CAJA CHICA;PRD03598;;CAJA CHICA - JABON LIQUIDO SOFTCARE ALCOHOL GEL 1 LT;UNIDAD;1;UNIDAD;UNIDAD x 1 L;1;1;1
PRD03599;CAJA CHICA - TRAPEADOR CON OJAL PIEZA;UND;CAJA CHICA;PRD03599;;CAJA CHICA - TRAPEADOR CON OJAL PIEZA;UNIDAD;1;UNIDAD;UNIDAD x 1 UND;1;1;1
PRD03600;CAJA CHICA - DURAZNO ACONCAGUA 4 ONZ;UND;CAJA CHICA;PRD03600;;CAJA CHICA - DURAZNO ACONCAGUA 4 ONZ;POTE;1;POTE;POTE x 1 UND;1;1;1
PRD03601;CAJA CHICA - PESCADO DORADO EVISCERADO;KG;CAJA CHICA;PRD03601;;CAJA CHICA - PESCADO DORADO EVISCERADO;KILOGRAMO;1;KILOGRAMO;KILOGRAMO x 1 KG;1;1;1
PRD03602;CAJA CHICA - CERVEZA PILSEN BOTELLA X 310 ML X SIX PACK;UND;CAJA CHICA;PRD03602;;CAJA CHICA - CERVEZA PILSEN BOTELLA X 310 ML X SIX PACK;SIXPACK;1;SIXPACK;SIXPACK x 1 UND;1;1;1
PRD03603;CAJA CHICA - CERVEZA CUZQUEÑA DORADA BOT 330 ML X SIX PA;UND;CAJA CHICA;PRD03603;;CAJA CHICA - CERVEZA CUZQUEÑA DORADA BOT 330 ML X SIX PA;SIXPACK;1;SIXPACK;SIXPACK x 1 UND;1;1;1
PRD03604;CAJA CHICA - CERVEZA CUZQUEÑA NEGRA BOT 330 ML X SIX PACK;UND;CAJA CHICA;PRD03604;;CAJA CHICA - CERVEZA CUZQUEÑA NEGRA BOT 330 ML X SIX PACK;SIXPACK;1;SIXPACK;SIXPACK x 1 UND;1;1;1
PRD03605;CAJA CHICA - VINO QUEIROLO BORGOÑA X 750 ML;UND;CAJA CHICA;PRD03605;;CAJA CHICA - VINO QUEIROLO BORGOÑA X 750 ML;UNIDAD;1;UNIDAD;UNIDAD x 1 UND;1;1;1
PRD03606;CAJA CHICA - VINO NAVARRO CORREAS CABERNET SAUVIGNON X 750 M;UND;CAJA CHICA;PRD03606;;CAJA CHICA - VINO NAVARRO CORREAS CABERNET SAUVIGNON X 750 M;UNIDAD;1;UNIDAD;UNIDAD x 1 UND;1;1;1
PRD03607;CAJA CHICA - PISCO TABERNERO QUEBRANTA EDICION LTDA X 500 ML;UND;CAJA CHICA;PRD03607;;CAJA CHICA - PISCO TABERNERO QUEBRANTA EDICION LTDA X 500 ML;UNIDAD;1;UNIDAD;UNIDAD x 1 UND;1;1;1
PRD03608;CAJA CHICA - YOGURT LAIVE SBELT LUCUMA X 940 ML;UND;CAJA CHICA;PRD03608;;CAJA CHICA - YOGURT LAIVE SBELT LUCUMA X 940 ML;UNIDAD;1;UNIDAD;UNIDAD x 1 UND;1;1;1
PRD03609;CAJA CHICA - YOGURT LAIVE SBELT FRESA X 940 ML;UND;CAJA CHICA;PRD03609;;CAJA CHICA - YOGURT LAIVE SBELT FRESA X 940 ML;UNIDAD;1;UNIDAD;UNIDAD x 1 UND;1;1;1
PRD03610;CAJA CHICA - EDULCORANTE EQUAL X 200 UND;UND;CAJA CHICA;PRD03610;;CAJA CHICA - EDULCORANTE EQUAL X 200 UND;CAJA;1;CAJA;CAJA x 1 UND;1;1;1
PRD03611;CAJA CHICA - PAN BIMBO BLANCO X 650 GR;UND;CAJA CHICA;PRD03611;;CAJA CHICA - PAN BIMBO BLANCO X 650 GR;UNIDAD;1;UNIDAD;UNIDAD x 1 UND;1;1;1
PRD03612;CAJA CHICA - PAN BIMBO INTEGRAL 100% PREB-MED X 480 GR;UND;CAJA CHICA;PRD03612;;CAJA CHICA - PAN BIMBO INTEGRAL 100% PREB-MED X 480 GR;UNIDAD;1;UNIDAD;UNIDAD x 1 UND;1;1;1
PRD03613;CAJA CHICA - GASEOSA INCA KOLA ZERO X 410 PAQUETE X 12 UND;UND;CAJA CHICA;PRD03613;;CAJA CHICA - GASEOSA INCA KOLA ZERO X 410 PAQUETE X 12 UND;PAQUETE;1;PAQUETE;PAQUETE x 1 UND;1;1;1
PRD03614;CAJA CHICA - PISCO VARGAS X 750 CC;UND;CAJA CHICA;PRD03614;;CAJA CHICA - PISCO VARGAS X 750 CC;PAQUETE;1;PAQUETE;PAQUETE x 1 UND;1;1;1
PRD03615;CAJA CHICA - BIZCOCHO BOLSA;UND;CAJA CHICA;PRD03615;;CAJA CHICA - BIZCOCHO BOLSA;BOLSA;1;BOLSA;BOLSA x 1 UND;1;1;1
PRD03616;CAJA CHICA - SALSA SILLAO X LT;UND;CAJA CHICA;PRD03616;;CAJA CHICA - SALSA SILLAO X LT;BOTELLA;1;BOTELLA;BOTELLA x 1 UND;1;1;1
PRD03617;CAJA CHICA - PIMIENTA SAZÓN X 66 UND;UND;CAJA CHICA;PRD03617;;CAJA CHICA - PIMIENTA SAZÓN X 66 UND;CAJA;1;CAJA;CAJA x 1 UND;1;1;1
PRD03618;CAJA CHICA - PALILLO SAZÓN X 66 UND;UND;CAJA CHICA;PRD03618;;CAJA CHICA - PALILLO SAZÓN X 66 UND;CAJA;1;CAJA;CAJA x 1 UND;1;1;1
PRD03619;CAJA CHICA - OREGANO SAZÓN X 66 UND;UND;CAJA CHICA;PRD03619;;CAJA CHICA - OREGANO SAZÓN X 66 UND;CAJA;1;CAJA;CAJA x 1 UND;1;1;1
PRD03620;CAJA CHICA - VINAGRE TINTO LT;UND;CAJA CHICA;PRD03620;;CAJA CHICA - VINAGRE TINTO LT;BOTELLA;1;BOTELLA;BOTELLA x 1 UND;1;1;1
PRD03621;CAJA CHICA - LECHE GLORIA X 410 ML;UND;CAJA CHICA;PRD03621;;CAJA CHICA - LECHE GLORIA X 410 ML;LATA;1;LATA;LATA x 1 UND;1;1;1
PRD03622;CAJA CHICA - MERMELADA X BARRIL;UND;CAJA CHICA;PRD03622;;CAJA CHICA - MERMELADA X BARRIL;CAJA;1;CAJA;CAJA x 1 UND;1;1;1
PRD03623;CAJA CHICA - ARVEJA PELADA;KG;CAJA CHICA;PRD03623;;CAJA CHICA - ARVEJA PELADA;KILOGRAMO;1;KILOGRAMO;KILOGRAMO x 1 KG;1;1;1
PRD03624;CAJA CHICA - PANES INTEGRALES BIMBO;UND;CAJA CHICA;PRD03624;;CAJA CHICA - PANES INTEGRALES BIMBO;UNIDAD;1;UNIDAD;UNIDAD x 1 UND;1;1;1
PRD03625;CAJA CHICA - PAPA AMARILLA;KG;CAJA CHICA;PRD03625;;CAJA CHICA - PAPA AMARILLA;KILOGRAMO;1;KILOGRAMO;KILOGRAMO x 1 KG;1;1;1
PRD03626;CAJA CHICA - CEBOLLA ROJA;KG;CAJA CHICA;PRD03626;;CAJA CHICA - CEBOLLA ROJA;KILOGRAMO;1;KILOGRAMO;KILOGRAMO x 1 KG;1;1;1
PRD03627;CAJA CHICA - MILO;UND;CAJA CHICA;PRD03627;;CAJA CHICA - MILO;UNIDAD;1;UNIDAD;UNIDAD x 1 UND;1;1;1
PRD03628;CAJA CHICA - YOGURT;UND;CAJA CHICA;PRD03628;;CAJA CHICA - YOGURT;BOTELLA;1;BOTELLA;BOTELLA x 1 UND;1;1;1
PRD03629;CAJA CHICA - PLATANO DE ISLA;UND;CAJA CHICA;PRD03629;;CAJA CHICA - PLATANO DE ISLA;UNIDAD;1;UNIDAD;UNIDAD x 1 UND;1;1;1
PRD03630;CAJA CHICA - JUGO CONCENTRADO;UND;CAJA CHICA;PRD03630;;CAJA CHICA - JUGO CONCENTRADO;BOTELLA;1;BOTELLA;BOTELLA x 1 UND;1;1;1
PRD03631;CAJA CHICA - ACEITUNA;KG;CAJA CHICA;PRD03631;;CAJA CHICA - ACEITUNA;KILOGRAMO;1;KILOGRAMO;KILOGRAMO x 1 KG;1;1;1
PRD03632;CAJA CHICA - AZUCAR FINA;KG;CAJA CHICA;PRD03632;;CAJA CHICA - AZUCAR FINA;KILOGRAMO;1;KILOGRAMO;KILOGRAMO x 1 KG;1;1;1
PRD03633;CAJA CHICA - PAN PYC;UND;CAJA CHICA;PRD03633;;CAJA CHICA - PAN PYC;UNIDAD;1;UNIDAD;UNIDAD x 1 UND;1;1;1
PRD03634;CAJA CHICA - TOMATE;KG;CAJA CHICA;PRD03634;;CAJA CHICA - TOMATE;KILOGRAMO;1;KILOGRAMO;KILOGRAMO x 1 KG;1;1;1
PRD03635;CAJA CHICA - QUESO FRESCO;KG;CAJA CHICA;PRD03635;;CAJA CHICA - QUESO FRESCO;KILOGRAMO;1;KILOGRAMO;KILOGRAMO x 1 KG;1;1;1
PRD03636;CAJA CHICA - PIÑA GOLDEN;KG;CAJA CHICA;PRD03636;;CAJA CHICA - PIÑA GOLDEN;KILOGRAMO;1;KILOGRAMO;KILOGRAMO x 1 KG;1;1;1
PRD03637;CAJA CHICA - FIDEO 250 GR;UND;CAJA CHICA;PRD03637;;CAJA CHICA - FIDEO 250 GR;PAQUETE;1;PAQUETE;PAQUETE x 1 UND;1;1;1
PRD03638;CAJA CHICA - COL CHINA;KG;CAJA CHICA;PRD03638;;CAJA CHICA - COL CHINA;KILOGRAMO;1;KILOGRAMO;KILOGRAMO x 1 KG;1;1;1
PRD03639;CAJA CHICA - PORO FITZ;KG;CAJA CHICA;PRD03639;;CAJA CHICA - PORO FITZ;KILOGRAMO;1;KILOGRAMO;KILOGRAMO x 1 KG;1;1;1
PRD03640;CAJA CHICA - MIEL DE ABEJA X 300;UND;CAJA CHICA;PRD03640;;CAJA CHICA - MIEL DE ABEJA X 300;FRASCO;1;FRASCO;FRASCO x 1 UND;1;1;1
PRD03641;CAJA CHICA - PAST PLUMRAY MOLITALIA;UND;CAJA CHICA;PRD03641;;CAJA CHICA - PAST PLUMRAY MOLITALIA;UNIDAD;1;UNIDAD;UNIDAD x 1 UND;1;1;1
PRD03642;CAJA CHICA - COL CORAZON;KG;CAJA CHICA;PRD03642;;CAJA CHICA - COL CORAZON;KILOGRAMO;1;KILOGRAMO;KILOGRAMO x 1 KG;1;1;1
PRD03643;CAJA CHICA - PZKID M X 6;UND;CAJA CHICA;PRD03643;;CAJA CHICA - PZKID M X 6;UNIDAD;1;UNIDAD;UNIDAD x 1 UND;1;1;1
PRD03644;CAJA CHICA - YOGURT SBELT X 1 LT;L;CAJA CHICA;PRD03644;;CAJA CHICA - YOGURT SBELT X 1 LT;BOTELLA;1;BOTELLA;BOTELLA x 1 L;1;1;1
PRD03645;CAJA CHICA - PEN RIG INT AGNESI;UND;CAJA CHICA;PRD03645;;CAJA CHICA - PEN RIG INT AGNESI;UNIDAD;1;UNIDAD;UNIDAD x 1 UND;1;1;1
PRD03646;CAJA CHICA - YOGURT SBELT VAINILLA;UND;CAJA CHICA;PRD03646;;CAJA CHICA - YOGURT SBELT VAINILLA;BOTELLA;1;BOTELLA;BOTELLA x 1 UND;1;1;1
PRD03647;CAJA CHICA - PANES VARIOS;KG;CAJA CHICA;PRD03647;;CAJA CHICA - PANES VARIOS;KILOGRAMO;1;KILOGRAMO;KILOGRAMO x 1 KG;1;1;1
PRD03648;CAJA CHICA - CEBOLLA CHINA;KG;CAJA CHICA;PRD03648;;CAJA CHICA - CEBOLLA CHINA;KILOGRAMO;1;KILOGRAMO;KILOGRAMO x 1 KG;1;1;1
PRD03649;CAJA CHICA - SPRITE X 3 LT;UND;CAJA CHICA;PRD03649;;CAJA CHICA - SPRITE X 3 LT;BOTELLA;1;BOTELLA;BOTELLA x 1 UND;1;1;1
PRD03650;CAJA CHICA - TORTA MOUSSE DE LUCUMA;UND;CAJA CHICA;PRD03650;;CAJA CHICA - TORTA MOUSSE DE LUCUMA;UNIDAD;1;UNIDAD;UNIDAD x 1 UND;1;1;1
PRD03651;CAJA CHICA - COLAPIZ X 20 GR;UND;CAJA CHICA;PRD03651;;CAJA CHICA - COLAPIZ X 20 GR;SOBRE;1;SOBRE;SOBRE x 1 UND;1;1;1
PRD03652;CAJA CHICA - PAN INTEGRAL X 600 GR;UND;CAJA CHICA;PRD03652;;CAJA CHICA - PAN INTEGRAL X 600 GR;UNIDAD;1;UNIDAD;UNIDAD x 1 UND;1;1;1
PRD03653;CAJA CHICA -PLATANO DE SEDA;KG;CAJA CHICA;PRD03653;;CAJA CHICA -PLATANO DE SEDA;KILOGRAMO;1;KILOGRAMO;KILOGRAMO x 1 KG;1;1;1
PRD03654;CAJA CHICA - PLATANO BELLACO (KILOGRAMO x 1 KG);KG;CAJA CHICA;PRD03654;;CAJA CHICA - PLATANO BELLACO (KILOGRAMO x 1 KG);KILOGRAMO;1;KILOGRAMO;KILOGRAMO x 1 KG;1;1;1
PRD03655;CAJA CHICA - GASEOSA INKA COLA 3 LT;UND;CAJA CHICA;PRD03655;;CAJA CHICA - GASEOSA INKA COLA 3 LT;BOTELLA;1;BOTELLA;BOTELLA x 1 UND;1;1;1
PRD03656;CAJA CHICA - BARRA DE CHOCOLATE Y GRANOLA;UND;CAJA CHICA;PRD03656;;CAJA CHICA - BARRA DE CHOCOLATE Y GRANOLA;UNIDAD;1;UNIDAD;UNIDAD x 1 UND;1;1;1
PRD03657;CAJA CHICA - CRISINOS SALADOS DE YUCA;UND;CAJA CHICA;PRD03657;;CAJA CHICA - CRISINOS SALADOS DE YUCA;UNIDAD;1;UNIDAD;UNIDAD x 1 UND;1;1;1
PRD03658;CAJA CHICA - GALLETAS DE CAFÉ;UND;CAJA CHICA;PRD03658;;CAJA CHICA - GALLETAS DE CAFÉ;UNIDAD;1;UNIDAD;UNIDAD x 1 UND;1;1;1
PRD03659;CAJA CHICA - GALLETAS DE AVENA CON HIGO;UND;CAJA CHICA;PRD03659;;CAJA CHICA - GALLETAS DE AVENA CON HIGO;UNIDAD;1;UNIDAD;UNIDAD x 1 UND;1;1;1
PRD03660;CAJA CHICA - GALLETAS DE AVENA CON PLATANO;UND;CAJA CHICA;PRD03660;;CAJA CHICA - GALLETAS DE AVENA CON PLATANO;UNIDAD;1;UNIDAD;UNIDAD x 1 UND;1;1;1
PRD03661;CAJA CHICA - GALLETAS DE AVENA CON MANZANA;UND;CAJA CHICA;PRD03661;;CAJA CHICA - GALLETAS DE AVENA CON MANZANA;UNIDAD;1;UNIDAD;UNIDAD x 1 UND;1;1;1
PRD03662;CAJA CHICA - GALLETA DE AVENA NARANJA Y ZANAHORIA;UND;CAJA CHICA;PRD03662;;CAJA CHICA - GALLETA DE AVENA NARANJA Y ZANAHORIA;UNIDAD;1;UNIDAD;UNIDAD x 1 UND;1;1;1
PRD03663;CAJA CHICA - GALLETA REDONDA DE COCO;UND;CAJA CHICA;PRD03663;;CAJA CHICA - GALLETA REDONDA DE COCO;UNIDAD;1;UNIDAD;UNIDAD x 1 UND;1;1;1
PRD03664;CAJA CHICA - WARAP BARRAS;UND;CAJA CHICA;PRD03664;;CAJA CHICA - WARAP BARRAS;UNIDAD;1;UNIDAD;UNIDAD x 1 UND;1;1;1
PRD03665;CAJA CHICA - NUTRI BODY MANI;UND;CAJA CHICA;PRD03665;;CAJA CHICA - NUTRI BODY MANI;UNIDAD;1;UNIDAD;UNIDAD x 1 UND;1;1;1
PRD03666;CAJA CHICA - NUTRI BODY CHOCOLATE;UND;CAJA CHICA;PRD03666;;CAJA CHICA - NUTRI BODY CHOCOLATE;UNIDAD;1;UNIDAD;UNIDAD x 1 UND;1;1;1
PRD03667;CAJA CHICA - CACAO Y LUCUMA NIBS;UND;CAJA CHICA;PRD03667;;CAJA CHICA - CACAO Y LUCUMA NIBS;UNIDAD;1;UNIDAD;UNIDAD x 1 UND;1;1;1
PRD03668;CAJA CHICA - KASABE AJO Y OREGANO;UND;CAJA CHICA;PRD03668;;CAJA CHICA - KASABE AJO Y OREGANO;UNIDAD;1;UNIDAD;UNIDAD x 1 UND;1;1;1
PRD03669;CAJA CHICA - KASABE NATURAL;UND;CAJA CHICA;PRD03669;;CAJA CHICA - KASABE NATURAL;UNIDAD;1;UNIDAD;UNIDAD x 1 UND;1;1;1
PRD03670;CAJA CHICA - SHANNANUTS POWER MIX;UND;CAJA CHICA;PRD03670;;CAJA CHICA - SHANNANUTS POWER MIX;UNIDAD;1;UNIDAD;UNIDAD x 1 UND;1;1;1
PRD03671;CAJA CHICA - PW HF FRUTOS 50ML;UND;CAJA CHICA;PRD03671;;CAJA CHICA - PW HF FRUTOS 50ML;UNIDAD;1;UNIDAD;UNIDAD x 1 UND;1;1;1
PRD03672;CAJA CHICA - CHORI FINA HIE C;UND;CAJA CHICA;PRD03672;;CAJA CHICA - CHORI FINA HIE C;UNIDAD;1;UNIDAD;UNIDAD x 1 UND;1;1;1
PRD03673;CAJA CHICA - CHORI TALIA SEGO;UND;CAJA CHICA;PRD03673;;CAJA CHICA - CHORI TALIA SEGO;UNIDAD;1;UNIDAD;UNIDAD x 1 UND;1;1;1
PRD03674;CAJA CHICA - GRIEGO LAIVE NAT;UND;CAJA CHICA;PRD03674;;CAJA CHICA - GRIEGO LAIVE NAT;UNIDAD;1;UNIDAD;UNIDAD x 1 UND;1;1;1
PRD03675;CAJA CHICA - MEZC P/PANQ BUTTER;KG;CAJA CHICA;PRD03675;;CAJA CHICA - MEZC P/PANQ BUTTER;KILOGRAMO;1;KILOGRAMO;KILOGRAMO x 1 KG;1;1;1
PRD03676;CAJA CHICA - KIWI M;UND;CAJA CHICA;PRD03676;;CAJA CHICA - KIWI M;UNIDAD;1;UNIDAD;UNIDAD x 1 UND;1;1;1
PRD03677;CAJA CHICA - MORASX200GREMPORIO;UND;CAJA CHICA;PRD03677;;CAJA CHICA - MORASX200GREMPORIO;UNIDAD;1;UNIDAD;UNIDAD x 1 UND;1;1;1
PRD03678;CAJA CHICA - UDM V COTCANDX2LB;UND;CAJA CHICA;PRD03678;;CAJA CHICA - UDM V COTCANDX2LB;UNIDAD;1;UNIDAD;UNIDAD x 1 UND;1;1;1
PRD03679;CAJA CHICA - PIEDRAS PECO MEDIA;UND;CAJA CHICA;PRD03679;;CAJA CHICA - PIEDRAS PECO MEDIA;UNIDAD;1;UNIDAD;UNIDAD x 1 UND;1;1;1
PRD03680;CAJA CHICA - PRENSAPAPAS BASA;UND;CAJA CHICA;PRD03680;;CAJA CHICA - PRENSAPAPAS BASA;UNIDAD;1;UNIDAD;UNIDAD x 1 UND;1;1;1
PRD03681;CAJA CHICA - PEONIA 48 CMS PV18;UND;CAJA CHICA;PRD03681;;CAJA CHICA - PEONIA 48 CMS PV18;UNIDAD;1;UNIDAD;UNIDAD x 1 UND;1;1;1
PRD03682;CAJA CHICA - FOLLAJE HIERBA 62;UND;CAJA CHICA;PRD03682;;CAJA CHICA - FOLLAJE HIERBA 62;UNIDAD;1;UNIDAD;UNIDAD x 1 UND;1;1;1
PRD03683;CAJA CHICA - COPON OVALADO D14X;KG;CAJA CHICA;PRD03683;;CAJA CHICA - COPON OVALADO D14X;KILOGRAMO;1;KILOGRAMO;KILOGRAMO x 1 KG;1;1;1
PRD03684;CAJA CHICA - MORA;KG;CAJA CHICA;PRD03684;;CAJA CHICA - MORA;KILOGRAMO;1;KILOGRAMO;KILOGRAMO x 1 KG;1;1;1
PRD03685;CAJA CHICA - VENTA DE HELADOS DONOFRIO;UND;CAJA CHICA;PRD03685;;CAJA CHICA - VENTA DE HELADOS DONOFRIO;UNIDAD;1;UNIDAD;UNIDAD x 1 UND;1;1;1
PRD03686;CAJA CHICA - HEL JET VAINILLA 74 5MLX30;UND;CAJA CHICA;PRD03686;;CAJA CHICA - HEL JET VAINILLA 74 5MLX30;UNIDAD;1;UNIDAD;UNIDAD x 1 UND;1;1;1
PRD03687;CAJA CHICA - HEL BOMBON VAINILLA 72MLX18|;UND;CAJA CHICA;PRD03687;;CAJA CHICA - HEL BOMBON VAINILLA 72MLX18|;UNIDAD;1;UNIDAD;UNIDAD x 1 UND;1;1;1
PRD03688;CAJA CHICA - HEL MEGA ALMENDRA 100ML;UND;CAJA CHICA;PRD03688;;CAJA CHICA - HEL MEGA ALMENDRA 100ML;UNIDAD;1;UNIDAD;UNIDAD x 1 UND;1;1;1
PRD03689;CAJA CHICA - HEL DOLCETTO LUCUMA 80ML;UND;CAJA CHICA;PRD03689;;CAJA CHICA - HEL DOLCETTO LUCUMA 80ML;UNIDAD;1;UNIDAD;UNIDAD x 1 UND;1;1;1
PRD03690;CAJA CHICA - HELADO SUBLIME CRUNCHY 24X85ML;UND;CAJA CHICA;PRD03690;;CAJA CHICA - HELADO SUBLIME CRUNCHY 24X85ML;UNIDAD;1;UNIDAD;UNIDAD x 1 UND;1;1;1
PRD03691;CAJA CHICA - CHIZITO CHIPY X 23 GR;UND;CAJA CHICA;PRD03691;;CAJA CHICA - CHIZITO CHIPY X 23 GR;UNIDAD;1;UNIDAD;UNIDAD x 1 UND;1;1;1
PRD03692;CAJA CHICA - CAMOTE 37 GR;UND;CAJA CHICA;PRD03692;;CAJA CHICA - CAMOTE 37 GR;UNIDAD;1;UNIDAD;UNIDAD x 1 UND;1;1;1
PRD03693;CAJA CHICA - TORTEES PICANTE 30 GR;UND;CAJA CHICA;PRD03693;;CAJA CHICA - TORTEES PICANTE 30 GR;UNIDAD;1;UNIDAD;UNIDAD x 1 UND;1;1;1
PRD03694;CAJA CHICA - CUATES PICANTE 40 GR;UND;CAJA CHICA;PRD03694;;CAJA CHICA - CUATES PICANTE 40 GR;UNIDAD;1;UNIDAD;UNIDAD x 1 UND;1;1;1
PRD03695;CAJA CHICA - CUATES NORML 40 GR;UND;CAJA CHICA;PRD03695;;CAJA CHICA - CUATES NORML 40 GR;UNIDAD;1;UNIDAD;UNIDAD x 1 UND;1;1;1
PRD03696;CAJA CHICA - PAPAS LAYS 16 GR;UND;CAJA CHICA;PRD03696;;CAJA CHICA - PAPAS LAYS 16 GR;UNIDAD;1;UNIDAD;UNIDAD x 1 UND;1;1;1
PRD03697;CAJA CHICA - CHEESE TRIS 16 GR;UND;CAJA CHICA;PRD03697;;CAJA CHICA - CHEESE TRIS 16 GR;UNIDAD;1;UNIDAD;UNIDAD x 1 UND;1;1;1
PRD03698;CAJA CHICA - CHIFLES 21 GR;UND;CAJA CHICA;PRD03698;;CAJA CHICA - CHIFLES 21 GR;UNIDAD;1;UNIDAD;UNIDAD x 1 UND;1;1;1
PRD03699;CAJA CHICA - CIGARROS LUCKY STRIKE MENTA X 10 UND;UND;CAJA CHICA;PRD03699;;CAJA CHICA - CIGARROS LUCKY STRIKE MENTA X 10 UND;UNIDAD;1;UNIDAD;UNIDAD x 1 UND;1;1;1
PRD03700;CAJA CHICA - CIGARROS LUCKY STRIKE MENTA X 20 UND;UND;CAJA CHICA;PRD03700;;CAJA CHICA - CIGARROS LUCKY STRIKE MENTA X 20 UND;UNIDAD;1;UNIDAD;UNIDAD x 1 UND;1;1;1
PRD03701;CAJA CHICA - CIGARROS LUCKY STRIKE AZUL X 10 UND;UND;CAJA CHICA;PRD03701;;CAJA CHICA - CIGARROS LUCKY STRIKE AZUL X 10 UND;UNIDAD;1;UNIDAD;UNIDAD x 1 UND;1;1;1
PRD03702;CAJA CHICA - CIGARROS LUCKY STRIKE AZUL X 20 UND;UND;CAJA CHICA;PRD03702;;CAJA CHICA - CIGARROS LUCKY STRIKE AZUL X 20 UND;UNIDAD;1;UNIDAD;UNIDAD x 1 UND;1;1;1
PRD03703;CAJA CHICA - SALVADO DE TRIGO X KG;KG;CAJA CHICA;PRD03703;;CAJA CHICA - SALVADO DE TRIGO X KG;KILOGRAMO;1;KILOGRAMO;KILOGRAMO x 1 KG;1;1;1
PRD03704;CAJA CHICA - AMBIENTADOR LAVANDA DARYZA 3.8 LT;UND;CAJA CHICA;PRD03704;;CAJA CHICA - AMBIENTADOR LAVANDA DARYZA 3.8 LT;GALON;1;GALON;GALON x 1 UND;1;1;1
PRD03705;CAJA CHICA - AMBIENTADOR SPRAY SAPOLIO 414 ML;UND;CAJA CHICA;PRD03705;;CAJA CHICA - AMBIENTADOR SPRAY SAPOLIO 414 ML;FRASCO;1;FRASCO;FRASCO x 1 UND;1;1;1
PRD03706;CAJA CHICA - CERA EN PASTA NEGRA X 4 LT;UND;CAJA CHICA;PRD03706;;CAJA CHICA - CERA EN PASTA NEGRA X 4 LT;GALON;1;GALON;GALON x 1 UND;1;1;1
PRD03707;CAJA CHICA - CERA EN PASTA ROJA X 4 LT;UND;CAJA CHICA;PRD03707;;CAJA CHICA - CERA EN PASTA ROJA X 4 LT;GALON;1;GALON;GALON x 1 UND;1;1;1
PRD03708;CAJA CHICA - CERA MADERA SPRAY PRIDE 414 ML;UND;CAJA CHICA;PRD03708;;CAJA CHICA - CERA MADERA SPRAY PRIDE 414 ML;FRASCO;1;FRASCO;FRASCO x 1 UND;1;1;1
PRD03709;CAJA CHICA - DESINFECTANTE WATERMATIC;UND;CAJA CHICA;PRD03709;;CAJA CHICA - DESINFECTANTE WATERMATIC;FRASCO;1;FRASCO;FRASCO x 1 UND;1;1;1
PRD03710;CAJA CHICA - FRANELA AMARILLA 50 X 60 CM;UND;CAJA CHICA;PRD03710;;CAJA CHICA - FRANELA AMARILLA 50 X 60 CM;UNIDAD;1;UNIDAD;UNIDAD x 1 UND;1;1;1
PRD03711;CAJA CHICA - GLADE TOQUE;UND;CAJA CHICA;PRD03711;;CAJA CHICA - GLADE TOQUE;UNIDAD;1;UNIDAD;UNIDAD x 1 UND;1;1;1
PRD03712;CAJA CHICA - HISOPO CON BASE;UND;CAJA CHICA;PRD03712;;CAJA CHICA - HISOPO CON BASE;UNIDAD;1;UNIDAD;UNIDAD x 1 UND;1;1;1
PRD03713;CAJA CHICA - JALADOR DE AGUA X 60 CM;UND;CAJA CHICA;PRD03713;;CAJA CHICA - JALADOR DE AGUA X 60 CM;UNIDAD;1;UNIDAD;UNIDAD x 1 UND;1;1;1
PRD03714;CAJA CHICA - LIMPIADOR ACERO INOX 3M;UND;CAJA CHICA;PRD03714;;CAJA CHICA - LIMPIADOR ACERO INOX 3M;UNIDAD;1;UNIDAD;UNIDAD x 1 UND;1;1;1
PRD03715;CAJA CHICA - LIMPIADOR DE FRAGUA DARYZA 4 LT;UND;CAJA CHICA;PRD03715;;CAJA CHICA - LIMPIADOR DE FRAGUA DARYZA 4 LT;GALON;1;GALON;GALON x 1 UND;1;1;1
PRD03716;CAJA CHICA - REMOVEDOR DE SARRO DARIZA 4 LT;UND;CAJA CHICA;PRD03716;;CAJA CHICA - REMOVEDOR DE SARRO DARIZA 4 LT;GALON;1;GALON;GALON x 1 UND;1;1;1
PRD03717;CAJA CHICA - SILICONA CRISTAL 3.8 LT;UND;CAJA CHICA;PRD03717;;CAJA CHICA - SILICONA CRISTAL 3.8 LT;GALON;1;GALON;GALON x 1 UND;1;1;1
PRD03718;CAJA CHICA - TRAPEADOR FELPA;UND;CAJA CHICA;PRD03718;;CAJA CHICA - TRAPEADOR FELPA;UNIDAD;1;UNIDAD;UNIDAD x 1 UND;1;1;1
PRD03719;CAJA CHICA - TRAPO INDUSTRIAL BLANCO;UND;CAJA CHICA;PRD03719;;CAJA CHICA - TRAPO INDUSTRIAL BLANCO;UNIDAD;1;UNIDAD;UNIDAD x 1 UND;1;1;1
PRD03720;CAJA CHICA - PIMENTON ROJO;KG;CAJA CHICA;PRD03720;;CAJA CHICA - PIMENTON ROJO;KILOGRAMO;1;KILOGRAMO;KILOGRAMO x 1 KG;1;1;1
PRD03721;CAJA CHICA - MANTEQUILLA CON SAL GLORIA 10 GR;UND;CAJA CHICA;PRD03721;;CAJA CHICA - MANTEQUILLA CON SAL GLORIA 10 GR;UNIDAD;1;UNIDAD;UNIDAD x 1 UND;1;1;1
PRD03722;CAJA CHICA - SALSA SILLAU KIKKO X 5 LT;L;CAJA CHICA;PRD03722;;CAJA CHICA - SALSA SILLAU KIKKO X 5 LT;BIDON;5;BIDON;BIDON x 5 L;1;1;1
PRD03723;CAJA CHICA - SALSA SILLAU AJINOSILLAU X 5 LT.;L;CAJA CHICA;PRD03723;;CAJA CHICA - SALSA SILLAU AJINOSILLAU X 5 LT.;BIDON;5;BIDON;BIDON x 5 L;1;1;1
PRD03724;CAJA CHICA - AJINOMOTO X KG;KG;CAJA CHICA;PRD03724;;CAJA CHICA - AJINOMOTO X KG;KILOGRAMO;1;KILOGRAMO;KILOGRAMO x 1 KG;1;1;1
PRD03725;CAJA CHICA - AJINOMOTO X 1/2 KG;KG;CAJA CHICA;PRD03725;;CAJA CHICA - AJINOMOTO X 1/2 KG;BOLSA;0.5;BOLSA;BOLSA x 0.5 KG;1;1;1
PRD03726;CAJA CHICA - CANCHA CHULPI RASIL X 500 GR;UND;CAJA CHICA;PRD03726;;CAJA CHICA - CANCHA CHULPI RASIL X 500 GR;BOLSA;1;BOLSA;BOLSA x 1 UND;1;1;1
PRD03727;CAJA CHICA - LEJIA SAPOLIO X 2 KG;KG;CAJA CHICA;PRD03727;;CAJA CHICA - LEJIA SAPOLIO X 2 KG;KILOGRAMO;1;KILOGRAMO;KILOGRAMO x 1 KG;1;1;1
PRD03728;CAJA CHICA - LEJIA SAPOLIO X 4 KG;KG;CAJA CHICA;PRD03728;;CAJA CHICA - LEJIA SAPOLIO X 4 KG;KILOGRAMO;1;KILOGRAMO;KILOGRAMO x 1 KG;1;1;1
PRD03729;CAJA CHICA - SOLIDO DE ATUN A-1 X 170 GR;UND;CAJA CHICA;PRD03729;;CAJA CHICA - SOLIDO DE ATUN A-1 X 170 GR;LATA;1;LATA;LATA x 1 UND;1;1;1
PRD03730;CAJA CHICA - GOLD FRUITT JALEA DECOR;UND;CAJA CHICA;PRD03730;;CAJA CHICA - GOLD FRUITT JALEA DECOR;UNIDAD;1;UNIDAD;UNIDAD x 1 UND;1;1;1
PRD03731;CAJA CHICA - BIMBOLETE BIMBO X 248 GR;UND;CAJA CHICA;PRD03731;;CAJA CHICA - BIMBOLETE BIMBO X 248 GR;UNIDAD;1;UNIDAD;UNIDAD x 1 UND;1;1;1
PRD03732;CAJA CHICA - JAMON INGLES X KG;KG;CAJA CHICA;PRD03732;;CAJA CHICA - JAMON INGLES X KG;KILOGRAMO;1;KILOGRAMO;KILOGRAMO x 1 KG;1;1;1
PRD03733;CAJA CHICA - QUESO FRESCO LA FLORIDA X KG;KG;CAJA CHICA;PRD03733;;CAJA CHICA - QUESO FRESCO LA FLORIDA X KG;KILOGRAMO;1;KILOGRAMO;KILOGRAMO x 1 KG;1;1;1
PRD03734;CAJA CHICA - QUESO FRESCO SBEL X KG;KG;CAJA CHICA;PRD03734;;CAJA CHICA - QUESO FRESCO SBEL X KG;KILOGRAMO;1;KILOGRAMO;KILOGRAMO x 1 KG;1;1;1
PRD03735;CAJA CHICA - SERVILLETAS DOBLADAS X 50 UND;UND;CAJA CHICA;PRD03735;;CAJA CHICA - SERVILLETAS DOBLADAS X 50 UND;PAQUETE;1;PAQUETE;PAQUETE x 1 UND;1;1;1
PRD03736;CAJA CHICA - JUEGO DE CUBIERTOS DESCARTABLES BELLAMESA;UND;CAJA CHICA;PRD03736;;CAJA CHICA - JUEGO DE CUBIERTOS DESCARTABLES BELLAMESA;PAQUETE;1;PAQUETE;PAQUETE x 1 UND;1;1;1
PRD03737;CAJA CHICA - PATO TANQUE SAPOLIO;UND;CAJA CHICA;PRD03737;;CAJA CHICA - PATO TANQUE SAPOLIO;UNIDAD;1;UNIDAD;UNIDAD x 1 UND;1;1;1
PRD03738;CAJA CHICA - KEKE MARMOLEADO BIMBO X 400 GR;UND;CAJA CHICA;PRD03738;;CAJA CHICA - KEKE MARMOLEADO BIMBO X 400 GR;UNIDAD;1;UNIDAD;UNIDAD x 1 UND;1;1;1
PRD03739;CAJA CHICA - CIFRUT FRUIT X 3 LT;UND;CAJA CHICA;PRD03739;;CAJA CHICA - CIFRUT FRUIT X 3 LT;BOTELLA;1;BOTELLA;BOTELLA x 1 UND;1;1;1
PRD03740;CAJA CHICA - QUESO GOUDA BONLE X KG;KG;CAJA CHICA;PRD03740;;CAJA CHICA - QUESO GOUDA BONLE X KG;KILOGRAMO;1;KILOGRAMO;KILOGRAMO x 1 KG;1;1;1
PRD03741;CAJA CHICA - QUESO PARIA BONLE X KG;KG;CAJA CHICA;PRD03741;;CAJA CHICA - QUESO PARIA BONLE X KG;KILOGRAMO;1;KILOGRAMO;KILOGRAMO x 1 KG;1;1;1
PRD03742;CAJA CHICA - QUESO MOZARELLA SANCOR X KG;KG;CAJA CHICA;PRD03742;;CAJA CHICA - QUESO MOZARELLA SANCOR X KG;KILOGRAMO;1;KILOGRAMO;KILOGRAMO x 1 KG;1;1;1
PRD03743;CAJA CHICA - PAN A GRANEL X KG;KG;CAJA CHICA;PRD03743;;CAJA CHICA - PAN A GRANEL X KG;KILOGRAMO;1;KILOGRAMO;KILOGRAMO x 1 KG;1;1;1
PRD03744;CAJA CHICA - PAN A GRANEL ESPECIAL X KG;KG;CAJA CHICA;PRD03744;;CAJA CHICA - PAN A GRANEL ESPECIAL X KG;KILOGRAMO;1;KILOGRAMO;KILOGRAMO x 1 KG;1;1;1
PRD03745;CAJA CHICA - GALLETA CREAM CRACKER X 316 GR;UND;CAJA CHICA;PRD03745;;CAJA CHICA - GALLETA CREAM CRACKER X 316 GR;UNIDAD;1;UNIDAD;UNIDAD x 1 UND;1;1;1
PRD03746;CAJA CHICA - FRUGOS CASERO NARANJA X LT;UND;CAJA CHICA;PRD03746;;CAJA CHICA - FRUGOS CASERO NARANJA X LT;BOTELLA;1;BOTELLA;BOTELLA x 1 UND;1;1;1
PRD03747;CAJA CHICA - NESCAFE FINA SELECCION X 200 GR;UND;CAJA CHICA;PRD03747;;CAJA CHICA - NESCAFE FINA SELECCION X 200 GR;UNIDAD;1;UNIDAD;UNIDAD x 1 UND;1;1;1
PRD03748;CAJA CHICA - QUESO PARMESANO LAIVE X KG;KG;CAJA CHICA;PRD03748;;CAJA CHICA - QUESO PARMESANO LAIVE X KG;KILOGRAMO;1;KILOGRAMO;KILOGRAMO x 1 KG;1;1;1
PRD03749;CAJA CHICA - FREJOL COSTEÑO ROJO X 500 GR;UND;CAJA CHICA;PRD03749;;CAJA CHICA - FREJOL COSTEÑO ROJO X 500 GR;BOLSA;1;BOLSA;BOLSA x 1 UND;1;1;1
PRD03750;CAJA CHICA - CHAMPIGÑONES LA FLORENCIA X PQT DE 6;UND;CAJA CHICA;PRD03750;;CAJA CHICA - CHAMPIGÑONES LA FLORENCIA X PQT DE 6;UNIDAD;1;UNIDAD;UNIDAD x 1 UND;1;1;1
PRD03751;CAJA CHICA - LECHUGA ORGANICA;KG;CAJA CHICA;PRD03751;;CAJA CHICA - LECHUGA ORGANICA;KILOGRAMO;1;KILOGRAMO;KILOGRAMO x 1 KG;1;1;1
PRD03752;CAJA CHICA - JALAPEÑOS VALLE FERTIL X 290 GR;UND;CAJA CHICA;PRD03752;;CAJA CHICA - JALAPEÑOS VALLE FERTIL X 290 GR;FRASCO;1;FRASCO;FRASCO x 1 UND;1;1;1
PRD03753;CAJA CHICA - MERMELADA SAUCO X 400 GR;UND;CAJA CHICA;PRD03753;;CAJA CHICA - MERMELADA SAUCO X 400 GR;FRASCO;1;FRASCO;FRASCO x 1 UND;1;1;1
PRD03754;CAJA CHICA - PAPAS AL HILO TOTTUS X 150 GR;UND;CAJA CHICA;PRD03754;;CAJA CHICA - PAPAS AL HILO TOTTUS X 150 GR;UNIDAD;1;UNIDAD;UNIDAD x 1 UND;1;1;1
PRD03755;CAJA CHICA - SNACK DE FRUTS TOTTUS X 30 GR;UND;CAJA CHICA;PRD03755;;CAJA CHICA - SNACK DE FRUTS TOTTUS X 30 GR;UNIDAD;1;UNIDAD;UNIDAD x 1 UND;1;1;1
PRD03756;CAJA CHICA - CHEESECAKE HELADO DE FRESA;UND;CAJA CHICA;PRD03756;;CAJA CHICA - CHEESECAKE HELADO DE FRESA;UNIDAD;1;UNIDAD;UNIDAD x 1 UND;1;1;1
PRD03757;CAJA CHICA - TORTILLAS DE MAIZ EL TACO X 500 GR;UND;CAJA CHICA;PRD03757;;CAJA CHICA - TORTILLAS DE MAIZ EL TACO X 500 GR;UNIDAD;1;UNIDAD;UNIDAD x 1 UND;1;1;1
PRD03758;CAJA CHICA - ROCOTO PARA RELLENO;KG;CAJA CHICA;PRD03758;;CAJA CHICA - ROCOTO PARA RELLENO;KILOGRAMO;1;KILOGRAMO;KILOGRAMO x 1 KG;1;1;1
PRD03759;CAJA CHICA - TOMATE CHERRY (KILOGRAMO x 1 KG);KG;CAJA CHICA;PRD03759;;CAJA CHICA - TOMATE CHERRY (KILOGRAMO x 1 KG);KILOGRAMO;1;KILOGRAMO;KILOGRAMO x 1 KG;1;1;1
PRD03760;CAJA CHICA - LECHUGA MORADA;KG;CAJA CHICA;PRD03760;;CAJA CHICA - LECHUGA MORADA;KILOGRAMO;1;KILOGRAMO;KILOGRAMO x 1 KG;1;1;1
PRD03761;CAJA CHICA - COLITA DE CUADRIL DE RES ANGUS;KG;CAJA CHICA;PRD03761;;CAJA CHICA - COLITA DE CUADRIL DE RES ANGUS;KILOGRAMO;1;KILOGRAMO;KILOGRAMO x 1 KG;1;1;1
PRD03762;CAJA CHICA - BIFE PARRILLERO ANGUS;KG;CAJA CHICA;PRD03762;;CAJA CHICA - BIFE PARRILLERO ANGUS;KILOGRAMO;1;KILOGRAMO;KILOGRAMO x 1 KG;1;1;1
PRD03763;CAJA CHICA - PICAÑA DE RES ANGUS;KG;CAJA CHICA;PRD03763;;CAJA CHICA - PICAÑA DE RES ANGUS;KILOGRAMO;1;KILOGRAMO;KILOGRAMO x 1 KG;1;1;1
PRD03764;CAJA CHICA - PAPAS AL HILO BELLS 150 GR;UND;CAJA CHICA;PRD03764;;CAJA CHICA - PAPAS AL HILO BELLS 150 GR;BOLSA;1;BOLSA;BOLSA x 1 UND;1;1;1
PRD03765;CAJA CHICA - PIMIENTA NEGRA ENTERA KG;KG;CAJA CHICA;PRD03765;;CAJA CHICA - PIMIENTA NEGRA ENTERA KG;KILOGRAMO;1;KILOGRAMO;KILOGRAMO x 1 KG;1;1;1
PRD03766;CAJA CHICA - SAL PARRILLERA 1 KG;KG;CAJA CHICA;PRD03766;;CAJA CHICA - SAL PARRILLERA 1 KG;KILOGRAMO;1;KILOGRAMO;KILOGRAMO x 1 KG;1;1;1
PRD03767;CAJA CHICA - GASEOSA SEVEN UP 500 ML;UND;CAJA CHICA;PRD03767;;CAJA CHICA - GASEOSA SEVEN UP 500 ML;BOTELLA;1;BOTELLA;BOTELLA x 1 UND;1;1;1
PRD03768;CAJA CHICA - GATORADE DESHIDRATADA FRUIT PUNCH 521 ML;UND;CAJA CHICA;PRD03768;;CAJA CHICA - GATORADE DESHIDRATADA FRUIT PUNCH 521 ML;UNIDAD;1;UNIDAD;UNIDAD x 1 UND;1;1;1
PRD03769;CAJA CHICA - GATORADE DESHIDRATADO ORANGE 521 ML;UND;CAJA CHICA;PRD03769;;CAJA CHICA - GATORADE DESHIDRATADO ORANGE 521 ML;UNIDAD;1;UNIDAD;UNIDAD x 1 UND;1;1;1
PRD03770;CAJA CHICA - GATORADE DESHIDRATADO LEMON 521 ML;UND;CAJA CHICA;PRD03770;;CAJA CHICA - GATORADE DESHIDRATADO LEMON 521 ML;UNIDAD;1;UNIDAD;UNIDAD x 1 UND;1;1;1
PRD03771;CAJA CHICA - AGUA SAN LUIS 20 LT (CAJA x 1 UND);UND;CAJA CHICA;PRD03771;;CAJA CHICA - AGUA SAN LUIS 20 LT (CAJA x 1 UND);CAJA;1;CAJA;CAJA x 1 UND;1;1;1
PRD03772;CAJA CHICA - BEBIDA REHIDRATANTE LIMA LIMON POWERADE 5OO ML;UND;CAJA CHICA;PRD03772;;CAJA CHICA - BEBIDA REHIDRATANTE LIMA LIMON POWERADE 5OO ML;BOTELLA;1;BOTELLA;BOTELLA x 1 UND;1;1;1
PRD03773;CAJA CHICA - PEPINILLOS A LA POLACA FRASCO X 670 GR;UND;CAJA CHICA;PRD03773;;CAJA CHICA - PEPINILLOS A LA POLACA FRASCO X 670 GR;UNIDAD;1;UNIDAD;UNIDAD x 1 UND;1;1;1
PRD03774;CAJA CHICA - MARGARINA SELLO DE ORO BARRA X 225 GR;UND;CAJA CHICA;PRD03774;;CAJA CHICA - MARGARINA SELLO DE ORO BARRA X 225 GR;UNIDAD;1;UNIDAD;UNIDAD x 1 UND;1;1;1
PRD03775;CAJA CHICA - CHAMPIGÑONES ENTEROS PACCU BANDEJA X 200 GR;UND;CAJA CHICA;PRD03775;;CAJA CHICA - CHAMPIGÑONES ENTEROS PACCU BANDEJA X 200 GR;UNIDAD;1;UNIDAD;UNIDAD x 1 UND;1;1;1
PRD03776;CAJA CHICA - PAPA COCKTAIL X KG;KG;CAJA CHICA;PRD03776;;CAJA CHICA - PAPA COCKTAIL X KG;KILOGRAMO;1;KILOGRAMO;KILOGRAMO x 1 KG;1;1;1
PRD03777;CAJA CHICA - CANELA CHINA X 113 GR;UND;CAJA CHICA;PRD03777;;CAJA CHICA - CANELA CHINA X 113 GR;BOLSA;1;BOLSA;BOLSA x 1 UND;1;1;1
PRD03778;CAJA CHICA - SIBARITA VERDECITO X 60 GR;UND;CAJA CHICA;PRD03778;;CAJA CHICA - SIBARITA VERDECITO X 60 GR;BOLSA;1;BOLSA;BOLSA x 1 UND;1;1;1
PRD03779;CAJA CHICA - CEREAL GRANOLA X 200GR;UND;CAJA CHICA;PRD03779;;CAJA CHICA - CEREAL GRANOLA X 200GR;CAJA;1;CAJA;CAJA x 1 UND;1;1;1
PRD03780;CAJA CHICA - GASEOSA PEPSI X 500 ML;UND;CAJA CHICA;PRD03780;;CAJA CHICA - GASEOSA PEPSI X 500 ML;BOTELLA;1;BOTELLA;BOTELLA x 1 UND;1;1;1
PRD03781;CAJA CHICA - GASEOSA FANTA X 500 ML;UND;CAJA CHICA;PRD03781;;CAJA CHICA - GASEOSA FANTA X 500 ML;BOTELLA;1;BOTELLA;BOTELLA x 1 UND;1;1;1
PRD03782;CAJA CHICA - PECANAS PELADAS X 135 GR;UND;CAJA CHICA;PRD03782;;CAJA CHICA - PECANAS PELADAS X 135 GR;BOLSA;1;BOLSA;BOLSA x 1 UND;1;1;1
PRD03783;CAJA CHICA - LEJIA CLOROX X 20 LT;UND;CAJA CHICA;PRD03783;;CAJA CHICA - LEJIA CLOROX X 20 LT;GALON;1;GALON;GALON x 1 UND;1;1;1
PRD03784;CAJA CHICA - AGUA TRATADA X 2.5 LT;UND;CAJA CHICA;PRD03784;;CAJA CHICA - AGUA TRATADA X 2.5 LT;BOTELLA;1;BOTELLA;BOTELLA x 1 UND;1;1;1
PRD03785;CAJA CHICA - BARRILETE X 50 UND;UND;CAJA CHICA;PRD03785;;CAJA CHICA - BARRILETE X 50 UND;BOLSA;1;BOLSA;BOLSA x 1 UND;1;1;1
PRD03786;CAJA CHICA - BIAGI COFFE X 100 UND;UND;CAJA CHICA;PRD03786;;CAJA CHICA - BIAGI COFFE X 100 UND;BOLSA;1;BOLSA;BOLSA x 1 UND;1;1;1
PRD03787;CAJA CHICA - BIZCOCHUELLO FLEISHMAN X 5 KG;UND;CAJA CHICA;PRD03787;;CAJA CHICA - BIZCOCHUELLO FLEISHMAN X 5 KG;BOLSA;1;BOLSA;BOLSA x 1 UND;1;1;1
PRD03788;CAJA CHICA - BUTTE TOFFE MINI X 100 UND;UND;CAJA CHICA;PRD03788;;CAJA CHICA - BUTTE TOFFE MINI X 100 UND;BOLSA;1;BOLSA;BOLSA x 1 UND;1;1;1
PRD03789;CAJA CHICA - CANCHITA SALADA X 12 GR (UNIDAD x 1 UND);UND;CAJA CHICA;PRD03789;;CAJA CHICA - CANCHITA SALADA X 12 GR (UNIDAD x 1 UND);UNIDAD;1;UNIDAD;UNIDAD x 1 UND;1;1;1
PRD03790;CAJA CHICA - CANCHITA SALADA X 12 GR (BOLSA x 1 UND);UND;CAJA CHICA;PRD03790;;CAJA CHICA - CANCHITA SALADA X 12 GR (BOLSA x 1 UND);BOLSA;1;BOLSA;BOLSA x 1 UND;1;1;1
PRD03791;CAJA CHICA - CARAMELO BON AMI X 100 UND;UND;CAJA CHICA;PRD03791;;CAJA CHICA - CARAMELO BON AMI X 100 UND;BOLSA;1;BOLSA;BOLSA x 1 UND;1;1;1
PRD03792;CAJA CHICA - CARAMELO CHICHA MORADA AMBROSOLI X 100 UND;UND;CAJA CHICA;PRD03792;;CAJA CHICA - CARAMELO CHICHA MORADA AMBROSOLI X 100 UND;BOLSA;1;BOLSA;BOLSA x 1 UND;1;1;1
PRD03793;CAJA CHICA - CARAMELO CHICHA MORADA SAYON X 110 UND;UND;CAJA CHICA;PRD03793;;CAJA CHICA - CARAMELO CHICHA MORADA SAYON X 110 UND;BOLSA;1;BOLSA;BOLSA x 1 UND;1;1;1
PRD03794;CAJA CHICA - CARAMELO GAJOS SURTIDOS X 100 UND;UND;CAJA CHICA;PRD03794;;CAJA CHICA - CARAMELO GAJOS SURTIDOS X 100 UND;BOLSA;1;BOLSA;BOLSA x 1 UND;1;1;1
PRD03795;CAJA CHICA - CARAMELO MASTICABLE X 100 UND;UND;CAJA CHICA;PRD03795;;CAJA CHICA - CARAMELO MASTICABLE X 100 UND;BOLSA;1;BOLSA;BOLSA x 1 UND;1;1;1
PRD03796;CAJA CHICA - CARAMELO MAX FRUTAS X 100 UND;UND;CAJA CHICA;PRD03796;;CAJA CHICA - CARAMELO MAX FRUTAS X 100 UND;BOLSA;1;BOLSA;BOLSA x 1 UND;1;1;1
PRD03797;CAJA CHICA - CARAMELO MENTA CHOCOLATE X 73 UND;UND;CAJA CHICA;PRD03797;;CAJA CHICA - CARAMELO MENTA CHOCOLATE X 73 UND;BOLSA;1;BOLSA;BOLSA x 1 UND;1;1;1
PRD03798;CAJA CHICA - CARAMELO SAYON LIMON X 100 UND;UND;CAJA CHICA;PRD03798;;CAJA CHICA - CARAMELO SAYON LIMON X 100 UND;BOLSA;1;BOLSA;BOLSA x 1 UND;1;1;1
PRD03799;CAJA CHICA - CARAMELO SAYON PERITA X 100 UND;UND;CAJA CHICA;PRD03799;;CAJA CHICA - CARAMELO SAYON PERITA X 100 UND;BOLSA;1;BOLSA;BOLSA x 1 UND;1;1;1
PRD03800;CAJA CHICA - CARAMELO TAMARINDO X 100 UND;UND;CAJA CHICA;PRD03800;;CAJA CHICA - CARAMELO TAMARINDO X 100 UND;BOLSA;1;BOLSA;BOLSA x 1 UND;1;1;1
PRD03801;CAJA CHICA - CARAMELO BIG BEN SURTIDO X 100 UND;UND;CAJA CHICA;PRD03801;;CAJA CHICA - CARAMELO BIG BEN SURTIDO X 100 UND;BOLSA;1;BOLSA;BOLSA x 1 UND;1;1;1
PRD03802;CAJA CHICA - CARAMELO GAJO SURTIDO X 100 UND;UND;CAJA CHICA;PRD03802;;CAJA CHICA - CARAMELO GAJO SURTIDO X 100 UND;BOLSA;1;BOLSA;BOLSA x 1 UND;1;1;1
PRD03803;CAJA CHICA - CARAMELO LIMON ARCOR X 100 UND;UND;CAJA CHICA;PRD03803;;CAJA CHICA - CARAMELO LIMON ARCOR X 100 UND;BOLSA;1;BOLSA;BOLSA x 1 UND;1;1;1
PRD03804;CAJA CHICA - CARAMELO SAYON YOGURT X 100 UND;UND;CAJA CHICA;PRD03804;;CAJA CHICA - CARAMELO SAYON YOGURT X 100 UND;BOLSA;1;BOLSA;BOLSA x 1 UND;1;1;1
PRD03805;CAJA CHICA - CARAMELO SAYON LIMON X 120 UND;UND;CAJA CHICA;PRD03805;;CAJA CHICA - CARAMELO SAYON LIMON X 120 UND;BOLSA;1;BOLSA;BOLSA x 1 UND;1;1;1
PRD03806;CAJA CHICA - CHETOS PICANTE 16 GR;UND;CAJA CHICA;PRD03806;;CAJA CHICA - CHETOS PICANTE 16 GR;UNIDAD;1;UNIDAD;UNIDAD x 1 UND;1;1;1
PRD03807;CAJA CHICA - CHETOS SABOR QUESO 16 GR;UND;CAJA CHICA;PRD03807;;CAJA CHICA - CHETOS SABOR QUESO 16 GR;UNIDAD;1;UNIDAD;UNIDAD x 1 UND;1;1;1
PRD03808;CAJA CHICA - CHIFLE KARINTO X 45 GR;UND;CAJA CHICA;PRD03808;;CAJA CHICA - CHIFLE KARINTO X 45 GR;UNIDAD;1;UNIDAD;UNIDAD x 1 UND;1;1;1
PRD03809;CAJA CHICA - CHOCO DONUTS X 28 GR X 6 UND;UND;CAJA CHICA;PRD03809;;CAJA CHICA - CHOCO DONUTS X 28 GR X 6 UND;PAQUETE;1;PAQUETE;PAQUETE x 1 UND;1;1;1
PRD03810;CAJA CHICA - CHOCOLATE MONEDA CARIBU X 100 UND;UND;CAJA CHICA;PRD03810;;CAJA CHICA - CHOCOLATE MONEDA CARIBU X 100 UND;BOLSA;1;BOLSA;BOLSA x 1 UND;1;1;1
PRD03811;CAJA CHICA - CHOCOLATE PRIVILEGIO 5 SABORES X 100 UND;UND;CAJA CHICA;PRD03811;;CAJA CHICA - CHOCOLATE PRIVILEGIO 5 SABORES X 100 UND;BOLSA;1;BOLSA;BOLSA x 1 UND;1;1;1
PRD03812;CAJA CHICA - CHOCOMONEDAS CARIBU X 100 UND;UND;CAJA CHICA;PRD03812;;CAJA CHICA - CHOCOMONEDAS CARIBU X 100 UND;BOLSA;1;BOLSA;BOLSA x 1 UND;1;1;1
PRD03813;CAJA CHICA - CHUPETIN BON BON BUN X 24 UND;UND;CAJA CHICA;PRD03813;;CAJA CHICA - CHUPETIN BON BON BUN X 24 UND;BOLSA;1;BOLSA;BOLSA x 1 UND;1;1;1
PRD03814;CAJA CHICA - CHUPETIN DIVERTILOLY X 50 UND;UND;CAJA CHICA;PRD03814;;CAJA CHICA - CHUPETIN DIVERTILOLY X 50 UND;BOLSA;1;BOLSA;BOLSA x 1 UND;1;1;1
PRD03815;CAJA CHICA - CHUPETIN GLOBO POP SURTIDO X 24 UND;UND;CAJA CHICA;PRD03815;;CAJA CHICA - CHUPETIN GLOBO POP SURTIDO X 24 UND;BOLSA;1;BOLSA;BOLSA x 1 UND;1;1;1
PRD03816;CAJA CHICA - CHUPETIN TIPITIN X 50 UND;UND;CAJA CHICA;PRD03816;;CAJA CHICA - CHUPETIN TIPITIN X 50 UND;BOLSA;1;BOLSA;BOLSA x 1 UND;1;1;1
PRD03817;CAJA CHICA - COCOA WINTER X 160 GR;UND;CAJA CHICA;PRD03817;;CAJA CHICA - COCOA WINTER X 160 GR;BOLSA;1;BOLSA;BOLSA x 1 UND;1;1;1
PRD03818;CAJA CHICA - COCOA WINTER X 45 GR;UND;CAJA CHICA;PRD03818;;CAJA CHICA - COCOA WINTER X 45 GR;BOLSA;1;BOLSA;BOLSA x 1 UND;1;1;1
PRD03819;CAJA CHICA - EMULSIFICANTE LEVAPAN X 1 KG;KG;CAJA CHICA;PRD03819;;CAJA CHICA - EMULSIFICANTE LEVAPAN X 1 KG;PAQUETE;1;PAQUETE;PAQUETE x 1 KG;1;1;1
PRD03820;CAJA CHICA - FREE PAPA ONDULADA X 16 GR;UND;CAJA CHICA;PRD03820;;CAJA CHICA - FREE PAPA ONDULADA X 16 GR;UNIDAD;1;UNIDAD;UNIDAD x 1 UND;1;1;1
PRD03821;CAJA CHICA - FREE PAPAS KARINTO X 23 GR;UND;CAJA CHICA;PRD03821;;CAJA CHICA - FREE PAPAS KARINTO X 23 GR;UNIDAD;1;UNIDAD;UNIDAD x 1 UND;1;1;1
PRD03822;CAJA CHICA - FREE PAPAS PICANTE X 23 GR;UND;CAJA CHICA;PRD03822;;CAJA CHICA - FREE PAPAS PICANTE X 23 GR;UNIDAD;1;UNIDAD;UNIDAD x 1 UND;1;1;1
PRD03823;CAJA CHICA - GALLETA CASINO COCO X 51 GR X 6 UND;UND;CAJA CHICA;PRD03823;;CAJA CHICA - GALLETA CASINO COCO X 51 GR X 6 UND;PAQUETE;1;PAQUETE;PAQUETE x 1 UND;1;1;1
PRD03824;CAJA CHICA - GALLETA CRACK DIAS X 34 GR X 6 UND;UND;CAJA CHICA;PRD03824;;CAJA CHICA - GALLETA CRACK DIAS X 34 GR X 6 UND;PAQUETE;1;PAQUETE;PAQUETE x 1 UND;1;1;1
PRD03825;CAJA CHICA - GALLETA GLACITAS CHOCO NIEVES X 32 GR X6 UND;UND;CAJA CHICA;PRD03825;;CAJA CHICA - GALLETA GLACITAS CHOCO NIEVES X 32 GR X6 UND;PAQUETE;1;PAQUETE;PAQUETE x 1 UND;1;1;1
PRD03826;CAJA CHICA - GALLETA RELLENA COCO X 24 GR X 6 UND;UND;CAJA CHICA;PRD03826;;CAJA CHICA - GALLETA RELLENA COCO X 24 GR X 6 UND;PAQUETE;1;PAQUETE;PAQUETE x 1 UND;1;1;1
PRD03827;CAJA CHICA - GALLETA SODA SAN JORGE X 32 GR X 6 UND;UND;CAJA CHICA;PRD03827;;CAJA CHICA - GALLETA SODA SAN JORGE X 32 GR X 6 UND;PAQUETE;1;PAQUETE;PAQUETE x 1 UND;1;1;1
PRD03828;CAJA CHICA - GALLETA SODA V VICTORIA X 34 GR X 6 UND;UND;CAJA CHICA;PRD03828;;CAJA CHICA - GALLETA SODA V VICTORIA X 34 GR X 6 UND;PAQUETE;1;PAQUETE;PAQUETE x 1 UND;1;1;1
PRD03829;CAJA CHICA - GLOBO POP LECHE X 20 UND;UND;CAJA CHICA;PRD03829;;CAJA CHICA - GLOBO POP LECHE X 20 UND;BOLSA;1;BOLSA;BOLSA x 1 UND;1;1;1
PRD03830;CAJA CHICA - GOMITASFRUGELE AMBROSOLI X 100 UND;UND;CAJA CHICA;PRD03830;;CAJA CHICA - GOMITASFRUGELE AMBROSOLI X 100 UND;BOLSA;1;BOLSA;BOLSA x 1 UND;1;1;1
PRD03831;CAJA CHICA - GRAGEA GRANEL X KG;KG;CAJA CHICA;PRD03831;;CAJA CHICA - GRAGEA GRANEL X KG;KILOGRAMO;1;KILOGRAMO;KILOGRAMO x 1 KG;1;1;1
PRD03832;CAJA CHICA - GRETEAL MANJAR X 6 UND;UND;CAJA CHICA;PRD03832;;CAJA CHICA - GRETEAL MANJAR X 6 UND;PAQUETE;1;PAQUETE;PAQUETE x 1 UND;1;1;1
PRD03833;CAJA CHICA - INCA CHIPS CHIFLE CLASSICA X 90 GR;UND;CAJA CHICA;PRD03833;;CAJA CHICA - INCA CHIPS CHIFLE CLASSICA X 90 GR;UNIDAD;1;UNIDAD;UNIDAD x 1 UND;1;1;1
PRD03834;CAJA CHICA - INCA CHIPS CHIFLE DULCE X 90 GR;UND;CAJA CHICA;PRD03834;;CAJA CHICA - INCA CHIPS CHIFLE DULCE X 90 GR;UNIDAD;1;UNIDAD;UNIDAD x 1 UND;1;1;1
PRD03835;CAJA CHICA - INCA CHIPS CHIFLE NATURAL X 90 GR;UND;CAJA CHICA;PRD03835;;CAJA CHICA - INCA CHIPS CHIFLE NATURAL X 90 GR;UNIDAD;1;UNIDAD;UNIDAD x 1 UND;1;1;1
PRD03836;CAJA CHICA - JALEA LEVAPAN X 1 KG;KG;CAJA CHICA;PRD03836;;CAJA CHICA - JALEA LEVAPAN X 1 KG;POTE;1;POTE;POTE x 1 KG;1;1;1
PRD03837;CAJA CHICA - KARINTRIXS QUESO X 12 GR;UND;CAJA CHICA;PRD03837;;CAJA CHICA - KARINTRIXS QUESO X 12 GR;UNIDAD;1;UNIDAD;UNIDAD x 1 UND;1;1;1
PRD03838;CAJA CHICA - MANI PICANTE X 30 GR;UND;CAJA CHICA;PRD03838;;CAJA CHICA - MANI PICANTE X 30 GR;UNIDAD;1;UNIDAD;UNIDAD x 1 UND;1;1;1
PRD03839;CAJA CHICA - MASTICABLE HELLO KITTY X 100 UND;UND;CAJA CHICA;PRD03839;;CAJA CHICA - MASTICABLE HELLO KITTY X 100 UND;BOLSA;1;BOLSA;BOLSA x 1 UND;1;1;1
PRD03840;CAJA CHICA - MASTIFRUT DOBLE X 100 UND;UND;CAJA CHICA;PRD03840;;CAJA CHICA - MASTIFRUT DOBLE X 100 UND;BOLSA;1;BOLSA;BOLSA x 1 UND;1;1;1
PRD03841;CAJA CHICA - MINI CHIN CHIN X 32 UND;UND;CAJA CHICA;PRD03841;;CAJA CHICA - MINI CHIN CHIN X 32 UND;BOLSA;1;BOLSA;BOLSA x 1 UND;1;1;1
PRD03842;CAJA CHICA - OLD ENGLAND TOFFE X 80 UND;UND;CAJA CHICA;PRD03842;;CAJA CHICA - OLD ENGLAND TOFFE X 80 UND;BOLSA;1;BOLSA;BOLSA x 1 UND;1;1;1
PRD03843;CAJA CHICA - PAPA LAYS CLASSICA X 16 GR;UND;CAJA CHICA;PRD03843;;CAJA CHICA - PAPA LAYS CLASSICA X 16 GR;UNIDAD;1;UNIDAD;UNIDAD x 1 UND;1;1;1
PRD03844;CAJA CHICA - PAPA LAYS MAYONESSA X 16 GR;UND;CAJA CHICA;PRD03844;;CAJA CHICA - PAPA LAYS MAYONESSA X 16 GR;UNIDAD;1;UNIDAD;UNIDAD x 1 UND;1;1;1
PRD03845;CAJA CHICA - PAPA LAYS POLLO A LA BRASA X 16 GR;UND;CAJA CHICA;PRD03845;;CAJA CHICA - PAPA LAYS POLLO A LA BRASA X 16 GR;BOLSA;1;BOLSA;BOLSA x 1 UND;1;1;1
PRD03846;CAJA CHICA - PECANA PELADA X 85 GR;UND;CAJA CHICA;PRD03846;;CAJA CHICA - PECANA PELADA X 85 GR;BOLSA;1;BOLSA;BOLSA x 1 UND;1;1;1
PRD03847;CAJA CHICA - PRE MEZCLA P/ KEKE DE NARANJA X 1 KG;KG;CAJA CHICA;PRD03847;;CAJA CHICA - PRE MEZCLA P/ KEKE DE NARANJA X 1 KG;BOLSA;1;BOLSA;BOLSA x 1 KG;1;1;1
PRD03848;CAJA CHICA - SNACK MUNCHOS REJILLAS X 16 GR;UND;CAJA CHICA;PRD03848;;CAJA CHICA - SNACK MUNCHOS REJILLAS X 16 GR;UNIDAD;1;UNIDAD;UNIDAD x 1 UND;1;1;1
PRD03849;CAJA CHICA - SODA SAN JORGE 34GR X 6 UND;UND;CAJA CHICA;PRD03849;;CAJA CHICA - SODA SAN JORGE 34GR X 6 UND;PAQUETE;1;PAQUETE;PAQUETE x 1 UND;1;1;1
PRD03850;CAJA CHICA - TOFFE CAFÉ GOURMET X 100 UND;UND;CAJA CHICA;PRD03850;;CAJA CHICA - TOFFE CAFÉ GOURMET X 100 UND;BOLSA;1;BOLSA;BOLSA x 1 UND;1;1;1
PRD03851;CAJA CHICA - TOFFE DE LECHE X 110 UND;UND;CAJA CHICA;PRD03851;;CAJA CHICA - TOFFE DE LECHE X 110 UND;BOLSA;1;BOLSA;BOLSA x 1 UND;1;1;1
PRD03852;CAJA CHICA - TOFFE GOLDEN WINTER X 100 UND;UND;CAJA CHICA;PRD03852;;CAJA CHICA - TOFFE GOLDEN WINTER X 100 UND;BOLSA;1;BOLSA;BOLSA x 1 UND;1;1;1
PRD03853;CAJA CHICA - TOFFE MAXI WINTER X 50UND;UND;CAJA CHICA;PRD03853;;CAJA CHICA - TOFFE MAXI WINTER X 50UND;BOLSA;1;BOLSA;BOLSA x 1 UND;1;1;1
PRD03854;CAJA CHICA - TOFFE OLD ENGLAND X 80 UND;UND;CAJA CHICA;PRD03854;;CAJA CHICA - TOFFE OLD ENGLAND X 80 UND;BOLSA;1;BOLSA;BOLSA x 1 UND;1;1;1
PRD03855;CAJA CHICA - TRIFRUNA AMBROSOLI X 70 UND;UND;CAJA CHICA;PRD03855;;CAJA CHICA - TRIFRUNA AMBROSOLI X 70 UND;BOLSA;1;BOLSA;BOLSA x 1 UND;1;1;1
PRD03856;CAJA CHICA - TRIFRUNA DE AMBROSOLI X 70 UN;UND;CAJA CHICA;PRD03856;;CAJA CHICA - TRIFRUNA DE AMBROSOLI X 70 UN;BOLSA;1;BOLSA;BOLSA x 1 UND;1;1;1
PRD03857;CAJA CHICA - WAFER WAZZU X 32 GR X 6 UND;UND;CAJA CHICA;PRD03857;;CAJA CHICA - WAFER WAZZU X 32 GR X 6 UND;PAQUETE;1;PAQUETE;PAQUETE x 1 UND;1;1;1
PRD03858;CAJA CHICA - CHANTILLY LEVAPAN;KG;CAJA CHICA;PRD03858;;CAJA CHICA - CHANTILLY LEVAPAN;KILOGRAMO;1;KILOGRAMO;KILOGRAMO x 1 KG;1;1;1
PRD03859;CAJA CHICA - LANGOSTINOS MEDIANO X KG;KG;CAJA CHICA;PRD03859;;CAJA CHICA - LANGOSTINOS MEDIANO X KG;KILOGRAMO;1;KILOGRAMO;KILOGRAMO x 1 KG;1;1;1
PRD03860;CAJA CHICA - SALMON AHUMADO X KG;KG;CAJA CHICA;PRD03860;;CAJA CHICA - SALMON AHUMADO X KG;KILOGRAMO;1;KILOGRAMO;KILOGRAMO x 1 KG;1;1;1
PRD03861;CAJA CHICA - FILETE DE SALMON X KG;KG;CAJA CHICA;PRD03861;;CAJA CHICA - FILETE DE SALMON X KG;KILOGRAMO;1;KILOGRAMO;KILOGRAMO x 1 KG;1;1;1
PRD03862;CAJA CHICA - CAJA COMBO DULCE;UND;CAJA CHICA;PRD03862;;CAJA CHICA - CAJA COMBO DULCE;UNIDAD;1;UNIDAD;UNIDAD x 1 UND;1;1;1
PRD03863;CAJA CHICA - CAJA COMBO SALADO;UND;CAJA CHICA;PRD03863;;CAJA CHICA - CAJA COMBO SALADO;UNIDAD;1;UNIDAD;UNIDAD x 1 UND;1;1;1
PRD03864;CAJA CHICA - SPLENDA X 300 TAB;UND;CAJA CHICA;PRD03864;;CAJA CHICA - SPLENDA X 300 TAB;UNIDAD;1;UNIDAD;UNIDAD x 1 UND;1;1;1
PRD03865;CAJA CHICA - CUCHARAS ACRILICAS X 50 UND;UND;CAJA CHICA;PRD03865;;CAJA CHICA - CUCHARAS ACRILICAS X 50 UND;PAQUETE;1;PAQUETE;PAQUETE x 1 UND;1;1;1
PRD03866;AJUAR DE BEBE 5 PIEZAS CON LOGOS SODEXO;UND;;PRD03866;;AJUAR DE BEBE 5 PIEZAS CON LOGOS SODEXO;UNIDAD;1;UNIDAD;UNIDAD x 1 UND;1;1;1
PRD03867;LLAVERO METALICO 4.6 X 2.8 CM C/LOGO SERIGRAFIADO SODEXO (LLM097);UND;;PRD03867;;LLAVERO METALICO 4.6 X 2.8 CM C/LOGO SERIGRAFIADO SODEXO (LLM097);UNIDAD;1;UNIDAD;UNIDAD x 1 UND;1;1;1
PRD03868;CAJA CHICA - BICARBONATO A GRANEL;KG;CAJA CHICA;PRD03868;;CAJA CHICA - BICARBONATO A GRANEL;KILOGRAMO;1;KILOGRAMO;KILOGRAMO x 1 KG;1;1;1
PRD03869;CAJA CHICA - MANJAR NESTLE 1 KG;KG;CAJA CHICA;PRD03869;;CAJA CHICA - MANJAR NESTLE 1 KG;BOLSA;1;BOLSA;BOLSA x 1 KG;1;1;1
PRD03870;CAJA CHICA - MANJAR BLANCO LEVAPAN X 19 LT;UND;CAJA CHICA;PRD03870;;CAJA CHICA - MANJAR BLANCO LEVAPAN X 19 LT;BALDE;1;BALDE;BALDE x 1 UND;1;1;1
PRD03871;CAJA CHICA - BICARBONATO RIKOS X 20 GR;UND;CAJA CHICA;PRD03871;;CAJA CHICA - BICARBONATO RIKOS X 20 GR;BOLSA;1;BOLSA;BOLSA x 1 UND;1;1;1
PRD03872;CAJA CHICA - PISO P/TORTA GRANDE TECNOPOR;UND;CAJA CHICA;PRD03872;;CAJA CHICA - PISO P/TORTA GRANDE TECNOPOR;UNIDAD;1;UNIDAD;UNIDAD x 1 UND;1;1;1
PRD03873;CAJA CHICA - PISO P/TORTA CHICA TECNOPOR;UND;CAJA CHICA;PRD03873;;CAJA CHICA - PISO P/TORTA CHICA TECNOPOR;UNIDAD;1;UNIDAD;UNIDAD x 1 UND;1;1;1
PRD03874;CAJA CHICA - BISCOCHUELO FLEISHMAN X 5 KG;UND;CAJA CHICA;PRD03874;;CAJA CHICA - BISCOCHUELO FLEISHMAN X 5 KG;BOLSA;1;BOLSA;BOLSA x 1 UND;1;1;1
PRD03875;CAJA CHICA - PRE MEZCLA KKE NARANJA X 1KG;KG;CAJA CHICA;PRD03875;;CAJA CHICA - PRE MEZCLA KKE NARANJA X 1KG;BOLSA;1;BOLSA;BOLSA x 1 KG;1;1;1
PRD03876;CAJA CHICA - CIGARRO HAMILTON LIGTH X 20 UND;UND;CAJA CHICA;PRD03876;;CAJA CHICA - CIGARRO HAMILTON LIGTH X 20 UND;CAJA;1;CAJA;CAJA x 1 UND;1;1;1
PRD03877;CAJA CHICA - GALLETA CASINO CHOCOLATE X 6 UND;UND;CAJA CHICA;PRD03877;;CAJA CHICA - GALLETA CASINO CHOCOLATE X 6 UND;PAQUETE;1;PAQUETE;PAQUETE x 1 UND;1;1;1
PRD03878;CAJA CHICA - GALLETA CASINO ALFAJOR X 6 UND;UND;CAJA CHICA;PRD03878;;CAJA CHICA - GALLETA CASINO ALFAJOR X 6 UND;PAQUETE;1;PAQUETE;PAQUETE x 1 UND;1;1;1
PRD03879;CAJA CHICA - GRETEL CHOCOLATE X 6 UND;UND;CAJA CHICA;PRD03879;;CAJA CHICA - GRETEL CHOCOLATE X 6 UND;PAQUETE;1;PAQUETE;PAQUETE x 1 UND;1;1;1
PRD03880;CAJA CHICA - GALLETA CHARADA MANI X 6 UND;UND;CAJA CHICA;PRD03880;;CAJA CHICA - GALLETA CHARADA MANI X 6 UND;PAQUETE;1;PAQUETE;PAQUETE x 1 UND;1;1;1
PRD03881;CAJA CHICA - KRAP DIA PACK 19 X 6 UND;UND;CAJA CHICA;PRD03881;;CAJA CHICA - KRAP DIA PACK 19 X 6 UND;PAQUETE;1;PAQUETE;PAQUETE x 1 UND;1;1;1
PRD03882;CAJA CHICA - CARAMELO DE LECHE X 100 UND;UND;CAJA CHICA;PRD03882;;CAJA CHICA - CARAMELO DE LECHE X 100 UND;BOLSA;1;BOLSA;BOLSA x 1 UND;1;1;1
PRD03883;CAJA CHICA - PIROTIN BLANCO # 1 X 1000 UND;UND;CAJA CHICA;PRD03883;;CAJA CHICA - PIROTIN BLANCO # 1 X 1000 UND;PAQUETE;1;PAQUETE;PAQUETE x 1 UND;1;1;1
PRD03884;CAJA CHICA - POLVO DE HORNEAR ARO X I KG;UND;CAJA CHICA;PRD03884;;CAJA CHICA - POLVO DE HORNEAR ARO X I KG;BOLSA;1;BOLSA;BOLSA x 1 UND;1;1;1
PRD03885;CAJA CHICA - PEPINILLOS ENCURTIDOS X KG;UND;CAJA CHICA;PRD03885;;CAJA CHICA - PEPINILLOS ENCURTIDOS X KG;BOLSA;1;BOLSA;BOLSA x 1 UND;1;1;1
PRD03886;CAJA CHICA - PEPINILLO BB ENCURTIDO X KG;UND;CAJA CHICA;PRD03886;;CAJA CHICA - PEPINILLO BB ENCURTIDO X KG;BOLSA;1;BOLSA;BOLSA x 1 UND;1;1;1
PRD03887;CAJA CHICA - GASEOSA SCHWEPPES X 500 ML;UND;CAJA CHICA;PRD03887;;CAJA CHICA - GASEOSA SCHWEPPES X 500 ML;BOTELLA;1;BOTELLA;BOTELLA x 1 UND;1;1;1
PRD03888;CAJA CHICA - BIFE ANGOSTO AMERICANO REFRIGERADO X KG;KG;CAJA CHICA;PRD03888;;CAJA CHICA - BIFE ANGOSTO AMERICANO REFRIGERADO X KG;KILOGRAMO;1;KILOGRAMO;KILOGRAMO x 1 KG;1;1;1
PRD03889;CAJA CHICA - BIFE ANCHO AMERICANO REFRIGERADO X KG;KG;CAJA CHICA;PRD03889;;CAJA CHICA - BIFE ANCHO AMERICANO REFRIGERADO X KG;KILOGRAMO;1;KILOGRAMO;KILOGRAMO x 1 KG;1;1;1
PRD03890;CAJA CHICA - LEJIA CLOROX TRADICIONAL X 4 LT;UND;CAJA CHICA;PRD03890;;CAJA CHICA - LEJIA CLOROX TRADICIONAL X 4 LT;GALON;1;GALON;GALON x 1 UND;1;1;1
PRD03891;CAJA CHICA - VINO TABERNERO BORGOÑA (750ML);UND;CAJA CHICA;PRD03891;;CAJA CHICA - VINO TABERNERO BORGOÑA (750ML);BOTELLA;1;BOTELLA;BOTELLA x 1 UND;1;1;1
PRD03892;CAJA CHICA - VINO TACAMA TINTO (750ML);UND;CAJA CHICA;PRD03892;;CAJA CHICA - VINO TACAMA TINTO (750ML);BOTELLA;1;BOTELLA;BOTELLA x 1 UND;1;1;1
PRD03893;CAJA CHICA - PISCO BUENA COSECHA QUEBRANTA (1 LT);L;CAJA CHICA;PRD03893;;CAJA CHICA - PISCO BUENA COSECHA QUEBRANTA (1 LT);BOTELLA;1;BOTELLA;BOTELLA x 1 L;1;1;1
PRD03894;CAJA CHICA - DELFIN DE CHOCOLATE CHICO;UND;CAJA CHICA;PRD03894;;CAJA CHICA - DELFIN DE CHOCOLATE CHICO;UNIDAD;1;UNIDAD;UNIDAD x 1 UND;1;1;1
PRD03895;CAJA CHICA - CHAMPAGNE PREMIER (750 ML);UND;CAJA CHICA;PRD03895;;CAJA CHICA - CHAMPAGNE PREMIER (750 ML);BOTELLA;1;BOTELLA;BOTELLA x 1 UND;1;1;1
PRD03896;CAJA CHICA - SALSA PICNIC HEINZ X 375 ML;UND;CAJA CHICA;PRD03896;;CAJA CHICA - SALSA PICNIC HEINZ X 375 ML;FRASCO;1;FRASCO;FRASCO x 1 UND;1;1;1
PRD03897;CAJA CHICA - ADEREZO MILS ISLAS X 443 GR;UND;CAJA CHICA;PRD03897;;CAJA CHICA - ADEREZO MILS ISLAS X 443 GR;FRASCO;1;FRASCO;FRASCO x 1 UND;1;1;1
PRD03898;CAJA CHICA - ADEREZO RANCHERO X 443 GR;UND;CAJA CHICA;PRD03898;;CAJA CHICA - ADEREZO RANCHERO X 443 GR;FRASCO;1;FRASCO;FRASCO x 1 UND;1;1;1
PRD03899;CAJA CHICA - PAN HOT DOG;UND;CAJA CHICA;PRD03899;;CAJA CHICA - PAN HOT DOG;UNIDAD;1;UNIDAD;UNIDAD x 1 UND;1;1;1
PRD03900;CAJA CHICA - HAMBURGUESA DE RES X KG;KG;CAJA CHICA;PRD03900;;CAJA CHICA - HAMBURGUESA DE RES X KG;KILOGRAMO;1;KILOGRAMO;KILOGRAMO x 1 KG;1;1;1
PRD03901;CAJA CHICA - CHORIZO ARGENTINO KG;KG;CAJA CHICA;PRD03901;;CAJA CHICA - CHORIZO ARGENTINO KG;KILOGRAMO;1;KILOGRAMO;KILOGRAMO x 1 KG;1;1;1
PRD03902;CAJA CHICA - SALCHICHA FRANFURT KG;KG;CAJA CHICA;PRD03902;;CAJA CHICA - SALCHICHA FRANFURT KG;KILOGRAMO;1;KILOGRAMO;KILOGRAMO x 1 KG;1;1;1
PRD03903;CAJA CHICA - KIWI;KG;CAJA CHICA;PRD03903;;CAJA CHICA - KIWI;KILOGRAMO;1;KILOGRAMO;KILOGRAMO x 1 KG;1;1;1
PRD03904;CAJA CHICA - CHANTILLY EN POLVO X 50 GR;UND;CAJA CHICA;PRD03904;;CAJA CHICA - CHANTILLY EN POLVO X 50 GR;UNIDAD;1;UNIDAD;UNIDAD x 1 UND;1;1;1
PRD03905;CAJA CHICA - CALDO DE GALLINA DOÑA GUSTA X 500 GR;UND;CAJA CHICA;PRD03905;;CAJA CHICA - CALDO DE GALLINA DOÑA GUSTA X 500 GR;UNIDAD;1;UNIDAD;UNIDAD x 1 UND;1;1;1
PRD03906;CAJA CHICA - POLLO SIN MENUDENCIA X KG;KG;CAJA CHICA;PRD03906;;CAJA CHICA - POLLO SIN MENUDENCIA X KG;KILOGRAMO;1;KILOGRAMO;KILOGRAMO x 1 KG;1;1;1
PRD03907;CAJA CHICA - HIELO X 4 KG;UND;CAJA CHICA;PRD03907;;CAJA CHICA - HIELO X 4 KG;BOLSA;1;BOLSA;BOLSA x 1 UND;1;1;1
PRD03908;CAJA CHICA - ESENCIA DE ANIS X GALON 0.8 KG;UND;CAJA CHICA;PRD03908;;CAJA CHICA - ESENCIA DE ANIS X GALON 0.8 KG;UNIDAD;1;UNIDAD;UNIDAD x 1 UND;1;1;1
PRD03909;CAJA CHICA - ESENCIA DE NARANJA X GALON 3 KG;UND;CAJA CHICA;PRD03909;;CAJA CHICA - ESENCIA DE NARANJA X GALON 3 KG;UNIDAD;1;UNIDAD;UNIDAD x 1 UND;1;1;1
PRD03910;CAJA CHICA - CAKE NARANJA WONG;UND;CAJA CHICA;PRD03910;;CAJA CHICA - CAKE NARANJA WONG;UNIDAD;1;UNIDAD;UNIDAD x 1 UND;1;1;1
PRD03911;CAJA CHICA - FANTA KOLA INGLESA X 1.75 LT;UND;CAJA CHICA;PRD03911;;CAJA CHICA - FANTA KOLA INGLESA X 1.75 LT;BOTELLA;1;BOTELLA;BOTELLA x 1 UND;1;1;1
PRD03912;CAJA CHICA - EDULCORANTE WONG TABLETA X 100;UND;CAJA CHICA;PRD03912;;CAJA CHICA - EDULCORANTE WONG TABLETA X 100;PAQUETE;1;PAQUETE;PAQUETE x 1 UND;1;1;1
PRD03913;CAJA CHICA - EDULCORANTE SPLENDA X 100 SOBRE;UND;CAJA CHICA;PRD03913;;CAJA CHICA - EDULCORANTE SPLENDA X 100 SOBRE;CAJA;1;CAJA;CAJA x 1 UND;1;1;1
PRD03914;CAJA CHICA - AGUA SAN MATEO SIN GAS X 300 ML;UND;CAJA CHICA;PRD03914;;CAJA CHICA - AGUA SAN MATEO SIN GAS X 300 ML;BOTELLA;1;BOTELLA;BOTELLA x 1 UND;1;1;1
PRD03915;CAJA CHICA - JABON ANTIBACTERIAL PROTEX 75 GR;UND;CAJA CHICA;PRD03915;;CAJA CHICA - JABON ANTIBACTERIAL PROTEX 75 GR;UNIDAD;1;UNIDAD;UNIDAD x 1 UND;1;1;1
PRD03916;CAJA CHICA - CAPSULA CAFFE MOCHA;UND;CAJA CHICA;PRD03916;;CAJA CHICA - CAPSULA CAFFE MOCHA;UNIDAD;1;UNIDAD;UNIDAD x 1 UND;1;1;1
PRD03917;CAJA CHICA - SODA LIGHT SIX PACK;UND;CAJA CHICA;PRD03917;;CAJA CHICA - SODA LIGHT SIX PACK;PAQUETE;1;PAQUETE;PAQUETE x 1 UND;1;1;1
PRD03918;CAJA CHICA - COCA COLA X 3 LT;UND;CAJA CHICA;PRD03918;;CAJA CHICA - COCA COLA X 3 LT;UNIDAD;1;UNIDAD;UNIDAD x 1 UND;1;1;1
PRD03919;CAJA CHICA - INCA KOLA 2 X 2 1/4 LT;L;CAJA CHICA;PRD03919;;CAJA CHICA - INCA KOLA 2 X 2 1/4 LT;UNIDAD;1;UNIDAD;UNIDAD x 1 L;1;1;1
PRD03920;CAJA CHICA - GASEOSA SPRITE X 1.75 LT;UND;CAJA CHICA;PRD03920;;CAJA CHICA - GASEOSA SPRITE X 1.75 LT;UNIDAD;1;UNIDAD;UNIDAD x 1 UND;1;1;1
PRD03921;CAJA CHICA - TORTA HELADA DURAZNO;UND;CAJA CHICA;PRD03921;;CAJA CHICA - TORTA HELADA DURAZNO;UNIDAD;1;UNIDAD;UNIDAD x 1 UND;1;1;1
PRD03922;CAJA CHICA - LECHE CHOCOLATADA X 180 ML;UND;CAJA CHICA;PRD03922;;CAJA CHICA - LECHE CHOCOLATADA X 180 ML;CAJA;1;CAJA;CAJA x 1 UND;1;1;1
PRD03923;CAJA CHICA - BROCHETA # 12;UND;CAJA CHICA;PRD03923;;CAJA CHICA - BROCHETA # 12;PAQUETE;1;PAQUETE;PAQUETE x 1 UND;1;1;1
PRD03924;CAJA CHICA - GLUCOSA X 500 GR;UND;CAJA CHICA;PRD03924;;CAJA CHICA - GLUCOSA X 500 GR;FRASCO;1;FRASCO;FRASCO x 1 UND;1;1;1
PRD03925;CAJA CHICA - COLORANTE PASTICOL;UND;CAJA CHICA;PRD03925;;CAJA CHICA - COLORANTE PASTICOL;FRASCO;1;FRASCO;FRASCO x 1 UND;1;1;1
PRD03926;CAJA CHICA - ESPUMANTE ESPECIAL TABERNERO;UND;CAJA CHICA;PRD03926;;CAJA CHICA - ESPUMANTE ESPECIAL TABERNERO;UNIDAD;1;UNIDAD;UNIDAD x 1 UND;1;1;1
PRD03927;CAJA CHICA - PANETON DONOFRIO;UND;CAJA CHICA;PRD03927;;CAJA CHICA - PANETON DONOFRIO;CAJA;1;CAJA;CAJA x 1 UND;1;1;1
PRD03928;CAJA CHICA - VASO TERMICO 2 ONZAS;UND;CAJA CHICA;PRD03928;;CAJA CHICA - VASO TERMICO 2 ONZAS;UNIDAD;1;UNIDAD;UNIDAD x 1 UND;1;1;1
PRD03929;CAJA CHICA - CHOCOLATE CHIPS PARA KEKE X KG;KG;CAJA CHICA;PRD03929;;CAJA CHICA - CHOCOLATE CHIPS PARA KEKE X KG;KILOGRAMO;1;KILOGRAMO;KILOGRAMO x 1 KG;1;1;1
PRD03930;CAJA CHICA - VASO TECNOPOR 4 ONZAS;UND;CAJA CHICA;PRD03930;;CAJA CHICA - VASO TECNOPOR 4 ONZAS;UNIDAD;1;UNIDAD;UNIDAD x 1 UND;1;1;1
PRD03931;CAJA CHICA - AGUA SAN LUIS S/GAS X 625 ML;UND;CAJA CHICA;PRD03931;;CAJA CHICA - AGUA SAN LUIS S/GAS X 625 ML;UNIDAD;1;UNIDAD;UNIDAD x 1 UND;1;1;1
PRD03932;CAJA CHICA - BATIMIX X 125 ML;UND;CAJA CHICA;PRD03932;;CAJA CHICA - BATIMIX X 125 ML;UNIDAD;1;UNIDAD;UNIDAD x 1 UND;1;1;1
PRD03933;CAJA CHICA - KEKE BIMBOLETE;UND;CAJA CHICA;PRD03933;;CAJA CHICA - KEKE BIMBOLETE;UNIDAD;1;UNIDAD;UNIDAD x 1 UND;1;1;1
PRD03934;CAJA CHICA - CAFE PARA PASAR CUMBRE 0.5 KG;UND;CAJA CHICA;PRD03934;;CAJA CHICA - CAFE PARA PASAR CUMBRE 0.5 KG;BOLSA;1;BOLSA;BOLSA x 1 UND;1;1;1
PRD03935;CAJA CHICA - PASTA WANTAN KG;KG;CAJA CHICA;PRD03935;;CAJA CHICA - PASTA WANTAN KG;KILOGRAMO;1;KILOGRAMO;KILOGRAMO x 1 KG;1;1;1
PRD03936;CAJA CHICA - ALMENDRA NATURAL X 180 GR;UND;CAJA CHICA;PRD03936;;CAJA CHICA - ALMENDRA NATURAL X 180 GR;BOLSA;1;BOLSA;BOLSA x 1 UND;1;1;1
PRD03937;CAJA CHICA - PLANCHA DE SERVILLETAS;UND;CAJA CHICA;PRD03937;;CAJA CHICA - PLANCHA DE SERVILLETAS;UNIDAD;1;UNIDAD;UNIDAD x 1 UND;1;1;1
PRD03938;CAJA CHICA - AVENA QUAKER X 160 GR;UND;CAJA CHICA;PRD03938;;CAJA CHICA - AVENA QUAKER X 160 GR;UNIDAD;1;UNIDAD;UNIDAD x 1 UND;1;1;1
PRD03939;CAJA CHICA - CALDO DE GALLINA X 1 KG;KG;CAJA CHICA;PRD03939;;CAJA CHICA - CALDO DE GALLINA X 1 KG;KILOGRAMO;1;KILOGRAMO;KILOGRAMO x 1 KG;1;1;1
PRD03940;CAJA CHICA - RED BULL ENERGIZANT ENERGY DRINK;UND;CAJA CHICA;PRD03940;;CAJA CHICA - RED BULL ENERGIZANT ENERGY DRINK;LATA;1;LATA;LATA x 1 UND;1;1;1
PRD03941;CAJA CHICA - PILAS DURACELL AAA 2 UND;UND;CAJA CHICA;PRD03941;;CAJA CHICA - PILAS DURACELL AAA 2 UND;PAR;1;PAR;PAR x 1 UND;1;1;1
PRD03942;CAJA CHICA - ANCHOVETA ENTERA EN SALSA DE TOMATE X 400 GR;UND;CAJA CHICA;PRD03942;;CAJA CHICA - ANCHOVETA ENTERA EN SALSA DE TOMATE X 400 GR;UNIDAD;1;UNIDAD;UNIDAD x 1 UND;1;1;1
PRD03943;CAJA CHICA - MAICENA NEGRITA X 180 GR;UND;CAJA CHICA;PRD03943;;CAJA CHICA - MAICENA NEGRITA X 180 GR;UNIDAD;1;UNIDAD;UNIDAD x 1 UND;1;1;1
PRD03944;CAJA CHICA - MAYONESA X 500GR;UND;CAJA CHICA;PRD03944;;CAJA CHICA - MAYONESA X 500GR;UNIDAD;1;UNIDAD;UNIDAD x 1 UND;1;1;1
PRD03945;CAJA CHICA - PAPA FRITA X PORCION;UND;CAJA CHICA;PRD03945;;CAJA CHICA - PAPA FRITA X PORCION;UNIDAD;1;UNIDAD;UNIDAD x 1 UND;1;1;1
PRD03946;CAJA CHICA - POLLO ROSTIZADO X UND;UND;CAJA CHICA;PRD03946;;CAJA CHICA - POLLO ROSTIZADO X UND;UNIDAD;1;UNIDAD;UNIDAD x 1 UND;1;1;1
PRD03947;CAJA CHICA - FANTA NARANJA X 1.75 LT;UND;CAJA CHICA;PRD03947;;CAJA CHICA - FANTA NARANJA X 1.75 LT;BOTELLA;1;BOTELLA;BOTELLA x 1 UND;1;1;1
PRD03948;CAJA CHICA - TORTA DELICIA FRESA;UND;CAJA CHICA;PRD03948;;CAJA CHICA - TORTA DELICIA FRESA;UNIDAD;1;UNIDAD;UNIDAD x 1 UND;1;1;1
PRD03949;CAJA CHICA - SIX PACK SODA FIEL;UND;CAJA CHICA;PRD03949;;CAJA CHICA - SIX PACK SODA FIEL;PAQUETE;1;PAQUETE;PAQUETE x 1 UND;1;1;1
PRD03950;CAJA CHICA - SODA V SIX PACK;UND;CAJA CHICA;PRD03950;;CAJA CHICA - SODA V SIX PACK;PAQUETE;1;PAQUETE;PAQUETE x 1 UND;1;1;1
PRD03951;CAJA CHICA - TORTA HELADA FRESA;UND;CAJA CHICA;PRD03951;;CAJA CHICA - TORTA HELADA FRESA;UNIDAD;1;UNIDAD;UNIDAD x 1 UND;1;1;1
PRD03952;CAJA CHICA - LAYS 185GR + PIQUEO 230;UND;CAJA CHICA;PRD03952;;CAJA CHICA - LAYS 185GR + PIQUEO 230;PAQUETE;1;PAQUETE;PAQUETE x 1 UND;1;1;1
PRD03953;CAJA CHICA - CRUSH PIÑA X 3 LT;UND;CAJA CHICA;PRD03953;;CAJA CHICA - CRUSH PIÑA X 3 LT;UNIDAD;1;UNIDAD;UNIDAD x 1 UND;1;1;1
PRD03954;CAJA CHICA - AGUA SOCOSANI X 500 ML;UND;CAJA CHICA;PRD03954;;CAJA CHICA - AGUA SOCOSANI X 500 ML;BOTELLA;1;BOTELLA;BOTELLA x 1 UND;1;1;1
PRD03955;CAJA CHICA - CHOCOLISTO X 320 GR;UND;CAJA CHICA;PRD03955;;CAJA CHICA - CHOCOLISTO X 320 GR;UNIDAD;1;UNIDAD;UNIDAD x 1 UND;1;1;1
PRD03956;CAJA CHICA - RAVIOLES DE CARNE X 500GR;UND;CAJA CHICA;PRD03956;;CAJA CHICA - RAVIOLES DE CARNE X 500GR;BOLSA;1;BOLSA;BOLSA x 1 UND;1;1;1
PRD03957;CAJA CHICA - BOLSA PARA HAMBURGUESA 6X 6 100 UND;UND;CAJA CHICA;PRD03957;;CAJA CHICA - BOLSA PARA HAMBURGUESA 6X 6 100 UND;PAQUETE;1;PAQUETE;PAQUETE x 1 UND;1;1;1
PRD03958;CAJA CHICA - LEJIA CLOROX X 639 ML;UND;CAJA CHICA;PRD03958;;CAJA CHICA - LEJIA CLOROX X 639 ML;BOTELLA;1;BOTELLA;BOTELLA x 1 UND;1;1;1
PRD03959;CAJA CHICA - SERVILLETAS ELITE 200 UNID;UND;CAJA CHICA;PRD03959;;CAJA CHICA - SERVILLETAS ELITE 200 UNID;UNIDAD;1;UNIDAD;UNIDAD x 1 UND;1;1;1
PRD03960;CAJA CHICA - CAPSULA CAFE EXPRESSO;UND;CAJA CHICA;PRD03960;;CAJA CHICA - CAPSULA CAFE EXPRESSO;UNIDAD;1;UNIDAD;UNIDAD x 1 UND;1;1;1
PRD03961;CAJA CHICA - CAPSULA CAFE BARISTA;UND;CAJA CHICA;PRD03961;;CAJA CHICA - CAPSULA CAFE BARISTA;UNIDAD;1;UNIDAD;UNIDAD x 1 UND;1;1;1
PRD03962;CAJA CHICA - CAPSULA CAFE CON LECHE;UND;CAJA CHICA;PRD03962;;CAJA CHICA - CAPSULA CAFE CON LECHE;UNIDAD;1;UNIDAD;UNIDAD x 1 UND;1;1;1
PRD03963;CAJA CHICA - CAPSULA CAFE AMERICANO;UND;CAJA CHICA;PRD03963;;CAJA CHICA - CAPSULA CAFE AMERICANO;UNIDAD;1;UNIDAD;UNIDAD x 1 UND;1;1;1
PRD03964;CAJA CHICA - CAPSULA CAFE CAPPUCCINO;UND;CAJA CHICA;PRD03964;;CAJA CHICA - CAPSULA CAFE CAPPUCCINO;UNIDAD;1;UNIDAD;UNIDAD x 1 UND;1;1;1
PRD03965;CAJA CHICA - SERVILLETAS NOBLE X 200 UND;UND;CAJA CHICA;PRD03965;;CAJA CHICA - SERVILLETAS NOBLE X 200 UND;PAQUETE;1;PAQUETE;PAQUETE x 1 UND;1;1;1
PRD03966;CAJA CHICA - SERVILLETA FINA X 200 UND;UND;CAJA CHICA;PRD03966;;CAJA CHICA - SERVILLETA FINA X 200 UND;PAQUETE;1;PAQUETE;PAQUETE x 1 UND;1;1;1
PRD03967;CAJA CHICA - AYUDIN LAVAVAJILLAS LIQUIDO X 300 ML;UND;CAJA CHICA;PRD03967;;CAJA CHICA - AYUDIN LAVAVAJILLAS LIQUIDO X 300 ML;UNIDAD;1;UNIDAD;UNIDAD x 1 UND;1;1;1
PRD03968;CAJA CHICA - AYUDIN LAVAVAJILLAS LIQUIDO X 900 ML;UND;CAJA CHICA;PRD03968;;CAJA CHICA - AYUDIN LAVAVAJILLAS LIQUIDO X 900 ML;UNIDAD;1;UNIDAD;UNIDAD x 1 UND;1;1;1
PRD03969;CAJA CHICA - EMPANADA CLASICA;UND;CAJA CHICA;PRD03969;;CAJA CHICA - EMPANADA CLASICA;UNIDAD;1;UNIDAD;UNIDAD x 1 UND;1;1;1
PRD03970;CAJA CHICA - YOGURT GLORIA X 500 ML;UND;CAJA CHICA;PRD03970;;CAJA CHICA - YOGURT GLORIA X 500 ML;UNIDAD;1;UNIDAD;UNIDAD x 1 UND;1;1;1
PRD03971;CAJA CHICA - MAIZ CANCHA X5 KG;KG;CAJA CHICA;PRD03971;;CAJA CHICA - MAIZ CANCHA X5 KG;BOLSA;5;BOLSA;BOLSA x 5 KG;1;1;1
PRD03972;CAJA CHICA - HABA KARINTO;UND;CAJA CHICA;PRD03972;;CAJA CHICA - HABA KARINTO;UNIDAD;1;UNIDAD;UNIDAD x 1 UND;1;1;1
PRD03973;CAJA CHICA - HELADO SIN PARAR;UND;CAJA CHICA;PRD03973;;CAJA CHICA - HELADO SIN PARAR;UNIDAD;1;UNIDAD;UNIDAD x 1 UND;1;1;1
PRD03974;CAJA CHICA - HELADO PRINCESA 1LT;L;CAJA CHICA;PRD03974;;CAJA CHICA - HELADO PRINCESA 1LT;UNIDAD;1;UNIDAD;UNIDAD x 1 L;1;1;1
PRD03975;CAJA CHICA - TINTE ROJO PARA PANADERIA 30 ML;UND;CAJA CHICA;PRD03975;;CAJA CHICA - TINTE ROJO PARA PANADERIA 30 ML;FRASCO;1;FRASCO;FRASCO x 1 UND;1;1;1
PRD03976;CAJA CHICA - JUGOS WATSS;UND;CAJA CHICA;PRD03976;;CAJA CHICA - JUGOS WATSS;BOTELLA;1;BOTELLA;BOTELLA x 1 UND;1;1;1
PRD03977;CAJA CHICA - CHICHA MORADA GLORIA 400 ML;UND;CAJA CHICA;PRD03977;;CAJA CHICA - CHICHA MORADA GLORIA 400 ML;BOTELLA;1;BOTELLA;BOTELLA x 1 UND;1;1;1
PRD03978;CAJA CHICA - CIFRUT FRUIT 500 ML;UND;CAJA CHICA;PRD03978;;CAJA CHICA - CIFRUT FRUIT 500 ML;BOTELLA;1;BOTELLA;BOTELLA x 1 UND;1;1;1
PRD03979;CAJA CHICA - FRUGOS 236 ML;UND;CAJA CHICA;PRD03979;;CAJA CHICA - FRUGOS 236 ML;BOTELLA;1;BOTELLA;BOTELLA x 1 UND;1;1;1
PRD03980;CAJA CHICA - MANTEQUILLA GLORIA 100 GR;UND;CAJA CHICA;PRD03980;;CAJA CHICA - MANTEQUILLA GLORIA 100 GR;GRANO;1;GRANO;GRANO x 1 UND;1;1;1
PRD03981;CAJA CHICA - GASEOSA KOLA REAL 500 ML;UND;CAJA CHICA;PRD03981;;CAJA CHICA - GASEOSA KOLA REAL 500 ML;BOTELLA;1;BOTELLA;BOTELLA x 1 UND;1;1;1
PRD03982;CAJA CHICA - TAMPICO 500 ML;UND;CAJA CHICA;PRD03982;;CAJA CHICA - TAMPICO 500 ML;BOTELLA;1;BOTELLA;BOTELLA x 1 UND;1;1;1
PRD03983;CAJA CHICA - MORON X 500 GR;UND;CAJA CHICA;PRD03983;;CAJA CHICA - MORON X 500 GR;UNIDAD;1;UNIDAD;UNIDAD x 1 UND;1;1;1
PRD03984;CAJA CHICA -POLVO DE HORNEAR 25 GR;UND;CAJA CHICA;PRD03984;;CAJA CHICA -POLVO DE HORNEAR 25 GR;PAQUETE;1;PAQUETE;PAQUETE x 1 UND;1;1;1
PRD03985;CAJA CHICA - LEVADURA INSTANTÁNEA 500 GR;UND;CAJA CHICA;PRD03985;;CAJA CHICA - LEVADURA INSTANTÁNEA 500 GR;PAQUETE;1;PAQUETE;PAQUETE x 1 UND;1;1;1
PRD03986;CAJA CHICA - AJINOMIX X 25 GR;UND;CAJA CHICA;PRD03986;;CAJA CHICA - AJINOMIX X 25 GR;GRAMO;1;GRAMO;GRAMO x 1 UND;1;1;1
PRD03987;CAJA CHICA - AJO MOLIDO X KG;KG;CAJA CHICA;PRD03987;;CAJA CHICA - AJO MOLIDO X KG;KILOGRAMO;1;KILOGRAMO;KILOGRAMO x 1 KG;1;1;1
PRD03988;CAJA CHICA - ALMENDRA X 500 GR;UND;CAJA CHICA;PRD03988;;CAJA CHICA - ALMENDRA X 500 GR;GRAMO;1;GRAMO;GRAMO x 1 UND;1;1;1
PRD03989;CAJA CHICA - ANTICUCHOS X KG;KG;CAJA CHICA;PRD03989;;CAJA CHICA - ANTICUCHOS X KG;KILOGRAMO;1;KILOGRAMO;KILOGRAMO x 1 KG;1;1;1
PRD03990;CAJA CHICA - BASE DE TORTA DIAMETRO 30 CM;UND;CAJA CHICA;PRD03990;;CAJA CHICA - BASE DE TORTA DIAMETRO 30 CM;PAQUETE;1;PAQUETE;PAQUETE x 1 UND;1;1;1
PRD03991;CAJA CHICA - CAMOTE X KG;KG;CAJA CHICA;PRD03991;;CAJA CHICA - CAMOTE X KG;KILOGRAMO;1;KILOGRAMO;KILOGRAMO x 1 KG;1;1;1
PRD03992;CAJA CHICA - CANELA CHINA X 500 GR;UND;CAJA CHICA;PRD03992;;CAJA CHICA - CANELA CHINA X 500 GR;GRAMO;1;GRAMO;GRAMO x 1 UND;1;1;1
PRD03993;CAJA CHICA - CASTAÑA X 500 GR;UND;CAJA CHICA;PRD03993;;CAJA CHICA - CASTAÑA X 500 GR;GRAMO;1;GRAMO;GRAMO x 1 UND;1;1;1
PRD03994;CAJA CHICA - COCO RALLADO X 500 GR;UND;CAJA CHICA;PRD03994;;CAJA CHICA - COCO RALLADO X 500 GR;GRAMO;1;GRAMO;GRAMO x 1 UND;1;1;1
PRD03995;CAJA CHICA - EMPANADA DE CARNE X 90 GR;UND;CAJA CHICA;PRD03995;;CAJA CHICA - EMPANADA DE CARNE X 90 GR;GRAMO;1;GRAMO;GRAMO x 1 UND;1;1;1
PRD03996;CAJA CHICA - EMPANADA DE POLLO X 90 GR;UND;CAJA CHICA;PRD03996;;CAJA CHICA - EMPANADA DE POLLO X 90 GR;GRAMO;1;GRAMO;GRAMO x 1 UND;1;1;1
PRD03997;CAJA CHICA - EMPANADA MIXTA X 90 GR;UND;CAJA CHICA;PRD03997;;CAJA CHICA - EMPANADA MIXTA X 90 GR;GRAMO;1;GRAMO;GRAMO x 1 UND;1;1;1
PRD03998;CAJA CHICA - GALLETA FORTUNA X 30 GR;UND;CAJA CHICA;PRD03998;;CAJA CHICA - GALLETA FORTUNA X 30 GR;GRAMO;1;GRAMO;GRAMO x 1 UND;1;1;1
PRD03999;CAJA CHICA - GALLETA CRAKINUA 153 GR;UND;CAJA CHICA;PRD03999;;CAJA CHICA - GALLETA CRAKINUA 153 GR;GRAMO;1;GRAMO;GRAMO x 1 UND;1;1;1
PRD04000;CAJA CHICA - GALLETA INTEGRACKERS QUINUA 324 GR;UND;CAJA CHICA;PRD04000;;CAJA CHICA - GALLETA INTEGRACKERS QUINUA 324 GR;GRAMO;1;GRAMO;GRAMO x 1 UND;1;1;1
PRD04001;CAJA CHICA - GALLETA DULCE VAINILLA MARGARITA X 46.5 GR;UND;CAJA CHICA;PRD04001;;CAJA CHICA - GALLETA DULCE VAINILLA MARGARITA X 46.5 GR;GRAMO;1;GRAMO;GRAMO x 1 UND;1;1;1
PRD04002;CAJA CHICA - GALLETA SODA SAN JORGE BOLSA 90 GR;UND;CAJA CHICA;PRD04002;;CAJA CHICA - GALLETA SODA SAN JORGE BOLSA 90 GR;GRAMO;1;GRAMO;GRAMO x 1 UND;1;1;1
PRD04003;CAJA CHICA - JALEA DURAZNO X 500 GR;UND;CAJA CHICA;PRD04003;;CAJA CHICA - JALEA DURAZNO X 500 GR;GRAMO;1;GRAMO;GRAMO x 1 UND;1;1;1
PRD04004;CAJA CHICA - JALEA FRESA X 500 GR;UND;CAJA CHICA;PRD04004;;CAJA CHICA - JALEA FRESA X 500 GR;GRAMO;1;GRAMO;GRAMO x 1 UND;1;1;1
PRD04005;CAJA CHICA - KETCHUP X 500 GR;UND;CAJA CHICA;PRD04005;;CAJA CHICA - KETCHUP X 500 GR;GRAMO;1;GRAMO;GRAMO x 1 UND;1;1;1
PRD04006;CAJA CHICA - MAIZ MOTE X KG;KG;CAJA CHICA;PRD04006;;CAJA CHICA - MAIZ MOTE X KG;KILOGRAMO;1;KILOGRAMO;KILOGRAMO x 1 KG;1;1;1
PRD04007;CAJA CHICA - MASA HOJALDRE X KG;KG;CAJA CHICA;PRD04007;;CAJA CHICA - MASA HOJALDRE X KG;KILOGRAMO;1;KILOGRAMO;KILOGRAMO x 1 KG;1;1;1
PRD04008;CAJA CHICA - MELON X KG;KG;CAJA CHICA;PRD04008;;CAJA CHICA - MELON X KG;KILOGRAMO;1;KILOGRAMO;KILOGRAMO x 1 KG;1;1;1
PRD04009;CAJA CHICA - MIXO EMULSIFICANTE X GR;UND;CAJA CHICA;PRD04009;;CAJA CHICA - MIXO EMULSIFICANTE X GR;GRAMO;1;GRAMO;GRAMO x 1 UND;1;1;1
PRD04010;CAJA CHICA - MONDONGO CAU CAU X KG;KG;CAJA CHICA;PRD04010;;CAJA CHICA - MONDONGO CAU CAU X KG;KILOGRAMO;1;KILOGRAMO;KILOGRAMO x 1 KG;1;1;1
PRD04011;CAJA CHICA - MONDONGO CORTE ITALIANO X KG;KG;CAJA CHICA;PRD04011;;CAJA CHICA - MONDONGO CORTE ITALIANO X KG;KILOGRAMO;1;KILOGRAMO;KILOGRAMO x 1 KG;1;1;1
PRD04012;CAJA CHICA - NABO X KG;KG;CAJA CHICA;PRD04012;;CAJA CHICA - NABO X KG;KILOGRAMO;1;KILOGRAMO;KILOGRAMO x 1 KG;1;1;1
PRD04013;CAJA CHICA - NARANJA DE JUGO X KG;KG;CAJA CHICA;PRD04013;;CAJA CHICA - NARANJA DE JUGO X KG;KILOGRAMO;1;KILOGRAMO;KILOGRAMO x 1 KG;1;1;1
PRD04014;CAJA CHICA - OLLUCO X KG;KG;CAJA CHICA;PRD04014;;CAJA CHICA - OLLUCO X KG;KILOGRAMO;1;KILOGRAMO;KILOGRAMO x 1 KG;1;1;1
PRD04015;CAJA CHICA - PANAMITO X KG;KG;CAJA CHICA;PRD04015;;CAJA CHICA - PANAMITO X KG;KILOGRAMO;1;KILOGRAMO;KILOGRAMO x 1 KG;1;1;1
PRD04016;CAJA CHICA - PAPA BLANCA X KG;KG;CAJA CHICA;PRD04016;;CAJA CHICA - PAPA BLANCA X KG;KILOGRAMO;1;KILOGRAMO;KILOGRAMO x 1 KG;1;1;1
PRD04017;CAJA CHICA - PAPAS AL HILO X 500 GR;UND;CAJA CHICA;PRD04017;;CAJA CHICA - PAPAS AL HILO X 500 GR;GRAMO;1;GRAMO;GRAMO x 1 UND;1;1;1
PRD04018;CAJA CHICA - PECANAS X 500 GR;UND;CAJA CHICA;PRD04018;;CAJA CHICA - PECANAS X 500 GR;GRAMO;1;GRAMO;GRAMO x 1 UND;1;1;1
PRD04019;CAJA CHICA - PROSCIUTO X 500 GR;UND;CAJA CHICA;PRD04019;;CAJA CHICA - PROSCIUTO X 500 GR;GRAMO;1;GRAMO;GRAMO x 1 UND;1;1;1
PRD04020;CAJA CHICA - QUESO CREAM CHEESE DELICE CAJA 227 GR;UND;CAJA CHICA;PRD04020;;CAJA CHICA - QUESO CREAM CHEESE DELICE CAJA 227 GR;GRAMO;1;GRAMO;GRAMO x 1 UND;1;1;1
PRD04021;CAJA CHICA - RABANITO X KG;KG;CAJA CHICA;PRD04021;;CAJA CHICA - RABANITO X KG;KILOGRAMO;1;KILOGRAMO;KILOGRAMO x 1 KG;1;1;1
PRD04022;CAJA CHICA - SALAME X 500 GR;UND;CAJA CHICA;PRD04022;;CAJA CHICA - SALAME X 500 GR;GRAMO;1;GRAMO;GRAMO x 1 UND;1;1;1
PRD04023;CAJA CHICA - SALSA MENSI KIKKO X 350 ML;L;CAJA CHICA;PRD04023;;CAJA CHICA - SALSA MENSI KIKKO X 350 ML;LITRO;1;LITRO;LITRO x 1 L;1;1;1
PRD04024;CAJA CHICA - SEMOLA (EN LAS VALIDACIONES VIENEN EN 25 KG Y S;KG;CAJA CHICA;PRD04024;;CAJA CHICA - SEMOLA (EN LAS VALIDACIONES VIENEN EN 25 KG Y S;KILOGRAMO;1;KILOGRAMO;KILOGRAMO x 1 KG;1;1;1
PRD04025;CAJA CHICA - SIU MAI DE CERDO BOLSA X 24 UND;UND;CAJA CHICA;PRD04025;;CAJA CHICA - SIU MAI DE CERDO BOLSA X 24 UND;UNIDAD;1;UNIDAD;UNIDAD x 1 UND;1;1;1
PRD04026;CAJA CHICA - TRIGO PELADO X KG;KG;CAJA CHICA;PRD04026;;CAJA CHICA - TRIGO PELADO X KG;KILOGRAMO;1;KILOGRAMO;KILOGRAMO x 1 KG;1;1;1
PRD04027;CAJA CHICA - UVA RED GLOBE X KG;KG;CAJA CHICA;PRD04027;;CAJA CHICA - UVA RED GLOBE X KG;KILOGRAMO;1;KILOGRAMO;KILOGRAMO x 1 KG;1;1;1
PRD04028;CAJA CHICA - CARAMELO MENTA CHOCOLATE 365 GR;UND;CAJA CHICA;PRD04028;;CAJA CHICA - CARAMELO MENTA CHOCOLATE 365 GR;GRAMO;1;GRAMO;GRAMO x 1 UND;1;1;1
PRD04029;CAJA CHICA - GALLETAS PICARAS X 40 GR;UND;CAJA CHICA;PRD04029;;CAJA CHICA - GALLETAS PICARAS X 40 GR;PAQUETE;1;PAQUETE;PAQUETE x 1 UND;1;1;1
PRD04030;CAJA CHICA - LECHE EVAPORADA BOLSITARRO X 400 GR;UND;CAJA CHICA;PRD04030;;CAJA CHICA - LECHE EVAPORADA BOLSITARRO X 400 GR;PAQUETE;1;PAQUETE;PAQUETE x 1 UND;1;1;1
PRD04031;CAJA CHICA - PANELA GRANULADA X 500 GR;UND;CAJA CHICA;PRD04031;;CAJA CHICA - PANELA GRANULADA X 500 GR;PAQUETE;1;PAQUETE;PAQUETE x 1 UND;1;1;1
PRD04032;CAJA CHICA - GALLETA RITZ X 22.4 GR;UND;CAJA CHICA;PRD04032;;CAJA CHICA - GALLETA RITZ X 22.4 GR;PAQUETE;1;PAQUETE;PAQUETE x 1 UND;1;1;1
PRD04033;CAJA CHICA - GALLETA CHOCO DONUTS 36 GR;UND;CAJA CHICA;PRD04033;;CAJA CHICA - GALLETA CHOCO DONUTS 36 GR;PAQUETE;1;PAQUETE;PAQUETE x 1 UND;1;1;1
PRD04034;CAJA CHICA - GALLETA TENTACION NARANJA 318 GR X 6 UND;UND;CAJA CHICA;PRD04034;;CAJA CHICA - GALLETA TENTACION NARANJA 318 GR X 6 UND;PAQUETE;1;PAQUETE;PAQUETE x 1 UND;1;1;1
PRD04035;CAJA CHICA - GALLETA DIVAS 34 GR;UND;CAJA CHICA;PRD04035;;CAJA CHICA - GALLETA DIVAS 34 GR;PAQUETE;1;PAQUETE;PAQUETE x 1 UND;1;1;1
PRD04036;CAJA CHICA- GALLETA CORONITA 228 GR X 6 UND;UND;CAJA CHICA;PRD04036;;CAJA CHICA- GALLETA CORONITA 228 GR X 6 UND;GRAMO;1;GRAMO;GRAMO x 1 UND;1;1;1
PRD04037;CAJA CHICA- CERDO PANCETA X KG;KG;CAJA CHICA;PRD04037;;CAJA CHICA- CERDO PANCETA X KG;KILOGRAMO;1;KILOGRAMO;KILOGRAMO x 1 KG;1;1;1
PRD04038;CAJA CHICA- PAN MOLIDO X KG;KG;CAJA CHICA;PRD04038;;CAJA CHICA- PAN MOLIDO X KG;KILOGRAMO;1;KILOGRAMO;KILOGRAMO x 1 KG;1;1;1
PRD04039;CAJA CHICA - AGUA PARA RECETA - CH;L;CAJA CHICA;PRD04039;;CAJA CHICA - AGUA PARA RECETA - CH;LITRO;1;LITRO;LITRO x 1 L;1;1;1
PRD04040;CAJA CHICA - AZUCAR SACHET DE 5 GR;UND;CAJA CHICA;PRD04040;;CAJA CHICA - AZUCAR SACHET DE 5 GR;UNIDAD;1;UNIDAD;UNIDAD x 1 UND;1;1;1
PRD04041;CAJA CHICA - PRE PIZZA FAMILIAR PAN IND 5X26;UND;CAJA CHICA;PRD04041;;CAJA CHICA - PRE PIZZA FAMILIAR PAN IND 5X26;UNIDAD;1;UNIDAD;UNIDAD x 1 UND;1;1;1
PRD04042;CAJA CHICA - LECHE SIX PACK;UND;CAJA CHICA;PRD04042;;CAJA CHICA - LECHE SIX PACK;SIXPACK;1;SIXPACK;SIXPACK x 1 UND;1;1;1
PRD04043;CAJA CHICA - ARROZ SUPERIOR ARO 5 KG;KG;CAJA CHICA;PRD04043;;CAJA CHICA - ARROZ SUPERIOR ARO 5 KG;KILOGRAMO;1;KILOGRAMO;KILOGRAMO x 1 KG;1;1;1
PRD04044;CAJA CHICA - LECHE IDEAL AMANECER SIX PACK;L;CAJA CHICA;PRD04044;;CAJA CHICA - LECHE IDEAL AMANECER SIX PACK;LITRO;1;LITRO;LITRO x 1 L;1;1;1
PRD04045;CAJA CHICA - PACCHOY BB KG;KG;CAJA CHICA;PRD04045;;CAJA CHICA - PACCHOY BB KG;KILOGRAMO;1;KILOGRAMO;KILOGRAMO x 1 KG;1;1;1
PRD04046;CAJA CHICA - BALSAMINA UND;UND;CAJA CHICA;PRD04046;;CAJA CHICA - BALSAMINA UND;UNIDAD;1;UNIDAD;UNIDAD x 1 UND;1;1;1
PRD04047;CAJA CHICA - SEN CUA UND;UND;CAJA CHICA;PRD04047;;CAJA CHICA - SEN CUA UND;UNIDAD;1;UNIDAD;UNIDAD x 1 UND;1;1;1
PRD04048;CAJA CHICA - BOLSA PLASTICA BLANCA 14 X 20 - PAQ X 100UND;UND;CAJA CHICA;PRD04048;;CAJA CHICA - BOLSA PLASTICA BLANCA 14 X 20 - PAQ X 100UND;PAQUETE;1;PAQUETE;PAQUETE x 1 UND;1;1;1
PRD04049;CAJA CHICA - CASHU KG;KG;CAJA CHICA;PRD04049;;CAJA CHICA - CASHU KG;KILOGRAMO;1;KILOGRAMO;KILOGRAMO x 1 KG;1;1;1
PRD04050;CAJA CHICA - AJONJOLI NEGRO KG;KG;CAJA CHICA;PRD04050;;CAJA CHICA - AJONJOLI NEGRO KG;KILOGRAMO;1;KILOGRAMO;KILOGRAMO x 1 KG;1;1;1
PRD04051;CAJA CHICA - ANIS ESTRELLA X 250 GR (GRAMO x 0.25 KG);KG;CAJA CHICA;PRD04051;;CAJA CHICA - ANIS ESTRELLA X 250 GR (GRAMO x 0.25 KG);GRAMO;0.25;GRAMO;GRAMO x 0.25 KG;1;1;1
PRD04052;CAJA CHICA - ANIS ESTRELLA X 250 GR (GRAMO x 1 UND);UND;CAJA CHICA;PRD04052;;CAJA CHICA - ANIS ESTRELLA X 250 GR (GRAMO x 1 UND);GRAMO;1;GRAMO;GRAMO x 1 UND;1;1;1
PRD04053;CAJA CHICA - AJI EN POLVO X 100 GR - BOLSA;UND;CAJA CHICA;PRD04053;;CAJA CHICA - AJI EN POLVO X 100 GR - BOLSA;BOLSA;1;BOLSA;BOLSA x 1 UND;1;1;1
PRD04054;CAJA CHICA - VINAGRE DE ARROZ X 500 ML - BOT;UND;CAJA CHICA;PRD04054;;CAJA CHICA - VINAGRE DE ARROZ X 500 ML - BOT;BOTELLA;1;BOTELLA;BOTELLA x 1 UND;1;1;1
PRD04055;CAJA CHICA - SRIRACHA X 435 ML - BOT;UND;CAJA CHICA;PRD04055;;CAJA CHICA - SRIRACHA X 435 ML - BOT;BOTELLA;1;BOTELLA;BOTELLA x 1 UND;1;1;1
PRD04056;CAJA CHICA - ARANDANO KG;KG;CAJA CHICA;PRD04056;;CAJA CHICA - ARANDANO KG;KILOGRAMO;1;KILOGRAMO;KILOGRAMO x 1 KG;1;1;1
PRD04057;CAJA CHICA - ACEITE UNO PRESENTACION POR 900 ML;UND;CAJA CHICA;PRD04057;;CAJA CHICA - ACEITE UNO PRESENTACION POR 900 ML;BOTELLA;1;BOTELLA;BOTELLA x 1 UND;1;1;1
PRD04058;CAJA CHICA - ARROZ SUPERIOR P/UNO 5 KG;UND;CAJA CHICA;PRD04058;;CAJA CHICA - ARROZ SUPERIOR P/UNO 5 KG;BOLSA;1;BOLSA;BOLSA x 1 UND;1;1;1
PRD04059;CAJA CHICA - AZUCAR RUBIA TOTTUS 5 KG;UND;CAJA CHICA;PRD04059;;CAJA CHICA - AZUCAR RUBIA TOTTUS 5 KG;BOLSA;1;BOLSA;BOLSA x 1 UND;1;1;1
PRD04060;CAJA CHICA - SALSA SILLAO CLARO X 750 ML - FRASCO;UND;CAJA CHICA;PRD04060;;CAJA CHICA - SALSA SILLAO CLARO X 750 ML - FRASCO;FRASCO;1;FRASCO;FRASCO x 1 UND;1;1;1
PRD04061;CAJA CHICA - ACEITE DE AJI X 280 ML - FRASCO;UND;CAJA CHICA;PRD04061;;CAJA CHICA - ACEITE DE AJI X 280 ML - FRASCO;FRASCO;1;FRASCO;FRASCO x 1 UND;1;1;1
PRD04062;CAJA CHICA - SALSA DE PESCADO PICANTE - FRASCO;UND;CAJA CHICA;PRD04062;;CAJA CHICA - SALSA DE PESCADO PICANTE - FRASCO;FRASCO;1;FRASCO;FRASCO x 1 UND;1;1;1
PRD04063;CAJA CHICA - BOCADITO FUYU X 240 GR - FRASCO;UND;CAJA CHICA;PRD04063;;CAJA CHICA - BOCADITO FUYU X 240 GR - FRASCO;FRASCO;1;FRASCO;FRASCO x 1 UND;1;1;1
PRD04064;CAJA CHICA - FIDEO SA HO FAN X 1 KG;KG;CAJA CHICA;PRD04064;;CAJA CHICA - FIDEO SA HO FAN X 1 KG;BOLSA;1;BOLSA;BOLSA x 1 KG;1;1;1
PRD04065;CAJA CHICA - CHICKEN POWER X 1 KG;KG;CAJA CHICA;PRD04065;;CAJA CHICA - CHICKEN POWER X 1 KG;BOLSA;1;BOLSA;BOLSA x 1 KG;1;1;1
PRD04066;CAJA CHICA - SALSA SILLAO CLARO X 750 ML;UND;CAJA CHICA;PRD04066;;CAJA CHICA - SALSA SILLAO CLARO X 750 ML;FRASCO;1;FRASCO;FRASCO x 1 UND;1;1;1
PRD04067;CAJA CHICA - ACEITE DE AJI X 280 ML;UND;CAJA CHICA;PRD04067;;CAJA CHICA - ACEITE DE AJI X 280 ML;FRASCO;1;FRASCO;FRASCO x 1 UND;1;1;1
PRD04068;CAJA CHICA - SALSA DE PESCADO PICANTE;UND;CAJA CHICA;PRD04068;;CAJA CHICA - SALSA DE PESCADO PICANTE;FRASCO;1;FRASCO;FRASCO x 1 UND;1;1;1
PRD04069;CAJA CHICA - BOCADITO FUYU X 240 GR;UND;CAJA CHICA;PRD04069;;CAJA CHICA - BOCADITO FUYU X 240 GR;FRASCO;1;FRASCO;FRASCO x 1 UND;1;1;1
PRD04070;CAJA CHICA - COLORANTE A LA GRASA FRATELLO X 5 GR;UND;CAJA CHICA;PRD04070;;CAJA CHICA - COLORANTE A LA GRASA FRATELLO X 5 GR;FRASCO;1;FRASCO;FRASCO x 1 UND;1;1;1
PRD04071;CAJA CHICA - COLORANTE LIQUIDO FRATELLO X 30 ML;UND;CAJA CHICA;PRD04071;;CAJA CHICA - COLORANTE LIQUIDO FRATELLO X 30 ML;FRASCO;1;FRASCO;FRASCO x 1 UND;1;1;1
PRD04072;CAJA CHICA - GLUCOSA FRATELLO X KG;UND;CAJA CHICA;PRD04072;;CAJA CHICA - GLUCOSA FRATELLO X KG;FRASCO;1;FRASCO;FRASCO x 1 UND;1;1;1
PRD04073;CAJA CHICA - GOMA TRAGACANTO X 100 GR;UND;CAJA CHICA;PRD04073;;CAJA CHICA - GOMA TRAGACANTO X 100 GR;BOLSA;1;BOLSA;BOLSA x 1 UND;1;1;1
PRD04074;CAJA CHICA - ESCARCHA COMESTIBLE X 5 GR;UND;CAJA CHICA;PRD04074;;CAJA CHICA - ESCARCHA COMESTIBLE X 5 GR;FRASCO;1;FRASCO;FRASCO x 1 UND;1;1;1
PRD04075;CAJA CHICA - ENCURTIDO DE AJI X KG;UND;CAJA CHICA;PRD04075;;CAJA CHICA - ENCURTIDO DE AJI X KG;FRASCO;1;FRASCO;FRASCO x 1 UND;1;1;1
PRD04076;CAJA CHICA - TOFU FERMENTADO X 260 GR;UND;CAJA CHICA;PRD04076;;CAJA CHICA - TOFU FERMENTADO X 260 GR;FRASCO;1;FRASCO;FRASCO x 1 UND;1;1;1
PRD04077;CAJA CHICA - ACEITE DE OLIVA X 1LT OLIVOS DEL SUR;L;CAJA CHICA;PRD04077;;CAJA CHICA - ACEITE DE OLIVA X 1LT OLIVOS DEL SUR;FRASCO;1;FRASCO;FRASCO x 1 L;1;1;1
PRD04078;CAJA CHICA - LECHE EN POLVO GLORIA;UND;CAJA CHICA;PRD04078;;CAJA CHICA - LECHE EN POLVO GLORIA;BOLSA;1;BOLSA;BOLSA x 1 UND;1;1;1
PRD04079;CAJA CHICA - CAFÉ TOSTADO GRANO;UND;CAJA CHICA;PRD04079;;CAJA CHICA - CAFÉ TOSTADO GRANO;BOLSA;1;BOLSA;BOLSA x 1 UND;1;1;1
PRD04080;CAJA CHICA - CONTENEDOR TERMICO D4051XX CT3 200 UND;UND;CAJA CHICA;PRD04080;;CAJA CHICA - CONTENEDOR TERMICO D4051XX CT3 200 UND;PAQUETE;1;PAQUETE;PAQUETE x 1 UND;1;1;1
PRD04081;CAJA CHICA - INCA KOLA X 3LT;UND;CAJA CHICA;PRD04081;;CAJA CHICA - INCA KOLA X 3LT;BOTELLA;1;BOTELLA;BOTELLA x 1 UND;1;1;1
PRD04082;CAJA CHICA - ZAPALLITO ITALIANO;UND;CAJA CHICA;PRD04082;;CAJA CHICA - ZAPALLITO ITALIANO;UNIDAD;1;UNIDAD;UNIDAD x 1 UND;1;1;1
PRD04083;CAJA CHICA - AJONJOLI;KG;CAJA CHICA;PRD04083;;CAJA CHICA - AJONJOLI;KILOGRAMO;1;KILOGRAMO;KILOGRAMO x 1 KG;1;1;1
PRD04084;CAJA CHICA - FRIJOL CHINO;UND;CAJA CHICA;PRD04084;;CAJA CHICA - FRIJOL CHINO;UNIDAD;1;UNIDAD;UNIDAD x 1 UND;1;1;1
PRD04085;CAJA CHICA - ESPINACA;KG;CAJA CHICA;PRD04085;;CAJA CHICA - ESPINACA;KILOGRAMO;1;KILOGRAMO;KILOGRAMO x 1 KG;1;1;1
PRD04086;CAJA CHICA - VAINITA FRESCA;KG;CAJA CHICA;PRD04086;;CAJA CHICA - VAINITA FRESCA;KILOGRAMO;1;KILOGRAMO;KILOGRAMO x 1 KG;1;1;1
PRD04087;CAJA CHICA - COPA FLORENTINA ACRILICA X UND;UND;CAJA CHICA;PRD04087;;CAJA CHICA - COPA FLORENTINA ACRILICA X UND;UNIDAD;1;UNIDAD;UNIDAD x 1 UND;1;1;1
PRD04088;CAJA CHICA - CHOCOLATE TOBLERONES DE 74GR;UND;CAJA CHICA;PRD04088;;CAJA CHICA - CHOCOLATE TOBLERONES DE 74GR;BOLSA;1;BOLSA;BOLSA x 1 UND;1;1;1
PRD04089;CAJA CHICA - ENVASE DESCARTABLE 8 OZX100UND;UND;CAJA CHICA;PRD04089;;CAJA CHICA - ENVASE DESCARTABLE 8 OZX100UND;PAQUETE;1;PAQUETE;PAQUETE x 1 UND;1;1;1
PRD04090;CAJA CHICA - ENVSE DELI 1 LT SUPER FAST TR + TAPATR;L;CAJA CHICA;PRD04090;;CAJA CHICA - ENVSE DELI 1 LT SUPER FAST TR + TAPATR;LITRO;1;LITRO;LITRO x 1 L;1;1;1
PRD04091;CAJA CHICA - ENVASE DELI 1/2 LT SUPER FAST TR + TAPATR (LITRO x 1 L);L;CAJA CHICA;PRD04091;;CAJA CHICA - ENVASE DELI 1/2 LT SUPER FAST TR + TAPATR (LITRO x 1 L);LITRO;1;LITRO;LITRO x 1 L;1;1;1
PRD04092;CAJA CHICA - SERVILLETA COCKTAIL OLEGO ROJO;UND;CAJA CHICA;PRD04092;;CAJA CHICA - SERVILLETA COCKTAIL OLEGO ROJO;PAQUETE;1;PAQUETE;PAQUETE x 1 UND;1;1;1
PRD04093;CAJA CHICA - SERVILLETA COCKTAIL OLEGO VERDE;UND;CAJA CHICA;PRD04093;;CAJA CHICA - SERVILLETA COCKTAIL OLEGO VERDE;PAQUETE;1;PAQUETE;PAQUETE x 1 UND;1;1;1
PRD04094;CAJA CHICA - SERVILLETA COCKTAIL OLEGO AMARILLO;UND;CAJA CHICA;PRD04094;;CAJA CHICA - SERVILLETA COCKTAIL OLEGO AMARILLO;PAQUETE;1;PAQUETE;PAQUETE x 1 UND;1;1;1
PRD04095;CAJA CHICA - COPA FLORENTINA TRANSPARENTE C/10 (PAQUETE x 1 UND);UND;CAJA CHICA;PRD04095;;CAJA CHICA - COPA FLORENTINA TRANSPARENTE C/10 (PAQUETE x 1 UND);PAQUETE;1;PAQUETE;PAQUETE x 1 UND;1;1;1
PRD04096;CAJA CHICA - PAPEL TOALLA INTERFOLIADO BLANCO;UND;CAJA CHICA;PRD04096;;CAJA CHICA - PAPEL TOALLA INTERFOLIADO BLANCO;PAQUETE;1;PAQUETE;PAQUETE x 1 UND;1;1;1
PRD04097;CAJA CHICA - PAPEL TOALLA INTERFOLIADO ECOLOGICO MARRON;UND;CAJA CHICA;PRD04097;;CAJA CHICA - PAPEL TOALLA INTERFOLIADO ECOLOGICO MARRON;PAQUETE;1;PAQUETE;PAQUETE x 1 UND;1;1;1
PRD04098;CAJA CHICA - ENVASE DELI 1 LT SUPER FAST TR + TAPATR;L;CAJA CHICA;PRD04098;;CAJA CHICA - ENVASE DELI 1 LT SUPER FAST TR + TAPATR;MILLAR;1;MILLAR;MILLAR x 1 L;1;1;1
PRD04099;CAJA CHICA - ENVASE DELI 1/2 LT SUPER FAST TR + TAPATR (MILLAR x 1 L);L;CAJA CHICA;PRD04099;;CAJA CHICA - ENVASE DELI 1/2 LT SUPER FAST TR + TAPATR (MILLAR x 1 L);MILLAR;1;MILLAR;MILLAR x 1 L;1;1;1
PRD04100;CAJA CHICA - COPA FLORENTINA TRANSPARENTE C/10 (UNIDAD x 1 UND);UND;CAJA CHICA;PRD04100;;CAJA CHICA - COPA FLORENTINA TRANSPARENTE C/10 (UNIDAD x 1 UND);UNIDAD;1;UNIDAD;UNIDAD x 1 UND;1;1;1
PRD04101;CAJA CHICA - DETERGENTE SAPOLIO SACO X 15 KG;UND;CAJA CHICA;PRD04101;;CAJA CHICA - DETERGENTE SAPOLIO SACO X 15 KG;SACO;1;SACO;SACO x 1 UND;1;1;1
PRD04102;CAJA CHICA - PERA PACKHAM'S;KG;CAJA CHICA;PRD04102;;CAJA CHICA - PERA PACKHAM'S;KILOGRAMO;1;KILOGRAMO;KILOGRAMO x 1 KG;1;1;1
PRD04103;CAJA CHICA - ARTICULOS DE REPOSTERIA;UND;CAJA CHICA;PRD04103;;CAJA CHICA - ARTICULOS DE REPOSTERIA;UNIDAD;1;UNIDAD;UNIDAD x 1 UND;1;1;1
PRD04104;CAJA CHICA - CREMA DE COCO WISLAN;UND;CAJA CHICA;PRD04104;;CAJA CHICA - CREMA DE COCO WISLAN;FRASCO;1;FRASCO;FRASCO x 1 UND;1;1;1
PRD04105;CAJA CHICA - JARABE GRANADINA CHEVALIER X 750 ML;UND;CAJA CHICA;PRD04105;;CAJA CHICA - JARABE GRANADINA CHEVALIER X 750 ML;BOTELLA;1;BOTELLA;BOTELLA x 1 UND;1;1;1
PRD04106;CAJA CHICA - BOLSA SANDWICH 6X6 100 UND;UND;CAJA CHICA;PRD04106;;CAJA CHICA - BOLSA SANDWICH 6X6 100 UND;MILLAR;1;MILLAR;MILLAR x 1 UND;1;1;1
PRD04107;CAJA CHICA - KETCHUP BALDE X 4KG;UND;CAJA CHICA;PRD04107;;CAJA CHICA - KETCHUP BALDE X 4KG;UNIDAD;1;UNIDAD;UNIDAD x 1 UND;1;1;1
PRD04108;CAJA CHICA - MOSTAZA BALDE X 4KG;UND;CAJA CHICA;PRD04108;;CAJA CHICA - MOSTAZA BALDE X 4KG;UNIDAD;1;UNIDAD;UNIDAD x 1 UND;1;1;1
PRD04109;CAJA CHICA - GALLETA PICARAS;UND;CAJA CHICA;PRD04109;;CAJA CHICA - GALLETA PICARAS;PAQUETE;1;PAQUETE;PAQUETE x 1 UND;1;1;1
PRD04110;CAJA CHICA - CEPILLO COLGATE PREMIER;UND;CAJA CHICA;PRD04110;;CAJA CHICA - CEPILLO COLGATE PREMIER;UNIDAD;1;UNIDAD;UNIDAD x 1 UND;1;1;1
PRD04111;CAJA CHICA - GALLETA RELLENA SURTIDA;UND;CAJA CHICA;PRD04111;;CAJA CHICA - GALLETA RELLENA SURTIDA;PAQUETE;1;PAQUETE;PAQUETE x 1 UND;1;1;1
PRD04112;CAJA CHICA - GALLETA CHOCOSODA;UND;CAJA CHICA;PRD04112;;CAJA CHICA - GALLETA CHOCOSODA;PAQUETE;1;PAQUETE;PAQUETE x 1 UND;1;1;1
PRD04113;CAJA CHICA - GALLETA DULCE CASINO MENTA;UND;CAJA CHICA;PRD04113;;CAJA CHICA - GALLETA DULCE CASINO MENTA;PAQUETE;1;PAQUETE;PAQUETE x 1 UND;1;1;1
PRD04114;CAJA CHICA - GALLETA DULCE GLACITA CHOCOLATE;UND;CAJA CHICA;PRD04114;;CAJA CHICA - GALLETA DULCE GLACITA CHOCOLATE;PAQUETE;1;PAQUETE;PAQUETE x 1 UND;1;1;1
PRD04115;CAJA CHICA - MANTECA GORDITO X 10KG;UND;CAJA CHICA;PRD04115;;CAJA CHICA - MANTECA GORDITO X 10KG;CAJA;1;CAJA;CAJA x 1 UND;1;1;1
PRD04116;CAJA CHICA - MEJORADOR DE MASA X 5KG;UND;CAJA CHICA;PRD04116;;CAJA CHICA - MEJORADOR DE MASA X 5KG;BOLSA;1;BOLSA;BOLSA x 1 UND;1;1;1
PRD04117;CAJA CHICA - FIDEO KUISHUPAI ANCHO 250GR;UND;CAJA CHICA;PRD04117;;CAJA CHICA - FIDEO KUISHUPAI ANCHO 250GR;GRAMO;1;GRAMO;GRAMO x 1 UND;1;1;1
PRD04118;CAJA CHICA - SALSA DE PESCADO 750 ML;UND;CAJA CHICA;PRD04118;;CAJA CHICA - SALSA DE PESCADO 750 ML;MILLAR;1;MILLAR;MILLAR x 1 UND;1;1;1
PRD04119;CAJA CHICA - SAILLAO OSCURO 5LT;L;CAJA CHICA;PRD04119;;CAJA CHICA - SAILLAO OSCURO 5LT;LITRO;1;LITRO;LITRO x 1 L;1;1;1
PRD04120;CAJA CHICA - SHIRO MISO POTE 500GR;UND;CAJA CHICA;PRD04120;;CAJA CHICA - SHIRO MISO POTE 500GR;GRAMO;1;GRAMO;GRAMO x 1 UND;1;1;1
PRD04121;CAJA CHICA - TAUSI C/KION EN POTE 500 GR;UND;CAJA CHICA;PRD04121;;CAJA CHICA - TAUSI C/KION EN POTE 500 GR;GRAMO;1;GRAMO;GRAMO x 1 UND;1;1;1
PRD04122;CAJA CHICA - AJI HUAJIO GRANO FURONG 100GR;UND;CAJA CHICA;PRD04122;;CAJA CHICA - AJI HUAJIO GRANO FURONG 100GR;GRAMO;1;GRAMO;GRAMO x 1 UND;1;1;1
PRD04123;CAJA CHICA - TOFU BLUE FIRM MORI-UN 349GR;UND;CAJA CHICA;PRD04123;;CAJA CHICA - TOFU BLUE FIRM MORI-UN 349GR;GRAMO;1;GRAMO;GRAMO x 1 UND;1;1;1
PRD04124;CAJA CHICA - SALSA CHIHOU CHUBANG 220GR;UND;CAJA CHICA;PRD04124;;CAJA CHICA - SALSA CHIHOU CHUBANG 220GR;GRAMO;1;GRAMO;GRAMO x 1 UND;1;1;1
PRD04125;CAJA CHICA - SALSA TAUSI PARA CHULETA CHUBANG 220GR;UND;CAJA CHICA;PRD04125;;CAJA CHICA - SALSA TAUSI PARA CHULETA CHUBANG 220GR;GRAMO;1;GRAMO;GRAMO x 1 UND;1;1;1
PRD04126;CAJA CHICA - PASTA DE AJONJOLI 405GR;UND;CAJA CHICA;PRD04126;;CAJA CHICA - PASTA DE AJONJOLI 405GR;GRAMO;1;GRAMO;GRAMO x 1 UND;1;1;1
PRD04127;CAJA CHICA - SALSA TAUSI PICANTE C/CHANCHO 280GR;UND;CAJA CHICA;PRD04127;;CAJA CHICA - SALSA TAUSI PICANTE C/CHANCHO 280GR;GRAMO;1;GRAMO;GRAMO x 1 UND;1;1;1
PRD04128;CAJA CHICA - SALSA OSTION 2.27KG YUESHTFU;KG;CAJA CHICA;PRD04128;;CAJA CHICA - SALSA OSTION 2.27KG YUESHTFU;KILOGRAMO;1;KILOGRAMO;KILOGRAMO x 1 KG;1;1;1
PRD04129;CAJA CHICA - SALSA DE AJI C/AJO 6.5KG;KG;CAJA CHICA;PRD04129;;CAJA CHICA - SALSA DE AJI C/AJO 6.5KG;KILOGRAMO;1;KILOGRAMO;KILOGRAMO x 1 KG;1;1;1
PRD04130;CAJA CHICA - ALGA NORI SEASONED SEAWEED 28GR;UND;CAJA CHICA;PRD04130;;CAJA CHICA - ALGA NORI SEASONED SEAWEED 28GR;GRAMO;1;GRAMO;GRAMO x 1 UND;1;1;1
PRD04131;CAJA CHICA - ALGA WAKAME 128GR;UND;CAJA CHICA;PRD04131;;CAJA CHICA - ALGA WAKAME 128GR;GRAMO;1;GRAMO;GRAMO x 1 UND;1;1;1
PRD04132;CAJA CHICA - FANSI TIANTAN 500GR;UND;CAJA CHICA;PRD04132;;CAJA CHICA - FANSI TIANTAN 500GR;GRAMO;1;GRAMO;GRAMO x 1 UND;1;1;1
PRD04133;CAJA CHICA - TOFU YELLOW EXTRA FIRM (SOYA);UND;CAJA CHICA;PRD04133;;CAJA CHICA - TOFU YELLOW EXTRA FIRM (SOYA);GRAMO;1;GRAMO;GRAMO x 1 UND;1;1;1
PRD04134;CAJA CHICA - SAL YODADA 25 X KILOGRAMOS;KG;CAJA CHICA;PRD04134;;CAJA CHICA - SAL YODADA 25 X KILOGRAMOS;KILOGRAMO;1;KILOGRAMO;KILOGRAMO x 1 KG;1;1;1
PRD04135;CAJA CHICA - ESCOBA SUPER DALIA X UNIDAD;UND;CAJA CHICA;PRD04135;;CAJA CHICA - ESCOBA SUPER DALIA X UNIDAD;UNIDAD;1;UNIDAD;UNIDAD x 1 UND;1;1;1
PRD04136;CAJA CHICA - GASEOSA INCA KOLA 600 ML X BOTELLA;UND;CAJA CHICA;PRD04136;;CAJA CHICA - GASEOSA INCA KOLA 600 ML X BOTELLA;BOTELLA;1;BOTELLA;BOTELLA x 1 UND;1;1;1
PRD04137;CAJA CHICA - GASEOSA COCA 600 ML X BOTELLA;UND;CAJA CHICA;PRD04137;;CAJA CHICA - GASEOSA COCA 600 ML X BOTELLA;BOTELLA;1;BOTELLA;BOTELLA x 1 UND;1;1;1
PRD04138;CAJA CHICA - SILLAUO OSCURO 5 LB CAJA X 12 GOLDEN;UND;CAJA CHICA;PRD04138;;CAJA CHICA - SILLAUO OSCURO 5 LB CAJA X 12 GOLDEN;CAJA;1;CAJA;CAJA x 1 UND;1;1;1
PRD04139;CAJA CHICA - SALSA DE AJI SHINGKEE 375G GR CAJA DE 24 UND;UND;CAJA CHICA;PRD04139;;CAJA CHICA - SALSA DE AJI SHINGKEE 375G GR CAJA DE 24 UND;CAJA;1;CAJA;CAJA x 1 UND;1;1;1
PRD04140;CAJA CHICA - SALSA DE AJONJOLI (SANFENG) 280 GR X 24 UND;UND;CAJA CHICA;PRD04140;;CAJA CHICA - SALSA DE AJONJOLI (SANFENG) 280 GR X 24 UND;UNIDAD;1;UNIDAD;UNIDAD x 1 UND;1;1;1
PRD04141;CAJA CHICA - AJI CHINO SECO;UND;CAJA CHICA;PRD04141;;CAJA CHICA - AJI CHINO SECO;BOLSA;1;BOLSA;BOLSA x 1 UND;1;1;1
PRD04142;CAJA CHICA - BOLSA BLANCA MEDIANA;UND;CAJA CHICA;PRD04142;;CAJA CHICA - BOLSA BLANCA MEDIANA;UNIDAD;1;UNIDAD;UNIDAD x 1 UND;1;1;1
PRD04143;CAJA CHICA - CORTAUÑA DELFIN GRANDE;UND;CAJA CHICA;PRD04143;;CAJA CHICA - CORTAUÑA DELFIN GRANDE;UNIDAD;1;UNIDAD;UNIDAD x 1 UND;1;1;1
PRD04144;CAJA CHICA - PINZA GRANDE ZINGER C/ENTERO;UND;CAJA CHICA;PRD04144;;CAJA CHICA - PINZA GRANDE ZINGER C/ENTERO;UNIDAD;1;UNIDAD;UNIDAD x 1 UND;1;1;1
PRD04145;CAJA CHICA - PINZA GRANDE BEIFA C/ENTERO;UND;CAJA CHICA;PRD04145;;CAJA CHICA - PINZA GRANDE BEIFA C/ENTERO;UNIDAD;1;UNIDAD;UNIDAD x 1 UND;1;1;1
PRD04146;CAJA CHICA - ALMENDRA X 80 GR;UND;CAJA CHICA;PRD04146;;CAJA CHICA - ALMENDRA X 80 GR;GRAMO;1;GRAMO;GRAMO x 1 UND;1;1;1
PRD04147;CAJA CHICA - NUECES PELADA X 80 GR;UND;CAJA CHICA;PRD04147;;CAJA CHICA - NUECES PELADA X 80 GR;GRAMO;1;GRAMO;GRAMO x 1 UND;1;1;1
PRD04148;CAJA CHICA - PECANA PELADA X 80 GR;UND;CAJA CHICA;PRD04148;;CAJA CHICA - PECANA PELADA X 80 GR;GRAMO;1;GRAMO;GRAMO x 1 UND;1;1;1
PRD04149;CAJA CHICA - PISTACHO SAL X 80 GR;UND;CAJA CHICA;PRD04149;;CAJA CHICA - PISTACHO SAL X 80 GR;GRAMO;1;GRAMO;GRAMO x 1 UND;1;1;1
PRD04150;CAJA CHICA - LEJIA SAPOLIO 1LT;L;CAJA CHICA;PRD04150;;CAJA CHICA - LEJIA SAPOLIO 1LT;BOTELLA;1;BOTELLA;BOTELLA x 1 L;1;1;1
PRD04151;CAJA CHICA - PAÑO ABSORBENTE MULTIUSO;UND;CAJA CHICA;PRD04151;;CAJA CHICA - PAÑO ABSORBENTE MULTIUSO;UNIDAD;1;UNIDAD;UNIDAD x 1 UND;1;1;1
PRD04152;CAJA CHICA - LECHE LAIVE BOLSITARRO X 470 GR;UND;CAJA CHICA;PRD04152;;CAJA CHICA - LECHE LAIVE BOLSITARRO X 470 GR;UNIDAD;1;UNIDAD;UNIDAD x 1 UND;1;1;1
PRD04153;CAJA CHICA - MINI CARROT CAKE;UND;CAJA CHICA;PRD04153;;CAJA CHICA - MINI CARROT CAKE;UNIDAD;1;UNIDAD;UNIDAD x 1 UND;1;1;1
PRD04154;CAJA CHICA - MINI PIE LIMON;UND;CAJA CHICA;PRD04154;;CAJA CHICA - MINI PIE LIMON;UNIDAD;1;UNIDAD;UNIDAD x 1 UND;1;1;1
PRD04155;CAJA CHICA - MINI EMPANADA CARNE;UND;CAJA CHICA;PRD04155;;CAJA CHICA - MINI EMPANADA CARNE;UNIDAD;1;UNIDAD;UNIDAD x 1 UND;1;1;1
PRD04156;CAJA CHICA - FIDEO TORNILLO MOLITALIA 250 GR;UND;CAJA CHICA;PRD04156;;CAJA CHICA - FIDEO TORNILLO MOLITALIA 250 GR;PAQUETE;1;PAQUETE;PAQUETE x 1 UND;1;1;1
PRD04157;CAJA CHICA - FIDEO TORNILLO DON VITTORIO 250 GR;UND;CAJA CHICA;PRD04157;;CAJA CHICA - FIDEO TORNILLO DON VITTORIO 250 GR;PAQUETE;1;PAQUETE;PAQUETE x 1 UND;1;1;1
PRD04158;CAJA CHICA - FIDEO CARACOL CHICO DON VITTORIO 250 GR;UND;CAJA CHICA;PRD04158;;CAJA CHICA - FIDEO CARACOL CHICO DON VITTORIO 250 GR;PAQUETE;1;PAQUETE;PAQUETE x 1 UND;1;1;1
