pro_nombre	pro_coduni	pro_facing
LECHE CONDENSADA NESTLE 100 GR	24	0.1
ATUN TROZOS GLORIA 170 GR	24	0.17
LECHE CONDENSADA GLORIA 393 GR	24	0.395
ESPARRAGOS VERDE FLORIDA 360 GR	18	0.36
ATUN TROZOS FLORIDA 140 GR	24	0.17
COCKTAIL DE FRUTAS COMPASS 820 GR	24	0.82
PALLAR CON TOCINO GAMBRINUS 560 GR	24	1
COCKTAIL DE FRUTAS FANNY 820 GR	24	0.82
ATUN TROZOS COMPASS 170 GR	24	0.17
ACEITE VEGETAL CIELO 5 LT	4	5
ACEITE AJONJOLI OLIVOS DEL SUR 220 ML PET	9	0.22
ACEITE VEGETAL CIELO 18 LT	5	18
ACEITE DE OLIVA VIRGEN KUSASA 4 LT	19	4
ACEITE DE OLIVA LOMAS DE OLIVAR 1 LT	18	1
ACEITE AJONJOLI OLIVOS DEL SUR 200 ML	18	0.2
ACEITE DE OLIVA VIRGEN OLIVEZA 4 LT	19	4
ACEITE DE OLIVA VIRGEN OLIVEZA 1 LT	9	1
MANTECA VEGETAL DEL CAMPO 10 KG	10	10
ACEITE AJONJOLI OLIVOS DEL SUR 200 ML PET	9	0.2
HIERBA BUENA	23	1
ARVEJA VERDE PARTIDA CANTA CLARO BOLSA 500 GR	8	0.5
CHUÑO NEGRO SAN JUAN MASIAS (EX BELEN)5 KG	8	5
MAIZ MOTE EL PLEBEYO 5 KG	8	5
MAIZ CANCHA EL PLEBEYO 5 KG	8	5
TRIGO PELADO EL PLEBEYO 5 KG	8	5
ARROZ PAISANA 5 KG	8	5
LASAGNA MOLITALIA 350 GR	10	0.35
FIDEO TORNILLO DON VITTORIO 250/225 GR	31	0.25
FIDEO CORBATA CHICO DON VITTORIO 250 GR	31	0.25
FIDEO CODITO CHICO DON VITTORIO 250 GR	31	0.25
FIDEO SPAGUETTI DON VITTORIO 500 GR	31	0.5
FIDEO CABELLO DE ANGEL LAVAGGI 250 GR	31	0.25
FIDEO CANUTO CHICO NICOLINI 250 GR	31	0.25
FIDEO SPAGUETTI NICOLINI 500/450 GR	31	0.5
FIDEO TORNILLO NICOLINI 250 GR	31	0.25
FIDEO CORBATA GRANDE NICOLINI 250 GR ( 15320 )	31	0.25
FIDEO CODO RAYADO DON VITTORIO 250/225 GR	31	0.25
FIDEO ARITO DON VITTORIO 250 GR	31	0.25
FIDEO CANUTO RAYADO DON VITTORIO 250 GR	31	0.25
FIDEO CANUTO CHICO DON VITTORIO 250/235 GR	31	0.25
FIDEO CARACOL LAVAGGI 250 GR	31	0.25
FIDEO SPAGUETTI MOLITALIA 500 GR	31	0.5
FIDEO CABELLO DE ANGEL MOLITALIA 250 GR	31	0.25
FIDEO TORNILLO MOLITALIA 250 GR	31	0.25
FIDEO CODO MEDIANO RAYADO MOLITALIA 250 GR	31	0.25
FIDEO RIGATONI MOLITALIA 250 GR	31	0.25
ARROZ PAL COMBO TURQUEZA (EXTRA) SACO 49 KG	39	49
ARVEJA VERDE PARTIDA BELEN 5 KG	8	5
FRIJOL CABALLERO BELEN 5 KG	8	5
FRIJOL CANARIO BELEN 5 KG	8	5
GARBANZO BELEN 5 KG	8	5
MAIZ MOTE BELEN 5 KG	8	5
FIDEO CARACOL CHICO DON VITTORIO 250 GR	31	0.25
LENTEJA COSTEÑO 500 GR	8	0.5
MORON AMERICANO COSTEÑO 500 GR	8	0.5
ARROZ COSTEÑO EXTRA HOJA REDONDA AÑEJO 50 KG	39	50
PAPA SECA COSTEÑO 500 GR	8	0.5
ARVEJA VERDE PARTIDA COSTEÑO 500 GR	8	0.5
PALLAR COSTEÑO 500 GR	8	0.5
PALLAR BELEN 5 KG	8	5
ARROZ EXTRA NIR DEL NORTE	23	1
ARROZ EXTRA PARBOILED	23	1
ARROZ CORRIENTE PARA SOPA	23	1
ARROZ EXTRA MOLINO ROJO	23	1
ARROZ EXTRA VERDI	23	1
ARROZ EXTRA D'AMANTE	23	1
ARROZ EXTRA PUITA D'MANTE	23	1
ARROZ EXTRA D'AMANTE SACO 50 KG	39	50
ARROZ COSTEÑO EXTRA NIR SACO 50 KG	39	50
ARROZ EXTRA PARBOILED SACO 50 KG	39	50
ARROZ CAMPERO EXTRA SACO 50 KG	39	50
ARROZ CORRIENTE PARA SOPA SACO 50 KG	39	50
ARROZ EXTRA ESTRELLITA DEL NORTE 50 KG	39	50
KIWICHA AVENA 3 OSITOS 170 GR	8	0.17
ACEITE VEGETAL DELEITTE 5 LT	4	5
ACEITE VEGETAL PRIMOR 5 LT	4	5
ACEITE VEGETAL COCINERO 5 LT	4	5
ACEITE AJONJOLI LEE KUM KEE 207 ML	18	0.207
ACEITE VEGETAL CIL 5 LT	4	5
AVENA SANTA CATALINA SACO 5 KG	8	5
MACA AVENA 3 OSITOS 150 GR	8	0.15
AVENA 3 OSITOS 100 GR	8	0.1
AVENA 3 OSITOS 110 GR	8	0.11
QUINUA AVENA 3 OSITOS 170 GR	8	0.17
MACA AVENA 3 OSITOS 170 GR	8	0.17
AVENA 3 OSITOS 135 GR	8	0.135
AVENA 3 OSITOS 120 GR	8	0.12
ACHOCOLATADO MILO NESTLE 400 GR	24	0.4
ACHOCOLATADO NESQUICK NESTLE 380 GR (EMER)	24	0.4
AVENA 3 OSITOS 10 KG	8	10
CAFE MOLIDO STANDAR RISSO GRANEL KG	23	1
CEDRON	23	1
PANETON SODEXO CAJA 900 GR	45	0.9
PANETON SODEXO CAJA 90 GR	10	1
PANETON DONOFRIO CAJA 880 GR	45	1
AZUCAR RUBIA PERSONAL TRES ESPADAS 500 UNIDS	8	500
AZUCAR RUBIA PERSONAL TRES ESPADAS 5 GRM (BOLSA 2.5 MILLAR)	8	2500
AZUCAR BLANCA PERSONAL TRES ESPADAS 500 UNIDS	8	500
AZUCAR RUBIA PERSONAL ONZA PAQ 1 MILLAR	38	1000
CAFE MOLIDO CAPPUCCINO NESTLE 1 KG	8	1
CAFE MOLIDO MOKACCINO NESTLE 1 KG	8	1
CEBADA TOSTADA  INSTANTANEA NESTLE ECO 195 GR	24	0.195
INFUSION TE CANELA Y CLAVO HERBI 100  SOBRES	10	100
AVENA SANTA CATALINA SACO 10 KG	8	10
INFUSION HIERBA LUISA HERBI 100 SOBRES	10	100
MERMELADA SAUCO DULCE COSECHA 5 KG	8	5
CAFE MOLIDO NESCAFE TRADICION NESTLE 500 GR	8	0.5
CHOCOLATE PARA TAZA SOL DEL CUSCO 90 GR	45	0.09
MERMELADA FRESA COMPASS 350 GR	34	0.35
MERMELADA FRESA A-1 850 GR	38	1
INFUSION MANZANILLA MC COLLINS 100 SOBRES	10	100
AZUCAR RUBIA PERSONAL SODEXO PAQ (5 GR) 1 MILLAR	10	1000
PAN MOLIDO  TAKIS 5 KG	8	5
GALLETA CLASICA OREO 36 GR	31	1
AZUCAR BLANCA	23	1
AZUCAR RUBIA	23	1
AZUCAR RUBIA POMALCA 1 KG	23	1
AZUCAR BLANCA PERSONAL SODEXO PAQ (5 GR)1 MILLAR	8	1000
EDULCORANTE PERSONAL SODEXO 1 GR X MILLAR	31	1000
EDULCORANTE STEVIA PERSONAL SODEXO  1 GR X MILLAR	38	1000
AZUCAR BLANCA COSTEÑO 1 KG	8	1
AZUCAR RUBIA CARTAVIO  5 KG	8	5
AZUCAR BLANCA SACO 50 KG	39	50
AZUCAR RUBIA SACO 50 KG	39	50
AJINOMOTO 1 KG	8	1
CULANTRO MOLIDO TRESA X  KILO	23	1
SALSA DE AJI CASERO TRESA 5 GR	38	1
FIDEO SPAGUETTI MOLITALIA 450 GR	31	0.45
FIDEO SPAGUETTI DEL CIELO 500 GR	31	0.5
FIDEO CARACOL DEL CIELO 250 GR	31	0.25
FIDEO CANUTO GRANDE DEL CIELO 250 GR	31	0.25
FIDEO CARACOL CHICO MOLITALIA 235 GR	31	0.235
FIDEO CANUTO MOLITALIA 235 GR	31	0.235
FIDEO TORNILLO MOLITALIA 235 GR	31	0.235
FIDEO MACARRON MOLITALIA 235 GR	31	0.235
FIDEO CODO MEDIANO RAYADO MOLITALIA 235 GR	31	0.235
FIDEO SPAGUETTI MOLITALIA 950 GR	31	0.95
SALSA SILLAU TRESA 4 LT	19	4
BEBIDA REHIDRATANTE FRUTILLA POWERADE 473 ML	9	1
FIDEO CARACOL CHICO MOLITALIA 250GR	31	0.25
FIDEO CANUTO MOLITALIA 250 GR	31	0.25
FIDEO TORNILLO MOLITALIA 250GR	31	0.25
FIDEO MACARRON MOLITALIA 250GR	31	0.25
FIDEO CODO MEDIANO RAYADO MOLITALIA 250GR	31	0.25
FIDEO SPAGUETTI MOLITALIA 500GR	31	0.5
FIDEO SPAGUETTI MOLITALIA 950 GR (CXEMER)	31	0.95
MAYONESA ALACENA 4 LT	5	4
SALSA TABASCO MC ILHENNY 150 ML	18	0.15
KETCHUP TRESA 4 LT	5	4
MOSTAZA TRESA 4 KG	5	4
VINAGRE BLANCO TRESA 4 LT	19	4
VINAGRE TINTO TRESA 4 LT	19	4
SAL DE MESA (MARINA) EMSAL 1 KG	8	1
SALSA INGLESA LEA PEARRINS 290 ML	18	0.29
SALSA TAUSI LEE KUN KEE 368 GR	18	0.368
GALLETA DULCE CHOCOLATE CHOMP 42/38 GR	31	1
SALSA OSTION LEE KUN KEE 510/480 GR	18	0.51
SALSA BARBECUE BBQ ORIGINAL HUNT 510 ML	18	0.51
MAYONESA ALACENA PERSONAL 10 GR (8CC)	38	1
MANI TOSTADO PELADO TOÑA 1 KG	8	1
MAYONESA HELLMANS PERSONAL 7.6 GR	38	1
KETCHUP B&D 4 LT	5	4
MOSTAZA B&D 4 KG	5	4
PIMIENTA PERSONAL SODEXO PAQUETE (0.5 GR) 1 MILLAR	31	1000
SAL PERSONAL SODEXO (0.5GR) 1 MILLAR	31	1000
SALSA MENSI KIKKO 350 ML PET	9	0.39
SALSA TAMARINDO KIKKO 350 ML	9	0.39
FIDEO SPAGUETTI DON VITTORIO 10 KG	31	10
FIDEO TORNILLO DON VITTORIO 400 GR	31	0.4
FIDEO SPAGUETTI SAN JORGE 500 GR	31	0.5
FIDEO SPAGUETTI LAVAGGI 10 KG (E)	31	10
FIDEO CANUTO (PLUMA)  MOLITALIA 250 GR	31	0.25
FIDEO CARACOL CHICO MOLITALIA 250 GR	31	0.25
FIDEO CORBATA MOLITALIA 250 GR	31	0.25
FIDEO CODO RAYADO MOLITALIA 250 GR	31	0.25
FIDEO CODO RAYADO NICOLLINI 250 GR	31	0.25
FIDEO CANUTIN BENOTI 250 GR	31	0.25
FIDEO CARACOL CHICO BENOTI 250 GR	31	0.25
FIDEO CODO RAYADO BENOTI 250 GR	31	0.25
FIDEO CARACOL RAYADO BENOTI 250 GR	31	0.25
FIDEO RIGATONI BENOTI 250 GR	31	0.25
FIDEO CANUTO BENOTI 250 GR	31	0.25
FIDEO CABELLO DE ANGEL BENOTI 250 GR	31	0.25
FIDEO TORNILLO BENOTI 250 GR	31	0.25
FIDEO SPAGUETTI BENOTI 500 GR	31	0.5
FIDEO SPAGUETTI BENOTI 10 KG	8	10
FIDEO FETUCCINI C/HUEVO NICOLINI 500 GR	31	0.5
FIDEO MACARRON MOLITALIA 250 GR	31	0.25
FIDEO CODO MEDIANO MOLITALIA 250 GR	31	0.25
LEVADURA INSTANTANEA LEVAPAN 500 GR	8	0.5
MEJORADOR MASA SUPERPAN LEVAPAN 5 KG	8	5
COBERTURA BLANCA 500 GR	10	0.5
BICARBONATO DE SODIO 227 GR	10	0.227
JUGO DE MANZANA WATTS 200/180 ML	10	1
HARINA ESPECIAL DEL CIELO GRANEL SACO 50 KG	39	50
KEKE BIMBOLETES VAINILLA 55 GR	45	1
MAICENA DURYEA 500 GR	10	0.5
HARINA DE KIWICHA 5 KG - UNIDAD	8	5
ESCENCIA DE PANETON LEVAPAN 500 CC	18	0.5
POLVO DE HORNEAR LEVAPAN 4 KG	8	4
HARINA DE HABAS MOLINOS DEL SOL 5 KG	8	5
HARINA DE KIWICHA MOLINOS DEL SOL 5 KG	8	5
HARINA DE MACA MOLINOS DEL SOL 5 KG	8	5
HARINA DE SOYA MOLINOS DEL SOL 5 KG	8	5
HARINA 7 SEMILLAS MOLINOS DEL SOL 5 KG	8	5
HARINA DE ARROZ MOLINOS DEL SOL 5 KG	8	5
HARINA DE QUINUA MOLINOS DEL SOL 5 KG	8	5
HARINA PARA TAMAL MOLINOS DEL SOL 5 KG	8	5
SEMOLA BENOTI 25 KG	8	25
GELATINA DE LIMON UNIVERSAL 5 KG	8	5
SEMOLA NICOLINI 10 KG	8	10
COLORANTE AMARILLO (HUEVO) LEVAPAN 250 ML	18	0.25
AZUCAR IMPALPABLE HONORA (LEVAPAN) 5 KG	8	5
ANTIMOHO LEVAPAN 1 KG	8	1
GELATINA DE FRESA UNIVERSAL 5 KG	8	5
MAZAMORRA MORADA UNIVERSAL 200/150 GR	45	0.2
GELATINA DE FRESA GELANDINA 5 KG	8	5
GELATINA DE PIÑA GELANDINA 5 KG	8	5
GELATINA DE NARANJA  GELANDINA 5 KG	8	5
JUGO DE MANZANA WATTS 1 LT	10	1
MAZAMORRA MORADA CEILAN 5 KG	8	5
GRAJEA DE PANADERIA TOÑA 1 KG	8	1
PECANA TOÑA 1 KG	8	1
GELATINA DE NARANJA UNIVERSAL 5 KG	8	5
GELATINA DE PIÑA UNIVERSAL 5 KG	8	5
COLORANTE FRATELLO CAJA 4 FCO	45	1
COCOA LA ABUELITA 160 GR	8	0.16
ESCENCIA DE VAINILLA NEGRITA 1 LT PET	9	1
CHUÑO POLVO TOÑA 1 KG	8	1
CHUÑO NEGRO MOLIDO SAN JUAN MASIAS (EX BELEN) 5 KG	8	5
HARINA DE KIWICHA SAN JUAN MASIAS (EX BELEN) 5 KG	8	5
CHUÑO (INGLES) POLVO SAN JUAN MASIAS 5 KG	8	5
CHUÑO ENTERO SAN JUAN MASIAS (EX BELEN) 5 KG	8	5
HARINA DE KIWICHA 5 KG	8	5
HARINA ESPECIAL MOLITALIA KG	23	1
POLENTA LA CABAÑA 500 GR	8	0.5
MAICENA INGREDION 25 KG	8	25
HARINA DE MAIZ INGREDION 25 KG	8	25
HARINA DE SOYA SAN JUAN MASIAS 5 KG	8	5
HARINA DE MACA SAN JUAN MASIAS (EX BELEN) 5 KG	8	5
HARINA DE HABAS 5 KG	8	5
HARINA DE AVENA KUMARA 5 KG	8	5
HARINA DE ARVEJA KUMARA 5 KG	8	5
HARINA DE CHOCHOCA KUMARA 5 KG	8	5
SALVADO DE TRIGO KUMARA 5 KG	8	5
SEMOLA MOLITALIA 25 KG	8	25
MAICENA DURYEA 1 KG	10	1
CHUÑO ENTERO BLANCO TOÑA 1 KG	8	1
HARINA ESPECIAL EL MOLINO GRANEL	23	1
CHUÑO POLVO 4 ESTACIONES 1 KG	8	1
CHUÑO ENTERO BLANCO 4 ESTACIONES 1 KG	8	1
HARINA ESPECIAL EL MOLINO GRANEL SACO 50 KG	39	50
HARINA ESPECIAL ANGELICA GRANEL SACO 50 KG	39	50
HARINA ESPECIAL NICOLINI SUR SACO 50 KG	39	50
HARINA ESPECIAL NICOLINI SACO 50 KG	39	50
HARINA DE 7 SEMILLAS LA NUESTRA 820 GR	8	0.82
HARINA ESPECIAL DON ANGELO GRANEL  50 KG	39	50
CHUÑO ENTERO NEGRO 4 ESTACIONES 1 KG	8	1
POLENTA INSTANTÁNEA AGNESI 500 GR	8	0.5
CREMA DE ESPARRAGOS KNORR 1 KG	8	1
PURE DE PAPAS KNORR 2 KG	8	2
SOPA INSTANTANEA MARUCHAN CARNE 64 GR	46	1
SOPA INSTANTANEA MARUCHAN POLLO 64 GR	46	1
CALDO DE GALLINA KNORR SACHET 1.5 KG	8	1.5
PURE DE PAPA MENU 1 KG	8	1
POP CORN ACT II NATURAL 3.2 OZ	42	1
POP CORN ACT II BUTTER 3.2 OZ	42	1
MEZCLA LACTEA LAIVE CREMOSA EN CAJA 480 GR	10	0.48
LECHE SIN LACTOSA SABOR CHOCOLATE LAIVE 180 ML	10	1
LECHE EVAPORADA (CONCENTRADA) LAIVE BOLSITARRO 800 ML	8	0.8
MEZCLA LACTEA LAIVE NUTRILAC BOTELLA 390G	9	0.39
MEZCLA LACTEA IDEAL AMANECER 390 GR	24	0.39
LECHE SIN LACTOSA SABOR CHOCOLATE LAIVE 170 ML	10	1
LECHE EVAPORADA LIGHT LAIVE CAJA 400 ML	10	0.4
EVAPORADA LAIVE FAMILIA VITAMINIZADA EN CAJA 500 ML	10	0.5
LECHE EVAPORADA (CONCENTRADA) LAIVE BOLSITARRO 400 ML	8	0.4
MEZCLA LACTEA VITAMINIZADA LAIVE 160 GR	10	0.16
CHICHARRON FRITO LAY 21 GR	8	1
GALLETA DULCE VAINILLA NABISCO (FIELD) 37 GR	45	1
GALLETA SALADA CLUB SOCIAL NABISCO 26 GR	31	1
GALLETA CHOCOSODA NABISCO 39 GR	31	1
CHOCOLATE RELLENO BON O BON	45	1
GALLETA DULCE VAINILLA TENTACION 45/43 GR	31	1
GALLETA DULCE CHOCOLATE TENTACION 45/43 GR	31	1
GALLETA DULCE CHOCOLATE GLACITAS 32 GR ( 23434)	31	1
BISCOCHO CHOCMAN COSTA 30 GR	45	1
CANCHA FRITA TOÑA 100 GR	8	1
PAPAS ONDAS LAYS 150 GR	8	1
GALLETA SALADA RITZ 22.4 GR	31	1
CARAMELO CON LOGO SODEXO 100 UNID	8	100
CHOCOLATE TRIPACK SODEXO	45	1
GALLETA DULCE NARANJA CHOMP 38 GR	31	1
GALLETA DULCE VAINILLA MARGARITA	31	1
GALLETA RELLENA FRESA CASINO 51/43 GR	31	1
GALLETA RELLENA LUCUMA CASINO 51/43 GR	31	1
GALLETA RELLENA MENTA CASINO 51 GR	31	1
GALLETA RELLENA VAINILLA CASINO 51/43 GR	31	1
CHOCOLATE RELLENO MANI VIZZIO COSTA 21 GR	45	1
PAPA SECA VALLE NORTE 500 GR	8	0.5
LENTEJA CRIMSON CANTA CLARO 5 KG	8	5
TRIGO PELADO CANTA CLARO 5 KG - UNIDAD	8	5
PALLAR COSECHA ANDINA 5 KG	8	5
FRIJOL PINTO CANADIENSE LON 5 KG	8	5
FRIJOL PINTO CANADIENSE LON 500 GR	8	0.5
MAIZ MOTE MOLINOS DEL SOL 5 KG	8	5
CEBADA TOSTADA COSECHA ANDINA 5 KG	8	5
WAFER CHOCOLATE COSTA NIK 29 GR	31	1
GALLETA DULCE NARANJA TENTACION 45/43 GR	31	1
GALLETA DE ANIMALITOS TREN SAN JORGE 150 GR	31	1
CANCHA FRITA TOÑA 1 KG	8	1
CHOCOLATE STICK SUBLIME 14 GR	45	1
GALLETA DULCE FRESA GLACITAS 32 GR	31	1
GALLETA RELLENA CHOCOLATE CORONITA NABISCO 30 GR	31	1
GALLETA RELLENA ALFAJOR CASINO  51 GR	31	1
GALLETA DULCE TOFFE GLACITAS 32 GR	31	1
GALLETA DULCE CHOCONIEVE GLACITAS 32 GR (23444)	31	1
PAPAS LAYS 240 GR	8	1
GALLETA DE AGUA COSTA LIGHT (LINE) 44 GR	31	1
NATUCHIPS CAMOTE 90 GR	8	1
CHICLE MENTA TRIDENT BARRA 10.2 GR	45	1
GALLETA INTEGRAL CLUB SOCIAL NABISCO 26 GR	31	1
CHUPETE CHUPETIN COLORADO (TUTTI FRUTI) AMBROSOLI (24 UNID)	8	25
CARAMELO AMBROSOLI GAJOS DE LIMON 100 UND	8	100
GOMITAS AMBROSITO AMBROSOLI 27 GR	8	1
CARAMELO CHICHA MORADA ARCOR 100 UND	8	100
MANI ORIENTAL SALADO CARTER 37 GR	8	1
GALLETA SALADA CREAM CRAKER NABISCO 75 GR	31	1
MANI SALADO QUILLABAMBA 50 GR	8	1
MANI SALADO KARINTO 20 GR	8	1
GALLETA DULCE COCO TENTACION 45/43 GR	31	1
PIQUEO SNACK FRITO LAY 48 GR	8	1
GALLETA RELLENA COCO CASINO 51/43 GR	31	1
CHICLE MENTA ADAMS CHICO 100 UND	10	100
GALLETA SALADA DE SODA DIA 250 GR	31	1
GALLETA DULCE VAINILLA DIA 250 GR	31	0.25
GALLETA DULCE NARANJA MARQUESITAS	31	1
WAFER FRESA FENIX	31	1
CARAMELO AMBROSOLI CALIPTUS 100 UND	8	100
CARAMELO BUTTER CREAM DE LECHE 100 UND	8	100
CARAMELO AMBROSOLI ICE MINT 100 UND	8	100
FRIJOL PANAMITO BELEN 5 KG	8	5
MAIZ POP CORN EL PLEBEYO 500 GR	8	0.5
ARVEJA VERDE PARTIDA LA SIEMBRA 5 KG	8	5
FRIJOL CABALLERO LA SIEMBRA 5 KG	8	5
FRIJOL CANARIO LA SIEMBRA 5 KG	8	5
FRIJOL PANAMITO LA SIEMBRA 5 KG	8	5
GARBANZO LA SIEMBRA 5 KG	8	5
PALLAR LA SIEMBRA 5 KG	8	5
TRIGO MOTE LA SIEMBRA 5 KG	8	5
TRIGO PELADO LA SIEMBRA 5 KG	8	5
ARVEJA VERDE 1 KG	23	1
PAPA SECA LA SIEMBRA 5 KG	8	5
MORON AMERICANO KOMILON 5 KG	8	5
PAPA SECA KOMILON 5 KG	8	5
QUINUA KOMILON 5 KG	8	5
TRIGO MOTE KOMILON 5 KG	8	5
ARVEJA VERDE PARTIDA KOMILON 5 KG	8	5
FRIJOL CANARIO KOMILON 5 KG	8	5
LENTEJA KOMILON 5 KG	8	5
MAIZ POP CORN KOMILON 5 KG	8	5
GARBANZO KOMILON 5 KG	8	5
PALLAR KOMILON 5 KG	8	5
ARVEJA VERDE PARTIDA KOMILON 500 GR	8	0.5
FRIJOL CANARIO KOMILON 500 GR	8	0.5
LENTEJA KOMILON 500 GR	8	0.5
QUINUA KOMILON 500 GR	8	0.5
QUINUA CANTA CLARO 5 KG	8	5
LENTEJA CANTA CLARO 5 KG	8	5
TRIGO MOTE CANTA CLARO 5 KG	8	5
MORON AMERICANO CANTA CLARO 5 KG	8	5
ARVEJA VERDE PARTIDA CANTA CLARO 5 KG	8	5
PALLAR CANTA CLARO 5 KG	8	5
FRIJOL CANARIO CANTA CLARO 5 KG	8	5
GARBANZO CANTA CLARO 5 KG	8	5
LENTEJA CANTA CLARO 500 GR	8	0.5
CEBADA TOSTADA CANTA CLARO 5 KG	8	5
PAPA SECA CANTA CLARO 500 GR	8	0.5
MAIZ CANCHA CANTA CLARO 5 KG	8	5
PAPA SECA CANTA CLARO 5 KG	8	5
MAIZ MOTE CANTA CLARO 5 KG	8	5
TRIGO PELADO CANTA CLARO 5 KG	8	5
MAIZ POP CORN SANTIS 1 KG	8	1
MAIZ POP CORN ARO 5 KG	8	5
MAIZ POP CORN LA SERRANITA 5 KG	8	5
PAPA SECA LA SERRANITA 3 KG	8	5
TRIGO MOTE LA SERRANITA 5 KG	8	5
QUINUA LA SERRANITA 5 KG	8	5
MORON AMERICANO LA SERRANITA 5 KG	8	5
MAIZ CANCHA VALLESOL 5 KG	8	5
MAIZ POP CORN VALLESOL 5 KG	8	5
MORON AMERICANO VALLESOL 5 KG	8	5
PAPA SECA VALLESOL 5 KG	8	5
QUINUA VALLESOL 5 KG	8	5
TRIGO MOTE VALLESOL 5 KG	8	5
TRIGO PELADO VALLESOL 5 KG	8	5
MAIZ MOTE VALLESOL 5 KG	8	5
PAPA SECA KOMILON 500 GR	8	0.4
MORON AMERICANO KOMILON 500 GR	8	0.5
MAIZ POP CORN  CANTA CLARO 5 KG	8	5
FRIJOL CANARIO CANTA CLARO 500 GR	8	0.5
MORON AMERICANO CANTA CLARO 500 GR	8	0.5
BOLSAS PAPEL POLIGRASA 50 X 70	37	1
PAPEL DE ALUMINIUM HY TOP 18 X 37.5	10	1
BOLSA BLANCA T-SHIRT 20 X 30 100 UND	31	1
CUCHARA ACRILICO DESCARTABLE 100 UND	31	100
CONTENEDOR TERMICO D4031XX CT5 100 UND	31	100
CUCHARA PARA CAFE BLANCA DE PLASTICO DESCARTABLE 100 UNID	31	100
CUCHARA PARA SOPA BLANCA DE PLASTICO DESCARTABLE D841100XX 100 UND	31	100
CUCHILLO PARA SEGUNDO BLANCO DE PLASTICO DESCARTABLE 100 UNID	31	100
CUCHILLO ACRILICO DESCARTABLE 100 UND	31	100
TENEDOR ACRILICO DESCARTABLE 100 UND	31	100
PAPEL TOALLA INTERFOLIADO BLANCO SCOTT 175 HOJAS	45	1
PAPRIKA BELEN 1 KG	8	1
PASAS SECAS NEGRAS SAN JUAN MASIAS 1 KG	8	1
OREGANO ENTERO SAN JUAN MASIAS 1 KG	8	1
AJONJOLI BELEN 1 KG	8	1
AJI LIMO	23	1
ALBAHACA	23	1
APIO	23	1
CAMOTE AMARILLO	23	1
CEBOLLA ROJA	23	1
CEBOLLA CHINA	23	1
CHOCLO BLANCO	23	1
COL	23	1
CULANTRO	23	1
KION	23	1
LECHUGA ORGANICA	23	1
NABO	23	1
PAPA BLANCA	23	1
PEPINILLO	23	1
PEREJIL	23	1
PIMIENTO ROJO	23	1
PORO	23	1
RABANITO	23	1
TOMATE	23	1
ZANAHORIA	23	1
ZAPALLITO ITALIANO	23	1
ROCOTO	23	1
HUACATAY	23	1
BERENJENA	23	1
COLANTAO	23	1
AJI AMARILLO X KG	23	1
COL CHINA	23	1
FIDEO CHINO	23	1
PAPA AMARILLA	23	1
HABA VERDE	23	1
BETERRAGA FRESCA	23	1
VAINITA FRESCA	23	1
ESPINACA FRESCA	23	1
FRIJOL CHINO	23	1
YUCA	23	1
OLLUQUITO FRESCO	23	1
ZAPALLO MACRE	23	1
CAIHUA * KG	23	1
TORONJIL HIERBA	23	1
CALABAZA	23	1
CHINCHO	23	1
MUÑA	23	1
CEBOLLA BLANCA	23	1
PLATANO DE ISLA	23	1
HINOJO	23	1
COLA DE CABALLO	23	1
ROCOTO P/ RELLENO	45	1
PANCA DE CHOCLO	23	1
PALTA	23	1
MELON	23	1
MERMELADA FRESA A-1 DOY PACK	38	1
CEBADA TOSTADA  INSTANTANEA NESTLE ECCO 170 GR	24	0.17
MILO SACHET 17 GR	38	1
INFUSION BOLDO 4 ESTACIONES 50 GRM	8	0.05
INFUSION CEDRON 4 ESTACIONES 50 GRM	8	0.05
INFUSION MUÑA 4 ESTACIONES 50 GRM	8	0.05
ACHOCOLATADO MILO NESTLE 380 GR	24	0.38
ACHOCOLATADO NESQUICK NESTLE 380 GR	24	0.38
CHOCOLATE PARA TAZA REAL WINTERS 90 GR	45	0.09
CAFE INSTANTANEO NESCAFE TRADICION STICK 2 GR	45	1
CHOCOLATE PARA TAZA SOL DEL CUSCO 90 GR (EMER)	45	0.09
CHOCOLATE PARA TAZA SOL DEL CUZCO 300 GR (E)	45	0.3
MERMELADA FRESA GLORIA DOYPACK 700 GR	38	0.7
COCOA LA ABUELITA 150 GR	8	0.15
SIROPE DE MAPLE LAIVE 355 ML	18	0.355
COCOA LA ABUELITA WINTERS 150 GR	8	0.15
CHOCOLATE PARA TAZA CANELA Y CLAVO WINTERS 80 GR	45	0.08
BARRA ENERGETICA 7 DRAGONES NIBS CACAO CAÑIHUA 25 GR	3	1
BARRA ENERGETICA 7 DRAGONES COCO PIÑA 25 GR	3	1
BARRA ENERGETICA 7 DRAGONES CASTAÑA MOCA 25 GR	3	1
BARRA ENERGETICA 7 DRAGONES CHIA COCO 25 GR	3	1
BARRA ENERGETICA 7 DRAGONES AGUAYMANTO MAIZ MORADO 25 GR	3	1
CHOCOLISTO POTE 280 GR	34	0.28
MILO ACTIV-GO 16 GR	38	1
CAFE MOLIDO SELLO ROJO 425 GR	8	0.425
CAFE MOLIDO SELLO ROJO 850 GR	8	0.85
CAFE INSTANTANEO KIRMA NESTLE 180 GR	45	0.18
CHOCOLATE PARA TAZA WINTERS TRADICIONAL 80 GR (EMER)	45	0.08
CEBADA TOSTADA  INSTANTANEA NESTLE ECCO 175 GR	24	0.175
INFUSION TE CANELA Y CLAVO CAJA HORNIMANS (EMER)	10	1
ECCO SACHET 10 GR	45	1
CEREAL ANGEL FLAKES NATURAL 10 KG	10	10
MIEL DE ABEJA KUMARA FOOD 5 KG	4	5
MIEL DE ABEJA KUSASA 600 GR	18	0.6
CAFE MOLIDO CAPPUCCINO VAINILLA NESTLE 1 KG	8	1
CEREAL ANGEL FLAKES MAIZ 500 GR	8	0.5
INFUSION TE CANELA Y CLAVO DEL VALLE 100 SOBRES	10	100
INFUSION TE PURO DEL VALLE 100 SOBRES	10	100
INFUSION MANZANILLA DEL VALLE 100 SOBRES	10	100
INFUSION TE BOLDO DEL VALLE 100 SOBRES	10	100
INFUSION UÑA DE GATO DEL VALLE 100 SOBRES	10	100
INFUSION ANIS DEL VALLE 100 SOBRES	10	100
INFUSION HIERBA LUISA DEL VALLE 100 SOBRES	10	100
INFUSION MATE DE COCA DEL VALLE 100 SOBRES	10	100
CAFE INSTANTANEO NESCAFE CLASICO STICK 2 GR	45	1
CAFE INSTANTANEO NESCAFE TRADICION 500 GR	24	0.5
CHOCOLATE PARA TAZA CUZCO REAL 90/80 GR	45	0.09
CAFE TIPO EXTRA SUPERIOR VALENZUELA 1 KG	23	1
MERMELADA FRESA GLORIA  DOYPACK X 900 GR	38	0.9
CEREAL ANGEL MELI 20 GR	8	1
CAFE MOLIDO STANDAR RISSO GRANEL 500 GR	8	0.5
MERMELADA FRESA FANNY 800 GR	18	0.8
CAFE INSTANTANEO KIRMA NESTLE 190 GR	45	0.19
CEREAL CORN FLAKES NESTLE 510 GR	10	0.51
CHOCOLISTO X 300 GR	34	0.3
MERMELADA FRESA TRES ESPADAS 16 GR	6	1
MERMELADA NARANJA TRES ESPADAS 16 GR	6	1
MERMELADA SAUCO TRES ESPADAS 16 GR	6	1
CHOCOLATE PARA TAZA CUSCO ANDINO 80 GR	45	0.08
MIEL DE ABEJA PERSONAL TRES ESPADAS 14 GR	45	1
MERMELADA DE MEMBRILLO 500 GR	8	0.5
INFUSION ANIS 4 ESTACIONES 50 GRM	8	0.05
INFUSION TE NEGRO 4 ESTACIONES 50 GRM	8	0.05
INFUSION MANZANILLA 4 ESTACIONES 50 GRM	8	0.05
INFUSION HIERBA LUISA 4 ESTACIONES 50 GRM	8	0.05
CHOCOCHINO NESTLE 750 GRM	8	0.75
CAFE EN GRANO NESCAFE NESTLE 1 KGM	8	1
CAFE GRANO ZANESCO 1 KG	8	1
CHOCOLATE PARA MAQUINA (ZANESCO) 1 KG	8	1
CEREAL BAR CHOCOCEREAL COSTA 18/21 GR	3	1
CEREAL BAR CHIP COSTA 18/21 GR	3	1
CEREAL BAR GOLDEN COSTA 21/18 GR	3	1
CEREAL BAR DURAZNO COSTA 18 GR	3	1
CEREAL BAR MANZANA CANELA COSTA 18 GR	3	1
MERMELADA DE DURAZNO 500G	8	0.5
BARRA DE QUINUA PRODUCTOS ANDINOS 40 GR	45	1
CAFE INSTANTANEO NESCAFE DESCAFEINADO 225 GR	18	0.225
MERMELADA PIÑA QUEEN 1 KG  BOLSA	8	1
CEREAL BAR ARANDANOS COSTA 18 GR	3	1
BARRA DE QUINUA GRANOLIN 25 GR	45	1
MILO SACHET 18 GR	45	1
ECCO SACHET 12 GR	45	1
CHOCOLISTO SACHET 20 GR	45	1
MERMELADA FRESA GLORIA DOYPACK 800 GR	38	0.8
CAFE MOLIDO PARA PASAR CAFETAL 454 GR	8	0.454
CHOCOLATE PARA TAZA TRADICIONAL WINTERS 80 GR	45	0.08
CHOCOLATE DONOFRIO (MAQUINA) 1 KG	8	1
MERMELADA FRESA TRES ESPADAS 14 GR	6	1
MERMELADA NARANJA TRES ESPADAS 14 GR	6	1
MERMELADA SAUCO TRES ESPADAS 14 GR	6	1
ECCO SACHET 7 GR	45	1
LIMON VERDE EXTRA	23	1
MANZANA DELICIA	23	1
MANZANA ROJA IMPORTADA	23	1
MANZANA VERDE IMPORTADA	23	1
MARACUYA	23	1
NARANJA PARA MESA	23	1
NARANJA PARA JUGO	23	1
PAPAYA	23	1
PERA PACKHAMS IMPORTADA	23	1
PIÑA	23	1
PLATANO DE SEDA	23	1
SANDIA	23	1
UVA NEGRA	23	1
MEMBRILLO	23	1
COCONA	23	1
PLATANO DE FREIR (BELLACO)	23	1
CIRUELA CHILENA	23	1
GRANADILLA	23	1
DURAZNO	23	1
UVA RED GLOBE	23	1
MANZANA VERDE PARA JUGO	23	1
PULPA DE FRESA  CONGELADO	23	1
PULPA DE MANGO CONGELADO	23	1
PULPA DE PIÑA CONGELADO	23	1
PULPA DE MARACUYA CONGELADO	23	1
MELON EN CUBOS PARA JUGO SORAYA CONGELADO	23	1
PULPA DE PAPAYA CONGELADO	23	1
TUNAS	23	1
CREMA DE CHAMPIÑONES MACROFOODS 1 KG	8	1
CREMA DE VERDURAS MACROFOODS 1 KG	8	1
PURÉ DE CAMOTE RAM 1 KG	8	1
PURÉ DE MANZANA RAM 1 KG	8	1
PURE DE PAPAS KNORR 2 KG- UNIDAD	8	2
PASTA DE AJO CONCENTRADA EMIC 1 KG	8	1
MARINADO PARA POLLO A LA BRASA EMIC 1 KG	8	1
CREMA DE CHOCLO MACROFOODS 1 KG	8	1
CREMA DE POLLO MACROFOODS 1 KG	8	1
PRE ELABORADO CONSERVA FRIJOL CANARIO 1 KG OLIVEZA	8	1
PRE ELABORADO CONSERVA LENTEJA 1 KG OLIVEZA	8	1
PRE ELABORADO CONSERVA FRIJOL PANAMITO 1 KG OLIVEZA	8	1
PRE ELABORADO CONSERVA GARBANZO 1 KG OLIVEZA	8	1
PURE DE PAPA AMARILLA MACROFOOD 1 KG	8	1
SALSA ESPAÑOLA MACROFOOD 1 KG	8	1
PRE ELABORADO CONSERVA FRIJOL CANARIO 1 KG OLIVEZA BOLSA	8	1
PRE ELABORADO CONSERVA FRIJOL PANAMITO 1 KG OLIVEZA BOLSA	8	1
PRE ELABORADO CONSERVA GARBANZO 1 KG OLIVEZA BOLSA	8	1
PRE ELABORADO CONSERVA LENTEJA 1 KG OLIVEZA BOLSA	8	1
CALDO SABOR PESCADO DOÑA GUSTA 500 GR	8	0.5
PRE ELABORADO RAM BASE AMARILLA 1 KG	8	1
PRE ELABORADO RAM BASE CRIOLLA 1 KG	8	1
PRE ELABORADO RAM BASE NORTEÑA 1KG	8	1
PRE ELABORADO RAM BASE TOMATE 1 KG	8	1
PRE ELABORADO RAM BASE VERDE 1KG	8	1
PRE ELABORADO RAM BASE NEUTRAL 1 KG	8	1
PRE ELABORADO RAM FRIJOL CANARIO 1 KG	8	1
PRE ELABORADO RAM FRIJOL PANAMITO 1 KG	8	1
PRE ELABORADO RAM LENTEJA 1 KG	8	1
PRE ELABORADO RAM GARBANZO 1 KG	8	1
CREMA DE ESPARRAGOS KNORR 800 GR	8	0.8
CREMA DE CHOCLO KNORR 800 GR	8	0.8
CREMA DE CHAMPIGÑONES KNORR 800 GR	8	0.8
CREMA DE POLLO KNORR 800 GR	8	0.8
CARNE VEGETAL DE RES * 500 GR HOJA VERDE EN TROZOS	8	0.5
CARNE VEGETAL DE POLLO * 500 GR HOJA VERDE EN TROZOS	8	0.5
PURE DE PAPAS KNORR 1 KG	8	1
CALDO DE CARNE KNORR SACHET 650 GR	8	0.65
CALDO SAZONADOR DE POLLO QUIMTIA 1 KG	8	1
CALDO SAZONADOR CON SABOR A CARNE QUIMTIA 1 KG	8	1
TAMAL CRIOLLO 180 G RAM	38	1
CALDO SAZONADOR MAGGI DE GALLINA 940 GR	8	0.94
TAMAL DE MAIZ 150 GR	33	1
FONDO LIQUIDO DE VEGETALES CHEFF NESTLE 1 LT	8	1
FONDO LIQUIDO DE PESCADO CHEFF NESTLE 1 LT	8	1
PRE ELABORADO RAM PALLAR EN CONSERVA 1 KG	8	1
CALDO SAZONADOR DE GALLINA FANNY 1 KG	8	1
CALDO SAZONADOR DE CARNE FANNY 1 KG	8	1
PRE ELABORADO RAM FRIJOL NEGRO 1 KG	8	1
PRE ELABORADO EMIC BASE AMARILLA 1 KG	8	1
PRE ELABORADO EMIC BASE CRIOLLA 1 KG	8	1
PRE ELABORADO EMIC BASE NEUTRAL 1 KG	8	1
PRE ELABORADO EMIC BASE NORTEÑA 1 KG	8	1
PRE ELABORADO EMIC BASE ORIENTAL 1 KG	8	1
PRE ELABORADO EMIC BASE ROJA (TOMATE) 1 KG	8	1
PRE ELABORADO EMIC BASE VERDE 1 KG	8	1
PASTA DE AJI AMARILLO EMIC 1 KG	8	1
PASTA DE AJI PANCA EMIC 1 KG	8	1
PASTA DE AJO EMIC  1 KG	8	1
PASTA DE ROCOTO EMIC 1 KG	8	1
SALSA BOLOGNESA EMIC 1 KG	8	1
SALSA PESTO (VERDE)  EMIC 1 KG	8	1
SALSA BLANCA EMIC 1 KG	8	1
PRE ELABORADO EMIC BASE AMARILLA S/G 1 KG	8	1
PRE ELABORADO EMIC BASE CRIOLLA S/G 1 KG	8	1
PRE ELABORADO EMIC BASE ROJA (TOMATE) S/G 1 KG	8	1
PRE ELABORADO EMIC BASE VERDE S/G 1 KG	8	1
PURÉ DE MANZANA RAM 5 KG	8	5
PRE ELABORADO RAM (CONSERVA) FRIJOL CANARIO SIN ADEREZO 1 KG	8	1
PRE ELABORADO RAM (CONSERVA) FRIJOL NEGRO SIN ADEREZO 1 KG	8	1
PRE ELABORADO RAM (CONSERVA)FRIJOL PANAMITO SIN ADEREZO 1 KG	8	1
PRE ELABORADO RAM (CONSERVA)GARBANZO SIN ADEREZO 1 KG	8	1
PRE ELABORADO RAM (CONSERVA) LENTEJA SIN ADEREZO 1 KG	8	1
PRE ELABORADO RAM (CONSERVA) PALLAR SIN ADEREZO 1 KG	8	1
CALDO CONCENTRADO CARNE MACRO FOOD 1 KG	8	1
CALDO CONCENTRADO GALLINA MACRO FOOD 1 KG	8	1
ARROZ BLANCO COCIDO 3 KG RAM	38	1
PURE DE PAPAS TRADICIONAL AMARILLO MACROFOOD 1 KG	8	1
PURÉ DE CAMOTE RAM 5 KG	8	5
HUEVO ROSADO LA CALERA (EMER)	23	1
QUESO EDAM EN MOLDE REFRIGERADO	23	1
QUESO MOZARELLA REFRIGERADO	23	1
QUESO EDAM EN TAJADAS X 500 GR REFRIGERADO	31	0.5
QUESO EDAM EN TAJADAS X 500 GR CONGELADO	31	0.5
ACEITUNA VERDE	23	1
YOGURT FRESA SBELT 946 GR	9	0.946
YOGURT DURAZNO SBELT 946 GR	9	0.946
YOGURT LUCUMA SBELT 946 GR	9	0.946
TORTILLA PARA TACOS BIMBO X 12 UNIDS MEDIANO (RAPIDITAS)	8	12
JUGO DE NARANJA PASTEURIZADO X 3.8 LT	9	3.8
YOGURT VAINILLA FRANCESA SBELT 946 GR	9	0.946
MANJAR BLANCO BAZO VELARDE 900 GR	8	0.9
ACEITUNA NEGRA SIN PEPA	23	1
ACEITUNA VERDE SIN PEPA	23	1
CHICLE MENTA TRIDENT 8.5 GR	38	1
WAFER CHOCOLATE COSTA NIK 27 GR	31	1
WAFER CHOCOLATE COSTA NIK 72 GR	31	1
GALLETA RELLENA MENTA CASINO 43 GR	31	1
GALLETA DULCE VAINILLA TENTACION 45 GR	31	1
GALLETA DE AGUA COSTA LIGHT (LINE) 42 GR	31	1
GALLETA SALADA SODA LINE COSTA 40 GR	31	1
CHOCOLATE NEGRO SUBLIME 28 GR	45	1
GALLETA SALADA DE SODA FIELD RECETA ORIGINAL NABISCO 32 GR	45	1
CHOCOLATE SUBLIME SONRISA NESTLE 38 / 37 GR	45	1
GALLETA GRAN CEREAL CLASICA COSTA 36 GR	31	1
GALLETA GRAN CEREAL FIBRA CACAO COSTA 36 GR	31	1
GALLETA RELLENA MANJAR GRETEL 32 GR	31	1
BISCOCHO CHOCMAN COSTA 28 GR	31	1
GALLETA RELLENA CHOCOLATE FRAC  41 GR	31	1
GALLETA RELLENA VAINILLA FRAC 41 GR	31	1
GALLETA SALADA CREAM CRAKER 73.5 GR (EMER)	31	1
GALLETA SALADA DE SODA FIELD RECETA ORIGINAL NABISCO 32 GR (EMER)	45	1
CHOCOLATE RELLENO CAÑONAZO COSTA 19 GR	45	1
CHOCOLATE CANCUN COSTA 25 GR	45	1
GALLETA CHOCOCHIPS CHIPS AHOY 37 GR	31	1
GALLETA SALADA DE SODA FIELD RECETA ORIGINAL NABISCO 34 GR	31	1
GALLETA SALADA CREAM CRACKER NABISCO 258 GR	31	1
GALLETA SODA GOURMET SAN JORGE 250 GR	31	0.25
CARAMELO HALLS CREAMY DURAZNO 28 GR	3	1
CARAMELO HALLS CHERRY LYPTUS 28 GR	3	1
CARAMELO HALLS MENTA 28 GR	3	1
GALLETA SALADA CREAM CRAKER NABISCO 73.5 GR (E)	31	1
WAFER CHOCOLATE TUYO COSTA 22 GR	45	1
CHOCOLATE NEGRO SUBLIME 26 GR	45	1
BISCOCHO CHOCMAN COSTA 33.5 GR	31	1
GALLETA CRACKELET SNACK JAMON 47 GR	31	1
CHOCOLATE RELLENO VIZZIO COSTA 19.2 GR	45	1
CHOCOLATE RELLENO PRINCESA BARRA 30 GR	45	1
CHOCOLATE TRIANGULO NESTLE 29 GR	45	1
CHOCOLATE RELLENO PRINCESA BARRA 28 GR	45	1
CHIFLE SALADO CROCANTITO 80 GR	31	1
CHIFLE SALADO CROCANTITO 150 GR	31	1
CHIFLE PICANTE CROCANTITO 70 GR	31	1
CHIFLE PICANTE CROCANTITO 150 GR	31	1
CHIFLE DULCE CROCANTITO 80 GR	31	1
CHIFLE DULCE CROCANTITO 150 GR	31	1
CHIFLE SABOR CHORIZO CROCANTITO 150 GR	31	1
CHIFLE SABOR CEVICHE CROCANTITO 70 GR	31	1
YUCA SALADA CROCANTITO 70 GR	31	1
YUCA SALADA CROCANTITO 150 GR	31	1
YUCA PICANTE CROCANTITO 70 GR	31	1
YUCA PICANTE CROCANTITO 150 GR	31	1
CHIFLE SABOR BRASA CROCANTITO 70 GR	31	1
CHIFLE SABOR BRASA CROCANTITO 150 GR	31	1
CHIFLE SABOR CECINA CROCANTITO 70 GR	31	1
CHIFLE SABOR CECINA CROCANTITO 150 GR	31	1
CHOCOLATE BITTER SUBLIME 38GR (EMER)	45	1
WAFER CHOCOLATE COSTA NIK 27 GR (CXEMER)	31	1
CHOCOLATE LENTEJA NESTLE 30 GR (EMER)	45	1
GALLETA DULCE MOROCHA CHOCOLATE 30 GR	31	1
CHOCOLATE TRIANGULO NESTLE 30 GR	45	1
GALLETA RELLENA CHOCOLATE FRAC  45.5 GR	31	1
GALLETA RELLENA CHOCOLATE GRETEL 34 GR	31	1
MARSHMELLOWS AMBROSOLI SURTIDO 230 GR	31	1
GALLETA RELLENA VAINILLA FRAC 45.5  GR	31	1
GALLETA DULCE MORA GLACITAS 32 GR	31	1
GALLETA SALADA CREAM CRACKER 316 GR	31	1
CARAMELO AMBROSOLI ANIS 60 UND	8	1
CARAMELO CHUPETIN PICOLIN 50 UND	31	50
CHUPETIN GLOBO POP CON TOFFE 23 UNID.	8	1
CHUPETIN GLOBO POP CON CHICLE 24 UNID.	8	1
CARAMELO HALLS BARRA	8	1
CARAMELO LIMON AMBROSOLI 100 UND	31	1
CARAMELO DE LIMON SAYON 100 UNID.	8	1
GOMITAS OSITOS 30 GR	45	1
GALLETA SALADA DE SODA SAYON 250 GR	31	0.25
GALLETA RELLENA CANCUN 44 GR	31	1
GALLETA INTEGRALES INTEGRAKERS SALVADO DE TRIGO 30 GR	31	1
CHOCOLATE RELLENO CAÑONAZO COSTA 25 GR	45	1
GOMITAS AMBROSITO AMBROSOLI 25 GR	8	1
GALLETA RELLENA MANJAR GRETEL 34/32 GR	31	1
CHOCOLATE RELLENO VIZZIO COSTA 21 GR	45	1
CHOCOLATE NEGRO SUBLIME 30 GR	45	1
TALCO PARA PIES REXONA 200 GR	18	1
CHOCOLATE LENTEJA NESTLE 30 GR	45	1
CHICLE FRUTILLA TRIDENT 8.5 GR	38	1
GALLETA DULCE CHOCOLATE MOROCHA 30 GR	31	1
GALLETA SALADA CREAM CRAKER NABISCO 73.5 GR	31	1
GALLETA CHOCOSODA NABISCO 36 GR	31	1
CHOCOLATE SUBLIME SONRISA NESTLE 40 GR	45	1
GALLETA DE ANIMALITOS TREN SAN JORGE 60 GR	31	1
CHOCOLATE CANCUN COSTA 27 GR	45	1
CONO BARQUILLO AMARILLO CONO COPA 700 UNID	10	325
CHIFLES 4 ESTACIONES 500 GR	31	0.5
CHOCOLATE RELLENO PRINCESA 30 GR	45	1
GALLETA SALADA SODA SAN JORGE 40 GR	31	1
GALLETA DE ANIMALITOS TARZAN SAYON 55 GR	31	1
GALLETA GRAN CEREAL FIBRA CACAO COSTA 40 GR	31	1
GALLETA SALADA CREAM CRAKER NABISCO 295 GRM	31	1
CHOCOLATE RELLENO CAÑONAZO COSTA 22 GR	45	1
GALLETA DULCE CHOCODONUTS COSTA 36 GR	45	1
CHOCOLATE WAFER TUYO COSTA 22 GR	45	1
CHOKO MANI INKA SUR 15 GR	45	1
CHOCOLATE FOCHIS PASAS 16/12 GR	45	1
GALLETA DULCE CHIN CHIN CHOCOFORMAS 21 GRM	31	1
GALLETA RELLENA CLASICA FRAC 45.5/41 GR	31	1
WAFER MOROCHAS BARRA VAINILLA 22 GR	31	1
GALLETA SALADA SODA LINE COSTA 42 GR	31	1
GALLETA COSTA COCO 32 GR	45	1
GALLETA CRACKELET SNACK ORIGINAL 47 GR	31	1
GALLETA CRACKELET SNACK QUESO 47 GR	31	1
BOLITAS DE MANI Y CHOCOLATE 2 CERRITOS 17 GR	45	1
JAMON DEL PAIS REFRIGERADO KG	23	1
HOT DOG REFRIGERADO KG	23	1
JAMON INGLES CONGELADO KG	23	1
JAMON PARA CAFETIN CONGELADO 500 GR	31	0.5
JAMONADA DE POLLO CONGELADO KG	23	1
JAMONADA PARA CAFETIN CONGELADO 500 GR	31	0.5
MORTADELA PARA CAFETIN CONGELADO 500 GR	31	0.5
QUESO MOZARELLA CONGELADO	23	1
CHICHARRON DE PRENSA CONGELADO KG	23	1
TOCINO AHUMADO CONGELADO KG	23	1
JAMON DEL PAIS CONGELADO KG	23	1
SALCHICHA HUACHO CONGELADO KG	23	1
JAMON YORK REFRIGERADO KG	23	1
COCKTAIL DE FRUTAS ACONCAGUA 820/822 GR	24	0.82
PIÑA EN RODAJAS FANNY 567 GR	24	0.56
FILETE DE ATUN MARINERO 170 GR	24	1
CHAMPIGÑONES SANTIS 425 GR	24	0.425
DURAZNO EN ALMIBAR COMPASS 822 GR	24	0.822
ATUN SOLIDO FANNY 170 GR	24	0.17
DURAZNO EN ALMIBAR DEL CIELO 820 GR	24	0.82
ATUN SOLIDO FLORIDA 140 GR	24	0.14
CHAMPIGÑONES WOKI 425 GR	24	0.425
ATUN TROZOS GLORIA 140 GR	24	0.14
CHAMPIGÑONES LATA NIRCISSUS 425 GR	24	0.425
ATUN TROZOS COMPASS 140 GR	24	0.14
DURAZNO EN ALMIBAR VALLE NORTE 820 GR	24	0.82
ATUN TROZOS COMPASS 140 GR (EMER)	24	0.14
CHAMPIGÑONES SANTIS 4200 GR (EMER)	24	4.2
FRIJOL CON TOCINO SELECTA 560 GR	24	1
FRIJOL CON TOCINO SELECTA 420 GR	24	0.42
PIÑA EN RODAJAS  COMPASS 560 GR	24	0.56
COCKTAIL DE FRUTAS COMPASS 822 GR	24	0.822
ANCHOVETA ACEITE VEGETAL AYLLU 120 GR	24	0.12
ANCHOVETA ACEITE OLIVA AYLLU 125 GR	24	0.125
ANCHOVETA SALSA DE TOMATE AYLLU 120 GR	24	1
ANCHOVETA SALSA DE TOMATE ESCABECHADA AYLLU 120 GR	24	0.12
ANCHOVETA FILETE EN ACEITE VEGETAL AYLLU 170 GR	24	0.17
FILETE DE ATUN GLORIA 170 GR	24	0.17
ANCHOVETA ACEITE OLIVA A-1 125 GR	24	0.125
DURAZNO EN ALMIBAR COMPASS 820 GR	24	0.82
CEREZA MARRASQUINO ROJO SANTIS 283 GR	18	0.34
DURAZNO EN ALMIBAR FANNY 820 GR	24	0.82
ATUN TROZOS MARINERO 170 GR	24	0.17
ATUN FILETE COMPASS 170 GR	24	0.17
ESPARRAGOS VERDES VALLE FERTIL 360 GR	18	0.36
CHAMPIGÑONES KAM LAM 425 GR	24	0.425
ATUN FILETE FLORIDA 170 GR	24	0.17
DURAZNO EN ALMIBAR VALLENORTE 820 GR	24	0.82
HUACATAY MOLIDO  X KG	23	1
ALBAHACA MOLIDA X KG	23	1
KION MOLIDO X KG	23	1
SAL DE MESA MARINA 1 KG	8	1
PAPRIKA TOÑA 500 GR	8	1.5
SAL PERSONAL 5 GR TRES ESPADAS 1 MILLAR	31	1000
SAL DE COCINA SALINA 1 KG	8	1
SAL DE MESA JJD´MAR 1 KG	8	1
COCKTAIL DE NUECES VALLEALTO X  90 GR	8	1
SALTY MIX  VALLEALTO X 40 GR	8	1
PECANA PELADA VALLEALTO X  90 GR	8	1
SAL DE COCINA JJD'MAR 1 KG	8	1
COCKTAIL CON NUECES VILLA NATURA 80 GR (E)	8	1
PECANA PARTIDA TOÑA 1 KG	8	1
MIXTURA DE NUECES VALLE ALTO 90 GR	8	1
SALTY MIX VALLEALTO 40 GR	8	1
SAL LOPESA 1 KG	8	1
ESTRAGON BADIA 3.5 OZ	18	0.992
ROMERO SECO BADIA 8 OZ	18	0.2268
ESTRAGON SECO TOÑA 250 GR	8	0.25
CEBADA TOSTADA KOMILON 5 KG	8	5
CEBADA TOSTADA EL PLEBEYO 250 GR	8	0.25
PAPRIKA BELEN 500GR	8	0.5
AJI MIRASOL 4 ESTACIONES 1KG	8	1
AJI PANCA SECO 4 ESTACIONES 1 KG	8	1
AJONJOLI 4 ESTACIONES 1 KG	8	1
ALMENDRAS 4 ESTACIONES 1 KG	8	1
ANIS SECO 4 ESTACIONES 1 KG	8	1
CANELA CHINA 4 ESTACIONES 1 KG	8	1
CANELA ENTERA 4 ESTACIONES 1 KG	8	1
CANELA ENTERA 4 ESTACIONES 500 GR	8	0.5
CANELA MOLIDA 4 ESTACIONES 1 KG	8	1
CASTAÑAS 4 ESTACIONES 1 KG	8	1
CEBADA TOSTADA 4 ESTACIONES 2 KG	8	2
CLAVO DE OLOR ENTERO 4 ESTACIONES 1 KG	8	1
COCO RALLADO LARGO 4 ESTACIONES 250 GR	8	0.25
COCO RALLADO 4 ESTACIONES 1 KG	8	1
COMINO MOLIDO 4 ESTACIONES 1 KG	8	1
ESTRAGON SECO 4 ESTACIONES 250 GR	8	0.25
HIGO SECO 4 ESTACIONES 1 KG	8	1
LAUREL 4 ESTACIONES 1 KG	8	1
MANI TOSTADO PELADO 4 ESTACIONES 1 KG	8	1
NUEZ MOSCADA MOLIDA 4 ESTACIONES 50 GR	8	0.05
OREGANO ENTERO 4 ESTACIONES 1 KG	8	1
PALILLO MOLIDO 4 ESTACIONES 1 KG	8	1
PAPRIKA 4 ESTACIONES 1 KG	8	1
PAPRIKA 4 ESTACIONES 500 GR	8	0.5
PECANA 4 ESTACIONES 1 KG	8	1
PIMIENTA NEGRA ENTERA 4 ESTACIONES 1 KG	8	1
PIMIENTA NEGRA MOLIDA 4 ESTACIONES 1 KG	8	1
ROMERO TIPO PIZZA 4 ESTACIONES 250 GR	8	0.25
TOMILLO TIPO PIZZA 4 ESTACIONES 250 GR	8	0.25
KION MOLIDO SECO 4 ESTACIONES 250 GR	8	0.25
COCO RALLADO COCOS Y NUTS 1 KG	8	1
PALILLO MOLIDO BADIA 453 GR	8	0.453
SAL FINA LOBOS 1 KG	8	1
NUEZ ENTERA PELADA 4 ESTACIONES 1 KG	8	1
CEBADA TOSTADA VALLESOL 5 KG	8	5
MIX SALADITO SANTIS 100 GR	8	1
PAPRIKA BADIA 453.6 GRM ( 16 OZ)	18	0.4536
MIXTURA DE NUECES SANTIS 100 GR	8	1
CANELA EN POLVO BADIA 453.60 GRM	8	0.4536
CANELA EN POLVO BADIA 1.81 KGR	8	1.81
EUCALIPTO (HOJAS) 4 ESTACIONES 250 GRM	8	0.25
PAN BLANCO FAMILIAR BIMBO 750 GR	8	0.75
PAN MOLIDO BIMBO 250 GR	8	0.25
PURATOS EASY PAN FIBRA 5 KG	8	5
PANETON WINTERS CAJA 900 GR	45	0.9
PURATOS EASY PAN SUAVE 5 KG	8	5
PANETON (PANETONCITO) DONOFRIO CAJA 80-90 GR	45	1
PREMEZCLA INVENTIS PAN DE YEMA 25 KG	8	25
PREMEZCLA INVENTIS PAN CIABATTA 10 KG	8	10
PANETON PASQUALINO BOLSA 900 GR	8	0.9
PANETON EN CAJA 80 GR COSTA MINIONS	10	1
PANETON MINI GLORIA BOLSA 80 GR	8	1
PANETON PACK CAJA TODINNO 900 GR + TODINNITO 85 GR	10	1
PANETON GLORIA CAJA  X 900 GR	45	1
PANETON MINI CHOCO GLORIA BOLSA 90 GR	8	1
PANETON (PANETONCITO) DONOFRIO BOLSA 80 GR	45	1
PAN BLANCO XL EXTRA GRANDE BIMBO 770 GR	8	0.77
TORTILLA CLASICA BIMBO X 12 UNIDS (EMER)	8	12
PANETON EN BOLSA DOYPACK WINTERS 850 GR	8	0.85
PURATOS EASY CIABATTA 10 KG	8	10
PURATOS EASY PAN FIBRA 10 KG	8	10
PANETON EN BOLSA 800 GR COSTA	8	1
PANETON EN CAJA 900 GR COSTA	10	1
PANELA GRANULADA 1KG	23	1
PURATOS EASY PAN SUAVE 10 KG	8	10
ENROLLADO DE CHANCHO A LA CAJA CHINA (CILINDRO)	45	1
PANELA GRANULADA ONZA 1 KG	23	1
PANETON BARLETTA CAJA 900 GR	10	1
PANETON EN CAJA 90 GR BARLETTA CHOCOCHISPAS	10	1
PANETON GLORIA BOLSA 900 GR	8	0.9
COBERTURA CHOCOLATE BLANCO 600 GR	3	0.25
MUFFIN DE PLATANO GYM (CONGELADO)	45	1
BROWNIE DE CHOCOLATE CON COBERTURA GYM (CONGELADO)	8	1
KEKE BIMBOLETE MARMOLEADO 02 UND 70 GR	45	1
KEKE BIMBOLETE VAINILA 02 UND 70 GR	45	1
KEKE BIMBOLETE MARMOLEADO 55 GR	45	1
CREMA DE LECHE GLORIA 946 CC	8	0.9
CREMA DE LECHE LAIVE 946 ML	8	0.946
ESPINAZO DE POLLO CONGELAD0	23	1
CHALONA	23	1
GLUTEN LEVAPAN 1 KG	8	1
FUDGE DE CHOCOLATE BAZO VELARDE 550 GR	9	0.55
COLORANTE AMARILLO LIMON LEVAPAN 250 ML	18	0.25
MANTECA VEGETAL DE PALMA LA FAMOSA 10 KG (EMER)	45	10
ESCENCIA DE PLATANO ELEZAN 90 ML	18	0.09
HELADO BASE VAINILLA GLORIA 946 ML	8	0.946
HELADO BASE CHOCOLATE GLORIA 946 ML	8	0.946
PUDIN DE VAINILLA UNIVERSAL 100 GR	8	0.1
PUDIN DE CHOCOLATE UNIVERSAL 100 GR	8	0.1
GELATINA DE NARANJA UNIVERSAL 150 GR/130 GR	8	0.15
FLAN DE VAINILLA UNIVERSAL 150 GR	8	0.15
ESCENCIA DE LUCUMA ELEZAN 90 ML	18	0.09
FLAN DE VAINILLA MELOSITA 5 KG	8	5
COBERTURA BITTER PURATOS 10 KG	10	10
CHOCOLATE BLANCO COBERTURA NEGUSA 600 GR	10	0.6
PREMEZCLA INVENTIS BIZCOCHUELO TRES LECHES 5 KG	8	5
PREMEZCLA INVENTIS CHIFFON 5 KG	8	5
PREMEZCLA INVENTIS TORTA DE CHOCOLATE INTENSO  10 KG	39	10
GELATINA SABOR FRESA IFF 1KG	8	1
GELATINA SABOR NARANJA IFF 1KG	8	1
GELATINA SABOR PIÑA IFF 1KG	8	1
GELATINA SABOR FRAMBUESA IFF 1KG	8	1
GELATINA SABOR LIMON IFF 1KG	8	1
GELATINA SABOR UVA IFF 1KG	8	1
ESCENCIA DE VAINILLA UMSHA 1 LT PET	9	1
COBERTURA GOTAS BITTER NEGUSA 1 KG	8	1
AZUCAR IMPALPABLE NEGUSA 1 KG	8	1
LEVADURA INSTANTANEA SAF INSTANT DORADA 500 GR	8	0.5
POLVO DE HORNEAR LESAFFRE INVENTIS 5 KG	8	5
COLORANTE FRATELLO LIQUIDO AMARILLO HUEVO 250 ML	18	0.25
PUDIN DE CHOCOLATE ROYAL 110 GR	8	0.11
LEVADURA INSTANTANEA MAURIPAN 500 GR (EMER)	8	0.5
COBERTURA BITTER OBLEAS NEGUSA 1 KG	8	1
BICARBONATO DE SODIO ELYMAR 250 GR	8	0.25
AZUCAR IMPALPABLE NEGUSA 1 KG - UNIDAD	8	1
LEVADURA INSTANTANEA FLEISCHMANN 500 GR (EMER)	8	0.5
PREMEZCLA INVENTIS GOLD CAKE 5 KG	8	5
JARABE FRUTTIGEL CHOCOLATE 1 KG	8	1
JARABE FRUTTIGEL FRESA 1 KG	8	1
JARABE FRUTTIGEL DURAZNO 1 KG	8	1
JARABE FRUTTIGEL GUANABANA 1 KG	8	1
LEVADURA INSTANTANEA OKEDO INSTANT 500 GR	8	0.5
LEVADURA INSTANTANEA NICOLLINI 500 GR (EMER)	8	0.5
PUDIN DE CHOCOLATE UNIVERSAL  100 GR	8	0.1
ESENCIA DE PANETON FRATELLO 500 CC	18	0.5
JARABE FRUTTIGEL BRILLO NEUTRO 1 KG	8	1
MEJORADOR DE MASA FLEISCHMAN 5 KG (EMER)	8	5
POLVO DE HORNEAR FLEISCHMAN 5 KG (EMER)	42	5
SNACK PACK PUDDIN DEVAINILLA X 4PK	8	1
GELATINA SABOR LIMON MACROFOOD 1KG	8	1
GELATINA SABOR FRESA MACROFOOD 1KG	8	1
GELATINA SABOR NARANJA MACROFOOD 1KG	8	1
GELATINA SABOR PIÑA MACROFOOD 1KG	8	1
GELATINA SABOR NARANJA BAJA EN CALORIAS MACROFOOD 1KG	8	1
GELATINA SABOR PIÑA BAJA EN CALORIAS MACROFOOD 1KG	8	1
GELATINA SABOR FRESA  BAJO EN CALORIAS MACROFOOD 1KG	8	1
PUDIN DE CHOCOLATE MACROFOOD 1KG	8	1
PUDIN DE VAINILLA MACROFOOD 1KG	8	1
PUDIN DE COCO MACROFOOD 1KG	8	1
COLORANTE FRATELLO LIQUIDO AMARILLO HUEVO 250 ML (EMER)	18	0.25
COLORANTE FRATELLO LIQUIDO ROJA BANDERA 250 ML (EMER)	18	0.25
CREMA CHANTILLY PRIMAVERA 1 LT	10	1
CREMA CHANTIPACK PURATOS 1LT	10	1
PURATOS TEGRAL CHIFFON 10 KG	8	10
PURATOS TEGRAL BIZCOCHUELO TRES LECHES 10 KG	8	10
PURATOS TEGRAL KEKE VAINILLA 10 KG	8	10
COLAPIZ EN POLVO TOÑA 1 KG	8	1
PUDIN DE VAINILLA MAS VENTAS 5 KG	8	5
GELATINA DE LIMON MAS VENTAS DULCIMAS 5 KG	8	5
GUINDONES SIN PEPA TOÑA 250 GR	8	0.25
FLAN DE CHOCOLATE CEYLAN 5 KG	8	5
E - CREMA CHANTILLY FLEICHMANN 1 LT	10	1
GELATINA SABOR NARANJA QUIMTIA 1KG	8	1
GELATINA SABOR PIÑA QUIMTIA 1KG	8	1
GELATINA SABOR FRESA QUIMTIA 1KG	8	1
DULCERIO TRES LECHES X 1 LT	10	1
PURATOS T. TORTA DE CHOCOLATE X 10 KG	39	10
CREMF.CLASSIC BAUNILHA X 4.5	5	4.5
CREMF.CLASSIC COCO X 4.5	5	4.5
BELCO CHIPS BITTER X5 KG B GRAINS	8	5
MERENGUE EN POLVO X 5KG	39	5
AZUCAR IMPALPABLE LA NEGRITA 5 KG	8	1
GELATINA DE FRESA UNIVERSAL 150 GR/130 GR	8	0.15
MEJORADOR DE MASA MAGIMIX AMARILLO LESAFRE 5 KG	8	5
LEVADURA INSTANTANEA MAURIPAN 500 GR	8	0.5
GELATINA DE FRESA LEAL 5 KG	8	5
GELATINA DE NARANJA LEAL 5 KG	8	5
POLVO DE HORNEAR FLEICHMANN 1 KG	42	1
LECHE CONDENSADA NESTLE 393 GR	24	0.393
FLAN DE VAINILLA CEYLAN 5 KG	8	5
BICARBONATO DE SODIO 4 ESTACIONES 250 GR	8	0.25
COLAPIZ EN POLVO 4 ESTACIONES 1 KG	8	1
COLAPIZ EN POLVO 4 ESTACIONES 250 GR	8	0.25
COLAPIZ EN POLVO 4 ESTACIONES 500 GR	8	0.5
GRAJEA DE PANADERIA 4 ESTACIONES 1 KG	8	1
MEJORADOR DE MASA  IBIS KG	8	1
FLAN DE VAINILLA LEAL 5 KG	8	5
GELATINA DE PIÑA UNIVERSAL 150 GR/130 GR	8	0.15
MEJORADOR DE MASA FLEISCHMANN 5 KGM	8	5
COLORANTE FRATELLO LIQUIDO VERDE HOJA 250 ML	18	0.25
COLORANTE FRATELLO LIQUIDO AMARILLO LIMON 250 ML	18	0.25
COLORANTE FRATELLO LIQUIDO ROJA BANDERA 250 ML	18	0.25
MEJORADOR MASA STARPAN LEVAPAN 5 KG	8	5
MEJORADOR MASA STARPAN LEVAPAN 1 KG	8	1
ESCENCIA DE NARANJA SOLUBLE FRATELLO 250 ML PET	9	0.25
PURATOS T. TORTA DE CHOCOLATE EXTREMO X 10 KG	39	10
SNACK PACK PUDDIN DE CHOCOLATE X 4PK	8	1
VINAGRE BLANCO A-1 1 LT	19	1
VINAGRE TINTO FANNY 500 ML	9	0.5
VINAGRE BLANCO FANNY 500 ML	9	0.5
VINAGRE TINTO A-1 4 LT	19	4
PASTA DE TOMATE B&D 3.20 KG	24	3.2
MAYONESA BASE MACBEL 4 LT  (E)	10	4
SALSA SILLAU TRESA 3.8 LT	19	3.8
VINAGRE BLANCO TRESA 3.8 LT	19	3.8
VINAGRE TINTO TRESA 3.8 LT	19	3.8
PASTA DE TOMATE EMIC 1 KG	8	1
SALSA DE AJI CASERO TRESA 8/10 GR	38	1
SALSA OSTION HADAY 700 ML (VIDRIO)	18	0.7
SALSA AJI TARI 10/8GR	38	1
SALSA AJI TARI 10/8 GR SACHET	38	1
SALSA OSTION  HADAY X 260 ML	18	0.26
SALSA OSTION  HADAY X 260 ML - UNIDAD	18	0.26
SALSA OSTION  HADAY X 250 ML	18	0.25
SALSA OSTION JADE BRIDGE 250 ML	18	0.25
SALSA SILLAO LOPESA 5 LT	19	5
VINAGRE BALSAMICO LUREN 5 LT PET (EMER)	4	5
SALSA OSTION NAKAMITO 270 ML (EMER)	18	0.27
VINAGRE TINTO A-1 1 LT	19	1
PASTA DE TOMATE MAGGI 1 KG	38	1
E - SALSA DE AJI CASERO TRESA 5 GR	38	1
E - MOSTAZA TRESA PERSONAL 5 GR	38	1
E - MAYONESA ALACENA PERSONAL 10 GR	38	1
E - KETCHUP ALACENA SACHET 8 CC	45	1
MAYONESA HELLMANS SUAVE 2900 CC	8	2.9
KETCHUP COMPASS  400 GR CHISGUETE	38	0.4
SALSA DE AJI TARI 10/8 GR	38	1
MAYONESA TRESA PERSONAL 10 GR	38	1
MOSTAZA TRESA PERSONAL 10 GR	38	1
KETCHUP TRESA PERSONAL 10 GR	38	1
SALSA DE AJI SODEXO 5 GR	38	1
SALSA DE ROCOTO SODEXO 5 GR	38	1
PASTA DE AJI PANCA RAM 1 KG	8	1
PASTA DE AJO RAM 1 KG	8	1
PRE ELABORADO RAM BASE ORIENTAL 1 KG	8	1
SALSA ROCOTO ALACENA 85 GR	38	0.085
SALSA DE AJI POLLERO RAM 1 KG	8	1
SALSA DE AJI ROCOTO RAM 1 KG	8	1
SALSA DE AJI TARI 85 GR	38	0.085
MOSTAZA ALACENA 220 GR	38	0.22
KETCHUP DERBY 4 LT	5	4
MOSTAZA DERBY 4 KG	5	4
VINAGRE BALSAMICO LUREN 5 LT PET	4	5
VINAGRE DE MANZANA OLIVOS DEL SUR 4 LT PET	9	4
SALSA POMODORO EMIC 1 KG	8	1
SALSA DE AJI ROCOTO EMIC 1 KG	8	1
AJI DE LA ABUELA EMIC 1 KG	8	1
AJI LIMEÑO EMIC 1 KG	8	1
AJI CRIOLLO (PICADILLO) EMIC 1 KG	8	1
SALSA BBQ LUREN 510 GRM	18	0.51
SALSA INGLESA LUREN 295 ML	18	0.295
SALSA INGLESA LUREN 295 ML PET	9	0.295
CHOCOLATE FOCHIS MANI 16 GR	45	1
TORTEES PICANTE FRITO LAY 34 GR	8	0.034
MANI TUBULAR PICANTE KARINTO 42 GR	8	1
MANI SALADO ENGALLETADO KARINTO 100 GR	8	1
HABAS SALADAS KARINTO 18 GR	8	1
PIQUEO SNACK FRITO LAY 52 GR	8	1
HABAS SALADAS KARINTO 30 GR	8	1
DORITOS FRITO QUESO FUEGO LAY 45 GR	8	1
CHIFLES SALADO KARINTO 34 GR	45	1
DORITOS FRITO QUESO ATREVIDO LAY 45 GR	8	1
PAPAS LAYS 38 GR	8	1
TOSTITOS REDONDOS 150 GR	45	1
DORITOS FRITO QUESO ATREVIDO LAY 190 GR	8	0.19
PAPAS ONDAS LAYS 140 GR	8	1
CANCHA CHULPI VILLA NATURA 80 GR	8	1
PAPAS LAYS NATURAL 34 GR	8	1
DETODITO MIX FRITO LAY 50 GR	8	1
PASAS MORENAS VALLE ALTO 100 / 90 GR	8	0.1
MANI CON PASAS VALLE ALTO 100 GR	8	1
PAPAS ONDAS PICANTE LAYS 105 GR	8	1
PAPAS ONDAS PICANTE LAYS 35 GR	8	1
PAPAS LAYS NATURAL UND 34 GR	8	1
DORITOS MEGA QUESO UND 43 GR	8	1
CHEETOS BOLIQUESO UND 160 GR	8	1
CHEESE TRIS QUESO UND 107 GR	8	1
DETODITO MIX FRITO LAY  UND 50 GR	8	1
DETODITO MIX FRITO LAY UND 165 GR	8	1
DETODITO NATURAL FRITO LAY UND 50 GR	8	1
DETODITO NATURAL FRITO LAY UND 165 GR	8	1
CHEESE TRIS QUESO FRITO LAY UND 42 GR	8	1
PAPAS ONDAS MAYONESA LAYS 35 GR	8	1
PAPAS ONDAS MAYONESA LAYS 105 GR	8	1
MANI CON PASAS VALLE ALTO 90 GR	8	1
PAPAS ONDAS MAYONESA LAYS 34 GR	8	1
PUFF DE QUINUA 7 DRAGONES POLLO BRASA LEÑA 40 GR	8	1
PUFF DE QUINUA 7 DRAGONES QUESO NAPOLITANO 40 GR	8	1
PUFF DE QUINUA 7 DRAGONES BBQ PICANTE 40 GR	8	1
PUFF DE QUINUA 7 DRAGONES QUESO GRILLADO 40 GR	8	1
PUFF DE QUINUA 7 DRAGONES LEMON PEPPER 40 GR	8	1
CANCHA SALADA PIKADITOS 100 GR	8	1
PIQUEO SNACK FRITO LAY 190 GR	8	1
PAPAS ONDAS LAYS 130 GR	8	1
PAPAS ONDAS LAYS 37 GR	8	1
MANI CON PASAS VALLE ALTO BOLSA 90 GR	8	1
CHIFLES SALADO KARINTO 28 GR	45	1
HABAS SALADAS KARINTO 38 GR	8	1
HABAS SALADAS CARTER (P) 18 GR	45	1
MANI CONFITADO CARTER 18 GR	45	1
CHIZITO FRITO LAY 16 GR	8	1
PAPAS LAYS 32 GR	8	1
MANI SALADO KARINTO 42 GR	8	1
PECANA PELADA SANTIS 80 GR	8	1
MANI CON PASAS KARINTO 39 GR	45	1
MANI NATURAL KARINTO 38 GR	8	1
MANI CON PASAS CARTER 37 GR	45	1
CANCHA FRITA 4 ESTACIONES 1 KG	8	1
MANI SALADO CARTER 37 GR	45	1
CANCHA SALADA SANTIS 100 GR	8	1
PAPAS AL HILO 4 ESTACIONES 500 GR	8	0.5
CHIFLES KARINTO 42 GR	45	1
CAMOTE NATUCHIPS 90 GR	8	1
DORITOS FRITO QUESO ATREVIDO LAY 43 GR	8	1
DORITOS FRITO QUESO FUEGO LAY 43/40 GR	8	1
MANI TUBULAR NATURAL SALADO KARINTO 38/35 GR	8	1
MANI SALADO ENGALLETADO KARINTO 35 GR	8	1
MANI CON PASAS CARTER 100 GR	45	1
MANI TUBULAR CONFITADO KARINTO 38 GR	8	1
CHIZITO QUESO FRITO LAY 190 GR	8	1
DORITOS FRITO QUESO ATREVIDO LAY 210 GR	8	1
PIQUEO SNACK FRITO LAY 280 GR	8	1
PIQUEO SNACK FRITO LAY   45 GR	8	1
HABAS SALADAS KARINTO 35 GR	8	1
MANI ORIENTAL PICANTE CARTER 37 GR	8	1
PAPAS PICANTES CARTER 36 GRM	8	1
PIQUEO SNACK FRITO LAY 200 GR	8	1
MANI CON PASAS SANTIS 100 GR	8	1
CHEETOS CANCHITA CARAMELO 47 GR	8	1
MANI CON PASAS GRANUTS 40/50 GRM	45	1
PAPAS LAYS 36 GR	8	1
PECANA PELADA RIKOSFOODS 80 GR	8	0.08
HABAS SALADAS PICADITOS 20 GR	45	1
POP CORN ACT II BUTTER 80 GR	42	1
POP CORN ACT II NATURAL 80 GR	42	1
PECANA PELADA SANTIS 90 GR	8	1
CHIFLES SALADO KARINTO 38 GR	45	1
PAPAS LAYS 40/32 GR	8	1
PAPAS ONDAS PICANTE LAYS 140 GR	8	1
HABAS SALADAS KARINTO 70 GR	8	1
PIQUEO SNACK FRITO LAY 55 GR	8	1
MAYONESA SCALA EMIC 3.8 KG	8	3.8
MANTECA VEGETAL SELECTO DE ORO 10 KG	10	10
HONGO SECO 4 ESTACIONES 500 GR	8	0.5
PASAS SECAS RUBIAS 4 ESTACIONES 1 KG	8	1
MAYONESA BASE EMIC 3.8 KG	8	3.8
ARVEJA GRANO PELADA CONGELADO	23	1
BETERRAGA EN CUBOS CONGELADO	23	1
BROCOLI PRE COCIDO 30/60 CONGELADO	23	1
CHOCLO DESGRANADO CONGELADO	23	1
ESPINACA CONGELADA	23	1
VAINITA EN TROZOS CONGELADA	23	1
YUCA  CONGELADA	23	1
ZANAHORIA EN RODAJAS SORAYA CONGELADO	23	1
ZANAHORIA EN TIRAS CONGELADO	23	1
OLLUQUITO PICADO CONGELADO	23	1
HABAS VERDES PELADAS  CONGELADA	23	1
ZANAHORIA EN CUBOS CONGELADO	23	1
PULPA DE LUCUMA CONGELADO	23	1
PULPA DE MELON CONGELADO	23	1
CARNE MOLIDA  CONGELADA	23	1
CHULETA DE CERDO TROZADO 150 GR CONGELADO	23	1
CORAZON DE RES CONGELADO	23	1
COSTILLA DE CERDO (PANCETA) CONGELADO	23	1
GALLINA ENTERA SIN MENUDENCIA CONGELADO - IMPORTADO	23	1
HAMBURGUESA DE POLLO CONGELADO	23	1
HAMBURGUESA DE RES CONGELADO	23	1
HIGADO DE RES CONGELADO	23	1
MONDONGO CONGELADO	23	1
PECHUGA DE PAVO CON HUESO CONGELADO	23	1
PIERNA DE CERDO SIN PIEL Y SIN HUESO CONGELADO	23	1
PIERNA DE CORDERO CONGELADO	23	1
PIERNA DE POLLO CON ENCUENTRO CONGELADO	23	1
POLLO SIN MENUDENCIA CONGELADO RANGO 1.428 - 1.611 KG (SAN FERNANDO)	23	1
PATITA DE CERDO CONGELADO	23	1
PECHUGA DE POLLO C/HUESO Y PIEL CONGELADO	23	1
PAVO ENTERO CON MENUDENCIA CONGELADO	23	1
GALLINA ENTERA CON MENUDENCIA CONGELADO	23	1
CORDERO ENTERO TROZADO CONGELADO	23	1
BONDIOLA DE CERDO CONGELADO	23	1
PATO ENTERO SIN EXTREMIDADES CONGELADO	23	1
PATA DE RES CONGELADO	23	1
POLLO SIN MENUDENCIA CONGELADO RANGO 1.75  A 1.85 KG	23	1
CUY SIN PATAS Y SIN CABEZA  CONGELADO	23	1
CUARTO COMPENSADO DE RES CONGELADO	23	1
POLLO SIN MENUDENCIA CONGELADO RANGO 2 KG	23	1
BRAZUELO DE CERDO SIN PIEL Y SIN HUESO CONGELADO	23	1
LECHON ENTERO CONGELADO (PESO DE 8 A 10 KG.)	23	1
BIFE ANCHO CONGELADO NACIONAL	23	1
FILETE DE PIERNA DE POLLO C/ PIEL CONGELADO 130-230 GR	23	1
POLLO SIN MENUDENCIA CONGELADO RANGO 1.6 A 1.8 KG	23	1
ALPACA ENTERA TROZADA CONGELADA	23	1
CHULETA DE CERDO TROZADO 120 GR CONGELADO	23	1
MIXTURA DE MARISCOS CONGELADO	23	1
PEJERREY CORTE MARIPOSA S/CABEZA Y C/COLA CONGELADO	23	1
TRUCHA ENTERA EVISCERADA CONGELADO GRANEL 100 - 400 GR	23	1
PERICO FILETE CON PIEL CONGELADO	23	1
PERICO FILETE SIN PIEL CONGELADO- KGM	23	1
BONITO FILETE CON PIEL CONGELADO - KGM	23	1
REYNETA FILETE SIN PIEL CONGELADO	23	1
HELADO DONOFRIO ALASKA MANGO 75 / 70 ML	45	1
HELADO DONOFRIO DON SANDWICH-ITO 49 CC	45	1
RAVIOLES DE CARNE CONG.	23	1
RAVIOLES DE RICOTTA Y ESPINACA CONG.	23	1
GASEOSA COCA COLA 500 ML	9	1
GASEOSA FANTA 500 ML	9	1
GASEOSA INCA KOLA 500 ML	9	1
GASEOSA SPRITE 500 ML	9	1
GASEOSA INCA KOLA 3 LT	9	3
GASEOSA FANTA 3 LT	9	3
GASEOSA SEVEN UP 500 ML	9	1
GASEOSA INCA KOLA 1.5 LT	9	1.5
GASEOSA CONCORDIA FRESA 500 ML	9	1
GASEOSA CONCORDIA PIÑA 500 ML	9	1
GASEOSA COCA COLA 3 LT	9	3
GASEOSA SPRITE 3 LT	9	3
BETUN MARRON SAPOLIO 22 ML	24	1
BETUN MARRON KIWI 88 GR	24	1
BETUN NEGRO KIWI 88 GR	24	1
DESINFECTANTE LIMPIADOR PINO DARYZA 3.8 LT	19	1
SILICONA SAPOLIO SPRAY 360 ML	45	0.36
GASEOSA PEPSI 500 ML	9	1
BETUN NEGRO SAPOLIO 88 ML	24	1
GASEOSA CONCORDIA NARANJA 500 ML	9	1
PROTECTOR MERRYCHEF 750ML	45	1
JOHNSON DIVERSEY  SOFTCARE FREE PLUS  GLN X 5 LT	19	5
JOHNSON DIVERSEY SUMA COMBI+ 5LT	45	5
JOHNSON DIVERSEY SUMA F4 5 LT	19	5
GASEOSA INCA KOLA SIN AZUCAR 1.5 LT	9	1.5
GASEOSA COCA COLA SIN AZUCAR 500 ML	9	1
GASEOSA COCA COLA SIN AZUCAR 1.5 LT	9	1.5
GASEOSA COCA COLA 2.25 LT	9	2.25
DIVERSEY GOOD SENSE FRESH PHASE 1.5 LT	45	1.5
JOHNSON DIVERSEY FLASH BAÑO 5 LT	19	5
JOHNSON DIVERSEY DRAX ULTRA 5 LT	19	5
JOHNSON DIVERSEY SUMA BAC D10 5 LT	19	1
JOHNSON DIVERSEY ALPHA HP 1.5 LT	18	1
JOHNSON DIVERSEY TASKI R5 LT	18	1
CLEANER MERRYCHEF 750ML	45	1
BEBIDA REHIDRATANTE MORA AZUL POWERADE 500 ML	9	1
CIGARRILLO LUCKY STRIKE ORIGINAL BLUE GRANDE	14	1
CIGARRILLO LUCKY STRIKE ORIGINAL BLUE CHICO	14	1
LIPSTICK PORTUGAL UND	45	1
JOHNSON DIVERSEY CLAX ALFA  20 LT	4	1
SHAMPOO PANTENE 12 ML	38	1
CEPILLO DENTAL DENTO	45	1
TOALLA HIGIENICA ALWAYS X 24 UND	31	1
TIRAS REACTIVAS DE PEROXIDO X 100U - 100/400PPM	45	100
PULVERIZADOR PLASTICO 750 ML	45	1
JALADOR DE AGUA CON CERDAS 45 CM 9C42 NEGRO RUBBERMAID	32	1
RUBBERMAID REPUESTO JALADOR DE AGUA 76 CM 9C29	45	1
PAPEL HIGIENICO JUMBO BLANCO SCOTT 550 MT	36	1
PAPEL MANTECA RESMA  PAQ 450 HOJAS	31	450
PAPEL MANTECA ROLLO	36	1
PAPEL DE ALUMINIO UTIL 12 X 300 MT	10	1
JOHNSON DIVERSEY SUMA D44 5 LT	19	5
AGUA SAN LUIS BIDON 20 LT	4	20
AGUA SAN LUIS DESCARTABLE BIB 20 LT	10	20
AGUA SAN LUIS SIN GAS 2.5 LT	9	1
AGUA VIDA SIN GAS 625 ML	9	1
PAPEL HIGIENICO SUAVE 15.96 MTS (30241893)	36	1
PAPEL HIGIENICO VERDE 16 MT X 20 ROLLOS	31	1
PAPEL HIGIENICO DOBLE HOJA SUAVE RESISTEMAX 15 MT (30242657)	36	1
BEBIDA REHIDRATANTE FRUTILLA POWERADE 500 ML	9	1
BEBIDA REHIDRATANTE MANDARINA POWERADE 500ML	9	1
AGUA SAN LUIS CON GAS 625 ML	9	1
AGUA SAN LUIS SIN GAS 625 ML	9	1
PAPEL HIGIENICO JUMBO BLANCO SUAVE 550 MT (30219852)	36	1
PAPEL HIGIENICO JUMBO BLANCO SUAVE 550 MT (30223592)	36	1
PAPEL HIGIENICO JUMBO BLANCO SCOTT 550 MT (30228044)	36	1
PAPEL HIGIÉNICO SUAVE 16MTS (30229579)	36	1
PAPEL HIGIENICO SUAVE DOBLE HOJA	45	1
PAPEL HIGIENICO SUAVE DOBLE HOJA (LCL)	45	1
PAPEL TOALLA SCOTT ABSORB X 4 UND	31	4
PAPEL TOALLA INTERFOLIADO BLANCO ELITE 200 HOJAS	31	1
PAPEL TOALLA NATURAL JUMBO SCOTT 200 MT (30203351)	45	1
PAPEL TOALLA AIRFLEX BLANCO SCOTT 200 MT (30224771)	45	1
PAPEL TOALLA AIRFLEX BLANCO BASIC SCOTT 200 MT (30242645 - 30228197)	45	1
PAPEL TOALLA KCP WIPERS SCOTT 60 HOJAS 3 ROLL (30228620)	31	1
PAPEL TOALLA INTERFOLIADO AIRFLEX BLANCO SCOTT ESSENT 150 HOJAS 28 GR (30228392)	45	150
PAPEL TOALLA KCP SCOTT RLL 2P 6X2 X100H (30240559)	31	1
SERVILLETA TESS 6 UND DE 400 HOJAS	31	1
SERVILLETA POP UP AIRFLEX SCOTT  120 UND ( 30209601 )	45	120
SERVILLETA AIRFLEX 200 HOJAS (30209703)	45	200
SERVILLETA ELITE ECOLOGICA 33 X 22.5 100 UND	31	100
PAPEL PARAFINADO 24 X 25 35 GR (1 COLOR) MILLAR	31	1000
PAPEL PARAFINADO 29 X 33 30 GR (1 COLOR) MILLAR	31	1000
JUGO DE DURAZNO FRUGOS 1 LT	10	1
JUGO DE MANGO WATTS 200 ML	10	1
JUGO DE NARANJA FRUGOS 1 LT	10	1
JUGO CIFRUT GRANADILLA-MARACUYA 500 ML	9	1
JUGO DE NARANJA GLORIA 250 ML	10	1
JOHNSON DIVERSEY SOFTCARE DES-E GLN X 5 LT	19	5
JUGO DE DURAZNO WATTS 1 LT	10	1
JUGO DE DURAZNO WATTS 200/180 ML	10	1
JUGO DE MANGO WATTS 1 LT	10	1
JUGO DE NARANJA WATTS 1 LT	10	1
JUGO DE PIÑA WATTS 1 LT	10	1
JOHNSON DIVERSEY SOFTCARE ALCOHOL GEL 1000 ML	38	1
GEL ANTIBACTERIAL IDOGEL 1 LT	9	1
PRE ELABORADO NATURALE CONCENTRADO CHICHA MORADA 2 LT	8	2
ALCOHOL EN GEL BLEND X 400 ML	45	1
PRE ELABORADO NATURALE CONCENTRADO MARACUYA 2 LT	8	2
GEL ANTIBACTERIAL GG 1 LT	9	1
ALCOHOL GEL X 1100 ML TAPA PUMP-NEX	26	1
PRE ELABORADO NATURALE CONCENTRADO CARAMBOLA 2 LT	8	2
ALCOHOL GEL X 1000 ML TAPA PUMP NEX	26	1
ALCOHOL EN GEL NEX X 380 ML	45	1
ALCOHOL GEL IDOGEL X 1000ML	26	1
JOHNSON DIVERSEY SOFTCARE ALCOHOL GEL GLN X 5 LT	19	5
PRE ELABORADO NATURALE CONCENTRADO MANZANA 2 LT	8	2
CREMA DENTAL COLGATE 90 GR	44	1
DESODORANTE REXONA SPRAY  175 ML	18	1
NEKO EXTRA PROTECCION ANTIBACTERIAL 75GR	3	1
JABON LIQUIDO AVAL 5 LT	19	1
JABON TOCADOR CEST IT BON 80 GR	3	1
JABON ANTIBACTERIAL REXONA 84 GR	3	1
JABON TOCADOR CAMAY 85 GR	3	1
JABON TOCADOR LUX 85 GR	3	1
JABON TOCADOR CEST IT BON HOTELERO SPA 10 GR	3	1
JABON TOCADOR NIVEA 75 GR	3	1
JABON ANTIBACTERIAL ETIQUET 75 GR	3	1
JABON TOCADOR REXONA 85 GR	3	1
JABON ANTIBACTERIAL NEKO 75 GR	3	1
JABON DOVE ORIGINAL 90 GR	3	1
JABON ANTIBACTERIAL PROTEX 75GR (LCL)	45	1
CREMA PONDS CELESTE POTE 100 GR	45	1
ESCOBA DE PLASTICO SUPER DALIA VIRUTEX	45	1
CABEZA ESCOBA DE PLASTICO SUPER DALIA VIRUTEX 12 UND	31	1
PALO ESCOBA DE PLASTICO SUPER DALIA VIRUTEX 12 UND	31	1
ESPONJA SCOTH BRITE N.746 TRABAJO PESADO PLANCHA CALIENTE PQT X 15 UND	31	15
FIBRA EXTRA DURA 250X120X25 NEGRO	45	1
FIBRA EXTRA DURA 250X120X25 NEGRO CORTADA EN 2 UND	45	1
ESPONJA VERDE SCOTCH BRITE 96 S/B / BA010000020 3M	45	1
ESPONJA NARANJA 746 P/GRIDDLE CLEANER S/B  / 70071593647 3M	45	1
ESPONJA POWER PAD PODEROSA ACERO INOXIDABLE 2000 S/B / 70070724235 /3M	45	1
ESPONJA CERO RAYAS INSTITUCIONAL BLANCO 3M SCOTH BRITE UND	45	1
ESPONJA TRABAJO PESADO N° 88 SCOTCH BRITE	45	1
ESPONJA VERDE SCOTCH BRITE ORIGINAL PRECORTADO 1 X 2 UND	32	1
ESPONJA TRABAJO PESADO N.88 SCOTCH BRITE	45	1
ESPONJA VERDE SCOTCH BRITE 180 UND	10	180
REPUESTO MOOP ATRAPA POLVO DE ALGODON AZUL X 91 CM / DMTL-16536BCDA DARYZA	45	1
MOPP COMPLETO PARA LUNAS	45	1
ATRAPA POLVO REPUESTO ALGODON/AZUL DM-25536BDA 36" (91 CM) ABCO	45	1
TRAPEADOR DE POLVO COD K155 AZUL DE 91CM RUBBERMAID	45	1
RUBBERMAID REPUESTO ARMAZON TRAPEADOR M255 91 CM	45	1
RUBBERMAID REPUESTO TRAPEADOR DE POLVO 91 CM FGK155	45	1
RUBBERMAID REPUESTO PALO FIJACION FIBRA DE VIDRIO M146	45	1
RUBBERMAID KIT ATRAPA POLVO 91CM(ARMZM255-TRAPDRFGK155 -PALOM146)	45	1
REPUESTO TRAPEADOR DE MEZCLA SUPER STITCH MEDIANO AZUL FGD21206 RUBBERMAID	45	1
REPUESTO TRAPEADOR DE MEZCLA SUPER STITCH MEDIANO ROJO FGD21206 RUBBERMAID	45	1
REPUESTO TRAPEADOR DE MEZCLA SUPER STITCH MEDIANO VERDE FGD21206 RUBBERMAID	45	1
REPUESTO TRAPEADOR DE MEZCLA SUPER STITCH MEDIANO BLANCO FGD21206 RUBBERMAID	45	1
PAÑO MICROFIBRA AZUL  40 X 40 CM - DARYZA	45	1
FRANELA BALLERINA VIRUTEX	45	1
PAÑO MICROFIBRA PARA USO GENERAL ROJO RUBBERMAID	45	1
PAÑO MICROFIBRA PARA USO GENERAL VERDE RUBBERMAID	45	1
PAÑO MICROFIBRA AMARILLO CM 40 X 38 - DARYZA	45	1
PAÑO MICROFIBRA AZUL CM 40 X 38 - DARYZA	45	1
PAÑO MICROFIBRA CASTOR AMARILLA 40 X 40 CM	45	1
FRANELA ROJA X METRO	45	1
REPUESTO PALO ALUMINIO JALADOR DE AGUA 1.40 MT GRIS 91018	45	1
ARMAZON TRAPEADOR M255 91 CM RUBBERMAID	45	1
BASTON DE FIJACION P/TRAPEADOR DE FIBRA VIDRIO - ALUMINIO FGM146000000 RUBBERMAID	45	1
RUBBERMAID KIT JALADOR DE AGUA 76 CM (JALADOR9C29-PALO91018)	45	1
REPUESTO BASTON DE ALUMINIO CON CABEZAL AMARILLO - 30232	45	1
PALO DE ALUMINIO MOERMAN 140 CM	45	1
REPUESTO TRAPEADOR HUMEDO DE ALGODON CON PRETINA BLANCO 16 OZ	45	1
REPUESTO TRAPEADOR HUMEDO DE ALGODON CON PRETINA VERDE 16 OZ	45	1
REPUESTO TRAPEADOR HUMEDO DE ALGODON CON PRETINA AZUL 16 OZ	45	1
REPUESTO TRAPEADOR HUMEDO DE ALGODON CON PRETINA ROJO 16 OZ	45	1
CINTA PARA MARCAR ROPA 30 UND	31	30
ALCOHOL ISOPROPILICO AL 53 %  DARYZA 1 LT	18	1
TAPETE PARA URINARIO ANTI SALPICADURA DARYZA MANGO	45	1
TAPETE PARA URINARIO ANTI SALPICADURA DARYZA FRESA	45	1
TAPETE PARA URINARIO ANTI SALPICADURA DARYZA MENTA	45	1
TAPETE PARA URINARIO ANTI SALPICADURA DARYZA LAVANDA	45	1
DESODORANTE AMBIENTADOR JARDIN DE ROSAS SAPOLIO 360 ML	18	1
DESODORANTE AMBIENTADOR ANTITABACO SAPOLIO 360 ML	18	1
DESODORANTE AMBIENTADOR BEBE SAPOLIO 360 ML	18	1
DESODORANTE AMBIENTADOR BRISA MARINA SAPOLIO 360 ML	18	1
DESODORANTE AMBIENTADOR LAVANDA SAPOLIO 360 ML	18	1
DESODORANTE AMBIENTADOR POTPURRI SAPOLIO 360 ML	18	1
CERA PARA MADERA PRIDE JOHNSON 400 ML 12 UND	31	12
CERA PASTA ROJA TEKNOBRILL 3.8 LT	19	1
CERA LIQUIDA ROJA DARYZA 3.8 LT	19	1
CERA AL AGUA GERMICIDA 3.8 LT	19	3.8
SANIT 10 GARRAFA- 5 LITROS SPARTAN	45	5
DAM MOP GALÓN 3.8 LITROS SPARTAN	45	3.8
LIQUID ALKALI  BIDON 19 LITROS SPARTAN	45	19
CR2+ PRESENTACION 1 GALON	45	4
DETERGENTE BOLIVAR 4.2 KG 4 UND	31	4
ALCA DETER X 4L [B2-4L]	26	4
LAVAVAJILLA X 1000 GR. SAPOLIO 8305162	34	1
LAVAVAJILLA SAPOLIO 900 GR	34	0.9
LAVAVAJILLA GEL DARYZA LT	18	1
CLORIN 7.5 - ( 5 LITROS) SPARTAN	45	5
LEJIA SAPOLIO 3.785 ML	9	3.785
LEJIA CONCENTRADA DARYZA 4 LT (GL)	19	4
LEJIA SAPOLIO 5 LT X 4UND	10	5
LIMPIAVIDRIO CON GATILLO DARYZA 1 LT	18	1
LIMPIAVIDRIO DARYZA 3.8 LT	19	1
LIMPIAVIDRIO DARYZA 1 LT	18	1
DM 500 H PLUS FP SPARTAN 19 LITROS - V3	4	19
DM 500 H PLUS FP SPARTAN 3.875 LITROS - V3	19	3.875
DM 500 H PLUS FP SPARTAN 5 LITROS - V3	45	5
SUPERCLEAN FP GARRAFA - 5 LITROS - SPARTAN	45	5
SPARCLEAN RINSE AID II SPARTAN 5 LT	45	1
POT & PAN - GARRAFA 5 LITROS -SPARTAN	45	5
PAPEL TEST QUAT 1 X 1	45	1
VASELINA NO PERFUMADA POTE 18 GR	45	1
PASTILLAS DESCALCIFICADORAS RATIONAL MODELO NO. 56.00.562	5	1
TAPETE PVC PARA URINARIO ROJO DARYZA	45	1
PASTILLAS DE LAVADO RATIONAL MODELO NO. 56.00.210	5	1
CARAMELO HALLS CHERRY LYPTUS 100 UND	8	100
CHOCOLATE RELLENO MECANO COSTA 19 GR	45	1
GALLETA RELLENA CHOCOLATE CASINO 51/43 GR	31	1
CHOCOLATE WAFER CUA CUA LACTA 18 GR	45	1
CHOCOLATE DOÑA PEPA LACTA 23 GR	45	1
GALLETA CHOCOCHIPS CHIPS AHOY 45 GR	31	1
BOLSA PARA SANDWICH 6 X 6 PAQUETE 1 MILLAR	31	1000
BOLSA BLANCA T-SHIRT 16 X 19 100 UNID	31	100
BOLSA TRANSPARENTE ROLLOMATIC 8 X 12	36	1
BOLSA TRANSPARENTE ROLLOMATIC 5 X 10	36	1
BOLSA PARA LAVANDERIA BIODEG.PARAISO 16.5 X 23 MILLAR	31	1000
PAPEL HIGIENICO GOFRADO SCOTT 15 MT ( 30206615)	36	1
BOLSA BLANCA T-SHIRT 19 X 20 100 UND	31	100
BOLSA BLANCA T-SHIRT 21 X 24 100 UND	31	100
CERVEZA ERDINGER SIN ALCOHOL 330 ML	9	1
CERVEZA BITBURGER SIN ALCOHOL 330 ML (VIDRIO)	9	1
CERVEZA BITBURGER SIN ALCOHOL 500 ML LATA	24	1
CIGARRILLO HAMILTON GRANDE	14	1
CIGARRILLO MARLBORO GOLD BLANCO GRANDE X20	14	1
CIGARRILLO MARLBORO GOLD BLANCO CHICO X10	14	1
CIGARRILLO MARLBORO ROJO GRANDE	14	1
CIGARRILLO MARLBORO ROJO CHICO	14	1
CIGARRILLO WINSTON BLUE GRANDE	14	1
CIGARRILLO WINSTON CLASSIC GRANDE	14	1
AGUA SAN LUIS SIN GAS 750 ML	9	1
AGUA CIELO SIN GAS 625 ML (E)	9	1
AGUA SAN LUIS SIN GAS 3 LT	9	1
AGUA SAN LUIS SIN GAS 3 LT (EMER)	9	1
AGUA VIDA DESCARTABLE BIB 20 LT	10	20
AGUA SOCOSANI CON GAS 500 ML	9	1
LIMPIA VIDRIO SAPOLIO 650 ML	9	0.65
DESINFECTANTE LIMPIADOR SAPOLIO 900 ML	9	0.9
JUGO DE MANZANA FRUGOS 1 LT	10	1
JUGO DE PERA LAIVE 200 ML	10	1
JUGO DE MANZANA AQUARIUS 500/600 ML	9	1
JUGO DE PERA AQUARIUS 500/600 ML	9	1
JUGO DE MANGO FRUGOS 235 ML	10	1
JUGO DE NARANJA AQUARIUS 500/600 ML	9	1
JUGO KIWIFRESH 510 ML	9	1
JUGO CIFRUT ISLAND PUNCH PET 500 ML	9	1
JUGO DE NARANJA FRUGOS DEL VALLE FRESH 500 ML	9	1
JUGO DE MANZANA FRUGOS DEL VALLE FRESH 500 ML	9	1
JUGO FRUIT PUNCH FRUGOS DEL VALLE FRESH 500 ML	9	1
JUGO CIFRUT ISLAND PUNCH PET 400 ML	9	1
JUGO CIFRUT NARANJA-MANDARINA-LIMON 350 ML	9	1
JUGO CIFRUT FRUIT PUNCH 350 ML	9	1
JUGO CIFRUT ISLAND PUNCH PET 350 ML	9	1
JUGO DE NARANJA GLORIA 200 ML	10	1
JUGO DE DURAZNO FRUGOS 970 ML	10	1
JUGO DE MANZANA FRUGOS 970 ML	10	1
JUGO DE NARANJA FRUGOS 970 ML	10	1
JUGO DE DURAZNO GLORIA 200 ML	10	1
JUGO DE MANGO WATTS 946 ML	10	1
JUGO DE DURAZNO WATTS 946 ML	10	1
JUGO DE NARANJA WATTS 946 ML	10	1
PRE ELABORADO CENTRAL DE ALIMENTOS MANZANA 1 LT	8	1
PRE ELABORADO CENTRAL DE ALIMENTOS MARACUYA 1 LT	8	1
PRE ELABORADO NATURALE CONCENTRADO EMOLIENTE 2 LT	8	2
CHICHA MORADA GLORIA 400 ML	9	1
PRE ELABORADO CENTRAL DE ALIMENTO CARAMBOLA 2 LT	8	2
PRE ELABORADO CENTRAL DE ALIMENTO CHICHA MORADA 2 LT	8	2
PRE ELABORADO CENTRAL DE ALIMENTO MARACUYA 2 LT	8	2
JUGO DE DURAZNO PULP 315 ML	10	1
JUGO DE PIÑA GLORIA 250 ML	10	1
JUGO TAMPICO NARANJA 3.8 LT	9	3.8
JUGO DE DURAZNO WATTS 350 ML	9	1
PULIDOR SAPOLIO 450 GR	38	1
JUGO CIFRUT GRANADILLA-MARACUYA 400 ML	9	1
JUGO CIFRUT NARANJA 400 ML	9	1
BEBIDA BIO ALOE PET 520 ML	9	1
JUGO CIFRUT NARANJA 500 ML	9	1
LAVAVAJILLA SAPOLIO  360 GR	34	0.36
JOHNSON DIVERSEY FORWARD 5 LT	19	5
GASEOSA COCA COLA 2.5 LT	9	2.5
BEBIDA FREE TEA LIMON 500 ML (PET)	9	1
GASEOSA PERSONAL COCA COLA 500 ML	9	1
GASEOSA PERSONAL INCA KOLA 500 ML	9	1
GASEOSA COCA COLA PET 2.25 LT	9	1
GASEOSA PEPSI 600 ML	9	1
GASEOSA PERSONAL COCA COLA 600 ML	9	1
GASEOSA PERSONAL INCA KOLA 600 ML	9	1
GASEOSA INCA KOLA SIN AZUCAR 600 ML	9	1
GASEOSA COCA COLA SIN AZUCAR 600 ML	9	1
JOHNSON DIVERSEY CLAX HYPO 4 AL 1 20 LT	4	20
GASEOSA FANTA KOLA INGLESA 500 ML	9	1
JOHNSON DIVERSEY SUMA CRYSTAL 20 LT	4	20
JOHNSON DIVERSEY SUMA NOVA 20 LT	4	20
JOHNSON DIVERSEY CLAX BETA 20 LT	4	20
GASEOSA INCA KOLA SIN AZUCAR 500 ML	9	1
BEBIDA FREE TEA LIGHT 450 ML	9	1
GASEOSA INCA KOLA 450 ML	9	1
JOHNSON DIVERSEY CLAX SUAVE 20 LT	4	20
GASEOSA COCA COLA 450 ML	9	1
GASEOSA FANTA SIN AZUCAR 400 ML	9	1
GASEOSA SPRITE 400 ML	9	1
GASEOSA SPRITE SIN AZUCAR 400 ML	9	1
GASEOSA FANTA ZERO 400 ML	9	1
GASEOSA COCA COLA SIN AZUCAR 300 ML (SAMPLING)	9	1
GASEOSA COCA COLA 300 ML (SAMPLING)	9	1
GASEOSA SPRITE SIN AZUCAR 3 LT	9	1
JOHNSON DIVERSEY SUMA CALC 5 LT R03300	19	5
BEBIDA FREE TEA NEGRO LIMON 500 ML (PET)	9	1
GASEOSA FANTA SIN AZUCAR 500 ML	9	1
JOHNSON DIVERSEY SOFTCARE ENHACE 5 LT	19	5
JOHNSON DIVERSEY SUMA PLAQ 5 LT	19	5
JOHNSON DIVERSEY SOFTCARE ALCOHOL GEL 800 ML	38	0.8
SILICONA PARA AUTO SAPOLIO 360 CC	24	0.44
JOHNSON DIVERSEY SOFTCARE BAC 5 LT	19	5
JABON ANTIBACTERIAL PROTEX 75 GR-LIMPIEZA PROFUNDA	3	1
DETERGENTE SAPOLIO DE 13.5 KG	39	15
CERA AL AGUA SAPOLIO 3.785 LT	19	4
LEJIA SAPOLIO  2 LT	9	2
JOHNSON DIVERSEY SUMA J512 5 LT	19	5
BEBIDA ACTI AVENA GLORIA 250 MLT	46	1
PRE ELABORADO NATURALE CONCENTRADO PIÑA GOLDEN 2 LT	8	2
BEBIDA ACTI AVENA GLORIA 200 MLT	10	1
CERA PASTA ROJA SAPOLIO 3.785 LT	5	3.785
BEBIDA REHIDRATANTE TROPICAL GATORADE 500 ML	9	1
BEBIDA REHIDRATANTE MARACUYA GATORADE 500 ML	9	1
BEBIDA REHIDRATANTE MANDARINA GATORADE 500 ML	9	1
BEBIDA REHIDRATANTE APPLE ICE GATORADE 500 ML	9	1
BEBIDA REHIDRATANTE MANDARINA GATORADE 750 ML	9	1
BEBIDA REHIDRATANTE TROPICAL GATORADE 750 ML	9	1
BEBIDA REHIDRATANTE APPLE ICE GATORADE 750 ML	9	1
BEBIDA REHIDRATANTE MORA AZUL POWERADE 473 ML	9	1
BEBIDA REHIDRATANTE FRUTAS POWERADE PET 600 ML	9	1
BEBIDA REHIDRATANTE LIMON POWERADE PET 600 ML	9	1
BEBIDA REHIDRATANTE MORA POWERADE PET 600 ML	9	1
BEBIDA REHIDRATANTE MARACUYA POWERADE PET 600 ML	9	1
BEBIDA REHIDRATANTE TROPICAL SPORADE DE 500ML	9	1
BEBIDA REHIDRATANTE MANDARINA SPORADE DE 500ML	9	1
BEBIDA REHIDRATANTE MANDARINA POWERADE 473ML	9	1
BEBIDA REHIDRATANTE FRUTILLA POWERADE 476ML	9	1
FRANELA RIBETEADA ROJA 50 X 60 CM	45	1
RECOGEDOR PLASTICO	45	1
HISOPO PARA SANITARIO CON BASE HUDE - BLANCO - 7750160418513	45	1
PULVERIZADOR PLASTICO 1 LT	45	1
SECADOR DE TELA	45	1
ESPONJA VERDE SCOTCH BRITE	45	1
TRAPEADOR DE PISO CON OJAL	45	1
MOPA RUBBERMAID F131	45	1
PALO MOPERO RUBBERMAID H125	45	1
CARBON VEGETAL GRANEL	23	1
ENCENDEDOR DESCARTABLE	45	1
PEINE DE BOLSILLO	45	1
ESCOBILLA DE MADERA PARA ZAPATOS	45	1
MEDIAS BLANCAS	32	1
SANDALIAS COCODRILO	32	1
DESINFECTANTE PINO SAPOLIO 3.785 ML	19	3.785
CAJA CHICA - TOALLA HIGIENICA KOTEX NORMAL	45	1
CAJA CHICA - TOALLA HIGIENICA KOTEX NOCHE	45	1
CAJA CHICA - SACAGRASA DARYZA X 4 LT	19	1
CAJA CHICA - FRUTOS SECOS VILLA NATURA PREMIUM	8	1
CAJA CHICA - FRUTOS SECOS VILLA MIXTURA  150 GR	8	1
CAJA CHICA - TURRONES CROSOY KIWICHA 6 UND	31	1
CAJA CHICA - TURRONES CROSOY AJONJOLI 6 UND	31	1
CAJA CHICA - TURRONES CROSOY MANÍ 6 UND	31	1
CAJA CHICA - TURRONES CROSOY  LINAZA 6 UND	31	1
CAJA CHICA - TURRONES CROSOY  MACA 6 UND	31	1
CAJA CHICA - CHOCOLATES MILKY 20 UND	10	1
CAJA CHICA - SNIKERS DE CHOCOLATE UND	45	1
CAJA CHICA - GATORADE 6 UND	31	1
CAJA CHICA - GOMITAS GRAGEADAS 100GR	20	1
CAJA CHICA - COLOR AMARILLO LIMON ELYASAN 30CC	45	1
CAJA CHICA - COLOR VERDE HOJA ELYASAN 30CC	45	1
CAJA CHICA - COLOR AZUL ELYASAN 30CC	45	1
CAJA CHICA - COLOR ROJO INTENSO ELYASAN 30CC	45	1
CAJA CHICA - BOLSA BIODEGRADABLE 21X24	31	1
CAJA CHICA - BANDEJA RECTANGULAR 5000 LASAGÑA	45	1
CAJA CHICA - BANDEJA RECTANGULAR 6500 LASAGÑA	45	1
CAJA CHICA - BANDEJA RECTANGULAR 5000 LASAGÑA	45	1
CAJA CHICA - BANDEJA RECTANGULAR 6500 LASAGÑA	45	1
CAJA CHICA -  TE JASMIN COPON 2GR 100 SOBR.	10	1
CAJA CHICA - CALDO DE POLLO CHUBANG LATA 270 GR	18	1
CAJA CHICA - SALSA DE TAMARINDO 760GR CAJA 12 BOT SHINGLEE	10	1
CAJA CHICA - ACEITE VEGETAL DELEITE	19	1
CAJA CHICA - MUÑA FRESCA	23	1
CAJA CHICA - FLOR DE JAMAICA KG	23	1
CAJA CHICA - ACEITE VEGETAL CIELO X 20 LT	26	1
CAJA CHICA - SPRINGLES NAV PERLADOS 50 GR	20	1
CAJA CHICA - GRAGEA MINIPULGAR 100 GR	20	1
CAJA CHICA - SPRINGLES TEMATICOS 50 GR	20	1
CAJA CHICA - GRAGEAS IMPORTADA 25 GR	20	1
CAJA CHICA - MOLDES DE PLASTICOS	45	1
CAJA CHICA - COLORANTE ELYASAN 30 ML	28	1
CAJA CHICA - GRAGEA PERLA-ORO-PLATA 50 GR	20	1
CAJA CHICA - PISTACHOS SALADOS 250 GR	20	1
CAJA CHICA - PECANAS 250 GR	20	1
CAJA CHICA - CASTAÑAS 250 GR	20	1
CAJA CHICA - JENGIBRE 500GR	20	1
CAJA CHICA - PAPAS ARTESANALES CRUJIENTES CEBOLLA CARAMELIZA	8	1
CAJA CHICA - PAPAS ARTESANALES CRUJIENTES NATURALES INCA CHI	8	1
CAJA CHICA - PAPAS ARTESANALES CRUJIENTES JALAPEÑOS INCA CHI	8	1
CAJA CHICA - PAPAS ARTESANALES CRUJIENTES QUESO PARMESANO IN	8	1
CAJA CHICA - BOLSA MANDALITA CON AZA	45	1
CAJA CHICA - ENERGIZANTE VOLT 300ML	45	1
CAJA CHICA - ENRGIZANTE RED BULL ENERGYDRINK 250ML	45	1
CAJA CHICA - ENRGIZANTE RED BULL SUGARFREE 250ML	45	1
CAJA CHICA - ENRGIZANTE RED BULL TROPICAL 250ML	45	1
CAJA CHICA - FREE TEA FRUTOS ROJOS 500ML	45	1
CAJA CHICA - FREE TEA LIMON 500ML	45	1
CAJA CHICA - GRANUTS ARANDANOS 50GR	45	1
CAJA CHICA - GRANUTS MEZCLA DE NUECES 40GR	45	1
CAJA CHICA - MEZCLA DE ALMENDRA NUEZ VALLEALTO 90GR	45	1
CAJA CHICA - MIX MANI CON PASAS X 200GR	45	1
CAJA CHICA - YOGURT SABOR DURAZNO 180ML GLORIA	45	1
CAJA CHICA - YOGURT SABOR FRESA 180ML GLORIA	45	1
CAJA CHICA - YOGURT SABOR LUCUMA 180ML GLORIA	45	1
CAJA CHICA - GRANUTS PARTY MIX 50GR	45	1
CAJA CHICA - COCONA	23	1
CAJA CHICA - PLATANO BELLACO	45	1
CAJA CHICA - FIDEOS SABOR A CARNE 110 GR	31	1
CAJA CHICA - FIDEOS PICANTE SABOR A CARNE 110 GR	31	1
CAJA CHICA - FIDEOS SABOR A MARISCOS 110 GR	31	1
CAJA CHICA - FIDEOS SABOR A CERDO 110 GR	31	1
CAJA CHICA - FIDEOS SABOR AJO / JEMGIBRE CHILES PICANTE 110	31	1
CAJA CHICA - FIDEO KUISHUPAI ANCHO 250 GR	31	1
CAJA CHICA - PALITO DE CHUPETE	45	1
CAJA CHICA - COLORANTE PASTELERO	45	1
CAJA CHICA - ENDULZANTE GLUCOSA FRATEL FRASCO X 1 KG	23	1
CAJA CHICA - TAPA DE 1 LT SUPER FAST PAK X 50 UND	31	1
CAJA CHICA - ENVASE DE 1 LT SUPER FAST PAK X 50 UND	31	1
CAJA CHICA - AMARGO DE ANGUSTURA	9	1
PASTA WANTAN CONGELADA	23	1
BOLSA PARA BASURA NEGRA C/F 140 LT UND 1.6 MC	45	1
BOLSA PARA BASURA NEGRA 220 LT UND 1.6 MICRAS	45	1
CINTA PARA MARCAR ROPA	36	1
PALITOS DE BROCHETA 24 CM  100 UND	31	100
PAPEL GRASA CHECO	31	1
CORDERO ENTERO TROZADO 200-250 GRMS CONGELADO	23	1
CABRITO ENTERO TROZADO 200-2500 GRMS CONGELADO	23	1
ALPACA ENTERA TROZADA CONGELADA (LA GRANJA)	23	1
CUY SIN PATAS Y SIN CABEZA  CONGELADO ANTAMINA	23	1
CUY ENTERO CONGELADO ANTAMINA	23	1
CORDERO DESHUESADO CONGELADO - KGM	23	1
CABRITO DESHUESADO CONGELADO - KGM	23	1
PIERNA DE CERDO SIN PIEL Y SIN HUESO CONGELADO (IMPORTACION)	23	1
PANCETA CON HUESO Y CON PIEL TIRAS CONGELADO (N)	23	1
CHULETA DE CERDO TROZADO 120 GR CONGELADO - REDONDOS	23	1
CHULETA DE CERDO TROZADO 150 GR CONGELADO - REDONDOS	23	1
CHULETA DE CERDO TROZADO 200 GR CONGELADO - REDONDOS	23	1
PANCETA CON HUESO Y CON PIEL TIRAS CONGELADO - REDONDOS	23	1
PANCETA CON HUESO Y SIN PIEL TIRAS CONGELADO - REDONDOS	23	1
PIERNA DE CERDO SIN PIEL Y SIN HUESO CONGELADO - REDONDOS	23	1
PATAS DE CERDO (IMPORTACION)	23	1
CHULETA DE CERDO TROZADO 120 GR CONGELADO (I)	23	1
CHULETA DE CERDO TROZADO 150 GR CONGELADO (I)	23	1
MANITAS DE CERDO (IMPORTACION)	23	1
CHULETA DE CERDO TROZADO 250 GR CONGELADO	23	1
CHULETA DE CERDO TROZADO 180 GR GRANEL CONGELADO	23	1
LECHON ENTERO CONGELADO (PESO DE 9 A 10 KG.)	23	1
CERDO - GUISO CORTE EN CUBOS (ADOBO) 100 GR	23	1
PIERNA DE CERDO CON  PIEL Y SIN HUESO CONGELADO	23	1
PANCETA CON HUESO Y SIN PIEL TIRAS CONGELADO	23	1
CHULETA DE CERDO TROZADO 155-165 GR CONGELADO	23	1
PIERNA DE CERDO SIN PIEL Y SIN HUESO CONGELADO - FOOD MARKETS	23	1
LECHON ENTERO CONGELADO (PESO DE 7 A 9 KG.)	23	1
PANCETA CON HUESO Y CON PIEL TIRAS CONGELADO	23	1
CHULETA DE CERDO TROZADO 200 GR CONGELADO	23	1
PIERNA DE CERDO SIN PIEL Y SIN HUESO CONGELADO (N)	23	1
PANCETA CON HUESO Y SIN PIEL TIRAS CONGELADO (N)	23	1
GALLINA ENTERA CON MENUDENCIA CONGELADO IMPORT	23	1
GALLINA ENTERA SIN MENUDENCIA CONGELADO - GRANEL	23	1
GALLINA ENTERA SIN MENUDENCIA CONGELADO	23	1
PULPO TROZADO CONGELADO	23	1
MIXTURA DE MARISCOS ECONOMICA	23	1
MIXTURA DE MARISCOS PNM	23	1
CHOROS CONGELADO SIN VALVA	23	1
PIERNA DE PAVO DESHUESADA SIN PIEL CONGELADA	23	1
PECHUGA DE PAVO SAN FERNANDO	23	1
PECHUGA DE PAVO DESHUESADA (N)	23	1
PECHUGA ECONOMICA DE PAVO CON HUESO CONGELADO	23	1
PECHUGA DE PAVO DESHUESADA	23	1
PECHUGA DE PAVO DESHUESADA (BL)	23	1
PAVO ENTERO CON MENUDENCIA CONGELADO 10 KG (N)	23	1
PECHUGA DE PAVO DESHUESADA (BLOQUE * 10)	23	1
PECHUGA DE PAVO CON HUESO Y CON PIEL CONGELADO	23	1
PECHUGA DE PAVO SIN HUESO CON PIEL CONGELADO	23	1
TROZOS DE PERICO SIN PIEL 30 - 90 GR CONGELADO	23	1
BONITO FILETE CON PIEL CONGELADO	23	1
CABALLA FILETE CON PIEL CONGELADO	23	1
TILAPIA FILETE SIN PIEL 5/7 RANGO 140 - 200 GR CONGELADO	23	1
TRUCHA SIN CABEZA EVISCERADA CONGELADA 100 - 500 GR	23	1
FILETE DE LISA SIN PIEL CONGELADA	23	1
TROZOS DE MERLUZA EMPANIZADOS (FISH FINGERS)	23	1
TILAPIA FILETE SIN PIEL 5/7 RANGO 140 - 200 GR GRANEL CONGELADO	23	1
TRUCHA ENTERA EVISCERADA CONGELADA 100 - 400 GR	23	1
JUREL FILETE CON PIEL CONGELADO	23	1
BOTONES DE POTA CONGELADO	23	1
FILETE DE PIERNA DE POLLO C/PIEL CONGELADO 100-110 GRS	23	1
POLLO SIN MENUDENCIA TROZADO EN 8 CONGELADO RANGO 1.6 KG	23	1
POLLO SIN MENUDENCIA CONGELADO RANGO 1.2 A 1.4 KG	23	1
POLLO SIN MENUDENCIA CONGELADO RANGO 1.1 -1.4 KGS	23	1
PIERNA DE POLLO CONGELADO - BOTELLITAS (BLOQUE)	23	1
PIERNA DE POLLO CON ENCUENTRO CONGELADO (IMPORTACION BOLSA 3X5)	23	1
PECHUGA DE POLLO S/HUESO S/PIEL CONGELADO - IMPORTACION	23	1
PIERNA DE POLLO CON ENCUENTRO CONGELADO (BLOQUE) IMPORT	23	1
PIERNA DE POLLO CON ENCUENTRO CONGELADO (BLOQUE 18 KG) IMPORT	23	1
PECHUGA DE POLLO S/HUESO S/PIEL 100 -120 GR CONGELADO - KGM	23	1
PECHUGA DE POLLO S/HUESO S/PIEL 120-140 GR CONGELADO - KGM	23	1
POLLO SIN MENUDENCIA CONGELADO 1.1 - 1.4 KG - TRES ARROYOS	23	1
POLLO SIN MENUDENCIA CONGELADO RANGO 1.7 A 1.9KG - LAS CAMELIAS	23	1
POLLO SIN MENUDENCIA CONGELADO 1.1 - 1.4 KG - PERDIX	23	1
FILETE DE PIERNA DE POLLO S/H S/P CONGELADO (IMPORTACION)	23	1
PECHUGA DE POLLO EN TROZOS S/H S/P - IMPORTACION	23	1
POLLO SIN MENUDENCIA CONGELADO RANGO 2.06 A 2.600 KG	23	1
PIERNA DE POLLO CON ENCUENTRO CONGELADO (BOLSA) IMPORT	23	1
ALAS DE POLLO CONGELADO X KG	23	1
POLLO SIN MENUDENCIA CONGELADO RANGO 1.8 KG	23	1
POLLO SIN MENUDENCIA TROZADO EN 9 CONGELADO RANGO 1.5 KG	23	1
POLLO SIN MENUDENCIA TROZADO EN 9 CONGELADO RANGO 1.8 KG	23	1
POLLO SIN MENUDENCIA CONGELADO RANGO 1.8 KG - 2 KG	23	1
POLLO SIN MENUDENCIA CONGELADO RANGO 1.7 A 1.9 KG	23	1
POLLO SIN MENUDENCIA CONGELADO RANGO 1.4KG	23	1
PECHUGA DE POLLO S/HUESO S/PIEL CONGELADO - KGM	23	1
POLLO SIN MENUDENCIA CONGELADO RANGO 1.52 KG	23	1.5
POLLO SIN MENUDENCIA CONGELADO RANGO 1.25 KG	23	1
POLLO SIN MENUDENCIA CONGELADO RANGO 1.68 KG	23	1
PECHUGA DE POLLO S/HUESO S/PIEL	23	1
POLLO SIN MENUDENCIA CONGELADO RANGO 1.38KG	23	1
POLLO SIN MENUDENCIA TROZADO EN 8 CONGELADO RANGO 1.5 KG	23	1
POLLO MARINADO PARA BRASA  RANGO 1.2KG  CONGELADO	23	1
ALBONDIGA DE POLLO CONGELADO 40 GR - KGM	23	1
POLLO SIN MENUDENCIA CONGELADO RANGO 1.8 KG - REDONDOS	23	1
HAMBURGUESA DE POLLO CONGELADO PQT X 14 UNI	8	0.84
PIERNA DE POLLO CON ENCUENTRO CONGELADO (BLOQUE)	23	1
PIERNA DE POLLO CON ENCUENTRO CONGELADO (BOLSA)	23	1
PIERNA DE POLLO CON ENCUENTRO CONGELADO (BLOQUE * 10)	23	1
LOMO FINO SIN CORDON CONGELADO NACIONAL	23	1
TAPA DE CUADRIL (PICANHA) CONGELADO IMPORTADO	23	1
RES - BISTECK (DON GOYO)	23	1
RES - GUISO CONGELADO (DON GOYO)	23	1
RES - SOPAS S/HUESO (DON GOYO)	23	1
CARNE MOLIDA CONGELADA (MAFROX)	23	1
ALBONDIGA DE RES Y CERDO CONGELADO	23	1
RES - ASADO (OXAPAMPA)	23	1
RES - BISTECK (OXAPAMPA)	23	1
RES - GUISO CONGELADO (OXAPAMPA)	23	1
RES - MALAYA (OXAPAMPA)	23	1
RES - SOPAS S/HUESO (OXAPAMPA)	23	1
RES - BIFE (OXAPAMPA)	23	1
CORAZON CORTE ANTICUCHO CONGELADO	23	1
CORAZON CORTE SALTADO CONGELADO	23	1
LOMO FINO SIN CORDON CONGELADO BRASILERO	23	1
BIFE ANCHO CONGELADO IMPORTADO	23	1
RES - ASADO A	23	1
RES - SOPAS A	23	1
CHANFAINITA CONGELADO	23	1
RES - BISTECK	23	1
RES - SALTADOS	23	1
RES - ASADO	23	1
RES - GUISO EN CUBOS	23	1
RES - GUISOS PICANTES	23	1
RES - MALAYA	23	1
RES - SOPAS S/HUESO	23	1
RES - SOPAS C/HUESO	23	1
RES - BIFE	23	1
RES - ASADO (DON GOYO)	23	1
RES - MALAYA (DON GOYO)	23	1
RES - GUISOS PICANTES DON GOYO	23	1
RES - GUISO EN CUBOS PL CONGELADO - KGM	23	1
RES - SOPAS S/HUESO PL CONGELADO - KGM	23	1
RES - BISTECK PL CONGELADO - KGM	23	1
RES - SOPAS C/HUESO PL CONGELADO - KGM	23	1
RES - ASADO PL CONGELADO - KGM	23	1
RES - GUISO PICANTES PL CONGELADO - KGM	23	1
RES - MALAYA PL CONGELADO - KGM	23	1
RES - SALTADOS PL CONGELADO - KGM	23	1
RES - LOMO FINO SIN CORDON PL CONGELADO - KGM	23	1
RES - BIFE PL CONGELADO - KGM	23	1
ALBONDIGA DE RES CONGELADO 40 GR - KGM	23	1
LOMO FINO SIN CORDON CONGELADO	23	1
RES - GUISO CONGELADO	23	1
CARNE MOLIDA CONGELADA ( DON GOYO)	23	1
MOLLEJA DE POLLO CONGELADO ZEDINA	23	1
CORAZON DE RES CONGELADO ZEDINA	23	1
MONDONGO CONGELADO ZEDINA	23	1
PICADILLO PARA CHAUFA CONGELADO	23	1
CHORIZO PARRILLERO CONGELADO KG (C)	23	1
JAMON AMERICANO SUIZA 500 GR REFRIGERADO	31	0.5
CHICHARRON DE PRENSA SUIZA MOLDE 180G REFRIGERADO KG	31	0.18
CHORIZO PARRILLERO SEGOVIANA CONGELADO KG	23	1
CHICHARRON DE PRENSA CONGELADO 500 GR	31	0.5
JAMON INGLES REFRIGERADO 500 GR	31	0.5
JAMON PARA CAFETIN CONGELADO KG	23	1
JAMONADA PARA CAFETIN CONGELADO KG	23	1
JAMON AHUMADO CONGELADO 500 GR	31	0.5
MORCILLA CONGELADO KG	23	1
MORTADELA PARA CAFETIN CONGELADO KG	23	1
HOT DOG CONGELADO KG	23	1
SALCHICHA HUACHO CONGELADO 600 GR	31	0.6
JAMON AHUMADO REFRIGERADO 500 GR	31	0.5
CHORIZO PARRILLERO CONGELADO KG - BRAEDT	23	1
HOT DOG CONGELADO KG - BRAEDT	23	1
JUGO DE DURAZNO FRUGOS 235 ML	10	1
CAJA CHICA - COLORANTE ALIMENTO GEL AZUL	45	1
ESCOBA DE MADERA PAJA BAJA POLICIA	45	1
ESCOBILLA DE PLASTICO PARA LAVAR ROPA	45	1
RAFIA ROLLO CONO	45	1
PULPA DE PALTA CONGELADO	23	1
COLIFLOR PRE COCIDO CONGELADO	23	1
YUCA PARA GUARNICION LIBER CONGELADOS	23	1
ZUMO DE LIMON CONGELADO	23	1
PAPA PRE FRITA CONGELADA	23	1
MIX DE SOPA COMPLETO CONGELADO - KGM	23	1
BROCOLI PRE COCIDO 20/40 CONGELADO	23	1
MIX DE SOPA COMPLETO CONGELADO NACIONAL - KGM	23	1
CHOCLO DESGRANADO LIBER CONGELADO (G)	23	1
PULPA DE ARANDANO CONGELADO	23	1
PULPA DE FRESA - FIFU	23	1
PULPA DE PAPAYA - FIFU	23	1
HELADO DONOFRIO LUCUMA 5 LT	3	5
HELADO DONOFRIO VAINILLA 5 LT	3	5
HELADO DONOFRIO TRICOLOR 5 LT	3	5
HELADO DONOFRIO BB CHICHA MORADA 70 MM	45	1
E - HELADO DONOFRIO TRICOLOR 5 LT	3	5
HELADO CREMA TRISABOR YAMBOLY  5 L (2.54 KG)	3	5
HELADO CREMA FRESA MERMELADA YAMBOLY 5 L (2.54 KG)	3	5
HELADO CREMA VAINILLA CHIPS YAMBOLY 5 L (2.56 KG)	3	5
HELADO CREMA CHOCOMANI YAMBOLY 5 L (2.54 KG)	3	5
HELADO CREMA FRESA YAMBOLY 5 L (2.54 KG)	3	5
HELADO DONOFRIO TRIKA 70 ML	45	1
HELADO DONOFRIO MINI SUBLIME 52/50 ML	45	1
HELADO PALETA PRAIA ICE AGUA FRESA YAMBOLY 68 ML (70 GR)	45	1
HELADO PALETA PRAIA ICE AGUA CHICHA MORADA YAMBOLY 68 ML (70 GR)	45	1
HELADO PALETA PRAIA ICE AGUA LIMON YAMBOLY 68 ML (70 GR)	45	1
HELADO CHOCO MANI CREMA CHOCOLATE YAMBOLY 78 ML (60 GR)	45	1
HELADO DONOFRIO SUBLIME 80 ML	45	1
HELADO DONOFRIO SUBLIME CLASICO 80 ML	45	1
HELADO DONOFRIO DON SANDWICH-ITO 63 ML	45	1
HELADO CHOCO MANI CREMA CHOCOLATE YAMBOLY 73 ML	45	1
HELADO DONOFRIO SIN PARAR LUCUMA 180 CC	45	1
HELADO DONOFRIO PIBE CAFE 70 ML	45	1
HELADO PALETA TERMINATOR CHICHA MORADA TRENDY 70 CC	45	1
HELADO PALETA TERMINATOR FRESA TRENDY 70 CC	45	1
HELADO PALETA PALAZO CHOCOLATE TRENDY 68 CC	45	1
HELADO PALETA PALAZO LUCUMA TRENDY 68 CC	45	1
HELADO PALETA ESPRESSAME CHOCOLATE TRENDY 70 CC	45	1
HELADO PALETA ESPRESSAME DUO VAIN LUCUM TRENDY 70 CC	45	1
HELADO PALETA CHOCOCRIM TRENDY 65 CC	45	1
HELADO PALETA TERMINATOR LIMON TRENDY 70 CC	45	1
HELADO DONOFRIO ALASKA FRESA 75 / 70 ML	45	1
HELADO BOMBON TRENDY 48 CC	45	1
HELADO SANDWICHITO VAINILLA TRENDY 110 CC	45	1
HELADO SANDWICHITO COOKIES CREAM TRENDY 110 CC	45	1
HELADO PALETA CHAVO TRENDY 70 CC	45	1
HELADO PALETA HELLO KITTY FRESA/PIÑA TRENDY 70 CC	45	1
HELADO PALETA CAMPEON TRENDY	45	1
HELADO PALETA DRACULA TRENDY 70 CC	45	1
HELADO PALETA ARMAPOP TRENDY 70 CC	45	1
HELADO PALETA PALAZZO FRESA 68 CC	45	1
HELADO PALETA ENTRETE TRENDY 70 CC	45	1
HELADO PALETA CONTUTY TRENDY 70 CC	45	1
HELADO PALETA PRAIA ICE AGUA CHICHA MORADA YAMBOLY 70 ML (72 GR)	45	1
HELADO PALETA PRAIA ICE AGUA FRESA YAMBOLY 70 ML (72 GR)	45	1
HELADO GOLD CREMA VAINILLA LUCUMA YAMBOLY 65 ML (51 GR)	45	1
HELADO CHOCOVAI CREMA VAINILLA YAMBOLY 65 ML (44 GR)	45	1
HELADO CHOCO MANI CREMA CHOCOLATE YAMBOLY 65 ML (47 GR)	45	1
HELADO SANDWICH CREMA VAINILLA YAMBOLY 67 ML (40 GR)	45	1
HELADO PALETA PRAIA ICE AGUA LIMON YAMBOLY 70 ML (72 GR)	45	1
HELADO YAMBITO CREMA VAINILLA CHOCOLATE YAMBOLY 63 ML (40 GR)	45	1
HELADO YAMBITO CREMA VAINILLA LUCUMA YAMBOLY 63 ML (40 GR)	45	1
HELADO SANDWICH CREMA VAINILLA LUCUMA YAMBOLY 67 ML (40 GR)	45	1
HELADO CREMA VAINILLA PALETA YAMBOLY 50 GR	45	1
HELADO PALETA PRAIA ICE MARACUYA YAMBOLY 74 ML (78 GR)	45	1
HELADO YAMBITO CREMA CHOCOLATE YAMBOLY 54 ML (40 GR)	45	1
HELADO YAMBITO CREMA FRESA YAMBOLY 63 /54ML (40 GR)	45	1
QUESO EDAM EN TAJADAS SANCOR 500 GR REFRIGERADO	31	0.5
QUESO MOZARELLA CONGELADO PREMIUM	23	1
QUESO EDAM LAIVE 440 GR REFRIGERADO	31	0.44
QUESO EDAM EN TAJADAS SIGMA 500 GR CONGELADO (EMER)	31	0.5
QUESO EDAM EN TAJADAS 20 GR MILKUNZ (500 GR)	31	0.5
CAJA CHICA - COLORANTE ALIMENTO GEL LILA	45	1
CAJA CHICA - PERLAS DE AZÚCAR COLOR LILA	23	1
CAJA CHICA - PIROTINES N° 8 PARA CUP CAKE X100 UND	31	1
CAJA CHICA - EMBACE PARA CUP CAKE N°9 (5 OZ) X100 UND	31	1
CAJA CHICA - CREMA DE COCO	34	1
CAJA CHICA - LECHE EN POLVO	23	1
CAJA CHICA - VASOS ACRILICOS DE 7 ONZ X 25 UND	31	1
CAJA CHICA - DECORACIONES PARA BEBIDAS (SOMBRILLA) – 100 UNI	31	1
CAJA CHICA - SORBETES NEGROS	31	1
CAJA CHICA - FRUGOS DE DURAZNO 1 LITRO	26	1
LASAÑA DE CARNE CONGELADO X 1KG	23	1
ENROLLADO (WRAP) DE POLLO AL HORNO  190 GR	45	1
ENROLLADO (WRAP) DE CHANCHO ORIENTAL 190 GR	45	1
EMPANADA DE CARNE 90 GR	45	1
EMPANADA MIXTA 90 GR	45	1
EMPANADA DE POLLO 90 GR	45	1
CROISSANT MEDIA LUNA CON MANJAR  CONGELADO 70 GR	45	1
PIZZA ENVOLTINI NAPOLI 135 GR CONGELADA	45	1
MALLA VEGETAL ESPINACA 110 GR CONGELADA	45	1
CHURRO RELLENO MANJAR BLANCO 12 CM CONGELADO	45	1
CHURRO RELLENO MANJAR CHOCOLATE 12 CM CONGELADO	45	1
CHURRO MINI SIN RELLENO C/ HUECO 6 CM CONGELADO	45	1
CHURRO TRADICIONAL 17 CM CONGELADO	45	1
CHURRO MINI TRADICIONAL 6 CM CONGELADO	45	1
CHURRO MINI TRADICIONAL 8 CM CONGELADO	45	1
TEQUEÑOS DE QUESO 20 GR CONGELADO (EMER)	45	1
PAN PRECOCIDO CIABATTA CONGELADO (40 GR)	45	1
PAN PRECOCIDO FRANCES CONGELADO (40 GR)	45	1
DONUT BERLINA DE CREMA 90 GRM	45	1
DONUT BERLINA DE CHOCOLATE 90 GRM	45	1
DONUT DOTS ROLO TUTTI 75 GRM	45	1
DONUT DOTS ROLO CARAMELO 73 GRM	45	1
DONUT DOTS ROLO GLAZE 52 GRM	45	1
CROISSANT DE MANJAR 90 GRM	45	1
CROISSANT(BOM BOM)  CHOCOLATE 90 GRM	45	1
MUFFIN TULIPA DE YOGURT Y ARANDANO 110 GRM	45	1
BOLI YUCAS CON QUESO 20 GR CONGELADO	45	1
FINGER DE YUCA CON QUESO 20 GR CONGELADO	45	1
PAPA RELLENA CON CARNE 100 GR CONGELADO	45	1
SIU MAI DE CERDO 20 GR CONGELADO	45	1
TEQUEÑOS DE LOMITO 20 GR CONGELADO	45	1
WANTAN ARMADO CON RELLENO SIU MAI CERDO 17 GR CONGELADO	45	1
ENROLLADO PRIMAVERA 22 GR CONGELADO	45	1
ENROLLADO (WRAP) DE JAMON Y QUESO 190 GR	45	1
CAJA CHICA - GASEOSA COLA ESCOCESA X 1.5 LT	9	1
CAJA CHICA - ESPONJA NEGRA PARA PARRILLA	45	1
CAJA CHICA - QUESO AHUMADO	23	1
CAJA CHICA - MANZANILLA	23	1
CAJA CHICA - COLA DE CABALLO	23	1
CAJA CHICA - UÑA DE GATO	23	1
CAJA CHICA - HIERBA LUISA	23	1
CAJA CHICA - HOJA DE LLANTEN	23	1
CAJA CHICA - SAVILA	23	1
CAJA CHICA - LINAZA	23	1
CAJA CHICA - CHIA	23	1
CAJA CHICA - MIEL	23	1
CAJA CHICA - CHIFLES KARINTO 35 GR	20	1
CAJA CHICA - CUATES NATURAL KARINTO 26/23 GR	20	1
CAJA CHICA - D TODITO SNACK 50 GR	20	1
CAJA CHICA - DORITOS FUEGO 43 GR	20	1
CAJA CHICA - PAPAS CRUJIENTES BBQ & CEBOLLA INKA CHIPS 33 GR	20	1
CAJA CHICA - PAPAS CRUJIENTES JALAPEÑO INCA CHIPS 33 GR	20	1
CAJA CHICA - PAPAS CRUJIENTES SAL DE MAR  INCA CHIPS 33 GR	20	1
CAJA CHICA - PAPAS FRITAS BEMBOS INCA CHIP 30 GR	20	1
CAJA CHICA - PAPAS NATIVAS GO TOTO 50 GR	20	1
CAJA CHICA - PAPAS NATIVAS GO TOTO 50 GR	20	1
CAJA CHICA - TORTILLAS DE MAIZ TOTOPO 50 GR	20	1
CAJA CHICA - WARAP BARRA	20	1
CAJA CHICA - CAFÉ MOLIDO PREMIUM JUAN VALDEZ  0.250 KG	8	1
CAJA CHICA - LECHE SIN LACTOSA LAIVE 480 G	10	1
CAJA CHICA - PAPA LOMO NEGRO	23	1
CAJA CHICA - OLE OLE X 50 UND	45	1
CAJA CHICA - MINI NICK X 20 UND	45	1
CAJA CHICA - NUSITA X 18 UND	45	1
CAJA CHICA - MINI SAPITO X 50 UND	45	1
CAJA CHICA - MINI RELLENITA X 50 UND	45	1
CAJA CHICA - CONO CANCHERO X 10 UND	45	1
CAJA CHICA - CARAMELO PERITA X 100 UND	45	1
CAJA CHICA - BASE PARA HELADOS SABOR CHOCOLATE 946 ML GLORIA	45	1
CAJA CHICA - BASE PARA HELADOS SABOR VAINILLA 946 ML GLORIA	45	1
CAJA CHICA - CONO BARQUILLO	10	1
CAJA CHICA - CERVEZA CORONASIN ALCOHOL 355 ML	28	1
CAJA CHICA - CHIZITOS GRANDE NATURAL 35 GR	8	1
CAJA CHICA - TORTEES NATURAL GRANDE FRITO LAY 70 GR	8	1
CAJA CHICA - CHEETOS NATURAL GRANDE 34GR	8	1
CAJA CHICA - CHEETOS NARUTAL CHICO 26 GR	8	1
CAJA CHICA - SPORADE 500ML	45	1
CAJA CHICA - NECTAR DURAZNO PULP 250 ML	45	1
CAJA CHICA - CHOCLO BLANCO	45	1
CAJA CHICA - SANDWICH HELADO MINI	45	1
CAJA CHICA - BEBIDA REHIDRATANTE 500ML SPORADE	45	1
CAJA CHICA - CHOCOLATE SOL DEL CUZCO - BARRAS DE 80 GR	45	1
CAJA CHICA - COCA 180 GR	45	1
CAJA CHICA - COCOA 180 GR	45	1
CAJA CHICA - LECHE LAIVE BOLSITARRO 390 GR	45	1
CAJA CHICA - BOLSA PANETON GLORIA	45	1
CAJA CHICA- PAPA SECA CON LA UNIDAD DE MEDIDA 1 KG	23	1
PARIHUELA DE MADERA EAN 1.00 X 1.20 MT	45	1
CAJA CHICA- PAPA SECA CON LA UNIDAD DE MEDIDA 500 GR	20	0.5
CAJA CHICA- PAPA SECA CON LA UNIDAD DE MEDIDA 250 GR	20	0.25
CAJA CHICA - CAFE KIRMA CON LA UNIDAD DE MEDIDA 180 GR	20	1
CAJA CHICA - CREMA VAINILLA CON LA UNIDAD DE MEDIDA 600 GR	20	1
CAJA CHICA - AGUA SAN LUIS CON LA UNIDAD DE MEDIDA 750 ML	9	1
CAJA CHICA - AGUA SAN LUIS 750 ML	9	1
CAJA CHICA - GALLETAS CARITAS X 6 UNIDADES.	31	1
CAJA CHICA - MANDARINA	23	1
CAJA CHICA - LIMA	23	1
CAJA CHICA - AJI AMARILLO	23	1
CAJA CHICA - PALTA	23	1
CIGARRILLO LUCKY STRIKE ORIGINAL RED GRANDE	14	1
CIGARRILLO LUCKY STRIKE ORIGINAL RED CHICO	14	1
CIGARRILLO WINSTON CLASSIC CHICO	14	1
CIGARRILLO HAMILTON CHICO	14	1
FOSFORO DE MADERA INTI	45	1
CECINA TAVANCHO REFRIGERADA KG	23	1
CECINA REFRIGERADA KG	23	1
JAMON AHUMADO REFRIGERADO 500 GR (EMER)	31	1
CHORIZO SAN FERNANDO PRECOCIDO REFRIGERADO 500 GR	31	1
JAMONADA PASTEL DE VERDURAS CONGELADO KG	23	1
JAMON AHUMADO REFRIGERADO 500 GR (A)	45	0.5
JAMON DEL PAIS REFRIGERADO BRAEDT 500 GR	31	0.5
GRANADILLA (L)	23	1
MANDARINA (L)	23	1
NARANJA PARA MESA (L)	23	1
MANZANA DELICIA (L)	23	1
PIÑA (L)	23	1
PAPAYA (L)	23	1
MEMBRILLO (L)	23	1
MANZANA ROYAL GALA	23	1
UVA VERDE	23	1
MANDARINA	23	1
SHAMPOO H&S 400 ML	18	1
SHAMPOO PANTENE 200 ML	18	1
CREMA DENTAL KOLYNOS 60 ML	44	1
AJI CHARAPITA	23	1
PAPA COCKTAIL	23	1
ROCOTO (L)	23	1
PILAS DURACELL AAA 2 UND	6	1
PILAS DURACELL AA 2 UND	6	1
SHAMPOO H&S 180 ML	18	1
ZAPALLO MACRE EN CUBO LIBER 1.5 X 1.5 CM CONGELADO	23	1
AJO ENTERO	23	1
ARVEJA FRESCA EN VAINA	23	1
ESCOBILLA DE PLASTICO PARA LIMPIAR UÑAS	45	1
CREMA DENTAL DENTO 75/80 ML	44	1
SHAMPOO PANTENE 400 ML	18	1
CEPILLO DENTAL COLGATE ADULTO	45	1
BETUN NEGRO KIWI 42 ML	24	1
DESODORANTE HOMBRE REXONA 10 GR	38	0.01
MAQUINA DE AFEITAR SHICK	45	1
TOALLA HIGIENICA ALWAYS X 10UND	31	1
SHAMPOO PERT PLUS 400 ML	18	1
PAÑITOS HUMEDOS PERFUMADO MILLAR	10	1000
MAQUINA DE AFEITAR GILLETE PRESTOBARBA	45	1
HUEVO ROSADO EN BANDEJA X UND	45	0.066667
HUEVO ROJO (CAJA 11.5 KG)	10	11.5
HUEVO ROJO (CAJA 11.5 KG) (EMER)	10	11.5
HUEVO ROSADO (LOCAL)	23	1
HUEVO ROSADO BANDEJA X 15 UNID	45	0.066667
HUEVO LIQUIDO CONGELADO 2 KG	31	2
HUEVO ROSADO (CAJA 25.7KG)	10	25.7
HUEVO ROSADO BANDEJA 12 PQTS X 15 UNIDS	10	15
CREMA DE LECHE CUSIPAK UHT 1 LT	45	1
LECHE CHOCOLATADA GLORIA 1 LT	10	1
LECHE EN BRICK LIGHT GLORIA 1 LT	10	1
LECHE SIN LACTOSA  GLORIA 1 LT	10	1
LECHE EN BRICK LAIVE 946 ML	10	1
LECHE EN BRICK LIGHT GLORIA 946 ML	10	0.946
LECHE CHOCOLATADA LAIVE 1 LT	10	1
LECHE EN BRICK DESCREMADA LAIVE 946 ML	10	1
LECHE EN BRICK SIN LACTOSA LAIVE 946 ML	10	1
LECHE CHOCOLATADA LAIVE 180 ML	10	1
LECHE DE SOYA SOY VIDA 946 ML	10	0.946
LECHE EN BRICK SIN LACTOSA GLORIA 1 LT	10	1
MANJAR AREQUIPEÑO LAIVE 900 GR	8	0.9
MANJAR BLANQUITO BAZO VELARDE LAIVE 900 GR	8	0.9
MANJAR BLANQUITO LAIVE 900 GR	8	0.9
MANJAR BLANCO NESTLE 1 KG	8	1
MANTEQUILLA GLORIA PERSONAL 10 GR	45	1
MANTEQUILLA LAIVE 200 GR	31	0.2
MANTEQUILLA LAIVE 180 GR	31	0.18
MANTEQUILLA LIGHT LAIVE 180 GR POTE	34	0.18
MANTEQUILLA LAIVE PERSONAL LIGHT 8 GR	45	1
MANTEQUILLA LAIVE PERSONAL 8 GR	45	1
MANTEQUILLA LAIVE CON SAL KG	23	1
MANTEQUILLA SIGMA SIN SAL KG	23	1
MANTEQUILLA SANCOR PERSONAL 10 GRM	45	1
MANTEQUILLA LAIVE 200 GR POTE	34	0.2
MANTEQUILLA LIGHT LAIVE  200 GR POTE	34	0.2
MARGARINA LA DANESA 220 GR	34	0.22
MARGARINA SWISS LAIVE POTE 450 GR	34	0.45
MARGARINA SWISS LAIVE POTE 450 GR (E)	34	1
MARGARINA HOJALDRE LAMINADO MASTER EXPORT 2 KG	3	2
MARGARINA MULTIUSO ROMEA CAKE 2.5 KG	3	2.5
MARGARINA HOJALDRE ROMEA PLUS 2 KG	3	2
MARGARINA MULTIUSO ROMEA 2.5 KG	3	2.5
MARGARINA PRIMAVERA HOJALDRE 2 KG	3	2
MARGARINA LA DANESA 2 KG	3	2
MARGARINA SELLO DE ORO POTE 190 GR (EMER)	34	2
MARGARINA LA PREFERIDA 10 KG	3	10
MARGARINA LA DANESA 90 GR	3	0.09
MARGARINA LA DANESA 500 GR	3	0.5
QUESO FRESCO BONLE MOLDE REFRIGERADO KG	23	1
QUESO PARIA GLORIA KG	23	1
QUESO PARMESANO LAIVE 35 GR	38	0.035
QUESO GOUDA LAMINADO CONGELADO 500 GR	31	0.5
QUESO EDAM LAMINADO DELICE 1 KG REFRIGERADO	31	1
QUESO EDAM LAMINADO LAIVE 500 GR REFRIGERADO	31	1
QUESO GOUDA LAMINADO DELICE REFRIGERADO 1 KG	31	1
QUESO MOZARELLA MILKUNZ REFRIGERADO	23	1
QUESO FRESCO LAIVE MOLDE REFRIGERADO KG	23	1
QUESO FRESCO DELICE KG	23	1
QUESO MOZARELLA LAIVE REFRIGERADO KG	23	1
QUESO CREAM CHEESE DELICE BARRA 1 KG	5	1
QUESO CREAM CHEESE DELICE POTE 1 KG	34	1
QUESO MOZARELLA RALLADO LA PAULINA REFRIGERADO 3 KG	31	3
QUESO PARMESANO RALLADO LA PAULINA REFRIGERADO 1 KG	8	1
QUESO FRESCO PASTEURIZADO KALAS KG	23	1
QUESO PARMESANO RALLADO LA PAULINA (LACTAFOOD)REFRIGERADO 500 GR	8	0.5
QUESO MOZARELLA RALLADO CONGELADO  KG	23	1
QUESO FRESCO GLORIA MOLDE REFRIGERADO KG	23	1
QUESO EDAM EN TAJADAS LA PAULINA X 500 GR REFRIGERADO	31	0.5
QUESO EDAM EN TAJADAS LAIVE X 500 GR REFRIGERADO	31	0.5
QUESO EDAM EN TAJADAS X 500 GR CASA EUROPA REFRIGERADO	31	0.5
QUESO FRESCO LAIT'S REFRIGERADO KG	23	1
YOGURT DE FRESA GLORIA 1 LT / 946 GR	9	1
YOGURT DE VAINILLA FRANCESA GLORIA 1 LT / 946 GR	9	1
YOGURT DE LUCUMA GLORIA 2 KG	9	2
YOGURT DE VAINILLA FRANCESA GLORIA 2 LT	9	2
YOGURT DE GUANABANA GLORIA 1 LT / 946 GR	9	1
YOGURT DE FRESA GLORIA 500 ML	9	1
YOGURT DE DURAZNO GLORIA 500 ML	9	1
YOGURT ACTIBIO FRESA GLORIA 1 KG	9	1
YOGURT DE VAINILLA LIGHT GLORIA 500ML	45	0.5
YOGURT DE TUTTI FRUTTI GLORIA 1 LT	9	1
YOGURT FRESA LAIVE 946 GR	9	0.946
YOGURT DURAZNO LAIVE 946 GR	9	0.946
YOGURT LUCUMA LAIVE 946 GR	9	0.946
YOGURT DURAZNO BIO LAIVE  1.7 LT	9	1.7
YOGURT FRESA BIO LAIVE  1.7 LT	9	1.7
YOGURT LUCUMA BIO LAIVE  1.7 LT	9	1.7
YOGURT VAINILLA FRANCESA BIO LAIVE  1.7 LT	9	1.7
YOGURT DE FRESA GLORIA 180 ML (EMER)	9	1
YOGURT DURAZNO PROBIOTICO LAIVE 930 GR	9	0.93
YOGURT FRESA PROBIOTICO LAIVE 930 GR	9	0.93
YOGURT VAINILLA PROBIOTICO LAIVE 930 GR	9	0.93
YOGURT MORA PROBIOTICO LAIVE 930 GR	9	0.93
YOGURT LUCUMA PROBIOTICO LAIVE 930 GR	9	0.93
YOGURT FRESA BIO LAIVE  1.8 LT	9	1.8
YOGURT VAINILLA FRANCESA  LAIVE 946 GR	9	0.946
YOGURT DURAZNO BIO LAIVE  1.8 LT	9	1.8
YOGURT LUCUMA BIO LAIVE  1.8 LT	9	1.8
YOGURT VAINILLA FRANCESA BIO LAIVE  1.8 LT	9	1.8
YOGURT DE VAINILLA FRANCESA   GLORIA 500 ML	9	1
YOGURT DE DURAZNO GLORIA  1 LT / 946 GR	9	1
YOGURT DE FRESA GLORIA  SLIM 1 LT	9	1
YOGURT DE DURAZNO GLORIA SLIM 1 LT	9	1
YOGURT DE VAINILLA GLORIA SLIM 1 LT	9	1
ACEITUNA NEGRA RODAJA	23	1
ACEITUNA VERDE RODAJA	23	1
JUGO DE NARANJA PASTEURIZADO ECOFRESH X 400 ML	9	1
JUGO DE PIÑA PASTEURIZADO ECOFRESH X 400 ML	9	1
JUGO TROPICAL PASTEURIZADO ECOFRESH X 400 ML	9	1
NECTAR DE PIÑA ECOFRESH 3.8 LT	19	3.8
JUGO DE FRESA NARANJA PASTEURIZADO ECOFRESH 400 ML	9	1
JUGO DE MANDARINA PASTEURIZADO ECOFRESH 400 ML	9	1
JUGO DE TUNA PIÑA PASTEURIZADO ECOFRESH 400 ML	9	1
JUGO DE NARANJA ZANAHORIA PASTEURIZADO ECOFRESH 400 ML	9	1
JUGO DE NARANJA PASTEURIZADO X 250 ML - BOT	9	1
JUGO TROPICAL PASTEURIZADO X 250 ML - BOT	9	1
JUGO DE PIÑA PASTEURIZADO X 250 ML - BOT	9	1
JUGO DE PIÑA PASTEURIZADO X 3.8 LT	19	3.8
SALSA CHIMICHURRI EMIC 1 KG	8	1
SALSA AJI PARRILLERO EMIC 1 KG	8	1
SALSA MAYONESA ACEVICHADA EMIC 1 KG	8	1
SALSA BBQ EMIC 1 KG	8	1
TAMAL DE MAIZ 230 GR	24	1
CREMA TIPO CHANTILLY SNEL 1LT	10	1
CREMA CHANTILLY MONA LISA BRICKS 1LT	10	1
CREMF.CLASSIC COCO 5 KG	5	5
CIRUELA SECA 4 ESTACIONES 1 KG	8	1
HIGO SECO PREMIUM 4 ESTACIONES 1 KG	8	1
PASAS SECAS NEGRAS GARDEN 4 ESTACIONES 1 KG	8	1
PASAS SECAS NEGRAS GARDEN 4 ESTACIONES 1 KG - CAJA	8	1
FRUTA CONFITADA 4 ESTACIONES 1 KG - CAJA	8	1
HIGO SECO PREMIUM 4 ESTACIONES 1 KG - CAJA	8	1
PASAS SECAS RUBIAS 4 ESTACIONES 1 KG - CAJA	8	1
FRUTA CONFITADA 4 ESTACIONES 1 KG	8	1
GUINDONES SIN PEPA 4 ESTACIONES 250 GR	8	0.25
HONGO SECO 4 ESTACIONES 1 KG	8	1
PASAS SECAS NEGRAS 4 ESTACIONES 1 KG	8	1
HIGO SECO SELECTO SANTIS 1 KG	8	1
PURE DE CAMOTE EMIC 1 KG	8	1
PURE DE MANZANA EMIC 1 KG	8	1
AJI DE POLLERIA (CRIOLLO) EMIC 1 KG	8	1
MANTECA VEGETAL DORO 10 KG	10	10
MANTECA VEGETAL DE PALMA 10 KG	10	10
MANTECA VEGETAL GUSTO SELECTO 10 KG	10	10
ENVASE DE ALUMINIO CON TAPA 1000 CC 500 UND	31	500
ENVASE DE ALUMINIO CON TAPA 500 CC 500 UND	31	500
ENVASE ALUMINIO DE 1/2 KG CON TAPA KRISTAL X MLL	31	1000
ENVASE ALUMINIO DE 1 KG CON TAPA KRISTAL X MLL	31	1000
ENVASE DE ALUMINIO CON TAPA 750 CC 500 UND	31	500
ENVASE DE ALUMINIO CON TAPA 500 CC 200 UND	31	200
ENVASE DE ALUMINIO 1000 CC 125 UND SIN TAPA	31	500
JAMON DEL PAIS CONGELADO 500 GR	31	0.5
BOLSA PARA BASURA NEGRA 25 LT 100 UND	31	100
BOLSA PARA CUBIERTO 8 X 3   100 UND	31	100
BOLSA PARA BASURA PLASTICA MARRON C/F 140 LT 3 MC 41´´X 35´´ 100 UND	31	100
BOLSA PARA CUBIERTO 8 X 3 200 UND	31	200
BOLSA POLIETILENO CRISTAL 26"X40"X1MC X MILLAR	31	1000
BOLSA POLIETILENO CRISTAL 90X135CM 30ÌM X 100 UND	31	100
BOLSA PLASTICA RESELLABLE 50 UNID.	31	50
BOLSA PARA CUBIERTO 4 X 10 PQTE 200 UND	31	200
BOLSA PARA BASURA PLASTICA ROJA  250 LT 1.8 MC 52" X 40" 100 UND	31	100
BOLSA PARA BASURA PLASTICA AZUL 250 LT 100 UND	31	100
BOLSA PARA BASURA PLASTICA VERDE  250 LT 100 UND	31	100
BOLSA PARA BASURA PLASTICA MARRON 1.8 MC 250 LT 100 UND	31	100
BOLSA PARA BASURA PLASTICA AMARILLA 250 LT 100 UND	31	100
BOLSA BLANCA T-SHIRT BIODEG.PARAISO 16 X 19 PAQ 1000 UND	31	1000
BOLSA BLANCA T-SHIRT BIODEG.PARAISO 21 X 24 500 UND	31	500
BOLSA PARA BASURA PLASTICA BLANCA 250 LT 100 UND	31	100
BOLSA PARA BASURA PLASTICA NEGRO 75 LT 100 UND	31	100
BOLSA DE PAPEL KRAFT #4  MILLAR	31	1000
BOLSA DE PAPEL KRAFT #6 MILLAR	31	1000
BOLSA PARA BASURA PLASTICA AMARILLA 75 LT 2 MC 28" X 72" 100 UND	31	100
BOLSAS EMPACADO AL VACIO 32 X 42CM X MLL	28	1000
BOLSA BLANCA T-SHIRT PARAISO 16 X 19 PAQ - 1000 UND	31	1000
BOLSA BLANCA T-SHIRT PARAISO 21 X 24  - 500 UND	31	500
BOLSA PARA LAVANDERIA BIODEG.PARAISO 16.5 X 23 PAQ 1000 UND	31	1000
ETIQUETAS C&C  (ALMUERZO) 8 X 6 CM  ADHESIVO DE SEGURIDAD	28	1
ETIQUETAS C&C  (CENA) 8 X 6 CM  ADHESIVO DE SEGURIDAD	28	1
BOLSA PARA CUBIERTO 4 X 10 PQTE 50 UND	31	50
BOLSA DE POLIETILENO CRISTAL 26X40X1MC X MILLAR	31	1000
BOLSA PARA BASURA PLASTICA NEGRA C/F 35 LT 30" X 20" 100 UND 1.2 MC	31	100
BOLSA PARA BASURA PLASTICA ROJA  C/F 35 LT 30" X 20" 100 UND 1.2 MC	31	100
BOLSA CHEQUERA ROJO 21X24 100 UND	31	100
BOLSA PARA BASURA PLASTICA AMARILLO C/F 140 LT 1.4 MC 41´´X 35´´ 100 UND	31	100
BOLSA PARA BASURA PLASTICA AZUL C/F 140 LT 1.4 MC 41´´X 35´´ 100 UND	31	100
BOLSA PARA BASURA PLASTICA BLANCA C/F 140 LT 1.4 MC 41´´X 35´´ 100 UND	31	100
BOLSA PARA BASURA PLASTICA MARRON C/F 140 LT 1.4 MC 41´´X 35´´ 100 UND	31	100
BOLSA PARA BASURA PLASTICA NEGRA C/F 140 LT 1.4 MC 41´´X 35´´ 100 UND	31	100
BOLSA PARA BASURA PLASTICA ROJA C/F 140 LT 1.4 MC 41´´X 35´´ 100 UND	31	100
BOLSA DE PAPEL KRAFT #4 C/LOGO SODEXO 500 UND	31	500
BOLSA DE PAPEL KRAFT #4 500 UND	31	500
BOLSA PAPEL KRAFT #6  500 UND	31	500
BOLSA BLANCA T-SHIRT CHICA PARAISO 16 X 19 X 2 (PQT 1000 UND)	31	1000
BOLSA BLANCA T-SHIRT GRANDE PARAISO 21 X 24 X 2 (PQT 500 UND)	31	1000
BOLSA PLANA LAVANDERIA PARAISO 16.5 X 23 X 2 PQT (1000 UND)	31	1000
TENEDOR BLANCO DE PLASTICO DESCARTABLE D81110001 50 UND	31	100
TENEDOR DESCARTABLE 50 UND	31	50
CUCHARA SOPERA DESCARTABLE EN BOLSA X 100UND	31	100
CUCHARA SOPERA DESCARTABLE EN BOLSA X 50UND	31	500
CUCHARA ACRILICO DESCARTABLE 50 UND	31	50
CUCHILLO ACRILICO DESCARTABLE 50 UND	31	50
TENEDOR ACRILICO DESCARTABLE 50  UND	31	50
TENEDOR DE MADERA BIODEGRADABLES 16 CM 100 UND	31	100
TENEDOR DESCARTABLE LA EUROPEA MILLAR	31	1000
CUCHILLO DESCARTABLE LA EUROPEA MILLAR	31	1000
TAPA ENVASE DESCARTABLE REDONDO 1000 CC / 500CC 200 UND	31	200
BOTELLA DESCARTABLE CON TAPA DE 400 ML  X 100 UND	31	100
TAPA PET PARA ENVASE SALAD BOWL DE BAMBU 1000 ML X 300 UND	31	300
BOTELLA DESCARTABLE PET HOT FILLING (80°) CON TAPA DE 500 ML X 100 UND	31	100
ENVASE DESCARTABLE CON TAPA F5 32 OZ 200 UND TRANSPARENTE/NEGRO	31	200
ENVASE DESCARTABLE CON TAPA F5 16 OZ 250 UND  TRANSPARENTE / NEGRO	31	250
ENVASE DESCARTABLE CIRCULAR  CON TAPA 0.75 OZ  100 UND	31	100
ENVASE DESCARTABLE CON TAPA REDONDO 500 CC (1/2 LITRO) MILLAR	31	1000
ENVASE DESCARTABLE CON TAPA REDONDO 8 OZ 500 UND	31	500
ENVASE DESCARTABLE CON TAPA REDONDO 1000 CC MILLAR	31	1000
ENVASE DESCARTABLE TRIANGULAR PARA SANDWICH 200 UND	31	200
ENVASE PARA ENSALADA DE FRUTA CON TAPA MILLAR 8 OZ	31	1000
ENVASE PARA ENSALADA DE FRUTA CON TAPA MILLAR 16 OZ	31	1000
SALSERO DE 2 OZ NEGRO X MILLAR	31	1000
ENVASE DESCARTABLE SIN TAPA F5 16 OZ 250 UND TRANSPARENTE/ NEGRO	31	250
TAPA ENVASE DESCARTABLE F5 16 OZ 250 UND TRANSPARENTE/ NEGRO	31	250
ENVASE DESCARTABLE SIN TAPA F5 32 OZ 200 UND TRANSPARENTE/NEGRO	31	200
TAPA ENVASE DESCARTABLE F5 32 OZ 200 UND TRANSPARENTE/NEGRO	31	200
ENVASE DESCARTABLE SIN TAPA REDONDO 1000 CC  200 UND	31	1000
TAPA ENVASE DESCARTABLE REDONDO 1000 CC / 500CC 500 UND	31	1000
ENVASE DESCARTABLE SIN TAPA REDONDO 500 CC 200UND	31	500
ENVASE DESCARTABLE SIN TAPA REDONDO 8 OZ 500 UND	31	500
TAPA ENVASE DESCARTABLE REDONDO 8 OZ 500 UND	31	500
STRECH FILM  DE GRADO ALIMENTARIO ROLLO 18" X 1400 MT	45	1
STRECH FILM NO ALIMENTARIO PARA EMBALAJE TRANSPARENTE ROLLO 20" 1.5 KG	36	1
STRECH FILM NO ALIMENTARIO PARA EMBALAJE TRANSPARENTE ANTALIS ROLLO 20" 1.5KG	36	1
PLATO TENDIDO PARA POSTRE DESCARTABLE 25 UND	31	25
PLATO TENDIDO PARA SEGUNDO NEGRO DESCARTABLE 23 CM 500 UND	31	450
PLATO TENDIDO PARA ENTRADA DESCARTABLE 25 UND	31	25
PLATO TENDIDO PARA SEGUNDO DESCARTABLE # 20  MILLAR	31	1000
PLATO TENDIDO NEGRO DESCARTABLE MILLAR 23 CM	31	1000
PLATO TENDIDO NEGRO DESCARTABLE MILLAR 15.5 CM	31	1000
VASO DESCARTABLE LISTADO PP 10 OZ MILLAR	31	1000
TAPA P/ENVASE BOWL DE 16-26-32 OZ BIO KRAFT CALIENTE X 300UND	31	300
VASO POLIPAPEL BLANCO 10 OZ MILLAR	31	1000
TAPA PARA VASO POLIPAPEL 10 OZ MILLAR	31	1000
VASO DESCARTABLE PLASTICO 5 OZ MILLAR	31	1000
VASO DESCARTABLE PLASTICO 7 OZ MILLAR	31	1000
VASO PARA CREMOLADA MILLAR 8 OZ	31	1000
TAPA PARA VASO DESCARTABLE POLIPAPEL 8 OZ 1000 UND	31	1000
MANGA JACKSON SAFETY G60 KEVLAR	32	1
TAPA ENVASE DE ALUMINIO 1000 CC 500 UND	31	500
VASO DESCARTABLE POLIPAPEL BLANCO CON TAPA 8 OZ MILLAR	31	1000
VASO DESCARTABLE POLIPAPEL BLANCO 8 OZ MILLAR	31	1000
TAZA PARA CAFE EXPRESSO CON LOGO  (1 COLOR) MILLAR 4 OZ	31	1000
TAZA PARA CAFE EXPRESSO MILANO MILLAR 3 OZ	31	1000
JACKET LINNER COLOR PARA VASO LOGO 1  9 OZ MILLAR	31	1000
VASO DESCARTABLE POLIPAPEL BLANCO 9 OZ MILLAR	31	1000
JACKET LINNER NATURAL PARA VASO 9 OZ MILLAR	31	1000
VASO DESCARTABLE POLIPAPEL BLANCO PANAMERICANOS 8 OZ MILLAR	31	1000
VASO DESCARTABLE POLIPAPEL BLANCO SIN TAPA 8 OZ MILLAR	31	1000
TAPA VASO DESCARTABLE POLIPAPEL BLANCO/NEGRO 8 OZ MILLAR	31	1000
CAPUCHA DESCARTABLE 1/ 2 CAMPANA STANDAR 12 G/M2 R&G CAJA X 100 UND	8	100
TOCA TIPO TIRA (CAJA X 100 UND)	10	100
TOCA TIPO TIRA DESCARTABLE BLANCA R&G CAJA X 100 UND	10	100
CAPUCHA DESCARTABLE 1/ 2 CAMPANA STANDAR 100 UND	8	100
GUANTE DE NITRILO LIBRE DE POLVO NACOSA 100 UND TALLA L	10	100
GUANTE DE NITRILO LIBRE DE POLVO NACOSA 100 UND TALLA S	10	100
GUANTE DE NITRILO LIBRE DE POLVO ULTRASOFT 100 UND TALLA S	10	100
GUANTE DE NITRILO LIBRE DE POLVO ULTRASOFT 100 UND TALLA M	10	100
GUANTE DE NITRILO LIBRE DE POLVO ULTRASOFT 100 UND TALLA L	10	100
GUANTE DE NITRILO LIBRE DE POLVO CELESTE R&G CAJA X 100 UND TALLA S	10	100
GUANTES DE POLIETILENO DESC R&G CAJA X 100 UNIDADES T M	10	100
GUANTES DE POLIETILENO DESC R&G CAJA X 100 UNIDADES T L	10	100
GUANTE DE NITRILO LIBRE DE POLVO CELESTE FAMILY DOCTOR CAJA X 100 UND TALLA L	10	100
GUANTE DE NITRILO LIBRE DE POLVO CELESTE FAMILY DOCTOR CAJA X 100 UND TALLA M	10	100
GUANTE DE NITRILO LIBRE DE POLVO CELESTE FAMILY DOCTOR CAJA X 100 UND TALLA S	10	100
GUANTE DE NITRILO LIBRE DE POLVO CELESTE FAMILY DOCTOR CAJA X 75 UND TALLA S	10	75
GUANTE DE NITRILO LIBRE DE POLVO CELESTE FAMILY DOCTOR CAJA X 75 UND TALLA M	10	75
GUANTE DE NITRILO LIBRE DE POLVO CELESTE FAMILY DOCTOR CAJA X 75 UND TALLA L	10	75
GUANTE DE NITRILO CELESTE MAKETTO ISUDAMERICA CAJA X 100 UND T M	10	100
GUANTE DE NITRILO CELESTE MAKETTO ISUDAMERICA CAJA X 100 UND T L	10	100
GUANTE DE NITRILO CELESTE 3.5GR MAKETTO TALLA L X100UND	31	100
GUANTE DE VINILO M 100 UND	10	100
GUANTE DE VINILO S 100 UND	10	100
GUANTE DE VINILO L 100 UND	10	100
GUANTE DE NITRILO LIBRE DE POLVO 100 UND TALLA L	10	100
GUANTE DE NITRILO LIBRE DE POLVO 100 UND TALLA M	10	100
GUANTE DE NITRILO LIBRE DE POLVO 100 UND TALLA S	10	100
GUANTE DE VINILO AZUL 100 UND TALLA S	10	100
GUANTE DE VINILO AZUL 100 UND TALLA M	10	100
GUANTE DE VINILO AZUL 100 UND TALLA L	10	100
GUANTE DE NITRILO LIBRE DE POLVO CELESTE R&G CAJ X 100 UND TALLA S	10	1
GUANTE DE NITRILO LIBRE DE POLVO VERDE R&G CAJA X 100 UND TALLA S	10	100
GUANTE DE NITRILO LIBRE DE POLVO CELESTE R&G CAJA X 100 UND TALLA M	10	100
GUANTE DE NITRILO LIBRE DE POLVO CELESTE R&G CAJA X 100 UND TALLA L	10	100
GUANTE DE NITRILO LIBRE DE POLVO VERDE R&G CAJA X 100 UND TALLA M	10	100
GUANTE DE NITRILO GOLD GUARD AZUL 4500 CJ 100 UN T M	10	100
GUANTE DE NITRILO GOLD GUARD AZUL 4500 CJ 100 UN T S	10	100
GUANTE DE NITRILO NINJA EXPLORER CJ 100 UN T L	10	100
GUANTE DE NITRILO NINJA EXPLORER CJ 100 UN T M	10	100
GUANTES DE NITRILO HONEYWELL CJ 100 UN T M	10	100
GUANTES DE NITRILO HONEYWELL CJ 100 UN T L	10	100
GUANTE DE NITRILO FLUMINSA 4.2 CELESTES T L CJ 100 UN	10	100
MASCARILLA 3 PLIEGUES PREMIUM VALMASK CJ 50 UN	31	50
MASCARILLA 3 PLIEGUES FAMILY DOCTOR  CJ X 50 UND	31	50
MASCARILLA KN95 SHYLAR CJ 100 UN	10	100
MASCARILLA ASEPTICA 50 UND	10	50
MASCARILLA DESCARTABLE AZUL/BLANCO PK 50 UN	10	50
MASCARILLA N95 TIPO C R&G CAJA X 50 UND	10	50
MASCARILLA DESCARTABLE CAJ X 50 UND	10	50
MASCARILLA 3 PLIEGUES VIC CAJA X50UND	10	50
PROTECTOR FACIAL WORK 0.4MM	45	1
MASCARILLA KN95 GP CAJA X 10 UND	10	10
MASCARILLA 3 PLIEGUES GP CJ X 50 UND	31	50
MASCARILLA 3 PLIEGUES FACE MASK CJ X 50 UND	31	50
MASCARILLA 3 PLIEGUES LINK TEK CJ 50 UN	31	50
MASCARILLA 3 PLIEGUES DEYSA CARE CJ 50 UN	31	50
CONTENEDOR TERMICO D4051XX  CT3 200 UND	31	200
CONTENEDOR TERMICO D4031XX  CT5  200 UND	31	200
ENVASE SOPERO DE TECNOPOR 12 OZ 100 UND	31	100
PLATO TENDIDO PARA SEGUNDO TECNOPOR # 22  200 UND	31	200
PLATO TENDIDO PARA SEGUNDO TECNOPOR # 22  MILLAR	31	1000
VASO POLIPAPEL 8 OZ C/DISEÑO BEBIDAS CALIENTES X MILLAR	31	1000
TAPA PARA VASO POLIPAPEL 8 OZ C/DISEÑO BEBIDAS CALIENTES X MILLAR	31	1000
VASO DESCARTABLE TECNOPOR 10 OZ MILLAR	31	1000
MONDADIENTES PQT X 2500 UND	31	2500
MONDADIENTES BAMBÚ DOBLE PUNTA BOLSA X 250 UND	10	250
PIROTINES PARA POSTRE #8 X MILLAR	31	1000
MONDADIENTES CANDY 200 UND	10	200
REMOVEDOR MADERA GRANDE PARA CAFE MILLAR	31	1000
PORTAVASO CARTON (1 COLOR) MILLAR	31	1000
CARTON PROTECTOR PARA VASO ( JACQUET)  CON LOGO A	31	1000
PALITOS DE BROCHETA 20 CM  100 UND	31	100
MONDADIENTES CON ENVOLTURA X MILLAR	31	1000
PALITOS DE BROCHETA 24 CM MILLAR	31	1000
CONTENEDOR DE BAGAZO J1 #5 X 250 UND	31	250
CONTENEDOR DE BAGAZO P1 #3 X 200 UND	31	200
CONTENEDOR DE BAGAZO J1 #5 X 200 UND	31	200
ENVASE SALAD BOWL DE BAMBU 1000 ML SIN TAPA X 300 UND	31	300
ENVASE SOPERO DE BAMBU 8 OZ SIN TAPA X 500 UND	31	500
TAPA PARA ENVASE SOPERO DE BAMBU 8 OZ X 500 UND	31	500
PLATO TENDIDO DE BAGAZO #18 X MILLAR (EMER)	31	1000
CAJA PARA PIZZA 20 X 20 CM 100 UND	31	100
CONTENEDOR BIODEGRADABLE FIBRA  # 5 200 UND	31	200
BOWL DE SOPA BIO DEGRADABLE 16 OZ X MLL	31	1000
CONTENEDOR DE FIBRA # 4 KS BAGAZO CANA X  MILL	31	1000
BOWL DE SOPA BIO DEGRADABLE 16 OZ X 500UND	31	500
CONTENEDOR DE FRIBRA # 4 KS BAGAZO CANA X 200UND	31	200
CUY ENTERO CONGELADO	23	1
ACELGA	23	1
ALAS DE POLLO CONGELADO	23	1
LECHUGA AMERICANA	23	1
MOLLEJA DE POLLO CONGELADO	23	1
DMQ  SPARTAN 1 LITRO	26	1
CLEAN BY PEROXY SPARTAN 1 LITRO	26	1
ACIDO MLD ECO SPARTAN 1 LITRO	26	1
AIRLIFT SPARTAN 1 LITRO	26	1
DAMP MOP SPARTAN 1 LITRO	26	1
YELLOW PINE SPARTAN 1 LITRO	26	1
SILICONA SHINE PLUS SPARTAN 1 LITRO	26	1
ECODESENGRASANTE FP SPARTAN 1 LITRO	26	1
SANI DRY SPARTAN 1 LITRO	26	1
BRASS POLISH SPARTAN 1 LITRO	26	1
CLEAN BY 4D SPARTAN 3.875 LITROS	19	3.875
TB CIDE QUAT SPARTAN 3.875 LITROS	19	3.875
DMQ  SPARTAN 3.875 LITROS	19	3.875
CLEAN BY PEROXY SPARTAN 3.875 LITROS	19	3.875
ACIDO MLD ECO SPARTAN 3.875 LITROS	19	3.875
AIRLIFT SPARTAN 3.875 LITROS	19	3.875
DAMP MOP SPARTAN 3.875 LITROS	19	3.875
YELLOW PINE SPARTAN 3.875 LITROS	19	3.875
SILICONA SHINE PLUS SPARTAN 3.875 LITROS	19	3.875
DUST MOP SPARTAN 3.875 LITROS	19	3.875
ECODESENGRASANTE FP SPARTAN 3.875 LITROS	19	3.875
SANI T 10 FRESH SPARTAN 3.875 LITROS	19	3.875
SANI DRY SPARTAN 3.875 LITROS	19	3.875
CLEAN BY 4D SPARTAN 5 LITROS	45	5
TB CIDE QUAT SPARTAN 5 LITROS	45	5
DMQ  SPARTAN 5 LITROS	45	5
CLEAN BY PEROXY SPARTAN 5 LITROS	45	5
ACIDO MLD ECO SPARTAN 5 LITROS	45	5
AIRLIFT SPARTAN 5 LITROS	45	5
DAMP MOP SPARTAN 5 LITROS	45	5
YELLOW PINE SPARTAN 5 LITROS	45	5
SILICONA SHINE PLUS SPARTAN 5 LITROS	45	5
DUST MOP SPARTAN 5 LITROS	45	5
ECODESENGRASANTE FP SPARTAN 5 LITROS	45	5
SANI T 10 FRESH SPARTAN 5 LITROS	45	5
SANI DRY SPARTAN 5 LITROS	45	5
CLEAN BY 4D SPARTAN 19 LITROS	4	19
TB CIDE QUAT SPARTAN 19 LITROS	4	19
DMQ  SPARTAN 19 LITROS	4	19
CLEAN BY PEROXY SPARTAN 19 LITROS	4	19
ACIDO MLD ECO SPARTAN 19 LITROS	4	19
AIRLIFT SPARTAN 19 LITROS	4	19
DAMP MOP SPARTAN 19 LITROS	4	19
YELLOW PINE SPARTAN 19 LITROS	4	19
SILICONA SHINE PLUS SPARTAN 19 LITROS	4	19
DUST MOP SPARTAN 19 LITROS	4	19
ECODESENGRASANTE FP SPARTAN 19 LITROS	4	19
SANI T 10 FRESH SPARTAN 19 LITROS	4	19
SANI DRY SPARTAN 19 LITROS	4	19
SNB 130 CIP SPARTAN 1 LITRO	26	1
CONCRETE SURFACE FINISH SPARTAN 3.875 LITROS	19	3.875
TRENDSETTER  SPARTAN 3.875 LITROS	19	3.875
ESPUMA CLORADA FP SPARTAN 3.875 LITROS	19	3.875
SNB 130 CIP SPARTAN 3.875 LITROS	19	3.875
XTREME CLEAN SPARTAN 3.875 LITROS	19	3.875
SPARCLEAN RINSE AID II SPARTAN 3.875 LITROS	19	3.875
SPARCLEAN CHLORINATED DETERGENT SPARTAN 3.875 LITROS	19	3.875
ML 300 FP SPARTAN 3.875 LITROS	19	3.875
SURE STEP FP SPARTAN 3.875 LITROS	19	3.875
CONCRETE SURFACE FINISH SPARTAN 5 LITROS	45	5
TRENDSETTER  SPARTAN 5 LITROS	45	5
XTREME CLEAN SPARTAN 5 LITROS	45	5
SPARCLEAN RINSE AID II SPARTAN 5 LITROS	45	5
SPARCLEAN CHLORINATED DETERGENT SPARTAN 5 LITROS	45	5
SANIT-OX FP SPARTAN 5 LITROS	45	5
SURE STEP FP SPARTAN 5 LITROS	45	5
CLORIN FP SPARTAN 5 LITROS	45	5
CONCRETE SURFACE FINISH SPARTAN 19 LITROS	4	19
TRENDSETTER  SPARTAN 19 LITROS	4	19
LOE STRIPPER  SPARTAN 19 LITROS	4	19
ESPUMA CLORADA FP SPARTAN 19 LITROS	4	19
SNB 130 CIP SPARTAN 19 LITROS	4	19
XTREME CLEAN SPARTAN 19 LITROS	4	19
SPARCLEAN RINSE AID II SPARTAN 19 LITROS	4	19
SPARCLEAN CHLORINATED DETERGENT SPARTAN 19 LITROS	4	19
SANIT-OX FP SPARTAN 19 LITROS	4	19
ML 300 FP SPARTAN 19 LITROS	4	19
SURE STEP FP SPARTAN 19 LITROS	4	19
CLORIN FP SPARTAN 19 LITROS	4	19
DM 500 H PLUS FP SPARTAN 1 LITRO	26	1
DM 500 H PLUS FP SPARTAN 3.875 LITROS	19	3.875
WHITE CLEAN PLUS FP SPARTAN 3.875 LITROS	19	3.875
FOAMING ACID CLEANER FP SPARTAN 3.875 LITROS	19	3.875
SANI-T-10 SPARTAN 3.875 LITROS	19	3.875
LAUNDRY SPOTTING SOLUTION SPARTAN 3.875 LITROS	19	3.875
LIQUID ALKALI  SPARTAN 3.875 LITROS	19	3.875
FABRIC SOFTENER SPARTAN 3.875 LITROS	19	3.875
LAUNDRY DEGREASER SPARTAN 3.875 LITROS	19	3.875
HIGH ACID CLEANER FP SPARTAN 3.875 LITROS	19	3.875
DM 500 H PLUS FP SPARTAN 5 LITROS	45	5
WHITE CLEAN PLUS FP SPARTAN 5 LITROS	45	5
FOAMING ACID CLEANER FP SPARTAN 5 LITROS	45	5
SANI-T-10 SPARTAN 5 LITROS - SPARTAN	45	5
LAUNDRY SPOTTING SOLUTION SPARTAN 5 LITROS	45	5
LIQUID ALKALI  SPARTAN 5 LITROS	45	5
FABRIC SOFTENER SPARTAN 5 LITROS	45	5
LAUNDRY DEGREASER SPARTAN 5 LITROS	45	5
HIGH ACID CLEANER FP SPARTAN 5 LITROS	45	5
DM 500 H PLUS FP SPARTAN 19 LITROS	4	19
WHITE CLEAN PLUS FP SPARTAN 19 LITROS	4	19
FOAMING ACID CLEANER FP SPARTAN 19 LITROS	4	19
SANI-T-10 SPARTAN 19 LITROS	4	19
LAUNDRY SPOTTING SOLUTION SPARTAN 19 LITROS	4	19
LIQUID ALKALI  SPARTAN 19 LITROS	4	19
XTREME OXIGEN BLEACH SPARTAN 19 LITROS	4	19
FABRIC SOFTENER SPARTAN 19 LITROS	4	19
CHLORINE BLEACH SPARTAN 19 LITROS	4	19
LAUNDRY DEGREASER SPARTAN 19 LITROS	4	19
HIGH ACID CLEANER FP SPARTAN 19 LITROS	4	19
JABÓN  ANTIBACTERIAL P/MANOS SPARTAN 4 LITROS NEUTRO	19	4
JABÓN LIQUIDO P/MANOS SPARTAN 4 LITROS NEUTRO	19	4
ALCOHOL GEL 70° SPARTAN 4 LITROS FARMACEUTICO NEUTRO	19	4
ALCOHOL GEL SPARTAN 4 LITROS COSMETICO NEUTRO	19	4
JABÓN ESPUMA ANTIBACTERIAL WEST MICROSAFE CLEAS SIN AROMA SPARTAN  X1000ML	26	1
JABÓN  ANTIBACTERIAL P/MANOS SPARTAN 6X4 LITROS NEUTRO	10	24
JABÓN LIQUIDO P/MANOS SPARTAN 6X4 LITROS NEUTRO	10	24
ALCOHOL GEL 70° SPARTAN 6X4 LITROS FARMACEUTICO NEUTRO	10	24
ALCOHOL GEL SPARTAN 6X4 LITROS COSMETICO NEUTRO	10	24
JABÓN ESPUMA ANTIBACTERIAL WEST MICROSAFE CLEAS SIN AROMA SPARTAN 6X1000ML (6 UND X 1L)	10	6
ML 300 CIP SPARTAN 3.875 LITROS	19	3.875
ML 300 CIP SPARTAN 5 LITROS	45	5
ML 300 CIP SPARTAN 19 LITROS	4	19
STRECH FILM DE GRADO ALIMENTARIO ROLLO 18" X 1400MT X 9U	45	1
BANDEJA ALUMINIO RECTANGULAR LARGA 7200ML X 100 UND	31	100
BOLSA BLANCA PLANA 20 X 30 ALFA X 100 UND	31	100
BOLSA BLANCA T-SHIRT 16 X 19 ASITA X 100 UND	31	100
BOLSA BLANCA T-SHIRT 19 X 20 PB X 100 UND	31	100
BOLSA BLANCA T-SHIRT 21 X 24 ASITA X 100 UND	31	100
BOLSA BLANCA T-SHIRT COMPOSTABLE 16 X 19 NEWIE X 100 UND	31	100
BOLSA BLANCA T-SHIRT COMPOSTABLE 21 X 24 NEWIE X 100 UND	31	100
BOLSA DE PAPEL KRAFT 50GR #4 (12.5X24.2X7.5) 500 UND	31	500
BOLSA DE PAPEL KRAFT 50GR #4 (12.5X24.2X7.5) C/LOGO SODEXO 500 UND	31	500
BOLSA DE PAPEL KRAFT 50GR #6 (14.8X28X8.5) 500 UND	31	500
BOLSA DE PAPEL KRAFT 50GR #6 (14.8X28X8.5) C/LOGO SODEXO 500 UND	31	1
BOLSA DE PAPEL KRAFT 70GR #12 (18.8X34.5X10) 500 UND	31	500
BOLSA DE PAPEL KRAFT 70GR #20 (20.4X30.2X13) 500 UND	31	500
BOLSA PARA CUBIERTO 4X8 ALFA X 100 UND	31	100
BOLSA PARA CUBIERTO FLAT KRAFT 50GR 28X8CM C/LOGO MILLAR	31	1000
BOLSA PARA CUBIERTO FLAT KRAFT 50GR 28X8CM MILLAR	31	1000
BOLSA PARA SANDWICH 6X6 MILLAR	31	1000
BOLSA TRANSPARENTE ROLLOSITO 7 X 10	36	1
CAJA PARA PIZZA 30 X 30 CM 100 UND	31	100
CONTENEDOR DE BAGAZO #3 8 X 8 X 200 UND	31	200
CONTENEDOR DE BAGAZO #5 6 X 9 X 250 UND	31	250
CONTENEDOR PORTA SANDWICH SENCILLO X 200 UND	31	200
CONTENEDOR TRIANGULAR PARA TORTA 11CMX5CM X 200 UND	31	200
CUCHARA BIO PLA 16CM X 100 UND	31	100
CUCHARA PARA CAFE BLANCA DE PLASTICO DESCARTABLE GOLAZO 100 UNID	31	100
CUCHARA PARA SOPA BLANCA DE PLASTICO DESCARTABLE LA EUROPEA 50 UND	31	50
CUCHILLO BIO PLA 16CM X 100 UND	31	100
CUCHILLO PARA SEGUNDO BLANCO DE PLASTICO DESCARTABLE LA EUROPEA 50 UND	31	50
ENVASE AJICERO PP 4 OZ TRANSPARENTE MILLAR	31	1000
ENVASE DESCARTABLE CIRCULAR PP TRANSPARENTE SIN TAPA  0.5 LT ALFA X 200 UND	31	200
ENVASE DESCARTABLE CIRCULAR PP TRANSPARENTE SIN TAPA 1  LT ALFA X 200 UND	31	200
ENVASE DESCARTABLE CIRCULAR PP TRANSPARENTE SIN TAPA 8 OZ X 400 UND	31	400
ENVASE DESCARTABLE CIRCULAR PS BLANCO SIN TAPA 0.5 LT ALFA X 200 UND	31	200
ENVASE DESCARTABLE CIRCULAR PS BLANCO SIN TAPA 1 LT ALFA X 200 UND	31	200
ENVASE DESCARTABLE RECTANGULAR TRANSPARENTE PP SIN TAPA 0.5 LT ALFA X 200 UND	31	200
ENVASE DESCARTABLE RECTANGULAR TRANSPARENTE PP SIN TAPA 1 LT ALFA X 200 UND	31	200
ENVASE DUPLO 16 OZ PS NEGRO ALTO X 700 UND	31	700
ENVASE DUPLO 24 OZ PS NEGRO ALTO X 500 UND	31	500
ENVASE DUPLO 48 OZ PS NEGRO ALTO X 400 UND	31	400
ENVASE SALAD BOWL DE BAMBU 1000 ML SIN TAPA X 600 UND	31	600
ENVASE SALAD BOWL DE BAMBU 1300 ML SIN TAPA X 300 UND	31	300
ENVASE SALSERO PP 2 OZ NEGRO X 2500 UND	31	2500
ENVASE SOPERO DE BAMBU 16 OZ SIN TAPA X 500 UND	31	500
ENVASE SOPERO DE BAMBU 32 OZ SIN TAPA X 500 UND	31	500
JACKET DE CARTON MICROCORRUGADO PARA VASO 12/16OZ CON LOGO MILLAR	31	1000
JACKET DE CARTON MICROCORRUGADO PARA VASO 12/16OZ MILLAR	31	1000
JACKET DE CARTON MICROCORRUGADO PARA VASO 8OZ CON LOGO MILLAR	31	1000
JACKET DE CARTON MICROCORRUGADO PARA VASO 8OZ MILLAR	31	1000
MOLDE DE ALUMINIO 16 OZ X 500 UND	31	500
MOLDE DE ALUMINIO 28 OZ X 250 UND	31	250
MOLDE DE ALUMINIO 8 OZ X 500 UND	31	500
PAPEL ANTIGRASA 25X35CM CON DISEÑO 1 COLOR X MILLAR	31	1000
PLATO SOPERO DE BAGAZO #12 X MILLAR	31	1000
PLATO TENDIDO DE BAGAZO #15 X MILLAR	31	1000
PLATO TENDIDO DE BAGAZO #18 X MILLAR	31	1000
PLATO TENDIDO DE BAGAZO #22 X MILLAR	31	1000
PLATO TENDIDO PP 15 ALFA X MILLAR	31	1000
PLATO TENDIDO PP 22 ALFA X MILLAR	31	1000
PORTA VASOS CARTON CON LOGO PARA 2 UND X MILLAR (TIPO BANDEJA)	31	1000
REMOVEDOR DE MADERA FORRADO 140 MM X 500 UND	31	500
REMOVEDOR DE MADERA FORRADO 178 MM X 500 UND	31	500
SOBRE ANTIGRASA PARA SANWICH 15 X 15 CON LOGO MILLAR	31	1000
SORBETE BIODEGRADABLE PLA 23 X 6MM X 100 UND	31	100
TAPA CRISTAL PARA MOLDE DE ALUMINIO 16 OZ 14X11.5 X 500 UND	31	500
TAPA CRISTAL PARA MOLDE DE ALUMINIO 28 OZ 15X21.5 X 500 UND	31	500
TAPA CRISTAL PARA MOLDE DE ALUMINIO 8 OZ 12.3X9.8 X 500 UND	31	500
TAPA PARA ENVASE AJICERO PP 4 OZ TRANSPARENTE MILLAR	31	1000
TAPA PARA ENVASE DESCARTABLE CIRCULAR PP TRANSPARENTE  0.5-1 LT ALFA X 200 UND	31	200
TAPA PARA ENVASE DESCARTABLE CIRCULAR PP TRANSPARENTE 8 OZ X 400 UND	31	400
TAPA PARA ENVASE DESCARTABLE CIRCULAR PS BLANCO 0.5 - 1 LT ALFA X 200 UND	31	200
TAPA PARA ENVASE DESCARTABLE RECTANGULAR TRANSPARENTE PP 0.5 LT ALFA X 200 UND	31	200
TAPA PARA ENVASE DESCARTABLE RECTANGULAR TRANSPARENTE PP 1 LT ALFA X 200 UND	31	200
TAPA PARA ENVASE SOPERO DE BAMBU 16 OZ X 500 UND	31	500
TAPA PARA ENVASE SOPERO DE BAMBU 32 OZ X 500 UND	31	500
TAPA PARA VASO POLIPAPEL 12 OZ MILLAR	31	1000
TAPA PARA VASO POLIPAPEL 8 OZ MILLAR	31	1000
TAPA PET PARA ENVASE SALAD BOWL DE BAMBU 1000 ML X 600 UND	31	600
TAPA PET PARA ENVASE SALAD BOWL DE BAMBU 1300 ML X 300 UND	31	300
TAPA PET PARA ENVASE SALSERO PP 2 OZ NEGRO X 2500 UND	31	2500
TAPA TRANSPARENTE PET PARA ENVASE DUPLO 16 OZ ALTO X 700 UND	31	700
TAPA TRANSPARENTE PET PARA ENVASE DUPLO 24 OZ ALTO X 500 UND	31	500
TAPA TRANSPARENTE PET PARA ENVASE DUPLO 48 OZ ALTO X 400 UND	31	400
TENEDOR BIO PLA 16CM X 100 UND	31	100
TENEDOR PARA SEGUNDO BLANCO DE PLASTICO DESCARTABLE LA EUROPEA 50 UND	31	50
VASO DESCARTABLE PP N 10 ALFA X MILLAR	31	1000
VASO DESCARTABLE PP N 5 ALFA X MILLAR	31	1000
VASO DESCARTABLE PP N 7 ALFA X MILLAR	31	1000
VASO POLIPAPEL BLANCO 12 OZ MILLAR	31	1000
VASO POLIPAPEL BLANCO 4 OZ MILLAR	31	1000
VASO POLIPAPEL BLANCO 8 OZ MILLAR	31	1000
VASO POLIPAPEL DISEÑO BEBIDAS CALIENTES 8 OZ MILLAR	31	1000
GUANTE DE NITRILO LIBRE DE POLVO AZUL R&G CAJA X 100 PARES T S	10	100
GUANTE DE NITRILO LIBRE DE POLVO AZUL R&G CAJA X 100 PARES T M	10	100
GUANTE DE NITRILO LIBRE DE POLVO AZUL R&G CAJA X 100 PARES T L	10	100
ENVASE SALSERO PP 2 OZ TRANSPARENTE X 2500 UND	31	2500
TAPA PET PARA ENVASE SALSERO PP 2 OZ TRANSPARENTE X 2500 UND	31	2500
BOLSA PARA CUBIERTO 4X10 (8.5CM X 24.10CM) ALFA X 100 UND	31	100
BOLSA BLANCA T-SHIRT 16 X 19 EL SOL X 100 UND	31	100
MASCARILLA KN95 BLANCA MAKETTO CAJA X10 PCS	31	10
TOCA TIPO MEDIA CAMPANA 12 GR ISUD X100UND	31	100
TOCA SOFT BLANCA ISUD 12 GR DOS LIGAS X100UND	31	100
GUANTE DE NITRILO AZUL 4GR ISUD TALLA L X100UND	31	100
GUANTE DE NITRILO AZUL 4GR ISUD TALLA M X100UND	31	100
GUANTE DE NITRILO AZUL 4GR ISUD TALLA S X100UND	31	100
CAJA CHICA - PAPEL DE ALUMINIUM HY TOP 18X37.5	10	1
MUFFIN DE CHOCOLATE 100 GR REFRIGERADO	45	1
MUFFIN TULIPA TRIPLE CHOCOLATE (BOM BOM) 110 GRM	45	1
EMPANADA DE CARNE 100 GR MENU	45	1
PIZZA AMERICANA PERSONAL RETAIL 110 GRM	45	1
PIZZA TROPICAL (HAWAIANA) PERSONAL RETAIL 110 GRM	45	1
PIZZA SALAME (PEPPERONI) PERSONAL RETAIL 110 GRM	45	1
EMPANADA DE CARNE RETAIL 140 GRM	45	1
EMPANADA MIXTA RETAIL 140 GRM	45	1
PASTA DE AJI AMARILLO RAM 1 KG	8	1
EMPANADA DE AJI DE POLLO 100 GR MENU	45	1
EMPANADA DE AJI DE POLLO 145 GR RETAIL	45	1
FIESTRA EMPANADA DE CARNE 90 GR	45	1
FIESTRA EMPANADA MIXTA 90 GR	45	1
SUJETADOR PARA MASCARILLAS	45	1
KIT DE PECHO PARA SMARTPHONE GIRO 360	22	1
MANGA DE PUÑO DE PUNTO C/PASE P/DEDOS VENICUT5M	45	1
MAQUINA DE AFEITAR SHICK 24 UND	31	24
BETUN NEGRO SANTIAGO 90GR	24	1
BLOQUEADOR SOLAR SACHET VISAGE DERMOSOL F-100  10GR	45	1
CIGARRILLO LUCKY STRIKE CONVERTIBLE GRANDE	14	1
CORTA UÑAS CALIDAD MEDIA	45	1
VICK VAPORUP LATA PERSONAL	45	1
BLOQUEADOR SOLAR SACHET EXTREMO DERMASOL F-50 10 GR	45	1
SHAMPOO PANTENE 18 ML	38	1
CORTA UÑAS 3 ESPADAS LINEA AMERICANA GRANDE	45	1
CIGARRILLO LUCKY STRIKE ORIGINAL NEGRO CHICO	14	1
CIGARRILLO LUCKY STRIKE ORIGINAL NEGRO GRANDE	14	1
SHAMPOO H&S 375 ML	18	1
CUADERNO ESCOLAR SURCO CUADRICULADO 80 HOJAS	45	1
LAPICERO FABER CASTELL 031-F AZUL	45	1
LAPICERO FABER CASTELL 031- NEGRO	45	1
TIJERA GRANDE ARTESCO 8"	45	1
VASELINA NO PERFUMADA POTE 25 GR	45	1
VASELINA NO PERFUMADA POTE 15 GR	45	1
LM-19 LAPICERO METALICO COLOR GUN	45	1
JABA PLASTICA COSECHERA AZUL	45	1
PARIHUELA DE MADERA EAN 1.00 X 1.20MT - PREMIUM	45	1
CAJA CHICA - NUEVO SIN FORMATO COMPRA	45	1
CAJA CHICA - NUEVO CON FORMATO COMPRA	1	1
CAJA CHICA - AZUCAR BLANCA X KG	23	1
CAJA CHICA - ACEITE VEGETAL CIL X 5 LT	9	1
CAJA CHICA - FIDEO SPAGUETTY ALIANZA X KG	23	1
CAJA CHICA - DETERGENTE ACE	8	1
CAJA CHICA - VINO BLANCO COUSIÑO	26	1
CAJA CHICA - LECHE EN TARRO LIGHT GLORIA 400 GR	24	1
CAJA CHICA - MAYONESA ALACENA 500 GR	38	1
CAJA CHICA - APIO	23	1
CAJA CHICA - CARAMBOLA	23	1
CAJA CHICA - CULANTRO	23	1
CAJA CHICA - LIMON VERDE EXTRA	23	1
CAJA CHICA - MANZANA ROJA CHILENA	23	1
CAJA CHICA - MARACUYA	23	1
CAJA CHICA - PAPAYA	23	1
CAJA CHICA - PIÑA SELVA	23	1
CAJA CHICA - PORO	23	1
CAJA CHICA - ROCOTO	23	1
CAJA CHICA - SANDIA	23	1
CAJA CHICA - YOGURT DURAZNO SBELT 946 ML	9	1
CAJA CHICA - YOGURT FRESA SBELT 946 ML	9	1
CAJA CHICA - DETERGENTE MARSELLA 2.3 KG	8	1
CAJA CHICA - LEJIA CLOROX 639 ML	9	1
CAJA CHICA - BOLSA PARA BASURA NEGRA 140 LT	45	1
CAJA CHICA - BETERRAGA FRESCA	23	1
CAJA CHICA - LECHUGA AMERICANA	23	1
CAJA CHICA - PEPINILLO	23	1
CAJA CHICA - ZAPALLO MACRE	23	1
CAJA CHICA - MANZANA VERDE PARA JUGO	23	1
CAJA CHICA - LENTEJA	23	1
CAJA CHICA - ARVEJA VERDE PARTIDA	23	1
CAJA CHICA - FRIJOL CABALLERO	23	1
CAJA CHICA - FRUTOS SECOS BELLO HORIZONTE 75 GR	8	1
CAJA CHICA - NESCAFE DOLCE GUSTO LUNGO	10	1
CAJA CHICA - CHOCOLATE MILKY IBERICA	45	1
CAJA CHICA - EDULCORANTE SUGAFOR 200 UND	10	1
CAJA CHICA - COCA COLA  ZERO X 500ML	9	1
CAJA CHICA - PATO ENTERO	23	1
CAJA CHICA - BOLSAS SANGUCHERAS X 100 UND	10	1
CAJA CHICA - CONO BARQUILLO AMARILLO X 1250 UND	10	1
CAJA CHICA - ACEITUNA CON PIMIENTO	23	1
CAJA CHICA - ALCACHOFAS FOND VALLE FERTIL 950	18	1
CAJA CHICA - CEBOLLA PERLA	23	1
CAJA CHICA - CHIVES	23	1
CAJA CHICA - CHOCOLATE HERSHEYS SYRUP	18	1
CAJA CHICA - CONSERVA FLORIDA CORAZON DE ALCACHOFA	24	1
CAJA CHICA - CONSERVA PALMITO ENTERO	24	1
CAJA CHICA - CONSERVA VALLE FERTIL FONDO DE ALCACHOFA	24	1
CAJA CHICA - CREMA CHANTILLY PURATOS	26	1
CAJA CHICA - CREMA DE COCO SELVA 270 ML	18	1
CAJA CHICA - CREMA DE LECHE NESTLE 300	24	1
CAJA CHICA - CREMA SABOR A COCO ARO 800 ML	9	1
CAJA CHICA - EDULCORANTE SUGAFOR POLVO 200 X 1GR	10	1
CAJA CHICA - JARABE CHUNCHO DE GOMA 750 ML	9	1
CAJA CHICA - JARABE CHUNCHO DE GRANADILLA 750 ML	9	1
CAJA CHICA - JARABE DE GOMA VILLA ANDINA 750 ML	9	1
CAJA CHICA - JARABE DE GRANADINA VILLA ANDINA 750 ML	9	1
CAJA CHICA - JARABE SPITZE ALGARROBINA	9	1
CAJA CHICA - M HOJARASCAS	45	1
CAJA CHICA - MENTA	23	1
CAJA CHICA - PALMITOS TROZOS COSECHA DE OROR	18	1
CAJA CHICA - PANKO YUMART 230 GR	8	1
CAJA CHICA - PIÑA HAWAINA KG	23	1
CAJA CHICA - POLLO ALITAS BRUCHECK	23	1
CAJA CHICA - PULPA ORGANICA DE CAMU CAMU	23	1
CAJA CHICA - QUESO GLORIA BONLE MOZZARELLA	23	1
CAJA CHICA - QUESO PHILADELPHIA ORIGIBAL	31	1
CAJA CHICA - SALSA BBQ AHUM	18	1
CAJA CHICA - SALSA SHUR FINE	18	1
CAJA CHICA - SAZON COMPLETA BADIA	18	1
CAJA CHICA - TOMILLO FRESCO	23	1
CAJA CHICA - LECHON ENTERO X KG	23	1
CAJA CHICA - PULPA DE CANGREJO PQTE	31	1
CAJA CHICA - GUINDONES X KG	23	1
CAJA CHICA - SORBETES	31	1
CAJA CHICA - VINO CHARDONNAY CHINEN	45	1
CAJA CHICA - GALLETA DE VAINILLA	45	1
CAJA CHICA - POLLO SIN MENUDENCIA CONGELADO RANGO 1.6 KG	23	1
CAJA CHICA - PALILLO X 34.2 GR	45	1
CAJA CHICA - PANETON GLORIA 900 GR BOLSA	45	1
CAJA CHICA - LENGUADO ENTERO	23	1
CAJA CHICA - SALSA TABASCO 150 ML	45	1
CAJA CHICA - GALLETA AQUA LIGHT	45	1
CAJA CHICA - AZUCAR BLANCA SOL DE LAREDO	23	1
CAJA CHICA - AZUCAR RUBIA PARAMONGA	23	1
CAJA CHICA - PISO PARA TORTA TECNOPOR REDONDO 32	45	1
CAJA CHICA - PAÑUELOS KLEENEX	45	1
CAJA CHICA - RES BOLA DE LOMO CONGELADO NACIONAL	23	1
CAJA CHICA - CEBADA TOSTADA 2.5 KG	8	1
CAJA CHICA - ENVASE DESCARTABLE RECTANGULAR C/TAPA 32 OZ 100	31	1
CAJA CHICA - ENVASE PLASTICO REDONDO C/TAPA 500 ML (16 OZ)	45	1
CAJA CHICA - JUGO DE MANZANA LAIVE 200 ML	10	1
CAJA CHICA - YOGURT FRESA NORMAL 200 ML LAIVE	45	1
CAJA CHICA - YOGURT VAINILLA LIGHT 946 ML LAIVE	45	1
CAJA CHICA - GALLETA DULCE VAINILLA FIELD 37 GR	45	1
CAJA CHICA - FILETE DE PECHUGA DE POLLO (90-150 GR) S/PIEL R	23	1
CAJA CHICA - INFUSION ANIS HERBI 100 SOBRES	10	1
CAJA CHICA - INFUSION HIERBA LUISA HERBI 100 SOBRES	10	1
CAJA CHICA - INFUSION MANZANILLA HERBI 100 SOBRES	10	1
CAJA CHICA - INFUSION MATE DE COCA HERBI 100 SOBRES	10	100
CAJA CHICA - INFUSION TE BOLDO HERBI 100 SOBRES	10	1
CAJA CHICA - INFUSION TE CANELA Y CLAVO HERBI 100 SOBRES	10	1
CAJA CHICA - INFUSION TE ROJO PURO HERBI 100 SOBRES	10	1
CAJA CHICA - INFUSION UÑA DE GATO HERBI 100 SOBRES	10	1
CAJA CHICA - JAMON INGLES REFRIGERADO 200 GR	31	1
CAJA CHICA - JAMON PARA CAFETIN REFRIGERADO 500 GR	31	1
CAJA CHICA - MERMELADA FRESA FLORIDA 1 KG	45	1
CAJA CHICA - SALCHICHA HOT DOG REFRIGERADO KG	23	1
CAJA CHICA - TOCINO AHUMADO REFRIGERADO KG	23	1
CAJA CHICA - PAPEL TERMICO MONOGLUCIDO UND	45	1
CAJA CHICA - VINAGRE BALSÁMICO LT.	26	1
CAJA CHICA - INFUSION TE BOLDO HERBI 25 SOBRES	10	1
CAJA CHICA - RES LOMO FINO CONGELADO NACIONAL	23	1
CAJA CHICA - PAVO PECHUGA GUISO TROZADA 150 GR.	23	1
CAJA CHICA - CHICHARRON DE PRENSA REFRIGERADO KG	23	1
CAJA CHICA - CHORIZO PARRILLERO REFRIGERADO KG	23	1
CAJA CHICA - JAMON DEL PAIS REFRIGERADO 500 GR	31	1
CAJA CHICA - JAMONADA PARA CAFETIN REFRIGERADO 500 GR.	31	1
CAJA CHICA - MORTADELA PARA CAFETIN REFRIGERADO 500 GR	31	1
CAJA CHICA - SERVILLETA 12 X12 DOBLADAS SODEXO 150 UND	31	1
CAJA CHICA - VASO BIODEGRADABLE 8 OZ MILLAR	31	1
CAJA CHICA - PASTA DE TOMATE MOLITALIA 750 GR	45	1
CAJA CHICA - SECADOR DE TELA	45	1
CAJA CHICA - CARAMELO HALLS CREAMY FRESA 100 UND.	8	1
CAJA CHICA - HARINA ESPECIAL LUCIANO GRANEL	23	1
CAJA CHICA - INFUSION HIERBA LUISA 100 SOBRES	10	1
CAJA CHICA - MIXTURA DE SOPA CONGELADO	23	1
CAJA CHICA - ACEITE DE OLIVA LT	26	1
CAJA CHICA - CERDO BONDIOLA CONGELADO KG	23	1
CAJA CHICA - AJI MIRASOL MOLIDO ENVASADO KG	23	1
CAJA CHICA - CAFÉ MOLIDO KIRMA X 200 GR	24	1
CAJA CHICA - PASTA DE TOMATE 750 GR.	45	1
CAJA CHICA - POLLO ENTERO S/M CONGELADO 1.65-1.70 KG	23	1
CAJA CHICA - AJI AMARILLO ENTERO CONGELADO KG	23	1
CAJA CHICA - ENSALADA DE RUSA CONGELADO KG	23	1
CAJA CHICA - AJO CABEZA REFRIGERADO	23	1
CAJA CHICA - CINTAS TRANSPARENTES	45	1
CAJA CHICA - BOLSA PLASTICO BLANCA 21 X 24 PQTE 100 UND.	31	1
CAJA CHICA - ALCOHOL INDUSTRIAL 96º 3.8 LT	9	1
CAJA CHICA - DESATORADOR PARA BAÑO 980 ML SAPOLIO	45	1
CAJA CHICA - RES ASADO PEJERREY CONGELADO	23	1
CAJA CHICA - RES BOLA DE LOMO CONGELADO IMPORTADO	23	1
CAJA CHICA - MANGO EDWAR	23	1
CAJA CHICA - COLAPIZ EN LAMINA 5 GR	42	1
CAJA CHICA - LECHE EN TARRO PURA VIDA 400 GR	24	1
CAJA CHICA - PAVO CON HUESO CONGELADO KG	23	1
CAJA CHICA - APIO PICADO LIBER CONGELADO 1 CM	23	1
CAJA CHICA - CERA PARA MADERA PREMIO 400 ML	45	1
CAJA CHICA - CEREAL CORN FLAKES KELLOGS 500 GR	45	1
CAJA CHICA - DURAZNO EN ALMIBAR ACONCAGUA 822 GR	45	1
CAJA CHICA - COLAPIZ EN LAMINA GELITA 1 KG	23	1
CAJA CHICA - LIMPIA VIDRIO INDUSTRIAL 4LT	45	1
CAJA CHICA - GASEOSA FANTA KOLA INGLESA 500ML	45	1
CAJA CHICA - JALADOR DE AGUA RUBBERMAID ALUMINIO	45	1
CAJA CHICA - MANTEQUILLA DE MANI PETER PAN 462 GR	45	1
CAJA CHICA - MIEL DE MAPLE LA CABAÑA 350ML	45	1
CAJA CHICA - PAPEL TOALLA PRE CORTADO SCOTT COCINA 3 ROLLO	45	1
CAJA CHICA - PASTILLAS DESODORANTE PARA BAÑO BLANCO LEONOSOL	45	1
CAJA CHICA - PASTILLAS DESODORANTE PARA BAÑO DE COLOR LEONOS	45	1
CAJA CHICA - PLATO HONDO DESCARTABLE 20 CM	45	1
CAJA CHICA - RES - GUISO 30 GR ( SOPAS CORTE PICADO)	23	1
CAJA CHICA - SALSA ITALIANA 237ML	45	1
CAJA CHICA - PAPEL TOALLA AIRFLEX SCOTT 2P 24 X 150UND	45	1
CAJA CHICA - HISOPO PARA BAÑO	45	1
CAJA CHICA - MIXTURA ENSALADA CONGELADA	23	1
CAJA CHICA - MIXTURA ITALIANA CONGELADA	23	1
CAJA CHICA - MIXTURA MEXICANA CONGELADA	23	1
CAJA CHICA - MIXTURA PRIMAVERA CONGELADA	23	1
CAJA CHICA - PALMITOS ENTEROS 430 GR	24	1
CAJA CHICA - ACEITE AJONJOLI 270 ML	9	1
CAJA CHICA - ALCAPARRAZ VITALY 900 GR	18	1
CAJA CHICA - ARROZ EXTRA	23	1
CAJA CHICA - ATUN TROZOS STARKITS 170 GR	24	1
CAJA CHICA - CABANOSSI 600 GR	45	1
CAJA CHICA - CHOCOLATE DE TAZA 90 GR	45	1
CAJA CHICA - CIRUELA SECA 250 GR	8	1
CAJA CHICA - CORTA UÑA	45	1
CAJA CHICA - DETERGENTE GRANEL 15 KG	39	1
CAJA CHICA - ECOLAB AMBIENTADOR MORNING BREEZE 2 LT	9	1
CAJA CHICA - ECOLAB JABON PARA MANOS CLEAN & SMOTH	9	1
CAJA CHICA - ESCOBILLA DE PLASTICO PARA SANITARIO S/BASE	45	1
CAJA CHICA - ESPONJA DE METAL	45	1
CAJA CHICA - GALLETA SODA FIELD 34 GR	45	1
CAJA CHICA - GASEOSA COCA COLA 500 ML	9	1
CAJA CHICA - GASEOSA INCA KOLA 2.25 LT	9	1
CAJA CHICA - GASEOSA INCA KOLA 500 ML	9	1
CAJA CHICA - HARINA INTEGRAL 10 KG	8	1
CAJA CHICA - MAICENA GRANEL KG	23	1
CAJA CHICA - MANZANA ROYAL	23	1
CAJA CHICA - MIXTURA LISTA CONGELADA	23	1
CAJA CHICA - MORCILLA CONGELADA 500 GR	31	1
CAJA CHICA - PEPINO MELON REFRIGERADO	23	1
CAJA CHICA - PEPINO REGIONAL	23	1
CAJA CHICA - PEZ PERICO FILETE S/PIEL CONGELADO	23	1
CAJA CHICA - POP CORN CARAMELO MICROONDAS	45	1
CAJA CHICA - RAFIA EN OBILLO	45	1
CAJA CHICA - REPUESTO DE PULVERIZADOR (GATILLO)	45	1
CAJA CHICA - SALSA TABASCO MC ILHENNY 60 ML	9	1
CAJA CHICA - SANDALIAS VEGAS SURF	32	1
CAJA CHICA - TOCINO COCIDO NATURAL 500 GR	31	1
CAJA CHICA - TORONJA REGIONAL	23	1
CAJA CHICA - TUNA ROJA REFRIGERADO	23	1
CAJA CHICA - TUNA VERDE REFRIGERADO	23	1
CAJA CHICA - SACASARRO SAPOLIO 500 ML	9	1
CAJA CHICA - MANI CON PASAS VALLEALTO 180 GR	45	1
CAJA CHICA - BETUN NEGRO CHICO 42GR	45	1
CAJA CHICA - BETUN NEGRO CHICO 22GR	45	1
CAJA CHICA - DESODORANTE REXONA HOMBRE SACHET 10GR	45	1
CAJA CHICA - RES CARNAZA CUADRADA CONGELADO	23	1
CAJA CHICA - NARANJA PARA MESA	23	1
CAJA CHICA - ACEITE VEGETAL CRISOL 5 LT	9	1
CAJA CHICA - BETUN MARRON KIWI 22 ML	45	1
CAJA CHICA - BETUN MARRON KIWI 42 ML	45	1
CAJA CHICA - BETUN MARRON KIWI 88 ML	45	1
CAJA CHICA - CAFÉ INSTANTANEO NESCAFÉ TRADICION 200 GR	24	1
CAJA CHICA - CAFÉ PARA PASAR MOLIDO PREMIER RISSO 500 GR	24	1
CAJA CHICA - CARAMELO HALLS ROJO 100 UND	8	1
CAJA CHICA - CHOCLO ENTERO REFRIGERADO	23	1
CAJA CHICA - CORAZON DE ALCACHOFA EN AGUA	18	1
CAJA CHICA - FIDEO FUSSILI 250 GR	31	1
CAJA CHICA - FOSFORO PUNTA AZUL	10	1
CAJA CHICA - JOHNSON DIVERSEY DIVOSAN FORTE 20 LT	4	1
CAJA CHICA - MERMELADA MERFRUT GOORMET FRESA 5 KG	8	1
CAJA CHICA - MERMELADA MERFRUT GOORMET NARANJA 5 KG	8	1
CAJA CHICA - MERMELADA MERFRUT GOORMET PIÑA 5 KG	8	1
CAJA CHICA - MIEL DE MAPLE 470 GR	18	1
CAJA CHICA - POP CORN MANTEQUILLA MICROONDAS	45	1
CAJA CHICA - POP CORN NATURAL MICROONDAS	45	1
CAJA CHICA - PORTA FOTOCHECK	45	1
CAJA CHICA - CEREAL ZUCARITAS KELLOGS 275 GR	10	1
CAJA CHICA - CREMA DE CHAMPIÑONES X 1 KG	23	1
CAJA CHICA - GALLETA INTEGRAL SALVADO DE TRIGO EL CEDRO UND	31	1
CAJA CHICA - JARABE DE GOMA LUVAR 750 ML	9	1
CAJA CHICA - PALO MOPERO	45	1
CAJA CHICA - PEZ BASAVINA	23	1
CAJA CHICA - FAJA PARA CAJA DE AGUA 19X27X39 20 LT	45	1
CAJA CHICA - CHOCOLATE NEGRO SUBLIME 8 GR	45	1
CAJA CHICA - CUCHILLO DESCARTABLE 100 UND	31	1
CAJA CHICA - CEREZA MARRASQUINO 200 GR	18	1
CAJA CHICA - ALCOHOL INDUSTRIAL DARYZA 1 LT	9	1
CAJA CHICA - AZUCAR BLANCA PARAMONGA	23	1
CAJA CHICA - RES BOLA DE LOMO CONGELADO AMERICANO	23	1
CAJA CHICA - BOLSAS PLÁSTICAS X 5 KG GRUESA 100 UND	31	1
CAJA CHICA - BOLSAS PLÁSTICAS 0.40 X 0.90 MT X 100 UND	31	1
CAJA CHICA - BOLSAS PLASTICAS 0.50 X 1.20 MT X 100 UND	31	1
CAJA CHICA - BOLSAS PLASTICAS 17.5 X 35 P/ REFR X 100 UND	31	1
CAJA CHICA - BOLSAS PLASTICAS RESELLABLES  X 100 UND	31	1
CAJA CHICA - BOLSAS BLANCAS 15 LT X 100 UND	31	1
CAJA CHICA - BOLSAS C/LOGO SDX X 100 UND	31	1
CAJA CHICA - BOLSAS NEGRAS 15 LT X 100 UND	31	1
CAJA CHICA - BOLSAS NEGRAS 15 LT X 50 UND	31	1
CAJA CHICA - CARAMELO CHICHA MORADA AMBROSOLI 100 UND	8	1
CAJA CHICA - CHAMPIGÑONES MUSHROOMS 450 GR	18	1
CAJA CHICA - CUCHARA PARA SOPA X 50 UND	8	1
CAJA CHICA - DESODORANTE SPRAY AXE 160 ML	9	1
CAJA CHICA - DETERGENTE BLANCA NIEVE 25 KG	39	1
CAJA CHICA - EDULCORANTE 62 GR	45	1
CAJA CHICA - ENVASES DESCARTABLES C/ TAPA 25 UND	31	1
CAJA CHICA - ESCOBA PLÁSTICO DALIA TASK	45	1
CAJA CHICA - FLAN LUCUMA KG	23	1
CAJA CHICA - G DE SODA FIELD 36 GR	45	1
CAJA CHICA - G DE SODA SAYON 27 GR	45	1
CAJA CHICA - G WAFER FENIX VAINILLA 26 GR	45	1
CAJA CHICA - G WAFER FRESA DIA 26 GR	45	1
CAJA CHICA - GASEOSA COCA COLA 1.5 LT	9	1
CAJA CHICA - GASEOSA INCA KOLA 1.5 LT	9	1
CAJA CHICA - GUANTES DE POLIETILENO	32	1
CAJA CHICA - LECHE DESCREMADA SBELT 1 LT	10	1
CAJA CHICA - LECHE SBELT 1 LT	10	1
CAJA CHICA - MANJAR BLANCO BAZO VELARDE 900 GR	8	1
CAJA CHICA - MARGARINA SELLO DE ORO C/SAL 2 KG	3	1
CAJA CHICA - MERMELADA FRESA A-1 1 KG	18	1
CAJA CHICA - MERMELADA FRESA A-1 350 GR	34	1
CAJA CHICA - MERMELADA DE NARANJA COMPASS 1 KG	18	1
CAJA CHICA - MOPAS CON HOJAL	45	1
CAJA CHICA - NUEZ MOSCADA MOLIDA BADIA 2 OZ	18	1
CAJA CHICA - PABILO	45	1
CAJA CHICA - PAPAYA REGIONAL	23	1
CAJA CHICA - PAPEL ALUMINIO ALUNASA 12 X 1000	36	1
CAJA CHICA - PAPEL ALUMINIO ALUNASA 18 X 1000	36	1
CAJA CHICA - PASTA DE TOMATE 245 GR	38	1
CAJA CHICA - PILAS DURACELL AAA 4 UND	45	1
CAJA CHICA - PLATANO REGIONAL	1	1
CAJA CHICA - PLATO P-Q TECNOPOR X 100 UND	31	1
CAJA CHICA - POLVO DE HORNEAR FLEISCHMAN 20 GR	42	1
CAJA CHICA - PULVERIZADOR PLASTICO 750 ML	45	1
CAJA CHICA - RECOGEDOR DE METAL	45	1
CAJA CHICA - SALSA BBQ 612 GR	18	1
CAJA CHICA - SALSA TAUSI (AJOS Y FRIJOLES) 368 GR	24	1
CAJA CHICA - SHAMPOO PERT PLUS 10 ML	38	1
CAJA CHICA - TRAPEADOR C/BASE PLASTICO DARITZ	45	1
CAJA CHICA - YUCA REGIONAL	23	1
CAJA CHICA - ZAPALLO REGIONAL	23	1
CAJA CHICA - SHAMPOO H&S SACHET	45	1
CAJA CHICA - CHOCOLATE SUBLIME NEGRO 8 GR	45	1
CAJA CHICA - LECHE EVAPORADA TETRA LT	26	1
CAJA CHICA - JOHNSON DIVERSEY GELOL ALCOHOL GEL 100ML	45	1
CAJA CHICA - CAFE INSTANTANEO NESCAFE TRADICION STICK  1.8GR	45	1
CAJA CHICA - JOHNSON DIVERSEY CLAX 100 OB2 AL 15 LT	45	1
CAJA CHICA - MERMELADA PIÑA  COMPASS 1KG	18	1
CAJA CHICA - CAFE PARA PASAR MOLIDO CAFETAL X 220GR	8	1
CAJA CHICA - RES BIFE ANGOSTO CONGELADO AMERICANO	23	1
CAJA CHICA - SAL DE COCINA X 1 KG	45	1
CAJA CHICA - SAL SACHET SODEXO 10 GR	45	1
CAJA CHICA - SUAVIZANTE DE ROPA PERFUMADO SUAVIS	8	1
CAJA CHICA - CEREAL ZUCARITAS KELLOGS 275 GR	10	1
CAJA CHICA - CREMOR TARTARO BADIA X 907.2	18	1
CAJA CHICA - CORAZON DE ALCACHOFA VALLE FERTIL 410 GR	18	1
CAJA CHICA - ESPARRAGOS LARGES FLORIDA 360 GR	18	1
CAJA CHICA - VINAGRE BALSAMICO CARBONELL 250 ML	9	1
CAJA CHICA - VINAGRE TINTO MI SAZON 500 ML	9	1
CAJA CHICA - VINAGRE BLANCO MI SAZON 500 ML	9	1
CAJA CHICA - CAFE GRANO ILLY 3 KG	24	1
CAJA CHICA - INFUSION UÑA DE GATO HERBI 25 SOBRES	10	1
CAJA CHICA - COLOR CARAMELO LEVAPAN 500 ML	9	1
CAJA CHICA - CEREAL GOLD MIEL 300 GR	10	1
CAJA CHICA - JAMON PIZZERO 500 GR	31	1
CAJA CHICA - CHAMPIGÑONES CONGELADOS SORAYA	23	1
CAJA CHICA - COLIFLOR CONGELADO	23	1
CAJA CHICA - CEREAL MUSLI MANZANA  X  300 GR	10	1
CAJA CHICA - MIEL DE MAPLE X 470 GR	18	1
CAJA CHICA - TENEDOR PLASTICO X 100	31	1
CAJA CHICA - HIELO 3 KG	8	1
CAJA CHICA - PLATO TENDIDO TECNOPOR 22CM UND	45	1
CAJA CHICA - GASEOSA BIMBO 500 ML	9	1
CAJA CHICA - GASEOSA BIMBO 3 LT	9	1
CAJA CHICA - GASEOSA GUARANA 500 ML	9	1
CAJA CHICA - SOUR CREAM 8 ONZ	18	1
CAJA CHICA - JALAPEÑOS HOT PEPPER 244 ML	18	1
CAJA CHICA - TORTILLA BIMBO 12 UND.	8	1
CAJA CHICA - MIX DE NUECES VALLEALTO 180 GR	45	1
CAJA CHICA - AGUA VIDA X 20 LT	10	1
CAJA CHICA - AZUCAR IMPALPABLE LEVAPAN KG	23	1
CAJA CHICA - BOLSA NEGRA X 220 LT PAQ X 10 UND	31	1
CAJA CHICA - BOLSA PLASTICA RESELLABLE ZIPLOC  X 50 UND	31	1
CAJA CHICA - BROCOLI CONGELADO	23	1
CAJA CHICA - CAFE INSTANTANEO NESCAFE TRADICION X 200 GR	45	1
CAJA CHICA - CARAMELO HALLS MENTA 28 GR	3	1
CAJA CHICA - CARBON VEGETAL NATURAL	23	1
CAJA CHICA - CEBADA TOSTADA PLEBEYO	23	1
CAJA CHICA - CHANCACA PAMELA X 500 GR	45	1
CAJA CHICA - CHANTYPACK PRESTO X 1.5 LT	45	1
CAJA CHICA - CHICLETS CLORETS CHICO	45	1
CAJA CHICA - CHICLETS TRIDENT X 8.5 GR	45	1
CAJA CHICA - CHOCOLATE PRINCESA	45	1
CAJA CHICA - CHOCOLATE NEGRO SUBLIME 32 GR	45	1
CAJA CHICA - CHOCOLATE RELLENO VIZZIO COSTA 24 GR	45	1
CAJA CHICA - CHUÑO TOÑA X KG	23	1
CAJA CHICA - CLAVO DE OLOR TOÑA X KG	23	1
CAJA CHICA - COCOA LA ABUELITA X 160 GR	45	1
CAJA CHICA - COMINO MOLIDO TOÑA	23	1
CAJA CHICA - ENCENDEDOR	45	1
CAJA CHICA - ENERGIZANTE MILO X 400 GR	45	1
CAJA CHICA - ESCOBILLA PARA ROPA	45	1
CAJA CHICA - ESCOBILLA PARA UÑAS	45	1
CAJA CHICA - ESENCIA DE VAINILLA X LT	9	1
CAJA CHICA - FIDEO CANUTO NICOLINI X 250 GR	45	1
CAJA CHICA - FIDEO CODITO CHICO NICOLINI 250 GR	45	1
CAJA CHICA - FIDEO CORBATA NICOLINI 250 GR	45	1
CAJA CHICA - FIDEO RIGATONI NICOLINI 250 GR	45	1
CAJA CHICA - FIDEO SPAGHETI NICOLINI X 10 KG	45	1
CAJA CHICA - FIDEO TORNILLO CHICO NICOLINI X 250 GR	45	1
CAJA CHICA - FLAN DE VAINILLA ROYAL 250 GR	45	1
CAJA CHICA - FRANELA BALLERINA SCOCHT BRITE	45	1
CAJA CHICA - FUDGE DE CHOCOLATE LA CABAÑA	45	1
CAJA CHICA - GALLETA CHIPS AHOY	45	1
CAJA CHICA - GALLETA CHOMP	45	1
CAJA CHICA - GALLETA CLUB SOCIAL	45	1
CAJA CHICA - GALLETA MARQUESITA	45	1
CAJA CHICA - GALLETA MOROCHA	45	1
CAJA CHICA - GALLETA OREO	45	1
CAJA CHICA - GALLETA TENTACION	45	1
CAJA CHICA - GELATINA A GRANEL	45	1
CAJA CHICA - HELADOS DONOFRIO X 5 LT	45	1
CAJA CHICA - JUGO LAIVE DURAZNO X 1 LT	45	1
CAJA CHICA - JUGO LAIVE NARANJA X 200 ML	45	1
CAJA CHICA - KETCHUP X 390	45	1
CAJA CHICA - KETCHUP X 4 KG ALACENA	45	1
CAJA CHICA - LECHE EVAPORADA LAIVE FAMILIA 500 ML	45	1
CAJA CHICA - LENTEJA CON TOCINO GAMBRINOS LATA	45	1
CAJA CHICA - MACA AVENA SANTA CATALINA X 170 GR	45	1
CAJA CHICA - MAIZ MOTE EL PLEBEYO X 5 KG	45	1
CAJA CHICA - MANI TOSTADO TOÑA KG	23	1
CAJA CHICA - MAYONESA ALACENA X 1000 CC	45	1
CAJA CHICA - MOPA PARA TRAPEAR	45	1
CAJA CHICA - MORON AMERICANO EL PLEBEYO X 5 KG	45	1
CAJA CHICA - OREGANO MOLIDO TOÑA X 1 KG	45	1
CAJA CHICA - PALLAR CON TOCINO GAMBRINOS LATA	45	1
CAJA CHICA - PAPEL HIGENICO YUMBO  KIMBERLY CLARK	45	1
CAJA CHICA - PAPEL HIGIENICO  SCOTT	45	1
CAJA CHICA - PAPEL TOALLA JUMBO KIMBERLY CLARK	45	1
CAJA CHICA - PASAS SECAS TOÑA	23	1
CAJA CHICA - PLASTI FILM	45	1
CAJA CHICA - PURE DE MANZANA DESHIDRATADA	18	1
CAJA CHICA - PURE DE PAPAS - MINA X 1KG	38	1
CAJA CHICA - QUINUA X 5KG	8	1
CAJA CHICA - SEMOLA SAYON KG	23	1
CAJA CHICA - SNACK CAMOTE CHIPS	45	1
CAJA CHICA - SNACK CHICHARRON	45	1
CAJA CHICA - SNACK MANI CONFITADO	45	1
CAJA CHICA - SNACK TORTEES	45	1
CAJA CHICA - SOYA AVENA SANTA CATALINA	45	1
CAJA CHICA - TRIGO LLUNCA	23	1
CAJA CHICA - VASO DESCARTABLES X 5 ONZ	45	1
CAJA CHICA - VINAGRE BLANCO X 3.8 LT	4	1
CAJA CHICA - HUEVO ROSADO	23	1
CAJA CHICA - HOJA DE BIJAO X 10 UND	36	1
CAJA CHICA - PEZ ESPADA SIN PIEL CONGELADO	23	1
CAJA CHICA - PAPA BEBE	23	1
CAJA CHICA - ESPARRAGO FRESCO X KG	23	1
CAJA CHICA - FREJOLITO CHINO	23	1
CAJA CHICA - UVA ITALIA BLANCA	23	1
CAJA CHICA - ACEITUNA NEGRA	23	1
CAJA CHICA - ACEITUNA VERDE	23	1
CAJA CHICA - ARROZ ARBORIO	23	1
CAJA CHICA - PASAS RUBIAS	23	1
CAJA CHICA - GERMINADO DE ALFALFA	23	1
CAJA CHICA - FRESA ORGANICA	23	1
CAJA CHICA - HUEVO DE CODORNIZ	31	1
CAJA CHICA - QUESO MANTECOSO C / FINAS HIERBAS	31	1
CAJA CHICA - PIMIENTA MIXTAX 35 GR	45	1
CAJA CHICA - TOSTADA	31	1
CAJA CHICA - BISCOTELA	31	1
CAJA CHICA - LEGENDARIA SAL ROSADA	6	1
CAJA CHICA - SAL ARTESANAL	6	1
CAJA CHICA - MANJAR BLANCO TAMBO 450 GR	45	1
CAJA CHICA - MANTEQUILLA TAMBO 450 GR	45	1
CAJA CHICA - ROSCA DULCE KG	23	1
CAJA CHICA - ROSCA SALADA KG	23	1
CAJA CHICA - ROSCA CON OREGANO	45	1
CAJA CHICA - PAN DE MAIZ KG	23	1
CAJA CHICA - QUESO GRUYERE KG	23	1
CAJA CHICA - QUESO CON OREGANO KG	23	1
CAJA CHICA - QUESO CON ROCOTO KG	23	1
CAJA CHICA - LINAZA NATURANDES	23	1
CAJA CHICA - CHICHA DE JORA	26	1
CAJA CHICA - CEREZAS MARRASQUINO X 1.5 KG	45	1
CAJA CHICA - COBERTURA DE LECHE	23	1
CAJA CHICA - CHOCLO BB	23	1
CAJA CHICA - ROMERO FRESCO	23	1
CAJA CHICA - FRESA	23	1
CAJA CHICA - AGUAYMANTO	23	1
CAJA CHICA - YEMA DE ALFALFA	1	1
CAJA CHICA - CEBOLLA CHOCLITO	1	1
CAJA CHICA - COCKTAIL DE NUECES VALLEALTO 180 GR	45	1
CAJA CHICA - ROSCA MANTEQUILLA CAJAMARQUEZA KG	23	1
CAJA CHICA - PASAS MORENAS VALLEALTO 100 GR	45	1
CAJA CHICA - CREMA DE LECHE X 1 LT	10	1
CAJA CHICA - PASTA DE TOMATE X 160 GR	38	1
CAJA CHICA - PAN DE PISO	45	1
CAJA CHICA - MINI EMPANADITA DE CARNE X 25 GR	45	1
CAJA CHICA - MINI ALFAJORES X 18 UND	10	1
CAJA CHICA - PAN DE HAMBURGUESA	45	1
CAJA CHICA - MINI ALFAJORES X 15 GR	45	1
CAJA CHICA - MANTEQUILLA X 100 GR	3	1
CAJA CHICA - JET MINI HELADO X 24 UND	10	1
CAJA CHICA - SUBLIME MINI HELADO CHOCOLATE X 24 UND	10	1
CAJA CHICA - DONITO HELADO VAINILLA /LUCUMA X 40 UND	10	1
CAJA CHICA - TURBO HELADO NARANJA /FRESA X 40 UND	10	1
CAJA CHICA - HURACAN HELADO X 20 UND	10	1
CAJA CHICA - K -BANA HELADO VAINILLA /LUCUMA X 18 UND	10	1
CAJA CHICA - PRINCESA HELADO MINI X 24 UND	10	1
CAJA CHICA - TRIKA HELADO TRICOLOR X 24 UND	10	1
CAJA CHICA - CHORIZO PRECOCIDO X 1 UND	31	1
CAJA CHICA - PALITOS DE ANTICUCHO X 70 UND	31	1
CAJA CHICA - OREGANO ENTERO A GRANEL	23	1
CAJA CHICA - ALGARROBINA HELADO X 24 UND	10	1
CAJA CHICA - FRIJOL CANARIO A GRANEL	23	1
CAJA CHICA - PIÑA EN RODAJAS X 567 GR	24	1
CAJA CHICA - FLAN VAINILLA X 80 GR	42	1
CAJA CHICA - YOGURT X 1 LT	9	1
CAJA CHICA - INFUSION MANZANILLA X 100 UND	10	1
CAJA CHICA - PAN BLANCO GRANDE X 650 GR	34	1
CAJA CHICA - BOLOGNA POLLO X 90 GR	38	1
CAJA CHICA - NESCAFE TRADICION X 50 GR	18	1
CAJA CHICA - CREMA DE ESPARRAGOS X 1 GR	42	1
CAJA CHICA - KETCHUP INDIVIDUAL X 240 UND	10	1
CAJA CHICA - MOSTAZA INDIVIDUAL X 240 UND	10	1
CAJA CHICA - MAYONESA INDIVIDUAL X 240 GR	10	1
CAJA CHICA - AJO FRESCO	23	1
CAJA CHICA - PAPA HUAYRO	23	1
CAJA CHICA - PAN BLANCO MEDIANO X 480 GR	31	1
CAJA CHICA - PECANAS A GRANEL	23	1
CAJA CHICA - AJI MIRASOL SECO	23	1
CAJA CHICA - AJI PANCA SECO	23	1
CAJA CHICA - TENEDORES BLANCOS  X 50 UND	31	1
CAJA CHICA - BOLSA LUSTRE 3 X 10 X 2 X 100 UND	31	1
CAJA CHICA - CUCHILLOS BLANCOS X 100 UND	31	1
CAJA CHICA - BOLSA DE PAPEL KRAF N° 2 X 100 UND	31	1
CAJA CHICA - PLATOS DESCARTABLES N° 22 X 100 UND	31	1
CAJA CHICA - POP CORN A GRANEL - MAIZ PERLITA	23	1
CAJA CHICA - CERVEZA PILSEN X 625 ML	8	1
CAJA CHICA - CERVEZA BRAHMA X 600 ML	9	1
CAJA CHICA - CERVEZA CUSQUEÑA MALTA X 625 ML	9	1
CAJA CHICA - PAPA CANCHAN	23	1
CAJA CHICA - PAN CIABATTA	45	1
CAJA CHICA - MINI CIABATTA	45	1
CAJA CHICA - PAN CROISANT	45	1
CAJA CHICA - PAN MINI CROISANT	45	1
CAJA CHICA - PAN FRANCES	45	1
CAJA CHICA - PAN MINI FRANCES	45	1
CAJA CHICA - TARTALETAS DE FRUTAS	45	1
CAJA CHICA - MINI TARTALETA DE FRUTAS	45	1
CAJA CHICA - PAN BAGUETTE	45	1
CAJA CHICA - MINI BROWNIE DE CHOCOLATE	45	1
CAJA CHICA - MINI PIONONO DE MANJAR	45	1
CAJA CHICA - PULPA DE RES	23	1
CAJA CHICA - SANCOCHADO DE RES	23	1
CAJA CHICA - RES PALETA CONGELADO NACIONAL	23	1
CAJA CHICA - HELADO CASANOVA	45	1
CAJA CHICA - HELADO PALETA DE CREMA	45	1
CAJA CHICA - HELADO  VASITO	45	1
CAJA CHICA - ZANAHORIA BB	23	1
CAJA CHICA - MANJAR BLANCO HUACARIZ 500 GR	45	1
CAJA CHICA - QUESO FRESCO HUACARIZ KG	23	1
CAJA CHICA - QUESO SUIZO HUACARIZ  KG	23	1
CAJA CHICA - QUESO EDAM HUACARIZ KG	23	1
CAJA CHICA - MANTEQUILLA HUACARIZ 200 GR	45	1
CAJA CHICA - QUESO FINAS HIERBAS TAMBO KG	23	1
CAJA CHICA - QUESO CAMPESINO TAMBO KG	23	1
CAJA CHICA - QUESO BABY ZUIZZ LAMINADO KG	23	1
CAJA CHICA - QUESO FINAS HIERBAS HUACARIZ KG	23	1
CAJA CHICA - QUESO GOUDA HUACARIZ KG	23	1
CAJA CHICA - QUESO DANBO HUACARIZ KG	23	1
CAJA CHICA - QUESO PARIA HUACARIZ KG	23	1
CAJA CHICA - QUESO AHUMADO HUACARIZ KG	23	1
CAJA CHICA - YOGURT NATURAL HUACARIZ LT	26	1
CAJA CHICA - GRANOLA HUACARIZ KG	23	1
CAJA CHICA - SIROPE MAPLE 480 GR	45	1
CAJA CHICA - ALMENDRAS VALLE ALTO 90 GR	45	1
CAJA CHICA - PASA RUBIA 180 GR	45	1
CAJA CHICA - CHAMPAGNE ESPUMA 600 ML	45	1
CAJA CHICA - NESTLE CORN FK 180 GR	45	1
CAJA CHICA - LIPE FIBRA 300 GR	45	1
CAJA CHICA - KIWI KG	23	1
CAJA CHICA - MATE DE COCA SUNKA X 100 SOBRES	10	1
CAJA CHICA - ARVEJA PARTIDA AMERICANA X KG	23	1
CAJA CHICA - ALGARROBINA DULK 480 GR	45	1
CAJA CHICA - LECHE UHT LIGHT GLORIA LT	45	1
CAJA CHICA - LECHE UHT SIN LACTOSA GLORIA LT	45	1
CAJA CHICA - VERDE ROSCA 510 KG	45	1
CAJA CHICA - ACEITUNA POTE 250 GR	45	1
CAJA CHICA - MANJAR DE MESA 250 GR	45	1
CAJA CHICA - MANZANA ROJA IMPORTADA KG	23	1
CAJA CHICA - MANZANA VERDE IMPORTADA KG	23	1
CAJA CHICA - MELOCOTON KG	23	1
CAJA CHICA - BESO DE MOZA X 9 UND	10	1
CAJA CHICA - CHIZITO X 200 GR	45	1
CAJA CHICA - CRISMELOS X 100 UND	8	1
CAJA CHICA - PECHUGA DE PAVO SAN FERNANDO X KG	23	1
CAJA CHICA - TORTA CHOCOLATE	45	1
CAJA CHICA - RON POMALCA 750 ML	9	1
CAJA CHICA - GASEOSA KOLA REAL X 3 LT	9	1
CAJA CHICA - CULANTRO	23	1
CAJA CHICA - GELATINA MENTA	23	1
CAJA CHICA - AJINOMOTO	23	1
CAJA CHICA - TOMILLO FRESCO	1	1
CAJA CHICA - PORTOBELLO	23	1
CAJA CHICA - ESTRAGON FRESCO	1	1
CAJA CHICA - ESPARRAGO FRESCO	1	1
CAJA CHICA - TOMATE CHERRY	31	1
CAJA CHICA - ROMERO FRESCO	1	1
CAJA CHICA - CHAMPIÑONES FRESCO	23	1
CAJA CHICA - LECHUGA ROJA	23	1
CAJA CHICA - CHIRIMOYA	23	1
CAJA CHICA - HIGADO DE POLLO	23	1
CAJA CHICA - HIGADO DE RES	23	1
CAJA CHICA - LUCUMA FRESCA	23	1
CAJA CHICA - CULANTRO CRESPO	23	1
CAJA CHICA - SACHA CULANTRO	23	1
CAJA CHICA - CHOTA DESHILADA	31	1
CAJA CHICA - ZAPALLO LOCHE	23	1
CAJA CHICA - CECINA DE CERDO	23	1
CAJA CHICA - CHINCHO FRESCO	23	1
CAJA CHICA - MARACUYA ENTERA	23	1
CAJA CHICA - AJI CHARAPITA	23	1
CAJA CHICA - GASEOSA SPRITE 1.5 LT	9	1
CAJA CHICA - LICOR DE MENTA	9	1
CAJA CHICA - ANIS GRANO	23	1
CAJA CHICA - ARAZA	23	1
CAJA CHICA - MANI CON PASAS VALLE ALTO X 100 GR	45	1
CAJA CHICA - COCKTAIL NUECES VALLE ALTO X 100 GR	45	1
CAJA CHICA - PANETON DONOFRIO X 900 GR	45	1
CAJA CHICA - LOMITO AHUMADO X KG	23	1
CAJA CHICA - JAMON AHUMADO X KG	23	1
CAJA CHICA - TAMAL DE POLLO	45	1
CAJA CHICA - JABON ANTIBACTERIAL MOUNT CLEAR 160 GR	45	1
CAJA CHICA - PANETON SODEXO X 100 GR	8	1
CAJA CHICA - CEREAL ANGEL COPIX 170 GR	10	1
CAJA CHICA - SALSA DE AJI 8 GR SACHET	45	1
CAJA CHICA - FILM PLASTICO 18 X 5000	36	1
CAJA CHICA - MAYONESA SACHET 10 GR	38	1
CAJA CHICA - JABON ANTIBACTERIAL CLEAN SMOOTH 3.7 LT	19	1
CAJA CHICA - ENVASE PLASTICO REDONDO C/TAPA 250 CC	45	1
CAJA CHICA - PULPA DE MARACUYA CONGELADO	10	1
CAJA CHICA - ESPONJA VERDE SAPOLIO	45	1
CAJA CHICA - GARBANZO AL NATURAL 425 GR	24	1
CAJA CHICA - QUITA SARRO 500 ML	45	1
CAJA CHICA - BEBIDA ICE TEA VIDA 625 ML	45	1
CAJA CHICA - SALSA TAMARINDO ORIENTAL 390 ML	18	1
CAJA CHICA - VASOS DESCARTABLES PLASTICOS 6.5 OZ X 50 UND	31	1
CAJA CHICA - PEZ TRUCHA CONGELADA	23	1
CAJA CHICA - CHOCOLATE DE TAZA 150 GR	3	1
CAJA CHICA - BEBIDA REHIDRATANTE AZUL POWERADE 473 ML	9	1
CAJA CHICA - BEBIDA REHIDRATANTE FRUTILLA POWERADE 473 ML	9	1
CAJA CHICA - BEBIDA REHIDRATANTE MANDARINA POWERADE 473 ML	9	1
CAJA CHICA - CUCHILLO PARA SEGUNDO DESCARTABLE 50 UND	31	1
CAJA CHICA - SUAVIZANTE LAUNDRY SOFT	10	1
CAJA CHICA - ECOLAB ALCOHOL GEL SANIGIZER 800 ML	45	1
CAJA CHICA - ECOLAB GREASESTRIP PLUS	19	1
CAJA CHICA - ECOLAB PANTASTICK 5 GLN	5	1
CAJA CHICA - PAPEL HIGIENICO JUMBO BLANCO SUAVE 550 MT	36	1
CAJA CHICA - RES PULMON CONGELADO	23	1
CAJA CHICA - GARBANZO CON TOCINO 425 GR	24	1
CAJA CHICA - CUATES PICANTE 43 GR	45	1
CAJA CHICA - CREMA NIVEA 30 ML	45	1
CAJA CHICA - BOLSA BLANCA T-SHIRT 16 X 19 100 UND	31	1
CAJA CHICA - PANETON SODEXO 1 KG	10	1
CAJA CHICA - GUANTES DE VINILO M R&G X 100 UND	10	1
CAJA CHICA - BOLSA DE POLIPROPILENO 6 X 10	45	1
CAJA CHICA - ACIDO MURIATICO 1 LT	9	1
CAJA CHICA - JABON LIQUIDO LEONSOL 4 LT	9	1
CAJA CHICA - CAFE PARA PASAR ALTOMAYO 200 GR	24	1
CAJA CHICA - VASO TECNOPOR 12 OZ	45	1
CAJA CHICA - CERA ACRILICA 3.8 LT	19	1
CAJA CHICA - BEBIDA REHIDRATANTE LIMA LIMON 473 ML	9	1
CAJA CHICA - PAPITAS LAYS FRITO LAY 18 GR	45	1
CAJA CHICA - CARAMELO MENTITAS MASTICRUNCH AMBROSOLI	45	1
CAJA CHICA - ALCOHOL INDUSTRIAL 70º 4 LT	19	1
CAJA CHICA - BOLSA PARA CUBIERTO 3 X 10 100 UND	31	1
CAJA CHICA - GALLETA INTEGRAL INTEGRACKERS MIEL	45	1
CAJA CHICA - DESINFECTANTE PINO SAPOLIO 3.8 LT	4	1
CAJA CHICA - GALLETA CASINO LUCUMA 51 GR	45	1
CAJA CHICA - GASEOSA INKA COLA LIGHT 410 ML	9	1
CAJA CHICA - HELADO DONOFRIO FRESA 5 LT	3	1
CAJA CHICA - HELADO DONOFRIO TRICOLOR 5 LT	3	1
CAJA CHICA - HELADO DONOFRIO VAINILLA 5 LT	3	1
CAJA CHICA - JAMONADA PARA CAFETIN 500 GR CONG	31	1
CAJA CHICA - JUGO DURAZNO LAIVE 200 ML	45	1
CAJA CHICA - JUGO PIÑA LAIVE 200 ML	45	1
CAJA CHICA - MERMELADA FRESA COMPASS 1 KG	8	1
CAJA CHICA - MIEL DE ABEJA FLORIDA 600 ML	18	1
CAJA CHICA - PALILLO MOLIDO TOÑA 1 KG	8	1
CAJA CHICA - PAPITAS LAYS FRITO LAY 40 GR	45	1
CAJA CHICA - PAPEL MANTECA RESMA 450 UND	31	1
CAJA CHICA - POLVO DE HORNEAR LEVAPAN 4 KG	8	1
CAJA CHICA - SALSA OSTION SOFIT 730 ML	18	1
CAJA CHICA - SALSA SILLAO TRESA 4 LT	4	1
CAJA CHICA - SOPA INSTANTANEA CAMARON 8 OZ	46	1
CAJA CHICA - TAMAL DE POLLO X 10 UND	10	1
CAJA CHICA - TOCINO AHUMADO CONG 500 GR	31	1
CAJA CHICA - GALLETA TENTACION COCO	45	1
CAJA CHICA - SOPA INSTANTANEA PICANTE 8 OZ	46	1
CAJA CHICA - POLLO ENTERO S/ MENUD CONG 1.2 KG	23	1
CAJA CHICA - PEZ TRUCHA S/PIEL CONG	23	1
CAJA CHICA - PAN INTEGRAL 400 GR	8	1
CAJA CHICA - PALO MOPERO RUBBERMAID H146	45	1
CAJA CHICA - GORRO CIRCULAR DESCARTABLE 100 UND	10	1
CAJA CHICA - GARBANZO PRE COCIDO	8	1
CAJA CHICA - CURRY	23	1
CAJA CHICA - LICOR DE CAFE KALHUA 700 ML	9	1
CAJA CHICA - COCKTAIL FRUTAS 822 GR	24	1
CAJA CHICA - COCA COLA ZERO 500 ML	45	1
CAJA CHICA - COBERTURA BITTER NEGRO	10	1
CAJA CHICA - CLAX SUAVE 20 LT	5	1
CAJA CHICA - CHORIZO PARRILLERO CONGELADO	23	1
CAJA CHICA - CEREZA MARRASQUINO KG	23	1
CAJA CHICA - CEREAL MIEL ANGEL 420 GR	10	1
CAJA CHICA - HALLS MORA AZUL 100 UND	8	1
CAJA CHICA - HALLS CREAMY FRESA 28 GR	45	1
CAJA CHICA - CANELA ENTERA TOÑA 500 GR	8	1
CAJA CHICA - AVENA 3 OSITOS X 10 KG	8	1
CAJA CHICA - ARROZ EXTRA PARBOLEID	23	1
CAJA CHICA - AMBIENTADOR CON FRAGANCIA	26	1
CAJA CHICA - CARAMELO TURRONELO SAYON UND	45	1
CAJA CHICA - CHICLET BUBBALOO BANANA	45	1
CAJA CHICA - CHICLET BUBBALOO FRESA	45	1
CAJA CHICA - CHICLET BUBBALOO MENTA	45	1
CAJA CHICA - CHICLETS ADAMS 17.4 GR (X12)	45	1
CAJA CHICA - CHICLETS ADAMS 2.9 GR (X 2)	45	1
CAJA CHICA - CHOCOLENTEJAS 32 GR	45	1
CAJA CHICA - CHUPETIN 12 GR	45	1
CAJA CHICA - GALLETA INTEGRAL C/SALVADO	45	1
CAJA CHICA - GALLETA WAFER FIELD VAINILLA 57.6 GR	45	1
CAJA CHICA - HALLS MENTA UND	45	1
CAJA CHICA - PIQUEO SNACK 53 GR FRITO LAY	45	1
CAJA CHICA - CANDADOS PARA LOCKERS	45	1
CAJA CHICA - CEREAL NUTRICROKC TRIGO PUNCH 260 GR	10	1
CAJA CHICA - SALSA COINTREAU	9	1
CAJA CHICA - ENVASES TERMICOS CT5 500 GR	45	1
CAJA CHICA - FLAN DE MANJAR BLANCO INSTANTANEO	23	1
CAJA CHICA - FRIJOL CANARIO PRE COCIDO	23	1
CAJA CHICA - BEBIDA REHIDRATANTE GATORADE APPLE ICE 750 ML	9	1
CAJA CHICA - MAZAMORRA MORADA INSTANTANEA KG	23	1
CAJA CHICA - PALO MOPERO METAL H225	45	1
CAJA CHICA - PANETON ECONOMICO 900 GR	8	1
CAJA CHICA - RES BISTECK 120 GR CONGELADO	23	1
CAJA CHICA - SHAMPOO PANTENE SACHET	45	1
CAJA CHICA - SHAMPOO PANTENE CUIDADO CLASICO SACHET	45	1
CAJA CHICA - SHAMPOO SEDAL SACHET	45	1
CAJA CHICA - PULPA DE FRESA CONGELADO	23	1
CAJA CHICA - PULPA DE LUCUMA CONGELADO	23	1
CAJA CHICA - PULPA DE MELON CONGELADO	23	1
CAJA CHICA - PULPA DE MANGO CONGELADO	23	1
CAJA CHICA - PULPA DE PAPAYA CONGELADO	23	1
CAJA CHICA - GELATINA DE LIMON GELANDINA 5 KG	8	1
CAJA CHICA - GORRO CIRCULAR DESCARTABLE 100 UND	10	1
CAJA CHICA - ECOLAB DESINCRUSTANTE LIME AWAY 3.78	4	1
CAJA CHICA - DESINFECTANTE OASIS PRO	19	1
CAJA CHICA - DENTRIFICO DENTO MENTA NATURAL 75 ML	45	1
CAJA CHICA - TOALLA HIGIENICA KOTEX 10 UND	31	1
CAJA CHICA - CERVEZA PILSEN 330 ML	9	1
CAJA CHICA - ENJUAGUE DENTAL DENTO 250 ML	45	1
CAJA CHICA - BOLSA POLIGRASA 500 UND	31	1
CAJA CHICA - ALCOHOL INDUSTRIAL 96ª LT	9	1
CAJA CHICA - JABON DE TOCADOR LIFEBUOY 75 GR	45	1
CAJA CHICA - FLAN DE CHOCOLATE INSTANTANEO 5 KG	8	1
CAJA CHICA - RES BIFE ANGOSTO CONGELADO NACIONAL	23	1
CAJA CHICA - RES MALAYA AREQ	23	1
CAJA CHICA - CAFE MOLIDO DESCAFEINADO 100 GR	18	1
CAJA CHICA - BEBIDA REHIDRATANTE APPLE ICE POWERADE 500 ML	9	1
CAJA CHICA - PANETON SANTA CLARA 90 GR	8	1
CAJA CHICA - CAFE MOLIDO NESCAFE TRADICION 400 GR	24	1
CAJA CHICA - FORTIFICANTE NESQUICK 400 GR	24	1
CAJA CHICA - GELATINA PIÑA INSTANTANEO	23	1
CAJA CHICA - BOLSAS PLASTICO BLANCA BIODEGRADABLE 16.5 X 23	45	1
CAJA CHICA - FRANELA 50 X 60	45	1
CAJA CHICA - PISCO MORO	9	1
CAJA CHICA - LIMON VERDE	23	1
CAJA CHICA - PEZ TRUCHA REFRIGERADA	23	1
CAJA CHICA - AGUA SAN MATEO 600 ML	9	1
CAJA CHICA - CEREAL ANGEL SHAPE 300 GR	10	1
CAJA CHICA - LECHE CHOCOLATADA 1 LT	10	1
CAJA CHICA - MANDARINA CON PEPA	23	1
CAJA CHICA - NARANJA TANGELO	23	1
CAJA CHICA - RES ASADO RUSO CONGELADO NACIONAL	23	1
CAJA CHICA - RES GARRON IMPORTADO	23	1
CAJA CHICA - BEBIDA REHIDRATANTE APPLE ICE GATORADE 473 ML	9	1
CAJA CHICA - BETUN NEGRO GRNADE 88 ML	45	1
CAJA CHICA - SPRITE 500 ML	9	1
CAJA CHICA - CINTA PARA MARCAR ROPA	45	1
CAJA CHICA - PALO MOPERA FIBRA DE VIDRIO	45	1
CAJA CHICA - RES ASADO DE TIRA C/HUESO NACIONAL	23	1
CAJA CHICA - CERDO PATA	23	1
CAJA CHICA - CEREAL FITNESS NESTLE 260 GR	10	1
CAJA CHICA - LECHE CONDENSADA LATA 397 ML	24	1
CAJA CHICA - MEJORADOR DE MASA	23	1
CAJA CHICA - RES COLITA DE CUADRIL CONG IMPORTADO	23	1
CAJA CHICA - JUGO NATURAL DE NARANJA BID 3.8 L	9	1
CAJA CHICA - CHINGOLO DE RES CONGELADO IMPORTADO	23	1
CAJA CHICA - CEBOLLA ROJA COCKTAIL REFRIGERADO	23	1
CAJA CHICA - COCOA GRANEL	23	1
CAJA CHICA - GRANADILLA REFRIGERADA	23	1
CAJA CHICA - POLLO PECHUGA FILETE ECONOMICO GONGELADO	23	1
CAJA CHICA - POLLO PIERNA FILETE S/PIEL CONGELADO	23	1
CAJA CHICA - MOSTAZA 230 GR	45	1
CAJA CHICA - ACEITE AJONJOLI LEE KUM KEE 443.6 ML	18	1
CAJA CHICA - ALCOHOL DOMESTICO LT	9	1
CAJA CHICA - AMBIENTADOR SPRAY IMPORTADO 360 ML	9	1
CAJA CHICA - BOLSAS T-SHIRT 20 X 19	45	1
CAJA CHICA - CARAMELO SURTIDO AMBROSOLI	45	1
CAJA CHICA - ENVASE PLASTICO REDONDO C/TAPA 1 LT	45	1
CAJA CHICA - FINAS HIERBAS	45	1
CAJA CHICA - G KRAKER BRAN	31	1
CAJA CHICA - GRAJEAS DE PANADERIA	23	1
CAJA CHICA - HALLS AZUL 28 GR	3	1
CAJA CHICA - HALLS MORA 28 GR	3	1
CAJA CHICA - JALADOR DE AGUA	45	1
CAJA CHICA - SPRAY PARA COMPUTADORA 360 GR	45	1
CAJA CHICA - SUMA D44 X 5 LT	19	1
CAJA CHICA - SUMA J512 X 5 LT	19	1
CAJA CHICA - SUMA PLAQ D9 X 5 LT	19	1
CAJA CHICA - PLATOS ENTRADA PLASTICO 15 CM	45	1
CAJA CHICA - PILAS ALKALINA AA 2 UND DURACELL	31	1
CAJA CHICA - SALSA HOISIN LT	9	1
CAJA CHICA - ECOLAB VICTORY DESINFECTANTE 5802	19	1
CAJA CHICA - RES AGUJA CONGELADO NACIONAL	23	1
CAJA CHICA - RES ASADO CUADRADO CONGELADO NACIONAL	23	1
CAJA CHICA - ECOLAB DETERGENTE ANTIBACTERIAL OASIS 2 LT	9	1
CAJA CHICA - QUESO EDAM REFRIGERADO	23	1
CAJA CHICA - ECOLAB SANITIZANTE MIKRO KLENE 3.785	4	1
CAJA CHICA - MERMELADA DE FRESA A GRANEL	23	1
CAJA CHICA - JUGO DE PIÑA GLORIA 1 LT	10	1
CAJA CHICA - CHAMPAGNE TACAMA BRUT 750 ML	9	1
CAJA CHICA - JABON DE TOCADOR 90 GR	3	1
CAJA CHICA - PAPEL TOALLA NATURAL JUMBO SCOTT 200 MT	36	1
CAJA CHICA - ASADO DE TIRA C/HUESO CONG IMPORTADO	23	1
CAJA CHICA - CEREAL GOLDEN BAR 21 GR	45	1
CAJA CHICA - ASADO CUADRADO CONG IMPORTADO	23	1
CAJA CHICA - JABON PARA ROPA 260 GR	3	1
CAJA CHICA - BEBIDA REHIDRATANTE APPLE ICE GATORADE 591 ML	9	1
CAJA CHICA - CHICHARRON CHIPS FRITO LAY 43 GR	45	1
CAJA CHICA - REFRESCO INSTANTANEO	23	1
CAJA CHICA - RES CHINGOLO CONGELADO NACIONAL	23	1
CAJA CHICA - RES GARRON CONELADO NACIONAL	23	1
CAJA CHICA - RES GUISO TIERNO CONGELADO NACIONAL	23	1
CAJA CHICA - RES NALGA DE ADENTRO CONGELADO NACIONAL	23	1
CAJA CHICA - MONDADIENTES 200 UND	10	1
CAJA CHICA - ECOLAB AMBIENTADOR OASIS PRO MORNIN	4	1
CAJA CHICA - ECOLAB QUICK FILL 310 2.5 GL	19	1
CAJA CHICA - JUGO DE NARANJA GLORIA 200 ML	45	1
CAJA CHICA - CARAMELO DE LIMON	45	1
CAJA CHICA - HALLS NEGRO 28 GR	3	1
CAJA CHICA - CIGARROS LUCKY STRIKE ROJO 10 UND	10	1
CAJA CHICA - CIGARROS WINSTON BLUE 10 UND	10	1
CAJA CHICA - CIGARROS WINSTON ROJO 10 UND	10	1
CAJA CHICA - SALSA DE ROCOTO ALACENA 8 CC	38	1
CAJA CHICA - ACEITE DE AJONJOLI LT	26	1
CAJA CHICA - CONCENTRADO DE MARACUYA	26	1
CAJA CHICA - HALLS CHERRY LYPTUS 28 GR	3	1
CAJA CHICA - HALLS MENTA UND	45	1
CAJA CHICA - JABON LIQUIDO SOFTCARE BAC 5 LT	19	1
CAJA CHICA - JUGO DE DURAZNO GLORIA 1 LT	10	1
CAJA CHICA - JUGO DE NARANJA GLORIA 1 LT	10	1
CAJA CHICA - MARGARINA SIN SAL REFRIGERADO	23	1
CAJA CHICA - PALO DE ALUMINIO RUBBERMAID 6355	45	1
CAJA CHICA - PAPA PRE FRITA CONGELADA 11 X 11 KG	8	1
CAJA CHICA - PLATO ENTRADA PLASTICO 15 CM	45	1
CAJA CHICA - CONCENTRADO DE MANZANA	26	1
CAJA CHICA - RES TAPA DE CUADRIL CONGELADO	23	1
CAJA CHICA - PAPA YUNGAY	23	1
CAJA CHICA - ECOLAB ECO STAR BUILDER C 15 GL	5	1
CAJA CHICA - ECOLAB TRI STAR OXY BRITE 5 GL	5	1
CAJA CHICA - HELADO PRINCESA 73 ML DONOFRIO	45	1
CAJA CHICA - HELADO TURBO 50 CC DONOFRIO	45	1
CAJA CHICA - LASAGÑA DE CARNE CONGELADA	23	1
CAJA CHICA - MANZANA DELICIA	23	1
CAJA CHICA - OLLUCO ENTERO REFRIGERADO	23	1
CAJA CHICA - SALSA BARBECUE (BBQ)	23	1
CAJA CHICA - HALLS EXTRA STRONG 28 GR	3	1
CAJA CHICA - JUGOS NARANJA PASTEURIZADO X 5 LT EC	4	1
CAJA CHICA - PAPITAS LAYS FRITO LAY 170 GR	45	1
CAJA CHICA - RES ASADO DE TIRA CONGELADO NACIONAL	23	1
CAJA CHICA - CARAMELO DE LICOR	45	1
CAJA CHICA - CHOCOLATE COSTANUSS 10 GR	45	1
CAJA CHICA - CONCENTRADO DE MAIZ MORADO	26	1
CAJA CHICA - BOLSAS PLASTICO BLANCA 36 LT	45	1
CAJA CHICA - ALCOHOL GEL SACHET 800 ML	45	1
CAJA CHICA - GALLINA ENTERA S/MENUD REFRIGERADA	23	1
CAJA CHICA - MANTECA VEGETAL	23	1
CAJA CHICA - MARGARINA PURATOS REFRIGERADO	23	1
CAJA CHICA - AGUA SAN LUIS 20 LT	4	1
CAJA CHICA - BOLSA PARA TACHO SODEXO	31	1
CAJA CHICA - LEVERLINE BAC 800 ML	38	1
CAJA CHICA - CALDO DE CARNE X 1.5	45	1
CAJA CHICA - CEREZA MARRASQUINO PRINCESS 4.2 KG	4	1
CAJA CHICA - CHOCMAN	45	1
CAJA CHICA - FIDEO CARACOL X 250 GR	31	1
CAJA CHICA - FIDEO PARA SOPA X 250 GR	31	1
CAJA CHICA - PORTAVIANDA DESCARTABLE TECNOPOR LT	45	1
CAJA CHICA - PRE ELABORADO CONCENTRADO CARAMBOLA 1 LT	8	1
CAJA CHICA - VASO DESCARTABLE LISTADO PP 10 OZ	45	1
CAJA CHICA - AJI CON HUACATAY	23	1
CAJA CHICA - PIERNA DE CERDO SIN HUESO	23	1
CAJA CHICA - RES GUISO ECONOMICO CONGELADO	23	1
CAJA CHICA - RES PECHO MANTA CONGELADO	23	1
CAJA CHICA - JUGO DE MANGO X 200 ML	45	1
CAJA CHICA - DESINFECTANTE LIMPIA TODO 900 ML	9	1
CAJA CHICA - BOLSAS HERMETICAS X CAJA	10	1
CAJA CHICA - SALSA SILLAO FLORIDA 500 ML	9	1
CAJA CHICA - CERA AUTOBRILLANTE NEUTRAL TEKNOWA	19	1
CAJA CHICA - CERA PASTA AMARILLA 3.8 LT	19	1
CAJA CHICA - RES AGUJA CONGELADO IMPORTADO	23	1
CAJA CHICA - PRACTIGAS	45	1
CAJA CHICA - CERA LIQUIDA ROJA 4 LT	19	1
CAJA CHICA - BOLSA PLASTICO ROJA 20 X 30 UND	45	1
CAJA CHICA - FRIJOL CABALLERO 5 KG	8	1
CAJA CHICA - FRIJOL CANARIO 5 KG	8	1
CAJA CHICA - FRIJOL PANAMITO 5 KG	8	1
CAJA CHICA - FRIJOL NEGRO 5 KG	8	1
CAJA CHICA - ARVEJA VERDE PARTIDA 5 KG	8	1
CAJA CHICA - AVENA SANTA CATALINA 10 KG	8	1
CAJA CHICA - GELATINA DE NARANJA GELANDINA 5 KG	8	1
CAJA CHICA - GELATINA DE PIÑA GELANDINA 5 KG	8	1
CAJA CHICA - FLAN DE CHOCOLATE GELANDINA 5 KG	8	1
CAJA CHICA - AJI LIMO	23	1
CAJA CHICA - SALSA OSTION 510 ML	9	1
CAJA CHICA - ROMERO 230 GR	18	1
CAJA CHICA - FRIJOLES CON TOCINO 560 GR	24	1
CAJA CHICA - CONTENEDOR TERMICO CT1 X 50 UND	31	1
CAJA CHICA - CERA EN PASTA AMARILLA LT	9	1
CAJA CHICA - CERA EN PASTA BLANCA GLN	19	1
CAJA CHICA - JABON LIQUIDO SUAVE 800 ML	45	1
CAJA CHICA - CARAMELO HALLS CREAMY FRESA 2 UND	45	1
CAJA CHICA - PEZ CONGRIO ENTERO EVISCERADO CONG	23	1
CAJA CHICA - PEZ CONGRIO ROJO FILETE S/PIEL CONG	23	1
CAJA CHICA - PEZ CHIARELA FILETE C/PIEL	23	1
CAJA CHICA - DURAZNO	23	1
CAJA CHICA - BENCINA	9	1
CAJA CHICA - GARBANZO EL PLEBEYO 5 KG	8	1
CAJA CHICA - LENTEJA EL PLEBEYO 5 KG	8	1
CAJA CHICA - PAPA SECA EL PLEBEYO 5 KG	8	1
CAJA CHICA - GELATINA DE FRESA GELANDINA 5 KG	8	1
CAJA CHICA - JABON ANTIBACTERIAL SODEXO 62 GR	45	1
CAJA CHICA - ACEITE VEGETAL LT	26	1
CAJA CHICA - EDULCORANTE X 50 UND	10	1
CAJA CHICA - FIDEO MUNICION 250 GR	31	1
CAJA CHICA - HARINA DE CHOCHOCA X 5 KG	8	1
CAJA CHICA - PIMIENTA SACHET SODEXO 10 GR	45	1
CAJA CHICA - GATORADE MANDARINA 750 ML	9	1
CAJA CHICA - GATORADE TROPICAL 750 ML	9	1
CAJA CHICA - PULPA CONCENTRADA GUANABANA	23	1
CAJA CHICA - CERA AL AGUA 3.8 LT	19	1
CAJA CHICA - ESCOBA BAJA POLICIA	45	1
CAJA CHICA - JABON LIQUIDO SOFTCARE ALCOHOL GEL 1 LT	45	1
CAJA CHICA - TRAPEADOR CON OJAL PIEZA	45	1
CAJA CHICA - DURAZNO ACONCAGUA  4 ONZ	34	1
CAJA CHICA - PESCADO DORADO EVISCERADO	23	1
CAJA CHICA - CERVEZA PILSEN BOTELLA X 310 ML X SIX PACK	41	1
CAJA CHICA - CERVEZA CUZQUEÑA DORADA BOT 330 ML X SIX PA	41	1
CAJA CHICA - CERVEZA CUZQUEÑA NEGRA BOT 330 ML X SIX PACK	41	1
CAJA CHICA - VINO QUEIROLO BORGOÑA X 750 ML	45	1
CAJA CHICA - VINO NAVARRO CORREAS CABERNET SAUVIGNON X 750 M	45	1
CAJA CHICA - PISCO TABERNERO QUEBRANTA EDICION LTDA X 500 ML	45	1
CAJA CHICA - YOGURT LAIVE SBELT LUCUMA X 940 ML	45	1
CAJA CHICA - YOGURT LAIVE SBELT FRESA X 940 ML	45	1
CAJA CHICA - EDULCORANTE EQUAL X 200 UND	10	1
CAJA CHICA - PAN BIMBO BLANCO X 650 GR	45	1
CAJA CHICA - PAN BIMBO INTEGRAL 100% PREB-MED X 480 GR	45	1
CAJA CHICA - GASEOSA INCA KOLA ZERO X 410 PAQUETE X 12 UND	31	1
CAJA CHICA - PISCO VARGAS X 750 CC	31	1
CAJA CHICA - BIZCOCHO BOLSA	8	1
CAJA CHICA - SALSA SILLAO X LT	9	1
CAJA CHICA - PIMIENTA SAZÓN X 66 UND	10	1
CAJA CHICA - PALILLO SAZÓN X 66 UND	10	1
CAJA CHICA - OREGANO SAZÓN X 66 UND	10	1
CAJA CHICA - VINAGRE TINTO LT	9	1
CAJA CHICA - LECHE GLORIA X 410 ML	24	1
CAJA CHICA - MERMELADA X BARRIL	10	1
CAJA CHICA - ARVEJA PELADA	23	1
CAJA CHICA - PANES INTEGRALES BIMBO	45	1
CAJA CHICA - PAPA AMARILLA	23	1
CAJA CHICA - CEBOLLA ROJA	23	1
CAJA CHICA - MILO	45	1
CAJA CHICA - YOGURT	9	1
CAJA CHICA - PLATANO DE ISLA	45	1
CAJA CHICA - JUGO CONCENTRADO	9	1
CAJA CHICA - ACEITUNA	23	1
CAJA CHICA - AZUCAR FINA	23	1
CAJA CHICA - PAN FRANCES	45	1
CAJA CHICA - PALTA	23	1
CAJA CHICA - PAN PYC	45	1
CAJA CHICA - TOMATE	23	1
CAJA CHICA - QUESO FRESCO	23	1
CAJA CHICA - PIÑA GOLDEN	23	1
CAJA CHICA - FIDEO 250 GR	31	1
CAJA CHICA - COL CHINA	23	1
CAJA CHICA - PORO FITZ	23	1
CAJA CHICA - MIEL DE ABEJA X 300	18	1
CAJA CHICA - PAST PLUMRAY MOLITALIA	45	1
CAJA CHICA - COL CORAZON	23	1
CAJA CHICA - PZKID M X 6	45	1
CAJA CHICA - YOGURT SBELT X 1 LT	9	1
CAJA CHICA - PEN RIG INT AGNESI	45	1
CAJA CHICA - YOGURT SBELT VAINILLA	9	1
CAJA CHICA - PANES VARIOS	23	1
CAJA CHICA - CEBOLLA CHINA	23	1
CAJA CHICA - SPRITE X 3 LT	9	1
CAJA CHICA - TORTA MOUSSE DE LUCUMA	45	1
CAJA CHICA - COLAPIZ X 20 GR	42	1
CAJA CHICA - PAN INTEGRAL X 600 GR	45	1
CAJA CHICA -PLATANO DE SEDA	23	1
CAJA CHICA - PLATANO BELLACO	23	1
CAJA CHICA -  GASEOSA INKA COLA 3 LT	9	1
CAJA CHICA - BARRA DE CHOCOLATE Y GRANOLA	45	1
CAJA CHICA - CRISINOS SALADOS DE YUCA	45	1
CAJA CHICA - GALLETAS DE CAFÉ	45	1
CAJA CHICA - GALLETAS DE AVENA CON HIGO	45	1
CAJA CHICA - GALLETAS DE AVENA CON PLATANO	45	1
CAJA CHICA - GALLETAS DE AVENA CON MANZANA	45	1
CAJA CHICA - GALLETA DE AVENA NARANJA Y ZANAHORIA	45	1
CAJA CHICA - GALLETA REDONDA DE COCO	45	1
CAJA CHICA - WARAP BARRAS	45	1
CAJA CHICA - NUTRI BODY MANI	45	1
CAJA CHICA - NUTRI BODY CHOCOLATE	45	1
CAJA CHICA - CACAO Y LUCUMA NIBS	45	1
CAJA CHICA - KASABE AJO Y OREGANO	45	1
CAJA CHICA - KASABE NATURAL	45	1
CAJA CHICA - SHANNANUTS POWER MIX	45	1
CAJA CHICA - PW HF FRUTOS 50ML	45	1
CAJA CHICA - CHORI FINA HIE C	45	1
CAJA CHICA - CHORI TALIA SEGO	45	1
CAJA CHICA - GRIEGO LAIVE NAT	45	1
CAJA CHICA - MEZC P/PANQ BUTTER	23	1
CAJA CHICA - KIWI M	45	1
CAJA CHICA - MORASX200GREMPORIO	45	1
CAJA CHICA - UDM V COTCANDX2LB	45	1
CAJA CHICA - PIEDRAS PECO MEDIA	45	1
CAJA CHICA - PRENSAPAPAS BASA	45	1
CAJA CHICA - PEONIA 48 CMS PV18	45	1
CAJA CHICA - FOLLAJE HIERBA 62	45	1
CAJA CHICA - COPON OVALADO D14X	23	1
CAJA CHICA - MORA	23	1
CAJA CHICA - VENTA DE HELADOS DONOFRIO	45	1
CAJA CHICA - HEL JET VAINILLA 74 5MLX30	45	1
CAJA CHICA - HEL BOMBON VAINILLA 72MLX18|	45	1
CAJA CHICA - HEL MEGA ALMENDRA 100ML	45	1
CAJA CHICA - HEL DOLCETTO LUCUMA 80ML	45	1
CAJA CHICA - HELADO SUBLIME CRUNCHY 24X85ML	45	1
CAJA CHICA - CHIZITO CHIPY X 23 GR	45	1
CAJA CHICA - CAMOTE 37 GR	45	1
CAJA CHICA - TORTEES PICANTE 30 GR	45	1
CAJA CHICA - CUATES PICANTE 40 GR	45	1
CAJA CHICA - CUATES NORML 40 GR	45	1
CAJA CHICA - PAPAS LAYS 16 GR	45	1
CAJA CHICA - CHEESE TRIS 16 GR	45	1
CAJA CHICA - CHIFLES 21 GR	45	1
CAJA CHICA - CIGARROS  LUCKY STRIKE MENTA  X 10 UND	45	1
CAJA CHICA - CIGARROS  LUCKY STRIKE MENTA X 20 UND	45	1
CAJA CHICA - CIGARROS LUCKY STRIKE AZUL X 10 UND	45	1
CAJA CHICA - CIGARROS LUCKY STRIKE AZUL X 20 UND	45	1
CAJA CHICA - SALVADO DE TRIGO X KG	23	1
CAJA CHICA - AMBIENTADOR LAVANDA DARYZA 3.8 LT	19	1
CAJA CHICA - AMBIENTADOR SPRAY SAPOLIO 414 ML	18	1
CAJA CHICA - CERA EN PASTA NEGRA X 4 LT	19	1
CAJA CHICA - CERA EN PASTA ROJA X 4 LT	19	1
CAJA CHICA - CERA MADERA SPRAY PRIDE 414 ML	18	1
CAJA CHICA - DESINFECTANTE WATERMATIC	18	1
CAJA CHICA - FRANELA AMARILLA 50 X 60 CM	45	1
CAJA CHICA - GLADE TOQUE	45	1
CAJA CHICA - HISOPO CON BASE	45	1
CAJA CHICA - JALADOR DE AGUA X 60 CM	45	1
CAJA CHICA - LIMPIADOR ACERO INOX 3M	45	1
CAJA CHICA - LIMPIADOR DE FRAGUA DARYZA 4 LT	19	1
CAJA CHICA - REMOVEDOR DE SARRO DARIZA 4 LT	19	1
CAJA CHICA - SILICONA CRISTAL 3.8 LT	19	1
CAJA CHICA - TRAPEADOR FELPA	45	1
CAJA CHICA - TRAPO INDUSTRIAL BLANCO	45	1
CAJA CHICA - PIMENTON ROJO	23	1
CAJA CHICA - MANTEQUILLA CON SAL GLORIA 10 GR	45	1
CAJA CHICA - SALSA SILLAU KIKKO X 5 LT	4	5
CAJA CHICA - SALSA SILLAU AJINOSILLAU X 5 LT.	4	5
CAJA CHICA - AJINOMOTO X KG	23	1
CAJA CHICA - AJINOMOTO X 1/2 KG	8	0.5
CAJA CHICA - CANCHA CHULPI RASIL X 500 GR	8	1
CAJA CHICA - LEJIA SAPOLIO X 2 KG	23	1
CAJA CHICA - LEJIA SAPOLIO X 4 KG	23	1
CAJA CHICA - SOLIDO DE ATUN A-1 X 170 GR	24	1
CAJA CHICA - GOLD FRUITT JALEA DECOR	45	1
CAJA CHICA - BIMBOLETE BIMBO X 248 GR	45	1
CAJA CHICA - JAMON INGLES X KG	23	1
CAJA CHICA - QUESO FRESCO LA FLORIDA X KG	23	1
CAJA CHICA - QUESO FRESCO SBEL X KG	23	1
CAJA CHICA - SERVILLETAS DOBLADAS X 50 UND	31	1
CAJA CHICA - JUEGO DE CUBIERTOS DESCARTABLES BELLAMESA	31	1
CAJA CHICA - PATO TANQUE SAPOLIO	45	1
CAJA CHICA - KEKE MARMOLEADO BIMBO X 400 GR	45	1
CAJA CHICA - CIFRUT FRUIT X 3 LT	9	1
CAJA CHICA - QUESO GOUDA BONLE X KG	23	1
CAJA CHICA - QUESO PARIA BONLE X KG	23	1
CAJA CHICA - QUESO MOZARELLA SANCOR X KG	23	1
CAJA CHICA - PAN A GRANEL X KG	23	1
CAJA CHICA - PAN A GRANEL ESPECIAL X KG	23	1
CAJA CHICA - GALLETA CREAM CRACKER X 316 GR	45	1
CAJA CHICA - FRUGOS CASERO NARANJA X LT	9	1
CAJA CHICA - NESCAFE FINA SELECCION X 200 GR	45	1
CAJA CHICA - QUESO PARMESANO LAIVE X KG	23	1
CAJA CHICA - FREJOL COSTEÑO ROJO X 500 GR	8	1
CAJA CHICA - CHAMPIGÑONES LA FLORENCIA X PQT DE 6	45	1
CAJA CHICA - LECHUGA ORGANICA	23	1
CAJA CHICA - JALAPEÑOS VALLE FERTIL X 290 GR	18	1
CAJA CHICA - MERMELADA SAUCO X 400 GR	18	1
CAJA CHICA - PAPAS AL HILO TOTTUS X 150 GR	45	1
CAJA CHICA - SNACK DE FRUTS TOTTUS X 30 GR	45	1
CAJA CHICA - CHEESECAKE HELADO DE FRESA	45	1
CAJA CHICA - TORTILLAS DE MAIZ EL TACO X 500 GR	45	1
CAJA CHICA - ROCOTO PARA RELLENO	23	1
CAJA CHICA - TOMATE CHERRY	23	1
CAJA CHICA - LECHUGA MORADA	23	1
CAJA CHICA - COLITA DE CUADRIL DE RES ANGUS	23	1
CAJA CHICA - BIFE PARRILLERO ANGUS	23	1
CAJA CHICA - PICAÑA DE RES ANGUS	23	1
CAJA CHICA - PAPAS AL HILO BELLS 150 GR	8	1
CAJA CHICA - PIMIENTA NEGRA ENTERA KG	23	1
CAJA CHICA - SAL PARRILLERA 1 KG	23	1
CAJA CHICA - GASEOSA SEVEN UP 500 ML	9	1
CAJA CHICA - GATORADE DESHIDRATADA FRUIT PUNCH 521 ML	45	1
CAJA CHICA - GATORADE DESHIDRATADO ORANGE 521 ML	45	1
CAJA CHICA - GATORADE DESHIDRATADO LEMON 521 ML	45	1
CAJA CHICA - AGUA SAN LUIS 20 LT	10	1
CAJA CHICA - BEBIDA REHIDRATANTE LIMA LIMON POWERADE 5OO ML	9	1
CAJA CHICA - PEPINILLOS A LA POLACA FRASCO X 670 GR	45	1
CAJA CHICA - MARGARINA SELLO DE ORO BARRA X 225 GR	45	1
CAJA CHICA - CHAMPIGÑONES ENTEROS PACCU BANDEJA X 200 GR	45	1
CAJA CHICA - PAPA COCKTAIL X KG	23	1
CAJA CHICA - CANELA CHINA X 113 GR	8	1
CAJA CHICA - SIBARITA VERDECITO X 60 GR	8	1
CAJA CHICA - CEREAL GRANOLA X 200GR	10	1
CAJA CHICA - GASEOSA PEPSI X 500 ML	9	1
CAJA CHICA - GASEOSA FANTA X 500 ML	9	1
CAJA CHICA - PECANAS PELADAS X 135 GR	8	1
CAJA CHICA - LEJIA CLOROX  X  20 LT	19	1
CAJA CHICA - AGUA TRATADA X 2.5 LT	9	1
CAJA CHICA - BARRILETE X 50 UND	8	1
CAJA CHICA - BIAGI COFFE X 100 UND	8	1
CAJA CHICA - BIZCOCHUELLO FLEISHMAN X 5 KG	8	1
CAJA CHICA - BUTTE TOFFE MINI X 100 UND	8	1
CAJA CHICA - CANCHITA SALADA X 12 GR	45	1
CAJA CHICA - CANCHITA SALADA X 12 GR	8	1
CAJA CHICA - CARAMELO BON AMI X 100 UND	8	1
CAJA CHICA - CARAMELO CHICHA MORADA AMBROSOLI X 100 UND	8	1
CAJA CHICA - CARAMELO CHICHA MORADA SAYON X 110 UND	8	1
CAJA CHICA - CARAMELO GAJOS SURTIDOS X 100 UND	8	1
CAJA CHICA - CARAMELO MASTICABLE X 100 UND	8	1
CAJA CHICA - CARAMELO MAX FRUTAS X 100 UND	8	1
CAJA CHICA - CARAMELO MENTA CHOCOLATE X 73 UND	8	1
CAJA CHICA - CARAMELO SAYON LIMON X 100 UND	8	1
CAJA CHICA - CARAMELO SAYON PERITA X 100 UND	8	1
CAJA CHICA - CARAMELO TAMARINDO X 100 UND	8	1
CAJA CHICA - CARAMELO BIG BEN SURTIDO X 100 UND	8	1
CAJA CHICA - CARAMELO GAJO SURTIDO X 100 UND	8	1
CAJA CHICA - CARAMELO LIMON ARCOR X 100 UND	8	1
CAJA CHICA - CARAMELO SAYON YOGURT X 100 UND	8	1
CAJA CHICA - CARAMELO SAYON LIMON X 120 UND	8	1
CAJA CHICA - CHETOS PICANTE 16 GR	45	1
CAJA CHICA - CHETOS SABOR QUESO 16 GR	45	1
CAJA CHICA - CHIFLE KARINTO X 45 GR	45	1
CAJA CHICA - CHOCO DONUTS X 28 GR X 6 UND	31	1
CAJA CHICA - CHOCOLATE MONEDA CARIBU X 100 UND	8	1
CAJA CHICA - CHOCOLATE PRIVILEGIO 5 SABORES X 100 UND	8	1
CAJA CHICA - CHOCOMONEDAS CARIBU X 100 UND	8	1
CAJA CHICA - CHUPETIN BON BON BUN X 24 UND	8	1
CAJA CHICA - CHUPETIN DIVERTILOLY X 50 UND	8	1
CAJA CHICA - CHUPETIN GLOBO POP SURTIDO X 24 UND	8	1
CAJA CHICA - CHUPETIN TIPITIN X 50 UND	8	1
CAJA CHICA - COCOA WINTER X 160 GR	8	1
CAJA CHICA - COCOA WINTER X 45 GR	8	1
CAJA CHICA - EMULSIFICANTE LEVAPAN X 1 KG	31	1
CAJA CHICA - FREE PAPA ONDULADA X 16 GR	45	1
CAJA CHICA - FREE PAPAS KARINTO X 23 GR	45	1
CAJA CHICA - FREE PAPAS PICANTE X 23 GR	45	1
CAJA CHICA - GALLETA CASINO COCO X 51 GR X 6 UND	31	1
CAJA CHICA - GALLETA CRACK DIAS X 34 GR X 6 UND	31	1
CAJA CHICA - GALLETA GLACITAS CHOCO NIEVES X 32 GR X6 UND	31	1
CAJA CHICA - GALLETA RELLENA COCO X 24 GR X 6 UND	31	1
CAJA CHICA - GALLETA SODA SAN JORGE X 32 GR X 6 UND	31	1
CAJA CHICA - GALLETA SODA V VICTORIA X 34 GR X 6 UND	31	1
CAJA CHICA - GLOBO POP LECHE X 20 UND	8	1
CAJA CHICA - GOMITASFRUGELE AMBROSOLI X 100 UND	8	1
CAJA CHICA - GRAGEA GRANEL X KG	23	1
CAJA CHICA - GRETEAL MANJAR X 6 UND	31	1
CAJA CHICA - INCA CHIPS CHIFLE CLASSICA X 90 GR	45	1
CAJA CHICA - INCA CHIPS CHIFLE DULCE X 90 GR	45	1
CAJA CHICA - INCA CHIPS CHIFLE NATURAL X 90 GR	45	1
CAJA CHICA - JALEA LEVAPAN X 1 KG	34	1
CAJA CHICA - KARINTRIXS QUESO X 12 GR	45	1
CAJA CHICA - MANI PICANTE X 30 GR	45	1
CAJA CHICA - MASTICABLE HELLO KITTY X 100 UND	8	1
CAJA CHICA - MASTIFRUT DOBLE X 100 UND	8	1
CAJA CHICA - MINI CHIN CHIN X 32 UND	8	1
CAJA CHICA - OLD ENGLAND TOFFE X 80 UND	8	1
CAJA CHICA - PAPA LAYS CLASSICA X 16 GR	45	1
CAJA CHICA - PAPA LAYS MAYONESSA X 16 GR	45	1
CAJA CHICA - PAPA LAYS POLLO A LA BRASA X 16 GR	8	1
CAJA CHICA - PECANA PELADA X 85 GR	8	1
CAJA CHICA - PRE MEZCLA P/ KEKE DE NARANJA X 1 KG	8	1
CAJA CHICA - SNACK MUNCHOS REJILLAS X 16 GR	45	1
CAJA CHICA - SODA SAN JORGE 34GR X 6 UND	31	1
CAJA CHICA - TOFFE CAFÉ GOURMET X 100 UND	8	1
CAJA CHICA - TOFFE DE LECHE X 110 UND	8	1
CAJA CHICA - TOFFE GOLDEN WINTER X 100 UND	8	1
CAJA CHICA - TOFFE MAXI WINTER X 50UND	8	1
CAJA CHICA - TOFFE OLD ENGLAND X 80 UND	8	1
CAJA CHICA - TRIFRUNA AMBROSOLI X 70 UND	8	1
CAJA CHICA - TRIFRUNA DE AMBROSOLI X 70 UN	8	1
CAJA CHICA - WAFER WAZZU X 32 GR X 6 UND	31	1
CAJA CHICA - CHANTILLY LEVAPAN	23	1
CAJA CHICA - LANGOSTINOS MEDIANO X KG	23	1
CAJA CHICA - SALMON AHUMADO X KG	23	1
CAJA CHICA - FILETE DE SALMON X KG	23	1
CAJA CHICA - CAJA COMBO DULCE	45	1
CAJA CHICA - CAJA COMBO SALADO	45	1
CAJA CHICA - SPLENDA X 300 TAB	45	1
CAJA CHICA - CUCHARAS ACRILICAS X 50 UND	31	1
AJUAR DE BEBE 5 PIEZAS CON LOGOS SODEXO	45	1
LLAVERO METALICO 4.6 X 2.8 CM C/LOGO SERIGRAFIADO SODEXO (LLM097)	45	1
CAJA CHICA - BICARBONATO A GRANEL	23	1
CAJA CHICA - MANJAR NESTLE 1 KG	8	1
CAJA CHICA - MANJAR BLANCO LEVAPAN X 19 LT	5	1
CAJA CHICA - BICARBONATO RIKOS X 20 GR	8	1
CAJA CHICA - PISO P/TORTA GRANDE TECNOPOR	45	1
CAJA CHICA - PISO P/TORTA CHICA TECNOPOR	45	1
CAJA CHICA - BISCOCHUELO FLEISHMAN X 5 KG	8	1
CAJA CHICA - PRE MEZCLA KKE NARANJA X 1KG	8	1
CAJA CHICA - CIGARRO HAMILTON LIGTH X 20 UND	10	1
CAJA CHICA - GALLETA CASINO CHOCOLATE X 6 UND	31	1
CAJA CHICA - GALLETA CASINO ALFAJOR X 6 UND	31	1
CAJA CHICA - GRETEL CHOCOLATE  X 6 UND	31	1
CAJA CHICA - GALLETA CHARADA MANI X 6 UND	31	1
CAJA CHICA - KRAP DIA PACK 19  X 6 UND	31	1
CAJA CHICA - CARAMELO DE LECHE X 100 UND	8	1
CAJA CHICA - PIROTIN BLANCO # 1 X 1000 UND	31	1
CAJA CHICA - POLVO DE HORNEAR ARO X I KG	8	1
CAJA CHICA - PEPINILLOS ENCURTIDOS X KG	8	1
CAJA CHICA - PEPINILLO BB ENCURTIDO X KG	8	1
CAJA CHICA - GASEOSA SCHWEPPES X 500 ML	9	1
CAJA CHICA - BIFE ANGOSTO AMERICANO REFRIGERADO X KG	23	1
CAJA CHICA - BIFE ANCHO AMERICANO REFRIGERADO X KG	23	1
CAJA CHICA - LEJIA CLOROX TRADICIONAL X 4 LT	19	1
CAJA CHICA - VINO TABERNERO BORGOÑA (750ML)	9	1
CAJA CHICA - VINO TACAMA TINTO (750ML)	9	1
CAJA CHICA - PISCO BUENA COSECHA QUEBRANTA (1 LT)	9	1
CAJA CHICA - DELFIN DE CHOCOLATE CHICO	45	1
CAJA CHICA - CHAMPAGNE PREMIER (750 ML)	9	1
CAJA CHICA - SALSA PICNIC HEINZ X 375 ML	18	1
CAJA CHICA - ADEREZO MILS ISLAS X 443 GR	18	1
CAJA CHICA - ADEREZO RANCHERO X 443 GR	18	1
CAJA CHICA - PAN HOT DOG	45	1
CAJA CHICA - HAMBURGUESA DE RES X KG	23	1
CAJA CHICA - CHORIZO ARGENTINO KG	23	1
CAJA CHICA - SALCHICHA FRANFURT KG	23	1
CAJA CHICA - KIWI	23	1
CAJA CHICA - CHANTILLY EN POLVO X 50 GR	45	1
CAJA CHICA - CALDO DE GALLINA DOÑA GUSTA X 500 GR	45	1
CAJA CHICA - POLLO SIN MENUDENCIA X KG	23	1
CAJA CHICA - HIELO X 4 KG	8	1
CAJA CHICA - ESENCIA DE ANIS X GALON 0.8 KG	45	1
CAJA CHICA - ESENCIA DE NARANJA X GALON 3 KG	45	1
CAJA CHICA - CAKE NARANJA WONG	45	1
CAJA CHICA - FANTA KOLA INGLESA X 1.75 LT	9	1
CAJA CHICA - EDULCORANTE WONG TABLETA X 100	31	1
CAJA CHICA - EDULCORANTE SPLENDA X 100 SOBRE	10	1
CAJA CHICA - AGUA SAN MATEO SIN GAS X 300 ML	9	1
CAJA CHICA - JABON ANTIBACTERIAL PROTEX 75 GR	45	1
CAJA CHICA - CAPSULA CAFFE MOCHA	45	1
CAJA CHICA - SODA LIGHT SIX PACK	31	1
CAJA CHICA - COCA COLA X 3 LT	45	1
CAJA CHICA - INCA KOLA  2 X 2 1/4  LT	45	1
CAJA CHICA - GASEOSA SPRITE X 1.75 LT	45	1
CAJA CHICA - TORTA HELADA DURAZNO	45	1
CAJA CHICA - LECHE CHOCOLATADA X 180 ML	10	1
CAJA CHICA - BROCHETA # 12	31	1
CAJA CHICA - GLUCOSA X 500 GR	18	1
CAJA CHICA - COLORANTE PASTICOL	18	1
CAJA CHICA - ESPUMANTE ESPECIAL TABERNERO	45	1
CAJA CHICA - PANETON DONOFRIO	10	1
CAJA CHICA - VASO TERMICO 2 ONZAS	45	1
CAJA CHICA - CHOCOLATE CHIPS PARA KEKE X  KG	23	1
CAJA CHICA - VASO TECNOPOR 4 ONZAS	45	1
CAJA CHICA - AGUA SAN LUIS S/GAS X 625 ML	45	1
CAJA CHICA - BATIMIX X 125 ML	45	1
CAJA CHICA - KEKE BIMBOLETE	45	1
CAJA CHICA - CAFE PARA PASAR CUMBRE 0.5 KG	8	1
CAJA CHICA - PASTA WANTAN KG	23	1
CAJA CHICA - ALMENDRA NATURAL X 180 GR	8	1
CAJA CHICA - PLANCHA DE SERVILLETAS	45	1
CAJA CHICA - AVENA QUAKER X 160 GR	45	1
CAJA CHICA - CALDO DE GALLINA X 1 KG	23	1
CAJA CHICA - RED BULL ENERGIZANT ENERGY DRINK	24	1
CAJA CHICA - PILAS DURACELL AAA 2 UND	32	1
CAJA CHICA - ANCHOVETA ENTERA EN SALSA DE TOMATE X 400 GR	45	1
CAJA CHICA - MAICENA NEGRITA X 180 GR	45	1
CAJA CHICA - MAYONESA X 500GR	45	1
CAJA CHICA - PAPA FRITA X PORCION	45	1
CAJA CHICA - POLLO ROSTIZADO X UND	45	1
CAJA CHICA - FANTA NARANJA X 1.75  LT	9	1
CAJA CHICA - TORTA DELICIA FRESA	45	1
CAJA CHICA - SIX PACK SODA FIEL	31	1
CAJA CHICA - SODA V SIX PACK	31	1
CAJA CHICA - TORTA HELADA FRESA	45	1
CAJA CHICA - LAYS 185GR + PIQUEO 230	31	1
CAJA CHICA - CRUSH PIÑA X 3 LT	45	1
CAJA CHICA - AGUA SOCOSANI X 500 ML	9	1
CAJA CHICA - CHOCOLISTO X 320 GR	45	1
CAJA CHICA - RAVIOLES DE CARNE X 500GR	8	1
CAJA CHICA - BOLSA PARA HAMBURGUESA 6X 6  100 UND	31	1
CAJA CHICA - LEJIA CLOROX X 639 ML	9	1
CAJA CHICA - SERVILLETAS ELITE 200 UNID	45	1
CAJA CHICA - CAPSULA CAFE EXPRESSO	45	1
CAJA CHICA - CAPSULA CAFE BARISTA	45	1
CAJA CHICA - CAPSULA CAFE CON LECHE	45	1
CAJA CHICA - CAPSULA CAFE AMERICANO	45	1
CAJA CHICA - CAPSULA CAFE CAPPUCCINO	45	1
CAJA CHICA - SERVILLETAS NOBLE X 200 UND	31	1
CAJA CHICA - SERVILLETA FINA X 200 UND	31	1
CAJA CHICA - AYUDIN LAVAVAJILLAS LIQUIDO X 300 ML	45	1
CAJA CHICA - AYUDIN LAVAVAJILLAS LIQUIDO X 900 ML	45	1
CAJA CHICA - EMPANADA CLASICA	45	1
CAJA CHICA - YOGURT GLORIA  X 500 ML	45	1
CAJA CHICA - MAIZ CANCHA X5 KG	8	5
CAJA CHICA - HABA KARINTO	45	1
CAJA CHICA - HELADO SIN PARAR	45	1
CAJA CHICA - HELADO PRINCESA 1LT	45	1
CAJA CHICA - TINTE ROJO PARA PANADERIA 30 ML	18	1
CAJA CHICA - JUGOS WATSS	9	1
CAJA CHICA - CHICHA MORADA GLORIA 400 ML	9	1
CAJA CHICA - CIFRUT FRUIT 500 ML	9	1
CAJA CHICA - FRUGOS 236 ML	9	1
CAJA CHICA - MANTEQUILLA GLORIA 100 GR	3	1
CAJA CHICA - GASEOSA KOLA REAL 500 ML	9	1
CAJA CHICA - TAMPICO 500 ML	9	1
CAJA CHICA - MORON X 500 GR	45	1
CAJA CHICA -POLVO DE HORNEAR 25 GR	31	1
CAJA CHICA - LEVADURA INSTANTÁNEA 500 GR	31	1
CAJA CHICA - AJINOMIX  X 25 GR	20	1
CAJA CHICA - AJO MOLIDO X KG	23	1
CAJA CHICA - ALMENDRA X 500 GR	20	1
CAJA CHICA - ANTICUCHOS X KG	23	1
CAJA CHICA - BASE DE TORTA DIAMETRO 30 CM	31	1
CAJA CHICA - CAMOTE X KG	23	1
CAJA CHICA - CANELA CHINA X 500 GR	20	1
CAJA CHICA - CASTAÑA X 500 GR	20	1
CAJA CHICA - COCO RALLADO X 500 GR	20	1
CAJA CHICA - EMPANADA DE CARNE X 90 GR	20	1
CAJA CHICA - EMPANADA DE POLLO X 90 GR	20	1
CAJA CHICA - EMPANADA MIXTA X 90 GR	20	1
CAJA CHICA - GALLETA FORTUNA X 30 GR	20	1
CAJA CHICA - GALLETA CRAKINUA 153 GR	20	1
CAJA CHICA - GALLETA INTEGRACKERS QUINUA 324 GR	20	1
CAJA CHICA - GALLETA DULCE VAINILLA MARGARITA X  46.5 GR	20	1
CAJA CHICA - GALLETA SODA SAN JORGE BOLSA 90 GR	20	1
CAJA CHICA - JALEA DURAZNO X 500 GR	20	1
CAJA CHICA - JALEA FRESA X 500 GR	20	1
CAJA CHICA - KETCHUP X 500 GR	20	1
CAJA CHICA - MAIZ MOTE X KG	23	1
CAJA CHICA - MASA HOJALDRE X KG	23	1
CAJA CHICA - MELON  X KG	23	1
CAJA CHICA - MIXO EMULSIFICANTE X GR	20	1
CAJA CHICA - MONDONGO CAU CAU X KG	23	1
CAJA CHICA - MONDONGO CORTE ITALIANO X KG	23	1
CAJA CHICA - NABO X KG	23	1
CAJA CHICA - NARANJA DE JUGO X KG	23	1
CAJA CHICA - OLLUCO X KG	23	1
CAJA CHICA - PANAMITO X KG	23	1
CAJA CHICA - PAPA BLANCA X KG	23	1
CAJA CHICA - PAPAS AL HILO  X 500 GR	20	1
CAJA CHICA - PECANAS X 500 GR	20	1
CAJA CHICA - PROSCIUTO X 500 GR	20	1
CAJA CHICA - QUESO CREAM CHEESE DELICE CAJA 227 GR	20	1
CAJA CHICA - RABANITO X KG	23	1
CAJA CHICA - SALAME X 500 GR	20	1
CAJA CHICA - SALSA MENSI KIKKO X 350 ML	26	1
CAJA CHICA - SEMOLA (EN LAS VALIDACIONES VIENEN EN 25 KG Y S	23	1
CAJA CHICA - SIU MAI DE CERDO BOLSA X 24 UND	45	1
CAJA CHICA - TRIGO PELADO X KG	23	1
CAJA CHICA - UVA RED GLOBE X KG	23	1
CAJA CHICA - CARAMELO MENTA CHOCOLATE 365 GR	20	1
CAJA CHICA - GALLETAS PICARAS X 40 GR	31	1
CAJA CHICA - LECHE EVAPORADA BOLSITARRO X 400 GR	31	1
CAJA CHICA - PANELA GRANULADA X 500 GR	31	1
CAJA CHICA - GALLETA RITZ X 22.4 GR	31	1
CAJA CHICA - GALLETA CHOCO DONUTS 36 GR	31	1
CAJA CHICA - GALLETA TENTACION NARANJA 318 GR X 6 UND	31	1
CAJA CHICA - GALLETA DIVAS 34 GR	31	1
CAJA CHICA- GALLETA CORONITA 228 GR X 6 UND	20	1
CAJA CHICA- CERDO PANCETA X KG	23	1
CAJA CHICA- PAN MOLIDO X KG	23	1
CAJA CHICA - AGUA PARA RECETA - CH	26	1
CAJA CHICA - AZUCAR SACHET DE 5 GR	45	1
CAJA CHICA - PRE PIZZA FAMILIAR PAN IND 5X26	45	1
CAJA CHICA - LECHE SIX PACK	41	1
CAJA CHICA - ARROZ SUPERIOR ARO 5 KG	23	1
CAJA CHICA - LECHE IDEAL AMANECER SIX PACK	26	1
CAJA CHICA - PACCHOY BB KG	23	1
CAJA CHICA - BALSAMINA UND	45	1
CAJA CHICA - SEN CUA UND	45	1
CAJA CHICA - BOLSA PLASTICA BLANCA 14 X 20  - PAQ X 100UND	31	1
CAJA CHICA - CASHU KG	23	1
CAJA CHICA - AJONJOLI NEGRO KG	23	1
CAJA CHICA - ANIS ESTRELLA X 250 GR	20	0.25
CAJA CHICA - ANIS ESTRELLA X 250 GR	20	1
CAJA CHICA - AJI EN POLVO X 100 GR - BOLSA	8	1
CAJA CHICA - VINAGRE DE ARROZ X 500 ML - BOT	9	1
CAJA CHICA - SRIRACHA X 435 ML - BOT	9	1
CAJA CHICA - ARANDANO KG	23	1
CAJA CHICA - ACEITE UNO PRESENTACION POR 900 ML	9	1
CAJA CHICA - ARROZ SUPERIOR P/UNO 5 KG	8	1
CAJA CHICA - AZUCAR RUBIA TOTTUS 5 KG	8	1
CAJA CHICA - SALSA SILLAO CLARO X 750 ML -  FRASCO	18	1
CAJA CHICA - ACEITE DE AJI X 280 ML - FRASCO	18	1
CAJA CHICA - SALSA DE PESCADO PICANTE - FRASCO	18	1
CAJA CHICA - BOCADITO FUYU X 240 GR - FRASCO	18	1
CAJA CHICA - FIDEO SA HO FAN X 1 KG	8	1
CAJA CHICA - CHICKEN POWER X 1 KG	8	1
CAJA CHICA - SALSA SILLAO CLARO X 750 ML	18	1
CAJA CHICA - ACEITE DE AJI X 280 ML	18	1
CAJA CHICA - SALSA DE PESCADO PICANTE	18	1
CAJA CHICA - BOCADITO FUYU X 240 GR	18	1
CAJA CHICA - FIDEO SA HO FAN X 1 KG	8	1
CAJA CHICA - CHICKEN POWER X 1 KG	8	1
CAJA CHICA - COLORANTE A LA GRASA FRATELLO X 5 GR	18	1
CAJA CHICA - COLORANTE A LA GRASA FRATELLO X 5 GR	18	1
CAJA CHICA - COLORANTE LIQUIDO FRATELLO X 30 ML	18	1
CAJA CHICA - GLUCOSA FRATELLO X KG	18	1
CAJA CHICA - GOMA TRAGACANTO X 100 GR	8	1
CAJA CHICA -  ESCARCHA COMESTIBLE X 5 GR	18	1
CAJA CHICA - ENCURTIDO DE AJI X KG	18	1
CAJA CHICA - TOFU FERMENTADO X 260 GR	18	1
CAJA CHICA - ACEITE DE OLIVA X 1LT OLIVOS DEL SUR	18	1
CAJA CHICA - LECHE EN POLVO GLORIA	8	1
CAJA CHICA - CAFÉ TOSTADO GRANO	8	1
CAJA CHICA - CONTENEDOR TERMICO D4051XX  CT3 200 UND	31	1
CAJA CHICA - INCA KOLA X 3LT	9	1
CAJA CHICA - ZAPALLITO ITALIANO	45	1
CAJA CHICA - AJONJOLI	23	1
CAJA CHICA - FRIJOL CHINO	45	1
CAJA CHICA - ESPINACA	23	1
CAJA CHICA - VAINITA FRESCA	23	1
CAJA CHICA - COPA FLORENTINA ACRILICA X UND	45	1
CAJA CHICA - CHOCOLATE TOBLERONES DE 74GR	8	1
CAJA CHICA - CHOCOLATE TOBLERONES DE 74GR	8	1
CAJA CHICA - ENVASE DESCARTABLE 8 OZX100UND	31	1
CAJA CHICA - ENVSE DELI 1 LT SUPER FAST TR + TAPATR	26	1
CAJA CHICA - ENVASE DELI 1/2 LT SUPER FAST TR + TAPATR	26	1
CAJA CHICA - SERVILLETA COCKTAIL OLEGO ROJO	31	1
CAJA CHICA - SERVILLETA COCKTAIL OLEGO VERDE	31	1
CAJA CHICA - SERVILLETA COCKTAIL OLEGO AMARILLO	31	1
CAJA CHICA - COPA FLORENTINA TRANSPARENTE C/10	31	1
CAJA CHICA - PAPEL TOALLA INTERFOLIADO BLANCO	31	1
CAJA CHICA - PAPEL TOALLA INTERFOLIADO ECOLOGICO MARRON	31	1
CAJA CHICA - ENVASE DELI 1 LT SUPER FAST TR + TAPATR	28	1
CAJA CHICA - ENVASE DELI 1/2 LT SUPER FAST TR + TAPATR	28	1
CAJA CHICA - COPA FLORENTINA TRANSPARENTE C/10	45	1
CAJA CHICA - DETERGENTE SAPOLIO SACO X 15 KG	39	1
CAJA CHICA - PERA PACKHAM'S	23	1
CAJA CHICA - ARTICULOS DE REPOSTERIA	45	1
CAJA CHICA - CREMA DE COCO WISLAN	18	1
CAJA CHICA - JARABE GRANADINA CHEVALIER X 750 ML	9	1
CAJA CHICA - BOLSA SANDWICH 6X6 100 UND	28	1
CAJA CHICA - KETCHUP BALDE X 4KG	45	1
CAJA CHICA - MOSTAZA BALDE X 4KG	45	1
CAJA CHICA - GALLETA PICARAS	31	1
CAJA CHICA - CEPILLO COLGATE PREMIER	45	1
CAJA CHICA - GALLETA RELLENA SURTIDA	31	1
CAJA CHICA - GALLETA CHOCOSODA	31	1
CAJA CHICA - GALLETA DULCE CASINO MENTA	31	1
CAJA CHICA - GALLETA DULCE GLACITA CHOCOLATE	31	1
CAJA CHICA - MANTECA GORDITO X 10KG	10	1
CAJA CHICA - MEJORADOR DE MASA X 5KG	8	1
CAJA CHICA - FIDEO KUISHUPAI ANCHO 250GR	20	1
CAJA CHICA - SALSA DE PESCADO 750 ML	28	1
CAJA CHICA - SAILLAO OSCURO 5LT	26	1
CAJA CHICA - SHIRO MISO POTE 500GR	20	1
CAJA CHICA - TAUSI C/KION EN POTE 500 GR	20	1
CAJA CHICA - AJI HUAJIO GRANO FURONG 100GR	20	1
CAJA CHICA - TOFU BLUE FIRM MORI-UN 349GR	20	1
CAJA CHICA - SALSA CHIHOU CHUBANG 220GR	20	1
CAJA CHICA - SALSA TAUSI PARA CHULETA CHUBANG 220GR	20	1
CAJA CHICA - PASTA DE AJONJOLI 405GR	20	1
CAJA CHICA - SALSA  TAUSI PICANTE C/CHANCHO 280GR	20	1
CAJA CHICA - SALSA OSTION 2.27KG YUESHTFU	23	1
CAJA CHICA - SALSA DE AJI C/AJO 6.5KG	23	1
CAJA CHICA - ALGA NORI SEASONED SEAWEED 28GR	20	1
CAJA CHICA - ALGA WAKAME 128GR	20	1
CAJA CHICA - FANSI TIANTAN 500GR	20	1
CAJA CHICA - TOFU YELLOW EXTRA FIRM (SOYA)	20	1
CAJA CHICA - SAL YODADA 25 X KILOGRAMOS	23	1
CAJA CHICA - ESCOBA SUPER DALIA  X UNIDAD	45	1
CAJA CHICA - GASEOSA INCA KOLA 600 ML X BOTELLA	9	1
CAJA CHICA - GASEOSA COCA 600 ML X BOTELLA	9	1
CAJA CHICA - SILLAUO OSCURO 5 LB CAJA X 12 GOLDEN	10	1
CAJA CHICA - SALSA DE AJI SHINGKEE 375G GR  CAJA DE 24 UND	10	1
CAJA CHICA - SALSA DE AJONJOLI (SANFENG) 280 GR  X 24 UND	45	1
CAJA CHICA - AJI CHINO SECO	8	1
CAJA CHICA - BOLSA BLANCA MEDIANA	45	1
CAJA CHICA - CORTAUÑA DELFIN GRANDE	45	1
CAJA CHICA - PINZA GRANDE ZINGER C/ENTERO	45	1
CAJA CHICA - PINZA GRANDE BEIFA C/ENTERO	45	1
CAJA CHICA - ALMENDRA  X 80 GR	20	1
CAJA CHICA - NUECES PELADA  X 80 GR	20	1
CAJA CHICA - PECANA PELADA  X 80 GR	20	1
CAJA CHICA - PISTACHO SAL X 80 GR	20	1
CAJA CHICA - LEJIA SAPOLIO 1LT	9	1
CAJA CHICA - PAÑO ABSORBENTE MULTIUSO	45	1
CAJA CHICA - LECHE LAIVE BOLSITARRO X 470 GR	45	1
CAJA CHICA - MINI CARROT CAKE	45	1
CAJA CHICA - MINI PIE LIMON	45	1
CAJA CHICA - MINI EMPANADA CARNE	45	1
CAJA CHICA - FIDEO TORNILLO MOLITALIA 250 GR	31	1
CAJA CHICA - FIDEO TORNILLO DON VITTORIO 250 GR	31	1
CAJA CHICA - FIDEO CARACOL CHICO DON VITTORIO 250 GR	31	1
