nombre;disposicion;familia;subfamilia;grupo;unidad_envase;ultimo_precio;fecha_ultima_compra
LECHE CONDENSADA NESTLE 100 GR;Alimentación;ABARROTES;ABARROTES 2DA NECESIDAD;REPOSTERIA;LAT;1.823;2018-12-20
ATUN TROZOS GLORIA 170 GR;Alimentación;ABARROTES;ABARROTES 2DA NECESIDAD;CONSERVAS;LAT;4.301;2023-11-09
LECHE CONDENSADA GLORIA 393 GR;Alimentación;ABARROTES;ABARROTES 2DA NECESIDAD;REPOSTERIA;LAT;4.338;2026-09-17
ATUN TROZOS FLORIDA 140 GR;Alimentación;ABARROTES;ABARROTES 2DA NECESIDAD;CONSERVAS;LAT;3.9;2024-06-06
COCKTAIL DE FRUTAS FANNY 820 GR;Alimentación;ABARROTES;ABARROTES 2DA NECESIDAD;CONSERVAS;LAT;11.164;2026-07-12
ATUN TROZOS COMPASS 170 GR;Alimentación;ABARROTES;ABARROTES 2DA NECESIDAD;CONSERVAS;LAT;3.78;2023-11-09
ACEITE VEGETAL CIELO 5 LT;Alimentación;ABARROTES;ABARROTES 1ERA NECESIDAD;ACEITE;BID;34.12;2026-09-17
ACEITE AJONJOLI OLIVOS DEL SUR 220 ML PET;Alimentación;ABARROTES;ABARROTES 1ERA NECESIDAD;ACEITE;BOT;14.109;2026-02-06
ACEITE VEGETAL CIELO 18 LT;Alimentación;ABARROTES;ABARROTES 1ERA NECESIDAD;ACEITE;BLD;119.707683;2026-03-05
ACEITE DE OLIVA VIRGEN KUSASA 4 LT;Alimentación;ABARROTES;ABARROTES 1ERA NECESIDAD;ACEITE;GLN;61.82;2019-07-03
ACEITE AJONJOLI OLIVOS DEL SUR 200 ML;Alimentación;ABARROTES;ABARROTES 1ERA NECESIDAD;ACEITE;FCO;12.502;2019-04-06
ACEITE DE OLIVA VIRGEN OLIVEZA 4 LT;Alimentación;ABARROTES;ABARROTES 1ERA NECESIDAD;ACEITE;GLN;196;2025-11-23
MANTECA VEGETAL DEL CAMPO 10 KG;Alimentación;REFRIGERADOS;MANTECA;;CAJ;94.28;2023-10-19
ACEITE AJONJOLI OLIVOS DEL SUR 200 ML PET;Alimentación;ABARROTES;ABARROTES 1ERA NECESIDAD;ACEITE;BOT;14.109;2025-02-24
HIERBA BUENA;Alimentación;REFRIGERADOS;FRUTAS Y VERDURAS;VERDURAS;KG;6.91;2026-09-26
ARVEJA VERDE PARTIDA CANTA CLARO BOLSA 500 GR;Alimentación;ABARROTES;ABARROTES 1ERA NECESIDAD;MENESTRAS;BOL;3.3;2026-09-17
CHUÑO NEGRO SAN JUAN MASIAS (EX BELEN)5 KG;Alimentación;ABARROTES;ABARROTES 1ERA NECESIDAD;HARINAS;BOL;58.76;2025-07-20
TRIGO PELADO EL PLEBEYO 5 KG;Alimentación;ABARROTES;ABARROTES 1ERA NECESIDAD;MENESTRAS;BOL;17.533;2018-07-01
FIDEO TORNILLO DON VITTORIO 250/225 GR;Alimentación;ABARROTES;ABARROTES 1ERA NECESIDAD;FIDEOS;PQT;1.3;2019-05-17
FIDEO CORBATA CHICO DON VITTORIO 250 GR;Alimentación;ABARROTES;ABARROTES 1ERA NECESIDAD;FIDEOS;PQT;1.3;2019-06-11
FIDEO SPAGUETTI DON VITTORIO 500 GR;Alimentación;ABARROTES;ABARROTES 1ERA NECESIDAD;FIDEOS;PQT;2.75;2019-03-20
FIDEO CANUTO CHICO NICOLINI 250 GR;Alimentación;ABARROTES;ABARROTES 1ERA NECESIDAD;FIDEOS;PQT;1.078;2020-03-31
FIDEO SPAGUETTI NICOLINI 500/450 GR;Alimentación;ABARROTES;ABARROTES 1ERA NECESIDAD;FIDEOS;PQT;2.248;2019-07-15
FIDEO TORNILLO NICOLINI 250 GR;Alimentación;ABARROTES;ABARROTES 1ERA NECESIDAD;FIDEOS;PQT;1.08;2019-04-11
FIDEO CORBATA GRANDE NICOLINI 250 GR ( 15320 );Alimentación;ABARROTES;ABARROTES 1ERA NECESIDAD;FIDEOS;PQT;1.08;2019-03-20
FIDEO CODO RAYADO DON VITTORIO 250/225 GR;Alimentación;ABARROTES;ABARROTES 1ERA NECESIDAD;FIDEOS;PQT;1.3;2019-06-11
FIDEO CANUTO RAYADO DON VITTORIO 250 GR;Alimentación;ABARROTES;ABARROTES 1ERA NECESIDAD;FIDEOS;PQT;1.3;2019-06-11
FIDEO CANUTO CHICO DON VITTORIO 250/235 GR;Alimentación;ABARROTES;ABARROTES 1ERA NECESIDAD;FIDEOS;PQT;1.34;2019-11-28
FIDEO SPAGUETTI MOLITALIA 500 GR;Alimentación;ABARROTES;ABARROTES 1ERA NECESIDAD;FIDEOS;PQT;2.632103;2022-12-17
FIDEO CABELLO DE ANGEL MOLITALIA 250 GR;Alimentación;ABARROTES;ABARROTES 1ERA NECESIDAD;FIDEOS;PQT;1.21;2026-09-17
FIDEO TORNILLO MOLITALIA 250 GR;Alimentación;ABARROTES;ABARROTES 1ERA NECESIDAD;FIDEOS;PQT;1.404916;2023-05-15
FIDEO CODO MEDIANO RAYADO MOLITALIA 250 GR;Alimentación;ABARROTES;ABARROTES 1ERA NECESIDAD;FIDEOS;PQT;1.3947;2023-05-04
ARROZ PAL COMBO TURQUEZA (EXTRA) SACO 49 KG;Alimentación;ABARROTES;ABARROTES 1ERA NECESIDAD;ARROZ;SCO;217.924308;2024-12-01
FIDEO CARACOL CHICO DON VITTORIO 250 GR;Alimentación;ABARROTES;ABARROTES 1ERA NECESIDAD;FIDEOS;PQT;1.3;2019-05-17
MORON AMERICANO COSTEÑO 500 GR;Alimentación;ABARROTES;ABARROTES 1ERA NECESIDAD;MENESTRAS;BOL;2.908147;2020-08-12
ARROZ COSTEÑO EXTRA HOJA REDONDA AÑEJO 50 KG;Alimentación;ABARROTES;ABARROTES 1ERA NECESIDAD;ARROZ;SCO;209.347528;2026-10-01
PAPA SECA COSTEÑO 500 GR;Alimentación;ABARROTES;ABARROTES 1ERA NECESIDAD;MENESTRAS;BOL;6.779;2023-07-05
ARVEJA VERDE PARTIDA COSTEÑO 500 GR;Alimentación;ABARROTES;ABARROTES 1ERA NECESIDAD;MENESTRAS;BOL;1.905;2020-05-06
ARROZ EXTRA NIR DEL NORTE;Alimentación;ABARROTES;ABARROTES 1ERA NECESIDAD;ARROZ;KG;2.99;2019-12-29
ARROZ EXTRA PARBOILED;Alimentación;ABARROTES;ABARROTES 1ERA NECESIDAD;ARROZ;KG;2.75;2018-08-29
ARROZ CORRIENTE PARA SOPA;Alimentación;ABARROTES;ABARROTES 1ERA NECESIDAD;ARROZ;KG;2.6;2018-12-20
ARROZ EXTRA MOLINO ROJO;Alimentación;ABARROTES;ABARROTES 1ERA NECESIDAD;ARROZ;KG;3.343681;2019-03-18
ARROZ EXTRA VERDI;Alimentación;ABARROTES;ABARROTES 1ERA NECESIDAD;ARROZ;KG;3;2019-02-27
ARROZ EXTRA D'AMANTE;Alimentación;ABARROTES;ABARROTES 1ERA NECESIDAD;ARROZ;KG;2.960093;2020-06-10
ARROZ EXTRA D'AMANTE SACO 50 KG;Alimentación;ABARROTES;ABARROTES 1ERA NECESIDAD;ARROZ;SCO;156.88;2020-09-06
ARROZ COSTEÑO EXTRA NIR SACO 50 KG;Alimentación;ABARROTES;ABARROTES 1ERA NECESIDAD;ARROZ;SCO;211.536066;2024-09-19
ARROZ EXTRA PARBOILED SACO 50 KG;Alimentación;ABARROTES;ABARROTES 1ERA NECESIDAD;ARROZ;SCO;208.5;2023-07-05
ARROZ CAMPERO EXTRA SACO 50 KG;Alimentación;ABARROTES;ABARROTES 1ERA NECESIDAD;ARROZ;SCO;232.011;2023-05-27
ARROZ CORRIENTE PARA SOPA SACO 50 KG;Alimentación;ABARROTES;ABARROTES 1ERA NECESIDAD;ARROZ;SCO;201.607;2026-08-07
ARROZ EXTRA ESTRELLITA DEL NORTE 50 KG;Alimentación;ABARROTES;ABARROTES 1ERA NECESIDAD;ARROZ;SCO;175;2021-06-06
KIWICHA AVENA 3 OSITOS 170 GR;Alimentación;ABARROTES;ABARROTES 1ERA NECESIDAD;AVENA;BOL;1.317;2022-11-27
ACEITE VEGETAL DELEITTE 5 LT;Alimentación;ABARROTES;ABARROTES 1ERA NECESIDAD;ACEITE;BID;47.397;2022-01-08
ACEITE VEGETAL COCINERO 5 LT;Alimentación;ABARROTES;ABARROTES 1ERA NECESIDAD;ACEITE;BID;31.2;2018-12-07
ACEITE VEGETAL CIL 5 LT;Alimentación;ABARROTES;ABARROTES 1ERA NECESIDAD;ACEITE;BID;32.77;2020-10-07
MACA AVENA 3 OSITOS 150 GR;Alimentación;ABARROTES;ABARROTES 1ERA NECESIDAD;AVENA;BOL;1.316;2026-09-17
AVENA 3 OSITOS 100 GR;Alimentación;ABARROTES;ABARROTES 1ERA NECESIDAD;AVENA;BOL;0.83;2024-10-21
AVENA 3 OSITOS 110 GR;Alimentación;ABARROTES;ABARROTES 1ERA NECESIDAD;AVENA;BOL;0.83;2025-09-03
QUINUA AVENA 3 OSITOS 170 GR;Alimentación;ABARROTES;ABARROTES 1ERA NECESIDAD;AVENA;BOL;1.061;2020-09-30
MACA AVENA 3 OSITOS 170 GR;Alimentación;ABARROTES;ABARROTES 1ERA NECESIDAD;AVENA;BOL;1.316885;2023-03-12
AVENA 3 OSITOS 135 GR;Alimentación;ABARROTES;ABARROTES 1ERA NECESIDAD;AVENA;BOL;0.658;2020-06-23
AVENA 3 OSITOS 120 GR;Alimentación;ABARROTES;ABARROTES 1ERA NECESIDAD;AVENA;BOL;0.814992;2023-06-08
ACHOCOLATADO MILO NESTLE 400 GR;Alimentación;ABARROTES;ABARROTES 2DA NECESIDAD;DESAYUNOS;LAT;12.86;2018-12-07
AVENA 3 OSITOS 10 KG;Alimentación;ABARROTES;ABARROTES 1ERA NECESIDAD;AVENA;BOL;39.076;2026-09-17
CAFE MOLIDO STANDAR RISSO GRANEL KG;Alimentación;ABARROTES;ABARROTES 2DA NECESIDAD;DESAYUNOS;KG;48.305;2026-09-17
PANETON SODEXO CAJA 900 GR;Alimentación;ABARROTES;ABARROTES 2DA NECESIDAD;PANADERIA;UND;9.46;2021-12-12
PANETON SODEXO CAJA 90 GR;Alimentación;ABARROTES;ABARROTES 2DA NECESIDAD;PANADERIA;CAJ;2.2;2020-12-15
PANETON DONOFRIO CAJA 880 GR;Alimentación;ABARROTES;ABARROTES 2DA NECESIDAD;PANADERIA;UND;20.355;2025-12-07
AZUCAR RUBIA PERSONAL TRES ESPADAS 500 UNIDS;Alimentación;ABARROTES;ABARROTES 1ERA NECESIDAD;AZUCAR;BOL;28.5;2021-10-27
AZUCAR RUBIA PERSONAL TRES ESPADAS 5 GRM (BOLSA 2.5 MILLAR);Alimentación;ABARROTES;ABARROTES 1ERA NECESIDAD;AZUCAR;BOL;88.462273;2022-06-17
AZUCAR BLANCA PERSONAL TRES ESPADAS 500 UNIDS;Alimentación;ABARROTES;ABARROTES 1ERA NECESIDAD;AZUCAR;BOL;28.5;2021-10-27
AZUCAR RUBIA PERSONAL ONZA PAQ 1 MILLAR;Alimentación;ABARROTES;ABARROTES 1ERA NECESIDAD;AZUCAR;SCH;42.5;2021-10-08
CAFE MOLIDO MOKACCINO NESTLE 1 KG;Alimentación;ABARROTES;ABARROTES 2DA NECESIDAD;DESAYUNOS;BOL;104.198;2025-11-07
AVENA SANTA CATALINA SACO 10 KG;Alimentación;ABARROTES;ABARROTES 1ERA NECESIDAD;AVENA;BOL;34.42;2020-02-18
CAFE MOLIDO NESCAFE TRADICION NESTLE 500 GR;Alimentación;ABARROTES;ABARROTES 2DA NECESIDAD;DESAYUNOS;BOL;140.355;2026-08-07
CHOCOLATE PARA TAZA SOL DEL CUSCO 90 GR;Alimentación;ABARROTES;ABARROTES 2DA NECESIDAD;DESAYUNOS;UND;1.25;2020-10-24
INFUSION MANZANILLA MC COLLINS 100 SOBRES;Alimentación;ABARROTES;ABARROTES 2DA NECESIDAD;DESAYUNOS;CAJ;4.44;2020-11-07
AZUCAR RUBIA PERSONAL SODEXO PAQ (5 GR) 1 MILLAR;Alimentación;ABARROTES;ABARROTES 1ERA NECESIDAD;AZUCAR;CAJ;29;2026-08-03
PAN MOLIDO TAKIS 5 KG;Alimentación;ABARROTES;ABARROTES 2DA NECESIDAD;PANADERIA;BOL;23.22;2026-09-17
GALLETA CLASICA OREO 36 GR;Alimentación;ABARROTES;ABARROTES 2DA NECESIDAD;GOLOSINAS;PQT;0.79;2026-09-13
AZUCAR BLANCA;Alimentación;ABARROTES;ABARROTES 1ERA NECESIDAD;AZUCAR;KG;2.655;2018-12-20
AZUCAR RUBIA;Alimentación;ABARROTES;ABARROTES 1ERA NECESIDAD;AZUCAR;KG;1.818225;2020-03-24
AZUCAR BLANCA PERSONAL SODEXO PAQ (5 GR)1 MILLAR;Alimentación;ABARROTES;ABARROTES 1ERA NECESIDAD;AZUCAR;BOL;29;2026-09-17
EDULCORANTE PERSONAL SODEXO 1 GR X MILLAR;Alimentación;ABARROTES;ABARROTES 1ERA NECESIDAD;AZUCAR;PQT;72.5;2025-06-15
EDULCORANTE STEVIA PERSONAL SODEXO 1 GR X MILLAR;Alimentación;ABARROTES;ABARROTES 1ERA NECESIDAD;AZUCAR;SCH;87.5;2022-10-21
AZUCAR RUBIA CARTAVIO 5 KG;Alimentación;ABARROTES;ABARROTES 1ERA NECESIDAD;AZUCAR;BOL;23.799641;2024-07-06
AZUCAR BLANCA SACO 50 KG;Alimentación;ABARROTES;ABARROTES 1ERA NECESIDAD;AZUCAR;SCO;177.63;2025-06-17
AZUCAR RUBIA SACO 50 KG;Alimentación;ABARROTES;ABARROTES 1ERA NECESIDAD;AZUCAR;SCO;135.816741;2026-10-01
AJINOMOTO 1 KG;Alimentación;ABARROTES;ABARROTES 2DA NECESIDAD;ESPECERIAS Y FRUTOS;BOL;13.38;2024-09-29
SALSA DE AJI CASERO TRESA 5 GR;Alimentación;ABARROTES;ABARROTES 2DA NECESIDAD;SALSAS;SCH;0.088;2022-11-07
FIDEO SPAGUETTI MOLITALIA 450 GR;Alimentación;ABARROTES;ABARROTES 1ERA NECESIDAD;FIDEOS;PQT;2.420072;2025-08-10
FIDEO SPAGUETTI DEL CIELO 500 GR;Alimentación;ABARROTES;ABARROTES 1ERA NECESIDAD;FIDEOS;PQT;1.564;2026-04-20
FIDEO CARACOL DEL CIELO 250 GR;Alimentación;ABARROTES;ABARROTES 1ERA NECESIDAD;FIDEOS;PQT;0.78;2026-09-17
FIDEO CANUTO GRANDE DEL CIELO 250 GR;Alimentación;ABARROTES;ABARROTES 1ERA NECESIDAD;FIDEOS;PQT;0.780056;2026-09-17
FIDEO CARACOL CHICO MOLITALIA 235 GR;Alimentación;ABARROTES;ABARROTES 1ERA NECESIDAD;FIDEOS;PQT;1.405;2024-08-24
FIDEO CANUTO MOLITALIA 235 GR;Alimentación;ABARROTES;ABARROTES 1ERA NECESIDAD;FIDEOS;PQT;1.211846;2025-01-01
FIDEO TORNILLO MOLITALIA 235 GR;Alimentación;ABARROTES;ABARROTES 1ERA NECESIDAD;FIDEOS;PQT;1.210005;2026-02-27
FIDEO MACARRON MOLITALIA 235 GR;Alimentación;ABARROTES;ABARROTES 1ERA NECESIDAD;FIDEOS;PQT;1.21;2025-04-18
FIDEO CODO MEDIANO RAYADO MOLITALIA 235 GR;Alimentación;ABARROTES;ABARROTES 1ERA NECESIDAD;FIDEOS;PQT;1.21;2026-02-16
FIDEO SPAGUETTI MOLITALIA 950 GR;Alimentación;ABARROTES;ABARROTES 1ERA NECESIDAD;FIDEOS;PQT;4.553;2026-09-17
SALSA SILLAU TRESA 4 LT;Alimentación;ABARROTES;ABARROTES 2DA NECESIDAD;SALSAS;GLN;11;2021-10-01
BEBIDA REHIDRATANTE FRUTILLA POWERADE 473 ML;Alimentación;BEBIDAS;SIN ALCOHOL;REHIDRATANTES;BOT;1.2;2023-09-06
FIDEO CANUTO MOLITALIA 250 GR;Alimentación;ABARROTES;ABARROTES 1ERA NECESIDAD;FIDEOS;PQT;1.21;2026-04-09
FIDEO TORNILLO MOLITALIA 250GR;Alimentación;ABARROTES;ABARROTES 1ERA NECESIDAD;FIDEOS;PQT;1.21;2026-09-17
FIDEO CODO MEDIANO RAYADO MOLITALIA 250GR;Alimentación;ABARROTES;ABARROTES 1ERA NECESIDAD;FIDEOS;PQT;1.21;2026-08-02
FIDEO SPAGUETTI MOLITALIA 500GR;Alimentación;ABARROTES;ABARROTES 1ERA NECESIDAD;FIDEOS;PQT;2.396;2026-05-21
KETCHUP TRESA 4 LT;Alimentación;ABARROTES;ABARROTES 2DA NECESIDAD;SALSAS;BLD;18;2021-02-14
MOSTAZA TRESA 4 KG;Alimentación;ABARROTES;ABARROTES 2DA NECESIDAD;SALSAS;BLD;16;2021-02-14
VINAGRE BLANCO TRESA 4 LT;Alimentación;ABARROTES;ABARROTES 2DA NECESIDAD;SALSAS;GLN;7.851701;2021-09-15
VINAGRE TINTO TRESA 4 LT;Alimentación;ABARROTES;ABARROTES 2DA NECESIDAD;SALSAS;GLN;7.977379;2021-09-15
SAL DE MESA (MARINA) EMSAL 1 KG;Alimentación;ABARROTES;ABARROTES 2DA NECESIDAD;ESPECERIAS Y FRUTOS;BOL;1.35;2023-03-07
SALSA INGLESA LEA PEARRINS 290 ML;Alimentación;ABARROTES;ABARROTES 2DA NECESIDAD;SALSAS;FCO;9.68;2018-08-19
SALSA TAUSI LEE KUN KEE 368 GR;Alimentación;ABARROTES;ABARROTES 2DA NECESIDAD;SALSAS;FCO;12.16;2018-09-05
GALLETA DULCE CHOCOLATE CHOMP 42/38 GR;Alimentación;ABARROTES;ABARROTES 2DA NECESIDAD;GOLOSINAS;PQT;0.791;2026-09-13
SALSA OSTION LEE KUN KEE 510/480 GR;Alimentación;ABARROTES;ABARROTES 2DA NECESIDAD;SALSAS;FCO;25.571176;2023-08-16
SALSA BARBECUE BBQ ORIGINAL HUNT 510 ML;Alimentación;ABARROTES;ABARROTES 2DA NECESIDAD;SALSAS;FCO;7.816;2019-11-07
MAYONESA ALACENA PERSONAL 10 GR (8CC);Alimentación;ABARROTES;ABARROTES 2DA NECESIDAD;SALSAS;SCH;0.24;2018-11-29
MANI TOSTADO PELADO TOÑA 1 KG;Alimentación;ABARROTES;ABARROTES 2DA NECESIDAD;ESPECERIAS Y FRUTOS;BOL;17.65;2026-09-17
MAYONESA HELLMANS PERSONAL 7.6 GR;Alimentación;ABARROTES;ABARROTES 2DA NECESIDAD;SALSAS;SCH;0.202;2026-02-27
KETCHUP B&D 4 LT;Alimentación;ABARROTES;ABARROTES 2DA NECESIDAD;SALSAS;BLD;16.51;2026-09-17
MOSTAZA B&D 4 KG;Alimentación;ABARROTES;ABARROTES 2DA NECESIDAD;SALSAS;BLD;15.33;2026-09-24
SAL PERSONAL SODEXO (0.5GR) 1 MILLAR;Alimentación;ABARROTES;ABARROTES 2DA NECESIDAD;ESPECERIAS Y FRUTOS;PQT;17.5;2026-09-17
SALSA MENSI KIKKO 350 ML PET;Alimentación;ABARROTES;ABARROTES 2DA NECESIDAD;SALSAS;BOT;6.591759;2024-03-03
FIDEO CANUTO (PLUMA) MOLITALIA 250 GR;Alimentación;ABARROTES;ABARROTES 1ERA NECESIDAD;FIDEOS;PQT;1.404;2023-07-05
FIDEO CARACOL CHICO MOLITALIA 250 GR;Alimentación;ABARROTES;ABARROTES 1ERA NECESIDAD;FIDEOS;PQT;1.055256;2022-07-30
FIDEO CORBATA MOLITALIA 250 GR;Alimentación;ABARROTES;ABARROTES 1ERA NECESIDAD;FIDEOS;PQT;0.852929;2019-04-11
FIDEO CODO RAYADO MOLITALIA 250 GR;Alimentación;ABARROTES;ABARROTES 1ERA NECESIDAD;FIDEOS;PQT;0.852;2019-12-17
FIDEO CODO RAYADO NICOLLINI 250 GR;Alimentación;ABARROTES;ABARROTES 1ERA NECESIDAD;FIDEOS;PQT;1.08;2019-04-11
FIDEO CANUTIN BENOTI 250 GR;Alimentación;ABARROTES;ABARROTES 1ERA NECESIDAD;FIDEOS;PQT;0.573;2019-08-16
FIDEO CARACOL CHICO BENOTI 250 GR;Alimentación;ABARROTES;ABARROTES 1ERA NECESIDAD;FIDEOS;PQT;0.645;2021-06-04
FIDEO CODO RAYADO BENOTI 250 GR;Alimentación;ABARROTES;ABARROTES 1ERA NECESIDAD;FIDEOS;PQT;0.573;2020-09-24
FIDEO CARACOL RAYADO BENOTI 250 GR;Alimentación;ABARROTES;ABARROTES 1ERA NECESIDAD;FIDEOS;PQT;0.59;2020-09-30
FIDEO CANUTO BENOTI 250 GR;Alimentación;ABARROTES;ABARROTES 1ERA NECESIDAD;FIDEOS;PQT;0.573;2019-12-17
FIDEO TORNILLO BENOTI 250 GR;Alimentación;ABARROTES;ABARROTES 1ERA NECESIDAD;FIDEOS;PQT;0.573;2019-08-16
FIDEO SPAGUETTI BENOTI 500 GR;Alimentación;ABARROTES;ABARROTES 1ERA NECESIDAD;FIDEOS;PQT;1.147;2019-08-16
FIDEO SPAGUETTI BENOTI 10 KG;Alimentación;ABARROTES;ABARROTES 1ERA NECESIDAD;FIDEOS;BOL;23.617;2020-06-16
FIDEO FETUCCINI C/HUEVO NICOLINI 500 GR;Alimentación;ABARROTES;ABARROTES 1ERA NECESIDAD;FIDEOS;PQT;3.444;2019-11-28
FIDEO MACARRON MOLITALIA 250 GR;Alimentación;ABARROTES;ABARROTES 1ERA NECESIDAD;FIDEOS;PQT;1.047;2022-03-27
LEVADURA INSTANTANEA LEVAPAN 500 GR;Alimentación;ABARROTES;ABARROTES 2DA NECESIDAD;REPOSTERIA;BOL;7.437;2022-02-05
MEJORADOR MASA SUPERPAN LEVAPAN 5 KG;Alimentación;ABARROTES;ABARROTES 2DA NECESIDAD;REPOSTERIA;BOL;23.529;2020-01-18
COBERTURA BLANCA 500 GR;Alimentación;ABARROTES;ABARROTES 2DA NECESIDAD;REPOSTERIA;CAJ;9.6;2021-12-30
JUGO DE MANZANA WATTS 200/180 ML;Alimentación;BEBIDAS;SIN ALCOHOL;JUGOS;CAJ;0.846667;2018-12-30
HARINA ESPECIAL DEL CIELO GRANEL SACO 50 KG;Alimentación;ABARROTES;ABARROTES 1ERA NECESIDAD;HARINAS;SCO;136.78;2026-09-17
KEKE BIMBOLETES VAINILLA 55 GR;Alimentación;ABARROTES;ABARROTES 2DA NECESIDAD;PASTELERIA;UND;1.19;2022-01-21
HARINA DE KIWICHA 5 KG - UNIDAD;Alimentación;ABARROTES;ABARROTES 1ERA NECESIDAD;HARINAS;BOL;83.33;2025-12-23
POLVO DE HORNEAR LEVAPAN 4 KG;Alimentación;ABARROTES;ABARROTES 2DA NECESIDAD;REPOSTERIA;BOL;24.23;2023-01-28
SEMOLA BENOTI 25 KG;Alimentación;ABARROTES;ABARROTES 1ERA NECESIDAD;HARINAS;BOL;116.53;2025-12-24
GELATINA DE LIMON UNIVERSAL 5 KG;Alimentación;ABARROTES;ABARROTES 2DA NECESIDAD;REPOSTERIA;BOL;38;2026-02-10
SEMOLA NICOLINI 10 KG;Alimentación;ABARROTES;ABARROTES 1ERA NECESIDAD;HARINAS;BOL;32.725;2020-04-08
COLORANTE AMARILLO (HUEVO) LEVAPAN 250 ML;Alimentación;ABARROTES;ABARROTES 2DA NECESIDAD;REPOSTERIA;FCO;7.21;2021-02-06
AZUCAR IMPALPABLE HONORA (LEVAPAN) 5 KG;Alimentación;ABARROTES;ABARROTES 2DA NECESIDAD;REPOSTERIA;BOL;22.27;2021-12-02
GELATINA DE FRESA UNIVERSAL 5 KG;Alimentación;ABARROTES;ABARROTES 2DA NECESIDAD;REPOSTERIA;BOL;38;2026-01-04
GRAJEA DE PANADERIA TOÑA 1 KG;Alimentación;ABARROTES;ABARROTES 2DA NECESIDAD;REPOSTERIA;BOL;8.82;2026-09-04
PECANA TOÑA 1 KG;Alimentación;ABARROTES;ABARROTES 2DA NECESIDAD;ESPECERIAS Y FRUTOS;BOL;85.29;2024-03-22
GELATINA DE NARANJA UNIVERSAL 5 KG;Alimentación;ABARROTES;ABARROTES 2DA NECESIDAD;REPOSTERIA;BOL;49.85;2019-02-01
COLORANTE FRATELLO CAJA 4 FCO;Alimentación;ABARROTES;ABARROTES 2DA NECESIDAD;REPOSTERIA;UND;10.83;2018-09-05
COCOA LA ABUELITA 160 GR;Alimentación;ABARROTES;ABARROTES 2DA NECESIDAD;DESAYUNOS;BOL;3.231429;2024-06-15
ESCENCIA DE VAINILLA NEGRITA 1 LT PET;Alimentación;ABARROTES;ABARROTES 2DA NECESIDAD;REPOSTERIA;BOT;8.461362;2021-12-21
CHUÑO POLVO TOÑA 1 KG;Alimentación;ABARROTES;ABARROTES 1ERA NECESIDAD;HARINAS;BOL;8.47;2026-09-17
CHUÑO NEGRO MOLIDO SAN JUAN MASIAS (EX BELEN) 5 KG;Alimentación;ABARROTES;ABARROTES 1ERA NECESIDAD;HARINAS;BOL;29.84;2026-09-02
CHUÑO (INGLES) POLVO SAN JUAN MASIAS 5 KG;Alimentación;ABARROTES;ABARROTES 1ERA NECESIDAD;HARINAS;BOL;41.84;2025-10-11
HARINA DE KIWICHA 5 KG;Alimentación;ABARROTES;ABARROTES 1ERA NECESIDAD;HARINAS;BOL;83.33;2026-09-13
MAICENA INGREDION 25 KG;Alimentación;ABARROTES;ABARROTES 1ERA NECESIDAD;HARINAS;BOL;109.03;2026-09-17
HARINA DE MAIZ INGREDION 25 KG;Alimentación;ABARROTES;ABARROTES 1ERA NECESIDAD;HARINAS;BOL;92.202;2026-09-24
HARINA DE SOYA SAN JUAN MASIAS 5 KG;Alimentación;ABARROTES;ABARROTES 1ERA NECESIDAD;HARINAS;BOL;44.89;2026-09-17
HARINA DE MACA SAN JUAN MASIAS (EX BELEN) 5 KG;Alimentación;ABARROTES;ABARROTES 1ERA NECESIDAD;HARINAS;BOL;83.8;2026-09-17
HARINA DE HABAS 5 KG;Alimentación;ABARROTES;ABARROTES 1ERA NECESIDAD;HARINAS;BOL;60.555151;2026-09-04
HARINA DE AVENA KUMARA 5 KG;Alimentación;ABARROTES;ABARROTES 1ERA NECESIDAD;HARINAS;BOL;52.25;2021-05-30
HARINA DE ARVEJA KUMARA 5 KG;Alimentación;ABARROTES;ABARROTES 1ERA NECESIDAD;HARINAS;BOL;48.89;2024-05-05
HARINA DE CHOCHOCA KUMARA 5 KG;Alimentación;ABARROTES;ABARROTES 1ERA NECESIDAD;HARINAS;BOL;67.78;2026-09-17
SALVADO DE TRIGO KUMARA 5 KG;Alimentación;ABARROTES;ABARROTES 1ERA NECESIDAD;HARINAS;BOL;40;2026-05-27
SEMOLA MOLITALIA 25 KG;Alimentación;ABARROTES;ABARROTES 1ERA NECESIDAD;HARINAS;BOL;108.59;2026-04-09
CHUÑO ENTERO BLANCO TOÑA 1 KG;Alimentación;ABARROTES;ABARROTES 1ERA NECESIDAD;HARINAS;BOL;27.06;2023-12-08
HARINA ESPECIAL EL MOLINO GRANEL;Alimentación;ABARROTES;ABARROTES 1ERA NECESIDAD;HARINAS;KG;1.688;2020-04-29
CHUÑO POLVO 4 ESTACIONES 1 KG;Alimentación;ABARROTES;ABARROTES 1ERA NECESIDAD;HARINAS;BOL;7.5;2024-09-08
CHUÑO ENTERO BLANCO 4 ESTACIONES 1 KG;Alimentación;ABARROTES;ABARROTES 1ERA NECESIDAD;HARINAS;BOL;21.3;2026-09-17
HARINA ESPECIAL EL MOLINO GRANEL SACO 50 KG;Alimentación;ABARROTES;ABARROTES 1ERA NECESIDAD;HARINAS;SCO;123.19;2025-11-07
HARINA ESPECIAL ANGELICA GRANEL SACO 50 KG;Alimentación;ABARROTES;ABARROTES 1ERA NECESIDAD;HARINAS;SCO;140.808403;2022-05-20
HARINA ESPECIAL NICOLINI SUR SACO 50 KG;Alimentación;ABARROTES;ABARROTES 1ERA NECESIDAD;HARINAS;SCO;125;2020-07-21
HARINA ESPECIAL NICOLINI SACO 50 KG;Alimentación;ABARROTES;ABARROTES 1ERA NECESIDAD;HARINAS;SCO;190.5;2023-03-24
HARINA DE 7 SEMILLAS LA NUESTRA 820 GR;Alimentación;ABARROTES;ABARROTES 1ERA NECESIDAD;HARINAS;BOL;10.47;2026-09-13
HARINA ESPECIAL DON ANGELO GRANEL 50 KG;Alimentación;ABARROTES;ABARROTES 1ERA NECESIDAD;HARINAS;SCO;141.459;2022-05-29
CHUÑO ENTERO NEGRO 4 ESTACIONES 1 KG;Alimentación;ABARROTES;ABARROTES 1ERA NECESIDAD;HARINAS;BOL;21;2024-07-26
PURE DE PAPAS KNORR 2 KG;Alimentación;ABARROTES;ABARROTES 2DA NECESIDAD;PREPARADOS;BOL;32.384912;2026-07-12
MEZCLA LACTEA LAIVE CREMOSA EN CAJA 480 GR;Alimentación;ABARROTES;ABARROTES 1ERA NECESIDAD;LECHES;CAJ;3.183;2023-11-03
LECHE EVAPORADA (CONCENTRADA) LAIVE BOLSITARRO 800 ML;Alimentación;ABARROTES;ABARROTES 1ERA NECESIDAD;LECHES;BOL;5.69;2026-09-17
MEZCLA LACTEA LAIVE NUTRILAC BOTELLA 390G;Alimentación;ABARROTES;ABARROTES 1ERA NECESIDAD;LECHES;BOT;2.870008;2025-10-09
MEZCLA LACTEA IDEAL AMANECER 390 GR;Alimentación;ABARROTES;ABARROTES 1ERA NECESIDAD;LECHES;LAT;2.733;2024-06-15
EVAPORADA LAIVE FAMILIA VITAMINIZADA EN CAJA 500 ML;Alimentación;ABARROTES;ABARROTES 1ERA NECESIDAD;LECHES;CAJ;2.287015;2021-06-04
LECHE EVAPORADA (CONCENTRADA) LAIVE BOLSITARRO 400 ML;Alimentación;ABARROTES;ABARROTES 1ERA NECESIDAD;LECHES;BOL;2.869221;2023-07-26
MEZCLA LACTEA VITAMINIZADA LAIVE 160 GR;Alimentación;ABARROTES;ABARROTES 1ERA NECESIDAD;LECHES;CAJ;1.2;2020-08-25
GALLETA DULCE VAINILLA NABISCO (FIELD) 37 GR;Alimentación;ABARROTES;ABARROTES 2DA NECESIDAD;GOLOSINAS;UND;0.714;2026-08-07
GALLETA SALADA CLUB SOCIAL NABISCO 26 GR;Alimentación;ABARROTES;ABARROTES 2DA NECESIDAD;GOLOSINAS;PQT;0.473;2022-11-30
CHOCOLATE RELLENO BON O BON;Alimentación;ABARROTES;ABARROTES 2DA NECESIDAD;GOLOSINAS;UND;0.73;2026-09-13
GALLETA DULCE VAINILLA TENTACION 45/43 GR;Alimentación;ABARROTES;ABARROTES 2DA NECESIDAD;GOLOSINAS;PQT;0.609106;2022-02-01
GALLETA DULCE CHOCOLATE TENTACION 45/43 GR;Alimentación;ABARROTES;ABARROTES 2DA NECESIDAD;GOLOSINAS;PQT;0.79;2026-09-13
GALLETA DULCE CHOCOLATE GLACITAS 32 GR ( 23434);Alimentación;ABARROTES;ABARROTES 2DA NECESIDAD;GOLOSINAS;PQT;0.86;2026-06-12
BISCOCHO CHOCMAN COSTA 30 GR;Alimentación;ABARROTES;ABARROTES 2DA NECESIDAD;PASTELERIA;UND;0.424;2022-05-17
CARAMELO CON LOGO SODEXO 100 UNID;Alimentación;ABARROTES;ABARROTES 2DA NECESIDAD;GOLOSINAS;BOL;8.5;2025-07-18
GALLETA DULCE NARANJA CHOMP 38 GR;Alimentación;ABARROTES;ABARROTES 2DA NECESIDAD;GOLOSINAS;PQT;0.778;2026-06-12
GALLETA DULCE VAINILLA MARGARITA;Alimentación;ABARROTES;ABARROTES 2DA NECESIDAD;GOLOSINAS;PQT;0.46;2019-01-12
GALLETA RELLENA FRESA CASINO 51/43 GR;Alimentación;ABARROTES;ABARROTES 2DA NECESIDAD;GOLOSINAS;PQT;0.79;2026-09-13
GALLETA RELLENA LUCUMA CASINO 51/43 GR;Alimentación;ABARROTES;ABARROTES 2DA NECESIDAD;GOLOSINAS;PQT;0.79;2026-09-13
GALLETA RELLENA VAINILLA CASINO 51/43 GR;Alimentación;ABARROTES;ABARROTES 2DA NECESIDAD;GOLOSINAS;PQT;0.79;2026-05-21
PAPA SECA VALLE NORTE 500 GR;Alimentación;ABARROTES;ABARROTES 1ERA NECESIDAD;MENESTRAS;BOL;5.949;2026-09-02
LENTEJA CRIMSON CANTA CLARO 5 KG;Alimentación;ABARROTES;ABARROTES 1ERA NECESIDAD;MENESTRAS;BOL;30.82661;2026-09-17
TRIGO PELADO CANTA CLARO 5 KG - UNIDAD;Alimentación;ABARROTES;ABARROTES 1ERA NECESIDAD;MENESTRAS;BOL;27.12;2025-12-23
PALLAR COSECHA ANDINA 5 KG;Alimentación;ABARROTES;ABARROTES 1ERA NECESIDAD;MENESTRAS;BOL;54.570713;2026-09-17
MAIZ MOTE MOLINOS DEL SOL 5 KG;Alimentación;ABARROTES;ABARROTES 1ERA NECESIDAD;MENESTRAS;BOL;68.24;2026-09-17
GALLETA DULCE NARANJA TENTACION 45/43 GR;Alimentación;ABARROTES;ABARROTES 2DA NECESIDAD;GOLOSINAS;PQT;0.45;2018-11-29
CANCHA FRITA TOÑA 1 KG;Alimentación;ABARROTES;ABARROTES 2DA NECESIDAD;SNACKS;BOL;17.06;2026-09-17
CHOCOLATE STICK SUBLIME 14 GR;Alimentación;ABARROTES;ABARROTES 2DA NECESIDAD;GOLOSINAS;UND;0.686;2019-08-03
GALLETA DULCE FRESA GLACITAS 32 GR;Alimentación;ABARROTES;ABARROTES 2DA NECESIDAD;GOLOSINAS;PQT;0.86;2026-05-21
GALLETA RELLENA ALFAJOR CASINO 51 GR;Alimentación;ABARROTES;ABARROTES 2DA NECESIDAD;GOLOSINAS;PQT;0.56;2019-02-28
GALLETA DULCE TOFFE GLACITAS 32 GR;Alimentación;ABARROTES;ABARROTES 2DA NECESIDAD;GOLOSINAS;PQT;0.86;2026-09-02
GALLETA DULCE CHOCONIEVE GLACITAS 32 GR (23444);Alimentación;ABARROTES;ABARROTES 2DA NECESIDAD;GOLOSINAS;PQT;0.55;2018-12-07
GALLETA DE AGUA COSTA LIGHT (LINE) 44 GR;Alimentación;ABARROTES;ABARROTES 2DA NECESIDAD;GOLOSINAS;PQT;0.43;2022-02-05
GALLETA INTEGRAL CLUB SOCIAL NABISCO 26 GR;Alimentación;ABARROTES;ABARROTES 2DA NECESIDAD;GOLOSINAS;PQT;0.52;2021-03-13
CHUPETE CHUPETIN COLORADO (TUTTI FRUTI) AMBROSOLI (24 UNID);Alimentación;ABARROTES;ABARROTES 2DA NECESIDAD;GOLOSINAS;BOL;5.02;2025-06-15
CARAMELO AMBROSOLI GAJOS DE LIMON 100 UND;Alimentación;ABARROTES;ABARROTES 2DA NECESIDAD;GOLOSINAS;BOL;4.221;2025-07-18
CARAMELO CHICHA MORADA ARCOR 100 UND;Alimentación;ABARROTES;ABARROTES 2DA NECESIDAD;GOLOSINAS;BOL;7.59;2025-05-14
MANI SALADO KARINTO 20 GR;Alimentación;ABARROTES;ABARROTES 2DA NECESIDAD;SNACKS;BOL;0.38;2020-05-28
GALLETA RELLENA COCO CASINO 51/43 GR;Alimentación;ABARROTES;ABARROTES 2DA NECESIDAD;GOLOSINAS;PQT;0.56;2019-02-28
GALLETA SALADA DE SODA DIA 250 GR;Alimentación;ABARROTES;ABARROTES 2DA NECESIDAD;GOLOSINAS;PQT;1.066;2020-11-27
GALLETA DULCE VAINILLA DIA 250 GR;Alimentación;ABARROTES;ABARROTES 2DA NECESIDAD;GOLOSINAS;PQT;1.19;2020-12-17
ARVEJA VERDE 1 KG;Alimentación;REFRIGERADOS;FRUTAS Y VERDURAS;VERDURAS;KG;4.07;2018-10-29
MORON AMERICANO KOMILON 5 KG;Alimentación;ABARROTES;ABARROTES 1ERA NECESIDAD;MENESTRAS;BOL;30.192447;2025-09-22
PAPA SECA KOMILON 5 KG;Alimentación;ABARROTES;ABARROTES 1ERA NECESIDAD;MENESTRAS;BOL;28.240647;2023-02-09
QUINUA KOMILON 5 KG;Alimentación;ABARROTES;ABARROTES 1ERA NECESIDAD;MENESTRAS;BOL;32.96;2022-09-10
TRIGO MOTE KOMILON 5 KG;Alimentación;ABARROTES;ABARROTES 1ERA NECESIDAD;MENESTRAS;BOL;18.8716;2022-02-18
ARVEJA VERDE PARTIDA KOMILON 5 KG;Alimentación;ABARROTES;ABARROTES 1ERA NECESIDAD;MENESTRAS;BOL;27.776;2022-12-08
MAIZ POP CORN KOMILON 5 KG;Alimentación;ABARROTES;ABARROTES 1ERA NECESIDAD;MENESTRAS;BOL;30.589;2024-02-17
ARVEJA VERDE PARTIDA KOMILON 500 GR;Alimentación;ABARROTES;ABARROTES 1ERA NECESIDAD;MENESTRAS;BOL;3.45;2025-11-02
QUINUA KOMILON 500 GR;Alimentación;ABARROTES;ABARROTES 1ERA NECESIDAD;MENESTRAS;BOL;4.4;2023-06-08
QUINUA CANTA CLARO 5 KG;Alimentación;ABARROTES;ABARROTES 1ERA NECESIDAD;MENESTRAS;BOL;60.984632;2026-09-17
LENTEJA CANTA CLARO 5 KG;Alimentación;ABARROTES;ABARROTES 1ERA NECESIDAD;MENESTRAS;BOL;45;2024-06-15
TRIGO MOTE CANTA CLARO 5 KG;Alimentación;ABARROTES;ABARROTES 1ERA NECESIDAD;MENESTRAS;BOL;23.73;2025-04-03
MORON AMERICANO CANTA CLARO 5 KG;Alimentación;ABARROTES;ABARROTES 1ERA NECESIDAD;MENESTRAS;BOL;29.3;2026-09-17
ARVEJA VERDE PARTIDA CANTA CLARO 5 KG;Alimentación;ABARROTES;ABARROTES 1ERA NECESIDAD;MENESTRAS;BOL;28;2025-01-23
FRIJOL CANARIO CANTA CLARO 5 KG;Alimentación;ABARROTES;ABARROTES 1ERA NECESIDAD;MENESTRAS;BOL;54;2026-09-02
MAIZ CANCHA CANTA CLARO 5 KG;Alimentación;ABARROTES;ABARROTES 1ERA NECESIDAD;MENESTRAS;BOL;57.62;2026-09-17
PAPA SECA CANTA CLARO 5 KG;Alimentación;ABARROTES;ABARROTES 1ERA NECESIDAD;MENESTRAS;BOL;62.71;2023-12-20
MAIZ MOTE CANTA CLARO 5 KG;Alimentación;ABARROTES;ABARROTES 1ERA NECESIDAD;MENESTRAS;BOL;76.27;2025-08-07
TRIGO PELADO CANTA CLARO 5 KG;Alimentación;ABARROTES;ABARROTES 1ERA NECESIDAD;MENESTRAS;BOL;29.942685;2026-09-17
MAIZ POP CORN LA SERRANITA 5 KG;Alimentación;ABARROTES;ABARROTES 1ERA NECESIDAD;MENESTRAS;BOL;16.61;2020-05-24
PAPA SECA LA SERRANITA 3 KG;Alimentación;ABARROTES;ABARROTES 1ERA NECESIDAD;MENESTRAS;BOL;20.022077;2019-05-01
TRIGO MOTE LA SERRANITA 5 KG;Alimentación;ABARROTES;ABARROTES 1ERA NECESIDAD;MENESTRAS;BOL;17.734757;2019-04-20
QUINUA LA SERRANITA 5 KG;Alimentación;ABARROTES;ABARROTES 1ERA NECESIDAD;MENESTRAS;BOL;60.51;2020-04-22
MORON AMERICANO LA SERRANITA 5 KG;Alimentación;ABARROTES;ABARROTES 1ERA NECESIDAD;MENESTRAS;BOL;18.272072;2019-12-29
MAIZ CANCHA VALLESOL 5 KG;Alimentación;ABARROTES;ABARROTES 1ERA NECESIDAD;MENESTRAS;BOL;44.49;2018-08-09
MORON AMERICANO VALLESOL 5 KG;Alimentación;ABARROTES;ABARROTES 1ERA NECESIDAD;MENESTRAS;BOL;17.9;2018-10-18
PAPA SECA VALLESOL 5 KG;Alimentación;ABARROTES;ABARROTES 1ERA NECESIDAD;MENESTRAS;BOL;23.59;2018-09-05
QUINUA VALLESOL 5 KG;Alimentación;ABARROTES;ABARROTES 1ERA NECESIDAD;MENESTRAS;BOL;31.13;2018-08-19
TRIGO MOTE VALLESOL 5 KG;Alimentación;ABARROTES;ABARROTES 1ERA NECESIDAD;MENESTRAS;BOL;18.64;2018-10-18
TRIGO PELADO VALLESOL 5 KG;Alimentación;ABARROTES;ABARROTES 1ERA NECESIDAD;MENESTRAS;BOL;17.31;2018-09-24
MAIZ MOTE VALLESOL 5 KG;Alimentación;ABARROTES;ABARROTES 1ERA NECESIDAD;MENESTRAS;BOL;42.372;2018-07-18
MORON AMERICANO CANTA CLARO 500 GR;Alimentación;ABARROTES;ABARROTES 1ERA NECESIDAD;MENESTRAS;BOL;2.57;2020-10-16
BOLSAS PAPEL POLIGRASA 50 X 70;Alimentación;DESCARTABLES;PLASTICOS;BOLSAS;RSM;22;2026-09-04
CUCHARA ACRILICO DESCARTABLE 100 UND;Alimentación;DESCARTABLES;PLASTICOS;CUBIERTOS;PQT;12.69271;2026-02-12
CUCHARA PARA CAFE BLANCA DE PLASTICO DESCARTABLE 100 UNID;Alimentación;DESCARTABLES;PLASTICOS;CUBIERTOS;PQT;1.95;2024-03-22
CUCHARA PARA SOPA BLANCA DE PLASTICO DESCARTABLE D841100XX 100 UND;Alimentación;DESCARTABLES;PLASTICOS;CUBIERTOS;PQT;9.9;2023-06-20
CUCHILLO PARA SEGUNDO BLANCO DE PLASTICO DESCARTABLE 100 UNID;Alimentación;DESCARTABLES;PLASTICOS;CUBIERTOS;PQT;6.673;2024-09-08
CUCHILLO ACRILICO DESCARTABLE 100 UND;Alimentación;DESCARTABLES;PLASTICOS;CUBIERTOS;PQT;11.449844;2026-02-12
TENEDOR ACRILICO DESCARTABLE 100 UND;Alimentación;DESCARTABLES;PLASTICOS;CUBIERTOS;PQT;11.997;2026-02-12
AJI LIMO;Alimentación;REFRIGERADOS;FRUTAS Y VERDURAS;VERDURAS;KG;7.5;2026-09-04
ALBAHACA;Alimentación;REFRIGERADOS;FRUTAS Y VERDURAS;VERDURAS;KG;5.53;2026-09-26
APIO;Alimentación;REFRIGERADOS;FRUTAS Y VERDURAS;VERDURAS;KG;3.8;2026-09-26
CAMOTE AMARILLO;Alimentación;REFRIGERADOS;FRUTAS Y VERDURAS;VERDURAS;KG;2;2026-09-26
CEBOLLA ROJA;Alimentación;REFRIGERADOS;FRUTAS Y VERDURAS;VERDURAS;KG;3.33;2026-09-26
CEBOLLA CHINA;Alimentación;REFRIGERADOS;FRUTAS Y VERDURAS;VERDURAS;KG;5.26;2026-09-26
CHOCLO BLANCO;Alimentación;REFRIGERADOS;FRUTAS Y VERDURAS;VERDURAS;KG;7.74;2026-09-26
COL;Alimentación;REFRIGERADOS;FRUTAS Y VERDURAS;VERDURAS;KG;2.8;2026-09-26
CULANTRO;Alimentación;REFRIGERADOS;FRUTAS Y VERDURAS;VERDURAS;KG;5.53;2026-09-26
KION;Alimentación;REFRIGERADOS;FRUTAS Y VERDURAS;VERDURAS;KG;5.53;2026-09-26
LECHUGA ORGANICA;Alimentación;REFRIGERADOS;FRUTAS Y VERDURAS;VERDURAS;KG;6.5;2025-06-19
NABO;Alimentación;REFRIGERADOS;FRUTAS Y VERDURAS;VERDURAS;KG;3.88;2026-08-23
PAPA BLANCA;Alimentación;REFRIGERADOS;FRUTAS Y VERDURAS;VERDURAS;KG;2.5;2026-09-26
PEPINILLO;Alimentación;REFRIGERADOS;FRUTAS Y VERDURAS;VERDURAS;KG;3.99;2026-09-26
PEREJIL;Alimentación;REFRIGERADOS;FRUTAS Y VERDURAS;VERDURAS;KG;5.6;2026-09-26
PIMIENTO ROJO;Alimentación;REFRIGERADOS;FRUTAS Y VERDURAS;VERDURAS;KG;7.5;2026-09-26
PORO;Alimentación;REFRIGERADOS;FRUTAS Y VERDURAS;VERDURAS;KG;5.47;2026-09-26
RABANITO;Alimentación;REFRIGERADOS;FRUTAS Y VERDURAS;VERDURAS;KG;5.71;2026-09-26
TOMATE;Alimentación;REFRIGERADOS;FRUTAS Y VERDURAS;VERDURAS;KG;4.3;2026-09-26
ZANAHORIA;Alimentación;REFRIGERADOS;FRUTAS Y VERDURAS;VERDURAS;KG;2.5;2026-09-26
ZAPALLITO ITALIANO;Alimentación;REFRIGERADOS;FRUTAS Y VERDURAS;VERDURAS;KG;4.84;2026-09-26
ROCOTO;Alimentación;REFRIGERADOS;FRUTAS Y VERDURAS;VERDURAS;KG;6.5;2026-09-26
HUACATAY;Alimentación;REFRIGERADOS;FRUTAS Y VERDURAS;VERDURAS;KG;5;2026-09-26
BERENJENA;Alimentación;REFRIGERADOS;FRUTAS Y VERDURAS;VERDURAS;KG;4.5;2024-12-15
AJI AMARILLO X KG;Alimentación;REFRIGERADOS;FRUTAS Y VERDURAS;VERDURAS;KG;5.5;2026-09-26
COL CHINA;Alimentación;REFRIGERADOS;FRUTAS Y VERDURAS;VERDURAS;KG;4.8;2026-09-26
FIDEO CHINO;Alimentación;REFRIGERADOS;FRUTAS Y VERDURAS;VERDURAS;KG;5.76;2026-09-26
PAPA AMARILLA;Alimentación;REFRIGERADOS;FRUTAS Y VERDURAS;VERDURAS;KG;6.5;2026-09-26
HABA VERDE;Alimentación;REFRIGERADOS;FRUTAS Y VERDURAS;VERDURAS;KG;2.7;2026-09-26
BETERRAGA FRESCA;Alimentación;REFRIGERADOS;FRUTAS Y VERDURAS;VERDURAS;KG;1.93;2026-09-26
VAINITA FRESCA;Alimentación;REFRIGERADOS;FRUTAS Y VERDURAS;VERDURAS;KG;6.22;2026-02-16
ESPINACA FRESCA;Alimentación;REFRIGERADOS;FRUTAS Y VERDURAS;VERDURAS;KG;5.33;2026-09-26
FRIJOL CHINO;Alimentación;REFRIGERADOS;FRUTAS Y VERDURAS;VERDURAS;KG;5.23;2026-09-26
YUCA;Alimentación;REFRIGERADOS;FRUTAS Y VERDURAS;VERDURAS;KG;2.71;2018-12-20
OLLUQUITO FRESCO;Alimentación;REFRIGERADOS;FRUTAS Y VERDURAS;VERDURAS;KG;8.5;2026-09-26
ZAPALLO MACRE;Alimentación;REFRIGERADOS;FRUTAS Y VERDURAS;VERDURAS;KG;2.5;2026-09-26
CAIHUA * KG;Alimentación;REFRIGERADOS;FRUTAS Y VERDURAS;VERDURAS;KG;5;2026-09-04
CALABAZA;Alimentación;REFRIGERADOS;FRUTAS Y VERDURAS;VERDURAS;KG;3.59;2026-09-26
CHINCHO;Alimentación;REFRIGERADOS;FRUTAS Y VERDURAS;VERDURAS;KG;4.8;2022-10-28
CEBOLLA BLANCA;Alimentación;REFRIGERADOS;FRUTAS Y VERDURAS;VERDURAS;KG;2.85305;2025-10-01
PLATANO DE ISLA;Alimentación;REFRIGERADOS;FRUTAS Y VERDURAS;FRUTAS;KG;4.2;2026-08-24
ROCOTO P/ RELLENO;Alimentación;REFRIGERADOS;FRUTAS Y VERDURAS;VERDURAS;UND;1.8;2026-09-03
PANCA DE CHOCLO;Alimentación;REFRIGERADOS;FRUTAS Y VERDURAS;VERDURAS;KG;3.4;2020-02-28
PALTA;Alimentación;REFRIGERADOS;FRUTAS Y VERDURAS;VERDURAS;KG;10;2026-09-26
MELON;Alimentación;REFRIGERADOS;FRUTAS Y VERDURAS;FRUTAS;KG;4.5;2026-09-04
INFUSION CEDRON 4 ESTACIONES 50 GRM;Alimentación;ABARROTES;ABARROTES 2DA NECESIDAD;DESAYUNOS;BOL;2.8;2026-03-08
CHOCOLATE PARA TAZA REAL WINTERS 90 GR;Alimentación;ABARROTES;ABARROTES 2DA NECESIDAD;DESAYUNOS;UND;2.31;2024-06-24
CAFE INSTANTANEO NESCAFE TRADICION STICK 2 GR;Alimentación;ABARROTES;ABARROTES 2DA NECESIDAD;DESAYUNOS;UND;0.27;2026-06-12
CHOCOLATE PARA TAZA SOL DEL CUSCO 90 GR (EMER);Alimentación;ABARROTES;ABARROTES 2DA NECESIDAD;DESAYUNOS;UND;2.41;2026-01-01
CHOCOLATE PARA TAZA SOL DEL CUZCO 300 GR (E);Alimentación;ABARROTES;ABARROTES 2DA NECESIDAD;DESAYUNOS;UND;12.5;2024-07-06
MERMELADA FRESA GLORIA DOYPACK 700 GR;Alimentación;ABARROTES;ABARROTES 2DA NECESIDAD;DESAYUNOS;SCH;6.89;2026-09-17
COCOA LA ABUELITA 150 GR;Alimentación;ABARROTES;ABARROTES 2DA NECESIDAD;DESAYUNOS;BOL;3.38;2024-08-18
SIROPE DE MAPLE LAIVE 355 ML;Alimentación;ABARROTES;ABARROTES 2DA NECESIDAD;DESAYUNOS;FCO;5.09;2026-02-16
COCOA LA ABUELITA WINTERS 150 GR;Alimentación;ABARROTES;ABARROTES 2DA NECESIDAD;DESAYUNOS;BOL;3.38;2026-09-02
CHOCOLATE PARA TAZA CANELA Y CLAVO WINTERS 80 GR;Alimentación;ABARROTES;ABARROTES 2DA NECESIDAD;DESAYUNOS;UND;1.691;2026-08-07
CAFE MOLIDO SELLO ROJO 425 GR;Alimentación;ABARROTES;ABARROTES 2DA NECESIDAD;DESAYUNOS;BOL;16.02;2025-11-23
CAFE MOLIDO SELLO ROJO 850 GR;Alimentación;ABARROTES;ABARROTES 2DA NECESIDAD;DESAYUNOS;BOL;30.65;2025-11-23
CAFE INSTANTANEO KIRMA NESTLE 180 GR;Alimentación;ABARROTES;ABARROTES 2DA NECESIDAD;DESAYUNOS;UND;18.3694;2026-09-02
MIEL DE ABEJA KUMARA FOOD 5 KG;Alimentación;ABARROTES;ABARROTES 2DA NECESIDAD;DESAYUNOS;BID;78.23;2019-03-08
INFUSION TE CANELA Y CLAVO DEL VALLE 100 SOBRES;Alimentación;ABARROTES;ABARROTES 2DA NECESIDAD;DESAYUNOS;CAJ;5.15;2026-09-02
INFUSION TE PURO DEL VALLE 100 SOBRES;Alimentación;ABARROTES;ABARROTES 2DA NECESIDAD;DESAYUNOS;CAJ;5.15;2026-09-02
INFUSION MANZANILLA DEL VALLE 100 SOBRES;Alimentación;ABARROTES;ABARROTES 2DA NECESIDAD;DESAYUNOS;CAJ;4.36;2026-09-02
INFUSION TE BOLDO DEL VALLE 100 SOBRES;Alimentación;ABARROTES;ABARROTES 2DA NECESIDAD;DESAYUNOS;CAJ;6.23;2026-09-02
INFUSION UÑA DE GATO DEL VALLE 100 SOBRES;Alimentación;ABARROTES;ABARROTES 2DA NECESIDAD;DESAYUNOS;CAJ;6.23;2026-02-27
INFUSION ANIS DEL VALLE 100 SOBRES;Alimentación;ABARROTES;ABARROTES 2DA NECESIDAD;DESAYUNOS;CAJ;4.36;2026-09-02
INFUSION HIERBA LUISA DEL VALLE 100 SOBRES;Alimentación;ABARROTES;ABARROTES 2DA NECESIDAD;DESAYUNOS;CAJ;4.36;2026-09-02
INFUSION MATE DE COCA DEL VALLE 100 SOBRES;Alimentación;ABARROTES;ABARROTES 2DA NECESIDAD;DESAYUNOS;CAJ;6.14;2021-05-27
CAFE INSTANTANEO NESCAFE CLASICO STICK 2 GR;Alimentación;ABARROTES;ABARROTES 2DA NECESIDAD;DESAYUNOS;UND;0.157;2020-08-12
CHOCOLATE PARA TAZA CUZCO REAL 90/80 GR;Alimentación;ABARROTES;ABARROTES 2DA NECESIDAD;DESAYUNOS;UND;0.98;2018-11-08
CAFE TIPO EXTRA SUPERIOR VALENZUELA 1 KG;Alimentación;ABARROTES;ABARROTES 2DA NECESIDAD;DESAYUNOS;KG;12.13;2019-07-25
MERMELADA FRESA GLORIA DOYPACK X 900 GR;Alimentación;ABARROTES;ABARROTES 2DA NECESIDAD;DESAYUNOS;SCH;5.672;2020-07-10
CAFE MOLIDO STANDAR RISSO GRANEL 500 GR;Alimentación;ABARROTES;ABARROTES 2DA NECESIDAD;DESAYUNOS;BOL;24.153;2025-12-07
CAFE INSTANTANEO KIRMA NESTLE 190 GR;Alimentación;ABARROTES;ABARROTES 2DA NECESIDAD;DESAYUNOS;UND;19.811;2025-10-09
MERMELADA FRESA TRES ESPADAS 16 GR;Alimentación;ABARROTES;ABARROTES 2DA NECESIDAD;DESAYUNOS;BLI;0.225;2021-06-04
MERMELADA NARANJA TRES ESPADAS 16 GR;Alimentación;ABARROTES;ABARROTES 2DA NECESIDAD;DESAYUNOS;BLI;0.225;2021-07-08
MERMELADA SAUCO TRES ESPADAS 16 GR;Alimentación;ABARROTES;ABARROTES 2DA NECESIDAD;DESAYUNOS;BLI;0.248;2022-02-05
INFUSION ANIS 4 ESTACIONES 50 GRM;Alimentación;ABARROTES;ABARROTES 2DA NECESIDAD;DESAYUNOS;BOL;1.85;2026-09-02
INFUSION TE NEGRO 4 ESTACIONES 50 GRM;Alimentación;ABARROTES;ABARROTES 2DA NECESIDAD;DESAYUNOS;BOL;1.66;2026-06-12
INFUSION MANZANILLA 4 ESTACIONES 50 GRM;Alimentación;ABARROTES;ABARROTES 2DA NECESIDAD;DESAYUNOS;BOL;1.77;2026-09-02
INFUSION HIERBA LUISA 4 ESTACIONES 50 GRM;Alimentación;ABARROTES;ABARROTES 2DA NECESIDAD;DESAYUNOS;BOL;1.84;2026-06-22
CEREAL BAR CHOCOCEREAL COSTA 18/21 GR;Alimentación;ABARROTES;ABARROTES 2DA NECESIDAD;DESAYUNOS;BAR;0.503;2022-12-17
CEREAL BAR CHIP COSTA 18/21 GR;Alimentación;ABARROTES;ABARROTES 2DA NECESIDAD;DESAYUNOS;BAR;0.503;2026-09-17
CEREAL BAR GOLDEN COSTA 21/18 GR;Alimentación;ABARROTES;ABARROTES 2DA NECESIDAD;DESAYUNOS;BAR;0.477;2022-07-16
CEREAL BAR DURAZNO COSTA 18 GR;Alimentación;ABARROTES;ABARROTES 2DA NECESIDAD;DESAYUNOS;BAR;0.501;2022-12-17
CEREAL BAR MANZANA CANELA COSTA 18 GR;Alimentación;ABARROTES;ABARROTES 2DA NECESIDAD;DESAYUNOS;BAR;0.363;2019-03-20
BARRA DE QUINUA PRODUCTOS ANDINOS 40 GR;Alimentación;ABARROTES;ABARROTES 2DA NECESIDAD;DESAYUNOS;UND;0.91;2023-11-05
CEREAL BAR ARANDANOS COSTA 18 GR;Alimentación;ABARROTES;ABARROTES 2DA NECESIDAD;DESAYUNOS;BAR;0.501;2023-01-07
BARRA DE QUINUA GRANOLIN 25 GR;Alimentación;ABARROTES;ABARROTES 2DA NECESIDAD;DESAYUNOS;UND;0.84;2026-09-13
MERMELADA FRESA GLORIA DOYPACK 800 GR;Alimentación;ABARROTES;ABARROTES 2DA NECESIDAD;DESAYUNOS;SCH;6.89;2024-05-26
CHOCOLATE PARA TAZA TRADICIONAL WINTERS 80 GR;Alimentación;ABARROTES;ABARROTES 2DA NECESIDAD;DESAYUNOS;UND;1.224982;2023-08-16
MERMELADA FRESA TRES ESPADAS 14 GR;Alimentación;ABARROTES;ABARROTES 2DA NECESIDAD;DESAYUNOS;BLI;0.26;2026-09-17
MERMELADA NARANJA TRES ESPADAS 14 GR;Alimentación;ABARROTES;ABARROTES 2DA NECESIDAD;DESAYUNOS;BLI;0.27;2026-06-22
MERMELADA SAUCO TRES ESPADAS 14 GR;Alimentación;ABARROTES;ABARROTES 2DA NECESIDAD;DESAYUNOS;BLI;0.28;2024-06-15
LIMON VERDE EXTRA;Alimentación;REFRIGERADOS;FRUTAS Y VERDURAS;VERDURAS;KG;4.5;2026-09-26
MANZANA DELICIA;Alimentación;REFRIGERADOS;FRUTAS Y VERDURAS;FRUTAS;KG;7;2024-12-12
MANZANA ROJA IMPORTADA;Alimentación;REFRIGERADOS;FRUTAS Y VERDURAS;FRUTAS;KG;7.79;2026-09-26
MANZANA VERDE IMPORTADA;Alimentación;REFRIGERADOS;FRUTAS Y VERDURAS;FRUTAS;KG;6.16;2025-05-09
MARACUYA;Alimentación;REFRIGERADOS;FRUTAS Y VERDURAS;FRUTAS;KG;4.24;2023-06-15
NARANJA PARA MESA;Alimentación;REFRIGERADOS;FRUTAS Y VERDURAS;FRUTAS;KG;5.36;2026-09-13
NARANJA PARA JUGO;Alimentación;REFRIGERADOS;FRUTAS Y VERDURAS;FRUTAS;KG;2.77;2026-09-26
PAPAYA;Alimentación;REFRIGERADOS;FRUTAS Y VERDURAS;FRUTAS;KG;4.5;2026-09-26
PERA PACKHAMS IMPORTADA;Alimentación;REFRIGERADOS;FRUTAS Y VERDURAS;FRUTAS;KG;8.5;2026-09-26
PIÑA;Alimentación;REFRIGERADOS;FRUTAS Y VERDURAS;FRUTAS;KG;3.33;2026-09-26
PLATANO DE SEDA;Alimentación;REFRIGERADOS;FRUTAS Y VERDURAS;FRUTAS;KG;5;2026-09-26
SANDIA;Alimentación;REFRIGERADOS;FRUTAS Y VERDURAS;FRUTAS;KG;3.03;2026-09-26
UVA NEGRA;Alimentación;REFRIGERADOS;FRUTAS Y VERDURAS;FRUTAS;KG;7.74;2026-09-26
MEMBRILLO;Alimentación;REFRIGERADOS;FRUTAS Y VERDURAS;FRUTAS;KG;6.5;2026-09-26
COCONA;Alimentación;REFRIGERADOS;FRUTAS Y VERDURAS;FRUTAS;KG;5.95;2022-12-09
PLATANO DE FREIR (BELLACO);Alimentación;REFRIGERADOS;FRUTAS Y VERDURAS;FRUTAS;KG;4.2;2026-09-24
CIRUELA CHILENA;Alimentación;REFRIGERADOS;FRUTAS Y VERDURAS;FRUTAS;KG;8.33;2025-03-07
GRANADILLA;Alimentación;REFRIGERADOS;FRUTAS Y VERDURAS;FRUTAS;KG;7.5;2026-09-26
DURAZNO;Alimentación;REFRIGERADOS;FRUTAS Y VERDURAS;FRUTAS;KG;8;2021-04-24
UVA RED GLOBE;Alimentación;REFRIGERADOS;FRUTAS Y VERDURAS;FRUTAS;KG;5.9;2019-02-11
MANZANA VERDE PARA JUGO;Alimentación;REFRIGERADOS;FRUTAS Y VERDURAS;FRUTAS;KG;4.17;2026-09-26
PULPA DE FRESA CONGELADO;Alimentación;CONGELADOS;FRUTAS Y VERDURAS;PULPAS;KG;8.13245;2026-10-01
PULPA DE MANGO CONGELADO;Alimentación;CONGELADOS;FRUTAS Y VERDURAS;PULPAS;KG;6.873;2026-02-12
PULPA DE PIÑA CONGELADO;Alimentación;CONGELADOS;FRUTAS Y VERDURAS;PULPAS;KG;8.05;2021-01-16
PULPA DE MARACUYA CONGELADO;Alimentación;CONGELADOS;FRUTAS Y VERDURAS;PULPAS;KG;10.302751;2022-11-03
PULPA DE PAPAYA CONGELADO;Alimentación;CONGELADOS;FRUTAS Y VERDURAS;PULPAS;KG;8.011187;2026-10-01
TUNAS;Alimentación;REFRIGERADOS;FRUTAS Y VERDURAS;FRUTAS;KG;5;2026-09-26
CREMA DE CHAMPIÑONES MACROFOODS 1 KG;Alimentación;ABARROTES;ABARROTES 2DA NECESIDAD;PREPARADOS;BOL;18.9;2026-08-13
PURÉ DE CAMOTE RAM 1 KG;Alimentación;ABARROTES;ABARROTES 2DA NECESIDAD;PREPARADOS;BOL;9.69;2022-12-29
PURE DE PAPAS KNORR 2 KG- UNIDAD;Alimentación;ABARROTES;ABARROTES 2DA NECESIDAD;PREPARADOS;BOL;31.26;2025-12-23
PASTA DE AJO CONCENTRADA EMIC 1 KG;Alimentación;ABARROTES;ABARROTES 2DA NECESIDAD;PREPARADOS;BOL;10.9;2025-10-09
MARINADO PARA POLLO A LA BRASA EMIC 1 KG;Alimentación;ABARROTES;ABARROTES 2DA NECESIDAD;PREPARADOS;BOL;10.5;2026-07-12
PRE ELABORADO CONSERVA FRIJOL CANARIO 1 KG OLIVEZA;Alimentación;ABARROTES;ABARROTES 2DA NECESIDAD;PREPARADOS;BOL;9.502036;2025-12-07
PRE ELABORADO CONSERVA FRIJOL PANAMITO 1 KG OLIVEZA;Alimentación;ABARROTES;ABARROTES 2DA NECESIDAD;PREPARADOS;BOL;8.2;2025-10-09
PRE ELABORADO CONSERVA GARBANZO 1 KG OLIVEZA;Alimentación;ABARROTES;ABARROTES 2DA NECESIDAD;PREPARADOS;BOL;8.2;2025-12-07
PURE DE PAPA AMARILLA MACROFOOD 1 KG;Alimentación;ABARROTES;ABARROTES 2DA NECESIDAD;PREPARADOS;BOL;16.1;2026-09-02
PRE ELABORADO CONSERVA FRIJOL CANARIO 1 KG OLIVEZA BOLSA;Alimentación;ABARROTES;ABARROTES 2DA NECESIDAD;PREPARADOS;BOL;9.5;2025-12-28
PRE ELABORADO CONSERVA GARBANZO 1 KG OLIVEZA BOLSA;Alimentación;ABARROTES;ABARROTES 2DA NECESIDAD;PREPARADOS;BOL;8.2;2025-12-28
PRE ELABORADO RAM BASE AMARILLA 1 KG;Alimentación;ABARROTES;ABARROTES 2DA NECESIDAD;PREPARADOS;BOL;14.929;2018-12-30
PRE ELABORADO RAM BASE CRIOLLA 1 KG;Alimentación;ABARROTES;ABARROTES 2DA NECESIDAD;PREPARADOS;BOL;11.753;2019-03-20
PRE ELABORADO RAM BASE NORTEÑA 1KG;Alimentación;ABARROTES;ABARROTES 2DA NECESIDAD;PREPARADOS;BOL;13.224;2019-01-12
PRE ELABORADO RAM BASE TOMATE 1 KG;Alimentación;ABARROTES;ABARROTES 2DA NECESIDAD;PREPARADOS;BOL;14.576;2018-12-20
PRE ELABORADO RAM BASE VERDE 1KG;Alimentación;ABARROTES;ABARROTES 2DA NECESIDAD;PREPARADOS;BOL;15.518;2019-04-11
PRE ELABORADO RAM BASE NEUTRAL 1 KG;Alimentación;ABARROTES;ABARROTES 2DA NECESIDAD;PREPARADOS;BOL;13.753;2018-12-30
PRE ELABORADO RAM FRIJOL CANARIO 1 KG;Alimentación;ABARROTES;ABARROTES 2DA NECESIDAD;PREPARADOS;BOL;8.5;2020-05-06
PRE ELABORADO RAM FRIJOL PANAMITO 1 KG;Alimentación;ABARROTES;ABARROTES 2DA NECESIDAD;PREPARADOS;BOL;7.6;2020-07-31
PRE ELABORADO RAM LENTEJA 1 KG;Alimentación;ABARROTES;ABARROTES 2DA NECESIDAD;PREPARADOS;BOL;7.59;2020-08-22
PRE ELABORADO RAM GARBANZO 1 KG;Alimentación;ABARROTES;ABARROTES 2DA NECESIDAD;PREPARADOS;BOL;8.45;2020-08-22
CREMA DE ESPARRAGOS KNORR 800 GR;Alimentación;ABARROTES;ABARROTES 2DA NECESIDAD;PREPARADOS;BOL;14.945;2021-09-07
CREMA DE CHOCLO KNORR 800 GR;Alimentación;ABARROTES;ABARROTES 2DA NECESIDAD;PREPARADOS;BOL;14.37;2019-06-01
CREMA DE CHAMPIGÑONES KNORR 800 GR;Alimentación;ABARROTES;ABARROTES 2DA NECESIDAD;PREPARADOS;BOL;15.916;2022-03-06
CREMA DE POLLO KNORR 800 GR;Alimentación;ABARROTES;ABARROTES 2DA NECESIDAD;PREPARADOS;BOL;14.37;2019-07-15
CALDO DE CARNE KNORR SACHET 650 GR;Alimentación;ABARROTES;ABARROTES 2DA NECESIDAD;PREPARADOS;BOL;16.363;2022-01-21
CALDO SAZONADOR DE POLLO QUIMTIA 1 KG;Alimentación;ABARROTES;ABARROTES 2DA NECESIDAD;PREPARADOS;BOL;11.48;2019-01-27
CALDO SAZONADOR CON SABOR A CARNE QUIMTIA 1 KG;Alimentación;ABARROTES;ABARROTES 2DA NECESIDAD;PREPARADOS;BOL;11.48;2019-01-27
TAMAL CRIOLLO 180 G RAM;Alimentación;ABARROTES;ABARROTES 2DA NECESIDAD;PREPARADOS;SCH;3.41;2026-09-17
CALDO SAZONADOR MAGGI DE GALLINA 940 GR;Alimentación;ABARROTES;ABARROTES 2DA NECESIDAD;PREPARADOS;BOL;19.4;2019-06-19
TAMAL DE MAIZ 150 GR;Alimentación;ABARROTES;ABARROTES 2DA NECESIDAD;PREPARADOS;PCH;2.482;2026-09-17
CALDO SAZONADOR DE GALLINA FANNY 1 KG;Alimentación;ABARROTES;ABARROTES 2DA NECESIDAD;PREPARADOS;BOL;13.068;2020-03-07
CALDO SAZONADOR DE CARNE FANNY 1 KG;Alimentación;ABARROTES;ABARROTES 2DA NECESIDAD;PREPARADOS;BOL;13.068;2020-03-14
PRE ELABORADO EMIC BASE AMARILLA 1 KG;Alimentación;ABARROTES;ABARROTES 2DA NECESIDAD;PREPARADOS;BOL;16.679;2026-09-13
PRE ELABORADO EMIC BASE CRIOLLA 1 KG;Alimentación;ABARROTES;ABARROTES 2DA NECESIDAD;PREPARADOS;BOL;12;2026-09-13
PRE ELABORADO EMIC BASE NEUTRAL 1 KG;Alimentación;ABARROTES;ABARROTES 2DA NECESIDAD;PREPARADOS;BOL;12.5;2026-09-17
PRE ELABORADO EMIC BASE NORTEÑA 1 KG;Alimentación;ABARROTES;ABARROTES 2DA NECESIDAD;PREPARADOS;BOL;13.4;2026-08-07
PRE ELABORADO EMIC BASE ORIENTAL 1 KG;Alimentación;ABARROTES;ABARROTES 2DA NECESIDAD;PREPARADOS;BOL;12.8;2026-09-13
PRE ELABORADO EMIC BASE ROJA (TOMATE) 1 KG;Alimentación;ABARROTES;ABARROTES 2DA NECESIDAD;PREPARADOS;BOL;11.8;2026-08-07
PRE ELABORADO EMIC BASE VERDE 1 KG;Alimentación;ABARROTES;ABARROTES 2DA NECESIDAD;PREPARADOS;BOL;13.3;2026-09-13
PASTA DE AJI AMARILLO EMIC 1 KG;Alimentación;ABARROTES;ABARROTES 2DA NECESIDAD;PREPARADOS;BOL;17.841514;2026-09-13
PASTA DE AJI PANCA EMIC 1 KG;Alimentación;ABARROTES;ABARROTES 2DA NECESIDAD;PREPARADOS;BOL;9.55;2026-09-04
PASTA DE AJO EMIC 1 KG;Alimentación;ABARROTES;ABARROTES 2DA NECESIDAD;PREPARADOS;BOL;12.2;2026-09-17
PASTA DE ROCOTO EMIC 1 KG;Alimentación;ABARROTES;ABARROTES 2DA NECESIDAD;PREPARADOS;BOL;14;2026-09-13
SALSA PESTO (VERDE) EMIC 1 KG;Alimentación;REFRIGERADOS;OTROS;;BOL;13;2026-09-24
SALSA BLANCA EMIC 1 KG;Alimentación;REFRIGERADOS;OTROS;;BOL;10.5;2026-09-24
PRE ELABORADO EMIC BASE AMARILLA S/G 1 KG;Alimentación;ABARROTES;ABARROTES 2DA NECESIDAD;PREPARADOS;BOL;13.4;2019-11-28
PRE ELABORADO EMIC BASE CRIOLLA S/G 1 KG;Alimentación;ABARROTES;ABARROTES 2DA NECESIDAD;PREPARADOS;BOL;11.2;2019-09-28
PRE ELABORADO EMIC BASE ROJA (TOMATE) S/G 1 KG;Alimentación;ABARROTES;ABARROTES 2DA NECESIDAD;PREPARADOS;BOL;11.3;2020-02-11
PRE ELABORADO EMIC BASE VERDE S/G 1 KG;Alimentación;ABARROTES;ABARROTES 2DA NECESIDAD;PREPARADOS;BOL;13;2019-11-28
PURÉ DE MANZANA RAM 5 KG;Alimentación;ABARROTES;ABARROTES 2DA NECESIDAD;PREPARADOS;BOL;30.59;2019-12-08
PRE ELABORADO RAM (CONSERVA) FRIJOL CANARIO SIN ADEREZO 1 KG;Alimentación;ABARROTES;ABARROTES 2DA NECESIDAD;PREPARADOS;BOL;8.870894;2026-09-24
PRE ELABORADO RAM (CONSERVA)FRIJOL PANAMITO SIN ADEREZO 1 KG;Alimentación;ABARROTES;ABARROTES 2DA NECESIDAD;PREPARADOS;BOL;8.583215;2025-07-10
PRE ELABORADO RAM (CONSERVA)GARBANZO SIN ADEREZO 1 KG;Alimentación;ABARROTES;ABARROTES 2DA NECESIDAD;PREPARADOS;BOL;7.86;2026-09-24
PRE ELABORADO RAM (CONSERVA) LENTEJA SIN ADEREZO 1 KG;Alimentación;ABARROTES;ABARROTES 2DA NECESIDAD;PREPARADOS;BOL;7.45;2026-09-17
CALDO CONCENTRADO CARNE MACRO FOOD 1 KG;Alimentación;ABARROTES;ABARROTES 2DA NECESIDAD;PREPARADOS;BOL;17.56;2026-09-02
CALDO CONCENTRADO GALLINA MACRO FOOD 1 KG;Alimentación;ABARROTES;ABARROTES 2DA NECESIDAD;PREPARADOS;BOL;17.56;2026-09-17
ARROZ BLANCO COCIDO 3 KG RAM;Alimentación;ABARROTES;ABARROTES 2DA NECESIDAD;PREPARADOS;SCH;19;2020-08-12
HUEVO ROSADO LA CALERA (EMER);Alimentación;REFRIGERADOS;HUEVO;GALLINA;KG;5.343;2022-03-23
QUESO MOZARELLA REFRIGERADO;Alimentación;REFRIGERADOS;LACTEOS;QUESOS;KG;26.9;2025-12-24
QUESO EDAM EN TAJADAS X 500 GR REFRIGERADO;Alimentación;REFRIGERADOS;LACTEOS;QUESOS;PQT;11.84;2020-07-21
QUESO EDAM EN TAJADAS X 500 GR CONGELADO;Alimentación;CONGELADOS;LACTEOS;QUESOS;PQT;18.11;2026-10-01
TORTILLA PARA TACOS BIMBO X 12 UNIDS MEDIANO (RAPIDITAS);Alimentación;ABARROTES;ABARROTES 2DA NECESIDAD;PANADERIA;BOL;5.76;2026-02-24
JUGO DE NARANJA PASTEURIZADO X 3.8 LT;Alimentación;REFRIGERADOS;OTROS;JUGOS FRESCOS;BOT;18;2026-09-13
ACEITUNA NEGRA SIN PEPA;Alimentación;REFRIGERADOS;OTROS;ACEITUNA;KG;12;2019-06-12
WAFER CHOCOLATE COSTA NIK 27 GR;Alimentación;ABARROTES;ABARROTES 2DA NECESIDAD;GOLOSINAS;PQT;0.452;2026-08-03
GALLETA DULCE VAINILLA TENTACION 45 GR;Alimentación;ABARROTES;ABARROTES 2DA NECESIDAD;GOLOSINAS;PQT;0.73;2023-11-09
GALLETA DE AGUA COSTA LIGHT (LINE) 42 GR;Alimentación;ABARROTES;ABARROTES 2DA NECESIDAD;GOLOSINAS;PQT;0.484;2026-09-17
CHOCOLATE NEGRO SUBLIME 28 GR;Alimentación;ABARROTES;ABARROTES 2DA NECESIDAD;GOLOSINAS;UND;1.12;2024-04-15
GALLETA SALADA DE SODA FIELD RECETA ORIGINAL NABISCO 32 GR;Alimentación;ABARROTES;ABARROTES 2DA NECESIDAD;GOLOSINAS;UND;0.54;2026-09-17
GALLETA GRAN CEREAL FIBRA CACAO COSTA 36 GR;Alimentación;ABARROTES;ABARROTES 2DA NECESIDAD;GOLOSINAS;PQT;0.444;2025-11-02
GALLETA SALADA CREAM CRAKER 73.5 GR (EMER);Alimentación;ABARROTES;ABARROTES 2DA NECESIDAD;GOLOSINAS;PQT;1.44;2025-03-18
GALLETA SALADA DE SODA FIELD RECETA ORIGINAL NABISCO 32 GR (EMER);Alimentación;ABARROTES;ABARROTES 2DA NECESIDAD;GOLOSINAS;UND;0.572;2025-11-14
GALLETA CHOCOCHIPS CHIPS AHOY 37 GR;Alimentación;ABARROTES;ABARROTES 2DA NECESIDAD;GOLOSINAS;PQT;1.07;2026-09-17
GALLETA SALADA DE SODA FIELD RECETA ORIGINAL NABISCO 34 GR;Alimentación;ABARROTES;ABARROTES 2DA NECESIDAD;GOLOSINAS;PQT;0.442299;2022-08-14
GALLETA SALADA CREAM CRAKER NABISCO 73.5 GR (E);Alimentación;ABARROTES;ABARROTES 2DA NECESIDAD;GOLOSINAS;PQT;1.410001;2025-04-27
CHOCOLATE NEGRO SUBLIME 26 GR;Alimentación;ABARROTES;ABARROTES 2DA NECESIDAD;GOLOSINAS;UND;1.4;2026-08-24
BISCOCHO CHOCMAN COSTA 33.5 GR;Alimentación;ABARROTES;ABARROTES 2DA NECESIDAD;GOLOSINAS;PQT;0.549;2025-12-24
CHOCOLATE BITTER SUBLIME 38GR (EMER);Alimentación;ABARROTES;ABARROTES 2DA NECESIDAD;GOLOSINAS;UND;3.47;2026-06-11
CHOCOLATE TRIANGULO NESTLE 30 GR;Alimentación;ABARROTES;ABARROTES 2DA NECESIDAD;GOLOSINAS;UND;1.04;2022-10-13
MARSHMELLOWS AMBROSOLI SURTIDO 230 GR;Alimentación;ABARROTES;ABARROTES 2DA NECESIDAD;GOLOSINAS;PQT;3.01;2026-08-03
CARAMELO LIMON AMBROSOLI 100 UND;Alimentación;ABARROTES;ABARROTES 2DA NECESIDAD;GOLOSINAS;PQT;4;2022-01-19
GALLETA SALADA DE SODA SAYON 250 GR;Alimentación;ABARROTES;ABARROTES 2DA NECESIDAD;GOLOSINAS;PQT;1.488706;2022-07-30
GALLETA INTEGRALES INTEGRAKERS SALVADO DE TRIGO 30 GR;Alimentación;ABARROTES;ABARROTES 2DA NECESIDAD;GOLOSINAS;PQT;0.56;2026-09-24
CHOCOLATE NEGRO SUBLIME 30 GR;Alimentación;ABARROTES;ABARROTES 2DA NECESIDAD;GOLOSINAS;UND;1.117502;2022-06-04
TALCO PARA PIES REXONA 200 GR;Alimentación;KIOSKO;KIOSKO;KIOSKO;FCO;13.05;2025-02-02
GALLETA DULCE CHOCOLATE MOROCHA 30 GR;Alimentación;ABARROTES;ABARROTES 2DA NECESIDAD;GOLOSINAS;PQT;0.852;2025-07-18
GALLETA SALADA CREAM CRAKER NABISCO 73.5 GR;Alimentación;ABARROTES;ABARROTES 2DA NECESIDAD;GOLOSINAS;PQT;1.245515;2026-09-17
CHOCOLATE CANCUN COSTA 27 GR;Alimentación;ABARROTES;ABARROTES 2DA NECESIDAD;GOLOSINAS;UND;0.391;2021-09-15
GALLETA SALADA SODA SAN JORGE 40 GR;Alimentación;ABARROTES;ABARROTES 2DA NECESIDAD;GOLOSINAS;PQT;0.564;2026-08-07
CHOCOLATE RELLENO CAÑONAZO COSTA 22 GR;Alimentación;ABARROTES;ABARROTES 2DA NECESIDAD;GOLOSINAS;UND;0.298;2018-11-29
GALLETA DULCE CHIN CHIN CHOCOFORMAS 21 GRM;Alimentación;ABARROTES;ABARROTES 2DA NECESIDAD;GOLOSINAS;PQT;11.441;2022-03-08
GALLETA SALADA SODA LINE COSTA 42 GR;Alimentación;ABARROTES;ABARROTES 2DA NECESIDAD;GOLOSINAS;PQT;0.438;2022-03-06
JAMON INGLES CONGELADO KG;Alimentación;CONGELADOS;EMBUTIDOS;CERDO;KG;23.21;2019-10-12
JAMONADA DE POLLO CONGELADO KG;Alimentación;CONGELADOS;EMBUTIDOS;POLLO;KG;11.577;2026-10-01
JAMONADA PARA CAFETIN CONGELADO 500 GR;Alimentación;CONGELADOS;EMBUTIDOS;CERDO;PQT;5.792;2020-06-30
MORTADELA PARA CAFETIN CONGELADO 500 GR;Alimentación;CONGELADOS;EMBUTIDOS;CERDO;PQT;6.74;2024-12-22
QUESO MOZARELLA CONGELADO;Alimentación;CONGELADOS;LACTEOS;QUESOS;KG;28.049;2025-08-10
CHICHARRON DE PRENSA CONGELADO KG;Alimentación;CONGELADOS;EMBUTIDOS;CERDO;KG;17.366;2026-10-01
TOCINO AHUMADO CONGELADO KG;Alimentación;CONGELADOS;EMBUTIDOS;CERDO;KG;22.31;2026-09-17
JAMON DEL PAIS CONGELADO KG;Alimentación;CONGELADOS;EMBUTIDOS;CERDO;KG;25.641;2023-06-08
SALCHICHA HUACHO CONGELADO KG;Alimentación;CONGELADOS;EMBUTIDOS;CERDO;KG;17.578;2026-10-01
COCKTAIL DE FRUTAS ACONCAGUA 820/822 GR;Alimentación;ABARROTES;ABARROTES 2DA NECESIDAD;CONSERVAS;LAT;11.12;2026-08-03
PIÑA EN RODAJAS FANNY 567 GR;Alimentación;ABARROTES;ABARROTES 2DA NECESIDAD;CONSERVAS;LAT;6.96;2026-07-12
CHAMPIGÑONES SANTIS 425 GR;Alimentación;ABARROTES;ABARROTES 2DA NECESIDAD;CONSERVAS;LAT;4.550079;2023-11-29
DURAZNO EN ALMIBAR COMPASS 822 GR;Alimentación;ABARROTES;ABARROTES 2DA NECESIDAD;CONSERVAS;LAT;8.89;2022-06-17
ATUN SOLIDO FANNY 170 GR;Alimentación;ABARROTES;ABARROTES 2DA NECESIDAD;CONSERVAS;LAT;3.84;2022-11-13
DURAZNO EN ALMIBAR DEL CIELO 820 GR;Alimentación;ABARROTES;ABARROTES 2DA NECESIDAD;CONSERVAS;LAT;6.813844;2025-01-13
ATUN SOLIDO FLORIDA 140 GR;Alimentación;ABARROTES;ABARROTES 2DA NECESIDAD;CONSERVAS;LAT;5.5;2024-03-03
CHAMPIGÑONES WOKI 425 GR;Alimentación;ABARROTES;ABARROTES 2DA NECESIDAD;CONSERVAS;LAT;4.69;2026-09-17
ATUN TROZOS GLORIA 140 GR;Alimentación;ABARROTES;ABARROTES 2DA NECESIDAD;CONSERVAS;LAT;4.3;2024-10-21
CHAMPIGÑONES LATA NIRCISSUS 425 GR;Alimentación;ABARROTES;ABARROTES 2DA NECESIDAD;CONSERVAS;LAT;4.69;2025-08-22
ATUN TROZOS COMPASS 140 GR;Alimentación;ABARROTES;ABARROTES 2DA NECESIDAD;CONSERVAS;LAT;3.86;2026-09-24
DURAZNO EN ALMIBAR VALLE NORTE 820 GR;Alimentación;ABARROTES;ABARROTES 2DA NECESIDAD;CONSERVAS;LAT;6.67;2026-09-24
PIÑA EN RODAJAS COMPASS 560 GR;Alimentación;ABARROTES;ABARROTES 2DA NECESIDAD;CONSERVAS;LAT;7.2;2024-08-18
COCKTAIL DE FRUTAS COMPASS 822 GR;Alimentación;ABARROTES;ABARROTES 2DA NECESIDAD;CONSERVAS;LAT;7.38;2021-12-02
DURAZNO EN ALMIBAR COMPASS 820 GR;Alimentación;ABARROTES;ABARROTES 2DA NECESIDAD;CONSERVAS;LAT;8.814602;2022-10-01
CEREZA MARRASQUINO ROJO SANTIS 283 GR;Alimentación;ABARROTES;ABARROTES 2DA NECESIDAD;CONSERVAS;FCO;15.420045;2026-07-12
DURAZNO EN ALMIBAR FANNY 820 GR;Alimentación;ABARROTES;ABARROTES 2DA NECESIDAD;CONSERVAS;LAT;7.42;2018-07-13
ATUN TROZOS MARINERO 170 GR;Alimentación;ABARROTES;ABARROTES 2DA NECESIDAD;CONSERVAS;LAT;3.78;2024-01-24
ATUN FILETE COMPASS 170 GR;Alimentación;ABARROTES;ABARROTES 2DA NECESIDAD;CONSERVAS;LAT;3.82;2021-11-11
CHAMPIGÑONES KAM LAM 425 GR;Alimentación;ABARROTES;ABARROTES 2DA NECESIDAD;CONSERVAS;LAT;3.95;2020-12-13
ATUN FILETE FLORIDA 170 GR;Alimentación;ABARROTES;ABARROTES 2DA NECESIDAD;CONSERVAS;LAT;4.293;2022-07-30
DURAZNO EN ALMIBAR VALLENORTE 820 GR;Alimentación;ABARROTES;ABARROTES 2DA NECESIDAD;CONSERVAS;LAT;6.698572;2023-09-23
HUACATAY MOLIDO X KG;Alimentación;REFRIGERADOS;OTROS;ESPECERIA;KG;16;2024-12-22
KION MOLIDO X KG;Alimentación;REFRIGERADOS;OTROS;ESPECERIA;KG;6.73;2026-09-13
SAL DE MESA MARINA 1 KG;Alimentación;ABARROTES;ABARROTES 2DA NECESIDAD;ESPECERIAS Y FRUTOS;BOL;1.28;2020-09-30
PAPRIKA TOÑA 500 GR;Alimentación;ABARROTES;ABARROTES 2DA NECESIDAD;ESPECERIAS Y FRUTOS;BOL;10.59;2026-09-17
SAL DE COCINA SALINA 1 KG;Alimentación;ABARROTES;ABARROTES 2DA NECESIDAD;ESPECERIAS Y FRUTOS;BOL;1.039392;2023-07-05
SAL DE MESA JJD´MAR 1 KG;Alimentación;ABARROTES;ABARROTES 2DA NECESIDAD;ESPECERIAS Y FRUTOS;BOL;1.07;2024-12-01
COCKTAIL DE NUECES VALLEALTO X 90 GR;Alimentación;ABARROTES;ABARROTES 2DA NECESIDAD;SNACKS;BOL;5.1;2026-09-17
PECANA PELADA VALLEALTO X 90 GR;Alimentación;ABARROTES;ABARROTES 2DA NECESIDAD;SNACKS;BOL;11.19;2026-07-12
SAL DE COCINA JJD'MAR 1 KG;Alimentación;ABARROTES;ABARROTES 2DA NECESIDAD;ESPECERIAS Y FRUTOS;BOL;1.07;2025-06-15
COCKTAIL CON NUECES VILLA NATURA 80 GR (E);Alimentación;ABARROTES;ABARROTES 2DA NECESIDAD;ESPECERIAS Y FRUTOS;BOL;4.35;2024-06-24
PECANA PARTIDA TOÑA 1 KG;Alimentación;ABARROTES;ABARROTES 2DA NECESIDAD;ESPECERIAS Y FRUTOS;BOL;79.566;2025-11-23
SAL LOPESA 1 KG;Alimentación;ABARROTES;ABARROTES 2DA NECESIDAD;ESPECERIAS Y FRUTOS;BOL;0.848;2026-09-17
AJI PANCA SECO 4 ESTACIONES 1 KG;Alimentación;ABARROTES;ABARROTES 2DA NECESIDAD;ESPECERIAS Y FRUTOS;BOL;21.21;2019-04-06
AJONJOLI 4 ESTACIONES 1 KG;Alimentación;ABARROTES;ABARROTES 2DA NECESIDAD;ESPECERIAS Y FRUTOS;BOL;17.7;2026-07-12
ALMENDRAS 4 ESTACIONES 1 KG;Alimentación;ABARROTES;ABARROTES 2DA NECESIDAD;ESPECERIAS Y FRUTOS;BOL;48.42;2026-07-12
ANIS SECO 4 ESTACIONES 1 KG;Alimentación;ABARROTES;ABARROTES 2DA NECESIDAD;ESPECERIAS Y FRUTOS;BOL;30;2026-08-07
CANELA CHINA 4 ESTACIONES 1 KG;Alimentación;ABARROTES;ABARROTES 2DA NECESIDAD;ESPECERIAS Y FRUTOS;BOL;32;2025-12-05
CANELA ENTERA 4 ESTACIONES 1 KG;Alimentación;ABARROTES;ABARROTES 2DA NECESIDAD;ESPECERIAS Y FRUTOS;BOL;90;2026-06-12
CANELA ENTERA 4 ESTACIONES 500 GR;Alimentación;ABARROTES;ABARROTES 2DA NECESIDAD;ESPECERIAS Y FRUTOS;BOL;45.5;2024-07-06
CANELA MOLIDA 4 ESTACIONES 1 KG;Alimentación;ABARROTES;ABARROTES 2DA NECESIDAD;ESPECERIAS Y FRUTOS;BOL;87.39;2026-06-22
CASTAÑAS 4 ESTACIONES 1 KG;Alimentación;ABARROTES;ABARROTES 2DA NECESIDAD;ESPECERIAS Y FRUTOS;BOL;57;2026-07-12
CLAVO DE OLOR ENTERO 4 ESTACIONES 1 KG;Alimentación;ABARROTES;ABARROTES 2DA NECESIDAD;ESPECERIAS Y FRUTOS;BOL;64.999998;2026-06-22
COCO RALLADO 4 ESTACIONES 1 KG;Alimentación;ABARROTES;ABARROTES 2DA NECESIDAD;ESPECERIAS Y FRUTOS;BOL;20.5;2026-09-02
COMINO MOLIDO 4 ESTACIONES 1 KG;Alimentación;ABARROTES;ABARROTES 2DA NECESIDAD;ESPECERIAS Y FRUTOS;BOL;27.5;2026-09-17
ESTRAGON SECO 4 ESTACIONES 250 GR;Alimentación;ABARROTES;ABARROTES 2DA NECESIDAD;ESPECERIAS Y FRUTOS;BOL;61.64;2025-05-30
HIGO SECO 4 ESTACIONES 1 KG;Alimentación;REFRIGERADOS;OTROS;FRUTO SECO;BOL;26.5;2025-02-24
LAUREL 4 ESTACIONES 1 KG;Alimentación;ABARROTES;ABARROTES 2DA NECESIDAD;ESPECERIAS Y FRUTOS;BOL;174.711;2026-09-17
MANI TOSTADO PELADO 4 ESTACIONES 1 KG;Alimentación;ABARROTES;ABARROTES 2DA NECESIDAD;ESPECERIAS Y FRUTOS;BOL;19.18012;2023-08-04
NUEZ MOSCADA MOLIDA 4 ESTACIONES 50 GR;Alimentación;ABARROTES;ABARROTES 2DA NECESIDAD;ESPECERIAS Y FRUTOS;BOL;4.998433;2024-06-01
OREGANO ENTERO 4 ESTACIONES 1 KG;Alimentación;ABARROTES;ABARROTES 2DA NECESIDAD;ESPECERIAS Y FRUTOS;BOL;24.5;2026-09-17
PALILLO MOLIDO 4 ESTACIONES 1 KG;Alimentación;ABARROTES;ABARROTES 2DA NECESIDAD;ESPECERIAS Y FRUTOS;BOL;18.499867;2026-09-17
PAPRIKA 4 ESTACIONES 500 GR;Alimentación;ABARROTES;ABARROTES 2DA NECESIDAD;ESPECERIAS Y FRUTOS;BOL;10.4;2023-11-29
PECANA 4 ESTACIONES 1 KG;Alimentación;ABARROTES;ABARROTES 2DA NECESIDAD;ESPECERIAS Y FRUTOS;BOL;99;2023-09-17
PIMIENTA NEGRA ENTERA 4 ESTACIONES 1 KG;Alimentación;ABARROTES;ABARROTES 2DA NECESIDAD;ESPECERIAS Y FRUTOS;BOL;50;2023-05-04
PIMIENTA NEGRA MOLIDA 4 ESTACIONES 1 KG;Alimentación;ABARROTES;ABARROTES 2DA NECESIDAD;ESPECERIAS Y FRUTOS;BOL;48.5;2026-09-17
ROMERO TIPO PIZZA 4 ESTACIONES 250 GR;Alimentación;ABARROTES;ABARROTES 2DA NECESIDAD;ESPECERIAS Y FRUTOS;BOL;10;2026-08-02
TOMILLO TIPO PIZZA 4 ESTACIONES 250 GR;Alimentación;ABARROTES;ABARROTES 2DA NECESIDAD;ESPECERIAS Y FRUTOS;BOL;12;2026-07-12
KION MOLIDO SECO 4 ESTACIONES 250 GR;Alimentación;ABARROTES;ABARROTES 2DA NECESIDAD;ESPECERIAS Y FRUTOS;BOL;7.23;2026-06-12
SAL FINA LOBOS 1 KG;Alimentación;ABARROTES;ABARROTES 2DA NECESIDAD;ESPECERIAS Y FRUTOS;BOL;0.93;2022-02-05
NUEZ ENTERA PELADA 4 ESTACIONES 1 KG;Alimentación;ABARROTES;ABARROTES 2DA NECESIDAD;ESPECERIAS Y FRUTOS;BOL;58;2026-07-12
MIX SALADITO SANTIS 100 GR;Alimentación;ABARROTES;ABARROTES 2DA NECESIDAD;ESPECERIAS Y FRUTOS;BOL;2.683;2019-06-01
PAPRIKA BADIA 453.6 GRM ( 16 OZ);Alimentación;ABARROTES;ABARROTES 2DA NECESIDAD;ESPECERIAS Y FRUTOS;FCO;31.157;2024-03-23
MIXTURA DE NUECES SANTIS 100 GR;Alimentación;ABARROTES;ABARROTES 2DA NECESIDAD;ESPECERIAS Y FRUTOS;BOL;3.611;2023-07-05
CANELA EN POLVO BADIA 453.60 GRM;Alimentación;ABARROTES;ABARROTES 2DA NECESIDAD;ESPECERIAS Y FRUTOS;BOL;21.62;2020-03-19
CANELA EN POLVO BADIA 1.81 KGR;Alimentación;ABARROTES;ABARROTES 2DA NECESIDAD;ESPECERIAS Y FRUTOS;BOL;63.2;2020-02-07
EUCALIPTO (HOJAS) 4 ESTACIONES 250 GRM;Alimentación;ABARROTES;ABARROTES 2DA NECESIDAD;ESPECERIAS Y FRUTOS;BOL;12.5;2025-10-23
PAN BLANCO FAMILIAR BIMBO 750 GR;Alimentación;ABARROTES;ABARROTES 2DA NECESIDAD;PANADERIA;BOL;13.64;2024-12-22
PURATOS EASY PAN FIBRA 5 KG;Alimentación;ABARROTES;ABARROTES 2DA NECESIDAD;PANADERIA;BOL;47.29;2025-06-15
PREMEZCLA INVENTIS PAN CIABATTA 10 KG;Alimentación;ABARROTES;ABARROTES 2DA NECESIDAD;PANADERIA;BOL;87.67;2026-06-22
PANETON MINI GLORIA BOLSA 80 GR;Alimentación;ABARROTES;ABARROTES 2DA NECESIDAD;PANADERIA;BOL;1.644;2025-12-07
PANETON PACK CAJA TODINNO 900 GR + TODINNITO 85 GR;Alimentación;ABARROTES;ABARROTES 2DA NECESIDAD;PANADERIA;CAJ;23.237;2024-12-07
PANETON GLORIA CAJA X 900 GR;Alimentación;ABARROTES;ABARROTES 2DA NECESIDAD;PANADERIA;UND;19.84;2024-12-22
PANETON (PANETONCITO) DONOFRIO BOLSA 80 GR;Alimentación;ABARROTES;ABARROTES 2DA NECESIDAD;PANADERIA;UND;2.635;2025-12-07
PAN BLANCO XL EXTRA GRANDE BIMBO 770 GR;Alimentación;ABARROTES;ABARROTES 2DA NECESIDAD;PANADERIA;BOL;10.23;2026-09-13
PURATOS EASY CIABATTA 10 KG;Alimentación;ABARROTES;ABARROTES 2DA NECESIDAD;PANADERIA;BOL;122.21;2018-12-20
PANETON EN BOLSA 800 GR COSTA;Alimentación;ABARROTES;ABARROTES 2DA NECESIDAD;PANADERIA;BOL;12.753;2022-11-17
PANELA GRANULADA 1KG;Alimentación;ABARROTES;ABARROTES 2DA NECESIDAD;PANADERIA;KG;10.2635;2021-02-14
PURATOS EASY PAN SUAVE 10 KG;Alimentación;ABARROTES;ABARROTES 2DA NECESIDAD;PANADERIA;BOL;48.78;2018-12-20
PANELA GRANULADA ONZA 1 KG;Alimentación;ABARROTES;ABARROTES 2DA NECESIDAD;PANADERIA;KG;12.75;2026-07-12
PANETON BARLETTA CAJA 900 GR;Alimentación;ABARROTES;ABARROTES 2DA NECESIDAD;PANADERIA;CAJ;13;2020-12-21
PANETON GLORIA BOLSA 900 GR;Alimentación;ABARROTES;ABARROTES 2DA NECESIDAD;PANADERIA;BOL;11.16;2025-12-28
KEKE BIMBOLETE MARMOLEADO 02 UND 70 GR;Alimentación;ABARROTES;ABARROTES 2DA NECESIDAD;PASTELERIA;UND;1.61;2025-12-07
KEKE BIMBOLETE MARMOLEADO 55 GR;Alimentación;ABARROTES;ABARROTES 2DA NECESIDAD;PASTELERIA;UND;1.3;2021-12-12
CREMA DE LECHE GLORIA 946 CC;Alimentación;ABARROTES;ABARROTES 1ERA NECESIDAD;LECHES;BOL;18.185;2026-08-03
FUDGE DE CHOCOLATE BAZO VELARDE 550 GR;Alimentación;ABARROTES;ABARROTES 2DA NECESIDAD;REPOSTERIA;BOT;17.09;2026-07-12
MANTECA VEGETAL DE PALMA LA FAMOSA 10 KG (EMER);Alimentación;REFRIGERADOS;MANTECA;;UND;61.46;2019-12-14
PUDIN DE CHOCOLATE UNIVERSAL 100 GR;Alimentación;ABARROTES;ABARROTES 2DA NECESIDAD;REPOSTERIA;BOL;2.791936;2023-05-15
GELATINA DE NARANJA UNIVERSAL 150 GR/130 GR;Alimentación;ABARROTES;ABARROTES 2DA NECESIDAD;REPOSTERIA;BOL;2.89;2018-07-01
FLAN DE VAINILLA UNIVERSAL 150 GR;Alimentación;ABARROTES;ABARROTES 2DA NECESIDAD;REPOSTERIA;BOL;3.47356;2026-02-27
FLAN DE VAINILLA MELOSITA 5 KG;Alimentación;ABARROTES;ABARROTES 2DA NECESIDAD;REPOSTERIA;BOL;42.772;2024-04-21
COBERTURA BITTER PURATOS 10 KG;Alimentación;REFRIGERADOS;OTROS;REPOSTERIA;CAJ;179.733411;2022-03-15
CHOCOLATE BLANCO COBERTURA NEGUSA 600 GR;Alimentación;ABARROTES;ABARROTES 2DA NECESIDAD;REPOSTERIA;CAJ;12.19;2025-11-02
PREMEZCLA INVENTIS BIZCOCHUELO TRES LECHES 5 KG;Alimentación;ABARROTES;ABARROTES 2DA NECESIDAD;REPOSTERIA;BOL;34.11;2026-09-02
PREMEZCLA INVENTIS CHIFFON 5 KG;Alimentación;ABARROTES;ABARROTES 2DA NECESIDAD;REPOSTERIA;BOL;31.17;2026-09-02
PREMEZCLA INVENTIS TORTA DE CHOCOLATE INTENSO 10 KG;Alimentación;ABARROTES;ABARROTES 2DA NECESIDAD;REPOSTERIA;SCO;67.7;2026-09-17
GELATINA SABOR FRESA IFF 1KG;Alimentación;ABARROTES;ABARROTES 2DA NECESIDAD;REPOSTERIA;BOL;37.66;2022-04-11
GELATINA SABOR NARANJA IFF 1KG;Alimentación;ABARROTES;ABARROTES 2DA NECESIDAD;REPOSTERIA;BOL;37.66;2022-04-07
GELATINA SABOR PIÑA IFF 1KG;Alimentación;ABARROTES;ABARROTES 2DA NECESIDAD;REPOSTERIA;BOL;37.66;2022-05-20
ESCENCIA DE VAINILLA UMSHA 1 LT PET;Alimentación;ABARROTES;ABARROTES 2DA NECESIDAD;REPOSTERIA;BOT;10.386947;2026-09-04
COBERTURA GOTAS BITTER NEGUSA 1 KG;Alimentación;ABARROTES;ABARROTES 2DA NECESIDAD;REPOSTERIA;BOL;13.8;2023-06-15
AZUCAR IMPALPABLE NEGUSA 1 KG;Alimentación;ABARROTES;ABARROTES 2DA NECESIDAD;REPOSTERIA;BOL;9.549999;2026-09-04
LEVADURA INSTANTANEA SAF INSTANT DORADA 500 GR;Alimentación;ABARROTES;ABARROTES 2DA NECESIDAD;REPOSTERIA;BOL;7.351444;2026-08-07
POLVO DE HORNEAR LESAFFRE INVENTIS 5 KG;Alimentación;ABARROTES;ABARROTES 2DA NECESIDAD;REPOSTERIA;BOL;36.78;2026-09-17
COLORANTE FRATELLO LIQUIDO AMARILLO HUEVO 250 ML;Alimentación;ABARROTES;ABARROTES 2DA NECESIDAD;REPOSTERIA;FCO;14.955;2025-12-07
PUDIN DE CHOCOLATE ROYAL 110 GR;Alimentación;ABARROTES;ABARROTES 2DA NECESIDAD;REPOSTERIA;BOL;2.06;2024-05-05
LEVADURA INSTANTANEA MAURIPAN 500 GR (EMER);Alimentación;ABARROTES;ABARROTES 2DA NECESIDAD;REPOSTERIA;BOL;11.894;2024-05-26
COBERTURA BITTER OBLEAS NEGUSA 1 KG;Alimentación;ABARROTES;ABARROTES 2DA NECESIDAD;REPOSTERIA;BOL;16.22;2026-08-07
BICARBONATO DE SODIO ELYMAR 250 GR;Alimentación;ABARROTES;ABARROTES 2DA NECESIDAD;REPOSTERIA;BOL;2.51;2026-01-17
AZUCAR IMPALPABLE NEGUSA 1 KG - UNIDAD;Alimentación;ABARROTES;ABARROTES 2DA NECESIDAD;REPOSTERIA;BOL;9.55;2025-12-23
LEVADURA INSTANTANEA OKEDO INSTANT 500 GR;Alimentación;ABARROTES;ABARROTES 2DA NECESIDAD;REPOSTERIA;BOL;7.35;2025-04-18
PUDIN DE CHOCOLATE UNIVERSAL 100 GR;Alimentación;ABARROTES;ABARROTES 2DA NECESIDAD;REPOSTERIA;BOL;2.14;2026-06-12
ESENCIA DE PANETON FRATELLO 500 CC;Alimentación;ABARROTES;ABARROTES 2DA NECESIDAD;REPOSTERIA;FCO;27.42;2025-02-07
MEJORADOR DE MASA FLEISCHMAN 5 KG (EMER);Alimentación;ABARROTES;ABARROTES 2DA NECESIDAD;REPOSTERIA;BOL;55.14;2025-03-18
POLVO DE HORNEAR FLEISCHMAN 5 KG (EMER);Alimentación;ABARROTES;ABARROTES 2DA NECESIDAD;REPOSTERIA;SOB;76.42;2025-03-18
GELATINA SABOR LIMON MACROFOOD 1KG;Alimentación;ABARROTES;ABARROTES 2DA NECESIDAD;REPOSTERIA;BOL;20.78;2026-03-20
GELATINA SABOR FRESA MACROFOOD 1KG;Alimentación;ABARROTES;ABARROTES 2DA NECESIDAD;REPOSTERIA;BOL;20.78;2026-09-04
GELATINA SABOR NARANJA MACROFOOD 1KG;Alimentación;ABARROTES;ABARROTES 2DA NECESIDAD;REPOSTERIA;BOL;20.78;2026-08-24
GELATINA SABOR PIÑA MACROFOOD 1KG;Alimentación;ABARROTES;ABARROTES 2DA NECESIDAD;REPOSTERIA;BOL;20.78;2026-09-04
CREMA CHANTIPACK PURATOS 1LT;Alimentación;REFRIGERADOS;OTROS;REPOSTERIA;CAJ;12.721491;2022-03-15
PURATOS TEGRAL CHIFFON 10 KG;Alimentación;ABARROTES;ABARROTES 2DA NECESIDAD;REPOSTERIA;BOL;64.93;2018-12-20
COLAPIZ EN POLVO TOÑA 1 KG;Alimentación;ABARROTES;ABARROTES 2DA NECESIDAD;REPOSTERIA;BOL;72.94;2023-10-06
GUINDONES SIN PEPA TOÑA 250 GR;Alimentación;REFRIGERADOS;OTROS;FRUTO SECO;BOL;8.24;2026-05-21
FLAN DE CHOCOLATE CEYLAN 5 KG;Alimentación;ABARROTES;ABARROTES 2DA NECESIDAD;REPOSTERIA;BOL;49.53;2026-09-02
GELATINA SABOR NARANJA QUIMTIA 1KG;Alimentación;ABARROTES;ABARROTES 2DA NECESIDAD;REPOSTERIA;BOL;42;2025-12-28
GELATINA SABOR PIÑA QUIMTIA 1KG;Alimentación;ABARROTES;ABARROTES 2DA NECESIDAD;REPOSTERIA;BOL;42;2025-12-24
GELATINA SABOR FRESA QUIMTIA 1KG;Alimentación;ABARROTES;ABARROTES 2DA NECESIDAD;REPOSTERIA;BOL;42;2025-12-28
DULCERIO TRES LECHES X 1 LT;Alimentación;REFRIGERADOS;OTROS;REPOSTERIA;CAJ;19.34;2026-03-05
PURATOS T. TORTA DE CHOCOLATE X 10 KG;Alimentación;ABARROTES;ABARROTES 2DA NECESIDAD;REPOSTERIA;SCO;73.91;2018-12-20
MERENGUE EN POLVO X 5KG;Alimentación;ABARROTES;ABARROTES 2DA NECESIDAD;REPOSTERIA;SCO;59.07;2025-11-05
AZUCAR IMPALPABLE LA NEGRITA 5 KG;Alimentación;ABARROTES;ABARROTES 2DA NECESIDAD;REPOSTERIA;BOL;36;2022-06-22
GELATINA DE FRESA UNIVERSAL 150 GR/130 GR;Alimentación;ABARROTES;ABARROTES 2DA NECESIDAD;REPOSTERIA;BOL;1.932;2018-07-16
MEJORADOR DE MASA MAGIMIX AMARILLO LESAFRE 5 KG;Alimentación;ABARROTES;ABARROTES 2DA NECESIDAD;REPOSTERIA;BOL;26.79;2026-09-13
LEVADURA INSTANTANEA MAURIPAN 500 GR;Alimentación;ABARROTES;ABARROTES 2DA NECESIDAD;REPOSTERIA;BOL;9.98;2018-07-01
GELATINA DE FRESA LEAL 5 KG;Alimentación;ABARROTES;ABARROTES 2DA NECESIDAD;REPOSTERIA;BOL;35.47;2019-06-19
GELATINA DE NARANJA LEAL 5 KG;Alimentación;ABARROTES;ABARROTES 2DA NECESIDAD;REPOSTERIA;BOL;41.19;2022-02-23
POLVO DE HORNEAR FLEICHMANN 1 KG;Alimentación;ABARROTES;ABARROTES 2DA NECESIDAD;REPOSTERIA;SOB;9.721;2018-07-01
LECHE CONDENSADA NESTLE 393 GR;Alimentación;ABARROTES;ABARROTES 2DA NECESIDAD;REPOSTERIA;LAT;3.72;2020-06-10
FLAN DE VAINILLA CEYLAN 5 KG;Alimentación;ABARROTES;ABARROTES 2DA NECESIDAD;REPOSTERIA;BOL;41.86;2021-09-15
BICARBONATO DE SODIO 4 ESTACIONES 250 GR;Alimentación;ABARROTES;ABARROTES 2DA NECESIDAD;REPOSTERIA;BOL;1.997;2022-07-16
COLAPIZ EN POLVO 4 ESTACIONES 1 KG;Alimentación;ABARROTES;ABARROTES 2DA NECESIDAD;REPOSTERIA;BOL;47.2;2026-08-03
COLAPIZ EN POLVO 4 ESTACIONES 250 GR;Alimentación;ABARROTES;ABARROTES 2DA NECESIDAD;REPOSTERIA;BOL;11.84;2025-04-27
COLAPIZ EN POLVO 4 ESTACIONES 500 GR;Alimentación;ABARROTES;ABARROTES 2DA NECESIDAD;REPOSTERIA;BOL;21.54;2020-10-24
GRAJEA DE PANADERIA 4 ESTACIONES 1 KG;Alimentación;ABARROTES;ABARROTES 2DA NECESIDAD;REPOSTERIA;BOL;9.5965;2023-08-04
FLAN DE VAINILLA LEAL 5 KG;Alimentación;ABARROTES;ABARROTES 2DA NECESIDAD;REPOSTERIA;BOL;34.5;2018-08-19
GELATINA DE PIÑA UNIVERSAL 150 GR/130 GR;Alimentación;ABARROTES;ABARROTES 2DA NECESIDAD;REPOSTERIA;BOL;2.89;2018-12-20
MEJORADOR DE MASA FLEISCHMANN 5 KGM;Alimentación;ABARROTES;ABARROTES 2DA NECESIDAD;REPOSTERIA;BOL;41.288167;2018-09-27
COLORANTE FRATELLO LIQUIDO VERDE HOJA 250 ML;Alimentación;ABARROTES;ABARROTES 2DA NECESIDAD;REPOSTERIA;FCO;14.694667;2025-12-24
COLORANTE FRATELLO LIQUIDO AMARILLO LIMON 250 ML;Alimentación;ABARROTES;ABARROTES 2DA NECESIDAD;REPOSTERIA;FCO;14.955;2025-12-24
COLORANTE FRATELLO LIQUIDO ROJA BANDERA 250 ML;Alimentación;ABARROTES;ABARROTES 2DA NECESIDAD;REPOSTERIA;FCO;17.351;2025-12-07
MEJORADOR MASA STARPAN LEVAPAN 5 KG;Alimentación;ABARROTES;ABARROTES 2DA NECESIDAD;REPOSTERIA;BOL;23.529;2023-01-28
ESCENCIA DE NARANJA SOLUBLE FRATELLO 250 ML PET;Alimentación;ABARROTES;ABARROTES 2DA NECESIDAD;REPOSTERIA;BOT;15.58;2024-12-22
PURATOS T. TORTA DE CHOCOLATE EXTREMO X 10 KG;Alimentación;ABARROTES;ABARROTES 2DA NECESIDAD;REPOSTERIA;SCO;99.098;2022-02-05
VINAGRE TINTO FANNY 500 ML;Alimentación;ABARROTES;ABARROTES 2DA NECESIDAD;SALSAS;BOT;1.513;2020-08-13
VINAGRE BLANCO FANNY 500 ML;Alimentación;ABARROTES;ABARROTES 2DA NECESIDAD;SALSAS;BOT;1.513;2020-08-13
PASTA DE TOMATE B&D 3.20 KG;Alimentación;ABARROTES;ABARROTES 2DA NECESIDAD;SALSAS;LAT;20.02;2018-08-20
MAYONESA BASE MACBEL 4 LT (E);Alimentación;ABARROTES;ABARROTES 2DA NECESIDAD;OTROS;CAJ;36.75;2019-04-20
SALSA SILLAU TRESA 3.8 LT;Alimentación;ABARROTES;ABARROTES 2DA NECESIDAD;SALSAS;GLN;10.5;2025-11-02
VINAGRE BLANCO TRESA 3.8 LT;Alimentación;ABARROTES;ABARROTES 2DA NECESIDAD;SALSAS;GLN;8.9;2026-09-02
VINAGRE TINTO TRESA 3.8 LT;Alimentación;ABARROTES;ABARROTES 2DA NECESIDAD;SALSAS;GLN;8.9;2026-09-02
PASTA DE TOMATE EMIC 1 KG;Alimentación;ABARROTES;ABARROTES 2DA NECESIDAD;SALSAS;BOL;9.8;2025-12-28
SALSA DE AJI CASERO TRESA 8/10 GR;Alimentación;ABARROTES;ABARROTES 2DA NECESIDAD;SALSAS;SCH;0.089;2026-09-17
SALSA OSTION HADAY X 260 ML;Alimentación;ABARROTES;ABARROTES 2DA NECESIDAD;SALSAS;FCO;5.083;2025-11-28
SALSA OSTION HADAY X 260 ML - UNIDAD;Alimentación;ABARROTES;ABARROTES 2DA NECESIDAD;SALSAS;FCO;5.083;2025-12-17
SALSA OSTION JADE BRIDGE 250 ML;Alimentación;ABARROTES;ABARROTES 2DA NECESIDAD;SALSAS;FCO;6.55;2024-09-09
SALSA SILLAO LOPESA 5 LT;Alimentación;ABARROTES;ABARROTES 2DA NECESIDAD;SALSAS;GLN;19.07;2026-09-02
PASTA DE TOMATE MAGGI 1 KG;Alimentación;ABARROTES;ABARROTES 2DA NECESIDAD;SALSAS;SCH;11.99;2022-12-17
MAYONESA HELLMANS SUAVE 2900 CC;Alimentación;ABARROTES;ABARROTES 2DA NECESIDAD;SALSAS;BOL;26.243;2023-07-16
SALSA DE AJI TARI 10/8 GR;Alimentación;ABARROTES;ABARROTES 2DA NECESIDAD;SALSAS;SCH;0.309;2022-04-07
MAYONESA TRESA PERSONAL 10 GR;Alimentación;ABARROTES;ABARROTES 2DA NECESIDAD;SALSAS;SCH;0.127;2026-09-17
MOSTAZA TRESA PERSONAL 10 GR;Alimentación;ABARROTES;ABARROTES 2DA NECESIDAD;SALSAS;SCH;0.079093;2026-09-17
KETCHUP TRESA PERSONAL 10 GR;Alimentación;ABARROTES;ABARROTES 2DA NECESIDAD;SALSAS;SCH;0.083;2026-09-17
SALSA DE AJI SODEXO 5 GR;Alimentación;ABARROTES;ABARROTES 2DA NECESIDAD;SALSAS;SCH;0.129;2019-04-06
SALSA DE ROCOTO SODEXO 5 GR;Alimentación;ABARROTES;ABARROTES 2DA NECESIDAD;SALSAS;SCH;0.129;2019-03-20
PASTA DE AJI PANCA RAM 1 KG;Alimentación;ABARROTES;ABARROTES 2DA NECESIDAD;PREPARADOS;BOL;10;2019-03-20
PASTA DE AJO RAM 1 KG;Alimentación;ABARROTES;ABARROTES 2DA NECESIDAD;PREPARADOS;BOL;13.24;2019-07-15
PRE ELABORADO RAM BASE ORIENTAL 1 KG;Alimentación;ABARROTES;ABARROTES 2DA NECESIDAD;PREPARADOS;BOL;16.82;2018-07-18
KETCHUP DERBY 4 LT;Alimentación;ABARROTES;ABARROTES 2DA NECESIDAD;SALSAS;BLD;14.3;2019-04-11
MOSTAZA DERBY 4 KG;Alimentación;ABARROTES;ABARROTES 2DA NECESIDAD;SALSAS;BLD;10.9;2019-05-01
VINAGRE BALSAMICO LUREN 5 LT PET;Alimentación;ABARROTES;ABARROTES 2DA NECESIDAD;SALSAS;BID;24.956;2021-09-07
VINAGRE DE MANZANA OLIVOS DEL SUR 4 LT PET;Alimentación;ABARROTES;ABARROTES 2DA NECESIDAD;SALSAS;BOT;38.73;2024-10-21
SALSA POMODORO EMIC 1 KG;Alimentación;REFRIGERADOS;OTROS;;BOL;10.5;2019-12-19
SALSA BBQ LUREN 510 GRM;Alimentación;ABARROTES;ABARROTES 2DA NECESIDAD;SALSAS;FCO;6.9;2021-01-29
SALSA INGLESA LUREN 295 ML;Alimentación;ABARROTES;ABARROTES 2DA NECESIDAD;SALSAS;FCO;5.6;2019-12-19
SALSA INGLESA LUREN 295 ML PET;Alimentación;ABARROTES;ABARROTES 2DA NECESIDAD;SALSAS;BOT;5.6;2025-01-08
MANI SALADO ENGALLETADO KARINTO 100 GR;Alimentación;ABARROTES;ABARROTES 2DA NECESIDAD;SNACKS;BOL;2.3;2019-06-30
HABAS SALADAS KARINTO 18 GR;Alimentación;ABARROTES;ABARROTES 2DA NECESIDAD;SNACKS;BOL;0.376;2020-12-21
CHIFLES SALADO KARINTO 34 GR;Alimentación;ABARROTES;ABARROTES 2DA NECESIDAD;SNACKS;UND;1.164;2026-03-28
PAPAS ONDAS LAYS 140 GR;Alimentación;ABARROTES;ABARROTES 2DA NECESIDAD;SNACKS;BOL;4.179;2024-12-22
CANCHA CHULPI VILLA NATURA 80 GR;Alimentación;ABARROTES;ABARROTES 2DA NECESIDAD;SNACKS;BOL;3.01;2024-03-13
CANCHA SALADA PIKADITOS 100 GR;Alimentación;ABARROTES;ABARROTES 2DA NECESIDAD;SNACKS;BOL;3.2;2026-09-17
PIQUEO SNACK FRITO LAY 190 GR;Alimentación;ABARROTES;ABARROTES 2DA NECESIDAD;SNACKS;BOL;5.516;2025-12-24
PAPAS ONDAS LAYS 130 GR;Alimentación;ABARROTES;ABARROTES 2DA NECESIDAD;SNACKS;BOL;4.18;2026-06-12
CHIFLES SALADO KARINTO 28 GR;Alimentación;ABARROTES;ABARROTES 2DA NECESIDAD;SNACKS;UND;1.164;2026-09-04
MANI SALADO KARINTO 42 GR;Alimentación;ABARROTES;ABARROTES 2DA NECESIDAD;SNACKS;BOL;0.847;2019-05-18
MANI CON PASAS CARTER 37 GR;Alimentación;ABARROTES;ABARROTES 2DA NECESIDAD;SNACKS;UND;0.847;2019-01-27
MANI SALADO CARTER 37 GR;Alimentación;ABARROTES;ABARROTES 2DA NECESIDAD;SNACKS;UND;0.682;2019-05-10
CANCHA SALADA SANTIS 100 GR;Alimentación;ABARROTES;ABARROTES 2DA NECESIDAD;SNACKS;BOL;3.279983;2025-06-29
PAPAS AL HILO 4 ESTACIONES 500 GR;Alimentación;ABARROTES;ABARROTES 2DA NECESIDAD;SNACKS;BOL;13;2025-12-28
DORITOS FRITO QUESO FUEGO LAY 43/40 GR;Alimentación;ABARROTES;ABARROTES 2DA NECESIDAD;SNACKS;BOL;0.92;2018-09-24
MANI CON PASAS CARTER 100 GR;Alimentación;ABARROTES;ABARROTES 2DA NECESIDAD;SNACKS;UND;2.118;2019-03-08
PAPAS LAYS 36 GR;Alimentación;ABARROTES;ABARROTES 2DA NECESIDAD;SNACKS;BOL;1.559;2025-10-09
PIQUEO SNACK FRITO LAY 55 GR;Alimentación;ABARROTES;ABARROTES 2DA NECESIDAD;SNACKS;BOL;1.559;2025-05-18
MAYONESA SCALA EMIC 3.8 KG;Alimentación;ABARROTES;ABARROTES 2DA NECESIDAD;OTROS;BOL;34.58;2026-09-13
MANTECA VEGETAL SELECTO DE ORO 10 KG;Alimentación;REFRIGERADOS;MANTECA;;CAJ;63;2021-05-15
PASAS SECAS RUBIAS 4 ESTACIONES 1 KG;Alimentación;REFRIGERADOS;OTROS;FRUTO SECO;BOL;30;2025-12-15
MAYONESA BASE EMIC 3.8 KG;Alimentación;ABARROTES;ABARROTES 2DA NECESIDAD;OTROS;BOL;38.7085;2022-10-06
ARVEJA GRANO PELADA CONGELADO;Alimentación;CONGELADOS;FRUTAS Y VERDURAS;VERDURAS PRE ELABORADAS;KG;7.29858;2026-09-24
BETERRAGA EN CUBOS CONGELADO;Alimentación;CONGELADOS;FRUTAS Y VERDURAS;VERDURAS PRE ELABORADAS;KG;4.496;2018-08-19
BROCOLI PRE COCIDO 30/60 CONGELADO;Alimentación;CONGELADOS;FRUTAS Y VERDURAS;VERDURAS PRE ELABORADAS;KG;11.537333;2025-05-14
CHOCLO DESGRANADO CONGELADO;Alimentación;CONGELADOS;FRUTAS Y VERDURAS;VERDURAS PRE ELABORADAS;KG;11.540309;2026-10-01
ESPINACA CONGELADA;Alimentación;CONGELADOS;FRUTAS Y VERDURAS;VERDURAS PRE ELABORADAS;KG;5.84;2026-06-22
VAINITA EN TROZOS CONGELADA;Alimentación;CONGELADOS;FRUTAS Y VERDURAS;VERDURAS PRE ELABORADAS;KG;6.355828;2026-09-24
YUCA CONGELADA;Alimentación;CONGELADOS;FRUTAS Y VERDURAS;VERDURAS PRE ELABORADAS;KG;7.464496;2026-10-01
OLLUQUITO PICADO CONGELADO;Alimentación;CONGELADOS;FRUTAS Y VERDURAS;VERDURAS PRE ELABORADAS;KG;7.355;2025-11-07
HABAS VERDES PELADAS CONGELADA;Alimentación;CONGELADOS;FRUTAS Y VERDURAS;VERDURAS PRE ELABORADAS;KG;23.085876;2026-10-01
PULPA DE MELON CONGELADO;Alimentación;CONGELADOS;FRUTAS Y VERDURAS;PULPAS;KG;6.65;2018-12-31
CARNE MOLIDA CONGELADA;Alimentación;CONGELADOS;CARNES;RES;KG;13.393;2026-10-01
CHULETA DE CERDO TROZADO 150 GR CONGELADO;Alimentación;CONGELADOS;CARNES;CERDO;KG;15.35;2026-10-01
CORAZON DE RES CONGELADO;Alimentación;CONGELADOS;CARNES;MENUDENCIAS;KG;13.594736;2026-06-11
GALLINA ENTERA SIN MENUDENCIA CONGELADO - IMPORTADO;Alimentación;CONGELADOS;CARNES;GALLINA;KG;6.488;2026-10-01
HAMBURGUESA DE RES CONGELADO;Alimentación;CONGELADOS;CARNES;RES;KG;12.28;2020-11-27
HIGADO DE RES CONGELADO;Alimentación;CONGELADOS;CARNES;MENUDENCIAS;KG;8.645233;2026-09-17
MONDONGO CONGELADO;Alimentación;CONGELADOS;CARNES;MENUDENCIAS;KG;9.199624;2026-10-01
PECHUGA DE PAVO CON HUESO CONGELADO;Alimentación;CONGELADOS;CARNES;PAVO;KG;21.19;2023-09-17
PIERNA DE CERDO SIN PIEL Y SIN HUESO CONGELADO;Alimentación;CONGELADOS;CARNES;CERDO;KG;13.2;2026-10-01
PIERNA DE CORDERO CONGELADO;Alimentación;CONGELADOS;CARNES;ANIMALES MENORES;KG;21.591;2020-04-06
PIERNA DE POLLO CON ENCUENTRO CONGELADO;Alimentación;CONGELADOS;CARNES;POLLO;KG;6.24;2024-02-17
POLLO SIN MENUDENCIA CONGELADO RANGO 1.428 - 1.611 KG (SAN FERNANDO);Alimentación;CONGELADOS;CARNES;POLLO;KG;7.817;2025-06-15
PATITA DE CERDO CONGELADO;Alimentación;CONGELADOS;CARNES;CERDO;KG;5.17;2025-06-28
PECHUGA DE POLLO C/HUESO Y PIEL CONGELADO;Alimentación;CONGELADOS;CARNES;POLLO;KG;14.71;2022-10-06
PAVO ENTERO CON MENUDENCIA CONGELADO;Alimentación;CONGELADOS;CARNES;PAVO;KG;13.66;2024-12-12
GALLINA ENTERA CON MENUDENCIA CONGELADO;Alimentación;CONGELADOS;CARNES;GALLINA;KG;7.2;2025-05-14
CORDERO ENTERO TROZADO CONGELADO;Alimentación;CONGELADOS;CARNES;ANIMALES MENORES;KG;21.023;2019-01-12
BONDIOLA DE CERDO CONGELADO;Alimentación;CONGELADOS;CARNES;CERDO;KG;14.82;2019-05-11
PATO ENTERO SIN EXTREMIDADES CONGELADO;Alimentación;CONGELADOS;CARNES;ANIMALES MENORES;KG;33.5;2026-10-01
PATA DE RES CONGELADO;Alimentación;CONGELADOS;CARNES;MENUDENCIAS;KG;19.096;2021-08-12
POLLO SIN MENUDENCIA CONGELADO RANGO 1.75 A 1.85 KG;Alimentación;CONGELADOS;CARNES;POLLO;KG;8.148;2025-04-07
CUY SIN PATAS Y SIN CABEZA CONGELADO;Alimentación;CONGELADOS;CARNES;ANIMALES MENORES;KG;60.06;2025-06-29
POLLO SIN MENUDENCIA CONGELADO RANGO 2 KG;Alimentación;CONGELADOS;CARNES;POLLO;KG;12.967987;2023-08-20
BRAZUELO DE CERDO SIN PIEL Y SIN HUESO CONGELADO;Alimentación;CONGELADOS;CARNES;CERDO;KG;13.19;2024-11-14
FILETE DE PIERNA DE POLLO C/ PIEL CONGELADO 130-230 GR;Alimentación;CONGELADOS;CARNES;POLLO;KG;11.16;2018-07-01
ALPACA ENTERA TROZADA CONGELADA;Alimentación;CONGELADOS;CARNES;ANIMALES MENORES;KG;28.675766;2025-08-10
CHULETA DE CERDO TROZADO 120 GR CONGELADO;Alimentación;CONGELADOS;CARNES;CERDO;KG;15.35;2026-09-24
MIXTURA DE MARISCOS CONGELADO;Alimentación;CONGELADOS;CARNES;MARISCOS;KG;28.848781;2025-09-12
TRUCHA ENTERA EVISCERADA CONGELADO GRANEL 100 - 400 GR;Alimentación;CONGELADOS;CARNES;PESCADOS;KG;18.23;2019-03-08
PERICO FILETE CON PIEL CONGELADO;Alimentación;CONGELADOS;CARNES;PESCADOS;KG;18.82;2020-02-27
PERICO FILETE SIN PIEL CONGELADO- KGM;Alimentación;CONGELADOS;CARNES;PESCADOS;KG;34.51;2026-10-01
BONITO FILETE CON PIEL CONGELADO - KGM;Alimentación;CONGELADOS;CARNES;PESCADOS;KG;14.469356;2026-10-01
REYNETA FILETE SIN PIEL CONGELADO;Alimentación;CONGELADOS;CARNES;PESCADOS;KG;32.14;2021-12-02
GASEOSA COCA COLA 500 ML;Alimentación;BEBIDAS;SIN ALCOHOL;GASEOSA;BOT;1.55;2024-07-18
GASEOSA INCA KOLA 500 ML;Alimentación;BEBIDAS;SIN ALCOHOL;GASEOSA;BOT;1.55;2024-07-18
GASEOSA INCA KOLA 3 LT;Alimentación;BEBIDAS;SIN ALCOHOL;GASEOSA;BOT;7.79;2026-09-24
GASEOSA FANTA 3 LT;Alimentación;BEBIDAS;SIN ALCOHOL;GASEOSA;BOT;5.92;2026-02-06
GASEOSA COCA COLA 3 LT;Alimentación;BEBIDAS;SIN ALCOHOL;GASEOSA;BOT;7.79;2026-09-24
BETUN NEGRO KIWI 88 GR;Alimentación;KIOSKO;KIOSKO;KIOSKO;LAT;2.48;2020-07-01
BETUN NEGRO SAPOLIO 88 ML;Alimentación;KIOSKO;KIOSKO;KIOSKO;LAT;3.04;2020-07-23
JOHNSON DIVERSEY SOFTCARE FREE PLUS GLN X 5 LT;Alimentación;LIMPIEZA;QUIMICOS;CATERING;GLN;93.62;2025-02-07
JOHNSON DIVERSEY SUMA COMBI+ 5LT;Alimentación;LIMPIEZA;QUIMICOS;CATERING;UND;165.32;2024-01-05
GASEOSA COCA COLA SIN AZUCAR 500 ML;Alimentación;BEBIDAS;SIN ALCOHOL;GASEOSA;BOT;1.55;2025-02-02
GASEOSA COCA COLA 2.25 LT;Alimentación;BEBIDAS;SIN ALCOHOL;GASEOSA;BOT;6.441;2020-07-10
JOHNSON DIVERSEY DRAX ULTRA 5 LT;Alimentación;LIMPIEZA;QUIMICOS;HOTELERIA;GLN;71.030213;2025-05-14
JOHNSON DIVERSEY SUMA BAC D10 5 LT;Alimentación;LIMPIEZA;QUIMICOS;HOTELERIA;GLN;93.33;2022-03-21
JOHNSON DIVERSEY ALPHA HP 1.5 LT;Alimentación;LIMPIEZA;QUIMICOS;HOTELERIA;FCO;80.47;2020-05-24
JOHNSON DIVERSEY TASKI R5 LT;Alimentación;LIMPIEZA;QUIMICOS;HOTELERIA;FCO;78.33;2021-11-11
BEBIDA REHIDRATANTE MORA AZUL POWERADE 500 ML;Alimentación;BEBIDAS;SIN ALCOHOL;REHIDRATANTES;BOT;1.1985;2020-10-07
JOHNSON DIVERSEY CLAX ALFA 20 LT;Alimentación;LIMPIEZA;QUIMICOS;LAVANDERIA;BID;459.58;2023-09-28
CEPILLO DENTAL DENTO;Alimentación;KIOSKO;KIOSKO;KIOSKO;UND;1.94;2020-07-23
PULVERIZADOR PLASTICO 750 ML;Alimentación;LIMPIEZA;ARTICULOS PARA LIMPIEZA;OTROS;UND;6.356;2026-04-23
JALADOR DE AGUA CON CERDAS 45 CM 9C42 NEGRO RUBBERMAID;Alimentación;LIMPIEZA;ARTICULOS PARA LIMPIEZA;JALADOR;PAR;69.82;2018-10-07
PAPEL HIGIENICO JUMBO BLANCO SCOTT 550 MT;Alimentación;LIMPIEZA;PAPELERIA;PAPEL HIGIENICO;RLL;16.87;2018-07-18
PAPEL MANTECA RESMA PAQ 450 HOJAS;Alimentación;DESCARTABLES;PLASTICOS;BOLSAS;PQT;88.14;2026-09-17
PAPEL DE ALUMINIO UTIL 12 X 300 MT;Alimentación;DESCARTABLES;PLASTICOS;BOLSAS;CAJ;155.853;2026-06-12
JOHNSON DIVERSEY SUMA D44 5 LT;Alimentación;LIMPIEZA;QUIMICOS;CATERING;GLN;41.819;2025-02-07
AGUA SAN LUIS DESCARTABLE BIB 20 LT;Alimentación;BEBIDAS;SIN ALCOHOL;AGUA;CAJ;14.711417;2018-10-29
AGUA SAN LUIS SIN GAS 2.5 LT;Alimentación;BEBIDAS;SIN ALCOHOL;AGUA;BOT;1.94;2023-03-10
AGUA VIDA SIN GAS 625 ML;Alimentación;BEBIDAS;SIN ALCOHOL;AGUA;BOT;0.546;2019-08-26
PAPEL HIGIENICO SUAVE 15.96 MTS (30241893);Alimentación;LIMPIEZA;PAPELERIA;PAPEL HIGIENICO;RLL;0.657153;2022-04-30
PAPEL HIGIENICO VERDE 16 MT X 20 ROLLOS;Alimentación;LIMPIEZA;PAPELERIA;PAPEL HIGIENICO;PQT;23.317;2021-11-27
PAPEL HIGIENICO DOBLE HOJA SUAVE RESISTEMAX 15 MT (30242657);Alimentación;LIMPIEZA;PAPELERIA;PAPEL HIGIENICO;RLL;0.76534;2024-03-25
BEBIDA REHIDRATANTE FRUTILLA POWERADE 500 ML;Alimentación;BEBIDAS;SIN ALCOHOL;REHIDRATANTES;BOT;1.198897;2020-11-22
BEBIDA REHIDRATANTE MANDARINA POWERADE 500ML;Alimentación;BEBIDAS;SIN ALCOHOL;REHIDRATANTES;BOT;1.2;2020-11-27
AGUA SAN LUIS SIN GAS 625 ML;Alimentación;BEBIDAS;SIN ALCOHOL;AGUA;BOT;0.8;2022-07-16
PAPEL HIGIENICO JUMBO BLANCO SUAVE 550 MT (30223592);Alimentación;LIMPIEZA;PAPELERIA;PAPEL HIGIENICO;RLL;8.270481;2019-06-01
PAPEL HIGIENICO JUMBO BLANCO SCOTT 550 MT (30228044);Alimentación;LIMPIEZA;PAPELERIA;PAPEL HIGIENICO;RLL;9.15;2026-09-02
PAPEL HIGIÉNICO SUAVE 16MTS (30229579);Alimentación;LIMPIEZA;PAPELERIA;PAPEL HIGIENICO;RLL;0.517004;2021-10-01
PAPEL TOALLA NATURAL JUMBO SCOTT 200 MT (30203351);Alimentación;LIMPIEZA;PAPELERIA;PAPEL TOALLA;UND;14.58;2019-05-11
PAPEL TOALLA AIRFLEX BLANCO SCOTT 200 MT (30224771);Alimentación;LIMPIEZA;PAPELERIA;PAPEL TOALLA;UND;13.369174;2019-08-03
PAPEL TOALLA AIRFLEX BLANCO BASIC SCOTT 200 MT (30242645 - 30228197);Alimentación;LIMPIEZA;PAPELERIA;PAPEL TOALLA;UND;17.42;2026-09-24
SERVILLETA TESS 6 UND DE 400 HOJAS;Alimentación;LIMPIEZA;PAPELERIA;SERVILLETAS;PQT;18.893;2021-11-27
SERVILLETA POP UP AIRFLEX SCOTT 120 UND ( 30209601 );Alimentación;LIMPIEZA;PAPELERIA;SERVILLETAS;UND;1.06;2026-09-24
SERVILLETA AIRFLEX 200 HOJAS (30209703);Alimentación;LIMPIEZA;PAPELERIA;SERVILLETAS;UND;4.24;2019-02-06
SERVILLETA ELITE ECOLOGICA 33 X 22.5 100 UND;Alimentación;LIMPIEZA;PAPELERIA;SERVILLETAS;PQT;4.223;2025-04-23
JUGO DE NARANJA GLORIA 250 ML;Alimentación;BEBIDAS;SIN ALCOHOL;JUGOS;CAJ;1.35;2018-11-29
GEL ANTIBACTERIAL IDOGEL 1 LT;Alimentación;LIMPIEZA;HIGIENE;ALCOHOL GEL;BOT;37.05;2020-05-06
PRE ELABORADO NATURALE CONCENTRADO CHICHA MORADA 2 LT;Alimentación;ABARROTES;ABARROTES 2DA NECESIDAD;PREPARADOS;BOL;12.269023;2026-09-17
ALCOHOL EN GEL BLEND X 400 ML;Alimentación;LIMPIEZA;HIGIENE;ALCOHOL GEL;UND;11.017;2020-07-08
PRE ELABORADO NATURALE CONCENTRADO MARACUYA 2 LT;Alimentación;ABARROTES;ABARROTES 2DA NECESIDAD;PREPARADOS;BOL;18.119044;2026-09-24
GEL ANTIBACTERIAL GG 1 LT;Alimentación;LIMPIEZA;HIGIENE;ALCOHOL GEL;BOT;32;2020-07-10
PRE ELABORADO NATURALE CONCENTRADO CARAMBOLA 2 LT;Alimentación;ABARROTES;ABARROTES 2DA NECESIDAD;PREPARADOS;BOL;13.14;2026-09-17
ALCOHOL GEL X 1000 ML TAPA PUMP NEX;Alimentación;LIMPIEZA;HIGIENE;ALCOHOL GEL;LT;19;2025-01-08
ALCOHOL GEL IDOGEL X 1000ML;Alimentación;LIMPIEZA;HIGIENE;ALCOHOL GEL;LT;19;2021-10-29
JOHNSON DIVERSEY SOFTCARE ALCOHOL GEL GLN X 5 LT;Alimentación;LIMPIEZA;HIGIENE;ALCOHOL GEL;GLN;141.261429;2025-02-07
PRE ELABORADO NATURALE CONCENTRADO MANZANA 2 LT;Alimentación;ABARROTES;ABARROTES 2DA NECESIDAD;PREPARADOS;BOL;12.250917;2026-09-17
JABON ANTIBACTERIAL REXONA 84 GR;Alimentación;LIMPIEZA;HIGIENE;JABONES;BAR;2.827611;2024-03-22
JABON TOCADOR LUX 85 GR;Alimentación;LIMPIEZA;HIGIENE;JABONES;BAR;1.4;2018-11-29
JABON TOCADOR CEST IT BON HOTELERO SPA 10 GR;Alimentación;LIMPIEZA;HIGIENE;JABONES;BAR;0.25;2018-12-07
JABON TOCADOR NIVEA 75 GR;Alimentación;LIMPIEZA;HIGIENE;JABONES;BAR;3.05;2025-12-07
JABON ANTIBACTERIAL NEKO 75 GR;Alimentación;LIMPIEZA;HIGIENE;JABONES;BAR;4.014;2025-04-03
JABON DOVE ORIGINAL 90 GR;Alimentación;LIMPIEZA;HIGIENE;JABONES;BAR;3.927;2026-09-13
ESCOBA DE PLASTICO SUPER DALIA VIRUTEX;Alimentación;LIMPIEZA;ARTICULOS PARA LIMPIEZA;ESCOBAS;UND;11.5;2020-09-06
CABEZA ESCOBA DE PLASTICO SUPER DALIA VIRUTEX 12 UND;Alimentación;LIMPIEZA;ARTICULOS PARA LIMPIEZA;ESCOBAS;PQT;111.88;2026-02-16
PALO ESCOBA DE PLASTICO SUPER DALIA VIRUTEX 12 UND;Alimentación;LIMPIEZA;ARTICULOS PARA LIMPIEZA;ESCOBAS;PQT;48.3;2026-02-16
ESPONJA SCOTH BRITE N.746 TRABAJO PESADO PLANCHA CALIENTE PQT X 15 UND;Alimentación;LIMPIEZA;ARTICULOS PARA LIMPIEZA;ESPONJAS;PQT;91.17;2021-09-15
FIBRA EXTRA DURA 250X120X25 NEGRO;Alimentación;LIMPIEZA;ARTICULOS PARA LIMPIEZA;ESPONJAS;UND;14.45;2024-01-05
FIBRA EXTRA DURA 250X120X25 NEGRO CORTADA EN 2 UND;Alimentación;LIMPIEZA;ARTICULOS PARA LIMPIEZA;ESPONJAS;UND;14.45;2024-06-24
ESPONJA NARANJA 746 P/GRIDDLE CLEANER S/B / 70071593647 3M;Alimentación;LIMPIEZA;ARTICULOS PARA LIMPIEZA;ESPONJAS;UND;4.48;2026-09-17
ESPONJA CERO RAYAS INSTITUCIONAL BLANCO 3M SCOTH BRITE UND;Alimentación;LIMPIEZA;ARTICULOS PARA LIMPIEZA;ESPONJAS;UND;3.674;2026-09-02
ESPONJA TRABAJO PESADO N° 88 SCOTCH BRITE;Alimentación;LIMPIEZA;ARTICULOS PARA LIMPIEZA;ESPONJAS;UND;8.55;2021-01-16
ESPONJA VERDE SCOTCH BRITE ORIGINAL PRECORTADO 1 X 2 UND;Alimentación;LIMPIEZA;ARTICULOS PARA LIMPIEZA;ESPONJAS;PAR;3.275;2023-11-20
ESPONJA TRABAJO PESADO N.88 SCOTCH BRITE;Alimentación;LIMPIEZA;ARTICULOS PARA LIMPIEZA;ESPONJAS;UND;8.55;2026-09-02
ESPONJA VERDE SCOTCH BRITE 180 UND;Alimentación;LIMPIEZA;ARTICULOS PARA LIMPIEZA;ESPONJAS;CAJ;322.2;2023-12-14
"ATRAPA POLVO REPUESTO ALGODON/AZUL DM-25536BDA 36"" (91 CM) ABCO";Alimentación;LIMPIEZA;ARTICULOS PARA LIMPIEZA;MOPAS;UND;19.08;2019-08-26
FRANELA BALLERINA VIRUTEX;Alimentación;LIMPIEZA;ARTICULOS PARA LIMPIEZA;FRANELAS Y PAÑOS;UND;1.75;2026-09-02
PAÑO MICROFIBRA AZUL CM 40 X 38 - DARYZA;Alimentación;LIMPIEZA;ARTICULOS PARA LIMPIEZA;FRANELAS Y PAÑOS;UND;2.364;2024-06-16
PAÑO MICROFIBRA CASTOR AMARILLA 40 X 40 CM;Alimentación;LIMPIEZA;ARTICULOS PARA LIMPIEZA;FRANELAS Y PAÑOS;UND;11.6;2026-05-21
DESODORANTE AMBIENTADOR ANTITABACO SAPOLIO 360 ML;Alimentación;LIMPIEZA;INSUMOS PARA LIMPIEZA;AROMATIZADOR;FCO;4.76;2021-04-24
DESODORANTE AMBIENTADOR BRISA MARINA SAPOLIO 360 ML;Alimentación;LIMPIEZA;INSUMOS PARA LIMPIEZA;AROMATIZADOR;FCO;4.76;2020-09-06
DESODORANTE AMBIENTADOR POTPURRI SAPOLIO 360 ML;Alimentación;LIMPIEZA;INSUMOS PARA LIMPIEZA;AROMATIZADOR;FCO;5.81;2023-10-19
CERA PASTA ROJA TEKNOBRILL 3.8 LT;Alimentación;LIMPIEZA;INSUMOS PARA LIMPIEZA;CERA;GLN;46.98;2026-08-07
CERA LIQUIDA ROJA DARYZA 3.8 LT;Alimentación;LIMPIEZA;INSUMOS PARA LIMPIEZA;CERA;GLN;12.21;2021-11-10
CERA AL AGUA GERMICIDA 3.8 LT;Alimentación;LIMPIEZA;INSUMOS PARA LIMPIEZA;CERA;GLN;8.2;2021-05-27
SANIT 10 GARRAFA- 5 LITROS SPARTAN;Alimentación;LIMPIEZA;INSUMOS PARA LIMPIEZA;DESINFECTANTE;UND;83.33;2026-07-12
CR2+ PRESENTACION 1 GALON;Alimentación;LIMPIEZA;INSUMOS PARA LIMPIEZA;DESINFECTANTE;UND;71.06;2026-07-12
ALCA DETER X 4L [B2-4L];Alimentación;LIMPIEZA;INSUMOS PARA LIMPIEZA;DETERGENTES;LT;20.9;2026-07-01
LAVAVAJILLA X 1000 GR. SAPOLIO 8305162;Alimentación;LIMPIEZA;INSUMOS PARA LIMPIEZA;LAVAVAJILLAS;POT;6.394;2022-10-06
LAVAVAJILLA SAPOLIO 900 GR;Alimentación;LIMPIEZA;INSUMOS PARA LIMPIEZA;LAVAVAJILLAS;POT;6.071;2021-05-27
CLORIN 7.5 - ( 5 LITROS) SPARTAN;Alimentación;LIMPIEZA;INSUMOS PARA LIMPIEZA;LEJIAS;UND;23.333;2026-08-03
LEJIA SAPOLIO 3.785 ML;Alimentación;LIMPIEZA;INSUMOS PARA LIMPIEZA;LEJIAS;BOT;10.5;2021-07-15
LEJIA CONCENTRADA DARYZA 4 LT (GL);Alimentación;LIMPIEZA;INSUMOS PARA LIMPIEZA;LEJIAS;GLN;8.69;2023-03-24
LEJIA SAPOLIO 5 LT X 4UND;Alimentación;LIMPIEZA;INSUMOS PARA LIMPIEZA;LEJIAS;CAJ;58;2025-09-03
LIMPIAVIDRIO CON GATILLO DARYZA 1 LT;Alimentación;LIMPIEZA;INSUMOS PARA LIMPIEZA;LIMPIADORES;FCO;5.05;2020-07-31
LIMPIAVIDRIO DARYZA 3.8 LT;Alimentación;LIMPIEZA;INSUMOS PARA LIMPIEZA;LIMPIADORES;GLN;4.74;2020-09-01
LIMPIAVIDRIO DARYZA 1 LT;Alimentación;LIMPIEZA;INSUMOS PARA LIMPIEZA;LIMPIADORES;FCO;3.15;2024-01-21
DM 500 H PLUS FP SPARTAN 19 LITROS - V3;Alimentación;LIMPIEZA;INSUMOS PARA LIMPIEZA;SACAGRASA;BID;356.73;2024-07-15
SUPERCLEAN FP GARRAFA - 5 LITROS - SPARTAN;Alimentación;LIMPIEZA;INSUMOS PARA LIMPIEZA;SACAGRASA;UND;164.17;2026-01-17
SPARCLEAN RINSE AID II SPARTAN 5 LT;Alimentación;LIMPIEZA;INSUMOS PARA LIMPIEZA;OTROS;UND;104.95;2024-01-24
POT & PAN - GARRAFA 5 LITROS -SPARTAN;Alimentación;LIMPIEZA;INSUMOS PARA LIMPIEZA;OTROS;UND;77.81;2026-09-13
PASTILLAS DESCALCIFICADORAS RATIONAL MODELO NO. 56.00.562;Alimentación;LIMPIEZA;INSUMOS PARA LIMPIEZA;PASTILLAS LIMPIADORAS;BLD;479.807335;2026-08-30
PASTILLAS DE LAVADO RATIONAL MODELO NO. 56.00.210;Alimentación;LIMPIEZA;INSUMOS PARA LIMPIEZA;PASTILLAS LIMPIADORAS;BLD;443.23;2026-09-13
CHOCOLATE RELLENO MECANO COSTA 19 GR;Alimentación;ABARROTES;ABARROTES 2DA NECESIDAD;GOLOSINAS;UND;0.3;2018-12-07
GALLETA RELLENA CHOCOLATE CASINO 51/43 GR;Alimentación;ABARROTES;ABARROTES 2DA NECESIDAD;GOLOSINAS;PQT;0.71;2026-04-09
CHOCOLATE WAFER CUA CUA LACTA 18 GR;Alimentación;ABARROTES;ABARROTES 2DA NECESIDAD;GOLOSINAS;UND;0.568;2025-06-08
CHOCOLATE DOÑA PEPA LACTA 23 GR;Alimentación;ABARROTES;ABARROTES 2DA NECESIDAD;GOLOSINAS;UND;0.795;2025-10-25
BOLSA BLANCA T-SHIRT 16 X 19 100 UNID;Alimentación;DESCARTABLES;PLASTICOS;BOLSAS;PQT;5.24375;2022-02-18
BOLSA TRANSPARENTE ROLLOMATIC 8 X 12;Alimentación;DESCARTABLES;PLASTICOS;BOLSAS;RLL;11.27;2020-04-29
BOLSA TRANSPARENTE ROLLOMATIC 5 X 10;Alimentación;DESCARTABLES;PLASTICOS;BOLSAS;RLL;13.242;2026-09-13
BOLSA PARA LAVANDERIA BIODEG.PARAISO 16.5 X 23 MILLAR;Alimentación;DESCARTABLES;PLASTICOS;BOLSAS;PQT;144.846615;2019-10-28
PAPEL HIGIENICO GOFRADO SCOTT 15 MT ( 30206615);Alimentación;LIMPIEZA;PAPELERIA;PAPEL HIGIENICO;RLL;0.486;2020-12-21
CERVEZA BITBURGER SIN ALCOHOL 330 ML (VIDRIO);Alimentación;BEBIDAS;SIN ALCOHOL;OTROS;BOT;6.52;2022-12-29
CERVEZA BITBURGER SIN ALCOHOL 500 ML LATA;Alimentación;BEBIDAS;SIN ALCOHOL;OTROS;LAT;6.33;2022-11-17
AGUA SAN LUIS SIN GAS 750 ML;Alimentación;BEBIDAS;SIN ALCOHOL;AGUA;BOT;0.95;2026-09-17
AGUA VIDA DESCARTABLE BIB 20 LT;Alimentación;BEBIDAS;SIN ALCOHOL;AGUA;CAJ;15.4;2021-06-10
JUGO DE MANZANA AQUARIUS 500/600 ML;Alimentación;BEBIDAS;SIN ALCOHOL;JUGOS;BOT;1.12;2021-10-23
JUGO DE PERA AQUARIUS 500/600 ML;Alimentación;BEBIDAS;SIN ALCOHOL;JUGOS;BOT;1.12;2022-02-18
JUGO DE MANGO FRUGOS 235 ML;Alimentación;BEBIDAS;SIN ALCOHOL;JUGOS;CAJ;0.88;2026-09-24
JUGO DE NARANJA AQUARIUS 500/600 ML;Alimentación;BEBIDAS;SIN ALCOHOL;JUGOS;BOT;1.101;2020-02-07
PRE ELABORADO NATURALE CONCENTRADO EMOLIENTE 2 LT;Alimentación;ABARROTES;ABARROTES 2DA NECESIDAD;PREPARADOS;BOL;12.27;2026-09-17
CHICHA MORADA GLORIA 400 ML;Alimentación;BEBIDAS;SIN ALCOHOL;JUGOS;BOT;0.8;2020-09-01
JUGO DE PIÑA GLORIA 250 ML;Alimentación;BEBIDAS;SIN ALCOHOL;JUGOS;CAJ;1.35;2018-12-30
JOHNSON DIVERSEY FORWARD 5 LT;Alimentación;LIMPIEZA;QUIMICOS;HOTELERIA;GLN;54.98;2024-01-21
GASEOSA PERSONAL COCA COLA 500 ML;Alimentación;BEBIDAS;SIN ALCOHOL;GASEOSA;BOT;1.55;2026-09-24
GASEOSA PERSONAL INCA KOLA 500 ML;Alimentación;BEBIDAS;SIN ALCOHOL;GASEOSA;BOT;1.55;2026-09-24
GASEOSA COCA COLA PET 2.25 LT;Alimentación;BEBIDAS;SIN ALCOHOL;GASEOSA;BOT;5.63;2026-05-31
GASEOSA PEPSI 600 ML;Alimentación;BEBIDAS;SIN ALCOHOL;GASEOSA;BOT;1.661;2025-10-11
GASEOSA PERSONAL COCA COLA 600 ML;Alimentación;BEBIDAS;SIN ALCOHOL;GASEOSA;BOT;1.55;2026-02-06
JOHNSON DIVERSEY CLAX HYPO 4 AL 1 20 LT;Alimentación;LIMPIEZA;QUIMICOS;LAVANDERIA;BID;229.74;2023-09-28
JOHNSON DIVERSEY SUMA CRYSTAL 20 LT;Alimentación;LIMPIEZA;QUIMICOS;CATERING;BID;521.4;2026-09-13
JOHNSON DIVERSEY SUMA NOVA 20 LT;Alimentación;LIMPIEZA;QUIMICOS;CATERING;BID;497.04;2026-09-13
GASEOSA INCA KOLA SIN AZUCAR 500 ML;Alimentación;BEBIDAS;SIN ALCOHOL;GASEOSA;BOT;1.224;2019-05-23
JOHNSON DIVERSEY CLAX SUAVE 20 LT;Alimentación;LIMPIEZA;QUIMICOS;LAVANDERIA;BID;204.05;2024-01-21
GASEOSA COCA COLA 450 ML;Alimentación;BEBIDAS;SIN ALCOHOL;GASEOSA;BOT;1.252;2019-08-23
GASEOSA FANTA SIN AZUCAR 400 ML;Alimentación;BEBIDAS;SIN ALCOHOL;GASEOSA;BOT;1.37;2019-10-26
GASEOSA COCA COLA 300 ML (SAMPLING);Alimentación;BEBIDAS;SIN ALCOHOL;GASEOSA;BOT;1.271;2018-07-28
JOHNSON DIVERSEY SUMA CALC 5 LT R03300;Alimentación;LIMPIEZA;QUIMICOS;CATERING;GLN;96.620286;2022-07-30
JOHNSON DIVERSEY SOFTCARE ENHACE 5 LT;Alimentación;LIMPIEZA;QUIMICOS;HOTELERIA;GLN;64.115041;2022-08-27
JOHNSON DIVERSEY SUMA PLAQ 5 LT;Alimentación;LIMPIEZA;QUIMICOS;CATERING;GLN;96.546641;2023-11-03
JOHNSON DIVERSEY SOFTCARE ALCOHOL GEL 800 ML;Alimentación;LIMPIEZA;HIGIENE;ALCOHOL GEL;SCH;27.627;2021-10-31
JOHNSON DIVERSEY SOFTCARE BAC 5 LT;Alimentación;LIMPIEZA;QUIMICOS;CATERING;GLN;74.922;2018-07-01
JABON ANTIBACTERIAL PROTEX 75 GR-LIMPIEZA PROFUNDA;Alimentación;LIMPIEZA;HIGIENE;JABONES;BAR;2.44;2026-03-28
DETERGENTE SAPOLIO DE 13.5 KG;Alimentación;LIMPIEZA;INSUMOS PARA LIMPIEZA;DETERGENTES;SCO;104.235;2026-08-13
CERA AL AGUA SAPOLIO 3.785 LT;Alimentación;LIMPIEZA;INSUMOS PARA LIMPIEZA;CERA;GLN;18.12;2020-07-31
LEJIA SAPOLIO 2 LT;Alimentación;LIMPIEZA;INSUMOS PARA LIMPIEZA;LEJIAS;BOT;8.42;2019-01-27
JOHNSON DIVERSEY SUMA J512 5 LT;Alimentación;LIMPIEZA;QUIMICOS;CATERING;GLN;102.02;2024-01-05
BEBIDA ACTI AVENA GLORIA 250 MLT;Alimentación;BEBIDAS;SIN ALCOHOL;OTROS;VAS;1.095;2020-08-19
PRE ELABORADO NATURALE CONCENTRADO PIÑA GOLDEN 2 LT;Alimentación;ABARROTES;ABARROTES 2DA NECESIDAD;PREPARADOS;BOL;12.68;2026-02-12
CERA PASTA ROJA SAPOLIO 3.785 LT;Alimentación;LIMPIEZA;INSUMOS PARA LIMPIEZA;CERA;BLD;47.86;2022-03-27
BEBIDA REHIDRATANTE MORA AZUL POWERADE 473 ML;Alimentación;BEBIDAS;SIN ALCOHOL;REHIDRATANTES;BOT;1.2;2023-08-04
BEBIDA REHIDRATANTE FRUTAS POWERADE PET 600 ML;Alimentación;BEBIDAS;SIN ALCOHOL;REHIDRATANTES;BOT;1.29;2026-09-13
BEBIDA REHIDRATANTE LIMON POWERADE PET 600 ML;Alimentación;BEBIDAS;SIN ALCOHOL;REHIDRATANTES;BOT;1.29;2025-05-09
BEBIDA REHIDRATANTE MORA POWERADE PET 600 ML;Alimentación;BEBIDAS;SIN ALCOHOL;REHIDRATANTES;BOT;1.29;2026-07-24
BEBIDA REHIDRATANTE FRUTILLA POWERADE 476ML;Alimentación;BEBIDAS;SIN ALCOHOL;REHIDRATANTES;BOT;1.78;2019-05-27
FRANELA RIBETEADA ROJA 50 X 60 CM;Alimentación;LIMPIEZA;ARTICULOS PARA LIMPIEZA;FRANELAS Y PAÑOS;UND;4.94;2019-10-23
RECOGEDOR PLASTICO;Alimentación;LIMPIEZA;ARTICULOS PARA LIMPIEZA;RECOGEDORES;UND;3.51;2020-09-06
HISOPO PARA SANITARIO CON BASE HUDE - BLANCO - 7750160418513;Alimentación;LIMPIEZA;ARTICULOS PARA LIMPIEZA;ESCOBILLAS;UND;6.63;2021-07-15
SECADOR DE TELA;Alimentación;LIMPIEZA;ARTICULOS PARA LIMPIEZA;TRAPOS;UND;4.95;2020-12-19
ESPONJA VERDE SCOTCH BRITE;Alimentación;LIMPIEZA;ARTICULOS PARA LIMPIEZA;ESPONJAS;UND;1.79;2021-06-04
MOPA RUBBERMAID F131;Alimentación;LIMPIEZA;ARTICULOS PARA LIMPIEZA;MOPAS;UND;20.638318;2018-07-18
PALO MOPERO RUBBERMAID H125;Alimentación;LIMPIEZA;ARTICULOS PARA LIMPIEZA;PALOS;UND;56.2;2024-06-09
PEINE DE BOLSILLO;Alimentación;KIOSKO;KIOSKO;KIOSKO;UND;0.56;2026-06-12
CAJA CHICA - COLOR ROJO INTENSO ELYASAN 30CC;Alimentación;CAJA CHICA;;;UND;1.3;2025-01-01
CAJA CHICA - COLORANTE ELYASAN 30 ML;Alimentación;CAJA CHICA;;;MIL;1.4;2024-11-01
CAJA CHICA - CASTAÑAS 250 GR;Alimentación;CAJA CHICA;;;GR;4.567;2024-08-18
CAJA CHICA - COLORANTE PASTELERO;Alimentación;CAJA CHICA;;;UND;3;2026-01-09
PASTA WANTAN CONGELADA;Alimentación;CONGELADOS;OTROS;PASTAS FRESCAS;KG;8.15;2026-10-01
BOLSA PARA BASURA NEGRA C/F 140 LT UND 1.6 MC;Alimentación;DESCARTABLES;PLASTICOS;BOLSAS;UND;0.551;2026-03-20
BOLSA PARA BASURA NEGRA 220 LT UND 1.6 MICRAS;Alimentación;DESCARTABLES;PLASTICOS;BOLSAS;UND;0.773;2024-10-11
CINTA PARA MARCAR ROPA;Alimentación;LIMPIEZA;ARTICULOS PARA LIMPIEZA;OTROS;RLL;21.95;2021-01-16
PALITOS DE BROCHETA 24 CM 100 UND;Alimentación;DESCARTABLES;OTROS;;PQT;3.177753;2019-03-31
CORDERO ENTERO TROZADO 200-250 GRMS CONGELADO;Alimentación;CONGELADOS;CARNES;ANIMALES MENORES;KG;22.73;2020-08-22
ALPACA ENTERA TROZADA CONGELADA (LA GRANJA);Alimentación;CONGELADOS;CARNES;ANIMALES MENORES;KG;30.28;2026-09-23
CORDERO DESHUESADO CONGELADO - KGM;Alimentación;CONGELADOS;CARNES;ANIMALES MENORES;KG;34.045989;2026-09-24
CABRITO DESHUESADO CONGELADO - KGM;Alimentación;CONGELADOS;CARNES;ANIMALES MENORES;KG;33;2021-10-29
PIERNA DE CERDO SIN PIEL Y SIN HUESO CONGELADO (IMPORTACION);Alimentación;CONGELADOS;CARNES;CERDO;KG;11.627;2024-07-16
PANCETA CON HUESO Y CON PIEL TIRAS CONGELADO (N);Alimentación;CONGELADOS;CARNES;CERDO;KG;21.44;2025-12-04
CHULETA DE CERDO TROZADO 120 GR CONGELADO - REDONDOS;Alimentación;CONGELADOS;CARNES;CERDO;KG;15.89;2026-03-05
CHULETA DE CERDO TROZADO 150 GR CONGELADO - REDONDOS;Alimentación;CONGELADOS;CARNES;CERDO;KG;15.84;2025-11-07
CHULETA DE CERDO TROZADO 200 GR CONGELADO - REDONDOS;Alimentación;CONGELADOS;CARNES;CERDO;KG;16.01;2025-12-04
PATAS DE CERDO (IMPORTACION);Alimentación;CONGELADOS;CARNES;CERDO;KG;4.594;2026-01-26
CHULETA DE CERDO TROZADO 120 GR CONGELADO (I);Alimentación;CONGELADOS;CARNES;CERDO;KG;14.1;2026-03-05
CHULETA DE CERDO TROZADO 150 GR CONGELADO (I);Alimentación;CONGELADOS;CARNES;CERDO;KG;14.1;2026-02-06
MANITAS DE CERDO (IMPORTACION);Alimentación;CONGELADOS;CARNES;CERDO;KG;7.026433;2026-10-01
PANCETA CON HUESO Y SIN PIEL TIRAS CONGELADO;Alimentación;CONGELADOS;CARNES;CERDO;KG;18.1;2026-09-24
CHULETA DE CERDO TROZADO 155-165 GR CONGELADO;Alimentación;CONGELADOS;CARNES;CERDO;KG;13.479;2018-12-31
PIERNA DE CERDO SIN PIEL Y SIN HUESO CONGELADO - FOOD MARKETS;Alimentación;CONGELADOS;CARNES;CERDO;KG;10.957;2018-12-31
LECHON ENTERO CONGELADO (PESO DE 7 A 9 KG.);Alimentación;CONGELADOS;CARNES;CERDO;KG;34.15;2025-12-04
PANCETA CON HUESO Y CON PIEL TIRAS CONGELADO;Alimentación;CONGELADOS;CARNES;CERDO;KG;17.357;2026-02-06
CHULETA DE CERDO TROZADO 200 GR CONGELADO;Alimentación;CONGELADOS;CARNES;CERDO;KG;15.085;2026-02-06
PIERNA DE CERDO SIN PIEL Y SIN HUESO CONGELADO (N);Alimentación;CONGELADOS;CARNES;CERDO;KG;10.03;2019-12-19
PANCETA CON HUESO Y SIN PIEL TIRAS CONGELADO (N);Alimentación;CONGELADOS;CARNES;CERDO;KG;18.55;2021-12-12
GALLINA ENTERA CON MENUDENCIA CONGELADO IMPORT;Alimentación;CONGELADOS;CARNES;GALLINA;KG;5.495707;2025-01-08
GALLINA ENTERA SIN MENUDENCIA CONGELADO - GRANEL;Alimentación;CONGELADOS;CARNES;GALLINA;KG;4.052;2020-07-31
GALLINA ENTERA SIN MENUDENCIA CONGELADO;Alimentación;CONGELADOS;CARNES;GALLINA;KG;10.383;2026-02-12
MIXTURA DE MARISCOS ECONOMICA;Alimentación;CONGELADOS;CARNES;MARISCOS;KG;18.24;2026-10-01
PIERNA DE PAVO DESHUESADA SIN PIEL CONGELADA;Alimentación;CONGELADOS;CARNES;PAVO;KG;18.644;2023-03-02
PECHUGA DE PAVO SAN FERNANDO;Alimentación;CONGELADOS;CARNES;PAVO;KG;19.88;2026-06-12
PECHUGA DE PAVO DESHUESADA;Alimentación;CONGELADOS;CARNES;PAVO;KG;23.78;2026-04-09
PECHUGA DE PAVO DESHUESADA (BL);Alimentación;CONGELADOS;CARNES;PAVO;KG;11.876;2025-04-07
PAVO ENTERO CON MENUDENCIA CONGELADO 10 KG (N);Alimentación;CONGELADOS;CARNES;PAVO;KG;12.95;2022-12-23
PECHUGA DE PAVO DESHUESADA (BLOQUE * 10);Alimentación;CONGELADOS;CARNES;PAVO;KG;12.3;2020-12-15
PECHUGA DE PAVO CON HUESO Y CON PIEL CONGELADO;Alimentación;CONGELADOS;CARNES;PAVO;KG;21.445349;2022-01-19
PECHUGA DE PAVO SIN HUESO CON PIEL CONGELADO;Alimentación;CONGELADOS;CARNES;PAVO;KG;19.118;2021-09-23
TROZOS DE PERICO SIN PIEL 30 - 90 GR CONGELADO;Alimentación;CONGELADOS;CARNES;PESCADOS;KG;31.5;2025-07-30
CABALLA FILETE CON PIEL CONGELADO;Alimentación;CONGELADOS;CARNES;PESCADOS;KG;16.14;2026-06-12
TILAPIA FILETE SIN PIEL 5/7 RANGO 140 - 200 GR CONGELADO;Alimentación;CONGELADOS;CARNES;PESCADOS;KG;17.676967;2023-05-18
TRUCHA SIN CABEZA EVISCERADA CONGELADA 100 - 500 GR;Alimentación;CONGELADOS;CARNES;PESCADOS;KG;19;2021-10-08
TROZOS DE MERLUZA EMPANIZADOS (FISH FINGERS);Alimentación;CONGELADOS;CARNES;PESCADOS;KG;10;2018-07-08
TILAPIA FILETE SIN PIEL 5/7 RANGO 140 - 200 GR GRANEL CONGELADO;Alimentación;CONGELADOS;CARNES;PESCADOS;KG;18.141418;2023-04-26
TRUCHA ENTERA EVISCERADA CONGELADA 100 - 400 GR;Alimentación;CONGELADOS;CARNES;PESCADOS;KG;25.4;2026-10-01
JUREL FILETE CON PIEL CONGELADO;Alimentación;CONGELADOS;CARNES;PESCADOS;KG;16.140079;2026-02-27
BOTONES DE POTA CONGELADO;Alimentación;CONGELADOS;CARNES;PESCADOS;KG;14.12;2023-12-30
POLLO SIN MENUDENCIA TROZADO EN 8 CONGELADO RANGO 1.6 KG;Alimentación;CONGELADOS;CARNES;POLLO;KG;8.318;2018-08-09
POLLO SIN MENUDENCIA CONGELADO RANGO 1.1 -1.4 KGS;Alimentación;CONGELADOS;CARNES;POLLO;KG;8.228;2025-05-18
PIERNA DE POLLO CONGELADO - BOTELLITAS (BLOQUE);Alimentación;CONGELADOS;CARNES;POLLO;KG;7.88;2023-09-03
PIERNA DE POLLO CON ENCUENTRO CONGELADO (IMPORTACION BOLSA 3X5);Alimentación;CONGELADOS;CARNES;POLLO;KG;5.038;2026-01-17
PECHUGA DE POLLO S/HUESO S/PIEL CONGELADO - IMPORTACION;Alimentación;CONGELADOS;CARNES;POLLO;KG;9.236004;2026-10-01
PIERNA DE POLLO CON ENCUENTRO CONGELADO (BLOQUE) IMPORT;Alimentación;CONGELADOS;CARNES;POLLO;KG;4.787328;2026-10-01
PIERNA DE POLLO CON ENCUENTRO CONGELADO (BLOQUE 18 KG) IMPORT;Alimentación;CONGELADOS;CARNES;POLLO;KG;4.888;2023-06-26
PECHUGA DE POLLO S/HUESO S/PIEL 100 -120 GR CONGELADO - KGM;Alimentación;CONGELADOS;CARNES;POLLO;KG;12;2023-08-04
PECHUGA DE POLLO S/HUESO S/PIEL 120-140 GR CONGELADO - KGM;Alimentación;CONGELADOS;CARNES;POLLO;KG;12;2023-08-04
POLLO SIN MENUDENCIA CONGELADO 1.1 - 1.4 KG - TRES ARROYOS;Alimentación;CONGELADOS;CARNES;POLLO;KG;8.169;2025-07-30
POLLO SIN MENUDENCIA CONGELADO RANGO 1.7 A 1.9KG - LAS CAMELIAS;Alimentación;CONGELADOS;CARNES;POLLO;KG;6.638;2026-03-20
POLLO SIN MENUDENCIA CONGELADO 1.1 - 1.4 KG - PERDIX;Alimentación;CONGELADOS;CARNES;POLLO;KG;7.011935;2026-10-01
FILETE DE PIERNA DE POLLO S/H S/P CONGELADO (IMPORTACION);Alimentación;CONGELADOS;CARNES;POLLO;KG;11.495;2025-10-01
PECHUGA DE POLLO EN TROZOS S/H S/P - IMPORTACION;Alimentación;CONGELADOS;CARNES;POLLO;KG;12.857;2025-10-11
PIERNA DE POLLO CON ENCUENTRO CONGELADO (BOLSA) IMPORT;Alimentación;CONGELADOS;CARNES;POLLO;KG;4.675;2026-08-07
POLLO SIN MENUDENCIA CONGELADO RANGO 1.8 KG;Alimentación;CONGELADOS;CARNES;POLLO;KG;9.88;2025-12-28
POLLO SIN MENUDENCIA CONGELADO RANGO 1.8 KG - 2 KG;Alimentación;CONGELADOS;CARNES;POLLO;KG;10.72;2024-02-11
POLLO SIN MENUDENCIA CONGELADO RANGO 1.7 A 1.9 KG;Alimentación;CONGELADOS;CARNES;POLLO;KG;10.45;2024-10-21
POLLO SIN MENUDENCIA CONGELADO RANGO 1.4KG;Alimentación;CONGELADOS;CARNES;POLLO;KG;8.223321;2025-03-07
PECHUGA DE POLLO S/HUESO S/PIEL CONGELADO - KGM;Alimentación;CONGELADOS;CARNES;POLLO;KG;14.64;2026-02-12
POLLO SIN MENUDENCIA CONGELADO RANGO 1.52 KG;Alimentación;CONGELADOS;CARNES;POLLO;KG;9.49;2023-11-20
POLLO SIN MENUDENCIA CONGELADO RANGO 1.25 KG;Alimentación;CONGELADOS;CARNES;POLLO;KG;9.28;2026-07-01
POLLO SIN MENUDENCIA CONGELADO RANGO 1.68 KG;Alimentación;CONGELADOS;CARNES;POLLO;KG;9.19843;2026-10-01
PECHUGA DE POLLO S/HUESO S/PIEL;Alimentación;CONGELADOS;CARNES;POLLO;KG;15.48;2025-10-23
POLLO SIN MENUDENCIA CONGELADO RANGO 1.38KG;Alimentación;CONGELADOS;CARNES;POLLO;KG;9.28;2026-05-31
POLLO MARINADO PARA BRASA RANGO 1.2KG CONGELADO;Alimentación;CONGELADOS;CARNES;POLLO;KG;13.413;2023-05-24
PIERNA DE POLLO CON ENCUENTRO CONGELADO (BLOQUE);Alimentación;CONGELADOS;CARNES;POLLO;KG;8.82;2025-01-01
PIERNA DE POLLO CON ENCUENTRO CONGELADO (BOLSA);Alimentación;CONGELADOS;CARNES;POLLO;KG;6.24;2023-11-09
PIERNA DE POLLO CON ENCUENTRO CONGELADO (BLOQUE * 10);Alimentación;CONGELADOS;CARNES;POLLO;KG;6.48;2021-09-10
RES - BISTECK (DON GOYO);Alimentación;CONGELADOS;CARNES;RES;KG;31.38;2026-10-01
RES - GUISO CONGELADO (DON GOYO);Alimentación;CONGELADOS;CARNES;RES;KG;25.98999;2026-10-01
RES - SOPAS S/HUESO (DON GOYO);Alimentación;CONGELADOS;CARNES;RES;KG;23.109871;2026-10-01
CARNE MOLIDA CONGELADA (MAFROX);Alimentación;CONGELADOS;CARNES;RES;KG;13.6;2024-07-18
RES - ASADO (OXAPAMPA);Alimentación;CONGELADOS;CARNES;RES;KG;25.056;2026-08-24
RES - BISTECK (OXAPAMPA);Alimentación;CONGELADOS;CARNES;RES;KG;27.702826;2026-08-14
RES - SOPAS S/HUESO (OXAPAMPA);Alimentación;CONGELADOS;CARNES;RES;KG;20.17;2026-06-11
LOMO FINO SIN CORDON CONGELADO BRASILERO;Alimentación;CONGELADOS;CARNES;RES;KG;71.994;2026-09-24
CHANFAINITA CONGELADO;Alimentación;CONGELADOS;CARNES;MENUDENCIAS;KG;7.739;2026-10-01
RES - BISTECK;Alimentación;CONGELADOS;CARNES;RES;KG;27.999;2025-12-07
RES - ASADO;Alimentación;CONGELADOS;CARNES;RES;KG;25.384224;2025-10-10
RES - GUISO EN CUBOS;Alimentación;CONGELADOS;CARNES;RES;KG;18.062026;2019-11-16
RES - GUISOS PICANTES;Alimentación;CONGELADOS;CARNES;RES;KG;16.681;2019-11-07
RES - MALAYA;Alimentación;CONGELADOS;CARNES;RES;KG;22.687181;2026-02-06
RES - SOPAS S/HUESO;Alimentación;CONGELADOS;CARNES;RES;KG;20.059;2026-02-06
RES - SOPAS C/HUESO;Alimentación;CONGELADOS;CARNES;RES;KG;15.286;2018-12-31
RES - MALAYA (DON GOYO);Alimentación;CONGELADOS;CARNES;RES;KG;24.290532;2026-10-01
RES - GUISO EN CUBOS PL CONGELADO - KGM;Alimentación;CONGELADOS;CARNES;RES;KG;16.82;2018-10-07
RES - SOPAS S/HUESO PL CONGELADO - KGM;Alimentación;CONGELADOS;CARNES;RES;KG;11.65;2018-10-07
RES - BISTECK PL CONGELADO - KGM;Alimentación;CONGELADOS;CARNES;RES;KG;20;2018-08-09
RES - ASADO PL CONGELADO - KGM;Alimentación;CONGELADOS;CARNES;RES;KG;17.48;2018-07-18
LOMO FINO SIN CORDON CONGELADO;Alimentación;CONGELADOS;CARNES;RES;KG;73.163;2026-10-01
RES - GUISO CONGELADO;Alimentación;CONGELADOS;CARNES;RES;KG;23.430514;2026-02-06
CARNE MOLIDA CONGELADA ( DON GOYO);Alimentación;CONGELADOS;CARNES;RES;KG;14.97;2022-07-28
CORAZON DE RES CONGELADO ZEDINA;Alimentación;CONGELADOS;CARNES;MENUDENCIAS;KG;15.453983;2026-03-20
CHORIZO PARRILLERO CONGELADO KG (C);Alimentación;CONGELADOS;EMBUTIDOS;CERDO;KG;13.61;2025-07-30
JAMON AMERICANO SUIZA 500 GR REFRIGERADO;Alimentación;REFRIGERADOS;EMBUTIDOS;CERDO;PQT;9.251;2024-12-28
CHICHARRON DE PRENSA SUIZA MOLDE 180G REFRIGERADO KG;Alimentación;REFRIGERADOS;EMBUTIDOS;CERDO;PQT;4.685;2024-12-22
CHORIZO PARRILLERO SEGOVIANA CONGELADO KG;Alimentación;CONGELADOS;EMBUTIDOS;CERDO;KG;16.37;2026-10-01
CHICHARRON DE PRENSA CONGELADO 500 GR;Alimentación;CONGELADOS;EMBUTIDOS;CERDO;PQT;8.035;2019-09-29
JAMON PARA CAFETIN CONGELADO KG;Alimentación;CONGELADOS;EMBUTIDOS;CERDO;KG;12.834;2026-10-01
JAMONADA PARA CAFETIN CONGELADO KG;Alimentación;CONGELADOS;EMBUTIDOS;CERDO;KG;11.427379;2023-10-06
MORTADELA PARA CAFETIN CONGELADO KG;Alimentación;CONGELADOS;EMBUTIDOS;CERDO;KG;13.48;2026-03-05
HOT DOG CONGELADO KG;Alimentación;CONGELADOS;EMBUTIDOS;CERDO;KG;10.216;2026-10-01
JAMON AHUMADO REFRIGERADO 500 GR;Alimentación;REFRIGERADOS;EMBUTIDOS;CERDO;PQT;14.29;2018-11-29
CHORIZO PARRILLERO CONGELADO KG - BRAEDT;Alimentación;CONGELADOS;EMBUTIDOS;CERDO;KG;14.26;2021-05-22
HOT DOG CONGELADO KG - BRAEDT;Alimentación;CONGELADOS;EMBUTIDOS;CERDO;KG;8.89;2021-05-22
JUGO DE DURAZNO FRUGOS 235 ML;Alimentación;BEBIDAS;SIN ALCOHOL;JUGOS;CAJ;0.88;2026-09-24
ESCOBILLA DE PLASTICO PARA LAVAR ROPA;Alimentación;LIMPIEZA;ARTICULOS PARA LIMPIEZA;ESCOBILLAS;UND;4.66;2026-09-13
RAFIA ROLLO CONO;Alimentación;DESCARTABLES;OTROS;;UND;7.096;2021-02-18
PULPA DE PALTA CONGELADO;Alimentación;CONGELADOS;FRUTAS Y VERDURAS;PULPAS;KG;12.95;2025-11-14
COLIFLOR PRE COCIDO CONGELADO;Alimentación;CONGELADOS;FRUTAS Y VERDURAS;VERDURAS PRE ELABORADAS;KG;7.112;2026-10-01
YUCA PARA GUARNICION LIBER CONGELADOS;Alimentación;CONGELADOS;FRUTAS Y VERDURAS;VERDURAS PRE ELABORADAS;KG;6.1;2018-11-08
ZUMO DE LIMON CONGELADO;Alimentación;CONGELADOS;FRUTAS Y VERDURAS;VERDURAS PRE ELABORADAS;KG;8.690726;2026-10-01
PAPA PRE FRITA CONGELADA;Alimentación;CONGELADOS;FRUTAS Y VERDURAS;VERDURAS PRE ELABORADAS;KG;6.020093;2026-10-01
MIX DE SOPA COMPLETO CONGELADO - KGM;Alimentación;CONGELADOS;FRUTAS Y VERDURAS;VERDURAS PRE ELABORADAS;KG;5.950415;2026-10-01
BROCOLI PRE COCIDO 20/40 CONGELADO;Alimentación;CONGELADOS;FRUTAS Y VERDURAS;VERDURAS PRE ELABORADAS;KG;10.464321;2026-10-01
MIX DE SOPA COMPLETO CONGELADO NACIONAL - KGM;Alimentación;CONGELADOS;FRUTAS Y VERDURAS;VERDURAS PRE ELABORADAS;KG;6.936922;2026-03-28
CHOCLO DESGRANADO LIBER CONGELADO (G);Alimentación;CONGELADOS;FRUTAS Y VERDURAS;VERDURAS PRE ELABORADAS;KG;13.384;2024-05-05
PULPA DE ARANDANO CONGELADO;Alimentación;CONGELADOS;FRUTAS Y VERDURAS;PULPAS;KG;9.301588;2026-10-01
PULPA DE FRESA - FIFU;Alimentación;CONGELADOS;FRUTAS Y VERDURAS;PULPAS;KG;7.83;2025-12-28
PULPA DE PAPAYA - FIFU;Alimentación;CONGELADOS;FRUTAS Y VERDURAS;PULPAS;KG;7.590647;2026-08-17
HELADO CREMA VAINILLA CHIPS YAMBOLY 5 L (2.56 KG);Alimentación;CONGELADOS;HELADOS;BANDEJAS;BAR;22.55;2026-09-24
HELADO PALETA TERMINATOR FRESA TRENDY 70 CC;Alimentación;CONGELADOS;HELADOS;INDIVIDUALES;UND;0.33;2019-01-12
HELADO PALETA PALAZO CHOCOLATE TRENDY 68 CC;Alimentación;CONGELADOS;HELADOS;INDIVIDUALES;UND;0.33;2019-01-27
HELADO PALETA PALAZZO FRESA 68 CC;Alimentación;CONGELADOS;HELADOS;INDIVIDUALES;UND;0.33;2019-02-13
HELADO CHOCOVAI CREMA VAINILLA YAMBOLY 65 ML (44 GR);Alimentación;CONGELADOS;HELADOS;INDIVIDUALES;UND;0.64;2026-01-17
HELADO SANDWICH CREMA VAINILLA YAMBOLY 67 ML (40 GR);Alimentación;CONGELADOS;HELADOS;INDIVIDUALES;UND;0.96;2026-05-10
HELADO SANDWICH CREMA VAINILLA LUCUMA YAMBOLY 67 ML (40 GR);Alimentación;CONGELADOS;HELADOS;INDIVIDUALES;UND;0.96;2026-05-10
HELADO PALETA PRAIA ICE MARACUYA YAMBOLY 74 ML (78 GR);Alimentación;CONGELADOS;HELADOS;INDIVIDUALES;UND;0.57;2026-01-26
HELADO YAMBITO CREMA CHOCOLATE YAMBOLY 54 ML (40 GR);Alimentación;CONGELADOS;HELADOS;INDIVIDUALES;UND;0.57;2026-09-02
QUESO MOZARELLA CONGELADO PREMIUM;Alimentación;CONGELADOS;LACTEOS;QUESOS;KG;25.065;2025-02-07
QUESO EDAM LAIVE 440 GR REFRIGERADO;Alimentación;REFRIGERADOS;LACTEOS;QUESOS;PQT;19.12;2026-06-11
CAJA CHICA - PIROTINES N° 8 PARA CUP CAKE X100 UND;Alimentación;CAJA CHICA;;;PQT;3.9;2024-11-01
CAJA CHICA - LECHE EN POLVO;Alimentación;CAJA CHICA;;;KG;20;2025-11-13
EMPANADA MIXTA 90 GR;Alimentación;CONGELADOS;OTROS;;UND;2.22;2023-07-23
CHURRO RELLENO MANJAR BLANCO 12 CM CONGELADO;Alimentación;CONGELADOS;OTROS;;UND;1.38;2026-02-06
CHURRO RELLENO MANJAR CHOCOLATE 12 CM CONGELADO;Alimentación;CONGELADOS;OTROS;;UND;1.48;2026-02-06
CHURRO MINI SIN RELLENO C/ HUECO 6 CM CONGELADO;Alimentación;CONGELADOS;OTROS;;UND;0.48;2026-02-06
PAN PRECOCIDO CIABATTA CONGELADO (40 GR);Alimentación;CONGELADOS;OTROS;;UND;0.183;2022-01-30
PAN PRECOCIDO FRANCES CONGELADO (40 GR);Alimentación;PANADERIA Y PASTELERIA;PANADERIA CONGELADO;;UND;0.183;2022-01-30
DONUT BERLINA DE CHOCOLATE 90 GRM;Alimentación;CONGELADOS;OTROS;;UND;2.48;2026-10-01
BOLI YUCAS CON QUESO 20 GR CONGELADO;Alimentación;CONGELADOS;OTROS;;UND;0.275;2022-10-21
FINGER DE YUCA CON QUESO 20 GR CONGELADO;Alimentación;CONGELADOS;OTROS;;UND;0.297;2019-04-20
PAPA RELLENA CON CARNE 100 GR CONGELADO;Alimentación;CONGELADOS;OTROS;;UND;1.502;2026-09-17
SIU MAI DE CERDO 20 GR CONGELADO;Alimentación;CONGELADOS;OTROS;;UND;0.42;2020-07-21
TEQUEÑOS DE LOMITO 20 GR CONGELADO;Alimentación;CONGELADOS;OTROS;;UND;0.393;2026-09-17
WANTAN ARMADO CON RELLENO SIU MAI CERDO 17 GR CONGELADO;Alimentación;CONGELADOS;OTROS;;UND;0.25;2021-11-05
ENROLLADO PRIMAVERA 22 GR CONGELADO;Alimentación;CONGELADOS;OTROS;;UND;0.33;2022-11-27
CAJA CHICA - HIERBA LUISA;Alimentación;CAJA CHICA;;;KG;5.8;2026-04-14
CAJA CHICA - LECHE SIN LACTOSA LAIVE 480 G;Alimentación;CAJA CHICA;;;CAJ;7;2024-12-04
PARIHUELA DE MADERA EAN 1.00 X 1.20 MT;Alimentación;SIN CATEGORIA;;;UND;20;2024-03-31
FOSFORO DE MADERA INTI;Alimentación;KIOSKO;KIOSKO;KIOSKO;UND;0.2;2019-08-03
JAMONADA PASTEL DE VERDURAS CONGELADO KG;Alimentación;CONGELADOS;EMBUTIDOS;CERDO;KG;16.55;2020-10-24
PIÑA (L);Alimentación;REFRIGERADOS;FRUTAS Y VERDURAS;FRUTAS;KG;4.6;2026-08-28
MANZANA ROYAL GALA;Alimentación;REFRIGERADOS;FRUTAS Y VERDURAS;FRUTAS;KG;8.85976;2023-10-13
UVA VERDE;Alimentación;REFRIGERADOS;FRUTAS Y VERDURAS;FRUTAS;KG;9.8;2026-01-01
MANDARINA;Alimentación;REFRIGERADOS;FRUTAS Y VERDURAS;FRUTAS;KG;4.85;2026-09-26
PAPA COCKTAIL;Alimentación;REFRIGERADOS;FRUTAS Y VERDURAS;VERDURAS;KG;3.33;2026-09-26
PILAS DURACELL AAA 2 UND;Alimentación;KIOSKO;KIOSKO;KIOSKO;BLI;6.76;2026-09-13
PILAS DURACELL AA 2 UND;Alimentación;KIOSKO;KIOSKO;KIOSKO;BLI;6.76;2026-09-13
SHAMPOO H&S 180 ML;Alimentación;KIOSKO;KIOSKO;KIOSKO;FCO;12.39;2019-02-13
ZAPALLO MACRE EN CUBO LIBER 1.5 X 1.5 CM CONGELADO;Alimentación;CONGELADOS;FRUTAS Y VERDURAS;VERDURAS PRE ELABORADAS;KG;7.843269;2026-10-01
ARVEJA FRESCA EN VAINA;Alimentación;REFRIGERADOS;FRUTAS Y VERDURAS;VERDURAS;KG;5.5;2022-10-06
ESCOBILLA DE PLASTICO PARA LIMPIAR UÑAS;Alimentación;LIMPIEZA;ARTICULOS PARA LIMPIEZA;ESCOBILLAS;UND;1.452;2018-07-01
CREMA DENTAL DENTO 75/80 ML;Alimentación;KIOSKO;KIOSKO;KIOSKO;TUB;2.13;2020-07-23
MAQUINA DE AFEITAR SHICK;Alimentación;KIOSKO;KIOSKO;KIOSKO;UND;2.313145;2020-07-23
HUEVO ROJO (CAJA 11.5 KG);Alimentación;REFRIGERADOS;HUEVO;GALLINA;CAJ;80.5;2026-09-24
HUEVO LIQUIDO CONGELADO 2 KG;Alimentación;CONGELADOS;CARNES;GALLINA;PQT;25;2026-10-01
HUEVO ROSADO (CAJA 25.7KG);Alimentación;REFRIGERADOS;HUEVO;GALLINA;CAJ;216.3;2026-05-21
HUEVO ROSADO BANDEJA 12 PQTS X 15 UNIDS;Alimentación;REFRIGERADOS;HUEVO;GALLINA;CAJ;89.407;2020-07-01
CREMA DE LECHE CUSIPAK UHT 1 LT;Alimentación;REFRIGERADOS;LACTEOS;CREMA DE LECHE;UND;13.7;2018-11-15
LECHE EN BRICK LIGHT GLORIA 1 LT;Alimentación;REFRIGERADOS;LACTEOS;LECHE FRESCA;CAJ;4.48;2025-08-22
LECHE EN BRICK LIGHT GLORIA 946 ML;Alimentación;REFRIGERADOS;LACTEOS;LECHE FRESCA;CAJ;4.48;2026-08-24
MANJAR AREQUIPEÑO LAIVE 900 GR;Alimentación;REFRIGERADOS;LACTEOS;MANJAR BLANCO;BOL;7.32;2024-01-19
MANJAR BLANQUITO BAZO VELARDE LAIVE 900 GR;Alimentación;REFRIGERADOS;LACTEOS;MANJAR BLANCO;BOL;6.57;2026-09-24
MANJAR BLANQUITO LAIVE 900 GR;Alimentación;REFRIGERADOS;LACTEOS;MANJAR BLANCO;BOL;6.57;2026-03-05
MANJAR BLANCO NESTLE 1 KG;Alimentación;REFRIGERADOS;LACTEOS;MANJAR BLANCO;BOL;14.32;2020-05-28
MANTEQUILLA GLORIA PERSONAL 10 GR;Alimentación;REFRIGERADOS;LACTEOS;MANTEQUILLA;UND;0.38;2026-09-13
MANTEQUILLA LAIVE PERSONAL 8 GR;Alimentación;REFRIGERADOS;LACTEOS;MANTEQUILLA;UND;0.45;2026-08-24
MANTEQUILLA SANCOR PERSONAL 10 GRM;Alimentación;REFRIGERADOS;LACTEOS;MANTEQUILLA;UND;0.428;2018-11-15
MARGARINA LA DANESA 220 GR;Alimentación;REFRIGERADOS;LACTEOS;MARGARINA;POT;3.59;2023-04-14
MARGARINA SWISS LAIVE POTE 450 GR;Alimentación;REFRIGERADOS;LACTEOS;MARGARINA;POT;8.091;2025-03-18
MARGARINA MULTIUSO ROMEA CAKE 2.5 KG;Alimentación;REFRIGERADOS;LACTEOS;MARGARINA;BAR;29.65;2026-07-12
MARGARINA MULTIUSO ROMEA 2.5 KG;Alimentación;REFRIGERADOS;LACTEOS;MARGARINA;BAR;29.65;2026-09-24
MARGARINA PRIMAVERA HOJALDRE 2 KG;Alimentación;REFRIGERADOS;LACTEOS;MARGARINA;BAR;37.483;2024-10-21
MARGARINA LA DANESA 2 KG;Alimentación;REFRIGERADOS;LACTEOS;MARGARINA;BAR;15.818026;2021-05-08
MARGARINA SELLO DE ORO POTE 190 GR (EMER);Alimentación;REFRIGERADOS;LACTEOS;MARGARINA;POT;20.775915;2020-01-21
MARGARINA LA PREFERIDA 10 KG;Alimentación;REFRIGERADOS;LACTEOS;MARGARINA;BAR;103.083;2019-05-01
MARGARINA LA DANESA 90 GR;Alimentación;REFRIGERADOS;LACTEOS;MARGARINA;BAR;1.22;2023-03-02
MARGARINA LA DANESA 500 GR;Alimentación;REFRIGERADOS;LACTEOS;MARGARINA;BAR;7.757;2025-08-22
QUESO FRESCO BONLE MOLDE REFRIGERADO KG;Alimentación;REFRIGERADOS;LACTEOS;QUESOS;KG;22.4;2026-03-28
QUESO PARMESANO LAIVE 35 GR;Alimentación;REFRIGERADOS;LACTEOS;QUESOS;SCH;2.339;2019-11-06
QUESO EDAM LAMINADO LAIVE 500 GR REFRIGERADO;Alimentación;REFRIGERADOS;LACTEOS;QUESOS;PQT;19.123;2025-08-01
QUESO MOZARELLA MILKUNZ REFRIGERADO;Alimentación;REFRIGERADOS;LACTEOS;QUESOS;KG;26.52;2026-09-24
QUESO FRESCO LAIVE MOLDE REFRIGERADO KG;Alimentación;REFRIGERADOS;LACTEOS;QUESOS;KG;22.82;2026-09-24
QUESO FRESCO DELICE KG;Alimentación;REFRIGERADOS;LACTEOS;QUESOS;KG;22.89;2023-09-17
QUESO MOZARELLA LAIVE REFRIGERADO KG;Alimentación;REFRIGERADOS;LACTEOS;QUESOS;KG;32.31;2023-11-09
QUESO MOZARELLA RALLADO LA PAULINA REFRIGERADO 3 KG;Alimentación;REFRIGERADOS;LACTEOS;QUESOS;PQT;88.23;2026-05-10
QUESO PARMESANO RALLADO LA PAULINA (LACTAFOOD)REFRIGERADO 500 GR;Alimentación;REFRIGERADOS;LACTEOS;QUESOS;BOL;25.69;2026-07-12
QUESO FRESCO GLORIA MOLDE REFRIGERADO KG;Alimentación;REFRIGERADOS;LACTEOS;QUESOS;KG;15.48;2020-02-27
QUESO EDAM EN TAJADAS LAIVE X 500 GR REFRIGERADO;Alimentación;REFRIGERADOS;LACTEOS;QUESOS;PQT;15.66;2020-07-01
QUESO FRESCO LAIT'S REFRIGERADO KG;Alimentación;REFRIGERADOS;LACTEOS;QUESOS;KG;22.9;2021-10-16
YOGURT DE FRESA GLORIA 500 ML;Alimentación;REFRIGERADOS;LACTEOS;YOGURT;BOT;2.733;2026-09-24
YOGURT DE DURAZNO GLORIA 500 ML;Alimentación;REFRIGERADOS;LACTEOS;YOGURT;BOT;1.818;2022-02-15
YOGURT DE FRESA GLORIA 180 ML (EMER);Alimentación;REFRIGERADOS;LACTEOS;YOGURT;BOT;1.67;2026-05-10
YOGURT DE VAINILLA FRANCESA GLORIA 500 ML;Alimentación;REFRIGERADOS;LACTEOS;YOGURT;BOT;2.733;2026-09-24
ACEITUNA NEGRA RODAJA;Alimentación;REFRIGERADOS;OTROS;ACEITUNA;KG;27;2026-09-24
ACEITUNA VERDE RODAJA;Alimentación;REFRIGERADOS;OTROS;ACEITUNA;KG;22;2026-08-24
JUGO DE PIÑA PASTEURIZADO X 3.8 LT;Alimentación;REFRIGERADOS;OTROS;JUGOS FRESCOS;GLN;22.9;2026-09-13
SALSA AJI PARRILLERO EMIC 1 KG;Alimentación;REFRIGERADOS;OTROS;;BOL;10;2026-08-24
SALSA MAYONESA ACEVICHADA EMIC 1 KG;Alimentación;REFRIGERADOS;OTROS;;BOL;12.8;2026-08-13
TAMAL DE MAIZ 230 GR;Alimentación;ABARROTES;ABARROTES 2DA NECESIDAD;PREPARADOS;LAT;5.2;2022-04-11
CREMA TIPO CHANTILLY SNEL 1LT;Ambos;REFRIGERADOS;OTROS;REPOSTERIA;CAJ;10.71;2026-09-13
CREMA CHANTILLY MONA LISA BRICKS 1LT;Alimentación;REFRIGERADOS;OTROS;REPOSTERIA;CAJ;12.59;2026-08-03
CIRUELA SECA 4 ESTACIONES 1 KG;Alimentación;REFRIGERADOS;OTROS;FRUTO SECO;BOL;25.2;2023-08-27
HIGO SECO PREMIUM 4 ESTACIONES 1 KG;Alimentación;REFRIGERADOS;OTROS;FRUTO SECO;BOL;34;2026-09-13
PASAS SECAS NEGRAS GARDEN 4 ESTACIONES 1 KG;Alimentación;REFRIGERADOS;OTROS;FRUTO SECO;BOL;15.5;2026-08-24
FRUTA CONFITADA 4 ESTACIONES 1 KG;Alimentación;REFRIGERADOS;OTROS;FRUTO SECO;BOL;11.8;2026-09-04
GUINDONES SIN PEPA 4 ESTACIONES 250 GR;Alimentación;REFRIGERADOS;OTROS;FRUTO SECO;BOL;6.778;2021-12-21
HONGO SECO 4 ESTACIONES 1 KG;Alimentación;ABARROTES;ABARROTES 2DA NECESIDAD;ESPECERIAS Y FRUTOS;BOL;61.5;2026-09-17
PASAS SECAS NEGRAS 4 ESTACIONES 1 KG;Alimentación;REFRIGERADOS;OTROS;FRUTO SECO;BOL;15.5;2025-07-18
PURE DE CAMOTE EMIC 1 KG;Alimentación;REFRIGERADOS;OTROS;;BOL;7.02;2019-12-19
AJI DE POLLERIA (CRIOLLO) EMIC 1 KG;Alimentación;REFRIGERADOS;OTROS;;BOL;11.9;2026-09-24
MANTECA VEGETAL DORO 10 KG;Alimentación;REFRIGERADOS;MANTECA;;CAJ;57;2021-04-17
MANTECA VEGETAL DE PALMA 10 KG;Alimentación;REFRIGERADOS;MANTECA;;CAJ;86;2026-09-04
MANTECA VEGETAL GUSTO SELECTO 10 KG;Alimentación;REFRIGERADOS;MANTECA;;CAJ;99.669778;2022-10-06
JAMON DEL PAIS CONGELADO 500 GR;Alimentación;CONGELADOS;EMBUTIDOS;CERDO;PQT;15.9;2020-07-10
BOLSA PARA CUBIERTO 8 X 3 200 UND;Alimentación;DESCARTABLES;PLASTICOS;BOLSAS;PQT;1.658;2024-10-21
"BOLSA POLIETILENO CRISTAL 26""X40""X1MC X MILLAR";Alimentación;DESCARTABLES;PLASTICOS;BOLSAS;PQT;437.76;2024-07-28
BOLSA POLIETILENO CRISTAL 90X135CM 30ÌM X 100 UND;Alimentación;DESCARTABLES;PLASTICOS;BOLSAS;PQT;102.752;2026-09-02
BOLSA PLASTICA RESELLABLE 50 UNID.;Alimentación;DESCARTABLES;PLASTICOS;BOLSAS;PQT;11.343996;2026-09-13
BOLSA PARA CUBIERTO 4 X 10 PQTE 200 UND;Alimentación;DESCARTABLES;PLASTICOS;BOLSAS;PQT;4.131;2024-10-11
"BOLSA PARA BASURA PLASTICA ROJA 250 LT 1.8 MC 52"" X 40"" 100 UND";Alimentación;DESCARTABLES;PLASTICOS;BOLSAS;PQT;88.2545;2025-02-02
BOLSA PARA BASURA PLASTICA AZUL 250 LT 100 UND;Alimentación;DESCARTABLES;PLASTICOS;BOLSAS;PQT;88.187;2025-03-07
BOLSA PARA BASURA PLASTICA VERDE 250 LT 100 UND;Alimentación;DESCARTABLES;PLASTICOS;BOLSAS;PQT;87.821297;2025-10-25
BOLSA PARA BASURA PLASTICA MARRON 1.8 MC 250 LT 100 UND;Alimentación;DESCARTABLES;PLASTICOS;BOLSAS;PQT;88.187;2024-10-11
BOLSA PARA BASURA PLASTICA AMARILLA 250 LT 100 UND;Alimentación;DESCARTABLES;PLASTICOS;BOLSAS;PQT;88.187;2025-02-24
BOLSA BLANCA T-SHIRT BIODEG.PARAISO 16 X 19 PAQ 1000 UND;Alimentación;DESCARTABLES;PLASTICOS;BOLSAS;PQT;181.693;2020-06-30
BOLSA PARA BASURA PLASTICA BLANCA 250 LT 100 UND;Alimentación;DESCARTABLES;PLASTICOS;BOLSAS;PQT;88.187;2026-02-27
BOLSA DE PAPEL KRAFT #4 MILLAR;Alimentación;DESCARTABLES;PLASTICOS;BOLSAS;PQT;70.06677;2021-07-15
BOLSA DE PAPEL KRAFT #6 MILLAR;Alimentación;DESCARTABLES;PLASTICOS;BOLSAS;PQT;78.5;2020-10-07
"BOLSA PARA BASURA PLASTICA AMARILLA 75 LT 2 MC 28"" X 72"" 100 UND";Alimentación;DESCARTABLES;PLASTICOS;BOLSAS;PQT;42.69;2023-06-08
BOLSA BLANCA T-SHIRT PARAISO 16 X 19 PAQ - 1000 UND;Alimentación;DESCARTABLES;PLASTICOS;BOLSAS;PQT;219.510552;2021-08-13
BOLSA BLANCA T-SHIRT PARAISO 21 X 24 - 500 UND;Alimentación;DESCARTABLES;PLASTICOS;BOLSAS;PQT;155.494;2022-08-05
BOLSA PARA LAVANDERIA BIODEG.PARAISO 16.5 X 23 PAQ 1000 UND;Alimentación;DESCARTABLES;PLASTICOS;BOLSAS;PQT;248.003;2021-04-07
BOLSA PARA CUBIERTO 4 X 10 PQTE 50 UND;Alimentación;DESCARTABLES;PLASTICOS;BOLSAS;PQT;0.593;2021-05-23
BOLSA DE POLIETILENO CRISTAL 26X40X1MC X MILLAR;Alimentación;DESCARTABLES;PLASTICOS;BOLSAS;PQT;444.915;2023-08-04
"BOLSA PARA BASURA PLASTICA NEGRA C/F 35 LT 30"" X 20"" 100 UND 1.2 MC";Alimentación;DESCARTABLES;PLASTICOS;BOLSAS;PQT;12.92;2025-03-07
"BOLSA PARA BASURA PLASTICA ROJA C/F 35 LT 30"" X 20"" 100 UND 1.2 MC";Alimentación;DESCARTABLES;PLASTICOS;BOLSAS;PQT;13.5;2025-11-05
BOLSA PARA BASURA PLASTICA AMARILLO C/F 140 LT 1.4 MC 41´´X 35´´ 100 UND;Alimentación;DESCARTABLES;PLASTICOS;BOLSAS;PQT;52.859;2026-05-27
BOLSA PARA BASURA PLASTICA AZUL C/F 140 LT 1.4 MC 41´´X 35´´ 100 UND;Alimentación;DESCARTABLES;PLASTICOS;BOLSAS;PQT;52.859;2026-07-12
BOLSA PARA BASURA PLASTICA BLANCA C/F 140 LT 1.4 MC 41´´X 35´´ 100 UND;Alimentación;DESCARTABLES;PLASTICOS;BOLSAS;PQT;52.859;2026-07-12
BOLSA PARA BASURA PLASTICA MARRON C/F 140 LT 1.4 MC 41´´X 35´´ 100 UND;Alimentación;DESCARTABLES;PLASTICOS;BOLSAS;PQT;52.859;2026-09-17
BOLSA PARA BASURA PLASTICA NEGRA C/F 140 LT 1.4 MC 41´´X 35´´ 100 UND;Alimentación;DESCARTABLES;PLASTICOS;BOLSAS;PQT;36.281;2026-09-13
BOLSA PARA BASURA PLASTICA ROJA C/F 140 LT 1.4 MC 41´´X 35´´ 100 UND;Alimentación;DESCARTABLES;PLASTICOS;BOLSAS;PQT;52.859;2026-09-17
BOLSA DE PAPEL KRAFT #4 C/LOGO SODEXO 500 UND;Alimentación;DESCARTABLES;PLASTICOS;BOLSAS;PQT;37.5;2021-09-15
BOLSA DE PAPEL KRAFT #4 500 UND;Alimentación;DESCARTABLES;PLASTICOS;BOLSAS;PQT;66.73267;2024-10-30
BOLSA BLANCA T-SHIRT CHICA PARAISO 16 X 19 X 2 (PQT 1000 UND);Alimentación;DESCARTABLES;PLASTICOS;BOLSAS;PQT;205.399773;2026-09-24
BOLSA PLANA LAVANDERIA PARAISO 16.5 X 23 X 2 PQT (1000 UND);Alimentación;DESCARTABLES;PLASTICOS;BOLSAS;PQT;337.968;2022-04-19
TENEDOR BLANCO DE PLASTICO DESCARTABLE D81110001 50 UND;Alimentación;DESCARTABLES;PLASTICOS;CUBIERTOS;PQT;7.95;2024-03-22
CUCHARA SOPERA DESCARTABLE EN BOLSA X 50UND;Alimentación;DESCARTABLES;PLASTICOS;CUBIERTOS;PQT;2.135;2024-08-24
CUCHILLO ACRILICO DESCARTABLE 50 UND;Alimentación;DESCARTABLES;PLASTICOS;CUBIERTOS;PQT;4.88;2026-06-22
TENEDOR ACRILICO DESCARTABLE 50 UND;Alimentación;DESCARTABLES;PLASTICOS;CUBIERTOS;PQT;4.88;2026-06-22
BOTELLA DESCARTABLE PET HOT FILLING (80°) CON TAPA DE 500 ML X 100 UND;Alimentación;DESCARTABLES;PLASTICOS;ENVASES;PQT;102.983;2026-09-13
ENVASE DESCARTABLE CON TAPA F5 32 OZ 200 UND TRANSPARENTE/NEGRO;Alimentación;DESCARTABLES;PLASTICOS;ENVASES;PQT;180;2021-07-12
ENVASE DESCARTABLE CON TAPA F5 16 OZ 250 UND TRANSPARENTE / NEGRO;Alimentación;DESCARTABLES;PLASTICOS;ENVASES;PQT;155.13;2021-07-12
ENVASE DESCARTABLE CON TAPA REDONDO 500 CC (1/2 LITRO) MILLAR;Alimentación;DESCARTABLES;PLASTICOS;ENVASES;PQT;359;2021-07-12
ENVASE DESCARTABLE CON TAPA REDONDO 8 OZ 500 UND;Alimentación;DESCARTABLES;PLASTICOS;ENVASES;PQT;112.5;2021-06-23
ENVASE DESCARTABLE CON TAPA REDONDO 1000 CC MILLAR;Alimentación;DESCARTABLES;PLASTICOS;ENVASES;PQT;425;2020-07-31
ENVASE DESCARTABLE SIN TAPA F5 16 OZ 250 UND TRANSPARENTE/ NEGRO;Alimentación;DESCARTABLES;PLASTICOS;ENVASES;PQT;94.251;2024-10-21
TAPA ENVASE DESCARTABLE F5 16 OZ 250 UND TRANSPARENTE/ NEGRO;Alimentación;DESCARTABLES;PLASTICOS;ENVASES;PQT;60.879;2024-10-21
ENVASE DESCARTABLE SIN TAPA F5 32 OZ 200 UND TRANSPARENTE/NEGRO;Alimentación;DESCARTABLES;PLASTICOS;ENVASES;PQT;107.826;2024-10-30
TAPA ENVASE DESCARTABLE F5 32 OZ 200 UND TRANSPARENTE/NEGRO;Alimentación;DESCARTABLES;PLASTICOS;ENVASES;PQT;72.174;2024-10-30
TAPA ENVASE DESCARTABLE REDONDO 1000 CC / 500CC 500 UND;Alimentación;DESCARTABLES;PLASTICOS;ENVASES;PQT;71.12;2024-05-23
ENVASE DESCARTABLE SIN TAPA REDONDO 500 CC 200UND;Alimentación;DESCARTABLES;PLASTICOS;ENVASES;PQT;69.737517;2025-01-25
ENVASE DESCARTABLE SIN TAPA REDONDO 8 OZ 500 UND;Alimentación;DESCARTABLES;PLASTICOS;ENVASES;PQT;96.56;2024-09-29
TAPA ENVASE DESCARTABLE REDONDO 8 OZ 500 UND;Alimentación;DESCARTABLES;PLASTICOS;ENVASES;PQT;49.46;2024-05-23
"STRECH FILM DE GRADO ALIMENTARIO ROLLO 18"" X 1400 MT";Alimentación;DESCARTABLES;PLASTICOS;OTROS;UND;247.921447;2024-07-26
"STRECH FILM NO ALIMENTARIO PARA EMBALAJE TRANSPARENTE ROLLO 20"" 1.5 KG";Alimentación;DESCARTABLES;PLASTICOS;OTROS;RLL;23.490628;2026-07-24
"STRECH FILM NO ALIMENTARIO PARA EMBALAJE TRANSPARENTE ANTALIS ROLLO 20"" 1.5KG";Alimentación;DESCARTABLES;PLASTICOS;OTROS;RLL;26.5;2025-10-09
PLATO TENDIDO PARA POSTRE DESCARTABLE 25 UND;Alimentación;DESCARTABLES;PLASTICOS;PLATOS;PQT;1.445946;2020-06-16
PLATO TENDIDO PARA ENTRADA DESCARTABLE 25 UND;Alimentación;DESCARTABLES;PLASTICOS;PLATOS;PQT;1.15;2020-06-16
PLATO TENDIDO PARA SEGUNDO DESCARTABLE # 20 MILLAR;Alimentación;DESCARTABLES;PLASTICOS;PLATOS;PQT;76.633813;2020-06-21
VASO DESCARTABLE PLASTICO 5 OZ MILLAR;Alimentación;DESCARTABLES;PLASTICOS;VASOS;PQT;46.4;2022-10-06
VASO DESCARTABLE PLASTICO 7 OZ MILLAR;Alimentación;DESCARTABLES;PLASTICOS;VASOS;PQT;37.9;2020-09-01
MANGA JACKSON SAFETY G60 KEVLAR;Alimentación;PROTECCION Y SEGURIDAD;EPP;;PAR;32.64;2021-06-10
VASO DESCARTABLE POLIPAPEL BLANCO 8 OZ MILLAR;Alimentación;DESCARTABLES;POLIPAPEL;VASOS;PQT;287.65;2024-09-08
CAPUCHA DESCARTABLE 1/ 2 CAMPANA STANDAR 12 G/M2 R&G CAJA X 100 UND;Alimentación;DESCARTABLES;SEGURIDAD;GORROS;BOL;50.847;2025-11-07
TOCA TIPO TIRA (CAJA X 100 UND);Alimentación;DESCARTABLES;SEGURIDAD;GORROS;CAJ;15.55;2020-05-24
TOCA TIPO TIRA DESCARTABLE BLANCA R&G CAJA X 100 UND;Alimentación;DESCARTABLES;SEGURIDAD;GORROS;CAJ;14.83;2025-12-07
CAPUCHA DESCARTABLE 1/ 2 CAMPANA STANDAR 100 UND;Alimentación;DESCARTABLES;SEGURIDAD;GORROS;BOL;52.799737;2025-06-29
GUANTE DE NITRILO LIBRE DE POLVO NACOSA 100 UND TALLA L;Alimentación;DESCARTABLES;SEGURIDAD;GUANTES;CAJ;69.9;2022-04-21
GUANTE DE NITRILO LIBRE DE POLVO NACOSA 100 UND TALLA S;Alimentación;DESCARTABLES;SEGURIDAD;GUANTES;CAJ;69.9;2021-10-29
GUANTE DE NITRILO LIBRE DE POLVO ULTRASOFT 100 UND TALLA S;Alimentación;DESCARTABLES;SEGURIDAD;GUANTES;CAJ;69.9;2023-01-07
GUANTE DE NITRILO LIBRE DE POLVO ULTRASOFT 100 UND TALLA M;Alimentación;DESCARTABLES;SEGURIDAD;GUANTES;CAJ;58.75;2023-01-07
GUANTE DE NITRILO LIBRE DE POLVO ULTRASOFT 100 UND TALLA L;Alimentación;DESCARTABLES;SEGURIDAD;GUANTES;CAJ;58.75;2022-06-28
GUANTE DE NITRILO LIBRE DE POLVO CELESTE R&G CAJA X 100 UND TALLA S;Alimentación;DESCARTABLES;SEGURIDAD;GUANTES;CAJ;18.257;2023-05-04
GUANTES DE POLIETILENO DESC R&G CAJA X 100 UNIDADES T M;Alimentación;DESCARTABLES;SEGURIDAD;GUANTES;CAJ;3.6;2024-06-06
GUANTES DE POLIETILENO DESC R&G CAJA X 100 UNIDADES T L;Alimentación;DESCARTABLES;SEGURIDAD;GUANTES;CAJ;3.6;2024-05-05
GUANTE DE NITRILO LIBRE DE POLVO CELESTE FAMILY DOCTOR CAJA X 100 UND TALLA L;Alimentación;DESCARTABLES;SEGURIDAD;GUANTES;CAJ;11.169128;2024-10-21
GUANTE DE NITRILO LIBRE DE POLVO CELESTE FAMILY DOCTOR CAJA X 100 UND TALLA M;Alimentación;DESCARTABLES;SEGURIDAD;GUANTES;CAJ;10.966169;2024-10-21
GUANTE DE NITRILO LIBRE DE POLVO CELESTE FAMILY DOCTOR CAJA X 100 UND TALLA S;Alimentación;DESCARTABLES;SEGURIDAD;GUANTES;CAJ;10.998537;2024-08-24
GUANTE DE NITRILO LIBRE DE POLVO CELESTE FAMILY DOCTOR CAJA X 75 UND TALLA S;Alimentación;DESCARTABLES;SEGURIDAD;GUANTES;CAJ;10.62;2024-12-07
GUANTE DE NITRILO LIBRE DE POLVO CELESTE FAMILY DOCTOR CAJA X 75 UND TALLA M;Alimentación;DESCARTABLES;SEGURIDAD;GUANTES;CAJ;10.62;2024-12-01
GUANTE DE NITRILO LIBRE DE POLVO CELESTE FAMILY DOCTOR CAJA X 75 UND TALLA L;Alimentación;DESCARTABLES;SEGURIDAD;GUANTES;CAJ;10.62;2024-11-22
GUANTE DE NITRILO CELESTE MAKETTO ISUDAMERICA CAJA X 100 UND T M;Alimentación;DESCARTABLES;SEGURIDAD;GUANTES;CAJ;12.03;2025-09-12
GUANTE DE NITRILO CELESTE MAKETTO ISUDAMERICA CAJA X 100 UND T L;Alimentación;DESCARTABLES;SEGURIDAD;GUANTES;CAJ;12.03;2025-10-01
GUANTE DE NITRILO CELESTE 3.5GR MAKETTO TALLA L X100UND;Alimentación;DESCARTABLES;SEGURIDAD;GUANTES;PQT;11.29;2026-06-12
GUANTE DE VINILO M 100 UND;Alimentación;DESCARTABLES;SEGURIDAD;GUANTES;CAJ;14.85;2019-11-28
GUANTE DE NITRILO LIBRE DE POLVO 100 UND TALLA L;Alimentación;DESCARTABLES;SEGURIDAD;GUANTES;CAJ;67.5;2021-08-20
GUANTE DE NITRILO LIBRE DE POLVO 100 UND TALLA M;Alimentación;DESCARTABLES;SEGURIDAD;GUANTES;CAJ;67.4718;2021-09-15
GUANTE DE NITRILO LIBRE DE POLVO 100 UND TALLA S;Alimentación;DESCARTABLES;SEGURIDAD;GUANTES;CAJ;67.5;2021-08-20
GUANTE DE NITRILO LIBRE DE POLVO CELESTE R&G CAJ X 100 UND TALLA S;Alimentación;DESCARTABLES;SEGURIDAD;GUANTES;CAJ;74.08;2021-06-20
GUANTE DE NITRILO LIBRE DE POLVO VERDE R&G CAJA X 100 UND TALLA S;Alimentación;DESCARTABLES;SEGURIDAD;GUANTES;CAJ;95.34;2021-07-08
GUANTE DE NITRILO LIBRE DE POLVO CELESTE R&G CAJA X 100 UND TALLA M;Alimentación;DESCARTABLES;SEGURIDAD;GUANTES;CAJ;18.179;2023-05-24
GUANTE DE NITRILO LIBRE DE POLVO CELESTE R&G CAJA X 100 UND TALLA L;Alimentación;DESCARTABLES;SEGURIDAD;GUANTES;CAJ;25.594;2022-07-16
GUANTE DE NITRILO LIBRE DE POLVO VERDE R&G CAJA X 100 UND TALLA M;Alimentación;DESCARTABLES;SEGURIDAD;GUANTES;CAJ;87.059162;2020-12-13
GUANTE DE NITRILO GOLD GUARD AZUL 4500 CJ 100 UN T M;Alimentación;DESCARTABLES;SEGURIDAD;GUANTES;CAJ;67.258;2022-12-17
GUANTE DE NITRILO NINJA EXPLORER CJ 100 UN T L;Alimentación;DESCARTABLES;SEGURIDAD;GUANTES;CAJ;79.7;2021-06-20
GUANTE DE NITRILO NINJA EXPLORER CJ 100 UN T M;Alimentación;DESCARTABLES;SEGURIDAD;GUANTES;CAJ;79.7;2022-04-07
GUANTES DE NITRILO HONEYWELL CJ 100 UN T M;Alimentación;DESCARTABLES;SEGURIDAD;GUANTES;CAJ;72.591;2022-09-06
GUANTES DE NITRILO HONEYWELL CJ 100 UN T L;Alimentación;DESCARTABLES;SEGURIDAD;GUANTES;CAJ;72.591;2022-04-17
MASCARILLA 3 PLIEGUES PREMIUM VALMASK CJ 50 UN;Alimentación;DESCARTABLES;SEGURIDAD;MASCARILLAS;PQT;7.38;2022-01-08
MASCARILLA 3 PLIEGUES FAMILY DOCTOR CJ X 50 UND;Alimentación;DESCARTABLES;SEGURIDAD;MASCARILLAS;PQT;6.8;2023-03-24
MASCARILLA KN95 SHYLAR CJ 100 UN;Alimentación;DESCARTABLES;SEGURIDAD;MASCARILLAS;CAJ;115;2022-02-18
MASCARILLA ASEPTICA 50 UND;Alimentación;DESCARTABLES;SEGURIDAD;MASCARILLAS;CAJ;16.003158;2020-02-27
MASCARILLA N95 TIPO C R&G CAJA X 50 UND;Alimentación;DESCARTABLES;SEGURIDAD;MASCARILLAS;CAJ;152.54;2020-07-10
MASCARILLA 3 PLIEGUES VIC CAJA X50UND;Alimentación;DESCARTABLES;SEGURIDAD;MASCARILLAS;CAJ;106.305491;2020-08-13
PROTECTOR FACIAL WORK 0.4MM;Alimentación;PROTECCION Y SEGURIDAD;EPP;;UND;7.350028;2021-07-23
MASCARILLA KN95 GP CAJA X 10 UND;Alimentación;DESCARTABLES;SEGURIDAD;MASCARILLAS;CAJ;10;2025-08-07
MASCARILLA 3 PLIEGUES GP CJ X 50 UND;Alimentación;DESCARTABLES;SEGURIDAD;MASCARILLAS;PQT;54;2020-12-15
MASCARILLA 3 PLIEGUES FACE MASK CJ X 50 UND;Alimentación;DESCARTABLES;SEGURIDAD;MASCARILLAS;PQT;5.7;2026-09-24
MASCARILLA 3 PLIEGUES LINK TEK CJ 50 UN;Alimentación;DESCARTABLES;SEGURIDAD;MASCARILLAS;PQT;18.25;2021-04-02
MASCARILLA 3 PLIEGUES DEYSA CARE CJ 50 UN;Alimentación;DESCARTABLES;SEGURIDAD;MASCARILLAS;PQT;15.25;2021-10-01
CONTENEDOR TERMICO D4031XX CT5 200 UND;Alimentación;DESCARTABLES;TECNOPOR;ENVASES;PQT;79.16;2020-07-23
VASO POLIPAPEL 8 OZ C/DISEÑO BEBIDAS CALIENTES X MILLAR;Alimentación;DESCARTABLES;TECNOPOR;VASOS;PQT;255.597082;2024-08-18
TAPA PARA VASO POLIPAPEL 8 OZ C/DISEÑO BEBIDAS CALIENTES X MILLAR;Alimentación;DESCARTABLES;TECNOPOR;VASOS;PQT;118.77;2024-09-29
MONDADIENTES PQT X 2500 UND;Alimentación;DESCARTABLES;OTROS;;PQT;8.475;2026-07-12
MONDADIENTES BAMBÚ DOBLE PUNTA BOLSA X 250 UND;Alimentación;DESCARTABLES;OTROS;;CAJ;0.983;2025-02-24
PIROTINES PARA POSTRE #8 X MILLAR;Alimentación;DESCARTABLES;OTROS;;PQT;45.198;2026-07-12
MONDADIENTES CANDY 200 UND;Alimentación;DESCARTABLES;OTROS;;CAJ;0.77;2025-01-20
PALITOS DE BROCHETA 20 CM 100 UND;Alimentación;DESCARTABLES;OTROS;;PQT;2.39;2026-05-21
MONDADIENTES CON ENVOLTURA X MILLAR;Alimentación;DESCARTABLES;OTROS;;PQT;7.7;2023-11-29
PALITOS DE BROCHETA 24 CM MILLAR;Alimentación;DESCARTABLES;OTROS;;PQT;33;2026-04-29
CUY ENTERO CONGELADO;Alimentación;CONGELADOS;CARNES;ANIMALES MENORES;KG;47.6089;2026-07-01
ACELGA;Alimentación;REFRIGERADOS;FRUTAS Y VERDURAS;VERDURAS;KG;4.28;2026-09-13
ALAS DE POLLO CONGELADO;Alimentación;CONGELADOS;CARNES;POLLO;KG;11.731381;2026-09-17
LECHUGA AMERICANA;Alimentación;REFRIGERADOS;FRUTAS Y VERDURAS;VERDURAS;KG;5.12;2026-09-26
MOLLEJA DE POLLO CONGELADO;Alimentación;CONGELADOS;CARNES;MENUDENCIAS;KG;7.62;2020-07-21
CLEAN BY PEROXY SPARTAN 5 LITROS;Alimentación;LIMPIEZA;INSUMOS PARA LIMPIEZA;DESINFECTANTE;UND;89.43;2024-04-25
XTREME CLEAN SPARTAN 3.875 LITROS;Alimentación;LIMPIEZA;INSUMOS PARA LIMPIEZA;SACAGRASA;GLN;89.11;2024-07-06
XTREME CLEAN SPARTAN 5 LITROS;Alimentación;LIMPIEZA;INSUMOS PARA LIMPIEZA;SACAGRASA;UND;146.25;2025-11-07
SPARCLEAN RINSE AID II SPARTAN 5 LITROS;Alimentación;LIMPIEZA;INSUMOS PARA LIMPIEZA;LAVAVAJILLAS;UND;148.68;2025-01-13
SPARCLEAN CHLORINATED DETERGENT SPARTAN 5 LITROS;Alimentación;LIMPIEZA;INSUMOS PARA LIMPIEZA;LAVAVAJILLAS;UND;149.71;2025-01-13
SANIT-OX FP SPARTAN 5 LITROS;Alimentación;LIMPIEZA;INSUMOS PARA LIMPIEZA;DESINFECTANTE;UND;167.59;2026-09-13
CLORIN FP SPARTAN 5 LITROS;Alimentación;LIMPIEZA;INSUMOS PARA LIMPIEZA;DESINFECTANTE;UND;123.09;2024-06-06
XTREME CLEAN SPARTAN 19 LITROS;Alimentación;LIMPIEZA;INSUMOS PARA LIMPIEZA;SACAGRASA;BID;433.33;2024-04-25
SPARCLEAN RINSE AID II SPARTAN 19 LITROS;Alimentación;LIMPIEZA;INSUMOS PARA LIMPIEZA;LAVAVAJILLAS;BID;316.65;2024-01-24
SPARCLEAN CHLORINATED DETERGENT SPARTAN 19 LITROS;Alimentación;LIMPIEZA;INSUMOS PARA LIMPIEZA;LAVAVAJILLAS;BID;304.87;2024-04-25
CLORIN FP SPARTAN 19 LITROS;Alimentación;LIMPIEZA;INSUMOS PARA LIMPIEZA;DESINFECTANTE;BID;347.4;2024-04-25
DM 500 H PLUS FP SPARTAN 5 LITROS;Alimentación;LIMPIEZA;INSUMOS PARA LIMPIEZA;SACAGRASA;UND;91.298595;2024-02-17
WHITE CLEAN PLUS FP SPARTAN 5 LITROS;Alimentación;LIMPIEZA;INSUMOS PARA LIMPIEZA;DETERGENTES;UND;152.04;2025-09-23
FOAMING ACID CLEANER FP SPARTAN 5 LITROS;Alimentación;LIMPIEZA;INSUMOS PARA LIMPIEZA;DETERGENTES;UND;196.92;2025-11-07
LAUNDRY SPOTTING SOLUTION SPARTAN 19 LITROS;Alimentación;LIMPIEZA;INSUMOS PARA LIMPIEZA;LIMPIADORES;BID;422.31;2024-01-24
FABRIC SOFTENER SPARTAN 19 LITROS;Alimentación;LIMPIEZA;INSUMOS PARA LIMPIEZA;OTROS;BID;281.92;2024-01-24
CHLORINE BLEACH SPARTAN 19 LITROS;Alimentación;LIMPIEZA;INSUMOS PARA LIMPIEZA;OTROS;BID;269.59;2024-01-24
JABÓN ANTIBACTERIAL P/MANOS SPARTAN 4 LITROS NEUTRO;Alimentación;LIMPIEZA;HIGIENE;JABONES;GLN;46.21;2026-03-05
JABÓN LIQUIDO P/MANOS SPARTAN 4 LITROS NEUTRO;Alimentación;LIMPIEZA;HIGIENE;JABONES;GLN;38.29;2024-06-06
ALCOHOL GEL SPARTAN 4 LITROS COSMETICO NEUTRO;Alimentación;LIMPIEZA;HIGIENE;ALCOHOL GEL;GLN;72.65;2026-09-13
ALCOHOL GEL SPARTAN 6X4 LITROS COSMETICO NEUTRO;Alimentación;LIMPIEZA;HIGIENE;ALCOHOL GEL;CAJ;435.88;2024-07-26
"STRECH FILM DE GRADO ALIMENTARIO ROLLO 18"" X 1400MT X 9U";Alimentación;DESCARTABLES;PLASTICOS;OTROS;UND;117.893469;2026-09-24
BOLSA DE PAPEL KRAFT 50GR #4 (12.5X24.2X7.5) 500 UND;Alimentación;DESCARTABLES;BIODEGRADABLES;BOLSAS;PQT;46.667;2026-09-13
BOLSA DE PAPEL KRAFT 50GR #6 (14.8X28X8.5) 500 UND;Alimentación;DESCARTABLES;BIODEGRADABLES;BOLSAS;PQT;59.322;2025-08-10
BOLSA DE PAPEL KRAFT 70GR #20 (20.4X30.2X13) 500 UND;Alimentación;DESCARTABLES;BIODEGRADABLES;BOLSAS;PQT;160.565;2025-11-07
BOLSA PARA CUBIERTO FLAT KRAFT 50GR 28X8CM C/LOGO MILLAR;Alimentación;DESCARTABLES;BIODEGRADABLES;BOLSAS;PQT;48.533;2024-12-22
CUCHARA PARA CAFE BLANCA DE PLASTICO DESCARTABLE GOLAZO 100 UNID;Alimentación;DESCARTABLES;PLASTICOS;CUBIERTOS;PQT;2.056;2026-07-12
CUCHARA PARA SOPA BLANCA DE PLASTICO DESCARTABLE LA EUROPEA 50 UND;Alimentación;DESCARTABLES;PLASTICOS;CUBIERTOS;PQT;3.718;2025-01-13
ENVASE DESCARTABLE CIRCULAR PP TRANSPARENTE SIN TAPA 0.5 LT ALFA X 200 UND;Alimentación;DESCARTABLES;PLASTICOS;ENVASES;PQT;42.206;2026-09-13
ENVASE DESCARTABLE CIRCULAR PP TRANSPARENTE SIN TAPA 1 LT ALFA X 200 UND;Alimentación;DESCARTABLES;PLASTICOS;ENVASES;PQT;61.736;2026-09-17
ENVASE DESCARTABLE CIRCULAR PP TRANSPARENTE SIN TAPA 8 OZ X 400 UND;Alimentación;DESCARTABLES;PLASTICOS;ENVASES;PQT;68.061;2026-09-24
ENVASE DESCARTABLE CIRCULAR PS BLANCO SIN TAPA 0.5 LT ALFA X 200 UND;Alimentación;DESCARTABLES;PLASTICOS;ENVASES;PQT;42.206;2026-08-13
ENVASE DESCARTABLE CIRCULAR PS BLANCO SIN TAPA 1 LT ALFA X 200 UND;Alimentación;DESCARTABLES;PLASTICOS;ENVASES;PQT;61.736;2026-08-07
ENVASE DESCARTABLE RECTANGULAR TRANSPARENTE PP SIN TAPA 0.5 LT ALFA X 200 UND;Alimentación;DESCARTABLES;PLASTICOS;ENVASES;PQT;45.218;2026-09-24
ENVASE DESCARTABLE RECTANGULAR TRANSPARENTE PP SIN TAPA 1 LT ALFA X 200 UND;Alimentación;DESCARTABLES;PLASTICOS;ENVASES;PQT;56.493;2026-09-24
ENVASE SALAD BOWL DE BAMBU 1000 ML SIN TAPA X 600 UND;Alimentación;DESCARTABLES;BIODEGRADABLES;ENVASES;PQT;381.356;2025-08-14
PORTA VASOS CARTON CON LOGO PARA 2 UND X MILLAR (TIPO BANDEJA);Alimentación;DESCARTABLES;OTROS;;PQT;1075.71;2025-09-12
TAPA PARA ENVASE DESCARTABLE CIRCULAR PP TRANSPARENTE 0.5-1 LT ALFA X 200 UND;Alimentación;DESCARTABLES;PLASTICOS;ENVASES;PQT;24.631;2026-03-28
TAPA PARA ENVASE DESCARTABLE CIRCULAR PP TRANSPARENTE 8 OZ X 400 UND;Alimentación;DESCARTABLES;PLASTICOS;ENVASES;PQT;40.263;2026-09-17
TAPA PARA ENVASE DESCARTABLE CIRCULAR PS BLANCO 0.5 - 1 LT ALFA X 200 UND;Alimentación;DESCARTABLES;PLASTICOS;ENVASES;PQT;24.631;2026-09-04
TAPA PARA ENVASE DESCARTABLE RECTANGULAR TRANSPARENTE PP 0.5 LT ALFA X 200 UND;Alimentación;DESCARTABLES;PLASTICOS;ENVASES;PQT;35.443;2026-09-13
TAPA PARA ENVASE DESCARTABLE RECTANGULAR TRANSPARENTE PP 1 LT ALFA X 200 UND;Alimentación;DESCARTABLES;PLASTICOS;ENVASES;PQT;37.797;2026-09-24
TAPA PET PARA ENVASE SALAD BOWL DE BAMBU 1000 ML X 600 UND;Alimentación;DESCARTABLES;PLASTICOS;ENVASES;PQT;193.898;2025-08-14
VASO POLIPAPEL BLANCO 8 OZ MILLAR;Alimentación;DESCARTABLES;POLIPAPEL;VASOS;PQT;171.751;2026-06-12
VASO POLIPAPEL DISEÑO BEBIDAS CALIENTES 8 OZ MILLAR;Alimentación;DESCARTABLES;POLIPAPEL;VASOS;PQT;153.672;2026-08-03
GUANTE DE NITRILO LIBRE DE POLVO AZUL R&G CAJA X 100 PARES T S;Alimentación;DESCARTABLES;SEGURIDAD;GUANTES;CAJ;12.03;2024-12-22
GUANTE DE NITRILO LIBRE DE POLVO AZUL R&G CAJA X 100 PARES T M;Alimentación;DESCARTABLES;SEGURIDAD;GUANTES;CAJ;12.03;2025-04-18
GUANTE DE NITRILO LIBRE DE POLVO AZUL R&G CAJA X 100 PARES T L;Alimentación;DESCARTABLES;SEGURIDAD;GUANTES;CAJ;12.03;2025-04-18
BOLSA PARA CUBIERTO 4X10 (8.5CM X 24.10CM) ALFA X 100 UND;Alimentación;DESCARTABLES;PLASTICOS;BOLSAS;PQT;2.373;2026-09-13
BOLSA BLANCA T-SHIRT 16 X 19 EL SOL X 100 UND;Alimentación;DESCARTABLES;PLASTICOS;BOLSAS;PQT;5;2025-01-05
TOCA TIPO MEDIA CAMPANA 12 GR ISUD X100UND;Alimentación;DESCARTABLES;SEGURIDAD;GORROS;PQT;42.95;2026-09-24
TOCA SOFT BLANCA ISUD 12 GR DOS LIGAS X100UND;Alimentación;DESCARTABLES;SEGURIDAD;GORROS;PQT;6.41;2026-09-24
GUANTE DE NITRILO AZUL 4GR ISUD TALLA L X100UND;Alimentación;DESCARTABLES;SEGURIDAD;GUANTES;PQT;11.29;2026-09-17
GUANTE DE NITRILO AZUL 4GR ISUD TALLA M X100UND;Alimentación;DESCARTABLES;SEGURIDAD;GUANTES;PQT;11.29;2026-09-24
EMPANADA DE CARNE 100 GR MENU;Alimentación;PANADERIA Y PASTELERIA;PASTELERIA;PASTELERIA - FIESTRA;UND;3.08;2026-10-01
PASTA DE AJI AMARILLO RAM 1 KG;Alimentación;ABARROTES;ABARROTES 2DA NECESIDAD;PREPARADOS;BOL;11.18;2019-07-15
EMPANADA DE AJI DE POLLO 100 GR MENU;Alimentación;PANADERIA Y PASTELERIA;DULCES;;UND;2.940793;2026-10-01
EMPANADA DE AJI DE POLLO 145 GR RETAIL;Alimentación;PANADERIA Y PASTELERIA;DULCES;;UND;4.6;2026-05-10
FIESTRA EMPANADA DE CARNE 90 GR;Alimentación;CONGELADOS;OTROS;;UND;1.39;2018-07-08
FIESTRA EMPANADA MIXTA 90 GR;Alimentación;CONGELADOS;OTROS;;UND;1.66;2021-10-23
SUJETADOR PARA MASCARILLAS;Alimentación;PROTECCION Y SEGURIDAD;EPP;;UND;0.83;2021-07-23
KIT DE PECHO PARA SMARTPHONE GIRO 360;Alimentación;PROTECCION Y SEGURIDAD;;;KIT;150;2020-12-24
MAQUINA DE AFEITAR SHICK 24 UND;Alimentación;KIOSKO;KIOSKO;KIOSKO;PQT;36.6;2025-08-10
BLOQUEADOR SOLAR SACHET VISAGE DERMOSOL F-100 10GR;Alimentación;KIOSKO;KIOSKO;KIOSKO;UND;2.94;2025-06-29
BLOQUEADOR SOLAR SACHET EXTREMO DERMASOL F-50 10 GR;Alimentación;KIOSKO;KIOSKO;KIOSKO;UND;3.25;2025-07-20
SHAMPOO PANTENE 18 ML;Alimentación;KIOSKO;KIOSKO;KIOSKO;SCH;1.119511;2023-10-19
CUADERNO ESCOLAR SURCO CUADRICULADO 80 HOJAS;Alimentación;KIOSKO;KIOSKO;KIOSKO;UND;4.661;2018-12-02
LAPICERO FABER CASTELL 031-F AZUL;Alimentación;KIOSKO;KIOSKO;KIOSKO;UND;0.497;2026-09-13
LAPICERO FABER CASTELL 031- NEGRO;Alimentación;KIOSKO;KIOSKO;KIOSKO;UND;0.497;2019-06-23
"TIJERA GRANDE ARTESCO 8""";Alimentación;KIOSKO;KIOSKO;KIOSKO;UND;4.041;2026-06-12
LM-19 LAPICERO METALICO COLOR GUN;Alimentación;ATENCION AL PERSONAL;;;UND;3.35;2021-06-04
JABA PLASTICA COSECHERA AZUL;Alimentación;COCINA;JABAS;;UND;25;2024-03-31
CAJA CHICA - AZUCAR BLANCA X KG;Alimentación;CAJA CHICA;;;KG;4.203;2022-05-07
CAJA CHICA - ACEITE VEGETAL CIL X 5 LT;Alimentación;CAJA CHICA;;;BOT;24.195;2018-07-16
CAJA CHICA - FIDEO SPAGUETTY ALIANZA X KG;Alimentación;CAJA CHICA;;;KG;1.864;2022-05-07
CAJA CHICA - LECHE EN TARRO LIGHT GLORIA 400 GR;Alimentación;CAJA CHICA;;;LAT;6.5;2024-12-04
CAJA CHICA - APIO;Alimentación;CAJA CHICA;;;KG;7;2025-10-01
CAJA CHICA - CULANTRO;Alimentación;CAJA CHICA;;;KG;17;2025-10-01
CAJA CHICA - LIMON VERDE EXTRA;Alimentación;CAJA CHICA;;;KG;3.6;2020-10-14
CAJA CHICA - PAPAYA;Alimentación;CAJA CHICA;;;KG;3.094608;2018-12-01
CAJA CHICA - PIÑA SELVA;Alimentación;CAJA CHICA;;;KG;2.87601;2018-12-01
CAJA CHICA - PORO;Alimentación;CAJA CHICA;;;KG;46;2025-10-01
CAJA CHICA - ROCOTO;Alimentación;CAJA CHICA;;;KG;10;2026-08-11
CAJA CHICA - BETERRAGA FRESCA;Alimentación;CAJA CHICA;;;KG;3.08;2026-04-14
CAJA CHICA - LECHUGA AMERICANA;Alimentación;CAJA CHICA;;;KG;3;2025-09-30
CAJA CHICA - PEPINILLO;Alimentación;CAJA CHICA;;;KG;3;2022-02-24
CAJA CHICA - ZAPALLO MACRE;Alimentación;CAJA CHICA;;;KG;4.2;2023-02-26
CAJA CHICA - LENTEJA;Alimentación;CAJA CHICA;;;KG;4.5;2020-12-31
CAJA CHICA - CHOCOLATE MILKY IBERICA;Alimentación;CAJA CHICA;;;UND;1.271;2022-05-17
CAJA CHICA - CREMA CHANTILLY PURATOS;Alimentación;CAJA CHICA;;;LT;22;2025-08-13
CAJA CHICA - JARABE CHUNCHO DE GOMA 750 ML;Alimentación;CAJA CHICA;;;BOT;9;2024-11-16
CAJA CHICA - GALLETA DE VAINILLA;Alimentación;CAJA CHICA;;;UND;2.542;2022-05-07
CAJA CHICA - ENVASE DESCARTABLE RECTANGULAR C/TAPA 32 OZ 100;Alimentación;CAJA CHICA;;;PQT;63.73;2021-12-01
CAJA CHICA - GALLETA DULCE VAINILLA FIELD 37 GR;Alimentación;CAJA CHICA;;;UND;1.695;2018-09-23
CAJA CHICA - INFUSION ANIS HERBI 100 SOBRES;Alimentación;CAJA CHICA;;;CAJ;4.144;2019-07-15
CAJA CHICA - PAPEL TERMICO MONOGLUCIDO UND;Alimentación;CAJA CHICA;;;UND;0.958;2020-07-10
CAJA CHICA - HARINA ESPECIAL LUCIANO GRANEL;Alimentación;CAJA CHICA;;;KG;1.78;2020-07-21
CAJA CHICA - AJI AMARILLO ENTERO CONGELADO KG;Alimentación;CAJA CHICA;;;KG;12;2023-02-26
CAJA CHICA - DURAZNO EN ALMIBAR ACONCAGUA 822 GR;Alimentación;CAJA CHICA;;;UND;8.475;2022-05-07
CAJA CHICA - LIMPIA VIDRIO INDUSTRIAL 4LT;Alimentación;CAJA CHICA;;;UND;5.508;2018-12-02
CAJA CHICA - PAPEL TOALLA PRE CORTADO SCOTT COCINA 3 ROLLO;Alimentación;CAJA CHICA;;;UND;4.661;2020-07-21
CAJA CHICA - PASTILLAS DESODORANTE PARA BAÑO DE COLOR LEONOS;Alimentación;CAJA CHICA;;;UND;1.271;2019-01-08
CAJA CHICA - PAPEL TOALLA AIRFLEX SCOTT 2P 24 X 150UND;Alimentación;CAJA CHICA;;;UND;9.04;2020-07-21
CAJA CHICA - HISOPO PARA BAÑO;Alimentación;CAJA CHICA;;;UND;5.924;2020-07-08
CAJA CHICA - ARROZ EXTRA;Alimentación;CAJA CHICA;;;KG;3.5;2022-05-17
CAJA CHICA - ATUN TROZOS STARKITS 170 GR;Alimentación;CAJA CHICA;;;LAT;3.051;2022-05-17
CAJA CHICA - CHOCOLATE DE TAZA 90 GR;Alimentación;CAJA CHICA;;;UND;10;2024-12-30
CAJA CHICA - ESPONJA DE METAL;Alimentación;CAJA CHICA;;;UND;1.356;2019-02-24
CAJA CHICA - GASEOSA COCA COLA 500 ML;Alimentación;CAJA CHICA;;;BOT;2.472;2024-07-14
CAJA CHICA - GASEOSA INCA KOLA 500 ML;Alimentación;CAJA CHICA;;;BOT;2.472;2024-07-14
CAJA CHICA - MAICENA GRANEL KG;Alimentación;CAJA CHICA;;;KG;5.508;2020-07-15
CAJA CHICA - MANZANA ROYAL;Alimentación;CAJA CHICA;;;KG;3.814;2020-07-15
CAJA CHICA - REPUESTO DE PULVERIZADOR (GATILLO);Alimentación;CAJA CHICA;;;UND;4.89;2020-07-08
CAJA CHICA - CAFÉ INSTANTANEO NESCAFÉ TRADICION 200 GR;Alimentación;CAJA CHICA;;;LAT;6.356;2018-09-25
CAJA CHICA - POP CORN NATURAL MICROONDAS;Alimentación;CAJA CHICA;;;UND;4.661;2022-06-13
CAJA CHICA - BOLSAS NEGRAS 15 LT X 100 UND;Alimentación;CAJA CHICA;;;PQT;8.475;2020-07-15
CAJA CHICA - CUCHARA PARA SOPA X 50 UND;Alimentación;CAJA CHICA;;;BOL;2.119;2024-11-14
CAJA CHICA - ENVASES DESCARTABLES C/ TAPA 25 UND;Alimentación;CAJA CHICA;;;PQT;31.864;2021-11-25
CAJA CHICA - NUEZ MOSCADA MOLIDA BADIA 2 OZ;Alimentación;CAJA CHICA;;;FCO;4.271;2024-08-18
CAJA CHICA - POLVO DE HORNEAR FLEISCHMAN 20 GR;Alimentación;CAJA CHICA;;;SOB;0.847;2018-10-01
CAJA CHICA - PULVERIZADOR PLASTICO 750 ML;Alimentación;CAJA CHICA;;;UND;0.602;2020-07-08
CAJA CHICA - TRAPEADOR C/BASE PLASTICO DARITZ;Alimentación;CAJA CHICA;;;UND;7.1185;2020-07-10
CAJA CHICA - CREMOR TARTARO BADIA X 907.2;Alimentación;CAJA CHICA;;;FCO;3.39;2022-05-07
CAJA CHICA - AGUA VIDA X 20 LT;Alimentación;CAJA CHICA;;;CAJ;18;2019-11-12
CAJA CHICA - AZUCAR IMPALPABLE LEVAPAN KG;Alimentación;CAJA CHICA;;;KG;12.712;2021-02-07
CAJA CHICA - BOLSA PLASTICA RESELLABLE ZIPLOC X 50 UND;Alimentación;CAJA CHICA;;;PQT;6.686;2018-12-01
CAJA CHICA - CAFE INSTANTANEO NESCAFE TRADICION X 200 GR;Alimentación;CAJA CHICA;;;UND;9.737;2019-07-15
CAJA CHICA - CARBON VEGETAL NATURAL;Alimentación;CAJA CHICA;;;KG;24.575;2024-05-15
CAJA CHICA - CHOCOLATE NEGRO SUBLIME 32 GR;Alimentación;CAJA CHICA;;;UND;1.356;2022-06-09
CAJA CHICA - CHOCOLATE RELLENO VIZZIO COSTA 24 GR;Alimentación;CAJA CHICA;;;UND;1.788;2022-06-09
CAJA CHICA - CHUÑO TOÑA X KG;Alimentación;CAJA CHICA;;;KG;8.475;2021-02-07
CAJA CHICA - COMINO MOLIDO TOÑA;Alimentación;CAJA CHICA;;;KG;16.102;2018-07-16
CAJA CHICA - ESCOBILLA PARA ROPA;Alimentación;CAJA CHICA;;;UND;2.119;2018-12-02
CAJA CHICA - FIDEO CANUTO NICOLINI X 250 GR;Alimentación;CAJA CHICA;;;UND;0.932;2022-05-17
CAJA CHICA - FIDEO RIGATONI NICOLINI 250 GR;Alimentación;CAJA CHICA;;;UND;0.932;2022-05-07
CAJA CHICA - FIDEO SPAGHETI NICOLINI X 10 KG;Alimentación;CAJA CHICA;;;UND;42.37;2025-06-17
CAJA CHICA - GALLETA TENTACION;Alimentación;CAJA CHICA;;;UND;0.4835;2018-12-01
CAJA CHICA - GELATINA A GRANEL;Alimentación;CAJA CHICA;;;UND;2.975;2022-05-17
CAJA CHICA - LECHE EVAPORADA LAIVE FAMILIA 500 ML;Alimentación;CAJA CHICA;;;UND;2.083;2019-11-24
CAJA CHICA - MAYONESA ALACENA X 1000 CC;Alimentación;CAJA CHICA;;;UND;13.212;2019-07-25
CAJA CHICA - PAPEL HIGIENICO SCOTT;Alimentación;CAJA CHICA;;;UND;0.805;2020-07-19
CAJA CHICA - PLASTI FILM;Alimentación;CAJA CHICA;;;UND;15.898;2018-07-25
CAJA CHICA - QUINUA X 5KG;Alimentación;CAJA CHICA;;;BOL;8.305;2019-07-16
CAJA CHICA - SEMOLA SAYON KG;Alimentación;CAJA CHICA;;;KG;2.797;2019-05-29
CAJA CHICA - HUEVO ROSADO;Alimentación;CAJA CHICA;;;KG;15.2538;2023-02-21
CAJA CHICA - ACEITUNA NEGRA;Alimentación;CAJA CHICA;;;KG;10.169;2019-02-06
CAJA CHICA - HUEVO DE CODORNIZ;Alimentación;CAJA CHICA;;;PQT;15.678;2024-05-17
CAJA CHICA - ROSCA CON OREGANO;Alimentación;CAJA CHICA;;;UND;0.65;2025-01-21
CAJA CHICA - COBERTURA DE LECHE;Alimentación;CAJA CHICA;;;KG;13.925;2025-01-01
CAJA CHICA - FRESA;Alimentación;CAJA CHICA;;;KG;10.171;2025-01-01
CAJA CHICA - CREMA DE LECHE X 1 LT;Alimentación;CAJA CHICA;;;CAJ;3.6;2024-12-04
CAJA CHICA - INFUSION MANZANILLA X 100 UND;Alimentación;CAJA CHICA;;;CAJ;4.661;2018-07-18
CAJA CHICA - PAN BLANCO GRANDE X 650 GR;Alimentación;CAJA CHICA;;;POT;6.356;2020-01-07
CAJA CHICA - AJO FRESCO;Alimentación;CAJA CHICA;;;KG;13;2026-02-04
CAJA CHICA - PAN BLANCO MEDIANO X 480 GR;Alimentación;CAJA CHICA;;;PQT;5;2023-02-26
CAJA CHICA - POP CORN A GRANEL - MAIZ PERLITA;Alimentación;CAJA CHICA;;;KG;4.661;2026-07-20
CAJA CHICA - PAPA CANCHAN;Alimentación;CAJA CHICA;;;KG;1.6;2024-06-21
CAJA CHICA - ZANAHORIA BB;Alimentación;CAJA CHICA;;;KG;3;2026-04-14
CAJA CHICA - QUESO EDAM HUACARIZ KG;Alimentación;CAJA CHICA;;;KG;4.24;2024-03-19
CAJA CHICA - LECHE UHT LIGHT GLORIA LT;Alimentación;CAJA CHICA;;;UND;6.5;2024-12-04
CAJA CHICA - ACEITUNA POTE 250 GR;Alimentación;CAJA CHICA;;;UND;6.3;2024-11-27
CAJA CHICA - MANJAR DE MESA 250 GR;Alimentación;CAJA CHICA;;;UND;3.0295;2019-02-24
CAJA CHICA - CULANTRO;Alimentación;CAJA CHICA;;;KG;6;2026-08-11
CAJA CHICA - CULANTRO CRESPO;Alimentación;CAJA CHICA;;;KG;5.8;2026-08-11
CAJA CHICA - CEREAL ANGEL COPIX 170 GR;Alimentación;CAJA CHICA;;;CAJ;2.483;2022-05-07
CAJA CHICA - FILM PLASTICO 18 X 5000;Alimentación;CAJA CHICA;;;RLL;21.186;2018-10-17
CAJA CHICA - ENVASE PLASTICO REDONDO C/TAPA 250 CC;Alimentación;CAJA CHICA;;;UND;0.156;2020-06-01
CAJA CHICA - BEBIDA REHIDRATANTE AZUL POWERADE 473 ML;Alimentación;CAJA CHICA;;;BOT;2.119;2019-03-05
CAJA CHICA - BEBIDA REHIDRATANTE FRUTILLA POWERADE 473 ML;Alimentación;CAJA CHICA;;;BOT;1.864;2021-08-23
CAJA CHICA - ALCOHOL INDUSTRIAL 70º 4 LT;Alimentación;CAJA CHICA;;;GLN;16.712;2020-07-08
CAJA CHICA - BOLSA PARA CUBIERTO 3 X 10 100 UND;Alimentación;CAJA CHICA;;;PQT;2.5;2025-01-23
CAJA CHICA - GALLETA INTEGRAL INTEGRACKERS MIEL;Alimentación;CAJA CHICA;;;UND;0.446;2019-04-08
CAJA CHICA - PAPEL MANTECA RESMA 450 UND;Alimentación;CAJA CHICA;;;PQT;28.5;2024-12-15
CAJA CHICA - COBERTURA BITTER NEGRO;Alimentación;CAJA CHICA;;;CAJ;35.592;2026-07-20
CAJA CHICA - GALLETA INTEGRAL C/SALVADO;Alimentación;CAJA CHICA;;;UND;0.339;2019-04-08
CAJA CHICA - PIQUEO SNACK 53 GR FRITO LAY;Alimentación;CAJA CHICA;;;UND;1.814;2022-06-09
CAJA CHICA - FRANELA 50 X 60;Alimentación;CAJA CHICA;;;UND;5;2018-12-02
CAJA CHICA - LIMON VERDE;Alimentación;CAJA CHICA;;;KG;8;2025-09-30
CAJA CHICA - AGUA SAN MATEO 600 ML;Alimentación;CAJA CHICA;;;BOT;1.413;2022-05-17
CAJA CHICA - MANDARINA CON PEPA;Alimentación;CAJA CHICA;;;KG;4.25;2024-05-17
CAJA CHICA - LECHE CONDENSADA LATA 397 ML;Alimentación;CAJA CHICA;;;LAT;6.525;2023-09-09
CAJA CHICA - FINAS HIERBAS;Alimentación;CAJA CHICA;;;UND;5.4;2026-04-14
CAJA CHICA - QUESO EDAM REFRIGERADO;Alimentación;CAJA CHICA;;;KG;4.66;2024-03-19
CAJA CHICA - JUGO DE PIÑA GLORIA 1 LT;Alimentación;CAJA CHICA;;;CAJ;3.585;2022-05-07
CAJA CHICA - JABON DE TOCADOR 90 GR;Alimentación;CAJA CHICA;;;BAR;1.441;2018-12-16
CAJA CHICA - PAPEL TOALLA NATURAL JUMBO SCOTT 200 MT;Alimentación;CAJA CHICA;;;RLL;4.915;2018-11-26
CAJA CHICA - CEREAL GOLDEN BAR 21 GR;Alimentación;CAJA CHICA;;;UND;0.686;2022-05-07
CAJA CHICA - JABON PARA ROPA 260 GR;Alimentación;CAJA CHICA;;;BAR;1.653;2019-04-01
CAJA CHICA - MONDADIENTES 200 UND;Alimentación;CAJA CHICA;;;CAJ;0.848;2023-03-08
CAJA CHICA - JUGO DE DURAZNO GLORIA 1 LT;Alimentación;CAJA CHICA;;;CAJ;3.585;2022-05-07
CAJA CHICA - JUGO DE NARANJA GLORIA 1 LT;Alimentación;CAJA CHICA;;;CAJ;3.585;2022-05-07
CAJA CHICA - MANZANA DELICIA;Alimentación;CAJA CHICA;;;KG;3.75;2024-05-17
CAJA CHICA - OLLUCO ENTERO REFRIGERADO;Alimentación;CAJA CHICA;;;KG;3.22;2019-02-11
CAJA CHICA - ALCOHOL GEL SACHET 800 ML;Alimentación;CAJA CHICA;;;UND;11.017;2020-07-10
CAJA CHICA - FIDEO PARA SOPA X 250 GR;Alimentación;CAJA CHICA;;;PQT;0.932;2022-05-17
CAJA CHICA - AJI CON HUACATAY;Alimentación;CAJA CHICA;;;KG;5;2026-08-11
CAJA CHICA - JUGO DE MANGO X 200 ML;Alimentación;CAJA CHICA;;;UND;3.585;2022-05-07
CAJA CHICA - CERA LIQUIDA ROJA 4 LT;Alimentación;CAJA CHICA;;;GLN;32.52125;2018-12-02
CAJA CHICA - CERA EN PASTA AMARILLA LT;Alimentación;CAJA CHICA;;;BOT;37.712;2019-01-08
CAJA CHICA - ACEITE VEGETAL LT;Alimentación;CAJA CHICA;;;LT;5.554;2020-07-19
CAJA CHICA - EDULCORANTE X 50 UND;Alimentación;CAJA CHICA;;;CAJ;11.864;2019-01-08
CAJA CHICA - PIMIENTA SACHET SODEXO 10 GR;Alimentación;CAJA CHICA;;;UND;2.542;2025-04-16
CAJA CHICA - CERA AL AGUA 3.8 LT;Alimentación;CAJA CHICA;;;GLN;11.78;2019-04-01
CAJA CHICA - PAN BIMBO BLANCO X 650 GR;Alimentación;CAJA CHICA;;;UND;9.58;2022-05-20
CAJA CHICA - PAN BIMBO INTEGRAL 100% PREB-MED X 480 GR;Alimentación;CAJA CHICA;;;UND;9.24;2023-03-14
CAJA CHICA - LECHE GLORIA X 410 ML;Alimentación;CAJA CHICA;;;LAT;4.1;2024-12-04
CAJA CHICA - ARVEJA PELADA;Alimentación;CAJA CHICA;;;KG;2;2024-05-15
CAJA CHICA - CEBOLLA ROJA;Alimentación;CAJA CHICA;;;KG;1.5;2023-03-08
CAJA CHICA - ACEITUNA;Alimentación;CAJA CHICA;;;KG;10.23;2024-11-27
CAJA CHICA - AZUCAR FINA;Alimentación;CAJA CHICA;;;KG;4.203;2022-05-17
CAJA CHICA - PALTA;Alimentación;CAJA CHICA;;;KG;5;2024-05-15
CAJA CHICA - TOMATE;Alimentación;CAJA CHICA;;;KG;3.25;2022-02-24
CAJA CHICA - QUESO FRESCO;Alimentación;CAJA CHICA;;;KG;10;2023-02-26
CAJA CHICA - PORO FITZ;Alimentación;CAJA CHICA;;;KG;0.9;2024-01-28
CAJA CHICA - PANES VARIOS;Alimentación;CAJA CHICA;;;KG;6.356;2019-06-24
CAJA CHICA - CEBOLLA CHINA;Alimentación;CAJA CHICA;;;KG;9;2026-08-11
CAJA CHICA -PLATANO DE SEDA;Alimentación;CAJA CHICA;;;KG;2.195;2019-06-21
CAJA CHICA - BARRA DE CHOCOLATE Y GRANOLA;Alimentación;CAJA CHICA;;;UND;10;2025-11-13
CAJA CHICA - CACAO Y LUCUMA NIBS;Alimentación;CAJA CHICA;;;UND;50.847;2026-08-08
CAJA CHICA - HISOPO CON BASE;Alimentación;CAJA CHICA;;;UND;6.75652;2020-07-10
CAJA CHICA - SILICONA CRISTAL 3.8 LT;Alimentación;CAJA CHICA;;;GLN;4.78;2020-07-10
CAJA CHICA - PIMENTON ROJO;Alimentación;CAJA CHICA;;;KG;5.932;2018-11-26
CAJA CHICA - MANTEQUILLA CON SAL GLORIA 10 GR;Alimentación;CAJA CHICA;;;UND;39.822;2021-11-27
CAJA CHICA - LEJIA SAPOLIO X 2 KG;Alimentación;CAJA CHICA;;;KG;5.508;2018-12-02
CAJA CHICA - SERVILLETAS DOBLADAS X 50 UND;Alimentación;CAJA CHICA;;;PQT;2.627;2021-02-25
CAJA CHICA - JUEGO DE CUBIERTOS DESCARTABLES BELLAMESA;Alimentación;CAJA CHICA;;;PQT;3.5;2025-01-23
CAJA CHICA - PATO TANQUE SAPOLIO;Alimentación;CAJA CHICA;;;UND;4.068;2019-01-08
CAJA CHICA - KEKE MARMOLEADO BIMBO X 400 GR;Alimentación;CAJA CHICA;;;UND;0.839;2019-02-17
CAJA CHICA - QUESO PARIA BONLE X KG;Alimentación;CAJA CHICA;;;KG;16.737;2018-07-18
CAJA CHICA - PAN A GRANEL X KG;Alimentación;CAJA CHICA;;;KG;0.198;2019-09-21
CAJA CHICA - FRUGOS CASERO NARANJA X LT;Alimentación;CAJA CHICA;;;BOT;3.585;2022-05-17
CAJA CHICA - QUESO PARMESANO LAIVE X KG;Alimentación;CAJA CHICA;;;KG;4.66;2024-03-19
CAJA CHICA - LECHUGA ORGANICA;Alimentación;CAJA CHICA;;;KG;3.857;2025-09-30
CAJA CHICA - CEREAL GRANOLA X 200GR;Alimentación;CAJA CHICA;;;CAJ;2.483;2022-05-17
CAJA CHICA - GASEOSA FANTA X 500 ML;Alimentación;CAJA CHICA;;;BOT;2.119;2021-08-23
CAJA CHICA - CHUPETIN BON BON BUN X 24 UND;Alimentación;CAJA CHICA;;;BOL;10.169;2018-12-01
CAJA CHICA - CHUPETIN GLOBO POP SURTIDO X 24 UND;Alimentación;CAJA CHICA;;;BOL;6.822;2022-04-01
CAJA CHICA - GALLETA RELLENA COCO X 24 GR X 6 UND;Alimentación;CAJA CHICA;;;PQT;2.966;2022-05-17
CAJA CHICA - GALLETA SODA V VICTORIA X 34 GR X 6 UND;Alimentación;CAJA CHICA;;;PQT;2.797;2022-05-17
CAJA CHICA - MINI CHIN CHIN X 32 UND;Alimentación;CAJA CHICA;;;BOL;0.856;2022-04-01
CAJA CHICA - PAPA LAYS POLLO A LA BRASA X 16 GR;Alimentación;CAJA CHICA;;;BOL;1.729;2022-06-09
AJUAR DE BEBE 5 PIEZAS CON LOGOS SODEXO;Ambos;ATENCION AL PERSONAL;;;UND;62;2021-05-29
CAJA CHICA - CALDO DE GALLINA DOÑA GUSTA X 500 GR;Alimentación;CAJA CHICA;;;UND;0.249;2020-07-10
CAJA CHICA - JABON ANTIBACTERIAL PROTEX 75 GR;Alimentación;CAJA CHICA;;;UND;1.212;2020-07-10
CAJA CHICA - AGUA SAN LUIS S/GAS X 625 ML;Alimentación;CAJA CHICA;;;UND;1.243;2023-07-02
CAJA CHICA - KEKE BIMBOLETE;Alimentación;CAJA CHICA;;;UND;0.839;2019-02-17
CAJA CHICA - ALMENDRA NATURAL X 180 GR;Alimentación;CAJA CHICA;;;BOL;4.92;2022-10-31
CAJA CHICA - YOGURT GLORIA X 500 ML;Alimentación;CAJA CHICA;;;UND;3.22;2023-03-08
CAJA CHICA - CAMOTE X KG;Alimentación;CAJA CHICA;;;KG;2.8;2021-12-01
CAJA CHICA - CASTAÑA X 500 GR;Alimentación;CAJA CHICA;;;GR;5.39;2022-10-31
CAJA CHICA - MASA HOJALDRE X KG;Alimentación;CAJA CHICA;;;KG;12;2025-01-01
CAJA CHICA - OLLUCO X KG;Alimentación;CAJA CHICA;;;KG;3.5;2021-11-15
CAJA CHICA - PAPA BLANCA X KG;Alimentación;CAJA CHICA;;;KG;2.64;2023-02-26
CAJA CHICA - QUESO CREAM CHEESE DELICE CAJA 227 GR;Alimentación;CAJA CHICA;;;GR;7.63;2024-03-19
CAJA CHICA - RABANITO X KG;Alimentación;CAJA CHICA;;;KG;0.9;2024-01-28
CAJA CHICA - AZUCAR SACHET DE 5 GR;Alimentación;CAJA CHICA;;;UND;35.237;2021-10-05
CAJA CHICA - LECHE IDEAL AMANECER SIX PACK;Alimentación;CAJA CHICA;;;LT;3.39;2022-05-17
CAJA CHICA - COLORANTE A LA GRASA FRATELLO X 5 GR;Alimentación;CAJA CHICA;;;FCO;3.8;2025-01-01
CAJA CHICA - COLORANTE A LA GRASA FRATELLO X 5 GR;Alimentación;CAJA CHICA;;;FCO;1.2;2025-01-01
CAJA CHICA - ESPINACA;Alimentación;CAJA CHICA;;;KG;10;2026-08-11
CAJA CHICA - VAINITA FRESCA;Alimentación;CAJA CHICA;;;KG;6;2022-02-24
CAJA CHICA - GALLETA CHOCOSODA;Alimentación;CAJA CHICA;;;PQT;1.949;2022-04-01
CAJA CHICA - ALMENDRA X 80 GR;Alimentación;CAJA CHICA;;;GR;4.915;2024-08-18
CAJA CHICA - LEJIA SAPOLIO 1LT;Alimentación;CAJA CHICA;;;BOT;2.967;2024-05-15
